     10.00   -36.9828
     20.00   -36.6790
     30.00   -36.7045
     40.00   -37.2391
     50.00   -37.1992
     60.00   -36.8050
     70.00   -37.0136
     80.00   -37.0073
     90.00   -37.4284
    100.00   -37.5600
    110.00   -37.0472
    120.00   -36.6276
    130.00   -37.5760
    140.00   -37.2679
    150.00   -37.1667
    160.00   -36.8272
    170.00   -36.5032
    180.00   -37.5402
    190.00   -37.1997
    200.00   -37.2717
    210.00   -36.6779
    220.00   -36.6483
    230.00   -37.0144
    240.00   -36.6111
    250.00   -36.4997
    260.00   -37.6574
    270.00   -37.3041
    280.00   -37.0566
    290.00   -37.3138
    300.00   -37.1947
    310.00   -36.7552
    320.00   -36.7756
    330.00   -37.3955
    340.00   -36.7325
    350.00   -37.0028
    360.00   -36.9813
    370.00   -37.2454
    380.00   -37.1433
    390.00   -36.5488
    400.00   -36.5906
    410.00   -36.7009
    420.00   -36.9161
    430.00   -37.0878
    440.00   -36.9019
    450.00   -37.2444
    460.00   -36.9206
    470.00   -36.9902
    480.00   -36.5115
    490.00   -36.9561
    500.00   -37.2277
    510.00   -37.0622
    520.00   -37.0066
    530.00   -37.1350
    540.00   -36.4355
    550.00   -37.0648
    560.00   -37.4571
    570.00   -36.7495
    580.00   -36.7091
    590.00   -37.1548
    600.00   -37.3028
    610.00   -36.8692
    620.00   -36.9133
    630.00   -36.5878
    640.00   -37.1776
    650.00   -37.0520
    660.00   -37.1945
    670.00   -37.1704
    680.00   -36.9026
    690.00   -37.0484
    700.00   -36.9983
    710.00   -36.8073
    720.00   -37.2789
    730.00   -36.5616
    740.00   -36.8150
    750.00   -36.8926
    760.00   -37.2387
    770.00   -37.0450
    780.00   -36.9856
    790.00   -37.1793
    800.00   -36.7895
    810.00   -36.6977
    820.00   -37.3073
    830.00   -37.3132
    840.00   -36.7542
    850.00   -36.9064
    860.00   -36.9759
    870.00   -37.1771
    880.00   -37.7176
    890.00   -36.8172
    900.00   -36.3769
    910.00   -36.9771
    920.00   -36.8412
    930.00   -36.5736
    940.00   -36.6544
    950.00   -36.7979
    960.00   -37.0504
    970.00   -37.2406
    980.00   -37.2172
    990.00   -37.0556
   1000.00   -36.5938
   1010.00   -37.0713
   1020.00   -37.1751
   1030.00   -36.8140
   1040.00   -36.8738
   1050.00   -36.8191
   1060.00   -37.3023
   1070.00   -37.1580
   1080.00   -37.1998
   1090.00   -37.1252
   1100.00   -37.4482
   1110.00   -37.1472
   1120.00   -37.2774
   1130.00   -37.3914
   1140.00   -37.0759
   1150.00   -37.2753
   1160.00   -37.0096
   1170.00   -37.1237
   1180.00   -36.9937
   1190.00   -37.2194
   1200.00   -36.9347
   1210.00   -37.2962
   1220.00   -36.5290
   1230.00   -37.1560
   1240.00   -37.2105
   1250.00   -36.8150
   1260.00   -37.3646
   1270.00   -37.1652
   1280.00   -36.9074
   1290.00   -37.2049
   1300.00   -37.3453
   1310.00   -37.2185
   1320.00   -37.0468
   1330.00   -37.3539
   1340.00   -37.4295
   1350.00   -36.9769
   1360.00   -37.2451
   1370.00   -36.9051
   1380.00   -36.4255
   1390.00   -37.0082
   1400.00   -37.3050
   1410.00   -36.6494
   1420.00   -37.0766
   1430.00   -36.6813
   1440.00   -36.8350
   1450.00   -36.7888
   1460.00   -36.5822
   1470.00   -36.6420
   1480.00   -36.9863
   1490.00   -36.7306
   1500.00   -36.5203
   1510.00   -36.9438
   1520.00   -36.7282
   1530.00   -37.0940
   1540.00   -36.8269
   1550.00   -37.0880
   1560.00   -36.8992
   1570.00   -36.8397
   1580.00   -37.1943
   1590.00   -36.9464
   1600.00   -37.1528
   1610.00   -36.8521
   1620.00   -36.5926
   1630.00   -37.0813
   1640.00   -37.1441
   1650.00   -37.2525
   1660.00   -37.1304
   1670.00   -36.9002
   1680.00   -37.2476
   1690.00   -36.9010
   1700.00   -37.3348
   1710.00   -36.5752
   1720.00   -37.1697
   1730.00   -36.5356
   1740.00   -36.2873
   1750.00   -37.1810
   1760.00   -36.5911
   1770.00   -37.3149
   1780.00   -37.0391
   1790.00   -36.9138
   1800.00   -37.2999
   1810.00   -36.9928
   1820.00   -37.2917
   1830.00   -37.3700
   1840.00   -37.1846
   1850.00   -37.0544
   1860.00   -37.1991
   1870.00   -37.2149
   1880.00   -36.9568
   1890.00   -36.6416
   1900.00   -36.9380
   1910.00   -36.7363
   1920.00   -36.8741
   1930.00   -36.9291
   1940.00   -36.9755
   1950.00   -36.8901
   1960.00   -37.0273
   1970.00   -36.6709
   1980.00   -36.7950
   1990.00   -37.5808
   2000.00   -37.0295
   2010.00   -36.5464
   2020.00   -36.8066
   2030.00   -37.1961
   2040.00   -36.9247
   2050.00   -37.2230
   2060.00   -36.5931
   2070.00   -36.8020
   2080.00   -36.8181
   2090.00   -37.1393
   2100.00   -36.7934
   2110.00   -37.1736
   2120.00   -37.0531
   2130.00   -36.9249
   2140.00   -37.2133
   2150.00   -37.2884
   2160.00   -37.3125
   2170.00   -37.2797
   2180.00   -37.0262
   2190.00   -36.4996
   2200.00   -37.4017
   2210.00   -37.2021
   2220.00   -36.7472
   2230.00   -37.0597
   2240.00   -37.2290
   2250.00   -37.2226
   2260.00   -36.7295
   2270.00   -36.8390
   2280.00   -36.9005
   2290.00   -37.1781
   2300.00   -37.6231
   2310.00   -36.8148
   2320.00   -37.1509
   2330.00   -36.6090
   2340.00   -37.0666
   2350.00   -37.0340
   2360.00   -36.8482
   2370.00   -37.1049
   2380.00   -36.5358
   2390.00   -36.9791
   2400.00   -36.9122
   2410.00   -37.5517
   2420.00   -37.1570
   2430.00   -37.1542
   2440.00   -37.0914
   2450.00   -36.7494
   2460.00   -37.2332
   2470.00   -37.0007
   2480.00   -37.2836
   2490.00   -37.1048
   2500.00   -37.5317
   2510.00   -36.5658
   2520.00   -36.8332
   2530.00   -36.7518
   2540.00   -37.5802
   2550.00   -36.9074
   2560.00   -36.6532
   2570.00   -36.8795
   2580.00   -37.1813
   2590.00   -37.2485
   2600.00   -37.1540
   2610.00   -37.2399
   2620.00   -36.9540
   2630.00   -36.7785
   2640.00   -37.2226
   2650.00   -36.7519
   2660.00   -37.6106
   2670.00   -36.7929
   2680.00   -36.8606
   2690.00   -37.0674
   2700.00   -37.3073
   2710.00   -36.8144
   2720.00   -37.4169
   2730.00   -36.4643
   2740.00   -37.1556
   2750.00   -37.1569
   2760.00   -36.9099
   2770.00   -37.5981
   2780.00   -37.1784
   2790.00   -37.1433
   2800.00   -36.7732
   2810.00   -36.8546
   2820.00   -36.6852
   2830.00   -36.7778
   2840.00   -37.3877
   2850.00   -36.9965
   2860.00   -36.8624
   2870.00   -37.2727
   2880.00   -36.7753
   2890.00   -36.9036
   2900.00   -36.6909
   2910.00   -36.8536
   2920.00   -37.2208
   2930.00   -37.2006
   2940.00   -37.0149
   2950.00   -36.8819
   2960.00   -37.2807
   2970.00   -36.6670
   2980.00   -37.0311
   2990.00   -36.8982
   3000.00   -37.3292
   3010.00   -37.4160
   3020.00   -36.9809
   3030.00   -36.6069
   3040.00   -37.5769
   3050.00   -36.5537
   3060.00   -37.3717
   3070.00   -36.7826
   3080.00   -37.2356
   3090.00   -36.9901
   3100.00   -37.4419
   3110.00   -37.2605
   3120.00   -36.5246
   3130.00   -36.4077
   3140.00   -36.9040
   3150.00   -36.8049
   3160.00   -36.9409
   3170.00   -36.7960
   3180.00   -37.0194
   3190.00   -37.4975
   3200.00   -36.9606
   3210.00   -36.7405
   3220.00   -36.8116
   3230.00   -37.1945
   3240.00   -36.9617
   3250.00   -36.9274
   3260.00   -36.8190
   3270.00   -37.2991
   3280.00   -36.8185
   3290.00   -37.0088
   3300.00   -36.9330
   3310.00   -36.6188
   3320.00   -36.9233
   3330.00   -36.9912
   3340.00   -37.1936
   3350.00   -37.2475
   3360.00   -37.6138
   3370.00   -36.9069
   3380.00   -37.1291
   3390.00   -36.7046
   3400.00   -37.1686
   3410.00   -36.5862
   3420.00   -37.3210
   3430.00   -36.4710
   3440.00   -36.7461
   3450.00   -37.5584
   3460.00   -36.2788
   3470.00   -36.5121
   3480.00   -37.0875
   3490.00   -37.0084
   3500.00   -36.5850
   3510.00   -36.9680
   3520.00   -37.0389
   3530.00   -37.0880
   3540.00   -37.1707
   3550.00   -36.9095
   3560.00   -36.9510
   3570.00   -36.9803
   3580.00   -37.3275
   3590.00   -37.2479
   3600.00   -36.7958
   3610.00   -37.2589
   3620.00   -37.0597
   3630.00   -37.1317
   3640.00   -36.8945
   3650.00   -36.5346
   3660.00   -37.1468
   3670.00   -36.6071
   3680.00   -37.2248
   3690.00   -37.1181
   3700.00   -37.0635
   3710.00   -37.3471
   3720.00   -36.6186
   3730.00   -37.3825
   3740.00   -37.1998
   3750.00   -36.8264
   3760.00   -36.8634
   3770.00   -36.9442
   3780.00   -36.7103
   3790.00   -37.4233
   3800.00   -37.1773
   3810.00   -37.1040
   3820.00   -37.5196
   3830.00   -36.9115
   3840.00   -36.2135
   3850.00   -37.2017
   3860.00   -37.2947
   3870.00   -36.8039
   3880.00   -37.0894
   3890.00   -36.4946
   3900.00   -36.7201
   3910.00   -37.0804
   3920.00   -37.0098
   3930.00   -37.2681
   3940.00   -37.5366
   3950.00   -36.8738
   3960.00   -36.4404
   3970.00   -36.4574
   3980.00   -37.0402
   3990.00   -37.3172
   4000.00   -36.8384
   4010.00   -36.7271
   4020.00   -36.4488
   4030.00   -37.4749
   4040.00   -36.9321
   4050.00   -37.2532
   4060.00   -36.4087
   4070.00   -37.1184
   4080.00   -37.5322
   4090.00   -37.4705
   4100.00   -36.7161
   4110.00   -37.0030
   4120.00   -37.6093
   4130.00   -37.2122
   4140.00   -36.7091
   4150.00   -36.6677
   4160.00   -36.7690
   4170.00   -36.8309
   4180.00   -36.7406
   4190.00   -36.9455
   4200.00   -36.8152
   4210.00   -36.7430
   4220.00   -37.5367
   4230.00   -36.1411
   4240.00   -37.4041
   4250.00   -36.5160
   4260.00   -36.8290
   4270.00   -36.7661
   4280.00   -37.1327
   4290.00   -37.3929
   4300.00   -37.0117
   4310.00   -36.8263
   4320.00   -36.9675
   4330.00   -37.2335
   4340.00   -37.8726
   4350.00   -37.0582
   4360.00   -36.8013
   4370.00   -36.7351
   4380.00   -37.3921
   4390.00   -37.4410
   4400.00   -37.1274
   4410.00   -37.2281
   4420.00   -36.5453
   4430.00   -36.9818
   4440.00   -37.5741
   4450.00   -37.5331
   4460.00   -36.5438
   4470.00   -37.0044
   4480.00   -36.4770
   4490.00   -36.8779
   4500.00   -37.2686
   4510.00   -37.3148
   4520.00   -36.9080
   4530.00   -36.6226
   4540.00   -36.8619
   4550.00   -36.5307
   4560.00   -37.0810
   4570.00   -37.0371
   4580.00   -37.2093
   4590.00   -36.8662
   4600.00   -37.2342
   4610.00   -36.8238
   4620.00   -37.6201
   4630.00   -37.1418
   4640.00   -36.8469
   4650.00   -36.7984
   4660.00   -36.9553
   4670.00   -36.9672
   4680.00   -37.1526
   4690.00   -36.5645
   4700.00   -37.2323
   4710.00   -37.1761
   4720.00   -36.9862
   4730.00   -36.9972
   4740.00   -37.1181
   4750.00   -37.3068
   4760.00   -36.5913
   4770.00   -36.7678
   4780.00   -37.3291
   4790.00   -37.3235
   4800.00   -37.5705
   4810.00   -36.8351
   4820.00   -36.8497
   4830.00   -36.7131
   4840.00   -36.8563
   4850.00   -36.5375
   4860.00   -36.8367
   4870.00   -36.7733
   4880.00   -37.5166
   4890.00   -36.6898
   4900.00   -36.8184
   4910.00   -36.6559
   4920.00   -37.4823
   4930.00   -37.5195
   4940.00   -36.6669
   4950.00   -37.6296
   4960.00   -36.6736
   4970.00   -37.0573
   4980.00   -36.9805
   4990.00   -36.8593
   5000.00   -36.9091
   5010.00   -37.2085
   5020.00   -36.5343
   5030.00   -37.0562
   5040.00   -36.9216
   5050.00   -37.0596
   5060.00   -37.0392
   5070.00   -37.1083
   5080.00   -37.2721
   5090.00   -37.2592
   5100.00   -37.8387
   5110.00   -37.1438
   5120.00   -37.1635
   5130.00   -37.2859
   5140.00   -36.6503
   5150.00   -37.4378
   5160.00   -37.1481
   5170.00   -37.2055
   5180.00   -36.6981
   5190.00   -37.2323
   5200.00   -37.5976
   5210.00   -36.8919
   5220.00   -36.6522
   5230.00   -36.6772
   5240.00   -36.8530
   5250.00   -36.5813
   5260.00   -36.6383
   5270.00   -37.0704
   5280.00   -37.0073
   5290.00   -36.3589
   5300.00   -36.8168
   5310.00   -36.9025
   5320.00   -37.1849
   5330.00   -36.8051
   5340.00   -36.9601
   5350.00   -37.1590
   5360.00   -37.1461
   5370.00   -37.5210
   5380.00   -37.4941
   5390.00   -36.8209
   5400.00   -37.1444
   5410.00   -37.1537
   5420.00   -36.7132
   5430.00   -37.1007
   5440.00   -37.3334
   5450.00   -37.2082
   5460.00   -36.6758
   5470.00   -37.1604
   5480.00   -36.7392
   5490.00   -37.0823
   5500.00   -37.1735
   5510.00   -37.2603
   5520.00   -36.6795
   5530.00   -36.7550
   5540.00   -37.0777
   5550.00   -37.0984
   5560.00   -36.6472
   5570.00   -36.7491
   5580.00   -36.6212
   5590.00   -36.8869
   5600.00   -37.1434
   5610.00   -37.0952
   5620.00   -37.4019
   5630.00   -36.6366
   5640.00   -37.3764
   5650.00   -36.5998
   5660.00   -37.0230
   5670.00   -37.1178
   5680.00   -37.0032
   5690.00   -36.8612
   5700.00   -37.0636
   5710.00   -37.0778
   5720.00   -36.8972
   5730.00   -36.9561
   5740.00   -37.0923
   5750.00   -37.2412
   5760.00   -37.2958
   5770.00   -37.3644
   5780.00   -37.0565
   5790.00   -37.3933
   5800.00   -37.0844
   5810.00   -37.1665
   5820.00   -36.9890
   5830.00   -37.0203
   5840.00   -37.0476
   5850.00   -37.2396
   5860.00   -37.2908
   5870.00   -36.7180
   5880.00   -36.7254
   5890.00   -37.0124
   5900.00   -36.7816
   5910.00   -37.0081
   5920.00   -36.5846
   5930.00   -36.9043
   5940.00   -36.8722
   5950.00   -37.4644
   5960.00   -36.6631
   5970.00   -37.0069
   5980.00   -36.6272
   5990.00   -37.2036
   6000.00   -37.3582
   6010.00   -37.6952
   6020.00   -37.1185
   6030.00   -36.6929
   6040.00   -36.9519
   6050.00   -36.6331
   6060.00   -37.1016
   6070.00   -37.1596
   6080.00   -36.7355
   6090.00   -36.7355
   6100.00   -36.9095
   6110.00   -36.4131
   6120.00   -37.6245
   6130.00   -37.0038
   6140.00   -36.9330
   6150.00   -36.8274
   6160.00   -37.2193
   6170.00   -37.2939
   6180.00   -36.8936
   6190.00   -37.0568
   6200.00   -36.9931
   6210.00   -36.8963
   6220.00   -36.8829
   6230.00   -37.1793
   6240.00   -37.5978
   6250.00   -36.4103
   6260.00   -37.6471
   6270.00   -36.8136
   6280.00   -37.1342
   6290.00   -36.7861
   6300.00   -37.4130
   6310.00   -36.9739
   6320.00   -36.8483
   6330.00   -36.7221
   6340.00   -36.7373
   6350.00   -37.5085
   6360.00   -36.7855
   6370.00   -37.0854
   6380.00   -36.9504
   6390.00   -37.0504
   6400.00   -37.0693
   6410.00   -36.9471
   6420.00   -37.0900
   6430.00   -36.7374
   6440.00   -36.9318
   6450.00   -37.5024
   6460.00   -36.8725
   6470.00   -36.8837
   6480.00   -36.7336
   6490.00   -36.9530
   6500.00   -37.4003
   6510.00   -37.2575
   6520.00   -36.8637
   6530.00   -36.7523
   6540.00   -36.9528
   6550.00   -37.1494
   6560.00   -37.3065
   6570.00   -36.7016
   6580.00   -37.1851
   6590.00   -36.7506
   6600.00   -36.4383
   6610.00   -36.4387
   6620.00   -36.4558
   6630.00   -36.7754
   6640.00   -36.4046
   6650.00   -36.6574
   6660.00   -37.0825
   6670.00   -37.1971
   6680.00   -36.4790
   6690.00   -37.0820
   6700.00   -37.0868
   6710.00   -36.9569
   6720.00   -36.8896
   6730.00   -36.3042
   6740.00   -37.0439
   6750.00   -37.0572
   6760.00   -36.8316
   6770.00   -36.4792
   6780.00   -36.5854
   6790.00   -37.0456
   6800.00   -36.5960
   6810.00   -36.9906
   6820.00   -36.8490
   6830.00   -37.0878
   6840.00   -36.8125
   6850.00   -37.5977
   6860.00   -37.5291
   6870.00   -37.0485
   6880.00   -37.1744
   6890.00   -37.1264
   6900.00   -37.2536
   6910.00   -36.5531
   6920.00   -36.4745
   6930.00   -37.2332
   6940.00   -36.3266
   6950.00   -37.1001
   6960.00   -36.7229
   6970.00   -37.0956
   6980.00   -37.1830
   6990.00   -36.7057
   7000.00   -37.0228
   7010.00   -36.7760
   7020.00   -37.2747
   7030.00   -37.4264
   7040.00   -36.8060
   7050.00   -37.1095
   7060.00   -37.0323
   7070.00   -36.9905
   7080.00   -36.8401
   7090.00   -36.9502
   7100.00   -37.0511
   7110.00   -37.2150
   7120.00   -37.1849
   7130.00   -37.1855
   7140.00   -36.8880
   7150.00   -37.2365
   7160.00   -36.5059
   7170.00   -37.0866
   7180.00   -37.3890
   7190.00   -36.8778
   7200.00   -36.8004
   7210.00   -37.5601
   7220.00   -37.6768
   7230.00   -37.0436
   7240.00   -36.8015
   7250.00   -37.0740
   7260.00   -37.0547
   7270.00   -37.1242
   7280.00   -36.9172
   7290.00   -37.1172
   7300.00   -36.9055
   7310.00   -36.3558
   7320.00   -36.6900
   7330.00   -36.7227
   7340.00   -37.2044
   7350.00   -36.5924
   7360.00   -36.9517
   7370.00   -37.0145
   7380.00   -37.5622
   7390.00   -36.9119
   7400.00   -36.6953
   7410.00   -37.2958
   7420.00   -37.3599
   7430.00   -36.7849
   7440.00   -37.1059
   7450.00   -37.2481
   7460.00   -36.8599
   7470.00   -36.9976
   7480.00   -36.5615
   7490.00   -37.1327
   7500.00   -37.6113
   7510.00   -37.1865
   7520.00   -36.8279
   7530.00   -37.1308
   7540.00   -36.8072
   7550.00   -37.3979
   7560.00   -37.0218
   7570.00   -37.5156
   7580.00   -36.7585
   7590.00   -36.9224
   7600.00   -36.7977
   7610.00   -37.1180
   7620.00   -37.0740
   7630.00   -36.8970
   7640.00   -36.3245
   7650.00   -36.7812
   7660.00   -36.5813
   7670.00   -37.0271
   7680.00   -36.8440
   7690.00   -37.0993
   7700.00   -36.9668
   7710.00   -37.2519
   7720.00   -36.9954
   7730.00   -36.4790
   7740.00   -36.9337
   7750.00   -37.3449
   7760.00   -37.1234
   7770.00   -37.0247
   7780.00   -36.6563
   7790.00   -37.0489
   7800.00   -37.4018
   7810.00   -37.4927
   7820.00   -36.6138
   7830.00   -36.8558
   7840.00   -37.1780
   7850.00   -36.8993
   7860.00   -36.6782
   7870.00   -37.0894
   7880.00   -37.1940
   7890.00   -36.5892
   7900.00   -37.0312
   7910.00   -37.5195
   7920.00   -36.9183
   7930.00   -37.0350
   7940.00   -36.8689
   7950.00   -37.0177
   7960.00   -36.9192
   7970.00   -37.3898
   7980.00   -37.1004
   7990.00   -37.2606
   8000.00   -36.9810
   8010.00   -37.3616
   8020.00   -36.7924
   8030.00   -36.3036
   8040.00   -37.2420
   8050.00   -36.9439
   8060.00   -37.1021
   8070.00   -37.0085
   8080.00   -37.5606
   8090.00   -37.0938
   8100.00   -37.2692
   8110.00   -37.0690
   8120.00   -36.5392
   8130.00   -37.1173
   8140.00   -36.9165
   8150.00   -37.0467
   8160.00   -37.3630
   8170.00   -37.2103
   8180.00   -37.3125
   8190.00   -37.0834
   8200.00   -36.9715
   8210.00   -37.1803
   8220.00   -37.2895
   8230.00   -37.3641
   8240.00   -37.0342
   8250.00   -36.5721
   8260.00   -37.4152
   8270.00   -37.0201
   8280.00   -37.4066
   8290.00   -37.1925
   8300.00   -37.2977
   8310.00   -37.3319
   8320.00   -36.6156
   8330.00   -37.3796
   8340.00   -37.1795
   8350.00   -36.8615
   8360.00   -36.9371
   8370.00   -36.9865
   8380.00   -36.3391
   8390.00   -37.1575
   8400.00   -36.5297
   8410.00   -36.9805
   8420.00   -37.5726
   8430.00   -37.1792
   8440.00   -37.2072
   8450.00   -36.8527
   8460.00   -36.9204
   8470.00   -37.0032
   8480.00   -36.2729
   8490.00   -37.4563
   8500.00   -36.9595
   8510.00   -37.0241
   8520.00   -37.1474
   8530.00   -37.2029
   8540.00   -36.9529
   8550.00   -36.6653
   8560.00   -37.3724
   8570.00   -36.9146
   8580.00   -36.4112
   8590.00   -37.5714
   8600.00   -36.9002
   8610.00   -37.1574
   8620.00   -36.7738
   8630.00   -37.4359
   8640.00   -37.1134
   8650.00   -36.2054
   8660.00   -36.7417
   8670.00   -37.1805
   8680.00   -36.7597
   8690.00   -36.8814
   8700.00   -36.1753
   8710.00   -37.2874
   8720.00   -36.9809
   8730.00   -37.2063
   8740.00   -37.6681
   8750.00   -36.8092
   8760.00   -36.6406
   8770.00   -37.0542
   8780.00   -36.5121
   8790.00   -37.3793
   8800.00   -37.0555
   8810.00   -36.9931
   8820.00   -36.9150
   8830.00   -37.0919
   8840.00   -36.5941
   8850.00   -37.4449
   8860.00   -37.4150
   8870.00   -37.1900
   8880.00   -36.8514
   8890.00   -36.7042
   8900.00   -36.9107
   8910.00   -36.6199
   8920.00   -36.9712
   8930.00   -36.8701
   8940.00   -36.8263
   8950.00   -36.6733
   8960.00   -36.9580
   8970.00   -36.5881
   8980.00   -36.9839
   8990.00   -36.8976
   9000.00   -37.0852
   9010.00   -37.0544
   9020.00   -37.2455
   9030.00   -37.0005
   9040.00   -37.0027
   9050.00   -36.2025
   9060.00   -36.9686
   9070.00   -36.8475
   9080.00   -36.4187
   9090.00   -36.6585
   9100.00   -37.1956
   9110.00   -37.4196
   9120.00   -37.3330
   9130.00   -37.1753
   9140.00   -36.3562
   9150.00   -36.7471
   9160.00   -36.7324
   9170.00   -36.5791
   9180.00   -36.7881
   9190.00   -37.1671
   9200.00   -36.9182
   9210.00   -36.7128
   9220.00   -36.3418
   9230.00   -36.8442
   9240.00   -36.8152
   9250.00   -36.9282
   9260.00   -36.7059
   9270.00   -37.1734
   9280.00   -37.1287
   9290.00   -37.0785
   9300.00   -36.8466
   9310.00   -36.3563
   9320.00   -37.0039
   9330.00   -37.1845
   9340.00   -37.4961
   9350.00   -36.8544
   9360.00   -36.9462
   9370.00   -37.1487
   9380.00   -36.5540
   9390.00   -36.9474
   9400.00   -36.7672
   9410.00   -36.4375
   9420.00   -37.4341
   9430.00   -37.0265
   9440.00   -36.5399
   9450.00   -37.2690
   9460.00   -37.3621
   9470.00   -37.4980
   9480.00   -36.6768
   9490.00   -36.6299
   9500.00   -36.7297
   9510.00   -37.1736
   9520.00   -36.9858
   9530.00   -36.9149
   9540.00   -36.9986
   9550.00   -36.7301
   9560.00   -36.9254
   9570.00   -36.9181
   9580.00   -36.6593
   9590.00   -36.7040
   9600.00   -36.6875
   9610.00   -36.8954
   9620.00   -37.3388
   9630.00   -37.0397
   9640.00   -37.3560
   9650.00   -36.8847
   9660.00   -36.5923
   9670.00   -37.2725
   9680.00   -37.0477
   9690.00   -37.2389
   9700.00   -36.9841
   9710.00   -37.2850
   9720.00   -36.7798
   9730.00   -37.3152
   9740.00   -36.9965
   9750.00   -36.4501
   9760.00   -36.5239
   9770.00   -37.1087
   9780.00   -37.2352
   9790.00   -37.5922
   9800.00   -36.6424
   9810.00   -36.6528
   9820.00   -37.4044
   9830.00   -36.8453
   9840.00   -36.8750
   9850.00   -36.7299
   9860.00   -37.2680
   9870.00   -36.7585
   9880.00   -37.1254
   9890.00   -37.1085
   9900.00   -36.6603
   9910.00   -36.6778
   9920.00   -37.1756
   9930.00   -36.2242
   9940.00   -36.8624
   9950.00   -37.0566
   9960.00   -36.7975
   9970.00   -36.7828
   9980.00   -36.6681
   9990.00   -36.9896
  10000.00   -36.9571
  10010.00   -37.6199
  10020.00   -36.7229
  10030.00   -37.1753
  10040.00   -36.5637
  10050.00   -36.5792
  10060.00   -36.6497
  10070.00   -36.8539
  10080.00   -36.7642
  10090.00   -36.6712
  10100.00   -36.9659
  10110.00   -37.2765
  10120.00   -37.0123
  10130.00   -36.6239
  10140.00   -36.9720
  10150.00   -37.3202
  10160.00   -37.0463
  10170.00   -37.0935
  10180.00   -37.1946
  10190.00   -37.5064
  10200.00   -36.9901
  10210.00   -36.8314
  10220.00   -37.1602
  10230.00   -37.1258
  10240.00   -36.6381
  10250.00   -37.4182
  10260.00   -37.2319
  10270.00   -36.8323
  10280.00   -37.2652
  10290.00   -36.0423
  10300.00   -37.4802
  10310.00   -37.0597
  10320.00   -37.3023
  10330.00   -36.6352
  10340.00   -37.1194
  10350.00   -37.3399
  10360.00   -36.9817
  10370.00   -37.0149
  10380.00   -37.3188
  10390.00   -36.9899
  10400.00   -36.2131
  10410.00   -36.8301
  10420.00   -37.0064
  10430.00   -37.5445
  10440.00   -36.8516
  10450.00   -36.7294
  10460.00   -36.5202
  10470.00   -37.0101
  10480.00   -36.7960
  10490.00   -36.8826
  10500.00   -36.7275
  10510.00   -37.0684
  10520.00   -36.9526
  10530.00   -37.0514
  10540.00   -36.5559
  10550.00   -36.7760
  10560.00   -36.7924
  10570.00   -36.7491
  10580.00   -37.0572
  10590.00   -37.5115
  10600.00   -36.8968
  10610.00   -36.9007
  10620.00   -37.1125
  10630.00   -37.2754
  10640.00   -37.2296
  10650.00   -36.5304
  10660.00   -37.4567
  10670.00   -37.2665
  10680.00   -37.2339
  10690.00   -37.0845
  10700.00   -37.1005
  10710.00   -37.3149
  10720.00   -36.5874
  10730.00   -36.6999
  10740.00   -37.1516
  10750.00   -37.2832
  10760.00   -36.9069
  10770.00   -36.7716
  10780.00   -37.0641
  10790.00   -37.6950
  10800.00   -37.0917
  10810.00   -36.4968
  10820.00   -36.8837
  10830.00   -37.0690
  10840.00   -37.4196
  10850.00   -37.0006
  10860.00   -36.6565
  10870.00   -37.2073
  10880.00   -36.4217
  10890.00   -37.2624
  10900.00   -36.9593
  10910.00   -37.3603
  10920.00   -37.0619
  10930.00   -37.2418
  10940.00   -36.9616
  10950.00   -36.9872
  10960.00   -37.2715
  10970.00   -37.0667
  10980.00   -36.7923
  10990.00   -37.2185
  11000.00   -36.9857
  11010.00   -36.9918
  11020.00   -36.9541
  11030.00   -36.8164
  11040.00   -37.0957
  11050.00   -36.8723
  11060.00   -37.1746
  11070.00   -37.1968
  11080.00   -37.1488
  11090.00   -36.3924
  11100.00   -36.7616
  11110.00   -36.7508
  11120.00   -36.6204
  11130.00   -36.1893
  11140.00   -37.2398
  11150.00   -37.1602
  11160.00   -36.7616
  11170.00   -36.9759
  11180.00   -37.2484
  11190.00   -37.2734
  11200.00   -37.0044
  11210.00   -37.1660
  11220.00   -36.7644
  11230.00   -37.1210
  11240.00   -37.3319
  11250.00   -36.9990
  11260.00   -37.0599
  11270.00   -36.9547
  11280.00   -37.1955
  11290.00   -37.3752
  11300.00   -37.0157
  11310.00   -37.0605
  11320.00   -37.1633
  11330.00   -36.7895
  11340.00   -36.4092
  11350.00   -37.5413
  11360.00   -36.8032
  11370.00   -36.7147
  11380.00   -37.5635
  11390.00   -36.7194
  11400.00   -36.6982
  11410.00   -36.3592
  11420.00   -36.6820
  11430.00   -36.7279
  11440.00   -36.8857
  11450.00   -36.9773
  11460.00   -37.0558
  11470.00   -37.3390
  11480.00   -36.9080
  11490.00   -37.0291
  11500.00   -37.2353
  11510.00   -37.2589
  11520.00   -37.4965
  11530.00   -36.8338
  11540.00   -37.1017
  11550.00   -37.3082
  11560.00   -37.3703
  11570.00   -37.3547
  11580.00   -37.3561
  11590.00   -37.1136
  11600.00   -36.7180
  11610.00   -36.5608
  11620.00   -36.5982
  11630.00   -37.2188
  11640.00   -37.0899
  11650.00   -36.6570
  11660.00   -37.3510
  11670.00   -36.7085
  11680.00   -36.9868
  11690.00   -37.1395
  11700.00   -37.0294
  11710.00   -37.1948
  11720.00   -36.6484
  11730.00   -37.1300
  11740.00   -37.3443
  11750.00   -37.1171
  11760.00   -36.4857
  11770.00   -36.4053
  11780.00   -36.7704
  11790.00   -36.4912
  11800.00   -36.9726
  11810.00   -36.3948
  11820.00   -36.5334
  11830.00   -37.3837
  11840.00   -36.7653
  11850.00   -36.7053
  11860.00   -37.1859
  11870.00   -37.2539
  11880.00   -37.1510
  11890.00   -37.2169
  11900.00   -36.7455
  11910.00   -36.8513
  11920.00   -37.1166
  11930.00   -36.5283
  11940.00   -36.7310
  11950.00   -36.4010
  11960.00   -37.0670
  11970.00   -36.7669
  11980.00   -36.2405
  11990.00   -36.9234
  12000.00   -36.9576
  12010.00   -37.0482
  12020.00   -37.2041
  12030.00   -36.8681
  12040.00   -37.0293
  12050.00   -36.7196
  12060.00   -37.4670
  12070.00   -37.3282
  12080.00   -37.3096
  12090.00   -37.0696
  12100.00   -36.4228
  12110.00   -36.4103
  12120.00   -36.5079
  12130.00   -36.6974
  12140.00   -36.8080
  12150.00   -36.6077
  12160.00   -37.0804
  12170.00   -37.5364
  12180.00   -36.3293
  12190.00   -36.5956
  12200.00   -36.6060
  12210.00   -37.5668
  12220.00   -37.3973
  12230.00   -36.7786
  12240.00   -37.4503
  12250.00   -36.8441
  12260.00   -36.8145
  12270.00   -36.8085
  12280.00   -37.1166
  12290.00   -36.7371
  12300.00   -37.3778
  12310.00   -36.8343
  12320.00   -36.8932
  12330.00   -37.5393
  12340.00   -37.0745
  12350.00   -36.7208
  12360.00   -37.1970
  12370.00   -37.1383
  12380.00   -36.9777
  12390.00   -37.5562
  12400.00   -36.9734
  12410.00   -36.6795
  12420.00   -37.0255
  12430.00   -37.0543
  12440.00   -37.0573
  12450.00   -36.8849
  12460.00   -36.6705
  12470.00   -37.0015
  12480.00   -36.8738
  12490.00   -37.3236
  12500.00   -37.2302
  12510.00   -36.9754
  12520.00   -37.3015
  12530.00   -37.1443
  12540.00   -36.8899
  12550.00   -36.7304
  12560.00   -37.1190
  12570.00   -37.4146
  12580.00   -37.2285
  12590.00   -37.2293
  12600.00   -37.7066
  12610.00   -37.0939
  12620.00   -36.6317
  12630.00   -36.8739
  12640.00   -36.8031
  12650.00   -37.4454
  12660.00   -36.7021
  12670.00   -36.7245
  12680.00   -36.7413
  12690.00   -37.2039
  12700.00   -37.0245
  12710.00   -37.1836
  12720.00   -37.4356
  12730.00   -36.9564
  12740.00   -37.0706
  12750.00   -36.7908
  12760.00   -36.9754
  12770.00   -36.6249
  12780.00   -37.1776
  12790.00   -36.8216
  12800.00   -36.8111
  12810.00   -36.8873
  12820.00   -37.4794
  12830.00   -37.0489
  12840.00   -37.4449
  12850.00   -37.1967
  12860.00   -37.1965
  12870.00   -36.8693
  12880.00   -36.7552
  12890.00   -37.1127
  12900.00   -36.9562
  12910.00   -36.8167
  12920.00   -37.3317
  12930.00   -36.8008
  12940.00   -36.7889
  12950.00   -36.9743
  12960.00   -37.0021
  12970.00   -37.1888
  12980.00   -36.5743
  12990.00   -36.8909
  13000.00   -36.9673
  13010.00   -37.2245
  13020.00   -36.9949
  13030.00   -36.7741
  13040.00   -37.2233
  13050.00   -36.9766
  13060.00   -36.6438
  13070.00   -37.1747
  13080.00   -36.7316
  13090.00   -37.3825
  13100.00   -36.7891
  13110.00   -36.3549
  13120.00   -37.4886
  13130.00   -37.1581
  13140.00   -37.3618
  13150.00   -36.9126
  13160.00   -37.0008
  13170.00   -36.4404
  13180.00   -37.4762
  13190.00   -36.8749
  13200.00   -36.6067
  13210.00   -37.3627
  13220.00   -37.0870
  13230.00   -36.8422
  13240.00   -36.6289
  13250.00   -36.7657
  13260.00   -36.9828
  13270.00   -36.9299
  13280.00   -36.9327
  13290.00   -37.1738
  13300.00   -36.8990
  13310.00   -37.4390
  13320.00   -37.0306
  13330.00   -37.0630
  13340.00   -37.2026
  13350.00   -36.7149
  13360.00   -36.8269
  13370.00   -37.1729
  13380.00   -37.1573
  13390.00   -36.9585
  13400.00   -37.2051
  13410.00   -37.7019
  13420.00   -36.6952
  13430.00   -36.7625
  13440.00   -36.9361
  13450.00   -36.7674
  13460.00   -36.9850
  13470.00   -37.3014
  13480.00   -37.0568
  13490.00   -36.9731
  13500.00   -36.8869
  13510.00   -37.5686
  13520.00   -36.9716
  13530.00   -36.7941
  13540.00   -36.7586
  13550.00   -36.9918
  13560.00   -37.0419
  13570.00   -36.9166
  13580.00   -36.6400
  13590.00   -36.5848
  13600.00   -36.8028
  13610.00   -36.6574
  13620.00   -37.1144
  13630.00   -36.6240
  13640.00   -36.7752
  13650.00   -37.0278
  13660.00   -37.0991
  13670.00   -37.3252
  13680.00   -37.0762
  13690.00   -36.8324
  13700.00   -36.7727
  13710.00   -37.3381
  13720.00   -36.8125
  13730.00   -37.4415
  13740.00   -37.2888
  13750.00   -36.5364
  13760.00   -36.8282
  13770.00   -36.3239
  13780.00   -36.9526
  13790.00   -37.3716
  13800.00   -36.8259
  13810.00   -37.4778
  13820.00   -37.2195
  13830.00   -37.0461
  13840.00   -37.0315
  13850.00   -37.1804
  13860.00   -36.7873
  13870.00   -36.8746
  13880.00   -36.9971
  13890.00   -36.9733
  13900.00   -36.8955
  13910.00   -37.3398
  13920.00   -36.9790
  13930.00   -36.9472
  13940.00   -37.0620
  13950.00   -36.4506
  13960.00   -37.0228
  13970.00   -37.2427
  13980.00   -36.5545
  13990.00   -37.6946
  14000.00   -36.7477
  14010.00   -36.8899
  14020.00   -36.6092
  14030.00   -37.2973
  14040.00   -36.2347
  14050.00   -36.9530
  14060.00   -36.7715
  14070.00   -37.1494
  14080.00   -36.8570
  14090.00   -36.8977
  14100.00   -37.5253
  14110.00   -37.0131
  14120.00   -37.4284
  14130.00   -36.2879
  14140.00   -37.3256
  14150.00   -37.0979
  14160.00   -36.9626
  14170.00   -37.1068
  14180.00   -36.9971
  14190.00   -37.0861
  14200.00   -36.7245
  14210.00   -37.3681
  14220.00   -37.3062
  14230.00   -37.1100
  14240.00   -36.6549
  14250.00   -37.0953
  14260.00   -37.4241
  14270.00   -36.9592
  14280.00   -36.7664
  14290.00   -36.7974
  14300.00   -36.6719
  14310.00   -37.0169
  14320.00   -36.8080
  14330.00   -36.9863
  14340.00   -37.2221
  14350.00   -37.1172
  14360.00   -37.3352
  14370.00   -37.5300
  14380.00   -36.5923
  14390.00   -37.4134
  14400.00   -37.1885
  14410.00   -36.4759
  14420.00   -37.0025
  14430.00   -36.8022
  14440.00   -37.3316
  14450.00   -36.7205
  14460.00   -36.6256
  14470.00   -36.3047
  14480.00   -37.0713
  14490.00   -36.6086
  14500.00   -37.2751
  14510.00   -37.0780
  14520.00   -36.6580
  14530.00   -36.8731
  14540.00   -36.8357
  14550.00   -36.8898
  14560.00   -37.2124
  14570.00   -36.8975
  14580.00   -37.4532
  14590.00   -36.7499
  14600.00   -37.0440
  14610.00   -36.8179
  14620.00   -37.1272
  14630.00   -37.1452
  14640.00   -36.2726
  14650.00   -36.6171
  14660.00   -36.9570
  14670.00   -37.1161
  14680.00   -37.2282
  14690.00   -37.2434
  14700.00   -37.1002
  14710.00   -37.0718
  14720.00   -37.0610
  14730.00   -36.9539
  14740.00   -37.0912
  14750.00   -37.4379
  14760.00   -36.9013
  14770.00   -36.5488
  14780.00   -37.0712
  14790.00   -36.7871
  14800.00   -36.8135
  14810.00   -36.7715
  14820.00   -36.8783
  14830.00   -37.5791
  14840.00   -36.2117
  14850.00   -36.5623
  14860.00   -37.0553
  14870.00   -37.1299
  14880.00   -37.4371
  14890.00   -37.0085
  14900.00   -36.8564
  14910.00   -37.1183
  14920.00   -37.1807
  14930.00   -37.0938
  14940.00   -37.0049
  14950.00   -36.9870
  14960.00   -37.2044
  14970.00   -37.2956
  14980.00   -36.6539
  14990.00   -36.8762
  15000.00   -37.3212
  15010.00   -36.9583
  15020.00   -36.8397
  15030.00   -36.8534
  15040.00   -36.7938
  15050.00   -36.7690
  15060.00   -37.4078
  15070.00   -37.4705
  15080.00   -36.8791
  15090.00   -36.9011
  15100.00   -37.0145
  15110.00   -37.1168
  15120.00   -36.8461
  15130.00   -36.6660
  15140.00   -37.6233
  15150.00   -36.9420
  15160.00   -36.8563
  15170.00   -36.6615
  15180.00   -36.5619
  15190.00   -37.2670
  15200.00   -37.0964
  15210.00   -37.3353
  15220.00   -37.1864
  15230.00   -37.4114
  15240.00   -37.0711
  15250.00   -36.8331
  15260.00   -37.6462
  15270.00   -37.2650
  15280.00   -37.4992
  15290.00   -36.8582
  15300.00   -37.0940
  15310.00   -37.1988
  15320.00   -36.6868
  15330.00   -36.9563
  15340.00   -36.8941
  15350.00   -37.2035
  15360.00   -37.0821
  15370.00   -37.4615
  15380.00   -37.2012
  15390.00   -36.6659
  15400.00   -36.8412
  15410.00   -36.7134
  15420.00   -36.9478
  15430.00   -36.8565
  15440.00   -36.7186
  15450.00   -36.4209
  15460.00   -36.8919
  15470.00   -37.3337
  15480.00   -37.3567
  15490.00   -37.3542
  15500.00   -37.1950
  15510.00   -36.8632
  15520.00   -36.8865
  15530.00   -37.3375
  15540.00   -37.0689
  15550.00   -36.8130
  15560.00   -36.1570
  15570.00   -36.6058
  15580.00   -37.3052
  15590.00   -36.6941
  15600.00   -36.7000
  15610.00   -36.8622
  15620.00   -36.7539
  15630.00   -37.1380
  15640.00   -37.1362
  15650.00   -36.8713
  15660.00   -37.0554
  15670.00   -37.1470
  15680.00   -37.0422
  15690.00   -37.0716
  15700.00   -36.7512
  15710.00   -37.0733
  15720.00   -37.0807
  15730.00   -36.6691
  15740.00   -37.0824
  15750.00   -37.0652
  15760.00   -36.9163
  15770.00   -37.3484
  15780.00   -36.8045
  15790.00   -36.8960
  15800.00   -37.0120
  15810.00   -36.9039
  15820.00   -38.0037
  15830.00   -37.4764
  15840.00   -37.2628
  15850.00   -36.5953
  15860.00   -36.7449
  15870.00   -36.8391
  15880.00   -37.1192
  15890.00   -37.0263
  15900.00   -37.2782
  15910.00   -36.8220
  15920.00   -36.2903
  15930.00   -37.0318
  15940.00   -36.8254
  15950.00   -37.1862
  15960.00   -37.0633
  15970.00   -37.1404
  15980.00   -37.1475
  15990.00   -37.4531
  16000.00   -37.1274
  16010.00   -37.1542
  16020.00   -37.0046
  16030.00   -36.9031
  16040.00   -36.6886
  16050.00   -37.3073
  16060.00   -36.6818
  16070.00   -37.4868
  16080.00   -36.6936
  16090.00   -37.1605
  16100.00   -36.5984
  16110.00   -37.1869
  16120.00   -37.2733
  16130.00   -36.7646
  16140.00   -37.1659
  16150.00   -36.6948
  16160.00   -36.9932
  16170.00   -37.7419
  16180.00   -36.9167
  16190.00   -37.2433
  16200.00   -36.8133
  16210.00   -36.8897
  16220.00   -37.0148
  16230.00   -36.8238
  16240.00   -37.1429
  16250.00   -37.3752
  16260.00   -37.0715
  16270.00   -36.9691
  16280.00   -37.2550
  16290.00   -37.6023
  16300.00   -37.2586
  16310.00   -37.1256
  16320.00   -36.9957
  16330.00   -36.8709
  16340.00   -36.6914
  16350.00   -37.4183
  16360.00   -36.8537
  16370.00   -36.9040
  16380.00   -37.1780
  16390.00   -36.4009
  16400.00   -37.1731
  16410.00   -37.0054
  16420.00   -36.8163
  16430.00   -37.6273
  16440.00   -36.9898
  16450.00   -37.4031
  16460.00   -36.8741
  16470.00   -36.6425
  16480.00   -37.7519
  16490.00   -37.1518
  16500.00   -36.4423
  16510.00   -37.0155
  16520.00   -36.8683
  16530.00   -37.1489
  16540.00   -37.0167
  16550.00   -36.8396
  16560.00   -37.4125
  16570.00   -37.5658
  16580.00   -37.0174
  16590.00   -36.7481
  16600.00   -37.0174
  16610.00   -36.8862
  16620.00   -37.3321
  16630.00   -37.0665
  16640.00   -37.0952
  16650.00   -37.2716
  16660.00   -37.3198
  16670.00   -36.9592
  16680.00   -37.0321
  16690.00   -37.3712
  16700.00   -37.0393
  16710.00   -37.3822
  16720.00   -36.6628
  16730.00   -37.0291
  16740.00   -36.9885
  16750.00   -36.9628
  16760.00   -37.1842
  16770.00   -36.6091
  16780.00   -36.9730
  16790.00   -36.9848
  16800.00   -37.0656
  16810.00   -36.4545
  16820.00   -37.4269
  16830.00   -37.2021
  16840.00   -37.5863
  16850.00   -37.3139
  16860.00   -37.6138
  16870.00   -36.8795
  16880.00   -37.2920
  16890.00   -36.8852
  16900.00   -37.1573
  16910.00   -37.1319
  16920.00   -37.4146
  16930.00   -37.2399
  16940.00   -36.4047
  16950.00   -37.0562
  16960.00   -36.9042
  16970.00   -37.2012
  16980.00   -36.7197
  16990.00   -37.1624
  17000.00   -37.2909
  17010.00   -36.8243
  17020.00   -37.8167
  17030.00   -37.0483
  17040.00   -37.0052
  17050.00   -36.9700
  17060.00   -37.6218
  17070.00   -37.2287
  17080.00   -36.8606
  17090.00   -36.7313
  17100.00   -36.7756
  17110.00   -37.1063
  17120.00   -37.0513
  17130.00   -36.6973
  17140.00   -37.1581
  17150.00   -36.8695
  17160.00   -36.5568
  17170.00   -37.2545
  17180.00   -36.5370
  17190.00   -37.4242
  17200.00   -36.9317
  17210.00   -37.0189
  17220.00   -37.4184
  17230.00   -36.9002
  17240.00   -37.6001
  17250.00   -37.3884
  17260.00   -37.1365
  17270.00   -36.9658
  17280.00   -37.1702
  17290.00   -37.1775
  17300.00   -36.4363
  17310.00   -37.5073
  17320.00   -37.4992
  17330.00   -36.8507
  17340.00   -37.1276
  17350.00   -36.8319
  17360.00   -36.5568
  17370.00   -37.5521
  17380.00   -36.7365
  17390.00   -37.1642
  17400.00   -36.8807
  17410.00   -37.3349
  17420.00   -37.1121
  17430.00   -37.0640
  17440.00   -37.1685
  17450.00   -36.7996
  17460.00   -36.9466
  17470.00   -36.8855
  17480.00   -36.8798
  17490.00   -36.6793
  17500.00   -36.9138
  17510.00   -37.6123
  17520.00   -36.8881
  17530.00   -37.1666
  17540.00   -37.2426
  17550.00   -36.4996
  17560.00   -36.9575
  17570.00   -36.7818
  17580.00   -36.8031
  17590.00   -36.7675
  17600.00   -36.7741
  17610.00   -37.1465
  17620.00   -36.3924
  17630.00   -36.7987
  17640.00   -36.7989
  17650.00   -36.4703
  17660.00   -36.6084
  17670.00   -36.7231
  17680.00   -36.9058
  17690.00   -37.0247
  17700.00   -37.0753
  17710.00   -37.5495
  17720.00   -37.2915
  17730.00   -37.1002
  17740.00   -36.7231
  17750.00   -37.1630
  17760.00   -37.0040
  17770.00   -37.1167
  17780.00   -36.9127
  17790.00   -36.9869
  17800.00   -37.3515
  17810.00   -37.0187
  17820.00   -37.1955
  17830.00   -37.4423
  17840.00   -36.9006
  17850.00   -36.9512
  17860.00   -36.9253
  17870.00   -36.5733
  17880.00   -36.9927
  17890.00   -37.1143
  17900.00   -36.9747
  17910.00   -37.2749
  17920.00   -36.9523
  17930.00   -37.3452
  17940.00   -36.3304
  17950.00   -36.8861
  17960.00   -36.6086
  17970.00   -36.9523
  17980.00   -37.1169
  17990.00   -36.7760
  18000.00   -37.3486
  18010.00   -37.0486
  18020.00   -37.5208
  18030.00   -37.0245
  18040.00   -37.2824
  18050.00   -37.4220
  18060.00   -36.6412
  18070.00   -36.9169
  18080.00   -36.8651
  18090.00   -37.0759
  18100.00   -37.2315
  18110.00   -37.2284
  18120.00   -36.8363
  18130.00   -37.4993
  18140.00   -37.3527
  18150.00   -37.0853
  18160.00   -37.3019
  18170.00   -36.8967
  18180.00   -36.7111
  18190.00   -37.4693
  18200.00   -37.7304
  18210.00   -37.4326
  18220.00   -36.8615
  18230.00   -37.1169
  18240.00   -36.7930
  18250.00   -36.7217
  18260.00   -36.7070
  18270.00   -36.7234
  18280.00   -36.7065
  18290.00   -37.1521
  18300.00   -36.7272
  18310.00   -36.5374
  18320.00   -36.9235
  18330.00   -37.2744
  18340.00   -36.9492
  18350.00   -36.7608
  18360.00   -37.2430
  18370.00   -37.4845
  18380.00   -36.8525
  18390.00   -36.9399
  18400.00   -37.1840
  18410.00   -36.8629
  18420.00   -36.6346
  18430.00   -36.7937
  18440.00   -37.3011
  18450.00   -36.8937
  18460.00   -37.0918
  18470.00   -37.3227
  18480.00   -36.9216
  18490.00   -37.0354
  18500.00   -36.6707
  18510.00   -37.2693
  18520.00   -37.0505
  18530.00   -36.7931
  18540.00   -37.0292
  18550.00   -37.4617
  18560.00   -36.7996
  18570.00   -36.8710
  18580.00   -36.6964
  18590.00   -36.6966
  18600.00   -37.0536
  18610.00   -37.0393
  18620.00   -37.2628
  18630.00   -37.3408
  18640.00   -37.4508
  18650.00   -36.8763
  18660.00   -37.0556
  18670.00   -37.3232
  18680.00   -37.0325
  18690.00   -36.9530
  18700.00   -36.5496
  18710.00   -37.3048
  18720.00   -36.9175
  18730.00   -37.1096
  18740.00   -36.9055
  18750.00   -36.5623
  18760.00   -36.8111
  18770.00   -36.8879
  18780.00   -37.5417
  18790.00   -36.9740
  18800.00   -36.5445
  18810.00   -36.9680
  18820.00   -37.3996
  18830.00   -37.1765
  18840.00   -37.1833
  18850.00   -37.2974
  18860.00   -36.7534
  18870.00   -36.6335
  18880.00   -37.2692
  18890.00   -37.0568
  18900.00   -36.5503
  18910.00   -37.1403
  18920.00   -37.0454
  18930.00   -37.3425
  18940.00   -36.9302
  18950.00   -37.0867
  18960.00   -37.6100
  18970.00   -36.8316
  18980.00   -37.6990
  18990.00   -36.8618
  19000.00   -37.1327
  19010.00   -36.6891
  19020.00   -36.9788
  19030.00   -37.0074
  19040.00   -37.3036
  19050.00   -36.9445
  19060.00   -37.3833
  19070.00   -36.8952
  19080.00   -36.7596
  19090.00   -36.7876
  19100.00   -36.7532
  19110.00   -36.8302
  19120.00   -36.5138
  19130.00   -36.9034
  19140.00   -37.0789
  19150.00   -37.0338
  19160.00   -36.6634
  19170.00   -37.0764
  19180.00   -36.1796
  19190.00   -37.0001
  19200.00   -37.2035
  19210.00   -37.2963
  19220.00   -37.0016
  19230.00   -36.8397
  19240.00   -36.9111
  19250.00   -36.6209
  19260.00   -37.2036
  19270.00   -36.6328
  19280.00   -36.4876
  19290.00   -37.4385
  19300.00   -36.5539
  19310.00   -37.1590
  19320.00   -36.8206
  19330.00   -37.0349
  19340.00   -37.5238
  19350.00   -37.2404
  19360.00   -36.7666
  19370.00   -37.2624
  19380.00   -36.6779
  19390.00   -36.8330
  19400.00   -37.0017
  19410.00   -37.0883
  19420.00   -36.9185
  19430.00   -36.8700
  19440.00   -36.5928
  19450.00   -36.2760
  19460.00   -37.0058
  19470.00   -37.1591
  19480.00   -37.2015
  19490.00   -36.7228
  19500.00   -37.2013
  19510.00   -36.9147
  19520.00   -36.9844
  19530.00   -37.6706
  19540.00   -36.8906
  19550.00   -37.2555
  19560.00   -36.4765
  19570.00   -36.5423
  19580.00   -37.2259
  19590.00   -37.1435
  19600.00   -36.9295
  19610.00   -36.9534
  19620.00   -36.8717
  19630.00   -37.3824
  19640.00   -37.0297
  19650.00   -36.7855
  19660.00   -37.0139
  19670.00   -37.3762
  19680.00   -36.6809
  19690.00   -36.5373
  19700.00   -36.8088
  19710.00   -37.2875
  19720.00   -36.8290
  19730.00   -36.8322
  19740.00   -36.5105
  19750.00   -37.1734
  19760.00   -36.8915
  19770.00   -37.0605
  19780.00   -37.2901
  19790.00   -36.6410
  19800.00   -37.5680
  19810.00   -37.0819
  19820.00   -36.8460
  19830.00   -37.0247
  19840.00   -37.3543
  19850.00   -36.9367
  19860.00   -37.4921
  19870.00   -36.9687
  19880.00   -36.8001
  19890.00   -36.4602
  19900.00   -36.9946
  19910.00   -37.1067
  19920.00   -36.9912
  19930.00   -36.9368
  19940.00   -37.2664
  19950.00   -37.0274
  19960.00   -37.2095
  19970.00   -36.6438
  19980.00   -36.9106
  19990.00   -36.4198
  20000.00   -36.7567
  20010.00   -37.0456
  20020.00   -37.1199
  20030.00   -36.9106
  20040.00   -37.0175
  20050.00   -37.5421
  20060.00   -37.2416
  20070.00   -36.9447
  20080.00   -37.2726
  20090.00   -37.1336
  20100.00   -37.0861
  20110.00   -37.1570
  20120.00   -36.6990
  20130.00   -37.3648
  20140.00   -37.1214
  20150.00   -36.8026
  20160.00   -37.2190
  20170.00   -37.0780
  20180.00   -37.2974
  20190.00   -36.5238
  20200.00   -37.2813
  20210.00   -36.8517
  20220.00   -36.4875
  20230.00   -37.2978
  20240.00   -37.5596
  20250.00   -36.8929
  20260.00   -37.0173
  20270.00   -36.8365
  20280.00   -37.0126
  20290.00   -36.9583
  20300.00   -37.0771
  20310.00   -36.9553
  20320.00   -37.5627
  20330.00   -36.9052
  20340.00   -36.9052
  20350.00   -37.0589
  20360.00   -36.9110
  20370.00   -37.3703
  20380.00   -37.2864
  20390.00   -37.2892
  20400.00   -37.0984
  20410.00   -37.1774
  20420.00   -36.7555
  20430.00   -36.5292
  20440.00   -37.6684
  20450.00   -37.0410
  20460.00   -36.9583
  20470.00   -37.1685
  20480.00   -37.5230
  20490.00   -36.8979
  20500.00   -36.5488
  20510.00   -36.8710
  20520.00   -36.6306
  20530.00   -37.0269
  20540.00   -37.2346
  20550.00   -36.9854
  20560.00   -37.1639
  20570.00   -36.8148
  20580.00   -36.4086
  20590.00   -37.0629
  20600.00   -37.2889
  20610.00   -37.0776
  20620.00   -37.5445
  20630.00   -36.9323
  20640.00   -36.9341
  20650.00   -37.4111
  20660.00   -36.9039
  20670.00   -36.8530
  20680.00   -36.6766
  20690.00   -37.1301
  20700.00   -36.7245
  20710.00   -37.1947
  20720.00   -36.9160
  20730.00   -36.8483
  20740.00   -36.6433
  20750.00   -36.1739
  20760.00   -37.5003
  20770.00   -36.8555
  20780.00   -37.2578
  20790.00   -37.0271
  20800.00   -37.2520
  20810.00   -37.3246
  20820.00   -36.4535
  20830.00   -36.7952
  20840.00   -37.3688
  20850.00   -36.8384
  20860.00   -36.8613
  20870.00   -36.3503
  20880.00   -37.2814
  20890.00   -37.0635
  20900.00   -37.2861
  20910.00   -36.7618
  20920.00   -37.1355
  20930.00   -37.3343
  20940.00   -36.5399
  20950.00   -37.0690
  20960.00   -37.0982
  20970.00   -36.6784
  20980.00   -36.8348
  20990.00   -36.8895
  21000.00   -37.1273
  21010.00   -36.9663
  21020.00   -36.9649
  21030.00   -37.1982
  21040.00   -37.2026
  21050.00   -36.8266
  21060.00   -36.5323
  21070.00   -36.9973
  21080.00   -36.8964
  21090.00   -37.0002
  21100.00   -37.0922
  21110.00   -37.5414
  21120.00   -36.5999
  21130.00   -36.4992
  21140.00   -36.8647
  21150.00   -36.9906
  21160.00   -36.9577
  21170.00   -36.7846
  21180.00   -37.4201
  21190.00   -37.2091
  21200.00   -37.2047
  21210.00   -37.2745
  21220.00   -37.6733
  21230.00   -36.7752
  21240.00   -36.9627
  21250.00   -36.8331
  21260.00   -36.9772
  21270.00   -36.8686
  21280.00   -37.0974
  21290.00   -36.4341
  21300.00   -37.2109
  21310.00   -37.3544
  21320.00   -36.5951
  21330.00   -37.1662
  21340.00   -36.6973
  21350.00   -37.4384
  21360.00   -36.7039
  21370.00   -37.4329
  21380.00   -36.6022
  21390.00   -36.6502
  21400.00   -36.7608
  21410.00   -36.5824
  21420.00   -37.2710
  21430.00   -37.2300
  21440.00   -36.7868
  21450.00   -37.5082
  21460.00   -36.9125
  21470.00   -37.3231
  21480.00   -37.3191
  21490.00   -37.0443
  21500.00   -37.0153
  21510.00   -37.0014
  21520.00   -36.7623
  21530.00   -37.0384
  21540.00   -36.6849
  21550.00   -36.6718
  21560.00   -36.9975
  21570.00   -37.3765
  21580.00   -37.1859
  21590.00   -37.1794
  21600.00   -36.9976
  21610.00   -36.5989
  21620.00   -37.0640
  21630.00   -36.4955
  21640.00   -36.8733
  21650.00   -37.2329
  21660.00   -36.9436
  21670.00   -36.5665
  21680.00   -36.6580
  21690.00   -37.0880
  21700.00   -37.8470
  21710.00   -36.5588
  21720.00   -37.3420
  21730.00   -37.3541
  21740.00   -37.1746
  21750.00   -36.9507
  21760.00   -36.6934
  21770.00   -37.3056
  21780.00   -37.1362
  21790.00   -37.2216
  21800.00   -37.5638
  21810.00   -36.9928
  21820.00   -36.6113
  21830.00   -37.2155
  21840.00   -36.9288
  21850.00   -36.9196
  21860.00   -36.7363
  21870.00   -36.5610
  21880.00   -36.7962
  21890.00   -36.9948
  21900.00   -36.9917
  21910.00   -36.9542
  21920.00   -36.8700
  21930.00   -37.0320
  21940.00   -37.3641
  21950.00   -36.4009
  21960.00   -37.3056
  21970.00   -36.8869
  21980.00   -36.5792
  21990.00   -36.7664
  22000.00   -37.1405
  22010.00   -36.8463
  22020.00   -36.6331
  22030.00   -36.5611
  22040.00   -37.2431
  22050.00   -36.2490
  22060.00   -37.2618
  22070.00   -36.8320
  22080.00   -37.3067
  22090.00   -37.2016
  22100.00   -36.7093
  22110.00   -36.9425
  22120.00   -36.7467
  22130.00   -36.9274
  22140.00   -36.8289
  22150.00   -37.2144
  22160.00   -37.2098
  22170.00   -36.9480
  22180.00   -36.9183
  22190.00   -37.1608
  22200.00   -36.4234
  22210.00   -37.2076
  22220.00   -37.5454
  22230.00   -37.1834
  22240.00   -36.3957
  22250.00   -37.2625
  22260.00   -37.1239
  22270.00   -37.4204
  22280.00   -37.0274
  22290.00   -37.0215
  22300.00   -36.9027
  22310.00   -36.9873
  22320.00   -36.8972
  22330.00   -36.8195
  22340.00   -36.8334
  22350.00   -36.4229
  22360.00   -37.2187
  22370.00   -37.2317
  22380.00   -37.1533
  22390.00   -36.8206
  22400.00   -36.8019
  22410.00   -36.4520
  22420.00   -36.7921
  22430.00   -37.1364
  22440.00   -37.4997
  22450.00   -37.1842
  22460.00   -37.4842
  22470.00   -37.7547
  22480.00   -36.6222
  22490.00   -37.0989
  22500.00   -37.5364
  22510.00   -37.1487
  22520.00   -37.1955
  22530.00   -37.2299
  22540.00   -37.0735
  22550.00   -36.8510
  22560.00   -37.4318
  22570.00   -36.6569
  22580.00   -37.2567
  22590.00   -36.9244
  22600.00   -37.2295
  22610.00   -36.9256
  22620.00   -36.9339
  22630.00   -36.9706
  22640.00   -37.1007
  22650.00   -37.0049
  22660.00   -36.7969
  22670.00   -37.0093
  22680.00   -36.9793
  22690.00   -37.3356
  22700.00   -36.6509
  22710.00   -37.1378
  22720.00   -36.7166
  22730.00   -37.0580
  22740.00   -37.3120
  22750.00   -37.7610
  22760.00   -37.4152
  22770.00   -36.7932
  22780.00   -37.4064
  22790.00   -37.1283
  22800.00   -36.9320
  22810.00   -36.8209
  22820.00   -37.0017
  22830.00   -37.2159
  22840.00   -36.6958
  22850.00   -37.1632
  22860.00   -37.1615
  22870.00   -36.8681
  22880.00   -37.1205
  22890.00   -37.0865
  22900.00   -36.3042
  22910.00   -36.8640
  22920.00   -37.3276
  22930.00   -37.4172
  22940.00   -37.0643
  22950.00   -37.1565
  22960.00   -37.0841
  22970.00   -37.2077
  22980.00   -36.9530
  22990.00   -36.9537
  23000.00   -36.9425
  23010.00   -36.4929
  23020.00   -37.4188
  23030.00   -36.7875
  23040.00   -36.9392
  23050.00   -37.4196
  23060.00   -37.2085
  23070.00   -37.2308
  23080.00   -37.3927
  23090.00   -37.5300
  23100.00   -36.4698
  23110.00   -36.5407
  23120.00   -37.2271
  23130.00   -37.1586
  23140.00   -36.9176
  23150.00   -37.8703
  23160.00   -37.1315
  23170.00   -36.8223
  23180.00   -37.3364
  23190.00   -36.7676
  23200.00   -36.9783
  23210.00   -37.2783
  23220.00   -36.9845
  23230.00   -36.8939
  23240.00   -37.4704
  23250.00   -36.9156
  23260.00   -37.5579
  23270.00   -37.1935
  23280.00   -37.3462
  23290.00   -36.9567
  23300.00   -36.6274
  23310.00   -36.9374
  23320.00   -36.8119
  23330.00   -37.0924
  23340.00   -37.1023
  23350.00   -37.5642
  23360.00   -36.7870
  23370.00   -37.1293
  23380.00   -37.4821
  23390.00   -37.1651
  23400.00   -36.8367
  23410.00   -37.0647
  23420.00   -37.0190
  23430.00   -37.0734
  23440.00   -37.0270
  23450.00   -36.5694
  23460.00   -36.8621
  23470.00   -37.0034
  23480.00   -36.5888
  23490.00   -36.9478
  23500.00   -36.4745
  23510.00   -37.1162
  23520.00   -36.8921
  23530.00   -36.4360
  23540.00   -36.8849
  23550.00   -36.7353
  23560.00   -36.8198
  23570.00   -37.2086
  23580.00   -36.9253
  23590.00   -36.7802
  23600.00   -37.1715
  23610.00   -36.4823
  23620.00   -36.8792
  23630.00   -37.1563
  23640.00   -36.9850
  23650.00   -36.8392
  23660.00   -36.8764
  23670.00   -37.1891
  23680.00   -36.5045
  23690.00   -36.9335
  23700.00   -36.6551
  23710.00   -36.7061
  23720.00   -36.9242
  23730.00   -36.9906
  23740.00   -36.6236
  23750.00   -37.4002
  23760.00   -37.4579
  23770.00   -37.0079
  23780.00   -36.8779
  23790.00   -37.0358
  23800.00   -37.2585
  23810.00   -36.8280
  23820.00   -37.0904
  23830.00   -37.3109
  23840.00   -36.8640
  23850.00   -36.5907
  23860.00   -36.9876
  23870.00   -36.5052
  23880.00   -36.7940
  23890.00   -37.0079
  23900.00   -36.8077
  23910.00   -37.1065
  23920.00   -37.5713
  23930.00   -37.2124
  23940.00   -36.6182
  23950.00   -37.5113
  23960.00   -37.1385
  23970.00   -36.8069
  23980.00   -37.1755
  23990.00   -37.1732
  24000.00   -37.0652
  24010.00   -36.7288
  24020.00   -37.3547
  24030.00   -36.8853
  24040.00   -36.9762
  24050.00   -37.5091
  24060.00   -37.0898
  24070.00   -36.8209
  24080.00   -37.2379
  24090.00   -37.0810
  24100.00   -36.8318
  24110.00   -37.0319
  24120.00   -36.4596
  24130.00   -37.0564
  24140.00   -36.8266
  24150.00   -36.8398
  24160.00   -37.6458
  24170.00   -37.4152
  24180.00   -36.9325
  24190.00   -37.5068
  24200.00   -37.0257
  24210.00   -37.2559
  24220.00   -36.9122
  24230.00   -36.8900
  24240.00   -36.5701
  24250.00   -36.9843
  24260.00   -36.4935
  24270.00   -37.3683
  24280.00   -36.6579
  24290.00   -37.0904
  24300.00   -37.2815
  24310.00   -37.0395
  24320.00   -37.0647
  24330.00   -37.4422
  24340.00   -37.6706
  24350.00   -37.7697
  24360.00   -37.3945
  24370.00   -37.0737
  24380.00   -37.4666
  24390.00   -37.3359
  24400.00   -37.0636
  24410.00   -37.1248
  24420.00   -37.0267
  24430.00   -37.7297
  24440.00   -36.7885
  24450.00   -36.2350
  24460.00   -36.7444
  24470.00   -36.9441
  24480.00   -36.9348
  24490.00   -36.7102
  24500.00   -36.9442
  24510.00   -37.0988
  24520.00   -37.5113
  24530.00   -36.7987
  24540.00   -37.3025
  24550.00   -37.0070
  24560.00   -36.7528
  24570.00   -36.5091
  24580.00   -36.6252
  24590.00   -36.7419
  24600.00   -37.4101
  24610.00   -36.7763
  24620.00   -37.4642
  24630.00   -37.2012
  24640.00   -36.5165
  24650.00   -36.9541
  24660.00   -37.0841
  24670.00   -36.6734
  24680.00   -37.0361
  24690.00   -37.0268
  24700.00   -37.6004
  24710.00   -37.0606
  24720.00   -37.7245
  24730.00   -37.1738
  24740.00   -37.1085
  24750.00   -36.6375
  24760.00   -36.9075
  24770.00   -37.3150
  24780.00   -37.1287
  24790.00   -36.7451
  24800.00   -36.4862
  24810.00   -37.0563
  24820.00   -37.2038
  24830.00   -37.4383
  24840.00   -36.8377
  24850.00   -37.2664
  24860.00   -36.8829
  24870.00   -36.8056
  24880.00   -36.7898
  24890.00   -36.4888
  24900.00   -37.3905
  24910.00   -37.1897
  24920.00   -36.6645
  24930.00   -36.0509
  24940.00   -36.9139
  24950.00   -36.6929
  24960.00   -37.1628
  24970.00   -36.6335
  24980.00   -37.1816
  24990.00   -37.4144
  25000.00   -37.1045
  25010.00   -36.3672
  25020.00   -36.9462
  25030.00   -36.7831
  25040.00   -37.0648
  25050.00   -37.0098
  25060.00   -37.3847
  25070.00   -36.6799
  25080.00   -37.1564
  25090.00   -36.6242
  25100.00   -37.2746
  25110.00   -36.9363
  25120.00   -36.5266
  25130.00   -36.3856
  25140.00   -37.0542
  25150.00   -36.9888
  25160.00   -36.9017
  25170.00   -37.3615
  25180.00   -36.7411
  25190.00   -36.6523
  25200.00   -36.6978
  25210.00   -36.8537
  25220.00   -36.8675
  25230.00   -36.7324
  25240.00   -36.8720
  25250.00   -36.7483
  25260.00   -37.7326
  25270.00   -37.3110
  25280.00   -37.0714
  25290.00   -37.5131
  25300.00   -36.9177
  25310.00   -36.8608
  25320.00   -37.4638
  25330.00   -36.8420
  25340.00   -36.6702
  25350.00   -37.0649
  25360.00   -37.3719
  25370.00   -37.2113
  25380.00   -36.6217
  25390.00   -36.9253
  25400.00   -37.0536
  25410.00   -37.2473
  25420.00   -37.0425
  25430.00   -36.7528
  25440.00   -37.2244
  25450.00   -37.0036
  25460.00   -37.0662
  25470.00   -36.8245
  25480.00   -36.8803
  25490.00   -37.3642
  25500.00   -37.1374
  25510.00   -37.0605
  25520.00   -37.3951
  25530.00   -36.9754
  25540.00   -36.7777
  25550.00   -36.9694
  25560.00   -37.2787
  25570.00   -37.0551
  25580.00   -37.3791
  25590.00   -36.8082
  25600.00   -36.9800
  25610.00   -37.1045
  25620.00   -36.6379
  25630.00   -36.7389
  25640.00   -36.7776
  25650.00   -36.9216
  25660.00   -37.0437
  25670.00   -37.1740
  25680.00   -36.9801
  25690.00   -36.9813
  25700.00   -37.5211
  25710.00   -36.7100
  25720.00   -37.5751
  25730.00   -36.9877
  25740.00   -36.6130
  25750.00   -36.9042
  25760.00   -36.4658
  25770.00   -36.6298
  25780.00   -37.1479
  25790.00   -37.1612
  25800.00   -37.4808
  25810.00   -37.0033
  25820.00   -37.3066
  25830.00   -36.4693
  25840.00   -37.0746
  25850.00   -37.3885
  25860.00   -37.0376
  25870.00   -36.7416
  25880.00   -36.8657
  25890.00   -37.0474
  25900.00   -37.3344
  25910.00   -37.2947
  25920.00   -36.4629
  25930.00   -37.0495
  25940.00   -37.4125
  25950.00   -36.9400
  25960.00   -36.5953
  25970.00   -36.6559
  25980.00   -37.3682
  25990.00   -36.9993
  26000.00   -37.0563
  26010.00   -36.6377
  26020.00   -37.2384
  26030.00   -37.6583
  26040.00   -36.2611
  26050.00   -37.1000
  26060.00   -36.9070
  26070.00   -37.1860
  26080.00   -37.1712
  26090.00   -36.9291
  26100.00   -37.4307
  26110.00   -36.1693
  26120.00   -36.8002
  26130.00   -37.0951
  26140.00   -37.2556
  26150.00   -36.8118
  26160.00   -37.0072
  26170.00   -37.0352
  26180.00   -36.9470
  26190.00   -36.6737
  26200.00   -36.8823
  26210.00   -36.9781
  26220.00   -36.9702
  26230.00   -36.9438
  26240.00   -36.8846
  26250.00   -37.1424
  26260.00   -36.9421
  26270.00   -37.1617
  26280.00   -37.3748
  26290.00   -36.6804
  26300.00   -37.3712
  26310.00   -37.1573
  26320.00   -36.3076
  26330.00   -37.6615
  26340.00   -37.1894
  26350.00   -37.3266
  26360.00   -37.3483
  26370.00   -36.7634
  26380.00   -37.0585
  26390.00   -36.8406
  26400.00   -36.9773
  26410.00   -36.7957
  26420.00   -36.7100
  26430.00   -36.8897
  26440.00   -36.9358
  26450.00   -36.8173
  26460.00   -36.9535
  26470.00   -37.3092
  26480.00   -37.1018
  26490.00   -36.8502
  26500.00   -36.9027
  26510.00   -37.1351
  26520.00   -37.0919
  26530.00   -36.7686
  26540.00   -37.1699
  26550.00   -37.2500
  26560.00   -36.9226
  26570.00   -36.9343
  26580.00   -36.6846
  26590.00   -36.3086
  26600.00   -36.7924
  26610.00   -37.5832
  26620.00   -36.8779
  26630.00   -36.8203
  26640.00   -36.7936
  26650.00   -36.9309
  26660.00   -37.4201
  26670.00   -36.8757
  26680.00   -36.8810
  26690.00   -36.6891
  26700.00   -37.2826
  26710.00   -37.1145
  26720.00   -37.0383
  26730.00   -37.0567
  26740.00   -36.7809
  26750.00   -37.4083
  26760.00   -37.2439
  26770.00   -36.8634
  26780.00   -36.5062
  26790.00   -36.8968
  26800.00   -36.9450
  26810.00   -37.4388
  26820.00   -36.8142
  26830.00   -36.9396
  26840.00   -37.0873
  26850.00   -36.9864
  26860.00   -37.3887
  26870.00   -36.7021
  26880.00   -37.5151
  26890.00   -36.6918
  26900.00   -36.8363
  26910.00   -36.9263
  26920.00   -36.6425
  26930.00   -36.7937
  26940.00   -36.8865
  26950.00   -36.9852
  26960.00   -37.0076
  26970.00   -36.9874
  26980.00   -36.8593
  26990.00   -37.0634
  27000.00   -36.7952
  27010.00   -37.1070
  27020.00   -37.3738
  27030.00   -36.7460
  27040.00   -36.6806
  27050.00   -36.4909
  27060.00   -37.1507
  27070.00   -36.9030
  27080.00   -36.9679
  27090.00   -37.2638
  27100.00   -36.5499
  27110.00   -36.7107
  27120.00   -37.0262
  27130.00   -37.2972
  27140.00   -37.0322
  27150.00   -36.5549
  27160.00   -36.7684
  27170.00   -36.6771
  27180.00   -36.8435
  27190.00   -37.2642
  27200.00   -37.0340
  27210.00   -37.1186
  27220.00   -36.4014
  27230.00   -36.9517
  27240.00   -36.8333
  27250.00   -36.8555
  27260.00   -36.9470
  27270.00   -37.1453
  27280.00   -37.1536
  27290.00   -36.9374
  27300.00   -37.3270
  27310.00   -37.5426
  27320.00   -36.8755
  27330.00   -36.8807
  27340.00   -36.6560
  27350.00   -36.5076
  27360.00   -36.8146
  27370.00   -37.1954
  27380.00   -37.2155
  27390.00   -36.9495
  27400.00   -36.9005
  27410.00   -37.4263
  27420.00   -37.2481
  27430.00   -36.6856
  27440.00   -37.0096
  27450.00   -36.8765
  27460.00   -37.2065
  27470.00   -37.0637
  27480.00   -36.7337
  27490.00   -36.8764
  27500.00   -36.6106
  27510.00   -36.9363
  27520.00   -37.0711
  27530.00   -37.2820
  27540.00   -37.5633
  27550.00   -37.6855
  27560.00   -36.8020
  27570.00   -36.8495
  27580.00   -37.2662
  27590.00   -36.7627
  27600.00   -36.8525
  27610.00   -37.2388
  27620.00   -36.9779
  27630.00   -36.9873
  27640.00   -36.9202
  27650.00   -36.9998
  27660.00   -37.0156
  27670.00   -37.1590
  27680.00   -36.9291
  27690.00   -37.1808
  27700.00   -37.2376
  27710.00   -37.4156
  27720.00   -37.1430
  27730.00   -37.2537
  27740.00   -36.5934
  27750.00   -36.4578
  27760.00   -37.3567
  27770.00   -37.0408
  27780.00   -37.1066
  27790.00   -36.9388
  27800.00   -37.4967
  27810.00   -37.2119
  27820.00   -36.8761
  27830.00   -37.0746
  27840.00   -37.0963
  27850.00   -36.5985
  27860.00   -36.9866
  27870.00   -37.1410
  27880.00   -37.2076
  27890.00   -36.9569
  27900.00   -37.3741
  27910.00   -37.6582
  27920.00   -36.6275
  27930.00   -37.3500
  27940.00   -36.8383
  27950.00   -36.8246
  27960.00   -37.2346
  27970.00   -37.3054
  27980.00   -37.1301
  27990.00   -36.7821
  28000.00   -36.7023
  28010.00   -37.1409
  28020.00   -37.1384
  28030.00   -36.6527
  28040.00   -37.1796
  28050.00   -37.0782
  28060.00   -36.8750
  28070.00   -36.5715
  28080.00   -36.4588
  28090.00   -37.0952
  28100.00   -36.5569
  28110.00   -37.0253
  28120.00   -36.9983
  28130.00   -36.4046
  28140.00   -37.3570
  28150.00   -37.4112
  28160.00   -36.3495
  28170.00   -37.1211
  28180.00   -36.7685
  28190.00   -37.4003
  28200.00   -37.0731
  28210.00   -36.6236
  28220.00   -37.1258
  28230.00   -36.7904
  28240.00   -36.9754
  28250.00   -37.2198
  28260.00   -36.8588
  28270.00   -36.9005
  28280.00   -37.8467
  28290.00   -36.9884
  28300.00   -37.6195
  28310.00   -36.7312
  28320.00   -37.2834
  28330.00   -37.0399
  28340.00   -37.2741
  28350.00   -37.1185
  28360.00   -36.6235
  28370.00   -37.1319
  28380.00   -36.7513
  28390.00   -37.4992
  28400.00   -37.1990
  28410.00   -36.9551
  28420.00   -37.0730
  28430.00   -36.8518
  28440.00   -37.6103
  28450.00   -36.5910
  28460.00   -37.0981
  28470.00   -36.8268
  28480.00   -37.3908
  28490.00   -37.4594
  28500.00   -37.3870
  28510.00   -37.3231
  28520.00   -36.8490
  28530.00   -37.0520
  28540.00   -37.3808
  28550.00   -37.9201
  28560.00   -37.3547
  28570.00   -37.0124
  28580.00   -36.8688
  28590.00   -36.7833
  28600.00   -36.9158
  28610.00   -36.9764
  28620.00   -36.9705
  28630.00   -37.2702
  28640.00   -36.8793
  28650.00   -37.0682
  28660.00   -36.9734
  28670.00   -37.0292
  28680.00   -36.9095
  28690.00   -37.0336
  28700.00   -36.8876
  28710.00   -36.9809
  28720.00   -36.4315
  28730.00   -36.8253
  28740.00   -36.9333
  28750.00   -36.7091
  28760.00   -36.7317
  28770.00   -37.2196
  28780.00   -37.3025
  28790.00   -36.8501
  28800.00   -37.2130
  28810.00   -37.3316
  28820.00   -36.8845
  28830.00   -36.5996
  28840.00   -36.8285
  28850.00   -36.6864
  28860.00   -36.9495
  28870.00   -36.7389
  28880.00   -36.9371
  28890.00   -37.2521
  28900.00   -37.0887
  28910.00   -37.0699
  28920.00   -37.3124
  28930.00   -37.6560
  28940.00   -37.0219
  28950.00   -37.1373
  28960.00   -37.5344
  28970.00   -37.1620
  28980.00   -36.4915
  28990.00   -37.2405
  29000.00   -36.8052
  29010.00   -37.0415
  29020.00   -36.3064
  29030.00   -36.9212
  29040.00   -37.2244
  29050.00   -37.1559
  29060.00   -37.4194
  29070.00   -36.6627
  29080.00   -37.1450
  29090.00   -36.5999
  29100.00   -36.5815
  29110.00   -36.7422
  29120.00   -36.5572
  29130.00   -36.5699
  29140.00   -36.9298
  29150.00   -37.1030
  29160.00   -37.3457
  29170.00   -36.6768
  29180.00   -36.4527
  29190.00   -37.1010
  29200.00   -36.7374
  29210.00   -37.2618
  29220.00   -36.3255
  29230.00   -37.6798
  29240.00   -36.9760
  29250.00   -37.0764
  29260.00   -37.0209
  29270.00   -37.0217
  29280.00   -37.2867
  29290.00   -36.8854
  29300.00   -36.8486
  29310.00   -37.6190
  29320.00   -37.5693
  29330.00   -36.3967
  29340.00   -37.4681
  29350.00   -36.6697
  29360.00   -36.8343
  29370.00   -36.6409
  29380.00   -36.3331
  29390.00   -36.9666
  29400.00   -36.9344
  29410.00   -37.1451
  29420.00   -37.0529
  29430.00   -36.9447
  29440.00   -36.5054
  29450.00   -37.1999
  29460.00   -37.3456
  29470.00   -36.9501
  29480.00   -36.8023
  29490.00   -36.7567
  29500.00   -36.4772
  29510.00   -37.1977
  29520.00   -36.7139
  29530.00   -36.7182
  29540.00   -37.4175
  29550.00   -36.6822
  29560.00   -37.2618
  29570.00   -37.3389
  29580.00   -37.4843
  29590.00   -36.8197
  29600.00   -37.6017
  29610.00   -37.5091
  29620.00   -37.2164
  29630.00   -36.7880
  29640.00   -37.1576
  29650.00   -37.1038
  29660.00   -36.7038
  29670.00   -37.1839
  29680.00   -37.0992
  29690.00   -37.0527
  29700.00   -36.8928
  29710.00   -37.1288
  29720.00   -37.3413
  29730.00   -37.3347
  29740.00   -36.6201
  29750.00   -37.2196
  29760.00   -37.6834
  29770.00   -36.7470
  29780.00   -37.1593
  29790.00   -37.0021
  29800.00   -37.1152
  29810.00   -37.1252
  29820.00   -37.0633
  29830.00   -36.6818
  29840.00   -37.0628
  29850.00   -36.9671
  29860.00   -37.0976
  29870.00   -37.0264
  29880.00   -36.2898
  29890.00   -36.7952
  29900.00   -36.9897
  29910.00   -37.2937
  29920.00   -37.0481
  29930.00   -36.9318
  29940.00   -36.6469
  29950.00   -36.9648
  29960.00   -36.7940
  29970.00   -37.0347
  29980.00   -37.5057
  29990.00   -36.7644
  30000.00   -37.0701
  30010.00   -36.4558
  30020.00   -36.6271
  30030.00   -37.2287
  30040.00   -36.8169
  30050.00   -36.9860
  30060.00   -37.1979
  30070.00   -36.7814
  30080.00   -37.4963
  30090.00   -37.5324
  30100.00   -37.0723
  30110.00   -37.3803
  30120.00   -37.3006
  30130.00   -36.6006
  30140.00   -36.7260
  30150.00   -36.9170
  30160.00   -37.5230
  30170.00   -36.6831
  30180.00   -37.1861
  30190.00   -36.9759
  30200.00   -37.3055
  30210.00   -37.0380
  30220.00   -36.6744
  30230.00   -36.7368
  30240.00   -36.6856
  30250.00   -36.7601
  30260.00   -37.0532
  30270.00   -37.3816
  30280.00   -37.3324
  30290.00   -36.6473
  30300.00   -37.2555
  30310.00   -36.8590
  30320.00   -36.9505
  30330.00   -37.0314
  30340.00   -36.4846
  30350.00   -36.8032
  30360.00   -37.4841
  30370.00   -36.8894
  30380.00   -36.5372
  30390.00   -37.1612
  30400.00   -37.2984
  30410.00   -37.0880
  30420.00   -37.1210
  30430.00   -37.3906
  30440.00   -37.2122
  30450.00   -36.9352
  30460.00   -37.2469
  30470.00   -36.9064
  30480.00   -37.6363
  30490.00   -36.8322
  30500.00   -36.8963
  30510.00   -37.3555
  30520.00   -37.0763
  30530.00   -37.0316
  30540.00   -37.5374
  30550.00   -37.2539
  30560.00   -36.8506
  30570.00   -36.7609
  30580.00   -37.6896
  30590.00   -37.2284
  30600.00   -37.1606
  30610.00   -36.8268
  30620.00   -36.8761
  30630.00   -37.3706
  30640.00   -36.9478
  30650.00   -36.6728
  30660.00   -37.1295
  30670.00   -37.1851
  30680.00   -37.2186
  30690.00   -36.7858
  30700.00   -37.3700
  30710.00   -36.7636
  30720.00   -36.7485
  30730.00   -36.9776
  30740.00   -37.4320
  30750.00   -37.4863
  30760.00   -36.7866
  30770.00   -37.3368
  30780.00   -36.8048
  30790.00   -36.9532
  30800.00   -36.9258
  30810.00   -37.2216
  30820.00   -36.9339
  30830.00   -36.8888
  30840.00   -37.4073
  30850.00   -37.1721
  30860.00   -37.0225
  30870.00   -36.8943
  30880.00   -36.6408
  30890.00   -36.5059
  30900.00   -37.3456
  30910.00   -36.8560
  30920.00   -37.5143
  30930.00   -37.1010
  30940.00   -36.8508
  30950.00   -37.1097
  30960.00   -36.6859
  30970.00   -37.5784
  30980.00   -36.9108
  30990.00   -37.2707
  31000.00   -37.0763
  31010.00   -36.8131
  31020.00   -38.1255
  31030.00   -37.5523
  31040.00   -36.9014
  31050.00   -37.0394
  31060.00   -37.1425
  31070.00   -37.2937
  31080.00   -36.9495
  31090.00   -36.4676
  31100.00   -37.0873
  31110.00   -36.8138
  31120.00   -37.1968
  31130.00   -37.4667
  31140.00   -37.2587
  31150.00   -36.8690
  31160.00   -37.2828
  31170.00   -37.4378
  31180.00   -36.6597
  31190.00   -36.8537
  31200.00   -36.9122
  31210.00   -37.0468
  31220.00   -36.8165
  31230.00   -36.8113
  31240.00   -37.0703
  31250.00   -37.1073
  31260.00   -36.9777
  31270.00   -37.0437
  31280.00   -36.7996
  31290.00   -36.7124
  31300.00   -36.3105
  31310.00   -37.2590
  31320.00   -36.8272
  31330.00   -36.9089
  31340.00   -36.9978
  31350.00   -37.1428
  31360.00   -37.1722
  31370.00   -37.3976
  31380.00   -37.2008
  31390.00   -37.1005
  31400.00   -37.0197
  31410.00   -36.9082
  31420.00   -37.2342
  31430.00   -37.1198
  31440.00   -37.0484
  31450.00   -37.2731
  31460.00   -36.8613
  31470.00   -37.0366
  31480.00   -37.3238
  31490.00   -37.0309
  31500.00   -36.9865
  31510.00   -36.9310
  31520.00   -36.7488
  31530.00   -36.8547
  31540.00   -36.8063
  31550.00   -36.4747
  31560.00   -36.8626
  31570.00   -37.2771
  31580.00   -37.1078
  31590.00   -36.8227
  31600.00   -37.2037
  31610.00   -37.4043
  31620.00   -37.2303
  31630.00   -37.4830
  31640.00   -37.2033
  31650.00   -36.7620
  31660.00   -36.6401
  31670.00   -37.0997
  31680.00   -36.4144
  31690.00   -36.7916
  31700.00   -36.9523
  31710.00   -36.3095
  31720.00   -37.0983
  31730.00   -36.5676
  31740.00   -36.9893
  31750.00   -37.4087
  31760.00   -36.9690
  31770.00   -36.8823
  31780.00   -36.8460
  31790.00   -37.1390
  31800.00   -36.5896
  31810.00   -36.7462
  31820.00   -36.8835
  31830.00   -37.0077
  31840.00   -37.2939
  31850.00   -36.9253
  31860.00   -36.5645
  31870.00   -37.5385
  31880.00   -37.0291
  31890.00   -37.1241
  31900.00   -37.2979
  31910.00   -37.4534
  31920.00   -37.0177
  31930.00   -37.3199
  31940.00   -36.8223
  31950.00   -37.2008
  31960.00   -37.0078
  31970.00   -36.7168
  31980.00   -37.0498
  31990.00   -36.9502
  32000.00   -36.9134
  32010.00   -37.0744
  32020.00   -36.6895
  32030.00   -36.9402
  32040.00   -36.4153
  32050.00   -36.4850
  32060.00   -37.1404
  32070.00   -37.2499
  32080.00   -36.3960
  32090.00   -37.2664
  32100.00   -37.0791
  32110.00   -37.5544
  32120.00   -37.2353
  32130.00   -36.9367
  32140.00   -37.1063
  32150.00   -36.8948
  32160.00   -37.2851
  32170.00   -37.0831
  32180.00   -36.7418
  32190.00   -36.8430
  32200.00   -37.0602
  32210.00   -37.1213
  32220.00   -36.6981
  32230.00   -36.7475
  32240.00   -36.7533
  32250.00   -36.8478
  32260.00   -36.6997
  32270.00   -37.3989
  32280.00   -36.7535
  32290.00   -36.9096
  32300.00   -36.3792
  32310.00   -36.8312
  32320.00   -36.9040
  32330.00   -36.8379
  32340.00   -37.0516
  32350.00   -37.1234
  32360.00   -37.6318
  32370.00   -37.1439
  32380.00   -37.1542
  32390.00   -37.2070
  32400.00   -37.1487
  32410.00   -36.7950
  32420.00   -36.5932
  32430.00   -37.0076
  32440.00   -37.2683
  32450.00   -36.7802
  32460.00   -36.3017
  32470.00   -36.7021
  32480.00   -37.2300
  32490.00   -37.2516
  32500.00   -37.1391
  32510.00   -37.7214
  32520.00   -37.1717
  32530.00   -37.2921
  32540.00   -37.1538
  32550.00   -36.7821
  32560.00   -36.9630
  32570.00   -36.5858
  32580.00   -37.1747
  32590.00   -37.1111
  32600.00   -37.4458
  32610.00   -36.9738
  32620.00   -36.4795
  32630.00   -37.2145
  32640.00   -37.0157
  32650.00   -36.6987
  32660.00   -36.9129
  32670.00   -36.8341
  32680.00   -37.4594
  32690.00   -37.7656
  32700.00   -37.0057
  32710.00   -37.1775
  32720.00   -36.8776
  32730.00   -36.5603
  32740.00   -37.0355
  32750.00   -36.9736
  32760.00   -36.5605
  32770.00   -37.0206
  32780.00   -37.0422
  32790.00   -36.9455
  32800.00   -36.8595
  32810.00   -36.8982
  32820.00   -36.9212
  32830.00   -37.3217
  32840.00   -37.4263
  32850.00   -37.3893
  32860.00   -36.7812
  32870.00   -37.6933
  32880.00   -37.3083
  32890.00   -37.0079
  32900.00   -37.1714
  32910.00   -36.8059
  32920.00   -36.8224
  32930.00   -36.9811
  32940.00   -36.9047
  32950.00   -36.9888
  32960.00   -37.2012
  32970.00   -36.4666
  32980.00   -37.1942
  32990.00   -37.1570
  33000.00   -36.4851
  33010.00   -36.8867
  33020.00   -36.7305
  33030.00   -37.0362
  33040.00   -37.4271
  33050.00   -37.0236
  33060.00   -36.8980
  33070.00   -36.8571
  33080.00   -36.7546
  33090.00   -37.2603
  33100.00   -37.1795
  33110.00   -37.5351
  33120.00   -37.0671
  33130.00   -37.1144
  33140.00   -36.9266
  33150.00   -37.2426
  33160.00   -37.0692
  33170.00   -36.6609
  33180.00   -37.4241
  33190.00   -37.3366
  33200.00   -37.1693
  33210.00   -36.9375
  33220.00   -36.5939
  33230.00   -36.5338
  33240.00   -37.0450
  33250.00   -36.8771
  33260.00   -37.1409
  33270.00   -36.9186
  33280.00   -36.3387
  33290.00   -37.2069
  33300.00   -37.1757
  33310.00   -36.5821
  33320.00   -37.1010
  33330.00   -36.3367
  33340.00   -36.8572
  33350.00   -36.4923
  33360.00   -36.6479
  33370.00   -36.7216
  33380.00   -36.9515
  33390.00   -36.6712
  33400.00   -37.3531
  33410.00   -36.9709
  33420.00   -37.2790
  33430.00   -37.1855
  33440.00   -37.5679
  33450.00   -36.8085
  33460.00   -37.0394
  33470.00   -36.7921
  33480.00   -37.0446
  33490.00   -37.0131
  33500.00   -37.2427
  33510.00   -37.1394
  33520.00   -37.0058
  33530.00   -36.9750
  33540.00   -37.2653
  33550.00   -36.9857
  33560.00   -36.5647
  33570.00   -37.6174
  33580.00   -37.3653
  33590.00   -36.4142
  33600.00   -37.1308
  33610.00   -37.3092
  33620.00   -37.0959
  33630.00   -37.3129
  33640.00   -37.2640
  33650.00   -37.1919
  33660.00   -37.0552
  33670.00   -37.0835
  33680.00   -37.0522
  33690.00   -37.1832
  33700.00   -36.5592
  33710.00   -36.9192
  33720.00   -36.8058
  33730.00   -37.4196
  33740.00   -37.0412
  33750.00   -36.8620
  33760.00   -36.3595
  33770.00   -37.1297
  33780.00   -37.2959
  33790.00   -36.4368
  33800.00   -37.3890
  33810.00   -36.8665
  33820.00   -36.4995
  33830.00   -36.7100
  33840.00   -36.6484
  33850.00   -36.7042
  33860.00   -37.1192
  33870.00   -37.1986
  33880.00   -36.9124
  33890.00   -37.2468
  33900.00   -36.6352
  33910.00   -36.8652
  33920.00   -36.7836
  33930.00   -36.5295
  33940.00   -36.7696
  33950.00   -36.8194
  33960.00   -37.3501
  33970.00   -36.9805
  33980.00   -36.9800
  33990.00   -37.0615
  34000.00   -36.8634
  34010.00   -37.2534
  34020.00   -36.4112
  34030.00   -37.0355
  34040.00   -36.6870
  34050.00   -37.0801
  34060.00   -37.3173
  34070.00   -36.7223
  34080.00   -36.7701
  34090.00   -37.1566
  34100.00   -36.3396
  34110.00   -37.3461
  34120.00   -36.6137
  34130.00   -36.3205
  34140.00   -37.2801
  34150.00   -36.8275
  34160.00   -37.0821
  34170.00   -37.5301
  34180.00   -37.0751
  34190.00   -36.8121
  34200.00   -36.7748
  34210.00   -36.9521
  34220.00   -37.0016
  34230.00   -37.0402
  34240.00   -37.1874
  34250.00   -37.2653
  34260.00   -37.2930
  34270.00   -37.0882
  34280.00   -36.4947
  34290.00   -37.3956
  34300.00   -36.7919
  34310.00   -36.4930
  34320.00   -36.7091
  34330.00   -36.2348
  34340.00   -37.1449
  34350.00   -36.6334
  34360.00   -36.8969
  34370.00   -37.2351
  34380.00   -36.4779
  34390.00   -36.9694
  34400.00   -36.8679
  34410.00   -36.7205
  34420.00   -36.8044
  34430.00   -36.7328
  34440.00   -36.8141
  34450.00   -36.8888
  34460.00   -37.1186
  34470.00   -37.2779
  34480.00   -37.1710
  34490.00   -36.6618
  34500.00   -36.9815
  34510.00   -36.8965
  34520.00   -37.2999
  34530.00   -37.0003
  34540.00   -36.5757
  34550.00   -36.9483
  34560.00   -36.6171
  34570.00   -37.0773
  34580.00   -37.0658
  34590.00   -37.0952
  34600.00   -36.8978
  34610.00   -36.8726
  34620.00   -37.2368
  34630.00   -37.2905
  34640.00   -36.8473
  34650.00   -37.3948
  34660.00   -37.5847
  34670.00   -37.3271
  34680.00   -37.0293
  34690.00   -37.2495
  34700.00   -37.3471
  34710.00   -36.5171
  34720.00   -36.8209
  34730.00   -37.2101
  34740.00   -36.8114
  34750.00   -37.5132
  34760.00   -36.7275
  34770.00   -36.8462
  34780.00   -37.1796
  34790.00   -37.1100
  34800.00   -37.4538
  34810.00   -36.6159
  34820.00   -36.8324
  34830.00   -36.5708
  34840.00   -36.8594
  34850.00   -37.0036
  34860.00   -36.8524
  34870.00   -36.4031
  34880.00   -37.0242
  34890.00   -36.9199
  34900.00   -37.0981
  34910.00   -36.9117
  34920.00   -37.2706
  34930.00   -36.6347
  34940.00   -36.7263
  34950.00   -36.6170
  34960.00   -36.7213
  34970.00   -36.8699
  34980.00   -37.0761
  34990.00   -37.0093
  35000.00   -36.8193
  35010.00   -36.8792
  35020.00   -36.5221
  35030.00   -37.3939
  35040.00   -36.8308
  35050.00   -36.7105
  35060.00   -37.0961
  35070.00   -36.9573
  35080.00   -36.7385
  35090.00   -36.8270
  35100.00   -36.7371
  35110.00   -37.0191
  35120.00   -36.8502
  35130.00   -36.9266
  35140.00   -36.7700
  35150.00   -36.3148
  35160.00   -37.0628
  35170.00   -36.8689
  35180.00   -36.9066
  35190.00   -36.5630
  35200.00   -37.0999
  35210.00   -36.8827
  35220.00   -37.3079
  35230.00   -37.2548
  35240.00   -36.8199
  35250.00   -36.8298
  35260.00   -37.3739
  35270.00   -37.0713
  35280.00   -37.1806
  35290.00   -36.7756
  35300.00   -37.0506
  35310.00   -36.6133
  35320.00   -36.6518
  35330.00   -37.3289
  35340.00   -36.7160
  35350.00   -37.4435
  35360.00   -36.7603
  35370.00   -37.1441
  35380.00   -36.9365
  35390.00   -36.5406
  35400.00   -37.4023
  35410.00   -37.2241
  35420.00   -36.7822
  35430.00   -37.4644
  35440.00   -36.8659
  35450.00   -37.5004
  35460.00   -37.1619
  35470.00   -37.0099
  35480.00   -37.1706
  35490.00   -37.1772
  35500.00   -36.9534
  35510.00   -36.9204
  35520.00   -37.0518
  35530.00   -36.7957
  35540.00   -36.3933
  35550.00   -36.8956
  35560.00   -36.6654
  35570.00   -36.5930
  35580.00   -36.8066
  35590.00   -36.7186
  35600.00   -36.9205
  35610.00   -36.9021
  35620.00   -36.9129
  35630.00   -36.8265
  35640.00   -37.4876
  35650.00   -37.6218
  35660.00   -37.1969
  35670.00   -37.2318
  35680.00   -36.2927
  35690.00   -37.2265
  35700.00   -36.9593
  35710.00   -37.2623
  35720.00   -37.4791
  35730.00   -36.5055
  35740.00   -37.2026
  35750.00   -36.9468
  35760.00   -36.5651
  35770.00   -36.7097
  35780.00   -37.5439
  35790.00   -37.1166
  35800.00   -36.9247
  35810.00   -36.7597
  35820.00   -37.5005
  35830.00   -36.8027
  35840.00   -36.7392
  35850.00   -36.9533
  35860.00   -36.9724
  35870.00   -36.6365
  35880.00   -37.0530
  35890.00   -36.3398
  35900.00   -37.0562
  35910.00   -36.9333
  35920.00   -37.2701
  35930.00   -37.3178
  35940.00   -36.8952
  35950.00   -36.7131
  35960.00   -37.1767
  35970.00   -37.1165
  35980.00   -36.8417
  35990.00   -36.9328
  36000.00   -36.8218
  36010.00   -36.8248
  36020.00   -37.0314
  36030.00   -37.5006
  36040.00   -37.1193
  36050.00   -36.2917
  36060.00   -37.2556
  36070.00   -36.8820
  36080.00   -37.5913
  36090.00   -36.3746
  36100.00   -36.8202
  36110.00   -36.6315
  36120.00   -36.9699
  36130.00   -36.6940
  36140.00   -36.8622
  36150.00   -36.6277
  36160.00   -36.6031
  36170.00   -36.9737
  36180.00   -36.7506
  36190.00   -36.7406
  36200.00   -37.1429
  36210.00   -36.6998
  36220.00   -37.2371
  36230.00   -36.7901
  36240.00   -37.1151
  36250.00   -37.4848
  36260.00   -37.0682
  36270.00   -36.8152
  36280.00   -36.8477
  36290.00   -36.9918
  36300.00   -37.0552
  36310.00   -37.4393
  36320.00   -37.2851
  36330.00   -37.2571
  36340.00   -36.9317
  36350.00   -36.9554
  36360.00   -37.7308
  36370.00   -36.9908
  36380.00   -36.6471
  36390.00   -37.0411
  36400.00   -36.8182
  36410.00   -37.3623
  36420.00   -37.0957
  36430.00   -36.8670
  36440.00   -37.0585
  36450.00   -37.3602
  36460.00   -36.4377
  36470.00   -37.1012
  36480.00   -36.4844
  36490.00   -36.6574
  36500.00   -36.5457
  36510.00   -37.5683
  36520.00   -37.4833
  36530.00   -37.0122
  36540.00   -37.3474
  36550.00   -36.9056
  36560.00   -37.0781
  36570.00   -37.0858
  36580.00   -36.1019
  36590.00   -37.2716
  36600.00   -36.8690
  36610.00   -37.4003
  36620.00   -37.2536
  36630.00   -36.6445
  36640.00   -36.7177
  36650.00   -36.8447
  36660.00   -36.8114
  36670.00   -36.4971
  36680.00   -37.4191
  36690.00   -36.9403
  36700.00   -37.1902
  36710.00   -36.8723
  36720.00   -36.6303
  36730.00   -36.8758
  36740.00   -37.2873
  36750.00   -37.2614
  36760.00   -36.7415
  36770.00   -36.8802
  36780.00   -37.1098
  36790.00   -37.2512
  36800.00   -36.8665
  36810.00   -36.5396
  36820.00   -36.9739
  36830.00   -36.9124
  36840.00   -36.6492
  36850.00   -36.9729
  36860.00   -36.9410
  36870.00   -36.9656
  36880.00   -37.1730
  36890.00   -36.9658
  36900.00   -36.6738
  36910.00   -37.1787
  36920.00   -37.0627
  36930.00   -37.0567
  36940.00   -37.2946
  36950.00   -37.2157
  36960.00   -37.0398
  36970.00   -37.2961
  36980.00   -36.7801
  36990.00   -37.6204
  37000.00   -37.5696
  37010.00   -36.7452
  37020.00   -36.7903
  37030.00   -36.9093
  37040.00   -37.3050
  37050.00   -37.4387
  37060.00   -36.9118
  37070.00   -36.6515
  37080.00   -36.9095
  37090.00   -36.9569
  37100.00   -37.1208
  37110.00   -36.4284
  37120.00   -37.1101
  37130.00   -36.8652
  37140.00   -36.8779
  37150.00   -37.0415
  37160.00   -37.0225
  37170.00   -37.1060
  37180.00   -36.8534
  37190.00   -36.7819
  37200.00   -37.5293
  37210.00   -37.0140
  37220.00   -37.6414
  37230.00   -36.5775
  37240.00   -36.8985
  37250.00   -36.9706
  37260.00   -37.3674
  37270.00   -36.8677
  37280.00   -37.3960
  37290.00   -36.7911
  37300.00   -37.1031
  37310.00   -37.2431
  37320.00   -36.6904
  37330.00   -37.0028
  37340.00   -37.5139
  37350.00   -37.1819
  37360.00   -36.6459
  37370.00   -36.5216
  37380.00   -36.9866
  37390.00   -36.6206
  37400.00   -37.1248
  37410.00   -36.8323
  37420.00   -37.5549
  37430.00   -36.6957
  37440.00   -37.2445
  37450.00   -37.2705
  37460.00   -36.9798
  37470.00   -36.8941
  37480.00   -37.0781
  37490.00   -37.2886
  37500.00   -37.0543
  37510.00   -37.1582
  37520.00   -36.7717
  37530.00   -37.1266
  37540.00   -36.9591
  37550.00   -37.1754
  37560.00   -37.3447
  37570.00   -37.0564
  37580.00   -37.0983
  37590.00   -36.8341
  37600.00   -37.1099
  37610.00   -37.2896
  37620.00   -37.3614
  37630.00   -36.6484
  37640.00   -36.5384
  37650.00   -37.3983
  37660.00   -37.0257
  37670.00   -37.2357
  37680.00   -36.7598
  37690.00   -37.0068
  37700.00   -37.2249
  37710.00   -37.0215
  37720.00   -37.1386
  37730.00   -37.6358
  37740.00   -36.5846
  37750.00   -37.1165
  37760.00   -37.1551
  37770.00   -36.6612
  37780.00   -37.6093
  37790.00   -37.3786
  37800.00   -36.6465
  37810.00   -37.1494
  37820.00   -37.1104
  37830.00   -37.0337
  37840.00   -37.0345
  37850.00   -36.8573
  37860.00   -36.7661
  37870.00   -36.9366
  37880.00   -36.8826
  37890.00   -36.8088
  37900.00   -37.1738
  37910.00   -37.0422
  37920.00   -36.6466
  37930.00   -37.0579
  37940.00   -36.5867
  37950.00   -36.9030
  37960.00   -37.2228
  37970.00   -36.8280
  37980.00   -37.0872
  37990.00   -37.2700
  38000.00   -36.8128
  38010.00   -37.1002
  38020.00   -37.3067
  38030.00   -36.9929
  38040.00   -36.8192
  38050.00   -37.5815
  38060.00   -36.8334
  38070.00   -36.9988
  38080.00   -36.8112
  38090.00   -37.0709
  38100.00   -37.1639
  38110.00   -37.2606
  38120.00   -36.7783
  38130.00   -36.9745
  38140.00   -37.3096
  38150.00   -36.8589
  38160.00   -37.1245
  38170.00   -36.7332
  38180.00   -36.8672
  38190.00   -37.2123
  38200.00   -36.8233
  38210.00   -37.2853
  38220.00   -37.2051
  38230.00   -37.2780
  38240.00   -37.1977
  38250.00   -37.1713
  38260.00   -37.1800
  38270.00   -37.0619
  38280.00   -37.4223
  38290.00   -36.7281
  38300.00   -36.9491
  38310.00   -37.5085
  38320.00   -36.8021
  38330.00   -37.1064
  38340.00   -37.2126
  38350.00   -36.8980
  38360.00   -36.9669
  38370.00   -37.3218
  38380.00   -36.4953
  38390.00   -36.9240
  38400.00   -36.6470
  38410.00   -36.8595
  38420.00   -37.3492
  38430.00   -36.9668
  38440.00   -37.0802
  38450.00   -36.8870
  38460.00   -37.0643
  38470.00   -36.8843
  38480.00   -36.9237
  38490.00   -37.5733
  38500.00   -37.3892
  38510.00   -37.1161
  38520.00   -37.2359
  38530.00   -37.3873
  38540.00   -36.6635
  38550.00   -36.9529
  38560.00   -37.0916
  38570.00   -36.8682
  38580.00   -37.5128
  38590.00   -37.0502
  38600.00   -37.3623
  38610.00   -36.7192
  38620.00   -36.9283
  38630.00   -36.6255
  38640.00   -36.6416
  38650.00   -36.9388
  38660.00   -36.9182
  38670.00   -36.7235
  38680.00   -36.5449
  38690.00   -36.9338
  38700.00   -37.0544
  38710.00   -37.1988
  38720.00   -37.3671
  38730.00   -36.7411
  38740.00   -37.0438
  38750.00   -37.4235
  38760.00   -36.8670
  38770.00   -36.7309
  38780.00   -36.5741
  38790.00   -36.2798
  38800.00   -36.8361
  38810.00   -36.8811
  38820.00   -37.2841
  38830.00   -36.7499
  38840.00   -37.4468
  38850.00   -37.1505
  38860.00   -37.2605
  38870.00   -36.9824
  38880.00   -36.6911
  38890.00   -36.8929
  38900.00   -37.2652
  38910.00   -37.4317
  38920.00   -36.8501
  38930.00   -36.9987
  38940.00   -36.4260
  38950.00   -37.0924
  38960.00   -36.7199
  38970.00   -37.1888
  38980.00   -36.7189
  38990.00   -37.1156
  39000.00   -37.1354
  39010.00   -36.9488
  39020.00   -36.9304
  39030.00   -37.0456
  39040.00   -36.5632
  39050.00   -36.9873
  39060.00   -36.5928
  39070.00   -36.3606
  39080.00   -37.3805
  39090.00   -37.3178
  39100.00   -36.6286
  39110.00   -36.8386
  39120.00   -37.1188
  39130.00   -37.4114
  39140.00   -36.8957
  39150.00   -37.3915
  39160.00   -37.2032
  39170.00   -37.2933
  39180.00   -36.9259
  39190.00   -36.7550
  39200.00   -37.2454
  39210.00   -37.4665
  39220.00   -36.8792
  39230.00   -36.8292
  39240.00   -37.1401
  39250.00   -36.6179
  39260.00   -37.1840
  39270.00   -37.1934
  39280.00   -36.7913
  39290.00   -36.7229
  39300.00   -36.9545
  39310.00   -36.6396
  39320.00   -36.8172
  39330.00   -36.9923
  39340.00   -36.3480
  39350.00   -37.5660
  39360.00   -36.9067
  39370.00   -37.1965
  39380.00   -36.9283
  39390.00   -37.1823
  39400.00   -37.0461
  39410.00   -37.1097
  39420.00   -37.2557
  39430.00   -37.1117
  39440.00   -37.1756
  39450.00   -36.5011
  39460.00   -36.8966
  39470.00   -36.5584
  39480.00   -36.8789
  39490.00   -36.9222
  39500.00   -37.2980
  39510.00   -36.6307
  39520.00   -36.7704
  39530.00   -37.1724
  39540.00   -37.3079
  39550.00   -37.1693
  39560.00   -36.4678
  39570.00   -36.6265
  39580.00   -36.9555
  39590.00   -37.1118
  39600.00   -36.9156
  39610.00   -36.6677
  39620.00   -36.8866
  39630.00   -36.5810
  39640.00   -37.1505
  39650.00   -37.1673
  39660.00   -37.3668
  39670.00   -37.1452
  39680.00   -36.9254
  39690.00   -37.5501
  39700.00   -37.1100
  39710.00   -36.6138
  39720.00   -36.8323
  39730.00   -36.7746
  39740.00   -37.2136
  39750.00   -36.6940
  39760.00   -36.8398
  39770.00   -36.5544
  39780.00   -37.1137
  39790.00   -36.8594
  39800.00   -36.5668
  39810.00   -36.6956
  39820.00   -36.5230
  39830.00   -37.0983
  39840.00   -37.0285
  39850.00   -36.9516
  39860.00   -37.0764
  39870.00   -36.8545
  39880.00   -37.2944
  39890.00   -36.6911
  39900.00   -36.6516
  39910.00   -36.8205
  39920.00   -36.8385
  39930.00   -36.6155
  39940.00   -36.9309
  39950.00   -37.2698
  39960.00   -37.0364
  39970.00   -36.9560
  39980.00   -37.5573
  39990.00   -36.8741
  40000.00   -36.9656
  40010.00   -36.6676
  40020.00   -37.0604
  40030.00   -37.1921
  40040.00   -36.7695
  40050.00   -37.0266
  40060.00   -37.3218
  40070.00   -37.2826
  40080.00   -36.9734
  40090.00   -37.1113
  40100.00   -37.2251
  40110.00   -37.0456
  40120.00   -36.4900
  40130.00   -37.3359
  40140.00   -37.2415
  40150.00   -36.7523
  40160.00   -37.5577
  40170.00   -36.9444
  40180.00   -36.5850
  40190.00   -36.8307
  40200.00   -37.2958
  40210.00   -36.7404
  40220.00   -36.6542
  40230.00   -37.5966
  40240.00   -37.0608
  40250.00   -36.9863
  40260.00   -37.2929
  40270.00   -37.2177
  40280.00   -37.2187
  40290.00   -36.9385
  40300.00   -36.8896
  40310.00   -37.0396
  40320.00   -37.1204
  40330.00   -37.0681
  40340.00   -36.9615
  40350.00   -36.7140
  40360.00   -36.2263
  40370.00   -36.9691
  40380.00   -37.2988
  40390.00   -37.0099
  40400.00   -37.0362
  40410.00   -37.0234
  40420.00   -37.2663
  40430.00   -37.5602
  40440.00   -37.0668
  40450.00   -37.0450
  40460.00   -37.1085
  40470.00   -36.5566
  40480.00   -36.8277
  40490.00   -37.2759
  40500.00   -37.5670
  40510.00   -36.6445
  40520.00   -37.2750
  40530.00   -36.5167
  40540.00   -36.9337
  40550.00   -37.2552
  40560.00   -36.9246
  40570.00   -36.8882
  40580.00   -36.5307
  40590.00   -37.1467
  40600.00   -36.9132
  40610.00   -37.4925
  40620.00   -37.4529
  40630.00   -36.8073
  40640.00   -36.9786
  40650.00   -36.8974
  40660.00   -37.1834
  40670.00   -36.7349
  40680.00   -36.8874
  40690.00   -37.1108
  40700.00   -36.9758
  40710.00   -37.0850
  40720.00   -37.6127
  40730.00   -36.7426
  40740.00   -37.0325
  40750.00   -37.3234
  40760.00   -36.8120
  40770.00   -36.8498
  40780.00   -36.9872
  40790.00   -37.2074
  40800.00   -36.9784
  40810.00   -36.9616
  40820.00   -37.0109
  40830.00   -37.1821
  40840.00   -37.2206
  40850.00   -37.2429
  40860.00   -36.9148
  40870.00   -36.7607
  40880.00   -37.0318
  40890.00   -37.1029
  40900.00   -36.9973
  40910.00   -37.0458
  40920.00   -37.0062
  40930.00   -36.4448
  40940.00   -37.1027
  40950.00   -37.2517
  40960.00   -36.9119
  40970.00   -36.7548
  40980.00   -37.3910
  40990.00   -37.0392
  41000.00   -36.8034
  41010.00   -37.2374
  41020.00   -37.1736
  41030.00   -37.2530
  41040.00   -37.0324
  41050.00   -37.2932
  41060.00   -36.8329
  41070.00   -36.9336
  41080.00   -37.3734
  41090.00   -37.4498
  41100.00   -36.6655
  41110.00   -36.8666
  41120.00   -36.6342
  41130.00   -37.0556
  41140.00   -37.0511
  41150.00   -37.2097
  41160.00   -37.0537
  41170.00   -36.6863
  41180.00   -37.3559
  41190.00   -36.4258
  41200.00   -36.6861
  41210.00   -36.9638
  41220.00   -37.2419
  41230.00   -36.8310
  41240.00   -37.1285
  41250.00   -36.9944
  41260.00   -36.8526
  41270.00   -37.1675
  41280.00   -36.6846
  41290.00   -37.2394
  41300.00   -37.2774
  41310.00   -37.2874
  41320.00   -36.8683
  41330.00   -37.1353
  41340.00   -37.1612
  41350.00   -36.6491
  41360.00   -36.8886
  41370.00   -37.4131
  41380.00   -36.7493
  41390.00   -37.4344
  41400.00   -37.0566
  41410.00   -37.2917
  41420.00   -36.8617
  41430.00   -37.6653
  41440.00   -36.5900
  41450.00   -36.6236
  41460.00   -37.0679
  41470.00   -37.5848
  41480.00   -36.8971
  41490.00   -36.5186
  41500.00   -36.9495
  41510.00   -37.2066
  41520.00   -36.7766
  41530.00   -37.2023
  41540.00   -36.8827
  41550.00   -37.0933
  41560.00   -37.3711
  41570.00   -36.7297
  41580.00   -37.1623
  41590.00   -36.3786
  41600.00   -37.0599
  41610.00   -36.6902
  41620.00   -37.0344
  41630.00   -36.9623
  41640.00   -36.8080
  41650.00   -37.0875
  41660.00   -36.5762
  41670.00   -36.3771
  41680.00   -37.0515
  41690.00   -36.8923
  41700.00   -37.4219
  41710.00   -36.7073
  41720.00   -37.3532
  41730.00   -36.5753
  41740.00   -37.0687
  41750.00   -36.5468
  41760.00   -36.6606
  41770.00   -36.9605
  41780.00   -37.1366
  41790.00   -36.6251
  41800.00   -37.2445
  41810.00   -36.9752
  41820.00   -36.8826
  41830.00   -37.0047
  41840.00   -36.9145
  41850.00   -37.2288
  41860.00   -36.9420
  41870.00   -37.5326
  41880.00   -37.3133
  41890.00   -37.1705
  41900.00   -37.5355
  41910.00   -37.0099
  41920.00   -36.8253
  41930.00   -36.7485
  41940.00   -37.3347
  41950.00   -36.4427
  41960.00   -36.8179
  41970.00   -36.9939
  41980.00   -37.6789
  41990.00   -37.5167
  42000.00   -36.8241
  42010.00   -37.2632
  42020.00   -37.1437
  42030.00   -36.9754
  42040.00   -36.7992
  42050.00   -36.7241
  42060.00   -37.2884
  42070.00   -37.2582
  42080.00   -36.7225
  42090.00   -37.3184
  42100.00   -37.1515
  42110.00   -36.8788
  42120.00   -37.1365
  42130.00   -37.0102
  42140.00   -37.3919
  42150.00   -37.0495
  42160.00   -36.8316
  42170.00   -37.0558
  42180.00   -37.0507
  42190.00   -36.8931
  42200.00   -36.6618
  42210.00   -37.1114
  42220.00   -37.0569
  42230.00   -36.7184
  42240.00   -37.1745
  42250.00   -37.0586
  42260.00   -37.2876
  42270.00   -37.2335
  42280.00   -36.4835
  42290.00   -36.7577
  42300.00   -37.0971
  42310.00   -37.1674
  42320.00   -37.4779
  42330.00   -37.2001
  42340.00   -37.3238
  42350.00   -37.2350
  42360.00   -37.1353
  42370.00   -36.6355
  42380.00   -37.0970
  42390.00   -37.1736
  42400.00   -37.0675
  42410.00   -36.9370
  42420.00   -37.4826
  42430.00   -36.7976
  42440.00   -37.5271
  42450.00   -37.3618
  42460.00   -37.1626
  42470.00   -37.3046
  42480.00   -37.0067
  42490.00   -37.3654
  42500.00   -37.0698
  42510.00   -37.1174
  42520.00   -36.9361
  42530.00   -37.4221
  42540.00   -36.8120
  42550.00   -37.4981
  42560.00   -37.2621
  42570.00   -36.6145
  42580.00   -36.5388
  42590.00   -36.9818
  42600.00   -37.5389
  42610.00   -36.7811
  42620.00   -37.3211
  42630.00   -36.4276
  42640.00   -37.1565
  42650.00   -37.2576
  42660.00   -37.5187
  42670.00   -36.5286
  42680.00   -36.8656
  42690.00   -37.5662
  42700.00   -37.0669
  42710.00   -37.6199
  42720.00   -36.9673
  42730.00   -37.0349
  42740.00   -37.0975
  42750.00   -37.6737
  42760.00   -36.9720
  42770.00   -37.1222
  42780.00   -37.3121
  42790.00   -36.7433
  42800.00   -37.1640
  42810.00   -36.9304
  42820.00   -37.2177
  42830.00   -37.0461
  42840.00   -36.4594
  42850.00   -37.2906
  42860.00   -37.2563
  42870.00   -36.9194
  42880.00   -37.0658
  42890.00   -37.2979
  42900.00   -36.7146
  42910.00   -37.1808
  42920.00   -37.2624
  42930.00   -37.0831
  42940.00   -36.9692
  42950.00   -37.5022
  42960.00   -37.2386
  42970.00   -36.9463
  42980.00   -37.3156
  42990.00   -36.5955
  43000.00   -37.2003
  43010.00   -36.6818
  43020.00   -37.0787
  43030.00   -36.5392
  43040.00   -37.0946
  43050.00   -37.2296
  43060.00   -37.1634
  43070.00   -37.1307
  43080.00   -37.1155
  43090.00   -37.1664
  43100.00   -37.3578
  43110.00   -36.9832
  43120.00   -37.1973
  43130.00   -36.7715
  43140.00   -37.0906
  43150.00   -37.1515
  43160.00   -37.1831
  43170.00   -37.3528
  43180.00   -37.0326
  43190.00   -37.2803
  43200.00   -36.8961
  43210.00   -36.8677
  43220.00   -37.1246
  43230.00   -37.1688
  43240.00   -37.2857
  43250.00   -37.0850
  43260.00   -36.8850
  43270.00   -37.4170
  43280.00   -36.5745
  43290.00   -36.9715
  43300.00   -36.5675
  43310.00   -36.6928
  43320.00   -37.0950
  43330.00   -37.1194
  43340.00   -37.2936
  43350.00   -36.7891
  43360.00   -36.7677
  43370.00   -37.0268
  43380.00   -37.4911
  43390.00   -37.1736
  43400.00   -37.1792
  43410.00   -36.7305
  43420.00   -37.1900
  43430.00   -36.7121
  43440.00   -36.6205
  43450.00   -36.8493
  43460.00   -37.4978
  43470.00   -36.7626
  43480.00   -37.2817
  43490.00   -36.7543
  43500.00   -37.2502
  43510.00   -37.0581
  43520.00   -36.4613
  43530.00   -37.3345
  43540.00   -36.5907
  43550.00   -37.3372
  43560.00   -36.6704
  43570.00   -37.0399
  43580.00   -36.3055
  43590.00   -36.6675
  43600.00   -37.1003
  43610.00   -36.9889
  43620.00   -36.7278
  43630.00   -36.9879
  43640.00   -37.2611
  43650.00   -37.3379
  43660.00   -37.4574
  43670.00   -37.2298
  43680.00   -36.7470
  43690.00   -36.9551
  43700.00   -36.9645
  43710.00   -37.2972
  43720.00   -37.3354
  43730.00   -36.8935
  43740.00   -37.3727
  43750.00   -36.4601
  43760.00   -37.4684
  43770.00   -36.8147
  43780.00   -36.8552
  43790.00   -37.1556
  43800.00   -37.1872
  43810.00   -37.2104
  43820.00   -36.4108
  43830.00   -37.5695
  43840.00   -37.7272
  43850.00   -37.2241
  43860.00   -37.2918
  43870.00   -37.0898
  43880.00   -36.7534
  43890.00   -37.0047
  43900.00   -37.2789
  43910.00   -37.0379
  43920.00   -37.1059
  43930.00   -37.0254
  43940.00   -36.9806
  43950.00   -36.2140
  43960.00   -37.3846
  43970.00   -37.1863
  43980.00   -37.1103
  43990.00   -37.1567
  44000.00   -36.6153
  44010.00   -36.9776
  44020.00   -36.9452
  44030.00   -37.0168
  44040.00   -37.1717
  44050.00   -36.8677
  44060.00   -37.3376
  44070.00   -36.9909
  44080.00   -37.1173
  44090.00   -37.0950
  44100.00   -36.9611
  44110.00   -37.0153
  44120.00   -36.8129
  44130.00   -36.5487
  44140.00   -37.3928
  44150.00   -37.0614
  44160.00   -37.3319
  44170.00   -36.9686
  44180.00   -37.1060
  44190.00   -36.6595
  44200.00   -36.9860
  44210.00   -37.1452
  44220.00   -37.2511
  44230.00   -37.0614
  44240.00   -36.9378
  44250.00   -37.2327
  44260.00   -37.1227
  44270.00   -37.1233
  44280.00   -37.4841
  44290.00   -36.5585
  44300.00   -37.2640
  44310.00   -36.5178
  44320.00   -36.4998
  44330.00   -37.0692
  44340.00   -36.5031
  44350.00   -36.6609
  44360.00   -37.0612
  44370.00   -37.0739
  44380.00   -36.8777
  44390.00   -36.6171
  44400.00   -37.5026
  44410.00   -37.0728
  44420.00   -37.2772
  44430.00   -37.1297
  44440.00   -36.8842
  44450.00   -37.1509
  44460.00   -36.7895
  44470.00   -36.8743
  44480.00   -37.1806
  44490.00   -36.8520
  44500.00   -37.0722
  44510.00   -36.6125
  44520.00   -36.9530
  44530.00   -36.7623
  44540.00   -36.8969
  44550.00   -37.1257
  44560.00   -37.0201
  44570.00   -36.7523
  44580.00   -37.1214
  44590.00   -37.4443
  44600.00   -36.4790
  44610.00   -37.4819
  44620.00   -36.9830
  44630.00   -36.2193
  44640.00   -37.3770
  44650.00   -36.5273
  44660.00   -36.9396
  44670.00   -36.8446
  44680.00   -36.8126
  44690.00   -37.3097
  44700.00   -37.2971
  44710.00   -36.9391
  44720.00   -36.6941
  44730.00   -36.8798
  44740.00   -37.3558
  44750.00   -36.8011
  44760.00   -36.9670
  44770.00   -37.1030
  44780.00   -37.1390
  44790.00   -36.3834
  44800.00   -36.9435
  44810.00   -36.4004
  44820.00   -36.6581
  44830.00   -37.0810
  44840.00   -37.1876
  44850.00   -37.2058
  44860.00   -37.2902
  44870.00   -36.7389
  44880.00   -36.9134
  44890.00   -36.6187
  44900.00   -36.5791
  44910.00   -37.0834
  44920.00   -36.3886
  44930.00   -37.1184
  44940.00   -36.9190
  44950.00   -36.9032
  44960.00   -37.2484
  44970.00   -36.8960
  44980.00   -37.3100
  44990.00   -36.9317
  45000.00   -36.7200
  45010.00   -37.2806
  45020.00   -36.6574
  45030.00   -37.4386
  45040.00   -37.1919
  45050.00   -37.3324
  45060.00   -36.3366
  45070.00   -36.9438
  45080.00   -36.9681
  45090.00   -36.9060
  45100.00   -37.3082
  45110.00   -36.7455
  45120.00   -36.6796
  45130.00   -36.7606
  45140.00   -37.1054
  45150.00   -36.8735
  45160.00   -36.9785
  45170.00   -36.8065
  45180.00   -36.6108
  45190.00   -36.7259
  45200.00   -36.3665
  45210.00   -37.2631
  45220.00   -37.6336
  45230.00   -37.0559
  45240.00   -37.1174
  45250.00   -36.4077
  45260.00   -37.0483
  45270.00   -36.6693
  45280.00   -37.6315
  45290.00   -37.0465
  45300.00   -37.0508
  45310.00   -37.2105
  45320.00   -37.1391
  45330.00   -37.2261
  45340.00   -37.0711
  45350.00   -37.1986
  45360.00   -36.6965
  45370.00   -37.1591
  45380.00   -37.0247
  45390.00   -37.2143
  45400.00   -36.9806
  45410.00   -37.2121
  45420.00   -36.9373
  45430.00   -37.1322
  45440.00   -37.0168
  45450.00   -37.4003
  45460.00   -37.2425
  45470.00   -36.8933
  45480.00   -37.0392
  45490.00   -37.1150
  45500.00   -37.0699
  45510.00   -36.7866
  45520.00   -37.0079
  45530.00   -36.8982
  45540.00   -36.9889
  45550.00   -36.8461
  45560.00   -37.2335
  45570.00   -36.8871
  45580.00   -36.4372
  45590.00   -36.9063
  45600.00   -36.7362
  45610.00   -36.5771
  45620.00   -36.4863
  45630.00   -36.7412
  45640.00   -37.0766
  45650.00   -37.2604
  45660.00   -36.9925
  45670.00   -36.8302
  45680.00   -36.6262
  45690.00   -37.3394
  45700.00   -36.6117
  45710.00   -36.9695
  45720.00   -36.8303
  45730.00   -36.8580
  45740.00   -36.2557
  45750.00   -37.1042
  45760.00   -37.2027
  45770.00   -36.9136
  45780.00   -36.3958
  45790.00   -36.8857
  45800.00   -37.0044
  45810.00   -37.3352
  45820.00   -37.1175
  45830.00   -37.1481
  45840.00   -36.7663
  45850.00   -36.7364
  45860.00   -37.3661
  45870.00   -37.1013
  45880.00   -36.9658
  45890.00   -37.0415
  45900.00   -36.6907
  45910.00   -36.8542
  45920.00   -37.1073
  45930.00   -37.0587
  45940.00   -37.2233
  45950.00   -37.3231
  45960.00   -36.9858
  45970.00   -37.1086
  45980.00   -37.5628
  45990.00   -37.0752
  46000.00   -36.6533
  46010.00   -37.0623
  46020.00   -36.6574
  46030.00   -36.8548
  46040.00   -36.9573
  46050.00   -36.9217
  46060.00   -37.2073
  46070.00   -36.7708
  46080.00   -37.3844
  46090.00   -37.2224
  46100.00   -37.0331
  46110.00   -37.2441
  46120.00   -37.1507
  46130.00   -36.7259
  46140.00   -37.0150
  46150.00   -37.2569
  46160.00   -37.3994
  46170.00   -37.4840
  46180.00   -37.2140
  46190.00   -37.2439
  46200.00   -36.8975
  46210.00   -37.2868
  46220.00   -36.9380
  46230.00   -37.3384
  46240.00   -37.4298
  46250.00   -36.9909
  46260.00   -37.0356
  46270.00   -37.2623
  46280.00   -37.0444
  46290.00   -37.5121
  46300.00   -36.6224
  46310.00   -37.3792
  46320.00   -37.2903
  46330.00   -37.0793
  46340.00   -36.4963
  46350.00   -36.9254
  46360.00   -37.1008
  46370.00   -36.4998
  46380.00   -36.6064
  46390.00   -36.9303
  46400.00   -37.2199
  46410.00   -37.1275
  46420.00   -37.5749
  46430.00   -37.2568
  46440.00   -37.3876
  46450.00   -37.3140
  46460.00   -37.0921
  46470.00   -36.6160
  46480.00   -37.0918
  46490.00   -37.3218
  46500.00   -36.8866
  46510.00   -36.9566
  46520.00   -36.7717
  46530.00   -36.6927
  46540.00   -37.0359
  46550.00   -37.4214
  46560.00   -36.4755
  46570.00   -36.6524
  46580.00   -36.3467
  46590.00   -37.2260
  46600.00   -36.7823
  46610.00   -36.9404
  46620.00   -37.0942
  46630.00   -36.8192
  46640.00   -37.1481
  46650.00   -37.4784
  46660.00   -37.3554
  46670.00   -37.3205
  46680.00   -37.0199
  46690.00   -36.7782
  46700.00   -37.1355
  46710.00   -36.5231
  46720.00   -36.7867
  46730.00   -37.3642
  46740.00   -37.1908
  46750.00   -37.1715
  46760.00   -37.0844
  46770.00   -36.6145
  46780.00   -37.0751
  46790.00   -37.1290
  46800.00   -37.3712
  46810.00   -36.8460
  46820.00   -36.7952
  46830.00   -37.4867
  46840.00   -36.8237
  46850.00   -37.0265
  46860.00   -37.1415
  46870.00   -36.9246
  46880.00   -37.0597
  46890.00   -37.2261
  46900.00   -36.9885
  46910.00   -37.0042
  46920.00   -36.6286
  46930.00   -37.1619
  46940.00   -38.0622
  46950.00   -36.7011
  46960.00   -36.9011
  46970.00   -36.8736
  46980.00   -36.8152
  46990.00   -36.7567
  47000.00   -36.8488
  47010.00   -37.2385
  47020.00   -37.0191
  47030.00   -36.9633
  47040.00   -36.6934
  47050.00   -36.6696
  47060.00   -37.0905
  47070.00   -36.5316
  47080.00   -36.7771
  47090.00   -36.7350
  47100.00   -37.1377
  47110.00   -37.0829
  47120.00   -36.8851
  47130.00   -36.8524
  47140.00   -37.0129
  47150.00   -37.1548
  47160.00   -37.3440
  47170.00   -37.4866
  47180.00   -36.7645
  47190.00   -36.9031
  47200.00   -37.2455
  47210.00   -36.5974
  47220.00   -36.7561
  47230.00   -36.7072
  47240.00   -36.9743
  47250.00   -36.7298
  47260.00   -37.1102
  47270.00   -37.1504
  47280.00   -37.2776
  47290.00   -36.6628
  47300.00   -36.8122
  47310.00   -36.5348
  47320.00   -37.1656
  47330.00   -36.3716
  47340.00   -36.9420
  47350.00   -36.9369
  47360.00   -37.2938
  47370.00   -37.0335
  47380.00   -36.5694
  47390.00   -36.5176
  47400.00   -37.6798
  47410.00   -36.7413
  47420.00   -36.9111
  47430.00   -37.1633
  47440.00   -36.7921
  47450.00   -36.6793
  47460.00   -36.4943
  47470.00   -37.1745
  47480.00   -37.4969
  47490.00   -37.1261
  47500.00   -36.5123
  47510.00   -36.9504
  47520.00   -36.8075
  47530.00   -36.7224
  47540.00   -37.3109
  47550.00   -37.4852
  47560.00   -37.1035
  47570.00   -37.2721
  47580.00   -37.2481
  47590.00   -37.0696
  47600.00   -37.2902
  47610.00   -36.9023
  47620.00   -37.1270
  47630.00   -37.1814
  47640.00   -36.5958
  47650.00   -37.2648
  47660.00   -36.3488
  47670.00   -36.8631
  47680.00   -37.1704
  47690.00   -36.7819
  47700.00   -36.8925
  47710.00   -36.9503
  47720.00   -37.2251
  47730.00   -37.3743
  47740.00   -36.6568
  47750.00   -37.0962
  47760.00   -36.3606
  47770.00   -36.8858
  47780.00   -36.7875
  47790.00   -36.9378
  47800.00   -37.5073
  47810.00   -37.1066
  47820.00   -36.8550
  47830.00   -36.7026
  47840.00   -36.6868
  47850.00   -37.2567
  47860.00   -37.0883
  47870.00   -37.7327
  47880.00   -36.5723
  47890.00   -36.9384
  47900.00   -36.7544
  47910.00   -36.6987
  47920.00   -36.7743
  47930.00   -37.2365
  47940.00   -37.1537
  47950.00   -37.4930
  47960.00   -37.3265
  47970.00   -37.0146
  47980.00   -36.6720
  47990.00   -37.0789
  48000.00   -37.1655
  48010.00   -37.2728
  48020.00   -36.9118
  48030.00   -36.8980
  48040.00   -37.0179
  48050.00   -37.4255
  48060.00   -36.9240
  48070.00   -36.6991
  48080.00   -37.1894
  48090.00   -36.8774
  48100.00   -37.3345
  48110.00   -36.6629
  48120.00   -36.8243
  48130.00   -37.0308
  48140.00   -36.6891
  48150.00   -36.8535
  48160.00   -37.0532
  48170.00   -37.1906
  48180.00   -37.1336
  48190.00   -37.1682
  48200.00   -36.9156
  48210.00   -37.1605
  48220.00   -36.7483
  48230.00   -36.6445
  48240.00   -36.7927
  48250.00   -37.1254
  48260.00   -36.9880
  48270.00   -37.3647
  48280.00   -37.1539
  48290.00   -37.4782
  48300.00   -36.9004
  48310.00   -37.3191
  48320.00   -36.9497
  48330.00   -37.4878
  48340.00   -37.3312
  48350.00   -37.3586
  48360.00   -36.5073
  48370.00   -36.5402
  48380.00   -36.8549
  48390.00   -36.8284
  48400.00   -37.1974
  48410.00   -37.0709
  48420.00   -36.4549
  48430.00   -36.8220
  48440.00   -37.0826
  48450.00   -36.5825
  48460.00   -36.9942
  48470.00   -36.7388
  48480.00   -37.0577
  48490.00   -37.4838
  48500.00   -36.9909
  48510.00   -36.7787
  48520.00   -37.2606
  48530.00   -36.6579
  48540.00   -36.3701
  48550.00   -36.9706
  48560.00   -37.3596
  48570.00   -36.8681
  48580.00   -37.0125
  48590.00   -37.4494
  48600.00   -36.6176
  48610.00   -36.6438
  48620.00   -36.7196
  48630.00   -36.8862
  48640.00   -36.4758
  48650.00   -37.4431
  48660.00   -37.3652
  48670.00   -36.2777
  48680.00   -37.2812
  48690.00   -36.6630
  48700.00   -37.3169
  48710.00   -37.2731
  48720.00   -37.1245
  48730.00   -36.6039
  48740.00   -37.0351
  48750.00   -37.1316
  48760.00   -36.8098
  48770.00   -37.1043
  48780.00   -36.9619
  48790.00   -36.5763
  48800.00   -37.1866
  48810.00   -37.1818
  48820.00   -37.1969
  48830.00   -37.2171
  48840.00   -37.2355
  48850.00   -36.6466
  48860.00   -36.9937
  48870.00   -37.0407
  48880.00   -37.2778
  48890.00   -36.8091
  48900.00   -37.0847
  48910.00   -36.9530
  48920.00   -36.9214
  48930.00   -36.8707
  48940.00   -36.9412
  48950.00   -37.1323
  48960.00   -36.9911
  48970.00   -36.3956
  48980.00   -36.6897
  48990.00   -36.7121
  49000.00   -37.4663
  49010.00   -36.4479
  49020.00   -37.3298
  49030.00   -36.9959
  49040.00   -37.1005
  49050.00   -36.9240
  49060.00   -36.9797
  49070.00   -36.6741
  49080.00   -36.6565
  49090.00   -36.6398
  49100.00   -37.0007
  49110.00   -36.7167
  49120.00   -36.8305
  49130.00   -37.1745
  49140.00   -37.2402
  49150.00   -37.2935
  49160.00   -37.1063
  49170.00   -37.0236
  49180.00   -36.7547
  49190.00   -37.2242
  49200.00   -37.1076
  49210.00   -36.9198
  49220.00   -37.1337
  49230.00   -37.5548
  49240.00   -36.8613
  49250.00   -36.7040
  49260.00   -36.9423
  49270.00   -37.1390
  49280.00   -36.9587
  49290.00   -37.0346
  49300.00   -37.2126
  49310.00   -37.2480
  49320.00   -37.1242
  49330.00   -37.2774
  49340.00   -36.8340
  49350.00   -36.6738
  49360.00   -37.2357
  49370.00   -36.8271
  49380.00   -36.6175
  49390.00   -37.3996
  49400.00   -36.8605
  49410.00   -37.2131
  49420.00   -36.8881
  49430.00   -36.6160
  49440.00   -36.9003
  49450.00   -37.0554
  49460.00   -36.3850
  49470.00   -37.2611
  49480.00   -36.9123
  49490.00   -37.3645
  49500.00   -36.8764
  49510.00   -37.0396
  49520.00   -37.1386
  49530.00   -37.3796
  49540.00   -37.1093
  49550.00   -36.9483
  49560.00   -36.4661
  49570.00   -37.2059
  49580.00   -37.1074
  49590.00   -37.3424
  49600.00   -37.0771
  49610.00   -36.9295
  49620.00   -37.0265
  49630.00   -36.8934
  49640.00   -37.1174
  49650.00   -36.9954
  49660.00   -36.5353
  49670.00   -36.9579
  49680.00   -36.9978
  49690.00   -36.9966
  49700.00   -37.3445
  49710.00   -36.9860
  49720.00   -36.7062
  49730.00   -36.7588
  49740.00   -36.9170
  49750.00   -37.2214
  49760.00   -37.0498
  49770.00   -36.6532
  49780.00   -36.7145
  49790.00   -37.4199
  49800.00   -37.1385
  49810.00   -37.2285
  49820.00   -37.1717
  49830.00   -37.8317
  49840.00   -37.5495
  49850.00   -37.0400
  49860.00   -37.3477
  49870.00   -36.8334
  49880.00   -36.6322
  49890.00   -36.8580
  49900.00   -36.6941
  49910.00   -36.9814
  49920.00   -37.2814
  49930.00   -37.0301
  49940.00   -37.1017
  49950.00   -37.1634
  49960.00   -36.8099
  49970.00   -36.6411
  49980.00   -36.7198
  49990.00   -37.4470
  50000.00   -36.8065
