     10.00    14.8581
     20.00    14.8234
     30.00    15.2722
     40.00    14.7485
     50.00    15.0294
     60.00    14.6586
     70.00    15.1838
     80.00    14.7091
     90.00    14.5069
    100.00    14.7608
    110.00    14.9060
    120.00    15.2748
    130.00    14.6314
    140.00    14.7066
    150.00    14.9769
    160.00    14.7725
    170.00    14.7057
    180.00    15.0783
    190.00    14.4951
    200.00    14.6244
    210.00    14.6904
    220.00    14.9501
    230.00    14.5195
    240.00    14.5940
    250.00    14.3904
    260.00    14.5614
    270.00    14.3373
    280.00    14.4547
    290.00    15.3205
    300.00    14.1129
    310.00    14.5188
    320.00    14.9207
    330.00    14.9866
    340.00    14.5511
    350.00    14.8583
    360.00    14.9048
    370.00    15.5669
    380.00    15.1140
    390.00    14.9612
    400.00    15.5236
    410.00    15.0226
    420.00    14.8464
    430.00    15.0275
    440.00    14.9995
    450.00    14.9906
    460.00    15.4613
    470.00    14.6832
    480.00    14.7642
    490.00    15.5983
    500.00    15.0556
    510.00    14.9509
    520.00    14.7807
    530.00    14.9474
    540.00    14.9369
    550.00    14.5801
    560.00    14.4540
    570.00    14.7946
    580.00    14.7915
    590.00    15.4345
    600.00    14.8764
    610.00    15.2726
    620.00    15.0586
    630.00    14.8806
    640.00    14.9637
    650.00    14.9888
    660.00    14.9644
    670.00    15.1551
    680.00    15.1267
    690.00    14.1939
    700.00    14.5728
    710.00    14.5488
    720.00    14.9982
    730.00    14.7464
    740.00    14.8206
    750.00    14.9467
    760.00    15.3793
    770.00    15.5420
    780.00    14.7411
    790.00    14.9789
    800.00    15.1551
    810.00    14.8965
    820.00    14.9077
    830.00    15.0928
    840.00    15.4804
    850.00    15.0745
    860.00    14.7301
    870.00    14.9904
    880.00    14.8379
    890.00    14.9688
    900.00    14.4365
    910.00    14.8098
    920.00    15.0362
    930.00    15.0794
    940.00    14.9712
    950.00    14.8950
    960.00    14.8146
    970.00    14.6081
    980.00    15.0495
    990.00    15.1606
   1000.00    14.8294
   1010.00    15.4225
   1020.00    14.7120
   1030.00    14.8903
   1040.00    15.2751
   1050.00    15.2178
   1060.00    14.9613
   1070.00    15.1798
   1080.00    15.0996
   1090.00    14.3613
   1100.00    14.8047
   1110.00    14.2847
   1120.00    14.7779
   1130.00    15.0188
   1140.00    14.7391
   1150.00    14.4056
   1160.00    14.7560
   1170.00    14.6695
   1180.00    15.2784
   1190.00    14.8695
   1200.00    14.3326
   1210.00    14.8252
   1220.00    14.7904
   1230.00    15.3606
   1240.00    15.0688
   1250.00    15.1148
   1260.00    15.0186
   1270.00    15.0554
   1280.00    14.6958
   1290.00    15.3659
   1300.00    14.7228
   1310.00    14.7009
   1320.00    15.0893
   1330.00    14.7490
   1340.00    14.7098
   1350.00    15.0944
   1360.00    15.1236
   1370.00    15.2410
   1380.00    14.9797
   1390.00    14.7217
   1400.00    15.2123
   1410.00    14.6864
   1420.00    15.2933
   1430.00    15.6560
   1440.00    15.0756
   1450.00    15.3997
   1460.00    14.8892
   1470.00    14.8427
   1480.00    15.0720
   1490.00    15.3201
   1500.00    15.2630
   1510.00    14.7713
   1520.00    14.9093
   1530.00    15.2794
   1540.00    14.9509
   1550.00    15.1336
   1560.00    15.0106
   1570.00    14.8205
   1580.00    15.5008
   1590.00    15.2346
   1600.00    15.0538
   1610.00    14.2607
   1620.00    14.9674
   1630.00    14.7204
   1640.00    14.7097
   1650.00    14.6106
   1660.00    15.1215
   1670.00    15.0145
   1680.00    14.7116
   1690.00    14.6790
   1700.00    15.1403
   1710.00    15.2991
   1720.00    15.0454
   1730.00    14.9041
   1740.00    14.8836
   1750.00    14.6640
   1760.00    15.3759
   1770.00    14.8648
   1780.00    15.3994
   1790.00    15.3179
   1800.00    14.6549
   1810.00    14.6351
   1820.00    15.0564
   1830.00    14.7796
   1840.00    15.1213
   1850.00    15.1418
   1860.00    15.1152
   1870.00    15.3738
   1880.00    15.0468
   1890.00    15.0146
   1900.00    14.9544
   1910.00    15.0711
   1920.00    15.1066
   1930.00    15.2962
   1940.00    15.1469
   1950.00    15.0409
   1960.00    15.2417
   1970.00    15.0343
   1980.00    14.9250
   1990.00    15.0960
   2000.00    14.7570
   2010.00    15.2800
   2020.00    15.1198
   2030.00    15.1780
   2040.00    15.2750
   2050.00    15.3962
   2060.00    15.3810
   2070.00    15.2390
   2080.00    14.7912
   2090.00    15.2379
   2100.00    15.5744
   2110.00    14.9262
   2120.00    14.9043
   2130.00    15.4618
   2140.00    15.0896
   2150.00    14.7173
   2160.00    14.9339
   2170.00    14.5513
   2180.00    14.9541
   2190.00    14.8876
   2200.00    14.9704
   2210.00    14.8947
   2220.00    14.8023
   2230.00    14.6590
   2240.00    15.0487
   2250.00    15.2579
   2260.00    14.6871
   2270.00    14.7169
   2280.00    14.5978
   2290.00    14.9023
   2300.00    14.6061
   2310.00    15.3398
   2320.00    14.5966
   2330.00    14.9542
   2340.00    15.0933
   2350.00    14.5423
   2360.00    14.7981
   2370.00    14.7263
   2380.00    15.5947
   2390.00    14.9794
   2400.00    14.9254
   2410.00    15.2918
   2420.00    14.5990
   2430.00    14.6706
   2440.00    14.4825
   2450.00    15.4025
   2460.00    15.4604
   2470.00    15.2655
   2480.00    14.8983
   2490.00    14.7976
   2500.00    15.1928
   2510.00    15.0099
   2520.00    15.1065
   2530.00    14.8694
   2540.00    15.2215
   2550.00    15.1675
   2560.00    15.2807
   2570.00    14.9236
   2580.00    15.2410
   2590.00    15.1295
   2600.00    15.3265
   2610.00    14.6719
   2620.00    14.3788
   2630.00    15.0410
   2640.00    14.9835
   2650.00    15.1734
   2660.00    15.1268
   2670.00    15.4809
   2680.00    14.7631
   2690.00    14.5873
   2700.00    14.8519
   2710.00    15.1629
   2720.00    15.1712
   2730.00    15.0381
   2740.00    14.8174
   2750.00    14.8415
   2760.00    15.0272
   2770.00    15.2768
   2780.00    15.3324
   2790.00    15.2397
   2800.00    14.9500
   2810.00    14.8978
   2820.00    14.6636
   2830.00    14.6716
   2840.00    14.6915
   2850.00    14.6707
   2860.00    15.0192
   2870.00    15.2916
   2880.00    14.6953
   2890.00    15.1047
   2900.00    14.9632
   2910.00    15.2226
   2920.00    15.1155
   2930.00    15.2007
   2940.00    14.8484
   2950.00    14.9865
   2960.00    14.8525
   2970.00    14.6871
   2980.00    14.8976
   2990.00    15.4635
   3000.00    14.5238
   3010.00    14.7544
   3020.00    14.7401
   3030.00    14.7196
   3040.00    14.9932
   3050.00    15.1204
   3060.00    15.1057
   3070.00    15.2097
   3080.00    15.0249
   3090.00    14.9090
   3100.00    15.1070
   3110.00    15.0575
   3120.00    15.0957
   3130.00    14.8695
   3140.00    14.9234
   3150.00    14.7745
   3160.00    15.1399
   3170.00    14.8855
   3180.00    15.3208
   3190.00    15.1917
   3200.00    15.1367
   3210.00    15.0699
   3220.00    14.7898
   3230.00    15.5050
   3240.00    14.9735
   3250.00    14.9880
   3260.00    15.3425
   3270.00    14.8326
   3280.00    15.7238
   3290.00    15.1865
   3300.00    15.2976
   3310.00    14.9518
   3320.00    14.8531
   3330.00    14.7160
   3340.00    15.2072
   3350.00    15.4206
   3360.00    15.1117
   3370.00    15.3152
   3380.00    15.4244
   3390.00    14.9918
   3400.00    14.9166
   3410.00    14.9472
   3420.00    14.8270
   3430.00    14.5432
   3440.00    14.4026
   3450.00    15.4351
   3460.00    15.0805
   3470.00    14.7730
   3480.00    15.0281
   3490.00    14.5923
   3500.00    14.8403
   3510.00    15.0462
   3520.00    15.0825
   3530.00    15.2463
   3540.00    15.0162
   3550.00    15.4862
   3560.00    15.2847
   3570.00    14.8799
   3580.00    14.4508
   3590.00    15.0844
   3600.00    15.0207
   3610.00    14.0878
   3620.00    15.0551
   3630.00    14.6194
   3640.00    14.9320
   3650.00    14.6817
   3660.00    15.2904
   3670.00    15.4852
   3680.00    14.7463
   3690.00    15.0169
   3700.00    15.1421
   3710.00    15.1617
   3720.00    14.8117
   3730.00    14.7878
   3740.00    14.6560
   3750.00    15.2540
   3760.00    15.2064
   3770.00    14.9301
   3780.00    15.1873
   3790.00    14.8097
   3800.00    15.0943
   3810.00    15.5608
   3820.00    14.8387
   3830.00    14.8316
   3840.00    15.1041
   3850.00    14.8781
   3860.00    14.8971
   3870.00    14.8120
   3880.00    14.9742
   3890.00    15.3831
   3900.00    14.7533
   3910.00    15.2970
   3920.00    14.8287
   3930.00    14.7232
   3940.00    15.1040
   3950.00    14.8717
   3960.00    14.9099
   3970.00    15.2080
   3980.00    15.0410
   3990.00    15.0397
   4000.00    14.9966
   4010.00    14.6269
   4020.00    14.6899
   4030.00    15.0083
   4040.00    15.0526
   4050.00    14.5558
   4060.00    14.9858
   4070.00    14.6002
   4080.00    14.7963
   4090.00    14.2661
   4100.00    14.7857
   4110.00    15.1847
   4120.00    14.7818
   4130.00    14.7130
   4140.00    15.2109
   4150.00    15.4756
   4160.00    14.9070
   4170.00    14.9753
   4180.00    14.8795
   4190.00    14.9892
   4200.00    15.3049
   4210.00    15.1249
   4220.00    14.7660
   4230.00    14.9030
   4240.00    15.1513
   4250.00    14.9869
   4260.00    14.6163
   4270.00    15.4151
   4280.00    15.0005
   4290.00    14.5968
   4300.00    14.4879
   4310.00    15.3523
   4320.00    15.3870
   4330.00    15.1416
   4340.00    15.0345
   4350.00    14.2167
   4360.00    14.7762
   4370.00    14.8712
   4380.00    15.1169
   4390.00    14.9849
   4400.00    15.1490
   4410.00    15.1822
   4420.00    15.2185
   4430.00    15.0528
   4440.00    14.6737
   4450.00    14.8230
   4460.00    15.2846
   4470.00    14.7008
   4480.00    15.0628
   4490.00    14.8417
   4500.00    14.6568
   4510.00    14.8754
   4520.00    14.8384
   4530.00    15.2490
   4540.00    15.0480
   4550.00    15.2677
   4560.00    15.3139
   4570.00    14.6839
   4580.00    14.6520
   4590.00    14.8364
   4600.00    14.4396
   4610.00    15.5170
   4620.00    14.9233
   4630.00    14.6981
   4640.00    14.6283
   4650.00    15.0633
   4660.00    14.5915
   4670.00    14.9983
   4680.00    15.0458
   4690.00    14.8166
   4700.00    14.9185
   4710.00    14.6740
   4720.00    14.9530
   4730.00    15.0053
   4740.00    14.4377
   4750.00    14.7264
   4760.00    14.8600
   4770.00    14.7687
   4780.00    15.1549
   4790.00    14.9039
   4800.00    15.2531
   4810.00    14.5732
   4820.00    14.7704
   4830.00    14.8163
   4840.00    15.0730
   4850.00    15.0655
   4860.00    14.4005
   4870.00    14.9810
   4880.00    14.7537
   4890.00    15.1505
   4900.00    14.9307
   4910.00    14.7288
   4920.00    15.3037
   4930.00    15.2993
   4940.00    15.4210
   4950.00    15.1021
   4960.00    14.7949
   4970.00    15.0557
   4980.00    14.7809
   4990.00    14.3383
   5000.00    15.5905
   5010.00    15.0780
   5020.00    14.9264
   5030.00    15.5390
   5040.00    14.4497
   5050.00    15.1175
   5060.00    14.9714
   5070.00    15.2569
   5080.00    14.8696
   5090.00    15.0148
   5100.00    14.4473
   5110.00    15.1476
   5120.00    14.4819
   5130.00    14.6763
   5140.00    15.1735
   5150.00    14.9342
   5160.00    14.9525
   5170.00    15.1349
   5180.00    14.7841
   5190.00    15.1106
   5200.00    14.6560
   5210.00    15.1764
   5220.00    15.1358
   5230.00    14.9006
   5240.00    15.1293
   5250.00    14.7098
   5260.00    14.6394
   5270.00    14.8247
   5280.00    15.0458
   5290.00    15.1342
   5300.00    15.2584
   5310.00    14.6275
   5320.00    15.2968
   5330.00    14.4608
   5340.00    14.5283
   5350.00    15.4220
   5360.00    15.2373
   5370.00    14.8777
   5380.00    14.6618
   5390.00    14.9081
   5400.00    14.9598
   5410.00    14.6959
   5420.00    14.8553
   5430.00    15.1591
   5440.00    15.0183
   5450.00    15.3423
   5460.00    14.8893
   5470.00    14.8525
   5480.00    14.8594
   5490.00    14.9827
   5500.00    14.6573
   5510.00    14.9275
   5520.00    15.1926
   5530.00    14.5311
   5540.00    14.7667
   5550.00    15.4635
   5560.00    14.8236
   5570.00    15.0754
   5580.00    15.2651
   5590.00    14.8036
   5600.00    14.3492
   5610.00    14.7896
   5620.00    15.2772
   5630.00    14.9643
   5640.00    14.8261
   5650.00    14.5715
   5660.00    15.5252
   5670.00    15.3932
   5680.00    15.0660
   5690.00    15.4292
   5700.00    15.3435
   5710.00    15.1965
   5720.00    15.0780
   5730.00    15.3210
   5740.00    15.0128
   5750.00    15.3418
   5760.00    14.5991
   5770.00    14.5512
   5780.00    15.0581
   5790.00    15.1444
   5800.00    14.8895
   5810.00    15.3823
   5820.00    14.8919
   5830.00    15.0505
   5840.00    15.0783
   5850.00    15.4813
   5860.00    14.8169
   5870.00    14.8250
   5880.00    14.9060
   5890.00    15.4748
   5900.00    14.8458
   5910.00    15.1217
   5920.00    15.3407
   5930.00    15.3662
   5940.00    14.9564
   5950.00    15.4136
   5960.00    15.3083
   5970.00    14.7053
   5980.00    14.8054
   5990.00    14.7158
   6000.00    14.4944
   6010.00    15.3836
   6020.00    15.1140
   6030.00    14.9282
   6040.00    14.5108
   6050.00    15.1492
   6060.00    14.7315
   6070.00    14.8980
   6080.00    15.7288
   6090.00    15.3466
   6100.00    15.1593
   6110.00    15.0293
   6120.00    14.9640
   6130.00    14.6814
   6140.00    14.9651
   6150.00    15.3513
   6160.00    14.8176
   6170.00    14.7797
   6180.00    15.2375
   6190.00    14.7508
   6200.00    14.8999
   6210.00    14.6531
   6220.00    14.8213
   6230.00    14.7510
   6240.00    15.1292
   6250.00    14.4995
   6260.00    14.9301
   6270.00    14.8571
   6280.00    14.4354
   6290.00    15.0643
   6300.00    14.8837
   6310.00    14.7080
   6320.00    14.9903
   6330.00    14.8103
   6340.00    15.1817
   6350.00    14.7292
   6360.00    15.3927
   6370.00    14.7614
   6380.00    15.0496
   6390.00    15.1265
   6400.00    14.8989
   6410.00    14.7168
   6420.00    14.6996
   6430.00    15.0705
   6440.00    15.3363
   6450.00    14.7727
   6460.00    15.0736
   6470.00    15.5345
   6480.00    14.6372
   6490.00    15.0754
   6500.00    14.8704
   6510.00    14.7689
   6520.00    14.8198
   6530.00    15.1209
   6540.00    14.6980
   6550.00    14.9488
   6560.00    15.0987
   6570.00    14.8933
   6580.00    14.9985
   6590.00    15.1757
   6600.00    14.9204
   6610.00    14.5366
   6620.00    15.4913
   6630.00    15.2500
   6640.00    15.4278
   6650.00    14.9977
   6660.00    14.7825
   6670.00    14.5775
   6680.00    14.6558
   6690.00    14.4327
   6700.00    14.5403
   6710.00    14.6993
   6720.00    14.5618
   6730.00    14.9578
   6740.00    14.5107
   6750.00    14.9989
   6760.00    15.0209
   6770.00    14.4485
   6780.00    15.2679
   6790.00    14.9999
   6800.00    14.6633
   6810.00    15.3130
   6820.00    14.3181
   6830.00    15.3691
   6840.00    14.7553
   6850.00    14.9458
   6860.00    14.8156
   6870.00    14.9551
   6880.00    14.9006
   6890.00    14.7012
   6900.00    14.9323
   6910.00    15.0478
   6920.00    15.6311
   6930.00    14.9807
   6940.00    14.6352
   6950.00    14.6250
   6960.00    14.7608
   6970.00    15.0951
   6980.00    14.6586
   6990.00    14.7286
   7000.00    15.0576
   7010.00    15.1928
   7020.00    15.1351
   7030.00    14.7375
   7040.00    15.0737
   7050.00    14.9153
   7060.00    14.6446
   7070.00    15.1030
   7080.00    14.8046
   7090.00    14.7457
   7100.00    14.6673
   7110.00    15.3184
   7120.00    14.9476
   7130.00    15.4682
   7140.00    15.1044
   7150.00    14.9186
   7160.00    14.8427
   7170.00    15.0221
   7180.00    14.4550
   7190.00    14.4215
   7200.00    14.8760
   7210.00    14.3130
   7220.00    14.8086
   7230.00    14.7811
   7240.00    14.9128
   7250.00    14.9400
   7260.00    14.1016
   7270.00    15.0823
   7280.00    14.4573
   7290.00    15.0655
   7300.00    15.0450
   7310.00    14.7249
   7320.00    15.0169
   7330.00    14.7717
   7340.00    15.1908
   7350.00    14.4578
   7360.00    14.6706
   7370.00    14.9328
   7380.00    15.1036
   7390.00    14.3766
   7400.00    14.7049
   7410.00    14.6144
   7420.00    14.7528
   7430.00    14.4709
   7440.00    14.8931
   7450.00    14.6026
   7460.00    15.2446
   7470.00    14.6297
   7480.00    14.8091
   7490.00    14.7146
   7500.00    14.3438
   7510.00    14.6233
   7520.00    14.5350
   7530.00    14.2246
   7540.00    14.2644
   7550.00    14.3784
   7560.00    14.6961
   7570.00    14.8944
   7580.00    14.4933
   7590.00    14.7326
   7600.00    14.9157
   7610.00    15.3184
   7620.00    14.7697
   7630.00    14.5613
   7640.00    14.8696
   7650.00    14.6129
   7660.00    14.7167
   7670.00    14.7758
   7680.00    14.5025
   7690.00    14.3309
   7700.00    14.8802
   7710.00    14.6948
   7720.00    14.7344
   7730.00    14.8832
   7740.00    14.7334
   7750.00    14.7666
   7760.00    14.7917
   7770.00    14.6278
   7780.00    14.7323
   7790.00    15.2708
   7800.00    14.7209
   7810.00    14.8337
   7820.00    14.5487
   7830.00    14.9016
   7840.00    14.5118
   7850.00    15.0422
   7860.00    15.0739
   7870.00    14.9231
   7880.00    14.9424
   7890.00    15.0163
   7900.00    14.8741
   7910.00    14.9797
   7920.00    14.7906
   7930.00    14.3411
   7940.00    14.8559
   7950.00    14.7021
   7960.00    15.3004
   7970.00    14.8112
   7980.00    14.5565
   7990.00    14.7835
   8000.00    15.0073
   8010.00    14.7577
   8020.00    14.8779
   8030.00    14.8141
   8040.00    15.0866
   8050.00    14.8720
   8060.00    14.7723
   8070.00    14.6687
   8080.00    15.5792
   8090.00    15.1808
   8100.00    14.4939
   8110.00    15.0764
   8120.00    15.0956
   8130.00    14.7474
   8140.00    14.5263
   8150.00    14.8057
   8160.00    14.8160
   8170.00    14.8407
   8180.00    15.0191
   8190.00    15.0246
   8200.00    15.1566
   8210.00    15.2040
   8220.00    14.9532
   8230.00    15.0158
   8240.00    15.0146
   8250.00    15.3187
   8260.00    15.0606
   8270.00    14.6136
   8280.00    14.9909
   8290.00    14.7346
   8300.00    14.3082
   8310.00    14.8587
   8320.00    14.4256
   8330.00    14.5753
   8340.00    14.9889
   8350.00    15.0237
   8360.00    15.1997
   8370.00    14.9797
   8380.00    15.2712
   8390.00    14.9287
   8400.00    14.7562
   8410.00    15.4602
   8420.00    14.5848
   8430.00    14.5086
   8440.00    15.2609
   8450.00    15.3085
   8460.00    15.6811
   8470.00    15.3528
   8480.00    15.0867
   8490.00    15.2776
   8500.00    15.7796
   8510.00    15.2422
   8520.00    15.2401
   8530.00    14.8233
   8540.00    14.8181
   8550.00    14.6365
   8560.00    14.9542
   8570.00    15.4611
   8580.00    15.0830
   8590.00    15.2101
   8600.00    14.9165
   8610.00    15.4025
   8620.00    15.7738
   8630.00    14.9559
   8640.00    14.9064
   8650.00    15.5113
   8660.00    14.8811
   8670.00    14.7611
   8680.00    15.5118
   8690.00    14.7638
   8700.00    14.9259
   8710.00    15.0000
   8720.00    14.7470
   8730.00    14.9321
   8740.00    15.0594
   8750.00    14.9700
   8760.00    14.8271
   8770.00    15.2837
   8780.00    14.9726
   8790.00    15.7144
   8800.00    14.5775
   8810.00    15.0181
   8820.00    15.1184
   8830.00    15.2514
   8840.00    15.1190
   8850.00    15.2589
   8860.00    15.3608
   8870.00    14.9453
   8880.00    14.8338
   8890.00    14.9238
   8900.00    14.5713
   8910.00    14.9893
   8920.00    14.8424
   8930.00    15.0592
   8940.00    14.8356
   8950.00    14.9688
   8960.00    15.2206
   8970.00    14.9135
   8980.00    15.3917
   8990.00    15.2776
   9000.00    14.5946
   9010.00    15.5187
   9020.00    15.3947
   9030.00    15.3898
   9040.00    15.3084
   9050.00    14.5690
   9060.00    15.2196
   9070.00    15.0261
   9080.00    14.9713
   9090.00    15.3058
   9100.00    13.9661
   9110.00    14.9079
   9120.00    15.0032
   9130.00    15.0795
   9140.00    15.8065
   9150.00    15.0289
   9160.00    14.9453
   9170.00    15.2507
   9180.00    15.2830
   9190.00    15.0834
   9200.00    15.5905
   9210.00    14.9821
   9220.00    15.3160
   9230.00    15.1774
   9240.00    15.2908
   9250.00    15.4694
   9260.00    14.8708
   9270.00    14.8329
   9280.00    14.9650
   9290.00    15.0514
   9300.00    14.8448
   9310.00    14.7906
   9320.00    15.0322
   9330.00    15.3649
   9340.00    14.8314
   9350.00    15.2502
   9360.00    15.2983
   9370.00    15.4721
   9380.00    15.1697
   9390.00    15.2440
   9400.00    15.4649
   9410.00    14.5232
   9420.00    14.7536
   9430.00    14.9606
   9440.00    14.5518
   9450.00    14.8398
   9460.00    14.5097
   9470.00    15.1264
   9480.00    14.8067
   9490.00    14.6487
   9500.00    14.7230
   9510.00    14.3411
   9520.00    15.2014
   9530.00    14.5823
   9540.00    15.1313
   9550.00    15.2503
   9560.00    14.5748
   9570.00    15.2487
   9580.00    15.2091
   9590.00    14.3923
   9600.00    14.8908
   9610.00    14.9611
   9620.00    15.0137
   9630.00    14.6314
   9640.00    14.0198
   9650.00    14.2750
   9660.00    14.9919
   9670.00    14.5401
   9680.00    15.1211
   9690.00    14.8895
   9700.00    14.9359
   9710.00    14.6417
   9720.00    14.8788
   9730.00    14.8369
   9740.00    14.9917
   9750.00    15.0820
   9760.00    15.4792
   9770.00    14.8571
   9780.00    15.0962
   9790.00    14.7930
   9800.00    15.2556
   9810.00    14.5071
   9820.00    15.4463
   9830.00    14.6400
   9840.00    14.6148
   9850.00    15.2331
   9860.00    14.7179
   9870.00    15.2020
   9880.00    14.6387
   9890.00    15.0439
   9900.00    14.5953
   9910.00    14.8695
   9920.00    15.3633
   9930.00    14.7536
   9940.00    15.1242
   9950.00    15.2976
   9960.00    14.9652
   9970.00    15.1815
   9980.00    14.8753
   9990.00    15.0044
  10000.00    14.6578
  10010.00    15.3028
  10020.00    14.5948
  10030.00    14.8201
  10040.00    14.9048
  10050.00    15.2451
  10060.00    14.7592
  10070.00    14.8639
  10080.00    14.5564
  10090.00    14.6667
  10100.00    14.8567
  10110.00    14.6863
  10120.00    15.1295
  10130.00    15.2696
  10140.00    14.9781
  10150.00    14.3939
  10160.00    14.9611
  10170.00    14.9766
  10180.00    15.0080
  10190.00    14.5799
  10200.00    14.7868
  10210.00    14.8925
  10220.00    14.7117
  10230.00    14.9700
  10240.00    15.3887
  10250.00    15.1662
  10260.00    15.0964
  10270.00    14.7488
  10280.00    15.3457
  10290.00    14.8339
  10300.00    15.1534
  10310.00    15.1643
  10320.00    14.7801
  10330.00    14.5077
  10340.00    14.8766
  10350.00    14.4159
  10360.00    15.2472
  10370.00    14.8670
  10380.00    14.9563
  10390.00    14.8814
  10400.00    15.4610
  10410.00    14.8408
  10420.00    15.0604
  10430.00    14.4436
  10440.00    15.0611
  10450.00    14.3817
  10460.00    15.7127
  10470.00    15.4729
  10480.00    15.1737
  10490.00    15.1149
  10500.00    14.5849
  10510.00    15.3320
  10520.00    15.0460
  10530.00    14.9382
  10540.00    15.0181
  10550.00    14.6467
  10560.00    14.8895
  10570.00    14.8478
  10580.00    14.7650
  10590.00    14.9546
  10600.00    14.6247
  10610.00    14.8777
  10620.00    15.2298
  10630.00    15.3688
  10640.00    15.0682
  10650.00    14.8284
  10660.00    14.8375
  10670.00    15.3027
  10680.00    15.0676
  10690.00    14.8057
  10700.00    14.9717
  10710.00    14.4457
  10720.00    14.7405
  10730.00    14.4528
  10740.00    14.6793
  10750.00    14.7879
  10760.00    14.9918
  10770.00    15.1025
  10780.00    15.2524
  10790.00    15.2465
  10800.00    14.9824
  10810.00    14.9719
  10820.00    15.2859
  10830.00    15.0182
  10840.00    15.4033
  10850.00    15.3488
  10860.00    15.0349
  10870.00    14.8734
  10880.00    14.7839
  10890.00    15.0438
  10900.00    15.1439
  10910.00    14.6328
  10920.00    14.8915
  10930.00    14.7061
  10940.00    14.8317
  10950.00    15.3694
  10960.00    14.9964
  10970.00    15.3134
  10980.00    15.4649
  10990.00    14.8673
  11000.00    15.4371
  11010.00    14.9230
  11020.00    15.1459
  11030.00    15.0552
  11040.00    14.9969
  11050.00    15.0403
  11060.00    15.0239
  11070.00    15.1381
  11080.00    14.9895
  11090.00    15.0479
  11100.00    14.5596
  11110.00    15.2963
  11120.00    15.7377
  11130.00    15.0567
  11140.00    14.8362
  11150.00    14.5687
  11160.00    15.4909
  11170.00    14.5941
  11180.00    14.9654
  11190.00    15.1453
  11200.00    15.2107
  11210.00    14.8189
  11220.00    15.6309
  11230.00    15.2720
  11240.00    15.4362
  11250.00    14.5262
  11260.00    15.2195
  11270.00    14.6885
  11280.00    14.9977
  11290.00    14.6466
  11300.00    14.8734
  11310.00    15.2393
  11320.00    15.1315
  11330.00    15.0285
  11340.00    15.0126
  11350.00    14.7833
  11360.00    14.8339
  11370.00    15.1785
  11380.00    14.9921
  11390.00    15.4756
  11400.00    15.0139
  11410.00    15.1067
  11420.00    15.0022
  11430.00    14.3718
  11440.00    14.9832
  11450.00    15.3006
  11460.00    15.1046
  11470.00    14.6903
  11480.00    15.1775
  11490.00    15.0206
  11500.00    15.0142
  11510.00    15.4165
  11520.00    15.3947
  11530.00    15.3513
  11540.00    14.6738
  11550.00    15.6241
  11560.00    14.8169
  11570.00    15.0138
  11580.00    14.9235
  11590.00    14.8442
  11600.00    14.7638
  11610.00    14.7099
  11620.00    14.6561
  11630.00    14.5356
  11640.00    14.7170
  11650.00    14.8424
  11660.00    15.3364
  11670.00    15.2589
  11680.00    15.0246
  11690.00    15.3165
  11700.00    15.6829
  11710.00    15.1068
  11720.00    15.1812
  11730.00    14.7835
  11740.00    15.2929
  11750.00    15.0553
  11760.00    14.6471
  11770.00    14.8396
  11780.00    14.9658
  11790.00    14.9591
  11800.00    14.6262
  11810.00    14.9507
  11820.00    14.9994
  11830.00    15.0905
  11840.00    15.4781
  11850.00    14.8971
  11860.00    15.7160
  11870.00    14.9508
  11880.00    15.1838
  11890.00    14.8248
  11900.00    15.2038
  11910.00    15.3546
  11920.00    14.8541
  11930.00    14.7475
  11940.00    15.2092
  11950.00    14.7803
  11960.00    14.7491
  11970.00    15.1666
  11980.00    15.2754
  11990.00    14.9507
  12000.00    14.8155
  12010.00    15.0588
  12020.00    14.6805
  12030.00    15.0435
  12040.00    14.6061
  12050.00    15.2149
  12060.00    14.7970
  12070.00    15.2216
  12080.00    15.0537
  12090.00    14.7346
  12100.00    15.0152
  12110.00    15.1136
  12120.00    15.0586
  12130.00    14.5946
  12140.00    14.4022
  12150.00    14.9026
  12160.00    14.5432
  12170.00    15.0504
  12180.00    15.0544
  12190.00    15.2047
  12200.00    14.9041
  12210.00    15.2641
  12220.00    15.1210
  12230.00    14.6319
  12240.00    14.5604
  12250.00    14.7977
  12260.00    14.7379
  12270.00    14.9451
  12280.00    14.7704
  12290.00    14.6423
  12300.00    14.8329
  12310.00    14.5278
  12320.00    14.6214
  12330.00    14.9796
  12340.00    14.9346
  12350.00    14.9557
  12360.00    15.2624
  12370.00    14.8958
  12380.00    15.4887
  12390.00    14.9436
  12400.00    14.8985
  12410.00    15.3386
  12420.00    14.7649
  12430.00    15.3507
  12440.00    14.5646
  12450.00    14.6278
  12460.00    14.5180
  12470.00    14.9031
  12480.00    14.8508
  12490.00    14.9003
  12500.00    15.4223
  12510.00    15.2358
  12520.00    14.5758
  12530.00    14.9349
  12540.00    15.2211
  12550.00    15.7171
  12560.00    14.7687
  12570.00    15.3902
  12580.00    15.4464
  12590.00    15.6174
  12600.00    14.6617
  12610.00    15.1799
  12620.00    15.3019
  12630.00    15.5258
  12640.00    14.7648
  12650.00    15.1156
  12660.00    15.0919
  12670.00    15.0930
  12680.00    15.1414
  12690.00    15.0991
  12700.00    14.5087
  12710.00    15.0217
  12720.00    14.2543
  12730.00    15.1971
  12740.00    15.1341
  12750.00    15.0318
  12760.00    15.0050
  12770.00    14.5834
  12780.00    14.7752
  12790.00    14.8186
  12800.00    15.3638
  12810.00    15.0916
  12820.00    15.1784
  12830.00    14.8405
  12840.00    14.5083
  12850.00    15.2414
  12860.00    14.3142
  12870.00    14.5584
  12880.00    15.3466
  12890.00    15.6905
  12900.00    14.9272
  12910.00    14.7870
  12920.00    14.4100
  12930.00    14.9830
  12940.00    15.2612
  12950.00    14.9222
  12960.00    15.3852
  12970.00    15.2155
  12980.00    15.2290
  12990.00    14.7470
  13000.00    15.0639
  13010.00    15.1764
  13020.00    15.4805
  13030.00    15.2158
  13040.00    15.0618
  13050.00    14.9202
  13060.00    15.1794
  13070.00    14.6668
  13080.00    15.4515
  13090.00    15.4785
  13100.00    14.9835
  13110.00    14.8885
  13120.00    14.4248
  13130.00    14.5876
  13140.00    14.4550
  13150.00    14.7664
  13160.00    15.2209
  13170.00    15.0184
  13180.00    14.6893
  13190.00    15.2286
  13200.00    14.9926
  13210.00    15.0101
  13220.00    15.3477
  13230.00    15.0747
  13240.00    15.3967
  13250.00    15.3772
  13260.00    14.7712
  13270.00    15.0088
  13280.00    14.7953
  13290.00    15.1379
  13300.00    14.8753
  13310.00    14.8823
  13320.00    15.1220
  13330.00    15.1498
  13340.00    15.3356
  13350.00    14.8627
  13360.00    14.6892
  13370.00    14.3862
  13380.00    14.8032
  13390.00    14.6461
  13400.00    14.6766
  13410.00    14.9341
  13420.00    14.8552
  13430.00    14.6083
  13440.00    15.0198
  13450.00    14.9153
  13460.00    15.2408
  13470.00    15.2244
  13480.00    15.0340
  13490.00    15.0923
  13500.00    14.3839
  13510.00    15.3284
  13520.00    14.9709
  13530.00    14.9990
  13540.00    14.6962
  13550.00    14.8305
  13560.00    14.7270
  13570.00    14.8874
  13580.00    14.9934
  13590.00    14.5937
  13600.00    14.8405
  13610.00    15.3138
  13620.00    14.9154
  13630.00    14.5725
  13640.00    14.9078
  13650.00    14.9196
  13660.00    14.9645
  13670.00    15.0068
  13680.00    15.3389
  13690.00    14.9410
  13700.00    14.7641
  13710.00    15.1955
  13720.00    14.5257
  13730.00    14.9484
  13740.00    14.8301
  13750.00    14.4461
  13760.00    14.4643
  13770.00    15.0593
  13780.00    14.2477
  13790.00    14.4186
  13800.00    14.6202
  13810.00    15.0728
  13820.00    14.7527
  13830.00    14.8973
  13840.00    14.3962
  13850.00    14.8099
  13860.00    14.9226
  13870.00    15.4808
  13880.00    15.0457
  13890.00    14.9639
  13900.00    15.4498
  13910.00    14.9102
  13920.00    15.1790
  13930.00    14.9672
  13940.00    14.5838
  13950.00    14.8759
  13960.00    15.2948
  13970.00    14.9996
  13980.00    14.9050
  13990.00    14.6136
  14000.00    14.5739
  14010.00    15.3394
  14020.00    15.0962
  14030.00    14.4925
  14040.00    14.6470
  14050.00    15.2928
  14060.00    15.1442
  14070.00    15.2801
  14080.00    14.9639
  14090.00    14.6073
  14100.00    14.8225
  14110.00    14.7989
  14120.00    15.1411
  14130.00    14.7956
  14140.00    15.0426
  14150.00    14.7069
  14160.00    14.9740
  14170.00    14.6829
  14180.00    14.8028
  14190.00    14.9562
  14200.00    14.5431
  14210.00    14.8429
  14220.00    15.3526
  14230.00    15.2079
  14240.00    14.8875
  14250.00    14.4145
  14260.00    15.0244
  14270.00    15.1377
  14280.00    15.1847
  14290.00    15.0385
  14300.00    14.9651
  14310.00    14.9468
  14320.00    14.8894
  14330.00    14.8815
  14340.00    15.4326
  14350.00    14.6425
  14360.00    14.8957
  14370.00    14.9438
  14380.00    14.8470
  14390.00    15.2943
  14400.00    14.9724
  14410.00    14.8995
  14420.00    15.1147
  14430.00    14.7871
  14440.00    14.9232
  14450.00    15.4288
  14460.00    14.7461
  14470.00    15.0486
  14480.00    15.2012
  14490.00    14.3778
  14500.00    15.3162
  14510.00    15.1533
  14520.00    14.8233
  14530.00    15.1641
  14540.00    14.8531
  14550.00    14.7975
  14560.00    15.1265
  14570.00    15.3777
  14580.00    14.5036
  14590.00    14.9876
  14600.00    14.6036
  14610.00    15.0780
  14620.00    15.0207
  14630.00    14.5226
  14640.00    15.1790
  14650.00    15.1730
  14660.00    15.0225
  14670.00    15.1689
  14680.00    15.3720
  14690.00    15.3375
  14700.00    14.8876
  14710.00    15.2761
  14720.00    15.0289
  14730.00    15.1771
  14740.00    15.0543
  14750.00    14.6744
  14760.00    14.9810
  14770.00    15.5004
  14780.00    14.7335
  14790.00    14.4798
  14800.00    15.1005
  14810.00    15.0880
  14820.00    14.9190
  14830.00    14.8422
  14840.00    14.7378
  14850.00    14.9906
  14860.00    15.0367
  14870.00    14.9152
  14880.00    15.5643
  14890.00    14.7526
  14900.00    15.0462
  14910.00    15.0131
  14920.00    14.9807
  14930.00    14.9536
  14940.00    14.9416
  14950.00    15.2228
  14960.00    14.9027
  14970.00    14.8022
  14980.00    14.8630
  14990.00    14.4601
  15000.00    14.9942
  15010.00    14.5426
  15020.00    15.2293
  15030.00    14.8424
  15040.00    14.9790
  15050.00    14.9013
  15060.00    15.1578
  15070.00    14.6373
  15080.00    14.8933
  15090.00    14.7723
  15100.00    14.8723
  15110.00    15.0084
  15120.00    15.1717
  15130.00    15.6228
  15140.00    15.5169
  15150.00    15.7006
  15160.00    15.1945
  15170.00    15.1056
  15180.00    15.7482
  15190.00    14.4692
  15200.00    15.7825
  15210.00    14.9331
  15220.00    14.6389
  15230.00    14.6048
  15240.00    14.4647
  15250.00    14.9571
  15260.00    14.7577
  15270.00    14.4882
  15280.00    14.9222
  15290.00    15.1243
  15300.00    15.2077
  15310.00    14.9320
  15320.00    14.8190
  15330.00    14.8226
  15340.00    14.7900
  15350.00    15.1688
  15360.00    15.2871
  15370.00    14.8740
  15380.00    14.5019
  15390.00    14.9581
  15400.00    14.9144
  15410.00    15.2212
  15420.00    14.7225
  15430.00    15.0142
  15440.00    15.2107
  15450.00    15.0998
  15460.00    14.9800
  15470.00    14.5986
  15480.00    15.3354
  15490.00    14.6429
  15500.00    14.8050
  15510.00    15.1889
  15520.00    14.8610
  15530.00    14.9885
  15540.00    14.2242
  15550.00    15.0259
  15560.00    14.5667
  15570.00    15.2059
  15580.00    15.2769
  15590.00    14.6576
  15600.00    15.0925
  15610.00    14.6127
  15620.00    15.0638
  15630.00    14.9896
  15640.00    14.8077
  15650.00    14.8377
  15660.00    14.4047
  15670.00    14.8583
  15680.00    15.1076
  15690.00    15.1845
  15700.00    14.8257
  15710.00    15.0095
  15720.00    14.7151
  15730.00    15.0813
  15740.00    14.9296
  15750.00    15.4290
  15760.00    14.4005
  15770.00    14.7795
  15780.00    14.9978
  15790.00    15.1211
  15800.00    14.8915
  15810.00    14.8825
  15820.00    14.8447
  15830.00    14.6002
  15840.00    15.3398
  15850.00    14.7094
  15860.00    15.2157
  15870.00    15.0200
  15880.00    15.1528
  15890.00    15.1601
  15900.00    14.5731
  15910.00    14.9267
  15920.00    15.1621
  15930.00    15.3589
  15940.00    14.8976
  15950.00    14.8070
  15960.00    15.0929
  15970.00    15.5125
  15980.00    15.9695
  15990.00    14.5292
  16000.00    15.3134
  16010.00    15.3916
  16020.00    14.7749
  16030.00    14.9765
  16040.00    15.0884
  16050.00    14.7225
  16060.00    15.2841
  16070.00    15.0164
  16080.00    14.9486
  16090.00    15.0985
  16100.00    14.6453
  16110.00    14.6291
  16120.00    14.8648
  16130.00    15.3428
  16140.00    15.2331
  16150.00    15.0669
  16160.00    15.2480
  16170.00    15.4012
  16180.00    15.4176
  16190.00    14.8466
  16200.00    15.2085
  16210.00    14.8632
  16220.00    14.6783
  16230.00    15.0505
  16240.00    14.4048
  16250.00    14.4912
  16260.00    14.9257
  16270.00    15.3324
  16280.00    15.0373
  16290.00    15.3478
  16300.00    15.1586
  16310.00    14.5282
  16320.00    15.1153
  16330.00    15.1414
  16340.00    14.6685
  16350.00    15.0497
  16360.00    15.3290
  16370.00    14.5625
  16380.00    15.3610
  16390.00    14.8580
  16400.00    14.9090
  16410.00    14.8211
  16420.00    15.0846
  16430.00    14.7630
  16440.00    14.8822
  16450.00    15.0704
  16460.00    14.6214
  16470.00    14.6631
  16480.00    14.4866
  16490.00    14.9057
  16500.00    15.3244
  16510.00    14.5704
  16520.00    15.1804
  16530.00    14.7969
  16540.00    14.6976
  16550.00    15.2378
  16560.00    15.0721
  16570.00    14.6296
  16580.00    14.9848
  16590.00    15.2410
  16600.00    14.8563
  16610.00    14.6437
  16620.00    15.1916
  16630.00    15.0321
  16640.00    15.1391
  16650.00    14.7362
  16660.00    15.4669
  16670.00    14.9808
  16680.00    15.7163
  16690.00    15.0721
  16700.00    15.0365
  16710.00    14.7963
  16720.00    14.7404
  16730.00    14.6239
  16740.00    14.8389
  16750.00    15.4615
  16760.00    15.3927
  16770.00    14.8088
  16780.00    14.8358
  16790.00    15.3195
  16800.00    14.8589
  16810.00    15.1741
  16820.00    14.5500
  16830.00    15.7395
  16840.00    14.8323
  16850.00    15.0058
  16860.00    15.1345
  16870.00    15.0064
  16880.00    14.9664
  16890.00    14.6857
  16900.00    14.7892
  16910.00    15.1384
  16920.00    14.9244
  16930.00    15.1411
  16940.00    14.6871
  16950.00    15.2241
  16960.00    14.5705
  16970.00    14.8251
  16980.00    14.4592
  16990.00    15.0671
  17000.00    14.9553
  17010.00    14.9741
  17020.00    15.1412
  17030.00    14.9293
  17040.00    14.6160
  17050.00    14.6373
  17060.00    14.4685
  17070.00    14.3107
  17080.00    14.8855
  17090.00    14.6630
  17100.00    14.9593
  17110.00    14.7172
  17120.00    14.5458
  17130.00    14.9761
  17140.00    14.9178
  17150.00    15.1548
  17160.00    14.6719
  17170.00    14.9285
  17180.00    15.1113
  17190.00    14.7022
  17200.00    14.5897
  17210.00    14.2160
  17220.00    14.8514
  17230.00    14.9316
  17240.00    15.1939
  17250.00    15.3246
  17260.00    14.9650
  17270.00    14.8609
  17280.00    14.6334
  17290.00    15.0324
  17300.00    14.8025
  17310.00    14.6829
  17320.00    14.2933
  17330.00    14.7685
  17340.00    15.2081
  17350.00    15.1756
  17360.00    14.8677
  17370.00    14.9401
  17380.00    14.9979
  17390.00    14.7612
  17400.00    15.1068
  17410.00    14.8976
  17420.00    15.2841
  17430.00    15.1381
  17440.00    15.6967
  17450.00    15.4956
  17460.00    14.7082
  17470.00    15.2263
  17480.00    14.8159
  17490.00    14.9815
  17500.00    15.0224
  17510.00    15.1439
  17520.00    15.0359
  17530.00    14.4211
  17540.00    14.6972
  17550.00    15.5160
  17560.00    14.8494
  17570.00    15.1331
  17580.00    15.4438
  17590.00    15.2959
  17600.00    15.2578
  17610.00    14.8708
  17620.00    14.7844
  17630.00    15.3160
  17640.00    14.7311
  17650.00    15.2004
  17660.00    15.3160
  17670.00    14.8819
  17680.00    14.7989
  17690.00    15.1852
  17700.00    15.4129
  17710.00    14.9316
  17720.00    15.2301
  17730.00    15.5174
  17740.00    14.9067
  17750.00    15.6702
  17760.00    15.0110
  17770.00    14.7429
  17780.00    15.0157
  17790.00    14.9891
  17800.00    14.8357
  17810.00    15.1132
  17820.00    14.4804
  17830.00    14.8099
  17840.00    14.7079
  17850.00    14.7633
  17860.00    14.9966
  17870.00    15.3963
  17880.00    15.5137
  17890.00    14.4071
  17900.00    14.9894
  17910.00    14.9562
  17920.00    15.4025
  17930.00    14.7417
  17940.00    15.1182
  17950.00    15.2218
  17960.00    15.5857
  17970.00    15.3648
  17980.00    14.7478
  17990.00    14.9842
  18000.00    15.4503
  18010.00    15.0162
  18020.00    14.7983
  18030.00    15.1488
  18040.00    15.0969
  18050.00    15.2074
  18060.00    15.0794
  18070.00    15.1014
  18080.00    15.4666
  18090.00    15.0336
  18100.00    15.2317
  18110.00    14.8458
  18120.00    15.0907
  18130.00    14.9574
  18140.00    14.6317
  18150.00    15.2754
  18160.00    15.0155
  18170.00    15.0082
  18180.00    14.9800
  18190.00    15.2120
  18200.00    14.8810
  18210.00    14.7012
  18220.00    15.1193
  18230.00    14.9605
  18240.00    15.3309
  18250.00    15.0440
  18260.00    14.4165
  18270.00    14.9338
  18280.00    15.0456
  18290.00    15.1073
  18300.00    15.0861
  18310.00    14.5615
  18320.00    14.6501
  18330.00    15.2578
  18340.00    14.7631
  18350.00    14.7847
  18360.00    15.2979
  18370.00    15.3426
  18380.00    14.9200
  18390.00    14.9489
  18400.00    14.9904
  18410.00    14.7125
  18420.00    15.2936
  18430.00    14.9424
  18440.00    15.3449
  18450.00    14.6660
  18460.00    15.0428
  18470.00    14.9989
  18480.00    14.9831
  18490.00    15.1694
  18500.00    14.8970
  18510.00    14.9883
  18520.00    14.4747
  18530.00    15.2496
  18540.00    15.0623
  18550.00    15.1358
  18560.00    14.4215
  18570.00    14.8608
  18580.00    14.8932
  18590.00    14.8939
  18600.00    14.7626
  18610.00    14.9904
  18620.00    14.7144
  18630.00    14.5585
  18640.00    15.0854
  18650.00    14.9390
  18660.00    15.0157
  18670.00    15.4047
  18680.00    15.0859
  18690.00    15.2920
  18700.00    14.7403
  18710.00    14.8275
  18720.00    15.3545
  18730.00    14.9552
  18740.00    14.8984
  18750.00    15.3267
  18760.00    14.4521
  18770.00    15.4467
  18780.00    14.8930
  18790.00    14.6513
  18800.00    14.9005
  18810.00    14.4339
  18820.00    14.7822
  18830.00    14.9462
  18840.00    14.5001
  18850.00    14.8727
  18860.00    14.9313
  18870.00    14.7024
  18880.00    15.3962
  18890.00    14.6866
  18900.00    14.7865
  18910.00    14.8634
  18920.00    14.9024
  18930.00    14.8179
  18940.00    14.8644
  18950.00    15.3132
  18960.00    14.7942
  18970.00    14.7576
  18980.00    15.0713
  18990.00    15.0408
  19000.00    14.4478
  19010.00    14.9851
  19020.00    14.9907
  19030.00    15.4996
  19040.00    14.9305
  19050.00    15.4695
  19060.00    15.1171
  19070.00    15.0706
  19080.00    15.1030
  19090.00    14.9254
  19100.00    15.2676
  19110.00    15.0894
  19120.00    15.2127
  19130.00    15.2132
  19140.00    15.1810
  19150.00    14.7899
  19160.00    14.9858
  19170.00    15.1600
  19180.00    14.9609
  19190.00    15.4072
  19200.00    15.4204
  19210.00    15.5530
  19220.00    15.1850
  19230.00    14.8812
  19240.00    15.0935
  19250.00    15.1508
  19260.00    15.1328
  19270.00    14.8567
  19280.00    15.4780
  19290.00    14.9608
  19300.00    15.4702
  19310.00    14.4549
  19320.00    14.9935
  19330.00    15.0061
  19340.00    14.7639
  19350.00    14.5160
  19360.00    14.5598
  19370.00    14.7658
  19380.00    15.4384
  19390.00    14.8145
  19400.00    14.9186
  19410.00    15.5063
  19420.00    15.0881
  19430.00    14.5124
  19440.00    15.3847
  19450.00    14.9862
  19460.00    15.0801
  19470.00    15.3384
  19480.00    15.4500
  19490.00    14.9111
  19500.00    15.0649
  19510.00    14.7915
  19520.00    14.7306
  19530.00    14.8462
  19540.00    15.4135
  19550.00    15.1552
  19560.00    14.6147
  19570.00    14.5318
  19580.00    14.4750
  19590.00    15.2146
  19600.00    15.2308
  19610.00    15.0156
  19620.00    14.7730
  19630.00    15.2228
  19640.00    14.6515
  19650.00    14.9133
  19660.00    15.1441
  19670.00    15.2047
  19680.00    15.1395
  19690.00    15.4875
  19700.00    14.5942
  19710.00    15.2988
  19720.00    14.7610
  19730.00    15.1956
  19740.00    15.2359
  19750.00    14.9166
  19760.00    15.0155
  19770.00    15.2082
  19780.00    14.9258
  19790.00    14.6110
  19800.00    14.8988
  19810.00    14.5242
  19820.00    14.9340
  19830.00    14.9029
  19840.00    15.2841
  19850.00    15.0999
  19860.00    14.5700
  19870.00    14.7281
  19880.00    15.2805
  19890.00    14.7008
  19900.00    14.3636
  19910.00    15.1194
  19920.00    14.7940
  19930.00    15.2711
  19940.00    14.5695
  19950.00    15.1323
  19960.00    15.0278
  19970.00    14.9979
  19980.00    15.3509
  19990.00    15.1819
  20000.00    14.7636
  20010.00    14.5528
  20020.00    15.2352
  20030.00    14.8786
  20040.00    15.0663
  20050.00    14.9466
  20060.00    14.4828
  20070.00    14.6746
  20080.00    15.2632
  20090.00    14.5642
  20100.00    14.7109
  20110.00    14.8832
  20120.00    14.8431
  20130.00    15.5956
  20140.00    15.1146
  20150.00    15.2557
  20160.00    14.8007
  20170.00    15.4457
  20180.00    15.2709
  20190.00    15.0989
  20200.00    14.8798
  20210.00    14.8227
  20220.00    14.8588
  20230.00    15.1480
  20240.00    15.3005
  20250.00    14.9569
  20260.00    14.2801
  20270.00    15.1689
  20280.00    15.0000
  20290.00    14.9709
  20300.00    14.9500
  20310.00    15.4001
  20320.00    14.5671
  20330.00    14.8737
  20340.00    14.7079
  20350.00    15.1095
  20360.00    15.4223
  20370.00    14.9462
  20380.00    15.0023
  20390.00    15.4450
  20400.00    15.1502
  20410.00    15.1243
  20420.00    14.3490
  20430.00    14.9194
  20440.00    14.6320
  20450.00    14.9244
  20460.00    14.9081
  20470.00    15.0584
  20480.00    15.1121
  20490.00    15.2428
  20500.00    15.5449
  20510.00    15.0441
  20520.00    15.2581
  20530.00    15.3731
  20540.00    15.0277
  20550.00    14.8993
  20560.00    15.2635
  20570.00    14.8724
  20580.00    14.3897
  20590.00    15.4579
  20600.00    15.0762
  20610.00    15.2289
  20620.00    14.7690
  20630.00    14.9139
  20640.00    14.9925
  20650.00    15.3209
  20660.00    14.6354
  20670.00    15.0774
  20680.00    14.7369
  20690.00    14.9708
  20700.00    15.0216
  20710.00    15.4149
  20720.00    15.1119
  20730.00    14.7278
  20740.00    14.5279
  20750.00    14.8725
  20760.00    14.5303
  20770.00    14.7928
  20780.00    14.4181
  20790.00    14.9967
  20800.00    14.8797
  20810.00    14.9588
  20820.00    14.6552
  20830.00    14.8216
  20840.00    14.7084
  20850.00    15.1165
  20860.00    15.0431
  20870.00    15.0389
  20880.00    14.7752
  20890.00    14.6777
  20900.00    15.0246
  20910.00    15.0159
  20920.00    15.3355
  20930.00    14.8485
  20940.00    15.3683
  20950.00    15.2247
  20960.00    15.4632
  20970.00    14.6886
  20980.00    14.9318
  20990.00    15.1064
  21000.00    14.8008
  21010.00    14.6626
  21020.00    14.9433
  21030.00    15.1304
  21040.00    14.9537
  21050.00    15.3391
  21060.00    15.3137
  21070.00    15.3598
  21080.00    14.6193
  21090.00    15.1053
  21100.00    15.4315
  21110.00    14.7133
  21120.00    15.0614
  21130.00    14.4849
  21140.00    15.1192
  21150.00    15.0348
  21160.00    14.8649
  21170.00    14.9164
  21180.00    15.2435
  21190.00    15.2214
  21200.00    14.7859
  21210.00    14.9145
  21220.00    14.3787
  21230.00    15.0524
  21240.00    14.6748
  21250.00    14.2999
  21260.00    14.6436
  21270.00    14.8117
  21280.00    14.8766
  21290.00    14.6152
  21300.00    14.9481
  21310.00    15.1840
  21320.00    15.0980
  21330.00    14.6304
  21340.00    14.4619
  21350.00    14.5994
  21360.00    14.8045
  21370.00    14.8461
  21380.00    14.4209
  21390.00    14.9298
  21400.00    15.0677
  21410.00    15.1640
  21420.00    14.8794
  21430.00    15.1719
  21440.00    15.2068
  21450.00    15.3665
  21460.00    14.4848
  21470.00    15.2204
  21480.00    14.9070
  21490.00    15.0306
  21500.00    14.4241
  21510.00    15.2713
  21520.00    14.8085
  21530.00    14.7297
  21540.00    15.0667
  21550.00    14.6303
  21560.00    15.3056
  21570.00    14.6240
  21580.00    14.8590
  21590.00    15.2941
  21600.00    15.4921
  21610.00    15.2217
  21620.00    14.3875
  21630.00    15.0574
  21640.00    15.5065
  21650.00    14.8430
  21660.00    15.2360
  21670.00    15.3578
  21680.00    15.0720
  21690.00    14.7424
  21700.00    14.7182
  21710.00    14.7265
  21720.00    15.1884
  21730.00    14.9415
  21740.00    15.1846
  21750.00    15.4315
  21760.00    14.7984
  21770.00    15.0234
  21780.00    15.0314
  21790.00    14.5903
  21800.00    14.9032
  21810.00    14.9438
  21820.00    15.1442
  21830.00    14.7867
  21840.00    14.7082
  21850.00    14.9266
  21860.00    15.1353
  21870.00    14.7803
  21880.00    15.0707
  21890.00    14.8366
  21900.00    15.0984
  21910.00    15.1363
  21920.00    15.0884
  21930.00    14.9898
  21940.00    15.9552
  21950.00    15.0981
  21960.00    15.1975
  21970.00    15.4001
  21980.00    14.4067
  21990.00    14.6591
  22000.00    14.7161
  22010.00    14.7840
  22020.00    14.9121
  22030.00    14.8457
  22040.00    14.8276
  22050.00    14.7080
  22060.00    15.3994
  22070.00    15.3364
  22080.00    15.1030
  22090.00    14.6966
  22100.00    15.2571
  22110.00    15.3010
  22120.00    15.1603
  22130.00    14.6617
  22140.00    14.4818
  22150.00    15.4125
  22160.00    14.9577
  22170.00    14.6926
  22180.00    14.9738
  22190.00    15.1777
  22200.00    14.8771
  22210.00    14.7801
  22220.00    15.3765
  22230.00    15.0022
  22240.00    14.9514
  22250.00    15.3626
  22260.00    14.5597
  22270.00    14.8030
  22280.00    14.7947
  22290.00    15.2090
  22300.00    14.9705
  22310.00    15.4274
  22320.00    15.0036
  22330.00    15.0361
  22340.00    15.0006
  22350.00    14.6343
  22360.00    15.2215
  22370.00    15.5358
  22380.00    14.8127
  22390.00    15.2452
  22400.00    15.2631
  22410.00    15.1492
  22420.00    15.0617
  22430.00    14.6092
  22440.00    15.0396
  22450.00    15.0691
  22460.00    15.1157
  22470.00    15.5889
  22480.00    14.9624
  22490.00    14.7518
  22500.00    15.2701
  22510.00    14.6844
  22520.00    14.3920
  22530.00    14.9065
  22540.00    15.2925
  22550.00    14.7832
  22560.00    14.9198
  22570.00    14.4275
  22580.00    14.6493
  22590.00    15.1131
  22600.00    15.3541
  22610.00    14.6174
  22620.00    14.8371
  22630.00    14.6621
  22640.00    14.9525
  22650.00    15.0532
  22660.00    14.9072
  22670.00    14.8717
  22680.00    14.5072
  22690.00    15.1092
  22700.00    14.3260
  22710.00    14.9711
  22720.00    14.8339
  22730.00    15.3961
  22740.00    14.6529
  22750.00    14.9817
  22760.00    15.0499
  22770.00    14.9256
  22780.00    15.5412
  22790.00    14.9766
  22800.00    14.5582
  22810.00    14.8131
  22820.00    14.4970
  22830.00    14.9250
  22840.00    14.8200
  22850.00    14.7037
  22860.00    14.3436
  22870.00    15.0402
  22880.00    14.6095
  22890.00    14.8628
  22900.00    14.8324
  22910.00    14.4373
  22920.00    15.0587
  22930.00    15.1032
  22940.00    14.9190
  22950.00    15.3115
  22960.00    15.0776
  22970.00    15.1308
  22980.00    14.3270
  22990.00    14.9405
  23000.00    15.0367
  23010.00    14.7096
  23020.00    14.7225
  23030.00    14.4479
  23040.00    15.2376
  23050.00    14.9025
  23060.00    14.8018
  23070.00    15.0368
  23080.00    15.5427
  23090.00    14.8686
  23100.00    15.0812
  23110.00    15.3038
  23120.00    15.0701
  23130.00    15.1465
  23140.00    14.6374
  23150.00    15.1551
  23160.00    15.4006
  23170.00    14.8315
  23180.00    15.3079
  23190.00    14.9015
  23200.00    14.8544
  23210.00    14.7776
  23220.00    14.6442
  23230.00    14.6151
  23240.00    15.1709
  23250.00    14.9005
  23260.00    15.3190
  23270.00    15.5324
  23280.00    15.3151
  23290.00    15.4472
  23300.00    15.2675
  23310.00    14.9800
  23320.00    14.6742
  23330.00    14.8299
  23340.00    14.8686
  23350.00    15.2980
  23360.00    14.8090
  23370.00    14.5294
  23380.00    14.7656
  23390.00    14.9071
  23400.00    14.8211
  23410.00    14.7510
  23420.00    14.8110
  23430.00    15.0886
  23440.00    14.9764
  23450.00    14.7187
  23460.00    14.8593
  23470.00    14.6979
  23480.00    14.9189
  23490.00    15.4801
  23500.00    14.7885
  23510.00    14.6632
  23520.00    14.7489
  23530.00    14.7608
  23540.00    14.6839
  23550.00    14.7389
  23560.00    14.8789
  23570.00    14.8138
  23580.00    15.2983
  23590.00    15.3968
  23600.00    15.1933
  23610.00    15.3288
  23620.00    14.7743
  23630.00    15.1683
  23640.00    14.4156
  23650.00    15.1803
  23660.00    15.3077
  23670.00    14.9483
  23680.00    15.1244
  23690.00    14.8517
  23700.00    14.4869
  23710.00    14.9006
  23720.00    15.0656
  23730.00    14.5573
  23740.00    14.9183
  23750.00    14.7374
  23760.00    15.5227
  23770.00    14.6433
  23780.00    15.4205
  23790.00    14.8410
  23800.00    14.9233
  23810.00    15.5053
  23820.00    14.7540
  23830.00    15.2652
  23840.00    15.0739
  23850.00    15.0065
  23860.00    15.0171
  23870.00    15.0868
  23880.00    15.9656
  23890.00    15.4835
  23900.00    14.9211
  23910.00    15.2238
  23920.00    14.6569
  23930.00    15.2283
  23940.00    15.2660
  23950.00    14.9312
  23960.00    15.0131
  23970.00    15.2110
  23980.00    14.7205
  23990.00    14.4495
  24000.00    14.9090
  24010.00    15.1227
  24020.00    14.9617
  24030.00    15.6421
  24040.00    14.7999
  24050.00    14.6140
  24060.00    15.1232
  24070.00    14.9148
  24080.00    15.1216
  24090.00    14.8936
  24100.00    15.4024
  24110.00    15.0096
  24120.00    14.9380
  24130.00    15.2581
  24140.00    14.6057
  24150.00    14.9157
  24160.00    15.0117
  24170.00    14.6438
  24180.00    14.7126
  24190.00    14.8755
  24200.00    15.2907
  24210.00    15.1313
  24220.00    14.9934
  24230.00    15.0221
  24240.00    15.1829
  24250.00    14.6833
  24260.00    14.3410
  24270.00    14.5983
  24280.00    14.3753
  24290.00    14.5817
  24300.00    14.7440
  24310.00    15.0467
  24320.00    15.0969
  24330.00    15.4172
  24340.00    15.3237
  24350.00    15.3047
  24360.00    15.2979
  24370.00    14.6245
  24380.00    15.3473
  24390.00    15.0555
  24400.00    15.3969
  24410.00    15.0202
  24420.00    15.4946
  24430.00    15.3429
  24440.00    15.1943
  24450.00    15.3975
  24460.00    14.9505
  24470.00    14.7141
  24480.00    14.7901
  24490.00    14.7501
  24500.00    15.1765
  24510.00    15.2319
  24520.00    14.7109
  24530.00    14.6949
  24540.00    14.7042
  24550.00    14.8519
  24560.00    14.8830
  24570.00    15.3776
  24580.00    14.8546
  24590.00    14.8680
  24600.00    15.0345
  24610.00    15.3200
  24620.00    15.2562
  24630.00    15.3649
  24640.00    14.7064
  24650.00    14.6579
  24660.00    15.2687
  24670.00    14.7910
  24680.00    14.9442
  24690.00    14.7416
  24700.00    14.8125
  24710.00    15.3413
  24720.00    14.6193
  24730.00    14.7660
  24740.00    15.1785
  24750.00    14.8555
  24760.00    15.1703
  24770.00    15.6397
  24780.00    15.1267
  24790.00    14.9021
  24800.00    14.9391
  24810.00    14.6476
  24820.00    14.6700
  24830.00    14.5695
  24840.00    14.6067
  24850.00    14.8988
  24860.00    14.7694
  24870.00    15.4405
  24880.00    14.9020
  24890.00    15.1362
  24900.00    14.9432
  24910.00    15.1409
  24920.00    14.8694
  24930.00    14.7845
  24940.00    15.0832
  24950.00    15.0792
  24960.00    14.8919
  24970.00    15.0811
  24980.00    14.6484
  24990.00    15.1546
  25000.00    15.2052
  25010.00    15.3833
  25020.00    14.8664
  25030.00    15.2638
  25040.00    15.0705
  25050.00    14.9927
  25060.00    15.0701
  25070.00    15.4952
  25080.00    15.1570
  25090.00    15.3316
  25100.00    15.1477
  25110.00    15.0782
  25120.00    14.8923
  25130.00    14.8050
  25140.00    15.0205
  25150.00    14.7678
  25160.00    15.4442
  25170.00    15.1049
  25180.00    14.9272
  25190.00    15.3383
  25200.00    15.1551
  25210.00    15.0868
  25220.00    15.0222
  25230.00    15.0529
  25240.00    14.9823
  25250.00    14.8276
  25260.00    14.8473
  25270.00    15.2604
  25280.00    14.3880
  25290.00    15.2397
  25300.00    14.6630
  25310.00    14.5215
  25320.00    14.9144
  25330.00    14.6563
  25340.00    14.5674
  25350.00    14.9772
  25360.00    15.0560
  25370.00    15.1884
  25380.00    15.2964
  25390.00    14.9584
  25400.00    14.6722
  25410.00    14.9628
  25420.00    15.0182
  25430.00    14.9202
  25440.00    14.7787
  25450.00    14.7228
  25460.00    15.1046
  25470.00    15.4124
  25480.00    14.9902
  25490.00    14.9411
  25500.00    14.6940
  25510.00    15.0139
  25520.00    14.7967
  25530.00    15.2294
  25540.00    14.7952
  25550.00    14.8350
  25560.00    14.6815
  25570.00    15.1659
  25580.00    14.7951
  25590.00    15.4135
  25600.00    15.6450
  25610.00    15.3928
  25620.00    14.9692
  25630.00    14.6192
  25640.00    15.0577
  25650.00    15.0558
  25660.00    15.3727
  25670.00    15.3135
  25680.00    15.3611
  25690.00    14.9134
  25700.00    14.9657
  25710.00    15.1818
  25720.00    14.6691
  25730.00    15.0455
  25740.00    14.5164
  25750.00    14.8423
  25760.00    15.1387
  25770.00    14.7781
  25780.00    14.3167
  25790.00    14.7935
  25800.00    14.7278
  25810.00    15.5325
  25820.00    14.5398
  25830.00    14.9294
  25840.00    14.3579
  25850.00    14.7984
  25860.00    14.7569
  25870.00    14.8556
  25880.00    14.9775
  25890.00    14.6690
  25900.00    14.6460
  25910.00    14.6879
  25920.00    14.8910
  25930.00    14.9044
  25940.00    15.1951
  25950.00    15.0514
  25960.00    14.8365
  25970.00    14.5070
  25980.00    15.0462
  25990.00    14.5366
  26000.00    14.4149
  26010.00    14.8449
  26020.00    14.9621
  26030.00    14.4344
  26040.00    14.7988
  26050.00    14.5373
  26060.00    15.4254
  26070.00    14.7141
  26080.00    14.8728
  26090.00    14.8446
  26100.00    15.1396
  26110.00    14.7565
  26120.00    14.7803
  26130.00    14.3997
  26140.00    15.0801
  26150.00    14.7791
  26160.00    14.8784
  26170.00    14.5010
  26180.00    14.7607
  26190.00    15.2147
  26200.00    14.8444
  26210.00    14.3554
  26220.00    15.0115
  26230.00    14.8496
  26240.00    14.7012
  26250.00    15.2934
  26260.00    14.7489
  26270.00    15.0592
  26280.00    15.2952
  26290.00    14.8075
  26300.00    15.0050
  26310.00    14.6121
  26320.00    14.5104
  26330.00    14.5733
  26340.00    15.1425
  26350.00    15.4099
  26360.00    15.2819
  26370.00    14.9765
  26380.00    15.0670
  26390.00    15.0818
  26400.00    14.8076
  26410.00    14.7097
  26420.00    14.8508
  26430.00    14.3916
  26440.00    15.1200
  26450.00    15.1804
  26460.00    15.0061
  26470.00    14.7037
  26480.00    14.7447
  26490.00    14.8439
  26500.00    15.4188
  26510.00    15.0382
  26520.00    14.9266
  26530.00    14.6733
  26540.00    15.1576
  26550.00    14.7368
  26560.00    15.2240
  26570.00    15.0415
  26580.00    15.1412
  26590.00    14.6439
  26600.00    14.9007
  26610.00    15.4606
  26620.00    15.1424
  26630.00    15.2744
  26640.00    14.6983
  26650.00    15.4418
  26660.00    14.8786
  26670.00    15.4229
  26680.00    14.7996
  26690.00    14.4746
  26700.00    15.0673
  26710.00    14.7753
  26720.00    14.4902
  26730.00    14.8872
  26740.00    14.7330
  26750.00    14.7712
  26760.00    14.6603
  26770.00    15.3680
  26780.00    15.1486
  26790.00    14.9630
  26800.00    15.0769
  26810.00    15.0116
  26820.00    14.8856
  26830.00    14.8698
  26840.00    15.1604
  26850.00    15.1759
  26860.00    14.8086
  26870.00    14.7113
  26880.00    15.0244
  26890.00    14.8749
  26900.00    15.3554
  26910.00    14.9391
  26920.00    14.9765
  26930.00    15.3346
  26940.00    14.9704
  26950.00    14.8796
  26960.00    14.5838
  26970.00    15.1893
  26980.00    14.7172
  26990.00    14.7162
  27000.00    14.6274
  27010.00    15.0420
  27020.00    14.5219
  27030.00    15.1262
  27040.00    14.8242
  27050.00    14.8869
  27060.00    14.8470
  27070.00    14.7947
  27080.00    14.8461
  27090.00    15.2136
  27100.00    14.8859
  27110.00    15.2523
  27120.00    14.5992
  27130.00    14.7890
  27140.00    14.9613
  27150.00    14.9545
  27160.00    14.7666
  27170.00    15.1906
  27180.00    14.4799
  27190.00    14.3883
  27200.00    14.3259
  27210.00    14.5332
  27220.00    14.6744
  27230.00    15.0842
  27240.00    14.1945
  27250.00    14.7075
  27260.00    15.0496
  27270.00    14.9743
  27280.00    14.9130
  27290.00    14.6635
  27300.00    14.4742
  27310.00    14.4215
  27320.00    14.7838
  27330.00    14.8864
  27340.00    15.0033
  27350.00    14.6979
  27360.00    15.2436
  27370.00    15.3382
  27380.00    15.3918
  27390.00    15.1982
  27400.00    14.7743
  27410.00    14.9435
  27420.00    14.9810
  27430.00    15.0700
  27440.00    14.8349
  27450.00    15.0520
  27460.00    14.8863
  27470.00    15.2086
  27480.00    14.8676
  27490.00    15.1159
  27500.00    15.1564
  27510.00    14.9244
  27520.00    14.6157
  27530.00    14.8682
  27540.00    14.8680
  27550.00    14.9680
  27560.00    14.4145
  27570.00    14.9889
  27580.00    15.2330
  27590.00    15.0178
  27600.00    14.3626
  27610.00    15.0193
  27620.00    14.8249
  27630.00    15.5299
  27640.00    14.7858
  27650.00    14.8974
  27660.00    14.3225
  27670.00    14.7497
  27680.00    14.5960
  27690.00    14.6661
  27700.00    14.3880
  27710.00    15.0060
  27720.00    14.6437
  27730.00    14.8511
  27740.00    14.9466
  27750.00    14.9013
  27760.00    14.9896
  27770.00    15.1041
  27780.00    14.7982
  27790.00    15.2014
  27800.00    14.8583
  27810.00    14.8327
  27820.00    14.1334
  27830.00    14.3083
  27840.00    14.8456
  27850.00    14.4564
  27860.00    15.0985
  27870.00    14.7115
  27880.00    14.7057
  27890.00    14.4997
  27900.00    14.2423
  27910.00    14.4558
  27920.00    14.5758
  27930.00    15.0199
  27940.00    14.9303
  27950.00    14.8361
  27960.00    15.0114
  27970.00    15.0374
  27980.00    14.9930
  27990.00    14.8589
  28000.00    14.6871
  28010.00    15.2374
  28020.00    15.5629
  28030.00    14.7918
  28040.00    15.0097
  28050.00    15.2827
  28060.00    14.7432
  28070.00    14.9120
  28080.00    15.1641
  28090.00    15.3869
  28100.00    14.8480
  28110.00    15.0009
  28120.00    14.6068
  28130.00    15.0354
  28140.00    15.1383
  28150.00    14.8547
  28160.00    14.6638
  28170.00    14.4775
  28180.00    14.3380
  28190.00    14.3409
  28200.00    14.8583
  28210.00    14.8036
  28220.00    14.5474
  28230.00    14.7488
  28240.00    14.7997
  28250.00    15.1610
  28260.00    15.2248
  28270.00    15.6757
  28280.00    15.3229
  28290.00    15.1925
  28300.00    14.7736
  28310.00    14.6902
  28320.00    15.0843
  28330.00    15.2802
  28340.00    15.0464
  28350.00    14.8936
  28360.00    14.7073
  28370.00    15.2602
  28380.00    14.1118
  28390.00    14.6966
  28400.00    15.3153
  28410.00    14.9411
  28420.00    14.6929
  28430.00    14.7581
  28440.00    14.9300
  28450.00    14.8328
  28460.00    14.6432
  28470.00    14.6874
  28480.00    14.6758
  28490.00    14.5911
  28500.00    15.2541
  28510.00    14.3745
  28520.00    15.0257
  28530.00    14.9159
  28540.00    15.0459
  28550.00    14.7521
  28560.00    14.4876
  28570.00    14.7921
  28580.00    14.8988
  28590.00    14.5851
  28600.00    14.2308
  28610.00    14.6879
  28620.00    15.0758
  28630.00    14.8947
  28640.00    15.3281
  28650.00    14.3495
  28660.00    14.7156
  28670.00    15.1479
  28680.00    14.9418
  28690.00    14.6479
  28700.00    15.6135
  28710.00    14.7318
  28720.00    15.4221
  28730.00    14.7515
  28740.00    15.0944
  28750.00    15.1621
  28760.00    14.6416
  28770.00    14.8177
  28780.00    15.0625
  28790.00    15.3056
  28800.00    14.2479
  28810.00    14.7227
  28820.00    15.1052
  28830.00    15.0082
  28840.00    15.3352
  28850.00    14.8951
  28860.00    14.7316
  28870.00    14.6648
  28880.00    14.6041
  28890.00    14.7026
  28900.00    14.7596
  28910.00    15.5748
  28920.00    14.7910
  28930.00    14.9177
  28940.00    14.7201
  28950.00    14.7127
  28960.00    15.4587
  28970.00    15.0992
  28980.00    15.1494
  28990.00    14.6583
  29000.00    15.1826
  29010.00    14.7356
  29020.00    13.9226
  29030.00    14.9809
  29040.00    14.7428
  29050.00    14.8064
  29060.00    14.5132
  29070.00    14.7815
  29080.00    14.9988
  29090.00    14.7696
  29100.00    14.5933
  29110.00    14.8120
  29120.00    14.8117
  29130.00    14.7141
  29140.00    15.0665
  29150.00    15.4435
  29160.00    14.9511
  29170.00    14.6662
  29180.00    14.4620
  29190.00    15.1808
  29200.00    14.6365
  29210.00    14.5734
  29220.00    15.0769
  29230.00    15.0086
  29240.00    15.1197
  29250.00    15.0262
  29260.00    14.7423
  29270.00    15.0274
  29280.00    15.2889
  29290.00    15.5241
  29300.00    14.9370
  29310.00    15.2288
  29320.00    14.7495
  29330.00    14.7262
  29340.00    15.0163
  29350.00    14.7769
  29360.00    14.6638
  29370.00    14.3126
  29380.00    14.7436
  29390.00    15.0172
  29400.00    14.7774
  29410.00    14.8822
  29420.00    15.3372
  29430.00    14.7895
  29440.00    15.0354
  29450.00    14.6800
  29460.00    15.0491
  29470.00    14.9396
  29480.00    15.0214
  29490.00    15.0550
  29500.00    14.8762
  29510.00    14.9040
  29520.00    14.9420
  29530.00    14.9476
  29540.00    15.1999
  29550.00    14.8587
  29560.00    15.0131
  29570.00    15.1994
  29580.00    14.9225
  29590.00    15.5523
  29600.00    15.0156
  29610.00    14.6627
  29620.00    14.8256
  29630.00    15.0362
  29640.00    15.6213
  29650.00    14.8797
  29660.00    14.9937
  29670.00    14.9581
  29680.00    15.0857
  29690.00    14.7183
  29700.00    14.7865
  29710.00    14.8212
  29720.00    14.8556
  29730.00    14.6771
  29740.00    14.6133
  29750.00    15.1844
  29760.00    15.2398
  29770.00    14.9535
  29780.00    14.6789
  29790.00    15.0493
  29800.00    15.1934
  29810.00    15.2134
  29820.00    15.4684
  29830.00    14.4134
  29840.00    15.0302
  29850.00    14.8343
  29860.00    14.9173
  29870.00    14.4397
  29880.00    14.7492
  29890.00    14.9517
  29900.00    14.8785
  29910.00    14.5157
  29920.00    14.5020
  29930.00    15.1760
  29940.00    14.9775
  29950.00    14.4914
  29960.00    15.2042
  29970.00    14.6805
  29980.00    14.7245
  29990.00    15.2110
  30000.00    14.9777
  30010.00    14.8657
  30020.00    14.9299
  30030.00    15.2202
  30040.00    15.0281
  30050.00    15.0954
  30060.00    15.1474
  30070.00    14.9576
  30080.00    15.2082
  30090.00    14.8438
  30100.00    15.3394
  30110.00    14.8121
  30120.00    14.9101
  30130.00    14.9205
  30140.00    15.3675
  30150.00    14.4697
  30160.00    14.8010
  30170.00    14.3730
  30180.00    14.6506
  30190.00    14.8926
  30200.00    14.8557
  30210.00    15.0669
  30220.00    14.8603
  30230.00    15.1480
  30240.00    14.5233
  30250.00    14.8017
  30260.00    14.8303
  30270.00    15.0628
  30280.00    15.0288
  30290.00    14.4328
  30300.00    14.5776
  30310.00    14.9990
  30320.00    15.2815
  30330.00    14.5210
  30340.00    15.1613
  30350.00    15.2607
  30360.00    15.0727
  30370.00    15.0123
  30380.00    14.8133
  30390.00    14.7282
  30400.00    15.2450
  30410.00    14.8979
  30420.00    14.8815
  30430.00    14.6184
  30440.00    15.0101
  30450.00    15.0448
  30460.00    14.5020
  30470.00    14.6086
  30480.00    14.4892
  30490.00    14.9700
  30500.00    15.2253
  30510.00    14.3690
  30520.00    15.0526
  30530.00    15.4371
  30540.00    15.1285
  30550.00    15.3247
  30560.00    15.8280
  30570.00    15.0505
  30580.00    14.8823
  30590.00    14.4886
  30600.00    15.0616
  30610.00    14.7558
  30620.00    15.7999
  30630.00    15.2472
  30640.00    14.8072
  30650.00    15.0649
  30660.00    15.3989
  30670.00    14.6890
  30680.00    15.2682
  30690.00    14.9775
  30700.00    15.2805
  30710.00    15.2321
  30720.00    15.2570
  30730.00    15.2967
  30740.00    14.4240
  30750.00    15.0221
  30760.00    15.0965
  30770.00    14.8697
  30780.00    14.6127
  30790.00    14.7211
  30800.00    14.7047
  30810.00    14.4915
  30820.00    14.9896
  30830.00    14.9527
  30840.00    14.5768
  30850.00    14.7094
  30860.00    15.1835
  30870.00    15.1883
  30880.00    14.9069
  30890.00    14.4353
  30900.00    15.0613
  30910.00    15.1948
  30920.00    15.1266
  30930.00    15.0656
  30940.00    14.5674
  30950.00    15.2001
  30960.00    14.5715
  30970.00    14.8572
  30980.00    14.7791
  30990.00    14.7561
  31000.00    14.9322
  31010.00    14.9356
  31020.00    14.8053
  31030.00    15.2042
  31040.00    14.8858
  31050.00    15.2977
  31060.00    14.8874
  31070.00    15.4047
  31080.00    14.9350
  31090.00    15.1151
  31100.00    14.7182
  31110.00    14.4305
  31120.00    14.9524
  31130.00    15.0448
  31140.00    14.7638
  31150.00    15.5580
  31160.00    15.7184
  31170.00    14.8937
  31180.00    14.9714
  31190.00    15.0854
  31200.00    15.1747
  31210.00    14.9718
  31220.00    15.1265
  31230.00    15.4057
  31240.00    15.1193
  31250.00    15.4522
  31260.00    14.7184
  31270.00    15.1737
  31280.00    14.9163
  31290.00    15.0037
  31300.00    14.7813
  31310.00    15.6051
  31320.00    14.7849
  31330.00    15.1407
  31340.00    15.4602
  31350.00    15.1138
  31360.00    14.8536
  31370.00    14.1453
  31380.00    15.3332
  31390.00    15.5975
  31400.00    14.7922
  31410.00    14.8738
  31420.00    14.9124
  31430.00    14.8258
  31440.00    15.0943
  31450.00    14.8465
  31460.00    15.3581
  31470.00    14.8782
  31480.00    14.9535
  31490.00    15.0931
  31500.00    14.4153
  31510.00    14.9919
  31520.00    14.7933
  31530.00    15.0870
  31540.00    14.6416
  31550.00    15.1251
  31560.00    14.8129
  31570.00    14.7685
  31580.00    14.9364
  31590.00    14.9826
  31600.00    14.5103
  31610.00    14.7383
  31620.00    14.8976
  31630.00    14.6051
  31640.00    15.2202
  31650.00    14.8902
  31660.00    14.6627
  31670.00    14.8018
  31680.00    15.3524
  31690.00    14.8090
  31700.00    14.9776
  31710.00    15.0645
  31720.00    14.9870
  31730.00    15.2016
  31740.00    15.1905
  31750.00    14.7783
  31760.00    15.1757
  31770.00    15.0617
  31780.00    15.0564
  31790.00    14.8528
  31800.00    15.1954
  31810.00    15.2177
  31820.00    15.1200
  31830.00    14.9649
  31840.00    14.8767
  31850.00    14.5366
  31860.00    14.9839
  31870.00    14.7897
  31880.00    15.4116
  31890.00    15.2967
  31900.00    14.9058
  31910.00    15.3244
  31920.00    15.2539
  31930.00    14.8386
  31940.00    15.6172
  31950.00    15.0169
  31960.00    15.2723
  31970.00    15.2631
  31980.00    14.9822
  31990.00    15.0330
  32000.00    14.7386
  32010.00    15.3938
  32020.00    14.9086
  32030.00    14.9067
  32040.00    15.7367
  32050.00    15.2565
  32060.00    14.7783
  32070.00    14.6434
  32080.00    15.4753
  32090.00    14.7332
  32100.00    15.3637
  32110.00    14.9968
  32120.00    15.0149
  32130.00    14.9310
  32140.00    15.3290
  32150.00    15.2621
  32160.00    14.9596
  32170.00    15.4862
  32180.00    15.1250
  32190.00    15.1771
  32200.00    15.0840
  32210.00    15.0552
  32220.00    15.3900
  32230.00    15.1294
  32240.00    15.2473
  32250.00    15.0518
  32260.00    14.8236
  32270.00    15.1434
  32280.00    14.7762
  32290.00    14.8301
  32300.00    14.8480
  32310.00    14.9940
  32320.00    15.3637
  32330.00    15.5365
  32340.00    15.0269
  32350.00    15.1860
  32360.00    15.1204
  32370.00    14.7666
  32380.00    15.1882
  32390.00    15.0113
  32400.00    15.2883
  32410.00    15.1457
  32420.00    14.3860
  32430.00    15.4272
  32440.00    15.5322
  32450.00    15.1891
  32460.00    15.0275
  32470.00    15.0837
  32480.00    15.0031
  32490.00    15.4911
  32500.00    14.9969
  32510.00    15.2500
  32520.00    15.1165
  32530.00    14.6605
  32540.00    15.5386
  32550.00    15.0458
  32560.00    15.1270
  32570.00    14.7741
  32580.00    14.7654
  32590.00    15.1419
  32600.00    15.0511
  32610.00    14.9422
  32620.00    15.2809
  32630.00    15.0356
  32640.00    15.3636
  32650.00    14.9518
  32660.00    14.9586
  32670.00    14.7906
  32680.00    14.9707
  32690.00    15.1820
  32700.00    15.2455
  32710.00    15.1393
  32720.00    14.7691
  32730.00    14.9155
  32740.00    15.0501
  32750.00    14.4794
  32760.00    14.9784
  32770.00    14.4892
  32780.00    15.2499
  32790.00    14.5145
  32800.00    14.9169
  32810.00    14.6750
  32820.00    14.7847
  32830.00    15.0950
  32840.00    15.0945
  32850.00    14.4644
  32860.00    14.9334
  32870.00    15.0986
  32880.00    15.2092
  32890.00    15.0858
  32900.00    14.9106
  32910.00    15.3971
  32920.00    14.9764
  32930.00    15.1193
  32940.00    15.1327
  32950.00    15.2414
  32960.00    15.1758
  32970.00    15.1259
  32980.00    15.1161
  32990.00    15.1030
  33000.00    14.8363
  33010.00    14.9260
  33020.00    14.7198
  33030.00    14.7717
  33040.00    14.6273
  33050.00    14.6451
  33060.00    15.2818
  33070.00    15.5759
  33080.00    15.0845
  33090.00    15.0988
  33100.00    14.9318
  33110.00    14.8925
  33120.00    14.8792
  33130.00    15.3559
  33140.00    15.4962
  33150.00    14.7323
  33160.00    14.8321
  33170.00    15.2160
  33180.00    14.8692
  33190.00    14.9106
  33200.00    15.4835
  33210.00    15.0682
  33220.00    14.9272
  33230.00    14.6385
  33240.00    15.0105
  33250.00    14.7629
  33260.00    14.4976
  33270.00    14.7098
  33280.00    14.6185
  33290.00    15.1430
  33300.00    14.7132
  33310.00    14.9002
  33320.00    14.6047
  33330.00    15.3184
  33340.00    14.9682
  33350.00    15.0818
  33360.00    15.2403
  33370.00    15.0501
  33380.00    14.7501
  33390.00    15.1209
  33400.00    14.5980
  33410.00    15.3331
  33420.00    15.0192
  33430.00    14.6919
  33440.00    14.9613
  33450.00    14.8046
  33460.00    15.0744
  33470.00    14.7384
  33480.00    14.9114
  33490.00    15.2021
  33500.00    14.6149
  33510.00    15.0024
  33520.00    14.4215
  33530.00    14.7389
  33540.00    14.9450
  33550.00    15.4101
  33560.00    14.5028
  33570.00    15.5612
  33580.00    15.4521
  33590.00    15.2353
  33600.00    14.9980
  33610.00    15.2689
  33620.00    15.0005
  33630.00    15.2069
  33640.00    14.4029
  33650.00    14.6818
  33660.00    15.2168
  33670.00    15.3611
  33680.00    15.2333
  33690.00    15.1796
  33700.00    14.7893
  33710.00    14.9826
  33720.00    15.4712
  33730.00    14.5063
  33740.00    14.9113
  33750.00    15.0523
  33760.00    14.8246
  33770.00    15.5720
  33780.00    14.8639
  33790.00    14.8639
  33800.00    15.2468
  33810.00    14.9935
  33820.00    14.7714
  33830.00    14.7528
  33840.00    15.4031
  33850.00    15.0148
  33860.00    15.3997
  33870.00    15.0063
  33880.00    15.4541
  33890.00    15.1664
  33900.00    14.7895
  33910.00    15.4480
  33920.00    14.7884
  33930.00    14.5891
  33940.00    14.4514
  33950.00    14.9611
  33960.00    15.4319
  33970.00    14.9400
  33980.00    15.1493
  33990.00    15.2781
  34000.00    14.6291
  34010.00    15.5024
  34020.00    15.2971
  34030.00    14.6489
  34040.00    14.8507
  34050.00    15.3212
  34060.00    15.0949
  34070.00    14.6417
  34080.00    15.4459
  34090.00    15.1904
  34100.00    15.0485
  34110.00    14.8862
  34120.00    14.5500
  34130.00    15.3806
  34140.00    15.4428
  34150.00    14.5214
  34160.00    14.5443
  34170.00    14.9501
  34180.00    14.9656
  34190.00    15.0008
  34200.00    15.1524
  34210.00    14.8399
  34220.00    14.5937
  34230.00    14.9890
  34240.00    14.8018
  34250.00    14.7572
  34260.00    15.2605
  34270.00    15.1994
  34280.00    14.8145
  34290.00    14.6538
  34300.00    14.7269
  34310.00    14.9288
  34320.00    14.7837
  34330.00    15.5770
  34340.00    14.9602
  34350.00    14.3600
  34360.00    14.6447
  34370.00    15.2776
  34380.00    15.2552
  34390.00    14.8924
  34400.00    15.2156
  34410.00    15.1757
  34420.00    15.2804
  34430.00    14.7003
  34440.00    15.5193
  34450.00    14.6089
  34460.00    15.2319
  34470.00    15.3634
  34480.00    14.6110
  34490.00    15.2026
  34500.00    15.1809
  34510.00    14.8020
  34520.00    15.1358
  34530.00    14.9652
  34540.00    14.4127
  34550.00    15.4671
  34560.00    14.8492
  34570.00    15.1137
  34580.00    14.9362
  34590.00    15.1106
  34600.00    14.8247
  34610.00    15.0386
  34620.00    14.9164
  34630.00    14.8668
  34640.00    15.2964
  34650.00    14.6803
  34660.00    14.5535
  34670.00    15.0440
  34680.00    15.1641
  34690.00    15.1205
  34700.00    14.5782
  34710.00    14.7487
  34720.00    15.4061
  34730.00    14.8896
  34740.00    15.0182
  34750.00    15.3987
  34760.00    14.8954
  34770.00    15.0175
  34780.00    14.8146
  34790.00    14.8157
  34800.00    15.1032
  34810.00    15.3493
  34820.00    15.4168
  34830.00    14.8638
  34840.00    15.0188
  34850.00    15.0670
  34860.00    14.6261
  34870.00    14.9457
  34880.00    14.8851
  34890.00    14.8817
  34900.00    15.0237
  34910.00    15.4236
  34920.00    14.9284
  34930.00    15.1338
  34940.00    14.9731
  34950.00    14.7208
  34960.00    14.7213
  34970.00    15.3810
  34980.00    15.0138
  34990.00    15.2884
  35000.00    14.3680
  35010.00    14.7533
  35020.00    14.7609
  35030.00    14.7551
  35040.00    15.1578
  35050.00    15.2595
  35060.00    15.1256
  35070.00    14.6529
  35080.00    14.7763
  35090.00    15.0951
  35100.00    15.1988
  35110.00    14.8943
  35120.00    14.8315
  35130.00    15.2309
  35140.00    15.2929
  35150.00    15.1575
  35160.00    15.0592
  35170.00    15.3316
  35180.00    14.8194
  35190.00    14.7553
  35200.00    14.8580
  35210.00    15.4740
  35220.00    14.7316
  35230.00    14.7204
  35240.00    15.2294
  35250.00    15.0677
  35260.00    15.0710
  35270.00    15.2071
  35280.00    14.8103
  35290.00    15.1162
  35300.00    15.0018
  35310.00    14.9657
  35320.00    15.3288
  35330.00    15.6514
  35340.00    15.0926
  35350.00    14.3022
  35360.00    15.1862
  35370.00    14.6078
  35380.00    14.6996
  35390.00    14.6116
  35400.00    14.9129
  35410.00    14.9339
  35420.00    15.2349
  35430.00    15.4438
  35440.00    14.8606
  35450.00    14.9333
  35460.00    14.8157
  35470.00    15.5269
  35480.00    15.1060
  35490.00    14.8832
  35500.00    15.0579
  35510.00    15.1675
  35520.00    15.2709
  35530.00    15.1287
  35540.00    15.0295
  35550.00    14.7302
  35560.00    14.4876
  35570.00    14.5465
  35580.00    15.2513
  35590.00    14.3343
  35600.00    14.5815
  35610.00    15.0279
  35620.00    14.3734
  35630.00    14.5818
  35640.00    14.8102
  35650.00    14.9971
  35660.00    15.2989
  35670.00    15.1323
  35680.00    14.3782
  35690.00    14.7712
  35700.00    15.1943
  35710.00    14.8235
  35720.00    15.3468
  35730.00    14.8733
  35740.00    15.2039
  35750.00    15.8447
  35760.00    15.1139
  35770.00    15.1504
  35780.00    15.0607
  35790.00    15.2803
  35800.00    15.3573
  35810.00    14.9028
  35820.00    15.4408
  35830.00    15.0208
  35840.00    15.3405
  35850.00    15.2066
  35860.00    14.8178
  35870.00    15.5491
  35880.00    14.8945
  35890.00    14.4606
  35900.00    15.0003
  35910.00    14.3071
  35920.00    15.3733
  35930.00    14.9092
  35940.00    15.3664
  35950.00    14.4726
  35960.00    15.0551
  35970.00    15.0190
  35980.00    14.7347
  35990.00    15.1828
  36000.00    15.0137
  36010.00    15.1510
  36020.00    14.8616
  36030.00    14.7259
  36040.00    14.8608
  36050.00    14.8196
  36060.00    14.9063
  36070.00    14.7790
  36080.00    15.6774
  36090.00    14.8079
  36100.00    14.5675
  36110.00    15.2583
  36120.00    14.8001
  36130.00    14.9761
  36140.00    15.4051
  36150.00    15.3702
  36160.00    14.6977
  36170.00    14.4789
  36180.00    14.8092
  36190.00    15.1245
  36200.00    15.3567
  36210.00    15.4468
  36220.00    14.3792
  36230.00    15.2548
  36240.00    14.8940
  36250.00    15.1180
  36260.00    14.5470
  36270.00    15.1111
  36280.00    14.5191
  36290.00    14.5487
  36300.00    14.7510
  36310.00    15.1304
  36320.00    14.7092
  36330.00    15.0446
  36340.00    14.8253
  36350.00    15.0923
  36360.00    15.0064
  36370.00    14.8108
  36380.00    15.0793
  36390.00    14.9795
  36400.00    14.9584
  36410.00    14.3005
  36420.00    15.0228
  36430.00    14.7127
  36440.00    15.2477
  36450.00    14.6005
  36460.00    14.8449
  36470.00    14.4785
  36480.00    14.7346
  36490.00    14.8439
  36500.00    14.4463
  36510.00    14.6849
  36520.00    15.1658
  36530.00    15.1457
  36540.00    14.7571
  36550.00    15.2056
  36560.00    15.4782
  36570.00    14.9301
  36580.00    14.7887
  36590.00    14.6089
  36600.00    14.6544
  36610.00    15.2119
  36620.00    15.1318
  36630.00    14.5946
  36640.00    14.9997
  36650.00    15.0847
  36660.00    15.4812
  36670.00    14.9496
  36680.00    15.1349
  36690.00    14.4442
  36700.00    15.1855
  36710.00    15.5430
  36720.00    15.0616
  36730.00    14.9130
  36740.00    14.8531
  36750.00    14.3069
  36760.00    15.3950
  36770.00    15.0945
  36780.00    14.8724
  36790.00    15.2920
  36800.00    14.8760
  36810.00    15.3719
  36820.00    15.1815
  36830.00    14.8986
  36840.00    15.0242
  36850.00    15.3829
  36860.00    15.3142
  36870.00    14.5763
  36880.00    15.0070
  36890.00    15.0098
  36900.00    14.8606
  36910.00    14.4859
  36920.00    15.2356
  36930.00    14.9519
  36940.00    15.1501
  36950.00    14.7892
  36960.00    15.1647
  36970.00    15.0445
  36980.00    14.5024
  36990.00    14.9700
  37000.00    15.0188
  37010.00    14.7635
  37020.00    14.9359
  37030.00    15.4574
  37040.00    15.2390
  37050.00    14.4099
  37060.00    15.1381
  37070.00    15.1105
  37080.00    14.6753
  37090.00    14.3216
  37100.00    15.2782
  37110.00    15.1488
  37120.00    15.0651
  37130.00    15.0039
  37140.00    15.4503
  37150.00    14.6366
  37160.00    15.3227
  37170.00    14.7608
  37180.00    14.9851
  37190.00    15.1765
  37200.00    14.8850
  37210.00    14.7014
  37220.00    15.1660
  37230.00    14.9294
  37240.00    14.8134
  37250.00    15.0144
  37260.00    15.1113
  37270.00    14.7505
  37280.00    14.9095
  37290.00    14.9659
  37300.00    15.0081
  37310.00    14.1723
  37320.00    14.6090
  37330.00    15.3892
  37340.00    15.0780
  37350.00    14.9520
  37360.00    15.4229
  37370.00    15.1893
  37380.00    15.2943
  37390.00    14.7740
  37400.00    14.8426
  37410.00    15.0742
  37420.00    14.8845
  37430.00    14.9816
  37440.00    15.0131
  37450.00    14.8509
  37460.00    15.0515
  37470.00    15.2592
  37480.00    15.3258
  37490.00    14.6142
  37500.00    15.1718
  37510.00    14.9166
  37520.00    14.6823
  37530.00    14.8499
  37540.00    15.0189
  37550.00    14.9313
  37560.00    15.1433
  37570.00    15.2544
  37580.00    14.9202
  37590.00    14.5443
  37600.00    14.8117
  37610.00    15.3235
  37620.00    15.1415
  37630.00    14.9560
  37640.00    15.0249
  37650.00    15.2233
  37660.00    14.9195
  37670.00    15.2000
  37680.00    14.8607
  37690.00    14.7603
  37700.00    14.5726
  37710.00    14.7645
  37720.00    14.9530
  37730.00    15.3549
  37740.00    14.8875
  37750.00    14.9121
  37760.00    14.5985
  37770.00    14.6275
  37780.00    14.8970
  37790.00    15.2640
  37800.00    14.8933
  37810.00    14.9013
  37820.00    14.4378
  37830.00    15.3129
  37840.00    14.8567
  37850.00    15.2211
  37860.00    14.9923
  37870.00    14.4880
  37880.00    15.3391
  37890.00    15.5173
  37900.00    14.4285
  37910.00    15.1932
  37920.00    14.6393
  37930.00    15.0383
  37940.00    14.7709
  37950.00    14.8453
  37960.00    15.2177
  37970.00    14.7235
  37980.00    14.8764
  37990.00    14.8582
  38000.00    14.9873
  38010.00    14.8955
  38020.00    15.1311
  38030.00    15.4829
  38040.00    14.9492
  38050.00    15.0655
  38060.00    14.9118
  38070.00    14.9902
  38080.00    14.7046
  38090.00    14.9463
  38100.00    15.0090
  38110.00    14.8392
  38120.00    14.9608
  38130.00    14.8584
  38140.00    14.7807
  38150.00    15.1806
  38160.00    15.2017
  38170.00    14.8595
  38180.00    14.7082
  38190.00    15.3048
  38200.00    14.7312
  38210.00    15.2058
  38220.00    15.4933
  38230.00    14.8053
  38240.00    14.8227
  38250.00    14.8560
  38260.00    15.5467
  38270.00    14.8702
  38280.00    15.1399
  38290.00    15.1257
  38300.00    14.5577
  38310.00    14.5486
  38320.00    15.2839
  38330.00    15.1237
  38340.00    15.0968
  38350.00    14.7430
  38360.00    15.2393
  38370.00    15.3416
  38380.00    14.6560
  38390.00    15.0909
  38400.00    14.7016
  38410.00    14.8676
  38420.00    15.2925
  38430.00    15.0036
  38440.00    14.4929
  38450.00    14.5924
  38460.00    14.9615
  38470.00    14.7590
  38480.00    15.3178
  38490.00    15.0501
  38500.00    15.0069
  38510.00    15.1815
  38520.00    15.0531
  38530.00    15.3185
  38540.00    14.6859
  38550.00    15.2793
  38560.00    14.9404
  38570.00    14.9323
  38580.00    14.6068
  38590.00    15.0707
  38600.00    14.9372
  38610.00    14.9633
  38620.00    14.7385
  38630.00    15.1563
  38640.00    14.5543
  38650.00    14.6851
  38660.00    14.4724
  38670.00    15.4381
  38680.00    14.8643
  38690.00    15.2665
  38700.00    15.2563
  38710.00    15.3657
  38720.00    14.9249
  38730.00    14.7539
  38740.00    14.7703
  38750.00    14.9692
  38760.00    15.5957
  38770.00    14.8293
  38780.00    15.0086
  38790.00    14.9715
  38800.00    14.4692
  38810.00    15.2796
  38820.00    14.9651
  38830.00    14.5681
  38840.00    15.1017
  38850.00    15.2463
  38860.00    15.3859
  38870.00    15.3012
  38880.00    15.2071
  38890.00    14.9187
  38900.00    15.4016
  38910.00    14.6070
  38920.00    15.4157
  38930.00    14.7505
  38940.00    14.9283
  38950.00    15.0426
  38960.00    15.1545
  38970.00    14.9478
  38980.00    15.2308
  38990.00    15.1347
  39000.00    15.1841
  39010.00    15.1886
  39020.00    15.3434
  39030.00    15.3832
  39040.00    14.5706
  39050.00    14.9514
  39060.00    14.8890
  39070.00    14.8923
  39080.00    14.8799
  39090.00    14.9044
  39100.00    14.5157
  39110.00    14.4448
  39120.00    14.9708
  39130.00    15.1702
  39140.00    14.6184
  39150.00    15.1491
  39160.00    14.6500
  39170.00    14.9696
  39180.00    15.1920
  39190.00    15.0759
  39200.00    15.2112
  39210.00    14.7270
  39220.00    14.4760
  39230.00    14.2650
  39240.00    15.1370
  39250.00    14.7651
  39260.00    14.7711
  39270.00    15.0443
  39280.00    14.6942
  39290.00    14.1560
  39300.00    14.6913
  39310.00    15.1726
  39320.00    15.2154
  39330.00    15.2422
  39340.00    14.8856
  39350.00    14.7553
  39360.00    15.1524
  39370.00    14.7823
  39380.00    14.6474
  39390.00    15.5171
  39400.00    15.0640
  39410.00    14.7704
  39420.00    14.7561
  39430.00    15.5067
  39440.00    14.9348
  39450.00    15.0693
  39460.00    14.0447
  39470.00    14.7245
  39480.00    14.9775
  39490.00    15.3353
  39500.00    14.8563
  39510.00    14.6258
  39520.00    14.9629
  39530.00    14.6076
  39540.00    14.9227
  39550.00    14.9859
  39560.00    15.6692
  39570.00    15.2732
  39580.00    15.1310
  39590.00    14.5872
  39600.00    15.0210
  39610.00    15.6855
  39620.00    15.1300
  39630.00    14.7209
  39640.00    14.9989
  39650.00    15.0316
  39660.00    14.8291
  39670.00    14.7529
  39680.00    15.1977
  39690.00    14.3723
  39700.00    14.7669
  39710.00    15.1108
  39720.00    15.0973
  39730.00    15.0489
  39740.00    15.4090
  39750.00    15.0366
  39760.00    14.8365
  39770.00    14.6132
  39780.00    14.6633
  39790.00    14.9720
  39800.00    15.0027
  39810.00    14.6427
  39820.00    15.2636
  39830.00    14.7067
  39840.00    15.3755
  39850.00    15.0796
  39860.00    15.0944
  39870.00    14.7267
  39880.00    15.2659
  39890.00    14.4606
  39900.00    14.6551
  39910.00    15.0817
  39920.00    15.2364
  39930.00    14.9187
  39940.00    14.7637
  39950.00    14.6987
  39960.00    14.9682
  39970.00    15.2968
  39980.00    14.6321
  39990.00    15.4381
  40000.00    14.6684
  40010.00    14.7847
  40020.00    14.9170
  40030.00    14.3709
  40040.00    14.5225
  40050.00    14.9071
  40060.00    14.6268
  40070.00    14.7816
  40080.00    14.9652
  40090.00    14.8965
  40100.00    14.9997
  40110.00    14.9801
  40120.00    15.0351
  40130.00    15.0234
  40140.00    15.3926
  40150.00    15.1932
  40160.00    14.7666
  40170.00    15.0989
  40180.00    14.8379
  40190.00    14.9540
  40200.00    14.4849
  40210.00    15.4979
  40220.00    14.7215
  40230.00    15.3989
  40240.00    15.3102
  40250.00    14.8323
  40260.00    15.1128
  40270.00    14.6515
  40280.00    15.5807
  40290.00    15.0889
  40300.00    15.3983
  40310.00    15.3142
  40320.00    15.1158
  40330.00    14.4480
  40340.00    15.1086
  40350.00    15.0460
  40360.00    14.6177
  40370.00    15.0028
  40380.00    15.2238
  40390.00    14.4862
  40400.00    14.9989
  40410.00    14.3545
  40420.00    15.0692
  40430.00    15.2466
  40440.00    14.5924
  40450.00    15.0546
  40460.00    14.5014
  40470.00    15.0218
  40480.00    14.9469
  40490.00    15.4530
  40500.00    15.3109
  40510.00    15.2386
  40520.00    14.4610
  40530.00    14.8728
  40540.00    15.3305
  40550.00    15.0960
  40560.00    14.4340
  40570.00    15.1450
  40580.00    15.0355
  40590.00    15.1845
  40600.00    15.3314
  40610.00    14.3911
  40620.00    15.0274
  40630.00    15.1983
  40640.00    14.9776
  40650.00    15.0373
  40660.00    15.0073
  40670.00    15.4525
  40680.00    15.1825
  40690.00    14.9916
  40700.00    15.1935
  40710.00    15.2539
  40720.00    15.3757
  40730.00    15.0330
  40740.00    15.5359
  40750.00    14.7676
  40760.00    15.3140
  40770.00    15.4596
  40780.00    14.9886
  40790.00    15.3514
  40800.00    14.9553
  40810.00    15.2456
  40820.00    15.6206
  40830.00    15.3140
  40840.00    14.9646
  40850.00    15.0233
  40860.00    15.3368
  40870.00    15.1745
  40880.00    14.9335
  40890.00    15.0996
  40900.00    14.9335
  40910.00    15.0062
  40920.00    15.3488
  40930.00    15.5165
  40940.00    15.0641
  40950.00    14.9919
  40960.00    15.1763
  40970.00    15.2501
  40980.00    15.5621
  40990.00    15.2847
  41000.00    14.8182
  41010.00    14.9540
  41020.00    15.6206
  41030.00    14.7953
  41040.00    15.2940
  41050.00    15.2578
  41060.00    14.8294
  41070.00    15.0270
  41080.00    14.7504
  41090.00    14.9891
  41100.00    14.8314
  41110.00    15.5155
  41120.00    14.7623
  41130.00    15.3775
  41140.00    14.7306
  41150.00    14.8797
  41160.00    15.2436
  41170.00    14.6723
  41180.00    15.1608
  41190.00    14.8289
  41200.00    15.3431
  41210.00    15.2169
  41220.00    15.1261
  41230.00    15.0898
  41240.00    14.9445
  41250.00    15.1812
  41260.00    14.9505
  41270.00    15.1014
  41280.00    14.8308
  41290.00    15.0180
  41300.00    15.0786
  41310.00    14.6141
  41320.00    15.0419
  41330.00    15.4773
  41340.00    14.9680
  41350.00    14.9934
  41360.00    14.8398
  41370.00    14.8230
  41380.00    15.4869
  41390.00    15.3287
  41400.00    15.0885
  41410.00    15.3038
  41420.00    15.0746
  41430.00    14.9145
  41440.00    15.0829
  41450.00    15.3055
  41460.00    15.6286
  41470.00    14.9045
  41480.00    15.3568
  41490.00    14.9078
  41500.00    14.7531
  41510.00    15.2553
  41520.00    14.9200
  41530.00    14.5949
  41540.00    15.4367
  41550.00    14.4490
  41560.00    14.9804
  41570.00    14.6926
  41580.00    14.7976
  41590.00    15.4128
  41600.00    14.9855
  41610.00    14.7991
  41620.00    14.9954
  41630.00    14.8993
  41640.00    15.1841
  41650.00    14.9050
  41660.00    14.5656
  41670.00    14.6280
  41680.00    14.5132
  41690.00    14.6748
  41700.00    14.7287
  41710.00    14.7775
  41720.00    14.5767
  41730.00    15.1399
  41740.00    14.8398
  41750.00    14.8629
  41760.00    15.1795
  41770.00    15.1102
  41780.00    14.9170
  41790.00    15.0328
  41800.00    15.0780
  41810.00    15.1108
  41820.00    15.0077
  41830.00    14.2104
  41840.00    15.3962
  41850.00    14.9166
  41860.00    14.9152
  41870.00    15.2322
  41880.00    14.7043
  41890.00    14.7596
  41900.00    15.0903
  41910.00    14.7464
  41920.00    14.9830
  41930.00    14.7668
  41940.00    14.9732
  41950.00    14.9705
  41960.00    14.7004
  41970.00    15.1123
  41980.00    15.0625
  41990.00    14.7420
  42000.00    15.2362
  42010.00    14.8296
  42020.00    15.0927
  42030.00    15.2465
  42040.00    15.0502
  42050.00    15.1680
  42060.00    15.0669
  42070.00    15.4554
  42080.00    15.1578
  42090.00    14.9692
  42100.00    14.9763
  42110.00    14.0457
  42120.00    15.5288
  42130.00    15.2395
  42140.00    15.5971
  42150.00    14.4063
  42160.00    14.7833
  42170.00    14.7161
  42180.00    15.0033
  42190.00    14.8061
  42200.00    15.0354
  42210.00    15.3118
  42220.00    15.2940
  42230.00    14.6632
  42240.00    15.2729
  42250.00    14.6695
  42260.00    14.5346
  42270.00    15.0146
  42280.00    15.3276
  42290.00    14.7886
  42300.00    14.8753
  42310.00    15.1080
  42320.00    14.7917
  42330.00    14.7472
  42340.00    15.1320
  42350.00    14.5807
  42360.00    14.5977
  42370.00    14.7768
  42380.00    15.1071
  42390.00    15.0641
  42400.00    14.8245
  42410.00    15.0536
  42420.00    14.9372
  42430.00    14.9218
  42440.00    14.9972
  42450.00    14.5798
  42460.00    15.1045
  42470.00    15.1914
  42480.00    15.5286
  42490.00    15.1508
  42500.00    15.0070
  42510.00    15.2486
  42520.00    15.1006
  42530.00    15.0322
  42540.00    15.2060
  42550.00    15.3348
  42560.00    14.7394
  42570.00    15.2846
  42580.00    14.7576
  42590.00    15.0872
  42600.00    15.0553
  42610.00    15.0818
  42620.00    14.5266
  42630.00    14.4631
  42640.00    14.9032
  42650.00    14.9674
  42660.00    14.6258
  42670.00    15.0959
  42680.00    14.9678
  42690.00    14.7727
  42700.00    15.1058
  42710.00    14.4160
  42720.00    15.3825
  42730.00    15.2752
  42740.00    14.7040
  42750.00    15.3941
  42760.00    14.9292
  42770.00    15.6799
  42780.00    14.4742
  42790.00    15.0241
  42800.00    15.4014
  42810.00    15.0745
  42820.00    15.2134
  42830.00    14.9344
  42840.00    15.2252
  42850.00    14.8155
  42860.00    15.1160
  42870.00    14.9258
  42880.00    15.6234
  42890.00    15.1959
  42900.00    14.7481
  42910.00    15.1402
  42920.00    15.1876
  42930.00    15.6895
  42940.00    15.2044
  42950.00    15.0251
  42960.00    15.1167
  42970.00    15.0084
  42980.00    15.3456
  42990.00    15.0122
  43000.00    15.2611
  43010.00    15.0358
  43020.00    14.8600
  43030.00    14.8837
  43040.00    15.0642
  43050.00    15.2113
  43060.00    14.9286
  43070.00    15.4806
  43080.00    14.7298
  43090.00    14.9383
  43100.00    14.8181
  43110.00    15.1767
  43120.00    15.0401
  43130.00    14.9593
  43140.00    15.1340
  43150.00    15.2028
  43160.00    15.3988
  43170.00    15.5534
  43180.00    15.2112
  43190.00    15.0750
  43200.00    15.0021
  43210.00    14.9953
  43220.00    15.1254
  43230.00    15.0762
  43240.00    14.7535
  43250.00    15.0508
  43260.00    15.3880
  43270.00    14.7942
  43280.00    15.0685
  43290.00    14.9774
  43300.00    14.6856
  43310.00    14.4825
  43320.00    14.9383
  43330.00    15.4840
  43340.00    15.2632
  43350.00    15.1389
  43360.00    15.1342
  43370.00    15.4715
  43380.00    15.0472
  43390.00    15.3557
  43400.00    14.8716
  43410.00    15.1985
  43420.00    15.6596
  43430.00    15.2719
  43440.00    15.1687
  43450.00    15.3963
  43460.00    15.2912
  43470.00    14.9201
  43480.00    15.0731
  43490.00    14.8647
  43500.00    14.2356
  43510.00    15.2704
  43520.00    14.9053
  43530.00    15.1208
  43540.00    14.7404
  43550.00    14.7947
  43560.00    14.9386
  43570.00    14.8549
  43580.00    14.8044
  43590.00    15.1231
  43600.00    15.1215
  43610.00    14.9080
  43620.00    15.2098
  43630.00    14.7625
  43640.00    15.1049
  43650.00    15.2522
  43660.00    15.0837
  43670.00    14.5518
  43680.00    15.1585
  43690.00    15.3344
  43700.00    15.1455
  43710.00    14.7660
  43720.00    15.1566
  43730.00    15.0958
  43740.00    15.3541
  43750.00    14.3374
  43760.00    15.1434
  43770.00    14.6453
  43780.00    14.8660
  43790.00    14.6978
  43800.00    15.4073
  43810.00    15.2314
  43820.00    14.9846
  43830.00    14.7999
  43840.00    14.6026
  43850.00    14.7516
  43860.00    15.2056
  43870.00    15.1111
  43880.00    15.2413
  43890.00    14.8227
  43900.00    15.2887
  43910.00    14.7405
  43920.00    14.9835
  43930.00    15.3743
  43940.00    14.8996
  43950.00    14.9126
  43960.00    14.7681
  43970.00    14.8273
  43980.00    15.2005
  43990.00    14.9080
  44000.00    14.9406
  44010.00    15.1568
  44020.00    14.8225
  44030.00    14.1688
  44040.00    14.4820
  44050.00    15.0852
  44060.00    14.7905
  44070.00    14.4555
  44080.00    14.5788
  44090.00    15.1977
  44100.00    14.9833
  44110.00    14.4927
  44120.00    14.6165
  44130.00    15.1389
  44140.00    14.7572
  44150.00    14.8264
  44160.00    14.7883
  44170.00    14.5669
  44180.00    14.9967
  44190.00    15.0418
  44200.00    14.7798
  44210.00    15.1188
  44220.00    14.7012
  44230.00    15.1316
  44240.00    15.2863
  44250.00    15.2480
  44260.00    15.4173
  44270.00    14.4754
  44280.00    15.1871
  44290.00    15.3161
  44300.00    14.8896
  44310.00    14.9067
  44320.00    14.9556
  44330.00    15.7539
  44340.00    15.6112
  44350.00    15.2398
  44360.00    14.5148
  44370.00    14.8920
  44380.00    14.7382
  44390.00    15.5607
  44400.00    15.0082
  44410.00    15.1099
  44420.00    15.3541
  44430.00    14.5086
  44440.00    14.6804
  44450.00    15.1886
  44460.00    14.6713
  44470.00    14.9165
  44480.00    15.1117
  44490.00    14.7134
  44500.00    14.7815
  44510.00    15.0275
  44520.00    15.1685
  44530.00    14.8059
  44540.00    15.0112
  44550.00    14.8761
  44560.00    15.0057
  44570.00    15.5816
  44580.00    15.1629
  44590.00    14.8227
  44600.00    15.0441
  44610.00    14.5262
  44620.00    15.2073
  44630.00    14.4790
  44640.00    14.8356
  44650.00    15.1187
  44660.00    15.1345
  44670.00    14.6578
  44680.00    15.1020
  44690.00    14.8416
  44700.00    15.4210
  44710.00    15.0042
  44720.00    15.6831
  44730.00    15.3180
  44740.00    15.0532
  44750.00    14.9310
  44760.00    14.7752
  44770.00    15.0999
  44780.00    14.7360
  44790.00    14.8115
  44800.00    14.8478
  44810.00    14.5688
  44820.00    14.5668
  44830.00    15.3430
  44840.00    15.0068
  44850.00    15.2487
  44860.00    15.3683
  44870.00    15.1283
  44880.00    15.3257
  44890.00    14.9457
  44900.00    14.8481
  44910.00    15.2649
  44920.00    14.7349
  44930.00    15.4157
  44940.00    15.3469
  44950.00    15.4027
  44960.00    15.4956
  44970.00    15.3667
  44980.00    14.8594
  44990.00    15.0996
  45000.00    14.5319
  45010.00    15.4386
  45020.00    14.7407
  45030.00    14.8506
  45040.00    15.1917
  45050.00    14.8325
  45060.00    15.3433
  45070.00    15.2046
  45080.00    14.8907
  45090.00    14.8752
  45100.00    14.8416
  45110.00    15.3651
  45120.00    14.9969
  45130.00    14.6558
  45140.00    14.8436
  45150.00    15.7148
  45160.00    14.4176
  45170.00    14.6032
  45180.00    14.8359
  45190.00    15.5022
  45200.00    14.7542
  45210.00    14.6796
  45220.00    15.2147
  45230.00    15.5191
  45240.00    14.8052
  45250.00    15.1309
  45260.00    14.7266
  45270.00    15.3626
  45280.00    14.8867
  45290.00    15.2449
  45300.00    14.7021
  45310.00    15.4187
  45320.00    15.1441
  45330.00    15.3311
  45340.00    14.5828
  45350.00    15.0752
  45360.00    14.4098
  45370.00    15.0505
  45380.00    14.9042
  45390.00    15.3538
  45400.00    15.2207
  45410.00    14.6694
  45420.00    14.4395
  45430.00    14.8869
  45440.00    15.0679
  45450.00    14.4320
  45460.00    15.2337
  45470.00    14.8116
  45480.00    14.7652
  45490.00    14.5827
  45500.00    15.2650
  45510.00    15.2226
  45520.00    14.8212
  45530.00    14.9018
  45540.00    14.6579
  45550.00    15.3530
  45560.00    15.4606
  45570.00    14.9947
  45580.00    15.1192
  45590.00    14.8773
  45600.00    14.9126
  45610.00    14.8127
  45620.00    14.3472
  45630.00    15.6575
  45640.00    15.5214
  45650.00    15.4793
  45660.00    15.0038
  45670.00    14.5769
  45680.00    14.8398
  45690.00    14.7693
  45700.00    15.1019
  45710.00    14.7737
  45720.00    15.4256
  45730.00    14.9460
  45740.00    14.6927
  45750.00    15.0462
  45760.00    15.0429
  45770.00    15.0918
  45780.00    15.1144
  45790.00    15.2117
  45800.00    14.7395
  45810.00    14.9430
  45820.00    14.6713
  45830.00    14.9340
  45840.00    15.0543
  45850.00    14.9339
  45860.00    14.5177
  45870.00    14.7760
  45880.00    14.9237
  45890.00    14.4537
  45900.00    14.6927
  45910.00    15.0870
  45920.00    14.9781
  45930.00    15.4047
  45940.00    14.7848
  45950.00    14.6439
  45960.00    14.6586
  45970.00    14.6398
  45980.00    14.8764
  45990.00    14.4496
  46000.00    14.3732
  46010.00    14.7521
  46020.00    14.5684
  46030.00    15.4288
  46040.00    15.5014
  46050.00    15.3694
  46060.00    14.9913
  46070.00    15.3173
  46080.00    14.6435
  46090.00    14.8639
  46100.00    14.9172
  46110.00    14.7876
  46120.00    14.8080
  46130.00    14.5924
  46140.00    14.6799
  46150.00    14.5514
  46160.00    15.3738
  46170.00    15.1130
  46180.00    14.7210
  46190.00    15.2260
  46200.00    15.0995
  46210.00    14.7820
  46220.00    14.4551
  46230.00    14.8669
  46240.00    15.1028
  46250.00    15.0667
  46260.00    14.9857
  46270.00    14.6099
  46280.00    15.1310
  46290.00    14.3095
  46300.00    14.9660
  46310.00    14.4893
  46320.00    14.7642
  46330.00    14.8693
  46340.00    14.7236
  46350.00    14.5783
  46360.00    14.2396
  46370.00    15.3591
  46380.00    15.2227
  46390.00    14.7769
  46400.00    15.0701
  46410.00    14.8604
  46420.00    14.5831
  46430.00    14.7800
  46440.00    14.4546
  46450.00    14.9628
  46460.00    14.5751
  46470.00    14.8067
  46480.00    14.8368
  46490.00    15.1624
  46500.00    15.0762
  46510.00    15.0916
  46520.00    14.5461
  46530.00    15.0903
  46540.00    14.6727
  46550.00    15.5125
  46560.00    14.9825
  46570.00    14.6608
  46580.00    14.1044
  46590.00    14.9744
  46600.00    14.9267
  46610.00    14.9139
  46620.00    15.0852
  46630.00    14.6325
  46640.00    14.9157
  46650.00    14.7957
  46660.00    15.3496
  46670.00    15.1328
  46680.00    15.1600
  46690.00    14.6846
  46700.00    14.6570
  46710.00    14.5702
  46720.00    14.4680
  46730.00    14.9084
  46740.00    15.0742
  46750.00    14.6602
  46760.00    14.8822
  46770.00    15.5972
  46780.00    14.7809
  46790.00    14.6504
  46800.00    15.0801
  46810.00    15.2751
  46820.00    15.1374
  46830.00    14.8955
  46840.00    15.0055
  46850.00    14.8059
  46860.00    14.8650
  46870.00    14.9359
  46880.00    14.8564
  46890.00    14.6641
  46900.00    14.9497
  46910.00    15.0529
  46920.00    14.9137
  46930.00    14.6747
  46940.00    14.5009
  46950.00    15.0087
  46960.00    15.2403
  46970.00    15.1221
  46980.00    15.1643
  46990.00    15.2990
  47000.00    14.8018
  47010.00    14.9516
  47020.00    15.1320
  47030.00    14.6444
  47040.00    15.2381
  47050.00    14.9597
  47060.00    15.1578
  47070.00    15.0702
  47080.00    14.3283
  47090.00    14.5645
  47100.00    15.1785
  47110.00    14.8962
  47120.00    15.5934
  47130.00    14.5704
  47140.00    14.8597
  47150.00    14.8712
  47160.00    14.6324
  47170.00    15.4099
  47180.00    15.0665
  47190.00    14.8264
  47200.00    14.7680
  47210.00    14.6230
  47220.00    14.4861
  47230.00    15.5198
  47240.00    15.2182
  47250.00    14.7236
  47260.00    15.5490
  47270.00    14.3228
  47280.00    14.4358
  47290.00    15.3016
  47300.00    15.3612
  47310.00    15.0115
  47320.00    14.8989
  47330.00    15.1571
  47340.00    14.9604
  47350.00    15.2083
  47360.00    15.1031
  47370.00    14.9169
  47380.00    15.3701
  47390.00    15.2446
  47400.00    14.9470
  47410.00    15.1502
  47420.00    14.9105
  47430.00    14.8100
  47440.00    15.5425
  47450.00    15.0671
  47460.00    15.2230
  47470.00    15.2213
  47480.00    15.0421
  47490.00    14.8707
  47500.00    15.1967
  47510.00    14.3154
  47520.00    14.5105
  47530.00    15.2507
  47540.00    14.5642
  47550.00    15.4066
  47560.00    14.6331
  47570.00    15.2310
  47580.00    14.8533
  47590.00    14.9797
  47600.00    14.7940
  47610.00    14.7431
  47620.00    15.0981
  47630.00    14.9301
  47640.00    14.7781
  47650.00    14.6873
  47660.00    14.7767
  47670.00    14.6928
  47680.00    14.4553
  47690.00    14.9800
  47700.00    15.0335
  47710.00    14.8642
  47720.00    14.8075
  47730.00    14.4813
  47740.00    15.1551
  47750.00    14.8933
  47760.00    14.5540
  47770.00    14.7395
  47780.00    14.8018
  47790.00    14.8044
  47800.00    14.5852
  47810.00    14.8404
  47820.00    14.6741
  47830.00    14.8984
  47840.00    14.7892
  47850.00    15.2065
  47860.00    14.9583
  47870.00    15.2914
  47880.00    15.3049
  47890.00    14.4763
  47900.00    15.0490
  47910.00    15.0781
  47920.00    15.2740
  47930.00    15.2813
  47940.00    14.9636
  47950.00    14.9217
  47960.00    14.4299
  47970.00    14.4666
  47980.00    14.5003
  47990.00    14.6518
  48000.00    14.4648
  48010.00    14.9041
  48020.00    14.7737
  48030.00    14.8652
  48040.00    14.7925
  48050.00    14.9057
  48060.00    14.9277
  48070.00    14.8769
  48080.00    14.2359
  48090.00    15.0948
  48100.00    15.0102
  48110.00    14.3950
  48120.00    15.1041
  48130.00    15.0141
  48140.00    14.8329
  48150.00    14.9640
  48160.00    14.9091
  48170.00    14.9832
  48180.00    14.7569
  48190.00    14.5306
  48200.00    14.6433
  48210.00    14.5130
  48220.00    14.9673
  48230.00    14.4635
  48240.00    14.5340
  48250.00    14.7524
  48260.00    15.1560
  48270.00    14.9702
  48280.00    15.1767
  48290.00    14.9360
  48300.00    15.1508
  48310.00    15.4549
  48320.00    14.9878
  48330.00    14.8915
  48340.00    14.7834
  48350.00    14.6528
  48360.00    15.1746
  48370.00    14.5872
  48380.00    14.8560
  48390.00    14.5593
  48400.00    14.7444
  48410.00    15.0627
  48420.00    14.4455
  48430.00    14.8224
  48440.00    14.8868
  48450.00    14.9181
  48460.00    15.2574
  48470.00    15.2310
  48480.00    15.0845
  48490.00    14.8841
  48500.00    15.4055
  48510.00    15.0196
  48520.00    14.0201
  48530.00    15.2878
  48540.00    15.1028
  48550.00    15.0927
  48560.00    14.9203
  48570.00    15.0523
  48580.00    15.1476
  48590.00    14.6252
  48600.00    15.1624
  48610.00    15.1641
  48620.00    15.2406
  48630.00    15.2034
  48640.00    14.9295
  48650.00    15.2730
  48660.00    15.4012
  48670.00    15.4451
  48680.00    14.4238
  48690.00    14.8746
  48700.00    14.6971
  48710.00    15.1916
  48720.00    14.8731
  48730.00    14.5156
  48740.00    15.2563
  48750.00    14.6911
  48760.00    15.0289
  48770.00    14.8655
  48780.00    15.1464
  48790.00    15.1545
  48800.00    15.2767
  48810.00    15.4437
  48820.00    14.9992
  48830.00    15.2629
  48840.00    14.9978
  48850.00    14.0173
  48860.00    14.8659
  48870.00    15.0329
  48880.00    15.1215
  48890.00    14.8529
  48900.00    15.1403
  48910.00    14.5628
  48920.00    14.8164
  48930.00    14.8918
  48940.00    14.7579
  48950.00    14.9809
  48960.00    15.1128
  48970.00    15.6506
  48980.00    14.8654
  48990.00    14.7848
  49000.00    14.7789
  49010.00    15.0429
  49020.00    15.0063
  49030.00    15.2877
  49040.00    15.4078
  49050.00    15.7596
  49060.00    14.8857
  49070.00    14.6276
  49080.00    14.6515
  49090.00    14.6886
  49100.00    14.5834
  49110.00    14.8270
  49120.00    14.8929
  49130.00    14.8010
  49140.00    14.7937
  49150.00    14.9876
  49160.00    14.8116
  49170.00    15.2917
  49180.00    14.7334
  49190.00    14.9558
  49200.00    14.4730
  49210.00    15.5286
  49220.00    15.1179
  49230.00    15.1081
  49240.00    15.2209
  49250.00    15.3985
  49260.00    15.5415
  49270.00    15.4759
  49280.00    14.8596
  49290.00    14.2895
  49300.00    14.2113
  49310.00    14.7692
  49320.00    15.0434
  49330.00    15.2434
  49340.00    14.9691
  49350.00    14.6642
  49360.00    14.7517
  49370.00    15.0401
  49380.00    14.9506
  49390.00    14.8858
  49400.00    14.7563
  49410.00    14.4535
  49420.00    14.7290
  49430.00    14.9473
  49440.00    14.8422
  49450.00    15.1093
  49460.00    14.7905
  49470.00    15.0108
  49480.00    14.4519
  49490.00    14.9523
  49500.00    15.1261
  49510.00    14.9059
  49520.00    15.2608
  49530.00    14.8128
  49540.00    14.8366
  49550.00    14.9536
  49560.00    14.9887
  49570.00    15.1225
  49580.00    14.4372
  49590.00    15.1218
  49600.00    14.8985
  49610.00    15.0766
  49620.00    15.4496
  49630.00    15.0308
  49640.00    15.2427
  49650.00    14.4957
  49660.00    14.3449
  49670.00    14.5867
  49680.00    14.6037
  49690.00    14.6936
  49700.00    14.8450
  49710.00    15.2795
  49720.00    14.9321
  49730.00    14.6755
  49740.00    15.1285
  49750.00    15.1960
  49760.00    15.0642
  49770.00    14.9854
  49780.00    14.9753
  49790.00    13.9191
  49800.00    14.6711
  49810.00    15.2485
  49820.00    14.3508
  49830.00    14.9863
  49840.00    14.8223
  49850.00    15.3492
  49860.00    14.8856
  49870.00    14.6879
  49880.00    14.5901
  49890.00    15.0771
  49900.00    14.9488
  49910.00    15.1136
  49920.00    15.2451
  49930.00    14.4418
  49940.00    14.9343
  49950.00    14.8357
  49960.00    15.0687
  49970.00    14.6951
  49980.00    14.9226
  49990.00    14.8589
  50000.00    14.9602
