     10.00    -6.5601
     20.00    -6.1213
     30.00    -5.8930
     40.00    -6.0651
     50.00    -5.7432
     60.00    -6.1383
     70.00    -6.2080
     80.00    -6.4099
     90.00    -6.0034
    100.00    -6.3716
    110.00    -6.2569
    120.00    -6.2699
    130.00    -5.5867
    140.00    -6.4516
    150.00    -6.5164
    160.00    -6.3081
    170.00    -5.5514
    180.00    -6.3930
    190.00    -6.2620
    200.00    -6.2059
    210.00    -6.0918
    220.00    -6.4471
    230.00    -6.0153
    240.00    -6.4099
    250.00    -5.5586
    260.00    -5.7051
    270.00    -5.4529
    280.00    -6.3697
    290.00    -6.1605
    300.00    -5.9917
    310.00    -5.5869
    320.00    -6.0156
    330.00    -5.7399
    340.00    -6.6369
    350.00    -5.8344
    360.00    -6.4089
    370.00    -5.7555
    380.00    -6.3182
    390.00    -6.0814
    400.00    -6.9688
    410.00    -5.6621
    420.00    -6.0390
    430.00    -6.0389
    440.00    -5.7667
    450.00    -6.3963
    460.00    -6.1324
    470.00    -5.8990
    480.00    -6.3615
    490.00    -6.4301
    500.00    -5.8696
    510.00    -6.1219
    520.00    -5.5999
    530.00    -6.2003
    540.00    -6.4151
    550.00    -6.2036
    560.00    -6.2403
    570.00    -6.2538
    580.00    -5.8861
    590.00    -5.9656
    600.00    -5.9714
    610.00    -6.2113
    620.00    -5.7592
    630.00    -6.0356
    640.00    -6.3068
    650.00    -6.3416
    660.00    -6.4540
    670.00    -6.2811
    680.00    -6.2040
    690.00    -6.1549
    700.00    -6.1982
    710.00    -5.9264
    720.00    -5.9500
    730.00    -6.0766
    740.00    -6.0126
    750.00    -5.4447
    760.00    -5.4147
    770.00    -6.2962
    780.00    -5.7015
    790.00    -5.8141
    800.00    -6.1988
    810.00    -5.5708
    820.00    -6.1474
    830.00    -6.2561
    840.00    -5.8340
    850.00    -5.9557
    860.00    -5.8895
    870.00    -6.3173
    880.00    -6.0563
    890.00    -6.4932
    900.00    -5.4791
    910.00    -5.8821
    920.00    -5.7620
    930.00    -6.0810
    940.00    -6.0611
    950.00    -5.8651
    960.00    -6.2636
    970.00    -5.9756
    980.00    -6.1549
    990.00    -6.1415
   1000.00    -5.9826
   1010.00    -6.1162
   1020.00    -6.3583
   1030.00    -6.0032
   1040.00    -6.5635
   1050.00    -5.8456
   1060.00    -5.7938
   1070.00    -6.1811
   1080.00    -6.2092
   1090.00    -5.8914
   1100.00    -5.8653
   1110.00    -5.8658
   1120.00    -5.4978
   1130.00    -6.1712
   1140.00    -5.9177
   1150.00    -5.9663
   1160.00    -6.5457
   1170.00    -5.9156
   1180.00    -5.5852
   1190.00    -6.0606
   1200.00    -6.1434
   1210.00    -6.3712
   1220.00    -6.2898
   1230.00    -5.8634
   1240.00    -6.1671
   1250.00    -5.9454
   1260.00    -5.9137
   1270.00    -6.5668
   1280.00    -6.1459
   1290.00    -5.9492
   1300.00    -5.5291
   1310.00    -6.1110
   1320.00    -6.6050
   1330.00    -6.1274
   1340.00    -5.7613
   1350.00    -5.7977
   1360.00    -5.7188
   1370.00    -5.9669
   1380.00    -6.0361
   1390.00    -6.0334
   1400.00    -5.8856
   1410.00    -5.9253
   1420.00    -5.9143
   1430.00    -5.7389
   1440.00    -5.9633
   1450.00    -6.1104
   1460.00    -6.3194
   1470.00    -6.3746
   1480.00    -6.1410
   1490.00    -5.9333
   1500.00    -6.1549
   1510.00    -6.2965
   1520.00    -6.1381
   1530.00    -5.9094
   1540.00    -6.0582
   1550.00    -6.1253
   1560.00    -5.7352
   1570.00    -5.5324
   1580.00    -5.5651
   1590.00    -5.7539
   1600.00    -5.5863
   1610.00    -5.8295
   1620.00    -5.9737
   1630.00    -5.5368
   1640.00    -6.5008
   1650.00    -6.3495
   1660.00    -6.0788
   1670.00    -5.6021
   1680.00    -5.9451
   1690.00    -6.5434
   1700.00    -5.7296
   1710.00    -6.0301
   1720.00    -5.5590
   1730.00    -5.9845
   1740.00    -6.2092
   1750.00    -5.7324
   1760.00    -5.9020
   1770.00    -6.0555
   1780.00    -5.9433
   1790.00    -6.1195
   1800.00    -5.9023
   1810.00    -6.0588
   1820.00    -6.4023
   1830.00    -5.9078
   1840.00    -6.1786
   1850.00    -6.2375
   1860.00    -6.2222
   1870.00    -6.4052
   1880.00    -5.6483
   1890.00    -5.9257
   1900.00    -6.0068
   1910.00    -5.5903
   1920.00    -5.9523
   1930.00    -6.3873
   1940.00    -5.7798
   1950.00    -6.1374
   1960.00    -6.3950
   1970.00    -6.0147
   1980.00    -6.9841
   1990.00    -5.9554
   2000.00    -6.0922
   2010.00    -6.0154
   2020.00    -5.5601
   2030.00    -6.2509
   2040.00    -6.1710
   2050.00    -6.1661
   2060.00    -5.9467
   2070.00    -5.9411
   2080.00    -5.6648
   2090.00    -5.8196
   2100.00    -5.6122
   2110.00    -5.9130
   2120.00    -6.0425
   2130.00    -6.3063
   2140.00    -6.4209
   2150.00    -6.0887
   2160.00    -5.5426
   2170.00    -6.3437
   2180.00    -5.9832
   2190.00    -6.2749
   2200.00    -5.9297
   2210.00    -5.7265
   2220.00    -5.5392
   2230.00    -6.1735
   2240.00    -6.0372
   2250.00    -6.1899
   2260.00    -6.2284
   2270.00    -6.8514
   2280.00    -6.1028
   2290.00    -6.3042
   2300.00    -5.8205
   2310.00    -5.5871
   2320.00    -5.9094
   2330.00    -5.7519
   2340.00    -6.0558
   2350.00    -5.6339
   2360.00    -5.9452
   2370.00    -6.0064
   2380.00    -6.0054
   2390.00    -6.0865
   2400.00    -5.7635
   2410.00    -6.0311
   2420.00    -5.5060
   2430.00    -5.9215
   2440.00    -6.0230
   2450.00    -6.6067
   2460.00    -5.2184
   2470.00    -6.2824
   2480.00    -5.3757
   2490.00    -6.1088
   2500.00    -5.8643
   2510.00    -6.0704
   2520.00    -5.8989
   2530.00    -6.0044
   2540.00    -5.8276
   2550.00    -6.1032
   2560.00    -6.2912
   2570.00    -5.7417
   2580.00    -5.9285
   2590.00    -5.8931
   2600.00    -5.5154
   2610.00    -5.7939
   2620.00    -5.8532
   2630.00    -5.6762
   2640.00    -5.4850
   2650.00    -5.9657
   2660.00    -6.1562
   2670.00    -5.8959
   2680.00    -6.5376
   2690.00    -5.7934
   2700.00    -6.4482
   2710.00    -6.2460
   2720.00    -5.6872
   2730.00    -6.0102
   2740.00    -6.0428
   2750.00    -5.5612
   2760.00    -6.1811
   2770.00    -5.9635
   2780.00    -5.7202
   2790.00    -5.7711
   2800.00    -5.5296
   2810.00    -6.3356
   2820.00    -6.5863
   2830.00    -6.4691
   2840.00    -5.7696
   2850.00    -5.5896
   2860.00    -6.3518
   2870.00    -6.0470
   2880.00    -5.7934
   2890.00    -5.9429
   2900.00    -6.1180
   2910.00    -6.3815
   2920.00    -6.2980
   2930.00    -6.1974
   2940.00    -6.0245
   2950.00    -5.8825
   2960.00    -5.5426
   2970.00    -6.4461
   2980.00    -5.7890
   2990.00    -6.2137
   3000.00    -6.3899
   3010.00    -5.7807
   3020.00    -5.5400
   3030.00    -5.6516
   3040.00    -5.8222
   3050.00    -5.4773
   3060.00    -5.9587
   3070.00    -5.5740
   3080.00    -5.9001
   3090.00    -5.8042
   3100.00    -5.9199
   3110.00    -6.4094
   3120.00    -6.2936
   3130.00    -5.6292
   3140.00    -5.9716
   3150.00    -6.5093
   3160.00    -6.3683
   3170.00    -5.9337
   3180.00    -5.7937
   3190.00    -5.8316
   3200.00    -6.0867
   3210.00    -6.2786
   3220.00    -6.5546
   3230.00    -6.0055
   3240.00    -6.1137
   3250.00    -6.2342
   3260.00    -5.9210
   3270.00    -5.9548
   3280.00    -5.7905
   3290.00    -6.2829
   3300.00    -6.0759
   3310.00    -5.9860
   3320.00    -6.4593
   3330.00    -5.8267
   3340.00    -5.8087
   3350.00    -5.8545
   3360.00    -5.5985
   3370.00    -5.8545
   3380.00    -6.2755
   3390.00    -6.0210
   3400.00    -5.8709
   3410.00    -5.7320
   3420.00    -6.0271
   3430.00    -5.5672
   3440.00    -5.8848
   3450.00    -5.6334
   3460.00    -5.4887
   3470.00    -6.0715
   3480.00    -6.1124
   3490.00    -5.7455
   3500.00    -5.8725
   3510.00    -6.0849
   3520.00    -5.7369
   3530.00    -6.3414
   3540.00    -5.6992
   3550.00    -5.3949
   3560.00    -5.9385
   3570.00    -5.5656
   3580.00    -5.9468
   3590.00    -6.4280
   3600.00    -5.4918
   3610.00    -5.8417
   3620.00    -6.1895
   3630.00    -5.7178
   3640.00    -6.5638
   3650.00    -5.9010
   3660.00    -6.3761
   3670.00    -5.7966
   3680.00    -5.7327
   3690.00    -5.7251
   3700.00    -5.7032
   3710.00    -5.8798
   3720.00    -6.1071
   3730.00    -6.1183
   3740.00    -5.8939
   3750.00    -6.2725
   3760.00    -5.9150
   3770.00    -5.6590
   3780.00    -5.8684
   3790.00    -5.9323
   3800.00    -5.8336
   3810.00    -6.2725
   3820.00    -5.8347
   3830.00    -6.4700
   3840.00    -5.8357
   3850.00    -6.0800
   3860.00    -6.5735
   3870.00    -5.8374
   3880.00    -5.7593
   3890.00    -5.6190
   3900.00    -5.4668
   3910.00    -6.0513
   3920.00    -5.8626
   3930.00    -5.7173
   3940.00    -6.0667
   3950.00    -6.0090
   3960.00    -5.8055
   3970.00    -6.3017
   3980.00    -5.6929
   3990.00    -5.8928
   4000.00    -5.6310
   4010.00    -6.4442
   4020.00    -6.2636
   4030.00    -5.9700
   4040.00    -5.7460
   4050.00    -6.2415
   4060.00    -6.1945
   4070.00    -6.2181
   4080.00    -5.6594
   4090.00    -5.9722
   4100.00    -6.6453
   4110.00    -5.8375
   4120.00    -6.0714
   4130.00    -5.9062
   4140.00    -6.1026
   4150.00    -5.7496
   4160.00    -5.7613
   4170.00    -6.4740
   4180.00    -6.0173
   4190.00    -6.0463
   4200.00    -5.6059
   4210.00    -6.1457
   4220.00    -5.9160
   4230.00    -6.2963
   4240.00    -6.4070
   4250.00    -5.9758
   4260.00    -6.4187
   4270.00    -5.7785
   4280.00    -6.2196
   4290.00    -6.1020
   4300.00    -6.3299
   4310.00    -5.6952
   4320.00    -5.8675
   4330.00    -6.0469
   4340.00    -5.7830
   4350.00    -5.5372
   4360.00    -6.2538
   4370.00    -5.7543
   4380.00    -6.2339
   4390.00    -5.9969
   4400.00    -5.9502
   4410.00    -5.7351
   4420.00    -5.8584
   4430.00    -6.0260
   4440.00    -5.9086
   4450.00    -5.6821
   4460.00    -6.6000
   4470.00    -5.8091
   4480.00    -6.0745
   4490.00    -6.2505
   4500.00    -6.0027
   4510.00    -5.6430
   4520.00    -6.1935
   4530.00    -6.4213
   4540.00    -6.0109
   4550.00    -5.7882
   4560.00    -6.2834
   4570.00    -5.5184
   4580.00    -6.2909
   4590.00    -6.2699
   4600.00    -6.5889
   4610.00    -5.9559
   4620.00    -6.0574
   4630.00    -6.1237
   4640.00    -6.0725
   4650.00    -6.3460
   4660.00    -5.2253
   4670.00    -5.4762
   4680.00    -6.1931
   4690.00    -6.1249
   4700.00    -6.1140
   4710.00    -6.2747
   4720.00    -6.1531
   4730.00    -6.0693
   4740.00    -5.9818
   4750.00    -6.2337
   4760.00    -5.7986
   4770.00    -5.7261
   4780.00    -5.7541
   4790.00    -6.0025
   4800.00    -6.0560
   4810.00    -6.3742
   4820.00    -6.3002
   4830.00    -6.5258
   4840.00    -6.1804
   4850.00    -6.4918
   4860.00    -6.0276
   4870.00    -5.7832
   4880.00    -6.2976
   4890.00    -6.5809
   4900.00    -5.8873
   4910.00    -6.1656
   4920.00    -6.3239
   4930.00    -6.2501
   4940.00    -6.3776
   4950.00    -6.2008
   4960.00    -6.0810
   4970.00    -5.7841
   4980.00    -5.8130
   4990.00    -6.1002
   5000.00    -6.3172
   5010.00    -6.2014
   5020.00    -6.0615
   5030.00    -6.0058
   5040.00    -5.9457
   5050.00    -6.3863
   5060.00    -5.8446
   5070.00    -5.9614
   5080.00    -5.5348
   5090.00    -5.8999
   5100.00    -5.6712
   5110.00    -5.5702
   5120.00    -5.9970
   5130.00    -5.3968
   5140.00    -5.6615
   5150.00    -5.9655
   5160.00    -5.9048
   5170.00    -6.2911
   5180.00    -6.2200
   5190.00    -6.0598
   5200.00    -5.8732
   5210.00    -6.0401
   5220.00    -5.2309
   5230.00    -5.9152
   5240.00    -5.9982
   5250.00    -5.7743
   5260.00    -6.1119
   5270.00    -5.6449
   5280.00    -5.4574
   5290.00    -6.0119
   5300.00    -5.6166
   5310.00    -5.7107
   5320.00    -6.2504
   5330.00    -5.9016
   5340.00    -5.6754
   5350.00    -6.0243
   5360.00    -6.2583
   5370.00    -5.7420
   5380.00    -5.9483
   5390.00    -6.2570
   5400.00    -6.1912
   5410.00    -5.6843
   5420.00    -6.4371
   5430.00    -6.5275
   5440.00    -6.0474
   5450.00    -5.8852
   5460.00    -5.8951
   5470.00    -5.9554
   5480.00    -6.9240
   5490.00    -5.6247
   5500.00    -5.6079
   5510.00    -5.5349
   5520.00    -6.4183
   5530.00    -5.5543
   5540.00    -6.4475
   5550.00    -6.0932
   5560.00    -5.8140
   5570.00    -5.6335
   5580.00    -5.8712
   5590.00    -5.6193
   5600.00    -5.4632
   5610.00    -5.7332
   5620.00    -5.4990
   5630.00    -6.2984
   5640.00    -5.8335
   5650.00    -6.2046
   5660.00    -5.7827
   5670.00    -6.3016
   5680.00    -6.2331
   5690.00    -5.8510
   5700.00    -5.5661
   5710.00    -5.8559
   5720.00    -5.6158
   5730.00    -6.1593
   5740.00    -6.1735
   5750.00    -6.0725
   5760.00    -6.0689
   5770.00    -5.9792
   5780.00    -5.5875
   5790.00    -6.5069
   5800.00    -5.9116
   5810.00    -6.0060
   5820.00    -6.0557
   5830.00    -5.3699
   5840.00    -5.8883
   5850.00    -5.6789
   5860.00    -6.2765
   5870.00    -5.8985
   5880.00    -6.0222
   5890.00    -5.7086
   5900.00    -5.9092
   5910.00    -5.5245
   5920.00    -6.0112
   5930.00    -5.8835
   5940.00    -5.8957
   5950.00    -5.7353
   5960.00    -5.9740
   5970.00    -5.3668
   5980.00    -6.0973
   5990.00    -5.8842
   6000.00    -5.7304
   6010.00    -5.9089
   6020.00    -6.1815
   6030.00    -6.1809
   6040.00    -5.5511
   6050.00    -6.1267
   6060.00    -5.3658
   6070.00    -5.5992
   6080.00    -6.2198
   6090.00    -5.7872
   6100.00    -5.2313
   6110.00    -6.3268
   6120.00    -5.8555
   6130.00    -5.9581
   6140.00    -5.7494
   6150.00    -5.3737
   6160.00    -5.9315
   6170.00    -5.9551
   6180.00    -6.1596
   6190.00    -6.2398
   6200.00    -6.1461
   6210.00    -5.8137
   6220.00    -5.7804
   6230.00    -6.1852
   6240.00    -6.0604
   6250.00    -5.5790
   6260.00    -5.7013
   6270.00    -5.9786
   6280.00    -5.8220
   6290.00    -6.4669
   6300.00    -6.4998
   6310.00    -5.8933
   6320.00    -6.1930
   6330.00    -5.3666
   6340.00    -5.8618
   6350.00    -5.8129
   6360.00    -6.1448
   6370.00    -5.5301
   6380.00    -5.8312
   6390.00    -6.0401
   6400.00    -5.4781
   6410.00    -6.3130
   6420.00    -6.0019
   6430.00    -5.6357
   6440.00    -6.1506
   6450.00    -5.7805
   6460.00    -5.4952
   6470.00    -6.0845
   6480.00    -5.7667
   6490.00    -6.1791
   6500.00    -5.7080
   6510.00    -5.9409
   6520.00    -5.8020
   6530.00    -6.5317
   6540.00    -6.0950
   6550.00    -5.9870
   6560.00    -5.7785
   6570.00    -6.3223
   6580.00    -5.9042
   6590.00    -6.0710
   6600.00    -5.9028
   6610.00    -5.5969
   6620.00    -6.0280
   6630.00    -5.9265
   6640.00    -6.0686
   6650.00    -6.1002
   6660.00    -5.5575
   6670.00    -6.2517
   6680.00    -5.9522
   6690.00    -5.8428
   6700.00    -5.7829
   6710.00    -6.4943
   6720.00    -5.9336
   6730.00    -5.9291
   6740.00    -6.0057
   6750.00    -5.6059
   6760.00    -6.3399
   6770.00    -5.9843
   6780.00    -5.5711
   6790.00    -5.9868
   6800.00    -5.9342
   6810.00    -6.1432
   6820.00    -6.2678
   6830.00    -5.8252
   6840.00    -6.3691
   6850.00    -5.3648
   6860.00    -5.6791
   6870.00    -6.0789
   6880.00    -6.0963
   6890.00    -6.5300
   6900.00    -5.7402
   6910.00    -6.4667
   6920.00    -5.5673
   6930.00    -5.5798
   6940.00    -5.8826
   6950.00    -5.5937
   6960.00    -5.8348
   6970.00    -5.7426
   6980.00    -6.2416
   6990.00    -5.8931
   7000.00    -6.0672
   7010.00    -6.0504
   7020.00    -5.7265
   7030.00    -6.5419
   7040.00    -6.0460
   7050.00    -5.4232
   7060.00    -5.8921
   7070.00    -6.1441
   7080.00    -5.9738
   7090.00    -6.2473
   7100.00    -5.8429
   7110.00    -6.2389
   7120.00    -5.8085
   7130.00    -5.6200
   7140.00    -5.4381
   7150.00    -5.9623
   7160.00    -6.1066
   7170.00    -6.2380
   7180.00    -6.4593
   7190.00    -5.7732
   7200.00    -5.5553
   7210.00    -5.8957
   7220.00    -6.2766
   7230.00    -6.2178
   7240.00    -5.9024
   7250.00    -5.7332
   7260.00    -6.1828
   7270.00    -5.8965
   7280.00    -5.9988
   7290.00    -5.8473
   7300.00    -6.1108
   7310.00    -5.7085
   7320.00    -5.6397
   7330.00    -5.7513
   7340.00    -5.7580
   7350.00    -5.7366
   7360.00    -6.4815
   7370.00    -5.8727
   7380.00    -5.9193
   7390.00    -5.6344
   7400.00    -6.1533
   7410.00    -6.1113
   7420.00    -6.1118
   7430.00    -5.8869
   7440.00    -6.1459
   7450.00    -6.0279
   7460.00    -5.1941
   7470.00    -5.8068
   7480.00    -5.7364
   7490.00    -5.8237
   7500.00    -5.9058
   7510.00    -6.0620
   7520.00    -6.1770
   7530.00    -6.1878
   7540.00    -6.2034
   7550.00    -6.4399
   7560.00    -5.8972
   7570.00    -5.8369
   7580.00    -5.5847
   7590.00    -6.2551
   7600.00    -5.6637
   7610.00    -5.8704
   7620.00    -6.9051
   7630.00    -7.0757
   7640.00    -6.7738
   7650.00    -5.7252
   7660.00    -6.1732
   7670.00    -6.0434
   7680.00    -6.5519
   7690.00    -6.3323
   7700.00    -6.1576
   7710.00    -5.5430
   7720.00    -6.2641
   7730.00    -6.1778
   7740.00    -6.1513
   7750.00    -6.3110
   7760.00    -6.1270
   7770.00    -6.2129
   7780.00    -6.1977
   7790.00    -6.6352
   7800.00    -6.2129
   7810.00    -5.9210
   7820.00    -6.2806
   7830.00    -5.8938
   7840.00    -6.1798
   7850.00    -5.9258
   7860.00    -6.4074
   7870.00    -5.9737
   7880.00    -6.2602
   7890.00    -6.1733
   7900.00    -5.7461
   7910.00    -5.5123
   7920.00    -6.2602
   7930.00    -6.0263
   7940.00    -5.7938
   7950.00    -6.1510
   7960.00    -5.9733
   7970.00    -6.1497
   7980.00    -5.4919
   7990.00    -5.9873
   8000.00    -6.0050
   8010.00    -5.8249
   8020.00    -5.9146
   8030.00    -6.2123
   8040.00    -5.9473
   8050.00    -6.5688
   8060.00    -5.8825
   8070.00    -5.9597
   8080.00    -6.2513
   8090.00    -5.6007
   8100.00    -6.2747
   8110.00    -5.7085
   8120.00    -5.6337
   8130.00    -6.2639
   8140.00    -6.3440
   8150.00    -5.5497
   8160.00    -6.1903
   8170.00    -6.7996
   8180.00    -6.2411
   8190.00    -6.0822
   8200.00    -5.8530
   8210.00    -6.5742
   8220.00    -6.7276
   8230.00    -5.9274
   8240.00    -6.1497
   8250.00    -5.7869
   8260.00    -6.1965
   8270.00    -6.2079
   8280.00    -5.9415
   8290.00    -6.4879
   8300.00    -5.5008
   8310.00    -6.2302
   8320.00    -5.7445
   8330.00    -5.9100
   8340.00    -6.3893
   8350.00    -6.3596
   8360.00    -6.1836
   8370.00    -6.2846
   8380.00    -6.1737
   8390.00    -6.2079
   8400.00    -6.2569
   8410.00    -5.6254
   8420.00    -5.7809
   8430.00    -6.6510
   8440.00    -5.9780
   8450.00    -6.2021
   8460.00    -5.9089
   8470.00    -5.7460
   8480.00    -6.2981
   8490.00    -5.8453
   8500.00    -5.7144
   8510.00    -5.8981
   8520.00    -6.2004
   8530.00    -6.3340
   8540.00    -6.3676
   8550.00    -5.8788
   8560.00    -6.4340
   8570.00    -6.3800
   8580.00    -6.1286
   8590.00    -6.2622
   8600.00    -5.6758
   8610.00    -6.1984
   8620.00    -6.1776
   8630.00    -6.0306
   8640.00    -6.5632
   8650.00    -6.1018
   8660.00    -6.4209
   8670.00    -6.5392
   8680.00    -5.7797
   8690.00    -5.9891
   8700.00    -6.5352
   8710.00    -5.9990
   8720.00    -6.3449
   8730.00    -6.5853
   8740.00    -5.7865
   8750.00    -6.1176
   8760.00    -6.2475
   8770.00    -6.3676
   8780.00    -6.0692
   8790.00    -6.0345
   8800.00    -6.0501
   8810.00    -5.7171
   8820.00    -5.8560
   8830.00    -6.0489
   8840.00    -5.8513
   8850.00    -5.9514
   8860.00    -5.6339
   8870.00    -5.5678
   8880.00    -6.1879
   8890.00    -6.1410
   8900.00    -5.9191
   8910.00    -5.9254
   8920.00    -6.1606
   8930.00    -5.8580
   8940.00    -6.3587
   8950.00    -6.5736
   8960.00    -5.7476
   8970.00    -6.2126
   8980.00    -6.1802
   8990.00    -5.8726
   9000.00    -5.5338
   9010.00    -5.9219
   9020.00    -6.1625
   9030.00    -6.3046
   9040.00    -6.5510
   9050.00    -6.7519
   9060.00    -5.9922
   9070.00    -5.9314
   9080.00    -5.8488
   9090.00    -6.0738
   9100.00    -6.6273
   9110.00    -5.7624
   9120.00    -6.4432
   9130.00    -6.2287
   9140.00    -6.0240
   9150.00    -5.7566
   9160.00    -6.0788
   9170.00    -6.0579
   9180.00    -6.5321
   9190.00    -6.5072
   9200.00    -6.4180
   9210.00    -6.1467
   9220.00    -5.9072
   9230.00    -6.0434
   9240.00    -5.9734
   9250.00    -5.6784
   9260.00    -6.0391
   9270.00    -5.6296
   9280.00    -5.7134
   9290.00    -6.3339
   9300.00    -6.3064
   9310.00    -6.6451
   9320.00    -5.3323
   9330.00    -6.2412
   9340.00    -6.0555
   9350.00    -5.9737
   9360.00    -5.5065
   9370.00    -6.1377
   9380.00    -6.2528
   9390.00    -6.4795
   9400.00    -6.2311
   9410.00    -5.5489
   9420.00    -5.8968
   9430.00    -6.0541
   9440.00    -6.2184
   9450.00    -6.3593
   9460.00    -5.7555
   9470.00    -5.7329
   9480.00    -5.8796
   9490.00    -5.8565
   9500.00    -6.0115
   9510.00    -5.7187
   9520.00    -5.8669
   9530.00    -5.9362
   9540.00    -5.8231
   9550.00    -5.8524
   9560.00    -6.0469
   9570.00    -6.1371
   9580.00    -6.2668
   9590.00    -5.8633
   9600.00    -5.9550
   9610.00    -6.0587
   9620.00    -6.1301
   9630.00    -6.1358
   9640.00    -6.5213
   9650.00    -5.7698
   9660.00    -5.5512
   9670.00    -6.0842
   9680.00    -6.1774
   9690.00    -6.2208
   9700.00    -6.1685
   9710.00    -6.0852
   9720.00    -6.0522
   9730.00    -6.0217
   9740.00    -5.8938
   9750.00    -5.7464
   9760.00    -5.9909
   9770.00    -6.0754
   9780.00    -5.5485
   9790.00    -6.0166
   9800.00    -5.6712
   9810.00    -5.8807
   9820.00    -6.0678
   9830.00    -6.0463
   9840.00    -5.7423
   9850.00    -6.4283
   9860.00    -6.4864
   9870.00    -6.1999
   9880.00    -6.3782
   9890.00    -5.8696
   9900.00    -6.4059
   9910.00    -6.1289
   9920.00    -5.6022
   9930.00    -6.0058
   9940.00    -5.8277
   9950.00    -5.6673
   9960.00    -5.6081
   9970.00    -6.1384
   9980.00    -6.6332
   9990.00    -6.0289
  10000.00    -5.9762
  10010.00    -5.9649
  10020.00    -5.8380
  10030.00    -5.6320
  10040.00    -6.5441
  10050.00    -6.5009
  10060.00    -5.8593
  10070.00    -6.1508
  10080.00    -5.9304
  10090.00    -5.7236
  10100.00    -5.8447
  10110.00    -6.1770
  10120.00    -5.8464
  10130.00    -6.3394
  10140.00    -6.4876
  10150.00    -6.3868
  10160.00    -5.9757
  10170.00    -5.9969
  10180.00    -5.7101
  10190.00    -6.0397
  10200.00    -5.9777
  10210.00    -6.3625
  10220.00    -6.0051
  10230.00    -5.8877
  10240.00    -6.0977
  10250.00    -5.7002
  10260.00    -6.4581
  10270.00    -6.5997
  10280.00    -6.0512
  10290.00    -5.8691
  10300.00    -6.0193
  10310.00    -6.1465
  10320.00    -6.4291
  10330.00    -6.3704
  10340.00    -5.8517
  10350.00    -6.4087
  10360.00    -6.1260
  10370.00    -6.1591
  10380.00    -6.2896
  10390.00    -5.8373
  10400.00    -6.0329
  10410.00    -5.9210
  10420.00    -5.4917
  10430.00    -6.0444
  10440.00    -6.1230
  10450.00    -5.5187
  10460.00    -5.9038
  10470.00    -6.0543
  10480.00    -6.0644
  10490.00    -5.9156
  10500.00    -5.7837
  10510.00    -6.3546
  10520.00    -5.8973
  10530.00    -5.9396
  10540.00    -6.3403
  10550.00    -6.0899
  10560.00    -5.5053
  10570.00    -5.9970
  10580.00    -5.8486
  10590.00    -5.6482
  10600.00    -5.5709
  10610.00    -5.7354
  10620.00    -6.0302
  10630.00    -6.0193
  10640.00    -5.8149
  10650.00    -6.4043
  10660.00    -5.7519
  10670.00    -6.2869
  10680.00    -5.5569
  10690.00    -6.1729
  10700.00    -6.0369
  10710.00    -5.6615
  10720.00    -5.5168
  10730.00    -5.8034
  10740.00    -5.8857
  10750.00    -6.0238
  10760.00    -6.1072
  10770.00    -6.1225
  10780.00    -6.0352
  10790.00    -5.6348
  10800.00    -6.6035
  10810.00    -6.0674
  10820.00    -5.7558
  10830.00    -5.7234
  10840.00    -6.0382
  10850.00    -6.5771
  10860.00    -5.9441
  10870.00    -5.9421
  10880.00    -6.0283
  10890.00    -5.8620
  10900.00    -6.7095
  10910.00    -6.1704
  10920.00    -6.3706
  10930.00    -6.4841
  10940.00    -6.0262
  10950.00    -6.2331
  10960.00    -6.1289
  10970.00    -6.0417
  10980.00    -6.0461
  10990.00    -6.3200
  11000.00    -6.7356
  11010.00    -5.5899
  11020.00    -6.5010
  11030.00    -6.1334
  11040.00    -6.2776
  11050.00    -6.1185
  11060.00    -6.0441
  11070.00    -6.4241
  11080.00    -5.7274
  11090.00    -5.9547
  11100.00    -6.1034
  11110.00    -6.2375
  11120.00    -6.2883
  11130.00    -6.5078
  11140.00    -5.8793
  11150.00    -5.4907
  11160.00    -6.0672
  11170.00    -6.3091
  11180.00    -6.2619
  11190.00    -6.0578
  11200.00    -5.7681
  11210.00    -5.4391
  11220.00    -5.7558
  11230.00    -5.9481
  11240.00    -6.1357
  11250.00    -5.7909
  11260.00    -5.3518
  11270.00    -6.0698
  11280.00    -5.8421
  11290.00    -5.8032
  11300.00    -6.3443
  11310.00    -5.9945
  11320.00    -5.7465
  11330.00    -5.9498
  11340.00    -6.2335
  11350.00    -6.0875
  11360.00    -6.0764
  11370.00    -5.6794
  11380.00    -5.8768
  11390.00    -5.9613
  11400.00    -5.8556
  11410.00    -6.1193
  11420.00    -6.3422
  11430.00    -5.6901
  11440.00    -6.0537
  11450.00    -5.9537
  11460.00    -6.1584
  11470.00    -6.1184
  11480.00    -6.2318
  11490.00    -5.8391
  11500.00    -6.1219
  11510.00    -6.2689
  11520.00    -6.0918
  11530.00    -6.4278
  11540.00    -6.0750
  11550.00    -5.9563
  11560.00    -6.5126
  11570.00    -5.7587
  11580.00    -6.2884
  11590.00    -6.6287
  11600.00    -6.0694
  11610.00    -6.0486
  11620.00    -5.6800
  11630.00    -5.9794
  11640.00    -5.9124
  11650.00    -6.0006
  11660.00    -5.8198
  11670.00    -5.7715
  11680.00    -6.0838
  11690.00    -5.9229
  11700.00    -6.0015
  11710.00    -6.1660
  11720.00    -5.9511
  11730.00    -5.9446
  11740.00    -6.3331
  11750.00    -5.9446
  11760.00    -5.8093
  11770.00    -5.8621
  11780.00    -5.8212
  11790.00    -5.7868
  11800.00    -6.2057
  11810.00    -6.0468
  11820.00    -6.4879
  11830.00    -5.6919
  11840.00    -6.4778
  11850.00    -5.8180
  11860.00    -5.6782
  11870.00    -6.4394
  11880.00    -6.2538
  11890.00    -6.2799
  11900.00    -6.5777
  11910.00    -5.8761
  11920.00    -5.8729
  11930.00    -5.7673
  11940.00    -6.0492
  11950.00    -5.4026
  11960.00    -5.9962
  11970.00    -5.9843
  11980.00    -5.8200
  11990.00    -5.8883
  12000.00    -6.4912
  12010.00    -6.1417
  12020.00    -5.5684
  12030.00    -6.1618
  12040.00    -6.2567
  12050.00    -5.9759
  12060.00    -5.9046
  12070.00    -5.7657
  12080.00    -6.0388
  12090.00    -5.9072
  12100.00    -6.1068
  12110.00    -5.7358
  12120.00    -5.9089
  12130.00    -5.8157
  12140.00    -5.8450
  12150.00    -5.6997
  12160.00    -6.2536
  12170.00    -6.1008
  12180.00    -5.5619
  12190.00    -6.2428
  12200.00    -6.0812
  12210.00    -5.8460
  12220.00    -5.8027
  12230.00    -6.0189
  12240.00    -5.2567
  12250.00    -5.8482
  12260.00    -5.7438
  12270.00    -6.2145
  12280.00    -5.9378
  12290.00    -5.3585
  12300.00    -5.7869
  12310.00    -5.9918
  12320.00    -6.3964
  12330.00    -5.6303
  12340.00    -6.4411
  12350.00    -5.7407
  12360.00    -5.8882
  12370.00    -5.8128
  12380.00    -5.5985
  12390.00    -5.7735
  12400.00    -5.4489
  12410.00    -6.7227
  12420.00    -6.0966
  12430.00    -6.5061
  12440.00    -5.9420
  12450.00    -5.7253
  12460.00    -5.5972
  12470.00    -6.3259
  12480.00    -5.9608
  12490.00    -5.5693
  12500.00    -5.6362
  12510.00    -6.4084
  12520.00    -6.1325
  12530.00    -6.1659
  12540.00    -5.4208
  12550.00    -5.4577
  12560.00    -6.3773
  12570.00    -5.4386
  12580.00    -6.4185
  12590.00    -5.5110
  12600.00    -6.3118
  12610.00    -5.7391
  12620.00    -6.0854
  12630.00    -5.5597
  12640.00    -6.1876
  12650.00    -5.5371
  12660.00    -5.8387
  12670.00    -5.5670
  12680.00    -6.3569
  12690.00    -6.2159
  12700.00    -6.4240
  12710.00    -6.4415
  12720.00    -5.9927
  12730.00    -6.0240
  12740.00    -5.8038
  12750.00    -6.0480
  12760.00    -5.9070
  12770.00    -6.3997
  12780.00    -5.8427
  12790.00    -5.7999
  12800.00    -5.9881
  12810.00    -6.2270
  12820.00    -5.6913
  12830.00    -5.9969
  12840.00    -5.9645
  12850.00    -5.6885
  12860.00    -6.2760
  12870.00    -5.9475
  12880.00    -5.4912
  12890.00    -5.4754
  12900.00    -6.2084
  12910.00    -5.4118
  12920.00    -5.8906
  12930.00    -6.0532
  12940.00    -5.8565
  12950.00    -6.6145
  12960.00    -5.9751
  12970.00    -5.7249
  12980.00    -5.8837
  12990.00    -5.9931
  13000.00    -6.1666
  13010.00    -6.1627
  13020.00    -5.8340
  13030.00    -6.1788
  13040.00    -6.0763
  13050.00    -6.3865
  13060.00    -5.7214
  13070.00    -5.7763
  13080.00    -5.7576
  13090.00    -6.1103
  13100.00    -5.5247
  13110.00    -6.3793
  13120.00    -5.6874
  13130.00    -6.0471
  13140.00    -5.5587
  13150.00    -5.4569
  13160.00    -5.8154
  13170.00    -6.0931
  13180.00    -5.7541
  13190.00    -6.1197
  13200.00    -6.1658
  13210.00    -5.9932
  13220.00    -6.1688
  13230.00    -5.6087
  13240.00    -5.7198
  13250.00    -6.1719
  13260.00    -6.2759
  13270.00    -6.2921
  13280.00    -5.3658
  13290.00    -5.7634
  13300.00    -5.6728
  13310.00    -5.7887
  13320.00    -6.9055
  13330.00    -5.6331
  13340.00    -5.9452
  13350.00    -6.3761
  13360.00    -5.8918
  13370.00    -6.1708
  13380.00    -6.0712
  13390.00    -6.1513
  13400.00    -6.5031
  13410.00    -6.3786
  13420.00    -5.8806
  13430.00    -5.6468
  13440.00    -6.0254
  13450.00    -5.4920
  13460.00    -5.7335
  13470.00    -5.7857
  13480.00    -6.2276
  13490.00    -6.0407
  13500.00    -6.1997
  13510.00    -6.0943
  13520.00    -5.8989
  13530.00    -5.6245
  13540.00    -5.9591
  13550.00    -5.9639
  13560.00    -6.2404
  13570.00    -6.2952
  13580.00    -6.0324
  13590.00    -5.5301
  13600.00    -5.7932
  13610.00    -6.1962
  13620.00    -6.0453
  13630.00    -5.5619
  13640.00    -6.2536
  13650.00    -6.0553
  13660.00    -6.3555
  13670.00    -6.2655
  13680.00    -5.7981
  13690.00    -5.9680
  13700.00    -5.7348
  13710.00    -5.7789
  13720.00    -6.1172
  13730.00    -5.9723
  13740.00    -6.5415
  13750.00    -6.1070
  13760.00    -5.8367
  13770.00    -6.0273
  13780.00    -5.5470
  13790.00    -5.4582
  13800.00    -5.9756
  13810.00    -5.6937
  13820.00    -6.1261
  13830.00    -6.2185
  13840.00    -6.1545
  13850.00    -5.8892
  13860.00    -5.9244
  13870.00    -5.7712
  13880.00    -5.8030
  13890.00    -5.9616
  13900.00    -5.5769
  13910.00    -6.3378
  13920.00    -6.2669
  13930.00    -6.0040
  13940.00    -5.8388
  13950.00    -6.0011
  13960.00    -5.9390
  13970.00    -5.9081
  13980.00    -6.1436
  13990.00    -5.7064
  14000.00    -5.7737
  14010.00    -5.7832
  14020.00    -5.6648
  14030.00    -6.1519
  14040.00    -5.7971
  14050.00    -5.8224
  14060.00    -5.9823
  14070.00    -6.1538
  14080.00    -6.3273
  14090.00    -6.2425
  14100.00    -6.3184
  14110.00    -5.8908
  14120.00    -6.0723
  14130.00    -5.7567
  14140.00    -6.0103
  14150.00    -5.9836
  14160.00    -5.8528
  14170.00    -6.1019
  14180.00    -6.1268
  14190.00    -6.0860
  14200.00    -5.9368
  14210.00    -5.9416
  14220.00    -5.5758
  14230.00    -6.0902
  14240.00    -5.9434
  14250.00    -5.9927
  14260.00    -6.4764
  14270.00    -6.0060
  14280.00    -5.9935
  14290.00    -7.0005
  14300.00    -6.0408
  14310.00    -6.0763
  14320.00    -5.8912
  14330.00    -5.9769
  14340.00    -5.9180
  14350.00    -5.8400
  14360.00    -5.5452
  14370.00    -5.9172
  14380.00    -5.8444
  14390.00    -5.8459
  14400.00    -5.5838
  14410.00    -6.1147
  14420.00    -5.7389
  14430.00    -5.8016
  14440.00    -4.9795
  14450.00    -5.1081
  14460.00    -6.0917
  14470.00    -5.7035
  14480.00    -5.6383
  14490.00    -6.0671
  14500.00    -6.0231
  14510.00    -5.7540
  14520.00    -5.8832
  14530.00    -5.9635
  14540.00    -5.9314
  14550.00    -5.9301
  14560.00    -6.1830
  14570.00    -6.6818
  14580.00    -5.8926
  14590.00    -5.9683
  14600.00    -5.8948
  14610.00    -5.6496
  14620.00    -6.2131
  14630.00    -6.3003
  14640.00    -6.2649
  14650.00    -6.3515
  14660.00    -6.2658
  14670.00    -5.3626
  14680.00    -5.3661
  14690.00    -5.8172
  14700.00    -5.9642
  14710.00    -6.1070
  14720.00    -5.5720
  14730.00    -6.1521
  14740.00    -5.7089
  14750.00    -6.4913
  14760.00    -6.0405
  14770.00    -5.9233
  14780.00    -5.8607
  14790.00    -5.4917
  14800.00    -5.9059
  14810.00    -5.7695
  14820.00    -6.0892
  14830.00    -5.8852
  14840.00    -5.5714
  14850.00    -6.2169
  14860.00    -6.1579
  14870.00    -5.9379
  14880.00    -6.3464
  14890.00    -6.4047
  14900.00    -6.1277
  14910.00    -5.9762
  14920.00    -5.8739
  14930.00    -5.9513
  14940.00    -5.6940
  14950.00    -6.2794
  14960.00    -5.9232
  14970.00    -6.5768
  14980.00    -5.7688
  14990.00    -5.9141
  15000.00    -5.5110
  15010.00    -6.2298
  15020.00    -6.0566
  15030.00    -6.1184
  15040.00    -5.4662
  15050.00    -6.1739
  15060.00    -6.0968
  15070.00    -5.5935
  15080.00    -6.0395
  15090.00    -6.6208
  15100.00    -6.2831
  15110.00    -6.1634
  15120.00    -6.6778
  15130.00    -6.1547
  15140.00    -6.1489
  15150.00    -6.2002
  15160.00    -6.4650
  15170.00    -6.4272
  15180.00    -5.4320
  15190.00    -5.8231
  15200.00    -5.8771
  15210.00    -6.1759
  15220.00    -5.7214
  15230.00    -6.2317
  15240.00    -6.8336
  15250.00    -6.0608
  15260.00    -5.9616
  15270.00    -5.9884
  15280.00    -6.4957
  15290.00    -5.9016
  15300.00    -5.8370
  15310.00    -5.4477
  15320.00    -5.9530
  15330.00    -5.8546
  15340.00    -6.0797
  15350.00    -6.0338
  15360.00    -5.7435
  15370.00    -6.0452
  15380.00    -6.2211
  15390.00    -6.1883
  15400.00    -5.9867
  15410.00    -5.7564
  15420.00    -5.8416
  15430.00    -5.7244
  15440.00    -5.8330
  15450.00    -6.0047
  15460.00    -6.4551
  15470.00    -5.7963
  15480.00    -6.1330
  15490.00    -6.1808
  15500.00    -5.9589
  15510.00    -5.7200
  15520.00    -6.3105
  15530.00    -5.9313
  15540.00    -6.2248
  15550.00    -5.8820
  15560.00    -6.2716
  15570.00    -5.9719
  15580.00    -5.7849
  15590.00    -6.0575
  15600.00    -5.6914
  15610.00    -5.6457
  15620.00    -6.0914
  15630.00    -5.7476
  15640.00    -5.9772
  15650.00    -5.6839
  15660.00    -6.0015
  15670.00    -6.2901
  15680.00    -5.7195
  15690.00    -6.4184
  15700.00    -6.2014
  15710.00    -5.4434
  15720.00    -5.7342
  15730.00    -6.0031
  15740.00    -6.0907
  15750.00    -6.1914
  15760.00    -5.9971
  15770.00    -6.1038
  15780.00    -6.3518
  15790.00    -5.8344
  15800.00    -5.9850
  15810.00    -5.6314
  15820.00    -5.6917
  15830.00    -6.2152
  15840.00    -5.8129
  15850.00    -5.6146
  15860.00    -5.4869
  15870.00    -5.8949
  15880.00    -5.8493
  15890.00    -5.2906
  15900.00    -6.1228
  15910.00    -5.3468
  15920.00    -5.8409
  15930.00    -5.9899
  15940.00    -6.0394
  15950.00    -5.6460
  15960.00    -6.0186
  15970.00    -6.4351
  15980.00    -6.3372
  15990.00    -5.7070
  16000.00    -6.3846
  16010.00    -5.9112
  16020.00    -5.6989
  16030.00    -6.0618
  16040.00    -5.9812
  16050.00    -5.8029
  16060.00    -5.7512
  16070.00    -5.9205
  16080.00    -6.0863
  16090.00    -5.7799
  16100.00    -5.9312
  16110.00    -5.9288
  16120.00    -5.5383
  16130.00    -6.6945
  16140.00    -5.6413
  16150.00    -5.9683
  16160.00    -5.4135
  16170.00    -6.0846
  16180.00    -5.9244
  16190.00    -6.4972
  16200.00    -5.9849
  16210.00    -6.2716
  16220.00    -6.1166
  16230.00    -5.8373
  16240.00    -5.8668
  16250.00    -5.8489
  16260.00    -5.6921
  16270.00    -5.9823
  16280.00    -5.6573
  16290.00    -6.4905
  16300.00    -6.1435
  16310.00    -5.6483
  16320.00    -5.7377
  16330.00    -6.3961
  16340.00    -6.2687
  16350.00    -6.2539
  16360.00    -6.2289
  16370.00    -6.5252
  16380.00    -6.2500
  16390.00    -5.6940
  16400.00    -6.1760
  16410.00    -6.0975
  16420.00    -5.9177
  16430.00    -6.1220
  16440.00    -6.0471
  16450.00    -5.6931
  16460.00    -5.7962
  16470.00    -5.8615
  16480.00    -6.0864
  16490.00    -5.6938
  16500.00    -6.0546
  16510.00    -5.7428
  16520.00    -6.0726
  16530.00    -6.3924
  16540.00    -6.4174
  16550.00    -5.9361
  16560.00    -6.0122
  16570.00    -6.1948
  16580.00    -5.5320
  16590.00    -5.6955
  16600.00    -5.9441
  16610.00    -5.7312
  16620.00    -6.2196
  16630.00    -5.7341
  16640.00    -5.5188
  16650.00    -6.2874
  16660.00    -5.8930
  16670.00    -6.1349
  16680.00    -5.9391
  16690.00    -5.6792
  16700.00    -6.1340
  16710.00    -6.1853
  16720.00    -6.1194
  16730.00    -5.5816
  16740.00    -6.2219
  16750.00    -5.8821
  16760.00    -5.8166
  16770.00    -6.6179
  16780.00    -5.5018
  16790.00    -6.0433
  16800.00    -5.8484
  16810.00    -5.6650
  16820.00    -6.3295
  16830.00    -6.3101
  16840.00    -6.4624
  16850.00    -5.9823
  16860.00    -5.6393
  16870.00    -6.1431
  16880.00    -6.0781
  16890.00    -6.1424
  16900.00    -6.6718
  16910.00    -6.1268
  16920.00    -5.9417
  16930.00    -6.2610
  16940.00    -5.8028
  16950.00    -5.6608
  16960.00    -6.3853
  16970.00    -6.0359
  16980.00    -6.3181
  16990.00    -6.5130
  17000.00    -6.0166
  17010.00    -6.3004
  17020.00    -5.5939
  17030.00    -6.0620
  17040.00    -5.9546
  17050.00    -6.3980
  17060.00    -6.3983
  17070.00    -6.1662
  17080.00    -6.6194
  17090.00    -6.1066
  17100.00    -6.1311
  17110.00    -5.6439
  17120.00    -5.8768
  17130.00    -5.4918
  17140.00    -6.2643
  17150.00    -6.1282
  17160.00    -5.6708
  17170.00    -6.1130
  17180.00    -5.7270
  17190.00    -5.8034
  17200.00    -5.4532
  17210.00    -6.4140
  17220.00    -6.3869
  17230.00    -5.7801
  17240.00    -5.6854
  17250.00    -6.3736
  17260.00    -6.4541
  17270.00    -6.5898
  17280.00    -6.1855
  17290.00    -6.2817
  17300.00    -6.2446
  17310.00    -6.0479
  17320.00    -5.5978
  17330.00    -5.8793
  17340.00    -5.7123
  17350.00    -5.7125
  17360.00    -5.7078
  17370.00    -5.8761
  17380.00    -5.5605
  17390.00    -5.8644
  17400.00    -6.0671
  17410.00    -6.5700
  17420.00    -5.8512
  17430.00    -6.2324
  17440.00    -5.7300
  17450.00    -6.1062
  17460.00    -5.8882
  17470.00    -6.0139
  17480.00    -5.6752
  17490.00    -5.9901
  17500.00    -5.8218
  17510.00    -5.6769
  17520.00    -5.8121
  17530.00    -6.0085
  17540.00    -6.0911
  17550.00    -6.1765
  17560.00    -6.3312
  17570.00    -6.4797
  17580.00    -6.2844
  17590.00    -6.2387
  17600.00    -5.7067
  17610.00    -5.4648
  17620.00    -5.3852
  17630.00    -6.1168
  17640.00    -5.8875
  17650.00    -6.2021
  17660.00    -6.1148
  17670.00    -6.0458
  17680.00    -5.7854
  17690.00    -5.6546
  17700.00    -6.0442
  17710.00    -5.6552
  17720.00    -5.9765
  17730.00    -5.8639
  17740.00    -5.9288
  17750.00    -5.4134
  17760.00    -6.0424
  17770.00    -6.0037
  17780.00    -6.0688
  17790.00    -6.0282
  17800.00    -5.6562
  17810.00    -5.8061
  17820.00    -5.9089
  17830.00    -5.4322
  17840.00    -5.9679
  17850.00    -6.0211
  17860.00    -6.1828
  17870.00    -5.7815
  17880.00    -6.1932
  17890.00    -5.7372
  17900.00    -6.1014
  17910.00    -5.9089
  17920.00    -6.1531
  17930.00    -5.9033
  17940.00    -6.3724
  17950.00    -6.5363
  17960.00    -6.1926
  17970.00    -6.1366
  17980.00    -5.3941
  17990.00    -5.8090
  18000.00    -5.8917
  18010.00    -6.0663
  18020.00    -5.6364
  18030.00    -5.7618
  18040.00    -6.2465
  18050.00    -6.3517
  18060.00    -5.4535
  18070.00    -6.4375
  18080.00    -6.1653
  18090.00    -6.2840
  18100.00    -5.5474
  18110.00    -5.6419
  18120.00    -5.9350
  18130.00    -5.8623
  18140.00    -6.3530
  18150.00    -6.2820
  18160.00    -5.3651
  18170.00    -6.0860
  18180.00    -5.5797
  18190.00    -5.6547
  18200.00    -6.0441
  18210.00    -6.4517
  18220.00    -5.9940
  18230.00    -5.8886
  18240.00    -6.5300
  18250.00    -5.8223
  18260.00    -5.5246
  18270.00    -6.0720
  18280.00    -5.6498
  18290.00    -5.3706
  18300.00    -5.3690
  18310.00    -5.7718
  18320.00    -5.8896
  18330.00    -6.0190
  18340.00    -5.4969
  18350.00    -5.7498
  18360.00    -5.3626
  18370.00    -5.9761
  18380.00    -6.1454
  18390.00    -6.3448
  18400.00    -6.4233
  18410.00    -5.9692
  18420.00    -6.0739
  18430.00    -6.2727
  18440.00    -5.8728
  18450.00    -5.8098
  18460.00    -5.9973
  18470.00    -5.9406
  18480.00    -6.0470
  18490.00    -5.6350
  18500.00    -5.6324
  18510.00    -5.9564
  18520.00    -5.9721
  18530.00    -6.1248
  18540.00    -5.7737
  18550.00    -5.8321
  18560.00    -6.1110
  18570.00    -5.6776
  18580.00    -6.0814
  18590.00    -6.4901
  18600.00    -5.6732
  18610.00    -5.7929
  18620.00    -5.8230
  18630.00    -6.2701
  18640.00    -6.1927
  18650.00    -6.2011
  18660.00    -5.9144
  18670.00    -6.0541
  18680.00    -6.0055
  18690.00    -6.0320
  18700.00    -6.0393
  18710.00    -5.8196
  18720.00    -5.9465
  18730.00    -5.5155
  18740.00    -5.6342
  18750.00    -5.8663
  18760.00    -5.8130
  18770.00    -6.1508
  18780.00    -5.8334
  18790.00    -6.4066
  18800.00    -5.5118
  18810.00    -5.8442
  18820.00    -6.0387
  18830.00    -6.5467
  18840.00    -6.0578
  18850.00    -5.8088
  18860.00    -6.3418
  18870.00    -6.0349
  18880.00    -5.6931
  18890.00    -6.2380
  18900.00    -5.9416
  18910.00    -5.9462
  18920.00    -5.4851
  18930.00    -6.7301
  18940.00    -5.8943
  18950.00    -6.0312
  18960.00    -5.9062
  18970.00    -5.8324
  18980.00    -5.8451
  18990.00    -6.2516
  19000.00    -6.0391
  19010.00    -5.9164
  19020.00    -5.8833
  19030.00    -6.0203
  19040.00    -6.6363
  19050.00    -5.3310
  19060.00    -6.0448
  19070.00    -6.0324
  19080.00    -6.1943
  19090.00    -5.9469
  19100.00    -5.4798
  19110.00    -5.7924
  19120.00    -5.8329
  19130.00    -5.9125
  19140.00    -6.6433
  19150.00    -5.9888
  19160.00    -5.8974
  19170.00    -5.5754
  19180.00    -5.6640
  19190.00    -6.5471
  19200.00    -5.9526
  19210.00    -5.5947
  19220.00    -5.5601
  19230.00    -5.6992
  19240.00    -5.9777
  19250.00    -5.8902
  19260.00    -6.0654
  19270.00    -6.0150
  19280.00    -6.1449
  19290.00    -5.6877
  19300.00    -5.7419
  19310.00    -5.9081
  19320.00    -6.4933
  19330.00    -6.3668
  19340.00    -6.1136
  19350.00    -6.1026
  19360.00    -5.6304
  19370.00    -6.3190
  19380.00    -6.1768
  19390.00    -6.4251
  19400.00    -6.1949
  19410.00    -6.0674
  19420.00    -6.3525
  19430.00    -6.3208
  19440.00    -6.1516
  19450.00    -5.8962
  19460.00    -5.9677
  19470.00    -6.5812
  19480.00    -5.9505
  19490.00    -6.1519
  19500.00    -6.4137
  19510.00    -6.0857
  19520.00    -6.0514
  19530.00    -6.3120
  19540.00    -6.1312
  19550.00    -6.2717
  19560.00    -6.1241
  19570.00    -5.8566
  19580.00    -5.8076
  19590.00    -6.2445
  19600.00    -5.7404
  19610.00    -6.2188
  19620.00    -5.8139
  19630.00    -5.8121
  19640.00    -5.3939
  19650.00    -6.0777
  19660.00    -5.8338
  19670.00    -6.1288
  19680.00    -5.8670
  19690.00    -5.9711
  19700.00    -6.1133
  19710.00    -5.9057
  19720.00    -5.5439
  19730.00    -5.8191
  19740.00    -6.0863
  19750.00    -5.9602
  19760.00    -5.7744
  19770.00    -5.9439
  19780.00    -5.6967
  19790.00    -5.6759
  19800.00    -5.6809
  19810.00    -5.8890
  19820.00    -6.2311
  19830.00    -5.2534
  19840.00    -6.1263
  19850.00    -5.6297
  19860.00    -5.1548
  19870.00    -6.0961
  19880.00    -5.4195
  19890.00    -6.1043
  19900.00    -6.1411
  19910.00    -6.7703
  19920.00    -6.0931
  19930.00    -5.8477
  19940.00    -6.4977
  19950.00    -5.3196
  19960.00    -5.8931
  19970.00    -5.4176
  19980.00    -5.8206
  19990.00    -6.2374
  20000.00    -6.0329
  20010.00    -5.4978
  20020.00    -5.5855
  20030.00    -6.2449
  20040.00    -5.4707
  20050.00    -6.0463
  20060.00    -5.3570
  20070.00    -5.6215
  20080.00    -6.2648
  20090.00    -6.1574
  20100.00    -5.4471
  20110.00    -6.3287
  20120.00    -6.2288
  20130.00    -5.5972
  20140.00    -5.6230
  20150.00    -5.9263
  20160.00    -5.8845
  20170.00    -5.9087
  20180.00    -6.5738
  20190.00    -6.3446
  20200.00    -5.7268
  20210.00    -6.2581
  20220.00    -6.0006
  20230.00    -6.0887
  20240.00    -5.6710
  20250.00    -5.9566
  20260.00    -5.9311
  20270.00    -6.0486
  20280.00    -5.9756
  20290.00    -5.9576
  20300.00    -6.4523
  20310.00    -5.8531
  20320.00    -6.0011
  20330.00    -5.9947
  20340.00    -6.0896
  20350.00    -6.4658
  20360.00    -6.1862
  20370.00    -6.3849
  20380.00    -5.8207
  20390.00    -5.9873
  20400.00    -6.5083
  20410.00    -5.9229
  20420.00    -6.4954
  20430.00    -5.7437
  20440.00    -5.8362
  20450.00    -6.0456
  20460.00    -5.7710
  20470.00    -5.8133
  20480.00    -6.2195
  20490.00    -6.4286
  20500.00    -5.9586
  20510.00    -5.6928
  20520.00    -5.8905
  20530.00    -5.6404
  20540.00    -6.4083
  20550.00    -5.7241
  20560.00    -5.4827
  20570.00    -5.5962
  20580.00    -5.9967
  20590.00    -6.1255
  20600.00    -5.9758
  20610.00    -5.9403
  20620.00    -5.9771
  20630.00    -5.9847
  20640.00    -5.3096
  20650.00    -6.1599
  20660.00    -6.1197
  20670.00    -5.5937
  20680.00    -6.4466
  20690.00    -5.7445
  20700.00    -5.9299
  20710.00    -6.4020
  20720.00    -5.7863
  20730.00    -5.8488
  20740.00    -5.8752
  20750.00    -5.7889
  20760.00    -5.9281
  20770.00    -6.2212
  20780.00    -5.9015
  20790.00    -6.2024
  20800.00    -6.0866
  20810.00    -5.9283
  20820.00    -6.4077
  20830.00    -6.0817
  20840.00    -5.8291
  20850.00    -6.4996
  20860.00    -5.9077
  20870.00    -6.3052
  20880.00    -5.9539
  20890.00    -5.8255
  20900.00    -6.1786
  20910.00    -5.5256
  20920.00    -6.3715
  20930.00    -5.6677
  20940.00    -6.0714
  20950.00    -5.8810
  20960.00    -6.1935
  20970.00    -6.4929
  20980.00    -6.0130
  20990.00    -5.7275
  21000.00    -5.7946
  21010.00    -5.5581
  21020.00    -6.3146
  21030.00    -5.7486
  21040.00    -5.7336
  21050.00    -6.2689
  21060.00    -5.5823
  21070.00    -6.1018
  21080.00    -6.3670
  21090.00    -5.8230
  21100.00    -6.2414
  21110.00    -6.1233
  21120.00    -5.8163
  21130.00    -5.4096
  21140.00    -6.1336
  21150.00    -6.1969
  21160.00    -6.3399
  21170.00    -6.0276
  21180.00    -6.5366
  21190.00    -6.3264
  21200.00    -5.3938
  21210.00    -5.8747
  21220.00    -5.9218
  21230.00    -5.9579
  21240.00    -5.9773
  21250.00    -6.1355
  21260.00    -6.0857
  21270.00    -6.3183
  21280.00    -5.9124
  21290.00    -6.2377
  21300.00    -6.3460
  21310.00    -5.8639
  21320.00    -6.1329
  21330.00    -5.4096
  21340.00    -5.7486
  21350.00    -5.8983
  21360.00    -5.8729
  21370.00    -6.5793
  21380.00    -6.3384
  21390.00    -6.1651
  21400.00    -5.5261
  21410.00    -5.8186
  21420.00    -5.9264
  21430.00    -5.7916
  21440.00    -5.8170
  21450.00    -5.9175
  21460.00    -5.6780
  21470.00    -5.6154
  21480.00    -5.8948
  21490.00    -6.0344
  21500.00    -5.6955
  21510.00    -5.4732
  21520.00    -5.8196
  21530.00    -5.8235
  21540.00    -6.2105
  21550.00    -5.5990
  21560.00    -6.2025
  21570.00    -5.5259
  21580.00    -6.5063
  21590.00    -6.4641
  21600.00    -5.7214
  21610.00    -6.2117
  21620.00    -5.8429
  21630.00    -5.4870
  21640.00    -6.2973
  21650.00    -5.7865
  21660.00    -5.7519
  21670.00    -6.2751
  21680.00    -6.2768
  21690.00    -5.9210
  21700.00    -6.0824
  21710.00    -6.0869
  21720.00    -6.1877
  21730.00    -5.8417
  21740.00    -6.3412
  21750.00    -5.7958
  21760.00    -5.9434
  21770.00    -5.6994
  21780.00    -6.0657
  21790.00    -6.2656
  21800.00    -6.0866
  21810.00    -6.7228
  21820.00    -6.0095
  21830.00    -5.7085
  21840.00    -5.8650
  21850.00    -6.0924
  21860.00    -6.1179
  21870.00    -5.4867
  21880.00    -5.3928
  21890.00    -6.2294
  21900.00    -5.9580
  21910.00    -6.1325
  21920.00    -6.4507
  21930.00    -5.8872
  21940.00    -5.6259
  21950.00    -6.2993
  21960.00    -6.6386
  21970.00    -5.9779
  21980.00    -5.6172
  21990.00    -6.2499
  22000.00    -6.0047
  22010.00    -5.8327
  22020.00    -6.3216
  22030.00    -5.7628
  22040.00    -6.5365
  22050.00    -6.2333
  22060.00    -6.0053
  22070.00    -5.7651
  22080.00    -5.7685
  22090.00    -5.9359
  22100.00    -6.0600
  22110.00    -5.8990
  22120.00    -5.5505
  22130.00    -5.8385
  22140.00    -6.2198
  22150.00    -5.8517
  22160.00    -5.9574
  22170.00    -6.1863
  22180.00    -5.7723
  22190.00    -5.8327
  22200.00    -6.5629
  22210.00    -6.4235
  22220.00    -5.7030
  22230.00    -6.3201
  22240.00    -5.8957
  22250.00    -6.3624
  22260.00    -6.0852
  22270.00    -5.5997
  22280.00    -6.0955
  22290.00    -5.5298
  22300.00    -6.1501
  22310.00    -5.9439
  22320.00    -5.6007
  22330.00    -6.0524
  22340.00    -6.3196
  22350.00    -6.0460
  22360.00    -5.7970
  22370.00    -5.0929
  22380.00    -5.5844
  22390.00    -6.3320
  22400.00    -6.4463
  22410.00    -6.1307
  22420.00    -5.9405
  22430.00    -5.8721
  22440.00    -5.7498
  22450.00    -6.2134
  22460.00    -6.1891
  22470.00    -5.8575
  22480.00    -6.4121
  22490.00    -6.2715
  22500.00    -5.7657
  22510.00    -6.1870
  22520.00    -5.6415
  22530.00    -5.4808
  22540.00    -5.6762
  22550.00    -6.0524
  22560.00    -5.8432
  22570.00    -5.9833
  22580.00    -5.5377
  22590.00    -5.8885
  22600.00    -6.3254
  22610.00    -5.9549
  22620.00    -5.7244
  22630.00    -6.0231
  22640.00    -6.0847
  22650.00    -5.9562
  22660.00    -6.0781
  22670.00    -5.8706
  22680.00    -5.7732
  22690.00    -5.7880
  22700.00    -5.9204
  22710.00    -6.0856
  22720.00    -5.7269
  22730.00    -5.8354
  22740.00    -5.3482
  22750.00    -5.5614
  22760.00    -6.0480
  22770.00    -5.9030
  22780.00    -6.0245
  22790.00    -5.8506
  22800.00    -6.1245
  22810.00    -6.1768
  22820.00    -5.7066
  22830.00    -5.8451
  22840.00    -5.3227
  22850.00    -6.0030
  22860.00    -5.8307
  22870.00    -5.6098
  22880.00    -6.0715
  22890.00    -6.3444
  22900.00    -6.0149
  22910.00    -5.8677
  22920.00    -5.8340
  22930.00    -5.8689
  22940.00    -6.0274
  22950.00    -6.1064
  22960.00    -5.7800
  22970.00    -6.0823
  22980.00    -5.6261
  22990.00    -6.1438
  23000.00    -5.9584
  23010.00    -5.6985
  23020.00    -5.6079
  23030.00    -5.9693
  23040.00    -5.5764
  23050.00    -5.8449
  23060.00    -6.2054
  23070.00    -5.7708
  23080.00    -6.5776
  23090.00    -5.9634
  23100.00    -6.3606
  23110.00    -6.3201
  23120.00    -5.9655
  23130.00    -5.8822
  23140.00    -5.8514
  23150.00    -6.0345
  23160.00    -5.5885
  23170.00    -5.8414
  23180.00    -6.1345
  23190.00    -6.1457
  23200.00    -6.2809
  23210.00    -6.3939
  23220.00    -6.1814
  23230.00    -5.7495
  23240.00    -5.9997
  23250.00    -5.3324
  23260.00    -6.2091
  23270.00    -6.0421
  23280.00    -5.8440
  23290.00    -5.8003
  23300.00    -5.9542
  23310.00    -6.1304
  23320.00    -5.2546
  23330.00    -5.5747
  23340.00    -6.1167
  23350.00    -5.9602
  23360.00    -6.2347
  23370.00    -6.0021
  23380.00    -5.9717
  23390.00    -6.0181
  23400.00    -6.0853
  23410.00    -5.7219
  23420.00    -6.5369
  23430.00    -5.7784
  23440.00    -6.4968
  23450.00    -5.9896
  23460.00    -5.7531
  23470.00    -5.4793
  23480.00    -5.8260
  23490.00    -6.0352
  23500.00    -5.8491
  23510.00    -5.8699
  23520.00    -6.1940
  23530.00    -5.9084
  23540.00    -6.0123
  23550.00    -5.9741
  23560.00    -6.1162
  23570.00    -6.3551
  23580.00    -5.6248
  23590.00    -6.2102
  23600.00    -6.3272
  23610.00    -5.7143
  23620.00    -6.0499
  23630.00    -5.6917
  23640.00    -5.9195
  23650.00    -6.3275
  23660.00    -5.6941
  23670.00    -6.0859
  23680.00    -6.2220
  23690.00    -6.0613
  23700.00    -5.7975
  23710.00    -5.7742
  23720.00    -6.3089
  23730.00    -6.2986
  23740.00    -6.1848
  23750.00    -5.4933
  23760.00    -6.2512
  23770.00    -6.1951
  23780.00    -6.2192
  23790.00    -5.8673
  23800.00    -6.3444
  23810.00    -6.1306
  23820.00    -6.3108
  23830.00    -5.5004
  23840.00    -5.4126
  23850.00    -6.8371
  23860.00    -6.2510
  23870.00    -6.2467
  23880.00    -5.8777
  23890.00    -6.0656
  23900.00    -5.9923
  23910.00    -5.7794
  23920.00    -6.0499
  23930.00    -5.5589
  23940.00    -5.9911
  23950.00    -6.5578
  23960.00    -5.7963
  23970.00    -5.6670
  23980.00    -5.9210
  23990.00    -6.1562
  24000.00    -6.1875
  24010.00    -6.0168
  24020.00    -5.7541
  24030.00    -6.2524
  24040.00    -5.8290
  24050.00    -6.3508
  24060.00    -6.4767
  24070.00    -6.7361
  24080.00    -5.5384
  24090.00    -5.9778
  24100.00    -6.2295
  24110.00    -6.3473
  24120.00    -5.8640
  24130.00    -5.6593
  24140.00    -5.8264
  24150.00    -5.6025
  24160.00    -5.6417
  24170.00    -5.3291
  24180.00    -6.1995
  24190.00    -6.2154
  24200.00    -6.2662
  24210.00    -5.4715
  24220.00    -5.9008
  24230.00    -5.5311
  24240.00    -6.2270
  24250.00    -6.1103
  24260.00    -6.1765
  24270.00    -5.8355
  24280.00    -5.8452
  24290.00    -6.1288
  24300.00    -5.7377
  24310.00    -5.7272
  24320.00    -6.3304
  24330.00    -5.6313
  24340.00    -5.1714
  24350.00    -6.4886
  24360.00    -5.9937
  24370.00    -5.7502
  24380.00    -5.8904
  24390.00    -5.8337
  24400.00    -5.8997
  24410.00    -6.2070
  24420.00    -5.7998
  24430.00    -6.2373
  24440.00    -6.1155
  24450.00    -6.0169
  24460.00    -6.1050
  24470.00    -6.1945
  24480.00    -5.9916
  24490.00    -5.4073
  24500.00    -5.7842
  24510.00    -5.8430
  24520.00    -5.7509
  24530.00    -6.6041
  24540.00    -5.9464
  24550.00    -6.1904
  24560.00    -5.6916
  24570.00    -6.2698
  24580.00    -5.9833
  24590.00    -5.7859
  24600.00    -5.9374
  24610.00    -6.2759
  24620.00    -6.3309
  24630.00    -5.7223
  24640.00    -5.6670
  24650.00    -5.6759
  24660.00    -5.6898
  24670.00    -5.9520
  24680.00    -6.2359
  24690.00    -5.9310
  24700.00    -6.2272
  24710.00    -5.6695
  24720.00    -6.2402
  24730.00    -5.6897
  24740.00    -6.3721
  24750.00    -6.1814
  24760.00    -6.2996
  24770.00    -5.7215
  24780.00    -5.7955
  24790.00    -6.1503
  24800.00    -5.9584
  24810.00    -6.0501
  24820.00    -6.0120
  24830.00    -5.5020
  24840.00    -5.8034
  24850.00    -5.8085
  24860.00    -6.2071
  24870.00    -6.3970
  24880.00    -6.0445
  24890.00    -6.1315
  24900.00    -6.3716
  24910.00    -6.0318
  24920.00    -5.8444
  24930.00    -5.5716
  24940.00    -6.7450
  24950.00    -6.5280
  24960.00    -5.9870
  24970.00    -5.8214
  24980.00    -6.0033
  24990.00    -6.3918
  25000.00    -5.9851
  25010.00    -6.4863
  25020.00    -6.3263
  25030.00    -6.0157
  25040.00    -5.7363
  25050.00    -6.1955
  25060.00    -6.2890
  25070.00    -6.1692
  25080.00    -6.1829
  25090.00    -6.0599
  25100.00    -5.9634
  25110.00    -5.6689
  25120.00    -6.1157
  25130.00    -5.4096
  25140.00    -5.9103
  25150.00    -5.5841
  25160.00    -5.7129
  25170.00    -6.7383
  25180.00    -5.7764
  25190.00    -6.1909
  25200.00    -6.3527
  25210.00    -6.0193
  25220.00    -5.9021
  25230.00    -5.8487
  25240.00    -6.0439
  25250.00    -5.7084
  25260.00    -6.2454
  25270.00    -6.2436
  25280.00    -6.4715
  25290.00    -6.8072
  25300.00    -6.3649
  25310.00    -6.0609
  25320.00    -5.5903
  25330.00    -5.9139
  25340.00    -6.2188
  25350.00    -6.1643
  25360.00    -6.4298
  25370.00    -6.1785
  25380.00    -6.1437
  25390.00    -5.8821
  25400.00    -5.9797
  25410.00    -6.3712
  25420.00    -6.0542
  25430.00    -5.3528
  25440.00    -5.4803
  25450.00    -5.7089
  25460.00    -6.2920
  25470.00    -5.9960
  25480.00    -6.0999
  25490.00    -6.0698
  25500.00    -6.0822
  25510.00    -5.9936
  25520.00    -5.5180
  25530.00    -5.6027
  25540.00    -6.1307
  25550.00    -5.5934
  25560.00    -5.8743
  25570.00    -6.3307
  25580.00    -6.1795
  25590.00    -5.9483
  25600.00    -5.8043
  25610.00    -6.1258
  25620.00    -5.8763
  25630.00    -5.7520
  25640.00    -6.0875
  25650.00    -6.4161
  25660.00    -6.2271
  25670.00    -6.5924
  25680.00    -6.0960
  25690.00    -5.7912
  25700.00    -6.7126
  25710.00    -5.6123
  25720.00    -6.4658
  25730.00    -5.8753
  25740.00    -5.7163
  25750.00    -6.1316
  25760.00    -6.0509
  25770.00    -6.1243
  25780.00    -6.1897
  25790.00    -5.6941
  25800.00    -5.7343
  25810.00    -6.0245
  25820.00    -5.8768
  25830.00    -6.2403
  25840.00    -5.7865
  25850.00    -6.2085
  25860.00    -5.8876
  25870.00    -5.6135
  25880.00    -5.8302
  25890.00    -5.5872
  25900.00    -6.2122
  25910.00    -6.4783
  25920.00    -6.4721
  25930.00    -5.3710
  25940.00    -5.9046
  25950.00    -6.1107
  25960.00    -6.0644
  25970.00    -6.2610
  25980.00    -5.8799
  25990.00    -6.1763
  26000.00    -6.2583
  26010.00    -6.2752
  26020.00    -6.5747
  26030.00    -6.1027
  26040.00    -5.9589
  26050.00    -5.9159
  26060.00    -5.7419
  26070.00    -6.0840
  26080.00    -6.2525
  26090.00    -6.2151
  26100.00    -5.6164
  26110.00    -6.3896
  26120.00    -6.1222
  26130.00    -5.7069
  26140.00    -5.7541
  26150.00    -6.3185
  26160.00    -5.8464
  26170.00    -6.1955
  26180.00    -5.8312
  26190.00    -6.0016
  26200.00    -5.8768
  26210.00    -5.9472
  26220.00    -6.1886
  26230.00    -6.1078
  26240.00    -5.8619
  26250.00    -6.3025
  26260.00    -5.9437
  26270.00    -5.8546
  26280.00    -5.8877
  26290.00    -5.6138
  26300.00    -6.2329
  26310.00    -6.1450
  26320.00    -6.3950
  26330.00    -5.7181
  26340.00    -5.7485
  26350.00    -6.2119
  26360.00    -5.8995
  26370.00    -6.4380
  26380.00    -5.9666
  26390.00    -6.1972
  26400.00    -5.9980
  26410.00    -5.7139
  26420.00    -6.0428
  26430.00    -5.7078
  26440.00    -5.9917
  26450.00    -6.1010
  26460.00    -5.8027
  26470.00    -6.2485
  26480.00    -6.3721
  26490.00    -5.9316
  26500.00    -5.5635
  26510.00    -6.4718
  26520.00    -6.5873
  26530.00    -6.3999
  26540.00    -5.9401
  26550.00    -5.9325
  26560.00    -6.1046
  26570.00    -5.5508
  26580.00    -6.1978
  26590.00    -6.2007
  26600.00    -6.1995
  26610.00    -5.9203
  26620.00    -5.8623
  26630.00    -5.5584
  26640.00    -6.0420
  26650.00    -6.4480
  26660.00    -6.3243
  26670.00    -5.7514
  26680.00    -6.0202
  26690.00    -6.4141
  26700.00    -5.8825
  26710.00    -5.9578
  26720.00    -5.9037
  26730.00    -6.0649
  26740.00    -5.8716
  26750.00    -5.8555
  26760.00    -6.0414
  26770.00    -6.0816
  26780.00    -5.8242
  26790.00    -5.9240
  26800.00    -5.7868
  26810.00    -6.4415
  26820.00    -6.5110
  26830.00    -6.2563
  26840.00    -6.2498
  26850.00    -5.7104
  26860.00    -5.9207
  26870.00    -6.3666
  26880.00    -6.1606
  26890.00    -5.9114
  26900.00    -5.9463
  26910.00    -5.9526
  26920.00    -6.5134
  26930.00    -5.7539
  26940.00    -6.6534
  26950.00    -6.0745
  26960.00    -5.7753
  26970.00    -5.9503
  26980.00    -6.3965
  26990.00    -5.9781
  27000.00    -6.3258
  27010.00    -5.9270
  27020.00    -6.3464
  27030.00    -6.2725
  27040.00    -6.3458
  27050.00    -5.9848
  27060.00    -6.6195
  27070.00    -5.8078
  27080.00    -6.2966
  27090.00    -6.3491
  27100.00    -6.0227
  27110.00    -6.2375
  27120.00    -5.6693
  27130.00    -6.2215
  27140.00    -5.7760
  27150.00    -6.2728
  27160.00    -5.5532
  27170.00    -6.2759
  27180.00    -5.3129
  27190.00    -5.6976
  27200.00    -6.1196
  27210.00    -6.3377
  27220.00    -5.9009
  27230.00    -5.7746
  27240.00    -6.1728
  27250.00    -6.0766
  27260.00    -6.0199
  27270.00    -5.7622
  27280.00    -5.6976
  27290.00    -6.4479
  27300.00    -5.8674
  27310.00    -5.9255
  27320.00    -6.0067
  27330.00    -6.3970
  27340.00    -6.3308
  27350.00    -6.6327
  27360.00    -5.8925
  27370.00    -5.9902
  27380.00    -5.9228
  27390.00    -5.6736
  27400.00    -6.4991
  27410.00    -5.9869
  27420.00    -5.7761
  27430.00    -6.5824
  27440.00    -6.0949
  27450.00    -6.0125
  27460.00    -6.3306
  27470.00    -6.2174
  27480.00    -5.6036
  27490.00    -5.8067
  27500.00    -6.3003
  27510.00    -6.0964
  27520.00    -6.0777
  27530.00    -5.9133
  27540.00    -5.6267
  27550.00    -6.6731
  27560.00    -6.2952
  27570.00    -5.9851
  27580.00    -5.8117
  27590.00    -6.5715
  27600.00    -6.2136
  27610.00    -5.7818
  27620.00    -5.7983
  27630.00    -5.5895
  27640.00    -6.1508
  27650.00    -5.9876
  27660.00    -6.5112
  27670.00    -6.2749
  27680.00    -6.0641
  27690.00    -6.4560
  27700.00    -5.9111
  27710.00    -5.6763
  27720.00    -5.9494
  27730.00    -5.7084
  27740.00    -6.0408
  27750.00    -6.0361
  27760.00    -6.2858
  27770.00    -6.3327
  27780.00    -5.8084
  27790.00    -5.2451
  27800.00    -5.3778
  27810.00    -5.6971
  27820.00    -6.3399
  27830.00    -5.8941
  27840.00    -6.2370
  27850.00    -5.7493
  27860.00    -6.0064
  27870.00    -6.2753
  27880.00    -6.3454
  27890.00    -6.1396
  27900.00    -5.5200
  27910.00    -6.1636
  27920.00    -6.1081
  27930.00    -6.4374
  27940.00    -6.3166
  27950.00    -6.4491
  27960.00    -6.2025
  27970.00    -6.2519
  27980.00    -5.8376
  27990.00    -6.3908
  28000.00    -5.8295
  28010.00    -5.9897
  28020.00    -5.8756
  28030.00    -6.1326
  28040.00    -6.0130
  28050.00    -5.9300
  28060.00    -5.8881
  28070.00    -6.0837
  28080.00    -5.9298
  28090.00    -6.2661
  28100.00    -5.7934
  28110.00    -5.8742
  28120.00    -6.0269
  28130.00    -5.9806
  28140.00    -5.7752
  28150.00    -5.7632
  28160.00    -5.8729
  28170.00    -6.1354
  28180.00    -5.8423
  28190.00    -6.4195
  28200.00    -6.5974
  28210.00    -6.1117
  28220.00    -6.4201
  28230.00    -6.1335
  28240.00    -6.1422
  28250.00    -5.9557
  28260.00    -6.1203
  28270.00    -5.5639
  28280.00    -5.8184
  28290.00    -6.2932
  28300.00    -5.9537
  28310.00    -5.7635
  28320.00    -5.9659
  28330.00    -5.8849
  28340.00    -5.9237
  28350.00    -6.3427
  28360.00    -6.5310
  28370.00    -5.4063
  28380.00    -6.0987
  28390.00    -5.9429
  28400.00    -5.8586
  28410.00    -5.5683
  28420.00    -6.0589
  28430.00    -6.0855
  28440.00    -5.9396
  28450.00    -5.7984
  28460.00    -5.7732
  28470.00    -5.9297
  28480.00    -5.1876
  28490.00    -5.9987
  28500.00    -5.8098
  28510.00    -5.9384
  28520.00    -6.0891
  28530.00    -5.8693
  28540.00    -6.0739
  28550.00    -6.1489
  28560.00    -5.9223
  28570.00    -5.7472
  28580.00    -6.5118
  28590.00    -6.1955
  28600.00    -6.1206
  28610.00    -6.4977
  28620.00    -6.0236
  28630.00    -6.3231
  28640.00    -6.4715
  28650.00    -5.8921
  28660.00    -5.9411
  28670.00    -6.4178
  28680.00    -6.2857
  28690.00    -6.2060
  28700.00    -6.3607
  28710.00    -6.1191
  28720.00    -5.8266
  28730.00    -5.6318
  28740.00    -5.6351
  28750.00    -5.4045
  28760.00    -5.5849
  28770.00    -5.6105
  28780.00    -5.7315
  28790.00    -5.7188
  28800.00    -5.7761
  28810.00    -5.9124
  28820.00    -6.0297
  28830.00    -5.7138
  28840.00    -6.1328
  28850.00    -5.9423
  28860.00    -5.7569
  28870.00    -6.4951
  28880.00    -6.1548
  28890.00    -5.6913
  28900.00    -5.4592
  28910.00    -5.9061
  28920.00    -5.5435
  28930.00    -6.0807
  28940.00    -5.9336
  28950.00    -5.9494
  28960.00    -6.1739
  28970.00    -5.5044
  28980.00    -5.5067
  28990.00    -6.2005
  29000.00    -6.0660
  29010.00    -5.8555
  29020.00    -5.8769
  29030.00    -6.3331
  29040.00    -5.5608
  29050.00    -5.9728
  29060.00    -6.2686
  29070.00    -5.3544
  29080.00    -6.0062
  29090.00    -6.2142
  29100.00    -5.9957
  29110.00    -6.1311
  29120.00    -5.5696
  29130.00    -6.0810
  29140.00    -6.0440
  29150.00    -5.8650
  29160.00    -6.1446
  29170.00    -5.9648
  29180.00    -5.4341
  29190.00    -6.0309
  29200.00    -5.5193
  29210.00    -6.1103
  29220.00    -6.0297
  29230.00    -5.7710
  29240.00    -5.7467
  29250.00    -5.8249
  29260.00    -6.5211
  29270.00    -5.7750
  29280.00    -5.6368
  29290.00    -5.7044
  29300.00    -6.5705
  29310.00    -5.8365
  29320.00    -6.2234
  29330.00    -6.0563
  29340.00    -6.0534
  29350.00    -5.9029
  29360.00    -6.4034
  29370.00    -6.1531
  29380.00    -6.2812
  29390.00    -5.9048
  29400.00    -6.2386
  29410.00    -5.8948
  29420.00    -6.0513
  29430.00    -5.9384
  29440.00    -5.8401
  29450.00    -6.3392
  29460.00    -5.9127
  29470.00    -6.6206
  29480.00    -6.3264
  29490.00    -5.9164
  29500.00    -5.9914
  29510.00    -6.1931
  29520.00    -5.2255
  29530.00    -6.0676
  29540.00    -6.2613
  29550.00    -6.0322
  29560.00    -6.1729
  29570.00    -5.9844
  29580.00    -5.8060
  29590.00    -5.7177
  29600.00    -6.2502
  29610.00    -5.2071
  29620.00    -6.4407
  29630.00    -5.8098
  29640.00    -6.1960
  29650.00    -6.2004
  29660.00    -5.9120
  29670.00    -6.1931
  29680.00    -6.1609
  29690.00    -5.8146
  29700.00    -5.3023
  29710.00    -5.9350
  29720.00    -5.7726
  29730.00    -6.0839
  29740.00    -6.3574
  29750.00    -6.0029
  29760.00    -5.9192
  29770.00    -5.7330
  29780.00    -6.1347
  29790.00    -5.8722
  29800.00    -5.9804
  29810.00    -5.8263
  29820.00    -5.9451
  29830.00    -6.3910
  29840.00    -6.5988
  29850.00    -6.1071
  29860.00    -6.1203
  29870.00    -6.1947
  29880.00    -5.5534
  29890.00    -6.4161
  29900.00    -6.4606
  29910.00    -6.3018
  29920.00    -5.7872
  29930.00    -5.8291
  29940.00    -6.3413
  29950.00    -5.9436
  29960.00    -6.6271
  29970.00    -6.2790
  29980.00    -6.2286
  29990.00    -5.7553
  30000.00    -5.7284
  30010.00    -5.7378
  30020.00    -5.8431
  30030.00    -5.7951
  30040.00    -6.4351
  30050.00    -6.1220
  30060.00    -5.9271
  30070.00    -5.5045
  30080.00    -5.4118
  30090.00    -5.7603
  30100.00    -5.6249
  30110.00    -6.0661
  30120.00    -6.1553
  30130.00    -5.8124
  30140.00    -5.6280
  30150.00    -6.3660
  30160.00    -5.8971
  30170.00    -5.6196
  30180.00    -5.8132
  30190.00    -5.8371
  30200.00    -5.8534
  30210.00    -5.8453
  30220.00    -6.3746
  30230.00    -5.9783
  30240.00    -5.9688
  30250.00    -6.1817
  30260.00    -6.3342
  30270.00    -6.1248
  30280.00    -5.9868
  30290.00    -6.2846
  30300.00    -5.9349
  30310.00    -5.8602
  30320.00    -5.6488
  30330.00    -5.6910
  30340.00    -6.2952
  30350.00    -6.6763
  30360.00    -5.8998
  30370.00    -6.4327
  30380.00    -5.5082
  30390.00    -6.4708
  30400.00    -6.0807
  30410.00    -5.8163
  30420.00    -5.7991
  30430.00    -5.9013
  30440.00    -6.1713
  30450.00    -6.4080
  30460.00    -5.7284
  30470.00    -6.1087
  30480.00    -5.7882
  30490.00    -6.1047
  30500.00    -6.0330
  30510.00    -6.1138
  30520.00    -5.9652
  30530.00    -5.8156
  30540.00    -5.9506
  30550.00    -6.1255
  30560.00    -5.9380
  30570.00    -5.7028
  30580.00    -5.4830
  30590.00    -6.3053
  30600.00    -5.6487
  30610.00    -5.3242
  30620.00    -5.7288
  30630.00    -5.9792
  30640.00    -6.2423
  30650.00    -5.4947
  30660.00    -6.1464
  30670.00    -5.3582
  30680.00    -5.9814
  30690.00    -5.7029
  30700.00    -5.8409
  30710.00    -5.7609
  30720.00    -6.0522
  30730.00    -5.8378
  30740.00    -5.5216
  30750.00    -5.8702
  30760.00    -6.1488
  30770.00    -5.6516
  30780.00    -5.5579
  30790.00    -6.0319
  30800.00    -5.6796
  30810.00    -5.7750
  30820.00    -5.6562
  30830.00    -6.2142
  30840.00    -5.5133
  30850.00    -6.3713
  30860.00    -6.2809
  30870.00    -5.7738
  30880.00    -5.9072
  30890.00    -6.0506
  30900.00    -5.9237
  30910.00    -6.0913
  30920.00    -6.3644
  30930.00    -6.2261
  30940.00    -5.6354
  30950.00    -5.9027
  30960.00    -5.9780
  30970.00    -6.1172
  30980.00    -5.6289
  30990.00    -5.9285
  31000.00    -6.8031
  31010.00    -5.7142
  31020.00    -5.8597
  31030.00    -6.8299
  31040.00    -6.0107
  31050.00    -6.0631
  31060.00    -5.8592
  31070.00    -6.1993
  31080.00    -6.0384
  31090.00    -6.2075
  31100.00    -6.5012
  31110.00    -5.3794
  31120.00    -6.2334
  31130.00    -5.6344
  31140.00    -6.4055
  31150.00    -5.8225
  31160.00    -6.0692
  31170.00    -6.0959
  31180.00    -6.0943
  31190.00    -6.0966
  31200.00    -5.7112
  31210.00    -5.5413
  31220.00    -6.0067
  31230.00    -6.1362
  31240.00    -5.9517
  31250.00    -6.0419
  31260.00    -5.9968
  31270.00    -5.6817
  31280.00    -6.2556
  31290.00    -6.6248
  31300.00    -6.0181
  31310.00    -6.3038
  31320.00    -5.9401
  31330.00    -6.0619
  31340.00    -6.1304
  31350.00    -5.8517
  31360.00    -5.7573
  31370.00    -5.9522
  31380.00    -6.1181
  31390.00    -5.8354
  31400.00    -5.7747
  31410.00    -5.9104
  31420.00    -6.3360
  31430.00    -6.0598
  31440.00    -6.0497
  31450.00    -6.5174
  31460.00    -5.9644
  31470.00    -5.8808
  31480.00    -6.2039
  31490.00    -5.9763
  31500.00    -5.9879
  31510.00    -5.6098
  31520.00    -5.9999
  31530.00    -6.2051
  31540.00    -6.1731
  31550.00    -5.9053
  31560.00    -6.1437
  31570.00    -5.8550
  31580.00    -6.1879
  31590.00    -5.7746
  31600.00    -6.7877
  31610.00    -6.1855
  31620.00    -5.3527
  31630.00    -5.6910
  31640.00    -5.5243
  31650.00    -6.2368
  31660.00    -5.6603
  31670.00    -6.0042
  31680.00    -6.0189
  31690.00    -5.6501
  31700.00    -6.1588
  31710.00    -6.2124
  31720.00    -5.4958
  31730.00    -6.2861
  31740.00    -5.6281
  31750.00    -5.9466
  31760.00    -5.5031
  31770.00    -5.7645
  31780.00    -5.9427
  31790.00    -5.7276
  31800.00    -5.6844
  31810.00    -6.0427
  31820.00    -6.0128
  31830.00    -5.1328
  31840.00    -5.5660
  31850.00    -5.1986
  31860.00    -6.2218
  31870.00    -6.0226
  31880.00    -5.9462
  31890.00    -5.6532
  31900.00    -6.0556
  31910.00    -5.6463
  31920.00    -6.1753
  31930.00    -6.1639
  31940.00    -5.7739
  31950.00    -6.0911
  31960.00    -5.5259
  31970.00    -6.1207
  31980.00    -6.5723
  31990.00    -5.9855
  32000.00    -5.3122
  32010.00    -5.8841
  32020.00    -5.7480
  32030.00    -6.0007
  32040.00    -5.8386
  32050.00    -6.2842
  32060.00    -5.4388
  32070.00    -6.1107
  32080.00    -6.2243
  32090.00    -6.3547
  32100.00    -6.2623
  32110.00    -6.0254
  32120.00    -5.7607
  32130.00    -5.8992
  32140.00    -5.9621
  32150.00    -6.1795
  32160.00    -6.2445
  32170.00    -6.0718
  32180.00    -6.3073
  32190.00    -6.1702
  32200.00    -5.7058
  32210.00    -5.5837
  32220.00    -6.1901
  32230.00    -5.5101
  32240.00    -5.6961
  32250.00    -6.0750
  32260.00    -5.8850
  32270.00    -6.4697
  32280.00    -6.0816
  32290.00    -5.9866
  32300.00    -6.1584
  32310.00    -5.9157
  32320.00    -6.4323
  32330.00    -5.7237
  32340.00    -5.8274
  32350.00    -6.2548
  32360.00    -5.9568
  32370.00    -6.2638
  32380.00    -6.2270
  32390.00    -6.5941
  32400.00    -5.5688
  32410.00    -6.1197
  32420.00    -5.3929
  32430.00    -5.6802
  32440.00    -5.7443
  32450.00    -5.7388
  32460.00    -6.0870
  32470.00    -6.4893
  32480.00    -6.3379
  32490.00    -6.0335
  32500.00    -5.9780
  32510.00    -6.2391
  32520.00    -5.7728
  32530.00    -5.8659
  32540.00    -6.0460
  32550.00    -6.2620
  32560.00    -6.0745
  32570.00    -6.2257
  32580.00    -6.0721
  32590.00    -6.5978
  32600.00    -6.0963
  32610.00    -5.6768
  32620.00    -5.8205
  32630.00    -5.8618
  32640.00    -5.5499
  32650.00    -5.9674
  32660.00    -6.5044
  32670.00    -5.7776
  32680.00    -6.4018
  32690.00    -6.1098
  32700.00    -6.5861
  32710.00    -5.9744
  32720.00    -6.0212
  32730.00    -5.6030
  32740.00    -5.6181
  32750.00    -6.1563
  32760.00    -5.8864
  32770.00    -5.9302
  32780.00    -6.0783
  32790.00    -5.7876
  32800.00    -5.7816
  32810.00    -5.8731
  32820.00    -5.7652
  32830.00    -5.9389
  32840.00    -6.4827
  32850.00    -6.1533
  32860.00    -6.0262
  32870.00    -6.0391
  32880.00    -5.5368
  32890.00    -5.9356
  32900.00    -6.3753
  32910.00    -6.1180
  32920.00    -5.8725
  32930.00    -5.8064
  32940.00    -6.5389
  32950.00    -6.2488
  32960.00    -5.5439
  32970.00    -5.8160
  32980.00    -6.2983
  32990.00    -6.2267
  33000.00    -5.8376
  33010.00    -6.0361
  33020.00    -6.1999
  33030.00    -6.0059
  33040.00    -5.9280
  33050.00    -5.7410
  33060.00    -5.9155
  33070.00    -6.2655
  33080.00    -5.6147
  33090.00    -5.9191
  33100.00    -5.6890
  33110.00    -5.6609
  33120.00    -5.9684
  33130.00    -6.1542
  33140.00    -6.2571
  33150.00    -5.6861
  33160.00    -5.6965
  33170.00    -6.0268
  33180.00    -5.5131
  33190.00    -5.8741
  33200.00    -5.4548
  33210.00    -5.6180
  33220.00    -5.8847
  33230.00    -5.9307
  33240.00    -6.2195
  33250.00    -5.7276
  33260.00    -6.2685
  33270.00    -6.1094
  33280.00    -5.8791
  33290.00    -5.6045
  33300.00    -6.0335
  33310.00    -6.2058
  33320.00    -5.8850
  33330.00    -6.2935
  33340.00    -6.1792
  33350.00    -6.0085
  33360.00    -5.7951
  33370.00    -5.8269
  33380.00    -5.9225
  33390.00    -5.8845
  33400.00    -5.8419
  33410.00    -5.6733
  33420.00    -5.9377
  33430.00    -5.7114
  33440.00    -6.2646
  33450.00    -6.0636
  33460.00    -6.1991
  33470.00    -6.0038
  33480.00    -6.1838
  33490.00    -6.6230
  33500.00    -6.2504
  33510.00    -5.9810
  33520.00    -6.3212
  33530.00    -6.0964
  33540.00    -5.7193
  33550.00    -6.2946
  33560.00    -6.0880
  33570.00    -5.9131
  33580.00    -6.4095
  33590.00    -5.7907
  33600.00    -6.0555
  33610.00    -5.9945
  33620.00    -6.1265
  33630.00    -6.3942
  33640.00    -6.8083
  33650.00    -6.3694
  33660.00    -5.7806
  33670.00    -6.0182
  33680.00    -5.4652
  33690.00    -6.4726
  33700.00    -5.6668
  33710.00    -6.1067
  33720.00    -6.2403
  33730.00    -5.8074
  33740.00    -6.4146
  33750.00    -5.6920
  33760.00    -6.3490
  33770.00    -5.9729
  33780.00    -5.9479
  33790.00    -6.1402
  33800.00    -7.0069
  33810.00    -6.1437
  33820.00    -5.9971
  33830.00    -6.2620
  33840.00    -5.9260
  33850.00    -6.3194
  33860.00    -6.3120
  33870.00    -6.1360
  33880.00    -5.8008
  33890.00    -5.4328
  33900.00    -5.7386
  33910.00    -5.8988
  33920.00    -5.5983
  33930.00    -5.4800
  33940.00    -5.7500
  33950.00    -5.7836
  33960.00    -6.3632
  33970.00    -6.7529
  33980.00    -5.8975
  33990.00    -5.9610
  34000.00    -5.6687
  34010.00    -5.5246
  34020.00    -6.1637
  34030.00    -5.7733
  34040.00    -6.0401
  34050.00    -5.8752
  34060.00    -6.4362
  34070.00    -6.2873
  34080.00    -6.0973
  34090.00    -5.8212
  34100.00    -5.5977
  34110.00    -5.0759
  34120.00    -5.4906
  34130.00    -5.9149
  34140.00    -5.9415
  34150.00    -6.2436
  34160.00    -5.7544
  34170.00    -5.9142
  34180.00    -6.3325
  34190.00    -5.9990
  34200.00    -5.7757
  34210.00    -6.2321
  34220.00    -5.7536
  34230.00    -6.1819
  34240.00    -5.6626
  34250.00    -5.6912
  34260.00    -5.8696
  34270.00    -6.2744
  34280.00    -6.0049
  34290.00    -6.3146
  34300.00    -6.1607
  34310.00    -5.5637
  34320.00    -6.2855
  34330.00    -6.0553
  34340.00    -6.2255
  34350.00    -6.0540
  34360.00    -6.2339
  34370.00    -6.3249
  34380.00    -5.9685
  34390.00    -5.9557
  34400.00    -6.2092
  34410.00    -5.8317
  34420.00    -5.9870
  34430.00    -5.6479
  34440.00    -6.3868
  34450.00    -6.0928
  34460.00    -5.9874
  34470.00    -6.1233
  34480.00    -5.8962
  34490.00    -6.0859
  34500.00    -6.0090
  34510.00    -5.7324
  34520.00    -5.7605
  34530.00    -5.8845
  34540.00    -5.7910
  34550.00    -6.2826
  34560.00    -5.5004
  34570.00    -6.5913
  34580.00    -5.8993
  34590.00    -5.7696
  34600.00    -5.5807
  34610.00    -5.9352
  34620.00    -6.0905
  34630.00    -5.5216
  34640.00    -6.0620
  34650.00    -6.1232
  34660.00    -5.7254
  34670.00    -5.6316
  34680.00    -6.4016
  34690.00    -6.3012
  34700.00    -6.5897
  34710.00    -6.2360
  34720.00    -5.3788
  34730.00    -5.9199
  34740.00    -5.7201
  34750.00    -5.8332
  34760.00    -5.9141
  34770.00    -5.6838
  34780.00    -6.1607
  34790.00    -6.0883
  34800.00    -5.8831
  34810.00    -6.1380
  34820.00    -5.4808
  34830.00    -5.8016
  34840.00    -5.8517
  34850.00    -5.8151
  34860.00    -5.7462
  34870.00    -5.7045
  34880.00    -5.5219
  34890.00    -5.5412
  34900.00    -5.6652
  34910.00    -6.1655
  34920.00    -5.9847
  34930.00    -6.0532
  34940.00    -6.1675
  34950.00    -6.2361
  34960.00    -5.9294
  34970.00    -6.0369
  34980.00    -6.1951
  34990.00    -6.2041
  35000.00    -6.3747
  35010.00    -6.2407
  35020.00    -5.9874
  35030.00    -5.5964
  35040.00    -5.9807
  35050.00    -5.8687
  35060.00    -6.2677
  35070.00    -6.2291
  35080.00    -6.3235
  35090.00    -6.5808
  35100.00    -5.7979
  35110.00    -5.6194
  35120.00    -6.2157
  35130.00    -5.8394
  35140.00    -5.6122
  35150.00    -6.1655
  35160.00    -5.7079
  35170.00    -6.4762
  35180.00    -6.1964
  35190.00    -5.9278
  35200.00    -6.1379
  35210.00    -6.1121
  35220.00    -6.1949
  35230.00    -6.3489
  35240.00    -6.1032
  35250.00    -6.4104
  35260.00    -5.8663
  35270.00    -5.9777
  35280.00    -6.0671
  35290.00    -5.7225
  35300.00    -6.2096
  35310.00    -6.4883
  35320.00    -6.0717
  35330.00    -5.7921
  35340.00    -6.5366
  35350.00    -6.1593
  35360.00    -5.9798
  35370.00    -6.0085
  35380.00    -6.2749
  35390.00    -5.6069
  35400.00    -5.6646
  35410.00    -5.9222
  35420.00    -5.9835
  35430.00    -5.5923
  35440.00    -5.7569
  35450.00    -5.7794
  35460.00    -6.3549
  35470.00    -5.9433
  35480.00    -6.1764
  35490.00    -6.0905
  35500.00    -6.3683
  35510.00    -5.9850
  35520.00    -5.8884
  35530.00    -6.0921
  35540.00    -6.1695
  35550.00    -5.6434
  35560.00    -5.5396
  35570.00    -5.7295
  35580.00    -5.7111
  35590.00    -5.8557
  35600.00    -6.0599
  35610.00    -5.7138
  35620.00    -5.7499
  35630.00    -5.8143
  35640.00    -5.8212
  35650.00    -6.2009
  35660.00    -5.7700
  35670.00    -5.9758
  35680.00    -5.9284
  35690.00    -5.8923
  35700.00    -5.6677
  35710.00    -5.6539
  35720.00    -6.1658
  35730.00    -5.9010
  35740.00    -5.6675
  35750.00    -5.9242
  35760.00    -6.4325
  35770.00    -6.5205
  35780.00    -6.3222
  35790.00    -6.0043
  35800.00    -5.5779
  35810.00    -6.0600
  35820.00    -6.2595
  35830.00    -5.2295
  35840.00    -6.0414
  35850.00    -5.9229
  35860.00    -5.6799
  35870.00    -5.5946
  35880.00    -5.4933
  35890.00    -5.4216
  35900.00    -5.7172
  35910.00    -5.9119
  35920.00    -6.0553
  35930.00    -6.0202
  35940.00    -5.6491
  35950.00    -6.0716
  35960.00    -5.4607
  35970.00    -5.8128
  35980.00    -6.1367
  35990.00    -6.0621
  36000.00    -5.9259
  36010.00    -5.9535
  36020.00    -6.0793
  36030.00    -5.6153
  36040.00    -6.0114
  36050.00    -5.6162
  36060.00    -5.7088
  36070.00    -6.1183
  36080.00    -5.9571
  36090.00    -6.1121
  36100.00    -5.8910
  36110.00    -6.4414
  36120.00    -6.2068
  36130.00    -6.5461
  36140.00    -6.1480
  36150.00    -5.6704
  36160.00    -6.0586
  36170.00    -6.2991
  36180.00    -5.8471
  36190.00    -5.9017
  36200.00    -6.1815
  36210.00    -6.2774
  36220.00    -6.3769
  36230.00    -6.1960
  36240.00    -6.2250
  36250.00    -5.9111
  36260.00    -5.6187
  36270.00    -6.6483
  36280.00    -5.9756
  36290.00    -5.9027
  36300.00    -5.9126
  36310.00    -6.1938
  36320.00    -6.2590
  36330.00    -5.8486
  36340.00    -6.1602
  36350.00    -6.0602
  36360.00    -6.3867
  36370.00    -5.9039
  36380.00    -6.4750
  36390.00    -6.1630
  36400.00    -6.4421
  36410.00    -6.0952
  36420.00    -5.8748
  36430.00    -5.8855
  36440.00    -5.7638
  36450.00    -4.9928
  36460.00    -6.2991
  36470.00    -6.0377
  36480.00    -6.1275
  36490.00    -6.6719
  36500.00    -6.5404
  36510.00    -6.0589
  36520.00    -6.5039
  36530.00    -5.5745
  36540.00    -6.2860
  36550.00    -5.7336
  36560.00    -6.3416
  36570.00    -5.4487
  36580.00    -6.0260
  36590.00    -5.7141
  36600.00    -6.2243
  36610.00    -6.1407
  36620.00    -6.1246
  36630.00    -5.8437
  36640.00    -6.4725
  36650.00    -6.4867
  36660.00    -6.0511
  36670.00    -6.3422
  36680.00    -5.7775
  36690.00    -5.6902
  36700.00    -6.0614
  36710.00    -5.9768
  36720.00    -6.3123
  36730.00    -5.7602
  36740.00    -6.2416
  36750.00    -6.2570
  36760.00    -6.0390
  36770.00    -6.2469
  36780.00    -6.3020
  36790.00    -5.9454
  36800.00    -5.8620
  36810.00    -6.1049
  36820.00    -5.9797
  36830.00    -5.9123
  36840.00    -5.8391
  36850.00    -6.1283
  36860.00    -5.4427
  36870.00    -5.7052
  36880.00    -6.3132
  36890.00    -6.0903
  36900.00    -5.7833
  36910.00    -6.2168
  36920.00    -5.4166
  36930.00    -5.9636
  36940.00    -6.0673
  36950.00    -6.0553
  36960.00    -6.0241
  36970.00    -6.0713
  36980.00    -5.8438
  36990.00    -6.1662
  37000.00    -6.2846
  37010.00    -6.1994
  37020.00    -5.9923
  37030.00    -5.6807
  37040.00    -5.8704
  37050.00    -6.0007
  37060.00    -5.7510
  37070.00    -6.3219
  37080.00    -6.2437
  37090.00    -5.4057
  37100.00    -5.8423
  37110.00    -5.9032
  37120.00    -6.2370
  37130.00    -5.8810
  37140.00    -5.8713
  37150.00    -5.5040
  37160.00    -5.9734
  37170.00    -5.5003
  37180.00    -6.2079
  37190.00    -6.1746
  37200.00    -5.7999
  37210.00    -5.9464
  37220.00    -6.2403
  37230.00    -5.7677
  37240.00    -6.3478
  37250.00    -5.8754
  37260.00    -6.6984
  37270.00    -5.9425
  37280.00    -6.1279
  37290.00    -6.1058
  37300.00    -6.1918
  37310.00    -6.0396
  37320.00    -5.9774
  37330.00    -6.0417
  37340.00    -5.8854
  37350.00    -5.6711
  37360.00    -5.9571
  37370.00    -6.0761
  37380.00    -5.6609
  37390.00    -5.7957
  37400.00    -5.8404
  37410.00    -6.3353
  37420.00    -5.7287
  37430.00    -6.2556
  37440.00    -5.7172
  37450.00    -6.0091
  37460.00    -5.8018
  37470.00    -5.8882
  37480.00    -6.1948
  37490.00    -6.7154
  37500.00    -5.7240
  37510.00    -5.8075
  37520.00    -6.3283
  37530.00    -6.0574
  37540.00    -5.5986
  37550.00    -5.9677
  37560.00    -6.1498
  37570.00    -6.6994
  37580.00    -6.5214
  37590.00    -6.3610
  37600.00    -6.3502
  37610.00    -6.3485
  37620.00    -6.0302
  37630.00    -6.1590
  37640.00    -6.0075
  37650.00    -5.7268
  37660.00    -6.4253
  37670.00    -5.9088
  37680.00    -6.0742
  37690.00    -6.3823
  37700.00    -5.9818
  37710.00    -5.9093
  37720.00    -6.0256
  37730.00    -6.1371
  37740.00    -6.1576
  37750.00    -6.2721
  37760.00    -6.0411
  37770.00    -5.7402
  37780.00    -5.7277
  37790.00    -5.8625
  37800.00    -5.5426
  37810.00    -5.8033
  37820.00    -6.1339
  37830.00    -5.9271
  37840.00    -6.2846
  37850.00    -5.5964
  37860.00    -6.0241
  37870.00    -6.1191
  37880.00    -6.3320
  37890.00    -6.4112
  37900.00    -5.8862
  37910.00    -5.9442
  37920.00    -5.9896
  37930.00    -5.9102
  37940.00    -5.8760
  37950.00    -5.5453
  37960.00    -5.6313
  37970.00    -6.1223
  37980.00    -5.9598
  37990.00    -5.3577
  38000.00    -5.7473
  38010.00    -5.6051
  38020.00    -5.8993
  38030.00    -5.6708
  38040.00    -5.7432
  38050.00    -5.8379
  38060.00    -6.1599
  38070.00    -5.6597
  38080.00    -6.0581
  38090.00    -6.1765
  38100.00    -5.8865
  38110.00    -6.0693
  38120.00    -5.7723
  38130.00    -5.9407
  38140.00    -6.2108
  38150.00    -5.5257
  38160.00    -6.1104
  38170.00    -6.4781
  38180.00    -6.2722
  38190.00    -5.8194
  38200.00    -6.2703
  38210.00    -5.6151
  38220.00    -6.2805
  38230.00    -6.5718
  38240.00    -6.0366
  38250.00    -5.4793
  38260.00    -6.1226
  38270.00    -5.7271
  38280.00    -5.8654
  38290.00    -6.0189
  38300.00    -6.2958
  38310.00    -6.0931
  38320.00    -6.1275
  38330.00    -6.0444
  38340.00    -5.7129
  38350.00    -5.5617
  38360.00    -6.1984
  38370.00    -6.2855
  38380.00    -6.0280
  38390.00    -5.8172
  38400.00    -6.0828
  38410.00    -6.1669
  38420.00    -5.8033
  38430.00    -5.3453
  38440.00    -6.4815
  38450.00    -5.7605
  38460.00    -6.1035
  38470.00    -5.6185
  38480.00    -6.1483
  38490.00    -5.9607
  38500.00    -6.2802
  38510.00    -5.9155
  38520.00    -6.0950
  38530.00    -6.2021
  38540.00    -5.6504
  38550.00    -6.2663
  38560.00    -6.7600
  38570.00    -5.5505
  38580.00    -6.1546
  38590.00    -6.2470
  38600.00    -5.4055
  38610.00    -5.7477
  38620.00    -5.6151
  38630.00    -5.9222
  38640.00    -6.0539
  38650.00    -5.4276
  38660.00    -6.0107
  38670.00    -5.3808
  38680.00    -5.8341
  38690.00    -6.0607
  38700.00    -5.7959
  38710.00    -5.6306
  38720.00    -5.7602
  38730.00    -6.0976
  38740.00    -5.7106
  38750.00    -5.9937
  38760.00    -6.3160
  38770.00    -5.8012
  38780.00    -5.4274
  38790.00    -5.8664
  38800.00    -5.4911
  38810.00    -5.6190
  38820.00    -5.6993
  38830.00    -5.7524
  38840.00    -6.1003
  38850.00    -6.0017
  38860.00    -5.9053
  38870.00    -5.5974
  38880.00    -6.1942
  38890.00    -5.9531
  38900.00    -6.0254
  38910.00    -5.8213
  38920.00    -6.5157
  38930.00    -6.0004
  38940.00    -6.0152
  38950.00    -5.9828
  38960.00    -5.8313
  38970.00    -6.0256
  38980.00    -6.3608
  38990.00    -6.1624
  39000.00    -5.2217
  39010.00    -6.0495
  39020.00    -6.2578
  39030.00    -6.2049
  39040.00    -6.0361
  39050.00    -5.7887
  39060.00    -5.7891
  39070.00    -5.9597
  39080.00    -6.0025
  39090.00    -6.5595
  39100.00    -6.0910
  39110.00    -6.1913
  39120.00    -5.8255
  39130.00    -5.8863
  39140.00    -6.2605
  39150.00    -5.7942
  39160.00    -5.9909
  39170.00    -6.4148
  39180.00    -6.1919
  39190.00    -5.3085
  39200.00    -6.3584
  39210.00    -6.0343
  39220.00    -6.0838
  39230.00    -6.0942
  39240.00    -5.1829
  39250.00    -6.0240
  39260.00    -5.9900
  39270.00    -6.0409
  39280.00    -6.0606
  39290.00    -5.8207
  39300.00    -6.1488
  39310.00    -5.9509
  39320.00    -6.0062
  39330.00    -5.9634
  39340.00    -5.8977
  39350.00    -5.9699
  39360.00    -5.6840
  39370.00    -5.7510
  39380.00    -5.9944
  39390.00    -6.2314
  39400.00    -5.7572
  39410.00    -6.0719
  39420.00    -5.6139
  39430.00    -5.9828
  39440.00    -6.1836
  39450.00    -6.0767
  39460.00    -6.0914
  39470.00    -6.0828
  39480.00    -6.7690
  39490.00    -6.1711
  39500.00    -6.0048
  39510.00    -6.2047
  39520.00    -6.2290
  39530.00    -5.6990
  39540.00    -6.5141
  39550.00    -6.2955
  39560.00    -6.2879
  39570.00    -6.0046
  39580.00    -6.1130
  39590.00    -6.4125
  39600.00    -6.3350
  39610.00    -5.7812
  39620.00    -6.4057
  39630.00    -5.8928
  39640.00    -6.1301
  39650.00    -6.1517
  39660.00    -6.1170
  39670.00    -6.2945
  39680.00    -6.1946
  39690.00    -5.9419
  39700.00    -5.7959
  39710.00    -6.0374
  39720.00    -5.9726
  39730.00    -6.0837
  39740.00    -6.3753
  39750.00    -5.7110
  39760.00    -5.7916
  39770.00    -6.2352
  39780.00    -5.7043
  39790.00    -5.9645
  39800.00    -5.3006
  39810.00    -5.8595
  39820.00    -6.1774
  39830.00    -5.9905
  39840.00    -5.7634
  39850.00    -6.4597
  39860.00    -6.5862
  39870.00    -6.2093
  39880.00    -5.7076
  39890.00    -5.9785
  39900.00    -5.6926
  39910.00    -5.8491
  39920.00    -5.9884
  39930.00    -5.5593
  39940.00    -6.1208
  39950.00    -5.8973
  39960.00    -5.9086
  39970.00    -5.7918
  39980.00    -6.3163
  39990.00    -6.0360
  40000.00    -5.9242
  40010.00    -5.6223
  40020.00    -5.4731
  40030.00    -5.9402
  40040.00    -5.9781
  40050.00    -5.8747
  40060.00    -6.1137
  40070.00    -5.8839
  40080.00    -5.9627
  40090.00    -6.2350
  40100.00    -5.8772
  40110.00    -5.7987
  40120.00    -6.0419
  40130.00    -5.6924
  40140.00    -5.9348
  40150.00    -6.3444
  40160.00    -6.1132
  40170.00    -6.1028
  40180.00    -5.7977
  40190.00    -6.2482
  40200.00    -5.8664
  40210.00    -5.7853
  40220.00    -6.1504
  40230.00    -5.7351
  40240.00    -5.7331
  40250.00    -5.9105
  40260.00    -6.4856
  40270.00    -6.2698
  40280.00    -5.7561
  40290.00    -6.1323
  40300.00    -6.0765
  40310.00    -6.3017
  40320.00    -6.2605
  40330.00    -5.9287
  40340.00    -5.5180
  40350.00    -6.4322
  40360.00    -6.2687
  40370.00    -5.9479
  40380.00    -6.2878
  40390.00    -6.3499
  40400.00    -6.0696
  40410.00    -6.1152
  40420.00    -5.6601
  40430.00    -6.2164
  40440.00    -6.1949
  40450.00    -5.7323
  40460.00    -6.1484
  40470.00    -6.1472
  40480.00    -6.2367
  40490.00    -6.3747
  40500.00    -5.8852
  40510.00    -6.0073
  40520.00    -6.1319
  40530.00    -6.1166
  40540.00    -5.8902
  40550.00    -5.9553
  40560.00    -5.6943
  40570.00    -6.1133
  40580.00    -5.5437
  40590.00    -7.1157
  40600.00    -5.9736
  40610.00    -5.8783
  40620.00    -6.6242
  40630.00    -5.6860
  40640.00    -6.2079
  40650.00    -6.1433
  40660.00    -5.6123
  40670.00    -6.1187
  40680.00    -6.1340
  40690.00    -6.2448
  40700.00    -5.9988
  40710.00    -5.5459
  40720.00    -6.0373
  40730.00    -5.9914
  40740.00    -5.8305
  40750.00    -5.8778
  40760.00    -6.1850
  40770.00    -5.7469
  40780.00    -5.9434
  40790.00    -5.8533
  40800.00    -5.2209
  40810.00    -5.9960
  40820.00    -6.1007
  40830.00    -6.4288
  40840.00    -6.2474
  40850.00    -6.1459
  40860.00    -5.5751
  40870.00    -5.7186
  40880.00    -5.7828
  40890.00    -6.8013
  40900.00    -5.4858
  40910.00    -6.1394
  40920.00    -6.2882
  40930.00    -6.3696
  40940.00    -6.6194
  40950.00    -6.0228
  40960.00    -6.5651
  40970.00    -6.2619
  40980.00    -5.9488
  40990.00    -5.4165
  41000.00    -5.9604
  41010.00    -6.0448
  41020.00    -5.0353
  41030.00    -6.1054
  41040.00    -6.0353
  41050.00    -6.0478
  41060.00    -5.7725
  41070.00    -5.6972
  41080.00    -5.8144
  41090.00    -5.2022
  41100.00    -6.0783
  41110.00    -6.4519
  41120.00    -5.8765
  41130.00    -5.8293
  41140.00    -5.9351
  41150.00    -5.4123
  41160.00    -6.0539
  41170.00    -6.0867
  41180.00    -6.2637
  41190.00    -5.6751
  41200.00    -6.1925
  41210.00    -5.7189
  41220.00    -6.3555
  41230.00    -6.0871
  41240.00    -5.9930
  41250.00    -6.1865
  41260.00    -5.9958
  41270.00    -5.9621
  41280.00    -5.9543
  41290.00    -5.7703
  41300.00    -5.6614
  41310.00    -6.2811
  41320.00    -5.8615
  41330.00    -5.8018
  41340.00    -6.3780
  41350.00    -5.6764
  41360.00    -5.6478
  41370.00    -6.2547
  41380.00    -5.8963
  41390.00    -5.9269
  41400.00    -6.0349
  41410.00    -5.8035
  41420.00    -6.0286
  41430.00    -5.9716
  41440.00    -6.1517
  41450.00    -5.5685
  41460.00    -5.7868
  41470.00    -5.7405
  41480.00    -5.8395
  41490.00    -5.6118
  41500.00    -5.6613
  41510.00    -5.3637
  41520.00    -5.9023
  41530.00    -6.0879
  41540.00    -5.6739
  41550.00    -6.1099
  41560.00    -5.8549
  41570.00    -5.8317
  41580.00    -5.9646
  41590.00    -6.0151
  41600.00    -5.9229
  41610.00    -6.0738
  41620.00    -6.1961
  41630.00    -5.9925
  41640.00    -5.6983
  41650.00    -6.4992
  41660.00    -6.2728
  41670.00    -6.0455
  41680.00    -6.5461
  41690.00    -5.9909
  41700.00    -6.5454
  41710.00    -6.3127
  41720.00    -6.3714
  41730.00    -5.9350
  41740.00    -6.0921
  41750.00    -5.9930
  41760.00    -5.6612
  41770.00    -6.0696
  41780.00    -6.9426
  41790.00    -5.9484
  41800.00    -6.0391
  41810.00    -6.2219
  41820.00    -6.3451
  41830.00    -5.6635
  41840.00    -6.1525
  41850.00    -6.1373
  41860.00    -5.9604
  41870.00    -5.9344
  41880.00    -6.0301
  41890.00    -5.7370
  41900.00    -6.0528
  41910.00    -5.9080
  41920.00    -6.0534
  41930.00    -6.1735
  41940.00    -5.7748
  41950.00    -5.8038
  41960.00    -5.4657
  41970.00    -5.9741
  41980.00    -5.4107
  41990.00    -5.5928
  42000.00    -6.0322
  42010.00    -5.7605
  42020.00    -5.2867
  42030.00    -5.5842
  42040.00    -5.7629
  42050.00    -5.6371
  42060.00    -5.6713
  42070.00    -6.2921
  42080.00    -6.6398
  42090.00    -6.1579
  42100.00    -6.0925
  42110.00    -6.5100
  42120.00    -5.5325
  42130.00    -5.5732
  42140.00    -6.2762
  42150.00    -6.0982
  42160.00    -5.7986
  42170.00    -6.0311
  42180.00    -6.0131
  42190.00    -6.5235
  42200.00    -6.4173
  42210.00    -6.1409
  42220.00    -5.5179
  42230.00    -5.4271
  42240.00    -6.0499
  42250.00    -6.2700
  42260.00    -6.3542
  42270.00    -6.3447
  42280.00    -6.5084
  42290.00    -6.5604
  42300.00    -6.3063
  42310.00    -6.1435
  42320.00    -5.8266
  42330.00    -6.0496
  42340.00    -6.0233
  42350.00    -6.3521
  42360.00    -5.8194
  42370.00    -5.6891
  42380.00    -5.9279
  42390.00    -6.3466
  42400.00    -6.4992
  42410.00    -6.1284
  42420.00    -5.9440
  42430.00    -6.0881
  42440.00    -6.0637
  42450.00    -5.9612
  42460.00    -6.3323
  42470.00    -6.1810
  42480.00    -5.9423
  42490.00    -6.4079
  42500.00    -5.9105
  42510.00    -6.2943
  42520.00    -5.7283
  42530.00    -6.0230
  42540.00    -6.4420
  42550.00    -6.0728
  42560.00    -6.3567
  42570.00    -6.1649
  42580.00    -6.0747
  42590.00    -5.7053
  42600.00    -5.3307
  42610.00    -6.1139
  42620.00    -5.8293
  42630.00    -6.2976
  42640.00    -6.1518
  42650.00    -6.4625
  42660.00    -5.9353
  42670.00    -5.9382
  42680.00    -5.8847
  42690.00    -5.6230
  42700.00    -6.3028
  42710.00    -5.9632
  42720.00    -6.2130
  42730.00    -5.6999
  42740.00    -6.2390
  42750.00    -5.8299
  42760.00    -6.0774
  42770.00    -6.2165
  42780.00    -6.1962
  42790.00    -5.9927
  42800.00    -6.0705
  42810.00    -6.0172
  42820.00    -5.7857
  42830.00    -5.9967
  42840.00    -6.1058
  42850.00    -6.2576
  42860.00    -6.1037
  42870.00    -5.6549
  42880.00    -6.1543
  42890.00    -6.1295
  42900.00    -6.2937
  42910.00    -6.0976
  42920.00    -6.3154
  42930.00    -6.0860
  42940.00    -6.1855
  42950.00    -5.7577
  42960.00    -5.8745
  42970.00    -5.8982
  42980.00    -6.0762
  42990.00    -5.8933
  43000.00    -6.1009
  43010.00    -6.2314
  43020.00    -5.9496
  43030.00    -6.0686
  43040.00    -6.1175
  43050.00    -5.9495
  43060.00    -6.0823
  43070.00    -5.9626
  43080.00    -6.1005
  43090.00    -5.7088
  43100.00    -6.1456
  43110.00    -5.7680
  43120.00    -5.9378
  43130.00    -5.9004
  43140.00    -5.7295
  43150.00    -6.1896
  43160.00    -6.2998
  43170.00    -6.0258
  43180.00    -6.2168
  43190.00    -5.7379
  43200.00    -6.1035
  43210.00    -6.1103
  43220.00    -6.4301
  43230.00    -6.2004
  43240.00    -6.4755
  43250.00    -6.1616
  43260.00    -5.4199
  43270.00    -5.7256
  43280.00    -6.2782
  43290.00    -5.6462
  43300.00    -5.8955
  43310.00    -6.2521
  43320.00    -5.5491
  43330.00    -5.7732
  43340.00    -5.7260
  43350.00    -5.9988
  43360.00    -5.8434
  43370.00    -6.4388
  43380.00    -5.8761
  43390.00    -5.6126
  43400.00    -6.0301
  43410.00    -5.6344
  43420.00    -5.8208
  43430.00    -5.9695
  43440.00    -6.1105
  43450.00    -5.5873
  43460.00    -6.0137
  43470.00    -5.7192
  43480.00    -5.5880
  43490.00    -6.3912
  43500.00    -5.9006
  43510.00    -6.1106
  43520.00    -5.7496
  43530.00    -6.0492
  43540.00    -5.8136
  43550.00    -6.0022
  43560.00    -6.2404
  43570.00    -6.5067
  43580.00    -6.2605
  43590.00    -6.0974
  43600.00    -6.6494
  43610.00    -6.5206
  43620.00    -6.3554
  43630.00    -6.2852
  43640.00    -5.5392
  43650.00    -5.8690
  43660.00    -5.8091
  43670.00    -5.6056
  43680.00    -6.2601
  43690.00    -5.9845
  43700.00    -5.7747
  43710.00    -5.9724
  43720.00    -6.0067
  43730.00    -5.6546
  43740.00    -6.0030
  43750.00    -6.3352
  43760.00    -5.9001
  43770.00    -6.0960
  43780.00    -5.8021
  43790.00    -5.7343
  43800.00    -6.1860
  43810.00    -6.0020
  43820.00    -6.2542
  43830.00    -5.5457
  43840.00    -6.0417
  43850.00    -6.6349
  43860.00    -5.7853
  43870.00    -6.3251
  43880.00    -5.8019
  43890.00    -5.9046
  43900.00    -5.8010
  43910.00    -5.9570
  43920.00    -6.2523
  43930.00    -5.7742
  43940.00    -6.1215
  43950.00    -6.2996
  43960.00    -5.8074
  43970.00    -6.2148
  43980.00    -6.0526
  43990.00    -5.7281
  44000.00    -6.4797
  44010.00    -6.0995
  44020.00    -5.7984
  44030.00    -5.5537
  44040.00    -5.7383
  44050.00    -5.6691
  44060.00    -5.7163
  44070.00    -5.9836
  44080.00    -6.7187
  44090.00    -6.0373
  44100.00    -6.2432
  44110.00    -6.5139
  44120.00    -6.0126
  44130.00    -5.8436
  44140.00    -6.1704
  44150.00    -6.0463
  44160.00    -5.5237
  44170.00    -6.1535
  44180.00    -6.7283
  44190.00    -5.9684
  44200.00    -5.6066
  44210.00    -5.4915
  44220.00    -5.7723
  44230.00    -5.9699
  44240.00    -6.2016
  44250.00    -5.8041
  44260.00    -5.9837
  44270.00    -5.9753
  44280.00    -6.3361
  44290.00    -6.1605
  44300.00    -5.3208
  44310.00    -6.0641
  44320.00    -6.0024
  44330.00    -6.2037
  44340.00    -5.7630
  44350.00    -5.8875
  44360.00    -6.1056
  44370.00    -5.8582
  44380.00    -5.8272
  44390.00    -5.7207
  44400.00    -6.3436
  44410.00    -5.7752
  44420.00    -6.3875
  44430.00    -6.4197
  44440.00    -6.1731
  44450.00    -6.1244
  44460.00    -6.1074
  44470.00    -6.4804
  44480.00    -5.8002
  44490.00    -6.3955
  44500.00    -6.3249
  44510.00    -6.2149
  44520.00    -6.0677
  44530.00    -6.1958
  44540.00    -5.5455
  44550.00    -5.9328
  44560.00    -6.3994
  44570.00    -5.8501
  44580.00    -5.2653
  44590.00    -6.1160
  44600.00    -6.1640
  44610.00    -6.0239
  44620.00    -5.7452
  44630.00    -5.9332
  44640.00    -5.9923
  44650.00    -6.1755
  44660.00    -5.8743
  44670.00    -5.8193
  44680.00    -6.0956
  44690.00    -5.1761
  44700.00    -6.0643
  44710.00    -6.1975
  44720.00    -6.3686
  44730.00    -5.6981
  44740.00    -6.0750
  44750.00    -5.7793
  44760.00    -6.0235
  44770.00    -5.7236
  44780.00    -5.7851
  44790.00    -6.1415
  44800.00    -5.8868
  44810.00    -6.7786
  44820.00    -6.0463
  44830.00    -6.3253
  44840.00    -5.4590
  44850.00    -6.4009
  44860.00    -5.7947
  44870.00    -6.1962
  44880.00    -5.8870
  44890.00    -5.4930
  44900.00    -5.4809
  44910.00    -5.8733
  44920.00    -5.6557
  44930.00    -5.8874
  44940.00    -6.0504
  44950.00    -6.3146
  44960.00    -5.8570
  44970.00    -5.8292
  44980.00    -6.6599
  44990.00    -6.0106
  45000.00    -5.9111
  45010.00    -5.8720
  45020.00    -5.6341
  45030.00    -6.5237
  45040.00    -5.9950
  45050.00    -5.6838
  45060.00    -6.2606
  45070.00    -6.2372
  45080.00    -6.0578
  45090.00    -6.4265
  45100.00    -5.7657
  45110.00    -5.8324
  45120.00    -6.1003
  45130.00    -5.9946
  45140.00    -5.9070
  45150.00    -5.7650
  45160.00    -5.8812
  45170.00    -5.5602
  45180.00    -5.9493
  45190.00    -5.9448
  45200.00    -6.1537
  45210.00    -5.3416
  45220.00    -5.6397
  45230.00    -6.1366
  45240.00    -6.0032
  45250.00    -6.0361
  45260.00    -6.1500
  45270.00    -6.0784
  45280.00    -5.8724
  45290.00    -5.5571
  45300.00    -5.7501
  45310.00    -6.4176
  45320.00    -5.3853
  45330.00    -5.7629
  45340.00    -5.9989
  45350.00    -5.7363
  45360.00    -5.9460
  45370.00    -5.9802
  45380.00    -5.5784
  45390.00    -5.9096
  45400.00    -5.9225
  45410.00    -6.4261
  45420.00    -6.3260
  45430.00    -6.0455
  45440.00    -6.2880
  45450.00    -6.3796
  45460.00    -5.9259
  45470.00    -6.2330
  45480.00    -5.7371
  45490.00    -6.0918
  45500.00    -6.0497
  45510.00    -6.2433
  45520.00    -6.6254
  45530.00    -5.7303
  45540.00    -6.0911
  45550.00    -6.1929
  45560.00    -5.9751
  45570.00    -5.9694
  45580.00    -6.1212
  45590.00    -6.5004
  45600.00    -6.5093
  45610.00    -5.9814
  45620.00    -6.2293
  45630.00    -6.2565
  45640.00    -6.1419
  45650.00    -6.0226
  45660.00    -6.1242
  45670.00    -6.2925
  45680.00    -5.8789
  45690.00    -5.7135
  45700.00    -5.6815
  45710.00    -5.9843
  45720.00    -5.8719
  45730.00    -6.4265
  45740.00    -6.0275
  45750.00    -6.2878
  45760.00    -5.8543
  45770.00    -6.1117
  45780.00    -5.6574
  45790.00    -5.5461
  45800.00    -6.0206
  45810.00    -5.8294
  45820.00    -5.8072
  45830.00    -5.8440
  45840.00    -6.4040
  45850.00    -6.1261
  45860.00    -6.3714
  45870.00    -6.2385
  45880.00    -6.3346
  45890.00    -5.9153
  45900.00    -6.2554
  45910.00    -5.7055
  45920.00    -6.3306
  45930.00    -6.2825
  45940.00    -6.5558
  45950.00    -5.6181
  45960.00    -6.3671
  45970.00    -6.0481
  45980.00    -6.5467
  45990.00    -6.8146
  46000.00    -5.6288
  46010.00    -5.8695
  46020.00    -6.0426
  46030.00    -5.6770
  46040.00    -6.4337
  46050.00    -6.1415
  46060.00    -6.4635
  46070.00    -6.2484
  46080.00    -6.0204
  46090.00    -6.0108
  46100.00    -6.4118
  46110.00    -6.1265
  46120.00    -5.8272
  46130.00    -6.1040
  46140.00    -5.6644
  46150.00    -6.1850
  46160.00    -5.5496
  46170.00    -6.0357
  46180.00    -5.5040
  46190.00    -6.5505
  46200.00    -6.3050
  46210.00    -5.8123
  46220.00    -6.2394
  46230.00    -5.8376
  46240.00    -6.0626
  46250.00    -5.8646
  46260.00    -6.2194
  46270.00    -5.9975
  46280.00    -5.6726
  46290.00    -6.0545
  46300.00    -6.3546
  46310.00    -6.1056
  46320.00    -6.0408
  46330.00    -6.3906
  46340.00    -6.1904
  46350.00    -5.9429
  46360.00    -5.8587
  46370.00    -6.1101
  46380.00    -5.6336
  46390.00    -6.3218
  46400.00    -6.1614
  46410.00    -6.2882
  46420.00    -6.0880
  46430.00    -5.9230
  46440.00    -5.2443
  46450.00    -5.8925
  46460.00    -5.9702
  46470.00    -5.9085
  46480.00    -6.5572
  46490.00    -5.9028
  46500.00    -6.3918
  46510.00    -6.4977
  46520.00    -5.7764
  46530.00    -5.8444
  46540.00    -6.4740
  46550.00    -5.7640
  46560.00    -5.7063
  46570.00    -6.4287
  46580.00    -6.2819
  46590.00    -6.2773
  46600.00    -6.1621
  46610.00    -5.8724
  46620.00    -5.8331
  46630.00    -5.8282
  46640.00    -6.0808
  46650.00    -6.1239
  46660.00    -6.2806
  46670.00    -6.4681
  46680.00    -6.1805
  46690.00    -6.2231
  46700.00    -5.4722
  46710.00    -6.0570
  46720.00    -6.2436
  46730.00    -6.1169
  46740.00    -5.9074
  46750.00    -6.1666
  46760.00    -5.9873
  46770.00    -6.1804
  46780.00    -5.9901
  46790.00    -6.0329
  46800.00    -5.8182
  46810.00    -5.8399
  46820.00    -6.0847
  46830.00    -6.3575
  46840.00    -6.7169
  46850.00    -5.6779
  46860.00    -5.8631
  46870.00    -6.0779
  46880.00    -6.7556
  46890.00    -6.4306
  46900.00    -6.3426
  46910.00    -6.5017
  46920.00    -5.8193
  46930.00    -5.9499
  46940.00    -6.0360
  46950.00    -6.6957
  46960.00    -6.2535
  46970.00    -6.2847
  46980.00    -6.2469
  46990.00    -6.3804
  47000.00    -6.0984
  47010.00    -6.0628
  47020.00    -5.9449
  47030.00    -5.5873
  47040.00    -6.3147
  47050.00    -6.4755
  47060.00    -6.1786
  47070.00    -5.6094
  47080.00    -5.9277
  47090.00    -5.3631
  47100.00    -5.4772
  47110.00    -6.4336
  47120.00    -5.9157
  47130.00    -6.1495
  47140.00    -6.3436
  47150.00    -6.1375
  47160.00    -6.3948
  47170.00    -6.3028
  47180.00    -6.4035
  47190.00    -6.0021
  47200.00    -6.0700
  47210.00    -5.8388
  47220.00    -6.0623
  47230.00    -6.0268
  47240.00    -6.1863
  47250.00    -5.8661
  47260.00    -6.2797
  47270.00    -5.8505
  47280.00    -6.3362
  47290.00    -5.8821
  47300.00    -6.0281
  47310.00    -5.9211
  47320.00    -6.1602
  47330.00    -5.9349
  47340.00    -5.8847
  47350.00    -6.2214
  47360.00    -6.1843
  47370.00    -6.6383
  47380.00    -6.3322
  47390.00    -5.8744
  47400.00    -6.0366
  47410.00    -6.4048
  47420.00    -6.1796
  47430.00    -5.9762
  47440.00    -6.0269
  47450.00    -5.6338
  47460.00    -6.0310
  47470.00    -5.7148
  47480.00    -6.0147
  47490.00    -5.8025
  47500.00    -5.9331
  47510.00    -5.4713
  47520.00    -5.6841
  47530.00    -5.3393
  47540.00    -5.9734
  47550.00    -6.0107
  47560.00    -6.1155
  47570.00    -5.2695
  47580.00    -5.4499
  47590.00    -5.5836
  47600.00    -5.4637
  47610.00    -5.4837
  47620.00    -5.7013
  47630.00    -6.1316
  47640.00    -6.0929
  47650.00    -6.3135
  47660.00    -6.0161
  47670.00    -5.4761
  47680.00    -6.3791
  47690.00    -6.0281
  47700.00    -6.4382
  47710.00    -5.8539
  47720.00    -5.4608
  47730.00    -6.7983
  47740.00    -6.0928
  47750.00    -6.2994
  47760.00    -5.6861
  47770.00    -5.7707
  47780.00    -5.8291
  47790.00    -5.2286
  47800.00    -5.8928
  47810.00    -5.8014
  47820.00    -6.1588
  47830.00    -6.1164
  47840.00    -6.1449
  47850.00    -5.5361
  47860.00    -5.5757
  47870.00    -6.3667
  47880.00    -6.0045
  47890.00    -6.5935
  47900.00    -6.1183
  47910.00    -5.6795
  47920.00    -6.4215
  47930.00    -6.4424
  47940.00    -6.5570
  47950.00    -5.7116
  47960.00    -6.1975
  47970.00    -5.3385
  47980.00    -6.0067
  47990.00    -5.7345
  48000.00    -5.8864
  48010.00    -5.6448
  48020.00    -5.6753
  48030.00    -5.9481
  48040.00    -5.7491
  48050.00    -6.2845
  48060.00    -6.4625
  48070.00    -5.8660
  48080.00    -5.9698
  48090.00    -6.1173
  48100.00    -5.7851
  48110.00    -6.1938
  48120.00    -6.3384
  48130.00    -6.1274
  48140.00    -6.0583
  48150.00    -6.0951
  48160.00    -6.4071
  48170.00    -5.7776
  48180.00    -5.7075
  48190.00    -5.9341
  48200.00    -5.7377
  48210.00    -5.7692
  48220.00    -5.9715
  48230.00    -6.1670
  48240.00    -6.1115
  48250.00    -6.0548
  48260.00    -5.8981
  48270.00    -5.5060
  48280.00    -6.6254
  48290.00    -6.1906
  48300.00    -5.6565
  48310.00    -6.1304
  48320.00    -5.4585
  48330.00    -6.1885
  48340.00    -5.9199
  48350.00    -5.5979
  48360.00    -5.6393
  48370.00    -5.6896
  48380.00    -5.9684
  48390.00    -6.2556
  48400.00    -6.1856
  48410.00    -5.8069
  48420.00    -5.4958
  48430.00    -6.0520
  48440.00    -5.8600
  48450.00    -5.3330
  48460.00    -5.9107
  48470.00    -6.0944
  48480.00    -6.1744
  48490.00    -6.3781
  48500.00    -6.0173
  48510.00    -6.0808
  48520.00    -6.2069
  48530.00    -5.6099
  48540.00    -5.9269
  48550.00    -5.9940
  48560.00    -5.6998
  48570.00    -5.9860
  48580.00    -5.9793
  48590.00    -6.1110
  48600.00    -6.5853
  48610.00    -6.4244
  48620.00    -6.2563
  48630.00    -6.4536
  48640.00    -6.1906
  48650.00    -5.6866
  48660.00    -5.9021
  48670.00    -6.1113
  48680.00    -6.0146
  48690.00    -5.6881
  48700.00    -5.5843
  48710.00    -5.5394
  48720.00    -5.8031
  48730.00    -6.1866
  48740.00    -5.9168
  48750.00    -5.8856
  48760.00    -6.2004
  48770.00    -5.9070
  48780.00    -6.2121
  48790.00    -6.0880
  48800.00    -6.2507
  48810.00    -5.7725
  48820.00    -6.2340
  48830.00    -6.2827
  48840.00    -5.8871
  48850.00    -6.2216
  48860.00    -6.1124
  48870.00    -6.1975
  48880.00    -5.6912
  48890.00    -5.8625
  48900.00    -5.3628
  48910.00    -5.4795
  48920.00    -6.0014
  48930.00    -6.0815
  48940.00    -6.0230
  48950.00    -5.8880
  48960.00    -6.0727
  48970.00    -6.1239
  48980.00    -5.7314
  48990.00    -5.6989
  49000.00    -5.7672
  49010.00    -5.8783
  49020.00    -6.0578
  49030.00    -5.9006
  49040.00    -6.5244
  49050.00    -6.1891
  49060.00    -5.9893
  49070.00    -6.2748
  49080.00    -6.6708
  49090.00    -6.4016
  49100.00    -6.1135
  49110.00    -5.9367
  49120.00    -5.9162
  49130.00    -5.5118
  49140.00    -5.9987
  49150.00    -6.3624
  49160.00    -5.7144
  49170.00    -5.9393
  49180.00    -5.7954
  49190.00    -5.6600
  49200.00    -5.8202
  49210.00    -5.7692
  49220.00    -5.7852
  49230.00    -5.9213
  49240.00    -5.9993
  49250.00    -6.2541
  49260.00    -6.0214
  49270.00    -6.0809
  49280.00    -6.1215
  49290.00    -5.7268
  49300.00    -5.5007
  49310.00    -5.8969
  49320.00    -5.9952
  49330.00    -6.1317
  49340.00    -5.5653
  49350.00    -6.2852
  49360.00    -5.9027
  49370.00    -5.9030
  49380.00    -6.2129
  49390.00    -6.1444
  49400.00    -6.3359
  49410.00    -5.7757
  49420.00    -6.2143
  49430.00    -5.9572
  49440.00    -5.5366
  49450.00    -5.8840
  49460.00    -5.8833
  49470.00    -6.1390
  49480.00    -6.2350
  49490.00    -5.7886
  49500.00    -5.3969
  49510.00    -5.6025
  49520.00    -5.7214
  49530.00    -5.7110
  49540.00    -5.6374
  49550.00    -5.6379
  49560.00    -5.4318
  49570.00    -6.3320
  49580.00    -5.7513
  49590.00    -6.4317
  49600.00    -5.7696
  49610.00    -6.2295
  49620.00    -6.1104
  49630.00    -5.9000
  49640.00    -5.7029
  49650.00    -5.7711
  49660.00    -6.4602
  49670.00    -6.1367
  49680.00    -5.9767
  49690.00    -6.0432
  49700.00    -5.6809
  49710.00    -6.1218
  49720.00    -6.0881
  49730.00    -6.4381
  49740.00    -5.6771
  49750.00    -6.0603
  49760.00    -6.2225
  49770.00    -6.3826
  49780.00    -6.3142
  49790.00    -5.7777
  49800.00    -5.9827
  49810.00    -6.1879
  49820.00    -6.1390
  49830.00    -5.7215
  49840.00    -5.7366
  49850.00    -6.2525
  49860.00    -6.1599
  49870.00    -6.1110
  49880.00    -5.5167
  49890.00    -5.7900
  49900.00    -6.1780
  49910.00    -5.7992
  49920.00    -5.9328
  49930.00    -5.4701
  49940.00    -5.8753
  49950.00    -5.6861
  49960.00    -5.3333
  49970.00    -5.5216
  49980.00    -5.8629
  49990.00    -5.9483
  50000.00    -6.3164
