     10.00     8.1035
     20.00     7.6526
     30.00     7.8307
     40.00     8.1083
     50.00     7.6889
     60.00     8.1544
     70.00     7.6145
     80.00     7.9131
     90.00     8.3573
    100.00     7.8564
    110.00     8.3170
    120.00     7.7401
    130.00     8.1811
    140.00     8.0408
    150.00     7.6917
    160.00     7.6954
    170.00     7.9886
    180.00     7.8188
    190.00     8.0797
    200.00     8.1925
    210.00     8.0085
    220.00     7.5279
    230.00     8.2002
    240.00     7.6322
    250.00     8.4927
    260.00     8.2998
    270.00     7.9493
    280.00     8.0487
    290.00     7.7933
    300.00     7.9408
    310.00     8.0147
    320.00     7.8767
    330.00     7.8153
    340.00     7.9122
    350.00     8.2216
    360.00     8.1354
    370.00     8.1307
    380.00     8.1547
    390.00     7.8139
    400.00     8.1126
    410.00     8.3348
    420.00     7.6791
    430.00     8.0338
    440.00     8.0694
    450.00     8.1580
    460.00     8.1127
    470.00     8.7079
    480.00     7.9691
    490.00     8.1345
    500.00     8.1812
    510.00     7.8575
    520.00     7.6770
    530.00     8.2271
    540.00     8.6235
    550.00     8.0606
    560.00     8.2026
    570.00     8.3730
    580.00     7.7758
    590.00     8.0687
    600.00     7.9393
    610.00     7.9925
    620.00     7.9189
    630.00     7.9169
    640.00     8.2019
    650.00     8.0876
    660.00     8.0677
    670.00     7.5613
    680.00     7.7815
    690.00     8.2327
    700.00     7.9536
    710.00     8.1784
    720.00     7.9612
    730.00     7.6028
    740.00     8.7678
    750.00     7.7249
    760.00     7.9079
    770.00     8.3216
    780.00     7.5642
    790.00     7.8812
    800.00     7.3641
    810.00     7.7356
    820.00     8.7476
    830.00     7.6517
    840.00     7.9010
    850.00     7.9232
    860.00     8.3403
    870.00     8.3914
    880.00     8.0373
    890.00     7.7524
    900.00     8.2068
    910.00     8.2193
    920.00     8.1027
    930.00     7.7909
    940.00     7.8952
    950.00     8.3084
    960.00     7.7028
    970.00     7.7934
    980.00     8.1287
    990.00     8.5575
   1000.00     7.9566
   1010.00     7.9231
   1020.00     8.2267
   1030.00     7.9402
   1040.00     8.2157
   1050.00     8.0454
   1060.00     8.2124
   1070.00     8.0899
   1080.00     8.2513
   1090.00     8.2065
   1100.00     8.2986
   1110.00     8.0445
   1120.00     8.1373
   1130.00     8.1612
   1140.00     8.2221
   1150.00     8.1421
   1160.00     7.6182
   1170.00     7.8825
   1180.00     8.0290
   1190.00     8.1080
   1200.00     7.8853
   1210.00     8.4657
   1220.00     8.1328
   1230.00     8.0311
   1240.00     7.6461
   1250.00     8.0556
   1260.00     7.8847
   1270.00     7.8640
   1280.00     8.1485
   1290.00     8.2396
   1300.00     8.1143
   1310.00     7.9317
   1320.00     8.8587
   1330.00     8.1610
   1340.00     7.9509
   1350.00     7.4881
   1360.00     7.9743
   1370.00     8.3356
   1380.00     7.6180
   1390.00     8.0416
   1400.00     8.0521
   1410.00     7.2167
   1420.00     8.0276
   1430.00     7.5904
   1440.00     8.2248
   1450.00     7.7693
   1460.00     7.8586
   1470.00     7.6821
   1480.00     7.2898
   1490.00     8.2403
   1500.00     7.9893
   1510.00     7.5817
   1520.00     8.0501
   1530.00     7.6249
   1540.00     7.8939
   1550.00     8.0284
   1560.00     7.7924
   1570.00     8.1385
   1580.00     8.2786
   1590.00     8.1446
   1600.00     8.6210
   1610.00     8.1125
   1620.00     8.2347
   1630.00     8.3766
   1640.00     7.8746
   1650.00     8.0115
   1660.00     8.1084
   1670.00     8.1796
   1680.00     7.4313
   1690.00     8.1119
   1700.00     8.4382
   1710.00     7.3995
   1720.00     7.7142
   1730.00     8.1860
   1740.00     8.0277
   1750.00     8.5083
   1760.00     8.0375
   1770.00     7.9984
   1780.00     7.9123
   1790.00     8.0968
   1800.00     7.8390
   1810.00     8.1225
   1820.00     7.7988
   1830.00     8.8890
   1840.00     8.1251
   1850.00     7.9858
   1860.00     8.1156
   1870.00     8.3044
   1880.00     8.0951
   1890.00     8.9149
   1900.00     8.5192
   1910.00     8.3035
   1920.00     7.7208
   1930.00     7.9963
   1940.00     7.5564
   1950.00     7.9924
   1960.00     8.5276
   1970.00     7.9460
   1980.00     8.6953
   1990.00     8.5709
   2000.00     8.1869
   2010.00     7.9874
   2020.00     8.1925
   2030.00     8.0988
   2040.00     7.9626
   2050.00     8.1563
   2060.00     8.3865
   2070.00     7.9466
   2080.00     7.4570
   2090.00     8.0838
   2100.00     8.1680
   2110.00     7.9465
   2120.00     8.7472
   2130.00     8.1218
   2140.00     7.9438
   2150.00     8.3558
   2160.00     8.4128
   2170.00     8.2692
   2180.00     8.1624
   2190.00     8.1021
   2200.00     8.2948
   2210.00     8.6807
   2220.00     8.1390
   2230.00     8.3641
   2240.00     8.3336
   2250.00     7.5253
   2260.00     8.1342
   2270.00     8.5111
   2280.00     8.0271
   2290.00     7.5905
   2300.00     7.9238
   2310.00     8.0140
   2320.00     8.0422
   2330.00     8.0963
   2340.00     8.3065
   2350.00     7.8458
   2360.00     8.0782
   2370.00     8.0199
   2380.00     7.9407
   2390.00     7.8396
   2400.00     8.3537
   2410.00     8.1934
   2420.00     7.8953
   2430.00     8.1600
   2440.00     7.6524
   2450.00     7.9264
   2460.00     8.1573
   2470.00     8.9636
   2480.00     8.1379
   2490.00     7.8749
   2500.00     8.1532
   2510.00     7.9843
   2520.00     8.1428
   2530.00     8.4285
   2540.00     7.9687
   2550.00     7.9273
   2560.00     8.1221
   2570.00     7.7620
   2580.00     7.8705
   2590.00     8.2559
   2600.00     8.3426
   2610.00     8.5843
   2620.00     7.7344
   2630.00     7.7341
   2640.00     7.8903
   2650.00     7.7006
   2660.00     8.1752
   2670.00     8.4261
   2680.00     8.3250
   2690.00     7.1875
   2700.00     8.4037
   2710.00     8.1973
   2720.00     7.5770
   2730.00     7.5875
   2740.00     7.6888
   2750.00     8.3854
   2760.00     7.7104
   2770.00     8.1091
   2780.00     8.0216
   2790.00     7.8289
   2800.00     7.6645
   2810.00     8.3189
   2820.00     7.9598
   2830.00     8.4688
   2840.00     8.0449
   2850.00     7.6979
   2860.00     8.1983
   2870.00     7.9146
   2880.00     8.3540
   2890.00     8.1013
   2900.00     8.5937
   2910.00     7.8388
   2920.00     8.1096
   2930.00     8.3861
   2940.00     7.9678
   2950.00     8.0532
   2960.00     8.2984
   2970.00     8.2208
   2980.00     8.2032
   2990.00     8.0925
   3000.00     7.4161
   3010.00     7.7176
   3020.00     7.8369
   3030.00     8.1322
   3040.00     8.0134
   3050.00     7.6637
   3060.00     7.9777
   3070.00     8.0779
   3080.00     7.8530
   3090.00     7.5848
   3100.00     8.6908
   3110.00     8.0713
   3120.00     8.0259
   3130.00     8.1627
   3140.00     7.7533
   3150.00     7.8667
   3160.00     8.1957
   3170.00     7.8455
   3180.00     8.0812
   3190.00     7.8793
   3200.00     8.0587
   3210.00     8.4710
   3220.00     8.0185
   3230.00     8.0456
   3240.00     8.4171
   3250.00     7.6964
   3260.00     8.3119
   3270.00     7.6917
   3280.00     8.2638
   3290.00     8.3845
   3300.00     7.6138
   3310.00     8.1466
   3320.00     7.7547
   3330.00     7.8313
   3340.00     7.9916
   3350.00     7.6951
   3360.00     7.4500
   3370.00     8.1320
   3380.00     7.6590
   3390.00     7.7187
   3400.00     7.9759
   3410.00     8.0670
   3420.00     8.5483
   3430.00     8.1120
   3440.00     7.9593
   3450.00     8.3966
   3460.00     8.3080
   3470.00     8.1076
   3480.00     7.3996
   3490.00     7.8763
   3500.00     8.4873
   3510.00     7.8131
   3520.00     7.9230
   3530.00     8.1024
   3540.00     7.9259
   3550.00     8.4861
   3560.00     8.1015
   3570.00     8.0940
   3580.00     8.4773
   3590.00     7.9355
   3600.00     8.1084
   3610.00     7.9610
   3620.00     7.8532
   3630.00     7.6038
   3640.00     8.4561
   3650.00     7.8709
   3660.00     7.8771
   3670.00     7.7819
   3680.00     7.9606
   3690.00     8.6189
   3700.00     7.7705
   3710.00     7.8251
   3720.00     7.6762
   3730.00     7.9239
   3740.00     7.4429
   3750.00     8.2089
   3760.00     8.0610
   3770.00     8.2841
   3780.00     8.0913
   3790.00     8.0309
   3800.00     8.2732
   3810.00     7.8641
   3820.00     7.8714
   3830.00     7.5972
   3840.00     7.8079
   3850.00     8.1979
   3860.00     8.5629
   3870.00     8.0634
   3880.00     7.9292
   3890.00     8.0898
   3900.00     8.0668
   3910.00     7.8744
   3920.00     8.2323
   3930.00     8.2979
   3940.00     8.2839
   3950.00     7.6649
   3960.00     7.5858
   3970.00     7.4790
   3980.00     7.9418
   3990.00     7.8426
   4000.00     7.5137
   4010.00     8.1758
   4020.00     7.7627
   4030.00     7.7279
   4040.00     7.8574
   4050.00     8.1507
   4060.00     7.9134
   4070.00     7.7380
   4080.00     8.1096
   4090.00     8.3793
   4100.00     8.3183
   4110.00     8.3357
   4120.00     7.9655
   4130.00     8.3880
   4140.00     8.2161
   4150.00     7.9786
   4160.00     8.4794
   4170.00     7.8927
   4180.00     7.4007
   4190.00     7.9364
   4200.00     7.9512
   4210.00     8.0672
   4220.00     8.2448
   4230.00     7.8813
   4240.00     7.9312
   4250.00     7.7210
   4260.00     8.0274
   4270.00     7.7595
   4280.00     7.5881
   4290.00     8.2360
   4300.00     8.0450
   4310.00     7.1405
   4320.00     8.3733
   4330.00     7.9260
   4340.00     7.8692
   4350.00     7.9123
   4360.00     7.7229
   4370.00     8.1433
   4380.00     8.2463
   4390.00     8.0261
   4400.00     7.6182
   4410.00     8.0095
   4420.00     7.6249
   4430.00     8.4008
   4440.00     7.7549
   4450.00     8.0721
   4460.00     7.8342
   4470.00     7.8907
   4480.00     8.0012
   4490.00     7.3528
   4500.00     8.0309
   4510.00     8.0584
   4520.00     8.3175
   4530.00     8.0225
   4540.00     7.7197
   4550.00     8.4744
   4560.00     7.6633
   4570.00     8.2240
   4580.00     8.0446
   4590.00     8.1340
   4600.00     8.3386
   4610.00     8.5919
   4620.00     8.2354
   4630.00     8.7911
   4640.00     7.9223
   4650.00     8.5534
   4660.00     8.2945
   4670.00     8.1367
   4680.00     8.6421
   4690.00     7.5793
   4700.00     8.0104
   4710.00     7.7712
   4720.00     8.2933
   4730.00     8.3177
   4740.00     8.1207
   4750.00     8.3841
   4760.00     8.1731
   4770.00     7.7742
   4780.00     8.1566
   4790.00     8.3464
   4800.00     8.1698
   4810.00     7.8419
   4820.00     7.9748
   4830.00     7.5069
   4840.00     8.4044
   4850.00     8.1615
   4860.00     8.1899
   4870.00     8.0660
   4880.00     7.4328
   4890.00     8.3412
   4900.00     7.8605
   4910.00     8.3243
   4920.00     8.4664
   4930.00     7.9615
   4940.00     8.0974
   4950.00     8.3186
   4960.00     8.1136
   4970.00     8.0967
   4980.00     7.8421
   4990.00     7.7839
   5000.00     7.7849
   5010.00     7.8249
   5020.00     7.9503
   5030.00     7.7821
   5040.00     8.0031
   5050.00     7.7850
   5060.00     8.4945
   5070.00     7.9620
   5080.00     7.7854
   5090.00     7.7219
   5100.00     7.9011
   5110.00     8.3273
   5120.00     8.3603
   5130.00     8.3674
   5140.00     8.0486
   5150.00     8.2939
   5160.00     7.6521
   5170.00     7.5049
   5180.00     7.9110
   5190.00     7.6287
   5200.00     7.4877
   5210.00     7.8311
   5220.00     7.9655
   5230.00     8.3083
   5240.00     7.5961
   5250.00     7.9186
   5260.00     8.2210
   5270.00     8.1793
   5280.00     7.7519
   5290.00     8.1161
   5300.00     8.3903
   5310.00     7.6601
   5320.00     7.7198
   5330.00     8.1888
   5340.00     8.2434
   5350.00     7.7737
   5360.00     8.8445
   5370.00     7.7942
   5380.00     8.0636
   5390.00     8.5210
   5400.00     8.3885
   5410.00     8.1095
   5420.00     7.9445
   5430.00     7.5314
   5440.00     8.2536
   5450.00     8.4320
   5460.00     8.0300
   5470.00     8.0849
   5480.00     8.2976
   5490.00     7.9495
   5500.00     7.6777
   5510.00     8.2157
   5520.00     7.6725
   5530.00     8.3801
   5540.00     8.4255
   5550.00     8.1530
   5560.00     8.1334
   5570.00     8.0662
   5580.00     7.6552
   5590.00     8.1492
   5600.00     8.2478
   5610.00     7.4925
   5620.00     7.6704
   5630.00     7.3887
   5640.00     8.0475
   5650.00     7.7133
   5660.00     7.7497
   5670.00     7.8857
   5680.00     8.0177
   5690.00     7.7982
   5700.00     7.7597
   5710.00     7.7483
   5720.00     7.9446
   5730.00     8.1681
   5740.00     7.7939
   5750.00     8.0678
   5760.00     7.6272
   5770.00     8.4313
   5780.00     8.2866
   5790.00     8.4156
   5800.00     8.1702
   5810.00     8.1430
   5820.00     8.0811
   5830.00     8.1226
   5840.00     8.3475
   5850.00     7.4230
   5860.00     7.9742
   5870.00     7.4402
   5880.00     7.8995
   5890.00     8.0745
   5900.00     7.7934
   5910.00     8.0725
   5920.00     8.4209
   5930.00     8.3474
   5940.00     8.1424
   5950.00     8.0826
   5960.00     7.8513
   5970.00     7.7921
   5980.00     8.0841
   5990.00     8.1332
   6000.00     7.9590
   6010.00     7.8400
   6020.00     8.6089
   6030.00     7.9605
   6040.00     8.2235
   6050.00     8.1159
   6060.00     8.3231
   6070.00     7.8245
   6080.00     7.9650
   6090.00     8.0892
   6100.00     7.8395
   6110.00     7.9338
   6120.00     7.7389
   6130.00     7.8146
   6140.00     8.2680
   6150.00     8.0169
   6160.00     7.3703
   6170.00     8.0291
   6180.00     7.9752
   6190.00     8.3485
   6200.00     8.3103
   6210.00     8.1637
   6220.00     8.0470
   6230.00     7.8897
   6240.00     7.8632
   6250.00     7.7030
   6260.00     7.8601
   6270.00     7.7878
   6280.00     7.6145
   6290.00     7.9205
   6300.00     7.7229
   6310.00     7.5240
   6320.00     7.7738
   6330.00     7.8623
   6340.00     7.8822
   6350.00     7.7575
   6360.00     7.6375
   6370.00     7.8341
   6380.00     8.4289
   6390.00     8.0431
   6400.00     7.7767
   6410.00     8.2385
   6420.00     8.2067
   6430.00     7.4630
   6440.00     8.3417
   6450.00     8.1968
   6460.00     7.8752
   6470.00     8.1037
   6480.00     8.1218
   6490.00     7.4731
   6500.00     7.9397
   6510.00     8.6011
   6520.00     8.1546
   6530.00     7.5453
   6540.00     7.6312
   6550.00     8.4919
   6560.00     7.8700
   6570.00     8.0900
   6580.00     8.1287
   6590.00     7.9472
   6600.00     8.5708
   6610.00     7.3850
   6620.00     8.6036
   6630.00     8.1772
   6640.00     7.9758
   6650.00     8.1180
   6660.00     8.0555
   6670.00     7.5138
   6680.00     7.5672
   6690.00     7.8507
   6700.00     8.1351
   6710.00     7.5190
   6720.00     7.6982
   6730.00     8.2408
   6740.00     8.0501
   6750.00     8.3712
   6760.00     8.0692
   6770.00     8.2313
   6780.00     7.6908
   6790.00     7.9077
   6800.00     7.6322
   6810.00     7.7778
   6820.00     7.8324
   6830.00     7.9019
   6840.00     8.1569
   6850.00     8.1621
   6860.00     8.1738
   6870.00     8.6607
   6880.00     8.5550
   6890.00     8.2249
   6900.00     8.1832
   6910.00     7.9783
   6920.00     8.1328
   6930.00     7.7318
   6940.00     7.7470
   6950.00     7.5897
   6960.00     7.9508
   6970.00     7.4432
   6980.00     8.1454
   6990.00     8.2291
   7000.00     7.4563
   7010.00     7.6965
   7020.00     7.8134
   7030.00     7.8082
   7040.00     7.5786
   7050.00     7.8472
   7060.00     8.0768
   7070.00     8.1536
   7080.00     7.7394
   7090.00     7.6505
   7100.00     7.5794
   7110.00     7.9495
   7120.00     7.9069
   7130.00     8.0460
   7140.00     7.8411
   7150.00     7.9664
   7160.00     7.9624
   7170.00     7.7390
   7180.00     7.4980
   7190.00     7.6329
   7200.00     7.9227
   7210.00     7.6304
   7220.00     8.0728
   7230.00     8.0727
   7240.00     7.6017
   7250.00     7.7298
   7260.00     8.1443
   7270.00     8.1581
   7280.00     7.7954
   7290.00     7.9042
   7300.00     7.8960
   7310.00     8.1340
   7320.00     8.0424
   7330.00     7.9894
   7340.00     7.6909
   7350.00     7.4317
   7360.00     7.8402
   7370.00     8.0308
   7380.00     7.4882
   7390.00     7.8393
   7400.00     8.2630
   7410.00     8.5223
   7420.00     8.4103
   7430.00     7.7295
   7440.00     8.4145
   7450.00     7.7126
   7460.00     8.2171
   7470.00     8.3418
   7480.00     8.1642
   7490.00     7.8249
   7500.00     8.1796
   7510.00     8.4025
   7520.00     8.0281
   7530.00     8.3498
   7540.00     8.2987
   7550.00     7.9652
   7560.00     7.5971
   7570.00     7.6337
   7580.00     7.6381
   7590.00     7.9301
   7600.00     8.1354
   7610.00     8.2440
   7620.00     7.7271
   7630.00     7.8429
   7640.00     8.1975
   7650.00     8.2266
   7660.00     8.4231
   7670.00     8.3082
   7680.00     8.0146
   7690.00     8.4105
   7700.00     7.9565
   7710.00     7.7164
   7720.00     8.1199
   7730.00     7.7535
   7740.00     7.8982
   7750.00     7.5775
   7760.00     7.7255
   7770.00     8.2576
   7780.00     8.2193
   7790.00     7.4991
   7800.00     8.1928
   7810.00     8.0204
   7820.00     7.9523
   7830.00     7.8467
   7840.00     7.7342
   7850.00     7.8576
   7860.00     8.0212
   7870.00     8.2181
   7880.00     7.9834
   7890.00     8.2019
   7900.00     7.8191
   7910.00     8.0196
   7920.00     7.9487
   7930.00     7.9001
   7940.00     7.4784
   7950.00     7.9615
   7960.00     8.4413
   7970.00     7.9233
   7980.00     7.8293
   7990.00     7.9802
   8000.00     8.2305
   8010.00     7.7545
   8020.00     7.9188
   8030.00     7.9724
   8040.00     7.6356
   8050.00     7.5603
   8060.00     7.3583
   8070.00     7.6758
   8080.00     8.2168
   8090.00     8.0648
   8100.00     8.4331
   8110.00     7.6609
   8120.00     7.9827
   8130.00     7.7825
   8140.00     8.1991
   8150.00     8.1139
   8160.00     7.9826
   8170.00     7.8420
   8180.00     8.3321
   8190.00     8.4397
   8200.00     7.4711
   8210.00     7.8385
   8220.00     8.0232
   8230.00     8.0416
   8240.00     8.2950
   8250.00     8.5719
   8260.00     8.1061
   8270.00     8.1948
   8280.00     7.7862
   8290.00     8.1767
   8300.00     7.7273
   8310.00     7.9870
   8320.00     7.9906
   8330.00     8.0018
   8340.00     8.0144
   8350.00     7.6393
   8360.00     7.8546
   8370.00     8.0904
   8380.00     7.6575
   8390.00     8.3478
   8400.00     8.2836
   8410.00     8.2344
   8420.00     7.8255
   8430.00     7.3630
   8440.00     7.6589
   8450.00     7.9538
   8460.00     7.9374
   8470.00     7.9153
   8480.00     8.3194
   8490.00     7.4564
   8500.00     8.0208
   8510.00     7.8885
   8520.00     7.8794
   8530.00     7.3982
   8540.00     8.3934
   8550.00     8.4728
   8560.00     7.7880
   8570.00     7.8933
   8580.00     8.1973
   8590.00     8.1236
   8600.00     8.2286
   8610.00     8.2625
   8620.00     8.1685
   8630.00     7.6968
   8640.00     7.8430
   8650.00     7.4217
   8660.00     7.8102
   8670.00     7.3383
   8680.00     8.1211
   8690.00     7.5292
   8700.00     8.3164
   8710.00     8.0641
   8720.00     7.7393
   8730.00     7.9758
   8740.00     7.8981
   8750.00     7.6588
   8760.00     7.6118
   8770.00     8.0345
   8780.00     7.9380
   8790.00     8.2232
   8800.00     7.8882
   8810.00     7.6878
   8820.00     7.8192
   8830.00     7.9593
   8840.00     8.3687
   8850.00     7.5301
   8860.00     7.6803
   8870.00     8.2971
   8880.00     7.9751
   8890.00     7.9770
   8900.00     8.0992
   8910.00     7.8597
   8920.00     8.0948
   8930.00     7.8845
   8940.00     7.5764
   8950.00     7.6878
   8960.00     7.9831
   8970.00     8.3041
   8980.00     8.1629
   8990.00     7.8089
   9000.00     8.0844
   9010.00     8.2210
   9020.00     7.9203
   9030.00     7.9079
   9040.00     7.8044
   9050.00     7.9955
   9060.00     7.8572
   9070.00     8.4459
   9080.00     8.0113
   9090.00     8.1270
   9100.00     8.0688
   9110.00     8.2547
   9120.00     8.6018
   9130.00     8.0320
   9140.00     6.9934
   9150.00     7.9094
   9160.00     8.0065
   9170.00     7.6420
   9180.00     7.9568
   9190.00     7.9123
   9200.00     7.7026
   9210.00     7.8205
   9220.00     7.7212
   9230.00     8.1976
   9240.00     7.7925
   9250.00     7.8386
   9260.00     8.2900
   9270.00     7.9530
   9280.00     7.6187
   9290.00     7.7563
   9300.00     8.2982
   9310.00     7.7660
   9320.00     8.1570
   9330.00     7.7334
   9340.00     7.6297
   9350.00     8.0623
   9360.00     7.9896
   9370.00     7.6979
   9380.00     7.7326
   9390.00     7.8235
   9400.00     8.0830
   9410.00     8.1272
   9420.00     8.0921
   9430.00     8.1269
   9440.00     8.1521
   9450.00     7.7468
   9460.00     8.0483
   9470.00     7.8064
   9480.00     8.1046
   9490.00     7.7933
   9500.00     8.3604
   9510.00     8.0713
   9520.00     7.4621
   9530.00     8.0420
   9540.00     8.0249
   9550.00     8.8159
   9560.00     8.4365
   9570.00     7.9279
   9580.00     8.4383
   9590.00     7.9565
   9600.00     8.4373
   9610.00     8.3136
   9620.00     8.0233
   9630.00     8.1015
   9640.00     7.6126
   9650.00     7.7283
   9660.00     8.1700
   9670.00     8.4148
   9680.00     7.9969
   9690.00     8.0878
   9700.00     7.6781
   9710.00     8.3135
   9720.00     7.9854
   9730.00     8.0897
   9740.00     7.6576
   9750.00     7.9686
   9760.00     8.0014
   9770.00     8.0259
   9780.00     7.9133
   9790.00     8.3346
   9800.00     7.7129
   9810.00     7.9008
   9820.00     7.9247
   9830.00     8.2798
   9840.00     8.3558
   9850.00     8.1012
   9860.00     8.4347
   9870.00     8.2137
   9880.00     7.9229
   9890.00     7.6677
   9900.00     8.5707
   9910.00     8.0279
   9920.00     8.2290
   9930.00     8.0247
   9940.00     8.2760
   9950.00     7.9477
   9960.00     8.3569
   9970.00     8.1219
   9980.00     8.1565
   9990.00     7.6333
  10000.00     7.4247
  10010.00     8.3589
  10020.00     8.0542
  10030.00     8.1262
  10040.00     7.7952
  10050.00     7.5955
  10060.00     7.7568
  10070.00     8.1455
  10080.00     7.9856
  10090.00     8.1707
  10100.00     7.9475
  10110.00     7.8362
  10120.00     7.7575
  10130.00     7.7709
  10140.00     8.5552
  10150.00     8.4092
  10160.00     8.5874
  10170.00     7.6118
  10180.00     8.0346
  10190.00     7.6544
  10200.00     7.4877
  10210.00     7.9507
  10220.00     7.7775
  10230.00     7.8500
  10240.00     7.6505
  10250.00     7.8489
  10260.00     7.9761
  10270.00     7.9784
  10280.00     8.4889
  10290.00     7.9404
  10300.00     7.9891
  10310.00     7.9968
  10320.00     8.2574
  10330.00     8.3942
  10340.00     7.8533
  10350.00     8.0110
  10360.00     8.0094
  10370.00     7.4032
  10380.00     7.7740
  10390.00     7.9338
  10400.00     7.5887
  10410.00     7.4205
  10420.00     7.8210
  10430.00     8.1956
  10440.00     8.3494
  10450.00     7.8458
  10460.00     8.0730
  10470.00     8.2899
  10480.00     8.0658
  10490.00     8.3163
  10500.00     8.2489
  10510.00     8.0932
  10520.00     8.0950
  10530.00     7.8798
  10540.00     7.8723
  10550.00     7.5465
  10560.00     8.2843
  10570.00     8.0498
  10580.00     7.5164
  10590.00     8.0704
  10600.00     6.8474
  10610.00     8.2099
  10620.00     8.1836
  10630.00     7.8677
  10640.00     7.4579
  10650.00     7.1508
  10660.00     8.2295
  10670.00     8.0169
  10680.00     8.0266
  10690.00     8.2683
  10700.00     8.2760
  10710.00     7.8805
  10720.00     8.0997
  10730.00     8.1734
  10740.00     7.9531
  10750.00     7.6123
  10760.00     8.2309
  10770.00     7.9932
  10780.00     8.0791
  10790.00     7.5582
  10800.00     8.3624
  10810.00     8.5781
  10820.00     7.9842
  10830.00     7.4132
  10840.00     8.5070
  10850.00     8.0965
  10860.00     7.9701
  10870.00     8.0965
  10880.00     8.5240
  10890.00     8.2193
  10900.00     7.8110
  10910.00     8.2829
  10920.00     8.1438
  10930.00     8.4008
  10940.00     8.6146
  10950.00     8.4257
  10960.00     8.2980
  10970.00     7.7122
  10980.00     7.9826
  10990.00     8.1674
  11000.00     7.8974
  11010.00     7.6893
  11020.00     7.7401
  11030.00     7.9885
  11040.00     7.8198
  11050.00     8.0674
  11060.00     8.0154
  11070.00     7.9252
  11080.00     7.9137
  11090.00     8.2048
  11100.00     7.8721
  11110.00     8.1893
  11120.00     8.0545
  11130.00     7.8355
  11140.00     7.9943
  11150.00     8.0085
  11160.00     7.5234
  11170.00     7.5744
  11180.00     7.9921
  11190.00     7.9458
  11200.00     8.1958
  11210.00     7.5706
  11220.00     7.8537
  11230.00     7.7748
  11240.00     7.6475
  11250.00     8.2840
  11260.00     7.7299
  11270.00     7.9497
  11280.00     7.4145
  11290.00     7.7699
  11300.00     7.8544
  11310.00     7.4506
  11320.00     8.0028
  11330.00     7.8989
  11340.00     7.8105
  11350.00     8.6414
  11360.00     7.5614
  11370.00     8.0998
  11380.00     7.9989
  11390.00     8.0410
  11400.00     7.9514
  11410.00     7.9785
  11420.00     7.9442
  11430.00     8.0968
  11440.00     8.0618
  11450.00     8.4503
  11460.00     8.3355
  11470.00     7.6084
  11480.00     7.6268
  11490.00     8.2999
  11500.00     8.0540
  11510.00     7.9984
  11520.00     7.7376
  11530.00     8.5847
  11540.00     8.2140
  11550.00     7.8573
  11560.00     8.5293
  11570.00     8.2645
  11580.00     7.9042
  11590.00     8.7915
  11600.00     8.5699
  11610.00     7.5797
  11620.00     7.9883
  11630.00     8.0298
  11640.00     7.8739
  11650.00     7.8684
  11660.00     8.1594
  11670.00     7.3234
  11680.00     7.7474
  11690.00     7.8617
  11700.00     8.0540
  11710.00     7.6524
  11720.00     8.1674
  11730.00     8.3373
  11740.00     8.2717
  11750.00     7.8598
  11760.00     8.3577
  11770.00     8.2836
  11780.00     7.8528
  11790.00     7.7076
  11800.00     7.8441
  11810.00     7.7923
  11820.00     7.8712
  11830.00     8.1503
  11840.00     7.6870
  11850.00     7.7451
  11860.00     7.8693
  11870.00     7.9766
  11880.00     7.7219
  11890.00     7.7849
  11900.00     7.8491
  11910.00     7.7191
  11920.00     7.8657
  11930.00     7.4069
  11940.00     7.8885
  11950.00     7.7922
  11960.00     7.9319
  11970.00     8.5483
  11980.00     7.9868
  11990.00     8.3227
  12000.00     7.9092
  12010.00     8.1440
  12020.00     7.9491
  12030.00     8.0388
  12040.00     8.2446
  12050.00     7.8712
  12060.00     8.3121
  12070.00     7.6473
  12080.00     8.0967
  12090.00     7.8242
  12100.00     7.8463
  12110.00     8.5961
  12120.00     8.5679
  12130.00     8.0609
  12140.00     8.2464
  12150.00     8.3022
  12160.00     8.7822
  12170.00     7.7674
  12180.00     7.8644
  12190.00     8.0918
  12200.00     8.1004
  12210.00     7.7876
  12220.00     8.3529
  12230.00     8.0128
  12240.00     7.9958
  12250.00     8.1349
  12260.00     8.4545
  12270.00     8.2797
  12280.00     8.2759
  12290.00     7.5473
  12300.00     8.2516
  12310.00     7.6384
  12320.00     7.7012
  12330.00     7.7246
  12340.00     7.9812
  12350.00     7.5992
  12360.00     7.4261
  12370.00     7.7287
  12380.00     8.1138
  12390.00     8.0701
  12400.00     8.1135
  12410.00     8.4652
  12420.00     7.9031
  12430.00     7.7066
  12440.00     7.7488
  12450.00     7.8020
  12460.00     7.8166
  12470.00     7.4533
  12480.00     7.7913
  12490.00     7.7444
  12500.00     8.0523
  12510.00     8.4354
  12520.00     8.0099
  12530.00     7.4825
  12540.00     8.0219
  12550.00     7.9075
  12560.00     7.9440
  12570.00     8.0752
  12580.00     8.0342
  12590.00     7.7324
  12600.00     8.3081
  12610.00     8.0360
  12620.00     8.1633
  12630.00     7.6710
  12640.00     7.9872
  12650.00     8.1668
  12660.00     7.9882
  12670.00     8.2911
  12680.00     7.9015
  12690.00     7.5348
  12700.00     7.5702
  12710.00     7.5425
  12720.00     8.0085
  12730.00     7.9553
  12740.00     8.2519
  12750.00     7.7651
  12760.00     7.8850
  12770.00     8.0168
  12780.00     7.7892
  12790.00     7.6293
  12800.00     8.1091
  12810.00     7.6111
  12820.00     7.8003
  12830.00     7.8195
  12840.00     7.7142
  12850.00     8.3474
  12860.00     7.9461
  12870.00     7.9737
  12880.00     7.6088
  12890.00     8.2036
  12900.00     8.1325
  12910.00     8.0468
  12920.00     7.9427
  12930.00     7.6093
  12940.00     8.3953
  12950.00     7.2876
  12960.00     7.8796
  12970.00     8.0839
  12980.00     8.1856
  12990.00     7.9769
  13000.00     8.2110
  13010.00     7.8943
  13020.00     8.1509
  13030.00     8.1562
  13040.00     8.5983
  13050.00     7.7758
  13060.00     8.3050
  13070.00     7.9091
  13080.00     7.8067
  13090.00     8.6076
  13100.00     7.7762
  13110.00     7.4790
  13120.00     7.7467
  13130.00     8.1417
  13140.00     8.2207
  13150.00     7.7877
  13160.00     8.4762
  13170.00     7.5931
  13180.00     8.0185
  13190.00     8.1247
  13200.00     8.5067
  13210.00     8.7605
  13220.00     7.7580
  13230.00     8.1161
  13240.00     8.3078
  13250.00     7.8313
  13260.00     7.5722
  13270.00     7.8822
  13280.00     7.9090
  13290.00     8.0211
  13300.00     7.6761
  13310.00     7.8355
  13320.00     7.6823
  13330.00     8.0296
  13340.00     8.2545
  13350.00     7.6972
  13360.00     7.5383
  13370.00     7.8738
  13380.00     7.8451
  13390.00     8.0910
  13400.00     7.2322
  13410.00     8.0236
  13420.00     7.8591
  13430.00     8.0447
  13440.00     8.1741
  13450.00     8.1664
  13460.00     7.9229
  13470.00     8.3866
  13480.00     8.2279
  13490.00     8.1433
  13500.00     7.6585
  13510.00     8.0492
  13520.00     8.0308
  13530.00     8.4001
  13540.00     8.1570
  13550.00     8.2220
  13560.00     8.0013
  13570.00     8.0358
  13580.00     7.5772
  13590.00     8.1090
  13600.00     8.3116
  13610.00     8.3287
  13620.00     8.2403
  13630.00     8.3610
  13640.00     7.8096
  13650.00     8.2126
  13660.00     7.9499
  13670.00     8.3842
  13680.00     7.5837
  13690.00     8.6241
  13700.00     8.1977
  13710.00     8.4329
  13720.00     8.4449
  13730.00     7.8650
  13740.00     8.1004
  13750.00     8.1865
  13760.00     8.2156
  13770.00     8.2118
  13780.00     7.8726
  13790.00     7.6302
  13800.00     7.5879
  13810.00     7.9953
  13820.00     8.4024
  13830.00     8.2040
  13840.00     7.6769
  13850.00     8.2591
  13860.00     7.8609
  13870.00     8.2857
  13880.00     7.8311
  13890.00     8.3273
  13900.00     7.9832
  13910.00     8.1276
  13920.00     8.1134
  13930.00     8.4673
  13940.00     8.2113
  13950.00     8.3836
  13960.00     8.0204
  13970.00     7.9481
  13980.00     7.8123
  13990.00     8.2995
  14000.00     8.3331
  14010.00     7.6658
  14020.00     7.9342
  14030.00     7.7397
  14040.00     8.0300
  14050.00     8.0731
  14060.00     8.1978
  14070.00     7.8626
  14080.00     7.8586
  14090.00     8.3509
  14100.00     8.0248
  14110.00     8.2523
  14120.00     8.1353
  14130.00     8.0288
  14140.00     8.2979
  14150.00     8.0180
  14160.00     7.8714
  14170.00     8.1952
  14180.00     8.2716
  14190.00     7.8539
  14200.00     8.2915
  14210.00     8.2780
  14220.00     7.7489
  14230.00     8.0030
  14240.00     8.2808
  14250.00     7.5753
  14260.00     8.1907
  14270.00     8.4144
  14280.00     7.8070
  14290.00     7.4034
  14300.00     7.6584
  14310.00     7.7129
  14320.00     8.1406
  14330.00     7.9268
  14340.00     7.9941
  14350.00     8.1260
  14360.00     8.1522
  14370.00     8.2498
  14380.00     8.5512
  14390.00     8.4952
  14400.00     8.2133
  14410.00     8.1203
  14420.00     8.3722
  14430.00     7.6980
  14440.00     8.1034
  14450.00     7.9966
  14460.00     8.1884
  14470.00     8.8525
  14480.00     7.8279
  14490.00     7.6747
  14500.00     8.3366
  14510.00     7.6129
  14520.00     7.8230
  14530.00     7.8440
  14540.00     8.0822
  14550.00     7.9266
  14560.00     8.0687
  14570.00     7.7109
  14580.00     7.6487
  14590.00     7.9372
  14600.00     8.0185
  14610.00     8.3964
  14620.00     8.3676
  14630.00     8.3114
  14640.00     7.9243
  14650.00     7.6762
  14660.00     7.9343
  14670.00     7.4183
  14680.00     7.2915
  14690.00     7.6117
  14700.00     7.8286
  14710.00     7.9517
  14720.00     8.0972
  14730.00     7.7966
  14740.00     8.0886
  14750.00     7.6413
  14760.00     8.5160
  14770.00     8.2398
  14780.00     8.1625
  14790.00     8.0473
  14800.00     7.6317
  14810.00     8.0336
  14820.00     7.9888
  14830.00     8.4041
  14840.00     8.2061
  14850.00     8.0348
  14860.00     8.0243
  14870.00     8.0584
  14880.00     7.8797
  14890.00     8.5491
  14900.00     7.8906
  14910.00     8.6029
  14920.00     8.0712
  14930.00     8.2427
  14940.00     7.7203
  14950.00     8.4372
  14960.00     8.0119
  14970.00     7.8746
  14980.00     8.4272
  14990.00     8.0250
  15000.00     7.9824
  15010.00     8.3243
  15020.00     8.0411
  15030.00     7.1805
  15040.00     8.1498
  15050.00     8.3499
  15060.00     7.5035
  15070.00     7.5049
  15080.00     7.6163
  15090.00     8.0272
  15100.00     8.2958
  15110.00     7.8192
  15120.00     7.7926
  15130.00     8.5278
  15140.00     7.7818
  15150.00     8.6090
  15160.00     7.9258
  15170.00     8.2961
  15180.00     7.7365
  15190.00     7.9151
  15200.00     7.9118
  15210.00     8.1012
  15220.00     7.9062
  15230.00     7.8089
  15240.00     7.8514
  15250.00     8.1632
  15260.00     7.9437
  15270.00     7.6922
  15280.00     7.4723
  15290.00     7.5391
  15300.00     8.3050
  15310.00     8.1255
  15320.00     7.3369
  15330.00     8.3295
  15340.00     8.3091
  15350.00     8.0507
  15360.00     7.8623
  15370.00     8.0213
  15380.00     8.1841
  15390.00     7.6667
  15400.00     8.5436
  15410.00     8.2868
  15420.00     7.6884
  15430.00     8.0676
  15440.00     8.2671
  15450.00     8.6490
  15460.00     8.6718
  15470.00     7.9594
  15480.00     8.1696
  15490.00     8.1422
  15500.00     8.5871
  15510.00     7.6893
  15520.00     7.8985
  15530.00     8.2752
  15540.00     7.6871
  15550.00     8.4910
  15560.00     8.2639
  15570.00     8.2255
  15580.00     8.1096
  15590.00     8.4284
  15600.00     8.5419
  15610.00     8.1989
  15620.00     8.1638
  15630.00     7.6987
  15640.00     8.1951
  15650.00     8.4033
  15660.00     8.2238
  15670.00     7.7377
  15680.00     8.0336
  15690.00     7.6967
  15700.00     8.0761
  15710.00     8.2531
  15720.00     8.0507
  15730.00     8.0149
  15740.00     8.2188
  15750.00     7.9923
  15760.00     7.8723
  15770.00     7.9213
  15780.00     8.0242
  15790.00     8.2725
  15800.00     8.1747
  15810.00     7.5777
  15820.00     7.8646
  15830.00     8.0538
  15840.00     8.4914
  15850.00     8.2793
  15860.00     8.0215
  15870.00     7.8020
  15880.00     8.0584
  15890.00     8.2038
  15900.00     8.4488
  15910.00     7.7908
  15920.00     8.1077
  15930.00     8.1349
  15940.00     7.3476
  15950.00     8.2349
  15960.00     7.3733
  15970.00     8.0314
  15980.00     8.3150
  15990.00     7.9168
  16000.00     8.2400
  16010.00     7.6138
  16020.00     8.1219
  16030.00     7.6877
  16040.00     8.1799
  16050.00     8.1655
  16060.00     7.7830
  16070.00     8.1852
  16080.00     8.2791
  16090.00     8.2746
  16100.00     8.3982
  16110.00     7.7624
  16120.00     8.1334
  16130.00     7.9901
  16140.00     7.7609
  16150.00     7.8851
  16160.00     8.2560
  16170.00     8.1065
  16180.00     7.7930
  16190.00     7.8423
  16200.00     7.6924
  16210.00     8.0364
  16220.00     8.1534
  16230.00     8.1480
  16240.00     7.7574
  16250.00     8.1719
  16260.00     7.9250
  16270.00     8.4558
  16280.00     8.0682
  16290.00     8.1152
  16300.00     7.9062
  16310.00     7.9629
  16320.00     7.9547
  16330.00     7.8292
  16340.00     7.7282
  16350.00     7.9169
  16360.00     7.6499
  16370.00     8.1433
  16380.00     8.1819
  16390.00     7.7732
  16400.00     7.9958
  16410.00     7.5173
  16420.00     8.3049
  16430.00     8.3233
  16440.00     8.0595
  16450.00     7.8636
  16460.00     7.4935
  16470.00     7.9942
  16480.00     8.1480
  16490.00     8.4739
  16500.00     7.8993
  16510.00     7.6399
  16520.00     7.8448
  16530.00     7.8531
  16540.00     8.3740
  16550.00     7.9557
  16560.00     7.8367
  16570.00     7.4880
  16580.00     7.5977
  16590.00     8.3567
  16600.00     7.7105
  16610.00     8.0562
  16620.00     7.5816
  16630.00     7.6977
  16640.00     7.9688
  16650.00     7.7111
  16660.00     8.2642
  16670.00     8.1296
  16680.00     8.0042
  16690.00     8.3464
  16700.00     8.2660
  16710.00     8.1488
  16720.00     8.1280
  16730.00     7.6040
  16740.00     7.7894
  16750.00     7.9170
  16760.00     7.9989
  16770.00     8.1186
  16780.00     7.7106
  16790.00     8.2744
  16800.00     8.1404
  16810.00     7.6214
  16820.00     7.8272
  16830.00     7.8277
  16840.00     8.6040
  16850.00     8.4662
  16860.00     7.5073
  16870.00     8.1926
  16880.00     7.9700
  16890.00     7.9718
  16900.00     8.2063
  16910.00     8.1392
  16920.00     8.0438
  16930.00     7.8708
  16940.00     7.9995
  16950.00     8.0645
  16960.00     8.5508
  16970.00     8.3158
  16980.00     7.5040
  16990.00     8.0660
  17000.00     7.8091
  17010.00     8.1835
  17020.00     7.8944
  17030.00     7.5551
  17040.00     8.1826
  17050.00     8.0730
  17060.00     7.8597
  17070.00     8.0892
  17080.00     8.1573
  17090.00     8.4447
  17100.00     8.8722
  17110.00     7.7571
  17120.00     8.6366
  17130.00     7.8440
  17140.00     7.9301
  17150.00     7.7804
  17160.00     7.6546
  17170.00     7.8678
  17180.00     8.1345
  17190.00     7.9925
  17200.00     8.1395
  17210.00     7.5473
  17220.00     8.4235
  17230.00     8.0423
  17240.00     7.7197
  17250.00     7.9905
  17260.00     7.7486
  17270.00     7.9544
  17280.00     7.9583
  17290.00     8.0639
  17300.00     8.1883
  17310.00     8.2617
  17320.00     8.2783
  17330.00     8.0252
  17340.00     8.0979
  17350.00     7.5873
  17360.00     7.4897
  17370.00     7.7091
  17380.00     8.0405
  17390.00     7.9411
  17400.00     8.0887
  17410.00     7.6667
  17420.00     7.8660
  17430.00     7.8897
  17440.00     7.9195
  17450.00     7.3742
  17460.00     8.3390
  17470.00     7.3575
  17480.00     8.0978
  17490.00     7.9238
  17500.00     8.2488
  17510.00     7.9815
  17520.00     8.1826
  17530.00     8.0629
  17540.00     8.3632
  17550.00     7.9802
  17560.00     7.8890
  17570.00     7.8259
  17580.00     7.8846
  17590.00     7.9692
  17600.00     7.8851
  17610.00     7.5525
  17620.00     7.8494
  17630.00     8.4975
  17640.00     7.5708
  17650.00     8.4641
  17660.00     8.0664
  17670.00     7.8661
  17680.00     8.2375
  17690.00     7.8723
  17700.00     8.4959
  17710.00     8.1607
  17720.00     7.8657
  17730.00     7.9617
  17740.00     7.9197
  17750.00     7.8818
  17760.00     7.7890
  17770.00     7.8343
  17780.00     8.2113
  17790.00     8.5148
  17800.00     8.2575
  17810.00     7.5334
  17820.00     8.1318
  17830.00     7.7828
  17840.00     7.6668
  17850.00     8.3006
  17860.00     7.8251
  17870.00     7.9868
  17880.00     8.3255
  17890.00     7.4822
  17900.00     7.8586
  17910.00     7.9459
  17920.00     7.7287
  17930.00     7.5950
  17940.00     7.0419
  17950.00     7.8501
  17960.00     7.9574
  17970.00     7.8616
  17980.00     7.7334
  17990.00     7.7368
  18000.00     7.8372
  18010.00     8.5310
  18020.00     8.3539
  18030.00     8.2764
  18040.00     7.7269
  18050.00     8.1311
  18060.00     8.1806
  18070.00     8.1638
  18080.00     7.6262
  18090.00     8.2887
  18100.00     8.3206
  18110.00     7.3028
  18120.00     7.8816
  18130.00     7.9079
  18140.00     7.3366
  18150.00     7.8979
  18160.00     7.9055
  18170.00     8.1376
  18180.00     7.9550
  18190.00     8.4902
  18200.00     7.8297
  18210.00     8.0432
  18220.00     7.7217
  18230.00     8.0301
  18240.00     7.8289
  18250.00     8.1190
  18260.00     8.5168
  18270.00     8.0707
  18280.00     8.3571
  18290.00     8.0721
  18300.00     8.0939
  18310.00     8.0495
  18320.00     8.1479
  18330.00     8.3110
  18340.00     8.1466
  18350.00     7.9759
  18360.00     8.2105
  18370.00     7.6499
  18380.00     8.2194
  18390.00     8.4564
  18400.00     7.8423
  18410.00     7.7343
  18420.00     8.1643
  18430.00     8.1475
  18440.00     8.4695
  18450.00     7.5731
  18460.00     8.1101
  18470.00     8.2878
  18480.00     8.2048
  18490.00     7.8228
  18500.00     8.0037
  18510.00     7.9616
  18520.00     7.5543
  18530.00     8.2261
  18540.00     8.0717
  18550.00     7.8966
  18560.00     7.9223
  18570.00     8.1202
  18580.00     7.9916
  18590.00     7.3790
  18600.00     7.5364
  18610.00     7.7990
  18620.00     7.8255
  18630.00     8.1564
  18640.00     7.7673
  18650.00     7.8501
  18660.00     7.9220
  18670.00     7.7048
  18680.00     8.2862
  18690.00     7.5139
  18700.00     8.0179
  18710.00     8.2144
  18720.00     7.8810
  18730.00     7.8867
  18740.00     7.9402
  18750.00     8.4061
  18760.00     8.1359
  18770.00     8.1927
  18780.00     7.3393
  18790.00     7.8985
  18800.00     7.7046
  18810.00     7.7502
  18820.00     7.8982
  18830.00     7.8808
  18840.00     7.6320
  18850.00     8.2100
  18860.00     8.3298
  18870.00     7.9010
  18880.00     7.7884
  18890.00     7.8879
  18900.00     7.6025
  18910.00     8.6142
  18920.00     7.9738
  18930.00     7.6471
  18940.00     8.5174
  18950.00     7.9850
  18960.00     8.0194
  18970.00     7.9366
  18980.00     7.6861
  18990.00     7.6379
  19000.00     8.1311
  19010.00     8.5651
  19020.00     7.7941
  19030.00     7.5742
  19040.00     7.9009
  19050.00     8.0343
  19060.00     7.5543
  19070.00     8.0985
  19080.00     8.2356
  19090.00     8.0939
  19100.00     8.4688
  19110.00     8.1823
  19120.00     7.9738
  19130.00     7.9926
  19140.00     8.5226
  19150.00     8.1964
  19160.00     8.1783
  19170.00     7.8438
  19180.00     8.6439
  19190.00     8.1417
  19200.00     7.5621
  19210.00     7.9686
  19220.00     7.8129
  19230.00     8.0016
  19240.00     8.4051
  19250.00     7.8616
  19260.00     8.1548
  19270.00     8.1777
  19280.00     7.8836
  19290.00     8.1490
  19300.00     8.0449
  19310.00     8.0112
  19320.00     7.7649
  19330.00     8.0290
  19340.00     7.9913
  19350.00     8.1033
  19360.00     7.6709
  19370.00     8.3597
  19380.00     8.1641
  19390.00     7.9627
  19400.00     8.1694
  19410.00     8.0205
  19420.00     8.3496
  19430.00     7.5572
  19440.00     8.0225
  19450.00     8.0519
  19460.00     8.2091
  19470.00     7.5791
  19480.00     7.8065
  19490.00     7.3332
  19500.00     8.1696
  19510.00     8.3410
  19520.00     8.1275
  19530.00     8.0108
  19540.00     7.8055
  19550.00     8.0594
  19560.00     8.4123
  19570.00     7.7833
  19580.00     7.9362
  19590.00     7.7981
  19600.00     7.9595
  19610.00     8.0353
  19620.00     8.3249
  19630.00     8.2782
  19640.00     7.8260
  19650.00     7.8911
  19660.00     7.8914
  19670.00     8.1470
  19680.00     7.7709
  19690.00     8.2393
  19700.00     7.6703
  19710.00     7.8207
  19720.00     8.3260
  19730.00     8.2636
  19740.00     7.8778
  19750.00     8.1022
  19760.00     7.8434
  19770.00     7.7938
  19780.00     7.8945
  19790.00     8.3374
  19800.00     8.0687
  19810.00     7.8167
  19820.00     7.7785
  19830.00     7.9807
  19840.00     8.3647
  19850.00     8.3254
  19860.00     8.6210
  19870.00     8.1622
  19880.00     8.2649
  19890.00     8.3909
  19900.00     8.2894
  19910.00     8.2227
  19920.00     8.6389
  19930.00     8.1612
  19940.00     8.5128
  19950.00     8.7300
  19960.00     8.0355
  19970.00     8.4242
  19980.00     8.0678
  19990.00     7.9653
  20000.00     8.2811
  20010.00     7.5448
  20020.00     8.5348
  20030.00     7.9660
  20040.00     8.0604
  20050.00     8.3352
  20060.00     7.3476
  20070.00     7.8671
  20080.00     8.2697
  20090.00     7.8789
  20100.00     8.5289
  20110.00     8.3077
  20120.00     8.0860
  20130.00     8.0130
  20140.00     8.3742
  20150.00     7.8645
  20160.00     8.1283
  20170.00     8.0352
  20180.00     8.1571
  20190.00     7.7653
  20200.00     7.9030
  20210.00     7.6056
  20220.00     8.5160
  20230.00     8.0844
  20240.00     7.8580
  20250.00     8.1899
  20260.00     7.7131
  20270.00     7.8936
  20280.00     8.0084
  20290.00     7.9366
  20300.00     7.8452
  20310.00     7.9972
  20320.00     7.9519
  20330.00     7.8732
  20340.00     8.1956
  20350.00     8.3843
  20360.00     7.9215
  20370.00     8.6590
  20380.00     8.0010
  20390.00     8.3072
  20400.00     7.9809
  20410.00     8.4583
  20420.00     8.3855
  20430.00     8.1578
  20440.00     8.1089
  20450.00     8.2805
  20460.00     8.1688
  20470.00     8.3341
  20480.00     8.0298
  20490.00     8.1166
  20500.00     7.9834
  20510.00     7.6227
  20520.00     7.8748
  20530.00     8.0806
  20540.00     8.4916
  20550.00     7.8970
  20560.00     7.8843
  20570.00     8.0590
  20580.00     8.2795
  20590.00     7.6842
  20600.00     8.3674
  20610.00     7.7218
  20620.00     7.5074
  20630.00     7.8568
  20640.00     8.3450
  20650.00     7.8782
  20660.00     7.6899
  20670.00     8.2622
  20680.00     7.6674
  20690.00     8.1273
  20700.00     8.2346
  20710.00     7.8404
  20720.00     8.1896
  20730.00     8.1279
  20740.00     8.4308
  20750.00     8.1326
  20760.00     7.8794
  20770.00     7.4808
  20780.00     7.6523
  20790.00     8.3685
  20800.00     7.8017
  20810.00     7.9727
  20820.00     8.2299
  20830.00     8.0493
  20840.00     8.0323
  20850.00     8.3222
  20860.00     7.5671
  20870.00     8.0037
  20880.00     7.8831
  20890.00     8.3881
  20900.00     7.8912
  20910.00     8.0574
  20920.00     7.5825
  20930.00     8.3975
  20940.00     7.5458
  20950.00     7.8759
  20960.00     7.9100
  20970.00     7.8876
  20980.00     7.6489
  20990.00     7.9300
  21000.00     8.2405
  21010.00     8.3244
  21020.00     8.1073
  21030.00     7.9811
  21040.00     7.6640
  21050.00     8.2347
  21060.00     8.3290
  21070.00     7.6320
  21080.00     8.1097
  21090.00     8.2172
  21100.00     7.8952
  21110.00     8.1720
  21120.00     8.2842
  21130.00     7.8950
  21140.00     7.8595
  21150.00     7.6295
  21160.00     7.6267
  21170.00     8.2105
  21180.00     8.0293
  21190.00     8.1794
  21200.00     7.6178
  21210.00     7.9519
  21220.00     8.3261
  21230.00     7.7476
  21240.00     8.3099
  21250.00     8.4243
  21260.00     8.7544
  21270.00     7.8929
  21280.00     8.0031
  21290.00     8.0547
  21300.00     8.1990
  21310.00     8.3796
  21320.00     8.0148
  21330.00     7.9120
  21340.00     7.2516
  21350.00     7.8974
  21360.00     7.8813
  21370.00     8.0606
  21380.00     8.2388
  21390.00     8.1938
  21400.00     7.8991
  21410.00     8.4579
  21420.00     7.9592
  21430.00     8.0125
  21440.00     8.0118
  21450.00     8.4462
  21460.00     7.8220
  21470.00     7.8817
  21480.00     8.7615
  21490.00     7.7863
  21500.00     8.1542
  21510.00     8.2047
  21520.00     8.5999
  21530.00     8.5006
  21540.00     7.8972
  21550.00     8.0077
  21560.00     7.9932
  21570.00     8.0855
  21580.00     7.8757
  21590.00     7.6119
  21600.00     8.3503
  21610.00     8.0208
  21620.00     7.7834
  21630.00     7.9283
  21640.00     7.9581
  21650.00     8.2242
  21660.00     7.8515
  21670.00     7.6772
  21680.00     7.8705
  21690.00     7.8849
  21700.00     7.7774
  21710.00     8.1851
  21720.00     8.2532
  21730.00     7.8898
  21740.00     8.2741
  21750.00     7.3915
  21760.00     8.2308
  21770.00     8.6823
  21780.00     8.3232
  21790.00     7.7838
  21800.00     7.8671
  21810.00     8.1158
  21820.00     7.9112
  21830.00     7.9798
  21840.00     7.8280
  21850.00     7.4028
  21860.00     8.4244
  21870.00     8.3133
  21880.00     7.9746
  21890.00     8.2612
  21900.00     7.4214
  21910.00     8.1468
  21920.00     7.7938
  21930.00     8.0834
  21940.00     8.0927
  21950.00     7.5999
  21960.00     7.6604
  21970.00     8.1537
  21980.00     8.1323
  21990.00     7.8655
  22000.00     7.6678
  22010.00     7.5834
  22020.00     8.6445
  22030.00     8.1951
  22040.00     7.5096
  22050.00     7.9878
  22060.00     8.0023
  22070.00     8.2821
  22080.00     8.3024
  22090.00     8.1174
  22100.00     7.9422
  22110.00     7.9299
  22120.00     7.5841
  22130.00     8.4394
  22140.00     8.3345
  22150.00     8.1038
  22160.00     7.9838
  22170.00     7.9399
  22180.00     8.1381
  22190.00     7.8599
  22200.00     7.8301
  22210.00     7.6463
  22220.00     8.2688
  22230.00     7.8986
  22240.00     8.4167
  22250.00     8.0357
  22260.00     7.7015
  22270.00     8.1187
  22280.00     7.9203
  22290.00     7.9138
  22300.00     7.4977
  22310.00     7.9511
  22320.00     7.7809
  22330.00     7.9701
  22340.00     7.6555
  22350.00     7.8225
  22360.00     7.6376
  22370.00     7.8956
  22380.00     7.5343
  22390.00     7.4618
  22400.00     8.0610
  22410.00     8.3251
  22420.00     8.6327
  22430.00     8.2447
  22440.00     8.2755
  22450.00     8.6168
  22460.00     8.1631
  22470.00     8.0885
  22480.00     7.9203
  22490.00     7.7452
  22500.00     8.1691
  22510.00     8.1612
  22520.00     8.2189
  22530.00     7.8046
  22540.00     8.0973
  22550.00     8.4935
  22560.00     8.0994
  22570.00     8.2553
  22580.00     7.8787
  22590.00     8.3229
  22600.00     7.9975
  22610.00     7.8074
  22620.00     7.8099
  22630.00     8.1243
  22640.00     7.8335
  22650.00     7.7617
  22660.00     7.8071
  22670.00     8.0825
  22680.00     8.0026
  22690.00     8.5213
  22700.00     8.3192
  22710.00     8.2740
  22720.00     8.2041
  22730.00     8.1499
  22740.00     7.9113
  22750.00     8.2173
  22760.00     7.6502
  22770.00     8.3908
  22780.00     7.1481
  22790.00     7.7668
  22800.00     7.8524
  22810.00     8.1136
  22820.00     7.7512
  22830.00     7.5188
  22840.00     7.4320
  22850.00     8.0245
  22860.00     8.3720
  22870.00     7.8221
  22880.00     8.0868
  22890.00     8.0920
  22900.00     7.8705
  22910.00     7.6463
  22920.00     7.7912
  22930.00     7.3377
  22940.00     7.8315
  22950.00     7.6419
  22960.00     8.0864
  22970.00     8.4705
  22980.00     8.2978
  22990.00     7.9758
  23000.00     7.8465
  23010.00     7.6312
  23020.00     8.2348
  23030.00     8.4043
  23040.00     7.9095
  23050.00     7.8789
  23060.00     8.6735
  23070.00     8.0302
  23080.00     7.7144
  23090.00     8.0553
  23100.00     7.9553
  23110.00     7.9771
  23120.00     7.6097
  23130.00     8.1064
  23140.00     7.9416
  23150.00     7.5676
  23160.00     7.8268
  23170.00     8.1942
  23180.00     7.8830
  23190.00     7.8421
  23200.00     8.4716
  23210.00     7.9279
  23220.00     7.8649
  23230.00     8.4738
  23240.00     7.9251
  23250.00     8.3667
  23260.00     7.8547
  23270.00     7.7876
  23280.00     7.7376
  23290.00     7.6109
  23300.00     8.1533
  23310.00     8.1922
  23320.00     8.2950
  23330.00     8.1809
  23340.00     8.6373
  23350.00     8.4820
  23360.00     7.6045
  23370.00     8.6225
  23380.00     8.0006
  23390.00     8.2797
  23400.00     8.1108
  23410.00     8.1914
  23420.00     7.7828
  23430.00     8.0051
  23440.00     7.6185
  23450.00     8.0291
  23460.00     7.8695
  23470.00     7.9619
  23480.00     7.6216
  23490.00     7.7964
  23500.00     8.2201
  23510.00     7.8766
  23520.00     7.8449
  23530.00     8.2005
  23540.00     8.9184
  23550.00     8.6400
  23560.00     8.1334
  23570.00     8.2013
  23580.00     8.3050
  23590.00     7.3538
  23600.00     8.5030
  23610.00     8.0684
  23620.00     8.0809
  23630.00     8.0589
  23640.00     8.1536
  23650.00     7.8908
  23660.00     7.7094
  23670.00     8.0367
  23680.00     8.2403
  23690.00     7.9314
  23700.00     8.5109
  23710.00     8.2541
  23720.00     7.9965
  23730.00     7.9567
  23740.00     8.0394
  23750.00     8.2065
  23760.00     7.9442
  23770.00     8.1315
  23780.00     8.0631
  23790.00     8.2669
  23800.00     8.1306
  23810.00     7.8867
  23820.00     8.5128
  23830.00     7.2800
  23840.00     8.5189
  23850.00     8.4066
  23860.00     7.9469
  23870.00     8.1647
  23880.00     7.9143
  23890.00     8.6410
  23900.00     8.1021
  23910.00     8.4209
  23920.00     8.1630
  23930.00     7.9609
  23940.00     7.9758
  23950.00     7.7748
  23960.00     8.1667
  23970.00     8.0253
  23980.00     8.4871
  23990.00     8.0824
  24000.00     7.6877
  24010.00     8.5732
  24020.00     8.0526
  24030.00     8.2775
  24040.00     7.8857
  24050.00     8.0692
  24060.00     8.1559
  24070.00     8.3062
  24080.00     8.8914
  24090.00     8.4304
  24100.00     8.1606
  24110.00     7.6319
  24120.00     8.3551
  24130.00     7.8770
  24140.00     7.9354
  24150.00     8.2132
  24160.00     8.2726
  24170.00     8.4570
  24180.00     8.3063
  24190.00     7.8199
  24200.00     8.4201
  24210.00     7.8142
  24220.00     8.8248
  24230.00     8.0515
  24240.00     8.3985
  24250.00     8.1657
  24260.00     7.7676
  24270.00     7.4596
  24280.00     8.0461
  24290.00     7.8089
  24300.00     8.0842
  24310.00     7.7097
  24320.00     8.2435
  24330.00     8.3786
  24340.00     8.2422
  24350.00     7.3727
  24360.00     8.4435
  24370.00     8.0935
  24380.00     8.1462
  24390.00     8.3919
  24400.00     8.7376
  24410.00     8.4330
  24420.00     7.9573
  24430.00     8.0280
  24440.00     8.2127
  24450.00     8.3038
  24460.00     8.3620
  24470.00     8.3140
  24480.00     8.1727
  24490.00     7.7857
  24500.00     8.2418
  24510.00     8.3073
  24520.00     8.2141
  24530.00     7.7708
  24540.00     7.6129
  24550.00     8.1222
  24560.00     7.7195
  24570.00     8.3777
  24580.00     7.8591
  24590.00     7.7832
  24600.00     8.2129
  24610.00     7.7898
  24620.00     8.5766
  24630.00     7.7216
  24640.00     8.8188
  24650.00     8.2737
  24660.00     7.6983
  24670.00     7.9021
  24680.00     8.1124
  24690.00     8.3824
  24700.00     8.6272
  24710.00     7.4890
  24720.00     8.1040
  24730.00     7.5329
  24740.00     8.1955
  24750.00     8.0695
  24760.00     7.8654
  24770.00     7.0348
  24780.00     7.7797
  24790.00     7.7602
  24800.00     8.3283
  24810.00     8.3767
  24820.00     7.7788
  24830.00     7.8670
  24840.00     7.9863
  24850.00     8.3819
  24860.00     8.6602
  24870.00     7.6348
  24880.00     8.7473
  24890.00     8.5731
  24900.00     8.0402
  24910.00     7.8845
  24920.00     8.1465
  24930.00     8.3914
  24940.00     8.2226
  24950.00     8.0054
  24960.00     8.3495
  24970.00     8.2432
  24980.00     7.9508
  24990.00     8.2696
  25000.00     7.7780
  25010.00     8.2744
  25020.00     8.0653
  25030.00     8.0322
  25040.00     7.6568
  25050.00     7.9617
  25060.00     8.1683
  25070.00     8.1551
  25080.00     8.5062
  25090.00     8.4343
  25100.00     7.7302
  25110.00     8.2430
  25120.00     7.8119
  25130.00     7.6300
  25140.00     7.9280
  25150.00     8.1109
  25160.00     8.2911
  25170.00     8.2128
  25180.00     7.9796
  25190.00     7.8152
  25200.00     7.9199
  25210.00     8.0106
  25220.00     8.1776
  25230.00     8.2656
  25240.00     8.2147
  25250.00     8.3290
  25260.00     7.4537
  25270.00     8.2325
  25280.00     8.0782
  25290.00     7.7160
  25300.00     8.1892
  25310.00     8.2496
  25320.00     8.2427
  25330.00     8.4134
  25340.00     8.2034
  25350.00     7.6749
  25360.00     8.6247
  25370.00     8.0677
  25380.00     7.1135
  25390.00     8.3352
  25400.00     8.3338
  25410.00     7.9125
  25420.00     7.9921
  25430.00     7.8889
  25440.00     8.0515
  25450.00     8.5063
  25460.00     7.7255
  25470.00     7.9411
  25480.00     8.3065
  25490.00     8.0513
  25500.00     8.1308
  25510.00     8.2938
  25520.00     8.1000
  25530.00     8.1644
  25540.00     8.1773
  25550.00     8.0047
  25560.00     8.7532
  25570.00     8.0667
  25580.00     8.2521
  25590.00     7.5366
  25600.00     8.1207
  25610.00     8.2138
  25620.00     8.5358
  25630.00     8.2412
  25640.00     7.9770
  25650.00     8.2995
  25660.00     8.4736
  25670.00     7.8472
  25680.00     7.7553
  25690.00     8.1577
  25700.00     8.0440
  25710.00     8.1113
  25720.00     7.9961
  25730.00     8.2147
  25740.00     8.2180
  25750.00     7.9777
  25760.00     7.8422
  25770.00     8.7992
  25780.00     7.8106
  25790.00     8.5234
  25800.00     8.1526
  25810.00     8.3891
  25820.00     8.2144
  25830.00     7.8846
  25840.00     7.5910
  25850.00     8.2982
  25860.00     7.7421
  25870.00     8.0531
  25880.00     7.8798
  25890.00     8.3791
  25900.00     8.2451
  25910.00     8.0382
  25920.00     7.9324
  25930.00     8.2396
  25940.00     8.6801
  25950.00     7.6596
  25960.00     8.0326
  25970.00     7.6703
  25980.00     7.6949
  25990.00     7.8139
  26000.00     7.3752
  26010.00     7.7573
  26020.00     7.6077
  26030.00     7.9970
  26040.00     8.0581
  26050.00     7.3899
  26060.00     8.2050
  26070.00     8.0955
  26080.00     7.6909
  26090.00     7.8989
  26100.00     8.0404
  26110.00     8.3462
  26120.00     8.1048
  26130.00     7.8564
  26140.00     7.5698
  26150.00     7.9531
  26160.00     7.7385
  26170.00     8.0499
  26180.00     8.2112
  26190.00     7.9054
  26200.00     8.2402
  26210.00     8.1892
  26220.00     7.6561
  26230.00     8.4877
  26240.00     8.3530
  26250.00     8.3237
  26260.00     7.6127
  26270.00     7.5273
  26280.00     7.8250
  26290.00     7.8136
  26300.00     8.0167
  26310.00     8.0403
  26320.00     8.2993
  26330.00     8.2195
  26340.00     7.7682
  26350.00     7.7755
  26360.00     7.9411
  26370.00     8.5318
  26380.00     8.4201
  26390.00     7.9514
  26400.00     7.8347
  26410.00     7.9903
  26420.00     8.1878
  26430.00     8.1746
  26440.00     7.6845
  26450.00     8.4395
  26460.00     7.9686
  26470.00     8.0152
  26480.00     8.0506
  26490.00     8.5715
  26500.00     8.3165
  26510.00     7.6174
  26520.00     7.7185
  26530.00     8.1713
  26540.00     8.5415
  26550.00     8.1574
  26560.00     7.7424
  26570.00     8.7410
  26580.00     8.1887
  26590.00     8.1822
  26600.00     8.2413
  26610.00     7.8259
  26620.00     8.0495
  26630.00     8.2982
  26640.00     8.2390
  26650.00     8.0742
  26660.00     8.2363
  26670.00     7.9640
  26680.00     8.6522
  26690.00     8.1384
  26700.00     8.0299
  26710.00     8.5006
  26720.00     7.9113
  26730.00     7.7355
  26740.00     7.3639
  26750.00     8.3531
  26760.00     7.6972
  26770.00     7.7649
  26780.00     7.4970
  26790.00     7.9917
  26800.00     7.3604
  26810.00     8.2852
  26820.00     8.6924
  26830.00     8.0830
  26840.00     7.9830
  26850.00     7.7880
  26860.00     8.3500
  26870.00     7.9052
  26880.00     7.7195
  26890.00     8.7051
  26900.00     7.7312
  26910.00     8.0926
  26920.00     8.2400
  26930.00     8.1350
  26940.00     8.3427
  26950.00     7.6752
  26960.00     7.4018
  26970.00     7.9687
  26980.00     7.8038
  26990.00     8.2267
  27000.00     8.4625
  27010.00     8.4428
  27020.00     7.4773
  27030.00     8.0556
  27040.00     7.7463
  27050.00     8.3174
  27060.00     7.9803
  27070.00     7.5549
  27080.00     7.6405
  27090.00     8.1140
  27100.00     8.1315
  27110.00     7.9406
  27120.00     7.7599
  27130.00     8.5326
  27140.00     8.3031
  27150.00     8.2861
  27160.00     7.8991
  27170.00     7.9946
  27180.00     8.4500
  27190.00     8.4035
  27200.00     7.9595
  27210.00     8.5555
  27220.00     7.5406
  27230.00     7.9891
  27240.00     8.0738
  27250.00     8.2892
  27260.00     7.5607
  27270.00     8.2586
  27280.00     8.6643
  27290.00     8.5571
  27300.00     8.1858
  27310.00     7.6807
  27320.00     7.8391
  27330.00     8.1716
  27340.00     8.4785
  27350.00     7.8971
  27360.00     7.9550
  27370.00     8.0692
  27380.00     8.2192
  27390.00     8.4945
  27400.00     7.9075
  27410.00     8.4204
  27420.00     8.0504
  27430.00     8.2261
  27440.00     8.2300
  27450.00     8.2235
  27460.00     8.2258
  27470.00     7.7702
  27480.00     8.0033
  27490.00     7.7106
  27500.00     8.2478
  27510.00     7.9706
  27520.00     8.0910
  27530.00     8.4809
  27540.00     7.7298
  27550.00     7.6965
  27560.00     7.6767
  27570.00     8.1816
  27580.00     8.1310
  27590.00     8.0323
  27600.00     7.6718
  27610.00     8.2361
  27620.00     8.0497
  27630.00     8.0245
  27640.00     7.3581
  27650.00     7.5849
  27660.00     7.8570
  27670.00     7.8875
  27680.00     7.8287
  27690.00     8.0905
  27700.00     8.0569
  27710.00     8.1438
  27720.00     7.9490
  27730.00     8.2571
  27740.00     7.7980
  27750.00     7.6878
  27760.00     7.6828
  27770.00     7.7127
  27780.00     8.2206
  27790.00     7.9453
  27800.00     8.1423
  27810.00     7.8183
  27820.00     7.9728
  27830.00     7.5768
  27840.00     8.1902
  27850.00     7.9465
  27860.00     7.4536
  27870.00     7.9908
  27880.00     7.9799
  27890.00     8.0610
  27900.00     8.2987
  27910.00     8.0404
  27920.00     7.9921
  27930.00     8.2101
  27940.00     7.5510
  27950.00     8.1786
  27960.00     8.7392
  27970.00     8.1628
  27980.00     8.2439
  27990.00     7.5660
  28000.00     8.3954
  28010.00     8.1592
  28020.00     8.1334
  28030.00     7.9267
  28040.00     7.6799
  28050.00     8.0696
  28060.00     7.5251
  28070.00     7.5392
  28080.00     7.9731
  28090.00     8.0626
  28100.00     7.8778
  28110.00     8.3273
  28120.00     8.2895
  28130.00     8.1601
  28140.00     7.9030
  28150.00     8.4949
  28160.00     8.5097
  28170.00     8.2913
  28180.00     8.1217
  28190.00     8.3557
  28200.00     8.5986
  28210.00     7.8830
  28220.00     8.4285
  28230.00     8.2670
  28240.00     8.2717
  28250.00     7.9060
  28260.00     8.0486
  28270.00     7.8523
  28280.00     8.0278
  28290.00     7.3259
  28300.00     8.1824
  28310.00     7.3439
  28320.00     7.9318
  28330.00     7.9611
  28340.00     8.3613
  28350.00     8.2748
  28360.00     7.9457
  28370.00     7.9974
  28380.00     7.4203
  28390.00     8.1942
  28400.00     7.8987
  28410.00     7.8511
  28420.00     8.3146
  28430.00     8.2363
  28440.00     8.0182
  28450.00     8.2040
  28460.00     7.7867
  28470.00     8.5205
  28480.00     8.3029
  28490.00     8.0923
  28500.00     8.0320
  28510.00     8.7912
  28520.00     8.4548
  28530.00     8.3298
  28540.00     8.1340
  28550.00     8.4602
  28560.00     7.6034
  28570.00     7.6751
  28580.00     8.4967
  28590.00     7.8720
  28600.00     8.1953
  28610.00     8.0947
  28620.00     8.1306
  28630.00     8.1932
  28640.00     8.0419
  28650.00     8.3258
  28660.00     7.8860
  28670.00     7.8904
  28680.00     8.0508
  28690.00     7.5790
  28700.00     7.8465
  28710.00     7.6118
  28720.00     7.9642
  28730.00     7.4827
  28740.00     8.2403
  28750.00     7.6048
  28760.00     8.2541
  28770.00     7.9379
  28780.00     8.0248
  28790.00     8.2492
  28800.00     7.8033
  28810.00     7.8440
  28820.00     7.7410
  28830.00     7.8078
  28840.00     8.4345
  28850.00     8.0486
  28860.00     7.7535
  28870.00     7.8497
  28880.00     8.0445
  28890.00     7.7575
  28900.00     7.8714
  28910.00     7.4467
  28920.00     7.6546
  28930.00     8.5213
  28940.00     8.0676
  28950.00     7.9046
  28960.00     7.7817
  28970.00     7.8015
  28980.00     8.0711
  28990.00     8.1655
  29000.00     7.7280
  29010.00     7.9187
  29020.00     7.7021
  29030.00     8.5405
  29040.00     8.1467
  29050.00     8.1326
  29060.00     7.6368
  29070.00     8.2526
  29080.00     7.2750
  29090.00     7.9463
  29100.00     7.9231
  29110.00     7.3902
  29120.00     8.2329
  29130.00     8.1940
  29140.00     8.3446
  29150.00     7.6369
  29160.00     7.9539
  29170.00     7.7373
  29180.00     7.6306
  29190.00     7.6111
  29200.00     7.5115
  29210.00     8.1576
  29220.00     8.2312
  29230.00     7.8846
  29240.00     7.6447
  29250.00     8.1013
  29260.00     7.8228
  29270.00     8.1379
  29280.00     8.0917
  29290.00     8.1456
  29300.00     7.6442
  29310.00     7.5385
  29320.00     8.0724
  29330.00     7.9210
  29340.00     8.1864
  29350.00     8.3107
  29360.00     7.8036
  29370.00     7.6144
  29380.00     7.8849
  29390.00     7.1231
  29400.00     7.7140
  29410.00     8.2839
  29420.00     8.0246
  29430.00     7.9409
  29440.00     7.9994
  29450.00     8.2708
  29460.00     8.1183
  29470.00     8.2596
  29480.00     8.0828
  29490.00     7.6574
  29500.00     7.7857
  29510.00     8.3589
  29520.00     8.0152
  29530.00     8.3531
  29540.00     8.0478
  29550.00     8.1488
  29560.00     7.9814
  29570.00     8.2932
  29580.00     8.2182
  29590.00     8.1104
  29600.00     8.2079
  29610.00     8.0895
  29620.00     8.2577
  29630.00     8.3825
  29640.00     7.7114
  29650.00     7.9345
  29660.00     8.4494
  29670.00     7.9375
  29680.00     7.6551
  29690.00     8.1876
  29700.00     8.3608
  29710.00     8.3330
  29720.00     8.1328
  29730.00     8.4575
  29740.00     7.7361
  29750.00     8.0214
  29760.00     8.2930
  29770.00     8.3867
  29780.00     8.4451
  29790.00     8.3461
  29800.00     8.1894
  29810.00     7.2037
  29820.00     8.1213
  29830.00     8.1954
  29840.00     8.3531
  29850.00     7.7772
  29860.00     7.9127
  29870.00     8.0846
  29880.00     7.6733
  29890.00     8.0691
  29900.00     8.0384
  29910.00     8.0479
  29920.00     7.9247
  29930.00     8.3310
  29940.00     8.5539
  29950.00     7.8444
  29960.00     7.7473
  29970.00     7.9398
  29980.00     7.9167
  29990.00     7.8764
  30000.00     8.1265
  30010.00     8.6603
  30020.00     7.9942
  30030.00     7.9635
  30040.00     8.1712
  30050.00     7.7942
  30060.00     8.1670
  30070.00     8.1260
  30080.00     8.3219
  30090.00     8.2369
  30100.00     8.0933
  30110.00     8.0107
  30120.00     7.3754
  30130.00     7.8219
  30140.00     7.9554
  30150.00     7.7730
  30160.00     8.0069
  30170.00     8.1100
  30180.00     8.1508
  30190.00     7.9713
  30200.00     8.1558
  30210.00     8.3893
  30220.00     8.0973
  30230.00     7.6773
  30240.00     8.2212
  30250.00     8.3359
  30260.00     7.7620
  30270.00     7.3468
  30280.00     7.9200
  30290.00     8.2398
  30300.00     8.2831
  30310.00     7.9249
  30320.00     7.9913
  30330.00     7.9526
  30340.00     7.9525
  30350.00     8.3915
  30360.00     7.9275
  30370.00     8.1652
  30380.00     7.7975
  30390.00     8.0067
  30400.00     8.1567
  30410.00     7.8909
  30420.00     8.0911
  30430.00     7.9322
  30440.00     7.5766
  30450.00     7.6456
  30460.00     7.9930
  30470.00     7.5753
  30480.00     7.8067
  30490.00     8.0574
  30500.00     8.2845
  30510.00     7.8015
  30520.00     8.3531
  30530.00     8.0663
  30540.00     7.6922
  30550.00     8.0701
  30560.00     8.2767
  30570.00     7.8919
  30580.00     7.7890
  30590.00     8.3026
  30600.00     8.0804
  30610.00     8.1517
  30620.00     7.8617
  30630.00     7.4264
  30640.00     7.9282
  30650.00     7.6653
  30660.00     8.2085
  30670.00     8.3041
  30680.00     7.9493
  30690.00     7.8225
  30700.00     8.2531
  30710.00     7.8155
  30720.00     8.4271
  30730.00     7.7521
  30740.00     8.1538
  30750.00     8.2436
  30760.00     8.2404
  30770.00     7.8167
  30780.00     8.1987
  30790.00     8.2690
  30800.00     8.5802
  30810.00     7.8583
  30820.00     8.5587
  30830.00     7.9653
  30840.00     7.9356
  30850.00     7.9295
  30860.00     8.0715
  30870.00     8.3370
  30880.00     8.2569
  30890.00     7.9221
  30900.00     7.4971
  30910.00     8.2690
  30920.00     8.0716
  30930.00     7.7183
  30940.00     8.1838
  30950.00     8.4130
  30960.00     8.0492
  30970.00     7.3361
  30980.00     7.6087
  30990.00     8.2260
  31000.00     7.5236
  31010.00     7.4831
  31020.00     8.3547
  31030.00     8.4273
  31040.00     8.4720
  31050.00     8.1806
  31060.00     8.2093
  31070.00     8.0594
  31080.00     7.9099
  31090.00     9.1703
  31100.00     8.0803
  31110.00     8.6497
  31120.00     8.6095
  31130.00     8.0494
  31140.00     7.7703
  31150.00     8.4045
  31160.00     8.1903
  31170.00     8.1741
  31180.00     8.5038
  31190.00     8.4109
  31200.00     8.2934
  31210.00     8.1095
  31220.00     7.7958
  31230.00     7.9268
  31240.00     7.9376
  31250.00     8.9570
  31260.00     7.8595
  31270.00     7.7967
  31280.00     7.1944
  31290.00     8.2306
  31300.00     7.8305
  31310.00     8.2042
  31320.00     8.4467
  31330.00     7.9536
  31340.00     8.2775
  31350.00     8.1686
  31360.00     7.8321
  31370.00     7.8042
  31380.00     8.1618
  31390.00     8.3557
  31400.00     7.7459
  31410.00     8.0598
  31420.00     7.6409
  31430.00     7.9362
  31440.00     7.8874
  31450.00     7.8166
  31460.00     8.1041
  31470.00     7.9843
  31480.00     7.9160
  31490.00     8.1668
  31500.00     8.2190
  31510.00     7.5893
  31520.00     8.3045
  31530.00     7.7745
  31540.00     7.7976
  31550.00     8.1086
  31560.00     7.4384
  31570.00     7.9153
  31580.00     8.6052
  31590.00     8.6308
  31600.00     8.2111
  31610.00     8.1606
  31620.00     7.8994
  31630.00     7.3993
  31640.00     8.0919
  31650.00     8.1171
  31660.00     7.7383
  31670.00     7.6646
  31680.00     8.1242
  31690.00     7.6563
  31700.00     8.1040
  31710.00     7.8355
  31720.00     7.6233
  31730.00     7.5407
  31740.00     7.9905
  31750.00     7.4029
  31760.00     8.1139
  31770.00     8.3422
  31780.00     7.9931
  31790.00     8.2479
  31800.00     7.8074
  31810.00     7.6714
  31820.00     8.1188
  31830.00     8.6246
  31840.00     8.3501
  31850.00     8.0102
  31860.00     8.4152
  31870.00     8.2233
  31880.00     7.6198
  31890.00     7.9873
  31900.00     8.2372
  31910.00     8.2321
  31920.00     8.1621
  31930.00     7.9610
  31940.00     8.0163
  31950.00     8.5187
  31960.00     7.6270
  31970.00     8.1403
  31980.00     8.0197
  31990.00     8.0785
  32000.00     8.6433
  32010.00     8.0647
  32020.00     7.9293
  32030.00     8.2775
  32040.00     7.8146
  32050.00     8.0598
  32060.00     8.0821
  32070.00     8.2047
  32080.00     7.8897
  32090.00     7.9008
  32100.00     7.5411
  32110.00     7.6426
  32120.00     8.2244
  32130.00     7.8215
  32140.00     8.0187
  32150.00     8.0292
  32160.00     8.4862
  32170.00     7.8186
  32180.00     7.8515
  32190.00     8.0431
  32200.00     8.0321
  32210.00     8.0115
  32220.00     8.0228
  32230.00     7.6692
  32240.00     8.3867
  32250.00     7.9309
  32260.00     7.8872
  32270.00     8.4288
  32280.00     7.7450
  32290.00     7.2619
  32300.00     8.2308
  32310.00     8.1438
  32320.00     8.2267
  32330.00     8.2537
  32340.00     8.0081
  32350.00     7.9301
  32360.00     7.7854
  32370.00     7.6405
  32380.00     7.7291
  32390.00     8.1330
  32400.00     8.1975
  32410.00     8.1113
  32420.00     8.2241
  32430.00     8.0680
  32440.00     8.5199
  32450.00     8.3952
  32460.00     8.3483
  32470.00     8.1866
  32480.00     8.5117
  32490.00     7.6408
  32500.00     7.7963
  32510.00     8.1451
  32520.00     8.2899
  32530.00     8.5463
  32540.00     7.9031
  32550.00     7.5702
  32560.00     7.6571
  32570.00     8.2576
  32580.00     7.9369
  32590.00     8.4602
  32600.00     8.3925
  32610.00     8.2935
  32620.00     8.6039
  32630.00     7.7468
  32640.00     8.0363
  32650.00     7.6722
  32660.00     8.7014
  32670.00     8.1009
  32680.00     8.1978
  32690.00     8.0080
  32700.00     7.9338
  32710.00     7.7106
  32720.00     8.3600
  32730.00     8.2829
  32740.00     7.7702
  32750.00     7.9664
  32760.00     7.7548
  32770.00     8.1928
  32780.00     7.8365
  32790.00     8.4275
  32800.00     8.0054
  32810.00     8.0143
  32820.00     7.7081
  32830.00     8.1981
  32840.00     8.0303
  32850.00     7.9589
  32860.00     7.8444
  32870.00     7.8112
  32880.00     7.8593
  32890.00     7.6617
  32900.00     7.8728
  32910.00     8.5403
  32920.00     8.1095
  32930.00     8.1643
  32940.00     7.7243
  32950.00     7.9630
  32960.00     7.6913
  32970.00     8.1105
  32980.00     8.3823
  32990.00     8.5581
  33000.00     7.8883
  33010.00     8.4967
  33020.00     8.5321
  33030.00     7.6203
  33040.00     8.0598
  33050.00     8.0288
  33060.00     7.9098
  33070.00     8.3202
  33080.00     7.7908
  33090.00     8.2204
  33100.00     7.8896
  33110.00     7.9712
  33120.00     8.3149
  33130.00     8.2660
  33140.00     7.6458
  33150.00     7.7437
  33160.00     7.8421
  33170.00     8.1190
  33180.00     7.7211
  33190.00     8.0732
  33200.00     7.8220
  33210.00     7.8169
  33220.00     8.3841
  33230.00     8.0270
  33240.00     8.1560
  33250.00     8.1481
  33260.00     8.0396
  33270.00     8.5429
  33280.00     8.1618
  33290.00     8.2754
  33300.00     7.8963
  33310.00     8.1025
  33320.00     7.5716
  33330.00     8.3043
  33340.00     8.2126
  33350.00     7.6791
  33360.00     7.8130
  33370.00     8.1550
  33380.00     8.3325
  33390.00     7.6889
  33400.00     8.1225
  33410.00     8.0124
  33420.00     7.8154
  33430.00     8.5595
  33440.00     7.8831
  33450.00     8.1740
  33460.00     8.1013
  33470.00     7.5410
  33480.00     8.0085
  33490.00     7.9414
  33500.00     8.0863
  33510.00     8.0881
  33520.00     7.8974
  33530.00     8.1473
  33540.00     7.9839
  33550.00     7.8439
  33560.00     7.6146
  33570.00     8.2840
  33580.00     8.0158
  33590.00     8.3876
  33600.00     7.9463
  33610.00     8.1020
  33620.00     7.7516
  33630.00     8.2845
  33640.00     8.2248
  33650.00     7.6575
  33660.00     7.3583
  33670.00     7.8250
  33680.00     8.6047
  33690.00     7.7203
  33700.00     7.5766
  33710.00     7.9121
  33720.00     7.8176
  33730.00     7.7739
  33740.00     7.8314
  33750.00     7.6280
  33760.00     7.6336
  33770.00     7.4121
  33780.00     8.0879
  33790.00     7.5654
  33800.00     7.6436
  33810.00     7.7964
  33820.00     7.8946
  33830.00     7.7197
  33840.00     8.1943
  33850.00     8.0774
  33860.00     8.2018
  33870.00     8.0391
  33880.00     8.1255
  33890.00     8.2795
  33900.00     8.2447
  33910.00     8.0177
  33920.00     7.6012
  33930.00     7.8905
  33940.00     7.9435
  33950.00     7.9569
  33960.00     7.2608
  33970.00     8.0942
  33980.00     7.4863
  33990.00     7.8772
  34000.00     8.1999
  34010.00     7.6383
  34020.00     7.8495
  34030.00     8.0780
  34040.00     8.0951
  34050.00     8.0914
  34060.00     7.7914
  34070.00     7.7677
  34080.00     8.2385
  34090.00     7.9798
  34100.00     7.6231
  34110.00     8.2929
  34120.00     7.7832
  34130.00     7.7840
  34140.00     7.8625
  34150.00     7.7376
  34160.00     8.2545
  34170.00     8.2072
  34180.00     7.8857
  34190.00     8.3403
  34200.00     8.1169
  34210.00     8.1572
  34220.00     8.0269
  34230.00     8.4795
  34240.00     7.8299
  34250.00     7.9323
  34260.00     7.8424
  34270.00     8.3414
  34280.00     7.9817
  34290.00     7.7211
  34300.00     8.1592
  34310.00     8.0828
  34320.00     7.9646
  34330.00     7.7856
  34340.00     8.1998
  34350.00     8.2215
  34360.00     7.6272
  34370.00     7.6630
  34380.00     8.1018
  34390.00     8.0726
  34400.00     7.6833
  34410.00     7.9153
  34420.00     7.7681
  34430.00     7.9415
  34440.00     8.0913
  34450.00     8.4224
  34460.00     7.3699
  34470.00     6.8460
  34480.00     7.8302
  34490.00     7.8551
  34500.00     8.2737
  34510.00     7.9620
  34520.00     8.6585
  34530.00     8.5330
  34540.00     8.2982
  34550.00     7.6933
  34560.00     7.7496
  34570.00     8.0251
  34580.00     8.0914
  34590.00     7.8861
  34600.00     8.4607
  34610.00     7.3058
  34620.00     7.4288
  34630.00     7.9857
  34640.00     7.8553
  34650.00     7.7204
  34660.00     8.3537
  34670.00     7.8707
  34680.00     8.0205
  34690.00     8.0761
  34700.00     8.0117
  34710.00     7.9772
  34720.00     7.9756
  34730.00     7.8956
  34740.00     8.0883
  34750.00     7.5787
  34760.00     8.3249
  34770.00     8.0686
  34780.00     7.8009
  34790.00     7.6524
  34800.00     8.2255
  34810.00     7.4357
  34820.00     7.6409
  34830.00     8.5055
  34840.00     7.6568
  34850.00     7.8971
  34860.00     8.0415
  34870.00     7.9252
  34880.00     7.7604
  34890.00     8.1027
  34900.00     8.4535
  34910.00     8.5035
  34920.00     7.9440
  34930.00     7.9747
  34940.00     7.0493
  34950.00     7.8625
  34960.00     7.8618
  34970.00     7.7352
  34980.00     8.1681
  34990.00     7.7802
  35000.00     7.9398
  35010.00     8.1325
  35020.00     7.9615
  35030.00     7.3605
  35040.00     7.6783
  35050.00     7.8424
  35060.00     7.9970
  35070.00     7.5310
  35080.00     8.1608
  35090.00     7.7332
  35100.00     8.0947
  35110.00     7.6029
  35120.00     7.7925
  35130.00     8.2077
  35140.00     8.1753
  35150.00     8.4974
  35160.00     7.8959
  35170.00     8.1506
  35180.00     8.0060
  35190.00     7.5672
  35200.00     7.7894
  35210.00     7.4958
  35220.00     8.3306
  35230.00     7.9942
  35240.00     7.8057
  35250.00     7.7638
  35260.00     8.0741
  35270.00     7.7348
  35280.00     7.6639
  35290.00     7.6366
  35300.00     8.1864
  35310.00     8.1315
  35320.00     8.0618
  35330.00     7.6512
  35340.00     7.7880
  35350.00     8.4687
  35360.00     8.0392
  35370.00     7.8534
  35380.00     8.1991
  35390.00     8.1911
  35400.00     8.3168
  35410.00     7.9856
  35420.00     7.7288
  35430.00     7.7668
  35440.00     8.8407
  35450.00     7.7815
  35460.00     8.4276
  35470.00     8.4131
  35480.00     7.7339
  35490.00     8.1401
  35500.00     8.0963
  35510.00     7.5915
  35520.00     7.9574
  35530.00     8.3636
  35540.00     8.0350
  35550.00     7.4382
  35560.00     8.2156
  35570.00     8.3458
  35580.00     7.9899
  35590.00     8.2814
  35600.00     8.3610
  35610.00     8.1850
  35620.00     7.9633
  35630.00     7.8335
  35640.00     7.6528
  35650.00     8.1512
  35660.00     8.5076
  35670.00     8.1248
  35680.00     7.9607
  35690.00     8.0145
  35700.00     7.7617
  35710.00     7.8079
  35720.00     8.1102
  35730.00     8.0564
  35740.00     7.9337
  35750.00     7.9772
  35760.00     7.6265
  35770.00     8.2529
  35780.00     8.4321
  35790.00     7.7763
  35800.00     8.1375
  35810.00     8.0780
  35820.00     8.1460
  35830.00     7.7606
  35840.00     8.3063
  35850.00     8.2292
  35860.00     8.0516
  35870.00     7.7313
  35880.00     8.0558
  35890.00     7.9802
  35900.00     7.6697
  35910.00     8.0297
  35920.00     7.7514
  35930.00     8.3368
  35940.00     8.1774
  35950.00     8.0345
  35960.00     8.4091
  35970.00     8.1282
  35980.00     7.6781
  35990.00     8.4744
  36000.00     7.8398
  36010.00     8.0170
  36020.00     8.2394
  36030.00     8.1531
  36040.00     7.9809
  36050.00     8.2419
  36060.00     8.1667
  36070.00     8.1110
  36080.00     8.5092
  36090.00     8.6416
  36100.00     8.1651
  36110.00     7.9349
  36120.00     8.0525
  36130.00     7.9616
  36140.00     7.9091
  36150.00     8.1882
  36160.00     8.3056
  36170.00     8.6844
  36180.00     8.1209
  36190.00     7.4286
  36200.00     7.9753
  36210.00     8.4988
  36220.00     8.2084
  36230.00     8.8437
  36240.00     7.9745
  36250.00     7.8576
  36260.00     7.9811
  36270.00     8.3914
  36280.00     7.4778
  36290.00     7.9034
  36300.00     7.9090
  36310.00     7.8033
  36320.00     7.7982
  36330.00     8.7084
  36340.00     7.8233
  36350.00     7.7396
  36360.00     7.9421
  36370.00     7.8753
  36380.00     7.7333
  36390.00     7.5327
  36400.00     7.3703
  36410.00     8.2455
  36420.00     7.5895
  36430.00     7.9927
  36440.00     7.8048
  36450.00     8.2896
  36460.00     8.1180
  36470.00     8.6117
  36480.00     7.9662
  36490.00     7.6235
  36500.00     7.9904
  36510.00     8.5603
  36520.00     8.0994
  36530.00     7.9878
  36540.00     7.3082
  36550.00     7.9004
  36560.00     7.7824
  36570.00     7.2777
  36580.00     7.5241
  36590.00     8.0688
  36600.00     8.2966
  36610.00     7.4434
  36620.00     8.1943
  36630.00     7.5738
  36640.00     7.8416
  36650.00     7.4715
  36660.00     8.1379
  36670.00     7.9412
  36680.00     8.0244
  36690.00     8.0633
  36700.00     8.1540
  36710.00     8.5070
  36720.00     7.7260
  36730.00     8.1752
  36740.00     8.2337
  36750.00     8.1677
  36760.00     7.5411
  36770.00     7.4864
  36780.00     8.2498
  36790.00     8.2772
  36800.00     8.6247
  36810.00     7.8353
  36820.00     8.1306
  36830.00     8.0093
  36840.00     8.0075
  36850.00     8.2107
  36860.00     7.7258
  36870.00     8.3292
  36880.00     7.8946
  36890.00     8.2500
  36900.00     8.3420
  36910.00     8.5637
  36920.00     8.5356
  36930.00     8.2104
  36940.00     8.1908
  36950.00     7.6585
  36960.00     8.2322
  36970.00     8.0155
  36980.00     7.9763
  36990.00     7.4405
  37000.00     7.9332
  37010.00     8.2389
  37020.00     7.9281
  37030.00     7.8968
  37040.00     8.3579
  37050.00     8.3829
  37060.00     8.1932
  37070.00     8.0535
  37080.00     7.5068
  37090.00     8.3093
  37100.00     8.4798
  37110.00     8.6742
  37120.00     7.9052
  37130.00     7.7478
  37140.00     7.8890
  37150.00     7.7873
  37160.00     8.2614
  37170.00     7.9478
  37180.00     7.6861
  37190.00     7.4133
  37200.00     8.3750
  37210.00     8.5992
  37220.00     8.2915
  37230.00     8.8769
  37240.00     7.3892
  37250.00     8.2477
  37260.00     8.2520
  37270.00     7.9531
  37280.00     8.1618
  37290.00     8.4663
  37300.00     7.8285
  37310.00     8.0244
  37320.00     7.5585
  37330.00     8.7178
  37340.00     8.2708
  37350.00     8.4539
  37360.00     8.3519
  37370.00     8.0799
  37380.00     7.8128
  37390.00     7.8713
  37400.00     7.9172
  37410.00     8.0192
  37420.00     8.1741
  37430.00     8.3071
  37440.00     8.2321
  37450.00     8.0673
  37460.00     8.3246
  37470.00     7.6110
  37480.00     8.3621
  37490.00     7.9927
  37500.00     7.2747
  37510.00     7.6517
  37520.00     7.3402
  37530.00     7.9252
  37540.00     8.0261
  37550.00     7.7656
  37560.00     7.5522
  37570.00     7.6643
  37580.00     7.7324
  37590.00     8.3017
  37600.00     7.9613
  37610.00     7.5814
  37620.00     8.1304
  37630.00     7.8572
  37640.00     8.3061
  37650.00     7.8226
  37660.00     7.8325
  37670.00     8.3082
  37680.00     7.8457
  37690.00     7.7431
  37700.00     8.0354
  37710.00     8.1104
  37720.00     7.4494
  37730.00     7.8908
  37740.00     8.0468
  37750.00     7.7198
  37760.00     7.4222
  37770.00     7.7969
  37780.00     8.3317
  37790.00     8.1443
  37800.00     7.8928
  37810.00     8.4215
  37820.00     7.8507
  37830.00     7.7771
  37840.00     7.6748
  37850.00     7.9712
  37860.00     7.7601
  37870.00     7.8671
  37880.00     7.9038
  37890.00     7.8423
  37900.00     7.6506
  37910.00     8.1409
  37920.00     8.1681
  37930.00     7.7372
  37940.00     8.1086
  37950.00     8.2221
  37960.00     7.7924
  37970.00     8.0676
  37980.00     7.5069
  37990.00     8.0599
  38000.00     8.0843
  38010.00     7.2395
  38020.00     7.8558
  38030.00     7.8282
  38040.00     7.6540
  38050.00     7.6020
  38060.00     8.2463
  38070.00     7.5451
  38080.00     8.1700
  38090.00     8.2410
  38100.00     7.8233
  38110.00     8.2036
  38120.00     8.0505
  38130.00     8.2025
  38140.00     7.9826
  38150.00     8.5269
  38160.00     8.2340
  38170.00     8.0847
  38180.00     7.8454
  38190.00     7.5930
  38200.00     8.0100
  38210.00     8.1954
  38220.00     7.5581
  38230.00     7.5259
  38240.00     8.1417
  38250.00     8.0026
  38260.00     7.9130
  38270.00     7.5016
  38280.00     7.9357
  38290.00     8.1179
  38300.00     7.8955
  38310.00     8.1451
  38320.00     7.7595
  38330.00     8.0315
  38340.00     7.7471
  38350.00     7.6881
  38360.00     8.0841
  38370.00     7.9693
  38380.00     8.1896
  38390.00     7.6781
  38400.00     7.9314
  38410.00     8.1116
  38420.00     7.6772
  38430.00     7.7624
  38440.00     8.1942
  38450.00     8.3321
  38460.00     8.0496
  38470.00     7.7442
  38480.00     7.7971
  38490.00     8.4140
  38500.00     8.2273
  38510.00     8.0508
  38520.00     8.2500
  38530.00     8.2772
  38540.00     8.1720
  38550.00     8.6245
  38560.00     8.4516
  38570.00     8.8377
  38580.00     7.4309
  38590.00     8.3589
  38600.00     8.6261
  38610.00     7.7260
  38620.00     7.7380
  38630.00     8.1589
  38640.00     7.9585
  38650.00     7.8600
  38660.00     8.0010
  38670.00     7.6670
  38680.00     8.1393
  38690.00     7.7469
  38700.00     8.3980
  38710.00     8.1032
  38720.00     8.0536
  38730.00     7.6654
  38740.00     8.5588
  38750.00     8.2460
  38760.00     8.4179
  38770.00     7.5597
  38780.00     8.0291
  38790.00     7.9437
  38800.00     7.3610
  38810.00     8.4887
  38820.00     8.1385
  38830.00     7.7568
  38840.00     8.0027
  38850.00     8.1447
  38860.00     8.1399
  38870.00     7.4085
  38880.00     7.7377
  38890.00     8.2591
  38900.00     7.9111
  38910.00     8.4586
  38920.00     8.4712
  38930.00     8.3929
  38940.00     7.9683
  38950.00     8.2905
  38960.00     8.6349
  38970.00     8.8637
  38980.00     7.8982
  38990.00     7.9219
  39000.00     8.2610
  39010.00     8.2264
  39020.00     7.6786
  39030.00     8.7298
  39040.00     8.6743
  39050.00     8.0513
  39060.00     7.9091
  39070.00     8.1795
  39080.00     8.0185
  39090.00     7.6778
  39100.00     7.7684
  39110.00     8.3473
  39120.00     8.1351
  39130.00     7.9930
  39140.00     7.8105
  39150.00     7.9424
  39160.00     8.5216
  39170.00     8.2283
  39180.00     8.0656
  39190.00     7.8636
  39200.00     7.7904
  39210.00     8.0300
  39220.00     8.1643
  39230.00     7.9769
  39240.00     8.0759
  39250.00     8.2177
  39260.00     8.3799
  39270.00     8.4907
  39280.00     8.3882
  39290.00     8.2509
  39300.00     8.2542
  39310.00     8.5049
  39320.00     8.0439
  39330.00     7.7802
  39340.00     8.1616
  39350.00     8.1731
  39360.00     7.9055
  39370.00     7.9840
  39380.00     7.7894
  39390.00     7.8150
  39400.00     7.9269
  39410.00     8.5656
  39420.00     7.4665
  39430.00     8.0385
  39440.00     8.1821
  39450.00     8.1034
  39460.00     7.4795
  39470.00     8.0151
  39480.00     8.1679
  39490.00     9.0619
  39500.00     7.6404
  39510.00     7.8432
  39520.00     8.0361
  39530.00     8.1295
  39540.00     8.2176
  39550.00     8.1595
  39560.00     7.7373
  39570.00     7.7613
  39580.00     8.1362
  39590.00     7.8923
  39600.00     7.7831
  39610.00     7.9909
  39620.00     7.8699
  39630.00     7.9094
  39640.00     8.2309
  39650.00     8.1838
  39660.00     8.0382
  39670.00     7.6927
  39680.00     7.9184
  39690.00     7.8453
  39700.00     8.2808
  39710.00     7.5706
  39720.00     8.3067
  39730.00     8.0178
  39740.00     7.8029
  39750.00     8.2795
  39760.00     8.1854
  39770.00     7.9444
  39780.00     8.1622
  39790.00     8.2376
  39800.00     7.9080
  39810.00     8.1198
  39820.00     7.8755
  39830.00     7.9406
  39840.00     7.7565
  39850.00     7.7209
  39860.00     7.7422
  39870.00     7.7404
  39880.00     7.7448
  39890.00     7.8976
  39900.00     7.8965
  39910.00     8.1281
  39920.00     8.1420
  39930.00     7.7593
  39940.00     8.0685
  39950.00     8.3736
  39960.00     7.3501
  39970.00     8.4968
  39980.00     7.7538
  39990.00     8.1575
  40000.00     7.8878
  40010.00     7.8405
  40020.00     8.0088
  40030.00     7.7541
  40040.00     7.9542
  40050.00     8.2064
  40060.00     7.6075
  40070.00     7.9702
  40080.00     7.9125
  40090.00     7.6907
  40100.00     7.0946
  40110.00     7.7036
  40120.00     7.7444
  40130.00     7.4391
  40140.00     8.0546
  40150.00     7.8230
  40160.00     7.6776
  40170.00     8.0256
  40180.00     7.8881
  40190.00     8.2075
  40200.00     7.7328
  40210.00     8.0367
  40220.00     8.2403
  40230.00     8.1567
  40240.00     8.0159
  40250.00     7.4745
  40260.00     7.8971
  40270.00     7.7196
  40280.00     8.1445
  40290.00     7.5690
  40300.00     8.0426
  40310.00     8.1207
  40320.00     8.6771
  40330.00     7.9190
  40340.00     8.0208
  40350.00     8.5371
  40360.00     8.0982
  40370.00     8.0761
  40380.00     7.8464
  40390.00     7.7193
  40400.00     8.2935
  40410.00     7.4964
  40420.00     7.9932
  40430.00     7.5792
  40440.00     7.8145
  40450.00     8.2356
  40460.00     7.9417
  40470.00     8.0520
  40480.00     8.3303
  40490.00     8.4567
  40500.00     8.1819
  40510.00     8.2175
  40520.00     7.6212
  40530.00     7.9045
  40540.00     7.8706
  40550.00     8.0886
  40560.00     8.1256
  40570.00     7.8597
  40580.00     7.6230
  40590.00     7.9335
  40600.00     7.7684
  40610.00     7.8979
  40620.00     7.7901
  40630.00     7.9592
  40640.00     8.5010
  40650.00     7.5865
  40660.00     7.9076
  40670.00     7.9462
  40680.00     8.1269
  40690.00     8.1486
  40700.00     8.1927
  40710.00     7.7075
  40720.00     8.1328
  40730.00     8.3960
  40740.00     8.3788
  40750.00     8.3311
  40760.00     7.9207
  40770.00     8.1740
  40780.00     8.3263
  40790.00     7.9417
  40800.00     7.8037
  40810.00     8.1627
  40820.00     8.0740
  40830.00     7.4549
  40840.00     7.9378
  40850.00     8.2175
  40860.00     8.1248
  40870.00     7.9651
  40880.00     7.4724
  40890.00     7.8009
  40900.00     7.8189
  40910.00     7.8594
  40920.00     7.8288
  40930.00     7.7789
  40940.00     7.9472
  40950.00     8.0505
  40960.00     7.6488
  40970.00     7.2601
  40980.00     7.9631
  40990.00     8.2490
  41000.00     8.4163
  41010.00     7.6754
  41020.00     7.8346
  41030.00     8.0037
  41040.00     7.9834
  41050.00     8.4556
  41060.00     8.2501
  41070.00     8.2068
  41080.00     7.9103
  41090.00     7.9905
  41100.00     7.9759
  41110.00     8.4542
  41120.00     7.8731
  41130.00     7.6782
  41140.00     8.2991
  41150.00     7.8794
  41160.00     8.3177
  41170.00     8.2873
  41180.00     8.2414
  41190.00     8.1975
  41200.00     8.2063
  41210.00     7.7562
  41220.00     7.5424
  41230.00     8.2374
  41240.00     7.8927
  41250.00     8.2884
  41260.00     7.9787
  41270.00     7.6079
  41280.00     7.9732
  41290.00     8.0941
  41300.00     8.3125
  41310.00     7.8801
  41320.00     7.6648
  41330.00     8.3384
  41340.00     8.6839
  41350.00     8.1944
  41360.00     7.5322
  41370.00     7.4607
  41380.00     7.9593
  41390.00     8.0127
  41400.00     8.6641
  41410.00     8.0787
  41420.00     7.8372
  41430.00     8.0261
  41440.00     7.8467
  41450.00     7.8265
  41460.00     8.0839
  41470.00     8.2337
  41480.00     8.1114
  41490.00     8.0215
  41500.00     8.1877
  41510.00     8.0124
  41520.00     7.8697
  41530.00     7.9754
  41540.00     8.1850
  41550.00     8.0709
  41560.00     7.8321
  41570.00     7.9018
  41580.00     8.3057
  41590.00     7.7200
  41600.00     7.6248
  41610.00     8.3103
  41620.00     8.0783
  41630.00     7.7545
  41640.00     7.7744
  41650.00     8.0420
  41660.00     7.9133
  41670.00     8.4409
  41680.00     8.4234
  41690.00     7.8740
  41700.00     7.9822
  41710.00     8.0220
  41720.00     7.9653
  41730.00     8.2663
  41740.00     8.0999
  41750.00     8.1323
  41760.00     7.8461
  41770.00     7.9251
  41780.00     7.9772
  41790.00     8.5320
  41800.00     7.8460
  41810.00     8.1856
  41820.00     7.9318
  41830.00     8.3215
  41840.00     7.9084
  41850.00     8.1282
  41860.00     8.1527
  41870.00     8.1368
  41880.00     7.5356
  41890.00     8.0075
  41900.00     7.9996
  41910.00     8.1204
  41920.00     8.0031
  41930.00     7.5388
  41940.00     8.0615
  41950.00     8.0839
  41960.00     7.7620
  41970.00     8.1700
  41980.00     7.7557
  41990.00     8.2412
  42000.00     7.6807
  42010.00     8.0582
  42020.00     7.9451
  42030.00     7.7265
  42040.00     7.9570
  42050.00     7.8275
  42060.00     8.4403
  42070.00     8.0737
  42080.00     8.5644
  42090.00     8.0075
  42100.00     8.3317
  42110.00     8.2494
  42120.00     8.0942
  42130.00     8.3429
  42140.00     7.5158
  42150.00     7.5888
  42160.00     7.7056
  42170.00     7.5296
  42180.00     8.1528
  42190.00     7.8976
  42200.00     7.9560
  42210.00     8.1453
  42220.00     7.6925
  42230.00     8.4057
  42240.00     7.8415
  42250.00     8.0830
  42260.00     7.8315
  42270.00     8.0875
  42280.00     7.8207
  42290.00     8.2996
  42300.00     8.2957
  42310.00     8.5423
  42320.00     8.3581
  42330.00     8.2703
  42340.00     8.0707
  42350.00     8.2507
  42360.00     7.7790
  42370.00     8.0923
  42380.00     7.5632
  42390.00     8.2105
  42400.00     7.8677
  42410.00     8.2805
  42420.00     7.8222
  42430.00     8.0986
  42440.00     7.3887
  42450.00     7.6830
  42460.00     8.2942
  42470.00     8.2500
  42480.00     7.7452
  42490.00     7.6146
  42500.00     8.2016
  42510.00     8.0547
  42520.00     8.0173
  42530.00     8.5297
  42540.00     8.1047
  42550.00     8.0297
  42560.00     8.2593
  42570.00     8.1613
  42580.00     7.8823
  42590.00     7.9560
  42600.00     7.8872
  42610.00     8.2035
  42620.00     8.0500
  42630.00     7.8408
  42640.00     8.1716
  42650.00     8.0233
  42660.00     8.7200
  42670.00     7.5999
  42680.00     8.3583
  42690.00     8.2923
  42700.00     8.1277
  42710.00     8.1632
  42720.00     7.5449
  42730.00     7.8296
  42740.00     8.5332
  42750.00     7.4290
  42760.00     8.2270
  42770.00     7.9718
  42780.00     7.6952
  42790.00     7.6530
  42800.00     7.6868
  42810.00     8.1322
  42820.00     7.9995
  42830.00     8.0414
  42840.00     7.9806
  42850.00     7.6094
  42860.00     7.9105
  42870.00     8.2968
  42880.00     7.5644
  42890.00     8.0609
  42900.00     7.8335
  42910.00     7.9847
  42920.00     8.0221
  42930.00     7.8465
  42940.00     7.9054
  42950.00     7.8790
  42960.00     7.7910
  42970.00     7.5621
  42980.00     8.0395
  42990.00     8.1571
  43000.00     8.1481
  43010.00     8.0495
  43020.00     8.1647
  43030.00     8.0173
  43040.00     8.0613
  43050.00     8.3771
  43060.00     8.2532
  43070.00     8.1717
  43080.00     7.3519
  43090.00     7.9405
  43100.00     7.7742
  43110.00     7.5499
  43120.00     8.2023
  43130.00     8.0493
  43140.00     8.0108
  43150.00     8.6575
  43160.00     7.9343
  43170.00     7.7263
  43180.00     7.7300
  43190.00     7.6713
  43200.00     8.3417
  43210.00     7.7966
  43220.00     8.1843
  43230.00     8.3969
  43240.00     8.2324
  43250.00     7.8957
  43260.00     7.9418
  43270.00     8.1213
  43280.00     7.8612
  43290.00     8.0796
  43300.00     7.6249
  43310.00     7.9239
  43320.00     7.9785
  43330.00     8.0775
  43340.00     7.9630
  43350.00     7.7867
  43360.00     8.1031
  43370.00     7.9592
  43380.00     7.7413
  43390.00     7.5418
  43400.00     7.6922
  43410.00     8.0012
  43420.00     8.1111
  43430.00     8.3101
  43440.00     8.4368
  43450.00     7.8502
  43460.00     7.9999
  43470.00     7.6887
  43480.00     7.9335
  43490.00     8.2407
  43500.00     8.1837
  43510.00     7.9701
  43520.00     8.2312
  43530.00     7.8568
  43540.00     8.4082
  43550.00     7.7911
  43560.00     8.5257
  43570.00     8.2065
  43580.00     8.5567
  43590.00     7.6567
  43600.00     7.2371
  43610.00     7.5810
  43620.00     8.0331
  43630.00     8.1652
  43640.00     7.8731
  43650.00     8.1657
  43660.00     8.3333
  43670.00     8.2539
  43680.00     7.6759
  43690.00     8.2561
  43700.00     7.8378
  43710.00     7.9409
  43720.00     8.3884
  43730.00     7.5986
  43740.00     7.8299
  43750.00     7.7950
  43760.00     7.8682
  43770.00     7.7448
  43780.00     8.1107
  43790.00     7.9674
  43800.00     7.7458
  43810.00     8.2787
  43820.00     7.6490
  43830.00     8.3152
  43840.00     8.1306
  43850.00     7.6921
  43860.00     7.9230
  43870.00     7.6363
  43880.00     8.2583
  43890.00     8.0337
  43900.00     7.9844
  43910.00     7.9347
  43920.00     7.8082
  43930.00     7.7724
  43940.00     7.8635
  43950.00     8.1291
  43960.00     8.0597
  43970.00     8.0359
  43980.00     7.9805
  43990.00     8.4976
  44000.00     7.7373
  44010.00     7.7835
  44020.00     8.0390
  44030.00     7.8900
  44040.00     8.1028
  44050.00     8.0917
  44060.00     7.7586
  44070.00     7.9733
  44080.00     8.0652
  44090.00     7.9998
  44100.00     8.0869
  44110.00     8.4329
  44120.00     8.0180
  44130.00     7.7467
  44140.00     7.9131
  44150.00     7.7851
  44160.00     7.9211
  44170.00     8.1482
  44180.00     7.9984
  44190.00     8.4079
  44200.00     8.1182
  44210.00     8.0631
  44220.00     8.5352
  44230.00     8.0935
  44240.00     8.7115
  44250.00     7.4288
  44260.00     7.9911
  44270.00     8.4166
  44280.00     7.9254
  44290.00     7.5815
  44300.00     7.6573
  44310.00     7.6172
  44320.00     7.7215
  44330.00     8.6992
  44340.00     8.1680
  44350.00     7.7691
  44360.00     8.0676
  44370.00     8.2871
  44380.00     8.0538
  44390.00     8.2188
  44400.00     7.7351
  44410.00     8.3700
  44420.00     8.2443
  44430.00     7.4657
  44440.00     8.1381
  44450.00     7.9416
  44460.00     8.1724
  44470.00     7.9264
  44480.00     7.9135
  44490.00     8.4809
  44500.00     7.5098
  44510.00     7.8584
  44520.00     8.0522
  44530.00     7.5774
  44540.00     7.5256
  44550.00     7.8384
  44560.00     7.8806
  44570.00     8.0296
  44580.00     7.5231
  44590.00     7.6571
  44600.00     7.8102
  44610.00     7.7841
  44620.00     7.8081
  44630.00     8.1239
  44640.00     7.6403
  44650.00     7.8821
  44660.00     7.9855
  44670.00     8.1706
  44680.00     8.0265
  44690.00     7.7464
  44700.00     7.9263
  44710.00     8.2412
  44720.00     7.8841
  44730.00     8.2025
  44740.00     8.3288
  44750.00     7.9094
  44760.00     7.6347
  44770.00     7.7403
  44780.00     8.0724
  44790.00     7.8725
  44800.00     7.3026
  44810.00     8.0925
  44820.00     7.8860
  44830.00     8.2916
  44840.00     7.7907
  44850.00     8.0286
  44860.00     7.9547
  44870.00     8.0667
  44880.00     7.5539
  44890.00     8.0879
  44900.00     7.1361
  44910.00     7.7811
  44920.00     7.9444
  44930.00     7.6664
  44940.00     8.3262
  44950.00     8.3818
  44960.00     7.2813
  44970.00     7.5801
  44980.00     7.6342
  44990.00     7.5405
  45000.00     7.7180
  45010.00     7.8915
  45020.00     7.6792
  45030.00     8.4382
  45040.00     8.1100
  45050.00     8.0914
  45060.00     7.6243
  45070.00     7.8585
  45080.00     7.7028
  45090.00     7.6217
  45100.00     8.0636
  45110.00     8.0004
  45120.00     7.8740
  45130.00     7.5968
  45140.00     8.0315
  45150.00     8.1389
  45160.00     7.6239
  45170.00     7.9279
  45180.00     7.8025
  45190.00     8.0666
  45200.00     7.8318
  45210.00     7.9459
  45220.00     8.3413
  45230.00     8.3362
  45240.00     7.7387
  45250.00     7.6486
  45260.00     7.8742
  45270.00     8.7600
  45280.00     8.1497
  45290.00     7.6643
  45300.00     7.5112
  45310.00     8.1982
  45320.00     7.8340
  45330.00     7.9054
  45340.00     8.7431
  45350.00     7.6041
  45360.00     7.7345
  45370.00     8.3775
  45380.00     8.0291
  45390.00     8.3976
  45400.00     7.9517
  45410.00     8.2926
  45420.00     8.7838
  45430.00     8.5359
  45440.00     8.4187
  45450.00     8.0624
  45460.00     7.8289
  45470.00     8.2536
  45480.00     8.1692
  45490.00     7.8202
  45500.00     7.9244
  45510.00     7.6581
  45520.00     8.1605
  45530.00     8.0231
  45540.00     8.0772
  45550.00     7.5955
  45560.00     8.1670
  45570.00     8.4649
  45580.00     8.3399
  45590.00     8.3119
  45600.00     8.3216
  45610.00     7.8178
  45620.00     8.1089
  45630.00     8.4581
  45640.00     8.4347
  45650.00     7.6468
  45660.00     8.0313
  45670.00     8.1781
  45680.00     8.2712
  45690.00     7.5576
  45700.00     7.8896
  45710.00     8.1334
  45720.00     8.0852
  45730.00     7.8633
  45740.00     8.0998
  45750.00     8.5377
  45760.00     8.1502
  45770.00     8.1649
  45780.00     7.9243
  45790.00     7.7362
  45800.00     8.0425
  45810.00     7.8201
  45820.00     7.7098
  45830.00     7.9332
  45840.00     8.4405
  45850.00     7.5423
  45860.00     7.4215
  45870.00     7.8390
  45880.00     8.0831
  45890.00     8.4404
  45900.00     7.9963
  45910.00     8.0658
  45920.00     7.5571
  45930.00     7.8138
  45940.00     8.0675
  45950.00     7.8699
  45960.00     7.8594
  45970.00     7.8613
  45980.00     8.3018
  45990.00     7.8373
  46000.00     8.1590
  46010.00     7.9632
  46020.00     8.0769
  46030.00     7.7359
  46040.00     7.8259
  46050.00     8.1176
  46060.00     8.0262
  46070.00     7.6721
  46080.00     8.0232
  46090.00     8.2878
  46100.00     8.0337
  46110.00     7.9034
  46120.00     8.1655
  46130.00     8.3746
  46140.00     8.2660
  46150.00     7.6906
  46160.00     8.2018
  46170.00     8.1933
  46180.00     8.0742
  46190.00     7.7430
  46200.00     7.8894
  46210.00     7.6771
  46220.00     7.8462
  46230.00     7.9625
  46240.00     7.8412
  46250.00     8.0120
  46260.00     8.4142
  46270.00     7.6928
  46280.00     7.9214
  46290.00     8.5448
  46300.00     8.1492
  46310.00     8.4593
  46320.00     7.6516
  46330.00     7.7483
  46340.00     8.1063
  46350.00     8.3584
  46360.00     7.5897
  46370.00     7.9172
  46380.00     8.3417
  46390.00     8.1583
  46400.00     8.6718
  46410.00     8.1065
  46420.00     7.8160
  46430.00     8.1593
  46440.00     8.4629
  46450.00     8.4621
  46460.00     8.8058
  46470.00     7.8656
  46480.00     8.1680
  46490.00     8.1998
  46500.00     7.9690
  46510.00     8.3271
  46520.00     8.0336
  46530.00     8.0644
  46540.00     7.6334
  46550.00     8.2173
  46560.00     8.5985
  46570.00     8.1852
  46580.00     8.2869
  46590.00     8.6237
  46600.00     8.0380
  46610.00     7.7526
  46620.00     8.2304
  46630.00     8.5961
  46640.00     7.7008
  46650.00     8.0809
  46660.00     8.2388
  46670.00     8.0513
  46680.00     8.5177
  46690.00     8.0079
  46700.00     7.8759
  46710.00     8.3187
  46720.00     7.9529
  46730.00     8.0599
  46740.00     7.7215
  46750.00     8.1498
  46760.00     8.1248
  46770.00     8.3542
  46780.00     8.0253
  46790.00     7.3495
  46800.00     7.4228
  46810.00     8.0261
  46820.00     8.4341
  46830.00     8.0101
  46840.00     8.3132
  46850.00     7.6482
  46860.00     7.7630
  46870.00     8.4969
  46880.00     8.1110
  46890.00     8.1867
  46900.00     7.5951
  46910.00     8.0018
  46920.00     7.4513
  46930.00     7.9553
  46940.00     8.3453
  46950.00     7.9966
  46960.00     7.7207
  46970.00     7.9815
  46980.00     7.9492
  46990.00     7.7530
  47000.00     8.2910
  47010.00     8.0172
  47020.00     8.0025
  47030.00     8.0657
  47040.00     7.5054
  47050.00     7.6325
  47060.00     7.6463
  47070.00     8.2909
  47080.00     8.0107
  47090.00     7.7498
  47100.00     8.0107
  47110.00     7.8013
  47120.00     7.4121
  47130.00     7.7623
  47140.00     8.0786
  47150.00     7.6460
  47160.00     7.9464
  47170.00     8.8430
  47180.00     8.2932
  47190.00     8.2079
  47200.00     8.1042
  47210.00     7.7733
  47220.00     7.7578
  47230.00     8.2141
  47240.00     7.9499
  47250.00     7.9466
  47260.00     7.3600
  47270.00     8.0408
  47280.00     7.7626
  47290.00     8.0614
  47300.00     8.2234
  47310.00     7.6681
  47320.00     7.9404
  47330.00     8.2098
  47340.00     7.8756
  47350.00     7.9690
  47360.00     7.7606
  47370.00     8.1745
  47380.00     8.0056
  47390.00     8.8049
  47400.00     7.9740
  47410.00     7.8556
  47420.00     7.5732
  47430.00     7.8950
  47440.00     8.3978
  47450.00     8.0437
  47460.00     8.1617
  47470.00     7.9716
  47480.00     7.8745
  47490.00     8.1134
  47500.00     8.6123
  47510.00     7.8971
  47520.00     7.5723
  47530.00     7.9968
  47540.00     7.5277
  47550.00     7.8782
  47560.00     8.0138
  47570.00     8.0386
  47580.00     7.9392
  47590.00     7.9228
  47600.00     7.9985
  47610.00     8.0658
  47620.00     7.7379
  47630.00     7.9792
  47640.00     8.1069
  47650.00     8.1473
  47660.00     7.8565
  47670.00     8.2429
  47680.00     8.4037
  47690.00     8.5268
  47700.00     7.6973
  47710.00     7.6823
  47720.00     8.0198
  47730.00     8.0138
  47740.00     7.8672
  47750.00     7.6197
  47760.00     7.9007
  47770.00     7.6177
  47780.00     8.2856
  47790.00     7.8795
  47800.00     7.7630
  47810.00     7.7807
  47820.00     7.7472
  47830.00     7.9333
  47840.00     7.5777
  47850.00     8.0356
  47860.00     7.9737
  47870.00     8.1216
  47880.00     7.8460
  47890.00     7.8119
  47900.00     7.7771
  47910.00     8.0629
  47920.00     7.5932
  47930.00     7.6396
  47940.00     7.7682
  47950.00     7.8812
  47960.00     8.0370
  47970.00     7.9866
  47980.00     7.8243
  47990.00     7.6910
  48000.00     8.0982
  48010.00     7.3947
  48020.00     7.8163
  48030.00     8.2370
  48040.00     7.6654
  48050.00     8.3854
  48060.00     8.0501
  48070.00     7.6990
  48080.00     7.9254
  48090.00     7.6444
  48100.00     8.0133
  48110.00     7.6036
  48120.00     7.7943
  48130.00     8.3165
  48140.00     8.0272
  48150.00     8.1184
  48160.00     7.9477
  48170.00     7.7005
  48180.00     8.0906
  48190.00     7.5790
  48200.00     7.8471
  48210.00     7.9643
  48220.00     7.7923
  48230.00     8.0303
  48240.00     7.5550
  48250.00     7.5515
  48260.00     7.5027
  48270.00     7.8314
  48280.00     7.9552
  48290.00     7.9689
  48300.00     7.6643
  48310.00     8.1472
  48320.00     8.0334
  48330.00     8.1467
  48340.00     8.0420
  48350.00     7.9606
  48360.00     7.6455
  48370.00     7.8595
  48380.00     7.6672
  48390.00     7.4903
  48400.00     7.9616
  48410.00     7.6119
  48420.00     8.2287
  48430.00     7.7424
  48440.00     7.9968
  48450.00     7.5663
  48460.00     7.1117
  48470.00     7.7102
  48480.00     7.4548
  48490.00     7.9848
  48500.00     8.4297
  48510.00     7.9211
  48520.00     7.5804
  48530.00     7.3850
  48540.00     7.8231
  48550.00     7.7897
  48560.00     7.6071
  48570.00     7.8242
  48580.00     8.2273
  48590.00     7.2568
  48600.00     7.7243
  48610.00     8.3550
  48620.00     7.9799
  48630.00     8.1986
  48640.00     8.0823
  48650.00     8.0544
  48660.00     7.3002
  48670.00     7.7959
  48680.00     7.8791
  48690.00     7.4516
  48700.00     8.3243
  48710.00     8.1241
  48720.00     8.0436
  48730.00     8.0013
  48740.00     7.7452
  48750.00     7.9687
  48760.00     8.1094
  48770.00     7.8812
  48780.00     8.0468
  48790.00     8.4136
  48800.00     7.7972
  48810.00     7.5429
  48820.00     8.1938
  48830.00     8.3866
  48840.00     8.4483
  48850.00     7.8690
  48860.00     8.0302
  48870.00     7.9633
  48880.00     8.0815
  48890.00     7.9994
  48900.00     7.8540
  48910.00     8.4444
  48920.00     8.0775
  48930.00     8.0402
  48940.00     8.0647
  48950.00     8.1408
  48960.00     8.4384
  48970.00     7.6270
  48980.00     8.2984
  48990.00     7.9439
  49000.00     8.1379
  49010.00     8.1119
  49020.00     7.7345
  49030.00     7.7323
  49040.00     8.2530
  49050.00     7.6748
  49060.00     7.6123
  49070.00     7.4604
  49080.00     7.9122
  49090.00     7.9735
  49100.00     7.6331
  49110.00     7.9451
  49120.00     7.8002
  49130.00     7.5366
  49140.00     8.2512
  49150.00     7.9267
  49160.00     7.3657
  49170.00     7.6248
  49180.00     7.9478
  49190.00     7.5351
  49200.00     7.1472
  49210.00     8.1228
  49220.00     8.1063
  49230.00     7.9990
  49240.00     7.5919
  49250.00     8.3682
  49260.00     7.9601
  49270.00     8.5008
  49280.00     8.1742
  49290.00     7.8903
  49300.00     8.3448
  49310.00     8.2525
  49320.00     7.8754
  49330.00     7.7466
  49340.00     7.7537
  49350.00     7.6425
  49360.00     8.0425
  49370.00     7.7183
  49380.00     8.1576
  49390.00     8.0950
  49400.00     8.0428
  49410.00     7.8431
  49420.00     8.0410
  49430.00     8.0565
  49440.00     8.2727
  49450.00     8.3055
  49460.00     8.0012
  49470.00     8.4816
  49480.00     7.9214
  49490.00     8.3122
  49500.00     8.0007
  49510.00     7.8695
  49520.00     8.5873
  49530.00     7.9362
  49540.00     7.9417
  49550.00     8.2675
  49560.00     8.1148
  49570.00     8.1159
  49580.00     8.2743
  49590.00     7.9874
  49600.00     8.4009
  49610.00     7.8405
  49620.00     7.8226
  49630.00     8.8461
  49640.00     7.5467
  49650.00     8.0340
  49660.00     7.7803
  49670.00     8.2688
  49680.00     7.6451
  49690.00     8.3484
  49700.00     8.0768
  49710.00     7.8121
  49720.00     8.2717
  49730.00     8.1903
  49740.00     7.7967
  49750.00     7.8712
  49760.00     8.4833
  49770.00     8.2258
  49780.00     7.8772
  49790.00     7.8069
  49800.00     7.9498
  49810.00     8.0069
  49820.00     7.6869
  49830.00     8.2096
  49840.00     8.1310
  49850.00     8.0807
  49860.00     7.9362
  49870.00     8.0201
  49880.00     8.0642
  49890.00     7.6704
  49900.00     8.3643
  49910.00     7.5496
  49920.00     8.0088
  49930.00     7.4316
  49940.00     8.6294
  49950.00     7.7904
  49960.00     7.7084
  49970.00     7.3878
  49980.00     8.1877
  49990.00     8.4709
  50000.00     8.0478
