     10.00    -0.2006
     20.00    -0.1182
     30.00    -0.1210
     40.00    -0.0483
     50.00    -0.4238
     60.00    -0.0384
     70.00     0.1965
     80.00    -0.1056
     90.00     0.3130
    100.00    -0.0947
    110.00     0.3988
    120.00     0.1405
    130.00    -0.1653
    140.00     0.0718
    150.00     0.2404
    160.00     0.1016
    170.00     0.0462
    180.00    -0.1733
    190.00     0.0037
    200.00    -0.1571
    210.00    -0.1737
    220.00     0.1063
    230.00     0.4482
    240.00     0.0683
    250.00    -0.2330
    260.00    -0.2188
    270.00    -0.0791
    280.00    -0.3303
    290.00     0.6638
    300.00     0.4634
    310.00    -0.0836
    320.00    -0.7051
    330.00    -0.3868
    340.00     0.3201
    350.00     0.6024
    360.00    -0.1782
    370.00     0.0012
    380.00    -0.0327
    390.00    -0.0757
    400.00     0.2922
    410.00     0.2383
    420.00     0.0075
    430.00    -0.1241
    440.00    -0.4018
    450.00    -0.6035
    460.00     0.0215
    470.00    -0.3422
    480.00    -0.3789
    490.00    -0.0329
    500.00     0.0681
    510.00     0.1328
    520.00     0.5352
    530.00    -0.2215
    540.00    -0.0867
    550.00    -0.4365
    560.00    -0.0642
    570.00    -0.0871
    580.00    -0.1490
    590.00    -0.6170
    600.00    -0.6711
    610.00     0.0848
    620.00     0.5211
    630.00    -0.2318
    640.00    -0.0184
    650.00     0.1066
    660.00    -0.0669
    670.00     0.3197
    680.00     0.2715
    690.00    -0.2597
    700.00     0.0451
    710.00     0.4685
    720.00     0.1228
    730.00     0.0797
    740.00    -0.2150
    750.00    -0.2969
    760.00     0.1726
    770.00    -0.0665
    780.00     0.1932
    790.00     0.1130
    800.00     0.4103
    810.00    -0.0194
    820.00     0.3481
    830.00    -0.2514
    840.00    -0.1069
    850.00    -0.0639
    860.00     0.3142
    870.00    -0.1271
    880.00    -0.0640
    890.00     0.1052
    900.00    -0.4594
    910.00    -0.4397
    920.00     0.1681
    930.00    -0.0113
    940.00     0.1622
    950.00    -0.3908
    960.00     0.2147
    970.00    -0.3470
    980.00    -0.1500
    990.00    -0.0992
   1000.00    -0.3029
   1010.00     0.0219
   1020.00     0.1279
   1030.00     0.0004
   1040.00     0.0865
   1050.00    -0.2697
   1060.00     0.0762
   1070.00     0.1557
   1080.00    -0.1117
   1090.00     0.0246
   1100.00    -0.1955
   1110.00    -0.0109
   1120.00    -0.0666
   1130.00    -0.1154
   1140.00     0.1372
   1150.00     0.4887
   1160.00     0.3083
   1170.00    -0.1236
   1180.00     0.1091
   1190.00     0.2597
   1200.00    -0.1990
   1210.00    -0.0330
   1220.00     0.4954
   1230.00     0.0356
   1240.00    -0.2212
   1250.00    -0.1375
   1260.00    -0.0821
   1270.00    -0.4014
   1280.00    -0.0363
   1290.00     0.6446
   1300.00     0.1588
   1310.00     0.4168
   1320.00    -0.1468
   1330.00     0.5286
   1340.00     0.0961
   1350.00     0.5134
   1360.00    -0.1900
   1370.00     0.4079
   1380.00    -0.1793
   1390.00     0.5245
   1400.00     0.0832
   1410.00     0.0897
   1420.00    -0.2488
   1430.00    -0.2738
   1440.00    -0.1930
   1450.00     0.1885
   1460.00     0.3574
   1470.00     0.4745
   1480.00     0.4676
   1490.00     0.2000
   1500.00     0.4819
   1510.00     0.1987
   1520.00     0.4791
   1530.00     0.2012
   1540.00     0.3749
   1550.00    -0.0577
   1560.00    -0.0094
   1570.00     0.0091
   1580.00     0.0926
   1590.00     0.5403
   1600.00    -0.1751
   1610.00    -0.2691
   1620.00    -0.0810
   1630.00     0.5901
   1640.00     0.1471
   1650.00     0.2498
   1660.00    -0.5781
   1670.00     0.4627
   1680.00     0.5268
   1690.00    -0.2932
   1700.00     0.1866
   1710.00    -0.0801
   1720.00    -0.1894
   1730.00    -0.3865
   1740.00     0.1339
   1750.00     0.0552
   1760.00    -0.0951
   1770.00     0.1129
   1780.00     0.0536
   1790.00    -0.2058
   1800.00    -0.4273
   1810.00     0.0938
   1820.00     0.2048
   1830.00    -0.2790
   1840.00    -0.2180
   1850.00    -0.2696
   1860.00     0.2476
   1870.00    -0.1963
   1880.00    -0.3982
   1890.00    -0.1809
   1900.00    -0.0026
   1910.00     0.0251
   1920.00     0.0874
   1930.00     0.1039
   1940.00    -0.0415
   1950.00    -0.0170
   1960.00     0.1002
   1970.00     0.0805
   1980.00    -0.4766
   1990.00     0.0105
   2000.00     0.0593
   2010.00    -0.3225
   2020.00    -0.4045
   2030.00    -0.3428
   2040.00    -0.2108
   2050.00     0.2678
   2060.00     0.4424
   2070.00     0.2321
   2080.00     0.2950
   2090.00     0.1161
   2100.00     0.2531
   2110.00     0.5079
   2120.00     0.2943
   2130.00    -0.1728
   2140.00    -0.0402
   2150.00    -0.0876
   2160.00     0.2582
   2170.00    -0.2508
   2180.00     0.1870
   2190.00     0.3956
   2200.00    -0.1644
   2210.00    -0.1350
   2220.00    -0.0396
   2230.00     0.3413
   2240.00    -0.3682
   2250.00    -0.3482
   2260.00    -0.0950
   2270.00    -0.3081
   2280.00    -0.0057
   2290.00    -0.3614
   2300.00    -0.1968
   2310.00     0.4060
   2320.00    -0.4458
   2330.00     0.0951
   2340.00     0.0722
   2350.00     0.1667
   2360.00     0.3795
   2370.00     0.2810
   2380.00    -0.4079
   2390.00     0.0360
   2400.00    -0.0746
   2410.00    -0.0759
   2420.00     0.2737
   2430.00     0.1010
   2440.00     0.0181
   2450.00     0.2006
   2460.00    -0.2657
   2470.00    -0.2624
   2480.00     0.1696
   2490.00    -0.4871
   2500.00     0.2083
   2510.00    -0.2717
   2520.00    -0.0513
   2530.00     0.0094
   2540.00     0.3493
   2550.00    -0.2874
   2560.00     0.2714
   2570.00    -0.0290
   2580.00    -0.1304
   2590.00    -0.1313
   2600.00    -0.1530
   2610.00    -0.3523
   2620.00    -0.3513
   2630.00     0.1474
   2640.00    -0.4621
   2650.00    -0.5852
   2660.00    -0.0930
   2670.00    -0.4087
   2680.00     0.0196
   2690.00     0.0268
   2700.00    -0.0322
   2710.00     0.1486
   2720.00     0.4440
   2730.00     0.1837
   2740.00    -0.2083
   2750.00    -0.0574
   2760.00     0.0538
   2770.00     0.1555
   2780.00    -0.5882
   2790.00    -0.2036
   2800.00    -0.5340
   2810.00    -0.2298
   2820.00     0.1605
   2830.00    -0.3626
   2840.00     0.9817
   2850.00     0.3947
   2860.00    -0.0913
   2870.00    -0.1826
   2880.00    -0.3003
   2890.00    -0.1740
   2900.00    -0.5369
   2910.00    -0.4088
   2920.00     0.0552
   2930.00     0.1211
   2940.00     0.2077
   2950.00    -0.0169
   2960.00     0.1685
   2970.00    -0.1247
   2980.00    -0.3420
   2990.00     0.2085
   3000.00    -0.1779
   3010.00     0.3047
   3020.00     0.4290
   3030.00     0.0948
   3040.00     0.0053
   3050.00     0.2150
   3060.00     0.3104
   3070.00    -0.2481
   3080.00     0.2763
   3090.00    -0.0541
   3100.00     0.3948
   3110.00     0.3208
   3120.00     0.1889
   3130.00     0.0046
   3140.00    -0.2610
   3150.00    -0.3396
   3160.00     0.1817
   3170.00    -0.3239
   3180.00    -0.1787
   3190.00    -0.7645
   3200.00     0.1070
   3210.00    -0.1287
   3220.00    -0.0407
   3230.00    -0.3809
   3240.00     0.3371
   3250.00    -0.2846
   3260.00    -0.3012
   3270.00     0.1715
   3280.00     0.0568
   3290.00    -0.0971
   3300.00     0.2016
   3310.00     0.2214
   3320.00    -0.0980
   3330.00     0.3153
   3340.00    -0.0801
   3350.00    -0.3022
   3360.00    -0.1099
   3370.00     0.0718
   3380.00    -0.6397
   3390.00     0.0612
   3400.00     0.5614
   3410.00     0.0775
   3420.00     0.0090
   3430.00     0.3671
   3440.00     0.2294
   3450.00     0.1567
   3460.00     0.4079
   3470.00    -0.1327
   3480.00    -0.0935
   3490.00     0.2940
   3500.00    -0.1985
   3510.00    -0.4725
   3520.00    -0.1631
   3530.00     0.0752
   3540.00    -0.1137
   3550.00    -0.2567
   3560.00    -0.5160
   3570.00    -0.5744
   3580.00    -0.4325
   3590.00     0.6821
   3600.00     0.1283
   3610.00     0.3370
   3620.00    -0.4008
   3630.00     0.4733
   3640.00     0.2043
   3650.00     0.0603
   3660.00     0.1174
   3670.00     0.2717
   3680.00     0.0954
   3690.00     0.2192
   3700.00    -0.0793
   3710.00    -0.1302
   3720.00    -0.0523
   3730.00    -0.0256
   3740.00     0.0682
   3750.00    -0.0474
   3760.00    -0.1769
   3770.00     0.1234
   3780.00    -0.0318
   3790.00    -0.1674
   3800.00    -0.2873
   3810.00     0.3048
   3820.00    -0.4666
   3830.00     0.0853
   3840.00    -0.2674
   3850.00     0.3588
   3860.00    -0.1957
   3870.00    -0.6690
   3880.00     0.4379
   3890.00     0.1654
   3900.00     0.0397
   3910.00     0.0765
   3920.00     0.4656
   3930.00    -0.2597
   3940.00    -0.4180
   3950.00    -0.0842
   3960.00    -0.5194
   3970.00    -0.8018
   3980.00    -0.1723
   3990.00    -0.1316
   4000.00     0.1159
   4010.00    -0.2490
   4020.00     0.2776
   4030.00     0.2993
   4040.00     0.1138
   4050.00     0.0241
   4060.00    -0.0163
   4070.00    -0.0405
   4080.00     0.0557
   4090.00    -0.1504
   4100.00     0.2996
   4110.00     0.1925
   4120.00     0.3792
   4130.00     0.4664
   4140.00     0.2031
   4150.00    -0.2003
   4160.00     0.6700
   4170.00     0.2435
   4180.00     0.3832
   4190.00    -0.2841
   4200.00     0.4002
   4210.00    -0.0606
   4220.00     0.1814
   4230.00     0.2619
   4240.00     0.3338
   4250.00    -0.1323
   4260.00    -0.0203
   4270.00     0.0618
   4280.00     0.3276
   4290.00    -0.3232
   4300.00     0.7038
   4310.00     0.2923
   4320.00    -0.0806
   4330.00     0.0082
   4340.00     0.1757
   4350.00     0.2915
   4360.00     0.1484
   4370.00    -0.1399
   4380.00     0.0783
   4390.00     0.2748
   4400.00    -0.1189
   4410.00    -0.0486
   4420.00    -0.1810
   4430.00     0.4128
   4440.00    -0.2466
   4450.00    -0.1494
   4460.00    -0.3911
   4470.00    -0.2257
   4480.00     0.1476
   4490.00     0.1595
   4500.00    -0.0202
   4510.00    -0.4583
   4520.00     0.0973
   4530.00    -0.4224
   4540.00     0.0277
   4550.00    -0.1697
   4560.00    -0.0943
   4570.00    -0.2190
   4580.00    -0.5496
   4590.00    -0.5316
   4600.00     0.1060
   4610.00     0.1904
   4620.00     0.4531
   4630.00    -0.1085
   4640.00    -0.1886
   4650.00    -0.4807
   4660.00     0.0288
   4670.00    -0.3664
   4680.00     0.1681
   4690.00     0.4859
   4700.00    -0.4297
   4710.00     0.5765
   4720.00     0.1382
   4730.00     0.3397
   4740.00    -0.0064
   4750.00     0.5593
   4760.00     0.2612
   4770.00     0.0174
   4780.00    -0.0557
   4790.00    -0.1819
   4800.00     0.4634
   4810.00    -0.3542
   4820.00     0.0998
   4830.00     0.1107
   4840.00    -0.2403
   4850.00     0.0261
   4860.00     0.2106
   4870.00     0.0485
   4880.00     0.0783
   4890.00     0.2639
   4900.00     0.1487
   4910.00     0.2831
   4920.00     0.8856
   4930.00     0.0388
   4940.00     0.4952
   4950.00    -0.0328
   4960.00     0.2287
   4970.00     0.1397
   4980.00    -0.2793
   4990.00     0.1245
   5000.00     0.3742
   5010.00     0.3445
   5020.00    -0.4148
   5030.00    -0.4811
   5040.00    -0.3587
   5050.00    -0.7005
   5060.00    -0.2209
   5070.00    -0.3241
   5080.00     0.0109
   5090.00     0.3933
   5100.00    -0.2632
   5110.00     0.0367
   5120.00    -0.6929
   5130.00     0.2433
   5140.00     0.2369
   5150.00    -0.7205
   5160.00    -0.2224
   5170.00    -0.0286
   5180.00    -0.1801
   5190.00    -0.5417
   5200.00     0.1252
   5210.00    -0.1007
   5220.00    -0.0599
   5230.00    -0.2773
   5240.00    -0.3451
   5250.00     0.1997
   5260.00     0.5381
   5270.00    -0.1494
   5280.00    -0.0447
   5290.00    -0.3840
   5300.00     0.1324
   5310.00     0.0335
   5320.00    -0.2950
   5330.00     0.1859
   5340.00     0.2053
   5350.00     0.2026
   5360.00     0.0140
   5370.00     0.3323
   5380.00    -0.3507
   5390.00    -0.0932
   5400.00     0.0623
   5410.00    -0.3393
   5420.00    -0.5188
   5430.00    -0.2373
   5440.00     0.0063
   5450.00     0.2744
   5460.00    -0.0136
   5470.00    -0.3061
   5480.00    -0.4222
   5490.00    -0.3262
   5500.00     0.2173
   5510.00     0.0632
   5520.00    -0.1976
   5530.00     0.0854
   5540.00    -0.3084
   5550.00     0.0195
   5560.00    -0.1466
   5570.00    -0.1433
   5580.00     0.4627
   5590.00    -0.1890
   5600.00    -0.1620
   5610.00     0.0801
   5620.00     0.2577
   5630.00    -0.2227
   5640.00     0.2639
   5650.00     0.0168
   5660.00    -0.4707
   5670.00    -0.1122
   5680.00     0.2299
   5690.00     0.3239
   5700.00    -0.2664
   5710.00    -0.1191
   5720.00    -0.1745
   5730.00     0.1277
   5740.00     0.1754
   5750.00    -0.1835
   5760.00     0.2778
   5770.00    -0.1820
   5780.00     0.6970
   5790.00     0.0724
   5800.00    -0.0121
   5810.00    -0.1991
   5820.00    -0.1036
   5830.00    -0.2887
   5840.00    -0.1319
   5850.00     0.0320
   5860.00    -0.5125
   5870.00    -0.0652
   5880.00    -0.2059
   5890.00     0.0220
   5900.00    -0.3286
   5910.00     0.2153
   5920.00     0.0282
   5930.00     0.0514
   5940.00     0.4529
   5950.00    -0.0813
   5960.00    -0.0753
   5970.00    -0.0947
   5980.00     0.0949
   5990.00    -0.0483
   6000.00    -0.0231
   6010.00    -0.0672
   6020.00    -0.1016
   6030.00     0.0692
   6040.00    -0.2042
   6050.00     0.3980
   6060.00     0.2075
   6070.00    -0.0667
   6080.00     0.2517
   6090.00    -0.2189
   6100.00     0.2368
   6110.00     0.1280
   6120.00     0.2932
   6130.00     0.2191
   6140.00    -0.4234
   6150.00    -0.6911
   6160.00     0.3245
   6170.00     0.1596
   6180.00    -0.1058
   6190.00    -0.3644
   6200.00     0.7373
   6210.00    -0.2512
   6220.00    -0.2369
   6230.00     0.1023
   6240.00     0.0006
   6250.00    -0.6823
   6260.00    -0.7700
   6270.00    -0.0218
   6280.00    -0.3898
   6290.00    -0.4055
   6300.00    -0.1734
   6310.00    -0.2358
   6320.00     0.1712
   6330.00    -0.1998
   6340.00    -0.0186
   6350.00     0.4466
   6360.00    -0.2746
   6370.00    -0.2717
   6380.00     0.1092
   6390.00    -0.2216
   6400.00    -0.2174
   6410.00    -0.0888
   6420.00    -0.2727
   6430.00    -0.4145
   6440.00    -0.0318
   6450.00     0.2070
   6460.00    -0.1365
   6470.00    -0.2603
   6480.00    -0.5721
   6490.00     0.2961
   6500.00     0.3481
   6510.00     0.2519
   6520.00    -0.0676
   6530.00     0.1308
   6540.00     0.2703
   6550.00     0.0127
   6560.00     0.4207
   6570.00     0.0061
   6580.00    -0.1284
   6590.00     0.0154
   6600.00     0.1000
   6610.00    -0.3458
   6620.00    -0.0668
   6630.00    -0.0784
   6640.00    -0.3023
   6650.00     0.0624
   6660.00    -0.0510
   6670.00     0.0606
   6680.00     0.3050
   6690.00    -0.0058
   6700.00    -0.0671
   6710.00    -0.1662
   6720.00     0.2712
   6730.00     0.1034
   6740.00    -0.0728
   6750.00     0.1866
   6760.00    -0.2550
   6770.00     0.1071
   6780.00     0.2918
   6790.00    -0.5629
   6800.00     0.0483
   6810.00    -0.2633
   6820.00    -0.2663
   6830.00     0.2938
   6840.00    -0.0671
   6850.00    -0.1483
   6860.00     0.2934
   6870.00    -0.2716
   6880.00    -0.1361
   6890.00    -0.3359
   6900.00    -0.2140
   6910.00    -0.1880
   6920.00    -0.1753
   6930.00     0.2428
   6940.00    -0.0772
   6950.00     0.1688
   6960.00    -0.1398
   6970.00     0.0476
   6980.00     0.1694
   6990.00    -0.3866
   7000.00    -0.0874
   7010.00    -0.0713
   7020.00    -0.0556
   7030.00    -0.6326
   7040.00    -0.2134
   7050.00    -0.2285
   7060.00     0.0014
   7070.00     1.0289
   7080.00     0.3211
   7090.00     0.5298
   7100.00     0.0929
   7110.00     0.3385
   7120.00     0.5245
   7130.00     0.8717
   7140.00     0.0080
   7150.00    -0.2724
   7160.00    -0.0086
   7170.00    -0.0412
   7180.00     0.2476
   7190.00     0.4280
   7200.00    -0.2044
   7210.00     0.0825
   7220.00    -0.1995
   7230.00    -0.2029
   7240.00    -0.1246
   7250.00     0.2251
   7260.00    -0.3422
   7270.00    -0.1319
   7280.00     0.7071
   7290.00    -0.0947
   7300.00     0.0402
   7310.00     0.2783
   7320.00    -0.3758
   7330.00     0.0101
   7340.00     0.4117
   7350.00     0.1194
   7360.00    -0.1748
   7370.00    -0.2467
   7380.00    -0.3400
   7390.00    -0.2154
   7400.00    -0.0196
   7410.00    -0.1300
   7420.00    -0.2611
   7430.00     0.3154
   7440.00    -0.0139
   7450.00     0.0270
   7460.00    -0.4501
   7470.00    -0.0718
   7480.00    -0.0230
   7490.00    -0.0114
   7500.00     0.2131
   7510.00     0.2248
   7520.00     0.0240
   7530.00     0.1950
   7540.00    -0.1406
   7550.00    -0.3643
   7560.00    -0.0512
   7570.00     0.1599
   7580.00     0.3865
   7590.00    -0.0407
   7600.00     0.1601
   7610.00    -0.1808
   7620.00     0.1968
   7630.00     0.3601
   7640.00     0.8506
   7650.00    -0.2021
   7660.00     0.2484
   7670.00     0.2399
   7680.00     0.1136
   7690.00     0.2250
   7700.00     0.4997
   7710.00    -0.5218
   7720.00     0.0559
   7730.00    -0.2125
   7740.00    -0.4331
   7750.00    -0.2392
   7760.00     0.0496
   7770.00     0.0996
   7780.00     0.3638
   7790.00    -0.3299
   7800.00     0.3509
   7810.00     0.3095
   7820.00    -0.2535
   7830.00     0.0358
   7840.00    -0.2362
   7850.00    -0.7111
   7860.00    -0.0504
   7870.00     0.1570
   7880.00     0.2255
   7890.00    -0.3384
   7900.00    -0.2627
   7910.00     0.0350
   7920.00     0.1136
   7930.00    -0.3368
   7940.00     0.3042
   7950.00     0.1406
   7960.00    -0.1670
   7970.00    -0.4554
   7980.00     0.1166
   7990.00     0.1927
   8000.00    -0.3343
   8010.00     0.0218
   8020.00    -0.2338
   8030.00     0.2209
   8040.00    -0.6868
   8050.00    -0.2226
   8060.00     0.2097
   8070.00     0.2209
   8080.00     0.1166
   8090.00     0.2979
   8100.00    -0.2130
   8110.00    -0.2840
   8120.00     0.1607
   8130.00     0.1347
   8140.00     0.1631
   8150.00     0.0916
   8160.00    -0.2297
   8170.00    -0.1503
   8180.00     0.0577
   8190.00     0.3075
   8200.00    -0.1296
   8210.00     0.1765
   8220.00     0.2788
   8230.00    -0.1033
   8240.00     0.0471
   8250.00    -0.2445
   8260.00    -0.7024
   8270.00    -0.0162
   8280.00     0.0517
   8290.00    -0.4155
   8300.00    -0.2586
   8310.00     0.5362
   8320.00     0.4326
   8330.00     0.1878
   8340.00     0.3110
   8350.00     0.2193
   8360.00    -0.0285
   8370.00    -0.1182
   8380.00    -0.3149
   8390.00    -0.0483
   8400.00    -0.2198
   8410.00     0.3717
   8420.00    -0.3023
   8430.00     0.1966
   8440.00     0.2243
   8450.00    -0.2011
   8460.00     0.1605
   8470.00     0.2840
   8480.00     0.3539
   8490.00    -0.5330
   8500.00     0.6052
   8510.00    -0.2777
   8520.00    -0.0747
   8530.00    -0.2318
   8540.00     0.1013
   8550.00    -0.2931
   8560.00    -0.0480
   8570.00     0.3628
   8580.00     0.1311
   8590.00    -0.7199
   8600.00    -0.2398
   8610.00     0.2131
   8620.00    -0.2981
   8630.00     0.1628
   8640.00     0.1709
   8650.00     0.1134
   8660.00     0.4522
   8670.00    -0.0866
   8680.00     0.1993
   8690.00     0.2583
   8700.00     0.4832
   8710.00     0.0649
   8720.00     0.0647
   8730.00     0.3448
   8740.00     0.2440
   8750.00    -0.2687
   8760.00     0.0316
   8770.00     0.2171
   8780.00    -0.6101
   8790.00    -0.2052
   8800.00    -0.1002
   8810.00    -0.2303
   8820.00    -0.6380
   8830.00    -0.0663
   8840.00    -0.0025
   8850.00    -0.1501
   8860.00    -0.3054
   8870.00     0.3615
   8880.00    -0.3927
   8890.00    -0.1743
   8900.00    -0.3070
   8910.00    -0.3285
   8920.00    -0.2159
   8930.00     0.3922
   8940.00    -0.2887
   8950.00    -0.2654
   8960.00    -0.4741
   8970.00    -0.0469
   8980.00    -0.2701
   8990.00     0.0432
   9000.00     0.1622
   9010.00     0.1677
   9020.00     0.1927
   9030.00     0.0799
   9040.00     0.5413
   9050.00     0.3341
   9060.00     0.0708
   9070.00    -0.9460
   9080.00     0.0608
   9090.00     0.0068
   9100.00     0.6478
   9110.00     1.2691
   9120.00     0.2401
   9130.00     0.2499
   9140.00    -0.4351
   9150.00    -0.3981
   9160.00    -0.3319
   9170.00     0.3343
   9180.00    -0.3496
   9190.00    -0.3043
   9200.00     0.1278
   9210.00    -0.0224
   9220.00     0.0799
   9230.00     0.2538
   9240.00     0.2597
   9250.00     0.2304
   9260.00    -0.1781
   9270.00     0.0210
   9280.00    -0.0643
   9290.00    -0.0909
   9300.00    -0.1430
   9310.00     0.3318
   9320.00    -0.1891
   9330.00     0.2583
   9340.00     0.2680
   9350.00    -0.0962
   9360.00     0.3301
   9370.00     0.9848
   9380.00     0.1249
   9390.00    -0.4384
   9400.00     0.2379
   9410.00     0.0017
   9420.00    -0.5598
   9430.00     0.0905
   9440.00    -0.4825
   9450.00    -0.2442
   9460.00    -0.1817
   9470.00    -0.1277
   9480.00    -0.2409
   9490.00    -0.4690
   9500.00     0.6848
   9510.00     0.0552
   9520.00     0.0752
   9530.00     0.3204
   9540.00     0.1666
   9550.00     0.0458
   9560.00    -0.0457
   9570.00    -0.0765
   9580.00     0.0231
   9590.00     0.1167
   9600.00    -0.1446
   9610.00     0.1772
   9620.00     0.0743
   9630.00     0.0084
   9640.00     0.2439
   9650.00    -0.3027
   9660.00    -0.5309
   9670.00    -0.1217
   9680.00     0.2443
   9690.00    -0.3778
   9700.00    -0.0603
   9710.00    -0.5473
   9720.00    -0.2286
   9730.00     0.4570
   9740.00    -0.0277
   9750.00    -0.4890
   9760.00     0.0433
   9770.00    -0.0720
   9780.00     0.0382
   9790.00     0.6355
   9800.00    -0.2100
   9810.00     0.1263
   9820.00    -0.0067
   9830.00     0.2116
   9840.00     0.0673
   9850.00     0.1170
   9860.00    -0.4859
   9870.00    -0.1636
   9880.00    -0.0387
   9890.00     0.1460
   9900.00     0.1275
   9910.00     0.1748
   9920.00     0.2701
   9930.00     0.2959
   9940.00    -0.2287
   9950.00    -0.0877
   9960.00     0.3920
   9970.00     0.4421
   9980.00    -0.2588
   9990.00    -0.1487
  10000.00    -0.2924
  10010.00     0.0332
  10020.00    -0.2203
  10030.00    -0.1163
  10040.00    -0.4336
  10050.00    -0.1583
  10060.00     0.2808
  10070.00     0.2403
  10080.00    -0.0708
  10090.00    -0.1488
  10100.00    -0.0968
  10110.00     0.3743
  10120.00     0.3709
  10130.00    -0.2146
  10140.00     0.0632
  10150.00    -0.2593
  10160.00     0.1191
  10170.00     0.1559
  10180.00    -0.6461
  10190.00     0.2748
  10200.00     0.0639
  10210.00    -0.5182
  10220.00     0.1502
  10230.00     0.0320
  10240.00     0.2723
  10250.00    -0.0568
  10260.00     0.4848
  10270.00     0.2178
  10280.00    -0.0482
  10290.00     0.0257
  10300.00     0.2016
  10310.00     0.0727
  10320.00     0.5868
  10330.00     0.4420
  10340.00    -0.4922
  10350.00     0.2410
  10360.00     0.1933
  10370.00    -0.1538
  10380.00    -0.1131
  10390.00    -0.1472
  10400.00    -0.2585
  10410.00    -0.2210
  10420.00     0.2569
  10430.00    -0.1431
  10440.00     0.3812
  10450.00    -0.1799
  10460.00     0.2556
  10470.00     0.1579
  10480.00     0.1693
  10490.00     0.4504
  10500.00    -0.0472
  10510.00    -0.0544
  10520.00    -0.5640
  10530.00    -0.3967
  10540.00    -0.1635
  10550.00     0.0398
  10560.00     0.2142
  10570.00     0.0768
  10580.00    -0.3743
  10590.00    -0.5240
  10600.00    -0.0881
  10610.00    -0.0651
  10620.00     0.0680
  10630.00     0.0269
  10640.00     0.2832
  10650.00    -0.0001
  10660.00    -0.0447
  10670.00    -0.1107
  10680.00    -0.2369
  10690.00     0.0610
  10700.00    -0.0363
  10710.00     0.6360
  10720.00    -0.3576
  10730.00    -0.5995
  10740.00     0.0071
  10750.00    -0.1329
  10760.00     0.0318
  10770.00    -0.1811
  10780.00    -0.3317
  10790.00    -0.2067
  10800.00     0.1882
  10810.00    -0.0413
  10820.00     0.3444
  10830.00     0.3369
  10840.00    -0.2909
  10850.00    -0.3091
  10860.00     0.2676
  10870.00    -0.4421
  10880.00    -0.3974
  10890.00     0.3101
  10900.00    -0.0213
  10910.00    -0.1647
  10920.00    -0.1161
  10930.00     0.0903
  10940.00    -0.0611
  10950.00    -0.0276
  10960.00    -0.0085
  10970.00     0.0778
  10980.00     0.3639
  10990.00     0.3336
  11000.00    -0.4720
  11010.00     0.2433
  11020.00     0.3047
  11030.00     0.3146
  11040.00    -0.2006
  11050.00    -0.2970
  11060.00    -0.2490
  11070.00     0.0904
  11080.00    -0.5661
  11090.00    -0.3833
  11100.00     0.0295
  11110.00    -0.0080
  11120.00     0.0616
  11130.00     0.2211
  11140.00    -0.6128
  11150.00    -0.1543
  11160.00    -0.1074
  11170.00     0.4087
  11180.00     0.2766
  11190.00    -0.3174
  11200.00     0.2810
  11210.00    -0.4843
  11220.00    -0.0939
  11230.00     0.2825
  11240.00     0.0024
  11250.00    -0.0294
  11260.00    -0.2978
  11270.00    -0.5040
  11280.00     0.2103
  11290.00    -0.7737
  11300.00     0.2060
  11310.00    -0.1511
  11320.00    -0.2248
  11330.00    -0.3294
  11340.00     0.0028
  11350.00    -0.1907
  11360.00     0.3909
  11370.00    -0.1251
  11380.00    -0.6754
  11390.00     0.0421
  11400.00     0.0023
  11410.00     0.1280
  11420.00     0.7933
  11430.00     0.1809
  11440.00    -0.0545
  11450.00    -0.2808
  11460.00     0.3497
  11470.00    -0.0183
  11480.00     0.4504
  11490.00     0.6436
  11500.00     0.4388
  11510.00     0.3161
  11520.00    -0.2972
  11530.00     0.3863
  11540.00     0.6279
  11550.00    -0.2977
  11560.00    -0.1482
  11570.00    -0.0165
  11580.00     0.0490
  11590.00    -0.5278
  11600.00     0.4152
  11610.00    -0.4766
  11620.00     0.2845
  11630.00     0.0518
  11640.00     0.3333
  11650.00     0.1691
  11660.00    -0.4315
  11670.00     0.2801
  11680.00     0.4037
  11690.00     0.0611
  11700.00     0.1381
  11710.00     0.0176
  11720.00    -0.0099
  11730.00     0.0030
  11740.00    -0.0307
  11750.00    -0.0616
  11760.00    -0.1655
  11770.00    -0.3094
  11780.00     0.7672
  11790.00    -0.2745
  11800.00     0.3331
  11810.00    -0.1200
  11820.00     0.0499
  11830.00     0.0857
  11840.00     0.1735
  11850.00    -0.0568
  11860.00    -0.3644
  11870.00    -0.4639
  11880.00    -0.5604
  11890.00    -0.3525
  11900.00     0.2986
  11910.00     0.2414
  11920.00     0.3854
  11930.00    -0.0347
  11940.00     0.2166
  11950.00    -0.1924
  11960.00    -0.0172
  11970.00    -0.0677
  11980.00    -0.0411
  11990.00     0.2991
  12000.00    -0.0186
  12010.00     0.0185
  12020.00    -0.3203
  12030.00    -0.4460
  12040.00    -0.2825
  12050.00    -0.2682
  12060.00     0.2808
  12070.00    -0.4149
  12080.00    -0.1430
  12090.00     0.0462
  12100.00     0.1755
  12110.00    -0.0001
  12120.00     0.0631
  12130.00     0.3050
  12140.00     0.5264
  12150.00     0.4127
  12160.00     0.2062
  12170.00    -0.0563
  12180.00     0.1453
  12190.00     0.8503
  12200.00     0.2440
  12210.00     0.2763
  12220.00    -0.1679
  12230.00     0.1822
  12240.00    -0.2895
  12250.00     0.5128
  12260.00     0.0284
  12270.00    -0.1530
  12280.00    -0.3324
  12290.00    -0.5957
  12300.00    -0.0434
  12310.00    -0.7840
  12320.00    -0.0877
  12330.00    -0.1871
  12340.00     0.6640
  12350.00    -0.1586
  12360.00     0.3900
  12370.00     0.1349
  12380.00     0.3630
  12390.00    -0.1586
  12400.00     0.5012
  12410.00     0.4880
  12420.00     0.0527
  12430.00     0.1046
  12440.00    -0.2208
  12450.00     0.1401
  12460.00    -0.0549
  12470.00    -0.1166
  12480.00     0.2152
  12490.00     0.3072
  12500.00     0.1150
  12510.00    -0.2064
  12520.00     0.4205
  12530.00    -0.1575
  12540.00    -0.5047
  12550.00    -0.4593
  12560.00    -0.3077
  12570.00    -0.1194
  12580.00     0.2197
  12590.00    -0.0600
  12600.00    -0.0286
  12610.00     0.1203
  12620.00     0.1316
  12630.00    -0.2781
  12640.00     0.0807
  12650.00    -0.0053
  12660.00    -0.5174
  12670.00    -0.2206
  12680.00     0.1931
  12690.00     0.0849
  12700.00    -0.0489
  12710.00    -0.3606
  12720.00    -0.4076
  12730.00    -0.2758
  12740.00     0.2155
  12750.00     0.1246
  12760.00     0.3926
  12770.00    -0.0960
  12780.00    -0.2442
  12790.00     0.1189
  12800.00     0.1486
  12810.00    -0.2258
  12820.00    -0.0014
  12830.00    -0.0847
  12840.00    -0.1289
  12850.00    -0.3068
  12860.00     0.3282
  12870.00    -0.1716
  12880.00     0.4280
  12890.00     0.1927
  12900.00     0.0916
  12910.00    -0.0136
  12920.00     0.1183
  12930.00     0.1896
  12940.00    -0.3127
  12950.00     0.1064
  12960.00    -0.1520
  12970.00    -0.6526
  12980.00     0.4152
  12990.00     0.4036
  13000.00    -0.0700
  13010.00     0.0293
  13020.00     0.3253
  13030.00     0.0261
  13040.00     0.1368
  13050.00    -0.2259
  13060.00    -0.2233
  13070.00     0.1485
  13080.00    -0.0749
  13090.00    -0.2876
  13100.00    -0.0556
  13110.00     0.2774
  13120.00     0.0999
  13130.00     0.0766
  13140.00    -0.0329
  13150.00    -0.1603
  13160.00     0.0189
  13170.00    -0.3530
  13180.00    -0.4031
  13190.00     0.0380
  13200.00     0.3614
  13210.00     0.2065
  13220.00     0.1533
  13230.00     0.3074
  13240.00    -0.1879
  13250.00    -0.3185
  13260.00    -0.1048
  13270.00    -0.0496
  13280.00     0.2042
  13290.00    -0.3600
  13300.00     0.0629
  13310.00     0.0494
  13320.00    -0.5188
  13330.00     0.2525
  13340.00     0.0196
  13350.00     0.3247
  13360.00     0.3014
  13370.00    -0.2789
  13380.00    -0.3144
  13390.00     0.2175
  13400.00    -0.3949
  13410.00     0.5554
  13420.00    -0.5782
  13430.00     0.0779
  13440.00    -0.0253
  13450.00     0.0224
  13460.00    -0.1440
  13470.00    -0.2662
  13480.00    -0.0149
  13490.00     0.2254
  13500.00     0.7456
  13510.00     0.3979
  13520.00    -0.1611
  13530.00    -0.2334
  13540.00    -0.1536
  13550.00     0.2637
  13560.00    -0.3282
  13570.00    -0.2480
  13580.00     0.1727
  13590.00     0.0654
  13600.00    -0.1320
  13610.00     0.2284
  13620.00    -0.2933
  13630.00    -0.0167
  13640.00     0.1783
  13650.00     0.2078
  13660.00     0.2865
  13670.00     0.3521
  13680.00     0.1568
  13690.00     0.0874
  13700.00    -0.2061
  13710.00     0.4378
  13720.00     0.1722
  13730.00     0.0327
  13740.00     0.4216
  13750.00     0.2455
  13760.00    -0.1605
  13770.00     0.2382
  13780.00     0.1310
  13790.00    -0.4181
  13800.00    -0.4464
  13810.00    -0.0371
  13820.00    -0.0102
  13830.00     0.3992
  13840.00     0.5995
  13850.00     0.1428
  13860.00    -0.0378
  13870.00     0.4320
  13880.00     0.4994
  13890.00     0.2165
  13900.00    -0.1353
  13910.00     0.1670
  13920.00    -0.0791
  13930.00     0.1186
  13940.00     0.2156
  13950.00     0.0612
  13960.00    -0.1528
  13970.00     0.1242
  13980.00     0.0668
  13990.00     0.2575
  14000.00    -0.1752
  14010.00    -0.3474
  14020.00     0.2070
  14030.00    -0.0776
  14040.00     0.2875
  14050.00     0.2752
  14060.00    -0.2077
  14070.00    -0.3071
  14080.00     0.3654
  14090.00     0.3087
  14100.00     0.2188
  14110.00    -0.2527
  14120.00     0.1040
  14130.00    -0.2325
  14140.00     0.0986
  14150.00     0.1960
  14160.00    -0.4091
  14170.00     0.1574
  14180.00    -0.5257
  14190.00    -0.0166
  14200.00    -0.5297
  14210.00    -0.3242
  14220.00     0.5379
  14230.00    -0.3299
  14240.00     0.1079
  14250.00    -0.5022
  14260.00    -0.1644
  14270.00     0.3087
  14280.00     0.0135
  14290.00    -0.1406
  14300.00    -0.1704
  14310.00    -0.1532
  14320.00     0.0856
  14330.00     0.1759
  14340.00    -0.0144
  14350.00     0.2099
  14360.00    -0.1314
  14370.00     0.4779
  14380.00     0.1013
  14390.00    -0.0810
  14400.00    -0.3773
  14410.00     0.4807
  14420.00     0.1156
  14430.00     0.5477
  14440.00     0.1440
  14450.00    -0.3153
  14460.00     0.0507
  14470.00     0.5844
  14480.00     0.6206
  14490.00    -0.2741
  14500.00     0.2680
  14510.00    -0.5886
  14520.00    -0.2299
  14530.00    -0.1457
  14540.00     0.4038
  14550.00     0.3447
  14560.00    -0.2975
  14570.00    -0.2314
  14580.00     0.1508
  14590.00     0.2107
  14600.00     0.2902
  14610.00     0.1132
  14620.00    -0.4570
  14630.00     0.1377
  14640.00     0.2102
  14650.00     0.0739
  14660.00     0.3017
  14670.00     0.3019
  14680.00     0.1885
  14690.00     0.2740
  14700.00     0.7253
  14710.00     0.1302
  14720.00    -0.0559
  14730.00    -0.0807
  14740.00    -0.1700
  14750.00     0.0980
  14760.00     0.3401
  14770.00    -0.1678
  14780.00    -0.0787
  14790.00     0.2610
  14800.00     0.2821
  14810.00     0.4112
  14820.00    -0.2284
  14830.00     0.0161
  14840.00    -0.4181
  14850.00    -0.2854
  14860.00    -0.1858
  14870.00    -0.0478
  14880.00    -0.3413
  14890.00    -0.8930
  14900.00    -0.6585
  14910.00     0.4094
  14920.00    -0.0332
  14930.00    -0.1838
  14940.00     0.2662
  14950.00     0.1749
  14960.00    -0.1128
  14970.00     0.1016
  14980.00     0.1586
  14990.00     0.0386
  15000.00    -0.2455
  15010.00    -0.5978
  15020.00    -0.0122
  15030.00     0.4687
  15040.00    -0.0528
  15050.00     0.4806
  15060.00    -0.0827
  15070.00     0.1416
  15080.00    -0.1090
  15090.00    -0.2361
  15100.00    -0.5816
  15110.00    -0.2333
  15120.00    -0.4107
  15130.00    -0.3143
  15140.00     0.0019
  15150.00    -0.1907
  15160.00     0.0816
  15170.00     0.2778
  15180.00    -0.1988
  15190.00     0.0988
  15200.00     0.2739
  15210.00     0.0128
  15220.00    -0.1532
  15230.00     0.0274
  15240.00    -0.3215
  15250.00     0.4885
  15260.00    -0.3098
  15270.00     0.0315
  15280.00     0.4726
  15290.00     0.0955
  15300.00     0.1165
  15310.00     0.2327
  15320.00    -0.0292
  15330.00    -0.0539
  15340.00    -0.7319
  15350.00     0.2058
  15360.00    -0.1523
  15370.00     0.0870
  15380.00     0.5855
  15390.00     0.4328
  15400.00     0.3191
  15410.00    -0.7803
  15420.00     0.2779
  15430.00     0.4396
  15440.00     0.4986
  15450.00     0.0826
  15460.00    -0.1960
  15470.00     0.0845
  15480.00     0.1557
  15490.00    -0.0722
  15500.00     0.2677
  15510.00     0.3358
  15520.00    -0.1045
  15530.00    -0.2511
  15540.00     0.1809
  15550.00     0.2067
  15560.00    -0.2713
  15570.00    -0.2033
  15580.00     0.3060
  15590.00     0.2143
  15600.00     0.1569
  15610.00     0.1445
  15620.00     0.0549
  15630.00     0.1467
  15640.00     0.1095
  15650.00     0.0001
  15660.00    -0.3565
  15670.00    -0.3123
  15680.00     0.0310
  15690.00    -0.0775
  15700.00    -0.1694
  15710.00     0.0173
  15720.00     0.2472
  15730.00    -0.0090
  15740.00     0.0110
  15750.00    -0.1349
  15760.00     0.3783
  15770.00    -0.2549
  15780.00     0.1811
  15790.00     0.0999
  15800.00     0.2185
  15810.00    -0.0191
  15820.00     0.0687
  15830.00     0.2745
  15840.00     0.2204
  15850.00     0.0404
  15860.00    -0.2358
  15870.00    -0.1079
  15880.00     0.1296
  15890.00    -0.0440
  15900.00     0.2899
  15910.00     0.0153
  15920.00    -0.1269
  15930.00     0.2606
  15940.00     0.0283
  15950.00     0.4013
  15960.00    -0.1011
  15970.00     0.0134
  15980.00     0.4203
  15990.00     0.3243
  16000.00     0.3849
  16010.00    -0.1703
  16020.00    -0.1098
  16030.00    -0.0495
  16040.00    -0.4344
  16050.00     0.0459
  16060.00    -0.0156
  16070.00     0.6601
  16080.00     0.3706
  16090.00     0.2662
  16100.00    -0.1065
  16110.00     0.7083
  16120.00    -0.2860
  16130.00     0.2464
  16140.00    -0.2287
  16150.00     0.2400
  16160.00     0.3693
  16170.00     0.2414
  16180.00    -0.0407
  16190.00     0.3382
  16200.00     0.4226
  16210.00     0.1579
  16220.00     0.5021
  16230.00     0.1062
  16240.00     0.2248
  16250.00    -0.0454
  16260.00    -0.2210
  16270.00     0.0576
  16280.00    -0.2083
  16290.00    -0.0704
  16300.00     0.1901
  16310.00    -0.0997
  16320.00    -0.2107
  16330.00    -0.0780
  16340.00    -0.1862
  16350.00     0.1695
  16360.00     0.0105
  16370.00     0.3674
  16380.00    -0.0838
  16390.00    -0.1032
  16400.00    -0.1885
  16410.00     0.2139
  16420.00     0.1354
  16430.00    -0.1607
  16440.00     0.1390
  16450.00    -0.3437
  16460.00     0.3158
  16470.00     0.2861
  16480.00     0.4088
  16490.00     0.0098
  16500.00    -0.0675
  16510.00    -0.1867
  16520.00     0.1742
  16530.00    -0.0360
  16540.00    -0.1955
  16550.00     0.0191
  16560.00     0.1697
  16570.00     0.2835
  16580.00    -0.0213
  16590.00     0.0439
  16600.00    -0.1268
  16610.00     0.0002
  16620.00     0.0062
  16630.00    -0.2731
  16640.00     0.0617
  16650.00     0.1973
  16660.00     0.0277
  16670.00     0.1466
  16680.00     0.0075
  16690.00     0.3834
  16700.00     0.1561
  16710.00     0.4618
  16720.00     0.5579
  16730.00    -0.0611
  16740.00    -0.3819
  16750.00     0.2759
  16760.00    -0.2019
  16770.00     0.0833
  16780.00     0.3339
  16790.00     0.2556
  16800.00    -0.3444
  16810.00    -0.0835
  16820.00     0.0341
  16830.00     0.4580
  16840.00    -0.0119
  16850.00     0.1458
  16860.00     0.2741
  16870.00     0.0625
  16880.00     0.0981
  16890.00     0.5189
  16900.00     0.3473
  16910.00     0.1481
  16920.00     0.0572
  16930.00     0.0747
  16940.00     0.0320
  16950.00     0.0080
  16960.00     0.1448
  16970.00    -0.3712
  16980.00    -0.4698
  16990.00     0.2387
  17000.00    -0.3036
  17010.00     0.0735
  17020.00     0.2335
  17030.00    -0.0090
  17040.00     0.3049
  17050.00    -0.3104
  17060.00     0.1822
  17070.00     0.3736
  17080.00    -0.3774
  17090.00    -0.0061
  17100.00     0.2414
  17110.00    -0.1239
  17120.00     0.2417
  17130.00    -0.0027
  17140.00     0.0925
  17150.00    -0.0899
  17160.00     0.1777
  17170.00    -0.1255
  17180.00    -0.0641
  17190.00    -0.2215
  17200.00     0.0075
  17210.00     0.0825
  17220.00    -0.0108
  17230.00     0.3886
  17240.00     0.3613
  17250.00     0.1219
  17260.00     0.2282
  17270.00    -0.0230
  17280.00     0.4686
  17290.00     0.1083
  17300.00    -0.0056
  17310.00    -0.4295
  17320.00    -0.1087
  17330.00    -0.7044
  17340.00    -0.0956
  17350.00    -0.2768
  17360.00    -0.3446
  17370.00    -0.5089
  17380.00     0.0593
  17390.00     0.1788
  17400.00     0.0863
  17410.00     0.4604
  17420.00    -0.3830
  17430.00     0.4527
  17440.00    -0.0348
  17450.00    -0.0513
  17460.00    -0.0917
  17470.00    -0.1108
  17480.00     0.3888
  17490.00    -0.2594
  17500.00    -0.0352
  17510.00    -0.4771
  17520.00     0.3780
  17530.00     0.8280
  17540.00     0.3572
  17550.00     0.0127
  17560.00    -0.1094
  17570.00     0.1483
  17580.00     0.5781
  17590.00    -0.0895
  17600.00    -0.3307
  17610.00     0.1178
  17620.00     0.2700
  17630.00    -0.2181
  17640.00     0.3267
  17650.00     0.5897
  17660.00    -0.2992
  17670.00     0.3631
  17680.00     0.2733
  17690.00    -0.2901
  17700.00     0.2831
  17710.00    -0.5137
  17720.00     0.4005
  17730.00     0.0018
  17740.00    -0.1329
  17750.00    -0.1192
  17760.00    -0.4814
  17770.00     0.2432
  17780.00     0.2895
  17790.00     0.2995
  17800.00    -0.5046
  17810.00    -0.2145
  17820.00    -0.1256
  17830.00     0.2553
  17840.00    -0.1900
  17850.00    -0.2309
  17860.00     0.5002
  17870.00     0.4863
  17880.00     0.1938
  17890.00     0.1306
  17900.00     0.1850
  17910.00     0.1046
  17920.00    -0.4186
  17930.00     0.0971
  17940.00    -0.1978
  17950.00    -0.2688
  17960.00    -0.2278
  17970.00    -0.1883
  17980.00     0.0123
  17990.00    -0.0777
  18000.00    -0.0170
  18010.00    -0.2980
  18020.00     0.3616
  18030.00    -0.3195
  18040.00    -0.4082
  18050.00    -0.3234
  18060.00     0.1677
  18070.00     0.0249
  18080.00     0.2691
  18090.00     0.0115
  18100.00     0.3328
  18110.00    -0.1355
  18120.00     0.3686
  18130.00    -0.1803
  18140.00    -0.0715
  18150.00     0.0107
  18160.00    -0.0607
  18170.00    -0.1552
  18180.00    -0.0392
  18190.00     0.4663
  18200.00     0.0513
  18210.00    -0.0029
  18220.00     0.1692
  18230.00    -0.4846
  18240.00     0.2971
  18250.00    -0.0684
  18260.00     0.1502
  18270.00     0.7384
  18280.00    -0.1340
  18290.00     0.1461
  18300.00     0.1593
  18310.00     0.1126
  18320.00     0.1153
  18330.00     0.4907
  18340.00     0.0152
  18350.00     0.5709
  18360.00    -0.0142
  18370.00     0.0701
  18380.00    -0.2976
  18390.00    -0.0473
  18400.00     0.0012
  18410.00    -0.5917
  18420.00    -0.2156
  18430.00     0.5229
  18440.00    -0.0969
  18450.00     0.1231
  18460.00    -0.2294
  18470.00     0.3308
  18480.00    -0.0312
  18490.00    -0.0964
  18500.00     0.1532
  18510.00     0.1377
  18520.00     0.2202
  18530.00     0.3816
  18540.00     0.0831
  18550.00    -0.4070
  18560.00     0.0699
  18570.00     0.0884
  18580.00     0.0870
  18590.00     0.1391
  18600.00    -0.0496
  18610.00    -0.0547
  18620.00    -0.2789
  18630.00     0.3725
  18640.00     0.3175
  18650.00     0.1999
  18660.00    -0.0094
  18670.00     0.4366
  18680.00     0.3016
  18690.00    -0.3281
  18700.00    -0.2026
  18710.00    -0.3098
  18720.00     0.2611
  18730.00    -0.1270
  18740.00     0.2057
  18750.00     0.5193
  18760.00    -0.0310
  18770.00     0.5671
  18780.00     0.0346
  18790.00     0.0448
  18800.00     0.1790
  18810.00    -0.3075
  18820.00    -0.0029
  18830.00    -0.3154
  18840.00    -0.1014
  18850.00    -0.0979
  18860.00    -0.1541
  18870.00     0.2595
  18880.00     0.1291
  18890.00     0.6810
  18900.00     0.1539
  18910.00    -0.0955
  18920.00    -0.0193
  18930.00     0.2377
  18940.00     0.1055
  18950.00    -0.1265
  18960.00     0.2457
  18970.00    -0.1483
  18980.00    -0.0527
  18990.00    -0.2737
  19000.00     0.1317
  19010.00     0.1574
  19020.00    -0.1026
  19030.00     0.1850
  19040.00     0.1517
  19050.00     0.3085
  19060.00     0.4577
  19070.00    -0.3070
  19080.00    -0.0493
  19090.00    -0.1456
  19100.00     0.1226
  19110.00     0.4380
  19120.00     0.0741
  19130.00    -0.2371
  19140.00     0.1476
  19150.00     0.4288
  19160.00    -0.1906
  19170.00    -0.8804
  19180.00    -0.6164
  19190.00    -0.2821
  19200.00     0.2317
  19210.00     0.3803
  19220.00    -0.3278
  19230.00    -0.1376
  19240.00    -0.2955
  19250.00     0.1769
  19260.00     0.3281
  19270.00    -0.2555
  19280.00    -0.2388
  19290.00     0.6535
  19300.00    -0.1714
  19310.00    -0.1372
  19320.00     0.3838
  19330.00    -0.5278
  19340.00    -0.4563
  19350.00    -0.0197
  19360.00    -0.1086
  19370.00    -0.0892
  19380.00    -0.3902
  19390.00    -0.0582
  19400.00    -0.4103
  19410.00    -0.1132
  19420.00    -0.2316
  19430.00     0.1999
  19440.00     0.5392
  19450.00    -0.0345
  19460.00    -0.2940
  19470.00    -0.6670
  19480.00    -0.0473
  19490.00    -0.2898
  19500.00    -0.1874
  19510.00    -0.2715
  19520.00     0.0429
  19530.00     0.4398
  19540.00    -0.4992
  19550.00    -0.5472
  19560.00    -0.0598
  19570.00     0.1626
  19580.00    -0.3487
  19590.00     0.2271
  19600.00    -0.2733
  19610.00     0.1248
  19620.00     0.0348
  19630.00     0.1919
  19640.00    -0.5757
  19650.00    -0.5501
  19660.00     0.0835
  19670.00     0.0935
  19680.00    -0.0036
  19690.00    -0.1558
  19700.00    -0.4173
  19710.00    -0.3345
  19720.00    -0.3727
  19730.00    -0.2598
  19740.00     0.1527
  19750.00     0.0059
  19760.00     0.6183
  19770.00    -0.4755
  19780.00    -0.0743
  19790.00    -0.0282
  19800.00    -0.1318
  19810.00    -0.0067
  19820.00    -0.0787
  19830.00    -0.1305
  19840.00     0.2573
  19850.00    -0.2863
  19860.00     1.0114
  19870.00     0.0021
  19880.00    -0.4170
  19890.00     0.3264
  19900.00    -0.1978
  19910.00     0.5353
  19920.00     0.2194
  19930.00    -0.4549
  19940.00     0.3175
  19950.00    -0.2911
  19960.00     0.8923
  19970.00    -0.1396
  19980.00    -0.0379
  19990.00     0.0553
  20000.00     0.1082
  20010.00     0.3420
  20020.00     0.1140
  20030.00     0.0406
  20040.00    -0.0126
  20050.00     0.2632
  20060.00    -0.0654
  20070.00    -0.4745
  20080.00    -0.2107
  20090.00     0.0953
  20100.00     0.3286
  20110.00    -0.0428
  20120.00    -0.7081
  20130.00     0.0667
  20140.00    -0.3449
  20150.00     0.3435
  20160.00    -0.2160
  20170.00    -0.0214
  20180.00    -0.2312
  20190.00     0.1985
  20200.00    -0.1153
  20210.00     0.2882
  20220.00    -0.1313
  20230.00     0.1164
  20240.00    -0.2334
  20250.00    -0.4402
  20260.00    -0.0179
  20270.00     0.1832
  20280.00    -0.1652
  20290.00    -0.1369
  20300.00    -0.0995
  20310.00     0.0496
  20320.00    -0.1769
  20330.00     0.0016
  20340.00    -0.1166
  20350.00     0.0816
  20360.00     0.0741
  20370.00    -0.2657
  20380.00    -0.1098
  20390.00     0.0801
  20400.00    -0.1099
  20410.00    -0.0618
  20420.00     0.4225
  20430.00     0.6916
  20440.00    -0.4020
  20450.00    -0.3600
  20460.00     0.1671
  20470.00     0.1512
  20480.00    -0.1366
  20490.00     0.1420
  20500.00     0.0082
  20510.00    -0.2811
  20520.00     0.1439
  20530.00    -0.1151
  20540.00     0.0873
  20550.00     0.1017
  20560.00     0.2114
  20570.00     0.0495
  20580.00    -0.4568
  20590.00     0.1847
  20600.00    -0.1802
  20610.00    -0.4888
  20620.00     0.0796
  20630.00    -0.0452
  20640.00     0.0061
  20650.00    -0.4059
  20660.00    -0.0477
  20670.00     0.3226
  20680.00    -0.6440
  20690.00    -0.2921
  20700.00    -0.2144
  20710.00     0.3723
  20720.00     0.1221
  20730.00    -0.1319
  20740.00    -0.0617
  20750.00     0.0148
  20760.00     0.1593
  20770.00     0.1147
  20780.00    -0.3162
  20790.00    -0.2430
  20800.00    -0.2235
  20810.00     0.2602
  20820.00    -0.6699
  20830.00    -0.3187
  20840.00    -0.2624
  20850.00     0.4244
  20860.00     0.0282
  20870.00     0.0979
  20880.00    -0.1813
  20890.00    -0.1690
  20900.00    -0.0617
  20910.00    -0.4936
  20920.00    -0.2148
  20930.00    -0.8041
  20940.00    -0.3180
  20950.00     0.4011
  20960.00    -0.5880
  20970.00     0.0095
  20980.00    -0.0569
  20990.00     0.4606
  21000.00    -0.7183
  21010.00    -0.1520
  21020.00    -0.2669
  21030.00    -0.1203
  21040.00     0.3318
  21050.00    -0.0982
  21060.00     0.1907
  21070.00     0.1529
  21080.00    -0.2226
  21090.00    -0.0606
  21100.00    -0.2403
  21110.00     0.3517
  21120.00     0.3324
  21130.00     0.0971
  21140.00     0.4056
  21150.00    -0.0458
  21160.00     0.2143
  21170.00     0.5004
  21180.00    -0.2752
  21190.00     0.1593
  21200.00    -0.2540
  21210.00     0.0202
  21220.00     0.1167
  21230.00     0.4094
  21240.00     0.0970
  21250.00     0.4152
  21260.00     0.0816
  21270.00     0.1029
  21280.00    -0.4159
  21290.00     0.4795
  21300.00     0.2121
  21310.00    -0.1355
  21320.00    -0.2055
  21330.00    -0.0816
  21340.00    -0.2643
  21350.00    -0.0282
  21360.00    -0.2758
  21370.00     0.1424
  21380.00     0.3628
  21390.00     0.1714
  21400.00    -0.1470
  21410.00    -0.1257
  21420.00     0.0607
  21430.00     0.6060
  21440.00     0.2935
  21450.00     0.1593
  21460.00    -0.3886
  21470.00     0.2011
  21480.00     0.0205
  21490.00    -0.1798
  21500.00     0.2586
  21510.00    -0.3617
  21520.00    -0.2623
  21530.00    -0.0778
  21540.00     0.1332
  21550.00    -0.0992
  21560.00     0.1784
  21570.00    -0.1532
  21580.00     0.2579
  21590.00     0.5581
  21600.00    -0.1554
  21610.00     0.2890
  21620.00     0.1370
  21630.00     0.1058
  21640.00    -0.1649
  21650.00    -0.1203
  21660.00    -0.0248
  21670.00    -0.0142
  21680.00     0.6109
  21690.00     0.2921
  21700.00     0.1188
  21710.00    -0.1110
  21720.00     0.2911
  21730.00    -0.1780
  21740.00     0.0429
  21750.00    -0.0665
  21760.00     0.1302
  21770.00    -0.1473
  21780.00     0.3835
  21790.00     0.2628
  21800.00    -0.1268
  21810.00    -0.1869
  21820.00     0.1589
  21830.00    -0.0790
  21840.00     0.1763
  21850.00    -0.1865
  21860.00    -0.0424
  21870.00     0.6709
  21880.00     0.5439
  21890.00    -0.1756
  21900.00    -0.1703
  21910.00    -0.5834
  21920.00    -0.1587
  21930.00    -0.2862
  21940.00     0.1516
  21950.00    -0.2922
  21960.00     0.1759
  21970.00     0.0844
  21980.00    -0.0631
  21990.00    -0.2757
  22000.00    -0.1189
  22010.00    -0.2606
  22020.00     0.0770
  22030.00     0.1629
  22040.00     0.1026
  22050.00     0.0945
  22060.00    -0.2084
  22070.00    -0.0884
  22080.00    -0.3515
  22090.00     0.2229
  22100.00    -0.7460
  22110.00    -0.2110
  22120.00     0.5212
  22130.00     0.1618
  22140.00     0.0964
  22150.00    -0.2061
  22160.00     0.0805
  22170.00     0.3868
  22180.00     0.0570
  22190.00     0.2710
  22200.00    -0.1798
  22210.00    -0.2151
  22220.00    -0.2251
  22230.00     0.0961
  22240.00    -0.3296
  22250.00     0.1823
  22260.00     0.1549
  22270.00     0.1851
  22280.00     0.1418
  22290.00     0.3992
  22300.00     0.0783
  22310.00     0.1419
  22320.00    -0.2520
  22330.00    -0.5515
  22340.00     0.1601
  22350.00    -0.3849
  22360.00     0.1566
  22370.00     0.1877
  22380.00    -0.3474
  22390.00     0.0755
  22400.00     0.0936
  22410.00     0.1329
  22420.00    -0.2194
  22430.00    -0.1832
  22440.00     0.9161
  22450.00    -0.0433
  22460.00     0.1283
  22470.00    -0.1291
  22480.00    -0.0681
  22490.00     0.3623
  22500.00     0.0147
  22510.00     0.4507
  22520.00     0.1284
  22530.00    -0.5573
  22540.00     0.0386
  22550.00    -0.1068
  22560.00    -0.1865
  22570.00     0.0894
  22580.00     0.2184
  22590.00    -0.0555
  22600.00    -0.4216
  22610.00    -0.3982
  22620.00    -0.2093
  22630.00     0.2468
  22640.00    -0.1962
  22650.00    -0.3341
  22660.00     0.4438
  22670.00     0.3131
  22680.00     0.1282
  22690.00     0.4194
  22700.00     0.3622
  22710.00    -0.0152
  22720.00    -0.2300
  22730.00     0.1334
  22740.00    -0.2260
  22750.00     0.0641
  22760.00     0.1580
  22770.00    -0.2946
  22780.00     0.2120
  22790.00    -0.3077
  22800.00     0.2679
  22810.00    -0.0986
  22820.00     0.2153
  22830.00    -0.1036
  22840.00     0.1298
  22850.00     0.1448
  22860.00     0.0454
  22870.00    -0.5496
  22880.00     0.5527
  22890.00    -0.0875
  22900.00     0.4707
  22910.00     0.0987
  22920.00     0.5496
  22930.00     0.1796
  22940.00     0.1750
  22950.00    -0.4359
  22960.00     0.2631
  22970.00    -0.0480
  22980.00     0.6384
  22990.00     0.1998
  23000.00    -0.1144
  23010.00    -0.3401
  23020.00    -0.2311
  23030.00    -0.3360
  23040.00    -0.4309
  23050.00    -0.1134
  23060.00    -0.1007
  23070.00     0.3718
  23080.00     0.0369
  23090.00     0.1071
  23100.00    -0.2455
  23110.00    -0.2317
  23120.00     0.1397
  23130.00     0.1619
  23140.00     0.2805
  23150.00     0.4159
  23160.00     0.3075
  23170.00    -0.5457
  23180.00    -0.1878
  23190.00     0.1439
  23200.00    -0.8704
  23210.00    -0.3270
  23220.00    -0.0529
  23230.00     0.4956
  23240.00     0.1258
  23250.00    -0.1874
  23260.00     0.2331
  23270.00    -0.4215
  23280.00    -0.1074
  23290.00    -0.1820
  23300.00    -0.6618
  23310.00     0.2927
  23320.00    -0.1905
  23330.00    -0.5486
  23340.00    -0.5730
  23350.00    -0.0890
  23360.00    -0.3561
  23370.00    -0.0493
  23380.00    -0.2071
  23390.00    -0.6200
  23400.00     0.3193
  23410.00    -0.0738
  23420.00     0.6206
  23430.00     0.1433
  23440.00     0.2865
  23450.00     0.1858
  23460.00     0.1011
  23470.00    -0.1992
  23480.00    -0.3094
  23490.00     0.1573
  23500.00    -0.1259
  23510.00    -0.1553
  23520.00     0.0410
  23530.00    -0.1764
  23540.00     0.0851
  23550.00     0.1033
  23560.00    -0.5440
  23570.00    -0.4550
  23580.00     0.1249
  23590.00    -0.1578
  23600.00     0.2602
  23610.00     0.3481
  23620.00     0.2058
  23630.00    -0.1853
  23640.00    -0.1871
  23650.00     0.0022
  23660.00    -0.1223
  23670.00     0.4685
  23680.00     0.0090
  23690.00     0.2539
  23700.00    -0.2137
  23710.00    -0.3727
  23720.00     0.2109
  23730.00     0.0786
  23740.00    -0.1812
  23750.00     0.2643
  23760.00    -0.6115
  23770.00    -0.3517
  23780.00     0.0262
  23790.00    -0.3569
  23800.00     0.4694
  23810.00    -0.0425
  23820.00     0.3308
  23830.00    -0.3429
  23840.00    -0.1207
  23850.00    -0.0671
  23860.00     0.0585
  23870.00    -0.0925
  23880.00     0.1107
  23890.00     0.1939
  23900.00    -0.2338
  23910.00    -0.0335
  23920.00    -0.2687
  23930.00    -0.7069
  23940.00     0.0715
  23950.00    -0.0861
  23960.00     0.2259
  23970.00    -0.2797
  23980.00     0.0094
  23990.00     0.1674
  24000.00    -0.5534
  24010.00    -0.1192
  24020.00    -0.2047
  24030.00     0.2370
  24040.00     0.1157
  24050.00     0.0644
  24060.00     0.1870
  24070.00     0.1628
  24080.00     0.1032
  24090.00    -0.0717
  24100.00     0.3291
  24110.00    -0.4225
  24120.00    -0.5778
  24130.00    -0.2357
  24140.00    -0.0739
  24150.00    -0.0729
  24160.00    -0.0856
  24170.00    -0.1008
  24180.00     0.0459
  24190.00    -0.2379
  24200.00     0.5759
  24210.00     0.2989
  24220.00    -0.0323
  24230.00     0.3034
  24240.00     0.2076
  24250.00     0.1679
  24260.00     0.4600
  24270.00     0.0116
  24280.00    -0.2869
  24290.00     0.0659
  24300.00     0.0326
  24310.00    -0.7116
  24320.00     0.3797
  24330.00    -0.5667
  24340.00     0.0848
  24350.00     0.4185
  24360.00    -0.3743
  24370.00     0.0947
  24380.00    -0.3449
  24390.00     0.1419
  24400.00    -0.2628
  24410.00    -0.4535
  24420.00    -0.3923
  24430.00     0.1755
  24440.00    -0.0141
  24450.00     0.2586
  24460.00    -0.3496
  24470.00    -0.4476
  24480.00    -0.4793
  24490.00    -0.4108
  24500.00     0.5093
  24510.00     0.2175
  24520.00     0.5884
  24530.00    -0.1955
  24540.00     0.1191
  24550.00     0.2252
  24560.00    -0.6298
  24570.00    -0.2743
  24580.00     0.2580
  24590.00    -0.1315
  24600.00    -0.0387
  24610.00     0.0067
  24620.00    -0.3994
  24630.00     0.1068
  24640.00     0.1661
  24650.00    -0.3242
  24660.00    -0.2434
  24670.00     0.3028
  24680.00     0.3064
  24690.00     0.0489
  24700.00    -0.3910
  24710.00    -0.0800
  24720.00    -0.0172
  24730.00    -0.1172
  24740.00     0.2837
  24750.00    -0.2068
  24760.00     0.1493
  24770.00     0.0012
  24780.00    -0.5786
  24790.00     0.1984
  24800.00     0.1369
  24810.00    -0.1770
  24820.00     0.2124
  24830.00    -0.0109
  24840.00    -0.2559
  24850.00     0.1920
  24860.00    -0.0351
  24870.00     0.0213
  24880.00    -0.6623
  24890.00     0.4078
  24900.00     0.2629
  24910.00     0.0509
  24920.00     0.3913
  24930.00     0.1807
  24940.00     0.0504
  24950.00     0.1122
  24960.00     0.2039
  24970.00    -0.0203
  24980.00     0.0991
  24990.00     0.2417
  25000.00     0.5112
  25010.00     0.8448
  25020.00    -0.1849
  25030.00     0.0922
  25040.00    -0.1837
  25050.00     0.0737
  25060.00     0.2470
  25070.00     0.3129
  25080.00     0.0674
  25090.00     0.0033
  25100.00    -0.1576
  25110.00     0.4397
  25120.00     0.0215
  25130.00    -0.0219
  25140.00     0.1106
  25150.00    -0.2459
  25160.00     0.2652
  25170.00    -0.0771
  25180.00    -0.0833
  25190.00     0.3568
  25200.00    -0.2069
  25210.00     0.3420
  25220.00     0.3947
  25230.00     0.3348
  25240.00     0.0638
  25250.00    -0.5381
  25260.00    -0.0747
  25270.00     0.2479
  25280.00    -0.3712
  25290.00    -0.1378
  25300.00    -0.3622
  25310.00     0.1520
  25320.00     0.3187
  25330.00    -0.1418
  25340.00    -0.1494
  25350.00    -0.1963
  25360.00     0.3684
  25370.00     0.0097
  25380.00     0.1473
  25390.00     0.2662
  25400.00    -1.1973
  25410.00     0.2955
  25420.00    -0.0931
  25430.00    -0.1412
  25440.00     0.3491
  25450.00    -0.1814
  25460.00     0.1234
  25470.00    -0.0228
  25480.00     0.0115
  25490.00    -0.0570
  25500.00     0.1166
  25510.00    -0.0719
  25520.00    -0.4039
  25530.00    -0.2140
  25540.00     0.0011
  25550.00     0.0138
  25560.00     0.1908
  25570.00     0.0397
  25580.00    -0.1640
  25590.00    -0.1028
  25600.00     0.0499
  25610.00     0.3575
  25620.00    -0.0763
  25630.00     0.1005
  25640.00    -0.1462
  25650.00     0.0976
  25660.00    -0.0014
  25670.00    -0.3390
  25680.00    -0.2026
  25690.00     0.3089
  25700.00     0.1548
  25710.00    -0.0792
  25720.00     0.1619
  25730.00    -0.0286
  25740.00    -0.3097
  25750.00    -0.0406
  25760.00     0.1057
  25770.00     0.0997
  25780.00    -0.5721
  25790.00     0.3258
  25800.00    -0.4353
  25810.00    -0.0460
  25820.00     0.1664
  25830.00    -0.1070
  25840.00     0.0352
  25850.00    -0.2047
  25860.00     0.1657
  25870.00     0.1321
  25880.00    -0.3261
  25890.00    -0.3227
  25900.00    -0.0930
  25910.00    -0.3078
  25920.00    -0.7021
  25930.00    -0.2525
  25940.00    -0.4102
  25950.00     0.5457
  25960.00     0.0568
  25970.00    -0.4668
  25980.00     0.2089
  25990.00    -0.2379
  26000.00    -0.3841
  26010.00    -0.0602
  26020.00    -0.7360
  26030.00     0.1636
  26040.00    -0.2551
  26050.00     0.0260
  26060.00    -0.4176
  26070.00    -0.1091
  26080.00     0.2240
  26090.00     0.4385
  26100.00    -0.2526
  26110.00     0.2596
  26120.00    -0.1006
  26130.00    -0.1154
  26140.00    -0.0945
  26150.00    -0.1920
  26160.00     0.1569
  26170.00    -0.5543
  26180.00    -0.1438
  26190.00     0.1106
  26200.00     0.1274
  26210.00     0.0154
  26220.00    -0.6177
  26230.00    -0.4401
  26240.00    -0.1906
  26250.00     0.0471
  26260.00    -0.4285
  26270.00    -0.3973
  26280.00     0.1583
  26290.00    -0.0114
  26300.00     0.2170
  26310.00    -0.0031
  26320.00    -0.1564
  26330.00    -0.1423
  26340.00    -0.2641
  26350.00    -0.0355
  26360.00    -0.2032
  26370.00    -0.5389
  26380.00     0.4545
  26390.00     0.1184
  26400.00     0.5232
  26410.00    -0.1474
  26420.00     0.2499
  26430.00     0.3458
  26440.00     0.5930
  26450.00     0.0473
  26460.00    -0.1870
  26470.00    -0.6250
  26480.00     0.2541
  26490.00    -0.1503
  26500.00     0.0294
  26510.00    -0.2353
  26520.00     0.0440
  26530.00    -0.0513
  26540.00     0.4769
  26550.00     0.1211
  26560.00    -0.2307
  26570.00    -0.1236
  26580.00    -0.0395
  26590.00     0.1974
  26600.00     0.5472
  26610.00     0.0045
  26620.00     0.3515
  26630.00     0.2139
  26640.00     0.0330
  26650.00     0.0994
  26660.00     0.0167
  26670.00     0.1960
  26680.00     0.4324
  26690.00    -0.2729
  26700.00     0.0936
  26710.00     0.1283
  26720.00    -0.0342
  26730.00     0.5341
  26740.00     0.4095
  26750.00     0.0972
  26760.00     0.0892
  26770.00    -0.0045
  26780.00    -0.3659
  26790.00    -0.2381
  26800.00    -0.3788
  26810.00    -0.1626
  26820.00    -0.5579
  26830.00    -0.0871
  26840.00     0.4508
  26850.00    -0.4210
  26860.00     0.0802
  26870.00    -0.0241
  26880.00     0.2741
  26890.00     0.0929
  26900.00     0.1142
  26910.00    -0.0212
  26920.00     0.5052
  26930.00     0.1283
  26940.00     0.1543
  26950.00     0.2166
  26960.00     0.1332
  26970.00     0.1461
  26980.00     0.2451
  26990.00     0.4402
  27000.00     0.0405
  27010.00    -0.0425
  27020.00     0.2361
  27030.00     0.4448
  27040.00     0.0085
  27050.00    -0.1711
  27060.00     0.0572
  27070.00    -0.1005
  27080.00     0.2305
  27090.00    -0.2236
  27100.00     0.2260
  27110.00     0.0167
  27120.00     0.3917
  27130.00     0.3476
  27140.00    -0.3599
  27150.00     0.4190
  27160.00     0.1232
  27170.00     0.7543
  27180.00     0.0132
  27190.00     0.2175
  27200.00    -0.1748
  27210.00    -0.0127
  27220.00     0.4246
  27230.00    -0.2099
  27240.00     0.1736
  27250.00     0.0242
  27260.00    -0.3885
  27270.00     0.1722
  27280.00    -0.2397
  27290.00    -0.2842
  27300.00     0.2838
  27310.00    -0.0110
  27320.00     0.1660
  27330.00    -0.7089
  27340.00    -0.1000
  27350.00    -0.1758
  27360.00    -0.2017
  27370.00    -0.1190
  27380.00    -0.7591
  27390.00    -0.0890
  27400.00    -0.0937
  27410.00     0.0698
  27420.00    -0.4311
  27430.00    -0.0272
  27440.00    -0.4130
  27450.00    -0.0329
  27460.00     0.1809
  27470.00    -0.0736
  27480.00    -0.2764
  27490.00    -0.1557
  27500.00    -0.4286
  27510.00     0.2563
  27520.00    -0.4150
  27530.00     0.0949
  27540.00     0.1886
  27550.00     0.0710
  27560.00    -0.3949
  27570.00     0.0615
  27580.00     0.6515
  27590.00    -0.1240
  27600.00    -0.1689
  27610.00    -0.1480
  27620.00    -0.0823
  27630.00    -0.3087
  27640.00     0.1365
  27650.00     0.8636
  27660.00    -0.1536
  27670.00    -0.1792
  27680.00    -0.0310
  27690.00     0.1882
  27700.00    -0.0421
  27710.00    -0.1932
  27720.00     0.0167
  27730.00     0.5995
  27740.00     0.3238
  27750.00     0.3891
  27760.00     0.2654
  27770.00     0.0747
  27780.00    -0.0246
  27790.00    -0.2022
  27800.00     0.6163
  27810.00    -0.5719
  27820.00    -0.2503
  27830.00     0.1531
  27840.00    -0.2418
  27850.00     0.0837
  27860.00     0.2554
  27870.00     0.2428
  27880.00    -0.2426
  27890.00    -0.2050
  27900.00     0.0402
  27910.00    -0.1482
  27920.00    -0.0221
  27930.00    -0.2167
  27940.00     0.3141
  27950.00    -0.0346
  27960.00     0.2038
  27970.00    -0.5438
  27980.00    -0.3749
  27990.00    -0.0610
  28000.00     0.1183
  28010.00    -0.1648
  28020.00    -0.1732
  28030.00     0.1112
  28040.00    -0.2364
  28050.00     0.1275
  28060.00    -0.5042
  28070.00    -0.1128
  28080.00    -0.3414
  28090.00    -0.1040
  28100.00    -0.1902
  28110.00    -0.1086
  28120.00     0.3132
  28130.00    -0.0517
  28140.00     0.0297
  28150.00     0.2447
  28160.00    -0.1570
  28170.00     0.0090
  28180.00     0.2295
  28190.00     0.0516
  28200.00     0.0281
  28210.00     0.4629
  28220.00    -0.0381
  28230.00    -0.4638
  28240.00    -0.0543
  28250.00     0.2599
  28260.00     0.1853
  28270.00    -0.4039
  28280.00     0.0672
  28290.00    -0.3172
  28300.00    -0.3876
  28310.00    -0.1482
  28320.00     0.0752
  28330.00    -0.0661
  28340.00    -0.1186
  28350.00     0.1191
  28360.00    -0.2073
  28370.00    -0.5690
  28380.00    -0.2819
  28390.00     0.2630
  28400.00    -0.2694
  28410.00     0.0666
  28420.00     0.2297
  28430.00     0.0374
  28440.00     0.2743
  28450.00     0.0429
  28460.00    -0.1925
  28470.00    -0.2022
  28480.00     0.2049
  28490.00    -0.1164
  28500.00    -0.1581
  28510.00    -0.1509
  28520.00    -0.0102
  28530.00     0.1718
  28540.00    -0.0091
  28550.00    -0.1028
  28560.00     0.7468
  28570.00     0.0210
  28580.00    -0.0991
  28590.00     0.3040
  28600.00     0.2138
  28610.00     0.1241
  28620.00    -0.1323
  28630.00     0.3015
  28640.00     0.0615
  28650.00     0.3076
  28660.00     0.0692
  28670.00    -0.0371
  28680.00    -0.3125
  28690.00    -0.3429
  28700.00    -0.1035
  28710.00    -0.3489
  28720.00     0.0512
  28730.00     0.0505
  28740.00    -0.2086
  28750.00    -0.1478
  28760.00     0.3203
  28770.00    -0.5524
  28780.00    -0.5177
  28790.00     0.2721
  28800.00     0.1942
  28810.00     0.2580
  28820.00    -0.1730
  28830.00     0.0392
  28840.00     0.3247
  28850.00     0.2455
  28860.00     0.1124
  28870.00    -0.0295
  28880.00    -0.4362
  28890.00     0.6283
  28900.00    -0.1082
  28910.00    -0.2284
  28920.00    -0.1526
  28930.00     0.0308
  28940.00     0.3770
  28950.00    -0.4876
  28960.00    -0.0459
  28970.00    -0.3057
  28980.00     0.4247
  28990.00     0.0097
  29000.00    -0.3175
  29010.00    -0.1972
  29020.00     0.3357
  29030.00     0.1081
  29040.00    -0.2628
  29050.00     0.1472
  29060.00     0.1129
  29070.00    -0.0269
  29080.00    -0.2958
  29090.00     0.0393
  29100.00    -0.7274
  29110.00    -0.0551
  29120.00    -0.3596
  29130.00     0.2919
  29140.00    -0.1984
  29150.00     0.0067
  29160.00    -0.2339
  29170.00    -0.3304
  29180.00    -0.4075
  29190.00     0.1688
  29200.00    -0.4179
  29210.00    -0.1888
  29220.00     0.1426
  29230.00    -0.2881
  29240.00    -0.0208
  29250.00     0.0210
  29260.00     0.1200
  29270.00     0.3303
  29280.00     0.5031
  29290.00    -0.0390
  29300.00    -0.1523
  29310.00    -0.5096
  29320.00    -0.1655
  29330.00    -0.0103
  29340.00    -0.1942
  29350.00    -0.6120
  29360.00     0.2262
  29370.00     0.1932
  29380.00     0.0863
  29390.00     0.2051
  29400.00    -0.1961
  29410.00     0.2605
  29420.00     0.2415
  29430.00    -0.3489
  29440.00    -0.1836
  29450.00    -0.0633
  29460.00    -0.2012
  29470.00     0.1291
  29480.00    -0.3304
  29490.00    -0.1649
  29500.00     0.2227
  29510.00    -0.1564
  29520.00     0.1573
  29530.00    -0.0163
  29540.00     0.0711
  29550.00    -0.0378
  29560.00     0.1983
  29570.00    -0.1886
  29580.00    -0.4399
  29590.00     0.0217
  29600.00     0.4327
  29610.00    -0.0066
  29620.00     0.5168
  29630.00     0.1117
  29640.00     0.5028
  29650.00    -0.2993
  29660.00    -0.0316
  29670.00    -0.7019
  29680.00    -0.1505
  29690.00     0.9269
  29700.00    -0.6580
  29710.00    -0.1387
  29720.00     0.2783
  29730.00     0.0519
  29740.00    -0.1765
  29750.00     0.3054
  29760.00     0.4876
  29770.00    -0.1392
  29780.00    -0.1071
  29790.00     0.4162
  29800.00    -0.0513
  29810.00     0.1159
  29820.00     0.1174
  29830.00     0.0065
  29840.00     0.0236
  29850.00    -0.1461
  29860.00     0.1571
  29870.00     0.2214
  29880.00     0.3598
  29890.00    -0.0734
  29900.00    -0.0165
  29910.00    -0.2412
  29920.00    -0.0078
  29930.00    -0.3557
  29940.00     0.0988
  29950.00     0.3807
  29960.00    -0.2530
  29970.00    -0.2486
  29980.00    -0.1533
  29990.00     0.3207
  30000.00     0.3140
  30010.00    -0.1082
  30020.00     0.1645
  30030.00     0.0123
  30040.00     0.0469
  30050.00    -0.2743
  30060.00    -0.2132
  30070.00    -0.1805
  30080.00     0.0822
  30090.00     0.2672
  30100.00    -0.3136
  30110.00    -0.0002
  30120.00    -0.1856
  30130.00     0.1293
  30140.00    -0.1569
  30150.00    -1.0176
  30160.00    -0.0560
  30170.00     0.3491
  30180.00     0.1967
  30190.00    -0.2750
  30200.00     0.0913
  30210.00     0.0085
  30220.00     0.2318
  30230.00     0.2814
  30240.00     0.0510
  30250.00     0.0266
  30260.00    -0.2616
  30270.00     0.1831
  30280.00     0.1211
  30290.00     0.3146
  30300.00     0.0312
  30310.00    -0.1909
  30320.00     0.5101
  30330.00     0.3195
  30340.00    -0.3960
  30350.00    -0.0311
  30360.00     0.2463
  30370.00     0.3849
  30380.00    -0.2960
  30390.00    -0.2919
  30400.00     0.0221
  30410.00    -0.3961
  30420.00     0.1104
  30430.00     0.2723
  30440.00    -0.1006
  30450.00     0.1431
  30460.00    -0.5120
  30470.00     0.3329
  30480.00    -0.0126
  30490.00    -0.1207
  30500.00    -0.2390
  30510.00     0.1076
  30520.00     0.1072
  30530.00     0.1988
  30540.00     0.0186
  30550.00     0.1239
  30560.00     0.2154
  30570.00     0.4471
  30580.00    -0.2485
  30590.00     0.4188
  30600.00    -0.2529
  30610.00    -0.0424
  30620.00     0.1509
  30630.00    -0.0255
  30640.00     0.3548
  30650.00    -0.1126
  30660.00    -0.0876
  30670.00     0.3597
  30680.00     0.1035
  30690.00    -0.0281
  30700.00    -0.1965
  30710.00     0.2732
  30720.00     0.1329
  30730.00     0.1154
  30740.00     0.6270
  30750.00    -0.0377
  30760.00     0.2097
  30770.00     0.0856
  30780.00    -0.5395
  30790.00     0.3739
  30800.00    -0.1284
  30810.00     0.0301
  30820.00     0.1023
  30830.00     0.0433
  30840.00     0.3954
  30850.00     0.2564
  30860.00    -0.2115
  30870.00    -0.1314
  30880.00     0.1847
  30890.00    -0.1197
  30900.00    -0.3519
  30910.00    -0.1559
  30920.00     0.4716
  30930.00     0.2568
  30940.00    -0.7089
  30950.00    -0.3242
  30960.00    -0.2414
  30970.00    -0.3030
  30980.00    -0.2191
  30990.00    -0.3480
  31000.00    -0.0641
  31010.00    -0.3670
  31020.00    -0.3863
  31030.00     0.1349
  31040.00     0.0818
  31050.00    -0.0725
  31060.00    -0.3643
  31070.00     0.2254
  31080.00    -0.2897
  31090.00    -0.1609
  31100.00    -0.2550
  31110.00     0.1067
  31120.00    -0.1488
  31130.00     0.1533
  31140.00    -0.0613
  31150.00    -0.0108
  31160.00    -0.3978
  31170.00    -0.7348
  31180.00    -0.5832
  31190.00     0.6196
  31200.00     0.5448
  31210.00     0.0043
  31220.00    -0.0625
  31230.00    -0.2454
  31240.00     0.3441
  31250.00    -0.2195
  31260.00     0.0469
  31270.00    -0.2125
  31280.00    -0.1527
  31290.00     0.4754
  31300.00     0.2444
  31310.00     0.0307
  31320.00     0.2117
  31330.00    -0.1050
  31340.00     0.1895
  31350.00    -0.2319
  31360.00     0.3486
  31370.00     0.0841
  31380.00    -0.3627
  31390.00     0.7834
  31400.00     0.1623
  31410.00     0.2358
  31420.00    -0.0853
  31430.00     0.3445
  31440.00    -0.0287
  31450.00    -0.2664
  31460.00    -0.1284
  31470.00     0.0779
  31480.00    -0.0772
  31490.00    -0.1203
  31500.00     0.4469
  31510.00     0.5635
  31520.00    -0.1820
  31530.00    -0.0005
  31540.00     0.3925
  31550.00     0.1535
  31560.00     0.3482
  31570.00     0.5330
  31580.00     0.3834
  31590.00     0.1069
  31600.00    -0.6184
  31610.00    -0.0680
  31620.00    -0.1097
  31630.00     0.0531
  31640.00     0.1292
  31650.00     0.0148
  31660.00     0.4709
  31670.00     0.0898
  31680.00    -0.1221
  31690.00    -0.3385
  31700.00     0.5886
  31710.00    -0.2590
  31720.00    -0.3505
  31730.00     0.0478
  31740.00     0.1905
  31750.00    -0.1692
  31760.00     0.5897
  31770.00    -0.4845
  31780.00     0.4791
  31790.00     0.0932
  31800.00     0.1596
  31810.00     0.0545
  31820.00    -0.1371
  31830.00    -0.2950
  31840.00    -0.4411
  31850.00    -0.4939
  31860.00    -0.2256
  31870.00     0.0920
  31880.00    -0.5661
  31890.00    -0.3501
  31900.00    -0.5336
  31910.00     0.0848
  31920.00    -0.3029
  31930.00    -0.1305
  31940.00     0.0816
  31950.00     0.0819
  31960.00     0.4725
  31970.00    -0.2589
  31980.00    -0.1355
  31990.00     0.1861
  32000.00     0.0588
  32010.00    -0.0064
  32020.00    -0.2164
  32030.00    -0.0470
  32040.00     0.2986
  32050.00    -0.4512
  32060.00     0.1577
  32070.00     0.1911
  32080.00     0.2418
  32090.00    -0.1211
  32100.00     0.0814
  32110.00     0.2998
  32120.00     0.0658
  32130.00     0.0923
  32140.00     0.2470
  32150.00    -0.5390
  32160.00    -0.0135
  32170.00    -0.0776
  32180.00    -0.3978
  32190.00     0.0137
  32200.00     0.0365
  32210.00     0.1766
  32220.00     0.0841
  32230.00     0.0072
  32240.00     0.2620
  32250.00    -0.1799
  32260.00     0.0235
  32270.00    -0.2122
  32280.00    -0.4179
  32290.00    -0.1654
  32300.00     0.3710
  32310.00    -0.1191
  32320.00     0.0711
  32330.00    -0.2272
  32340.00    -0.0537
  32350.00     0.0397
  32360.00     0.2530
  32370.00     0.4782
  32380.00     0.0931
  32390.00     0.0839
  32400.00    -0.0544
  32410.00    -0.1578
  32420.00     0.1312
  32430.00    -0.1034
  32440.00     0.4187
  32450.00    -0.2321
  32460.00    -0.1059
  32470.00    -0.0403
  32480.00     0.0427
  32490.00    -0.2145
  32500.00    -0.1413
  32510.00     0.2749
  32520.00    -0.1169
  32530.00     0.2714
  32540.00     0.1726
  32550.00    -0.1934
  32560.00     0.1083
  32570.00    -0.4997
  32580.00     0.1580
  32590.00     0.2884
  32600.00     0.0172
  32610.00    -0.0691
  32620.00     0.0647
  32630.00    -0.0726
  32640.00    -0.0160
  32650.00     0.0057
  32660.00    -0.3960
  32670.00    -0.0546
  32680.00    -0.2197
  32690.00    -0.0161
  32700.00    -0.1364
  32710.00     0.1364
  32720.00    -0.1148
  32730.00    -0.0159
  32740.00    -0.0609
  32750.00    -0.4881
  32760.00    -0.0560
  32770.00     0.3627
  32780.00    -0.2826
  32790.00     0.0082
  32800.00    -0.0858
  32810.00     0.4835
  32820.00    -0.2539
  32830.00    -0.3142
  32840.00     0.3055
  32850.00    -0.1240
  32860.00     0.4848
  32870.00     0.0182
  32880.00     0.0337
  32890.00    -0.1505
  32900.00     0.0424
  32910.00     0.2874
  32920.00     0.0204
  32930.00    -0.1333
  32940.00     0.8410
  32950.00    -0.0727
  32960.00    -1.1058
  32970.00    -0.0756
  32980.00     0.2625
  32990.00    -0.2465
  33000.00    -0.1726
  33010.00    -0.3285
  33020.00     0.0418
  33030.00    -0.0471
  33040.00     0.3776
  33050.00     0.4746
  33060.00     0.2047
  33070.00     0.1513
  33080.00     0.4543
  33090.00    -0.0598
  33100.00    -0.1931
  33110.00     0.0958
  33120.00    -0.1231
  33130.00     0.1231
  33140.00     0.1572
  33150.00     0.0184
  33160.00     0.0678
  33170.00     0.4242
  33180.00     0.4442
  33190.00    -0.2549
  33200.00    -0.3431
  33210.00     0.0893
  33220.00     0.2988
  33230.00     0.0944
  33240.00     0.1037
  33250.00    -0.1872
  33260.00     0.5077
  33270.00     0.4032
  33280.00    -0.1739
  33290.00     0.4049
  33300.00    -0.0877
  33310.00     0.1749
  33320.00     0.1778
  33330.00    -0.0463
  33340.00    -0.4163
  33350.00    -0.0375
  33360.00     0.4590
  33370.00    -0.3167
  33380.00    -0.2315
  33390.00     0.0440
  33400.00     0.3869
  33410.00    -0.3373
  33420.00    -0.1360
  33430.00     0.2618
  33440.00    -0.1927
  33450.00    -0.2048
  33460.00    -0.0342
  33470.00     0.4908
  33480.00    -0.1431
  33490.00    -0.4193
  33500.00     0.1216
  33510.00    -0.0876
  33520.00    -0.2250
  33530.00    -0.2495
  33540.00    -0.1189
  33550.00     0.3456
  33560.00     0.0291
  33570.00    -0.3042
  33580.00     0.0493
  33590.00     0.1714
  33600.00     0.4387
  33610.00     0.1445
  33620.00     0.2572
  33630.00     0.2574
  33640.00     0.1211
  33650.00    -0.1493
  33660.00     0.0090
  33670.00    -0.0065
  33680.00    -0.1310
  33690.00    -0.6147
  33700.00    -0.3028
  33710.00    -0.0381
  33720.00     0.0832
  33730.00    -0.0386
  33740.00    -0.2600
  33750.00    -0.0903
  33760.00    -0.0170
  33770.00    -0.1068
  33780.00    -0.0470
  33790.00    -0.0468
  33800.00    -0.4581
  33810.00    -0.4095
  33820.00    -0.0383
  33830.00     0.1481
  33840.00    -0.1967
  33850.00    -0.1889
  33860.00     0.0482
  33870.00    -0.2882
  33880.00     0.3140
  33890.00    -0.4765
  33900.00     0.1245
  33910.00     0.6390
  33920.00    -0.1772
  33930.00     0.1440
  33940.00     0.1138
  33950.00    -0.8381
  33960.00    -0.1598
  33970.00    -0.1067
  33980.00     0.2437
  33990.00     0.6154
  34000.00    -0.1804
  34010.00     0.0703
  34020.00     0.3117
  34030.00    -0.2764
  34040.00     0.0325
  34050.00     0.1453
  34060.00    -0.1031
  34070.00    -0.0694
  34080.00     0.2278
  34090.00    -0.0607
  34100.00    -0.0374
  34110.00    -0.4092
  34120.00    -0.4389
  34130.00    -0.1328
  34140.00    -0.4620
  34150.00     0.1078
  34160.00    -0.2757
  34170.00    -0.2009
  34180.00     0.3971
  34190.00     0.2790
  34200.00     0.2185
  34210.00    -0.0032
  34220.00    -0.0098
  34230.00    -0.2819
  34240.00     0.2579
  34250.00    -0.4372
  34260.00    -0.5348
  34270.00     0.1282
  34280.00    -0.2261
  34290.00     0.1087
  34300.00     0.0809
  34310.00    -0.4603
  34320.00     0.0482
  34330.00     0.0098
  34340.00     0.2506
  34350.00     0.1394
  34360.00    -0.3674
  34370.00    -0.0756
  34380.00     0.3965
  34390.00     0.1383
  34400.00    -0.3407
  34410.00    -0.2756
  34420.00     0.1801
  34430.00    -0.0748
  34440.00     0.3706
  34450.00     0.3688
  34460.00    -0.0775
  34470.00     0.1446
  34480.00     0.0646
  34490.00    -0.0938
  34500.00     0.3468
  34510.00     0.0669
  34520.00     0.2276
  34530.00     0.4450
  34540.00     0.4162
  34550.00     0.4512
  34560.00    -0.2158
  34570.00     0.0184
  34580.00     0.3501
  34590.00     0.3419
  34600.00    -0.1052
  34610.00    -0.5442
  34620.00    -0.0503
  34630.00     0.0081
  34640.00    -0.1090
  34650.00    -0.2132
  34660.00    -0.0436
  34670.00    -0.0447
  34680.00    -0.6216
  34690.00     0.2116
  34700.00     0.4953
  34710.00     0.1037
  34720.00    -0.0114
  34730.00     0.2078
  34740.00    -0.0929
  34750.00     0.2550
  34760.00     0.0210
  34770.00     0.0692
  34780.00     0.2536
  34790.00    -0.0022
  34800.00    -0.0773
  34810.00     0.7013
  34820.00     0.0797
  34830.00    -0.6907
  34840.00     0.1549
  34850.00     0.2832
  34860.00     0.0899
  34870.00     0.1724
  34880.00     0.4959
  34890.00     0.4843
  34900.00    -0.2705
  34910.00     0.1131
  34920.00    -0.3208
  34930.00     0.0018
  34940.00     0.2428
  34950.00     0.3819
  34960.00     0.1674
  34970.00     0.1034
  34980.00    -0.1858
  34990.00    -0.0955
  35000.00     0.2959
  35010.00     0.1344
  35020.00    -0.2456
  35030.00    -0.2873
  35040.00    -0.2579
  35050.00     0.0089
  35060.00    -0.1270
  35070.00     0.0802
  35080.00     0.2169
  35090.00    -0.2076
  35100.00     0.0894
  35110.00     0.3516
  35120.00     0.4888
  35130.00     0.2224
  35140.00     0.4334
  35150.00     0.2122
  35160.00     0.3603
  35170.00     0.2201
  35180.00    -0.0761
  35190.00     0.0093
  35200.00    -0.2610
  35210.00    -0.1874
  35220.00     0.2584
  35230.00     0.1245
  35240.00    -0.0643
  35250.00     0.0255
  35260.00    -0.0642
  35270.00    -0.0582
  35280.00    -0.1119
  35290.00     0.2618
  35300.00     0.0190
  35310.00    -0.3924
  35320.00    -0.3280
  35330.00     0.5295
  35340.00    -0.2931
  35350.00     0.0973
  35360.00    -0.0391
  35370.00     0.6316
  35380.00     0.0020
  35390.00    -0.1320
  35400.00    -0.1492
  35410.00    -0.1373
  35420.00     0.0342
  35430.00     0.2350
  35440.00     0.2008
  35450.00    -0.1962
  35460.00     0.1935
  35470.00    -0.0736
  35480.00    -0.2009
  35490.00     0.1359
  35500.00     0.2414
  35510.00    -0.0361
  35520.00     0.0095
  35530.00    -0.1838
  35540.00    -0.1473
  35550.00     0.0066
  35560.00     0.0814
  35570.00    -0.3919
  35580.00     0.6991
  35590.00    -0.1348
  35600.00    -0.0933
  35610.00    -0.0761
  35620.00     0.2090
  35630.00    -0.0969
  35640.00    -0.0037
  35650.00     0.2093
  35660.00     0.0043
  35670.00     0.5531
  35680.00     0.4822
  35690.00     0.3871
  35700.00     0.4637
  35710.00    -0.0018
  35720.00    -0.1597
  35730.00     0.3111
  35740.00     0.2837
  35750.00     0.1244
  35760.00     0.3429
  35770.00     0.0718
  35780.00     0.6939
  35790.00    -0.1563
  35800.00    -0.1753
  35810.00     0.0745
  35820.00     0.2515
  35830.00    -0.0069
  35840.00    -0.1461
  35850.00     0.7517
  35860.00     0.0474
  35870.00     0.3495
  35880.00     0.3764
  35890.00    -0.0490
  35900.00     0.1423
  35910.00    -0.2758
  35920.00     0.0966
  35930.00    -0.0170
  35940.00    -0.2436
  35950.00    -0.2686
  35960.00    -0.3333
  35970.00     0.1619
  35980.00     0.0973
  35990.00    -0.0312
  36000.00     0.5034
  36010.00     0.2190
  36020.00     0.0298
  36030.00     0.3359
  36040.00     0.1652
  36050.00     0.2537
  36060.00    -0.1940
  36070.00    -0.1174
  36080.00    -0.0830
  36090.00     0.2708
  36100.00    -0.1695
  36110.00     0.3453
  36120.00     0.1148
  36130.00    -0.2270
  36140.00     0.1427
  36150.00     0.7872
  36160.00     0.0552
  36170.00     0.3910
  36180.00    -0.0889
  36190.00    -0.1102
  36200.00    -0.2624
  36210.00    -0.1984
  36220.00    -0.0686
  36230.00     0.1979
  36240.00     0.1248
  36250.00     0.1975
  36260.00     0.0655
  36270.00     0.0047
  36280.00     0.7003
  36290.00     0.1599
  36300.00     0.1820
  36310.00     0.1818
  36320.00     0.0709
  36330.00     0.1643
  36340.00    -0.1364
  36350.00     0.0627
  36360.00    -0.1016
  36370.00    -0.0301
  36380.00     0.1706
  36390.00     0.3459
  36400.00     0.0468
  36410.00    -0.2103
  36420.00     0.2241
  36430.00    -0.0108
  36440.00    -0.1278
  36450.00     0.2432
  36460.00     0.4737
  36470.00     0.0748
  36480.00     0.0348
  36490.00     0.1497
  36500.00    -0.3600
  36510.00     0.1216
  36520.00     0.0203
  36530.00    -0.4021
  36540.00     0.3709
  36550.00     0.2130
  36560.00     0.1319
  36570.00    -0.1548
  36580.00    -0.1648
  36590.00     0.3321
  36600.00    -0.2945
  36610.00    -0.1538
  36620.00    -0.2767
  36630.00    -0.0311
  36640.00    -0.1003
  36650.00    -0.1932
  36660.00     0.4792
  36670.00    -0.6139
  36680.00     0.1009
  36690.00     0.0726
  36700.00    -0.3118
  36710.00     0.0889
  36720.00    -0.2958
  36730.00     0.3242
  36740.00     0.3605
  36750.00    -0.1681
  36760.00     0.1133
  36770.00     0.4470
  36780.00     0.4542
  36790.00     0.1574
  36800.00     0.2634
  36810.00    -0.2214
  36820.00     0.0571
  36830.00     0.3296
  36840.00     0.1746
  36850.00    -0.1021
  36860.00     0.6228
  36870.00    -0.0533
  36880.00    -0.1307
  36890.00    -0.0004
  36900.00     0.3557
  36910.00    -0.0167
  36920.00    -0.0082
  36930.00    -0.2159
  36940.00    -0.1428
  36950.00     0.3350
  36960.00     0.0641
  36970.00     0.2391
  36980.00     0.2465
  36990.00     0.6625
  37000.00     0.0741
  37010.00    -0.1988
  37020.00     0.6095
  37030.00    -0.7470
  37040.00     0.2764
  37050.00    -0.0235
  37060.00     0.1971
  37070.00    -0.1060
  37080.00     0.3224
  37090.00     0.0378
  37100.00    -0.1443
  37110.00    -0.3927
  37120.00     0.3154
  37130.00    -0.0174
  37140.00    -0.2778
  37150.00     0.0673
  37160.00    -0.2506
  37170.00    -0.6016
  37180.00     0.3047
  37190.00    -0.0451
  37200.00    -0.2566
  37210.00    -0.0561
  37220.00    -0.1328
  37230.00     0.1540
  37240.00     0.0526
  37250.00     0.1583
  37260.00    -0.0132
  37270.00    -0.0786
  37280.00    -0.1583
  37290.00     0.2834
  37300.00     0.1881
  37310.00    -0.1305
  37320.00    -0.0103
  37330.00     0.3981
  37340.00    -0.2232
  37350.00     0.0542
  37360.00     0.1596
  37370.00    -0.0288
  37380.00    -0.3045
  37390.00    -0.4137
  37400.00     0.0037
  37410.00     0.6252
  37420.00    -0.1028
  37430.00     0.1069
  37440.00    -0.1794
  37450.00    -0.3125
  37460.00    -0.1499
  37470.00     0.1115
  37480.00    -0.3835
  37490.00    -0.1871
  37500.00    -0.2657
  37510.00    -0.2518
  37520.00     0.5251
  37530.00    -0.0220
  37540.00    -0.0472
  37550.00     0.2251
  37560.00     0.0491
  37570.00    -0.4990
  37580.00    -0.1305
  37590.00     0.0040
  37600.00    -0.1542
  37610.00    -0.4936
  37620.00     0.1629
  37630.00     0.0540
  37640.00    -0.0063
  37650.00     0.2790
  37660.00     0.6997
  37670.00     0.0111
  37680.00     0.1582
  37690.00     0.1881
  37700.00    -0.5480
  37710.00     0.3302
  37720.00    -0.0635
  37730.00     0.2556
  37740.00    -0.3087
  37750.00     0.0619
  37760.00    -0.0936
  37770.00     0.2800
  37780.00     0.4094
  37790.00     0.3418
  37800.00    -0.0020
  37810.00    -0.3111
  37820.00    -0.3226
  37830.00     0.2688
  37840.00    -0.0449
  37850.00     0.0040
  37860.00    -0.0342
  37870.00     0.1429
  37880.00    -0.3129
  37890.00    -0.4708
  37900.00    -0.8091
  37910.00    -0.2924
  37920.00     0.2410
  37930.00     0.3298
  37940.00    -0.0103
  37950.00     0.3607
  37960.00     0.3240
  37970.00    -0.0902
  37980.00     0.0720
  37990.00     0.1067
  38000.00     0.4166
  38010.00     0.4024
  38020.00     0.1588
  38030.00     0.0607
  38040.00    -0.0366
  38050.00     0.1164
  38060.00    -0.0028
  38070.00    -0.1293
  38080.00    -0.1055
  38090.00    -0.1492
  38100.00     0.0658
  38110.00    -0.0040
  38120.00    -0.5464
  38130.00    -0.4145
  38140.00    -0.1645
  38150.00    -0.4078
  38160.00    -0.2450
  38170.00     0.1845
  38180.00     0.1370
  38190.00    -0.4720
  38200.00     0.5272
  38210.00    -0.0988
  38220.00     0.3850
  38230.00    -0.0976
  38240.00    -0.5372
  38250.00    -0.5004
  38260.00     0.1780
  38270.00     0.0922
  38280.00     0.0336
  38290.00    -0.2388
  38300.00    -0.0847
  38310.00     0.1791
  38320.00     0.0784
  38330.00    -0.0623
  38340.00     0.3016
  38350.00    -0.4875
  38360.00    -0.3708
  38370.00    -0.1124
  38380.00     0.0010
  38390.00     0.3515
  38400.00     0.0036
  38410.00     0.0980
  38420.00    -0.3651
  38430.00     0.3072
  38440.00     0.4035
  38450.00     0.3199
  38460.00     0.4721
  38470.00    -0.2280
  38480.00     0.2237
  38490.00     0.2962
  38500.00    -0.1732
  38510.00    -0.0128
  38520.00    -0.2491
  38530.00    -0.0077
  38540.00     0.0259
  38550.00     0.1655
  38560.00    -0.2593
  38570.00    -0.0438
  38580.00     1.0786
  38590.00    -0.4099
  38600.00    -0.3669
  38610.00    -0.3170
  38620.00     0.5371
  38630.00    -0.2615
  38640.00    -0.0329
  38650.00    -0.0252
  38660.00    -0.1686
  38670.00    -0.3860
  38680.00    -0.3336
  38690.00    -0.0950
  38700.00     0.0593
  38710.00     0.2704
  38720.00    -0.2199
  38730.00     0.1450
  38740.00     0.1173
  38750.00    -0.2418
  38760.00     0.0588
  38770.00    -0.1628
  38780.00    -0.2681
  38790.00     0.0218
  38800.00    -0.3311
  38810.00    -0.1880
  38820.00    -0.1449
  38830.00    -0.3277
  38840.00     0.3042
  38850.00     0.2569
  38860.00     0.0684
  38870.00    -0.0547
  38880.00    -0.0421
  38890.00     0.0729
  38900.00     0.1996
  38910.00    -0.3246
  38920.00    -0.2022
  38930.00    -0.1586
  38940.00    -0.4101
  38950.00    -0.0718
  38960.00     0.1381
  38970.00     0.3557
  38980.00     0.2953
  38990.00    -0.6387
  39000.00     0.0319
  39010.00     0.6401
  39020.00    -0.0428
  39030.00     0.3935
  39040.00    -0.2285
  39050.00    -0.2581
  39060.00    -0.2488
  39070.00    -0.1583
  39080.00     0.1529
  39090.00     0.3235
  39100.00     0.1558
  39110.00    -0.0633
  39120.00     0.0817
  39130.00     0.3575
  39140.00     0.7383
  39150.00     0.3813
  39160.00     0.3854
  39170.00     0.0116
  39180.00     0.2699
  39190.00    -0.1458
  39200.00    -0.1426
  39210.00    -0.0185
  39220.00     0.2320
  39230.00     0.1261
  39240.00     0.4524
  39250.00    -0.1488
  39260.00     0.1383
  39270.00     0.1804
  39280.00    -0.7130
  39290.00     0.0529
  39300.00     0.0127
  39310.00     0.2113
  39320.00     0.4031
  39330.00    -0.4577
  39340.00     0.2344
  39350.00     0.5527
  39360.00    -0.2560
  39370.00     0.2018
  39380.00    -0.4154
  39390.00    -0.4179
  39400.00     0.0323
  39410.00     0.0316
  39420.00     0.0961
  39430.00     0.1546
  39440.00     0.2258
  39450.00     0.5382
  39460.00    -0.3771
  39470.00    -0.0994
  39480.00     0.2074
  39490.00     0.1121
  39500.00     0.1359
  39510.00    -0.5704
  39520.00     0.1498
  39530.00    -0.0783
  39540.00    -0.3493
  39550.00    -0.0043
  39560.00    -0.0070
  39570.00     0.1180
  39580.00    -0.4750
  39590.00     0.2489
  39600.00    -0.0034
  39610.00    -0.2179
  39620.00     0.0790
  39630.00    -0.1358
  39640.00    -0.1164
  39650.00    -0.1579
  39660.00    -0.4571
  39670.00    -0.2066
  39680.00     0.5488
  39690.00    -0.8188
  39700.00     0.1349
  39710.00     0.1613
  39720.00    -0.4386
  39730.00     0.2889
  39740.00     0.4747
  39750.00     0.0787
  39760.00    -0.1030
  39770.00    -0.1303
  39780.00    -0.1851
  39790.00     0.3466
  39800.00     0.3616
  39810.00    -0.0129
  39820.00     0.5825
  39830.00     0.1867
  39840.00    -0.0206
  39850.00    -0.0262
  39860.00     0.0971
  39870.00    -0.2006
  39880.00     0.4207
  39890.00    -0.2711
  39900.00    -0.0727
  39910.00    -0.4532
  39920.00    -0.1986
  39930.00    -0.2575
  39940.00    -0.1117
  39950.00     0.1801
  39960.00     0.2109
  39970.00    -0.0704
  39980.00     0.3121
  39990.00     0.1335
  40000.00     0.2111
  40010.00     0.3296
  40020.00     0.4526
  40030.00     0.5857
  40040.00     0.0009
  40050.00    -0.2261
  40060.00    -0.5530
  40070.00    -0.2462
  40080.00     0.0974
  40090.00    -0.0550
  40100.00     0.0496
  40110.00     0.2364
  40120.00    -0.0411
  40130.00    -0.2869
  40140.00    -0.2424
  40150.00     0.4291
  40160.00    -0.1631
  40170.00     0.1494
  40180.00    -0.1406
  40190.00     0.1987
  40200.00    -0.0092
  40210.00    -0.1544
  40220.00    -0.1110
  40230.00    -0.0819
  40240.00     0.1117
  40250.00    -0.1148
  40260.00    -0.3555
  40270.00    -0.6008
  40280.00     0.3639
  40290.00     0.5537
  40300.00     0.2488
  40310.00     0.1095
  40320.00    -0.3164
  40330.00     0.0684
  40340.00    -0.6337
  40350.00    -0.5452
  40360.00     0.0003
  40370.00    -0.2309
  40380.00    -0.0503
  40390.00    -0.1672
  40400.00    -0.1062
  40410.00    -0.2034
  40420.00     0.0338
  40430.00     0.5869
  40440.00    -0.0295
  40450.00    -0.3983
  40460.00     0.4083
  40470.00     0.5432
  40480.00    -0.2432
  40490.00    -0.1549
  40500.00    -0.4610
  40510.00    -0.6043
  40520.00     0.1065
  40530.00    -0.0881
  40540.00     0.2250
  40550.00     0.2168
  40560.00    -0.0568
  40570.00     0.0440
  40580.00     0.3446
  40590.00    -0.1534
  40600.00    -0.4922
  40610.00    -0.0178
  40620.00     0.8020
  40630.00     0.0144
  40640.00     0.1501
  40650.00     0.2318
  40660.00    -0.2125
  40670.00     0.1093
  40680.00     0.6834
  40690.00     0.3334
  40700.00    -0.1864
  40710.00     0.0258
  40720.00     0.1216
  40730.00     0.1335
  40740.00    -0.2205
  40750.00     0.2448
  40760.00     0.1589
  40770.00     0.0016
  40780.00     0.1782
  40790.00     0.1378
  40800.00     0.1587
  40810.00    -0.0175
  40820.00     0.0293
  40830.00     0.3492
  40840.00     0.0311
  40850.00     0.1432
  40860.00     0.1583
  40870.00    -0.1293
  40880.00    -0.4032
  40890.00    -0.2533
  40900.00     0.1128
  40910.00    -0.2020
  40920.00     0.2378
  40930.00     0.4573
  40940.00    -0.2023
  40950.00     0.2171
  40960.00    -0.1656
  40970.00     0.1728
  40980.00    -0.2697
  40990.00     0.1226
  41000.00    -0.1200
  41010.00     0.2931
  41020.00    -0.2913
  41030.00    -0.2143
  41040.00    -0.1080
  41050.00    -0.6262
  41060.00     0.5372
  41070.00    -0.0819
  41080.00    -0.3579
  41090.00    -0.2949
  41100.00    -0.1815
  41110.00     0.3116
  41120.00     0.4308
  41130.00    -0.2782
  41140.00    -0.2810
  41150.00    -0.4278
  41160.00    -0.3549
  41170.00    -0.4470
  41180.00    -0.4970
  41190.00    -0.2867
  41200.00     0.2407
  41210.00    -0.4902
  41220.00    -0.0138
  41230.00     0.8579
  41240.00     0.0510
  41250.00     0.1091
  41260.00    -0.6908
  41270.00     0.0519
  41280.00    -0.3486
  41290.00     0.0436
  41300.00     0.0383
  41310.00    -0.1746
  41320.00    -0.3916
  41330.00     0.3425
  41340.00    -0.0683
  41350.00     0.0152
  41360.00    -0.5444
  41370.00    -0.1698
  41380.00     0.2622
  41390.00     0.6243
  41400.00     0.4805
  41410.00     0.2265
  41420.00    -0.7311
  41430.00    -0.7142
  41440.00    -0.1806
  41450.00    -0.1883
  41460.00     0.3580
  41470.00    -0.4808
  41480.00    -0.0398
  41490.00     0.4038
  41500.00     0.1559
  41510.00    -0.1703
  41520.00    -0.4617
  41530.00    -0.3272
  41540.00    -0.1913
  41550.00    -0.0127
  41560.00    -0.0164
  41570.00     0.2544
  41580.00     0.2055
  41590.00     0.1109
  41600.00     0.3998
  41610.00     0.0932
  41620.00    -0.4133
  41630.00     0.1940
  41640.00     0.1525
  41650.00    -0.3435
  41660.00     0.4869
  41670.00    -0.4446
  41680.00     0.1529
  41690.00     0.0796
  41700.00     0.1132
  41710.00     0.4385
  41720.00    -0.1381
  41730.00    -0.3902
  41740.00     0.0770
  41750.00    -0.0668
  41760.00    -0.2440
  41770.00    -0.1860
  41780.00     0.0148
  41790.00    -0.1971
  41800.00    -0.1824
  41810.00     0.0417
  41820.00     0.3801
  41830.00    -0.1976
  41840.00    -0.3357
  41850.00    -0.1114
  41860.00    -0.2322
  41870.00    -0.1222
  41880.00    -0.0870
  41890.00    -0.5430
  41900.00     0.1172
  41910.00     0.7136
  41920.00     0.2687
  41930.00     0.2991
  41940.00    -0.1119
  41950.00    -0.1491
  41960.00     0.1986
  41970.00     0.2479
  41980.00     0.2689
  41990.00     0.4243
  42000.00     0.0299
  42010.00     0.1777
  42020.00    -0.6367
  42030.00    -0.5074
  42040.00     0.2867
  42050.00    -0.7681
  42060.00    -0.1746
  42070.00     0.3351
  42080.00     0.0347
  42090.00    -0.4414
  42100.00    -0.3031
  42110.00     0.4364
  42120.00    -0.2113
  42130.00     0.0622
  42140.00     0.3509
  42150.00     0.4124
  42160.00    -0.8786
  42170.00     0.2517
  42180.00     0.0538
  42190.00    -0.1966
  42200.00     0.0264
  42210.00     0.3604
  42220.00     0.0332
  42230.00    -0.1632
  42240.00    -0.3078
  42250.00     0.2311
  42260.00    -0.3289
  42270.00    -0.3561
  42280.00     0.0171
  42290.00    -0.4245
  42300.00    -0.5464
  42310.00    -0.2084
  42320.00    -0.0394
  42330.00     0.0543
  42340.00     0.2554
  42350.00     0.2445
  42360.00     0.3841
  42370.00     0.5389
  42380.00    -0.3288
  42390.00    -0.1623
  42400.00    -0.3232
  42410.00    -0.0395
  42420.00     0.0031
  42430.00    -0.4676
  42440.00    -0.2470
  42450.00    -0.0482
  42460.00    -0.2610
  42470.00     0.0241
  42480.00    -0.2893
  42490.00     0.0975
  42500.00    -0.4070
  42510.00     0.2933
  42520.00     0.1691
  42530.00    -0.2157
  42540.00     0.2102
  42550.00     0.3084
  42560.00    -0.1725
  42570.00    -0.2019
  42580.00    -0.1469
  42590.00    -0.7456
  42600.00     0.0967
  42610.00    -0.1337
  42620.00    -0.0049
  42630.00     0.1082
  42640.00    -0.0175
  42650.00    -0.5044
  42660.00    -0.3038
  42670.00     0.1751
  42680.00     0.1383
  42690.00     0.3460
  42700.00    -0.3022
  42710.00     0.4903
  42720.00    -0.1163
  42730.00    -0.1879
  42740.00    -0.3083
  42750.00     0.0167
  42760.00     0.1652
  42770.00     0.3332
  42780.00    -0.3961
  42790.00    -0.4729
  42800.00    -0.3615
  42810.00    -0.2608
  42820.00     0.3816
  42830.00     0.0354
  42840.00     0.1246
  42850.00    -0.4699
  42860.00     0.0224
  42870.00    -0.0201
  42880.00     0.0316
  42890.00    -0.2099
  42900.00     0.1595
  42910.00     0.1386
  42920.00    -0.2670
  42930.00    -0.0126
  42940.00    -0.1638
  42950.00     0.5837
  42960.00    -0.4451
  42970.00    -0.0628
  42980.00    -0.0635
  42990.00     0.2953
  43000.00     0.4449
  43010.00     0.0736
  43020.00     0.1978
  43030.00     0.0842
  43040.00    -0.1501
  43050.00     0.0033
  43060.00    -0.5174
  43070.00    -0.0578
  43080.00    -0.2245
  43090.00     0.2324
  43100.00     0.3533
  43110.00     0.4475
  43120.00     0.0367
  43130.00     0.1805
  43140.00     0.1542
  43150.00     0.7044
  43160.00     0.0801
  43170.00     0.1066
  43180.00     0.0826
  43190.00    -0.5423
  43200.00     0.2015
  43210.00    -0.3521
  43220.00     0.0802
  43230.00    -0.4907
  43240.00     0.0654
  43250.00     0.0360
  43260.00    -0.1668
  43270.00     0.1310
  43280.00     0.0404
  43290.00    -0.1518
  43300.00     0.1487
  43310.00    -0.4036
  43320.00     0.0907
  43330.00     0.3057
  43340.00     0.1134
  43350.00    -0.6249
  43360.00     0.0559
  43370.00     0.2991
  43380.00     0.1873
  43390.00    -0.1488
  43400.00    -0.6145
  43410.00    -0.3665
  43420.00    -0.0413
  43430.00     0.2162
  43440.00    -0.0033
  43450.00     0.5141
  43460.00     0.2693
  43470.00     0.0133
  43480.00    -0.1615
  43490.00    -0.4276
  43500.00     0.6012
  43510.00    -0.3736
  43520.00     0.5118
  43530.00     0.2339
  43540.00     0.0297
  43550.00    -0.4609
  43560.00    -0.2059
  43570.00     0.9173
  43580.00     0.2735
  43590.00     0.1542
  43600.00     0.2271
  43610.00     0.1707
  43620.00     0.4975
  43630.00    -0.2139
  43640.00     0.3028
  43650.00    -0.1807
  43660.00     0.0914
  43670.00    -0.1092
  43680.00     0.3140
  43690.00    -0.0368
  43700.00     0.2723
  43710.00     0.1629
  43720.00    -0.2382
  43730.00    -0.2680
  43740.00    -0.7012
  43750.00     0.4858
  43760.00     0.1015
  43770.00    -0.2251
  43780.00     0.2886
  43790.00    -0.4510
  43800.00    -0.1166
  43810.00     0.0500
  43820.00    -0.1086
  43830.00    -0.2427
  43840.00     0.5843
  43850.00     0.0842
  43860.00     0.1302
  43870.00    -0.3055
  43880.00     0.1026
  43890.00    -0.1175
  43900.00    -0.2789
  43910.00    -0.1542
  43920.00    -0.2315
  43930.00     0.3169
  43940.00    -0.3131
  43950.00    -0.0822
  43960.00    -0.2729
  43970.00    -0.0432
  43980.00    -0.3641
  43990.00     0.3044
  44000.00    -0.4284
  44010.00     0.1697
  44020.00     0.0471
  44030.00     0.5263
  44040.00     0.4174
  44050.00    -0.2159
  44060.00     0.6031
  44070.00    -0.0531
  44080.00     0.1536
  44090.00     0.0354
  44100.00     0.1042
  44110.00     0.1492
  44120.00     0.4886
  44130.00     0.0152
  44140.00    -0.0227
  44150.00    -0.1122
  44160.00    -0.3766
  44170.00    -0.3217
  44180.00     0.3824
  44190.00    -0.1658
  44200.00    -0.0414
  44210.00    -0.0416
  44220.00    -0.3555
  44230.00    -0.2122
  44240.00    -0.0314
  44250.00     0.1809
  44260.00    -0.4502
  44270.00     0.2495
  44280.00    -0.4820
  44290.00    -0.0352
  44300.00    -0.2480
  44310.00    -0.2148
  44320.00     0.1980
  44330.00     0.0004
  44340.00     0.0173
  44350.00    -0.3484
  44360.00     0.0630
  44370.00    -0.1063
  44380.00     0.0273
  44390.00     0.2483
  44400.00     0.1779
  44410.00     0.0413
  44420.00     0.1696
  44430.00     0.5467
  44440.00     0.0150
  44450.00     0.4838
  44460.00    -0.3041
  44470.00    -0.4533
  44480.00    -0.0939
  44490.00     0.2985
  44500.00    -0.0525
  44510.00    -0.4190
  44520.00    -0.5267
  44530.00     0.1217
  44540.00     0.1332
  44550.00    -0.1858
  44560.00    -0.0030
  44570.00    -0.5091
  44580.00     0.4199
  44590.00    -0.2192
  44600.00     0.0928
  44610.00    -0.0013
  44620.00    -0.1589
  44630.00     0.2344
  44640.00    -0.3253
  44650.00     0.4853
  44660.00    -0.1436
  44670.00     0.6138
  44680.00    -0.0556
  44690.00     0.0957
  44700.00     0.7382
  44710.00     0.4185
  44720.00    -0.2022
  44730.00     0.0355
  44740.00    -0.1787
  44750.00     0.5313
  44760.00    -0.0120
  44770.00    -0.2519
  44780.00     0.0975
  44790.00    -0.0814
  44800.00     0.1757
  44810.00    -0.4935
  44820.00    -0.0992
  44830.00     0.1832
  44840.00    -0.1507
  44850.00    -0.4350
  44860.00    -0.3349
  44870.00    -0.0758
  44880.00     0.0219
  44890.00    -0.2627
  44900.00    -0.0177
  44910.00    -0.5679
  44920.00    -0.2170
  44930.00     0.0659
  44940.00     0.0349
  44950.00    -0.3334
  44960.00     0.2306
  44970.00     0.0308
  44980.00    -0.2696
  44990.00     0.0219
  45000.00    -0.1247
  45010.00    -0.0130
  45020.00     0.4292
  45030.00    -0.3896
  45040.00    -0.0613
  45050.00     0.1711
  45060.00    -0.0693
  45070.00     0.0847
  45080.00    -0.5072
  45090.00    -0.3290
  45100.00    -0.4844
  45110.00    -0.6134
  45120.00    -0.1952
  45130.00    -0.4374
  45140.00     0.0138
  45150.00     0.2530
  45160.00     0.0335
  45170.00     0.2443
  45180.00     0.5655
  45190.00     0.4606
  45200.00    -0.2254
  45210.00     0.1155
  45220.00    -0.0871
  45230.00     0.5188
  45240.00    -0.1194
  45250.00     0.5143
  45260.00     0.4168
  45270.00     0.2000
  45280.00     0.5732
  45290.00     0.0281
  45300.00     0.1461
  45310.00    -0.1787
  45320.00     0.0608
  45330.00     0.2672
  45340.00    -0.1923
  45350.00    -0.1525
  45360.00    -0.2249
  45370.00    -0.5158
  45380.00    -0.4212
  45390.00    -0.6579
  45400.00     0.1828
  45410.00     0.4083
  45420.00    -0.2216
  45430.00    -0.2259
  45440.00    -0.4565
  45450.00     0.0595
  45460.00     0.4874
  45470.00     0.3629
  45480.00    -0.0248
  45490.00    -0.4266
  45500.00     0.3382
  45510.00    -0.0386
  45520.00    -0.2186
  45530.00     0.2071
  45540.00     0.1918
  45550.00     0.3399
  45560.00     0.0114
  45570.00    -0.1145
  45580.00    -0.0107
  45590.00     0.1571
  45600.00    -0.0670
  45610.00    -0.1779
  45620.00     0.4305
  45630.00     0.0533
  45640.00     0.3336
  45650.00     0.0362
  45660.00     0.0051
  45670.00     0.1421
  45680.00     0.1288
  45690.00    -0.1936
  45700.00    -0.0742
  45710.00     0.1042
  45720.00     0.0521
  45730.00     0.2736
  45740.00    -0.0289
  45750.00    -0.0615
  45760.00    -0.0989
  45770.00     0.0374
  45780.00    -0.4585
  45790.00    -0.1097
  45800.00    -0.0628
  45810.00    -0.9727
  45820.00    -0.2967
  45830.00     0.0671
  45840.00    -0.4275
  45850.00    -0.5969
  45860.00    -0.7984
  45870.00    -0.5003
  45880.00     0.3214
  45890.00     0.0107
  45900.00    -0.0557
  45910.00    -0.3485
  45920.00    -0.0252
  45930.00    -0.4263
  45940.00     0.0054
  45950.00     0.1656
  45960.00     0.0987
  45970.00    -0.1847
  45980.00     0.1133
  45990.00    -0.2870
  46000.00    -0.2220
  46010.00    -0.6083
  46020.00     0.1856
  46030.00     0.1974
  46040.00     0.1713
  46050.00    -0.0374
  46060.00     0.2078
  46070.00    -0.7018
  46080.00    -0.0299
  46090.00    -0.5171
  46100.00    -0.0534
  46110.00    -0.1254
  46120.00    -0.2263
  46130.00    -0.0924
  46140.00    -0.0864
  46150.00    -0.0371
  46160.00     0.4803
  46170.00     0.0868
  46180.00    -0.2349
  46190.00     0.0475
  46200.00     0.0093
  46210.00    -0.0672
  46220.00     0.1313
  46230.00    -0.3269
  46240.00    -0.0864
  46250.00     0.2844
  46260.00     0.0152
  46270.00    -0.3737
  46280.00     0.3593
  46290.00     0.3995
  46300.00    -0.0259
  46310.00     0.3427
  46320.00     0.0054
  46330.00    -0.0037
  46340.00     0.1703
  46350.00    -0.5195
  46360.00     0.2187
  46370.00    -0.0418
  46380.00    -0.1874
  46390.00     0.2276
  46400.00    -0.0880
  46410.00    -0.3362
  46420.00     0.3337
  46430.00    -0.3386
  46440.00    -0.0560
  46450.00     0.1711
  46460.00    -0.3405
  46470.00    -0.2082
  46480.00    -0.1109
  46490.00    -0.2073
  46500.00    -0.2816
  46510.00    -0.0970
  46520.00    -0.0541
  46530.00    -0.2451
  46540.00    -0.2058
  46550.00     0.2633
  46560.00    -0.3045
  46570.00    -0.9263
  46580.00    -0.1277
  46590.00    -0.0785
  46600.00     0.0254
  46610.00     0.1233
  46620.00    -0.0747
  46630.00    -0.1065
  46640.00    -0.1464
  46650.00    -0.0176
  46660.00     0.0527
  46670.00    -0.5094
  46680.00     0.1125
  46690.00    -0.1598
  46700.00    -0.2833
  46710.00     0.1231
  46720.00     0.2930
  46730.00    -0.0461
  46740.00     0.0155
  46750.00    -0.0329
  46760.00    -0.2653
  46770.00    -0.0846
  46780.00    -0.1220
  46790.00     0.0192
  46800.00    -0.2533
  46810.00     0.2057
  46820.00     0.5285
  46830.00     0.4120
  46840.00     0.2683
  46850.00     0.0024
  46860.00     0.2948
  46870.00    -0.7537
  46880.00     0.2051
  46890.00    -0.4104
  46900.00    -0.1078
  46910.00    -0.1359
  46920.00    -0.2461
  46930.00     0.0849
  46940.00     0.1010
  46950.00     0.0077
  46960.00     0.0131
  46970.00    -0.3558
  46980.00     0.4842
  46990.00     0.4209
  47000.00    -0.0648
  47010.00     0.5891
  47020.00    -0.3119
  47030.00     0.2955
  47040.00     0.2671
  47050.00    -0.4663
  47060.00     0.0239
  47070.00    -0.1922
  47080.00     0.0358
  47090.00     0.1828
  47100.00    -0.4265
  47110.00    -0.1959
  47120.00     0.2232
  47130.00    -0.2170
  47140.00    -0.0394
  47150.00    -0.0757
  47160.00    -0.0866
  47170.00    -0.4209
  47180.00    -0.3308
  47190.00    -0.2582
  47200.00     0.1974
  47210.00    -0.1149
  47220.00     0.6916
  47230.00    -0.0939
  47240.00    -0.5463
  47250.00    -0.0068
  47260.00     0.2227
  47270.00    -0.0273
  47280.00     0.1366
  47290.00     0.2240
  47300.00     0.2246
  47310.00    -0.5044
  47320.00    -0.0034
  47330.00    -0.0304
  47340.00    -0.3843
  47350.00    -0.2584
  47360.00    -0.2641
  47370.00     0.2757
  47380.00    -0.9241
  47390.00    -0.0309
  47400.00    -0.0767
  47410.00     0.3566
  47420.00     0.2988
  47430.00    -0.0817
  47440.00    -0.1411
  47450.00    -0.2812
  47460.00    -0.6455
  47470.00     0.2209
  47480.00    -0.1451
  47490.00    -0.2156
  47500.00     0.0041
  47510.00    -0.1174
  47520.00    -0.0442
  47530.00     0.0901
  47540.00    -0.3561
  47550.00     0.0367
  47560.00     0.0129
  47570.00     0.5434
  47580.00    -0.4591
  47590.00     0.0051
  47600.00     0.4844
  47610.00     0.1588
  47620.00    -0.0111
  47630.00     0.2932
  47640.00     0.5681
  47650.00    -0.1253
  47660.00     0.1701
  47670.00     0.0345
  47680.00    -0.3620
  47690.00     0.0744
  47700.00    -0.3535
  47710.00     0.1239
  47720.00     0.3469
  47730.00     0.1087
  47740.00    -0.5279
  47750.00     0.2401
  47760.00    -0.5069
  47770.00     0.1962
  47780.00     0.2459
  47790.00    -0.2134
  47800.00    -0.2163
  47810.00     0.2067
  47820.00    -0.0491
  47830.00    -0.0555
  47840.00    -0.3415
  47850.00    -0.4112
  47860.00    -0.1106
  47870.00     0.4361
  47880.00    -0.3004
  47890.00    -0.2392
  47900.00    -0.0837
  47910.00    -0.2162
  47920.00    -0.4220
  47930.00     0.6781
  47940.00     0.1861
  47950.00     0.2191
  47960.00    -0.3061
  47970.00    -0.0539
  47980.00     0.3530
  47990.00    -0.4291
  48000.00    -0.4565
  48010.00    -0.1870
  48020.00    -0.2265
  48030.00    -0.0383
  48040.00     0.1660
  48050.00    -0.0534
  48060.00     0.1352
  48070.00     0.3307
  48080.00     0.0632
  48090.00     0.1749
  48100.00     0.1963
  48110.00    -0.0909
  48120.00    -0.0961
  48130.00    -0.2916
  48140.00    -0.6396
  48150.00    -0.3070
  48160.00    -0.1528
  48170.00     0.1707
  48180.00     0.4277
  48190.00    -0.0545
  48200.00    -0.0019
  48210.00     0.3730
  48220.00    -0.0385
  48230.00     0.0173
  48240.00    -0.0798
  48250.00    -0.0846
  48260.00     0.5766
  48270.00     0.0027
  48280.00     0.3202
  48290.00     0.1002
  48300.00     0.0348
  48310.00    -0.0792
  48320.00     0.1971
  48330.00     0.1142
  48340.00     0.0624
  48350.00    -0.2254
  48360.00    -0.0784
  48370.00     0.4246
  48380.00     0.1232
  48390.00     0.2820
  48400.00     0.1153
  48410.00     0.9079
  48420.00    -0.1792
  48430.00    -0.3668
  48440.00     0.5153
  48450.00     0.5495
  48460.00    -0.5675
  48470.00    -0.1514
  48480.00     0.3328
  48490.00     0.0075
  48500.00     0.6851
  48510.00     0.3478
  48520.00     0.7049
  48530.00    -0.2217
  48540.00     0.7012
  48550.00    -0.1150
  48560.00     0.0390
  48570.00    -0.0245
  48580.00    -0.8031
  48590.00    -0.1132
  48600.00    -0.0943
  48610.00    -0.2995
  48620.00    -0.2338
  48630.00     0.1606
  48640.00    -0.3640
  48650.00    -0.0131
  48660.00     0.4103
  48670.00    -0.1889
  48680.00    -0.2495
  48690.00    -0.0821
  48700.00     0.1241
  48710.00    -0.2232
  48720.00    -0.0140
  48730.00     0.1716
  48740.00     0.0639
  48750.00     0.2277
  48760.00     0.4632
  48770.00    -0.4122
  48780.00     0.2609
  48790.00     0.3464
  48800.00     0.1000
  48810.00    -0.5105
  48820.00    -0.2168
  48830.00     0.1983
  48840.00     0.3551
  48850.00    -0.3616
  48860.00     0.3289
  48870.00     0.1254
  48880.00    -0.0663
  48890.00    -0.0309
  48900.00     0.3169
  48910.00    -0.0390
  48920.00    -0.7995
  48930.00    -0.2437
  48940.00    -0.4423
  48950.00    -0.3073
  48960.00     0.3158
  48970.00     0.4790
  48980.00    -0.3017
  48990.00    -0.1848
  49000.00     0.0267
  49010.00    -0.4382
  49020.00    -0.0087
  49030.00    -0.2441
  49040.00    -0.1400
  49050.00     0.6610
  49060.00     0.3153
  49070.00     0.0442
  49080.00    -0.3166
  49090.00     0.2019
  49100.00     0.4558
  49110.00     0.0248
  49120.00    -0.1591
  49130.00    -0.5099
  49140.00     0.1374
  49150.00    -0.2284
  49160.00    -0.6008
  49170.00     0.4455
  49180.00    -0.2011
  49190.00    -0.1038
  49200.00     0.6347
  49210.00    -0.1965
  49220.00     0.0601
  49230.00     0.0589
  49240.00    -0.3439
  49250.00    -0.3272
  49260.00    -0.2507
  49270.00    -0.1202
  49280.00    -0.1907
  49290.00     0.5761
  49300.00    -0.0624
  49310.00     0.6750
  49320.00     1.0122
  49330.00     0.1163
  49340.00     0.0173
  49350.00     0.2663
  49360.00     0.1002
  49370.00     0.0790
  49380.00     0.2105
  49390.00     0.5162
  49400.00     0.1987
  49410.00     0.2365
  49420.00     0.2966
  49430.00     0.1076
  49440.00     0.1347
  49450.00     0.2713
  49460.00    -0.0003
  49470.00     0.1447
  49480.00     0.3943
  49490.00     0.0550
  49500.00     0.2450
  49510.00     0.0237
  49520.00    -0.2090
  49530.00     0.4205
  49540.00     0.5270
  49550.00    -0.1316
  49560.00     0.1390
  49570.00    -0.0505
  49580.00     0.1167
  49590.00    -0.1325
  49600.00    -0.3259
  49610.00     0.0877
  49620.00     0.0688
  49630.00     0.0494
  49640.00    -0.0412
  49650.00    -0.7024
  49660.00     0.0387
  49670.00     0.5432
  49680.00     0.1286
  49690.00    -0.1525
  49700.00     0.2041
  49710.00    -0.1048
  49720.00     0.3344
  49730.00    -0.2391
  49740.00    -0.4556
  49750.00    -0.0549
  49760.00     0.0627
  49770.00    -0.5593
  49780.00     0.6190
  49790.00     0.3889
  49800.00     0.1175
  49810.00     0.2921
  49820.00     0.3334
  49830.00     0.0015
  49840.00    -0.6303
  49850.00     0.2455
  49860.00     0.1493
  49870.00    -0.3146
  49880.00     0.2950
  49890.00     0.4637
  49900.00     0.2170
  49910.00     0.2529
  49920.00    -0.3633
  49930.00     0.4291
  49940.00    -0.0717
  49950.00     0.7926
  49960.00    -0.2015
  49970.00     0.1603
  49980.00    -0.1820
  49990.00     0.2923
  50000.00     0.3465
