     10.00     1.1215
     20.00     0.7350
     30.00     0.9057
     40.00     0.9728
     50.00     0.5601
     60.00     0.9528
     70.00     1.0253
     80.00     0.7586
     90.00     0.8457
    100.00     0.6039
    110.00     1.1240
    120.00     0.8521
    130.00     1.2508
    140.00     1.0192
    150.00     0.7940
    160.00     1.3376
    170.00     1.1696
    180.00     1.0575
    190.00     0.9728
    200.00     1.0621
    210.00     0.9543
    220.00     1.2850
    230.00     1.1050
    240.00     1.0135
    250.00     1.1432
    260.00     0.9100
    270.00     0.8883
    280.00     1.0192
    290.00     1.0998
    300.00     1.7540
    310.00     0.7058
    320.00     1.1351
    330.00     0.8633
    340.00     0.9298
    350.00     0.7117
    360.00     1.0290
    370.00     1.3415
    380.00     0.4079
    390.00     0.9621
    400.00     0.8436
    410.00     0.2776
    420.00     0.9095
    430.00     1.3303
    440.00     1.0937
    450.00     1.0813
    460.00     0.5478
    470.00     0.9246
    480.00     0.9350
    490.00     1.1503
    500.00     0.8010
    510.00     0.4233
    520.00     1.3238
    530.00     0.6631
    540.00     1.3018
    550.00     1.1798
    560.00     1.1839
    570.00     0.7793
    580.00     0.9113
    590.00     0.6260
    600.00     1.2387
    610.00     0.4163
    620.00     0.7046
    630.00     1.6935
    640.00     0.8512
    650.00     1.3179
    660.00     0.7220
    670.00     0.7078
    680.00     0.8862
    690.00     1.1402
    700.00     1.1438
    710.00     1.1000
    720.00     1.1210
    730.00     1.2185
    740.00     1.3426
    750.00     1.2117
    760.00     0.4438
    770.00     0.9233
    780.00     1.1362
    790.00     1.2194
    800.00     1.0832
    810.00     0.6560
    820.00     1.1885
    830.00     1.1368
    840.00     0.7832
    850.00     0.9330
    860.00     0.4937
    870.00     1.0411
    880.00     0.9637
    890.00     0.9229
    900.00     0.7610
    910.00     0.8178
    920.00     0.8055
    930.00     1.2041
    940.00     1.1929
    950.00     0.7011
    960.00     1.4586
    970.00     0.9988
    980.00     1.2911
    990.00     0.6551
   1000.00     0.8301
   1010.00     0.9874
   1020.00     0.9601
   1030.00     0.8469
   1040.00     0.7476
   1050.00     1.1771
   1060.00     1.1892
   1070.00     1.0231
   1080.00     1.0826
   1090.00     1.2904
   1100.00     1.0091
   1110.00     1.0263
   1120.00     1.3382
   1130.00     0.8634
   1140.00     1.2112
   1150.00     1.0815
   1160.00     0.9871
   1170.00     0.8500
   1180.00     1.5241
   1190.00     1.2597
   1200.00     1.8121
   1210.00     1.0446
   1220.00     0.9231
   1230.00     1.0780
   1240.00     1.2060
   1250.00     0.6955
   1260.00     1.1519
   1270.00     1.0646
   1280.00     1.1854
   1290.00     1.1076
   1300.00     0.8999
   1310.00     0.6401
   1320.00     0.7640
   1330.00     0.6299
   1340.00     0.6203
   1350.00     0.8154
   1360.00     0.8031
   1370.00     0.5562
   1380.00     1.1536
   1390.00     0.9001
   1400.00     0.6899
   1410.00     1.3820
   1420.00     0.7970
   1430.00     1.1034
   1440.00     0.9559
   1450.00     0.5975
   1460.00     0.3204
   1470.00     1.1314
   1480.00     0.7149
   1490.00     0.8469
   1500.00     0.9750
   1510.00     1.5950
   1520.00     1.2203
   1530.00     0.7508
   1540.00     1.2732
   1550.00     1.1877
   1560.00     0.4127
   1570.00     0.8467
   1580.00     1.2033
   1590.00     1.1753
   1600.00     1.4471
   1610.00     0.5981
   1620.00     1.4275
   1630.00     0.5875
   1640.00     1.5386
   1650.00     0.7782
   1660.00     0.5373
   1670.00     1.4417
   1680.00     1.3408
   1690.00     1.0952
   1700.00     1.0231
   1710.00     0.4607
   1720.00     0.4526
   1730.00     0.5581
   1740.00     0.7042
   1750.00     0.6298
   1760.00     0.7722
   1770.00     0.9108
   1780.00     0.5431
   1790.00     0.8241
   1800.00     0.5133
   1810.00     1.6244
   1820.00     1.4944
   1830.00     1.0665
   1840.00     0.8680
   1850.00     0.4378
   1860.00     0.9218
   1870.00     1.1009
   1880.00     1.5298
   1890.00     1.0944
   1900.00     1.1939
   1910.00     0.5806
   1920.00     0.6782
   1930.00     0.7456
   1940.00     0.8030
   1950.00     0.9419
   1960.00     0.7014
   1970.00     0.7814
   1980.00     0.9766
   1990.00     1.1258
   2000.00     0.6606
   2010.00     1.2458
   2020.00     1.4090
   2030.00     1.0383
   2040.00     1.1402
   2050.00     1.0248
   2060.00     0.5406
   2070.00     1.0953
   2080.00     0.8484
   2090.00     1.0852
   2100.00     1.2192
   2110.00     0.7227
   2120.00     1.1547
   2130.00     0.7261
   2140.00     0.6097
   2150.00     0.9034
   2160.00     1.1201
   2170.00     1.2268
   2180.00     1.0714
   2190.00     0.8470
   2200.00     0.4168
   2210.00     0.9443
   2220.00     1.1222
   2230.00     0.9972
   2240.00     1.4477
   2250.00     0.9080
   2260.00     1.1004
   2270.00     1.4661
   2280.00     0.8546
   2290.00     0.9768
   2300.00     1.2033
   2310.00     1.3388
   2320.00     0.9846
   2330.00     1.0905
   2340.00     1.4750
   2350.00     1.1010
   2360.00     1.4416
   2370.00     0.9169
   2380.00     1.0921
   2390.00     1.1807
   2400.00     0.9293
   2410.00     1.4711
   2420.00     1.2981
   2430.00     0.9326
   2440.00     1.7202
   2450.00     0.9915
   2460.00     1.3051
   2470.00     1.2916
   2480.00     1.6882
   2490.00     0.8013
   2500.00     1.3721
   2510.00     1.6378
   2520.00     1.1170
   2530.00     1.4568
   2540.00     1.0416
   2550.00     0.9138
   2560.00     0.6556
   2570.00     0.9494
   2580.00     1.2695
   2590.00     0.8170
   2600.00     0.9351
   2610.00     0.7583
   2620.00     1.0883
   2630.00     0.6330
   2640.00     1.8398
   2650.00     1.1535
   2660.00     0.7430
   2670.00     0.9567
   2680.00     1.2243
   2690.00     0.5959
   2700.00     1.1021
   2710.00     1.1337
   2720.00     1.1198
   2730.00     0.3703
   2740.00     1.4226
   2750.00     1.6263
   2760.00     1.2354
   2770.00     0.7001
   2780.00     1.2383
   2790.00     1.0283
   2800.00     1.0880
   2810.00     0.9506
   2820.00     1.0007
   2830.00     1.1053
   2840.00     1.1309
   2850.00     0.8055
   2860.00     1.0195
   2870.00     0.6360
   2880.00     1.1288
   2890.00     0.9103
   2900.00     1.2197
   2910.00     0.8210
   2920.00     0.3995
   2930.00     1.1193
   2940.00     1.0517
   2950.00     0.6149
   2960.00     0.9082
   2970.00     0.8294
   2980.00     0.9536
   2990.00     0.8149
   3000.00     1.1323
   3010.00     0.1297
   3020.00     1.0360
   3030.00     1.4200
   3040.00     1.2875
   3050.00     0.8782
   3060.00     0.7187
   3070.00     0.8768
   3080.00     0.9905
   3090.00     0.6014
   3100.00     1.3604
   3110.00     1.0735
   3120.00     0.7371
   3130.00     0.8878
   3140.00     0.7199
   3150.00     1.0208
   3160.00     1.1473
   3170.00     1.3343
   3180.00     0.4441
   3190.00     1.5365
   3200.00     1.2894
   3210.00     0.8142
   3220.00     1.1182
   3230.00     1.0883
   3240.00     0.7740
   3250.00     0.8184
   3260.00     0.5617
   3270.00     0.8374
   3280.00     0.6343
   3290.00     0.7738
   3300.00     1.3572
   3310.00     0.6508
   3320.00     0.7087
   3330.00     1.0127
   3340.00     0.8899
   3350.00     0.9174
   3360.00     1.1614
   3370.00     0.2182
   3380.00     0.7922
   3390.00     0.8793
   3400.00     0.6667
   3410.00     1.0160
   3420.00     1.3777
   3430.00     1.3026
   3440.00     1.0754
   3450.00     1.0893
   3460.00     1.0878
   3470.00     0.9027
   3480.00     0.6258
   3490.00     1.0396
   3500.00     1.2991
   3510.00     1.1059
   3520.00     0.9679
   3530.00     0.9487
   3540.00     1.0753
   3550.00     1.0677
   3560.00     0.8643
   3570.00     1.1894
   3580.00     1.2777
   3590.00     1.0073
   3600.00     1.4732
   3610.00     1.4376
   3620.00     0.6372
   3630.00     1.3330
   3640.00     1.1289
   3650.00     0.5807
   3660.00     0.9678
   3670.00     1.1747
   3680.00     0.6541
   3690.00     0.7555
   3700.00     1.1717
   3710.00     0.8186
   3720.00     0.5521
   3730.00     0.9242
   3740.00     0.7574
   3750.00     0.6910
   3760.00     1.1959
   3770.00     1.4093
   3780.00     0.5506
   3790.00     1.2714
   3800.00     1.0615
   3810.00     0.6302
   3820.00     0.5558
   3830.00     0.6145
   3840.00     1.2224
   3850.00     0.8865
   3860.00     0.8206
   3870.00     0.8122
   3880.00     1.1082
   3890.00     1.0932
   3900.00     1.2049
   3910.00     0.8769
   3920.00     0.7291
   3930.00     0.8116
   3940.00     1.1910
   3950.00     0.6480
   3960.00     1.0745
   3970.00     0.8917
   3980.00     0.9602
   3990.00     0.8560
   4000.00     0.6073
   4010.00     1.0282
   4020.00     0.5969
   4030.00     0.8253
   4040.00     0.7016
   4050.00     0.8581
   4060.00     0.9196
   4070.00     0.7700
   4080.00     0.2340
   4090.00     1.2538
   4100.00     0.6889
   4110.00     1.3902
   4120.00     0.9592
   4130.00     0.1761
   4140.00     0.6562
   4150.00     0.4318
   4160.00     0.3337
   4170.00     0.9535
   4180.00     0.8676
   4190.00     1.1472
   4200.00     1.1595
   4210.00     1.4905
   4220.00     1.3478
   4230.00     0.6104
   4240.00     0.8454
   4250.00     1.4436
   4260.00     0.8931
   4270.00     1.1100
   4280.00     0.6795
   4290.00     0.6331
   4300.00     0.9679
   4310.00     0.9342
   4320.00     1.0909
   4330.00     0.9643
   4340.00     0.7396
   4350.00     0.7471
   4360.00     0.7699
   4370.00     0.8418
   4380.00     0.8225
   4390.00     1.0724
   4400.00     0.2935
   4410.00     0.5578
   4420.00     0.6621
   4430.00     1.1806
   4440.00     1.1857
   4450.00     1.3522
   4460.00     0.8999
   4470.00     1.1026
   4480.00     0.8371
   4490.00     1.3126
   4500.00     1.0406
   4510.00     0.6041
   4520.00     1.1300
   4530.00     0.9449
   4540.00     0.6176
   4550.00     0.8499
   4560.00     1.4158
   4570.00     0.9345
   4580.00     0.8243
   4590.00     0.5032
   4600.00     0.8543
   4610.00     0.4830
   4620.00     0.7014
   4630.00     1.0128
   4640.00     0.9340
   4650.00     0.5650
   4660.00     0.8464
   4670.00     0.7920
   4680.00     0.7100
   4690.00     1.0105
   4700.00     0.7907
   4710.00     0.9718
   4720.00     1.4840
   4730.00     1.0053
   4740.00     0.7214
   4750.00     0.9652
   4760.00     0.9511
   4770.00     1.2515
   4780.00     0.6872
   4790.00     0.9129
   4800.00     1.2427
   4810.00     0.9512
   4820.00     0.6418
   4830.00     1.3523
   4840.00     0.9066
   4850.00     0.6163
   4860.00     0.9203
   4870.00     1.0060
   4880.00     0.9652
   4890.00     1.3328
   4900.00     0.8270
   4910.00     1.3149
   4920.00     1.1057
   4930.00     0.5910
   4940.00     0.9880
   4950.00     0.8536
   4960.00     0.3249
   4970.00     0.9794
   4980.00     0.9394
   4990.00     0.8887
   5000.00     0.7290
   5010.00     1.0751
   5020.00     1.0255
   5030.00     0.7466
   5040.00     1.1875
   5050.00     0.2912
   5060.00     0.7530
   5070.00     0.9509
   5080.00     1.1873
   5090.00     0.9254
   5100.00     1.1772
   5110.00     0.9041
   5120.00     0.8306
   5130.00     1.1141
   5140.00     0.4964
   5150.00     1.1670
   5160.00     1.1812
   5170.00     1.2444
   5180.00     1.2765
   5190.00     0.6811
   5200.00     0.9812
   5210.00     1.1670
   5220.00     0.7356
   5230.00     0.8253
   5240.00     0.9340
   5250.00     1.0293
   5260.00     0.6967
   5270.00     1.4710
   5280.00     0.5446
   5290.00     1.0193
   5300.00     0.6203
   5310.00     0.9406
   5320.00     1.1304
   5330.00     0.8069
   5340.00     0.9029
   5350.00     1.1547
   5360.00     0.3761
   5370.00     0.9310
   5380.00     1.2529
   5390.00     0.7287
   5400.00     0.5151
   5410.00     0.7339
   5420.00     0.9062
   5430.00     1.3715
   5440.00     1.4267
   5450.00     1.1490
   5460.00     0.9250
   5470.00     1.2886
   5480.00     1.3716
   5490.00     1.3316
   5500.00     1.1428
   5510.00     0.5665
   5520.00     1.1848
   5530.00     0.7026
   5540.00     1.2613
   5550.00     0.6433
   5560.00     0.7372
   5570.00     0.9235
   5580.00     1.0140
   5590.00     0.8828
   5600.00     0.8514
   5610.00     0.8281
   5620.00     0.8636
   5630.00     1.2049
   5640.00     1.2903
   5650.00     0.4687
   5660.00     0.7975
   5670.00     1.3728
   5680.00     0.8742
   5690.00     0.8544
   5700.00     0.5660
   5710.00     0.7769
   5720.00     1.4842
   5730.00     0.9847
   5740.00     0.8459
   5750.00     0.9675
   5760.00     1.6909
   5770.00     0.8374
   5780.00     0.9112
   5790.00     0.8164
   5800.00     0.9092
   5810.00     0.6669
   5820.00     0.5244
   5830.00     0.8072
   5840.00     1.0635
   5850.00     1.1082
   5860.00     1.3144
   5870.00     1.6152
   5880.00     0.9704
   5890.00     1.1122
   5900.00     0.9340
   5910.00     0.9829
   5920.00     1.1796
   5930.00     0.7113
   5940.00     1.2374
   5950.00     1.1782
   5960.00     1.0570
   5970.00     0.8712
   5980.00     0.9876
   5990.00     1.0385
   6000.00     0.7172
   6010.00     0.9473
   6020.00     0.3584
   6030.00     1.1725
   6040.00     0.9611
   6050.00     0.6731
   6060.00     1.2387
   6070.00     1.0629
   6080.00     0.9341
   6090.00     1.0921
   6100.00     1.2105
   6110.00     0.9601
   6120.00     0.9815
   6130.00     0.8328
   6140.00     1.1374
   6150.00     1.1829
   6160.00     1.0468
   6170.00     0.9477
   6180.00     0.9675
   6190.00     0.7163
   6200.00     1.5939
   6210.00     0.7788
   6220.00     0.6328
   6230.00     0.9057
   6240.00     0.6086
   6250.00     1.2009
   6260.00     1.0957
   6270.00     0.7604
   6280.00     0.4448
   6290.00     0.3841
   6300.00     0.9719
   6310.00     0.5550
   6320.00     1.3640
   6330.00     1.1552
   6340.00     0.9581
   6350.00     0.6046
   6360.00     1.0042
   6370.00     1.0827
   6380.00     1.0654
   6390.00     1.2493
   6400.00     1.2531
   6410.00     0.8485
   6420.00     1.0976
   6430.00     1.0602
   6440.00     0.8212
   6450.00     1.0985
   6460.00     0.9531
   6470.00     1.2636
   6480.00     0.7650
   6490.00     0.9323
   6500.00     1.4419
   6510.00     0.8876
   6520.00     1.1560
   6530.00     0.8325
   6540.00     0.9275
   6550.00     1.1983
   6560.00     0.5062
   6570.00     1.3043
   6580.00     0.9485
   6590.00     1.1854
   6600.00     0.6627
   6610.00     0.9178
   6620.00     0.9642
   6630.00     0.8440
   6640.00     0.7943
   6650.00     0.4656
   6660.00     1.1420
   6670.00     1.0130
   6680.00     1.2063
   6690.00     1.1502
   6700.00     0.5931
   6710.00     0.6259
   6720.00     0.8938
   6730.00     1.3312
   6740.00     0.7435
   6750.00     1.1230
   6760.00     0.8221
   6770.00     1.4532
   6780.00     1.7598
   6790.00     0.7255
   6800.00     0.8407
   6810.00     0.3554
   6820.00     0.5508
   6830.00     0.8237
   6840.00     1.1180
   6850.00     0.6495
   6860.00     0.9867
   6870.00     1.6172
   6880.00     1.2206
   6890.00     1.3843
   6900.00     1.5954
   6910.00     1.5474
   6920.00     0.9918
   6930.00     0.7734
   6940.00     1.1715
   6950.00     1.1241
   6960.00     0.7076
   6970.00     0.8490
   6980.00     0.8865
   6990.00     1.4355
   7000.00     0.9397
   7010.00     0.9494
   7020.00     1.6702
   7030.00     1.0311
   7040.00     1.2025
   7050.00     1.0864
   7060.00     1.2967
   7070.00     1.2152
   7080.00     0.7091
   7090.00     1.2719
   7100.00     0.5614
   7110.00     0.8655
   7120.00     1.2221
   7130.00     0.8241
   7140.00     1.2777
   7150.00     1.4096
   7160.00     1.5054
   7170.00     1.0674
   7180.00     0.8128
   7190.00     1.1222
   7200.00     1.0464
   7210.00     0.9225
   7220.00     1.4987
   7230.00     1.3342
   7240.00     1.1254
   7250.00     1.4115
   7260.00     0.9275
   7270.00     1.1147
   7280.00     1.1554
   7290.00     1.3278
   7300.00     1.0387
   7310.00     1.1666
   7320.00     1.1452
   7330.00     0.8701
   7340.00     1.4219
   7350.00     0.7674
   7360.00     1.2856
   7370.00     1.0629
   7380.00     0.9059
   7390.00     1.1318
   7400.00     0.9335
   7410.00     1.4920
   7420.00     0.8763
   7430.00     1.0778
   7440.00     0.7400
   7450.00     0.8593
   7460.00     0.5582
   7470.00     1.0214
   7480.00     1.4468
   7490.00     0.9252
   7500.00     0.9303
   7510.00     1.1110
   7520.00     0.6959
   7530.00     0.7123
   7540.00     0.8629
   7550.00     0.7768
   7560.00     0.5128
   7570.00     1.4540
   7580.00     0.9839
   7590.00     1.3432
   7600.00     0.8291
   7610.00     1.3638
   7620.00     0.9568
   7630.00     0.7766
   7640.00     0.9031
   7650.00     1.2294
   7660.00     1.0676
   7670.00     0.6768
   7680.00     0.8616
   7690.00     1.2451
   7700.00     1.3095
   7710.00     1.4119
   7720.00     1.2701
   7730.00     0.8212
   7740.00     0.9599
   7750.00     0.8576
   7760.00     1.4188
   7770.00     0.9701
   7780.00     1.4566
   7790.00     0.7826
   7800.00     0.7218
   7810.00     1.0339
   7820.00     0.7127
   7830.00     1.1185
   7840.00     1.1576
   7850.00     1.3799
   7860.00     0.5826
   7870.00     0.5645
   7880.00     1.1077
   7890.00     1.4968
   7900.00     1.6457
   7910.00     1.1044
   7920.00     1.1222
   7930.00     0.8350
   7940.00     1.2210
   7950.00     0.8126
   7960.00     1.3524
   7970.00     1.2640
   7980.00     0.9962
   7990.00     0.9393
   8000.00     1.1013
   8010.00     0.6451
   8020.00     1.2103
   8030.00     1.0435
   8040.00     1.1647
   8050.00     0.8840
   8060.00     0.9848
   8070.00     0.3687
   8080.00     1.2462
   8090.00     0.9409
   8100.00     0.7581
   8110.00     0.8140
   8120.00     1.1098
   8130.00     1.4146
   8140.00     0.6812
   8150.00     1.1511
   8160.00     1.1770
   8170.00     1.0993
   8180.00     0.9405
   8190.00     1.1485
   8200.00     0.8111
   8210.00     0.7829
   8220.00     0.9671
   8230.00     1.2801
   8240.00     0.7006
   8250.00     0.9799
   8260.00     0.8422
   8270.00     0.7912
   8280.00     1.0360
   8290.00     1.5596
   8300.00     1.4210
   8310.00     0.7276
   8320.00     0.7152
   8330.00     1.3531
   8340.00     1.5043
   8350.00     0.6147
   8360.00     0.7719
   8370.00     0.5995
   8380.00     1.1426
   8390.00     0.8570
   8400.00     0.9722
   8410.00     0.3721
   8420.00     0.8479
   8430.00     1.2881
   8440.00     0.8297
   8450.00     0.6000
   8460.00     1.0501
   8470.00     1.7566
   8480.00     0.7352
   8490.00     1.1595
   8500.00     1.0013
   8510.00     0.9580
   8520.00     0.4570
   8530.00     0.6928
   8540.00     0.6435
   8550.00     0.7163
   8560.00     1.0441
   8570.00     0.8029
   8580.00     0.6255
   8590.00     0.6986
   8600.00     0.9682
   8610.00     1.1859
   8620.00     0.7698
   8630.00     0.9844
   8640.00     0.7490
   8650.00     0.6819
   8660.00     0.7928
   8670.00     1.5586
   8680.00     0.7231
   8690.00     1.0786
   8700.00     0.8747
   8710.00     1.3059
   8720.00     1.4578
   8730.00     1.4688
   8740.00     1.3393
   8750.00     1.6120
   8760.00     0.9305
   8770.00     1.0770
   8780.00     1.5054
   8790.00     0.8680
   8800.00     0.7648
   8810.00     0.9546
   8820.00     0.8172
   8830.00     1.1654
   8840.00     0.6641
   8850.00     1.0218
   8860.00     1.1280
   8870.00     0.6692
   8880.00     1.0988
   8890.00     0.8792
   8900.00     0.9214
   8910.00     1.2349
   8920.00     0.9526
   8930.00     0.6714
   8940.00     0.4759
   8950.00     1.1490
   8960.00     1.5859
   8970.00     0.8381
   8980.00     0.8870
   8990.00     0.7226
   9000.00     1.0444
   9010.00     1.8058
   9020.00     0.9627
   9030.00     1.1839
   9040.00     1.1081
   9050.00     0.7298
   9060.00     1.1269
   9070.00     1.0288
   9080.00     1.0786
   9090.00     1.3954
   9100.00     0.9850
   9110.00     0.8843
   9120.00     1.3553
   9130.00     0.7349
   9140.00     1.0744
   9150.00     1.1158
   9160.00     1.3216
   9170.00     0.5783
   9180.00     1.2633
   9190.00     0.8973
   9200.00     0.8560
   9210.00     1.1119
   9220.00     1.0449
   9230.00     0.9847
   9240.00     1.4857
   9250.00     1.0125
   9260.00     0.7318
   9270.00     1.5053
   9280.00     1.2413
   9290.00     1.3475
   9300.00     1.0977
   9310.00     1.0075
   9320.00     0.8758
   9330.00     0.9557
   9340.00     1.4384
   9350.00     1.0898
   9360.00     1.1545
   9370.00     1.1401
   9380.00     1.7192
   9390.00     0.9721
   9400.00     0.7652
   9410.00     0.5162
   9420.00     0.8471
   9430.00     1.2510
   9440.00     1.0588
   9450.00     0.6561
   9460.00     1.2069
   9470.00     1.2858
   9480.00     0.9508
   9490.00     0.5192
   9500.00     1.0997
   9510.00     0.8047
   9520.00     0.6911
   9530.00     1.0314
   9540.00     0.6707
   9550.00     0.8751
   9560.00     0.6958
   9570.00     0.3304
   9580.00     0.6376
   9590.00     0.5126
   9600.00     0.9857
   9610.00     1.2336
   9620.00     0.8685
   9630.00     1.1367
   9640.00     1.0352
   9650.00     1.0329
   9660.00     0.8391
   9670.00     1.2404
   9680.00     0.9121
   9690.00     1.2252
   9700.00     0.8954
   9710.00     1.3541
   9720.00     1.3553
   9730.00     1.4701
   9740.00     1.0462
   9750.00     1.2367
   9760.00     0.6832
   9770.00     0.9805
   9780.00     0.5808
   9790.00     1.1916
   9800.00     0.9929
   9810.00     0.5500
   9820.00     0.5528
   9830.00     1.0860
   9840.00     1.0924
   9850.00     0.2724
   9860.00     1.0134
   9870.00     0.7294
   9880.00     0.3951
   9890.00     0.7446
   9900.00     0.5435
   9910.00     1.0450
   9920.00     1.0979
   9930.00     1.3189
   9940.00     0.8069
   9950.00     0.9745
   9960.00     1.2155
   9970.00     1.2263
   9980.00     1.4059
   9990.00     1.5904
  10000.00     1.6155
  10010.00     1.3203
  10020.00     0.8258
  10030.00     0.8511
  10040.00     1.3528
  10050.00     0.9741
  10060.00     0.6812
  10070.00     1.4538
  10080.00     1.3958
  10090.00     0.7743
  10100.00     0.8097
  10110.00     1.0690
  10120.00     0.8899
  10130.00     1.3807
  10140.00     0.5846
  10150.00     0.7383
  10160.00     0.4129
  10170.00     0.9444
  10180.00     0.7489
  10190.00     1.1792
  10200.00     0.9605
  10210.00     0.9292
  10220.00     0.8170
  10230.00     0.7443
  10240.00     0.6273
  10250.00     0.9827
  10260.00     0.8773
  10270.00     1.2539
  10280.00     0.9172
  10290.00     0.8388
  10300.00     1.4164
  10310.00     0.6014
  10320.00     0.7312
  10330.00     1.0632
  10340.00     1.1531
  10350.00     0.9888
  10360.00     0.6958
  10370.00     0.7360
  10380.00     1.1955
  10390.00     1.2225
  10400.00     1.4678
  10410.00     1.1140
  10420.00     1.2386
  10430.00     0.7018
  10440.00     0.9850
  10450.00     0.3754
  10460.00     1.2661
  10470.00     1.4457
  10480.00     0.9887
  10490.00     0.8527
  10500.00     1.0110
  10510.00     1.5608
  10520.00     1.4896
  10530.00     0.8433
  10540.00     1.6621
  10550.00     1.3123
  10560.00     1.3592
  10570.00     0.7677
  10580.00     1.4967
  10590.00     0.7853
  10600.00     1.1596
  10610.00     0.7588
  10620.00     1.6030
  10630.00     0.9150
  10640.00     0.9745
  10650.00     0.5376
  10660.00     1.4177
  10670.00     0.7498
  10680.00     1.3894
  10690.00     0.7137
  10700.00     1.4017
  10710.00     1.0051
  10720.00     0.9197
  10730.00     1.0440
  10740.00     0.7933
  10750.00     0.2497
  10760.00     1.3239
  10770.00     1.6834
  10780.00     1.0997
  10790.00     0.9111
  10800.00     0.6311
  10810.00     0.4007
  10820.00     0.6540
  10830.00     0.4549
  10840.00     1.0462
  10850.00     0.6611
  10860.00     0.9594
  10870.00     1.3429
  10880.00     1.2126
  10890.00     1.4277
  10900.00     0.9485
  10910.00     1.1311
  10920.00     0.4639
  10930.00     0.6877
  10940.00     0.4109
  10950.00     1.0726
  10960.00     1.1240
  10970.00     0.8926
  10980.00     0.9010
  10990.00     1.0653
  11000.00     0.6711
  11010.00     0.8023
  11020.00     1.1323
  11030.00     1.2321
  11040.00     1.2564
  11050.00     1.0971
  11060.00     0.8923
  11070.00     1.2611
  11080.00     1.1240
  11090.00     0.9314
  11100.00     0.9574
  11110.00     1.1579
  11120.00     0.6691
  11130.00     0.9827
  11140.00     1.2862
  11150.00     0.6584
  11160.00     1.1237
  11170.00     1.2089
  11180.00     1.2425
  11190.00     0.8851
  11200.00     0.9451
  11210.00     1.0447
  11220.00     0.8899
  11230.00     0.6900
  11240.00     0.8271
  11250.00     0.2621
  11260.00     0.3301
  11270.00     0.7216
  11280.00     0.9341
  11290.00     1.1130
  11300.00     0.9309
  11310.00     0.5548
  11320.00     1.0701
  11330.00     0.9289
  11340.00     0.4375
  11350.00     0.7724
  11360.00     0.8297
  11370.00     0.9756
  11380.00     1.1825
  11390.00     0.7743
  11400.00     0.8239
  11410.00     0.8248
  11420.00     0.9946
  11430.00     0.9900
  11440.00     0.9238
  11450.00     1.0263
  11460.00     1.2690
  11470.00     0.3845
  11480.00     1.0364
  11490.00     0.9377
  11500.00     0.6936
  11510.00     1.5229
  11520.00     1.0861
  11530.00     1.4762
  11540.00     1.3476
  11550.00     0.8769
  11560.00     0.8171
  11570.00     0.6715
  11580.00     0.9960
  11590.00     0.4308
  11600.00     0.7247
  11610.00     1.2773
  11620.00     1.3767
  11630.00     0.9936
  11640.00     0.8141
  11650.00     1.0027
  11660.00     1.2849
  11670.00     0.9027
  11680.00     0.9481
  11690.00     1.1319
  11700.00     1.1601
  11710.00     1.0115
  11720.00     0.6070
  11730.00     1.2657
  11740.00     0.7422
  11750.00     0.9762
  11760.00     1.3278
  11770.00     1.2019
  11780.00     0.7353
  11790.00     0.8020
  11800.00     0.6925
  11810.00     1.0731
  11820.00     0.6176
  11830.00     1.2515
  11840.00     1.0987
  11850.00     0.9496
  11860.00     1.2939
  11870.00     1.2766
  11880.00     1.2023
  11890.00     1.2709
  11900.00     0.5566
  11910.00     0.9850
  11920.00     0.7165
  11930.00     0.9359
  11940.00     0.2542
  11950.00     1.3597
  11960.00     1.1470
  11970.00     0.8167
  11980.00     1.3053
  11990.00     1.0421
  12000.00     1.0969
  12010.00     1.1467
  12020.00     0.8993
  12030.00     1.2410
  12040.00     0.9258
  12050.00     0.8003
  12060.00     0.7352
  12070.00     1.3063
  12080.00     0.7715
  12090.00     0.4951
  12100.00     0.5519
  12110.00     1.3646
  12120.00     1.1632
  12130.00     0.3557
  12140.00     0.6442
  12150.00     0.6394
  12160.00     1.1002
  12170.00     1.3452
  12180.00     0.5513
  12190.00     0.1412
  12200.00     1.0896
  12210.00     1.0624
  12220.00     0.7794
  12230.00     1.1977
  12240.00     1.1186
  12250.00     0.6909
  12260.00     1.0834
  12270.00     0.9473
  12280.00     1.4775
  12290.00     0.4373
  12300.00     0.5484
  12310.00     1.1311
  12320.00     1.4298
  12330.00     1.0257
  12340.00     0.3559
  12350.00     1.0234
  12360.00     0.8798
  12370.00     1.2763
  12380.00     0.9349
  12390.00     1.3114
  12400.00     1.1811
  12410.00     0.7319
  12420.00     0.3093
  12430.00     0.8738
  12440.00     0.9362
  12450.00     0.7099
  12460.00     0.6946
  12470.00     0.3776
  12480.00     0.4760
  12490.00     0.6484
  12500.00     0.7862
  12510.00     0.8517
  12520.00     0.8945
  12530.00     1.3925
  12540.00     1.3557
  12550.00     1.0447
  12560.00     0.6152
  12570.00     0.8503
  12580.00     1.5420
  12590.00     1.5568
  12600.00     1.0272
  12610.00     1.2203
  12620.00     0.9029
  12630.00     0.8804
  12640.00     0.7122
  12650.00     1.1590
  12660.00     0.9240
  12670.00     1.3916
  12680.00     0.9219
  12690.00     0.7900
  12700.00     1.5443
  12710.00     0.8899
  12720.00     1.2800
  12730.00     0.9385
  12740.00     1.1118
  12750.00     0.9523
  12760.00     1.1744
  12770.00     0.9237
  12780.00     0.3709
  12790.00     0.6800
  12800.00     0.0895
  12810.00     0.8094
  12820.00     0.8498
  12830.00     0.4563
  12840.00     0.4713
  12850.00     0.6919
  12860.00     0.5545
  12870.00     0.7246
  12880.00     0.9295
  12890.00     0.6790
  12900.00     1.1727
  12910.00     1.1698
  12920.00     0.9197
  12930.00     1.2383
  12940.00     1.1262
  12950.00     0.9848
  12960.00     0.5888
  12970.00     1.5040
  12980.00     1.2243
  12990.00     0.7517
  13000.00     0.7319
  13010.00     0.4083
  13020.00     1.5299
  13030.00     1.1305
  13040.00     1.2409
  13050.00     0.9661
  13060.00     0.8698
  13070.00     1.4706
  13080.00     1.7232
  13090.00     0.7668
  13100.00     1.2545
  13110.00     0.6482
  13120.00     0.2566
  13130.00     1.0613
  13140.00     1.2256
  13150.00     1.3494
  13160.00     0.8466
  13170.00     0.6008
  13180.00     0.9327
  13190.00     0.9509
  13200.00     0.8058
  13210.00     1.2347
  13220.00     0.8906
  13230.00     0.9404
  13240.00     1.4127
  13250.00     0.8790
  13260.00     1.3134
  13270.00     1.4164
  13280.00     1.4357
  13290.00     1.1158
  13300.00     1.0642
  13310.00     1.5733
  13320.00     0.9752
  13330.00     1.3943
  13340.00     1.2432
  13350.00     1.0057
  13360.00     1.1826
  13370.00     0.8671
  13380.00     1.0612
  13390.00     1.3900
  13400.00     0.8031
  13410.00     0.8892
  13420.00     1.2021
  13430.00     0.9364
  13440.00     0.7528
  13450.00     1.3139
  13460.00     1.0401
  13470.00     0.9635
  13480.00     0.5447
  13490.00     0.5850
  13500.00     0.5832
  13510.00     1.2418
  13520.00     1.2050
  13530.00     1.5770
  13540.00     0.8676
  13550.00     0.9657
  13560.00     1.2234
  13570.00     1.0897
  13580.00     1.0008
  13590.00     0.3703
  13600.00     0.7384
  13610.00     0.7138
  13620.00     1.1301
  13630.00     1.2933
  13640.00     1.1079
  13650.00     0.9420
  13660.00     0.7204
  13670.00     1.0489
  13680.00     0.6425
  13690.00     1.5162
  13700.00     0.8760
  13710.00     1.2122
  13720.00     1.3681
  13730.00     1.4019
  13740.00     1.6282
  13750.00     1.2370
  13760.00     1.2323
  13770.00     0.8195
  13780.00     0.9780
  13790.00     0.9462
  13800.00     1.2200
  13810.00     1.0999
  13820.00     1.5865
  13830.00     1.1497
  13840.00     0.6861
  13850.00     1.0667
  13860.00     1.2169
  13870.00     0.7612
  13880.00     0.9284
  13890.00     0.8011
  13900.00     1.1593
  13910.00     1.2869
  13920.00     1.2221
  13930.00     1.0720
  13940.00     0.8346
  13950.00     1.3752
  13960.00     0.9038
  13970.00     1.1776
  13980.00     0.7471
  13990.00     0.9704
  14000.00     1.1494
  14010.00     1.1248
  14020.00     0.7326
  14030.00     0.5781
  14040.00     0.8021
  14050.00     1.0391
  14060.00     1.0825
  14070.00     0.9363
  14080.00     0.9444
  14090.00     1.0446
  14100.00     0.8821
  14110.00     0.8891
  14120.00     0.6629
  14130.00     0.9778
  14140.00     0.9299
  14150.00     1.3246
  14160.00     1.0515
  14170.00     1.0611
  14180.00     0.7320
  14190.00     1.5299
  14200.00     1.3743
  14210.00     1.1100
  14220.00     0.9619
  14230.00     1.5283
  14240.00     0.9966
  14250.00     1.1532
  14260.00     1.7133
  14270.00     0.7607
  14280.00     0.8297
  14290.00     0.5782
  14300.00     1.0287
  14310.00     0.7554
  14320.00     0.9659
  14330.00     0.9641
  14340.00     1.6508
  14350.00     1.1507
  14360.00     0.9193
  14370.00     1.3066
  14380.00     1.2831
  14390.00     0.8657
  14400.00     1.0578
  14410.00     1.0952
  14420.00     0.8771
  14430.00     0.9306
  14440.00     0.5954
  14450.00     1.0390
  14460.00     1.1484
  14470.00     1.3648
  14480.00     0.7236
  14490.00     1.2849
  14500.00     1.0936
  14510.00     1.2847
  14520.00     0.8376
  14530.00     1.4512
  14540.00     0.8440
  14550.00     1.0875
  14560.00     0.8104
  14570.00     1.0093
  14580.00     1.0795
  14590.00     0.9253
  14600.00     1.1361
  14610.00     1.0088
  14620.00     1.3493
  14630.00     1.2857
  14640.00     1.2394
  14650.00     0.3946
  14660.00     0.8787
  14670.00     0.6530
  14680.00     1.1069
  14690.00     0.7183
  14700.00     0.9228
  14710.00     1.0982
  14720.00     0.7671
  14730.00     0.7433
  14740.00     1.0593
  14750.00     1.5393
  14760.00     1.3351
  14770.00     0.6574
  14780.00     1.2510
  14790.00     0.9709
  14800.00     1.0081
  14810.00     0.8181
  14820.00     0.4807
  14830.00     0.4767
  14840.00     1.6443
  14850.00     1.2568
  14860.00     0.9697
  14870.00     0.9280
  14880.00     0.8791
  14890.00     0.3935
  14900.00     0.6883
  14910.00     1.1661
  14920.00     1.2891
  14930.00     0.4823
  14940.00     1.1087
  14950.00     1.1365
  14960.00     1.3097
  14970.00     1.2797
  14980.00     0.7769
  14990.00     0.6825
  15000.00     1.2799
  15010.00     0.8464
  15020.00     0.5258
  15030.00     0.5104
  15040.00     1.0313
  15050.00     0.8415
  15060.00     1.1196
  15070.00     1.0624
  15080.00     1.0351
  15090.00     1.0043
  15100.00     0.7497
  15110.00     1.6381
  15120.00     0.9901
  15130.00     0.9702
  15140.00     1.2491
  15150.00     1.4748
  15160.00     0.7481
  15170.00     1.3077
  15180.00     1.0869
  15190.00     1.0466
  15200.00     1.2825
  15210.00     0.6446
  15220.00     1.3392
  15230.00     1.2337
  15240.00     1.0516
  15250.00     1.1136
  15260.00     1.2504
  15270.00     1.1801
  15280.00     1.4958
  15290.00     1.2427
  15300.00     0.9515
  15310.00     1.9079
  15320.00     0.9151
  15330.00     1.4501
  15340.00     1.4544
  15350.00     1.5961
  15360.00     1.4481
  15370.00     1.1464
  15380.00     1.7855
  15390.00     0.8057
  15400.00     0.9731
  15410.00     1.0773
  15420.00     1.0789
  15430.00     0.8294
  15440.00     0.7606
  15450.00     0.7491
  15460.00     0.5257
  15470.00     0.6727
  15480.00     0.9872
  15490.00     0.8282
  15500.00     1.1153
  15510.00     1.0360
  15520.00     0.6631
  15530.00     0.9455
  15540.00     1.0699
  15550.00     0.8862
  15560.00     1.4653
  15570.00     0.7196
  15580.00     1.3008
  15590.00     0.5053
  15600.00     1.0520
  15610.00     1.2094
  15620.00     1.0138
  15630.00     0.9221
  15640.00     1.1588
  15650.00     0.8854
  15660.00     0.4891
  15670.00     1.0823
  15680.00     1.1609
  15690.00     1.2292
  15700.00     0.6681
  15710.00     0.3738
  15720.00     0.7300
  15730.00     0.3139
  15740.00     1.0574
  15750.00     1.0599
  15760.00     0.7533
  15770.00     0.9851
  15780.00     1.1907
  15790.00     1.3322
  15800.00     0.9269
  15810.00     0.7042
  15820.00     0.3864
  15830.00     1.0327
  15840.00     0.6903
  15850.00     1.2064
  15860.00     0.8711
  15870.00     0.9041
  15880.00     0.9736
  15890.00     0.6353
  15900.00     0.4000
  15910.00     0.9320
  15920.00     0.9548
  15930.00     0.7626
  15940.00     0.8942
  15950.00     1.0602
  15960.00     0.4824
  15970.00     0.0416
  15980.00     0.7807
  15990.00     0.8275
  16000.00     1.0534
  16010.00     0.9377
  16020.00     0.9686
  16030.00     1.0933
  16040.00     1.0305
  16050.00     1.3373
  16060.00     0.8299
  16070.00     1.0650
  16080.00     1.1270
  16090.00     0.9119
  16100.00     1.5264
  16110.00     0.7166
  16120.00     1.5450
  16130.00     0.7618
  16140.00     1.2773
  16150.00     1.2907
  16160.00     0.5803
  16170.00     0.6497
  16180.00     0.9691
  16190.00     1.0532
  16200.00     1.0129
  16210.00     1.0605
  16220.00     1.2428
  16230.00     1.2398
  16240.00     1.0311
  16250.00     0.7276
  16260.00     0.5390
  16270.00     0.5730
  16280.00     1.0099
  16290.00     1.0851
  16300.00     1.0199
  16310.00     1.1833
  16320.00     1.2156
  16330.00     1.2961
  16340.00     1.0773
  16350.00     0.8958
  16360.00     1.0223
  16370.00     0.8277
  16380.00     1.1091
  16390.00     1.4598
  16400.00     0.9209
  16410.00     0.4522
  16420.00     0.6837
  16430.00     0.8512
  16440.00     1.1967
  16450.00     0.7411
  16460.00     1.5819
  16470.00     1.1042
  16480.00     1.2551
  16490.00     1.3517
  16500.00     1.1960
  16510.00     1.1261
  16520.00     1.1758
  16530.00     1.1326
  16540.00     1.7415
  16550.00     0.7851
  16560.00     0.6019
  16570.00     0.9730
  16580.00     1.3053
  16590.00     0.8770
  16600.00     0.8494
  16610.00     1.2581
  16620.00     1.2117
  16630.00     1.0327
  16640.00     1.4372
  16650.00     1.1363
  16660.00     0.5100
  16670.00     0.3621
  16680.00     0.9194
  16690.00     0.8982
  16700.00     1.0204
  16710.00     0.7985
  16720.00     0.4476
  16730.00     0.9750
  16740.00     1.2879
  16750.00     0.8361
  16760.00     1.0746
  16770.00     1.1761
  16780.00     1.3799
  16790.00     0.5083
  16800.00     1.2249
  16810.00     1.1098
  16820.00     0.5681
  16830.00     0.3799
  16840.00     0.8133
  16850.00     0.5075
  16860.00     0.6865
  16870.00     1.2362
  16880.00     1.3358
  16890.00     0.9830
  16900.00     1.4130
  16910.00     1.1014
  16920.00     0.7022
  16930.00     0.8952
  16940.00     1.0640
  16950.00     0.5563
  16960.00     1.2005
  16970.00     0.9369
  16980.00     0.7044
  16990.00     0.7943
  17000.00     1.0882
  17010.00     0.8196
  17020.00     0.7456
  17030.00     1.2040
  17040.00     1.3663
  17050.00     0.7052
  17060.00     1.0734
  17070.00     0.5867
  17080.00     1.0561
  17090.00     0.8790
  17100.00     1.2315
  17110.00     0.5211
  17120.00     1.0563
  17130.00     1.1400
  17140.00     0.9196
  17150.00     0.7546
  17160.00     1.2200
  17170.00     0.8342
  17180.00     1.7035
  17190.00     0.7655
  17200.00     0.8666
  17210.00     0.4567
  17220.00     1.3179
  17230.00     0.7617
  17240.00     0.7268
  17250.00     1.1645
  17260.00     0.7581
  17270.00     0.7745
  17280.00     0.7730
  17290.00     0.8337
  17300.00     0.7267
  17310.00     0.5976
  17320.00     0.7827
  17330.00     0.7263
  17340.00     0.8673
  17350.00     1.1232
  17360.00     1.1410
  17370.00     1.0235
  17380.00     1.0048
  17390.00     0.9036
  17400.00     1.0518
  17410.00     1.2331
  17420.00     1.0472
  17430.00     1.1892
  17440.00     0.8713
  17450.00     1.2812
  17460.00     1.0871
  17470.00     0.9748
  17480.00     1.5612
  17490.00     0.7848
  17500.00     0.8731
  17510.00     0.8248
  17520.00     1.3601
  17530.00     1.0624
  17540.00     1.0564
  17550.00     1.1576
  17560.00     1.0537
  17570.00     1.3085
  17580.00     0.9824
  17590.00     1.1281
  17600.00     0.7126
  17610.00     0.8637
  17620.00     1.0595
  17630.00     0.7318
  17640.00     1.3180
  17650.00     0.7929
  17660.00     0.9912
  17670.00     0.8654
  17680.00     0.6150
  17690.00     0.9336
  17700.00     0.9321
  17710.00     1.0166
  17720.00     0.7300
  17730.00     1.0894
  17740.00     0.7171
  17750.00     0.8246
  17760.00     0.4146
  17770.00     1.0920
  17780.00     0.8492
  17790.00     0.9104
  17800.00     0.7447
  17810.00     1.3436
  17820.00     0.9373
  17830.00     0.8834
  17840.00     0.6298
  17850.00     1.1087
  17860.00     0.9611
  17870.00     1.0270
  17880.00     0.9959
  17890.00     1.4929
  17900.00     0.8223
  17910.00     1.1770
  17920.00     1.1372
  17930.00     1.1403
  17940.00     0.4515
  17950.00     0.9273
  17960.00     0.3398
  17970.00     0.8425
  17980.00     1.0122
  17990.00     1.2100
  18000.00     0.9962
  18010.00     0.5772
  18020.00     1.0943
  18030.00     0.6184
  18040.00     0.9601
  18050.00     1.0025
  18060.00     1.4234
  18070.00     0.8929
  18080.00     0.7112
  18090.00     1.1706
  18100.00     0.9099
  18110.00     1.0302
  18120.00     1.2215
  18130.00     1.2748
  18140.00     1.8489
  18150.00     0.6798
  18160.00     0.8321
  18170.00     0.8546
  18180.00     1.5361
  18190.00     1.0048
  18200.00     0.8207
  18210.00     1.2399
  18220.00     0.8466
  18230.00     1.5740
  18240.00     0.8660
  18250.00     0.7498
  18260.00     0.8428
  18270.00     0.6960
  18280.00     1.5773
  18290.00     0.9172
  18300.00     1.0706
  18310.00     1.4607
  18320.00     1.2859
  18330.00     0.7793
  18340.00     0.7905
  18350.00     0.9421
  18360.00     0.8932
  18370.00     1.1321
  18380.00     1.1574
  18390.00     0.9662
  18400.00     0.9593
  18410.00     1.2350
  18420.00     0.9934
  18430.00     0.8019
  18440.00     0.9777
  18450.00     1.2639
  18460.00     0.9027
  18470.00     1.1305
  18480.00     0.9470
  18490.00     0.5672
  18500.00     0.5546
  18510.00     0.2496
  18520.00     1.1514
  18530.00     1.0325
  18540.00     1.1838
  18550.00     0.7974
  18560.00     1.0289
  18570.00     0.3369
  18580.00     0.8810
  18590.00     0.7359
  18600.00     0.9311
  18610.00     0.5009
  18620.00     1.1728
  18630.00     1.0186
  18640.00     0.9309
  18650.00     0.6300
  18660.00     1.2030
  18670.00     0.9647
  18680.00     0.2159
  18690.00     1.2708
  18700.00     0.7969
  18710.00     1.1961
  18720.00     0.6168
  18730.00     1.0700
  18740.00     1.0204
  18750.00     0.9558
  18760.00     0.4317
  18770.00     0.2902
  18780.00     0.7204
  18790.00     0.2760
  18800.00     0.5226
  18810.00     1.2392
  18820.00     1.5544
  18830.00     1.1935
  18840.00     1.1200
  18850.00     1.2088
  18860.00     1.4881
  18870.00     0.5772
  18880.00     0.8356
  18890.00     1.1514
  18900.00     0.3835
  18910.00     0.5959
  18920.00     0.6534
  18930.00     1.4031
  18940.00     1.3702
  18950.00     0.8969
  18960.00     0.8378
  18970.00     0.5576
  18980.00     0.8088
  18990.00     0.9721
  19000.00     1.0365
  19010.00     0.8162
  19020.00     0.8227
  19030.00     1.0079
  19040.00     0.5320
  19050.00     0.5410
  19060.00     1.1954
  19070.00     1.1989
  19080.00     0.7034
  19090.00     1.1596
  19100.00     1.1022
  19110.00     0.8412
  19120.00     0.8152
  19130.00     1.0478
  19140.00     0.8866
  19150.00     1.0648
  19160.00     1.0056
  19170.00     1.0524
  19180.00     1.3117
  19190.00     0.6466
  19200.00     1.2659
  19210.00     1.1843
  19220.00     1.3204
  19230.00     1.6617
  19240.00     1.2267
  19250.00     1.1682
  19260.00     1.1502
  19270.00     0.5775
  19280.00     1.2440
  19290.00     1.0950
  19300.00     0.7663
  19310.00     1.0355
  19320.00     1.2041
  19330.00     1.3066
  19340.00     0.6651
  19350.00     1.2167
  19360.00     1.2837
  19370.00     0.8557
  19380.00     1.0020
  19390.00     1.0529
  19400.00     1.2269
  19410.00     0.7779
  19420.00     1.1198
  19430.00     0.9696
  19440.00     1.3851
  19450.00     0.9702
  19460.00     1.1268
  19470.00     1.2833
  19480.00     1.0900
  19490.00     1.0746
  19500.00     1.0466
  19510.00     1.2535
  19520.00     0.9194
  19530.00     0.5815
  19540.00     1.4359
  19550.00     0.9847
  19560.00     0.8480
  19570.00     1.0798
  19580.00     0.8908
  19590.00     0.9593
  19600.00     0.7092
  19610.00     1.1919
  19620.00     0.7265
  19630.00     0.6712
  19640.00     0.5510
  19650.00     0.8934
  19660.00     1.1937
  19670.00     0.8867
  19680.00     0.7933
  19690.00     0.7726
  19700.00     0.8719
  19710.00     1.0756
  19720.00     0.8985
  19730.00     0.9969
  19740.00     1.0629
  19750.00     1.1932
  19760.00     1.2714
  19770.00     0.8218
  19780.00     0.9115
  19790.00     0.8136
  19800.00     0.9482
  19810.00     0.8403
  19820.00     0.7253
  19830.00     0.8201
  19840.00     1.5141
  19850.00     1.1118
  19860.00     0.9675
  19870.00     1.1456
  19880.00     1.2144
  19890.00     0.7073
  19900.00     0.8680
  19910.00     1.1479
  19920.00     1.0494
  19930.00     0.8566
  19940.00     1.2497
  19950.00     0.6865
  19960.00     1.4180
  19970.00     0.8160
  19980.00     1.0029
  19990.00     0.9202
  20000.00     1.6529
  20010.00     1.3070
  20020.00     0.7941
  20030.00     0.9934
  20040.00     1.0097
  20050.00     1.1175
  20060.00     1.1457
  20070.00     0.8036
  20080.00     0.9012
  20090.00     1.0925
  20100.00     1.3257
  20110.00     1.4655
  20120.00     1.1422
  20130.00     1.8864
  20140.00     0.5092
  20150.00     0.8656
  20160.00     1.0403
  20170.00     0.5165
  20180.00     1.1472
  20190.00     1.2440
  20200.00     1.1089
  20210.00     1.3779
  20220.00     0.7972
  20230.00     0.9761
  20240.00     1.3775
  20250.00     1.3280
  20260.00     0.9783
  20270.00     0.4565
  20280.00     0.7510
  20290.00     0.9866
  20300.00     0.6032
  20310.00     1.6993
  20320.00     1.7613
  20330.00     0.8109
  20340.00     1.2074
  20350.00     1.4099
  20360.00     0.8437
  20370.00     1.3140
  20380.00     1.1782
  20390.00     1.1882
  20400.00     0.7805
  20410.00     0.9277
  20420.00     1.4143
  20430.00     0.8711
  20440.00     0.9675
  20450.00     1.4294
  20460.00     0.9544
  20470.00     0.9559
  20480.00     1.3171
  20490.00     1.0646
  20500.00     1.2700
  20510.00     1.6580
  20520.00     1.2490
  20530.00     0.9456
  20540.00     1.1292
  20550.00     1.0205
  20560.00     0.3908
  20570.00     0.6541
  20580.00     0.4580
  20590.00     1.4325
  20600.00     1.2863
  20610.00     1.1812
  20620.00     1.4304
  20630.00     0.7826
  20640.00     0.6489
  20650.00     1.0393
  20660.00     1.4753
  20670.00     0.4701
  20680.00     1.0457
  20690.00     0.4221
  20700.00     1.0779
  20710.00     0.8901
  20720.00     1.1185
  20730.00     1.2629
  20740.00     1.5097
  20750.00     0.8396
  20760.00     0.9165
  20770.00     1.0328
  20780.00     1.5228
  20790.00     1.5322
  20800.00     0.7453
  20810.00     0.4273
  20820.00     0.7130
  20830.00     1.5973
  20840.00     0.6419
  20850.00     0.8234
  20860.00     0.8118
  20870.00     1.0969
  20880.00     1.0655
  20890.00     0.8518
  20900.00     1.2113
  20910.00     1.3949
  20920.00     0.9867
  20930.00     0.8706
  20940.00     0.7638
  20950.00     0.4275
  20960.00     1.1448
  20970.00     0.7973
  20980.00     1.1835
  20990.00     1.0742
  21000.00     0.9800
  21010.00     1.0430
  21020.00     0.6476
  21030.00     1.0864
  21040.00     1.3155
  21050.00     1.3488
  21060.00     0.7817
  21070.00     1.4619
  21080.00     1.0067
  21090.00     1.3057
  21100.00     1.6031
  21110.00     1.2298
  21120.00     1.7745
  21130.00     0.3834
  21140.00     1.2132
  21150.00     1.1293
  21160.00     0.7802
  21170.00     0.8538
  21180.00     1.5382
  21190.00     1.3836
  21200.00     0.7828
  21210.00     0.8388
  21220.00     1.5897
  21230.00     1.2085
  21240.00     0.8850
  21250.00     1.0925
  21260.00     0.6957
  21270.00     0.5863
  21280.00     0.4926
  21290.00     0.7475
  21300.00     1.2581
  21310.00     0.9671
  21320.00     0.7397
  21330.00     0.9608
  21340.00     1.8130
  21350.00     1.1602
  21360.00     1.4354
  21370.00     1.0953
  21380.00     0.8605
  21390.00     1.4281
  21400.00     0.7939
  21410.00     0.7299
  21420.00     0.9415
  21430.00     0.7382
  21440.00     0.3588
  21450.00     0.6079
  21460.00     0.6540
  21470.00     1.2642
  21480.00     0.8196
  21490.00     0.8070
  21500.00     0.7137
  21510.00     0.9723
  21520.00     0.9005
  21530.00     0.8856
  21540.00     0.9233
  21550.00     0.4704
  21560.00     1.2529
  21570.00     1.1067
  21580.00     1.0008
  21590.00     1.0164
  21600.00     1.0012
  21610.00     1.2125
  21620.00     1.1410
  21630.00     0.9715
  21640.00     0.6468
  21650.00     1.1941
  21660.00     1.0928
  21670.00     1.2887
  21680.00     1.4300
  21690.00     1.4038
  21700.00     0.9574
  21710.00     0.9971
  21720.00     1.0212
  21730.00     1.1769
  21740.00     0.6366
  21750.00     0.7368
  21760.00     0.8485
  21770.00     1.0052
  21780.00     0.8668
  21790.00     0.9377
  21800.00     0.8462
  21810.00     1.0574
  21820.00     0.8531
  21830.00     0.5969
  21840.00     1.1132
  21850.00     1.0257
  21860.00     0.7458
  21870.00     0.9163
  21880.00     1.0162
  21890.00     0.9718
  21900.00     0.5534
  21910.00     0.7906
  21920.00     1.1773
  21930.00     1.1785
  21940.00     1.2299
  21950.00     1.1027
  21960.00     0.7027
  21970.00     0.9843
  21980.00     1.4828
  21990.00     1.2104
  22000.00     1.0701
  22010.00     1.2916
  22020.00     1.2739
  22030.00     1.1453
  22040.00     1.1807
  22050.00     0.9101
  22060.00     0.7032
  22070.00     0.8056
  22080.00     1.1717
  22090.00     0.9784
  22100.00     0.9128
  22110.00     1.2110
  22120.00     0.6672
  22130.00     0.8517
  22140.00     0.9259
  22150.00     0.7990
  22160.00     0.3707
  22170.00     1.0229
  22180.00     1.1465
  22190.00     1.0070
  22200.00     0.7503
  22210.00     1.0271
  22220.00     0.7745
  22230.00     0.9738
  22240.00     0.5973
  22250.00     0.9409
  22260.00     0.9761
  22270.00     0.4137
  22280.00     1.2298
  22290.00     1.2416
  22300.00     0.8419
  22310.00     0.7300
  22320.00     0.8450
  22330.00     0.8743
  22340.00     0.9917
  22350.00     1.0540
  22360.00     1.3273
  22370.00     0.7936
  22380.00     0.7254
  22390.00     1.4880
  22400.00     1.0729
  22410.00     1.0463
  22420.00     0.8012
  22430.00     1.2566
  22440.00     1.1945
  22450.00     0.4419
  22460.00     1.1331
  22470.00     0.6984
  22480.00     1.1292
  22490.00     0.7224
  22500.00     0.7009
  22510.00     0.7975
  22520.00     0.8656
  22530.00     0.9922
  22540.00     0.8369
  22550.00     0.8413
  22560.00     0.2576
  22570.00     1.5609
  22580.00     1.0173
  22590.00     0.8524
  22600.00     0.9736
  22610.00     1.3510
  22620.00     1.1489
  22630.00     1.0504
  22640.00     1.4008
  22650.00     0.7466
  22660.00     1.2552
  22670.00     0.7641
  22680.00     1.1717
  22690.00     1.0836
  22700.00     1.5963
  22710.00     1.2094
  22720.00     1.4050
  22730.00     0.9044
  22740.00     1.0742
  22750.00     0.8846
  22760.00     1.2131
  22770.00     0.7851
  22780.00     1.2271
  22790.00     1.1382
  22800.00     0.9068
  22810.00     0.9989
  22820.00     0.7605
  22830.00     1.3539
  22840.00     1.3098
  22850.00     1.6767
  22860.00     0.7266
  22870.00     0.9074
  22880.00     0.9893
  22890.00     0.9617
  22900.00     0.6081
  22910.00     0.6948
  22920.00     1.1359
  22930.00     1.1145
  22940.00     0.2725
  22950.00     0.8631
  22960.00     1.2339
  22970.00     0.3729
  22980.00     1.1450
  22990.00     1.1903
  23000.00     0.5618
  23010.00     0.8599
  23020.00     0.7380
  23030.00     0.8356
  23040.00     0.7295
  23050.00     1.2514
  23060.00     1.2155
  23070.00     1.1675
  23080.00     0.9756
  23090.00     1.0985
  23100.00     1.2221
  23110.00     0.9336
  23120.00     0.8968
  23130.00     1.1989
  23140.00     1.0939
  23150.00     0.4481
  23160.00     0.5665
  23170.00     1.1485
  23180.00     0.8992
  23190.00     1.3194
  23200.00     0.7255
  23210.00     1.3376
  23220.00     1.0949
  23230.00     1.0080
  23240.00     0.9497
  23250.00     1.1470
  23260.00     0.9957
  23270.00     1.0962
  23280.00     1.5659
  23290.00     0.6933
  23300.00     1.0626
  23310.00     0.4473
  23320.00     1.0932
  23330.00     1.0929
  23340.00     1.0971
  23350.00     1.0226
  23360.00     1.3036
  23370.00     1.0371
  23380.00     1.0783
  23390.00     0.7109
  23400.00     0.9124
  23410.00     1.2960
  23420.00     0.7351
  23430.00     0.6292
  23440.00     0.6214
  23450.00     0.4568
  23460.00     0.9093
  23470.00     1.1382
  23480.00     0.6308
  23490.00     1.5163
  23500.00     1.3187
  23510.00     1.3709
  23520.00     1.7360
  23530.00     0.8476
  23540.00     0.6161
  23550.00     0.4940
  23560.00     0.9332
  23570.00     0.8080
  23580.00     1.3369
  23590.00     0.8904
  23600.00     0.9292
  23610.00     1.1290
  23620.00     0.6221
  23630.00     0.8160
  23640.00     0.8199
  23650.00     0.7572
  23660.00     0.8399
  23670.00     1.5905
  23680.00     0.7555
  23690.00     1.2586
  23700.00     1.4422
  23710.00     0.9531
  23720.00     1.2209
  23730.00     0.8566
  23740.00     0.8637
  23750.00     1.4274
  23760.00     1.2661
  23770.00     0.5554
  23780.00     1.3737
  23790.00     1.4010
  23800.00     1.1773
  23810.00     0.5300
  23820.00     1.2190
  23830.00     1.2324
  23840.00     1.3586
  23850.00     1.2362
  23860.00     1.5902
  23870.00     1.1859
  23880.00     1.7677
  23890.00     1.8073
  23900.00     0.5100
  23910.00     0.1268
  23920.00     0.7018
  23930.00     0.8440
  23940.00     1.1151
  23950.00     1.1387
  23960.00     1.0057
  23970.00     0.7458
  23980.00     1.1515
  23990.00     1.0956
  24000.00     0.8600
  24010.00     0.8266
  24020.00     1.2510
  24030.00     0.7787
  24040.00     1.0096
  24050.00     1.4504
  24060.00     1.3979
  24070.00     1.1778
  24080.00     0.7512
  24090.00     0.8892
  24100.00     1.2488
  24110.00     1.4344
  24120.00     0.8441
  24130.00     0.9654
  24140.00     0.6682
  24150.00     1.1254
  24160.00     0.9927
  24170.00     0.7708
  24180.00     0.4638
  24190.00     0.9503
  24200.00     1.0763
  24210.00     1.2541
  24220.00     0.8161
  24230.00     1.3974
  24240.00     0.9991
  24250.00     0.9328
  24260.00     0.6092
  24270.00     1.0486
  24280.00     1.7918
  24290.00     0.9087
  24300.00     0.8032
  24310.00     0.9847
  24320.00     1.3405
  24330.00     1.1170
  24340.00     0.9209
  24350.00     0.8741
  24360.00     1.6098
  24370.00     0.6917
  24380.00     1.4543
  24390.00     0.6791
  24400.00     1.0059
  24410.00     0.9494
  24420.00     1.1259
  24430.00     1.1611
  24440.00     0.9149
  24450.00     1.3006
  24460.00     1.1014
  24470.00     0.7913
  24480.00     0.7976
  24490.00     1.1815
  24500.00     1.3755
  24510.00     0.9568
  24520.00     1.5443
  24530.00     1.1140
  24540.00     1.3141
  24550.00     1.4996
  24560.00     0.8595
  24570.00     1.0246
  24580.00     1.0836
  24590.00     1.1444
  24600.00     1.0923
  24610.00     0.7684
  24620.00     0.9549
  24630.00     1.0082
  24640.00     1.4190
  24650.00     0.8851
  24660.00     0.4855
  24670.00     0.9149
  24680.00     0.7591
  24690.00     0.7335
  24700.00     1.3571
  24710.00     1.1957
  24720.00     0.9158
  24730.00     1.2549
  24740.00     1.0645
  24750.00     1.1120
  24760.00     0.8945
  24770.00     1.1183
  24780.00     0.5669
  24790.00     1.2317
  24800.00     1.0140
  24810.00     0.9162
  24820.00     1.1293
  24830.00     0.8364
  24840.00     0.1611
  24850.00     1.0304
  24860.00     0.9458
  24870.00     1.0618
  24880.00     0.6407
  24890.00     1.2812
  24900.00     1.3315
  24910.00     1.0315
  24920.00     1.0495
  24930.00     1.2219
  24940.00     0.7838
  24950.00     0.8049
  24960.00     0.5997
  24970.00     0.9471
  24980.00     0.5659
  24990.00     1.1947
  25000.00     0.7455
  25010.00     0.9410
  25020.00     1.1906
  25030.00     0.7582
  25040.00     1.0275
  25050.00     1.3712
  25060.00     0.2245
  25070.00     1.2119
  25080.00     0.6903
  25090.00     0.9484
  25100.00     1.2389
  25110.00     1.0446
  25120.00     1.5051
  25130.00     1.3624
  25140.00     0.8888
  25150.00     0.8520
  25160.00     0.7634
  25170.00     1.0945
  25180.00     1.1575
  25190.00     0.9372
  25200.00     1.5657
  25210.00     0.8055
  25220.00     1.6745
  25230.00     1.4308
  25240.00     1.3716
  25250.00     1.0865
  25260.00     1.0902
  25270.00     1.5811
  25280.00     0.8360
  25290.00     0.7365
  25300.00     1.2366
  25310.00     1.2394
  25320.00     0.9223
  25330.00     1.3283
  25340.00     0.7309
  25350.00     0.9334
  25360.00     1.3656
  25370.00     0.5564
  25380.00     1.5022
  25390.00     0.9505
  25400.00     0.9958
  25410.00     1.2824
  25420.00     0.9725
  25430.00     0.8029
  25440.00     0.9462
  25450.00     1.2940
  25460.00     0.9673
  25470.00     1.1144
  25480.00     1.2390
  25490.00     1.3095
  25500.00     1.0524
  25510.00     1.2101
  25520.00     1.4336
  25530.00     1.5292
  25540.00     1.2395
  25550.00     1.3106
  25560.00     1.4201
  25570.00     0.8932
  25580.00     1.3596
  25590.00     1.4090
  25600.00     0.7958
  25610.00     0.7171
  25620.00     0.4281
  25630.00     1.3181
  25640.00     1.1818
  25650.00     0.9376
  25660.00     1.3840
  25670.00     0.9865
  25680.00     0.5207
  25690.00     0.5589
  25700.00     1.0225
  25710.00     0.3010
  25720.00     0.8213
  25730.00     1.0315
  25740.00     0.9524
  25750.00     1.2675
  25760.00     1.2429
  25770.00     1.2964
  25780.00     0.7451
  25790.00     1.0693
  25800.00     0.9076
  25810.00     1.0419
  25820.00     0.9163
  25830.00     0.8151
  25840.00     0.5270
  25850.00     1.3126
  25860.00     0.9623
  25870.00     1.0366
  25880.00     0.7053
  25890.00     1.3480
  25900.00     1.2413
  25910.00     1.0968
  25920.00     0.8238
  25930.00     1.0144
  25940.00     1.0519
  25950.00     0.4483
  25960.00     0.9815
  25970.00     0.6600
  25980.00     1.3389
  25990.00     1.2466
  26000.00     0.6627
  26010.00     1.2739
  26020.00     0.8137
  26030.00     0.7200
  26040.00     0.7231
  26050.00     1.3420
  26060.00     1.6193
  26070.00     1.0590
  26080.00     2.0810
  26090.00     0.9900
  26100.00     1.0773
  26110.00     1.2730
  26120.00     1.3251
  26130.00     1.3149
  26140.00     0.7578
  26150.00     0.9432
  26160.00     1.4401
  26170.00     0.8740
  26180.00     1.2235
  26190.00     1.2770
  26200.00     0.8102
  26210.00     0.5957
  26220.00     1.1055
  26230.00     1.0930
  26240.00     1.2928
  26250.00     1.0631
  26260.00     1.2035
  26270.00     0.8032
  26280.00     1.1799
  26290.00     0.8660
  26300.00     1.6856
  26310.00     1.3158
  26320.00     1.0473
  26330.00     0.8163
  26340.00     0.7422
  26350.00     1.6454
  26360.00     1.0107
  26370.00     1.1302
  26380.00     0.6156
  26390.00     1.4686
  26400.00     0.6391
  26410.00     1.3690
  26420.00     1.2744
  26430.00     0.9987
  26440.00     0.6721
  26450.00     1.2880
  26460.00     0.6474
  26470.00     1.1348
  26480.00     1.1850
  26490.00     0.7622
  26500.00     0.9267
  26510.00     0.1048
  26520.00     1.0292
  26530.00     0.6641
  26540.00     0.7359
  26550.00     1.0473
  26560.00     0.9246
  26570.00     0.6803
  26580.00     0.9488
  26590.00     1.0974
  26600.00     0.6983
  26610.00     0.3777
  26620.00     0.6836
  26630.00     0.4085
  26640.00     0.9603
  26650.00     0.5157
  26660.00     1.3125
  26670.00     1.0298
  26680.00     1.3989
  26690.00     1.1992
  26700.00     0.8045
  26710.00     1.4373
  26720.00     1.1594
  26730.00     0.6602
  26740.00     1.0412
  26750.00     1.8130
  26760.00     1.6845
  26770.00     1.3932
  26780.00     1.6424
  26790.00     1.0589
  26800.00     0.8981
  26810.00     0.8302
  26820.00     1.0272
  26830.00     1.0554
  26840.00     0.8446
  26850.00     0.9577
  26860.00     0.6843
  26870.00     0.5815
  26880.00     0.9334
  26890.00     0.8552
  26900.00     0.5198
  26910.00     0.9379
  26920.00     1.0427
  26930.00     0.5947
  26940.00     1.2222
  26950.00     0.9837
  26960.00     0.2583
  26970.00     1.2173
  26980.00     0.5842
  26990.00     0.7340
  27000.00     0.9718
  27010.00     1.3565
  27020.00     1.0596
  27030.00     1.3076
  27040.00     0.6002
  27050.00     0.1777
  27060.00     1.0759
  27070.00     1.2970
  27080.00     0.8062
  27090.00     1.5860
  27100.00     0.9571
  27110.00     1.1426
  27120.00     1.3211
  27130.00     1.5125
  27140.00     0.8398
  27150.00     0.4088
  27160.00     0.9808
  27170.00     0.7759
  27180.00     1.0057
  27190.00     1.2006
  27200.00     1.1414
  27210.00     1.3322
  27220.00     1.1414
  27230.00     0.8797
  27240.00     1.2119
  27250.00     0.7659
  27260.00     1.1315
  27270.00     0.9670
  27280.00     1.1813
  27290.00     1.0381
  27300.00     1.5099
  27310.00     1.5044
  27320.00     1.6501
  27330.00     0.8589
  27340.00     0.7234
  27350.00     1.1956
  27360.00     0.6384
  27370.00     0.7563
  27380.00     1.1956
  27390.00     0.6792
  27400.00     0.9030
  27410.00     0.9900
  27420.00     1.0051
  27430.00     1.3683
  27440.00     0.9332
  27450.00     0.8495
  27460.00     0.4448
  27470.00     0.6784
  27480.00     0.7533
  27490.00     0.0302
  27500.00     0.5889
  27510.00     0.7296
  27520.00     1.0210
  27530.00     0.5091
  27540.00     0.6061
  27550.00     1.3668
  27560.00     0.8917
  27570.00     1.0785
  27580.00     0.8775
  27590.00     1.3592
  27600.00     1.1362
  27610.00     0.9463
  27620.00     0.7731
  27630.00     1.0088
  27640.00     1.2966
  27650.00     0.5037
  27660.00     0.3480
  27670.00     1.5224
  27680.00     0.8587
  27690.00     1.3726
  27700.00     0.8767
  27710.00     0.7920
  27720.00     0.9546
  27730.00     1.3143
  27740.00     0.5008
  27750.00     0.4703
  27760.00     0.2742
  27770.00     1.4924
  27780.00     1.1322
  27790.00     1.1938
  27800.00     0.8093
  27810.00     1.1371
  27820.00     0.6821
  27830.00     0.9854
  27840.00     0.1389
  27850.00     1.2003
  27860.00     0.7167
  27870.00     0.6242
  27880.00     0.9922
  27890.00     0.8857
  27900.00     1.3741
  27910.00     1.2785
  27920.00     1.2550
  27930.00     0.9683
  27940.00     0.8561
  27950.00     0.9780
  27960.00     1.6763
  27970.00     0.7279
  27980.00     1.6524
  27990.00     0.7127
  28000.00     1.1823
  28010.00     0.9750
  28020.00     0.4126
  28030.00     1.2485
  28040.00     1.1120
  28050.00     1.0854
  28060.00     1.0294
  28070.00     0.9801
  28080.00     0.8616
  28090.00     0.6996
  28100.00     1.0033
  28110.00     0.8660
  28120.00     0.7441
  28130.00     1.0564
  28140.00     0.6988
  28150.00     1.2696
  28160.00     0.9065
  28170.00     1.1165
  28180.00     1.1665
  28190.00     1.0326
  28200.00     1.3905
  28210.00     1.0315
  28220.00     1.0859
  28230.00     1.4288
  28240.00     0.3988
  28250.00     1.2724
  28260.00     1.1047
  28270.00     1.2212
  28280.00     1.2296
  28290.00     1.0875
  28300.00     0.5905
  28310.00     1.4952
  28320.00     0.4393
  28330.00     0.8059
  28340.00     0.6798
  28350.00     0.8278
  28360.00     1.0395
  28370.00     1.3269
  28380.00     1.1142
  28390.00     1.3264
  28400.00     1.1808
  28410.00     1.5549
  28420.00     0.8758
  28430.00     1.1923
  28440.00     1.6431
  28450.00     1.2072
  28460.00     1.4343
  28470.00     1.3605
  28480.00     1.2852
  28490.00     1.2367
  28500.00     1.2053
  28510.00     1.0011
  28520.00     1.1660
  28530.00     1.5143
  28540.00     0.9314
  28550.00     1.2456
  28560.00     1.5542
  28570.00     0.9059
  28580.00     0.8607
  28590.00     1.0648
  28600.00     0.7001
  28610.00     0.3725
  28620.00     1.1720
  28630.00     1.0859
  28640.00     0.3795
  28650.00     0.7050
  28660.00     1.4340
  28670.00     1.0495
  28680.00     0.9016
  28690.00     0.7856
  28700.00     0.7418
  28710.00     0.6190
  28720.00     0.9719
  28730.00     0.5183
  28740.00     1.0683
  28750.00     1.3251
  28760.00     1.3610
  28770.00     1.1188
  28780.00     1.1651
  28790.00     0.9412
  28800.00     1.2787
  28810.00     0.8980
  28820.00     0.8470
  28830.00     0.9540
  28840.00     0.4190
  28850.00     0.6963
  28860.00     0.8080
  28870.00     0.5274
  28880.00     1.3471
  28890.00     0.6296
  28900.00     0.9188
  28910.00     0.7539
  28920.00     0.8250
  28930.00     0.9264
  28940.00     0.7524
  28950.00     1.0618
  28960.00     0.8074
  28970.00     0.4590
  28980.00     0.7221
  28990.00     0.9850
  29000.00     0.7976
  29010.00     0.9619
  29020.00     1.3122
  29030.00     1.1014
  29040.00     1.2019
  29050.00     0.8239
  29060.00     1.2395
  29070.00     0.8306
  29080.00     0.7231
  29090.00     0.7556
  29100.00     0.9462
  29110.00     0.6665
  29120.00     0.9886
  29130.00     0.7800
  29140.00     0.8762
  29150.00     0.5825
  29160.00     0.9465
  29170.00     1.2493
  29180.00     1.4457
  29190.00     0.9680
  29200.00     1.3786
  29210.00     0.9294
  29220.00     1.3895
  29230.00     0.8220
  29240.00     1.0567
  29250.00     1.1593
  29260.00     0.9903
  29270.00     0.9216
  29280.00     1.3272
  29290.00     1.5768
  29300.00     0.9616
  29310.00     1.2180
  29320.00     1.4265
  29330.00     0.8528
  29340.00     0.8088
  29350.00     0.8078
  29360.00     0.6874
  29370.00     1.2565
  29380.00     0.5914
  29390.00     0.7364
  29400.00     0.9358
  29410.00     1.0804
  29420.00     0.7949
  29430.00     1.1542
  29440.00     1.3166
  29450.00     1.1019
  29460.00     0.9321
  29470.00     1.7567
  29480.00     1.2717
  29490.00     1.1460
  29500.00     0.6530
  29510.00     0.7863
  29520.00     0.6887
  29530.00     1.0177
  29540.00     1.3079
  29550.00     0.6566
  29560.00     0.7671
  29570.00     1.2831
  29580.00     0.7694
  29590.00     0.8100
  29600.00     1.3152
  29610.00     1.5410
  29620.00     1.3435
  29630.00     0.9789
  29640.00     0.7689
  29650.00     0.8673
  29660.00     1.1182
  29670.00     0.4730
  29680.00     1.2103
  29690.00     0.8035
  29700.00     1.4217
  29710.00     0.8033
  29720.00     0.7702
  29730.00     1.0137
  29740.00     0.8336
  29750.00     1.2382
  29760.00     1.0181
  29770.00     0.8134
  29780.00     1.4151
  29790.00     0.8707
  29800.00     0.8911
  29810.00     1.3897
  29820.00     1.2733
  29830.00     1.4665
  29840.00     1.3302
  29850.00     1.7773
  29860.00     1.4437
  29870.00     0.7749
  29880.00     1.1742
  29890.00     1.2312
  29900.00     1.0655
  29910.00     0.5147
  29920.00     1.2478
  29930.00     0.9781
  29940.00     1.2611
  29950.00     0.5638
  29960.00     1.3045
  29970.00     1.0183
  29980.00     1.2546
  29990.00     0.7530
  30000.00     0.8737
  30010.00     1.0381
  30020.00     1.5820
  30030.00     0.9485
  30040.00     1.0494
  30050.00     1.0690
  30060.00     1.1235
  30070.00     0.4492
  30080.00     1.0149
  30090.00     1.0755
  30100.00     1.0941
  30110.00     0.7382
  30120.00     0.9363
  30130.00     1.3133
  30140.00     1.0813
  30150.00     0.7784
  30160.00     0.6141
  30170.00     1.0339
  30180.00     1.3051
  30190.00     0.9220
  30200.00     1.1708
  30210.00     0.7478
  30220.00     1.1284
  30230.00     1.1600
  30240.00     0.6650
  30250.00     1.1335
  30260.00     0.7543
  30270.00     1.3357
  30280.00     1.6082
  30290.00     1.3481
  30300.00     0.9961
  30310.00     0.6988
  30320.00     0.6999
  30330.00     0.7211
  30340.00     0.9796
  30350.00     0.7656
  30360.00     1.2238
  30370.00     1.0882
  30380.00     0.9752
  30390.00     1.0321
  30400.00     0.9500
  30410.00     1.0380
  30420.00     0.5313
  30430.00     0.5772
  30440.00     0.8005
  30450.00     0.7750
  30460.00     1.2646
  30470.00     0.7993
  30480.00     1.2183
  30490.00     1.3026
  30500.00     1.3491
  30510.00     0.9170
  30520.00     0.7769
  30530.00     0.7833
  30540.00     1.2889
  30550.00     0.5863
  30560.00     1.2794
  30570.00     0.6932
  30580.00     1.3454
  30590.00     0.5947
  30600.00     0.6788
  30610.00     0.5993
  30620.00     0.5192
  30630.00     1.1104
  30640.00     0.2723
  30650.00     0.6206
  30660.00     0.6475
  30670.00     1.4990
  30680.00     0.8747
  30690.00     1.3308
  30700.00     1.1162
  30710.00     0.4159
  30720.00     0.8998
  30730.00     1.7225
  30740.00     0.7775
  30750.00     1.4164
  30760.00     0.8577
  30770.00     1.5756
  30780.00     0.8275
  30790.00     1.4693
  30800.00     1.5014
  30810.00     1.3515
  30820.00     0.9619
  30830.00     0.9313
  30840.00     1.1803
  30850.00     1.1033
  30860.00     0.9853
  30870.00     1.4178
  30880.00     0.6427
  30890.00     0.4428
  30900.00     0.7081
  30910.00     0.8121
  30920.00     0.7284
  30930.00     1.1590
  30940.00     1.3344
  30950.00     0.8188
  30960.00     0.8639
  30970.00     1.2649
  30980.00     0.9394
  30990.00     1.4876
  31000.00     0.9006
  31010.00     0.8293
  31020.00     1.6256
  31030.00     0.7257
  31040.00     1.2294
  31050.00     1.5418
  31060.00     1.0104
  31070.00     1.2576
  31080.00     0.2875
  31090.00     0.9849
  31100.00     0.5671
  31110.00     1.2461
  31120.00     1.5053
  31130.00     0.8568
  31140.00     0.9142
  31150.00     1.2586
  31160.00     1.2846
  31170.00     0.9331
  31180.00     1.1988
  31190.00     0.9646
  31200.00     1.1190
  31210.00     1.1412
  31220.00     1.1519
  31230.00     1.3870
  31240.00     1.5276
  31250.00     0.4680
  31260.00     1.1107
  31270.00     0.5234
  31280.00     1.1429
  31290.00     0.8381
  31300.00     1.2409
  31310.00     0.7772
  31320.00     0.7492
  31330.00     1.1807
  31340.00     1.0551
  31350.00     0.6891
  31360.00     1.0097
  31370.00     1.4953
  31380.00     1.4608
  31390.00     0.9135
  31400.00     1.0190
  31410.00     0.9390
  31420.00     0.6529
  31430.00     0.8619
  31440.00     0.7264
  31450.00     0.6983
  31460.00     1.5264
  31470.00     0.9164
  31480.00     1.0878
  31490.00     1.0213
  31500.00     1.7306
  31510.00     1.1448
  31520.00     1.1766
  31530.00     0.6686
  31540.00     1.1803
  31550.00     1.2426
  31560.00     0.9274
  31570.00     0.8498
  31580.00     1.1805
  31590.00     1.3389
  31600.00     0.9054
  31610.00     1.5338
  31620.00     1.0646
  31630.00     0.9284
  31640.00     1.1479
  31650.00     0.6739
  31660.00     1.6246
  31670.00     1.1569
  31680.00     0.9412
  31690.00     1.7352
  31700.00     0.9986
  31710.00     0.8938
  31720.00     0.7966
  31730.00     0.6535
  31740.00     0.5557
  31750.00     0.8167
  31760.00     1.3948
  31770.00     1.0548
  31780.00     0.8254
  31790.00     1.5360
  31800.00     0.9129
  31810.00     0.7972
  31820.00     0.8956
  31830.00     0.9462
  31840.00     1.1409
  31850.00     0.6725
  31860.00     0.5777
  31870.00     1.0849
  31880.00     1.7151
  31890.00     0.8229
  31900.00     0.7845
  31910.00     0.9639
  31920.00     1.8580
  31930.00     0.8308
  31940.00     0.3281
  31950.00     1.6866
  31960.00     1.1231
  31970.00     1.1517
  31980.00     1.0382
  31990.00     0.6162
  32000.00     0.8064
  32010.00     1.2446
  32020.00     0.5371
  32030.00     1.3429
  32040.00     1.1256
  32050.00     1.3662
  32060.00     1.2512
  32070.00     0.5307
  32080.00     1.0761
  32090.00     0.9988
  32100.00     1.4820
  32110.00     0.9278
  32120.00     1.3936
  32130.00     1.1646
  32140.00     1.2313
  32150.00     1.2021
  32160.00     1.6388
  32170.00     0.8783
  32180.00     0.6385
  32190.00     1.0962
  32200.00     1.1364
  32210.00     1.0315
  32220.00     0.9663
  32230.00     0.3566
  32240.00     1.0955
  32250.00     1.3216
  32260.00     1.1432
  32270.00     0.8307
  32280.00     1.2998
  32290.00     1.1865
  32300.00     1.4198
  32310.00     0.4756
  32320.00     0.8824
  32330.00     1.5321
  32340.00     1.1771
  32350.00     0.7783
  32360.00     0.7587
  32370.00     1.0096
  32380.00     0.6332
  32390.00     0.5873
  32400.00     0.6226
  32410.00     0.6240
  32420.00     0.8865
  32430.00     0.6638
  32440.00     0.9229
  32450.00     0.2318
  32460.00     1.2373
  32470.00     0.9364
  32480.00     0.4167
  32490.00     1.1621
  32500.00     1.2162
  32510.00     0.6722
  32520.00     0.8342
  32530.00     0.7154
  32540.00     1.0696
  32550.00     1.1467
  32560.00     0.7746
  32570.00     0.5532
  32580.00     1.0160
  32590.00     1.3220
  32600.00     1.2126
  32610.00     0.7627
  32620.00     1.3310
  32630.00     1.0074
  32640.00     1.1878
  32650.00     1.5493
  32660.00     1.0024
  32670.00     1.1189
  32680.00     0.6085
  32690.00     0.4974
  32700.00     0.8936
  32710.00     1.0757
  32720.00     1.0206
  32730.00     1.6077
  32740.00     0.8340
  32750.00     0.9774
  32760.00     0.9762
  32770.00     0.3570
  32780.00     0.6791
  32790.00     0.9411
  32800.00     0.4821
  32810.00     0.9960
  32820.00     0.5994
  32830.00     0.6567
  32840.00     0.8922
  32850.00     0.8784
  32860.00     1.3774
  32870.00     1.0720
  32880.00     1.4580
  32890.00     1.0340
  32900.00     0.3824
  32910.00     1.1191
  32920.00     1.1265
  32930.00     1.3421
  32940.00     1.0890
  32950.00     0.7398
  32960.00     0.8774
  32970.00     1.0371
  32980.00     0.4079
  32990.00     0.8983
  33000.00     1.2126
  33010.00     0.4016
  33020.00     0.7093
  33030.00     0.7495
  33040.00     0.9777
  33050.00     0.5534
  33060.00     0.9042
  33070.00     0.7019
  33080.00     1.1638
  33090.00     0.9566
  33100.00     0.8185
  33110.00     0.4881
  33120.00     0.9392
  33130.00     0.8176
  33140.00     1.1656
  33150.00     1.2918
  33160.00     1.5104
  33170.00     1.0055
  33180.00     0.6974
  33190.00     0.5350
  33200.00     1.1785
  33210.00     0.9477
  33220.00     0.9129
  33230.00     1.2165
  33240.00     1.0922
  33250.00     0.9730
  33260.00     0.7084
  33270.00     1.1580
  33280.00     0.7724
  33290.00     0.7399
  33300.00     1.2033
  33310.00     1.1645
  33320.00     1.3057
  33330.00     0.9841
  33340.00     0.9247
  33350.00     1.0153
  33360.00     1.0396
  33370.00     0.9645
  33380.00     0.8477
  33390.00     1.2308
  33400.00     1.2061
  33410.00     0.9589
  33420.00     0.0679
  33430.00     0.7078
  33440.00     0.5875
  33450.00     0.5920
  33460.00     1.7014
  33470.00     1.3079
  33480.00     1.1202
  33490.00     1.0319
  33500.00     0.8523
  33510.00     0.4276
  33520.00     0.7362
  33530.00     0.7395
  33540.00     0.9150
  33550.00     1.2609
  33560.00     1.1081
  33570.00     0.9141
  33580.00     0.5265
  33590.00     0.8047
  33600.00     0.7288
  33610.00     0.2680
  33620.00     0.7505
  33630.00     1.1727
  33640.00     0.6019
  33650.00     0.9243
  33660.00     0.9069
  33670.00     0.8578
  33680.00     0.9221
  33690.00     0.4861
  33700.00     0.7119
  33710.00     1.0538
  33720.00     0.8037
  33730.00     0.6320
  33740.00     0.9488
  33750.00     0.9064
  33760.00     1.2393
  33770.00     0.9880
  33780.00     1.1354
  33790.00     1.6489
  33800.00     0.9382
  33810.00     1.2391
  33820.00     1.2085
  33830.00     1.0377
  33840.00     1.0248
  33850.00     0.9620
  33860.00     1.2779
  33870.00     0.9776
  33880.00     0.8175
  33890.00     0.9110
  33900.00     1.0016
  33910.00     0.5988
  33920.00     1.0711
  33930.00     1.1474
  33940.00     1.3791
  33950.00     0.6780
  33960.00     1.1957
  33970.00     1.1917
  33980.00     1.0912
  33990.00     1.1224
  34000.00     0.8916
  34010.00     0.8831
  34020.00     0.6992
  34030.00     0.9409
  34040.00     1.4886
  34050.00     0.8027
  34060.00     0.5450
  34070.00     0.7699
  34080.00     0.5703
  34090.00     0.8725
  34100.00     0.8961
  34110.00     0.4045
  34120.00     0.5302
  34130.00     1.2766
  34140.00     0.6180
  34150.00     0.5667
  34160.00     1.2967
  34170.00     1.3489
  34180.00     1.2055
  34190.00     1.3554
  34200.00     1.0108
  34210.00     0.9317
  34220.00     1.1036
  34230.00     0.7437
  34240.00     1.2260
  34250.00     1.5304
  34260.00     0.7888
  34270.00     0.9910
  34280.00     1.4339
  34290.00     0.8965
  34300.00     0.8685
  34310.00     0.4883
  34320.00     0.7318
  34330.00     1.1526
  34340.00     1.2488
  34350.00     1.2011
  34360.00     0.8904
  34370.00     1.0847
  34380.00     0.5860
  34390.00     0.5147
  34400.00     0.8657
  34410.00     0.4014
  34420.00     0.9054
  34430.00     0.4293
  34440.00     1.2566
  34450.00     1.4734
  34460.00     1.1696
  34470.00     0.6476
  34480.00     1.4031
  34490.00     1.0881
  34500.00     0.8972
  34510.00     1.1104
  34520.00     1.2446
  34530.00     1.1963
  34540.00     1.2928
  34550.00     0.5590
  34560.00     1.1626
  34570.00     1.1433
  34580.00     1.0511
  34590.00     0.9427
  34600.00     1.0178
  34610.00     1.3080
  34620.00     0.6450
  34630.00     0.9193
  34640.00     0.7727
  34650.00     0.8057
  34660.00     1.2143
  34670.00     0.5899
  34680.00     1.3661
  34690.00     1.2646
  34700.00     1.0609
  34710.00     1.6365
  34720.00     1.1649
  34730.00     1.3277
  34740.00     0.6205
  34750.00     1.0697
  34760.00     0.8729
  34770.00     0.5600
  34780.00     1.2167
  34790.00     1.0247
  34800.00     0.8108
  34810.00     0.8455
  34820.00     1.0140
  34830.00     0.8916
  34840.00     1.1133
  34850.00     1.1724
  34860.00     0.7281
  34870.00     1.0034
  34880.00     0.7316
  34890.00     0.5691
  34900.00     0.7501
  34910.00     1.0590
  34920.00     0.7791
  34930.00     1.2742
  34940.00     0.6384
  34950.00     0.8583
  34960.00     0.9451
  34970.00     1.1517
  34980.00     1.3929
  34990.00     1.0482
  35000.00     1.1816
  35010.00     0.6448
  35020.00     0.4636
  35030.00     1.1828
  35040.00     0.8590
  35050.00     0.4775
  35060.00     1.3071
  35070.00     0.9931
  35080.00     1.4092
  35090.00     1.1264
  35100.00     0.9848
  35110.00     0.8816
  35120.00     1.2378
  35130.00     0.5255
  35140.00     1.0900
  35150.00     0.4804
  35160.00     1.0121
  35170.00     1.1337
  35180.00     1.1631
  35190.00     0.9487
  35200.00     0.7779
  35210.00     0.8698
  35220.00     0.4553
  35230.00     0.9023
  35240.00     0.6622
  35250.00     1.1315
  35260.00     1.3863
  35270.00     1.0416
  35280.00     0.8445
  35290.00     0.8151
  35300.00     1.4448
  35310.00     1.1847
  35320.00     1.4573
  35330.00     0.6064
  35340.00     0.8021
  35350.00     0.6486
  35360.00     0.7625
  35370.00     0.8051
  35380.00     1.3642
  35390.00     1.3490
  35400.00     1.0914
  35410.00     1.1297
  35420.00     1.1670
  35430.00     0.5753
  35440.00     1.1916
  35450.00     1.1722
  35460.00     1.0646
  35470.00     0.8851
  35480.00     0.8220
  35490.00     1.1617
  35500.00     0.7491
  35510.00     0.9456
  35520.00     0.8775
  35530.00     0.9419
  35540.00     0.7486
  35550.00     1.0007
  35560.00     0.8407
  35570.00     0.6101
  35580.00     1.0749
  35590.00     1.2037
  35600.00     0.7946
  35610.00     1.3119
  35620.00     0.8429
  35630.00     1.1828
  35640.00     1.2706
  35650.00     1.4721
  35660.00     0.7800
  35670.00     0.8543
  35680.00     1.2581
  35690.00     0.9593
  35700.00     1.4993
  35710.00     1.2888
  35720.00     0.8325
  35730.00     1.0219
  35740.00     0.9934
  35750.00     0.5388
  35760.00     0.6785
  35770.00     0.6046
  35780.00     0.9806
  35790.00     1.1833
  35800.00     1.6185
  35810.00     1.0220
  35820.00     0.7728
  35830.00     1.4749
  35840.00     1.0089
  35850.00     0.6642
  35860.00     0.9304
  35870.00     1.2319
  35880.00     1.0272
  35890.00     1.3937
  35900.00     0.6540
  35910.00     0.7851
  35920.00     1.0044
  35930.00     0.8817
  35940.00     1.2538
  35950.00     0.7443
  35960.00     1.2232
  35970.00     0.8559
  35980.00     1.0645
  35990.00     0.9701
  36000.00     1.2796
  36010.00     1.0367
  36020.00     1.0716
  36030.00     1.0105
  36040.00     1.0684
  36050.00     1.2218
  36060.00     1.6358
  36070.00     1.4351
  36080.00     1.3751
  36090.00     1.0880
  36100.00     1.4640
  36110.00     0.7308
  36120.00     0.8660
  36130.00     0.9523
  36140.00     0.8041
  36150.00     0.6971
  36160.00     1.3919
  36170.00     1.2887
  36180.00     0.8356
  36190.00     0.6165
  36200.00     0.4804
  36210.00     1.2492
  36220.00     0.7627
  36230.00     1.0472
  36240.00     0.9226
  36250.00     0.9813
  36260.00     1.0260
  36270.00     0.7330
  36280.00     1.5327
  36290.00     0.6717
  36300.00     0.8681
  36310.00     1.1041
  36320.00     1.0579
  36330.00     1.2690
  36340.00     1.0024
  36350.00     1.3932
  36360.00     1.2405
  36370.00     1.2839
  36380.00     0.9314
  36390.00     0.3571
  36400.00     0.8370
  36410.00     0.7257
  36420.00     0.7104
  36430.00     0.7067
  36440.00     0.9462
  36450.00     1.1389
  36460.00     0.8443
  36470.00     1.5161
  36480.00     1.3228
  36490.00     0.9337
  36500.00     1.5752
  36510.00     1.1922
  36520.00     1.0551
  36530.00     1.3726
  36540.00     1.0845
  36550.00     0.6159
  36560.00     1.1126
  36570.00     1.1558
  36580.00     1.1155
  36590.00     1.0255
  36600.00     0.8515
  36610.00     1.1460
  36620.00     1.0712
  36630.00     1.2416
  36640.00     1.0985
  36650.00     1.0068
  36660.00     0.6093
  36670.00     0.9464
  36680.00     1.1472
  36690.00     1.0054
  36700.00     0.9308
  36710.00     0.9327
  36720.00     0.3434
  36730.00     1.1172
  36740.00     0.9634
  36750.00     0.6335
  36760.00     1.0446
  36770.00     1.0013
  36780.00     1.2985
  36790.00     0.7898
  36800.00     1.0878
  36810.00     0.9747
  36820.00     1.2037
  36830.00     1.2796
  36840.00     0.8251
  36850.00     1.1346
  36860.00     0.8398
  36870.00     0.4835
  36880.00     1.1305
  36890.00     0.9397
  36900.00     0.3191
  36910.00     0.9647
  36920.00     1.2438
  36930.00     0.5777
  36940.00     0.7582
  36950.00     0.7599
  36960.00     0.6928
  36970.00     0.8413
  36980.00     1.2845
  36990.00     1.2324
  37000.00     1.0771
  37010.00     1.2610
  37020.00     0.8153
  37030.00     1.1721
  37040.00     1.1633
  37050.00     1.0059
  37060.00     0.7099
  37070.00     0.6314
  37080.00     1.2970
  37090.00     0.8968
  37100.00     1.2439
  37110.00     1.0734
  37120.00     0.9037
  37130.00     1.0440
  37140.00     1.2918
  37150.00     0.2919
  37160.00     1.0693
  37170.00     1.0102
  37180.00     0.9131
  37190.00     1.1213
  37200.00     0.8371
  37210.00     0.8149
  37220.00     0.7233
  37230.00     0.7790
  37240.00     0.8373
  37250.00     1.3015
  37260.00     0.8533
  37270.00     1.1517
  37280.00     1.0252
  37290.00     1.3658
  37300.00     1.3024
  37310.00     0.6426
  37320.00     1.3459
  37330.00     1.0472
  37340.00     1.1001
  37350.00     1.1201
  37360.00     1.1651
  37370.00     1.0279
  37380.00     0.9930
  37390.00     0.9752
  37400.00     0.9659
  37410.00     0.9185
  37420.00     0.9729
  37430.00     1.3134
  37440.00     1.3539
  37450.00     1.4203
  37460.00     0.8067
  37470.00     1.0902
  37480.00     0.9547
  37490.00     1.1385
  37500.00     1.1021
  37510.00     1.0056
  37520.00     0.8303
  37530.00     1.1018
  37540.00     0.9581
  37550.00     1.0355
  37560.00     1.2700
  37570.00     0.9057
  37580.00     1.2437
  37590.00     0.8336
  37600.00     1.5695
  37610.00     1.1153
  37620.00     1.1569
  37630.00     0.8992
  37640.00     1.0950
  37650.00     1.1898
  37660.00     1.1265
  37670.00     0.7298
  37680.00     0.7749
  37690.00     0.9129
  37700.00     0.6500
  37710.00     1.0016
  37720.00     1.1127
  37730.00     0.7495
  37740.00     0.5673
  37750.00     1.2682
  37760.00     1.1550
  37770.00     1.0717
  37780.00     1.0541
  37790.00     1.2145
  37800.00     0.7794
  37810.00     1.1881
  37820.00     1.0840
  37830.00     1.3276
  37840.00     0.9433
  37850.00     1.1495
  37860.00     1.4887
  37870.00     1.1503
  37880.00     1.4262
  37890.00     0.9709
  37900.00     0.7584
  37910.00     1.5337
  37920.00     0.7578
  37930.00     0.9314
  37940.00     0.9378
  37950.00     1.2458
  37960.00     1.1300
  37970.00     0.9118
  37980.00     1.2367
  37990.00     1.3320
  38000.00     0.9361
  38010.00     0.6829
  38020.00     1.2818
  38030.00     0.5297
  38040.00     0.8012
  38050.00     1.0469
  38060.00     0.8239
  38070.00     0.7556
  38080.00     1.2091
  38090.00     1.2027
  38100.00     1.2722
  38110.00     0.7253
  38120.00     0.9939
  38130.00     0.7620
  38140.00     1.1794
  38150.00     1.0211
  38160.00     0.8847
  38170.00     1.0445
  38180.00     0.8575
  38190.00     1.6908
  38200.00     0.8327
  38210.00     0.6566
  38220.00     1.0551
  38230.00     1.5374
  38240.00     1.3484
  38250.00     1.0670
  38260.00     1.1482
  38270.00     1.3837
  38280.00     1.4104
  38290.00     1.0158
  38300.00     0.8252
  38310.00     0.4370
  38320.00     0.9720
  38330.00     0.7914
  38340.00     0.9055
  38350.00     0.9383
  38360.00     1.0831
  38370.00     0.7424
  38380.00     0.7214
  38390.00     1.4677
  38400.00     0.8399
  38410.00     0.9046
  38420.00     1.6960
  38430.00     0.6835
  38440.00     0.8076
  38450.00     1.1712
  38460.00     0.9614
  38470.00     1.3778
  38480.00     1.0599
  38490.00     0.4141
  38500.00     0.8968
  38510.00     1.0900
  38520.00     1.3452
  38530.00     1.2434
  38540.00     1.0650
  38550.00     0.8376
  38560.00     1.2532
  38570.00     1.3439
  38580.00     1.0163
  38590.00     1.0610
  38600.00     0.7479
  38610.00     0.6940
  38620.00     1.2329
  38630.00     0.8317
  38640.00     0.8914
  38650.00     1.2252
  38660.00     1.2955
  38670.00     0.5456
  38680.00     0.3906
  38690.00     0.5971
  38700.00     1.0099
  38710.00     1.1286
  38720.00     0.4508
  38730.00     1.3344
  38740.00     0.9404
  38750.00     0.9307
  38760.00     1.0568
  38770.00     0.9987
  38780.00     1.0960
  38790.00     1.2571
  38800.00     1.2447
  38810.00     1.2613
  38820.00     1.0721
  38830.00     0.6348
  38840.00     0.8363
  38850.00     0.9871
  38860.00     0.9755
  38870.00     1.2939
  38880.00     1.0202
  38890.00     0.9784
  38900.00     0.8028
  38910.00     1.1364
  38920.00     1.1073
  38930.00     0.8883
  38940.00     1.1273
  38950.00     1.0943
  38960.00     1.1446
  38970.00     1.0367
  38980.00     0.3607
  38990.00     0.9212
  39000.00     0.9005
  39010.00     0.7632
  39020.00     0.8506
  39030.00     1.1180
  39040.00     0.9973
  39050.00     0.7278
  39060.00     1.1071
  39070.00     0.9500
  39080.00     1.1261
  39090.00     0.8053
  39100.00     1.0415
  39110.00     0.6302
  39120.00     1.1540
  39130.00     1.4933
  39140.00     0.4738
  39150.00     0.9442
  39160.00     0.8605
  39170.00     0.8509
  39180.00     0.8159
  39190.00     0.8904
  39200.00     0.8184
  39210.00     0.5546
  39220.00     0.6860
  39230.00     0.7585
  39240.00     0.8933
  39250.00     0.6395
  39260.00     0.9733
  39270.00     0.6350
  39280.00     0.4208
  39290.00     1.0881
  39300.00     1.3124
  39310.00     1.2371
  39320.00     0.7211
  39330.00     1.1601
  39340.00     1.2682
  39350.00     1.0212
  39360.00     0.7944
  39370.00     0.9020
  39380.00     0.7015
  39390.00     0.8284
  39400.00     0.4609
  39410.00     1.3971
  39420.00     0.7782
  39430.00     1.3498
  39440.00     0.7993
  39450.00     0.7999
  39460.00     1.6073
  39470.00     0.8495
  39480.00     0.9104
  39490.00     0.9413
  39500.00     1.1300
  39510.00     0.9491
  39520.00     0.9850
  39530.00     1.3219
  39540.00     1.0121
  39550.00     1.1275
  39560.00     0.9338
  39570.00     0.9909
  39580.00     1.1373
  39590.00     0.7366
  39600.00     1.2362
  39610.00     1.4894
  39620.00     1.3215
  39630.00     0.7408
  39640.00     0.5786
  39650.00     1.2408
  39660.00     0.7224
  39670.00     1.4144
  39680.00     0.9419
  39690.00     1.4651
  39700.00     1.3738
  39710.00     0.8962
  39720.00     1.1443
  39730.00     0.9448
  39740.00     1.0920
  39750.00     0.5535
  39760.00     0.1923
  39770.00     0.9046
  39780.00     0.9833
  39790.00     1.2254
  39800.00     0.7776
  39810.00     0.9722
  39820.00     0.5899
  39830.00     1.1276
  39840.00     0.9602
  39850.00     0.4311
  39860.00     0.9397
  39870.00     0.9869
  39880.00     1.1704
  39890.00     1.0353
  39900.00     0.9990
  39910.00     0.9672
  39920.00     0.7663
  39930.00     0.9803
  39940.00     1.3408
  39950.00     1.1476
  39960.00     1.2779
  39970.00     0.8196
  39980.00     0.6933
  39990.00     1.1248
  40000.00     1.1209
  40010.00     0.6467
  40020.00     1.4776
  40030.00     0.9912
  40040.00     1.1426
  40050.00     1.1698
  40060.00     0.5443
  40070.00     0.7752
  40080.00     0.5923
  40090.00     0.6014
  40100.00     0.9805
  40110.00     1.0455
  40120.00     0.6416
  40130.00     1.0928
  40140.00     0.9595
  40150.00     1.2776
  40160.00     1.1615
  40170.00     0.7490
  40180.00     1.3733
  40190.00     1.3803
  40200.00     0.5609
  40210.00     0.7022
  40220.00     0.7853
  40230.00     0.5615
  40240.00     1.4506
  40250.00     1.3058
  40260.00     1.2331
  40270.00     1.2471
  40280.00     1.4810
  40290.00     1.0218
  40300.00     1.4664
  40310.00     1.3161
  40320.00     1.1168
  40330.00     1.6395
  40340.00     1.7640
  40350.00     1.0820
  40360.00     0.3878
  40370.00     0.3507
  40380.00     1.1998
  40390.00     1.2530
  40400.00     1.2872
  40410.00     1.0896
  40420.00     1.1627
  40430.00     0.7252
  40440.00     0.7896
  40450.00     1.1526
  40460.00     1.1055
  40470.00     0.7980
  40480.00     1.0805
  40490.00     1.1544
  40500.00     0.7712
  40510.00     1.0551
  40520.00     1.2540
  40530.00     1.3389
  40540.00     1.1518
  40550.00     0.7672
  40560.00     1.0181
  40570.00     1.0047
  40580.00     1.5578
  40590.00     1.2593
  40600.00     0.9866
  40610.00     1.1504
  40620.00     0.8598
  40630.00     1.1190
  40640.00     0.8808
  40650.00     1.0295
  40660.00     0.6382
  40670.00     0.9564
  40680.00     1.2352
  40690.00     1.7252
  40700.00     1.7246
  40710.00     1.0424
  40720.00     0.7301
  40730.00     1.4500
  40740.00     0.9664
  40750.00     1.5015
  40760.00     0.6601
  40770.00     1.5149
  40780.00     0.7228
  40790.00     0.9646
  40800.00     1.0932
  40810.00     1.2586
  40820.00     0.8117
  40830.00     0.7735
  40840.00     1.3743
  40850.00     0.7587
  40860.00     0.7399
  40870.00     0.9738
  40880.00     1.2630
  40890.00     0.6891
  40900.00     0.9832
  40910.00     0.7398
  40920.00     1.1731
  40930.00     1.1860
  40940.00     1.2911
  40950.00     1.0890
  40960.00     1.0769
  40970.00     1.2097
  40980.00     0.8689
  40990.00     1.1866
  41000.00     1.1795
  41010.00     1.3535
  41020.00     0.6699
  41030.00     1.3704
  41040.00     0.9650
  41050.00     0.8276
  41060.00     1.0981
  41070.00     1.4476
  41080.00     0.8507
  41090.00     0.6445
  41100.00     0.6531
  41110.00     1.2541
  41120.00     0.7646
  41130.00     0.6247
  41140.00     1.5586
  41150.00     0.6295
  41160.00     0.9266
  41170.00     0.9245
  41180.00     1.3104
  41190.00     1.7407
  41200.00     0.5737
  41210.00     1.0290
  41220.00     1.2985
  41230.00     1.0201
  41240.00     0.7756
  41250.00     0.9168
  41260.00     0.7066
  41270.00     0.9389
  41280.00     0.9804
  41290.00     0.9415
  41300.00     0.2576
  41310.00     1.0384
  41320.00     1.2735
  41330.00     0.5551
  41340.00     0.7328
  41350.00     0.9321
  41360.00     1.5462
  41370.00     1.1882
  41380.00     1.4223
  41390.00     1.0867
  41400.00     1.4724
  41410.00     1.2425
  41420.00     0.4478
  41430.00     0.6865
  41440.00     0.4886
  41450.00     1.1283
  41460.00     0.8880
  41470.00     0.7333
  41480.00     0.7141
  41490.00     0.5708
  41500.00     0.6290
  41510.00     0.6961
  41520.00     0.9284
  41530.00     0.6819
  41540.00     0.9565
  41550.00     0.3088
  41560.00     1.2255
  41570.00     0.9953
  41580.00     0.9089
  41590.00     0.6846
  41600.00     0.9328
  41610.00     1.0206
  41620.00     1.1619
  41630.00     0.9286
  41640.00     0.6074
  41650.00     1.0037
  41660.00     0.7872
  41670.00     1.4188
  41680.00     0.9849
  41690.00     1.5475
  41700.00     0.8100
  41710.00     1.4565
  41720.00     0.7429
  41730.00     1.2206
  41740.00     1.2952
  41750.00     1.2685
  41760.00     1.0409
  41770.00     0.7560
  41780.00     0.9008
  41790.00     0.9203
  41800.00     1.0736
  41810.00     1.1533
  41820.00     0.5201
  41830.00     1.2166
  41840.00     1.2538
  41850.00     1.3050
  41860.00     1.4633
  41870.00     0.9117
  41880.00     1.4073
  41890.00     1.0504
  41900.00     0.7709
  41910.00     1.1845
  41920.00     0.8921
  41930.00     0.6252
  41940.00     0.8781
  41950.00     0.8004
  41960.00     1.2155
  41970.00     0.8926
  41980.00     1.6041
  41990.00     1.2891
  42000.00     0.7369
  42010.00     1.0220
  42020.00     0.9306
  42030.00     0.9866
  42040.00     1.1362
  42050.00     0.5746
  42060.00     1.0909
  42070.00     0.8863
  42080.00     1.5578
  42090.00     0.6133
  42100.00     1.1146
  42110.00     1.2323
  42120.00     1.7147
  42130.00     1.1197
  42140.00     1.0668
  42150.00     1.6376
  42160.00     1.8636
  42170.00     1.0433
  42180.00     0.8751
  42190.00     0.4234
  42200.00     0.4711
  42210.00     0.8653
  42220.00     1.2795
  42230.00     1.4962
  42240.00     0.5972
  42250.00     0.8976
  42260.00     0.9303
  42270.00     1.4481
  42280.00     1.2364
  42290.00     0.9486
  42300.00     1.3978
  42310.00     0.8600
  42320.00     1.0297
  42330.00     1.1930
  42340.00     1.1014
  42350.00     0.8656
  42360.00     1.1047
  42370.00     1.4709
  42380.00     1.2024
  42390.00     0.9465
  42400.00     1.3335
  42410.00     0.8670
  42420.00     1.0856
  42430.00     1.5531
  42440.00     1.1557
  42450.00     1.0072
  42460.00     1.2218
  42470.00     0.8253
  42480.00     0.8229
  42490.00     0.6931
  42500.00     0.7403
  42510.00     0.8052
  42520.00     1.4368
  42530.00     0.6900
  42540.00     0.9278
  42550.00     1.4790
  42560.00     1.0087
  42570.00     1.4927
  42580.00     1.0915
  42590.00     1.0955
  42600.00     1.2529
  42610.00     1.3290
  42620.00     1.3937
  42630.00     1.1965
  42640.00     1.4755
  42650.00     1.2370
  42660.00     0.8503
  42670.00     1.1635
  42680.00     1.6016
  42690.00     1.3741
  42700.00     1.1409
  42710.00     1.2711
  42720.00     1.0495
  42730.00     0.9960
  42740.00     0.8386
  42750.00     0.7285
  42760.00     0.7324
  42770.00     0.7932
  42780.00     0.7048
  42790.00     1.3095
  42800.00     1.1617
  42810.00     0.7253
  42820.00     1.2774
  42830.00     0.9741
  42840.00     1.0076
  42850.00     1.1609
  42860.00     1.2473
  42870.00     1.3657
  42880.00     1.2228
  42890.00     0.9522
  42900.00     1.1556
  42910.00     1.0990
  42920.00     0.6423
  42930.00     1.3012
  42940.00     1.1341
  42950.00     1.2397
  42960.00     0.9922
  42970.00     1.3085
  42980.00     1.4906
  42990.00     1.2359
  43000.00     1.3330
  43010.00     1.5118
  43020.00     1.1035
  43030.00     0.6678
  43040.00     1.1416
  43050.00     0.6477
  43060.00     0.6793
  43070.00     1.1753
  43080.00     0.2667
  43090.00     1.0691
  43100.00     1.0484
  43110.00     1.2447
  43120.00     0.6232
  43130.00     0.7970
  43140.00     1.1356
  43150.00     1.0114
  43160.00     1.2587
  43170.00     1.0909
  43180.00     0.6032
  43190.00     1.5178
  43200.00     0.7092
  43210.00     1.3569
  43220.00     0.8486
  43230.00     1.0406
  43240.00     0.8304
  43250.00     0.7853
  43260.00     0.7315
  43270.00     0.7129
  43280.00     1.0513
  43290.00     0.9031
  43300.00     0.6006
  43310.00     1.3140
  43320.00     1.0613
  43330.00     1.2290
  43340.00     1.1743
  43350.00     0.9251
  43360.00     1.1499
  43370.00     1.0614
  43380.00     0.8394
  43390.00     0.7367
  43400.00     1.5507
  43410.00     1.3734
  43420.00     1.1785
  43430.00     1.0335
  43440.00     0.5800
  43450.00     1.4292
  43460.00     0.9035
  43470.00     1.2646
  43480.00     1.5444
  43490.00     0.9183
  43500.00     1.5733
  43510.00     1.2785
  43520.00     1.1201
  43530.00     0.8664
  43540.00     1.0592
  43550.00     1.4065
  43560.00     1.3215
  43570.00     0.8523
  43580.00     1.0564
  43590.00     1.1850
  43600.00     0.5899
  43610.00     1.3822
  43620.00     1.0107
  43630.00     1.3490
  43640.00     1.0731
  43650.00     0.8508
  43660.00     1.3591
  43670.00     0.9907
  43680.00     1.6904
  43690.00     1.2686
  43700.00     0.4546
  43710.00     0.2717
  43720.00     0.8441
  43730.00     1.7481
  43740.00     1.0829
  43750.00     1.4176
  43760.00     1.0492
  43770.00     1.0662
  43780.00     0.9835
  43790.00     1.3870
  43800.00     1.3659
  43810.00     0.7222
  43820.00     0.6147
  43830.00     0.5748
  43840.00     0.5346
  43850.00     0.8535
  43860.00     0.7793
  43870.00     0.5791
  43880.00     0.7558
  43890.00     0.4672
  43900.00     1.2012
  43910.00     0.8802
  43920.00     1.5154
  43930.00     1.2455
  43940.00     1.0182
  43950.00     0.9885
  43960.00     1.0204
  43970.00     0.9990
  43980.00     1.1857
  43990.00     0.5728
  44000.00     1.3911
  44010.00     0.8180
  44020.00     1.2736
  44030.00     0.8755
  44040.00     1.0601
  44050.00     1.2935
  44060.00     0.8388
  44070.00    -0.0149
  44080.00     0.8169
  44090.00     1.4454
  44100.00     1.1841
  44110.00     0.7523
  44120.00     1.1044
  44130.00     0.9455
  44140.00     1.0727
  44150.00     1.0695
  44160.00     1.4748
  44170.00     0.8731
  44180.00     1.0925
  44190.00     1.0943
  44200.00     0.9087
  44210.00     1.1833
  44220.00     0.9850
  44230.00     1.0287
  44240.00     0.7085
  44250.00     0.7112
  44260.00     1.0543
  44270.00     1.2118
  44280.00     1.1849
  44290.00     0.3838
  44300.00     0.6964
  44310.00     0.8044
  44320.00     0.8918
  44330.00     0.8945
  44340.00     0.5884
  44350.00     1.7516
  44360.00     1.2693
  44370.00     1.0030
  44380.00     1.0120
  44390.00     1.5322
  44400.00     0.8701
  44410.00     0.8470
  44420.00     1.1155
  44430.00     1.2223
  44440.00     0.9300
  44450.00     0.5620
  44460.00     0.8917
  44470.00     0.7417
  44480.00     1.5882
  44490.00     0.7136
  44500.00     1.4723
  44510.00     0.6564
  44520.00     1.2056
  44530.00     1.0407
  44540.00     0.5101
  44550.00     0.3944
  44560.00     0.5751
  44570.00     1.2705
  44580.00     1.2401
  44590.00     0.9807
  44600.00     1.0601
  44610.00     0.6230
  44620.00     0.9766
  44630.00     1.3811
  44640.00     1.1632
  44650.00     1.1337
  44660.00     0.7639
  44670.00     0.9157
  44680.00     0.8725
  44690.00     0.7696
  44700.00     1.0154
  44710.00     1.1300
  44720.00     1.4244
  44730.00     1.0012
  44740.00     1.7756
  44750.00     0.6524
  44760.00     1.2041
  44770.00     1.4794
  44780.00     1.2678
  44790.00     0.7722
  44800.00     0.8438
  44810.00     0.8629
  44820.00     1.1472
  44830.00     1.0244
  44840.00     1.3914
  44850.00     0.9246
  44860.00     0.7697
  44870.00     1.3106
  44880.00     1.2334
  44890.00     1.2150
  44900.00     1.0390
  44910.00     0.8820
  44920.00     1.1239
  44930.00     1.9045
  44940.00     1.2073
  44950.00     1.2698
  44960.00     1.4758
  44970.00     0.9138
  44980.00     0.6356
  44990.00     1.1315
  45000.00     0.8767
  45010.00     0.7079
  45020.00     0.8136
  45030.00     0.6476
  45040.00     1.0922
  45050.00     0.7455
  45060.00     0.9059
  45070.00     0.6817
  45080.00     0.8319
  45090.00     0.8401
  45100.00     1.0679
  45110.00     0.8857
  45120.00     0.6814
  45130.00     1.4446
  45140.00     1.3543
  45150.00     0.9341
  45160.00     0.8232
  45170.00     1.6491
  45180.00     1.0508
  45190.00     1.1243
  45200.00     1.0791
  45210.00     1.1722
  45220.00     1.1325
  45230.00     0.5340
  45240.00     1.1648
  45250.00     0.8081
  45260.00     1.3406
  45270.00     1.1648
  45280.00     0.9789
  45290.00     1.0842
  45300.00     0.9277
  45310.00     0.7328
  45320.00     1.5120
  45330.00     1.2247
  45340.00     1.5695
  45350.00     1.0364
  45360.00     0.9559
  45370.00     1.0355
  45380.00     1.3662
  45390.00     0.8893
  45400.00     0.8328
  45410.00     1.1197
  45420.00     1.2054
  45430.00     1.0355
  45440.00     1.0203
  45450.00     0.9071
  45460.00     1.0164
  45470.00     1.3729
  45480.00     0.9860
  45490.00     1.2884
  45500.00     0.9852
  45510.00     0.8821
  45520.00     1.0318
  45530.00     0.5767
  45540.00     1.6940
  45550.00     1.2297
  45560.00     1.2731
  45570.00     1.4026
  45580.00     0.4680
  45590.00     0.4949
  45600.00     0.8270
  45610.00     1.5564
  45620.00     0.7202
  45630.00     1.1761
  45640.00     0.5762
  45650.00     1.1896
  45660.00     1.5799
  45670.00     0.8536
  45680.00     1.6084
  45690.00     1.1222
  45700.00     0.8752
  45710.00     1.3845
  45720.00     1.3739
  45730.00     0.9906
  45740.00     1.1543
  45750.00     0.6132
  45760.00     1.0998
  45770.00     1.1648
  45780.00     0.9774
  45790.00     1.4749
  45800.00     1.1080
  45810.00     0.4431
  45820.00     1.0865
  45830.00     0.7147
  45840.00     1.2397
  45850.00     1.4361
  45860.00     1.1475
  45870.00     1.5856
  45880.00     1.2389
  45890.00     0.7731
  45900.00     1.6224
  45910.00     1.2936
  45920.00     1.2175
  45930.00     0.8105
  45940.00     0.8218
  45950.00     1.1178
  45960.00     0.9061
  45970.00     0.9898
  45980.00     0.8271
  45990.00     1.3273
  46000.00     1.1388
  46010.00     0.5680
  46020.00     0.4682
  46030.00     0.9197
  46040.00     0.9934
  46050.00     0.7778
  46060.00     0.8901
  46070.00     1.2026
  46080.00     1.2573
  46090.00     1.0107
  46100.00     0.9708
  46110.00     1.0777
  46120.00     0.9857
  46130.00     0.7281
  46140.00     0.9675
  46150.00     0.3495
  46160.00     0.7246
  46170.00     0.8504
  46180.00     0.9088
  46190.00     0.6638
  46200.00     1.1165
  46210.00     1.1129
  46220.00     1.2323
  46230.00     1.1756
  46240.00     0.9458
  46250.00     0.9233
  46260.00     0.8145
  46270.00     1.1134
  46280.00     0.8553
  46290.00     0.7364
  46300.00     1.1800
  46310.00     1.2792
  46320.00     1.3796
  46330.00     0.9473
  46340.00     1.3712
  46350.00     0.7896
  46360.00     0.4683
  46370.00     1.2171
  46380.00     0.8450
  46390.00     1.0315
  46400.00     1.0428
  46410.00     1.1242
  46420.00     0.9948
  46430.00     1.0244
  46440.00     0.7766
  46450.00     0.9244
  46460.00     1.7600
  46470.00     1.3142
  46480.00     1.5478
  46490.00     0.8172
  46500.00     0.9170
  46510.00     0.9115
  46520.00     0.8827
  46530.00     1.2730
  46540.00     1.0102
  46550.00     0.8990
  46560.00     0.8707
  46570.00     0.8135
  46580.00     1.2395
  46590.00     0.9199
  46600.00     0.5547
  46610.00     0.6768
  46620.00     0.9383
  46630.00     1.0242
  46640.00     1.1117
  46650.00     0.9633
  46660.00     1.3616
  46670.00     0.7273
  46680.00     0.9930
  46690.00     1.3756
  46700.00     0.9149
  46710.00     0.8086
  46720.00     1.3154
  46730.00     1.0187
  46740.00     1.1818
  46750.00     0.7576
  46760.00     1.0740
  46770.00     1.3517
  46780.00     0.9912
  46790.00     1.2090
  46800.00     1.2772
  46810.00     1.1780
  46820.00     0.9298
  46830.00     1.4725
  46840.00     1.5223
  46850.00     0.8095
  46860.00     0.7341
  46870.00     0.6892
  46880.00     1.2063
  46890.00     0.9856
  46900.00     0.8828
  46910.00     1.3056
  46920.00     1.1494
  46930.00     1.0944
  46940.00     0.8991
  46950.00     0.8407
  46960.00     1.4721
  46970.00     1.1692
  46980.00     0.7778
  46990.00     0.7621
  47000.00     0.6903
  47010.00     0.5286
  47020.00     0.9655
  47030.00     1.2579
  47040.00     0.7842
  47050.00     1.3594
  47060.00     1.1792
  47070.00     0.6695
  47080.00     0.9083
  47090.00     0.6824
  47100.00     0.6053
  47110.00     1.3432
  47120.00     0.7629
  47130.00     1.0067
  47140.00     0.7514
  47150.00     0.3016
  47160.00     1.0515
  47170.00     1.1146
  47180.00     0.2600
  47190.00     0.8958
  47200.00     1.1731
  47210.00     1.1759
  47220.00     1.4132
  47230.00     1.4945
  47240.00     0.6782
  47250.00     1.0736
  47260.00     1.0793
  47270.00     0.8094
  47280.00     0.9680
  47290.00     1.0587
  47300.00     0.8522
  47310.00     1.0709
  47320.00     0.7639
  47330.00     0.8555
  47340.00     0.9192
  47350.00     1.1248
  47360.00     0.8595
  47370.00     0.4669
  47380.00     0.9088
  47390.00     0.7466
  47400.00     0.9757
  47410.00     1.2528
  47420.00     0.7454
  47430.00     0.9680
  47440.00     0.9949
  47450.00     1.2117
  47460.00     0.9645
  47470.00     1.2295
  47480.00     0.6812
  47490.00     1.0493
  47500.00     1.6093
  47510.00     1.0051
  47520.00     0.4246
  47530.00     1.3338
  47540.00     1.0930
  47550.00     1.3706
  47560.00     1.4338
  47570.00     0.8748
  47580.00     1.5040
  47590.00     1.0217
  47600.00     0.8551
  47610.00     1.2923
  47620.00     0.6080
  47630.00     1.0896
  47640.00     1.0120
  47650.00     1.2226
  47660.00     0.9046
  47670.00     0.7424
  47680.00     0.7784
  47690.00     0.8114
  47700.00     1.4548
  47710.00     1.3108
  47720.00     0.4206
  47730.00     1.1970
  47740.00     1.0342
  47750.00     0.9028
  47760.00     1.0162
  47770.00     1.3151
  47780.00     1.0968
  47790.00     1.0247
  47800.00     0.8770
  47810.00     0.8337
  47820.00     1.3506
  47830.00     1.3015
  47840.00     0.8877
  47850.00     0.7413
  47860.00     1.0963
  47870.00     1.2090
  47880.00     0.8671
  47890.00     0.6883
  47900.00     0.4780
  47910.00     0.6330
  47920.00     0.8182
  47930.00     0.9733
  47940.00     0.8080
  47950.00     1.3434
  47960.00     0.6256
  47970.00     1.0169
  47980.00     0.6518
  47990.00     1.8858
  48000.00     0.9927
  48010.00     1.0256
  48020.00     1.7088
  48030.00     1.3321
  48040.00     0.9330
  48050.00     1.3302
  48060.00     0.8524
  48070.00     1.0401
  48080.00     1.0195
  48090.00     0.7194
  48100.00     1.0086
  48110.00     1.3523
  48120.00     1.1576
  48130.00     0.7517
  48140.00     0.5891
  48150.00     1.4980
  48160.00     0.9957
  48170.00     0.8887
  48180.00     0.4496
  48190.00     1.2787
  48200.00     1.2326
  48210.00     1.0164
  48220.00     1.4650
  48230.00     0.4823
  48240.00     1.6043
  48250.00     0.7527
  48260.00     1.5579
  48270.00     1.1710
  48280.00     0.7512
  48290.00     1.1405
  48300.00     1.2048
  48310.00     1.3690
  48320.00     1.1277
  48330.00     0.7604
  48340.00     0.5265
  48350.00     1.7746
  48360.00     1.3586
  48370.00     1.2817
  48380.00     0.7252
  48390.00     1.4498
  48400.00     0.9572
  48410.00     1.0556
  48420.00     1.2657
  48430.00     1.1094
  48440.00     1.0871
  48450.00     1.2083
  48460.00     0.6118
  48470.00     0.8176
  48480.00     1.0370
  48490.00     0.8494
  48500.00     0.9513
  48510.00     1.2817
  48520.00     1.2858
  48530.00     1.1801
  48540.00     0.5650
  48550.00     0.9412
  48560.00     1.3078
  48570.00     1.1712
  48580.00     1.2426
  48590.00     1.1022
  48600.00     0.8706
  48610.00     1.0203
  48620.00     1.1348
  48630.00     1.0520
  48640.00     0.7808
  48650.00     0.7403
  48660.00     1.2492
  48670.00     0.9031
  48680.00     1.1942
  48690.00     0.8972
  48700.00     1.4910
  48710.00     1.2981
  48720.00     0.9696
  48730.00     1.2438
  48740.00     0.8506
  48750.00     1.2177
  48760.00     1.1354
  48770.00     1.1091
  48780.00     0.8844
  48790.00     1.3390
  48800.00     0.6971
  48810.00     1.2073
  48820.00     1.0590
  48830.00     1.1531
  48840.00     1.3029
  48850.00     1.5250
  48860.00     0.7137
  48870.00     1.2030
  48880.00     1.2674
  48890.00     1.1257
  48900.00     0.6123
  48910.00     0.9059
  48920.00     1.3865
  48930.00     0.8936
  48940.00     0.7265
  48950.00     0.9071
  48960.00     0.9861
  48970.00     1.5890
  48980.00     0.8096
  48990.00     0.8191
  49000.00     0.8553
  49010.00     0.7181
  49020.00     0.9399
  49030.00     1.3674
  49040.00     0.4415
  49050.00     1.0258
  49060.00     1.4612
  49070.00     0.8765
  49080.00     0.5687
  49090.00     1.0928
  49100.00     0.8183
  49110.00     0.9833
  49120.00     1.1248
  49130.00     1.2644
  49140.00     1.2042
  49150.00     1.0119
  49160.00     1.1028
  49170.00     1.1224
  49180.00     0.9065
  49190.00     1.1887
  49200.00     0.8222
  49210.00     1.2157
  49220.00     1.0551
  49230.00     1.2017
  49240.00     1.3008
  49250.00     1.1347
  49260.00     0.7570
  49270.00     0.8154
  49280.00     1.4119
  49290.00     1.5096
  49300.00     0.9251
  49310.00     0.6915
  49320.00     1.3064
  49330.00     1.1749
  49340.00     0.3981
  49350.00     1.2038
  49360.00     1.3348
  49370.00     1.3411
  49380.00     1.4014
  49390.00     0.8919
  49400.00     0.9936
  49410.00     0.8008
  49420.00     1.1285
  49430.00     1.1951
  49440.00     0.6651
  49450.00     1.0457
  49460.00     1.0117
  49470.00     1.1760
  49480.00     1.3058
  49490.00     1.5011
  49500.00     1.0331
  49510.00     1.3653
  49520.00     0.9164
  49530.00     0.2962
  49540.00     1.1264
  49550.00     0.6333
  49560.00     0.4334
  49570.00     1.0572
  49580.00     0.9918
  49590.00     0.9781
  49600.00     1.2837
  49610.00     0.9418
  49620.00     0.2943
  49630.00     0.5914
  49640.00     1.3525
  49650.00     1.1100
  49660.00     0.8640
  49670.00     1.0322
  49680.00     0.5502
  49690.00     1.6147
  49700.00     1.0879
  49710.00     0.8991
  49720.00     0.4119
  49730.00     1.1382
  49740.00     0.6622
  49750.00     1.4366
  49760.00     1.0989
  49770.00     1.1442
  49780.00     1.1232
  49790.00     1.2306
  49800.00     1.0766
  49810.00     1.6267
  49820.00     0.9895
  49830.00     1.4590
  49840.00     1.2126
  49850.00     1.1733
  49860.00     1.3857
  49870.00     0.8131
  49880.00     0.9458
  49890.00     1.1432
  49900.00     1.1171
  49910.00     0.9973
  49920.00     1.3119
  49930.00     0.8518
  49940.00     0.7255
  49950.00     1.2019
  49960.00     0.6884
  49970.00     0.5031
  49980.00     1.0283
  49990.00     0.5986
  50000.00     0.5684
