     10.00    35.5654
     20.00    35.8992
     30.00    36.2184
     40.00    35.8617
     50.00    35.6842
     60.00    35.7806
     70.00    35.8010
     80.00    35.7670
     90.00    35.9850
    100.00    36.0175
    110.00    35.8098
    120.00    36.0943
    130.00    35.7753
    140.00    35.7009
    150.00    36.0045
    160.00    36.1144
    170.00    35.6702
    180.00    35.5914
    190.00    35.4304
    200.00    35.9217
    210.00    35.6029
    220.00    35.6285
    230.00    36.0459
    240.00    35.7959
    250.00    35.8419
    260.00    36.2412
    270.00    36.1821
    280.00    36.3992
    290.00    35.6791
    300.00    35.3768
    310.00    35.9973
    320.00    35.9872
    330.00    36.1102
    340.00    35.7302
    350.00    35.8394
    360.00    36.1041
    370.00    35.9699
    380.00    36.5884
    390.00    35.9073
    400.00    35.9745
    410.00    36.3415
    420.00    35.8303
    430.00    35.7885
    440.00    35.8811
    450.00    35.5851
    460.00    36.0300
    470.00    35.8308
    480.00    36.2066
    490.00    35.1524
    500.00    36.1085
    510.00    35.8786
    520.00    35.7887
    530.00    36.0687
    540.00    35.7543
    550.00    36.1328
    560.00    35.8809
    570.00    36.3107
    580.00    35.7215
    590.00    36.3327
    600.00    36.1685
    610.00    36.0931
    620.00    35.7633
    630.00    35.9188
    640.00    36.5264
    650.00    36.1856
    660.00    36.4503
    670.00    36.5131
    680.00    35.9654
    690.00    35.9737
    700.00    35.9494
    710.00    35.8861
    720.00    35.5714
    730.00    36.0800
    740.00    36.0643
    750.00    35.8377
    760.00    35.6604
    770.00    36.4890
    780.00    36.3379
    790.00    35.7930
    800.00    36.1831
    810.00    35.8184
    820.00    35.8658
    830.00    35.7843
    840.00    35.9329
    850.00    36.1554
    860.00    36.1604
    870.00    35.9380
    880.00    36.2945
    890.00    36.1951
    900.00    35.7420
    910.00    36.0984
    920.00    36.3275
    930.00    35.5140
    940.00    36.2801
    950.00    35.9253
    960.00    36.3161
    970.00    36.0259
    980.00    36.1015
    990.00    35.8696
   1000.00    36.3594
   1010.00    36.2407
   1020.00    35.1349
   1030.00    35.9396
   1040.00    35.9499
   1050.00    36.1571
   1060.00    36.3849
   1070.00    36.1313
   1080.00    36.6542
   1090.00    36.0443
   1100.00    36.1758
   1110.00    35.6967
   1120.00    36.4882
   1130.00    35.6040
   1140.00    35.5728
   1150.00    36.1857
   1160.00    35.9324
   1170.00    35.8604
   1180.00    36.1643
   1190.00    36.0073
   1200.00    36.5590
   1210.00    36.1286
   1220.00    36.1518
   1230.00    36.0895
   1240.00    35.9700
   1250.00    35.6008
   1260.00    36.0067
   1270.00    35.6942
   1280.00    35.8593
   1290.00    35.6756
   1300.00    35.9294
   1310.00    35.9853
   1320.00    36.2134
   1330.00    35.7909
   1340.00    35.7852
   1350.00    35.3128
   1360.00    35.9157
   1370.00    35.8512
   1380.00    36.5590
   1390.00    36.0232
   1400.00    35.8859
   1410.00    36.0560
   1420.00    35.4631
   1430.00    35.7483
   1440.00    36.5352
   1450.00    36.3023
   1460.00    36.1422
   1470.00    36.2273
   1480.00    36.0449
   1490.00    36.1055
   1500.00    36.0110
   1510.00    36.7998
   1520.00    35.9397
   1530.00    35.9078
   1540.00    36.1788
   1550.00    35.4296
   1560.00    36.1508
   1570.00    36.0545
   1580.00    35.5211
   1590.00    35.6096
   1600.00    35.7380
   1610.00    35.4054
   1620.00    35.8454
   1630.00    36.1653
   1640.00    36.0894
   1650.00    35.5785
   1660.00    36.1346
   1670.00    35.8225
   1680.00    36.7891
   1690.00    36.3318
   1700.00    35.7391
   1710.00    35.8677
   1720.00    36.0648
   1730.00    35.8090
   1740.00    36.0744
   1750.00    36.0218
   1760.00    35.9606
   1770.00    36.0987
   1780.00    35.7883
   1790.00    36.0642
   1800.00    36.1059
   1810.00    35.6108
   1820.00    36.0470
   1830.00    35.8488
   1840.00    35.6578
   1850.00    35.7142
   1860.00    35.9567
   1870.00    35.7581
   1880.00    35.9707
   1890.00    36.3674
   1900.00    36.1040
   1910.00    35.8031
   1920.00    36.2372
   1930.00    36.1166
   1940.00    35.7450
   1950.00    35.9239
   1960.00    36.2155
   1970.00    36.2407
   1980.00    35.9856
   1990.00    36.4961
   2000.00    36.0503
   2010.00    36.0003
   2020.00    35.4977
   2030.00    35.8426
   2040.00    36.8318
   2050.00    35.8116
   2060.00    36.6232
   2070.00    36.3265
   2080.00    35.9134
   2090.00    35.8476
   2100.00    36.2463
   2110.00    35.7266
   2120.00    36.0089
   2130.00    35.9447
   2140.00    35.7800
   2150.00    36.7071
   2160.00    35.9260
   2170.00    35.9324
   2180.00    36.2731
   2190.00    36.0438
   2200.00    36.2251
   2210.00    35.8074
   2220.00    36.0448
   2230.00    35.9861
   2240.00    35.7541
   2250.00    35.9810
   2260.00    36.6971
   2270.00    35.9373
   2280.00    36.5098
   2290.00    36.0305
   2300.00    36.0284
   2310.00    35.7364
   2320.00    35.5557
   2330.00    35.5132
   2340.00    35.8018
   2350.00    35.9163
   2360.00    35.8047
   2370.00    36.2548
   2380.00    36.0169
   2390.00    35.5819
   2400.00    35.6751
   2410.00    35.9476
   2420.00    36.0360
   2430.00    35.7861
   2440.00    35.4943
   2450.00    36.1831
   2460.00    36.1455
   2470.00    35.7600
   2480.00    36.0752
   2490.00    35.7425
   2500.00    36.1915
   2510.00    35.4928
   2520.00    35.7708
   2530.00    35.4577
   2540.00    36.1711
   2550.00    36.1148
   2560.00    35.3353
   2570.00    35.4268
   2580.00    35.7885
   2590.00    35.3629
   2600.00    36.1596
   2610.00    36.0217
   2620.00    35.6266
   2630.00    35.9908
   2640.00    35.8134
   2650.00    35.9912
   2660.00    36.3312
   2670.00    35.9244
   2680.00    36.1967
   2690.00    36.4013
   2700.00    36.2998
   2710.00    36.0333
   2720.00    36.0995
   2730.00    36.1745
   2740.00    35.6855
   2750.00    36.0327
   2760.00    35.8934
   2770.00    36.0515
   2780.00    35.9686
   2790.00    35.9137
   2800.00    36.2934
   2810.00    35.7153
   2820.00    36.1454
   2830.00    36.0972
   2840.00    36.0526
   2850.00    36.0345
   2860.00    35.8849
   2870.00    36.2546
   2880.00    35.8744
   2890.00    35.6171
   2900.00    35.8350
   2910.00    36.4018
   2920.00    35.8798
   2930.00    35.6247
   2940.00    35.7649
   2950.00    35.9155
   2960.00    35.8518
   2970.00    35.8506
   2980.00    36.4544
   2990.00    35.5201
   3000.00    35.7864
   3010.00    36.2224
   3020.00    36.1605
   3030.00    35.4497
   3040.00    35.5414
   3050.00    35.6393
   3060.00    36.4573
   3070.00    35.9904
   3080.00    36.2899
   3090.00    35.9474
   3100.00    35.8532
   3110.00    36.0076
   3120.00    35.5535
   3130.00    36.1109
   3140.00    36.5640
   3150.00    35.3031
   3160.00    36.1694
   3170.00    36.4051
   3180.00    36.6779
   3190.00    36.0830
   3200.00    36.4817
   3210.00    35.6489
   3220.00    36.4868
   3230.00    35.9439
   3240.00    35.9932
   3250.00    36.0291
   3260.00    36.1121
   3270.00    35.7422
   3280.00    35.9096
   3290.00    35.7898
   3300.00    35.9166
   3310.00    35.6205
   3320.00    36.2264
   3330.00    35.5717
   3340.00    36.2641
   3350.00    35.7708
   3360.00    35.9764
   3370.00    36.0224
   3380.00    35.7707
   3390.00    35.6719
   3400.00    35.9052
   3410.00    35.8840
   3420.00    35.4474
   3430.00    35.9105
   3440.00    35.7542
   3450.00    37.0479
   3460.00    35.8373
   3470.00    36.0557
   3480.00    35.7597
   3490.00    36.0208
   3500.00    35.8955
   3510.00    36.0283
   3520.00    36.3291
   3530.00    36.0746
   3540.00    36.1272
   3550.00    35.7353
   3560.00    36.0461
   3570.00    35.9223
   3580.00    36.2725
   3590.00    35.7360
   3600.00    35.8766
   3610.00    36.0822
   3620.00    36.0075
   3630.00    36.0577
   3640.00    35.8406
   3650.00    36.1181
   3660.00    35.8735
   3670.00    35.5943
   3680.00    36.1849
   3690.00    35.7266
   3700.00    36.1888
   3710.00    35.8194
   3720.00    36.2974
   3730.00    35.9357
   3740.00    35.9548
   3750.00    36.1132
   3760.00    36.2390
   3770.00    36.1387
   3780.00    36.1237
   3790.00    35.9853
   3800.00    35.7697
   3810.00    35.5055
   3820.00    36.0018
   3830.00    36.2936
   3840.00    36.2598
   3850.00    35.9445
   3860.00    36.3249
   3870.00    35.8780
   3880.00    36.0866
   3890.00    35.3035
   3900.00    35.8106
   3910.00    35.9389
   3920.00    36.0698
   3930.00    36.0125
   3940.00    35.5158
   3950.00    36.2274
   3960.00    35.2504
   3970.00    35.8892
   3980.00    35.9831
   3990.00    36.0321
   4000.00    35.5488
   4010.00    35.8874
   4020.00    36.2865
   4030.00    36.0603
   4040.00    36.0850
   4050.00    36.3129
   4060.00    36.2328
   4070.00    36.6505
   4080.00    36.1455
   4090.00    36.1334
   4100.00    35.5878
   4110.00    35.4389
   4120.00    36.1243
   4130.00    36.3200
   4140.00    35.7711
   4150.00    36.2622
   4160.00    35.9011
   4170.00    36.1510
   4180.00    36.1743
   4190.00    36.1205
   4200.00    36.0078
   4210.00    36.4490
   4220.00    35.9589
   4230.00    35.6426
   4240.00    35.6865
   4250.00    36.0482
   4260.00    36.0516
   4270.00    36.2935
   4280.00    35.7944
   4290.00    35.8910
   4300.00    36.0933
   4310.00    36.4357
   4320.00    36.3871
   4330.00    35.7550
   4340.00    36.3612
   4350.00    35.9762
   4360.00    36.0612
   4370.00    36.2983
   4380.00    36.1477
   4390.00    35.6270
   4400.00    35.7689
   4410.00    35.9300
   4420.00    35.4419
   4430.00    35.7720
   4440.00    35.7278
   4450.00    35.6426
   4460.00    36.2946
   4470.00    35.5492
   4480.00    35.9195
   4490.00    36.0534
   4500.00    36.0882
   4510.00    35.5414
   4520.00    35.7606
   4530.00    36.2027
   4540.00    36.0348
   4550.00    36.1730
   4560.00    35.8855
   4570.00    35.4256
   4580.00    36.4888
   4590.00    36.3579
   4600.00    36.4620
   4610.00    36.0712
   4620.00    36.1496
   4630.00    36.2980
   4640.00    36.2303
   4650.00    35.3495
   4660.00    36.1722
   4670.00    35.5527
   4680.00    35.9597
   4690.00    36.0190
   4700.00    35.9116
   4710.00    36.3980
   4720.00    35.7550
   4730.00    36.2147
   4740.00    35.8003
   4750.00    35.8425
   4760.00    36.2671
   4770.00    36.0558
   4780.00    35.8179
   4790.00    35.7219
   4800.00    36.1856
   4810.00    35.8749
   4820.00    35.9714
   4830.00    35.9306
   4840.00    36.3923
   4850.00    36.0432
   4860.00    36.4283
   4870.00    36.0406
   4880.00    36.3676
   4890.00    36.1633
   4900.00    36.5012
   4910.00    35.8664
   4920.00    36.6006
   4930.00    35.4345
   4940.00    36.1942
   4950.00    35.8295
   4960.00    36.1425
   4970.00    35.9901
   4980.00    35.5014
   4990.00    35.9905
   5000.00    36.1125
   5010.00    35.9977
   5020.00    35.8702
   5030.00    36.5459
   5040.00    36.0924
   5050.00    36.2016
   5060.00    36.0413
   5070.00    36.1955
   5080.00    35.8150
   5090.00    36.5755
   5100.00    35.7194
   5110.00    36.5424
   5120.00    36.0998
   5130.00    35.8600
   5140.00    36.0114
   5150.00    36.2935
   5160.00    36.0595
   5170.00    36.0005
   5180.00    36.1290
   5190.00    35.4318
   5200.00    35.8603
   5210.00    36.1094
   5220.00    35.6525
   5230.00    36.0305
   5240.00    36.1223
   5250.00    35.9052
   5260.00    36.0405
   5270.00    35.9943
   5280.00    35.5597
   5290.00    36.0633
   5300.00    35.8879
   5310.00    36.0657
   5320.00    36.4319
   5330.00    36.2660
   5340.00    36.1128
   5350.00    35.8145
   5360.00    36.5606
   5370.00    36.0906
   5380.00    35.6206
   5390.00    35.5547
   5400.00    36.2365
   5410.00    35.9937
   5420.00    36.0721
   5430.00    35.8390
   5440.00    35.4475
   5450.00    36.2058
   5460.00    36.0741
   5470.00    35.9984
   5480.00    36.3622
   5490.00    35.8920
   5500.00    36.0628
   5510.00    35.9871
   5520.00    35.2011
   5530.00    36.0064
   5540.00    36.3540
   5550.00    36.4220
   5560.00    36.2098
   5570.00    35.9122
   5580.00    35.6614
   5590.00    35.9369
   5600.00    36.2555
   5610.00    35.8817
   5620.00    36.4445
   5630.00    36.1660
   5640.00    36.0598
   5650.00    35.4668
   5660.00    35.5777
   5670.00    35.9715
   5680.00    35.7035
   5690.00    36.0650
   5700.00    35.8473
   5710.00    35.7888
   5720.00    36.3449
   5730.00    35.8937
   5740.00    35.8543
   5750.00    35.3938
   5760.00    36.0754
   5770.00    36.1046
   5780.00    35.7457
   5790.00    36.0575
   5800.00    35.7252
   5810.00    36.3194
   5820.00    36.2034
   5830.00    35.9979
   5840.00    36.0305
   5850.00    36.4619
   5860.00    35.6145
   5870.00    36.6287
   5880.00    35.7534
   5890.00    36.3870
   5900.00    36.3639
   5910.00    35.8475
   5920.00    35.6769
   5930.00    35.9300
   5940.00    36.0187
   5950.00    36.2119
   5960.00    35.6725
   5970.00    36.1140
   5980.00    36.1417
   5990.00    35.8869
   6000.00    35.8817
   6010.00    35.9432
   6020.00    36.2367
   6030.00    35.8512
   6040.00    35.3356
   6050.00    36.0021
   6060.00    35.8780
   6070.00    35.7828
   6080.00    36.1170
   6090.00    35.8404
   6100.00    35.8155
   6110.00    36.3000
   6120.00    36.0152
   6130.00    35.5895
   6140.00    35.5956
   6150.00    36.4570
   6160.00    35.9237
   6170.00    36.0448
   6180.00    36.0452
   6190.00    35.4528
   6200.00    35.7953
   6210.00    35.6584
   6220.00    35.5071
   6230.00    35.8077
   6240.00    36.0269
   6250.00    35.6329
   6260.00    36.0266
   6270.00    35.9927
   6280.00    36.4373
   6290.00    36.2989
   6300.00    35.9334
   6310.00    35.9623
   6320.00    36.1057
   6330.00    36.4579
   6340.00    35.8948
   6350.00    35.9421
   6360.00    35.5329
   6370.00    35.9025
   6380.00    36.4640
   6390.00    35.6848
   6400.00    35.8013
   6410.00    36.5536
   6420.00    35.9812
   6430.00    35.7249
   6440.00    35.5359
   6450.00    35.9597
   6460.00    36.3370
   6470.00    35.8734
   6480.00    35.3749
   6490.00    36.4421
   6500.00    35.7850
   6510.00    36.4798
   6520.00    35.8584
   6530.00    35.6946
   6540.00    35.9315
   6550.00    36.2078
   6560.00    35.9356
   6570.00    35.4893
   6580.00    35.9681
   6590.00    35.7581
   6600.00    35.6013
   6610.00    35.7032
   6620.00    36.2296
   6630.00    35.6605
   6640.00    36.2288
   6650.00    36.1519
   6660.00    36.3795
   6670.00    35.9954
   6680.00    36.1842
   6690.00    36.7699
   6700.00    35.9321
   6710.00    35.9423
   6720.00    36.2050
   6730.00    35.9296
   6740.00    36.3320
   6750.00    35.9645
   6760.00    36.3334
   6770.00    36.1373
   6780.00    35.5202
   6790.00    35.8475
   6800.00    36.1302
   6810.00    36.0414
   6820.00    35.7748
   6830.00    35.2199
   6840.00    36.3603
   6850.00    35.9216
   6860.00    36.1449
   6870.00    36.2359
   6880.00    35.6651
   6890.00    36.5358
   6900.00    35.9189
   6910.00    36.1466
   6920.00    35.7509
   6930.00    36.2323
   6940.00    35.5905
   6950.00    35.8167
   6960.00    35.9834
   6970.00    35.8413
   6980.00    36.0442
   6990.00    35.5566
   7000.00    36.1583
   7010.00    35.8173
   7020.00    35.8000
   7030.00    35.8756
   7040.00    35.8914
   7050.00    36.2110
   7060.00    35.5866
   7070.00    36.1973
   7080.00    35.4983
   7090.00    36.5132
   7100.00    35.7804
   7110.00    36.2574
   7120.00    36.0024
   7130.00    36.2243
   7140.00    35.7684
   7150.00    35.5437
   7160.00    36.2087
   7170.00    36.0668
   7180.00    36.0666
   7190.00    35.6618
   7200.00    36.1182
   7210.00    36.0371
   7220.00    35.7280
   7230.00    36.4549
   7240.00    36.0150
   7250.00    35.8544
   7260.00    36.4623
   7270.00    36.0505
   7280.00    36.2972
   7290.00    36.3284
   7300.00    36.0326
   7310.00    35.8956
   7320.00    36.1007
   7330.00    35.9641
   7340.00    36.3780
   7350.00    36.4051
   7360.00    36.0086
   7370.00    36.1566
   7380.00    35.7844
   7390.00    36.1190
   7400.00    35.6559
   7410.00    35.7633
   7420.00    35.8068
   7430.00    35.7587
   7440.00    36.0410
   7450.00    36.2675
   7460.00    36.0918
   7470.00    36.0005
   7480.00    36.1945
   7490.00    36.0692
   7500.00    35.7836
   7510.00    35.8546
   7520.00    35.6682
   7530.00    36.0823
   7540.00    35.6226
   7550.00    36.0393
   7560.00    35.7641
   7570.00    36.2068
   7580.00    36.0663
   7590.00    35.7859
   7600.00    36.1198
   7610.00    36.1090
   7620.00    35.6241
   7630.00    36.2013
   7640.00    35.8078
   7650.00    36.4438
   7660.00    35.7948
   7670.00    35.9909
   7680.00    36.2208
   7690.00    36.1686
   7700.00    35.6136
   7710.00    36.2551
   7720.00    36.0791
   7730.00    35.9366
   7740.00    36.1117
   7750.00    35.5227
   7760.00    36.0877
   7770.00    36.5463
   7780.00    36.6866
   7790.00    36.4354
   7800.00    36.0475
   7810.00    36.3126
   7820.00    35.7694
   7830.00    35.6004
   7840.00    35.9913
   7850.00    35.9912
   7860.00    35.9766
   7870.00    36.1880
   7880.00    36.0345
   7890.00    35.9101
   7900.00    35.8079
   7910.00    36.5870
   7920.00    35.7350
   7930.00    36.0474
   7940.00    36.0966
   7950.00    36.3450
   7960.00    35.8089
   7970.00    36.1380
   7980.00    35.8524
   7990.00    35.8239
   8000.00    36.2650
   8010.00    36.1924
   8020.00    36.1183
   8030.00    35.9850
   8040.00    35.9106
   8050.00    36.0799
   8060.00    35.7720
   8070.00    35.7044
   8080.00    35.9880
   8090.00    35.9317
   8100.00    36.1154
   8110.00    35.8391
   8120.00    36.2832
   8130.00    35.8702
   8140.00    35.7667
   8150.00    36.2431
   8160.00    35.6439
   8170.00    35.9429
   8180.00    35.6130
   8190.00    36.2458
   8200.00    35.6899
   8210.00    35.9180
   8220.00    35.4291
   8230.00    36.2395
   8240.00    36.3036
   8250.00    36.4544
   8260.00    35.4985
   8270.00    36.1243
   8280.00    35.4890
   8290.00    36.0862
   8300.00    35.8540
   8310.00    35.8633
   8320.00    36.4378
   8330.00    36.6709
   8340.00    35.9317
   8350.00    35.8585
   8360.00    36.1726
   8370.00    35.9210
   8380.00    36.2768
   8390.00    35.8935
   8400.00    35.8275
   8410.00    36.1921
   8420.00    36.0323
   8430.00    35.8505
   8440.00    35.9557
   8450.00    36.4016
   8460.00    36.2443
   8470.00    36.1785
   8480.00    36.2961
   8490.00    36.3349
   8500.00    35.8647
   8510.00    35.7636
   8520.00    35.3319
   8530.00    35.7355
   8540.00    35.2715
   8550.00    36.2709
   8560.00    36.4152
   8570.00    36.3463
   8580.00    36.3124
   8590.00    36.6988
   8600.00    36.1233
   8610.00    36.2590
   8620.00    36.1389
   8630.00    36.0205
   8640.00    35.4172
   8650.00    36.1615
   8660.00    35.9673
   8670.00    35.7357
   8680.00    35.8750
   8690.00    36.2487
   8700.00    35.2912
   8710.00    35.7784
   8720.00    36.1950
   8730.00    35.2521
   8740.00    36.5609
   8750.00    36.4538
   8760.00    36.3411
   8770.00    35.9486
   8780.00    35.0880
   8790.00    35.9762
   8800.00    36.2943
   8810.00    36.2539
   8820.00    35.5724
   8830.00    35.9809
   8840.00    35.8783
   8850.00    35.8442
   8860.00    36.0267
   8870.00    36.1386
   8880.00    36.3443
   8890.00    35.8747
   8900.00    35.8666
   8910.00    35.9340
   8920.00    35.9799
   8930.00    36.5916
   8940.00    35.4809
   8950.00    36.1854
   8960.00    36.2577
   8970.00    35.7771
   8980.00    36.2845
   8990.00    35.4958
   9000.00    35.9637
   9010.00    35.8941
   9020.00    36.5187
   9030.00    35.6635
   9040.00    35.9781
   9050.00    36.2406
   9060.00    35.9916
   9070.00    35.8562
   9080.00    35.9960
   9090.00    36.3622
   9100.00    35.9445
   9110.00    35.8368
   9120.00    35.9229
   9130.00    36.1133
   9140.00    35.6504
   9150.00    35.9930
   9160.00    35.5208
   9170.00    35.8676
   9180.00    35.9648
   9190.00    36.4762
   9200.00    36.0723
   9210.00    35.3884
   9220.00    35.6064
   9230.00    35.7827
   9240.00    35.5090
   9250.00    35.8723
   9260.00    35.5767
   9270.00    36.0855
   9280.00    35.9628
   9290.00    36.2709
   9300.00    35.8887
   9310.00    36.0233
   9320.00    36.3828
   9330.00    36.2149
   9340.00    35.9495
   9350.00    36.6706
   9360.00    35.8295
   9370.00    36.1136
   9380.00    36.1918
   9390.00    36.0741
   9400.00    36.1080
   9410.00    35.7196
   9420.00    35.6669
   9430.00    35.8380
   9440.00    36.0789
   9450.00    35.8036
   9460.00    35.4809
   9470.00    36.3092
   9480.00    36.2237
   9490.00    35.9310
   9500.00    36.2288
   9510.00    36.0095
   9520.00    36.2476
   9530.00    36.1050
   9540.00    35.7331
   9550.00    35.5346
   9560.00    35.8836
   9570.00    36.1246
   9580.00    35.4850
   9590.00    35.5326
   9600.00    36.6739
   9610.00    36.0224
   9620.00    36.0329
   9630.00    36.0931
   9640.00    35.7018
   9650.00    35.7356
   9660.00    36.3886
   9670.00    36.0465
   9680.00    35.6320
   9690.00    36.3868
   9700.00    35.7401
   9710.00    36.1724
   9720.00    35.9185
   9730.00    36.2053
   9740.00    35.9834
   9750.00    35.9218
   9760.00    35.4116
   9770.00    35.8336
   9780.00    36.2921
   9790.00    36.0580
   9800.00    36.4576
   9810.00    36.0926
   9820.00    35.7531
   9830.00    36.1957
   9840.00    36.0809
   9850.00    35.8331
   9860.00    36.1646
   9870.00    36.3649
   9880.00    35.6701
   9890.00    35.8934
   9900.00    35.7503
   9910.00    35.7650
   9920.00    36.3041
   9930.00    35.8346
   9940.00    36.4268
   9950.00    35.8915
   9960.00    36.2214
   9970.00    35.7112
   9980.00    36.2043
   9990.00    36.0056
  10000.00    35.8020
  10010.00    35.9758
  10020.00    36.0505
  10030.00    35.7320
  10040.00    35.8105
  10050.00    35.9287
  10060.00    35.4860
  10070.00    35.9887
  10080.00    36.0500
  10090.00    35.7754
  10100.00    36.2983
  10110.00    36.0920
  10120.00    35.9529
  10130.00    35.8511
  10140.00    36.1380
  10150.00    35.8302
  10160.00    36.2985
  10170.00    35.5714
  10180.00    35.8746
  10190.00    36.1545
  10200.00    35.6579
  10210.00    35.6866
  10220.00    36.3638
  10230.00    35.7488
  10240.00    36.0559
  10250.00    36.0015
  10260.00    36.0149
  10270.00    35.7991
  10280.00    36.0516
  10290.00    36.2636
  10300.00    35.9462
  10310.00    35.8712
  10320.00    35.9342
  10330.00    36.1079
  10340.00    36.0816
  10350.00    35.6244
  10360.00    35.9003
  10370.00    36.1379
  10380.00    36.1610
  10390.00    35.9917
  10400.00    36.2059
  10410.00    35.6987
  10420.00    36.2399
  10430.00    36.0819
  10440.00    36.0505
  10450.00    36.0984
  10460.00    35.8290
  10470.00    36.2202
  10480.00    35.7391
  10490.00    36.0144
  10500.00    36.2572
  10510.00    36.5057
  10520.00    36.2518
  10530.00    35.5116
  10540.00    36.1487
  10550.00    35.6481
  10560.00    35.8374
  10570.00    35.9020
  10580.00    35.4443
  10590.00    35.9516
  10600.00    35.8125
  10610.00    35.8951
  10620.00    36.4622
  10630.00    35.6583
  10640.00    35.9798
  10650.00    36.6442
  10660.00    36.2019
  10670.00    35.6843
  10680.00    35.7414
  10690.00    35.9878
  10700.00    36.0756
  10710.00    36.0740
  10720.00    35.6827
  10730.00    35.6044
  10740.00    36.0572
  10750.00    35.5625
  10760.00    35.9269
  10770.00    35.8202
  10780.00    35.9842
  10790.00    36.4595
  10800.00    35.9251
  10810.00    35.9504
  10820.00    35.9204
  10830.00    36.1228
  10840.00    36.1201
  10850.00    35.6554
  10860.00    36.2349
  10870.00    35.6558
  10880.00    35.8531
  10890.00    36.3236
  10900.00    35.7133
  10910.00    35.6634
  10920.00    36.6934
  10930.00    36.4146
  10940.00    36.4119
  10950.00    35.7748
  10960.00    35.0411
  10970.00    35.7641
  10980.00    36.2579
  10990.00    36.1492
  11000.00    35.7161
  11010.00    36.6422
  11020.00    35.8602
  11030.00    35.9889
  11040.00    35.9821
  11050.00    36.1964
  11060.00    35.7549
  11070.00    35.6174
  11080.00    35.7937
  11090.00    35.9591
  11100.00    35.9329
  11110.00    35.7643
  11120.00    36.0492
  11130.00    36.3339
  11140.00    35.3016
  11150.00    36.0089
  11160.00    35.6654
  11170.00    36.4267
  11180.00    36.3133
  11190.00    36.0901
  11200.00    35.5984
  11210.00    35.8651
  11220.00    36.3392
  11230.00    36.0651
  11240.00    35.6895
  11250.00    35.7610
  11260.00    35.9115
  11270.00    35.8350
  11280.00    36.4268
  11290.00    35.9708
  11300.00    36.1522
  11310.00    35.9488
  11320.00    35.3753
  11330.00    36.1904
  11340.00    35.4523
  11350.00    36.3458
  11360.00    36.0435
  11370.00    36.3006
  11380.00    35.7326
  11390.00    36.5036
  11400.00    36.2502
  11410.00    35.8661
  11420.00    36.1470
  11430.00    36.0679
  11440.00    36.4253
  11450.00    36.3496
  11460.00    35.7265
  11470.00    35.9352
  11480.00    35.9342
  11490.00    35.7195
  11500.00    36.4065
  11510.00    36.2297
  11520.00    35.4113
  11530.00    35.8942
  11540.00    35.9536
  11550.00    36.1806
  11560.00    35.8145
  11570.00    35.9416
  11580.00    36.0883
  11590.00    36.0542
  11600.00    35.6780
  11610.00    35.9074
  11620.00    35.7592
  11630.00    35.8782
  11640.00    35.7996
  11650.00    36.0413
  11660.00    35.2311
  11670.00    36.0211
  11680.00    36.2239
  11690.00    36.1538
  11700.00    36.2074
  11710.00    35.7754
  11720.00    36.1892
  11730.00    35.9332
  11740.00    35.6200
  11750.00    36.0689
  11760.00    35.6262
  11770.00    36.3588
  11780.00    36.0839
  11790.00    35.5769
  11800.00    35.7876
  11810.00    36.3679
  11820.00    35.8768
  11830.00    36.5178
  11840.00    36.0838
  11850.00    35.7145
  11860.00    36.1764
  11870.00    36.3597
  11880.00    36.1171
  11890.00    35.9593
  11900.00    36.2066
  11910.00    36.2745
  11920.00    36.3999
  11930.00    36.1107
  11940.00    35.9600
  11950.00    35.8170
  11960.00    35.9389
  11970.00    36.0211
  11980.00    36.0011
  11990.00    36.1624
  12000.00    35.9082
  12010.00    36.3875
  12020.00    36.1928
  12030.00    36.3133
  12040.00    36.4195
  12050.00    36.3497
  12060.00    36.2037
  12070.00    35.8106
  12080.00    35.8289
  12090.00    35.8187
  12100.00    35.9824
  12110.00    36.1602
  12120.00    35.7700
  12130.00    36.5428
  12140.00    35.7469
  12150.00    36.6720
  12160.00    35.7064
  12170.00    36.1171
  12180.00    36.2350
  12190.00    35.9977
  12200.00    35.8532
  12210.00    36.3845
  12220.00    36.0373
  12230.00    36.4213
  12240.00    36.3332
  12250.00    35.8921
  12260.00    35.9232
  12270.00    35.9456
  12280.00    35.6195
  12290.00    35.5870
  12300.00    36.1210
  12310.00    35.7843
  12320.00    35.8303
  12330.00    34.9922
  12340.00    36.1817
  12350.00    36.3060
  12360.00    35.9906
  12370.00    35.5554
  12380.00    35.8073
  12390.00    36.0835
  12400.00    36.0059
  12410.00    36.4378
  12420.00    36.2037
  12430.00    35.7338
  12440.00    36.2434
  12450.00    36.1169
  12460.00    35.4372
  12470.00    36.5380
  12480.00    35.8540
  12490.00    36.1140
  12500.00    36.1220
  12510.00    35.9608
  12520.00    36.2115
  12530.00    35.9470
  12540.00    35.6852
  12550.00    35.7744
  12560.00    35.5759
  12570.00    35.8368
  12580.00    35.3138
  12590.00    35.8155
  12600.00    36.0559
  12610.00    35.4069
  12620.00    35.7905
  12630.00    36.3872
  12640.00    36.3893
  12650.00    36.1734
  12660.00    36.3414
  12670.00    36.1637
  12680.00    35.9238
  12690.00    36.2564
  12700.00    35.6536
  12710.00    36.2250
  12720.00    35.9572
  12730.00    36.2587
  12740.00    36.0213
  12750.00    36.1187
  12760.00    35.7519
  12770.00    35.9634
  12780.00    35.7598
  12790.00    35.8716
  12800.00    35.6542
  12810.00    35.8980
  12820.00    35.6421
  12830.00    35.7741
  12840.00    35.8324
  12850.00    36.3231
  12860.00    35.9970
  12870.00    36.4110
  12880.00    36.1066
  12890.00    35.9751
  12900.00    35.9296
  12910.00    35.4780
  12920.00    35.7942
  12930.00    35.9544
  12940.00    35.5481
  12950.00    36.2490
  12960.00    36.1335
  12970.00    35.7390
  12980.00    36.3958
  12990.00    36.0431
  13000.00    35.6588
  13010.00    36.2411
  13020.00    36.2570
  13030.00    35.8815
  13040.00    35.7373
  13050.00    35.5949
  13060.00    35.8028
  13070.00    36.0898
  13080.00    36.0798
  13090.00    36.1600
  13100.00    35.8189
  13110.00    35.8104
  13120.00    35.6938
  13130.00    36.1005
  13140.00    35.8770
  13150.00    35.8394
  13160.00    35.7552
  13170.00    36.5005
  13180.00    36.1719
  13190.00    36.2400
  13200.00    36.1265
  13210.00    36.1784
  13220.00    35.7780
  13230.00    36.2077
  13240.00    36.2847
  13250.00    35.9523
  13260.00    35.6946
  13270.00    35.8796
  13280.00    35.7619
  13290.00    35.6851
  13300.00    36.2167
  13310.00    35.8400
  13320.00    35.8183
  13330.00    36.3362
  13340.00    35.6635
  13350.00    35.8989
  13360.00    35.7368
  13370.00    36.5384
  13380.00    35.7576
  13390.00    35.6749
  13400.00    36.0035
  13410.00    36.3702
  13420.00    35.8858
  13430.00    35.4314
  13440.00    35.9580
  13450.00    35.9631
  13460.00    35.9404
  13470.00    35.7362
  13480.00    36.1913
  13490.00    36.2762
  13500.00    36.2055
  13510.00    35.8774
  13520.00    36.4188
  13530.00    35.5044
  13540.00    35.6955
  13550.00    36.1469
  13560.00    36.2615
  13570.00    35.7241
  13580.00    35.8063
  13590.00    36.1658
  13600.00    35.9896
  13610.00    35.9003
  13620.00    35.6275
  13630.00    36.7650
  13640.00    36.0040
  13650.00    36.0720
  13660.00    35.8510
  13670.00    36.5202
  13680.00    36.2292
  13690.00    35.7779
  13700.00    35.8100
  13710.00    36.0344
  13720.00    35.6424
  13730.00    36.1484
  13740.00    35.8450
  13750.00    36.1423
  13760.00    36.5074
  13770.00    36.2065
  13780.00    36.0138
  13790.00    35.6461
  13800.00    36.2800
  13810.00    35.9559
  13820.00    36.1433
  13830.00    36.0319
  13840.00    36.0812
  13850.00    36.1088
  13860.00    36.2058
  13870.00    36.2982
  13880.00    36.0778
  13890.00    36.2816
  13900.00    35.8062
  13910.00    36.0200
  13920.00    35.6552
  13930.00    35.5602
  13940.00    35.7323
  13950.00    36.4148
  13960.00    35.8631
  13970.00    35.9590
  13980.00    35.9640
  13990.00    36.3044
  14000.00    35.9884
  14010.00    36.1672
  14020.00    36.2094
  14030.00    35.9741
  14040.00    36.5831
  14050.00    36.4765
  14060.00    35.5292
  14070.00    36.2266
  14080.00    35.9011
  14090.00    36.2553
  14100.00    35.6595
  14110.00    36.0848
  14120.00    35.6902
  14130.00    35.3484
  14140.00    35.8187
  14150.00    35.8878
  14160.00    35.4913
  14170.00    36.2783
  14180.00    35.8716
  14190.00    36.1308
  14200.00    35.6475
  14210.00    36.0146
  14220.00    35.7524
  14230.00    35.8727
  14240.00    36.4214
  14250.00    35.9593
  14260.00    36.6884
  14270.00    35.6061
  14280.00    36.1780
  14290.00    36.0853
  14300.00    35.9371
  14310.00    35.7987
  14320.00    35.4819
  14330.00    36.2572
  14340.00    35.4014
  14350.00    36.0678
  14360.00    36.0805
  14370.00    36.2163
  14380.00    35.7125
  14390.00    36.0409
  14400.00    35.8573
  14410.00    36.1406
  14420.00    36.2938
  14430.00    36.4719
  14440.00    35.8952
  14450.00    35.8304
  14460.00    35.9078
  14470.00    35.9891
  14480.00    36.0951
  14490.00    35.8427
  14500.00    35.9666
  14510.00    36.1223
  14520.00    35.6536
  14530.00    36.2208
  14540.00    35.4861
  14550.00    35.4467
  14560.00    35.7002
  14570.00    35.9841
  14580.00    36.2703
  14590.00    36.3993
  14600.00    35.8961
  14610.00    35.9922
  14620.00    36.5659
  14630.00    35.7045
  14640.00    36.5095
  14650.00    36.1359
  14660.00    36.3657
  14670.00    36.3835
  14680.00    35.6542
  14690.00    36.0227
  14700.00    36.1277
  14710.00    36.4315
  14720.00    35.8644
  14730.00    35.7990
  14740.00    36.0257
  14750.00    36.3535
  14760.00    36.4851
  14770.00    36.3823
  14780.00    35.9144
  14790.00    36.1063
  14800.00    36.4102
  14810.00    36.3029
  14820.00    36.0618
  14830.00    35.4685
  14840.00    36.5527
  14850.00    36.0724
  14860.00    35.8340
  14870.00    35.9329
  14880.00    36.0518
  14890.00    35.7395
  14900.00    35.7188
  14910.00    35.9590
  14920.00    36.1146
  14930.00    35.7854
  14940.00    35.8404
  14950.00    35.5947
  14960.00    36.5300
  14970.00    36.5932
  14980.00    36.0638
  14990.00    35.8284
  15000.00    36.3496
  15010.00    35.6964
  15020.00    35.9709
  15030.00    36.2452
  15040.00    35.8273
  15050.00    36.3656
  15060.00    35.5769
  15070.00    35.7597
  15080.00    36.1709
  15090.00    35.7696
  15100.00    35.6224
  15110.00    35.8523
  15120.00    36.0640
  15130.00    35.9157
  15140.00    35.8502
  15150.00    36.0760
  15160.00    35.9747
  15170.00    35.9722
  15180.00    35.8527
  15190.00    36.1764
  15200.00    35.4685
  15210.00    35.7949
  15220.00    35.5271
  15230.00    35.9037
  15240.00    36.2011
  15250.00    35.7888
  15260.00    35.7343
  15270.00    36.2490
  15280.00    35.1516
  15290.00    36.1621
  15300.00    36.1088
  15310.00    35.9267
  15320.00    35.7349
  15330.00    36.0252
  15340.00    35.9392
  15350.00    36.0686
  15360.00    35.9100
  15370.00    36.1516
  15380.00    36.3233
  15390.00    35.9025
  15400.00    35.7844
  15410.00    35.4029
  15420.00    36.2801
  15430.00    36.1919
  15440.00    35.8441
  15450.00    35.6500
  15460.00    35.8835
  15470.00    35.8926
  15480.00    36.2977
  15490.00    36.3858
  15500.00    35.9679
  15510.00    35.6472
  15520.00    35.4868
  15530.00    35.6358
  15540.00    36.0537
  15550.00    36.0483
  15560.00    35.8866
  15570.00    36.1565
  15580.00    36.2082
  15590.00    35.7089
  15600.00    35.9621
  15610.00    36.1811
  15620.00    36.4201
  15630.00    36.1458
  15640.00    35.5183
  15650.00    35.7828
  15660.00    35.4444
  15670.00    36.0860
  15680.00    36.0152
  15690.00    36.5045
  15700.00    35.8349
  15710.00    35.6169
  15720.00    35.9151
  15730.00    36.0214
  15740.00    35.5838
  15750.00    35.9257
  15760.00    36.1852
  15770.00    35.9385
  15780.00    35.9829
  15790.00    35.7320
  15800.00    36.1749
  15810.00    36.0935
  15820.00    35.7243
  15830.00    35.8534
  15840.00    35.7990
  15850.00    35.7878
  15860.00    36.3377
  15870.00    35.7416
  15880.00    36.0510
  15890.00    36.1261
  15900.00    36.3512
  15910.00    35.9753
  15920.00    35.8188
  15930.00    35.8961
  15940.00    35.6203
  15950.00    36.0478
  15960.00    35.4788
  15970.00    36.2379
  15980.00    35.6450
  15990.00    35.7304
  16000.00    35.6247
  16010.00    35.8615
  16020.00    36.1734
  16030.00    35.3314
  16040.00    36.1134
  16050.00    36.0453
  16060.00    35.9332
  16070.00    36.3370
  16080.00    35.9880
  16090.00    35.9109
  16100.00    36.4657
  16110.00    36.1524
  16120.00    36.1296
  16130.00    36.3852
  16140.00    35.2595
  16150.00    35.9966
  16160.00    36.0450
  16170.00    35.6784
  16180.00    35.9491
  16190.00    36.0016
  16200.00    35.9431
  16210.00    36.0144
  16220.00    35.6905
  16230.00    36.0626
  16240.00    35.9861
  16250.00    35.4117
  16260.00    35.6916
  16270.00    35.8263
  16280.00    36.0982
  16290.00    36.1481
  16300.00    35.4482
  16310.00    36.0660
  16320.00    35.9071
  16330.00    35.9220
  16340.00    36.6854
  16350.00    35.9146
  16360.00    36.2808
  16370.00    35.6394
  16380.00    35.9881
  16390.00    35.7043
  16400.00    36.0375
  16410.00    35.8651
  16420.00    36.1205
  16430.00    36.0173
  16440.00    36.3139
  16450.00    36.0004
  16460.00    35.7581
  16470.00    36.1647
  16480.00    36.2416
  16490.00    36.3019
  16500.00    35.9554
  16510.00    35.9448
  16520.00    36.0168
  16530.00    36.1312
  16540.00    35.9848
  16550.00    35.6096
  16560.00    36.1832
  16570.00    35.9005
  16580.00    36.2427
  16590.00    35.7713
  16600.00    36.4300
  16610.00    36.2995
  16620.00    36.3396
  16630.00    36.3368
  16640.00    36.4049
  16650.00    36.2914
  16660.00    36.6906
  16670.00    36.2636
  16680.00    36.1836
  16690.00    36.3411
  16700.00    36.0053
  16710.00    36.0871
  16720.00    35.8596
  16730.00    36.1915
  16740.00    35.5716
  16750.00    36.1160
  16760.00    36.3448
  16770.00    35.9393
  16780.00    36.0102
  16790.00    35.6261
  16800.00    35.9144
  16810.00    35.8942
  16820.00    36.0517
  16830.00    36.3849
  16840.00    36.2592
  16850.00    35.9474
  16860.00    35.8193
  16870.00    35.5763
  16880.00    36.1731
  16890.00    36.4264
  16900.00    35.9677
  16910.00    36.3561
  16920.00    35.9777
  16930.00    35.8682
  16940.00    36.4469
  16950.00    35.7833
  16960.00    36.6467
  16970.00    35.6354
  16980.00    35.7404
  16990.00    36.1528
  17000.00    35.9760
  17010.00    35.8673
  17020.00    35.7230
  17030.00    35.9661
  17040.00    35.6099
  17050.00    35.5167
  17060.00    35.8591
  17070.00    36.2034
  17080.00    35.7514
  17090.00    35.7895
  17100.00    35.9461
  17110.00    36.2328
  17120.00    36.2714
  17130.00    36.1233
  17140.00    35.7366
  17150.00    35.6058
  17160.00    35.9099
  17170.00    36.3075
  17180.00    35.6750
  17190.00    36.2417
  17200.00    36.1844
  17210.00    35.5640
  17220.00    35.9869
  17230.00    35.6940
  17240.00    36.2776
  17250.00    36.3755
  17260.00    36.2486
  17270.00    35.9816
  17280.00    35.3288
  17290.00    36.2649
  17300.00    35.6134
  17310.00    35.9550
  17320.00    35.8465
  17330.00    36.3442
  17340.00    36.2716
  17350.00    36.1288
  17360.00    36.1109
  17370.00    36.0615
  17380.00    35.6406
  17390.00    36.3157
  17400.00    36.2657
  17410.00    36.3180
  17420.00    36.5172
  17430.00    36.0945
  17440.00    35.7700
  17450.00    36.2896
  17460.00    36.0982
  17470.00    35.9591
  17480.00    35.6825
  17490.00    36.1052
  17500.00    36.2997
  17510.00    36.4985
  17520.00    36.6455
  17530.00    35.8987
  17540.00    36.0031
  17550.00    35.4298
  17560.00    36.0690
  17570.00    35.9551
  17580.00    36.4639
  17590.00    36.5580
  17600.00    35.8807
  17610.00    36.4041
  17620.00    36.1479
  17630.00    35.7014
  17640.00    35.4016
  17650.00    35.8388
  17660.00    35.7286
  17670.00    35.8791
  17680.00    36.1122
  17690.00    36.6606
  17700.00    35.8946
  17710.00    36.5061
  17720.00    36.1208
  17730.00    36.4356
  17740.00    36.3942
  17750.00    35.7664
  17760.00    36.0679
  17770.00    35.8493
  17780.00    35.8721
  17790.00    36.0933
  17800.00    35.5966
  17810.00    35.7650
  17820.00    36.1339
  17830.00    35.6900
  17840.00    35.9061
  17850.00    36.2897
  17860.00    36.0093
  17870.00    35.5790
  17880.00    35.5575
  17890.00    35.8265
  17900.00    36.2814
  17910.00    35.5623
  17920.00    36.0251
  17930.00    35.9846
  17940.00    35.9895
  17950.00    35.8076
  17960.00    36.1345
  17970.00    36.1696
  17980.00    35.7826
  17990.00    35.9619
  18000.00    35.1806
  18010.00    36.1043
  18020.00    35.8494
  18030.00    35.5476
  18040.00    36.2587
  18050.00    35.5017
  18060.00    35.5386
  18070.00    35.9386
  18080.00    36.2281
  18090.00    36.4148
  18100.00    36.0553
  18110.00    36.3697
  18120.00    36.2949
  18130.00    36.1431
  18140.00    35.8178
  18150.00    35.6455
  18160.00    36.1561
  18170.00    36.2740
  18180.00    36.4015
  18190.00    35.9772
  18200.00    35.8742
  18210.00    35.9943
  18220.00    35.9061
  18230.00    36.3114
  18240.00    35.7371
  18250.00    35.7984
  18260.00    35.6913
  18270.00    35.7862
  18280.00    36.2150
  18290.00    36.1760
  18300.00    36.1884
  18310.00    36.1917
  18320.00    35.8744
  18330.00    35.6501
  18340.00    35.7405
  18350.00    36.0865
  18360.00    36.4605
  18370.00    35.8241
  18380.00    36.4156
  18390.00    35.7413
  18400.00    35.6074
  18410.00    36.0811
  18420.00    36.5354
  18430.00    36.0027
  18440.00    36.2123
  18450.00    36.2258
  18460.00    35.5691
  18470.00    36.1423
  18480.00    36.0203
  18490.00    35.8011
  18500.00    35.8113
  18510.00    35.4910
  18520.00    35.8109
  18530.00    36.2145
  18540.00    35.8938
  18550.00    36.1890
  18560.00    36.4516
  18570.00    35.5395
  18580.00    35.6784
  18590.00    35.5896
  18600.00    36.1140
  18610.00    36.0723
  18620.00    35.6584
  18630.00    35.9469
  18640.00    35.6663
  18650.00    35.8832
  18660.00    36.0632
  18670.00    35.8425
  18680.00    35.6567
  18690.00    35.7875
  18700.00    36.0789
  18710.00    35.9863
  18720.00    35.9395
  18730.00    36.3721
  18740.00    35.7887
  18750.00    36.1958
  18760.00    36.3249
  18770.00    35.7517
  18780.00    36.2881
  18790.00    35.8632
  18800.00    35.8184
  18810.00    36.1885
  18820.00    36.2821
  18830.00    36.3406
  18840.00    35.4886
  18850.00    35.8147
  18860.00    36.2543
  18870.00    36.2099
  18880.00    35.7765
  18890.00    36.0318
  18900.00    36.0273
  18910.00    35.3835
  18920.00    35.7241
  18930.00    35.9724
  18940.00    35.9258
  18950.00    36.0762
  18960.00    36.4294
  18970.00    35.7783
  18980.00    35.9459
  18990.00    35.6811
  19000.00    36.5672
  19010.00    35.6297
  19020.00    36.0460
  19030.00    36.3546
  19040.00    35.4706
  19050.00    36.5348
  19060.00    36.0079
  19070.00    36.3200
  19080.00    36.1570
  19090.00    35.7029
  19100.00    35.6838
  19110.00    35.7407
  19120.00    35.9346
  19130.00    35.9787
  19140.00    36.3223
  19150.00    36.2329
  19160.00    35.8193
  19170.00    35.8090
  19180.00    35.8464
  19190.00    35.8259
  19200.00    35.7079
  19210.00    35.9580
  19220.00    36.0048
  19230.00    35.5929
  19240.00    36.1716
  19250.00    36.5909
  19260.00    36.0080
  19270.00    35.9945
  19280.00    35.7473
  19290.00    35.9962
  19300.00    36.2520
  19310.00    36.1873
  19320.00    36.4271
  19330.00    36.4797
  19340.00    35.8828
  19350.00    35.7577
  19360.00    35.7496
  19370.00    36.1354
  19380.00    36.0988
  19390.00    36.1654
  19400.00    35.6471
  19410.00    36.1318
  19420.00    36.6440
  19430.00    35.8433
  19440.00    36.0808
  19450.00    36.5473
  19460.00    35.8002
  19470.00    36.0417
  19480.00    35.6713
  19490.00    36.3007
  19500.00    35.6843
  19510.00    35.7812
  19520.00    35.5159
  19530.00    35.8437
  19540.00    36.0291
  19550.00    35.8083
  19560.00    36.2121
  19570.00    36.1281
  19580.00    36.1607
  19590.00    35.6053
  19600.00    36.1273
  19610.00    36.0539
  19620.00    35.6925
  19630.00    36.5246
  19640.00    35.9645
  19650.00    36.0843
  19660.00    36.0677
  19670.00    35.7445
  19680.00    36.1424
  19690.00    35.7212
  19700.00    36.7962
  19710.00    36.0593
  19720.00    36.0618
  19730.00    36.1572
  19740.00    36.0820
  19750.00    36.2933
  19760.00    35.4894
  19770.00    36.2184
  19780.00    36.3254
  19790.00    35.9049
  19800.00    35.9273
  19810.00    35.6449
  19820.00    36.2660
  19830.00    35.8039
  19840.00    35.9343
  19850.00    36.0586
  19860.00    36.2351
  19870.00    36.1462
  19880.00    36.2555
  19890.00    35.6546
  19900.00    36.2310
  19910.00    36.0961
  19920.00    36.1520
  19930.00    35.9099
  19940.00    35.4741
  19950.00    35.9836
  19960.00    35.5263
  19970.00    36.1186
  19980.00    35.9864
  19990.00    35.4341
  20000.00    36.4054
  20010.00    36.3387
  20020.00    35.9437
  20030.00    35.4273
  20040.00    35.9917
  20050.00    35.8998
  20060.00    36.2938
  20070.00    36.1584
  20080.00    35.9610
  20090.00    36.1262
  20100.00    35.9503
  20110.00    36.1355
  20120.00    35.5289
  20130.00    35.3868
  20140.00    36.0517
  20150.00    36.3599
  20160.00    35.8916
  20170.00    35.6216
  20180.00    35.7741
  20190.00    35.7322
  20200.00    35.5812
  20210.00    36.1142
  20220.00    35.9974
  20230.00    35.9014
  20240.00    36.6672
  20250.00    36.1683
  20260.00    36.5384
  20270.00    35.9803
  20280.00    36.0179
  20290.00    35.8283
  20300.00    35.8059
  20310.00    35.8490
  20320.00    36.2260
  20330.00    35.7621
  20340.00    36.1397
  20350.00    36.3147
  20360.00    36.1297
  20370.00    35.7285
  20380.00    36.6128
  20390.00    35.9769
  20400.00    36.2610
  20410.00    35.7191
  20420.00    35.6042
  20430.00    36.3615
  20440.00    36.0363
  20450.00    35.8929
  20460.00    35.7927
  20470.00    36.0254
  20480.00    35.9923
  20490.00    36.2175
  20500.00    36.3632
  20510.00    36.2061
  20520.00    35.6434
  20530.00    36.2027
  20540.00    36.6435
  20550.00    35.9945
  20560.00    36.3885
  20570.00    36.3442
  20580.00    35.8020
  20590.00    35.8847
  20600.00    36.5184
  20610.00    36.5346
  20620.00    36.4187
  20630.00    35.7318
  20640.00    36.1865
  20650.00    36.0754
  20660.00    36.6179
  20670.00    35.6905
  20680.00    35.9538
  20690.00    36.1963
  20700.00    36.4628
  20710.00    35.3343
  20720.00    36.5267
  20730.00    36.1082
  20740.00    36.2085
  20750.00    36.2683
  20760.00    35.5260
  20770.00    35.5742
  20780.00    36.2957
  20790.00    35.8265
  20800.00    36.0521
  20810.00    36.0790
  20820.00    36.2573
  20830.00    36.0237
  20840.00    36.3468
  20850.00    36.1919
  20860.00    35.6330
  20870.00    35.8359
  20880.00    36.2782
  20890.00    36.2723
  20900.00    36.3694
  20910.00    36.0140
  20920.00    35.8593
  20930.00    35.7040
  20940.00    36.8392
  20950.00    36.0850
  20960.00    36.0278
  20970.00    36.0832
  20980.00    36.1583
  20990.00    36.1265
  21000.00    36.5298
  21010.00    36.4106
  21020.00    36.5595
  21030.00    36.2504
  21040.00    35.9007
  21050.00    35.8292
  21060.00    36.0760
  21070.00    36.0112
  21080.00    35.5933
  21090.00    35.6134
  21100.00    36.0633
  21110.00    35.7253
  21120.00    36.1948
  21130.00    36.5882
  21140.00    35.9125
  21150.00    36.2170
  21160.00    35.9478
  21170.00    36.0927
  21180.00    36.2891
  21190.00    35.9216
  21200.00    36.5844
  21210.00    36.3645
  21220.00    35.8432
  21230.00    36.3216
  21240.00    35.9144
  21250.00    35.8516
  21260.00    36.2645
  21270.00    35.7294
  21280.00    36.2138
  21290.00    36.0704
  21300.00    35.9433
  21310.00    35.9466
  21320.00    36.0312
  21330.00    35.9303
  21340.00    35.7639
  21350.00    36.4764
  21360.00    36.2150
  21370.00    36.2188
  21380.00    36.0297
  21390.00    35.6101
  21400.00    35.9918
  21410.00    35.5269
  21420.00    36.2797
  21430.00    35.9849
  21440.00    35.7176
  21450.00    35.5197
  21460.00    35.8365
  21470.00    36.3484
  21480.00    35.9680
  21490.00    35.9841
  21500.00    36.0989
  21510.00    35.4829
  21520.00    35.8750
  21530.00    36.3925
  21540.00    36.3446
  21550.00    35.6322
  21560.00    35.2047
  21570.00    35.7691
  21580.00    35.2899
  21590.00    35.8433
  21600.00    36.0225
  21610.00    36.2196
  21620.00    36.1983
  21630.00    35.7308
  21640.00    35.8327
  21650.00    35.7393
  21660.00    35.8906
  21670.00    36.1925
  21680.00    36.1840
  21690.00    35.8874
  21700.00    36.2661
  21710.00    35.7377
  21720.00    35.9121
  21730.00    36.2723
  21740.00    36.3843
  21750.00    36.3405
  21760.00    35.7688
  21770.00    35.9536
  21780.00    36.3789
  21790.00    35.9158
  21800.00    36.2925
  21810.00    36.0064
  21820.00    36.1145
  21830.00    36.0533
  21840.00    35.6180
  21850.00    36.1418
  21860.00    36.5271
  21870.00    36.3378
  21880.00    35.9990
  21890.00    36.2205
  21900.00    35.8018
  21910.00    35.4290
  21920.00    36.0351
  21930.00    35.4422
  21940.00    36.3954
  21950.00    36.2739
  21960.00    35.9824
  21970.00    35.7821
  21980.00    36.4828
  21990.00    36.1473
  22000.00    35.4089
  22010.00    36.1301
  22020.00    36.2420
  22030.00    36.4030
  22040.00    36.0613
  22050.00    36.1660
  22060.00    36.2091
  22070.00    36.2744
  22080.00    36.2256
  22090.00    36.0663
  22100.00    35.4579
  22110.00    35.6359
  22120.00    36.2373
  22130.00    35.4761
  22140.00    36.2123
  22150.00    35.9182
  22160.00    36.1491
  22170.00    35.9039
  22180.00    35.7265
  22190.00    35.8878
  22200.00    35.8540
  22210.00    36.1355
  22220.00    35.8104
  22230.00    36.2122
  22240.00    36.5235
  22250.00    36.2860
  22260.00    35.7886
  22270.00    36.3900
  22280.00    36.3794
  22290.00    36.1629
  22300.00    36.0110
  22310.00    36.1917
  22320.00    35.8684
  22330.00    35.9910
  22340.00    35.3629
  22350.00    36.2194
  22360.00    36.1141
  22370.00    36.1860
  22380.00    36.2186
  22390.00    35.8248
  22400.00    36.1671
  22410.00    35.7047
  22420.00    36.0059
  22430.00    36.5038
  22440.00    35.7927
  22450.00    36.1089
  22460.00    36.1885
  22470.00    36.0096
  22480.00    35.9904
  22490.00    36.5968
  22500.00    36.2043
  22510.00    35.9632
  22520.00    36.3084
  22530.00    35.9990
  22540.00    35.8157
  22550.00    35.9695
  22560.00    36.1972
  22570.00    35.6383
  22580.00    35.9097
  22590.00    36.0532
  22600.00    36.0964
  22610.00    35.9271
  22620.00    35.9589
  22630.00    35.9739
  22640.00    36.0186
  22650.00    36.4489
  22660.00    35.6295
  22670.00    35.6188
  22680.00    35.9898
  22690.00    35.7033
  22700.00    36.2241
  22710.00    36.2496
  22720.00    36.0117
  22730.00    36.4001
  22740.00    36.1051
  22750.00    36.2164
  22760.00    36.2366
  22770.00    35.7599
  22780.00    36.1373
  22790.00    36.2519
  22800.00    35.9772
  22810.00    36.4718
  22820.00    35.8872
  22830.00    36.0146
  22840.00    36.3525
  22850.00    36.0344
  22860.00    36.3927
  22870.00    36.4349
  22880.00    35.7206
  22890.00    35.8848
  22900.00    35.9810
  22910.00    36.8587
  22920.00    35.5319
  22930.00    35.7219
  22940.00    36.0404
  22950.00    35.7415
  22960.00    36.1878
  22970.00    35.9881
  22980.00    36.6516
  22990.00    36.0139
  23000.00    36.3058
  23010.00    36.3553
  23020.00    36.0397
  23030.00    35.8661
  23040.00    35.8287
  23050.00    36.1791
  23060.00    36.1043
  23070.00    35.7889
  23080.00    35.9549
  23090.00    36.0740
  23100.00    35.9802
  23110.00    36.3083
  23120.00    35.4265
  23130.00    35.8972
  23140.00    35.9418
  23150.00    35.7806
  23160.00    35.5741
  23170.00    36.1797
  23180.00    35.5919
  23190.00    35.5239
  23200.00    36.3130
  23210.00    35.7560
  23220.00    36.2978
  23230.00    35.9669
  23240.00    35.9013
  23250.00    35.7524
  23260.00    36.0271
  23270.00    35.8745
  23280.00    36.0507
  23290.00    35.9054
  23300.00    36.2156
  23310.00    35.9388
  23320.00    36.1017
  23330.00    36.0412
  23340.00    36.4230
  23350.00    35.7805
  23360.00    35.8712
  23370.00    36.3633
  23380.00    36.1507
  23390.00    35.7917
  23400.00    35.9544
  23410.00    36.4186
  23420.00    36.0258
  23430.00    35.8083
  23440.00    35.9174
  23450.00    35.9586
  23460.00    36.0970
  23470.00    35.7556
  23480.00    35.3073
  23490.00    35.7885
  23500.00    36.5328
  23510.00    36.0709
  23520.00    35.6183
  23530.00    36.0579
  23540.00    36.2659
  23550.00    36.2240
  23560.00    35.4997
  23570.00    36.2748
  23580.00    35.7865
  23590.00    36.0382
  23600.00    35.8219
  23610.00    35.8911
  23620.00    35.7267
  23630.00    36.1596
  23640.00    36.1046
  23650.00    36.1611
  23660.00    36.1796
  23670.00    35.7503
  23680.00    35.7725
  23690.00    35.5427
  23700.00    36.1108
  23710.00    36.0619
  23720.00    36.1119
  23730.00    35.9777
  23740.00    35.7655
  23750.00    35.6922
  23760.00    35.5434
  23770.00    35.7714
  23780.00    35.4905
  23790.00    36.1019
  23800.00    35.8425
  23810.00    36.0526
  23820.00    35.8761
  23830.00    35.7602
  23840.00    36.0774
  23850.00    36.3277
  23860.00    36.0986
  23870.00    35.7701
  23880.00    35.6206
  23890.00    35.9290
  23900.00    35.7410
  23910.00    35.7978
  23920.00    36.5045
  23930.00    36.3099
  23940.00    35.6540
  23950.00    36.5029
  23960.00    35.8266
  23970.00    36.2268
  23980.00    36.1673
  23990.00    35.8193
  24000.00    36.1257
  24010.00    35.6518
  24020.00    36.1118
  24030.00    36.1253
  24040.00    35.9197
  24050.00    35.9846
  24060.00    35.8098
  24070.00    36.1636
  24080.00    36.8313
  24090.00    35.9185
  24100.00    36.0401
  24110.00    35.8782
  24120.00    35.8577
  24130.00    35.8638
  24140.00    35.7817
  24150.00    35.7229
  24160.00    35.6984
  24170.00    36.1001
  24180.00    35.8721
  24190.00    36.1816
  24200.00    36.6081
  24210.00    35.2268
  24220.00    35.5375
  24230.00    36.3276
  24240.00    35.6435
  24250.00    35.6712
  24260.00    35.8506
  24270.00    35.9107
  24280.00    36.0101
  24290.00    36.0163
  24300.00    35.8318
  24310.00    36.1203
  24320.00    35.7709
  24330.00    35.7378
  24340.00    36.0426
  24350.00    36.0785
  24360.00    36.4979
  24370.00    35.9669
  24380.00    35.9428
  24390.00    36.0804
  24400.00    36.0591
  24410.00    35.9503
  24420.00    35.8125
  24430.00    36.1681
  24440.00    35.6272
  24450.00    36.1425
  24460.00    36.4203
  24470.00    36.0345
  24480.00    35.7441
  24490.00    36.0100
  24500.00    35.8890
  24510.00    36.4300
  24520.00    36.4558
  24530.00    36.6281
  24540.00    35.9657
  24550.00    35.7958
  24560.00    35.6044
  24570.00    35.0384
  24580.00    36.1250
  24590.00    35.6254
  24600.00    35.8920
  24610.00    36.4717
  24620.00    36.4092
  24630.00    36.2905
  24640.00    36.3210
  24650.00    36.0947
  24660.00    36.0459
  24670.00    35.8687
  24680.00    35.5491
  24690.00    35.9182
  24700.00    36.0835
  24710.00    36.4620
  24720.00    35.9266
  24730.00    35.3988
  24740.00    35.6850
  24750.00    35.6400
  24760.00    36.3734
  24770.00    36.1372
  24780.00    36.0029
  24790.00    36.0396
  24800.00    36.0492
  24810.00    35.4403
  24820.00    36.0026
  24830.00    36.3819
  24840.00    35.4163
  24850.00    36.1165
  24860.00    35.9436
  24870.00    36.1506
  24880.00    35.9320
  24890.00    36.0080
  24900.00    36.5534
  24910.00    35.8560
  24920.00    36.5306
  24930.00    35.9107
  24940.00    35.6565
  24950.00    35.6527
  24960.00    35.9290
  24970.00    36.3207
  24980.00    35.8773
  24990.00    36.1207
  25000.00    35.7601
  25010.00    36.0407
  25020.00    36.1023
  25030.00    35.9053
  25040.00    36.3295
  25050.00    35.7632
  25060.00    35.8395
  25070.00    36.1299
  25080.00    36.2533
  25090.00    35.8683
  25100.00    35.6874
  25110.00    36.0331
  25120.00    36.3032
  25130.00    35.9495
  25140.00    35.6715
  25150.00    36.0823
  25160.00    36.4470
  25170.00    35.7851
  25180.00    35.9969
  25190.00    35.6114
  25200.00    35.9614
  25210.00    36.2260
  25220.00    35.8387
  25230.00    35.6524
  25240.00    36.0791
  25250.00    35.5716
  25260.00    36.2170
  25270.00    35.3419
  25280.00    36.2916
  25290.00    36.2911
  25300.00    36.0755
  25310.00    35.8689
  25320.00    35.8170
  25330.00    35.7175
  25340.00    36.0473
  25350.00    36.4794
  25360.00    36.2031
  25370.00    36.3604
  25380.00    36.3168
  25390.00    36.2169
  25400.00    36.1397
  25410.00    35.9238
  25420.00    35.9610
  25430.00    36.0848
  25440.00    35.9960
  25450.00    35.7713
  25460.00    36.4685
  25470.00    36.3678
  25480.00    35.7685
  25490.00    35.8237
  25500.00    36.1543
  25510.00    35.4803
  25520.00    35.9841
  25530.00    36.0854
  25540.00    36.0730
  25550.00    35.9543
  25560.00    35.4284
  25570.00    35.8890
  25580.00    35.9737
  25590.00    36.0688
  25600.00    36.2141
  25610.00    36.4726
  25620.00    36.5260
  25630.00    35.9726
  25640.00    35.7278
  25650.00    36.4392
  25660.00    36.2731
  25670.00    36.1457
  25680.00    35.7617
  25690.00    35.7627
  25700.00    36.2465
  25710.00    35.9742
  25720.00    35.7454
  25730.00    35.9708
  25740.00    36.4402
  25750.00    35.8508
  25760.00    36.0451
  25770.00    35.7188
  25780.00    35.6201
  25790.00    35.9651
  25800.00    36.1347
  25810.00    35.8705
  25820.00    35.6208
  25830.00    35.9043
  25840.00    35.4513
  25850.00    35.9526
  25860.00    36.0645
  25870.00    35.9053
  25880.00    36.1378
  25890.00    35.6526
  25900.00    35.7235
  25910.00    35.9524
  25920.00    36.1267
  25930.00    36.5910
  25940.00    35.8516
  25950.00    36.3116
  25960.00    35.8156
  25970.00    35.3906
  25980.00    35.8860
  25990.00    36.2289
  26000.00    36.1072
  26010.00    35.4821
  26020.00    35.5548
  26030.00    35.9302
  26040.00    35.9372
  26050.00    36.1039
  26060.00    35.8406
  26070.00    36.4016
  26080.00    35.5953
  26090.00    35.6030
  26100.00    36.0447
  26110.00    36.1511
  26120.00    36.1068
  26130.00    36.4415
  26140.00    35.8194
  26150.00    36.0320
  26160.00    36.1898
  26170.00    36.1706
  26180.00    35.6755
  26190.00    36.2307
  26200.00    36.4758
  26210.00    36.0854
  26220.00    36.0587
  26230.00    35.5755
  26240.00    36.3399
  26250.00    35.9838
  26260.00    35.5696
  26270.00    36.4729
  26280.00    35.6394
  26290.00    36.1296
  26300.00    36.0966
  26310.00    36.0350
  26320.00    36.0918
  26330.00    36.1785
  26340.00    35.5988
  26350.00    35.8879
  26360.00    35.8743
  26370.00    35.6940
  26380.00    36.1912
  26390.00    35.6815
  26400.00    35.5758
  26410.00    36.1196
  26420.00    36.3801
  26430.00    36.2209
  26440.00    36.0314
  26450.00    35.9956
  26460.00    35.6896
  26470.00    36.0220
  26480.00    36.2402
  26490.00    35.7481
  26500.00    35.8050
  26510.00    35.8235
  26520.00    36.0411
  26530.00    35.9747
  26540.00    35.3795
  26550.00    35.8283
  26560.00    36.0291
  26570.00    36.1728
  26580.00    35.7227
  26590.00    35.8210
  26600.00    36.0698
  26610.00    35.6682
  26620.00    36.2250
  26630.00    36.3058
  26640.00    36.6149
  26650.00    36.4439
  26660.00    36.1114
  26670.00    36.2261
  26680.00    35.6717
  26690.00    35.8400
  26700.00    35.9160
  26710.00    36.0963
  26720.00    36.0621
  26730.00    35.8224
  26740.00    36.5864
  26750.00    35.8101
  26760.00    35.7207
  26770.00    35.8245
  26780.00    36.2818
  26790.00    35.3840
  26800.00    35.7297
  26810.00    36.1281
  26820.00    35.6999
  26830.00    36.2097
  26840.00    36.1645
  26850.00    35.4422
  26860.00    36.3352
  26870.00    36.1376
  26880.00    36.1454
  26890.00    35.4453
  26900.00    36.3047
  26910.00    36.0105
  26920.00    36.1111
  26930.00    35.9041
  26940.00    36.4654
  26950.00    35.6066
  26960.00    35.6482
  26970.00    35.8638
  26980.00    35.9318
  26990.00    36.0835
  27000.00    35.7663
  27010.00    35.8083
  27020.00    35.5598
  27030.00    36.1541
  27040.00    36.2768
  27050.00    35.5710
  27060.00    35.9787
  27070.00    36.2959
  27080.00    35.6352
  27090.00    35.2996
  27100.00    35.9356
  27110.00    35.9475
  27120.00    36.3597
  27130.00    35.8984
  27140.00    36.2136
  27150.00    36.2308
  27160.00    35.9625
  27170.00    36.2126
  27180.00    36.3928
  27190.00    35.9253
  27200.00    36.3859
  27210.00    35.7214
  27220.00    36.2149
  27230.00    36.1520
  27240.00    35.7515
  27250.00    36.3145
  27260.00    36.0152
  27270.00    36.0778
  27280.00    36.4356
  27290.00    36.0513
  27300.00    36.0101
  27310.00    35.7864
  27320.00    36.0352
  27330.00    35.9320
  27340.00    35.8169
  27350.00    36.1345
  27360.00    36.1201
  27370.00    36.1467
  27380.00    36.0930
  27390.00    35.5910
  27400.00    35.7363
  27410.00    35.4883
  27420.00    36.1661
  27430.00    36.0437
  27440.00    35.6734
  27450.00    35.3890
  27460.00    36.4524
  27470.00    35.9240
  27480.00    36.5575
  27490.00    36.2263
  27500.00    35.8571
  27510.00    36.0021
  27520.00    35.7878
  27530.00    35.7816
  27540.00    35.9712
  27550.00    35.9706
  27560.00    35.8780
  27570.00    35.9969
  27580.00    35.6390
  27590.00    35.9088
  27600.00    35.8477
  27610.00    35.9874
  27620.00    35.7428
  27630.00    36.0619
  27640.00    35.7803
  27650.00    35.7864
  27660.00    36.2751
  27670.00    35.7287
  27680.00    35.9831
  27690.00    36.1102
  27700.00    36.4162
  27710.00    36.0281
  27720.00    35.9206
  27730.00    35.8535
  27740.00    36.3073
  27750.00    36.0290
  27760.00    36.0524
  27770.00    35.8829
  27780.00    35.9897
  27790.00    35.9977
  27800.00    35.9068
  27810.00    35.8693
  27820.00    35.7480
  27830.00    35.9362
  27840.00    36.4851
  27850.00    35.8336
  27860.00    35.4996
  27870.00    35.6896
  27880.00    35.9753
  27890.00    36.1044
  27900.00    36.4445
  27910.00    36.2863
  27920.00    36.7395
  27930.00    36.0120
  27940.00    35.9617
  27950.00    36.2535
  27960.00    36.4027
  27970.00    35.5136
  27980.00    36.0601
  27990.00    35.7352
  28000.00    36.0275
  28010.00    35.9843
  28020.00    36.0181
  28030.00    35.5824
  28040.00    36.2981
  28050.00    35.7693
  28060.00    36.0551
  28070.00    35.9827
  28080.00    35.7107
  28090.00    36.3121
  28100.00    36.2608
  28110.00    36.3848
  28120.00    35.7440
  28130.00    36.1642
  28140.00    35.7933
  28150.00    36.3455
  28160.00    36.1829
  28170.00    36.1330
  28180.00    36.3338
  28190.00    36.3595
  28200.00    36.2968
  28210.00    36.0433
  28220.00    36.3449
  28230.00    36.4290
  28240.00    36.0100
  28250.00    36.2236
  28260.00    36.0628
  28270.00    35.9116
  28280.00    35.8014
  28290.00    35.6700
  28300.00    36.0909
  28310.00    36.7514
  28320.00    35.9631
  28330.00    36.1273
  28340.00    35.7872
  28350.00    36.3048
  28360.00    36.2479
  28370.00    35.9317
  28380.00    36.3564
  28390.00    35.9486
  28400.00    35.5557
  28410.00    35.9554
  28420.00    35.9750
  28430.00    36.1750
  28440.00    36.2269
  28450.00    35.9672
  28460.00    36.2969
  28470.00    36.1114
  28480.00    35.9254
  28490.00    35.7151
  28500.00    36.3034
  28510.00    36.0409
  28520.00    36.1399
  28530.00    35.7427
  28540.00    36.4154
  28550.00    36.2935
  28560.00    36.3613
  28570.00    36.1540
  28580.00    35.7752
  28590.00    36.0649
  28600.00    36.1599
  28610.00    35.5414
  28620.00    36.0909
  28630.00    36.5414
  28640.00    36.1029
  28650.00    36.3578
  28660.00    35.6117
  28670.00    36.2274
  28680.00    36.5160
  28690.00    36.1332
  28700.00    36.2007
  28710.00    36.0640
  28720.00    35.9392
  28730.00    35.5383
  28740.00    35.4118
  28750.00    36.0547
  28760.00    35.7363
  28770.00    36.5341
  28780.00    35.5529
  28790.00    35.7979
  28800.00    35.9507
  28810.00    36.2247
  28820.00    36.0215
  28830.00    35.8905
  28840.00    36.2470
  28850.00    36.3608
  28860.00    35.7147
  28870.00    35.6889
  28880.00    35.6145
  28890.00    35.7873
  28900.00    35.9446
  28910.00    35.8350
  28920.00    36.0946
  28930.00    35.5563
  28940.00    35.6137
  28950.00    35.8891
  28960.00    35.6836
  28970.00    35.4079
  28980.00    35.5417
  28990.00    36.2280
  29000.00    35.7358
  29010.00    36.2592
  29020.00    35.8419
  29030.00    35.8531
  29040.00    35.7166
  29050.00    35.8272
  29060.00    36.3702
  29070.00    36.0716
  29080.00    36.3937
  29090.00    36.5659
  29100.00    35.9410
  29110.00    36.1777
  29120.00    36.0203
  29130.00    35.8358
  29140.00    35.9560
  29150.00    35.6104
  29160.00    35.9868
  29170.00    36.3674
  29180.00    35.9582
  29190.00    35.8441
  29200.00    36.3249
  29210.00    36.0241
  29220.00    36.5704
  29230.00    36.3219
  29240.00    36.0340
  29250.00    35.4705
  29260.00    36.2287
  29270.00    36.7090
  29280.00    35.3047
  29290.00    35.9605
  29300.00    35.9603
  29310.00    35.2567
  29320.00    35.4127
  29330.00    36.5005
  29340.00    36.0307
  29350.00    35.9218
  29360.00    35.5574
  29370.00    36.2120
  29380.00    35.6584
  29390.00    35.4983
  29400.00    35.4507
  29410.00    36.5329
  29420.00    36.2462
  29430.00    35.7969
  29440.00    36.0186
  29450.00    35.7451
  29460.00    35.8525
  29470.00    35.7385
  29480.00    35.9975
  29490.00    35.9642
  29500.00    35.9625
  29510.00    35.5118
  29520.00    36.1662
  29530.00    36.2398
  29540.00    36.3361
  29550.00    36.0948
  29560.00    35.7072
  29570.00    36.0432
  29580.00    36.0883
  29590.00    35.7578
  29600.00    36.0659
  29610.00    36.1525
  29620.00    36.3948
  29630.00    35.9345
  29640.00    35.8925
  29650.00    36.1600
  29660.00    35.9694
  29670.00    36.1688
  29680.00    36.1571
  29690.00    35.4900
  29700.00    35.7261
  29710.00    36.3962
  29720.00    36.0464
  29730.00    36.0302
  29740.00    35.9273
  29750.00    36.1237
  29760.00    35.8816
  29770.00    36.1616
  29780.00    35.5862
  29790.00    35.9675
  29800.00    35.7082
  29810.00    36.0514
  29820.00    36.3446
  29830.00    35.7883
  29840.00    35.6211
  29850.00    36.1525
  29860.00    36.2454
  29870.00    36.4894
  29880.00    36.2769
  29890.00    36.4164
  29900.00    36.0664
  29910.00    35.9805
  29920.00    36.0448
  29930.00    36.1716
  29940.00    36.1069
  29950.00    36.1970
  29960.00    36.6285
  29970.00    36.2037
  29980.00    36.3428
  29990.00    36.2065
  30000.00    36.3360
  30010.00    36.0990
  30020.00    36.2858
  30030.00    36.2667
  30040.00    36.3355
  30050.00    35.7140
  30060.00    36.5572
  30070.00    35.9899
  30080.00    35.9377
  30090.00    36.3439
  30100.00    36.3128
  30110.00    35.9451
  30120.00    36.2510
  30130.00    36.0523
  30140.00    36.2868
  30150.00    36.5072
  30160.00    36.4578
  30170.00    35.7810
  30180.00    35.7421
  30190.00    35.6411
  30200.00    36.1979
  30210.00    35.9906
  30220.00    36.1135
  30230.00    36.0393
  30240.00    36.1703
  30250.00    36.1473
  30260.00    35.9578
  30270.00    35.7243
  30280.00    35.7889
  30290.00    36.1531
  30300.00    36.2971
  30310.00    35.5639
  30320.00    35.6921
  30330.00    35.7785
  30340.00    35.8386
  30350.00    36.3376
  30360.00    35.7535
  30370.00    36.2627
  30380.00    35.6600
  30390.00    36.3623
  30400.00    35.8784
  30410.00    36.1795
  30420.00    36.5747
  30430.00    36.3725
  30440.00    36.4648
  30450.00    36.2948
  30460.00    36.2367
  30470.00    36.0268
  30480.00    36.3365
  30490.00    36.4945
  30500.00    36.2954
  30510.00    36.0059
  30520.00    35.8017
  30530.00    35.8089
  30540.00    36.1545
  30550.00    36.2819
  30560.00    36.3981
  30570.00    35.8667
  30580.00    35.8378
  30590.00    35.7239
  30600.00    36.1058
  30610.00    35.7833
  30620.00    35.6260
  30630.00    35.8143
  30640.00    36.1116
  30650.00    36.0858
  30660.00    35.6889
  30670.00    35.9410
  30680.00    35.7429
  30690.00    35.8102
  30700.00    35.7926
  30710.00    36.2332
  30720.00    36.1699
  30730.00    36.3677
  30740.00    35.4513
  30750.00    35.8342
  30760.00    35.8251
  30770.00    36.0101
  30780.00    35.5878
  30790.00    35.9088
  30800.00    35.7041
  30810.00    36.0521
  30820.00    35.9769
  30830.00    35.5666
  30840.00    35.9374
  30850.00    36.1381
  30860.00    35.6904
  30870.00    36.0924
  30880.00    36.2065
  30890.00    35.5685
  30900.00    35.9896
  30910.00    36.1777
  30920.00    35.7795
  30930.00    36.1703
  30940.00    35.9754
  30950.00    35.9598
  30960.00    36.3920
  30970.00    36.0199
  30980.00    36.3876
  30990.00    36.6475
  31000.00    36.3922
  31010.00    36.1693
  31020.00    35.5228
  31030.00    36.0852
  31040.00    36.2144
  31050.00    35.9796
  31060.00    36.0458
  31070.00    35.7814
  31080.00    36.0689
  31090.00    35.9260
  31100.00    35.7764
  31110.00    36.3800
  31120.00    35.8225
  31130.00    35.8251
  31140.00    35.8732
  31150.00    35.7445
  31160.00    36.0233
  31170.00    35.7234
  31180.00    36.0057
  31190.00    35.8731
  31200.00    36.2448
  31210.00    35.8434
  31220.00    35.5067
  31230.00    35.2213
  31240.00    35.6105
  31250.00    36.1336
  31260.00    35.9907
  31270.00    35.8037
  31280.00    36.0880
  31290.00    36.0676
  31300.00    35.7339
  31310.00    35.8742
  31320.00    36.1528
  31330.00    35.9499
  31340.00    36.2285
  31350.00    36.5343
  31360.00    35.8833
  31370.00    35.7721
  31380.00    35.3726
  31390.00    35.8942
  31400.00    35.5751
  31410.00    36.0022
  31420.00    36.1377
  31430.00    36.6971
  31440.00    36.0915
  31450.00    35.7531
  31460.00    35.9668
  31470.00    36.5774
  31480.00    35.7833
  31490.00    36.6079
  31500.00    35.4880
  31510.00    36.4626
  31520.00    35.5743
  31530.00    35.4708
  31540.00    36.2614
  31550.00    36.3491
  31560.00    36.2103
  31570.00    35.9581
  31580.00    36.2336
  31590.00    36.5276
  31600.00    35.7559
  31610.00    35.7551
  31620.00    36.2780
  31630.00    35.7759
  31640.00    36.0787
  31650.00    36.3437
  31660.00    36.3454
  31670.00    36.5950
  31680.00    36.2439
  31690.00    35.3319
  31700.00    36.0103
  31710.00    36.1245
  31720.00    35.7459
  31730.00    35.7938
  31740.00    35.7813
  31750.00    36.3057
  31760.00    35.8424
  31770.00    36.1351
  31780.00    35.7302
  31790.00    36.1716
  31800.00    35.7091
  31810.00    36.1641
  31820.00    36.4621
  31830.00    36.2955
  31840.00    35.6198
  31850.00    36.7550
  31860.00    36.3542
  31870.00    36.2186
  31880.00    35.7855
  31890.00    36.5697
  31900.00    36.5916
  31910.00    36.1522
  31920.00    36.3389
  31930.00    36.1441
  31940.00    35.9320
  31950.00    35.8556
  31960.00    35.5703
  31970.00    36.0252
  31980.00    36.0335
  31990.00    36.2102
  32000.00    36.0057
  32010.00    36.0573
  32020.00    35.7971
  32030.00    35.8423
  32040.00    36.1600
  32050.00    36.1878
  32060.00    36.1224
  32070.00    36.2848
  32080.00    36.5209
  32090.00    36.0641
  32100.00    36.1585
  32110.00    36.1370
  32120.00    35.2397
  32130.00    36.2263
  32140.00    35.8294
  32150.00    35.5932
  32160.00    36.0776
  32170.00    36.5496
  32180.00    36.8789
  32190.00    36.0917
  32200.00    36.3747
  32210.00    35.8846
  32220.00    36.2298
  32230.00    36.0348
  32240.00    35.5867
  32250.00    35.7578
  32260.00    36.0864
  32270.00    36.1074
  32280.00    36.1948
  32290.00    36.1472
  32300.00    35.4955
  32310.00    36.1529
  32320.00    35.6155
  32330.00    35.7286
  32340.00    36.1346
  32350.00    36.1249
  32360.00    36.3089
  32370.00    35.9917
  32380.00    36.2929
  32390.00    35.9773
  32400.00    35.8226
  32410.00    36.1493
  32420.00    35.7008
  32430.00    35.6108
  32440.00    35.9152
  32450.00    36.0814
  32460.00    35.9970
  32470.00    36.3522
  32480.00    36.0251
  32490.00    35.4912
  32500.00    35.8966
  32510.00    36.2669
  32520.00    35.6260
  32530.00    36.0603
  32540.00    35.8016
  32550.00    35.7961
  32560.00    35.9064
  32570.00    35.7570
  32580.00    35.9045
  32590.00    36.2181
  32600.00    36.4331
  32610.00    35.7231
  32620.00    36.0087
  32630.00    35.7891
  32640.00    35.9914
  32650.00    35.8993
  32660.00    36.0471
  32670.00    36.3994
  32680.00    35.9152
  32690.00    35.9220
  32700.00    36.1342
  32710.00    36.1803
  32720.00    35.6562
  32730.00    35.3694
  32740.00    35.7686
  32750.00    35.6530
  32760.00    35.8627
  32770.00    36.2534
  32780.00    35.8286
  32790.00    36.1999
  32800.00    36.2243
  32810.00    36.5911
  32820.00    35.4205
  32830.00    35.7619
  32840.00    35.8778
  32850.00    36.0134
  32860.00    35.6688
  32870.00    36.4113
  32880.00    36.1624
  32890.00    35.6875
  32900.00    36.0248
  32910.00    36.2113
  32920.00    36.1098
  32930.00    35.8656
  32940.00    36.3079
  32950.00    35.9040
  32960.00    35.6941
  32970.00    35.4844
  32980.00    36.0317
  32990.00    35.9601
  33000.00    35.7742
  33010.00    35.8552
  33020.00    36.2198
  33030.00    36.4242
  33040.00    35.4797
  33050.00    36.0291
  33060.00    35.9140
  33070.00    35.9790
  33080.00    35.9146
  33090.00    35.3877
  33100.00    36.0073
  33110.00    35.9434
  33120.00    36.0673
  33130.00    35.5557
  33140.00    35.9656
  33150.00    35.7819
  33160.00    35.6776
  33170.00    35.8161
  33180.00    36.2093
  33190.00    35.8517
  33200.00    35.7540
  33210.00    36.2498
  33220.00    35.7850
  33230.00    35.9500
  33240.00    36.5189
  33250.00    36.0708
  33260.00    36.4638
  33270.00    35.8658
  33280.00    36.0943
  33290.00    35.7097
  33300.00    36.2892
  33310.00    36.5044
  33320.00    35.8464
  33330.00    36.1307
  33340.00    36.2765
  33350.00    36.0893
  33360.00    35.5266
  33370.00    36.1743
  33380.00    35.6899
  33390.00    36.3097
  33400.00    36.3358
  33410.00    36.3286
  33420.00    35.8649
  33430.00    35.8816
  33440.00    35.1672
  33450.00    36.0486
  33460.00    36.2198
  33470.00    36.0161
  33480.00    35.7446
  33490.00    36.6231
  33500.00    35.9949
  33510.00    36.1018
  33520.00    36.1737
  33530.00    36.1177
  33540.00    36.2226
  33550.00    36.2009
  33560.00    36.4259
  33570.00    36.0186
  33580.00    36.2019
  33590.00    35.9499
  33600.00    36.1226
  33610.00    36.3747
  33620.00    35.6691
  33630.00    35.8776
  33640.00    35.8733
  33650.00    36.3009
  33660.00    36.1981
  33670.00    35.9849
  33680.00    35.7235
  33690.00    36.1984
  33700.00    36.3094
  33710.00    36.1773
  33720.00    36.1694
  33730.00    35.6013
  33740.00    36.0234
  33750.00    35.8696
  33760.00    35.7237
  33770.00    36.2069
  33780.00    35.7031
  33790.00    35.6852
  33800.00    35.9487
  33810.00    35.9120
  33820.00    36.3148
  33830.00    35.9385
  33840.00    36.0723
  33850.00    36.1858
  33860.00    36.4824
  33870.00    35.8617
  33880.00    35.6254
  33890.00    36.5843
  33900.00    35.9758
  33910.00    36.3980
  33920.00    36.0944
  33930.00    36.5796
  33940.00    36.2165
  33950.00    35.4107
  33960.00    36.3948
  33970.00    35.4921
  33980.00    35.5936
  33990.00    35.4292
  34000.00    36.1325
  34010.00    35.9465
  34020.00    36.1875
  34030.00    36.0072
  34040.00    35.5983
  34050.00    36.5164
  34060.00    35.9468
  34070.00    35.9134
  34080.00    36.6029
  34090.00    36.0141
  34100.00    35.9580
  34110.00    36.6580
  34120.00    35.7633
  34130.00    35.4429
  34140.00    36.0883
  34150.00    36.2209
  34160.00    35.3894
  34170.00    36.0189
  34180.00    35.8426
  34190.00    35.4992
  34200.00    36.1398
  34210.00    35.8620
  34220.00    35.9007
  34230.00    36.0933
  34240.00    35.9647
  34250.00    36.1894
  34260.00    35.8816
  34270.00    36.5424
  34280.00    35.7083
  34290.00    35.7236
  34300.00    35.8708
  34310.00    36.3612
  34320.00    36.4640
  34330.00    35.0485
  34340.00    35.9013
  34350.00    36.3341
  34360.00    36.1544
  34370.00    35.7227
  34380.00    35.4492
  34390.00    36.0201
  34400.00    35.9386
  34410.00    35.8632
  34420.00    35.9799
  34430.00    36.2100
  34440.00    36.2422
  34450.00    35.9803
  34460.00    35.8553
  34470.00    35.8468
  34480.00    35.6241
  34490.00    36.1529
  34500.00    35.7849
  34510.00    36.1248
  34520.00    36.4190
  34530.00    35.6937
  34540.00    35.7554
  34550.00    35.9064
  34560.00    36.2673
  34570.00    35.6967
  34580.00    36.1560
  34590.00    36.4466
  34600.00    35.4699
  34610.00    36.4817
  34620.00    36.2199
  34630.00    35.7679
  34640.00    35.9030
  34650.00    35.8745
  34660.00    35.9258
  34670.00    36.4925
  34680.00    35.8690
  34690.00    35.8222
  34700.00    35.9251
  34710.00    35.5154
  34720.00    36.0701
  34730.00    35.8338
  34740.00    35.9334
  34750.00    36.2061
  34760.00    35.6782
  34770.00    35.5266
  34780.00    36.1949
  34790.00    35.7327
  34800.00    36.0476
  34810.00    35.5272
  34820.00    36.0783
  34830.00    36.1973
  34840.00    35.9129
  34850.00    35.7069
  34860.00    35.5551
  34870.00    36.0972
  34880.00    36.2819
  34890.00    35.7832
  34900.00    36.3404
  34910.00    35.9116
  34920.00    35.7910
  34930.00    36.0017
  34940.00    35.8119
  34950.00    35.9255
  34960.00    35.7491
  34970.00    35.4169
  34980.00    36.2537
  34990.00    35.7834
  35000.00    35.4759
  35010.00    35.2431
  35020.00    35.8163
  35030.00    36.0720
  35040.00    36.2967
  35050.00    35.8532
  35060.00    36.4305
  35070.00    36.1743
  35080.00    36.0755
  35090.00    36.1995
  35100.00    35.6928
  35110.00    35.9148
  35120.00    35.9853
  35130.00    36.0264
  35140.00    36.1037
  35150.00    36.0430
  35160.00    36.3145
  35170.00    35.7124
  35180.00    36.1508
  35190.00    36.0564
  35200.00    36.0550
  35210.00    35.1539
  35220.00    36.2042
  35230.00    35.7224
  35240.00    35.9673
  35250.00    36.0496
  35260.00    36.5357
  35270.00    35.8256
  35280.00    35.7345
  35290.00    36.4965
  35300.00    36.2310
  35310.00    35.6780
  35320.00    35.4346
  35330.00    36.4084
  35340.00    35.3017
  35350.00    36.1145
  35360.00    36.4702
  35370.00    36.1136
  35380.00    35.8445
  35390.00    35.9785
  35400.00    35.8501
  35410.00    35.6423
  35420.00    36.4127
  35430.00    36.0797
  35440.00    36.3236
  35450.00    35.6671
  35460.00    36.3302
  35470.00    36.0241
  35480.00    36.2455
  35490.00    36.4322
  35500.00    35.4689
  35510.00    35.2337
  35520.00    36.3534
  35530.00    35.8753
  35540.00    36.1959
  35550.00    35.9100
  35560.00    35.6617
  35570.00    36.4300
  35580.00    35.6563
  35590.00    36.1228
  35600.00    35.5840
  35610.00    35.8693
  35620.00    36.2609
  35630.00    35.8193
  35640.00    36.3980
  35650.00    35.7244
  35660.00    35.5439
  35670.00    36.6241
  35680.00    36.3693
  35690.00    36.2329
  35700.00    36.4804
  35710.00    35.7853
  35720.00    35.6785
  35730.00    36.4289
  35740.00    35.8235
  35750.00    36.9183
  35760.00    35.8842
  35770.00    35.7475
  35780.00    35.8832
  35790.00    35.9018
  35800.00    35.8527
  35810.00    36.1292
  35820.00    36.1089
  35830.00    35.9953
  35840.00    35.9892
  35850.00    35.8936
  35860.00    35.8470
  35870.00    35.4567
  35880.00    36.1746
  35890.00    35.7170
  35900.00    36.4062
  35910.00    36.1552
  35920.00    36.0172
  35930.00    36.1598
  35940.00    36.1418
  35950.00    35.9941
  35960.00    36.0801
  35970.00    35.8947
  35980.00    35.6590
  35990.00    35.8770
  36000.00    36.3016
  36010.00    35.9092
  36020.00    35.3447
  36030.00    36.6475
  36040.00    35.4443
  36050.00    35.6410
  36060.00    35.9340
  36070.00    35.8690
  36080.00    35.8126
  36090.00    36.2574
  36100.00    36.6215
  36110.00    36.1708
  36120.00    36.4913
  36130.00    35.5697
  36140.00    35.3105
  36150.00    35.8413
  36160.00    36.5434
  36170.00    36.4858
  36180.00    35.9112
  36190.00    35.7400
  36200.00    35.8851
  36210.00    35.9041
  36220.00    35.7230
  36230.00    35.9679
  36240.00    35.7523
  36250.00    35.6734
  36260.00    36.1242
  36270.00    35.9500
  36280.00    35.9278
  36290.00    35.8236
  36300.00    36.1191
  36310.00    35.9783
  36320.00    35.9729
  36330.00    35.8087
  36340.00    35.7278
  36350.00    35.7953
  36360.00    35.9773
  36370.00    36.0077
  36380.00    36.2824
  36390.00    35.7681
  36400.00    36.0697
  36410.00    36.3167
  36420.00    36.0134
  36430.00    35.8007
  36440.00    36.1588
  36450.00    35.5428
  36460.00    35.4814
  36470.00    36.4668
  36480.00    35.6921
  36490.00    35.8896
  36500.00    35.9227
  36510.00    35.9681
  36520.00    35.7529
  36530.00    36.0967
  36540.00    35.5823
  36550.00    35.9467
  36560.00    36.0670
  36570.00    36.0393
  36580.00    35.8982
  36590.00    36.1883
  36600.00    35.7732
  36610.00    35.7536
  36620.00    36.1163
  36630.00    35.5123
  36640.00    36.1212
  36650.00    36.6638
  36660.00    35.9498
  36670.00    36.1268
  36680.00    36.0302
  36690.00    35.8248
  36700.00    35.7008
  36710.00    35.6928
  36720.00    36.2399
  36730.00    36.3974
  36740.00    36.1237
  36750.00    36.0810
  36760.00    36.1650
  36770.00    35.9121
  36780.00    35.9769
  36790.00    35.8826
  36800.00    36.2987
  36810.00    36.2260
  36820.00    36.0520
  36830.00    36.2680
  36840.00    36.0529
  36850.00    36.0860
  36860.00    36.0015
  36870.00    36.1147
  36880.00    36.0669
  36890.00    36.4612
  36900.00    36.1461
  36910.00    36.3537
  36920.00    35.6232
  36930.00    36.1425
  36940.00    35.6611
  36950.00    36.1297
  36960.00    35.5621
  36970.00    35.8604
  36980.00    36.0518
  36990.00    36.5600
  37000.00    35.9807
  37010.00    36.0667
  37020.00    36.0556
  37030.00    35.3220
  37040.00    35.5922
  37050.00    36.0840
  37060.00    35.6266
  37070.00    35.4824
  37080.00    35.3482
  37090.00    35.6283
  37100.00    35.9795
  37110.00    36.2247
  37120.00    35.7738
  37130.00    35.6686
  37140.00    35.8577
  37150.00    35.9241
  37160.00    36.3035
  37170.00    35.6574
  37180.00    35.8538
  37190.00    35.9184
  37200.00    36.1179
  37210.00    35.8220
  37220.00    36.2801
  37230.00    35.7393
  37240.00    35.9064
  37250.00    36.0843
  37260.00    36.1390
  37270.00    36.1539
  37280.00    35.9237
  37290.00    35.5736
  37300.00    36.2270
  37310.00    36.1767
  37320.00    36.1134
  37330.00    36.1002
  37340.00    36.1558
  37350.00    35.8306
  37360.00    35.8792
  37370.00    36.1541
  37380.00    35.8274
  37390.00    36.1580
  37400.00    35.8176
  37410.00    35.6257
  37420.00    35.6211
  37430.00    35.7037
  37440.00    36.0861
  37450.00    35.8595
  37460.00    36.2318
  37470.00    35.6086
  37480.00    35.8328
  37490.00    35.6511
  37500.00    35.9927
  37510.00    36.0252
  37520.00    36.3491
  37530.00    36.0020
  37540.00    35.9302
  37550.00    36.1385
  37560.00    36.0291
  37570.00    36.0775
  37580.00    35.6037
  37590.00    35.9573
  37600.00    35.9862
  37610.00    35.8339
  37620.00    36.2241
  37630.00    35.7027
  37640.00    35.7942
  37650.00    36.1216
  37660.00    36.2449
  37670.00    36.2100
  37680.00    35.7492
  37690.00    35.8466
  37700.00    35.6926
  37710.00    35.8312
  37720.00    35.9083
  37730.00    35.6594
  37740.00    35.6340
  37750.00    36.0970
  37760.00    36.0665
  37770.00    35.8719
  37780.00    36.3529
  37790.00    36.0212
  37800.00    35.5646
  37810.00    36.5050
  37820.00    36.0979
  37830.00    36.1818
  37840.00    35.3624
  37850.00    36.2959
  37860.00    36.3303
  37870.00    35.9227
  37880.00    36.0987
  37890.00    36.1704
  37900.00    36.3393
  37910.00    36.2705
  37920.00    35.5870
  37930.00    35.8885
  37940.00    35.8141
  37950.00    36.1686
  37960.00    36.4766
  37970.00    35.7310
  37980.00    35.9667
  37990.00    35.8757
  38000.00    36.4859
  38010.00    36.0427
  38020.00    35.7122
  38030.00    36.0595
  38040.00    36.5158
  38050.00    36.4198
  38060.00    35.8931
  38070.00    36.2183
  38080.00    36.0833
  38090.00    35.7974
  38100.00    36.1676
  38110.00    35.8587
  38120.00    35.9635
  38130.00    36.2391
  38140.00    36.3204
  38150.00    35.9822
  38160.00    35.9893
  38170.00    36.0616
  38180.00    35.8377
  38190.00    36.0006
  38200.00    36.1827
  38210.00    36.1284
  38220.00    35.9914
  38230.00    36.1586
  38240.00    35.3531
  38250.00    36.0640
  38260.00    36.0564
  38270.00    35.9876
  38280.00    36.3130
  38290.00    35.9199
  38300.00    35.8192
  38310.00    36.3814
  38320.00    35.9980
  38330.00    36.0262
  38340.00    36.1891
  38350.00    36.8471
  38360.00    35.7400
  38370.00    36.3600
  38380.00    35.7831
  38390.00    36.0783
  38400.00    35.7271
  38410.00    35.9444
  38420.00    35.1026
  38430.00    35.4030
  38440.00    36.5292
  38450.00    36.2412
  38460.00    35.2521
  38470.00    36.0900
  38480.00    36.0347
  38490.00    36.3470
  38500.00    36.1626
  38510.00    35.6237
  38520.00    36.1737
  38530.00    35.9719
  38540.00    35.8368
  38550.00    35.9037
  38560.00    35.9416
  38570.00    36.1706
  38580.00    35.7764
  38590.00    36.2065
  38600.00    36.1322
  38610.00    36.1037
  38620.00    36.0356
  38630.00    35.7673
  38640.00    36.1380
  38650.00    35.6405
  38660.00    35.7576
  38670.00    35.8851
  38680.00    35.8243
  38690.00    35.8349
  38700.00    35.6443
  38710.00    36.0429
  38720.00    35.3445
  38730.00    36.4659
  38740.00    35.5197
  38750.00    35.8033
  38760.00    35.5500
  38770.00    35.7008
  38780.00    36.5963
  38790.00    35.7743
  38800.00    35.4173
  38810.00    36.3387
  38820.00    35.2814
  38830.00    36.0841
  38840.00    35.8548
  38850.00    36.2767
  38860.00    36.1380
  38870.00    36.1095
  38880.00    35.5039
  38890.00    35.6827
  38900.00    36.3361
  38910.00    36.0112
  38920.00    35.9847
  38930.00    36.0421
  38940.00    36.0269
  38950.00    35.9824
  38960.00    35.8994
  38970.00    36.2083
  38980.00    36.2327
  38990.00    35.9125
  39000.00    35.8108
  39010.00    35.8829
  39020.00    36.2106
  39030.00    36.0016
  39040.00    35.9886
  39050.00    36.3405
  39060.00    35.7373
  39070.00    35.7843
  39080.00    35.6816
  39090.00    36.2923
  39100.00    36.1031
  39110.00    36.3510
  39120.00    36.0064
  39130.00    35.5667
  39140.00    35.8972
  39150.00    35.5487
  39160.00    35.9859
  39170.00    36.1778
  39180.00    35.9761
  39190.00    35.8800
  39200.00    35.6476
  39210.00    36.1539
  39220.00    35.9890
  39230.00    36.3554
  39240.00    35.7490
  39250.00    36.1316
  39260.00    35.9578
  39270.00    36.1783
  39280.00    36.3147
  39290.00    35.5305
  39300.00    36.4494
  39310.00    36.5332
  39320.00    36.1416
  39330.00    36.4437
  39340.00    35.3291
  39350.00    36.1594
  39360.00    36.0054
  39370.00    36.3664
  39380.00    36.3260
  39390.00    36.1827
  39400.00    35.9386
  39410.00    35.7477
  39420.00    36.0570
  39430.00    35.8237
  39440.00    36.3393
  39450.00    35.6278
  39460.00    36.1011
  39470.00    36.1842
  39480.00    35.3973
  39490.00    35.5465
  39500.00    35.5967
  39510.00    36.2593
  39520.00    35.6115
  39530.00    36.1794
  39540.00    35.4771
  39550.00    35.5902
  39560.00    35.8313
  39570.00    35.8639
  39580.00    36.2442
  39590.00    35.3618
  39600.00    36.2321
  39610.00    35.3110
  39620.00    36.1372
  39630.00    36.4666
  39640.00    36.2727
  39650.00    36.1817
  39660.00    36.2624
  39670.00    35.7957
  39680.00    36.1368
  39690.00    35.9837
  39700.00    36.3694
  39710.00    35.2757
  39720.00    35.6856
  39730.00    36.1266
  39740.00    36.1978
  39750.00    36.3558
  39760.00    35.8707
  39770.00    36.2906
  39780.00    36.1621
  39790.00    36.4150
  39800.00    35.6194
  39810.00    35.8211
  39820.00    36.0859
  39830.00    35.7497
  39840.00    35.9028
  39850.00    36.0420
  39860.00    35.7533
  39870.00    35.8002
  39880.00    36.6451
  39890.00    36.2771
  39900.00    35.9748
  39910.00    35.7306
  39920.00    35.6847
  39930.00    36.1672
  39940.00    35.9136
  39950.00    36.1595
  39960.00    35.7451
  39970.00    36.1437
  39980.00    35.9225
  39990.00    36.2097
  40000.00    36.1571
  40010.00    36.5618
  40020.00    35.9296
  40030.00    36.1025
  40040.00    36.1866
  40050.00    36.1914
  40060.00    36.3297
  40070.00    35.7242
  40080.00    36.1639
  40090.00    36.1183
  40100.00    36.6456
  40110.00    35.8860
  40120.00    35.7663
  40130.00    35.9383
  40140.00    35.7461
  40150.00    36.0752
  40160.00    36.1968
  40170.00    36.0663
  40180.00    35.6619
  40190.00    35.4664
  40200.00    36.1480
  40210.00    36.6808
  40220.00    36.0274
  40230.00    36.1746
  40240.00    36.4437
  40250.00    35.6278
  40260.00    36.0160
  40270.00    36.1430
  40280.00    36.2219
  40290.00    36.1988
  40300.00    36.1605
  40310.00    35.8364
  40320.00    36.1544
  40330.00    35.9115
  40340.00    36.6511
  40350.00    36.0882
  40360.00    36.3612
  40370.00    36.0959
  40380.00    35.9400
  40390.00    36.3399
  40400.00    35.6006
  40410.00    36.1518
  40420.00    36.0138
  40430.00    35.7641
  40440.00    36.1678
  40450.00    35.9551
  40460.00    35.9643
  40470.00    35.3968
  40480.00    36.2328
  40490.00    35.5125
  40500.00    35.8863
  40510.00    36.1346
  40520.00    35.8603
  40530.00    36.4492
  40540.00    35.7827
  40550.00    35.7810
  40560.00    36.0677
  40570.00    36.1559
  40580.00    36.0627
  40590.00    36.0310
  40600.00    35.8454
  40610.00    35.7346
  40620.00    35.9686
  40630.00    35.7181
  40640.00    35.7718
  40650.00    36.2708
  40660.00    35.9667
  40670.00    35.6263
  40680.00    36.0492
  40690.00    36.0062
  40700.00    35.6354
  40710.00    36.0302
  40720.00    35.7925
  40730.00    36.5310
  40740.00    35.9924
  40750.00    35.8433
  40760.00    35.9338
  40770.00    36.3204
  40780.00    35.5012
  40790.00    35.8556
  40800.00    36.1177
  40810.00    35.7597
  40820.00    36.5543
  40830.00    36.2476
  40840.00    36.1109
  40850.00    35.8621
  40860.00    36.2474
  40870.00    36.0962
  40880.00    36.4255
  40890.00    35.9085
  40900.00    36.1383
  40910.00    35.6464
  40920.00    36.4113
  40930.00    35.5775
  40940.00    35.8531
  40950.00    36.1109
  40960.00    35.8745
  40970.00    36.0562
  40980.00    35.8166
  40990.00    36.4066
  41000.00    35.3449
  41010.00    35.4683
  41020.00    36.3871
  41030.00    35.6400
  41040.00    35.8057
  41050.00    36.3268
  41060.00    35.8519
  41070.00    36.3764
  41080.00    35.8318
  41090.00    35.5962
  41100.00    36.0032
  41110.00    36.0528
  41120.00    36.1236
  41130.00    35.5843
  41140.00    35.8519
  41150.00    35.3693
  41160.00    36.4106
  41170.00    35.8922
  41180.00    36.3509
  41190.00    35.9453
  41200.00    36.0297
  41210.00    35.9888
  41220.00    35.9713
  41230.00    35.8655
  41240.00    36.5172
  41250.00    36.1579
  41260.00    36.4551
  41270.00    35.9353
  41280.00    36.1552
  41290.00    35.9677
  41300.00    36.1952
  41310.00    36.1906
  41320.00    36.0405
  41330.00    36.1775
  41340.00    36.0374
  41350.00    36.6494
  41360.00    36.1697
  41370.00    36.2598
  41380.00    36.2960
  41390.00    36.1262
  41400.00    35.9399
  41410.00    36.2465
  41420.00    36.4260
  41430.00    35.6955
  41440.00    36.1614
  41450.00    36.0353
  41460.00    35.8771
  41470.00    36.0500
  41480.00    35.8604
  41490.00    35.8234
  41500.00    35.6552
  41510.00    35.8277
  41520.00    35.9868
  41530.00    35.5925
  41540.00    35.8928
  41550.00    35.9026
  41560.00    36.0960
  41570.00    35.5422
  41580.00    36.1092
  41590.00    36.0474
  41600.00    36.5097
  41610.00    35.6679
  41620.00    35.7507
  41630.00    35.8675
  41640.00    35.9727
  41650.00    35.6882
  41660.00    36.0254
  41670.00    36.2669
  41680.00    36.4140
  41690.00    35.4610
  41700.00    35.5892
  41710.00    35.5506
  41720.00    35.8999
  41730.00    36.3797
  41740.00    36.2248
  41750.00    36.0220
  41760.00    36.0650
  41770.00    35.8419
  41780.00    36.0857
  41790.00    36.1980
  41800.00    35.6401
  41810.00    36.1630
  41820.00    35.8256
  41830.00    36.1917
  41840.00    35.6155
  41850.00    36.0742
  41860.00    35.7433
  41870.00    35.5859
  41880.00    35.9138
  41890.00    36.1925
  41900.00    36.0882
  41910.00    36.4796
  41920.00    35.8638
  41930.00    35.7685
  41940.00    35.8397
  41950.00    36.0724
  41960.00    35.4149
  41970.00    35.4897
  41980.00    35.9716
  41990.00    35.6925
  42000.00    35.8867
  42010.00    36.1418
  42020.00    35.9214
  42030.00    36.0182
  42040.00    35.9232
  42050.00    36.1819
  42060.00    36.0308
  42070.00    36.1938
  42080.00    35.3399
  42090.00    36.3350
  42100.00    36.6707
  42110.00    35.8830
  42120.00    35.9336
  42130.00    35.9019
  42140.00    35.9654
  42150.00    36.2446
  42160.00    36.3325
  42170.00    36.1332
  42180.00    35.9737
  42190.00    35.7374
  42200.00    35.8793
  42210.00    35.9076
  42220.00    36.1708
  42230.00    35.9042
  42240.00    36.4505
  42250.00    36.6702
  42260.00    35.6537
  42270.00    35.9560
  42280.00    36.6170
  42290.00    36.1997
  42300.00    35.9553
  42310.00    36.0788
  42320.00    36.3682
  42330.00    35.7594
  42340.00    35.6732
  42350.00    35.6669
  42360.00    36.6166
  42370.00    36.1072
  42380.00    36.0539
  42390.00    35.8691
  42400.00    36.2272
  42410.00    35.8345
  42420.00    36.1780
  42430.00    36.2805
  42440.00    35.4903
  42450.00    35.9228
  42460.00    35.7767
  42470.00    36.0408
  42480.00    36.2323
  42490.00    36.0799
  42500.00    35.7732
  42510.00    36.2567
  42520.00    35.9254
  42530.00    35.7695
  42540.00    35.6874
  42550.00    36.2599
  42560.00    35.5791
  42570.00    36.0328
  42580.00    35.7675
  42590.00    36.0820
  42600.00    35.9899
  42610.00    35.9625
  42620.00    36.2482
  42630.00    36.0908
  42640.00    36.1731
  42650.00    36.3434
  42660.00    35.8609
  42670.00    36.5967
  42680.00    36.1015
  42690.00    35.7155
  42700.00    35.9972
  42710.00    36.4965
  42720.00    35.6710
  42730.00    35.9918
  42740.00    36.0105
  42750.00    35.7561
  42760.00    35.9416
  42770.00    35.7769
  42780.00    36.2577
  42790.00    36.1952
  42800.00    36.3355
  42810.00    35.5719
  42820.00    36.2867
  42830.00    36.0577
  42840.00    36.2888
  42850.00    35.9599
  42860.00    36.5113
  42870.00    36.4751
  42880.00    36.0457
  42890.00    36.1447
  42900.00    36.4048
  42910.00    36.5326
  42920.00    35.7958
  42930.00    35.9721
  42940.00    35.9796
  42950.00    36.0795
  42960.00    36.0167
  42970.00    35.9474
  42980.00    36.3777
  42990.00    36.2621
  43000.00    36.1505
  43010.00    35.9842
  43020.00    35.9568
  43030.00    36.5172
  43040.00    35.8735
  43050.00    36.1175
  43060.00    35.2882
  43070.00    35.7806
  43080.00    36.6245
  43090.00    36.0171
  43100.00    35.9148
  43110.00    36.2836
  43120.00    35.8043
  43130.00    35.4823
  43140.00    35.8002
  43150.00    35.7851
  43160.00    35.9974
  43170.00    35.9285
  43180.00    35.3876
  43190.00    36.4515
  43200.00    35.7871
  43210.00    36.3932
  43220.00    36.0202
  43230.00    35.5758
  43240.00    36.2087
  43250.00    36.4050
  43260.00    36.0924
  43270.00    36.3704
  43280.00    35.4733
  43290.00    36.1813
  43300.00    36.1350
  43310.00    36.0718
  43320.00    36.3182
  43330.00    35.8247
  43340.00    36.0230
  43350.00    36.2181
  43360.00    35.9071
  43370.00    36.0116
  43380.00    36.0452
  43390.00    36.0556
  43400.00    35.9646
  43410.00    36.0206
  43420.00    36.1582
  43430.00    35.8884
  43440.00    35.9652
  43450.00    36.3828
  43460.00    36.4651
  43470.00    36.5591
  43480.00    36.1212
  43490.00    35.8506
  43500.00    36.1337
  43510.00    35.4297
  43520.00    36.0201
  43530.00    35.9291
  43540.00    35.8460
  43550.00    36.1944
  43560.00    35.8585
  43570.00    36.3886
  43580.00    36.1047
  43590.00    35.5534
  43600.00    35.9505
  43610.00    35.8809
  43620.00    36.0968
  43630.00    35.8540
  43640.00    36.1700
  43650.00    36.0889
  43660.00    35.6544
  43670.00    35.7102
  43680.00    35.8234
  43690.00    36.2004
  43700.00    36.0001
  43710.00    36.0241
  43720.00    36.1432
  43730.00    35.8256
  43740.00    36.2632
  43750.00    35.8244
  43760.00    36.2283
  43770.00    36.1991
  43780.00    35.8460
  43790.00    36.1793
  43800.00    35.6333
  43810.00    35.8394
  43820.00    36.4800
  43830.00    35.8875
  43840.00    35.5327
  43850.00    36.4687
  43860.00    35.6387
  43870.00    35.5338
  43880.00    36.1513
  43890.00    35.7623
  43900.00    35.8368
  43910.00    36.4501
  43920.00    36.1616
  43930.00    35.9256
  43940.00    36.2668
  43950.00    36.0596
  43960.00    36.2003
  43970.00    36.1051
  43980.00    36.3160
  43990.00    35.8150
  44000.00    36.1565
  44010.00    35.8925
  44020.00    35.9377
  44030.00    35.2833
  44040.00    35.7661
  44050.00    36.2458
  44060.00    36.1518
  44070.00    35.9638
  44080.00    36.1205
  44090.00    36.3215
  44100.00    36.2640
  44110.00    35.7577
  44120.00    35.6370
  44130.00    35.5838
  44140.00    36.1383
  44150.00    36.7902
  44160.00    36.3629
  44170.00    36.3783
  44180.00    36.1627
  44190.00    35.6006
  44200.00    35.6551
  44210.00    35.9831
  44220.00    35.7911
  44230.00    36.3315
  44240.00    35.3652
  44250.00    36.0791
  44260.00    35.7997
  44270.00    36.6409
  44280.00    36.1250
  44290.00    36.0707
  44300.00    35.7380
  44310.00    35.7540
  44320.00    35.6528
  44330.00    36.1219
  44340.00    35.8856
  44350.00    36.2790
  44360.00    36.2991
  44370.00    35.8856
  44380.00    36.3167
  44390.00    36.2010
  44400.00    35.8477
  44410.00    36.3559
  44420.00    36.1366
  44430.00    35.4791
  44440.00    35.9180
  44450.00    36.2966
  44460.00    35.9199
  44470.00    36.3265
  44480.00    35.8165
  44490.00    36.2542
  44500.00    36.6918
  44510.00    35.7549
  44520.00    35.9383
  44530.00    36.3582
  44540.00    35.9904
  44550.00    35.7114
  44560.00    36.0833
  44570.00    36.5334
  44580.00    35.7958
  44590.00    36.2673
  44600.00    35.6072
  44610.00    36.3835
  44620.00    36.2129
  44630.00    36.4815
  44640.00    35.8769
  44650.00    35.6838
  44660.00    35.8173
  44670.00    35.8513
  44680.00    35.8541
  44690.00    36.0519
  44700.00    35.9402
  44710.00    35.4980
  44720.00    36.1117
  44730.00    36.3286
  44740.00    36.2387
  44750.00    35.5878
  44760.00    35.9078
  44770.00    36.0424
  44780.00    36.0146
  44790.00    35.5135
  44800.00    36.2872
  44810.00    36.0694
  44820.00    36.1605
  44830.00    35.7149
  44840.00    36.0985
  44850.00    35.9357
  44860.00    36.1857
  44870.00    36.6478
  44880.00    36.1120
  44890.00    35.8306
  44900.00    36.4609
  44910.00    36.2243
  44920.00    35.9762
  44930.00    35.8131
  44940.00    36.2358
  44950.00    35.7350
  44960.00    36.0442
  44970.00    35.5613
  44980.00    36.3104
  44990.00    35.7203
  45000.00    36.0153
  45010.00    35.7903
  45020.00    35.7953
  45030.00    35.4926
  45040.00    36.1179
  45050.00    35.7391
  45060.00    35.6563
  45070.00    35.9066
  45080.00    35.9586
  45090.00    35.7898
  45100.00    35.5905
  45110.00    36.0272
  45120.00    36.1210
  45130.00    36.2055
  45140.00    35.6857
  45150.00    36.5217
  45160.00    36.1710
  45170.00    35.4594
  45180.00    35.7849
  45190.00    35.8785
  45200.00    35.7184
  45210.00    36.2991
  45220.00    35.9652
  45230.00    35.1156
  45240.00    36.0999
  45250.00    36.0628
  45260.00    35.7635
  45270.00    35.5910
  45280.00    35.7457
  45290.00    36.3739
  45300.00    36.0009
  45310.00    36.0924
  45320.00    35.8749
  45330.00    36.0362
  45340.00    36.2722
  45350.00    35.9234
  45360.00    36.3646
  45370.00    35.6291
  45380.00    35.7978
  45390.00    36.5172
  45400.00    36.1000
  45410.00    36.1516
  45420.00    35.8013
  45430.00    36.2827
  45440.00    36.2306
  45450.00    36.3321
  45460.00    35.9429
  45470.00    35.7056
  45480.00    35.5344
  45490.00    36.2459
  45500.00    35.8015
  45510.00    35.9519
  45520.00    35.7209
  45530.00    35.8271
  45540.00    36.4036
  45550.00    36.1012
  45560.00    35.6562
  45570.00    36.1098
  45580.00    35.9701
  45590.00    35.7107
  45600.00    35.9987
  45610.00    35.7467
  45620.00    35.9280
  45630.00    36.2005
  45640.00    35.6230
  45650.00    35.7720
  45660.00    35.8443
  45670.00    35.8232
  45680.00    36.1643
  45690.00    36.2503
  45700.00    36.2394
  45710.00    36.2982
  45720.00    35.9634
  45730.00    36.3888
  45740.00    35.9946
  45750.00    35.9239
  45760.00    36.2682
  45770.00    35.8628
  45780.00    35.3530
  45790.00    35.6615
  45800.00    36.1757
  45810.00    35.8459
  45820.00    35.7830
  45830.00    36.3589
  45840.00    35.5415
  45850.00    36.0454
  45860.00    36.1175
  45870.00    35.9418
  45880.00    35.7160
  45890.00    36.3023
  45900.00    36.1997
  45910.00    36.5200
  45920.00    35.9591
  45930.00    36.0243
  45940.00    35.6672
  45950.00    35.6828
  45960.00    36.2322
  45970.00    36.1393
  45980.00    35.9459
  45990.00    36.6551
  46000.00    36.0904
  46010.00    36.2163
  46020.00    36.2650
  46030.00    35.9085
  46040.00    35.6485
  46050.00    35.8990
  46060.00    35.8142
  46070.00    35.9899
  46080.00    36.7957
  46090.00    36.0360
  46100.00    35.5681
  46110.00    35.0176
  46120.00    36.0849
  46130.00    35.5069
  46140.00    36.0582
  46150.00    35.6801
  46160.00    36.4409
  46170.00    36.2521
  46180.00    35.8589
  46190.00    36.8935
  46200.00    36.5619
  46210.00    36.1437
  46220.00    36.0480
  46230.00    35.9933
  46240.00    36.0645
  46250.00    35.5250
  46260.00    35.6981
  46270.00    36.1190
  46280.00    35.7767
  46290.00    35.8582
  46300.00    36.0729
  46310.00    36.4536
  46320.00    35.2708
  46330.00    35.9947
  46340.00    35.8700
  46350.00    36.3267
  46360.00    36.4319
  46370.00    36.0731
  46380.00    36.1887
  46390.00    35.4444
  46400.00    36.0302
  46410.00    36.7294
  46420.00    35.9336
  46430.00    35.7092
  46440.00    36.0103
  46450.00    35.8400
  46460.00    36.2537
  46470.00    35.1831
  46480.00    36.0486
  46490.00    35.6360
  46500.00    36.0672
  46510.00    36.0393
  46520.00    36.3590
  46530.00    36.5527
  46540.00    35.7881
  46550.00    35.8174
  46560.00    35.7150
  46570.00    36.4517
  46580.00    35.8762
  46590.00    35.7120
  46600.00    35.5257
  46610.00    35.7340
  46620.00    35.8889
  46630.00    35.7765
  46640.00    36.1973
  46650.00    35.6422
  46660.00    35.7091
  46670.00    36.5473
  46680.00    36.1576
  46690.00    36.3430
  46700.00    35.7497
  46710.00    36.3461
  46720.00    35.4593
  46730.00    36.4244
  46740.00    35.9381
  46750.00    36.0317
  46760.00    36.2638
  46770.00    36.2674
  46780.00    35.8887
  46790.00    36.2568
  46800.00    36.1049
  46810.00    36.2256
  46820.00    35.9394
  46830.00    36.3910
  46840.00    36.6226
  46850.00    35.6709
  46860.00    35.9531
  46870.00    35.9294
  46880.00    36.2502
  46890.00    36.2740
  46900.00    35.7687
  46910.00    36.0538
  46920.00    35.2854
  46930.00    35.8773
  46940.00    35.7745
  46950.00    36.2262
  46960.00    36.4116
  46970.00    36.2663
  46980.00    36.2973
  46990.00    35.7759
  47000.00    36.0594
  47010.00    35.7107
  47020.00    35.9524
  47030.00    36.5689
  47040.00    36.2436
  47050.00    35.9168
  47060.00    36.1369
  47070.00    36.0083
  47080.00    36.5798
  47090.00    35.9809
  47100.00    35.7960
  47110.00    36.0170
  47120.00    36.5811
  47130.00    35.6688
  47140.00    35.7758
  47150.00    36.2069
  47160.00    35.8513
  47170.00    36.6154
  47180.00    35.7531
  47190.00    36.0972
  47200.00    36.3897
  47210.00    36.0512
  47220.00    35.8629
  47230.00    36.0402
  47240.00    35.7044
  47250.00    35.9713
  47260.00    35.3540
  47270.00    35.5810
  47280.00    35.8435
  47290.00    35.7363
  47300.00    35.6262
  47310.00    35.9949
  47320.00    35.6401
  47330.00    35.5135
  47340.00    36.0148
  47350.00    35.7722
  47360.00    36.0157
  47370.00    36.2757
  47380.00    35.5785
  47390.00    36.1505
  47400.00    36.2498
  47410.00    36.0295
  47420.00    36.3086
  47430.00    36.2374
  47440.00    35.7190
  47450.00    35.5429
  47460.00    36.0231
  47470.00    35.8202
  47480.00    36.1239
  47490.00    35.7378
  47500.00    35.8990
  47510.00    35.8915
  47520.00    36.1463
  47530.00    36.1679
  47540.00    36.1701
  47550.00    36.1410
  47560.00    35.6352
  47570.00    35.6901
  47580.00    35.7970
  47590.00    36.0062
  47600.00    36.2091
  47610.00    36.5528
  47620.00    35.9920
  47630.00    36.3891
  47640.00    35.8615
  47650.00    35.6405
  47660.00    36.2790
  47670.00    35.9529
  47680.00    35.5475
  47690.00    36.1885
  47700.00    36.0833
  47710.00    36.7661
  47720.00    36.1553
  47730.00    35.9960
  47740.00    36.0785
  47750.00    36.1699
  47760.00    36.6202
  47770.00    35.6732
  47780.00    36.1603
  47790.00    36.0287
  47800.00    36.2042
  47810.00    36.3706
  47820.00    35.9104
  47830.00    35.9464
  47840.00    36.0480
  47850.00    35.7732
  47860.00    35.8739
  47870.00    35.9124
  47880.00    36.4927
  47890.00    36.0911
  47900.00    35.7974
  47910.00    36.2430
  47920.00    36.2996
  47930.00    35.8321
  47940.00    36.1263
  47950.00    35.4548
  47960.00    37.0348
  47970.00    36.1158
  47980.00    36.3343
  47990.00    35.8731
  48000.00    35.5110
  48010.00    35.1113
  48020.00    36.3699
  48030.00    35.6892
  48040.00    35.8520
  48050.00    35.9403
  48060.00    36.0290
  48070.00    35.9048
  48080.00    36.0135
  48090.00    36.0466
  48100.00    35.4902
  48110.00    36.4515
  48120.00    36.5928
  48130.00    36.3247
  48140.00    36.3888
  48150.00    35.9510
  48160.00    36.2417
  48170.00    35.7913
  48180.00    35.9609
  48190.00    36.0456
  48200.00    36.1401
  48210.00    36.1486
  48220.00    35.8519
  48230.00    36.1279
  48240.00    35.6529
  48250.00    36.0024
  48260.00    35.8820
  48270.00    35.9085
  48280.00    35.5182
  48290.00    35.8571
  48300.00    36.2592
  48310.00    35.8778
  48320.00    36.1177
  48330.00    36.0541
  48340.00    35.7523
  48350.00    35.7753
  48360.00    36.6324
  48370.00    35.5497
  48380.00    35.9838
  48390.00    36.3691
  48400.00    36.4167
  48410.00    36.1877
  48420.00    36.1134
  48430.00    35.6967
  48440.00    36.3591
  48450.00    35.4192
  48460.00    35.9351
  48470.00    35.9842
  48480.00    35.8423
  48490.00    36.2226
  48500.00    35.7067
  48510.00    35.3122
  48520.00    35.5421
  48530.00    36.1208
  48540.00    36.0104
  48550.00    35.6361
  48560.00    36.0020
  48570.00    36.2793
  48580.00    35.8258
  48590.00    35.5984
  48600.00    35.7022
  48610.00    36.6450
  48620.00    35.8725
  48630.00    35.9071
  48640.00    36.0100
  48650.00    36.1852
  48660.00    35.8336
  48670.00    35.7527
  48680.00    36.2685
  48690.00    36.3143
  48700.00    36.3192
  48710.00    35.5454
  48720.00    35.6898
  48730.00    35.2275
  48740.00    35.5267
  48750.00    35.8488
  48760.00    35.8620
  48770.00    36.6475
  48780.00    36.6752
  48790.00    35.8908
  48800.00    35.9494
  48810.00    35.8075
  48820.00    35.5226
  48830.00    35.8122
  48840.00    36.4317
  48850.00    35.8964
  48860.00    35.3300
  48870.00    36.1678
  48880.00    36.1156
  48890.00    36.4591
  48900.00    35.8206
  48910.00    35.9559
  48920.00    35.7217
  48930.00    35.7129
  48940.00    35.1155
  48950.00    35.9717
  48960.00    35.6735
  48970.00    36.1500
  48980.00    35.4314
  48990.00    35.7447
  49000.00    36.6589
  49010.00    35.6026
  49020.00    36.0105
  49030.00    35.9659
  49040.00    35.4070
  49050.00    35.6342
  49060.00    35.8448
  49070.00    36.0994
  49080.00    36.5844
  49090.00    36.5365
  49100.00    35.4771
  49110.00    36.4671
  49120.00    36.3578
  49130.00    35.9376
  49140.00    36.3530
  49150.00    35.7575
  49160.00    36.2127
  49170.00    36.0219
  49180.00    36.1716
  49190.00    35.8458
  49200.00    35.7750
  49210.00    35.7259
  49220.00    36.0129
  49230.00    36.2745
  49240.00    36.3402
  49250.00    36.0017
  49260.00    35.9074
  49270.00    36.4352
  49280.00    36.2541
  49290.00    35.7592
  49300.00    35.8219
  49310.00    36.3836
  49320.00    35.9308
  49330.00    36.1153
  49340.00    36.2716
  49350.00    35.5251
  49360.00    35.7757
  49370.00    36.1204
  49380.00    36.3804
  49390.00    36.0513
  49400.00    36.2585
  49410.00    36.3388
  49420.00    35.9128
  49430.00    36.2796
  49440.00    35.8009
  49450.00    36.3325
  49460.00    36.4107
  49470.00    36.3903
  49480.00    35.6062
  49490.00    36.1254
  49500.00    35.6255
  49510.00    36.3497
  49520.00    36.1859
  49530.00    36.3701
  49540.00    35.5257
  49550.00    36.1453
  49560.00    36.0832
  49570.00    36.3066
  49580.00    36.0172
  49590.00    35.6955
  49600.00    36.1056
  49610.00    35.9008
  49620.00    35.8650
  49630.00    36.4641
  49640.00    35.8629
  49650.00    36.3265
  49660.00    35.8552
  49670.00    35.9380
  49680.00    35.6294
  49690.00    36.3611
  49700.00    35.7098
  49710.00    36.1871
  49720.00    36.1225
  49730.00    36.2956
  49740.00    35.9751
  49750.00    35.4956
  49760.00    36.5352
  49770.00    36.0871
  49780.00    36.1446
  49790.00    36.3569
  49800.00    36.2331
  49810.00    35.6865
  49820.00    36.4550
  49830.00    36.7998
  49840.00    35.8369
  49850.00    36.4607
  49860.00    35.7401
  49870.00    36.3974
  49880.00    36.2454
  49890.00    35.9784
  49900.00    36.4474
  49910.00    35.8700
  49920.00    35.9150
  49930.00    35.6180
  49940.00    36.0199
  49950.00    36.7623
  49960.00    35.9781
  49970.00    36.2725
  49980.00    36.1894
  49990.00    36.6396
  50000.00    35.9461
