     10.00    33.1068
     20.00    33.0173
     30.00    32.8999
     40.00    33.2316
     50.00    33.0484
     60.00    33.1408
     70.00    33.0892
     80.00    33.0548
     90.00    33.4582
    100.00    32.9064
    110.00    32.7333
    120.00    33.1924
    130.00    32.7302
    140.00    33.0381
    150.00    33.1082
    160.00    33.3490
    170.00    32.7592
    180.00    32.8113
    190.00    33.0071
    200.00    32.6574
    210.00    33.0044
    220.00    32.7312
    230.00    33.4430
    240.00    32.6350
    250.00    33.0412
    260.00    32.8710
    270.00    32.7027
    280.00    33.2012
    290.00    33.2190
    300.00    33.1573
    310.00    33.2243
    320.00    32.6407
    330.00    32.6215
    340.00    32.4191
    350.00    33.1712
    360.00    33.6914
    370.00    32.6993
    380.00    33.3882
    390.00    33.1707
    400.00    32.9611
    410.00    32.7683
    420.00    32.7579
    430.00    33.3099
    440.00    33.1474
    450.00    32.8641
    460.00    32.9677
    470.00    32.9719
    480.00    33.4905
    490.00    32.6609
    500.00    32.8801
    510.00    32.7366
    520.00    33.0243
    530.00    32.8577
    540.00    32.4581
    550.00    32.8200
    560.00    33.0560
    570.00    32.8482
    580.00    32.7296
    590.00    33.3099
    600.00    33.2000
    610.00    32.8901
    620.00    32.8913
    630.00    32.7625
    640.00    33.1778
    650.00    32.7839
    660.00    33.3141
    670.00    32.4605
    680.00    32.8657
    690.00    32.9475
    700.00    33.0447
    710.00    33.1089
    720.00    33.3297
    730.00    32.6566
    740.00    33.0481
    750.00    33.1874
    760.00    33.3541
    770.00    33.0380
    780.00    33.3102
    790.00    33.1909
    800.00    32.9339
    810.00    33.1760
    820.00    32.6224
    830.00    32.7178
    840.00    33.0117
    850.00    33.4908
    860.00    33.1737
    870.00    32.9108
    880.00    32.4775
    890.00    33.1216
    900.00    33.3049
    910.00    32.7019
    920.00    32.6214
    930.00    32.6439
    940.00    33.2284
    950.00    33.3930
    960.00    32.8509
    970.00    33.0587
    980.00    33.1683
    990.00    33.2958
   1000.00    33.2713
   1010.00    33.1892
   1020.00    32.6587
   1030.00    32.4735
   1040.00    32.4719
   1050.00    33.6246
   1060.00    33.3720
   1070.00    33.1397
   1080.00    33.0761
   1090.00    33.0142
   1100.00    33.0366
   1110.00    33.3075
   1120.00    32.7985
   1130.00    32.6498
   1140.00    32.3532
   1150.00    33.1397
   1160.00    32.8347
   1170.00    32.8223
   1180.00    32.6161
   1190.00    33.1795
   1200.00    33.2146
   1210.00    33.5274
   1220.00    33.3879
   1230.00    32.8582
   1240.00    32.8006
   1250.00    33.3494
   1260.00    32.9696
   1270.00    32.4907
   1280.00    32.9383
   1290.00    33.0365
   1300.00    33.1281
   1310.00    32.8389
   1320.00    32.6717
   1330.00    32.5953
   1340.00    33.2179
   1350.00    33.0387
   1360.00    32.8584
   1370.00    32.6275
   1380.00    33.0650
   1390.00    33.2921
   1400.00    32.7881
   1410.00    32.8448
   1420.00    33.0129
   1430.00    33.0385
   1440.00    32.5544
   1450.00    33.0251
   1460.00    33.2387
   1470.00    33.0347
   1480.00    33.0848
   1490.00    32.5294
   1500.00    32.9213
   1510.00    33.0864
   1520.00    32.9022
   1530.00    32.7995
   1540.00    32.9954
   1550.00    33.4867
   1560.00    33.2243
   1570.00    33.2668
   1580.00    32.5131
   1590.00    33.1265
   1600.00    33.1582
   1610.00    33.4299
   1620.00    32.5660
   1630.00    32.8991
   1640.00    32.9478
   1650.00    32.9560
   1660.00    33.1328
   1670.00    32.7153
   1680.00    32.3429
   1690.00    33.5964
   1700.00    33.2005
   1710.00    33.2026
   1720.00    33.0760
   1730.00    32.8313
   1740.00    32.8230
   1750.00    33.2674
   1760.00    32.8689
   1770.00    33.5593
   1780.00    32.8923
   1790.00    32.5578
   1800.00    33.3253
   1810.00    32.1757
   1820.00    33.0115
   1830.00    33.1898
   1840.00    32.6940
   1850.00    32.8959
   1860.00    32.9681
   1870.00    33.0719
   1880.00    32.7588
   1890.00    32.5005
   1900.00    33.1730
   1910.00    32.7124
   1920.00    33.3602
   1930.00    32.8235
   1940.00    32.8553
   1950.00    33.4069
   1960.00    32.8478
   1970.00    32.8100
   1980.00    32.7495
   1990.00    32.6837
   2000.00    33.1394
   2010.00    33.0766
   2020.00    33.0417
   2030.00    33.0159
   2040.00    33.2669
   2050.00    32.7119
   2060.00    33.2840
   2070.00    32.8481
   2080.00    33.0294
   2090.00    32.8949
   2100.00    32.9835
   2110.00    32.6303
   2120.00    32.8475
   2130.00    32.5158
   2140.00    32.9018
   2150.00    33.0843
   2160.00    33.3491
   2170.00    33.2171
   2180.00    32.4522
   2190.00    33.4540
   2200.00    32.3578
   2210.00    32.7398
   2220.00    32.9676
   2230.00    32.9165
   2240.00    33.3300
   2250.00    33.3906
   2260.00    33.2594
   2270.00    32.9593
   2280.00    32.7662
   2290.00    32.8045
   2300.00    32.5858
   2310.00    33.2541
   2320.00    33.0020
   2330.00    32.3998
   2340.00    33.1595
   2350.00    33.2109
   2360.00    32.8377
   2370.00    33.2596
   2380.00    33.0920
   2390.00    33.2406
   2400.00    32.9229
   2410.00    32.7282
   2420.00    32.6694
   2430.00    33.0029
   2440.00    33.4577
   2450.00    33.1730
   2460.00    32.7651
   2470.00    32.7578
   2480.00    33.3602
   2490.00    32.8739
   2500.00    32.5758
   2510.00    32.5209
   2520.00    33.2462
   2530.00    33.3361
   2540.00    33.1029
   2550.00    32.6948
   2560.00    33.1101
   2570.00    32.2865
   2580.00    33.1081
   2590.00    33.0867
   2600.00    33.2336
   2610.00    32.9384
   2620.00    33.0990
   2630.00    33.0510
   2640.00    33.0600
   2650.00    32.6171
   2660.00    33.1390
   2670.00    33.4464
   2680.00    33.4101
   2690.00    33.0601
   2700.00    33.3295
   2710.00    33.1363
   2720.00    33.4940
   2730.00    33.2503
   2740.00    32.8244
   2750.00    33.1575
   2760.00    33.6186
   2770.00    33.2709
   2780.00    33.0501
   2790.00    33.2805
   2800.00    33.2652
   2810.00    33.4527
   2820.00    33.5298
   2830.00    33.9114
   2840.00    33.3661
   2850.00    33.0427
   2860.00    32.8916
   2870.00    33.2568
   2880.00    33.1744
   2890.00    32.9922
   2900.00    32.9726
   2910.00    33.1169
   2920.00    32.8444
   2930.00    32.7340
   2940.00    33.5233
   2950.00    33.3924
   2960.00    32.8856
   2970.00    32.3578
   2980.00    32.9812
   2990.00    33.0992
   3000.00    33.1913
   3010.00    32.6656
   3020.00    33.1869
   3030.00    33.2926
   3040.00    33.0231
   3050.00    32.9219
   3060.00    32.7199
   3070.00    33.1930
   3080.00    32.9748
   3090.00    32.9338
   3100.00    33.3014
   3110.00    33.0578
   3120.00    32.7895
   3130.00    33.1780
   3140.00    33.4252
   3150.00    32.9692
   3160.00    33.0018
   3170.00    33.3448
   3180.00    32.8888
   3190.00    32.7861
   3200.00    32.6811
   3210.00    32.6699
   3220.00    32.9291
   3230.00    32.9567
   3240.00    32.9781
   3250.00    33.0949
   3260.00    33.1050
   3270.00    33.1278
   3280.00    32.7242
   3290.00    32.9901
   3300.00    33.5593
   3310.00    33.0905
   3320.00    33.4077
   3330.00    33.0784
   3340.00    33.2114
   3350.00    32.7449
   3360.00    33.1587
   3370.00    33.0647
   3380.00    33.0267
   3390.00    33.0043
   3400.00    32.8204
   3410.00    32.8295
   3420.00    32.8067
   3430.00    32.6345
   3440.00    33.0422
   3450.00    32.9163
   3460.00    32.3875
   3470.00    33.3844
   3480.00    33.3170
   3490.00    33.4237
   3500.00    32.9954
   3510.00    33.1497
   3520.00    32.6408
   3530.00    33.4092
   3540.00    33.1587
   3550.00    32.7807
   3560.00    32.5968
   3570.00    33.2748
   3580.00    32.6848
   3590.00    33.2532
   3600.00    33.0998
   3610.00    32.7421
   3620.00    32.9843
   3630.00    33.0056
   3640.00    33.1019
   3650.00    32.9602
   3660.00    33.1430
   3670.00    32.7113
   3680.00    33.5100
   3690.00    33.1931
   3700.00    33.0417
   3710.00    32.8631
   3720.00    33.0334
   3730.00    32.7449
   3740.00    32.8573
   3750.00    33.2135
   3760.00    33.1335
   3770.00    33.4003
   3780.00    32.6978
   3790.00    32.8254
   3800.00    33.0293
   3810.00    32.9269
   3820.00    33.1387
   3830.00    32.5111
   3840.00    33.0452
   3850.00    32.9556
   3860.00    32.8493
   3870.00    32.7166
   3880.00    33.1016
   3890.00    32.5176
   3900.00    33.1600
   3910.00    32.7666
   3920.00    32.9968
   3930.00    32.9148
   3940.00    33.3479
   3950.00    33.0296
   3960.00    33.2677
   3970.00    33.0118
   3980.00    32.9298
   3990.00    32.9788
   4000.00    32.6088
   4010.00    32.8376
   4020.00    33.1151
   4030.00    33.4185
   4040.00    33.2604
   4050.00    32.9917
   4060.00    32.9552
   4070.00    33.1646
   4080.00    32.7939
   4090.00    32.9332
   4100.00    32.3190
   4110.00    33.0675
   4120.00    32.8221
   4130.00    32.7101
   4140.00    32.8082
   4150.00    32.8646
   4160.00    32.9058
   4170.00    32.9240
   4180.00    32.5161
   4190.00    32.7047
   4200.00    32.6401
   4210.00    32.6323
   4220.00    32.9585
   4230.00    32.8193
   4240.00    33.0095
   4250.00    32.8394
   4260.00    32.9507
   4270.00    32.4565
   4280.00    32.8735
   4290.00    33.5981
   4300.00    33.4839
   4310.00    33.1287
   4320.00    32.9962
   4330.00    33.0272
   4340.00    32.7255
   4350.00    32.6025
   4360.00    32.7607
   4370.00    33.6712
   4380.00    33.4345
   4390.00    32.9151
   4400.00    32.9900
   4410.00    33.2355
   4420.00    32.6976
   4430.00    32.7084
   4440.00    33.1064
   4450.00    33.4551
   4460.00    32.7334
   4470.00    33.1269
   4480.00    33.1473
   4490.00    32.8591
   4500.00    33.1184
   4510.00    32.9294
   4520.00    32.6396
   4530.00    32.4340
   4540.00    32.8263
   4550.00    32.9989
   4560.00    32.7040
   4570.00    33.2273
   4580.00    33.2145
   4590.00    33.0932
   4600.00    33.1917
   4610.00    33.2818
   4620.00    32.7416
   4630.00    32.8995
   4640.00    32.8806
   4650.00    32.7983
   4660.00    33.1371
   4670.00    33.1594
   4680.00    33.2418
   4690.00    32.8252
   4700.00    33.1096
   4710.00    33.1873
   4720.00    32.8340
   4730.00    32.8555
   4740.00    33.1135
   4750.00    32.9729
   4760.00    32.8826
   4770.00    32.9338
   4780.00    32.6191
   4790.00    33.2590
   4800.00    33.0917
   4810.00    33.0819
   4820.00    32.7895
   4830.00    32.9163
   4840.00    32.9048
   4850.00    33.0895
   4860.00    33.2737
   4870.00    33.2517
   4880.00    33.4655
   4890.00    32.8152
   4900.00    33.2601
   4910.00    33.4638
   4920.00    33.5808
   4930.00    32.7503
   4940.00    33.4760
   4950.00    32.7385
   4960.00    32.5361
   4970.00    33.3980
   4980.00    32.5807
   4990.00    32.8434
   5000.00    33.4692
   5010.00    33.1166
   5020.00    32.9013
   5030.00    33.1493
   5040.00    33.4515
   5050.00    32.5185
   5060.00    33.4615
   5070.00    32.7242
   5080.00    32.7186
   5090.00    32.5725
   5100.00    32.9443
   5110.00    33.1371
   5120.00    32.8578
   5130.00    33.6572
   5140.00    32.9778
   5150.00    33.0056
   5160.00    32.8569
   5170.00    32.5864
   5180.00    32.7837
   5190.00    32.9199
   5200.00    33.0360
   5210.00    33.3323
   5220.00    33.2053
   5230.00    33.5552
   5240.00    33.1356
   5250.00    33.1275
   5260.00    32.7340
   5270.00    33.0626
   5280.00    33.0870
   5290.00    32.7914
   5300.00    32.7584
   5310.00    32.4814
   5320.00    33.2413
   5330.00    33.3907
   5340.00    33.0888
   5350.00    33.4190
   5360.00    32.8664
   5370.00    33.0476
   5380.00    33.0967
   5390.00    32.3702
   5400.00    33.1292
   5410.00    32.8018
   5420.00    32.4316
   5430.00    33.1492
   5440.00    32.6647
   5450.00    33.2865
   5460.00    32.5445
   5470.00    32.7450
   5480.00    33.1245
   5490.00    32.9876
   5500.00    33.1538
   5510.00    32.7012
   5520.00    33.2720
   5530.00    32.4452
   5540.00    33.1249
   5550.00    32.6586
   5560.00    32.9896
   5570.00    32.5217
   5580.00    33.2108
   5590.00    33.0108
   5600.00    32.6876
   5610.00    32.6256
   5620.00    33.0628
   5630.00    33.1616
   5640.00    32.8775
   5650.00    33.1954
   5660.00    33.3047
   5670.00    33.5597
   5680.00    32.9936
   5690.00    33.2313
   5700.00    32.9260
   5710.00    33.0955
   5720.00    33.2485
   5730.00    33.2202
   5740.00    32.4918
   5750.00    32.9146
   5760.00    33.3962
   5770.00    33.2754
   5780.00    32.7666
   5790.00    32.9559
   5800.00    33.1863
   5810.00    33.3534
   5820.00    32.8897
   5830.00    33.0675
   5840.00    33.0203
   5850.00    33.1029
   5860.00    33.0362
   5870.00    32.8936
   5880.00    32.8120
   5890.00    33.2668
   5900.00    33.2327
   5910.00    32.9518
   5920.00    32.9579
   5930.00    32.3948
   5940.00    33.4103
   5950.00    32.3651
   5960.00    32.9374
   5970.00    32.9907
   5980.00    32.9882
   5990.00    33.8028
   6000.00    32.9081
   6010.00    32.9077
   6020.00    32.7431
   6030.00    32.9781
   6040.00    32.8391
   6050.00    33.4239
   6060.00    32.8995
   6070.00    33.0388
   6080.00    33.1492
   6090.00    33.3764
   6100.00    32.9137
   6110.00    32.7864
   6120.00    32.9114
   6130.00    32.9940
   6140.00    32.5802
   6150.00    32.7601
   6160.00    33.0336
   6170.00    33.0982
   6180.00    32.6902
   6190.00    33.0827
   6200.00    33.1846
   6210.00    32.7976
   6220.00    33.0531
   6230.00    33.2442
   6240.00    32.7746
   6250.00    33.7518
   6260.00    33.4606
   6270.00    32.8551
   6280.00    32.8195
   6290.00    32.6337
   6300.00    33.1568
   6310.00    33.1420
   6320.00    32.9946
   6330.00    32.6378
   6340.00    32.8362
   6350.00    32.8519
   6360.00    32.9103
   6370.00    33.1717
   6380.00    33.2731
   6390.00    33.5083
   6400.00    32.5685
   6410.00    32.7960
   6420.00    32.9491
   6430.00    32.4065
   6440.00    33.1448
   6450.00    32.9557
   6460.00    33.1008
   6470.00    33.0184
   6480.00    32.9709
   6490.00    32.7608
   6500.00    32.7821
   6510.00    32.3675
   6520.00    32.6863
   6530.00    32.7675
   6540.00    33.0362
   6550.00    32.6333
   6560.00    33.2290
   6570.00    32.8816
   6580.00    32.9794
   6590.00    32.8360
   6600.00    33.2423
   6610.00    33.5488
   6620.00    33.1775
   6630.00    33.2658
   6640.00    33.5856
   6650.00    33.0222
   6660.00    32.8432
   6670.00    33.2862
   6680.00    32.8624
   6690.00    33.3633
   6700.00    33.1249
   6710.00    33.1930
   6720.00    32.8504
   6730.00    32.7401
   6740.00    32.8944
   6750.00    33.0425
   6760.00    33.1413
   6770.00    32.9984
   6780.00    32.8249
   6790.00    33.0570
   6800.00    33.1823
   6810.00    32.7368
   6820.00    33.2110
   6830.00    32.7751
   6840.00    32.3004
   6850.00    32.9420
   6860.00    32.9663
   6870.00    33.3050
   6880.00    33.0607
   6890.00    32.9883
   6900.00    32.6077
   6910.00    32.3746
   6920.00    32.9847
   6930.00    33.0693
   6940.00    33.2282
   6950.00    32.6149
   6960.00    33.0812
   6970.00    32.6358
   6980.00    33.0327
   6990.00    33.3022
   7000.00    33.3751
   7010.00    33.1762
   7020.00    33.5006
   7030.00    33.1055
   7040.00    33.0555
   7050.00    32.7672
   7060.00    32.7669
   7070.00    33.3698
   7080.00    33.1991
   7090.00    33.2389
   7100.00    33.0562
   7110.00    33.0419
   7120.00    33.0862
   7130.00    33.2232
   7140.00    33.3092
   7150.00    33.3564
   7160.00    33.5189
   7170.00    32.8626
   7180.00    32.9572
   7190.00    32.6030
   7200.00    32.8696
   7210.00    33.2350
   7220.00    33.0117
   7230.00    32.8338
   7240.00    33.0668
   7250.00    33.1198
   7260.00    32.9440
   7270.00    32.6279
   7280.00    32.4379
   7290.00    32.9071
   7300.00    33.1385
   7310.00    33.0133
   7320.00    33.0062
   7330.00    33.0513
   7340.00    32.5308
   7350.00    32.2813
   7360.00    32.9313
   7370.00    32.3854
   7380.00    32.9210
   7390.00    33.3739
   7400.00    33.2293
   7410.00    32.6014
   7420.00    33.0607
   7430.00    32.9290
   7440.00    32.8502
   7450.00    32.7597
   7460.00    32.9135
   7470.00    33.0545
   7480.00    33.0671
   7490.00    33.1788
   7500.00    32.9672
   7510.00    33.4040
   7520.00    32.8020
   7530.00    33.1485
   7540.00    32.7620
   7550.00    33.1064
   7560.00    32.9130
   7570.00    32.6247
   7580.00    32.7124
   7590.00    32.8718
   7600.00    32.9223
   7610.00    32.6878
   7620.00    32.8857
   7630.00    32.9321
   7640.00    32.8903
   7650.00    32.7887
   7660.00    32.7736
   7670.00    33.2527
   7680.00    32.9897
   7690.00    33.0907
   7700.00    32.9458
   7710.00    32.7718
   7720.00    32.4021
   7730.00    32.6368
   7740.00    32.8461
   7750.00    32.9356
   7760.00    33.0279
   7770.00    32.9996
   7780.00    33.0311
   7790.00    32.6106
   7800.00    33.2821
   7810.00    33.7363
   7820.00    33.1253
   7830.00    33.1161
   7840.00    33.1448
   7850.00    33.2052
   7860.00    32.5882
   7870.00    33.2498
   7880.00    32.8593
   7890.00    32.8924
   7900.00    33.6345
   7910.00    32.8988
   7920.00    33.0792
   7930.00    33.2310
   7940.00    33.0539
   7950.00    33.2236
   7960.00    33.2469
   7970.00    33.2704
   7980.00    33.2135
   7990.00    33.2089
   8000.00    32.9946
   8010.00    33.1159
   8020.00    32.6118
   8030.00    33.1541
   8040.00    33.6561
   8050.00    32.1748
   8060.00    33.1982
   8070.00    32.5285
   8080.00    32.7076
   8090.00    33.0112
   8100.00    32.1916
   8110.00    32.8831
   8120.00    33.0285
   8130.00    32.4201
   8140.00    33.9112
   8150.00    33.3539
   8160.00    32.4666
   8170.00    32.8666
   8180.00    33.2112
   8190.00    32.2085
   8200.00    32.6569
   8210.00    32.5285
   8220.00    32.8214
   8230.00    32.8945
   8240.00    32.9109
   8250.00    33.6014
   8260.00    33.0018
   8270.00    32.7526
   8280.00    32.7093
   8290.00    33.0671
   8300.00    32.9427
   8310.00    33.0388
   8320.00    32.9935
   8330.00    33.2545
   8340.00    32.5853
   8350.00    32.9568
   8360.00    33.5699
   8370.00    32.8405
   8380.00    32.6065
   8390.00    33.0165
   8400.00    32.8088
   8410.00    32.6385
   8420.00    32.8855
   8430.00    33.3707
   8440.00    32.8446
   8450.00    32.7286
   8460.00    32.8604
   8470.00    32.5787
   8480.00    33.4500
   8490.00    32.8541
   8500.00    33.0013
   8510.00    33.2543
   8520.00    33.2191
   8530.00    33.1568
   8540.00    32.8998
   8550.00    33.1042
   8560.00    32.6141
   8570.00    33.0571
   8580.00    33.4889
   8590.00    32.8529
   8600.00    33.8609
   8610.00    32.4017
   8620.00    33.3375
   8630.00    32.9641
   8640.00    33.0858
   8650.00    32.8184
   8660.00    33.1672
   8670.00    32.5933
   8680.00    33.0607
   8690.00    33.1264
   8700.00    32.6252
   8710.00    32.9155
   8720.00    32.8717
   8730.00    32.6290
   8740.00    32.9593
   8750.00    32.6727
   8760.00    33.0548
   8770.00    33.0523
   8780.00    32.9200
   8790.00    33.4452
   8800.00    32.5588
   8810.00    33.0260
   8820.00    33.2160
   8830.00    32.6704
   8840.00    32.7558
   8850.00    32.7250
   8860.00    33.1232
   8870.00    32.9536
   8880.00    33.1131
   8890.00    33.0006
   8900.00    32.8486
   8910.00    33.3575
   8920.00    32.9126
   8930.00    32.8913
   8940.00    33.2854
   8950.00    33.0773
   8960.00    32.7203
   8970.00    32.6597
   8980.00    33.2445
   8990.00    32.5959
   9000.00    32.8888
   9010.00    32.8392
   9020.00    32.4187
   9030.00    33.1316
   9040.00    32.8728
   9050.00    33.0509
   9060.00    32.7676
   9070.00    33.0004
   9080.00    33.0642
   9090.00    33.2818
   9100.00    33.0699
   9110.00    32.8914
   9120.00    32.5526
   9130.00    33.1248
   9140.00    33.4532
   9150.00    33.6396
   9160.00    32.9317
   9170.00    33.1157
   9180.00    32.5750
   9190.00    32.8611
   9200.00    32.9768
   9210.00    32.5132
   9220.00    32.6365
   9230.00    32.8286
   9240.00    32.8804
   9250.00    33.0768
   9260.00    32.7695
   9270.00    32.9649
   9280.00    32.7635
   9290.00    32.8996
   9300.00    33.1729
   9310.00    33.0462
   9320.00    33.1999
   9330.00    32.8322
   9340.00    33.1907
   9350.00    32.8951
   9360.00    33.1040
   9370.00    32.5618
   9380.00    33.3817
   9390.00    32.9258
   9400.00    32.9754
   9410.00    33.0027
   9420.00    33.2111
   9430.00    32.7311
   9440.00    32.8356
   9450.00    32.6987
   9460.00    32.5850
   9470.00    33.2543
   9480.00    32.9798
   9490.00    33.0351
   9500.00    32.7287
   9510.00    32.7102
   9520.00    33.0452
   9530.00    33.0554
   9540.00    32.9331
   9550.00    33.0008
   9560.00    32.7954
   9570.00    33.2278
   9580.00    32.9972
   9590.00    32.8471
   9600.00    33.0176
   9610.00    32.6982
   9620.00    33.0774
   9630.00    32.7712
   9640.00    33.0166
   9650.00    33.1402
   9660.00    32.6506
   9670.00    32.8875
   9680.00    33.0965
   9690.00    32.8034
   9700.00    33.2203
   9710.00    32.5720
   9720.00    32.8640
   9730.00    32.6808
   9740.00    33.1283
   9750.00    32.9082
   9760.00    33.3270
   9770.00    33.1741
   9780.00    33.0306
   9790.00    32.8560
   9800.00    33.0234
   9810.00    33.3839
   9820.00    33.5942
   9830.00    32.8553
   9840.00    32.8999
   9850.00    32.9635
   9860.00    33.2034
   9870.00    33.1067
   9880.00    32.4635
   9890.00    33.1011
   9900.00    33.2174
   9910.00    33.6709
   9920.00    32.9683
   9930.00    32.5820
   9940.00    33.3226
   9950.00    33.3096
   9960.00    33.5737
   9970.00    33.4730
   9980.00    32.8589
   9990.00    33.2893
  10000.00    33.4459
  10010.00    33.4454
  10020.00    32.9516
  10030.00    33.7354
  10040.00    33.4546
  10050.00    32.8512
  10060.00    33.1828
  10070.00    32.9419
  10080.00    32.2992
  10090.00    32.6643
  10100.00    33.5731
  10110.00    33.0613
  10120.00    32.6777
  10130.00    32.8479
  10140.00    32.6672
  10150.00    32.5746
  10160.00    33.1286
  10170.00    32.7739
  10180.00    33.2140
  10190.00    33.0984
  10200.00    33.2128
  10210.00    33.6215
  10220.00    33.0736
  10230.00    33.5045
  10240.00    32.5327
  10250.00    32.8448
  10260.00    33.0813
  10270.00    32.7577
  10280.00    32.7975
  10290.00    32.9383
  10300.00    33.1472
  10310.00    33.2908
  10320.00    33.1765
  10330.00    32.8120
  10340.00    32.8975
  10350.00    32.8662
  10360.00    33.2170
  10370.00    32.4014
  10380.00    32.3826
  10390.00    33.0336
  10400.00    32.6715
  10410.00    32.9999
  10420.00    33.0482
  10430.00    32.8757
  10440.00    32.6229
  10450.00    33.1819
  10460.00    32.9169
  10470.00    33.2520
  10480.00    33.2952
  10490.00    33.2557
  10500.00    32.9111
  10510.00    32.9191
  10520.00    33.1348
  10530.00    32.7640
  10540.00    32.9555
  10550.00    33.0710
  10560.00    33.3930
  10570.00    33.2398
  10580.00    32.8310
  10590.00    32.7864
  10600.00    33.1019
  10610.00    32.6601
  10620.00    33.1693
  10630.00    33.5033
  10640.00    33.1874
  10650.00    33.0452
  10660.00    32.7798
  10670.00    32.9729
  10680.00    33.5036
  10690.00    32.9188
  10700.00    32.8386
  10710.00    32.7270
  10720.00    32.7928
  10730.00    33.3344
  10740.00    32.6909
  10750.00    32.9524
  10760.00    33.1585
  10770.00    33.2260
  10780.00    33.7286
  10790.00    33.5189
  10800.00    33.3423
  10810.00    33.1069
  10820.00    32.8567
  10830.00    32.6969
  10840.00    32.9582
  10850.00    32.8513
  10860.00    32.9732
  10870.00    32.8781
  10880.00    32.8712
  10890.00    33.4150
  10900.00    33.1189
  10910.00    32.9491
  10920.00    33.0367
  10930.00    32.8035
  10940.00    33.2033
  10950.00    32.8535
  10960.00    32.8078
  10970.00    32.6865
  10980.00    33.2145
  10990.00    33.0525
  11000.00    33.3209
  11010.00    32.9119
  11020.00    33.2833
  11030.00    33.0346
  11040.00    33.2629
  11050.00    32.7446
  11060.00    33.0740
  11070.00    32.8726
  11080.00    33.2870
  11090.00    32.7077
  11100.00    33.5611
  11110.00    33.2910
  11120.00    33.3238
  11130.00    33.3496
  11140.00    32.6994
  11150.00    33.0169
  11160.00    32.9830
  11170.00    33.1487
  11180.00    32.6767
  11190.00    32.9668
  11200.00    33.1304
  11210.00    32.1949
  11220.00    32.9227
  11230.00    32.8270
  11240.00    33.3671
  11250.00    32.4184
  11260.00    32.7002
  11270.00    33.0926
  11280.00    32.7969
  11290.00    32.8103
  11300.00    33.3093
  11310.00    32.9532
  11320.00    32.9687
  11330.00    32.9325
  11340.00    32.8255
  11350.00    33.6636
  11360.00    33.2260
  11370.00    33.0085
  11380.00    32.9183
  11390.00    33.4559
  11400.00    33.1361
  11410.00    33.0390
  11420.00    33.2526
  11430.00    32.9280
  11440.00    32.9570
  11450.00    32.7165
  11460.00    33.3870
  11470.00    33.0104
  11480.00    33.5773
  11490.00    32.5931
  11500.00    33.2316
  11510.00    33.2566
  11520.00    33.1886
  11530.00    33.2423
  11540.00    32.5462
  11550.00    32.7689
  11560.00    32.9469
  11570.00    33.0292
  11580.00    32.9572
  11590.00    33.6228
  11600.00    32.7467
  11610.00    32.8527
  11620.00    32.9241
  11630.00    33.1610
  11640.00    32.8979
  11650.00    33.0595
  11660.00    33.0788
  11670.00    33.3884
  11680.00    33.0231
  11690.00    33.1415
  11700.00    33.0410
  11710.00    32.5663
  11720.00    32.5484
  11730.00    33.1589
  11740.00    32.6819
  11750.00    33.0784
  11760.00    32.9375
  11770.00    32.7122
  11780.00    32.5050
  11790.00    33.2751
  11800.00    33.0134
  11810.00    32.7723
  11820.00    33.8435
  11830.00    32.8074
  11840.00    33.0813
  11850.00    32.9710
  11860.00    33.2598
  11870.00    32.9747
  11880.00    32.5371
  11890.00    32.6969
  11900.00    33.3009
  11910.00    33.2462
  11920.00    32.8001
  11930.00    33.1692
  11940.00    33.2804
  11950.00    32.8726
  11960.00    33.3218
  11970.00    33.0593
  11980.00    33.0433
  11990.00    32.4481
  12000.00    32.9071
  12010.00    33.0114
  12020.00    33.0774
  12030.00    33.3516
  12040.00    32.9478
  12050.00    33.1414
  12060.00    32.9025
  12070.00    32.8904
  12080.00    33.3695
  12090.00    32.3338
  12100.00    33.0284
  12110.00    33.0213
  12120.00    33.0647
  12130.00    33.2797
  12140.00    33.2786
  12150.00    33.4529
  12160.00    33.1532
  12170.00    33.0975
  12180.00    33.0106
  12190.00    32.5863
  12200.00    32.8224
  12210.00    33.0769
  12220.00    32.6377
  12230.00    32.5087
  12240.00    32.9345
  12250.00    32.7949
  12260.00    33.4641
  12270.00    32.8427
  12280.00    33.0059
  12290.00    33.1662
  12300.00    33.1294
  12310.00    32.8733
  12320.00    33.2780
  12330.00    33.0736
  12340.00    33.2344
  12350.00    32.9855
  12360.00    32.9854
  12370.00    33.0209
  12380.00    33.1859
  12390.00    33.3050
  12400.00    33.5515
  12410.00    33.0519
  12420.00    32.9500
  12430.00    32.8679
  12440.00    33.1896
  12450.00    33.0069
  12460.00    32.6691
  12470.00    32.7054
  12480.00    32.9389
  12490.00    32.7424
  12500.00    33.2599
  12510.00    33.1536
  12520.00    32.3255
  12530.00    33.1708
  12540.00    33.2249
  12550.00    32.8824
  12560.00    32.4925
  12570.00    33.0736
  12580.00    32.8302
  12590.00    32.6978
  12600.00    32.9916
  12610.00    32.5656
  12620.00    32.6803
  12630.00    32.7763
  12640.00    33.2023
  12650.00    33.3259
  12660.00    32.6245
  12670.00    33.0808
  12680.00    32.9625
  12690.00    33.0484
  12700.00    33.5217
  12710.00    32.9764
  12720.00    32.7673
  12730.00    33.1408
  12740.00    33.1810
  12750.00    33.1882
  12760.00    33.3657
  12770.00    32.9027
  12780.00    32.6014
  12790.00    32.9834
  12800.00    32.8936
  12810.00    32.8893
  12820.00    32.8040
  12830.00    33.2974
  12840.00    33.1647
  12850.00    33.2266
  12860.00    32.6171
  12870.00    33.4618
  12880.00    33.1898
  12890.00    33.1625
  12900.00    32.9225
  12910.00    32.8827
  12920.00    33.0884
  12930.00    32.5765
  12940.00    33.2545
  12950.00    33.1281
  12960.00    33.0372
  12970.00    32.5831
  12980.00    32.9610
  12990.00    33.2191
  13000.00    32.9865
  13010.00    33.1123
  13020.00    32.7825
  13030.00    33.4761
  13040.00    33.1507
  13050.00    32.5219
  13060.00    32.5024
  13070.00    33.1912
  13080.00    32.4852
  13090.00    33.0928
  13100.00    32.5606
  13110.00    32.4528
  13120.00    32.9042
  13130.00    32.6650
  13140.00    33.2103
  13150.00    33.5018
  13160.00    32.8768
  13170.00    33.2122
  13180.00    33.2352
  13190.00    33.1533
  13200.00    32.8547
  13210.00    32.7895
  13220.00    32.7011
  13230.00    32.8254
  13240.00    33.0959
  13250.00    32.7241
  13260.00    33.4004
  13270.00    33.4081
  13280.00    33.2432
  13290.00    33.1545
  13300.00    33.3837
  13310.00    32.9981
  13320.00    33.2452
  13330.00    33.1173
  13340.00    33.0419
  13350.00    33.2006
  13360.00    32.9135
  13370.00    32.6557
  13380.00    33.3880
  13390.00    33.4849
  13400.00    33.2536
  13410.00    33.4383
  13420.00    32.9419
  13430.00    33.3135
  13440.00    33.3888
  13450.00    32.8744
  13460.00    32.7901
  13470.00    33.0164
  13480.00    32.7816
  13490.00    32.9883
  13500.00    33.0198
  13510.00    32.9597
  13520.00    33.2387
  13530.00    33.2423
  13540.00    33.1325
  13550.00    33.2434
  13560.00    32.8963
  13570.00    32.4541
  13580.00    32.8858
  13590.00    33.3771
  13600.00    32.7995
  13610.00    32.9833
  13620.00    32.6009
  13630.00    32.9424
  13640.00    32.8472
  13650.00    32.8421
  13660.00    33.0725
  13670.00    33.2866
  13680.00    32.7238
  13690.00    32.8490
  13700.00    33.2567
  13710.00    33.5359
  13720.00    32.8116
  13730.00    33.3839
  13740.00    33.1811
  13750.00    32.3399
  13760.00    32.7314
  13770.00    32.6772
  13780.00    33.2919
  13790.00    33.0564
  13800.00    33.1447
  13810.00    33.4294
  13820.00    32.9629
  13830.00    33.1522
  13840.00    33.0030
  13850.00    33.3966
  13860.00    32.7452
  13870.00    32.7531
  13880.00    32.8517
  13890.00    33.0132
  13900.00    32.6856
  13910.00    33.2460
  13920.00    32.8733
  13930.00    33.5442
  13940.00    32.6317
  13950.00    32.7350
  13960.00    32.9853
  13970.00    32.9967
  13980.00    33.1840
  13990.00    33.0234
  14000.00    33.0189
  14010.00    33.7171
  14020.00    33.1042
  14030.00    33.5485
  14040.00    32.6328
  14050.00    33.3953
  14060.00    32.8877
  14070.00    33.1672
  14080.00    33.1027
  14090.00    32.7764
  14100.00    32.7850
  14110.00    32.7761
  14120.00    33.7925
  14130.00    32.8472
  14140.00    33.3982
  14150.00    33.1727
  14160.00    33.2549
  14170.00    33.1645
  14180.00    33.0093
  14190.00    33.3933
  14200.00    33.2102
  14210.00    33.0818
  14220.00    33.3061
  14230.00    32.8459
  14240.00    32.7778
  14250.00    33.4480
  14260.00    32.7186
  14270.00    33.6907
  14280.00    33.0674
  14290.00    33.0910
  14300.00    32.4274
  14310.00    33.1116
  14320.00    33.1172
  14330.00    32.9217
  14340.00    33.2602
  14350.00    32.8760
  14360.00    32.3086
  14370.00    32.8625
  14380.00    32.9331
  14390.00    33.1617
  14400.00    33.4393
  14410.00    33.1255
  14420.00    32.9119
  14430.00    33.2597
  14440.00    33.1993
  14450.00    32.9814
  14460.00    33.1839
  14470.00    33.1744
  14480.00    32.8804
  14490.00    32.5695
  14500.00    32.9875
  14510.00    33.1998
  14520.00    32.7505
  14530.00    33.2313
  14540.00    33.1587
  14550.00    32.9081
  14560.00    32.5497
  14570.00    33.1043
  14580.00    33.0304
  14590.00    32.9510
  14600.00    33.6249
  14610.00    33.4529
  14620.00    32.4960
  14630.00    32.9468
  14640.00    33.2378
  14650.00    33.0400
  14660.00    33.3826
  14670.00    33.2930
  14680.00    33.3411
  14690.00    33.6729
  14700.00    32.8212
  14710.00    33.4370
  14720.00    33.1726
  14730.00    33.0680
  14740.00    32.6855
  14750.00    32.5666
  14760.00    32.4825
  14770.00    32.9954
  14780.00    32.7558
  14790.00    33.2505
  14800.00    33.0676
  14810.00    33.0831
  14820.00    32.7475
  14830.00    32.6346
  14840.00    32.6832
  14850.00    33.3643
  14860.00    32.8078
  14870.00    33.2544
  14880.00    32.9609
  14890.00    33.2088
  14900.00    33.0262
  14910.00    32.7335
  14920.00    33.0396
  14930.00    32.4608
  14940.00    32.2023
  14950.00    33.3154
  14960.00    32.7357
  14970.00    33.3884
  14980.00    32.8961
  14990.00    32.9162
  15000.00    33.3373
  15010.00    32.7366
  15020.00    33.1453
  15030.00    33.2819
  15040.00    32.8117
  15050.00    32.8222
  15060.00    32.9484
  15070.00    33.3842
  15080.00    33.4681
  15090.00    33.3212
  15100.00    32.6550
  15110.00    33.4150
  15120.00    33.0657
  15130.00    33.2342
  15140.00    32.6726
  15150.00    32.9218
  15160.00    32.8662
  15170.00    33.1071
  15180.00    33.0492
  15190.00    33.4365
  15200.00    33.3589
  15210.00    32.9176
  15220.00    32.5616
  15230.00    32.9294
  15240.00    32.8275
  15250.00    33.1582
  15260.00    32.9741
  15270.00    32.7517
  15280.00    32.9069
  15290.00    32.5520
  15300.00    32.6508
  15310.00    32.5590
  15320.00    32.8054
  15330.00    33.1737
  15340.00    32.6846
  15350.00    32.6602
  15360.00    33.4089
  15370.00    32.5823
  15380.00    33.1770
  15390.00    32.9628
  15400.00    32.1669
  15410.00    32.8507
  15420.00    33.0513
  15430.00    32.8239
  15440.00    32.6342
  15450.00    32.7538
  15460.00    32.5935
  15470.00    33.0284
  15480.00    32.8275
  15490.00    32.7957
  15500.00    32.7424
  15510.00    33.1554
  15520.00    33.0692
  15530.00    33.3718
  15540.00    32.9780
  15550.00    33.8169
  15560.00    33.2573
  15570.00    32.3750
  15580.00    32.9811
  15590.00    33.5810
  15600.00    32.5527
  15610.00    32.9595
  15620.00    32.9192
  15630.00    33.0172
  15640.00    32.8757
  15650.00    33.0991
  15660.00    32.7444
  15670.00    32.7356
  15680.00    32.8453
  15690.00    32.7575
  15700.00    33.1042
  15710.00    32.8710
  15720.00    32.7703
  15730.00    33.0645
  15740.00    33.1985
  15750.00    32.9958
  15760.00    32.7461
  15770.00    33.0013
  15780.00    33.0858
  15790.00    33.2176
  15800.00    32.7011
  15810.00    32.9543
  15820.00    33.2943
  15830.00    32.6727
  15840.00    32.7652
  15850.00    32.8391
  15860.00    33.4551
  15870.00    33.4672
  15880.00    32.5202
  15890.00    32.9878
  15900.00    32.9368
  15910.00    33.0339
  15920.00    33.2103
  15930.00    33.1401
  15940.00    32.3714
  15950.00    32.5944
  15960.00    33.9564
  15970.00    33.1225
  15980.00    33.4243
  15990.00    33.2713
  16000.00    33.2117
  16010.00    32.9509
  16020.00    33.4688
  16030.00    33.0174
  16040.00    32.7778
  16050.00    32.9842
  16060.00    33.1504
  16070.00    33.2089
  16080.00    32.9846
  16090.00    33.6581
  16100.00    33.2641
  16110.00    33.3684
  16120.00    32.6652
  16130.00    32.7680
  16140.00    33.1227
  16150.00    32.8222
  16160.00    32.7166
  16170.00    33.2119
  16180.00    33.2650
  16190.00    33.3662
  16200.00    32.7491
  16210.00    33.2153
  16220.00    32.8482
  16230.00    32.7334
  16240.00    33.0507
  16250.00    32.9621
  16260.00    33.4476
  16270.00    33.1961
  16280.00    32.7016
  16290.00    33.1983
  16300.00    32.8140
  16310.00    33.0538
  16320.00    33.2536
  16330.00    32.5930
  16340.00    32.6538
  16350.00    33.1026
  16360.00    32.7362
  16370.00    32.8616
  16380.00    32.6287
  16390.00    32.9930
  16400.00    33.2174
  16410.00    33.3611
  16420.00    33.3005
  16430.00    33.4809
  16440.00    33.2091
  16450.00    33.7048
  16460.00    32.7405
  16470.00    33.2662
  16480.00    33.2776
  16490.00    33.0340
  16500.00    32.6386
  16510.00    32.9502
  16520.00    33.0078
  16530.00    32.8101
  16540.00    33.2551
  16550.00    32.9943
  16560.00    33.1941
  16570.00    33.1788
  16580.00    32.7952
  16590.00    33.2447
  16600.00    32.8262
  16610.00    33.0398
  16620.00    33.3707
  16630.00    33.1071
  16640.00    32.9997
  16650.00    33.2837
  16660.00    33.3288
  16670.00    32.7531
  16680.00    33.3104
  16690.00    33.4584
  16700.00    33.1299
  16710.00    33.1534
  16720.00    32.6073
  16730.00    33.5423
  16740.00    32.9878
  16750.00    32.8720
  16760.00    33.0707
  16770.00    33.4676
  16780.00    33.0214
  16790.00    32.7106
  16800.00    33.0144
  16810.00    33.0145
  16820.00    32.8987
  16830.00    32.6845
  16840.00    33.5499
  16850.00    33.3679
  16860.00    33.5001
  16870.00    32.6397
  16880.00    32.8146
  16890.00    33.0977
  16900.00    33.2379
  16910.00    32.7798
  16920.00    33.7498
  16930.00    33.0066
  16940.00    33.0644
  16950.00    33.3456
  16960.00    33.0675
  16970.00    33.0844
  16980.00    33.0858
  16990.00    33.2703
  17000.00    32.8207
  17010.00    32.9933
  17020.00    33.2788
  17030.00    33.1309
  17040.00    32.8370
  17050.00    33.1633
  17060.00    33.3617
  17070.00    33.6063
  17080.00    32.7164
  17090.00    33.1521
  17100.00    33.0165
  17110.00    33.5381
  17120.00    32.9695
  17130.00    33.2748
  17140.00    33.4245
  17150.00    33.9199
  17160.00    33.0860
  17170.00    32.9387
  17180.00    33.6599
  17190.00    32.9615
  17200.00    33.1002
  17210.00    32.6193
  17220.00    32.6828
  17230.00    33.0576
  17240.00    33.4226
  17250.00    32.9567
  17260.00    33.6243
  17270.00    33.5782
  17280.00    33.5791
  17290.00    32.9919
  17300.00    32.9563
  17310.00    33.4368
  17320.00    32.5774
  17330.00    33.3158
  17340.00    33.0745
  17350.00    33.0379
  17360.00    32.8173
  17370.00    33.3603
  17380.00    33.4397
  17390.00    32.7673
  17400.00    32.9921
  17410.00    33.6321
  17420.00    32.9781
  17430.00    32.8201
  17440.00    33.1534
  17450.00    33.0361
  17460.00    33.8298
  17470.00    32.6583
  17480.00    33.3598
  17490.00    33.3530
  17500.00    32.7637
  17510.00    32.9410
  17520.00    32.8683
  17530.00    32.7950
  17540.00    32.5700
  17550.00    33.0073
  17560.00    33.4370
  17570.00    33.0100
  17580.00    32.8539
  17590.00    32.7820
  17600.00    33.4555
  17610.00    32.8952
  17620.00    33.3138
  17630.00    33.1495
  17640.00    33.2210
  17650.00    32.5623
  17660.00    33.5483
  17670.00    32.9113
  17680.00    33.2116
  17690.00    33.1916
  17700.00    33.3094
  17710.00    33.2335
  17720.00    33.1994
  17730.00    32.6423
  17740.00    32.5834
  17750.00    32.6235
  17760.00    32.9442
  17770.00    33.5772
  17780.00    33.4692
  17790.00    33.2267
  17800.00    32.8535
  17810.00    32.6469
  17820.00    33.5954
  17830.00    32.9183
  17840.00    33.0599
  17850.00    32.7918
  17860.00    32.9885
  17870.00    32.7581
  17880.00    33.3357
  17890.00    32.9141
  17900.00    33.1188
  17910.00    33.1369
  17920.00    33.0960
  17930.00    32.7528
  17940.00    32.9687
  17950.00    33.1552
  17960.00    32.6870
  17970.00    33.2400
  17980.00    32.9145
  17990.00    32.9878
  18000.00    32.4302
  18010.00    32.9321
  18020.00    33.4168
  18030.00    33.1361
  18040.00    32.2321
  18050.00    32.8753
  18060.00    33.2255
  18070.00    32.8057
  18080.00    33.0539
  18090.00    32.4666
  18100.00    32.6929
  18110.00    32.7421
  18120.00    32.7632
  18130.00    33.2310
  18140.00    32.8189
  18150.00    32.7738
  18160.00    33.2236
  18170.00    32.6074
  18180.00    33.1629
  18190.00    32.7748
  18200.00    32.9596
  18210.00    32.6637
  18220.00    33.4329
  18230.00    33.2251
  18240.00    32.8866
  18250.00    32.9544
  18260.00    33.4936
  18270.00    32.9432
  18280.00    33.1004
  18290.00    32.5207
  18300.00    33.0739
  18310.00    32.7474
  18320.00    33.0497
  18330.00    33.1590
  18340.00    33.1684
  18350.00    33.1839
  18360.00    32.9967
  18370.00    32.9644
  18380.00    33.0467
  18390.00    33.1219
  18400.00    32.8526
  18410.00    32.8303
  18420.00    32.9958
  18430.00    32.7492
  18440.00    33.6143
  18450.00    33.1239
  18460.00    33.5025
  18470.00    32.2219
  18480.00    32.9472
  18490.00    32.7615
  18500.00    33.5023
  18510.00    32.9369
  18520.00    33.1924
  18530.00    32.7167
  18540.00    33.2864
  18550.00    32.5763
  18560.00    32.8724
  18570.00    33.1093
  18580.00    33.2365
  18590.00    33.1962
  18600.00    32.8919
  18610.00    32.8366
  18620.00    33.0239
  18630.00    33.0331
  18640.00    32.3672
  18650.00    33.3875
  18660.00    33.2091
  18670.00    32.7689
  18680.00    33.9698
  18690.00    33.4970
  18700.00    33.3489
  18710.00    33.2847
  18720.00    32.7871
  18730.00    33.1574
  18740.00    33.1020
  18750.00    32.8086
  18760.00    32.8180
  18770.00    33.0016
  18780.00    32.6639
  18790.00    32.9091
  18800.00    33.0386
  18810.00    32.7923
  18820.00    32.8232
  18830.00    32.6530
  18840.00    33.2756
  18850.00    32.4344
  18860.00    33.3748
  18870.00    32.8632
  18880.00    32.7131
  18890.00    32.5012
  18900.00    32.7069
  18910.00    32.7131
  18920.00    32.9745
  18930.00    32.8019
  18940.00    32.6526
  18950.00    32.9750
  18960.00    33.2977
  18970.00    32.9110
  18980.00    33.0264
  18990.00    32.6497
  19000.00    33.0734
  19010.00    32.8383
  19020.00    32.8834
  19030.00    32.9225
  19040.00    33.3513
  19050.00    33.0772
  19060.00    33.0430
  19070.00    33.1263
  19080.00    32.9833
  19090.00    33.3068
  19100.00    33.0071
  19110.00    32.8882
  19120.00    33.0425
  19130.00    33.4791
  19140.00    32.5088
  19150.00    33.3503
  19160.00    33.2606
  19170.00    33.0863
  19180.00    33.3014
  19190.00    33.4128
  19200.00    32.8093
  19210.00    32.9376
  19220.00    33.3127
  19230.00    33.1149
  19240.00    32.9648
  19250.00    33.4693
  19260.00    33.4584
  19270.00    33.3468
  19280.00    32.8087
  19290.00    33.2733
  19300.00    33.0658
  19310.00    32.6635
  19320.00    32.9351
  19330.00    32.7671
  19340.00    32.8596
  19350.00    33.0980
  19360.00    33.3996
  19370.00    33.0800
  19380.00    33.0095
  19390.00    33.4007
  19400.00    32.9845
  19410.00    32.8087
  19420.00    32.8228
  19430.00    32.3466
  19440.00    32.4450
  19450.00    32.7866
  19460.00    33.0053
  19470.00    32.9702
  19480.00    32.6484
  19490.00    33.0494
  19500.00    32.7980
  19510.00    32.8585
  19520.00    32.6647
  19530.00    32.6959
  19540.00    32.8605
  19550.00    32.7365
  19560.00    33.0484
  19570.00    33.1571
  19580.00    33.1471
  19590.00    32.6690
  19600.00    32.5250
  19610.00    32.9041
  19620.00    32.6579
  19630.00    33.3876
  19640.00    32.6061
  19650.00    32.8610
  19660.00    32.8448
  19670.00    33.1475
  19680.00    32.4785
  19690.00    32.6724
  19700.00    32.7495
  19710.00    32.7982
  19720.00    33.1290
  19730.00    32.3628
  19740.00    32.7218
  19750.00    32.6120
  19760.00    33.1587
  19770.00    33.2205
  19780.00    33.3170
  19790.00    32.8478
  19800.00    33.0381
  19810.00    33.3134
  19820.00    33.2031
  19830.00    32.4379
  19840.00    32.8197
  19850.00    32.9526
  19860.00    33.1181
  19870.00    32.7990
  19880.00    32.6706
  19890.00    33.1269
  19900.00    33.0810
  19910.00    33.4547
  19920.00    33.0133
  19930.00    33.2216
  19940.00    32.9338
  19950.00    33.1333
  19960.00    33.0824
  19970.00    33.1523
  19980.00    33.0181
  19990.00    32.6340
  20000.00    33.3282
  20010.00    32.6174
  20020.00    32.9867
  20030.00    33.2650
  20040.00    33.4117
  20050.00    33.0936
  20060.00    33.0471
  20070.00    32.6512
  20080.00    33.3620
  20090.00    33.2644
  20100.00    32.6871
  20110.00    32.8208
  20120.00    32.6714
  20130.00    32.8626
  20140.00    33.2748
  20150.00    33.5220
  20160.00    33.4053
  20170.00    33.3242
  20180.00    32.7236
  20190.00    33.1004
  20200.00    32.9444
  20210.00    32.6021
  20220.00    33.7309
  20230.00    32.9061
  20240.00    32.6625
  20250.00    32.9865
  20260.00    32.8974
  20270.00    32.9463
  20280.00    33.2319
  20290.00    32.9601
  20300.00    32.9924
  20310.00    33.7621
  20320.00    32.6865
  20330.00    32.9177
  20340.00    33.1154
  20350.00    33.4313
  20360.00    33.1364
  20370.00    32.6115
  20380.00    33.4163
  20390.00    33.0323
  20400.00    33.2340
  20410.00    32.8922
  20420.00    32.8355
  20430.00    32.3046
  20440.00    33.4648
  20450.00    32.7179
  20460.00    32.6507
  20470.00    32.4866
  20480.00    33.0473
  20490.00    32.7563
  20500.00    33.1065
  20510.00    33.0610
  20520.00    33.0235
  20530.00    32.9300
  20540.00    32.8615
  20550.00    33.7804
  20560.00    32.7757
  20570.00    33.2518
  20580.00    33.8507
  20590.00    32.6732
  20600.00    33.0228
  20610.00    32.6199
  20620.00    32.8791
  20630.00    33.0771
  20640.00    32.9240
  20650.00    32.6519
  20660.00    32.8492
  20670.00    33.0814
  20680.00    32.8835
  20690.00    32.1698
  20700.00    33.3648
  20710.00    33.2319
  20720.00    32.9147
  20730.00    32.3879
  20740.00    33.3061
  20750.00    32.6940
  20760.00    32.7587
  20770.00    32.6887
  20780.00    33.1057
  20790.00    33.3091
  20800.00    33.1883
  20810.00    32.9149
  20820.00    32.5125
  20830.00    32.6661
  20840.00    33.4561
  20850.00    33.0502
  20860.00    33.1253
  20870.00    33.0167
  20880.00    32.9998
  20890.00    32.6475
  20900.00    32.7194
  20910.00    32.8899
  20920.00    32.8563
  20930.00    32.6443
  20940.00    33.1781
  20950.00    33.2042
  20960.00    32.9526
  20970.00    32.8101
  20980.00    33.1417
  20990.00    32.6723
  21000.00    32.7343
  21010.00    32.9645
  21020.00    32.9585
  21030.00    32.6054
  21040.00    33.1643
  21050.00    32.7403
  21060.00    33.7925
  21070.00    32.7706
  21080.00    32.9751
  21090.00    32.7078
  21100.00    33.0776
  21110.00    32.7078
  21120.00    33.1168
  21130.00    32.9932
  21140.00    33.3881
  21150.00    32.6386
  21160.00    32.9826
  21170.00    33.3022
  21180.00    33.0837
  21190.00    33.3151
  21200.00    32.7263
  21210.00    33.2804
  21220.00    33.1280
  21230.00    32.9597
  21240.00    33.3670
  21250.00    32.8019
  21260.00    32.8781
  21270.00    32.6890
  21280.00    33.0327
  21290.00    33.3299
  21300.00    32.8631
  21310.00    33.1127
  21320.00    33.4846
  21330.00    32.7602
  21340.00    32.6416
  21350.00    33.0844
  21360.00    33.0012
  21370.00    33.0626
  21380.00    32.8685
  21390.00    32.8698
  21400.00    32.9941
  21410.00    32.8309
  21420.00    33.1120
  21430.00    33.0110
  21440.00    33.0007
  21450.00    33.3499
  21460.00    32.5745
  21470.00    32.7944
  21480.00    33.0118
  21490.00    33.3579
  21500.00    33.0119
  21510.00    33.1672
  21520.00    33.3417
  21530.00    33.1067
  21540.00    32.7666
  21550.00    32.8114
  21560.00    33.0095
  21570.00    32.4932
  21580.00    32.8737
  21590.00    32.5995
  21600.00    33.0980
  21610.00    32.7607
  21620.00    32.9834
  21630.00    32.9388
  21640.00    33.2892
  21650.00    33.3453
  21660.00    33.1292
  21670.00    33.3507
  21680.00    33.1640
  21690.00    32.9613
  21700.00    33.2510
  21710.00    32.9786
  21720.00    33.0196
  21730.00    33.1452
  21740.00    32.6461
  21750.00    32.8598
  21760.00    33.3374
  21770.00    33.0668
  21780.00    33.4503
  21790.00    32.5653
  21800.00    32.9338
  21810.00    33.3679
  21820.00    32.8800
  21830.00    33.5741
  21840.00    32.9579
  21850.00    32.7844
  21860.00    32.8852
  21870.00    32.8669
  21880.00    33.4483
  21890.00    33.2119
  21900.00    32.9957
  21910.00    32.7482
  21920.00    32.8858
  21930.00    33.3418
  21940.00    33.1874
  21950.00    32.6857
  21960.00    32.9696
  21970.00    33.0827
  21980.00    32.8109
  21990.00    33.7485
  22000.00    33.0801
  22010.00    32.8507
  22020.00    32.7979
  22030.00    33.2171
  22040.00    32.6506
  22050.00    32.8484
  22060.00    33.0330
  22070.00    33.1349
  22080.00    32.7828
  22090.00    32.6636
  22100.00    33.2482
  22110.00    33.1444
  22120.00    33.1647
  22130.00    33.0572
  22140.00    32.6635
  22150.00    33.0655
  22160.00    32.6252
  22170.00    33.4427
  22180.00    32.9640
  22190.00    33.3465
  22200.00    32.6515
  22210.00    32.9356
  22220.00    32.6000
  22230.00    32.8571
  22240.00    32.9255
  22250.00    33.0165
  22260.00    33.2292
  22270.00    32.8974
  22280.00    32.5875
  22290.00    33.0022
  22300.00    32.9897
  22310.00    33.1526
  22320.00    33.0369
  22330.00    32.9683
  22340.00    33.8674
  22350.00    32.4211
  22360.00    32.9677
  22370.00    33.2163
  22380.00    33.1215
  22390.00    33.0579
  22400.00    33.0282
  22410.00    32.9208
  22420.00    32.8283
  22430.00    33.0157
  22440.00    32.6826
  22450.00    33.4781
  22460.00    33.2542
  22470.00    33.4593
  22480.00    32.7530
  22490.00    33.1964
  22500.00    33.4613
  22510.00    32.8353
  22520.00    32.8129
  22530.00    32.8839
  22540.00    32.5351
  22550.00    33.3040
  22560.00    32.7957
  22570.00    33.3202
  22580.00    33.3173
  22590.00    32.9556
  22600.00    33.0873
  22610.00    32.7768
  22620.00    32.7924
  22630.00    33.0668
  22640.00    33.2133
  22650.00    32.3600
  22660.00    32.7574
  22670.00    33.2741
  22680.00    32.8891
  22690.00    32.9470
  22700.00    33.1589
  22710.00    33.1672
  22720.00    32.9908
  22730.00    32.5002
  22740.00    33.4266
  22750.00    32.9878
  22760.00    32.9839
  22770.00    32.5555
  22780.00    32.7642
  22790.00    33.0676
  22800.00    33.0257
  22810.00    32.6959
  22820.00    32.5242
  22830.00    33.1895
  22840.00    33.0916
  22850.00    33.1729
  22860.00    33.1465
  22870.00    33.5600
  22880.00    32.6176
  22890.00    33.2322
  22900.00    33.2503
  22910.00    32.4397
  22920.00    33.2833
  22930.00    32.4803
  22940.00    33.2115
  22950.00    32.7761
  22960.00    33.4338
  22970.00    32.8305
  22980.00    32.5991
  22990.00    33.2366
  23000.00    33.0059
  23010.00    32.5493
  23020.00    32.4835
  23030.00    33.4023
  23040.00    32.4525
  23050.00    33.0334
  23060.00    32.6609
  23070.00    32.8352
  23080.00    32.9344
  23090.00    32.9945
  23100.00    32.5886
  23110.00    32.9046
  23120.00    32.9962
  23130.00    32.9693
  23140.00    33.0164
  23150.00    33.2239
  23160.00    33.0577
  23170.00    32.7432
  23180.00    33.0045
  23190.00    33.0504
  23200.00    33.1604
  23210.00    32.9529
  23220.00    33.2273
  23230.00    33.0522
  23240.00    32.8742
  23250.00    32.6523
  23260.00    33.2128
  23270.00    32.7636
  23280.00    32.8028
  23290.00    33.1857
  23300.00    32.5981
  23310.00    32.8822
  23320.00    32.7176
  23330.00    32.7940
  23340.00    32.9720
  23350.00    32.9252
  23360.00    33.2032
  23370.00    33.3879
  23380.00    33.0474
  23390.00    33.0708
  23400.00    33.2450
  23410.00    33.2350
  23420.00    33.3022
  23430.00    32.8623
  23440.00    33.5112
  23450.00    33.0499
  23460.00    32.8043
  23470.00    33.0706
  23480.00    33.2855
  23490.00    33.0850
  23500.00    32.6426
  23510.00    32.9930
  23520.00    33.0238
  23530.00    33.0730
  23540.00    33.2746
  23550.00    32.7222
  23560.00    33.0335
  23570.00    32.9741
  23580.00    33.1454
  23590.00    33.3527
  23600.00    33.0697
  23610.00    32.7844
  23620.00    32.9355
  23630.00    32.7354
  23640.00    33.4364
  23650.00    32.7146
  23660.00    32.6364
  23670.00    33.2615
  23680.00    32.5904
  23690.00    32.9790
  23700.00    32.4833
  23710.00    32.7843
  23720.00    33.2898
  23730.00    32.7631
  23740.00    33.1600
  23750.00    33.2150
  23760.00    33.1180
  23770.00    33.3862
  23780.00    33.2340
  23790.00    33.7003
  23800.00    33.6175
  23810.00    33.2492
  23820.00    32.6830
  23830.00    32.9215
  23840.00    32.8060
  23850.00    32.7137
  23860.00    33.4012
  23870.00    32.4989
  23880.00    33.4096
  23890.00    32.8097
  23900.00    33.2725
  23910.00    32.4078
  23920.00    33.0742
  23930.00    33.4417
  23940.00    32.9949
  23950.00    33.2658
  23960.00    32.9574
  23970.00    33.4526
  23980.00    32.7868
  23990.00    32.9505
  24000.00    33.3577
  24010.00    33.3956
  24020.00    32.7778
  24030.00    32.9752
  24040.00    32.4563
  24050.00    33.0302
  24060.00    33.0682
  24070.00    33.3355
  24080.00    32.7405
  24090.00    32.7553
  24100.00    33.1669
  24110.00    32.9594
  24120.00    32.4917
  24130.00    32.6103
  24140.00    32.9714
  24150.00    33.3614
  24160.00    33.2061
  24170.00    32.9324
  24180.00    32.9044
  24190.00    33.0044
  24200.00    33.3154
  24210.00    33.2961
  24220.00    32.8664
  24230.00    33.1170
  24240.00    33.5161
  24250.00    32.9572
  24260.00    32.5396
  24270.00    33.1445
  24280.00    33.1558
  24290.00    33.3251
  24300.00    32.8807
  24310.00    32.9393
  24320.00    32.8711
  24330.00    32.8030
  24340.00    33.0105
  24350.00    32.9638
  24360.00    32.7799
  24370.00    33.4736
  24380.00    32.8360
  24390.00    32.4988
  24400.00    33.1975
  24410.00    33.1730
  24420.00    32.6390
  24430.00    33.1483
  24440.00    33.3812
  24450.00    32.7946
  24460.00    33.1834
  24470.00    33.0601
  24480.00    33.1779
  24490.00    32.5576
  24500.00    33.5904
  24510.00    33.4032
  24520.00    32.9202
  24530.00    33.2968
  24540.00    33.1056
  24550.00    32.7192
  24560.00    33.4176
  24570.00    33.1095
  24580.00    32.7461
  24590.00    33.4198
  24600.00    33.0350
  24610.00    33.0592
  24620.00    33.1817
  24630.00    32.9822
  24640.00    33.0965
  24650.00    33.0189
  24660.00    33.2972
  24670.00    33.0839
  24680.00    33.1143
  24690.00    32.9269
  24700.00    32.6260
  24710.00    33.1889
  24720.00    32.7770
  24730.00    32.5149
  24740.00    33.2155
  24750.00    33.0044
  24760.00    32.5041
  24770.00    32.7528
  24780.00    32.7006
  24790.00    32.9690
  24800.00    33.3117
  24810.00    33.3178
  24820.00    33.1065
  24830.00    32.9711
  24840.00    33.2227
  24850.00    32.4872
  24860.00    33.3949
  24870.00    33.0515
  24880.00    33.3154
  24890.00    33.0373
  24900.00    33.5386
  24910.00    33.1029
  24920.00    33.1987
  24930.00    33.0313
  24940.00    32.8676
  24950.00    32.9413
  24960.00    32.8883
  24970.00    32.4202
  24980.00    33.0515
  24990.00    33.0470
  25000.00    32.3184
  25010.00    32.7447
  25020.00    32.8795
  25030.00    32.8489
  25040.00    32.7908
  25050.00    33.5360
  25060.00    33.0602
  25070.00    32.8258
  25080.00    32.7537
  25090.00    33.0526
  25100.00    32.5218
  25110.00    32.4226
  25120.00    33.0363
  25130.00    32.8780
  25140.00    33.0510
  25150.00    32.9098
  25160.00    33.2543
  25170.00    33.0150
  25180.00    33.0897
  25190.00    32.4502
  25200.00    32.6699
  25210.00    32.5873
  25220.00    33.1165
  25230.00    33.2253
  25240.00    33.2495
  25250.00    33.2940
  25260.00    32.6167
  25270.00    32.6890
  25280.00    32.9746
  25290.00    32.9622
  25300.00    33.1219
  25310.00    32.8502
  25320.00    32.9766
  25330.00    33.2390
  25340.00    32.8725
  25350.00    32.8583
  25360.00    32.9224
  25370.00    32.8937
  25380.00    33.2264
  25390.00    32.9285
  25400.00    32.7432
  25410.00    33.1925
  25420.00    33.0220
  25430.00    32.4527
  25440.00    32.7271
  25450.00    32.8200
  25460.00    32.8992
  25470.00    33.1163
  25480.00    32.8133
  25490.00    33.0089
  25500.00    33.1765
  25510.00    33.3140
  25520.00    33.1963
  25530.00    32.6167
  25540.00    32.7872
  25550.00    33.0676
  25560.00    33.4330
  25570.00    32.7818
  25580.00    32.8700
  25590.00    33.6461
  25600.00    33.5392
  25610.00    33.0247
  25620.00    33.5670
  25630.00    33.4335
  25640.00    33.0627
  25650.00    33.2170
  25660.00    33.3592
  25670.00    32.8644
  25680.00    33.2840
  25690.00    32.8687
  25700.00    33.4050
  25710.00    32.4516
  25720.00    32.9855
  25730.00    32.8238
  25740.00    33.5731
  25750.00    33.0739
  25760.00    32.9008
  25770.00    33.1744
  25780.00    33.2758
  25790.00    33.1747
  25800.00    32.7799
  25810.00    33.2293
  25820.00    33.3036
  25830.00    33.1775
  25840.00    32.8505
  25850.00    33.4851
  25860.00    33.0187
  25870.00    32.7289
  25880.00    32.9613
  25890.00    33.0219
  25900.00    32.8085
  25910.00    32.9090
  25920.00    32.6991
  25930.00    32.0190
  25940.00    32.4268
  25950.00    32.4928
  25960.00    32.7259
  25970.00    33.0087
  25980.00    32.6112
  25990.00    32.4038
  26000.00    33.4276
  26010.00    32.6602
  26020.00    32.2726
  26030.00    32.6430
  26040.00    32.4518
  26050.00    32.7358
  26060.00    32.4988
  26070.00    33.4543
  26080.00    33.5306
  26090.00    32.6766
  26100.00    32.7875
  26110.00    32.9869
  26120.00    32.9954
  26130.00    32.9153
  26140.00    32.8448
  26150.00    32.5825
  26160.00    32.9836
  26170.00    33.2691
  26180.00    33.4117
  26190.00    33.6608
  26200.00    32.9928
  26210.00    33.2701
  26220.00    32.9414
  26230.00    33.2641
  26240.00    32.4398
  26250.00    33.0344
  26260.00    33.1546
  26270.00    32.7596
  26280.00    33.2157
  26290.00    33.4322
  26300.00    32.4280
  26310.00    33.4386
  26320.00    33.5546
  26330.00    33.2243
  26340.00    32.6170
  26350.00    32.7720
  26360.00    32.7329
  26370.00    33.1054
  26380.00    33.2147
  26390.00    32.5398
  26400.00    33.0455
  26410.00    32.9383
  26420.00    33.1459
  26430.00    32.8576
  26440.00    33.0557
  26450.00    32.9037
  26460.00    32.6430
  26470.00    32.9427
  26480.00    33.0053
  26490.00    32.8613
  26500.00    32.6440
  26510.00    33.6184
  26520.00    32.7393
  26530.00    32.3968
  26540.00    33.1590
  26550.00    32.9649
  26560.00    32.7843
  26570.00    32.8046
  26580.00    33.3891
  26590.00    33.3736
  26600.00    32.8622
  26610.00    32.8533
  26620.00    32.8512
  26630.00    32.9392
  26640.00    33.2154
  26650.00    32.5237
  26660.00    33.1501
  26670.00    32.9387
  26680.00    32.5623
  26690.00    32.6552
  26700.00    33.4889
  26710.00    33.5283
  26720.00    32.8348
  26730.00    33.6438
  26740.00    33.1570
  26750.00    32.6259
  26760.00    33.2266
  26770.00    33.2124
  26780.00    33.0989
  26790.00    32.7426
  26800.00    32.4037
  26810.00    33.3811
  26820.00    32.9638
  26830.00    33.3777
  26840.00    33.4346
  26850.00    32.2941
  26860.00    32.7417
  26870.00    33.0219
  26880.00    33.0528
  26890.00    33.2129
  26900.00    32.9299
  26910.00    33.2263
  26920.00    32.8996
  26930.00    32.9928
  26940.00    33.1317
  26950.00    33.0303
  26960.00    32.8382
  26970.00    33.1116
  26980.00    33.3180
  26990.00    32.9340
  27000.00    32.7065
  27010.00    32.9544
  27020.00    33.2070
  27030.00    33.0895
  27040.00    32.8473
  27050.00    32.8209
  27060.00    33.1255
  27070.00    33.1731
  27080.00    33.4369
  27090.00    32.9724
  27100.00    32.8224
  27110.00    32.7356
  27120.00    32.8575
  27130.00    32.8970
  27140.00    33.1971
  27150.00    33.2636
  27160.00    33.1491
  27170.00    32.8503
  27180.00    32.8565
  27190.00    32.8508
  27200.00    32.6871
  27210.00    32.8564
  27220.00    33.1631
  27230.00    33.0165
  27240.00    32.2492
  27250.00    32.8812
  27260.00    33.5189
  27270.00    33.1534
  27280.00    33.3640
  27290.00    33.2221
  27300.00    33.3115
  27310.00    32.8043
  27320.00    32.7651
  27330.00    32.8208
  27340.00    32.8006
  27350.00    32.8775
  27360.00    32.8572
  27370.00    32.8655
  27380.00    32.6408
  27390.00    33.2436
  27400.00    32.9210
  27410.00    33.2001
  27420.00    33.2360
  27430.00    32.7233
  27440.00    32.9896
  27450.00    32.9901
  27460.00    32.4332
  27470.00    33.0649
  27480.00    32.6908
  27490.00    32.8070
  27500.00    33.0713
  27510.00    33.5706
  27520.00    32.7153
  27530.00    33.3181
  27540.00    33.3820
  27550.00    33.0123
  27560.00    32.8866
  27570.00    33.0164
  27580.00    32.7386
  27590.00    32.8425
  27600.00    32.6167
  27610.00    32.8321
  27620.00    33.0221
  27630.00    32.6744
  27640.00    32.7486
  27650.00    32.4525
  27660.00    33.2632
  27670.00    32.4811
  27680.00    33.1063
  27690.00    33.1981
  27700.00    33.1294
  27710.00    33.1502
  27720.00    32.8464
  27730.00    33.2766
  27740.00    33.5669
  27750.00    32.5555
  27760.00    32.6026
  27770.00    33.0166
  27780.00    33.6247
  27790.00    32.9738
  27800.00    33.1762
  27810.00    33.0212
  27820.00    33.1859
  27830.00    32.6204
  27840.00    32.9317
  27850.00    33.2135
  27860.00    33.1479
  27870.00    33.2457
  27880.00    33.1122
  27890.00    32.8881
  27900.00    33.0266
  27910.00    33.2247
  27920.00    33.2950
  27930.00    32.8857
  27940.00    32.7645
  27950.00    33.3444
  27960.00    33.0310
  27970.00    33.0871
  27980.00    33.4552
  27990.00    32.6106
  28000.00    32.4009
  28010.00    32.7409
  28020.00    33.0301
  28030.00    33.5136
  28040.00    32.9548
  28050.00    32.7505
  28060.00    33.1512
  28070.00    32.9122
  28080.00    33.4698
  28090.00    33.0241
  28100.00    32.8249
  28110.00    32.6205
  28120.00    32.6068
  28130.00    32.5009
  28140.00    33.5078
  28150.00    33.1799
  28160.00    32.6841
  28170.00    33.4481
  28180.00    32.9334
  28190.00    32.7362
  28200.00    33.0965
  28210.00    32.7451
  28220.00    33.0774
  28230.00    32.8628
  28240.00    33.7261
  28250.00    33.1708
  28260.00    33.0541
  28270.00    32.7921
  28280.00    32.8662
  28290.00    33.0600
  28300.00    32.7495
  28310.00    33.5675
  28320.00    33.0216
  28330.00    32.4177
  28340.00    33.7081
  28350.00    33.2103
  28360.00    33.2293
  28370.00    33.0332
  28380.00    32.9435
  28390.00    33.1246
  28400.00    33.4067
  28410.00    32.9407
  28420.00    32.7775
  28430.00    33.1399
  28440.00    32.5531
  28450.00    33.6862
  28460.00    33.3788
  28470.00    33.2712
  28480.00    33.2417
  28490.00    32.8520
  28500.00    33.3683
  28510.00    33.1786
  28520.00    32.9444
  28530.00    32.9012
  28540.00    32.3006
  28550.00    33.2268
  28560.00    32.5891
  28570.00    33.0785
  28580.00    33.2192
  28590.00    32.9786
  28600.00    32.9390
  28610.00    33.1627
  28620.00    32.4208
  28630.00    33.4939
  28640.00    33.4259
  28650.00    33.2634
  28660.00    32.9773
  28670.00    32.8850
  28680.00    33.3239
  28690.00    32.8389
  28700.00    32.9817
  28710.00    33.1035
  28720.00    32.7690
  28730.00    32.7667
  28740.00    32.9221
  28750.00    32.8038
  28760.00    33.0482
  28770.00    32.6655
  28780.00    33.1931
  28790.00    32.8887
  28800.00    33.2868
  28810.00    32.4330
  28820.00    32.8336
  28830.00    32.9136
  28840.00    32.7389
  28850.00    32.9695
  28860.00    33.2538
  28870.00    33.4270
  28880.00    32.8734
  28890.00    32.8196
  28900.00    33.0408
  28910.00    33.0398
  28920.00    32.7086
  28930.00    32.8084
  28940.00    33.1274
  28950.00    33.1448
  28960.00    33.0192
  28970.00    33.1128
  28980.00    32.7726
  28990.00    32.3764
  29000.00    32.7816
  29010.00    33.2687
  29020.00    32.6787
  29030.00    33.0628
  29040.00    32.4867
  29050.00    33.2212
  29060.00    32.8751
  29070.00    33.3948
  29080.00    32.5615
  29090.00    33.1663
  29100.00    33.0549
  29110.00    33.3759
  29120.00    33.0338
  29130.00    33.2215
  29140.00    33.4687
  29150.00    32.7983
  29160.00    32.7702
  29170.00    32.3379
  29180.00    32.9880
  29190.00    32.9828
  29200.00    32.7115
  29210.00    32.4524
  29220.00    32.6450
  29230.00    32.7093
  29240.00    32.9534
  29250.00    32.9479
  29260.00    33.6350
  29270.00    32.9081
  29280.00    33.2988
  29290.00    32.5972
  29300.00    33.2216
  29310.00    33.3063
  29320.00    33.2158
  29330.00    32.7185
  29340.00    33.1588
  29350.00    32.4945
  29360.00    33.0913
  29370.00    33.4278
  29380.00    32.4143
  29390.00    32.7362
  29400.00    32.6574
  29410.00    33.6893
  29420.00    32.9480
  29430.00    32.7949
  29440.00    32.8174
  29450.00    33.1807
  29460.00    32.8443
  29470.00    32.8862
  29480.00    32.6317
  29490.00    33.2176
  29500.00    33.4718
  29510.00    33.0526
  29520.00    33.1340
  29530.00    32.6680
  29540.00    32.6542
  29550.00    32.8344
  29560.00    33.5815
  29570.00    32.7618
  29580.00    33.2385
  29590.00    33.3430
  29600.00    33.0083
  29610.00    32.7766
  29620.00    32.8245
  29630.00    33.4223
  29640.00    33.0809
  29650.00    33.4078
  29660.00    32.7436
  29670.00    32.8462
  29680.00    32.9878
  29690.00    32.5605
  29700.00    32.9802
  29710.00    33.2438
  29720.00    32.9425
  29730.00    32.8639
  29740.00    32.7259
  29750.00    33.0914
  29760.00    33.2655
  29770.00    33.0946
  29780.00    33.5119
  29790.00    33.2499
  29800.00    32.0734
  29810.00    33.0546
  29820.00    33.5104
  29830.00    32.5539
  29840.00    32.2728
  29850.00    33.0322
  29860.00    32.8766
  29870.00    33.0466
  29880.00    32.8751
  29890.00    32.9656
  29900.00    32.8277
  29910.00    32.6055
  29920.00    33.2764
  29930.00    33.2510
  29940.00    33.0128
  29950.00    33.3179
  29960.00    33.3488
  29970.00    32.8509
  29980.00    32.6833
  29990.00    32.8849
  30000.00    32.9865
  30010.00    33.3595
  30020.00    32.9270
  30030.00    32.6939
  30040.00    32.4034
  30050.00    32.5090
  30060.00    33.3478
  30070.00    32.9686
  30080.00    32.8164
  30090.00    32.9888
  30100.00    32.7924
  30110.00    32.5594
  30120.00    33.0722
  30130.00    33.3407
  30140.00    32.8260
  30150.00    32.7775
  30160.00    33.6935
  30170.00    32.9741
  30180.00    33.4757
  30190.00    33.0112
  30200.00    33.3417
  30210.00    33.0269
  30220.00    32.6203
  30230.00    32.7689
  30240.00    33.0104
  30250.00    32.3889
  30260.00    33.1675
  30270.00    32.8075
  30280.00    32.4472
  30290.00    32.8223
  30300.00    33.0696
  30310.00    32.9947
  30320.00    33.6109
  30330.00    32.5691
  30340.00    33.3789
  30350.00    33.0755
  30360.00    33.4447
  30370.00    32.8253
  30380.00    33.2022
  30390.00    32.9824
  30400.00    33.6626
  30410.00    33.2749
  30420.00    32.8084
  30430.00    32.7798
  30440.00    32.5718
  30450.00    33.3809
  30460.00    32.8514
  30470.00    33.0747
  30480.00    33.1018
  30490.00    33.0480
  30500.00    33.0230
  30510.00    33.0658
  30520.00    32.7012
  30530.00    33.5155
  30540.00    32.8219
  30550.00    32.5415
  30560.00    32.8437
  30570.00    32.7641
  30580.00    32.9886
  30590.00    33.6341
  30600.00    32.7082
  30610.00    32.9788
  30620.00    32.4881
  30630.00    33.5451
  30640.00    33.2777
  30650.00    33.2468
  30660.00    33.2228
  30670.00    32.8424
  30680.00    32.5505
  30690.00    32.9237
  30700.00    33.0390
  30710.00    32.1701
  30720.00    32.8262
  30730.00    33.6979
  30740.00    32.8441
  30750.00    33.2083
  30760.00    32.5354
  30770.00    33.3553
  30780.00    33.0726
  30790.00    32.7242
  30800.00    33.0652
  30810.00    33.4840
  30820.00    32.4108
  30830.00    32.3602
  30840.00    33.0716
  30850.00    33.3347
  30860.00    32.7601
  30870.00    32.6745
  30880.00    32.7039
  30890.00    33.0081
  30900.00    32.5957
  30910.00    33.4262
  30920.00    33.4267
  30930.00    32.9766
  30940.00    32.4848
  30950.00    33.1513
  30960.00    32.7133
  30970.00    32.5287
  30980.00    32.8195
  30990.00    33.5458
  31000.00    32.7430
  31010.00    32.8864
  31020.00    33.1403
  31030.00    32.5231
  31040.00    32.6994
  31050.00    32.9814
  31060.00    32.7174
  31070.00    32.3276
  31080.00    33.0096
  31090.00    32.9380
  31100.00    33.0849
  31110.00    32.9486
  31120.00    32.8989
  31130.00    32.7997
  31140.00    32.9030
  31150.00    32.8666
  31160.00    32.4423
  31170.00    33.2658
  31180.00    32.7994
  31190.00    33.1478
  31200.00    33.0872
  31210.00    32.9297
  31220.00    33.0602
  31230.00    33.0677
  31240.00    33.3406
  31250.00    32.7848
  31260.00    33.0026
  31270.00    32.8086
  31280.00    33.5893
  31290.00    33.5693
  31300.00    32.9817
  31310.00    33.6140
  31320.00    32.8072
  31330.00    32.9504
  31340.00    32.9115
  31350.00    33.3233
  31360.00    33.1568
  31370.00    32.8218
  31380.00    32.7578
  31390.00    33.0911
  31400.00    32.9210
  31410.00    32.9212
  31420.00    32.4393
  31430.00    32.9453
  31440.00    33.1058
  31450.00    33.0117
  31460.00    33.0143
  31470.00    32.7430
  31480.00    33.0956
  31490.00    32.7541
  31500.00    32.5195
  31510.00    33.1133
  31520.00    33.3366
  31530.00    33.0653
  31540.00    32.9627
  31550.00    33.0640
  31560.00    32.8716
  31570.00    33.1115
  31580.00    32.9992
  31590.00    32.8361
  31600.00    33.3218
  31610.00    33.0520
  31620.00    32.7178
  31630.00    32.9917
  31640.00    33.0136
  31650.00    32.7670
  31660.00    32.9284
  31670.00    33.2070
  31680.00    33.1912
  31690.00    32.7819
  31700.00    33.1389
  31710.00    33.3626
  31720.00    32.8310
  31730.00    33.0997
  31740.00    33.1715
  31750.00    33.2061
  31760.00    32.8746
  31770.00    32.8407
  31780.00    33.3558
  31790.00    32.7802
  31800.00    33.0701
  31810.00    32.6132
  31820.00    32.4911
  31830.00    32.8889
  31840.00    33.7387
  31850.00    32.7061
  31860.00    33.2774
  31870.00    32.4867
  31880.00    32.4415
  31890.00    32.7443
  31900.00    33.1706
  31910.00    33.2530
  31920.00    33.2555
  31930.00    33.1704
  31940.00    32.9505
  31950.00    33.1103
  31960.00    33.2294
  31970.00    33.1546
  31980.00    33.0607
  31990.00    33.2055
  32000.00    33.3950
  32010.00    32.5114
  32020.00    32.8986
  32030.00    32.9263
  32040.00    33.3416
  32050.00    32.8706
  32060.00    33.1404
  32070.00    33.1072
  32080.00    32.5804
  32090.00    32.9412
  32100.00    32.9419
  32110.00    32.9423
  32120.00    32.7917
  32130.00    32.6250
  32140.00    32.9326
  32150.00    32.8805
  32160.00    32.5949
  32170.00    33.0358
  32180.00    32.8914
  32190.00    33.3058
  32200.00    32.7350
  32210.00    32.9414
  32220.00    32.4706
  32230.00    32.9745
  32240.00    33.2587
  32250.00    32.9402
  32260.00    32.8311
  32270.00    32.7169
  32280.00    33.3134
  32290.00    33.3913
  32300.00    32.1810
  32310.00    33.1299
  32320.00    33.0476
  32330.00    33.5307
  32340.00    33.1289
  32350.00    33.0667
  32360.00    32.5308
  32370.00    32.2666
  32380.00    32.4953
  32390.00    33.0047
  32400.00    33.2684
  32410.00    32.6912
  32420.00    33.1687
  32430.00    33.3061
  32440.00    32.7036
  32450.00    32.6042
  32460.00    33.2084
  32470.00    32.5816
  32480.00    32.7590
  32490.00    33.1919
  32500.00    33.1702
  32510.00    33.1809
  32520.00    33.0203
  32530.00    33.2384
  32540.00    33.0434
  32550.00    33.5620
  32560.00    33.3037
  32570.00    32.8294
  32580.00    32.6902
  32590.00    32.5439
  32600.00    33.2601
  32610.00    32.4549
  32620.00    32.9384
  32630.00    33.2702
  32640.00    32.8756
  32650.00    33.2969
  32660.00    32.8438
  32670.00    32.9561
  32680.00    32.8928
  32690.00    32.8364
  32700.00    33.2181
  32710.00    32.8765
  32720.00    33.3954
  32730.00    33.0050
  32740.00    33.0562
  32750.00    33.0794
  32760.00    33.3163
  32770.00    33.1006
  32780.00    33.3324
  32790.00    33.1705
  32800.00    33.0410
  32810.00    32.6787
  32820.00    32.6544
  32830.00    32.5063
  32840.00    33.0167
  32850.00    32.8427
  32860.00    32.7435
  32870.00    32.7491
  32880.00    32.6889
  32890.00    32.8536
  32900.00    33.0187
  32910.00    33.2068
  32920.00    33.1477
  32930.00    32.3185
  32940.00    32.9863
  32950.00    33.4330
  32960.00    32.8080
  32970.00    32.8263
  32980.00    32.9596
  32990.00    33.0919
  33000.00    33.2478
  33010.00    32.8205
  33020.00    32.9487
  33030.00    32.7914
  33040.00    33.7024
  33050.00    33.0486
  33060.00    33.5907
  33070.00    32.8768
  33080.00    32.8116
  33090.00    32.8981
  33100.00    33.2608
  33110.00    32.3209
  33120.00    32.7502
  33130.00    32.9042
  33140.00    33.0850
  33150.00    32.8868
  33160.00    33.1720
  33170.00    33.1467
  33180.00    32.8914
  33190.00    33.0249
  33200.00    33.4639
  33210.00    32.7742
  33220.00    32.8145
  33230.00    32.8948
  33240.00    33.2577
  33250.00    32.9358
  33260.00    33.3913
  33270.00    33.5153
  33280.00    33.0052
  33290.00    33.2809
  33300.00    33.1147
  33310.00    33.3300
  33320.00    32.8867
  33330.00    33.3815
  33340.00    32.7309
  33350.00    33.1272
  33360.00    33.5742
  33370.00    32.4581
  33380.00    32.9829
  33390.00    32.8160
  33400.00    32.9802
  33410.00    32.9402
  33420.00    33.3788
  33430.00    33.2354
  33440.00    32.5844
  33450.00    33.1277
  33460.00    33.1472
  33470.00    33.1822
  33480.00    32.5596
  33490.00    33.2402
  33500.00    33.1224
  33510.00    32.5637
  33520.00    33.0650
  33530.00    33.2638
  33540.00    32.7467
  33550.00    33.1503
  33560.00    32.9173
  33570.00    32.9684
  33580.00    33.1590
  33590.00    33.0919
  33600.00    32.3792
  33610.00    33.2322
  33620.00    32.9874
  33630.00    33.0760
  33640.00    33.0032
  33650.00    33.1996
  33660.00    33.1692
  33670.00    32.5336
  33680.00    33.3302
  33690.00    33.2780
  33700.00    33.4105
  33710.00    32.7609
  33720.00    32.9214
  33730.00    33.0978
  33740.00    32.5710
  33750.00    32.5973
  33760.00    33.2750
  33770.00    32.8623
  33780.00    33.1079
  33790.00    33.2483
  33800.00    32.7000
  33810.00    33.1888
  33820.00    32.7775
  33830.00    32.5353
  33840.00    32.6429
  33850.00    33.3902
  33860.00    33.4393
  33870.00    33.1754
  33880.00    32.9451
  33890.00    32.9478
  33900.00    32.7013
  33910.00    32.9434
  33920.00    32.8692
  33930.00    33.1651
  33940.00    33.2341
  33950.00    32.8225
  33960.00    33.0043
  33970.00    32.8203
  33980.00    32.7047
  33990.00    33.0985
  34000.00    33.0525
  34010.00    32.9280
  34020.00    32.8899
  34030.00    33.0808
  34040.00    32.9017
  34050.00    32.9813
  34060.00    33.0415
  34070.00    32.9915
  34080.00    32.9182
  34090.00    32.8966
  34100.00    33.0364
  34110.00    32.6048
  34120.00    32.9508
  34130.00    33.0156
  34140.00    33.0552
  34150.00    33.4947
  34160.00    32.8847
  34170.00    32.8599
  34180.00    32.5930
  34190.00    32.4576
  34200.00    32.3839
  34210.00    33.3512
  34220.00    32.9919
  34230.00    33.2784
  34240.00    33.3146
  34250.00    33.1404
  34260.00    33.1654
  34270.00    33.2388
  34280.00    32.2739
  34290.00    32.3894
  34300.00    32.9683
  34310.00    32.8149
  34320.00    32.8515
  34330.00    33.1249
  34340.00    33.1375
  34350.00    32.9253
  34360.00    32.7147
  34370.00    33.3155
  34380.00    33.2514
  34390.00    32.7081
  34400.00    33.1311
  34410.00    32.8287
  34420.00    33.1029
  34430.00    32.9735
  34440.00    33.4121
  34450.00    33.0200
  34460.00    32.6546
  34470.00    32.6017
  34480.00    33.3690
  34490.00    32.8335
  34500.00    33.5164
  34510.00    33.3592
  34520.00    33.3734
  34530.00    32.9235
  34540.00    32.1715
  34550.00    33.1240
  34560.00    33.1522
  34570.00    33.1007
  34580.00    32.5510
  34590.00    33.6162
  34600.00    32.7977
  34610.00    32.7727
  34620.00    32.9039
  34630.00    32.9529
  34640.00    32.4560
  34650.00    33.2607
  34660.00    33.5346
  34670.00    32.5178
  34680.00    33.3195
  34690.00    32.9705
  34700.00    32.8178
  34710.00    33.0810
  34720.00    33.2551
  34730.00    32.8263
  34740.00    33.1647
  34750.00    32.6597
  34760.00    32.9092
  34770.00    32.5912
  34780.00    33.0068
  34790.00    32.8443
  34800.00    33.0990
  34810.00    33.1886
  34820.00    33.3589
  34830.00    32.7752
  34840.00    33.0881
  34850.00    33.2778
  34860.00    32.8333
  34870.00    32.8690
  34880.00    33.2992
  34890.00    32.9937
  34900.00    33.0835
  34910.00    32.6342
  34920.00    32.9238
  34930.00    32.3333
  34940.00    32.9152
  34950.00    32.9416
  34960.00    32.7629
  34970.00    33.5391
  34980.00    33.2441
  34990.00    32.6479
  35000.00    32.8157
  35010.00    32.3839
  35020.00    32.8896
  35030.00    33.3445
  35040.00    33.0315
  35050.00    33.0564
  35060.00    32.7250
  35070.00    33.0371
  35080.00    32.8044
  35090.00    33.2703
  35100.00    33.0696
  35110.00    33.2468
  35120.00    32.9421
  35130.00    32.3316
  35140.00    32.9617
  35150.00    32.9384
  35160.00    32.6218
  35170.00    33.1501
  35180.00    32.9633
  35190.00    33.0137
  35200.00    32.8194
  35210.00    33.1682
  35220.00    32.8922
  35230.00    33.0081
  35240.00    33.1384
  35250.00    33.2241
  35260.00    32.8696
  35270.00    33.3132
  35280.00    33.0103
  35290.00    33.5122
  35300.00    33.0342
  35310.00    32.9422
  35320.00    33.3740
  35330.00    33.1831
  35340.00    33.3033
  35350.00    33.2692
  35360.00    33.1942
  35370.00    33.6377
  35380.00    32.3109
  35390.00    32.9810
  35400.00    32.8610
  35410.00    32.8967
  35420.00    32.7798
  35430.00    33.1443
  35440.00    33.1117
  35450.00    33.1582
  35460.00    32.9962
  35470.00    32.5619
  35480.00    32.7969
  35490.00    33.1496
  35500.00    33.6328
  35510.00    32.7982
  35520.00    32.7866
  35530.00    33.1770
  35540.00    32.9080
  35550.00    33.2298
  35560.00    32.6283
  35570.00    32.8421
  35580.00    33.3413
  35590.00    33.1535
  35600.00    32.9420
  35610.00    32.5616
  35620.00    32.7449
  35630.00    32.2515
  35640.00    33.2861
  35650.00    32.8220
  35660.00    32.9273
  35670.00    32.9214
  35680.00    33.1484
  35690.00    33.2344
  35700.00    33.1124
  35710.00    33.1245
  35720.00    33.1209
  35730.00    33.1394
  35740.00    33.1486
  35750.00    32.8921
  35760.00    32.8093
  35770.00    33.0938
  35780.00    32.8473
  35790.00    32.5282
  35800.00    33.0974
  35810.00    32.8485
  35820.00    33.0788
  35830.00    32.7348
  35840.00    33.6364
  35850.00    33.0046
  35860.00    32.5229
  35870.00    32.8900
  35880.00    32.7148
  35890.00    32.8219
  35900.00    33.0087
  35910.00    33.1985
  35920.00    33.1521
  35930.00    32.6939
  35940.00    32.8698
  35950.00    32.6671
  35960.00    33.2195
  35970.00    33.4666
  35980.00    33.1096
  35990.00    32.9623
  36000.00    32.4567
  36010.00    33.0863
  36020.00    33.2924
  36030.00    32.8908
  36040.00    33.4277
  36050.00    32.9987
  36060.00    33.0568
  36070.00    32.7402
  36080.00    33.4238
  36090.00    32.4182
  36100.00    33.6511
  36110.00    32.7179
  36120.00    32.9105
  36130.00    32.5512
  36140.00    33.5854
  36150.00    32.9764
  36160.00    33.1788
  36170.00    32.5425
  36180.00    32.6305
  36190.00    33.8603
  36200.00    32.7324
  36210.00    33.1975
  36220.00    33.1708
  36230.00    33.3886
  36240.00    33.5904
  36250.00    32.5222
  36260.00    32.8448
  36270.00    33.3777
  36280.00    32.9789
  36290.00    32.8996
  36300.00    32.6164
  36310.00    33.5255
  36320.00    33.3967
  36330.00    33.1547
  36340.00    32.5698
  36350.00    32.6483
  36360.00    33.1090
  36370.00    33.0266
  36380.00    32.3514
  36390.00    32.7861
  36400.00    32.9046
  36410.00    32.7385
  36420.00    32.8532
  36430.00    32.8879
  36440.00    33.3316
  36450.00    32.6532
  36460.00    32.8629
  36470.00    33.1022
  36480.00    33.1150
  36490.00    32.9826
  36500.00    33.0305
  36510.00    32.4980
  36520.00    32.3927
  36530.00    32.7494
  36540.00    33.1380
  36550.00    32.9838
  36560.00    32.7088
  36570.00    33.3735
  36580.00    33.2453
  36590.00    33.2084
  36600.00    33.4100
  36610.00    33.0935
  36620.00    32.8560
  36630.00    33.0097
  36640.00    32.8381
  36650.00    32.8698
  36660.00    32.9100
  36670.00    33.0676
  36680.00    33.2925
  36690.00    33.1638
  36700.00    32.8445
  36710.00    32.5710
  36720.00    33.1788
  36730.00    32.6632
  36740.00    32.8866
  36750.00    33.1996
  36760.00    32.6236
  36770.00    33.5200
  36780.00    33.0213
  36790.00    32.2462
  36800.00    33.4097
  36810.00    32.9144
  36820.00    32.9137
  36830.00    33.1816
  36840.00    33.0944
  36850.00    32.9532
  36860.00    32.9141
  36870.00    33.2681
  36880.00    32.7383
  36890.00    33.1134
  36900.00    33.1794
  36910.00    32.6937
  36920.00    33.0171
  36930.00    33.1908
  36940.00    33.1187
  36950.00    32.6409
  36960.00    32.8125
  36970.00    32.5223
  36980.00    32.8819
  36990.00    32.7998
  37000.00    33.4795
  37010.00    32.7496
  37020.00    33.2985
  37030.00    32.8233
  37040.00    33.0068
  37050.00    32.4198
  37060.00    33.5137
  37070.00    33.2486
  37080.00    33.3465
  37090.00    33.6971
  37100.00    32.7463
  37110.00    33.0199
  37120.00    33.1285
  37130.00    33.4220
  37140.00    32.5955
  37150.00    33.0511
  37160.00    33.0942
  37170.00    33.2352
  37180.00    32.9749
  37190.00    33.4374
  37200.00    33.1370
  37210.00    32.6000
  37220.00    32.9633
  37230.00    33.0151
  37240.00    32.8371
  37250.00    33.4888
  37260.00    32.8451
  37270.00    33.4773
  37280.00    32.8529
  37290.00    32.9204
  37300.00    33.0588
  37310.00    32.6598
  37320.00    32.6317
  37330.00    33.0214
  37340.00    33.0454
  37350.00    32.9589
  37360.00    32.9695
  37370.00    33.0321
  37380.00    32.7831
  37390.00    33.2038
  37400.00    32.8671
  37410.00    32.9872
  37420.00    32.8528
  37430.00    32.9900
  37440.00    32.4201
  37450.00    33.2846
  37460.00    32.7211
  37470.00    33.7113
  37480.00    32.7079
  37490.00    32.5938
  37500.00    32.7316
  37510.00    32.4820
  37520.00    32.6646
  37530.00    32.4012
  37540.00    32.9593
  37550.00    32.8521
  37560.00    32.9490
  37570.00    33.0868
  37580.00    33.0355
  37590.00    33.0636
  37600.00    32.8953
  37610.00    33.2867
  37620.00    32.5312
  37630.00    33.1792
  37640.00    33.1306
  37650.00    33.2004
  37660.00    33.0382
  37670.00    33.2538
  37680.00    32.5512
  37690.00    33.2179
  37700.00    33.1532
  37710.00    33.1910
  37720.00    33.1019
  37730.00    33.0780
  37740.00    32.8945
  37750.00    33.0634
  37760.00    33.1893
  37770.00    32.7477
  37780.00    33.3731
  37790.00    33.0661
  37800.00    32.5770
  37810.00    32.7639
  37820.00    33.2073
  37830.00    32.8474
  37840.00    33.5667
  37850.00    33.5800
  37860.00    32.6079
  37870.00    32.9562
  37880.00    33.0458
  37890.00    32.8240
  37900.00    32.8364
  37910.00    33.3736
  37920.00    33.2671
  37930.00    33.3384
  37940.00    33.2857
  37950.00    32.7553
  37960.00    32.7560
  37970.00    32.9359
  37980.00    32.8012
  37990.00    32.9410
  38000.00    33.0620
  38010.00    32.6549
  38020.00    33.2668
  38030.00    32.9942
  38040.00    33.3126
  38050.00    33.4348
  38060.00    33.1503
  38070.00    33.3070
  38080.00    32.8318
  38090.00    32.6292
  38100.00    32.7038
  38110.00    32.5756
  38120.00    33.4473
  38130.00    33.2738
  38140.00    32.5742
  38150.00    32.9673
  38160.00    32.9264
  38170.00    32.7895
  38180.00    32.9320
  38190.00    33.5432
  38200.00    32.7715
  38210.00    33.0584
  38220.00    33.0422
  38230.00    33.4284
  38240.00    33.0675
  38250.00    32.7732
  38260.00    33.4537
  38270.00    33.1431
  38280.00    32.7517
  38290.00    32.9341
  38300.00    33.0122
  38310.00    32.4762
  38320.00    32.8676
  38330.00    32.9571
  38340.00    33.2877
  38350.00    33.1851
  38360.00    33.2734
  38370.00    33.0983
  38380.00    32.8599
  38390.00    32.8826
  38400.00    33.2079
  38410.00    32.6403
  38420.00    32.5370
  38430.00    32.8356
  38440.00    32.6798
  38450.00    32.6194
  38460.00    32.7917
  38470.00    32.8823
  38480.00    32.8381
  38490.00    33.2131
  38500.00    33.4263
  38510.00    32.8994
  38520.00    32.9729
  38530.00    33.0758
  38540.00    32.9788
  38550.00    32.5725
  38560.00    32.8950
  38570.00    32.6123
  38580.00    32.8540
  38590.00    33.0348
  38600.00    32.5239
  38610.00    33.2482
  38620.00    33.1630
  38630.00    32.9398
  38640.00    33.1738
  38650.00    33.5470
  38660.00    32.8105
  38670.00    33.0846
  38680.00    32.9930
  38690.00    32.5696
  38700.00    33.2410
  38710.00    32.9226
  38720.00    32.8255
  38730.00    33.0828
  38740.00    32.4725
  38750.00    32.9291
  38760.00    32.8590
  38770.00    33.1299
  38780.00    32.8815
  38790.00    32.5871
  38800.00    33.4301
  38810.00    32.8546
  38820.00    32.3042
  38830.00    32.7898
  38840.00    32.9868
  38850.00    33.1977
  38860.00    33.2396
  38870.00    32.8498
  38880.00    33.3630
  38890.00    32.6244
  38900.00    32.2570
  38910.00    32.6242
  38920.00    32.9660
  38930.00    32.3846
  38940.00    32.9478
  38950.00    32.7987
  38960.00    32.7696
  38970.00    32.5827
  38980.00    33.0122
  38990.00    33.0892
  39000.00    32.8891
  39010.00    32.8497
  39020.00    33.2823
  39030.00    32.8263
  39040.00    33.4113
  39050.00    33.4275
  39060.00    33.4397
  39070.00    32.8408
  39080.00    32.8868
  39090.00    32.4691
  39100.00    32.7786
  39110.00    32.5478
  39120.00    33.1762
  39130.00    32.7027
  39140.00    32.9847
  39150.00    33.1413
  39160.00    33.1807
  39170.00    33.0534
  39180.00    33.3623
  39190.00    32.9138
  39200.00    32.9786
  39210.00    33.4046
  39220.00    32.4249
  39230.00    33.1475
  39240.00    32.8299
  39250.00    32.7451
  39260.00    33.4194
  39270.00    32.6688
  39280.00    32.7661
  39290.00    33.7958
  39300.00    33.0651
  39310.00    33.2226
  39320.00    32.8560
  39330.00    32.8648
  39340.00    32.8078
  39350.00    33.4901
  39360.00    32.8248
  39370.00    33.1082
  39380.00    33.3265
  39390.00    33.6547
  39400.00    33.0624
  39410.00    32.6004
  39420.00    32.9159
  39430.00    33.2522
  39440.00    33.0382
  39450.00    33.4866
  39460.00    33.1815
  39470.00    33.1151
  39480.00    33.2145
  39490.00    33.3146
  39500.00    33.0518
  39510.00    32.8742
  39520.00    32.7617
  39530.00    33.1716
  39540.00    32.8968
  39550.00    32.9656
  39560.00    33.2862
  39570.00    32.8576
  39580.00    33.3214
  39590.00    32.8216
  39600.00    32.9881
  39610.00    33.1176
  39620.00    32.9803
  39630.00    32.5922
  39640.00    33.0097
  39650.00    32.6261
  39660.00    33.1753
  39670.00    32.7171
  39680.00    32.8652
  39690.00    32.4422
  39700.00    33.2781
  39710.00    33.1041
  39720.00    33.1550
  39730.00    32.9438
  39740.00    33.1990
  39750.00    33.3032
  39760.00    32.9340
  39770.00    32.8460
  39780.00    33.0945
  39790.00    33.2248
  39800.00    32.9885
  39810.00    33.3771
  39820.00    32.6633
  39830.00    32.9828
  39840.00    32.8269
  39850.00    33.4845
  39860.00    33.0222
  39870.00    33.4328
  39880.00    33.1340
  39890.00    33.0210
  39900.00    33.1666
  39910.00    32.3725
  39920.00    33.4829
  39930.00    33.3408
  39940.00    33.0956
  39950.00    32.8947
  39960.00    33.3188
  39970.00    33.1536
  39980.00    33.1803
  39990.00    32.8692
  40000.00    32.5535
  40010.00    32.9775
  40020.00    32.6197
  40030.00    32.8903
  40040.00    32.7237
  40050.00    33.7354
  40060.00    33.1927
  40070.00    32.7945
  40080.00    33.1322
  40090.00    32.4690
  40100.00    33.4634
  40110.00    32.6251
  40120.00    32.9697
  40130.00    33.0217
  40140.00    33.5088
  40150.00    32.6360
  40160.00    32.7012
  40170.00    33.3008
  40180.00    32.7286
  40190.00    33.0852
  40200.00    32.9787
  40210.00    33.0303
  40220.00    32.8145
  40230.00    33.1935
  40240.00    33.1400
  40250.00    33.1502
  40260.00    32.2629
  40270.00    33.8448
  40280.00    32.5973
  40290.00    32.4445
  40300.00    33.1544
  40310.00    33.3072
  40320.00    32.4388
  40330.00    32.5572
  40340.00    33.0097
  40350.00    33.2810
  40360.00    32.7058
  40370.00    33.0532
  40380.00    32.4978
  40390.00    33.1140
  40400.00    33.2066
  40410.00    32.8200
  40420.00    32.6475
  40430.00    33.1778
  40440.00    33.5643
  40450.00    33.3232
  40460.00    32.7513
  40470.00    33.1023
  40480.00    33.0530
  40490.00    33.0200
  40500.00    32.8493
  40510.00    33.2206
  40520.00    33.7211
  40530.00    32.7225
  40540.00    33.5431
  40550.00    32.8473
  40560.00    33.3202
  40570.00    33.0873
  40580.00    33.1552
  40590.00    32.9882
  40600.00    33.0554
  40610.00    33.2664
  40620.00    33.1420
  40630.00    33.2549
  40640.00    33.1349
  40650.00    32.5453
  40660.00    33.2383
  40670.00    32.6881
  40680.00    32.9212
  40690.00    33.0879
  40700.00    33.1577
  40710.00    32.9467
  40720.00    32.9286
  40730.00    32.8383
  40740.00    33.1379
  40750.00    33.1000
  40760.00    32.9247
  40770.00    33.2819
  40780.00    32.4841
  40790.00    32.8823
  40800.00    33.1109
  40810.00    33.0734
  40820.00    33.1136
  40830.00    32.6522
  40840.00    33.2426
  40850.00    33.1810
  40860.00    32.5959
  40870.00    32.9776
  40880.00    33.0317
  40890.00    32.4954
  40900.00    32.7065
  40910.00    32.9102
  40920.00    32.8640
  40930.00    33.0619
  40940.00    32.9879
  40950.00    32.6695
  40960.00    32.8443
  40970.00    33.2132
  40980.00    32.5207
  40990.00    32.7740
  41000.00    32.8860
  41010.00    33.7964
  41020.00    33.0332
  41030.00    32.9275
  41040.00    33.2667
  41050.00    33.0975
  41060.00    33.4728
  41070.00    33.2293
  41080.00    33.5274
  41090.00    32.2877
  41100.00    33.6409
  41110.00    33.1711
  41120.00    32.5996
  41130.00    33.1184
  41140.00    32.9411
  41150.00    32.7120
  41160.00    33.1681
  41170.00    32.8594
  41180.00    32.8134
  41190.00    33.0190
  41200.00    33.1876
  41210.00    33.3644
  41220.00    33.2080
  41230.00    33.3208
  41240.00    32.9947
  41250.00    33.3889
  41260.00    33.7884
  41270.00    33.1158
  41280.00    33.0108
  41290.00    32.9728
  41300.00    33.1941
  41310.00    32.7381
  41320.00    32.3487
  41330.00    32.7703
  41340.00    33.0858
  41350.00    33.5730
  41360.00    33.1339
  41370.00    32.7726
  41380.00    32.9024
  41390.00    33.3202
  41400.00    33.2212
  41410.00    33.0463
  41420.00    32.7190
  41430.00    33.6238
  41440.00    33.1389
  41450.00    33.4688
  41460.00    32.4066
  41470.00    32.9372
  41480.00    33.0525
  41490.00    32.9890
  41500.00    33.7399
  41510.00    33.2113
  41520.00    32.5440
  41530.00    32.9668
  41540.00    32.7665
  41550.00    33.1145
  41560.00    33.5348
  41570.00    32.9967
  41580.00    33.0969
  41590.00    32.6553
  41600.00    33.6352
  41610.00    32.8880
  41620.00    32.6855
  41630.00    33.0104
  41640.00    32.6706
  41650.00    33.0596
  41660.00    32.6314
  41670.00    32.8939
  41680.00    32.8740
  41690.00    33.1817
  41700.00    33.0733
  41710.00    32.9259
  41720.00    32.6198
  41730.00    33.1692
  41740.00    32.9673
  41750.00    33.1935
  41760.00    33.0168
  41770.00    32.4718
  41780.00    33.4024
  41790.00    32.7062
  41800.00    33.2459
  41810.00    32.8572
  41820.00    32.8801
  41830.00    32.8016
  41840.00    32.9192
  41850.00    33.2805
  41860.00    33.1522
  41870.00    33.4903
  41880.00    33.0638
  41890.00    33.0994
  41900.00    32.8403
  41910.00    33.2126
  41920.00    32.7312
  41930.00    33.0048
  41940.00    32.9134
  41950.00    32.9255
  41960.00    33.2135
  41970.00    33.0129
  41980.00    32.8345
  41990.00    33.2349
  42000.00    33.6999
  42010.00    33.2733
  42020.00    32.6032
  42030.00    33.1983
  42040.00    33.1024
  42050.00    32.9156
  42060.00    33.0949
  42070.00    33.5401
  42080.00    33.1001
  42090.00    33.2404
  42100.00    32.9026
  42110.00    33.2931
  42120.00    33.2208
  42130.00    33.1692
  42140.00    33.5048
  42150.00    33.1429
  42160.00    32.9962
  42170.00    32.9430
  42180.00    33.0184
  42190.00    33.1501
  42200.00    32.9727
  42210.00    33.2636
  42220.00    33.4252
  42230.00    33.1312
  42240.00    32.8414
  42250.00    33.4175
  42260.00    33.0515
  42270.00    33.2125
  42280.00    32.5838
  42290.00    33.1725
  42300.00    32.7094
  42310.00    32.9276
  42320.00    33.0235
  42330.00    32.8649
  42340.00    32.4446
  42350.00    32.6550
  42360.00    33.1414
  42370.00    33.2711
  42380.00    32.9285
  42390.00    32.6457
  42400.00    32.9291
  42410.00    32.7545
  42420.00    32.5411
  42430.00    33.4120
  42440.00    32.9797
  42450.00    33.0538
  42460.00    32.7178
  42470.00    32.5071
  42480.00    33.2512
  42490.00    33.2738
  42500.00    33.4205
  42510.00    33.5493
  42520.00    33.0571
  42530.00    32.7137
  42540.00    33.7619
  42550.00    32.8411
  42560.00    32.7085
  42570.00    33.7236
  42580.00    32.5458
  42590.00    33.0824
  42600.00    33.1323
  42610.00    33.0681
  42620.00    32.8560
  42630.00    32.8043
  42640.00    33.1452
  42650.00    33.4362
  42660.00    33.0358
  42670.00    33.4337
  42680.00    32.7170
  42690.00    32.4988
  42700.00    33.0879
  42710.00    33.3208
  42720.00    32.5899
  42730.00    32.6449
  42740.00    33.2858
  42750.00    33.1544
  42760.00    32.7438
  42770.00    33.1962
  42780.00    32.7541
  42790.00    32.7684
  42800.00    33.5319
  42810.00    33.1027
  42820.00    33.2616
  42830.00    32.7214
  42840.00    32.9771
  42850.00    33.2001
  42860.00    32.8456
  42870.00    33.0020
  42880.00    33.2206
  42890.00    32.8860
  42900.00    33.3749
  42910.00    33.5461
  42920.00    33.1237
  42930.00    32.7545
  42940.00    32.5207
  42950.00    33.2506
  42960.00    32.7808
  42970.00    32.7731
  42980.00    32.7181
  42990.00    33.0929
  43000.00    33.4145
  43010.00    32.5101
  43020.00    33.0542
  43030.00    32.9408
  43040.00    32.5769
  43050.00    32.7828
  43060.00    32.9514
  43070.00    33.1104
  43080.00    32.5999
  43090.00    32.8956
  43100.00    33.0027
  43110.00    33.0942
  43120.00    32.5593
  43130.00    32.8895
  43140.00    32.9294
  43150.00    33.1881
  43160.00    32.8093
  43170.00    32.6858
  43180.00    33.1169
  43190.00    33.0489
  43200.00    33.0162
  43210.00    33.0498
  43220.00    32.9768
  43230.00    32.1115
  43240.00    33.4536
  43250.00    33.1955
  43260.00    32.8604
  43270.00    32.6772
  43280.00    33.0491
  43290.00    33.0176
  43300.00    33.7363
  43310.00    32.8806
  43320.00    32.5743
  43330.00    33.0089
  43340.00    32.9832
  43350.00    32.9315
  43360.00    32.9684
  43370.00    32.8725
  43380.00    32.7323
  43390.00    33.2538
  43400.00    32.8468
  43410.00    32.9504
  43420.00    33.1347
  43430.00    32.9978
  43440.00    33.0035
  43450.00    33.4428
  43460.00    32.9753
  43470.00    32.9239
  43480.00    33.1867
  43490.00    33.1031
  43500.00    33.0176
  43510.00    32.6759
  43520.00    33.2456
  43530.00    32.9847
  43540.00    32.9640
  43550.00    32.8586
  43560.00    32.9317
  43570.00    32.6494
  43580.00    33.0676
  43590.00    32.3652
  43600.00    32.7273
  43610.00    33.2219
  43620.00    32.7657
  43630.00    32.9780
  43640.00    33.3265
  43650.00    32.7667
  43660.00    33.1738
  43670.00    33.0116
  43680.00    33.1223
  43690.00    33.0813
  43700.00    32.7959
  43710.00    33.1436
  43720.00    32.8306
  43730.00    33.0564
  43740.00    32.9482
  43750.00    33.1406
  43760.00    33.3302
  43770.00    33.0770
  43780.00    33.0464
  43790.00    32.9393
  43800.00    33.3155
  43810.00    32.7329
  43820.00    33.0667
  43830.00    33.1546
  43840.00    32.6228
  43850.00    33.0905
  43860.00    33.3107
  43870.00    32.9849
  43880.00    33.1388
  43890.00    32.9438
  43900.00    33.0694
  43910.00    32.8010
  43920.00    32.6231
  43930.00    32.6486
  43940.00    32.8176
  43950.00    33.6784
  43960.00    32.7921
  43970.00    33.1733
  43980.00    32.8022
  43990.00    33.3080
  44000.00    33.6579
  44010.00    32.5031
  44020.00    32.8095
  44030.00    32.9818
  44040.00    32.8946
  44050.00    33.1638
  44060.00    33.0310
  44070.00    32.9698
  44080.00    33.2532
  44090.00    32.8600
  44100.00    32.8544
  44110.00    32.6784
  44120.00    33.0636
  44130.00    32.9999
  44140.00    32.9099
  44150.00    33.3604
  44160.00    33.4294
  44170.00    32.6744
  44180.00    32.7548
  44190.00    32.7159
  44200.00    32.8448
  44210.00    33.0939
  44220.00    33.1147
  44230.00    33.0114
  44240.00    32.8936
  44250.00    33.1016
  44260.00    33.1003
  44270.00    32.8861
  44280.00    32.9845
  44290.00    33.0643
  44300.00    33.0694
  44310.00    33.0174
  44320.00    33.2889
  44330.00    32.9628
  44340.00    33.0427
  44350.00    33.6046
  44360.00    32.6800
  44370.00    32.7297
  44380.00    33.0786
  44390.00    32.9218
  44400.00    32.8563
  44410.00    33.1644
  44420.00    33.0881
  44430.00    32.7302
  44440.00    33.0527
  44450.00    32.9635
  44460.00    33.2545
  44470.00    32.9006
  44480.00    32.9713
  44490.00    33.0568
  44500.00    33.4353
  44510.00    32.4891
  44520.00    32.9479
  44530.00    33.1513
  44540.00    32.5495
  44550.00    32.4995
  44560.00    32.9695
  44570.00    33.5432
  44580.00    33.1608
  44590.00    32.9311
  44600.00    32.9021
  44610.00    33.2300
  44620.00    33.3978
  44630.00    33.0510
  44640.00    32.8667
  44650.00    33.3616
  44660.00    32.7389
  44670.00    32.8867
  44680.00    33.0650
  44690.00    33.0608
  44700.00    33.0569
  44710.00    32.8237
  44720.00    33.1617
  44730.00    32.7562
  44740.00    32.6161
  44750.00    32.7024
  44760.00    32.7652
  44770.00    33.5246
  44780.00    32.8810
  44790.00    33.1523
  44800.00    32.7728
  44810.00    33.0268
  44820.00    32.8103
  44830.00    33.0170
  44840.00    33.0696
  44850.00    32.4934
  44860.00    33.2002
  44870.00    32.8343
  44880.00    32.8522
  44890.00    32.6710
  44900.00    32.1060
  44910.00    33.0753
  44920.00    33.0667
  44930.00    33.0797
  44940.00    32.4120
  44950.00    33.0896
  44960.00    33.0323
  44970.00    32.9176
  44980.00    33.1648
  44990.00    33.5913
  45000.00    32.5586
  45010.00    33.0717
  45020.00    33.2799
  45030.00    32.9195
  45040.00    32.6590
  45050.00    32.9956
  45060.00    32.7788
  45070.00    33.0233
  45080.00    33.1787
  45090.00    32.3339
  45100.00    33.0254
  45110.00    32.9580
  45120.00    33.0343
  45130.00    33.1203
  45140.00    32.3704
  45150.00    32.8907
  45160.00    33.2939
  45170.00    33.5030
  45180.00    32.7814
  45190.00    32.4871
  45200.00    32.8020
  45210.00    33.5360
  45220.00    33.2709
  45230.00    33.3282
  45240.00    32.9379
  45250.00    32.7443
  45260.00    33.4455
  45270.00    33.1450
  45280.00    33.1654
  45290.00    32.9282
  45300.00    32.9954
  45310.00    32.9398
  45320.00    32.7967
  45330.00    33.0398
  45340.00    32.5982
  45350.00    32.9055
  45360.00    33.5102
  45370.00    32.9735
  45380.00    33.0152
  45390.00    33.3455
  45400.00    33.0271
  45410.00    32.8061
  45420.00    32.9057
  45430.00    32.5985
  45440.00    33.0211
  45450.00    33.1524
  45460.00    32.7993
  45470.00    32.6181
  45480.00    33.1213
  45490.00    32.9313
  45500.00    32.8848
  45510.00    32.8586
  45520.00    33.1915
  45530.00    32.9184
  45540.00    32.9220
  45550.00    33.0088
  45560.00    33.2575
  45570.00    33.0383
  45580.00    32.4342
  45590.00    32.5542
  45600.00    33.0727
  45610.00    33.0476
  45620.00    32.4355
  45630.00    33.0087
  45640.00    32.8025
  45650.00    33.2854
  45660.00    33.0727
  45670.00    32.9842
  45680.00    33.3196
  45690.00    32.5554
  45700.00    32.7922
  45710.00    32.7531
  45720.00    33.0501
  45730.00    33.1294
  45740.00    32.5699
  45750.00    33.0413
  45760.00    32.7744
  45770.00    32.9569
  45780.00    33.1999
  45790.00    33.3775
  45800.00    33.2903
  45810.00    33.2735
  45820.00    32.5984
  45830.00    33.1822
  45840.00    33.4026
  45850.00    32.8346
  45860.00    32.8387
  45870.00    32.9005
  45880.00    32.7245
  45890.00    33.4338
  45900.00    33.1712
  45910.00    33.0419
  45920.00    32.8483
  45930.00    33.2839
  45940.00    32.8285
  45950.00    32.6653
  45960.00    32.6015
  45970.00    33.1093
  45980.00    32.3706
  45990.00    33.2865
  46000.00    33.0608
  46010.00    32.7840
  46020.00    33.3169
  46030.00    32.4287
  46040.00    32.8134
  46050.00    33.1668
  46060.00    33.1249
  46070.00    33.3052
  46080.00    33.1182
  46090.00    32.7680
  46100.00    32.9549
  46110.00    32.9634
  46120.00    33.1201
  46130.00    33.4488
  46140.00    33.2404
  46150.00    32.9199
  46160.00    33.4728
  46170.00    32.7062
  46180.00    32.9797
  46190.00    33.0373
  46200.00    33.0855
  46210.00    33.1144
  46220.00    33.1824
  46230.00    32.7255
  46240.00    32.6620
  46250.00    33.2917
  46260.00    32.8436
  46270.00    33.1058
  46280.00    33.2521
  46290.00    32.0906
  46300.00    32.4741
  46310.00    33.4326
  46320.00    33.2191
  46330.00    33.2062
  46340.00    32.4145
  46350.00    32.9016
  46360.00    32.4163
  46370.00    32.5778
  46380.00    32.5813
  46390.00    33.1613
  46400.00    32.8613
  46410.00    33.0242
  46420.00    32.6822
  46430.00    32.9338
  46440.00    32.4822
  46450.00    33.2167
  46460.00    33.1198
  46470.00    32.5929
  46480.00    33.2364
  46490.00    33.0696
  46500.00    33.7916
  46510.00    33.2084
  46520.00    33.0464
  46530.00    33.1050
  46540.00    33.0711
  46550.00    33.2162
  46560.00    32.9427
  46570.00    33.5164
  46580.00    32.8977
  46590.00    33.0657
  46600.00    32.9927
  46610.00    33.4446
  46620.00    32.9918
  46630.00    32.5883
  46640.00    32.9245
  46650.00    33.1995
  46660.00    33.3712
  46670.00    33.4313
  46680.00    32.2896
  46690.00    33.0732
  46700.00    33.1213
  46710.00    33.0932
  46720.00    33.2190
  46730.00    32.8674
  46740.00    32.9834
  46750.00    33.4115
  46760.00    33.5153
  46770.00    33.2916
  46780.00    33.3070
  46790.00    32.9857
  46800.00    33.4722
  46810.00    33.5833
  46820.00    32.6475
  46830.00    32.3362
  46840.00    33.0733
  46850.00    33.5075
  46860.00    32.8486
  46870.00    32.9550
  46880.00    33.3045
  46890.00    32.8058
  46900.00    33.1912
  46910.00    33.0355
  46920.00    33.1802
  46930.00    33.2787
  46940.00    33.4011
  46950.00    33.0199
  46960.00    33.0748
  46970.00    33.1477
  46980.00    33.0470
  46990.00    33.0926
  47000.00    33.0662
  47010.00    33.0034
  47020.00    32.5984
  47030.00    33.1086
  47040.00    32.4892
  47050.00    33.4883
  47060.00    32.8010
  47070.00    32.8337
  47080.00    33.1883
  47090.00    33.0532
  47100.00    32.9394
  47110.00    32.6787
  47120.00    32.9208
  47130.00    33.1215
  47140.00    33.0417
  47150.00    33.1404
  47160.00    32.8241
  47170.00    33.0958
  47180.00    33.2927
  47190.00    33.3938
  47200.00    32.9841
  47210.00    32.8119
  47220.00    33.0836
  47230.00    32.6729
  47240.00    32.8721
  47250.00    32.7007
  47260.00    32.7773
  47270.00    33.3547
  47280.00    32.9598
  47290.00    32.8343
  47300.00    33.5990
  47310.00    32.6164
  47320.00    33.4244
  47330.00    32.5253
  47340.00    32.4975
  47350.00    33.1971
  47360.00    33.2036
  47370.00    33.3434
  47380.00    33.0601
  47390.00    32.5523
  47400.00    33.1494
  47410.00    32.9804
  47420.00    33.2347
  47430.00    32.0245
  47440.00    32.7090
  47450.00    32.8192
  47460.00    33.0417
  47470.00    33.2366
  47480.00    33.0636
  47490.00    33.0892
  47500.00    33.3334
  47510.00    33.4572
  47520.00    33.1161
  47530.00    33.2683
  47540.00    32.8385
  47550.00    33.0709
  47560.00    32.8368
  47570.00    33.1193
  47580.00    32.9477
  47590.00    32.9481
  47600.00    33.1013
  47610.00    33.3948
  47620.00    32.7587
  47630.00    33.3550
  47640.00    32.9523
  47650.00    32.6123
  47660.00    33.1604
  47670.00    33.0543
  47680.00    33.1002
  47690.00    32.9604
  47700.00    32.7857
  47710.00    32.5245
  47720.00    33.0277
  47730.00    32.5712
  47740.00    32.8863
  47750.00    33.5101
  47760.00    33.0158
  47770.00    32.8888
  47780.00    33.2711
  47790.00    32.8941
  47800.00    32.9406
  47810.00    33.0781
  47820.00    32.8565
  47830.00    32.9004
  47840.00    33.0977
  47850.00    33.0525
  47860.00    33.1631
  47870.00    33.0093
  47880.00    32.8645
  47890.00    32.9392
  47900.00    33.2985
  47910.00    33.1385
  47920.00    33.2254
  47930.00    32.8941
  47940.00    32.9781
  47950.00    32.5214
  47960.00    33.2321
  47970.00    33.1372
  47980.00    32.6403
  47990.00    32.7955
  48000.00    32.5035
  48010.00    33.1074
  48020.00    32.6696
  48030.00    32.8518
  48040.00    33.1251
  48050.00    33.1122
  48060.00    32.4564
  48070.00    32.9763
  48080.00    33.0848
  48090.00    32.7259
  48100.00    33.2406
  48110.00    33.4260
  48120.00    32.8370
  48130.00    32.3081
  48140.00    32.7935
  48150.00    32.9173
  48160.00    33.4042
  48170.00    33.0683
  48180.00    32.8447
  48190.00    33.2033
  48200.00    32.5283
  48210.00    32.6944
  48220.00    33.2190
  48230.00    32.7944
  48240.00    33.3659
  48250.00    33.0612
  48260.00    33.5799
  48270.00    32.8597
  48280.00    32.9476
  48290.00    33.0395
  48300.00    33.0840
  48310.00    32.8031
  48320.00    33.4194
  48330.00    33.5310
  48340.00    33.4583
  48350.00    33.3003
  48360.00    33.1937
  48370.00    33.5284
  48380.00    33.1700
  48390.00    32.5756
  48400.00    32.7018
  48410.00    33.2063
  48420.00    32.7573
  48430.00    33.2748
  48440.00    33.1484
  48450.00    33.1920
  48460.00    33.2624
  48470.00    33.0961
  48480.00    33.1233
  48490.00    32.9231
  48500.00    32.3320
  48510.00    33.6893
  48520.00    32.9457
  48530.00    33.5723
  48540.00    33.6524
  48550.00    32.9336
  48560.00    32.9097
  48570.00    33.4626
  48580.00    32.9255
  48590.00    33.1094
  48600.00    32.7779
  48610.00    33.6840
  48620.00    33.2089
  48630.00    33.3604
  48640.00    32.9928
  48650.00    33.2365
  48660.00    32.9658
  48670.00    32.8168
  48680.00    33.4443
  48690.00    32.9637
  48700.00    32.8512
  48710.00    32.7151
  48720.00    33.3695
  48730.00    32.7843
  48740.00    33.4404
  48750.00    33.1443
  48760.00    32.9962
  48770.00    32.5548
  48780.00    32.9538
  48790.00    33.1262
  48800.00    32.8767
  48810.00    32.3686
  48820.00    32.9512
  48830.00    33.2939
  48840.00    32.8054
  48850.00    33.0071
  48860.00    32.9946
  48870.00    32.4309
  48880.00    33.1118
  48890.00    32.5643
  48900.00    33.2267
  48910.00    33.2492
  48920.00    32.8583
  48930.00    32.8151
  48940.00    32.7898
  48950.00    32.4900
  48960.00    33.5455
  48970.00    32.6156
  48980.00    32.7495
  48990.00    33.1650
  49000.00    32.9550
  49010.00    32.8105
  49020.00    33.0858
  49030.00    33.0065
  49040.00    33.0723
  49050.00    32.5631
  49060.00    33.1909
  49070.00    32.9914
  49080.00    33.5669
  49090.00    33.4522
  49100.00    32.6951
  49110.00    32.8706
  49120.00    32.6955
  49130.00    32.2506
  49140.00    32.6877
  49150.00    32.6600
  49160.00    33.1792
  49170.00    32.9684
  49180.00    33.0914
  49190.00    32.6064
  49200.00    33.0580
  49210.00    33.2390
  49220.00    33.0111
  49230.00    32.9246
  49240.00    32.9186
  49250.00    32.7057
  49260.00    33.2756
  49270.00    32.9936
  49280.00    33.1936
  49290.00    32.9767
  49300.00    33.4349
  49310.00    33.0099
  49320.00    32.6641
  49330.00    33.1983
  49340.00    33.3366
  49350.00    33.1923
  49360.00    33.5151
  49370.00    33.5120
  49380.00    33.0481
  49390.00    32.7916
  49400.00    33.0926
  49410.00    33.3976
  49420.00    33.1955
  49430.00    32.9997
  49440.00    33.6213
  49450.00    33.0888
  49460.00    32.9283
  49470.00    32.8544
  49480.00    33.1309
  49490.00    32.7017
  49500.00    32.8214
  49510.00    33.3846
  49520.00    32.4031
  49530.00    33.4220
  49540.00    32.7677
  49550.00    32.8124
  49560.00    32.1747
  49570.00    32.7749
  49580.00    33.1266
  49590.00    32.5083
  49600.00    33.1265
  49610.00    32.7199
  49620.00    33.4020
  49630.00    32.8344
  49640.00    33.2918
  49650.00    33.3374
  49660.00    33.1082
  49670.00    32.8572
  49680.00    32.6214
  49690.00    33.3002
  49700.00    33.0371
  49710.00    33.2339
  49720.00    32.8166
  49730.00    32.9127
  49740.00    32.5800
  49750.00    32.7803
  49760.00    33.1467
  49770.00    32.5762
  49780.00    33.2147
  49790.00    33.2191
  49800.00    32.7210
  49810.00    33.0059
  49820.00    32.8166
  49830.00    33.1811
  49840.00    32.7342
  49850.00    32.8245
  49860.00    33.0489
  49870.00    32.9661
  49880.00    32.9524
  49890.00    32.8124
  49900.00    33.0306
  49910.00    33.0309
  49920.00    32.9572
  49930.00    32.8256
  49940.00    32.8381
  49950.00    33.5606
  49960.00    32.6849
  49970.00    33.1139
  49980.00    33.1765
  49990.00    33.1063
  50000.00    33.0680
