     10.00   -27.5405
     20.00   -28.1031
     30.00   -28.5875
     40.00   -27.8932
     50.00   -27.8022
     60.00   -28.3827
     70.00   -27.9637
     80.00   -27.6070
     90.00   -27.9036
    100.00   -27.6638
    110.00   -28.6044
    120.00   -28.2108
    130.00   -28.1542
    140.00   -28.6222
    150.00   -27.1794
    160.00   -27.8444
    170.00   -27.9396
    180.00   -28.1530
    190.00   -27.8193
    200.00   -27.5785
    210.00   -28.3528
    220.00   -28.0329
    230.00   -28.0244
    240.00   -27.4371
    250.00   -28.1123
    260.00   -28.0121
    270.00   -27.7687
    280.00   -27.9902
    290.00   -28.2069
    300.00   -28.2233
    310.00   -28.2430
    320.00   -27.9807
    330.00   -28.2018
    340.00   -28.0292
    350.00   -27.7086
    360.00   -27.9279
    370.00   -28.0854
    380.00   -27.6358
    390.00   -27.5503
    400.00   -28.1893
    410.00   -28.5757
    420.00   -28.4294
    430.00   -28.1829
    440.00   -27.6811
    450.00   -27.9792
    460.00   -27.9692
    470.00   -27.4588
    480.00   -27.6032
    490.00   -27.9875
    500.00   -27.7635
    510.00   -27.8133
    520.00   -28.4353
    530.00   -28.3180
    540.00   -28.0503
    550.00   -28.3118
    560.00   -28.0315
    570.00   -27.8984
    580.00   -27.5830
    590.00   -27.5397
    600.00   -27.4846
    610.00   -28.0966
    620.00   -28.0965
    630.00   -28.0411
    640.00   -27.9046
    650.00   -27.2339
    660.00   -28.0536
    670.00   -28.4946
    680.00   -27.5565
    690.00   -28.3137
    700.00   -27.8075
    710.00   -28.6132
    720.00   -28.0185
    730.00   -27.7353
    740.00   -27.5994
    750.00   -28.2758
    760.00   -28.4049
    770.00   -28.4153
    780.00   -27.9901
    790.00   -27.4452
    800.00   -27.9999
    810.00   -28.4632
    820.00   -27.9047
    830.00   -27.8825
    840.00   -27.9286
    850.00   -28.2597
    860.00   -28.0929
    870.00   -27.9068
    880.00   -27.3274
    890.00   -28.0070
    900.00   -27.6094
    910.00   -28.0805
    920.00   -27.6433
    930.00   -28.0897
    940.00   -28.0270
    950.00   -28.4050
    960.00   -28.1903
    970.00   -28.0698
    980.00   -28.1513
    990.00   -28.1286
   1000.00   -28.0251
   1010.00   -27.5652
   1020.00   -27.6381
   1030.00   -27.5220
   1040.00   -28.3552
   1050.00   -28.0367
   1060.00   -28.3070
   1070.00   -28.2979
   1080.00   -27.9987
   1090.00   -27.8976
   1100.00   -27.9569
   1110.00   -28.0531
   1120.00   -28.2477
   1130.00   -27.9995
   1140.00   -28.0323
   1150.00   -27.7318
   1160.00   -28.0064
   1170.00   -28.1541
   1180.00   -27.7002
   1190.00   -28.2681
   1200.00   -28.0565
   1210.00   -27.9364
   1220.00   -27.8175
   1230.00   -28.1057
   1240.00   -28.2706
   1250.00   -27.9411
   1260.00   -28.4160
   1270.00   -27.8902
   1280.00   -27.6483
   1290.00   -27.6192
   1300.00   -28.0969
   1310.00   -27.8953
   1320.00   -27.8593
   1330.00   -28.2542
   1340.00   -28.0433
   1350.00   -27.7350
   1360.00   -27.5569
   1370.00   -27.9662
   1380.00   -27.9656
   1390.00   -28.1635
   1400.00   -27.6828
   1410.00   -28.5648
   1420.00   -28.0544
   1430.00   -27.8887
   1440.00   -28.2837
   1450.00   -27.8326
   1460.00   -27.9998
   1470.00   -27.7282
   1480.00   -28.1808
   1490.00   -28.3590
   1500.00   -28.3119
   1510.00   -27.9114
   1520.00   -28.4429
   1530.00   -27.9203
   1540.00   -27.9772
   1550.00   -27.9036
   1560.00   -28.0612
   1570.00   -27.7704
   1580.00   -28.0110
   1590.00   -27.8256
   1600.00   -28.0575
   1610.00   -27.9710
   1620.00   -28.0638
   1630.00   -27.5191
   1640.00   -27.9716
   1650.00   -28.0422
   1660.00   -28.0668
   1670.00   -28.1900
   1680.00   -28.3243
   1690.00   -27.6796
   1700.00   -28.0638
   1710.00   -28.4446
   1720.00   -28.1885
   1730.00   -28.0434
   1740.00   -27.8868
   1750.00   -28.6520
   1760.00   -27.7903
   1770.00   -27.9558
   1780.00   -28.1505
   1790.00   -27.5510
   1800.00   -28.2491
   1810.00   -27.8154
   1820.00   -27.7231
   1830.00   -27.8248
   1840.00   -28.5756
   1850.00   -28.1745
   1860.00   -28.2881
   1870.00   -28.2410
   1880.00   -28.0621
   1890.00   -28.2975
   1900.00   -28.2275
   1910.00   -27.9667
   1920.00   -28.1238
   1930.00   -27.7139
   1940.00   -27.9379
   1950.00   -28.2125
   1960.00   -28.0559
   1970.00   -28.2718
   1980.00   -27.8533
   1990.00   -27.8933
   2000.00   -27.8311
   2010.00   -27.4483
   2020.00   -28.6487
   2030.00   -28.2044
   2040.00   -28.5387
   2050.00   -28.1883
   2060.00   -27.9940
   2070.00   -27.7651
   2080.00   -27.8244
   2090.00   -27.9119
   2100.00   -27.9926
   2110.00   -28.0758
   2120.00   -27.8088
   2130.00   -27.5955
   2140.00   -27.7515
   2150.00   -28.0311
   2160.00   -28.2447
   2170.00   -27.9613
   2180.00   -28.0368
   2190.00   -27.8593
   2200.00   -27.9941
   2210.00   -28.1804
   2220.00   -28.1488
   2230.00   -27.6884
   2240.00   -28.2676
   2250.00   -28.2757
   2260.00   -27.4705
   2270.00   -28.5318
   2280.00   -28.4371
   2290.00   -28.1362
   2300.00   -27.7981
   2310.00   -28.0266
   2320.00   -28.6643
   2330.00   -28.2650
   2340.00   -28.3462
   2350.00   -28.0420
   2360.00   -27.9069
   2370.00   -27.6806
   2380.00   -27.6725
   2390.00   -27.8420
   2400.00   -27.6923
   2410.00   -28.0705
   2420.00   -28.1995
   2430.00   -28.5797
   2440.00   -28.1834
   2450.00   -28.1253
   2460.00   -27.9895
   2470.00   -28.1309
   2480.00   -27.5655
   2490.00   -27.9275
   2500.00   -28.1535
   2510.00   -27.8717
   2520.00   -28.4970
   2530.00   -27.6637
   2540.00   -28.1750
   2550.00   -28.1727
   2560.00   -28.3194
   2570.00   -27.6069
   2580.00   -28.5127
   2590.00   -28.1154
   2600.00   -27.8862
   2610.00   -28.2134
   2620.00   -28.2648
   2630.00   -28.1828
   2640.00   -28.2497
   2650.00   -27.7995
   2660.00   -27.7179
   2670.00   -27.9656
   2680.00   -27.8997
   2690.00   -28.2820
   2700.00   -27.9446
   2710.00   -27.7854
   2720.00   -28.0638
   2730.00   -28.1631
   2740.00   -28.1308
   2750.00   -28.5252
   2760.00   -28.2051
   2770.00   -28.3482
   2780.00   -28.2019
   2790.00   -27.9517
   2800.00   -27.3499
   2810.00   -28.3550
   2820.00   -28.3257
   2830.00   -27.9623
   2840.00   -27.9440
   2850.00   -27.5965
   2860.00   -28.4503
   2870.00   -28.0279
   2880.00   -28.0200
   2890.00   -28.1819
   2900.00   -27.7679
   2910.00   -28.2147
   2920.00   -27.8899
   2930.00   -27.7304
   2940.00   -28.1969
   2950.00   -28.1326
   2960.00   -27.6731
   2970.00   -27.6526
   2980.00   -27.6449
   2990.00   -27.8357
   3000.00   -27.7466
   3010.00   -27.9205
   3020.00   -27.9905
   3030.00   -27.4218
   3040.00   -28.0813
   3050.00   -28.1922
   3060.00   -27.7324
   3070.00   -28.0843
   3080.00   -27.7332
   3090.00   -28.3761
   3100.00   -28.2874
   3110.00   -27.9751
   3120.00   -27.7451
   3130.00   -28.1409
   3140.00   -28.3039
   3150.00   -28.1326
   3160.00   -27.8618
   3170.00   -28.0340
   3180.00   -28.3238
   3190.00   -28.1765
   3200.00   -28.2009
   3210.00   -28.1657
   3220.00   -27.9441
   3230.00   -28.0250
   3240.00   -28.3234
   3250.00   -27.8012
   3260.00   -27.9431
   3270.00   -28.1321
   3280.00   -28.1296
   3290.00   -27.9231
   3300.00   -27.8317
   3310.00   -27.5230
   3320.00   -28.2774
   3330.00   -27.8336
   3340.00   -27.8054
   3350.00   -28.4122
   3360.00   -28.4181
   3370.00   -27.2680
   3380.00   -27.8751
   3390.00   -28.2918
   3400.00   -28.0495
   3410.00   -28.2205
   3420.00   -27.9881
   3430.00   -28.1634
   3440.00   -28.0012
   3450.00   -28.2688
   3460.00   -28.3526
   3470.00   -27.5287
   3480.00   -28.3357
   3490.00   -27.5734
   3500.00   -27.9493
   3510.00   -27.6358
   3520.00   -27.9638
   3530.00   -27.5412
   3540.00   -28.0529
   3550.00   -28.1088
   3560.00   -27.9109
   3570.00   -27.8844
   3580.00   -28.0079
   3590.00   -27.8425
   3600.00   -27.6958
   3610.00   -27.5486
   3620.00   -27.8994
   3630.00   -28.4021
   3640.00   -28.2833
   3650.00   -27.9050
   3660.00   -27.8509
   3670.00   -28.0279
   3680.00   -27.8469
   3690.00   -27.8557
   3700.00   -28.3313
   3710.00   -27.8398
   3720.00   -28.0707
   3730.00   -27.7644
   3740.00   -27.8139
   3750.00   -27.9550
   3760.00   -27.7383
   3770.00   -27.3304
   3780.00   -28.0091
   3790.00   -27.4706
   3800.00   -28.1594
   3810.00   -27.7711
   3820.00   -28.2869
   3830.00   -27.8201
   3840.00   -28.1026
   3850.00   -28.1613
   3860.00   -27.9391
   3870.00   -28.1952
   3880.00   -28.2587
   3890.00   -28.2881
   3900.00   -28.1442
   3910.00   -28.3912
   3920.00   -27.9525
   3930.00   -28.1468
   3940.00   -28.0275
   3950.00   -27.7740
   3960.00   -28.3828
   3970.00   -28.0836
   3980.00   -28.0588
   3990.00   -27.8359
   4000.00   -27.9736
   4010.00   -28.0004
   4020.00   -27.9936
   4030.00   -27.6034
   4040.00   -27.9395
   4050.00   -27.6141
   4060.00   -28.0348
   4070.00   -27.6668
   4080.00   -28.5052
   4090.00   -28.2359
   4100.00   -27.7585
   4110.00   -27.8886
   4120.00   -27.8169
   4130.00   -27.9074
   4140.00   -28.4371
   4150.00   -28.4239
   4160.00   -28.2069
   4170.00   -27.7691
   4180.00   -27.7586
   4190.00   -27.4909
   4200.00   -27.9560
   4210.00   -28.3417
   4220.00   -28.2557
   4230.00   -27.9444
   4240.00   -27.7654
   4250.00   -27.7541
   4260.00   -27.7167
   4270.00   -27.9134
   4280.00   -28.0188
   4290.00   -28.2025
   4300.00   -27.7642
   4310.00   -28.0898
   4320.00   -28.1004
   4330.00   -27.7525
   4340.00   -28.1412
   4350.00   -28.2481
   4360.00   -27.7747
   4370.00   -28.0262
   4380.00   -28.4435
   4390.00   -28.0899
   4400.00   -27.9983
   4410.00   -27.9500
   4420.00   -27.9519
   4430.00   -28.0194
   4440.00   -27.8715
   4450.00   -27.9651
   4460.00   -28.0019
   4470.00   -28.2481
   4480.00   -28.1467
   4490.00   -27.6231
   4500.00   -28.0121
   4510.00   -27.6890
   4520.00   -28.0056
   4530.00   -28.2538
   4540.00   -28.4178
   4550.00   -27.5435
   4560.00   -28.3460
   4570.00   -27.9902
   4580.00   -28.1159
   4590.00   -27.5062
   4600.00   -27.7356
   4610.00   -27.6081
   4620.00   -27.5656
   4630.00   -28.5343
   4640.00   -28.3074
   4650.00   -28.4128
   4660.00   -28.2859
   4670.00   -27.5674
   4680.00   -27.9287
   4690.00   -27.7456
   4700.00   -28.3001
   4710.00   -28.1343
   4720.00   -27.8622
   4730.00   -27.9452
   4740.00   -27.3151
   4750.00   -28.5371
   4760.00   -27.7492
   4770.00   -27.6631
   4780.00   -27.4541
   4790.00   -27.7578
   4800.00   -27.7959
   4810.00   -27.6734
   4820.00   -28.0299
   4830.00   -28.3419
   4840.00   -27.5467
   4850.00   -27.7228
   4860.00   -28.0671
   4870.00   -27.9493
   4880.00   -28.0924
   4890.00   -27.5864
   4900.00   -27.1377
   4910.00   -27.4450
   4920.00   -27.9175
   4930.00   -28.0962
   4940.00   -27.8349
   4950.00   -28.2021
   4960.00   -28.2571
   4970.00   -27.7874
   4980.00   -28.5017
   4990.00   -28.2003
   5000.00   -28.0236
   5010.00   -28.1432
   5020.00   -28.0444
   5030.00   -28.0915
   5040.00   -28.4778
   5050.00   -27.7565
   5060.00   -28.4187
   5070.00   -28.1778
   5080.00   -28.0311
   5090.00   -28.3872
   5100.00   -27.8265
   5110.00   -28.2241
   5120.00   -27.9538
   5130.00   -28.0163
   5140.00   -28.1171
   5150.00   -28.1491
   5160.00   -28.1803
   5170.00   -27.8318
   5180.00   -28.0174
   5190.00   -27.9711
   5200.00   -27.9322
   5210.00   -28.3323
   5220.00   -28.2263
   5230.00   -28.0703
   5240.00   -28.1760
   5250.00   -28.2335
   5260.00   -28.0475
   5270.00   -28.1250
   5280.00   -27.7169
   5290.00   -28.3840
   5300.00   -27.9455
   5310.00   -27.9392
   5320.00   -28.0819
   5330.00   -27.8256
   5340.00   -27.8006
   5350.00   -28.2977
   5360.00   -27.9094
   5370.00   -27.9132
   5380.00   -27.9314
   5390.00   -28.0060
   5400.00   -28.1583
   5410.00   -28.0976
   5420.00   -28.0870
   5430.00   -28.1910
   5440.00   -28.5094
   5450.00   -27.2217
   5460.00   -28.1811
   5470.00   -28.2592
   5480.00   -28.5549
   5490.00   -27.5715
   5500.00   -27.7736
   5510.00   -27.7058
   5520.00   -28.0879
   5530.00   -28.0554
   5540.00   -27.8548
   5550.00   -27.8983
   5560.00   -28.1671
   5570.00   -27.7268
   5580.00   -27.5786
   5590.00   -28.4363
   5600.00   -28.4804
   5610.00   -27.7687
   5620.00   -27.8683
   5630.00   -28.1659
   5640.00   -28.2463
   5650.00   -28.3387
   5660.00   -27.7487
   5670.00   -27.7717
   5680.00   -28.5411
   5690.00   -27.6184
   5700.00   -27.4462
   5710.00   -27.6214
   5720.00   -27.7598
   5730.00   -28.1626
   5740.00   -28.0321
   5750.00   -27.9952
   5760.00   -27.8855
   5770.00   -27.9529
   5780.00   -28.0798
   5790.00   -27.9618
   5800.00   -27.5629
   5810.00   -28.2373
   5820.00   -28.0532
   5830.00   -28.2498
   5840.00   -27.7970
   5850.00   -27.7357
   5860.00   -27.7802
   5870.00   -28.0439
   5880.00   -28.2477
   5890.00   -28.1199
   5900.00   -27.1420
   5910.00   -27.5543
   5920.00   -27.9620
   5930.00   -27.9844
   5940.00   -28.2830
   5950.00   -28.2123
   5960.00   -28.1258
   5970.00   -27.2975
   5980.00   -27.9512
   5990.00   -27.6755
   6000.00   -28.2070
   6010.00   -28.4394
   6020.00   -28.5741
   6030.00   -27.7265
   6040.00   -28.1729
   6050.00   -27.9436
   6060.00   -28.0588
   6070.00   -27.5517
   6080.00   -27.9990
   6090.00   -27.9628
   6100.00   -28.3099
   6110.00   -27.9362
   6120.00   -27.9458
   6130.00   -27.8380
   6140.00   -27.5509
   6150.00   -28.0982
   6160.00   -28.0697
   6170.00   -28.3250
   6180.00   -28.3712
   6190.00   -27.9687
   6200.00   -28.2019
   6210.00   -28.2888
   6220.00   -27.9300
   6230.00   -27.9239
   6240.00   -28.0416
   6250.00   -28.2567
   6260.00   -28.5632
   6270.00   -27.6904
   6280.00   -27.7951
   6290.00   -27.5553
   6300.00   -27.5183
   6310.00   -28.3975
   6320.00   -27.9877
   6330.00   -27.8356
   6340.00   -27.8878
   6350.00   -27.5845
   6360.00   -28.0131
   6370.00   -27.8068
   6380.00   -28.3525
   6390.00   -27.7102
   6400.00   -27.9096
   6410.00   -28.7478
   6420.00   -28.1827
   6430.00   -27.7255
   6440.00   -27.1802
   6450.00   -27.7578
   6460.00   -27.9711
   6470.00   -28.3448
   6480.00   -27.9164
   6490.00   -28.2607
   6500.00   -28.6901
   6510.00   -28.7955
   6520.00   -27.6048
   6530.00   -27.9745
   6540.00   -28.2585
   6550.00   -27.5851
   6560.00   -27.7117
   6570.00   -27.8496
   6580.00   -27.4701
   6590.00   -28.1717
   6600.00   -28.3580
   6610.00   -28.3505
   6620.00   -27.9712
   6630.00   -28.0252
   6640.00   -27.2453
   6650.00   -28.1689
   6660.00   -28.2010
   6670.00   -27.2230
   6680.00   -28.3015
   6690.00   -28.1187
   6700.00   -27.9077
   6710.00   -27.9205
   6720.00   -28.5610
   6730.00   -27.3558
   6740.00   -28.5760
   6750.00   -27.9658
   6760.00   -28.0315
   6770.00   -28.3875
   6780.00   -28.3837
   6790.00   -27.9756
   6800.00   -28.2645
   6810.00   -27.9734
   6820.00   -28.4525
   6830.00   -28.1104
   6840.00   -28.3388
   6850.00   -28.0163
   6860.00   -28.0336
   6870.00   -28.4024
   6880.00   -28.6060
   6890.00   -27.6294
   6900.00   -28.4463
   6910.00   -27.9604
   6920.00   -28.0485
   6930.00   -28.6276
   6940.00   -27.7390
   6950.00   -28.3309
   6960.00   -27.0945
   6970.00   -28.4668
   6980.00   -27.9943
   6990.00   -27.7240
   7000.00   -27.9372
   7010.00   -27.6682
   7020.00   -28.0779
   7030.00   -28.2465
   7040.00   -27.9115
   7050.00   -27.5048
   7060.00   -28.0604
   7070.00   -27.4156
   7080.00   -28.1366
   7090.00   -27.7568
   7100.00   -27.9072
   7110.00   -28.1941
   7120.00   -27.9812
   7130.00   -27.4774
   7140.00   -28.2874
   7150.00   -27.7706
   7160.00   -28.3841
   7170.00   -27.7868
   7180.00   -27.8945
   7190.00   -27.9049
   7200.00   -27.6198
   7210.00   -27.9579
   7220.00   -28.0907
   7230.00   -27.9967
   7240.00   -27.9042
   7250.00   -28.2367
   7260.00   -28.3813
   7270.00   -27.9850
   7280.00   -28.3578
   7290.00   -27.6371
   7300.00   -28.3817
   7310.00   -28.4019
   7320.00   -28.0324
   7330.00   -28.1746
   7340.00   -28.4377
   7350.00   -27.4137
   7360.00   -28.2039
   7370.00   -28.1032
   7380.00   -27.7879
   7390.00   -27.9164
   7400.00   -27.6912
   7410.00   -27.8855
   7420.00   -28.1140
   7430.00   -27.8147
   7440.00   -28.0871
   7450.00   -27.7447
   7460.00   -27.7872
   7470.00   -27.5963
   7480.00   -27.7882
   7490.00   -27.7770
   7500.00   -28.3798
   7510.00   -28.2316
   7520.00   -27.7137
   7530.00   -27.8001
   7540.00   -27.5976
   7550.00   -28.4236
   7560.00   -27.8102
   7570.00   -27.6156
   7580.00   -27.7471
   7590.00   -27.5951
   7600.00   -28.3772
   7610.00   -28.0695
   7620.00   -27.7596
   7630.00   -28.1198
   7640.00   -27.8800
   7650.00   -27.8659
   7660.00   -27.4129
   7670.00   -27.6548
   7680.00   -28.1002
   7690.00   -27.4970
   7700.00   -28.0415
   7710.00   -27.6879
   7720.00   -27.9612
   7730.00   -28.0855
   7740.00   -27.9768
   7750.00   -27.7630
   7760.00   -27.8874
   7770.00   -27.5837
   7780.00   -27.9022
   7790.00   -27.7366
   7800.00   -27.6475
   7810.00   -27.8823
   7820.00   -27.9526
   7830.00   -27.4321
   7840.00   -28.1108
   7850.00   -27.9721
   7860.00   -28.0241
   7870.00   -28.2065
   7880.00   -27.9373
   7890.00   -27.7925
   7900.00   -28.3410
   7910.00   -27.7592
   7920.00   -27.6636
   7930.00   -28.1609
   7940.00   -28.2711
   7950.00   -28.1035
   7960.00   -27.9233
   7970.00   -27.6829
   7980.00   -27.9198
   7990.00   -27.9543
   8000.00   -27.6780
   8010.00   -28.3360
   8020.00   -28.2200
   8030.00   -27.5567
   8040.00   -28.8502
   8050.00   -27.5792
   8060.00   -27.9105
   8070.00   -28.0428
   8080.00   -27.9846
   8090.00   -27.9371
   8100.00   -28.2079
   8110.00   -27.9689
   8120.00   -27.7790
   8130.00   -27.8919
   8140.00   -27.7828
   8150.00   -27.7995
   8160.00   -28.0614
   8170.00   -28.1040
   8180.00   -27.9579
   8190.00   -27.9958
   8200.00   -27.6520
   8210.00   -27.8764
   8220.00   -27.7038
   8230.00   -28.1578
   8240.00   -28.4079
   8250.00   -27.6744
   8260.00   -27.7817
   8270.00   -27.9587
   8280.00   -28.4023
   8290.00   -27.7859
   8300.00   -27.8985
   8310.00   -27.4778
   8320.00   -28.0494
   8330.00   -27.8713
   8340.00   -28.2843
   8350.00   -27.9860
   8360.00   -27.9982
   8370.00   -28.0275
   8380.00   -27.8597
   8390.00   -28.4224
   8400.00   -27.9306
   8410.00   -28.2768
   8420.00   -27.9035
   8430.00   -27.5119
   8440.00   -27.9184
   8450.00   -28.0003
   8460.00   -27.8953
   8470.00   -27.6257
   8480.00   -27.8333
   8490.00   -28.2099
   8500.00   -28.1532
   8510.00   -28.0454
   8520.00   -27.6470
   8530.00   -27.5507
   8540.00   -28.0049
   8550.00   -27.7125
   8560.00   -27.7196
   8570.00   -28.2230
   8580.00   -28.2983
   8590.00   -28.4136
   8600.00   -28.4253
   8610.00   -28.3907
   8620.00   -27.9833
   8630.00   -27.5508
   8640.00   -28.0061
   8650.00   -28.0524
   8660.00   -28.1544
   8670.00   -27.6398
   8680.00   -27.8433
   8690.00   -28.1552
   8700.00   -27.9558
   8710.00   -27.8655
   8720.00   -28.3140
   8730.00   -27.8828
   8740.00   -28.3832
   8750.00   -28.0378
   8760.00   -28.2856
   8770.00   -27.8620
   8780.00   -28.0867
   8790.00   -27.8859
   8800.00   -28.0272
   8810.00   -27.5049
   8820.00   -27.8670
   8830.00   -28.2506
   8840.00   -28.0009
   8850.00   -27.5693
   8860.00   -27.7916
   8870.00   -27.9618
   8880.00   -28.0996
   8890.00   -27.9346
   8900.00   -27.7456
   8910.00   -27.6248
   8920.00   -27.5983
   8930.00   -28.2738
   8940.00   -27.8111
   8950.00   -28.1786
   8960.00   -28.1680
   8970.00   -27.7247
   8980.00   -28.2307
   8990.00   -28.0742
   9000.00   -28.4154
   9010.00   -27.7856
   9020.00   -28.1981
   9030.00   -27.6857
   9040.00   -28.2289
   9050.00   -28.2881
   9060.00   -28.2203
   9070.00   -27.4255
   9080.00   -28.5583
   9090.00   -28.5566
   9100.00   -27.7801
   9110.00   -27.5520
   9120.00   -27.8617
   9130.00   -28.2057
   9140.00   -27.9323
   9150.00   -28.3498
   9160.00   -28.1722
   9170.00   -28.1399
   9180.00   -28.0902
   9190.00   -27.9142
   9200.00   -27.8011
   9210.00   -27.6623
   9220.00   -28.1147
   9230.00   -28.0671
   9240.00   -28.2498
   9250.00   -27.8822
   9260.00   -28.2532
   9270.00   -28.1235
   9280.00   -28.3707
   9290.00   -28.2623
   9300.00   -27.9189
   9310.00   -27.6350
   9320.00   -28.4639
   9330.00   -28.1003
   9340.00   -28.0496
   9350.00   -27.4413
   9360.00   -28.3327
   9370.00   -28.1179
   9380.00   -27.7035
   9390.00   -28.0398
   9400.00   -28.1697
   9410.00   -27.8458
   9420.00   -27.9562
   9430.00   -27.9196
   9440.00   -28.0457
   9450.00   -27.8224
   9460.00   -28.0144
   9470.00   -27.8971
   9480.00   -27.9195
   9490.00   -27.8091
   9500.00   -27.9318
   9510.00   -28.2817
   9520.00   -27.5242
   9530.00   -28.1765
   9540.00   -27.9539
   9550.00   -27.9340
   9560.00   -28.2978
   9570.00   -27.7392
   9580.00   -28.1433
   9590.00   -27.7955
   9600.00   -27.6509
   9610.00   -27.6837
   9620.00   -27.3928
   9630.00   -28.1730
   9640.00   -27.7172
   9650.00   -28.2822
   9660.00   -27.7969
   9670.00   -28.2366
   9680.00   -28.0107
   9690.00   -27.8918
   9700.00   -27.9111
   9710.00   -28.2587
   9720.00   -28.0601
   9730.00   -27.9417
   9740.00   -27.9507
   9750.00   -27.8373
   9760.00   -28.4349
   9770.00   -28.2682
   9780.00   -27.4778
   9790.00   -28.2645
   9800.00   -28.5234
   9810.00   -28.0969
   9820.00   -28.3804
   9830.00   -28.0601
   9840.00   -27.9427
   9850.00   -27.8661
   9860.00   -28.0307
   9870.00   -27.9717
   9880.00   -27.7275
   9890.00   -28.2762
   9900.00   -27.6272
   9910.00   -28.3874
   9920.00   -28.2031
   9930.00   -28.3846
   9940.00   -27.6631
   9950.00   -27.8153
   9960.00   -28.0496
   9970.00   -28.1524
   9980.00   -28.1254
   9990.00   -27.3964
  10000.00   -27.8791
  10010.00   -27.7550
  10020.00   -27.9039
  10030.00   -27.5988
  10040.00   -28.1285
  10050.00   -27.4916
  10060.00   -27.4168
  10070.00   -28.4371
  10080.00   -28.2893
  10090.00   -27.9329
  10100.00   -27.8162
  10110.00   -27.6753
  10120.00   -28.0217
  10130.00   -27.9312
  10140.00   -28.2749
  10150.00   -28.4991
  10160.00   -27.9643
  10170.00   -27.9937
  10180.00   -28.1919
  10190.00   -27.5886
  10200.00   -27.7757
  10210.00   -27.9335
  10220.00   -27.9079
  10230.00   -27.9378
  10240.00   -28.0792
  10250.00   -27.3839
  10260.00   -27.6808
  10270.00   -27.9720
  10280.00   -28.1854
  10290.00   -27.4241
  10300.00   -27.7602
  10310.00   -27.1999
  10320.00   -28.4817
  10330.00   -28.3706
  10340.00   -28.1439
  10350.00   -27.5991
  10360.00   -27.5326
  10370.00   -28.6352
  10380.00   -27.7839
  10390.00   -28.2573
  10400.00   -27.8522
  10410.00   -28.2478
  10420.00   -27.5919
  10430.00   -27.5182
  10440.00   -27.9774
  10450.00   -28.3200
  10460.00   -27.9910
  10470.00   -28.0445
  10480.00   -27.8233
  10490.00   -28.5457
  10500.00   -28.1608
  10510.00   -27.8583
  10520.00   -28.0509
  10530.00   -28.2352
  10540.00   -27.8752
  10550.00   -27.2024
  10560.00   -27.7585
  10570.00   -28.2069
  10580.00   -28.2229
  10590.00   -28.0811
  10600.00   -28.3954
  10610.00   -28.0778
  10620.00   -27.7391
  10630.00   -28.1789
  10640.00   -27.8228
  10650.00   -27.8338
  10660.00   -28.2145
  10670.00   -28.0680
  10680.00   -28.3710
  10690.00   -28.4437
  10700.00   -28.2895
  10710.00   -27.5814
  10720.00   -27.7754
  10730.00   -27.7144
  10740.00   -28.2442
  10750.00   -28.1365
  10760.00   -27.5633
  10770.00   -27.8965
  10780.00   -27.8854
  10790.00   -27.5192
  10800.00   -28.1380
  10810.00   -28.5235
  10820.00   -28.2830
  10830.00   -27.6640
  10840.00   -27.9950
  10850.00   -27.6485
  10860.00   -28.0934
  10870.00   -27.4561
  10880.00   -27.6544
  10890.00   -27.9500
  10900.00   -28.4693
  10910.00   -27.8586
  10920.00   -28.0087
  10930.00   -28.0238
  10940.00   -27.7794
  10950.00   -27.9652
  10960.00   -27.9774
  10970.00   -28.1661
  10980.00   -28.3993
  10990.00   -27.6841
  11000.00   -28.1328
  11010.00   -27.9891
  11020.00   -27.5797
  11030.00   -28.1314
  11040.00   -28.0865
  11050.00   -27.5363
  11060.00   -28.1932
  11070.00   -27.7395
  11080.00   -27.9213
  11090.00   -27.8987
  11100.00   -27.9938
  11110.00   -27.5634
  11120.00   -27.6258
  11130.00   -27.4655
  11140.00   -28.1933
  11150.00   -28.0250
  11160.00   -28.2276
  11170.00   -28.1745
  11180.00   -27.8635
  11190.00   -27.6670
  11200.00   -28.0402
  11210.00   -27.6037
  11220.00   -28.2975
  11230.00   -28.5414
  11240.00   -27.6571
  11250.00   -28.2271
  11260.00   -28.1583
  11270.00   -27.8381
  11280.00   -27.5139
  11290.00   -28.1102
  11300.00   -28.4308
  11310.00   -28.1891
  11320.00   -27.6783
  11330.00   -27.6810
  11340.00   -28.3776
  11350.00   -27.8122
  11360.00   -27.9219
  11370.00   -28.4137
  11380.00   -27.8622
  11390.00   -27.5314
  11400.00   -28.0442
  11410.00   -27.9331
  11420.00   -27.7858
  11430.00   -27.6591
  11440.00   -28.3666
  11450.00   -28.0346
  11460.00   -28.0973
  11470.00   -27.8843
  11480.00   -27.8250
  11490.00   -27.9865
  11500.00   -28.0542
  11510.00   -27.7825
  11520.00   -28.6414
  11530.00   -28.0836
  11540.00   -28.2728
  11550.00   -28.0116
  11560.00   -27.9782
  11570.00   -28.4426
  11580.00   -28.0144
  11590.00   -27.8585
  11600.00   -27.7167
  11610.00   -27.8458
  11620.00   -27.9806
  11630.00   -28.0743
  11640.00   -27.8462
  11650.00   -27.6507
  11660.00   -28.1439
  11670.00   -28.0439
  11680.00   -27.6842
  11690.00   -27.8592
  11700.00   -27.8199
  11710.00   -28.4435
  11720.00   -28.1134
  11730.00   -28.2306
  11740.00   -28.2127
  11750.00   -27.7773
  11760.00   -27.5257
  11770.00   -27.8715
  11780.00   -28.0524
  11790.00   -28.2928
  11800.00   -28.3952
  11810.00   -27.5284
  11820.00   -28.5325
  11830.00   -28.0118
  11840.00   -27.7628
  11850.00   -28.5234
  11860.00   -28.2613
  11870.00   -27.4593
  11880.00   -27.4922
  11890.00   -27.6112
  11900.00   -28.3326
  11910.00   -28.0914
  11920.00   -28.1019
  11930.00   -27.6363
  11940.00   -27.9985
  11950.00   -27.7256
  11960.00   -27.6770
  11970.00   -28.0104
  11980.00   -28.3022
  11990.00   -27.3768
  12000.00   -28.1094
  12010.00   -27.6692
  12020.00   -28.0921
  12030.00   -27.5538
  12040.00   -27.6654
  12050.00   -27.8830
  12060.00   -28.6520
  12070.00   -27.4682
  12080.00   -28.0210
  12090.00   -27.7646
  12100.00   -27.7441
  12110.00   -28.1078
  12120.00   -28.2093
  12130.00   -28.1382
  12140.00   -28.4884
  12150.00   -28.3051
  12160.00   -28.3685
  12170.00   -28.0427
  12180.00   -28.3487
  12190.00   -28.5996
  12200.00   -27.6863
  12210.00   -27.6893
  12220.00   -27.8507
  12230.00   -27.8517
  12240.00   -27.9279
  12250.00   -28.4060
  12260.00   -28.1629
  12270.00   -27.8130
  12280.00   -28.0733
  12290.00   -27.6122
  12300.00   -27.7691
  12310.00   -28.2379
  12320.00   -28.2944
  12330.00   -28.3226
  12340.00   -27.8747
  12350.00   -28.0731
  12360.00   -27.5986
  12370.00   -27.6256
  12380.00   -28.4045
  12390.00   -28.3032
  12400.00   -27.8094
  12410.00   -28.0185
  12420.00   -27.7595
  12430.00   -28.3915
  12440.00   -27.8439
  12450.00   -28.1801
  12460.00   -28.1727
  12470.00   -28.1574
  12480.00   -27.8847
  12490.00   -28.4353
  12500.00   -28.0827
  12510.00   -27.8803
  12520.00   -27.7301
  12530.00   -28.1763
  12540.00   -27.9453
  12550.00   -28.4388
  12560.00   -27.9798
  12570.00   -28.1478
  12580.00   -28.3242
  12590.00   -28.2774
  12600.00   -28.0765
  12610.00   -28.8280
  12620.00   -27.6587
  12630.00   -27.7392
  12640.00   -27.3889
  12650.00   -27.7958
  12660.00   -27.8416
  12670.00   -27.6127
  12680.00   -28.2188
  12690.00   -28.1498
  12700.00   -27.6239
  12710.00   -27.7597
  12720.00   -27.9123
  12730.00   -27.7042
  12740.00   -27.7889
  12750.00   -28.5187
  12760.00   -28.3199
  12770.00   -27.9703
  12780.00   -27.8442
  12790.00   -27.9813
  12800.00   -27.6074
  12810.00   -28.2505
  12820.00   -28.1342
  12830.00   -28.2051
  12840.00   -28.2736
  12850.00   -27.8657
  12860.00   -27.9531
  12870.00   -27.9367
  12880.00   -27.8787
  12890.00   -28.0221
  12900.00   -28.1615
  12910.00   -27.8517
  12920.00   -27.8781
  12930.00   -28.1280
  12940.00   -27.6065
  12950.00   -28.0232
  12960.00   -27.8929
  12970.00   -27.7486
  12980.00   -27.9714
  12990.00   -27.9547
  13000.00   -28.1427
  13010.00   -28.2842
  13020.00   -28.2067
  13030.00   -28.3249
  13040.00   -27.4986
  13050.00   -27.3185
  13060.00   -28.4221
  13070.00   -27.8969
  13080.00   -28.0345
  13090.00   -27.9801
  13100.00   -28.0903
  13110.00   -27.7531
  13120.00   -28.6711
  13130.00   -28.1382
  13140.00   -28.7881
  13150.00   -28.1191
  13160.00   -27.8828
  13170.00   -27.9705
  13180.00   -28.1610
  13190.00   -27.9308
  13200.00   -28.1213
  13210.00   -28.1836
  13220.00   -27.3615
  13230.00   -28.3628
  13240.00   -27.7971
  13250.00   -27.9005
  13260.00   -27.3692
  13270.00   -27.9234
  13280.00   -27.7028
  13290.00   -27.8364
  13300.00   -28.3016
  13310.00   -28.0096
  13320.00   -27.8071
  13330.00   -27.7712
  13340.00   -28.3562
  13350.00   -27.9321
  13360.00   -28.1223
  13370.00   -28.0890
  13380.00   -28.3236
  13390.00   -28.8655
  13400.00   -28.1184
  13410.00   -27.8712
  13420.00   -27.8236
  13430.00   -28.1674
  13440.00   -28.1532
  13450.00   -28.1153
  13460.00   -27.7285
  13470.00   -27.7629
  13480.00   -28.0525
  13490.00   -27.7410
  13500.00   -27.5992
  13510.00   -28.1160
  13520.00   -28.2490
  13530.00   -27.8894
  13540.00   -28.2876
  13550.00   -28.3227
  13560.00   -28.2126
  13570.00   -28.0114
  13580.00   -27.6176
  13590.00   -27.8257
  13600.00   -27.3949
  13610.00   -28.5955
  13620.00   -27.8263
  13630.00   -28.7402
  13640.00   -27.9874
  13650.00   -27.8201
  13660.00   -27.5649
  13670.00   -28.0140
  13680.00   -27.9625
  13690.00   -28.2916
  13700.00   -27.9670
  13710.00   -27.9797
  13720.00   -27.9792
  13730.00   -27.6005
  13740.00   -28.2476
  13750.00   -28.1209
  13760.00   -27.7595
  13770.00   -28.4827
  13780.00   -27.9561
  13790.00   -27.4628
  13800.00   -28.6177
  13810.00   -28.0284
  13820.00   -28.1123
  13830.00   -28.3667
  13840.00   -28.1156
  13850.00   -28.3653
  13860.00   -28.0460
  13870.00   -28.1033
  13880.00   -28.2010
  13890.00   -27.2637
  13900.00   -28.1992
  13910.00   -27.9876
  13920.00   -27.3016
  13930.00   -28.2390
  13940.00   -28.0423
  13950.00   -28.1732
  13960.00   -28.1212
  13970.00   -27.5112
  13980.00   -28.0541
  13990.00   -28.0210
  14000.00   -27.8024
  14010.00   -28.2194
  14020.00   -27.8292
  14030.00   -28.4261
  14040.00   -28.2737
  14050.00   -27.8317
  14060.00   -28.0899
  14070.00   -28.0145
  14080.00   -28.2824
  14090.00   -28.4155
  14100.00   -27.9612
  14110.00   -27.6594
  14120.00   -28.1840
  14130.00   -27.8273
  14140.00   -27.9300
  14150.00   -27.7935
  14160.00   -28.1552
  14170.00   -28.1854
  14180.00   -28.0626
  14190.00   -27.8452
  14200.00   -27.8820
  14210.00   -27.7900
  14220.00   -27.6763
  14230.00   -28.0219
  14240.00   -28.2931
  14250.00   -28.0893
  14260.00   -28.1532
  14270.00   -27.7856
  14280.00   -28.3050
  14290.00   -27.8926
  14300.00   -28.8768
  14310.00   -28.2192
  14320.00   -27.8933
  14330.00   -28.3340
  14340.00   -27.7952
  14350.00   -27.8562
  14360.00   -28.6925
  14370.00   -28.3485
  14380.00   -27.5224
  14390.00   -28.0565
  14400.00   -27.6802
  14410.00   -28.4284
  14420.00   -27.5560
  14430.00   -27.2049
  14440.00   -27.6765
  14450.00   -27.9719
  14460.00   -28.2059
  14470.00   -27.7501
  14480.00   -27.7752
  14490.00   -27.6463
  14500.00   -28.1325
  14510.00   -27.6888
  14520.00   -27.9226
  14530.00   -27.9810
  14540.00   -27.3123
  14550.00   -28.6568
  14560.00   -28.1671
  14570.00   -27.8560
  14580.00   -27.8280
  14590.00   -28.0059
  14600.00   -27.8392
  14610.00   -28.1737
  14620.00   -28.3396
  14630.00   -28.6688
  14640.00   -27.6945
  14650.00   -28.1938
  14660.00   -27.8853
  14670.00   -28.2222
  14680.00   -27.3998
  14690.00   -28.0473
  14700.00   -28.1546
  14710.00   -28.3334
  14720.00   -28.2126
  14730.00   -27.6977
  14740.00   -28.0804
  14750.00   -28.3487
  14760.00   -28.0639
  14770.00   -28.1288
  14780.00   -28.2691
  14790.00   -28.3451
  14800.00   -27.7182
  14810.00   -28.1799
  14820.00   -28.0041
  14830.00   -27.7643
  14840.00   -28.5994
  14850.00   -28.2065
  14860.00   -28.1176
  14870.00   -28.6711
  14880.00   -28.1059
  14890.00   -28.0684
  14900.00   -27.9235
  14910.00   -28.1896
  14920.00   -27.9447
  14930.00   -27.7641
  14940.00   -27.7240
  14950.00   -28.0781
  14960.00   -28.1819
  14970.00   -28.2793
  14980.00   -27.5821
  14990.00   -28.1661
  15000.00   -28.1641
  15010.00   -28.6806
  15020.00   -27.9448
  15030.00   -27.6983
  15040.00   -27.7594
  15050.00   -27.9449
  15060.00   -27.6328
  15070.00   -27.9534
  15080.00   -28.1024
  15090.00   -27.9815
  15100.00   -27.9225
  15110.00   -28.1423
  15120.00   -28.0031
  15130.00   -28.0995
  15140.00   -27.5960
  15150.00   -28.2146
  15160.00   -27.9798
  15170.00   -27.7883
  15180.00   -27.8604
  15190.00   -28.0993
  15200.00   -28.2589
  15210.00   -27.8086
  15220.00   -27.5847
  15230.00   -27.9903
  15240.00   -27.4698
  15250.00   -28.0827
  15260.00   -28.3314
  15270.00   -27.8140
  15280.00   -27.9229
  15290.00   -28.0432
  15300.00   -27.3005
  15310.00   -28.0418
  15320.00   -28.7787
  15330.00   -28.1752
  15340.00   -28.1105
  15350.00   -27.8598
  15360.00   -27.6188
  15370.00   -28.2738
  15380.00   -27.8433
  15390.00   -27.9509
  15400.00   -27.9796
  15410.00   -28.2723
  15420.00   -28.0828
  15430.00   -27.2270
  15440.00   -27.3740
  15450.00   -28.0435
  15460.00   -27.0849
  15470.00   -28.2039
  15480.00   -27.7606
  15490.00   -27.9567
  15500.00   -28.2372
  15510.00   -28.2719
  15520.00   -27.9625
  15530.00   -28.0145
  15540.00   -28.1432
  15550.00   -27.8634
  15560.00   -27.9633
  15570.00   -28.2789
  15580.00   -28.0361
  15590.00   -28.1898
  15600.00   -28.3272
  15610.00   -28.3985
  15620.00   -28.2783
  15630.00   -27.9077
  15640.00   -27.6327
  15650.00   -28.0320
  15660.00   -27.9516
  15670.00   -28.2990
  15680.00   -28.1499
  15690.00   -28.0898
  15700.00   -27.8746
  15710.00   -27.7835
  15720.00   -27.7662
  15730.00   -27.4013
  15740.00   -28.1006
  15750.00   -28.2297
  15760.00   -26.9996
  15770.00   -28.0105
  15780.00   -27.8285
  15790.00   -27.9878
  15800.00   -28.5906
  15810.00   -28.1555
  15820.00   -28.5648
  15830.00   -28.1256
  15840.00   -27.9698
  15850.00   -27.9821
  15860.00   -28.4705
  15870.00   -27.6294
  15880.00   -28.3584
  15890.00   -28.2011
  15900.00   -28.2868
  15910.00   -27.9199
  15920.00   -28.3500
  15930.00   -27.8074
  15940.00   -28.3702
  15950.00   -28.0019
  15960.00   -28.1926
  15970.00   -27.8956
  15980.00   -27.8677
  15990.00   -27.5255
  16000.00   -27.9856
  16010.00   -28.2149
  16020.00   -28.1398
  16030.00   -28.0484
  16040.00   -27.9704
  16050.00   -27.6904
  16060.00   -27.9371
  16070.00   -27.8238
  16080.00   -27.8930
  16090.00   -27.8301
  16100.00   -28.4927
  16110.00   -27.7924
  16120.00   -27.8641
  16130.00   -27.8068
  16140.00   -27.6816
  16150.00   -27.4854
  16160.00   -27.9433
  16170.00   -27.9812
  16180.00   -27.5313
  16190.00   -28.0297
  16200.00   -28.2801
  16210.00   -28.3753
  16220.00   -27.9130
  16230.00   -27.5275
  16240.00   -28.7418
  16250.00   -27.6098
  16260.00   -28.4044
  16270.00   -27.9614
  16280.00   -27.4803
  16290.00   -28.2148
  16300.00   -27.6281
  16310.00   -27.7909
  16320.00   -28.2652
  16330.00   -27.2627
  16340.00   -27.8440
  16350.00   -28.4395
  16360.00   -28.2183
  16370.00   -27.9498
  16380.00   -28.0616
  16390.00   -27.7440
  16400.00   -28.3925
  16410.00   -28.6606
  16420.00   -27.8354
  16430.00   -28.1375
  16440.00   -28.0155
  16450.00   -27.9326
  16460.00   -28.1697
  16470.00   -27.5377
  16480.00   -27.4835
  16490.00   -28.0505
  16500.00   -28.4812
  16510.00   -28.9549
  16520.00   -27.8425
  16530.00   -28.1642
  16540.00   -28.1026
  16550.00   -27.7857
  16560.00   -27.7966
  16570.00   -27.6092
  16580.00   -28.0995
  16590.00   -27.7419
  16600.00   -27.9540
  16610.00   -27.7115
  16620.00   -28.1743
  16630.00   -27.7796
  16640.00   -27.6952
  16650.00   -27.9023
  16660.00   -28.3097
  16670.00   -28.6664
  16680.00   -27.8317
  16690.00   -27.9218
  16700.00   -27.9788
  16710.00   -27.5261
  16720.00   -27.7585
  16730.00   -28.2218
  16740.00   -28.2084
  16750.00   -27.7458
  16760.00   -27.9063
  16770.00   -27.5893
  16780.00   -28.1277
  16790.00   -27.1411
  16800.00   -28.0389
  16810.00   -27.9456
  16820.00   -27.9887
  16830.00   -28.2476
  16840.00   -28.3740
  16850.00   -28.2642
  16860.00   -28.5807
  16870.00   -27.9788
  16880.00   -27.6382
  16890.00   -27.5540
  16900.00   -27.6373
  16910.00   -27.7993
  16920.00   -28.4375
  16930.00   -27.6050
  16940.00   -28.5083
  16950.00   -27.6249
  16960.00   -27.8377
  16970.00   -27.7867
  16980.00   -27.7617
  16990.00   -27.5114
  17000.00   -27.8786
  17010.00   -27.8601
  17020.00   -27.9068
  17030.00   -27.8903
  17040.00   -27.8520
  17050.00   -27.9955
  17060.00   -28.1108
  17070.00   -27.7653
  17080.00   -27.8637
  17090.00   -28.8059
  17100.00   -28.1068
  17110.00   -28.2560
  17120.00   -27.9398
  17130.00   -28.0406
  17140.00   -27.4483
  17150.00   -28.0902
  17160.00   -28.2012
  17170.00   -28.0255
  17180.00   -27.8017
  17190.00   -27.8378
  17200.00   -28.0554
  17210.00   -28.1828
  17220.00   -27.9070
  17230.00   -27.7246
  17240.00   -28.0516
  17250.00   -27.9972
  17260.00   -27.2436
  17270.00   -27.8001
  17280.00   -27.9226
  17290.00   -28.3946
  17300.00   -27.9865
  17310.00   -28.1962
  17320.00   -27.8066
  17330.00   -28.2297
  17340.00   -27.8175
  17350.00   -28.1194
  17360.00   -27.5204
  17370.00   -27.6242
  17380.00   -27.9578
  17390.00   -27.9806
  17400.00   -28.1405
  17410.00   -28.1023
  17420.00   -27.9046
  17430.00   -28.2102
  17440.00   -28.2571
  17450.00   -28.0951
  17460.00   -28.4279
  17470.00   -27.8220
  17480.00   -27.9708
  17490.00   -27.9289
  17500.00   -27.9919
  17510.00   -28.0320
  17520.00   -28.5094
  17530.00   -28.0810
  17540.00   -27.9109
  17550.00   -27.6827
  17560.00   -27.9540
  17570.00   -27.9023
  17580.00   -28.1901
  17590.00   -27.6113
  17600.00   -27.7118
  17610.00   -27.9060
  17620.00   -28.0488
  17630.00   -28.2705
  17640.00   -28.0720
  17650.00   -27.9848
  17660.00   -27.4597
  17670.00   -27.4216
  17680.00   -27.7426
  17690.00   -28.0524
  17700.00   -27.8941
  17710.00   -27.6944
  17720.00   -27.6653
  17730.00   -28.1884
  17740.00   -28.1409
  17750.00   -27.9201
  17760.00   -27.8487
  17770.00   -28.1016
  17780.00   -27.9350
  17790.00   -27.6730
  17800.00   -28.2421
  17810.00   -27.7970
  17820.00   -28.2851
  17830.00   -28.1513
  17840.00   -27.9984
  17850.00   -28.0303
  17860.00   -28.1955
  17870.00   -28.0747
  17880.00   -27.9911
  17890.00   -28.2933
  17900.00   -28.3006
  17910.00   -27.7400
  17920.00   -28.1919
  17930.00   -27.3990
  17940.00   -27.4235
  17950.00   -27.9215
  17960.00   -27.7792
  17970.00   -27.8926
  17980.00   -28.0648
  17990.00   -28.0333
  18000.00   -27.6589
  18010.00   -28.2489
  18020.00   -27.8638
  18030.00   -27.7505
  18040.00   -28.4634
  18050.00   -27.5500
  18060.00   -28.2455
  18070.00   -27.9781
  18080.00   -27.7308
  18090.00   -28.3079
  18100.00   -27.8505
  18110.00   -28.3724
  18120.00   -27.8135
  18130.00   -28.4898
  18140.00   -27.9433
  18150.00   -27.5688
  18160.00   -28.2022
  18170.00   -28.0448
  18180.00   -28.3163
  18190.00   -27.7183
  18200.00   -27.2704
  18210.00   -28.4788
  18220.00   -27.9929
  18230.00   -27.5744
  18240.00   -28.3827
  18250.00   -28.1506
  18260.00   -27.9350
  18270.00   -27.4959
  18280.00   -28.0120
  18290.00   -28.1406
  18300.00   -28.1512
  18310.00   -28.2972
  18320.00   -27.8296
  18330.00   -27.6661
  18340.00   -27.9946
  18350.00   -27.8395
  18360.00   -28.2157
  18370.00   -28.5787
  18380.00   -28.3639
  18390.00   -27.9145
  18400.00   -28.0381
  18410.00   -27.9953
  18420.00   -28.2142
  18430.00   -28.0838
  18440.00   -27.9968
  18450.00   -27.8524
  18460.00   -27.9125
  18470.00   -27.9104
  18480.00   -27.5859
  18490.00   -27.6241
  18500.00   -27.9173
  18510.00   -28.1677
  18520.00   -28.0810
  18530.00   -28.7535
  18540.00   -28.3310
  18550.00   -27.6849
  18560.00   -28.5338
  18570.00   -28.1302
  18580.00   -28.0525
  18590.00   -28.3126
  18600.00   -28.5617
  18610.00   -27.9940
  18620.00   -27.6797
  18630.00   -28.3575
  18640.00   -28.3353
  18650.00   -27.8737
  18660.00   -27.7560
  18670.00   -27.7057
  18680.00   -28.1673
  18690.00   -27.6903
  18700.00   -27.8255
  18710.00   -27.9307
  18720.00   -27.9005
  18730.00   -27.9452
  18740.00   -27.8644
  18750.00   -28.1477
  18760.00   -28.1428
  18770.00   -27.8825
  18780.00   -28.1937
  18790.00   -27.5399
  18800.00   -28.2605
  18810.00   -27.8558
  18820.00   -28.2797
  18830.00   -27.5161
  18840.00   -27.7612
  18850.00   -28.0179
  18860.00   -27.7676
  18870.00   -27.6090
  18880.00   -27.9813
  18890.00   -28.0483
  18900.00   -28.3945
  18910.00   -28.2136
  18920.00   -28.3903
  18930.00   -27.8519
  18940.00   -28.1813
  18950.00   -27.6392
  18960.00   -27.9637
  18970.00   -27.9140
  18980.00   -28.1572
  18990.00   -27.5502
  19000.00   -27.7806
  19010.00   -27.6636
  19020.00   -28.1746
  19030.00   -27.6845
  19040.00   -28.2204
  19050.00   -27.9758
  19060.00   -28.2980
  19070.00   -28.2507
  19080.00   -28.1377
  19090.00   -28.3041
  19100.00   -27.9344
  19110.00   -28.2297
  19120.00   -28.0325
  19130.00   -27.7090
  19140.00   -28.6579
  19150.00   -27.7255
  19160.00   -28.4183
  19170.00   -27.6877
  19180.00   -27.5633
  19190.00   -28.0066
  19200.00   -28.0798
  19210.00   -27.9599
  19220.00   -27.8839
  19230.00   -27.9457
  19240.00   -28.4852
  19250.00   -28.2761
  19260.00   -27.6816
  19270.00   -28.0733
  19280.00   -28.4904
  19290.00   -27.7647
  19300.00   -27.8783
  19310.00   -27.8856
  19320.00   -27.7665
  19330.00   -27.9923
  19340.00   -28.1871
  19350.00   -28.1371
  19360.00   -28.4720
  19370.00   -28.4421
  19380.00   -28.3157
  19390.00   -28.0744
  19400.00   -28.3432
  19410.00   -28.2429
  19420.00   -27.4766
  19430.00   -27.7698
  19440.00   -28.1096
  19450.00   -27.9758
  19460.00   -27.8396
  19470.00   -27.8234
  19480.00   -28.0876
  19490.00   -27.7285
  19500.00   -28.1133
  19510.00   -27.9366
  19520.00   -27.9393
  19530.00   -27.5929
  19540.00   -27.7884
  19550.00   -27.2480
  19560.00   -28.2079
  19570.00   -28.0974
  19580.00   -28.2049
  19590.00   -27.9945
  19600.00   -28.0002
  19610.00   -27.8295
  19620.00   -28.1539
  19630.00   -28.3814
  19640.00   -27.7888
  19650.00   -27.8186
  19660.00   -28.4542
  19670.00   -27.6256
  19680.00   -27.7586
  19690.00   -27.7503
  19700.00   -28.6092
  19710.00   -28.5112
  19720.00   -27.9042
  19730.00   -28.0771
  19740.00   -28.0851
  19750.00   -27.7015
  19760.00   -27.7315
  19770.00   -27.7895
  19780.00   -27.6994
  19790.00   -28.4284
  19800.00   -27.9032
  19810.00   -28.1493
  19820.00   -28.2764
  19830.00   -28.1075
  19840.00   -27.7622
  19850.00   -27.6039
  19860.00   -28.2349
  19870.00   -27.9414
  19880.00   -28.1988
  19890.00   -27.8904
  19900.00   -27.7371
  19910.00   -27.8581
  19920.00   -27.8128
  19930.00   -27.9046
  19940.00   -28.1765
  19950.00   -28.2450
  19960.00   -28.0360
  19970.00   -28.3310
  19980.00   -28.0164
  19990.00   -28.1902
  20000.00   -28.0968
  20010.00   -28.2220
  20020.00   -27.9675
  20030.00   -28.0373
  20040.00   -27.7802
  20050.00   -28.0898
  20060.00   -27.4416
  20070.00   -27.8443
  20080.00   -27.6699
  20090.00   -28.2528
  20100.00   -27.7449
  20110.00   -28.3406
  20120.00   -27.9483
  20130.00   -28.0579
  20140.00   -27.4378
  20150.00   -28.8194
  20160.00   -28.2417
  20170.00   -28.0907
  20180.00   -28.1879
  20190.00   -27.9045
  20200.00   -27.8677
  20210.00   -28.0107
  20220.00   -27.4986
  20230.00   -27.7626
  20240.00   -27.6754
  20250.00   -28.3608
  20260.00   -27.9688
  20270.00   -27.9528
  20280.00   -27.7575
  20290.00   -27.8248
  20300.00   -28.6159
  20310.00   -27.8943
  20320.00   -27.7734
  20330.00   -28.0585
  20340.00   -27.9741
  20350.00   -27.9714
  20360.00   -28.1844
  20370.00   -27.8923
  20380.00   -27.6581
  20390.00   -27.6185
  20400.00   -27.8293
  20410.00   -27.7080
  20420.00   -28.1075
  20430.00   -28.0486
  20440.00   -28.2365
  20450.00   -28.5508
  20460.00   -28.1071
  20470.00   -28.1756
  20480.00   -28.0743
  20490.00   -28.4722
  20500.00   -28.0981
  20510.00   -28.0785
  20520.00   -27.7634
  20530.00   -28.1059
  20540.00   -28.0346
  20550.00   -28.1146
  20560.00   -27.8204
  20570.00   -27.9637
  20580.00   -27.9689
  20590.00   -27.8678
  20600.00   -27.6341
  20610.00   -28.2549
  20620.00   -27.2626
  20630.00   -27.8080
  20640.00   -28.5309
  20650.00   -27.6722
  20660.00   -28.7217
  20670.00   -28.0080
  20680.00   -28.2218
  20690.00   -27.9562
  20700.00   -28.0242
  20710.00   -27.8577
  20720.00   -27.6147
  20730.00   -27.6473
  20740.00   -28.0464
  20750.00   -28.0680
  20760.00   -27.4823
  20770.00   -28.3279
  20780.00   -27.9134
  20790.00   -28.4958
  20800.00   -27.7754
  20810.00   -27.4996
  20820.00   -27.7802
  20830.00   -27.9205
  20840.00   -28.0314
  20850.00   -28.5116
  20860.00   -28.2279
  20870.00   -27.9978
  20880.00   -27.7321
  20890.00   -28.0204
  20900.00   -27.9944
  20910.00   -27.9007
  20920.00   -27.8403
  20930.00   -28.2350
  20940.00   -27.8755
  20950.00   -28.2035
  20960.00   -27.7310
  20970.00   -28.0957
  20980.00   -27.8869
  20990.00   -28.5762
  21000.00   -27.9859
  21010.00   -27.8440
  21020.00   -28.2848
  21030.00   -27.8111
  21040.00   -27.8384
  21050.00   -28.1258
  21060.00   -28.1160
  21070.00   -27.6285
  21080.00   -28.2023
  21090.00   -28.1117
  21100.00   -27.5534
  21110.00   -27.7250
  21120.00   -28.1492
  21130.00   -27.7932
  21140.00   -27.7122
  21150.00   -28.2033
  21160.00   -28.1580
  21170.00   -27.5249
  21180.00   -27.9107
  21190.00   -27.8192
  21200.00   -27.7848
  21210.00   -28.2544
  21220.00   -27.9204
  21230.00   -28.1280
  21240.00   -27.7945
  21250.00   -27.6038
  21260.00   -27.9672
  21270.00   -28.2674
  21280.00   -28.5722
  21290.00   -28.1787
  21300.00   -27.7030
  21310.00   -28.1431
  21320.00   -27.6457
  21330.00   -28.2249
  21340.00   -27.5557
  21350.00   -27.5813
  21360.00   -27.4152
  21370.00   -28.4515
  21380.00   -27.7428
  21390.00   -28.2526
  21400.00   -27.7812
  21410.00   -27.8493
  21420.00   -27.8210
  21430.00   -27.7573
  21440.00   -28.3881
  21450.00   -28.0299
  21460.00   -28.5376
  21470.00   -28.0182
  21480.00   -28.0282
  21490.00   -28.2033
  21500.00   -27.8199
  21510.00   -27.6899
  21520.00   -27.6817
  21530.00   -27.8099
  21540.00   -27.9782
  21550.00   -28.2633
  21560.00   -27.9173
  21570.00   -28.0803
  21580.00   -28.3288
  21590.00   -27.6430
  21600.00   -28.2261
  21610.00   -28.2865
  21620.00   -28.3659
  21630.00   -27.7117
  21640.00   -28.0776
  21650.00   -28.4065
  21660.00   -27.8925
  21670.00   -27.8170
  21680.00   -28.4718
  21690.00   -28.2245
  21700.00   -28.2264
  21710.00   -27.9037
  21720.00   -28.2072
  21730.00   -28.3921
  21740.00   -28.1376
  21750.00   -27.9431
  21760.00   -27.9089
  21770.00   -27.6771
  21780.00   -28.2860
  21790.00   -27.9981
  21800.00   -27.8412
  21810.00   -28.0159
  21820.00   -28.2831
  21830.00   -27.8303
  21840.00   -27.7279
  21850.00   -27.7708
  21860.00   -27.5526
  21870.00   -27.8263
  21880.00   -28.0361
  21890.00   -28.1017
  21900.00   -27.7686
  21910.00   -27.3056
  21920.00   -27.2365
  21930.00   -27.5853
  21940.00   -28.5599
  21950.00   -28.1347
  21960.00   -27.6293
  21970.00   -27.7824
  21980.00   -27.8639
  21990.00   -28.1709
  22000.00   -27.8740
  22010.00   -27.8916
  22020.00   -27.6948
  22030.00   -28.0233
  22040.00   -28.1789
  22050.00   -28.3041
  22060.00   -27.8325
  22070.00   -28.0458
  22080.00   -28.2111
  22090.00   -28.2146
  22100.00   -28.2678
  22110.00   -27.6299
  22120.00   -28.0171
  22130.00   -28.2549
  22140.00   -28.2123
  22150.00   -28.3821
  22160.00   -27.7406
  22170.00   -27.8792
  22180.00   -27.5032
  22190.00   -27.5566
  22200.00   -27.4350
  22210.00   -28.1054
  22220.00   -27.9369
  22230.00   -28.3227
  22240.00   -28.1424
  22250.00   -28.3135
  22260.00   -27.5143
  22270.00   -27.8191
  22280.00   -28.0024
  22290.00   -27.6800
  22300.00   -27.9084
  22310.00   -27.5539
  22320.00   -27.7889
  22330.00   -27.6711
  22340.00   -27.6015
  22350.00   -28.1676
  22360.00   -27.5677
  22370.00   -27.7688
  22380.00   -27.9763
  22390.00   -28.0052
  22400.00   -27.4564
  22410.00   -28.5013
  22420.00   -28.4307
  22430.00   -27.5099
  22440.00   -28.2667
  22450.00   -28.0230
  22460.00   -27.9672
  22470.00   -28.0312
  22480.00   -27.9659
  22490.00   -28.2140
  22500.00   -27.8316
  22510.00   -28.0884
  22520.00   -27.8825
  22530.00   -28.0454
  22540.00   -27.9380
  22550.00   -28.1169
  22560.00   -28.4596
  22570.00   -28.2827
  22580.00   -27.6255
  22590.00   -27.6745
  22600.00   -28.3959
  22610.00   -27.8874
  22620.00   -28.3634
  22630.00   -28.2892
  22640.00   -27.7448
  22650.00   -28.1988
  22660.00   -27.9806
  22670.00   -27.8897
  22680.00   -27.4831
  22690.00   -27.5203
  22700.00   -28.2451
  22710.00   -27.6631
  22720.00   -27.7507
  22730.00   -27.9563
  22740.00   -28.1427
  22750.00   -27.7874
  22760.00   -28.4366
  22770.00   -27.6609
  22780.00   -27.7400
  22790.00   -27.9447
  22800.00   -27.8191
  22810.00   -28.4121
  22820.00   -28.1234
  22830.00   -28.0080
  22840.00   -27.6488
  22850.00   -27.8200
  22860.00   -28.0461
  22870.00   -27.6690
  22880.00   -27.4605
  22890.00   -27.9567
  22900.00   -27.8161
  22910.00   -28.2838
  22920.00   -28.2643
  22930.00   -28.2301
  22940.00   -27.8414
  22950.00   -28.0837
  22960.00   -27.7372
  22970.00   -28.1798
  22980.00   -27.9464
  22990.00   -28.0143
  23000.00   -28.1751
  23010.00   -27.6388
  23020.00   -27.7924
  23030.00   -27.7165
  23040.00   -28.0006
  23050.00   -28.2028
  23060.00   -28.3376
  23070.00   -28.4016
  23080.00   -27.8610
  23090.00   -28.1970
  23100.00   -28.6360
  23110.00   -27.6011
  23120.00   -28.4764
  23130.00   -27.8765
  23140.00   -28.1092
  23150.00   -28.3618
  23160.00   -27.8503
  23170.00   -27.4858
  23180.00   -27.9768
  23190.00   -27.7745
  23200.00   -27.8778
  23210.00   -27.8637
  23220.00   -28.0776
  23230.00   -27.7944
  23240.00   -28.2824
  23250.00   -28.1480
  23260.00   -28.0971
  23270.00   -27.9189
  23280.00   -27.6449
  23290.00   -28.1443
  23300.00   -27.8116
  23310.00   -28.3497
  23320.00   -27.8339
  23330.00   -27.9205
  23340.00   -27.9262
  23350.00   -28.4244
  23360.00   -28.0279
  23370.00   -27.5399
  23380.00   -27.6680
  23390.00   -27.4809
  23400.00   -28.1849
  23410.00   -27.9619
  23420.00   -27.9440
  23430.00   -27.8724
  23440.00   -27.9218
  23450.00   -27.9141
  23460.00   -28.0267
  23470.00   -28.0937
  23480.00   -27.8584
  23490.00   -28.0739
  23500.00   -28.3606
  23510.00   -27.9145
  23520.00   -27.8148
  23530.00   -27.5890
  23540.00   -27.8391
  23550.00   -27.4952
  23560.00   -27.4622
  23570.00   -27.4743
  23580.00   -27.8083
  23590.00   -27.9703
  23600.00   -28.5453
  23610.00   -27.7912
  23620.00   -27.7924
  23630.00   -28.1181
  23640.00   -27.8016
  23650.00   -27.5686
  23660.00   -28.1764
  23670.00   -27.3818
  23680.00   -28.1939
  23690.00   -27.9373
  23700.00   -27.5006
  23710.00   -28.0058
  23720.00   -28.2057
  23730.00   -28.2642
  23740.00   -27.5893
  23750.00   -27.9159
  23760.00   -28.0079
  23770.00   -28.0610
  23780.00   -28.3653
  23790.00   -27.6820
  23800.00   -27.9772
  23810.00   -28.4949
  23820.00   -28.2059
  23830.00   -27.3620
  23840.00   -28.6365
  23850.00   -28.1909
  23860.00   -27.9800
  23870.00   -28.0893
  23880.00   -27.9129
  23890.00   -28.7341
  23900.00   -27.9398
  23910.00   -27.7284
  23920.00   -28.1568
  23930.00   -27.7698
  23940.00   -28.1632
  23950.00   -27.9605
  23960.00   -27.7931
  23970.00   -27.9437
  23980.00   -28.1048
  23990.00   -28.3642
  24000.00   -27.7177
  24010.00   -27.7072
  24020.00   -28.3519
  24030.00   -28.2126
  24040.00   -27.8196
  24050.00   -28.5362
  24060.00   -28.1500
  24070.00   -28.1222
  24080.00   -28.1649
  24090.00   -27.9415
  24100.00   -27.8924
  24110.00   -28.0787
  24120.00   -27.9058
  24130.00   -27.7618
  24140.00   -28.3035
  24150.00   -28.1071
  24160.00   -28.4795
  24170.00   -27.3128
  24180.00   -28.4249
  24190.00   -27.7901
  24200.00   -27.7489
  24210.00   -27.7963
  24220.00   -28.0116
  24230.00   -27.8688
  24240.00   -27.5704
  24250.00   -28.3212
  24260.00   -28.3288
  24270.00   -27.8198
  24280.00   -27.5422
  24290.00   -28.1474
  24300.00   -28.0522
  24310.00   -27.8935
  24320.00   -28.3241
  24330.00   -28.1954
  24340.00   -28.1124
  24350.00   -27.9659
  24360.00   -27.7025
  24370.00   -28.0961
  24380.00   -28.0074
  24390.00   -27.4112
  24400.00   -28.1863
  24410.00   -27.9556
  24420.00   -28.4960
  24430.00   -27.3317
  24440.00   -27.6681
  24450.00   -27.9980
  24460.00   -28.1431
  24470.00   -28.0151
  24480.00   -27.7368
  24490.00   -27.7221
  24500.00   -27.5920
  24510.00   -28.6993
  24520.00   -27.7872
  24530.00   -27.8268
  24540.00   -27.8718
  24550.00   -28.1740
  24560.00   -28.2039
  24570.00   -28.3518
  24580.00   -27.6631
  24590.00   -28.0936
  24600.00   -27.8554
  24610.00   -27.9471
  24620.00   -28.0304
  24630.00   -28.0027
  24640.00   -27.9408
  24650.00   -28.2739
  24660.00   -28.2598
  24670.00   -27.6886
  24680.00   -28.2298
  24690.00   -28.1784
  24700.00   -27.8303
  24710.00   -27.9694
  24720.00   -28.2577
  24730.00   -28.1545
  24740.00   -28.3437
  24750.00   -28.3551
  24760.00   -28.5095
  24770.00   -28.3480
  24780.00   -28.3555
  24790.00   -27.9429
  24800.00   -27.4450
  24810.00   -28.3555
  24820.00   -28.1989
  24830.00   -28.3098
  24840.00   -28.2418
  24850.00   -28.3808
  24860.00   -28.2322
  24870.00   -28.1929
  24880.00   -27.8397
  24890.00   -27.8763
  24900.00   -28.5246
  24910.00   -28.3553
  24920.00   -28.2040
  24930.00   -27.7865
  24940.00   -27.9637
  24950.00   -28.0083
  24960.00   -27.9443
  24970.00   -27.9786
  24980.00   -27.6519
  24990.00   -27.5192
  25000.00   -27.5809
  25010.00   -27.7625
  25020.00   -28.0992
  25030.00   -27.6951
  25040.00   -27.4394
  25050.00   -27.9221
  25060.00   -28.1238
  25070.00   -27.9058
  25080.00   -28.2247
  25090.00   -27.8280
  25100.00   -28.2575
  25110.00   -28.3420
  25120.00   -28.1284
  25130.00   -28.2898
  25140.00   -27.7747
  25150.00   -27.8528
  25160.00   -27.4685
  25170.00   -27.7556
  25180.00   -27.9162
  25190.00   -27.6437
  25200.00   -28.1191
  25210.00   -28.1439
  25220.00   -27.9076
  25230.00   -28.0889
  25240.00   -27.8322
  25250.00   -27.4628
  25260.00   -28.0284
  25270.00   -27.8316
  25280.00   -27.5861
  25290.00   -28.1880
  25300.00   -27.9104
  25310.00   -28.3324
  25320.00   -27.7639
  25330.00   -27.9658
  25340.00   -27.9176
  25350.00   -28.0478
  25360.00   -27.4956
  25370.00   -28.1913
  25380.00   -27.9402
  25390.00   -27.5948
  25400.00   -28.3703
  25410.00   -27.9646
  25420.00   -27.6209
  25430.00   -28.0538
  25440.00   -29.0221
  25450.00   -27.9758
  25460.00   -28.4652
  25470.00   -27.5639
  25480.00   -27.8849
  25490.00   -28.0217
  25500.00   -28.2431
  25510.00   -27.7330
  25520.00   -27.4799
  25530.00   -28.3627
  25540.00   -28.1548
  25550.00   -27.8573
  25560.00   -27.7407
  25570.00   -27.9634
  25580.00   -28.3870
  25590.00   -27.9669
  25600.00   -28.3465
  25610.00   -28.2161
  25620.00   -28.0681
  25630.00   -27.9335
  25640.00   -28.2313
  25650.00   -28.2774
  25660.00   -28.2085
  25670.00   -27.9445
  25680.00   -27.7360
  25690.00   -27.8692
  25700.00   -28.1954
  25710.00   -27.7759
  25720.00   -27.9665
  25730.00   -27.8109
  25740.00   -27.8288
  25750.00   -27.7137
  25760.00   -28.3333
  25770.00   -27.5620
  25780.00   -28.0143
  25790.00   -28.0140
  25800.00   -27.9073
  25810.00   -28.1612
  25820.00   -28.0190
  25830.00   -27.8868
  25840.00   -27.9178
  25850.00   -28.0711
  25860.00   -28.0068
  25870.00   -27.9958
  25880.00   -28.0954
  25890.00   -28.1519
  25900.00   -27.9838
  25910.00   -27.6463
  25920.00   -27.8730
  25930.00   -27.8592
  25940.00   -27.8906
  25950.00   -28.4539
  25960.00   -27.8437
  25970.00   -28.4086
  25980.00   -27.6052
  25990.00   -28.0867
  26000.00   -28.0598
  26010.00   -27.9741
  26020.00   -27.9361
  26030.00   -28.0117
  26040.00   -27.7358
  26050.00   -28.4075
  26060.00   -28.1247
  26070.00   -27.6493
  26080.00   -28.0622
  26090.00   -27.5725
  26100.00   -27.3786
  26110.00   -28.1436
  26120.00   -27.6789
  26130.00   -28.2345
  26140.00   -28.3415
  26150.00   -27.7074
  26160.00   -27.6863
  26170.00   -27.6867
  26180.00   -27.5550
  26190.00   -28.0439
  26200.00   -28.3743
  26210.00   -28.2787
  26220.00   -27.9366
  26230.00   -27.7950
  26240.00   -28.3688
  26250.00   -27.9394
  26260.00   -28.1483
  26270.00   -28.2501
  26280.00   -28.1408
  26290.00   -27.7956
  26300.00   -27.9812
  26310.00   -27.7899
  26320.00   -28.2847
  26330.00   -28.4400
  26340.00   -28.1239
  26350.00   -27.4679
  26360.00   -28.5700
  26370.00   -28.3564
  26380.00   -27.6520
  26390.00   -28.0353
  26400.00   -27.8367
  26410.00   -28.3941
  26420.00   -27.7911
  26430.00   -28.0491
  26440.00   -28.0568
  26450.00   -28.0546
  26460.00   -27.7196
  26470.00   -27.3225
  26480.00   -28.1001
  26490.00   -27.8057
  26500.00   -28.3159
  26510.00   -27.9239
  26520.00   -27.9653
  26530.00   -28.0532
  26540.00   -27.8488
  26550.00   -28.1030
  26560.00   -27.9464
  26570.00   -27.5882
  26580.00   -28.2450
  26590.00   -27.9169
  26600.00   -27.9153
  26610.00   -28.0256
  26620.00   -27.4127
  26630.00   -27.8817
  26640.00   -28.1537
  26650.00   -27.8773
  26660.00   -27.7682
  26670.00   -27.5358
  26680.00   -28.4497
  26690.00   -27.9566
  26700.00   -27.7319
  26710.00   -27.5992
  26720.00   -28.1484
  26730.00   -27.7141
  26740.00   -27.9166
  26750.00   -28.0480
  26760.00   -28.1641
  26770.00   -27.6556
  26780.00   -28.5576
  26790.00   -28.6712
  26800.00   -27.9295
  26810.00   -27.4298
  26820.00   -28.0701
  26830.00   -28.0284
  26840.00   -27.7249
  26850.00   -27.3896
  26860.00   -28.1209
  26870.00   -28.0519
  26880.00   -28.2023
  26890.00   -27.2719
  26900.00   -27.6810
  26910.00   -28.0823
  26920.00   -28.0772
  26930.00   -27.6520
  26940.00   -27.9386
  26950.00   -27.6917
  26960.00   -27.7640
  26970.00   -28.0872
  26980.00   -28.4406
  26990.00   -27.6940
  27000.00   -28.2021
  27010.00   -28.3212
  27020.00   -28.3889
  27030.00   -28.0977
  27040.00   -27.7547
  27050.00   -27.5755
  27060.00   -28.4711
  27070.00   -28.3386
  27080.00   -28.2504
  27090.00   -28.1980
  27100.00   -27.8394
  27110.00   -27.8049
  27120.00   -27.6756
  27130.00   -27.9360
  27140.00   -28.3264
  27150.00   -27.4826
  27160.00   -28.0325
  27170.00   -28.1227
  27180.00   -27.5485
  27190.00   -27.4509
  27200.00   -28.1019
  27210.00   -28.2834
  27220.00   -28.1762
  27230.00   -27.6951
  27240.00   -27.7653
  27250.00   -27.6319
  27260.00   -28.4788
  27270.00   -27.8242
  27280.00   -28.3753
  27290.00   -28.1393
  27300.00   -27.3584
  27310.00   -28.2298
  27320.00   -28.0762
  27330.00   -27.7458
  27340.00   -27.9118
  27350.00   -27.6824
  27360.00   -28.0465
  27370.00   -27.6828
  27380.00   -27.2259
  27390.00   -27.7786
  27400.00   -28.0637
  27410.00   -28.2088
  27420.00   -27.7631
  27430.00   -27.7095
  27440.00   -27.8121
  27450.00   -28.1209
  27460.00   -27.7656
  27470.00   -28.0770
  27480.00   -27.7604
  27490.00   -27.7196
  27500.00   -27.9604
  27510.00   -28.0996
  27520.00   -27.2837
  27530.00   -28.0363
  27540.00   -28.1105
  27550.00   -28.1357
  27560.00   -28.0976
  27570.00   -28.3032
  27580.00   -27.8434
  27590.00   -27.5688
  27600.00   -27.9528
  27610.00   -28.2856
  27620.00   -28.5280
  27630.00   -28.0456
  27640.00   -27.9429
  27650.00   -28.2834
  27660.00   -27.8956
  27670.00   -28.5527
  27680.00   -27.7943
  27690.00   -27.9410
  27700.00   -27.9606
  27710.00   -28.0365
  27720.00   -28.2669
  27730.00   -28.3000
  27740.00   -28.1449
  27750.00   -27.9936
  27760.00   -27.8343
  27770.00   -27.8596
  27780.00   -28.4032
  27790.00   -28.1422
  27800.00   -27.9229
  27810.00   -28.3001
  27820.00   -27.7537
  27830.00   -27.8063
  27840.00   -27.7131
  27850.00   -27.7887
  27860.00   -27.8880
  27870.00   -27.9783
  27880.00   -27.7320
  27890.00   -28.0341
  27900.00   -28.0454
  27910.00   -28.0858
  27920.00   -28.4273
  27930.00   -27.7252
  27940.00   -27.9341
  27950.00   -28.0719
  27960.00   -28.0603
  27970.00   -28.2782
  27980.00   -28.3238
  27990.00   -27.8359
  28000.00   -28.1721
  28010.00   -27.6253
  28020.00   -27.5147
  28030.00   -27.1260
  28040.00   -28.1099
  28050.00   -27.7814
  28060.00   -27.9250
  28070.00   -28.0460
  28080.00   -28.3903
  28090.00   -27.8995
  28100.00   -28.6658
  28110.00   -28.0402
  28120.00   -27.6861
  28130.00   -28.4574
  28140.00   -28.2691
  28150.00   -28.0918
  28160.00   -28.3231
  28170.00   -28.2894
  28180.00   -27.7585
  28190.00   -27.8688
  28200.00   -27.8112
  28210.00   -27.8716
  28220.00   -28.1393
  28230.00   -28.3596
  28240.00   -28.2776
  28250.00   -28.5589
  28260.00   -27.6126
  28270.00   -28.0588
  28280.00   -28.0483
  28290.00   -28.0055
  28300.00   -28.1797
  28310.00   -27.8512
  28320.00   -28.2092
  28330.00   -28.0566
  28340.00   -27.7017
  28350.00   -28.2035
  28360.00   -27.5278
  28370.00   -27.7568
  28380.00   -28.1209
  28390.00   -27.6710
  28400.00   -28.2037
  28410.00   -28.2493
  28420.00   -28.2451
  28430.00   -28.0543
  28440.00   -28.1426
  28450.00   -27.8956
  28460.00   -27.8819
  28470.00   -28.0966
  28480.00   -27.2311
  28490.00   -28.0242
  28500.00   -28.3442
  28510.00   -27.9724
  28520.00   -28.3781
  28530.00   -27.8201
  28540.00   -27.8422
  28550.00   -28.2802
  28560.00   -28.1980
  28570.00   -28.0993
  28580.00   -27.6093
  28590.00   -27.8520
  28600.00   -27.8333
  28610.00   -27.7311
  28620.00   -27.7265
  28630.00   -28.2620
  28640.00   -27.8040
  28650.00   -28.2646
  28660.00   -28.2671
  28670.00   -27.6274
  28680.00   -27.2502
  28690.00   -27.3837
  28700.00   -27.6309
  28710.00   -27.5024
  28720.00   -27.6904
  28730.00   -28.0651
  28740.00   -28.0310
  28750.00   -28.0457
  28760.00   -27.9806
  28770.00   -28.5034
  28780.00   -28.2141
  28790.00   -28.4495
  28800.00   -28.2753
  28810.00   -28.1044
  28820.00   -28.0141
  28830.00   -27.6211
  28840.00   -27.5894
  28850.00   -27.8784
  28860.00   -27.5392
  28870.00   -27.7840
  28880.00   -28.1494
  28890.00   -28.0876
  28900.00   -27.5061
  28910.00   -28.3058
  28920.00   -28.1679
  28930.00   -28.0830
  28940.00   -27.6660
  28950.00   -27.7731
  28960.00   -27.3940
  28970.00   -27.4963
  28980.00   -27.9919
  28990.00   -28.2345
  29000.00   -27.7906
  29010.00   -28.1454
  29020.00   -28.2132
  29030.00   -28.2416
  29040.00   -27.6285
  29050.00   -28.3146
  29060.00   -27.7699
  29070.00   -27.8302
  29080.00   -28.3693
  29090.00   -27.8091
  29100.00   -28.2092
  29110.00   -28.1061
  29120.00   -27.9289
  29130.00   -28.0774
  29140.00   -28.0006
  29150.00   -27.7491
  29160.00   -27.4944
  29170.00   -28.1267
  29180.00   -27.5506
  29190.00   -27.6273
  29200.00   -28.4521
  29210.00   -28.0803
  29220.00   -27.5102
  29230.00   -27.4770
  29240.00   -28.0312
  29250.00   -27.9590
  29260.00   -27.6843
  29270.00   -27.4681
  29280.00   -28.0321
  29290.00   -27.8085
  29300.00   -27.6833
  29310.00   -27.5228
  29320.00   -27.9451
  29330.00   -28.2454
  29340.00   -27.2197
  29350.00   -28.0991
  29360.00   -27.6034
  29370.00   -28.2372
  29380.00   -28.0432
  29390.00   -28.0284
  29400.00   -27.9643
  29410.00   -27.5922
  29420.00   -28.6177
  29430.00   -27.7802
  29440.00   -28.3187
  29450.00   -28.3466
  29460.00   -27.4901
  29470.00   -28.4373
  29480.00   -27.9934
  29490.00   -28.4491
  29500.00   -27.8546
  29510.00   -28.2576
  29520.00   -27.9131
  29530.00   -27.5314
  29540.00   -27.5042
  29550.00   -28.1903
  29560.00   -28.0866
  29570.00   -28.3402
  29580.00   -28.2441
  29590.00   -27.7673
  29600.00   -27.5391
  29610.00   -27.9516
  29620.00   -27.7109
  29630.00   -28.4881
  29640.00   -27.9782
  29650.00   -27.8070
  29660.00   -28.2402
  29670.00   -28.3426
  29680.00   -27.9696
  29690.00   -28.0960
  29700.00   -27.4864
  29710.00   -28.1334
  29720.00   -27.9593
  29730.00   -27.8647
  29740.00   -27.5710
  29750.00   -27.8539
  29760.00   -28.0813
  29770.00   -27.7498
  29780.00   -27.8923
  29790.00   -28.4654
  29800.00   -28.1373
  29810.00   -28.1161
  29820.00   -28.5665
  29830.00   -28.2687
  29840.00   -27.9899
  29850.00   -27.7666
  29860.00   -28.7947
  29870.00   -28.0877
  29880.00   -28.1680
  29890.00   -27.5238
  29900.00   -28.3104
  29910.00   -28.0606
  29920.00   -27.7222
  29930.00   -27.8681
  29940.00   -27.6570
  29950.00   -28.0484
  29960.00   -28.3863
  29970.00   -28.3524
  29980.00   -28.0544
  29990.00   -28.1817
  30000.00   -27.2143
  30010.00   -28.1943
  30020.00   -27.8887
  30030.00   -27.9511
  30040.00   -28.3285
  30050.00   -27.0549
  30060.00   -28.1749
  30070.00   -28.1625
  30080.00   -28.0356
  30090.00   -27.7057
  30100.00   -27.6092
  30110.00   -27.9848
  30120.00   -28.2679
  30130.00   -27.9953
  30140.00   -27.8875
  30150.00   -27.8424
  30160.00   -28.4396
  30170.00   -28.0884
  30180.00   -27.9258
  30190.00   -28.4637
  30200.00   -28.0777
  30210.00   -27.6452
  30220.00   -27.8112
  30230.00   -28.3573
  30240.00   -28.1298
  30250.00   -28.0361
  30260.00   -28.2786
  30270.00   -27.5079
  30280.00   -28.4410
  30290.00   -27.9249
  30300.00   -27.9547
  30310.00   -28.2151
  30320.00   -28.0227
  30330.00   -28.0666
  30340.00   -27.3568
  30350.00   -27.7360
  30360.00   -28.0352
  30370.00   -27.5484
  30380.00   -27.8443
  30390.00   -27.7351
  30400.00   -28.1299
  30410.00   -27.7252
  30420.00   -27.6830
  30430.00   -27.8864
  30440.00   -27.7274
  30450.00   -28.2052
  30460.00   -27.4590
  30470.00   -28.4083
  30480.00   -28.0457
  30490.00   -28.6084
  30500.00   -28.2986
  30510.00   -28.2777
  30520.00   -28.6922
  30530.00   -27.7590
  30540.00   -27.7945
  30550.00   -28.2063
  30560.00   -28.0898
  30570.00   -27.9500
  30580.00   -27.7660
  30590.00   -27.8771
  30600.00   -28.1668
  30610.00   -27.3500
  30620.00   -27.9007
  30630.00   -28.4633
  30640.00   -27.8470
  30650.00   -28.1985
  30660.00   -28.4477
  30670.00   -28.2132
  30680.00   -27.7991
  30690.00   -28.1989
  30700.00   -28.1051
  30710.00   -28.4405
  30720.00   -28.0968
  30730.00   -27.9723
  30740.00   -28.0347
  30750.00   -28.3550
  30760.00   -27.8379
  30770.00   -28.0824
  30780.00   -28.7397
  30790.00   -28.2571
  30800.00   -27.7860
  30810.00   -28.1401
  30820.00   -28.1148
  30830.00   -27.7593
  30840.00   -27.7886
  30850.00   -28.0230
  30860.00   -27.8755
  30870.00   -27.5764
  30880.00   -27.7026
  30890.00   -28.1574
  30900.00   -27.7472
  30910.00   -28.0550
  30920.00   -28.1975
  30930.00   -27.8545
  30940.00   -28.1351
  30950.00   -28.1191
  30960.00   -27.3863
  30970.00   -27.8793
  30980.00   -28.4163
  30990.00   -27.8881
  31000.00   -28.4694
  31010.00   -28.1257
  31020.00   -28.1256
  31030.00   -27.7736
  31040.00   -28.6527
  31050.00   -28.1013
  31060.00   -28.2748
  31070.00   -27.4161
  31080.00   -28.0335
  31090.00   -27.5085
  31100.00   -28.4116
  31110.00   -28.5373
  31120.00   -28.1799
  31130.00   -28.3885
  31140.00   -28.1828
  31150.00   -27.5504
  31160.00   -28.0210
  31170.00   -27.9939
  31180.00   -28.2731
  31190.00   -28.2496
  31200.00   -27.5199
  31210.00   -28.0888
  31220.00   -28.1424
  31230.00   -28.3891
  31240.00   -27.7518
  31250.00   -28.1008
  31260.00   -27.7261
  31270.00   -28.4110
  31280.00   -28.2948
  31290.00   -28.1105
  31300.00   -28.2967
  31310.00   -27.8455
  31320.00   -27.9971
  31330.00   -27.8976
  31340.00   -27.9887
  31350.00   -27.8303
  31360.00   -27.9911
  31370.00   -28.2435
  31380.00   -28.2449
  31390.00   -28.0377
  31400.00   -28.0466
  31410.00   -28.1285
  31420.00   -27.5831
  31430.00   -28.2527
  31440.00   -27.9028
  31450.00   -28.0477
  31460.00   -28.0214
  31470.00   -28.0087
  31480.00   -28.4413
  31490.00   -27.8786
  31500.00   -28.2222
  31510.00   -27.8198
  31520.00   -27.7063
  31530.00   -28.1880
  31540.00   -27.9314
  31550.00   -27.8601
  31560.00   -28.2127
  31570.00   -28.0015
  31580.00   -27.8769
  31590.00   -28.1478
  31600.00   -27.7375
  31610.00   -27.2559
  31620.00   -27.9502
  31630.00   -27.5733
  31640.00   -28.2809
  31650.00   -28.0662
  31660.00   -27.7627
  31670.00   -27.9604
  31680.00   -27.9689
  31690.00   -27.5986
  31700.00   -28.0442
  31710.00   -27.8674
  31720.00   -28.4959
  31730.00   -28.2847
  31740.00   -27.9926
  31750.00   -28.2130
  31760.00   -27.7625
  31770.00   -27.9713
  31780.00   -28.0890
  31790.00   -27.8952
  31800.00   -27.8207
  31810.00   -27.7789
  31820.00   -27.6926
  31830.00   -28.0505
  31840.00   -28.0933
  31850.00   -28.2646
  31860.00   -27.8642
  31870.00   -28.2536
  31880.00   -28.0583
  31890.00   -28.2990
  31900.00   -27.8921
  31910.00   -27.9640
  31920.00   -27.6307
  31930.00   -27.6554
  31940.00   -28.2864
  31950.00   -28.4712
  31960.00   -28.0308
  31970.00   -27.9408
  31980.00   -27.8753
  31990.00   -28.1008
  32000.00   -28.0857
  32010.00   -28.3571
  32020.00   -27.8529
  32030.00   -27.8491
  32040.00   -27.4889
  32050.00   -27.7429
  32060.00   -28.4575
  32070.00   -28.2595
  32080.00   -27.7181
  32090.00   -27.7660
  32100.00   -28.0149
  32110.00   -28.0901
  32120.00   -27.7876
  32130.00   -28.0805
  32140.00   -28.3491
  32150.00   -28.1168
  32160.00   -27.6386
  32170.00   -28.4603
  32180.00   -28.0517
  32190.00   -28.1855
  32200.00   -28.8217
  32210.00   -28.0886
  32220.00   -27.8314
  32230.00   -28.3961
  32240.00   -27.5244
  32250.00   -28.0211
  32260.00   -28.1196
  32270.00   -27.9418
  32280.00   -28.0872
  32290.00   -28.4437
  32300.00   -27.8860
  32310.00   -28.3935
  32320.00   -28.0318
  32330.00   -27.9745
  32340.00   -27.7136
  32350.00   -27.5295
  32360.00   -27.7968
  32370.00   -28.2136
  32380.00   -28.0314
  32390.00   -27.8893
  32400.00   -28.2292
  32410.00   -27.8701
  32420.00   -27.9712
  32430.00   -27.5200
  32440.00   -28.6667
  32450.00   -28.4054
  32460.00   -27.8730
  32470.00   -28.1999
  32480.00   -27.6152
  32490.00   -28.2546
  32500.00   -27.9716
  32510.00   -28.4338
  32520.00   -28.0442
  32530.00   -28.2372
  32540.00   -28.4539
  32550.00   -27.8546
  32560.00   -28.2572
  32570.00   -27.9919
  32580.00   -28.1990
  32590.00   -28.0598
  32600.00   -27.8469
  32610.00   -27.8623
  32620.00   -27.9539
  32630.00   -27.5081
  32640.00   -28.0835
  32650.00   -28.0151
  32660.00   -27.9266
  32670.00   -27.9098
  32680.00   -27.4763
  32690.00   -28.5463
  32700.00   -27.8864
  32710.00   -28.4714
  32720.00   -28.2438
  32730.00   -28.4456
  32740.00   -28.0189
  32750.00   -27.8910
  32760.00   -27.9672
  32770.00   -27.9241
  32780.00   -27.7779
  32790.00   -28.5099
  32800.00   -27.4622
  32810.00   -28.2924
  32820.00   -28.1327
  32830.00   -27.8366
  32840.00   -27.9401
  32850.00   -27.9123
  32860.00   -28.1298
  32870.00   -27.5059
  32880.00   -27.9345
  32890.00   -27.8189
  32900.00   -28.1805
  32910.00   -27.6226
  32920.00   -28.4006
  32930.00   -28.0317
  32940.00   -27.7805
  32950.00   -28.2609
  32960.00   -27.9731
  32970.00   -27.7126
  32980.00   -28.0892
  32990.00   -28.2080
  33000.00   -28.1929
  33010.00   -28.2759
  33020.00   -28.1813
  33030.00   -28.2476
  33040.00   -28.1797
  33050.00   -27.5925
  33060.00   -27.5408
  33070.00   -28.1099
  33080.00   -28.1103
  33090.00   -28.3993
  33100.00   -27.9628
  33110.00   -28.3321
  33120.00   -28.3066
  33130.00   -28.2672
  33140.00   -28.0269
  33150.00   -28.2705
  33160.00   -27.7786
  33170.00   -28.4391
  33180.00   -27.7348
  33190.00   -28.2625
  33200.00   -28.0677
  33210.00   -28.0871
  33220.00   -28.0892
  33230.00   -27.8448
  33240.00   -28.3426
  33250.00   -27.9268
  33260.00   -27.7755
  33270.00   -27.7714
  33280.00   -28.0660
  33290.00   -28.1965
  33300.00   -27.8321
  33310.00   -27.8101
  33320.00   -28.2295
  33330.00   -28.4390
  33340.00   -28.0904
  33350.00   -28.3793
  33360.00   -27.3030
  33370.00   -27.8990
  33380.00   -27.9152
  33390.00   -28.3830
  33400.00   -27.8380
  33410.00   -28.1864
  33420.00   -28.2285
  33430.00   -27.8563
  33440.00   -28.0160
  33450.00   -27.8681
  33460.00   -27.7787
  33470.00   -28.3899
  33480.00   -27.8645
  33490.00   -27.7039
  33500.00   -28.0781
  33510.00   -28.7785
  33520.00   -27.7550
  33530.00   -28.7459
  33540.00   -28.4660
  33550.00   -27.7406
  33560.00   -27.7873
  33570.00   -28.9264
  33580.00   -27.6456
  33590.00   -28.2868
  33600.00   -28.2195
  33610.00   -27.9986
  33620.00   -27.5949
  33630.00   -27.8468
  33640.00   -28.0121
  33650.00   -28.6519
  33660.00   -28.0715
  33670.00   -28.2346
  33680.00   -28.0023
  33690.00   -28.2035
  33700.00   -28.1814
  33710.00   -27.2894
  33720.00   -27.9768
  33730.00   -27.4326
  33740.00   -27.9282
  33750.00   -28.5104
  33760.00   -28.1734
  33770.00   -27.8841
  33780.00   -28.0973
  33790.00   -27.9535
  33800.00   -27.9967
  33810.00   -27.8151
  33820.00   -27.7370
  33830.00   -28.3492
  33840.00   -27.8665
  33850.00   -27.7250
  33860.00   -27.8492
  33870.00   -28.1115
  33880.00   -27.9540
  33890.00   -28.4698
  33900.00   -27.8000
  33910.00   -28.2421
  33920.00   -27.7044
  33930.00   -28.0797
  33940.00   -28.1241
  33950.00   -28.2714
  33960.00   -28.0636
  33970.00   -27.8122
  33980.00   -28.4012
  33990.00   -28.3386
  34000.00   -27.5500
  34010.00   -28.2532
  34020.00   -27.8405
  34030.00   -27.6950
  34040.00   -28.2075
  34050.00   -27.6128
  34060.00   -28.0516
  34070.00   -28.3489
  34080.00   -27.5603
  34090.00   -28.6399
  34100.00   -27.9086
  34110.00   -27.9550
  34120.00   -28.0985
  34130.00   -27.8768
  34140.00   -27.4525
  34150.00   -28.2850
  34160.00   -28.2660
  34170.00   -28.2522
  34180.00   -28.1823
  34190.00   -27.6035
  34200.00   -28.3967
  34210.00   -27.9285
  34220.00   -27.9632
  34230.00   -28.4803
  34240.00   -27.9663
  34250.00   -27.7452
  34260.00   -27.9334
  34270.00   -28.2065
  34280.00   -27.9869
  34290.00   -28.5196
  34300.00   -27.5988
  34310.00   -27.9422
  34320.00   -27.7693
  34330.00   -27.9768
  34340.00   -28.5487
  34350.00   -27.9939
  34360.00   -28.7705
  34370.00   -28.1857
  34380.00   -28.1876
  34390.00   -27.7839
  34400.00   -28.6187
  34410.00   -28.1828
  34420.00   -28.5968
  34430.00   -27.4697
  34440.00   -28.1060
  34450.00   -28.5752
  34460.00   -28.2119
  34470.00   -27.9248
  34480.00   -27.7167
  34490.00   -28.7873
  34500.00   -28.2579
  34510.00   -27.6336
  34520.00   -28.1704
  34530.00   -28.3256
  34540.00   -27.9436
  34550.00   -27.9310
  34560.00   -27.7150
  34570.00   -27.4638
  34580.00   -27.8693
  34590.00   -28.0265
  34600.00   -28.3887
  34610.00   -27.9672
  34620.00   -27.8231
  34630.00   -28.1177
  34640.00   -28.3331
  34650.00   -28.2603
  34660.00   -27.7115
  34670.00   -27.6332
  34680.00   -27.8093
  34690.00   -28.5181
  34700.00   -27.6850
  34710.00   -28.0988
  34720.00   -27.6207
  34730.00   -27.5539
  34740.00   -27.9826
  34750.00   -28.0162
  34760.00   -27.6197
  34770.00   -27.9175
  34780.00   -27.8947
  34790.00   -27.1906
  34800.00   -28.2286
  34810.00   -27.8449
  34820.00   -28.3179
  34830.00   -28.0739
  34840.00   -27.5447
  34850.00   -27.7111
  34860.00   -27.7960
  34870.00   -27.8922
  34880.00   -27.7437
  34890.00   -27.6248
  34900.00   -28.0342
  34910.00   -27.0655
  34920.00   -27.9516
  34930.00   -28.2567
  34940.00   -28.1749
  34950.00   -27.6256
  34960.00   -28.1443
  34970.00   -28.4127
  34980.00   -27.9988
  34990.00   -27.9176
  35000.00   -27.5075
  35010.00   -28.0079
  35020.00   -28.1555
  35030.00   -27.7350
  35040.00   -27.8650
  35050.00   -28.3527
  35060.00   -28.1483
  35070.00   -28.3517
  35080.00   -28.2565
  35090.00   -27.8984
  35100.00   -27.8238
  35110.00   -28.0349
  35120.00   -28.4205
  35130.00   -27.9082
  35140.00   -27.8570
  35150.00   -27.9054
  35160.00   -28.0992
  35170.00   -28.0057
  35180.00   -27.9243
  35190.00   -28.0732
  35200.00   -27.4474
  35210.00   -27.9321
  35220.00   -28.3663
  35230.00   -28.0958
  35240.00   -28.4434
  35250.00   -28.4271
  35260.00   -28.0285
  35270.00   -28.0058
  35280.00   -28.0087
  35290.00   -28.1085
  35300.00   -27.8122
  35310.00   -27.8190
  35320.00   -28.1922
  35330.00   -27.9268
  35340.00   -28.5142
  35350.00   -27.2996
  35360.00   -27.5978
  35370.00   -28.0739
  35380.00   -27.7226
  35390.00   -27.9313
  35400.00   -28.0106
  35410.00   -28.2428
  35420.00   -27.9426
  35430.00   -27.8323
  35440.00   -27.5630
  35450.00   -28.3188
  35460.00   -27.4173
  35470.00   -27.8356
  35480.00   -27.3778
  35490.00   -28.3050
  35500.00   -28.2534
  35510.00   -27.4305
  35520.00   -28.5551
  35530.00   -28.1334
  35540.00   -27.7608
  35550.00   -27.8845
  35560.00   -28.2257
  35570.00   -28.1021
  35580.00   -28.6587
  35590.00   -28.1114
  35600.00   -28.0919
  35610.00   -28.3421
  35620.00   -27.5234
  35630.00   -28.5463
  35640.00   -27.9473
  35650.00   -28.0858
  35660.00   -28.1443
  35670.00   -28.1736
  35680.00   -27.7946
  35690.00   -27.9565
  35700.00   -28.2717
  35710.00   -27.9450
  35720.00   -28.0562
  35730.00   -27.7387
  35740.00   -27.5578
  35750.00   -28.2959
  35760.00   -28.1186
  35770.00   -28.3032
  35780.00   -28.2059
  35790.00   -27.9645
  35800.00   -28.2213
  35810.00   -27.9738
  35820.00   -27.9969
  35830.00   -28.2193
  35840.00   -28.0738
  35850.00   -27.7805
  35860.00   -27.6082
  35870.00   -28.0694
  35880.00   -27.9038
  35890.00   -27.5381
  35900.00   -27.8525
  35910.00   -28.0502
  35920.00   -27.8211
  35930.00   -27.9076
  35940.00   -28.1891
  35950.00   -28.0138
  35960.00   -28.3458
  35970.00   -27.7023
  35980.00   -27.8323
  35990.00   -27.8352
  36000.00   -27.8975
  36010.00   -27.9695
  36020.00   -27.4841
  36030.00   -27.9001
  36040.00   -27.4493
  36050.00   -27.7538
  36060.00   -27.9795
  36070.00   -27.8934
  36080.00   -28.6176
  36090.00   -27.8442
  36100.00   -28.0112
  36110.00   -27.7707
  36120.00   -27.5042
  36130.00   -27.7947
  36140.00   -28.4446
  36150.00   -28.0882
  36160.00   -27.8809
  36170.00   -27.7134
  36180.00   -27.9184
  36190.00   -27.8303
  36200.00   -27.9328
  36210.00   -28.6404
  36220.00   -28.2728
  36230.00   -28.1126
  36240.00   -28.4302
  36250.00   -28.0218
  36260.00   -27.9991
  36270.00   -28.3927
  36280.00   -27.6966
  36290.00   -28.2542
  36300.00   -27.3534
  36310.00   -27.6733
  36320.00   -27.6404
  36330.00   -27.8920
  36340.00   -28.3700
  36350.00   -27.7942
  36360.00   -28.1062
  36370.00   -28.3619
  36380.00   -28.2144
  36390.00   -27.6901
  36400.00   -27.9552
  36410.00   -27.7747
  36420.00   -27.7445
  36430.00   -28.0561
  36440.00   -28.1664
  36450.00   -28.3650
  36460.00   -27.5629
  36470.00   -27.6181
  36480.00   -28.2058
  36490.00   -28.1047
  36500.00   -27.6391
  36510.00   -27.9224
  36520.00   -28.2014
  36530.00   -27.7841
  36540.00   -28.0754
  36550.00   -28.1304
  36560.00   -28.2369
  36570.00   -27.9008
  36580.00   -27.8427
  36590.00   -28.2274
  36600.00   -27.4745
  36610.00   -28.1306
  36620.00   -27.5978
  36630.00   -27.4193
  36640.00   -28.2472
  36650.00   -28.2146
  36660.00   -28.0514
  36670.00   -27.5548
  36680.00   -28.1011
  36690.00   -28.1422
  36700.00   -27.7900
  36710.00   -28.1762
  36720.00   -28.2625
  36730.00   -28.0640
  36740.00   -27.9911
  36750.00   -28.4086
  36760.00   -28.3008
  36770.00   -27.7439
  36780.00   -27.7961
  36790.00   -28.1816
  36800.00   -28.3628
  36810.00   -27.4592
  36820.00   -27.2969
  36830.00   -27.8961
  36840.00   -28.1145
  36850.00   -28.3333
  36860.00   -27.5047
  36870.00   -28.3421
  36880.00   -28.1465
  36890.00   -28.0155
  36900.00   -27.7321
  36910.00   -28.0300
  36920.00   -27.9706
  36930.00   -27.6366
  36940.00   -27.7953
  36950.00   -28.0818
  36960.00   -27.8551
  36970.00   -28.0405
  36980.00   -28.1718
  36990.00   -28.0828
  37000.00   -27.5616
  37010.00   -27.6736
  37020.00   -28.1425
  37030.00   -27.8585
  37040.00   -28.1134
  37050.00   -27.9752
  37060.00   -27.8886
  37070.00   -28.4267
  37080.00   -27.7241
  37090.00   -27.7593
  37100.00   -27.7116
  37110.00   -27.9951
  37120.00   -27.7119
  37130.00   -27.9922
  37140.00   -27.9536
  37150.00   -28.1283
  37160.00   -27.9686
  37170.00   -27.9133
  37180.00   -27.9468
  37190.00   -28.5090
  37200.00   -27.5733
  37210.00   -28.2418
  37220.00   -28.4404
  37230.00   -27.8502
  37240.00   -28.1561
  37250.00   -27.8095
  37260.00   -28.0915
  37270.00   -27.9847
  37280.00   -28.0715
  37290.00   -28.4003
  37300.00   -28.0228
  37310.00   -28.5060
  37320.00   -27.6835
  37330.00   -27.7121
  37340.00   -27.5680
  37350.00   -28.2939
  37360.00   -28.0397
  37370.00   -27.8201
  37380.00   -27.4643
  37390.00   -27.6606
  37400.00   -28.1731
  37410.00   -27.5967
  37420.00   -27.3835
  37430.00   -27.9993
  37440.00   -27.7770
  37450.00   -27.6039
  37460.00   -28.1102
  37470.00   -28.3495
  37480.00   -28.0527
  37490.00   -28.0488
  37500.00   -27.5805
  37510.00   -27.7139
  37520.00   -27.7749
  37530.00   -28.0419
  37540.00   -28.4897
  37550.00   -28.2218
  37560.00   -27.8723
  37570.00   -28.0116
  37580.00   -27.7508
  37590.00   -28.0410
  37600.00   -27.8891
  37610.00   -28.1366
  37620.00   -27.4048
  37630.00   -27.5615
  37640.00   -27.8774
  37650.00   -27.9296
  37660.00   -28.0191
  37670.00   -27.3915
  37680.00   -27.9974
  37690.00   -28.2018
  37700.00   -27.8513
  37710.00   -27.9015
  37720.00   -28.3969
  37730.00   -28.0028
  37740.00   -27.6872
  37750.00   -28.0818
  37760.00   -27.8162
  37770.00   -27.9870
  37780.00   -27.7557
  37790.00   -27.7417
  37800.00   -27.9827
  37810.00   -27.6290
  37820.00   -28.0451
  37830.00   -27.7892
  37840.00   -28.0395
  37850.00   -28.1694
  37860.00   -28.3310
  37870.00   -28.0013
  37880.00   -28.1128
  37890.00   -27.9485
  37900.00   -28.5312
  37910.00   -28.2062
  37920.00   -27.9048
  37930.00   -27.9551
  37940.00   -27.9273
  37950.00   -28.2689
  37960.00   -28.0737
  37970.00   -27.7068
  37980.00   -27.9061
  37990.00   -28.2217
  38000.00   -27.8825
  38010.00   -28.0907
  38020.00   -27.9507
  38030.00   -27.7666
  38040.00   -28.1417
  38050.00   -27.8737
  38060.00   -28.2366
  38070.00   -27.7150
  38080.00   -28.2872
  38090.00   -28.0113
  38100.00   -28.0418
  38110.00   -28.1247
  38120.00   -28.1132
  38130.00   -28.4053
  38140.00   -27.9734
  38150.00   -27.9020
  38160.00   -28.3633
  38170.00   -28.0197
  38180.00   -28.0064
  38190.00   -27.4515
  38200.00   -28.1241
  38210.00   -27.8279
  38220.00   -27.6790
  38230.00   -27.9437
  38240.00   -28.0319
  38250.00   -27.9714
  38260.00   -28.2632
  38270.00   -28.1397
  38280.00   -28.2629
  38290.00   -27.6620
  38300.00   -27.8847
  38310.00   -27.9359
  38320.00   -28.0314
  38330.00   -27.6253
  38340.00   -27.6647
  38350.00   -27.5649
  38360.00   -27.3104
  38370.00   -27.9261
  38380.00   -28.3147
  38390.00   -28.3717
  38400.00   -27.5576
  38410.00   -28.2151
  38420.00   -28.0388
  38430.00   -28.2169
  38440.00   -28.0326
  38450.00   -28.1880
  38460.00   -27.7267
  38470.00   -27.9360
  38480.00   -28.4732
  38490.00   -28.4664
  38500.00   -28.0659
  38510.00   -27.4988
  38520.00   -27.9980
  38530.00   -27.6543
  38540.00   -27.9603
  38550.00   -27.8793
  38560.00   -28.1928
  38570.00   -27.7283
  38580.00   -27.9134
  38590.00   -28.0681
  38600.00   -27.4423
  38610.00   -28.0697
  38620.00   -28.0159
  38630.00   -28.1734
  38640.00   -28.8917
  38650.00   -27.5293
  38660.00   -27.6777
  38670.00   -27.9788
  38680.00   -27.9880
  38690.00   -27.7667
  38700.00   -27.5441
  38710.00   -28.3289
  38720.00   -28.1391
  38730.00   -28.1727
  38740.00   -28.0928
  38750.00   -28.2516
  38760.00   -28.3921
  38770.00   -28.0034
  38780.00   -28.0775
  38790.00   -28.3331
  38800.00   -28.1620
  38810.00   -27.8261
  38820.00   -28.5002
  38830.00   -27.6481
  38840.00   -27.7677
  38850.00   -27.6770
  38860.00   -28.1932
  38870.00   -28.0509
  38880.00   -28.1263
  38890.00   -28.0073
  38900.00   -27.8041
  38910.00   -28.0258
  38920.00   -28.5131
  38930.00   -27.9215
  38940.00   -28.1994
  38950.00   -27.7706
  38960.00   -28.2414
  38970.00   -28.2601
  38980.00   -27.9161
  38990.00   -28.0754
  39000.00   -28.2052
  39010.00   -28.3632
  39020.00   -28.2987
  39030.00   -28.0526
  39040.00   -27.7198
  39050.00   -28.0180
  39060.00   -27.7516
  39070.00   -27.9338
  39080.00   -27.5546
  39090.00   -27.3885
  39100.00   -28.1241
  39110.00   -28.2193
  39120.00   -28.1160
  39130.00   -27.8519
  39140.00   -27.9875
  39150.00   -27.3608
  39160.00   -27.9568
  39170.00   -27.7179
  39180.00   -27.5768
  39190.00   -27.7668
  39200.00   -27.9054
  39210.00   -27.9351
  39220.00   -28.1836
  39230.00   -28.0270
  39240.00   -27.8439
  39250.00   -27.8437
  39260.00   -28.1644
  39270.00   -28.5532
  39280.00   -28.0535
  39290.00   -27.7782
  39300.00   -28.0297
  39310.00   -28.3224
  39320.00   -27.9561
  39330.00   -27.8323
  39340.00   -27.7083
  39350.00   -27.9438
  39360.00   -27.9230
  39370.00   -27.8520
  39380.00   -28.1610
  39390.00   -28.2368
  39400.00   -27.5265
  39410.00   -28.1447
  39420.00   -28.2825
  39430.00   -28.0217
  39440.00   -27.9480
  39450.00   -27.7277
  39460.00   -28.0220
  39470.00   -28.1581
  39480.00   -28.3146
  39490.00   -27.9995
  39500.00   -28.7325
  39510.00   -28.0975
  39520.00   -27.7972
  39530.00   -27.6842
  39540.00   -28.5096
  39550.00   -28.1405
  39560.00   -28.1143
  39570.00   -28.5600
  39580.00   -28.4620
  39590.00   -28.1155
  39600.00   -27.7382
  39610.00   -28.1150
  39620.00   -28.1660
  39630.00   -28.3766
  39640.00   -28.2520
  39650.00   -27.9772
  39660.00   -28.2668
  39670.00   -28.1300
  39680.00   -27.7366
  39690.00   -27.9612
  39700.00   -28.1629
  39710.00   -28.0121
  39720.00   -27.9495
  39730.00   -28.1320
  39740.00   -28.4354
  39750.00   -28.1064
  39760.00   -27.9356
  39770.00   -28.0717
  39780.00   -27.9991
  39790.00   -27.9784
  39800.00   -27.7076
  39810.00   -27.4885
  39820.00   -28.2031
  39830.00   -28.0245
  39840.00   -27.8335
  39850.00   -28.5156
  39860.00   -28.0295
  39870.00   -28.1680
  39880.00   -27.7247
  39890.00   -27.9795
  39900.00   -28.1544
  39910.00   -27.9997
  39920.00   -27.7015
  39930.00   -28.0442
  39940.00   -28.1350
  39950.00   -27.9016
  39960.00   -28.2554
  39970.00   -27.5037
  39980.00   -28.2724
  39990.00   -27.8489
  40000.00   -27.8417
  40010.00   -28.5995
  40020.00   -27.9659
  40030.00   -28.2110
  40040.00   -27.6300
  40050.00   -28.3737
  40060.00   -27.4860
  40070.00   -28.1661
  40080.00   -27.8573
  40090.00   -27.8476
  40100.00   -27.8676
  40110.00   -27.7606
  40120.00   -27.5418
  40130.00   -28.0979
  40140.00   -27.8052
  40150.00   -27.9917
  40160.00   -28.1233
  40170.00   -27.9950
  40180.00   -28.1039
  40190.00   -28.4370
  40200.00   -28.5449
  40210.00   -28.3973
  40220.00   -27.6686
  40230.00   -27.9074
  40240.00   -28.2968
  40250.00   -28.0328
  40260.00   -28.4811
  40270.00   -28.0137
  40280.00   -28.2027
  40290.00   -28.1029
  40300.00   -28.0925
  40310.00   -27.3063
  40320.00   -27.9051
  40330.00   -28.2060
  40340.00   -28.0483
  40350.00   -27.7416
  40360.00   -28.3102
  40370.00   -28.1320
  40380.00   -28.2104
  40390.00   -27.9315
  40400.00   -28.2126
  40410.00   -27.9614
  40420.00   -27.4587
  40430.00   -28.1773
  40440.00   -27.5880
  40450.00   -28.1402
  40460.00   -27.8018
  40470.00   -28.4722
  40480.00   -28.1041
  40490.00   -28.1384
  40500.00   -27.7657
  40510.00   -27.6595
  40520.00   -28.1571
  40530.00   -27.7529
  40540.00   -28.1289
  40550.00   -27.4546
  40560.00   -27.9637
  40570.00   -27.6758
  40580.00   -27.6399
  40590.00   -27.6626
  40600.00   -27.4771
  40610.00   -27.7680
  40620.00   -28.4224
  40630.00   -27.9078
  40640.00   -28.4064
  40650.00   -28.2561
  40660.00   -28.1443
  40670.00   -28.1135
  40680.00   -28.0013
  40690.00   -28.0768
  40700.00   -28.0545
  40710.00   -28.2149
  40720.00   -28.0230
  40730.00   -27.9394
  40740.00   -28.6720
  40750.00   -28.0146
  40760.00   -28.4305
  40770.00   -27.7888
  40780.00   -28.1193
  40790.00   -28.5037
  40800.00   -28.2203
  40810.00   -27.8529
  40820.00   -28.5040
  40830.00   -27.8271
  40840.00   -27.7711
  40850.00   -27.7404
  40860.00   -28.5845
  40870.00   -27.6774
  40880.00   -27.6108
  40890.00   -27.7344
  40900.00   -28.3827
  40910.00   -28.0246
  40920.00   -27.9187
  40930.00   -27.4655
  40940.00   -28.3130
  40950.00   -27.8540
  40960.00   -28.3818
  40970.00   -28.1506
  40980.00   -28.1344
  40990.00   -27.8515
  41000.00   -27.9436
  41010.00   -28.2300
  41020.00   -27.8410
  41030.00   -27.8701
  41040.00   -27.8101
  41050.00   -27.5979
  41060.00   -27.7700
  41070.00   -27.2809
  41080.00   -27.8169
  41090.00   -27.7675
  41100.00   -27.7481
  41110.00   -28.1421
  41120.00   -28.2635
  41130.00   -28.0340
  41140.00   -27.9173
  41150.00   -27.7157
  41160.00   -27.9401
  41170.00   -28.2723
  41180.00   -28.1576
  41190.00   -27.8736
  41200.00   -28.0830
  41210.00   -28.6909
  41220.00   -28.1017
  41230.00   -28.2704
  41240.00   -27.7597
  41250.00   -27.4871
  41260.00   -27.6784
  41270.00   -28.0627
  41280.00   -28.3469
  41290.00   -28.6998
  41300.00   -28.4870
  41310.00   -28.2137
  41320.00   -28.0427
  41330.00   -28.7009
  41340.00   -28.4965
  41350.00   -27.9476
  41360.00   -28.4945
  41370.00   -28.0696
  41380.00   -27.5331
  41390.00   -27.6229
  41400.00   -28.1084
  41410.00   -27.7095
  41420.00   -27.8831
  41430.00   -27.7607
  41440.00   -28.0658
  41450.00   -28.2404
  41460.00   -27.5312
  41470.00   -28.1114
  41480.00   -27.8427
  41490.00   -27.7164
  41500.00   -27.7247
  41510.00   -28.3121
  41520.00   -28.2221
  41530.00   -27.9225
  41540.00   -27.6398
  41550.00   -27.9617
  41560.00   -27.4919
  41570.00   -28.2126
  41580.00   -28.4562
  41590.00   -27.4610
  41600.00   -28.1378
  41610.00   -27.4989
  41620.00   -28.2488
  41630.00   -28.0172
  41640.00   -28.0475
  41650.00   -27.7117
  41660.00   -28.3757
  41670.00   -28.0568
  41680.00   -27.8926
  41690.00   -27.5771
  41700.00   -27.8633
  41710.00   -27.9855
  41720.00   -28.1523
  41730.00   -27.9910
  41740.00   -28.1241
  41750.00   -28.4117
  41760.00   -28.1040
  41770.00   -27.2206
  41780.00   -28.4569
  41790.00   -28.0972
  41800.00   -28.6536
  41810.00   -27.5564
  41820.00   -28.0706
  41830.00   -27.9448
  41840.00   -28.2549
  41850.00   -28.3923
  41860.00   -28.0409
  41870.00   -28.0845
  41880.00   -27.9173
  41890.00   -27.7871
  41900.00   -27.8303
  41910.00   -28.4319
  41920.00   -28.1504
  41930.00   -27.6051
  41940.00   -28.0477
  41950.00   -28.3306
  41960.00   -27.7200
  41970.00   -28.3983
  41980.00   -27.7414
  41990.00   -28.4404
  42000.00   -27.9869
  42010.00   -28.2333
  42020.00   -28.0771
  42030.00   -28.5058
  42040.00   -27.8184
  42050.00   -28.0555
  42060.00   -28.0548
  42070.00   -27.6118
  42080.00   -28.0650
  42090.00   -27.7243
  42100.00   -27.6668
  42110.00   -27.7045
  42120.00   -28.1295
  42130.00   -27.9709
  42140.00   -28.3518
  42150.00   -28.1230
  42160.00   -28.3846
  42170.00   -27.9061
  42180.00   -27.8378
  42190.00   -27.8497
  42200.00   -28.0832
  42210.00   -27.9931
  42220.00   -28.3344
  42230.00   -28.5701
  42240.00   -27.7750
  42250.00   -28.0792
  42260.00   -27.7269
  42270.00   -28.3157
  42280.00   -28.0828
  42290.00   -27.8035
  42300.00   -28.1532
  42310.00   -28.5348
  42320.00   -27.9159
  42330.00   -28.1779
  42340.00   -28.0972
  42350.00   -27.7640
  42360.00   -28.4502
  42370.00   -28.5859
  42380.00   -28.2950
  42390.00   -27.5587
  42400.00   -27.8783
  42410.00   -27.4615
  42420.00   -27.8471
  42430.00   -27.4636
  42440.00   -28.0532
  42450.00   -27.9218
  42460.00   -28.0214
  42470.00   -27.8370
  42480.00   -28.7266
  42490.00   -27.6825
  42500.00   -28.3172
  42510.00   -27.9206
  42520.00   -28.2567
  42530.00   -27.5004
  42540.00   -28.0539
  42550.00   -28.3546
  42560.00   -27.9075
  42570.00   -27.4554
  42580.00   -27.9302
  42590.00   -28.0871
  42600.00   -28.0337
  42610.00   -27.8913
  42620.00   -27.6424
  42630.00   -27.8556
  42640.00   -28.0414
  42650.00   -28.2517
  42660.00   -27.7822
  42670.00   -27.8846
  42680.00   -27.6632
  42690.00   -28.2242
  42700.00   -27.6988
  42710.00   -28.4488
  42720.00   -27.7826
  42730.00   -28.0142
  42740.00   -28.3061
  42750.00   -27.3372
  42760.00   -28.1377
  42770.00   -28.1517
  42780.00   -27.8858
  42790.00   -28.1288
  42800.00   -28.0198
  42810.00   -28.1226
  42820.00   -27.8230
  42830.00   -28.5462
  42840.00   -27.8206
  42850.00   -27.9271
  42860.00   -27.7755
  42870.00   -28.1005
  42880.00   -27.8527
  42890.00   -28.0083
  42900.00   -28.1609
  42910.00   -27.7825
  42920.00   -27.7286
  42930.00   -27.5978
  42940.00   -27.9593
  42950.00   -28.0339
  42960.00   -27.8464
  42970.00   -27.7258
  42980.00   -27.6588
  42990.00   -28.2872
  43000.00   -27.7233
  43010.00   -27.7815
  43020.00   -28.1023
  43030.00   -27.8166
  43040.00   -28.0317
  43050.00   -28.5583
  43060.00   -28.4211
  43070.00   -28.1692
  43080.00   -27.5996
  43090.00   -27.9907
  43100.00   -28.0702
  43110.00   -28.0704
  43120.00   -27.8492
  43130.00   -27.3773
  43140.00   -27.5376
  43150.00   -27.9020
  43160.00   -28.0606
  43170.00   -27.8549
  43180.00   -27.7770
  43190.00   -27.8305
  43200.00   -27.9999
  43210.00   -28.3236
  43220.00   -27.9220
  43230.00   -28.3174
  43240.00   -28.1013
  43250.00   -27.9278
  43260.00   -27.3351
  43270.00   -27.8423
  43280.00   -27.8913
  43290.00   -28.0135
  43300.00   -28.0811
  43310.00   -27.8479
  43320.00   -28.2179
  43330.00   -28.0259
  43340.00   -28.1914
  43350.00   -27.8552
  43360.00   -28.5997
  43370.00   -27.6947
  43380.00   -28.3240
  43390.00   -27.8873
  43400.00   -28.3087
  43410.00   -28.0393
  43420.00   -28.2855
  43430.00   -27.8449
  43440.00   -27.6265
  43450.00   -27.9936
  43460.00   -27.8395
  43470.00   -27.8070
  43480.00   -27.3688
  43490.00   -28.1383
  43500.00   -28.5658
  43510.00   -27.7820
  43520.00   -27.8615
  43530.00   -28.3571
  43540.00   -28.1555
  43550.00   -28.1205
  43560.00   -28.0132
  43570.00   -27.5286
  43580.00   -27.5227
  43590.00   -28.0722
  43600.00   -27.5334
  43610.00   -28.4609
  43620.00   -27.6399
  43630.00   -27.8243
  43640.00   -28.0840
  43650.00   -27.2898
  43660.00   -28.3111
  43670.00   -27.8519
  43680.00   -28.3581
  43690.00   -28.0511
  43700.00   -27.9173
  43710.00   -27.9378
  43720.00   -28.0676
  43730.00   -28.3044
  43740.00   -27.9480
  43750.00   -27.8942
  43760.00   -27.9664
  43770.00   -27.6905
  43780.00   -27.8560
  43790.00   -28.5075
  43800.00   -28.0593
  43810.00   -28.2054
  43820.00   -27.1616
  43830.00   -28.0958
  43840.00   -28.1526
  43850.00   -28.1236
  43860.00   -27.8039
  43870.00   -27.4838
  43880.00   -27.9705
  43890.00   -28.1347
  43900.00   -28.0131
  43910.00   -27.9722
  43920.00   -28.0116
  43930.00   -27.8559
  43940.00   -27.5852
  43950.00   -28.0474
  43960.00   -28.2071
  43970.00   -27.6016
  43980.00   -27.9399
  43990.00   -27.9153
  44000.00   -28.2484
  44010.00   -28.2447
  44020.00   -28.2595
  44030.00   -27.8648
  44040.00   -28.0413
  44050.00   -27.6703
  44060.00   -27.7940
  44070.00   -28.1715
  44080.00   -27.7838
  44090.00   -28.2351
  44100.00   -27.9440
  44110.00   -28.2838
  44120.00   -28.6683
  44130.00   -27.9116
  44140.00   -27.8952
  44150.00   -27.9953
  44160.00   -27.6191
  44170.00   -28.2610
  44180.00   -27.9641
  44190.00   -28.1261
  44200.00   -27.8176
  44210.00   -27.9553
  44220.00   -27.5749
  44230.00   -27.3764
  44240.00   -28.2234
  44250.00   -27.6648
  44260.00   -27.9027
  44270.00   -27.8342
  44280.00   -28.2607
  44290.00   -27.5879
  44300.00   -27.7888
  44310.00   -28.0643
  44320.00   -28.0735
  44330.00   -28.2548
  44340.00   -27.8008
  44350.00   -27.5301
  44360.00   -28.3264
  44370.00   -28.2574
  44380.00   -28.8714
  44390.00   -28.2819
  44400.00   -28.1969
  44410.00   -28.1527
  44420.00   -28.1827
  44430.00   -28.5412
  44440.00   -28.1672
  44450.00   -28.0436
  44460.00   -27.5796
  44470.00   -28.2486
  44480.00   -27.6916
  44490.00   -28.2276
  44500.00   -27.6955
  44510.00   -28.4776
  44520.00   -28.4434
  44530.00   -27.9062
  44540.00   -27.7507
  44550.00   -27.6471
  44560.00   -27.9026
  44570.00   -28.1439
  44580.00   -27.6674
  44590.00   -27.8554
  44600.00   -27.8977
  44610.00   -28.2561
  44620.00   -28.5071
  44630.00   -27.6009
  44640.00   -28.2812
  44650.00   -27.9927
  44660.00   -27.5880
  44670.00   -28.0534
  44680.00   -28.1370
  44690.00   -27.8794
  44700.00   -28.0901
  44710.00   -27.8441
  44720.00   -27.9073
  44730.00   -28.0638
  44740.00   -27.9319
  44750.00   -27.9674
  44760.00   -27.7969
  44770.00   -27.9623
  44780.00   -28.8617
  44790.00   -27.8657
  44800.00   -27.7577
  44810.00   -28.2626
  44820.00   -28.6532
  44830.00   -28.0233
  44840.00   -28.0527
  44850.00   -27.7446
  44860.00   -28.0499
  44870.00   -28.6877
  44880.00   -27.9990
  44890.00   -27.6294
  44900.00   -28.2687
  44910.00   -28.2022
  44920.00   -28.0663
  44930.00   -27.9034
  44940.00   -28.0599
  44950.00   -28.2871
  44960.00   -28.0371
  44970.00   -28.2071
  44980.00   -27.8806
  44990.00   -28.0859
  45000.00   -28.0039
  45010.00   -28.3001
  45020.00   -28.2236
  45030.00   -28.0908
  45040.00   -28.1352
  45050.00   -28.7097
  45060.00   -27.4916
  45070.00   -28.2407
  45080.00   -27.8456
  45090.00   -28.0395
  45100.00   -27.9357
  45110.00   -28.1498
  45120.00   -28.0162
  45130.00   -27.9128
  45140.00   -27.8017
  45150.00   -28.2352
  45160.00   -27.9592
  45170.00   -27.6671
  45180.00   -28.2215
  45190.00   -27.6885
  45200.00   -27.8348
  45210.00   -27.6007
  45220.00   -27.8277
  45230.00   -28.0510
  45240.00   -27.6300
  45250.00   -27.9031
  45260.00   -28.1800
  45270.00   -28.2236
  45280.00   -27.5720
  45290.00   -27.7632
  45300.00   -28.7107
  45310.00   -27.8414
  45320.00   -27.7362
  45330.00   -28.1462
  45340.00   -28.1823
  45350.00   -27.4708
  45360.00   -28.0036
  45370.00   -28.4379
  45380.00   -27.9106
  45390.00   -27.9204
  45400.00   -28.0099
  45410.00   -28.3861
  45420.00   -28.0083
  45430.00   -27.9333
  45440.00   -27.8482
  45450.00   -28.3075
  45460.00   -28.1326
  45470.00   -28.0031
  45480.00   -28.0239
  45490.00   -27.9722
  45500.00   -27.8495
  45510.00   -28.1075
  45520.00   -28.3779
  45530.00   -27.9428
  45540.00   -27.7893
  45550.00   -28.1043
  45560.00   -28.2858
  45570.00   -27.6012
  45580.00   -28.4518
  45590.00   -27.8780
  45600.00   -28.1277
  45610.00   -28.1386
  45620.00   -28.0181
  45630.00   -28.1780
  45640.00   -27.6800
  45650.00   -28.3766
  45660.00   -28.0145
  45670.00   -28.1252
  45680.00   -27.9469
  45690.00   -27.9235
  45700.00   -28.0479
  45710.00   -28.0364
  45720.00   -28.1321
  45730.00   -27.9952
  45740.00   -27.9740
  45750.00   -27.8841
  45760.00   -27.9273
  45770.00   -27.6400
  45780.00   -27.8998
  45790.00   -28.4806
  45800.00   -28.4722
  45810.00   -28.8686
  45820.00   -27.7282
  45830.00   -27.7197
  45840.00   -27.8621
  45850.00   -28.1902
  45860.00   -27.6675
  45870.00   -27.8679
  45880.00   -28.1360
  45890.00   -27.8126
  45900.00   -27.8998
  45910.00   -28.0308
  45920.00   -27.9272
  45930.00   -27.9976
  45940.00   -28.3237
  45950.00   -28.0945
  45960.00   -27.8424
  45970.00   -28.3671
  45980.00   -27.1536
  45990.00   -27.9292
  46000.00   -28.0130
  46010.00   -27.9368
  46020.00   -28.2606
  46030.00   -27.9389
  46040.00   -28.1563
  46050.00   -28.6657
  46060.00   -28.0571
  46070.00   -28.2889
  46080.00   -27.9010
  46090.00   -28.0712
  46100.00   -28.0335
  46110.00   -27.2755
  46120.00   -28.1398
  46130.00   -28.3562
  46140.00   -28.4289
  46150.00   -28.2098
  46160.00   -27.8715
  46170.00   -28.1581
  46180.00   -28.3867
  46190.00   -28.1724
  46200.00   -27.8220
  46210.00   -27.9764
  46220.00   -28.0270
  46230.00   -27.9376
  46240.00   -27.8856
  46250.00   -28.3977
  46260.00   -27.7132
  46270.00   -28.0889
  46280.00   -28.4098
  46290.00   -28.9180
  46300.00   -28.0360
  46310.00   -27.9667
  46320.00   -27.4761
  46330.00   -27.9774
  46340.00   -27.2673
  46350.00   -27.6297
  46360.00   -27.6287
  46370.00   -27.9143
  46380.00   -27.9578
  46390.00   -27.8747
  46400.00   -27.7688
  46410.00   -28.0306
  46420.00   -28.5068
  46430.00   -27.6068
  46440.00   -27.6518
  46450.00   -27.8226
  46460.00   -27.8495
  46470.00   -28.2690
  46480.00   -27.4600
  46490.00   -27.5946
  46500.00   -28.1796
  46510.00   -28.4320
  46520.00   -27.7336
  46530.00   -28.5804
  46540.00   -28.4778
  46550.00   -28.0465
  46560.00   -27.5181
  46570.00   -28.2127
  46580.00   -27.8209
  46590.00   -27.9600
  46600.00   -28.1074
  46610.00   -27.8499
  46620.00   -28.2688
  46630.00   -27.9991
  46640.00   -27.8958
  46650.00   -27.9852
  46660.00   -27.9865
  46670.00   -28.0918
  46680.00   -28.1274
  46690.00   -27.9706
  46700.00   -27.4561
  46710.00   -27.9381
  46720.00   -28.2340
  46730.00   -27.6704
  46740.00   -27.9488
  46750.00   -27.8647
  46760.00   -28.0775
  46770.00   -27.6701
  46780.00   -28.1360
  46790.00   -27.3421
  46800.00   -28.1017
  46810.00   -28.0117
  46820.00   -27.5892
  46830.00   -27.7586
  46840.00   -28.1690
  46850.00   -27.8713
  46860.00   -27.8296
  46870.00   -28.0065
  46880.00   -28.0517
  46890.00   -27.8486
  46900.00   -27.8203
  46910.00   -28.0505
  46920.00   -27.5822
  46930.00   -27.9390
  46940.00   -28.1802
  46950.00   -27.6584
  46960.00   -28.1300
  46970.00   -27.8471
  46980.00   -28.1191
  46990.00   -28.0065
  47000.00   -27.7856
  47010.00   -28.2269
  47020.00   -28.3225
  47030.00   -28.3930
  47040.00   -28.0481
  47050.00   -27.8487
  47060.00   -28.1543
  47070.00   -28.2590
  47080.00   -27.9144
  47090.00   -28.4840
  47100.00   -27.7736
  47110.00   -27.2094
  47120.00   -28.2440
  47130.00   -27.7632
  47140.00   -27.9892
  47150.00   -27.9493
  47160.00   -28.2350
  47170.00   -28.2613
  47180.00   -28.1293
  47190.00   -27.8745
  47200.00   -28.1329
  47210.00   -28.3134
  47220.00   -27.7331
  47230.00   -28.3829
  47240.00   -27.9443
  47250.00   -28.2744
  47260.00   -27.6099
  47270.00   -28.0678
  47280.00   -27.7547
  47290.00   -28.2404
  47300.00   -27.9308
  47310.00   -27.6894
  47320.00   -28.2323
  47330.00   -28.2234
  47340.00   -28.9256
  47350.00   -28.3339
  47360.00   -28.0315
  47370.00   -27.8162
  47380.00   -28.0701
  47390.00   -27.8283
  47400.00   -28.1806
  47410.00   -28.1533
  47420.00   -27.9059
  47430.00   -27.7691
  47440.00   -27.6351
  47450.00   -27.6607
  47460.00   -27.9379
  47470.00   -28.3428
  47480.00   -28.3040
  47490.00   -27.6350
  47500.00   -27.9875
  47510.00   -27.6124
  47520.00   -28.0429
  47530.00   -27.9540
  47540.00   -28.1416
  47550.00   -28.1908
  47560.00   -27.9220
  47570.00   -27.6148
  47580.00   -27.5293
  47590.00   -27.5853
  47600.00   -28.3168
  47610.00   -28.1187
  47620.00   -28.4085
  47630.00   -28.4084
  47640.00   -28.1226
  47650.00   -28.0859
  47660.00   -28.1841
  47670.00   -27.4134
  47680.00   -27.7520
  47690.00   -28.2385
  47700.00   -28.3539
  47710.00   -27.9314
  47720.00   -28.0194
  47730.00   -28.2737
  47740.00   -27.4185
  47750.00   -27.8110
  47760.00   -27.9655
  47770.00   -28.1811
  47780.00   -28.1826
  47790.00   -27.9064
  47800.00   -27.9367
  47810.00   -27.7688
  47820.00   -27.8361
  47830.00   -27.8797
  47840.00   -27.8813
  47850.00   -28.0632
  47860.00   -27.8544
  47870.00   -27.8384
  47880.00   -27.8774
  47890.00   -28.1161
  47900.00   -27.8386
  47910.00   -28.2452
  47920.00   -27.6589
  47930.00   -27.6627
  47940.00   -27.7426
  47950.00   -28.3773
  47960.00   -28.0794
  47970.00   -28.3852
  47980.00   -28.4375
  47990.00   -28.4797
  48000.00   -28.2377
  48010.00   -28.5467
  48020.00   -28.3410
  48030.00   -28.4456
  48040.00   -28.0954
  48050.00   -28.1617
  48060.00   -27.6657
  48070.00   -28.0150
  48080.00   -28.0691
  48090.00   -28.1995
  48100.00   -28.2620
  48110.00   -28.0287
  48120.00   -28.4933
  48130.00   -27.9338
  48140.00   -28.0296
  48150.00   -27.8240
  48160.00   -27.8859
  48170.00   -28.7188
  48180.00   -27.4317
  48190.00   -28.3543
  48200.00   -27.9034
  48210.00   -27.6807
  48220.00   -28.4657
  48230.00   -27.7444
  48240.00   -28.4089
  48250.00   -27.7103
  48260.00   -28.1455
  48270.00   -28.2294
  48280.00   -28.0942
  48290.00   -27.8211
  48300.00   -28.3097
  48310.00   -27.8159
  48320.00   -28.0029
  48330.00   -28.2436
  48340.00   -27.4113
  48350.00   -28.4098
  48360.00   -28.3620
  48370.00   -28.3934
  48380.00   -27.6403
  48390.00   -28.0961
  48400.00   -27.9021
  48410.00   -27.9428
  48420.00   -27.7940
  48430.00   -28.2473
  48440.00   -28.1020
  48450.00   -28.1275
  48460.00   -27.3293
  48470.00   -27.7356
  48480.00   -27.6550
  48490.00   -27.9097
  48500.00   -27.9515
  48510.00   -27.6842
  48520.00   -28.1791
  48530.00   -27.9978
  48540.00   -27.6786
  48550.00   -27.4331
  48560.00   -27.7647
  48570.00   -27.9905
  48580.00   -28.0017
  48590.00   -27.7779
  48600.00   -27.8675
  48610.00   -27.6272
  48620.00   -27.6513
  48630.00   -28.3246
  48640.00   -28.0123
  48650.00   -28.1584
  48660.00   -27.8380
  48670.00   -27.8960
  48680.00   -28.1090
  48690.00   -28.3655
  48700.00   -27.9941
  48710.00   -27.5062
  48720.00   -28.3585
  48730.00   -27.7901
  48740.00   -28.2865
  48750.00   -28.3501
  48760.00   -27.6152
  48770.00   -28.5878
  48780.00   -28.4188
  48790.00   -28.0639
  48800.00   -28.2819
  48810.00   -27.7765
  48820.00   -27.2302
  48830.00   -28.1808
  48840.00   -27.9065
  48850.00   -27.5805
  48860.00   -27.9668
  48870.00   -27.5566
  48880.00   -28.0381
  48890.00   -28.7204
  48900.00   -28.5610
  48910.00   -28.1120
  48920.00   -28.3363
  48930.00   -27.7921
  48940.00   -27.4958
  48950.00   -27.6350
  48960.00   -28.2205
  48970.00   -27.8995
  48980.00   -27.6777
  48990.00   -28.1068
  49000.00   -27.9583
  49010.00   -27.7396
  49020.00   -28.1161
  49030.00   -27.8632
  49040.00   -28.1274
  49050.00   -28.0590
  49060.00   -28.3207
  49070.00   -28.1734
  49080.00   -27.8935
  49090.00   -27.9380
  49100.00   -28.5829
  49110.00   -28.1570
  49120.00   -27.6607
  49130.00   -28.0992
  49140.00   -28.0815
  49150.00   -27.5018
  49160.00   -28.3349
  49170.00   -28.0342
  49180.00   -27.8714
  49190.00   -27.6832
  49200.00   -27.8917
  49210.00   -27.9070
  49220.00   -28.2490
  49230.00   -28.4246
  49240.00   -28.5887
  49250.00   -28.1867
  49260.00   -28.3128
  49270.00   -27.7102
  49280.00   -27.9145
  49290.00   -27.9855
  49300.00   -28.0392
  49310.00   -27.7373
  49320.00   -27.8416
  49330.00   -27.9171
  49340.00   -27.8257
  49350.00   -27.8856
  49360.00   -27.8091
  49370.00   -28.0622
  49380.00   -27.7476
  49390.00   -27.6038
  49400.00   -27.5128
  49410.00   -27.7769
  49420.00   -27.8475
  49430.00   -27.7468
  49440.00   -27.9534
  49450.00   -27.9104
  49460.00   -27.4871
  49470.00   -27.6945
  49480.00   -27.4735
  49490.00   -28.0904
  49500.00   -27.6511
  49510.00   -28.3172
  49520.00   -27.9830
  49530.00   -28.0437
  49540.00   -28.0297
  49550.00   -28.1557
  49560.00   -27.5529
  49570.00   -28.0559
  49580.00   -27.7188
  49590.00   -28.1113
  49600.00   -28.2739
  49610.00   -28.2308
  49620.00   -28.2492
  49630.00   -28.3241
  49640.00   -27.1779
  49650.00   -27.9811
  49660.00   -28.0772
  49670.00   -27.6050
  49680.00   -28.1969
  49690.00   -28.2228
  49700.00   -28.3902
  49710.00   -28.3547
  49720.00   -27.7479
  49730.00   -27.6676
  49740.00   -27.9909
  49750.00   -27.9113
  49760.00   -27.9308
  49770.00   -27.9372
  49780.00   -28.2699
  49790.00   -28.0629
  49800.00   -27.5998
  49810.00   -28.1141
  49820.00   -27.7075
  49830.00   -28.5273
  49840.00   -27.9494
  49850.00   -27.8703
  49860.00   -27.7084
  49870.00   -28.1296
  49880.00   -27.8590
  49890.00   -27.7161
  49900.00   -27.5898
  49910.00   -27.8360
  49920.00   -27.8834
  49930.00   -27.8186
  49940.00   -27.8009
  49950.00   -27.7395
  49960.00   -28.3720
  49970.00   -27.7844
  49980.00   -27.6222
  49990.00   -28.0876
  50000.00   -28.1458
