     10.00    18.4419
     20.00    17.5084
     30.00    18.4718
     40.00    17.9526
     50.00    17.7418
     60.00    17.6914
     70.00    17.9247
     80.00    17.7457
     90.00    17.7836
    100.00    17.6367
    110.00    17.9177
    120.00    18.4648
    130.00    17.6295
    140.00    17.9372
    150.00    17.5749
    160.00    18.0444
    170.00    18.1319
    180.00    17.8518
    190.00    17.9667
    200.00    17.6601
    210.00    17.9791
    220.00    17.5280
    230.00    17.9293
    240.00    18.2612
    250.00    17.9476
    260.00    18.0348
    270.00    17.7485
    280.00    18.1529
    290.00    17.8014
    300.00    18.3031
    310.00    17.9698
    320.00    17.7278
    330.00    18.2985
    340.00    17.8063
    350.00    18.1942
    360.00    17.8925
    370.00    17.6762
    380.00    18.2364
    390.00    18.0483
    400.00    17.8306
    410.00    18.2527
    420.00    18.1678
    430.00    17.9334
    440.00    17.5868
    450.00    17.6431
    460.00    18.3807
    470.00    17.9407
    480.00    18.1765
    490.00    17.7652
    500.00    18.3287
    510.00    18.0998
    520.00    18.1780
    530.00    18.1971
    540.00    18.1350
    550.00    18.0270
    560.00    18.0668
    570.00    17.9190
    580.00    18.0073
    590.00    17.9501
    600.00    18.0107
    610.00    17.6846
    620.00    18.3434
    630.00    17.9132
    640.00    18.2497
    650.00    18.3458
    660.00    18.3206
    670.00    18.2671
    680.00    17.3922
    690.00    17.7073
    700.00    18.4198
    710.00    17.9586
    720.00    18.0287
    730.00    18.1976
    740.00    18.1148
    750.00    18.0459
    760.00    17.8359
    770.00    17.6845
    780.00    17.7123
    790.00    18.1880
    800.00    17.6458
    810.00    17.3491
    820.00    17.5780
    830.00    17.5799
    840.00    18.0658
    850.00    18.2762
    860.00    17.9395
    870.00    17.8716
    880.00    17.8604
    890.00    17.7654
    900.00    18.2159
    910.00    17.8074
    920.00    17.8107
    930.00    17.6527
    940.00    17.9729
    950.00    17.8419
    960.00    18.0109
    970.00    18.1738
    980.00    17.7592
    990.00    18.0911
   1000.00    17.7218
   1010.00    17.8581
   1020.00    18.3605
   1030.00    18.1451
   1040.00    18.3837
   1050.00    17.5369
   1060.00    17.8485
   1070.00    18.3955
   1080.00    17.8098
   1090.00    18.0047
   1100.00    18.1530
   1110.00    18.4336
   1120.00    17.6944
   1130.00    18.0387
   1140.00    18.2146
   1150.00    17.7854
   1160.00    17.8558
   1170.00    17.8321
   1180.00    18.2798
   1190.00    18.0168
   1200.00    17.9242
   1210.00    18.3951
   1220.00    18.5289
   1230.00    17.8355
   1240.00    17.4538
   1250.00    17.8716
   1260.00    18.0289
   1270.00    17.7105
   1280.00    18.1674
   1290.00    17.7660
   1300.00    17.9435
   1310.00    17.8461
   1320.00    17.8234
   1330.00    18.3061
   1340.00    18.0459
   1350.00    17.6046
   1360.00    17.4078
   1370.00    18.2892
   1380.00    17.4176
   1390.00    17.8068
   1400.00    17.6639
   1410.00    17.9728
   1420.00    17.7481
   1430.00    18.1391
   1440.00    18.0472
   1450.00    18.1498
   1460.00    17.9997
   1470.00    17.9701
   1480.00    18.0695
   1490.00    17.5814
   1500.00    18.0484
   1510.00    17.3501
   1520.00    17.5026
   1530.00    17.3969
   1540.00    17.7686
   1550.00    18.1150
   1560.00    18.3841
   1570.00    17.7979
   1580.00    18.1272
   1590.00    17.8592
   1600.00    17.7600
   1610.00    17.7103
   1620.00    17.8236
   1630.00    18.2734
   1640.00    17.5216
   1650.00    17.5904
   1660.00    18.0605
   1670.00    18.2041
   1680.00    18.3510
   1690.00    18.8290
   1700.00    17.8021
   1710.00    17.8330
   1720.00    17.8675
   1730.00    17.5595
   1740.00    18.4658
   1750.00    18.0748
   1760.00    17.7308
   1770.00    18.1499
   1780.00    17.7794
   1790.00    17.5237
   1800.00    18.0204
   1810.00    17.5589
   1820.00    17.8518
   1830.00    17.8220
   1840.00    17.9023
   1850.00    17.8196
   1860.00    18.3708
   1870.00    18.3141
   1880.00    18.2641
   1890.00    18.2974
   1900.00    17.7109
   1910.00    17.8020
   1920.00    18.1414
   1930.00    17.8735
   1940.00    18.1137
   1950.00    17.8768
   1960.00    18.0780
   1970.00    18.0525
   1980.00    18.0238
   1990.00    17.6575
   2000.00    18.0582
   2010.00    18.0113
   2020.00    18.0363
   2030.00    18.1381
   2040.00    18.1047
   2050.00    18.3366
   2060.00    18.3737
   2070.00    18.1326
   2080.00    17.7400
   2090.00    17.5694
   2100.00    17.6873
   2110.00    17.8277
   2120.00    17.7428
   2130.00    17.7021
   2140.00    17.9156
   2150.00    17.6736
   2160.00    17.8966
   2170.00    17.8694
   2180.00    17.6760
   2190.00    18.2731
   2200.00    18.0686
   2210.00    18.6694
   2220.00    18.4403
   2230.00    17.7823
   2240.00    18.3238
   2250.00    17.7652
   2260.00    17.9271
   2270.00    18.1227
   2280.00    18.1830
   2290.00    18.1691
   2300.00    17.8968
   2310.00    17.2684
   2320.00    18.3914
   2330.00    18.1330
   2340.00    18.3090
   2350.00    18.1995
   2360.00    17.9075
   2370.00    17.9563
   2380.00    17.5565
   2390.00    17.8991
   2400.00    17.5564
   2410.00    17.3740
   2420.00    17.7991
   2430.00    18.3108
   2440.00    17.8476
   2450.00    17.5853
   2460.00    17.9007
   2470.00    18.3118
   2480.00    17.6651
   2490.00    18.1984
   2500.00    17.9016
   2510.00    18.1363
   2520.00    18.1609
   2530.00    18.0028
   2540.00    17.9297
   2550.00    18.0797
   2560.00    18.2729
   2570.00    17.9164
   2580.00    17.9537
   2590.00    18.1384
   2600.00    17.8381
   2610.00    17.9314
   2620.00    17.6483
   2630.00    18.0942
   2640.00    18.1837
   2650.00    17.4012
   2660.00    18.0730
   2670.00    17.7535
   2680.00    17.8223
   2690.00    17.7194
   2700.00    18.1404
   2710.00    18.5696
   2720.00    18.2781
   2730.00    18.3153
   2740.00    18.1699
   2750.00    17.9207
   2760.00    18.1311
   2770.00    18.2118
   2780.00    17.7460
   2790.00    18.0154
   2800.00    18.5530
   2810.00    17.9134
   2820.00    18.2958
   2830.00    17.8479
   2840.00    18.2438
   2850.00    18.0196
   2860.00    17.9701
   2870.00    18.1455
   2880.00    18.3862
   2890.00    18.4767
   2900.00    18.0855
   2910.00    17.6094
   2920.00    17.7733
   2930.00    18.0271
   2940.00    17.9331
   2950.00    18.0306
   2960.00    17.7483
   2970.00    18.4079
   2980.00    18.1399
   2990.00    18.3798
   3000.00    18.0653
   3010.00    17.8256
   3020.00    18.3425
   3030.00    18.1770
   3040.00    18.2153
   3050.00    18.1734
   3060.00    18.0747
   3070.00    18.1872
   3080.00    18.1155
   3090.00    18.3835
   3100.00    17.8701
   3110.00    17.4309
   3120.00    18.2134
   3130.00    17.6311
   3140.00    17.3823
   3150.00    17.6266
   3160.00    17.6950
   3170.00    18.0807
   3180.00    17.9667
   3190.00    17.8879
   3200.00    18.2497
   3210.00    17.7515
   3220.00    17.5782
   3230.00    17.8367
   3240.00    17.7843
   3250.00    18.2172
   3260.00    17.9628
   3270.00    18.4298
   3280.00    17.3795
   3290.00    17.8037
   3300.00    17.6022
   3310.00    17.8921
   3320.00    18.0312
   3330.00    18.1871
   3340.00    18.0201
   3350.00    17.7532
   3360.00    17.7708
   3370.00    18.1243
   3380.00    18.1272
   3390.00    17.8467
   3400.00    18.0381
   3410.00    17.7885
   3420.00    18.1603
   3430.00    18.2263
   3440.00    18.0064
   3450.00    18.1199
   3460.00    18.1569
   3470.00    18.2285
   3480.00    18.8288
   3490.00    18.2351
   3500.00    17.9939
   3510.00    17.7892
   3520.00    18.0558
   3530.00    17.6570
   3540.00    17.8369
   3550.00    17.7157
   3560.00    18.2760
   3570.00    17.8166
   3580.00    18.0387
   3590.00    18.5527
   3600.00    17.7586
   3610.00    18.9510
   3620.00    17.7273
   3630.00    18.3172
   3640.00    18.3373
   3650.00    17.7898
   3660.00    18.0625
   3670.00    17.9529
   3680.00    17.9838
   3690.00    18.0980
   3700.00    17.8908
   3710.00    18.0315
   3720.00    18.2098
   3730.00    18.3803
   3740.00    18.3074
   3750.00    18.0253
   3760.00    17.9485
   3770.00    18.0495
   3780.00    18.2423
   3790.00    18.2627
   3800.00    18.3808
   3810.00    18.1842
   3820.00    18.5757
   3830.00    17.6712
   3840.00    17.7438
   3850.00    18.1793
   3860.00    17.7037
   3870.00    17.8991
   3880.00    18.1470
   3890.00    18.0823
   3900.00    17.9039
   3910.00    17.7750
   3920.00    18.1441
   3930.00    18.3655
   3940.00    17.7502
   3950.00    17.7262
   3960.00    17.6108
   3970.00    17.9038
   3980.00    18.5541
   3990.00    17.8095
   4000.00    17.9066
   4010.00    18.3446
   4020.00    17.9773
   4030.00    17.6683
   4040.00    18.3493
   4050.00    17.8969
   4060.00    17.8953
   4070.00    18.4583
   4080.00    18.6841
   4090.00    18.1690
   4100.00    17.8079
   4110.00    17.9378
   4120.00    17.8180
   4130.00    18.1756
   4140.00    18.1204
   4150.00    18.5290
   4160.00    18.4839
   4170.00    17.8378
   4180.00    17.6272
   4190.00    17.9608
   4200.00    18.0784
   4210.00    17.5334
   4220.00    17.6323
   4230.00    17.6344
   4240.00    17.6856
   4250.00    17.8514
   4260.00    18.4072
   4270.00    17.9834
   4280.00    17.5416
   4290.00    18.1563
   4300.00    17.8972
   4310.00    17.9855
   4320.00    17.9258
   4330.00    17.7773
   4340.00    17.9178
   4350.00    17.8384
   4360.00    18.2622
   4370.00    18.1753
   4380.00    18.5035
   4390.00    17.8112
   4400.00    18.1712
   4410.00    17.6622
   4420.00    18.1190
   4430.00    18.0646
   4440.00    18.1711
   4450.00    18.2281
   4460.00    18.5067
   4470.00    18.1123
   4480.00    17.8121
   4490.00    18.1400
   4500.00    18.2975
   4510.00    18.3058
   4520.00    18.3699
   4530.00    18.1521
   4540.00    17.9575
   4550.00    18.1569
   4560.00    17.9811
   4570.00    18.4678
   4580.00    18.4839
   4590.00    17.7623
   4600.00    17.8939
   4610.00    18.0594
   4620.00    18.2871
   4630.00    18.1594
   4640.00    18.1712
   4650.00    17.8519
   4660.00    17.7409
   4670.00    18.1571
   4680.00    17.9130
   4690.00    18.4675
   4700.00    18.2686
   4710.00    17.9015
   4720.00    17.8444
   4730.00    18.4917
   4740.00    18.1789
   4750.00    17.6833
   4760.00    18.0867
   4770.00    18.0465
   4780.00    18.3129
   4790.00    17.9644
   4800.00    17.7723
   4810.00    17.6515
   4820.00    18.1845
   4830.00    18.0070
   4840.00    17.9361
   4850.00    18.3300
   4860.00    18.0277
   4870.00    17.9576
   4880.00    17.7317
   4890.00    18.1003
   4900.00    18.1084
   4910.00    17.9608
   4920.00    18.0979
   4930.00    17.9666
   4940.00    17.9754
   4950.00    17.7094
   4960.00    17.7524
   4970.00    18.2498
   4980.00    17.7156
   4990.00    18.1955
   5000.00    17.9193
   5010.00    18.6830
   5020.00    18.0980
   5030.00    18.4673
   5040.00    17.8754
   5050.00    17.7254
   5060.00    17.9654
   5070.00    17.8135
   5080.00    18.2045
   5090.00    17.8398
   5100.00    18.3858
   5110.00    18.0056
   5120.00    17.6007
   5130.00    18.2786
   5140.00    17.9624
   5150.00    17.5938
   5160.00    17.9764
   5170.00    17.8235
   5180.00    18.2066
   5190.00    18.1565
   5200.00    17.6665
   5210.00    18.0601
   5220.00    18.6576
   5230.00    17.9609
   5240.00    18.1487
   5250.00    17.8065
   5260.00    17.9915
   5270.00    18.3147
   5280.00    18.3302
   5290.00    17.7152
   5300.00    17.9494
   5310.00    18.2404
   5320.00    18.0503
   5330.00    17.8280
   5340.00    17.8837
   5350.00    17.7367
   5360.00    17.6181
   5370.00    18.4086
   5380.00    18.1941
   5390.00    18.3237
   5400.00    17.8989
   5410.00    18.1578
   5420.00    18.0467
   5430.00    18.1571
   5440.00    17.8526
   5450.00    17.3366
   5460.00    17.9394
   5470.00    17.4871
   5480.00    18.1408
   5490.00    18.0534
   5500.00    18.4224
   5510.00    17.6636
   5520.00    18.2452
   5530.00    17.7148
   5540.00    18.0278
   5550.00    17.9043
   5560.00    18.0724
   5570.00    18.3030
   5580.00    18.4196
   5590.00    17.9578
   5600.00    17.9574
   5610.00    18.2524
   5620.00    18.1221
   5630.00    18.5997
   5640.00    17.8903
   5650.00    18.0927
   5660.00    17.7944
   5670.00    18.2703
   5680.00    17.3529
   5690.00    18.2628
   5700.00    17.9116
   5710.00    18.1434
   5720.00    17.6389
   5730.00    18.1255
   5740.00    17.7062
   5750.00    17.9894
   5760.00    18.1237
   5770.00    18.3890
   5780.00    17.8492
   5790.00    17.6862
   5800.00    18.3204
   5810.00    17.5616
   5820.00    18.1367
   5830.00    17.9501
   5840.00    17.8870
   5850.00    18.2279
   5860.00    18.2243
   5870.00    18.1580
   5880.00    17.9175
   5890.00    18.2391
   5900.00    17.4266
   5910.00    18.0081
   5920.00    17.9738
   5930.00    17.8313
   5940.00    18.1240
   5950.00    17.5489
   5960.00    17.7086
   5970.00    17.4198
   5980.00    17.7632
   5990.00    17.9884
   6000.00    17.9642
   6010.00    17.8367
   6020.00    18.1351
   6030.00    17.7422
   6040.00    17.6259
   6050.00    18.3255
   6060.00    18.0080
   6070.00    18.4311
   6080.00    17.8160
   6090.00    18.5446
   6100.00    18.0897
   6110.00    17.7801
   6120.00    17.8307
   6130.00    18.6777
   6140.00    18.2037
   6150.00    17.8845
   6160.00    18.3181
   6170.00    17.9655
   6180.00    18.1270
   6190.00    17.5682
   6200.00    17.8617
   6210.00    18.5495
   6220.00    17.7487
   6230.00    18.1621
   6240.00    18.2930
   6250.00    17.7893
   6260.00    17.7912
   6270.00    17.8759
   6280.00    17.7279
   6290.00    18.3911
   6300.00    17.4250
   6310.00    18.0005
   6320.00    17.8996
   6330.00    17.9834
   6340.00    18.2769
   6350.00    18.1923
   6360.00    18.0271
   6370.00    18.2561
   6380.00    18.0492
   6390.00    17.9910
   6400.00    17.7740
   6410.00    17.8146
   6420.00    17.8165
   6430.00    17.5924
   6440.00    17.8057
   6450.00    18.2372
   6460.00    17.9679
   6470.00    17.9081
   6480.00    17.7541
   6490.00    18.4749
   6500.00    18.4545
   6510.00    17.7967
   6520.00    17.9938
   6530.00    17.8384
   6540.00    18.5618
   6550.00    18.3430
   6560.00    17.7175
   6570.00    17.9524
   6580.00    17.8231
   6590.00    17.8425
   6600.00    18.0952
   6610.00    18.4888
   6620.00    17.9441
   6630.00    17.7622
   6640.00    18.3348
   6650.00    18.1688
   6660.00    17.7931
   6670.00    18.1380
   6680.00    18.0249
   6690.00    17.8565
   6700.00    18.1315
   6710.00    18.2461
   6720.00    18.1149
   6730.00    17.4228
   6740.00    18.0958
   6750.00    18.3973
   6760.00    18.0887
   6770.00    18.1452
   6780.00    18.1663
   6790.00    17.7520
   6800.00    17.3864
   6810.00    18.0201
   6820.00    17.7759
   6830.00    17.8221
   6840.00    18.2937
   6850.00    18.1600
   6860.00    18.3686
   6870.00    17.7950
   6880.00    18.0655
   6890.00    18.1907
   6900.00    18.1099
   6910.00    18.2655
   6920.00    18.8268
   6930.00    18.3211
   6940.00    17.8940
   6950.00    17.9466
   6960.00    17.5750
   6970.00    18.0816
   6980.00    17.9391
   6990.00    17.6078
   7000.00    17.6792
   7010.00    17.9951
   7020.00    17.7655
   7030.00    17.2847
   7040.00    17.7625
   7050.00    18.1243
   7060.00    17.9780
   7070.00    17.4274
   7080.00    17.9264
   7090.00    18.0326
   7100.00    17.8381
   7110.00    18.3348
   7120.00    17.6884
   7130.00    18.3439
   7140.00    18.2025
   7150.00    18.1357
   7160.00    18.1682
   7170.00    17.8435
   7180.00    18.3924
   7190.00    18.4352
   7200.00    18.0625
   7210.00    18.1012
   7220.00    18.4581
   7230.00    18.3772
   7240.00    18.4199
   7250.00    17.7736
   7260.00    18.5039
   7270.00    18.1439
   7280.00    18.2780
   7290.00    18.7768
   7300.00    18.4736
   7310.00    18.3811
   7320.00    18.0493
   7330.00    18.1624
   7340.00    18.3328
   7350.00    17.6426
   7360.00    18.4882
   7370.00    18.2473
   7380.00    17.9492
   7390.00    18.0734
   7400.00    18.5582
   7410.00    17.8716
   7420.00    18.0346
   7430.00    17.9213
   7440.00    18.4965
   7450.00    18.0991
   7460.00    17.7867
   7470.00    17.6145
   7480.00    17.8681
   7490.00    18.2198
   7500.00    18.2338
   7510.00    17.6333
   7520.00    18.3178
   7530.00    18.4332
   7540.00    18.4037
   7550.00    17.7329
   7560.00    18.1882
   7570.00    17.9577
   7580.00    18.5651
   7590.00    17.8409
   7600.00    17.8990
   7610.00    18.4420
   7620.00    17.8001
   7630.00    17.5183
   7640.00    18.2205
   7650.00    17.4886
   7660.00    18.0568
   7670.00    18.0976
   7680.00    17.8818
   7690.00    17.8723
   7700.00    18.2148
   7710.00    18.2828
   7720.00    17.9788
   7730.00    17.7618
   7740.00    18.4059
   7750.00    17.8928
   7760.00    17.5634
   7770.00    18.3051
   7780.00    18.0959
   7790.00    18.3159
   7800.00    18.1025
   7810.00    19.0422
   7820.00    18.3217
   7830.00    17.9075
   7840.00    18.2412
   7850.00    18.1318
   7860.00    18.2908
   7870.00    17.8438
   7880.00    18.0812
   7890.00    18.3262
   7900.00    18.5785
   7910.00    18.0367
   7920.00    17.8225
   7930.00    18.3970
   7940.00    17.9335
   7950.00    18.4114
   7960.00    17.9127
   7970.00    17.6734
   7980.00    17.6000
   7990.00    17.9165
   8000.00    18.2552
   8010.00    17.8742
   8020.00    18.0569
   8030.00    18.1980
   8040.00    17.6402
   8050.00    17.5452
   8060.00    17.9442
   8070.00    17.5459
   8080.00    17.2909
   8090.00    17.9929
   8100.00    18.2405
   8110.00    17.3170
   8120.00    17.9001
   8130.00    17.7218
   8140.00    18.1777
   8150.00    17.9160
   8160.00    17.9088
   8170.00    18.5335
   8180.00    17.7301
   8190.00    17.9529
   8200.00    18.0088
   8210.00    17.9150
   8220.00    17.9701
   8230.00    18.8060
   8240.00    17.3575
   8250.00    17.9361
   8260.00    17.6501
   8270.00    17.5778
   8280.00    18.1308
   8290.00    17.6924
   8300.00    17.6363
   8310.00    17.7155
   8320.00    17.2018
   8330.00    17.4865
   8340.00    18.0918
   8350.00    18.0080
   8360.00    18.1536
   8370.00    18.5584
   8380.00    18.2931
   8390.00    17.7882
   8400.00    18.0411
   8410.00    18.2017
   8420.00    17.6842
   8430.00    17.7152
   8440.00    17.9818
   8450.00    17.7401
   8460.00    17.5660
   8470.00    17.4923
   8480.00    18.1602
   8490.00    17.3861
   8500.00    18.2167
   8510.00    17.4947
   8520.00    17.4443
   8530.00    17.6810
   8540.00    17.9246
   8550.00    18.2173
   8560.00    18.0643
   8570.00    17.8546
   8580.00    18.3317
   8590.00    17.9032
   8600.00    17.5026
   8610.00    18.0642
   8620.00    18.2662
   8630.00    17.6230
   8640.00    17.6150
   8650.00    18.0626
   8660.00    17.6779
   8670.00    17.8792
   8680.00    18.2062
   8690.00    18.2919
   8700.00    18.2818
   8710.00    17.8751
   8720.00    17.8982
   8730.00    17.8819
   8740.00    18.0966
   8750.00    18.0278
   8760.00    18.2887
   8770.00    18.3146
   8780.00    17.3920
   8790.00    17.4902
   8800.00    17.8014
   8810.00    17.3538
   8820.00    17.9892
   8830.00    18.0872
   8840.00    18.1034
   8850.00    18.0715
   8860.00    18.3078
   8870.00    18.1121
   8880.00    18.3816
   8890.00    17.6973
   8900.00    18.1178
   8910.00    18.1078
   8920.00    18.2106
   8930.00    18.4965
   8940.00    18.0651
   8950.00    17.5921
   8960.00    17.8708
   8970.00    17.7297
   8980.00    17.6498
   8990.00    18.3537
   9000.00    17.7527
   9010.00    18.1659
   9020.00    18.7634
   9030.00    18.2994
   9040.00    18.1991
   9050.00    18.0393
   9060.00    18.0721
   9070.00    18.0521
   9080.00    18.5741
   9090.00    18.1249
   9100.00    17.8147
   9110.00    17.7205
   9120.00    17.9302
   9130.00    18.2263
   9140.00    17.8483
   9150.00    18.0755
   9160.00    18.4986
   9170.00    18.4667
   9180.00    18.3383
   9190.00    18.5834
   9200.00    18.2922
   9210.00    17.9169
   9220.00    18.3869
   9230.00    17.7623
   9240.00    17.2565
   9250.00    18.6209
   9260.00    18.0590
   9270.00    17.7125
   9280.00    17.9066
   9290.00    18.1424
   9300.00    17.8029
   9310.00    18.0078
   9320.00    18.4067
   9330.00    18.3241
   9340.00    18.1093
   9350.00    17.9115
   9360.00    17.8785
   9370.00    17.9684
   9380.00    18.0157
   9390.00    17.6327
   9400.00    17.7683
   9410.00    17.9292
   9420.00    17.8190
   9430.00    17.9092
   9440.00    17.8174
   9450.00    18.2477
   9460.00    18.3170
   9470.00    17.8491
   9480.00    17.8000
   9490.00    18.6166
   9500.00    18.7058
   9510.00    18.0418
   9520.00    18.5526
   9530.00    18.1197
   9540.00    17.7957
   9550.00    18.0152
   9560.00    17.9386
   9570.00    18.2722
   9580.00    17.7825
   9590.00    18.2311
   9600.00    17.7410
   9610.00    17.4956
   9620.00    17.8367
   9630.00    18.3766
   9640.00    17.7596
   9650.00    18.0642
   9660.00    18.4570
   9670.00    18.1133
   9680.00    17.8797
   9690.00    17.7364
   9700.00    18.0436
   9710.00    18.0034
   9720.00    18.0878
   9730.00    17.8504
   9740.00    18.3714
   9750.00    17.9421
   9760.00    17.5538
   9770.00    18.3775
   9780.00    17.9457
   9790.00    17.8164
   9800.00    17.5212
   9810.00    17.8068
   9820.00    17.7435
   9830.00    18.0179
   9840.00    17.9333
   9850.00    17.5889
   9860.00    17.9305
   9870.00    17.8624
   9880.00    17.7233
   9890.00    17.8154
   9900.00    17.4922
   9910.00    18.3605
   9920.00    18.0102
   9930.00    18.2043
   9940.00    18.1610
   9950.00    17.5460
   9960.00    17.6615
   9970.00    18.1533
   9980.00    18.0303
   9990.00    17.9773
  10000.00    18.0472
  10010.00    18.1930
  10020.00    18.4905
  10030.00    18.0225
  10040.00    18.1290
  10050.00    18.1680
  10060.00    17.6135
  10070.00    18.3213
  10080.00    17.8670
  10090.00    17.7013
  10100.00    17.8245
  10110.00    18.0537
  10120.00    18.3006
  10130.00    18.0925
  10140.00    18.1402
  10150.00    18.0751
  10160.00    17.6121
  10170.00    18.1326
  10180.00    18.4842
  10190.00    17.9833
  10200.00    18.6653
  10210.00    17.9092
  10220.00    18.1805
  10230.00    17.9642
  10240.00    17.6882
  10250.00    18.0567
  10260.00    17.8340
  10270.00    18.1229
  10280.00    18.1765
  10290.00    18.4688
  10300.00    18.2236
  10310.00    17.9912
  10320.00    18.2035
  10330.00    18.0300
  10340.00    18.2010
  10350.00    18.0044
  10360.00    18.1301
  10370.00    17.8748
  10380.00    17.8652
  10390.00    18.0973
  10400.00    18.4602
  10410.00    18.2554
  10420.00    18.4926
  10430.00    18.2663
  10440.00    17.7001
  10450.00    18.4852
  10460.00    18.3757
  10470.00    17.4313
  10480.00    17.9732
  10490.00    18.3921
  10500.00    18.1661
  10510.00    17.6935
  10520.00    18.2510
  10530.00    17.8832
  10540.00    17.5135
  10550.00    17.9216
  10560.00    17.9076
  10570.00    18.2061
  10580.00    17.8728
  10590.00    18.2070
  10600.00    18.3460
  10610.00    18.3858
  10620.00    17.7945
  10630.00    17.9852
  10640.00    18.3033
  10650.00    17.8775
  10660.00    17.7041
  10670.00    17.6898
  10680.00    18.2574
  10690.00    18.4316
  10700.00    18.3638
  10710.00    17.5572
  10720.00    17.7210
  10730.00    18.0412
  10740.00    18.0190
  10750.00    17.9322
  10760.00    18.1729
  10770.00    17.7538
  10780.00    17.7732
  10790.00    18.0479
  10800.00    18.0729
  10810.00    17.9245
  10820.00    18.0313
  10830.00    18.3225
  10840.00    17.8922
  10850.00    18.2422
  10860.00    18.1298
  10870.00    17.7658
  10880.00    18.3255
  10890.00    18.0863
  10900.00    17.7209
  10910.00    18.2235
  10920.00    17.9974
  10930.00    18.1635
  10940.00    18.0897
  10950.00    17.5859
  10960.00    18.1931
  10970.00    17.9575
  10980.00    17.9853
  10990.00    17.9887
  11000.00    18.2245
  11010.00    18.3119
  11020.00    18.2927
  11030.00    18.4494
  11040.00    18.5374
  11050.00    18.5790
  11060.00    18.2963
  11070.00    18.0453
  11080.00    17.7935
  11090.00    18.1097
  11100.00    18.4375
  11110.00    17.5361
  11120.00    17.7386
  11130.00    17.8449
  11140.00    17.9969
  11150.00    17.8493
  11160.00    18.3913
  11170.00    17.6190
  11180.00    17.9965
  11190.00    17.3936
  11200.00    17.8504
  11210.00    17.5559
  11220.00    18.0933
  11230.00    17.7471
  11240.00    17.4034
  11250.00    17.5994
  11260.00    17.8592
  11270.00    17.8958
  11280.00    18.1545
  11290.00    18.4083
  11300.00    17.7594
  11310.00    17.7639
  11320.00    17.9140
  11330.00    18.7622
  11340.00    17.8653
  11350.00    18.2196
  11360.00    17.9439
  11370.00    17.9396
  11380.00    17.4809
  11390.00    17.5924
  11400.00    17.7587
  11410.00    17.6565
  11420.00    18.1218
  11430.00    18.6535
  11440.00    17.6746
  11450.00    18.0187
  11460.00    17.3619
  11470.00    18.2568
  11480.00    17.7225
  11490.00    17.4505
  11500.00    17.6105
  11510.00    18.1881
  11520.00    17.8307
  11530.00    17.7806
  11540.00    18.6017
  11550.00    17.4560
  11560.00    18.2798
  11570.00    18.1488
  11580.00    18.2513
  11590.00    17.9529
  11600.00    18.1523
  11610.00    18.0155
  11620.00    17.8795
  11630.00    18.6183
  11640.00    17.8780
  11650.00    17.5571
  11660.00    17.3949
  11670.00    18.1471
  11680.00    18.2914
  11690.00    18.0595
  11700.00    18.1321
  11710.00    17.7697
  11720.00    18.1155
  11730.00    17.4590
  11740.00    18.3248
  11750.00    17.3956
  11760.00    17.9943
  11770.00    18.1992
  11780.00    17.7519
  11790.00    18.5976
  11800.00    18.1240
  11810.00    18.2408
  11820.00    17.9975
  11830.00    18.3640
  11840.00    18.1008
  11850.00    18.0145
  11860.00    18.5214
  11870.00    17.7486
  11880.00    17.8004
  11890.00    18.3047
  11900.00    17.8062
  11910.00    17.6427
  11920.00    18.0458
  11930.00    17.9235
  11940.00    17.7776
  11950.00    17.6425
  11960.00    17.7968
  11970.00    17.9615
  11980.00    18.0461
  11990.00    18.1172
  12000.00    17.9201
  12010.00    18.0590
  12020.00    18.2362
  12030.00    17.6742
  12040.00    17.6307
  12050.00    17.7294
  12060.00    17.5961
  12070.00    17.6993
  12080.00    17.8347
  12090.00    17.9455
  12100.00    18.1298
  12110.00    18.3078
  12120.00    18.1338
  12130.00    17.7755
  12140.00    18.1290
  12150.00    17.9842
  12160.00    17.7515
  12170.00    17.6805
  12180.00    18.2936
  12190.00    17.8889
  12200.00    18.2365
  12210.00    18.3510
  12220.00    18.0115
  12230.00    18.4686
  12240.00    17.9178
  12250.00    17.9046
  12260.00    17.9767
  12270.00    18.0905
  12280.00    18.0773
  12290.00    18.1433
  12300.00    17.9731
  12310.00    18.0097
  12320.00    18.4745
  12330.00    18.0909
  12340.00    17.9552
  12350.00    18.3238
  12360.00    18.1095
  12370.00    17.8476
  12380.00    18.1808
  12390.00    18.0377
  12400.00    17.3764
  12410.00    17.8080
  12420.00    18.0839
  12430.00    17.8892
  12440.00    18.8038
  12450.00    17.8954
  12460.00    17.9879
  12470.00    18.4635
  12480.00    17.2354
  12490.00    17.7703
  12500.00    18.1340
  12510.00    17.3901
  12520.00    17.6534
  12530.00    17.5714
  12540.00    17.6251
  12550.00    17.4301
  12560.00    17.3961
  12570.00    17.8328
  12580.00    17.8949
  12590.00    18.0727
  12600.00    17.9017
  12610.00    17.9364
  12620.00    17.8055
  12630.00    18.1303
  12640.00    18.6459
  12650.00    18.4195
  12660.00    18.3390
  12670.00    18.6359
  12680.00    18.6015
  12690.00    17.6688
  12700.00    18.4229
  12710.00    18.1752
  12720.00    18.3320
  12730.00    18.1110
  12740.00    17.8517
  12750.00    17.8602
  12760.00    18.0893
  12770.00    17.9086
  12780.00    17.9451
  12790.00    17.4722
  12800.00    17.9917
  12810.00    18.3310
  12820.00    18.1491
  12830.00    17.9898
  12840.00    17.7103
  12850.00    17.9946
  12860.00    17.7339
  12870.00    18.0195
  12880.00    18.5857
  12890.00    17.8175
  12900.00    17.9886
  12910.00    17.8005
  12920.00    18.2000
  12930.00    17.7075
  12940.00    17.7732
  12950.00    18.2033
  12960.00    18.2055
  12970.00    17.9220
  12980.00    18.1634
  12990.00    18.0701
  13000.00    17.7662
  13010.00    18.0143
  13020.00    18.0564
  13030.00    18.0300
  13040.00    18.0304
  13050.00    17.6156
  13060.00    17.4629
  13070.00    17.9363
  13080.00    18.0549
  13090.00    17.4718
  13100.00    17.7492
  13110.00    18.0225
  13120.00    18.0321
  13130.00    17.7086
  13140.00    17.8546
  13150.00    17.6114
  13160.00    18.0792
  13170.00    18.0205
  13180.00    18.1912
  13190.00    17.8114
  13200.00    17.9911
  13210.00    18.2371
  13220.00    18.4813
  13230.00    17.7534
  13240.00    18.0458
  13250.00    18.2551
  13260.00    17.9994
  13270.00    17.6650
  13280.00    18.3685
  13290.00    18.0752
  13300.00    17.7951
  13310.00    17.8892
  13320.00    17.7606
  13330.00    17.7526
  13340.00    17.9365
  13350.00    18.0755
  13360.00    18.2554
  13370.00    18.0569
  13380.00    17.4123
  13390.00    18.0324
  13400.00    18.1458
  13410.00    17.6215
  13420.00    17.4755
  13430.00    18.1007
  13440.00    18.0009
  13450.00    17.6694
  13460.00    18.0155
  13470.00    18.0195
  13480.00    17.8624
  13490.00    18.2199
  13500.00    17.8964
  13510.00    18.2766
  13520.00    17.7689
  13530.00    17.7135
  13540.00    17.8739
  13550.00    17.5638
  13560.00    17.9518
  13570.00    17.6969
  13580.00    17.9498
  13590.00    18.5016
  13600.00    17.6982
  13610.00    17.6842
  13620.00    18.2671
  13630.00    17.9856
  13640.00    17.9923
  13650.00    17.6847
  13660.00    17.4620
  13670.00    17.7833
  13680.00    18.3872
  13690.00    17.6824
  13700.00    17.5840
  13710.00    18.2600
  13720.00    18.4498
  13730.00    17.8001
  13740.00    18.1118
  13750.00    18.4663
  13760.00    18.0426
  13770.00    17.6344
  13780.00    17.5684
  13790.00    18.5596
  13800.00    17.5936
  13810.00    18.0395
  13820.00    18.2952
  13830.00    17.9724
  13840.00    17.3157
  13850.00    18.0237
  13860.00    17.5375
  13870.00    18.3219
  13880.00    17.9622
  13890.00    17.8164
  13900.00    17.5829
  13910.00    17.8173
  13920.00    17.6856
  13930.00    17.8727
  13940.00    18.0295
  13950.00    18.0108
  13960.00    18.0864
  13970.00    17.5028
  13980.00    17.9981
  13990.00    18.2417
  14000.00    17.8614
  14010.00    18.8548
  14020.00    18.0770
  14030.00    18.0960
  14040.00    17.6101
  14050.00    17.8329
  14060.00    18.3395
  14070.00    18.1646
  14080.00    18.0950
  14090.00    17.7311
  14100.00    18.0321
  14110.00    18.6911
  14120.00    18.0045
  14130.00    18.0050
  14140.00    18.1739
  14150.00    17.2822
  14160.00    17.7986
  14170.00    17.5016
  14180.00    18.1626
  14190.00    17.7918
  14200.00    17.5617
  14210.00    18.1854
  14220.00    18.2667
  14230.00    18.3997
  14240.00    18.3613
  14250.00    17.8697
  14260.00    18.2461
  14270.00    18.2908
  14280.00    17.8777
  14290.00    18.2900
  14300.00    17.9347
  14310.00    18.2808
  14320.00    17.9893
  14330.00    17.9548
  14340.00    17.6564
  14350.00    18.0656
  14360.00    18.2970
  14370.00    17.7409
  14380.00    18.0817
  14390.00    18.7182
  14400.00    17.2867
  14410.00    17.7921
  14420.00    17.5259
  14430.00    17.5125
  14440.00    17.7184
  14450.00    17.7275
  14460.00    18.1448
  14470.00    18.1263
  14480.00    17.8525
  14490.00    18.1267
  14500.00    17.3759
  14510.00    18.0383
  14520.00    17.6365
  14530.00    17.8799
  14540.00    17.6551
  14550.00    17.7798
  14560.00    17.6244
  14570.00    17.9368
  14580.00    17.9431
  14590.00    17.7408
  14600.00    17.6364
  14610.00    18.4021
  14620.00    18.1068
  14630.00    17.7924
  14640.00    17.7412
  14650.00    17.8622
  14660.00    17.5066
  14670.00    18.0728
  14680.00    17.8523
  14690.00    17.8152
  14700.00    18.1832
  14710.00    17.9210
  14720.00    17.7946
  14730.00    18.0649
  14740.00    17.8546
  14750.00    18.2466
  14760.00    17.7413
  14770.00    17.8873
  14780.00    18.0893
  14790.00    17.8452
  14800.00    18.2154
  14810.00    18.0343
  14820.00    18.0964
  14830.00    18.2828
  14840.00    17.5977
  14850.00    17.7462
  14860.00    18.2323
  14870.00    18.3964
  14880.00    17.4481
  14890.00    18.0894
  14900.00    18.1688
  14910.00    17.8135
  14920.00    17.9628
  14930.00    17.6846
  14940.00    17.8630
  14950.00    17.9545
  14960.00    17.8752
  14970.00    17.8116
  14980.00    18.3598
  14990.00    18.4449
  15000.00    17.6750
  15010.00    17.9654
  15020.00    18.0043
  15030.00    18.1081
  15040.00    17.9267
  15050.00    17.8148
  15060.00    17.6933
  15070.00    17.6262
  15080.00    18.3787
  15090.00    18.3750
  15100.00    18.3329
  15110.00    18.1402
  15120.00    17.9391
  15130.00    17.5436
  15140.00    17.6128
  15150.00    17.7013
  15160.00    17.9716
  15170.00    18.0034
  15180.00    18.3815
  15190.00    17.7372
  15200.00    18.0310
  15210.00    18.0058
  15220.00    18.0762
  15230.00    17.6318
  15240.00    18.1543
  15250.00    18.2730
  15260.00    18.2965
  15270.00    17.7818
  15280.00    17.9173
  15290.00    18.1330
  15300.00    18.0489
  15310.00    18.1236
  15320.00    17.8074
  15330.00    17.7523
  15340.00    17.7419
  15350.00    17.7365
  15360.00    18.0822
  15370.00    18.2535
  15380.00    17.9591
  15390.00    18.2285
  15400.00    17.8524
  15410.00    17.7778
  15420.00    17.6172
  15430.00    17.7743
  15440.00    17.7440
  15450.00    17.8285
  15460.00    17.8343
  15470.00    18.2639
  15480.00    18.3943
  15490.00    17.7651
  15500.00    17.9426
  15510.00    17.9225
  15520.00    18.1684
  15530.00    18.3325
  15540.00    17.6242
  15550.00    17.9841
  15560.00    17.9232
  15570.00    17.6854
  15580.00    18.1017
  15590.00    17.9737
  15600.00    18.3245
  15610.00    18.2764
  15620.00    17.6815
  15630.00    17.9893
  15640.00    17.8778
  15650.00    17.5592
  15660.00    17.8705
  15670.00    17.6395
  15680.00    17.8901
  15690.00    17.8921
  15700.00    18.1288
  15710.00    17.7688
  15720.00    18.2983
  15730.00    17.6407
  15740.00    18.3250
  15750.00    18.0474
  15760.00    17.8233
  15770.00    17.4767
  15780.00    17.6708
  15790.00    18.5946
  15800.00    17.7839
  15810.00    18.4033
  15820.00    18.1220
  15830.00    17.9375
  15840.00    18.0564
  15850.00    18.7188
  15860.00    18.4127
  15870.00    18.1646
  15880.00    18.3729
  15890.00    18.3997
  15900.00    18.2031
  15910.00    17.7516
  15920.00    17.9527
  15930.00    17.3562
  15940.00    18.0578
  15950.00    18.1855
  15960.00    18.2983
  15970.00    18.0051
  15980.00    17.8768
  15990.00    17.9208
  16000.00    18.4847
  16010.00    17.8423
  16020.00    18.3002
  16030.00    17.8615
  16040.00    17.7014
  16050.00    18.2037
  16060.00    18.4928
  16070.00    17.9382
  16080.00    18.2462
  16090.00    18.0658
  16100.00    17.9740
  16110.00    18.1491
  16120.00    17.7111
  16130.00    17.6109
  16140.00    17.3501
  16150.00    17.9877
  16160.00    18.1319
  16170.00    17.6725
  16180.00    18.0271
  16190.00    17.9366
  16200.00    18.3411
  16210.00    17.8568
  16220.00    18.5916
  16230.00    17.4363
  16240.00    18.3249
  16250.00    17.8146
  16260.00    17.7066
  16270.00    17.8440
  16280.00    17.9064
  16290.00    18.0466
  16300.00    18.0397
  16310.00    17.9012
  16320.00    18.3423
  16330.00    17.6545
  16340.00    17.9541
  16350.00    17.9556
  16360.00    17.7295
  16370.00    17.9956
  16380.00    17.9305
  16390.00    18.2852
  16400.00    17.6680
  16410.00    18.2394
  16420.00    17.8340
  16430.00    17.8515
  16440.00    18.1874
  16450.00    17.8117
  16460.00    18.3829
  16470.00    18.1717
  16480.00    17.8565
  16490.00    18.3405
  16500.00    17.6678
  16510.00    17.9597
  16520.00    18.3100
  16530.00    17.4988
  16540.00    17.9618
  16550.00    17.8355
  16560.00    17.8267
  16570.00    17.3651
  16580.00    17.6186
  16590.00    17.6061
  16600.00    18.3628
  16610.00    17.5147
  16620.00    18.3539
  16630.00    18.2531
  16640.00    18.4441
  16650.00    18.3810
  16660.00    18.1139
  16670.00    18.4157
  16680.00    17.8886
  16690.00    18.0975
  16700.00    18.2704
  16710.00    17.9150
  16720.00    18.1672
  16730.00    18.4571
  16740.00    17.7659
  16750.00    17.9826
  16760.00    18.6211
  16770.00    18.0071
  16780.00    18.1996
  16790.00    17.8087
  16800.00    18.0858
  16810.00    17.8833
  16820.00    17.8316
  16830.00    17.9814
  16840.00    18.1720
  16850.00    17.3702
  16860.00    17.4540
  16870.00    17.7628
  16880.00    18.1544
  16890.00    18.1032
  16900.00    18.4632
  16910.00    17.8755
  16920.00    18.0730
  16930.00    17.6766
  16940.00    17.4129
  16950.00    18.1030
  16960.00    18.0894
  16970.00    17.6491
  16980.00    18.0151
  16990.00    18.0509
  17000.00    18.0315
  17010.00    17.6844
  17020.00    17.5673
  17030.00    17.6105
  17040.00    17.8204
  17050.00    18.2683
  17060.00    17.9298
  17070.00    18.0296
  17080.00    17.8655
  17090.00    18.3353
  17100.00    17.7623
  17110.00    18.0658
  17120.00    17.7444
  17130.00    17.8012
  17140.00    17.7837
  17150.00    17.9363
  17160.00    18.0195
  17170.00    18.3284
  17180.00    18.6532
  17190.00    18.1552
  17200.00    18.2112
  17210.00    18.0223
  17220.00    18.0822
  17230.00    18.3427
  17240.00    18.0295
  17250.00    18.0573
  17260.00    18.6105
  17270.00    18.2771
  17280.00    18.6582
  17290.00    18.0927
  17300.00    18.2936
  17310.00    18.4766
  17320.00    17.9916
  17330.00    17.6985
  17340.00    18.1865
  17350.00    17.8672
  17360.00    17.5283
  17370.00    18.3004
  17380.00    18.0468
  17390.00    17.9655
  17400.00    17.8158
  17410.00    17.9311
  17420.00    18.1469
  17430.00    18.0043
  17440.00    17.7848
  17450.00    18.1073
  17460.00    17.6320
  17470.00    17.6771
  17480.00    18.4872
  17490.00    18.1082
  17500.00    17.6605
  17510.00    17.7856
  17520.00    17.9883
  17530.00    18.1245
  17540.00    18.1346
  17550.00    18.3761
  17560.00    17.5947
  17570.00    17.6160
  17580.00    17.8438
  17590.00    17.9216
  17600.00    17.8700
  17610.00    17.6650
  17620.00    18.4394
  17630.00    17.5775
  17640.00    18.2377
  17650.00    18.5148
  17660.00    18.3700
  17670.00    17.9987
  17680.00    18.5126
  17690.00    18.1563
  17700.00    18.0998
  17710.00    17.9173
  17720.00    18.0209
  17730.00    17.6774
  17740.00    18.3090
  17750.00    17.7262
  17760.00    17.7128
  17770.00    18.3281
  17780.00    18.7733
  17790.00    18.0845
  17800.00    18.3388
  17810.00    18.6998
  17820.00    17.4651
  17830.00    17.7721
  17840.00    17.7977
  17850.00    17.6442
  17860.00    17.4355
  17870.00    17.9022
  17880.00    17.8076
  17890.00    17.7103
  17900.00    18.0888
  17910.00    17.7171
  17920.00    18.3440
  17930.00    17.7558
  17940.00    18.0623
  17950.00    17.8191
  17960.00    17.8653
  17970.00    18.3284
  17980.00    18.0523
  17990.00    17.7786
  18000.00    17.8132
  18010.00    17.7834
  18020.00    18.1231
  18030.00    17.8447
  18040.00    18.1057
  18050.00    18.4423
  18060.00    18.1750
  18070.00    18.2986
  18080.00    17.3459
  18090.00    18.2451
  18100.00    17.9466
  18110.00    18.4285
  18120.00    18.2667
  18130.00    17.7485
  18140.00    17.7242
  18150.00    18.1465
  18160.00    17.9980
  18170.00    17.9527
  18180.00    18.4404
  18190.00    17.6299
  18200.00    18.1131
  18210.00    17.9456
  18220.00    18.4027
  18230.00    18.2590
  18240.00    18.3274
  18250.00    18.0031
  18260.00    17.5999
  18270.00    17.5034
  18280.00    17.7981
  18290.00    17.6251
  18300.00    17.8341
  18310.00    17.7327
  18320.00    18.2894
  18330.00    17.9426
  18340.00    17.6520
  18350.00    18.2436
  18360.00    17.9877
  18370.00    17.9353
  18380.00    18.0757
  18390.00    18.4070
  18400.00    17.4533
  18410.00    17.7663
  18420.00    17.7518
  18430.00    17.7770
  18440.00    17.6113
  18450.00    17.7432
  18460.00    17.5006
  18470.00    18.2243
  18480.00    18.0211
  18490.00    17.8885
  18500.00    17.8492
  18510.00    18.2563
  18520.00    18.4137
  18530.00    17.5398
  18540.00    17.9767
  18550.00    18.1558
  18560.00    17.7689
  18570.00    17.4475
  18580.00    17.9519
  18590.00    18.3832
  18600.00    18.9231
  18610.00    17.9758
  18620.00    18.1126
  18630.00    17.7952
  18640.00    18.1605
  18650.00    18.0244
  18660.00    17.8807
  18670.00    17.9351
  18680.00    17.4952
  18690.00    17.8124
  18700.00    17.6045
  18710.00    17.9244
  18720.00    18.0851
  18730.00    18.0504
  18740.00    17.7029
  18750.00    18.0566
  18760.00    17.8421
  18770.00    17.7611
  18780.00    17.8007
  18790.00    17.9790
  18800.00    18.0868
  18810.00    17.7471
  18820.00    18.0996
  18830.00    17.6538
  18840.00    18.0865
  18850.00    17.8413
  18860.00    17.5792
  18870.00    17.7067
  18880.00    17.1661
  18890.00    17.9266
  18900.00    17.7888
  18910.00    18.4711
  18920.00    18.4910
  18930.00    17.9603
  18940.00    18.1198
  18950.00    17.5985
  18960.00    17.9396
  18970.00    17.8299
  18980.00    17.8721
  18990.00    17.1315
  19000.00    17.8676
  19010.00    17.9289
  19020.00    17.8205
  19030.00    18.0498
  19040.00    17.5790
  19050.00    17.9262
  19060.00    18.1042
  19070.00    17.8477
  19080.00    17.8128
  19090.00    17.8744
  19100.00    18.3143
  19110.00    17.7711
  19120.00    17.9669
  19130.00    18.0830
  19140.00    17.8791
  19150.00    18.1286
  19160.00    17.7113
  19170.00    17.7014
  19180.00    17.9246
  19190.00    17.8876
  19200.00    18.2551
  19210.00    17.5917
  19220.00    17.3492
  19230.00    18.5048
  19240.00    17.7460
  19250.00    17.8501
  19260.00    17.8338
  19270.00    18.2098
  19280.00    17.3516
  19290.00    17.4428
  19300.00    17.9635
  19310.00    18.2080
  19320.00    17.3866
  19330.00    17.8814
  19340.00    17.7814
  19350.00    17.9024
  19360.00    17.8988
  19370.00    17.7289
  19380.00    17.7557
  19390.00    18.1015
  19400.00    18.1504
  19410.00    18.3421
  19420.00    17.8697
  19430.00    18.0531
  19440.00    18.3386
  19450.00    17.9825
  19460.00    17.7632
  19470.00    18.4344
  19480.00    17.9110
  19490.00    18.0954
  19500.00    17.9979
  19510.00    18.0126
  19520.00    17.8811
  19530.00    17.8257
  19540.00    17.9715
  19550.00    17.8321
  19560.00    18.0752
  19570.00    18.0731
  19580.00    17.8892
  19590.00    17.5113
  19600.00    17.8996
  19610.00    17.1823
  19620.00    18.1129
  19630.00    18.4918
  19640.00    17.7001
  19650.00    18.0202
  19660.00    17.7392
  19670.00    17.6948
  19680.00    18.1554
  19690.00    18.0708
  19700.00    17.5574
  19710.00    17.7455
  19720.00    17.7183
  19730.00    17.8044
  19740.00    17.8728
  19750.00    17.8232
  19760.00    18.0457
  19770.00    17.8863
  19780.00    17.8331
  19790.00    17.9780
  19800.00    17.8981
  19810.00    17.2133
  19820.00    18.6161
  19830.00    17.7406
  19840.00    18.2565
  19850.00    17.9872
  19860.00    17.6689
  19870.00    18.5522
  19880.00    17.6888
  19890.00    18.0988
  19900.00    17.2017
  19910.00    17.9198
  19920.00    17.8564
  19930.00    18.0629
  19940.00    17.7238
  19950.00    18.0386
  19960.00    18.0919
  19970.00    17.8880
  19980.00    18.3335
  19990.00    17.8259
  20000.00    17.9479
  20010.00    18.1924
  20020.00    17.9927
  20030.00    17.6465
  20040.00    17.7482
  20050.00    17.3122
  20060.00    17.8167
  20070.00    17.5467
  20080.00    18.0124
  20090.00    17.7583
  20100.00    18.0093
  20110.00    17.9652
  20120.00    17.8217
  20130.00    18.1036
  20140.00    17.9802
  20150.00    18.0787
  20160.00    18.0075
  20170.00    18.3059
  20180.00    18.0706
  20190.00    18.0076
  20200.00    18.5029
  20210.00    18.3268
  20220.00    17.7067
  20230.00    18.1323
  20240.00    18.0524
  20250.00    17.8507
  20260.00    18.0105
  20270.00    18.1109
  20280.00    18.3045
  20290.00    18.1248
  20300.00    18.1493
  20310.00    17.9987
  20320.00    17.8094
  20330.00    18.5065
  20340.00    17.8924
  20350.00    17.5734
  20360.00    18.0205
  20370.00    17.8159
  20380.00    17.7983
  20390.00    17.5994
  20400.00    17.6058
  20410.00    17.6194
  20420.00    18.5212
  20430.00    18.2421
  20440.00    18.5099
  20450.00    17.9850
  20460.00    17.8153
  20470.00    18.1286
  20480.00    17.8517
  20490.00    17.7651
  20500.00    17.9080
  20510.00    18.3535
  20520.00    17.9513
  20530.00    18.1445
  20540.00    18.0079
  20550.00    17.7868
  20560.00    18.3492
  20570.00    17.9793
  20580.00    17.9955
  20590.00    17.7245
  20600.00    18.1997
  20610.00    18.1299
  20620.00    17.6345
  20630.00    18.1471
  20640.00    17.7750
  20650.00    17.9239
  20660.00    17.8447
  20670.00    18.2473
  20680.00    17.7818
  20690.00    18.3069
  20700.00    18.1293
  20710.00    17.5589
  20720.00    17.7968
  20730.00    17.5886
  20740.00    18.2524
  20750.00    17.8522
  20760.00    17.8025
  20770.00    17.6685
  20780.00    17.9307
  20790.00    18.3007
  20800.00    18.1338
  20810.00    17.9332
  20820.00    17.6496
  20830.00    17.5540
  20840.00    18.2889
  20850.00    18.0080
  20860.00    18.8336
  20870.00    18.2624
  20880.00    17.8022
  20890.00    17.8859
  20900.00    18.3112
  20910.00    18.3340
  20920.00    18.3156
  20930.00    18.4461
  20940.00    18.0753
  20950.00    18.3597
  20960.00    17.7401
  20970.00    17.6258
  20980.00    18.7493
  20990.00    17.9719
  21000.00    17.8860
  21010.00    17.6108
  21020.00    18.4599
  21030.00    17.6556
  21040.00    17.8480
  21050.00    17.9032
  21060.00    18.0207
  21070.00    18.4569
  21080.00    17.8354
  21090.00    18.0971
  21100.00    17.8961
  21110.00    17.8055
  21120.00    17.7638
  21130.00    17.8742
  21140.00    17.8797
  21150.00    17.9882
  21160.00    17.7000
  21170.00    17.7821
  21180.00    17.7769
  21190.00    17.3923
  21200.00    17.9478
  21210.00    17.7531
  21220.00    17.8692
  21230.00    18.2947
  21240.00    18.4108
  21250.00    18.1504
  21260.00    17.5257
  21270.00    17.4981
  21280.00    18.0053
  21290.00    17.3865
  21300.00    17.5517
  21310.00    17.8481
  21320.00    18.1289
  21330.00    17.9593
  21340.00    18.1243
  21350.00    18.1748
  21360.00    17.7861
  21370.00    18.1008
  21380.00    17.7566
  21390.00    18.0097
  21400.00    18.4547
  21410.00    17.5470
  21420.00    17.8382
  21430.00    17.9584
  21440.00    17.8672
  21450.00    18.0970
  21460.00    17.9491
  21470.00    17.9151
  21480.00    17.6599
  21490.00    17.7501
  21500.00    17.6560
  21510.00    17.7548
  21520.00    17.8697
  21530.00    18.4869
  21540.00    17.7786
  21550.00    18.0894
  21560.00    17.5950
  21570.00    17.9132
  21580.00    18.0850
  21590.00    17.6026
  21600.00    18.1599
  21610.00    18.2337
  21620.00    18.0055
  21630.00    17.8628
  21640.00    17.9136
  21650.00    17.7559
  21660.00    18.3529
  21670.00    17.8101
  21680.00    18.3072
  21690.00    18.1684
  21700.00    18.1642
  21710.00    18.1807
  21720.00    18.4149
  21730.00    18.2314
  21740.00    18.0843
  21750.00    18.1124
  21760.00    17.9088
  21770.00    18.4137
  21780.00    18.0165
  21790.00    18.1959
  21800.00    18.0686
  21810.00    18.1117
  21820.00    17.9033
  21830.00    17.9118
  21840.00    18.3362
  21850.00    17.8958
  21860.00    17.6245
  21870.00    18.4421
  21880.00    17.3258
  21890.00    17.2268
  21900.00    18.0073
  21910.00    17.6735
  21920.00    18.0001
  21930.00    17.5363
  21940.00    18.3594
  21950.00    17.5778
  21960.00    17.2323
  21970.00    17.6357
  21980.00    17.6001
  21990.00    18.0406
  22000.00    17.6549
  22010.00    18.1547
  22020.00    17.9283
  22030.00    17.6968
  22040.00    17.6576
  22050.00    18.1553
  22060.00    18.4166
  22070.00    18.0591
  22080.00    17.9611
  22090.00    18.0385
  22100.00    18.1410
  22110.00    18.2088
  22120.00    18.1839
  22130.00    18.2616
  22140.00    17.9715
  22150.00    18.1408
  22160.00    17.4975
  22170.00    17.9951
  22180.00    18.0190
  22190.00    18.3217
  22200.00    18.0459
  22210.00    17.6316
  22220.00    17.8399
  22230.00    17.9445
  22240.00    17.6668
  22250.00    18.0592
  22260.00    17.7895
  22270.00    18.2457
  22280.00    17.6805
  22290.00    18.2639
  22300.00    17.5877
  22310.00    18.0212
  22320.00    17.5891
  22330.00    18.1518
  22340.00    18.5981
  22350.00    18.0457
  22360.00    17.9614
  22370.00    18.3100
  22380.00    17.9611
  22390.00    18.5335
  22400.00    18.2273
  22410.00    17.7731
  22420.00    17.8164
  22430.00    17.8096
  22440.00    17.5905
  22450.00    17.7684
  22460.00    18.4301
  22470.00    18.9420
  22480.00    18.0762
  22490.00    18.5984
  22500.00    18.2198
  22510.00    18.2743
  22520.00    18.1740
  22530.00    18.0825
  22540.00    17.6885
  22550.00    17.7769
  22560.00    18.0892
  22570.00    18.1472
  22580.00    17.4689
  22590.00    18.1189
  22600.00    17.6107
  22610.00    17.7581
  22620.00    17.7295
  22630.00    17.7726
  22640.00    18.5536
  22650.00    17.9091
  22660.00    17.9068
  22670.00    17.6821
  22680.00    17.7581
  22690.00    18.2708
  22700.00    17.5391
  22710.00    17.6661
  22720.00    17.9348
  22730.00    18.1973
  22740.00    17.7987
  22750.00    18.2302
  22760.00    17.6986
  22770.00    18.0510
  22780.00    17.7917
  22790.00    17.9972
  22800.00    17.9956
  22810.00    18.1673
  22820.00    17.8518
  22830.00    17.6172
  22840.00    18.2852
  22850.00    18.3862
  22860.00    18.0993
  22870.00    17.0944
  22880.00    17.9907
  22890.00    18.3935
  22900.00    17.7372
  22910.00    18.3488
  22920.00    17.2810
  22930.00    18.0307
  22940.00    17.8135
  22950.00    17.7402
  22960.00    18.0005
  22970.00    17.9263
  22980.00    18.1648
  22990.00    18.1237
  23000.00    18.1488
  23010.00    17.7506
  23020.00    18.4752
  23030.00    17.8955
  23040.00    17.6393
  23050.00    17.9525
  23060.00    18.1180
  23070.00    17.4468
  23080.00    17.5626
  23090.00    18.1900
  23100.00    17.7415
  23110.00    18.1918
  23120.00    17.7392
  23130.00    18.0446
  23140.00    17.9648
  23150.00    17.7288
  23160.00    17.5090
  23170.00    18.2204
  23180.00    17.7832
  23190.00    18.0237
  23200.00    17.9485
  23210.00    17.8693
  23220.00    17.7061
  23230.00    17.7258
  23240.00    17.6578
  23250.00    17.8102
  23260.00    17.9176
  23270.00    18.0181
  23280.00    17.9170
  23290.00    17.7763
  23300.00    17.8854
  23310.00    17.9339
  23320.00    17.8167
  23330.00    17.7637
  23340.00    18.2650
  23350.00    17.8239
  23360.00    18.1020
  23370.00    18.3303
  23380.00    18.4072
  23390.00    18.0972
  23400.00    17.4620
  23410.00    17.8585
  23420.00    17.6203
  23430.00    18.2522
  23440.00    17.7361
  23450.00    17.7706
  23460.00    17.4129
  23470.00    17.5853
  23480.00    18.0795
  23490.00    17.8950
  23500.00    18.2227
  23510.00    17.8791
  23520.00    18.0441
  23530.00    17.4908
  23540.00    17.6003
  23550.00    17.7381
  23560.00    17.6043
  23570.00    17.8641
  23580.00    18.1472
  23590.00    18.0312
  23600.00    17.9479
  23610.00    18.3115
  23620.00    17.7111
  23630.00    18.3679
  23640.00    17.4709
  23650.00    18.2813
  23660.00    17.6043
  23670.00    17.5317
  23680.00    17.8491
  23690.00    17.8051
  23700.00    18.3347
  23710.00    17.8777
  23720.00    18.3886
  23730.00    18.2800
  23740.00    17.8037
  23750.00    17.9590
  23760.00    18.0424
  23770.00    17.9783
  23780.00    17.1687
  23790.00    17.7488
  23800.00    17.6791
  23810.00    17.3710
  23820.00    17.7128
  23830.00    17.6820
  23840.00    17.6081
  23850.00    17.7684
  23860.00    17.9569
  23870.00    17.4938
  23880.00    17.5676
  23890.00    17.2654
  23900.00    17.4130
  23910.00    17.7474
  23920.00    17.5219
  23930.00    17.9098
  23940.00    17.6033
  23950.00    17.8244
  23960.00    17.6897
  23970.00    17.9625
  23980.00    17.6924
  23990.00    17.5418
  24000.00    17.7806
  24010.00    17.8179
  24020.00    18.0351
  24030.00    17.9567
  24040.00    18.1177
  24050.00    18.0564
  24060.00    17.7869
  24070.00    17.8913
  24080.00    17.5647
  24090.00    17.9988
  24100.00    17.8509
  24110.00    17.9271
  24120.00    18.0436
  24130.00    18.1483
  24140.00    17.7525
  24150.00    17.6508
  24160.00    18.0503
  24170.00    17.4776
  24180.00    17.4557
  24190.00    17.9705
  24200.00    18.5352
  24210.00    18.3578
  24220.00    17.5726
  24230.00    17.8209
  24240.00    17.9993
  24250.00    18.5551
  24260.00    17.4742
  24270.00    17.7400
  24280.00    17.7972
  24290.00    17.2735
  24300.00    18.1808
  24310.00    17.9047
  24320.00    18.0399
  24330.00    18.1501
  24340.00    17.6258
  24350.00    18.2252
  24360.00    18.2665
  24370.00    18.3435
  24380.00    17.9419
  24390.00    17.9841
  24400.00    18.0125
  24410.00    18.0186
  24420.00    17.8999
  24430.00    17.6862
  24440.00    18.0688
  24450.00    17.8186
  24460.00    18.3346
  24470.00    17.9964
  24480.00    17.7896
  24490.00    17.8707
  24500.00    18.0932
  24510.00    18.0901
  24520.00    18.1079
  24530.00    17.9031
  24540.00    18.1871
  24550.00    18.0955
  24560.00    17.6394
  24570.00    18.0267
  24580.00    17.9058
  24590.00    18.1113
  24600.00    17.7801
  24610.00    18.3200
  24620.00    18.0211
  24630.00    18.0066
  24640.00    17.9593
  24650.00    17.6252
  24660.00    18.1125
  24670.00    17.8622
  24680.00    18.1649
  24690.00    17.8635
  24700.00    18.2162
  24710.00    17.8285
  24720.00    18.2899
  24730.00    18.1882
  24740.00    18.0590
  24750.00    17.9432
  24760.00    17.8870
  24770.00    17.8312
  24780.00    17.7330
  24790.00    17.6080
  24800.00    17.4166
  24810.00    17.5100
  24820.00    17.9594
  24830.00    18.3631
  24840.00    17.9712
  24850.00    17.7056
  24860.00    18.2458
  24870.00    18.0870
  24880.00    17.5934
  24890.00    17.6368
  24900.00    18.1563
  24910.00    18.4199
  24920.00    17.8876
  24930.00    17.5249
  24940.00    17.9539
  24950.00    18.0574
  24960.00    18.1831
  24970.00    17.9534
  24980.00    18.2052
  24990.00    17.8534
  25000.00    17.6867
  25010.00    18.1857
  25020.00    17.8503
  25030.00    17.9126
  25040.00    18.1568
  25050.00    17.9106
  25060.00    17.5907
  25070.00    17.8084
  25080.00    17.4391
  25090.00    17.7054
  25100.00    17.8205
  25110.00    17.7891
  25120.00    17.7506
  25130.00    17.9609
  25140.00    17.7750
  25150.00    18.1177
  25160.00    17.9890
  25170.00    17.3601
  25180.00    17.5201
  25190.00    17.8142
  25200.00    17.7802
  25210.00    18.2558
  25220.00    18.2918
  25230.00    18.0801
  25240.00    17.9640
  25250.00    17.8828
  25260.00    18.0881
  25270.00    17.9510
  25280.00    18.0097
  25290.00    17.8801
  25300.00    17.5147
  25310.00    17.9433
  25320.00    17.9956
  25330.00    18.0982
  25340.00    17.7564
  25350.00    17.7680
  25360.00    17.7566
  25370.00    17.7075
  25380.00    17.6204
  25390.00    17.4750
  25400.00    17.9626
  25410.00    17.8005
  25420.00    17.5248
  25430.00    18.0878
  25440.00    17.8561
  25450.00    18.5748
  25460.00    18.5260
  25470.00    18.0885
  25480.00    17.7542
  25490.00    17.7943
  25500.00    17.8666
  25510.00    18.0553
  25520.00    18.0145
  25530.00    17.9375
  25540.00    18.1043
  25550.00    17.9752
  25560.00    17.9394
  25570.00    17.3743
  25580.00    17.6754
  25590.00    18.0655
  25600.00    18.4035
  25610.00    18.1285
  25620.00    17.9604
  25630.00    17.9603
  25640.00    17.8577
  25650.00    18.5041
  25660.00    18.1961
  25670.00    18.1750
  25680.00    18.1555
  25690.00    17.6911
  25700.00    18.2202
  25710.00    18.1517
  25720.00    18.2041
  25730.00    17.9557
  25740.00    18.0971
  25750.00    18.2483
  25760.00    18.2401
  25770.00    18.2745
  25780.00    17.9281
  25790.00    18.2572
  25800.00    18.4431
  25810.00    18.2138
  25820.00    17.9485
  25830.00    17.8792
  25840.00    18.4611
  25850.00    17.5544
  25860.00    17.9753
  25870.00    18.1043
  25880.00    17.2467
  25890.00    18.3190
  25900.00    17.7355
  25910.00    18.1309
  25920.00    17.5691
  25930.00    18.0340
  25940.00    18.0396
  25950.00    18.1706
  25960.00    18.0597
  25970.00    18.1233
  25980.00    18.2906
  25990.00    18.2033
  26000.00    17.8176
  26010.00    17.6693
  26020.00    17.8636
  26030.00    18.3076
  26040.00    17.5298
  26050.00    17.8398
  26060.00    18.1527
  26070.00    18.0174
  26080.00    17.6173
  26090.00    18.1349
  26100.00    18.3649
  26110.00    17.6058
  26120.00    17.6457
  26130.00    18.2597
  26140.00    17.8926
  26150.00    18.3798
  26160.00    18.0590
  26170.00    18.0536
  26180.00    18.1724
  26190.00    17.8650
  26200.00    17.7237
  26210.00    17.8918
  26220.00    17.9293
  26230.00    18.2022
  26240.00    17.2993
  26250.00    17.8674
  26260.00    18.3556
  26270.00    18.2240
  26280.00    17.7873
  26290.00    17.7431
  26300.00    18.4050
  26310.00    18.1776
  26320.00    18.4540
  26330.00    18.3200
  26340.00    18.1974
  26350.00    17.7976
  26360.00    17.7595
  26370.00    17.8856
  26380.00    17.9177
  26390.00    17.8979
  26400.00    17.9242
  26410.00    18.1015
  26420.00    18.1603
  26430.00    18.2207
  26440.00    17.7485
  26450.00    18.1956
  26460.00    18.0920
  26470.00    18.5821
  26480.00    17.7267
  26490.00    18.0523
  26500.00    18.2565
  26510.00    18.0233
  26520.00    18.1653
  26530.00    17.8173
  26540.00    18.2949
  26550.00    18.1474
  26560.00    17.7182
  26570.00    17.9770
  26580.00    17.9376
  26590.00    17.7004
  26600.00    17.4299
  26610.00    17.8949
  26620.00    17.9490
  26630.00    18.0073
  26640.00    17.4975
  26650.00    17.8779
  26660.00    17.0993
  26670.00    18.0137
  26680.00    18.3483
  26690.00    18.0869
  26700.00    18.0757
  26710.00    18.8175
  26720.00    18.5387
  26730.00    18.1369
  26740.00    17.9957
  26750.00    18.0172
  26760.00    17.6905
  26770.00    17.8040
  26780.00    17.5768
  26790.00    18.3011
  26800.00    17.8943
  26810.00    17.5812
  26820.00    17.7522
  26830.00    18.3532
  26840.00    17.5365
  26850.00    17.7340
  26860.00    17.9108
  26870.00    17.4794
  26880.00    18.1477
  26890.00    17.9232
  26900.00    17.9397
  26910.00    18.3023
  26920.00    18.1903
  26930.00    17.6241
  26940.00    18.3658
  26950.00    17.8771
  26960.00    17.7691
  26970.00    17.7714
  26980.00    17.6432
  26990.00    17.8334
  27000.00    17.8822
  27010.00    18.4653
  27020.00    17.9841
  27030.00    18.4155
  27040.00    18.2224
  27050.00    17.7272
  27060.00    17.8147
  27070.00    18.2754
  27080.00    17.8266
  27090.00    17.5799
  27100.00    17.8354
  27110.00    18.0417
  27120.00    17.4768
  27130.00    17.8114
  27140.00    17.7413
  27150.00    18.4357
  27160.00    18.4938
  27170.00    17.9051
  27180.00    17.8652
  27190.00    18.2251
  27200.00    17.5563
  27210.00    17.8615
  27220.00    18.0582
  27230.00    18.1519
  27240.00    17.8450
  27250.00    17.9621
  27260.00    17.9912
  27270.00    18.0460
  27280.00    17.6686
  27290.00    17.6234
  27300.00    17.4973
  27310.00    17.9266
  27320.00    17.7365
  27330.00    18.2153
  27340.00    18.5269
  27350.00    17.7221
  27360.00    17.7437
  27370.00    17.6884
  27380.00    17.9290
  27390.00    17.8156
  27400.00    17.9968
  27410.00    17.8127
  27420.00    18.0658
  27430.00    18.5138
  27440.00    18.5680
  27450.00    18.4003
  27460.00    18.4527
  27470.00    18.0560
  27480.00    17.8150
  27490.00    18.0974
  27500.00    18.2928
  27510.00    18.0561
  27520.00    17.4066
  27530.00    18.1462
  27540.00    17.6680
  27550.00    18.4051
  27560.00    17.7614
  27570.00    17.8641
  27580.00    18.3483
  27590.00    18.3863
  27600.00    17.6590
  27610.00    17.8587
  27620.00    17.8288
  27630.00    18.1085
  27640.00    18.4306
  27650.00    18.2991
  27660.00    18.4817
  27670.00    18.4979
  27680.00    18.3855
  27690.00    18.2315
  27700.00    17.7483
  27710.00    18.2055
  27720.00    18.4563
  27730.00    18.1439
  27740.00    18.0891
  27750.00    17.8302
  27760.00    17.9283
  27770.00    18.0155
  27780.00    18.3114
  27790.00    18.2260
  27800.00    17.2936
  27810.00    17.7834
  27820.00    17.7196
  27830.00    17.8349
  27840.00    18.1050
  27850.00    18.1658
  27860.00    17.8394
  27870.00    17.8587
  27880.00    17.8761
  27890.00    17.6792
  27900.00    17.6413
  27910.00    17.7553
  27920.00    18.2556
  27930.00    17.8126
  27940.00    17.7915
  27950.00    17.9842
  27960.00    18.1697
  27970.00    17.6983
  27980.00    17.8227
  27990.00    18.0450
  28000.00    18.0465
  28010.00    18.1294
  28020.00    17.8942
  28030.00    17.6216
  28040.00    17.8863
  28050.00    18.3312
  28060.00    18.0377
  28070.00    18.0307
  28080.00    18.2805
  28090.00    17.7422
  28100.00    17.5989
  28110.00    18.1748
  28120.00    17.8988
  28130.00    18.1495
  28140.00    18.2587
  28150.00    18.0173
  28160.00    18.1349
  28170.00    18.4117
  28180.00    18.1892
  28190.00    18.0578
  28200.00    18.0020
  28210.00    17.9896
  28220.00    17.6052
  28230.00    17.9292
  28240.00    18.0270
  28250.00    18.4623
  28260.00    17.4689
  28270.00    17.7127
  28280.00    17.7893
  28290.00    17.8463
  28300.00    18.1713
  28310.00    17.8946
  28320.00    17.9216
  28330.00    17.7971
  28340.00    18.1203
  28350.00    17.7569
  28360.00    17.9395
  28370.00    17.8710
  28380.00    17.9951
  28390.00    17.3733
  28400.00    18.2103
  28410.00    17.8667
  28420.00    18.0975
  28430.00    18.3176
  28440.00    18.2601
  28450.00    18.2664
  28460.00    17.8506
  28470.00    18.0904
  28480.00    18.0991
  28490.00    18.1616
  28500.00    17.7536
  28510.00    17.7692
  28520.00    18.5602
  28530.00    18.4786
  28540.00    17.7193
  28550.00    18.4039
  28560.00    18.0806
  28570.00    18.0126
  28580.00    18.1077
  28590.00    18.0616
  28600.00    18.0551
  28610.00    18.3581
  28620.00    18.3633
  28630.00    17.7712
  28640.00    17.6788
  28650.00    17.9000
  28660.00    18.1563
  28670.00    18.3693
  28680.00    18.0633
  28690.00    17.6538
  28700.00    18.2668
  28710.00    17.9050
  28720.00    18.5844
  28730.00    18.0805
  28740.00    18.0800
  28750.00    17.7119
  28760.00    18.2866
  28770.00    17.1668
  28780.00    17.7094
  28790.00    17.8053
  28800.00    18.3629
  28810.00    17.7756
  28820.00    18.3138
  28830.00    17.9815
  28840.00    18.2562
  28850.00    18.1615
  28860.00    17.9062
  28870.00    17.9040
  28880.00    18.0385
  28890.00    17.8267
  28900.00    18.1094
  28910.00    18.5842
  28920.00    18.1664
  28930.00    18.0233
  28940.00    17.7592
  28950.00    18.3919
  28960.00    18.0687
  28970.00    18.1519
  28980.00    18.0896
  28990.00    17.9406
  29000.00    17.9759
  29010.00    17.3825
  29020.00    17.8413
  29030.00    18.1631
  29040.00    18.0911
  29050.00    18.2042
  29060.00    17.9799
  29070.00    18.2408
  29080.00    18.5777
  29090.00    18.0131
  29100.00    17.6280
  29110.00    17.6766
  29120.00    17.5227
  29130.00    18.0186
  29140.00    18.0103
  29150.00    17.9475
  29160.00    17.4600
  29170.00    17.9452
  29180.00    17.6283
  29190.00    17.5182
  29200.00    17.4318
  29210.00    18.2804
  29220.00    17.7264
  29230.00    17.7505
  29240.00    17.9356
  29250.00    17.9667
  29260.00    17.8622
  29270.00    17.9366
  29280.00    18.1694
  29290.00    18.5114
  29300.00    18.2582
  29310.00    17.9111
  29320.00    18.0577
  29330.00    17.6730
  29340.00    18.0295
  29350.00    18.2108
  29360.00    17.9997
  29370.00    18.0501
  29380.00    18.4713
  29390.00    17.4202
  29400.00    18.0513
  29410.00    18.4986
  29420.00    18.4454
  29430.00    18.0479
  29440.00    18.3619
  29450.00    18.4101
  29460.00    18.4567
  29470.00    18.1043
  29480.00    18.0792
  29490.00    18.5656
  29500.00    17.5662
  29510.00    17.5676
  29520.00    17.9529
  29530.00    18.0660
  29540.00    18.1633
  29550.00    17.6558
  29560.00    18.3521
  29570.00    17.3566
  29580.00    18.1988
  29590.00    17.7621
  29600.00    18.3051
  29610.00    17.4650
  29620.00    17.9611
  29630.00    17.4082
  29640.00    18.0910
  29650.00    18.1933
  29660.00    18.1585
  29670.00    17.7338
  29680.00    17.1994
  29690.00    17.7401
  29700.00    17.6433
  29710.00    17.6049
  29720.00    17.5197
  29730.00    17.7457
  29740.00    17.9995
  29750.00    17.5445
  29760.00    17.9875
  29770.00    17.9049
  29780.00    18.3610
  29790.00    18.0059
  29800.00    17.6338
  29810.00    17.8448
  29820.00    18.0227
  29830.00    18.1816
  29840.00    18.5703
  29850.00    18.2993
  29860.00    18.2827
  29870.00    18.6153
  29880.00    18.4297
  29890.00    18.6001
  29900.00    18.1043
  29910.00    18.0448
  29920.00    18.7606
  29930.00    18.3227
  29940.00    17.8207
  29950.00    18.5194
  29960.00    18.2909
  29970.00    18.3347
  29980.00    18.3567
  29990.00    18.2497
  30000.00    18.2253
  30010.00    17.9300
  30020.00    18.5797
  30030.00    18.1330
  30040.00    17.8552
  30050.00    18.0592
  30060.00    17.8600
  30070.00    18.0243
  30080.00    18.2095
  30090.00    18.1007
  30100.00    17.8167
  30110.00    18.1648
  30120.00    18.3540
  30130.00    18.6442
  30140.00    18.2985
  30150.00    18.2393
  30160.00    18.0588
  30170.00    18.3860
  30180.00    17.8004
  30190.00    17.7122
  30200.00    18.1398
  30210.00    18.4430
  30220.00    18.0411
  30230.00    18.3839
  30240.00    18.2044
  30250.00    18.5348
  30260.00    18.5652
  30270.00    18.2427
  30280.00    17.8911
  30290.00    18.3448
  30300.00    18.3059
  30310.00    18.2780
  30320.00    18.1502
  30330.00    18.0929
  30340.00    17.7496
  30350.00    18.3150
  30360.00    18.2775
  30370.00    17.9850
  30380.00    18.0449
  30390.00    18.4250
  30400.00    18.1384
  30410.00    17.6021
  30420.00    17.8696
  30430.00    17.6779
  30440.00    18.3580
  30450.00    17.9016
  30460.00    18.4838
  30470.00    18.1411
  30480.00    17.9887
  30490.00    17.9253
  30500.00    17.7863
  30510.00    17.3536
  30520.00    17.5892
  30530.00    18.1826
  30540.00    18.5529
  30550.00    18.2219
  30560.00    17.8133
  30570.00    18.2257
  30580.00    18.0353
  30590.00    17.8780
  30600.00    18.2689
  30610.00    18.2153
  30620.00    17.6962
  30630.00    18.1991
  30640.00    18.1891
  30650.00    18.2911
  30660.00    17.8753
  30670.00    18.3312
  30680.00    18.1663
  30690.00    17.9265
  30700.00    18.2356
  30710.00    18.2044
  30720.00    18.6370
  30730.00    17.6610
  30740.00    18.0390
  30750.00    18.0937
  30760.00    18.7575
  30770.00    17.9445
  30780.00    18.0726
  30790.00    17.7147
  30800.00    18.3892
  30810.00    18.3822
  30820.00    18.1901
  30830.00    17.9402
  30840.00    18.1002
  30850.00    17.9147
  30860.00    18.4827
  30870.00    18.5039
  30880.00    18.0021
  30890.00    18.7549
  30900.00    17.9626
  30910.00    18.3175
  30920.00    17.9948
  30930.00    17.8108
  30940.00    17.9045
  30950.00    17.6842
  30960.00    18.2405
  30970.00    17.7910
  30980.00    18.2692
  30990.00    18.5484
  31000.00    18.3900
  31010.00    18.1075
  31020.00    17.8283
  31030.00    18.0451
  31040.00    17.8909
  31050.00    18.1162
  31060.00    17.9598
  31070.00    18.3004
  31080.00    18.1861
  31090.00    17.7105
  31100.00    18.2900
  31110.00    17.9948
  31120.00    18.2239
  31130.00    17.4845
  31140.00    17.7791
  31150.00    17.5220
  31160.00    18.4109
  31170.00    17.5330
  31180.00    17.8656
  31190.00    17.7930
  31200.00    18.4405
  31210.00    17.6240
  31220.00    18.3024
  31230.00    17.9319
  31240.00    17.7375
  31250.00    18.4704
  31260.00    17.4238
  31270.00    18.1349
  31280.00    17.9674
  31290.00    17.5573
  31300.00    17.7551
  31310.00    17.9396
  31320.00    17.8360
  31330.00    18.4994
  31340.00    18.2586
  31350.00    18.0324
  31360.00    18.0121
  31370.00    17.7001
  31380.00    18.0906
  31390.00    18.1641
  31400.00    18.6570
  31410.00    18.5226
  31420.00    17.8187
  31430.00    17.8998
  31440.00    17.4159
  31450.00    18.1755
  31460.00    18.0382
  31470.00    18.0819
  31480.00    18.6374
  31490.00    17.9052
  31500.00    18.0589
  31510.00    17.7508
  31520.00    17.8615
  31530.00    18.3558
  31540.00    17.6391
  31550.00    17.7802
  31560.00    18.1247
  31570.00    18.1962
  31580.00    17.8046
  31590.00    17.7661
  31600.00    18.0728
  31610.00    17.9411
  31620.00    17.9268
  31630.00    18.2781
  31640.00    18.5860
  31650.00    17.7829
  31660.00    17.9381
  31670.00    18.1393
  31680.00    18.0154
  31690.00    17.6096
  31700.00    17.7138
  31710.00    17.9214
  31720.00    18.0042
  31730.00    18.0720
  31740.00    17.9446
  31750.00    18.2364
  31760.00    17.4961
  31770.00    18.2181
  31780.00    17.9349
  31790.00    17.7923
  31800.00    17.9238
  31810.00    17.9443
  31820.00    17.6414
  31830.00    17.6022
  31840.00    18.0146
  31850.00    17.8979
  31860.00    18.4371
  31870.00    17.9666
  31880.00    18.3370
  31890.00    18.2988
  31900.00    18.3593
  31910.00    18.1770
  31920.00    17.4741
  31930.00    18.2381
  31940.00    17.9350
  31950.00    17.8551
  31960.00    18.0067
  31970.00    18.3030
  31980.00    18.2109
  31990.00    17.9385
  32000.00    17.7497
  32010.00    17.6974
  32020.00    17.5429
  32030.00    17.7067
  32040.00    17.8752
  32050.00    17.4583
  32060.00    17.6611
  32070.00    17.6662
  32080.00    17.6037
  32090.00    17.8585
  32100.00    18.5650
  32110.00    17.9364
  32120.00    17.8376
  32130.00    17.6233
  32140.00    17.6390
  32150.00    17.6540
  32160.00    17.6391
  32170.00    17.5793
  32180.00    17.8959
  32190.00    17.9796
  32200.00    17.7605
  32210.00    17.3589
  32220.00    17.9520
  32230.00    17.8613
  32240.00    17.8526
  32250.00    17.8440
  32260.00    18.4606
  32270.00    17.8425
  32280.00    18.1911
  32290.00    17.8551
  32300.00    17.6951
  32310.00    17.8553
  32320.00    18.1787
  32330.00    17.8892
  32340.00    18.1471
  32350.00    18.3962
  32360.00    18.2064
  32370.00    17.5489
  32380.00    18.0250
  32390.00    18.4695
  32400.00    17.5038
  32410.00    17.8016
  32420.00    17.8807
  32430.00    18.3327
  32440.00    18.0260
  32450.00    17.7214
  32460.00    17.8002
  32470.00    17.8905
  32480.00    17.5238
  32490.00    18.4118
  32500.00    18.1091
  32510.00    18.1546
  32520.00    18.1967
  32530.00    18.0856
  32540.00    17.6314
  32550.00    18.4246
  32560.00    17.5423
  32570.00    17.8532
  32580.00    17.3843
  32590.00    17.7464
  32600.00    17.7539
  32610.00    17.9444
  32620.00    18.1704
  32630.00    17.9647
  32640.00    17.4468
  32650.00    18.0138
  32660.00    17.9069
  32670.00    17.9904
  32680.00    17.9315
  32690.00    17.8366
  32700.00    17.8522
  32710.00    18.1390
  32720.00    18.1979
  32730.00    18.2925
  32740.00    18.1020
  32750.00    17.9003
  32760.00    18.1856
  32770.00    17.6206
  32780.00    18.0974
  32790.00    17.4760
  32800.00    17.9655
  32810.00    17.7856
  32820.00    17.7355
  32830.00    17.8902
  32840.00    17.3058
  32850.00    18.0356
  32860.00    18.3583
  32870.00    17.6944
  32880.00    18.0550
  32890.00    18.4482
  32900.00    18.2219
  32910.00    18.2299
  32920.00    18.2749
  32930.00    18.1819
  32940.00    18.0061
  32950.00    18.1195
  32960.00    17.8892
  32970.00    17.2555
  32980.00    17.7571
  32990.00    18.7008
  33000.00    18.2600
  33010.00    18.0200
  33020.00    17.8102
  33030.00    17.9088
  33040.00    17.7949
  33050.00    18.1723
  33060.00    18.1906
  33070.00    18.3006
  33080.00    17.7639
  33090.00    18.4769
  33100.00    18.6073
  33110.00    18.2400
  33120.00    18.5452
  33130.00    18.2173
  33140.00    18.1832
  33150.00    18.4163
  33160.00    18.0920
  33170.00    18.4539
  33180.00    17.6995
  33190.00    17.9805
  33200.00    17.9854
  33210.00    18.2855
  33220.00    17.9192
  33230.00    17.7111
  33240.00    17.9304
  33250.00    18.2540
  33260.00    18.4690
  33270.00    18.1045
  33280.00    18.0450
  33290.00    18.2469
  33300.00    18.3006
  33310.00    17.8759
  33320.00    17.8732
  33330.00    18.2384
  33340.00    18.0849
  33350.00    17.9024
  33360.00    18.3008
  33370.00    17.7821
  33380.00    18.5659
  33390.00    18.0557
  33400.00    17.6299
  33410.00    17.7075
  33420.00    18.4840
  33430.00    18.0985
  33440.00    18.2876
  33450.00    17.9450
  33460.00    18.2241
  33470.00    17.7794
  33480.00    18.3014
  33490.00    17.7727
  33500.00    17.7364
  33510.00    17.8667
  33520.00    17.9627
  33530.00    18.3847
  33540.00    17.4094
  33550.00    17.5895
  33560.00    18.1036
  33570.00    18.1125
  33580.00    18.8548
  33590.00    17.9702
  33600.00    18.2125
  33610.00    17.8583
  33620.00    18.2387
  33630.00    18.4239
  33640.00    18.1421
  33650.00    18.0778
  33660.00    18.0296
  33670.00    17.5641
  33680.00    17.6557
  33690.00    18.0935
  33700.00    17.7229
  33710.00    18.0872
  33720.00    17.8719
  33730.00    17.6640
  33740.00    17.7649
  33750.00    17.5052
  33760.00    17.8797
  33770.00    17.8424
  33780.00    18.2764
  33790.00    17.8945
  33800.00    17.9759
  33810.00    17.2409
  33820.00    17.8628
  33830.00    18.5582
  33840.00    18.1966
  33850.00    18.1735
  33860.00    17.8515
  33870.00    17.9382
  33880.00    18.0723
  33890.00    17.5685
  33900.00    17.9248
  33910.00    17.4713
  33920.00    17.8821
  33930.00    17.8591
  33940.00    17.4507
  33950.00    17.8868
  33960.00    17.8644
  33970.00    17.6056
  33980.00    17.9743
  33990.00    17.6646
  34000.00    17.8033
  34010.00    17.9348
  34020.00    18.0705
  34030.00    17.8668
  34040.00    17.9621
  34050.00    17.9249
  34060.00    18.0989
  34070.00    18.2104
  34080.00    18.0519
  34090.00    18.1648
  34100.00    17.9920
  34110.00    18.1078
  34120.00    18.0517
  34130.00    17.7958
  34140.00    17.7689
  34150.00    17.9056
  34160.00    17.7968
  34170.00    17.6141
  34180.00    17.8622
  34190.00    18.1142
  34200.00    18.0102
  34210.00    17.4429
  34220.00    18.2177
  34230.00    18.1028
  34240.00    17.4603
  34250.00    17.7181
  34260.00    18.1916
  34270.00    18.1128
  34280.00    18.0228
  34290.00    18.3329
  34300.00    18.1783
  34310.00    18.1737
  34320.00    18.2186
  34330.00    17.5618
  34340.00    17.9296
  34350.00    17.7316
  34360.00    17.8552
  34370.00    17.5950
  34380.00    17.6197
  34390.00    18.6790
  34400.00    18.0885
  34410.00    17.7359
  34420.00    18.0448
  34430.00    17.8265
  34440.00    18.2437
  34450.00    18.1201
  34460.00    18.0542
  34470.00    17.8892
  34480.00    18.1183
  34490.00    18.3337
  34500.00    18.1425
  34510.00    18.1181
  34520.00    18.5630
  34530.00    18.3016
  34540.00    18.3258
  34550.00    17.9898
  34560.00    17.8305
  34570.00    18.0663
  34580.00    18.0955
  34590.00    18.3371
  34600.00    18.0422
  34610.00    17.8437
  34620.00    17.9932
  34630.00    17.5517
  34640.00    18.2430
  34650.00    17.7678
  34660.00    17.8856
  34670.00    18.4265
  34680.00    18.2016
  34690.00    17.7382
  34700.00    17.7988
  34710.00    18.3213
  34720.00    18.1823
  34730.00    17.6556
  34740.00    17.6480
  34750.00    18.0136
  34760.00    17.5011
  34770.00    17.7809
  34780.00    17.8496
  34790.00    17.5315
  34800.00    17.5056
  34810.00    17.7907
  34820.00    17.8886
  34830.00    17.9361
  34840.00    17.9717
  34850.00    18.4733
  34860.00    18.4098
  34870.00    17.7930
  34880.00    17.5508
  34890.00    17.8793
  34900.00    17.8681
  34910.00    18.4544
  34920.00    17.5544
  34930.00    18.3863
  34940.00    17.7661
  34950.00    17.5385
  34960.00    17.5401
  34970.00    18.4065
  34980.00    17.7690
  34990.00    18.3852
  35000.00    18.2404
  35010.00    18.1294
  35020.00    18.0202
  35030.00    18.4971
  35040.00    18.3163
  35050.00    18.2042
  35060.00    17.5392
  35070.00    18.4921
  35080.00    17.5831
  35090.00    17.5404
  35100.00    17.9275
  35110.00    17.9580
  35120.00    17.6708
  35130.00    17.9815
  35140.00    18.1359
  35150.00    17.6577
  35160.00    17.7348
  35170.00    17.8035
  35180.00    17.9847
  35190.00    18.1330
  35200.00    18.0424
  35210.00    18.3147
  35220.00    17.4195
  35230.00    18.3640
  35240.00    17.9538
  35250.00    17.9511
  35260.00    18.0214
  35270.00    18.2426
  35280.00    18.1015
  35290.00    18.2875
  35300.00    17.8138
  35310.00    17.0477
  35320.00    17.9418
  35330.00    17.8841
  35340.00    18.0007
  35350.00    18.1686
  35360.00    17.9087
  35370.00    17.5099
  35380.00    17.6716
  35390.00    17.8474
  35400.00    18.0495
  35410.00    18.2112
  35420.00    18.5056
  35430.00    18.3820
  35440.00    17.9457
  35450.00    17.8294
  35460.00    18.0951
  35470.00    17.7675
  35480.00    18.1200
  35490.00    17.8763
  35500.00    17.7892
  35510.00    17.7877
  35520.00    19.0940
  35530.00    18.1881
  35540.00    18.2359
  35550.00    17.9725
  35560.00    17.5724
  35570.00    17.8860
  35580.00    18.0961
  35590.00    18.3573
  35600.00    17.6106
  35610.00    17.8475
  35620.00    18.1557
  35630.00    17.5617
  35640.00    17.8303
  35650.00    18.3206
  35660.00    18.0569
  35670.00    18.1697
  35680.00    17.9390
  35690.00    18.4816
  35700.00    17.8453
  35710.00    17.7889
  35720.00    18.1202
  35730.00    17.4362
  35740.00    17.9462
  35750.00    17.6301
  35760.00    18.0696
  35770.00    18.2990
  35780.00    18.0406
  35790.00    17.9301
  35800.00    18.3365
  35810.00    18.3154
  35820.00    18.0215
  35830.00    17.9177
  35840.00    17.9885
  35850.00    17.7644
  35860.00    18.0970
  35870.00    18.0849
  35880.00    17.9048
  35890.00    17.7677
  35900.00    18.2182
  35910.00    18.5497
  35920.00    17.8391
  35930.00    18.1533
  35940.00    18.0833
  35950.00    18.3630
  35960.00    18.4811
  35970.00    18.1040
  35980.00    17.8188
  35990.00    18.0076
  36000.00    18.0154
  36010.00    17.7615
  36020.00    18.0341
  36030.00    17.7858
  36040.00    17.8942
  36050.00    18.1252
  36060.00    18.3627
  36070.00    18.0626
  36080.00    17.6590
  36090.00    17.7139
  36100.00    18.5156
  36110.00    18.0024
  36120.00    18.1631
  36130.00    17.8738
  36140.00    17.9275
  36150.00    17.9850
  36160.00    17.8259
  36170.00    17.7815
  36180.00    18.1927
  36190.00    17.9844
  36200.00    18.0597
  36210.00    18.2370
  36220.00    18.2497
  36230.00    17.7754
  36240.00    17.9906
  36250.00    18.0563
  36260.00    17.6197
  36270.00    18.1093
  36280.00    18.0744
  36290.00    18.4023
  36300.00    17.8930
  36310.00    17.5963
  36320.00    17.9741
  36330.00    17.6623
  36340.00    17.6386
  36350.00    18.3768
  36360.00    17.7518
  36370.00    17.8599
  36380.00    18.0381
  36390.00    18.4643
  36400.00    18.1254
  36410.00    18.4653
  36420.00    17.4095
  36430.00    18.2889
  36440.00    18.0119
  36450.00    17.8647
  36460.00    18.0845
  36470.00    18.2243
  36480.00    18.3971
  36490.00    18.1452
  36500.00    18.2226
  36510.00    17.9843
  36520.00    18.1085
  36530.00    18.3076
  36540.00    17.9394
  36550.00    18.1274
  36560.00    18.1546
  36570.00    17.8526
  36580.00    17.4814
  36590.00    17.9542
  36600.00    18.0721
  36610.00    17.7918
  36620.00    18.1973
  36630.00    18.1925
  36640.00    17.7686
  36650.00    18.2140
  36660.00    18.0090
  36670.00    17.5341
  36680.00    17.7045
  36690.00    18.7218
  36700.00    17.9392
  36710.00    18.2385
  36720.00    17.8781
  36730.00    17.8543
  36740.00    18.0933
  36750.00    18.0582
  36760.00    17.7046
  36770.00    17.8300
  36780.00    17.4570
  36790.00    17.5017
  36800.00    17.5958
  36810.00    17.8778
  36820.00    18.2621
  36830.00    17.5991
  36840.00    17.7906
  36850.00    18.3833
  36860.00    17.6215
  36870.00    17.7466
  36880.00    17.8182
  36890.00    17.9708
  36900.00    17.5144
  36910.00    17.5074
  36920.00    17.3457
  36930.00    17.6662
  36940.00    17.7282
  36950.00    18.8235
  36960.00    18.1241
  36970.00    17.9064
  36980.00    18.0698
  36990.00    17.4625
  37000.00    17.5584
  37010.00    17.7095
  37020.00    18.0324
  37030.00    17.8876
  37040.00    18.1230
  37050.00    17.5976
  37060.00    17.8011
  37070.00    17.8286
  37080.00    17.5339
  37090.00    17.9702
  37100.00    18.2828
  37110.00    17.9831
  37120.00    18.3581
  37130.00    17.8885
  37140.00    18.7256
  37150.00    17.9782
  37160.00    18.0206
  37170.00    17.9823
  37180.00    17.5342
  37190.00    17.9254
  37200.00    17.9368
  37210.00    17.6876
  37220.00    17.7168
  37230.00    17.5803
  37240.00    17.7217
  37250.00    17.8750
  37260.00    17.6655
  37270.00    18.0454
  37280.00    18.0237
  37290.00    17.4932
  37300.00    17.7939
  37310.00    18.0695
  37320.00    17.8018
  37330.00    17.7771
  37340.00    18.3095
  37350.00    18.5602
  37360.00    17.8484
  37370.00    17.7023
  37380.00    17.7564
  37390.00    18.1360
  37400.00    18.3997
  37410.00    17.5619
  37420.00    17.9436
  37430.00    17.4851
  37440.00    17.7207
  37450.00    17.9055
  37460.00    17.9047
  37470.00    18.2280
  37480.00    17.7699
  37490.00    18.0833
  37500.00    18.3217
  37510.00    17.8924
  37520.00    17.7656
  37530.00    18.1771
  37540.00    18.2212
  37550.00    18.0672
  37560.00    17.7605
  37570.00    18.3824
  37580.00    18.4239
  37590.00    18.5136
  37600.00    17.6599
  37610.00    18.1076
  37620.00    18.1596
  37630.00    18.3042
  37640.00    17.3819
  37650.00    18.1851
  37660.00    18.0749
  37670.00    17.7545
  37680.00    18.3241
  37690.00    18.3666
  37700.00    17.9312
  37710.00    17.9870
  37720.00    17.8891
  37730.00    17.8675
  37740.00    18.0917
  37750.00    18.0710
  37760.00    18.2077
  37770.00    18.4295
  37780.00    18.3200
  37790.00    18.1058
  37800.00    18.0541
  37810.00    18.2485
  37820.00    17.9684
  37830.00    17.7580
  37840.00    18.0101
  37850.00    17.8456
  37860.00    18.0192
  37870.00    18.1163
  37880.00    18.0987
  37890.00    17.7415
  37900.00    18.2167
  37910.00    18.1768
  37920.00    18.1647
  37930.00    18.0798
  37940.00    18.0954
  37950.00    17.9607
  37960.00    18.1423
  37970.00    17.9232
  37980.00    18.0427
  37990.00    17.4452
  38000.00    18.6778
  38010.00    18.0379
  38020.00    18.0928
  38030.00    17.8348
  38040.00    18.2321
  38050.00    18.1172
  38060.00    17.8127
  38070.00    18.0909
  38080.00    17.9054
  38090.00    18.3817
  38100.00    18.0517
  38110.00    17.0891
  38120.00    17.9361
  38130.00    17.7975
  38140.00    17.3617
  38150.00    18.0159
  38160.00    17.7041
  38170.00    18.1578
  38180.00    18.2855
  38190.00    18.1668
  38200.00    18.4458
  38210.00    18.2322
  38220.00    18.0505
  38230.00    18.1254
  38240.00    18.2403
  38250.00    18.0645
  38260.00    18.0855
  38270.00    18.0355
  38280.00    17.6175
  38290.00    18.2821
  38300.00    18.0589
  38310.00    18.2644
  38320.00    17.4577
  38330.00    18.1909
  38340.00    18.3004
  38350.00    17.9187
  38360.00    17.9719
  38370.00    18.0369
  38380.00    17.9899
  38390.00    18.0408
  38400.00    18.2004
  38410.00    18.0326
  38420.00    18.1737
  38430.00    18.0650
  38440.00    17.8922
  38450.00    18.3276
  38460.00    18.0284
  38470.00    18.1008
  38480.00    17.5198
  38490.00    17.9685
  38500.00    17.9489
  38510.00    17.4081
  38520.00    17.8473
  38530.00    17.6317
  38540.00    17.7526
  38550.00    17.8335
  38560.00    18.2139
  38570.00    18.2037
  38580.00    17.8647
  38590.00    17.8848
  38600.00    17.9679
  38610.00    17.8878
  38620.00    18.6030
  38630.00    18.1203
  38640.00    18.1878
  38650.00    18.0734
  38660.00    17.7654
  38670.00    18.0094
  38680.00    18.2915
  38690.00    17.7973
  38700.00    18.3701
  38710.00    17.9923
  38720.00    17.9694
  38730.00    18.0475
  38740.00    18.2065
  38750.00    17.5903
  38760.00    17.6069
  38770.00    17.7999
  38780.00    17.9649
  38790.00    18.1007
  38800.00    18.1407
  38810.00    18.1533
  38820.00    17.8718
  38830.00    17.5397
  38840.00    18.0756
  38850.00    17.7725
  38860.00    18.2342
  38870.00    18.0308
  38880.00    18.5176
  38890.00    17.9887
  38900.00    18.0444
  38910.00    18.5541
  38920.00    18.0428
  38930.00    18.4153
  38940.00    18.1190
  38950.00    18.1351
  38960.00    18.2237
  38970.00    18.2249
  38980.00    18.0960
  38990.00    18.0931
  39000.00    17.7084
  39010.00    17.4319
  39020.00    17.7044
  39030.00    17.8076
  39040.00    17.7200
  39050.00    17.8973
  39060.00    17.5917
  39070.00    18.0498
  39080.00    18.0479
  39090.00    18.0507
  39100.00    17.5561
  39110.00    17.8170
  39120.00    18.3762
  39130.00    17.8455
  39140.00    17.8218
  39150.00    17.6062
  39160.00    17.9718
  39170.00    17.8938
  39180.00    17.7747
  39190.00    17.7032
  39200.00    18.0324
  39210.00    17.7766
  39220.00    17.7475
  39230.00    17.6424
  39240.00    17.6049
  39250.00    17.9990
  39260.00    17.9927
  39270.00    18.1603
  39280.00    18.4917
  39290.00    17.4992
  39300.00    18.3743
  39310.00    17.8375
  39320.00    18.1328
  39330.00    18.0797
  39340.00    17.8669
  39350.00    17.8726
  39360.00    17.9443
  39370.00    17.7963
  39380.00    17.7649
  39390.00    17.7903
  39400.00    17.8531
  39410.00    18.0728
  39420.00    18.1268
  39430.00    17.5068
  39440.00    18.0375
  39450.00    18.0995
  39460.00    18.2381
  39470.00    17.7582
  39480.00    17.7940
  39490.00    17.8177
  39500.00    18.3972
  39510.00    17.9046
  39520.00    18.2550
  39530.00    18.0542
  39540.00    18.6673
  39550.00    18.0272
  39560.00    17.8466
  39570.00    17.7459
  39580.00    18.2844
  39590.00    18.2858
  39600.00    17.9838
  39610.00    17.8208
  39620.00    18.3180
  39630.00    18.2248
  39640.00    18.2885
  39650.00    18.0182
  39660.00    18.0489
  39670.00    18.0575
  39680.00    18.3176
  39690.00    17.5361
  39700.00    18.2017
  39710.00    17.9600
  39720.00    18.1708
  39730.00    17.5122
  39740.00    17.9433
  39750.00    17.9855
  39760.00    17.6463
  39770.00    18.2428
  39780.00    17.7138
  39790.00    17.6870
  39800.00    17.7033
  39810.00    17.9889
  39820.00    18.1418
  39830.00    17.6546
  39840.00    17.7079
  39850.00    17.9250
  39860.00    17.8903
  39870.00    18.1540
  39880.00    18.0530
  39890.00    17.7136
  39900.00    18.0979
  39910.00    18.2069
  39920.00    18.0664
  39930.00    18.1884
  39940.00    18.1582
  39950.00    18.1902
  39960.00    17.9362
  39970.00    18.2585
  39980.00    17.9491
  39990.00    18.2038
  40000.00    18.2563
  40010.00    18.1626
  40020.00    18.4863
  40030.00    17.9006
  40040.00    17.8014
  40050.00    17.7130
  40060.00    17.5303
  40070.00    18.2254
  40080.00    18.2003
  40090.00    17.4752
  40100.00    18.5455
  40110.00    17.7596
  40120.00    18.5149
  40130.00    17.5868
  40140.00    18.3504
  40150.00    18.0423
  40160.00    17.8367
  40170.00    17.7204
  40180.00    17.9787
  40190.00    17.6322
  40200.00    18.3611
  40210.00    17.9706
  40220.00    17.7895
  40230.00    18.0580
  40240.00    18.1231
  40250.00    18.3082
  40260.00    17.5862
  40270.00    17.7741
  40280.00    18.3385
  40290.00    18.3600
  40300.00    18.2388
  40310.00    18.3099
  40320.00    17.9542
  40330.00    18.3028
  40340.00    17.8075
  40350.00    17.8467
  40360.00    18.2343
  40370.00    17.9994
  40380.00    17.9682
  40390.00    18.0208
  40400.00    17.9929
  40410.00    18.3175
  40420.00    17.9672
  40430.00    17.7857
  40440.00    17.9675
  40450.00    18.1134
  40460.00    17.9732
  40470.00    17.6371
  40480.00    18.0187
  40490.00    18.4774
  40500.00    18.2321
  40510.00    18.0809
  40520.00    17.7887
  40530.00    18.0859
  40540.00    18.2177
  40550.00    17.6206
  40560.00    17.8077
  40570.00    18.1401
  40580.00    17.8421
  40590.00    18.1065
  40600.00    18.0881
  40610.00    17.7307
  40620.00    18.1896
  40630.00    18.5935
  40640.00    18.0789
  40650.00    18.2051
  40660.00    18.0919
  40670.00    18.3441
  40680.00    17.9750
  40690.00    17.8424
  40700.00    18.2664
  40710.00    18.4341
  40720.00    18.0838
  40730.00    17.9606
  40740.00    18.4033
  40750.00    18.4446
  40760.00    18.2202
  40770.00    18.7151
  40780.00    18.3159
  40790.00    18.1809
  40800.00    18.0407
  40810.00    18.2685
  40820.00    17.8160
  40830.00    18.7131
  40840.00    18.2730
  40850.00    18.5994
  40860.00    18.1699
  40870.00    17.9910
  40880.00    17.8167
  40890.00    17.7678
  40900.00    18.0835
  40910.00    18.2089
  40920.00    18.0323
  40930.00    18.6588
  40940.00    18.6007
  40950.00    18.4342
  40960.00    18.1126
  40970.00    17.8520
  40980.00    18.0747
  40990.00    18.4522
  41000.00    18.0676
  41010.00    18.2603
  41020.00    18.0111
  41030.00    17.8919
  41040.00    18.4579
  41050.00    18.3149
  41060.00    17.9363
  41070.00    18.0649
  41080.00    18.4314
  41090.00    18.3688
  41100.00    18.3425
  41110.00    18.3803
  41120.00    18.6006
  41130.00    18.3700
  41140.00    17.8166
  41150.00    17.9476
  41160.00    18.0481
  41170.00    17.4670
  41180.00    17.8192
  41190.00    18.0016
  41200.00    18.0467
  41210.00    18.5126
  41220.00    17.9378
  41230.00    18.0604
  41240.00    18.4836
  41250.00    17.6949
  41260.00    17.8665
  41270.00    17.7192
  41280.00    17.9544
  41290.00    18.3816
  41300.00    18.4341
  41310.00    18.4914
  41320.00    17.5653
  41330.00    17.9216
  41340.00    17.9337
  41350.00    17.1692
  41360.00    17.8277
  41370.00    17.5374
  41380.00    17.6437
  41390.00    17.6026
  41400.00    17.6905
  41410.00    18.2209
  41420.00    18.1456
  41430.00    18.1309
  41440.00    17.9936
  41450.00    17.2691
  41460.00    17.9268
  41470.00    17.8466
  41480.00    18.1659
  41490.00    17.7225
  41500.00    17.8098
  41510.00    18.5207
  41520.00    18.3179
  41530.00    18.2785
  41540.00    18.2685
  41550.00    17.6963
  41560.00    18.2076
  41570.00    17.5098
  41580.00    18.3116
  41590.00    17.5960
  41600.00    17.8775
  41610.00    17.6861
  41620.00    17.8950
  41630.00    17.9725
  41640.00    17.5205
  41650.00    17.4184
  41660.00    18.2532
  41670.00    17.7636
  41680.00    18.0066
  41690.00    17.7046
  41700.00    17.8970
  41710.00    18.0062
  41720.00    17.4874
  41730.00    17.9972
  41740.00    17.9550
  41750.00    18.1891
  41760.00    18.0353
  41770.00    18.0515
  41780.00    18.1587
  41790.00    18.0254
  41800.00    17.5199
  41810.00    18.0825
  41820.00    17.8496
  41830.00    17.9791
  41840.00    18.1990
  41850.00    18.4435
  41860.00    17.7827
  41870.00    17.6608
  41880.00    17.7454
  41890.00    17.9581
  41900.00    18.2288
  41910.00    18.2572
  41920.00    17.8644
  41930.00    17.3408
  41940.00    18.3234
  41950.00    18.0447
  41960.00    18.4101
  41970.00    17.8366
  41980.00    17.7501
  41990.00    18.1918
  42000.00    18.1089
  42010.00    18.0588
  42020.00    17.8041
  42030.00    17.9686
  42040.00    17.8588
  42050.00    18.3382
  42060.00    17.7113
  42070.00    18.1202
  42080.00    18.0476
  42090.00    17.9132
  42100.00    18.0271
  42110.00    17.7674
  42120.00    17.8719
  42130.00    18.1271
  42140.00    17.7921
  42150.00    17.5476
  42160.00    17.9190
  42170.00    17.9573
  42180.00    17.6860
  42190.00    17.4643
  42200.00    17.6362
  42210.00    17.4695
  42220.00    17.6726
  42230.00    17.8114
  42240.00    18.0386
  42250.00    18.1902
  42260.00    17.7114
  42270.00    17.7997
  42280.00    17.8074
  42290.00    17.8032
  42300.00    17.9934
  42310.00    17.4388
  42320.00    18.1877
  42330.00    17.6684
  42340.00    17.9287
  42350.00    18.0565
  42360.00    17.7337
  42370.00    17.8203
  42380.00    18.4095
  42390.00    18.3376
  42400.00    18.2445
  42410.00    18.1740
  42420.00    17.7238
  42430.00    17.8983
  42440.00    18.1069
  42450.00    17.6971
  42460.00    17.7241
  42470.00    18.0215
  42480.00    18.3736
  42490.00    18.3756
  42500.00    18.1489
  42510.00    17.9052
  42520.00    17.7474
  42530.00    18.0286
  42540.00    17.6804
  42550.00    18.3089
  42560.00    18.4523
  42570.00    17.8044
  42580.00    18.4368
  42590.00    18.4003
  42600.00    17.6740
  42610.00    17.9697
  42620.00    17.5912
  42630.00    17.4821
  42640.00    18.2269
  42650.00    17.6713
  42660.00    17.6570
  42670.00    17.5473
  42680.00    17.8015
  42690.00    17.5412
  42700.00    17.8779
  42710.00    18.1963
  42720.00    18.0821
  42730.00    17.3669
  42740.00    17.3555
  42750.00    17.8709
  42760.00    18.5208
  42770.00    17.9755
  42780.00    18.3903
  42790.00    17.8472
  42800.00    17.9172
  42810.00    18.0754
  42820.00    18.1542
  42830.00    18.0092
  42840.00    17.8113
  42850.00    17.9383
  42860.00    17.7770
  42870.00    18.4297
  42880.00    17.7272
  42890.00    18.2702
  42900.00    18.2195
  42910.00    18.1223
  42920.00    17.8653
  42930.00    17.9717
  42940.00    18.3669
  42950.00    18.0831
  42960.00    17.9328
  42970.00    17.8466
  42980.00    17.8554
  42990.00    17.6711
  43000.00    18.1836
  43010.00    17.5199
  43020.00    17.5097
  43030.00    18.0658
  43040.00    18.0828
  43050.00    17.9423
  43060.00    18.0269
  43070.00    17.7456
  43080.00    17.7202
  43090.00    18.4172
  43100.00    18.0065
  43110.00    18.0139
  43120.00    17.6349
  43130.00    18.1543
  43140.00    17.8225
  43150.00    17.9955
  43160.00    18.0240
  43170.00    17.8800
  43180.00    17.9822
  43190.00    18.2232
  43200.00    17.9943
  43210.00    17.5998
  43220.00    17.7559
  43230.00    18.2784
  43240.00    17.8624
  43250.00    17.9822
  43260.00    18.5839
  43270.00    18.3199
  43280.00    18.0373
  43290.00    17.9608
  43300.00    18.2862
  43310.00    17.9842
  43320.00    18.0111
  43330.00    18.0942
  43340.00    18.1332
  43350.00    17.8786
  43360.00    18.0508
  43370.00    18.2888
  43380.00    17.9052
  43390.00    18.6787
  43400.00    18.0745
  43410.00    17.8187
  43420.00    17.9643
  43430.00    18.1309
  43440.00    17.8234
  43450.00    17.9629
  43460.00    17.5859
  43470.00    18.1688
  43480.00    18.2280
  43490.00    18.1735
  43500.00    17.7205
  43510.00    17.4219
  43520.00    17.6690
  43530.00    18.2520
  43540.00    17.9474
  43550.00    18.0774
  43560.00    18.2606
  43570.00    18.2721
  43580.00    17.8666
  43590.00    17.9795
  43600.00    17.8240
  43610.00    17.6440
  43620.00    17.3379
  43630.00    17.9234
  43640.00    17.8292
  43650.00    17.3144
  43660.00    17.4601
  43670.00    17.7314
  43680.00    18.2518
  43690.00    18.0040
  43700.00    17.9322
  43710.00    17.5289
  43720.00    17.7860
  43730.00    17.9690
  43740.00    18.0852
  43750.00    17.9788
  43760.00    17.8596
  43770.00    17.6558
  43780.00    17.9181
  43790.00    17.8074
  43800.00    17.8201
  43810.00    17.7360
  43820.00    17.6072
  43830.00    17.8864
  43840.00    17.9733
  43850.00    18.0169
  43860.00    18.1799
  43870.00    17.9482
  43880.00    18.3286
  43890.00    17.3452
  43900.00    17.9217
  43910.00    17.9647
  43920.00    18.0032
  43930.00    17.9201
  43940.00    18.2718
  43950.00    17.9775
  43960.00    18.0939
  43970.00    18.0954
  43980.00    17.6575
  43990.00    17.8697
  44000.00    17.9338
  44010.00    17.9479
  44020.00    17.3274
  44030.00    17.6188
  44040.00    18.2118
  44050.00    17.7682
  44060.00    18.1110
  44070.00    18.3039
  44080.00    18.1301
  44090.00    18.6597
  44100.00    17.6617
  44110.00    18.0149
  44120.00    18.0521
  44130.00    17.8730
  44140.00    18.1401
  44150.00    18.3614
  44160.00    18.4241
  44170.00    18.1839
  44180.00    18.2050
  44190.00    17.3713
  44200.00    17.5266
  44210.00    17.7892
  44220.00    17.9042
  44230.00    17.8380
  44240.00    17.8857
  44250.00    18.0375
  44260.00    17.9703
  44270.00    17.3496
  44280.00    17.7459
  44290.00    18.3264
  44300.00    18.3396
  44310.00    17.7221
  44320.00    17.8292
  44330.00    18.1855
  44340.00    17.9101
  44350.00    18.1370
  44360.00    17.9516
  44370.00    17.8300
  44380.00    17.7569
  44390.00    17.8550
  44400.00    17.3689
  44410.00    18.1834
  44420.00    17.9110
  44430.00    17.8918
  44440.00    17.5541
  44450.00    17.3428
  44460.00    17.4851
  44470.00    18.4161
  44480.00    18.1259
  44490.00    18.2824
  44500.00    17.6008
  44510.00    17.7855
  44520.00    18.1540
  44530.00    17.5803
  44540.00    17.9879
  44550.00    18.4829
  44560.00    18.1756
  44570.00    17.7227
  44580.00    18.0938
  44590.00    18.5972
  44600.00    17.9595
  44610.00    17.7561
  44620.00    17.8901
  44630.00    17.8454
  44640.00    18.1531
  44650.00    18.1142
  44660.00    18.3611
  44670.00    17.3509
  44680.00    17.8763
  44690.00    17.7868
  44700.00    17.8864
  44710.00    17.6385
  44720.00    18.0886
  44730.00    17.4064
  44740.00    17.8986
  44750.00    18.3965
  44760.00    17.7709
  44770.00    17.7972
  44780.00    18.2456
  44790.00    17.7962
  44800.00    18.1420
  44810.00    18.0780
  44820.00    18.5644
  44830.00    17.6597
  44840.00    18.1757
  44850.00    17.9582
  44860.00    17.6226
  44870.00    17.8419
  44880.00    18.2643
  44890.00    18.2078
  44900.00    17.8691
  44910.00    17.9833
  44920.00    17.3573
  44930.00    17.8349
  44940.00    17.8673
  44950.00    18.0262
  44960.00    18.5361
  44970.00    18.0521
  44980.00    17.8774
  44990.00    18.1916
  45000.00    18.0410
  45010.00    17.9380
  45020.00    18.4904
  45030.00    18.2848
  45040.00    18.4249
  45050.00    17.9938
  45060.00    18.0301
  45070.00    18.4359
  45080.00    17.9982
  45090.00    17.8697
  45100.00    18.3449
  45110.00    18.3019
  45120.00    18.3741
  45130.00    17.9062
  45140.00    18.1133
  45150.00    17.8305
  45160.00    17.7939
  45170.00    18.1481
  45180.00    18.3009
  45190.00    17.8802
  45200.00    18.1177
  45210.00    18.1612
  45220.00    17.4113
  45230.00    17.9804
  45240.00    18.0962
  45250.00    17.9841
  45260.00    17.8143
  45270.00    18.3495
  45280.00    17.8187
  45290.00    17.5159
  45300.00    18.2279
  45310.00    17.9709
  45320.00    18.0524
  45330.00    17.9307
  45340.00    18.4783
  45350.00    18.2617
  45360.00    17.4824
  45370.00    17.3600
  45380.00    17.7482
  45390.00    17.6686
  45400.00    17.9323
  45410.00    18.0493
  45420.00    18.7378
  45430.00    17.9293
  45440.00    18.0246
  45450.00    17.8603
  45460.00    17.6196
  45470.00    18.8478
  45480.00    18.1635
  45490.00    18.2288
  45500.00    18.6978
  45510.00    18.3122
  45520.00    18.3605
  45530.00    17.4712
  45540.00    18.0071
  45550.00    18.3909
  45560.00    17.6363
  45570.00    18.0749
  45580.00    18.3095
  45590.00    17.4457
  45600.00    17.5078
  45610.00    18.4172
  45620.00    18.1169
  45630.00    18.2193
  45640.00    17.3085
  45650.00    18.0970
  45660.00    17.7310
  45670.00    17.6751
  45680.00    17.8904
  45690.00    18.2064
  45700.00    17.3249
  45710.00    17.7379
  45720.00    17.7926
  45730.00    17.6569
  45740.00    18.4949
  45750.00    17.8489
  45760.00    17.7188
  45770.00    18.0282
  45780.00    17.9975
  45790.00    18.5913
  45800.00    18.1985
  45810.00    17.8728
  45820.00    17.8487
  45830.00    17.9343
  45840.00    17.9967
  45850.00    18.0546
  45860.00    17.7321
  45870.00    17.9796
  45880.00    18.5816
  45890.00    17.7716
  45900.00    17.8008
  45910.00    18.4829
  45920.00    18.2035
  45930.00    17.7765
  45940.00    18.7659
  45950.00    18.8047
  45960.00    18.0644
  45970.00    17.9114
  45980.00    17.9274
  45990.00    18.2545
  46000.00    18.1627
  46010.00    17.9204
  46020.00    17.9484
  46030.00    18.1354
  46040.00    18.3928
  46050.00    17.6475
  46060.00    18.0202
  46070.00    17.7596
  46080.00    18.2700
  46090.00    17.9002
  46100.00    17.9003
  46110.00    18.5478
  46120.00    18.0308
  46130.00    17.8875
  46140.00    17.9357
  46150.00    18.3186
  46160.00    18.5421
  46170.00    18.0393
  46180.00    17.7549
  46190.00    18.1876
  46200.00    18.3111
  46210.00    17.7740
  46220.00    18.4625
  46230.00    18.3787
  46240.00    18.3878
  46250.00    18.3222
  46260.00    18.0986
  46270.00    18.4808
  46280.00    18.1039
  46290.00    18.0358
  46300.00    18.3437
  46310.00    18.4972
  46320.00    18.3805
  46330.00    17.9073
  46340.00    18.2414
  46350.00    18.2972
  46360.00    18.2654
  46370.00    17.6299
  46380.00    18.1191
  46390.00    18.0738
  46400.00    18.2528
  46410.00    17.9381
  46420.00    18.4727
  46430.00    17.6094
  46440.00    17.9440
  46450.00    17.8744
  46460.00    17.8011
  46470.00    18.1638
  46480.00    17.9548
  46490.00    17.9913
  46500.00    18.0312
  46510.00    18.3837
  46520.00    17.9020
  46530.00    17.6735
  46540.00    17.9564
  46550.00    18.1333
  46560.00    18.3242
  46570.00    18.0787
  46580.00    18.2882
  46590.00    18.0149
  46600.00    17.7460
  46610.00    17.4486
  46620.00    17.9501
  46630.00    17.9435
  46640.00    18.1130
  46650.00    17.7533
  46660.00    18.0800
  46670.00    17.8919
  46680.00    18.4620
  46690.00    18.0434
  46700.00    17.7707
  46710.00    17.8395
  46720.00    17.8229
  46730.00    18.0561
  46740.00    18.0204
  46750.00    18.2172
  46760.00    18.1507
  46770.00    18.1271
  46780.00    17.6323
  46790.00    17.8303
  46800.00    17.5351
  46810.00    18.1740
  46820.00    18.2511
  46830.00    17.5100
  46840.00    18.0060
  46850.00    17.8201
  46860.00    17.9718
  46870.00    18.4486
  46880.00    17.7693
  46890.00    18.3331
  46900.00    17.4915
  46910.00    18.0786
  46920.00    17.7788
  46930.00    17.8090
  46940.00    17.7760
  46950.00    18.1688
  46960.00    18.6584
  46970.00    18.2660
  46980.00    18.4269
  46990.00    18.1689
  47000.00    17.7345
  47010.00    17.8574
  47020.00    18.0555
  47030.00    17.3382
  47040.00    17.4284
  47050.00    18.5088
  47060.00    18.1766
  47070.00    17.7946
  47080.00    17.7792
  47090.00    18.4651
  47100.00    18.0048
  47110.00    18.3506
  47120.00    17.6199
  47130.00    17.7739
  47140.00    18.0727
  47150.00    18.2971
  47160.00    17.7491
  47170.00    18.1085
  47180.00    17.6374
  47190.00    18.3226
  47200.00    17.7613
  47210.00    17.9947
  47220.00    18.3977
  47230.00    17.8696
  47240.00    17.8076
  47250.00    17.9841
  47260.00    17.3571
  47270.00    17.9518
  47280.00    17.8151
  47290.00    18.0029
  47300.00    17.6352
  47310.00    18.0187
  47320.00    18.0350
  47330.00    17.9981
  47340.00    17.9578
  47350.00    17.6059
  47360.00    17.8297
  47370.00    17.5671
  47380.00    17.8735
  47390.00    18.2254
  47400.00    18.1368
  47410.00    17.9765
  47420.00    17.7976
  47430.00    18.2777
  47440.00    18.4582
  47450.00    18.0671
  47460.00    18.0935
  47470.00    18.0041
  47480.00    18.0430
  47490.00    17.9586
  47500.00    17.8863
  47510.00    18.3156
  47520.00    18.0202
  47530.00    17.5992
  47540.00    17.9885
  47550.00    17.5549
  47560.00    17.6204
  47570.00    17.5292
  47580.00    17.6945
  47590.00    17.8225
  47600.00    17.9828
  47610.00    18.3744
  47620.00    17.6619
  47630.00    18.1149
  47640.00    17.7275
  47650.00    17.7210
  47660.00    18.0389
  47670.00    18.0195
  47680.00    18.6693
  47690.00    17.8631
  47700.00    18.4215
  47710.00    18.3949
  47720.00    18.0255
  47730.00    17.8794
  47740.00    18.0479
  47750.00    17.4776
  47760.00    18.2179
  47770.00    17.7334
  47780.00    18.4075
  47790.00    18.0661
  47800.00    17.7821
  47810.00    17.4282
  47820.00    17.8247
  47830.00    18.0181
  47840.00    18.2231
  47850.00    17.9185
  47860.00    17.5186
  47870.00    18.2530
  47880.00    17.7028
  47890.00    17.1916
  47900.00    17.9566
  47910.00    17.9533
  47920.00    18.0626
  47930.00    18.0866
  47940.00    17.9020
  47950.00    18.2883
  47960.00    17.3378
  47970.00    17.6376
  47980.00    18.0915
  47990.00    17.9571
  48000.00    17.6525
  48010.00    17.5238
  48020.00    18.1306
  48030.00    17.6019
  48040.00    17.4795
  48050.00    17.4743
  48060.00    17.9743
  48070.00    18.1776
  48080.00    18.2131
  48090.00    17.2826
  48100.00    18.4707
  48110.00    18.2365
  48120.00    17.4067
  48130.00    18.5803
  48140.00    17.8518
  48150.00    18.1556
  48160.00    17.9799
  48170.00    18.3893
  48180.00    18.2192
  48190.00    18.2238
  48200.00    18.4200
  48210.00    18.1411
  48220.00    18.3446
  48230.00    18.1783
  48240.00    17.5101
  48250.00    17.6407
  48260.00    18.2130
  48270.00    17.7232
  48280.00    17.9129
  48290.00    17.8166
  48300.00    17.8309
  48310.00    17.6421
  48320.00    18.4002
  48330.00    18.3927
  48340.00    18.4337
  48350.00    18.0595
  48360.00    18.1807
  48370.00    18.1059
  48380.00    18.1536
  48390.00    18.3606
  48400.00    17.6604
  48410.00    17.5883
  48420.00    17.7460
  48430.00    17.8829
  48440.00    18.2323
  48450.00    17.6141
  48460.00    17.4872
  48470.00    17.8458
  48480.00    18.0244
  48490.00    18.2164
  48500.00    18.2096
  48510.00    17.9547
  48520.00    18.2610
  48530.00    18.0332
  48540.00    18.3126
  48550.00    18.1133
  48560.00    17.9487
  48570.00    18.2587
  48580.00    18.2284
  48590.00    18.7670
  48600.00    17.9919
  48610.00    18.1454
  48620.00    18.1631
  48630.00    18.4781
  48640.00    18.3540
  48650.00    18.1479
  48660.00    18.5023
  48670.00    18.5736
  48680.00    17.8557
  48690.00    17.9933
  48700.00    17.4162
  48710.00    18.1708
  48720.00    17.9300
  48730.00    18.1357
  48740.00    18.0530
  48750.00    17.9749
  48760.00    18.4310
  48770.00    17.7923
  48780.00    17.6944
  48790.00    17.7964
  48800.00    17.9872
  48810.00    17.9788
  48820.00    17.7580
  48830.00    18.0437
  48840.00    18.2333
  48850.00    17.7260
  48860.00    18.0454
  48870.00    17.8444
  48880.00    18.4929
  48890.00    18.2463
  48900.00    18.0220
  48910.00    17.7124
  48920.00    17.6450
  48930.00    18.5298
  48940.00    18.2162
  48950.00    18.2513
  48960.00    18.1941
  48970.00    18.1372
  48980.00    18.3622
  48990.00    17.9005
  49000.00    18.1172
  49010.00    17.9975
  49020.00    17.3406
  49030.00    18.4198
  49040.00    18.0162
  49050.00    18.0852
  49060.00    17.6351
  49070.00    17.7774
  49080.00    17.7463
  49090.00    17.9011
  49100.00    17.3581
  49110.00    17.7390
  49120.00    17.5569
  49130.00    17.3549
  49140.00    17.9043
  49150.00    17.7823
  49160.00    17.6531
  49170.00    17.4074
  49180.00    18.0347
  49190.00    18.2311
  49200.00    18.1202
  49210.00    18.2735
  49220.00    18.2291
  49230.00    17.8651
  49240.00    17.8432
  49250.00    18.0475
  49260.00    18.2194
  49270.00    18.4276
  49280.00    18.3207
  49290.00    18.2605
  49300.00    17.9820
  49310.00    18.0398
  49320.00    17.7462
  49330.00    18.0930
  49340.00    18.7205
  49350.00    17.9542
  49360.00    17.8634
  49370.00    18.0651
  49380.00    18.2215
  49390.00    18.1821
  49400.00    18.2827
  49410.00    17.9607
  49420.00    18.1733
  49430.00    18.2857
  49440.00    18.1384
  49450.00    18.3360
  49460.00    18.0646
  49470.00    18.2462
  49480.00    17.7760
  49490.00    18.1217
  49500.00    17.7783
  49510.00    17.8713
  49520.00    17.7109
  49530.00    18.2856
  49540.00    18.6859
  49550.00    17.9143
  49560.00    17.6423
  49570.00    18.0625
  49580.00    18.0931
  49590.00    17.8630
  49600.00    18.1951
  49610.00    18.1636
  49620.00    18.3757
  49630.00    17.5763
  49640.00    17.9845
  49650.00    17.8513
  49660.00    18.4666
  49670.00    17.6624
  49680.00    17.7213
  49690.00    17.9347
  49700.00    17.4680
  49710.00    17.8181
  49720.00    17.6958
  49730.00    18.0296
  49740.00    17.5993
  49750.00    17.8357
  49760.00    17.4108
  49770.00    17.9354
  49780.00    17.4843
  49790.00    17.1151
  49800.00    18.1377
  49810.00    18.5399
  49820.00    18.0130
  49830.00    17.9366
  49840.00    18.2088
  49850.00    18.1760
  49860.00    17.8522
  49870.00    17.6842
  49880.00    18.0062
  49890.00    18.2351
  49900.00    17.9873
  49910.00    17.9441
  49920.00    17.8319
  49930.00    18.3533
  49940.00    18.6009
  49950.00    18.1415
  49960.00    17.9933
  49970.00    17.9936
  49980.00    17.7514
  49990.00    17.8980
  50000.00    18.3142
