     10.00    16.2223
     20.00    16.0168
     30.00    16.2208
     40.00    15.9428
     50.00    15.8518
     60.00    15.5445
     70.00    15.2111
     80.00    15.8092
     90.00    15.9099
    100.00    16.8125
    110.00    16.5669
    120.00    16.4424
    130.00    15.4979
    140.00    15.9974
    150.00    16.5002
    160.00    16.4696
    170.00    15.7440
    180.00    15.9608
    190.00    15.8257
    200.00    16.1478
    210.00    16.3323
    220.00    15.5015
    230.00    15.7178
    240.00    15.9341
    250.00    16.2633
    260.00    16.1157
    270.00    16.3160
    280.00    15.9601
    290.00    16.5050
    300.00    15.8802
    310.00    16.3277
    320.00    16.1835
    330.00    15.8967
    340.00    15.8264
    350.00    15.9422
    360.00    15.8666
    370.00    16.1147
    380.00    16.4918
    390.00    15.8011
    400.00    15.7906
    410.00    15.8372
    420.00    16.2581
    430.00    16.1758
    440.00    16.0933
    450.00    15.9026
    460.00    15.8562
    470.00    16.3304
    480.00    16.1135
    490.00    15.7518
    500.00    16.0917
    510.00    15.9380
    520.00    15.4010
    530.00    16.1518
    540.00    15.5980
    550.00    16.2151
    560.00    15.4505
    570.00    15.8599
    580.00    16.5327
    590.00    16.7860
    600.00    16.4110
    610.00    16.7845
    620.00    15.4941
    630.00    15.9732
    640.00    16.2126
    650.00    16.4246
    660.00    16.0771
    670.00    16.1313
    680.00    15.7183
    690.00    15.9346
    700.00    15.9480
    710.00    15.7016
    720.00    15.5085
    730.00    16.3281
    740.00    16.0425
    750.00    16.0171
    760.00    16.4866
    770.00    16.0731
    780.00    16.2197
    790.00    16.2997
    800.00    16.0778
    810.00    16.3364
    820.00    15.7188
    830.00    16.2046
    840.00    15.6807
    850.00    16.0748
    860.00    16.0166
    870.00    15.8139
    880.00    16.1021
    890.00    15.6687
    900.00    16.2032
    910.00    15.8261
    920.00    16.3989
    930.00    15.9716
    940.00    15.7367
    950.00    16.1369
    960.00    15.8187
    970.00    15.8045
    980.00    16.1156
    990.00    15.8368
   1000.00    15.8696
   1010.00    15.7057
   1020.00    15.8085
   1030.00    15.7811
   1040.00    16.5065
   1050.00    15.6838
   1060.00    16.2721
   1070.00    15.6821
   1080.00    16.0527
   1090.00    15.9829
   1100.00    16.3060
   1110.00    15.8842
   1120.00    15.7829
   1130.00    16.2150
   1140.00    16.3444
   1150.00    16.5600
   1160.00    15.6916
   1170.00    16.0502
   1180.00    16.3617
   1190.00    15.7765
   1200.00    16.1818
   1210.00    16.2365
   1220.00    15.7398
   1230.00    16.1828
   1240.00    16.0789
   1250.00    16.2517
   1260.00    15.8777
   1270.00    16.0667
   1280.00    15.5030
   1290.00    15.7689
   1300.00    15.8320
   1310.00    15.8078
   1320.00    16.2543
   1330.00    15.6376
   1340.00    15.4511
   1350.00    15.9141
   1360.00    15.9023
   1370.00    16.0286
   1380.00    16.2846
   1390.00    15.9810
   1400.00    16.0442
   1410.00    15.9873
   1420.00    16.0848
   1430.00    16.0120
   1440.00    16.3620
   1450.00    15.7634
   1460.00    16.2803
   1470.00    15.9894
   1480.00    16.1727
   1490.00    16.6079
   1500.00    16.0192
   1510.00    15.8199
   1520.00    16.0188
   1530.00    15.6724
   1540.00    16.1840
   1550.00    16.6115
   1560.00    16.3001
   1570.00    15.5036
   1580.00    16.2545
   1590.00    16.4445
   1600.00    16.3132
   1610.00    16.0462
   1620.00    16.0129
   1630.00    15.8523
   1640.00    15.6679
   1650.00    16.0430
   1660.00    16.2152
   1670.00    15.7158
   1680.00    15.8855
   1690.00    16.1564
   1700.00    16.0236
   1710.00    16.3338
   1720.00    16.3436
   1730.00    16.1594
   1740.00    15.9907
   1750.00    16.1114
   1760.00    16.1292
   1770.00    15.6512
   1780.00    16.2214
   1790.00    15.9962
   1800.00    15.9126
   1810.00    15.7919
   1820.00    16.1877
   1830.00    15.4845
   1840.00    16.2962
   1850.00    15.9344
   1860.00    15.9300
   1870.00    16.2681
   1880.00    15.9595
   1890.00    16.1371
   1900.00    15.8703
   1910.00    15.6668
   1920.00    15.6864
   1930.00    15.8715
   1940.00    16.0510
   1950.00    15.9744
   1960.00    15.5683
   1970.00    15.6733
   1980.00    15.5288
   1990.00    15.8389
   2000.00    15.9134
   2010.00    15.1932
   2020.00    16.0627
   2030.00    15.9098
   2040.00    15.8171
   2050.00    16.0093
   2060.00    16.1199
   2070.00    16.4168
   2080.00    16.0642
   2090.00    16.0359
   2100.00    16.6346
   2110.00    15.9052
   2120.00    16.0619
   2130.00    16.0916
   2140.00    16.0435
   2150.00    16.1311
   2160.00    16.3406
   2170.00    15.6430
   2180.00    15.7549
   2190.00    16.4742
   2200.00    16.1557
   2210.00    16.4127
   2220.00    16.7515
   2230.00    16.2842
   2240.00    16.2990
   2250.00    15.8288
   2260.00    16.5387
   2270.00    15.9652
   2280.00    16.3692
   2290.00    15.5758
   2300.00    16.2519
   2310.00    15.9543
   2320.00    16.1355
   2330.00    16.1636
   2340.00    15.6667
   2350.00    16.2761
   2360.00    15.7410
   2370.00    16.1962
   2380.00    15.9254
   2390.00    15.7251
   2400.00    16.2634
   2410.00    16.0025
   2420.00    15.8267
   2430.00    15.7673
   2440.00    16.2531
   2450.00    16.2453
   2460.00    15.6495
   2470.00    16.1652
   2480.00    15.8390
   2490.00    15.8394
   2500.00    16.2191
   2510.00    16.4076
   2520.00    15.9549
   2530.00    15.7925
   2540.00    15.9404
   2550.00    15.9970
   2560.00    15.7375
   2570.00    15.7809
   2580.00    16.2403
   2590.00    16.3628
   2600.00    15.7216
   2610.00    15.5195
   2620.00    16.2198
   2630.00    16.3683
   2640.00    16.6303
   2650.00    16.1870
   2660.00    16.2784
   2670.00    16.0380
   2680.00    16.0934
   2690.00    15.8867
   2700.00    16.2488
   2710.00    15.4869
   2720.00    15.9831
   2730.00    16.0033
   2740.00    16.0699
   2750.00    16.2090
   2760.00    16.0169
   2770.00    16.1206
   2780.00    16.8799
   2790.00    15.9531
   2800.00    16.0527
   2810.00    15.7726
   2820.00    16.5752
   2830.00    16.1709
   2840.00    16.1456
   2850.00    16.3327
   2860.00    15.7332
   2870.00    16.2241
   2880.00    16.2136
   2890.00    15.8755
   2900.00    16.1283
   2910.00    15.7245
   2920.00    16.1484
   2930.00    15.6986
   2940.00    16.1345
   2950.00    15.8246
   2960.00    16.1249
   2970.00    16.3818
   2980.00    15.8291
   2990.00    16.0277
   3000.00    15.7146
   3010.00    15.8521
   3020.00    15.6324
   3030.00    16.1397
   3040.00    16.1519
   3050.00    16.4073
   3060.00    15.4976
   3070.00    15.8876
   3080.00    16.5613
   3090.00    16.3810
   3100.00    15.7418
   3110.00    16.4215
   3120.00    16.0621
   3130.00    15.7171
   3140.00    16.0478
   3150.00    16.0714
   3160.00    16.4475
   3170.00    15.6422
   3180.00    16.7609
   3190.00    16.3136
   3200.00    16.1328
   3210.00    16.0274
   3220.00    15.8636
   3230.00    15.8659
   3240.00    16.4425
   3250.00    15.8768
   3260.00    15.7517
   3270.00    15.6608
   3280.00    15.6035
   3290.00    15.6487
   3300.00    15.9162
   3310.00    16.5282
   3320.00    16.5391
   3330.00    16.6860
   3340.00    16.3357
   3350.00    16.1633
   3360.00    15.7977
   3370.00    16.0477
   3380.00    15.9540
   3390.00    15.7936
   3400.00    16.0379
   3410.00    15.7019
   3420.00    16.2423
   3430.00    15.9457
   3440.00    15.9180
   3450.00    16.0451
   3460.00    15.8790
   3470.00    16.1655
   3480.00    16.1892
   3490.00    15.7537
   3500.00    15.4543
   3510.00    15.2736
   3520.00    15.8965
   3530.00    15.5500
   3540.00    15.7705
   3550.00    15.5580
   3560.00    15.5220
   3570.00    15.4112
   3580.00    15.5352
   3590.00    15.7539
   3600.00    15.5578
   3610.00    15.8088
   3620.00    16.2628
   3630.00    16.1503
   3640.00    15.8406
   3650.00    16.2297
   3660.00    15.8083
   3670.00    15.5927
   3680.00    15.5182
   3690.00    15.8836
   3700.00    15.5551
   3710.00    15.3458
   3720.00    16.1007
   3730.00    15.5128
   3740.00    16.5989
   3750.00    16.0569
   3760.00    16.0714
   3770.00    16.3720
   3780.00    15.8009
   3790.00    16.0491
   3800.00    15.9133
   3810.00    16.2025
   3820.00    16.6132
   3830.00    16.3007
   3840.00    16.3385
   3850.00    16.0217
   3860.00    16.0714
   3870.00    15.8618
   3880.00    15.9867
   3890.00    15.6330
   3900.00    16.1148
   3910.00    15.7859
   3920.00    15.8191
   3930.00    16.3678
   3940.00    15.7563
   3950.00    16.1443
   3960.00    16.3603
   3970.00    15.8620
   3980.00    15.7080
   3990.00    16.0457
   4000.00    16.0126
   4010.00    15.5632
   4020.00    15.7658
   4030.00    16.1045
   4040.00    15.8763
   4050.00    15.7006
   4060.00    16.2828
   4070.00    15.9724
   4080.00    16.0248
   4090.00    15.8534
   4100.00    15.2933
   4110.00    16.0727
   4120.00    16.5735
   4130.00    16.3485
   4140.00    15.5740
   4150.00    16.0043
   4160.00    16.0770
   4170.00    16.3346
   4180.00    16.1512
   4190.00    15.9083
   4200.00    16.1415
   4210.00    16.4303
   4220.00    16.5785
   4230.00    16.3346
   4240.00    16.2611
   4250.00    16.1143
   4260.00    16.0878
   4270.00    16.0543
   4280.00    16.1073
   4290.00    15.9836
   4300.00    16.0012
   4310.00    16.0264
   4320.00    16.4706
   4330.00    16.5219
   4340.00    16.4590
   4350.00    16.4221
   4360.00    15.9330
   4370.00    16.0722
   4380.00    15.7384
   4390.00    15.9125
   4400.00    16.1990
   4410.00    16.0478
   4420.00    16.1220
   4430.00    16.2324
   4440.00    16.2972
   4450.00    15.8637
   4460.00    16.3459
   4470.00    16.0779
   4480.00    16.0709
   4490.00    16.1590
   4500.00    16.0672
   4510.00    15.9972
   4520.00    16.1888
   4530.00    16.1613
   4540.00    15.8660
   4550.00    15.8930
   4560.00    15.8980
   4570.00    15.9295
   4580.00    16.2136
   4590.00    16.2079
   4600.00    16.0574
   4610.00    16.1440
   4620.00    16.3239
   4630.00    16.1393
   4640.00    15.7435
   4650.00    15.5483
   4660.00    16.1623
   4670.00    15.7461
   4680.00    15.8173
   4690.00    15.6418
   4700.00    15.7953
   4710.00    16.1106
   4720.00    15.8551
   4730.00    16.2930
   4740.00    16.2488
   4750.00    15.8910
   4760.00    15.4890
   4770.00    16.2806
   4780.00    15.8322
   4790.00    16.0289
   4800.00    15.7715
   4810.00    16.0719
   4820.00    15.7447
   4830.00    16.4561
   4840.00    16.5319
   4850.00    15.8981
   4860.00    16.1130
   4870.00    15.4970
   4880.00    15.5726
   4890.00    16.0249
   4900.00    16.3006
   4910.00    15.6287
   4920.00    15.7990
   4930.00    15.4690
   4940.00    15.7260
   4950.00    16.2649
   4960.00    15.9868
   4970.00    15.7386
   4980.00    16.4721
   4990.00    16.0366
   5000.00    16.3090
   5010.00    16.2743
   5020.00    16.0311
   5030.00    16.1676
   5040.00    15.7858
   5050.00    16.1863
   5060.00    15.5653
   5070.00    15.9471
   5080.00    15.9505
   5090.00    16.2170
   5100.00    15.9077
   5110.00    15.7688
   5120.00    15.8509
   5130.00    15.7965
   5140.00    16.0101
   5150.00    15.8890
   5160.00    15.2633
   5170.00    15.9404
   5180.00    16.4284
   5190.00    16.4119
   5200.00    16.0757
   5210.00    16.0766
   5220.00    15.9932
   5230.00    15.7085
   5240.00    16.2805
   5250.00    15.4655
   5260.00    15.9439
   5270.00    15.8319
   5280.00    16.0851
   5290.00    15.6116
   5300.00    15.7732
   5310.00    16.0362
   5320.00    16.0200
   5330.00    15.8348
   5340.00    15.9964
   5350.00    15.9903
   5360.00    15.9096
   5370.00    16.2375
   5380.00    15.5768
   5390.00    16.0845
   5400.00    16.4500
   5410.00    15.8376
   5420.00    16.0662
   5430.00    15.4657
   5440.00    15.7740
   5450.00    15.5652
   5460.00    16.2268
   5470.00    16.1825
   5480.00    16.1708
   5490.00    15.7224
   5500.00    15.6028
   5510.00    15.7724
   5520.00    15.5816
   5530.00    16.3138
   5540.00    15.8197
   5550.00    15.6693
   5560.00    15.9598
   5570.00    15.4867
   5580.00    15.7165
   5590.00    15.6950
   5600.00    15.8585
   5610.00    16.0360
   5620.00    15.5652
   5630.00    15.9728
   5640.00    16.2246
   5650.00    16.2584
   5660.00    16.2743
   5670.00    16.2746
   5680.00    15.9399
   5690.00    15.9442
   5700.00    15.9859
   5710.00    16.2893
   5720.00    16.1883
   5730.00    16.2388
   5740.00    15.7441
   5750.00    16.5021
   5760.00    15.8057
   5770.00    16.4263
   5780.00    15.7819
   5790.00    15.6374
   5800.00    16.0368
   5810.00    16.0914
   5820.00    16.2964
   5830.00    15.8335
   5840.00    15.3319
   5850.00    15.5536
   5860.00    15.3209
   5870.00    16.0964
   5880.00    16.5387
   5890.00    15.8135
   5900.00    15.3674
   5910.00    16.0947
   5920.00    16.0162
   5930.00    16.2074
   5940.00    15.7122
   5950.00    16.0376
   5960.00    15.8933
   5970.00    16.0061
   5980.00    15.6949
   5990.00    15.7737
   6000.00    15.5230
   6010.00    16.2549
   6020.00    16.6600
   6030.00    16.2313
   6040.00    15.9543
   6050.00    16.0132
   6060.00    16.0208
   6070.00    15.8939
   6080.00    16.3115
   6090.00    15.4466
   6100.00    15.7166
   6110.00    15.8262
   6120.00    15.4627
   6130.00    16.0875
   6140.00    15.6009
   6150.00    15.8839
   6160.00    16.0283
   6170.00    15.7186
   6180.00    16.0803
   6190.00    15.5598
   6200.00    15.8818
   6210.00    16.0587
   6220.00    16.6101
   6230.00    15.8296
   6240.00    15.9328
   6250.00    15.9919
   6260.00    15.3921
   6270.00    15.5598
   6280.00    15.8644
   6290.00    16.2645
   6300.00    15.6843
   6310.00    15.8806
   6320.00    16.1216
   6330.00    15.4699
   6340.00    15.3827
   6350.00    16.3062
   6360.00    16.0251
   6370.00    15.9452
   6380.00    15.6048
   6390.00    15.4354
   6400.00    15.5021
   6410.00    15.8396
   6420.00    15.7871
   6430.00    15.8600
   6440.00    15.6202
   6450.00    15.8264
   6460.00    16.4236
   6470.00    15.6610
   6480.00    15.9871
   6490.00    16.0960
   6500.00    16.2335
   6510.00    15.5597
   6520.00    15.9593
   6530.00    16.2162
   6540.00    15.5334
   6550.00    16.2409
   6560.00    16.1820
   6570.00    16.2123
   6580.00    15.5165
   6590.00    15.8987
   6600.00    15.7739
   6610.00    15.8132
   6620.00    15.6495
   6630.00    15.6089
   6640.00    15.8542
   6650.00    15.8958
   6660.00    15.9801
   6670.00    15.9182
   6680.00    16.0986
   6690.00    16.3553
   6700.00    15.9694
   6710.00    16.0375
   6720.00    15.5522
   6730.00    16.0883
   6740.00    15.7754
   6750.00    16.0221
   6760.00    15.9663
   6770.00    15.8335
   6780.00    16.1222
   6790.00    16.5824
   6800.00    16.1346
   6810.00    15.9488
   6820.00    16.1553
   6830.00    16.4795
   6840.00    16.3969
   6850.00    15.9546
   6860.00    15.8350
   6870.00    15.8591
   6880.00    15.4312
   6890.00    16.5425
   6900.00    15.0548
   6910.00    16.0062
   6920.00    16.0827
   6930.00    16.0657
   6940.00    16.1727
   6950.00    16.0758
   6960.00    15.9227
   6970.00    16.4118
   6980.00    16.3435
   6990.00    15.6140
   7000.00    16.1596
   7010.00    15.8180
   7020.00    16.0509
   7030.00    16.1178
   7040.00    16.4930
   7050.00    15.8319
   7060.00    16.1494
   7070.00    16.6238
   7080.00    16.0659
   7090.00    16.2761
   7100.00    15.9284
   7110.00    16.1072
   7120.00    15.8809
   7130.00    16.3266
   7140.00    16.1217
   7150.00    16.0433
   7160.00    15.5685
   7170.00    15.8648
   7180.00    16.0482
   7190.00    16.3129
   7200.00    15.6934
   7210.00    15.7531
   7220.00    16.2389
   7230.00    15.9039
   7240.00    16.3183
   7250.00    16.6578
   7260.00    16.1343
   7270.00    16.4306
   7280.00    16.0068
   7290.00    16.3501
   7300.00    15.6222
   7310.00    16.3999
   7320.00    16.3717
   7330.00    15.5382
   7340.00    15.7830
   7350.00    15.5786
   7360.00    16.0680
   7370.00    16.2458
   7380.00    16.5472
   7390.00    16.0498
   7400.00    16.0691
   7410.00    16.5138
   7420.00    16.0562
   7430.00    15.5595
   7440.00    15.8834
   7450.00    16.2423
   7460.00    16.2675
   7470.00    15.7112
   7480.00    15.8050
   7490.00    16.0977
   7500.00    16.1567
   7510.00    15.5979
   7520.00    15.8806
   7530.00    15.3053
   7540.00    15.9422
   7550.00    15.7896
   7560.00    16.2200
   7570.00    15.7502
   7580.00    15.6028
   7590.00    16.2141
   7600.00    15.6157
   7610.00    15.7580
   7620.00    16.2889
   7630.00    16.0515
   7640.00    15.9604
   7650.00    16.3476
   7660.00    15.7731
   7670.00    15.6881
   7680.00    16.0768
   7690.00    16.2020
   7700.00    15.4999
   7710.00    16.0409
   7720.00    15.9700
   7730.00    15.9684
   7740.00    15.9975
   7750.00    15.8661
   7760.00    16.1547
   7770.00    16.4794
   7780.00    16.2415
   7790.00    15.4520
   7800.00    16.1939
   7810.00    16.0705
   7820.00    16.0395
   7830.00    15.9762
   7840.00    15.7608
   7850.00    16.0091
   7860.00    15.7521
   7870.00    16.5510
   7880.00    15.6906
   7890.00    16.0951
   7900.00    16.0245
   7910.00    16.1132
   7920.00    15.9221
   7930.00    16.3802
   7940.00    16.0118
   7950.00    15.8384
   7960.00    16.3420
   7970.00    15.6771
   7980.00    16.1656
   7990.00    16.0567
   8000.00    16.0734
   8010.00    16.1375
   8020.00    16.0935
   8030.00    15.5826
   8040.00    15.8613
   8050.00    15.9137
   8060.00    15.4311
   8070.00    16.0747
   8080.00    15.9263
   8090.00    16.1953
   8100.00    15.8295
   8110.00    15.7393
   8120.00    16.3957
   8130.00    16.1837
   8140.00    15.8995
   8150.00    15.9553
   8160.00    15.3628
   8170.00    15.6925
   8180.00    16.4946
   8190.00    15.7760
   8200.00    16.1763
   8210.00    16.1881
   8220.00    16.4165
   8230.00    16.3710
   8240.00    15.8871
   8250.00    15.9215
   8260.00    16.0889
   8270.00    15.5690
   8280.00    15.8185
   8290.00    16.0050
   8300.00    16.1646
   8310.00    15.6823
   8320.00    15.6234
   8330.00    15.6880
   8340.00    15.6005
   8350.00    15.6923
   8360.00    16.0308
   8370.00    15.7945
   8380.00    16.2033
   8390.00    15.6936
   8400.00    15.6413
   8410.00    15.4815
   8420.00    15.8068
   8430.00    15.3195
   8440.00    15.7374
   8450.00    16.1836
   8460.00    15.7838
   8470.00    15.9253
   8480.00    15.9759
   8490.00    15.6537
   8500.00    16.3022
   8510.00    15.7922
   8520.00    16.1016
   8530.00    16.1989
   8540.00    15.8968
   8550.00    16.3760
   8560.00    16.0651
   8570.00    15.4040
   8580.00    16.3097
   8590.00    16.0416
   8600.00    15.6862
   8610.00    16.0504
   8620.00    16.0190
   8630.00    16.1785
   8640.00    15.8609
   8650.00    15.9581
   8660.00    16.0610
   8670.00    16.1975
   8680.00    16.6041
   8690.00    15.8311
   8700.00    15.9842
   8710.00    16.0506
   8720.00    15.7658
   8730.00    16.0270
   8740.00    15.8143
   8750.00    16.2319
   8760.00    15.8926
   8770.00    16.1693
   8780.00    15.5908
   8790.00    16.2876
   8800.00    15.9782
   8810.00    15.9379
   8820.00    16.1919
   8830.00    15.9182
   8840.00    15.7397
   8850.00    16.1203
   8860.00    15.9294
   8870.00    15.5923
   8880.00    15.8057
   8890.00    15.5316
   8900.00    15.6841
   8910.00    16.2637
   8920.00    15.9182
   8930.00    15.8759
   8940.00    16.1013
   8950.00    16.4128
   8960.00    16.5577
   8970.00    15.9094
   8980.00    15.5459
   8990.00    15.9889
   9000.00    16.3618
   9010.00    15.6702
   9020.00    15.7643
   9030.00    16.1291
   9040.00    16.0722
   9050.00    15.1904
   9060.00    14.9833
   9070.00    15.6283
   9080.00    16.1865
   9090.00    15.8619
   9100.00    15.7754
   9110.00    16.1982
   9120.00    16.2250
   9130.00    15.7977
   9140.00    15.7846
   9150.00    16.0046
   9160.00    15.6602
   9170.00    15.8984
   9180.00    15.8372
   9190.00    15.9465
   9200.00    15.7501
   9210.00    16.1220
   9220.00    15.6490
   9230.00    15.5983
   9240.00    15.8854
   9250.00    16.0910
   9260.00    16.0872
   9270.00    15.6903
   9280.00    15.8880
   9290.00    15.8667
   9300.00    15.8411
   9310.00    16.2830
   9320.00    16.3095
   9330.00    15.8786
   9340.00    15.8101
   9350.00    15.5423
   9360.00    16.4409
   9370.00    16.4455
   9380.00    15.9200
   9390.00    16.3931
   9400.00    16.4122
   9410.00    16.0035
   9420.00    16.0798
   9430.00    16.3454
   9440.00    15.9699
   9450.00    16.3098
   9460.00    16.0131
   9470.00    16.0957
   9480.00    16.0089
   9490.00    15.9491
   9500.00    16.1164
   9510.00    15.6942
   9520.00    15.8949
   9530.00    15.9309
   9540.00    16.0931
   9550.00    15.9855
   9560.00    15.7815
   9570.00    16.0568
   9580.00    16.1551
   9590.00    15.4794
   9600.00    15.8115
   9610.00    15.6436
   9620.00    16.4186
   9630.00    16.0044
   9640.00    15.7083
   9650.00    15.3274
   9660.00    16.1997
   9670.00    16.3200
   9680.00    15.8145
   9690.00    16.2950
   9700.00    15.8424
   9710.00    15.5638
   9720.00    15.6847
   9730.00    15.6575
   9740.00    15.9227
   9750.00    15.8048
   9760.00    16.2654
   9770.00    15.5283
   9780.00    15.8274
   9790.00    16.0404
   9800.00    16.1496
   9810.00    16.4225
   9820.00    16.1750
   9830.00    15.6851
   9840.00    16.4143
   9850.00    15.9630
   9860.00    16.2714
   9870.00    15.7558
   9880.00    16.1229
   9890.00    16.2737
   9900.00    16.3828
   9910.00    16.0538
   9920.00    16.4636
   9930.00    16.3647
   9940.00    16.3325
   9950.00    15.8499
   9960.00    15.7616
   9970.00    16.1387
   9980.00    15.7765
   9990.00    16.1251
  10000.00    16.2705
  10010.00    15.8351
  10020.00    15.7696
  10030.00    15.5661
  10040.00    16.2060
  10050.00    15.7949
  10060.00    15.9965
  10070.00    16.1819
  10080.00    16.4120
  10090.00    16.2400
  10100.00    16.3897
  10110.00    16.2224
  10120.00    16.1071
  10130.00    15.8738
  10140.00    16.1940
  10150.00    15.7253
  10160.00    16.1648
  10170.00    16.0932
  10180.00    16.1281
  10190.00    16.3231
  10200.00    15.5839
  10210.00    16.1645
  10220.00    15.9878
  10230.00    16.2834
  10240.00    16.3814
  10250.00    15.6982
  10260.00    16.2682
  10270.00    15.5440
  10280.00    15.8841
  10290.00    15.8949
  10300.00    16.8893
  10310.00    15.9672
  10320.00    16.0174
  10330.00    15.9931
  10340.00    16.1235
  10350.00    15.9937
  10360.00    16.2146
  10370.00    16.5309
  10380.00    16.1070
  10390.00    15.7146
  10400.00    15.7087
  10410.00    16.3744
  10420.00    16.3023
  10430.00    16.2443
  10440.00    15.7011
  10450.00    15.4518
  10460.00    15.8256
  10470.00    16.0200
  10480.00    15.7074
  10490.00    15.6955
  10500.00    15.7768
  10510.00    16.2613
  10520.00    16.2727
  10530.00    15.6054
  10540.00    15.9968
  10550.00    15.8289
  10560.00    16.1932
  10570.00    15.7354
  10580.00    15.9231
  10590.00    16.0832
  10600.00    16.4494
  10610.00    16.0037
  10620.00    15.8200
  10630.00    16.0337
  10640.00    15.5896
  10650.00    15.3714
  10660.00    16.2745
  10670.00    16.1246
  10680.00    16.3861
  10690.00    15.9550
  10700.00    15.9861
  10710.00    15.5301
  10720.00    15.9622
  10730.00    16.0433
  10740.00    15.6048
  10750.00    16.2144
  10760.00    16.3449
  10770.00    16.2320
  10780.00    15.8573
  10790.00    15.7789
  10800.00    15.5331
  10810.00    15.9739
  10820.00    16.1012
  10830.00    16.1803
  10840.00    15.6566
  10850.00    16.0476
  10860.00    15.7658
  10870.00    16.1457
  10880.00    15.8937
  10890.00    16.1410
  10900.00    15.7188
  10910.00    15.9632
  10920.00    16.1850
  10930.00    16.1325
  10940.00    16.2012
  10950.00    15.7643
  10960.00    15.6595
  10970.00    16.0323
  10980.00    16.0722
  10990.00    16.1927
  11000.00    16.0767
  11010.00    16.4890
  11020.00    15.9397
  11030.00    15.9883
  11040.00    16.6901
  11050.00    16.0695
  11060.00    16.0500
  11070.00    15.9829
  11080.00    16.0100
  11090.00    16.3067
  11100.00    16.2706
  11110.00    16.4260
  11120.00    15.5714
  11130.00    15.9551
  11140.00    16.7046
  11150.00    15.5688
  11160.00    16.4545
  11170.00    16.0736
  11180.00    16.2779
  11190.00    16.0306
  11200.00    16.4338
  11210.00    16.0162
  11220.00    16.1562
  11230.00    15.7684
  11240.00    15.8761
  11250.00    16.1944
  11260.00    16.2532
  11270.00    15.9683
  11280.00    15.6280
  11290.00    15.6943
  11300.00    15.9999
  11310.00    16.0570
  11320.00    16.1464
  11330.00    16.0847
  11340.00    16.1203
  11350.00    15.9454
  11360.00    16.5101
  11370.00    15.8796
  11380.00    15.6094
  11390.00    15.7255
  11400.00    16.1863
  11410.00    15.8970
  11420.00    16.1826
  11430.00    15.7178
  11440.00    16.1324
  11450.00    16.0773
  11460.00    15.9863
  11470.00    15.8540
  11480.00    15.8060
  11490.00    15.6849
  11500.00    15.7388
  11510.00    15.5964
  11520.00    16.3357
  11530.00    15.8889
  11540.00    15.6574
  11550.00    15.1181
  11560.00    15.7705
  11570.00    15.9409
  11580.00    16.2368
  11590.00    15.6452
  11600.00    15.9650
  11610.00    15.9053
  11620.00    16.1596
  11630.00    15.5723
  11640.00    15.9021
  11650.00    16.4500
  11660.00    16.1567
  11670.00    16.2680
  11680.00    15.4445
  11690.00    16.0963
  11700.00    15.9368
  11710.00    15.9829
  11720.00    15.8502
  11730.00    16.1948
  11740.00    16.0967
  11750.00    16.0395
  11760.00    15.9723
  11770.00    15.9900
  11780.00    16.3719
  11790.00    15.8508
  11800.00    15.9394
  11810.00    16.0519
  11820.00    16.5108
  11830.00    16.1742
  11840.00    16.1837
  11850.00    16.5547
  11860.00    16.0654
  11870.00    16.3113
  11880.00    16.1212
  11890.00    15.8568
  11900.00    15.9480
  11910.00    15.9953
  11920.00    15.7304
  11930.00    16.2736
  11940.00    16.0637
  11950.00    16.4524
  11960.00    15.4934
  11970.00    15.9964
  11980.00    15.7470
  11990.00    15.6712
  12000.00    16.2535
  12010.00    15.4826
  12020.00    15.5522
  12030.00    16.2216
  12040.00    16.5712
  12050.00    16.1585
  12060.00    15.6421
  12070.00    15.1859
  12080.00    16.1116
  12090.00    15.8649
  12100.00    16.2711
  12110.00    15.9472
  12120.00    15.3176
  12130.00    16.1027
  12140.00    15.9310
  12150.00    15.8234
  12160.00    16.2016
  12170.00    15.7820
  12180.00    16.2206
  12190.00    15.7614
  12200.00    15.9830
  12210.00    15.7826
  12220.00    15.7774
  12230.00    16.0998
  12240.00    16.2210
  12250.00    15.6663
  12260.00    15.9430
  12270.00    16.0349
  12280.00    15.7828
  12290.00    15.8671
  12300.00    15.9847
  12310.00    15.5458
  12320.00    15.9681
  12330.00    16.1443
  12340.00    16.1188
  12350.00    15.9445
  12360.00    15.8330
  12370.00    16.0791
  12380.00    16.3073
  12390.00    15.7491
  12400.00    15.5185
  12410.00    15.6272
  12420.00    15.4842
  12430.00    15.8843
  12440.00    15.8267
  12450.00    15.4297
  12460.00    15.9466
  12470.00    16.2877
  12480.00    16.5070
  12490.00    15.9385
  12500.00    15.9623
  12510.00    15.9177
  12520.00    16.1366
  12530.00    15.9442
  12540.00    15.9706
  12550.00    16.2573
  12560.00    15.8840
  12570.00    16.3864
  12580.00    16.1671
  12590.00    15.6839
  12600.00    16.2018
  12610.00    15.3561
  12620.00    16.5133
  12630.00    16.3275
  12640.00    15.5583
  12650.00    15.8366
  12660.00    16.1942
  12670.00    15.8863
  12680.00    15.9671
  12690.00    16.3544
  12700.00    15.8164
  12710.00    16.0719
  12720.00    15.6446
  12730.00    15.6363
  12740.00    15.7337
  12750.00    16.1458
  12760.00    16.0421
  12770.00    15.9351
  12780.00    16.0373
  12790.00    16.3445
  12800.00    16.0191
  12810.00    15.7894
  12820.00    15.8695
  12830.00    15.8952
  12840.00    16.1661
  12850.00    15.6726
  12860.00    15.7638
  12870.00    16.1214
  12880.00    15.6654
  12890.00    16.4426
  12900.00    16.3671
  12910.00    16.2285
  12920.00    16.1580
  12930.00    16.2346
  12940.00    16.2506
  12950.00    16.6622
  12960.00    16.2743
  12970.00    16.0526
  12980.00    16.1672
  12990.00    16.0554
  13000.00    15.9053
  13010.00    15.5611
  13020.00    16.5053
  13030.00    16.1095
  13040.00    15.9181
  13050.00    16.4793
  13060.00    15.8898
  13070.00    15.8591
  13080.00    15.6758
  13090.00    16.3585
  13100.00    15.7094
  13110.00    16.2274
  13120.00    15.6641
  13130.00    16.0777
  13140.00    16.0319
  13150.00    16.3811
  13160.00    15.9708
  13170.00    16.1039
  13180.00    15.7730
  13190.00    16.1989
  13200.00    16.1244
  13210.00    16.2377
  13220.00    16.1592
  13230.00    15.6190
  13240.00    16.0330
  13250.00    16.2024
  13260.00    16.1292
  13270.00    15.6519
  13280.00    16.2117
  13290.00    15.8899
  13300.00    16.0902
  13310.00    16.2940
  13320.00    16.0622
  13330.00    15.4368
  13340.00    15.9209
  13350.00    15.8345
  13360.00    16.4401
  13370.00    15.8818
  13380.00    16.3636
  13390.00    15.7375
  13400.00    15.7081
  13410.00    15.7094
  13420.00    15.7119
  13430.00    15.9430
  13440.00    15.9855
  13450.00    15.5058
  13460.00    15.8458
  13470.00    15.7565
  13480.00    15.9291
  13490.00    15.7319
  13500.00    15.7820
  13510.00    15.8565
  13520.00    15.9821
  13530.00    16.1410
  13540.00    15.6654
  13550.00    16.1607
  13560.00    16.1523
  13570.00    16.2461
  13580.00    16.0549
  13590.00    16.1831
  13600.00    16.3323
  13610.00    15.9217
  13620.00    16.8210
  13630.00    16.0844
  13640.00    15.5992
  13650.00    15.9511
  13660.00    15.7155
  13670.00    16.4129
  13680.00    16.2946
  13690.00    15.7396
  13700.00    15.7647
  13710.00    16.3918
  13720.00    15.8368
  13730.00    16.3174
  13740.00    15.8761
  13750.00    16.4434
  13760.00    16.1265
  13770.00    16.1672
  13780.00    16.1328
  13790.00    16.0298
  13800.00    15.5851
  13810.00    15.8300
  13820.00    15.8626
  13830.00    15.7810
  13840.00    16.3105
  13850.00    16.0991
  13860.00    16.4454
  13870.00    15.7524
  13880.00    15.7497
  13890.00    16.3878
  13900.00    16.1168
  13910.00    15.8299
  13920.00    16.0212
  13930.00    16.2938
  13940.00    16.2847
  13950.00    16.4381
  13960.00    15.9038
  13970.00    15.9436
  13980.00    15.9020
  13990.00    15.4453
  14000.00    16.5868
  14010.00    15.9845
  14020.00    16.2637
  14030.00    15.8397
  14040.00    16.4909
  14050.00    16.0087
  14060.00    16.2109
  14070.00    16.0089
  14080.00    16.2056
  14090.00    16.1855
  14100.00    15.9502
  14110.00    16.5187
  14120.00    16.0472
  14130.00    15.6931
  14140.00    15.8077
  14150.00    16.1719
  14160.00    15.6234
  14170.00    15.9453
  14180.00    15.8948
  14190.00    15.9709
  14200.00    16.1762
  14210.00    16.0665
  14220.00    16.2766
  14230.00    15.6446
  14240.00    15.8141
  14250.00    15.7155
  14260.00    15.6579
  14270.00    15.5410
  14280.00    16.2214
  14290.00    16.0837
  14300.00    16.2140
  14310.00    16.2772
  14320.00    15.7923
  14330.00    15.8607
  14340.00    15.9029
  14350.00    15.9660
  14360.00    16.0490
  14370.00    16.0524
  14380.00    16.4302
  14390.00    15.5993
  14400.00    16.2681
  14410.00    15.8935
  14420.00    15.9505
  14430.00    16.0871
  14440.00    16.0632
  14450.00    16.2823
  14460.00    16.3298
  14470.00    15.4436
  14480.00    16.3645
  14490.00    15.5946
  14500.00    16.3433
  14510.00    16.0042
  14520.00    16.2857
  14530.00    15.5949
  14540.00    16.2398
  14550.00    15.6444
  14560.00    15.6013
  14570.00    16.1672
  14580.00    16.1298
  14590.00    15.8916
  14600.00    16.0259
  14610.00    16.1151
  14620.00    15.9063
  14630.00    15.8394
  14640.00    16.2036
  14650.00    15.9340
  14660.00    15.9189
  14670.00    15.8492
  14680.00    16.2999
  14690.00    15.9075
  14700.00    16.0015
  14710.00    15.9056
  14720.00    16.1340
  14730.00    16.2387
  14740.00    16.1853
  14750.00    16.2992
  14760.00    16.1639
  14770.00    16.3570
  14780.00    16.5379
  14790.00    16.4251
  14800.00    16.0271
  14810.00    16.5207
  14820.00    15.3693
  14830.00    15.7335
  14840.00    16.1090
  14850.00    15.9647
  14860.00    15.8959
  14870.00    15.7617
  14880.00    16.0163
  14890.00    16.1330
  14900.00    16.2792
  14910.00    15.6347
  14920.00    15.9958
  14930.00    16.0675
  14940.00    16.0812
  14950.00    16.0882
  14960.00    15.7340
  14970.00    16.0240
  14980.00    15.9437
  14990.00    15.6196
  15000.00    15.9012
  15010.00    16.1457
  15020.00    16.2169
  15030.00    16.1647
  15040.00    15.4536
  15050.00    15.6650
  15060.00    15.9834
  15070.00    16.0856
  15080.00    15.8203
  15090.00    16.3041
  15100.00    16.2749
  15110.00    16.2285
  15120.00    16.3836
  15130.00    15.6544
  15140.00    15.7413
  15150.00    16.2497
  15160.00    15.8578
  15170.00    15.8782
  15180.00    16.1956
  15190.00    15.8459
  15200.00    15.4351
  15210.00    15.1564
  15220.00    15.8175
  15230.00    15.7497
  15240.00    15.7234
  15250.00    15.8855
  15260.00    16.2086
  15270.00    15.4594
  15280.00    16.5634
  15290.00    15.6990
  15300.00    15.9688
  15310.00    16.3254
  15320.00    15.9952
  15330.00    16.0106
  15340.00    15.9060
  15350.00    16.0684
  15360.00    16.1864
  15370.00    15.5543
  15380.00    15.9091
  15390.00    16.2691
  15400.00    16.5466
  15410.00    15.8851
  15420.00    16.0576
  15430.00    16.0057
  15440.00    15.7577
  15450.00    16.1943
  15460.00    16.2843
  15470.00    16.3580
  15480.00    15.8864
  15490.00    15.7286
  15500.00    15.8097
  15510.00    16.3380
  15520.00    16.3212
  15530.00    16.1391
  15540.00    16.4653
  15550.00    15.7456
  15560.00    16.0177
  15570.00    15.4919
  15580.00    16.0113
  15590.00    16.4271
  15600.00    16.1661
  15610.00    15.9643
  15620.00    16.2617
  15630.00    16.1804
  15640.00    15.8174
  15650.00    16.5340
  15660.00    16.0864
  15670.00    16.1980
  15680.00    15.8213
  15690.00    16.3182
  15700.00    16.2070
  15710.00    16.2022
  15720.00    16.5363
  15730.00    16.1386
  15740.00    15.6912
  15750.00    15.7409
  15760.00    16.6328
  15770.00    16.5182
  15780.00    16.6135
  15790.00    16.0356
  15800.00    16.1249
  15810.00    16.4059
  15820.00    15.9532
  15830.00    16.1822
  15840.00    15.8868
  15850.00    15.9622
  15860.00    15.9266
  15870.00    16.0605
  15880.00    16.0141
  15890.00    15.4024
  15900.00    16.1953
  15910.00    16.1816
  15920.00    16.0326
  15930.00    15.6921
  15940.00    16.3438
  15950.00    16.0872
  15960.00    15.8966
  15970.00    16.1261
  15980.00    15.6590
  15990.00    16.1988
  16000.00    15.4060
  16010.00    15.5793
  16020.00    15.5449
  16030.00    15.9963
  16040.00    15.8210
  16050.00    16.1526
  16060.00    16.1243
  16070.00    15.5553
  16080.00    15.6830
  16090.00    16.3899
  16100.00    16.6032
  16110.00    16.1847
  16120.00    16.4147
  16130.00    15.9000
  16140.00    16.3341
  16150.00    15.9726
  16160.00    16.2776
  16170.00    15.9076
  16180.00    15.9923
  16190.00    16.0952
  16200.00    15.7130
  16210.00    16.2907
  16220.00    16.1639
  16230.00    16.0768
  16240.00    16.1647
  16250.00    15.9468
  16260.00    16.3330
  16270.00    15.9682
  16280.00    15.9512
  16290.00    16.0207
  16300.00    16.0941
  16310.00    16.0725
  16320.00    16.3255
  16330.00    16.8919
  16340.00    15.8983
  16350.00    15.8604
  16360.00    16.0392
  16370.00    16.1527
  16380.00    16.8635
  16390.00    16.1703
  16400.00    15.9684
  16410.00    16.1946
  16420.00    16.1630
  16430.00    16.1049
  16440.00    15.4679
  16450.00    16.2655
  16460.00    15.6680
  16470.00    15.6541
  16480.00    15.9271
  16490.00    16.1209
  16500.00    16.0867
  16510.00    16.0909
  16520.00    16.2145
  16530.00    15.8727
  16540.00    16.0754
  16550.00    15.8701
  16560.00    16.2971
  16570.00    15.7498
  16580.00    15.5955
  16590.00    15.9867
  16600.00    15.8774
  16610.00    15.9695
  16620.00    16.1476
  16630.00    15.6607
  16640.00    16.0386
  16650.00    16.0437
  16660.00    15.6613
  16670.00    15.4578
  16680.00    15.8752
  16690.00    15.2541
  16700.00    15.7577
  16710.00    15.9054
  16720.00    16.0436
  16730.00    15.7534
  16740.00    15.8785
  16750.00    16.0897
  16760.00    15.4738
  16770.00    16.0865
  16780.00    16.0197
  16790.00    15.8141
  16800.00    15.7652
  16810.00    15.3394
  16820.00    15.6715
  16830.00    15.4322
  16840.00    16.0714
  16850.00    15.5774
  16860.00    15.5065
  16870.00    15.0029
  16880.00    15.7402
  16890.00    15.4844
  16900.00    15.5505
  16910.00    15.5984
  16920.00    15.5650
  16930.00    15.9022
  16940.00    15.9538
  16950.00    15.7276
  16960.00    16.2006
  16970.00    15.8100
  16980.00    16.1724
  16990.00    16.0577
  17000.00    16.0793
  17010.00    16.1938
  17020.00    15.9221
  17030.00    15.7783
  17040.00    16.3013
  17050.00    16.0432
  17060.00    15.9154
  17070.00    15.8940
  17080.00    15.8431
  17090.00    15.9467
  17100.00    16.0180
  17110.00    15.5641
  17120.00    16.3548
  17130.00    15.8089
  17140.00    16.3054
  17150.00    15.7403
  17160.00    15.9791
  17170.00    15.9146
  17180.00    16.1946
  17190.00    15.4354
  17200.00    15.8243
  17210.00    16.0986
  17220.00    15.8759
  17230.00    15.9197
  17240.00    16.1979
  17250.00    15.9966
  17260.00    15.7334
  17270.00    15.6043
  17280.00    15.9660
  17290.00    15.9016
  17300.00    16.5347
  17310.00    16.1878
  17320.00    15.9251
  17330.00    16.4739
  17340.00    16.5691
  17350.00    15.9842
  17360.00    16.3697
  17370.00    15.9985
  17380.00    16.4833
  17390.00    15.9147
  17400.00    16.1488
  17410.00    16.2534
  17420.00    16.0645
  17430.00    15.9203
  17440.00    16.0798
  17450.00    15.9714
  17460.00    16.2049
  17470.00    16.5315
  17480.00    16.1979
  17490.00    16.1751
  17500.00    15.7753
  17510.00    16.2065
  17520.00    16.1846
  17530.00    16.0053
  17540.00    16.1588
  17550.00    15.7281
  17560.00    16.2263
  17570.00    15.6470
  17580.00    16.1021
  17590.00    15.7330
  17600.00    16.2541
  17610.00    16.4691
  17620.00    16.1588
  17630.00    16.1790
  17640.00    15.4812
  17650.00    15.7530
  17660.00    16.1845
  17670.00    15.8825
  17680.00    15.6659
  17690.00    16.2841
  17700.00    16.3596
  17710.00    16.9295
  17720.00    16.1204
  17730.00    16.5780
  17740.00    15.5774
  17750.00    15.6197
  17760.00    16.0394
  17770.00    16.1476
  17780.00    16.3890
  17790.00    16.1575
  17800.00    15.9496
  17810.00    16.3673
  17820.00    15.9138
  17830.00    15.5794
  17840.00    15.7964
  17850.00    16.2214
  17860.00    15.9511
  17870.00    15.8387
  17880.00    16.1561
  17890.00    16.0541
  17900.00    16.0724
  17910.00    16.2641
  17920.00    15.6838
  17930.00    15.9717
  17940.00    16.2939
  17950.00    15.8335
  17960.00    15.6027
  17970.00    15.7251
  17980.00    15.8047
  17990.00    15.7100
  18000.00    16.3872
  18010.00    15.8829
  18020.00    16.2277
  18030.00    16.1605
  18040.00    15.9013
  18050.00    15.5820
  18060.00    15.6583
  18070.00    16.1251
  18080.00    15.7299
  18090.00    15.8293
  18100.00    15.8775
  18110.00    16.0154
  18120.00    16.2719
  18130.00    15.8939
  18140.00    15.7402
  18150.00    16.1273
  18160.00    15.8481
  18170.00    16.0014
  18180.00    16.0673
  18190.00    15.5326
  18200.00    16.0980
  18210.00    15.6896
  18220.00    15.7871
  18230.00    15.6384
  18240.00    15.5972
  18250.00    15.7177
  18260.00    15.8225
  18270.00    16.0354
  18280.00    15.7615
  18290.00    16.1693
  18300.00    15.8051
  18310.00    15.6838
  18320.00    15.9445
  18330.00    16.0868
  18340.00    15.6974
  18350.00    16.7475
  18360.00    16.2785
  18370.00    15.6917
  18380.00    16.2877
  18390.00    15.8577
  18400.00    16.3094
  18410.00    15.5176
  18420.00    15.8942
  18430.00    16.0217
  18440.00    15.9642
  18450.00    16.2962
  18460.00    15.4574
  18470.00    15.9521
  18480.00    15.4579
  18490.00    16.1859
  18500.00    15.8010
  18510.00    15.6467
  18520.00    15.8157
  18530.00    15.4235
  18540.00    16.0307
  18550.00    16.4088
  18560.00    16.1763
  18570.00    15.7188
  18580.00    15.7767
  18590.00    15.9087
  18600.00    15.6826
  18610.00    16.1792
  18620.00    15.8529
  18630.00    16.4807
  18640.00    16.4118
  18650.00    16.1683
  18660.00    16.0807
  18670.00    16.1387
  18680.00    16.4318
  18690.00    16.3092
  18700.00    15.9894
  18710.00    15.9521
  18720.00    16.0856
  18730.00    15.9016
  18740.00    16.1807
  18750.00    15.7779
  18760.00    16.2439
  18770.00    15.9698
  18780.00    15.9395
  18790.00    16.1752
  18800.00    15.8926
  18810.00    16.0236
  18820.00    16.2279
  18830.00    15.7827
  18840.00    15.8693
  18850.00    16.4838
  18860.00    16.1525
  18870.00    16.3051
  18880.00    15.8618
  18890.00    15.9974
  18900.00    15.9265
  18910.00    15.7496
  18920.00    15.7026
  18930.00    16.2252
  18940.00    16.2846
  18950.00    16.0344
  18960.00    15.4375
  18970.00    15.9757
  18980.00    16.1082
  18990.00    16.4830
  19000.00    16.0096
  19010.00    15.9882
  19020.00    16.3406
  19030.00    16.2137
  19040.00    16.0705
  19050.00    16.1232
  19060.00    16.1095
  19070.00    15.9416
  19080.00    16.3338
  19090.00    16.0104
  19100.00    16.2132
  19110.00    16.2118
  19120.00    15.7610
  19130.00    16.5506
  19140.00    16.3586
  19150.00    16.2094
  19160.00    15.9922
  19170.00    16.1312
  19180.00    16.1182
  19190.00    15.8929
  19200.00    15.9656
  19210.00    16.1288
  19220.00    15.9382
  19230.00    15.7122
  19240.00    16.0839
  19250.00    15.5413
  19260.00    16.2334
  19270.00    15.4312
  19280.00    16.0813
  19290.00    15.9101
  19300.00    16.2317
  19310.00    15.9199
  19320.00    16.1619
  19330.00    15.9915
  19340.00    15.9585
  19350.00    16.3259
  19360.00    15.9993
  19370.00    15.9641
  19380.00    15.4020
  19390.00    16.0863
  19400.00    16.2919
  19410.00    16.2671
  19420.00    15.4511
  19430.00    16.0615
  19440.00    15.5822
  19450.00    15.4909
  19460.00    16.2310
  19470.00    16.0092
  19480.00    16.1567
  19490.00    15.7344
  19500.00    15.7535
  19510.00    15.8864
  19520.00    16.2573
  19530.00    16.3582
  19540.00    15.8532
  19550.00    16.2663
  19560.00    15.8542
  19570.00    15.6437
  19580.00    15.9277
  19590.00    15.8815
  19600.00    15.6904
  19610.00    16.0775
  19620.00    15.8204
  19630.00    15.3587
  19640.00    16.2089
  19650.00    15.6887
  19660.00    16.2017
  19670.00    15.8936
  19680.00    15.7397
  19690.00    15.8447
  19700.00    16.2000
  19710.00    15.8542
  19720.00    16.1035
  19730.00    16.5144
  19740.00    16.2503
  19750.00    16.2556
  19760.00    16.5022
  19770.00    16.1815
  19780.00    15.5928
  19790.00    16.1864
  19800.00    16.2486
  19810.00    16.0583
  19820.00    16.6078
  19830.00    16.1073
  19840.00    15.6633
  19850.00    15.5096
  19860.00    16.1490
  19870.00    16.4368
  19880.00    15.8829
  19890.00    16.2030
  19900.00    16.2582
  19910.00    15.6119
  19920.00    16.3852
  19930.00    15.9224
  19940.00    16.3096
  19950.00    16.4204
  19960.00    16.2234
  19970.00    15.7451
  19980.00    15.8905
  19990.00    15.6504
  20000.00    15.5019
  20010.00    16.1488
  20020.00    16.3394
  20030.00    15.8358
  20040.00    16.4593
  20050.00    16.5427
  20060.00    16.1856
  20070.00    15.7907
  20080.00    16.5563
  20090.00    16.5859
  20100.00    16.3137
  20110.00    16.0357
  20120.00    15.6509
  20130.00    15.9999
  20140.00    16.1964
  20150.00    15.7380
  20160.00    16.0205
  20170.00    16.0427
  20180.00    16.5299
  20190.00    15.8277
  20200.00    16.0041
  20210.00    16.4694
  20220.00    15.9312
  20230.00    16.1886
  20240.00    16.2920
  20250.00    16.0355
  20260.00    16.1079
  20270.00    15.4274
  20280.00    15.9204
  20290.00    15.8897
  20300.00    15.6998
  20310.00    15.7318
  20320.00    16.2255
  20330.00    15.5519
  20340.00    15.9475
  20350.00    15.7791
  20360.00    15.8292
  20370.00    15.9843
  20380.00    16.1984
  20390.00    15.7368
  20400.00    15.2579
  20410.00    15.5908
  20420.00    16.1181
  20430.00    16.3836
  20440.00    16.6963
  20450.00    16.1689
  20460.00    15.4160
  20470.00    15.9752
  20480.00    16.3087
  20490.00    16.5585
  20500.00    15.8774
  20510.00    15.9139
  20520.00    16.1598
  20530.00    16.4834
  20540.00    16.3060
  20550.00    16.2012
  20560.00    16.3861
  20570.00    15.8391
  20580.00    16.2735
  20590.00    16.0253
  20600.00    16.5452
  20610.00    15.5889
  20620.00    16.0799
  20630.00    16.2014
  20640.00    16.4766
  20650.00    15.8104
  20660.00    16.0810
  20670.00    15.9434
  20680.00    15.9376
  20690.00    15.7814
  20700.00    15.6972
  20710.00    16.1454
  20720.00    15.7094
  20730.00    15.6977
  20740.00    15.5504
  20750.00    16.4548
  20760.00    16.3994
  20770.00    16.1127
  20780.00    15.7822
  20790.00    16.2607
  20800.00    16.3468
  20810.00    16.0168
  20820.00    15.9574
  20830.00    15.8476
  20840.00    15.9667
  20850.00    16.1508
  20860.00    16.2610
  20870.00    15.7080
  20880.00    15.6312
  20890.00    16.0162
  20900.00    16.1725
  20910.00    15.9990
  20920.00    15.7071
  20930.00    16.1141
  20940.00    15.9782
  20950.00    15.9640
  20960.00    16.1163
  20970.00    15.9768
  20980.00    16.2477
  20990.00    16.0436
  21000.00    16.4541
  21010.00    16.1882
  21020.00    16.2630
  21030.00    15.9540
  21040.00    15.6236
  21050.00    16.1826
  21060.00    15.8336
  21070.00    15.9026
  21080.00    15.9166
  21090.00    15.7326
  21100.00    16.0902
  21110.00    16.0094
  21120.00    16.3979
  21130.00    16.2785
  21140.00    16.1688
  21150.00    15.9203
  21160.00    16.1954
  21170.00    15.7721
  21180.00    15.8891
  21190.00    15.3665
  21200.00    16.1296
  21210.00    16.2069
  21220.00    16.0807
  21230.00    16.3287
  21240.00    16.0093
  21250.00    16.4229
  21260.00    16.3353
  21270.00    15.9730
  21280.00    15.9417
  21290.00    16.0752
  21300.00    15.8220
  21310.00    15.6813
  21320.00    16.0994
  21330.00    16.4468
  21340.00    16.2112
  21350.00    16.0610
  21360.00    15.9887
  21370.00    15.9022
  21380.00    15.8691
  21390.00    15.8887
  21400.00    15.7277
  21410.00    16.1169
  21420.00    16.3422
  21430.00    16.1602
  21440.00    15.9906
  21450.00    16.3640
  21460.00    16.0409
  21470.00    16.3322
  21480.00    16.5060
  21490.00    16.2548
  21500.00    16.2379
  21510.00    16.1281
  21520.00    16.3607
  21530.00    16.2668
  21540.00    15.7293
  21550.00    16.6984
  21560.00    16.0458
  21570.00    16.0954
  21580.00    16.0383
  21590.00    15.7693
  21600.00    15.6825
  21610.00    16.1947
  21620.00    16.3851
  21630.00    16.0606
  21640.00    16.0672
  21650.00    15.6818
  21660.00    16.1165
  21670.00    15.9825
  21680.00    16.0754
  21690.00    16.2817
  21700.00    16.0077
  21710.00    15.6912
  21720.00    16.3093
  21730.00    16.5177
  21740.00    15.6254
  21750.00    15.7426
  21760.00    16.2527
  21770.00    15.9210
  21780.00    15.6726
  21790.00    16.4789
  21800.00    16.3560
  21810.00    16.2640
  21820.00    15.6772
  21830.00    15.3885
  21840.00    15.7155
  21850.00    15.8556
  21860.00    16.0395
  21870.00    16.1340
  21880.00    15.5705
  21890.00    16.4794
  21900.00    16.0066
  21910.00    16.1898
  21920.00    15.5421
  21930.00    15.9421
  21940.00    15.8649
  21950.00    15.7376
  21960.00    15.9397
  21970.00    16.1125
  21980.00    15.7861
  21990.00    15.4948
  22000.00    16.6222
  22010.00    16.0223
  22020.00    15.8089
  22030.00    15.5968
  22040.00    16.0071
  22050.00    15.9070
  22060.00    15.8250
  22070.00    16.8527
  22080.00    15.4149
  22090.00    15.8365
  22100.00    16.0439
  22110.00    15.8359
  22120.00    15.7517
  22130.00    15.4470
  22140.00    16.2058
  22150.00    15.5876
  22160.00    16.3602
  22170.00    15.6757
  22180.00    16.2262
  22190.00    16.2672
  22200.00    16.4211
  22210.00    15.8512
  22220.00    15.7311
  22230.00    16.4718
  22240.00    15.8512
  22250.00    16.1805
  22260.00    16.1375
  22270.00    15.7968
  22280.00    15.3712
  22290.00    15.8162
  22300.00    16.2859
  22310.00    15.7820
  22320.00    15.5385
  22330.00    15.3174
  22340.00    16.3034
  22350.00    15.5780
  22360.00    16.0762
  22370.00    15.4445
  22380.00    15.6516
  22390.00    15.8403
  22400.00    15.5985
  22410.00    15.9460
  22420.00    15.7490
  22430.00    16.0145
  22440.00    15.8976
  22450.00    15.8974
  22460.00    15.1784
  22470.00    16.0120
  22480.00    15.6122
  22490.00    16.1987
  22500.00    16.3173
  22510.00    15.9382
  22520.00    15.7826
  22530.00    16.0332
  22540.00    15.8699
  22550.00    15.8837
  22560.00    15.9755
  22570.00    16.4969
  22580.00    15.6028
  22590.00    16.0314
  22600.00    15.6745
  22610.00    15.5565
  22620.00    15.6596
  22630.00    16.0416
  22640.00    15.6042
  22650.00    15.2785
  22660.00    15.7148
  22670.00    15.8981
  22680.00    16.2622
  22690.00    16.0563
  22700.00    15.8179
  22710.00    15.8913
  22720.00    15.9800
  22730.00    16.2115
  22740.00    16.4010
  22750.00    15.5992
  22760.00    15.8759
  22770.00    16.7573
  22780.00    15.8137
  22790.00    16.0214
  22800.00    15.4816
  22810.00    16.2129
  22820.00    16.1303
  22830.00    15.8366
  22840.00    16.1765
  22850.00    15.7309
  22860.00    16.2896
  22870.00    16.3187
  22880.00    15.8344
  22890.00    15.5327
  22900.00    15.8102
  22910.00    16.5419
  22920.00    15.9486
  22930.00    15.9380
  22940.00    16.0051
  22950.00    15.5129
  22960.00    15.7336
  22970.00    15.5067
  22980.00    16.1144
  22990.00    16.1074
  23000.00    15.6459
  23010.00    16.0017
  23020.00    16.3475
  23030.00    15.7101
  23040.00    16.5044
  23050.00    16.1189
  23060.00    15.8713
  23070.00    16.0046
  23080.00    15.9853
  23090.00    15.6905
  23100.00    15.6754
  23110.00    15.6710
  23120.00    16.0653
  23130.00    15.6001
  23140.00    16.0996
  23150.00    16.1238
  23160.00    15.5398
  23170.00    16.1822
  23180.00    16.0150
  23190.00    16.2028
  23200.00    15.9820
  23210.00    15.8367
  23220.00    16.0151
  23230.00    16.1013
  23240.00    16.1388
  23250.00    16.3615
  23260.00    16.0429
  23270.00    15.8475
  23280.00    15.8127
  23290.00    15.8980
  23300.00    16.2003
  23310.00    15.8559
  23320.00    15.4808
  23330.00    15.9172
  23340.00    16.3032
  23350.00    15.9356
  23360.00    15.3040
  23370.00    15.6037
  23380.00    16.0885
  23390.00    15.6336
  23400.00    15.9496
  23410.00    16.0679
  23420.00    16.3109
  23430.00    15.7802
  23440.00    16.2746
  23450.00    15.7561
  23460.00    15.8400
  23470.00    15.3883
  23480.00    15.9672
  23490.00    15.9373
  23500.00    16.5578
  23510.00    16.0812
  23520.00    16.1610
  23530.00    15.8663
  23540.00    15.6228
  23550.00    15.7736
  23560.00    16.2535
  23570.00    15.8106
  23580.00    15.9568
  23590.00    16.1043
  23600.00    15.6452
  23610.00    15.9858
  23620.00    16.1529
  23630.00    16.0118
  23640.00    16.1977
  23650.00    15.9392
  23660.00    15.9060
  23670.00    15.7515
  23680.00    16.2338
  23690.00    15.9683
  23700.00    16.0490
  23710.00    15.7992
  23720.00    16.3274
  23730.00    15.3156
  23740.00    16.0628
  23750.00    16.2595
  23760.00    15.7997
  23770.00    16.2794
  23780.00    15.9815
  23790.00    16.1499
  23800.00    15.8571
  23810.00    15.6156
  23820.00    15.3054
  23830.00    15.4362
  23840.00    16.1094
  23850.00    15.6045
  23860.00    15.7471
  23870.00    15.7828
  23880.00    15.6590
  23890.00    15.9940
  23900.00    16.1360
  23910.00    16.0608
  23920.00    15.8675
  23930.00    15.8781
  23940.00    15.8920
  23950.00    16.0448
  23960.00    16.0970
  23970.00    15.9928
  23980.00    15.5930
  23990.00    15.6645
  24000.00    15.8079
  24010.00    16.0039
  24020.00    16.0408
  24030.00    16.1049
  24040.00    16.2804
  24050.00    16.3075
  24060.00    16.2539
  24070.00    16.2225
  24080.00    15.9208
  24090.00    16.2497
  24100.00    16.2697
  24110.00    15.9329
  24120.00    16.3058
  24130.00    16.1310
  24140.00    15.6890
  24150.00    16.1277
  24160.00    16.4908
  24170.00    16.2011
  24180.00    16.3087
  24190.00    16.0883
  24200.00    15.7909
  24210.00    16.3415
  24220.00    15.9639
  24230.00    15.9673
  24240.00    16.1011
  24250.00    16.4624
  24260.00    16.0142
  24270.00    15.7611
  24280.00    15.9087
  24290.00    15.9973
  24300.00    15.7230
  24310.00    15.6039
  24320.00    15.6154
  24330.00    15.9019
  24340.00    15.9001
  24350.00    15.6112
  24360.00    16.1117
  24370.00    15.9482
  24380.00    16.5458
  24390.00    15.8128
  24400.00    16.3279
  24410.00    15.5880
  24420.00    16.4203
  24430.00    16.4318
  24440.00    15.9416
  24450.00    16.2465
  24460.00    16.0495
  24470.00    16.2759
  24480.00    16.8479
  24490.00    16.2214
  24500.00    15.8968
  24510.00    15.9345
  24520.00    16.5021
  24530.00    15.8272
  24540.00    16.2387
  24550.00    15.6667
  24560.00    16.1132
  24570.00    16.0162
  24580.00    15.9018
  24590.00    15.8382
  24600.00    15.7170
  24610.00    15.7604
  24620.00    15.7683
  24630.00    16.4704
  24640.00    15.8833
  24650.00    15.7123
  24660.00    15.9111
  24670.00    16.2809
  24680.00    15.5887
  24690.00    16.3607
  24700.00    15.7764
  24710.00    15.9513
  24720.00    15.8532
  24730.00    16.0673
  24740.00    15.8360
  24750.00    15.9439
  24760.00    15.9500
  24770.00    15.8905
  24780.00    15.9782
  24790.00    15.6320
  24800.00    15.8955
  24810.00    16.0634
  24820.00    15.8265
  24830.00    16.4399
  24840.00    15.9495
  24850.00    16.2081
  24860.00    15.9489
  24870.00    15.7280
  24880.00    15.9120
  24890.00    15.5381
  24900.00    15.8707
  24910.00    15.7694
  24920.00    15.9712
  24930.00    15.8479
  24940.00    16.0641
  24950.00    16.0076
  24960.00    16.3492
  24970.00    16.5827
  24980.00    16.6329
  24990.00    16.1024
  25000.00    16.6420
  25010.00    16.4417
  25020.00    16.3038
  25030.00    15.7329
  25040.00    16.1747
  25050.00    16.2049
  25060.00    16.2637
  25070.00    15.9261
  25080.00    15.8664
  25090.00    15.6723
  25100.00    15.6346
  25110.00    15.9476
  25120.00    16.4673
  25130.00    15.9581
  25140.00    16.2334
  25150.00    16.4044
  25160.00    16.1698
  25170.00    15.7793
  25180.00    15.8763
  25190.00    16.1692
  25200.00    16.2658
  25210.00    16.1316
  25220.00    16.2478
  25230.00    16.1070
  25240.00    16.3840
  25250.00    16.2307
  25260.00    15.9060
  25270.00    15.7951
  25280.00    16.3427
  25290.00    15.8009
  25300.00    16.1982
  25310.00    16.2431
  25320.00    15.8209
  25330.00    15.9516
  25340.00    16.4900
  25350.00    15.9781
  25360.00    16.1710
  25370.00    15.8139
  25380.00    15.9285
  25390.00    16.4458
  25400.00    15.8239
  25410.00    16.3318
  25420.00    16.0364
  25430.00    16.0213
  25440.00    16.6802
  25450.00    15.8632
  25460.00    16.0428
  25470.00    15.6660
  25480.00    16.3015
  25490.00    16.1898
  25500.00    16.0638
  25510.00    15.7354
  25520.00    16.1737
  25530.00    16.1825
  25540.00    16.0552
  25550.00    15.7177
  25560.00    16.2764
  25570.00    16.5521
  25580.00    16.2410
  25590.00    16.3209
  25600.00    16.3691
  25610.00    16.0947
  25620.00    16.2170
  25630.00    16.0957
  25640.00    16.2436
  25650.00    15.7100
  25660.00    15.4714
  25670.00    15.9126
  25680.00    15.6805
  25690.00    15.7978
  25700.00    15.2754
  25710.00    15.9665
  25720.00    15.4398
  25730.00    15.4069
  25740.00    15.5180
  25750.00    15.7907
  25760.00    15.7033
  25770.00    15.7104
  25780.00    16.3013
  25790.00    15.8237
  25800.00    16.5006
  25810.00    15.6970
  25820.00    15.8165
  25830.00    16.1158
  25840.00    15.6353
  25850.00    16.0068
  25860.00    16.0147
  25870.00    15.9583
  25880.00    16.1150
  25890.00    15.9267
  25900.00    16.0724
  25910.00    16.1261
  25920.00    15.8803
  25930.00    15.7903
  25940.00    16.0610
  25950.00    16.2667
  25960.00    15.9142
  25970.00    16.1036
  25980.00    15.3797
  25990.00    15.6984
  26000.00    16.1380
  26010.00    16.1205
  26020.00    15.6466
  26030.00    16.1645
  26040.00    16.0976
  26050.00    16.0731
  26060.00    15.5532
  26070.00    16.6679
  26080.00    15.5823
  26090.00    16.1095
  26100.00    16.0355
  26110.00    15.9160
  26120.00    16.0961
  26130.00    15.6496
  26140.00    15.5372
  26150.00    16.0029
  26160.00    15.5283
  26170.00    15.5943
  26180.00    15.9245
  26190.00    16.0380
  26200.00    15.8305
  26210.00    15.4893
  26220.00    16.0020
  26230.00    16.1863
  26240.00    15.4947
  26250.00    16.3629
  26260.00    16.2133
  26270.00    16.1136
  26280.00    16.4453
  26290.00    16.0283
  26300.00    16.1303
  26310.00    15.5885
  26320.00    15.9739
  26330.00    16.1428
  26340.00    16.1952
  26350.00    16.0038
  26360.00    15.7186
  26370.00    16.5285
  26380.00    16.0261
  26390.00    16.0175
  26400.00    16.0544
  26410.00    15.4343
  26420.00    15.8120
  26430.00    16.1892
  26440.00    15.6309
  26450.00    16.1021
  26460.00    16.0772
  26470.00    15.9300
  26480.00    15.7741
  26490.00    15.5114
  26500.00    16.1535
  26510.00    15.7210
  26520.00    15.7906
  26530.00    15.6886
  26540.00    15.9805
  26550.00    16.4333
  26560.00    16.1791
  26570.00    16.2137
  26580.00    16.5921
  26590.00    15.8477
  26600.00    15.9037
  26610.00    16.2052
  26620.00    16.0602
  26630.00    16.1203
  26640.00    15.9288
  26650.00    15.9478
  26660.00    16.3624
  26670.00    15.8977
  26680.00    15.9728
  26690.00    15.9964
  26700.00    15.2067
  26710.00    15.4047
  26720.00    16.2193
  26730.00    16.1273
  26740.00    15.8136
  26750.00    15.7150
  26760.00    16.4724
  26770.00    16.4687
  26780.00    15.6314
  26790.00    16.1698
  26800.00    15.2412
  26810.00    16.2050
  26820.00    16.3835
  26830.00    15.4981
  26840.00    15.3969
  26850.00    16.1964
  26860.00    15.9776
  26870.00    15.6761
  26880.00    15.4987
  26890.00    15.8194
  26900.00    15.9755
  26910.00    16.2557
  26920.00    15.2973
  26930.00    16.0350
  26940.00    16.0882
  26950.00    16.1179
  26960.00    15.9768
  26970.00    15.9328
  26980.00    16.1742
  26990.00    15.9863
  27000.00    15.9624
  27010.00    15.8285
  27020.00    16.2532
  27030.00    15.8769
  27040.00    15.7039
  27050.00    16.1844
  27060.00    15.8395
  27070.00    15.8491
  27080.00    16.0718
  27090.00    16.1140
  27100.00    16.5001
  27110.00    16.0316
  27120.00    16.4942
  27130.00    16.1694
  27140.00    15.8082
  27150.00    15.4659
  27160.00    16.0303
  27170.00    16.2886
  27180.00    15.8537
  27190.00    16.2638
  27200.00    15.4653
  27210.00    16.6539
  27220.00    16.1761
  27230.00    15.8541
  27240.00    15.7375
  27250.00    16.0391
  27260.00    15.8674
  27270.00    15.7410
  27280.00    16.2459
  27290.00    16.2207
  27300.00    16.1106
  27310.00    16.3770
  27320.00    15.9813
  27330.00    15.7042
  27340.00    16.1484
  27350.00    15.5249
  27360.00    15.8492
  27370.00    16.2466
  27380.00    16.6097
  27390.00    16.2167
  27400.00    16.2906
  27410.00    16.0383
  27420.00    16.1347
  27430.00    16.2923
  27440.00    16.7097
  27450.00    16.3199
  27460.00    16.2816
  27470.00    16.1326
  27480.00    16.1206
  27490.00    16.3057
  27500.00    16.1182
  27510.00    16.6039
  27520.00    16.2303
  27530.00    15.9797
  27540.00    16.1673
  27550.00    16.1360
  27560.00    15.4847
  27570.00    16.6004
  27580.00    16.1243
  27590.00    16.2670
  27600.00    16.0482
  27610.00    15.7015
  27620.00    16.1547
  27630.00    15.8753
  27640.00    15.5759
  27650.00    15.5954
  27660.00    15.8189
  27670.00    15.9028
  27680.00    16.0865
  27690.00    16.1199
  27700.00    16.3360
  27710.00    15.8679
  27720.00    16.0839
  27730.00    15.9780
  27740.00    15.6468
  27750.00    15.9545
  27760.00    15.6266
  27770.00    16.1247
  27780.00    15.7808
  27790.00    15.9197
  27800.00    15.5322
  27810.00    16.4601
  27820.00    15.9098
  27830.00    15.4318
  27840.00    15.9232
  27850.00    15.8627
  27860.00    15.8410
  27870.00    16.2362
  27880.00    16.0217
  27890.00    16.3937
  27900.00    16.5992
  27910.00    16.1189
  27920.00    16.1786
  27930.00    16.4830
  27940.00    16.8874
  27950.00    15.8691
  27960.00    15.9067
  27970.00    15.4867
  27980.00    15.6078
  27990.00    15.7961
  28000.00    16.3540
  28010.00    16.3395
  28020.00    16.3467
  28030.00    16.3350
  28040.00    15.6246
  28050.00    16.0420
  28060.00    15.9426
  28070.00    16.0201
  28080.00    16.0275
  28090.00    16.0609
  28100.00    16.8744
  28110.00    15.7156
  28120.00    16.0570
  28130.00    16.2639
  28140.00    16.0642
  28150.00    16.2083
  28160.00    16.1762
  28170.00    16.0128
  28180.00    16.2336
  28190.00    15.8771
  28200.00    16.3278
  28210.00    16.2340
  28220.00    16.0139
  28230.00    15.8119
  28240.00    16.0038
  28250.00    15.8130
  28260.00    15.2871
  28270.00    16.3335
  28280.00    15.8742
  28290.00    15.7174
  28300.00    16.2005
  28310.00    15.8223
  28320.00    15.9210
  28330.00    15.7418
  28340.00    15.6765
  28350.00    15.7123
  28360.00    15.9467
  28370.00    15.6192
  28380.00    15.5007
  28390.00    16.0641
  28400.00    16.4343
  28410.00    15.9576
  28420.00    16.1000
  28430.00    16.1568
  28440.00    15.7269
  28450.00    16.4543
  28460.00    15.9961
  28470.00    16.4169
  28480.00    15.5249
  28490.00    15.7713
  28500.00    15.3692
  28510.00    15.6804
  28520.00    15.9061
  28530.00    15.7411
  28540.00    15.4842
  28550.00    16.0933
  28560.00    15.8680
  28570.00    16.3381
  28580.00    16.1140
  28590.00    16.1183
  28600.00    16.0596
  28610.00    15.7138
  28620.00    15.9198
  28630.00    15.8090
  28640.00    16.0118
  28650.00    15.4728
  28660.00    15.9425
  28670.00    16.0711
  28680.00    16.0861
  28690.00    16.2327
  28700.00    15.9682
  28710.00    15.7419
  28720.00    16.0432
  28730.00    15.9250
  28740.00    15.6688
  28750.00    16.4717
  28760.00    15.6719
  28770.00    16.0351
  28780.00    16.4901
  28790.00    16.4808
  28800.00    16.2307
  28810.00    16.6839
  28820.00    15.9176
  28830.00    16.1905
  28840.00    15.9149
  28850.00    16.1987
  28860.00    15.8365
  28870.00    16.2086
  28880.00    15.8594
  28890.00    15.1194
  28900.00    16.4862
  28910.00    15.7704
  28920.00    15.9514
  28930.00    16.1180
  28940.00    15.9186
  28950.00    15.8255
  28960.00    16.2860
  28970.00    15.7689
  28980.00    15.8477
  28990.00    15.9801
  29000.00    16.1607
  29010.00    16.1773
  29020.00    15.7512
  29030.00    16.0462
  29040.00    15.9407
  29050.00    16.3528
  29060.00    15.6193
  29070.00    15.7879
  29080.00    15.8160
  29090.00    16.3683
  29100.00    16.0516
  29110.00    15.5685
  29120.00    16.3525
  29130.00    15.9773
  29140.00    16.1019
  29150.00    16.2456
  29160.00    16.2025
  29170.00    16.3094
  29180.00    16.2814
  29190.00    15.7504
  29200.00    15.9883
  29210.00    15.8712
  29220.00    16.2266
  29230.00    16.0402
  29240.00    16.2086
  29250.00    15.8479
  29260.00    15.7519
  29270.00    16.1307
  29280.00    16.0509
  29290.00    16.0965
  29300.00    16.1103
  29310.00    15.8075
  29320.00    15.9986
  29330.00    15.9982
  29340.00    16.4014
  29350.00    16.0903
  29360.00    15.7707
  29370.00    15.9522
  29380.00    15.8264
  29390.00    16.0325
  29400.00    16.0157
  29410.00    16.0357
  29420.00    16.2167
  29430.00    15.6789
  29440.00    16.3034
  29450.00    15.9460
  29460.00    15.4352
  29470.00    16.0671
  29480.00    15.7511
  29490.00    16.4628
  29500.00    16.1627
  29510.00    16.4501
  29520.00    15.6825
  29530.00    15.7029
  29540.00    16.0485
  29550.00    16.1767
  29560.00    15.5828
  29570.00    16.0644
  29580.00    15.8962
  29590.00    15.6229
  29600.00    16.3083
  29610.00    16.0198
  29620.00    15.6056
  29630.00    16.3110
  29640.00    15.4553
  29650.00    16.3847
  29660.00    15.6981
  29670.00    16.3152
  29680.00    16.4398
  29690.00    16.7162
  29700.00    15.9446
  29710.00    15.8415
  29720.00    16.1736
  29730.00    15.8122
  29740.00    16.0490
  29750.00    15.7733
  29760.00    15.9839
  29770.00    15.9350
  29780.00    15.8782
  29790.00    15.9335
  29800.00    15.7299
  29810.00    16.3036
  29820.00    15.6171
  29830.00    15.9378
  29840.00    15.9296
  29850.00    16.0810
  29860.00    16.1738
  29870.00    15.9525
  29880.00    16.0872
  29890.00    16.1294
  29900.00    15.9095
  29910.00    16.0171
  29920.00    15.2241
  29930.00    15.9466
  29940.00    15.8549
  29950.00    16.1000
  29960.00    15.7392
  29970.00    16.1165
  29980.00    15.5742
  29990.00    16.1541
  30000.00    15.6723
  30010.00    15.9903
  30020.00    15.5474
  30030.00    15.9535
  30040.00    16.2623
  30050.00    15.7477
  30060.00    15.9275
  30070.00    15.7778
  30080.00    15.8755
  30090.00    15.8322
  30100.00    15.9693
  30110.00    15.9753
  30120.00    16.4235
  30130.00    15.7838
  30140.00    16.3105
  30150.00    16.5570
  30160.00    16.0091
  30170.00    15.5889
  30180.00    16.3035
  30190.00    15.1596
  30200.00    15.8843
  30210.00    16.2569
  30220.00    16.6117
  30230.00    15.9611
  30240.00    15.9982
  30250.00    15.8072
  30260.00    15.5530
  30270.00    16.1139
  30280.00    16.0059
  30290.00    16.0710
  30300.00    16.1439
  30310.00    15.9642
  30320.00    16.4904
  30330.00    16.6215
  30340.00    16.0499
  30350.00    16.6730
  30360.00    15.9453
  30370.00    16.6263
  30380.00    15.9456
  30390.00    15.8474
  30400.00    15.9591
  30410.00    15.9032
  30420.00    15.9129
  30430.00    15.6219
  30440.00    15.7150
  30450.00    16.3408
  30460.00    15.8217
  30470.00    15.7418
  30480.00    16.1829
  30490.00    16.1553
  30500.00    16.1549
  30510.00    16.0066
  30520.00    16.5972
  30530.00    16.5314
  30540.00    16.6997
  30550.00    16.4483
  30560.00    16.0999
  30570.00    16.2390
  30580.00    16.1174
  30590.00    15.8091
  30600.00    16.0055
  30610.00    16.0522
  30620.00    16.3713
  30630.00    16.2759
  30640.00    15.5765
  30650.00    15.9599
  30660.00    14.9736
  30670.00    15.7123
  30680.00    15.8688
  30690.00    15.9953
  30700.00    16.2384
  30710.00    15.8756
  30720.00    15.5323
  30730.00    16.4050
  30740.00    16.2210
  30750.00    16.1309
  30760.00    15.9145
  30770.00    16.0555
  30780.00    16.0458
  30790.00    15.9762
  30800.00    15.9796
  30810.00    15.6792
  30820.00    16.5641
  30830.00    16.0546
  30840.00    16.2548
  30850.00    15.8923
  30860.00    16.4529
  30870.00    16.1184
  30880.00    15.8302
  30890.00    15.7202
  30900.00    16.1350
  30910.00    15.8896
  30920.00    15.9701
  30930.00    15.9150
  30940.00    16.1579
  30950.00    16.2059
  30960.00    16.0764
  30970.00    15.7981
  30980.00    15.8443
  30990.00    15.7007
  31000.00    16.5180
  31010.00    16.3616
  31020.00    16.1233
  31030.00    16.3746
  31040.00    16.2951
  31050.00    15.7486
  31060.00    16.2394
  31070.00    16.0358
  31080.00    16.1381
  31090.00    16.0102
  31100.00    15.9523
  31110.00    15.7545
  31120.00    16.4124
  31130.00    16.1242
  31140.00    16.0454
  31150.00    15.9345
  31160.00    16.4336
  31170.00    15.4363
  31180.00    16.3892
  31190.00    15.9250
  31200.00    15.8847
  31210.00    15.9798
  31220.00    15.7661
  31230.00    15.3962
  31240.00    15.7961
  31250.00    15.5254
  31260.00    16.0832
  31270.00    16.1216
  31280.00    15.8217
  31290.00    16.5539
  31300.00    15.9028
  31310.00    15.9957
  31320.00    16.0788
  31330.00    15.9683
  31340.00    16.5770
  31350.00    15.7919
  31360.00    16.0564
  31370.00    15.9281
  31380.00    16.0264
  31390.00    16.7979
  31400.00    15.8230
  31410.00    15.6126
  31420.00    16.1146
  31430.00    16.2537
  31440.00    15.5979
  31450.00    16.1744
  31460.00    15.9422
  31470.00    16.5949
  31480.00    16.1460
  31490.00    16.5462
  31500.00    15.9791
  31510.00    16.0174
  31520.00    15.9710
  31530.00    15.9202
  31540.00    16.1250
  31550.00    16.5341
  31560.00    16.0912
  31570.00    15.8158
  31580.00    16.2880
  31590.00    15.6808
  31600.00    16.1771
  31610.00    16.1674
  31620.00    15.5275
  31630.00    16.2043
  31640.00    15.9200
  31650.00    15.5941
  31660.00    15.7422
  31670.00    16.2913
  31680.00    15.7208
  31690.00    15.9451
  31700.00    16.0129
  31710.00    15.5703
  31720.00    15.9258
  31730.00    15.9721
  31740.00    15.2564
  31750.00    16.0564
  31760.00    16.4752
  31770.00    16.0367
  31780.00    15.8073
  31790.00    16.4521
  31800.00    16.1693
  31810.00    15.7925
  31820.00    15.7655
  31830.00    16.1026
  31840.00    15.6181
  31850.00    15.8684
  31860.00    15.9401
  31870.00    15.9403
  31880.00    16.3028
  31890.00    15.7002
  31900.00    16.3468
  31910.00    15.7454
  31920.00    15.6213
  31930.00    15.7857
  31940.00    15.6956
  31950.00    16.1055
  31960.00    15.6107
  31970.00    16.1175
  31980.00    16.0036
  31990.00    15.9244
  32000.00    15.9159
  32010.00    16.6580
  32020.00    16.1502
  32030.00    16.1490
  32040.00    15.6025
  32050.00    15.5642
  32060.00    15.4868
  32070.00    15.9026
  32080.00    15.5307
  32090.00    15.7154
  32100.00    16.1183
  32110.00    16.0568
  32120.00    16.5365
  32130.00    16.2803
  32140.00    15.6862
  32150.00    15.9921
  32160.00    15.6954
  32170.00    15.8028
  32180.00    15.7486
  32190.00    15.7829
  32200.00    15.7197
  32210.00    15.9608
  32220.00    16.1120
  32230.00    16.2505
  32240.00    15.8428
  32250.00    16.3620
  32260.00    16.1697
  32270.00    15.5163
  32280.00    16.1329
  32290.00    15.7088
  32300.00    16.1387
  32310.00    16.0657
  32320.00    16.1393
  32330.00    16.2062
  32340.00    16.3740
  32350.00    15.9198
  32360.00    15.9388
  32370.00    16.3863
  32380.00    15.9832
  32390.00    16.1686
  32400.00    15.8336
  32410.00    16.1236
  32420.00    15.9240
  32430.00    15.6970
  32440.00    16.3235
  32450.00    15.6910
  32460.00    15.7778
  32470.00    16.3661
  32480.00    15.9142
  32490.00    16.2939
  32500.00    16.4751
  32510.00    16.1934
  32520.00    15.9117
  32530.00    16.0938
  32540.00    16.1604
  32550.00    15.9712
  32560.00    16.2558
  32570.00    16.2824
  32580.00    15.9692
  32590.00    16.6342
  32600.00    16.2280
  32610.00    15.7742
  32620.00    16.3441
  32630.00    16.0431
  32640.00    15.9522
  32650.00    16.4088
  32660.00    15.5042
  32670.00    15.9128
  32680.00    16.0940
  32690.00    15.8221
  32700.00    15.8386
  32710.00    16.3917
  32720.00    16.3549
  32730.00    15.7970
  32740.00    15.9356
  32750.00    15.7627
  32760.00    15.8902
  32770.00    15.6350
  32780.00    15.6956
  32790.00    15.9023
  32800.00    16.0627
  32810.00    15.7004
  32820.00    15.7106
  32830.00    15.8351
  32840.00    15.9056
  32850.00    15.6331
  32860.00    15.6816
  32870.00    15.7834
  32880.00    15.3808
  32890.00    16.3259
  32900.00    16.0179
  32910.00    16.0114
  32920.00    15.7119
  32930.00    15.8220
  32940.00    15.7437
  32950.00    15.9148
  32960.00    15.9323
  32970.00    15.7171
  32980.00    16.1348
  32990.00    15.6529
  33000.00    15.5292
  33010.00    15.7756
  33020.00    15.9458
  33030.00    15.9151
  33040.00    16.0259
  33050.00    16.0236
  33060.00    16.5150
  33070.00    15.9669
  33080.00    15.5399
  33090.00    16.0027
  33100.00    16.0411
  33110.00    16.0559
  33120.00    16.2558
  33130.00    16.4964
  33140.00    16.2674
  33150.00    16.0402
  33160.00    15.8282
  33170.00    16.0911
  33180.00    15.9506
  33190.00    16.3287
  33200.00    15.5453
  33210.00    16.0952
  33220.00    16.0122
  33230.00    16.4603
  33240.00    15.7985
  33250.00    15.5586
  33260.00    15.9289
  33270.00    16.3064
  33280.00    16.4027
  33290.00    16.3563
  33300.00    16.3816
  33310.00    15.8402
  33320.00    16.1561
  33330.00    16.2447
  33340.00    16.2518
  33350.00    16.0275
  33360.00    16.7480
  33370.00    16.1381
  33380.00    16.0880
  33390.00    16.3175
  33400.00    16.3797
  33410.00    16.4145
  33420.00    15.7870
  33430.00    15.8041
  33440.00    16.3887
  33450.00    16.3493
  33460.00    16.1879
  33470.00    16.0579
  33480.00    15.8284
  33490.00    15.8853
  33500.00    15.7556
  33510.00    15.8854
  33520.00    16.0112
  33530.00    16.0876
  33540.00    15.5981
  33550.00    16.1356
  33560.00    16.1832
  33570.00    15.9404
  33580.00    15.7671
  33590.00    16.4552
  33600.00    16.0156
  33610.00    16.0101
  33620.00    15.8953
  33630.00    15.3269
  33640.00    16.0961
  33650.00    16.0219
  33660.00    15.9585
  33670.00    15.1021
  33680.00    15.9730
  33690.00    15.4721
  33700.00    16.5504
  33710.00    15.7714
  33720.00    16.1133
  33730.00    15.7435
  33740.00    16.4099
  33750.00    15.8628
  33760.00    15.7918
  33770.00    16.4674
  33780.00    16.2198
  33790.00    16.2768
  33800.00    16.0772
  33810.00    15.5605
  33820.00    15.4413
  33830.00    15.5465
  33840.00    15.7338
  33850.00    15.9271
  33860.00    16.4742
  33870.00    15.9354
  33880.00    16.0293
  33890.00    15.9186
  33900.00    15.8826
  33910.00    16.1261
  33920.00    16.4761
  33930.00    16.2839
  33940.00    15.9151
  33950.00    15.9407
  33960.00    16.2280
  33970.00    16.3955
  33980.00    16.0281
  33990.00    16.5347
  34000.00    16.5036
  34010.00    15.5377
  34020.00    16.0609
  34030.00    16.5854
  34040.00    16.3739
  34050.00    15.9468
  34060.00    16.1936
  34070.00    16.4649
  34080.00    15.7806
  34090.00    16.0294
  34100.00    15.5008
  34110.00    15.8160
  34120.00    15.8337
  34130.00    15.8219
  34140.00    15.8894
  34150.00    15.6158
  34160.00    15.6527
  34170.00    15.2656
  34180.00    15.4987
  34190.00    15.9087
  34200.00    16.2814
  34210.00    16.0104
  34220.00    16.1155
  34230.00    16.0241
  34240.00    16.3445
  34250.00    15.7554
  34260.00    16.4168
  34270.00    15.9812
  34280.00    16.2100
  34290.00    15.7593
  34300.00    16.0794
  34310.00    16.1626
  34320.00    15.5220
  34330.00    16.1165
  34340.00    15.8186
  34350.00    16.2426
  34360.00    15.6034
  34370.00    16.2414
  34380.00    16.2112
  34390.00    15.4329
  34400.00    15.8205
  34410.00    15.8733
  34420.00    15.9362
  34430.00    15.4879
  34440.00    15.6260
  34450.00    16.0910
  34460.00    15.7712
  34470.00    15.5572
  34480.00    15.7838
  34490.00    15.8311
  34500.00    16.0354
  34510.00    15.7884
  34520.00    15.4460
  34530.00    15.9980
  34540.00    15.6541
  34550.00    15.9406
  34560.00    15.7847
  34570.00    15.9304
  34580.00    16.2332
  34590.00    16.0116
  34600.00    15.7064
  34610.00    15.9475
  34620.00    15.9164
  34630.00    15.8521
  34640.00    15.9611
  34650.00    15.5696
  34660.00    15.9731
  34670.00    16.4170
  34680.00    16.0420
  34690.00    16.2157
  34700.00    16.1072
  34710.00    16.0370
  34720.00    16.4597
  34730.00    15.9238
  34740.00    16.2834
  34750.00    16.5268
  34760.00    16.1624
  34770.00    16.0674
  34780.00    16.4123
  34790.00    16.4076
  34800.00    16.0280
  34810.00    15.8266
  34820.00    16.3408
  34830.00    16.0191
  34840.00    16.3219
  34850.00    15.8928
  34860.00    15.9401
  34870.00    16.2797
  34880.00    16.2558
  34890.00    16.8725
  34900.00    16.1741
  34910.00    16.3253
  34920.00    16.1282
  34930.00    16.4688
  34940.00    16.1819
  34950.00    16.2632
  34960.00    15.6695
  34970.00    16.4424
  34980.00    16.3819
  34990.00    16.2833
  35000.00    15.9157
  35010.00    15.9637
  35020.00    16.4328
  35030.00    15.6627
  35040.00    15.7522
  35050.00    15.7814
  35060.00    15.9813
  35070.00    16.1860
  35080.00    15.6861
  35090.00    15.3416
  35100.00    16.4854
  35110.00    15.7076
  35120.00    15.9084
  35130.00    16.2565
  35140.00    16.0215
  35150.00    15.7186
  35160.00    16.0354
  35170.00    16.1648
  35180.00    16.6090
  35190.00    15.8841
  35200.00    16.0578
  35210.00    16.4386
  35220.00    16.4290
  35230.00    16.1724
  35240.00    16.0372
  35250.00    16.2456
  35260.00    15.9037
  35270.00    16.2934
  35280.00    15.9765
  35290.00    16.0225
  35300.00    15.9259
  35310.00    16.0782
  35320.00    16.6399
  35330.00    16.3761
  35340.00    15.6651
  35350.00    16.4525
  35360.00    16.1118
  35370.00    16.0477
  35380.00    15.9290
  35390.00    15.9314
  35400.00    15.9320
  35410.00    16.0210
  35420.00    15.8602
  35430.00    16.3158
  35440.00    16.1813
  35450.00    16.3038
  35460.00    16.0266
  35470.00    16.3797
  35480.00    15.6799
  35490.00    16.2575
  35500.00    15.6246
  35510.00    15.8666
  35520.00    15.8468
  35530.00    15.8459
  35540.00    16.3172
  35550.00    15.7873
  35560.00    16.4273
  35570.00    16.4255
  35580.00    15.6669
  35590.00    16.1127
  35600.00    16.0725
  35610.00    15.7851
  35620.00    15.7663
  35630.00    16.0131
  35640.00    16.3419
  35650.00    16.4869
  35660.00    16.0089
  35670.00    15.6290
  35680.00    16.3661
  35690.00    16.3479
  35700.00    15.5971
  35710.00    16.1086
  35720.00    16.1000
  35730.00    16.4054
  35740.00    16.0933
  35750.00    16.0218
  35760.00    15.8872
  35770.00    15.9521
  35780.00    16.1573
  35790.00    16.0540
  35800.00    15.9924
  35810.00    16.1447
  35820.00    15.9797
  35830.00    16.0213
  35840.00    16.4236
  35850.00    16.2988
  35860.00    16.0089
  35870.00    16.1970
  35880.00    16.2102
  35890.00    15.8091
  35900.00    16.0501
  35910.00    15.9510
  35920.00    16.0584
  35930.00    15.9889
  35940.00    16.5778
  35950.00    16.4137
  35960.00    16.4445
  35970.00    15.9471
  35980.00    15.8163
  35990.00    16.0976
  36000.00    15.8365
  36010.00    15.9080
  36020.00    16.2772
  36030.00    15.8258
  36040.00    15.9041
  36050.00    15.3284
  36060.00    15.7613
  36070.00    16.2685
  36080.00    16.5293
  36090.00    16.4162
  36100.00    15.7205
  36110.00    16.2638
  36120.00    16.1831
  36130.00    16.5321
  36140.00    15.9839
  36150.00    15.9906
  36160.00    16.3214
  36170.00    16.4883
  36180.00    16.2099
  36190.00    15.9148
  36200.00    16.4981
  36210.00    16.2675
  36220.00    15.9845
  36230.00    16.0456
  36240.00    15.6308
  36250.00    16.0221
  36260.00    16.3427
  36270.00    15.6391
  36280.00    16.3528
  36290.00    15.9810
  36300.00    15.9493
  36310.00    15.4961
  36320.00    16.1841
  36330.00    16.2054
  36340.00    16.1414
  36350.00    16.1716
  36360.00    15.4880
  36370.00    15.9702
  36380.00    15.8508
  36390.00    16.1814
  36400.00    16.2355
  36410.00    16.3751
  36420.00    16.3378
  36430.00    15.9184
  36440.00    15.8292
  36450.00    16.0238
  36460.00    15.6344
  36470.00    16.0817
  36480.00    16.1145
  36490.00    16.1540
  36500.00    16.2754
  36510.00    16.2063
  36520.00    16.1720
  36530.00    16.2378
  36540.00    15.9691
  36550.00    16.1850
  36560.00    16.1382
  36570.00    16.0782
  36580.00    16.2551
  36590.00    15.8686
  36600.00    16.2878
  36610.00    16.4592
  36620.00    16.0552
  36630.00    16.7317
  36640.00    16.0943
  36650.00    15.8772
  36660.00    15.8432
  36670.00    15.6579
  36680.00    16.3530
  36690.00    15.7384
  36700.00    16.0195
  36710.00    16.3190
  36720.00    16.1863
  36730.00    15.9382
  36740.00    15.8584
  36750.00    15.8410
  36760.00    15.7280
  36770.00    16.6096
  36780.00    16.4389
  36790.00    16.3045
  36800.00    16.5698
  36810.00    16.4532
  36820.00    16.5131
  36830.00    16.2425
  36840.00    16.4469
  36850.00    16.1965
  36860.00    16.2613
  36870.00    15.9812
  36880.00    16.2262
  36890.00    16.5523
  36900.00    16.0682
  36910.00    16.2373
  36920.00    16.0284
  36930.00    15.9011
  36940.00    16.4111
  36950.00    15.8574
  36960.00    15.7400
  36970.00    15.9735
  36980.00    16.3679
  36990.00    16.0643
  37000.00    15.6269
  37010.00    15.9810
  37020.00    15.7675
  37030.00    16.1548
  37040.00    16.0844
  37050.00    16.0873
  37060.00    16.1189
  37070.00    16.2676
  37080.00    15.8065
  37090.00    15.6101
  37100.00    16.2861
  37110.00    16.6173
  37120.00    15.7536
  37130.00    16.4256
  37140.00    16.0887
  37150.00    16.5447
  37160.00    16.5105
  37170.00    16.5437
  37180.00    15.8412
  37190.00    16.6974
  37200.00    16.1902
  37210.00    16.0017
  37220.00    15.9812
  37230.00    15.7469
  37240.00    16.2396
  37250.00    16.4094
  37260.00    15.6170
  37270.00    15.9561
  37280.00    16.0110
  37290.00    15.7600
  37300.00    15.7469
  37310.00    16.0750
  37320.00    16.6088
  37330.00    16.0782
  37340.00    15.6288
  37350.00    15.9875
  37360.00    16.3876
  37370.00    15.7184
  37380.00    15.7515
  37390.00    16.1574
  37400.00    16.0466
  37410.00    16.1514
  37420.00    16.1088
  37430.00    15.8609
  37440.00    16.0501
  37450.00    16.0745
  37460.00    15.5752
  37470.00    16.2368
  37480.00    15.7509
  37490.00    16.1572
  37500.00    15.8892
  37510.00    16.4267
  37520.00    16.1370
  37530.00    15.9767
  37540.00    16.0135
  37550.00    16.4917
  37560.00    16.0607
  37570.00    16.0787
  37580.00    15.9691
  37590.00    16.3777
  37600.00    16.0087
  37610.00    15.9286
  37620.00    16.3200
  37630.00    15.9320
  37640.00    16.1324
  37650.00    15.1800
  37660.00    16.1199
  37670.00    16.3421
  37680.00    15.7249
  37690.00    16.2982
  37700.00    16.2460
  37710.00    16.6613
  37720.00    16.6306
  37730.00    16.2324
  37740.00    15.5278
  37750.00    15.8383
  37760.00    15.8959
  37770.00    15.9797
  37780.00    16.2716
  37790.00    15.9165
  37800.00    15.7485
  37810.00    15.7474
  37820.00    15.7524
  37830.00    15.8435
  37840.00    15.9307
  37850.00    15.8245
  37860.00    16.0596
  37870.00    16.0013
  37880.00    16.0256
  37890.00    16.0967
  37900.00    15.9440
  37910.00    15.6226
  37920.00    15.5263
  37930.00    15.9836
  37940.00    15.9405
  37950.00    16.0093
  37960.00    15.8675
  37970.00    16.2706
  37980.00    15.8739
  37990.00    15.5907
  38000.00    16.0516
  38010.00    16.0877
  38020.00    16.0282
  38030.00    16.1654
  38040.00    16.5348
  38050.00    16.5339
  38060.00    15.9215
  38070.00    16.1667
  38080.00    16.3711
  38090.00    15.5502
  38100.00    15.9456
  38110.00    16.2405
  38120.00    16.4261
  38130.00    15.8362
  38140.00    15.6976
  38150.00    16.2958
  38160.00    16.0430
  38170.00    15.9997
  38180.00    15.9846
  38190.00    15.5736
  38200.00    16.0787
  38210.00    16.1482
  38220.00    16.1775
  38230.00    15.9829
  38240.00    16.3989
  38250.00    16.1869
  38260.00    16.0456
  38270.00    16.0088
  38280.00    15.4821
  38290.00    15.4954
  38300.00    16.5013
  38310.00    16.0415
  38320.00    16.0575
  38330.00    16.2375
  38340.00    16.2172
  38350.00    15.9895
  38360.00    15.9353
  38370.00    15.6520
  38380.00    16.2623
  38390.00    16.2616
  38400.00    16.1160
  38410.00    16.5500
  38420.00    15.5274
  38430.00    16.4741
  38440.00    16.0663
  38450.00    16.4226
  38460.00    16.2848
  38470.00    15.8755
  38480.00    16.1969
  38490.00    15.7176
  38500.00    15.9069
  38510.00    16.1228
  38520.00    16.1843
  38530.00    15.6350
  38540.00    15.9297
  38550.00    15.4891
  38560.00    16.4521
  38570.00    16.0443
  38580.00    16.2922
  38590.00    16.0847
  38600.00    15.6181
  38610.00    16.0450
  38620.00    16.4314
  38630.00    15.9494
  38640.00    16.0179
  38650.00    16.0193
  38660.00    16.0852
  38670.00    16.1495
  38680.00    16.3129
  38690.00    16.0815
  38700.00    16.3853
  38710.00    15.9845
  38720.00    15.7542
  38730.00    16.1809
  38740.00    15.6878
  38750.00    15.9060
  38760.00    16.0396
  38770.00    16.1381
  38780.00    16.0550
  38790.00    15.6520
  38800.00    16.2327
  38810.00    16.0570
  38820.00    15.3267
  38830.00    15.4529
  38840.00    15.7040
  38850.00    16.6290
  38860.00    15.9938
  38870.00    16.1505
  38880.00    16.4561
  38890.00    16.1767
  38900.00    15.8593
  38910.00    16.0374
  38920.00    15.8800
  38930.00    15.3351
  38940.00    15.8532
  38950.00    15.4922
  38960.00    16.1243
  38970.00    15.9866
  38980.00    16.3978
  38990.00    16.0311
  39000.00    16.2891
  39010.00    16.4533
  39020.00    16.8162
  39030.00    15.3908
  39040.00    15.5296
  39050.00    16.3189
  39060.00    16.1196
  39070.00    16.1611
  39080.00    16.4340
  39090.00    15.8048
  39100.00    15.8689
  39110.00    15.7537
  39120.00    16.2915
  39130.00    16.4032
  39140.00    16.4752
  39150.00    16.2849
  39160.00    16.2595
  39170.00    15.9779
  39180.00    16.2208
  39190.00    15.7134
  39200.00    16.3911
  39210.00    16.3258
  39220.00    15.7585
  39230.00    15.9945
  39240.00    15.7877
  39250.00    15.8336
  39260.00    16.1973
  39270.00    15.9157
  39280.00    15.7926
  39290.00    15.3229
  39300.00    15.9501
  39310.00    15.8665
  39320.00    16.2721
  39330.00    16.0374
  39340.00    16.2016
  39350.00    16.0650
  39360.00    16.0385
  39370.00    15.9564
  39380.00    15.6790
  39390.00    15.7770
  39400.00    16.3109
  39410.00    15.8530
  39420.00    15.7666
  39430.00    16.1882
  39440.00    16.3128
  39450.00    16.6942
  39460.00    15.8102
  39470.00    16.0614
  39480.00    15.5531
  39490.00    16.3957
  39500.00    16.0635
  39510.00    16.0179
  39520.00    15.7202
  39530.00    15.8726
  39540.00    15.7962
  39550.00    15.7360
  39560.00    15.5291
  39570.00    15.8757
  39580.00    15.8459
  39590.00    15.9120
  39600.00    15.5785
  39610.00    15.4468
  39620.00    15.7546
  39630.00    16.0525
  39640.00    16.2334
  39650.00    15.7178
  39660.00    16.3395
  39670.00    15.6997
  39680.00    15.7235
  39690.00    16.1561
  39700.00    15.8171
  39710.00    16.4530
  39720.00    16.2885
  39730.00    16.0065
  39740.00    16.5712
  39750.00    16.1322
  39760.00    16.4108
  39770.00    16.3165
  39780.00    15.9881
  39790.00    16.1688
  39800.00    16.4505
  39810.00    16.0754
  39820.00    15.8971
  39830.00    16.1353
  39840.00    15.7847
  39850.00    16.3040
  39860.00    16.3119
  39870.00    15.8948
  39880.00    15.8864
  39890.00    15.5505
  39900.00    15.7049
  39910.00    15.5624
  39920.00    15.4412
  39930.00    15.8411
  39940.00    16.4364
  39950.00    15.6436
  39960.00    15.6559
  39970.00    15.7270
  39980.00    16.0204
  39990.00    16.1705
  40000.00    15.4529
  40010.00    15.6359
  40020.00    16.0353
  40030.00    15.9539
  40040.00    16.3322
  40050.00    15.4300
  40060.00    15.7072
  40070.00    16.0847
  40080.00    16.1418
  40090.00    15.6592
  40100.00    15.8036
  40110.00    15.7443
  40120.00    15.8218
  40130.00    16.0269
  40140.00    16.1711
  40150.00    15.5150
  40160.00    16.0470
  40170.00    15.8482
  40180.00    16.2813
  40190.00    15.9086
  40200.00    15.6852
  40210.00    15.6807
  40220.00    15.8934
  40230.00    15.9988
  40240.00    16.0303
  40250.00    15.9537
  40260.00    15.8336
  40270.00    15.9888
  40280.00    16.2610
  40290.00    15.7060
  40300.00    16.1001
  40310.00    16.0581
  40320.00    15.9160
  40330.00    15.8749
  40340.00    16.0867
  40350.00    16.2000
  40360.00    15.8959
  40370.00    15.9537
  40380.00    15.9555
  40390.00    15.9096
  40400.00    15.6230
  40410.00    16.2251
  40420.00    15.7782
  40430.00    16.2494
  40440.00    15.9945
  40450.00    16.1720
  40460.00    16.5354
  40470.00    16.0761
  40480.00    15.9940
  40490.00    16.6723
  40500.00    15.6490
  40510.00    16.4666
  40520.00    15.6031
  40530.00    15.8441
  40540.00    15.9148
  40550.00    15.7931
  40560.00    15.7392
  40570.00    15.4043
  40580.00    16.0841
  40590.00    15.7457
  40600.00    16.3310
  40610.00    15.9027
  40620.00    15.8466
  40630.00    15.7071
  40640.00    15.1415
  40650.00    15.9534
  40660.00    15.8458
  40670.00    16.0460
  40680.00    15.6361
  40690.00    15.4798
  40700.00    15.6239
  40710.00    15.7032
  40720.00    16.3116
  40730.00    16.2781
  40740.00    16.3314
  40750.00    15.7108
  40760.00    16.1448
  40770.00    15.6097
  40780.00    15.9806
  40790.00    16.0056
  40800.00    15.9827
  40810.00    16.2925
  40820.00    16.1991
  40830.00    16.4440
  40840.00    16.4747
  40850.00    15.8130
  40860.00    16.0854
  40870.00    16.1401
  40880.00    15.6555
  40890.00    16.1419
  40900.00    16.0925
  40910.00    15.8807
  40920.00    15.9731
  40930.00    16.3086
  40940.00    16.0787
  40950.00    16.1524
  40960.00    16.1354
  40970.00    15.8695
  40980.00    15.8845
  40990.00    15.9009
  41000.00    16.2318
  41010.00    16.2964
  41020.00    16.5372
  41030.00    16.3153
  41040.00    16.2356
  41050.00    16.1347
  41060.00    16.6443
  41070.00    16.1299
  41080.00    16.0184
  41090.00    15.6652
  41100.00    16.4396
  41110.00    15.7424
  41120.00    15.6086
  41130.00    15.5269
  41140.00    16.2510
  41150.00    16.2896
  41160.00    16.0790
  41170.00    15.7880
  41180.00    16.3515
  41190.00    16.1872
  41200.00    15.7499
  41210.00    15.5951
  41220.00    15.8906
  41230.00    16.6061
  41240.00    15.9454
  41250.00    15.9399
  41260.00    16.5941
  41270.00    15.8905
  41280.00    16.0281
  41290.00    16.1579
  41300.00    15.8943
  41310.00    15.6858
  41320.00    15.5460
  41330.00    16.0189
  41340.00    15.6416
  41350.00    16.4326
  41360.00    16.2614
  41370.00    15.7481
  41380.00    16.0170
  41390.00    16.0762
  41400.00    15.9541
  41410.00    15.6938
  41420.00    16.3473
  41430.00    16.3135
  41440.00    15.5339
  41450.00    16.3030
  41460.00    16.2849
  41470.00    15.7862
  41480.00    15.9111
  41490.00    16.5418
  41500.00    16.1409
  41510.00    15.9040
  41520.00    16.0009
  41530.00    16.1071
  41540.00    16.2812
  41550.00    16.3659
  41560.00    16.0684
  41570.00    16.1493
  41580.00    16.4751
  41590.00    15.9092
  41600.00    16.2018
  41610.00    15.7137
  41620.00    15.8827
  41630.00    15.7099
  41640.00    15.8914
  41650.00    16.1818
  41660.00    16.1927
  41670.00    16.4932
  41680.00    15.9165
  41690.00    16.3253
  41700.00    16.1627
  41710.00    16.0680
  41720.00    16.4897
  41730.00    16.3606
  41740.00    15.7056
  41750.00    15.8754
  41760.00    16.3814
  41770.00    16.2960
  41780.00    16.0291
  41790.00    16.2647
  41800.00    15.8614
  41810.00    16.0236
  41820.00    16.0812
  41830.00    15.8663
  41840.00    15.8988
  41850.00    15.9051
  41860.00    16.2896
  41870.00    16.2272
  41880.00    15.9782
  41890.00    16.1143
  41900.00    16.3340
  41910.00    15.7221
  41920.00    15.8073
  41930.00    16.2836
  41940.00    16.0585
  41950.00    15.4664
  41960.00    15.7674
  41970.00    15.8774
  41980.00    16.6315
  41990.00    16.5475
  42000.00    16.2888
  42010.00    16.1312
  42020.00    16.0570
  42030.00    16.1839
  42040.00    15.8969
  42050.00    15.9384
  42060.00    15.7530
  42070.00    16.0888
  42080.00    15.6030
  42090.00    16.1467
  42100.00    15.5263
  42110.00    15.6087
  42120.00    16.1389
  42130.00    16.0289
  42140.00    15.7527
  42150.00    15.8068
  42160.00    16.1999
  42170.00    15.8177
  42180.00    15.9397
  42190.00    16.2257
  42200.00    16.2073
  42210.00    16.0201
  42220.00    16.3484
  42230.00    15.8172
  42240.00    15.8427
  42250.00    16.4848
  42260.00    15.8440
  42270.00    15.5423
  42280.00    15.5017
  42290.00    15.6963
  42300.00    16.0606
  42310.00    16.0357
  42320.00    16.0377
  42330.00    15.8643
  42340.00    16.0737
  42350.00    15.9055
  42360.00    16.0944
  42370.00    15.8480
  42380.00    16.1695
  42390.00    15.9098
  42400.00    16.0537
  42410.00    15.9857
  42420.00    16.3885
  42430.00    16.1005
  42440.00    16.2204
  42450.00    16.5278
  42460.00    16.5186
  42470.00    16.2177
  42480.00    16.1336
  42490.00    16.3861
  42500.00    16.1350
  42510.00    16.5679
  42520.00    16.1162
  42530.00    15.4865
  42540.00    15.7991
  42550.00    16.5044
  42560.00    16.0242
  42570.00    16.4795
  42580.00    16.2428
  42590.00    16.2508
  42600.00    16.1641
  42610.00    16.4556
  42620.00    16.3547
  42630.00    15.6494
  42640.00    15.8855
  42650.00    16.0466
  42660.00    15.6651
  42670.00    16.2599
  42680.00    15.8097
  42690.00    16.3636
  42700.00    16.3480
  42710.00    16.3492
  42720.00    16.1568
  42730.00    15.6091
  42740.00    15.8841
  42750.00    15.5019
  42760.00    16.1589
  42770.00    15.5299
  42780.00    15.3033
  42790.00    15.7784
  42800.00    16.1204
  42810.00    16.0926
  42820.00    16.2935
  42830.00    15.7077
  42840.00    15.9344
  42850.00    16.3760
  42860.00    15.8033
  42870.00    16.1779
  42880.00    16.2210
  42890.00    15.5941
  42900.00    16.0496
  42910.00    15.9584
  42920.00    15.9940
  42930.00    15.7548
  42940.00    15.8794
  42950.00    15.6816
  42960.00    16.1271
  42970.00    15.8762
  42980.00    15.8940
  42990.00    15.6788
  43000.00    16.3727
  43010.00    15.7816
  43020.00    15.9786
  43030.00    15.6214
  43040.00    15.6487
  43050.00    16.2528
  43060.00    15.9073
  43070.00    15.6507
  43080.00    16.5170
  43090.00    16.1372
  43100.00    16.1575
  43110.00    15.8537
  43120.00    16.6538
  43130.00    16.4154
  43140.00    16.3762
  43150.00    16.0175
  43160.00    15.7207
  43170.00    16.4214
  43180.00    16.2291
  43190.00    16.3999
  43200.00    15.4274
  43210.00    16.1213
  43220.00    16.0204
  43230.00    16.0121
  43240.00    15.6776
  43250.00    16.3007
  43260.00    15.8096
  43270.00    15.7418
  43280.00    16.2945
  43290.00    15.8561
  43300.00    16.3607
  43310.00    15.8680
  43320.00    15.9124
  43330.00    15.9493
  43340.00    15.9586
  43350.00    15.8198
  43360.00    15.9202
  43370.00    16.4757
  43380.00    15.9549
  43390.00    15.9942
  43400.00    16.3147
  43410.00    15.5754
  43420.00    16.3503
  43430.00    16.2939
  43440.00    15.8319
  43450.00    15.9991
  43460.00    15.9471
  43470.00    15.7193
  43480.00    16.2895
  43490.00    15.7204
  43500.00    16.1083
  43510.00    16.2200
  43520.00    16.1868
  43530.00    15.7767
  43540.00    16.2955
  43550.00    16.0798
  43560.00    16.3739
  43570.00    16.0007
  43580.00    16.2931
  43590.00    16.4024
  43600.00    16.1380
  43610.00    16.2739
  43620.00    15.9150
  43630.00    15.9352
  43640.00    15.6070
  43650.00    16.2227
  43660.00    15.7954
  43670.00    15.7473
  43680.00    15.7828
  43690.00    15.8109
  43700.00    15.7097
  43710.00    15.8920
  43720.00    16.1397
  43730.00    16.0028
  43740.00    15.9297
  43750.00    15.8581
  43760.00    15.7742
  43770.00    15.9547
  43780.00    15.5967
  43790.00    16.2521
  43800.00    15.6945
  43810.00    16.5075
  43820.00    15.9687
  43830.00    15.8050
  43840.00    16.5392
  43850.00    16.0441
  43860.00    15.7358
  43870.00    16.1953
  43880.00    16.2888
  43890.00    15.4584
  43900.00    15.8141
  43910.00    15.7925
  43920.00    15.7886
  43930.00    15.6025
  43940.00    15.9479
  43950.00    16.2372
  43960.00    16.2424
  43970.00    15.9349
  43980.00    16.6193
  43990.00    15.9322
  44000.00    16.3842
  44010.00    16.4007
  44020.00    15.8638
  44030.00    16.1721
  44040.00    15.5447
  44050.00    16.4569
  44060.00    15.8393
  44070.00    15.9891
  44080.00    15.8747
  44090.00    15.8400
  44100.00    15.6723
  44110.00    16.2619
  44120.00    15.8868
  44130.00    15.7608
  44140.00    16.1087
  44150.00    16.1775
  44160.00    15.9205
  44170.00    15.5338
  44180.00    15.9207
  44190.00    16.0050
  44200.00    16.0270
  44210.00    15.8625
  44220.00    16.2072
  44230.00    16.2584
  44240.00    15.4184
  44250.00    15.9299
  44260.00    16.5393
  44270.00    16.0534
  44280.00    15.8952
  44290.00    15.6480
  44300.00    16.0814
  44310.00    16.0993
  44320.00    15.9158
  44330.00    15.5083
  44340.00    15.9687
  44350.00    15.9877
  44360.00    15.8262
  44370.00    15.6930
  44380.00    15.6031
  44390.00    16.1478
  44400.00    15.7422
  44410.00    15.6840
  44420.00    16.4587
  44430.00    16.6251
  44440.00    16.3062
  44450.00    16.2694
  44460.00    16.1236
  44470.00    16.4729
  44480.00    15.8703
  44490.00    16.2187
  44500.00    16.2794
  44510.00    16.4300
  44520.00    15.5780
  44530.00    16.1717
  44540.00    16.0267
  44550.00    15.5031
  44560.00    15.8073
  44570.00    16.8193
  44580.00    16.1846
  44590.00    16.2347
  44600.00    15.8510
  44610.00    15.4972
  44620.00    15.9908
  44630.00    15.6718
  44640.00    16.1910
  44650.00    16.2789
  44660.00    16.3028
  44670.00    15.8303
  44680.00    15.9228
  44690.00    15.2601
  44700.00    16.0152
  44710.00    16.2836
  44720.00    16.4091
  44730.00    15.8806
  44740.00    15.9408
  44750.00    15.9996
  44760.00    16.4237
  44770.00    16.1693
  44780.00    16.4565
  44790.00    16.1534
  44800.00    16.2405
  44810.00    16.2167
  44820.00    16.6226
  44830.00    16.2291
  44840.00    16.3223
  44850.00    16.1812
  44860.00    16.4560
  44870.00    15.9883
  44880.00    16.4046
  44890.00    15.7415
  44900.00    15.9127
  44910.00    15.7814
  44920.00    16.1840
  44930.00    16.3766
  44940.00    16.4921
  44950.00    15.9448
  44960.00    16.5642
  44970.00    16.0218
  44980.00    16.3025
  44990.00    16.2799
  45000.00    15.8140
  45010.00    16.2189
  45020.00    15.6147
  45030.00    16.1861
  45040.00    16.0543
  45050.00    15.8225
  45060.00    15.9911
  45070.00    16.0136
  45080.00    15.6764
  45090.00    15.7165
  45100.00    15.9239
  45110.00    16.5320
  45120.00    15.8008
  45130.00    16.1183
  45140.00    15.8674
  45150.00    15.5206
  45160.00    16.1419
  45170.00    16.0320
  45180.00    16.1811
  45190.00    15.9839
  45200.00    15.7934
  45210.00    16.0860
  45220.00    16.0078
  45230.00    15.8097
  45240.00    15.9414
  45250.00    16.4592
  45260.00    16.0208
  45270.00    16.1767
  45280.00    15.8692
  45290.00    15.8848
  45300.00    16.1159
  45310.00    15.9241
  45320.00    15.8656
  45330.00    15.8810
  45340.00    16.4356
  45350.00    15.8366
  45360.00    15.5912
  45370.00    15.4895
  45380.00    16.0853
  45390.00    16.0113
  45400.00    15.5952
  45410.00    16.0169
  45420.00    15.5432
  45430.00    15.7310
  45440.00    15.7972
  45450.00    15.4363
  45460.00    15.5083
  45470.00    15.8844
  45480.00    15.6633
  45490.00    15.8178
  45500.00    15.5329
  45510.00    15.9670
  45520.00    15.3606
  45530.00    15.8432
  45540.00    16.1641
  45550.00    16.2022
  45560.00    16.0209
  45570.00    15.7897
  45580.00    16.0510
  45590.00    15.5080
  45600.00    15.6923
  45610.00    16.1434
  45620.00    16.3938
  45630.00    16.0352
  45640.00    16.2310
  45650.00    15.9264
  45660.00    16.1010
  45670.00    16.1639
  45680.00    16.2776
  45690.00    16.4550
  45700.00    16.2383
  45710.00    16.0786
  45720.00    15.7542
  45730.00    15.3901
  45740.00    15.9795
  45750.00    15.9036
  45760.00    16.1828
  45770.00    15.9679
  45780.00    15.6961
  45790.00    16.1404
  45800.00    16.2120
  45810.00    15.8558
  45820.00    15.9176
  45830.00    15.7814
  45840.00    15.7068
  45850.00    15.8232
  45860.00    15.6567
  45870.00    16.3175
  45880.00    16.0174
  45890.00    15.8348
  45900.00    16.2233
  45910.00    16.0821
  45920.00    16.1420
  45930.00    16.0212
  45940.00    16.3600
  45950.00    15.9522
  45960.00    16.0936
  45970.00    16.0444
  45980.00    15.8433
  45990.00    15.9639
  46000.00    16.2385
  46010.00    15.9444
  46020.00    16.1543
  46030.00    15.2010
  46040.00    16.5902
  46050.00    16.1360
  46060.00    16.2873
  46070.00    16.4208
  46080.00    16.1191
  46090.00    15.9244
  46100.00    15.9464
  46110.00    16.5964
  46120.00    16.3665
  46130.00    16.0443
  46140.00    15.7793
  46150.00    15.8738
  46160.00    15.9562
  46170.00    15.8437
  46180.00    16.6890
  46190.00    15.8208
  46200.00    16.4643
  46210.00    16.1620
  46220.00    15.4976
  46230.00    15.9203
  46240.00    15.9545
  46250.00    15.9588
  46260.00    15.7437
  46270.00    15.9869
  46280.00    15.8960
  46290.00    16.3998
  46300.00    16.4667
  46310.00    16.1587
  46320.00    16.2469
  46330.00    15.7614
  46340.00    15.9391
  46350.00    15.7546
  46360.00    15.9427
  46370.00    15.7336
  46380.00    16.1441
  46390.00    15.5096
  46400.00    15.7442
  46410.00    16.3022
  46420.00    16.1694
  46430.00    15.7556
  46440.00    16.0323
  46450.00    15.6271
  46460.00    15.4576
  46470.00    15.8434
  46480.00    16.1324
  46490.00    16.2477
  46500.00    15.8232
  46510.00    15.7909
  46520.00    15.6238
  46530.00    15.6607
  46540.00    16.2276
  46550.00    16.0182
  46560.00    16.4242
  46570.00    15.9126
  46580.00    15.9520
  46590.00    16.0322
  46600.00    16.5421
  46610.00    15.8481
  46620.00    16.4478
  46630.00    16.3962
  46640.00    16.0121
  46650.00    16.1406
  46660.00    15.6220
  46670.00    15.6918
  46680.00    15.8055
  46690.00    16.1252
  46700.00    16.1758
  46710.00    16.1220
  46720.00    15.7247
  46730.00    16.0646
  46740.00    15.9378
  46750.00    15.3402
  46760.00    15.9928
  46770.00    15.9117
  46780.00    15.5619
  46790.00    15.8656
  46800.00    15.8924
  46810.00    16.1047
  46820.00    16.1273
  46830.00    16.0084
  46840.00    15.3791
  46850.00    16.3168
  46860.00    15.2783
  46870.00    16.5833
  46880.00    16.3521
  46890.00    16.3536
  46900.00    16.2093
  46910.00    15.9721
  46920.00    16.3070
  46930.00    15.8153
  46940.00    16.0116
  46950.00    15.7380
  46960.00    16.1123
  46970.00    16.8005
  46980.00    16.1927
  46990.00    15.9365
  47000.00    16.3982
  47010.00    16.2653
  47020.00    16.2287
  47030.00    16.2555
  47040.00    15.6326
  47050.00    16.3808
  47060.00    16.6106
  47070.00    16.2463
  47080.00    16.5730
  47090.00    15.6750
  47100.00    15.8354
  47110.00    15.9615
  47120.00    15.7498
  47130.00    16.1218
  47140.00    16.0556
  47150.00    16.4266
  47160.00    16.2809
  47170.00    16.2013
  47180.00    16.2622
  47190.00    16.0167
  47200.00    15.7116
  47210.00    15.6320
  47220.00    15.7459
  47230.00    16.2142
  47240.00    15.7830
  47250.00    15.8501
  47260.00    15.9334
  47270.00    16.2153
  47280.00    15.9371
  47290.00    15.8289
  47300.00    15.5104
  47310.00    15.7699
  47320.00    15.6993
  47330.00    16.3254
  47340.00    15.9013
  47350.00    16.3658
  47360.00    15.7317
  47370.00    15.8448
  47380.00    16.1090
  47390.00    16.5924
  47400.00    16.0052
  47410.00    16.2914
  47420.00    16.3693
  47430.00    16.0096
  47440.00    16.1589
  47450.00    15.7589
  47460.00    16.2191
  47470.00    15.8845
  47480.00    15.9118
  47490.00    15.9762
  47500.00    15.9877
  47510.00    15.6545
  47520.00    15.8583
  47530.00    15.9307
  47540.00    15.9014
  47550.00    16.0202
  47560.00    15.9037
  47570.00    15.9732
  47580.00    15.8447
  47590.00    16.1659
  47600.00    16.2213
  47610.00    16.0762
  47620.00    16.0788
  47630.00    16.2563
  47640.00    16.4334
  47650.00    16.1846
  47660.00    16.1644
  47670.00    16.1427
  47680.00    16.0419
  47690.00    15.9260
  47700.00    16.0654
  47710.00    16.1318
  47720.00    15.8078
  47730.00    15.2172
  47740.00    15.9700
  47750.00    16.4322
  47760.00    16.0988
  47770.00    15.8423
  47780.00    16.6050
  47790.00    15.9141
  47800.00    16.3579
  47810.00    16.0345
  47820.00    15.9217
  47830.00    16.0437
  47840.00    16.0829
  47850.00    15.9996
  47860.00    16.2565
  47870.00    16.0655
  47880.00    16.0383
  47890.00    15.8714
  47900.00    15.8485
  47910.00    15.8681
  47920.00    16.1245
  47930.00    16.0736
  47940.00    16.4183
  47950.00    16.0163
  47960.00    16.2131
  47970.00    15.7021
  47980.00    16.1059
  47990.00    15.4582
  48000.00    15.7526
  48010.00    15.6699
  48020.00    15.7575
  48030.00    15.7010
  48040.00    16.1318
  48050.00    15.9701
  48060.00    15.8192
  48070.00    15.6399
  48080.00    15.9820
  48090.00    16.1067
  48100.00    15.7603
  48110.00    16.2683
  48120.00    16.0072
  48130.00    16.2644
  48140.00    16.6500
  48150.00    15.6320
  48160.00    16.3908
  48170.00    16.2478
  48180.00    16.2974
  48190.00    16.1316
  48200.00    15.9420
  48210.00    16.2448
  48220.00    16.3536
  48230.00    15.7152
  48240.00    16.2078
  48250.00    15.9619
  48260.00    16.1765
  48270.00    16.2015
  48280.00    16.4993
  48290.00    15.7287
  48300.00    16.2363
  48310.00    15.8472
  48320.00    15.7714
  48330.00    15.7651
  48340.00    15.8587
  48350.00    16.0909
  48360.00    15.7338
  48370.00    16.0168
  48380.00    15.6309
  48390.00    16.4290
  48400.00    15.9851
  48410.00    15.7181
  48420.00    16.2689
  48430.00    16.1303
  48440.00    15.8326
  48450.00    16.2918
  48460.00    16.0557
  48470.00    15.7223
  48480.00    15.7028
  48490.00    16.1952
  48500.00    16.1607
  48510.00    15.7704
  48520.00    15.1354
  48530.00    15.4232
  48540.00    15.3552
  48550.00    16.0394
  48560.00    15.9048
  48570.00    15.7785
  48580.00    15.8097
  48590.00    15.9333
  48600.00    15.8281
  48610.00    15.4380
  48620.00    16.2187
  48630.00    16.0329
  48640.00    16.0697
  48650.00    15.7957
  48660.00    16.3507
  48670.00    16.2400
  48680.00    16.2366
  48690.00    16.2481
  48700.00    15.9273
  48710.00    15.6706
  48720.00    16.0677
  48730.00    15.8970
  48740.00    15.5208
  48750.00    15.7821
  48760.00    15.7878
  48770.00    16.3836
  48780.00    15.9376
  48790.00    15.8788
  48800.00    15.8544
  48810.00    15.3162
  48820.00    16.0695
  48830.00    15.8698
  48840.00    16.3270
  48850.00    15.8086
  48860.00    15.8967
  48870.00    16.2942
  48880.00    16.1122
  48890.00    15.6301
  48900.00    16.2708
  48910.00    16.2365
  48920.00    16.3854
  48930.00    16.4431
  48940.00    16.0658
  48950.00    15.9295
  48960.00    16.1079
  48970.00    16.1803
  48980.00    15.6974
  48990.00    16.2434
  49000.00    16.4536
  49010.00    15.9658
  49020.00    15.6461
  49030.00    15.7501
  49040.00    16.0344
  49050.00    15.5760
  49060.00    16.0976
  49070.00    15.8672
  49080.00    16.2646
  49090.00    16.4561
  49100.00    15.5289
  49110.00    15.9306
  49120.00    16.2296
  49130.00    15.9917
  49140.00    15.4511
  49150.00    15.4217
  49160.00    15.4882
  49170.00    15.6461
  49180.00    15.8242
  49190.00    16.0834
  49200.00    16.3243
  49210.00    15.2736
  49220.00    15.7258
  49230.00    15.8624
  49240.00    15.6460
  49250.00    15.9246
  49260.00    15.4937
  49270.00    15.9258
  49280.00    16.3741
  49290.00    15.8003
  49300.00    15.8798
  49310.00    16.2162
  49320.00    16.2360
  49330.00    16.3261
  49340.00    16.3309
  49350.00    16.1963
  49360.00    16.1394
  49370.00    15.5749
  49380.00    15.8011
  49390.00    15.9963
  49400.00    15.9406
  49410.00    15.7565
  49420.00    15.8463
  49430.00    16.1220
  49440.00    15.9913
  49450.00    16.1727
  49460.00    16.5161
  49470.00    16.4946
  49480.00    16.2736
  49490.00    16.1985
  49500.00    16.0015
  49510.00    16.1350
  49520.00    16.2397
  49530.00    16.1795
  49540.00    15.8112
  49550.00    15.7596
  49560.00    16.0279
  49570.00    16.1804
  49580.00    15.5830
  49590.00    16.2655
  49600.00    16.1576
  49610.00    16.6632
  49620.00    15.9699
  49630.00    16.2756
  49640.00    16.1763
  49650.00    16.5402
  49660.00    16.0272
  49670.00    15.8345
  49680.00    15.7314
  49690.00    16.1166
  49700.00    15.5377
  49710.00    15.9982
  49720.00    15.8842
  49730.00    15.7581
  49740.00    15.6474
  49750.00    15.9055
  49760.00    16.0002
  49770.00    16.1169
  49780.00    16.1981
  49790.00    16.6101
  49800.00    15.9737
  49810.00    16.3519
  49820.00    16.0491
  49830.00    16.3451
  49840.00    15.6382
  49850.00    15.9587
  49860.00    16.0335
  49870.00    15.9556
  49880.00    16.4885
  49890.00    16.3344
  49900.00    15.2258
  49910.00    16.3029
  49920.00    15.9520
  49930.00    16.0121
  49940.00    16.0623
  49950.00    16.2401
  49960.00    16.2466
  49970.00    16.1071
  49980.00    15.9889
  49990.00    15.9591
  50000.00    15.5939
