     10.00    24.4868
     20.00    24.2208
     30.00    24.4230
     40.00    23.8914
     50.00    23.5485
     60.00    23.8316
     70.00    23.6642
     80.00    23.8124
     90.00    24.1877
    100.00    24.3651
    110.00    23.9970
    120.00    23.7194
    130.00    23.3305
    140.00    24.1028
    150.00    24.3370
    160.00    24.0022
    170.00    24.1477
    180.00    23.5849
    190.00    24.3122
    200.00    24.1057
    210.00    23.4167
    220.00    24.1919
    230.00    24.7142
    240.00    23.6804
    250.00    23.6990
    260.00    23.6189
    270.00    24.3265
    280.00    24.3814
    290.00    23.6982
    300.00    23.9869
    310.00    23.9995
    320.00    24.3954
    330.00    23.7222
    340.00    23.5414
    350.00    23.4406
    360.00    24.1454
    370.00    23.6223
    380.00    24.4491
    390.00    24.1882
    400.00    24.2310
    410.00    24.2775
    420.00    24.4556
    430.00    24.1115
    440.00    23.8760
    450.00    23.5962
    460.00    24.0983
    470.00    23.5739
    480.00    24.1283
    490.00    24.0019
    500.00    24.4607
    510.00    23.6210
    520.00    23.8331
    530.00    23.6963
    540.00    23.9921
    550.00    23.8812
    560.00    24.1349
    570.00    23.5970
    580.00    23.8394
    590.00    23.9851
    600.00    24.3355
    610.00    23.9947
    620.00    23.8408
    630.00    23.9812
    640.00    23.7574
    650.00    23.8892
    660.00    23.7425
    670.00    24.0948
    680.00    24.1460
    690.00    23.8781
    700.00    23.9589
    710.00    24.5254
    720.00    24.1894
    730.00    24.0877
    740.00    24.3157
    750.00    24.1659
    760.00    23.7388
    770.00    23.7405
    780.00    23.9576
    790.00    23.5079
    800.00    23.8004
    810.00    23.8623
    820.00    24.3854
    830.00    24.1425
    840.00    24.1494
    850.00    24.3121
    860.00    24.3907
    870.00    23.6445
    880.00    24.4853
    890.00    24.4525
    900.00    24.6157
    910.00    24.1145
    920.00    24.6568
    930.00    24.1219
    940.00    24.0043
    950.00    23.1314
    960.00    23.9826
    970.00    24.6297
    980.00    24.0021
    990.00    23.6692
   1000.00    23.6253
   1010.00    23.7877
   1020.00    23.8903
   1030.00    23.8656
   1040.00    24.2094
   1050.00    24.1151
   1060.00    23.9879
   1070.00    24.1672
   1080.00    24.2139
   1090.00    23.7132
   1100.00    24.0888
   1110.00    23.8576
   1120.00    23.9005
   1130.00    23.7443
   1140.00    23.7192
   1150.00    23.5448
   1160.00    24.1283
   1170.00    23.7458
   1180.00    24.3480
   1190.00    23.6138
   1200.00    23.5774
   1210.00    24.2567
   1220.00    23.8521
   1230.00    24.0228
   1240.00    24.2113
   1250.00    24.3369
   1260.00    24.0096
   1270.00    24.1472
   1280.00    24.2299
   1290.00    23.7841
   1300.00    23.7519
   1310.00    24.0680
   1320.00    23.8721
   1330.00    24.1865
   1340.00    23.8507
   1350.00    23.7863
   1360.00    23.6595
   1370.00    24.2909
   1380.00    23.7376
   1390.00    23.5812
   1400.00    23.7994
   1410.00    23.8823
   1420.00    23.9498
   1430.00    24.0790
   1440.00    24.3417
   1450.00    24.1113
   1460.00    24.4902
   1470.00    23.8812
   1480.00    24.8340
   1490.00    24.4743
   1500.00    24.7056
   1510.00    24.0044
   1520.00    24.0539
   1530.00    24.0561
   1540.00    24.3562
   1550.00    24.0206
   1560.00    24.1790
   1570.00    23.8072
   1580.00    23.9090
   1590.00    24.2733
   1600.00    24.0112
   1610.00    24.3250
   1620.00    24.2639
   1630.00    24.2536
   1640.00    23.6402
   1650.00    23.6757
   1660.00    24.2866
   1670.00    23.8043
   1680.00    23.7382
   1690.00    24.2684
   1700.00    23.9596
   1710.00    24.0833
   1720.00    23.2719
   1730.00    24.2304
   1740.00    23.5170
   1750.00    24.2149
   1760.00    23.6109
   1770.00    24.3198
   1780.00    24.1578
   1790.00    24.2052
   1800.00    24.8898
   1810.00    24.2200
   1820.00    23.8127
   1830.00    24.1883
   1840.00    24.2151
   1850.00    23.8183
   1860.00    24.1228
   1870.00    24.3060
   1880.00    24.5052
   1890.00    24.1257
   1900.00    24.6894
   1910.00    23.4872
   1920.00    23.8864
   1930.00    23.4542
   1940.00    24.0958
   1950.00    23.7203
   1960.00    24.2599
   1970.00    24.5378
   1980.00    23.6305
   1990.00    24.1267
   2000.00    24.1477
   2010.00    23.9294
   2020.00    24.2419
   2030.00    24.2530
   2040.00    24.3255
   2050.00    24.7174
   2060.00    23.8544
   2070.00    24.1162
   2080.00    23.7343
   2090.00    24.0331
   2100.00    23.9448
   2110.00    23.4968
   2120.00    23.9005
   2130.00    24.7234
   2140.00    24.7013
   2150.00    23.7592
   2160.00    23.8356
   2170.00    24.0102
   2180.00    24.7206
   2190.00    24.2219
   2200.00    24.1516
   2210.00    23.6951
   2220.00    23.8221
   2230.00    23.3856
   2240.00    24.4967
   2250.00    23.9077
   2260.00    24.0710
   2270.00    24.2437
   2280.00    24.4454
   2290.00    24.3132
   2300.00    23.9608
   2310.00    24.0783
   2320.00    23.9201
   2330.00    24.1002
   2340.00    24.0596
   2350.00    23.4847
   2360.00    23.7137
   2370.00    24.1558
   2380.00    23.6458
   2390.00    23.7097
   2400.00    24.2027
   2410.00    23.9795
   2420.00    23.9184
   2430.00    24.3261
   2440.00    24.0883
   2450.00    24.0270
   2460.00    24.2355
   2470.00    23.9537
   2480.00    24.1364
   2490.00    23.7274
   2500.00    23.7916
   2510.00    24.2290
   2520.00    24.0443
   2530.00    24.1602
   2540.00    23.7526
   2550.00    23.6869
   2560.00    23.8065
   2570.00    23.7074
   2580.00    23.9167
   2590.00    23.9601
   2600.00    24.3739
   2610.00    24.1309
   2620.00    23.9907
   2630.00    24.0456
   2640.00    23.9829
   2650.00    23.7080
   2660.00    23.5690
   2670.00    23.8329
   2680.00    23.8973
   2690.00    23.8011
   2700.00    24.0080
   2710.00    24.3528
   2720.00    24.2419
   2730.00    24.0584
   2740.00    23.8690
   2750.00    24.0309
   2760.00    24.2237
   2770.00    23.9854
   2780.00    23.8537
   2790.00    24.1882
   2800.00    24.3361
   2810.00    24.2059
   2820.00    23.7249
   2830.00    23.3542
   2840.00    23.4803
   2850.00    24.2204
   2860.00    24.4991
   2870.00    23.9165
   2880.00    23.8636
   2890.00    23.7982
   2900.00    23.6956
   2910.00    24.1031
   2920.00    24.0222
   2930.00    24.1033
   2940.00    23.9457
   2950.00    24.0850
   2960.00    24.1602
   2970.00    23.6429
   2980.00    24.0509
   2990.00    24.0018
   3000.00    24.3587
   3010.00    23.9811
   3020.00    24.0749
   3030.00    24.2854
   3040.00    23.4196
   3050.00    23.7314
   3060.00    24.0241
   3070.00    24.6307
   3080.00    24.2279
   3090.00    24.7025
   3100.00    24.2412
   3110.00    23.9606
   3120.00    24.0888
   3130.00    24.0122
   3140.00    24.6233
   3150.00    24.2917
   3160.00    24.5226
   3170.00    24.3049
   3180.00    23.9435
   3190.00    23.9678
   3200.00    24.3271
   3210.00    24.2402
   3220.00    24.2845
   3230.00    24.0632
   3240.00    23.9914
   3250.00    23.8733
   3260.00    24.0606
   3270.00    24.0405
   3280.00    24.2299
   3290.00    23.5061
   3300.00    23.9136
   3310.00    24.3249
   3320.00    24.1089
   3330.00    23.9301
   3340.00    23.7916
   3350.00    24.0638
   3360.00    23.9235
   3370.00    23.8514
   3380.00    23.9438
   3390.00    23.7210
   3400.00    24.2805
   3410.00    24.0416
   3420.00    24.0954
   3430.00    24.0793
   3440.00    23.6489
   3450.00    24.4118
   3460.00    24.5662
   3470.00    23.7549
   3480.00    24.0195
   3490.00    23.9824
   3500.00    24.1722
   3510.00    23.5769
   3520.00    24.0398
   3530.00    23.9845
   3540.00    24.2925
   3550.00    24.1628
   3560.00    24.1821
   3570.00    24.2206
   3580.00    23.6615
   3590.00    24.4758
   3600.00    24.2781
   3610.00    24.1763
   3620.00    24.3850
   3630.00    23.8425
   3640.00    24.2108
   3650.00    24.1435
   3660.00    23.8943
   3670.00    24.0555
   3680.00    24.2395
   3690.00    23.8591
   3700.00    24.5089
   3710.00    24.2353
   3720.00    24.4324
   3730.00    23.9689
   3740.00    24.9586
   3750.00    24.1412
   3760.00    24.4396
   3770.00    24.3825
   3780.00    23.8169
   3790.00    23.9146
   3800.00    24.1705
   3810.00    23.9831
   3820.00    24.4088
   3830.00    23.5324
   3840.00    23.6924
   3850.00    24.1887
   3860.00    24.1015
   3870.00    23.8914
   3880.00    23.8454
   3890.00    23.7695
   3900.00    24.4874
   3910.00    24.3045
   3920.00    23.4344
   3930.00    23.9452
   3940.00    24.2185
   3950.00    23.5933
   3960.00    24.2647
   3970.00    23.7593
   3980.00    24.0507
   3990.00    24.2230
   4000.00    24.0375
   4010.00    23.8381
   4020.00    24.2754
   4030.00    23.7856
   4040.00    24.0445
   4050.00    23.6495
   4060.00    23.8868
   4070.00    24.0890
   4080.00    24.1325
   4090.00    24.0992
   4100.00    24.3992
   4110.00    24.3167
   4120.00    24.4069
   4130.00    24.0876
   4140.00    23.7637
   4150.00    24.3165
   4160.00    24.2787
   4170.00    24.0378
   4180.00    24.1307
   4190.00    24.0917
   4200.00    24.0752
   4210.00    24.2369
   4220.00    24.0399
   4230.00    23.6761
   4240.00    24.2023
   4250.00    24.2301
   4260.00    23.8116
   4270.00    24.0794
   4280.00    24.3223
   4290.00    23.6228
   4300.00    23.3571
   4310.00    23.6067
   4320.00    24.2518
   4330.00    23.7740
   4340.00    23.5090
   4350.00    24.0289
   4360.00    25.0056
   4370.00    23.5577
   4380.00    24.2465
   4390.00    23.9668
   4400.00    24.1476
   4410.00    23.8280
   4420.00    24.7572
   4430.00    23.9794
   4440.00    24.4401
   4450.00    24.2098
   4460.00    23.8321
   4470.00    23.3660
   4480.00    23.8709
   4490.00    23.9590
   4500.00    23.8880
   4510.00    23.8679
   4520.00    23.7601
   4530.00    23.9432
   4540.00    23.8748
   4550.00    24.7228
   4560.00    24.0815
   4570.00    23.6649
   4580.00    23.9135
   4590.00    23.9720
   4600.00    23.7357
   4610.00    24.1214
   4620.00    23.8507
   4630.00    23.9377
   4640.00    23.9411
   4650.00    24.0756
   4660.00    23.2497
   4670.00    24.0628
   4680.00    24.2242
   4690.00    24.5214
   4700.00    24.4001
   4710.00    24.3314
   4720.00    24.0721
   4730.00    24.1537
   4740.00    24.6421
   4750.00    23.7049
   4760.00    23.9727
   4770.00    23.7746
   4780.00    24.2473
   4790.00    24.0980
   4800.00    23.7728
   4810.00    23.8985
   4820.00    23.8766
   4830.00    24.4324
   4840.00    23.7724
   4850.00    24.2305
   4860.00    23.8109
   4870.00    24.0357
   4880.00    23.8893
   4890.00    24.3814
   4900.00    23.8625
   4910.00    24.5851
   4920.00    24.1890
   4930.00    24.1315
   4940.00    23.5210
   4950.00    24.4991
   4960.00    24.0931
   4970.00    23.7329
   4980.00    24.0189
   4990.00    23.9431
   5000.00    24.2103
   5010.00    24.0356
   5020.00    24.3737
   5030.00    23.9284
   5040.00    23.6575
   5050.00    24.2121
   5060.00    24.0513
   5070.00    23.6356
   5080.00    24.2194
   5090.00    24.2407
   5100.00    23.5045
   5110.00    23.9868
   5120.00    23.8619
   5130.00    24.4500
   5140.00    23.9308
   5150.00    23.8728
   5160.00    24.3290
   5170.00    24.1729
   5180.00    24.1522
   5190.00    24.3673
   5200.00    24.2284
   5210.00    24.0784
   5220.00    23.6107
   5230.00    24.1162
   5240.00    24.0013
   5250.00    23.6120
   5260.00    23.5561
   5270.00    23.8604
   5280.00    24.0470
   5290.00    24.8862
   5300.00    24.1879
   5310.00    24.5040
   5320.00    23.6639
   5330.00    24.3236
   5340.00    24.2804
   5350.00    23.7282
   5360.00    24.4540
   5370.00    23.7879
   5380.00    23.6144
   5390.00    24.2468
   5400.00    24.2041
   5410.00    23.9778
   5420.00    24.2497
   5430.00    24.4397
   5440.00    24.2182
   5450.00    23.6012
   5460.00    23.9006
   5470.00    23.9676
   5480.00    23.5917
   5490.00    24.0948
   5500.00    24.4382
   5510.00    23.9935
   5520.00    24.2182
   5530.00    23.8337
   5540.00    23.8393
   5550.00    24.5270
   5560.00    24.1700
   5570.00    24.1482
   5580.00    23.7634
   5590.00    24.4081
   5600.00    23.9371
   5610.00    23.9893
   5620.00    24.2279
   5630.00    24.0098
   5640.00    23.8518
   5650.00    23.6755
   5660.00    23.7751
   5670.00    23.8038
   5680.00    24.2022
   5690.00    24.5097
   5700.00    23.5533
   5710.00    23.9040
   5720.00    23.5771
   5730.00    23.8364
   5740.00    24.1677
   5750.00    23.6051
   5760.00    24.2439
   5770.00    23.9422
   5780.00    24.6546
   5790.00    24.1721
   5800.00    23.8452
   5810.00    23.6935
   5820.00    23.9622
   5830.00    24.1600
   5840.00    23.7266
   5850.00    23.5676
   5860.00    24.1117
   5870.00    23.9282
   5880.00    23.9493
   5890.00    23.8530
   5900.00    24.1912
   5910.00    23.9776
   5920.00    24.0810
   5930.00    23.7335
   5940.00    23.3102
   5950.00    24.2021
   5960.00    23.8558
   5970.00    24.1448
   5980.00    23.6932
   5990.00    24.5060
   6000.00    23.8266
   6010.00    24.3389
   6020.00    24.1075
   6030.00    24.5510
   6040.00    23.7951
   6050.00    23.5122
   6060.00    24.1553
   6070.00    24.1966
   6080.00    24.2434
   6090.00    24.0392
   6100.00    24.1301
   6110.00    23.7898
   6120.00    23.6339
   6130.00    23.8557
   6140.00    24.1682
   6150.00    24.1851
   6160.00    24.1375
   6170.00    23.9963
   6180.00    23.8713
   6190.00    23.9211
   6200.00    24.3547
   6210.00    23.5420
   6220.00    23.5060
   6230.00    23.5713
   6240.00    23.6194
   6250.00    24.0086
   6260.00    23.9437
   6270.00    24.0261
   6280.00    23.9685
   6290.00    23.8582
   6300.00    24.0232
   6310.00    22.9950
   6320.00    24.0820
   6330.00    23.9736
   6340.00    24.0038
   6350.00    23.6920
   6360.00    23.9098
   6370.00    24.3894
   6380.00    23.8201
   6390.00    23.8985
   6400.00    23.8480
   6410.00    23.5667
   6420.00    24.0419
   6430.00    24.3054
   6440.00    24.6425
   6450.00    24.5630
   6460.00    24.0882
   6470.00    24.3827
   6480.00    24.4834
   6490.00    23.8083
   6500.00    23.6561
   6510.00    23.8055
   6520.00    24.1736
   6530.00    23.8689
   6540.00    24.0052
   6550.00    24.0251
   6560.00    24.3724
   6570.00    24.6316
   6580.00    23.9046
   6590.00    23.9478
   6600.00    24.2968
   6610.00    23.8575
   6620.00    23.9625
   6630.00    23.7952
   6640.00    23.7362
   6650.00    23.6897
   6660.00    24.4514
   6670.00    23.8017
   6680.00    23.9789
   6690.00    23.7059
   6700.00    24.1201
   6710.00    23.9406
   6720.00    23.8601
   6730.00    24.2135
   6740.00    24.4512
   6750.00    24.1699
   6760.00    24.5776
   6770.00    24.2723
   6780.00    23.9577
   6790.00    24.2540
   6800.00    24.0018
   6810.00    24.2696
   6820.00    23.8114
   6830.00    24.3613
   6840.00    24.0753
   6850.00    24.3544
   6860.00    24.0240
   6870.00    23.8234
   6880.00    24.1309
   6890.00    23.9242
   6900.00    24.3922
   6910.00    23.5254
   6920.00    24.0145
   6930.00    23.9664
   6940.00    24.4281
   6950.00    23.9784
   6960.00    23.9813
   6970.00    24.0106
   6980.00    23.9840
   6990.00    23.8676
   7000.00    23.9523
   7010.00    23.7152
   7020.00    23.7304
   7030.00    24.2772
   7040.00    24.0172
   7050.00    23.9117
   7060.00    24.0193
   7070.00    23.8078
   7080.00    23.8760
   7090.00    24.0356
   7100.00    24.1946
   7110.00    24.1871
   7120.00    24.2987
   7130.00    24.2438
   7140.00    23.5760
   7150.00    23.9930
   7160.00    23.9511
   7170.00    23.3864
   7180.00    23.9102
   7190.00    23.7145
   7200.00    24.0633
   7210.00    24.3727
   7220.00    23.8915
   7230.00    24.0964
   7240.00    23.4230
   7250.00    24.3425
   7260.00    24.0815
   7270.00    24.1609
   7280.00    23.9310
   7290.00    24.0700
   7300.00    24.5448
   7310.00    24.2753
   7320.00    23.7135
   7330.00    24.0374
   7340.00    24.1054
   7350.00    23.8522
   7360.00    24.1860
   7370.00    24.2201
   7380.00    23.8886
   7390.00    24.5048
   7400.00    23.7705
   7410.00    23.8753
   7420.00    23.7002
   7430.00    23.5562
   7440.00    24.4811
   7450.00    23.9048
   7460.00    23.9415
   7470.00    23.5736
   7480.00    23.6508
   7490.00    24.2732
   7500.00    23.9398
   7510.00    24.1294
   7520.00    23.9733
   7530.00    24.4160
   7540.00    23.9994
   7550.00    23.7193
   7560.00    23.8968
   7570.00    23.6960
   7580.00    24.1799
   7590.00    24.3072
   7600.00    24.0998
   7610.00    24.6399
   7620.00    23.8106
   7630.00    24.2307
   7640.00    24.1311
   7650.00    24.0589
   7660.00    23.8889
   7670.00    23.5919
   7680.00    23.8665
   7690.00    23.5637
   7700.00    23.5452
   7710.00    23.5414
   7720.00    24.5161
   7730.00    24.3021
   7740.00    24.2965
   7750.00    23.8020
   7760.00    23.7344
   7770.00    24.1173
   7780.00    23.6352
   7790.00    24.3417
   7800.00    23.8895
   7810.00    24.1482
   7820.00    24.5756
   7830.00    23.8617
   7840.00    24.1281
   7850.00    24.2439
   7860.00    24.3981
   7870.00    23.6940
   7880.00    23.7912
   7890.00    24.3849
   7900.00    24.0821
   7910.00    24.1561
   7920.00    23.9021
   7930.00    23.7992
   7940.00    24.1550
   7950.00    24.0450
   7960.00    24.4738
   7970.00    24.3250
   7980.00    24.5853
   7990.00    24.2520
   8000.00    24.1839
   8010.00    24.4824
   8020.00    24.1576
   8030.00    23.8109
   8040.00    23.7775
   8050.00    23.9249
   8060.00    24.0736
   8070.00    23.8201
   8080.00    23.7104
   8090.00    23.5996
   8100.00    24.2292
   8110.00    24.1725
   8120.00    23.9150
   8130.00    23.3667
   8140.00    24.2601
   8150.00    24.2830
   8160.00    24.1925
   8170.00    23.8409
   8180.00    23.8444
   8190.00    24.0106
   8200.00    24.0518
   8210.00    24.3545
   8220.00    24.3693
   8230.00    24.2881
   8240.00    24.2616
   8250.00    23.8233
   8260.00    23.7206
   8270.00    23.6819
   8280.00    23.4438
   8290.00    23.9670
   8300.00    24.3339
   8310.00    23.9670
   8320.00    23.4751
   8330.00    24.0839
   8340.00    24.3519
   8350.00    24.2379
   8360.00    23.4532
   8370.00    23.7744
   8380.00    24.0826
   8390.00    23.9099
   8400.00    23.8633
   8410.00    24.1746
   8420.00    24.0561
   8430.00    24.3351
   8440.00    23.5319
   8450.00    23.8928
   8460.00    23.8476
   8470.00    23.9104
   8480.00    24.6961
   8490.00    24.0227
   8500.00    23.9123
   8510.00    24.2432
   8520.00    23.9176
   8530.00    24.0477
   8540.00    23.8092
   8550.00    23.6644
   8560.00    23.8098
   8570.00    24.3058
   8580.00    23.9634
   8590.00    24.2154
   8600.00    24.1904
   8610.00    24.0420
   8620.00    24.1803
   8630.00    23.8222
   8640.00    24.4316
   8650.00    24.3305
   8660.00    23.9635
   8670.00    23.7767
   8680.00    23.4852
   8690.00    23.5465
   8700.00    24.6858
   8710.00    24.2288
   8720.00    24.5642
   8730.00    24.2375
   8740.00    24.5513
   8750.00    24.5710
   8760.00    23.7284
   8770.00    24.3972
   8780.00    23.8090
   8790.00    24.2004
   8800.00    23.7988
   8810.00    23.8162
   8820.00    24.2442
   8830.00    24.2183
   8840.00    23.9823
   8850.00    23.7162
   8860.00    24.4593
   8870.00    23.7062
   8880.00    23.8834
   8890.00    24.3924
   8900.00    24.2611
   8910.00    23.9113
   8920.00    24.0245
   8930.00    23.4976
   8940.00    24.2931
   8950.00    24.1805
   8960.00    23.9964
   8970.00    23.7943
   8980.00    23.7503
   8990.00    24.4029
   9000.00    23.8276
   9010.00    24.0123
   9020.00    24.0877
   9030.00    23.6254
   9040.00    23.8201
   9050.00    23.6242
   9060.00    24.1664
   9070.00    23.7026
   9080.00    23.7185
   9090.00    24.0833
   9100.00    24.4383
   9110.00    23.7936
   9120.00    23.7957
   9130.00    24.0791
   9140.00    23.9751
   9150.00    23.5761
   9160.00    24.0941
   9170.00    23.8707
   9180.00    24.4062
   9190.00    23.3237
   9200.00    23.7636
   9210.00    24.6137
   9220.00    23.5440
   9230.00    24.4817
   9240.00    24.3222
   9250.00    23.8364
   9260.00    23.6086
   9270.00    23.5905
   9280.00    23.8058
   9290.00    24.2206
   9300.00    23.8400
   9310.00    23.8838
   9320.00    23.6912
   9330.00    23.9502
   9340.00    24.7502
   9350.00    23.5532
   9360.00    24.2076
   9370.00    24.6133
   9380.00    24.2549
   9390.00    24.2083
   9400.00    23.9249
   9410.00    23.7950
   9420.00    24.0897
   9430.00    24.2974
   9440.00    24.5607
   9450.00    24.1083
   9460.00    23.7235
   9470.00    23.5565
   9480.00    24.0327
   9490.00    23.9753
   9500.00    23.9609
   9510.00    24.0585
   9520.00    23.9481
   9530.00    23.9114
   9540.00    24.3178
   9550.00    23.7925
   9560.00    23.7141
   9570.00    24.3934
   9580.00    24.4411
   9590.00    24.3233
   9600.00    24.0311
   9610.00    24.1390
   9620.00    23.8960
   9630.00    24.0546
   9640.00    23.7653
   9650.00    24.1806
   9660.00    24.4957
   9670.00    23.7033
   9680.00    24.4677
   9690.00    23.9529
   9700.00    23.4508
   9710.00    24.1601
   9720.00    24.0602
   9730.00    23.9114
   9740.00    23.8994
   9750.00    23.7013
   9760.00    24.3910
   9770.00    24.1604
   9780.00    24.5751
   9790.00    23.6720
   9800.00    24.1101
   9810.00    24.0003
   9820.00    24.0563
   9830.00    23.6549
   9840.00    24.2451
   9850.00    23.2351
   9860.00    23.8114
   9870.00    24.0397
   9880.00    23.7874
   9890.00    24.5981
   9900.00    23.4939
   9910.00    23.6940
   9920.00    24.0283
   9930.00    24.7738
   9940.00    24.0772
   9950.00    24.0574
   9960.00    24.4422
   9970.00    24.2904
   9980.00    24.3095
   9990.00    24.3771
  10000.00    24.6958
  10010.00    24.5596
  10020.00    23.9782
  10030.00    23.5192
  10040.00    23.8182
  10050.00    24.1650
  10060.00    24.4577
  10070.00    24.1297
  10080.00    24.4371
  10090.00    24.2096
  10100.00    24.0557
  10110.00    24.2929
  10120.00    23.9284
  10130.00    24.0025
  10140.00    24.1063
  10150.00    23.5952
  10160.00    23.7289
  10170.00    24.0087
  10180.00    24.0280
  10190.00    23.3339
  10200.00    24.0596
  10210.00    24.5580
  10220.00    24.1149
  10230.00    24.1290
  10240.00    24.2909
  10250.00    24.0079
  10260.00    24.0933
  10270.00    23.8868
  10280.00    23.7962
  10290.00    24.3376
  10300.00    24.3082
  10310.00    24.6247
  10320.00    24.3538
  10330.00    23.8324
  10340.00    24.0594
  10350.00    23.6869
  10360.00    23.8975
  10370.00    24.0746
  10380.00    23.6041
  10390.00    24.3035
  10400.00    23.9954
  10410.00    23.9542
  10420.00    23.7420
  10430.00    23.7275
  10440.00    24.1883
  10450.00    23.8503
  10460.00    24.0391
  10470.00    24.0145
  10480.00    24.1808
  10490.00    23.7093
  10500.00    24.1035
  10510.00    23.7490
  10520.00    24.1538
  10530.00    23.8908
  10540.00    24.1158
  10550.00    24.1912
  10560.00    23.9447
  10570.00    24.1287
  10580.00    23.3895
  10590.00    24.3062
  10600.00    23.8675
  10610.00    23.8614
  10620.00    23.7878
  10630.00    24.0210
  10640.00    24.5982
  10650.00    23.8018
  10660.00    24.2530
  10670.00    24.1147
  10680.00    24.1126
  10690.00    24.4113
  10700.00    24.0482
  10710.00    23.8611
  10720.00    24.5663
  10730.00    23.9901
  10740.00    24.4954
  10750.00    24.2375
  10760.00    24.6724
  10770.00    24.2965
  10780.00    24.7112
  10790.00    23.9853
  10800.00    23.9133
  10810.00    23.6553
  10820.00    23.8182
  10830.00    23.8169
  10840.00    23.5780
  10850.00    23.3090
  10860.00    24.0406
  10870.00    23.7777
  10880.00    23.9542
  10890.00    23.5663
  10900.00    23.6647
  10910.00    23.3108
  10920.00    23.7274
  10930.00    24.4469
  10940.00    24.3680
  10950.00    23.6066
  10960.00    24.1038
  10970.00    24.1941
  10980.00    23.9683
  10990.00    23.9653
  11000.00    24.4431
  11010.00    23.5870
  11020.00    24.4830
  11030.00    23.7762
  11040.00    24.3152
  11050.00    23.6844
  11060.00    24.2090
  11070.00    23.8012
  11080.00    24.1434
  11090.00    23.7668
  11100.00    24.5357
  11110.00    23.8922
  11120.00    24.4076
  11130.00    24.2551
  11140.00    23.9562
  11150.00    23.7550
  11160.00    24.1515
  11170.00    24.2700
  11180.00    23.9997
  11190.00    24.0585
  11200.00    23.8652
  11210.00    23.9885
  11220.00    24.9030
  11230.00    24.0997
  11240.00    23.6104
  11250.00    24.1918
  11260.00    24.1619
  11270.00    24.0134
  11280.00    24.2653
  11290.00    24.0072
  11300.00    23.9047
  11310.00    23.9104
  11320.00    24.0994
  11330.00    24.0008
  11340.00    23.9766
  11350.00    23.9203
  11360.00    24.1040
  11370.00    24.2161
  11380.00    24.5920
  11390.00    23.7830
  11400.00    23.6322
  11410.00    24.2949
  11420.00    23.5031
  11430.00    24.0594
  11440.00    23.9425
  11450.00    23.6848
  11460.00    24.3836
  11470.00    24.2201
  11480.00    23.8131
  11490.00    24.0661
  11500.00    23.8342
  11510.00    24.0334
  11520.00    23.7576
  11530.00    23.5624
  11540.00    23.8203
  11550.00    23.9375
  11560.00    24.2248
  11570.00    23.7210
  11580.00    23.5988
  11590.00    24.1914
  11600.00    24.0382
  11610.00    24.2122
  11620.00    24.0390
  11630.00    23.7778
  11640.00    23.8240
  11650.00    23.9924
  11660.00    23.8785
  11670.00    24.0833
  11680.00    23.7713
  11690.00    24.1713
  11700.00    23.8235
  11710.00    24.1005
  11720.00    24.2367
  11730.00    23.7353
  11740.00    23.8675
  11750.00    24.6752
  11760.00    23.7078
  11770.00    23.9486
  11780.00    23.6822
  11790.00    23.7207
  11800.00    23.9414
  11810.00    24.0746
  11820.00    24.1916
  11830.00    23.8110
  11840.00    23.4903
  11850.00    23.6618
  11860.00    24.0882
  11870.00    23.5845
  11880.00    23.6249
  11890.00    24.3363
  11900.00    23.9316
  11910.00    23.9114
  11920.00    23.6705
  11930.00    23.8346
  11940.00    23.6609
  11950.00    23.8967
  11960.00    24.0061
  11970.00    23.7737
  11980.00    24.5863
  11990.00    23.6297
  12000.00    23.6241
  12010.00    23.8177
  12020.00    23.7885
  12030.00    23.9580
  12040.00    24.3121
  12050.00    23.9352
  12060.00    24.2968
  12070.00    24.0625
  12080.00    23.9471
  12090.00    23.8011
  12100.00    24.2485
  12110.00    24.3036
  12120.00    24.0837
  12130.00    24.3724
  12140.00    23.5103
  12150.00    23.5730
  12160.00    24.0193
  12170.00    23.6071
  12180.00    24.2867
  12190.00    23.6852
  12200.00    23.5864
  12210.00    23.3692
  12220.00    23.3777
  12230.00    24.2979
  12240.00    23.8588
  12250.00    23.9527
  12260.00    24.3454
  12270.00    24.1818
  12280.00    24.0341
  12290.00    24.0972
  12300.00    24.2250
  12310.00    24.3256
  12320.00    23.8520
  12330.00    24.0946
  12340.00    23.5936
  12350.00    23.9114
  12360.00    23.9568
  12370.00    23.4817
  12380.00    24.2668
  12390.00    24.0119
  12400.00    23.9666
  12410.00    24.0852
  12420.00    23.8768
  12430.00    23.6064
  12440.00    24.1195
  12450.00    23.4587
  12460.00    24.2025
  12470.00    24.3114
  12480.00    24.6291
  12490.00    23.8074
  12500.00    23.8038
  12510.00    24.3410
  12520.00    23.8373
  12530.00    23.8115
  12540.00    23.6113
  12550.00    24.0378
  12560.00    24.0243
  12570.00    24.2717
  12580.00    23.6948
  12590.00    24.1676
  12600.00    23.8953
  12610.00    24.5153
  12620.00    24.0960
  12630.00    24.4296
  12640.00    24.0163
  12650.00    23.9091
  12660.00    23.6724
  12670.00    24.1809
  12680.00    24.3089
  12690.00    23.7704
  12700.00    23.2355
  12710.00    24.3816
  12720.00    23.9102
  12730.00    24.0060
  12740.00    24.1689
  12750.00    24.0838
  12760.00    23.9579
  12770.00    23.8959
  12780.00    23.3408
  12790.00    24.6024
  12800.00    23.8641
  12810.00    24.1981
  12820.00    24.0807
  12830.00    23.8154
  12840.00    23.5671
  12850.00    23.1434
  12860.00    23.4375
  12870.00    24.0685
  12880.00    24.0115
  12890.00    23.6818
  12900.00    23.7842
  12910.00    24.1191
  12920.00    24.1644
  12930.00    23.5214
  12940.00    23.6015
  12950.00    24.1239
  12960.00    23.3561
  12970.00    24.4503
  12980.00    23.8955
  12990.00    24.8376
  13000.00    23.8773
  13010.00    24.1917
  13020.00    24.0780
  13030.00    24.3769
  13040.00    23.6857
  13050.00    24.0297
  13060.00    24.0194
  13070.00    24.1995
  13080.00    24.2005
  13090.00    23.4346
  13100.00    24.1585
  13110.00    24.4494
  13120.00    24.2894
  13130.00    24.4019
  13140.00    24.2479
  13150.00    24.0712
  13160.00    24.2742
  13170.00    24.0224
  13180.00    24.7157
  13190.00    23.8277
  13200.00    23.6742
  13210.00    23.6559
  13220.00    24.3135
  13230.00    24.1042
  13240.00    24.0560
  13250.00    23.8071
  13260.00    23.5981
  13270.00    23.8226
  13280.00    23.5852
  13290.00    24.1208
  13300.00    24.1673
  13310.00    23.5819
  13320.00    24.1407
  13330.00    23.5584
  13340.00    23.8804
  13350.00    24.0547
  13360.00    23.9837
  13370.00    24.5970
  13380.00    23.9766
  13390.00    24.3161
  13400.00    23.6409
  13410.00    24.2589
  13420.00    24.3917
  13430.00    24.0145
  13440.00    24.0730
  13450.00    24.6207
  13460.00    24.2139
  13470.00    24.5235
  13480.00    23.9239
  13490.00    24.1532
  13500.00    23.9044
  13510.00    23.9047
  13520.00    23.8221
  13530.00    24.3187
  13540.00    23.9475
  13550.00    24.0725
  13560.00    24.0145
  13570.00    24.0590
  13580.00    23.7672
  13590.00    23.4846
  13600.00    24.4265
  13610.00    24.1978
  13620.00    23.7563
  13630.00    24.1784
  13640.00    24.1236
  13650.00    23.7130
  13660.00    23.7707
  13670.00    24.2478
  13680.00    24.1959
  13690.00    24.0469
  13700.00    24.2673
  13710.00    23.6102
  13720.00    23.4402
  13730.00    23.8332
  13740.00    23.9144
  13750.00    24.1930
  13760.00    24.4232
  13770.00    24.0779
  13780.00    24.1261
  13790.00    23.9120
  13800.00    23.6346
  13810.00    23.5603
  13820.00    23.6611
  13830.00    24.0632
  13840.00    23.5467
  13850.00    23.8973
  13860.00    24.0354
  13870.00    23.4943
  13880.00    24.4205
  13890.00    23.9661
  13900.00    23.8068
  13910.00    24.0573
  13920.00    23.9872
  13930.00    24.2079
  13940.00    23.9439
  13950.00    23.5870
  13960.00    23.6625
  13970.00    23.5011
  13980.00    23.6668
  13990.00    24.0445
  14000.00    23.8502
  14010.00    23.9962
  14020.00    23.9173
  14030.00    24.0415
  14040.00    24.5589
  14050.00    24.3613
  14060.00    23.6563
  14070.00    24.4263
  14080.00    23.8059
  14090.00    24.2490
  14100.00    23.9771
  14110.00    23.9679
  14120.00    23.7778
  14130.00    23.8193
  14140.00    23.8508
  14150.00    24.3134
  14160.00    23.8557
  14170.00    24.0717
  14180.00    23.9614
  14190.00    23.9789
  14200.00    23.8582
  14210.00    23.8260
  14220.00    24.3367
  14230.00    24.4502
  14240.00    24.0276
  14250.00    23.5682
  14260.00    23.9033
  14270.00    23.7162
  14280.00    23.9497
  14290.00    24.0619
  14300.00    24.2789
  14310.00    23.8472
  14320.00    24.0652
  14330.00    24.6207
  14340.00    23.9260
  14350.00    24.0840
  14360.00    23.5020
  14370.00    24.1707
  14380.00    23.9888
  14390.00    24.1988
  14400.00    24.1863
  14410.00    24.1164
  14420.00    24.0280
  14430.00    23.9290
  14440.00    24.1477
  14450.00    24.2286
  14460.00    24.5015
  14470.00    23.8398
  14480.00    24.2616
  14490.00    23.3949
  14500.00    24.3130
  14510.00    24.0369
  14520.00    23.5428
  14530.00    23.3526
  14540.00    24.0917
  14550.00    24.2935
  14560.00    23.9794
  14570.00    24.1710
  14580.00    23.7200
  14590.00    23.4493
  14600.00    23.3768
  14610.00    23.8541
  14620.00    23.7709
  14630.00    23.9903
  14640.00    23.6239
  14650.00    24.2192
  14660.00    23.7321
  14670.00    24.1406
  14680.00    23.7957
  14690.00    24.1379
  14700.00    24.0852
  14710.00    24.6802
  14720.00    23.9772
  14730.00    24.3086
  14740.00    24.3739
  14750.00    24.1405
  14760.00    23.7711
  14770.00    24.0133
  14780.00    24.2592
  14790.00    23.8543
  14800.00    23.4599
  14810.00    24.0910
  14820.00    23.9865
  14830.00    24.1329
  14840.00    24.0266
  14850.00    24.4176
  14860.00    24.2866
  14870.00    24.3595
  14880.00    23.9559
  14890.00    24.3511
  14900.00    24.0025
  14910.00    24.2463
  14920.00    23.7942
  14930.00    24.2685
  14940.00    23.8691
  14950.00    24.2637
  14960.00    24.1189
  14970.00    23.6718
  14980.00    24.1927
  14990.00    24.1210
  15000.00    24.1673
  15010.00    23.9814
  15020.00    24.1714
  15030.00    23.6158
  15040.00    23.8228
  15050.00    24.5722
  15060.00    23.7969
  15070.00    23.6955
  15080.00    23.5820
  15090.00    24.0882
  15100.00    24.2074
  15110.00    24.0927
  15120.00    24.0240
  15130.00    24.3929
  15140.00    23.8059
  15150.00    24.1632
  15160.00    23.9195
  15170.00    23.9768
  15180.00    23.7093
  15190.00    24.0947
  15200.00    24.1364
  15210.00    24.0728
  15220.00    24.5429
  15230.00    24.2057
  15240.00    23.5531
  15250.00    23.6876
  15260.00    23.8760
  15270.00    24.2415
  15280.00    23.6825
  15290.00    24.2155
  15300.00    24.2921
  15310.00    23.9963
  15320.00    23.9928
  15330.00    23.9484
  15340.00    23.6476
  15350.00    24.0392
  15360.00    24.2811
  15370.00    24.0629
  15380.00    23.9911
  15390.00    23.6364
  15400.00    23.9865
  15410.00    23.6366
  15420.00    24.1659
  15430.00    23.8083
  15440.00    24.2965
  15450.00    23.8004
  15460.00    23.8578
  15470.00    23.5825
  15480.00    23.9677
  15490.00    24.0996
  15500.00    23.8251
  15510.00    23.6726
  15520.00    23.8721
  15530.00    23.5695
  15540.00    24.3114
  15550.00    23.8050
  15560.00    24.1209
  15570.00    24.1119
  15580.00    24.0960
  15590.00    23.8860
  15600.00    23.8988
  15610.00    23.5917
  15620.00    23.8666
  15630.00    23.8629
  15640.00    23.9419
  15650.00    23.7540
  15660.00    24.1649
  15670.00    23.5350
  15680.00    24.3566
  15690.00    24.4661
  15700.00    24.3630
  15710.00    23.9961
  15720.00    24.0480
  15730.00    23.6070
  15740.00    23.7969
  15750.00    23.8982
  15760.00    24.0005
  15770.00    23.2762
  15780.00    23.8621
  15790.00    24.7197
  15800.00    23.8078
  15810.00    24.0117
  15820.00    24.3722
  15830.00    24.4369
  15840.00    24.3917
  15850.00    24.7553
  15860.00    24.3246
  15870.00    23.9189
  15880.00    23.6696
  15890.00    23.9568
  15900.00    23.4509
  15910.00    24.2418
  15920.00    24.3553
  15930.00    23.6251
  15940.00    24.3834
  15950.00    24.1043
  15960.00    24.3699
  15970.00    23.9293
  15980.00    23.6289
  15990.00    24.0884
  16000.00    23.8532
  16010.00    24.1156
  16020.00    23.6964
  16030.00    24.2960
  16040.00    23.9159
  16050.00    23.7266
  16060.00    23.8875
  16070.00    23.3905
  16080.00    24.1331
  16090.00    23.7585
  16100.00    24.1158
  16110.00    24.3115
  16120.00    23.9035
  16130.00    24.1078
  16140.00    23.6485
  16150.00    24.2877
  16160.00    24.1849
  16170.00    23.5900
  16180.00    24.1975
  16190.00    24.2488
  16200.00    24.2857
  16210.00    23.7636
  16220.00    24.3013
  16230.00    24.3482
  16240.00    24.0221
  16250.00    23.8632
  16260.00    24.1270
  16270.00    24.3975
  16280.00    24.0478
  16290.00    24.1693
  16300.00    24.4274
  16310.00    23.8382
  16320.00    24.1620
  16330.00    23.9413
  16340.00    24.5347
  16350.00    23.7824
  16360.00    23.9889
  16370.00    23.8196
  16380.00    24.1484
  16390.00    24.2001
  16400.00    24.1318
  16410.00    23.7246
  16420.00    24.4510
  16430.00    24.1910
  16440.00    23.7347
  16450.00    23.5283
  16460.00    24.5186
  16470.00    23.7900
  16480.00    23.8475
  16490.00    23.7550
  16500.00    24.0567
  16510.00    24.2893
  16520.00    24.0334
  16530.00    24.0865
  16540.00    23.7174
  16550.00    23.2351
  16560.00    23.9267
  16570.00    24.0615
  16580.00    23.5652
  16590.00    24.2671
  16600.00    24.1665
  16610.00    23.9050
  16620.00    23.9425
  16630.00    23.9685
  16640.00    24.1434
  16650.00    23.8106
  16660.00    23.0759
  16670.00    23.9218
  16680.00    24.0940
  16690.00    24.3209
  16700.00    24.3151
  16710.00    24.0955
  16720.00    24.3376
  16730.00    23.5104
  16740.00    24.0153
  16750.00    23.8183
  16760.00    23.9343
  16770.00    23.7822
  16780.00    24.9669
  16790.00    24.5641
  16800.00    23.9586
  16810.00    24.2872
  16820.00    23.6377
  16830.00    23.9915
  16840.00    24.3313
  16850.00    23.9435
  16860.00    24.0391
  16870.00    23.6827
  16880.00    24.1456
  16890.00    24.0362
  16900.00    24.0782
  16910.00    23.9964
  16920.00    23.9071
  16930.00    24.2713
  16940.00    23.7060
  16950.00    23.7181
  16960.00    24.6549
  16970.00    24.0426
  16980.00    24.0666
  16990.00    24.4459
  17000.00    23.7802
  17010.00    24.4188
  17020.00    23.8774
  17030.00    24.3484
  17040.00    23.9486
  17050.00    23.9082
  17060.00    23.8010
  17070.00    24.1293
  17080.00    24.5725
  17090.00    23.9668
  17100.00    23.6972
  17110.00    23.8831
  17120.00    23.8708
  17130.00    24.0515
  17140.00    24.3000
  17150.00    24.1037
  17160.00    24.1009
  17170.00    23.9963
  17180.00    24.2326
  17190.00    23.7568
  17200.00    23.8486
  17210.00    23.7189
  17220.00    23.6355
  17230.00    24.2004
  17240.00    24.7250
  17250.00    24.0934
  17260.00    24.0941
  17270.00    23.9812
  17280.00    24.0150
  17290.00    24.0691
  17300.00    23.9180
  17310.00    24.2864
  17320.00    24.3416
  17330.00    23.9721
  17340.00    24.0476
  17350.00    24.4391
  17360.00    24.5989
  17370.00    24.1044
  17380.00    24.2976
  17390.00    24.1194
  17400.00    24.2084
  17410.00    23.7381
  17420.00    24.4553
  17430.00    24.2408
  17440.00    23.9788
  17450.00    23.2629
  17460.00    23.3436
  17470.00    24.2871
  17480.00    24.4531
  17490.00    23.7950
  17500.00    23.4069
  17510.00    24.1352
  17520.00    23.8514
  17530.00    24.5960
  17540.00    23.9417
  17550.00    24.0073
  17560.00    23.5324
  17570.00    24.0066
  17580.00    23.6015
  17590.00    24.0978
  17600.00    24.4052
  17610.00    23.6652
  17620.00    24.4317
  17630.00    24.2356
  17640.00    24.0111
  17650.00    24.1716
  17660.00    23.9612
  17670.00    24.1083
  17680.00    24.3607
  17690.00    24.0989
  17700.00    23.9886
  17710.00    24.1098
  17720.00    24.0961
  17730.00    23.9106
  17740.00    23.8994
  17750.00    24.4906
  17760.00    24.1885
  17770.00    23.9795
  17780.00    23.6327
  17790.00    23.9591
  17800.00    23.9480
  17810.00    23.9094
  17820.00    24.0837
  17830.00    23.6504
  17840.00    24.0916
  17850.00    24.1688
  17860.00    23.9199
  17870.00    24.3481
  17880.00    24.4311
  17890.00    23.6405
  17900.00    23.8690
  17910.00    24.3031
  17920.00    23.8092
  17930.00    23.3612
  17940.00    23.6944
  17950.00    23.8100
  17960.00    24.1536
  17970.00    24.3080
  17980.00    23.7779
  17990.00    23.7934
  18000.00    23.6512
  18010.00    23.9530
  18020.00    23.8833
  18030.00    24.3078
  18040.00    23.8508
  18050.00    24.0948
  18060.00    23.9106
  18070.00    24.3877
  18080.00    24.4886
  18090.00    24.1698
  18100.00    23.8088
  18110.00    24.1531
  18120.00    24.1436
  18130.00    24.6111
  18140.00    23.5834
  18150.00    23.6810
  18160.00    24.0669
  18170.00    24.0435
  18180.00    23.6100
  18190.00    23.6483
  18200.00    24.1016
  18210.00    23.7356
  18220.00    24.4665
  18230.00    24.0351
  18240.00    23.8891
  18250.00    23.8701
  18260.00    24.4651
  18270.00    23.4407
  18280.00    23.6493
  18290.00    23.4547
  18300.00    23.9245
  18310.00    23.9683
  18320.00    23.4996
  18330.00    23.8723
  18340.00    24.2919
  18350.00    23.8793
  18360.00    24.2048
  18370.00    23.8553
  18380.00    24.3768
  18390.00    23.9190
  18400.00    23.9986
  18410.00    23.6250
  18420.00    24.1807
  18430.00    23.8167
  18440.00    23.7998
  18450.00    24.1318
  18460.00    23.8757
  18470.00    23.5565
  18480.00    24.2846
  18490.00    23.6910
  18500.00    23.6487
  18510.00    23.8653
  18520.00    24.4022
  18530.00    24.2800
  18540.00    23.8935
  18550.00    23.7858
  18560.00    24.6147
  18570.00    23.2695
  18580.00    24.6194
  18590.00    23.8130
  18600.00    24.0085
  18610.00    23.9292
  18620.00    23.7645
  18630.00    23.8041
  18640.00    24.3730
  18650.00    24.0291
  18660.00    23.7121
  18670.00    24.0874
  18680.00    23.2580
  18690.00    23.5831
  18700.00    23.7503
  18710.00    24.4521
  18720.00    24.2524
  18730.00    23.3853
  18740.00    23.8979
  18750.00    23.8156
  18760.00    24.0743
  18770.00    24.4253
  18780.00    23.6798
  18790.00    23.9546
  18800.00    23.9225
  18810.00    23.9683
  18820.00    24.2909
  18830.00    24.2501
  18840.00    24.0453
  18850.00    24.0889
  18860.00    24.1761
  18870.00    24.2927
  18880.00    24.1072
  18890.00    24.1756
  18900.00    23.8366
  18910.00    23.8115
  18920.00    24.4557
  18930.00    23.6836
  18940.00    23.7695
  18950.00    23.7121
  18960.00    23.6629
  18970.00    23.9968
  18980.00    23.8840
  18990.00    23.9827
  19000.00    24.2324
  19010.00    23.9280
  19020.00    24.0619
  19030.00    23.8998
  19040.00    24.0361
  19050.00    24.0398
  19060.00    23.8042
  19070.00    24.1935
  19080.00    24.0313
  19090.00    23.7452
  19100.00    24.1065
  19110.00    24.1811
  19120.00    24.0797
  19130.00    24.0144
  19140.00    24.0021
  19150.00    24.2965
  19160.00    23.7752
  19170.00    23.9814
  19180.00    23.6174
  19190.00    24.0933
  19200.00    23.8896
  19210.00    23.8675
  19220.00    23.9037
  19230.00    23.4819
  19240.00    23.4510
  19250.00    23.9582
  19260.00    24.2326
  19270.00    24.5349
  19280.00    23.6266
  19290.00    23.8721
  19300.00    23.9262
  19310.00    23.9553
  19320.00    24.3877
  19330.00    24.0877
  19340.00    23.8701
  19350.00    24.6131
  19360.00    24.0070
  19370.00    24.1828
  19380.00    24.1661
  19390.00    23.5337
  19400.00    23.7806
  19410.00    24.3497
  19420.00    24.5310
  19430.00    23.8396
  19440.00    24.1168
  19450.00    24.2968
  19460.00    23.6147
  19470.00    23.8077
  19480.00    23.7845
  19490.00    23.6091
  19500.00    23.7743
  19510.00    24.2414
  19520.00    24.2604
  19530.00    23.6671
  19540.00    24.1263
  19550.00    23.9726
  19560.00    24.5310
  19570.00    24.0104
  19580.00    24.0854
  19590.00    23.9600
  19600.00    24.2754
  19610.00    24.1227
  19620.00    24.1853
  19630.00    23.9655
  19640.00    24.1994
  19650.00    24.3439
  19660.00    23.8625
  19670.00    23.8869
  19680.00    24.6449
  19690.00    24.3986
  19700.00    23.9455
  19710.00    23.5947
  19720.00    23.8053
  19730.00    24.0631
  19740.00    24.1142
  19750.00    24.4291
  19760.00    24.1422
  19770.00    23.9043
  19780.00    23.5821
  19790.00    23.9527
  19800.00    24.0185
  19810.00    24.2494
  19820.00    24.0390
  19830.00    24.6344
  19840.00    23.8078
  19850.00    23.9867
  19860.00    23.8838
  19870.00    23.9498
  19880.00    24.2437
  19890.00    24.4880
  19900.00    23.8442
  19910.00    23.7800
  19920.00    24.4781
  19930.00    23.8605
  19940.00    23.8742
  19950.00    23.9707
  19960.00    24.2107
  19970.00    24.1801
  19980.00    23.8076
  19990.00    24.0299
  20000.00    24.0497
  20010.00    23.9275
  20020.00    24.2598
  20030.00    24.1431
  20040.00    23.6860
  20050.00    24.4349
  20060.00    24.3651
  20070.00    23.7762
  20080.00    24.2340
  20090.00    24.6263
  20100.00    23.8693
  20110.00    24.2678
  20120.00    23.6764
  20130.00    23.6986
  20140.00    24.0070
  20150.00    23.9451
  20160.00    24.3089
  20170.00    24.3787
  20180.00    23.8647
  20190.00    24.5781
  20200.00    23.7216
  20210.00    23.7095
  20220.00    24.0879
  20230.00    23.6829
  20240.00    24.2557
  20250.00    24.2644
  20260.00    23.9586
  20270.00    23.8491
  20280.00    23.9450
  20290.00    23.5423
  20300.00    24.2061
  20310.00    23.9724
  20320.00    23.8145
  20330.00    23.5300
  20340.00    23.9993
  20350.00    24.1439
  20360.00    23.9922
  20370.00    23.7535
  20380.00    24.0217
  20390.00    24.2497
  20400.00    23.8332
  20410.00    23.9111
  20420.00    23.8973
  20430.00    24.2601
  20440.00    24.1018
  20450.00    23.7934
  20460.00    23.2776
  20470.00    23.1060
  20480.00    23.7423
  20490.00    24.4508
  20500.00    23.6263
  20510.00    24.0142
  20520.00    23.6161
  20530.00    23.9272
  20540.00    23.9488
  20550.00    23.7402
  20560.00    23.5044
  20570.00    23.7410
  20580.00    23.8385
  20590.00    23.6752
  20600.00    23.5619
  20610.00    24.0191
  20620.00    24.0249
  20630.00    23.8463
  20640.00    23.7379
  20650.00    24.0314
  20660.00    23.8657
  20670.00    24.3619
  20680.00    23.9995
  20690.00    24.1826
  20700.00    24.0873
  20710.00    24.2399
  20720.00    23.4950
  20730.00    23.7478
  20740.00    24.2733
  20750.00    23.5620
  20760.00    24.2584
  20770.00    23.8587
  20780.00    24.2219
  20790.00    23.8633
  20800.00    23.7540
  20810.00    24.2019
  20820.00    24.3919
  20830.00    23.6713
  20840.00    24.0994
  20850.00    24.0050
  20860.00    23.6526
  20870.00    23.9099
  20880.00    23.8476
  20890.00    24.1425
  20900.00    23.8702
  20910.00    24.3042
  20920.00    23.8736
  20930.00    24.3272
  20940.00    24.4246
  20950.00    24.6240
  20960.00    24.3122
  20970.00    23.6878
  20980.00    23.8641
  20990.00    24.1588
  21000.00    24.1401
  21010.00    24.2741
  21020.00    24.5950
  21030.00    24.0222
  21040.00    23.8134
  21050.00    24.2229
  21060.00    24.1129
  21070.00    24.2270
  21080.00    23.7399
  21090.00    23.7471
  21100.00    24.3066
  21110.00    24.2447
  21120.00    24.0945
  21130.00    23.8842
  21140.00    24.2058
  21150.00    24.1127
  21160.00    23.3310
  21170.00    24.0631
  21180.00    24.3086
  21190.00    24.3292
  21200.00    23.9329
  21210.00    24.0603
  21220.00    23.7270
  21230.00    24.3591
  21240.00    23.8345
  21250.00    23.7422
  21260.00    23.7647
  21270.00    23.8344
  21280.00    24.0723
  21290.00    24.2879
  21300.00    24.4974
  21310.00    23.6339
  21320.00    24.0018
  21330.00    24.3434
  21340.00    23.9941
  21350.00    23.7820
  21360.00    23.8470
  21370.00    24.3232
  21380.00    24.1266
  21390.00    24.1347
  21400.00    24.0309
  21410.00    23.8913
  21420.00    23.9532
  21430.00    24.2409
  21440.00    23.8405
  21450.00    24.0558
  21460.00    24.1263
  21470.00    24.2636
  21480.00    23.8298
  21490.00    24.0876
  21500.00    23.8888
  21510.00    24.4408
  21520.00    23.8482
  21530.00    24.1264
  21540.00    23.7634
  21550.00    23.7106
  21560.00    24.3778
  21570.00    23.9472
  21580.00    24.2740
  21590.00    24.2158
  21600.00    23.8032
  21610.00    23.6764
  21620.00    24.1767
  21630.00    23.7065
  21640.00    24.3715
  21650.00    24.3493
  21660.00    24.0896
  21670.00    23.7754
  21680.00    24.6291
  21690.00    23.8430
  21700.00    24.1959
  21710.00    23.9027
  21720.00    24.3055
  21730.00    24.1404
  21740.00    24.2536
  21750.00    24.1408
  21760.00    24.4177
  21770.00    23.7745
  21780.00    23.4224
  21790.00    24.1448
  21800.00    24.2926
  21810.00    23.9418
  21820.00    24.1302
  21830.00    23.6302
  21840.00    24.3983
  21850.00    24.1506
  21860.00    24.1251
  21870.00    23.0781
  21880.00    24.1855
  21890.00    24.0597
  21900.00    23.6887
  21910.00    24.1244
  21920.00    24.1318
  21930.00    24.2634
  21940.00    23.8795
  21950.00    23.8522
  21960.00    24.1079
  21970.00    23.8107
  21980.00    23.7864
  21990.00    24.2138
  22000.00    24.1504
  22010.00    24.2193
  22020.00    24.1367
  22030.00    24.5192
  22040.00    23.7233
  22050.00    24.2272
  22060.00    23.6566
  22070.00    24.0904
  22080.00    24.6495
  22090.00    23.8320
  22100.00    23.8705
  22110.00    24.3941
  22120.00    23.7087
  22130.00    24.4050
  22140.00    23.9448
  22150.00    24.0275
  22160.00    24.0385
  22170.00    24.1331
  22180.00    23.7072
  22190.00    23.9939
  22200.00    23.8945
  22210.00    24.3376
  22220.00    24.1465
  22230.00    24.1724
  22240.00    23.9027
  22250.00    24.5930
  22260.00    24.3487
  22270.00    24.1273
  22280.00    24.1491
  22290.00    24.2825
  22300.00    24.2738
  22310.00    24.1464
  22320.00    23.9841
  22330.00    24.1132
  22340.00    23.9541
  22350.00    24.4456
  22360.00    23.9822
  22370.00    24.0324
  22380.00    23.9592
  22390.00    23.5415
  22400.00    24.1348
  22410.00    23.5072
  22420.00    23.9638
  22430.00    24.1470
  22440.00    24.6952
  22450.00    24.3498
  22460.00    24.1100
  22470.00    24.0410
  22480.00    23.4910
  22490.00    23.7724
  22500.00    23.6836
  22510.00    23.8433
  22520.00    23.3056
  22530.00    24.0222
  22540.00    23.9160
  22550.00    24.7417
  22560.00    23.7876
  22570.00    24.1521
  22580.00    24.4401
  22590.00    23.8273
  22600.00    23.9503
  22610.00    24.0289
  22620.00    23.8981
  22630.00    23.4823
  22640.00    24.0362
  22650.00    23.7074
  22660.00    23.9760
  22670.00    24.1345
  22680.00    23.7408
  22690.00    24.1154
  22700.00    23.9163
  22710.00    23.9806
  22720.00    23.4367
  22730.00    24.4766
  22740.00    23.8784
  22750.00    24.0258
  22760.00    23.6522
  22770.00    24.0609
  22780.00    23.6646
  22790.00    23.6480
  22800.00    23.5496
  22810.00    23.7065
  22820.00    24.3614
  22830.00    23.8148
  22840.00    24.0053
  22850.00    24.3964
  22860.00    23.7614
  22870.00    23.5314
  22880.00    24.3617
  22890.00    24.0316
  22900.00    23.9653
  22910.00    24.3187
  22920.00    24.0226
  22930.00    23.8805
  22940.00    23.9734
  22950.00    24.0476
  22960.00    23.8359
  22970.00    23.8699
  22980.00    23.2711
  22990.00    23.8658
  23000.00    23.9368
  23010.00    23.7662
  23020.00    23.9868
  23030.00    24.1240
  23040.00    23.8921
  23050.00    23.8933
  23060.00    23.9583
  23070.00    24.3278
  23080.00    24.4083
  23090.00    24.0181
  23100.00    24.0488
  23110.00    24.2079
  23120.00    24.4917
  23130.00    24.2809
  23140.00    24.4341
  23150.00    23.9995
  23160.00    23.9248
  23170.00    23.9726
  23180.00    23.9368
  23190.00    23.8539
  23200.00    23.9072
  23210.00    23.6204
  23220.00    23.9406
  23230.00    23.9916
  23240.00    24.4224
  23250.00    24.0310
  23260.00    24.7327
  23270.00    24.7779
  23280.00    24.0279
  23290.00    23.6630
  23300.00    23.8897
  23310.00    23.9246
  23320.00    24.0519
  23330.00    24.1964
  23340.00    23.4908
  23350.00    23.6549
  23360.00    24.1043
  23370.00    24.1349
  23380.00    23.9010
  23390.00    24.0881
  23400.00    23.9299
  23410.00    24.1729
  23420.00    24.0594
  23430.00    23.7501
  23440.00    23.7895
  23450.00    24.1954
  23460.00    23.9139
  23470.00    24.5060
  23480.00    23.7563
  23490.00    23.5253
  23500.00    24.1077
  23510.00    24.2152
  23520.00    24.0253
  23530.00    24.0910
  23540.00    24.0380
  23550.00    23.9596
  23560.00    23.7984
  23570.00    24.2552
  23580.00    24.0461
  23590.00    24.0007
  23600.00    24.1950
  23610.00    24.0358
  23620.00    23.8309
  23630.00    24.3677
  23640.00    23.7326
  23650.00    23.3621
  23660.00    24.0014
  23670.00    23.8287
  23680.00    24.1187
  23690.00    24.2714
  23700.00    24.1997
  23710.00    23.9733
  23720.00    23.8338
  23730.00    24.4450
  23740.00    24.1422
  23750.00    23.9458
  23760.00    23.4161
  23770.00    23.6475
  23780.00    23.8669
  23790.00    24.2003
  23800.00    23.9835
  23810.00    23.5426
  23820.00    23.9124
  23830.00    24.0289
  23840.00    24.0520
  23850.00    23.7203
  23860.00    24.3197
  23870.00    23.7925
  23880.00    23.8824
  23890.00    23.7635
  23900.00    24.6061
  23910.00    23.9822
  23920.00    23.1035
  23930.00    23.6712
  23940.00    24.5271
  23950.00    24.3168
  23960.00    24.2434
  23970.00    24.2922
  23980.00    23.9895
  23990.00    24.3722
  24000.00    23.7558
  24010.00    24.0574
  24020.00    24.0759
  24030.00    23.8318
  24040.00    24.2876
  24050.00    24.3978
  24060.00    24.4021
  24070.00    24.1177
  24080.00    24.0715
  24090.00    24.4441
  24100.00    23.4995
  24110.00    23.6391
  24120.00    24.0952
  24130.00    24.0247
  24140.00    24.1360
  24150.00    23.6697
  24160.00    23.8579
  24170.00    24.1861
  24180.00    23.3938
  24190.00    23.2879
  24200.00    23.9842
  24210.00    24.2877
  24220.00    23.7533
  24230.00    24.1095
  24240.00    24.0265
  24250.00    23.5164
  24260.00    24.2023
  24270.00    24.1352
  24280.00    24.0245
  24290.00    24.5182
  24300.00    24.0583
  24310.00    23.9948
  24320.00    23.5577
  24330.00    24.1552
  24340.00    24.2394
  24350.00    24.3746
  24360.00    23.6841
  24370.00    23.9801
  24380.00    24.0925
  24390.00    24.2810
  24400.00    23.5725
  24410.00    24.0296
  24420.00    23.4576
  24430.00    24.1777
  24440.00    23.6559
  24450.00    23.9468
  24460.00    23.8417
  24470.00    24.1166
  24480.00    23.8403
  24490.00    23.9333
  24500.00    23.5817
  24510.00    24.2550
  24520.00    24.4668
  24530.00    24.0437
  24540.00    23.8885
  24550.00    24.1380
  24560.00    23.5830
  24570.00    24.0344
  24580.00    23.5253
  24590.00    24.7142
  24600.00    24.0977
  24610.00    23.9055
  24620.00    23.7267
  24630.00    23.6482
  24640.00    24.1362
  24650.00    24.0917
  24660.00    24.1874
  24670.00    24.0331
  24680.00    24.7738
  24690.00    24.5155
  24700.00    24.0007
  24710.00    23.7982
  24720.00    23.6426
  24730.00    24.2246
  24740.00    24.0420
  24750.00    23.6478
  24760.00    24.1146
  24770.00    23.8928
  24780.00    24.1667
  24790.00    24.0748
  24800.00    23.8952
  24810.00    23.9317
  24820.00    23.7425
  24830.00    23.9369
  24840.00    23.7855
  24850.00    24.0184
  24860.00    23.8623
  24870.00    23.8297
  24880.00    23.4947
  24890.00    24.0549
  24900.00    24.2503
  24910.00    23.9836
  24920.00    24.7974
  24930.00    24.1957
  24940.00    24.6869
  24950.00    23.7909
  24960.00    23.6355
  24970.00    24.0582
  24980.00    24.3618
  24990.00    23.9214
  25000.00    24.0667
  25010.00    23.7126
  25020.00    24.0570
  25030.00    23.6107
  25040.00    24.4397
  25050.00    23.9328
  25060.00    24.8013
  25070.00    24.1084
  25080.00    23.6154
  25090.00    23.9830
  25100.00    23.7861
  25110.00    24.0538
  25120.00    24.1390
  25130.00    24.4861
  25140.00    23.9643
  25150.00    23.8504
  25160.00    24.3439
  25170.00    24.1826
  25180.00    23.9361
  25190.00    23.7707
  25200.00    23.3892
  25210.00    23.8988
  25220.00    24.1053
  25230.00    23.8600
  25240.00    24.5481
  25250.00    23.8208
  25260.00    24.1750
  25270.00    23.9370
  25280.00    23.9013
  25290.00    24.0346
  25300.00    23.7584
  25310.00    24.4165
  25320.00    23.5339
  25330.00    23.8617
  25340.00    24.1045
  25350.00    23.4795
  25360.00    23.9275
  25370.00    23.7747
  25380.00    24.4627
  25390.00    24.1405
  25400.00    24.0427
  25410.00    23.9960
  25420.00    24.7643
  25430.00    23.8654
  25440.00    23.7599
  25450.00    23.6541
  25460.00    23.8265
  25470.00    24.1337
  25480.00    24.3544
  25490.00    23.8319
  25500.00    24.3217
  25510.00    23.4846
  25520.00    23.8598
  25530.00    23.8167
  25540.00    23.6479
  25550.00    24.0545
  25560.00    23.7127
  25570.00    23.9870
  25580.00    23.7546
  25590.00    24.0388
  25600.00    24.1003
  25610.00    24.0838
  25620.00    24.0231
  25630.00    24.2980
  25640.00    23.5594
  25650.00    23.9052
  25660.00    24.4262
  25670.00    24.3533
  25680.00    24.1350
  25690.00    24.0715
  25700.00    23.2839
  25710.00    23.6552
  25720.00    24.0702
  25730.00    24.4364
  25740.00    24.2201
  25750.00    23.7097
  25760.00    24.1541
  25770.00    24.0734
  25780.00    24.3194
  25790.00    24.0356
  25800.00    23.4721
  25810.00    24.4310
  25820.00    24.4755
  25830.00    24.0492
  25840.00    24.3599
  25850.00    23.9073
  25860.00    23.7023
  25870.00    23.6819
  25880.00    23.5201
  25890.00    23.5622
  25900.00    23.5994
  25910.00    23.8097
  25920.00    23.9050
  25930.00    23.5556
  25940.00    23.8434
  25950.00    23.8560
  25960.00    24.0057
  25970.00    23.7326
  25980.00    23.8021
  25990.00    24.0489
  26000.00    23.9209
  26010.00    23.9657
  26020.00    24.3190
  26030.00    23.9031
  26040.00    24.5112
  26050.00    23.9012
  26060.00    24.3450
  26070.00    24.3723
  26080.00    24.0819
  26090.00    24.0176
  26100.00    23.7520
  26110.00    23.9472
  26120.00    23.7756
  26130.00    23.8559
  26140.00    23.9207
  26150.00    24.1835
  26160.00    23.7119
  26170.00    23.6236
  26180.00    23.9457
  26190.00    24.1608
  26200.00    24.0868
  26210.00    24.2331
  26220.00    24.1189
  26230.00    23.9542
  26240.00    23.6991
  26250.00    23.8650
  26260.00    23.6944
  26270.00    24.3176
  26280.00    24.2514
  26290.00    23.7111
  26300.00    24.2551
  26310.00    23.8287
  26320.00    23.9224
  26330.00    24.0216
  26340.00    24.1758
  26350.00    23.9762
  26360.00    24.2100
  26370.00    23.6203
  26380.00    23.8460
  26390.00    24.3770
  26400.00    23.8972
  26410.00    23.9554
  26420.00    24.1502
  26430.00    23.7888
  26440.00    24.2429
  26450.00    24.4089
  26460.00    24.1805
  26470.00    23.8649
  26480.00    23.9706
  26490.00    24.6974
  26500.00    23.9439
  26510.00    24.1924
  26520.00    24.5368
  26530.00    23.7522
  26540.00    23.9301
  26550.00    23.7763
  26560.00    24.2360
  26570.00    24.2428
  26580.00    24.9559
  26590.00    23.7099
  26600.00    23.9197
  26610.00    24.0350
  26620.00    24.3231
  26630.00    24.2468
  26640.00    24.1078
  26650.00    24.4596
  26660.00    24.1922
  26670.00    24.4751
  26680.00    23.9024
  26690.00    23.5161
  26700.00    24.3237
  26710.00    23.7103
  26720.00    24.1428
  26730.00    23.9038
  26740.00    23.9278
  26750.00    23.8538
  26760.00    24.1389
  26770.00    23.9410
  26780.00    24.2042
  26790.00    24.3261
  26800.00    24.0301
  26810.00    24.1610
  26820.00    24.3545
  26830.00    24.0702
  26840.00    23.9376
  26850.00    24.3449
  26860.00    23.6955
  26870.00    24.3612
  26880.00    24.1098
  26890.00    24.2288
  26900.00    23.7586
  26910.00    23.9023
  26920.00    23.8465
  26930.00    23.9571
  26940.00    23.5274
  26950.00    24.2120
  26960.00    23.4389
  26970.00    24.4301
  26980.00    23.7178
  26990.00    23.8640
  27000.00    24.0689
  27010.00    24.0064
  27020.00    23.8916
  27030.00    24.2350
  27040.00    23.7842
  27050.00    24.2227
  27060.00    23.6521
  27070.00    24.1522
  27080.00    24.2351
  27090.00    24.2181
  27100.00    23.6641
  27110.00    23.9736
  27120.00    24.2225
  27130.00    24.3575
  27140.00    23.6659
  27150.00    24.3017
  27160.00    23.5121
  27170.00    24.0730
  27180.00    24.0472
  27190.00    24.3330
  27200.00    23.7381
  27210.00    23.8497
  27220.00    23.6709
  27230.00    24.2040
  27240.00    24.1089
  27250.00    23.4316
  27260.00    23.9409
  27270.00    24.2393
  27280.00    23.9762
  27290.00    23.9490
  27300.00    23.8209
  27310.00    24.3123
  27320.00    24.4625
  27330.00    24.5421
  27340.00    23.8802
  27350.00    24.1148
  27360.00    23.8663
  27370.00    23.5851
  27380.00    23.8657
  27390.00    24.3784
  27400.00    24.2152
  27410.00    23.8326
  27420.00    24.7337
  27430.00    23.7103
  27440.00    24.3212
  27450.00    23.6657
  27460.00    23.4620
  27470.00    24.3743
  27480.00    23.8973
  27490.00    23.9279
  27500.00    24.0156
  27510.00    24.4210
  27520.00    24.0384
  27530.00    24.4364
  27540.00    23.9641
  27550.00    24.2485
  27560.00    24.0664
  27570.00    24.2026
  27580.00    24.1019
  27590.00    24.1982
  27600.00    23.8445
  27610.00    24.3705
  27620.00    24.3200
  27630.00    23.8729
  27640.00    24.2877
  27650.00    23.6262
  27660.00    24.4254
  27670.00    24.0331
  27680.00    24.1359
  27690.00    24.0638
  27700.00    23.6999
  27710.00    23.7922
  27720.00    23.8992
  27730.00    24.2277
  27740.00    23.9623
  27750.00    24.1688
  27760.00    23.9192
  27770.00    24.1012
  27780.00    24.0408
  27790.00    23.8789
  27800.00    23.9292
  27810.00    23.9366
  27820.00    23.3285
  27830.00    23.7678
  27840.00    23.5726
  27850.00    23.9553
  27860.00    24.3190
  27870.00    24.0408
  27880.00    24.2540
  27890.00    23.7976
  27900.00    24.1529
  27910.00    24.4753
  27920.00    24.0767
  27930.00    24.1514
  27940.00    23.7207
  27950.00    23.4591
  27960.00    23.5136
  27970.00    24.2254
  27980.00    23.7221
  27990.00    24.0369
  28000.00    24.5555
  28010.00    23.8182
  28020.00    24.1089
  28030.00    24.2163
  28040.00    23.5704
  28050.00    23.4880
  28060.00    24.6566
  28070.00    23.6890
  28080.00    24.1437
  28090.00    23.5983
  28100.00    24.2573
  28110.00    23.6702
  28120.00    23.9973
  28130.00    23.8885
  28140.00    24.0478
  28150.00    23.7948
  28160.00    23.8981
  28170.00    23.8216
  28180.00    23.7981
  28190.00    23.6186
  28200.00    24.4270
  28210.00    23.9813
  28220.00    24.1296
  28230.00    23.3604
  28240.00    24.0248
  28250.00    23.7920
  28260.00    24.0364
  28270.00    23.7761
  28280.00    24.1575
  28290.00    24.0357
  28300.00    24.0472
  28310.00    23.6618
  28320.00    24.5613
  28330.00    23.6852
  28340.00    24.0614
  28350.00    24.0557
  28360.00    24.1816
  28370.00    23.4074
  28380.00    23.8537
  28390.00    24.1550
  28400.00    24.1472
  28410.00    24.0938
  28420.00    24.1567
  28430.00    23.4000
  28440.00    24.0020
  28450.00    24.0175
  28460.00    23.9365
  28470.00    24.1432
  28480.00    24.7079
  28490.00    24.3293
  28500.00    23.9084
  28510.00    23.9888
  28520.00    23.6010
  28530.00    24.3020
  28540.00    24.0083
  28550.00    23.5526
  28560.00    24.5646
  28570.00    24.2390
  28580.00    24.0386
  28590.00    23.7003
  28600.00    23.6217
  28610.00    24.1570
  28620.00    23.7503
  28630.00    24.2834
  28640.00    24.0616
  28650.00    23.6346
  28660.00    24.3909
  28670.00    23.8455
  28680.00    24.0093
  28690.00    24.2836
  28700.00    24.5052
  28710.00    24.0321
  28720.00    24.5932
  28730.00    24.4178
  28740.00    23.8110
  28750.00    24.0324
  28760.00    23.7425
  28770.00    23.8168
  28780.00    23.6743
  28790.00    24.0346
  28800.00    23.8758
  28810.00    24.3048
  28820.00    24.4705
  28830.00    24.2608
  28840.00    24.4876
  28850.00    23.9863
  28860.00    23.8180
  28870.00    24.4264
  28880.00    24.1103
  28890.00    23.7562
  28900.00    24.3985
  28910.00    24.2707
  28920.00    23.5061
  28930.00    24.2277
  28940.00    23.3570
  28950.00    24.3723
  28960.00    24.1523
  28970.00    24.2422
  28980.00    23.9649
  28990.00    23.8313
  29000.00    24.3184
  29010.00    24.3801
  29020.00    23.8407
  29030.00    24.1140
  29040.00    24.1714
  29050.00    24.2748
  29060.00    24.0156
  29070.00    23.6401
  29080.00    23.8089
  29090.00    24.2997
  29100.00    24.0204
  29110.00    24.2814
  29120.00    23.6560
  29130.00    24.0376
  29140.00    24.0535
  29150.00    24.3192
  29160.00    24.1808
  29170.00    24.0769
  29180.00    24.1538
  29190.00    24.6689
  29200.00    24.6061
  29210.00    23.8377
  29220.00    24.2497
  29230.00    24.4288
  29240.00    24.4348
  29250.00    23.5728
  29260.00    23.3315
  29270.00    23.7559
  29280.00    23.7852
  29290.00    24.0560
  29300.00    24.1855
  29310.00    24.2074
  29320.00    24.1444
  29330.00    23.7937
  29340.00    23.6410
  29350.00    24.0771
  29360.00    24.4919
  29370.00    23.8902
  29380.00    23.9997
  29390.00    23.7373
  29400.00    24.0310
  29410.00    23.8373
  29420.00    24.1868
  29430.00    24.1011
  29440.00    24.4618
  29450.00    23.8486
  29460.00    23.8662
  29470.00    24.3594
  29480.00    23.7983
  29490.00    23.8056
  29500.00    24.3642
  29510.00    24.0956
  29520.00    24.1134
  29530.00    23.5006
  29540.00    24.2582
  29550.00    23.8572
  29560.00    23.6737
  29570.00    24.0941
  29580.00    24.1400
  29590.00    24.0532
  29600.00    24.1109
  29610.00    24.1193
  29620.00    24.0451
  29630.00    23.6256
  29640.00    23.8038
  29650.00    24.2093
  29660.00    23.9960
  29670.00    23.9046
  29680.00    23.8459
  29690.00    23.6769
  29700.00    24.1957
  29710.00    23.5491
  29720.00    24.2023
  29730.00    24.1822
  29740.00    24.5488
  29750.00    23.8960
  29760.00    23.9157
  29770.00    23.7246
  29780.00    23.6247
  29790.00    23.9828
  29800.00    23.4892
  29810.00    24.4359
  29820.00    23.7489
  29830.00    23.6945
  29840.00    23.9924
  29850.00    24.3887
  29860.00    23.5786
  29870.00    24.0086
  29880.00    23.7466
  29890.00    24.3797
  29900.00    23.9995
  29910.00    24.1455
  29920.00    24.3725
  29930.00    23.6030
  29940.00    23.9185
  29950.00    23.5680
  29960.00    24.0847
  29970.00    23.6667
  29980.00    23.4029
  29990.00    23.8715
  30000.00    23.9311
  30010.00    24.0559
  30020.00    23.9048
  30030.00    23.7473
  30040.00    24.3144
  30050.00    23.5240
  30060.00    23.8427
  30070.00    23.7986
  30080.00    23.8076
  30090.00    23.9392
  30100.00    23.7138
  30110.00    23.9190
  30120.00    23.9479
  30130.00    23.7003
  30140.00    24.0217
  30150.00    24.2700
  30160.00    24.0704
  30170.00    24.1360
  30180.00    24.0784
  30190.00    24.3092
  30200.00    24.4292
  30210.00    24.5038
  30220.00    24.1804
  30230.00    23.7912
  30240.00    24.1037
  30250.00    23.6279
  30260.00    23.7322
  30270.00    24.1108
  30280.00    24.0180
  30290.00    24.4763
  30300.00    23.8357
  30310.00    24.1566
  30320.00    23.8612
  30330.00    24.3312
  30340.00    24.2006
  30350.00    23.8606
  30360.00    23.9252
  30370.00    23.9914
  30380.00    23.6826
  30390.00    24.2258
  30400.00    23.9937
  30410.00    23.9749
  30420.00    24.0443
  30430.00    23.9886
  30440.00    24.1087
  30450.00    24.1868
  30460.00    23.4169
  30470.00    24.2743
  30480.00    24.1468
  30490.00    24.1328
  30500.00    24.5907
  30510.00    23.5525
  30520.00    23.6710
  30530.00    23.7534
  30540.00    24.6569
  30550.00    23.8796
  30560.00    24.0727
  30570.00    23.7851
  30580.00    23.6142
  30590.00    23.8364
  30600.00    23.7786
  30610.00    24.2673
  30620.00    24.2591
  30630.00    24.7846
  30640.00    23.8823
  30650.00    24.0685
  30660.00    24.0444
  30670.00    24.4162
  30680.00    24.1425
  30690.00    23.8514
  30700.00    23.7361
  30710.00    24.0867
  30720.00    24.2164
  30730.00    24.2413
  30740.00    24.1427
  30750.00    24.0286
  30760.00    24.5523
  30770.00    24.4104
  30780.00    24.4917
  30790.00    24.3487
  30800.00    23.7600
  30810.00    24.2770
  30820.00    23.9043
  30830.00    24.1376
  30840.00    23.7137
  30850.00    23.6634
  30860.00    23.9279
  30870.00    24.7239
  30880.00    23.9431
  30890.00    23.8836
  30900.00    23.9106
  30910.00    23.5404
  30920.00    23.9291
  30930.00    24.0039
  30940.00    24.2189
  30950.00    23.6108
  30960.00    24.0349
  30970.00    23.9498
  30980.00    23.8083
  30990.00    24.3169
  31000.00    23.7086
  31010.00    24.1668
  31020.00    23.5335
  31030.00    23.8593
  31040.00    24.0926
  31050.00    24.0501
  31060.00    24.2709
  31070.00    24.0097
  31080.00    24.4773
  31090.00    24.0478
  31100.00    24.0095
  31110.00    24.2629
  31120.00    23.9819
  31130.00    24.3377
  31140.00    24.0175
  31150.00    24.3123
  31160.00    24.0984
  31170.00    23.9254
  31180.00    24.0026
  31190.00    24.3503
  31200.00    24.0700
  31210.00    24.2181
  31220.00    23.5034
  31230.00    23.8584
  31240.00    23.7939
  31250.00    23.6169
  31260.00    24.0177
  31270.00    23.7561
  31280.00    24.4755
  31290.00    24.4639
  31300.00    24.0441
  31310.00    23.9139
  31320.00    24.3055
  31330.00    23.6676
  31340.00    24.0054
  31350.00    23.9468
  31360.00    24.2121
  31370.00    23.7084
  31380.00    23.7433
  31390.00    23.7598
  31400.00    24.3036
  31410.00    24.0162
  31420.00    24.0972
  31430.00    24.0886
  31440.00    23.9450
  31450.00    24.3143
  31460.00    24.1606
  31470.00    24.0439
  31480.00    23.8972
  31490.00    24.0106
  31500.00    23.7329
  31510.00    23.9777
  31520.00    24.0565
  31530.00    23.7960
  31540.00    23.9037
  31550.00    24.4049
  31560.00    24.3014
  31570.00    24.6706
  31580.00    23.8602
  31590.00    23.7850
  31600.00    23.8048
  31610.00    24.0624
  31620.00    24.2770
  31630.00    24.0226
  31640.00    24.5112
  31650.00    24.0633
  31660.00    24.0144
  31670.00    24.5553
  31680.00    24.3530
  31690.00    24.2244
  31700.00    24.6194
  31710.00    24.0408
  31720.00    23.7087
  31730.00    23.3434
  31740.00    23.8801
  31750.00    24.2192
  31760.00    23.9478
  31770.00    23.9108
  31780.00    23.7134
  31790.00    24.1038
  31800.00    23.9981
  31810.00    23.3189
  31820.00    24.2274
  31830.00    23.8072
  31840.00    23.7451
  31850.00    24.1779
  31860.00    24.1659
  31870.00    23.9469
  31880.00    23.2278
  31890.00    23.9787
  31900.00    23.9552
  31910.00    24.6502
  31920.00    24.2837
  31930.00    24.3403
  31940.00    23.8690
  31950.00    24.0939
  31960.00    24.2814
  31970.00    24.0661
  31980.00    24.2007
  31990.00    24.3738
  32000.00    24.1284
  32010.00    23.8581
  32020.00    24.1724
  32030.00    24.3428
  32040.00    23.7327
  32050.00    24.1627
  32060.00    24.6080
  32070.00    23.8190
  32080.00    23.6209
  32090.00    23.6014
  32100.00    23.6576
  32110.00    23.9263
  32120.00    23.7764
  32130.00    24.3721
  32140.00    23.9149
  32150.00    24.3108
  32160.00    23.6491
  32170.00    24.1900
  32180.00    23.8853
  32190.00    24.1629
  32200.00    23.8859
  32210.00    23.5856
  32220.00    23.9770
  32230.00    24.0197
  32240.00    23.6976
  32250.00    23.4574
  32260.00    23.7802
  32270.00    24.1928
  32280.00    23.8632
  32290.00    24.2559
  32300.00    24.0056
  32310.00    23.8547
  32320.00    23.9638
  32330.00    24.0971
  32340.00    23.9085
  32350.00    24.0091
  32360.00    24.0104
  32370.00    23.5153
  32380.00    23.7583
  32390.00    24.2005
  32400.00    23.3097
  32410.00    24.2753
  32420.00    23.8558
  32430.00    23.7949
  32440.00    23.7133
  32450.00    23.8011
  32460.00    24.0780
  32470.00    24.0308
  32480.00    23.9035
  32490.00    24.0852
  32500.00    24.0396
  32510.00    23.9941
  32520.00    24.2857
  32530.00    24.6162
  32540.00    23.9508
  32550.00    24.1291
  32560.00    23.1723
  32570.00    23.9152
  32580.00    23.9443
  32590.00    24.0061
  32600.00    23.3649
  32610.00    24.0960
  32620.00    24.1275
  32630.00    23.0829
  32640.00    23.8632
  32650.00    24.3486
  32660.00    24.0291
  32670.00    24.1593
  32680.00    24.0236
  32690.00    24.0869
  32700.00    23.7679
  32710.00    23.9306
  32720.00    24.0196
  32730.00    23.6272
  32740.00    23.6956
  32750.00    24.1445
  32760.00    24.1401
  32770.00    23.2740
  32780.00    23.4130
  32790.00    24.6864
  32800.00    23.4442
  32810.00    23.8073
  32820.00    24.4249
  32830.00    23.9266
  32840.00    24.6905
  32850.00    24.0455
  32860.00    24.0813
  32870.00    24.3257
  32880.00    23.7740
  32890.00    23.3147
  32900.00    24.2720
  32910.00    24.1658
  32920.00    23.3752
  32930.00    23.7639
  32940.00    23.8591
  32950.00    24.0423
  32960.00    23.7279
  32970.00    23.9616
  32980.00    24.2419
  32990.00    23.7696
  33000.00    23.4576
  33010.00    24.1178
  33020.00    24.3020
  33030.00    23.3876
  33040.00    24.3055
  33050.00    24.2669
  33060.00    24.1229
  33070.00    23.8589
  33080.00    24.0278
  33090.00    24.1237
  33100.00    24.4523
  33110.00    24.2429
  33120.00    23.9051
  33130.00    24.0865
  33140.00    24.0091
  33150.00    24.2440
  33160.00    24.5965
  33170.00    24.3881
  33180.00    23.4870
  33190.00    23.8934
  33200.00    23.8582
  33210.00    23.5433
  33220.00    23.2118
  33230.00    24.2541
  33240.00    23.7108
  33250.00    23.8064
  33260.00    23.7363
  33270.00    24.2288
  33280.00    24.2121
  33290.00    23.4444
  33300.00    23.7317
  33310.00    23.8352
  33320.00    23.9002
  33330.00    23.7687
  33340.00    24.1266
  33350.00    24.5917
  33360.00    24.1425
  33370.00    23.7928
  33380.00    23.7477
  33390.00    23.6645
  33400.00    24.2376
  33410.00    24.2650
  33420.00    24.1582
  33430.00    23.9565
  33440.00    23.7302
  33450.00    24.0143
  33460.00    24.4220
  33470.00    23.9297
  33480.00    23.7143
  33490.00    23.7363
  33500.00    23.9502
  33510.00    24.4129
  33520.00    23.8816
  33530.00    24.2012
  33540.00    24.7734
  33550.00    24.3962
  33560.00    23.7687
  33570.00    23.9752
  33580.00    24.0726
  33590.00    23.9396
  33600.00    23.9188
  33610.00    24.2638
  33620.00    24.0347
  33630.00    23.5491
  33640.00    23.9816
  33650.00    23.9980
  33660.00    23.9616
  33670.00    24.0022
  33680.00    23.8284
  33690.00    23.8178
  33700.00    24.1256
  33710.00    24.1408
  33720.00    24.1367
  33730.00    24.6034
  33740.00    24.2606
  33750.00    24.2370
  33760.00    24.0551
  33770.00    23.9006
  33780.00    23.7802
  33790.00    23.9239
  33800.00    23.9197
  33810.00    23.8696
  33820.00    24.6195
  33830.00    23.4715
  33840.00    23.8079
  33850.00    23.8786
  33860.00    23.8191
  33870.00    24.0855
  33880.00    24.0662
  33890.00    23.9646
  33900.00    23.6366
  33910.00    24.2223
  33920.00    23.8497
  33930.00    23.8717
  33940.00    24.0062
  33950.00    23.8030
  33960.00    23.9971
  33970.00    23.9915
  33980.00    24.3178
  33990.00    24.3160
  34000.00    24.1452
  34010.00    24.0193
  34020.00    23.8502
  34030.00    23.9568
  34040.00    24.1959
  34050.00    23.5896
  34060.00    23.8322
  34070.00    23.4860
  34080.00    23.5343
  34090.00    24.3263
  34100.00    24.4633
  34110.00    24.6609
  34120.00    24.2332
  34130.00    23.6820
  34140.00    24.0828
  34150.00    24.0800
  34160.00    23.8047
  34170.00    24.2181
  34180.00    23.9400
  34190.00    24.1521
  34200.00    23.7040
  34210.00    24.1319
  34220.00    24.0723
  34230.00    23.6433
  34240.00    23.8955
  34250.00    24.5322
  34260.00    24.1595
  34270.00    23.7890
  34280.00    24.1744
  34290.00    24.0625
  34300.00    24.0139
  34310.00    23.7002
  34320.00    23.7874
  34330.00    24.1101
  34340.00    24.6358
  34350.00    23.8439
  34360.00    23.6412
  34370.00    23.7395
  34380.00    24.1497
  34390.00    23.9982
  34400.00    24.3326
  34410.00    23.9778
  34420.00    23.7272
  34430.00    24.2230
  34440.00    23.8430
  34450.00    23.7798
  34460.00    23.5919
  34470.00    24.0591
  34480.00    24.1460
  34490.00    24.1630
  34500.00    23.7688
  34510.00    23.9506
  34520.00    23.9478
  34530.00    24.6307
  34540.00    23.8095
  34550.00    24.0270
  34560.00    23.9680
  34570.00    24.0289
  34580.00    23.7993
  34590.00    24.0743
  34600.00    23.0969
  34610.00    24.0968
  34620.00    24.4801
  34630.00    23.5602
  34640.00    23.8563
  34650.00    24.0432
  34660.00    23.8070
  34670.00    23.4361
  34680.00    23.7822
  34690.00    23.8719
  34700.00    24.0946
  34710.00    24.7228
  34720.00    23.9962
  34730.00    23.9403
  34740.00    24.1265
  34750.00    23.9499
  34760.00    23.8296
  34770.00    23.8776
  34780.00    24.0798
  34790.00    24.2301
  34800.00    24.3425
  34810.00    23.9915
  34820.00    24.1748
  34830.00    24.3469
  34840.00    23.8509
  34850.00    24.0406
  34860.00    24.1777
  34870.00    23.7532
  34880.00    24.0486
  34890.00    23.8938
  34900.00    23.9924
  34910.00    24.0370
  34920.00    24.0608
  34930.00    23.7035
  34940.00    24.0239
  34950.00    24.2968
  34960.00    24.2941
  34970.00    24.1360
  34980.00    23.6705
  34990.00    23.8908
  35000.00    24.0283
  35010.00    24.0032
  35020.00    24.4136
  35030.00    24.0111
  35040.00    24.1726
  35050.00    23.9211
  35060.00    24.1752
  35070.00    23.6117
  35080.00    23.8722
  35090.00    23.8231
  35100.00    23.7659
  35110.00    23.6718
  35120.00    23.8506
  35130.00    24.0581
  35140.00    23.9226
  35150.00    23.7947
  35160.00    23.8930
  35170.00    24.4455
  35180.00    24.2095
  35190.00    24.1631
  35200.00    23.7647
  35210.00    23.5600
  35220.00    23.5825
  35230.00    23.5741
  35240.00    23.8614
  35250.00    24.0502
  35260.00    24.0923
  35270.00    24.2548
  35280.00    24.0273
  35290.00    23.8232
  35300.00    24.2926
  35310.00    23.9957
  35320.00    24.4044
  35330.00    23.8928
  35340.00    23.8949
  35350.00    24.5727
  35360.00    23.7153
  35370.00    24.1206
  35380.00    24.1537
  35390.00    23.9328
  35400.00    23.8589
  35410.00    23.6958
  35420.00    23.8768
  35430.00    23.8215
  35440.00    24.2104
  35450.00    23.6274
  35460.00    23.8788
  35470.00    23.9309
  35480.00    24.2823
  35490.00    23.7812
  35500.00    23.7985
  35510.00    23.6818
  35520.00    23.8211
  35530.00    23.9201
  35540.00    24.0304
  35550.00    23.5987
  35560.00    23.6177
  35570.00    24.4917
  35580.00    24.0080
  35590.00    24.1408
  35600.00    23.7503
  35610.00    23.5493
  35620.00    23.5917
  35630.00    23.6073
  35640.00    24.0229
  35650.00    23.7348
  35660.00    23.7673
  35670.00    23.9542
  35680.00    24.3511
  35690.00    24.3205
  35700.00    24.1874
  35710.00    24.0305
  35720.00    24.0771
  35730.00    24.2480
  35740.00    24.1092
  35750.00    24.0214
  35760.00    23.6791
  35770.00    23.9462
  35780.00    23.9990
  35790.00    24.2431
  35800.00    23.7495
  35810.00    23.5398
  35820.00    24.2118
  35830.00    23.8899
  35840.00    23.8650
  35850.00    23.8409
  35860.00    23.6675
  35870.00    23.9894
  35880.00    24.1179
  35890.00    23.3561
  35900.00    23.7432
  35910.00    23.5512
  35920.00    24.2804
  35930.00    24.0180
  35940.00    23.1659
  35950.00    23.8013
  35960.00    23.8545
  35970.00    24.2153
  35980.00    23.8236
  35990.00    24.2135
  36000.00    23.8016
  36010.00    23.6182
  36020.00    23.8524
  36030.00    24.0557
  36040.00    24.5620
  36050.00    23.6274
  36060.00    23.5014
  36070.00    24.5192
  36080.00    24.3333
  36090.00    23.5388
  36100.00    24.0167
  36110.00    24.1338
  36120.00    23.5163
  36130.00    24.2664
  36140.00    24.5277
  36150.00    23.9052
  36160.00    23.9182
  36170.00    24.2882
  36180.00    24.7732
  36190.00    24.1837
  36200.00    23.8414
  36210.00    24.3384
  36220.00    24.0578
  36230.00    24.4377
  36240.00    23.9264
  36250.00    24.3211
  36260.00    24.1243
  36270.00    23.3817
  36280.00    24.7540
  36290.00    23.6639
  36300.00    23.7711
  36310.00    23.6751
  36320.00    24.0696
  36330.00    24.3002
  36340.00    23.5770
  36350.00    24.3244
  36360.00    24.3994
  36370.00    23.8163
  36380.00    24.1366
  36390.00    24.4755
  36400.00    23.8943
  36410.00    23.8590
  36420.00    23.8696
  36430.00    24.7958
  36440.00    23.6666
  36450.00    24.0046
  36460.00    24.0756
  36470.00    23.8483
  36480.00    23.7077
  36490.00    23.8139
  36500.00    23.6924
  36510.00    24.4205
  36520.00    24.9857
  36530.00    23.9699
  36540.00    24.1322
  36550.00    24.1998
  36560.00    23.2196
  36570.00    23.9528
  36580.00    23.6730
  36590.00    24.0329
  36600.00    24.2919
  36610.00    24.0565
  36620.00    23.2167
  36630.00    23.9246
  36640.00    23.9427
  36650.00    24.3783
  36660.00    23.9860
  36670.00    23.8321
  36680.00    24.4282
  36690.00    24.3002
  36700.00    24.8017
  36710.00    24.6396
  36720.00    24.3520
  36730.00    24.0555
  36740.00    24.1615
  36750.00    24.0003
  36760.00    23.7242
  36770.00    23.7176
  36780.00    23.5389
  36790.00    24.0445
  36800.00    24.3957
  36810.00    23.7290
  36820.00    24.0166
  36830.00    23.9726
  36840.00    24.1091
  36850.00    24.1697
  36860.00    24.3412
  36870.00    24.1727
  36880.00    24.2841
  36890.00    24.1387
  36900.00    24.0510
  36910.00    23.7057
  36920.00    23.8323
  36930.00    23.8890
  36940.00    24.0934
  36950.00    24.2524
  36960.00    23.9445
  36970.00    23.8204
  36980.00    24.3039
  36990.00    24.0898
  37000.00    24.1443
  37010.00    23.7800
  37020.00    23.9531
  37030.00    23.7833
  37040.00    23.7409
  37050.00    24.0961
  37060.00    24.1063
  37070.00    24.1795
  37080.00    23.7797
  37090.00    23.9766
  37100.00    24.1251
  37110.00    23.9551
  37120.00    23.9207
  37130.00    23.6001
  37140.00    23.5580
  37150.00    23.6878
  37160.00    23.7319
  37170.00    24.4296
  37180.00    23.9933
  37190.00    24.0717
  37200.00    23.8954
  37210.00    23.9581
  37220.00    24.2722
  37230.00    23.7750
  37240.00    23.6232
  37250.00    23.9606
  37260.00    24.2139
  37270.00    24.2025
  37280.00    24.3701
  37290.00    24.0199
  37300.00    23.9689
  37310.00    23.6987
  37320.00    24.1416
  37330.00    24.0603
  37340.00    24.0780
  37350.00    24.1222
  37360.00    23.7232
  37370.00    24.3750
  37380.00    24.2122
  37390.00    23.9782
  37400.00    23.8543
  37410.00    24.4369
  37420.00    23.8665
  37430.00    24.1096
  37440.00    24.0799
  37450.00    23.5712
  37460.00    24.0740
  37470.00    24.3418
  37480.00    24.2034
  37490.00    23.9464
  37500.00    23.5524
  37510.00    23.7176
  37520.00    23.5586
  37530.00    23.7767
  37540.00    24.1467
  37550.00    24.2579
  37560.00    24.0443
  37570.00    24.4526
  37580.00    23.8169
  37590.00    24.2492
  37600.00    23.6806
  37610.00    24.1789
  37620.00    24.1942
  37630.00    23.9024
  37640.00    24.0907
  37650.00    24.2383
  37660.00    23.5929
  37670.00    24.1758
  37680.00    23.7676
  37690.00    24.0030
  37700.00    24.1308
  37710.00    24.3562
  37720.00    23.9659
  37730.00    23.9449
  37740.00    23.9933
  37750.00    23.5694
  37760.00    24.1980
  37770.00    24.0668
  37780.00    24.3643
  37790.00    24.6392
  37800.00    24.7649
  37810.00    24.6701
  37820.00    23.6243
  37830.00    24.1391
  37840.00    24.2651
  37850.00    23.6471
  37860.00    23.7753
  37870.00    23.4136
  37880.00    24.2573
  37890.00    23.9278
  37900.00    24.3980
  37910.00    23.8334
  37920.00    23.9061
  37930.00    23.9674
  37940.00    23.8643
  37950.00    24.4134
  37960.00    23.9368
  37970.00    24.0753
  37980.00    24.3567
  37990.00    23.6883
  38000.00    24.2224
  38010.00    23.8260
  38020.00    23.8395
  38030.00    24.4871
  38040.00    24.2315
  38050.00    24.0107
  38060.00    24.1821
  38070.00    24.5054
  38080.00    23.7581
  38090.00    24.1457
  38100.00    23.7580
  38110.00    24.5413
  38120.00    24.0373
  38130.00    24.5824
  38140.00    23.7810
  38150.00    23.9409
  38160.00    24.1471
  38170.00    24.3969
  38180.00    23.9706
  38190.00    23.9243
  38200.00    23.5484
  38210.00    23.8592
  38220.00    24.3238
  38230.00    24.3025
  38240.00    24.0942
  38250.00    23.7171
  38260.00    23.5996
  38270.00    23.9753
  38280.00    23.5642
  38290.00    23.9836
  38300.00    23.8304
  38310.00    23.6492
  38320.00    24.2229
  38330.00    24.0068
  38340.00    24.1395
  38350.00    24.3291
  38360.00    24.0857
  38370.00    23.6208
  38380.00    24.3198
  38390.00    24.3844
  38400.00    24.6001
  38410.00    23.9540
  38420.00    23.4920
  38430.00    24.1420
  38440.00    24.1481
  38450.00    23.4303
  38460.00    23.8253
  38470.00    23.9899
  38480.00    24.1782
  38490.00    24.0449
  38500.00    24.1820
  38510.00    23.9477
  38520.00    24.3710
  38530.00    24.0358
  38540.00    23.5477
  38550.00    24.3907
  38560.00    23.6794
  38570.00    24.1325
  38580.00    24.4409
  38590.00    24.1096
  38600.00    23.9225
  38610.00    23.9900
  38620.00    24.0562
  38630.00    23.8638
  38640.00    24.5365
  38650.00    24.0006
  38660.00    24.0399
  38670.00    24.4381
  38680.00    23.9508
  38690.00    24.5575
  38700.00    24.2374
  38710.00    24.1132
  38720.00    23.6198
  38730.00    23.5028
  38740.00    23.6819
  38750.00    23.5537
  38760.00    23.9881
  38770.00    23.5410
  38780.00    23.9874
  38790.00    23.8462
  38800.00    24.0153
  38810.00    24.1374
  38820.00    24.0385
  38830.00    23.4597
  38840.00    23.8741
  38850.00    24.0931
  38860.00    23.9592
  38870.00    24.0262
  38880.00    23.8397
  38890.00    23.9141
  38900.00    23.7045
  38910.00    24.1426
  38920.00    24.2253
  38930.00    24.3005
  38940.00    24.2795
  38950.00    23.6182
  38960.00    23.4506
  38970.00    24.3457
  38980.00    23.9558
  38990.00    24.1084
  39000.00    23.4958
  39010.00    24.4201
  39020.00    23.9780
  39030.00    24.2172
  39040.00    23.7904
  39050.00    23.6908
  39060.00    24.1809
  39070.00    24.1121
  39080.00    24.1120
  39090.00    24.0325
  39100.00    24.2104
  39110.00    23.9430
  39120.00    24.0385
  39130.00    24.1173
  39140.00    24.1685
  39150.00    24.0425
  39160.00    24.4659
  39170.00    24.1796
  39180.00    23.7384
  39190.00    23.7072
  39200.00    23.7710
  39210.00    24.3669
  39220.00    24.0806
  39230.00    23.7706
  39240.00    23.9749
  39250.00    24.3778
  39260.00    23.9750
  39270.00    24.2002
  39280.00    24.3864
  39290.00    24.0262
  39300.00    23.6248
  39310.00    24.0912
  39320.00    24.0575
  39330.00    24.0931
  39340.00    24.3107
  39350.00    23.9669
  39360.00    23.8729
  39370.00    24.2125
  39380.00    23.8860
  39390.00    24.4091
  39400.00    23.9972
  39410.00    24.3507
  39420.00    23.9437
  39430.00    24.1574
  39440.00    23.8460
  39450.00    23.8789
  39460.00    24.1110
  39470.00    24.1633
  39480.00    24.1514
  39490.00    23.8983
  39500.00    23.6459
  39510.00    24.3171
  39520.00    24.3277
  39530.00    23.8026
  39540.00    24.4230
  39550.00    23.8375
  39560.00    24.4518
  39570.00    23.8230
  39580.00    23.9334
  39590.00    23.6484
  39600.00    24.3213
  39610.00    23.7372
  39620.00    24.2626
  39630.00    24.1051
  39640.00    23.7158
  39650.00    24.2417
  39660.00    23.5568
  39670.00    24.1598
  39680.00    24.0951
  39690.00    23.4169
  39700.00    24.1618
  39710.00    24.0929
  39720.00    24.9302
  39730.00    23.6258
  39740.00    24.2173
  39750.00    24.0736
  39760.00    23.9731
  39770.00    23.7952
  39780.00    23.6047
  39790.00    24.0018
  39800.00    24.5612
  39810.00    24.2276
  39820.00    24.4662
  39830.00    24.0392
  39840.00    24.0538
  39850.00    23.6869
  39860.00    23.7326
  39870.00    24.4010
  39880.00    24.1878
  39890.00    23.8539
  39900.00    24.2852
  39910.00    24.5513
  39920.00    24.4659
  39930.00    23.8315
  39940.00    24.3849
  39950.00    23.5880
  39960.00    23.7131
  39970.00    23.8976
  39980.00    23.1396
  39990.00    24.5904
  40000.00    23.7736
  40010.00    24.2893
  40020.00    23.9355
  40030.00    23.9596
  40040.00    23.9410
  40050.00    23.8263
  40060.00    24.1522
  40070.00    23.7581
  40080.00    24.1327
  40090.00    23.8821
  40100.00    24.0486
  40110.00    23.9428
  40120.00    23.5932
  40130.00    24.2950
  40140.00    24.1406
  40150.00    24.3789
  40160.00    23.9706
  40170.00    23.8688
  40180.00    23.4156
  40190.00    24.2505
  40200.00    23.8883
  40210.00    24.1145
  40220.00    24.3189
  40230.00    23.8933
  40240.00    24.0539
  40250.00    24.3281
  40260.00    24.3153
  40270.00    23.8589
  40280.00    23.9190
  40290.00    24.0946
  40300.00    24.0027
  40310.00    23.7503
  40320.00    23.8181
  40330.00    23.9010
  40340.00    23.8892
  40350.00    23.3697
  40360.00    24.1283
  40370.00    23.7161
  40380.00    24.3815
  40390.00    23.7795
  40400.00    23.9770
  40410.00    23.8301
  40420.00    23.6655
  40430.00    24.0939
  40440.00    24.0815
  40450.00    24.1076
  40460.00    24.2739
  40470.00    24.0573
  40480.00    24.0292
  40490.00    23.8890
  40500.00    24.1462
  40510.00    24.4671
  40520.00    24.1620
  40530.00    24.1091
  40540.00    24.1621
  40550.00    24.2957
  40560.00    23.7006
  40570.00    24.3172
  40580.00    24.3096
  40590.00    24.1380
  40600.00    23.6421
  40610.00    24.1948
  40620.00    23.9976
  40630.00    23.7077
  40640.00    23.6071
  40650.00    23.8465
  40660.00    23.6756
  40670.00    23.9343
  40680.00    24.2196
  40690.00    24.3225
  40700.00    23.6347
  40710.00    23.6492
  40720.00    23.9080
  40730.00    23.9643
  40740.00    24.0163
  40750.00    23.7959
  40760.00    23.6343
  40770.00    24.3775
  40780.00    23.3516
  40790.00    24.2498
  40800.00    24.6043
  40810.00    24.1439
  40820.00    24.6183
  40830.00    24.1657
  40840.00    24.0931
  40850.00    23.8132
  40860.00    23.6851
  40870.00    23.7689
  40880.00    24.5577
  40890.00    24.0025
  40900.00    24.2870
  40910.00    24.2781
  40920.00    24.1019
  40930.00    23.7447
  40940.00    23.8916
  40950.00    24.0068
  40960.00    23.9198
  40970.00    24.1848
  40980.00    23.8902
  40990.00    24.1742
  41000.00    23.8680
  41010.00    24.1304
  41020.00    24.0374
  41030.00    23.9449
  41040.00    24.3390
  41050.00    23.9422
  41060.00    23.6362
  41070.00    24.1478
  41080.00    23.9297
  41090.00    23.6711
  41100.00    23.7792
  41110.00    23.9115
  41120.00    23.7600
  41130.00    23.5748
  41140.00    24.0103
  41150.00    24.2087
  41160.00    24.0073
  41170.00    23.8488
  41180.00    23.9295
  41190.00    24.1039
  41200.00    23.6156
  41210.00    23.7016
  41220.00    23.8378
  41230.00    23.7393
  41240.00    23.6987
  41250.00    23.8494
  41260.00    23.8770
  41270.00    24.0591
  41280.00    23.7971
  41290.00    24.0629
  41300.00    23.6797
  41310.00    24.1838
  41320.00    23.7465
  41330.00    24.1855
  41340.00    24.3803
  41350.00    23.6326
  41360.00    24.0418
  41370.00    24.2140
  41380.00    23.8823
  41390.00    24.2791
  41400.00    24.1036
  41410.00    23.5238
  41420.00    24.2266
  41430.00    23.9452
  41440.00    24.4262
  41450.00    24.1046
  41460.00    24.0675
  41470.00    24.1473
  41480.00    23.5939
  41490.00    24.3814
  41500.00    23.6076
  41510.00    23.7223
  41520.00    23.5869
  41530.00    24.2923
  41540.00    24.1223
  41550.00    23.6379
  41560.00    23.9692
  41570.00    24.1941
  41580.00    23.8448
  41590.00    24.1416
  41600.00    24.2341
  41610.00    24.0575
  41620.00    24.0894
  41630.00    24.2474
  41640.00    23.6989
  41650.00    23.6342
  41660.00    24.1383
  41670.00    24.0614
  41680.00    24.4941
  41690.00    24.1609
  41700.00    23.7840
  41710.00    24.0558
  41720.00    23.9680
  41730.00    24.0895
  41740.00    23.7797
  41750.00    24.2906
  41760.00    24.1624
  41770.00    24.3995
  41780.00    24.3461
  41790.00    23.8187
  41800.00    23.5347
  41810.00    23.4633
  41820.00    23.5609
  41830.00    23.5788
  41840.00    24.0899
  41850.00    24.0976
  41860.00    24.0091
  41870.00    24.5940
  41880.00    23.9671
  41890.00    24.1100
  41900.00    24.0252
  41910.00    23.8951
  41920.00    24.5954
  41930.00    24.2611
  41940.00    24.5002
  41950.00    24.7562
  41960.00    23.5177
  41970.00    24.2310
  41980.00    23.7250
  41990.00    24.1908
  42000.00    23.9961
  42010.00    23.8065
  42020.00    23.7684
  42030.00    24.1800
  42040.00    23.9554
  42050.00    23.6914
  42060.00    24.0116
  42070.00    24.2112
  42080.00    23.8792
  42090.00    23.9063
  42100.00    24.1772
  42110.00    24.0275
  42120.00    24.7177
  42130.00    23.9598
  42140.00    23.8016
  42150.00    23.7537
  42160.00    23.8615
  42170.00    24.0464
  42180.00    23.7425
  42190.00    23.6544
  42200.00    24.5005
  42210.00    23.9039
  42220.00    24.1177
  42230.00    23.7303
  42240.00    24.2703
  42250.00    23.6600
  42260.00    24.0194
  42270.00    24.0919
  42280.00    23.9108
  42290.00    24.3471
  42300.00    24.5123
  42310.00    23.8453
  42320.00    24.1225
  42330.00    23.5726
  42340.00    23.6735
  42350.00    23.7676
  42360.00    24.1880
  42370.00    24.0747
  42380.00    24.0461
  42390.00    24.0844
  42400.00    24.1686
  42410.00    24.3889
  42420.00    24.1137
  42430.00    24.0258
  42440.00    24.1806
  42450.00    24.0686
  42460.00    24.1318
  42470.00    24.2446
  42480.00    23.6587
  42490.00    23.9121
  42500.00    24.2832
  42510.00    23.5788
  42520.00    23.6565
  42530.00    24.0247
  42540.00    23.9529
  42550.00    24.4357
  42560.00    24.2963
  42570.00    24.3206
  42580.00    24.0979
  42590.00    24.1321
  42600.00    24.2746
  42610.00    23.7595
  42620.00    23.8048
  42630.00    23.7804
  42640.00    24.3459
  42650.00    24.2387
  42660.00    23.3137
  42670.00    23.6007
  42680.00    24.1106
  42690.00    23.8173
  42700.00    23.5437
  42710.00    23.7155
  42720.00    23.7988
  42730.00    23.8107
  42740.00    23.9848
  42750.00    24.4755
  42760.00    24.3875
  42770.00    24.4849
  42780.00    23.9061
  42790.00    23.3792
  42800.00    24.0218
  42810.00    24.6822
  42820.00    24.0326
  42830.00    24.1350
  42840.00    23.7793
  42850.00    23.5604
  42860.00    23.9748
  42870.00    23.7694
  42880.00    24.1432
  42890.00    23.9154
  42900.00    23.8627
  42910.00    23.9923
  42920.00    23.6132
  42930.00    24.3439
  42940.00    23.7922
  42950.00    23.7838
  42960.00    23.7563
  42970.00    24.3021
  42980.00    24.1047
  42990.00    24.0098
  43000.00    24.4485
  43010.00    24.0377
  43020.00    23.8286
  43030.00    23.9006
  43040.00    24.2103
  43050.00    24.4303
  43060.00    23.7420
  43070.00    23.5192
  43080.00    23.6485
  43090.00    24.2413
  43100.00    23.7166
  43110.00    23.5328
  43120.00    24.1353
  43130.00    24.3450
  43140.00    23.7445
  43150.00    23.9421
  43160.00    24.3767
  43170.00    24.0805
  43180.00    24.5953
  43190.00    23.5596
  43200.00    24.0804
  43210.00    24.2943
  43220.00    23.9189
  43230.00    23.7987
  43240.00    23.7900
  43250.00    24.1650
  43260.00    24.0496
  43270.00    23.7702
  43280.00    23.7762
  43290.00    24.1416
  43300.00    23.5252
  43310.00    24.2844
  43320.00    24.1120
  43330.00    23.9553
  43340.00    23.0642
  43350.00    24.7664
  43360.00    23.8856
  43370.00    24.2545
  43380.00    24.3346
  43390.00    24.1300
  43400.00    23.6459
  43410.00    23.8897
  43420.00    24.3546
  43430.00    23.5548
  43440.00    23.6819
  43450.00    23.8708
  43460.00    24.0231
  43470.00    24.1278
  43480.00    23.9741
  43490.00    23.9815
  43500.00    23.5668
  43510.00    23.8685
  43520.00    24.0069
  43530.00    23.9949
  43540.00    23.9903
  43550.00    23.9764
  43560.00    24.7502
  43570.00    23.9660
  43580.00    23.7219
  43590.00    24.3057
  43600.00    23.7647
  43610.00    23.7243
  43620.00    24.2003
  43630.00    23.9235
  43640.00    24.1434
  43650.00    23.7540
  43660.00    23.9636
  43670.00    24.7593
  43680.00    23.9436
  43690.00    24.1499
  43700.00    23.9701
  43710.00    23.8187
  43720.00    23.8475
  43730.00    24.2233
  43740.00    23.9969
  43750.00    23.8507
  43760.00    23.8711
  43770.00    23.7683
  43780.00    23.5898
  43790.00    23.7071
  43800.00    24.4245
  43810.00    23.6907
  43820.00    24.6628
  43830.00    24.0922
  43840.00    24.1271
  43850.00    24.4560
  43860.00    23.6041
  43870.00    24.4479
  43880.00    24.1975
  43890.00    23.9948
  43900.00    24.0177
  43910.00    23.6947
  43920.00    23.9045
  43930.00    23.9857
  43940.00    24.2718
  43950.00    24.9830
  43960.00    23.8471
  43970.00    23.9124
  43980.00    24.2045
  43990.00    24.2144
  44000.00    23.6869
  44010.00    24.3430
  44020.00    23.8817
  44030.00    23.4165
  44040.00    23.8607
  44050.00    24.4560
  44060.00    23.9707
  44070.00    23.9132
  44080.00    23.9912
  44090.00    23.9648
  44100.00    23.7529
  44110.00    23.9839
  44120.00    24.1080
  44130.00    24.0973
  44140.00    23.9799
  44150.00    24.7492
  44160.00    24.0251
  44170.00    24.1972
  44180.00    23.9220
  44190.00    23.7660
  44200.00    24.2598
  44210.00    24.0138
  44220.00    23.9199
  44230.00    23.9799
  44240.00    24.2180
  44250.00    23.8605
  44260.00    24.4125
  44270.00    23.9193
  44280.00    24.5614
  44290.00    23.6382
  44300.00    24.1400
  44310.00    23.7799
  44320.00    23.7886
  44330.00    24.4087
  44340.00    24.1073
  44350.00    23.9565
  44360.00    23.8339
  44370.00    23.8869
  44380.00    23.6600
  44390.00    24.3564
  44400.00    24.0135
  44410.00    24.0090
  44420.00    23.7541
  44430.00    24.2399
  44440.00    23.7843
  44450.00    24.4618
  44460.00    23.6919
  44470.00    23.9778
  44480.00    23.5189
  44490.00    24.2334
  44500.00    24.0465
  44510.00    23.7204
  44520.00    24.0376
  44530.00    23.6829
  44540.00    24.2599
  44550.00    23.7507
  44560.00    24.2935
  44570.00    24.3353
  44580.00    24.3524
  44590.00    24.0593
  44600.00    24.2291
  44610.00    24.1401
  44620.00    23.8509
  44630.00    24.3025
  44640.00    24.0449
  44650.00    24.2823
  44660.00    23.5553
  44670.00    23.6624
  44680.00    24.0608
  44690.00    24.6825
  44700.00    24.2027
  44710.00    23.6180
  44720.00    23.9264
  44730.00    23.3672
  44740.00    23.9049
  44750.00    23.1719
  44760.00    24.1789
  44770.00    23.5780
  44780.00    24.1447
  44790.00    23.9971
  44800.00    23.9988
  44810.00    24.2424
  44820.00    24.4238
  44830.00    24.0930
  44840.00    23.9710
  44850.00    24.2825
  44860.00    24.3622
  44870.00    23.9413
  44880.00    23.9152
  44890.00    23.6304
  44900.00    24.1944
  44910.00    24.1525
  44920.00    23.8605
  44930.00    23.6221
  44940.00    23.9574
  44950.00    24.2534
  44960.00    24.0067
  44970.00    24.0980
  44980.00    23.8237
  44990.00    24.0167
  45000.00    23.8765
  45010.00    23.4820
  45020.00    24.3321
  45030.00    23.9060
  45040.00    24.0949
  45050.00    23.6865
  45060.00    24.1959
  45070.00    23.3808
  45080.00    23.7746
  45090.00    24.4336
  45100.00    23.8353
  45110.00    23.9901
  45120.00    24.2863
  45130.00    24.2161
  45140.00    24.2689
  45150.00    23.4420
  45160.00    24.0496
  45170.00    24.1674
  45180.00    24.1648
  45190.00    23.9642
  45200.00    24.6035
  45210.00    24.5208
  45220.00    24.4267
  45230.00    23.9015
  45240.00    23.6930
  45250.00    23.9693
  45260.00    24.0376
  45270.00    23.9877
  45280.00    24.2715
  45290.00    23.9604
  45300.00    24.1576
  45310.00    23.9463
  45320.00    23.6249
  45330.00    23.6811
  45340.00    24.4974
  45350.00    24.5105
  45360.00    24.1593
  45370.00    24.0183
  45380.00    24.0047
  45390.00    23.7820
  45400.00    24.1421
  45410.00    23.8622
  45420.00    24.0261
  45430.00    23.7374
  45440.00    23.5728
  45450.00    23.8144
  45460.00    23.6590
  45470.00    23.8448
  45480.00    23.3956
  45490.00    24.4831
  45500.00    23.8878
  45510.00    24.2664
  45520.00    23.5968
  45530.00    24.0670
  45540.00    24.1998
  45550.00    24.1392
  45560.00    24.0581
  45570.00    23.7938
  45580.00    23.8783
  45590.00    24.3347
  45600.00    23.9430
  45610.00    23.7880
  45620.00    23.5529
  45630.00    24.3998
  45640.00    23.5940
  45650.00    23.7197
  45660.00    24.2000
  45670.00    23.2022
  45680.00    24.0444
  45690.00    23.5660
  45700.00    23.8859
  45710.00    24.2501
  45720.00    23.8236
  45730.00    23.7543
  45740.00    23.5490
  45750.00    24.4041
  45760.00    23.7047
  45770.00    23.4907
  45780.00    24.1287
  45790.00    23.5212
  45800.00    23.9399
  45810.00    23.7190
  45820.00    23.6530
  45830.00    24.2945
  45840.00    23.9001
  45850.00    23.9344
  45860.00    23.6647
  45870.00    24.1325
  45880.00    24.1944
  45890.00    24.0782
  45900.00    24.2039
  45910.00    23.5376
  45920.00    23.9048
  45930.00    24.2449
  45940.00    23.8915
  45950.00    23.8956
  45960.00    24.0085
  45970.00    24.1816
  45980.00    23.6914
  45990.00    23.7405
  46000.00    23.8624
  46010.00    23.7324
  46020.00    24.0108
  46030.00    24.0192
  46040.00    23.9328
  46050.00    23.7300
  46060.00    23.9335
  46070.00    23.8806
  46080.00    23.7961
  46090.00    24.3164
  46100.00    24.1851
  46110.00    23.8374
  46120.00    24.0132
  46130.00    24.3380
  46140.00    24.1143
  46150.00    23.6598
  46160.00    24.5732
  46170.00    24.0406
  46180.00    23.8193
  46190.00    24.1640
  46200.00    23.8331
  46210.00    24.4998
  46220.00    23.9204
  46230.00    23.8641
  46240.00    23.7778
  46250.00    23.7178
  46260.00    24.5378
  46270.00    24.1161
  46280.00    24.1260
  46290.00    23.9275
  46300.00    23.7991
  46310.00    24.0236
  46320.00    24.2461
  46330.00    24.0722
  46340.00    23.9833
  46350.00    23.7988
  46360.00    23.9853
  46370.00    23.9054
  46380.00    24.4199
  46390.00    23.9953
  46400.00    24.4628
  46410.00    24.2961
  46420.00    23.7707
  46430.00    23.8647
  46440.00    24.0474
  46450.00    24.2478
  46460.00    23.9755
  46470.00    23.8553
  46480.00    23.8537
  46490.00    24.1973
  46500.00    24.2262
  46510.00    23.8476
  46520.00    23.4659
  46530.00    24.4473
  46540.00    24.2688
  46550.00    23.7802
  46560.00    24.0339
  46570.00    23.8811
  46580.00    23.9305
  46590.00    23.4815
  46600.00    23.5857
  46610.00    24.4163
  46620.00    23.7355
  46630.00    23.9536
  46640.00    23.7208
  46650.00    23.6433
  46660.00    24.1784
  46670.00    24.2666
  46680.00    23.9692
  46690.00    23.9174
  46700.00    24.3286
  46710.00    24.5095
  46720.00    23.6811
  46730.00    24.1589
  46740.00    24.7786
  46750.00    24.3439
  46760.00    24.0416
  46770.00    23.7745
  46780.00    24.2079
  46790.00    23.6319
  46800.00    23.8595
  46810.00    24.4075
  46820.00    24.2018
  46830.00    23.7489
  46840.00    24.3220
  46850.00    24.2601
  46860.00    24.4817
  46870.00    23.9098
  46880.00    23.9562
  46890.00    24.0601
  46900.00    24.1642
  46910.00    23.8926
  46920.00    24.0253
  46930.00    23.8603
  46940.00    24.5580
  46950.00    24.4277
  46960.00    24.2725
  46970.00    23.7199
  46980.00    23.8309
  46990.00    23.6263
  47000.00    23.6354
  47010.00    23.3925
  47020.00    24.2100
  47030.00    23.7563
  47040.00    23.8855
  47050.00    23.9901
  47060.00    23.6712
  47070.00    23.9308
  47080.00    23.7116
  47090.00    23.8824
  47100.00    23.8880
  47110.00    24.2821
  47120.00    24.3073
  47130.00    24.1308
  47140.00    24.1494
  47150.00    23.8917
  47160.00    24.1122
  47170.00    24.1214
  47180.00    23.9936
  47190.00    24.0942
  47200.00    23.6666
  47210.00    23.8101
  47220.00    24.2705
  47230.00    24.1212
  47240.00    24.0141
  47250.00    24.3556
  47260.00    24.1336
  47270.00    24.4021
  47280.00    24.0823
  47290.00    24.0962
  47300.00    23.9764
  47310.00    24.1131
  47320.00    24.0596
  47330.00    23.8347
  47340.00    24.1114
  47350.00    23.6661
  47360.00    23.8689
  47370.00    24.0423
  47380.00    23.9147
  47390.00    24.0954
  47400.00    23.7493
  47410.00    24.3794
  47420.00    24.1111
  47430.00    23.8513
  47440.00    24.1904
  47450.00    24.7930
  47460.00    24.1817
  47470.00    23.4971
  47480.00    23.8743
  47490.00    24.4729
  47500.00    23.9171
  47510.00    24.3013
  47520.00    23.4856
  47530.00    23.7863
  47540.00    24.3318
  47550.00    24.0709
  47560.00    23.6573
  47570.00    24.4708
  47580.00    23.8468
  47590.00    24.1547
  47600.00    23.4853
  47610.00    24.2104
  47620.00    24.5061
  47630.00    23.7960
  47640.00    23.8963
  47650.00    24.3260
  47660.00    24.0236
  47670.00    23.8309
  47680.00    24.1494
  47690.00    23.7204
  47700.00    24.0930
  47710.00    23.5185
  47720.00    23.8921
  47730.00    23.7885
  47740.00    23.7474
  47750.00    24.7306
  47760.00    24.0523
  47770.00    24.4690
  47780.00    24.1962
  47790.00    24.0085
  47800.00    24.6039
  47810.00    23.9778
  47820.00    24.0041
  47830.00    24.1741
  47840.00    23.9630
  47850.00    24.1745
  47860.00    24.1169
  47870.00    23.5681
  47880.00    24.4718
  47890.00    23.9206
  47900.00    23.6051
  47910.00    24.7065
  47920.00    24.3930
  47930.00    24.1561
  47940.00    23.3626
  47950.00    23.9745
  47960.00    24.0267
  47970.00    23.9052
  47980.00    24.3144
  47990.00    24.2987
  48000.00    23.0643
  48010.00    24.5029
  48020.00    23.9191
  48030.00    24.0437
  48040.00    23.7487
  48050.00    23.8822
  48060.00    23.8421
  48070.00    24.2963
  48080.00    23.5779
  48090.00    23.6421
  48100.00    24.1335
  48110.00    24.7635
  48120.00    24.3334
  48130.00    23.9816
  48140.00    23.9751
  48150.00    23.8691
  48160.00    24.1424
  48170.00    24.1343
  48180.00    24.1635
  48190.00    24.6750
  48200.00    23.9693
  48210.00    24.2347
  48220.00    23.9454
  48230.00    23.9171
  48240.00    24.4157
  48250.00    24.4314
  48260.00    24.0425
  48270.00    24.5490
  48280.00    23.7596
  48290.00    24.1993
  48300.00    23.9393
  48310.00    23.8718
  48320.00    23.8619
  48330.00    23.8115
  48340.00    23.6352
  48350.00    23.5161
  48360.00    24.0661
  48370.00    24.6903
  48380.00    24.0394
  48390.00    24.0233
  48400.00    24.2003
  48410.00    23.8935
  48420.00    24.0655
  48430.00    24.0126
  48440.00    24.1200
  48450.00    24.4644
  48460.00    23.9875
  48470.00    24.1077
  48480.00    23.8041
  48490.00    23.9364
  48500.00    24.5161
  48510.00    23.7359
  48520.00    24.0054
  48530.00    23.6110
  48540.00    23.9163
  48550.00    24.3197
  48560.00    24.3759
  48570.00    24.0417
  48580.00    23.7715
  48590.00    23.9738
  48600.00    24.3028
  48610.00    23.8743
  48620.00    24.2867
  48630.00    23.9829
  48640.00    23.7055
  48650.00    23.9048
  48660.00    24.3410
  48670.00    24.0723
  48680.00    24.1643
  48690.00    23.7099
  48700.00    24.1953
  48710.00    24.1941
  48720.00    24.1504
  48730.00    24.0044
  48740.00    24.2299
  48750.00    24.1043
  48760.00    24.3163
  48770.00    23.8781
  48780.00    24.0703
  48790.00    24.0121
  48800.00    23.7591
  48810.00    24.2609
  48820.00    24.5563
  48830.00    23.7469
  48840.00    23.6591
  48850.00    24.2991
  48860.00    23.5818
  48870.00    24.1108
  48880.00    23.7003
  48890.00    24.4501
  48900.00    23.7595
  48910.00    24.4154
  48920.00    24.4998
  48930.00    23.6941
  48940.00    23.5727
  48950.00    24.7456
  48960.00    24.1616
  48970.00    24.1648
  48980.00    23.7506
  48990.00    23.7469
  49000.00    24.0237
  49010.00    24.3575
  49020.00    24.0723
  49030.00    24.2379
  49040.00    23.8782
  49050.00    24.1869
  49060.00    24.5326
  49070.00    24.2374
  49080.00    24.4703
  49090.00    23.8485
  49100.00    23.8669
  49110.00    23.9754
  49120.00    23.8126
  49130.00    24.7130
  49140.00    23.7915
  49150.00    24.0875
  49160.00    23.7788
  49170.00    23.5974
  49180.00    23.9482
  49190.00    24.2830
  49200.00    24.1323
  49210.00    24.2198
  49220.00    24.2708
  49230.00    23.9398
  49240.00    24.3165
  49250.00    23.6243
  49260.00    24.2349
  49270.00    24.2924
  49280.00    23.8345
  49290.00    24.0086
  49300.00    24.4558
  49310.00    24.3345
  49320.00    23.8616
  49330.00    23.9056
  49340.00    24.2872
  49350.00    23.4971
  49360.00    24.3919
  49370.00    23.9887
  49380.00    24.0966
  49390.00    24.3582
  49400.00    23.8048
  49410.00    24.0238
  49420.00    24.2101
  49430.00    24.3471
  49440.00    24.2757
  49450.00    24.1717
  49460.00    24.3873
  49470.00    24.1640
  49480.00    24.1260
  49490.00    23.6583
  49500.00    23.8487
  49510.00    24.3841
  49520.00    23.8574
  49530.00    23.5309
  49540.00    23.9521
  49550.00    24.4952
  49560.00    24.5755
  49570.00    24.4787
  49580.00    23.9701
  49590.00    24.1427
  49600.00    24.1055
  49610.00    24.1564
  49620.00    24.0556
  49630.00    24.1497
  49640.00    24.4518
  49650.00    23.9069
  49660.00    23.8871
  49670.00    24.4046
  49680.00    24.0977
  49690.00    24.2546
  49700.00    23.8997
  49710.00    24.3621
  49720.00    23.6663
  49730.00    23.9227
  49740.00    24.2743
  49750.00    24.2262
  49760.00    24.1519
  49770.00    24.0186
  49780.00    24.5517
  49790.00    23.5741
  49800.00    24.0323
  49810.00    24.0294
  49820.00    24.1554
  49830.00    23.7978
  49840.00    24.2441
  49850.00    24.6499
  49860.00    23.7731
  49870.00    24.0423
  49880.00    23.8745
  49890.00    24.6139
  49900.00    24.0396
  49910.00    24.9289
  49920.00    24.0547
  49930.00    23.9034
  49940.00    23.8531
  49950.00    23.7025
  49960.00    23.9173
  49970.00    23.8412
  49980.00    24.1403
  49990.00    23.5484
  50000.00    23.9528
