     10.00    -7.2720
     20.00    -6.6673
     30.00    -6.8439
     40.00    -7.0713
     50.00    -7.8090
     60.00    -6.8820
     70.00    -7.1472
     80.00    -6.9941
     90.00    -7.2318
    100.00    -6.9892
    110.00    -7.0367
    120.00    -7.0718
    130.00    -7.3027
    140.00    -6.9235
    150.00    -7.3947
    160.00    -6.9672
    170.00    -7.2770
    180.00    -7.1597
    190.00    -6.7313
    200.00    -6.7449
    210.00    -6.8367
    220.00    -7.2011
    230.00    -7.0381
    240.00    -7.1075
    250.00    -7.0914
    260.00    -6.5961
    270.00    -7.4123
    280.00    -6.8171
    290.00    -7.0704
    300.00    -6.7342
    310.00    -7.0942
    320.00    -7.1086
    330.00    -6.8093
    340.00    -6.9636
    350.00    -7.2670
    360.00    -7.1488
    370.00    -7.0918
    380.00    -6.9034
    390.00    -6.5687
    400.00    -7.0736
    410.00    -7.4456
    420.00    -7.8876
    430.00    -7.3939
    440.00    -7.1136
    450.00    -6.5526
    460.00    -7.1904
    470.00    -6.7418
    480.00    -7.0297
    490.00    -6.7366
    500.00    -6.7467
    510.00    -6.7882
    520.00    -7.1733
    530.00    -7.3086
    540.00    -7.5201
    550.00    -7.3468
    560.00    -6.7085
    570.00    -7.3151
    580.00    -6.9315
    590.00    -6.7616
    600.00    -6.9142
    610.00    -6.7494
    620.00    -6.7843
    630.00    -7.1096
    640.00    -7.2619
    650.00    -6.9728
    660.00    -7.2090
    670.00    -7.2605
    680.00    -7.0306
    690.00    -7.0083
    700.00    -7.1446
    710.00    -6.9924
    720.00    -6.8198
    730.00    -7.2617
    740.00    -6.9448
    750.00    -7.3932
    760.00    -6.7928
    770.00    -7.1396
    780.00    -6.2776
    790.00    -6.7928
    800.00    -6.6210
    810.00    -7.2301
    820.00    -7.0314
    830.00    -7.0512
    840.00    -7.2450
    850.00    -7.2280
    860.00    -7.1117
    870.00    -6.6626
    880.00    -6.5450
    890.00    -7.2829
    900.00    -6.8068
    910.00    -6.6697
    920.00    -6.8895
    930.00    -6.3187
    940.00    -6.9981
    950.00    -6.7481
    960.00    -6.7692
    970.00    -7.1293
    980.00    -6.5303
    990.00    -7.3705
   1000.00    -6.5812
   1010.00    -7.0059
   1020.00    -6.9165
   1030.00    -7.0336
   1040.00    -7.0038
   1050.00    -7.2559
   1060.00    -7.1389
   1070.00    -6.9757
   1080.00    -7.2582
   1090.00    -6.9336
   1100.00    -7.2694
   1110.00    -7.3462
   1120.00    -7.2228
   1130.00    -7.0132
   1140.00    -7.1537
   1150.00    -7.5354
   1160.00    -7.2484
   1170.00    -7.0168
   1180.00    -7.5792
   1190.00    -7.1691
   1200.00    -7.0450
   1210.00    -7.3861
   1220.00    -6.4045
   1230.00    -7.2896
   1240.00    -7.2331
   1250.00    -7.0656
   1260.00    -6.8930
   1270.00    -6.9133
   1280.00    -7.6123
   1290.00    -7.4876
   1300.00    -7.1022
   1310.00    -7.1110
   1320.00    -6.7957
   1330.00    -6.8225
   1340.00    -7.0655
   1350.00    -7.4423
   1360.00    -6.8642
   1370.00    -6.8280
   1380.00    -7.3162
   1390.00    -7.5217
   1400.00    -7.2338
   1410.00    -7.1756
   1420.00    -7.1789
   1430.00    -7.0816
   1440.00    -7.0182
   1450.00    -7.0973
   1460.00    -6.8699
   1470.00    -7.0113
   1480.00    -6.9641
   1490.00    -7.1205
   1500.00    -7.2573
   1510.00    -7.3547
   1520.00    -7.1878
   1530.00    -7.1822
   1540.00    -7.4298
   1550.00    -7.0868
   1560.00    -7.0352
   1570.00    -7.3738
   1580.00    -7.1115
   1590.00    -7.2456
   1600.00    -6.8411
   1610.00    -7.3748
   1620.00    -7.2007
   1630.00    -7.0672
   1640.00    -6.8523
   1650.00    -6.8728
   1660.00    -7.1857
   1670.00    -7.3675
   1680.00    -7.7518
   1690.00    -6.6488
   1700.00    -6.4727
   1710.00    -7.2476
   1720.00    -7.2399
   1730.00    -7.1956
   1740.00    -7.4658
   1750.00    -7.1602
   1760.00    -7.3140
   1770.00    -7.3318
   1780.00    -7.5412
   1790.00    -6.8883
   1800.00    -7.5940
   1810.00    -7.2490
   1820.00    -6.7292
   1830.00    -7.2380
   1840.00    -7.0913
   1850.00    -7.5954
   1860.00    -6.7188
   1870.00    -6.9415
   1880.00    -7.1009
   1890.00    -7.4347
   1900.00    -7.3028
   1910.00    -7.3016
   1920.00    -6.6144
   1930.00    -7.2137
   1940.00    -7.1953
   1950.00    -7.2163
   1960.00    -6.8323
   1970.00    -7.0230
   1980.00    -7.1616
   1990.00    -6.7508
   2000.00    -7.3855
   2010.00    -7.5309
   2020.00    -7.2412
   2030.00    -7.2040
   2040.00    -6.4235
   2050.00    -6.6514
   2060.00    -6.5559
   2070.00    -7.1477
   2080.00    -6.6945
   2090.00    -6.9553
   2100.00    -6.9655
   2110.00    -6.9038
   2120.00    -7.4730
   2130.00    -6.5333
   2140.00    -6.8936
   2150.00    -6.8057
   2160.00    -6.5177
   2170.00    -6.7802
   2180.00    -6.7887
   2190.00    -7.0616
   2200.00    -7.0025
   2210.00    -6.8742
   2220.00    -6.9937
   2230.00    -7.1948
   2240.00    -6.9184
   2250.00    -7.0444
   2260.00    -6.8220
   2270.00    -6.7006
   2280.00    -6.9685
   2290.00    -7.4196
   2300.00    -6.9984
   2310.00    -7.0526
   2320.00    -7.3305
   2330.00    -7.1378
   2340.00    -7.2516
   2350.00    -7.4400
   2360.00    -6.8405
   2370.00    -7.1837
   2380.00    -6.7449
   2390.00    -7.0135
   2400.00    -6.7561
   2410.00    -7.0190
   2420.00    -6.7946
   2430.00    -7.1887
   2440.00    -7.3859
   2450.00    -7.2591
   2460.00    -7.3619
   2470.00    -6.6803
   2480.00    -7.2222
   2490.00    -7.0799
   2500.00    -7.0705
   2510.00    -6.9762
   2520.00    -7.2520
   2530.00    -7.0100
   2540.00    -6.8687
   2550.00    -6.7896
   2560.00    -7.1945
   2570.00    -6.8595
   2580.00    -6.8128
   2590.00    -6.6543
   2600.00    -6.4975
   2610.00    -6.9834
   2620.00    -7.1524
   2630.00    -6.9084
   2640.00    -6.9246
   2650.00    -7.2797
   2660.00    -6.7215
   2670.00    -6.9957
   2680.00    -7.0884
   2690.00    -7.0115
   2700.00    -6.7704
   2710.00    -6.8699
   2720.00    -6.7052
   2730.00    -6.9973
   2740.00    -6.9550
   2750.00    -6.9612
   2760.00    -7.0838
   2770.00    -6.7403
   2780.00    -6.7122
   2790.00    -7.1901
   2800.00    -7.1043
   2810.00    -7.2067
   2820.00    -6.6125
   2830.00    -7.4064
   2840.00    -7.7887
   2850.00    -7.1315
   2860.00    -7.1641
   2870.00    -6.8744
   2880.00    -6.8991
   2890.00    -7.4532
   2900.00    -7.6773
   2910.00    -6.8318
   2920.00    -6.9243
   2930.00    -7.0507
   2940.00    -7.3549
   2950.00    -7.6159
   2960.00    -7.2410
   2970.00    -7.3281
   2980.00    -7.0826
   2990.00    -7.0427
   3000.00    -6.7924
   3010.00    -6.7556
   3020.00    -6.9816
   3030.00    -6.9636
   3040.00    -7.0505
   3050.00    -6.3693
   3060.00    -7.6522
   3070.00    -7.7802
   3080.00    -7.4748
   3090.00    -7.0772
   3100.00    -6.6615
   3110.00    -6.9572
   3120.00    -6.8591
   3130.00    -7.4206
   3140.00    -7.3599
   3150.00    -7.2411
   3160.00    -7.2644
   3170.00    -7.1943
   3180.00    -7.0733
   3190.00    -7.1308
   3200.00    -7.1470
   3210.00    -6.6586
   3220.00    -6.9959
   3230.00    -7.3073
   3240.00    -6.9206
   3250.00    -7.0014
   3260.00    -6.8090
   3270.00    -6.7703
   3280.00    -7.2646
   3290.00    -7.2649
   3300.00    -7.4228
   3310.00    -7.1239
   3320.00    -7.0825
   3330.00    -6.8841
   3340.00    -7.2627
   3350.00    -7.1142
   3360.00    -6.8292
   3370.00    -6.6399
   3380.00    -7.4968
   3390.00    -7.4569
   3400.00    -7.3423
   3410.00    -7.1615
   3420.00    -7.3034
   3430.00    -6.6801
   3440.00    -6.9227
   3450.00    -7.2279
   3460.00    -7.3286
   3470.00    -7.2524
   3480.00    -6.8759
   3490.00    -7.1236
   3500.00    -6.9615
   3510.00    -6.7593
   3520.00    -6.9797
   3530.00    -6.8692
   3540.00    -6.8339
   3550.00    -7.3842
   3560.00    -7.0872
   3570.00    -7.1424
   3580.00    -7.0660
   3590.00    -7.2799
   3600.00    -6.5033
   3610.00    -7.1221
   3620.00    -6.9861
   3630.00    -6.9753
   3640.00    -6.8685
   3650.00    -7.4632
   3660.00    -7.0119
   3670.00    -7.3085
   3680.00    -6.5984
   3690.00    -7.6404
   3700.00    -7.4711
   3710.00    -7.0272
   3720.00    -7.1901
   3730.00    -7.1374
   3740.00    -6.8451
   3750.00    -6.6852
   3760.00    -6.7456
   3770.00    -6.6443
   3780.00    -7.1873
   3790.00    -7.1112
   3800.00    -6.8726
   3810.00    -7.1844
   3820.00    -7.3190
   3830.00    -7.2843
   3840.00    -7.2646
   3850.00    -7.2146
   3860.00    -7.5711
   3870.00    -7.0360
   3880.00    -7.0811
   3890.00    -7.0575
   3900.00    -6.9001
   3910.00    -6.9863
   3920.00    -6.5963
   3930.00    -7.4602
   3940.00    -7.7126
   3950.00    -7.5028
   3960.00    -7.4897
   3970.00    -7.3221
   3980.00    -6.9434
   3990.00    -6.6715
   4000.00    -7.6354
   4010.00    -7.0518
   4020.00    -7.2919
   4030.00    -6.8464
   4040.00    -6.8782
   4050.00    -7.7232
   4060.00    -7.3044
   4070.00    -7.1665
   4080.00    -6.9089
   4090.00    -6.8696
   4100.00    -6.9749
   4110.00    -7.0812
   4120.00    -6.5445
   4130.00    -7.3925
   4140.00    -6.7805
   4150.00    -7.0467
   4160.00    -6.9546
   4170.00    -6.7644
   4180.00    -7.6861
   4190.00    -7.1024
   4200.00    -6.9193
   4210.00    -7.3232
   4220.00    -7.3068
   4230.00    -6.9876
   4240.00    -7.0788
   4250.00    -6.6449
   4260.00    -7.4941
   4270.00    -7.3081
   4280.00    -7.5323
   4290.00    -7.3952
   4300.00    -6.8117
   4310.00    -6.5813
   4320.00    -6.9442
   4330.00    -6.7368
   4340.00    -6.5349
   4350.00    -6.8507
   4360.00    -6.7225
   4370.00    -7.0751
   4380.00    -6.9142
   4390.00    -6.6463
   4400.00    -7.2390
   4410.00    -6.8062
   4420.00    -7.1617
   4430.00    -6.9772
   4440.00    -6.9771
   4450.00    -7.0698
   4460.00    -6.9623
   4470.00    -6.9484
   4480.00    -6.6812
   4490.00    -7.0422
   4500.00    -6.7264
   4510.00    -6.8779
   4520.00    -7.3993
   4530.00    -7.1535
   4540.00    -6.8612
   4550.00    -6.7164
   4560.00    -7.4219
   4570.00    -6.6921
   4580.00    -6.8858
   4590.00    -6.8454
   4600.00    -7.5772
   4610.00    -7.1419
   4620.00    -7.3622
   4630.00    -6.8722
   4640.00    -7.0331
   4650.00    -7.0104
   4660.00    -7.4132
   4670.00    -6.9795
   4680.00    -7.0984
   4690.00    -6.9726
   4700.00    -7.0212
   4710.00    -6.7850
   4720.00    -6.9804
   4730.00    -7.0771
   4740.00    -7.1748
   4750.00    -7.1903
   4760.00    -6.8772
   4770.00    -6.5613
   4780.00    -7.0965
   4790.00    -6.8716
   4800.00    -6.8286
   4810.00    -6.6386
   4820.00    -6.8916
   4830.00    -7.1331
   4840.00    -7.0316
   4850.00    -7.1211
   4860.00    -7.1228
   4870.00    -6.6122
   4880.00    -7.1078
   4890.00    -7.0797
   4900.00    -6.6915
   4910.00    -7.1537
   4920.00    -6.8959
   4930.00    -7.3963
   4940.00    -6.6973
   4950.00    -6.9273
   4960.00    -6.9050
   4970.00    -6.4214
   4980.00    -7.0242
   4990.00    -6.9292
   5000.00    -7.2086
   5010.00    -7.2623
   5020.00    -6.9191
   5030.00    -6.8345
   5040.00    -7.5108
   5050.00    -7.2460
   5060.00    -6.8335
   5070.00    -6.6187
   5080.00    -7.3211
   5090.00    -6.8032
   5100.00    -6.9722
   5110.00    -7.0953
   5120.00    -7.0270
   5130.00    -6.8020
   5140.00    -6.9842
   5150.00    -6.7171
   5160.00    -6.5554
   5170.00    -6.9328
   5180.00    -6.9740
   5190.00    -7.4116
   5200.00    -7.3411
   5210.00    -7.4118
   5220.00    -6.9661
   5230.00    -6.7170
   5240.00    -6.3388
   5250.00    -7.3788
   5260.00    -7.2993
   5270.00    -6.7650
   5280.00    -6.7895
   5290.00    -6.8537
   5300.00    -6.9225
   5310.00    -7.3058
   5320.00    -6.8695
   5330.00    -7.1560
   5340.00    -7.1450
   5350.00    -6.9164
   5360.00    -7.3256
   5370.00    -6.6710
   5380.00    -6.6377
   5390.00    -7.0893
   5400.00    -6.9624
   5410.00    -7.2355
   5420.00    -7.2075
   5430.00    -6.8426
   5440.00    -6.9863
   5450.00    -7.6493
   5460.00    -6.9231
   5470.00    -7.3005
   5480.00    -7.0587
   5490.00    -7.2331
   5500.00    -6.8831
   5510.00    -7.3925
   5520.00    -6.9474
   5530.00    -7.5459
   5540.00    -7.2552
   5550.00    -6.9922
   5560.00    -7.7292
   5570.00    -7.3118
   5580.00    -6.6707
   5590.00    -6.8585
   5600.00    -7.0053
   5610.00    -7.0471
   5620.00    -6.4822
   5630.00    -7.2047
   5640.00    -6.7601
   5650.00    -6.9956
   5660.00    -6.6802
   5670.00    -7.0790
   5680.00    -7.0770
   5690.00    -7.1784
   5700.00    -7.3259
   5710.00    -7.3185
   5720.00    -6.7483
   5730.00    -7.2683
   5740.00    -7.7059
   5750.00    -6.5598
   5760.00    -7.0278
   5770.00    -6.8779
   5780.00    -6.6661
   5790.00    -7.2370
   5800.00    -7.0109
   5810.00    -7.1975
   5820.00    -7.0486
   5830.00    -7.3532
   5840.00    -7.0822
   5850.00    -7.0677
   5860.00    -7.1857
   5870.00    -6.9999
   5880.00    -6.7151
   5890.00    -7.3533
   5900.00    -6.9811
   5910.00    -6.3131
   5920.00    -7.1284
   5930.00    -6.4636
   5940.00    -6.7989
   5950.00    -7.2665
   5960.00    -6.7466
   5970.00    -6.9902
   5980.00    -6.8570
   5990.00    -6.6686
   6000.00    -7.0075
   6010.00    -6.9077
   6020.00    -7.4414
   6030.00    -7.3553
   6040.00    -6.8943
   6050.00    -6.5885
   6060.00    -7.6535
   6070.00    -6.8687
   6080.00    -7.1176
   6090.00    -7.2230
   6100.00    -7.0652
   6110.00    -7.3609
   6120.00    -7.2527
   6130.00    -7.3586
   6140.00    -6.8337
   6150.00    -6.5790
   6160.00    -7.1278
   6170.00    -7.0367
   6180.00    -7.0101
   6190.00    -6.8813
   6200.00    -6.9739
   6210.00    -7.0336
   6220.00    -7.2545
   6230.00    -6.9068
   6240.00    -7.1977
   6250.00    -7.2434
   6260.00    -7.0602
   6270.00    -6.9811
   6280.00    -7.4292
   6290.00    -7.2123
   6300.00    -6.7930
   6310.00    -6.9498
   6320.00    -6.9352
   6330.00    -6.9561
   6340.00    -6.6096
   6350.00    -6.8553
   6360.00    -7.1582
   6370.00    -7.1404
   6380.00    -7.4146
   6390.00    -7.1971
   6400.00    -7.2785
   6410.00    -7.3893
   6420.00    -6.9156
   6430.00    -7.0154
   6440.00    -6.6778
   6450.00    -7.8552
   6460.00    -6.7618
   6470.00    -7.0020
   6480.00    -7.0453
   6490.00    -7.0774
   6500.00    -7.0897
   6510.00    -6.9262
   6520.00    -6.7936
   6530.00    -6.7600
   6540.00    -6.7491
   6550.00    -7.2995
   6560.00    -7.0447
   6570.00    -7.0343
   6580.00    -6.8575
   6590.00    -6.7995
   6600.00    -6.7143
   6610.00    -6.6547
   6620.00    -6.8563
   6630.00    -6.7020
   6640.00    -6.8423
   6650.00    -6.9797
   6660.00    -7.2982
   6670.00    -6.7679
   6680.00    -6.5032
   6690.00    -6.7728
   6700.00    -7.5400
   6710.00    -6.5756
   6720.00    -6.6672
   6730.00    -7.2260
   6740.00    -7.1232
   6750.00    -6.6726
   6760.00    -7.3131
   6770.00    -6.5473
   6780.00    -7.3488
   6790.00    -7.3940
   6800.00    -6.9089
   6810.00    -6.7874
   6820.00    -6.9794
   6830.00    -6.8992
   6840.00    -6.8358
   6850.00    -6.8304
   6860.00    -7.0908
   6870.00    -6.9930
   6880.00    -6.8674
   6890.00    -6.6671
   6900.00    -6.8198
   6910.00    -7.0069
   6920.00    -7.1245
   6930.00    -7.1211
   6940.00    -7.2354
   6950.00    -6.6563
   6960.00    -6.5838
   6970.00    -6.8312
   6980.00    -7.1723
   6990.00    -7.2888
   7000.00    -6.7645
   7010.00    -6.8274
   7020.00    -6.8700
   7030.00    -7.5219
   7040.00    -7.4579
   7050.00    -7.0346
   7060.00    -7.1223
   7070.00    -7.2489
   7080.00    -7.1177
   7090.00    -7.0023
   7100.00    -7.0395
   7110.00    -7.3387
   7120.00    -7.0742
   7130.00    -6.9978
   7140.00    -7.4746
   7150.00    -7.1607
   7160.00    -6.9956
   7170.00    -6.6871
   7180.00    -6.5670
   7190.00    -6.7760
   7200.00    -6.7688
   7210.00    -7.2191
   7220.00    -7.1978
   7230.00    -7.5122
   7240.00    -6.8528
   7250.00    -6.5768
   7260.00    -6.9969
   7270.00    -7.2802
   7280.00    -6.9391
   7290.00    -7.4656
   7300.00    -6.9243
   7310.00    -6.6851
   7320.00    -7.0181
   7330.00    -7.0686
   7340.00    -6.5776
   7350.00    -7.1700
   7360.00    -6.9352
   7370.00    -6.7671
   7380.00    -6.8977
   7390.00    -6.9620
   7400.00    -6.5797
   7410.00    -7.0704
   7420.00    -7.1500
   7430.00    -7.2028
   7440.00    -7.4678
   7450.00    -6.6671
   7460.00    -7.1800
   7470.00    -7.4422
   7480.00    -6.7567
   7490.00    -7.0156
   7500.00    -7.1125
   7510.00    -6.7661
   7520.00    -7.2311
   7530.00    -7.0945
   7540.00    -6.8968
   7550.00    -7.2602
   7560.00    -7.1918
   7570.00    -7.2421
   7580.00    -6.8187
   7590.00    -6.9982
   7600.00    -7.0063
   7610.00    -7.1348
   7620.00    -6.9396
   7630.00    -6.9901
   7640.00    -6.9334
   7650.00    -6.7890
   7660.00    -6.9891
   7670.00    -6.8309
   7680.00    -7.3553
   7690.00    -7.0582
   7700.00    -7.2939
   7710.00    -6.7103
   7720.00    -6.4940
   7730.00    -6.7818
   7740.00    -6.7125
   7750.00    -6.8837
   7760.00    -6.3937
   7770.00    -7.1660
   7780.00    -6.6957
   7790.00    -6.9381
   7800.00    -6.5210
   7810.00    -7.3580
   7820.00    -7.2652
   7830.00    -6.7485
   7840.00    -6.9443
   7850.00    -6.7151
   7860.00    -6.5298
   7870.00    -7.7446
   7880.00    -7.2483
   7890.00    -7.1380
   7900.00    -6.9040
   7910.00    -7.2616
   7920.00    -6.7553
   7930.00    -6.8074
   7940.00    -7.3571
   7950.00    -6.7579
   7960.00    -7.5304
   7970.00    -7.2946
   7980.00    -7.8794
   7990.00    -7.3318
   8000.00    -7.6010
   8010.00    -6.8244
   8020.00    -7.0259
   8030.00    -7.2678
   8040.00    -6.6631
   8050.00    -7.3327
   8060.00    -7.0595
   8070.00    -7.1298
   8080.00    -6.9379
   8090.00    -6.9909
   8100.00    -6.6688
   8110.00    -6.8488
   8120.00    -6.6643
   8130.00    -7.1451
   8140.00    -6.2489
   8150.00    -7.3355
   8160.00    -6.9473
   8170.00    -7.2285
   8180.00    -6.7960
   8190.00    -7.3401
   8200.00    -6.9149
   8210.00    -7.8567
   8220.00    -6.9132
   8230.00    -7.1853
   8240.00    -7.5930
   8250.00    -7.3268
   8260.00    -6.8679
   8270.00    -7.5033
   8280.00    -6.6345
   8290.00    -6.7867
   8300.00    -7.5531
   8310.00    -6.8177
   8320.00    -7.0342
   8330.00    -6.4452
   8340.00    -7.6137
   8350.00    -7.3676
   8360.00    -7.3154
   8370.00    -7.3398
   8380.00    -7.2682
   8390.00    -7.1762
   8400.00    -7.2452
   8410.00    -7.0263
   8420.00    -7.0738
   8430.00    -7.3608
   8440.00    -6.9150
   8450.00    -6.8999
   8460.00    -7.3711
   8470.00    -6.7569
   8480.00    -6.7427
   8490.00    -6.9188
   8500.00    -7.2712
   8510.00    -7.5942
   8520.00    -7.0565
   8530.00    -7.4055
   8540.00    -6.7132
   8550.00    -7.2936
   8560.00    -6.9771
   8570.00    -7.3774
   8580.00    -7.2124
   8590.00    -6.9742
   8600.00    -7.6753
   8610.00    -7.7133
   8620.00    -7.0657
   8630.00    -6.6116
   8640.00    -7.3469
   8650.00    -7.1641
   8660.00    -7.2623
   8670.00    -7.3069
   8680.00    -6.8952
   8690.00    -7.2250
   8700.00    -7.1889
   8710.00    -7.3222
   8720.00    -6.9777
   8730.00    -7.4420
   8740.00    -7.0692
   8750.00    -7.3042
   8760.00    -6.9368
   8770.00    -7.1653
   8780.00    -7.4611
   8790.00    -6.7892
   8800.00    -7.4761
   8810.00    -7.2014
   8820.00    -7.0587
   8830.00    -6.8653
   8840.00    -7.0641
   8850.00    -6.9175
   8860.00    -7.2975
   8870.00    -6.2220
   8880.00    -6.9159
   8890.00    -6.9166
   8900.00    -7.2485
   8910.00    -6.4067
   8920.00    -7.2698
   8930.00    -6.8838
   8940.00    -6.8116
   8950.00    -6.9803
   8960.00    -6.9510
   8970.00    -7.0327
   8980.00    -7.1701
   8990.00    -6.6733
   9000.00    -6.7776
   9010.00    -6.8932
   9020.00    -7.7047
   9030.00    -6.9422
   9040.00    -6.9646
   9050.00    -6.6623
   9060.00    -6.6920
   9070.00    -7.4488
   9080.00    -6.9117
   9090.00    -6.8998
   9100.00    -6.7029
   9110.00    -6.8853
   9120.00    -6.8752
   9130.00    -6.9138
   9140.00    -6.8795
   9150.00    -7.4729
   9160.00    -7.2037
   9170.00    -7.2099
   9180.00    -6.8369
   9190.00    -7.7257
   9200.00    -7.0585
   9210.00    -6.9205
   9220.00    -6.5885
   9230.00    -7.1724
   9240.00    -7.2962
   9250.00    -7.0101
   9260.00    -7.3385
   9270.00    -7.2585
   9280.00    -7.2780
   9290.00    -7.1014
   9300.00    -6.7490
   9310.00    -6.8776
   9320.00    -7.4612
   9330.00    -7.1797
   9340.00    -7.1917
   9350.00    -7.1635
   9360.00    -7.3053
   9370.00    -7.3203
   9380.00    -6.9627
   9390.00    -7.5781
   9400.00    -7.1724
   9410.00    -7.0123
   9420.00    -7.3364
   9430.00    -7.0098
   9440.00    -7.2316
   9450.00    -6.6685
   9460.00    -6.8952
   9470.00    -7.4078
   9480.00    -6.9008
   9490.00    -7.5152
   9500.00    -6.8358
   9510.00    -7.0888
   9520.00    -6.4051
   9530.00    -7.2723
   9540.00    -7.2566
   9550.00    -7.0586
   9560.00    -7.2034
   9570.00    -7.7548
   9580.00    -7.1403
   9590.00    -7.4501
   9600.00    -7.0223
   9610.00    -7.4421
   9620.00    -6.9639
   9630.00    -7.1749
   9640.00    -7.3777
   9650.00    -6.9383
   9660.00    -6.9662
   9670.00    -7.1965
   9680.00    -7.2539
   9690.00    -7.1945
   9700.00    -6.7640
   9710.00    -7.1802
   9720.00    -7.7027
   9730.00    -7.2346
   9740.00    -7.1829
   9750.00    -7.3537
   9760.00    -7.8732
   9770.00    -6.7619
   9780.00    -7.7850
   9790.00    -7.6317
   9800.00    -7.2498
   9810.00    -6.2948
   9820.00    -7.1061
   9830.00    -6.9531
   9840.00    -7.1655
   9850.00    -7.4401
   9860.00    -7.1461
   9870.00    -7.3106
   9880.00    -7.1314
   9890.00    -6.8502
   9900.00    -6.9894
   9910.00    -7.1117
   9920.00    -7.2368
   9930.00    -6.6356
   9940.00    -6.6730
   9950.00    -6.2631
   9960.00    -7.0990
   9970.00    -6.9738
   9980.00    -6.9396
   9990.00    -7.6003
  10000.00    -7.2129
  10010.00    -6.9563
  10020.00    -6.5921
  10030.00    -6.7694
  10040.00    -6.5956
  10050.00    -6.9689
  10060.00    -7.5528
  10070.00    -7.4868
  10080.00    -7.1811
  10090.00    -7.4534
  10100.00    -7.2531
  10110.00    -7.2346
  10120.00    -7.0483
  10130.00    -7.0053
  10140.00    -7.0354
  10150.00    -7.5170
  10160.00    -7.3226
  10170.00    -6.8699
  10180.00    -7.0870
  10190.00    -7.6511
  10200.00    -7.6986
  10210.00    -6.9660
  10220.00    -7.0878
  10230.00    -7.1299
  10240.00    -7.3770
  10250.00    -7.1044
  10260.00    -7.0584
  10270.00    -7.2900
  10280.00    -7.0020
  10290.00    -6.5472
  10300.00    -7.1616
  10310.00    -7.4225
  10320.00    -6.9194
  10330.00    -7.0238
  10340.00    -7.5560
  10350.00    -7.2377
  10360.00    -7.1076
  10370.00    -7.4119
  10380.00    -7.2244
  10390.00    -7.3965
  10400.00    -7.5393
  10410.00    -6.7913
  10420.00    -7.2899
  10430.00    -7.0021
  10440.00    -6.8008
  10450.00    -7.3908
  10460.00    -7.0774
  10470.00    -6.7112
  10480.00    -6.9695
  10490.00    -7.3717
  10500.00    -7.3458
  10510.00    -7.5326
  10520.00    -7.2091
  10530.00    -6.8213
  10540.00    -7.3358
  10550.00    -7.0971
  10560.00    -7.1583
  10570.00    -7.0860
  10580.00    -7.1100
  10590.00    -7.3366
  10600.00    -7.1369
  10610.00    -6.8057
  10620.00    -7.1547
  10630.00    -7.4498
  10640.00    -7.0770
  10650.00    -7.2167
  10660.00    -7.2833
  10670.00    -7.6012
  10680.00    -7.2566
  10690.00    -7.3456
  10700.00    -7.1730
  10710.00    -6.6950
  10720.00    -7.2617
  10730.00    -7.0928
  10740.00    -6.9870
  10750.00    -7.1915
  10760.00    -7.0102
  10770.00    -7.2532
  10780.00    -7.4048
  10790.00    -7.4582
  10800.00    -7.4471
  10810.00    -6.8941
  10820.00    -7.2821
  10830.00    -7.0185
  10840.00    -7.1862
  10850.00    -6.6754
  10860.00    -6.5213
  10870.00    -7.0100
  10880.00    -7.4538
  10890.00    -7.4072
  10900.00    -6.9766
  10910.00    -6.6707
  10920.00    -6.9864
  10930.00    -6.5095
  10940.00    -7.0657
  10950.00    -7.0431
  10960.00    -7.2059
  10970.00    -6.9126
  10980.00    -7.0656
  10990.00    -7.2101
  11000.00    -6.5442
  11010.00    -7.1581
  11020.00    -7.0585
  11030.00    -7.3458
  11040.00    -7.2898
  11050.00    -7.1667
  11060.00    -6.7148
  11070.00    -6.8275
  11080.00    -6.8402
  11090.00    -7.1723
  11100.00    -6.9881
  11110.00    -7.2509
  11120.00    -6.8900
  11130.00    -7.2424
  11140.00    -7.2487
  11150.00    -7.2430
  11160.00    -7.1452
  11170.00    -7.1718
  11180.00    -7.3009
  11190.00    -6.6665
  11200.00    -6.8355
  11210.00    -6.4827
  11220.00    -7.1961
  11230.00    -6.7915
  11240.00    -7.0572
  11250.00    -7.2471
  11260.00    -7.0467
  11270.00    -7.0537
  11280.00    -6.9175
  11290.00    -7.0652
  11300.00    -6.8484
  11310.00    -6.9171
  11320.00    -6.5369
  11330.00    -7.1976
  11340.00    -7.2332
  11350.00    -7.1812
  11360.00    -7.2270
  11370.00    -7.6577
  11380.00    -7.2556
  11390.00    -7.0384
  11400.00    -6.7940
  11410.00    -6.8575
  11420.00    -6.7396
  11430.00    -7.0931
  11440.00    -6.5496
  11450.00    -6.9597
  11460.00    -7.0772
  11470.00    -6.9880
  11480.00    -6.9119
  11490.00    -6.7755
  11500.00    -6.9470
  11510.00    -6.7921
  11520.00    -6.9673
  11530.00    -6.9546
  11540.00    -7.2916
  11550.00    -6.8685
  11560.00    -6.5830
  11570.00    -6.5454
  11580.00    -6.7217
  11590.00    -7.7442
  11600.00    -6.9496
  11610.00    -7.1768
  11620.00    -7.3844
  11630.00    -6.8863
  11640.00    -6.8007
  11650.00    -7.0152
  11660.00    -7.0476
  11670.00    -6.8953
  11680.00    -7.1196
  11690.00    -6.9795
  11700.00    -7.0129
  11710.00    -6.9381
  11720.00    -7.0759
  11730.00    -7.1374
  11740.00    -6.7039
  11750.00    -6.8859
  11760.00    -7.0371
  11770.00    -7.2683
  11780.00    -7.0831
  11790.00    -6.4690
  11800.00    -7.4465
  11810.00    -7.1220
  11820.00    -7.1395
  11830.00    -7.0690
  11840.00    -7.5076
  11850.00    -6.8658
  11860.00    -6.7120
  11870.00    -7.3815
  11880.00    -7.2913
  11890.00    -7.1242
  11900.00    -6.8108
  11910.00    -7.3048
  11920.00    -7.4733
  11930.00    -6.7131
  11940.00    -6.8210
  11950.00    -6.6678
  11960.00    -6.9613
  11970.00    -7.0158
  11980.00    -7.0892
  11990.00    -7.3085
  12000.00    -7.1524
  12010.00    -7.3530
  12020.00    -7.0201
  12030.00    -6.9273
  12040.00    -7.2527
  12050.00    -6.9309
  12060.00    -7.2780
  12070.00    -7.0667
  12080.00    -7.3315
  12090.00    -7.1932
  12100.00    -7.1907
  12110.00    -7.0771
  12120.00    -6.7604
  12130.00    -7.0433
  12140.00    -7.2466
  12150.00    -6.8191
  12160.00    -6.9664
  12170.00    -7.1800
  12180.00    -7.4798
  12190.00    -6.9017
  12200.00    -7.1507
  12210.00    -7.1435
  12220.00    -7.1881
  12230.00    -7.7737
  12240.00    -7.1449
  12250.00    -7.4146
  12260.00    -7.0970
  12270.00    -7.1249
  12280.00    -7.2410
  12290.00    -7.3771
  12300.00    -6.9715
  12310.00    -7.0568
  12320.00    -7.2039
  12330.00    -6.8743
  12340.00    -7.1850
  12350.00    -7.3340
  12360.00    -7.1697
  12370.00    -7.0291
  12380.00    -6.9317
  12390.00    -7.2615
  12400.00    -7.1398
  12410.00    -7.3587
  12420.00    -6.8548
  12430.00    -6.8528
  12440.00    -7.2825
  12450.00    -6.8637
  12460.00    -6.8183
  12470.00    -7.2257
  12480.00    -7.5094
  12490.00    -7.3139
  12500.00    -6.6943
  12510.00    -6.9366
  12520.00    -7.2291
  12530.00    -7.4493
  12540.00    -6.8411
  12550.00    -7.3692
  12560.00    -7.0627
  12570.00    -7.3372
  12580.00    -7.2500
  12590.00    -6.3225
  12600.00    -6.5380
  12610.00    -6.8383
  12620.00    -7.3259
  12630.00    -7.3242
  12640.00    -7.4926
  12650.00    -7.5104
  12660.00    -7.5009
  12670.00    -6.9229
  12680.00    -6.9441
  12690.00    -7.0152
  12700.00    -6.9611
  12710.00    -6.8001
  12720.00    -7.0203
  12730.00    -7.3634
  12740.00    -6.4848
  12750.00    -7.4016
  12760.00    -6.9842
  12770.00    -6.6361
  12780.00    -6.9612
  12790.00    -7.1543
  12800.00    -7.0012
  12810.00    -6.9176
  12820.00    -6.8021
  12830.00    -7.2131
  12840.00    -6.9597
  12850.00    -7.1064
  12860.00    -6.5390
  12870.00    -7.4639
  12880.00    -7.4385
  12890.00    -7.0991
  12900.00    -7.6623
  12910.00    -7.2864
  12920.00    -6.8213
  12930.00    -7.0255
  12940.00    -7.0944
  12950.00    -6.7725
  12960.00    -6.5337
  12970.00    -6.9581
  12980.00    -6.8727
  12990.00    -7.0558
  13000.00    -6.6835
  13010.00    -7.1009
  13020.00    -6.9710
  13030.00    -7.1639
  13040.00    -6.8085
  13050.00    -6.8464
  13060.00    -6.8037
  13070.00    -7.4324
  13080.00    -7.2194
  13090.00    -6.6556
  13100.00    -6.9777
  13110.00    -6.9710
  13120.00    -6.8937
  13130.00    -6.9076
  13140.00    -6.8040
  13150.00    -7.0793
  13160.00    -7.2966
  13170.00    -6.7039
  13180.00    -7.4525
  13190.00    -6.8245
  13200.00    -6.7565
  13210.00    -7.0612
  13220.00    -7.1501
  13230.00    -7.0805
  13240.00    -7.4168
  13250.00    -7.0843
  13260.00    -7.1163
  13270.00    -6.8858
  13280.00    -6.7979
  13290.00    -7.0130
  13300.00    -6.9651
  13310.00    -7.0622
  13320.00    -6.6810
  13330.00    -7.1007
  13340.00    -7.3991
  13350.00    -7.3260
  13360.00    -6.7917
  13370.00    -7.5809
  13380.00    -7.0546
  13390.00    -7.8817
  13400.00    -7.6743
  13410.00    -7.1675
  13420.00    -6.8481
  13430.00    -7.0139
  13440.00    -6.7388
  13450.00    -6.7548
  13460.00    -6.9479
  13470.00    -7.2090
  13480.00    -6.8921
  13490.00    -6.8997
  13500.00    -7.0918
  13510.00    -7.1997
  13520.00    -7.2250
  13530.00    -7.0718
  13540.00    -7.0465
  13550.00    -6.9135
  13560.00    -6.7784
  13570.00    -6.9083
  13580.00    -6.8584
  13590.00    -6.7817
  13600.00    -7.2031
  13610.00    -7.3844
  13620.00    -7.1240
  13630.00    -7.1907
  13640.00    -7.3238
  13650.00    -6.9881
  13660.00    -6.3970
  13670.00    -7.3942
  13680.00    -7.1752
  13690.00    -6.6272
  13700.00    -6.8150
  13710.00    -7.2569
  13720.00    -7.0237
  13730.00    -6.7398
  13740.00    -6.9507
  13750.00    -6.8358
  13760.00    -7.1553
  13770.00    -7.4020
  13780.00    -7.0453
  13790.00    -7.2830
  13800.00    -7.2272
  13810.00    -7.2528
  13820.00    -6.8899
  13830.00    -7.8161
  13840.00    -7.8001
  13850.00    -7.3658
  13860.00    -7.1221
  13870.00    -7.4077
  13880.00    -7.1311
  13890.00    -7.3810
  13900.00    -6.9349
  13910.00    -6.7551
  13920.00    -7.1330
  13930.00    -7.6300
  13940.00    -6.8574
  13950.00    -7.1411
  13960.00    -7.0126
  13970.00    -7.3889
  13980.00    -6.7113
  13990.00    -7.0169
  14000.00    -6.8085
  14010.00    -7.2503
  14020.00    -6.9287
  14030.00    -6.9482
  14040.00    -7.1251
  14050.00    -7.4028
  14060.00    -7.1438
  14070.00    -7.4052
  14080.00    -7.0905
  14090.00    -7.4393
  14100.00    -7.0079
  14110.00    -7.1303
  14120.00    -7.0136
  14130.00    -7.0330
  14140.00    -7.4403
  14150.00    -6.8210
  14160.00    -7.1472
  14170.00    -7.1926
  14180.00    -6.8854
  14190.00    -7.0366
  14200.00    -6.5697
  14210.00    -7.4012
  14220.00    -6.5798
  14230.00    -6.9843
  14240.00    -6.8595
  14250.00    -6.8247
  14260.00    -7.2005
  14270.00    -7.1287
  14280.00    -6.7583
  14290.00    -6.8725
  14300.00    -6.7797
  14310.00    -7.0804
  14320.00    -7.0458
  14330.00    -7.2269
  14340.00    -7.4483
  14350.00    -7.4905
  14360.00    -7.6143
  14370.00    -7.2266
  14380.00    -7.2805
  14390.00    -7.1604
  14400.00    -6.7892
  14410.00    -7.3781
  14420.00    -7.4225
  14430.00    -7.2803
  14440.00    -7.9338
  14450.00    -7.4582
  14460.00    -7.4433
  14470.00    -6.7175
  14480.00    -7.2634
  14490.00    -7.1072
  14500.00    -7.2935
  14510.00    -7.3580
  14520.00    -6.8123
  14530.00    -7.0716
  14540.00    -7.2922
  14550.00    -7.2012
  14560.00    -7.5703
  14570.00    -6.5453
  14580.00    -7.0026
  14590.00    -7.1341
  14600.00    -7.1023
  14610.00    -7.3771
  14620.00    -7.0638
  14630.00    -7.0027
  14640.00    -7.2775
  14650.00    -7.0674
  14660.00    -7.4790
  14670.00    -7.0907
  14680.00    -7.2857
  14690.00    -7.4691
  14700.00    -7.2051
  14710.00    -7.1557
  14720.00    -7.0209
  14730.00    -7.1461
  14740.00    -7.2072
  14750.00    -7.3288
  14760.00    -7.1020
  14770.00    -7.3154
  14780.00    -6.7384
  14790.00    -6.7325
  14800.00    -6.7137
  14810.00    -6.9386
  14820.00    -7.2786
  14830.00    -6.6984
  14840.00    -6.9202
  14850.00    -6.7215
  14860.00    -7.1882
  14870.00    -7.1428
  14880.00    -7.0766
  14890.00    -7.2747
  14900.00    -7.0656
  14910.00    -6.9322
  14920.00    -6.8428
  14930.00    -6.7842
  14940.00    -6.9461
  14950.00    -7.0403
  14960.00    -6.7988
  14970.00    -7.0632
  14980.00    -6.9155
  14990.00    -6.7740
  15000.00    -6.7814
  15010.00    -7.6128
  15020.00    -6.9128
  15030.00    -6.9798
  15040.00    -6.5901
  15050.00    -6.7127
  15060.00    -7.0618
  15070.00    -7.2414
  15080.00    -7.2258
  15090.00    -7.2570
  15100.00    -7.0634
  15110.00    -7.5066
  15120.00    -7.3741
  15130.00    -6.8129
  15140.00    -6.3574
  15150.00    -6.7759
  15160.00    -6.8269
  15170.00    -7.4571
  15180.00    -7.3688
  15190.00    -7.2057
  15200.00    -7.4077
  15210.00    -6.9114
  15220.00    -7.2805
  15230.00    -6.5334
  15240.00    -7.5401
  15250.00    -7.2325
  15260.00    -6.8742
  15270.00    -7.0949
  15280.00    -7.1034
  15290.00    -7.4144
  15300.00    -7.1657
  15310.00    -7.2729
  15320.00    -6.5552
  15330.00    -7.0379
  15340.00    -6.8658
  15350.00    -6.8205
  15360.00    -6.5256
  15370.00    -6.9417
  15380.00    -7.1524
  15390.00    -6.9204
  15400.00    -6.7980
  15410.00    -7.1694
  15420.00    -7.0313
  15430.00    -6.6708
  15440.00    -6.7701
  15450.00    -7.2960
  15460.00    -7.2598
  15470.00    -6.9079
  15480.00    -7.1955
  15490.00    -7.7397
  15500.00    -7.2793
  15510.00    -6.7546
  15520.00    -7.4908
  15530.00    -6.8374
  15540.00    -7.1207
  15550.00    -7.3918
  15560.00    -7.5331
  15570.00    -6.8576
  15580.00    -7.0684
  15590.00    -7.1674
  15600.00    -6.7965
  15610.00    -6.9722
  15620.00    -7.1535
  15630.00    -7.2284
  15640.00    -7.8035
  15650.00    -6.9491
  15660.00    -7.3398
  15670.00    -6.8683
  15680.00    -7.2810
  15690.00    -6.8524
  15700.00    -7.0897
  15710.00    -6.9647
  15720.00    -7.2359
  15730.00    -7.4350
  15740.00    -7.4675
  15750.00    -7.2577
  15760.00    -7.4741
  15770.00    -7.2615
  15780.00    -7.2649
  15790.00    -7.2949
  15800.00    -6.5796
  15810.00    -7.4487
  15820.00    -7.1520
  15830.00    -7.0922
  15840.00    -6.9662
  15850.00    -7.4724
  15860.00    -6.9468
  15870.00    -7.1330
  15880.00    -7.1844
  15890.00    -6.9682
  15900.00    -7.2501
  15910.00    -7.2701
  15920.00    -6.4477
  15930.00    -7.1054
  15940.00    -7.3580
  15950.00    -7.1543
  15960.00    -6.8948
  15970.00    -7.1973
  15980.00    -6.7332
  15990.00    -7.4402
  16000.00    -7.0578
  16010.00    -7.2126
  16020.00    -7.1792
  16030.00    -7.1301
  16040.00    -7.4195
  16050.00    -6.7571
  16060.00    -6.6742
  16070.00    -7.7556
  16080.00    -7.4167
  16090.00    -7.1341
  16100.00    -7.2482
  16110.00    -7.1089
  16120.00    -6.9401
  16130.00    -7.4617
  16140.00    -6.9673
  16150.00    -6.8788
  16160.00    -7.0376
  16170.00    -7.4530
  16180.00    -6.8615
  16190.00    -7.5521
  16200.00    -7.3870
  16210.00    -7.4226
  16220.00    -6.7775
  16230.00    -7.3281
  16240.00    -7.5409
  16250.00    -7.5132
  16260.00    -7.3307
  16270.00    -6.6251
  16280.00    -7.2441
  16290.00    -6.9289
  16300.00    -7.3430
  16310.00    -7.0778
  16320.00    -7.4749
  16330.00    -7.0002
  16340.00    -7.6472
  16350.00    -7.2847
  16360.00    -7.0309
  16370.00    -7.8850
  16380.00    -7.1524
  16390.00    -6.8880
  16400.00    -6.9888
  16410.00    -6.9843
  16420.00    -7.4929
  16430.00    -6.9319
  16440.00    -6.8888
  16450.00    -7.2948
  16460.00    -6.6597
  16470.00    -7.3102
  16480.00    -7.2509
  16490.00    -7.3768
  16500.00    -6.9344
  16510.00    -6.8941
  16520.00    -6.9728
  16530.00    -7.2061
  16540.00    -7.3431
  16550.00    -6.8161
  16560.00    -6.9935
  16570.00    -7.1689
  16580.00    -6.8149
  16590.00    -7.1952
  16600.00    -7.0413
  16610.00    -7.1489
  16620.00    -7.2682
  16630.00    -7.0179
  16640.00    -6.9900
  16650.00    -7.4269
  16660.00    -6.9957
  16670.00    -7.0085
  16680.00    -7.0865
  16690.00    -7.0742
  16700.00    -6.9684
  16710.00    -6.8189
  16720.00    -7.6184
  16730.00    -6.6741
  16740.00    -7.0384
  16750.00    -7.0363
  16760.00    -7.2558
  16770.00    -7.1555
  16780.00    -7.3450
  16790.00    -7.2017
  16800.00    -7.0256
  16810.00    -6.6322
  16820.00    -7.0767
  16830.00    -6.5110
  16840.00    -7.3504
  16850.00    -6.9702
  16860.00    -7.4047
  16870.00    -7.1994
  16880.00    -7.0616
  16890.00    -6.6086
  16900.00    -6.5374
  16910.00    -7.6492
  16920.00    -7.2906
  16930.00    -7.2156
  16940.00    -6.9355
  16950.00    -6.7506
  16960.00    -7.0831
  16970.00    -6.8693
  16980.00    -6.7507
  16990.00    -6.6610
  17000.00    -6.8092
  17010.00    -6.8432
  17020.00    -7.2195
  17030.00    -7.4723
  17040.00    -6.7307
  17050.00    -6.8462
  17060.00    -6.5751
  17070.00    -6.7726
  17080.00    -7.2595
  17090.00    -6.9431
  17100.00    -7.3465
  17110.00    -7.0998
  17120.00    -7.1419
  17130.00    -6.7465
  17140.00    -6.8047
  17150.00    -6.8020
  17160.00    -6.7964
  17170.00    -6.7975
  17180.00    -6.3075
  17190.00    -6.9933
  17200.00    -7.4907
  17210.00    -7.0624
  17220.00    -7.2838
  17230.00    -7.0665
  17240.00    -6.8690
  17250.00    -7.1917
  17260.00    -6.8689
  17270.00    -7.1837
  17280.00    -6.7189
  17290.00    -6.3487
  17300.00    -6.8993
  17310.00    -6.7581
  17320.00    -6.6057
  17330.00    -6.9917
  17340.00    -6.3139
  17350.00    -6.6842
  17360.00    -6.5336
  17370.00    -6.5517
  17380.00    -6.7743
  17390.00    -6.7395
  17400.00    -7.3468
  17410.00    -7.2396
  17420.00    -7.1635
  17430.00    -6.7474
  17440.00    -6.9013
  17450.00    -6.8108
  17460.00    -7.2691
  17470.00    -7.3152
  17480.00    -7.1908
  17490.00    -7.1081
  17500.00    -7.0636
  17510.00    -6.8207
  17520.00    -7.4471
  17530.00    -6.8592
  17540.00    -6.5516
  17550.00    -6.8213
  17560.00    -7.2253
  17570.00    -7.5900
  17580.00    -6.9241
  17590.00    -7.1211
  17600.00    -6.9642
  17610.00    -6.8948
  17620.00    -6.9516
  17630.00    -6.5375
  17640.00    -7.3770
  17650.00    -6.5237
  17660.00    -7.4043
  17670.00    -7.6441
  17680.00    -7.3105
  17690.00    -7.6141
  17700.00    -6.9878
  17710.00    -7.4584
  17720.00    -7.1133
  17730.00    -7.0714
  17740.00    -7.1368
  17750.00    -7.1215
  17760.00    -7.2317
  17770.00    -7.3304
  17780.00    -7.2410
  17790.00    -7.0438
  17800.00    -6.9645
  17810.00    -7.2775
  17820.00    -6.8761
  17830.00    -7.0985
  17840.00    -7.0674
  17850.00    -7.2375
  17860.00    -7.3598
  17870.00    -7.1706
  17880.00    -7.1042
  17890.00    -7.4286
  17900.00    -7.1522
  17910.00    -6.8384
  17920.00    -7.5005
  17930.00    -7.5810
  17940.00    -7.2359
  17950.00    -7.3017
  17960.00    -7.3498
  17970.00    -7.2704
  17980.00    -7.3557
  17990.00    -7.0172
  18000.00    -6.9180
  18010.00    -7.5541
  18020.00    -6.8799
  18030.00    -7.2952
  18040.00    -6.6250
  18050.00    -7.2279
  18060.00    -7.1768
  18070.00    -6.9969
  18080.00    -7.3803
  18090.00    -6.5694
  18100.00    -6.7194
  18110.00    -7.0768
  18120.00    -7.1673
  18130.00    -6.8368
  18140.00    -7.1530
  18150.00    -6.7921
  18160.00    -6.9909
  18170.00    -7.0472
  18180.00    -6.9877
  18190.00    -6.8538
  18200.00    -6.9105
  18210.00    -6.5407
  18220.00    -6.9204
  18230.00    -7.1178
  18240.00    -7.2303
  18250.00    -7.3678
  18260.00    -7.0377
  18270.00    -6.9992
  18280.00    -7.0178
  18290.00    -7.2140
  18300.00    -7.2427
  18310.00    -7.4282
  18320.00    -7.3873
  18330.00    -7.0840
  18340.00    -7.5633
  18350.00    -7.1833
  18360.00    -7.1825
  18370.00    -7.4470
  18380.00    -7.1776
  18390.00    -7.5076
  18400.00    -7.7226
  18410.00    -7.4368
  18420.00    -7.7814
  18430.00    -6.9835
  18440.00    -7.5330
  18450.00    -7.4298
  18460.00    -6.9375
  18470.00    -7.0028
  18480.00    -7.2626
  18490.00    -6.8055
  18500.00    -7.4585
  18510.00    -7.0320
  18520.00    -7.2656
  18530.00    -6.8819
  18540.00    -6.9137
  18550.00    -7.0221
  18560.00    -7.3196
  18570.00    -7.3374
  18580.00    -7.3519
  18590.00    -7.3033
  18600.00    -7.4111
  18610.00    -7.0576
  18620.00    -7.3842
  18630.00    -7.4001
  18640.00    -7.1294
  18650.00    -7.0486
  18660.00    -7.2901
  18670.00    -6.8980
  18680.00    -6.9870
  18690.00    -6.7030
  18700.00    -6.9823
  18710.00    -7.0310
  18720.00    -6.8095
  18730.00    -6.8480
  18740.00    -6.5073
  18750.00    -6.9966
  18760.00    -6.8945
  18770.00    -7.1315
  18780.00    -7.1058
  18790.00    -6.7395
  18800.00    -7.0543
  18810.00    -7.7460
  18820.00    -6.8038
  18830.00    -6.7662
  18840.00    -6.7226
  18850.00    -7.3373
  18860.00    -6.5325
  18870.00    -6.8055
  18880.00    -7.0756
  18890.00    -6.9765
  18900.00    -6.7377
  18910.00    -7.5208
  18920.00    -7.4188
  18930.00    -6.6958
  18940.00    -6.7971
  18950.00    -7.2578
  18960.00    -7.2694
  18970.00    -6.8383
  18980.00    -6.7271
  18990.00    -7.5011
  19000.00    -7.0658
  19010.00    -7.3262
  19020.00    -7.1441
  19030.00    -7.0285
  19040.00    -6.8337
  19050.00    -7.1167
  19060.00    -6.5874
  19070.00    -7.2593
  19080.00    -6.6547
  19090.00    -6.9377
  19100.00    -6.8505
  19110.00    -7.1511
  19120.00    -7.3516
  19130.00    -7.7287
  19140.00    -6.9999
  19150.00    -6.9769
  19160.00    -7.3096
  19170.00    -6.9588
  19180.00    -6.8164
  19190.00    -6.8736
  19200.00    -7.0320
  19210.00    -7.3936
  19220.00    -7.2463
  19230.00    -6.9319
  19240.00    -7.4075
  19250.00    -7.3955
  19260.00    -7.0308
  19270.00    -6.9526
  19280.00    -7.3426
  19290.00    -6.6964
  19300.00    -7.3862
  19310.00    -6.9814
  19320.00    -6.8508
  19330.00    -7.1631
  19340.00    -7.3727
  19350.00    -7.2710
  19360.00    -6.9927
  19370.00    -6.7149
  19380.00    -7.1305
  19390.00    -7.0828
  19400.00    -6.9703
  19410.00    -6.8975
  19420.00    -7.1394
  19430.00    -7.0330
  19440.00    -6.8468
  19450.00    -7.2339
  19460.00    -6.9418
  19470.00    -7.0958
  19480.00    -7.1278
  19490.00    -6.6824
  19500.00    -6.9691
  19510.00    -6.7949
  19520.00    -6.9605
  19530.00    -6.9589
  19540.00    -7.1212
  19550.00    -6.6458
  19560.00    -6.6223
  19570.00    -6.5704
  19580.00    -7.4765
  19590.00    -6.9270
  19600.00    -6.8408
  19610.00    -6.8250
  19620.00    -6.5668
  19630.00    -7.2608
  19640.00    -6.7540
  19650.00    -7.2497
  19660.00    -7.2338
  19670.00    -7.6019
  19680.00    -7.2261
  19690.00    -6.7473
  19700.00    -7.0219
  19710.00    -7.3948
  19720.00    -7.4168
  19730.00    -6.3179
  19740.00    -6.6864
  19750.00    -6.8312
  19760.00    -7.1188
  19770.00    -6.9610
  19780.00    -6.6999
  19790.00    -7.2396
  19800.00    -7.5668
  19810.00    -6.8083
  19820.00    -6.9908
  19830.00    -6.9946
  19840.00    -6.8356
  19850.00    -7.3706
  19860.00    -7.1306
  19870.00    -6.8782
  19880.00    -7.1390
  19890.00    -7.8053
  19900.00    -7.0288
  19910.00    -6.7075
  19920.00    -7.6582
  19930.00    -7.4944
  19940.00    -7.1489
  19950.00    -7.0293
  19960.00    -6.9159
  19970.00    -6.4789
  19980.00    -7.4172
  19990.00    -7.0332
  20000.00    -7.0389
  20010.00    -7.1183
  20020.00    -7.3426
  20030.00    -7.2322
  20040.00    -7.7837
  20050.00    -7.1156
  20060.00    -6.6961
  20070.00    -6.7858
  20080.00    -7.2896
  20090.00    -7.5632
  20100.00    -6.8244
  20110.00    -6.8618
  20120.00    -6.8115
  20130.00    -6.5924
  20140.00    -7.1281
  20150.00    -6.8874
  20160.00    -7.2364
  20170.00    -7.1383
  20180.00    -6.8406
  20190.00    -6.8413
  20200.00    -6.2559
  20210.00    -6.8280
  20220.00    -6.9154
  20230.00    -7.5513
  20240.00    -7.3370
  20250.00    -6.6470
  20260.00    -7.0618
  20270.00    -6.8189
  20280.00    -7.2085
  20290.00    -7.3982
  20300.00    -7.3908
  20310.00    -7.6134
  20320.00    -7.6743
  20330.00    -7.0003
  20340.00    -6.7387
  20350.00    -6.6467
  20360.00    -6.9429
  20370.00    -6.8995
  20380.00    -6.4839
  20390.00    -6.9088
  20400.00    -6.4317
  20410.00    -6.5567
  20420.00    -6.9631
  20430.00    -7.2343
  20440.00    -7.1317
  20450.00    -7.2343
  20460.00    -7.1025
  20470.00    -6.9683
  20480.00    -7.5812
  20490.00    -7.4246
  20500.00    -7.0683
  20510.00    -7.2857
  20520.00    -7.0489
  20530.00    -6.8755
  20540.00    -6.4578
  20550.00    -7.4371
  20560.00    -6.8636
  20570.00    -7.2571
  20580.00    -7.3863
  20590.00    -7.2407
  20600.00    -7.7400
  20610.00    -7.3846
  20620.00    -7.2035
  20630.00    -7.1974
  20640.00    -7.3263
  20650.00    -7.4406
  20660.00    -7.2776
  20670.00    -7.2410
  20680.00    -7.1094
  20690.00    -6.7188
  20700.00    -6.8921
  20710.00    -7.1902
  20720.00    -6.9242
  20730.00    -7.2156
  20740.00    -6.9404
  20750.00    -7.1649
  20760.00    -7.1650
  20770.00    -6.6134
  20780.00    -6.8676
  20790.00    -7.1887
  20800.00    -6.5807
  20810.00    -7.2103
  20820.00    -7.5722
  20830.00    -6.7509
  20840.00    -6.8650
  20850.00    -7.0967
  20860.00    -7.1617
  20870.00    -7.4866
  20880.00    -6.6405
  20890.00    -6.6133
  20900.00    -6.7881
  20910.00    -6.7382
  20920.00    -6.9436
  20930.00    -7.6527
  20940.00    -7.1185
  20950.00    -7.1783
  20960.00    -6.8176
  20970.00    -6.6040
  20980.00    -6.6026
  20990.00    -6.9138
  21000.00    -6.7569
  21010.00    -6.8707
  21020.00    -7.0512
  21030.00    -7.2589
  21040.00    -7.2335
  21050.00    -7.0807
  21060.00    -7.0286
  21070.00    -7.0564
  21080.00    -6.8497
  21090.00    -7.0490
  21100.00    -6.8829
  21110.00    -7.1091
  21120.00    -7.4841
  21130.00    -7.2675
  21140.00    -7.1673
  21150.00    -7.6469
  21160.00    -6.8146
  21170.00    -6.9948
  21180.00    -7.3456
  21190.00    -7.1079
  21200.00    -7.0748
  21210.00    -7.4677
  21220.00    -7.5554
  21230.00    -7.2147
  21240.00    -7.5182
  21250.00    -7.1052
  21260.00    -7.6309
  21270.00    -7.0975
  21280.00    -7.0933
  21290.00    -6.8278
  21300.00    -7.1955
  21310.00    -7.1039
  21320.00    -7.2002
  21330.00    -7.1828
  21340.00    -6.9332
  21350.00    -7.0356
  21360.00    -7.4353
  21370.00    -7.5775
  21380.00    -7.3759
  21390.00    -7.0493
  21400.00    -6.8184
  21410.00    -7.2432
  21420.00    -7.5343
  21430.00    -6.7375
  21440.00    -6.9356
  21450.00    -7.7075
  21460.00    -7.4418
  21470.00    -7.3740
  21480.00    -6.9415
  21490.00    -7.0031
  21500.00    -7.6413
  21510.00    -7.2331
  21520.00    -7.1597
  21530.00    -7.0816
  21540.00    -7.1130
  21550.00    -6.9370
  21560.00    -7.0977
  21570.00    -7.5012
  21580.00    -6.5721
  21590.00    -7.6566
  21600.00    -7.0469
  21610.00    -7.5925
  21620.00    -7.3047
  21630.00    -7.4874
  21640.00    -7.0701
  21650.00    -7.1716
  21660.00    -6.7360
  21670.00    -7.3792
  21680.00    -7.2483
  21690.00    -7.6732
  21700.00    -6.7784
  21710.00    -7.1222
  21720.00    -7.1254
  21730.00    -6.7326
  21740.00    -7.1377
  21750.00    -7.1919
  21760.00    -6.6752
  21770.00    -6.7785
  21780.00    -6.8773
  21790.00    -7.3787
  21800.00    -6.9596
  21810.00    -7.1677
  21820.00    -7.0746
  21830.00    -7.2158
  21840.00    -7.0785
  21850.00    -6.4833
  21860.00    -7.0587
  21870.00    -7.1876
  21880.00    -7.1249
  21890.00    -7.2966
  21900.00    -7.2623
  21910.00    -7.5556
  21920.00    -7.4967
  21930.00    -7.2679
  21940.00    -6.7010
  21950.00    -7.2213
  21960.00    -6.7753
  21970.00    -7.2499
  21980.00    -7.3883
  21990.00    -7.2645
  22000.00    -7.1241
  22010.00    -6.9855
  22020.00    -7.5915
  22030.00    -7.3215
  22040.00    -6.8330
  22050.00    -7.1809
  22060.00    -6.6651
  22070.00    -7.2574
  22080.00    -6.8931
  22090.00    -6.6954
  22100.00    -6.6048
  22110.00    -7.0523
  22120.00    -7.4547
  22130.00    -7.1177
  22140.00    -6.9648
  22150.00    -7.2777
  22160.00    -7.1718
  22170.00    -6.4184
  22180.00    -7.2466
  22190.00    -7.1176
  22200.00    -7.1434
  22210.00    -7.1302
  22220.00    -7.3294
  22230.00    -7.1699
  22240.00    -7.2375
  22250.00    -7.0602
  22260.00    -6.9177
  22270.00    -6.6872
  22280.00    -6.7959
  22290.00    -6.6817
  22300.00    -7.0235
  22310.00    -6.7142
  22320.00    -7.1636
  22330.00    -7.1969
  22340.00    -7.2025
  22350.00    -7.3777
  22360.00    -6.8568
  22370.00    -7.1514
  22380.00    -7.1837
  22390.00    -6.6554
  22400.00    -7.2973
  22410.00    -7.3044
  22420.00    -7.5687
  22430.00    -7.1320
  22440.00    -6.8624
  22450.00    -6.6116
  22460.00    -7.0486
  22470.00    -7.0934
  22480.00    -7.6177
  22490.00    -7.6264
  22500.00    -6.5070
  22510.00    -6.7257
  22520.00    -7.8056
  22530.00    -7.6394
  22540.00    -7.2216
  22550.00    -6.9713
  22560.00    -7.6606
  22570.00    -6.5800
  22580.00    -6.3865
  22590.00    -7.2785
  22600.00    -7.1237
  22610.00    -7.2957
  22620.00    -7.1590
  22630.00    -7.3824
  22640.00    -7.3270
  22650.00    -7.0380
  22660.00    -7.0435
  22670.00    -7.0278
  22680.00    -7.7197
  22690.00    -7.3965
  22700.00    -7.5191
  22710.00    -6.9826
  22720.00    -7.3366
  22730.00    -7.4221
  22740.00    -7.2293
  22750.00    -7.3512
  22760.00    -7.2425
  22770.00    -7.1376
  22780.00    -7.3604
  22790.00    -6.9307
  22800.00    -6.6201
  22810.00    -7.4154
  22820.00    -6.9220
  22830.00    -7.2577
  22840.00    -7.4593
  22850.00    -7.8168
  22860.00    -7.3691
  22870.00    -6.9194
  22880.00    -6.5848
  22890.00    -6.6702
  22900.00    -6.3859
  22910.00    -6.8239
  22920.00    -7.3388
  22930.00    -7.0539
  22940.00    -7.2930
  22950.00    -7.2083
  22960.00    -7.2542
  22970.00    -7.3198
  22980.00    -6.8779
  22990.00    -6.7031
  23000.00    -6.7858
  23010.00    -7.1790
  23020.00    -7.6407
  23030.00    -6.9856
  23040.00    -7.3891
  23050.00    -6.4732
  23060.00    -7.5631
  23070.00    -7.2369
  23080.00    -7.4109
  23090.00    -7.4469
  23100.00    -6.8816
  23110.00    -7.2579
  23120.00    -7.1623
  23130.00    -6.9922
  23140.00    -7.3096
  23150.00    -7.0466
  23160.00    -7.8247
  23170.00    -6.5957
  23180.00    -7.2178
  23190.00    -7.1569
  23200.00    -7.0152
  23210.00    -7.4029
  23220.00    -6.8325
  23230.00    -7.0566
  23240.00    -7.0694
  23250.00    -6.9573
  23260.00    -7.2120
  23270.00    -6.8641
  23280.00    -7.3187
  23290.00    -6.6493
  23300.00    -7.3515
  23310.00    -7.3614
  23320.00    -7.2749
  23330.00    -7.0563
  23340.00    -7.0122
  23350.00    -7.5611
  23360.00    -6.9616
  23370.00    -6.7841
  23380.00    -7.9153
  23390.00    -6.6709
  23400.00    -6.9989
  23410.00    -7.1342
  23420.00    -7.1516
  23430.00    -7.0891
  23440.00    -7.1320
  23450.00    -7.4677
  23460.00    -7.1542
  23470.00    -7.0767
  23480.00    -7.4075
  23490.00    -7.7984
  23500.00    -7.4422
  23510.00    -6.9440
  23520.00    -7.0874
  23530.00    -7.4685
  23540.00    -7.0974
  23550.00    -6.9210
  23560.00    -7.2623
  23570.00    -7.3197
  23580.00    -7.3710
  23590.00    -6.5377
  23600.00    -7.2274
  23610.00    -7.1780
  23620.00    -6.9754
  23630.00    -7.2572
  23640.00    -7.7533
  23650.00    -7.3833
  23660.00    -7.2973
  23670.00    -7.5685
  23680.00    -7.2760
  23690.00    -6.9691
  23700.00    -7.5444
  23710.00    -7.4645
  23720.00    -7.2009
  23730.00    -7.2219
  23740.00    -7.1257
  23750.00    -7.2256
  23760.00    -6.8050
  23770.00    -6.8468
  23780.00    -6.9484
  23790.00    -6.9273
  23800.00    -7.5741
  23810.00    -6.4216
  23820.00    -7.3807
  23830.00    -7.4594
  23840.00    -7.1583
  23850.00    -7.1796
  23860.00    -6.8866
  23870.00    -6.5622
  23880.00    -7.3940
  23890.00    -6.9390
  23900.00    -7.1120
  23910.00    -6.7460
  23920.00    -6.5774
  23930.00    -7.1539
  23940.00    -7.1553
  23950.00    -7.0536
  23960.00    -7.1412
  23970.00    -6.9031
  23980.00    -6.6820
  23990.00    -6.4569
  24000.00    -6.9540
  24010.00    -7.2314
  24020.00    -6.8308
  24030.00    -6.9067
  24040.00    -7.5079
  24050.00    -6.9988
  24060.00    -6.9294
  24070.00    -7.5975
  24080.00    -7.7474
  24090.00    -6.6757
  24100.00    -6.9774
  24110.00    -6.7408
  24120.00    -6.8519
  24130.00    -6.9071
  24140.00    -6.8718
  24150.00    -7.1512
  24160.00    -7.2126
  24170.00    -7.3220
  24180.00    -7.9474
  24190.00    -6.9612
  24200.00    -7.0419
  24210.00    -7.6018
  24220.00    -7.3134
  24230.00    -7.3718
  24240.00    -7.2202
  24250.00    -7.4227
  24260.00    -6.8644
  24270.00    -7.0867
  24280.00    -7.8080
  24290.00    -7.1909
  24300.00    -6.7046
  24310.00    -6.9577
  24320.00    -6.9383
  24330.00    -6.9610
  24340.00    -7.1535
  24350.00    -7.2449
  24360.00    -7.3055
  24370.00    -6.7781
  24380.00    -7.3723
  24390.00    -7.0695
  24400.00    -7.7473
  24410.00    -7.6456
  24420.00    -7.5515
  24430.00    -7.1917
  24440.00    -7.3896
  24450.00    -6.8092
  24460.00    -6.9224
  24470.00    -6.7545
  24480.00    -7.2550
  24490.00    -6.9799
  24500.00    -7.4970
  24510.00    -6.6376
  24520.00    -7.3520
  24530.00    -6.6608
  24540.00    -7.1952
  24550.00    -7.0621
  24560.00    -7.6800
  24570.00    -6.6773
  24580.00    -6.8883
  24590.00    -6.6875
  24600.00    -7.5662
  24610.00    -6.9869
  24620.00    -7.3485
  24630.00    -7.2796
  24640.00    -7.2522
  24650.00    -6.9658
  24660.00    -6.9677
  24670.00    -6.8512
  24680.00    -7.3862
  24690.00    -7.0033
  24700.00    -7.1323
  24710.00    -7.1349
  24720.00    -7.4693
  24730.00    -6.9544
  24740.00    -7.1988
  24750.00    -6.5900
  24760.00    -7.1410
  24770.00    -6.9230
  24780.00    -7.8429
  24790.00    -7.1238
  24800.00    -7.0116
  24810.00    -6.8815
  24820.00    -7.0788
  24830.00    -7.3838
  24840.00    -7.5138
  24850.00    -7.5281
  24860.00    -7.4551
  24870.00    -7.1544
  24880.00    -7.3384
  24890.00    -7.0310
  24900.00    -7.4845
  24910.00    -7.2154
  24920.00    -7.3940
  24930.00    -7.4608
  24940.00    -7.0715
  24950.00    -7.5602
  24960.00    -7.1067
  24970.00    -7.1137
  24980.00    -7.0281
  24990.00    -6.7447
  25000.00    -7.3126
  25010.00    -7.4644
  25020.00    -7.1403
  25030.00    -7.2114
  25040.00    -6.8308
  25050.00    -7.1088
  25060.00    -7.3840
  25070.00    -6.8995
  25080.00    -6.4021
  25090.00    -7.0279
  25100.00    -7.1580
  25110.00    -7.4171
  25120.00    -7.5559
  25130.00    -7.1990
  25140.00    -7.0667
  25150.00    -7.4706
  25160.00    -7.0885
  25170.00    -7.1391
  25180.00    -7.4308
  25190.00    -7.0560
  25200.00    -7.2661
  25210.00    -7.3291
  25220.00    -7.4570
  25230.00    -7.2816
  25240.00    -7.6135
  25250.00    -7.3068
  25260.00    -6.8220
  25270.00    -6.8230
  25280.00    -6.9265
  25290.00    -7.1434
  25300.00    -6.9607
  25310.00    -7.0626
  25320.00    -7.1612
  25330.00    -6.6981
  25340.00    -6.7836
  25350.00    -7.1171
  25360.00    -7.1654
  25370.00    -6.4276
  25380.00    -7.1450
  25390.00    -7.2316
  25400.00    -6.9379
  25410.00    -7.1733
  25420.00    -7.3784
  25430.00    -7.0801
  25440.00    -6.9724
  25450.00    -6.8674
  25460.00    -7.2002
  25470.00    -7.3175
  25480.00    -6.9551
  25490.00    -7.1144
  25500.00    -7.5269
  25510.00    -7.2835
  25520.00    -7.1683
  25530.00    -7.2847
  25540.00    -7.7166
  25550.00    -7.4912
  25560.00    -6.7440
  25570.00    -7.0063
  25580.00    -7.1562
  25590.00    -7.0510
  25600.00    -6.6849
  25610.00    -6.5177
  25620.00    -6.7768
  25630.00    -7.2824
  25640.00    -7.0587
  25650.00    -6.6026
  25660.00    -7.0619
  25670.00    -6.6794
  25680.00    -7.1122
  25690.00    -6.9204
  25700.00    -7.1368
  25710.00    -6.9616
  25720.00    -6.9257
  25730.00    -6.9442
  25740.00    -7.0868
  25750.00    -6.6874
  25760.00    -7.1111
  25770.00    -7.0395
  25780.00    -7.2574
  25790.00    -7.1098
  25800.00    -6.9408
  25810.00    -6.6593
  25820.00    -7.0268
  25830.00    -6.8021
  25840.00    -6.5865
  25850.00    -7.0477
  25860.00    -6.9340
  25870.00    -6.9123
  25880.00    -6.6660
  25890.00    -6.9190
  25900.00    -6.9258
  25910.00    -6.9944
  25920.00    -7.0315
  25930.00    -6.6704
  25940.00    -7.3720
  25950.00    -6.8146
  25960.00    -6.4875
  25970.00    -6.8441
  25980.00    -7.0566
  25990.00    -7.1039
  26000.00    -6.5922
  26010.00    -7.0707
  26020.00    -7.0481
  26030.00    -6.7426
  26040.00    -7.2064
  26050.00    -6.8583
  26060.00    -7.0955
  26070.00    -7.0072
  26080.00    -7.6376
  26090.00    -6.6939
  26100.00    -6.5479
  26110.00    -7.0127
  26120.00    -7.5468
  26130.00    -7.0853
  26140.00    -7.1186
  26150.00    -6.7967
  26160.00    -7.1905
  26170.00    -7.1732
  26180.00    -7.4451
  26190.00    -7.2560
  26200.00    -7.0097
  26210.00    -7.0940
  26220.00    -7.1488
  26230.00    -7.0748
  26240.00    -7.3270
  26250.00    -7.7072
  26260.00    -7.0099
  26270.00    -7.2303
  26280.00    -7.4970
  26290.00    -7.1885
  26300.00    -6.6982
  26310.00    -6.8257
  26320.00    -6.8600
  26330.00    -7.0374
  26340.00    -6.7725
  26350.00    -6.9976
  26360.00    -7.2899
  26370.00    -7.4405
  26380.00    -7.5289
  26390.00    -6.8347
  26400.00    -7.5827
  26410.00    -6.8399
  26420.00    -7.3660
  26430.00    -7.3171
  26440.00    -6.9095
  26450.00    -6.7646
  26460.00    -6.8123
  26470.00    -6.9621
  26480.00    -6.3622
  26490.00    -7.1888
  26500.00    -6.6973
  26510.00    -7.0615
  26520.00    -7.0134
  26530.00    -7.0657
  26540.00    -6.6802
  26550.00    -7.0393
  26560.00    -7.4551
  26570.00    -6.9189
  26580.00    -7.1053
  26590.00    -7.6901
  26600.00    -7.2569
  26610.00    -7.3692
  26620.00    -6.9530
  26630.00    -7.8863
  26640.00    -7.1626
  26650.00    -7.3062
  26660.00    -6.6391
  26670.00    -7.1994
  26680.00    -6.9284
  26690.00    -7.0823
  26700.00    -6.7844
  26710.00    -7.2696
  26720.00    -6.7719
  26730.00    -6.9416
  26740.00    -6.9168
  26750.00    -6.9443
  26760.00    -6.6922
  26770.00    -7.0614
  26780.00    -6.7018
  26790.00    -6.8631
  26800.00    -6.5759
  26810.00    -6.9880
  26820.00    -7.0176
  26830.00    -7.1572
  26840.00    -7.3863
  26850.00    -7.2718
  26860.00    -7.0628
  26870.00    -6.6747
  26880.00    -6.9014
  26890.00    -7.4303
  26900.00    -6.8145
  26910.00    -6.9734
  26920.00    -7.2838
  26930.00    -7.1795
  26940.00    -7.3962
  26950.00    -7.4299
  26960.00    -7.3724
  26970.00    -6.8477
  26980.00    -7.1975
  26990.00    -7.3412
  27000.00    -6.9149
  27010.00    -7.0266
  27020.00    -7.1861
  27030.00    -6.7173
  27040.00    -7.3433
  27050.00    -7.0379
  27060.00    -7.1418
  27070.00    -7.3533
  27080.00    -6.9498
  27090.00    -7.0750
  27100.00    -6.4758
  27110.00    -7.0844
  27120.00    -6.8891
  27130.00    -6.5759
  27140.00    -7.2422
  27150.00    -6.9319
  27160.00    -6.7199
  27170.00    -6.8815
  27180.00    -6.7136
  27190.00    -6.9179
  27200.00    -7.2771
  27210.00    -6.6246
  27220.00    -7.2264
  27230.00    -7.2896
  27240.00    -7.1866
  27250.00    -6.9758
  27260.00    -7.4988
  27270.00    -6.9495
  27280.00    -6.9640
  27290.00    -6.8740
  27300.00    -6.5278
  27310.00    -6.8306
  27320.00    -7.2865
  27330.00    -7.4527
  27340.00    -6.7757
  27350.00    -7.1802
  27360.00    -6.9332
  27370.00    -6.7815
  27380.00    -7.3329
  27390.00    -7.4966
  27400.00    -7.6864
  27410.00    -6.9002
  27420.00    -7.1003
  27430.00    -7.6154
  27440.00    -7.0930
  27450.00    -6.8450
  27460.00    -7.3051
  27470.00    -7.4123
  27480.00    -7.7820
  27490.00    -7.0872
  27500.00    -6.8780
  27510.00    -7.2127
  27520.00    -7.1415
  27530.00    -7.0392
  27540.00    -7.3372
  27550.00    -7.5751
  27560.00    -7.0714
  27570.00    -7.2703
  27580.00    -7.2051
  27590.00    -7.3877
  27600.00    -7.3743
  27610.00    -7.3546
  27620.00    -7.1958
  27630.00    -7.4259
  27640.00    -7.5190
  27650.00    -7.5546
  27660.00    -7.3951
  27670.00    -7.2492
  27680.00    -6.6125
  27690.00    -7.7032
  27700.00    -7.3583
  27710.00    -7.1579
  27720.00    -6.8384
  27730.00    -7.0274
  27740.00    -6.9693
  27750.00    -7.3929
  27760.00    -6.7456
  27770.00    -6.9290
  27780.00    -6.5581
  27790.00    -6.9195
  27800.00    -7.4249
  27810.00    -6.7984
  27820.00    -7.1823
  27830.00    -7.2367
  27840.00    -7.4917
  27850.00    -7.1864
  27860.00    -7.1243
  27870.00    -7.0613
  27880.00    -7.5530
  27890.00    -7.1993
  27900.00    -7.4506
  27910.00    -7.1304
  27920.00    -7.1742
  27930.00    -7.2570
  27940.00    -7.2829
  27950.00    -6.9132
  27960.00    -7.1273
  27970.00    -7.3603
  27980.00    -7.2291
  27990.00    -7.3866
  28000.00    -7.4022
  28010.00    -6.9146
  28020.00    -6.9673
  28030.00    -7.2202
  28040.00    -7.2279
  28050.00    -7.1741
  28060.00    -7.1613
  28070.00    -7.3168
  28080.00    -7.0769
  28090.00    -7.2061
  28100.00    -7.4553
  28110.00    -7.4242
  28120.00    -6.9912
  28130.00    -7.2776
  28140.00    -7.1230
  28150.00    -6.7603
  28160.00    -7.1568
  28170.00    -7.4580
  28180.00    -6.8434
  28190.00    -7.0158
  28200.00    -6.8827
  28210.00    -6.9975
  28220.00    -7.2303
  28230.00    -6.8991
  28240.00    -7.4239
  28250.00    -6.8848
  28260.00    -6.3693
  28270.00    -7.4036
  28280.00    -6.9296
  28290.00    -7.1271
  28300.00    -7.1027
  28310.00    -7.6428
  28320.00    -7.0185
  28330.00    -6.9757
  28340.00    -6.9575
  28350.00    -6.8022
  28360.00    -6.8847
  28370.00    -7.0464
  28380.00    -6.6039
  28390.00    -7.1109
  28400.00    -6.7645
  28410.00    -6.4920
  28420.00    -6.9844
  28430.00    -6.8460
  28440.00    -7.0874
  28450.00    -6.9504
  28460.00    -7.3292
  28470.00    -7.1063
  28480.00    -6.5401
  28490.00    -6.8604
  28500.00    -6.9993
  28510.00    -6.9566
  28520.00    -6.9729
  28530.00    -7.3972
  28540.00    -7.5014
  28550.00    -7.0847
  28560.00    -7.0735
  28570.00    -6.9653
  28580.00    -7.0755
  28590.00    -7.1408
  28600.00    -6.8140
  28610.00    -7.2529
  28620.00    -7.2594
  28630.00    -7.0945
  28640.00    -7.0958
  28650.00    -7.1927
  28660.00    -7.0571
  28670.00    -7.0364
  28680.00    -7.1875
  28690.00    -7.2749
  28700.00    -7.0117
  28710.00    -7.0865
  28720.00    -7.1500
  28730.00    -7.5835
  28740.00    -7.1888
  28750.00    -6.2316
  28760.00    -7.2763
  28770.00    -7.1061
  28780.00    -6.9169
  28790.00    -6.9804
  28800.00    -6.9984
  28810.00    -7.2205
  28820.00    -7.1112
  28830.00    -7.2688
  28840.00    -6.9462
  28850.00    -7.2709
  28860.00    -7.0190
  28870.00    -6.9193
  28880.00    -6.7930
  28890.00    -7.3828
  28900.00    -7.2342
  28910.00    -7.0332
  28920.00    -7.1753
  28930.00    -7.4067
  28940.00    -6.7523
  28950.00    -6.5878
  28960.00    -7.0556
  28970.00    -7.1850
  28980.00    -6.7250
  28990.00    -6.7730
  29000.00    -7.2115
  29010.00    -7.1126
  29020.00    -7.0212
  29030.00    -7.1414
  29040.00    -7.1729
  29050.00    -6.7738
  29060.00    -7.1811
  29070.00    -7.2252
  29080.00    -6.8133
  29090.00    -6.9933
  29100.00    -7.1356
  29110.00    -6.8227
  29120.00    -6.9926
  29130.00    -6.8664
  29140.00    -6.9218
  29150.00    -7.0637
  29160.00    -6.8390
  29170.00    -7.3126
  29180.00    -7.1654
  29190.00    -7.1354
  29200.00    -7.3826
  29210.00    -7.2446
  29220.00    -7.1647
  29230.00    -7.5065
  29240.00    -6.8959
  29250.00    -7.0201
  29260.00    -6.9066
  29270.00    -7.0603
  29280.00    -7.5525
  29290.00    -7.5572
  29300.00    -7.5668
  29310.00    -6.9822
  29320.00    -7.2039
  29330.00    -6.6345
  29340.00    -6.2688
  29350.00    -7.3375
  29360.00    -7.1219
  29370.00    -6.8093
  29380.00    -7.1776
  29390.00    -7.6018
  29400.00    -7.1011
  29410.00    -7.1885
  29420.00    -7.0166
  29430.00    -7.1862
  29440.00    -7.3297
  29450.00    -6.8492
  29460.00    -7.1432
  29470.00    -6.6867
  29480.00    -7.4926
  29490.00    -7.2152
  29500.00    -7.2327
  29510.00    -7.5097
  29520.00    -7.1003
  29530.00    -7.0136
  29540.00    -7.5940
  29550.00    -7.0061
  29560.00    -7.2710
  29570.00    -7.0928
  29580.00    -7.2886
  29590.00    -7.1137
  29600.00    -7.3702
  29610.00    -6.3151
  29620.00    -7.3355
  29630.00    -6.4609
  29640.00    -7.1230
  29650.00    -6.8825
  29660.00    -6.9469
  29670.00    -6.7066
  29680.00    -6.6444
  29690.00    -6.9041
  29700.00    -6.8962
  29710.00    -6.9520
  29720.00    -7.0560
  29730.00    -7.1415
  29740.00    -7.2499
  29750.00    -6.8912
  29760.00    -7.2272
  29770.00    -6.5729
  29780.00    -7.3254
  29790.00    -7.0201
  29800.00    -6.8807
  29810.00    -7.0314
  29820.00    -7.2040
  29830.00    -6.8311
  29840.00    -6.6144
  29850.00    -6.8955
  29860.00    -7.2699
  29870.00    -6.8444
  29880.00    -7.3331
  29890.00    -7.3742
  29900.00    -6.7527
  29910.00    -7.0696
  29920.00    -8.0252
  29930.00    -7.2135
  29940.00    -7.1504
  29950.00    -6.9711
  29960.00    -6.6713
  29970.00    -6.9674
  29980.00    -7.2436
  29990.00    -6.4434
  30000.00    -7.1235
  30010.00    -6.6949
  30020.00    -7.0593
  30030.00    -6.7985
  30040.00    -6.6031
  30050.00    -6.7926
  30060.00    -6.4933
  30070.00    -7.5760
  30080.00    -7.1651
  30090.00    -7.2089
  30100.00    -7.2629
  30110.00    -7.2855
  30120.00    -6.8346
  30130.00    -7.5463
  30140.00    -7.1415
  30150.00    -7.0779
  30160.00    -6.5980
  30170.00    -6.5472
  30180.00    -7.2458
  30190.00    -7.1115
  30200.00    -6.4297
  30210.00    -6.9064
  30220.00    -6.6360
  30230.00    -6.7589
  30240.00    -6.6556
  30250.00    -6.6598
  30260.00    -6.9679
  30270.00    -6.4848
  30280.00    -6.5949
  30290.00    -6.2883
  30300.00    -6.9471
  30310.00    -6.7096
  30320.00    -6.9816
  30330.00    -7.0045
  30340.00    -7.0528
  30350.00    -6.7131
  30360.00    -6.6026
  30370.00    -6.3374
  30380.00    -6.7992
  30390.00    -6.8510
  30400.00    -7.0469
  30410.00    -6.9296
  30420.00    -6.5966
  30430.00    -6.6690
  30440.00    -6.9597
  30450.00    -7.0907
  30460.00    -7.1392
  30470.00    -6.9312
  30480.00    -6.4497
  30490.00    -6.9565
  30500.00    -6.2967
  30510.00    -6.5749
  30520.00    -7.2590
  30530.00    -6.8832
  30540.00    -7.0963
  30550.00    -7.2460
  30560.00    -6.7470
  30570.00    -7.3126
  30580.00    -7.3142
  30590.00    -7.4255
  30600.00    -7.0032
  30610.00    -6.9925
  30620.00    -6.5848
  30630.00    -6.5075
  30640.00    -6.8213
  30650.00    -6.9377
  30660.00    -6.5259
  30670.00    -7.2732
  30680.00    -7.1386
  30690.00    -7.2509
  30700.00    -7.1936
  30710.00    -7.0186
  30720.00    -6.2170
  30730.00    -6.7677
  30740.00    -6.7066
  30750.00    -6.9029
  30760.00    -6.6166
  30770.00    -7.1687
  30780.00    -6.6210
  30790.00    -6.9996
  30800.00    -6.6955
  30810.00    -6.6873
  30820.00    -7.0850
  30830.00    -6.7344
  30840.00    -6.5232
  30850.00    -7.5313
  30860.00    -7.0073
  30870.00    -6.6763
  30880.00    -6.6007
  30890.00    -6.6079
  30900.00    -7.2918
  30910.00    -7.1162
  30920.00    -6.4668
  30930.00    -7.2031
  30940.00    -6.8375
  30950.00    -6.5102
  30960.00    -7.0238
  30970.00    -6.7866
  30980.00    -6.4726
  30990.00    -6.6038
  31000.00    -6.6800
  31010.00    -7.4307
  31020.00    -7.1413
  31030.00    -6.6824
  31040.00    -7.2123
  31050.00    -6.8759
  31060.00    -6.6484
  31070.00    -6.7116
  31080.00    -7.1811
  31090.00    -6.6481
  31100.00    -6.9564
  31110.00    -7.2637
  31120.00    -6.5008
  31130.00    -6.8781
  31140.00    -7.0708
  31150.00    -6.7569
  31160.00    -6.8670
  31170.00    -7.0262
  31180.00    -7.2716
  31190.00    -7.0253
  31200.00    -6.8073
  31210.00    -7.2713
  31220.00    -6.8514
  31230.00    -6.6594
  31240.00    -6.9227
  31250.00    -7.2664
  31260.00    -6.7539
  31270.00    -7.5241
  31280.00    -6.6155
  31290.00    -6.7048
  31300.00    -6.5485
  31310.00    -6.6644
  31320.00    -7.3611
  31330.00    -6.7851
  31340.00    -6.5413
  31350.00    -6.3239
  31360.00    -7.0507
  31370.00    -7.0688
  31380.00    -6.6112
  31390.00    -6.4486
  31400.00    -6.8160
  31410.00    -6.6233
  31420.00    -6.7408
  31430.00    -6.6415
  31440.00    -6.4558
  31450.00    -7.0438
  31460.00    -7.4957
  31470.00    -6.6939
  31480.00    -6.7585
  31490.00    -7.1380
  31500.00    -6.6740
  31510.00    -6.7163
  31520.00    -6.9786
  31530.00    -6.8962
  31540.00    -7.5016
  31550.00    -7.1496
  31560.00    -6.6180
  31570.00    -7.3718
  31580.00    -7.2193
  31590.00    -7.6287
  31600.00    -7.1046
  31610.00    -6.5922
  31620.00    -7.1096
  31630.00    -6.8413
  31640.00    -6.9423
  31650.00    -6.8891
  31660.00    -7.0005
  31670.00    -7.0949
  31680.00    -6.6386
  31690.00    -6.9020
  31700.00    -6.8905
  31710.00    -6.6484
  31720.00    -7.2972
  31730.00    -6.7337
  31740.00    -6.7373
  31750.00    -6.9957
  31760.00    -6.8746
  31770.00    -7.0525
  31780.00    -6.7621
  31790.00    -6.9617
  31800.00    -7.0712
  31810.00    -7.1537
  31820.00    -6.9799
  31830.00    -7.1439
  31840.00    -6.9878
  31850.00    -6.8322
  31860.00    -7.1038
  31870.00    -6.7042
  31880.00    -7.0730
  31890.00    -6.8412
  31900.00    -7.1636
  31910.00    -6.6682
  31920.00    -7.0828
  31930.00    -7.0481
  31940.00    -7.3246
  31950.00    -7.2561
  31960.00    -6.6456
  31970.00    -7.2165
  31980.00    -7.0144
  31990.00    -7.2869
  32000.00    -7.0315
  32010.00    -6.4500
  32020.00    -6.2606
  32030.00    -7.0417
  32040.00    -7.1692
  32050.00    -7.2467
  32060.00    -7.2239
  32070.00    -6.6812
  32080.00    -7.0952
  32090.00    -7.3203
  32100.00    -7.4578
  32110.00    -7.3673
  32120.00    -7.4680
  32130.00    -6.9173
  32140.00    -7.2283
  32150.00    -7.1733
  32160.00    -6.7592
  32170.00    -7.0141
  32180.00    -7.4455
  32190.00    -6.8509
  32200.00    -7.2957
  32210.00    -6.8677
  32220.00    -6.9096
  32230.00    -6.7987
  32240.00    -7.0157
  32250.00    -7.3572
  32260.00    -7.6463
  32270.00    -7.3325
  32280.00    -7.2297
  32290.00    -7.1022
  32300.00    -6.9901
  32310.00    -7.2672
  32320.00    -7.8211
  32330.00    -7.2893
  32340.00    -7.5006
  32350.00    -7.3699
  32360.00    -6.5571
  32370.00    -8.0974
  32380.00    -7.5517
  32390.00    -7.2501
  32400.00    -7.2422
  32410.00    -7.4316
  32420.00    -7.1922
  32430.00    -7.3269
  32440.00    -7.7419
  32450.00    -7.6685
  32460.00    -7.1361
  32470.00    -7.1292
  32480.00    -7.2330
  32490.00    -7.1831
  32500.00    -6.9504
  32510.00    -6.9270
  32520.00    -7.3069
  32530.00    -7.3971
  32540.00    -6.8988
  32550.00    -7.1002
  32560.00    -6.9091
  32570.00    -6.9535
  32580.00    -7.1518
  32590.00    -7.2142
  32600.00    -6.6521
  32610.00    -7.2025
  32620.00    -7.0962
  32630.00    -6.6644
  32640.00    -7.3349
  32650.00    -7.0492
  32660.00    -7.1960
  32670.00    -6.9375
  32680.00    -6.4094
  32690.00    -6.9965
  32700.00    -7.2123
  32710.00    -6.8672
  32720.00    -6.3727
  32730.00    -7.3531
  32740.00    -6.9576
  32750.00    -6.9464
  32760.00    -7.4511
  32770.00    -7.2298
  32780.00    -6.6931
  32790.00    -6.3681
  32800.00    -7.4185
  32810.00    -6.8775
  32820.00    -6.7328
  32830.00    -6.9897
  32840.00    -7.0612
  32850.00    -7.2606
  32860.00    -6.3903
  32870.00    -7.4929
  32880.00    -6.8963
  32890.00    -7.2116
  32900.00    -7.2531
  32910.00    -6.8565
  32920.00    -7.0501
  32930.00    -6.8922
  32940.00    -7.2629
  32950.00    -6.8253
  32960.00    -7.0020
  32970.00    -7.6726
  32980.00    -7.5922
  32990.00    -7.2939
  33000.00    -7.6052
  33010.00    -6.9532
  33020.00    -7.6389
  33030.00    -7.4513
  33040.00    -7.1091
  33050.00    -7.2391
  33060.00    -7.5611
  33070.00    -7.0009
  33080.00    -6.5567
  33090.00    -6.6665
  33100.00    -7.4965
  33110.00    -7.2119
  33120.00    -6.5838
  33130.00    -6.9264
  33140.00    -6.7362
  33150.00    -7.2205
  33160.00    -7.1952
  33170.00    -7.2280
  33180.00    -7.4111
  33190.00    -7.5791
  33200.00    -6.9979
  33210.00    -7.1720
  33220.00    -7.1155
  33230.00    -7.2227
  33240.00    -6.8748
  33250.00    -7.2580
  33260.00    -7.1026
  33270.00    -6.6893
  33280.00    -7.1896
  33290.00    -7.2094
  33300.00    -7.4790
  33310.00    -6.7282
  33320.00    -7.5889
  33330.00    -7.0185
  33340.00    -7.3265
  33350.00    -6.6553
  33360.00    -6.9047
  33370.00    -7.0564
  33380.00    -7.3464
  33390.00    -6.9294
  33400.00    -7.2559
  33410.00    -6.8858
  33420.00    -6.8196
  33430.00    -6.9280
  33440.00    -6.9866
  33450.00    -6.8722
  33460.00    -6.7734
  33470.00    -7.2989
  33480.00    -7.0589
  33490.00    -6.5453
  33500.00    -7.3051
  33510.00    -6.7339
  33520.00    -6.5744
  33530.00    -6.5814
  33540.00    -6.9236
  33550.00    -6.5939
  33560.00    -7.2653
  33570.00    -6.8696
  33580.00    -7.0178
  33590.00    -6.8217
  33600.00    -7.1679
  33610.00    -6.9039
  33620.00    -6.4815
  33630.00    -7.0084
  33640.00    -7.2667
  33650.00    -7.0041
  33660.00    -6.8274
  33670.00    -6.9047
  33680.00    -7.6705
  33690.00    -7.1418
  33700.00    -6.9546
  33710.00    -6.6922
  33720.00    -7.3697
  33730.00    -6.3876
  33740.00    -7.1879
  33750.00    -6.2231
  33760.00    -6.8320
  33770.00    -6.9897
  33780.00    -7.1254
  33790.00    -7.0080
  33800.00    -6.9314
  33810.00    -6.7865
  33820.00    -6.7970
  33830.00    -7.1699
  33840.00    -7.2003
  33850.00    -6.8850
  33860.00    -7.0878
  33870.00    -7.3623
  33880.00    -7.1734
  33890.00    -6.8950
  33900.00    -7.1609
  33910.00    -7.6631
  33920.00    -7.4681
  33930.00    -6.8854
  33940.00    -7.4707
  33950.00    -7.2669
  33960.00    -7.2183
  33970.00    -6.8551
  33980.00    -7.0735
  33990.00    -7.7452
  34000.00    -7.5214
  34010.00    -7.4986
  34020.00    -7.6230
  34030.00    -6.8597
  34040.00    -6.8941
  34050.00    -7.1720
  34060.00    -6.8745
  34070.00    -7.4028
  34080.00    -7.4093
  34090.00    -7.1744
  34100.00    -7.1028
  34110.00    -6.8886
  34120.00    -6.6104
  34130.00    -6.6631
  34140.00    -6.9475
  34150.00    -6.5769
  34160.00    -7.0440
  34170.00    -7.1673
  34180.00    -6.7558
  34190.00    -7.5220
  34200.00    -6.9578
  34210.00    -7.0387
  34220.00    -6.9640
  34230.00    -6.8389
  34240.00    -7.2852
  34250.00    -6.7179
  34260.00    -6.9138
  34270.00    -7.1021
  34280.00    -6.7426
  34290.00    -7.1575
  34300.00    -6.9975
  34310.00    -7.0453
  34320.00    -7.1654
  34330.00    -7.0488
  34340.00    -7.2286
  34350.00    -6.5912
  34360.00    -7.1156
  34370.00    -7.3005
  34380.00    -7.3996
  34390.00    -6.5577
  34400.00    -6.8773
  34410.00    -7.4524
  34420.00    -7.4034
  34430.00    -6.5865
  34440.00    -7.3838
  34450.00    -6.9516
  34460.00    -6.9450
  34470.00    -6.9738
  34480.00    -6.6040
  34490.00    -7.0316
  34500.00    -7.0638
  34510.00    -7.2116
  34520.00    -6.9962
  34530.00    -7.4278
  34540.00    -6.9380
  34550.00    -6.8740
  34560.00    -7.1228
  34570.00    -7.1914
  34580.00    -7.2820
  34590.00    -7.7640
  34600.00    -7.1499
  34610.00    -7.3951
  34620.00    -6.9774
  34630.00    -7.1240
  34640.00    -7.0186
  34650.00    -7.3951
  34660.00    -7.4671
  34670.00    -6.7640
  34680.00    -7.1491
  34690.00    -6.8786
  34700.00    -7.2378
  34710.00    -7.9171
  34720.00    -7.4771
  34730.00    -7.1261
  34740.00    -7.1177
  34750.00    -7.1563
  34760.00    -7.2925
  34770.00    -6.8216
  34780.00    -7.0278
  34790.00    -7.2944
  34800.00    -7.5232
  34810.00    -6.9707
  34820.00    -6.7114
  34830.00    -7.2606
  34840.00    -7.3309
  34850.00    -6.5897
  34860.00    -6.8192
  34870.00    -6.5521
  34880.00    -7.0306
  34890.00    -6.4438
  34900.00    -6.8465
  34910.00    -7.0305
  34920.00    -7.2001
  34930.00    -7.2911
  34940.00    -7.1037
  34950.00    -7.0825
  34960.00    -7.1490
  34970.00    -6.8853
  34980.00    -6.4868
  34990.00    -6.2376
  35000.00    -6.4703
  35010.00    -6.7332
  35020.00    -6.7945
  35030.00    -6.6471
  35040.00    -6.4807
  35050.00    -6.7013
  35060.00    -6.6774
  35070.00    -6.7363
  35080.00    -6.7713
  35090.00    -6.8672
  35100.00    -6.9607
  35110.00    -7.6341
  35120.00    -6.0629
  35130.00    -6.7779
  35140.00    -6.5914
  35150.00    -7.1928
  35160.00    -7.2649
  35170.00    -7.3364
  35180.00    -7.3949
  35190.00    -6.9355
  35200.00    -6.7401
  35210.00    -7.0994
  35220.00    -6.9733
  35230.00    -6.9966
  35240.00    -6.8573
  35250.00    -6.8483
  35260.00    -7.3017
  35270.00    -6.7998
  35280.00    -7.0546
  35290.00    -7.1453
  35300.00    -6.4727
  35310.00    -6.9883
  35320.00    -6.2826
  35330.00    -6.7718
  35340.00    -7.0286
  35350.00    -6.4373
  35360.00    -6.9238
  35370.00    -6.9581
  35380.00    -7.3023
  35390.00    -6.7527
  35400.00    -7.0466
  35410.00    -6.5883
  35420.00    -6.9953
  35430.00    -6.8782
  35440.00    -7.2248
  35450.00    -6.6030
  35460.00    -7.1459
  35470.00    -6.2857
  35480.00    -7.1511
  35490.00    -6.7538
  35500.00    -6.9794
  35510.00    -7.2874
  35520.00    -7.1291
  35530.00    -6.5309
  35540.00    -7.1343
  35550.00    -6.8058
  35560.00    -7.0456
  35570.00    -6.9001
  35580.00    -7.1065
  35590.00    -6.6664
  35600.00    -7.1459
  35610.00    -6.8605
  35620.00    -7.4501
  35630.00    -6.5444
  35640.00    -7.1778
  35650.00    -7.1646
  35660.00    -7.0969
  35670.00    -6.7947
  35680.00    -7.0969
  35690.00    -7.0368
  35700.00    -6.6193
  35710.00    -6.4916
  35720.00    -6.8240
  35730.00    -7.2489
  35740.00    -7.2393
  35750.00    -7.1615
  35760.00    -6.6621
  35770.00    -7.1169
  35780.00    -6.8365
  35790.00    -6.7685
  35800.00    -7.4382
  35810.00    -7.1404
  35820.00    -6.9696
  35830.00    -7.3011
  35840.00    -6.7066
  35850.00    -6.5053
  35860.00    -7.1554
  35870.00    -7.4879
  35880.00    -7.2747
  35890.00    -7.1030
  35900.00    -6.8344
  35910.00    -7.5910
  35920.00    -7.3551
  35930.00    -6.7097
  35940.00    -6.8548
  35950.00    -7.0133
  35960.00    -6.8368
  35970.00    -7.4139
  35980.00    -6.6248
  35990.00    -6.8223
  36000.00    -6.8971
  36010.00    -6.8180
  36020.00    -6.9103
  36030.00    -6.7839
  36040.00    -7.2895
  36050.00    -6.7120
  36060.00    -6.9622
  36070.00    -6.6874
  36080.00    -6.7330
  36090.00    -6.9732
  36100.00    -7.2156
  36110.00    -7.3286
  36120.00    -6.9052
  36130.00    -7.5166
  36140.00    -6.5471
  36150.00    -7.0569
  36160.00    -6.9497
  36170.00    -7.1145
  36180.00    -7.3174
  36190.00    -7.1604
  36200.00    -7.9076
  36210.00    -6.7718
  36220.00    -7.6759
  36230.00    -7.0257
  36240.00    -7.0153
  36250.00    -7.1735
  36260.00    -6.8532
  36270.00    -6.8429
  36280.00    -7.2635
  36290.00    -6.6890
  36300.00    -7.4952
  36310.00    -7.0332
  36320.00    -6.9835
  36330.00    -7.2679
  36340.00    -7.0033
  36350.00    -6.9103
  36360.00    -7.1787
  36370.00    -7.0733
  36380.00    -7.0086
  36390.00    -6.9745
  36400.00    -7.4341
  36410.00    -6.8470
  36420.00    -7.0734
  36430.00    -6.7304
  36440.00    -7.0910
  36450.00    -7.0125
  36460.00    -7.1574
  36470.00    -6.6838
  36480.00    -7.0850
  36490.00    -6.6089
  36500.00    -6.8508
  36510.00    -7.1564
  36520.00    -6.6927
  36530.00    -7.1513
  36540.00    -7.1828
  36550.00    -7.1668
  36560.00    -6.9324
  36570.00    -7.1371
  36580.00    -7.5825
  36590.00    -7.3140
  36600.00    -7.0434
  36610.00    -7.4806
  36620.00    -6.9457
  36630.00    -7.1322
  36640.00    -6.7871
  36650.00    -7.0742
  36660.00    -6.6999
  36670.00    -6.7342
  36680.00    -7.0797
  36690.00    -7.7372
  36700.00    -6.6953
  36710.00    -6.6166
  36720.00    -6.8802
  36730.00    -6.9835
  36740.00    -7.2315
  36750.00    -7.1892
  36760.00    -6.6921
  36770.00    -6.8134
  36780.00    -7.1385
  36790.00    -8.0811
  36800.00    -6.9374
  36810.00    -7.3277
  36820.00    -7.1273
  36830.00    -7.1170
  36840.00    -6.8822
  36850.00    -7.6148
  36860.00    -7.3682
  36870.00    -7.0493
  36880.00    -6.6593
  36890.00    -7.2932
  36900.00    -6.9345
  36910.00    -6.4142
  36920.00    -7.4808
  36930.00    -7.0802
  36940.00    -6.6946
  36950.00    -6.6187
  36960.00    -7.1950
  36970.00    -6.7393
  36980.00    -6.4750
  36990.00    -6.8153
  37000.00    -7.0012
  37010.00    -6.3650
  37020.00    -7.0134
  37030.00    -6.6926
  37040.00    -7.0116
  37050.00    -6.8587
  37060.00    -6.5604
  37070.00    -6.9064
  37080.00    -7.5640
  37090.00    -6.6039
  37100.00    -7.1107
  37110.00    -7.2148
  37120.00    -6.7849
  37130.00    -6.7132
  37140.00    -6.7054
  37150.00    -7.2566
  37160.00    -6.6581
  37170.00    -6.6237
  37180.00    -6.7644
  37190.00    -6.8621
  37200.00    -6.6114
  37210.00    -6.3653
  37220.00    -6.8830
  37230.00    -7.0971
  37240.00    -7.3477
  37250.00    -7.3937
  37260.00    -7.5461
  37270.00    -7.0087
  37280.00    -7.0700
  37290.00    -7.2854
  37300.00    -7.1311
  37310.00    -7.5877
  37320.00    -6.8787
  37330.00    -6.6971
  37340.00    -7.1947
  37350.00    -6.6035
  37360.00    -7.2927
  37370.00    -7.0623
  37380.00    -6.9861
  37390.00    -7.0941
  37400.00    -7.0036
  37410.00    -7.3162
  37420.00    -7.0450
  37430.00    -7.2229
  37440.00    -7.2649
  37450.00    -6.9068
  37460.00    -6.9286
  37470.00    -6.8388
  37480.00    -7.2135
  37490.00    -7.0658
  37500.00    -7.2885
  37510.00    -6.9818
  37520.00    -6.8076
  37530.00    -7.0382
  37540.00    -7.1645
  37550.00    -6.6948
  37560.00    -7.4122
  37570.00    -7.3714
  37580.00    -7.4988
  37590.00    -6.5555
  37600.00    -7.3955
  37610.00    -7.5729
  37620.00    -7.2889
  37630.00    -6.8785
  37640.00    -7.4425
  37650.00    -7.3015
  37660.00    -7.1801
  37670.00    -7.2667
  37680.00    -7.1812
  37690.00    -7.3882
  37700.00    -7.1215
  37710.00    -7.1229
  37720.00    -7.2872
  37730.00    -7.1512
  37740.00    -6.8960
  37750.00    -6.8396
  37760.00    -6.9647
  37770.00    -7.4019
  37780.00    -7.5342
  37790.00    -7.4161
  37800.00    -6.2699
  37810.00    -6.9885
  37820.00    -7.2215
  37830.00    -7.0557
  37840.00    -6.7521
  37850.00    -6.8951
  37860.00    -7.1109
  37870.00    -6.8469
  37880.00    -7.2794
  37890.00    -6.8984
  37900.00    -7.2222
  37910.00    -6.7941
  37920.00    -7.3861
  37930.00    -6.6160
  37940.00    -7.6177
  37950.00    -6.9022
  37960.00    -7.2720
  37970.00    -7.2152
  37980.00    -7.1798
  37990.00    -6.8431
  38000.00    -6.8289
  38010.00    -6.6678
  38020.00    -7.4489
  38030.00    -6.8589
  38040.00    -7.2217
  38050.00    -7.2387
  38060.00    -6.8523
  38070.00    -7.1655
  38080.00    -7.2688
  38090.00    -7.1450
  38100.00    -7.1145
  38110.00    -7.2440
  38120.00    -7.0907
  38130.00    -7.0058
  38140.00    -6.7610
  38150.00    -6.7666
  38160.00    -6.9090
  38170.00    -6.7416
  38180.00    -6.6932
  38190.00    -6.7573
  38200.00    -7.5050
  38210.00    -6.6469
  38220.00    -7.0796
  38230.00    -6.6997
  38240.00    -7.2142
  38250.00    -7.2958
  38260.00    -6.9143
  38270.00    -7.0487
  38280.00    -6.9144
  38290.00    -6.6601
  38300.00    -6.5051
  38310.00    -6.6243
  38320.00    -6.9453
  38330.00    -7.3550
  38340.00    -7.1773
  38350.00    -6.9162
  38360.00    -6.7830
  38370.00    -7.0441
  38380.00    -6.6596
  38390.00    -6.8730
  38400.00    -7.8491
  38410.00    -6.6759
  38420.00    -6.8063
  38430.00    -6.6209
  38440.00    -7.1833
  38450.00    -6.9291
  38460.00    -7.2528
  38470.00    -6.8434
  38480.00    -6.8610
  38490.00    -7.3184
  38500.00    -7.4861
  38510.00    -7.2013
  38520.00    -6.9114
  38530.00    -6.9116
  38540.00    -6.8103
  38550.00    -6.7929
  38560.00    -6.8882
  38570.00    -6.9612
  38580.00    -7.0886
  38590.00    -7.2958
  38600.00    -7.4001
  38610.00    -7.3313
  38620.00    -6.8216
  38630.00    -7.4231
  38640.00    -6.9489
  38650.00    -7.0176
  38660.00    -7.0469
  38670.00    -7.2840
  38680.00    -7.2225
  38690.00    -7.6358
  38700.00    -7.1357
  38710.00    -6.9932
  38720.00    -6.9794
  38730.00    -7.0576
  38740.00    -7.3243
  38750.00    -6.8069
  38760.00    -7.1711
  38770.00    -6.9377
  38780.00    -6.8421
  38790.00    -7.1378
  38800.00    -7.3428
  38810.00    -6.6516
  38820.00    -7.0906
  38830.00    -6.9046
  38840.00    -7.1963
  38850.00    -6.9152
  38860.00    -6.8525
  38870.00    -6.9385
  38880.00    -7.0304
  38890.00    -7.0643
  38900.00    -7.2252
  38910.00    -6.9096
  38920.00    -7.0833
  38930.00    -7.1889
  38940.00    -6.7296
  38950.00    -6.7868
  38960.00    -7.0261
  38970.00    -7.0373
  38980.00    -7.2777
  38990.00    -6.6605
  39000.00    -6.7666
  39010.00    -7.1240
  39020.00    -6.8980
  39030.00    -7.5452
  39040.00    -6.8842
  39050.00    -6.5477
  39060.00    -7.1069
  39070.00    -7.2675
  39080.00    -6.9550
  39090.00    -6.5767
  39100.00    -6.8311
  39110.00    -7.1017
  39120.00    -6.8450
  39130.00    -7.2797
  39140.00    -7.6782
  39150.00    -7.0835
  39160.00    -6.8535
  39170.00    -6.7182
  39180.00    -7.2282
  39190.00    -6.8788
  39200.00    -6.9188
  39210.00    -6.8497
  39220.00    -7.1755
  39230.00    -7.1633
  39240.00    -7.1091
  39250.00    -7.1637
  39260.00    -7.1867
  39270.00    -7.0714
  39280.00    -6.8998
  39290.00    -7.3288
  39300.00    -6.8633
  39310.00    -6.9076
  39320.00    -7.1438
  39330.00    -7.4057
  39340.00    -6.9082
  39350.00    -7.4343
  39360.00    -7.7201
  39370.00    -7.3178
  39380.00    -7.0333
  39390.00    -7.5628
  39400.00    -7.5296
  39410.00    -7.1213
  39420.00    -7.0309
  39430.00    -6.9514
  39440.00    -7.0620
  39450.00    -7.0084
  39460.00    -6.7708
  39470.00    -7.1296
  39480.00    -6.4254
  39490.00    -7.3228
  39500.00    -7.3017
  39510.00    -7.0851
  39520.00    -7.1438
  39530.00    -7.2254
  39540.00    -6.9291
  39550.00    -6.7087
  39560.00    -6.9898
  39570.00    -7.2738
  39580.00    -7.1087
  39590.00    -7.3319
  39600.00    -7.3754
  39610.00    -7.5397
  39620.00    -7.1597
  39630.00    -6.5304
  39640.00    -6.6899
  39650.00    -6.9117
  39660.00    -7.1185
  39670.00    -7.5443
  39680.00    -7.0371
  39690.00    -6.8099
  39700.00    -6.9224
  39710.00    -7.5907
  39720.00    -6.3926
  39730.00    -7.2400
  39740.00    -6.8884
  39750.00    -7.2048
  39760.00    -7.1748
  39770.00    -7.0303
  39780.00    -6.9674
  39790.00    -7.0867
  39800.00    -7.2283
  39810.00    -7.6889
  39820.00    -7.1587
  39830.00    -6.8042
  39840.00    -7.0126
  39850.00    -7.5442
  39860.00    -7.2498
  39870.00    -7.0752
  39880.00    -7.7001
  39890.00    -6.8562
  39900.00    -7.2955
  39910.00    -7.1977
  39920.00    -6.7354
  39930.00    -6.8800
  39940.00    -7.0675
  39950.00    -7.1673
  39960.00    -6.9174
  39970.00    -7.0380
  39980.00    -7.2730
  39990.00    -6.4510
  40000.00    -7.4997
  40010.00    -6.6217
  40020.00    -7.3147
  40030.00    -7.4094
  40040.00    -7.2512
  40050.00    -7.0540
  40060.00    -7.4779
  40070.00    -7.4597
  40080.00    -7.1750
  40090.00    -7.0169
  40100.00    -7.4259
  40110.00    -6.8620
  40120.00    -6.5561
  40130.00    -7.3567
  40140.00    -7.2424
  40150.00    -7.3851
  40160.00    -6.6857
  40170.00    -7.6340
  40180.00    -7.2801
  40190.00    -7.2604
  40200.00    -6.7294
  40210.00    -7.0418
  40220.00    -7.1530
  40230.00    -6.9148
  40240.00    -6.8550
  40250.00    -7.2939
  40260.00    -7.3488
  40270.00    -7.8365
  40280.00    -7.0813
  40290.00    -7.2574
  40300.00    -6.3539
  40310.00    -7.1309
  40320.00    -7.2854
  40330.00    -7.5853
  40340.00    -7.2464
  40350.00    -6.7980
  40360.00    -6.7984
  40370.00    -6.9767
  40380.00    -6.8376
  40390.00    -6.9397
  40400.00    -7.0722
  40410.00    -7.0715
  40420.00    -6.2177
  40430.00    -7.1563
  40440.00    -7.2572
  40450.00    -6.6413
  40460.00    -6.8021
  40470.00    -7.2112
  40480.00    -7.1613
  40490.00    -6.7442
  40500.00    -7.1567
  40510.00    -7.3388
  40520.00    -7.0451
  40530.00    -7.1806
  40540.00    -6.8238
  40550.00    -6.7774
  40560.00    -6.9811
  40570.00    -6.6340
  40580.00    -6.9595
  40590.00    -7.0375
  40600.00    -6.9931
  40610.00    -6.8620
  40620.00    -7.3379
  40630.00    -7.1750
  40640.00    -7.2224
  40650.00    -7.4902
  40660.00    -7.0563
  40670.00    -7.0570
  40680.00    -6.6052
  40690.00    -6.9947
  40700.00    -7.3324
  40710.00    -7.2220
  40720.00    -6.9927
  40730.00    -7.2143
  40740.00    -7.0931
  40750.00    -6.5130
  40760.00    -6.8542
  40770.00    -7.1823
  40780.00    -6.9314
  40790.00    -7.2655
  40800.00    -7.6106
  40810.00    -7.0039
  40820.00    -7.2781
  40830.00    -7.2236
  40840.00    -7.0645
  40850.00    -7.3793
  40860.00    -7.2781
  40870.00    -6.7684
  40880.00    -6.9481
  40890.00    -6.6956
  40900.00    -7.0927
  40910.00    -7.0387
  40920.00    -6.7297
  40930.00    -7.0641
  40940.00    -7.2426
  40950.00    -6.5918
  40960.00    -6.1658
  40970.00    -7.3598
  40980.00    -7.2950
  40990.00    -7.3207
  41000.00    -7.1290
  41010.00    -7.5222
  41020.00    -7.1747
  41030.00    -7.5520
  41040.00    -7.1525
  41050.00    -7.1912
  41060.00    -7.5820
  41070.00    -6.9886
  41080.00    -7.2990
  41090.00    -7.0935
  41100.00    -7.2300
  41110.00    -7.0250
  41120.00    -7.0452
  41130.00    -7.0080
  41140.00    -6.8058
  41150.00    -6.6967
  41160.00    -6.9605
  41170.00    -7.1037
  41180.00    -6.4784
  41190.00    -6.9591
  41200.00    -6.8202
  41210.00    -7.0834
  41220.00    -7.0704
  41230.00    -7.2909
  41240.00    -7.1195
  41250.00    -7.0549
  41260.00    -6.8546
  41270.00    -7.0659
  41280.00    -7.0221
  41290.00    -6.8124
  41300.00    -7.1320
  41310.00    -7.4485
  41320.00    -6.9560
  41330.00    -6.7844
  41340.00    -6.4765
  41350.00    -6.6433
  41360.00    -7.0851
  41370.00    -6.6562
  41380.00    -6.4854
  41390.00    -7.3412
  41400.00    -6.8817
  41410.00    -6.7985
  41420.00    -6.9047
  41430.00    -6.4628
  41440.00    -7.2251
  41450.00    -7.0630
  41460.00    -7.6892
  41470.00    -7.1991
  41480.00    -6.9222
  41490.00    -7.1488
  41500.00    -6.5968
  41510.00    -6.5627
  41520.00    -7.4769
  41530.00    -6.8429
  41540.00    -6.6129
  41550.00    -7.0429
  41560.00    -6.4367
  41570.00    -7.1874
  41580.00    -6.8336
  41590.00    -7.3386
  41600.00    -6.7727
  41610.00    -6.7092
  41620.00    -6.6660
  41630.00    -7.0591
  41640.00    -6.7675
  41650.00    -6.7431
  41660.00    -6.8180
  41670.00    -7.1998
  41680.00    -7.0804
  41690.00    -6.8710
  41700.00    -6.8377
  41710.00    -7.1019
  41720.00    -6.4270
  41730.00    -7.3172
  41740.00    -7.6011
  41750.00    -6.7348
  41760.00    -6.8656
  41770.00    -6.9867
  41780.00    -6.5064
  41790.00    -6.6664
  41800.00    -7.1811
  41810.00    -6.8096
  41820.00    -7.0412
  41830.00    -6.6411
  41840.00    -6.9088
  41850.00    -6.9351
  41860.00    -6.6185
  41870.00    -7.6014
  41880.00    -6.9968
  41890.00    -7.1147
  41900.00    -6.8234
  41910.00    -6.7551
  41920.00    -6.6637
  41930.00    -6.4925
  41940.00    -6.7237
  41950.00    -7.2535
  41960.00    -7.1474
  41970.00    -6.8035
  41980.00    -7.0911
  41990.00    -6.7400
  42000.00    -6.6253
  42010.00    -6.9164
  42020.00    -6.9483
  42030.00    -6.9527
  42040.00    -6.8778
  42050.00    -6.9211
  42060.00    -6.7062
  42070.00    -6.5751
  42080.00    -7.3270
  42090.00    -7.0143
  42100.00    -7.1282
  42110.00    -7.0319
  42120.00    -7.2242
  42130.00    -7.0019
  42140.00    -6.5790
  42150.00    -6.8318
  42160.00    -6.7882
  42170.00    -7.2148
  42180.00    -6.8008
  42190.00    -7.0775
  42200.00    -6.8659
  42210.00    -7.4335
  42220.00    -7.7743
  42230.00    -6.8825
  42240.00    -7.0290
  42250.00    -7.2103
  42260.00    -6.9782
  42270.00    -6.9100
  42280.00    -6.8455
  42290.00    -6.8565
  42300.00    -6.8740
  42310.00    -7.1371
  42320.00    -6.8003
  42330.00    -7.4800
  42340.00    -7.4628
  42350.00    -7.1158
  42360.00    -7.1715
  42370.00    -7.1418
  42380.00    -6.9611
  42390.00    -7.0983
  42400.00    -6.9031
  42410.00    -7.3866
  42420.00    -7.1890
  42430.00    -6.8849
  42440.00    -7.0100
  42450.00    -6.8707
  42460.00    -6.9042
  42470.00    -7.1861
  42480.00    -6.5129
  42490.00    -6.5590
  42500.00    -6.7661
  42510.00    -7.3966
  42520.00    -7.0485
  42530.00    -7.3245
  42540.00    -7.0800
  42550.00    -6.8045
  42560.00    -6.7037
  42570.00    -7.0390
  42580.00    -7.2561
  42590.00    -6.7398
  42600.00    -6.7675
  42610.00    -6.9128
  42620.00    -7.0714
  42630.00    -7.4844
  42640.00    -7.0662
  42650.00    -7.0946
  42660.00    -6.7656
  42670.00    -7.1921
  42680.00    -6.9169
  42690.00    -6.9414
  42700.00    -7.7375
  42710.00    -7.2728
  42720.00    -7.4405
  42730.00    -7.2683
  42740.00    -7.3362
  42750.00    -7.2750
  42760.00    -7.3348
  42770.00    -7.3201
  42780.00    -7.5353
  42790.00    -7.2443
  42800.00    -6.9076
  42810.00    -7.1768
  42820.00    -6.8610
  42830.00    -6.7955
  42840.00    -7.1721
  42850.00    -7.1230
  42860.00    -7.2436
  42870.00    -6.5959
  42880.00    -6.8132
  42890.00    -6.9456
  42900.00    -7.0075
  42910.00    -7.3774
  42920.00    -6.9597
  42930.00    -6.9802
  42940.00    -7.4376
  42950.00    -7.4361
  42960.00    -6.9479
  42970.00    -7.3345
  42980.00    -6.5735
  42990.00    -6.7008
  43000.00    -6.5044
  43010.00    -7.3437
  43020.00    -6.9206
  43030.00    -6.4668
  43040.00    -7.1922
  43050.00    -6.7724
  43060.00    -7.0862
  43070.00    -7.0706
  43080.00    -6.9411
  43090.00    -6.9245
  43100.00    -7.4770
  43110.00    -7.1444
  43120.00    -7.2636
  43130.00    -7.4866
  43140.00    -7.0710
  43150.00    -6.9603
  43160.00    -6.8636
  43170.00    -6.9990
  43180.00    -7.2826
  43190.00    -6.9073
  43200.00    -7.5121
  43210.00    -6.9774
  43220.00    -7.0228
  43230.00    -6.5148
  43240.00    -7.1120
  43250.00    -6.6391
  43260.00    -6.3962
  43270.00    -6.9704
  43280.00    -7.2357
  43290.00    -7.1460
  43300.00    -7.0486
  43310.00    -7.0973
  43320.00    -6.8555
  43330.00    -7.4433
  43340.00    -7.0659
  43350.00    -6.9169
  43360.00    -7.2658
  43370.00    -7.1340
  43380.00    -6.7345
  43390.00    -6.8002
  43400.00    -6.8460
  43410.00    -7.2964
  43420.00    -7.3095
  43430.00    -6.9651
  43440.00    -7.5234
  43450.00    -6.6460
  43460.00    -7.2699
  43470.00    -7.0932
  43480.00    -7.0711
  43490.00    -7.0184
  43500.00    -6.9093
  43510.00    -7.3618
  43520.00    -7.4125
  43530.00    -7.0527
  43540.00    -7.4532
  43550.00    -6.9281
  43560.00    -6.5643
  43570.00    -7.9118
  43580.00    -6.3934
  43590.00    -6.9174
  43600.00    -7.1000
  43610.00    -7.0082
  43620.00    -7.2520
  43630.00    -6.9327
  43640.00    -7.0479
  43650.00    -6.9286
  43660.00    -7.3711
  43670.00    -7.4759
  43680.00    -7.2292
  43690.00    -6.5941
  43700.00    -7.3987
  43710.00    -7.0716
  43720.00    -7.1609
  43730.00    -7.1739
  43740.00    -6.8914
  43750.00    -7.3307
  43760.00    -6.7804
  43770.00    -7.2950
  43780.00    -7.1527
  43790.00    -6.5868
  43800.00    -7.1067
  43810.00    -6.7131
  43820.00    -6.4980
  43830.00    -6.7101
  43840.00    -6.7500
  43850.00    -6.8333
  43860.00    -7.3514
  43870.00    -7.4409
  43880.00    -7.3368
  43890.00    -6.7021
  43900.00    -6.9824
  43910.00    -7.2000
  43920.00    -6.9332
  43930.00    -6.9940
  43940.00    -6.9699
  43950.00    -7.2293
  43960.00    -6.6989
  43970.00    -6.8273
  43980.00    -6.6256
  43990.00    -6.7948
  44000.00    -7.2063
  44010.00    -6.6310
  44020.00    -6.8444
  44030.00    -7.4233
  44040.00    -7.1355
  44050.00    -7.0522
  44060.00    -6.8633
  44070.00    -7.0581
  44080.00    -6.7496
  44090.00    -7.2408
  44100.00    -7.4902
  44110.00    -6.5439
  44120.00    -6.8254
  44130.00    -7.0485
  44140.00    -7.0415
  44150.00    -6.7629
  44160.00    -7.2513
  44170.00    -6.5544
  44180.00    -6.9556
  44190.00    -7.1016
  44200.00    -7.1819
  44210.00    -7.1504
  44220.00    -7.0266
  44230.00    -6.7551
  44240.00    -7.1784
  44250.00    -6.8043
  44260.00    -7.5483
  44270.00    -7.0929
  44280.00    -7.3977
  44290.00    -7.2946
  44300.00    -6.8828
  44310.00    -7.3306
  44320.00    -6.8170
  44330.00    -7.2747
  44340.00    -7.0404
  44350.00    -7.5216
  44360.00    -6.8234
  44370.00    -6.9128
  44380.00    -6.4941
  44390.00    -6.5792
  44400.00    -7.0319
  44410.00    -7.5884
  44420.00    -6.9682
  44430.00    -6.9504
  44440.00    -6.8127
  44450.00    -6.8342
  44460.00    -7.2193
  44470.00    -7.0034
  44480.00    -7.4474
  44490.00    -7.1906
  44500.00    -7.1740
  44510.00    -7.1452
  44520.00    -6.7214
  44530.00    -7.2524
  44540.00    -7.3855
  44550.00    -6.9472
  44560.00    -6.9739
  44570.00    -7.2602
  44580.00    -7.0394
  44590.00    -6.8811
  44600.00    -7.1000
  44610.00    -7.1485
  44620.00    -7.0930
  44630.00    -6.5343
  44640.00    -7.2172
  44650.00    -6.7188
  44660.00    -6.7006
  44670.00    -7.0221
  44680.00    -6.7810
  44690.00    -6.8826
  44700.00    -6.6113
  44710.00    -7.3584
  44720.00    -6.5351
  44730.00    -7.1091
  44740.00    -7.4288
  44750.00    -7.2089
  44760.00    -7.1540
  44770.00    -7.4250
  44780.00    -7.4683
  44790.00    -7.1978
  44800.00    -7.0230
  44810.00    -7.0894
  44820.00    -7.3514
  44830.00    -6.9648
  44840.00    -7.0437
  44850.00    -7.4621
  44860.00    -7.0479
  44870.00    -6.7397
  44880.00    -7.2187
  44890.00    -7.3744
  44900.00    -7.0639
  44910.00    -7.4349
  44920.00    -6.5786
  44930.00    -6.8791
  44940.00    -7.2530
  44950.00    -7.3706
  44960.00    -6.6671
  44970.00    -7.0734
  44980.00    -6.5032
  44990.00    -6.7190
  45000.00    -6.7626
  45010.00    -7.0139
  45020.00    -6.5360
  45030.00    -7.0033
  45040.00    -7.0333
  45050.00    -7.0381
  45060.00    -7.1354
  45070.00    -6.8703
  45080.00    -6.6976
  45090.00    -6.8681
  45100.00    -6.7178
  45110.00    -7.0013
  45120.00    -7.2752
  45130.00    -6.2680
  45140.00    -6.8433
  45150.00    -6.4401
  45160.00    -6.2339
  45170.00    -6.7010
  45180.00    -7.3592
  45190.00    -6.9903
  45200.00    -6.9044
  45210.00    -6.9550
  45220.00    -6.6403
  45230.00    -7.1765
  45240.00    -7.0949
  45250.00    -6.7956
  45260.00    -7.4264
  45270.00    -7.2927
  45280.00    -7.3550
  45290.00    -7.4845
  45300.00    -7.2440
  45310.00    -6.9232
  45320.00    -6.8312
  45330.00    -6.8999
  45340.00    -7.2148
  45350.00    -7.1893
  45360.00    -7.2882
  45370.00    -7.1693
  45380.00    -7.3123
  45390.00    -6.9670
  45400.00    -7.2080
  45410.00    -7.1445
  45420.00    -6.7354
  45430.00    -7.1829
  45440.00    -7.7765
  45450.00    -6.9138
  45460.00    -7.5462
  45470.00    -6.4762
  45480.00    -7.1894
  45490.00    -7.1790
  45500.00    -7.6777
  45510.00    -6.9614
  45520.00    -6.9206
  45530.00    -6.6601
  45540.00    -7.5147
  45550.00    -7.1713
  45560.00    -6.8116
  45570.00    -7.1468
  45580.00    -6.5089
  45590.00    -6.6907
  45600.00    -7.0510
  45610.00    -7.0361
  45620.00    -7.9803
  45630.00    -6.8984
  45640.00    -6.9769
  45650.00    -7.0730
  45660.00    -7.0312
  45670.00    -6.8065
  45680.00    -6.7062
  45690.00    -6.6015
  45700.00    -6.7010
  45710.00    -6.9242
  45720.00    -7.0933
  45730.00    -6.8140
  45740.00    -7.0971
  45750.00    -7.3124
  45760.00    -7.5733
  45770.00    -7.0556
  45780.00    -6.5986
  45790.00    -6.9933
  45800.00    -7.1726
  45810.00    -7.0645
  45820.00    -6.6878
  45830.00    -6.4842
  45840.00    -6.7529
  45850.00    -6.9636
  45860.00    -7.1467
  45870.00    -7.1300
  45880.00    -6.0753
  45890.00    -6.5325
  45900.00    -7.1866
  45910.00    -6.8149
  45920.00    -6.6351
  45930.00    -7.1265
  45940.00    -6.7416
  45950.00    -7.2356
  45960.00    -6.4861
  45970.00    -7.1460
  45980.00    -7.1817
  45990.00    -7.2633
  46000.00    -7.4500
  46010.00    -7.8977
  46020.00    -6.8263
  46030.00    -7.7848
  46040.00    -7.1403
  46050.00    -6.9099
  46060.00    -7.1260
  46070.00    -7.2374
  46080.00    -6.9357
  46090.00    -7.7183
  46100.00    -7.0461
  46110.00    -6.8267
  46120.00    -6.8375
  46130.00    -6.5041
  46140.00    -7.2587
  46150.00    -7.0822
  46160.00    -7.2058
  46170.00    -6.9947
  46180.00    -7.2724
  46190.00    -7.2322
  46200.00    -6.8215
  46210.00    -7.0748
  46220.00    -6.8757
  46230.00    -6.1985
  46240.00    -6.8988
  46250.00    -6.9592
  46260.00    -7.4989
  46270.00    -7.0720
  46280.00    -6.8923
  46290.00    -7.0866
  46300.00    -6.6561
  46310.00    -7.3260
  46320.00    -6.5657
  46330.00    -7.4272
  46340.00    -6.5965
  46350.00    -7.1699
  46360.00    -6.7463
  46370.00    -6.9752
  46380.00    -6.9515
  46390.00    -7.1163
  46400.00    -6.9409
  46410.00    -6.9669
  46420.00    -6.8385
  46430.00    -6.8107
  46440.00    -6.8135
  46450.00    -6.6983
  46460.00    -7.2297
  46470.00    -7.2907
  46480.00    -6.9728
  46490.00    -7.4259
  46500.00    -7.1313
  46510.00    -7.2583
  46520.00    -7.4537
  46530.00    -7.7780
  46540.00    -7.1032
  46550.00    -6.4156
  46560.00    -7.1851
  46570.00    -6.7417
  46580.00    -7.5234
  46590.00    -6.7741
  46600.00    -7.0512
  46610.00    -7.2731
  46620.00    -6.9502
  46630.00    -7.1652
  46640.00    -6.3341
  46650.00    -7.4324
  46660.00    -7.3876
  46670.00    -6.9643
  46680.00    -6.4806
  46690.00    -6.7274
  46700.00    -6.9457
  46710.00    -7.3354
  46720.00    -7.1234
  46730.00    -7.0996
  46740.00    -6.4793
  46750.00    -6.7630
  46760.00    -6.7163
  46770.00    -7.3209
  46780.00    -7.1003
  46790.00    -7.2048
  46800.00    -6.9978
  46810.00    -7.2056
  46820.00    -7.2988
  46830.00    -7.0420
  46840.00    -6.8610
  46850.00    -7.0481
  46860.00    -6.8239
  46870.00    -7.2707
  46880.00    -7.1192
  46890.00    -7.2448
  46900.00    -7.0686
  46910.00    -6.7969
  46920.00    -7.1039
  46930.00    -7.2012
  46940.00    -7.0692
  46950.00    -7.4812
  46960.00    -7.2108
  46970.00    -7.1918
  46980.00    -6.9962
  46990.00    -7.1268
  47000.00    -7.0168
  47010.00    -6.5215
  47020.00    -6.8066
  47030.00    -6.7809
  47040.00    -6.7607
  47050.00    -7.0988
  47060.00    -7.1725
  47070.00    -7.2958
  47080.00    -7.0378
  47090.00    -6.9530
  47100.00    -7.1484
  47110.00    -7.5840
  47120.00    -6.9762
  47130.00    -7.3596
  47140.00    -7.3001
  47150.00    -7.1654
  47160.00    -7.0207
  47170.00    -6.7703
  47180.00    -7.2222
  47190.00    -6.9621
  47200.00    -6.6527
  47210.00    -7.3746
  47220.00    -7.0655
  47230.00    -7.1148
  47240.00    -7.2384
  47250.00    -7.4134
  47260.00    -7.2087
  47270.00    -7.1404
  47280.00    -6.7365
  47290.00    -7.0650
  47300.00    -7.0290
  47310.00    -6.9195
  47320.00    -6.8984
  47330.00    -6.7643
  47340.00    -6.8414
  47350.00    -7.1766
  47360.00    -6.9105
  47370.00    -7.4872
  47380.00    -6.6709
  47390.00    -6.8816
  47400.00    -6.8407
  47410.00    -7.4267
  47420.00    -6.7238
  47430.00    -7.0450
  47440.00    -7.4457
  47450.00    -7.6109
  47460.00    -7.0672
  47470.00    -7.5350
  47480.00    -6.7305
  47490.00    -7.3891
  47500.00    -7.3969
  47510.00    -6.8150
  47520.00    -7.3169
  47530.00    -6.6593
  47540.00    -7.3848
  47550.00    -7.1521
  47560.00    -6.3519
  47570.00    -7.1563
  47580.00    -7.2690
  47590.00    -7.6017
  47600.00    -7.0063
  47610.00    -7.1295
  47620.00    -7.1195
  47630.00    -7.4192
  47640.00    -7.3414
  47650.00    -6.9099
  47660.00    -7.0417
  47670.00    -7.2348
  47680.00    -6.9056
  47690.00    -7.4119
  47700.00    -7.4541
  47710.00    -7.1695
  47720.00    -7.2077
  47730.00    -7.6771
  47740.00    -7.1601
  47750.00    -7.2117
  47760.00    -6.9849
  47770.00    -7.4125
  47780.00    -7.4311
  47790.00    -7.0664
  47800.00    -6.8159
  47810.00    -7.3172
  47820.00    -7.1792
  47830.00    -6.7968
  47840.00    -6.5190
  47850.00    -6.5864
  47860.00    -7.5030
  47870.00    -7.1058
  47880.00    -7.2885
  47890.00    -7.0742
  47900.00    -7.1871
  47910.00    -7.0656
  47920.00    -7.1861
  47930.00    -7.2193
  47940.00    -7.4050
  47950.00    -6.8913
  47960.00    -6.8675
  47970.00    -7.3837
  47980.00    -6.9682
  47990.00    -7.8652
  48000.00    -7.3164
  48010.00    -6.8358
  48020.00    -7.0955
  48030.00    -7.2160
  48040.00    -7.1190
  48050.00    -6.6225
  48060.00    -7.4295
  48070.00    -7.1400
  48080.00    -6.7994
  48090.00    -7.0335
  48100.00    -6.7484
  48110.00    -7.0475
  48120.00    -6.7473
  48130.00    -6.9941
  48140.00    -7.2353
  48150.00    -6.7268
  48160.00    -7.1014
  48170.00    -7.6768
  48180.00    -6.7543
  48190.00    -7.2769
  48200.00    -6.8237
  48210.00    -6.9724
  48220.00    -7.3222
  48230.00    -7.3947
  48240.00    -7.5568
  48250.00    -6.7105
  48260.00    -6.8164
  48270.00    -6.9623
  48280.00    -7.0556
  48290.00    -6.8329
  48300.00    -7.1858
  48310.00    -7.5170
  48320.00    -7.1649
  48330.00    -7.3663
  48340.00    -7.0532
  48350.00    -6.8354
  48360.00    -7.3914
  48370.00    -7.4642
  48380.00    -7.2154
  48390.00    -7.3065
  48400.00    -6.8838
  48410.00    -7.1369
  48420.00    -7.0563
  48430.00    -7.4202
  48440.00    -7.5356
  48450.00    -7.2945
  48460.00    -7.1074
  48470.00    -6.9317
  48480.00    -7.4460
  48490.00    -6.7312
  48500.00    -7.0920
  48510.00    -6.8237
  48520.00    -7.0032
  48530.00    -7.1663
  48540.00    -6.7786
  48550.00    -6.9436
  48560.00    -6.9414
  48570.00    -6.9170
  48580.00    -6.6475
  48590.00    -7.0683
  48600.00    -7.1739
  48610.00    -6.9952
  48620.00    -7.0922
  48630.00    -6.9745
  48640.00    -7.1943
  48650.00    -7.4419
  48660.00    -6.8450
  48670.00    -6.8829
  48680.00    -7.3924
  48690.00    -7.4824
  48700.00    -7.2223
  48710.00    -7.1596
  48720.00    -7.1531
  48730.00    -7.0721
  48740.00    -6.7886
  48750.00    -6.6721
  48760.00    -7.1730
  48770.00    -6.7151
  48780.00    -7.2351
  48790.00    -6.5801
  48800.00    -6.8529
  48810.00    -7.3500
  48820.00    -7.3478
  48830.00    -7.1897
  48840.00    -7.1304
  48850.00    -7.2340
  48860.00    -6.9920
  48870.00    -7.1742
  48880.00    -7.0694
  48890.00    -6.2037
  48900.00    -7.5168
  48910.00    -7.0994
  48920.00    -6.6691
  48930.00    -6.9806
  48940.00    -7.2995
  48950.00    -7.4823
  48960.00    -6.8941
  48970.00    -7.0030
  48980.00    -7.2599
  48990.00    -7.3300
  49000.00    -6.9491
  49010.00    -6.9907
  49020.00    -6.8354
  49030.00    -6.8069
  49040.00    -6.9557
  49050.00    -6.7698
  49060.00    -7.3754
  49070.00    -7.1258
  49080.00    -7.1208
  49090.00    -7.0258
  49100.00    -7.1521
  49110.00    -7.1263
  49120.00    -7.1880
  49130.00    -6.8393
  49140.00    -7.3420
  49150.00    -6.9464
  49160.00    -7.4562
  49170.00    -7.2988
  49180.00    -7.4511
  49190.00    -7.2262
  49200.00    -6.9875
  49210.00    -7.0514
  49220.00    -6.7556
  49230.00    -6.8715
  49240.00    -7.1617
  49250.00    -7.3851
  49260.00    -6.9088
  49270.00    -7.2247
  49280.00    -6.8564
  49290.00    -7.3746
  49300.00    -6.9375
  49310.00    -7.3874
  49320.00    -7.0246
  49330.00    -7.6042
  49340.00    -6.9321
  49350.00    -7.1065
  49360.00    -7.4224
  49370.00    -7.2483
  49380.00    -7.4194
  49390.00    -7.3795
  49400.00    -7.2540
  49410.00    -6.8333
  49420.00    -7.3049
  49430.00    -7.0441
  49440.00    -6.9932
  49450.00    -7.0830
  49460.00    -7.3403
  49470.00    -6.8362
  49480.00    -7.2709
  49490.00    -6.8573
  49500.00    -6.8330
  49510.00    -6.4246
  49520.00    -6.9028
  49530.00    -7.1774
  49540.00    -6.8349
  49550.00    -6.8898
  49560.00    -7.1761
  49570.00    -7.1249
  49580.00    -7.2461
  49590.00    -7.0086
  49600.00    -6.9974
  49610.00    -6.8160
  49620.00    -7.4356
  49630.00    -6.9990
  49640.00    -7.5840
  49650.00    -7.1113
  49660.00    -7.3029
  49670.00    -6.9947
  49680.00    -7.0300
  49690.00    -7.0676
  49700.00    -7.0601
  49710.00    -7.3496
  49720.00    -7.1317
  49730.00    -6.9149
  49740.00    -7.3350
  49750.00    -6.4644
  49760.00    -7.1530
  49770.00    -7.0232
  49780.00    -7.2572
  49790.00    -6.8525
  49800.00    -7.0110
  49810.00    -6.9167
  49820.00    -6.9919
  49830.00    -7.0967
  49840.00    -7.4309
  49850.00    -6.6667
  49860.00    -7.1091
  49870.00    -7.0556
  49880.00    -7.3143
  49890.00    -7.1733
  49900.00    -6.9883
  49910.00    -6.8794
  49920.00    -7.0018
  49930.00    -6.8076
  49940.00    -6.9867
  49950.00    -7.1708
  49960.00    -7.2072
  49970.00    -6.8777
  49980.00    -6.9728
  49990.00    -6.6575
  50000.00    -6.9238
