     10.00    12.3853
     20.00    13.0713
     30.00    12.8601
     40.00    13.0299
     50.00    12.7038
     60.00    13.5318
     70.00    12.9253
     80.00    12.6443
     90.00    13.2680
    100.00    12.8231
    110.00    12.9638
    120.00    13.1754
    130.00    13.2745
    140.00    13.1872
    150.00    12.6910
    160.00    13.2681
    170.00    13.0347
    180.00    13.3767
    190.00    12.5851
    200.00    12.7439
    210.00    12.7509
    220.00    12.4797
    230.00    13.0743
    240.00    13.4238
    250.00    13.1966
    260.00    12.8269
    270.00    13.0792
    280.00    12.6213
    290.00    12.8633
    300.00    13.8227
    310.00    12.7679
    320.00    12.8083
    330.00    13.1942
    340.00    12.9720
    350.00    12.8431
    360.00    12.9510
    370.00    12.7745
    380.00    12.5891
    390.00    12.9531
    400.00    12.8619
    410.00    12.9360
    420.00    12.6373
    430.00    13.0185
    440.00    13.3148
    450.00    13.0613
    460.00    13.6682
    470.00    13.1015
    480.00    13.1596
    490.00    12.8911
    500.00    13.3960
    510.00    13.2941
    520.00    13.0590
    530.00    13.2489
    540.00    12.8831
    550.00    13.1807
    560.00    13.2503
    570.00    12.9297
    580.00    13.2010
    590.00    13.1415
    600.00    13.2243
    610.00    12.7314
    620.00    13.3283
    630.00    13.1876
    640.00    13.0291
    650.00    12.6506
    660.00    12.4431
    670.00    13.0526
    680.00    13.4755
    690.00    12.6576
    700.00    12.9838
    710.00    12.7926
    720.00    12.8787
    730.00    13.2667
    740.00    13.8274
    750.00    13.0555
    760.00    13.1141
    770.00    13.0802
    780.00    13.0979
    790.00    12.8814
    800.00    12.9430
    810.00    12.4111
    820.00    13.3969
    830.00    13.1264
    840.00    13.3647
    850.00    12.8392
    860.00    13.1955
    870.00    12.5163
    880.00    12.8415
    890.00    13.2933
    900.00    13.2000
    910.00    13.0328
    920.00    12.8737
    930.00    13.0358
    940.00    13.4095
    950.00    13.0464
    960.00    12.7335
    970.00    13.1894
    980.00    12.8484
    990.00    12.9253
   1000.00    13.1692
   1010.00    13.1486
   1020.00    12.7065
   1030.00    13.0017
   1040.00    12.7058
   1050.00    12.8141
   1060.00    12.6303
   1070.00    13.1309
   1080.00    12.5397
   1090.00    13.0336
   1100.00    13.1222
   1110.00    13.0067
   1120.00    12.5288
   1130.00    13.0889
   1140.00    13.2002
   1150.00    12.5356
   1160.00    12.9533
   1170.00    13.4726
   1180.00    13.2245
   1190.00    12.9146
   1200.00    13.2839
   1210.00    13.2127
   1220.00    13.0262
   1230.00    13.5804
   1240.00    12.7000
   1250.00    13.1613
   1260.00    12.9264
   1270.00    12.9822
   1280.00    12.9329
   1290.00    13.3971
   1300.00    13.6541
   1310.00    13.4313
   1320.00    13.1904
   1330.00    12.8159
   1340.00    13.6355
   1350.00    13.2316
   1360.00    13.4790
   1370.00    13.2696
   1380.00    12.9679
   1390.00    13.4523
   1400.00    13.1089
   1410.00    13.2564
   1420.00    12.6883
   1430.00    13.0839
   1440.00    12.9283
   1450.00    12.7789
   1460.00    13.0500
   1470.00    12.9102
   1480.00    13.1172
   1490.00    13.0100
   1500.00    12.8660
   1510.00    12.2270
   1520.00    13.1964
   1530.00    12.5095
   1540.00    13.3186
   1550.00    13.3890
   1560.00    12.9756
   1570.00    13.6343
   1580.00    13.1224
   1590.00    13.3231
   1600.00    12.9376
   1610.00    13.1847
   1620.00    12.2344
   1630.00    12.8764
   1640.00    13.0680
   1650.00    13.6064
   1660.00    13.8573
   1670.00    13.0724
   1680.00    13.1516
   1690.00    12.9267
   1700.00    12.9618
   1710.00    13.0537
   1720.00    12.9778
   1730.00    12.6988
   1740.00    12.4811
   1750.00    12.9471
   1760.00    13.0651
   1770.00    12.9578
   1780.00    13.0024
   1790.00    12.7030
   1800.00    13.0366
   1810.00    12.5432
   1820.00    13.2160
   1830.00    12.1696
   1840.00    12.7138
   1850.00    13.3079
   1860.00    12.8889
   1870.00    12.9539
   1880.00    12.7731
   1890.00    13.0059
   1900.00    13.2095
   1910.00    12.9654
   1920.00    12.9681
   1930.00    12.6737
   1940.00    13.0575
   1950.00    12.7277
   1960.00    12.8982
   1970.00    12.9424
   1980.00    12.4402
   1990.00    12.7541
   2000.00    13.0037
   2010.00    12.9005
   2020.00    12.8453
   2030.00    13.1843
   2040.00    12.9352
   2050.00    12.8894
   2060.00    12.5772
   2070.00    12.5366
   2080.00    12.7194
   2090.00    12.3265
   2100.00    13.1357
   2110.00    13.2038
   2120.00    12.9218
   2130.00    13.1473
   2140.00    13.5124
   2150.00    12.9322
   2160.00    13.1385
   2170.00    12.8257
   2180.00    13.2016
   2190.00    13.2704
   2200.00    13.3260
   2210.00    12.9434
   2220.00    12.7307
   2230.00    12.8729
   2240.00    12.8487
   2250.00    12.6341
   2260.00    13.2911
   2270.00    12.7150
   2280.00    13.0545
   2290.00    13.0300
   2300.00    12.7961
   2310.00    12.4434
   2320.00    12.9038
   2330.00    12.2702
   2340.00    12.7029
   2350.00    12.6619
   2360.00    12.7852
   2370.00    12.8793
   2380.00    12.8025
   2390.00    12.9689
   2400.00    12.1969
   2410.00    12.9436
   2420.00    12.7450
   2430.00    13.0603
   2440.00    12.8539
   2450.00    13.0732
   2460.00    12.8152
   2470.00    12.8453
   2480.00    12.4934
   2490.00    13.3004
   2500.00    12.7412
   2510.00    12.7277
   2520.00    12.7891
   2530.00    12.8318
   2540.00    12.9976
   2550.00    12.8683
   2560.00    12.9670
   2570.00    12.8179
   2580.00    13.1871
   2590.00    13.0353
   2600.00    12.8818
   2610.00    13.4111
   2620.00    12.5907
   2630.00    12.2839
   2640.00    12.9531
   2650.00    12.7583
   2660.00    12.7305
   2670.00    12.9171
   2680.00    12.9733
   2690.00    12.7833
   2700.00    12.4318
   2710.00    12.3770
   2720.00    13.0250
   2730.00    12.9973
   2740.00    12.8468
   2750.00    12.6700
   2760.00    12.8954
   2770.00    12.8009
   2780.00    12.6406
   2790.00    12.7009
   2800.00    12.6208
   2810.00    12.8100
   2820.00    13.1604
   2830.00    12.7391
   2840.00    12.8653
   2850.00    12.6851
   2860.00    13.6166
   2870.00    13.0318
   2880.00    12.7408
   2890.00    12.7257
   2900.00    13.0611
   2910.00    12.7775
   2920.00    12.4575
   2930.00    12.8400
   2940.00    13.2944
   2950.00    13.5827
   2960.00    13.1383
   2970.00    12.6186
   2980.00    13.3280
   2990.00    12.8385
   3000.00    13.3451
   3010.00    13.0266
   3020.00    12.8415
   3030.00    12.9537
   3040.00    12.7330
   3050.00    13.0797
   3060.00    12.5135
   3070.00    13.2075
   3080.00    12.7552
   3090.00    12.9136
   3100.00    13.1444
   3110.00    13.0475
   3120.00    13.5827
   3130.00    12.9383
   3140.00    12.6835
   3150.00    13.3098
   3160.00    13.3196
   3170.00    13.1086
   3180.00    13.5096
   3190.00    13.5193
   3200.00    13.3972
   3210.00    12.8980
   3220.00    12.7962
   3230.00    13.2023
   3240.00    12.8471
   3250.00    12.5534
   3260.00    13.4830
   3270.00    13.3597
   3280.00    13.6134
   3290.00    12.4895
   3300.00    12.6564
   3310.00    13.1733
   3320.00    13.0109
   3330.00    13.2913
   3340.00    13.1762
   3350.00    13.3704
   3360.00    13.0428
   3370.00    12.8582
   3380.00    12.7691
   3390.00    12.5298
   3400.00    13.4015
   3410.00    12.7949
   3420.00    13.0744
   3430.00    13.0902
   3440.00    12.6105
   3450.00    12.8388
   3460.00    12.6798
   3470.00    12.6926
   3480.00    12.8813
   3490.00    12.7833
   3500.00    12.9337
   3510.00    13.4138
   3520.00    12.8470
   3530.00    12.9344
   3540.00    13.6622
   3550.00    13.2622
   3560.00    13.0586
   3570.00    12.7721
   3580.00    13.2386
   3590.00    12.8418
   3600.00    13.2437
   3610.00    13.5176
   3620.00    13.1853
   3630.00    13.0009
   3640.00    12.8646
   3650.00    13.2354
   3660.00    13.0052
   3670.00    12.8892
   3680.00    12.8004
   3690.00    13.0600
   3700.00    13.3903
   3710.00    13.2701
   3720.00    13.1334
   3730.00    13.0667
   3740.00    13.1341
   3750.00    12.4339
   3760.00    12.9723
   3770.00    12.6695
   3780.00    13.6713
   3790.00    12.3304
   3800.00    12.8849
   3810.00    13.1507
   3820.00    12.5922
   3830.00    12.8618
   3840.00    12.8029
   3850.00    12.8836
   3860.00    12.7533
   3870.00    12.9306
   3880.00    13.3882
   3890.00    12.6395
   3900.00    12.8083
   3910.00    13.2345
   3920.00    12.9991
   3930.00    13.3903
   3940.00    13.1902
   3950.00    12.8091
   3960.00    12.9014
   3970.00    13.0553
   3980.00    13.0967
   3990.00    12.9731
   4000.00    13.4456
   4010.00    13.2604
   4020.00    13.1000
   4030.00    13.2141
   4040.00    12.9820
   4050.00    13.4812
   4060.00    13.3399
   4070.00    12.7170
   4080.00    13.7309
   4090.00    12.4968
   4100.00    12.5580
   4110.00    13.1313
   4120.00    12.8639
   4130.00    13.1817
   4140.00    13.0220
   4150.00    13.2468
   4160.00    12.7050
   4170.00    13.1113
   4180.00    13.0666
   4190.00    12.9031
   4200.00    13.1676
   4210.00    12.7520
   4220.00    13.4835
   4230.00    13.2698
   4240.00    12.6728
   4250.00    12.8630
   4260.00    12.7493
   4270.00    13.0817
   4280.00    12.7830
   4290.00    12.7238
   4300.00    13.2094
   4310.00    12.6442
   4320.00    12.5898
   4330.00    13.0017
   4340.00    13.1668
   4350.00    12.2796
   4360.00    13.0174
   4370.00    13.0989
   4380.00    13.2809
   4390.00    13.0998
   4400.00    13.2238
   4410.00    13.1868
   4420.00    13.1753
   4430.00    13.4441
   4440.00    13.2660
   4450.00    13.1419
   4460.00    13.0683
   4470.00    12.8890
   4480.00    13.2140
   4490.00    13.4278
   4500.00    13.6515
   4510.00    13.5172
   4520.00    13.2856
   4530.00    13.0642
   4540.00    13.2016
   4550.00    13.0033
   4560.00    13.1055
   4570.00    13.2090
   4580.00    13.1998
   4590.00    12.5403
   4600.00    12.4148
   4610.00    13.0103
   4620.00    13.7279
   4630.00    12.9838
   4640.00    13.0718
   4650.00    13.0635
   4660.00    13.1586
   4670.00    13.2867
   4680.00    13.3585
   4690.00    12.9964
   4700.00    12.6746
   4710.00    13.0960
   4720.00    13.2851
   4730.00    13.0349
   4740.00    12.9292
   4750.00    13.1724
   4760.00    12.8945
   4770.00    13.0627
   4780.00    12.9560
   4790.00    13.4924
   4800.00    13.1810
   4810.00    12.9008
   4820.00    12.9374
   4830.00    13.6316
   4840.00    13.0635
   4850.00    12.5212
   4860.00    13.2831
   4870.00    13.7155
   4880.00    13.0811
   4890.00    12.8710
   4900.00    12.7936
   4910.00    12.9782
   4920.00    12.9545
   4930.00    12.9771
   4940.00    13.1685
   4950.00    13.4603
   4960.00    13.4677
   4970.00    13.3161
   4980.00    12.6964
   4990.00    12.9982
   5000.00    12.8061
   5010.00    12.7896
   5020.00    13.0611
   5030.00    13.3274
   5040.00    12.9119
   5050.00    13.1998
   5060.00    12.3619
   5070.00    12.9973
   5080.00    12.7543
   5090.00    12.3261
   5100.00    12.7359
   5110.00    12.9946
   5120.00    13.2043
   5130.00    12.6162
   5140.00    13.0535
   5150.00    12.9298
   5160.00    13.3042
   5170.00    13.1467
   5180.00    13.1630
   5190.00    13.1600
   5200.00    12.9255
   5210.00    12.5716
   5220.00    12.4760
   5230.00    12.8343
   5240.00    12.6581
   5250.00    13.0327
   5260.00    12.7150
   5270.00    12.4793
   5280.00    12.7013
   5290.00    13.0815
   5300.00    12.8262
   5310.00    12.7944
   5320.00    13.1459
   5330.00    12.9097
   5340.00    13.3208
   5350.00    13.3114
   5360.00    12.8210
   5370.00    12.9130
   5380.00    13.1108
   5390.00    12.8518
   5400.00    12.9140
   5410.00    13.0351
   5420.00    12.9498
   5430.00    13.3081
   5440.00    12.9739
   5450.00    13.1837
   5460.00    12.6761
   5470.00    13.0704
   5480.00    13.2879
   5490.00    12.9862
   5500.00    13.2462
   5510.00    13.0996
   5520.00    13.2334
   5530.00    13.0900
   5540.00    13.4765
   5550.00    13.2825
   5560.00    13.0461
   5570.00    13.3288
   5580.00    13.2107
   5590.00    13.5706
   5600.00    13.0434
   5610.00    13.1342
   5620.00    13.1345
   5630.00    13.2433
   5640.00    13.1409
   5650.00    13.3283
   5660.00    13.1115
   5670.00    13.0518
   5680.00    13.0468
   5690.00    13.2199
   5700.00    13.1030
   5710.00    13.0968
   5720.00    12.8878
   5730.00    12.9707
   5740.00    13.0285
   5750.00    13.1178
   5760.00    13.1272
   5770.00    13.0767
   5780.00    13.3008
   5790.00    12.9423
   5800.00    13.0257
   5810.00    13.1115
   5820.00    13.1475
   5830.00    12.6655
   5840.00    13.2650
   5850.00    12.7726
   5860.00    13.4086
   5870.00    13.1901
   5880.00    13.4077
   5890.00    12.6673
   5900.00    12.9312
   5910.00    12.7675
   5920.00    13.0662
   5930.00    12.5993
   5940.00    12.4428
   5950.00    12.9550
   5960.00    12.8539
   5970.00    12.6411
   5980.00    12.6441
   5990.00    13.3366
   6000.00    13.0233
   6010.00    12.9540
   6020.00    12.9799
   6030.00    13.6935
   6040.00    13.3830
   6050.00    13.5626
   6060.00    13.1802
   6070.00    12.6001
   6080.00    13.1097
   6090.00    13.5515
   6100.00    13.2186
   6110.00    13.1573
   6120.00    12.7184
   6130.00    12.9706
   6140.00    13.1606
   6150.00    12.6010
   6160.00    13.1500
   6170.00    12.7471
   6180.00    13.0385
   6190.00    13.3924
   6200.00    12.8950
   6210.00    13.5862
   6220.00    12.7201
   6230.00    13.1268
   6240.00    12.7247
   6250.00    13.1487
   6260.00    13.4921
   6270.00    13.2024
   6280.00    12.7972
   6290.00    13.0160
   6300.00    13.2910
   6310.00    12.8674
   6320.00    13.1719
   6330.00    13.3282
   6340.00    13.0234
   6350.00    12.7089
   6360.00    12.8373
   6370.00    13.4763
   6380.00    12.8513
   6390.00    12.6916
   6400.00    13.0834
   6410.00    13.1907
   6420.00    12.8922
   6430.00    12.9574
   6440.00    12.5432
   6450.00    12.6806
   6460.00    12.8940
   6470.00    12.4156
   6480.00    12.8850
   6490.00    13.1861
   6500.00    13.0243
   6510.00    13.1963
   6520.00    12.9092
   6530.00    13.2146
   6540.00    13.0268
   6550.00    12.9837
   6560.00    12.7731
   6570.00    13.1998
   6580.00    13.0641
   6590.00    12.9156
   6600.00    13.3318
   6610.00    12.8277
   6620.00    12.8455
   6630.00    12.7704
   6640.00    12.7079
   6650.00    13.0430
   6660.00    12.9486
   6670.00    13.2521
   6680.00    13.1655
   6690.00    12.6139
   6700.00    13.1401
   6710.00    13.3699
   6720.00    13.0409
   6730.00    13.0802
   6740.00    12.9677
   6750.00    13.6025
   6760.00    13.6204
   6770.00    13.0950
   6780.00    12.9464
   6790.00    12.7807
   6800.00    12.4029
   6810.00    13.1030
   6820.00    13.0611
   6830.00    12.4038
   6840.00    13.0053
   6850.00    13.0319
   6860.00    13.0318
   6870.00    12.9621
   6880.00    13.3470
   6890.00    13.1296
   6900.00    13.3135
   6910.00    13.3215
   6920.00    12.5555
   6930.00    13.3931
   6940.00    13.5293
   6950.00    13.3534
   6960.00    12.9913
   6970.00    12.7358
   6980.00    12.7606
   6990.00    13.0995
   7000.00    12.7449
   7010.00    12.6139
   7020.00    12.8554
   7030.00    13.0603
   7040.00    13.5271
   7050.00    12.5127
   7060.00    12.7463
   7070.00    12.8226
   7080.00    13.2120
   7090.00    13.2434
   7100.00    12.7447
   7110.00    12.8393
   7120.00    12.3377
   7130.00    12.9481
   7140.00    12.7650
   7150.00    12.7649
   7160.00    12.5295
   7170.00    12.6149
   7180.00    12.8562
   7190.00    12.2543
   7200.00    13.1543
   7210.00    12.7594
   7220.00    13.2279
   7230.00    12.3130
   7240.00    12.7669
   7250.00    12.6977
   7260.00    13.2863
   7270.00    12.9489
   7280.00    12.7656
   7290.00    12.7935
   7300.00    13.2565
   7310.00    13.4280
   7320.00    12.6454
   7330.00    13.3506
   7340.00    13.1804
   7350.00    13.6470
   7360.00    13.3316
   7370.00    12.7261
   7380.00    13.3553
   7390.00    13.3921
   7400.00    13.0864
   7410.00    13.5371
   7420.00    13.8280
   7430.00    12.6178
   7440.00    12.9627
   7450.00    13.6427
   7460.00    12.7694
   7470.00    13.2646
   7480.00    13.1947
   7490.00    12.9933
   7500.00    12.6957
   7510.00    12.8686
   7520.00    13.3181
   7530.00    13.3167
   7540.00    12.8864
   7550.00    12.9484
   7560.00    12.4602
   7570.00    12.4728
   7580.00    12.4577
   7590.00    12.9518
   7600.00    12.7585
   7610.00    12.4559
   7620.00    12.9970
   7630.00    12.1345
   7640.00    12.8325
   7650.00    13.1826
   7660.00    12.8125
   7670.00    13.0786
   7680.00    12.8622
   7690.00    13.2511
   7700.00    12.9906
   7710.00    13.1298
   7720.00    12.9569
   7730.00    13.0587
   7740.00    13.2809
   7750.00    12.8754
   7760.00    12.5516
   7770.00    12.8159
   7780.00    12.9819
   7790.00    13.1658
   7800.00    12.9845
   7810.00    12.9309
   7820.00    12.8901
   7830.00    13.1347
   7840.00    12.8124
   7850.00    13.2233
   7860.00    13.2101
   7870.00    13.0571
   7880.00    12.6689
   7890.00    12.6984
   7900.00    12.9634
   7910.00    12.8054
   7920.00    12.9707
   7930.00    13.0054
   7940.00    12.9998
   7950.00    12.9479
   7960.00    12.7747
   7970.00    12.4638
   7980.00    13.1040
   7990.00    12.6525
   8000.00    13.2826
   8010.00    12.7399
   8020.00    12.5004
   8030.00    12.5107
   8040.00    12.6377
   8050.00    12.9678
   8060.00    12.8147
   8070.00    12.7211
   8080.00    12.9559
   8090.00    12.6954
   8100.00    12.8256
   8110.00    12.7097
   8120.00    12.6447
   8130.00    12.4119
   8140.00    12.7035
   8150.00    12.9596
   8160.00    12.8262
   8170.00    12.5362
   8180.00    12.4076
   8190.00    12.5218
   8200.00    13.0586
   8210.00    12.8401
   8220.00    13.0293
   8230.00    12.4307
   8240.00    12.9401
   8250.00    12.3759
   8260.00    12.4177
   8270.00    12.5968
   8280.00    12.5873
   8290.00    12.8396
   8300.00    12.8423
   8310.00    12.8616
   8320.00    12.8996
   8330.00    13.1038
   8340.00    12.3824
   8350.00    13.1277
   8360.00    12.7798
   8370.00    13.0425
   8380.00    12.9027
   8390.00    12.9885
   8400.00    12.7449
   8410.00    12.9424
   8420.00    12.8105
   8430.00    13.0074
   8440.00    12.7447
   8450.00    13.1052
   8460.00    12.9784
   8470.00    12.7225
   8480.00    12.8100
   8490.00    13.4406
   8500.00    12.1680
   8510.00    12.7460
   8520.00    12.8284
   8530.00    12.9137
   8540.00    13.2000
   8550.00    12.9891
   8560.00    12.8617
   8570.00    12.8649
   8580.00    13.5379
   8590.00    13.1981
   8600.00    12.8894
   8610.00    12.5253
   8620.00    13.0713
   8630.00    12.8819
   8640.00    12.6768
   8650.00    12.8188
   8660.00    13.3540
   8670.00    12.2663
   8680.00    12.4978
   8690.00    13.1516
   8700.00    13.3719
   8710.00    12.9432
   8720.00    13.0365
   8730.00    13.1643
   8740.00    13.1632
   8750.00    12.9201
   8760.00    12.6539
   8770.00    12.7564
   8780.00    12.9324
   8790.00    12.9176
   8800.00    12.9575
   8810.00    12.8235
   8820.00    12.7622
   8830.00    12.9022
   8840.00    12.8144
   8850.00    12.6716
   8860.00    12.5771
   8870.00    13.3279
   8880.00    12.4106
   8890.00    12.9229
   8900.00    13.0398
   8910.00    13.0749
   8920.00    12.8110
   8930.00    13.1280
   8940.00    12.7859
   8950.00    13.4057
   8960.00    13.4419
   8970.00    12.7642
   8980.00    13.1189
   8990.00    13.0438
   9000.00    13.4064
   9010.00    12.9426
   9020.00    12.4180
   9030.00    12.8965
   9040.00    12.6179
   9050.00    13.0664
   9060.00    12.7583
   9070.00    12.6470
   9080.00    13.0231
   9090.00    12.7987
   9100.00    13.5727
   9110.00    13.2562
   9120.00    12.6167
   9130.00    12.8874
   9140.00    12.5291
   9150.00    12.5287
   9160.00    13.2013
   9170.00    12.5626
   9180.00    12.8471
   9190.00    13.1235
   9200.00    12.9419
   9210.00    13.2632
   9220.00    13.0726
   9230.00    12.8907
   9240.00    13.1507
   9250.00    12.6301
   9260.00    13.0853
   9270.00    12.7556
   9280.00    13.0119
   9290.00    12.8789
   9300.00    12.6880
   9310.00    13.0485
   9320.00    13.0372
   9330.00    12.6475
   9340.00    13.2413
   9350.00    12.9307
   9360.00    12.4037
   9370.00    13.4224
   9380.00    13.3111
   9390.00    13.0165
   9400.00    12.6814
   9410.00    12.9995
   9420.00    12.6038
   9430.00    13.0855
   9440.00    12.5873
   9450.00    12.8468
   9460.00    13.1357
   9470.00    12.9645
   9480.00    13.3534
   9490.00    13.2306
   9500.00    13.1191
   9510.00    12.9533
   9520.00    12.8032
   9530.00    13.2189
   9540.00    12.8817
   9550.00    13.1576
   9560.00    12.6688
   9570.00    13.0717
   9580.00    13.1918
   9590.00    12.7861
   9600.00    13.0377
   9610.00    13.7058
   9620.00    12.5254
   9630.00    12.6396
   9640.00    12.7484
   9650.00    12.8812
   9660.00    13.2726
   9670.00    13.3540
   9680.00    12.7654
   9690.00    12.5875
   9700.00    12.8324
   9710.00    12.7040
   9720.00    12.4086
   9730.00    12.8133
   9740.00    13.1318
   9750.00    13.4694
   9760.00    13.1229
   9770.00    13.4218
   9780.00    12.8673
   9790.00    12.5233
   9800.00    13.0277
   9810.00    12.5834
   9820.00    12.3814
   9830.00    12.5170
   9840.00    13.0715
   9850.00    12.9525
   9860.00    13.2263
   9870.00    12.8604
   9880.00    13.1039
   9890.00    12.6930
   9900.00    13.1274
   9910.00    13.2533
   9920.00    13.0961
   9930.00    13.2215
   9940.00    13.5617
   9950.00    13.1388
   9960.00    13.4896
   9970.00    12.8259
   9980.00    13.0153
   9990.00    12.8892
  10000.00    13.2423
  10010.00    12.6538
  10020.00    13.1927
  10030.00    12.8002
  10040.00    13.1010
  10050.00    13.5235
  10060.00    12.4840
  10070.00    13.1573
  10080.00    12.9029
  10090.00    12.4433
  10100.00    13.0520
  10110.00    12.5222
  10120.00    13.1488
  10130.00    13.3286
  10140.00    13.2456
  10150.00    12.5869
  10160.00    13.4239
  10170.00    13.9508
  10180.00    13.4325
  10190.00    12.6589
  10200.00    12.8277
  10210.00    12.5472
  10220.00    13.3123
  10230.00    12.9456
  10240.00    12.9377
  10250.00    13.0442
  10260.00    13.0992
  10270.00    12.9066
  10280.00    13.3658
  10290.00    12.7489
  10300.00    12.8345
  10310.00    13.0413
  10320.00    12.8648
  10330.00    12.9802
  10340.00    13.1810
  10350.00    13.0890
  10360.00    13.0455
  10370.00    13.0147
  10380.00    13.3021
  10390.00    13.4857
  10400.00    13.0749
  10410.00    13.2401
  10420.00    13.1937
  10430.00    13.0651
  10440.00    13.0982
  10450.00    12.7770
  10460.00    12.6520
  10470.00    12.9879
  10480.00    12.9621
  10490.00    13.0716
  10500.00    12.6642
  10510.00    12.7974
  10520.00    12.8889
  10530.00    13.2417
  10540.00    12.9888
  10550.00    12.8605
  10560.00    13.2290
  10570.00    13.0786
  10580.00    12.8616
  10590.00    13.1667
  10600.00    13.1192
  10610.00    12.5964
  10620.00    13.2705
  10630.00    12.6196
  10640.00    13.1112
  10650.00    12.5681
  10660.00    12.8109
  10670.00    12.9472
  10680.00    12.9368
  10690.00    13.0108
  10700.00    12.8811
  10710.00    12.9268
  10720.00    13.5484
  10730.00    13.1017
  10740.00    13.6378
  10750.00    12.9625
  10760.00    12.7490
  10770.00    12.6965
  10780.00    12.9340
  10790.00    12.7742
  10800.00    12.9062
  10810.00    13.1117
  10820.00    13.1818
  10830.00    12.9059
  10840.00    13.4009
  10850.00    13.0570
  10860.00    13.0816
  10870.00    13.3317
  10880.00    12.8030
  10890.00    13.3167
  10900.00    13.2542
  10910.00    13.0004
  10920.00    13.0761
  10930.00    13.4323
  10940.00    12.8110
  10950.00    13.3159
  10960.00    13.2074
  10970.00    13.0973
  10980.00    13.8505
  10990.00    13.4321
  11000.00    12.9773
  11010.00    13.1000
  11020.00    13.6043
  11030.00    13.5305
  11040.00    13.1592
  11050.00    13.2822
  11060.00    13.1621
  11070.00    13.2320
  11080.00    13.0643
  11090.00    12.7797
  11100.00    12.5371
  11110.00    12.7287
  11120.00    13.1805
  11130.00    13.2301
  11140.00    12.8204
  11150.00    13.3515
  11160.00    12.9598
  11170.00    13.0146
  11180.00    13.3485
  11190.00    12.8922
  11200.00    13.2016
  11210.00    13.1604
  11220.00    13.5261
  11230.00    13.0467
  11240.00    13.1489
  11250.00    12.6622
  11260.00    12.7029
  11270.00    12.9343
  11280.00    12.6133
  11290.00    12.7349
  11300.00    12.7948
  11310.00    12.7296
  11320.00    12.8626
  11330.00    12.9203
  11340.00    13.0287
  11350.00    13.0586
  11360.00    12.8590
  11370.00    12.7366
  11380.00    12.9658
  11390.00    13.2985
  11400.00    12.7754
  11410.00    12.9333
  11420.00    12.8002
  11430.00    13.2628
  11440.00    12.5601
  11450.00    13.1937
  11460.00    12.7431
  11470.00    12.4427
  11480.00    12.7148
  11490.00    13.4665
  11500.00    12.9826
  11510.00    12.5320
  11520.00    13.4657
  11530.00    12.9205
  11540.00    12.6739
  11550.00    13.3458
  11560.00    12.9382
  11570.00    13.2663
  11580.00    13.1887
  11590.00    13.1425
  11600.00    13.0740
  11610.00    13.2411
  11620.00    13.2237
  11630.00    12.8701
  11640.00    13.0607
  11650.00    13.6503
  11660.00    13.4071
  11670.00    13.0590
  11680.00    12.9406
  11690.00    12.9036
  11700.00    13.1843
  11710.00    13.2280
  11720.00    13.0838
  11730.00    12.2268
  11740.00    12.7411
  11750.00    12.8161
  11760.00    12.8948
  11770.00    12.7312
  11780.00    12.7598
  11790.00    12.8752
  11800.00    13.0762
  11810.00    13.0493
  11820.00    12.8070
  11830.00    12.7097
  11840.00    12.8023
  11850.00    13.2276
  11860.00    12.7618
  11870.00    12.8058
  11880.00    12.7337
  11890.00    12.5864
  11900.00    13.0515
  11910.00    13.0133
  11920.00    13.1655
  11930.00    12.8751
  11940.00    13.0488
  11950.00    12.9363
  11960.00    13.0528
  11970.00    13.4886
  11980.00    12.7493
  11990.00    13.4295
  12000.00    13.2140
  12010.00    13.0323
  12020.00    13.2438
  12030.00    13.1728
  12040.00    13.6018
  12050.00    12.9612
  12060.00    13.3318
  12070.00    13.3889
  12080.00    13.1655
  12090.00    13.1834
  12100.00    13.3314
  12110.00    13.1651
  12120.00    13.6703
  12130.00    13.2855
  12140.00    13.1296
  12150.00    12.9853
  12160.00    12.9619
  12170.00    13.5267
  12180.00    12.7960
  12190.00    13.2551
  12200.00    13.3264
  12210.00    13.1533
  12220.00    12.7393
  12230.00    13.4289
  12240.00    12.9668
  12250.00    12.9857
  12260.00    13.2529
  12270.00    13.2842
  12280.00    12.9399
  12290.00    12.8094
  12300.00    12.7977
  12310.00    13.4628
  12320.00    13.0281
  12330.00    13.2526
  12340.00    13.3957
  12350.00    13.0854
  12360.00    12.8716
  12370.00    13.3243
  12380.00    13.0666
  12390.00    12.7421
  12400.00    12.8086
  12410.00    13.2698
  12420.00    13.1120
  12430.00    12.7680
  12440.00    12.9262
  12450.00    12.6285
  12460.00    13.0066
  12470.00    12.5492
  12480.00    12.7782
  12490.00    13.2793
  12500.00    13.2320
  12510.00    12.8783
  12520.00    12.8820
  12530.00    12.9343
  12540.00    13.0691
  12550.00    13.0213
  12560.00    13.3794
  12570.00    12.8538
  12580.00    13.1969
  12590.00    12.9597
  12600.00    13.1247
  12610.00    13.7599
  12620.00    13.0573
  12630.00    12.9353
  12640.00    12.8220
  12650.00    13.0292
  12660.00    12.4173
  12670.00    12.8439
  12680.00    12.8114
  12690.00    12.8631
  12700.00    12.8827
  12710.00    13.2787
  12720.00    12.9585
  12730.00    12.4667
  12740.00    12.8188
  12750.00    12.7186
  12760.00    13.0379
  12770.00    13.0989
  12780.00    13.3333
  12790.00    13.0224
  12800.00    13.4612
  12810.00    12.8749
  12820.00    12.5602
  12830.00    12.8694
  12840.00    12.8994
  12850.00    13.1111
  12860.00    13.0481
  12870.00    12.8682
  12880.00    12.4912
  12890.00    12.7552
  12900.00    13.0346
  12910.00    12.6123
  12920.00    13.3014
  12930.00    13.2352
  12940.00    13.4793
  12950.00    12.6250
  12960.00    12.8268
  12970.00    13.0859
  12980.00    12.2509
  12990.00    12.8934
  13000.00    13.0195
  13010.00    13.2714
  13020.00    13.0281
  13030.00    13.0493
  13040.00    13.2882
  13050.00    13.1435
  13060.00    13.0285
  13070.00    12.8077
  13080.00    12.7609
  13090.00    12.6881
  13100.00    13.3818
  13110.00    12.9618
  13120.00    12.6812
  13130.00    12.7774
  13140.00    13.2626
  13150.00    12.7402
  13160.00    12.9301
  13170.00    13.1375
  13180.00    13.0287
  13190.00    13.0587
  13200.00    12.7176
  13210.00    13.0841
  13220.00    12.4721
  13230.00    12.5884
  13240.00    12.9473
  13250.00    12.6451
  13260.00    13.3671
  13270.00    12.9682
  13280.00    13.2695
  13290.00    13.0229
  13300.00    13.1022
  13310.00    13.1852
  13320.00    13.2721
  13330.00    12.8675
  13340.00    12.8308
  13350.00    12.6336
  13360.00    12.5586
  13370.00    13.1404
  13380.00    12.6008
  13390.00    12.7320
  13400.00    12.7475
  13410.00    12.9482
  13420.00    12.8783
  13430.00    12.8956
  13440.00    12.9241
  13450.00    12.7470
  13460.00    12.3546
  13470.00    12.8449
  13480.00    12.8307
  13490.00    12.8464
  13500.00    13.1048
  13510.00    12.6344
  13520.00    12.7804
  13530.00    13.5403
  13540.00    13.4669
  13550.00    13.3143
  13560.00    13.3742
  13570.00    12.6869
  13580.00    13.2246
  13590.00    13.0128
  13600.00    13.4840
  13610.00    13.4269
  13620.00    12.7398
  13630.00    13.1081
  13640.00    12.8808
  13650.00    12.6352
  13660.00    12.7710
  13670.00    12.9622
  13680.00    12.5279
  13690.00    13.3702
  13700.00    12.8840
  13710.00    13.1247
  13720.00    13.1884
  13730.00    13.0528
  13740.00    13.2109
  13750.00    13.3282
  13760.00    13.0798
  13770.00    12.7310
  13780.00    13.3508
  13790.00    13.0149
  13800.00    13.1735
  13810.00    12.6568
  13820.00    13.0707
  13830.00    13.0176
  13840.00    13.0661
  13850.00    13.0639
  13860.00    12.9208
  13870.00    12.9393
  13880.00    13.4551
  13890.00    13.0461
  13900.00    12.7771
  13910.00    12.7262
  13920.00    13.3889
  13930.00    12.6933
  13940.00    12.9304
  13950.00    13.0965
  13960.00    13.0397
  13970.00    13.3673
  13980.00    13.0175
  13990.00    13.0026
  14000.00    12.8417
  14010.00    13.3289
  14020.00    13.0811
  14030.00    12.9085
  14040.00    13.0767
  14050.00    12.8378
  14060.00    13.0324
  14070.00    13.0988
  14080.00    13.1334
  14090.00    13.1858
  14100.00    12.7680
  14110.00    12.7389
  14120.00    12.8839
  14130.00    13.2723
  14140.00    13.2713
  14150.00    13.3573
  14160.00    12.7043
  14170.00    13.4051
  14180.00    12.8820
  14190.00    13.3279
  14200.00    13.2999
  14210.00    13.1009
  14220.00    12.7984
  14230.00    13.4471
  14240.00    12.9992
  14250.00    13.1148
  14260.00    12.9064
  14270.00    13.4390
  14280.00    12.8283
  14290.00    13.0827
  14300.00    13.0187
  14310.00    12.2314
  14320.00    13.2617
  14330.00    13.0584
  14340.00    13.4409
  14350.00    13.3218
  14360.00    12.9071
  14370.00    13.2078
  14380.00    13.6531
  14390.00    13.5986
  14400.00    13.6043
  14410.00    13.1331
  14420.00    12.8509
  14430.00    12.9580
  14440.00    12.5899
  14450.00    12.7720
  14460.00    13.0158
  14470.00    12.4750
  14480.00    12.8734
  14490.00    13.2004
  14500.00    12.9432
  14510.00    12.8128
  14520.00    12.9896
  14530.00    12.9822
  14540.00    13.1561
  14550.00    12.9373
  14560.00    12.7347
  14570.00    12.8386
  14580.00    13.2083
  14590.00    13.0796
  14600.00    12.9536
  14610.00    13.1123
  14620.00    13.0979
  14630.00    12.6841
  14640.00    12.9233
  14650.00    13.3617
  14660.00    12.5525
  14670.00    13.2199
  14680.00    12.9997
  14690.00    13.1223
  14700.00    12.5602
  14710.00    12.2391
  14720.00    13.2598
  14730.00    12.7925
  14740.00    13.1306
  14750.00    13.2324
  14760.00    12.7690
  14770.00    12.8746
  14780.00    12.8278
  14790.00    12.3425
  14800.00    13.2008
  14810.00    12.9012
  14820.00    12.7790
  14830.00    13.4363
  14840.00    13.0343
  14850.00    12.9950
  14860.00    12.9544
  14870.00    13.4353
  14880.00    13.2001
  14890.00    13.4156
  14900.00    12.9863
  14910.00    13.5983
  14920.00    13.1207
  14930.00    13.2596
  14940.00    12.6576
  14950.00    12.9736
  14960.00    13.1432
  14970.00    13.2004
  14980.00    12.6596
  14990.00    12.7318
  15000.00    12.6990
  15010.00    13.2161
  15020.00    12.5930
  15030.00    13.0829
  15040.00    12.4628
  15050.00    13.0887
  15060.00    13.3477
  15070.00    12.6687
  15080.00    13.1352
  15090.00    12.8452
  15100.00    12.6369
  15110.00    12.9760
  15120.00    12.8607
  15130.00    12.8064
  15140.00    12.7198
  15150.00    12.6522
  15160.00    12.9290
  15170.00    12.9329
  15180.00    13.1763
  15190.00    12.8393
  15200.00    12.8052
  15210.00    12.6419
  15220.00    12.9396
  15230.00    12.6876
  15240.00    13.1723
  15250.00    13.2167
  15260.00    13.4801
  15270.00    12.9751
  15280.00    13.0034
  15290.00    12.9313
  15300.00    13.1134
  15310.00    13.0971
  15320.00    13.8718
  15330.00    12.2854
  15340.00    13.6532
  15350.00    13.5208
  15360.00    12.9152
  15370.00    13.0173
  15380.00    12.8531
  15390.00    12.7594
  15400.00    12.9481
  15410.00    12.8292
  15420.00    12.6470
  15430.00    13.2616
  15440.00    13.1530
  15450.00    13.1721
  15460.00    12.9546
  15470.00    12.4340
  15480.00    12.8039
  15490.00    12.9505
  15500.00    13.0983
  15510.00    12.5555
  15520.00    12.9167
  15530.00    12.9544
  15540.00    12.9473
  15550.00    12.9259
  15560.00    13.0039
  15570.00    13.0641
  15580.00    12.7833
  15590.00    13.0972
  15600.00    13.1339
  15610.00    12.7347
  15620.00    12.9982
  15630.00    12.9542
  15640.00    12.6909
  15650.00    12.8046
  15660.00    12.9578
  15670.00    13.0325
  15680.00    13.1275
  15690.00    13.0546
  15700.00    13.3589
  15710.00    12.8004
  15720.00    12.8846
  15730.00    12.9004
  15740.00    12.7105
  15750.00    13.0284
  15760.00    12.8621
  15770.00    12.7319
  15780.00    12.9544
  15790.00    13.1895
  15800.00    12.9107
  15810.00    12.9877
  15820.00    12.6047
  15830.00    12.7647
  15840.00    12.5386
  15850.00    12.4152
  15860.00    12.6990
  15870.00    13.0807
  15880.00    13.0695
  15890.00    12.6979
  15900.00    12.8063
  15910.00    12.9541
  15920.00    12.8397
  15930.00    13.5407
  15940.00    12.8986
  15950.00    13.0467
  15960.00    12.8807
  15970.00    12.8245
  15980.00    13.2016
  15990.00    13.1335
  16000.00    13.0645
  16010.00    12.9354
  16020.00    13.5399
  16030.00    13.0870
  16040.00    12.4591
  16050.00    12.8340
  16060.00    13.6610
  16070.00    13.0100
  16080.00    12.9406
  16090.00    13.1407
  16100.00    13.0067
  16110.00    13.0176
  16120.00    12.7511
  16130.00    13.2795
  16140.00    12.8855
  16150.00    12.9908
  16160.00    13.0894
  16170.00    12.6504
  16180.00    12.6787
  16190.00    12.7530
  16200.00    12.6444
  16210.00    13.2926
  16220.00    13.5401
  16230.00    13.0954
  16240.00    12.7793
  16250.00    13.0919
  16260.00    13.2104
  16270.00    13.2402
  16280.00    13.2922
  16290.00    12.9200
  16300.00    13.4295
  16310.00    13.1059
  16320.00    12.9865
  16330.00    13.1125
  16340.00    13.2932
  16350.00    13.0032
  16360.00    13.0530
  16370.00    12.8132
  16380.00    12.7027
  16390.00    13.0420
  16400.00    13.1255
  16410.00    13.1071
  16420.00    13.1183
  16430.00    12.7936
  16440.00    12.6550
  16450.00    12.9254
  16460.00    12.9119
  16470.00    12.6325
  16480.00    13.1181
  16490.00    12.4152
  16500.00    12.9900
  16510.00    12.5973
  16520.00    12.7282
  16530.00    12.5298
  16540.00    13.1258
  16550.00    13.5304
  16560.00    12.8997
  16570.00    13.0371
  16580.00    13.2690
  16590.00    13.2253
  16600.00    12.8992
  16610.00    12.5495
  16620.00    12.8276
  16630.00    13.4086
  16640.00    13.4114
  16650.00    12.9481
  16660.00    13.0787
  16670.00    13.1093
  16680.00    12.7325
  16690.00    13.5369
  16700.00    13.0919
  16710.00    12.9875
  16720.00    12.7773
  16730.00    12.8329
  16740.00    12.6680
  16750.00    12.6128
  16760.00    12.8629
  16770.00    12.6556
  16780.00    12.6659
  16790.00    12.6320
  16800.00    13.1411
  16810.00    13.0713
  16820.00    12.9963
  16830.00    12.8525
  16840.00    12.8068
  16850.00    12.9377
  16860.00    13.4579
  16870.00    13.1655
  16880.00    12.9426
  16890.00    13.0694
  16900.00    12.5984
  16910.00    12.9838
  16920.00    12.9785
  16930.00    12.7782
  16940.00    13.1088
  16950.00    12.4645
  16960.00    12.9941
  16970.00    13.0443
  16980.00    13.1379
  16990.00    13.1741
  17000.00    12.5991
  17010.00    12.6900
  17020.00    12.7013
  17030.00    13.0928
  17040.00    13.1497
  17050.00    13.1423
  17060.00    12.8684
  17070.00    13.0494
  17080.00    13.0610
  17090.00    12.9317
  17100.00    12.8004
  17110.00    12.6979
  17120.00    12.8979
  17130.00    13.4853
  17140.00    13.2028
  17150.00    13.3397
  17160.00    12.8362
  17170.00    12.7515
  17180.00    13.1013
  17190.00    12.8011
  17200.00    12.7735
  17210.00    13.4213
  17220.00    12.9175
  17230.00    12.3855
  17240.00    13.2971
  17250.00    13.0946
  17260.00    13.0277
  17270.00    12.9555
  17280.00    12.9829
  17290.00    13.2080
  17300.00    13.2131
  17310.00    13.1531
  17320.00    13.1250
  17330.00    12.8189
  17340.00    12.9938
  17350.00    12.9314
  17360.00    13.0926
  17370.00    12.8960
  17380.00    12.6668
  17390.00    13.2391
  17400.00    12.8000
  17410.00    13.1886
  17420.00    12.7223
  17430.00    12.8191
  17440.00    12.6716
  17450.00    13.0294
  17460.00    13.2092
  17470.00    12.7543
  17480.00    13.0177
  17490.00    13.2585
  17500.00    12.6175
  17510.00    12.9598
  17520.00    12.9597
  17530.00    12.5398
  17540.00    13.4303
  17550.00    12.8067
  17560.00    12.9284
  17570.00    13.0984
  17580.00    13.5499
  17590.00    13.0142
  17600.00    12.3331
  17610.00    12.9315
  17620.00    12.6515
  17630.00    12.4618
  17640.00    12.7237
  17650.00    12.6373
  17660.00    12.7636
  17670.00    13.0686
  17680.00    13.5296
  17690.00    12.9585
  17700.00    13.2121
  17710.00    13.2005
  17720.00    12.6076
  17730.00    12.8690
  17740.00    12.5774
  17750.00    12.7072
  17760.00    13.3587
  17770.00    13.0154
  17780.00    12.3077
  17790.00    13.4430
  17800.00    12.9291
  17810.00    13.1049
  17820.00    12.4857
  17830.00    13.1041
  17840.00    12.9864
  17850.00    12.9400
  17860.00    13.1703
  17870.00    12.2359
  17880.00    13.0741
  17890.00    13.0575
  17900.00    13.0969
  17910.00    13.1419
  17920.00    13.2765
  17930.00    12.8037
  17940.00    12.9638
  17950.00    12.8251
  17960.00    12.8250
  17970.00    13.2298
  17980.00    13.1891
  17990.00    13.0571
  18000.00    12.8159
  18010.00    13.3412
  18020.00    12.7538
  18030.00    12.7796
  18040.00    12.9013
  18050.00    13.0739
  18060.00    13.7508
  18070.00    13.3175
  18080.00    12.6474
  18090.00    12.7194
  18100.00    13.2776
  18110.00    13.0752
  18120.00    13.3830
  18130.00    12.8526
  18140.00    13.5392
  18150.00    12.8723
  18160.00    12.7651
  18170.00    12.9782
  18180.00    13.1080
  18190.00    12.7836
  18200.00    13.1098
  18210.00    12.5002
  18220.00    12.7988
  18230.00    12.9742
  18240.00    13.1444
  18250.00    12.8597
  18260.00    12.8449
  18270.00    13.7000
  18280.00    12.6591
  18290.00    12.9191
  18300.00    12.8806
  18310.00    12.8257
  18320.00    13.5054
  18330.00    12.9881
  18340.00    13.4193
  18350.00    13.1551
  18360.00    13.1063
  18370.00    13.2637
  18380.00    13.2526
  18390.00    12.8109
  18400.00    12.7790
  18410.00    12.6176
  18420.00    12.5314
  18430.00    12.6940
  18440.00    12.9044
  18450.00    13.0292
  18460.00    13.1306
  18470.00    12.9186
  18480.00    12.2886
  18490.00    13.3083
  18500.00    13.3467
  18510.00    12.8781
  18520.00    12.7515
  18530.00    13.1045
  18540.00    12.7718
  18550.00    12.4331
  18560.00    12.4974
  18570.00    12.5205
  18580.00    12.5253
  18590.00    12.7172
  18600.00    12.6423
  18610.00    13.0081
  18620.00    12.9481
  18630.00    12.8421
  18640.00    12.9712
  18650.00    12.7070
  18660.00    13.1529
  18670.00    12.8408
  18680.00    12.2375
  18690.00    12.7105
  18700.00    13.1102
  18710.00    12.9390
  18720.00    12.7650
  18730.00    12.9737
  18740.00    12.4411
  18750.00    12.6935
  18760.00    12.9080
  18770.00    12.8683
  18780.00    12.4833
  18790.00    12.7805
  18800.00    12.2603
  18810.00    12.9707
  18820.00    12.7842
  18830.00    12.6828
  18840.00    13.1491
  18850.00    13.1449
  18860.00    13.7492
  18870.00    12.5845
  18880.00    13.4278
  18890.00    12.8736
  18900.00    12.9296
  18910.00    12.5465
  18920.00    12.9502
  18930.00    13.1646
  18940.00    12.3383
  18950.00    13.2332
  18960.00    12.5531
  18970.00    13.4243
  18980.00    13.1084
  18990.00    13.2503
  19000.00    12.5734
  19010.00    12.4377
  19020.00    13.3795
  19030.00    13.3341
  19040.00    13.3310
  19050.00    12.5701
  19060.00    12.6905
  19070.00    13.4652
  19080.00    13.4650
  19090.00    13.0856
  19100.00    12.8320
  19110.00    12.7128
  19120.00    12.3061
  19130.00    12.9665
  19140.00    13.2368
  19150.00    12.5705
  19160.00    13.0276
  19170.00    13.3711
  19180.00    13.0378
  19190.00    12.6737
  19200.00    13.1805
  19210.00    12.6059
  19220.00    13.0469
  19230.00    12.6830
  19240.00    12.8870
  19250.00    12.8186
  19260.00    13.6709
  19270.00    13.2111
  19280.00    13.0791
  19290.00    13.3351
  19300.00    12.8682
  19310.00    13.2358
  19320.00    13.3989
  19330.00    12.7750
  19340.00    13.4988
  19350.00    13.4446
  19360.00    13.3161
  19370.00    12.8516
  19380.00    12.7234
  19390.00    13.4049
  19400.00    13.3803
  19410.00    12.8097
  19420.00    13.2875
  19430.00    13.0795
  19440.00    13.0746
  19450.00    12.7363
  19460.00    13.1601
  19470.00    12.8963
  19480.00    12.3754
  19490.00    12.6789
  19500.00    12.7074
  19510.00    13.6208
  19520.00    12.6791
  19530.00    13.1150
  19540.00    12.5506
  19550.00    12.5065
  19560.00    12.7564
  19570.00    12.6920
  19580.00    13.2031
  19590.00    12.7030
  19600.00    12.6602
  19610.00    13.0191
  19620.00    12.8650
  19630.00    13.8573
  19640.00    13.3103
  19650.00    12.8056
  19660.00    13.4558
  19670.00    13.1010
  19680.00    13.5252
  19690.00    13.2647
  19700.00    13.1614
  19710.00    12.9874
  19720.00    13.3418
  19730.00    12.7126
  19740.00    12.9060
  19750.00    12.9363
  19760.00    12.4538
  19770.00    12.8318
  19780.00    12.8194
  19790.00    13.2556
  19800.00    12.5704
  19810.00    12.8802
  19820.00    12.7757
  19830.00    12.9740
  19840.00    13.0832
  19850.00    12.8825
  19860.00    13.0170
  19870.00    12.8582
  19880.00    12.9626
  19890.00    12.5106
  19900.00    13.0865
  19910.00    12.9129
  19920.00    13.4862
  19930.00    12.9225
  19940.00    13.1485
  19950.00    12.9468
  19960.00    12.8611
  19970.00    13.1624
  19980.00    12.7007
  19990.00    12.8415
  20000.00    12.9980
  20010.00    12.8163
  20020.00    13.0634
  20030.00    12.9320
  20040.00    12.9786
  20050.00    13.1884
  20060.00    12.6484
  20070.00    12.9498
  20080.00    12.6409
  20090.00    12.7391
  20100.00    12.9206
  20110.00    13.3137
  20120.00    13.2121
  20130.00    13.1831
  20140.00    13.0216
  20150.00    12.7972
  20160.00    13.0190
  20170.00    13.4829
  20180.00    12.9884
  20190.00    13.4793
  20200.00    12.8308
  20210.00    13.3228
  20220.00    12.9564
  20230.00    13.0594
  20240.00    12.6888
  20250.00    12.8612
  20260.00    13.3455
  20270.00    12.9087
  20280.00    13.1608
  20290.00    13.3486
  20300.00    12.5394
  20310.00    12.5132
  20320.00    12.3380
  20330.00    12.9698
  20340.00    12.5960
  20350.00    12.8496
  20360.00    12.5192
  20370.00    13.3078
  20380.00    13.1335
  20390.00    13.0086
  20400.00    13.4837
  20410.00    13.0075
  20420.00    13.4835
  20430.00    13.2326
  20440.00    13.0352
  20450.00    13.1103
  20460.00    12.8658
  20470.00    13.2426
  20480.00    13.2775
  20490.00    12.8912
  20500.00    13.2276
  20510.00    13.0391
  20520.00    12.9595
  20530.00    12.8923
  20540.00    13.3581
  20550.00    13.0318
  20560.00    12.9913
  20570.00    13.2152
  20580.00    12.7442
  20590.00    12.7689
  20600.00    13.3316
  20610.00    12.7306
  20620.00    13.0068
  20630.00    12.7802
  20640.00    13.4732
  20650.00    12.8346
  20660.00    13.3977
  20670.00    13.0434
  20680.00    12.6832
  20690.00    13.1269
  20700.00    13.2287
  20710.00    13.0691
  20720.00    12.9686
  20730.00    13.3229
  20740.00    13.3272
  20750.00    13.0090
  20760.00    12.5638
  20770.00    12.9536
  20780.00    12.8408
  20790.00    13.1694
  20800.00    13.3172
  20810.00    13.0998
  20820.00    12.9779
  20830.00    12.7976
  20840.00    12.8090
  20850.00    13.1620
  20860.00    12.7325
  20870.00    13.0810
  20880.00    12.7615
  20890.00    12.6489
  20900.00    12.8079
  20910.00    12.8894
  20920.00    12.9407
  20930.00    12.8257
  20940.00    12.7679
  20950.00    13.1031
  20960.00    13.1535
  20970.00    13.0442
  20980.00    12.8117
  20990.00    12.8009
  21000.00    12.8514
  21010.00    12.7323
  21020.00    13.1109
  21030.00    12.8867
  21040.00    12.7456
  21050.00    12.5220
  21060.00    12.4248
  21070.00    13.0908
  21080.00    13.0703
  21090.00    12.9923
  21100.00    12.8919
  21110.00    13.4418
  21120.00    13.1533
  21130.00    12.8353
  21140.00    13.1568
  21150.00    13.1055
  21160.00    13.2951
  21170.00    12.5134
  21180.00    13.1170
  21190.00    12.8321
  21200.00    12.7989
  21210.00    13.1554
  21220.00    12.4985
  21230.00    13.0815
  21240.00    13.0747
  21250.00    12.8566
  21260.00    12.8070
  21270.00    13.2865
  21280.00    12.8071
  21290.00    13.1059
  21300.00    12.7963
  21310.00    12.2741
  21320.00    13.0247
  21330.00    12.8028
  21340.00    13.5707
  21350.00    13.1843
  21360.00    13.0538
  21370.00    12.9923
  21380.00    13.0644
  21390.00    13.0398
  21400.00    13.0629
  21410.00    13.2833
  21420.00    13.0305
  21430.00    12.9107
  21440.00    12.8418
  21450.00    13.0841
  21460.00    12.9752
  21470.00    12.8901
  21480.00    12.7678
  21490.00    12.4996
  21500.00    13.2443
  21510.00    12.8173
  21520.00    12.8918
  21530.00    12.9013
  21540.00    13.2112
  21550.00    12.7900
  21560.00    13.1251
  21570.00    13.0960
  21580.00    12.9450
  21590.00    12.7714
  21600.00    13.0816
  21610.00    13.2391
  21620.00    12.9311
  21630.00    12.8195
  21640.00    12.4711
  21650.00    12.6712
  21660.00    12.6588
  21670.00    12.5515
  21680.00    13.0662
  21690.00    13.1911
  21700.00    12.8746
  21710.00    12.7700
  21720.00    12.8947
  21730.00    12.6450
  21740.00    13.2803
  21750.00    13.0119
  21760.00    13.0826
  21770.00    13.1292
  21780.00    12.9112
  21790.00    12.9056
  21800.00    13.3865
  21810.00    12.3143
  21820.00    13.0402
  21830.00    13.2763
  21840.00    13.2714
  21850.00    12.9183
  21860.00    13.4448
  21870.00    13.1116
  21880.00    13.3985
  21890.00    12.9354
  21900.00    13.4737
  21910.00    13.3096
  21920.00    12.9825
  21930.00    12.8828
  21940.00    13.0154
  21950.00    13.1989
  21960.00    13.3492
  21970.00    13.4106
  21980.00    12.7770
  21990.00    12.9577
  22000.00    13.0689
  22010.00    12.5880
  22020.00    12.8713
  22030.00    13.4818
  22040.00    13.2700
  22050.00    12.8696
  22060.00    13.1631
  22070.00    12.9718
  22080.00    12.9475
  22090.00    13.4549
  22100.00    13.2058
  22110.00    13.1360
  22120.00    12.7786
  22130.00    13.0888
  22140.00    13.1202
  22150.00    13.7061
  22160.00    13.3767
  22170.00    13.4061
  22180.00    13.4862
  22190.00    13.5572
  22200.00    13.6260
  22210.00    13.2298
  22220.00    13.0699
  22230.00    13.4247
  22240.00    13.3177
  22250.00    13.0946
  22260.00    13.5778
  22270.00    12.7712
  22280.00    12.7406
  22290.00    12.8739
  22300.00    12.8383
  22310.00    13.2117
  22320.00    13.2298
  22330.00    13.1242
  22340.00    13.3577
  22350.00    12.9382
  22360.00    12.9320
  22370.00    13.3114
  22380.00    13.2216
  22390.00    13.5257
  22400.00    13.5324
  22410.00    12.9113
  22420.00    13.0158
  22430.00    13.0762
  22440.00    13.2964
  22450.00    12.6793
  22460.00    13.2985
  22470.00    12.8122
  22480.00    13.5442
  22490.00    13.1720
  22500.00    13.5055
  22510.00    13.0269
  22520.00    12.8644
  22530.00    13.3501
  22540.00    12.7824
  22550.00    13.0675
  22560.00    13.1053
  22570.00    13.2575
  22580.00    13.2804
  22590.00    13.2440
  22600.00    13.4308
  22610.00    13.1076
  22620.00    13.0706
  22630.00    13.0610
  22640.00    12.9436
  22650.00    12.8337
  22660.00    13.0415
  22670.00    12.9370
  22680.00    12.6959
  22690.00    13.0314
  22700.00    12.3830
  22710.00    12.5487
  22720.00    13.1053
  22730.00    13.0570
  22740.00    13.2087
  22750.00    13.3143
  22760.00    13.0168
  22770.00    12.9353
  22780.00    12.7208
  22790.00    12.8349
  22800.00    12.9994
  22810.00    12.9458
  22820.00    12.6761
  22830.00    12.6440
  22840.00    13.0863
  22850.00    13.0225
  22860.00    13.2525
  22870.00    13.0844
  22880.00    12.8829
  22890.00    12.8686
  22900.00    13.2889
  22910.00    12.5447
  22920.00    12.9682
  22930.00    12.8114
  22940.00    12.4901
  22950.00    12.8201
  22960.00    12.6428
  22970.00    13.1772
  22980.00    12.9177
  22990.00    13.3023
  23000.00    13.0699
  23010.00    13.3622
  23020.00    13.0470
  23030.00    12.9520
  23040.00    12.3778
  23050.00    12.8740
  23060.00    13.5706
  23070.00    13.0643
  23080.00    13.3034
  23090.00    13.0360
  23100.00    13.1020
  23110.00    12.9353
  23120.00    13.7953
  23130.00    13.5060
  23140.00    13.0215
  23150.00    12.9513
  23160.00    13.0345
  23170.00    13.1531
  23180.00    12.4346
  23190.00    12.9265
  23200.00    12.3187
  23210.00    12.6601
  23220.00    13.2654
  23230.00    12.6193
  23240.00    12.7761
  23250.00    13.2403
  23260.00    13.2099
  23270.00    13.1516
  23280.00    13.2413
  23290.00    12.5800
  23300.00    13.0856
  23310.00    13.1066
  23320.00    12.8615
  23330.00    12.9236
  23340.00    12.8737
  23350.00    13.0618
  23360.00    13.3167
  23370.00    13.1118
  23380.00    12.7795
  23390.00    13.1233
  23400.00    13.7603
  23410.00    13.1211
  23420.00    12.7757
  23430.00    12.7064
  23440.00    12.6809
  23450.00    13.0395
  23460.00    13.2583
  23470.00    13.0707
  23480.00    12.8437
  23490.00    12.8654
  23500.00    12.7915
  23510.00    13.3641
  23520.00    12.3251
  23530.00    12.7590
  23540.00    12.7271
  23550.00    13.2791
  23560.00    12.6439
  23570.00    13.0821
  23580.00    12.9061
  23590.00    13.0629
  23600.00    12.7928
  23610.00    12.5378
  23620.00    12.1214
  23630.00    13.3764
  23640.00    12.8554
  23650.00    12.4169
  23660.00    12.6731
  23670.00    12.9979
  23680.00    13.1958
  23690.00    12.9605
  23700.00    13.0487
  23710.00    12.6218
  23720.00    13.1892
  23730.00    12.5997
  23740.00    12.4163
  23750.00    13.2001
  23760.00    13.0469
  23770.00    13.0966
  23780.00    12.7581
  23790.00    12.5243
  23800.00    12.5095
  23810.00    12.6580
  23820.00    13.1439
  23830.00    12.9603
  23840.00    12.9662
  23850.00    12.9848
  23860.00    12.4480
  23870.00    12.8215
  23880.00    12.9280
  23890.00    12.8875
  23900.00    13.1829
  23910.00    13.4144
  23920.00    12.7664
  23930.00    12.6859
  23940.00    12.7272
  23950.00    13.3348
  23960.00    12.8722
  23970.00    12.6741
  23980.00    13.1313
  23990.00    12.8578
  24000.00    13.0496
  24010.00    13.0009
  24020.00    12.8240
  24030.00    12.6338
  24040.00    12.9420
  24050.00    12.6222
  24060.00    12.9804
  24070.00    12.9464
  24080.00    13.7048
  24090.00    13.6119
  24100.00    13.5408
  24110.00    12.6175
  24120.00    13.1648
  24130.00    13.0666
  24140.00    12.8239
  24150.00    13.0400
  24160.00    12.3589
  24170.00    12.9869
  24180.00    12.7761
  24190.00    13.1737
  24200.00    12.9778
  24210.00    12.9397
  24220.00    12.6256
  24230.00    13.2414
  24240.00    13.1264
  24250.00    12.6928
  24260.00    12.9918
  24270.00    12.5117
  24280.00    13.1113
  24290.00    13.1380
  24300.00    12.6272
  24310.00    13.2308
  24320.00    12.8954
  24330.00    13.1172
  24340.00    12.8813
  24350.00    13.0139
  24360.00    13.3408
  24370.00    14.1068
  24380.00    13.1508
  24390.00    12.8799
  24400.00    13.3165
  24410.00    13.2353
  24420.00    13.1011
  24430.00    12.9960
  24440.00    13.1321
  24450.00    13.4390
  24460.00    12.8833
  24470.00    13.0266
  24480.00    13.0109
  24490.00    12.9129
  24500.00    13.0279
  24510.00    12.7930
  24520.00    12.5719
  24530.00    12.6604
  24540.00    12.6679
  24550.00    12.8871
  24560.00    12.8667
  24570.00    12.9000
  24580.00    12.7888
  24590.00    13.5017
  24600.00    12.9779
  24610.00    12.9838
  24620.00    13.0669
  24630.00    13.0715
  24640.00    13.2727
  24650.00    12.9178
  24660.00    12.9038
  24670.00    12.7453
  24680.00    12.7519
  24690.00    12.6442
  24700.00    12.0358
  24710.00    12.6833
  24720.00    12.8107
  24730.00    12.7746
  24740.00    12.9469
  24750.00    13.0581
  24760.00    13.2511
  24770.00    12.8973
  24780.00    12.8178
  24790.00    12.9595
  24800.00    13.4630
  24810.00    12.9096
  24820.00    13.1190
  24830.00    12.3551
  24840.00    13.0332
  24850.00    13.0026
  24860.00    13.1892
  24870.00    13.3830
  24880.00    12.8928
  24890.00    12.9425
  24900.00    12.6749
  24910.00    12.7325
  24920.00    12.8044
  24930.00    12.8686
  24940.00    12.9187
  24950.00    12.7596
  24960.00    13.2584
  24970.00    13.1759
  24980.00    12.9530
  24990.00    12.7517
  25000.00    13.5202
  25010.00    13.2015
  25020.00    12.8545
  25030.00    13.2490
  25040.00    13.1253
  25050.00    13.1071
  25060.00    13.2839
  25070.00    12.8252
  25080.00    12.2266
  25090.00    12.7057
  25100.00    12.9526
  25110.00    13.1605
  25120.00    12.9833
  25130.00    12.7443
  25140.00    13.0639
  25150.00    13.0636
  25160.00    12.3845
  25170.00    12.8240
  25180.00    12.5878
  25190.00    13.0651
  25200.00    12.9198
  25210.00    12.9892
  25220.00    13.1684
  25230.00    13.0075
  25240.00    12.9614
  25250.00    12.7744
  25260.00    12.8187
  25270.00    13.2071
  25280.00    13.2656
  25290.00    13.2849
  25300.00    12.7263
  25310.00    12.8585
  25320.00    12.9003
  25330.00    13.2376
  25340.00    13.2356
  25350.00    12.9870
  25360.00    12.9232
  25370.00    12.9529
  25380.00    13.3986
  25390.00    12.9941
  25400.00    13.3295
  25410.00    13.2834
  25420.00    12.8924
  25430.00    12.9159
  25440.00    12.8552
  25450.00    12.7942
  25460.00    13.1571
  25470.00    13.0505
  25480.00    13.0051
  25490.00    12.6900
  25500.00    13.3153
  25510.00    12.7002
  25520.00    12.6931
  25530.00    12.4057
  25540.00    12.8301
  25550.00    13.4532
  25560.00    12.8797
  25570.00    13.0498
  25580.00    13.1233
  25590.00    13.0834
  25600.00    12.9136
  25610.00    12.9508
  25620.00    12.9204
  25630.00    12.9651
  25640.00    12.7436
  25650.00    12.4777
  25660.00    12.8280
  25670.00    12.5430
  25680.00    13.2133
  25690.00    13.0771
  25700.00    12.9965
  25710.00    12.9314
  25720.00    12.9485
  25730.00    12.9420
  25740.00    13.3410
  25750.00    13.5848
  25760.00    13.2169
  25770.00    13.2150
  25780.00    12.5057
  25790.00    12.7288
  25800.00    13.2903
  25810.00    12.4274
  25820.00    13.2132
  25830.00    12.7655
  25840.00    12.8340
  25850.00    13.1512
  25860.00    12.7798
  25870.00    12.8038
  25880.00    12.7377
  25890.00    13.2397
  25900.00    12.9767
  25910.00    12.8017
  25920.00    13.4571
  25930.00    13.1532
  25940.00    12.6732
  25950.00    13.0884
  25960.00    13.1668
  25970.00    13.0413
  25980.00    12.7643
  25990.00    13.2055
  26000.00    13.0516
  26010.00    13.1567
  26020.00    13.1010
  26030.00    12.8957
  26040.00    12.5772
  26050.00    13.0425
  26060.00    12.7036
  26070.00    12.7711
  26080.00    12.9145
  26090.00    13.1005
  26100.00    13.1727
  26110.00    12.3725
  26120.00    13.2389
  26130.00    13.1311
  26140.00    13.3101
  26150.00    13.3666
  26160.00    13.4434
  26170.00    13.2606
  26180.00    12.7986
  26190.00    12.8295
  26200.00    13.0137
  26210.00    12.9834
  26220.00    13.1061
  26230.00    12.9129
  26240.00    12.5596
  26250.00    13.2604
  26260.00    12.9075
  26270.00    12.8754
  26280.00    12.9744
  26290.00    13.0770
  26300.00    12.6162
  26310.00    12.9753
  26320.00    13.0422
  26330.00    13.2034
  26340.00    13.1308
  26350.00    13.0846
  26360.00    12.6808
  26370.00    12.7900
  26380.00    13.0507
  26390.00    12.6198
  26400.00    12.8212
  26410.00    13.3065
  26420.00    13.0565
  26430.00    12.9781
  26440.00    12.5968
  26450.00    13.0133
  26460.00    12.9786
  26470.00    13.3728
  26480.00    12.8875
  26490.00    12.7777
  26500.00    13.1199
  26510.00    13.3276
  26520.00    13.2955
  26530.00    13.4171
  26540.00    13.3348
  26550.00    13.1173
  26560.00    12.9334
  26570.00    12.9706
  26580.00    12.8925
  26590.00    12.8868
  26600.00    12.7117
  26610.00    12.5286
  26620.00    12.6777
  26630.00    13.4123
  26640.00    12.7483
  26650.00    12.2549
  26660.00    13.1828
  26670.00    12.9116
  26680.00    12.3839
  26690.00    12.9708
  26700.00    13.4813
  26710.00    12.9316
  26720.00    12.4676
  26730.00    13.1861
  26740.00    12.3757
  26750.00    12.6116
  26760.00    12.8308
  26770.00    13.0131
  26780.00    13.4608
  26790.00    13.1939
  26800.00    13.3581
  26810.00    13.4807
  26820.00    13.2688
  26830.00    13.1846
  26840.00    13.0088
  26850.00    12.6606
  26860.00    13.0536
  26870.00    12.4519
  26880.00    13.1413
  26890.00    12.7440
  26900.00    12.9413
  26910.00    13.4021
  26920.00    12.9318
  26930.00    13.2005
  26940.00    12.5060
  26950.00    13.0643
  26960.00    12.6162
  26970.00    13.0085
  26980.00    13.3486
  26990.00    13.5527
  27000.00    13.3067
  27010.00    13.0496
  27020.00    12.8602
  27030.00    13.1578
  27040.00    12.9273
  27050.00    13.1300
  27060.00    12.8046
  27070.00    13.4048
  27080.00    13.3612
  27090.00    12.6904
  27100.00    13.0841
  27110.00    12.9191
  27120.00    12.6179
  27130.00    12.8819
  27140.00    13.2711
  27150.00    13.1191
  27160.00    12.7553
  27170.00    13.1953
  27180.00    12.9352
  27190.00    13.5070
  27200.00    12.9793
  27210.00    12.1523
  27220.00    12.6790
  27230.00    12.7852
  27240.00    12.7370
  27250.00    12.9129
  27260.00    12.7156
  27270.00    12.9711
  27280.00    13.0219
  27290.00    13.7415
  27300.00    13.6411
  27310.00    13.2872
  27320.00    12.9483
  27330.00    13.4408
  27340.00    13.1970
  27350.00    12.3723
  27360.00    12.9725
  27370.00    12.8483
  27380.00    13.1518
  27390.00    12.2248
  27400.00    13.0970
  27410.00    13.1012
  27420.00    12.6461
  27430.00    12.7402
  27440.00    12.4891
  27450.00    12.5823
  27460.00    12.8800
  27470.00    12.8956
  27480.00    12.6375
  27490.00    12.8330
  27500.00    13.0493
  27510.00    12.9722
  27520.00    13.0553
  27530.00    12.0966
  27540.00    12.8709
  27550.00    12.6858
  27560.00    12.8786
  27570.00    12.9399
  27580.00    12.7918
  27590.00    13.2912
  27600.00    12.9382
  27610.00    13.6593
  27620.00    12.8961
  27630.00    12.9071
  27640.00    13.4408
  27650.00    12.8163
  27660.00    12.8175
  27670.00    13.2160
  27680.00    13.7036
  27690.00    13.7104
  27700.00    13.3613
  27710.00    13.0816
  27720.00    13.4976
  27730.00    13.2287
  27740.00    13.1643
  27750.00    13.1749
  27760.00    13.0098
  27770.00    12.8762
  27780.00    12.5502
  27790.00    13.2608
  27800.00    12.5043
  27810.00    13.0780
  27820.00    13.3098
  27830.00    12.4771
  27840.00    13.1326
  27850.00    12.5550
  27860.00    12.9643
  27870.00    13.1341
  27880.00    12.4820
  27890.00    13.0794
  27900.00    12.8770
  27910.00    13.2367
  27920.00    13.4098
  27930.00    13.3659
  27940.00    13.0043
  27950.00    12.8493
  27960.00    13.0887
  27970.00    13.3876
  27980.00    13.6959
  27990.00    13.1420
  28000.00    13.1818
  28010.00    13.2305
  28020.00    13.4739
  28030.00    13.4628
  28040.00    12.8269
  28050.00    13.1094
  28060.00    12.8441
  28070.00    12.9191
  28080.00    13.4011
  28090.00    12.9609
  28100.00    12.7581
  28110.00    12.9036
  28120.00    13.1989
  28130.00    12.7920
  28140.00    12.9153
  28150.00    12.8118
  28160.00    13.3928
  28170.00    13.3786
  28180.00    12.9936
  28190.00    13.4423
  28200.00    13.0628
  28210.00    12.3362
  28220.00    12.7725
  28230.00    12.6952
  28240.00    12.4330
  28250.00    12.7588
  28260.00    12.9351
  28270.00    12.5358
  28280.00    12.9700
  28290.00    13.2652
  28300.00    13.6524
  28310.00    12.8878
  28320.00    12.9098
  28330.00    12.6311
  28340.00    13.2911
  28350.00    13.7906
  28360.00    12.4248
  28370.00    13.0004
  28380.00    12.5702
  28390.00    12.6545
  28400.00    13.1423
  28410.00    13.4305
  28420.00    13.1701
  28430.00    13.1312
  28440.00    13.1147
  28450.00    13.2361
  28460.00    13.1939
  28470.00    13.1209
  28480.00    13.2158
  28490.00    12.7410
  28500.00    13.2011
  28510.00    13.3764
  28520.00    12.8455
  28530.00    12.7635
  28540.00    12.9364
  28550.00    13.2459
  28560.00    13.1544
  28570.00    13.0393
  28580.00    12.7055
  28590.00    12.8418
  28600.00    13.1071
  28610.00    12.8450
  28620.00    13.1660
  28630.00    12.8299
  28640.00    13.0780
  28650.00    13.1977
  28660.00    13.6462
  28670.00    12.9693
  28680.00    13.5252
  28690.00    12.9098
  28700.00    13.3934
  28710.00    12.8216
  28720.00    13.2500
  28730.00    13.1788
  28740.00    12.8717
  28750.00    13.0843
  28760.00    13.0326
  28770.00    13.1156
  28780.00    13.0737
  28790.00    13.2147
  28800.00    13.3566
  28810.00    13.2300
  28820.00    13.0618
  28830.00    12.9487
  28840.00    13.0052
  28850.00    12.9825
  28860.00    13.3068
  28870.00    12.4778
  28880.00    12.7661
  28890.00    13.1705
  28900.00    12.8437
  28910.00    13.2907
  28920.00    12.8428
  28930.00    12.9057
  28940.00    12.7603
  28950.00    13.0901
  28960.00    12.7176
  28970.00    12.8953
  28980.00    13.1682
  28990.00    12.4951
  29000.00    12.8932
  29010.00    13.4210
  29020.00    12.6188
  29030.00    12.8674
  29040.00    12.9201
  29050.00    13.1865
  29060.00    13.2436
  29070.00    12.9864
  29080.00    13.1280
  29090.00    13.3728
  29100.00    13.5488
  29110.00    13.1744
  29120.00    13.4938
  29130.00    14.1116
  29140.00    12.9819
  29150.00    13.7991
  29160.00    13.2282
  29170.00    13.3834
  29180.00    12.8798
  29190.00    12.9844
  29200.00    12.7952
  29210.00    13.1712
  29220.00    12.6641
  29230.00    12.9444
  29240.00    12.6456
  29250.00    12.7799
  29260.00    12.7424
  29270.00    13.7527
  29280.00    13.0161
  29290.00    12.6085
  29300.00    13.1374
  29310.00    12.7865
  29320.00    12.5010
  29330.00    12.4946
  29340.00    12.7803
  29350.00    12.5534
  29360.00    13.0389
  29370.00    12.6861
  29380.00    13.4020
  29390.00    14.1323
  29400.00    13.2654
  29410.00    13.0578
  29420.00    12.9491
  29430.00    12.7170
  29440.00    12.8804
  29450.00    12.7298
  29460.00    12.6992
  29470.00    12.9225
  29480.00    12.5991
  29490.00    12.9640
  29500.00    12.9197
  29510.00    13.0066
  29520.00    12.8791
  29530.00    13.1836
  29540.00    13.0090
  29550.00    12.7897
  29560.00    13.0441
  29570.00    13.0867
  29580.00    12.9432
  29590.00    13.2154
  29600.00    13.2978
  29610.00    12.8722
  29620.00    13.3344
  29630.00    12.7947
  29640.00    12.5610
  29650.00    13.2075
  29660.00    13.2302
  29670.00    13.0308
  29680.00    13.1816
  29690.00    12.8396
  29700.00    12.6586
  29710.00    13.1213
  29720.00    13.0029
  29730.00    13.0318
  29740.00    13.0803
  29750.00    12.8404
  29760.00    12.3677
  29770.00    12.5922
  29780.00    12.1758
  29790.00    12.7279
  29800.00    11.8596
  29810.00    12.7068
  29820.00    12.8008
  29830.00    12.7986
  29840.00    12.9923
  29850.00    12.7062
  29860.00    12.4966
  29870.00    12.6387
  29880.00    12.8692
  29890.00    13.1388
  29900.00    12.6819
  29910.00    12.7918
  29920.00    12.6240
  29930.00    12.6677
  29940.00    13.0747
  29950.00    13.0581
  29960.00    12.8853
  29970.00    12.7751
  29980.00    13.1713
  29990.00    13.2920
  30000.00    12.6780
  30010.00    12.7813
  30020.00    12.8427
  30030.00    12.8044
  30040.00    13.5940
  30050.00    13.0384
  30060.00    13.6305
  30070.00    13.1263
  30080.00    13.2532
  30090.00    13.0858
  30100.00    13.1559
  30110.00    12.6852
  30120.00    12.9699
  30130.00    13.4234
  30140.00    12.7601
  30150.00    13.0249
  30160.00    13.0310
  30170.00    13.4307
  30180.00    12.8973
  30190.00    13.6121
  30200.00    13.3819
  30210.00    12.9819
  30220.00    13.1727
  30230.00    13.0828
  30240.00    13.2062
  30250.00    12.4525
  30260.00    12.8217
  30270.00    12.6646
  30280.00    13.2456
  30290.00    13.1825
  30300.00    12.7486
  30310.00    12.9591
  30320.00    12.7069
  30330.00    12.7575
  30340.00    13.3751
  30350.00    12.7115
  30360.00    13.0307
  30370.00    12.9032
  30380.00    12.8107
  30390.00    13.1791
  30400.00    13.0558
  30410.00    12.6063
  30420.00    13.1937
  30430.00    13.2508
  30440.00    12.7922
  30450.00    13.0596
  30460.00    12.9812
  30470.00    13.4025
  30480.00    13.3661
  30490.00    13.0412
  30500.00    12.5265
  30510.00    12.9693
  30520.00    13.0801
  30530.00    13.2581
  30540.00    13.1669
  30550.00    12.9666
  30560.00    13.0826
  30570.00    12.7872
  30580.00    12.9927
  30590.00    12.8799
  30600.00    12.4709
  30610.00    12.6787
  30620.00    13.0655
  30630.00    12.5862
  30640.00    12.2930
  30650.00    12.6200
  30660.00    12.4098
  30670.00    13.6108
  30680.00    13.2320
  30690.00    12.8375
  30700.00    12.5636
  30710.00    12.8893
  30720.00    13.1847
  30730.00    13.1199
  30740.00    13.1560
  30750.00    12.7127
  30760.00    13.0989
  30770.00    12.7703
  30780.00    13.3854
  30790.00    13.3601
  30800.00    12.8758
  30810.00    13.3242
  30820.00    12.9348
  30830.00    13.4586
  30840.00    12.8877
  30850.00    13.2514
  30860.00    12.8189
  30870.00    12.7999
  30880.00    12.9871
  30890.00    12.7651
  30900.00    13.1855
  30910.00    12.7590
  30920.00    13.3997
  30930.00    12.8752
  30940.00    12.8264
  30950.00    13.3146
  30960.00    12.8655
  30970.00    13.2181
  30980.00    13.6462
  30990.00    12.9094
  31000.00    13.2243
  31010.00    13.2670
  31020.00    12.9508
  31030.00    13.3922
  31040.00    12.6385
  31050.00    13.3125
  31060.00    13.1271
  31070.00    12.7819
  31080.00    12.7252
  31090.00    12.7911
  31100.00    13.2535
  31110.00    13.5655
  31120.00    13.0205
  31130.00    13.0163
  31140.00    13.1020
  31150.00    12.9417
  31160.00    13.2928
  31170.00    13.1700
  31180.00    13.2161
  31190.00    13.3488
  31200.00    13.0245
  31210.00    13.1201
  31220.00    13.1395
  31230.00    13.0236
  31240.00    12.4966
  31250.00    13.2850
  31260.00    12.7260
  31270.00    12.9007
  31280.00    12.8873
  31290.00    13.0169
  31300.00    13.5610
  31310.00    13.1082
  31320.00    13.0424
  31330.00    12.7856
  31340.00    13.1317
  31350.00    12.9196
  31360.00    12.7930
  31370.00    13.0778
  31380.00    13.0990
  31390.00    13.2423
  31400.00    12.5599
  31410.00    13.2720
  31420.00    12.9243
  31430.00    12.7069
  31440.00    13.3124
  31450.00    12.9846
  31460.00    13.5451
  31470.00    12.6488
  31480.00    12.5288
  31490.00    12.7948
  31500.00    13.2784
  31510.00    13.2577
  31520.00    13.3259
  31530.00    13.2106
  31540.00    12.8491
  31550.00    13.2349
  31560.00    13.5167
  31570.00    13.5931
  31580.00    13.1694
  31590.00    13.3484
  31600.00    12.8390
  31610.00    13.3448
  31620.00    13.6549
  31630.00    13.2637
  31640.00    13.4392
  31650.00    13.4046
  31660.00    13.1751
  31670.00    13.1018
  31680.00    13.5168
  31690.00    13.1919
  31700.00    13.3613
  31710.00    12.5467
  31720.00    13.0632
  31730.00    12.9437
  31740.00    12.9758
  31750.00    13.1257
  31760.00    13.2973
  31770.00    13.5018
  31780.00    13.2443
  31790.00    13.4337
  31800.00    13.5071
  31810.00    13.4017
  31820.00    13.2769
  31830.00    13.4234
  31840.00    13.5132
  31850.00    13.2973
  31860.00    12.8077
  31870.00    13.2479
  31880.00    13.4642
  31890.00    13.1522
  31900.00    13.2714
  31910.00    13.6923
  31920.00    12.9294
  31930.00    13.3317
  31940.00    13.4441
  31950.00    13.4985
  31960.00    13.0614
  31970.00    12.7565
  31980.00    12.7202
  31990.00    13.1492
  32000.00    13.1730
  32010.00    13.3516
  32020.00    12.9637
  32030.00    13.5004
  32040.00    13.5169
  32050.00    13.1783
  32060.00    13.1267
  32070.00    13.0958
  32080.00    12.9549
  32090.00    12.7731
  32100.00    12.6252
  32110.00    12.9060
  32120.00    12.5794
  32130.00    12.6356
  32140.00    12.7316
  32150.00    12.5534
  32160.00    12.7741
  32170.00    13.0002
  32180.00    12.8502
  32190.00    12.0714
  32200.00    13.1566
  32210.00    12.9165
  32220.00    12.8866
  32230.00    12.6474
  32240.00    12.8949
  32250.00    13.2156
  32260.00    13.1935
  32270.00    12.8933
  32280.00    12.9152
  32290.00    12.8865
  32300.00    12.9266
  32310.00    13.0290
  32320.00    13.3905
  32330.00    13.2573
  32340.00    13.4160
  32350.00    13.0324
  32360.00    13.1963
  32370.00    13.1437
  32380.00    12.5437
  32390.00    12.5384
  32400.00    12.6436
  32410.00    12.9842
  32420.00    12.9150
  32430.00    12.4097
  32440.00    13.0839
  32450.00    12.9864
  32460.00    13.0754
  32470.00    13.1349
  32480.00    13.3266
  32490.00    12.9025
  32500.00    13.0488
  32510.00    13.1069
  32520.00    13.1428
  32530.00    12.4888
  32540.00    13.0271
  32550.00    13.0090
  32560.00    12.6793
  32570.00    12.9321
  32580.00    13.2207
  32590.00    13.1109
  32600.00    12.7200
  32610.00    12.7514
  32620.00    12.9019
  32630.00    12.8192
  32640.00    12.7920
  32650.00    12.3958
  32660.00    13.2060
  32670.00    12.8612
  32680.00    13.4126
  32690.00    12.8189
  32700.00    13.2609
  32710.00    12.9669
  32720.00    13.1438
  32730.00    12.7305
  32740.00    12.8051
  32750.00    12.7864
  32760.00    12.6913
  32770.00    12.4948
  32780.00    12.7367
  32790.00    12.8817
  32800.00    13.2144
  32810.00    12.9363
  32820.00    13.4857
  32830.00    13.4044
  32840.00    12.9974
  32850.00    13.0372
  32860.00    13.1011
  32870.00    13.1262
  32880.00    13.0641
  32890.00    12.6834
  32900.00    12.6231
  32910.00    13.1304
  32920.00    13.3494
  32930.00    12.7440
  32940.00    13.1752
  32950.00    13.3801
  32960.00    12.8257
  32970.00    13.0390
  32980.00    12.9661
  32990.00    12.8323
  33000.00    13.1249
  33010.00    13.0975
  33020.00    13.4289
  33030.00    12.8861
  33040.00    12.9480
  33050.00    12.7195
  33060.00    12.8590
  33070.00    12.7662
  33080.00    12.9143
  33090.00    13.4303
  33100.00    13.3700
  33110.00    13.2945
  33120.00    13.1040
  33130.00    13.0123
  33140.00    13.0838
  33150.00    13.7118
  33160.00    13.1705
  33170.00    13.2429
  33180.00    13.0228
  33190.00    13.6171
  33200.00    13.0126
  33210.00    12.8548
  33220.00    13.0303
  33230.00    13.1795
  33240.00    13.0203
  33250.00    13.0414
  33260.00    13.2158
  33270.00    13.1186
  33280.00    13.4926
  33290.00    13.0799
  33300.00    13.0990
  33310.00    12.6542
  33320.00    13.0743
  33330.00    12.7148
  33340.00    12.9047
  33350.00    12.9765
  33360.00    12.8947
  33370.00    13.2391
  33380.00    13.2179
  33390.00    12.9842
  33400.00    13.1139
  33410.00    13.2909
  33420.00    12.8749
  33430.00    12.6542
  33440.00    12.4536
  33450.00    12.7147
  33460.00    12.9032
  33470.00    13.4739
  33480.00    13.3651
  33490.00    13.1025
  33500.00    12.9793
  33510.00    13.1812
  33520.00    13.0943
  33530.00    12.9183
  33540.00    12.7992
  33550.00    13.0088
  33560.00    12.8618
  33570.00    12.5465
  33580.00    13.2555
  33590.00    13.1035
  33600.00    13.3327
  33610.00    12.9247
  33620.00    12.6717
  33630.00    13.0237
  33640.00    13.2883
  33650.00    12.6349
  33660.00    13.1461
  33670.00    13.2955
  33680.00    12.8958
  33690.00    13.3233
  33700.00    12.9965
  33710.00    12.6575
  33720.00    12.9379
  33730.00    11.9830
  33740.00    12.9580
  33750.00    12.5916
  33760.00    12.8961
  33770.00    12.7464
  33780.00    12.9969
  33790.00    12.9905
  33800.00    12.8916
  33810.00    12.9522
  33820.00    12.7550
  33830.00    13.2337
  33840.00    13.0137
  33850.00    13.1385
  33860.00    12.6049
  33870.00    12.8113
  33880.00    12.5779
  33890.00    13.0032
  33900.00    13.1316
  33910.00    13.3753
  33920.00    13.2130
  33930.00    12.9425
  33940.00    12.9972
  33950.00    12.9837
  33960.00    12.7965
  33970.00    13.1378
  33980.00    13.5012
  33990.00    13.0260
  34000.00    12.9550
  34010.00    13.0896
  34020.00    12.8950
  34030.00    12.8682
  34040.00    12.9713
  34050.00    12.7231
  34060.00    13.2724
  34070.00    12.5426
  34080.00    12.9911
  34090.00    13.0533
  34100.00    13.0592
  34110.00    13.6286
  34120.00    12.8410
  34130.00    13.3094
  34140.00    12.7736
  34150.00    13.4738
  34160.00    12.8158
  34170.00    13.1450
  34180.00    13.4758
  34190.00    13.2384
  34200.00    12.8842
  34210.00    13.1371
  34220.00    13.3453
  34230.00    13.1985
  34240.00    13.0886
  34250.00    12.6261
  34260.00    13.2389
  34270.00    13.1641
  34280.00    12.5897
  34290.00    12.8709
  34300.00    12.7188
  34310.00    12.7245
  34320.00    12.3480
  34330.00    12.7680
  34340.00    12.7754
  34350.00    12.8238
  34360.00    13.0223
  34370.00    13.0091
  34380.00    12.8526
  34390.00    13.0914
  34400.00    12.9475
  34410.00    12.8295
  34420.00    13.4386
  34430.00    12.5958
  34440.00    12.9707
  34450.00    12.9533
  34460.00    13.0460
  34470.00    12.8208
  34480.00    13.0519
  34490.00    12.7305
  34500.00    13.0125
  34510.00    12.7415
  34520.00    12.8084
  34530.00    12.4820
  34540.00    13.4303
  34550.00    12.9593
  34560.00    12.2279
  34570.00    13.0274
  34580.00    12.9914
  34590.00    13.0492
  34600.00    13.0095
  34610.00    13.1766
  34620.00    12.2981
  34630.00    13.1602
  34640.00    12.6240
  34650.00    12.9106
  34660.00    12.8311
  34670.00    12.8655
  34680.00    12.8837
  34690.00    12.5784
  34700.00    12.9932
  34710.00    13.0999
  34720.00    13.2590
  34730.00    13.1224
  34740.00    13.1997
  34750.00    12.8369
  34760.00    13.1478
  34770.00    13.2610
  34780.00    12.9794
  34790.00    13.0873
  34800.00    13.0925
  34810.00    13.4084
  34820.00    13.2924
  34830.00    12.7930
  34840.00    12.5558
  34850.00    13.2620
  34860.00    12.9705
  34870.00    13.0229
  34880.00    13.0828
  34890.00    13.2651
  34900.00    12.7943
  34910.00    12.8237
  34920.00    12.9525
  34930.00    12.8262
  34940.00    13.4168
  34950.00    12.7994
  34960.00    13.3187
  34970.00    12.8824
  34980.00    13.2547
  34990.00    12.3297
  35000.00    13.2020
  35010.00    12.6280
  35020.00    12.9032
  35030.00    12.9985
  35040.00    12.7917
  35050.00    12.8516
  35060.00    12.7103
  35070.00    12.6517
  35080.00    12.7699
  35090.00    12.6102
  35100.00    12.2817
  35110.00    12.6144
  35120.00    12.9915
  35130.00    12.9300
  35140.00    13.1052
  35150.00    12.7948
  35160.00    13.4467
  35170.00    13.0936
  35180.00    13.3097
  35190.00    12.8743
  35200.00    13.3718
  35210.00    12.8329
  35220.00    13.1858
  35230.00    13.0956
  35240.00    13.0876
  35250.00    12.9694
  35260.00    12.8769
  35270.00    13.2151
  35280.00    13.3426
  35290.00    12.9127
  35300.00    13.2133
  35310.00    13.1756
  35320.00    12.8553
  35330.00    13.0235
  35340.00    13.1664
  35350.00    12.9210
  35360.00    12.9321
  35370.00    12.7656
  35380.00    13.3933
  35390.00    13.5792
  35400.00    13.1774
  35410.00    13.1107
  35420.00    13.2472
  35430.00    13.1170
  35440.00    12.7971
  35450.00    12.6501
  35460.00    13.3932
  35470.00    12.9993
  35480.00    13.4014
  35490.00    13.2976
  35500.00    12.7651
  35510.00    13.0846
  35520.00    12.9848
  35530.00    13.2765
  35540.00    13.1999
  35550.00    13.1117
  35560.00    12.6588
  35570.00    12.9386
  35580.00    13.3171
  35590.00    12.8826
  35600.00    12.9318
  35610.00    13.3848
  35620.00    12.5085
  35630.00    13.1015
  35640.00    13.0237
  35650.00    13.0117
  35660.00    13.0044
  35670.00    12.8769
  35680.00    13.4361
  35690.00    13.0339
  35700.00    13.0339
  35710.00    13.1676
  35720.00    13.0329
  35730.00    13.3406
  35740.00    13.1960
  35750.00    13.1325
  35760.00    13.1076
  35770.00    12.9390
  35780.00    12.8829
  35790.00    13.2248
  35800.00    13.5100
  35810.00    13.2138
  35820.00    13.0681
  35830.00    12.7437
  35840.00    12.9079
  35850.00    12.5412
  35860.00    13.2995
  35870.00    12.7974
  35880.00    12.7424
  35890.00    12.3626
  35900.00    12.9955
  35910.00    12.6551
  35920.00    12.7955
  35930.00    12.8882
  35940.00    13.0676
  35950.00    12.8693
  35960.00    12.7725
  35970.00    13.0879
  35980.00    12.6293
  35990.00    12.9239
  36000.00    12.7554
  36010.00    12.5159
  36020.00    13.3505
  36030.00    13.3319
  36040.00    13.1268
  36050.00    13.1003
  36060.00    13.0924
  36070.00    13.2960
  36080.00    13.2405
  36090.00    13.1991
  36100.00    12.9188
  36110.00    13.2392
  36120.00    12.9256
  36130.00    13.0270
  36140.00    13.4941
  36150.00    12.9718
  36160.00    12.9797
  36170.00    13.2107
  36180.00    13.1535
  36190.00    13.0620
  36200.00    12.9891
  36210.00    13.0501
  36220.00    13.3831
  36230.00    12.6074
  36240.00    13.0691
  36250.00    13.5119
  36260.00    13.3024
  36270.00    12.7286
  36280.00    12.5044
  36290.00    12.9675
  36300.00    12.8066
  36310.00    12.8562
  36320.00    13.4975
  36330.00    13.1590
  36340.00    13.0614
  36350.00    13.1268
  36360.00    12.6470
  36370.00    12.8595
  36380.00    12.5188
  36390.00    13.1949
  36400.00    13.6464
  36410.00    12.7814
  36420.00    12.3591
  36430.00    12.7291
  36440.00    13.1401
  36450.00    12.4724
  36460.00    12.3918
  36470.00    13.4551
  36480.00    12.5583
  36490.00    12.7768
  36500.00    12.4255
  36510.00    12.9715
  36520.00    13.0650
  36530.00    13.2770
  36540.00    12.6259
  36550.00    12.9462
  36560.00    12.9336
  36570.00    12.9927
  36580.00    12.6390
  36590.00    12.7610
  36600.00    12.6125
  36610.00    12.9873
  36620.00    12.8790
  36630.00    12.6127
  36640.00    12.2534
  36650.00    12.7029
  36660.00    13.0463
  36670.00    12.6467
  36680.00    13.1899
  36690.00    12.5774
  36700.00    13.0051
  36710.00    12.7119
  36720.00    13.5739
  36730.00    13.0118
  36740.00    13.5337
  36750.00    12.7163
  36760.00    12.9511
  36770.00    12.8875
  36780.00    13.3510
  36790.00    13.1097
  36800.00    13.0877
  36810.00    12.7712
  36820.00    12.8113
  36830.00    12.7203
  36840.00    13.1920
  36850.00    12.7668
  36860.00    13.4758
  36870.00    12.7248
  36880.00    12.5818
  36890.00    13.0580
  36900.00    12.8123
  36910.00    12.7541
  36920.00    13.4406
  36930.00    13.1967
  36940.00    13.1341
  36950.00    13.2052
  36960.00    12.6782
  36970.00    12.8132
  36980.00    12.5268
  36990.00    13.0405
  37000.00    12.9033
  37010.00    12.9171
  37020.00    13.3739
  37030.00    12.5693
  37040.00    12.9705
  37050.00    12.5100
  37060.00    12.9089
  37070.00    12.9098
  37080.00    12.4688
  37090.00    13.4599
  37100.00    13.1181
  37110.00    13.6626
  37120.00    12.8869
  37130.00    12.9114
  37140.00    13.5198
  37150.00    12.9592
  37160.00    13.0498
  37170.00    13.0391
  37180.00    12.8027
  37190.00    12.8891
  37200.00    13.1431
  37210.00    13.0300
  37220.00    13.4958
  37230.00    12.7056
  37240.00    13.0769
  37250.00    12.6677
  37260.00    12.7612
  37270.00    13.1767
  37280.00    12.2240
  37290.00    12.9434
  37300.00    13.0327
  37310.00    13.0797
  37320.00    12.8367
  37330.00    13.0718
  37340.00    13.1276
  37350.00    12.7213
  37360.00    12.6988
  37370.00    12.9071
  37380.00    13.3140
  37390.00    12.6909
  37400.00    12.8136
  37410.00    12.6327
  37420.00    12.9807
  37430.00    13.0510
  37440.00    13.5704
  37450.00    12.8747
  37460.00    13.3452
  37470.00    12.8876
  37480.00    12.4707
  37490.00    12.4363
  37500.00    13.1333
  37510.00    12.6742
  37520.00    12.4253
  37530.00    12.8917
  37540.00    13.1811
  37550.00    12.6892
  37560.00    12.9468
  37570.00    13.0426
  37580.00    13.0832
  37590.00    12.6175
  37600.00    12.7880
  37610.00    12.8186
  37620.00    13.3330
  37630.00    13.2551
  37640.00    13.0628
  37650.00    13.2491
  37660.00    13.1179
  37670.00    12.5428
  37680.00    12.8412
  37690.00    13.0793
  37700.00    13.2407
  37710.00    13.3285
  37720.00    13.1630
  37730.00    13.3117
  37740.00    13.1202
  37750.00    12.7937
  37760.00    12.5497
  37770.00    12.9933
  37780.00    12.2560
  37790.00    12.6097
  37800.00    13.2927
  37810.00    13.1509
  37820.00    12.8276
  37830.00    13.4824
  37840.00    12.6379
  37850.00    13.1802
  37860.00    12.5485
  37870.00    12.9972
  37880.00    13.2289
  37890.00    13.2574
  37900.00    12.4830
  37910.00    12.6926
  37920.00    13.1653
  37930.00    13.1748
  37940.00    13.2360
  37950.00    12.9625
  37960.00    12.4481
  37970.00    12.9045
  37980.00    13.7177
  37990.00    12.8320
  38000.00    12.7426
  38010.00    13.1333
  38020.00    12.7023
  38030.00    12.6444
  38040.00    12.6842
  38050.00    12.7859
  38060.00    13.3776
  38070.00    13.2532
  38080.00    13.4110
  38090.00    13.2449
  38100.00    12.7997
  38110.00    12.5932
  38120.00    12.7753
  38130.00    12.7361
  38140.00    13.1179
  38150.00    13.2274
  38160.00    13.5325
  38170.00    13.1928
  38180.00    13.0534
  38190.00    12.9346
  38200.00    12.9350
  38210.00    13.0254
  38220.00    13.0840
  38230.00    12.9653
  38240.00    12.3918
  38250.00    13.2819
  38260.00    13.0064
  38270.00    12.8738
  38280.00    12.9285
  38290.00    13.0562
  38300.00    12.7434
  38310.00    13.0694
  38320.00    12.6596
  38330.00    12.9520
  38340.00    12.5534
  38350.00    13.3445
  38360.00    12.9476
  38370.00    12.6658
  38380.00    12.3328
  38390.00    12.9841
  38400.00    13.3610
  38410.00    13.3549
  38420.00    12.6854
  38430.00    13.1057
  38440.00    12.7402
  38450.00    13.0991
  38460.00    12.5591
  38470.00    13.0759
  38480.00    12.7816
  38490.00    13.3099
  38500.00    13.2551
  38510.00    13.0309
  38520.00    13.1976
  38530.00    12.6624
  38540.00    13.2939
  38550.00    13.0876
  38560.00    13.1339
  38570.00    13.0413
  38580.00    13.3836
  38590.00    13.0077
  38600.00    13.1930
  38610.00    12.7161
  38620.00    13.2693
  38630.00    12.7359
  38640.00    13.2869
  38650.00    13.1509
  38660.00    13.0770
  38670.00    13.2330
  38680.00    12.5332
  38690.00    12.5898
  38700.00    13.1660
  38710.00    12.6503
  38720.00    12.9588
  38730.00    13.0218
  38740.00    12.3947
  38750.00    13.1187
  38760.00    12.6364
  38770.00    13.0548
  38780.00    13.1533
  38790.00    13.1130
  38800.00    13.0702
  38810.00    13.1037
  38820.00    13.1590
  38830.00    13.6721
  38840.00    13.2409
  38850.00    12.9897
  38860.00    12.6732
  38870.00    12.9994
  38880.00    13.3828
  38890.00    13.1891
  38900.00    12.9848
  38910.00    13.2636
  38920.00    12.5667
  38930.00    12.8076
  38940.00    12.3369
  38950.00    13.1332
  38960.00    12.5920
  38970.00    12.7769
  38980.00    12.8049
  38990.00    13.1390
  39000.00    13.5207
  39010.00    13.2231
  39020.00    13.4102
  39030.00    12.5726
  39040.00    13.0290
  39050.00    12.9440
  39060.00    13.2797
  39070.00    13.0716
  39080.00    12.6777
  39090.00    13.1738
  39100.00    12.8654
  39110.00    13.0124
  39120.00    13.0051
  39130.00    13.3491
  39140.00    13.7214
  39150.00    13.0733
  39160.00    13.3684
  39170.00    13.2061
  39180.00    12.8030
  39190.00    13.1752
  39200.00    13.0435
  39210.00    13.0512
  39220.00    13.0380
  39230.00    12.9152
  39240.00    13.0523
  39250.00    12.6770
  39260.00    13.0762
  39270.00    12.9649
  39280.00    13.1867
  39290.00    12.9200
  39300.00    13.0804
  39310.00    13.2857
  39320.00    13.0915
  39330.00    12.9200
  39340.00    12.6687
  39350.00    12.9509
  39360.00    13.3069
  39370.00    13.2137
  39380.00    12.9798
  39390.00    13.2458
  39400.00    13.4354
  39410.00    12.8495
  39420.00    13.4335
  39430.00    12.7141
  39440.00    13.1212
  39450.00    13.5070
  39460.00    13.4304
  39470.00    13.1437
  39480.00    12.6848
  39490.00    12.5218
  39500.00    12.9060
  39510.00    12.6064
  39520.00    12.8272
  39530.00    12.7802
  39540.00    13.3444
  39550.00    13.2646
  39560.00    12.8449
  39570.00    13.1869
  39580.00    12.5965
  39590.00    12.8626
  39600.00    13.5981
  39610.00    13.0874
  39620.00    13.4786
  39630.00    12.8245
  39640.00    13.2535
  39650.00    12.8906
  39660.00    12.9943
  39670.00    13.2317
  39680.00    13.0134
  39690.00    13.2366
  39700.00    13.0831
  39710.00    13.2198
  39720.00    13.0983
  39730.00    13.4348
  39740.00    13.0494
  39750.00    12.6001
  39760.00    12.8967
  39770.00    13.3272
  39780.00    13.1358
  39790.00    12.6857
  39800.00    13.2189
  39810.00    12.9833
  39820.00    13.1713
  39830.00    13.2102
  39840.00    13.3985
  39850.00    13.1920
  39860.00    13.1650
  39870.00    13.1002
  39880.00    13.0296
  39890.00    13.4002
  39900.00    13.2127
  39910.00    13.1771
  39920.00    13.1958
  39930.00    13.1708
  39940.00    13.3950
  39950.00    13.2810
  39960.00    12.9349
  39970.00    12.8816
  39980.00    13.3193
  39990.00    13.4440
  40000.00    12.9267
  40010.00    13.0890
  40020.00    13.2122
  40030.00    13.0430
  40040.00    13.2330
  40050.00    13.3362
  40060.00    12.6492
  40070.00    13.6333
  40080.00    12.8521
  40090.00    12.9494
  40100.00    12.7677
  40110.00    12.6466
  40120.00    12.7885
  40130.00    13.1210
  40140.00    12.3524
  40150.00    13.2910
  40160.00    12.7250
  40170.00    13.2791
  40180.00    13.3921
  40190.00    12.7838
  40200.00    12.9339
  40210.00    13.5933
  40220.00    13.2703
  40230.00    12.9387
  40240.00    12.9723
  40250.00    13.2016
  40260.00    12.6398
  40270.00    12.7120
  40280.00    12.5207
  40290.00    12.6686
  40300.00    12.9720
  40310.00    13.0753
  40320.00    13.0468
  40330.00    13.4009
  40340.00    12.7672
  40350.00    12.7801
  40360.00    12.3850
  40370.00    12.6684
  40380.00    12.9174
  40390.00    12.8066
  40400.00    13.1852
  40410.00    12.6398
  40420.00    12.7824
  40430.00    13.5244
  40440.00    13.0519
  40450.00    13.0166
  40460.00    13.3354
  40470.00    12.9849
  40480.00    12.6363
  40490.00    12.9444
  40500.00    13.2626
  40510.00    12.7949
  40520.00    12.8786
  40530.00    13.1572
  40540.00    13.4890
  40550.00    12.5707
  40560.00    12.7975
  40570.00    13.0359
  40580.00    12.6545
  40590.00    13.0978
  40600.00    12.7327
  40610.00    12.9253
  40620.00    13.0596
  40630.00    12.7932
  40640.00    12.6037
  40650.00    12.6202
  40660.00    13.4636
  40670.00    12.7029
  40680.00    12.6995
  40690.00    12.4008
  40700.00    13.0448
  40710.00    12.7834
  40720.00    12.9901
  40730.00    12.8338
  40740.00    13.0193
  40750.00    13.0373
  40760.00    13.4865
  40770.00    13.5254
  40780.00    13.0284
  40790.00    12.7471
  40800.00    12.7091
  40810.00    12.8501
  40820.00    12.2163
  40830.00    12.5086
  40840.00    12.6535
  40850.00    13.2396
  40860.00    12.9009
  40870.00    13.6025
  40880.00    13.3135
  40890.00    12.9514
  40900.00    13.1442
  40910.00    13.6061
  40920.00    12.9019
  40930.00    12.6882
  40940.00    13.1831
  40950.00    13.0814
  40960.00    13.4817
  40970.00    13.2887
  40980.00    13.3846
  40990.00    13.2178
  41000.00    13.5438
  41010.00    13.1681
  41020.00    13.0188
  41030.00    13.5372
  41040.00    12.9344
  41050.00    13.5140
  41060.00    12.6802
  41070.00    12.8791
  41080.00    13.0314
  41090.00    12.9322
  41100.00    12.5511
  41110.00    13.0844
  41120.00    12.8129
  41130.00    13.1239
  41140.00    13.1908
  41150.00    12.7790
  41160.00    12.7826
  41170.00    12.6410
  41180.00    12.9059
  41190.00    12.9916
  41200.00    12.9914
  41210.00    13.1875
  41220.00    12.9155
  41230.00    13.0971
  41240.00    13.2675
  41250.00    12.4438
  41260.00    12.9669
  41270.00    13.0420
  41280.00    13.0074
  41290.00    12.9189
  41300.00    13.2751
  41310.00    12.9923
  41320.00    12.9507
  41330.00    12.9322
  41340.00    12.8974
  41350.00    13.0041
  41360.00    12.8792
  41370.00    13.2863
  41380.00    13.5224
  41390.00    13.2019
  41400.00    12.8816
  41410.00    13.1995
  41420.00    13.2820
  41430.00    12.8909
  41440.00    13.0597
  41450.00    13.1660
  41460.00    13.2565
  41470.00    13.0921
  41480.00    12.8283
  41490.00    12.9966
  41500.00    13.0692
  41510.00    12.9226
  41520.00    13.1599
  41530.00    13.0904
  41540.00    13.1942
  41550.00    13.2728
  41560.00    12.9425
  41570.00    13.0689
  41580.00    12.9690
  41590.00    12.6775
  41600.00    13.1436
  41610.00    12.8489
  41620.00    13.1697
  41630.00    12.7811
  41640.00    12.9848
  41650.00    13.0939
  41660.00    13.5819
  41670.00    12.6755
  41680.00    12.3980
  41690.00    12.8501
  41700.00    13.0912
  41710.00    13.1198
  41720.00    13.1125
  41730.00    12.9343
  41740.00    12.6732
  41750.00    13.3300
  41760.00    13.2581
  41770.00    13.1909
  41780.00    13.3712
  41790.00    13.2357
  41800.00    13.1730
  41810.00    13.0432
  41820.00    13.0379
  41830.00    12.2331
  41840.00    12.6243
  41850.00    12.9639
  41860.00    13.1952
  41870.00    13.0637
  41880.00    13.5717
  41890.00    13.0507
  41900.00    12.8894
  41910.00    12.7582
  41920.00    12.8176
  41930.00    12.8178
  41940.00    13.2775
  41950.00    13.1473
  41960.00    12.7353
  41970.00    13.0742
  41980.00    12.9186
  41990.00    12.8627
  42000.00    13.1110
  42010.00    13.4065
  42020.00    12.6249
  42030.00    12.6164
  42040.00    12.6836
  42050.00    13.1198
  42060.00    13.1974
  42070.00    13.0308
  42080.00    12.8656
  42090.00    13.1122
  42100.00    13.1397
  42110.00    12.6922
  42120.00    12.5976
  42130.00    13.3042
  42140.00    13.1862
  42150.00    12.8861
  42160.00    13.1197
  42170.00    13.1567
  42180.00    13.2327
  42190.00    13.1959
  42200.00    12.7703
  42210.00    12.8895
  42220.00    12.7751
  42230.00    13.4335
  42240.00    12.8603
  42250.00    13.3759
  42260.00    13.1491
  42270.00    13.0306
  42280.00    13.5773
  42290.00    13.0946
  42300.00    13.1137
  42310.00    13.0945
  42320.00    13.0748
  42330.00    12.7712
  42340.00    13.1525
  42350.00    12.8368
  42360.00    12.7384
  42370.00    12.7939
  42380.00    13.0170
  42390.00    13.1547
  42400.00    13.1263
  42410.00    12.9902
  42420.00    12.8763
  42430.00    12.9712
  42440.00    13.0435
  42450.00    13.3304
  42460.00    13.4976
  42470.00    12.5763
  42480.00    13.2222
  42490.00    12.9987
  42500.00    12.7915
  42510.00    12.7578
  42520.00    13.2139
  42530.00    12.8389
  42540.00    12.6118
  42550.00    13.1306
  42560.00    13.3968
  42570.00    12.7258
  42580.00    13.4284
  42590.00    12.9470
  42600.00    13.0739
  42610.00    13.0549
  42620.00    12.8449
  42630.00    13.4256
  42640.00    13.1522
  42650.00    13.0107
  42660.00    13.1783
  42670.00    13.3295
  42680.00    12.8122
  42690.00    12.9475
  42700.00    12.9113
  42710.00    12.9153
  42720.00    13.3216
  42730.00    12.9802
  42740.00    12.7723
  42750.00    13.0288
  42760.00    12.3440
  42770.00    12.4855
  42780.00    12.9736
  42790.00    13.1235
  42800.00    12.7035
  42810.00    13.4146
  42820.00    13.0381
  42830.00    13.0803
  42840.00    12.6163
  42850.00    13.2834
  42860.00    13.1314
  42870.00    12.9451
  42880.00    12.9236
  42890.00    13.0621
  42900.00    13.2895
  42910.00    13.1309
  42920.00    13.2475
  42930.00    12.8162
  42940.00    13.2704
  42950.00    12.6510
  42960.00    12.9679
  42970.00    12.9034
  42980.00    13.2156
  42990.00    12.9350
  43000.00    12.9216
  43010.00    13.1998
  43020.00    12.6211
  43030.00    13.2590
  43040.00    12.8044
  43050.00    12.9902
  43060.00    13.5219
  43070.00    13.0429
  43080.00    12.9144
  43090.00    12.3186
  43100.00    13.0909
  43110.00    12.9428
  43120.00    13.0506
  43130.00    13.1178
  43140.00    13.7682
  43150.00    13.0940
  43160.00    12.8682
  43170.00    12.7543
  43180.00    12.8675
  43190.00    12.6280
  43200.00    12.9501
  43210.00    13.5930
  43220.00    13.2080
  43230.00    13.7166
  43240.00    13.2975
  43250.00    13.1094
  43260.00    12.7583
  43270.00    13.1405
  43280.00    13.4071
  43290.00    13.0702
  43300.00    13.1738
  43310.00    13.0193
  43320.00    13.1723
  43330.00    13.1079
  43340.00    13.1364
  43350.00    13.3161
  43360.00    13.1272
  43370.00    12.9782
  43380.00    13.4294
  43390.00    12.8267
  43400.00    12.9889
  43410.00    13.4126
  43420.00    12.6328
  43430.00    12.9333
  43440.00    13.1385
  43450.00    12.6000
  43460.00    13.4054
  43470.00    12.9583
  43480.00    12.9589
  43490.00    13.1889
  43500.00    12.5268
  43510.00    12.9912
  43520.00    12.8037
  43530.00    13.2978
  43540.00    12.6591
  43550.00    12.3472
  43560.00    13.0308
  43570.00    12.7147
  43580.00    12.7336
  43590.00    12.9229
  43600.00    12.6038
  43610.00    13.2616
  43620.00    12.7865
  43630.00    13.2103
  43640.00    13.0011
  43650.00    13.1727
  43660.00    12.7447
  43670.00    13.0225
  43680.00    12.7363
  43690.00    13.1587
  43700.00    12.6657
  43710.00    12.9697
  43720.00    12.8195
  43730.00    12.7911
  43740.00    12.9886
  43750.00    13.0839
  43760.00    13.2331
  43770.00    13.0452
  43780.00    13.5676
  43790.00    12.6704
  43800.00    13.0467
  43810.00    13.1624
  43820.00    12.9474
  43830.00    12.7207
  43840.00    12.7949
  43850.00    12.7528
  43860.00    12.8997
  43870.00    13.0155
  43880.00    12.9098
  43890.00    13.3483
  43900.00    12.5938
  43910.00    13.2806
  43920.00    12.9511
  43930.00    12.8907
  43940.00    13.1330
  43950.00    12.8716
  43960.00    13.1523
  43970.00    13.2529
  43980.00    13.0480
  43990.00    13.0903
  44000.00    13.2410
  44010.00    13.1889
  44020.00    13.5104
  44030.00    13.2925
  44040.00    13.0741
  44050.00    12.5722
  44060.00    13.1252
  44070.00    13.0843
  44080.00    13.0340
  44090.00    13.0446
  44100.00    13.1447
  44110.00    12.8400
  44120.00    13.0512
  44130.00    12.3805
  44140.00    13.0410
  44150.00    12.6529
  44160.00    12.5480
  44170.00    13.3609
  44180.00    12.9225
  44190.00    13.1621
  44200.00    12.6164
  44210.00    13.0951
  44220.00    13.4921
  44230.00    13.3632
  44240.00    12.9915
  44250.00    13.2163
  44260.00    13.0835
  44270.00    13.0602
  44280.00    12.6552
  44290.00    13.6198
  44300.00    13.1652
  44310.00    13.3767
  44320.00    12.7389
  44330.00    13.1366
  44340.00    12.9064
  44350.00    13.2290
  44360.00    12.7861
  44370.00    12.8296
  44380.00    12.9327
  44390.00    12.8689
  44400.00    12.8706
  44410.00    13.0059
  44420.00    12.7146
  44430.00    12.7120
  44440.00    12.9948
  44450.00    12.8177
  44460.00    12.9157
  44470.00    13.3331
  44480.00    12.5581
  44490.00    13.2702
  44500.00    12.6723
  44510.00    13.2928
  44520.00    12.6492
  44530.00    12.9296
  44540.00    13.1882
  44550.00    12.8524
  44560.00    12.9858
  44570.00    12.5503
  44580.00    12.7909
  44590.00    12.7412
  44600.00    12.4572
  44610.00    13.6340
  44620.00    12.9920
  44630.00    12.7336
  44640.00    12.4001
  44650.00    12.4749
  44660.00    12.7604
  44670.00    12.8883
  44680.00    12.9455
  44690.00    13.2837
  44700.00    12.9988
  44710.00    12.6323
  44720.00    12.9202
  44730.00    12.9224
  44740.00    12.7112
  44750.00    13.1730
  44760.00    13.2391
  44770.00    13.2440
  44780.00    12.9777
  44790.00    12.9488
  44800.00    12.9195
  44810.00    13.0832
  44820.00    12.8338
  44830.00    12.9765
  44840.00    13.0869
  44850.00    12.7630
  44860.00    13.2813
  44870.00    12.9977
  44880.00    13.0034
  44890.00    12.9209
  44900.00    13.1625
  44910.00    13.4467
  44920.00    12.8023
  44930.00    13.3892
  44940.00    12.7666
  44950.00    13.1035
  44960.00    12.8360
  44970.00    13.0231
  44980.00    12.7725
  44990.00    12.8648
  45000.00    12.7056
  45010.00    13.0041
  45020.00    12.9197
  45030.00    13.1648
  45040.00    12.5380
  45050.00    12.9392
  45060.00    13.4479
  45070.00    12.9305
  45080.00    13.2397
  45090.00    13.0662
  45100.00    12.7061
  45110.00    12.7289
  45120.00    13.2266
  45130.00    13.1509
  45140.00    13.3289
  45150.00    13.1785
  45160.00    12.7869
  45170.00    12.5200
  45180.00    13.2299
  45190.00    12.8963
  45200.00    12.5591
  45210.00    13.2241
  45220.00    13.2884
  45230.00    12.8441
  45240.00    13.1889
  45250.00    12.8104
  45260.00    13.2719
  45270.00    13.2332
  45280.00    13.0868
  45290.00    13.1938
  45300.00    12.6248
  45310.00    13.3177
  45320.00    12.8799
  45330.00    13.1209
  45340.00    12.5556
  45350.00    13.1165
  45360.00    13.1294
  45370.00    12.8095
  45380.00    13.1270
  45390.00    12.8383
  45400.00    13.0560
  45410.00    13.1963
  45420.00    12.9834
  45430.00    13.1467
  45440.00    12.8365
  45450.00    12.9297
  45460.00    12.3413
  45470.00    13.0670
  45480.00    13.2455
  45490.00    12.6824
  45500.00    12.8711
  45510.00    12.4543
  45520.00    12.7344
  45530.00    12.6333
  45540.00    13.1323
  45550.00    13.0979
  45560.00    13.0844
  45570.00    12.5589
  45580.00    12.1609
  45590.00    12.6843
  45600.00    12.6778
  45610.00    12.8037
  45620.00    12.9780
  45630.00    12.9489
  45640.00    13.1989
  45650.00    12.9721
  45660.00    12.6823
  45670.00    13.3912
  45680.00    12.2761
  45690.00    12.4097
  45700.00    12.9762
  45710.00    12.6945
  45720.00    12.9363
  45730.00    13.5340
  45740.00    13.0093
  45750.00    12.9694
  45760.00    12.9970
  45770.00    12.9106
  45780.00    13.0051
  45790.00    12.6871
  45800.00    12.8346
  45810.00    12.9379
  45820.00    13.3081
  45830.00    12.6372
  45840.00    13.7001
  45850.00    13.0712
  45860.00    13.0759
  45870.00    13.6013
  45880.00    13.1861
  45890.00    12.7778
  45900.00    13.0548
  45910.00    13.1403
  45920.00    13.4995
  45930.00    12.7456
  45940.00    12.6837
  45950.00    12.6427
  45960.00    13.0425
  45970.00    12.7336
  45980.00    12.8604
  45990.00    12.6082
  46000.00    13.0788
  46010.00    13.2262
  46020.00    12.7120
  46030.00    13.4435
  46040.00    13.2310
  46050.00    13.3470
  46060.00    13.5846
  46070.00    13.0747
  46080.00    13.3762
  46090.00    13.1924
  46100.00    12.9313
  46110.00    13.3733
  46120.00    13.6783
  46130.00    12.7696
  46140.00    12.8392
  46150.00    12.6177
  46160.00    13.2441
  46170.00    12.8746
  46180.00    12.7723
  46190.00    12.8081
  46200.00    13.5367
  46210.00    12.7965
  46220.00    12.6246
  46230.00    12.6693
  46240.00    13.1567
  46250.00    13.1150
  46260.00    13.2128
  46270.00    12.8272
  46280.00    12.9749
  46290.00    13.3177
  46300.00    12.9249
  46310.00    13.1510
  46320.00    13.6820
  46330.00    13.4013
  46340.00    13.2017
  46350.00    12.9822
  46360.00    12.9936
  46370.00    13.1489
  46380.00    13.0520
  46390.00    13.2011
  46400.00    13.6610
  46410.00    12.7432
  46420.00    12.6050
  46430.00    13.0507
  46440.00    12.6000
  46450.00    13.1585
  46460.00    13.6052
  46470.00    13.1979
  46480.00    12.9582
  46490.00    12.2763
  46500.00    13.4108
  46510.00    13.1898
  46520.00    12.9264
  46530.00    12.8049
  46540.00    12.4467
  46550.00    13.0648
  46560.00    12.8557
  46570.00    13.1645
  46580.00    13.6629
  46590.00    12.9613
  46600.00    13.1534
  46610.00    12.7277
  46620.00    12.7664
  46630.00    13.1028
  46640.00    12.7970
  46650.00    12.6758
  46660.00    13.3051
  46670.00    13.1319
  46680.00    12.9254
  46690.00    12.9228
  46700.00    13.0433
  46710.00    13.3053
  46720.00    13.5011
  46730.00    12.8076
  46740.00    12.8308
  46750.00    13.0415
  46760.00    12.7943
  46770.00    13.2687
  46780.00    13.4424
  46790.00    13.2017
  46800.00    12.9823
  46810.00    12.6758
  46820.00    12.6944
  46830.00    12.7793
  46840.00    12.7921
  46850.00    12.8021
  46860.00    12.8441
  46870.00    13.0530
  46880.00    12.8223
  46890.00    12.9854
  46900.00    12.9185
  46910.00    13.3863
  46920.00    12.8427
  46930.00    13.5386
  46940.00    12.9514
  46950.00    12.7531
  46960.00    12.9738
  46970.00    13.1369
  46980.00    12.6417
  46990.00    13.0458
  47000.00    12.8108
  47010.00    12.7557
  47020.00    12.7459
  47030.00    12.8447
  47040.00    13.1075
  47050.00    13.6630
  47060.00    13.3510
  47070.00    12.5574
  47080.00    12.5985
  47090.00    13.7636
  47100.00    13.0450
  47110.00    12.7278
  47120.00    12.5391
  47130.00    13.1033
  47140.00    12.8129
  47150.00    13.4244
  47160.00    12.5865
  47170.00    13.0699
  47180.00    13.1857
  47190.00    12.6397
  47200.00    12.8264
  47210.00    13.1677
  47220.00    13.3479
  47230.00    13.0895
  47240.00    13.1840
  47250.00    12.7353
  47260.00    13.1447
  47270.00    12.9721
  47280.00    12.6883
  47290.00    12.7469
  47300.00    12.5659
  47310.00    12.8744
  47320.00    12.6553
  47330.00    12.9014
  47340.00    13.2179
  47350.00    12.9713
  47360.00    12.7343
  47370.00    13.4578
  47380.00    12.3881
  47390.00    12.6237
  47400.00    13.1193
  47410.00    12.4988
  47420.00    13.2503
  47430.00    12.8245
  47440.00    12.8446
  47450.00    13.2939
  47460.00    12.6894
  47470.00    12.9545
  47480.00    13.1416
  47490.00    13.2244
  47500.00    13.1645
  47510.00    12.4911
  47520.00    13.0413
  47530.00    12.5972
  47540.00    12.8527
  47550.00    12.9999
  47560.00    12.6532
  47570.00    12.4694
  47580.00    12.6063
  47590.00    12.3762
  47600.00    12.7334
  47610.00    12.7015
  47620.00    13.0356
  47630.00    13.0817
  47640.00    13.0296
  47650.00    12.6417
  47660.00    13.1319
  47670.00    13.1630
  47680.00    12.6883
  47690.00    12.6552
  47700.00    13.3961
  47710.00    13.0835
  47720.00    13.1234
  47730.00    13.1256
  47740.00    13.0074
  47750.00    12.7585
  47760.00    12.6939
  47770.00    12.7662
  47780.00    13.2528
  47790.00    13.2211
  47800.00    12.7826
  47810.00    13.0859
  47820.00    12.5854
  47830.00    12.9501
  47840.00    13.4028
  47850.00    13.2398
  47860.00    13.0701
  47870.00    13.4981
  47880.00    12.7467
  47890.00    12.4621
  47900.00    13.0431
  47910.00    13.1375
  47920.00    12.7059
  47930.00    12.4407
  47940.00    13.0954
  47950.00    13.0475
  47960.00    12.8696
  47970.00    13.1001
  47980.00    12.5357
  47990.00    13.1670
  48000.00    12.7312
  48010.00    12.9342
  48020.00    13.4175
  48030.00    13.2444
  48040.00    12.5728
  48050.00    12.7325
  48060.00    13.2676
  48070.00    12.6733
  48080.00    12.6237
  48090.00    13.3383
  48100.00    13.3379
  48110.00    13.3067
  48120.00    13.1376
  48130.00    12.8319
  48140.00    12.4671
  48150.00    12.8898
  48160.00    12.7341
  48170.00    13.1063
  48180.00    12.6484
  48190.00    12.8562
  48200.00    13.0092
  48210.00    13.2601
  48220.00    13.3289
  48230.00    12.9385
  48240.00    12.7433
  48250.00    12.7771
  48260.00    12.5539
  48270.00    12.7456
  48280.00    13.1025
  48290.00    12.9538
  48300.00    13.4703
  48310.00    13.0936
  48320.00    12.8568
  48330.00    12.6753
  48340.00    12.9186
  48350.00    12.5837
  48360.00    13.0007
  48370.00    12.9602
  48380.00    12.5137
  48390.00    13.0338
  48400.00    12.7078
  48410.00    13.1587
  48420.00    12.7536
  48430.00    13.1144
  48440.00    12.9739
  48450.00    13.3628
  48460.00    12.9019
  48470.00    12.8165
  48480.00    12.8767
  48490.00    12.9391
  48500.00    12.6258
  48510.00    12.9493
  48520.00    13.4994
  48530.00    13.0667
  48540.00    13.2354
  48550.00    12.6697
  48560.00    12.8708
  48570.00    13.0755
  48580.00    12.6752
  48590.00    12.8483
  48600.00    12.7341
  48610.00    12.7281
  48620.00    12.6969
  48630.00    13.0890
  48640.00    12.8230
  48650.00    13.0246
  48660.00    12.7259
  48670.00    13.1154
  48680.00    13.0533
  48690.00    12.6521
  48700.00    12.9847
  48710.00    12.5606
  48720.00    12.9522
  48730.00    13.0360
  48740.00    12.7646
  48750.00    12.7914
  48760.00    12.6884
  48770.00    12.7122
  48780.00    12.9118
  48790.00    13.0181
  48800.00    13.1740
  48810.00    13.1061
  48820.00    13.1245
  48830.00    12.8576
  48840.00    13.1201
  48850.00    12.5938
  48860.00    12.5337
  48870.00    12.5414
  48880.00    12.7949
  48890.00    12.4351
  48900.00    12.8622
  48910.00    12.6582
  48920.00    12.7538
  48930.00    13.0778
  48940.00    12.4848
  48950.00    12.6518
  48960.00    13.3537
  48970.00    12.6652
  48980.00    12.9609
  48990.00    13.3022
  49000.00    12.4324
  49010.00    12.9276
  49020.00    12.9098
  49030.00    12.7584
  49040.00    12.8707
  49050.00    13.1931
  49060.00    12.6238
  49070.00    12.2498
  49080.00    12.8214
  49090.00    12.7664
  49100.00    12.7783
  49110.00    12.7872
  49120.00    13.1834
  49130.00    13.0018
  49140.00    13.1225
  49150.00    12.6571
  49160.00    12.7477
  49170.00    13.0764
  49180.00    12.7848
  49190.00    12.5639
  49200.00    12.6163
  49210.00    12.7099
  49220.00    13.0993
  49230.00    12.6397
  49240.00    12.9520
  49250.00    13.2163
  49260.00    13.0018
  49270.00    12.6742
  49280.00    12.3252
  49290.00    12.9398
  49300.00    12.8267
  49310.00    12.6237
  49320.00    12.8657
  49330.00    12.6770
  49340.00    12.2618
  49350.00    13.2043
  49360.00    13.0162
  49370.00    13.1892
  49380.00    12.9859
  49390.00    13.0234
  49400.00    12.6739
  49410.00    13.0021
  49420.00    13.2554
  49430.00    12.5845
  49440.00    12.5260
  49450.00    13.1347
  49460.00    12.7457
  49470.00    12.6234
  49480.00    13.0396
  49490.00    12.9112
  49500.00    12.6700
  49510.00    13.3088
  49520.00    13.1908
  49530.00    12.9564
  49540.00    13.1588
  49550.00    13.4447
  49560.00    12.4353
  49570.00    12.5963
  49580.00    12.5033
  49590.00    12.1712
  49600.00    12.5787
  49610.00    12.7804
  49620.00    12.8271
  49630.00    12.8737
  49640.00    12.9939
  49650.00    13.1313
  49660.00    12.3237
  49670.00    13.2493
  49680.00    12.7157
  49690.00    13.0643
  49700.00    12.7208
  49710.00    12.5194
  49720.00    12.7099
  49730.00    13.2290
  49740.00    13.1507
  49750.00    12.9228
  49760.00    13.2126
  49770.00    13.0583
  49780.00    12.9892
  49790.00    12.3680
  49800.00    12.9155
  49810.00    12.7268
  49820.00    12.9647
  49830.00    12.7412
  49840.00    13.1057
  49850.00    12.7593
  49860.00    12.9702
  49870.00    13.0166
  49880.00    13.3131
  49890.00    12.9597
  49900.00    13.1234
  49910.00    13.2568
  49920.00    13.7693
  49930.00    13.2518
  49940.00    13.2008
  49950.00    13.2734
  49960.00    12.9967
  49970.00    13.1123
  49980.00    13.5281
  49990.00    13.1405
  50000.00    13.2242
