     10.00   -16.9787
     20.00   -17.1522
     30.00   -17.0094
     40.00   -16.8003
     50.00   -16.1580
     60.00   -17.0884
     70.00   -17.1577
     80.00   -17.2061
     90.00   -16.4719
    100.00   -16.4215
    110.00   -17.0257
    120.00   -16.9987
    130.00   -17.2744
    140.00   -16.6396
    150.00   -16.8392
    160.00   -17.0599
    170.00   -17.0463
    180.00   -17.2940
    190.00   -16.6486
    200.00   -16.7801
    210.00   -16.4983
    220.00   -17.0029
    230.00   -16.8344
    240.00   -16.7729
    250.00   -16.8354
    260.00   -16.7853
    270.00   -17.0802
    280.00   -16.8139
    290.00   -16.8601
    300.00   -17.2117
    310.00   -16.7325
    320.00   -16.8338
    330.00   -16.8205
    340.00   -17.1939
    350.00   -16.8963
    360.00   -17.2503
    370.00   -17.0344
    380.00   -17.6327
    390.00   -17.1271
    400.00   -16.6981
    410.00   -17.0742
    420.00   -17.1178
    430.00   -17.6135
    440.00   -17.3326
    450.00   -17.2372
    460.00   -16.9061
    470.00   -16.9929
    480.00   -16.8988
    490.00   -17.1992
    500.00   -17.1259
    510.00   -17.1315
    520.00   -17.3073
    530.00   -16.3686
    540.00   -17.2426
    550.00   -16.9219
    560.00   -17.2352
    570.00   -16.8171
    580.00   -17.4879
    590.00   -16.6865
    600.00   -16.5528
    610.00   -17.7477
    620.00   -16.9395
    630.00   -17.2820
    640.00   -16.7207
    650.00   -17.1324
    660.00   -17.1178
    670.00   -17.4538
    680.00   -16.8911
    690.00   -17.1926
    700.00   -17.3224
    710.00   -16.9539
    720.00   -17.1476
    730.00   -17.3589
    740.00   -17.0965
    750.00   -17.9032
    760.00   -17.1738
    770.00   -17.3832
    780.00   -17.3114
    790.00   -17.1053
    800.00   -17.2017
    810.00   -16.7827
    820.00   -17.2575
    830.00   -16.7173
    840.00   -16.9244
    850.00   -17.0149
    860.00   -17.2441
    870.00   -17.3659
    880.00   -16.8340
    890.00   -17.2912
    900.00   -16.6034
    910.00   -16.9704
    920.00   -17.0688
    930.00   -17.3180
    940.00   -17.3649
    950.00   -17.2308
    960.00   -17.0498
    970.00   -17.2945
    980.00   -17.3534
    990.00   -16.8241
   1000.00   -16.4718
   1010.00   -17.1898
   1020.00   -16.9863
   1030.00   -17.1728
   1040.00   -17.6973
   1050.00   -16.8855
   1060.00   -16.9439
   1070.00   -17.2938
   1080.00   -17.0779
   1090.00   -16.9119
   1100.00   -16.9685
   1110.00   -17.1638
   1120.00   -16.8011
   1130.00   -16.9485
   1140.00   -16.9543
   1150.00   -17.2230
   1160.00   -17.1267
   1170.00   -17.3113
   1180.00   -16.8222
   1190.00   -17.2076
   1200.00   -17.4494
   1210.00   -16.6792
   1220.00   -17.0896
   1230.00   -16.7827
   1240.00   -17.3181
   1250.00   -17.1939
   1260.00   -17.3913
   1270.00   -17.0805
   1280.00   -17.3837
   1290.00   -17.0434
   1300.00   -17.2050
   1310.00   -16.5052
   1320.00   -16.7827
   1330.00   -17.3202
   1340.00   -16.5128
   1350.00   -17.4967
   1360.00   -17.3167
   1370.00   -17.2774
   1380.00   -17.0420
   1390.00   -16.8693
   1400.00   -17.2459
   1410.00   -16.9230
   1420.00   -16.6136
   1430.00   -16.9029
   1440.00   -17.4895
   1450.00   -17.3804
   1460.00   -17.3750
   1470.00   -16.8389
   1480.00   -16.5864
   1490.00   -16.9153
   1500.00   -16.7077
   1510.00   -17.1702
   1520.00   -17.8273
   1530.00   -17.7078
   1540.00   -17.5988
   1550.00   -16.8948
   1560.00   -17.2484
   1570.00   -16.8295
   1580.00   -17.0431
   1590.00   -17.0696
   1600.00   -17.0903
   1610.00   -16.8230
   1620.00   -16.9434
   1630.00   -17.0075
   1640.00   -16.9830
   1650.00   -16.9098
   1660.00   -17.0918
   1670.00   -16.6948
   1680.00   -17.1948
   1690.00   -17.2929
   1700.00   -17.5281
   1710.00   -17.4867
   1720.00   -16.9902
   1730.00   -16.9599
   1740.00   -16.9189
   1750.00   -17.3297
   1760.00   -16.8209
   1770.00   -17.1045
   1780.00   -16.9792
   1790.00   -17.7189
   1800.00   -17.1074
   1810.00   -16.6624
   1820.00   -17.2433
   1830.00   -17.0758
   1840.00   -16.9347
   1850.00   -16.8088
   1860.00   -16.9605
   1870.00   -17.1792
   1880.00   -17.1004
   1890.00   -17.2300
   1900.00   -16.5851
   1910.00   -16.6563
   1920.00   -16.9372
   1930.00   -17.4551
   1940.00   -16.9095
   1950.00   -17.5607
   1960.00   -16.8197
   1970.00   -16.6252
   1980.00   -16.9424
   1990.00   -17.4225
   2000.00   -16.8941
   2010.00   -17.1555
   2020.00   -16.9360
   2030.00   -17.0307
   2040.00   -17.6789
   2050.00   -16.5888
   2060.00   -16.4732
   2070.00   -17.4643
   2080.00   -17.3036
   2090.00   -17.3609
   2100.00   -16.8810
   2110.00   -17.4276
   2120.00   -17.1572
   2130.00   -17.6511
   2140.00   -17.0416
   2150.00   -17.3211
   2160.00   -17.0601
   2170.00   -16.9002
   2180.00   -16.9068
   2190.00   -16.9854
   2200.00   -16.8107
   2210.00   -16.6320
   2220.00   -17.0195
   2230.00   -17.1746
   2240.00   -17.0699
   2250.00   -16.8434
   2260.00   -16.7412
   2270.00   -16.8881
   2280.00   -17.1007
   2290.00   -17.4546
   2300.00   -17.0040
   2310.00   -17.4598
   2320.00   -17.2093
   2330.00   -17.4944
   2340.00   -16.8296
   2350.00   -17.3837
   2360.00   -17.0870
   2370.00   -17.6801
   2380.00   -17.3219
   2390.00   -17.5243
   2400.00   -17.1378
   2410.00   -16.7055
   2420.00   -17.5687
   2430.00   -16.8923
   2440.00   -17.1711
   2450.00   -17.4226
   2460.00   -17.2252
   2470.00   -16.8938
   2480.00   -17.3577
   2490.00   -16.5688
   2500.00   -16.7135
   2510.00   -16.3724
   2520.00   -17.6254
   2530.00   -17.4547
   2540.00   -17.0723
   2550.00   -17.2226
   2560.00   -17.1233
   2570.00   -16.6303
   2580.00   -17.3185
   2590.00   -16.8741
   2600.00   -16.6533
   2610.00   -17.3595
   2620.00   -17.2986
   2630.00   -17.2204
   2640.00   -17.4040
   2650.00   -16.8832
   2660.00   -17.0007
   2670.00   -16.9740
   2680.00   -17.0821
   2690.00   -17.0855
   2700.00   -17.6259
   2710.00   -17.2504
   2720.00   -16.5170
   2730.00   -17.1968
   2740.00   -17.4258
   2750.00   -16.8936
   2760.00   -17.2406
   2770.00   -16.7650
   2780.00   -16.5210
   2790.00   -16.3895
   2800.00   -17.1662
   2810.00   -16.7905
   2820.00   -16.8297
   2830.00   -16.6602
   2840.00   -16.8169
   2850.00   -17.0944
   2860.00   -16.8530
   2870.00   -17.4199
   2880.00   -16.8222
   2890.00   -17.2150
   2900.00   -16.9747
   2910.00   -17.0046
   2920.00   -16.6655
   2930.00   -17.0148
   2940.00   -16.8401
   2950.00   -17.6001
   2960.00   -17.1775
   2970.00   -17.2031
   2980.00   -17.1027
   2990.00   -16.9778
   3000.00   -17.2106
   3010.00   -16.9566
   3020.00   -16.8456
   3030.00   -16.9164
   3040.00   -17.5067
   3050.00   -17.4884
   3060.00   -17.3034
   3070.00   -16.8749
   3080.00   -16.7233
   3090.00   -17.0426
   3100.00   -16.7997
   3110.00   -17.2988
   3120.00   -17.4453
   3130.00   -17.2231
   3140.00   -16.6922
   3150.00   -17.3246
   3160.00   -17.2799
   3170.00   -16.9174
   3180.00   -16.8922
   3190.00   -16.6611
   3200.00   -16.9849
   3210.00   -17.0346
   3220.00   -17.3640
   3230.00   -17.1768
   3240.00   -16.8072
   3250.00   -16.6805
   3260.00   -16.7773
   3270.00   -16.6327
   3280.00   -16.7379
   3290.00   -17.2037
   3300.00   -17.0225
   3310.00   -17.5077
   3320.00   -17.4092
   3330.00   -16.8534
   3340.00   -16.8652
   3350.00   -16.8615
   3360.00   -16.8481
   3370.00   -17.2976
   3380.00   -17.0291
   3390.00   -16.8913
   3400.00   -16.7786
   3410.00   -17.0481
   3420.00   -16.9834
   3430.00   -16.9375
   3440.00   -17.1194
   3450.00   -16.9192
   3460.00   -17.7038
   3470.00   -16.7393
   3480.00   -17.0339
   3490.00   -17.0757
   3500.00   -17.0178
   3510.00   -16.9342
   3520.00   -17.0072
   3530.00   -16.8524
   3540.00   -17.2387
   3550.00   -16.9269
   3560.00   -16.7626
   3570.00   -17.0907
   3580.00   -16.9926
   3590.00   -17.0319
   3600.00   -17.0602
   3610.00   -17.4980
   3620.00   -16.9106
   3630.00   -17.2387
   3640.00   -17.1412
   3650.00   -17.0908
   3660.00   -16.8598
   3670.00   -16.9812
   3680.00   -17.0906
   3690.00   -17.1828
   3700.00   -17.4468
   3710.00   -17.2108
   3720.00   -17.0151
   3730.00   -16.8695
   3740.00   -17.0122
   3750.00   -17.2549
   3760.00   -17.1108
   3770.00   -17.1190
   3780.00   -17.3729
   3790.00   -16.8085
   3800.00   -17.1142
   3810.00   -17.4901
   3820.00   -16.9446
   3830.00   -17.2291
   3840.00   -17.3320
   3850.00   -16.8679
   3860.00   -16.7060
   3870.00   -17.0345
   3880.00   -17.0862
   3890.00   -16.4884
   3900.00   -17.2218
   3910.00   -16.9848
   3920.00   -16.7537
   3930.00   -17.0517
   3940.00   -16.9291
   3950.00   -16.8289
   3960.00   -17.3070
   3970.00   -17.4767
   3980.00   -17.0154
   3990.00   -17.4372
   4000.00   -16.7122
   4010.00   -17.0930
   4020.00   -17.0913
   4030.00   -17.2775
   4040.00   -17.2264
   4050.00   -16.9351
   4060.00   -17.4871
   4070.00   -16.9794
   4080.00   -17.4649
   4090.00   -16.9548
   4100.00   -17.0939
   4110.00   -17.1435
   4120.00   -17.4310
   4130.00   -17.4818
   4140.00   -17.3471
   4150.00   -17.2086
   4160.00   -16.9110
   4170.00   -17.2949
   4180.00   -16.3809
   4190.00   -17.1431
   4200.00   -17.2129
   4210.00   -16.6973
   4220.00   -17.4404
   4230.00   -17.3268
   4240.00   -17.5832
   4250.00   -17.2148
   4260.00   -16.9833
   4270.00   -17.0175
   4280.00   -16.9268
   4290.00   -17.1537
   4300.00   -16.7403
   4310.00   -16.9383
   4320.00   -16.7929
   4330.00   -17.0211
   4340.00   -16.8221
   4350.00   -17.4222
   4360.00   -16.7972
   4370.00   -16.5086
   4380.00   -17.1875
   4390.00   -16.8469
   4400.00   -16.5192
   4410.00   -17.0113
   4420.00   -17.1043
   4430.00   -16.8941
   4440.00   -16.8997
   4450.00   -17.0548
   4460.00   -16.6606
   4470.00   -17.7030
   4480.00   -17.8068
   4490.00   -16.8680
   4500.00   -16.7643
   4510.00   -17.2007
   4520.00   -17.0411
   4530.00   -16.9217
   4540.00   -16.8882
   4550.00   -17.0157
   4560.00   -16.9044
   4570.00   -16.9528
   4580.00   -16.8498
   4590.00   -16.4602
   4600.00   -16.6585
   4610.00   -17.1722
   4620.00   -17.2450
   4630.00   -16.8475
   4640.00   -17.1313
   4650.00   -16.7381
   4660.00   -17.1831
   4670.00   -17.5813
   4680.00   -17.3368
   4690.00   -17.4121
   4700.00   -16.8456
   4710.00   -17.4052
   4720.00   -17.3509
   4730.00   -17.2645
   4740.00   -17.2362
   4750.00   -16.9858
   4760.00   -16.9310
   4770.00   -16.8090
   4780.00   -16.9279
   4790.00   -16.4316
   4800.00   -16.9140
   4810.00   -16.8008
   4820.00   -17.3511
   4830.00   -16.9462
   4840.00   -17.0746
   4850.00   -16.8072
   4860.00   -16.9746
   4870.00   -17.1695
   4880.00   -17.1437
   4890.00   -17.1541
   4900.00   -17.1050
   4910.00   -17.0087
   4920.00   -17.3339
   4930.00   -16.4846
   4940.00   -16.8944
   4950.00   -17.2070
   4960.00   -17.1749
   4970.00   -17.5128
   4980.00   -16.7044
   4990.00   -16.6822
   5000.00   -16.6497
   5010.00   -17.0052
   5020.00   -17.4109
   5030.00   -17.1632
   5040.00   -17.2435
   5050.00   -17.3958
   5060.00   -17.2484
   5070.00   -17.2803
   5080.00   -17.3845
   5090.00   -17.0668
   5100.00   -16.6994
   5110.00   -17.3057
   5120.00   -16.9798
   5130.00   -16.9964
   5140.00   -16.6283
   5150.00   -16.8393
   5160.00   -17.1086
   5170.00   -16.7092
   5180.00   -16.8682
   5190.00   -16.6287
   5200.00   -16.8541
   5210.00   -16.7774
   5220.00   -16.8998
   5230.00   -16.7643
   5240.00   -16.7710
   5250.00   -16.4876
   5260.00   -17.1989
   5270.00   -17.1266
   5280.00   -17.4615
   5290.00   -17.4136
   5300.00   -16.9887
   5310.00   -16.7622
   5320.00   -16.7701
   5330.00   -16.7278
   5340.00   -16.9685
   5350.00   -16.9333
   5360.00   -17.4141
   5370.00   -16.9148
   5380.00   -17.6080
   5390.00   -17.2559
   5400.00   -17.1356
   5410.00   -17.4376
   5420.00   -17.0733
   5430.00   -17.3214
   5440.00   -17.4599
   5450.00   -16.9141
   5460.00   -17.0108
   5470.00   -16.7105
   5480.00   -16.3978
   5490.00   -17.1249
   5500.00   -17.0138
   5510.00   -16.9650
   5520.00   -17.0064
   5530.00   -16.3895
   5540.00   -17.1728
   5550.00   -16.5937
   5560.00   -16.7212
   5570.00   -17.2847
   5580.00   -17.2269
   5590.00   -16.7275
   5600.00   -17.2497
   5610.00   -17.2307
   5620.00   -17.1404
   5630.00   -16.9825
   5640.00   -16.7958
   5650.00   -16.9450
   5660.00   -16.8479
   5670.00   -16.8636
   5680.00   -16.8391
   5690.00   -16.5895
   5700.00   -17.3591
   5710.00   -16.7725
   5720.00   -17.0408
   5730.00   -17.1939
   5740.00   -16.7669
   5750.00   -17.2368
   5760.00   -17.1377
   5770.00   -16.7889
   5780.00   -17.2254
   5790.00   -17.5766
   5800.00   -16.6194
   5810.00   -17.1479
   5820.00   -16.9839
   5830.00   -16.8861
   5840.00   -16.6690
   5850.00   -17.4120
   5860.00   -17.3607
   5870.00   -17.1067
   5880.00   -17.7119
   5890.00   -16.9046
   5900.00   -17.0843
   5910.00   -17.2144
   5920.00   -17.1257
   5930.00   -17.1491
   5940.00   -17.1733
   5950.00   -16.6804
   5960.00   -17.2034
   5970.00   -16.8838
   5980.00   -17.1169
   5990.00   -17.0325
   6000.00   -17.2786
   6010.00   -17.4302
   6020.00   -16.9986
   6030.00   -17.1712
   6040.00   -17.3068
   6050.00   -16.6938
   6060.00   -17.1893
   6070.00   -16.8808
   6080.00   -16.5949
   6090.00   -17.2801
   6100.00   -17.3661
   6110.00   -17.8631
   6120.00   -16.7674
   6130.00   -16.9001
   6140.00   -16.9455
   6150.00   -16.4336
   6160.00   -16.6826
   6170.00   -16.8575
   6180.00   -16.9485
   6190.00   -17.1219
   6200.00   -17.4697
   6210.00   -17.0838
   6220.00   -16.7805
   6230.00   -17.0839
   6240.00   -16.7319
   6250.00   -16.5120
   6260.00   -17.2460
   6270.00   -17.0115
   6280.00   -17.3278
   6290.00   -17.3538
   6300.00   -16.9077
   6310.00   -17.1631
   6320.00   -17.2178
   6330.00   -16.8122
   6340.00   -17.0966
   6350.00   -16.6585
   6360.00   -16.9639
   6370.00   -16.6710
   6380.00   -17.0084
   6390.00   -17.3175
   6400.00   -17.0190
   6410.00   -17.5017
   6420.00   -17.1090
   6430.00   -17.8064
   6440.00   -17.1653
   6450.00   -17.2065
   6460.00   -17.1395
   6470.00   -17.3886
   6480.00   -17.4158
   6490.00   -16.7465
   6500.00   -17.1077
   6510.00   -16.8319
   6520.00   -17.2601
   6530.00   -17.4526
   6540.00   -17.4844
   6550.00   -17.4974
   6560.00   -17.1672
   6570.00   -17.3548
   6580.00   -17.2435
   6590.00   -16.9537
   6600.00   -17.2182
   6610.00   -17.0807
   6620.00   -17.1036
   6630.00   -16.9740
   6640.00   -17.2187
   6650.00   -17.3521
   6660.00   -16.9429
   6670.00   -16.4013
   6680.00   -16.5841
   6690.00   -17.6176
   6700.00   -16.8165
   6710.00   -17.1499
   6720.00   -17.2156
   6730.00   -17.1806
   6740.00   -16.6613
   6750.00   -16.7920
   6760.00   -17.3238
   6770.00   -17.1624
   6780.00   -16.7240
   6790.00   -17.1660
   6800.00   -17.0103
   6810.00   -16.9797
   6820.00   -16.5939
   6830.00   -17.3656
   6840.00   -17.0390
   6850.00   -16.9157
   6860.00   -16.5705
   6870.00   -16.7381
   6880.00   -16.8301
   6890.00   -16.9280
   6900.00   -16.8844
   6910.00   -17.6434
   6920.00   -17.7814
   6930.00   -16.9735
   6940.00   -17.0078
   6950.00   -17.6844
   6960.00   -16.8684
   6970.00   -16.9266
   6980.00   -16.4473
   6990.00   -17.4737
   7000.00   -17.0935
   7010.00   -16.8805
   7020.00   -17.0205
   7030.00   -16.5016
   7040.00   -16.6436
   7050.00   -16.5029
   7060.00   -16.9630
   7070.00   -16.7398
   7080.00   -17.4331
   7090.00   -17.2115
   7100.00   -17.1480
   7110.00   -17.0050
   7120.00   -17.2173
   7130.00   -17.3518
   7140.00   -17.2174
   7150.00   -16.7681
   7160.00   -16.8110
   7170.00   -17.3482
   7180.00   -17.2363
   7190.00   -17.5971
   7200.00   -17.0072
   7210.00   -17.5896
   7220.00   -17.3310
   7230.00   -17.0493
   7240.00   -16.7492
   7250.00   -16.6282
   7260.00   -16.7823
   7270.00   -17.3390
   7280.00   -16.9173
   7290.00   -17.1723
   7300.00   -17.0986
   7310.00   -17.5748
   7320.00   -17.6251
   7330.00   -17.0724
   7340.00   -16.7098
   7350.00   -17.0190
   7360.00   -17.2734
   7370.00   -16.6009
   7380.00   -17.4439
   7390.00   -17.0473
   7400.00   -17.0230
   7410.00   -17.1144
   7420.00   -17.1992
   7430.00   -17.4994
   7440.00   -17.6708
   7450.00   -17.3958
   7460.00   -17.1400
   7470.00   -17.4594
   7480.00   -17.4294
   7490.00   -17.3291
   7500.00   -17.2295
   7510.00   -17.3190
   7520.00   -17.1419
   7530.00   -17.3378
   7540.00   -17.5899
   7550.00   -16.3378
   7560.00   -16.7381
   7570.00   -17.7597
   7580.00   -17.6130
   7590.00   -17.6458
   7600.00   -17.2451
   7610.00   -17.5382
   7620.00   -17.5442
   7630.00   -16.8156
   7640.00   -17.1880
   7650.00   -17.0849
   7660.00   -16.7120
   7670.00   -17.0598
   7680.00   -16.5349
   7690.00   -17.3011
   7700.00   -17.6074
   7710.00   -16.8275
   7720.00   -17.1498
   7730.00   -17.3932
   7740.00   -17.0797
   7750.00   -16.9925
   7760.00   -17.3834
   7770.00   -17.4861
   7780.00   -17.3763
   7790.00   -17.2717
   7800.00   -16.9882
   7810.00   -17.1533
   7820.00   -17.2535
   7830.00   -17.1768
   7840.00   -17.1075
   7850.00   -16.9528
   7860.00   -17.1763
   7870.00   -17.1365
   7880.00   -16.7610
   7890.00   -17.0036
   7900.00   -16.9813
   7910.00   -16.9968
   7920.00   -16.9192
   7930.00   -17.1674
   7940.00   -17.0820
   7950.00   -17.0320
   7960.00   -17.1351
   7970.00   -17.0623
   7980.00   -16.6793
   7990.00   -16.9368
   8000.00   -16.9307
   8010.00   -16.6213
   8020.00   -17.1078
   8030.00   -17.2263
   8040.00   -17.0047
   8050.00   -16.6950
   8060.00   -17.8896
   8070.00   -17.0604
   8080.00   -16.7929
   8090.00   -17.1978
   8100.00   -17.1504
   8110.00   -16.3724
   8120.00   -16.4009
   8130.00   -16.5969
   8140.00   -16.9555
   8150.00   -16.3350
   8160.00   -17.0643
   8170.00   -17.3413
   8180.00   -17.0561
   8190.00   -16.7171
   8200.00   -16.7617
   8210.00   -17.1894
   8220.00   -17.3494
   8230.00   -16.9273
   8240.00   -17.2706
   8250.00   -17.1751
   8260.00   -16.8396
   8270.00   -17.1975
   8280.00   -16.9205
   8290.00   -17.0589
   8300.00   -16.9737
   8310.00   -16.6675
   8320.00   -16.9983
   8330.00   -16.8031
   8340.00   -17.0344
   8350.00   -17.1666
   8360.00   -17.2261
   8370.00   -16.6374
   8380.00   -16.9530
   8390.00   -17.3290
   8400.00   -16.8316
   8410.00   -17.4169
   8420.00   -16.4827
   8430.00   -16.6583
   8440.00   -17.2596
   8450.00   -16.9836
   8460.00   -17.1798
   8470.00   -16.6872
   8480.00   -16.9208
   8490.00   -17.2244
   8500.00   -17.1969
   8510.00   -16.6990
   8520.00   -17.6729
   8530.00   -17.2003
   8540.00   -16.8806
   8550.00   -16.8433
   8560.00   -17.3085
   8570.00   -17.3431
   8580.00   -17.3954
   8590.00   -16.7384
   8600.00   -16.8723
   8610.00   -17.2600
   8620.00   -17.3945
   8630.00   -17.4522
   8640.00   -17.3279
   8650.00   -16.6403
   8660.00   -17.6581
   8670.00   -17.2141
   8680.00   -16.8000
   8690.00   -16.7917
   8700.00   -17.1662
   8710.00   -16.7757
   8720.00   -17.1124
   8730.00   -16.9777
   8740.00   -16.5882
   8750.00   -16.4703
   8760.00   -16.9335
   8770.00   -17.0839
   8780.00   -17.4061
   8790.00   -16.6408
   8800.00   -17.0374
   8810.00   -17.1930
   8820.00   -17.2592
   8830.00   -16.9929
   8840.00   -17.2973
   8850.00   -16.8104
   8860.00   -17.2044
   8870.00   -16.8907
   8880.00   -16.8446
   8890.00   -16.7818
   8900.00   -16.9672
   8910.00   -17.0343
   8920.00   -17.1074
   8930.00   -17.0851
   8940.00   -16.8885
   8950.00   -17.5857
   8960.00   -17.6677
   8970.00   -17.1960
   8980.00   -16.8701
   8990.00   -17.5288
   9000.00   -17.2638
   9010.00   -17.3213
   9020.00   -17.2138
   9030.00   -17.1613
   9040.00   -17.0663
   9050.00   -17.6421
   9060.00   -17.0510
   9070.00   -16.8670
   9080.00   -17.2032
   9090.00   -17.6153
   9100.00   -16.6909
   9110.00   -17.0987
   9120.00   -16.7726
   9130.00   -17.4347
   9140.00   -17.1813
   9150.00   -17.3873
   9160.00   -17.0970
   9170.00   -16.5036
   9180.00   -16.8759
   9190.00   -17.1840
   9200.00   -17.0336
   9210.00   -16.6321
   9220.00   -17.1771
   9230.00   -16.9646
   9240.00   -17.3115
   9250.00   -17.2069
   9260.00   -16.9242
   9270.00   -16.8592
   9280.00   -16.9280
   9290.00   -17.4745
   9300.00   -16.9878
   9310.00   -17.2300
   9320.00   -16.5224
   9330.00   -16.9038
   9340.00   -17.2924
   9350.00   -16.8494
   9360.00   -16.8951
   9370.00   -17.0107
   9380.00   -16.7401
   9390.00   -17.5034
   9400.00   -17.4767
   9410.00   -16.9823
   9420.00   -17.2783
   9430.00   -16.7219
   9440.00   -17.5745
   9450.00   -17.5052
   9460.00   -17.6820
   9470.00   -17.1037
   9480.00   -16.9296
   9490.00   -17.0138
   9500.00   -16.7053
   9510.00   -17.2781
   9520.00   -16.9055
   9530.00   -16.9458
   9540.00   -17.5962
   9550.00   -17.1468
   9560.00   -17.3170
   9570.00   -17.0428
   9580.00   -16.5852
   9590.00   -16.5233
   9600.00   -17.1077
   9610.00   -17.0351
   9620.00   -16.9171
   9630.00   -17.5407
   9640.00   -17.4509
   9650.00   -16.9868
   9660.00   -17.0554
   9670.00   -17.4124
   9680.00   -17.1514
   9690.00   -17.5072
   9700.00   -17.3161
   9710.00   -17.2647
   9720.00   -16.8832
   9730.00   -16.9038
   9740.00   -17.0701
   9750.00   -16.9963
   9760.00   -16.9447
   9770.00   -16.7788
   9780.00   -17.4128
   9790.00   -17.1747
   9800.00   -16.5931
   9810.00   -17.0948
   9820.00   -17.1799
   9830.00   -17.0026
   9840.00   -16.7038
   9850.00   -17.5521
   9860.00   -16.8671
   9870.00   -17.5355
   9880.00   -17.0342
   9890.00   -17.2230
   9900.00   -16.8192
   9910.00   -17.1816
   9920.00   -17.1125
   9930.00   -17.1433
   9940.00   -17.3792
   9950.00   -17.0259
   9960.00   -17.1035
   9970.00   -17.1798
   9980.00   -17.0915
   9990.00   -17.2361
  10000.00   -17.0969
  10010.00   -17.1659
  10020.00   -16.8900
  10030.00   -16.7029
  10040.00   -16.9617
  10050.00   -17.0455
  10060.00   -17.1741
  10070.00   -16.5372
  10080.00   -16.9410
  10090.00   -17.5729
  10100.00   -17.4991
  10110.00   -16.9541
  10120.00   -17.2557
  10130.00   -16.6132
  10140.00   -16.8021
  10150.00   -17.5224
  10160.00   -16.9092
  10170.00   -16.9322
  10180.00   -16.7843
  10190.00   -17.1282
  10200.00   -17.0768
  10210.00   -16.7466
  10220.00   -16.7120
  10230.00   -16.9969
  10240.00   -17.1651
  10250.00   -16.9107
  10260.00   -16.9698
  10270.00   -16.8547
  10280.00   -17.0549
  10290.00   -17.2546
  10300.00   -16.8111
  10310.00   -17.0424
  10320.00   -16.8257
  10330.00   -16.9770
  10340.00   -16.7208
  10350.00   -17.2879
  10360.00   -17.1532
  10370.00   -17.1864
  10380.00   -16.7912
  10390.00   -16.8000
  10400.00   -17.2096
  10410.00   -17.1066
  10420.00   -16.6944
  10430.00   -16.7877
  10440.00   -17.1025
  10450.00   -17.2665
  10460.00   -17.1895
  10470.00   -17.3385
  10480.00   -16.8961
  10490.00   -16.8445
  10500.00   -17.6006
  10510.00   -17.1663
  10520.00   -17.2285
  10530.00   -17.7018
  10540.00   -17.3877
  10550.00   -17.2823
  10560.00   -16.9992
  10570.00   -17.7804
  10580.00   -17.2091
  10590.00   -16.6027
  10600.00   -17.2007
  10610.00   -16.6620
  10620.00   -16.8487
  10630.00   -17.0729
  10640.00   -16.6946
  10650.00   -17.2451
  10660.00   -17.0834
  10670.00   -16.9475
  10680.00   -16.9470
  10690.00   -17.1754
  10700.00   -16.6710
  10710.00   -16.7958
  10720.00   -16.0937
  10730.00   -17.3938
  10740.00   -16.8094
  10750.00   -16.9213
  10760.00   -16.8307
  10770.00   -16.9623
  10780.00   -17.4468
  10790.00   -17.0312
  10800.00   -17.4114
  10810.00   -16.9628
  10820.00   -17.0120
  10830.00   -16.7675
  10840.00   -17.6282
  10850.00   -17.5686
  10860.00   -16.8430
  10870.00   -17.0802
  10880.00   -17.4932
  10890.00   -16.6165
  10900.00   -17.1046
  10910.00   -17.0549
  10920.00   -17.3412
  10930.00   -16.9695
  10940.00   -17.3730
  10950.00   -17.2702
  10960.00   -17.3507
  10970.00   -16.9655
  10980.00   -17.3246
  10990.00   -16.9177
  11000.00   -17.2914
  11010.00   -17.4853
  11020.00   -17.1578
  11030.00   -17.0110
  11040.00   -17.6091
  11050.00   -17.3276
  11060.00   -17.2906
  11070.00   -16.9225
  11080.00   -17.0761
  11090.00   -17.0551
  11100.00   -17.2499
  11110.00   -17.2082
  11120.00   -16.9544
  11130.00   -16.7618
  11140.00   -16.6402
  11150.00   -16.8648
  11160.00   -16.8521
  11170.00   -17.7680
  11180.00   -17.4936
  11190.00   -16.6200
  11200.00   -17.0673
  11210.00   -16.9612
  11220.00   -16.5871
  11230.00   -17.2283
  11240.00   -17.1966
  11250.00   -16.7834
  11260.00   -17.4230
  11270.00   -16.8577
  11280.00   -17.3284
  11290.00   -16.7127
  11300.00   -16.8179
  11310.00   -16.3000
  11320.00   -17.2216
  11330.00   -17.2008
  11340.00   -16.7501
  11350.00   -17.6021
  11360.00   -17.0600
  11370.00   -17.0798
  11380.00   -16.7286
  11390.00   -17.0378
  11400.00   -16.6194
  11410.00   -17.0091
  11420.00   -17.0766
  11430.00   -17.4489
  11440.00   -16.4593
  11450.00   -16.9139
  11460.00   -17.3477
  11470.00   -16.8210
  11480.00   -17.5604
  11490.00   -16.4993
  11500.00   -16.9702
  11510.00   -17.1259
  11520.00   -17.2387
  11530.00   -17.3712
  11540.00   -17.1592
  11550.00   -17.0937
  11560.00   -16.7021
  11570.00   -16.8970
  11580.00   -17.2103
  11590.00   -17.3706
  11600.00   -17.4588
  11610.00   -17.0888
  11620.00   -17.3995
  11630.00   -17.1096
  11640.00   -17.2875
  11650.00   -17.6769
  11660.00   -17.3537
  11670.00   -17.3601
  11680.00   -16.8601
  11690.00   -17.3924
  11700.00   -16.9081
  11710.00   -17.0881
  11720.00   -17.6005
  11730.00   -17.0952
  11740.00   -16.8540
  11750.00   -16.9045
  11760.00   -16.6813
  11770.00   -16.8302
  11780.00   -16.5457
  11790.00   -16.6181
  11800.00   -16.7332
  11810.00   -17.1502
  11820.00   -16.8727
  11830.00   -16.6522
  11840.00   -16.6929
  11850.00   -16.7803
  11860.00   -16.9907
  11870.00   -16.7208
  11880.00   -16.9136
  11890.00   -16.5293
  11900.00   -17.1815
  11910.00   -17.3150
  11920.00   -16.9923
  11930.00   -17.2789
  11940.00   -16.9108
  11950.00   -16.8970
  11960.00   -17.1303
  11970.00   -17.4227
  11980.00   -16.9100
  11990.00   -16.9767
  12000.00   -17.2236
  12010.00   -17.0856
  12020.00   -16.8654
  12030.00   -17.1118
  12040.00   -16.6552
  12050.00   -16.9698
  12060.00   -17.2521
  12070.00   -17.1764
  12080.00   -16.7468
  12090.00   -16.6122
  12100.00   -16.7004
  12110.00   -16.9563
  12120.00   -16.9183
  12130.00   -17.2849
  12140.00   -16.9222
  12150.00   -16.6346
  12160.00   -17.2133
  12170.00   -17.0704
  12180.00   -17.4651
  12190.00   -17.5809
  12200.00   -16.8002
  12210.00   -17.1289
  12220.00   -16.9991
  12230.00   -17.1889
  12240.00   -16.9695
  12250.00   -17.1864
  12260.00   -16.8697
  12270.00   -17.1713
  12280.00   -17.1931
  12290.00   -17.2889
  12300.00   -17.2116
  12310.00   -17.0619
  12320.00   -16.6557
  12330.00   -16.2758
  12340.00   -17.4859
  12350.00   -17.2376
  12360.00   -17.1083
  12370.00   -17.3786
  12380.00   -16.7929
  12390.00   -16.9051
  12400.00   -17.4705
  12410.00   -17.1651
  12420.00   -16.9525
  12430.00   -16.6568
  12440.00   -17.7527
  12450.00   -16.9647
  12460.00   -17.4684
  12470.00   -16.7132
  12480.00   -16.6925
  12490.00   -16.8001
  12500.00   -16.8515
  12510.00   -17.2919
  12520.00   -17.0690
  12530.00   -16.6844
  12540.00   -17.6746
  12550.00   -17.6422
  12560.00   -16.9455
  12570.00   -17.1320
  12580.00   -17.3112
  12590.00   -17.1669
  12600.00   -17.0966
  12610.00   -16.9337
  12620.00   -17.0107
  12630.00   -16.7911
  12640.00   -16.7622
  12650.00   -17.1563
  12660.00   -17.2037
  12670.00   -16.7017
  12680.00   -16.7079
  12690.00   -16.8156
  12700.00   -17.0101
  12710.00   -16.9284
  12720.00   -16.9154
  12730.00   -17.2255
  12740.00   -17.1457
  12750.00   -17.2006
  12760.00   -17.0121
  12770.00   -17.0827
  12780.00   -17.1297
  12790.00   -17.2209
  12800.00   -17.1838
  12810.00   -16.9217
  12820.00   -16.5451
  12830.00   -17.1617
  12840.00   -17.2471
  12850.00   -17.1199
  12860.00   -17.0966
  12870.00   -17.5532
  12880.00   -17.0460
  12890.00   -16.9250
  12900.00   -17.6202
  12910.00   -17.1186
  12920.00   -17.0163
  12930.00   -16.9390
  12940.00   -17.2677
  12950.00   -17.0546
  12960.00   -16.7231
  12970.00   -16.7437
  12980.00   -16.6734
  12990.00   -16.3365
  13000.00   -17.0906
  13010.00   -17.0839
  13020.00   -17.2029
  13030.00   -16.8093
  13040.00   -16.6207
  13050.00   -16.7829
  13060.00   -17.0318
  13070.00   -16.7786
  13080.00   -16.6377
  13090.00   -17.1150
  13100.00   -17.0515
  13110.00   -17.2140
  13120.00   -17.4323
  13130.00   -17.1495
  13140.00   -17.4154
  13150.00   -16.9201
  13160.00   -17.6710
  13170.00   -16.9923
  13180.00   -17.4468
  13190.00   -16.6603
  13200.00   -17.1597
  13210.00   -17.1866
  13220.00   -17.1083
  13230.00   -16.9406
  13240.00   -16.9234
  13250.00   -17.2711
  13260.00   -17.1841
  13270.00   -17.4273
  13280.00   -17.1073
  13290.00   -16.6983
  13300.00   -17.0412
  13310.00   -17.1369
  13320.00   -17.2303
  13330.00   -16.6949
  13340.00   -17.0480
  13350.00   -17.2350
  13360.00   -17.6848
  13370.00   -17.3157
  13380.00   -17.4979
  13390.00   -16.4626
  13400.00   -16.8141
  13410.00   -17.0559
  13420.00   -16.7018
  13430.00   -17.0136
  13440.00   -17.3601
  13450.00   -17.1283
  13460.00   -17.1400
  13470.00   -16.8901
  13480.00   -16.8478
  13490.00   -17.7066
  13500.00   -16.8918
  13510.00   -17.1717
  13520.00   -16.8418
  13530.00   -16.8138
  13540.00   -17.0320
  13550.00   -16.9323
  13560.00   -16.7694
  13570.00   -16.4249
  13580.00   -16.5001
  13590.00   -16.9665
  13600.00   -16.4776
  13610.00   -17.2318
  13620.00   -16.9472
  13630.00   -17.0608
  13640.00   -17.2174
  13650.00   -16.8718
  13660.00   -17.3953
  13670.00   -17.5563
  13680.00   -17.2730
  13690.00   -17.0027
  13700.00   -17.2576
  13710.00   -17.2711
  13720.00   -17.3291
  13730.00   -17.3357
  13740.00   -17.2646
  13750.00   -17.4277
  13760.00   -17.1001
  13770.00   -17.0394
  13780.00   -17.1686
  13790.00   -17.2823
  13800.00   -17.1131
  13810.00   -17.1946
  13820.00   -17.4515
  13830.00   -16.8674
  13840.00   -17.4768
  13850.00   -17.1009
  13860.00   -17.5964
  13870.00   -17.7216
  13880.00   -17.2352
  13890.00   -17.1671
  13900.00   -17.0437
  13910.00   -16.6745
  13920.00   -16.8550
  13930.00   -16.5698
  13940.00   -16.9878
  13950.00   -17.1796
  13960.00   -16.9959
  13970.00   -17.3679
  13980.00   -16.6074
  13990.00   -16.7328
  14000.00   -16.8168
  14010.00   -17.0862
  14020.00   -16.9995
  14030.00   -17.1660
  14040.00   -17.2114
  14050.00   -16.8894
  14060.00   -16.9261
  14070.00   -16.8697
  14080.00   -17.0916
  14090.00   -16.9974
  14100.00   -17.5382
  14110.00   -17.1836
  14120.00   -17.2251
  14130.00   -17.1290
  14140.00   -16.9432
  14150.00   -16.8921
  14160.00   -16.7861
  14170.00   -16.8343
  14180.00   -16.8950
  14190.00   -17.5927
  14200.00   -17.0171
  14210.00   -16.9689
  14220.00   -16.9238
  14230.00   -17.2813
  14240.00   -17.2475
  14250.00   -17.2182
  14260.00   -17.3892
  14270.00   -17.4737
  14280.00   -17.0117
  14290.00   -17.0625
  14300.00   -16.5810
  14310.00   -17.0240
  14320.00   -16.9692
  14330.00   -17.0822
  14340.00   -17.1459
  14350.00   -17.0652
  14360.00   -16.9979
  14370.00   -16.8990
  14380.00   -16.6175
  14390.00   -16.5286
  14400.00   -16.5866
  14410.00   -16.7995
  14420.00   -16.9743
  14430.00   -16.9092
  14440.00   -17.1079
  14450.00   -17.3701
  14460.00   -17.0830
  14470.00   -16.9197
  14480.00   -16.9104
  14490.00   -17.2751
  14500.00   -17.3095
  14510.00   -17.1766
  14520.00   -16.6140
  14530.00   -17.0025
  14540.00   -16.9742
  14550.00   -17.0946
  14560.00   -16.8789
  14570.00   -17.2556
  14580.00   -17.2655
  14590.00   -17.3069
  14600.00   -16.9518
  14610.00   -16.6792
  14620.00   -16.7362
  14630.00   -16.7819
  14640.00   -17.0333
  14650.00   -17.1049
  14660.00   -17.1214
  14670.00   -17.2142
  14680.00   -16.0396
  14690.00   -16.8515
  14700.00   -16.6117
  14710.00   -16.9516
  14720.00   -17.7485
  14730.00   -16.6047
  14740.00   -17.5147
  14750.00   -17.0929
  14760.00   -17.1346
  14770.00   -17.3602
  14780.00   -17.2989
  14790.00   -17.1700
  14800.00   -17.0489
  14810.00   -16.9503
  14820.00   -16.9738
  14830.00   -17.0353
  14840.00   -17.1905
  14850.00   -17.4103
  14860.00   -17.0661
  14870.00   -16.8926
  14880.00   -17.4106
  14890.00   -17.2482
  14900.00   -16.8606
  14910.00   -17.2131
  14920.00   -17.1465
  14930.00   -17.0945
  14940.00   -17.1157
  14950.00   -17.4258
  14960.00   -17.0733
  14970.00   -17.0810
  14980.00   -16.8676
  14990.00   -16.9950
  15000.00   -16.9836
  15010.00   -16.8137
  15020.00   -16.7158
  15030.00   -16.8152
  15040.00   -17.0471
  15050.00   -17.4054
  15060.00   -16.8239
  15070.00   -16.9090
  15080.00   -17.0385
  15090.00   -17.3039
  15100.00   -17.2907
  15110.00   -17.2256
  15120.00   -17.3931
  15130.00   -17.0025
  15140.00   -16.3449
  15150.00   -16.5509
  15160.00   -17.0854
  15170.00   -16.8425
  15180.00   -16.6392
  15190.00   -16.6530
  15200.00   -17.0266
  15210.00   -16.7211
  15220.00   -17.2041
  15230.00   -16.8299
  15240.00   -17.1974
  15250.00   -16.8853
  15260.00   -17.1176
  15270.00   -16.7900
  15280.00   -16.3689
  15290.00   -17.5967
  15300.00   -16.9940
  15310.00   -17.5512
  15320.00   -16.6797
  15330.00   -16.7803
  15340.00   -17.3747
  15350.00   -16.8447
  15360.00   -17.0421
  15370.00   -16.3497
  15380.00   -17.1813
  15390.00   -16.8154
  15400.00   -16.5490
  15410.00   -16.9953
  15420.00   -17.2389
  15430.00   -16.9716
  15440.00   -17.2368
  15450.00   -17.0136
  15460.00   -16.5551
  15470.00   -17.2272
  15480.00   -16.9961
  15490.00   -17.6304
  15500.00   -17.1474
  15510.00   -16.9302
  15520.00   -17.0077
  15530.00   -17.2126
  15540.00   -16.9603
  15550.00   -17.2391
  15560.00   -16.6732
  15570.00   -16.9246
  15580.00   -17.2325
  15590.00   -16.5268
  15600.00   -16.9794
  15610.00   -17.2888
  15620.00   -17.0222
  15630.00   -16.8135
  15640.00   -17.1312
  15650.00   -16.3247
  15660.00   -17.3189
  15670.00   -17.1323
  15680.00   -17.0600
  15690.00   -16.7271
  15700.00   -17.0821
  15710.00   -17.0264
  15720.00   -16.6898
  15730.00   -17.1736
  15740.00   -17.2398
  15750.00   -17.4825
  15760.00   -17.4328
  15770.00   -16.8260
  15780.00   -17.3158
  15790.00   -16.6638
  15800.00   -16.8004
  15810.00   -17.2137
  15820.00   -16.5853
  15830.00   -17.0479
  15840.00   -17.0790
  15850.00   -17.1887
  15860.00   -17.1739
  15870.00   -17.0739
  15880.00   -17.1474
  15890.00   -17.1855
  15900.00   -16.7102
  15910.00   -17.1126
  15920.00   -17.1027
  15930.00   -17.1553
  15940.00   -17.2052
  15950.00   -17.2526
  15960.00   -17.1821
  15970.00   -16.7614
  15980.00   -17.5000
  15990.00   -17.2434
  16000.00   -16.8415
  16010.00   -17.2036
  16020.00   -17.4122
  16030.00   -16.6863
  16040.00   -16.7394
  16050.00   -17.7841
  16060.00   -16.9323
  16070.00   -16.9308
  16080.00   -16.9664
  16090.00   -16.9905
  16100.00   -16.9950
  16110.00   -16.7942
  16120.00   -16.9954
  16130.00   -17.3549
  16140.00   -16.9777
  16150.00   -17.4649
  16160.00   -17.3253
  16170.00   -17.4623
  16180.00   -17.0135
  16190.00   -18.0526
  16200.00   -17.0743
  16210.00   -17.0402
  16220.00   -17.4901
  16230.00   -17.3872
  16240.00   -16.7146
  16250.00   -17.2493
  16260.00   -17.7745
  16270.00   -16.8633
  16280.00   -16.9891
  16290.00   -17.2238
  16300.00   -16.7978
  16310.00   -17.0187
  16320.00   -17.2584
  16330.00   -17.3361
  16340.00   -17.0782
  16350.00   -17.3278
  16360.00   -17.1639
  16370.00   -17.6431
  16380.00   -16.8038
  16390.00   -17.3053
  16400.00   -17.3938
  16410.00   -17.0385
  16420.00   -17.4956
  16430.00   -17.0788
  16440.00   -17.1577
  16450.00   -17.4409
  16460.00   -16.9772
  16470.00   -17.0483
  16480.00   -17.5586
  16490.00   -16.8389
  16500.00   -17.5255
  16510.00   -17.0939
  16520.00   -17.0875
  16530.00   -17.0350
  16540.00   -17.8064
  16550.00   -17.5734
  16560.00   -16.8734
  16570.00   -17.0793
  16580.00   -17.2577
  16590.00   -16.7272
  16600.00   -17.3255
  16610.00   -17.4968
  16620.00   -17.2995
  16630.00   -16.9072
  16640.00   -16.4741
  16650.00   -17.2297
  16660.00   -16.9964
  16670.00   -17.0063
  16680.00   -16.8280
  16690.00   -16.9219
  16700.00   -16.6855
  16710.00   -16.6897
  16720.00   -16.9572
  16730.00   -16.8929
  16740.00   -17.2730
  16750.00   -17.3862
  16760.00   -17.0533
  16770.00   -16.8712
  16780.00   -17.1196
  16790.00   -16.7701
  16800.00   -17.2499
  16810.00   -17.8453
  16820.00   -17.1976
  16830.00   -17.2536
  16840.00   -17.2310
  16850.00   -17.5102
  16860.00   -17.4574
  16870.00   -17.2382
  16880.00   -16.9644
  16890.00   -16.9138
  16900.00   -16.8149
  16910.00   -17.0584
  16920.00   -16.9977
  16930.00   -16.8978
  16940.00   -17.0232
  16950.00   -16.6802
  16960.00   -17.2563
  16970.00   -16.9540
  16980.00   -16.8585
  16990.00   -17.1644
  17000.00   -17.0334
  17010.00   -16.6049
  17020.00   -17.5590
  17030.00   -16.9977
  17040.00   -17.3898
  17050.00   -17.0239
  17060.00   -17.5683
  17070.00   -17.0955
  17080.00   -16.5068
  17090.00   -16.9809
  17100.00   -16.8150
  17110.00   -17.1595
  17120.00   -17.0075
  17130.00   -17.2101
  17140.00   -17.3681
  17150.00   -16.8051
  17160.00   -16.9912
  17170.00   -17.0037
  17180.00   -17.0646
  17190.00   -17.1257
  17200.00   -17.2929
  17210.00   -16.8439
  17220.00   -16.9911
  17230.00   -17.1466
  17240.00   -16.8445
  17250.00   -17.0904
  17260.00   -16.8745
  17270.00   -17.5195
  17280.00   -16.9593
  17290.00   -16.7211
  17300.00   -16.8774
  17310.00   -17.4259
  17320.00   -16.9535
  17330.00   -17.1515
  17340.00   -16.8775
  17350.00   -16.8375
  17360.00   -17.1149
  17370.00   -17.1509
  17380.00   -17.1388
  17390.00   -17.2068
  17400.00   -17.1578
  17410.00   -17.0184
  17420.00   -17.2987
  17430.00   -17.1455
  17440.00   -17.2042
  17450.00   -17.2474
  17460.00   -16.9451
  17470.00   -17.0402
  17480.00   -17.0864
  17490.00   -17.2301
  17500.00   -17.2713
  17510.00   -17.4693
  17520.00   -17.1338
  17530.00   -17.5061
  17540.00   -16.6722
  17550.00   -16.8778
  17560.00   -17.2375
  17570.00   -16.9511
  17580.00   -17.0031
  17590.00   -17.1156
  17600.00   -17.1610
  17610.00   -17.0481
  17620.00   -17.3068
  17630.00   -17.2072
  17640.00   -17.0213
  17650.00   -16.8662
  17660.00   -16.8229
  17670.00   -16.6285
  17680.00   -16.7001
  17690.00   -17.0641
  17700.00   -16.9605
  17710.00   -17.0041
  17720.00   -16.8702
  17730.00   -17.2889
  17740.00   -17.0427
  17750.00   -16.9412
  17760.00   -17.4279
  17770.00   -17.0579
  17780.00   -16.7850
  17790.00   -17.3017
  17800.00   -17.2083
  17810.00   -16.5844
  17820.00   -16.8989
  17830.00   -16.9109
  17840.00   -16.7050
  17850.00   -17.2585
  17860.00   -17.2689
  17870.00   -17.1203
  17880.00   -17.0532
  17890.00   -17.2769
  17900.00   -16.8819
  17910.00   -16.8868
  17920.00   -16.9124
  17930.00   -16.9881
  17940.00   -16.5351
  17950.00   -17.0444
  17960.00   -17.0605
  17970.00   -16.3954
  17980.00   -17.0922
  17990.00   -16.8938
  18000.00   -17.0001
  18010.00   -17.1361
  18020.00   -17.2648
  18030.00   -17.3495
  18040.00   -17.0402
  18050.00   -17.5330
  18060.00   -16.7125
  18070.00   -17.2377
  18080.00   -16.7324
  18090.00   -17.0060
  18100.00   -17.3578
  18110.00   -17.0235
  18120.00   -17.2960
  18130.00   -16.6044
  18140.00   -16.6836
  18150.00   -17.4186
  18160.00   -16.8141
  18170.00   -17.0041
  18180.00   -16.8109
  18190.00   -16.6797
  18200.00   -16.6273
  18210.00   -16.8468
  18220.00   -16.7577
  18230.00   -17.0944
  18240.00   -16.8350
  18250.00   -16.9676
  18260.00   -17.3181
  18270.00   -17.6174
  18280.00   -16.6840
  18290.00   -16.9206
  18300.00   -16.8934
  18310.00   -16.8748
  18320.00   -16.6194
  18330.00   -16.4923
  18340.00   -16.9516
  18350.00   -16.5506
  18360.00   -16.7787
  18370.00   -17.0366
  18380.00   -16.9568
  18390.00   -17.3184
  18400.00   -16.8937
  18410.00   -16.8297
  18420.00   -17.0269
  18430.00   -16.9042
  18440.00   -17.2506
  18450.00   -17.2988
  18460.00   -17.0621
  18470.00   -16.8009
  18480.00   -17.0291
  18490.00   -17.2444
  18500.00   -16.8479
  18510.00   -17.2784
  18520.00   -17.2432
  18530.00   -17.2852
  18540.00   -16.7933
  18550.00   -17.4738
  18560.00   -16.9980
  18570.00   -16.9713
  18580.00   -17.1825
  18590.00   -17.4704
  18600.00   -16.6566
  18610.00   -16.5807
  18620.00   -16.5473
  18630.00   -16.8953
  18640.00   -17.1883
  18650.00   -16.8356
  18660.00   -16.9806
  18670.00   -17.1235
  18680.00   -17.2942
  18690.00   -17.2118
  18700.00   -17.3594
  18710.00   -17.4194
  18720.00   -16.8734
  18730.00   -17.0831
  18740.00   -16.9545
  18750.00   -17.0417
  18760.00   -16.9385
  18770.00   -16.5427
  18780.00   -17.1856
  18790.00   -16.8514
  18800.00   -17.1044
  18810.00   -16.9099
  18820.00   -17.0504
  18830.00   -16.9592
  18840.00   -16.7041
  18850.00   -16.6760
  18860.00   -16.8915
  18870.00   -16.9256
  18880.00   -17.2934
  18890.00   -16.9379
  18900.00   -17.4293
  18910.00   -17.0436
  18920.00   -17.5717
  18930.00   -16.5520
  18940.00   -17.1980
  18950.00   -17.1724
  18960.00   -17.2892
  18970.00   -17.3306
  18980.00   -16.9417
  18990.00   -17.2677
  19000.00   -17.2908
  19010.00   -17.0858
  19020.00   -16.9771
  19030.00   -17.0455
  19040.00   -16.9443
  19050.00   -17.5103
  19060.00   -17.2566
  19070.00   -17.7424
  19080.00   -17.1145
  19090.00   -16.6967
  19100.00   -16.8805
  19110.00   -17.0522
  19120.00   -17.1845
  19130.00   -16.8261
  19140.00   -16.8429
  19150.00   -16.9595
  19160.00   -16.9667
  19170.00   -16.9493
  19180.00   -17.1065
  19190.00   -17.0151
  19200.00   -17.3155
  19210.00   -17.0987
  19220.00   -17.2222
  19230.00   -17.1563
  19240.00   -16.9474
  19250.00   -16.9898
  19260.00   -17.3011
  19270.00   -16.9623
  19280.00   -17.3215
  19290.00   -16.7652
  19300.00   -17.0006
  19310.00   -17.7780
  19320.00   -16.8889
  19330.00   -16.9758
  19340.00   -17.0818
  19350.00   -17.0547
  19360.00   -16.8523
  19370.00   -17.2149
  19380.00   -16.9214
  19390.00   -16.6717
  19400.00   -16.7585
  19410.00   -16.8675
  19420.00   -16.9352
  19430.00   -17.0537
  19440.00   -16.7872
  19450.00   -16.9663
  19460.00   -17.3414
  19470.00   -17.6075
  19480.00   -17.0167
  19490.00   -16.4762
  19500.00   -17.2993
  19510.00   -16.8646
  19520.00   -16.7590
  19530.00   -16.7463
  19540.00   -16.5854
  19550.00   -17.0379
  19560.00   -17.0163
  19570.00   -17.1063
  19580.00   -17.3295
  19590.00   -17.0032
  19600.00   -17.4707
  19610.00   -17.2648
  19620.00   -17.4554
  19630.00   -16.8067
  19640.00   -17.3697
  19650.00   -16.9893
  19660.00   -17.2826
  19670.00   -16.8069
  19680.00   -17.1238
  19690.00   -16.3510
  19700.00   -17.2059
  19710.00   -16.9084
  19720.00   -16.6234
  19730.00   -17.2565
  19740.00   -17.3919
  19750.00   -17.1019
  19760.00   -17.1226
  19770.00   -16.8674
  19780.00   -17.0124
  19790.00   -17.5234
  19800.00   -17.4544
  19810.00   -17.0188
  19820.00   -17.0719
  19830.00   -17.3966
  19840.00   -17.4923
  19850.00   -17.1192
  19860.00   -17.6964
  19870.00   -17.0684
  19880.00   -17.3347
  19890.00   -17.1281
  19900.00   -16.9590
  19910.00   -17.2767
  19920.00   -17.3233
  19930.00   -17.3831
  19940.00   -16.9673
  19950.00   -17.3148
  19960.00   -17.4803
  19970.00   -17.1506
  19980.00   -16.7876
  19990.00   -16.9169
  20000.00   -17.5271
  20010.00   -16.7041
  20020.00   -16.9242
  20030.00   -16.5874
  20040.00   -17.2047
  20050.00   -16.8039
  20060.00   -17.3330
  20070.00   -16.5451
  20080.00   -17.4028
  20090.00   -17.0789
  20100.00   -16.8527
  20110.00   -17.3890
  20120.00   -16.9598
  20130.00   -16.9357
  20140.00   -17.4931
  20150.00   -17.6094
  20160.00   -17.4410
  20170.00   -16.8006
  20180.00   -16.8998
  20190.00   -17.0548
  20200.00   -16.9867
  20210.00   -17.2642
  20220.00   -16.9266
  20230.00   -17.2506
  20240.00   -16.8581
  20250.00   -16.6492
  20260.00   -17.4719
  20270.00   -17.0035
  20280.00   -16.9049
  20290.00   -16.8373
  20300.00   -17.3282
  20310.00   -16.5146
  20320.00   -17.1070
  20330.00   -17.0071
  20340.00   -16.5613
  20350.00   -16.8806
  20360.00   -17.2093
  20370.00   -17.7935
  20380.00   -17.0250
  20390.00   -17.1637
  20400.00   -17.1765
  20410.00   -17.1500
  20420.00   -16.8777
  20430.00   -17.1367
  20440.00   -17.1809
  20450.00   -17.1801
  20460.00   -17.1161
  20470.00   -17.3866
  20480.00   -17.2681
  20490.00   -16.9607
  20500.00   -16.9047
  20510.00   -16.9694
  20520.00   -17.2549
  20530.00   -17.3848
  20540.00   -16.9226
  20550.00   -17.2499
  20560.00   -16.7785
  20570.00   -16.8225
  20580.00   -17.3022
  20590.00   -16.7847
  20600.00   -17.2996
  20610.00   -17.2926
  20620.00   -17.0719
  20630.00   -16.9939
  20640.00   -17.0418
  20650.00   -17.2953
  20660.00   -17.1707
  20670.00   -16.9296
  20680.00   -17.8439
  20690.00   -17.2955
  20700.00   -17.0565
  20710.00   -16.8458
  20720.00   -16.9448
  20730.00   -16.6967
  20740.00   -16.9253
  20750.00   -17.6226
  20760.00   -17.0686
  20770.00   -17.0881
  20780.00   -17.1571
  20790.00   -16.9492
  20800.00   -16.8413
  20810.00   -17.4577
  20820.00   -16.7519
  20830.00   -17.0963
  20840.00   -16.7900
  20850.00   -16.5566
  20860.00   -17.4133
  20870.00   -17.2439
  20880.00   -17.0206
  20890.00   -17.4059
  20900.00   -17.0363
  20910.00   -17.4083
  20920.00   -17.0758
  20930.00   -17.5656
  20940.00   -16.9068
  20950.00   -17.4225
  20960.00   -16.8934
  20970.00   -16.7781
  20980.00   -16.9356
  20990.00   -17.3403
  21000.00   -17.2924
  21010.00   -16.8892
  21020.00   -17.4054
  21030.00   -17.5755
  21040.00   -17.0821
  21050.00   -16.5467
  21060.00   -17.2003
  21070.00   -16.4883
  21080.00   -16.9463
  21090.00   -16.8574
  21100.00   -16.7908
  21110.00   -17.0029
  21120.00   -16.7693
  21130.00   -17.0335
  21140.00   -17.1657
  21150.00   -16.8980
  21160.00   -16.7303
  21170.00   -16.7466
  21180.00   -16.8661
  21190.00   -16.7040
  21200.00   -17.0900
  21210.00   -17.4969
  21220.00   -17.0631
  21230.00   -17.0026
  21240.00   -16.3427
  21250.00   -17.4227
  21260.00   -16.7186
  21270.00   -17.2946
  21280.00   -17.0739
  21290.00   -17.1958
  21300.00   -16.8403
  21310.00   -17.4404
  21320.00   -16.9152
  21330.00   -17.0157
  21340.00   -16.7773
  21350.00   -16.9685
  21360.00   -17.2443
  21370.00   -16.8599
  21380.00   -16.8306
  21390.00   -17.0832
  21400.00   -16.8254
  21410.00   -16.7229
  21420.00   -17.1414
  21430.00   -17.1784
  21440.00   -16.7686
  21450.00   -17.4744
  21460.00   -18.0104
  21470.00   -16.5538
  21480.00   -17.1498
  21490.00   -17.1942
  21500.00   -16.8488
  21510.00   -17.5018
  21520.00   -16.8809
  21530.00   -17.2797
  21540.00   -17.1518
  21550.00   -17.3222
  21560.00   -16.7738
  21570.00   -17.3362
  21580.00   -17.3083
  21590.00   -17.2773
  21600.00   -17.0786
  21610.00   -17.5015
  21620.00   -17.5020
  21630.00   -16.6987
  21640.00   -17.0983
  21650.00   -17.2496
  21660.00   -17.1863
  21670.00   -17.2305
  21680.00   -16.7712
  21690.00   -16.8019
  21700.00   -17.0733
  21710.00   -17.1925
  21720.00   -16.8124
  21730.00   -16.7880
  21740.00   -16.5304
  21750.00   -17.0997
  21760.00   -17.0786
  21770.00   -17.5225
  21780.00   -16.8974
  21790.00   -17.1722
  21800.00   -17.1386
  21810.00   -16.8356
  21820.00   -16.3829
  21830.00   -17.1570
  21840.00   -16.9145
  21850.00   -17.0614
  21860.00   -17.0755
  21870.00   -16.9804
  21880.00   -17.0634
  21890.00   -17.0502
  21900.00   -17.0952
  21910.00   -17.0896
  21920.00   -16.9142
  21930.00   -17.1032
  21940.00   -17.0606
  21950.00   -17.0499
  21960.00   -16.7161
  21970.00   -17.1289
  21980.00   -17.1074
  21990.00   -16.6412
  22000.00   -16.9486
  22010.00   -17.3087
  22020.00   -17.0861
  22030.00   -17.2210
  22040.00   -16.7955
  22050.00   -16.7890
  22060.00   -16.6996
  22070.00   -17.2484
  22080.00   -17.1574
  22090.00   -17.2553
  22100.00   -17.2447
  22110.00   -17.6566
  22120.00   -16.9448
  22130.00   -17.1792
  22140.00   -16.9111
  22150.00   -16.7633
  22160.00   -16.6139
  22170.00   -17.0312
  22180.00   -16.9969
  22190.00   -16.9755
  22200.00   -16.8067
  22210.00   -17.2977
  22220.00   -16.9248
  22230.00   -17.4465
  22240.00   -17.1373
  22250.00   -17.2170
  22260.00   -17.1658
  22270.00   -16.9328
  22280.00   -16.7784
  22290.00   -17.1907
  22300.00   -17.1091
  22310.00   -17.0729
  22320.00   -17.1061
  22330.00   -17.1171
  22340.00   -16.6041
  22350.00   -16.8768
  22360.00   -17.3564
  22370.00   -16.4916
  22380.00   -16.5134
  22390.00   -16.7168
  22400.00   -17.0724
  22410.00   -16.8472
  22420.00   -16.8729
  22430.00   -16.8021
  22440.00   -16.7932
  22450.00   -17.3751
  22460.00   -17.0326
  22470.00   -17.0312
  22480.00   -16.7104
  22490.00   -16.6525
  22500.00   -16.8082
  22510.00   -17.1355
  22520.00   -16.8290
  22530.00   -16.9250
  22540.00   -17.1667
  22550.00   -16.9730
  22560.00   -17.1859
  22570.00   -16.7882
  22580.00   -16.7646
  22590.00   -17.2491
  22600.00   -17.0371
  22610.00   -17.1541
  22620.00   -17.0595
  22630.00   -16.9156
  22640.00   -16.6350
  22650.00   -17.1667
  22660.00   -16.9348
  22670.00   -16.8126
  22680.00   -16.7418
  22690.00   -16.3397
  22700.00   -17.1784
  22710.00   -16.8114
  22720.00   -16.9642
  22730.00   -16.8922
  22740.00   -16.7353
  22750.00   -16.8083
  22760.00   -16.7028
  22770.00   -16.6803
  22780.00   -16.6175
  22790.00   -16.8492
  22800.00   -17.1833
  22810.00   -17.2428
  22820.00   -16.9702
  22830.00   -17.2854
  22840.00   -17.1791
  22850.00   -17.2615
  22860.00   -17.3028
  22870.00   -16.9253
  22880.00   -17.0286
  22890.00   -16.9297
  22900.00   -17.0954
  22910.00   -17.1117
  22920.00   -17.0671
  22930.00   -16.7246
  22940.00   -16.9468
  22950.00   -17.4250
  22960.00   -17.0676
  22970.00   -17.0000
  22980.00   -17.1351
  22990.00   -17.2441
  23000.00   -16.9457
  23010.00   -16.5832
  23020.00   -16.7333
  23030.00   -16.6074
  23040.00   -16.9144
  23050.00   -16.5469
  23060.00   -17.2958
  23070.00   -16.7475
  23080.00   -16.8723
  23090.00   -17.0826
  23100.00   -17.2231
  23110.00   -16.5108
  23120.00   -16.6890
  23130.00   -16.8894
  23140.00   -17.0628
  23150.00   -16.8984
  23160.00   -17.3540
  23170.00   -16.9333
  23180.00   -16.7000
  23190.00   -16.7794
  23200.00   -17.0507
  23210.00   -17.1854
  23220.00   -16.9783
  23230.00   -18.0679
  23240.00   -17.0198
  23250.00   -17.8204
  23260.00   -17.3976
  23270.00   -17.0734
  23280.00   -16.6174
  23290.00   -16.8740
  23300.00   -17.1142
  23310.00   -16.4818
  23320.00   -17.1961
  23330.00   -17.5045
  23340.00   -17.3925
  23350.00   -16.4310
  23360.00   -17.2337
  23370.00   -16.7012
  23380.00   -17.0895
  23390.00   -16.5362
  23400.00   -16.1605
  23410.00   -16.7406
  23420.00   -16.6253
  23430.00   -16.9396
  23440.00   -16.7629
  23450.00   -17.2923
  23460.00   -17.0555
  23470.00   -17.4087
  23480.00   -16.1794
  23490.00   -16.8302
  23500.00   -17.0021
  23510.00   -17.1125
  23520.00   -16.8775
  23530.00   -16.7687
  23540.00   -16.9480
  23550.00   -16.8935
  23560.00   -16.8911
  23570.00   -16.9250
  23580.00   -17.2262
  23590.00   -17.0512
  23600.00   -16.9716
  23610.00   -17.2231
  23620.00   -17.0464
  23630.00   -16.8938
  23640.00   -17.1224
  23650.00   -16.9998
  23660.00   -17.1476
  23670.00   -17.6296
  23680.00   -17.7185
  23690.00   -17.3754
  23700.00   -16.9074
  23710.00   -16.7708
  23720.00   -16.9333
  23730.00   -17.3211
  23740.00   -17.3368
  23750.00   -17.1092
  23760.00   -16.9550
  23770.00   -17.6452
  23780.00   -16.9762
  23790.00   -16.7866
  23800.00   -16.9194
  23810.00   -16.6966
  23820.00   -17.0132
  23830.00   -16.9993
  23840.00   -16.8147
  23850.00   -16.9830
  23860.00   -17.1352
  23870.00   -17.6843
  23880.00   -16.7565
  23890.00   -16.8848
  23900.00   -17.2563
  23910.00   -16.8129
  23920.00   -17.2853
  23930.00   -17.1426
  23940.00   -17.0026
  23950.00   -17.6489
  23960.00   -17.2244
  23970.00   -17.0356
  23980.00   -16.8902
  23990.00   -17.1988
  24000.00   -17.2942
  24010.00   -17.0058
  24020.00   -16.9983
  24030.00   -16.7526
  24040.00   -17.2333
  24050.00   -16.9731
  24060.00   -17.1095
  24070.00   -17.2192
  24080.00   -17.3463
  24090.00   -16.4451
  24100.00   -16.9776
  24110.00   -16.6921
  24120.00   -16.9147
  24130.00   -16.8689
  24140.00   -17.1447
  24150.00   -16.9334
  24160.00   -17.0350
  24170.00   -17.7135
  24180.00   -17.2720
  24190.00   -17.1078
  24200.00   -16.8452
  24210.00   -17.3405
  24220.00   -17.1030
  24230.00   -17.2763
  24240.00   -17.1199
  24250.00   -17.0456
  24260.00   -17.4628
  24270.00   -17.0932
  24280.00   -17.4827
  24290.00   -16.5372
  24300.00   -16.8244
  24310.00   -17.3402
  24320.00   -17.6326
  24330.00   -16.8549
  24340.00   -17.2546
  24350.00   -16.4589
  24360.00   -17.0107
  24370.00   -17.6993
  24380.00   -17.3347
  24390.00   -17.1248
  24400.00   -17.4166
  24410.00   -16.8848
  24420.00   -17.0881
  24430.00   -17.1351
  24440.00   -16.6139
  24450.00   -17.2551
  24460.00   -17.3768
  24470.00   -17.7233
  24480.00   -17.9029
  24490.00   -17.6131
  24500.00   -17.1885
  24510.00   -17.3838
  24520.00   -17.3542
  24530.00   -17.0785
  24540.00   -16.7491
  24550.00   -17.2685
  24560.00   -17.2618
  24570.00   -17.3266
  24580.00   -17.4072
  24590.00   -17.1534
  24600.00   -17.0501
  24610.00   -16.7662
  24620.00   -16.8428
  24630.00   -17.0413
  24640.00   -16.9570
  24650.00   -16.7038
  24660.00   -16.8311
  24670.00   -16.7646
  24680.00   -16.7737
  24690.00   -16.9227
  24700.00   -17.5592
  24710.00   -16.8982
  24720.00   -16.6543
  24730.00   -17.3246
  24740.00   -17.2931
  24750.00   -16.6422
  24760.00   -17.0247
  24770.00   -17.1914
  24780.00   -17.0899
  24790.00   -17.3258
  24800.00   -17.1840
  24810.00   -16.8013
  24820.00   -16.7001
  24830.00   -17.0791
  24840.00   -17.1050
  24850.00   -17.3850
  24860.00   -17.1984
  24870.00   -17.3878
  24880.00   -16.5949
  24890.00   -17.0900
  24900.00   -16.2109
  24910.00   -16.8433
  24920.00   -16.8440
  24930.00   -17.4430
  24940.00   -17.0839
  24950.00   -16.7110
  24960.00   -16.8022
  24970.00   -17.1607
  24980.00   -16.3931
  24990.00   -16.9844
  25000.00   -17.0277
  25010.00   -17.7006
  25020.00   -17.4103
  25030.00   -17.1462
  25040.00   -17.4220
  25050.00   -17.0349
  25060.00   -16.7820
  25070.00   -17.1708
  25080.00   -17.0519
  25090.00   -17.1253
  25100.00   -16.7458
  25110.00   -17.3758
  25120.00   -17.4309
  25130.00   -17.2518
  25140.00   -16.9400
  25150.00   -17.5683
  25160.00   -17.0028
  25170.00   -17.1969
  25180.00   -17.2592
  25190.00   -17.0052
  25200.00   -17.1754
  25210.00   -17.3533
  25220.00   -16.6260
  25230.00   -16.5812
  25240.00   -17.5535
  25250.00   -16.9578
  25260.00   -16.8649
  25270.00   -16.9825
  25280.00   -17.0871
  25290.00   -16.7124
  25300.00   -17.2128
  25310.00   -17.0321
  25320.00   -17.3704
  25330.00   -16.3913
  25340.00   -17.0116
  25350.00   -17.0312
  25360.00   -17.2159
  25370.00   -17.6410
  25380.00   -16.9705
  25390.00   -16.8344
  25400.00   -16.6601
  25410.00   -16.7942
  25420.00   -16.9579
  25430.00   -16.9373
  25440.00   -17.1035
  25450.00   -17.0376
  25460.00   -16.8744
  25470.00   -17.2998
  25480.00   -16.7842
  25490.00   -16.8937
  25500.00   -17.1531
  25510.00   -17.1396
  25520.00   -17.2520
  25530.00   -16.7921
  25540.00   -16.9211
  25550.00   -16.9632
  25560.00   -17.2483
  25570.00   -17.0108
  25580.00   -17.0594
  25590.00   -16.9850
  25600.00   -17.3624
  25610.00   -17.3838
  25620.00   -17.1601
  25630.00   -16.7903
  25640.00   -17.3768
  25650.00   -16.8724
  25660.00   -17.0013
  25670.00   -17.2101
  25680.00   -17.2004
  25690.00   -16.1705
  25700.00   -17.4461
  25710.00   -17.7383
  25720.00   -17.4178
  25730.00   -17.2500
  25740.00   -17.4402
  25750.00   -17.5080
  25760.00   -17.1133
  25770.00   -17.2721
  25780.00   -17.5989
  25790.00   -17.2831
  25800.00   -17.0671
  25810.00   -16.9715
  25820.00   -16.9936
  25830.00   -17.2878
  25840.00   -16.6043
  25850.00   -17.0379
  25860.00   -17.0256
  25870.00   -16.6958
  25880.00   -17.2706
  25890.00   -17.0764
  25900.00   -17.3652
  25910.00   -17.1384
  25920.00   -17.3570
  25930.00   -17.0805
  25940.00   -16.4407
  25950.00   -17.1876
  25960.00   -16.9090
  25970.00   -17.0830
  25980.00   -17.1339
  25990.00   -17.3779
  26000.00   -17.2525
  26010.00   -17.2646
  26020.00   -17.1357
  26030.00   -17.0311
  26040.00   -17.2174
  26050.00   -17.1715
  26060.00   -17.5648
  26070.00   -16.4163
  26080.00   -16.9511
  26090.00   -17.4146
  26100.00   -17.2430
  26110.00   -17.0981
  26120.00   -16.9475
  26130.00   -16.7937
  26140.00   -16.8374
  26150.00   -16.6330
  26160.00   -16.8517
  26170.00   -17.1122
  26180.00   -16.9332
  26190.00   -17.1209
  26200.00   -16.8263
  26210.00   -16.7247
  26220.00   -16.7543
  26230.00   -17.6311
  26240.00   -16.7317
  26250.00   -16.9437
  26260.00   -17.1561
  26270.00   -16.4955
  26280.00   -16.8649
  26290.00   -17.0255
  26300.00   -16.9824
  26310.00   -17.0954
  26320.00   -16.7627
  26330.00   -16.9696
  26340.00   -17.1376
  26350.00   -17.2741
  26360.00   -17.2746
  26370.00   -17.0336
  26380.00   -17.5784
  26390.00   -17.3018
  26400.00   -17.0058
  26410.00   -17.0717
  26420.00   -17.5560
  26430.00   -17.3679
  26440.00   -17.3566
  26450.00   -17.1252
  26460.00   -17.3836
  26470.00   -17.2920
  26480.00   -17.6152
  26490.00   -17.3146
  26500.00   -17.7863
  26510.00   -17.2950
  26520.00   -17.0948
  26530.00   -16.8927
  26540.00   -16.8453
  26550.00   -17.2511
  26560.00   -16.9531
  26570.00   -17.0971
  26580.00   -16.8086
  26590.00   -17.1522
  26600.00   -16.8400
  26610.00   -16.1970
  26620.00   -17.1587
  26630.00   -17.6336
  26640.00   -17.3697
  26650.00   -17.3600
  26660.00   -17.1504
  26670.00   -16.7798
  26680.00   -16.9271
  26690.00   -16.9228
  26700.00   -16.5760
  26710.00   -16.7348
  26720.00   -17.4099
  26730.00   -17.0426
  26740.00   -17.7144
  26750.00   -17.3174
  26760.00   -17.0204
  26770.00   -17.3466
  26780.00   -17.3242
  26790.00   -16.9967
  26800.00   -17.1227
  26810.00   -17.1570
  26820.00   -17.2668
  26830.00   -17.3450
  26840.00   -17.0578
  26850.00   -17.1558
  26860.00   -16.6336
  26870.00   -17.0454
  26880.00   -16.8651
  26890.00   -17.4385
  26900.00   -17.3206
  26910.00   -17.3252
  26920.00   -16.7895
  26930.00   -17.3501
  26940.00   -17.3378
  26950.00   -17.2795
  26960.00   -17.0439
  26970.00   -17.0065
  26980.00   -16.9235
  26990.00   -17.0596
  27000.00   -17.7244
  27010.00   -17.2843
  27020.00   -17.5512
  27030.00   -16.5757
  27040.00   -17.1344
  27050.00   -17.3905
  27060.00   -17.2375
  27070.00   -17.1571
  27080.00   -16.6867
  27090.00   -16.6338
  27100.00   -16.6690
  27110.00   -17.2243
  27120.00   -17.2432
  27130.00   -16.9382
  27140.00   -17.5496
  27150.00   -17.0977
  27160.00   -17.6063
  27170.00   -16.8716
  27180.00   -16.8002
  27190.00   -17.1223
  27200.00   -17.2417
  27210.00   -16.9305
  27220.00   -16.6155
  27230.00   -16.8666
  27240.00   -17.4455
  27250.00   -17.3861
  27260.00   -17.0319
  27270.00   -17.2161
  27280.00   -16.9223
  27290.00   -17.0909
  27300.00   -16.9895
  27310.00   -17.2405
  27320.00   -16.9745
  27330.00   -17.2231
  27340.00   -16.5075
  27350.00   -16.7062
  27360.00   -17.2858
  27370.00   -17.2000
  27380.00   -16.7889
  27390.00   -17.0883
  27400.00   -17.8012
  27410.00   -16.8452
  27420.00   -17.1918
  27430.00   -17.3722
  27440.00   -17.5945
  27450.00   -17.2302
  27460.00   -17.1808
  27470.00   -17.8092
  27480.00   -17.3645
  27490.00   -17.2222
  27500.00   -17.1858
  27510.00   -17.2671
  27520.00   -17.1891
  27530.00   -17.3478
  27540.00   -17.3089
  27550.00   -17.4286
  27560.00   -17.2076
  27570.00   -17.4624
  27580.00   -17.1741
  27590.00   -16.6415
  27600.00   -16.6095
  27610.00   -16.6452
  27620.00   -17.0538
  27630.00   -17.6328
  27640.00   -16.3714
  27650.00   -16.8035
  27660.00   -17.0015
  27670.00   -17.0401
  27680.00   -16.9487
  27690.00   -17.3097
  27700.00   -17.1566
  27710.00   -17.1449
  27720.00   -17.5292
  27730.00   -16.4469
  27740.00   -17.0949
  27750.00   -17.3140
  27760.00   -16.4449
  27770.00   -16.7515
  27780.00   -16.6686
  27790.00   -16.9370
  27800.00   -17.2214
  27810.00   -17.3750
  27820.00   -17.5223
  27830.00   -17.4473
  27840.00   -17.2949
  27850.00   -17.2472
  27860.00   -17.1223
  27870.00   -17.0761
  27880.00   -17.1848
  27890.00   -17.3183
  27900.00   -17.0947
  27910.00   -17.4722
  27920.00   -17.4246
  27930.00   -16.9498
  27940.00   -17.4144
  27950.00   -17.2394
  27960.00   -17.3862
  27970.00   -17.0008
  27980.00   -17.5121
  27990.00   -16.8509
  28000.00   -17.0678
  28010.00   -16.9603
  28020.00   -16.9705
  28030.00   -17.3028
  28040.00   -16.9631
  28050.00   -16.7756
  28060.00   -16.8647
  28070.00   -17.1887
  28080.00   -17.4315
  28090.00   -17.0174
  28100.00   -17.1445
  28110.00   -17.3852
  28120.00   -16.8398
  28130.00   -16.9481
  28140.00   -16.9138
  28150.00   -16.8352
  28160.00   -17.1083
  28170.00   -16.8404
  28180.00   -17.6763
  28190.00   -16.8658
  28200.00   -16.9215
  28210.00   -17.0673
  28220.00   -16.8784
  28230.00   -16.6784
  28240.00   -17.3739
  28250.00   -16.7563
  28260.00   -17.0293
  28270.00   -17.0566
  28280.00   -17.4697
  28290.00   -17.2499
  28300.00   -16.9764
  28310.00   -17.1246
  28320.00   -16.8171
  28330.00   -16.6314
  28340.00   -16.3841
  28350.00   -16.8936
  28360.00   -16.7378
  28370.00   -17.0867
  28380.00   -17.1725
  28390.00   -17.2971
  28400.00   -16.8069
  28410.00   -16.9075
  28420.00   -17.5896
  28430.00   -16.8028
  28440.00   -16.9455
  28450.00   -17.2346
  28460.00   -17.0845
  28470.00   -16.9644
  28480.00   -17.3365
  28490.00   -16.7715
  28500.00   -16.7569
  28510.00   -17.1614
  28520.00   -16.8197
  28530.00   -17.1491
  28540.00   -17.0533
  28550.00   -17.2024
  28560.00   -17.2240
  28570.00   -17.6025
  28580.00   -17.0837
  28590.00   -16.9199
  28600.00   -17.2106
  28610.00   -16.6532
  28620.00   -17.2777
  28630.00   -17.1441
  28640.00   -17.4109
  28650.00   -16.9699
  28660.00   -17.0555
  28670.00   -17.0772
  28680.00   -16.9428
  28690.00   -17.1005
  28700.00   -16.5838
  28710.00   -16.4481
  28720.00   -17.3824
  28730.00   -16.9529
  28740.00   -17.2611
  28750.00   -17.0554
  28760.00   -17.2725
  28770.00   -16.7528
  28780.00   -17.0287
  28790.00   -17.2862
  28800.00   -16.7838
  28810.00   -16.4532
  28820.00   -16.8409
  28830.00   -17.0852
  28840.00   -16.9720
  28850.00   -16.4954
  28860.00   -17.1490
  28870.00   -17.1223
  28880.00   -17.2936
  28890.00   -16.8560
  28900.00   -17.1360
  28910.00   -16.9678
  28920.00   -17.5873
  28930.00   -17.1432
  28940.00   -17.1470
  28950.00   -17.1499
  28960.00   -16.8985
  28970.00   -17.0155
  28980.00   -17.4012
  28990.00   -16.8865
  29000.00   -17.2610
  29010.00   -16.8852
  29020.00   -16.8298
  29030.00   -17.4144
  29040.00   -16.7207
  29050.00   -16.7217
  29060.00   -17.4376
  29070.00   -17.5999
  29080.00   -16.9924
  29090.00   -17.1419
  29100.00   -17.1377
  29110.00   -17.0721
  29120.00   -17.3380
  29130.00   -17.5066
  29140.00   -16.3751
  29150.00   -17.8370
  29160.00   -16.7977
  29170.00   -17.1187
  29180.00   -16.3405
  29190.00   -16.6038
  29200.00   -17.2774
  29210.00   -16.9892
  29220.00   -17.0509
  29230.00   -17.0832
  29240.00   -17.2767
  29250.00   -17.4349
  29260.00   -16.9730
  29270.00   -16.8506
  29280.00   -17.0988
  29290.00   -16.5955
  29300.00   -16.7874
  29310.00   -16.1966
  29320.00   -17.1542
  29330.00   -16.8709
  29340.00   -17.5168
  29350.00   -17.3600
  29360.00   -17.2118
  29370.00   -17.2672
  29380.00   -16.9435
  29390.00   -17.4527
  29400.00   -16.8416
  29410.00   -16.9538
  29420.00   -16.8870
  29430.00   -17.4892
  29440.00   -17.0496
  29450.00   -16.7872
  29460.00   -17.3415
  29470.00   -17.1235
  29480.00   -17.2119
  29490.00   -17.4205
  29500.00   -17.0674
  29510.00   -17.5340
  29520.00   -17.0668
  29530.00   -17.3700
  29540.00   -17.0186
  29550.00   -17.3194
  29560.00   -16.8733
  29570.00   -17.0761
  29580.00   -17.3569
  29590.00   -17.0597
  29600.00   -16.5887
  29610.00   -17.4228
  29620.00   -16.9272
  29630.00   -16.7491
  29640.00   -17.6159
  29650.00   -17.2225
  29660.00   -16.8644
  29670.00   -17.4033
  29680.00   -17.1655
  29690.00   -17.1529
  29700.00   -16.6777
  29710.00   -17.0049
  29720.00   -16.7547
  29730.00   -16.6605
  29740.00   -16.9582
  29750.00   -17.0148
  29760.00   -17.0722
  29770.00   -16.7353
  29780.00   -17.0712
  29790.00   -17.2533
  29800.00   -16.9402
  29810.00   -16.9939
  29820.00   -17.3431
  29830.00   -17.2874
  29840.00   -17.1021
  29850.00   -16.7719
  29860.00   -16.9165
  29870.00   -16.7859
  29880.00   -17.5458
  29890.00   -16.5812
  29900.00   -17.2237
  29910.00   -16.7414
  29920.00   -16.5407
  29930.00   -16.8042
  29940.00   -16.4658
  29950.00   -17.5620
  29960.00   -16.6537
  29970.00   -16.6625
  29980.00   -16.9255
  29990.00   -16.6659
  30000.00   -17.1685
  30010.00   -16.7227
  30020.00   -17.1390
  30030.00   -16.9023
  30040.00   -16.8536
  30050.00   -17.2628
  30060.00   -16.6773
  30070.00   -16.7544
  30080.00   -17.3753
  30090.00   -17.2681
  30100.00   -17.6205
  30110.00   -16.9109
  30120.00   -17.2961
  30130.00   -17.3210
  30140.00   -17.1936
  30150.00   -16.7865
  30160.00   -16.3364
  30170.00   -16.8634
  30180.00   -16.7461
  30190.00   -17.1261
  30200.00   -16.8486
  30210.00   -17.1593
  30220.00   -16.9320
  30230.00   -16.7208
  30240.00   -17.0223
  30250.00   -17.1454
  30260.00   -17.0085
  30270.00   -16.9162
  30280.00   -17.1668
  30290.00   -17.2340
  30300.00   -17.4302
  30310.00   -16.7387
  30320.00   -16.9715
  30330.00   -16.9208
  30340.00   -16.4996
  30350.00   -16.5600
  30360.00   -17.0894
  30370.00   -17.0680
  30380.00   -17.2228
  30390.00   -16.5356
  30400.00   -16.9163
  30410.00   -17.1212
  30420.00   -16.5537
  30430.00   -17.1038
  30440.00   -16.8020
  30450.00   -17.1845
  30460.00   -17.3088
  30470.00   -17.0905
  30480.00   -17.1113
  30490.00   -16.8665
  30500.00   -17.1880
  30510.00   -17.3781
  30520.00   -17.2671
  30530.00   -16.7973
  30540.00   -17.1956
  30550.00   -16.7350
  30560.00   -17.7799
  30570.00   -17.2162
  30580.00   -17.0257
  30590.00   -16.7934
  30600.00   -17.2959
  30610.00   -16.9690
  30620.00   -16.8653
  30630.00   -16.6210
  30640.00   -17.2104
  30650.00   -16.7082
  30660.00   -16.7548
  30670.00   -16.7750
  30680.00   -16.8383
  30690.00   -17.1653
  30700.00   -16.8715
  30710.00   -16.9817
  30720.00   -17.1209
  30730.00   -17.1049
  30740.00   -16.7467
  30750.00   -17.3662
  30760.00   -16.7177
  30770.00   -16.8625
  30780.00   -16.6683
  30790.00   -17.0265
  30800.00   -16.4738
  30810.00   -17.1769
  30820.00   -17.3575
  30830.00   -17.1773
  30840.00   -17.2447
  30850.00   -16.7014
  30860.00   -17.1283
  30870.00   -17.4061
  30880.00   -16.8813
  30890.00   -17.3736
  30900.00   -16.9213
  30910.00   -16.9793
  30920.00   -17.2403
  30930.00   -17.2841
  30940.00   -16.9143
  30950.00   -17.2013
  30960.00   -16.9224
  30970.00   -16.7297
  30980.00   -16.7900
  30990.00   -16.7471
  31000.00   -17.4146
  31010.00   -16.8434
  31020.00   -16.6524
  31030.00   -16.7554
  31040.00   -16.9963
  31050.00   -17.3201
  31060.00   -17.3000
  31070.00   -17.1263
  31080.00   -16.9951
  31090.00   -17.1512
  31100.00   -17.0620
  31110.00   -17.3379
  31120.00   -17.0954
  31130.00   -17.2490
  31140.00   -17.5808
  31150.00   -16.9387
  31160.00   -16.9620
  31170.00   -16.8555
  31180.00   -17.0109
  31190.00   -17.2279
  31200.00   -16.9993
  31210.00   -17.3646
  31220.00   -17.0188
  31230.00   -17.0421
  31240.00   -17.3278
  31250.00   -17.0071
  31260.00   -17.2240
  31270.00   -17.6022
  31280.00   -17.1592
  31290.00   -16.7277
  31300.00   -17.6363
  31310.00   -17.4498
  31320.00   -17.0412
  31330.00   -16.7837
  31340.00   -16.5161
  31350.00   -17.2518
  31360.00   -17.3143
  31370.00   -16.8380
  31380.00   -16.9155
  31390.00   -16.6299
  31400.00   -17.1638
  31410.00   -16.9469
  31420.00   -17.5974
  31430.00   -16.6543
  31440.00   -17.1018
  31450.00   -17.5992
  31460.00   -17.0023
  31470.00   -17.0664
  31480.00   -16.8224
  31490.00   -17.1561
  31500.00   -17.5434
  31510.00   -16.5106
  31520.00   -16.8810
  31530.00   -17.0819
  31540.00   -17.1577
  31550.00   -17.0348
  31560.00   -16.9587
  31570.00   -16.7749
  31580.00   -17.1171
  31590.00   -17.3145
  31600.00   -16.8060
  31610.00   -17.0177
  31620.00   -16.7144
  31630.00   -16.8414
  31640.00   -16.8409
  31650.00   -16.7922
  31660.00   -17.0072
  31670.00   -16.5434
  31680.00   -17.6148
  31690.00   -17.0550
  31700.00   -16.5918
  31710.00   -16.4405
  31720.00   -17.0707
  31730.00   -16.8230
  31740.00   -17.1785
  31750.00   -17.0825
  31760.00   -16.4229
  31770.00   -17.0526
  31780.00   -17.0586
  31790.00   -17.0523
  31800.00   -16.8865
  31810.00   -16.7855
  31820.00   -17.0243
  31830.00   -16.5599
  31840.00   -16.9401
  31850.00   -17.3271
  31860.00   -16.9582
  31870.00   -17.0585
  31880.00   -17.1918
  31890.00   -16.8727
  31900.00   -16.7367
  31910.00   -17.7044
  31920.00   -16.8754
  31930.00   -16.9062
  31940.00   -17.4293
  31950.00   -17.4581
  31960.00   -17.2599
  31970.00   -17.1940
  31980.00   -17.1955
  31990.00   -16.9687
  32000.00   -17.4065
  32010.00   -16.8427
  32020.00   -17.2401
  32030.00   -16.8738
  32040.00   -17.1519
  32050.00   -16.9718
  32060.00   -16.5315
  32070.00   -16.9500
  32080.00   -16.6018
  32090.00   -17.1241
  32100.00   -17.1438
  32110.00   -16.5954
  32120.00   -17.3004
  32130.00   -16.5678
  32140.00   -16.8290
  32150.00   -17.3528
  32160.00   -16.4697
  32170.00   -16.4859
  32180.00   -17.1200
  32190.00   -17.1177
  32200.00   -16.8870
  32210.00   -16.8919
  32220.00   -17.2251
  32230.00   -17.2121
  32240.00   -17.0664
  32250.00   -16.5692
  32260.00   -17.6035
  32270.00   -16.6848
  32280.00   -17.3126
  32290.00   -17.0841
  32300.00   -17.3588
  32310.00   -17.1177
  32320.00   -17.6574
  32330.00   -17.1113
  32340.00   -17.4817
  32350.00   -17.4976
  32360.00   -16.8552
  32370.00   -17.5315
  32380.00   -17.1571
  32390.00   -17.1521
  32400.00   -17.7014
  32410.00   -17.0222
  32420.00   -16.4637
  32430.00   -17.3908
  32440.00   -17.4192
  32450.00   -17.0504
  32460.00   -17.3630
  32470.00   -16.8766
  32480.00   -17.3316
  32490.00   -16.7033
  32500.00   -17.1043
  32510.00   -17.6469
  32520.00   -16.8106
  32530.00   -16.8074
  32540.00   -16.5995
  32550.00   -17.4156
  32560.00   -17.4647
  32570.00   -16.6212
  32580.00   -16.4557
  32590.00   -17.0420
  32600.00   -17.3504
  32610.00   -17.2549
  32620.00   -16.7935
  32630.00   -17.0788
  32640.00   -16.8481
  32650.00   -17.3567
  32660.00   -17.2163
  32670.00   -17.1032
  32680.00   -17.3340
  32690.00   -17.2642
  32700.00   -17.6637
  32710.00   -16.9637
  32720.00   -17.6773
  32730.00   -17.5488
  32740.00   -16.9805
  32750.00   -16.5031
  32760.00   -16.8172
  32770.00   -16.9209
  32780.00   -16.9881
  32790.00   -16.8881
  32800.00   -16.7816
  32810.00   -17.1733
  32820.00   -17.4462
  32830.00   -17.2435
  32840.00   -17.1129
  32850.00   -17.1520
  32860.00   -16.5674
  32870.00   -17.1227
  32880.00   -17.0657
  32890.00   -16.8868
  32900.00   -17.0213
  32910.00   -17.3093
  32920.00   -16.9880
  32930.00   -17.2772
  32940.00   -17.3527
  32950.00   -17.2409
  32960.00   -17.1792
  32970.00   -17.2227
  32980.00   -17.2811
  32990.00   -16.8372
  33000.00   -17.1211
  33010.00   -17.1995
  33020.00   -17.1669
  33030.00   -16.7242
  33040.00   -16.8903
  33050.00   -16.6972
  33060.00   -16.7260
  33070.00   -16.9689
  33080.00   -17.3536
  33090.00   -17.1289
  33100.00   -16.7087
  33110.00   -17.1616
  33120.00   -16.5689
  33130.00   -16.8495
  33140.00   -16.8497
  33150.00   -17.3421
  33160.00   -17.5127
  33170.00   -17.7488
  33180.00   -17.2223
  33190.00   -17.4631
  33200.00   -17.1833
  33210.00   -17.0692
  33220.00   -17.1619
  33230.00   -17.8503
  33240.00   -16.9831
  33250.00   -16.8333
  33260.00   -17.1914
  33270.00   -16.8257
  33280.00   -17.2458
  33290.00   -17.2793
  33300.00   -17.5736
  33310.00   -17.0982
  33320.00   -17.3106
  33330.00   -17.0287
  33340.00   -16.3848
  33350.00   -17.0128
  33360.00   -16.9884
  33370.00   -17.2869
  33380.00   -16.7059
  33390.00   -16.3674
  33400.00   -16.8862
  33410.00   -16.9583
  33420.00   -17.5096
  33430.00   -17.6722
  33440.00   -17.2512
  33450.00   -17.3340
  33460.00   -17.2533
  33470.00   -17.1816
  33480.00   -16.6815
  33490.00   -17.3268
  33500.00   -17.2243
  33510.00   -17.4782
  33520.00   -17.1276
  33530.00   -17.3172
  33540.00   -17.3141
  33550.00   -16.7603
  33560.00   -16.9797
  33570.00   -17.1915
  33580.00   -16.6198
  33590.00   -16.5140
  33600.00   -17.3017
  33610.00   -17.1468
  33620.00   -17.1455
  33630.00   -17.0171
  33640.00   -17.2401
  33650.00   -17.1130
  33660.00   -17.1695
  33670.00   -17.1263
  33680.00   -17.5036
  33690.00   -17.1271
  33700.00   -16.9862
  33710.00   -17.4533
  33720.00   -17.1092
  33730.00   -17.2778
  33740.00   -17.0224
  33750.00   -17.4404
  33760.00   -17.2117
  33770.00   -17.1128
  33780.00   -17.1790
  33790.00   -17.1421
  33800.00   -17.1180
  33810.00   -17.2105
  33820.00   -16.9634
  33830.00   -17.1762
  33840.00   -17.0847
  33850.00   -17.2551
  33860.00   -17.2778
  33870.00   -17.1716
  33880.00   -17.5597
  33890.00   -16.9362
  33900.00   -17.1201
  33910.00   -17.1461
  33920.00   -17.6138
  33930.00   -17.1720
  33940.00   -16.9378
  33950.00   -16.8715
  33960.00   -17.1940
  33970.00   -17.0198
  33980.00   -16.8411
  33990.00   -17.4318
  34000.00   -17.3159
  34010.00   -16.7233
  34020.00   -16.8152
  34030.00   -17.3330
  34040.00   -16.6884
  34050.00   -17.1472
  34060.00   -17.3112
  34070.00   -16.6858
  34080.00   -16.8865
  34090.00   -17.0753
  34100.00   -17.0439
  34110.00   -17.4156
  34120.00   -16.9632
  34130.00   -17.3507
  34140.00   -17.3052
  34150.00   -17.0964
  34160.00   -16.8254
  34170.00   -17.0007
  34180.00   -16.9434
  34190.00   -17.1460
  34200.00   -17.2338
  34210.00   -17.3764
  34220.00   -17.1011
  34230.00   -16.7954
  34240.00   -16.9850
  34250.00   -16.7606
  34260.00   -16.8618
  34270.00   -17.0210
  34280.00   -16.8037
  34290.00   -16.7831
  34300.00   -17.2178
  34310.00   -16.9471
  34320.00   -16.9728
  34330.00   -17.0876
  34340.00   -16.7151
  34350.00   -16.9050
  34360.00   -16.7860
  34370.00   -16.5471
  34380.00   -17.3005
  34390.00   -16.6781
  34400.00   -17.4556
  34410.00   -17.3543
  34420.00   -17.0309
  34430.00   -16.7470
  34440.00   -17.3428
  34450.00   -17.1272
  34460.00   -16.6645
  34470.00   -17.6861
  34480.00   -17.1782
  34490.00   -17.6090
  34500.00   -17.6707
  34510.00   -17.0353
  34520.00   -16.9920
  34530.00   -17.1052
  34540.00   -17.0650
  34550.00   -16.8596
  34560.00   -16.9267
  34570.00   -17.2779
  34580.00   -16.8726
  34590.00   -17.2807
  34600.00   -16.4721
  34610.00   -17.1277
  34620.00   -17.1209
  34630.00   -16.7125
  34640.00   -17.1627
  34650.00   -17.0983
  34660.00   -17.2319
  34670.00   -17.7109
  34680.00   -16.5439
  34690.00   -17.4669
  34700.00   -16.8809
  34710.00   -17.3508
  34720.00   -17.0126
  34730.00   -17.5943
  34740.00   -17.6181
  34750.00   -17.1985
  34760.00   -16.3318
  34770.00   -16.8353
  34780.00   -17.4562
  34790.00   -16.8855
  34800.00   -16.8801
  34810.00   -17.5798
  34820.00   -16.8856
  34830.00   -17.6176
  34840.00   -16.9275
  34850.00   -17.5662
  34860.00   -16.4272
  34870.00   -17.0309
  34880.00   -16.7588
  34890.00   -16.9405
  34900.00   -16.7804
  34910.00   -17.0849
  34920.00   -17.5282
  34930.00   -17.3911
  34940.00   -17.0673
  34950.00   -17.0167
  34960.00   -16.5770
  34970.00   -16.8964
  34980.00   -16.7555
  34990.00   -17.4828
  35000.00   -16.9676
  35010.00   -16.5641
  35020.00   -16.5486
  35030.00   -17.3195
  35040.00   -17.4309
  35050.00   -17.1135
  35060.00   -17.2474
  35070.00   -17.5479
  35080.00   -16.9177
  35090.00   -17.0932
  35100.00   -17.1269
  35110.00   -16.7566
  35120.00   -17.1627
  35130.00   -17.0853
  35140.00   -17.2423
  35150.00   -16.8470
  35160.00   -17.4649
  35170.00   -17.1661
  35180.00   -17.0285
  35190.00   -16.6780
  35200.00   -17.2584
  35210.00   -16.7726
  35220.00   -17.2463
  35230.00   -17.8184
  35240.00   -17.4952
  35250.00   -16.8297
  35260.00   -17.1260
  35270.00   -16.8806
  35280.00   -16.6451
  35290.00   -16.8643
  35300.00   -17.1195
  35310.00   -17.0273
  35320.00   -17.2104
  35330.00   -16.8033
  35340.00   -16.5759
  35350.00   -17.2206
  35360.00   -16.7576
  35370.00   -17.5982
  35380.00   -16.9155
  35390.00   -17.2266
  35400.00   -17.3393
  35410.00   -16.5955
  35420.00   -17.0193
  35430.00   -17.1771
  35440.00   -17.1645
  35450.00   -16.5903
  35460.00   -16.5599
  35470.00   -17.2862
  35480.00   -17.2255
  35490.00   -17.3784
  35500.00   -17.3671
  35510.00   -17.6580
  35520.00   -17.1343
  35530.00   -16.7580
  35540.00   -16.8698
  35550.00   -16.8737
  35560.00   -16.9298
  35570.00   -16.7796
  35580.00   -17.5581
  35590.00   -17.1911
  35600.00   -16.7651
  35610.00   -17.2350
  35620.00   -16.7247
  35630.00   -17.3778
  35640.00   -17.2168
  35650.00   -16.8478
  35660.00   -17.3991
  35670.00   -17.2487
  35680.00   -16.7509
  35690.00   -17.1618
  35700.00   -16.8333
  35710.00   -17.3708
  35720.00   -17.2691
  35730.00   -17.4217
  35740.00   -17.2629
  35750.00   -17.5571
  35760.00   -16.9452
  35770.00   -16.6963
  35780.00   -17.4137
  35790.00   -17.1359
  35800.00   -17.3895
  35810.00   -17.4211
  35820.00   -17.1451
  35830.00   -16.8704
  35840.00   -17.5449
  35850.00   -17.0813
  35860.00   -17.2975
  35870.00   -17.1546
  35880.00   -17.6250
  35890.00   -17.0584
  35900.00   -16.6986
  35910.00   -17.2973
  35920.00   -16.9758
  35930.00   -17.4066
  35940.00   -17.1605
  35950.00   -17.2625
  35960.00   -16.9047
  35970.00   -17.3489
  35980.00   -17.2562
  35990.00   -17.3049
  36000.00   -16.6858
  36010.00   -16.9875
  36020.00   -17.0557
  36030.00   -17.1950
  36040.00   -17.1647
  36050.00   -17.3657
  36060.00   -17.0292
  36070.00   -16.8928
  36080.00   -17.3008
  36090.00   -16.6049
  36100.00   -16.8593
  36110.00   -16.6981
  36120.00   -17.0583
  36130.00   -17.1723
  36140.00   -16.9063
  36150.00   -17.1740
  36160.00   -17.3914
  36170.00   -17.2071
  36180.00   -16.5695
  36190.00   -16.6465
  36200.00   -17.3977
  36210.00   -17.2373
  36220.00   -16.5103
  36230.00   -17.2273
  36240.00   -17.1547
  36250.00   -17.4084
  36260.00   -17.1716
  36270.00   -17.1937
  36280.00   -16.6058
  36290.00   -16.6932
  36300.00   -17.1655
  36310.00   -16.6662
  36320.00   -16.2683
  36330.00   -16.5408
  36340.00   -16.2061
  36350.00   -16.8606
  36360.00   -16.9314
  36370.00   -16.7928
  36380.00   -17.0860
  36390.00   -17.1423
  36400.00   -16.8669
  36410.00   -17.1740
  36420.00   -16.9130
  36430.00   -17.3997
  36440.00   -16.8739
  36450.00   -16.6829
  36460.00   -17.0098
  36470.00   -16.6823
  36480.00   -16.7766
  36490.00   -16.6737
  36500.00   -16.7840
  36510.00   -17.1400
  36520.00   -16.7151
  36530.00   -17.0286
  36540.00   -17.0937
  36550.00   -16.9568
  36560.00   -17.2977
  36570.00   -17.5856
  36580.00   -17.1371
  36590.00   -17.0314
  36600.00   -16.1899
  36610.00   -17.1641
  36620.00   -16.8878
  36630.00   -17.3878
  36640.00   -17.2718
  36650.00   -16.5102
  36660.00   -17.1516
  36670.00   -17.2435
  36680.00   -16.7007
  36690.00   -16.8631
  36700.00   -16.8018
  36710.00   -17.0600
  36720.00   -16.7986
  36730.00   -16.6349
  36740.00   -17.1760
  36750.00   -16.8968
  36760.00   -17.2619
  36770.00   -17.3163
  36780.00   -16.6471
  36790.00   -16.9887
  36800.00   -17.1029
  36810.00   -17.1417
  36820.00   -16.9011
  36830.00   -17.0535
  36840.00   -17.1829
  36850.00   -17.0788
  36860.00   -16.7488
  36870.00   -16.8200
  36880.00   -17.2278
  36890.00   -17.1742
  36900.00   -17.6645
  36910.00   -17.5201
  36920.00   -17.3280
  36930.00   -17.2556
  36940.00   -16.7294
  36950.00   -17.6328
  36960.00   -17.4902
  36970.00   -17.0233
  36980.00   -16.6998
  36990.00   -16.9605
  37000.00   -17.4646
  37010.00   -16.8434
  37020.00   -17.6402
  37030.00   -16.8609
  37040.00   -16.7807
  37050.00   -16.4977
  37060.00   -16.8942
  37070.00   -16.7249
  37080.00   -17.0061
  37090.00   -17.5413
  37100.00   -17.2500
  37110.00   -17.3372
  37120.00   -16.5929
  37130.00   -17.2531
  37140.00   -17.1089
  37150.00   -16.8473
  37160.00   -17.0796
  37170.00   -16.9797
  37180.00   -16.9280
  37190.00   -17.0872
  37200.00   -17.2464
  37210.00   -17.4998
  37220.00   -16.8091
  37230.00   -17.2051
  37240.00   -17.6701
  37250.00   -17.2764
  37260.00   -17.0621
  37270.00   -16.8818
  37280.00   -17.5537
  37290.00   -17.4860
  37300.00   -17.4223
  37310.00   -17.0274
  37320.00   -17.0654
  37330.00   -17.0988
  37340.00   -16.7474
  37350.00   -16.9352
  37360.00   -17.1115
  37370.00   -17.4127
  37380.00   -17.0548
  37390.00   -17.3139
  37400.00   -17.1245
  37410.00   -16.9478
  37420.00   -17.0752
  37430.00   -17.2978
  37440.00   -16.8831
  37450.00   -17.5832
  37460.00   -17.1023
  37470.00   -16.7164
  37480.00   -17.2209
  37490.00   -17.4203
  37500.00   -16.9151
  37510.00   -17.2576
  37520.00   -16.8425
  37530.00   -16.9284
  37540.00   -17.0971
  37550.00   -17.0146
  37560.00   -17.1547
  37570.00   -16.8828
  37580.00   -17.0742
  37590.00   -17.5361
  37600.00   -17.8555
  37610.00   -16.9110
  37620.00   -17.5350
  37630.00   -17.1535
  37640.00   -16.5094
  37650.00   -16.7469
  37660.00   -17.0433
  37670.00   -16.9272
  37680.00   -17.2437
  37690.00   -17.0279
  37700.00   -16.5553
  37710.00   -16.9483
  37720.00   -17.0347
  37730.00   -16.3991
  37740.00   -17.2508
  37750.00   -17.0337
  37760.00   -17.3664
  37770.00   -17.2024
  37780.00   -17.0452
  37790.00   -17.2573
  37800.00   -17.1086
  37810.00   -16.8830
  37820.00   -17.2064
  37830.00   -17.4914
  37840.00   -17.2947
  37850.00   -16.6728
  37860.00   -17.0344
  37870.00   -16.9974
  37880.00   -17.0490
  37890.00   -16.5803
  37900.00   -16.4135
  37910.00   -16.9206
  37920.00   -16.9924
  37930.00   -16.8697
  37940.00   -16.7907
  37950.00   -16.6424
  37960.00   -17.1234
  37970.00   -17.0953
  37980.00   -17.5023
  37990.00   -17.4141
  38000.00   -16.6004
  38010.00   -16.8195
  38020.00   -16.8546
  38030.00   -16.8816
  38040.00   -17.4148
  38050.00   -17.0864
  38060.00   -17.1161
  38070.00   -16.2628
  38080.00   -16.7894
  38090.00   -17.3685
  38100.00   -17.0497
  38110.00   -16.9220
  38120.00   -16.3139
  38130.00   -17.0296
  38140.00   -16.8207
  38150.00   -16.8674
  38160.00   -17.4975
  38170.00   -17.4652
  38180.00   -17.0192
  38190.00   -16.6490
  38200.00   -16.9196
  38210.00   -16.3826
  38220.00   -17.3412
  38230.00   -16.8060
  38240.00   -17.0493
  38250.00   -16.8347
  38260.00   -16.1759
  38270.00   -17.1774
  38280.00   -17.1081
  38290.00   -17.2157
  38300.00   -17.4271
  38310.00   -16.9349
  38320.00   -16.5630
  38330.00   -16.6180
  38340.00   -16.7080
  38350.00   -16.8221
  38360.00   -17.7481
  38370.00   -16.8398
  38380.00   -16.9169
  38390.00   -16.9395
  38400.00   -17.3085
  38410.00   -16.3376
  38420.00   -16.8979
  38430.00   -16.9856
  38440.00   -17.2400
  38450.00   -16.9990
  38460.00   -17.2882
  38470.00   -17.0957
  38480.00   -17.5669
  38490.00   -17.1405
  38500.00   -16.8296
  38510.00   -17.2279
  38520.00   -17.3276
  38530.00   -16.7075
  38540.00   -17.3057
  38550.00   -17.3127
  38560.00   -17.2273
  38570.00   -17.0874
  38580.00   -17.2979
  38590.00   -16.9073
  38600.00   -17.3349
  38610.00   -17.7378
  38620.00   -16.7315
  38630.00   -17.1099
  38640.00   -17.4247
  38650.00   -17.2694
  38660.00   -17.1318
  38670.00   -17.6008
  38680.00   -17.4396
  38690.00   -17.1389
  38700.00   -17.6393
  38710.00   -17.0793
  38720.00   -16.9765
  38730.00   -17.4764
  38740.00   -17.1028
  38750.00   -16.2289
  38760.00   -16.5556
  38770.00   -16.4537
  38780.00   -16.2014
  38790.00   -17.2561
  38800.00   -16.9015
  38810.00   -17.0391
  38820.00   -17.1839
  38830.00   -16.9976
  38840.00   -16.9169
  38850.00   -17.0716
  38860.00   -16.8505
  38870.00   -17.7227
  38880.00   -16.9967
  38890.00   -16.7331
  38900.00   -16.6581
  38910.00   -17.4529
  38920.00   -16.7728
  38930.00   -17.3329
  38940.00   -17.0705
  38950.00   -17.0267
  38960.00   -17.6673
  38970.00   -17.2395
  38980.00   -17.2659
  38990.00   -17.1571
  39000.00   -17.1741
  39010.00   -17.2800
  39020.00   -17.1994
  39030.00   -17.3579
  39040.00   -16.5858
  39050.00   -16.9270
  39060.00   -17.0107
  39070.00   -16.8430
  39080.00   -17.1433
  39090.00   -17.4341
  39100.00   -17.3058
  39110.00   -17.1203
  39120.00   -16.7826
  39130.00   -17.0840
  39140.00   -17.2051
  39150.00   -17.0972
  39160.00   -17.0694
  39170.00   -17.4250
  39180.00   -16.6954
  39190.00   -17.1262
  39200.00   -17.2589
  39210.00   -16.8844
  39220.00   -17.4677
  39230.00   -16.5646
  39240.00   -17.2674
  39250.00   -17.0073
  39260.00   -16.6128
  39270.00   -17.0423
  39280.00   -17.4672
  39290.00   -16.9788
  39300.00   -17.0856
  39310.00   -16.9202
  39320.00   -17.1657
  39330.00   -17.3296
  39340.00   -17.1207
  39350.00   -16.7181
  39360.00   -17.3057
  39370.00   -17.6743
  39380.00   -17.0262
  39390.00   -17.6218
  39400.00   -16.9140
  39410.00   -16.8007
  39420.00   -17.3140
  39430.00   -16.7364
  39440.00   -17.0317
  39450.00   -16.8620
  39460.00   -17.0109
  39470.00   -16.7483
  39480.00   -16.9518
  39490.00   -16.7157
  39500.00   -16.7055
  39510.00   -16.9245
  39520.00   -16.8280
  39530.00   -17.2024
  39540.00   -17.2685
  39550.00   -17.3086
  39560.00   -17.4427
  39570.00   -16.8515
  39580.00   -17.2817
  39590.00   -17.3607
  39600.00   -17.0310
  39610.00   -16.5110
  39620.00   -17.1214
  39630.00   -16.8364
  39640.00   -16.9165
  39650.00   -16.9079
  39660.00   -17.3827
  39670.00   -16.9778
  39680.00   -17.1099
  39690.00   -16.8885
  39700.00   -16.7756
  39710.00   -16.7896
  39720.00   -17.2800
  39730.00   -17.2670
  39740.00   -17.0823
  39750.00   -17.3806
  39760.00   -16.7629
  39770.00   -17.2098
  39780.00   -16.7637
  39790.00   -16.6669
  39800.00   -16.6512
  39810.00   -17.1293
  39820.00   -17.1129
  39830.00   -16.8021
  39840.00   -16.9626
  39850.00   -17.2193
  39860.00   -17.0318
  39870.00   -16.7751
  39880.00   -17.2198
  39890.00   -16.9103
  39900.00   -16.6248
  39910.00   -16.9044
  39920.00   -17.1738
  39930.00   -17.3128
  39940.00   -17.2990
  39950.00   -16.6040
  39960.00   -17.0935
  39970.00   -16.8544
  39980.00   -16.8251
  39990.00   -17.1219
  40000.00   -16.9531
  40010.00   -17.0520
  40020.00   -16.8593
  40030.00   -17.3940
  40040.00   -16.7762
  40050.00   -16.9842
  40060.00   -16.6288
  40070.00   -16.3751
  40080.00   -16.6892
  40090.00   -17.0631
  40100.00   -16.9948
  40110.00   -17.0172
  40120.00   -17.2407
  40130.00   -17.7931
  40140.00   -16.9953
  40150.00   -17.1697
  40160.00   -16.6044
  40170.00   -16.9555
  40180.00   -16.9505
  40190.00   -16.6517
  40200.00   -16.5737
  40210.00   -17.1472
  40220.00   -17.2368
  40230.00   -16.8022
  40240.00   -17.2307
  40250.00   -17.0563
  40260.00   -17.1377
  40270.00   -17.3304
  40280.00   -17.3482
  40290.00   -17.3590
  40300.00   -17.5724
  40310.00   -16.9409
  40320.00   -17.1019
  40330.00   -17.1321
  40340.00   -16.6938
  40350.00   -17.0392
  40360.00   -16.8516
  40370.00   -16.5560
  40380.00   -17.0806
  40390.00   -17.0432
  40400.00   -16.9069
  40410.00   -17.3756
  40420.00   -17.4701
  40430.00   -17.3233
  40440.00   -17.3424
  40450.00   -16.8545
  40460.00   -17.2666
  40470.00   -17.6525
  40480.00   -17.1215
  40490.00   -16.8851
  40500.00   -17.0256
  40510.00   -16.4771
  40520.00   -17.4123
  40530.00   -17.0142
  40540.00   -17.0562
  40550.00   -17.1598
  40560.00   -17.0820
  40570.00   -17.0987
  40580.00   -16.8741
  40590.00   -16.7153
  40600.00   -17.1807
  40610.00   -17.0122
  40620.00   -17.3514
  40630.00   -16.5647
  40640.00   -16.8777
  40650.00   -17.1052
  40660.00   -17.0182
  40670.00   -16.3100
  40680.00   -17.1106
  40690.00   -16.9147
  40700.00   -16.8101
  40710.00   -17.0307
  40720.00   -16.8291
  40730.00   -16.7323
  40740.00   -16.7201
  40750.00   -16.9292
  40760.00   -16.4537
  40770.00   -17.1622
  40780.00   -16.3157
  40790.00   -16.4306
  40800.00   -16.9672
  40810.00   -17.1206
  40820.00   -17.3119
  40830.00   -17.1215
  40840.00   -17.2349
  40850.00   -16.8664
  40860.00   -17.1743
  40870.00   -17.1234
  40880.00   -17.0032
  40890.00   -17.0056
  40900.00   -17.0725
  40910.00   -17.3183
  40920.00   -17.1848
  40930.00   -17.1511
  40940.00   -17.2035
  40950.00   -16.7927
  40960.00   -17.1302
  40970.00   -16.9293
  40980.00   -16.8609
  40990.00   -16.8521
  41000.00   -17.0871
  41010.00   -17.2613
  41020.00   -16.5980
  41030.00   -16.8491
  41040.00   -17.3910
  41050.00   -17.2905
  41060.00   -17.1456
  41070.00   -16.7072
  41080.00   -17.2461
  41090.00   -17.6106
  41100.00   -17.0933
  41110.00   -17.0922
  41120.00   -17.3341
  41130.00   -16.9248
  41140.00   -17.2494
  41150.00   -17.0471
  41160.00   -17.0341
  41170.00   -17.0719
  41180.00   -16.9389
  41190.00   -17.4263
  41200.00   -16.6495
  41210.00   -17.0143
  41220.00   -16.8650
  41230.00   -17.6957
  41240.00   -16.8355
  41250.00   -16.8988
  41260.00   -16.8500
  41270.00   -17.2276
  41280.00   -17.3053
  41290.00   -17.1535
  41300.00   -17.7280
  41310.00   -17.3996
  41320.00   -17.3154
  41330.00   -16.8635
  41340.00   -16.9755
  41350.00   -17.1986
  41360.00   -16.9576
  41370.00   -17.4285
  41380.00   -17.1719
  41390.00   -17.3370
  41400.00   -17.1344
  41410.00   -16.8657
  41420.00   -17.0349
  41430.00   -17.0914
  41440.00   -17.1496
  41450.00   -17.3022
  41460.00   -17.2062
  41470.00   -16.9984
  41480.00   -17.0723
  41490.00   -17.1764
  41500.00   -17.0329
  41510.00   -17.0276
  41520.00   -16.8639
  41530.00   -16.9529
  41540.00   -17.6169
  41550.00   -17.0823
  41560.00   -17.8998
  41570.00   -17.1023
  41580.00   -17.1480
  41590.00   -17.0933
  41600.00   -16.9119
  41610.00   -17.1673
  41620.00   -17.1785
  41630.00   -17.0790
  41640.00   -17.1388
  41650.00   -16.8539
  41660.00   -17.3025
  41670.00   -17.0482
  41680.00   -16.9968
  41690.00   -17.2711
  41700.00   -16.9915
  41710.00   -17.2219
  41720.00   -17.0390
  41730.00   -17.4062
  41740.00   -17.4289
  41750.00   -17.6415
  41760.00   -17.3110
  41770.00   -17.5720
  41780.00   -17.5819
  41790.00   -17.1293
  41800.00   -16.9183
  41810.00   -17.1761
  41820.00   -17.6694
  41830.00   -16.8339
  41840.00   -16.6718
  41850.00   -16.7931
  41860.00   -16.7837
  41870.00   -17.1300
  41880.00   -17.3051
  41890.00   -17.0445
  41900.00   -16.9052
  41910.00   -16.9144
  41920.00   -17.2748
  41930.00   -17.0600
  41940.00   -16.9945
  41950.00   -17.0474
  41960.00   -16.7786
  41970.00   -17.0221
  41980.00   -17.3036
  41990.00   -16.9002
  42000.00   -17.5254
  42010.00   -16.9416
  42020.00   -17.2849
  42030.00   -16.6507
  42040.00   -17.4207
  42050.00   -17.5943
  42060.00   -17.3488
  42070.00   -17.0195
  42080.00   -16.6739
  42090.00   -16.7031
  42100.00   -16.4471
  42110.00   -16.7057
  42120.00   -17.4859
  42130.00   -17.2795
  42140.00   -17.1951
  42150.00   -17.4030
  42160.00   -17.5558
  42170.00   -16.9535
  42180.00   -17.7229
  42190.00   -16.9609
  42200.00   -16.9568
  42210.00   -16.6597
  42220.00   -17.0849
  42230.00   -16.9558
  42240.00   -17.0670
  42250.00   -17.1594
  42260.00   -17.1112
  42270.00   -17.1826
  42280.00   -17.1916
  42290.00   -17.3088
  42300.00   -17.3521
  42310.00   -17.4027
  42320.00   -17.3033
  42330.00   -17.1501
  42340.00   -17.4213
  42350.00   -16.8953
  42360.00   -17.6912
  42370.00   -17.0155
  42380.00   -17.3520
  42390.00   -17.0833
  42400.00   -16.9118
  42410.00   -17.3522
  42420.00   -16.8521
  42430.00   -17.3802
  42440.00   -17.6260
  42450.00   -16.8981
  42460.00   -17.7461
  42470.00   -17.3305
  42480.00   -17.2408
  42490.00   -17.1201
  42500.00   -17.3613
  42510.00   -17.5676
  42520.00   -17.2176
  42530.00   -17.3151
  42540.00   -16.7873
  42550.00   -16.8467
  42560.00   -16.8921
  42570.00   -16.9455
  42580.00   -16.6811
  42590.00   -17.1598
  42600.00   -17.0109
  42610.00   -16.9849
  42620.00   -16.8065
  42630.00   -17.1717
  42640.00   -17.3168
  42650.00   -17.2906
  42660.00   -17.0202
  42670.00   -17.2569
  42680.00   -17.2772
  42690.00   -16.9424
  42700.00   -16.8677
  42710.00   -16.8573
  42720.00   -17.0780
  42730.00   -17.1859
  42740.00   -17.5424
  42750.00   -17.0337
  42760.00   -17.2339
  42770.00   -17.1035
  42780.00   -16.7332
  42790.00   -16.8388
  42800.00   -17.1759
  42810.00   -17.1475
  42820.00   -17.0806
  42830.00   -17.1064
  42840.00   -16.7255
  42850.00   -16.8403
  42860.00   -16.9277
  42870.00   -17.1215
  42880.00   -17.3670
  42890.00   -16.9492
  42900.00   -16.9896
  42910.00   -16.9499
  42920.00   -17.4283
  42930.00   -16.9476
  42940.00   -17.2264
  42950.00   -17.3190
  42960.00   -16.8883
  42970.00   -17.1473
  42980.00   -17.2419
  42990.00   -17.3602
  43000.00   -17.1220
  43010.00   -16.9613
  43020.00   -17.2407
  43030.00   -17.4687
  43040.00   -17.1766
  43050.00   -17.2895
  43060.00   -16.8167
  43070.00   -17.0705
  43080.00   -16.7811
  43090.00   -17.1122
  43100.00   -16.8425
  43110.00   -17.2698
  43120.00   -16.7064
  43130.00   -16.8711
  43140.00   -17.1703
  43150.00   -17.0888
  43160.00   -17.0790
  43170.00   -16.9887
  43180.00   -17.1529
  43190.00   -17.0310
  43200.00   -17.0859
  43210.00   -17.0265
  43220.00   -17.2290
  43230.00   -16.9462
  43240.00   -17.0229
  43250.00   -17.1113
  43260.00   -16.8357
  43270.00   -16.6061
  43280.00   -17.2576
  43290.00   -16.8881
  43300.00   -17.2275
  43310.00   -17.2394
  43320.00   -16.8020
  43330.00   -17.1029
  43340.00   -17.4035
  43350.00   -16.8516
  43360.00   -17.3878
  43370.00   -17.1060
  43380.00   -16.8411
  43390.00   -16.8252
  43400.00   -17.2790
  43410.00   -17.2358
  43420.00   -17.1797
  43430.00   -17.3040
  43440.00   -17.2102
  43450.00   -16.3848
  43460.00   -17.5780
  43470.00   -17.2719
  43480.00   -17.2296
  43490.00   -17.2372
  43500.00   -17.1406
  43510.00   -17.2074
  43520.00   -16.7356
  43530.00   -17.1021
  43540.00   -16.8376
  43550.00   -16.9098
  43560.00   -16.8164
  43570.00   -16.8041
  43580.00   -17.2290
  43590.00   -16.6894
  43600.00   -17.1021
  43610.00   -16.6983
  43620.00   -17.5337
  43630.00   -17.3976
  43640.00   -17.2940
  43650.00   -16.6580
  43660.00   -17.2231
  43670.00   -17.0181
  43680.00   -16.8363
  43690.00   -17.0061
  43700.00   -16.7360
  43710.00   -16.4589
  43720.00   -16.8750
  43730.00   -16.8252
  43740.00   -16.7592
  43750.00   -16.7139
  43760.00   -16.8866
  43770.00   -16.7089
  43780.00   -16.8034
  43790.00   -16.9525
  43800.00   -17.0967
  43810.00   -16.7613
  43820.00   -16.8616
  43830.00   -17.1016
  43840.00   -17.2157
  43850.00   -17.0859
  43860.00   -16.9713
  43870.00   -16.9959
  43880.00   -17.3530
  43890.00   -16.7400
  43900.00   -17.2604
  43910.00   -16.8467
  43920.00   -16.4429
  43930.00   -17.2419
  43940.00   -17.6618
  43950.00   -17.2769
  43960.00   -17.5297
  43970.00   -17.0106
  43980.00   -16.5648
  43990.00   -17.4149
  44000.00   -17.2437
  44010.00   -16.7952
  44020.00   -17.2205
  44030.00   -16.8884
  44040.00   -17.2672
  44050.00   -16.8989
  44060.00   -17.1279
  44070.00   -16.9056
  44080.00   -17.0853
  44090.00   -17.1711
  44100.00   -16.7632
  44110.00   -17.3839
  44120.00   -17.4455
  44130.00   -16.7173
  44140.00   -17.4035
  44150.00   -16.5372
  44160.00   -17.3637
  44170.00   -17.1148
  44180.00   -17.0780
  44190.00   -17.1752
  44200.00   -17.0845
  44210.00   -17.3694
  44220.00   -17.3664
  44230.00   -17.0952
  44240.00   -17.1446
  44250.00   -17.1942
  44260.00   -17.6116
  44270.00   -17.1634
  44280.00   -16.8941
  44290.00   -17.0753
  44300.00   -16.7908
  44310.00   -17.0383
  44320.00   -16.7769
  44330.00   -17.1732
  44340.00   -16.7016
  44350.00   -17.5166
  44360.00   -17.4125
  44370.00   -16.9157
  44380.00   -17.2068
  44390.00   -17.5515
  44400.00   -17.6866
  44410.00   -17.3245
  44420.00   -16.1844
  44430.00   -17.4113
  44440.00   -17.2667
  44450.00   -17.3213
  44460.00   -17.2335
  44470.00   -16.7896
  44480.00   -16.9583
  44490.00   -17.2545
  44500.00   -16.9748
  44510.00   -17.1075
  44520.00   -17.2440
  44530.00   -17.1143
  44540.00   -17.1906
  44550.00   -16.9163
  44560.00   -16.9076
  44570.00   -16.8217
  44580.00   -17.2637
  44590.00   -16.4336
  44600.00   -16.7354
  44610.00   -17.4568
  44620.00   -16.5886
  44630.00   -17.2612
  44640.00   -16.9153
  44650.00   -16.8752
  44660.00   -17.6514
  44670.00   -16.4362
  44680.00   -16.9057
  44690.00   -16.9606
  44700.00   -17.3060
  44710.00   -16.8712
  44720.00   -16.8153
  44730.00   -17.3447
  44740.00   -17.6372
  44750.00   -17.3389
  44760.00   -16.7085
  44770.00   -17.2351
  44780.00   -16.9961
  44790.00   -16.6098
  44800.00   -16.9962
  44810.00   -17.2706
  44820.00   -16.7550
  44830.00   -16.6497
  44840.00   -17.3354
  44850.00   -16.8560
  44860.00   -17.4092
  44870.00   -17.4118
  44880.00   -17.2729
  44890.00   -16.8529
  44900.00   -17.0574
  44910.00   -17.7332
  44920.00   -16.8666
  44930.00   -16.8200
  44940.00   -17.3564
  44950.00   -16.8433
  44960.00   -16.8244
  44970.00   -16.8533
  44980.00   -17.5812
  44990.00   -16.8402
  45000.00   -16.8516
  45010.00   -16.9147
  45020.00   -16.8783
  45030.00   -16.5771
  45040.00   -16.5522
  45050.00   -16.5012
  45060.00   -16.8457
  45070.00   -16.2126
  45080.00   -16.4385
  45090.00   -16.5729
  45100.00   -16.5864
  45110.00   -16.7541
  45120.00   -16.8168
  45130.00   -16.7495
  45140.00   -16.5677
  45150.00   -17.1321
  45160.00   -16.9382
  45170.00   -16.9599
  45180.00   -17.2590
  45190.00   -17.2764
  45200.00   -17.1095
  45210.00   -16.7909
  45220.00   -17.0178
  45230.00   -16.9725
  45240.00   -17.1273
  45250.00   -17.0090
  45260.00   -17.8236
  45270.00   -17.1481
  45280.00   -16.9028
  45290.00   -17.1824
  45300.00   -16.6256
  45310.00   -16.8162
  45320.00   -16.7156
  45330.00   -16.7650
  45340.00   -17.3189
  45350.00   -16.7361
  45360.00   -17.6379
  45370.00   -17.1450
  45380.00   -17.2988
  45390.00   -16.5135
  45400.00   -17.1801
  45410.00   -17.2840
  45420.00   -16.9875
  45430.00   -16.9536
  45440.00   -16.8425
  45450.00   -16.8880
  45460.00   -17.1694
  45470.00   -17.0973
  45480.00   -16.7444
  45490.00   -16.8102
  45500.00   -17.1052
  45510.00   -16.9898
  45520.00   -17.5208
  45530.00   -17.4756
  45540.00   -17.1511
  45550.00   -16.7799
  45560.00   -16.8541
  45570.00   -16.9186
  45580.00   -16.8408
  45590.00   -16.5349
  45600.00   -17.1299
  45610.00   -16.4966
  45620.00   -17.3029
  45630.00   -16.8214
  45640.00   -16.8294
  45650.00   -16.7513
  45660.00   -16.7259
  45670.00   -17.2933
  45680.00   -16.9452
  45690.00   -16.4489
  45700.00   -16.9786
  45710.00   -16.8821
  45720.00   -17.0942
  45730.00   -16.9881
  45740.00   -16.9687
  45750.00   -17.0652
  45760.00   -17.3838
  45770.00   -16.5817
  45780.00   -16.9376
  45790.00   -17.1545
  45800.00   -16.6485
  45810.00   -17.2162
  45820.00   -16.8637
  45830.00   -17.1852
  45840.00   -17.3957
  45850.00   -17.0398
  45860.00   -16.9973
  45870.00   -16.4764
  45880.00   -17.1971
  45890.00   -16.7087
  45900.00   -17.2006
  45910.00   -16.7211
  45920.00   -17.4502
  45930.00   -17.3840
  45940.00   -17.1221
  45950.00   -17.0461
  45960.00   -17.1356
  45970.00   -16.9529
  45980.00   -17.3391
  45990.00   -17.2116
  46000.00   -16.5400
  46010.00   -16.7659
  46020.00   -17.1017
  46030.00   -17.0509
  46040.00   -17.2627
  46050.00   -17.4095
  46060.00   -17.0637
  46070.00   -17.0541
  46080.00   -16.8656
  46090.00   -16.9299
  46100.00   -17.2473
  46110.00   -16.6651
  46120.00   -17.2810
  46130.00   -16.9157
  46140.00   -16.8562
  46150.00   -17.4984
  46160.00   -17.0895
  46170.00   -17.1891
  46180.00   -17.1792
  46190.00   -17.2586
  46200.00   -17.7161
  46210.00   -17.4425
  46220.00   -17.2174
  46230.00   -16.9900
  46240.00   -16.8353
  46250.00   -16.9549
  46260.00   -17.1378
  46270.00   -17.0457
  46280.00   -16.8709
  46290.00   -17.1986
  46300.00   -16.9409
  46310.00   -17.3149
  46320.00   -17.0550
  46330.00   -17.3080
  46340.00   -17.0370
  46350.00   -16.6656
  46360.00   -17.3143
  46370.00   -16.7919
  46380.00   -16.7716
  46390.00   -16.7862
  46400.00   -17.4860
  46410.00   -16.5564
  46420.00   -17.1411
  46430.00   -17.0053
  46440.00   -16.8864
  46450.00   -17.6373
  46460.00   -16.9584
  46470.00   -17.4255
  46480.00   -17.8045
  46490.00   -16.6706
  46500.00   -16.9024
  46510.00   -16.8395
  46520.00   -16.4463
  46530.00   -16.5736
  46540.00   -16.6754
  46550.00   -16.8654
  46560.00   -16.7068
  46570.00   -17.2373
  46580.00   -16.4674
  46590.00   -16.8418
  46600.00   -17.1553
  46610.00   -17.2046
  46620.00   -17.1313
  46630.00   -17.2867
  46640.00   -17.4480
  46650.00   -16.9736
  46660.00   -16.8252
  46670.00   -16.9500
  46680.00   -17.3236
  46690.00   -16.8642
  46700.00   -17.4049
  46710.00   -17.4937
  46720.00   -16.7602
  46730.00   -17.3671
  46740.00   -17.0240
  46750.00   -16.6958
  46760.00   -17.3486
  46770.00   -17.3089
  46780.00   -16.7534
  46790.00   -17.0924
  46800.00   -17.0044
  46810.00   -17.1550
  46820.00   -17.4253
  46830.00   -16.6088
  46840.00   -16.9565
  46850.00   -17.4410
  46860.00   -17.0237
  46870.00   -17.3201
  46880.00   -17.0113
  46890.00   -16.8433
  46900.00   -17.2359
  46910.00   -17.1373
  46920.00   -17.1568
  46930.00   -17.1327
  46940.00   -16.9193
  46950.00   -16.5029
  46960.00   -16.7993
  46970.00   -16.6891
  46980.00   -16.7195
  46990.00   -17.2265
  47000.00   -16.8761
  47010.00   -17.2009
  47020.00   -16.9622
  47030.00   -16.9033
  47040.00   -17.0625
  47050.00   -17.3556
  47060.00   -16.9801
  47070.00   -16.9039
  47080.00   -17.1052
  47090.00   -17.2040
  47100.00   -17.6885
  47110.00   -16.7752
  47120.00   -16.7154
  47130.00   -16.8685
  47140.00   -17.1675
  47150.00   -17.2167
  47160.00   -17.0587
  47170.00   -17.5839
  47180.00   -16.9041
  47190.00   -16.4914
  47200.00   -16.7698
  47210.00   -16.8228
  47220.00   -16.9473
  47230.00   -16.8220
  47240.00   -17.0400
  47250.00   -16.9745
  47260.00   -17.1575
  47270.00   -17.4375
  47280.00   -17.3164
  47290.00   -17.2022
  47300.00   -17.0352
  47310.00   -17.3503
  47320.00   -17.0442
  47330.00   -16.3271
  47340.00   -16.6396
  47350.00   -17.3421
  47360.00   -16.8546
  47370.00   -16.6919
  47380.00   -17.2687
  47390.00   -16.5411
  47400.00   -17.4061
  47410.00   -17.5900
  47420.00   -17.7222
  47430.00   -16.8534
  47440.00   -17.3075
  47450.00   -16.7398
  47460.00   -17.3694
  47470.00   -16.9603
  47480.00   -17.2304
  47490.00   -17.2861
  47500.00   -16.8986
  47510.00   -16.8929
  47520.00   -17.2642
  47530.00   -17.3015
  47540.00   -17.2956
  47550.00   -16.8651
  47560.00   -16.8772
  47570.00   -17.0698
  47580.00   -16.8932
  47590.00   -17.4013
  47600.00   -17.2168
  47610.00   -17.1636
  47620.00   -16.8779
  47630.00   -16.9227
  47640.00   -17.0232
  47650.00   -17.1536
  47660.00   -16.6163
  47670.00   -17.0886
  47680.00   -16.7101
  47690.00   -16.9110
  47700.00   -16.8858
  47710.00   -17.4725
  47720.00   -17.1454
  47730.00   -17.0974
  47740.00   -17.4956
  47750.00   -16.9413
  47760.00   -17.0811
  47770.00   -16.5484
  47780.00   -17.2521
  47790.00   -17.2884
  47800.00   -17.0022
  47810.00   -17.1075
  47820.00   -16.9267
  47830.00   -17.2326
  47840.00   -17.0178
  47850.00   -17.1628
  47860.00   -17.0109
  47870.00   -17.3216
  47880.00   -16.9235
  47890.00   -17.1566
  47900.00   -17.0149
  47910.00   -17.4078
  47920.00   -16.9512
  47930.00   -17.3650
  47940.00   -17.4029
  47950.00   -17.5207
  47960.00   -17.0677
  47970.00   -17.0274
  47980.00   -17.1221
  47990.00   -17.0918
  48000.00   -17.1129
  48010.00   -17.0160
  48020.00   -16.9293
  48030.00   -17.0768
  48040.00   -17.5284
  48050.00   -16.9980
  48060.00   -16.6106
  48070.00   -17.2306
  48080.00   -16.7526
  48090.00   -16.8175
  48100.00   -16.7863
  48110.00   -17.3353
  48120.00   -16.9800
  48130.00   -16.8942
  48140.00   -17.0728
  48150.00   -16.7672
  48160.00   -17.3980
  48170.00   -16.8572
  48180.00   -17.2925
  48190.00   -17.3947
  48200.00   -16.9727
  48210.00   -16.8799
  48220.00   -16.9160
  48230.00   -16.7779
  48240.00   -17.0327
  48250.00   -16.9531
  48260.00   -17.1128
  48270.00   -17.3541
  48280.00   -17.3770
  48290.00   -16.9337
  48300.00   -17.0408
  48310.00   -16.9939
  48320.00   -17.4719
  48330.00   -17.1128
  48340.00   -17.4763
  48350.00   -16.7284
  48360.00   -17.0153
  48370.00   -16.9672
  48380.00   -16.6163
  48390.00   -17.2687
  48400.00   -17.1669
  48410.00   -17.7384
  48420.00   -17.2155
  48430.00   -17.2909
  48440.00   -17.4839
  48450.00   -17.1391
  48460.00   -16.8730
  48470.00   -16.4438
  48480.00   -17.2406
  48490.00   -16.9493
  48500.00   -17.0809
  48510.00   -17.1938
  48520.00   -17.2421
  48530.00   -17.1905
  48540.00   -17.1532
  48550.00   -17.7275
  48560.00   -17.2901
  48570.00   -17.3680
  48580.00   -16.9027
  48590.00   -17.4667
  48600.00   -16.9950
  48610.00   -17.3778
  48620.00   -17.0187
  48630.00   -16.5483
  48640.00   -16.7917
  48650.00   -16.9748
  48660.00   -16.9197
  48670.00   -16.9239
  48680.00   -16.8773
  48690.00   -16.6472
  48700.00   -16.7958
  48710.00   -17.2408
  48720.00   -16.8386
  48730.00   -16.7016
  48740.00   -17.1923
  48750.00   -17.2592
  48760.00   -17.1944
  48770.00   -17.1108
  48780.00   -16.8686
  48790.00   -17.1677
  48800.00   -17.3058
  48810.00   -17.0125
  48820.00   -17.0745
  48830.00   -17.2921
  48840.00   -16.9221
  48850.00   -17.0792
  48860.00   -17.2298
  48870.00   -16.7058
  48880.00   -16.7737
  48890.00   -17.2780
  48900.00   -17.3814
  48910.00   -17.2010
  48920.00   -17.4368
  48930.00   -16.9082
  48940.00   -16.8891
  48950.00   -17.0040
  48960.00   -16.9982
  48970.00   -17.0608
  48980.00   -16.9485
  48990.00   -17.0282
  49000.00   -16.8268
  49010.00   -16.7927
  49020.00   -17.0446
  49030.00   -17.4856
  49040.00   -17.0005
  49050.00   -17.1054
  49060.00   -16.8357
  49070.00   -16.5249
  49080.00   -17.0252
  49090.00   -16.9512
  49100.00   -17.1565
  49110.00   -17.0169
  49120.00   -16.8080
  49130.00   -17.3739
  49140.00   -16.7227
  49150.00   -17.4176
  49160.00   -17.0544
  49170.00   -16.7856
  49180.00   -17.2180
  49190.00   -16.7343
  49200.00   -16.9670
  49210.00   -16.4997
  49220.00   -16.8489
  49230.00   -16.3112
  49240.00   -17.0182
  49250.00   -16.8983
  49260.00   -16.4882
  49270.00   -16.8004
  49280.00   -17.2564
  49290.00   -17.1815
  49300.00   -16.8735
  49310.00   -17.1739
  49320.00   -16.6686
  49330.00   -17.0908
  49340.00   -17.5665
  49350.00   -17.2193
  49360.00   -17.1463
  49370.00   -17.1895
  49380.00   -17.6265
  49390.00   -17.0929
  49400.00   -17.0530
  49410.00   -16.8074
  49420.00   -16.9488
  49430.00   -16.7025
  49440.00   -16.3886
  49450.00   -17.6224
  49460.00   -17.1299
  49470.00   -17.4282
  49480.00   -17.2616
  49490.00   -16.5563
  49500.00   -16.7830
  49510.00   -16.2213
  49520.00   -16.9750
  49530.00   -16.5934
  49540.00   -17.2083
  49550.00   -16.8940
  49560.00   -16.9065
  49570.00   -17.1937
  49580.00   -17.0682
  49590.00   -16.9597
  49600.00   -17.2060
  49610.00   -16.9097
  49620.00   -17.3386
  49630.00   -17.0948
  49640.00   -16.7809
  49650.00   -16.8721
  49660.00   -16.6621
  49670.00   -16.7276
  49680.00   -17.2494
  49690.00   -16.7104
  49700.00   -16.6724
  49710.00   -17.1983
  49720.00   -16.5467
  49730.00   -17.1706
  49740.00   -16.9778
  49750.00   -17.0539
  49760.00   -16.4619
  49770.00   -17.0777
  49780.00   -17.3155
  49790.00   -17.0774
  49800.00   -17.0504
  49810.00   -16.9696
  49820.00   -16.9315
  49830.00   -17.0160
  49840.00   -16.7675
  49850.00   -17.0592
  49860.00   -16.6576
  49870.00   -17.1416
  49880.00   -16.6810
  49890.00   -16.7803
  49900.00   -17.0944
  49910.00   -16.6087
  49920.00   -16.7509
  49930.00   -16.8551
  49940.00   -16.5036
  49950.00   -16.9717
  49960.00   -17.1650
  49970.00   -16.9877
  49980.00   -17.5431
  49990.00   -17.7373
  50000.00   -17.8795
