     10.00     9.0417
     20.00     9.3962
     30.00     8.8172
     40.00     8.8589
     50.00     8.9024
     60.00     9.0813
     70.00     8.9100
     80.00     9.1620
     90.00     9.0178
    100.00     9.3978
    110.00     9.1162
    120.00     9.1159
    130.00     9.1582
    140.00     9.8234
    150.00     9.1312
    160.00     9.4049
    170.00     9.7290
    180.00     9.3572
    190.00     8.9053
    200.00     8.9113
    210.00     8.6235
    220.00     9.0191
    230.00     9.0429
    240.00     9.2010
    250.00     9.7729
    260.00     9.1728
    270.00     9.2259
    280.00     9.0570
    290.00     8.8152
    300.00     8.6805
    310.00     9.2224
    320.00     9.5556
    330.00     8.6475
    340.00     9.4134
    350.00     9.4140
    360.00     9.2906
    370.00     9.0669
    380.00     9.2658
    390.00     8.8559
    400.00     9.1181
    410.00     9.4372
    420.00     9.3423
    430.00     9.4682
    440.00     9.2206
    450.00     9.5906
    460.00     8.8501
    470.00     8.7411
    480.00     8.7358
    490.00     8.6766
    500.00     9.3730
    510.00     9.1375
    520.00     8.4711
    530.00     9.1365
    540.00     9.2025
    550.00     8.6813
    560.00     8.7674
    570.00     8.8883
    580.00     9.0564
    590.00     9.0387
    600.00     8.9048
    610.00     8.9229
    620.00     9.0659
    630.00     9.1301
    640.00     8.6987
    650.00     9.0772
    660.00     9.3610
    670.00     9.0979
    680.00     9.2072
    690.00     9.0222
    700.00     9.0769
    710.00     9.2948
    720.00     9.0992
    730.00     9.0728
    740.00     9.4423
    750.00     9.0597
    760.00     9.3398
    770.00     9.1532
    780.00     9.5175
    790.00     9.1189
    800.00     9.3316
    810.00     9.3853
    820.00     9.0585
    830.00     9.5646
    840.00     9.0947
    850.00     8.8213
    860.00     9.6048
    870.00     9.2003
    880.00     9.2119
    890.00     9.2519
    900.00     9.3360
    910.00     8.7837
    920.00     9.2476
    930.00     8.7865
    940.00     8.7598
    950.00     9.1147
    960.00     9.3860
    970.00     9.2352
    980.00     9.2931
    990.00     9.0576
   1000.00     9.4746
   1010.00     9.2292
   1020.00     8.9949
   1030.00     9.5485
   1040.00     9.0820
   1050.00     8.5603
   1060.00     9.0191
   1070.00     9.3677
   1080.00     8.9213
   1090.00     9.1697
   1100.00     8.3641
   1110.00     9.3182
   1120.00     8.9290
   1130.00     9.4682
   1140.00     9.0660
   1150.00     8.9625
   1160.00     8.9270
   1170.00     8.6377
   1180.00     8.9888
   1190.00     9.3837
   1200.00     9.2697
   1210.00     9.1526
   1220.00     9.1260
   1230.00     8.8797
   1240.00     8.8734
   1250.00     9.3172
   1260.00     9.0932
   1270.00     9.3611
   1280.00     9.1285
   1290.00     9.5082
   1300.00     9.1629
   1310.00     9.6302
   1320.00     9.0681
   1330.00     8.6767
   1340.00     9.0708
   1350.00     9.0095
   1360.00     9.1551
   1370.00     9.0803
   1380.00     9.2124
   1390.00     9.0352
   1400.00     9.4563
   1410.00     9.0610
   1420.00     8.4318
   1430.00     9.3096
   1440.00     9.4216
   1450.00     9.0472
   1460.00     9.1353
   1470.00     9.2144
   1480.00     9.0823
   1490.00     8.9429
   1500.00     9.2116
   1510.00     9.3398
   1520.00     9.0942
   1530.00     9.3941
   1540.00     9.0577
   1550.00     8.5395
   1560.00     9.0507
   1570.00     9.2374
   1580.00     9.3093
   1590.00     9.6415
   1600.00     9.0900
   1610.00     9.1657
   1620.00     9.1376
   1630.00     9.0452
   1640.00     9.2069
   1650.00     9.2125
   1660.00     9.0544
   1670.00     8.7147
   1680.00     9.1219
   1690.00     8.3096
   1700.00     8.9960
   1710.00     9.0126
   1720.00     9.1285
   1730.00     9.0164
   1740.00     8.9546
   1750.00     9.5513
   1760.00     8.8714
   1770.00     9.6297
   1780.00     9.4967
   1790.00     9.1060
   1800.00     9.0526
   1810.00     8.9017
   1820.00     8.9120
   1830.00     9.5945
   1840.00     8.8513
   1850.00     8.8862
   1860.00     8.9548
   1870.00     8.9278
   1880.00     8.9432
   1890.00     9.0924
   1900.00     8.9847
   1910.00     9.1583
   1920.00     9.1319
   1930.00     9.2071
   1940.00     9.6166
   1950.00     9.4138
   1960.00     9.2265
   1970.00     8.9058
   1980.00     9.5617
   1990.00     9.0761
   2000.00     9.5487
   2010.00     9.4643
   2020.00     8.8817
   2030.00     8.9940
   2040.00     9.3331
   2050.00     9.0021
   2060.00     9.6681
   2070.00     9.6072
   2080.00     8.7382
   2090.00     9.1690
   2100.00     8.7079
   2110.00     8.8763
   2120.00     8.8902
   2130.00     9.0623
   2140.00     9.3246
   2150.00     8.9291
   2160.00     9.5107
   2170.00     9.2247
   2180.00     9.0616
   2190.00     9.4098
   2200.00     8.8003
   2210.00     9.3366
   2220.00     8.9801
   2230.00     9.0141
   2240.00     8.8989
   2250.00     8.9445
   2260.00     8.9751
   2270.00     9.3131
   2280.00     9.3032
   2290.00     8.9397
   2300.00     9.3774
   2310.00     9.4574
   2320.00     9.4121
   2330.00     8.7940
   2340.00     9.1375
   2350.00     8.7650
   2360.00     9.5198
   2370.00     8.8606
   2380.00     9.2057
   2390.00     8.8314
   2400.00     9.3309
   2410.00     9.6032
   2420.00     9.5579
   2430.00     9.2420
   2440.00     9.2442
   2450.00     9.4184
   2460.00     9.1691
   2470.00     8.9784
   2480.00     9.6129
   2490.00     8.9852
   2500.00     9.1508
   2510.00     9.1319
   2520.00     8.6239
   2530.00     9.2031
   2540.00     8.9587
   2550.00     8.7687
   2560.00     9.4189
   2570.00     9.4148
   2580.00     9.9134
   2590.00     9.0296
   2600.00     8.9945
   2610.00     9.1587
   2620.00     9.2674
   2630.00     9.0778
   2640.00     8.7238
   2650.00     9.1656
   2660.00     8.9833
   2670.00     9.0880
   2680.00     9.3231
   2690.00     8.9948
   2700.00     9.1363
   2710.00     9.1821
   2720.00     9.1192
   2730.00     9.0603
   2740.00     9.3029
   2750.00     9.5890
   2760.00     9.4253
   2770.00     8.6916
   2780.00     8.6306
   2790.00     8.6818
   2800.00     9.0032
   2810.00     8.9332
   2820.00     8.5543
   2830.00     9.0973
   2840.00     8.9835
   2850.00     9.1806
   2860.00     9.2755
   2870.00     9.2763
   2880.00     9.1919
   2890.00     9.1953
   2900.00     8.9844
   2910.00     8.8871
   2920.00     9.3807
   2930.00     9.2506
   2940.00     8.6499
   2950.00     8.9465
   2960.00     8.7229
   2970.00     8.8324
   2980.00     9.1285
   2990.00     9.0630
   3000.00     8.7765
   3010.00     9.2206
   3020.00     9.0753
   3030.00     9.0204
   3040.00     9.0057
   3050.00     8.9181
   3060.00     9.2171
   3070.00     9.5100
   3080.00     8.8718
   3090.00     8.7693
   3100.00     9.2166
   3110.00     9.0017
   3120.00     8.9060
   3130.00     9.1402
   3140.00     8.9254
   3150.00     9.1404
   3160.00     9.1739
   3170.00     9.0512
   3180.00     9.1709
   3190.00     9.1525
   3200.00     9.2856
   3210.00     9.2249
   3220.00     9.4124
   3230.00     8.9654
   3240.00     9.3062
   3250.00     9.4206
   3260.00     9.3012
   3270.00     9.3824
   3280.00     8.7117
   3290.00     9.3380
   3300.00     8.9039
   3310.00     9.3998
   3320.00     9.0987
   3330.00     9.1506
   3340.00     9.2298
   3350.00     8.8112
   3360.00     9.2499
   3370.00     8.6119
   3380.00     8.6420
   3390.00     8.7433
   3400.00     8.5550
   3410.00     9.4774
   3420.00     9.6416
   3430.00     9.2241
   3440.00     9.5682
   3450.00     9.1380
   3460.00     9.0307
   3470.00     8.9691
   3480.00     9.5928
   3490.00     9.5757
   3500.00     8.7206
   3510.00     9.1516
   3520.00     8.6343
   3530.00     9.0847
   3540.00     8.7626
   3550.00     9.1007
   3560.00     9.1114
   3570.00     9.1153
   3580.00     9.1638
   3590.00     9.1623
   3600.00     8.7420
   3610.00     8.8542
   3620.00     9.5425
   3630.00     9.3133
   3640.00     8.7964
   3650.00     9.1441
   3660.00     8.9795
   3670.00     8.9188
   3680.00     9.3173
   3690.00     8.9703
   3700.00     8.7208
   3710.00     9.2243
   3720.00     9.7569
   3730.00     9.0959
   3740.00     9.3829
   3750.00     8.6992
   3760.00     8.9389
   3770.00     9.2087
   3780.00     9.0071
   3790.00     9.2979
   3800.00     9.1275
   3810.00     8.5351
   3820.00     8.1640
   3830.00     8.8842
   3840.00     9.4685
   3850.00     8.8769
   3860.00     8.8627
   3870.00     8.7876
   3880.00     9.0996
   3890.00     9.3625
   3900.00     8.9849
   3910.00     9.0983
   3920.00     8.9182
   3930.00     9.4069
   3940.00     9.1251
   3950.00     8.8258
   3960.00     9.1613
   3970.00     8.9676
   3980.00     8.5702
   3990.00     9.3584
   4000.00     8.8052
   4010.00     9.3809
   4020.00     8.3450
   4030.00     8.8445
   4040.00     8.9735
   4050.00     9.1565
   4060.00     9.2080
   4070.00     9.3162
   4080.00     9.4008
   4090.00     9.0130
   4100.00     8.8231
   4110.00     8.9064
   4120.00     9.0362
   4130.00     9.0674
   4140.00     9.0323
   4150.00     9.2588
   4160.00     9.0453
   4170.00     9.4498
   4180.00     9.6388
   4190.00     9.4697
   4200.00     9.0745
   4210.00     8.8093
   4220.00     9.0555
   4230.00     8.9723
   4240.00     9.2228
   4250.00     9.3239
   4260.00     9.1479
   4270.00     9.0801
   4280.00     8.9623
   4290.00     9.7118
   4300.00     9.1469
   4310.00     9.0770
   4320.00     9.4346
   4330.00     9.0475
   4340.00     9.1972
   4350.00     8.5153
   4360.00     8.8601
   4370.00     8.5712
   4380.00     9.3046
   4390.00     9.1538
   4400.00     9.3142
   4410.00     8.8834
   4420.00     8.7699
   4430.00     9.0386
   4440.00     9.6346
   4450.00     8.8254
   4460.00     9.3530
   4470.00     9.3087
   4480.00     8.7218
   4490.00     9.0909
   4500.00     9.5484
   4510.00     9.6633
   4520.00     9.5685
   4530.00     9.3028
   4540.00     8.7485
   4550.00     9.7528
   4560.00     9.3196
   4570.00     9.1366
   4580.00     9.1110
   4590.00     9.0071
   4600.00     9.4429
   4610.00     9.2880
   4620.00     9.1235
   4630.00     9.3379
   4640.00     9.4759
   4650.00     9.3604
   4660.00     8.9261
   4670.00     9.0768
   4680.00     9.7138
   4690.00     9.0707
   4700.00     8.9412
   4710.00     8.5255
   4720.00     9.1694
   4730.00     8.9322
   4740.00     8.7278
   4750.00     9.4854
   4760.00     8.9060
   4770.00     9.4807
   4780.00     9.4621
   4790.00     9.4708
   4800.00     9.0472
   4810.00     8.3242
   4820.00     8.4897
   4830.00     9.2532
   4840.00     9.1982
   4850.00     8.7454
   4860.00     9.4274
   4870.00     9.3359
   4880.00     9.4689
   4890.00     8.9817
   4900.00     8.8188
   4910.00     9.4306
   4920.00     9.1461
   4930.00     9.1478
   4940.00     9.0892
   4950.00     9.1467
   4960.00     9.0578
   4970.00     9.2026
   4980.00     8.6739
   4990.00     9.3336
   5000.00     8.5206
   5010.00     9.3811
   5020.00     9.6010
   5030.00     9.1752
   5040.00     9.8225
   5050.00     9.2066
   5060.00     8.7245
   5070.00     9.3326
   5080.00     9.1198
   5090.00     9.0949
   5100.00     8.7921
   5110.00     9.4814
   5120.00     9.3187
   5130.00     8.9800
   5140.00     8.9912
   5150.00     9.1278
   5160.00     9.1156
   5170.00     9.1688
   5180.00     8.7784
   5190.00     8.5967
   5200.00     9.1131
   5210.00     9.1792
   5220.00     8.9922
   5230.00     9.2153
   5240.00     9.0981
   5250.00     9.2423
   5260.00     9.6444
   5270.00     8.9229
   5280.00     9.3342
   5290.00     9.2755
   5300.00     9.4480
   5310.00     8.9738
   5320.00     8.9421
   5330.00     8.8370
   5340.00     9.0099
   5350.00     8.9216
   5360.00     9.3946
   5370.00     9.4390
   5380.00     9.1181
   5390.00     9.0149
   5400.00     9.0220
   5410.00     9.6588
   5420.00     9.1143
   5430.00     8.8100
   5440.00     8.5374
   5450.00     8.8276
   5460.00     9.3455
   5470.00     9.0448
   5480.00     9.3077
   5490.00     9.1254
   5500.00     9.1405
   5510.00     9.3329
   5520.00     8.8924
   5530.00     9.1476
   5540.00     9.0739
   5550.00     9.0751
   5560.00     9.0335
   5570.00     9.1563
   5580.00     9.0022
   5590.00     8.7958
   5600.00     8.8920
   5610.00     9.2378
   5620.00     8.6378
   5630.00     9.1480
   5640.00     8.6332
   5650.00     8.8224
   5660.00     8.7863
   5670.00     9.0724
   5680.00     8.9458
   5690.00     8.8767
   5700.00     8.6556
   5710.00     9.2589
   5720.00     9.2467
   5730.00     8.6340
   5740.00     8.9991
   5750.00     8.7884
   5760.00     9.3890
   5770.00     9.2833
   5780.00     9.3924
   5790.00     8.9794
   5800.00     9.3339
   5810.00     8.9813
   5820.00     9.1780
   5830.00     8.8154
   5840.00     9.3319
   5850.00     9.6808
   5860.00     9.3230
   5870.00     9.1350
   5880.00     9.0752
   5890.00     9.0539
   5900.00     8.4966
   5910.00     8.6615
   5920.00     9.0798
   5930.00     8.8987
   5940.00     9.2160
   5950.00     8.7595
   5960.00     9.1943
   5970.00     9.5185
   5980.00     9.2365
   5990.00     8.7777
   6000.00     8.8906
   6010.00     9.5083
   6020.00     8.8586
   6030.00     9.0599
   6040.00     9.2265
   6050.00     8.9583
   6060.00     8.7803
   6070.00     8.6164
   6080.00     9.2175
   6090.00     9.2064
   6100.00     9.3587
   6110.00     9.3237
   6120.00     9.0370
   6130.00     9.0497
   6140.00     8.6662
   6150.00     8.7795
   6160.00     8.4322
   6170.00     8.6160
   6180.00     9.2360
   6190.00     9.0482
   6200.00     9.1578
   6210.00     9.2864
   6220.00     9.2596
   6230.00     9.1268
   6240.00     8.7557
   6250.00     9.3603
   6260.00     9.0692
   6270.00     9.1760
   6280.00     8.9076
   6290.00     9.0526
   6300.00     9.2887
   6310.00     9.1890
   6320.00     9.6991
   6330.00     8.9838
   6340.00     9.4111
   6350.00     9.0836
   6360.00     9.1139
   6370.00     8.4963
   6380.00     8.9616
   6390.00     9.5681
   6400.00     9.2146
   6410.00     9.3907
   6420.00     8.5995
   6430.00     9.0037
   6440.00     9.2587
   6450.00     9.1835
   6460.00     9.2257
   6470.00     9.2292
   6480.00     9.0510
   6490.00     9.4622
   6500.00     9.5733
   6510.00     9.3000
   6520.00     9.9739
   6530.00     9.7932
   6540.00     9.1025
   6550.00     9.0100
   6560.00     9.3856
   6570.00     9.5842
   6580.00     9.5472
   6590.00     8.9791
   6600.00     9.2587
   6610.00     9.2273
   6620.00     8.9708
   6630.00     9.1427
   6640.00     9.2765
   6650.00     9.0902
   6660.00     9.3314
   6670.00     9.3302
   6680.00     8.4432
   6690.00     8.4966
   6700.00     9.4908
   6710.00     9.0708
   6720.00     9.0452
   6730.00     8.7427
   6740.00     9.0316
   6750.00     9.2417
   6760.00     9.0534
   6770.00     8.9732
   6780.00     9.2786
   6790.00     9.1821
   6800.00     9.1145
   6810.00     8.7991
   6820.00     8.8019
   6830.00     9.6775
   6840.00     8.8891
   6850.00     9.4037
   6860.00     9.0398
   6870.00     9.0424
   6880.00     9.5205
   6890.00     9.3388
   6900.00     9.6333
   6910.00     8.7362
   6920.00     8.7989
   6930.00     9.0773
   6940.00     9.5280
   6950.00     9.1572
   6960.00     9.1070
   6970.00     8.7509
   6980.00     8.9347
   6990.00     8.8528
   7000.00     9.0670
   7010.00     9.0712
   7020.00     8.5396
   7030.00     9.1165
   7040.00     9.1219
   7050.00     8.9755
   7060.00     9.1169
   7070.00     9.0046
   7080.00     8.9481
   7090.00     8.9185
   7100.00     9.3528
   7110.00     8.9203
   7120.00     9.2924
   7130.00     9.3576
   7140.00     8.9654
   7150.00     9.2059
   7160.00     8.3618
   7170.00     9.0378
   7180.00     9.0309
   7190.00     8.6916
   7200.00     9.3665
   7210.00     9.1469
   7220.00     8.5568
   7230.00     9.2251
   7240.00     9.2577
   7250.00     9.1367
   7260.00     8.2462
   7270.00     9.1170
   7280.00     8.7519
   7290.00     9.0118
   7300.00     8.6408
   7310.00     9.2094
   7320.00     9.0399
   7330.00     9.3102
   7340.00     8.9352
   7350.00     9.0154
   7360.00     9.4900
   7370.00     8.6367
   7380.00     9.2072
   7390.00     8.9854
   7400.00     9.3313
   7410.00     9.1020
   7420.00     9.1379
   7430.00     9.1033
   7440.00     9.1831
   7450.00     9.0216
   7460.00     8.2997
   7470.00     8.8750
   7480.00     8.8673
   7490.00     8.9656
   7500.00     9.0029
   7510.00     8.9213
   7520.00     9.0561
   7530.00     8.7090
   7540.00     8.8179
   7550.00     9.0529
   7560.00     8.5384
   7570.00     9.0067
   7580.00     9.3290
   7590.00     9.1980
   7600.00     9.7681
   7610.00     8.7029
   7620.00     8.9286
   7630.00     9.3716
   7640.00     9.2370
   7650.00     9.1036
   7660.00     9.2108
   7670.00     8.8339
   7680.00     9.1443
   7690.00     9.2101
   7700.00     9.5099
   7710.00     9.3276
   7720.00     8.6257
   7730.00     9.7792
   7740.00     9.1571
   7750.00     9.1229
   7760.00     9.7655
   7770.00     9.4707
   7780.00     9.3796
   7790.00     9.1831
   7800.00     8.8818
   7810.00     9.1150
   7820.00     9.3448
   7830.00     9.1837
   7840.00     8.9828
   7850.00     9.1190
   7860.00     9.4630
   7870.00     9.0252
   7880.00     9.5799
   7890.00     8.7439
   7900.00     9.0435
   7910.00     9.5541
   7920.00     9.1299
   7930.00     9.4149
   7940.00     9.2067
   7950.00     9.3452
   7960.00     9.1419
   7970.00     9.0563
   7980.00     8.7285
   7990.00     8.8421
   8000.00     8.9406
   8010.00     8.2788
   8020.00     9.2267
   8030.00     9.0538
   8040.00     9.1228
   8050.00     9.0044
   8060.00     9.0508
   8070.00     9.3590
   8080.00     9.0446
   8090.00     9.0124
   8100.00     9.1108
   8110.00     9.1345
   8120.00     9.0230
   8130.00     9.1654
   8140.00     9.1854
   8150.00     9.4740
   8160.00     8.5457
   8170.00     9.2541
   8180.00     9.7234
   8190.00     8.8963
   8200.00     9.1656
   8210.00     9.0358
   8220.00     8.9144
   8230.00     9.1935
   8240.00     9.0241
   8250.00     9.2841
   8260.00     9.7983
   8270.00     9.2738
   8280.00     9.5315
   8290.00     9.3394
   8300.00     9.0469
   8310.00     9.3089
   8320.00     9.2518
   8330.00     9.3563
   8340.00     8.9893
   8350.00     9.0676
   8360.00     9.0156
   8370.00     9.1230
   8380.00     9.2592
   8390.00     8.8930
   8400.00     9.3530
   8410.00     8.6570
   8420.00     9.0301
   8430.00     8.6122
   8440.00     8.8306
   8450.00     9.2897
   8460.00     9.0975
   8470.00     8.8534
   8480.00     9.1701
   8490.00     9.3423
   8500.00     9.0582
   8510.00     8.6099
   8520.00     9.3053
   8530.00     8.6594
   8540.00     9.2622
   8550.00     9.1184
   8560.00     9.3367
   8570.00     8.9302
   8580.00     9.0761
   8590.00     9.0014
   8600.00     9.1501
   8610.00     9.3243
   8620.00     9.4928
   8630.00     9.2155
   8640.00     8.5270
   8650.00     9.0533
   8660.00     9.2371
   8670.00     8.9726
   8680.00     8.8409
   8690.00     8.7022
   8700.00     8.9426
   8710.00     9.1075
   8720.00     9.2631
   8730.00     9.5476
   8740.00     9.1787
   8750.00     9.5065
   8760.00     9.6120
   8770.00     9.0318
   8780.00     9.1046
   8790.00     9.1454
   8800.00     8.7123
   8810.00     8.9333
   8820.00     9.1817
   8830.00     9.2871
   8840.00     8.8723
   8850.00     9.3227
   8860.00     9.0681
   8870.00     9.2184
   8880.00     9.0975
   8890.00     9.2264
   8900.00     9.0936
   8910.00     9.1090
   8920.00     8.9652
   8930.00     9.0400
   8940.00     8.9672
   8950.00     9.0669
   8960.00     8.3763
   8970.00     8.9347
   8980.00     8.5871
   8990.00     9.0397
   9000.00     8.8653
   9010.00     8.6185
   9020.00     9.1850
   9030.00     9.0268
   9040.00     9.2218
   9050.00     8.6312
   9060.00     9.0775
   9070.00     9.4054
   9080.00     8.8752
   9090.00     8.6108
   9100.00     8.9213
   9110.00     8.6606
   9120.00     9.1953
   9130.00     9.2433
   9140.00     9.2993
   9150.00     9.6840
   9160.00     8.9674
   9170.00     8.6695
   9180.00     9.4124
   9190.00     8.8436
   9200.00     8.9830
   9210.00     8.9363
   9220.00     9.0413
   9230.00     9.2343
   9240.00     9.0769
   9250.00     8.9801
   9260.00     9.3062
   9270.00     9.0675
   9280.00     9.2534
   9290.00     9.3226
   9300.00     8.9355
   9310.00     9.1487
   9320.00     8.8778
   9330.00     9.4200
   9340.00     8.8730
   9350.00     9.6071
   9360.00     8.8898
   9370.00     8.8071
   9380.00     9.2881
   9390.00     9.0777
   9400.00     9.6580
   9410.00     9.1380
   9420.00     9.2796
   9430.00     9.0330
   9440.00     9.1292
   9450.00     9.3814
   9460.00     9.5903
   9470.00     9.2366
   9480.00     8.9694
   9490.00     8.7782
   9500.00     8.4258
   9510.00     9.0628
   9520.00     9.0294
   9530.00     8.9604
   9540.00     9.1368
   9550.00     9.0611
   9560.00     9.2640
   9570.00     9.1495
   9580.00     8.9465
   9590.00     9.3580
   9600.00     9.1793
   9610.00     9.1628
   9620.00     9.0022
   9630.00     8.8527
   9640.00     9.2571
   9650.00     8.9367
   9660.00     8.9497
   9670.00     9.2983
   9680.00     9.0210
   9690.00     9.3778
   9700.00     9.1010
   9710.00     9.5568
   9720.00     8.7092
   9730.00     9.4102
   9740.00     9.2035
   9750.00     9.4385
   9760.00     9.3231
   9770.00     8.7223
   9780.00     9.4387
   9790.00     9.1827
   9800.00     8.9713
   9810.00     9.7328
   9820.00     9.2120
   9830.00     9.5005
   9840.00     9.2883
   9850.00     8.8138
   9860.00     9.4520
   9870.00     9.2741
   9880.00     8.8519
   9890.00     9.7980
   9900.00     9.2876
   9910.00     9.0135
   9920.00     8.9954
   9930.00     8.9559
   9940.00     9.2938
   9950.00     9.7652
   9960.00     9.1934
   9970.00     9.6147
   9980.00     8.9268
   9990.00     9.4043
  10000.00     9.0043
  10010.00     9.5117
  10020.00     9.3962
  10030.00     9.0962
  10040.00     9.4907
  10050.00     9.3024
  10060.00     8.9245
  10070.00     9.2606
  10080.00     8.4473
  10090.00     9.2945
  10100.00     9.0506
  10110.00     9.4823
  10120.00     9.5624
  10130.00     9.1535
  10140.00     8.8115
  10150.00     9.0426
  10160.00     9.1854
  10170.00     8.7937
  10180.00     8.9365
  10190.00     9.2655
  10200.00     9.4224
  10210.00     9.2842
  10220.00     8.6706
  10230.00     9.5378
  10240.00     9.6220
  10250.00     8.9750
  10260.00     8.9857
  10270.00     9.0971
  10280.00     8.8589
  10290.00     8.5475
  10300.00     9.4940
  10310.00     9.1093
  10320.00     8.9536
  10330.00     9.2367
  10340.00     8.8387
  10350.00     9.0694
  10360.00     8.8320
  10370.00     8.8509
  10380.00     9.2156
  10390.00     8.9863
  10400.00     8.6385
  10410.00     9.0385
  10420.00     9.0044
  10430.00     9.4351
  10440.00     8.5935
  10450.00     9.0491
  10460.00     8.9240
  10470.00     8.8706
  10480.00     9.0454
  10490.00     9.3254
  10500.00     9.1652
  10510.00     9.1096
  10520.00     9.3426
  10530.00     9.7069
  10540.00     8.7441
  10550.00     8.9291
  10560.00     9.2638
  10570.00     9.1549
  10580.00     8.9448
  10590.00     8.8614
  10600.00     9.5544
  10610.00     9.4395
  10620.00     8.9719
  10630.00     9.1124
  10640.00     8.7828
  10650.00     8.9199
  10660.00     9.0319
  10670.00     9.0943
  10680.00     8.8952
  10690.00     9.3644
  10700.00     8.7227
  10710.00     9.2450
  10720.00     8.8861
  10730.00     9.8026
  10740.00     9.2107
  10750.00     9.1231
  10760.00     9.1256
  10770.00     8.8624
  10780.00     9.4403
  10790.00     9.2008
  10800.00     9.0226
  10810.00     9.2711
  10820.00     8.8178
  10830.00     8.7452
  10840.00     9.3962
  10850.00     9.1248
  10860.00     8.7346
  10870.00     8.8740
  10880.00     8.6465
  10890.00     8.7312
  10900.00     8.9375
  10910.00     8.4732
  10920.00     8.9733
  10930.00     9.7526
  10940.00     9.1299
  10950.00     9.3514
  10960.00     9.1587
  10970.00     9.0916
  10980.00     8.7644
  10990.00     8.8662
  11000.00     9.0295
  11010.00     8.8675
  11020.00     9.1935
  11030.00     9.1517
  11040.00     8.7907
  11050.00     9.0418
  11060.00     8.7193
  11070.00     9.0291
  11080.00     8.9902
  11090.00     9.2404
  11100.00     9.2474
  11110.00     9.0952
  11120.00     9.3521
  11130.00     8.8519
  11140.00     9.4199
  11150.00     9.6674
  11160.00     9.2587
  11170.00     9.0042
  11180.00     9.3904
  11190.00     9.3320
  11200.00     9.1403
  11210.00     9.2779
  11220.00     8.9948
  11230.00     9.1341
  11240.00     9.2698
  11250.00     9.1222
  11260.00     9.0936
  11270.00     9.3479
  11280.00     9.1272
  11290.00     9.3676
  11300.00     9.1491
  11310.00     8.6605
  11320.00     9.0376
  11330.00     8.6093
  11340.00     9.0144
  11350.00     8.9656
  11360.00     9.4120
  11370.00     9.2474
  11380.00     9.3017
  11390.00     9.2849
  11400.00     9.3810
  11410.00     9.2576
  11420.00     8.9699
  11430.00     9.0028
  11440.00     8.7804
  11450.00     9.0697
  11460.00     9.2679
  11470.00     8.8148
  11480.00     9.3574
  11490.00     9.2731
  11500.00     9.0824
  11510.00     8.8239
  11520.00     9.4630
  11530.00     8.9532
  11540.00     8.8642
  11550.00     8.9582
  11560.00     9.1012
  11570.00     9.1536
  11580.00     8.7551
  11590.00     8.9436
  11600.00     8.7517
  11610.00     8.7784
  11620.00     8.6732
  11630.00     9.2266
  11640.00     8.9399
  11650.00     9.1713
  11660.00     8.7955
  11670.00     8.9012
  11680.00     9.2712
  11690.00     8.7959
  11700.00     8.4687
  11710.00     8.4266
  11720.00     8.7225
  11730.00     8.9995
  11740.00     9.2522
  11750.00     9.0693
  11760.00     8.6487
  11770.00     9.0396
  11780.00     9.1384
  11790.00     9.2101
  11800.00     8.8283
  11810.00     8.7500
  11820.00     9.2792
  11830.00     9.0370
  11840.00     8.9633
  11850.00     9.0445
  11860.00     9.0522
  11870.00     8.6328
  11880.00     9.0051
  11890.00     8.7047
  11900.00     9.1230
  11910.00     8.6737
  11920.00     8.4713
  11930.00     9.2631
  11940.00     8.2045
  11950.00     9.1233
  11960.00     8.4590
  11970.00     8.7046
  11980.00     9.0272
  11990.00     8.9739
  12000.00     9.0927
  12010.00     8.6606
  12020.00     9.0607
  12030.00     9.2994
  12040.00     9.0685
  12050.00     8.7927
  12060.00     9.0220
  12070.00     8.6375
  12080.00     9.4584
  12090.00     8.8441
  12100.00     8.9906
  12110.00     9.5108
  12120.00     9.0248
  12130.00     9.1124
  12140.00     9.0265
  12150.00     9.4052
  12160.00     8.9428
  12170.00     8.6600
  12180.00     9.2059
  12190.00     8.8646
  12200.00     9.1649
  12210.00     9.0989
  12220.00     8.6963
  12230.00     8.9036
  12240.00     8.9113
  12250.00     9.3204
  12260.00     8.7045
  12270.00     9.0051
  12280.00     9.1599
  12290.00     9.2403
  12300.00     9.2186
  12310.00     9.7616
  12320.00     9.5168
  12330.00     9.8168
  12340.00     9.0021
  12350.00     9.0701
  12360.00     9.4113
  12370.00     9.3400
  12380.00     8.9991
  12390.00     9.2510
  12400.00     9.4992
  12410.00     8.8239
  12420.00     9.4939
  12430.00     8.7590
  12440.00     8.7544
  12450.00     9.6726
  12460.00     9.2557
  12470.00     8.7167
  12480.00     9.1969
  12490.00     9.6068
  12500.00     9.0798
  12510.00     9.0895
  12520.00     9.5091
  12530.00     9.2390
  12540.00     9.1940
  12550.00     8.9657
  12560.00     8.7329
  12570.00     8.7651
  12580.00     8.7592
  12590.00     8.8472
  12600.00     9.3055
  12610.00     9.4210
  12620.00     9.1556
  12630.00     9.3198
  12640.00     9.2676
  12650.00     8.9067
  12660.00     9.0019
  12670.00     9.0743
  12680.00     8.8713
  12690.00     8.8494
  12700.00     9.0002
  12710.00     8.5864
  12720.00     8.4935
  12730.00     8.7173
  12740.00     8.7240
  12750.00     8.9171
  12760.00     8.8100
  12770.00     9.1182
  12780.00     8.7717
  12790.00     8.4855
  12800.00     8.8222
  12810.00     8.7932
  12820.00     8.7613
  12830.00     8.8737
  12840.00     9.5364
  12850.00     9.2047
  12860.00     9.2134
  12870.00     9.3788
  12880.00     9.1299
  12890.00     9.0963
  12900.00     8.9376
  12910.00     8.8458
  12920.00     9.2969
  12930.00     8.9796
  12940.00     9.3519
  12950.00     8.6660
  12960.00     8.7632
  12970.00     8.7248
  12980.00     9.0305
  12990.00     9.5430
  13000.00     8.9749
  13010.00     9.4984
  13020.00     9.7243
  13030.00     9.0321
  13040.00     8.8805
  13050.00     9.3367
  13060.00     9.2412
  13070.00     9.1494
  13080.00     8.7847
  13090.00     8.8019
  13100.00     9.0080
  13110.00     9.1472
  13120.00     8.9522
  13130.00     9.1747
  13140.00     9.2833
  13150.00     8.7845
  13160.00     9.2173
  13170.00     9.0707
  13180.00     9.2356
  13190.00     8.7564
  13200.00     9.0032
  13210.00     8.8195
  13220.00     9.0193
  13230.00     9.4115
  13240.00     9.2441
  13250.00     9.1935
  13260.00     9.1226
  13270.00     9.1809
  13280.00     9.0145
  13290.00     8.6955
  13300.00     9.2706
  13310.00     9.5141
  13320.00     9.3484
  13330.00     9.3168
  13340.00     9.3493
  13350.00     9.6440
  13360.00     9.5855
  13370.00     9.6680
  13380.00     9.3225
  13390.00     9.0332
  13400.00     9.1716
  13410.00     8.8940
  13420.00     9.4517
  13430.00     8.9126
  13440.00     9.2205
  13450.00     9.2884
  13460.00     9.0642
  13470.00     8.7504
  13480.00     8.5949
  13490.00     9.1584
  13500.00     8.8550
  13510.00     8.7996
  13520.00     8.7909
  13530.00     9.1279
  13540.00     8.9668
  13550.00     9.0551
  13560.00     9.0309
  13570.00     8.8333
  13580.00     9.3064
  13590.00     9.5263
  13600.00     9.3062
  13610.00     8.8769
  13620.00     9.5607
  13630.00     9.1792
  13640.00     9.3881
  13650.00     9.1035
  13660.00     9.4608
  13670.00     9.2966
  13680.00     9.2400
  13690.00     9.2720
  13700.00     9.7536
  13710.00     9.1031
  13720.00     9.2239
  13730.00     9.0386
  13740.00     9.2214
  13750.00     8.8796
  13760.00     9.2604
  13770.00     9.2752
  13780.00     9.1462
  13790.00     9.0899
  13800.00     9.1803
  13810.00     9.2914
  13820.00     9.1304
  13830.00     9.0440
  13840.00     9.3358
  13850.00     9.4779
  13860.00     9.4209
  13870.00     9.6534
  13880.00     9.2207
  13890.00     9.9240
  13900.00     9.1834
  13910.00     9.5557
  13920.00     9.0878
  13930.00     9.3132
  13940.00     9.2388
  13950.00     9.4323
  13960.00     9.1678
  13970.00     9.1619
  13980.00     9.0973
  13990.00     8.8366
  14000.00     9.2561
  14010.00     8.9655
  14020.00     9.3525
  14030.00     9.0476
  14040.00     8.9191
  14050.00     9.4426
  14060.00     8.5350
  14070.00     9.0765
  14080.00     9.2876
  14090.00     8.6232
  14100.00     9.3161
  14110.00     8.9694
  14120.00     9.1096
  14130.00     8.8546
  14140.00     9.3811
  14150.00     8.8720
  14160.00     9.0759
  14170.00     8.8995
  14180.00     8.6798
  14190.00     8.4451
  14200.00     9.0875
  14210.00     9.0878
  14220.00     9.1280
  14230.00     9.2679
  14240.00     9.2971
  14250.00     9.0737
  14260.00     8.3523
  14270.00     8.5604
  14280.00     9.3808
  14290.00     8.8220
  14300.00     8.5323
  14310.00     9.1097
  14320.00     9.6589
  14330.00     9.7691
  14340.00     9.0905
  14350.00     9.4571
  14360.00     9.3425
  14370.00     9.6097
  14380.00     9.4530
  14390.00     9.2697
  14400.00     9.7236
  14410.00     8.9619
  14420.00     8.8565
  14430.00     8.9973
  14440.00     9.1863
  14450.00     9.2811
  14460.00     8.5667
  14470.00     9.6475
  14480.00     9.7707
  14490.00     9.0929
  14500.00     8.8612
  14510.00     9.6464
  14520.00     9.5307
  14530.00     9.3438
  14540.00     9.2389
  14550.00     9.2738
  14560.00     8.8276
  14570.00     9.1507
  14580.00     8.8977
  14590.00     8.9589
  14600.00     9.2032
  14610.00     8.9709
  14620.00     9.7170
  14630.00     9.2752
  14640.00     9.3826
  14650.00     9.7097
  14660.00     9.3896
  14670.00     8.9593
  14680.00     9.3145
  14690.00     9.2927
  14700.00     9.4662
  14710.00     8.8626
  14720.00     8.8085
  14730.00     9.0129
  14740.00     8.9714
  14750.00     8.9450
  14760.00     8.7931
  14770.00     8.9471
  14780.00     9.0168
  14790.00     9.0382
  14800.00     9.3324
  14810.00     9.4344
  14820.00     8.7329
  14830.00     8.8016
  14840.00     9.1231
  14850.00     9.1752
  14860.00     9.2870
  14870.00     9.0515
  14880.00     9.7521
  14890.00     8.8894
  14900.00     8.8037
  14910.00     8.6418
  14920.00     9.2315
  14930.00     8.9657
  14940.00     9.3323
  14950.00     8.9326
  14960.00     9.1785
  14970.00     8.9625
  14980.00     8.7313
  14990.00     9.2199
  15000.00     9.7336
  15010.00     9.7617
  15020.00     9.3880
  15030.00     8.9349
  15040.00     9.1254
  15050.00     9.0109
  15060.00     9.2206
  15070.00     9.3891
  15080.00     9.1362
  15090.00     9.2240
  15100.00     9.0046
  15110.00     8.6506
  15120.00     8.5352
  15130.00     8.8801
  15140.00     8.6525
  15150.00     8.7435
  15160.00     9.1558
  15170.00     9.0675
  15180.00     8.8820
  15190.00     8.9443
  15200.00     8.6546
  15210.00     9.2262
  15220.00     9.1144
  15230.00     8.9555
  15240.00     8.8322
  15250.00     9.2776
  15260.00     8.7446
  15270.00     8.5442
  15280.00     8.7439
  15290.00     9.2425
  15300.00     8.9960
  15310.00     9.2392
  15320.00     9.0209
  15330.00     9.4569
  15340.00     8.9015
  15350.00     9.4644
  15360.00     9.0941
  15370.00     8.7674
  15380.00     9.0157
  15390.00     8.6757
  15400.00     9.1575
  15410.00     9.1400
  15420.00     9.1385
  15430.00     9.2747
  15440.00     8.9923
  15450.00     8.3794
  15460.00     8.7034
  15470.00     8.5586
  15480.00     9.4463
  15490.00     9.4665
  15500.00     9.3760
  15510.00     9.1985
  15520.00     8.8454
  15530.00     8.9402
  15540.00     8.6988
  15550.00     8.8754
  15560.00     8.5594
  15570.00     9.3310
  15580.00     9.4446
  15590.00     9.0866
  15600.00     8.9780
  15610.00     9.0850
  15620.00     9.1392
  15630.00     9.1520
  15640.00     9.5975
  15650.00     9.0889
  15660.00     8.9447
  15670.00     9.0885
  15680.00     9.2488
  15690.00     8.7277
  15700.00     8.8359
  15710.00     9.2125
  15720.00     9.2763
  15730.00     9.0826
  15740.00     8.9100
  15750.00     9.1853
  15760.00     9.0665
  15770.00     9.2192
  15780.00     9.2398
  15790.00     9.1389
  15800.00     9.3055
  15810.00     8.8274
  15820.00     9.3980
  15830.00     9.3307
  15840.00     8.5604
  15850.00     9.3687
  15860.00     9.1666
  15870.00     9.1097
  15880.00     8.9980
  15890.00     9.1028
  15900.00     9.4907
  15910.00     8.6626
  15920.00     8.9326
  15930.00     9.4251
  15940.00     9.2122
  15950.00     9.0053
  15960.00     9.4745
  15970.00     8.9322
  15980.00     8.9970
  15990.00     9.1785
  16000.00     9.0194
  16010.00     9.0967
  16020.00     9.8797
  16030.00     9.0663
  16040.00     8.8916
  16050.00     9.1475
  16060.00     9.1523
  16070.00     9.2634
  16080.00     9.2899
  16090.00     9.2267
  16100.00     9.5021
  16110.00     9.3631
  16120.00     9.1307
  16130.00     9.1552
  16140.00     9.2753
  16150.00     9.0928
  16160.00     9.0949
  16170.00     8.8482
  16180.00     9.0758
  16190.00     8.8796
  16200.00     9.7283
  16210.00     9.0806
  16220.00     9.6855
  16230.00     8.6824
  16240.00     9.2886
  16250.00     8.8782
  16260.00     8.7348
  16270.00     9.2409
  16280.00     9.2833
  16290.00     9.3045
  16300.00     9.2801
  16310.00     8.7483
  16320.00     9.4461
  16330.00     9.6453
  16340.00     9.5146
  16350.00     9.2835
  16360.00     8.7263
  16370.00     9.4507
  16380.00     9.1364
  16390.00     8.9625
  16400.00     9.2452
  16410.00     9.6208
  16420.00     9.2225
  16430.00     9.2590
  16440.00     9.2765
  16450.00     9.4360
  16460.00     8.8925
  16470.00     9.2993
  16480.00     9.0844
  16490.00     8.7439
  16500.00     9.1866
  16510.00     9.0300
  16520.00     9.4029
  16530.00     9.0479
  16540.00     8.8453
  16550.00     9.0700
  16560.00     9.4162
  16570.00     9.4099
  16580.00     9.2728
  16590.00     8.9889
  16600.00     8.9623
  16610.00     8.7864
  16620.00     9.3682
  16630.00     8.4589
  16640.00     8.5828
  16650.00     9.0974
  16660.00     8.9920
  16670.00     8.9409
  16680.00     8.4583
  16690.00     8.6954
  16700.00     9.0694
  16710.00     9.2798
  16720.00     9.0018
  16730.00     8.3028
  16740.00     8.9703
  16750.00     9.0141
  16760.00     8.8986
  16770.00     9.1171
  16780.00     9.0834
  16790.00     9.2596
  16800.00     9.1486
  16810.00     8.5058
  16820.00     9.5792
  16830.00     9.2845
  16840.00     9.0804
  16850.00     9.1748
  16860.00     8.6665
  16870.00     8.6033
  16880.00     9.3760
  16890.00     8.8216
  16900.00     8.8748
  16910.00     9.7673
  16920.00     9.2414
  16930.00     8.7428
  16940.00     8.8789
  16950.00     9.1822
  16960.00     9.1566
  16970.00     8.8067
  16980.00     8.7476
  16990.00     9.5506
  17000.00     8.9935
  17010.00     9.4423
  17020.00     8.9520
  17030.00     9.3622
  17040.00     9.0729
  17050.00     8.7442
  17060.00     9.2173
  17070.00     8.7809
  17080.00     8.8172
  17090.00     8.7723
  17100.00     8.5594
  17110.00     8.7350
  17120.00     9.0817
  17130.00     8.6885
  17140.00     8.9377
  17150.00     9.1255
  17160.00     8.6400
  17170.00     8.9043
  17180.00     9.6161
  17190.00     9.1216
  17200.00     9.7342
  17210.00     9.2617
  17220.00     9.4768
  17230.00     8.5826
  17240.00     9.6350
  17250.00     8.6482
  17260.00     9.2875
  17270.00     9.0366
  17280.00     9.0369
  17290.00     9.2124
  17300.00     8.7583
  17310.00     9.0276
  17320.00     9.1726
  17330.00     9.1161
  17340.00     8.9049
  17350.00     9.0381
  17360.00     9.2737
  17370.00     9.8418
  17380.00     9.0130
  17390.00     9.0467
  17400.00     9.3505
  17410.00     9.1167
  17420.00     9.1775
  17430.00     9.2983
  17440.00     9.0807
  17450.00     8.9419
  17460.00     9.2545
  17470.00     9.2406
  17480.00     9.3611
  17490.00     9.0953
  17500.00     9.5468
  17510.00     9.2207
  17520.00     8.6934
  17530.00     8.7983
  17540.00     8.6865
  17550.00     9.4674
  17560.00     9.1148
  17570.00     9.7329
  17580.00     9.6195
  17590.00     8.8659
  17600.00     9.3768
  17610.00     9.1797
  17620.00     9.5180
  17630.00     9.3519
  17640.00     9.4864
  17650.00     8.6991
  17660.00     9.0748
  17670.00     8.4537
  17680.00     8.9147
  17690.00     9.0752
  17700.00     8.8814
  17710.00     8.8477
  17720.00     9.2091
  17730.00     9.1231
  17740.00     9.0408
  17750.00     9.0949
  17760.00     8.5768
  17770.00     9.2843
  17780.00     9.4291
  17790.00     9.1018
  17800.00     9.1993
  17810.00     8.6551
  17820.00     8.7988
  17830.00     9.0675
  17840.00     8.5851
  17850.00     9.0185
  17860.00     9.1039
  17870.00     9.0677
  17880.00     8.6820
  17890.00     8.7917
  17900.00     8.9309
  17910.00     8.9343
  17920.00     8.8183
  17930.00     9.4971
  17940.00     8.5975
  17950.00     8.6625
  17960.00     8.7893
  17970.00     9.1734
  17980.00     8.9418
  17990.00     9.3127
  18000.00     9.5465
  18010.00     9.4604
  18020.00     8.7445
  18030.00     8.7736
  18040.00     8.7529
  18050.00     9.2872
  18060.00     9.1137
  18070.00     9.0360
  18080.00     8.8113
  18090.00     9.1747
  18100.00     9.3064
  18110.00     9.3821
  18120.00     9.3355
  18130.00     9.2858
  18140.00     9.0880
  18150.00     9.4074
  18160.00     8.5380
  18170.00     9.4177
  18180.00     9.5554
  18190.00     9.8346
  18200.00     8.8201
  18210.00     9.3229
  18220.00     8.9450
  18230.00     9.2296
  18240.00     8.8216
  18250.00     8.9040
  18260.00     8.7099
  18270.00     9.2203
  18280.00     9.3279
  18290.00     8.8047
  18300.00     8.7436
  18310.00     8.3352
  18320.00     9.0630
  18330.00     8.8513
  18340.00     8.8669
  18350.00     9.0275
  18360.00     9.1941
  18370.00     9.2662
  18380.00     9.4163
  18390.00     9.0117
  18400.00     9.1636
  18410.00     8.3643
  18420.00     9.0550
  18430.00     8.4779
  18440.00     8.8636
  18450.00     8.8549
  18460.00     9.0839
  18470.00     9.0452
  18480.00     8.9463
  18490.00     9.0720
  18500.00     8.9166
  18510.00     8.8585
  18520.00     8.3479
  18530.00     8.6305
  18540.00     8.7950
  18550.00     9.1459
  18560.00     8.7537
  18570.00     9.2823
  18580.00     9.1696
  18590.00     9.1203
  18600.00     9.3627
  18610.00     9.0641
  18620.00     9.0544
  18630.00     9.1428
  18640.00     9.7455
  18650.00     9.2700
  18660.00     9.1716
  18670.00     9.0961
  18680.00     8.8187
  18690.00     8.6196
  18700.00     9.2449
  18710.00     9.0698
  18720.00     9.0395
  18730.00     9.3068
  18740.00     9.6088
  18750.00     8.9215
  18760.00     8.7342
  18770.00     9.2274
  18780.00     8.6556
  18790.00     8.9281
  18800.00     9.1625
  18810.00     9.0560
  18820.00     8.7259
  18830.00     9.2316
  18840.00     9.5834
  18850.00     9.2419
  18860.00     8.7130
  18870.00     9.2091
  18880.00     9.2267
  18890.00     8.7394
  18900.00     8.8392
  18910.00     9.4965
  18920.00     8.6935
  18930.00     9.3516
  18940.00     9.1770
  18950.00     9.2784
  18960.00     9.4218
  18970.00     8.8565
  18980.00     9.3558
  18990.00     8.5976
  19000.00     9.0972
  19010.00     9.0005
  19020.00     9.2047
  19030.00     9.5135
  19040.00     9.1629
  19050.00     8.9061
  19060.00     9.0853
  19070.00     8.8060
  19080.00     8.9201
  19090.00     8.9618
  19100.00     9.2358
  19110.00     9.2944
  19120.00     9.4932
  19130.00     9.4299
  19140.00     9.0645
  19150.00     9.2995
  19160.00     9.1286
  19170.00     9.0899
  19180.00     8.6471
  19190.00     9.1121
  19200.00     9.3494
  19210.00     9.3311
  19220.00     9.2190
  19230.00     8.5551
  19240.00     9.2101
  19250.00     8.7697
  19260.00     8.9198
  19270.00     8.9211
  19280.00     9.5729
  19290.00     9.2110
  19300.00     9.2100
  19310.00     9.4202
  19320.00     8.7676
  19330.00     8.9661
  19340.00     9.3960
  19350.00     9.4961
  19360.00     9.0988
  19370.00     9.3134
  19380.00     9.1759
  19390.00     9.1531
  19400.00     9.4597
  19410.00     9.3589
  19420.00     9.1070
  19430.00     9.2487
  19440.00     9.1901
  19450.00     9.0707
  19460.00     9.1971
  19470.00     9.3345
  19480.00     8.3063
  19490.00     9.3720
  19500.00     9.3171
  19510.00     8.7131
  19520.00     9.5264
  19530.00     9.0841
  19540.00     9.0981
  19550.00     8.7269
  19560.00     9.1971
  19570.00     8.8976
  19580.00     8.6619
  19590.00     9.0245
  19600.00     9.2873
  19610.00     8.7793
  19620.00     9.1088
  19630.00     8.6271
  19640.00     9.1318
  19650.00     9.6379
  19660.00     8.3811
  19670.00     9.7959
  19680.00     9.2355
  19690.00     9.4940
  19700.00     8.7044
  19710.00     9.0448
  19720.00     8.6322
  19730.00     8.4857
  19740.00     8.4372
  19750.00     8.9823
  19760.00     9.1652
  19770.00     9.0533
  19780.00     9.1241
  19790.00     9.0487
  19800.00     8.9983
  19810.00     8.6423
  19820.00     8.4154
  19830.00     9.2598
  19840.00     9.0095
  19850.00     8.9218
  19860.00     9.0705
  19870.00     9.6847
  19880.00     9.4211
  19890.00     8.9888
  19900.00     9.1432
  19910.00     8.9534
  19920.00     8.4083
  19930.00     9.2055
  19940.00     8.9132
  19950.00     9.1349
  19960.00     8.7986
  19970.00     8.9221
  19980.00     8.8110
  19990.00     8.8806
  20000.00     9.2433
  20010.00     9.1823
  20020.00     9.1797
  20030.00     9.2502
  20040.00     9.1441
  20050.00     9.1419
  20060.00     9.8786
  20070.00     9.1921
  20080.00     8.6671
  20090.00     9.4597
  20100.00     8.7095
  20110.00     9.1161
  20120.00     8.8078
  20130.00     8.7169
  20140.00     9.1133
  20150.00     9.3852
  20160.00     9.1520
  20170.00     9.5366
  20180.00     8.9121
  20190.00     9.2845
  20200.00     9.2346
  20210.00     9.2834
  20220.00     9.1491
  20230.00     8.7516
  20240.00     8.8671
  20250.00     8.9535
  20260.00     9.5942
  20270.00     8.9879
  20280.00     8.8646
  20290.00     8.9690
  20300.00     9.2114
  20310.00     8.8798
  20320.00     9.2744
  20330.00     9.3977
  20340.00     9.0854
  20350.00     8.8946
  20360.00     8.8703
  20370.00     8.6202
  20380.00     8.9680
  20390.00     9.0113
  20400.00     9.0034
  20410.00     8.7996
  20420.00     8.9233
  20430.00     9.3578
  20440.00     8.7467
  20450.00     9.0059
  20460.00     8.4739
  20470.00     8.4708
  20480.00     8.8736
  20490.00     9.2103
  20500.00     8.8896
  20510.00     9.2152
  20520.00     8.8623
  20530.00     9.4136
  20540.00     8.6530
  20550.00     9.2467
  20560.00     9.0965
  20570.00     9.1529
  20580.00     8.6855
  20590.00     9.0911
  20600.00     8.6613
  20610.00     8.8783
  20620.00     9.1797
  20630.00     8.9486
  20640.00     9.2133
  20650.00     8.7220
  20660.00     9.2431
  20670.00     9.3374
  20680.00     9.4943
  20690.00     9.4931
  20700.00     9.0468
  20710.00     8.8155
  20720.00     9.1169
  20730.00     8.9008
  20740.00     8.9597
  20750.00     8.9949
  20760.00     9.0193
  20770.00     9.1873
  20780.00     8.7942
  20790.00     8.9651
  20800.00     9.4187
  20810.00     9.4048
  20820.00     9.1529
  20830.00     8.5942
  20840.00     9.5389
  20850.00     9.0112
  20860.00     9.1460
  20870.00     8.8842
  20880.00     8.2284
  20890.00     8.5943
  20900.00     9.3461
  20910.00     9.0680
  20920.00     8.3799
  20930.00     9.1317
  20940.00     8.8047
  20950.00     8.9056
  20960.00     9.5770
  20970.00     9.0856
  20980.00     9.1546
  20990.00     9.2492
  21000.00     9.1173
  21010.00     9.0948
  21020.00     9.1390
  21030.00     9.0579
  21040.00     8.9714
  21050.00     9.1525
  21060.00     8.9400
  21070.00     9.2042
  21080.00     9.0514
  21090.00     9.1727
  21100.00     9.3515
  21110.00     9.4981
  21120.00     9.1907
  21130.00     8.8096
  21140.00     8.5225
  21150.00     8.7241
  21160.00     9.0580
  21170.00     9.2273
  21180.00     9.1457
  21190.00     9.0948
  21200.00     9.0303
  21210.00     8.7099
  21220.00     8.6836
  21230.00     9.2153
  21240.00     9.6776
  21250.00     8.6656
  21260.00     8.9010
  21270.00     9.4854
  21280.00     8.4799
  21290.00     9.4035
  21300.00     8.8489
  21310.00     9.4689
  21320.00     8.7554
  21330.00     9.4859
  21340.00     9.2076
  21350.00     9.1242
  21360.00     9.0805
  21370.00     8.6277
  21380.00     8.8088
  21390.00     9.0519
  21400.00     9.3911
  21410.00     9.0744
  21420.00     9.0319
  21430.00     9.1588
  21440.00     8.7639
  21450.00     9.4545
  21460.00     9.3827
  21470.00     9.2048
  21480.00     9.0469
  21490.00     9.2947
  21500.00     9.4691
  21510.00     8.8114
  21520.00     9.0328
  21530.00     9.2337
  21540.00     9.1356
  21550.00     8.7440
  21560.00     8.6066
  21570.00     9.0082
  21580.00     9.2541
  21590.00     8.4193
  21600.00     9.0681
  21610.00     9.0564
  21620.00     9.2766
  21630.00     9.4598
  21640.00     9.0377
  21650.00     9.1539
  21660.00     8.8364
  21670.00     9.0130
  21680.00     9.2088
  21690.00     8.9246
  21700.00     9.0342
  21710.00     8.8736
  21720.00     9.3392
  21730.00     9.0017
  21740.00     9.1830
  21750.00     8.9275
  21760.00     9.1755
  21770.00     9.3431
  21780.00     8.9606
  21790.00     9.3069
  21800.00     9.0245
  21810.00     9.1598
  21820.00     9.3304
  21830.00     9.0678
  21840.00     9.3336
  21850.00     8.8433
  21860.00     8.8972
  21870.00     8.9382
  21880.00     8.9795
  21890.00     9.5549
  21900.00     9.4716
  21910.00     9.3339
  21920.00     8.8075
  21930.00     8.6723
  21940.00     8.8842
  21950.00     9.1941
  21960.00     8.3147
  21970.00     8.8038
  21980.00     8.6249
  21990.00     8.8048
  22000.00     9.2338
  22010.00     9.2588
  22020.00     9.4036
  22030.00     9.0551
  22040.00     9.1103
  22050.00     9.0138
  22060.00     9.6128
  22070.00     9.6121
  22080.00     9.1153
  22090.00     9.0343
  22100.00     8.8843
  22110.00     9.1220
  22120.00     9.0054
  22130.00     9.2005
  22140.00     9.0932
  22150.00     9.5863
  22160.00     8.9109
  22170.00     8.9427
  22180.00     9.0731
  22190.00     9.6038
  22200.00     9.0495
  22210.00     9.3096
  22220.00     9.1824
  22230.00     9.4919
  22240.00     9.0747
  22250.00     9.0200
  22260.00     9.0388
  22270.00     8.1673
  22280.00     8.4468
  22290.00     9.1502
  22300.00     9.0811
  22310.00     9.0965
  22320.00     9.5978
  22330.00     9.0400
  22340.00     9.0199
  22350.00     9.1991
  22360.00     9.3339
  22370.00     9.0195
  22380.00     9.1462
  22390.00     9.3641
  22400.00     9.6636
  22410.00     9.3748
  22420.00     9.7477
  22430.00     9.5933
  22440.00     8.8615
  22450.00     8.7860
  22460.00     8.9868
  22470.00     8.6913
  22480.00     9.0866
  22490.00     9.8135
  22500.00     9.0320
  22510.00     9.1562
  22520.00     9.6560
  22530.00     8.9690
  22540.00     9.4119
  22550.00     8.7437
  22560.00     9.1930
  22570.00     9.2734
  22580.00     9.3265
  22590.00     9.3521
  22600.00     8.9378
  22610.00     9.2839
  22620.00     9.0170
  22630.00     9.1174
  22640.00     9.1939
  22650.00     8.6606
  22660.00     9.2527
  22670.00     9.1776
  22680.00     8.9360
  22690.00     9.1809
  22700.00     9.5174
  22710.00     9.4097
  22720.00     9.2874
  22730.00     9.3241
  22740.00     9.2922
  22750.00     9.0975
  22760.00     9.4500
  22770.00     9.4151
  22780.00     8.6753
  22790.00     9.0562
  22800.00     8.8233
  22810.00     9.4365
  22820.00     9.2707
  22830.00     9.1349
  22840.00     9.0525
  22850.00     9.1140
  22860.00     8.7424
  22870.00     8.9921
  22880.00     9.5035
  22890.00     9.1495
  22900.00     9.1734
  22910.00     9.0662
  22920.00     9.4267
  22930.00     8.7242
  22940.00     8.9931
  22950.00     8.7578
  22960.00     9.2208
  22970.00     8.7840
  22980.00     9.2252
  22990.00     9.1411
  23000.00     8.9335
  23010.00     8.8487
  23020.00     9.3393
  23030.00     9.4088
  23040.00     9.1710
  23050.00     8.8985
  23060.00     9.5164
  23070.00     8.8562
  23080.00     9.2092
  23090.00     9.2355
  23100.00     8.7336
  23110.00     9.3118
  23120.00     8.6723
  23130.00     9.5293
  23140.00     9.2958
  23150.00     9.0714
  23160.00     9.3614
  23170.00     9.1821
  23180.00     9.5086
  23190.00     8.9552
  23200.00     8.6154
  23210.00     9.1026
  23220.00     8.7505
  23230.00     9.0603
  23240.00     9.1590
  23250.00     9.5026
  23260.00     9.1536
  23270.00     9.1892
  23280.00     9.4991
  23290.00     9.1420
  23300.00     8.8921
  23310.00     9.3923
  23320.00     8.7666
  23330.00     9.3988
  23340.00     8.6073
  23350.00     8.9174
  23360.00     9.0922
  23370.00     8.7756
  23380.00     9.1069
  23390.00     8.9340
  23400.00     8.4990
  23410.00     8.8938
  23420.00     9.0367
  23430.00     9.4831
  23440.00     8.4541
  23450.00     8.9624
  23460.00     8.5938
  23470.00     8.6630
  23480.00     8.6029
  23490.00     9.0392
  23500.00     9.1716
  23510.00     9.5557
  23520.00     8.8879
  23530.00     8.8167
  23540.00     9.3363
  23550.00     8.7390
  23560.00     8.5551
  23570.00     9.5109
  23580.00     9.0661
  23590.00     9.4796
  23600.00     8.8469
  23610.00     8.7893
  23620.00     9.4997
  23630.00     9.0682
  23640.00     9.0955
  23650.00     8.7241
  23660.00     8.7656
  23670.00     8.7733
  23680.00     8.9261
  23690.00     8.5859
  23700.00     9.2622
  23710.00     8.9154
  23720.00     9.2794
  23730.00     9.0840
  23740.00     8.5689
  23750.00     9.4359
  23760.00     8.9414
  23770.00     9.0791
  23780.00     8.7159
  23790.00     9.1354
  23800.00     9.0576
  23810.00     8.9820
  23820.00     9.1340
  23830.00     9.0106
  23840.00     9.2701
  23850.00     9.2892
  23860.00     9.3982
  23870.00     9.1559
  23880.00     8.8410
  23890.00     9.6850
  23900.00     8.8037
  23910.00     9.1152
  23920.00     8.7955
  23930.00     9.2020
  23940.00     9.0460
  23950.00     8.8446
  23960.00     9.0987
  23970.00     9.1793
  23980.00     9.3307
  23990.00     9.2238
  24000.00     8.9453
  24010.00     9.0269
  24020.00     8.8570
  24030.00     9.4634
  24040.00     8.9132
  24050.00     8.8803
  24060.00     8.3709
  24070.00     8.6826
  24080.00     9.0838
  24090.00     9.4100
  24100.00     8.7439
  24110.00     9.2038
  24120.00     8.7341
  24130.00     9.2359
  24140.00     8.9248
  24150.00     9.0636
  24160.00     8.6337
  24170.00     9.1718
  24180.00     8.7735
  24190.00     8.8231
  24200.00     8.8595
  24210.00     8.9486
  24220.00     8.9041
  24230.00     8.6780
  24240.00     9.0229
  24250.00     9.1410
  24260.00     9.3537
  24270.00     9.3668
  24280.00     8.7692
  24290.00     9.0426
  24300.00     8.8980
  24310.00     8.5194
  24320.00     9.2773
  24330.00     9.2015
  24340.00     8.6370
  24350.00     9.1429
  24360.00     9.1653
  24370.00     8.8540
  24380.00     9.4312
  24390.00     9.1112
  24400.00     9.1905
  24410.00     9.1300
  24420.00     9.2201
  24430.00     8.9488
  24440.00     9.0121
  24450.00     9.1723
  24460.00     9.1716
  24470.00     9.3047
  24480.00     9.7687
  24490.00     8.9361
  24500.00     9.6666
  24510.00     8.7056
  24520.00     9.0713
  24530.00     8.8482
  24540.00     8.8636
  24550.00     9.0309
  24560.00     8.6184
  24570.00     8.7163
  24580.00     8.6923
  24590.00     9.0981
  24600.00     9.4718
  24610.00     9.1347
  24620.00     8.9782
  24630.00     9.2618
  24640.00     9.0391
  24650.00     9.0137
  24660.00     9.3679
  24670.00     9.4220
  24680.00     9.0716
  24690.00     9.2827
  24700.00     9.2506
  24710.00     8.6264
  24720.00     9.2793
  24730.00     9.5480
  24740.00     8.8624
  24750.00     9.4286
  24760.00     9.0755
  24770.00     9.3900
  24780.00     9.3904
  24790.00     9.1582
  24800.00     9.4498
  24810.00     8.8599
  24820.00     9.1209
  24830.00     8.9760
  24840.00     9.2304
  24850.00     9.3913
  24860.00     9.6793
  24870.00     9.6536
  24880.00     8.8125
  24890.00     9.2949
  24900.00     9.0353
  24910.00     9.1049
  24920.00     9.3142
  24930.00     9.2901
  24940.00     9.6038
  24950.00     9.1806
  24960.00     8.8476
  24970.00     8.6839
  24980.00     9.1602
  24990.00     8.7615
  25000.00     8.7834
  25010.00     9.5222
  25020.00     8.7542
  25030.00     9.3683
  25040.00     9.1610
  25050.00     9.2568
  25060.00     9.4280
  25070.00     9.3351
  25080.00     9.0662
  25090.00     9.1440
  25100.00     9.4635
  25110.00     9.3515
  25120.00     8.5601
  25130.00     9.0961
  25140.00     9.2547
  25150.00     8.9793
  25160.00     8.9380
  25170.00     8.4590
  25180.00     8.9319
  25190.00     9.1136
  25200.00     8.8364
  25210.00     9.2414
  25220.00     9.1783
  25230.00     8.9145
  25240.00     9.2168
  25250.00     9.3366
  25260.00     8.9698
  25270.00     8.9695
  25280.00     9.6936
  25290.00     8.6976
  25300.00     9.3433
  25310.00     8.3933
  25320.00     9.3378
  25330.00     9.2805
  25340.00     8.7358
  25350.00     9.1092
  25360.00     8.4400
  25370.00     9.2542
  25380.00     9.0047
  25390.00     8.6453
  25400.00     9.3308
  25410.00     9.1345
  25420.00     9.3270
  25430.00     8.9125
  25440.00     8.8639
  25450.00     8.9706
  25460.00     9.0524
  25470.00     9.4563
  25480.00     8.9390
  25490.00     8.9886
  25500.00     8.9740
  25510.00     9.0610
  25520.00     9.1654
  25530.00     9.2272
  25540.00     9.0385
  25550.00     9.2410
  25560.00     9.2746
  25570.00     9.3774
  25580.00     9.1121
  25590.00     8.7811
  25600.00     8.6391
  25610.00     8.6222
  25620.00     9.3352
  25630.00     8.7731
  25640.00     9.3523
  25650.00     8.9823
  25660.00     8.9829
  25670.00     9.1627
  25680.00     8.9263
  25690.00     8.6312
  25700.00     8.8668
  25710.00     9.6879
  25720.00     9.3627
  25730.00     8.9820
  25740.00     8.8838
  25750.00     9.3620
  25760.00     8.7418
  25770.00     9.3332
  25780.00     9.1223
  25790.00     9.3598
  25800.00     9.7295
  25810.00     9.1324
  25820.00     9.3249
  25830.00     8.9688
  25840.00     9.3852
  25850.00     9.0504
  25860.00     9.3236
  25870.00     9.1634
  25880.00     8.4656
  25890.00     9.6227
  25900.00     8.8396
  25910.00     9.3110
  25920.00     9.1346
  25930.00     9.4508
  25940.00     8.9734
  25950.00     9.1752
  25960.00     8.8751
  25970.00     9.4737
  25980.00     8.8789
  25990.00     8.9046
  26000.00     8.7595
  26010.00     8.8188
  26020.00     9.4731
  26030.00     8.9026
  26040.00     9.3286
  26050.00     9.1172
  26060.00     8.9747
  26070.00     8.6086
  26080.00     8.7406
  26090.00     8.8752
  26100.00     8.6967
  26110.00     8.6416
  26120.00     9.4002
  26130.00     8.8987
  26140.00     8.6926
  26150.00     8.9974
  26160.00     8.9398
  26170.00     9.0818
  26180.00     9.3878
  26190.00     9.1169
  26200.00     9.6392
  26210.00     8.9892
  26220.00     9.0541
  26230.00     8.7431
  26240.00     9.0565
  26250.00     8.9861
  26260.00     8.8629
  26270.00     9.1488
  26280.00     9.0552
  26290.00     8.7096
  26300.00     9.0297
  26310.00     9.5381
  26320.00     8.8798
  26330.00     9.4057
  26340.00     9.6346
  26350.00     8.6418
  26360.00     9.0080
  26370.00     9.2244
  26380.00     8.9983
  26390.00     8.9803
  26400.00     9.5407
  26410.00     9.3541
  26420.00     9.4162
  26430.00     8.9215
  26440.00     8.4495
  26450.00     8.7720
  26460.00     8.8868
  26470.00     9.5476
  26480.00     9.5582
  26490.00     8.6286
  26500.00     9.2475
  26510.00     9.2285
  26520.00     9.5275
  26530.00     9.1163
  26540.00     8.8652
  26550.00     8.8840
  26560.00     9.1252
  26570.00     9.2326
  26580.00     8.9941
  26590.00     9.1976
  26600.00     9.7510
  26610.00     9.3938
  26620.00     9.4793
  26630.00     8.9162
  26640.00     9.4067
  26650.00     9.2190
  26660.00     9.1947
  26670.00     8.4797
  26680.00     9.4925
  26690.00     8.8483
  26700.00     9.2184
  26710.00     9.1407
  26720.00     8.8842
  26730.00     9.1007
  26740.00     9.4919
  26750.00     8.8500
  26760.00     9.2170
  26770.00     9.1463
  26780.00     9.3095
  26790.00     8.8216
  26800.00     9.0675
  26810.00     8.9777
  26820.00     9.6121
  26830.00     9.0176
  26840.00     9.0032
  26850.00     8.9213
  26860.00     9.0232
  26870.00     9.1590
  26880.00     9.4240
  26890.00     9.1836
  26900.00     8.8427
  26910.00     8.8322
  26920.00     9.1434
  26930.00     9.1362
  26940.00     8.9463
  26950.00     8.5876
  26960.00     9.0551
  26970.00     8.5280
  26980.00     9.3575
  26990.00     9.3418
  27000.00     8.9174
  27010.00     9.4784
  27020.00     9.5627
  27030.00     8.9855
  27040.00     9.3784
  27050.00     9.2469
  27060.00     9.2942
  27070.00     9.1051
  27080.00     9.3635
  27090.00     8.8645
  27100.00     9.0161
  27110.00     9.3583
  27120.00     8.6570
  27130.00     8.9719
  27140.00     9.1279
  27150.00     9.2283
  27160.00     8.6393
  27170.00     9.3188
  27180.00     8.8639
  27190.00     8.7820
  27200.00     8.6318
  27210.00     8.8111
  27220.00     9.2256
  27230.00     8.8918
  27240.00     9.2977
  27250.00     8.8784
  27260.00     8.7369
  27270.00     8.5921
  27280.00     8.8672
  27290.00     8.8866
  27300.00     8.7186
  27310.00     9.0217
  27320.00     8.9763
  27330.00     9.1106
  27340.00     9.2066
  27350.00     8.8256
  27360.00     8.9769
  27370.00     9.5823
  27380.00     9.1342
  27390.00     9.1574
  27400.00     9.0361
  27410.00     9.1813
  27420.00     9.2376
  27430.00     9.0566
  27440.00     8.9536
  27450.00     9.3287
  27460.00     9.3663
  27470.00     9.2205
  27480.00     9.4088
  27490.00     9.1945
  27500.00     9.2999
  27510.00     8.8151
  27520.00     9.4707
  27530.00     9.4159
  27540.00     8.9945
  27550.00     8.3281
  27560.00     9.1572
  27570.00     8.5938
  27580.00     9.1911
  27590.00     8.7448
  27600.00     9.4664
  27610.00     8.9414
  27620.00     8.8520
  27630.00     8.6301
  27640.00     8.6848
  27650.00     9.2057
  27660.00     9.0962
  27670.00     8.9717
  27680.00     8.6085
  27690.00     9.1116
  27700.00     9.2933
  27710.00     9.1733
  27720.00     9.6919
  27730.00     8.9308
  27740.00     9.0878
  27750.00     9.5137
  27760.00     9.1284
  27770.00     8.6839
  27780.00     9.2437
  27790.00     8.7708
  27800.00     9.5104
  27810.00     9.3382
  27820.00     8.9150
  27830.00     8.8037
  27840.00     8.8258
  27850.00     8.9637
  27860.00     9.3230
  27870.00     9.0902
  27880.00     9.1863
  27890.00     8.8722
  27900.00     8.9553
  27910.00     9.1432
  27920.00     9.2392
  27930.00     8.4853
  27940.00     8.2599
  27950.00     8.8146
  27960.00     8.9282
  27970.00     9.1899
  27980.00     9.0949
  27990.00     9.2118
  28000.00     8.7624
  28010.00     9.0311
  28020.00     9.1400
  28030.00     9.0387
  28040.00     8.4563
  28050.00     9.1991
  28060.00     9.0588
  28070.00     8.4650
  28080.00     8.9817
  28090.00     9.0462
  28100.00     8.7147
  28110.00     9.0113
  28120.00     9.2270
  28130.00     9.4444
  28140.00     8.7705
  28150.00     8.9998
  28160.00     8.7502
  28170.00     9.1999
  28180.00     9.2902
  28190.00     9.1239
  28200.00     8.6457
  28210.00     9.0496
  28220.00     9.1280
  28230.00     9.1712
  28240.00     9.3914
  28250.00     8.9055
  28260.00     9.2783
  28270.00     9.0807
  28280.00     8.8498
  28290.00     8.7244
  28300.00     9.1301
  28310.00     8.7336
  28320.00     8.9295
  28330.00     8.7231
  28340.00     9.0476
  28350.00     8.6688
  28360.00     8.7824
  28370.00     9.5925
  28380.00     9.2599
  28390.00     9.2782
  28400.00     8.9532
  28410.00     8.4642
  28420.00     8.4671
  28430.00     9.3130
  28440.00     9.1387
  28450.00     9.7739
  28460.00     9.7476
  28470.00     8.7797
  28480.00     8.7653
  28490.00     9.4318
  28500.00     9.2118
  28510.00     8.9346
  28520.00     9.4319
  28530.00     9.2226
  28540.00     9.1072
  28550.00     9.3200
  28560.00     8.4511
  28570.00     9.2744
  28580.00     9.0601
  28590.00     9.2361
  28600.00     8.8488
  28610.00     8.2221
  28620.00     8.7874
  28630.00     8.4594
  28640.00     8.8622
  28650.00     9.1432
  28660.00     9.2285
  28670.00     8.9230
  28680.00     8.7759
  28690.00     8.8879
  28700.00     8.9672
  28710.00     9.1495
  28720.00     8.8377
  28730.00     8.9115
  28740.00     9.0113
  28750.00     8.6731
  28760.00     8.7226
  28770.00     9.7739
  28780.00     9.1564
  28790.00     9.0878
  28800.00     9.0114
  28810.00     9.0813
  28820.00     8.9112
  28830.00     9.2903
  28840.00     9.3645
  28850.00     9.5029
  28860.00     8.9022
  28870.00     8.7361
  28880.00     9.0209
  28890.00     8.9155
  28900.00     9.2995
  28910.00     9.0339
  28920.00     8.9309
  28930.00     9.1756
  28940.00     9.0356
  28950.00     8.8728
  28960.00     9.2686
  28970.00     9.1114
  28980.00     9.0444
  28990.00     9.1212
  29000.00     9.1878
  29010.00     9.5693
  29020.00     9.4541
  29030.00     8.9932
  29040.00     8.9852
  29050.00     8.5986
  29060.00     8.6292
  29070.00     9.4556
  29080.00     8.7189
  29090.00     8.8091
  29100.00     9.2086
  29110.00     9.7388
  29120.00     9.3113
  29130.00     9.5644
  29140.00     9.0235
  29150.00     9.2560
  29160.00     8.9592
  29170.00     8.8788
  29180.00     8.9126
  29190.00     8.6371
  29200.00     9.1459
  29210.00     8.9956
  29220.00     9.0560
  29230.00     8.5047
  29240.00     8.5696
  29250.00     9.0239
  29260.00     9.5464
  29270.00     9.0817
  29280.00     9.5936
  29290.00     9.4232
  29300.00     8.9543
  29310.00     9.1742
  29320.00     9.5501
  29330.00     8.9996
  29340.00     9.3475
  29350.00     8.9950
  29360.00     8.9369
  29370.00     9.3255
  29380.00     8.9509
  29390.00     8.7258
  29400.00     8.8632
  29410.00     9.3648
  29420.00     8.8571
  29430.00     9.1730
  29440.00     8.5113
  29450.00     8.8995
  29460.00     9.2398
  29470.00     8.9343
  29480.00     8.9102
  29490.00     9.1819
  29500.00     8.8365
  29510.00     9.0062
  29520.00     8.9687
  29530.00     9.3447
  29540.00     9.2770
  29550.00     9.3727
  29560.00     9.6156
  29570.00     9.4074
  29580.00     9.7854
  29590.00     9.1107
  29600.00     9.6996
  29610.00     9.3824
  29620.00     8.7057
  29630.00     9.1800
  29640.00     9.2815
  29650.00     9.7592
  29660.00     9.0448
  29670.00     9.3649
  29680.00     9.1164
  29690.00     9.0634
  29700.00     9.7472
  29710.00     9.4009
  29720.00     9.3181
  29730.00     9.0545
  29740.00     9.0109
  29750.00     9.2576
  29760.00     9.0613
  29770.00     8.8293
  29780.00     8.8847
  29790.00     9.8366
  29800.00     8.8173
  29810.00     9.0280
  29820.00     9.3730
  29830.00     9.7034
  29840.00     9.2880
  29850.00     8.7823
  29860.00     8.7009
  29870.00     9.2306
  29880.00     9.0015
  29890.00     8.9402
  29900.00     8.9442
  29910.00     9.0848
  29920.00     8.9579
  29930.00     9.2121
  29940.00     9.3861
  29950.00     9.3117
  29960.00     9.3011
  29970.00     9.1353
  29980.00     8.8823
  29990.00     9.4676
  30000.00     9.3004
  30010.00     8.6134
  30020.00     9.4196
  30030.00     9.1237
  30040.00     9.3982
  30050.00     9.6528
  30060.00     8.9879
  30070.00     8.9645
  30080.00     8.8566
  30090.00     8.9274
  30100.00     9.3368
  30110.00     9.3192
  30120.00     9.5665
  30130.00     9.1713
  30140.00     9.2584
  30150.00     9.2199
  30160.00     9.0580
  30170.00     9.3406
  30180.00     9.0180
  30190.00     9.0461
  30200.00     8.9774
  30210.00     9.3457
  30220.00     8.7935
  30230.00     8.7059
  30240.00     9.2363
  30250.00     8.9141
  30260.00     8.8511
  30270.00     8.6622
  30280.00     9.2235
  30290.00     8.8198
  30300.00     9.1644
  30310.00     9.0544
  30320.00     9.0327
  30330.00     9.2308
  30340.00     9.7813
  30350.00     8.8872
  30360.00     9.0937
  30370.00     8.8384
  30380.00     9.0235
  30390.00     8.9912
  30400.00     9.2280
  30410.00     9.2741
  30420.00     8.9913
  30430.00     9.2943
  30440.00     8.8879
  30450.00     9.1110
  30460.00     8.9705
  30470.00     9.4472
  30480.00     9.1820
  30490.00     8.9604
  30500.00     8.7071
  30510.00     9.4613
  30520.00     9.8736
  30530.00     9.3337
  30540.00     9.4942
  30550.00     8.8908
  30560.00     9.0799
  30570.00     8.6832
  30580.00     8.4756
  30590.00     9.0507
  30600.00     9.2049
  30610.00     9.1025
  30620.00     9.4792
  30630.00     9.1905
  30640.00     9.4791
  30650.00     9.4630
  30660.00     8.9226
  30670.00     9.0565
  30680.00     9.0513
  30690.00     9.3370
  30700.00     9.5579
  30710.00     9.0090
  30720.00     8.8026
  30730.00     9.2138
  30740.00     8.7036
  30750.00     8.9606
  30760.00     8.9347
  30770.00     9.0471
  30780.00     8.9845
  30790.00     8.7488
  30800.00     9.3564
  30810.00     8.8944
  30820.00     8.9925
  30830.00     9.1390
  30840.00     9.5787
  30850.00     9.5874
  30860.00     9.4377
  30870.00     9.1986
  30880.00     9.0010
  30890.00     9.0993
  30900.00     9.5367
  30910.00     8.8169
  30920.00     9.0429
  30930.00     9.0114
  30940.00     9.4605
  30950.00     9.0731
  30960.00     9.2763
  30970.00     8.8390
  30980.00     9.2327
  30990.00     8.8952
  31000.00     9.1474
  31010.00     9.2919
  31020.00     8.9929
  31030.00     9.4746
  31040.00     9.7759
  31050.00     8.7159
  31060.00     9.1084
  31070.00     9.3439
  31080.00     9.5032
  31090.00     9.2187
  31100.00     9.2247
  31110.00     8.8808
  31120.00     9.4095
  31130.00     8.6570
  31140.00     9.2212
  31150.00     9.1018
  31160.00     9.5039
  31170.00     9.1304
  31180.00     9.1718
  31190.00     9.0767
  31200.00     8.8517
  31210.00     9.5475
  31220.00     8.9688
  31230.00     9.3952
  31240.00     8.9605
  31250.00     9.0847
  31260.00     8.9511
  31270.00     8.7361
  31280.00     9.1279
  31290.00     8.7793
  31300.00     9.5405
  31310.00     9.5591
  31320.00     9.0346
  31330.00     8.8911
  31340.00     9.1178
  31350.00     9.7108
  31360.00     8.8080
  31370.00     8.8426
  31380.00     9.0011
  31390.00     9.1277
  31400.00     9.0455
  31410.00     9.1406
  31420.00     8.9855
  31430.00     8.6948
  31440.00     8.6973
  31450.00     9.4506
  31460.00     8.7598
  31470.00     9.2343
  31480.00     8.9998
  31490.00     9.0123
  31500.00     9.3545
  31510.00     9.1941
  31520.00     9.2919
  31530.00     9.1717
  31540.00     8.7305
  31550.00     8.8179
  31560.00     9.6424
  31570.00     9.3115
  31580.00     8.9087
  31590.00     9.2236
  31600.00     8.9277
  31610.00     9.1000
  31620.00     9.8820
  31630.00     9.1956
  31640.00     8.7754
  31650.00     9.5061
  31660.00     9.0959
  31670.00     9.5384
  31680.00     9.5707
  31690.00     9.1198
  31700.00     8.8821
  31710.00     9.0384
  31720.00     9.2301
  31730.00     9.1378
  31740.00     9.0585
  31750.00     9.2940
  31760.00     9.4854
  31770.00     9.0973
  31780.00     8.8948
  31790.00     8.9466
  31800.00     9.5821
  31810.00     8.5706
  31820.00     8.8678
  31830.00     8.7920
  31840.00     8.8403
  31850.00     9.7087
  31860.00     8.5743
  31870.00     8.8537
  31880.00     9.6333
  31890.00     9.7305
  31900.00     8.9379
  31910.00     8.5388
  31920.00     8.9345
  31930.00     8.7097
  31940.00     9.2659
  31950.00     9.0108
  31960.00     8.9313
  31970.00     9.2601
  31980.00     9.0473
  31990.00     9.0302
  32000.00     8.8528
  32010.00     8.7634
  32020.00     9.3926
  32030.00     9.0619
  32040.00     9.3023
  32050.00     8.4273
  32060.00     9.1787
  32070.00     9.5134
  32080.00     9.1318
  32090.00     9.4065
  32100.00     8.4956
  32110.00     8.9458
  32120.00     8.8773
  32130.00     9.1647
  32140.00     9.1271
  32150.00     8.5123
  32160.00     9.1751
  32170.00     9.5463
  32180.00     9.6281
  32190.00     9.0798
  32200.00     9.4771
  32210.00     8.9331
  32220.00     9.2123
  32230.00     9.3531
  32240.00     9.1063
  32250.00     9.0711
  32260.00     8.8429
  32270.00     8.8249
  32280.00     9.3037
  32290.00     9.3652
  32300.00     9.1345
  32310.00     8.9623
  32320.00     9.3350
  32330.00     9.3372
  32340.00     9.0234
  32350.00     8.8764
  32360.00     8.9711
  32370.00     8.7260
  32380.00     8.8596
  32390.00     9.2231
  32400.00     9.0264
  32410.00     8.7590
  32420.00     9.2724
  32430.00     9.0253
  32440.00     8.5275
  32450.00     9.0710
  32460.00     9.4457
  32470.00     9.0797
  32480.00     8.8344
  32490.00     9.1525
  32500.00     9.0491
  32510.00     8.9724
  32520.00     8.9148
  32530.00     9.5759
  32540.00     9.0713
  32550.00     8.9906
  32560.00     9.2378
  32570.00     8.9266
  32580.00     9.0319
  32590.00     8.5255
  32600.00     8.9043
  32610.00     8.5076
  32620.00     8.5268
  32630.00     9.2770
  32640.00     8.6141
  32650.00     8.9365
  32660.00     9.0010
  32670.00     9.3254
  32680.00     9.0863
  32690.00     9.1701
  32700.00     8.9176
  32710.00     9.4659
  32720.00     9.3306
  32730.00     8.7723
  32740.00     8.9390
  32750.00     9.0746
  32760.00     9.3621
  32770.00     8.9351
  32780.00     9.4146
  32790.00     8.6607
  32800.00     9.0916
  32810.00     9.1687
  32820.00     9.2029
  32830.00     8.8818
  32840.00     9.2762
  32850.00     9.3300
  32860.00     8.8729
  32870.00     8.8259
  32880.00     9.1372
  32890.00     8.9496
  32900.00     8.8358
  32910.00     8.8448
  32920.00     9.4083
  32930.00     9.0534
  32940.00     9.0447
  32950.00     9.0964
  32960.00     9.0876
  32970.00     8.9161
  32980.00     9.2632
  32990.00     8.6820
  33000.00     8.7297
  33010.00     9.6777
  33020.00     9.1548
  33030.00     9.1034
  33040.00     8.7407
  33050.00     9.2016
  33060.00     8.6619
  33070.00     8.9732
  33080.00     9.3487
  33090.00     8.6111
  33100.00     8.6686
  33110.00     9.0726
  33120.00     8.6306
  33130.00     9.0965
  33140.00     9.2051
  33150.00     9.0858
  33160.00     9.2432
  33170.00     9.1649
  33180.00     9.1680
  33190.00     8.9313
  33200.00     8.7429
  33210.00     8.5445
  33220.00     9.2464
  33230.00     8.6876
  33240.00     8.8878
  33250.00     9.0464
  33260.00     8.8980
  33270.00     9.2644
  33280.00     9.1522
  33290.00     8.6525
  33300.00     9.1454
  33310.00     8.7097
  33320.00     8.8875
  33330.00     8.6604
  33340.00     8.5516
  33350.00     9.0413
  33360.00     9.2255
  33370.00     8.9054
  33380.00     9.4728
  33390.00     8.8043
  33400.00     9.4597
  33410.00     8.3327
  33420.00     8.9438
  33430.00     8.8545
  33440.00     8.9600
  33450.00     9.1230
  33460.00     9.1257
  33470.00     9.4909
  33480.00     9.1418
  33490.00     8.9375
  33500.00     9.4260
  33510.00     8.8774
  33520.00     8.8888
  33530.00     8.3483
  33540.00     8.9359
  33550.00     8.6277
  33560.00     9.2669
  33570.00     8.8492
  33580.00     8.4327
  33590.00     8.7250
  33600.00     8.7558
  33610.00     8.3525
  33620.00     9.0666
  33630.00     9.1304
  33640.00     8.6430
  33650.00     8.8838
  33660.00     9.2464
  33670.00     8.5847
  33680.00     8.8723
  33690.00     9.0299
  33700.00     9.4561
  33710.00     8.7197
  33720.00     9.0648
  33730.00     9.3007
  33740.00     9.1761
  33750.00     9.0527
  33760.00     9.0069
  33770.00     8.6979
  33780.00     8.2737
  33790.00     9.3228
  33800.00     8.8352
  33810.00     8.7179
  33820.00     8.1648
  33830.00     9.2513
  33840.00     9.4477
  33850.00     9.3240
  33860.00     8.6696
  33870.00     9.1670
  33880.00     8.8123
  33890.00     9.4404
  33900.00     9.2357
  33910.00     8.9556
  33920.00     8.6729
  33930.00     9.0712
  33940.00     8.8190
  33950.00     8.9979
  33960.00     9.3620
  33970.00     9.7089
  33980.00     9.6225
  33990.00     8.8963
  34000.00     8.8039
  34010.00     8.3652
  34020.00     8.7333
  34030.00     8.7750
  34040.00     9.1205
  34050.00     8.8036
  34060.00     9.0335
  34070.00     9.1250
  34080.00     9.2087
  34090.00     8.4847
  34100.00     9.0733
  34110.00     8.9286
  34120.00     9.1340
  34130.00     8.6501
  34140.00     9.1241
  34150.00     8.8585
  34160.00     8.5332
  34170.00     9.3493
  34180.00     9.0507
  34190.00     9.0829
  34200.00     8.8744
  34210.00     9.0053
  34220.00     9.2721
  34230.00     9.3853
  34240.00     9.0845
  34250.00     9.1430
  34260.00     9.0288
  34270.00     9.1805
  34280.00     8.8997
  34290.00     8.7409
  34300.00     9.1032
  34310.00     8.6964
  34320.00     9.7937
  34330.00     9.6635
  34340.00     8.9842
  34350.00     9.3249
  34360.00     8.9485
  34370.00     8.7623
  34380.00     9.0526
  34390.00     8.9909
  34400.00     8.6320
  34410.00     9.0392
  34420.00     9.3301
  34430.00     8.8259
  34440.00     9.5139
  34450.00     8.9174
  34460.00     9.0973
  34470.00     8.3645
  34480.00     8.8535
  34490.00     9.1075
  34500.00     9.4974
  34510.00     9.0191
  34520.00     8.7222
  34530.00     9.8573
  34540.00     8.8138
  34550.00     9.1825
  34560.00     8.9420
  34570.00     9.0951
  34580.00     8.8410
  34590.00     9.5246
  34600.00     8.9021
  34610.00     9.1180
  34620.00     9.2636
  34630.00     8.7065
  34640.00     9.0959
  34650.00     9.1107
  34660.00     8.8925
  34670.00     9.3542
  34680.00     9.1351
  34690.00     9.1270
  34700.00     9.0136
  34710.00     9.3236
  34720.00     9.5567
  34730.00     8.7603
  34740.00     8.9408
  34750.00     8.8383
  34760.00     9.1389
  34770.00     8.9729
  34780.00     8.8856
  34790.00     9.6708
  34800.00     8.7123
  34810.00     8.5635
  34820.00     9.4743
  34830.00     8.8900
  34840.00     8.9137
  34850.00     8.9178
  34860.00     9.4841
  34870.00     8.7909
  34880.00     8.8633
  34890.00     9.2028
  34900.00     9.2969
  34910.00     9.1808
  34920.00     8.6461
  34930.00     8.8009
  34940.00     9.0323
  34950.00     8.4931
  34960.00     8.2925
  34970.00     9.0246
  34980.00     9.6358
  34990.00     9.5226
  35000.00     9.1435
  35010.00     9.1700
  35020.00     8.9844
  35030.00     9.5175
  35040.00     9.0632
  35050.00     9.3583
  35060.00     8.5796
  35070.00     9.0623
  35080.00     8.9268
  35090.00     8.9867
  35100.00     9.4660
  35110.00     9.3324
  35120.00     8.9861
  35130.00     9.3685
  35140.00     9.4256
  35150.00     8.9988
  35160.00     9.2649
  35170.00     9.1446
  35180.00     9.3536
  35190.00     9.1832
  35200.00     8.8911
  35210.00     9.1619
  35220.00     9.2767
  35230.00     8.9002
  35240.00     9.4692
  35250.00     9.1906
  35260.00     9.1833
  35270.00     8.9431
  35280.00     8.7122
  35290.00     9.2898
  35300.00     9.2901
  35310.00     9.1837
  35320.00     9.0164
  35330.00     8.6413
  35340.00     8.4362
  35350.00     8.7389
  35360.00     9.1903
  35370.00     9.0217
  35380.00     9.3293
  35390.00     9.1445
  35400.00     9.1719
  35410.00     9.1230
  35420.00     8.6097
  35430.00     8.7551
  35440.00     9.2721
  35450.00     8.9570
  35460.00     8.9884
  35470.00     9.4357
  35480.00     8.9839
  35490.00     9.2587
  35500.00     8.7431
  35510.00     8.9716
  35520.00     8.9460
  35530.00     9.0763
  35540.00     9.1760
  35550.00     9.0715
  35560.00     9.3672
  35570.00     9.0754
  35580.00     9.0288
  35590.00     8.9627
  35600.00     8.9408
  35610.00     8.8401
  35620.00     9.3868
  35630.00     9.2032
  35640.00     9.2303
  35650.00     8.3502
  35660.00     8.8755
  35670.00     8.9562
  35680.00     8.7480
  35690.00     9.0076
  35700.00     9.2996
  35710.00     9.0988
  35720.00     9.1918
  35730.00     9.0488
  35740.00     8.5335
  35750.00     9.2620
  35760.00     9.4559
  35770.00     8.7293
  35780.00     9.6764
  35790.00     9.5113
  35800.00     9.0499
  35810.00     9.5487
  35820.00     8.8156
  35830.00     8.7328
  35840.00     8.7170
  35850.00     9.0237
  35860.00     8.8062
  35870.00     9.1030
  35880.00     8.9811
  35890.00     8.7558
  35900.00     9.0247
  35910.00     9.1388
  35920.00     8.9709
  35930.00     8.7745
  35940.00     9.3814
  35950.00     8.9344
  35960.00     9.4593
  35970.00     9.1083
  35980.00     8.9922
  35990.00     9.5854
  36000.00     9.1829
  36010.00     9.3330
  36020.00     8.7820
  36030.00     9.0554
  36040.00     8.8335
  36050.00     9.4588
  36060.00     9.2554
  36070.00     9.4478
  36080.00     8.9919
  36090.00     9.0245
  36100.00     9.9812
  36110.00     9.5889
  36120.00     8.8833
  36130.00     8.8614
  36140.00     9.1036
  36150.00     8.9235
  36160.00     9.1099
  36170.00     9.8604
  36180.00     9.2099
  36190.00     9.2113
  36200.00     9.0390
  36210.00     8.8962
  36220.00     8.8834
  36230.00     8.8602
  36240.00     8.9713
  36250.00     9.3971
  36260.00     9.1208
  36270.00     8.7531
  36280.00     8.7279
  36290.00     8.8305
  36300.00     9.2353
  36310.00     8.6469
  36320.00     9.5052
  36330.00     8.6989
  36340.00     8.8049
  36350.00     8.9598
  36360.00     9.0757
  36370.00     9.1224
  36380.00     9.6071
  36390.00     9.1916
  36400.00     9.1428
  36410.00     9.3378
  36420.00     9.1604
  36430.00     8.8774
  36440.00     8.8828
  36450.00     8.9096
  36460.00     8.8018
  36470.00     8.6585
  36480.00     8.6299
  36490.00     9.5080
  36500.00     9.1855
  36510.00     9.0928
  36520.00     9.3044
  36530.00     8.9560
  36540.00     9.0330
  36550.00     8.5926
  36560.00     8.7698
  36570.00     8.4095
  36580.00     9.0947
  36590.00     8.3543
  36600.00     8.8960
  36610.00     8.6863
  36620.00     9.1774
  36630.00     9.0313
  36640.00     8.9328
  36650.00     9.2814
  36660.00     8.9826
  36670.00     8.6136
  36680.00     8.9126
  36690.00     9.2607
  36700.00     9.3308
  36710.00     9.1378
  36720.00     9.0576
  36730.00     9.3534
  36740.00     9.2677
  36750.00     9.5305
  36760.00     8.9273
  36770.00     9.3982
  36780.00     9.0473
  36790.00     9.1550
  36800.00     9.1877
  36810.00     9.1850
  36820.00     9.1446
  36830.00     9.3773
  36840.00     8.7427
  36850.00     8.5985
  36860.00     9.0165
  36870.00     9.2111
  36880.00     8.6926
  36890.00     8.9563
  36900.00     8.5862
  36910.00     8.6037
  36920.00     9.2451
  36930.00     9.5451
  36940.00     9.2276
  36950.00     9.6327
  36960.00     9.1635
  36970.00     9.2146
  36980.00     9.6589
  36990.00     8.6226
  37000.00     9.1517
  37010.00     8.9108
  37020.00     8.9018
  37030.00     9.2944
  37040.00     9.4368
  37050.00     8.6918
  37060.00     9.3320
  37070.00     9.0293
  37080.00     9.3327
  37090.00     8.8639
  37100.00     9.1322
  37110.00     9.1536
  37120.00     9.2391
  37130.00     8.8153
  37140.00     8.9094
  37150.00     9.5014
  37160.00     9.2532
  37170.00     8.6604
  37180.00     9.7499
  37190.00     9.2911
  37200.00     8.8211
  37210.00     8.8152
  37220.00     8.7114
  37230.00     9.1696
  37240.00     9.0554
  37250.00     8.9763
  37260.00     9.2042
  37270.00     8.5710
  37280.00     8.7997
  37290.00     9.5169
  37300.00     9.2633
  37310.00     9.1342
  37320.00     9.1807
  37330.00     9.3114
  37340.00     8.8598
  37350.00     9.0584
  37360.00     9.1628
  37370.00     9.0710
  37380.00     9.0828
  37390.00     9.5697
  37400.00     9.2117
  37410.00     8.3956
  37420.00     9.0329
  37430.00     8.9018
  37440.00     8.6240
  37450.00     8.8960
  37460.00     8.7032
  37470.00     8.9114
  37480.00     9.1942
  37490.00     8.9615
  37500.00     8.5808
  37510.00     9.3405
  37520.00     8.7655
  37530.00     9.1609
  37540.00     9.1910
  37550.00     8.8583
  37560.00     8.6978
  37570.00     9.0596
  37580.00     9.3964
  37590.00     9.1642
  37600.00     9.0544
  37610.00     9.1144
  37620.00     8.5921
  37630.00     8.9908
  37640.00     9.2741
  37650.00     8.7888
  37660.00     8.8104
  37670.00     9.1389
  37680.00     8.9449
  37690.00     9.0404
  37700.00     9.0340
  37710.00     9.4135
  37720.00     9.5936
  37730.00     9.3589
  37740.00     8.7413
  37750.00     9.9251
  37760.00     9.2158
  37770.00     9.0797
  37780.00     8.9613
  37790.00     9.3136
  37800.00     9.3166
  37810.00     8.9687
  37820.00     8.2759
  37830.00     8.7344
  37840.00     8.6039
  37850.00     9.0029
  37860.00     9.2047
  37870.00     8.7904
  37880.00     9.3781
  37890.00     9.2355
  37900.00     9.0835
  37910.00     9.1982
  37920.00     9.7038
  37930.00     9.4411
  37940.00     9.1240
  37950.00     9.3585
  37960.00     9.0832
  37970.00     9.0316
  37980.00     9.1672
  37990.00     8.5260
  38000.00     9.0543
  38010.00     8.8664
  38020.00     9.0602
  38030.00     9.1360
  38040.00     8.9687
  38050.00     9.4300
  38060.00     9.3129
  38070.00     9.0552
  38080.00     8.8647
  38090.00     9.6049
  38100.00     8.6926
  38110.00     9.2357
  38120.00     9.2455
  38130.00     9.1750
  38140.00     8.9320
  38150.00     9.1702
  38160.00     8.8795
  38170.00     8.9472
  38180.00     8.4654
  38190.00     8.8949
  38200.00     9.3250
  38210.00     8.3754
  38220.00     9.0550
  38230.00     9.1969
  38240.00     8.7911
  38250.00     9.0696
  38260.00     9.2206
  38270.00     9.1954
  38280.00     9.1640
  38290.00     8.9074
  38300.00     8.6107
  38310.00     8.9332
  38320.00     8.9578
  38330.00     8.9393
  38340.00     9.2076
  38350.00     9.1717
  38360.00     8.7124
  38370.00     9.1019
  38380.00     8.9087
  38390.00     9.2501
  38400.00     8.9200
  38410.00     9.1905
  38420.00     9.4235
  38430.00     8.9142
  38440.00     9.1654
  38450.00     9.3010
  38460.00     8.5717
  38470.00     9.0640
  38480.00     8.8010
  38490.00     9.4997
  38500.00     9.3834
  38510.00     8.9101
  38520.00     8.7267
  38530.00     8.9359
  38540.00     9.5809
  38550.00     9.1210
  38560.00     9.0431
  38570.00     9.2637
  38580.00     9.4088
  38590.00     9.1930
  38600.00     8.8761
  38610.00     8.5412
  38620.00     8.9257
  38630.00     9.2647
  38640.00     8.8828
  38650.00     9.4818
  38660.00     8.7194
  38670.00     9.0478
  38680.00     9.5373
  38690.00     9.0702
  38700.00     8.9937
  38710.00     9.0946
  38720.00     9.1150
  38730.00     9.8525
  38740.00     9.1152
  38750.00     8.9606
  38760.00     9.1475
  38770.00     9.1374
  38780.00     9.1236
  38790.00     9.2658
  38800.00     9.1577
  38810.00     9.3941
  38820.00     8.9632
  38830.00     8.7896
  38840.00     9.4957
  38850.00     8.7459
  38860.00     8.6695
  38870.00     9.4739
  38880.00     8.9979
  38890.00     8.9100
  38900.00     9.4498
  38910.00     9.0145
  38920.00     9.1332
  38930.00     8.9781
  38940.00     8.6774
  38950.00     9.1166
  38960.00     8.8351
  38970.00     9.0946
  38980.00     9.0312
  38990.00     9.1064
  39000.00     9.0415
  39010.00     8.9754
  39020.00     9.1647
  39030.00     9.3293
  39040.00     8.6998
  39050.00     8.6268
  39060.00     9.2120
  39070.00     8.9739
  39080.00     8.5341
  39090.00     9.4054
  39100.00     8.7587
  39110.00     8.8042
  39120.00     8.9521
  39130.00     9.1915
  39140.00     8.9953
  39150.00     9.0018
  39160.00     8.8745
  39170.00     9.1090
  39180.00     9.6230
  39190.00     9.1092
  39200.00     9.6601
  39210.00     9.0662
  39220.00     9.3194
  39230.00     9.2279
  39240.00     8.7503
  39250.00     9.1996
  39260.00     9.2389
  39270.00     9.0896
  39280.00     9.2634
  39290.00     9.2739
  39300.00     9.3962
  39310.00     9.3986
  39320.00     9.1797
  39330.00     9.6997
  39340.00     9.4447
  39350.00     9.7218
  39360.00     8.9493
  39370.00     9.4025
  39380.00     8.5896
  39390.00     8.9740
  39400.00     9.0143
  39410.00     8.7629
  39420.00     9.5214
  39430.00     8.7733
  39440.00     8.7173
  39450.00     9.0342
  39460.00     9.2722
  39470.00     9.2651
  39480.00     9.1945
  39490.00     9.3888
  39500.00     8.7375
  39510.00     9.2837
  39520.00     8.8978
  39530.00     9.7980
  39540.00     8.6765
  39550.00     9.2141
  39560.00     9.0695
  39570.00     9.1339
  39580.00     9.4081
  39590.00     9.3361
  39600.00     9.4919
  39610.00     9.1360
  39620.00     9.3256
  39630.00     9.2206
  39640.00     9.3208
  39650.00     9.1080
  39660.00     8.3987
  39670.00     8.8290
  39680.00     8.8084
  39690.00     8.9815
  39700.00     9.0872
  39710.00     8.7678
  39720.00     9.4552
  39730.00     9.3800
  39740.00     8.8241
  39750.00     9.0701
  39760.00     8.6884
  39770.00     9.5807
  39780.00     9.1053
  39790.00     9.3271
  39800.00     9.3902
  39810.00     8.5413
  39820.00     8.2518
  39830.00     9.3328
  39840.00     9.1664
  39850.00     8.8327
  39860.00     8.7663
  39870.00     9.2836
  39880.00     8.9827
  39890.00     9.3322
  39900.00     9.3899
  39910.00     9.4274
  39920.00     9.5430
  39930.00     8.9786
  39940.00     9.0337
  39950.00     9.4911
  39960.00     8.6576
  39970.00     9.2274
  39980.00     8.8756
  39990.00     9.0882
  40000.00     9.0757
  40010.00     9.5475
  40020.00     9.1998
  40030.00     9.1573
  40040.00     9.3532
  40050.00     9.4896
  40060.00     9.1289
  40070.00     9.4468
  40080.00     9.2134
  40090.00     9.4108
  40100.00     8.7426
  40110.00     9.4975
  40120.00     9.3120
  40130.00     9.2966
  40140.00     9.4719
  40150.00     9.5499
  40160.00     9.1603
  40170.00     9.6388
  40180.00     9.1743
  40190.00     8.9502
  40200.00     9.4830
  40210.00     9.2936
  40220.00     9.4002
  40230.00    10.2925
  40240.00     9.8034
  40250.00     9.1262
  40260.00     9.1584
  40270.00     8.9812
  40280.00     9.2134
  40290.00     9.0716
  40300.00     8.9251
  40310.00     9.1002
  40320.00     9.3234
  40330.00     9.2596
  40340.00     9.2023
  40350.00     9.6056
  40360.00     9.4613
  40370.00     9.4388
  40380.00     9.3858
  40390.00     9.6185
  40400.00     9.2048
  40410.00     8.9774
  40420.00     9.0711
  40430.00     8.5146
  40440.00     8.8833
  40450.00     8.9329
  40460.00     8.8379
  40470.00     8.8713
  40480.00     8.9635
  40490.00     8.8567
  40500.00     8.6513
  40510.00     8.9111
  40520.00     9.0259
  40530.00     8.9581
  40540.00     9.4856
  40550.00     9.4758
  40560.00     9.0787
  40570.00     9.0096
  40580.00     9.1000
  40590.00     9.2280
  40600.00     9.3113
  40610.00    10.0489
  40620.00     9.2686
  40630.00     9.1027
  40640.00     8.9972
  40650.00     9.3316
  40660.00     8.4770
  40670.00     9.1773
  40680.00     9.4031
  40690.00     9.0206
  40700.00     9.3146
  40710.00     8.8640
  40720.00     8.6887
  40730.00     9.1317
  40740.00     9.4153
  40750.00     9.4599
  40760.00     8.9065
  40770.00     9.3157
  40780.00     8.6795
  40790.00     8.9459
  40800.00     8.6552
  40810.00     9.0254
  40820.00     9.1411
  40830.00     9.3162
  40840.00     8.7350
  40850.00     8.8113
  40860.00     8.9844
  40870.00     8.7395
  40880.00     8.5541
  40890.00     9.0293
  40900.00     9.0796
  40910.00     8.9323
  40920.00     9.4719
  40930.00     9.4230
  40940.00     8.9186
  40950.00     9.2672
  40960.00     8.7313
  40970.00     9.2345
  40980.00     9.3002
  40990.00     9.1955
  41000.00     9.6707
  41010.00     9.1092
  41020.00     9.1140
  41030.00     9.2675
  41040.00     8.8695
  41050.00     9.4340
  41060.00     9.5256
  41070.00     9.5347
  41080.00     9.3658
  41090.00     9.5488
  41100.00     9.1046
  41110.00     9.5407
  41120.00     9.1177
  41130.00     9.2546
  41140.00     9.1338
  41150.00     9.2627
  41160.00     9.2213
  41170.00     9.3421
  41180.00     8.9591
  41190.00     8.8214
  41200.00     8.8797
  41210.00     8.7718
  41220.00     8.9267
  41230.00     9.4305
  41240.00     9.6627
  41250.00     9.5147
  41260.00     8.6967
  41270.00     9.2736
  41280.00     9.0649
  41290.00     9.2802
  41300.00     9.1079
  41310.00     9.7050
  41320.00     9.3006
  41330.00     9.3615
  41340.00     9.2891
  41350.00     9.1494
  41360.00     8.8191
  41370.00     9.3176
  41380.00     8.9581
  41390.00     9.1668
  41400.00     8.9853
  41410.00     9.5626
  41420.00     8.7477
  41430.00     9.3142
  41440.00     9.2755
  41450.00     9.4166
  41460.00     9.0523
  41470.00     9.0514
  41480.00     8.9939
  41490.00     8.7238
  41500.00     9.0300
  41510.00     8.9253
  41520.00     8.9002
  41530.00     8.5475
  41540.00     9.1425
  41550.00     8.7876
  41560.00     9.4213
  41570.00     8.8040
  41580.00     9.0388
  41590.00     8.7272
  41600.00     9.0201
  41610.00     9.1546
  41620.00     9.2430
  41630.00     8.9178
  41640.00     9.0670
  41650.00     8.9605
  41660.00     8.7569
  41670.00     9.3420
  41680.00     9.3210
  41690.00     8.9143
  41700.00     8.7122
  41710.00     9.4048
  41720.00     9.2543
  41730.00     8.8198
  41740.00     9.1473
  41750.00     9.3006
  41760.00     9.5655
  41770.00     9.5229
  41780.00     9.2882
  41790.00     9.7798
  41800.00     8.9587
  41810.00     8.9865
  41820.00     9.4913
  41830.00     9.1351
  41840.00     9.2353
  41850.00     8.9679
  41860.00     9.3589
  41870.00     9.3703
  41880.00     9.1780
  41890.00     9.2284
  41900.00     9.2849
  41910.00     9.1750
  41920.00     9.3096
  41930.00     9.0041
  41940.00     8.6375
  41950.00     9.3990
  41960.00     9.3211
  41970.00     8.7890
  41980.00     9.3312
  41990.00     8.8432
  42000.00     9.1974
  42010.00     9.3533
  42020.00     8.8959
  42030.00     9.0256
  42040.00     8.8991
  42050.00     9.2293
  42060.00     8.8798
  42070.00     9.0581
  42080.00     9.1229
  42090.00     8.8395
  42100.00     9.3778
  42110.00     9.2052
  42120.00     9.5995
  42130.00     9.1837
  42140.00     9.1496
  42150.00     8.7942
  42160.00     9.2815
  42170.00     8.7069
  42180.00     8.6761
  42190.00     9.1594
  42200.00     9.2470
  42210.00     9.0268
  42220.00     8.8413
  42230.00     8.8080
  42240.00     8.8656
  42250.00     9.0724
  42260.00     8.7211
  42270.00     9.0314
  42280.00     9.0990
  42290.00     8.7369
  42300.00     8.7611
  42310.00     8.6898
  42320.00     9.2306
  42330.00     8.8843
  42340.00     9.4051
  42350.00     9.0749
  42360.00     9.3464
  42370.00     9.0400
  42380.00     9.2919
  42390.00     9.1282
  42400.00     8.9057
  42410.00     9.5367
  42420.00     8.6013
  42430.00     9.2725
  42440.00     9.4616
  42450.00     8.6010
  42460.00     8.8362
  42470.00     8.9301
  42480.00     8.8303
  42490.00     8.8745
  42500.00     9.5151
  42510.00     9.3533
  42520.00     9.3361
  42530.00     9.0002
  42540.00     9.0907
  42550.00     9.2905
  42560.00     8.5019
  42570.00     9.1416
  42580.00     9.2973
  42590.00     9.0952
  42600.00     8.9182
  42610.00     8.4948
  42620.00     9.0838
  42630.00     9.0518
  42640.00     9.4268
  42650.00     9.8471
  42660.00     9.2673
  42670.00     9.1765
  42680.00     9.2751
  42690.00     9.5732
  42700.00     9.0150
  42710.00     8.3717
  42720.00     9.0749
  42730.00     9.3109
  42740.00     9.0832
  42750.00     9.0049
  42760.00     9.3439
  42770.00     9.0980
  42780.00     9.1837
  42790.00     9.3377
  42800.00     9.1939
  42810.00     9.1020
  42820.00     9.3382
  42830.00     8.9706
  42840.00     8.6578
  42850.00     9.2339
  42860.00     9.3098
  42870.00     9.1314
  42880.00     8.5046
  42890.00     8.8986
  42900.00     8.7692
  42910.00     9.0420
  42920.00     9.1535
  42930.00     9.0594
  42940.00     8.5052
  42950.00     8.8199
  42960.00     8.9159
  42970.00     8.9833
  42980.00     9.6054
  42990.00     9.1238
  43000.00     9.2389
  43010.00     9.0274
  43020.00     8.8615
  43030.00     9.2080
  43040.00     8.5789
  43050.00     9.2390
  43060.00     8.8844
  43070.00     8.6581
  43080.00     9.2385
  43090.00     9.1584
  43100.00     8.7955
  43110.00     8.7953
  43120.00     8.8702
  43130.00     8.7205
  43140.00     9.2170
  43150.00     8.5083
  43160.00     9.2726
  43170.00     9.2412
  43180.00     8.8669
  43190.00     9.5794
  43200.00     8.6324
  43210.00     8.9703
  43220.00     9.7344
  43230.00     9.3908
  43240.00     8.8789
  43250.00     9.4868
  43260.00     9.1169
  43270.00     9.3972
  43280.00     9.0305
  43290.00     9.0018
  43300.00     9.1540
  43310.00     8.9324
  43320.00     8.7526
  43330.00     8.9633
  43340.00     8.9928
  43350.00     9.3476
  43360.00     8.9045
  43370.00     8.8596
  43380.00     9.2141
  43390.00     9.5362
  43400.00     8.7777
  43410.00     8.5275
  43420.00     9.4770
  43430.00     9.2022
  43440.00     9.0446
  43450.00     9.2248
  43460.00     8.5816
  43470.00     9.1071
  43480.00     8.9983
  43490.00     9.3541
  43500.00     8.5234
  43510.00     8.5924
  43520.00     9.1596
  43530.00     8.9893
  43540.00     8.9385
  43550.00     9.1396
  43560.00     9.0242
  43570.00     8.7124
  43580.00     8.9887
  43590.00     8.8901
  43600.00     9.5432
  43610.00     8.9181
  43620.00     9.1997
  43630.00     9.4227
  43640.00     9.0710
  43650.00     8.9219
  43660.00     8.8210
  43670.00     9.3874
  43680.00     9.0549
  43690.00     8.9741
  43700.00     8.6960
  43710.00     9.2845
  43720.00     9.5051
  43730.00     8.9311
  43740.00     9.6157
  43750.00     9.4550
  43760.00     9.1679
  43770.00     9.2269
  43780.00     9.3021
  43790.00     9.0893
  43800.00     9.1428
  43810.00     8.9313
  43820.00     9.2346
  43830.00     9.0756
  43840.00     9.1939
  43850.00     9.2589
  43860.00     9.3150
  43870.00     8.8713
  43880.00     9.1414
  43890.00     9.0176
  43900.00     8.7621
  43910.00     9.2356
  43920.00     8.7109
  43930.00     8.6986
  43940.00     8.6175
  43950.00     8.6309
  43960.00     9.4332
  43970.00     8.8825
  43980.00     8.3211
  43990.00     9.0436
  44000.00     9.1408
  44010.00     9.1613
  44020.00     9.2853
  44030.00     9.1635
  44040.00     9.0450
  44050.00     9.1951
  44060.00     9.1057
  44070.00     9.5129
  44080.00     8.9993
  44090.00     9.0430
  44100.00     9.1728
  44110.00     9.3340
  44120.00     9.2712
  44130.00     9.4738
  44140.00     9.6177
  44150.00     9.5314
  44160.00     9.7521
  44170.00     8.7524
  44180.00     8.9734
  44190.00     9.2123
  44200.00     9.4535
  44210.00     9.4587
  44220.00     9.3061
  44230.00     8.9741
  44240.00     9.3234
  44250.00     9.0351
  44260.00     9.0790
  44270.00     9.3919
  44280.00     9.3092
  44290.00     9.5763
  44300.00     8.8262
  44310.00     9.4125
  44320.00     8.8610
  44330.00     8.8339
  44340.00     9.3092
  44350.00     9.1292
  44360.00     9.5063
  44370.00     9.3666
  44380.00     8.9800
  44390.00     9.4353
  44400.00     9.2002
  44410.00     9.1500
  44420.00     9.1505
  44430.00     8.7423
  44440.00     9.0798
  44450.00     8.9794
  44460.00     8.6288
  44470.00     9.1526
  44480.00     8.8982
  44490.00     9.0398
  44500.00     8.8588
  44510.00     9.0526
  44520.00     8.9962
  44530.00     8.9000
  44540.00     9.3331
  44550.00     9.6159
  44560.00     8.9588
  44570.00     9.0002
  44580.00     9.2664
  44590.00     8.5823
  44600.00     9.0394
  44610.00     8.6532
  44620.00     8.7021
  44630.00     8.7688
  44640.00     8.7513
  44650.00     8.9748
  44660.00     9.3819
  44670.00     9.3708
  44680.00     9.2217
  44690.00     9.4086
  44700.00     9.1829
  44710.00     9.2150
  44720.00     9.4717
  44730.00     8.7802
  44740.00     9.6323
  44750.00     8.9918
  44760.00     9.3813
  44770.00     8.4420
  44780.00     9.0851
  44790.00     9.2535
  44800.00     9.0810
  44810.00     9.5809
  44820.00     9.2540
  44830.00     9.5360
  44840.00     8.9993
  44850.00     8.8365
  44860.00     9.4124
  44870.00     9.1631
  44880.00     8.8630
  44890.00     8.9770
  44900.00     9.1266
  44910.00     8.6753
  44920.00     8.8903
  44930.00     8.9804
  44940.00     8.9030
  44950.00     9.2131
  44960.00     9.6164
  44970.00     9.0787
  44980.00     8.8768
  44990.00     9.1165
  45000.00     8.8115
  45010.00     9.1186
  45020.00     8.9099
  45030.00     8.9471
  45040.00     9.3138
  45050.00     8.8336
  45060.00     9.0574
  45070.00     9.6183
  45080.00     9.3617
  45090.00     9.4003
  45100.00     9.5066
  45110.00     9.8099
  45120.00     9.1725
  45130.00     9.6560
  45140.00     9.4022
  45150.00     9.3219
  45160.00     9.3068
  45170.00     8.7919
  45180.00     9.2767
  45190.00     9.5643
  45200.00     8.6566
  45210.00     9.2419
  45220.00     8.8811
  45230.00     9.2238
  45240.00     8.8831
  45250.00     9.4151
  45260.00     8.6846
  45270.00     9.0610
  45280.00     9.1291
  45290.00     9.5924
  45300.00     9.6679
  45310.00     9.1605
  45320.00     9.1355
  45330.00     9.4380
  45340.00     9.2571
  45350.00     9.2563
  45360.00     9.1986
  45370.00     9.0027
  45380.00     9.5541
  45390.00     8.4905
  45400.00     9.2845
  45410.00     9.2594
  45420.00     9.3110
  45430.00     9.0596
  45440.00     8.9687
  45450.00     9.5092
  45460.00     9.0866
  45470.00     9.4902
  45480.00     9.5669
  45490.00     8.7284
  45500.00     9.4238
  45510.00     9.6255
  45520.00     8.8560
  45530.00     9.5502
  45540.00     9.5488
  45550.00     9.2646
  45560.00     8.9101
  45570.00     9.1958
  45580.00     8.8852
  45590.00     9.0015
  45600.00     9.3001
  45610.00     9.5620
  45620.00     8.2281
  45630.00     9.3900
  45640.00     9.2943
  45650.00     8.9385
  45660.00     8.8536
  45670.00     9.1810
  45680.00     9.2549
  45690.00     8.9333
  45700.00     9.5245
  45710.00     8.7119
  45720.00     9.0677
  45730.00     8.7259
  45740.00     8.9705
  45750.00     9.5675
  45760.00     9.0216
  45770.00     9.0021
  45780.00     9.2710
  45790.00     9.2633
  45800.00     9.1384
  45810.00     9.0782
  45820.00     9.2165
  45830.00     9.1703
  45840.00     9.4061
  45850.00     8.7070
  45860.00     9.2312
  45870.00     8.8675
  45880.00     9.4271
  45890.00     9.0798
  45900.00     9.4810
  45910.00     9.1730
  45920.00     9.2030
  45930.00     8.8828
  45940.00     9.6858
  45950.00     9.3729
  45960.00     9.5951
  45970.00     9.0269
  45980.00     9.0488
  45990.00     9.1904
  46000.00     9.5186
  46010.00     9.5424
  46020.00     9.1288
  46030.00     9.1761
  46040.00     8.8454
  46050.00     9.2736
  46060.00     9.1396
  46070.00     8.9360
  46080.00     9.0514
  46090.00     8.4100
  46100.00     9.2436
  46110.00     8.7430
  46120.00     8.4109
  46130.00     9.0099
  46140.00     9.3935
  46150.00     9.0140
  46160.00     9.4138
  46170.00     9.2379
  46180.00     9.0801
  46190.00     8.8019
  46200.00     8.8120
  46210.00     9.0735
  46220.00     8.8936
  46230.00     8.7908
  46240.00     9.3603
  46250.00     9.0165
  46260.00     9.2102
  46270.00     8.7342
  46280.00     8.8285
  46290.00     9.0301
  46300.00     9.2629
  46310.00     9.0729
  46320.00     9.3798
  46330.00     9.0992
  46340.00     9.0129
  46350.00     9.4349
  46360.00     8.6877
  46370.00     9.2888
  46380.00     8.7181
  46390.00     8.9125
  46400.00     8.4334
  46410.00     9.1334
  46420.00     9.2096
  46430.00     9.0631
  46440.00     8.9136
  46450.00     8.8902
  46460.00     9.3892
  46470.00     8.8031
  46480.00     9.1182
  46490.00     9.3386
  46500.00     8.9901
  46510.00     8.7844
  46520.00     9.0961
  46530.00     8.9921
  46540.00     8.7650
  46550.00     9.2612
  46560.00     9.1987
  46570.00     9.1123
  46580.00     8.6833
  46590.00     9.2256
  46600.00     9.3676
  46610.00     9.4285
  46620.00     9.0297
  46630.00     9.2796
  46640.00     9.1823
  46650.00     8.6602
  46660.00     8.5539
  46670.00     9.0987
  46680.00     9.2130
  46690.00     9.5107
  46700.00     9.0260
  46710.00     9.0125
  46720.00     9.1382
  46730.00     9.2584
  46740.00     8.7659
  46750.00     9.0502
  46760.00     8.8579
  46770.00     9.1062
  46780.00     9.5264
  46790.00     9.0908
  46800.00     8.6714
  46810.00     8.6200
  46820.00     9.1343
  46830.00     8.8064
  46840.00     8.4828
  46850.00     8.7925
  46860.00     9.0061
  46870.00     9.3845
  46880.00     9.3349
  46890.00     8.4740
  46900.00     9.0109
  46910.00     8.9195
  46920.00     8.9494
  46930.00     9.2344
  46940.00     8.3608
  46950.00     9.3851
  46960.00     8.9394
  46970.00     9.0932
  46980.00     8.5645
  46990.00     8.6118
  47000.00     9.2836
  47010.00     8.9482
  47020.00     8.8315
  47030.00     9.2807
  47040.00     9.4286
  47050.00     8.9707
  47060.00     9.1804
  47070.00     8.7269
  47080.00     9.2745
  47090.00     9.1502
  47100.00     9.1538
  47110.00     9.6351
  47120.00     8.8635
  47130.00     8.6317
  47140.00     9.0483
  47150.00     8.7872
  47160.00     9.1626
  47170.00     9.4446
  47180.00     9.0522
  47190.00     8.8183
  47200.00     8.6423
  47210.00     8.8805
  47220.00     9.3650
  47230.00     9.0465
  47240.00     9.1932
  47250.00     9.2053
  47260.00     8.9049
  47270.00     8.8480
  47280.00     8.6166
  47290.00     8.8712
  47300.00     9.4737
  47310.00     9.2723
  47320.00     9.5533
  47330.00     9.0440
  47340.00     9.5983
  47350.00     9.4095
  47360.00     8.8853
  47370.00     8.8916
  47380.00     9.7689
  47390.00     9.0881
  47400.00     9.4029
  47410.00     9.0044
  47420.00     9.0633
  47430.00     8.9028
  47440.00     8.9115
  47450.00     9.1007
  47460.00     9.3770
  47470.00     8.6460
  47480.00     9.4278
  47490.00     9.3806
  47500.00     9.3085
  47510.00     8.5931
  47520.00     8.6918
  47530.00     9.0553
  47540.00     8.9147
  47550.00     9.0637
  47560.00     8.8822
  47570.00     8.9365
  47580.00     9.0272
  47590.00     8.9999
  47600.00     9.1611
  47610.00     9.1059
  47620.00     9.2473
  47630.00     9.4474
  47640.00     8.6720
  47650.00     9.2762
  47660.00     8.8704
  47670.00     8.6159
  47680.00     9.0063
  47690.00     9.2135
  47700.00     9.5070
  47710.00     9.0033
  47720.00     9.1413
  47730.00     8.8013
  47740.00     8.9707
  47750.00     8.8951
  47760.00     9.1310
  47770.00     9.1375
  47780.00     9.0214
  47790.00     9.5367
  47800.00     9.6583
  47810.00     9.4989
  47820.00     9.4236
  47830.00     9.6059
  47840.00     9.1350
  47850.00     8.9222
  47860.00     9.4567
  47870.00     8.5606
  47880.00     9.4091
  47890.00     9.4032
  47900.00     9.2258
  47910.00     8.6831
  47920.00     9.2709
  47930.00     9.0021
  47940.00     9.0012
  47950.00     9.2483
  47960.00     9.5221
  47970.00     9.0349
  47980.00     8.8352
  47990.00     9.4117
  48000.00     9.2586
  48010.00     9.3562
  48020.00     9.7460
  48030.00     9.1174
  48040.00     8.7351
  48050.00     8.5005
  48060.00     8.2346
  48070.00     8.6085
  48080.00     8.5913
  48090.00     9.4108
  48100.00     9.1726
  48110.00     9.0902
  48120.00     8.5951
  48130.00     8.7960
  48140.00     8.9941
  48150.00     9.0456
  48160.00     8.5690
  48170.00     9.2698
  48180.00     9.3274
  48190.00     9.4573
  48200.00     9.1746
  48210.00     8.9118
  48220.00     9.0106
  48230.00     8.9065
  48240.00     9.4691
  48250.00     8.7768
  48260.00     8.9429
  48270.00     8.8549
  48280.00     9.4070
  48290.00     8.8678
  48300.00     8.8823
  48310.00     9.1241
  48320.00     8.4992
  48330.00     9.3477
  48340.00     9.6683
  48350.00     9.0381
  48360.00     9.2414
  48370.00     8.9529
  48380.00     8.8446
  48390.00     8.5015
  48400.00     8.8311
  48410.00     8.8648
  48420.00     8.7379
  48430.00     9.3546
  48440.00     9.3706
  48450.00     9.1841
  48460.00     9.0042
  48470.00     9.2222
  48480.00     8.9565
  48490.00     9.1775
  48500.00     9.1933
  48510.00     8.7662
  48520.00     9.2160
  48530.00     8.7492
  48540.00     9.0838
  48550.00     9.5005
  48560.00     8.7449
  48570.00     8.9539
  48580.00     9.2379
  48590.00     9.1865
  48600.00     9.1366
  48610.00     9.2638
  48620.00     8.6249
  48630.00     9.1989
  48640.00     8.8669
  48650.00     9.3973
  48660.00     8.7682
  48670.00     8.8635
  48680.00     8.8736
  48690.00     9.0662
  48700.00     9.1159
  48710.00     8.7253
  48720.00     9.1290
  48730.00     9.2370
  48740.00     9.0551
  48750.00     9.1723
  48760.00     8.9284
  48770.00     9.1785
  48780.00     9.3493
  48790.00     8.9788
  48800.00     8.6160
  48810.00     9.2987
  48820.00     9.0244
  48830.00     9.4423
  48840.00     9.3489
  48850.00     8.9337
  48860.00     9.1629
  48870.00     8.6473
  48880.00     8.8368
  48890.00     9.1838
  48900.00     9.2690
  48910.00     9.1439
  48920.00     8.9230
  48930.00     8.6997
  48940.00     8.8441
  48950.00     9.0610
  48960.00     8.6683
  48970.00     8.8842
  48980.00     8.7321
  48990.00     8.8421
  49000.00     9.0658
  49010.00     9.4214
  49020.00     9.0791
  49030.00     8.7499
  49040.00     9.0702
  49050.00     8.9056
  49060.00     8.8216
  49070.00     8.9326
  49080.00     8.8891
  49090.00     9.1530
  49100.00     9.1045
  49110.00     8.9808
  49120.00     8.8889
  49130.00     8.9627
  49140.00     9.4275
  49150.00     9.0199
  49160.00     9.5576
  49170.00     8.9183
  49180.00     8.9107
  49190.00     8.7311
  49200.00     8.6460
  49210.00     9.1221
  49220.00     8.6921
  49230.00     9.0286
  49240.00     9.5651
  49250.00     8.7169
  49260.00     8.5643
  49270.00     8.8407
  49280.00     8.9057
  49290.00     9.1344
  49300.00     9.2337
  49310.00     8.8038
  49320.00     8.6752
  49330.00     9.6118
  49340.00     9.1321
  49350.00     8.7184
  49360.00     8.9375
  49370.00     9.3926
  49380.00     9.1374
  49390.00     9.4791
  49400.00     9.1927
  49410.00     9.5395
  49420.00     9.1171
  49430.00     9.3044
  49440.00     8.6490
  49450.00     9.3051
  49460.00     9.1404
  49470.00     9.7866
  49480.00     8.8092
  49490.00     9.3086
  49500.00     8.8656
  49510.00     9.1336
  49520.00     8.5398
  49530.00     9.0984
  49540.00     8.7954
  49550.00     9.0591
  49560.00     8.6481
  49570.00     9.0544
  49580.00     8.8419
  49590.00     9.1539
  49600.00     8.9353
  49610.00     9.2059
  49620.00     8.9555
  49630.00     9.1824
  49640.00     9.1486
  49650.00     8.8678
  49660.00     9.2498
  49670.00     8.4671
  49680.00     8.7088
  49690.00     9.2548
  49700.00     9.3276
  49710.00     8.7623
  49720.00     8.8995
  49730.00     9.3638
  49740.00     8.8677
  49750.00     9.5532
  49760.00     9.4162
  49770.00     9.1476
  49780.00     9.1674
  49790.00     9.2307
  49800.00     8.8058
  49810.00     8.7104
  49820.00     9.2364
  49830.00     9.0365
  49840.00     9.1714
  49850.00     9.4306
  49860.00     8.9846
  49870.00     9.5310
  49880.00     9.4968
  49890.00     9.1837
  49900.00     8.7405
  49910.00     9.0807
  49920.00     9.3511
  49930.00     9.1606
  49940.00     9.0231
  49950.00     9.2842
  49960.00     9.0323
  49970.00     8.9445
  49980.00     9.1945
  49990.00     9.4468
  50000.00     9.4728
