     10.00    25.3655
     20.00    24.8470
     30.00    24.8723
     40.00    24.6784
     50.00    24.9478
     60.00    24.8681
     70.00    25.1284
     80.00    24.6415
     90.00    25.1848
    100.00    25.1915
    110.00    24.8650
    120.00    25.3882
    130.00    25.2786
    140.00    24.7834
    150.00    24.9542
    160.00    24.9742
    170.00    24.8587
    180.00    24.5733
    190.00    25.1834
    200.00    25.0271
    210.00    24.5903
    220.00    24.3763
    230.00    25.2737
    240.00    25.5493
    250.00    24.4761
    260.00    25.4257
    270.00    25.5781
    280.00    25.2582
    290.00    24.7930
    300.00    24.4225
    310.00    24.9565
    320.00    24.7238
    330.00    25.2200
    340.00    25.4879
    350.00    25.4718
    360.00    24.6200
    370.00    25.3665
    380.00    25.3981
    390.00    25.5672
    400.00    24.2091
    410.00    24.7305
    420.00    24.7508
    430.00    24.9352
    440.00    25.1553
    450.00    25.1549
    460.00    25.2657
    470.00    25.0077
    480.00    24.8569
    490.00    25.1185
    500.00    26.0159
    510.00    25.0202
    520.00    25.0469
    530.00    24.8128
    540.00    24.8856
    550.00    25.1130
    560.00    25.4877
    570.00    25.6012
    580.00    25.5267
    590.00    24.6335
    600.00    24.8311
    610.00    25.0418
    620.00    24.8748
    630.00    25.0979
    640.00    24.8178
    650.00    25.0037
    660.00    25.4839
    670.00    25.2599
    680.00    25.1493
    690.00    25.0578
    700.00    25.2402
    710.00    24.6136
    720.00    25.0946
    730.00    24.8526
    740.00    25.0712
    750.00    24.5584
    760.00    24.8576
    770.00    25.2066
    780.00    25.4677
    790.00    24.9344
    800.00    24.8434
    810.00    24.8754
    820.00    24.8494
    830.00    24.7170
    840.00    25.0893
    850.00    24.9858
    860.00    24.8050
    870.00    24.7676
    880.00    25.1667
    890.00    25.5168
    900.00    24.5651
    910.00    24.9501
    920.00    24.4048
    930.00    25.1399
    940.00    24.8023
    950.00    25.2911
    960.00    25.1797
    970.00    24.5269
    980.00    25.1889
    990.00    24.5042
   1000.00    25.1121
   1010.00    25.0198
   1020.00    24.8446
   1030.00    24.9649
   1040.00    24.9655
   1050.00    25.4846
   1060.00    24.8590
   1070.00    24.1709
   1080.00    24.9651
   1090.00    24.7875
   1100.00    25.2333
   1110.00    25.1732
   1120.00    24.6805
   1130.00    25.0443
   1140.00    25.4624
   1150.00    25.8437
   1160.00    25.7738
   1170.00    24.9553
   1180.00    25.1303
   1190.00    25.1928
   1200.00    25.5158
   1210.00    25.3307
   1220.00    25.0944
   1230.00    25.2287
   1240.00    24.9778
   1250.00    24.7364
   1260.00    25.2184
   1270.00    24.9663
   1280.00    24.6293
   1290.00    25.2389
   1300.00    25.0987
   1310.00    25.0945
   1320.00    24.8464
   1330.00    25.3174
   1340.00    25.0124
   1350.00    24.3585
   1360.00    24.8370
   1370.00    24.7465
   1380.00    24.9490
   1390.00    25.3484
   1400.00    24.6601
   1410.00    25.5009
   1420.00    25.2880
   1430.00    24.6375
   1440.00    24.6896
   1450.00    25.0359
   1460.00    24.8211
   1470.00    24.7927
   1480.00    25.1318
   1490.00    25.4101
   1500.00    25.8527
   1510.00    25.7621
   1520.00    24.6359
   1530.00    25.2949
   1540.00    24.5696
   1550.00    24.6174
   1560.00    25.2627
   1570.00    24.8293
   1580.00    24.8783
   1590.00    24.8858
   1600.00    25.2721
   1610.00    24.7842
   1620.00    25.4395
   1630.00    24.8930
   1640.00    25.1442
   1650.00    24.9064
   1660.00    25.2683
   1670.00    25.0186
   1680.00    24.6462
   1690.00    25.0967
   1700.00    24.5203
   1710.00    25.0835
   1720.00    25.5668
   1730.00    24.6739
   1740.00    25.0628
   1750.00    25.0768
   1760.00    25.0218
   1770.00    25.0055
   1780.00    25.2377
   1790.00    25.0801
   1800.00    24.7491
   1810.00    25.0582
   1820.00    25.1409
   1830.00    24.9342
   1840.00    24.2131
   1850.00    24.7651
   1860.00    25.1413
   1870.00    25.5468
   1880.00    24.3823
   1890.00    25.4519
   1900.00    25.0795
   1910.00    25.0761
   1920.00    25.0526
   1930.00    24.8580
   1940.00    24.9169
   1950.00    24.9764
   1960.00    24.9217
   1970.00    25.0751
   1980.00    25.2135
   1990.00    24.8878
   2000.00    24.7771
   2010.00    25.1783
   2020.00    24.7602
   2030.00    24.9514
   2040.00    24.6848
   2050.00    25.6282
   2060.00    24.9987
   2070.00    25.2621
   2080.00    24.4637
   2090.00    24.7706
   2100.00    25.3432
   2110.00    24.7176
   2120.00    24.8218
   2130.00    25.2875
   2140.00    25.2504
   2150.00    25.3812
   2160.00    24.8805
   2170.00    25.0777
   2180.00    25.1903
   2190.00    25.2427
   2200.00    24.8698
   2210.00    24.7602
   2220.00    25.2898
   2230.00    24.7673
   2240.00    24.4803
   2250.00    25.3275
   2260.00    24.4791
   2270.00    25.2811
   2280.00    24.6365
   2290.00    25.0845
   2300.00    24.9867
   2310.00    25.4526
   2320.00    25.1179
   2330.00    24.8862
   2340.00    25.3454
   2350.00    25.1325
   2360.00    24.6298
   2370.00    25.2734
   2380.00    25.3579
   2390.00    24.7838
   2400.00    24.8749
   2410.00    25.0862
   2420.00    24.6896
   2430.00    25.2842
   2440.00    24.8441
   2450.00    24.4044
   2460.00    24.7721
   2470.00    24.2840
   2480.00    24.7563
   2490.00    25.1923
   2500.00    24.9518
   2510.00    25.0254
   2520.00    25.0627
   2530.00    25.5382
   2540.00    24.8342
   2550.00    25.0356
   2560.00    24.7774
   2570.00    24.9825
   2580.00    25.2530
   2590.00    24.7366
   2600.00    24.9772
   2610.00    25.4111
   2620.00    24.8951
   2630.00    25.1383
   2640.00    24.8850
   2650.00    25.2359
   2660.00    24.9000
   2670.00    25.1820
   2680.00    24.8950
   2690.00    25.6806
   2700.00    25.1531
   2710.00    24.9202
   2720.00    24.4671
   2730.00    25.1702
   2740.00    24.7865
   2750.00    24.6444
   2760.00    25.1345
   2770.00    25.0897
   2780.00    24.6752
   2790.00    24.6747
   2800.00    24.8766
   2810.00    24.6134
   2820.00    24.6502
   2830.00    25.1716
   2840.00    24.6575
   2850.00    25.1791
   2860.00    25.1214
   2870.00    24.9888
   2880.00    25.4330
   2890.00    25.3242
   2900.00    25.1803
   2910.00    24.9621
   2920.00    24.8490
   2930.00    24.2990
   2940.00    25.1399
   2950.00    25.1629
   2960.00    24.9182
   2970.00    24.9590
   2980.00    24.9081
   2990.00    24.5575
   3000.00    24.6670
   3010.00    24.9277
   3020.00    24.4961
   3030.00    25.0821
   3040.00    25.1833
   3050.00    25.2901
   3060.00    24.6323
   3070.00    25.0791
   3080.00    24.5799
   3090.00    24.9579
   3100.00    25.3229
   3110.00    25.0104
   3120.00    25.0006
   3130.00    25.0588
   3140.00    25.1026
   3150.00    25.1770
   3160.00    24.9229
   3170.00    24.8797
   3180.00    25.5337
   3190.00    25.0298
   3200.00    24.7265
   3210.00    25.2424
   3220.00    24.8238
   3230.00    25.6321
   3240.00    24.6024
   3250.00    25.3866
   3260.00    25.2096
   3270.00    25.5702
   3280.00    25.0661
   3290.00    25.1550
   3300.00    25.1788
   3310.00    25.3789
   3320.00    25.0124
   3330.00    24.8400
   3340.00    25.1897
   3350.00    25.1413
   3360.00    25.0929
   3370.00    24.9592
   3380.00    25.8688
   3390.00    24.8919
   3400.00    24.6152
   3410.00    24.8794
   3420.00    24.9348
   3430.00    25.4420
   3440.00    24.8654
   3450.00    24.8225
   3460.00    25.0574
   3470.00    24.9037
   3480.00    24.9496
   3490.00    25.1251
   3500.00    24.9390
   3510.00    24.6570
   3520.00    25.1791
   3530.00    25.1396
   3540.00    25.3935
   3550.00    24.9116
   3560.00    24.5522
   3570.00    24.8245
   3580.00    25.3155
   3590.00    25.3611
   3600.00    25.0773
   3610.00    24.8368
   3620.00    25.1744
   3630.00    25.2998
   3640.00    25.2264
   3650.00    25.3160
   3660.00    25.1527
   3670.00    24.7634
   3680.00    25.2104
   3690.00    25.0529
   3700.00    24.9842
   3710.00    24.9455
   3720.00    24.5495
   3730.00    24.6634
   3740.00    24.9138
   3750.00    25.3551
   3760.00    24.9186
   3770.00    25.1370
   3780.00    25.1849
   3790.00    25.0245
   3800.00    24.8312
   3810.00    25.0270
   3820.00    24.7589
   3830.00    24.9091
   3840.00    25.4481
   3850.00    24.8829
   3860.00    24.8801
   3870.00    24.6689
   3880.00    25.0242
   3890.00    24.6963
   3900.00    24.9985
   3910.00    25.2108
   3920.00    25.3308
   3930.00    25.6254
   3940.00    24.8507
   3950.00    24.9565
   3960.00    25.2665
   3970.00    25.0123
   3980.00    24.8291
   3990.00    25.0310
   4000.00    25.0604
   4010.00    25.1386
   4020.00    24.9839
   4030.00    24.9800
   4040.00    24.8553
   4050.00    24.9735
   4060.00    25.1689
   4070.00    25.0309
   4080.00    24.8335
   4090.00    24.8368
   4100.00    24.5752
   4110.00    24.6137
   4120.00    25.1170
   4130.00    25.4623
   4140.00    25.1047
   4150.00    25.4346
   4160.00    25.7933
   4170.00    24.7505
   4180.00    25.1151
   4190.00    24.9240
   4200.00    24.5511
   4210.00    24.6261
   4220.00    24.2974
   4230.00    24.5149
   4240.00    24.8234
   4250.00    24.7299
   4260.00    24.7295
   4270.00    24.7932
   4280.00    25.3157
   4290.00    24.7392
   4300.00    25.0073
   4310.00    24.8161
   4320.00    25.2710
   4330.00    25.0609
   4340.00    25.1632
   4350.00    25.4041
   4360.00    24.9507
   4370.00    25.1947
   4380.00    25.4367
   4390.00    24.7781
   4400.00    24.7334
   4410.00    24.9324
   4420.00    24.9279
   4430.00    25.5999
   4440.00    24.5946
   4450.00    25.0750
   4460.00    24.8318
   4470.00    25.1578
   4480.00    24.9792
   4490.00    25.1051
   4500.00    24.4609
   4510.00    25.1823
   4520.00    25.6579
   4530.00    25.3255
   4540.00    25.2495
   4550.00    24.4204
   4560.00    25.3526
   4570.00    25.1309
   4580.00    25.0234
   4590.00    25.1811
   4600.00    24.5464
   4610.00    24.8997
   4620.00    25.0529
   4630.00    25.2630
   4640.00    24.7812
   4650.00    24.8827
   4660.00    24.9622
   4670.00    25.1730
   4680.00    25.0759
   4690.00    24.7896
   4700.00    25.3498
   4710.00    25.3350
   4720.00    25.2831
   4730.00    25.3022
   4740.00    25.4893
   4750.00    25.0948
   4760.00    25.4762
   4770.00    24.4039
   4780.00    24.8888
   4790.00    24.8777
   4800.00    24.6364
   4810.00    24.9865
   4820.00    24.5811
   4830.00    25.3614
   4840.00    24.5461
   4850.00    25.0291
   4860.00    25.7272
   4870.00    25.0648
   4880.00    24.5806
   4890.00    25.8313
   4900.00    25.3571
   4910.00    24.9891
   4920.00    24.8465
   4930.00    25.0955
   4940.00    25.0966
   4950.00    24.9186
   4960.00    24.7256
   4970.00    25.0162
   4980.00    24.9334
   4990.00    25.1570
   5000.00    25.0939
   5010.00    24.8454
   5020.00    24.7936
   5030.00    25.2314
   5040.00    24.6877
   5050.00    24.9477
   5060.00    24.4306
   5070.00    24.8426
   5080.00    25.2125
   5090.00    24.8621
   5100.00    24.8292
   5110.00    25.2733
   5120.00    25.0842
   5130.00    25.2876
   5140.00    25.1185
   5150.00    24.6224
   5160.00    24.8606
   5170.00    25.4796
   5180.00    24.9490
   5190.00    25.1243
   5200.00    24.8046
   5210.00    25.4633
   5220.00    24.6293
   5230.00    24.8790
   5240.00    25.1461
   5250.00    25.1257
   5260.00    25.7148
   5270.00    25.1718
   5280.00    24.8356
   5290.00    24.7086
   5300.00    24.9196
   5310.00    25.2253
   5320.00    24.5656
   5330.00    24.9904
   5340.00    24.9975
   5350.00    25.1287
   5360.00    24.8210
   5370.00    25.7175
   5380.00    25.4765
   5390.00    25.9041
   5400.00    25.5088
   5410.00    25.1509
   5420.00    25.2429
   5430.00    25.2628
   5440.00    24.4921
   5450.00    25.3585
   5460.00    25.2492
   5470.00    25.2871
   5480.00    24.7694
   5490.00    25.3195
   5500.00    25.3421
   5510.00    24.7041
   5520.00    25.3835
   5530.00    25.1104
   5540.00    25.3685
   5550.00    25.0124
   5560.00    24.9244
   5570.00    25.2763
   5580.00    25.0773
   5590.00    25.1294
   5600.00    25.2431
   5610.00    24.8264
   5620.00    25.1681
   5630.00    25.6403
   5640.00    25.0415
   5650.00    25.3785
   5660.00    24.8066
   5670.00    24.9001
   5680.00    24.7211
   5690.00    24.6787
   5700.00    24.6039
   5710.00    24.9754
   5720.00    25.0891
   5730.00    25.1276
   5740.00    25.0896
   5750.00    24.8171
   5760.00    25.2573
   5770.00    24.8373
   5780.00    25.3796
   5790.00    24.9892
   5800.00    24.9774
   5810.00    24.9567
   5820.00    24.8987
   5830.00    24.6476
   5840.00    25.6923
   5850.00    24.8074
   5860.00    25.4824
   5870.00    24.7146
   5880.00    24.8276
   5890.00    24.9510
   5900.00    24.8778
   5910.00    24.4458
   5920.00    25.2479
   5930.00    25.0377
   5940.00    25.1269
   5950.00    25.7376
   5960.00    24.8275
   5970.00    24.6241
   5980.00    25.2663
   5990.00    25.1742
   6000.00    24.5197
   6010.00    24.8853
   6020.00    25.1666
   6030.00    25.0106
   6040.00    24.6902
   6050.00    24.7009
   6060.00    25.4078
   6070.00    25.2398
   6080.00    24.7946
   6090.00    25.4508
   6100.00    25.2170
   6110.00    24.5859
   6120.00    25.6262
   6130.00    25.2257
   6140.00    24.6139
   6150.00    24.5490
   6160.00    24.8817
   6170.00    25.3476
   6180.00    25.3083
   6190.00    25.0508
   6200.00    24.7269
   6210.00    25.2831
   6220.00    24.9278
   6230.00    24.7632
   6240.00    24.7490
   6250.00    24.8656
   6260.00    25.0234
   6270.00    24.9944
   6280.00    25.1159
   6290.00    25.2345
   6300.00    25.4472
   6310.00    24.9801
   6320.00    25.5408
   6330.00    24.8566
   6340.00    25.1731
   6350.00    25.3071
   6360.00    24.6824
   6370.00    25.3002
   6380.00    25.2597
   6390.00    24.5507
   6400.00    24.9460
   6410.00    23.9741
   6420.00    25.5595
   6430.00    25.2596
   6440.00    24.8478
   6450.00    24.6586
   6460.00    24.4991
   6470.00    24.7830
   6480.00    25.0776
   6490.00    24.7419
   6500.00    24.3987
   6510.00    25.3574
   6520.00    24.5551
   6530.00    24.9265
   6540.00    25.0523
   6550.00    25.1134
   6560.00    24.8781
   6570.00    25.0113
   6580.00    24.8927
   6590.00    24.4786
   6600.00    24.6347
   6610.00    25.5419
   6620.00    25.3945
   6630.00    25.3878
   6640.00    24.7460
   6650.00    25.4542
   6660.00    25.0604
   6670.00    25.5882
   6680.00    24.6234
   6690.00    24.9693
   6700.00    24.4961
   6710.00    25.2506
   6720.00    25.2993
   6730.00    25.0771
   6740.00    25.1017
   6750.00    25.0391
   6760.00    25.4587
   6770.00    24.6925
   6780.00    24.1627
   6790.00    24.8115
   6800.00    24.7570
   6810.00    25.0987
   6820.00    25.2492
   6830.00    25.0640
   6840.00    24.9840
   6850.00    24.8564
   6860.00    25.3414
   6870.00    25.0580
   6880.00    25.1393
   6890.00    24.6833
   6900.00    25.1946
   6910.00    25.4962
   6920.00    25.6581
   6930.00    24.9315
   6940.00    24.9908
   6950.00    24.9553
   6960.00    25.3023
   6970.00    25.2794
   6980.00    24.6246
   6990.00    24.8403
   7000.00    24.7474
   7010.00    25.1291
   7020.00    24.9022
   7030.00    25.4558
   7040.00    25.1168
   7050.00    25.3013
   7060.00    25.0891
   7070.00    25.1160
   7080.00    24.9124
   7090.00    25.1090
   7100.00    25.2492
   7110.00    25.4212
   7120.00    25.0365
   7130.00    24.7954
   7140.00    24.9206
   7150.00    25.1557
   7160.00    25.3915
   7170.00    25.0791
   7180.00    25.2317
   7190.00    24.9370
   7200.00    25.4510
   7210.00    24.2783
   7220.00    25.1062
   7230.00    24.6104
   7240.00    24.9489
   7250.00    24.9590
   7260.00    25.0940
   7270.00    24.8051
   7280.00    25.3599
   7290.00    25.2644
   7300.00    25.3010
   7310.00    24.9130
   7320.00    25.2274
   7330.00    25.0335
   7340.00    24.6036
   7350.00    24.9669
   7360.00    25.0127
   7370.00    24.9828
   7380.00    24.9166
   7390.00    25.3661
   7400.00    24.4800
   7410.00    25.2360
   7420.00    25.1354
   7430.00    24.6408
   7440.00    24.6009
   7450.00    25.5788
   7460.00    25.1767
   7470.00    25.2276
   7480.00    24.8202
   7490.00    24.7861
   7500.00    25.2794
   7510.00    25.2688
   7520.00    25.4563
   7530.00    24.5056
   7540.00    25.0214
   7550.00    25.5155
   7560.00    25.1714
   7570.00    25.1563
   7580.00    24.8929
   7590.00    25.1404
   7600.00    24.9833
   7610.00    24.7103
   7620.00    24.7835
   7630.00    25.2386
   7640.00    24.7752
   7650.00    25.6050
   7660.00    25.2451
   7670.00    24.8862
   7680.00    24.7818
   7690.00    25.6913
   7700.00    24.5933
   7710.00    24.5279
   7720.00    24.9908
   7730.00    25.1043
   7740.00    25.0724
   7750.00    25.0725
   7760.00    24.7416
   7770.00    25.2478
   7780.00    24.5851
   7790.00    24.8248
   7800.00    24.5866
   7810.00    24.5805
   7820.00    24.6024
   7830.00    25.3334
   7840.00    25.5087
   7850.00    25.2195
   7860.00    25.2393
   7870.00    24.8714
   7880.00    25.3946
   7890.00    25.8460
   7900.00    24.3527
   7910.00    25.0495
   7920.00    24.5611
   7930.00    24.9707
   7940.00    25.4740
   7950.00    24.9641
   7960.00    24.8350
   7970.00    25.0416
   7980.00    25.0077
   7990.00    24.9185
   8000.00    25.0921
   8010.00    24.8057
   8020.00    24.4067
   8030.00    24.6520
   8040.00    25.3460
   8050.00    24.8386
   8060.00    25.0142
   8070.00    25.1258
   8080.00    25.6138
   8090.00    24.9116
   8100.00    24.7654
   8110.00    24.5451
   8120.00    25.1708
   8130.00    25.1952
   8140.00    25.1462
   8150.00    24.5904
   8160.00    25.0778
   8170.00    25.5430
   8180.00    25.2616
   8190.00    25.2293
   8200.00    24.8060
   8210.00    25.2264
   8220.00    24.6639
   8230.00    24.7850
   8240.00    25.2456
   8250.00    24.7324
   8260.00    25.3548
   8270.00    25.0321
   8280.00    24.8651
   8290.00    24.7613
   8300.00    25.1652
   8310.00    24.8847
   8320.00    25.4601
   8330.00    24.9055
   8340.00    24.7442
   8350.00    24.9157
   8360.00    25.0021
   8370.00    25.4304
   8380.00    25.2908
   8390.00    25.4942
   8400.00    25.0647
   8410.00    24.9329
   8420.00    24.6687
   8430.00    25.1840
   8440.00    24.7680
   8450.00    24.8585
   8460.00    24.8666
   8470.00    25.0781
   8480.00    24.9667
   8490.00    25.1013
   8500.00    24.7952
   8510.00    25.6604
   8520.00    25.3862
   8530.00    25.4145
   8540.00    25.1994
   8550.00    24.8814
   8560.00    24.9350
   8570.00    25.0576
   8580.00    25.1265
   8590.00    24.9562
   8600.00    25.4288
   8610.00    24.8787
   8620.00    25.5857
   8630.00    25.0617
   8640.00    25.0584
   8650.00    25.3690
   8660.00    24.9317
   8670.00    25.1480
   8680.00    25.3699
   8690.00    25.1679
   8700.00    25.0224
   8710.00    25.2193
   8720.00    25.4845
   8730.00    24.8410
   8740.00    25.0254
   8750.00    25.2463
   8760.00    25.2301
   8770.00    24.9585
   8780.00    25.5998
   8790.00    25.0186
   8800.00    24.9833
   8810.00    24.8826
   8820.00    24.4543
   8830.00    24.6274
   8840.00    25.3482
   8850.00    24.6106
   8860.00    25.2934
   8870.00    25.1039
   8880.00    24.9474
   8890.00    24.8625
   8900.00    24.8238
   8910.00    25.0634
   8920.00    25.8004
   8930.00    24.5239
   8940.00    25.0688
   8950.00    25.4532
   8960.00    25.1485
   8970.00    25.1235
   8980.00    25.1202
   8990.00    25.1582
   9000.00    25.0739
   9010.00    24.8553
   9020.00    24.9701
   9030.00    24.7722
   9040.00    24.8543
   9050.00    25.3073
   9060.00    25.3488
   9070.00    24.5492
   9080.00    24.5976
   9090.00    25.3314
   9100.00    24.9726
   9110.00    25.1809
   9120.00    25.2921
   9130.00    24.6416
   9140.00    24.9390
   9150.00    24.7184
   9160.00    25.1890
   9170.00    25.2551
   9180.00    24.7120
   9190.00    25.1001
   9200.00    25.0866
   9210.00    24.4732
   9220.00    25.0254
   9230.00    24.7363
   9240.00    24.6839
   9250.00    24.8615
   9260.00    25.1402
   9270.00    25.3326
   9280.00    25.7338
   9290.00    25.2849
   9300.00    24.7245
   9310.00    24.6384
   9320.00    24.8862
   9330.00    24.8911
   9340.00    25.2219
   9350.00    24.9327
   9360.00    25.2224
   9370.00    24.4404
   9380.00    24.3515
   9390.00    25.2722
   9400.00    25.1321
   9410.00    24.5133
   9420.00    24.8164
   9430.00    25.2911
   9440.00    25.3728
   9450.00    24.6721
   9460.00    24.9221
   9470.00    25.0231
   9480.00    24.8281
   9490.00    25.4386
   9500.00    25.2972
   9510.00    25.0163
   9520.00    24.9671
   9530.00    25.6409
   9540.00    25.4457
   9550.00    25.5167
   9560.00    25.3548
   9570.00    24.6459
   9580.00    24.9085
   9590.00    24.6536
   9600.00    24.8581
   9610.00    25.0651
   9620.00    25.1735
   9630.00    24.7387
   9640.00    24.9650
   9650.00    25.6319
   9660.00    24.7540
   9670.00    24.9572
   9680.00    25.0122
   9690.00    25.6803
   9700.00    25.2379
   9710.00    24.9190
   9720.00    25.2705
   9730.00    25.1651
   9740.00    24.6962
   9750.00    24.6651
   9760.00    24.8393
   9770.00    25.1968
   9780.00    25.0014
   9790.00    24.6047
   9800.00    25.0830
   9810.00    25.2282
   9820.00    25.2354
   9830.00    25.1215
   9840.00    25.0531
   9850.00    24.9330
   9860.00    25.3643
   9870.00    24.8377
   9880.00    25.3779
   9890.00    24.7527
   9900.00    24.9726
   9910.00    25.3720
   9920.00    25.1968
   9930.00    25.3119
   9940.00    25.0111
   9950.00    24.9155
   9960.00    24.9562
   9970.00    25.1403
   9980.00    24.8606
   9990.00    24.9774
  10000.00    25.4819
  10010.00    24.6718
  10020.00    24.8948
  10030.00    24.6493
  10040.00    24.9451
  10050.00    25.4471
  10060.00    25.0314
  10070.00    25.2727
  10080.00    24.5027
  10090.00    24.8574
  10100.00    25.5094
  10110.00    24.3633
  10120.00    24.5163
  10130.00    25.3188
  10140.00    24.8341
  10150.00    24.8656
  10160.00    24.7267
  10170.00    24.7785
  10180.00    25.0207
  10190.00    24.7983
  10200.00    25.1578
  10210.00    24.8088
  10220.00    24.9235
  10230.00    24.7113
  10240.00    24.6816
  10250.00    24.9815
  10260.00    25.0653
  10270.00    25.0126
  10280.00    25.2354
  10290.00    24.8867
  10300.00    24.8061
  10310.00    24.9839
  10320.00    24.7693
  10330.00    25.2496
  10340.00    24.8188
  10350.00    24.8229
  10360.00    25.4732
  10370.00    24.5609
  10380.00    24.2978
  10390.00    25.6837
  10400.00    25.3154
  10410.00    25.1878
  10420.00    24.8388
  10430.00    24.5797
  10440.00    25.1207
  10450.00    24.8636
  10460.00    25.1165
  10470.00    25.0471
  10480.00    25.1397
  10490.00    25.3992
  10500.00    25.5639
  10510.00    24.7314
  10520.00    24.7314
  10530.00    25.4832
  10540.00    24.7938
  10550.00    24.8403
  10560.00    24.8154
  10570.00    25.2641
  10580.00    24.9811
  10590.00    25.0214
  10600.00    25.7507
  10610.00    24.9836
  10620.00    24.9212
  10630.00    24.1600
  10640.00    25.0567
  10650.00    25.0270
  10660.00    25.4499
  10670.00    25.2861
  10680.00    25.2415
  10690.00    24.8890
  10700.00    24.5646
  10710.00    24.8103
  10720.00    24.8739
  10730.00    25.3120
  10740.00    24.8169
  10750.00    24.9171
  10760.00    24.8102
  10770.00    24.9124
  10780.00    25.3334
  10790.00    24.7374
  10800.00    25.4191
  10810.00    25.3998
  10820.00    24.8554
  10830.00    25.4405
  10840.00    24.8518
  10850.00    25.1280
  10860.00    24.9351
  10870.00    25.1150
  10880.00    24.9507
  10890.00    24.9129
  10900.00    24.8841
  10910.00    24.9598
  10920.00    24.6932
  10930.00    24.8043
  10940.00    25.6505
  10950.00    24.5088
  10960.00    24.6369
  10970.00    24.7647
  10980.00    25.3950
  10990.00    25.1566
  11000.00    24.5560
  11010.00    24.6990
  11020.00    25.1668
  11030.00    24.6609
  11040.00    25.0591
  11050.00    25.6106
  11060.00    24.8783
  11070.00    25.1368
  11080.00    24.7622
  11090.00    24.9225
  11100.00    25.2691
  11110.00    24.6521
  11120.00    24.7548
  11130.00    25.0391
  11140.00    24.9742
  11150.00    24.9600
  11160.00    25.7771
  11170.00    24.4341
  11180.00    25.2060
  11190.00    25.1427
  11200.00    25.2262
  11210.00    24.8248
  11220.00    25.3614
  11230.00    25.0443
  11240.00    25.0541
  11250.00    24.8169
  11260.00    25.5438
  11270.00    25.0930
  11280.00    25.0678
  11290.00    25.1158
  11300.00    25.5347
  11310.00    24.6836
  11320.00    25.7466
  11330.00    24.8027
  11340.00    25.4373
  11350.00    25.2192
  11360.00    25.3344
  11370.00    25.0255
  11380.00    24.7135
  11390.00    24.7878
  11400.00    24.7373
  11410.00    25.2474
  11420.00    25.0099
  11430.00    25.0243
  11440.00    25.5141
  11450.00    23.9920
  11460.00    24.9871
  11470.00    25.3115
  11480.00    24.7913
  11490.00    25.2422
  11500.00    25.5821
  11510.00    25.0880
  11520.00    25.3158
  11530.00    25.0379
  11540.00    25.4313
  11550.00    24.7888
  11560.00    25.0814
  11570.00    24.9796
  11580.00    24.8946
  11590.00    24.8865
  11600.00    24.9338
  11610.00    24.7174
  11620.00    25.1246
  11630.00    25.4057
  11640.00    25.5049
  11650.00    24.8741
  11660.00    25.2520
  11670.00    24.5787
  11680.00    24.4229
  11690.00    25.1039
  11700.00    25.1047
  11710.00    24.2266
  11720.00    25.0000
  11730.00    25.3948
  11740.00    25.3579
  11750.00    25.0526
  11760.00    25.0818
  11770.00    24.8042
  11780.00    25.0666
  11790.00    25.4828
  11800.00    24.7520
  11810.00    24.9799
  11820.00    24.9142
  11830.00    25.1909
  11840.00    24.9395
  11850.00    25.1407
  11860.00    25.4788
  11870.00    24.8849
  11880.00    24.9630
  11890.00    25.3704
  11900.00    25.1135
  11910.00    24.9789
  11920.00    24.8391
  11930.00    24.7266
  11940.00    24.8374
  11950.00    25.5894
  11960.00    25.2111
  11970.00    25.3248
  11980.00    24.7434
  11990.00    25.0065
  12000.00    25.3959
  12010.00    25.3708
  12020.00    25.1054
  12030.00    24.7377
  12040.00    25.4131
  12050.00    24.7231
  12060.00    25.2330
  12070.00    24.9154
  12080.00    24.8755
  12090.00    24.7878
  12100.00    25.3878
  12110.00    24.4657
  12120.00    24.9750
  12130.00    25.4537
  12140.00    24.6280
  12150.00    25.0451
  12160.00    24.8413
  12170.00    24.9820
  12180.00    25.1606
  12190.00    24.5139
  12200.00    24.4057
  12210.00    25.0222
  12220.00    25.2725
  12230.00    24.7595
  12240.00    24.8367
  12250.00    24.6909
  12260.00    24.6176
  12270.00    24.6272
  12280.00    24.9417
  12290.00    24.7641
  12300.00    25.4569
  12310.00    24.3805
  12320.00    24.6904
  12330.00    24.7209
  12340.00    25.3227
  12350.00    24.9251
  12360.00    25.0991
  12370.00    25.1051
  12380.00    24.8854
  12390.00    25.2423
  12400.00    24.7983
  12410.00    25.2949
  12420.00    25.3096
  12430.00    24.8906
  12440.00    24.9461
  12450.00    24.9633
  12460.00    24.6271
  12470.00    24.5457
  12480.00    24.9172
  12490.00    25.1127
  12500.00    25.2094
  12510.00    25.1616
  12520.00    24.8732
  12530.00    25.2899
  12540.00    25.1559
  12550.00    24.9558
  12560.00    24.3833
  12570.00    25.3190
  12580.00    25.1670
  12590.00    24.9453
  12600.00    25.1804
  12610.00    24.5988
  12620.00    24.7901
  12630.00    24.5319
  12640.00    24.7402
  12650.00    25.0772
  12660.00    25.0590
  12670.00    25.4477
  12680.00    24.6719
  12690.00    25.1138
  12700.00    25.1050
  12710.00    24.5743
  12720.00    25.3489
  12730.00    25.3175
  12740.00    25.1434
  12750.00    24.5426
  12760.00    24.6345
  12770.00    24.8376
  12780.00    25.2722
  12790.00    24.7412
  12800.00    24.3673
  12810.00    25.1949
  12820.00    25.0480
  12830.00    24.8015
  12840.00    25.0426
  12850.00    25.3184
  12860.00    24.6944
  12870.00    25.4101
  12880.00    25.0862
  12890.00    24.9339
  12900.00    25.0181
  12910.00    25.0412
  12920.00    24.8519
  12930.00    24.8462
  12940.00    25.1390
  12950.00    24.8396
  12960.00    24.6481
  12970.00    25.2133
  12980.00    25.1268
  12990.00    25.3271
  13000.00    24.8076
  13010.00    25.3231
  13020.00    24.5202
  13030.00    24.6903
  13040.00    25.4719
  13050.00    25.1791
  13060.00    25.0898
  13070.00    25.0580
  13080.00    25.3736
  13090.00    25.1494
  13100.00    24.5241
  13110.00    24.9454
  13120.00    25.1962
  13130.00    25.1828
  13140.00    24.9735
  13150.00    24.7491
  13160.00    24.8548
  13170.00    24.6259
  13180.00    24.9547
  13190.00    24.8055
  13200.00    24.7799
  13210.00    24.8045
  13220.00    25.2282
  13230.00    25.1815
  13240.00    25.2387
  13250.00    24.8406
  13260.00    25.0869
  13270.00    25.2012
  13280.00    25.0886
  13290.00    24.7574
  13300.00    25.3865
  13310.00    24.9826
  13320.00    25.0891
  13330.00    24.9250
  13340.00    24.2110
  13350.00    25.3941
  13360.00    25.2134
  13370.00    25.4569
  13380.00    25.0141
  13390.00    24.8136
  13400.00    25.0016
  13410.00    25.1920
  13420.00    24.8121
  13430.00    25.2439
  13440.00    25.2025
  13450.00    25.2384
  13460.00    25.2129
  13470.00    24.9520
  13480.00    25.3369
  13490.00    25.1246
  13500.00    24.9166
  13510.00    25.3859
  13520.00    25.1092
  13530.00    25.2009
  13540.00    25.0095
  13550.00    25.0541
  13560.00    24.7556
  13570.00    25.5593
  13580.00    25.3430
  13590.00    24.9092
  13600.00    25.3019
  13610.00    24.9107
  13620.00    25.3405
  13630.00    25.0934
  13640.00    24.9396
  13650.00    24.9085
  13660.00    25.3662
  13670.00    24.1628
  13680.00    25.0140
  13690.00    25.4422
  13700.00    24.3993
  13710.00    24.8087
  13720.00    25.1628
  13730.00    24.9853
  13740.00    25.1446
  13750.00    24.7986
  13760.00    25.0261
  13770.00    24.8444
  13780.00    25.6506
  13790.00    25.3292
  13800.00    25.2288
  13810.00    24.7838
  13820.00    25.0066
  13830.00    25.0101
  13840.00    25.0291
  13850.00    25.0174
  13860.00    25.4830
  13870.00    24.3537
  13880.00    25.1543
  13890.00    24.8645
  13900.00    24.5498
  13910.00    25.1173
  13920.00    24.6449
  13930.00    24.7230
  13940.00    25.0684
  13950.00    24.9439
  13960.00    25.2118
  13970.00    25.4943
  13980.00    25.2433
  13990.00    25.1602
  14000.00    25.0716
  14010.00    25.0990
  14020.00    25.0644
  14030.00    25.2150
  14040.00    24.7804
  14050.00    24.6895
  14060.00    24.9320
  14070.00    24.7185
  14080.00    25.0278
  14090.00    24.8169
  14100.00    24.9334
  14110.00    25.4292
  14120.00    25.5062
  14130.00    25.1999
  14140.00    24.5261
  14150.00    25.0850
  14160.00    24.9374
  14170.00    24.9027
  14180.00    24.7316
  14190.00    25.3675
  14200.00    24.8174
  14210.00    25.0279
  14220.00    25.1591
  14230.00    24.7248
  14240.00    25.3424
  14250.00    25.1179
  14260.00    24.8857
  14270.00    24.9810
  14280.00    24.5685
  14290.00    24.7544
  14300.00    25.2243
  14310.00    25.0866
  14320.00    25.0557
  14330.00    24.8059
  14340.00    24.9819
  14350.00    24.6819
  14360.00    24.8466
  14370.00    24.6761
  14380.00    24.8277
  14390.00    25.0501
  14400.00    25.0752
  14410.00    24.7678
  14420.00    24.9499
  14430.00    24.9357
  14440.00    24.8616
  14450.00    24.9898
  14460.00    24.7360
  14470.00    24.9179
  14480.00    25.0863
  14490.00    25.0404
  14500.00    25.0993
  14510.00    25.1435
  14520.00    25.3385
  14530.00    25.0388
  14540.00    25.1051
  14550.00    24.6886
  14560.00    24.8751
  14570.00    25.1094
  14580.00    25.0335
  14590.00    25.3209
  14600.00    25.0587
  14610.00    25.1331
  14620.00    25.1606
  14630.00    24.9849
  14640.00    24.7933
  14650.00    25.0990
  14660.00    24.7912
  14670.00    24.7677
  14680.00    25.0370
  14690.00    25.1444
  14700.00    24.3903
  14710.00    25.0797
  14720.00    24.9330
  14730.00    24.9561
  14740.00    24.8672
  14750.00    25.2430
  14760.00    25.1090
  14770.00    24.7978
  14780.00    24.7620
  14790.00    25.0141
  14800.00    25.5310
  14810.00    25.1888
  14820.00    25.3735
  14830.00    25.1226
  14840.00    24.5382
  14850.00    25.5670
  14860.00    25.0604
  14870.00    25.3885
  14880.00    24.8487
  14890.00    24.9819
  14900.00    24.9672
  14910.00    24.9993
  14920.00    25.3894
  14930.00    25.1103
  14940.00    25.4746
  14950.00    24.8630
  14960.00    24.7769
  14970.00    24.5775
  14980.00    24.5207
  14990.00    25.2768
  15000.00    24.7617
  15010.00    24.7558
  15020.00    25.0632
  15030.00    24.8420
  15040.00    25.2202
  15050.00    25.2093
  15060.00    24.8723
  15070.00    24.8482
  15080.00    24.7572
  15090.00    25.1084
  15100.00    24.7645
  15110.00    24.8269
  15120.00    24.8661
  15130.00    24.9871
  15140.00    24.7922
  15150.00    24.7748
  15160.00    24.7895
  15170.00    24.8102
  15180.00    25.1761
  15190.00    24.9455
  15200.00    24.7997
  15210.00    25.2267
  15220.00    25.3558
  15230.00    24.9943
  15240.00    24.9570
  15250.00    25.0575
  15260.00    25.0905
  15270.00    25.1335
  15280.00    25.4479
  15290.00    24.9586
  15300.00    24.8014
  15310.00    24.7137
  15320.00    25.0922
  15330.00    24.7135
  15340.00    25.0061
  15350.00    25.1354
  15360.00    25.0479
  15370.00    25.5963
  15380.00    24.2528
  15390.00    24.8583
  15400.00    25.2130
  15410.00    24.7825
  15420.00    25.2583
  15430.00    25.1515
  15440.00    24.8845
  15450.00    24.8113
  15460.00    25.0469
  15470.00    25.0618
  15480.00    24.9298
  15490.00    25.4835
  15500.00    25.0008
  15510.00    25.0635
  15520.00    25.0707
  15530.00    24.7520
  15540.00    24.7563
  15550.00    25.2129
  15560.00    25.1027
  15570.00    25.4046
  15580.00    25.3257
  15590.00    25.2042
  15600.00    25.1330
  15610.00    24.9647
  15620.00    24.9972
  15630.00    24.8330
  15640.00    24.8986
  15650.00    24.4900
  15660.00    24.9259
  15670.00    24.8159
  15680.00    24.6543
  15690.00    24.9096
  15700.00    24.3493
  15710.00    25.1356
  15720.00    25.1079
  15730.00    25.3396
  15740.00    25.6127
  15750.00    24.7872
  15760.00    24.8532
  15770.00    24.5691
  15780.00    24.9986
  15790.00    24.8569
  15800.00    25.4025
  15810.00    25.2488
  15820.00    24.8913
  15830.00    24.8783
  15840.00    24.6237
  15850.00    25.2632
  15860.00    25.0829
  15870.00    25.1448
  15880.00    24.8975
  15890.00    25.2078
  15900.00    24.9043
  15910.00    25.5394
  15920.00    24.5243
  15930.00    25.0516
  15940.00    25.0937
  15950.00    25.4644
  15960.00    24.9220
  15970.00    24.4401
  15980.00    24.8992
  15990.00    25.2826
  16000.00    25.2018
  16010.00    25.2434
  16020.00    25.5196
  16030.00    25.2050
  16040.00    25.5422
  16050.00    24.7345
  16060.00    25.0763
  16070.00    25.5143
  16080.00    25.4355
  16090.00    24.9397
  16100.00    25.7697
  16110.00    24.7037
  16120.00    25.1484
  16130.00    25.7491
  16140.00    25.3276
  16150.00    25.3499
  16160.00    25.2852
  16170.00    25.5495
  16180.00    24.8009
  16190.00    25.1646
  16200.00    25.6624
  16210.00    24.6262
  16220.00    25.4769
  16230.00    25.4758
  16240.00    25.3391
  16250.00    24.8645
  16260.00    24.8066
  16270.00    25.2167
  16280.00    25.2417
  16290.00    24.9108
  16300.00    25.1529
  16310.00    24.4534
  16320.00    25.6361
  16330.00    24.8624
  16340.00    25.1799
  16350.00    24.6625
  16360.00    24.9654
  16370.00    24.8850
  16380.00    24.7718
  16390.00    24.8832
  16400.00    25.1057
  16410.00    25.0176
  16420.00    25.0610
  16430.00    24.8842
  16440.00    24.9390
  16450.00    24.7003
  16460.00    25.3278
  16470.00    25.2641
  16480.00    24.9486
  16490.00    25.5127
  16500.00    25.2154
  16510.00    25.0470
  16520.00    25.3081
  16530.00    24.9757
  16540.00    25.2005
  16550.00    25.0591
  16560.00    24.7361
  16570.00    24.9881
  16580.00    24.7781
  16590.00    24.8757
  16600.00    24.6933
  16610.00    25.3562
  16620.00    24.4996
  16630.00    25.1364
  16640.00    24.7271
  16650.00    24.6567
  16660.00    25.0074
  16670.00    24.6459
  16680.00    25.0281
  16690.00    25.0855
  16700.00    25.2068
  16710.00    25.1692
  16720.00    24.9678
  16730.00    25.2570
  16740.00    25.7545
  16750.00    24.7391
  16760.00    25.5719
  16770.00    25.1134
  16780.00    25.3326
  16790.00    25.1679
  16800.00    25.0318
  16810.00    25.1468
  16820.00    24.4872
  16830.00    24.6676
  16840.00    24.9434
  16850.00    25.2925
  16860.00    25.3168
  16870.00    24.7311
  16880.00    24.8874
  16890.00    25.1419
  16900.00    25.2613
  16910.00    24.5242
  16920.00    25.0144
  16930.00    25.0611
  16940.00    25.0835
  16950.00    24.9579
  16960.00    24.7763
  16970.00    24.8854
  16980.00    24.8987
  16990.00    25.0753
  17000.00    24.8870
  17010.00    25.4639
  17020.00    24.9356
  17030.00    24.9572
  17040.00    25.2144
  17050.00    24.6373
  17060.00    25.3716
  17070.00    24.9057
  17080.00    25.1580
  17090.00    24.6925
  17100.00    25.1436
  17110.00    24.9415
  17120.00    25.1370
  17130.00    24.8778
  17140.00    25.1228
  17150.00    24.6290
  17160.00    25.1681
  17170.00    25.4186
  17180.00    24.8849
  17190.00    25.0431
  17200.00    25.1410
  17210.00    25.4568
  17220.00    24.8782
  17230.00    25.2165
  17240.00    25.1270
  17250.00    25.0855
  17260.00    25.2461
  17270.00    25.0984
  17280.00    25.0012
  17290.00    24.8992
  17300.00    25.1594
  17310.00    24.7023
  17320.00    25.1697
  17330.00    25.1258
  17340.00    25.2136
  17350.00    25.2593
  17360.00    25.1495
  17370.00    24.2864
  17380.00    24.9947
  17390.00    24.9617
  17400.00    24.8869
  17410.00    25.0301
  17420.00    24.7864
  17430.00    24.9632
  17440.00    25.1832
  17450.00    24.9464
  17460.00    25.0528
  17470.00    24.9205
  17480.00    25.3237
  17490.00    24.9033
  17500.00    25.0132
  17510.00    25.1674
  17520.00    24.7123
  17530.00    24.9459
  17540.00    24.9860
  17550.00    25.1118
  17560.00    25.3303
  17570.00    24.9231
  17580.00    24.9606
  17590.00    25.5891
  17600.00    25.1717
  17610.00    25.0814
  17620.00    25.4715
  17630.00    25.1483
  17640.00    24.9772
  17650.00    24.6521
  17660.00    24.9174
  17670.00    24.7345
  17680.00    25.1205
  17690.00    24.8839
  17700.00    24.2869
  17710.00    25.3302
  17720.00    25.4184
  17730.00    25.1885
  17740.00    24.7625
  17750.00    24.9723
  17760.00    24.8328
  17770.00    24.6193
  17780.00    25.0747
  17790.00    25.0026
  17800.00    25.1935
  17810.00    24.8425
  17820.00    25.5006
  17830.00    25.1922
  17840.00    24.7517
  17850.00    25.1170
  17860.00    24.6617
  17870.00    25.7046
  17880.00    25.0815
  17890.00    24.8200
  17900.00    24.6165
  17910.00    24.9827
  17920.00    25.2169
  17930.00    24.9534
  17940.00    25.4903
  17950.00    24.9707
  17960.00    24.5631
  17970.00    25.2629
  17980.00    24.7258
  17990.00    24.4901
  18000.00    25.7469
  18010.00    25.3640
  18020.00    24.7350
  18030.00    25.2780
  18040.00    24.5633
  18050.00    24.5711
  18060.00    25.0415
  18070.00    24.8840
  18080.00    25.3863
  18090.00    25.1072
  18100.00    24.8147
  18110.00    24.4768
  18120.00    25.3474
  18130.00    25.1189
  18140.00    25.0832
  18150.00    24.5898
  18160.00    25.0880
  18170.00    24.9082
  18180.00    24.9504
  18190.00    25.3930
  18200.00    25.4433
  18210.00    25.1851
  18220.00    24.5258
  18230.00    24.9427
  18240.00    25.4025
  18250.00    24.8477
  18260.00    24.9033
  18270.00    25.4020
  18280.00    25.2032
  18290.00    24.8295
  18300.00    25.2542
  18310.00    24.9039
  18320.00    25.0716
  18330.00    24.8950
  18340.00    25.1148
  18350.00    24.7137
  18360.00    24.8025
  18370.00    25.5480
  18380.00    24.9261
  18390.00    25.2627
  18400.00    24.8626
  18410.00    25.5691
  18420.00    24.3957
  18430.00    25.0976
  18440.00    25.1315
  18450.00    25.4574
  18460.00    24.6717
  18470.00    24.9815
  18480.00    24.9733
  18490.00    25.1423
  18500.00    24.7877
  18510.00    24.8896
  18520.00    24.6522
  18530.00    24.6619
  18540.00    25.1221
  18550.00    24.6769
  18560.00    24.9333
  18570.00    25.3846
  18580.00    25.6288
  18590.00    25.3385
  18600.00    25.1625
  18610.00    24.8073
  18620.00    25.0392
  18630.00    25.2645
  18640.00    24.8213
  18650.00    25.2647
  18660.00    24.9670
  18670.00    25.0332
  18680.00    24.8188
  18690.00    25.4559
  18700.00    24.5954
  18710.00    25.6141
  18720.00    24.7638
  18730.00    24.7686
  18740.00    24.7942
  18750.00    25.0934
  18760.00    25.1282
  18770.00    24.8636
  18780.00    25.2176
  18790.00    25.1165
  18800.00    24.7089
  18810.00    24.8831
  18820.00    24.9184
  18830.00    24.6400
  18840.00    24.5997
  18850.00    24.9373
  18860.00    24.3538
  18870.00    24.9862
  18880.00    24.5770
  18890.00    25.4489
  18900.00    24.5231
  18910.00    24.4998
  18920.00    25.6040
  18930.00    25.0548
  18940.00    25.0949
  18950.00    24.6381
  18960.00    25.1580
  18970.00    25.2168
  18980.00    24.7386
  18990.00    24.6917
  19000.00    24.7365
  19010.00    25.2745
  19020.00    24.5463
  19030.00    24.9913
  19040.00    24.5906
  19050.00    24.4121
  19060.00    25.1824
  19070.00    24.9515
  19080.00    24.6406
  19090.00    25.2602
  19100.00    24.8644
  19110.00    25.0556
  19120.00    25.2854
  19130.00    25.0854
  19140.00    25.1557
  19150.00    25.1975
  19160.00    24.6620
  19170.00    24.8478
  19180.00    24.7759
  19190.00    25.1555
  19200.00    25.0473
  19210.00    24.9988
  19220.00    24.9251
  19230.00    24.9938
  19240.00    24.8158
  19250.00    24.8941
  19260.00    24.9702
  19270.00    24.8443
  19280.00    24.7493
  19290.00    24.9971
  19300.00    25.2319
  19310.00    24.9123
  19320.00    24.9201
  19330.00    25.4667
  19340.00    24.5218
  19350.00    25.1929
  19360.00    25.2579
  19370.00    25.4563
  19380.00    24.9629
  19390.00    25.3128
  19400.00    25.1781
  19410.00    24.8703
  19420.00    25.2891
  19430.00    24.9209
  19440.00    24.9977
  19450.00    25.1784
  19460.00    24.8849
  19470.00    24.8976
  19480.00    24.9759
  19490.00    24.8835
  19500.00    24.6613
  19510.00    24.9826
  19520.00    25.3883
  19530.00    25.0547
  19540.00    24.4560
  19550.00    24.8827
  19560.00    25.0664
  19570.00    24.7377
  19580.00    24.7303
  19590.00    24.7756
  19600.00    25.3945
  19610.00    25.2563
  19620.00    24.8692
  19630.00    24.6390
  19640.00    25.0466
  19650.00    25.3978
  19660.00    25.5053
  19670.00    24.9234
  19680.00    25.1445
  19690.00    25.2247
  19700.00    24.9467
  19710.00    24.9842
  19720.00    25.0776
  19730.00    25.2054
  19740.00    25.3228
  19750.00    24.8515
  19760.00    25.1603
  19770.00    24.8142
  19780.00    24.9820
  19790.00    24.9651
  19800.00    24.8094
  19810.00    25.3434
  19820.00    25.1812
  19830.00    24.8234
  19840.00    25.2199
  19850.00    25.2588
  19860.00    25.5295
  19870.00    24.4506
  19880.00    24.6643
  19890.00    25.0255
  19900.00    24.7239
  19910.00    24.6529
  19920.00    24.6982
  19930.00    24.7104
  19940.00    24.4421
  19950.00    25.2254
  19960.00    24.4522
  19970.00    25.2273
  19980.00    25.1949
  19990.00    24.9433
  20000.00    24.6855
  20010.00    25.0667
  20020.00    25.1627
  20030.00    25.4299
  20040.00    24.7510
  20050.00    24.9885
  20060.00    25.0642
  20070.00    24.8428
  20080.00    24.6222
  20090.00    25.2104
  20100.00    25.4832
  20110.00    25.1460
  20120.00    24.5541
  20130.00    25.2484
  20140.00    24.8572
  20150.00    25.0492
  20160.00    25.1886
  20170.00    24.9641
  20180.00    25.0490
  20190.00    25.0940
  20200.00    24.8923
  20210.00    25.2387
  20220.00    24.8503
  20230.00    24.8080
  20240.00    24.8727
  20250.00    24.7797
  20260.00    24.9251
  20270.00    25.0858
  20280.00    25.1245
  20290.00    24.6682
  20300.00    25.0314
  20310.00    25.2869
  20320.00    24.7022
  20330.00    25.6111
  20340.00    25.0067
  20350.00    24.9422
  20360.00    25.0512
  20370.00    24.5072
  20380.00    24.8353
  20390.00    25.3787
  20400.00    25.3827
  20410.00    25.1692
  20420.00    24.9835
  20430.00    24.8496
  20440.00    24.8919
  20450.00    25.1811
  20460.00    25.1330
  20470.00    25.2653
  20480.00    25.3693
  20490.00    24.6393
  20500.00    25.2085
  20510.00    25.4107
  20520.00    25.4857
  20530.00    24.7246
  20540.00    24.9458
  20550.00    24.8470
  20560.00    25.1242
  20570.00    24.6731
  20580.00    24.7736
  20590.00    24.6061
  20600.00    25.1496
  20610.00    25.6423
  20620.00    25.0223
  20630.00    25.0255
  20640.00    24.8910
  20650.00    25.3977
  20660.00    24.4818
  20670.00    25.1130
  20680.00    24.7559
  20690.00    24.4766
  20700.00    24.6075
  20710.00    24.5453
  20720.00    25.0137
  20730.00    24.7972
  20740.00    25.0283
  20750.00    25.2990
  20760.00    25.0999
  20770.00    24.8981
  20780.00    25.4936
  20790.00    24.8705
  20800.00    25.3088
  20810.00    24.6703
  20820.00    25.2061
  20830.00    24.6868
  20840.00    24.6387
  20850.00    25.4875
  20860.00    25.1552
  20870.00    24.9771
  20880.00    25.1317
  20890.00    24.5250
  20900.00    25.1178
  20910.00    25.2951
  20920.00    25.9241
  20930.00    25.3376
  20940.00    24.8635
  20950.00    25.0060
  20960.00    24.8697
  20970.00    25.3625
  20980.00    24.7488
  20990.00    25.4588
  21000.00    25.2033
  21010.00    25.2656
  21020.00    25.3634
  21030.00    24.9012
  21040.00    25.3211
  21050.00    24.9623
  21060.00    25.6118
  21070.00    24.8817
  21080.00    25.5470
  21090.00    24.3791
  21100.00    24.5764
  21110.00    24.4822
  21120.00    24.7566
  21130.00    24.9303
  21140.00    25.2211
  21150.00    25.0262
  21160.00    24.9909
  21170.00    24.6336
  21180.00    25.0218
  21190.00    25.5164
  21200.00    25.6417
  21210.00    24.6561
  21220.00    24.8822
  21230.00    25.0390
  21240.00    24.9830
  21250.00    25.3075
  21260.00    24.9808
  21270.00    25.0716
  21280.00    25.3471
  21290.00    25.0203
  21300.00    24.5541
  21310.00    25.0202
  21320.00    24.9718
  21330.00    25.2790
  21340.00    25.1778
  21350.00    25.6842
  21360.00    24.8883
  21370.00    24.6722
  21380.00    24.4890
  21390.00    25.0437
  21400.00    25.3609
  21410.00    24.9878
  21420.00    25.4581
  21430.00    24.9181
  21440.00    24.9705
  21450.00    24.7231
  21460.00    24.3149
  21470.00    24.5220
  21480.00    24.7385
  21490.00    25.0616
  21500.00    25.4231
  21510.00    25.2889
  21520.00    25.0775
  21530.00    25.2473
  21540.00    25.3586
  21550.00    25.2370
  21560.00    25.0698
  21570.00    25.2750
  21580.00    25.1682
  21590.00    25.3040
  21600.00    25.2053
  21610.00    24.5924
  21620.00    25.1155
  21630.00    24.8379
  21640.00    25.2205
  21650.00    24.7910
  21660.00    25.0558
  21670.00    25.2244
  21680.00    25.0129
  21690.00    24.9377
  21700.00    24.8326
  21710.00    25.0009
  21720.00    24.7289
  21730.00    24.9993
  21740.00    25.0766
  21750.00    24.7296
  21760.00    25.3216
  21770.00    25.2179
  21780.00    25.1921
  21790.00    24.9431
  21800.00    24.9226
  21810.00    25.1834
  21820.00    25.0740
  21830.00    25.1076
  21840.00    24.9481
  21850.00    25.2133
  21860.00    25.1463
  21870.00    25.1424
  21880.00    25.2468
  21890.00    25.4349
  21900.00    25.2499
  21910.00    25.3216
  21920.00    25.0993
  21930.00    24.9407
  21940.00    24.7326
  21950.00    24.6778
  21960.00    24.5335
  21970.00    25.0214
  21980.00    25.0783
  21990.00    25.0230
  22000.00    24.8815
  22010.00    25.2892
  22020.00    24.6048
  22030.00    24.8642
  22040.00    24.9148
  22050.00    24.6777
  22060.00    25.3058
  22070.00    24.8502
  22080.00    24.8670
  22090.00    25.1339
  22100.00    25.5514
  22110.00    24.8431
  22120.00    24.7051
  22130.00    24.8765
  22140.00    25.1081
  22150.00    24.9911
  22160.00    24.8556
  22170.00    24.8353
  22180.00    24.9559
  22190.00    25.0300
  22200.00    25.5031
  22210.00    24.8284
  22220.00    24.6331
  22230.00    24.9313
  22240.00    24.9253
  22250.00    24.9922
  22260.00    25.0262
  22270.00    25.3658
  22280.00    25.0127
  22290.00    25.3855
  22300.00    25.1292
  22310.00    24.9664
  22320.00    25.5908
  22330.00    24.9487
  22340.00    25.0458
  22350.00    24.5257
  22360.00    25.1014
  22370.00    25.0170
  22380.00    24.7864
  22390.00    24.5829
  22400.00    25.1473
  22410.00    25.3901
  22420.00    24.5839
  22430.00    25.0586
  22440.00    24.6272
  22450.00    24.9146
  22460.00    25.1050
  22470.00    25.1629
  22480.00    25.0611
  22490.00    24.9420
  22500.00    24.6205
  22510.00    25.1502
  22520.00    25.2813
  22530.00    24.5329
  22540.00    25.3554
  22550.00    24.8270
  22560.00    24.5810
  22570.00    25.2229
  22580.00    25.2306
  22590.00    24.6446
  22600.00    25.1189
  22610.00    25.3665
  22620.00    25.2272
  22630.00    25.0336
  22640.00    25.3258
  22650.00    24.4799
  22660.00    25.3157
  22670.00    24.9876
  22680.00    25.4037
  22690.00    25.2602
  22700.00    25.1376
  22710.00    25.0611
  22720.00    25.5225
  22730.00    25.7251
  22740.00    25.5408
  22750.00    25.3867
  22760.00    24.8640
  22770.00    24.9317
  22780.00    25.2779
  22790.00    24.6234
  22800.00    25.0681
  22810.00    25.2629
  22820.00    25.0224
  22830.00    25.0789
  22840.00    25.2193
  22850.00    24.7505
  22860.00    25.4887
  22870.00    25.0205
  22880.00    25.3255
  22890.00    25.7730
  22900.00    24.5293
  22910.00    25.3330
  22920.00    25.0003
  22930.00    24.5254
  22940.00    25.3745
  22950.00    25.0307
  22960.00    25.2658
  22970.00    25.2787
  22980.00    25.2574
  22990.00    25.1075
  23000.00    24.7412
  23010.00    25.0580
  23020.00    24.8492
  23030.00    25.1530
  23040.00    25.3664
  23050.00    25.3877
  23060.00    25.0826
  23070.00    25.0799
  23080.00    24.9348
  23090.00    25.1454
  23100.00    24.7007
  23110.00    24.4386
  23120.00    25.1028
  23130.00    25.0439
  23140.00    25.2671
  23150.00    25.0720
  23160.00    24.9729
  23170.00    25.1421
  23180.00    25.0011
  23190.00    24.8985
  23200.00    25.0179
  23210.00    24.7172
  23220.00    25.2554
  23230.00    24.7039
  23240.00    24.8174
  23250.00    24.9197
  23260.00    24.3709
  23270.00    25.5407
  23280.00    24.8952
  23290.00    25.0323
  23300.00    24.8912
  23310.00    24.7722
  23320.00    25.1448
  23330.00    24.9247
  23340.00    25.2010
  23350.00    24.6505
  23360.00    25.0444
  23370.00    24.8251
  23380.00    25.1272
  23390.00    24.7599
  23400.00    24.9653
  23410.00    24.8464
  23420.00    24.6825
  23430.00    24.9855
  23440.00    24.8554
  23450.00    24.9863
  23460.00    25.0907
  23470.00    24.9353
  23480.00    25.1254
  23490.00    25.0981
  23500.00    25.2776
  23510.00    24.4676
  23520.00    25.4244
  23530.00    25.0955
  23540.00    24.9527
  23550.00    24.4855
  23560.00    25.0165
  23570.00    24.8286
  23580.00    25.0616
  23590.00    24.9531
  23600.00    24.9235
  23610.00    25.3977
  23620.00    24.6778
  23630.00    24.8936
  23640.00    24.5539
  23650.00    24.4055
  23660.00    25.2370
  23670.00    25.0032
  23680.00    25.2038
  23690.00    25.0981
  23700.00    24.9794
  23710.00    24.9095
  23720.00    24.7926
  23730.00    25.6146
  23740.00    25.3204
  23750.00    24.8722
  23760.00    25.1706
  23770.00    24.9135
  23780.00    24.6367
  23790.00    24.8122
  23800.00    25.2567
  23810.00    24.8060
  23820.00    25.1317
  23830.00    24.9618
  23840.00    24.5362
  23850.00    24.5226
  23860.00    25.0699
  23870.00    24.7406
  23880.00    25.2134
  23890.00    25.0301
  23900.00    25.5302
  23910.00    25.6839
  23920.00    24.6631
  23930.00    24.9384
  23940.00    24.8409
  23950.00    24.8504
  23960.00    25.1566
  23970.00    25.0813
  23980.00    24.8911
  23990.00    24.4704
  24000.00    24.5081
  24010.00    24.8851
  24020.00    24.6561
  24030.00    24.7448
  24040.00    24.8019
  24050.00    24.6785
  24060.00    25.4552
  24070.00    24.7536
  24080.00    25.1382
  24090.00    24.9723
  24100.00    24.7332
  24110.00    25.5056
  24120.00    24.7492
  24130.00    24.8743
  24140.00    24.4348
  24150.00    24.4700
  24160.00    24.9113
  24170.00    25.0179
  24180.00    24.9368
  24190.00    25.0515
  24200.00    24.7291
  24210.00    25.1872
  24220.00    24.7361
  24230.00    24.4748
  24240.00    25.1219
  24250.00    24.5438
  24260.00    25.2965
  24270.00    24.9728
  24280.00    24.9565
  24290.00    25.2005
  24300.00    24.9128
  24310.00    25.3052
  24320.00    25.1588
  24330.00    24.9002
  24340.00    24.9134
  24350.00    24.6521
  24360.00    24.9516
  24370.00    24.8287
  24380.00    25.2374
  24390.00    25.4178
  24400.00    24.6824
  24410.00    24.9421
  24420.00    24.8017
  24430.00    25.3824
  24440.00    25.3088
  24450.00    25.3475
  24460.00    25.2615
  24470.00    25.4765
  24480.00    25.2110
  24490.00    25.1626
  24500.00    25.0084
  24510.00    24.9501
  24520.00    24.8518
  24530.00    24.9856
  24540.00    25.0404
  24550.00    25.0118
  24560.00    25.0395
  24570.00    25.2976
  24580.00    25.6114
  24590.00    24.6309
  24600.00    24.9084
  24610.00    24.7165
  24620.00    24.6556
  24630.00    25.1304
  24640.00    25.7129
  24650.00    25.0396
  24660.00    25.0474
  24670.00    25.2579
  24680.00    25.5874
  24690.00    24.7872
  24700.00    24.9125
  24710.00    24.8063
  24720.00    24.6801
  24730.00    25.1766
  24740.00    25.0926
  24750.00    25.1948
  24760.00    25.1622
  24770.00    24.8403
  24780.00    24.8569
  24790.00    24.9816
  24800.00    25.0301
  24810.00    25.4061
  24820.00    25.4117
  24830.00    25.2185
  24840.00    24.9796
  24850.00    24.9111
  24860.00    24.6850
  24870.00    25.0538
  24880.00    24.7920
  24890.00    24.9263
  24900.00    25.0556
  24910.00    24.9833
  24920.00    24.7429
  24930.00    25.1475
  24940.00    24.6083
  24950.00    24.9337
  24960.00    24.5451
  24970.00    25.1224
  24980.00    24.9020
  24990.00    25.2962
  25000.00    25.2703
  25010.00    25.2860
  25020.00    24.8013
  25030.00    25.0547
  25040.00    25.1395
  25050.00    25.4069
  25060.00    24.7371
  25070.00    25.5569
  25080.00    25.0610
  25090.00    25.1270
  25100.00    24.8051
  25110.00    25.5533
  25120.00    25.5638
  25130.00    25.2837
  25140.00    25.0109
  25150.00    24.9732
  25160.00    25.1822
  25170.00    25.1152
  25180.00    25.1380
  25190.00    25.0926
  25200.00    24.7922
  25210.00    25.2283
  25220.00    24.8565
  25230.00    24.5652
  25240.00    25.3116
  25250.00    25.4898
  25260.00    25.2484
  25270.00    25.1226
  25280.00    25.4686
  25290.00    24.8913
  25300.00    25.4610
  25310.00    24.8224
  25320.00    25.1218
  25330.00    24.5121
  25340.00    25.2572
  25350.00    25.1744
  25360.00    25.7849
  25370.00    25.1635
  25380.00    25.6447
  25390.00    24.8684
  25400.00    25.4793
  25410.00    24.7864
  25420.00    25.0005
  25430.00    24.6983
  25440.00    24.9380
  25450.00    24.7377
  25460.00    25.1733
  25470.00    25.2101
  25480.00    25.6216
  25490.00    24.7586
  25500.00    24.8332
  25510.00    25.0256
  25520.00    25.4997
  25530.00    25.1760
  25540.00    24.5597
  25550.00    25.3568
  25560.00    24.9171
  25570.00    24.7255
  25580.00    25.5297
  25590.00    25.0692
  25600.00    25.3440
  25610.00    25.2875
  25620.00    25.3311
  25630.00    25.1949
  25640.00    24.8890
  25650.00    24.8050
  25660.00    24.5593
  25670.00    24.9557
  25680.00    25.3680
  25690.00    24.8612
  25700.00    24.6453
  25710.00    25.1786
  25720.00    25.2411
  25730.00    25.0253
  25740.00    25.1867
  25750.00    25.2011
  25760.00    25.0004
  25770.00    25.3106
  25780.00    25.0965
  25790.00    24.5212
  25800.00    24.6446
  25810.00    25.4054
  25820.00    24.9460
  25830.00    25.1696
  25840.00    24.5390
  25850.00    24.9901
  25860.00    25.0023
  25870.00    25.2116
  25880.00    24.8215
  25890.00    25.0425
  25900.00    25.2525
  25910.00    25.2708
  25920.00    24.6890
  25930.00    25.0794
  25940.00    25.0939
  25950.00    24.5933
  25960.00    24.6341
  25970.00    25.5064
  25980.00    25.0438
  25990.00    24.1477
  26000.00    24.8426
  26010.00    24.9642
  26020.00    24.5480
  26030.00    25.1716
  26040.00    24.9444
  26050.00    24.9488
  26060.00    24.9571
  26070.00    24.8702
  26080.00    25.1588
  26090.00    24.8420
  26100.00    25.2840
  26110.00    24.6538
  26120.00    25.3171
  26130.00    24.8189
  26140.00    25.0705
  26150.00    24.1975
  26160.00    25.0695
  26170.00    25.1490
  26180.00    25.3830
  26190.00    24.4060
  26200.00    25.5914
  26210.00    25.0346
  26220.00    24.6543
  26230.00    24.5514
  26240.00    24.7261
  26250.00    25.5700
  26260.00    25.1816
  26270.00    24.9992
  26280.00    24.7148
  26290.00    25.8239
  26300.00    24.6644
  26310.00    25.1814
  26320.00    25.1986
  26330.00    25.4476
  26340.00    24.7232
  26350.00    25.0046
  26360.00    24.6457
  26370.00    25.4043
  26380.00    25.2654
  26390.00    25.2012
  26400.00    24.6738
  26410.00    25.0036
  26420.00    24.9997
  26430.00    24.9025
  26440.00    25.0375
  26450.00    24.7998
  26460.00    24.9921
  26470.00    25.4807
  26480.00    25.0139
  26490.00    24.5109
  26500.00    24.7462
  26510.00    25.2624
  26520.00    25.3526
  26530.00    25.0470
  26540.00    24.9747
  26550.00    25.1887
  26560.00    24.9217
  26570.00    24.8462
  26580.00    25.2484
  26590.00    24.7622
  26600.00    25.1142
  26610.00    25.2926
  26620.00    25.1312
  26630.00    25.1693
  26640.00    25.1882
  26650.00    25.3223
  26660.00    24.9433
  26670.00    25.2967
  26680.00    24.4111
  26690.00    25.2603
  26700.00    24.6155
  26710.00    25.7164
  26720.00    24.8677
  26730.00    24.8247
  26740.00    25.4996
  26750.00    25.1352
  26760.00    25.2943
  26770.00    24.6327
  26780.00    24.6649
  26790.00    24.9091
  26800.00    24.8764
  26810.00    24.9998
  26820.00    24.5737
  26830.00    25.3696
  26840.00    25.0990
  26850.00    24.9780
  26860.00    24.8675
  26870.00    25.5704
  26880.00    25.0615
  26890.00    25.1408
  26900.00    24.9170
  26910.00    24.9057
  26920.00    24.9486
  26930.00    24.5513
  26940.00    24.9762
  26950.00    25.1119
  26960.00    24.8212
  26970.00    25.2002
  26980.00    25.4714
  26990.00    24.6756
  27000.00    24.6661
  27010.00    25.2269
  27020.00    25.2742
  27030.00    24.9655
  27040.00    25.1579
  27050.00    24.4788
  27060.00    24.9065
  27070.00    24.8536
  27080.00    24.8811
  27090.00    24.6623
  27100.00    25.2767
  27110.00    24.8814
  27120.00    24.9467
  27130.00    25.0716
  27140.00    25.3463
  27150.00    24.5340
  27160.00    24.3843
  27170.00    24.9380
  27180.00    25.2282
  27190.00    25.0423
  27200.00    24.9105
  27210.00    25.1208
  27220.00    24.7532
  27230.00    24.9082
  27240.00    24.9322
  27250.00    25.4824
  27260.00    24.9284
  27270.00    25.3249
  27280.00    25.5889
  27290.00    25.0483
  27300.00    24.8232
  27310.00    25.3633
  27320.00    25.0089
  27330.00    25.1868
  27340.00    24.6888
  27350.00    25.1477
  27360.00    25.3452
  27370.00    24.9358
  27380.00    25.1996
  27390.00    25.1735
  27400.00    24.5660
  27410.00    24.7497
  27420.00    24.8702
  27430.00    24.6758
  27440.00    25.4547
  27450.00    24.8986
  27460.00    25.1407
  27470.00    24.9097
  27480.00    25.4784
  27490.00    25.7818
  27500.00    24.9664
  27510.00    25.1057
  27520.00    24.7967
  27530.00    24.9567
  27540.00    24.6395
  27550.00    24.7807
  27560.00    25.3407
  27570.00    24.6322
  27580.00    25.3825
  27590.00    25.6158
  27600.00    24.5393
  27610.00    25.3858
  27620.00    25.0549
  27630.00    25.6433
  27640.00    24.8620
  27650.00    24.6843
  27660.00    25.1116
  27670.00    25.0963
  27680.00    25.2419
  27690.00    24.7078
  27700.00    24.8141
  27710.00    24.5336
  27720.00    25.3192
  27730.00    24.7829
  27740.00    25.3410
  27750.00    24.7086
  27760.00    25.1525
  27770.00    25.6872
  27780.00    25.1886
  27790.00    25.2437
  27800.00    25.1078
  27810.00    24.8208
  27820.00    24.7908
  27830.00    25.0023
  27840.00    24.8016
  27850.00    25.0229
  27860.00    24.9257
  27870.00    24.8085
  27880.00    24.9032
  27890.00    24.9987
  27900.00    24.9407
  27910.00    25.1483
  27920.00    25.7668
  27930.00    25.2449
  27940.00    25.1401
  27950.00    25.0884
  27960.00    25.0095
  27970.00    25.3332
  27980.00    24.4923
  27990.00    25.2797
  28000.00    24.8605
  28010.00    25.0029
  28020.00    24.8047
  28030.00    25.4324
  28040.00    24.4425
  28050.00    25.2760
  28060.00    25.3027
  28070.00    24.8767
  28080.00    25.0304
  28090.00    24.8429
  28100.00    25.0726
  28110.00    24.8217
  28120.00    24.8789
  28130.00    24.8129
  28140.00    25.2224
  28150.00    25.3390
  28160.00    24.8150
  28170.00    25.6550
  28180.00    25.4385
  28190.00    24.9436
  28200.00    25.1054
  28210.00    25.1065
  28220.00    25.1238
  28230.00    24.8028
  28240.00    24.7234
  28250.00    24.9906
  28260.00    24.5607
  28270.00    25.2417
  28280.00    24.6017
  28290.00    24.9513
  28300.00    24.9148
  28310.00    25.3516
  28320.00    24.8481
  28330.00    25.2997
  28340.00    25.3029
  28350.00    25.0777
  28360.00    25.1143
  28370.00    25.1291
  28380.00    25.0698
  28390.00    24.7165
  28400.00    24.4278
  28410.00    25.1092
  28420.00    24.8805
  28430.00    24.7359
  28440.00    25.1153
  28450.00    24.8299
  28460.00    25.2079
  28470.00    24.8426
  28480.00    25.1806
  28490.00    24.9371
  28500.00    25.0365
  28510.00    25.2730
  28520.00    24.5519
  28530.00    24.7828
  28540.00    25.4421
  28550.00    25.4714
  28560.00    25.2350
  28570.00    24.7774
  28580.00    25.2825
  28590.00    25.0640
  28600.00    25.2307
  28610.00    25.0886
  28620.00    25.1350
  28630.00    25.0522
  28640.00    25.0164
  28650.00    25.1610
  28660.00    25.1834
  28670.00    25.0325
  28680.00    25.2341
  28690.00    24.9094
  28700.00    25.0918
  28710.00    24.7435
  28720.00    25.1043
  28730.00    25.2849
  28740.00    25.1499
  28750.00    24.8764
  28760.00    24.9281
  28770.00    25.6802
  28780.00    24.6561
  28790.00    24.7626
  28800.00    24.6949
  28810.00    25.1198
  28820.00    25.3536
  28830.00    25.1405
  28840.00    24.8564
  28850.00    24.7308
  28860.00    24.7154
  28870.00    24.5033
  28880.00    25.4257
  28890.00    25.3762
  28900.00    24.8532
  28910.00    25.6313
  28920.00    24.4786
  28930.00    24.5964
  28940.00    25.0789
  28950.00    24.5400
  28960.00    24.9830
  28970.00    24.7422
  28980.00    25.1224
  28990.00    25.0193
  29000.00    25.1520
  29010.00    24.9294
  29020.00    25.2095
  29030.00    24.6677
  29040.00    25.3082
  29050.00    24.9550
  29060.00    25.2593
  29070.00    24.9533
  29080.00    24.8793
  29090.00    24.7960
  29100.00    24.8264
  29110.00    25.2552
  29120.00    25.6662
  29130.00    25.1240
  29140.00    25.1883
  29150.00    25.0831
  29160.00    25.3263
  29170.00    24.9827
  29180.00    25.0242
  29190.00    25.0232
  29200.00    25.1033
  29210.00    25.0405
  29220.00    25.1802
  29230.00    25.1307
  29240.00    24.8772
  29250.00    24.6635
  29260.00    25.0439
  29270.00    25.1277
  29280.00    24.6279
  29290.00    25.0581
  29300.00    24.8272
  29310.00    24.8023
  29320.00    24.8625
  29330.00    24.9056
  29340.00    25.0582
  29350.00    25.5724
  29360.00    25.1841
  29370.00    25.0553
  29380.00    24.8981
  29390.00    25.4134
  29400.00    25.3528
  29410.00    25.5818
  29420.00    24.6119
  29430.00    24.6632
  29440.00    25.3077
  29450.00    24.9041
  29460.00    25.0240
  29470.00    24.7995
  29480.00    24.9666
  29490.00    24.4136
  29500.00    25.2340
  29510.00    24.6018
  29520.00    25.3526
  29530.00    25.8065
  29540.00    24.8084
  29550.00    25.3551
  29560.00    25.0986
  29570.00    25.4660
  29580.00    25.1258
  29590.00    24.9083
  29600.00    24.7139
  29610.00    25.5218
  29620.00    25.0007
  29630.00    24.7767
  29640.00    25.1945
  29650.00    25.0185
  29660.00    24.5721
  29670.00    25.1191
  29680.00    25.4740
  29690.00    25.7651
  29700.00    25.0822
  29710.00    25.1097
  29720.00    24.8552
  29730.00    25.3298
  29740.00    25.4255
  29750.00    25.0229
  29760.00    25.1325
  29770.00    25.0460
  29780.00    24.6855
  29790.00    24.7567
  29800.00    24.5942
  29810.00    24.8951
  29820.00    24.6680
  29830.00    24.6253
  29840.00    24.8028
  29850.00    25.0035
  29860.00    24.9297
  29870.00    25.0091
  29880.00    24.8605
  29890.00    24.8865
  29900.00    24.6214
  29910.00    24.7588
  29920.00    25.2448
  29930.00    25.2386
  29940.00    24.8946
  29950.00    25.0564
  29960.00    24.9434
  29970.00    25.0041
  29980.00    25.4495
  29990.00    25.0212
  30000.00    24.9028
  30010.00    25.4281
  30020.00    25.0230
  30030.00    25.0790
  30040.00    25.9510
  30050.00    25.0405
  30060.00    25.0555
  30070.00    24.8758
  30080.00    25.0818
  30090.00    25.0350
  30100.00    25.0748
  30110.00    25.6717
  30120.00    25.0474
  30130.00    24.6754
  30140.00    25.0292
  30150.00    24.7724
  30160.00    24.9532
  30170.00    24.9212
  30180.00    25.0914
  30190.00    24.5415
  30200.00    25.2618
  30210.00    25.0470
  30220.00    25.0032
  30230.00    24.7378
  30240.00    25.3592
  30250.00    24.9477
  30260.00    25.2648
  30270.00    24.9134
  30280.00    24.8324
  30290.00    24.5177
  30300.00    24.9050
  30310.00    25.0677
  30320.00    25.3851
  30330.00    25.0930
  30340.00    24.6750
  30350.00    24.8617
  30360.00    25.1047
  30370.00    24.5077
  30380.00    24.8219
  30390.00    25.0965
  30400.00    24.4189
  30410.00    24.8400
  30420.00    24.7316
  30430.00    25.3200
  30440.00    24.9269
  30450.00    24.5246
  30460.00    25.1017
  30470.00    25.3222
  30480.00    25.3176
  30490.00    25.1378
  30500.00    25.0175
  30510.00    25.1756
  30520.00    25.0241
  30530.00    24.6332
  30540.00    24.9876
  30550.00    24.8700
  30560.00    24.9309
  30570.00    25.1245
  30580.00    24.7048
  30590.00    24.9517
  30600.00    24.8552
  30610.00    25.0452
  30620.00    25.0839
  30630.00    24.8106
  30640.00    24.6317
  30650.00    25.3876
  30660.00    25.0373
  30670.00    25.4452
  30680.00    24.9239
  30690.00    25.0201
  30700.00    25.2663
  30710.00    24.8986
  30720.00    24.5538
  30730.00    25.2180
  30740.00    25.4281
  30750.00    25.2484
  30760.00    24.7668
  30770.00    24.8629
  30780.00    25.1120
  30790.00    24.9392
  30800.00    24.8881
  30810.00    25.2257
  30820.00    25.2479
  30830.00    24.9026
  30840.00    25.2670
  30850.00    25.1788
  30860.00    25.0679
  30870.00    25.2741
  30880.00    24.7211
  30890.00    25.1766
  30900.00    25.6709
  30910.00    25.4486
  30920.00    24.8647
  30930.00    25.0003
  30940.00    25.0035
  30950.00    25.0483
  30960.00    25.4812
  30970.00    24.8732
  30980.00    25.2726
  30990.00    24.9939
  31000.00    25.6273
  31010.00    24.7885
  31020.00    24.8825
  31030.00    24.8015
  31040.00    25.2130
  31050.00    24.8952
  31060.00    24.6585
  31070.00    25.5909
  31080.00    24.7622
  31090.00    24.4199
  31100.00    25.0066
  31110.00    25.1672
  31120.00    24.8228
  31130.00    25.1689
  31140.00    25.0742
  31150.00    24.5757
  31160.00    24.8412
  31170.00    24.7267
  31180.00    25.0351
  31190.00    25.2816
  31200.00    25.3306
  31210.00    25.1583
  31220.00    24.7336
  31230.00    25.1750
  31240.00    25.5609
  31250.00    25.0958
  31260.00    25.0473
  31270.00    25.0227
  31280.00    24.9590
  31290.00    24.6985
  31300.00    24.8727
  31310.00    24.9430
  31320.00    24.9353
  31330.00    25.2173
  31340.00    25.3185
  31350.00    25.2731
  31360.00    25.3631
  31370.00    25.3120
  31380.00    25.1144
  31390.00    25.2283
  31400.00    24.8204
  31410.00    24.8258
  31420.00    25.0101
  31430.00    25.0122
  31440.00    24.8321
  31450.00    25.1450
  31460.00    25.0608
  31470.00    24.9046
  31480.00    24.8527
  31490.00    24.6328
  31500.00    24.6336
  31510.00    24.8234
  31520.00    25.3449
  31530.00    25.2058
  31540.00    24.9491
  31550.00    25.2134
  31560.00    25.5660
  31570.00    24.7531
  31580.00    25.1900
  31590.00    24.8982
  31600.00    24.5476
  31610.00    24.5884
  31620.00    25.2160
  31630.00    25.0172
  31640.00    25.5644
  31650.00    25.2699
  31660.00    24.8197
  31670.00    24.7605
  31680.00    25.1255
  31690.00    25.5642
  31700.00    25.1443
  31710.00    24.5395
  31720.00    25.1927
  31730.00    24.9953
  31740.00    24.9840
  31750.00    24.8959
  31760.00    25.0182
  31770.00    25.6138
  31780.00    25.0862
  31790.00    25.2634
  31800.00    24.6218
  31810.00    24.8338
  31820.00    25.3130
  31830.00    24.9439
  31840.00    25.4440
  31850.00    24.7524
  31860.00    25.0809
  31870.00    25.0145
  31880.00    24.6602
  31890.00    24.7943
  31900.00    24.9531
  31910.00    24.8174
  31920.00    24.9573
  31930.00    24.9480
  31940.00    25.0651
  31950.00    25.0522
  31960.00    24.8644
  31970.00    25.6022
  31980.00    24.9807
  31990.00    24.3888
  32000.00    25.0636
  32010.00    25.1905
  32020.00    25.0009
  32030.00    25.4210
  32040.00    24.9837
  32050.00    25.0126
  32060.00    25.5191
  32070.00    25.0673
  32080.00    24.9005
  32090.00    24.9944
  32100.00    25.0948
  32110.00    24.6752
  32120.00    25.1374
  32130.00    25.0248
  32140.00    25.4323
  32150.00    24.9492
  32160.00    24.5870
  32170.00    25.2063
  32180.00    24.5431
  32190.00    25.0407
  32200.00    24.7940
  32210.00    25.2193
  32220.00    25.1555
  32230.00    24.9117
  32240.00    25.1360
  32250.00    25.1981
  32260.00    25.3494
  32270.00    24.8666
  32280.00    25.1955
  32290.00    24.3173
  32300.00    24.9975
  32310.00    24.8904
  32320.00    24.8010
  32330.00    24.9537
  32340.00    25.3086
  32350.00    25.0121
  32360.00    25.7091
  32370.00    24.6061
  32380.00    24.4716
  32390.00    24.9653
  32400.00    25.4089
  32410.00    25.0336
  32420.00    25.1059
  32430.00    25.2804
  32440.00    25.2086
  32450.00    24.9846
  32460.00    25.3082
  32470.00    25.5471
  32480.00    24.8688
  32490.00    24.6823
  32500.00    24.8428
  32510.00    24.6599
  32520.00    25.3691
  32530.00    25.2007
  32540.00    25.1477
  32550.00    24.9858
  32560.00    25.2130
  32570.00    25.3106
  32580.00    24.5187
  32590.00    24.6826
  32600.00    25.5971
  32610.00    25.1926
  32620.00    24.6559
  32630.00    24.9304
  32640.00    24.8992
  32650.00    25.1094
  32660.00    25.3164
  32670.00    25.3894
  32680.00    24.7838
  32690.00    24.7782
  32700.00    25.4948
  32710.00    24.8882
  32720.00    25.3171
  32730.00    25.0232
  32740.00    25.2376
  32750.00    25.6257
  32760.00    25.0290
  32770.00    24.9387
  32780.00    24.6293
  32790.00    24.8684
  32800.00    25.0024
  32810.00    25.2129
  32820.00    24.9194
  32830.00    24.6310
  32840.00    25.2615
  32850.00    25.1910
  32860.00    25.0821
  32870.00    25.0065
  32880.00    24.9296
  32890.00    25.1510
  32900.00    25.2244
  32910.00    25.2254
  32920.00    25.1682
  32930.00    25.0681
  32940.00    24.9695
  32950.00    25.2120
  32960.00    25.3478
  32970.00    25.2802
  32980.00    24.9184
  32990.00    25.2915
  33000.00    24.9195
  33010.00    24.4602
  33020.00    24.7864
  33030.00    25.0506
  33040.00    24.7906
  33050.00    25.1276
  33060.00    25.3462
  33070.00    25.4995
  33080.00    24.6913
  33090.00    25.2851
  33100.00    24.7642
  33110.00    25.1858
  33120.00    24.4853
  33130.00    24.7970
  33140.00    24.6513
  33150.00    24.9034
  33160.00    25.0518
  33170.00    24.9268
  33180.00    25.0533
  33190.00    24.7846
  33200.00    25.3400
  33210.00    25.2953
  33220.00    25.1388
  33230.00    25.0432
  33240.00    25.1847
  33250.00    25.0419
  33260.00    25.0345
  33270.00    25.0547
  33280.00    25.2866
  33290.00    24.2258
  33300.00    24.7200
  33310.00    24.7486
  33320.00    24.7962
  33330.00    24.6723
  33340.00    24.8474
  33350.00    24.9966
  33360.00    25.1637
  33370.00    24.9016
  33380.00    24.9621
  33390.00    24.8709
  33400.00    24.7639
  33410.00    24.9240
  33420.00    25.4210
  33430.00    24.9653
  33440.00    24.7466
  33450.00    24.7610
  33460.00    25.2351
  33470.00    24.9788
  33480.00    25.1328
  33490.00    25.3876
  33500.00    24.8641
  33510.00    25.0881
  33520.00    25.3637
  33530.00    24.7120
  33540.00    25.2028
  33550.00    25.1936
  33560.00    24.8309
  33570.00    25.0710
  33580.00    24.3629
  33590.00    24.5823
  33600.00    25.2393
  33610.00    25.1864
  33620.00    25.2718
  33630.00    25.3828
  33640.00    24.8438
  33650.00    25.7382
  33660.00    25.1407
  33670.00    25.1655
  33680.00    25.2872
  33690.00    25.3166
  33700.00    25.1362
  33710.00    24.8812
  33720.00    25.4492
  33730.00    25.2332
  33740.00    25.1013
  33750.00    25.2327
  33760.00    25.0277
  33770.00    24.8000
  33780.00    24.3219
  33790.00    24.8718
  33800.00    25.0440
  33810.00    24.8376
  33820.00    24.6773
  33830.00    24.3420
  33840.00    24.9493
  33850.00    25.3579
  33860.00    24.7614
  33870.00    25.3663
  33880.00    24.5886
  33890.00    24.7215
  33900.00    24.8539
  33910.00    24.2635
  33920.00    25.0358
  33930.00    25.1875
  33940.00    25.3153
  33950.00    24.9189
  33960.00    24.4939
  33970.00    24.3432
  33980.00    25.4782
  33990.00    24.8246
  34000.00    25.4768
  34010.00    25.1200
  34020.00    25.1303
  34030.00    24.8169
  34040.00    24.8388
  34050.00    25.1174
  34060.00    25.0895
  34070.00    24.9454
  34080.00    25.3245
  34090.00    24.9252
  34100.00    25.1972
  34110.00    25.0014
  34120.00    24.7689
  34130.00    25.1980
  34140.00    25.3589
  34150.00    25.1218
  34160.00    25.0902
  34170.00    25.1426
  34180.00    24.3553
  34190.00    25.0998
  34200.00    25.3867
  34210.00    24.6160
  34220.00    24.7249
  34230.00    24.9936
  34240.00    25.2960
  34250.00    24.9025
  34260.00    24.7423
  34270.00    25.3188
  34280.00    24.9607
  34290.00    24.5958
  34300.00    25.2308
  34310.00    24.6015
  34320.00    25.2892
  34330.00    25.4572
  34340.00    24.9807
  34350.00    24.5727
  34360.00    25.1809
  34370.00    25.1646
  34380.00    25.1715
  34390.00    25.3302
  34400.00    25.0446
  34410.00    25.0303
  34420.00    24.8732
  34430.00    24.8858
  34440.00    24.8454
  34450.00    24.7601
  34460.00    24.8312
  34470.00    24.9320
  34480.00    25.0320
  34490.00    25.4620
  34500.00    24.9620
  34510.00    25.2579
  34520.00    25.3255
  34530.00    24.7902
  34540.00    25.0119
  34550.00    24.7015
  34560.00    24.9191
  34570.00    24.6215
  34580.00    24.7500
  34590.00    25.1995
  34600.00    25.0212
  34610.00    25.1044
  34620.00    24.8884
  34630.00    25.1765
  34640.00    25.1524
  34650.00    25.1678
  34660.00    24.7962
  34670.00    25.1328
  34680.00    24.7603
  34690.00    25.1055
  34700.00    25.2188
  34710.00    24.9563
  34720.00    25.3969
  34730.00    25.0370
  34740.00    24.9630
  34750.00    25.0035
  34760.00    24.8749
  34770.00    24.4344
  34780.00    25.3973
  34790.00    24.9709
  34800.00    24.9922
  34810.00    24.7199
  34820.00    25.0296
  34830.00    25.0007
  34840.00    25.0952
  34850.00    25.1045
  34860.00    24.7330
  34870.00    24.8608
  34880.00    25.0430
  34890.00    25.0266
  34900.00    25.6812
  34910.00    24.9847
  34920.00    24.9394
  34930.00    25.1510
  34940.00    24.8209
  34950.00    25.3937
  34960.00    24.9207
  34970.00    24.6000
  34980.00    25.4134
  34990.00    24.6925
  35000.00    25.0508
  35010.00    24.9021
  35020.00    24.8709
  35030.00    24.9143
  35040.00    25.1078
  35050.00    24.7628
  35060.00    24.8448
  35070.00    25.5474
  35080.00    24.9981
  35090.00    25.3693
  35100.00    25.1962
  35110.00    25.1335
  35120.00    24.7604
  35130.00    24.8261
  35140.00    25.1911
  35150.00    24.7679
  35160.00    24.7345
  35170.00    24.8373
  35180.00    24.8816
  35190.00    25.0698
  35200.00    25.2054
  35210.00    25.0093
  35220.00    25.2209
  35230.00    25.2411
  35240.00    25.4148
  35250.00    25.0842
  35260.00    24.7915
  35270.00    25.0183
  35280.00    24.6301
  35290.00    24.9829
  35300.00    25.2253
  35310.00    24.8717
  35320.00    24.7277
  35330.00    25.0390
  35340.00    24.9935
  35350.00    25.2375
  35360.00    24.7983
  35370.00    24.9877
  35380.00    25.1160
  35390.00    25.3793
  35400.00    24.4907
  35410.00    25.2225
  35420.00    25.0289
  35430.00    25.0655
  35440.00    24.7090
  35450.00    24.9591
  35460.00    25.3312
  35470.00    24.8604
  35480.00    25.1728
  35490.00    25.1963
  35500.00    25.2082
  35510.00    24.9819
  35520.00    24.8884
  35530.00    24.8362
  35540.00    25.1548
  35550.00    25.1764
  35560.00    25.0134
  35570.00    25.4696
  35580.00    25.2935
  35590.00    25.2699
  35600.00    24.9034
  35610.00    24.5570
  35620.00    25.0097
  35630.00    24.7426
  35640.00    24.7493
  35650.00    24.7774
  35660.00    24.8400
  35670.00    24.8600
  35680.00    24.8067
  35690.00    25.4084
  35700.00    24.8013
  35710.00    24.9199
  35720.00    24.8809
  35730.00    24.9548
  35740.00    25.2295
  35750.00    24.7884
  35760.00    25.0271
  35770.00    25.2705
  35780.00    25.5353
  35790.00    24.7783
  35800.00    24.6280
  35810.00    24.6621
  35820.00    24.5793
  35830.00    24.7082
  35840.00    25.0239
  35850.00    24.9793
  35860.00    24.9755
  35870.00    25.3717
  35880.00    25.0830
  35890.00    24.7965
  35900.00    25.3572
  35910.00    24.8821
  35920.00    24.8723
  35930.00    25.0016
  35940.00    25.3881
  35950.00    24.7358
  35960.00    24.8943
  35970.00    24.9988
  35980.00    25.2978
  35990.00    25.0357
  36000.00    25.2468
  36010.00    24.9026
  36020.00    24.8677
  36030.00    25.0323
  36040.00    24.5181
  36050.00    24.6444
  36060.00    24.9322
  36070.00    24.8337
  36080.00    24.8512
  36090.00    25.0210
  36100.00    24.8167
  36110.00    25.1202
  36120.00    24.8175
  36130.00    25.3207
  36140.00    25.4660
  36150.00    24.9903
  36160.00    25.3224
  36170.00    24.8115
  36180.00    25.1890
  36190.00    25.2776
  36200.00    25.2593
  36210.00    25.3314
  36220.00    24.8301
  36230.00    24.7766
  36240.00    24.8844
  36250.00    25.1919
  36260.00    25.1297
  36270.00    24.8753
  36280.00    25.6808
  36290.00    25.7028
  36300.00    24.9464
  36310.00    24.8512
  36320.00    25.0679
  36330.00    25.1019
  36340.00    25.0736
  36350.00    25.4852
  36360.00    25.0246
  36370.00    24.7593
  36380.00    24.7669
  36390.00    24.8102
  36400.00    25.3807
  36410.00    25.0272
  36420.00    24.8226
  36430.00    24.8494
  36440.00    24.7908
  36450.00    25.1984
  36460.00    25.1325
  36470.00    25.4874
  36480.00    25.0810
  36490.00    24.8047
  36500.00    25.1333
  36510.00    25.1087
  36520.00    24.9130
  36530.00    24.7181
  36540.00    24.9736
  36550.00    25.0887
  36560.00    24.6704
  36570.00    24.9278
  36580.00    24.9053
  36590.00    25.1607
  36600.00    25.1538
  36610.00    24.6476
  36620.00    24.7783
  36630.00    24.5383
  36640.00    24.6827
  36650.00    25.3235
  36660.00    25.6707
  36670.00    25.0165
  36680.00    25.1080
  36690.00    25.3163
  36700.00    24.9659
  36710.00    25.1595
  36720.00    25.0009
  36730.00    25.1683
  36740.00    25.2745
  36750.00    24.9474
  36760.00    25.3531
  36770.00    25.2551
  36780.00    25.1061
  36790.00    25.0873
  36800.00    24.8357
  36810.00    24.9590
  36820.00    24.9048
  36830.00    25.6780
  36840.00    25.2206
  36850.00    24.6240
  36860.00    25.6437
  36870.00    25.2643
  36880.00    25.2496
  36890.00    25.2638
  36900.00    24.7608
  36910.00    24.9671
  36920.00    25.0644
  36930.00    25.0662
  36940.00    24.7431
  36950.00    24.8894
  36960.00    25.0989
  36970.00    25.2122
  36980.00    24.7727
  36990.00    25.7766
  37000.00    24.6183
  37010.00    25.0573
  37020.00    25.0610
  37030.00    24.9143
  37040.00    25.1620
  37050.00    24.8637
  37060.00    24.8013
  37070.00    24.8079
  37080.00    24.5744
  37090.00    24.9680
  37100.00    25.1628
  37110.00    25.2939
  37120.00    24.9535
  37130.00    25.3195
  37140.00    24.4515
  37150.00    24.9225
  37160.00    25.0808
  37170.00    25.3384
  37180.00    25.3730
  37190.00    24.2822
  37200.00    24.8860
  37210.00    24.8063
  37220.00    24.4683
  37230.00    25.0286
  37240.00    25.4126
  37250.00    25.3541
  37260.00    24.7714
  37270.00    25.0546
  37280.00    25.1215
  37290.00    25.1015
  37300.00    25.2295
  37310.00    25.2434
  37320.00    25.0185
  37330.00    25.1611
  37340.00    25.1872
  37350.00    25.2974
  37360.00    24.9002
  37370.00    25.2290
  37380.00    24.9138
  37390.00    24.9577
  37400.00    25.2506
  37410.00    24.9990
  37420.00    25.1241
  37430.00    24.7415
  37440.00    24.4356
  37450.00    25.1473
  37460.00    24.8818
  37470.00    24.8751
  37480.00    25.1639
  37490.00    25.3042
  37500.00    24.9386
  37510.00    25.5079
  37520.00    24.7152
  37530.00    24.8664
  37540.00    25.0484
  37550.00    25.3627
  37560.00    25.2938
  37570.00    25.2197
  37580.00    25.1671
  37590.00    24.9907
  37600.00    24.9258
  37610.00    24.8579
  37620.00    25.3133
  37630.00    24.7797
  37640.00    24.5112
  37650.00    25.1563
  37660.00    24.9245
  37670.00    24.7672
  37680.00    24.9862
  37690.00    24.6426
  37700.00    24.5788
  37710.00    25.0929
  37720.00    24.8411
  37730.00    24.9929
  37740.00    24.6755
  37750.00    24.8101
  37760.00    24.8044
  37770.00    25.5078
  37780.00    24.7560
  37790.00    24.5354
  37800.00    25.1708
  37810.00    24.8651
  37820.00    25.0477
  37830.00    24.9723
  37840.00    24.9025
  37850.00    24.7793
  37860.00    25.2355
  37870.00    24.8173
  37880.00    25.1636
  37890.00    24.8583
  37900.00    24.9006
  37910.00    24.6971
  37920.00    24.9845
  37930.00    24.5927
  37940.00    25.0620
  37950.00    25.0767
  37960.00    25.2253
  37970.00    25.1096
  37980.00    24.5470
  37990.00    25.3400
  38000.00    25.3539
  38010.00    24.6257
  38020.00    24.7729
  38030.00    24.7826
  38040.00    24.7765
  38050.00    25.5211
  38060.00    25.1090
  38070.00    24.7894
  38080.00    24.7102
  38090.00    24.8216
  38100.00    24.9957
  38110.00    24.8757
  38120.00    24.7671
  38130.00    25.0321
  38140.00    25.5905
  38150.00    25.2997
  38160.00    24.7327
  38170.00    24.6796
  38180.00    25.4369
  38190.00    24.7027
  38200.00    25.1882
  38210.00    24.7427
  38220.00    24.6673
  38230.00    25.1204
  38240.00    25.0383
  38250.00    25.0878
  38260.00    25.1092
  38270.00    24.9895
  38280.00    25.0064
  38290.00    24.9155
  38300.00    25.0488
  38310.00    25.4077
  38320.00    24.8539
  38330.00    25.5631
  38340.00    24.8048
  38350.00    25.1309
  38360.00    24.5595
  38370.00    25.5692
  38380.00    24.8258
  38390.00    24.7193
  38400.00    24.8879
  38410.00    24.9890
  38420.00    25.5369
  38430.00    24.8842
  38440.00    24.7675
  38450.00    24.3480
  38460.00    25.2297
  38470.00    24.9251
  38480.00    24.8652
  38490.00    24.6410
  38500.00    24.9952
  38510.00    25.0107
  38520.00    24.9363
  38530.00    25.6992
  38540.00    25.6275
  38550.00    25.1354
  38560.00    24.7396
  38570.00    25.4093
  38580.00    25.0723
  38590.00    24.8009
  38600.00    25.0489
  38610.00    24.9031
  38620.00    25.0959
  38630.00    25.2084
  38640.00    25.0018
  38650.00    25.0162
  38660.00    24.8502
  38670.00    25.2391
  38680.00    25.2353
  38690.00    25.1844
  38700.00    24.6471
  38710.00    25.0891
  38720.00    25.3485
  38730.00    25.0947
  38740.00    24.8383
  38750.00    25.2515
  38760.00    24.5871
  38770.00    24.9211
  38780.00    24.7888
  38790.00    24.5712
  38800.00    24.7768
  38810.00    24.9798
  38820.00    24.4522
  38830.00    25.1064
  38840.00    25.2551
  38850.00    24.8233
  38860.00    25.1005
  38870.00    24.8603
  38880.00    24.8794
  38890.00    24.8002
  38900.00    24.6358
  38910.00    24.4979
  38920.00    24.6954
  38930.00    25.2945
  38940.00    25.0425
  38950.00    25.3885
  38960.00    25.2220
  38970.00    24.9649
  38980.00    24.7821
  38990.00    25.0413
  39000.00    24.6310
  39010.00    25.0819
  39020.00    25.0512
  39030.00    25.3039
  39040.00    25.0518
  39050.00    25.0125
  39060.00    25.3453
  39070.00    24.9596
  39080.00    25.2754
  39090.00    24.9590
  39100.00    24.6658
  39110.00    24.6817
  39120.00    25.0434
  39130.00    25.2660
  39140.00    25.0113
  39150.00    24.5959
  39160.00    25.2592
  39170.00    25.0293
  39180.00    25.2844
  39190.00    24.9519
  39200.00    25.0502
  39210.00    25.1577
  39220.00    25.3934
  39230.00    25.0194
  39240.00    25.2069
  39250.00    25.3281
  39260.00    25.3331
  39270.00    25.3193
  39280.00    25.0682
  39290.00    25.0107
  39300.00    25.1188
  39310.00    24.8168
  39320.00    24.7344
  39330.00    25.0737
  39340.00    24.5064
  39350.00    24.8857
  39360.00    24.8010
  39370.00    24.7750
  39380.00    25.3735
  39390.00    25.1389
  39400.00    24.7742
  39410.00    25.3455
  39420.00    25.0791
  39430.00    24.4682
  39440.00    24.7300
  39450.00    25.0338
  39460.00    24.9072
  39470.00    25.5323
  39480.00    24.4128
  39490.00    25.4997
  39500.00    24.6381
  39510.00    24.8375
  39520.00    25.0958
  39530.00    25.5935
  39540.00    24.9873
  39550.00    25.0308
  39560.00    24.9666
  39570.00    24.7644
  39580.00    25.5576
  39590.00    24.8937
  39600.00    24.4465
  39610.00    25.0497
  39620.00    24.6433
  39630.00    25.0739
  39640.00    25.1835
  39650.00    24.9386
  39660.00    25.3837
  39670.00    24.8649
  39680.00    25.1553
  39690.00    24.5352
  39700.00    25.1884
  39710.00    24.8313
  39720.00    25.6297
  39730.00    25.1036
  39740.00    24.9659
  39750.00    24.6539
  39760.00    25.0631
  39770.00    24.4907
  39780.00    25.2809
  39790.00    24.9793
  39800.00    24.9503
  39810.00    25.3190
  39820.00    25.1857
  39830.00    25.2022
  39840.00    25.6179
  39850.00    25.3371
  39860.00    25.5671
  39870.00    25.3519
  39880.00    24.9528
  39890.00    25.0836
  39900.00    25.2890
  39910.00    25.0593
  39920.00    25.3947
  39930.00    24.8062
  39940.00    24.6661
  39950.00    25.2651
  39960.00    24.6321
  39970.00    25.3161
  39980.00    25.4795
  39990.00    25.5310
  40000.00    24.8744
  40010.00    25.2084
  40020.00    25.1703
  40030.00    24.8902
  40040.00    24.9282
  40050.00    25.1035
  40060.00    24.8881
  40070.00    25.0534
  40080.00    25.0074
  40090.00    25.1185
  40100.00    24.8703
  40110.00    25.0761
  40120.00    24.4614
  40130.00    24.5021
  40140.00    24.8500
  40150.00    25.1441
  40160.00    24.6880
  40170.00    24.8905
  40180.00    25.0302
  40190.00    25.0610
  40200.00    25.3414
  40210.00    25.0743
  40220.00    25.0142
  40230.00    24.8306
  40240.00    24.8135
  40250.00    24.6758
  40260.00    24.5839
  40270.00    24.8854
  40280.00    25.1891
  40290.00    25.0906
  40300.00    24.8709
  40310.00    25.1561
  40320.00    24.0892
  40330.00    25.2403
  40340.00    25.2068
  40350.00    24.6369
  40360.00    25.1336
  40370.00    25.1057
  40380.00    25.4545
  40390.00    25.2948
  40400.00    24.9321
  40410.00    24.5405
  40420.00    24.8458
  40430.00    24.9516
  40440.00    24.7241
  40450.00    24.9143
  40460.00    25.3186
  40470.00    24.6608
  40480.00    25.1723
  40490.00    25.3376
  40500.00    25.7351
  40510.00    25.3962
  40520.00    25.6787
  40530.00    24.7597
  40540.00    25.0789
  40550.00    24.7032
  40560.00    24.3864
  40570.00    24.8944
  40580.00    24.5465
  40590.00    25.2730
  40600.00    24.7770
  40610.00    24.9647
  40620.00    25.4345
  40630.00    24.8284
  40640.00    24.9374
  40650.00    24.8910
  40660.00    24.9907
  40670.00    25.1153
  40680.00    25.3734
  40690.00    24.9939
  40700.00    25.0930
  40710.00    25.1625
  40720.00    24.8292
  40730.00    24.8892
  40740.00    24.9757
  40750.00    24.8501
  40760.00    24.9028
  40770.00    24.8593
  40780.00    24.9254
  40790.00    24.8588
  40800.00    24.7085
  40810.00    24.8349
  40820.00    24.8739
  40830.00    24.8476
  40840.00    24.9139
  40850.00    25.4323
  40860.00    24.3867
  40870.00    24.8648
  40880.00    25.1480
  40890.00    25.8030
  40900.00    24.9158
  40910.00    25.4436
  40920.00    25.0988
  40930.00    25.5301
  40940.00    25.1124
  40950.00    25.1321
  40960.00    25.2484
  40970.00    24.9680
  40980.00    25.0306
  40990.00    24.9970
  41000.00    24.4054
  41010.00    25.1419
  41020.00    25.5349
  41030.00    24.7189
  41040.00    25.4285
  41050.00    24.7952
  41060.00    25.0393
  41070.00    24.7863
  41080.00    25.1543
  41090.00    24.7982
  41100.00    24.9459
  41110.00    24.9653
  41120.00    24.7645
  41130.00    24.8016
  41140.00    25.5708
  41150.00    24.7689
  41160.00    25.1560
  41170.00    25.1366
  41180.00    24.9141
  41190.00    25.2843
  41200.00    25.0188
  41210.00    24.9052
  41220.00    24.5268
  41230.00    24.9911
  41240.00    24.6639
  41250.00    24.6594
  41260.00    24.8755
  41270.00    25.1033
  41280.00    24.7814
  41290.00    24.7364
  41300.00    24.4783
  41310.00    25.0182
  41320.00    25.0971
  41330.00    24.8914
  41340.00    24.8858
  41350.00    25.1020
  41360.00    25.3655
  41370.00    25.4222
  41380.00    24.8110
  41390.00    25.2174
  41400.00    24.7051
  41410.00    25.0624
  41420.00    25.0558
  41430.00    25.1335
  41440.00    25.2661
  41450.00    24.8328
  41460.00    24.6246
  41470.00    24.3967
  41480.00    25.4710
  41490.00    24.9008
  41500.00    25.4246
  41510.00    25.9437
  41520.00    25.2295
  41530.00    24.9555
  41540.00    25.2795
  41550.00    25.1755
  41560.00    25.2515
  41570.00    25.4937
  41580.00    24.8311
  41590.00    25.2944
  41600.00    24.5232
  41610.00    24.9451
  41620.00    24.6874
  41630.00    24.9586
  41640.00    24.9413
  41650.00    24.7972
  41660.00    24.7377
  41670.00    24.7390
  41680.00    24.9987
  41690.00    24.9219
  41700.00    25.1303
  41710.00    25.3545
  41720.00    24.9845
  41730.00    24.9953
  41740.00    25.1533
  41750.00    24.8393
  41760.00    24.8558
  41770.00    25.1775
  41780.00    24.3105
  41790.00    25.2066
  41800.00    24.9796
  41810.00    25.1238
  41820.00    24.7001
  41830.00    25.6803
  41840.00    24.9244
  41850.00    25.2292
  41860.00    25.1059
  41870.00    25.4055
  41880.00    25.4379
  41890.00    25.1410
  41900.00    25.7006
  41910.00    24.6316
  41920.00    24.6598
  41930.00    24.9982
  41940.00    24.9290
  41950.00    25.1908
  41960.00    24.8070
  41970.00    25.3511
  41980.00    25.0202
  41990.00    24.7857
  42000.00    25.0577
  42010.00    25.0693
  42020.00    24.7665
  42030.00    25.2811
  42040.00    24.8607
  42050.00    24.9955
  42060.00    24.6930
  42070.00    25.1434
  42080.00    25.1974
  42090.00    25.3744
  42100.00    24.9418
  42110.00    25.0957
  42120.00    25.3118
  42130.00    25.3425
  42140.00    24.9453
  42150.00    25.0189
  42160.00    24.8167
  42170.00    24.7246
  42180.00    25.0111
  42190.00    25.1818
  42200.00    24.8407
  42210.00    25.4738
  42220.00    25.2392
  42230.00    25.1975
  42240.00    25.2520
  42250.00    25.1036
  42260.00    24.9442
  42270.00    25.1432
  42280.00    25.2356
  42290.00    25.2405
  42300.00    24.7452
  42310.00    24.8026
  42320.00    25.4141
  42330.00    25.2327
  42340.00    24.8619
  42350.00    24.9589
  42360.00    24.9776
  42370.00    24.9729
  42380.00    24.9722
  42390.00    24.9088
  42400.00    24.8999
  42410.00    25.0774
  42420.00    24.6402
  42430.00    25.2431
  42440.00    25.5530
  42450.00    24.8137
  42460.00    24.4608
  42470.00    24.3808
  42480.00    25.2703
  42490.00    25.0677
  42500.00    25.4457
  42510.00    25.2449
  42520.00    25.0634
  42530.00    25.3562
  42540.00    24.9965
  42550.00    25.5821
  42560.00    25.6238
  42570.00    25.1099
  42580.00    25.0620
  42590.00    25.1750
  42600.00    25.2635
  42610.00    25.1160
  42620.00    25.0547
  42630.00    24.7147
  42640.00    25.1760
  42650.00    24.6375
  42660.00    25.5227
  42670.00    25.0438
  42680.00    25.1957
  42690.00    24.8418
  42700.00    24.8064
  42710.00    25.3210
  42720.00    25.2288
  42730.00    24.8285
  42740.00    25.3060
  42750.00    25.1661
  42760.00    24.8787
  42770.00    24.8282
  42780.00    24.6865
  42790.00    25.2579
  42800.00    24.4208
  42810.00    25.2742
  42820.00    25.2327
  42830.00    24.7581
  42840.00    25.4082
  42850.00    25.2993
  42860.00    25.1385
  42870.00    25.0134
  42880.00    24.9514
  42890.00    24.6410
  42900.00    24.8985
  42910.00    24.9709
  42920.00    25.1206
  42930.00    24.6520
  42940.00    24.7283
  42950.00    24.8415
  42960.00    24.7321
  42970.00    25.0987
  42980.00    25.2227
  42990.00    25.0342
  43000.00    25.2620
  43010.00    24.9285
  43020.00    24.7107
  43030.00    24.4228
  43040.00    24.7115
  43050.00    24.9438
  43060.00    25.4161
  43070.00    24.8149
  43080.00    25.3113
  43090.00    25.3214
  43100.00    25.0416
  43110.00    24.9801
  43120.00    25.0535
  43130.00    25.1984
  43140.00    24.6045
  43150.00    25.5294
  43160.00    24.7490
  43170.00    25.2189
  43180.00    24.5959
  43190.00    25.1473
  43200.00    25.1263
  43210.00    24.8004
  43220.00    24.8107
  43230.00    24.8837
  43240.00    25.0886
  43250.00    24.7318
  43260.00    25.7044
  43270.00    25.1741
  43280.00    24.9263
  43290.00    25.0084
  43300.00    24.8527
  43310.00    24.9998
  43320.00    24.8141
  43330.00    24.6253
  43340.00    24.6396
  43350.00    24.5859
  43360.00    24.7883
  43370.00    25.0016
  43380.00    25.1812
  43390.00    25.1597
  43400.00    25.1580
  43410.00    25.2627
  43420.00    25.1338
  43430.00    25.0130
  43440.00    25.3045
  43450.00    25.0285
  43460.00    24.5526
  43470.00    24.6820
  43480.00    24.8697
  43490.00    24.6020
  43500.00    25.0881
  43510.00    25.1218
  43520.00    25.1792
  43530.00    25.1699
  43540.00    24.9774
  43550.00    25.4785
  43560.00    25.2905
  43570.00    25.6905
  43580.00    24.0828
  43590.00    25.0062
  43600.00    25.1435
  43610.00    24.7796
  43620.00    24.8536
  43630.00    24.7772
  43640.00    25.0136
  43650.00    25.0163
  43660.00    24.9118
  43670.00    25.1080
  43680.00    25.4840
  43690.00    24.9347
  43700.00    25.2754
  43710.00    25.0528
  43720.00    24.2587
  43730.00    24.5514
  43740.00    24.6632
  43750.00    24.5934
  43760.00    24.8776
  43770.00    25.2364
  43780.00    24.9186
  43790.00    24.7450
  43800.00    25.2453
  43810.00    24.8938
  43820.00    25.0587
  43830.00    25.3183
  43840.00    24.9885
  43850.00    25.1448
  43860.00    24.9328
  43870.00    25.4179
  43880.00    24.9797
  43890.00    24.9009
  43900.00    25.1187
  43910.00    24.8677
  43920.00    24.8619
  43930.00    25.0484
  43940.00    24.7107
  43950.00    24.7937
  43960.00    24.8774
  43970.00    25.4160
  43980.00    24.4490
  43990.00    24.8125
  44000.00    24.8024
  44010.00    25.2237
  44020.00    24.7115
  44030.00    24.4877
  44040.00    25.6967
  44050.00    25.6174
  44060.00    24.5111
  44070.00    24.8609
  44080.00    25.3487
  44090.00    24.7791
  44100.00    25.3714
  44110.00    25.2414
  44120.00    25.0103
  44130.00    24.8782
  44140.00    25.0221
  44150.00    24.4747
  44160.00    24.6652
  44170.00    25.4494
  44180.00    25.5770
  44190.00    24.9852
  44200.00    24.5735
  44210.00    25.1452
  44220.00    25.1150
  44230.00    24.7464
  44240.00    24.5199
  44250.00    25.0079
  44260.00    24.5274
  44270.00    25.3582
  44280.00    25.6358
  44290.00    25.2815
  44300.00    24.8742
  44310.00    25.1494
  44320.00    25.0498
  44330.00    24.7452
  44340.00    24.9142
  44350.00    24.7017
  44360.00    24.9124
  44370.00    24.6266
  44380.00    24.7847
  44390.00    25.1720
  44400.00    25.0878
  44410.00    25.1173
  44420.00    25.1960
  44430.00    24.7521
  44440.00    25.4790
  44450.00    25.6291
  44460.00    24.6508
  44470.00    25.0771
  44480.00    25.0021
  44490.00    25.1746
  44500.00    25.0198
  44510.00    25.1025
  44520.00    24.8655
  44530.00    24.5462
  44540.00    24.9132
  44550.00    25.0843
  44560.00    24.9561
  44570.00    24.7024
  44580.00    24.8636
  44590.00    25.1318
  44600.00    24.9044
  44610.00    25.2497
  44620.00    25.2943
  44630.00    25.2355
  44640.00    24.7236
  44650.00    24.7047
  44660.00    24.6925
  44670.00    25.2382
  44680.00    24.4032
  44690.00    25.3044
  44700.00    24.5511
  44710.00    25.2229
  44720.00    25.0089
  44730.00    25.2537
  44740.00    24.4856
  44750.00    25.1198
  44760.00    24.7221
  44770.00    24.8506
  44780.00    25.4184
  44790.00    24.9701
  44800.00    24.7976
  44810.00    24.8601
  44820.00    24.5780
  44830.00    25.2569
  44840.00    24.8597
  44850.00    25.2671
  44860.00    24.9315
  44870.00    24.8436
  44880.00    24.9874
  44890.00    25.1199
  44900.00    24.8792
  44910.00    25.2468
  44920.00    24.4642
  44930.00    24.7030
  44940.00    25.0185
  44950.00    24.9989
  44960.00    25.2122
  44970.00    24.9075
  44980.00    24.9014
  44990.00    24.7794
  45000.00    25.3412
  45010.00    24.8340
  45020.00    24.7820
  45030.00    25.1957
  45040.00    25.0411
  45050.00    24.6423
  45060.00    25.0258
  45070.00    25.4966
  45080.00    24.9858
  45090.00    24.6238
  45100.00    24.9616
  45110.00    24.8504
  45120.00    25.1418
  45130.00    25.6503
  45140.00    25.3129
  45150.00    24.7539
  45160.00    25.0454
  45170.00    25.2132
  45180.00    24.7407
  45190.00    24.9391
  45200.00    25.2967
  45210.00    25.0988
  45220.00    24.9289
  45230.00    24.8532
  45240.00    24.7885
  45250.00    25.3004
  45260.00    25.2637
  45270.00    24.9892
  45280.00    25.2765
  45290.00    25.3524
  45300.00    25.0589
  45310.00    25.2488
  45320.00    24.5027
  45330.00    25.6468
  45340.00    25.2647
  45350.00    25.4724
  45360.00    24.6094
  45370.00    25.0876
  45380.00    25.1194
  45390.00    25.0617
  45400.00    25.1275
  45410.00    24.6995
  45420.00    25.3760
  45430.00    25.0324
  45440.00    24.8567
  45450.00    25.1504
  45460.00    24.8191
  45470.00    24.9266
  45480.00    24.8692
  45490.00    25.0912
  45500.00    24.7330
  45510.00    24.8910
  45520.00    25.2045
  45530.00    24.5880
  45540.00    25.3951
  45550.00    25.2757
  45560.00    24.8527
  45570.00    25.0527
  45580.00    25.2674
  45590.00    24.8294
  45600.00    24.4244
  45610.00    24.7927
  45620.00    25.5985
  45630.00    25.6460
  45640.00    25.6527
  45650.00    24.6861
  45660.00    25.0037
  45670.00    25.3490
  45680.00    25.4551
  45690.00    25.4535
  45700.00    24.9014
  45710.00    24.7507
  45720.00    25.4508
  45730.00    25.1056
  45740.00    25.1361
  45750.00    24.8071
  45760.00    25.0372
  45770.00    25.0559
  45780.00    24.9182
  45790.00    25.4294
  45800.00    24.8289
  45810.00    24.8324
  45820.00    25.5362
  45830.00    24.7605
  45840.00    24.9349
  45850.00    25.6663
  45860.00    25.3039
  45870.00    24.6647
  45880.00    24.9914
  45890.00    25.1998
  45900.00    25.2512
  45910.00    25.3853
  45920.00    25.6350
  45930.00    25.3720
  45940.00    25.1915
  45950.00    25.1636
  45960.00    25.5407
  45970.00    24.7939
  45980.00    24.8873
  45990.00    25.3730
  46000.00    24.8416
  46010.00    25.4908
  46020.00    24.8311
  46030.00    25.1517
  46040.00    25.5260
  46050.00    25.3557
  46060.00    25.1656
  46070.00    25.2581
  46080.00    25.3514
  46090.00    24.8754
  46100.00    24.9305
  46110.00    24.8880
  46120.00    24.8278
  46130.00    24.7447
  46140.00    24.6770
  46150.00    24.8385
  46160.00    24.7401
  46170.00    25.0378
  46180.00    25.0457
  46190.00    24.6763
  46200.00    24.8362
  46210.00    25.0438
  46220.00    25.2943
  46230.00    25.1212
  46240.00    24.6657
  46250.00    25.1096
  46260.00    25.2576
  46270.00    25.0815
  46280.00    24.3996
  46290.00    24.8484
  46300.00    25.0661
  46310.00    25.1697
  46320.00    24.7669
  46330.00    25.2629
  46340.00    25.1423
  46350.00    24.9337
  46360.00    25.2696
  46370.00    25.0309
  46380.00    25.1995
  46390.00    24.8577
  46400.00    25.2368
  46410.00    24.9625
  46420.00    25.0684
  46430.00    24.6650
  46440.00    25.2712
  46450.00    24.9196
  46460.00    24.6338
  46470.00    25.1732
  46480.00    24.5758
  46490.00    25.0384
  46500.00    24.5074
  46510.00    24.9325
  46520.00    24.3136
  46530.00    25.0074
  46540.00    25.1520
  46550.00    25.1106
  46560.00    25.1729
  46570.00    24.9894
  46580.00    24.7838
  46590.00    25.2882
  46600.00    24.9533
  46610.00    25.0052
  46620.00    25.0006
  46630.00    24.7861
  46640.00    24.8649
  46650.00    25.0634
  46660.00    25.0370
  46670.00    25.5231
  46680.00    25.1195
  46690.00    24.7812
  46700.00    25.1140
  46710.00    25.1372
  46720.00    24.0804
  46730.00    25.1584
  46740.00    24.9939
  46750.00    25.2684
  46760.00    24.4372
  46770.00    25.1535
  46780.00    25.4441
  46790.00    25.0049
  46800.00    25.0207
  46810.00    24.7211
  46820.00    24.9803
  46830.00    25.3799
  46840.00    25.3011
  46850.00    25.1380
  46860.00    24.9837
  46870.00    25.1462
  46880.00    25.2908
  46890.00    24.9948
  46900.00    25.0804
  46910.00    24.5965
  46920.00    24.8763
  46930.00    25.0589
  46940.00    25.2498
  46950.00    25.0692
  46960.00    25.2062
  46970.00    25.2369
  46980.00    24.7401
  46990.00    24.8770
  47000.00    24.8935
  47010.00    25.1389
  47020.00    25.0797
  47030.00    24.7024
  47040.00    25.3788
  47050.00    25.0280
  47060.00    25.4873
  47070.00    24.6668
  47080.00    25.4002
  47090.00    24.9752
  47100.00    25.0935
  47110.00    24.5122
  47120.00    24.8923
  47130.00    24.9074
  47140.00    25.2197
  47150.00    24.7765
  47160.00    24.4266
  47170.00    25.0823
  47180.00    24.3498
  47190.00    24.6840
  47200.00    25.1868
  47210.00    24.7239
  47220.00    25.3695
  47230.00    24.8108
  47240.00    24.7715
  47250.00    25.2177
  47260.00    25.3949
  47270.00    25.1714
  47280.00    24.9262
  47290.00    24.7587
  47300.00    25.1665
  47310.00    25.3216
  47320.00    25.2173
  47330.00    24.5536
  47340.00    24.0742
  47350.00    24.8630
  47360.00    25.0747
  47370.00    25.1246
  47380.00    25.3539
  47390.00    24.9106
  47400.00    24.3633
  47410.00    25.0064
  47420.00    25.0843
  47430.00    25.1706
  47440.00    25.0197
  47450.00    24.8256
  47460.00    24.7079
  47470.00    24.9939
  47480.00    24.7783
  47490.00    25.5586
  47500.00    24.4426
  47510.00    24.7834
  47520.00    24.5597
  47530.00    24.8783
  47540.00    25.1049
  47550.00    25.3080
  47560.00    25.3032
  47570.00    25.0396
  47580.00    24.4239
  47590.00    24.9530
  47600.00    25.2820
  47610.00    25.4863
  47620.00    25.4837
  47630.00    25.0548
  47640.00    24.8917
  47650.00    24.8903
  47660.00    24.5416
  47670.00    25.2290
  47680.00    25.3828
  47690.00    25.0654
  47700.00    24.8061
  47710.00    24.9430
  47720.00    25.1195
  47730.00    25.2591
  47740.00    25.1431
  47750.00    24.6955
  47760.00    25.1321
  47770.00    24.9055
  47780.00    24.4610
  47790.00    24.6831
  47800.00    24.6997
  47810.00    24.6703
  47820.00    25.1341
  47830.00    25.0037
  47840.00    24.7199
  47850.00    25.1583
  47860.00    24.9335
  47870.00    24.4415
  47880.00    24.8174
  47890.00    25.0074
  47900.00    25.0337
  47910.00    25.2715
  47920.00    25.2647
  47930.00    25.1249
  47940.00    25.1255
  47950.00    25.0815
  47960.00    25.2193
  47970.00    24.6374
  47980.00    24.7486
  47990.00    25.4008
  48000.00    25.4056
  48010.00    25.0521
  48020.00    24.8608
  48030.00    24.7488
  48040.00    25.0292
  48050.00    24.1846
  48060.00    24.9754
  48070.00    25.0235
  48080.00    24.8242
  48090.00    25.2556
  48100.00    24.9888
  48110.00    24.7646
  48120.00    24.8751
  48130.00    24.9042
  48140.00    25.1102
  48150.00    25.0621
  48160.00    24.9780
  48170.00    24.6371
  48180.00    25.5267
  48190.00    25.3331
  48200.00    25.0081
  48210.00    24.5597
  48220.00    25.2003
  48230.00    25.3225
  48240.00    25.1682
  48250.00    25.0870
  48260.00    26.0024
  48270.00    24.9126
  48280.00    25.2455
  48290.00    24.9402
  48300.00    25.3749
  48310.00    25.4098
  48320.00    25.2020
  48330.00    25.0533
  48340.00    25.0071
  48350.00    24.9197
  48360.00    25.0393
  48370.00    24.4174
  48380.00    24.9748
  48390.00    24.3872
  48400.00    25.1747
  48410.00    24.7748
  48420.00    24.6304
  48430.00    24.7684
  48440.00    25.1244
  48450.00    25.2074
  48460.00    24.6996
  48470.00    25.0588
  48480.00    24.2280
  48490.00    24.7947
  48500.00    25.3099
  48510.00    25.0152
  48520.00    25.1998
  48530.00    24.3487
  48540.00    24.9743
  48550.00    25.2912
  48560.00    25.3067
  48570.00    25.0922
  48580.00    25.2676
  48590.00    25.2167
  48600.00    25.3165
  48610.00    24.5864
  48620.00    24.7548
  48630.00    24.9092
  48640.00    24.7640
  48650.00    25.0629
  48660.00    24.9925
  48670.00    24.6001
  48680.00    24.9558
  48690.00    24.7223
  48700.00    25.3162
  48710.00    25.1812
  48720.00    25.7072
  48730.00    24.8478
  48740.00    24.8121
  48750.00    25.2803
  48760.00    25.0276
  48770.00    24.9883
  48780.00    25.1247
  48790.00    25.2211
  48800.00    25.3744
  48810.00    24.7157
  48820.00    25.3077
  48830.00    25.2527
  48840.00    25.2140
  48850.00    25.0063
  48860.00    25.4006
  48870.00    25.1173
  48880.00    25.2799
  48890.00    24.8563
  48900.00    24.9992
  48910.00    25.0582
  48920.00    24.8133
  48930.00    25.2824
  48940.00    25.1263
  48950.00    25.0703
  48960.00    25.2426
  48970.00    24.7544
  48980.00    24.8742
  48990.00    25.0686
  49000.00    24.7609
  49010.00    24.7963
  49020.00    24.6473
  49030.00    25.0382
  49040.00    24.3429
  49050.00    25.3582
  49060.00    25.1957
  49070.00    25.2564
  49080.00    25.0839
  49090.00    24.6581
  49100.00    24.4267
  49110.00    24.9418
  49120.00    24.9408
  49130.00    24.9082
  49140.00    24.7798
  49150.00    24.6234
  49160.00    25.0343
  49170.00    25.0142
  49180.00    25.4407
  49190.00    25.0569
  49200.00    24.8222
  49210.00    24.7788
  49220.00    24.8993
  49230.00    24.7924
  49240.00    24.9567
  49250.00    24.9477
  49260.00    25.4802
  49270.00    25.0138
  49280.00    25.0911
  49290.00    25.0683
  49300.00    24.6425
  49310.00    24.7342
  49320.00    25.0432
  49330.00    24.7942
  49340.00    24.4792
  49350.00    25.0969
  49360.00    25.5122
  49370.00    25.0249
  49380.00    25.2208
  49390.00    25.0713
  49400.00    25.1117
  49410.00    25.0759
  49420.00    25.2187
  49430.00    25.6810
  49440.00    24.9438
  49450.00    24.5887
  49460.00    24.8278
  49470.00    24.7110
  49480.00    24.8754
  49490.00    25.1465
  49500.00    25.0108
  49510.00    25.3863
  49520.00    24.6121
  49530.00    25.6897
  49540.00    25.0670
  49550.00    24.8888
  49560.00    25.0498
  49570.00    24.9565
  49580.00    25.2746
  49590.00    25.0471
  49600.00    25.3045
  49610.00    24.5833
  49620.00    25.3729
  49630.00    25.2601
  49640.00    25.4591
  49650.00    25.1145
  49660.00    24.6376
  49670.00    25.1782
  49680.00    24.9720
  49690.00    25.4822
  49700.00    24.9868
  49710.00    24.3454
  49720.00    25.2956
  49730.00    24.7328
  49740.00    24.7547
  49750.00    25.0418
  49760.00    25.0733
  49770.00    25.2131
  49780.00    25.3509
  49790.00    24.9025
  49800.00    25.2519
  49810.00    24.7491
  49820.00    25.2034
  49830.00    25.1224
  49840.00    25.2746
  49850.00    24.6144
  49860.00    24.9530
  49870.00    24.8900
  49880.00    24.6278
  49890.00    24.3820
  49900.00    24.9894
  49910.00    24.7112
  49920.00    24.9528
  49930.00    25.5027
  49940.00    25.2568
  49950.00    25.0861
  49960.00    25.2554
  49970.00    24.9862
  49980.00    24.8098
  49990.00    25.2683
  50000.00    25.6118
