     10.00    13.0164
     20.00    13.2702
     30.00    13.1425
     40.00    12.8760
     50.00    12.6608
     60.00    13.2264
     70.00    13.1671
     80.00    13.0648
     90.00    12.9355
    100.00    12.9714
    110.00    13.3982
    120.00    12.9769
    130.00    13.3384
    140.00    13.1132
    150.00    13.1944
    160.00    12.4954
    170.00    13.0156
    180.00    12.8865
    190.00    13.0985
    200.00    13.5296
    210.00    12.6786
    220.00    13.3590
    230.00    13.0806
    240.00    13.7400
    250.00    13.0843
    260.00    12.9935
    270.00    12.7695
    280.00    13.0934
    290.00    12.6289
    300.00    13.2652
    310.00    12.9428
    320.00    12.6799
    330.00    13.2139
    340.00    13.3597
    350.00    13.0187
    360.00    13.0640
    370.00    12.8496
    380.00    12.9106
    390.00    12.5435
    400.00    13.2172
    410.00    13.1295
    420.00    12.5567
    430.00    12.9730
    440.00    13.0881
    450.00    12.9363
    460.00    12.9962
    470.00    13.2159
    480.00    12.8062
    490.00    13.4187
    500.00    12.8919
    510.00    13.0942
    520.00    13.4131
    530.00    13.2739
    540.00    13.1200
    550.00    13.0654
    560.00    13.4013
    570.00    12.9402
    580.00    13.2036
    590.00    12.9683
    600.00    12.9854
    610.00    13.1537
    620.00    13.0833
    630.00    13.6393
    640.00    12.8808
    650.00    13.1632
    660.00    12.5124
    670.00    13.2912
    680.00    13.0458
    690.00    13.2105
    700.00    13.0313
    710.00    12.7029
    720.00    12.3935
    730.00    13.2134
    740.00    12.7267
    750.00    12.9282
    760.00    12.1690
    770.00    13.0075
    780.00    13.1148
    790.00    12.3807
    800.00    13.2659
    810.00    12.6766
    820.00    12.8932
    830.00    12.7167
    840.00    12.8574
    850.00    12.9671
    860.00    13.3685
    870.00    12.9906
    880.00    12.6921
    890.00    13.1396
    900.00    13.1859
    910.00    12.7561
    920.00    12.6850
    930.00    12.6683
    940.00    13.1456
    950.00    13.0665
    960.00    13.1630
    970.00    12.6537
    980.00    12.9699
    990.00    13.0742
   1000.00    13.0484
   1010.00    12.8494
   1020.00    13.0186
   1030.00    12.9132
   1040.00    13.1563
   1050.00    13.1325
   1060.00    13.2291
   1070.00    13.6628
   1080.00    12.9094
   1090.00    12.5325
   1100.00    13.0784
   1110.00    13.1772
   1120.00    12.9860
   1130.00    13.3524
   1140.00    12.6032
   1150.00    12.5285
   1160.00    13.0138
   1170.00    13.1018
   1180.00    13.2366
   1190.00    13.2214
   1200.00    13.1993
   1210.00    13.1460
   1220.00    13.0454
   1230.00    13.4099
   1240.00    13.1685
   1250.00    13.0459
   1260.00    12.5077
   1270.00    13.0618
   1280.00    12.8523
   1290.00    13.0101
   1300.00    13.1216
   1310.00    13.3528
   1320.00    13.1052
   1330.00    12.9856
   1340.00    13.3898
   1350.00    13.1029
   1360.00    12.6985
   1370.00    12.9410
   1380.00    13.4573
   1390.00    13.3075
   1400.00    13.1071
   1410.00    12.6763
   1420.00    13.4422
   1430.00    12.7238
   1440.00    12.8356
   1450.00    13.4160
   1460.00    12.6655
   1470.00    13.4548
   1480.00    12.8624
   1490.00    12.5860
   1500.00    12.8631
   1510.00    12.8934
   1520.00    13.1086
   1530.00    13.2429
   1540.00    13.4231
   1550.00    12.8727
   1560.00    13.4810
   1570.00    13.1422
   1580.00    12.5829
   1590.00    13.0147
   1600.00    13.4224
   1610.00    12.9954
   1620.00    12.6821
   1630.00    13.2050
   1640.00    12.8271
   1650.00    13.0571
   1660.00    12.9472
   1670.00    12.7486
   1680.00    12.9806
   1690.00    12.8476
   1700.00    12.8763
   1710.00    12.8134
   1720.00    13.9386
   1730.00    12.8820
   1740.00    13.1107
   1750.00    12.6083
   1760.00    13.2684
   1770.00    13.0276
   1780.00    13.3609
   1790.00    12.8219
   1800.00    13.2301
   1810.00    12.8197
   1820.00    13.2284
   1830.00    13.2249
   1840.00    13.3017
   1850.00    13.6401
   1860.00    12.7658
   1870.00    13.0963
   1880.00    13.1584
   1890.00    13.1607
   1900.00    13.1051
   1910.00    13.5405
   1920.00    13.1337
   1930.00    13.1209
   1940.00    13.1194
   1950.00    13.0745
   1960.00    13.1473
   1970.00    12.8729
   1980.00    13.0702
   1990.00    12.4832
   2000.00    13.2274
   2010.00    12.6369
   2020.00    13.4326
   2030.00    13.1948
   2040.00    13.0543
   2050.00    13.3114
   2060.00    13.1177
   2070.00    12.7885
   2080.00    12.8180
   2090.00    12.9375
   2100.00    12.5356
   2110.00    13.3936
   2120.00    13.0555
   2130.00    13.1339
   2140.00    13.2123
   2150.00    13.1427
   2160.00    13.0594
   2170.00    13.1138
   2180.00    12.7831
   2190.00    13.3660
   2200.00    12.8471
   2210.00    12.7434
   2220.00    12.5699
   2230.00    14.2422
   2240.00    13.0923
   2250.00    13.4003
   2260.00    13.2003
   2270.00    13.0522
   2280.00    13.4130
   2290.00    13.7851
   2300.00    12.8818
   2310.00    12.9505
   2320.00    12.8010
   2330.00    13.1905
   2340.00    13.1164
   2350.00    12.9567
   2360.00    13.1421
   2370.00    12.9748
   2380.00    13.2389
   2390.00    13.4296
   2400.00    13.4477
   2410.00    13.0638
   2420.00    13.3207
   2430.00    13.0890
   2440.00    13.1290
   2450.00    13.0563
   2460.00    13.1421
   2470.00    13.1337
   2480.00    12.9764
   2490.00    13.0603
   2500.00    13.3354
   2510.00    13.1257
   2520.00    12.8054
   2530.00    12.5818
   2540.00    12.9948
   2550.00    12.9055
   2560.00    12.7426
   2570.00    12.7424
   2580.00    12.7022
   2590.00    12.9213
   2600.00    13.1784
   2610.00    13.2036
   2620.00    13.2366
   2630.00    13.1849
   2640.00    12.9155
   2650.00    12.8123
   2660.00    12.8608
   2670.00    12.8602
   2680.00    13.0051
   2690.00    12.4818
   2700.00    13.4497
   2710.00    13.0677
   2720.00    12.7010
   2730.00    13.4898
   2740.00    13.1759
   2750.00    12.7891
   2760.00    13.2474
   2770.00    13.6223
   2780.00    13.1487
   2790.00    13.1502
   2800.00    13.0204
   2810.00    13.2085
   2820.00    13.2315
   2830.00    12.5986
   2840.00    13.1488
   2850.00    13.0468
   2860.00    13.0128
   2870.00    12.9481
   2880.00    13.3711
   2890.00    13.4229
   2900.00    13.1062
   2910.00    13.2567
   2920.00    13.6624
   2930.00    12.7990
   2940.00    13.3920
   2950.00    13.1835
   2960.00    13.6190
   2970.00    13.3081
   2980.00    13.0287
   2990.00    13.0914
   3000.00    13.0440
   3010.00    13.7442
   3020.00    13.3103
   3030.00    13.1320
   3040.00    12.7566
   3050.00    13.1680
   3060.00    13.4810
   3070.00    13.0509
   3080.00    13.3142
   3090.00    12.9753
   3100.00    13.5682
   3110.00    13.3206
   3120.00    13.4951
   3130.00    13.2346
   3140.00    12.5105
   3150.00    13.5215
   3160.00    13.3882
   3170.00    12.9481
   3180.00    13.1999
   3190.00    12.7369
   3200.00    12.9334
   3210.00    12.9879
   3220.00    13.5038
   3230.00    13.5126
   3240.00    13.3569
   3250.00    13.2727
   3260.00    12.7583
   3270.00    13.2395
   3280.00    13.1467
   3290.00    13.3708
   3300.00    12.5348
   3310.00    13.1518
   3320.00    13.2426
   3330.00    13.2161
   3340.00    12.4609
   3350.00    13.0631
   3360.00    12.9473
   3370.00    13.1278
   3380.00    13.5804
   3390.00    12.6946
   3400.00    12.8486
   3410.00    12.8208
   3420.00    13.3027
   3430.00    12.8902
   3440.00    13.2146
   3450.00    13.3802
   3460.00    13.0975
   3470.00    13.3755
   3480.00    13.2464
   3490.00    12.8338
   3500.00    12.6466
   3510.00    12.5745
   3520.00    13.3827
   3530.00    13.1350
   3540.00    12.9736
   3550.00    13.2327
   3560.00    13.0366
   3570.00    13.3170
   3580.00    13.3999
   3590.00    13.0475
   3600.00    12.8683
   3610.00    13.1380
   3620.00    13.3708
   3630.00    12.8643
   3640.00    12.6396
   3650.00    12.6726
   3660.00    12.8123
   3670.00    13.0566
   3680.00    13.0613
   3690.00    13.0615
   3700.00    13.1559
   3710.00    13.1661
   3720.00    13.1462
   3730.00    13.4552
   3740.00    13.2419
   3750.00    13.1458
   3760.00    13.1048
   3770.00    13.3683
   3780.00    13.3011
   3790.00    13.4349
   3800.00    13.2179
   3810.00    13.2302
   3820.00    13.0719
   3830.00    12.8935
   3840.00    13.0925
   3850.00    13.2826
   3860.00    13.4133
   3870.00    13.2721
   3880.00    13.2589
   3890.00    12.9900
   3900.00    13.5420
   3910.00    13.1159
   3920.00    13.3758
   3930.00    13.1196
   3940.00    13.1083
   3950.00    13.1907
   3960.00    13.2523
   3970.00    13.2521
   3980.00    12.7140
   3990.00    13.3913
   4000.00    13.0919
   4010.00    13.1299
   4020.00    13.1657
   4030.00    13.3151
   4040.00    12.5920
   4050.00    13.3192
   4060.00    13.4864
   4070.00    12.8240
   4080.00    12.8933
   4090.00    13.0046
   4100.00    13.3482
   4110.00    13.0256
   4120.00    12.4088
   4130.00    13.0302
   4140.00    12.8910
   4150.00    13.1706
   4160.00    13.2483
   4170.00    12.7585
   4180.00    13.2617
   4190.00    13.0642
   4200.00    13.2184
   4210.00    12.5792
   4220.00    12.7308
   4230.00    13.0763
   4240.00    12.8144
   4250.00    13.3096
   4260.00    13.0032
   4270.00    13.3308
   4280.00    12.7535
   4290.00    13.0805
   4300.00    13.3030
   4310.00    13.1700
   4320.00    12.7731
   4330.00    13.1696
   4340.00    13.1628
   4350.00    13.3099
   4360.00    12.9844
   4370.00    12.8484
   4380.00    13.3374
   4390.00    13.4280
   4400.00    12.9132
   4410.00    13.2650
   4420.00    12.9881
   4430.00    13.5975
   4440.00    13.4705
   4450.00    13.1899
   4460.00    13.2364
   4470.00    13.4985
   4480.00    13.2854
   4490.00    12.7947
   4500.00    13.1289
   4510.00    12.6333
   4520.00    12.7068
   4530.00    13.2696
   4540.00    12.7331
   4550.00    12.4505
   4560.00    13.1681
   4570.00    12.9693
   4580.00    13.0741
   4590.00    13.1407
   4600.00    13.4378
   4610.00    12.9121
   4620.00    13.3469
   4630.00    13.4775
   4640.00    12.9988
   4650.00    13.2477
   4660.00    13.3420
   4670.00    13.6222
   4680.00    13.3957
   4690.00    13.1767
   4700.00    13.3198
   4710.00    13.0178
   4720.00    12.7318
   4730.00    12.6403
   4740.00    12.7868
   4750.00    12.9399
   4760.00    13.2242
   4770.00    13.1602
   4780.00    12.9474
   4790.00    12.5321
   4800.00    12.8442
   4810.00    13.4336
   4820.00    12.8489
   4830.00    13.4281
   4840.00    13.5599
   4850.00    13.4965
   4860.00    12.8936
   4870.00    13.5044
   4880.00    13.5020
   4890.00    13.6374
   4900.00    13.3626
   4910.00    13.3265
   4920.00    13.3437
   4930.00    13.2932
   4940.00    13.3418
   4950.00    13.0069
   4960.00    13.0018
   4970.00    12.8360
   4980.00    13.4324
   4990.00    12.8204
   5000.00    13.1586
   5010.00    12.7383
   5020.00    13.1085
   5030.00    12.9550
   5040.00    13.4508
   5050.00    13.1446
   5060.00    13.5482
   5070.00    12.8751
   5080.00    12.9111
   5090.00    13.3108
   5100.00    12.8947
   5110.00    13.3164
   5120.00    12.7858
   5130.00    13.2957
   5140.00    12.8906
   5150.00    13.1680
   5160.00    12.8510
   5170.00    13.0111
   5180.00    13.1941
   5190.00    13.0832
   5200.00    13.0916
   5210.00    12.6761
   5220.00    13.1597
   5230.00    13.3320
   5240.00    13.0505
   5250.00    13.2301
   5260.00    12.8626
   5270.00    12.8207
   5280.00    13.4570
   5290.00    12.6877
   5300.00    12.8924
   5310.00    13.5258
   5320.00    13.1250
   5330.00    12.9818
   5340.00    13.3550
   5350.00    12.9051
   5360.00    13.2810
   5370.00    13.6767
   5380.00    12.9657
   5390.00    13.0248
   5400.00    13.1949
   5410.00    13.0478
   5420.00    13.0976
   5430.00    13.0955
   5440.00    13.3110
   5450.00    13.1728
   5460.00    13.5953
   5470.00    13.0523
   5480.00    12.7887
   5490.00    13.0043
   5500.00    13.2625
   5510.00    12.9079
   5520.00    13.1114
   5530.00    12.7907
   5540.00    12.9506
   5550.00    12.8036
   5560.00    12.6350
   5570.00    13.2838
   5580.00    13.0559
   5590.00    13.1293
   5600.00    12.8172
   5610.00    13.1346
   5620.00    12.9316
   5630.00    13.1508
   5640.00    13.1517
   5650.00    13.3176
   5660.00    13.2505
   5670.00    13.0903
   5680.00    13.5204
   5690.00    13.1868
   5700.00    12.7408
   5710.00    13.0754
   5720.00    12.9786
   5730.00    13.1619
   5740.00    13.3800
   5750.00    13.1348
   5760.00    13.6133
   5770.00    13.4582
   5780.00    13.4277
   5790.00    13.5662
   5800.00    13.2346
   5810.00    12.8193
   5820.00    13.0713
   5830.00    13.3400
   5840.00    12.9891
   5850.00    13.4393
   5860.00    13.0994
   5870.00    13.0868
   5880.00    12.8500
   5890.00    12.8836
   5900.00    13.2413
   5910.00    13.3659
   5920.00    13.0740
   5930.00    12.8304
   5940.00    12.9271
   5950.00    13.1488
   5960.00    13.2205
   5970.00    12.7806
   5980.00    12.9919
   5990.00    13.2235
   6000.00    12.7488
   6010.00    13.1869
   6020.00    13.3271
   6030.00    13.0638
   6040.00    12.9620
   6050.00    13.3067
   6060.00    12.8167
   6070.00    12.9537
   6080.00    13.2138
   6090.00    13.3569
   6100.00    13.0293
   6110.00    12.8791
   6120.00    13.0550
   6130.00    12.8424
   6140.00    12.8422
   6150.00    12.6735
   6160.00    12.9515
   6170.00    13.1261
   6180.00    13.0502
   6190.00    13.3652
   6200.00    13.1901
   6210.00    12.8697
   6220.00    13.2450
   6230.00    13.2134
   6240.00    12.8187
   6250.00    12.9804
   6260.00    13.1193
   6270.00    12.9670
   6280.00    13.0686
   6290.00    12.6235
   6300.00    12.6672
   6310.00    12.7118
   6320.00    12.6818
   6330.00    12.5936
   6340.00    12.7300
   6350.00    12.6364
   6360.00    12.8609
   6370.00    13.0671
   6380.00    13.3624
   6390.00    13.1845
   6400.00    13.6784
   6410.00    13.1451
   6420.00    12.8616
   6430.00    13.2071
   6440.00    13.1223
   6450.00    13.3230
   6460.00    12.9611
   6470.00    13.0880
   6480.00    13.0003
   6490.00    13.5299
   6500.00    13.3898
   6510.00    12.8787
   6520.00    12.5435
   6530.00    12.8565
   6540.00    13.3195
   6550.00    13.5145
   6560.00    13.3893
   6570.00    12.8273
   6580.00    13.1154
   6590.00    12.7720
   6600.00    13.2008
   6610.00    12.7527
   6620.00    12.7546
   6630.00    13.2898
   6640.00    13.2980
   6650.00    12.8666
   6660.00    13.4759
   6670.00    12.6925
   6680.00    13.4436
   6690.00    13.2531
   6700.00    13.2954
   6710.00    13.1384
   6720.00    12.8248
   6730.00    12.7528
   6740.00    12.7053
   6750.00    12.7119
   6760.00    13.4041
   6770.00    13.4747
   6780.00    12.7412
   6790.00    13.3088
   6800.00    13.2618
   6810.00    13.3322
   6820.00    12.9864
   6830.00    13.1591
   6840.00    13.0187
   6850.00    13.2925
   6860.00    13.0907
   6870.00    13.1481
   6880.00    12.9607
   6890.00    13.6948
   6900.00    13.2974
   6910.00    13.2672
   6920.00    13.3045
   6930.00    12.8109
   6940.00    12.8510
   6950.00    12.7930
   6960.00    12.7859
   6970.00    12.8277
   6980.00    12.7102
   6990.00    12.6522
   7000.00    13.5490
   7010.00    13.3055
   7020.00    12.7944
   7030.00    12.6208
   7040.00    13.0232
   7050.00    12.9957
   7060.00    13.3956
   7070.00    13.2473
   7080.00    13.0946
   7090.00    13.2489
   7100.00    12.8196
   7110.00    12.9591
   7120.00    12.8334
   7130.00    13.4044
   7140.00    13.2343
   7150.00    13.5209
   7160.00    13.3859
   7170.00    12.9951
   7180.00    12.8650
   7190.00    13.1316
   7200.00    13.4863
   7210.00    13.2621
   7220.00    13.6674
   7230.00    13.2634
   7240.00    12.8439
   7250.00    12.8234
   7260.00    13.0787
   7270.00    12.6629
   7280.00    13.2762
   7290.00    12.2560
   7300.00    12.9702
   7310.00    13.6497
   7320.00    13.1157
   7330.00    12.6765
   7340.00    12.7061
   7350.00    12.8490
   7360.00    12.9780
   7370.00    12.8432
   7380.00    13.0396
   7390.00    12.9720
   7400.00    12.9050
   7410.00    12.8986
   7420.00    13.4523
   7430.00    12.5881
   7440.00    13.3584
   7450.00    13.4166
   7460.00    13.1039
   7470.00    13.2827
   7480.00    13.0084
   7490.00    12.6539
   7500.00    13.0586
   7510.00    12.6916
   7520.00    13.1496
   7530.00    12.9068
   7540.00    13.1616
   7550.00    12.9055
   7560.00    12.3744
   7570.00    13.1678
   7580.00    12.6644
   7590.00    12.8250
   7600.00    13.2477
   7610.00    13.2755
   7620.00    13.2649
   7630.00    12.6525
   7640.00    12.9486
   7650.00    12.7943
   7660.00    13.0699
   7670.00    13.3075
   7680.00    12.9992
   7690.00    12.8884
   7700.00    13.1323
   7710.00    13.2004
   7720.00    12.9882
   7730.00    13.1759
   7740.00    12.3053
   7750.00    13.3481
   7760.00    13.0725
   7770.00    13.1771
   7780.00    12.9237
   7790.00    13.1203
   7800.00    12.8723
   7810.00    13.1814
   7820.00    12.6968
   7830.00    13.3099
   7840.00    13.4212
   7850.00    12.9377
   7860.00    13.4623
   7870.00    13.5462
   7880.00    13.3642
   7890.00    13.3079
   7900.00    13.0460
   7910.00    13.5302
   7920.00    13.1580
   7930.00    13.0303
   7940.00    13.3473
   7950.00    13.0836
   7960.00    13.0508
   7970.00    13.2375
   7980.00    13.1396
   7990.00    13.3732
   8000.00    13.3490
   8010.00    13.2530
   8020.00    13.8989
   8030.00    13.1742
   8040.00    13.3296
   8050.00    12.8646
   8060.00    13.4118
   8070.00    13.2651
   8080.00    13.4336
   8090.00    12.6975
   8100.00    13.1258
   8110.00    12.9434
   8120.00    12.4428
   8130.00    13.5647
   8140.00    13.0930
   8150.00    12.8675
   8160.00    13.2750
   8170.00    13.2732
   8180.00    13.8421
   8190.00    13.4257
   8200.00    13.7369
   8210.00    12.7765
   8220.00    13.2485
   8230.00    13.1222
   8240.00    12.8462
   8250.00    12.9986
   8260.00    13.1912
   8270.00    13.5044
   8280.00    12.8321
   8290.00    12.7215
   8300.00    13.6793
   8310.00    13.1263
   8320.00    12.9241
   8330.00    13.2886
   8340.00    13.0961
   8350.00    13.0305
   8360.00    13.3547
   8370.00    13.2516
   8380.00    13.8098
   8390.00    13.0324
   8400.00    12.8169
   8410.00    13.1050
   8420.00    13.2911
   8430.00    13.0185
   8440.00    13.0606
   8450.00    13.3736
   8460.00    13.1120
   8470.00    13.2673
   8480.00    13.1181
   8490.00    13.1614
   8500.00    13.3012
   8510.00    12.7791
   8520.00    13.1789
   8530.00    12.6319
   8540.00    13.2079
   8550.00    13.4585
   8560.00    13.3037
   8570.00    13.0548
   8580.00    13.2429
   8590.00    13.3175
   8600.00    13.2903
   8610.00    13.3951
   8620.00    13.7223
   8630.00    13.3278
   8640.00    13.6114
   8650.00    13.4957
   8660.00    13.6433
   8670.00    13.2628
   8680.00    12.5177
   8690.00    12.9653
   8700.00    13.5146
   8710.00    14.2776
   8720.00    13.3534
   8730.00    12.9648
   8740.00    13.1093
   8750.00    13.1042
   8760.00    12.6841
   8770.00    12.9770
   8780.00    13.0069
   8790.00    12.8540
   8800.00    13.1208
   8810.00    13.4447
   8820.00    13.2499
   8830.00    13.2158
   8840.00    12.7107
   8850.00    12.7956
   8860.00    12.8546
   8870.00    12.8440
   8880.00    13.2339
   8890.00    13.1703
   8900.00    13.2385
   8910.00    13.4671
   8920.00    13.3611
   8930.00    13.4101
   8940.00    13.2374
   8950.00    13.5218
   8960.00    13.0992
   8970.00    13.6233
   8980.00    13.5935
   8990.00    13.4317
   9000.00    13.0514
   9010.00    13.5241
   9020.00    13.0949
   9030.00    12.7895
   9040.00    13.2210
   9050.00    13.3396
   9060.00    13.0833
   9070.00    13.6139
   9080.00    13.4150
   9090.00    13.3978
   9100.00    13.3275
   9110.00    13.5836
   9120.00    13.2792
   9130.00    13.2505
   9140.00    13.1428
   9150.00    13.4015
   9160.00    13.7897
   9170.00    13.1557
   9180.00    13.1358
   9190.00    12.9308
   9200.00    12.4734
   9210.00    12.9645
   9220.00    13.2336
   9230.00    13.1613
   9240.00    12.9673
   9250.00    12.8361
   9260.00    13.5770
   9270.00    12.7901
   9280.00    13.0056
   9290.00    12.8808
   9300.00    13.4734
   9310.00    13.1063
   9320.00    12.9852
   9330.00    13.1158
   9340.00    13.2079
   9350.00    12.8362
   9360.00    13.5007
   9370.00    13.5220
   9380.00    12.8412
   9390.00    12.9584
   9400.00    13.1367
   9410.00    12.9684
   9420.00    13.4343
   9430.00    13.3744
   9440.00    12.7122
   9450.00    13.0122
   9460.00    12.7708
   9470.00    13.2217
   9480.00    13.3240
   9490.00    12.9336
   9500.00    12.7655
   9510.00    13.3484
   9520.00    13.0747
   9530.00    13.1376
   9540.00    13.3075
   9550.00    12.7820
   9560.00    13.0690
   9570.00    12.9549
   9580.00    13.2727
   9590.00    13.6192
   9600.00    13.0530
   9610.00    13.4956
   9620.00    12.9447
   9630.00    13.1022
   9640.00    13.3928
   9650.00    13.0624
   9660.00    13.5824
   9670.00    13.4586
   9680.00    13.2718
   9690.00    13.1846
   9700.00    13.3583
   9710.00    13.1066
   9720.00    13.3514
   9730.00    12.9720
   9740.00    13.2478
   9750.00    13.1703
   9760.00    12.6900
   9770.00    13.1026
   9780.00    13.1026
   9790.00    13.1305
   9800.00    13.1411
   9810.00    13.1886
   9820.00    13.4470
   9830.00    13.4146
   9840.00    13.1653
   9850.00    12.8501
   9860.00    12.7607
   9870.00    12.8098
   9880.00    12.9510
   9890.00    12.6537
   9900.00    12.4558
   9910.00    13.2132
   9920.00    12.9217
   9930.00    12.8197
   9940.00    12.5406
   9950.00    12.5287
   9960.00    12.4927
   9970.00    12.8996
   9980.00    13.2541
   9990.00    13.2247
  10000.00    13.3203
  10010.00    13.1331
  10020.00    12.5469
  10030.00    12.6230
  10040.00    12.7463
  10050.00    12.8665
  10060.00    13.1667
  10070.00    12.7603
  10080.00    13.0850
  10090.00    12.9900
  10100.00    12.8774
  10110.00    12.8798
  10120.00    12.8659
  10130.00    13.0227
  10140.00    12.4379
  10150.00    13.7507
  10160.00    12.8641
  10170.00    12.9800
  10180.00    12.9725
  10190.00    13.0439
  10200.00    12.8878
  10210.00    13.0175
  10220.00    13.0719
  10230.00    13.7088
  10240.00    13.2689
  10250.00    13.4482
  10260.00    13.1584
  10270.00    13.3606
  10280.00    13.1326
  10290.00    13.0141
  10300.00    13.3893
  10310.00    13.9174
  10320.00    13.3254
  10330.00    13.6855
  10340.00    13.2645
  10350.00    13.1025
  10360.00    13.0089
  10370.00    12.9740
  10380.00    13.3321
  10390.00    12.8666
  10400.00    13.3633
  10410.00    13.3248
  10420.00    13.0748
  10430.00    13.4430
  10440.00    13.3555
  10450.00    13.4146
  10460.00    13.1539
  10470.00    13.0372
  10480.00    13.0984
  10490.00    12.9476
  10500.00    12.7337
  10510.00    12.9966
  10520.00    13.3535
  10530.00    13.2173
  10540.00    13.0902
  10550.00    13.3129
  10560.00    12.6183
  10570.00    12.8721
  10580.00    12.7834
  10590.00    12.6574
  10600.00    12.8322
  10610.00    12.5698
  10620.00    12.9685
  10630.00    13.1698
  10640.00    12.9502
  10650.00    13.0608
  10660.00    12.6987
  10670.00    12.9913
  10680.00    12.6414
  10690.00    12.7086
  10700.00    12.7840
  10710.00    13.1440
  10720.00    12.7501
  10730.00    12.6917
  10740.00    13.0661
  10750.00    12.8096
  10760.00    12.9434
  10770.00    13.0388
  10780.00    13.3193
  10790.00    13.0633
  10800.00    12.7134
  10810.00    13.5338
  10820.00    13.1881
  10830.00    12.9270
  10840.00    13.1335
  10850.00    13.5527
  10860.00    13.4161
  10870.00    13.2184
  10880.00    12.9349
  10890.00    13.0345
  10900.00    12.9742
  10910.00    12.8774
  10920.00    12.6885
  10930.00    12.8854
  10940.00    13.0268
  10950.00    13.0958
  10960.00    13.2125
  10970.00    12.9695
  10980.00    13.1559
  10990.00    12.9679
  11000.00    13.2389
  11010.00    12.4257
  11020.00    13.2029
  11030.00    12.8670
  11040.00    13.3431
  11050.00    12.9541
  11060.00    12.9091
  11070.00    12.8499
  11080.00    12.8839
  11090.00    13.3301
  11100.00    13.2930
  11110.00    12.6080
  11120.00    13.2536
  11130.00    13.0827
  11140.00    13.1377
  11150.00    13.5683
  11160.00    13.3395
  11170.00    13.1579
  11180.00    13.6758
  11190.00    12.9242
  11200.00    12.5626
  11210.00    12.7953
  11220.00    13.3668
  11230.00    13.0636
  11240.00    13.2938
  11250.00    13.1841
  11260.00    12.8628
  11270.00    13.1931
  11280.00    13.0007
  11290.00    13.4575
  11300.00    13.3318
  11310.00    13.4299
  11320.00    12.9644
  11330.00    13.6624
  11340.00    13.2179
  11350.00    13.3819
  11360.00    13.5225
  11370.00    13.2396
  11380.00    12.8330
  11390.00    13.3817
  11400.00    13.1490
  11410.00    12.9009
  11420.00    13.4847
  11430.00    13.3308
  11440.00    13.2552
  11450.00    13.3092
  11460.00    13.3835
  11470.00    13.1105
  11480.00    13.7518
  11490.00    13.6653
  11500.00    12.7461
  11510.00    13.3461
  11520.00    13.2326
  11530.00    12.6983
  11540.00    12.9405
  11550.00    13.1988
  11560.00    13.3615
  11570.00    12.9191
  11580.00    13.1083
  11590.00    12.6363
  11600.00    13.0626
  11610.00    12.6237
  11620.00    13.0709
  11630.00    13.2477
  11640.00    12.6270
  11650.00    13.0283
  11660.00    13.4233
  11670.00    13.3153
  11680.00    13.3999
  11690.00    12.6299
  11700.00    13.1128
  11710.00    13.2606
  11720.00    12.9388
  11730.00    13.0771
  11740.00    13.0267
  11750.00    13.5865
  11760.00    13.0486
  11770.00    13.2722
  11780.00    13.1648
  11790.00    13.4327
  11800.00    13.2378
  11810.00    13.5593
  11820.00    13.2130
  11830.00    12.8719
  11840.00    12.9727
  11850.00    13.3886
  11860.00    13.2275
  11870.00    12.7910
  11880.00    13.2726
  11890.00    13.1244
  11900.00    12.9526
  11910.00    12.9837
  11920.00    12.7473
  11930.00    12.9299
  11940.00    12.8996
  11950.00    12.9390
  11960.00    13.3594
  11970.00    12.6693
  11980.00    13.2746
  11990.00    13.4956
  12000.00    12.5788
  12010.00    12.8695
  12020.00    13.5332
  12030.00    13.2664
  12040.00    13.1144
  12050.00    13.1646
  12060.00    12.9696
  12070.00    13.3744
  12080.00    12.9870
  12090.00    13.0305
  12100.00    13.2257
  12110.00    12.8750
  12120.00    13.1281
  12130.00    12.6192
  12140.00    12.7713
  12150.00    13.5768
  12160.00    12.5102
  12170.00    13.1502
  12180.00    12.9598
  12190.00    12.7477
  12200.00    12.9598
  12210.00    12.9146
  12220.00    13.0759
  12230.00    12.6474
  12240.00    13.0385
  12250.00    13.0672
  12260.00    13.4624
  12270.00    13.1694
  12280.00    12.6650
  12290.00    12.8007
  12300.00    13.1205
  12310.00    13.0224
  12320.00    12.7090
  12330.00    13.3434
  12340.00    12.8821
  12350.00    12.8788
  12360.00    13.0577
  12370.00    13.1737
  12380.00    13.0369
  12390.00    13.0162
  12400.00    12.8307
  12410.00    13.2211
  12420.00    13.1125
  12430.00    12.9593
  12440.00    12.8838
  12450.00    13.6386
  12460.00    13.0438
  12470.00    13.3442
  12480.00    13.2059
  12490.00    13.3458
  12500.00    12.8161
  12510.00    13.4448
  12520.00    13.0222
  12530.00    12.9673
  12540.00    12.8991
  12550.00    13.0759
  12560.00    12.8024
  12570.00    13.2076
  12580.00    12.4571
  12590.00    13.2808
  12600.00    13.1257
  12610.00    13.2190
  12620.00    13.4757
  12630.00    13.2667
  12640.00    12.9190
  12650.00    13.0328
  12660.00    12.9487
  12670.00    12.8959
  12680.00    12.9136
  12690.00    13.2444
  12700.00    13.0682
  12710.00    13.2453
  12720.00    13.4645
  12730.00    13.4190
  12740.00    13.4899
  12750.00    13.4130
  12760.00    13.3307
  12770.00    13.3921
  12780.00    13.4355
  12790.00    13.2742
  12800.00    13.3157
  12810.00    13.3112
  12820.00    13.2280
  12830.00    13.2453
  12840.00    13.1405
  12850.00    13.0850
  12860.00    13.0581
  12870.00    14.0212
  12880.00    13.1852
  12890.00    13.0287
  12900.00    13.2557
  12910.00    13.1339
  12920.00    13.1790
  12930.00    12.6312
  12940.00    12.7121
  12950.00    12.7827
  12960.00    12.3176
  12970.00    12.9857
  12980.00    13.2589
  12990.00    12.7678
  13000.00    12.7131
  13010.00    12.1958
  13020.00    13.0388
  13030.00    13.0281
  13040.00    13.0601
  13050.00    13.2083
  13060.00    12.9241
  13070.00    13.2851
  13080.00    14.1928
  13090.00    13.4950
  13100.00    13.2123
  13110.00    13.1922
  13120.00    12.8967
  13130.00    13.0639
  13140.00    13.2648
  13150.00    13.4216
  13160.00    12.6655
  13170.00    13.4576
  13180.00    12.9676
  13190.00    13.4059
  13200.00    13.1610
  13210.00    13.4269
  13220.00    13.7355
  13230.00    12.8303
  13240.00    12.6870
  13250.00    13.3184
  13260.00    12.8222
  13270.00    12.6262
  13280.00    13.0342
  13290.00    12.8407
  13300.00    12.9409
  13310.00    13.0630
  13320.00    13.0107
  13330.00    13.3830
  13340.00    13.0982
  13350.00    12.9328
  13360.00    12.7532
  13370.00    13.4525
  13380.00    13.5074
  13390.00    13.3651
  13400.00    13.2736
  13410.00    12.7248
  13420.00    12.8740
  13430.00    13.0932
  13440.00    13.5260
  13450.00    13.1986
  13460.00    13.1446
  13470.00    12.9841
  13480.00    12.9351
  13490.00    13.3201
  13500.00    13.1184
  13510.00    13.0016
  13520.00    13.0597
  13530.00    13.1763
  13540.00    13.1731
  13550.00    12.4809
  13560.00    12.8335
  13570.00    13.0029
  13580.00    12.9067
  13590.00    12.9699
  13600.00    12.7511
  13610.00    12.4135
  13620.00    13.2160
  13630.00    13.1852
  13640.00    12.8531
  13650.00    13.7950
  13660.00    12.9426
  13670.00    13.0223
  13680.00    13.5144
  13690.00    12.8974
  13700.00    12.8311
  13710.00    12.8233
  13720.00    13.2550
  13730.00    13.4640
  13740.00    13.1856
  13750.00    12.6853
  13760.00    13.2368
  13770.00    13.2055
  13780.00    13.1712
  13790.00    13.2111
  13800.00    13.4095
  13810.00    13.2494
  13820.00    13.0646
  13830.00    12.9120
  13840.00    13.0697
  13850.00    13.1683
  13860.00    13.6101
  13870.00    12.9296
  13880.00    13.5336
  13890.00    13.5733
  13900.00    13.1315
  13910.00    12.8569
  13920.00    13.7630
  13930.00    13.0480
  13940.00    13.0018
  13950.00    12.8539
  13960.00    13.0519
  13970.00    13.1465
  13980.00    12.5112
  13990.00    13.4899
  14000.00    13.2074
  14010.00    13.4919
  14020.00    13.3152
  14030.00    13.0893
  14040.00    13.3306
  14050.00    13.3231
  14060.00    12.9961
  14070.00    12.9207
  14080.00    13.1265
  14090.00    13.2480
  14100.00    13.1652
  14110.00    13.1862
  14120.00    12.8931
  14130.00    13.0656
  14140.00    13.0005
  14150.00    13.1595
  14160.00    13.2465
  14170.00    13.1136
  14180.00    12.9397
  14190.00    12.5600
  14200.00    13.4860
  14210.00    12.9899
  14220.00    13.3817
  14230.00    13.0863
  14240.00    13.0566
  14250.00    12.8492
  14260.00    12.7898
  14270.00    13.1905
  14280.00    12.4713
  14290.00    13.3099
  14300.00    12.7453
  14310.00    13.4952
  14320.00    12.7713
  14330.00    12.9819
  14340.00    13.7078
  14350.00    12.9859
  14360.00    12.6540
  14370.00    12.9437
  14380.00    13.1948
  14390.00    12.5022
  14400.00    12.3384
  14410.00    12.6880
  14420.00    13.1464
  14430.00    12.6718
  14440.00    12.8563
  14450.00    12.6364
  14460.00    13.0731
  14470.00    13.0657
  14480.00    12.6691
  14490.00    12.8006
  14500.00    13.3444
  14510.00    13.4466
  14520.00    13.2013
  14530.00    13.4180
  14540.00    13.8285
  14550.00    12.9574
  14560.00    13.2988
  14570.00    13.0608
  14580.00    13.0380
  14590.00    13.4935
  14600.00    12.9664
  14610.00    13.1262
  14620.00    13.1102
  14630.00    12.8086
  14640.00    13.1051
  14650.00    12.6752
  14660.00    13.1029
  14670.00    12.9608
  14680.00    13.2780
  14690.00    12.7687
  14700.00    13.2924
  14710.00    13.3461
  14720.00    12.8975
  14730.00    12.8029
  14740.00    12.9836
  14750.00    13.0840
  14760.00    12.7514
  14770.00    12.7463
  14780.00    13.2357
  14790.00    13.1172
  14800.00    12.8598
  14810.00    12.8477
  14820.00    13.0230
  14830.00    13.3993
  14840.00    13.4298
  14850.00    12.9996
  14860.00    13.0302
  14870.00    13.3751
  14880.00    12.8947
  14890.00    13.2714
  14900.00    13.4673
  14910.00    13.2560
  14920.00    12.8846
  14930.00    13.3123
  14940.00    13.5560
  14950.00    13.7261
  14960.00    12.5265
  14970.00    12.6525
  14980.00    13.2056
  14990.00    13.1941
  15000.00    12.3541
  15010.00    12.4983
  15020.00    12.8066
  15030.00    13.0878
  15040.00    12.8683
  15050.00    12.5610
  15060.00    12.7617
  15070.00    13.3254
  15080.00    13.4610
  15090.00    13.0727
  15100.00    13.7504
  15110.00    13.2644
  15120.00    13.0133
  15130.00    12.7529
  15140.00    13.1083
  15150.00    12.6776
  15160.00    13.1699
  15170.00    13.4158
  15180.00    12.9379
  15190.00    13.2158
  15200.00    12.9984
  15210.00    12.7260
  15220.00    12.9570
  15230.00    12.7336
  15240.00    13.2848
  15250.00    12.2928
  15260.00    13.0425
  15270.00    12.8522
  15280.00    12.8205
  15290.00    12.8925
  15300.00    12.1118
  15310.00    12.7463
  15320.00    12.7656
  15330.00    13.1770
  15340.00    13.0958
  15350.00    12.9637
  15360.00    13.3934
  15370.00    13.1450
  15380.00    13.2317
  15390.00    13.2185
  15400.00    13.5269
  15410.00    12.9494
  15420.00    12.7640
  15430.00    13.3429
  15440.00    12.9194
  15450.00    12.9394
  15460.00    13.1198
  15470.00    12.9748
  15480.00    13.2969
  15490.00    13.0201
  15500.00    13.1151
  15510.00    12.9341
  15520.00    13.3817
  15530.00    13.4803
  15540.00    13.1506
  15550.00    13.0933
  15560.00    13.1741
  15570.00    13.3230
  15580.00    12.8705
  15590.00    13.1188
  15600.00    13.1105
  15610.00    13.1944
  15620.00    12.9806
  15630.00    13.0198
  15640.00    13.4514
  15650.00    13.0106
  15660.00    12.9435
  15670.00    12.9831
  15680.00    13.1877
  15690.00    12.4620
  15700.00    13.1566
  15710.00    12.5518
  15720.00    13.2774
  15730.00    12.8943
  15740.00    12.6564
  15750.00    12.7066
  15760.00    12.4611
  15770.00    13.1592
  15780.00    12.9250
  15790.00    12.8620
  15800.00    13.2612
  15810.00    13.3379
  15820.00    13.4498
  15830.00    13.4177
  15840.00    13.5622
  15850.00    13.6262
  15860.00    13.3686
  15870.00    12.7856
  15880.00    12.5897
  15890.00    13.4248
  15900.00    13.2681
  15910.00    12.9567
  15920.00    13.0216
  15930.00    12.7818
  15940.00    13.0580
  15950.00    13.2051
  15960.00    13.0413
  15970.00    12.8339
  15980.00    13.5378
  15990.00    13.2096
  16000.00    13.0303
  16010.00    13.1419
  16020.00    13.2333
  16030.00    13.3414
  16040.00    12.8431
  16050.00    13.0796
  16060.00    12.6364
  16070.00    13.2342
  16080.00    13.2256
  16090.00    13.0514
  16100.00    12.7067
  16110.00    13.5088
  16120.00    12.5354
  16130.00    12.9956
  16140.00    12.7284
  16150.00    12.0685
  16160.00    13.1040
  16170.00    12.7649
  16180.00    12.7817
  16190.00    12.7486
  16200.00    12.8480
  16210.00    12.4315
  16220.00    12.8477
  16230.00    13.1486
  16240.00    13.1988
  16250.00    13.1114
  16260.00    12.8131
  16270.00    13.2068
  16280.00    13.0034
  16290.00    12.8385
  16300.00    13.4003
  16310.00    13.5016
  16320.00    13.1549
  16330.00    13.0939
  16340.00    13.2693
  16350.00    13.3209
  16360.00    13.1859
  16370.00    13.1693
  16380.00    13.1808
  16390.00    12.5525
  16400.00    13.0899
  16410.00    12.3194
  16420.00    13.1129
  16430.00    13.2513
  16440.00    13.3458
  16450.00    12.7748
  16460.00    12.6143
  16470.00    12.9695
  16480.00    12.7971
  16490.00    13.1714
  16500.00    13.1491
  16510.00    13.1096
  16520.00    12.8904
  16530.00    13.3863
  16540.00    13.5769
  16550.00    12.8104
  16560.00    13.3479
  16570.00    12.9045
  16580.00    13.3472
  16590.00    13.5506
  16600.00    13.3668
  16610.00    12.7992
  16620.00    12.3003
  16630.00    12.5649
  16640.00    12.3576
  16650.00    13.0065
  16660.00    13.0458
  16670.00    13.1314
  16680.00    13.6371
  16690.00    13.2147
  16700.00    12.5406
  16710.00    12.5248
  16720.00    12.5865
  16730.00    12.6777
  16740.00    12.9330
  16750.00    13.1223
  16760.00    12.8108
  16770.00    13.0454
  16780.00    12.6638
  16790.00    12.7903
  16800.00    12.4538
  16810.00    12.9890
  16820.00    13.1137
  16830.00    12.9152
  16840.00    13.0282
  16850.00    13.0094
  16860.00    13.1623
  16870.00    13.0576
  16880.00    12.9801
  16890.00    13.2822
  16900.00    12.9194
  16910.00    12.7523
  16920.00    13.2528
  16930.00    13.0500
  16940.00    12.7214
  16950.00    12.7891
  16960.00    13.0774
  16970.00    12.8405
  16980.00    12.9237
  16990.00    12.6641
  17000.00    13.2176
  17010.00    12.8964
  17020.00    13.2738
  17030.00    13.2070
  17040.00    12.8765
  17050.00    13.2290
  17060.00    13.1677
  17070.00    12.9015
  17080.00    13.1141
  17090.00    13.4317
  17100.00    13.0250
  17110.00    13.1011
  17120.00    13.0950
  17130.00    13.3589
  17140.00    13.0809
  17150.00    12.7401
  17160.00    13.1399
  17170.00    13.1423
  17180.00    13.0544
  17190.00    12.2231
  17200.00    13.1292
  17210.00    12.9062
  17220.00    13.0942
  17230.00    13.4676
  17240.00    12.8906
  17250.00    12.7609
  17260.00    12.6647
  17270.00    13.0108
  17280.00    13.0271
  17290.00    12.9797
  17300.00    13.1849
  17310.00    13.0615
  17320.00    13.1084
  17330.00    12.9400
  17340.00    13.1637
  17350.00    13.3305
  17360.00    13.4785
  17370.00    13.1454
  17380.00    13.2617
  17390.00    13.5456
  17400.00    13.2190
  17410.00    13.3890
  17420.00    12.9631
  17430.00    12.8140
  17440.00    13.0184
  17450.00    13.2238
  17460.00    13.2178
  17470.00    12.9943
  17480.00    13.4287
  17490.00    12.8975
  17500.00    13.2874
  17510.00    12.9137
  17520.00    12.8021
  17530.00    12.8772
  17540.00    13.2822
  17550.00    13.1301
  17560.00    13.2681
  17570.00    12.9340
  17580.00    12.8993
  17590.00    12.6532
  17600.00    12.9141
  17610.00    13.1338
  17620.00    13.0593
  17630.00    13.1516
  17640.00    13.3418
  17650.00    12.8697
  17660.00    12.7862
  17670.00    12.8848
  17680.00    12.6458
  17690.00    13.1416
  17700.00    13.1769
  17710.00    13.2009
  17720.00    12.6257
  17730.00    12.7584
  17740.00    12.8548
  17750.00    13.1817
  17760.00    12.7311
  17770.00    11.9241
  17780.00    12.7398
  17790.00    12.7661
  17800.00    12.7758
  17810.00    12.8907
  17820.00    12.5683
  17830.00    12.6890
  17840.00    12.5706
  17850.00    12.9955
  17860.00    12.6929
  17870.00    12.7921
  17880.00    13.2224
  17890.00    12.8721
  17900.00    12.8483
  17910.00    13.0835
  17920.00    13.0291
  17930.00    12.8067
  17940.00    12.6885
  17950.00    12.8403
  17960.00    12.6949
  17970.00    12.7736
  17980.00    13.4183
  17990.00    12.9235
  18000.00    13.4489
  18010.00    12.6810
  18020.00    12.7497
  18030.00    12.7973
  18040.00    12.8279
  18050.00    13.2949
  18060.00    12.8275
  18070.00    13.5662
  18080.00    12.7731
  18090.00    12.8877
  18100.00    13.2325
  18110.00    12.8896
  18120.00    12.7806
  18130.00    12.8894
  18140.00    13.0761
  18150.00    13.3523
  18160.00    13.4758
  18170.00    12.5790
  18180.00    13.2314
  18190.00    12.8827
  18200.00    13.0499
  18210.00    12.8961
  18220.00    12.4646
  18230.00    12.8696
  18240.00    13.1414
  18250.00    13.3563
  18260.00    12.6300
  18270.00    13.2771
  18280.00    13.2004
  18290.00    13.0612
  18300.00    13.3008
  18310.00    12.5153
  18320.00    12.5366
  18330.00    12.9803
  18340.00    12.8844
  18350.00    13.0333
  18360.00    13.4994
  18370.00    12.8968
  18380.00    13.3921
  18390.00    12.8090
  18400.00    12.8129
  18410.00    13.2339
  18420.00    12.9774
  18430.00    13.2479
  18440.00    12.8661
  18450.00    12.6416
  18460.00    12.8768
  18470.00    13.4354
  18480.00    13.1852
  18490.00    13.5070
  18500.00    12.9223
  18510.00    12.8278
  18520.00    12.3763
  18530.00    12.9639
  18540.00    13.0363
  18550.00    13.4400
  18560.00    13.4063
  18570.00    12.9270
  18580.00    12.7845
  18590.00    12.9584
  18600.00    12.8543
  18610.00    13.3108
  18620.00    12.6473
  18630.00    13.3819
  18640.00    12.8113
  18650.00    13.1749
  18660.00    12.7027
  18670.00    12.6790
  18680.00    13.0060
  18690.00    12.8552
  18700.00    13.3411
  18710.00    12.4057
  18720.00    12.8090
  18730.00    12.7506
  18740.00    13.3071
  18750.00    13.0388
  18760.00    12.9810
  18770.00    12.8758
  18780.00    13.0900
  18790.00    12.9320
  18800.00    12.7527
  18810.00    12.9079
  18820.00    13.3717
  18830.00    12.7085
  18840.00    12.6075
  18850.00    12.8818
  18860.00    12.9916
  18870.00    12.6090
  18880.00    12.8467
  18890.00    12.8624
  18900.00    12.5062
  18910.00    12.8999
  18920.00    12.5338
  18930.00    12.8740
  18940.00    12.9826
  18950.00    12.4115
  18960.00    12.8149
  18970.00    12.4427
  18980.00    12.7546
  18990.00    12.4889
  19000.00    13.2007
  19010.00    12.8567
  19020.00    12.8485
  19030.00    13.0371
  19040.00    13.1869
  19050.00    13.4072
  19060.00    13.2824
  19070.00    12.5315
  19080.00    12.9088
  19090.00    13.4879
  19100.00    12.8689
  19110.00    13.2013
  19120.00    13.1465
  19130.00    13.1341
  19140.00    12.9387
  19150.00    13.5435
  19160.00    13.0391
  19170.00    12.7079
  19180.00    13.0769
  19190.00    12.9186
  19200.00    12.8013
  19210.00    13.1753
  19220.00    13.1686
  19230.00    12.6135
  19240.00    12.9058
  19250.00    12.9099
  19260.00    12.6632
  19270.00    12.5624
  19280.00    12.8795
  19290.00    13.6373
  19300.00    12.8491
  19310.00    12.6814
  19320.00    13.2245
  19330.00    12.8179
  19340.00    12.4834
  19350.00    13.1073
  19360.00    13.2896
  19370.00    13.1462
  19380.00    13.2757
  19390.00    12.7593
  19400.00    12.8590
  19410.00    12.8873
  19420.00    12.9834
  19430.00    13.1714
  19440.00    12.8392
  19450.00    13.2210
  19460.00    12.9829
  19470.00    12.7045
  19480.00    12.8971
  19490.00    13.1493
  19500.00    13.2024
  19510.00    13.2523
  19520.00    13.3378
  19530.00    13.4147
  19540.00    12.6448
  19550.00    12.9521
  19560.00    13.0606
  19570.00    12.9578
  19580.00    12.5707
  19590.00    13.3182
  19600.00    13.1754
  19610.00    13.2492
  19620.00    13.1247
  19630.00    12.7636
  19640.00    13.5701
  19650.00    13.1817
  19660.00    12.7520
  19670.00    12.7853
  19680.00    13.1503
  19690.00    13.0877
  19700.00    12.9306
  19710.00    12.8966
  19720.00    13.0820
  19730.00    12.7880
  19740.00    13.0450
  19750.00    13.4457
  19760.00    13.3010
  19770.00    13.1309
  19780.00    13.0040
  19790.00    13.3411
  19800.00    13.0224
  19810.00    12.9521
  19820.00    13.1408
  19830.00    13.1173
  19840.00    13.2957
  19850.00    12.8178
  19860.00    13.1062
  19870.00    13.0458
  19880.00    13.0833
  19890.00    13.2395
  19900.00    13.1743
  19910.00    13.0045
  19920.00    12.5127
  19930.00    12.7570
  19940.00    12.9344
  19950.00    13.6799
  19960.00    13.0016
  19970.00    13.0794
  19980.00    12.9269
  19990.00    12.8178
  20000.00    13.1780
  20010.00    13.5351
  20020.00    13.0162
  20030.00    13.2651
  20040.00    12.9544
  20050.00    13.2518
  20060.00    13.0474
  20070.00    13.4908
  20080.00    13.0468
  20090.00    13.2378
  20100.00    13.0454
  20110.00    12.9428
  20120.00    13.2451
  20130.00    13.0739
  20140.00    13.2724
  20150.00    13.2128
  20160.00    13.1024
  20170.00    13.1758
  20180.00    13.5534
  20190.00    13.2922
  20200.00    12.9290
  20210.00    13.5522
  20220.00    12.7540
  20230.00    13.3611
  20240.00    13.3250
  20250.00    13.6367
  20260.00    12.7155
  20270.00    13.2753
  20280.00    13.6874
  20290.00    13.1820
  20300.00    13.1834
  20310.00    12.9241
  20320.00    13.2460
  20330.00    13.5110
  20340.00    13.0764
  20350.00    12.7662
  20360.00    12.9932
  20370.00    12.7573
  20380.00    13.2918
  20390.00    12.7353
  20400.00    12.7602
  20410.00    12.5275
  20420.00    13.1183
  20430.00    13.3946
  20440.00    13.1236
  20450.00    13.0307
  20460.00    13.0685
  20470.00    13.2427
  20480.00    12.8751
  20490.00    13.3150
  20500.00    13.5553
  20510.00    12.3459
  20520.00    12.4598
  20530.00    12.9625
  20540.00    13.0534
  20550.00    12.7360
  20560.00    12.4643
  20570.00    13.1196
  20580.00    12.2946
  20590.00    13.0364
  20600.00    13.1127
  20610.00    12.9082
  20620.00    12.9209
  20630.00    13.2981
  20640.00    12.7948
  20650.00    12.8656
  20660.00    13.1291
  20670.00    13.4948
  20680.00    13.0188
  20690.00    13.6170
  20700.00    12.9610
  20710.00    12.9242
  20720.00    13.1623
  20730.00    12.8842
  20740.00    12.9075
  20750.00    13.6230
  20760.00    12.9721
  20770.00    12.9990
  20780.00    13.8708
  20790.00    13.0451
  20800.00    13.0995
  20810.00    13.3672
  20820.00    12.7327
  20830.00    13.2336
  20840.00    12.9500
  20850.00    13.4582
  20860.00    13.4108
  20870.00    12.9930
  20880.00    12.6869
  20890.00    12.7403
  20900.00    12.9245
  20910.00    12.9540
  20920.00    13.3901
  20930.00    12.9907
  20940.00    13.3643
  20950.00    13.2838
  20960.00    12.9701
  20970.00    13.0113
  20980.00    12.9445
  20990.00    12.8341
  21000.00    12.5658
  21010.00    13.2805
  21020.00    12.8969
  21030.00    12.9090
  21040.00    12.7173
  21050.00    12.7159
  21060.00    12.8340
  21070.00    12.9939
  21080.00    13.5362
  21090.00    13.0426
  21100.00    13.2355
  21110.00    12.4979
  21120.00    13.0313
  21130.00    13.0760
  21140.00    12.6734
  21150.00    13.2648
  21160.00    12.7849
  21170.00    12.9897
  21180.00    12.8407
  21190.00    12.9335
  21200.00    13.0562
  21210.00    13.0267
  21220.00    13.0490
  21230.00    12.9997
  21240.00    13.2030
  21250.00    12.9832
  21260.00    13.6546
  21270.00    13.2986
  21280.00    13.2935
  21290.00    13.1046
  21300.00    13.1301
  21310.00    13.0264
  21320.00    13.1711
  21330.00    13.7027
  21340.00    13.0131
  21350.00    12.5651
  21360.00    12.9575
  21370.00    12.9780
  21380.00    13.6105
  21390.00    13.3917
  21400.00    12.9631
  21410.00    12.7882
  21420.00    13.2890
  21430.00    12.7295
  21440.00    13.1032
  21450.00    13.0088
  21460.00    13.0301
  21470.00    12.9129
  21480.00    12.3390
  21490.00    12.9916
  21500.00    12.3340
  21510.00    12.5199
  21520.00    13.0494
  21530.00    12.6390
  21540.00    13.3179
  21550.00    13.0365
  21560.00    12.7154
  21570.00    13.1403
  21580.00    13.2043
  21590.00    12.8197
  21600.00    12.4110
  21610.00    12.6718
  21620.00    12.7498
  21630.00    12.9179
  21640.00    13.4466
  21650.00    13.3978
  21660.00    13.1976
  21670.00    13.3899
  21680.00    13.1424
  21690.00    12.6192
  21700.00    13.3736
  21710.00    13.1696
  21720.00    12.8959
  21730.00    13.2290
  21740.00    12.4186
  21750.00    12.8161
  21760.00    13.1879
  21770.00    12.6345
  21780.00    12.5625
  21790.00    12.9539
  21800.00    13.4402
  21810.00    13.3074
  21820.00    13.0859
  21830.00    13.1146
  21840.00    13.2632
  21850.00    12.8608
  21860.00    13.0884
  21870.00    13.1877
  21880.00    13.4475
  21890.00    13.0000
  21900.00    12.7241
  21910.00    13.0643
  21920.00    12.9952
  21930.00    13.1547
  21940.00    12.6761
  21950.00    12.8768
  21960.00    13.2486
  21970.00    12.4286
  21980.00    13.3314
  21990.00    12.9668
  22000.00    13.0103
  22010.00    12.9245
  22020.00    12.6689
  22030.00    12.6209
  22040.00    12.8348
  22050.00    13.0431
  22060.00    12.8984
  22070.00    13.2527
  22080.00    13.4217
  22090.00    13.0486
  22100.00    13.2377
  22110.00    13.1594
  22120.00    13.3817
  22130.00    13.8132
  22140.00    13.2272
  22150.00    12.7967
  22160.00    13.5319
  22170.00    13.1435
  22180.00    12.9809
  22190.00    12.8145
  22200.00    13.4763
  22210.00    13.2892
  22220.00    12.6115
  22230.00    13.6111
  22240.00    13.0568
  22250.00    12.6568
  22260.00    12.7830
  22270.00    13.0658
  22280.00    12.9571
  22290.00    13.2465
  22300.00    13.3742
  22310.00    13.1672
  22320.00    13.0968
  22330.00    13.1564
  22340.00    12.9707
  22350.00    12.7655
  22360.00    12.4935
  22370.00    12.8146
  22380.00    13.2951
  22390.00    12.9733
  22400.00    13.4876
  22410.00    12.4202
  22420.00    12.9610
  22430.00    13.0586
  22440.00    12.5781
  22450.00    13.1927
  22460.00    13.0300
  22470.00    13.3947
  22480.00    13.0741
  22490.00    13.0424
  22500.00    13.2976
  22510.00    13.4056
  22520.00    13.4984
  22530.00    12.6846
  22540.00    12.9984
  22550.00    13.4069
  22560.00    12.6671
  22570.00    13.3233
  22580.00    13.4175
  22590.00    13.4241
  22600.00    13.5200
  22610.00    13.1629
  22620.00    13.1293
  22630.00    13.1304
  22640.00    12.4821
  22650.00    13.3108
  22660.00    13.4149
  22670.00    12.4723
  22680.00    12.9500
  22690.00    12.9408
  22700.00    13.3234
  22710.00    12.9257
  22720.00    13.0289
  22730.00    13.1031
  22740.00    13.0812
  22750.00    12.6816
  22760.00    12.9679
  22770.00    13.3704
  22780.00    13.1174
  22790.00    12.8647
  22800.00    13.0312
  22810.00    13.4572
  22820.00    13.2069
  22830.00    13.5348
  22840.00    13.5004
  22850.00    13.0463
  22860.00    13.4230
  22870.00    12.9221
  22880.00    12.8136
  22890.00    12.6511
  22900.00    13.3779
  22910.00    12.8353
  22920.00    12.9065
  22930.00    13.0048
  22940.00    13.3299
  22950.00    13.1443
  22960.00    13.4060
  22970.00    13.3727
  22980.00    13.3566
  22990.00    13.3523
  23000.00    13.4252
  23010.00    13.2282
  23020.00    13.5063
  23030.00    13.0788
  23040.00    13.4480
  23050.00    13.0064
  23060.00    13.3879
  23070.00    12.4713
  23080.00    13.0852
  23090.00    13.3672
  23100.00    13.2035
  23110.00    13.4602
  23120.00    12.8999
  23130.00    13.3054
  23140.00    13.1982
  23150.00    12.9573
  23160.00    13.0346
  23170.00    13.3908
  23180.00    13.0780
  23190.00    12.9993
  23200.00    12.8795
  23210.00    13.3801
  23220.00    12.8452
  23230.00    12.8465
  23240.00    12.8479
  23250.00    12.8086
  23260.00    13.1206
  23270.00    13.5033
  23280.00    13.6216
  23290.00    13.4487
  23300.00    13.0503
  23310.00    13.1532
  23320.00    12.7098
  23330.00    13.4923
  23340.00    13.3398
  23350.00    13.0182
  23360.00    12.9772
  23370.00    13.1130
  23380.00    13.3675
  23390.00    13.2205
  23400.00    13.0844
  23410.00    12.9616
  23420.00    13.3236
  23430.00    12.5349
  23440.00    12.4459
  23450.00    12.8255
  23460.00    13.2054
  23470.00    13.2095
  23480.00    13.1664
  23490.00    13.0901
  23500.00    12.8686
  23510.00    13.1515
  23520.00    12.8756
  23530.00    13.0842
  23540.00    13.1180
  23550.00    13.1466
  23560.00    13.2277
  23570.00    13.1407
  23580.00    13.0770
  23590.00    13.3040
  23600.00    12.7481
  23610.00    12.9538
  23620.00    13.1146
  23630.00    12.9273
  23640.00    12.8508
  23650.00    13.4423
  23660.00    13.0549
  23670.00    13.4165
  23680.00    13.7822
  23690.00    12.8891
  23700.00    12.9500
  23710.00    13.2433
  23720.00    12.9425
  23730.00    13.0503
  23740.00    13.4436
  23750.00    13.4489
  23760.00    13.3263
  23770.00    12.8345
  23780.00    13.3339
  23790.00    13.0896
  23800.00    13.4204
  23810.00    12.4334
  23820.00    12.8691
  23830.00    13.2936
  23840.00    12.9454
  23850.00    13.3383
  23860.00    12.8385
  23870.00    13.0688
  23880.00    13.2513
  23890.00    12.7660
  23900.00    12.8628
  23910.00    13.4978
  23920.00    13.6958
  23930.00    13.4380
  23940.00    13.5868
  23950.00    13.5062
  23960.00    13.1255
  23970.00    13.0459
  23980.00    13.0446
  23990.00    13.7740
  24000.00    13.0758
  24010.00    12.8883
  24020.00    13.1254
  24030.00    13.5934
  24040.00    13.2610
  24050.00    13.2450
  24060.00    13.0248
  24070.00    12.9550
  24080.00    12.9299
  24090.00    12.6993
  24100.00    12.7137
  24110.00    12.9686
  24120.00    13.1775
  24130.00    13.1665
  24140.00    13.1159
  24150.00    13.3548
  24160.00    12.8765
  24170.00    12.8420
  24180.00    13.5373
  24190.00    13.0336
  24200.00    13.0192
  24210.00    13.5844
  24220.00    13.0086
  24230.00    12.4525
  24240.00    12.2119
  24250.00    13.0369
  24260.00    13.1370
  24270.00    13.5304
  24280.00    12.9495
  24290.00    13.3812
  24300.00    12.9748
  24310.00    13.4095
  24320.00    13.5205
  24330.00    12.6170
  24340.00    12.9803
  24350.00    12.7205
  24360.00    13.1356
  24370.00    13.3494
  24380.00    13.1347
  24390.00    12.8918
  24400.00    12.8349
  24410.00    13.1197
  24420.00    12.6969
  24430.00    12.7344
  24440.00    13.7011
  24450.00    13.0617
  24460.00    12.8800
  24470.00    12.9916
  24480.00    12.6626
  24490.00    13.1263
  24500.00    13.0185
  24510.00    13.1981
  24520.00    13.0689
  24530.00    13.2938
  24540.00    12.8562
  24550.00    12.8977
  24560.00    13.4301
  24570.00    12.7879
  24580.00    12.8035
  24590.00    12.7726
  24600.00    13.1570
  24610.00    13.0656
  24620.00    12.9031
  24630.00    13.2115
  24640.00    13.1431
  24650.00    13.3505
  24660.00    13.3549
  24670.00    13.5359
  24680.00    13.3617
  24690.00    12.7208
  24700.00    12.5026
  24710.00    12.8597
  24720.00    13.0294
  24730.00    13.2079
  24740.00    13.4408
  24750.00    12.8247
  24760.00    13.1204
  24770.00    12.9525
  24780.00    12.8133
  24790.00    13.1690
  24800.00    13.6650
  24810.00    12.9007
  24820.00    13.5628
  24830.00    13.4685
  24840.00    13.4370
  24850.00    13.2591
  24860.00    13.0023
  24870.00    12.9071
  24880.00    13.0686
  24890.00    13.2912
  24900.00    13.5295
  24910.00    13.2813
  24920.00    13.1033
  24930.00    13.0689
  24940.00    12.9881
  24950.00    13.2463
  24960.00    12.8067
  24970.00    13.2408
  24980.00    13.1264
  24990.00    13.3951
  25000.00    13.3225
  25010.00    12.7183
  25020.00    12.7562
  25030.00    12.7131
  25040.00    12.5339
  25050.00    13.3896
  25060.00    13.2939
  25070.00    13.0706
  25080.00    13.0865
  25090.00    13.1005
  25100.00    13.2523
  25110.00    13.5583
  25120.00    12.8965
  25130.00    13.6080
  25140.00    13.1249
  25150.00    13.0743
  25160.00    13.2484
  25170.00    12.9620
  25180.00    13.0877
  25190.00    13.5103
  25200.00    13.2568
  25210.00    13.2240
  25220.00    13.4211
  25230.00    13.3154
  25240.00    13.1541
  25250.00    13.1635
  25260.00    13.1686
  25270.00    12.7828
  25280.00    13.1165
  25290.00    13.0357
  25300.00    13.2998
  25310.00    13.2058
  25320.00    13.0985
  25330.00    12.7446
  25340.00    12.9503
  25350.00    12.8088
  25360.00    13.1052
  25370.00    13.3136
  25380.00    13.0346
  25390.00    13.5611
  25400.00    13.1897
  25410.00    12.9839
  25420.00    13.0841
  25430.00    13.2769
  25440.00    13.0078
  25450.00    13.4830
  25460.00    13.3616
  25470.00    13.8210
  25480.00    13.2711
  25490.00    13.0443
  25500.00    13.5999
  25510.00    12.8858
  25520.00    12.6405
  25530.00    13.0582
  25540.00    13.3262
  25550.00    13.3638
  25560.00    13.2412
  25570.00    13.6034
  25580.00    13.1443
  25590.00    12.9430
  25600.00    13.0234
  25610.00    12.9655
  25620.00    12.7423
  25630.00    12.9982
  25640.00    13.3115
  25650.00    13.3693
  25660.00    12.9934
  25670.00    13.5740
  25680.00    13.2521
  25690.00    12.6777
  25700.00    13.0835
  25710.00    12.8919
  25720.00    12.6779
  25730.00    12.7445
  25740.00    12.8934
  25750.00    12.9033
  25760.00    13.3135
  25770.00    12.6058
  25780.00    12.9179
  25790.00    12.9807
  25800.00    12.9695
  25810.00    12.7551
  25820.00    12.9404
  25830.00    13.1239
  25840.00    13.2990
  25850.00    13.0359
  25860.00    12.7772
  25870.00    13.0024
  25880.00    12.8543
  25890.00    13.4165
  25900.00    13.4406
  25910.00    13.6248
  25920.00    12.9764
  25930.00    13.2950
  25940.00    12.7561
  25950.00    13.3533
  25960.00    13.5043
  25970.00    13.1031
  25980.00    13.4253
  25990.00    13.3709
  26000.00    13.6620
  26010.00    13.2263
  26020.00    13.0383
  26030.00    13.3027
  26040.00    13.2357
  26050.00    12.6860
  26060.00    13.0492
  26070.00    12.7573
  26080.00    13.1758
  26090.00    13.3285
  26100.00    13.0210
  26110.00    13.1320
  26120.00    13.6206
  26130.00    13.2505
  26140.00    13.2160
  26150.00    12.9307
  26160.00    13.3351
  26170.00    12.7404
  26180.00    14.0086
  26190.00    12.7333
  26200.00    13.2385
  26210.00    13.4079
  26220.00    13.0148
  26230.00    12.4635
  26240.00    12.6230
  26250.00    13.2900
  26260.00    12.8907
  26270.00    13.1222
  26280.00    12.7806
  26290.00    12.7461
  26300.00    13.1201
  26310.00    12.8088
  26320.00    13.4479
  26330.00    13.1789
  26340.00    12.9537
  26350.00    13.6417
  26360.00    13.3248
  26370.00    13.4721
  26380.00    12.7719
  26390.00    13.4780
  26400.00    13.0103
  26410.00    13.3834
  26420.00    13.0548
  26430.00    12.5937
  26440.00    13.1804
  26450.00    13.3312
  26460.00    13.0110
  26470.00    13.1777
  26480.00    13.0968
  26490.00    13.4185
  26500.00    13.0921
  26510.00    13.4929
  26520.00    12.9762
  26530.00    13.4324
  26540.00    12.3756
  26550.00    13.2568
  26560.00    12.9554
  26570.00    13.0646
  26580.00    12.9572
  26590.00    12.7247
  26600.00    13.1981
  26610.00    12.9987
  26620.00    13.0490
  26630.00    12.8870
  26640.00    12.7367
  26650.00    13.0151
  26660.00    12.6093
  26670.00    12.7573
  26680.00    13.3264
  26690.00    12.9911
  26700.00    12.9379
  26710.00    12.8653
  26720.00    13.3859
  26730.00    13.5520
  26740.00    13.3932
  26750.00    13.0457
  26760.00    12.8425
  26770.00    13.2784
  26780.00    13.5567
  26790.00    13.2271
  26800.00    13.8265
  26810.00    12.9736
  26820.00    12.8915
  26830.00    12.8076
  26840.00    12.9222
  26850.00    12.9126
  26860.00    12.8389
  26870.00    12.8183
  26880.00    13.0554
  26890.00    12.5191
  26900.00    13.3144
  26910.00    13.0499
  26920.00    13.4731
  26930.00    13.6612
  26940.00    12.9241
  26950.00    13.5388
  26960.00    13.0153
  26970.00    13.3439
  26980.00    13.2554
  26990.00    13.2660
  27000.00    13.1084
  27010.00    13.2440
  27020.00    13.1755
  27030.00    13.3700
  27040.00    13.4817
  27050.00    12.9603
  27060.00    13.5230
  27070.00    13.2621
  27080.00    13.2859
  27090.00    13.1433
  27100.00    13.1996
  27110.00    13.2780
  27120.00    13.1101
  27130.00    13.3367
  27140.00    13.1508
  27150.00    13.0967
  27160.00    13.2932
  27170.00    13.5292
  27180.00    13.4887
  27190.00    12.6360
  27200.00    13.1184
  27210.00    13.5333
  27220.00    13.2809
  27230.00    12.8099
  27240.00    13.3728
  27250.00    13.4854
  27260.00    13.4717
  27270.00    12.6233
  27280.00    12.9685
  27290.00    13.0081
  27300.00    13.0973
  27310.00    13.0097
  27320.00    12.8103
  27330.00    13.3454
  27340.00    12.9281
  27350.00    12.7585
  27360.00    12.5993
  27370.00    13.1750
  27380.00    12.8795
  27390.00    12.8472
  27400.00    13.3035
  27410.00    13.3760
  27420.00    13.1795
  27430.00    13.0868
  27440.00    13.0527
  27450.00    12.9167
  27460.00    12.9275
  27470.00    13.3101
  27480.00    13.4603
  27490.00    12.8722
  27500.00    12.8091
  27510.00    13.1163
  27520.00    13.2667
  27530.00    13.5070
  27540.00    13.4354
  27550.00    13.1727
  27560.00    13.2535
  27570.00    12.9161
  27580.00    12.9840
  27590.00    13.0938
  27600.00    13.0504
  27610.00    13.2734
  27620.00    12.9440
  27630.00    12.6557
  27640.00    12.8922
  27650.00    13.3400
  27660.00    12.8108
  27670.00    13.0530
  27680.00    12.9851
  27690.00    12.8665
  27700.00    13.1104
  27710.00    13.7314
  27720.00    13.2759
  27730.00    12.9912
  27740.00    13.0873
  27750.00    13.1015
  27760.00    13.2775
  27770.00    13.1903
  27780.00    12.9872
  27790.00    12.7946
  27800.00    13.1461
  27810.00    13.1685
  27820.00    12.8414
  27830.00    12.8873
  27840.00    13.1441
  27850.00    13.0013
  27860.00    12.8160
  27870.00    13.0923
  27880.00    12.6417
  27890.00    13.1801
  27900.00    12.9123
  27910.00    12.9826
  27920.00    13.3650
  27930.00    12.6853
  27940.00    12.7971
  27950.00    12.5324
  27960.00    12.6811
  27970.00    12.8980
  27980.00    13.0887
  27990.00    12.8443
  28000.00    13.3696
  28010.00    12.6265
  28020.00    12.7721
  28030.00    12.9651
  28040.00    13.2088
  28050.00    13.0698
  28060.00    12.5451
  28070.00    12.9735
  28080.00    13.3547
  28090.00    13.3112
  28100.00    12.6647
  28110.00    13.3049
  28120.00    13.2195
  28130.00    12.4052
  28140.00    13.0051
  28150.00    13.1151
  28160.00    12.9897
  28170.00    13.1026
  28180.00    13.0643
  28190.00    12.9714
  28200.00    13.2466
  28210.00    13.6236
  28220.00    13.3358
  28230.00    13.2691
  28240.00    13.2776
  28250.00    13.4092
  28260.00    12.7979
  28270.00    13.4985
  28280.00    13.4100
  28290.00    12.6277
  28300.00    13.2842
  28310.00    12.9825
  28320.00    12.9117
  28330.00    13.2421
  28340.00    13.1578
  28350.00    13.0529
  28360.00    12.9107
  28370.00    12.9540
  28380.00    12.6647
  28390.00    12.8854
  28400.00    12.7308
  28410.00    12.5704
  28420.00    12.7982
  28430.00    12.7417
  28440.00    12.1938
  28450.00    13.0050
  28460.00    12.8956
  28470.00    12.4177
  28480.00    12.7394
  28490.00    12.6332
  28500.00    12.4745
  28510.00    12.9266
  28520.00    12.9881
  28530.00    12.9753
  28540.00    12.8731
  28550.00    13.0168
  28560.00    12.4167
  28570.00    13.6365
  28580.00    13.6215
  28590.00    12.9304
  28600.00    13.2379
  28610.00    12.8749
  28620.00    13.0811
  28630.00    13.1949
  28640.00    13.2272
  28650.00    13.1577
  28660.00    13.2864
  28670.00    13.2291
  28680.00    13.2188
  28690.00    13.0932
  28700.00    13.1474
  28710.00    13.4245
  28720.00    13.6771
  28730.00    13.2649
  28740.00    13.6458
  28750.00    12.9067
  28760.00    13.3157
  28770.00    13.2428
  28780.00    13.0322
  28790.00    13.2470
  28800.00    13.6440
  28810.00    13.5919
  28820.00    13.5209
  28830.00    12.8687
  28840.00    13.1891
  28850.00    12.7627
  28860.00    12.8944
  28870.00    12.8202
  28880.00    12.8261
  28890.00    13.5670
  28900.00    13.3664
  28910.00    13.1740
  28920.00    13.0851
  28930.00    13.0718
  28940.00    13.2063
  28950.00    13.5005
  28960.00    12.7224
  28970.00    13.0411
  28980.00    12.9607
  28990.00    12.6933
  29000.00    12.8292
  29010.00    12.8570
  29020.00    12.7706
  29030.00    13.0736
  29040.00    13.2819
  29050.00    13.4477
  29060.00    13.0465
  29070.00    13.5657
  29080.00    13.0536
  29090.00    13.1828
  29100.00    13.3351
  29110.00    12.9663
  29120.00    13.6837
  29130.00    13.3352
  29140.00    12.7226
  29150.00    12.4542
  29160.00    12.9926
  29170.00    12.7042
  29180.00    13.4202
  29190.00    13.1955
  29200.00    13.1442
  29210.00    12.4421
  29220.00    13.2069
  29230.00    12.8697
  29240.00    13.5514
  29250.00    12.5650
  29260.00    12.6984
  29270.00    12.8522
  29280.00    12.8741
  29290.00    12.8031
  29300.00    12.3387
  29310.00    13.1303
  29320.00    12.8356
  29330.00    12.8103
  29340.00    13.3088
  29350.00    12.8925
  29360.00    13.2096
  29370.00    12.9263
  29380.00    12.7441
  29390.00    13.2038
  29400.00    12.6576
  29410.00    12.7806
  29420.00    13.1320
  29430.00    13.7836
  29440.00    13.0162
  29450.00    13.0169
  29460.00    13.3058
  29470.00    13.1208
  29480.00    13.3098
  29490.00    13.3706
  29500.00    13.2225
  29510.00    12.9574
  29520.00    13.0278
  29530.00    13.2605
  29540.00    13.4880
  29550.00    13.3620
  29560.00    13.1810
  29570.00    13.1458
  29580.00    13.4683
  29590.00    13.1874
  29600.00    13.2547
  29610.00    12.8006
  29620.00    13.4537
  29630.00    13.3468
  29640.00    13.4063
  29650.00    13.5745
  29660.00    13.1323
  29670.00    12.7643
  29680.00    12.9579
  29690.00    12.9874
  29700.00    13.3921
  29710.00    13.2348
  29720.00    12.7261
  29730.00    13.4345
  29740.00    13.1633
  29750.00    13.4116
  29760.00    13.2157
  29770.00    13.5211
  29780.00    13.1983
  29790.00    13.0138
  29800.00    12.9156
  29810.00    12.6953
  29820.00    13.2558
  29830.00    13.1589
  29840.00    13.2047
  29850.00    12.9161
  29860.00    13.2169
  29870.00    13.0253
  29880.00    12.7807
  29890.00    12.7831
  29900.00    12.7864
  29910.00    12.9735
  29920.00    12.3745
  29930.00    13.1437
  29940.00    13.5012
  29950.00    12.8004
  29960.00    12.8576
  29970.00    13.0558
  29980.00    12.5560
  29990.00    12.2374
  30000.00    12.1741
  30010.00    12.6323
  30020.00    13.1413
  30030.00    12.9408
  30040.00    12.4601
  30050.00    12.8168
  30060.00    12.7024
  30070.00    13.3391
  30080.00    13.1654
  30090.00    13.1493
  30100.00    12.7660
  30110.00    12.8098
  30120.00    13.5279
  30130.00    13.8834
  30140.00    13.5903
  30150.00    13.2728
  30160.00    13.4018
  30170.00    13.1615
  30180.00    13.4073
  30190.00    13.4169
  30200.00    12.9855
  30210.00    13.6078
  30220.00    13.2885
  30230.00    13.1540
  30240.00    13.0681
  30250.00    13.4582
  30260.00    12.6381
  30270.00    12.7624
  30280.00    12.4776
  30290.00    12.8756
  30300.00    13.0403
  30310.00    13.0339
  30320.00    13.1322
  30330.00    13.7131
  30340.00    13.1725
  30350.00    13.4520
  30360.00    13.2200
  30370.00    13.7236
  30380.00    13.3248
  30390.00    13.6524
  30400.00    13.2304
  30410.00    13.2216
  30420.00    13.1987
  30430.00    13.4013
  30440.00    12.6198
  30450.00    12.8269
  30460.00    13.1986
  30470.00    13.3056
  30480.00    13.2143
  30490.00    12.9906
  30500.00    13.0784
  30510.00    13.4275
  30520.00    12.9439
  30530.00    13.0710
  30540.00    13.6203
  30550.00    13.3765
  30560.00    13.2913
  30570.00    13.1876
  30580.00    13.1239
  30590.00    13.4409
  30600.00    13.0958
  30610.00    13.4411
  30620.00    12.8921
  30630.00    12.5858
  30640.00    13.2608
  30650.00    12.9837
  30660.00    12.3720
  30670.00    12.4110
  30680.00    13.5305
  30690.00    13.4444
  30700.00    13.0272
  30710.00    13.6917
  30720.00    13.1338
  30730.00    12.5278
  30740.00    13.1366
  30750.00    13.1159
  30760.00    12.8692
  30770.00    12.5904
  30780.00    12.8760
  30790.00    12.5102
  30800.00    13.0331
  30810.00    12.3071
  30820.00    12.5841
  30830.00    13.2308
  30840.00    12.8143
  30850.00    13.2060
  30860.00    13.4743
  30870.00    12.9538
  30880.00    13.6334
  30890.00    13.1975
  30900.00    13.0827
  30910.00    13.2073
  30920.00    12.9878
  30930.00    13.1851
  30940.00    12.9678
  30950.00    13.2389
  30960.00    12.8274
  30970.00    12.9897
  30980.00    13.1528
  30990.00    13.3258
  31000.00    13.4310
  31010.00    12.8143
  31020.00    13.2989
  31030.00    12.9806
  31040.00    13.6556
  31050.00    13.8436
  31060.00    13.4377
  31070.00    13.0695
  31080.00    12.4946
  31090.00    13.0553
  31100.00    13.1411
  31110.00    13.0996
  31120.00    12.8697
  31130.00    13.1126
  31140.00    12.6799
  31150.00    12.6264
  31160.00    13.3009
  31170.00    12.8599
  31180.00    13.4260
  31190.00    12.8007
  31200.00    12.6986
  31210.00    13.5167
  31220.00    13.2356
  31230.00    13.1853
  31240.00    13.2717
  31250.00    13.0136
  31260.00    13.4202
  31270.00    13.2607
  31280.00    13.0286
  31290.00    12.9926
  31300.00    12.6789
  31310.00    13.4675
  31320.00    13.3458
  31330.00    12.9283
  31340.00    13.3478
  31350.00    13.3409
  31360.00    13.2371
  31370.00    13.0463
  31380.00    13.7857
  31390.00    13.1253
  31400.00    13.2993
  31410.00    12.7745
  31420.00    12.9878
  31430.00    12.9829
  31440.00    13.1480
  31450.00    13.7052
  31460.00    13.9967
  31470.00    13.1713
  31480.00    13.1022
  31490.00    13.0716
  31500.00    13.1965
  31510.00    13.3442
  31520.00    12.7381
  31530.00    12.9486
  31540.00    13.5759
  31550.00    13.4183
  31560.00    13.2383
  31570.00    12.8451
  31580.00    12.6538
  31590.00    13.0048
  31600.00    12.9484
  31610.00    13.4178
  31620.00    13.3120
  31630.00    13.1607
  31640.00    13.5763
  31650.00    12.5311
  31660.00    13.2356
  31670.00    13.1902
  31680.00    13.5655
  31690.00    13.3092
  31700.00    12.7639
  31710.00    13.1036
  31720.00    13.0054
  31730.00    12.9855
  31740.00    13.3393
  31750.00    13.3959
  31760.00    13.4720
  31770.00    13.0970
  31780.00    13.1852
  31790.00    13.1351
  31800.00    12.4085
  31810.00    12.9133
  31820.00    12.9781
  31830.00    13.1141
  31840.00    12.9092
  31850.00    13.2428
  31860.00    12.8183
  31870.00    13.5003
  31880.00    13.1323
  31890.00    12.8677
  31900.00    13.0346
  31910.00    12.7793
  31920.00    12.8764
  31930.00    13.2147
  31940.00    12.8453
  31950.00    12.9869
  31960.00    12.9430
  31970.00    13.3701
  31980.00    13.1649
  31990.00    13.1279
  32000.00    13.1104
  32010.00    12.4124
  32020.00    12.7731
  32030.00    13.0157
  32040.00    13.2969
  32050.00    12.8698
  32060.00    13.0162
  32070.00    12.0560
  32080.00    12.7494
  32090.00    13.1045
  32100.00    13.2796
  32110.00    12.6811
  32120.00    13.3153
  32130.00    12.9373
  32140.00    13.6718
  32150.00    12.6658
  32160.00    13.2320
  32170.00    13.3823
  32180.00    13.0269
  32190.00    12.8697
  32200.00    13.1710
  32210.00    12.7591
  32220.00    13.3481
  32230.00    13.0776
  32240.00    13.0174
  32250.00    12.8401
  32260.00    13.2488
  32270.00    13.0870
  32280.00    12.9535
  32290.00    13.1437
  32300.00    12.9656
  32310.00    13.3503
  32320.00    12.9904
  32330.00    13.4374
  32340.00    13.5010
  32350.00    13.2850
  32360.00    13.5044
  32370.00    13.4193
  32380.00    13.3779
  32390.00    13.1415
  32400.00    13.0662
  32410.00    13.1638
  32420.00    13.1350
  32430.00    12.7443
  32440.00    13.2595
  32450.00    13.0349
  32460.00    13.1332
  32470.00    12.9475
  32480.00    13.2288
  32490.00    13.0107
  32500.00    12.8248
  32510.00    13.0367
  32520.00    12.6015
  32530.00    13.0612
  32540.00    13.3586
  32550.00    12.8734
  32560.00    13.0710
  32570.00    13.7438
  32580.00    13.3880
  32590.00    12.9768
  32600.00    13.5859
  32610.00    13.3979
  32620.00    13.1807
  32630.00    13.2227
  32640.00    13.4612
  32650.00    13.4464
  32660.00    13.0186
  32670.00    12.7960
  32680.00    12.4638
  32690.00    13.3119
  32700.00    12.5372
  32710.00    13.1818
  32720.00    13.2356
  32730.00    13.3005
  32740.00    13.3407
  32750.00    12.7857
  32760.00    13.4943
  32770.00    13.2730
  32780.00    12.9929
  32790.00    13.2775
  32800.00    12.4469
  32810.00    13.1569
  32820.00    13.4303
  32830.00    13.3423
  32840.00    13.2851
  32850.00    12.8895
  32860.00    13.1128
  32870.00    12.9744
  32880.00    12.3544
  32890.00    13.5309
  32900.00    12.8093
  32910.00    12.6238
  32920.00    13.2489
  32930.00    13.5099
  32940.00    12.8626
  32950.00    13.3399
  32960.00    13.6979
  32970.00    13.1773
  32980.00    12.7405
  32990.00    13.1180
  33000.00    13.0805
  33010.00    13.6792
  33020.00    13.5263
  33030.00    13.5292
  33040.00    13.4546
  33050.00    13.1989
  33060.00    13.3519
  33070.00    13.0696
  33080.00    13.3437
  33090.00    13.6858
  33100.00    12.8858
  33110.00    12.7926
  33120.00    12.9788
  33130.00    13.3110
  33140.00    13.1363
  33150.00    12.9263
  33160.00    13.3423
  33170.00    13.5483
  33180.00    13.8050
  33190.00    13.2665
  33200.00    13.1889
  33210.00    13.4786
  33220.00    13.1527
  33230.00    13.4610
  33240.00    13.0300
  33250.00    12.9667
  33260.00    13.1724
  33270.00    12.9655
  33280.00    13.1028
  33290.00    12.8327
  33300.00    12.9384
  33310.00    13.0896
  33320.00    12.9268
  33330.00    12.8412
  33340.00    13.3902
  33350.00    12.8849
  33360.00    12.9859
  33370.00    13.0586
  33380.00    12.8388
  33390.00    13.3505
  33400.00    13.3547
  33410.00    12.8275
  33420.00    13.1830
  33430.00    13.3799
  33440.00    13.1422
  33450.00    13.4588
  33460.00    12.8741
  33470.00    13.1890
  33480.00    13.0715
  33490.00    12.5608
  33500.00    12.7012
  33510.00    13.0357
  33520.00    12.8871
  33530.00    13.2054
  33540.00    13.0530
  33550.00    13.0221
  33560.00    12.5113
  33570.00    12.8252
  33580.00    13.5778
  33590.00    12.8275
  33600.00    13.4318
  33610.00    13.3654
  33620.00    13.0736
  33630.00    13.4208
  33640.00    12.8664
  33650.00    13.2879
  33660.00    12.9951
  33670.00    13.2620
  33680.00    13.0666
  33690.00    13.5639
  33700.00    12.9941
  33710.00    13.4903
  33720.00    12.9902
  33730.00    13.0176
  33740.00    13.2685
  33750.00    12.7806
  33760.00    12.9343
  33770.00    12.9100
  33780.00    12.9225
  33790.00    12.6638
  33800.00    13.2236
  33810.00    12.8449
  33820.00    13.1248
  33830.00    12.7978
  33840.00    13.2787
  33850.00    13.3698
  33860.00    13.8216
  33870.00    13.2217
  33880.00    13.3998
  33890.00    13.1553
  33900.00    13.3692
  33910.00    13.3710
  33920.00    13.6608
  33930.00    13.5592
  33940.00    12.9472
  33950.00    13.0083
  33960.00    13.1917
  33970.00    13.2442
  33980.00    13.5687
  33990.00    12.6125
  34000.00    13.4128
  34010.00    12.8350
  34020.00    12.4850
  34030.00    12.8720
  34040.00    12.9111
  34050.00    13.0351
  34060.00    12.9687
  34070.00    13.0329
  34080.00    12.9971
  34090.00    13.2910
  34100.00    12.9240
  34110.00    13.1295
  34120.00    13.8480
  34130.00    12.9592
  34140.00    13.3410
  34150.00    12.7957
  34160.00    12.9581
  34170.00    12.8599
  34180.00    12.9602
  34190.00    13.0755
  34200.00    12.7023
  34210.00    13.1332
  34220.00    12.9989
  34230.00    13.3158
  34240.00    13.1115
  34250.00    13.3914
  34260.00    12.9649
  34270.00    13.0468
  34280.00    12.9331
  34290.00    12.9447
  34300.00    13.2437
  34310.00    13.3193
  34320.00    13.1838
  34330.00    12.8615
  34340.00    13.3170
  34350.00    12.8127
  34360.00    12.8086
  34370.00    13.2705
  34380.00    13.1560
  34390.00    13.6424
  34400.00    12.8979
  34410.00    13.1088
  34420.00    12.7620
  34430.00    13.0283
  34440.00    13.0734
  34450.00    13.2381
  34460.00    13.0976
  34470.00    13.1679
  34480.00    13.1050
  34490.00    13.1653
  34500.00    12.9955
  34510.00    13.0588
  34520.00    13.0615
  34530.00    12.9990
  34540.00    13.0425
  34550.00    12.8625
  34560.00    13.3701
  34570.00    13.1765
  34580.00    13.0911
  34590.00    13.2495
  34600.00    12.4511
  34610.00    13.0028
  34620.00    12.9167
  34630.00    13.4470
  34640.00    13.3941
  34650.00    13.2532
  34660.00    13.5922
  34670.00    13.1041
  34680.00    12.8733
  34690.00    12.9723
  34700.00    13.5627
  34710.00    13.1073
  34720.00    13.3499
  34730.00    13.5357
  34740.00    12.8869
  34750.00    13.2682
  34760.00    12.8588
  34770.00    13.0521
  34780.00    13.4091
  34790.00    12.9993
  34800.00    13.1829
  34810.00    13.1054
  34820.00    12.9196
  34830.00    13.1835
  34840.00    12.8990
  34850.00    13.4369
  34860.00    12.8413
  34870.00    12.8184
  34880.00    13.3398
  34890.00    12.9445
  34900.00    13.3671
  34910.00    13.0585
  34920.00    13.3363
  34930.00    13.5714
  34940.00    13.0247
  34950.00    13.1667
  34960.00    12.8756
  34970.00    13.4892
  34980.00    13.4392
  34990.00    12.9507
  35000.00    13.0088
  35010.00    13.1822
  35020.00    13.6384
  35030.00    13.1542
  35040.00    12.9197
  35050.00    13.1018
  35060.00    12.9161
  35070.00    12.9405
  35080.00    13.3909
  35090.00    13.3466
  35100.00    13.1261
  35110.00    12.7564
  35120.00    12.9850
  35130.00    13.5896
  35140.00    13.0529
  35150.00    13.5009
  35160.00    12.9615
  35170.00    12.8546
  35180.00    13.4055
  35190.00    13.4519
  35200.00    12.9886
  35210.00    12.7826
  35220.00    12.4315
  35230.00    13.3657
  35240.00    13.2445
  35250.00    13.2706
  35260.00    12.9755
  35270.00    13.3538
  35280.00    13.1548
  35290.00    12.7379
  35300.00    13.4663
  35310.00    12.5641
  35320.00    12.9243
  35330.00    13.2252
  35340.00    13.0715
  35350.00    12.9963
  35360.00    13.0737
  35370.00    13.2618
  35380.00    13.2254
  35390.00    12.6338
  35400.00    13.1622
  35410.00    12.7831
  35420.00    12.4957
  35430.00    13.3009
  35440.00    12.4092
  35450.00    13.1843
  35460.00    13.2181
  35470.00    13.0415
  35480.00    12.8758
  35490.00    13.3324
  35500.00    12.9583
  35510.00    13.3931
  35520.00    13.1137
  35530.00    12.7001
  35540.00    13.3132
  35550.00    13.6478
  35560.00    13.2800
  35570.00    12.7530
  35580.00    12.7402
  35590.00    13.1642
  35600.00    12.5215
  35610.00    13.2858
  35620.00    13.6812
  35630.00    12.7546
  35640.00    13.3168
  35650.00    13.3275
  35660.00    12.9965
  35670.00    13.2679
  35680.00    14.0575
  35690.00    12.9881
  35700.00    13.8671
  35710.00    13.1106
  35720.00    12.9631
  35730.00    13.1049
  35740.00    13.4728
  35750.00    13.2775
  35760.00    12.9103
  35770.00    13.1814
  35780.00    13.1713
  35790.00    13.4568
  35800.00    12.6099
  35810.00    13.0149
  35820.00    13.0575
  35830.00    13.5416
  35840.00    13.3042
  35850.00    13.0719
  35860.00    13.3978
  35870.00    12.9404
  35880.00    13.5175
  35890.00    13.3462
  35900.00    12.6363
  35910.00    12.9927
  35920.00    13.4898
  35930.00    13.2236
  35940.00    13.4038
  35950.00    12.6872
  35960.00    13.4424
  35970.00    13.2711
  35980.00    12.9362
  35990.00    12.7545
  36000.00    13.2901
  36010.00    13.3870
  36020.00    13.3652
  36030.00    12.8452
  36040.00    13.4015
  36050.00    13.0818
  36060.00    13.1307
  36070.00    12.9230
  36080.00    12.8760
  36090.00    13.2466
  36100.00    13.4282
  36110.00    13.2648
  36120.00    12.8350
  36130.00    13.4020
  36140.00    13.1255
  36150.00    13.0487
  36160.00    12.9769
  36170.00    13.1803
  36180.00    12.8678
  36190.00    12.1452
  36200.00    12.8230
  36210.00    13.0666
  36220.00    12.8709
  36230.00    13.3861
  36240.00    13.3066
  36250.00    12.8591
  36260.00    13.0077
  36270.00    13.4501
  36280.00    12.8408
  36290.00    12.7380
  36300.00    12.8654
  36310.00    13.3267
  36320.00    12.6273
  36330.00    13.4849
  36340.00    13.5898
  36350.00    13.3305
  36360.00    13.0658
  36370.00    12.4738
  36380.00    12.9035
  36390.00    12.6031
  36400.00    13.0418
  36410.00    12.5102
  36420.00    12.8421
  36430.00    13.3525
  36440.00    13.5364
  36450.00    13.5702
  36460.00    13.1039
  36470.00    13.2184
  36480.00    13.5386
  36490.00    13.1132
  36500.00    13.4924
  36510.00    12.9733
  36520.00    13.4729
  36530.00    13.3484
  36540.00    13.7031
  36550.00    12.9440
  36560.00    13.5464
  36570.00    13.4549
  36580.00    13.3305
  36590.00    13.0451
  36600.00    12.9346
  36610.00    13.4150
  36620.00    13.0757
  36630.00    13.0726
  36640.00    12.9082
  36650.00    12.9651
  36660.00    13.2449
  36670.00    13.2201
  36680.00    13.3982
  36690.00    13.0335
  36700.00    12.7302
  36710.00    12.7213
  36720.00    13.2232
  36730.00    12.9312
  36740.00    13.6880
  36750.00    12.8317
  36760.00    13.3216
  36770.00    13.3064
  36780.00    13.1389
  36790.00    12.7842
  36800.00    12.6836
  36810.00    13.0496
  36820.00    12.9632
  36830.00    12.9881
  36840.00    13.0769
  36850.00    13.0623
  36860.00    13.1093
  36870.00    12.8624
  36880.00    13.7223
  36890.00    13.1138
  36900.00    13.1613
  36910.00    13.0647
  36920.00    12.7123
  36930.00    13.1421
  36940.00    13.1373
  36950.00    13.0114
  36960.00    13.2632
  36970.00    12.7456
  36980.00    13.2101
  36990.00    13.2941
  37000.00    12.7806
  37010.00    13.2325
  37020.00    13.3245
  37030.00    12.7832
  37040.00    12.8421
  37050.00    12.7036
  37060.00    13.2717
  37070.00    12.9538
  37080.00    13.0828
  37090.00    12.9724
  37100.00    13.3844
  37110.00    12.7988
  37120.00    13.3739
  37130.00    12.8162
  37140.00    12.9245
  37150.00    12.7790
  37160.00    12.9151
  37170.00    13.1227
  37180.00    12.7325
  37190.00    13.0877
  37200.00    13.0605
  37210.00    12.9063
  37220.00    12.8558
  37230.00    13.0987
  37240.00    13.0953
  37250.00    13.0389
  37260.00    13.1133
  37270.00    13.6536
  37280.00    13.4295
  37290.00    13.1689
  37300.00    12.9171
  37310.00    13.2628
  37320.00    13.1648
  37330.00    13.0605
  37340.00    13.3162
  37350.00    13.0698
  37360.00    13.0079
  37370.00    13.6137
  37380.00    13.3504
  37390.00    12.8768
  37400.00    13.6440
  37410.00    13.0455
  37420.00    13.5981
  37430.00    13.5103
  37440.00    13.2991
  37450.00    13.1695
  37460.00    13.2539
  37470.00    13.1516
  37480.00    13.0945
  37490.00    13.2799
  37500.00    13.0616
  37510.00    12.8351
  37520.00    13.4119
  37530.00    13.0286
  37540.00    13.0124
  37550.00    13.3418
  37560.00    13.6242
  37570.00    13.2012
  37580.00    13.1732
  37590.00    13.0050
  37600.00    13.5148
  37610.00    12.9625
  37620.00    12.9133
  37630.00    13.4733
  37640.00    13.3593
  37650.00    13.1436
  37660.00    12.6332
  37670.00    12.7223
  37680.00    13.3047
  37690.00    12.7481
  37700.00    11.9887
  37710.00    12.7581
  37720.00    13.3703
  37730.00    12.7133
  37740.00    13.0321
  37750.00    12.4429
  37760.00    12.6228
  37770.00    13.4354
  37780.00    13.3776
  37790.00    13.5853
  37800.00    12.9378
  37810.00    13.3409
  37820.00    13.2573
  37830.00    13.1899
  37840.00    13.0554
  37850.00    12.8015
  37860.00    13.5812
  37870.00    13.3689
  37880.00    13.1203
  37890.00    13.1855
  37900.00    12.8606
  37910.00    12.8127
  37920.00    12.9267
  37930.00    13.0753
  37940.00    12.3527
  37950.00    12.7069
  37960.00    13.0428
  37970.00    12.9055
  37980.00    12.8140
  37990.00    12.9543
  38000.00    13.3635
  38010.00    13.0565
  38020.00    13.3370
  38030.00    12.9355
  38040.00    13.1732
  38050.00    12.5567
  38060.00    13.0483
  38070.00    12.9084
  38080.00    12.7772
  38090.00    12.2412
  38100.00    13.3727
  38110.00    12.4824
  38120.00    12.7640
  38130.00    13.1525
  38140.00    12.5595
  38150.00    13.0507
  38160.00    12.9800
  38170.00    12.8347
  38180.00    13.0433
  38190.00    12.9010
  38200.00    13.1338
  38210.00    13.1482
  38220.00    13.1985
  38230.00    12.9828
  38240.00    13.5405
  38250.00    13.5100
  38260.00    13.2772
  38270.00    13.0826
  38280.00    13.0048
  38290.00    13.0817
  38300.00    13.2070
  38310.00    13.4342
  38320.00    13.3220
  38330.00    12.5811
  38340.00    13.4386
  38350.00    12.9928
  38360.00    13.3379
  38370.00    13.7209
  38380.00    13.0128
  38390.00    13.1762
  38400.00    13.5820
  38410.00    13.5402
  38420.00    13.1403
  38430.00    12.9919
  38440.00    13.2100
  38450.00    13.4039
  38460.00    13.0598
  38470.00    12.7864
  38480.00    13.4010
  38490.00    12.9270
  38500.00    13.0368
  38510.00    12.9070
  38520.00    12.9637
  38530.00    12.7843
  38540.00    13.4565
  38550.00    12.7685
  38560.00    13.0869
  38570.00    13.1023
  38580.00    13.0556
  38590.00    13.5882
  38600.00    13.4056
  38610.00    13.1277
  38620.00    12.9870
  38630.00    12.9005
  38640.00    13.0756
  38650.00    12.9300
  38660.00    13.1185
  38670.00    12.5011
  38680.00    13.0975
  38690.00    13.4080
  38700.00    12.3503
  38710.00    13.1683
  38720.00    13.1087
  38730.00    13.1358
  38740.00    12.9854
  38750.00    13.2759
  38760.00    13.5237
  38770.00    13.1815
  38780.00    13.0538
  38790.00    13.1331
  38800.00    13.0781
  38810.00    13.0925
  38820.00    13.0350
  38830.00    13.2424
  38840.00    13.3887
  38850.00    12.8728
  38860.00    12.9522
  38870.00    12.8192
  38880.00    13.1174
  38890.00    12.6909
  38900.00    13.3560
  38910.00    13.4532
  38920.00    13.3929
  38930.00    13.2911
  38940.00    13.1885
  38950.00    13.4209
  38960.00    12.8970
  38970.00    13.0239
  38980.00    13.3030
  38990.00    13.5230
  39000.00    13.3726
  39010.00    12.6081
  39020.00    13.2180
  39030.00    13.5918
  39040.00    13.3707
  39050.00    13.2435
  39060.00    13.1024
  39070.00    12.9642
  39080.00    12.7778
  39090.00    13.1867
  39100.00    12.7385
  39110.00    13.1420
  39120.00    12.9236
  39130.00    13.3074
  39140.00    13.1059
  39150.00    13.1064
  39160.00    13.3205
  39170.00    12.7170
  39180.00    12.8850
  39190.00    12.8280
  39200.00    12.8138
  39210.00    13.6332
  39220.00    13.1614
  39230.00    13.2642
  39240.00    13.4977
  39250.00    12.9718
  39260.00    13.5340
  39270.00    13.4759
  39280.00    12.7555
  39290.00    12.7772
  39300.00    13.0335
  39310.00    13.1202
  39320.00    13.2674
  39330.00    12.9142
  39340.00    13.1549
  39350.00    13.0453
  39360.00    13.2640
  39370.00    13.4674
  39380.00    13.3958
  39390.00    12.9856
  39400.00    13.4272
  39410.00    13.3331
  39420.00    13.1780
  39430.00    13.1724
  39440.00    13.0677
  39450.00    13.2138
  39460.00    12.8302
  39470.00    13.1047
  39480.00    12.9129
  39490.00    13.0555
  39500.00    13.4820
  39510.00    13.1009
  39520.00    12.8253
  39530.00    13.2118
  39540.00    13.3401
  39550.00    13.5150
  39560.00    13.1491
  39570.00    13.6283
  39580.00    12.8247
  39590.00    13.1711
  39600.00    13.0708
  39610.00    12.8274
  39620.00    12.7195
  39630.00    12.8477
  39640.00    12.6787
  39650.00    12.9913
  39660.00    13.4375
  39670.00    12.9179
  39680.00    12.5623
  39690.00    13.0582
  39700.00    13.2822
  39710.00    13.4541
  39720.00    13.1602
  39730.00    12.8671
  39740.00    13.1356
  39750.00    13.0805
  39760.00    13.0983
  39770.00    12.9767
  39780.00    13.0025
  39790.00    12.9423
  39800.00    12.7975
  39810.00    13.1304
  39820.00    12.6368
  39830.00    13.2970
  39840.00    12.3071
  39850.00    12.6388
  39860.00    13.1077
  39870.00    12.7117
  39880.00    13.5369
  39890.00    13.1659
  39900.00    13.2477
  39910.00    13.2914
  39920.00    12.8624
  39930.00    13.4341
  39940.00    12.9490
  39950.00    12.9499
  39960.00    13.0437
  39970.00    12.9517
  39980.00    13.0933
  39990.00    12.2740
  40000.00    12.8474
  40010.00    12.9030
  40020.00    13.1573
  40030.00    12.7680
  40040.00    13.4262
  40050.00    13.1868
  40060.00    13.3750
  40070.00    13.0309
  40080.00    12.8263
  40090.00    12.9509
  40100.00    13.0849
  40110.00    12.7818
  40120.00    13.0558
  40130.00    12.7605
  40140.00    13.1806
  40150.00    13.2590
  40160.00    13.0298
  40170.00    13.3865
  40180.00    13.1872
  40190.00    13.2099
  40200.00    13.1128
  40210.00    12.9176
  40220.00    13.0897
  40230.00    13.4184
  40240.00    13.3668
  40250.00    12.9955
  40260.00    13.1822
  40270.00    13.3266
  40280.00    13.0247
  40290.00    13.2006
  40300.00    12.8834
  40310.00    12.9127
  40320.00    13.2984
  40330.00    12.9099
  40340.00    13.1446
  40350.00    13.4125
  40360.00    13.1696
  40370.00    13.5945
  40380.00    13.3241
  40390.00    12.5460
  40400.00    13.5605
  40410.00    13.6547
  40420.00    13.2432
  40430.00    12.9096
  40440.00    12.7289
  40450.00    12.8925
  40460.00    12.8937
  40470.00    13.3915
  40480.00    13.0804
  40490.00    13.0366
  40500.00    12.9020
  40510.00    12.8974
  40520.00    13.0885
  40530.00    12.8478
  40540.00    13.4290
  40550.00    12.8518
  40560.00    13.3382
  40570.00    12.9807
  40580.00    13.0192
  40590.00    12.9363
  40600.00    12.7946
  40610.00    12.6054
  40620.00    13.1705
  40630.00    12.9372
  40640.00    13.5125
  40650.00    13.1614
  40660.00    12.8986
  40670.00    12.8491
  40680.00    13.0285
  40690.00    13.1363
  40700.00    12.8178
  40710.00    12.7653
  40720.00    12.9890
  40730.00    12.9870
  40740.00    13.1027
  40750.00    13.1297
  40760.00    13.3546
  40770.00    12.5744
  40780.00    12.6654
  40790.00    13.0001
  40800.00    12.9210
  40810.00    12.8741
  40820.00    13.2879
  40830.00    13.1937
  40840.00    13.0516
  40850.00    13.0988
  40860.00    13.3000
  40870.00    13.4403
  40880.00    13.2223
  40890.00    13.5321
  40900.00    12.5242
  40910.00    13.4079
  40920.00    12.3904
  40930.00    12.8806
  40940.00    13.1058
  40950.00    13.1886
  40960.00    12.6539
  40970.00    13.4911
  40980.00    12.9922
  40990.00    12.7519
  41000.00    13.0690
  41010.00    12.9782
  41020.00    13.1547
  41030.00    13.6767
  41040.00    12.8972
  41050.00    13.5262
  41060.00    12.6433
  41070.00    13.3889
  41080.00    12.8948
  41090.00    13.1201
  41100.00    13.7850
  41110.00    13.0335
  41120.00    13.0674
  41130.00    13.0106
  41140.00    12.9967
  41150.00    13.0303
  41160.00    13.1786
  41170.00    12.9930
  41180.00    12.7391
  41190.00    13.1296
  41200.00    13.4903
  41210.00    13.4443
  41220.00    13.0127
  41230.00    13.2873
  41240.00    12.9503
  41250.00    13.3119
  41260.00    13.0644
  41270.00    13.5332
  41280.00    13.4670
  41290.00    13.4933
  41300.00    13.0130
  41310.00    12.8204
  41320.00    13.4968
  41330.00    13.0582
  41340.00    12.7853
  41350.00    13.3633
  41360.00    12.6697
  41370.00    13.1312
  41380.00    12.9762
  41390.00    13.2842
  41400.00    12.8065
  41410.00    12.8944
  41420.00    13.3249
  41430.00    12.7714
  41440.00    12.8974
  41450.00    13.0997
  41460.00    13.1741
  41470.00    12.6523
  41480.00    12.9858
  41490.00    12.9330
  41500.00    13.0123
  41510.00    12.9488
  41520.00    12.9717
  41530.00    13.1552
  41540.00    13.4793
  41550.00    13.2954
  41560.00    13.3884
  41570.00    13.2786
  41580.00    12.8565
  41590.00    12.9703
  41600.00    12.9485
  41610.00    12.9930
  41620.00    12.7312
  41630.00    13.4760
  41640.00    13.1371
  41650.00    13.1617
  41660.00    13.1766
  41670.00    12.9538
  41680.00    13.0670
  41690.00    13.1597
  41700.00    13.5487
  41710.00    12.9925
  41720.00    12.8584
  41730.00    13.0764
  41740.00    13.1314
  41750.00    13.2631
  41760.00    13.3547
  41770.00    12.7890
  41780.00    13.5130
  41790.00    13.3961
  41800.00    12.7375
  41810.00    12.7383
  41820.00    12.9386
  41830.00    12.9025
  41840.00    12.7208
  41850.00    13.5132
  41860.00    13.4423
  41870.00    13.2068
  41880.00    13.2915
  41890.00    12.9727
  41900.00    13.4513
  41910.00    13.2300
  41920.00    12.8864
  41930.00    13.2963
  41940.00    13.0350
  41950.00    13.0784
  41960.00    13.2450
  41970.00    13.0564
  41980.00    13.4946
  41990.00    13.1813
  42000.00    12.8531
  42010.00    13.1987
  42020.00    12.6063
  42030.00    13.1360
  42040.00    13.0983
  42050.00    13.4549
  42060.00    13.4305
  42070.00    13.6439
  42080.00    12.9033
  42090.00    13.3455
  42100.00    13.1374
  42110.00    12.7719
  42120.00    12.8580
  42130.00    12.5874
  42140.00    12.5250
  42150.00    12.8497
  42160.00    13.4039
  42170.00    13.7402
  42180.00    12.9937
  42190.00    13.5016
  42200.00    12.9671
  42210.00    13.1300
  42220.00    13.3260
  42230.00    12.9127
  42240.00    13.2956
  42250.00    13.1701
  42260.00    13.4199
  42270.00    13.1644
  42280.00    13.2143
  42290.00    13.2476
  42300.00    13.6506
  42310.00    13.2188
  42320.00    13.4022
  42330.00    13.0546
  42340.00    13.2313
  42350.00    13.3869
  42360.00    12.9777
  42370.00    12.5569
  42380.00    13.1644
  42390.00    13.4284
  42400.00    13.3525
  42410.00    12.7811
  42420.00    13.5083
  42430.00    12.9452
  42440.00    13.1018
  42450.00    13.0942
  42460.00    12.9910
  42470.00    13.3260
  42480.00    13.3323
  42490.00    13.6602
  42500.00    13.1335
  42510.00    13.3290
  42520.00    13.0783
  42530.00    13.0617
  42540.00    12.8166
  42550.00    13.3621
  42560.00    13.2488
  42570.00    13.4785
  42580.00    13.5479
  42590.00    13.5385
  42600.00    13.4537
  42610.00    13.1718
  42620.00    12.8256
  42630.00    13.1679
  42640.00    13.3461
  42650.00    12.8912
  42660.00    12.8647
  42670.00    13.2330
  42680.00    13.1775
  42690.00    13.2894
  42700.00    12.7884
  42710.00    13.3284
  42720.00    12.8346
  42730.00    12.8959
  42740.00    12.8764
  42750.00    13.2309
  42760.00    12.6878
  42770.00    12.9859
  42780.00    13.2276
  42790.00    12.8067
  42800.00    12.9413
  42810.00    13.0342
  42820.00    12.7808
  42830.00    12.9258
  42840.00    13.0976
  42850.00    13.3051
  42860.00    12.9503
  42870.00    13.0256
  42880.00    12.9811
  42890.00    13.2877
  42900.00    13.1156
  42910.00    12.8554
  42920.00    13.1328
  42930.00    12.6299
  42940.00    13.1250
  42950.00    12.9688
  42960.00    13.2377
  42970.00    13.1528
  42980.00    13.1459
  42990.00    13.0860
  43000.00    12.9674
  43010.00    13.4350
  43020.00    12.8860
  43030.00    13.0046
  43040.00    12.6536
  43050.00    13.3107
  43060.00    13.4655
  43070.00    13.0640
  43080.00    13.3570
  43090.00    13.0508
  43100.00    13.3568
  43110.00    12.7802
  43120.00    13.0552
  43130.00    13.1847
  43140.00    13.4168
  43150.00    13.2251
  43160.00    12.8799
  43170.00    12.9010
  43180.00    13.2811
  43190.00    13.4798
  43200.00    13.1472
  43210.00    12.6978
  43220.00    12.8642
  43230.00    13.1165
  43240.00    13.1579
  43250.00    13.0546
  43260.00    13.9108
  43270.00    13.5046
  43280.00    13.2581
  43290.00    12.9073
  43300.00    12.6239
  43310.00    13.5422
  43320.00    13.7490
  43330.00    12.9331
  43340.00    13.2106
  43350.00    13.1441
  43360.00    12.8262
  43370.00    13.4441
  43380.00    12.9769
  43390.00    13.3630
  43400.00    12.9269
  43410.00    13.3030
  43420.00    12.8643
  43430.00    13.2812
  43440.00    13.3781
  43450.00    13.1241
  43460.00    13.3849
  43470.00    13.3099
  43480.00    13.7171
  43490.00    13.1255
  43500.00    13.1228
  43510.00    13.2313
  43520.00    13.3399
  43530.00    13.3406
  43540.00    12.6748
  43550.00    12.8333
  43560.00    13.3688
  43570.00    13.3809
  43580.00    13.6920
  43590.00    13.7121
  43600.00    13.2086
  43610.00    12.9243
  43620.00    13.2251
  43630.00    12.8736
  43640.00    13.0595
  43650.00    12.8227
  43660.00    13.0715
  43670.00    13.6626
  43680.00    13.2379
  43690.00    12.6527
  43700.00    13.1426
  43710.00    13.2310
  43720.00    13.1863
  43730.00    13.0866
  43740.00    12.8900
  43750.00    13.1731
  43760.00    13.1494
  43770.00    12.8169
  43780.00    13.3979
  43790.00    13.3560
  43800.00    13.2423
  43810.00    13.0581
  43820.00    12.4561
  43830.00    13.3766
  43840.00    13.0027
  43850.00    13.5416
  43860.00    12.8617
  43870.00    13.2270
  43880.00    13.0044
  43890.00    12.9241
  43900.00    12.7728
  43910.00    13.1505
  43920.00    12.7736
  43930.00    12.8068
  43940.00    12.8109
  43950.00    13.5023
  43960.00    13.2664
  43970.00    12.6524
  43980.00    13.1852
  43990.00    13.3767
  44000.00    12.8067
  44010.00    13.2654
  44020.00    13.4807
  44030.00    13.6465
  44040.00    12.4169
  44050.00    12.9602
  44060.00    13.1065
  44070.00    12.9119
  44080.00    12.9309
  44090.00    13.4794
  44100.00    13.0436
  44110.00    13.5421
  44120.00    13.1594
  44130.00    13.1482
  44140.00    12.8481
  44150.00    12.7899
  44160.00    13.1615
  44170.00    13.5250
  44180.00    13.0171
  44190.00    12.7419
  44200.00    13.3535
  44210.00    13.5432
  44220.00    13.1833
  44230.00    12.9670
  44240.00    13.3204
  44250.00    12.9024
  44260.00    12.6407
  44270.00    12.6835
  44280.00    13.2751
  44290.00    13.2778
  44300.00    13.1602
  44310.00    12.8225
  44320.00    12.7365
  44330.00    13.0003
  44340.00    12.8862
  44350.00    13.5992
  44360.00    13.3069
  44370.00    12.9824
  44380.00    13.4837
  44390.00    13.0019
  44400.00    12.9107
  44410.00    12.9406
  44420.00    12.8701
  44430.00    12.8021
  44440.00    13.6213
  44450.00    13.5303
  44460.00    12.7667
  44470.00    13.4582
  44480.00    13.1915
  44490.00    13.0209
  44500.00    12.9585
  44510.00    13.0709
  44520.00    13.1820
  44530.00    13.0539
  44540.00    13.1468
  44550.00    12.8303
  44560.00    13.0996
  44570.00    12.9445
  44580.00    13.0271
  44590.00    13.0557
  44600.00    13.1278
  44610.00    12.9385
  44620.00    12.9987
  44630.00    13.0686
  44640.00    12.7202
  44650.00    13.0387
  44660.00    12.7297
  44670.00    13.0458
  44680.00    13.2259
  44690.00    13.4231
  44700.00    13.4651
  44710.00    13.4025
  44720.00    12.9004
  44730.00    12.7867
  44740.00    13.1931
  44750.00    13.0028
  44760.00    13.2694
  44770.00    13.1878
  44780.00    12.7339
  44790.00    12.8424
  44800.00    13.1236
  44810.00    13.5820
  44820.00    13.4148
  44830.00    13.3870
  44840.00    13.4371
  44850.00    13.1390
  44860.00    13.0661
  44870.00    13.3446
  44880.00    12.6234
  44890.00    12.9373
  44900.00    12.8721
  44910.00    12.6875
  44920.00    13.0994
  44930.00    13.0835
  44940.00    13.0807
  44950.00    13.3264
  44960.00    13.1370
  44970.00    12.9054
  44980.00    12.9464
  44990.00    13.0102
  45000.00    13.2445
  45010.00    12.5290
  45020.00    12.7784
  45030.00    13.4375
  45040.00    12.8745
  45050.00    13.2338
  45060.00    12.9822
  45070.00    13.2829
  45080.00    12.6304
  45090.00    13.1477
  45100.00    13.2873
  45110.00    13.0035
  45120.00    12.7603
  45130.00    12.9458
  45140.00    12.8051
  45150.00    13.0146
  45160.00    12.9223
  45170.00    12.9091
  45180.00    13.0836
  45190.00    13.4312
  45200.00    13.4457
  45210.00    12.6512
  45220.00    13.0762
  45230.00    12.6427
  45240.00    13.0488
  45250.00    13.1079
  45260.00    12.7524
  45270.00    13.4920
  45280.00    13.4494
  45290.00    13.4797
  45300.00    12.8792
  45310.00    13.2087
  45320.00    13.1453
  45330.00    13.6208
  45340.00    12.6802
  45350.00    12.6476
  45360.00    13.2962
  45370.00    12.9799
  45380.00    12.8550
  45390.00    13.4754
  45400.00    13.1213
  45410.00    13.1461
  45420.00    13.3219
  45430.00    12.7418
  45440.00    12.9853
  45450.00    12.7794
  45460.00    13.3562
  45470.00    13.0717
  45480.00    12.9806
  45490.00    13.0314
  45500.00    13.1929
  45510.00    13.0806
  45520.00    12.8792
  45530.00    12.8829
  45540.00    12.7249
  45550.00    12.9221
  45560.00    13.0688
  45570.00    12.9866
  45580.00    13.1694
  45590.00    13.0778
  45600.00    12.8863
  45610.00    13.2801
  45620.00    13.0066
  45630.00    13.2314
  45640.00    13.5790
  45650.00    12.9058
  45660.00    13.0293
  45670.00    13.4540
  45680.00    12.7437
  45690.00    13.3202
  45700.00    13.2953
  45710.00    13.2864
  45720.00    13.1645
  45730.00    12.8050
  45740.00    12.8365
  45750.00    13.0755
  45760.00    13.5030
  45770.00    13.2672
  45780.00    13.2354
  45790.00    13.1047
  45800.00    12.8678
  45810.00    13.1849
  45820.00    12.9637
  45830.00    13.3315
  45840.00    13.2951
  45850.00    13.3478
  45860.00    12.8525
  45870.00    13.0184
  45880.00    12.8618
  45890.00    13.1105
  45900.00    12.8970
  45910.00    12.8450
  45920.00    12.5750
  45930.00    13.0981
  45940.00    12.8506
  45950.00    13.1086
  45960.00    13.3554
  45970.00    13.0070
  45980.00    12.9055
  45990.00    12.9232
  46000.00    13.2944
  46010.00    13.5399
  46020.00    13.4364
  46030.00    13.0153
  46040.00    12.8848
  46050.00    12.8170
  46060.00    13.6209
  46070.00    12.9535
  46080.00    13.3832
  46090.00    13.1516
  46100.00    13.0801
  46110.00    12.8713
  46120.00    12.6821
  46130.00    13.2180
  46140.00    12.6249
  46150.00    13.2714
  46160.00    13.5309
  46170.00    12.8915
  46180.00    12.8280
  46190.00    12.9498
  46200.00    13.3827
  46210.00    12.9245
  46220.00    12.7909
  46230.00    13.2063
  46240.00    13.1410
  46250.00    13.0863
  46260.00    13.4653
  46270.00    13.0494
  46280.00    12.4097
  46290.00    13.1839
  46300.00    13.1105
  46310.00    13.3152
  46320.00    12.9309
  46330.00    13.0028
  46340.00    13.2263
  46350.00    13.1144
  46360.00    12.9691
  46370.00    13.2261
  46380.00    13.1569
  46390.00    13.1595
  46400.00    13.1475
  46410.00    13.2771
  46420.00    13.3807
  46430.00    13.7808
  46440.00    12.7265
  46450.00    13.1147
  46460.00    12.9703
  46470.00    12.9988
  46480.00    13.0583
  46490.00    12.9195
  46500.00    13.1670
  46510.00    12.8946
  46520.00    12.8941
  46530.00    13.1025
  46540.00    13.0295
  46550.00    12.7776
  46560.00    13.6019
  46570.00    13.5346
  46580.00    13.1782
  46590.00    13.1511
  46600.00    13.3743
  46610.00    13.2732
  46620.00    13.2376
  46630.00    13.3892
  46640.00    13.1792
  46650.00    13.9805
  46660.00    13.5381
  46670.00    13.3267
  46680.00    13.4672
  46690.00    13.4939
  46700.00    12.9359
  46710.00    12.7793
  46720.00    13.2077
  46730.00    13.2296
  46740.00    13.1619
  46750.00    12.8804
  46760.00    12.7693
  46770.00    12.6881
  46780.00    13.1295
  46790.00    12.9918
  46800.00    13.4196
  46810.00    12.3871
  46820.00    13.1437
  46830.00    12.9851
  46840.00    12.8617
  46850.00    13.3399
  46860.00    13.5931
  46870.00    13.5629
  46880.00    12.5888
  46890.00    13.4387
  46900.00    13.2964
  46910.00    13.2906
  46920.00    13.0179
  46930.00    13.6039
  46940.00    13.0791
  46950.00    13.4195
  46960.00    12.8303
  46970.00    13.6324
  46980.00    13.1786
  46990.00    13.3459
  47000.00    13.1806
  47010.00    13.3315
  47020.00    12.8773
  47030.00    12.8235
  47040.00    12.8261
  47050.00    13.2068
  47060.00    13.0567
  47070.00    13.1061
  47080.00    13.3831
  47090.00    12.9047
  47100.00    13.4202
  47110.00    13.5874
  47120.00    13.3914
  47130.00    14.1584
  47140.00    13.7784
  47150.00    13.2427
  47160.00    13.1921
  47170.00    13.3274
  47180.00    12.7931
  47190.00    13.2361
  47200.00    13.0502
  47210.00    13.2000
  47220.00    12.9178
  47230.00    13.1964
  47240.00    13.0515
  47250.00    12.6508
  47260.00    12.9476
  47270.00    13.0525
  47280.00    13.1757
  47290.00    12.9276
  47300.00    13.0740
  47310.00    13.1860
  47320.00    13.0362
  47330.00    12.9981
  47340.00    12.7881
  47350.00    12.7019
  47360.00    13.1357
  47370.00    12.8266
  47380.00    12.8464
  47390.00    13.2560
  47400.00    12.9669
  47410.00    13.1173
  47420.00    13.1254
  47430.00    13.1090
  47440.00    13.3576
  47450.00    13.2445
  47460.00    12.9617
  47470.00    13.1076
  47480.00    13.1474
  47490.00    12.7239
  47500.00    13.3825
  47510.00    13.4843
  47520.00    12.9148
  47530.00    13.4217
  47540.00    13.2508
  47550.00    13.6216
  47560.00    13.3315
  47570.00    13.6043
  47580.00    13.1000
  47590.00    13.1785
  47600.00    12.7010
  47610.00    12.4944
  47620.00    12.8326
  47630.00    13.2294
  47640.00    13.2389
  47650.00    13.1768
  47660.00    13.2073
  47670.00    13.1553
  47680.00    12.6307
  47690.00    13.0748
  47700.00    12.6156
  47710.00    12.7428
  47720.00    13.2934
  47730.00    13.7745
  47740.00    12.6275
  47750.00    12.8591
  47760.00    12.7319
  47770.00    13.3473
  47780.00    13.3581
  47790.00    12.8881
  47800.00    12.7780
  47810.00    12.8705
  47820.00    12.6993
  47830.00    13.0835
  47840.00    13.4428
  47850.00    12.9917
  47860.00    12.8796
  47870.00    12.9195
  47880.00    12.9226
  47890.00    12.7540
  47900.00    12.8283
  47910.00    12.8431
  47920.00    12.6837
  47930.00    13.1765
  47940.00    12.8202
  47950.00    13.2345
  47960.00    12.8930
  47970.00    12.6567
  47980.00    13.2770
  47990.00    13.2560
  48000.00    13.0301
  48010.00    13.3455
  48020.00    12.9294
  48030.00    12.3931
  48040.00    12.9199
  48050.00    12.8685
  48060.00    13.1643
  48070.00    12.8545
  48080.00    13.2355
  48090.00    12.7310
  48100.00    12.7686
  48110.00    13.0792
  48120.00    12.7826
  48130.00    12.7275
  48140.00    13.0596
  48150.00    12.9336
  48160.00    12.6827
  48170.00    13.1450
  48180.00    12.5326
  48190.00    12.7497
  48200.00    13.1452
  48210.00    12.8494
  48220.00    13.1246
  48230.00    13.0082
  48240.00    12.6333
  48250.00    13.2416
  48260.00    12.9261
  48270.00    13.2666
  48280.00    13.2506
  48290.00    12.9475
  48300.00    12.8859
  48310.00    13.2344
  48320.00    12.3340
  48330.00    13.1163
  48340.00    12.8960
  48350.00    13.0123
  48360.00    13.4211
  48370.00    12.7767
  48380.00    13.3772
  48390.00    12.7648
  48400.00    13.1122
  48410.00    12.7631
  48420.00    13.1428
  48430.00    12.7134
  48440.00    12.9268
  48450.00    12.9470
  48460.00    12.9275
  48470.00    12.8503
  48480.00    13.3385
  48490.00    12.8351
  48500.00    13.0158
  48510.00    13.0526
  48520.00    13.0684
  48530.00    12.9499
  48540.00    13.1657
  48550.00    12.9014
  48560.00    12.9990
  48570.00    12.4745
  48580.00    12.8592
  48590.00    13.0946
  48600.00    13.5217
  48610.00    13.2253
  48620.00    13.1497
  48630.00    13.2182
  48640.00    13.5695
  48650.00    13.3810
  48660.00    13.3651
  48670.00    13.1497
  48680.00    13.2868
  48690.00    13.1008
  48700.00    13.0605
  48710.00    13.8126
  48720.00    13.4382
  48730.00    12.8581
  48740.00    12.7810
  48750.00    12.8582
  48760.00    12.3924
  48770.00    13.0759
  48780.00    13.1564
  48790.00    13.1615
  48800.00    12.9742
  48810.00    12.7608
  48820.00    12.9647
  48830.00    13.6012
  48840.00    12.5473
  48850.00    12.8135
  48860.00    12.5849
  48870.00    12.6872
  48880.00    12.6914
  48890.00    13.3732
  48900.00    13.0699
  48910.00    13.3241
  48920.00    13.1132
  48930.00    13.1735
  48940.00    12.6710
  48950.00    13.4693
  48960.00    13.2321
  48970.00    12.7212
  48980.00    12.2189
  48990.00    13.0292
  49000.00    13.1945
  49010.00    12.9748
  49020.00    12.6601
  49030.00    13.0183
  49040.00    12.9204
  49050.00    13.0692
  49060.00    12.6677
  49070.00    12.5631
  49080.00    13.3736
  49090.00    13.0169
  49100.00    12.7061
  49110.00    13.4780
  49120.00    13.5260
  49130.00    13.4301
  49140.00    13.4124
  49150.00    13.3570
  49160.00    13.0873
  49170.00    13.3302
  49180.00    13.0363
  49190.00    13.1983
  49200.00    12.9360
  49210.00    13.0847
  49220.00    13.4901
  49230.00    13.3470
  49240.00    13.1687
  49250.00    13.0755
  49260.00    13.7798
  49270.00    12.9537
  49280.00    12.7455
  49290.00    12.6788
  49300.00    13.2982
  49310.00    13.1936
  49320.00    12.9129
  49330.00    13.1290
  49340.00    13.0286
  49350.00    12.8834
  49360.00    13.3437
  49370.00    13.5707
  49380.00    12.9728
  49390.00    13.7112
  49400.00    13.3860
  49410.00    12.8988
  49420.00    12.7421
  49430.00    13.1651
  49440.00    13.1545
  49450.00    12.6695
  49460.00    13.2679
  49470.00    13.4633
  49480.00    12.9323
  49490.00    13.3784
  49500.00    13.2616
  49510.00    13.2682
  49520.00    13.5806
  49530.00    13.0877
  49540.00    12.7956
  49550.00    12.8183
  49560.00    13.1013
  49570.00    13.3783
  49580.00    12.7007
  49590.00    13.3127
  49600.00    13.2624
  49610.00    12.8664
  49620.00    12.9502
  49630.00    13.3987
  49640.00    13.1753
  49650.00    13.0653
  49660.00    12.8226
  49670.00    13.1406
  49680.00    13.3267
  49690.00    13.3109
  49700.00    13.7383
  49710.00    12.5822
  49720.00    13.2698
  49730.00    12.8942
  49740.00    13.2999
  49750.00    12.5681
  49760.00    13.0427
  49770.00    12.9081
  49780.00    13.2065
  49790.00    13.2022
  49800.00    13.1371
  49810.00    13.4747
  49820.00    13.7297
  49830.00    13.2650
  49840.00    13.4722
  49850.00    12.4744
  49860.00    12.9402
  49870.00    13.1584
  49880.00    13.2993
  49890.00    13.1770
  49900.00    12.7099
  49910.00    12.6207
  49920.00    13.3136
  49930.00    12.9049
  49940.00    12.8602
  49950.00    12.8378
  49960.00    13.1323
  49970.00    12.8367
  49980.00    13.0105
  49990.00    13.0640
  50000.00    13.0072
