     10.00    23.0294
     20.00    22.7084
     30.00    22.3704
     40.00    23.0707
     50.00    22.6638
     60.00    23.3492
     70.00    23.1887
     80.00    22.8692
     90.00    23.1938
    100.00    23.0228
    110.00    22.5853
    120.00    22.9367
    130.00    22.9351
    140.00    23.0149
    150.00    23.0463
    160.00    22.6310
    170.00    22.8187
    180.00    23.3633
    190.00    22.8815
    200.00    22.7374
    210.00    23.5195
    220.00    23.3069
    230.00    22.8963
    240.00    22.9681
    250.00    22.8693
    260.00    23.2694
    270.00    22.7351
    280.00    22.1991
    290.00    22.7666
    300.00    23.5133
    310.00    23.2516
    320.00    23.1902
    330.00    23.1758
    340.00    22.9412
    350.00    23.0728
    360.00    23.4284
    370.00    23.1345
    380.00    22.9421
    390.00    22.6599
    400.00    22.8720
    410.00    22.3782
    420.00    23.3610
    430.00    23.0829
    440.00    22.9781
    450.00    23.1175
    460.00    22.7797
    470.00    22.9678
    480.00    22.7371
    490.00    22.6145
    500.00    23.2865
    510.00    22.6022
    520.00    22.0904
    530.00    23.3348
    540.00    23.2164
    550.00    23.1686
    560.00    23.3656
    570.00    22.7472
    580.00    22.9343
    590.00    23.7357
    600.00    23.4029
    610.00    23.3537
    620.00    22.8548
    630.00    22.9466
    640.00    22.6510
    650.00    22.8044
    660.00    22.8250
    670.00    22.8720
    680.00    23.0189
    690.00    23.5883
    700.00    23.0801
    710.00    22.9371
    720.00    22.9768
    730.00    22.7278
    740.00    22.8477
    750.00    22.8149
    760.00    22.9736
    770.00    23.3811
    780.00    22.7782
    790.00    22.6629
    800.00    22.8557
    810.00    23.0113
    820.00    23.2638
    830.00    23.2681
    840.00    22.9266
    850.00    22.9609
    860.00    22.9203
    870.00    22.7366
    880.00    23.1111
    890.00    23.1781
    900.00    22.8766
    910.00    23.1884
    920.00    22.7609
    930.00    22.4548
    940.00    23.0298
    950.00    23.0099
    960.00    23.2536
    970.00    23.0545
    980.00    22.7062
    990.00    23.0270
   1000.00    23.1652
   1010.00    22.9882
   1020.00    22.9460
   1030.00    22.9826
   1040.00    22.6673
   1050.00    23.4222
   1060.00    23.1771
   1070.00    22.4931
   1080.00    23.1701
   1090.00    23.0475
   1100.00    22.9423
   1110.00    22.7551
   1120.00    23.2600
   1130.00    23.2500
   1140.00    23.1768
   1150.00    23.1535
   1160.00    23.5380
   1170.00    23.1429
   1180.00    23.5386
   1190.00    22.7955
   1200.00    23.2080
   1210.00    23.0420
   1220.00    22.4129
   1230.00    22.9009
   1240.00    23.3962
   1250.00    22.9316
   1260.00    23.0840
   1270.00    23.4314
   1280.00    22.6420
   1290.00    23.0264
   1300.00    23.3766
   1310.00    23.2673
   1320.00    22.7748
   1330.00    23.1030
   1340.00    23.4817
   1350.00    23.3641
   1360.00    22.9373
   1370.00    23.1888
   1380.00    23.0648
   1390.00    23.3734
   1400.00    23.4683
   1410.00    23.1742
   1420.00    22.9644
   1430.00    22.4676
   1440.00    22.9883
   1450.00    23.1348
   1460.00    23.0948
   1470.00    23.2368
   1480.00    23.0621
   1490.00    23.3180
   1500.00    23.1309
   1510.00    22.8559
   1520.00    23.3488
   1530.00    22.6177
   1540.00    23.2509
   1550.00    23.2422
   1560.00    23.3606
   1570.00    22.6954
   1580.00    23.0671
   1590.00    22.8737
   1600.00    22.9221
   1610.00    22.9775
   1620.00    23.0991
   1630.00    23.0831
   1640.00    23.0749
   1650.00    23.2935
   1660.00    22.8170
   1670.00    23.5405
   1680.00    23.3034
   1690.00    23.5757
   1700.00    22.9477
   1710.00    23.1029
   1720.00    23.4454
   1730.00    23.3815
   1740.00    22.5861
   1750.00    23.1098
   1760.00    23.1990
   1770.00    22.8122
   1780.00    23.0725
   1790.00    22.8458
   1800.00    23.5308
   1810.00    23.3011
   1820.00    23.0402
   1830.00    23.3457
   1840.00    23.2455
   1850.00    23.5230
   1860.00    23.3591
   1870.00    23.0677
   1880.00    23.2651
   1890.00    23.0161
   1900.00    23.2863
   1910.00    23.4917
   1920.00    22.9560
   1930.00    23.4400
   1940.00    22.8349
   1950.00    23.0777
   1960.00    22.8713
   1970.00    22.6285
   1980.00    23.0904
   1990.00    22.8946
   2000.00    23.0003
   2010.00    23.3571
   2020.00    22.9354
   2030.00    23.7800
   2040.00    23.0687
   2050.00    22.5138
   2060.00    23.0049
   2070.00    22.7433
   2080.00    23.3268
   2090.00    22.9220
   2100.00    22.7039
   2110.00    22.9562
   2120.00    22.4603
   2130.00    22.8048
   2140.00    23.1962
   2150.00    23.2908
   2160.00    23.1680
   2170.00    22.8281
   2180.00    23.1919
   2190.00    22.7286
   2200.00    23.0151
   2210.00    23.0295
   2220.00    23.0804
   2230.00    22.8656
   2240.00    22.8137
   2250.00    22.8558
   2260.00    22.8941
   2270.00    22.6179
   2280.00    22.6312
   2290.00    23.0005
   2300.00    23.5651
   2310.00    23.1116
   2320.00    22.9095
   2330.00    23.4036
   2340.00    22.9977
   2350.00    22.4408
   2360.00    22.6072
   2370.00    22.9678
   2380.00    22.8332
   2390.00    22.9501
   2400.00    23.0425
   2410.00    23.2493
   2420.00    22.9614
   2430.00    23.2857
   2440.00    23.1220
   2450.00    22.9068
   2460.00    22.8681
   2470.00    23.4470
   2480.00    22.8425
   2490.00    23.2951
   2500.00    22.5333
   2510.00    23.1848
   2520.00    23.1698
   2530.00    23.2000
   2540.00    22.6363
   2550.00    23.4626
   2560.00    22.9957
   2570.00    23.2191
   2580.00    22.7538
   2590.00    22.8575
   2600.00    22.9367
   2610.00    22.9866
   2620.00    22.8514
   2630.00    23.1866
   2640.00    22.7996
   2650.00    22.8340
   2660.00    22.7764
   2670.00    22.8300
   2680.00    23.1043
   2690.00    23.5930
   2700.00    23.1873
   2710.00    23.4100
   2720.00    23.4005
   2730.00    23.3876
   2740.00    23.2896
   2750.00    23.2337
   2760.00    23.2939
   2770.00    22.8667
   2780.00    22.8882
   2790.00    22.9554
   2800.00    22.8180
   2810.00    23.1679
   2820.00    22.8940
   2830.00    23.4770
   2840.00    22.9853
   2850.00    22.3390
   2860.00    23.2104
   2870.00    23.1633
   2880.00    23.2329
   2890.00    23.4682
   2900.00    22.7050
   2910.00    22.8273
   2920.00    22.8885
   2930.00    22.9560
   2940.00    23.0000
   2950.00    22.8883
   2960.00    23.0264
   2970.00    23.1795
   2980.00    23.0694
   2990.00    23.2709
   3000.00    23.0386
   3010.00    23.2246
   3020.00    22.8273
   3030.00    22.8686
   3040.00    22.9072
   3050.00    23.1989
   3060.00    23.2648
   3070.00    22.9997
   3080.00    22.7542
   3090.00    23.1546
   3100.00    22.4556
   3110.00    22.6816
   3120.00    22.6768
   3130.00    22.9931
   3140.00    22.9632
   3150.00    22.7518
   3160.00    22.7270
   3170.00    23.7092
   3180.00    22.9919
   3190.00    22.8337
   3200.00    22.7241
   3210.00    23.0331
   3220.00    22.5868
   3230.00    22.7550
   3240.00    23.5446
   3250.00    22.9411
   3260.00    23.1788
   3270.00    23.4149
   3280.00    22.9043
   3290.00    22.8698
   3300.00    23.6169
   3310.00    23.4146
   3320.00    22.8858
   3330.00    22.8074
   3340.00    23.5102
   3350.00    23.4930
   3360.00    23.0845
   3370.00    23.2467
   3380.00    22.8071
   3390.00    23.2335
   3400.00    22.7248
   3410.00    23.1072
   3420.00    23.0176
   3430.00    23.1507
   3440.00    22.9721
   3450.00    23.3241
   3460.00    23.2430
   3470.00    22.9419
   3480.00    23.1040
   3490.00    22.9403
   3500.00    22.9332
   3510.00    22.8655
   3520.00    22.9986
   3530.00    23.9153
   3540.00    23.1840
   3550.00    22.6367
   3560.00    22.9090
   3570.00    23.4273
   3580.00    22.7829
   3590.00    23.2769
   3600.00    22.6304
   3610.00    23.6666
   3620.00    22.3386
   3630.00    23.5565
   3640.00    23.7315
   3650.00    23.0401
   3660.00    22.9492
   3670.00    22.6506
   3680.00    22.9614
   3690.00    22.9750
   3700.00    22.4435
   3710.00    22.6382
   3720.00    22.6911
   3730.00    23.4297
   3740.00    23.4117
   3750.00    23.3380
   3760.00    23.1496
   3770.00    23.3091
   3780.00    23.2255
   3790.00    22.8938
   3800.00    23.3059
   3810.00    23.3251
   3820.00    23.0352
   3830.00    22.6315
   3840.00    23.2196
   3850.00    23.2041
   3860.00    23.0518
   3870.00    23.1283
   3880.00    22.9417
   3890.00    23.5642
   3900.00    23.1947
   3910.00    22.9262
   3920.00    23.1349
   3930.00    23.0921
   3940.00    23.5054
   3950.00    23.0012
   3960.00    23.0203
   3970.00    22.7141
   3980.00    23.0910
   3990.00    22.8521
   4000.00    22.7477
   4010.00    22.5724
   4020.00    22.9013
   4030.00    23.2349
   4040.00    23.2836
   4050.00    22.8985
   4060.00    22.8867
   4070.00    22.4710
   4080.00    23.5649
   4090.00    22.7064
   4100.00    23.1972
   4110.00    23.1952
   4120.00    22.9839
   4130.00    23.1368
   4140.00    23.1891
   4150.00    23.5079
   4160.00    22.9128
   4170.00    23.3238
   4180.00    22.8865
   4190.00    23.1207
   4200.00    23.4663
   4210.00    22.6439
   4220.00    23.1015
   4230.00    23.8266
   4240.00    23.2111
   4250.00    22.8706
   4260.00    23.2639
   4270.00    23.2280
   4280.00    23.2038
   4290.00    22.3731
   4300.00    23.2525
   4310.00    23.0251
   4320.00    23.2985
   4330.00    22.7059
   4340.00    23.0898
   4350.00    22.7351
   4360.00    23.3668
   4370.00    22.9785
   4380.00    23.3585
   4390.00    22.7545
   4400.00    23.1943
   4410.00    23.6209
   4420.00    22.6020
   4430.00    22.5907
   4440.00    22.9283
   4450.00    23.2044
   4460.00    23.5616
   4470.00    23.3353
   4480.00    22.4923
   4490.00    22.8029
   4500.00    23.0634
   4510.00    22.9673
   4520.00    23.0033
   4530.00    22.8080
   4540.00    23.1515
   4550.00    23.1519
   4560.00    23.1466
   4570.00    22.7615
   4580.00    23.5732
   4590.00    22.8853
   4600.00    22.9604
   4610.00    22.9795
   4620.00    23.1772
   4630.00    23.5010
   4640.00    23.1264
   4650.00    23.3340
   4660.00    22.8675
   4670.00    23.2998
   4680.00    23.1660
   4690.00    22.7883
   4700.00    23.0117
   4710.00    23.0649
   4720.00    23.1465
   4730.00    23.4527
   4740.00    22.6969
   4750.00    23.1411
   4760.00    22.8194
   4770.00    23.1064
   4780.00    23.1018
   4790.00    23.5107
   4800.00    23.1835
   4810.00    23.3594
   4820.00    23.2174
   4830.00    23.0121
   4840.00    23.0441
   4850.00    22.8060
   4860.00    23.1706
   4870.00    23.4083
   4880.00    23.2454
   4890.00    22.4365
   4900.00    23.0080
   4910.00    22.9257
   4920.00    23.0974
   4930.00    23.2004
   4940.00    22.7997
   4950.00    23.6497
   4960.00    23.2706
   4970.00    23.6050
   4980.00    22.8688
   4990.00    23.2769
   5000.00    23.1997
   5010.00    23.2973
   5020.00    23.3685
   5030.00    23.3631
   5040.00    22.9980
   5050.00    23.1715
   5060.00    22.8456
   5070.00    22.5919
   5080.00    22.8464
   5090.00    22.7284
   5100.00    23.3116
   5110.00    23.0323
   5120.00    23.0042
   5130.00    22.8894
   5140.00    23.2636
   5150.00    23.2173
   5160.00    23.4178
   5170.00    22.7539
   5180.00    23.0046
   5190.00    23.4943
   5200.00    23.3944
   5210.00    23.2357
   5220.00    23.3570
   5230.00    23.7807
   5240.00    22.8391
   5250.00    22.9799
   5260.00    23.5813
   5270.00    23.7145
   5280.00    23.0522
   5290.00    22.8342
   5300.00    22.8429
   5310.00    22.9658
   5320.00    23.2756
   5330.00    22.2897
   5340.00    23.3138
   5350.00    23.1492
   5360.00    22.5711
   5370.00    22.6294
   5380.00    22.9024
   5390.00    23.4030
   5400.00    23.4175
   5410.00    23.2496
   5420.00    23.1133
   5430.00    23.4699
   5440.00    22.7641
   5450.00    22.9882
   5460.00    22.9624
   5470.00    23.3656
   5480.00    23.0043
   5490.00    22.9568
   5500.00    22.9904
   5510.00    22.9655
   5520.00    23.4262
   5530.00    22.9172
   5540.00    22.9704
   5550.00    23.0136
   5560.00    22.7064
   5570.00    23.0791
   5580.00    22.9349
   5590.00    23.2110
   5600.00    22.8048
   5610.00    23.1190
   5620.00    23.5258
   5630.00    23.3501
   5640.00    23.4554
   5650.00    22.3160
   5660.00    22.9279
   5670.00    23.2086
   5680.00    22.9994
   5690.00    22.1916
   5700.00    22.7189
   5710.00    22.9156
   5720.00    22.7035
   5730.00    23.1076
   5740.00    23.4443
   5750.00    23.2284
   5760.00    22.6055
   5770.00    23.2300
   5780.00    23.2504
   5790.00    23.7029
   5800.00    23.3230
   5810.00    22.9494
   5820.00    22.9770
   5830.00    23.0350
   5840.00    23.1426
   5850.00    22.6585
   5860.00    22.8206
   5870.00    22.6885
   5880.00    23.2299
   5890.00    22.7157
   5900.00    22.9302
   5910.00    23.0414
   5920.00    23.7907
   5930.00    22.6433
   5940.00    22.8589
   5950.00    22.4622
   5960.00    22.7382
   5970.00    23.2013
   5980.00    22.9883
   5990.00    23.3305
   6000.00    23.1568
   6010.00    23.3255
   6020.00    22.9502
   6030.00    22.7361
   6040.00    22.9005
   6050.00    22.9726
   6060.00    22.8559
   6070.00    23.3605
   6080.00    22.6882
   6090.00    23.0574
   6100.00    22.6664
   6110.00    23.0393
   6120.00    22.8846
   6130.00    22.8236
   6140.00    22.9806
   6150.00    22.5391
   6160.00    23.1827
   6170.00    22.8265
   6180.00    23.0090
   6190.00    23.2499
   6200.00    23.2443
   6210.00    22.9230
   6220.00    23.0614
   6230.00    22.7696
   6240.00    23.0801
   6250.00    23.0385
   6260.00    22.8747
   6270.00    23.3366
   6280.00    23.1316
   6290.00    23.2600
   6300.00    22.7834
   6310.00    22.9936
   6320.00    23.2386
   6330.00    23.1827
   6340.00    23.3572
   6350.00    23.5039
   6360.00    22.8775
   6370.00    23.1327
   6380.00    23.0546
   6390.00    22.9569
   6400.00    22.7411
   6410.00    22.7247
   6420.00    22.9993
   6430.00    23.3575
   6440.00    23.3844
   6450.00    22.6342
   6460.00    23.4117
   6470.00    22.7948
   6480.00    22.8734
   6490.00    23.0275
   6500.00    23.2597
   6510.00    23.4808
   6520.00    23.0436
   6530.00    22.8563
   6540.00    22.7772
   6550.00    23.1010
   6560.00    22.9168
   6570.00    23.4067
   6580.00    22.3231
   6590.00    23.4514
   6600.00    22.7897
   6610.00    22.8137
   6620.00    23.1534
   6630.00    23.1332
   6640.00    22.9989
   6650.00    23.2620
   6660.00    22.7882
   6670.00    23.3084
   6680.00    22.5979
   6690.00    22.9178
   6700.00    23.0415
   6710.00    23.0808
   6720.00    22.7750
   6730.00    23.2701
   6740.00    23.1497
   6750.00    23.7486
   6760.00    23.5604
   6770.00    23.2460
   6780.00    23.1558
   6790.00    23.0248
   6800.00    23.0687
   6810.00    23.3904
   6820.00    23.3650
   6830.00    22.5823
   6840.00    23.1466
   6850.00    22.9929
   6860.00    23.3805
   6870.00    22.6140
   6880.00    23.4626
   6890.00    22.5602
   6900.00    22.5427
   6910.00    23.0710
   6920.00    23.2849
   6930.00    22.6723
   6940.00    23.6317
   6950.00    23.2119
   6960.00    23.0857
   6970.00    22.5754
   6980.00    22.7895
   6990.00    23.9172
   7000.00    22.7935
   7010.00    23.2726
   7020.00    23.3661
   7030.00    23.0699
   7040.00    22.5845
   7050.00    23.3364
   7060.00    22.7436
   7070.00    23.0249
   7080.00    23.4133
   7090.00    22.9340
   7100.00    23.1869
   7110.00    22.6524
   7120.00    24.1860
   7130.00    22.9530
   7140.00    23.3556
   7150.00    23.2238
   7160.00    23.2183
   7170.00    22.8637
   7180.00    23.1807
   7190.00    22.9351
   7200.00    22.9923
   7210.00    22.9381
   7220.00    22.8589
   7230.00    23.1747
   7240.00    22.4566
   7250.00    23.1724
   7260.00    22.9298
   7270.00    22.9322
   7280.00    23.0011
   7290.00    23.0366
   7300.00    22.7051
   7310.00    22.7958
   7320.00    23.4124
   7330.00    23.2512
   7340.00    22.4869
   7350.00    23.1795
   7360.00    23.2403
   7370.00    23.0904
   7380.00    22.9426
   7390.00    22.6221
   7400.00    22.9647
   7410.00    23.0555
   7420.00    23.1563
   7430.00    23.0098
   7440.00    22.8272
   7450.00    22.8463
   7460.00    23.0283
   7470.00    23.1113
   7480.00    22.6874
   7490.00    23.0465
   7500.00    23.7805
   7510.00    22.8966
   7520.00    23.1613
   7530.00    23.4802
   7540.00    23.1203
   7550.00    23.1097
   7560.00    23.1126
   7570.00    23.0364
   7580.00    22.8976
   7590.00    22.7140
   7600.00    23.0674
   7610.00    22.9909
   7620.00    23.4538
   7630.00    22.6317
   7640.00    22.8675
   7650.00    22.5038
   7660.00    23.1656
   7670.00    23.0229
   7680.00    22.6203
   7690.00    22.7635
   7700.00    23.3333
   7710.00    23.5277
   7720.00    23.3951
   7730.00    22.7081
   7740.00    22.6907
   7750.00    22.5846
   7760.00    23.1853
   7770.00    22.8984
   7780.00    23.1858
   7790.00    22.7894
   7800.00    22.7533
   7810.00    23.3492
   7820.00    23.1495
   7830.00    23.2319
   7840.00    23.1843
   7850.00    23.3178
   7860.00    23.0816
   7870.00    23.2596
   7880.00    23.3794
   7890.00    23.4143
   7900.00    22.9175
   7910.00    23.0598
   7920.00    22.6064
   7930.00    23.2545
   7940.00    23.0365
   7950.00    22.7643
   7960.00    23.0582
   7970.00    22.7511
   7980.00    23.4772
   7990.00    23.0775
   8000.00    23.4511
   8010.00    23.2756
   8020.00    23.5237
   8030.00    22.7935
   8040.00    22.9398
   8050.00    23.0915
   8060.00    23.4293
   8070.00    22.9076
   8080.00    23.1965
   8090.00    23.3100
   8100.00    23.1942
   8110.00    22.4419
   8120.00    23.1631
   8130.00    22.6720
   8140.00    22.5674
   8150.00    22.6388
   8160.00    23.0331
   8170.00    22.8437
   8180.00    22.4783
   8190.00    22.9441
   8200.00    23.5866
   8210.00    22.8640
   8220.00    23.0422
   8230.00    23.8848
   8240.00    22.9671
   8250.00    23.3514
   8260.00    23.6707
   8270.00    22.8971
   8280.00    22.6632
   8290.00    23.1507
   8300.00    23.2261
   8310.00    22.9851
   8320.00    22.9575
   8330.00    22.8257
   8340.00    22.8987
   8350.00    22.7801
   8360.00    23.1055
   8370.00    23.2915
   8380.00    23.0062
   8390.00    23.1062
   8400.00    22.7594
   8410.00    23.4900
   8420.00    22.9437
   8430.00    22.6784
   8440.00    22.8364
   8450.00    22.9657
   8460.00    23.0685
   8470.00    23.0828
   8480.00    23.0297
   8490.00    22.7572
   8500.00    23.6623
   8510.00    23.1550
   8520.00    22.9428
   8530.00    22.9035
   8540.00    22.8242
   8550.00    23.1252
   8560.00    22.7364
   8570.00    23.3757
   8580.00    23.4103
   8590.00    22.8681
   8600.00    23.0856
   8610.00    23.3300
   8620.00    22.8532
   8630.00    23.3604
   8640.00    22.5530
   8650.00    23.2904
   8660.00    23.4682
   8670.00    22.5350
   8680.00    23.0965
   8690.00    23.3572
   8700.00    22.6139
   8710.00    23.6365
   8720.00    23.0919
   8730.00    23.2049
   8740.00    23.0811
   8750.00    22.9209
   8760.00    22.9141
   8770.00    23.2047
   8780.00    22.4227
   8790.00    22.8521
   8800.00    22.8005
   8810.00    23.3683
   8820.00    22.7561
   8830.00    22.5327
   8840.00    23.1893
   8850.00    23.0322
   8860.00    22.7462
   8870.00    23.4878
   8880.00    23.3228
   8890.00    23.2691
   8900.00    23.1331
   8910.00    22.9661
   8920.00    23.1010
   8930.00    23.0883
   8940.00    22.9409
   8950.00    23.1171
   8960.00    22.9113
   8970.00    22.6225
   8980.00    23.0255
   8990.00    22.8417
   9000.00    23.0797
   9010.00    22.7515
   9020.00    22.8500
   9030.00    22.7453
   9040.00    23.2083
   9050.00    22.5209
   9060.00    22.9283
   9070.00    23.5339
   9080.00    23.1004
   9090.00    23.0045
   9100.00    23.0577
   9110.00    23.0957
   9120.00    22.9061
   9130.00    22.7771
   9140.00    22.9029
   9150.00    23.1767
   9160.00    23.0873
   9170.00    23.0422
   9180.00    22.5065
   9190.00    22.8651
   9200.00    23.3958
   9210.00    23.0555
   9220.00    23.1462
   9230.00    22.7527
   9240.00    22.8393
   9250.00    23.2859
   9260.00    23.2866
   9270.00    23.1886
   9280.00    23.1222
   9290.00    23.6679
   9300.00    22.9271
   9310.00    22.7740
   9320.00    23.2359
   9330.00    23.5365
   9340.00    23.1957
   9350.00    23.3065
   9360.00    22.9547
   9370.00    22.8258
   9380.00    23.3226
   9390.00    22.9710
   9400.00    23.0677
   9410.00    23.4208
   9420.00    23.0675
   9430.00    23.0068
   9440.00    23.0486
   9450.00    23.4940
   9460.00    22.8225
   9470.00    23.4029
   9480.00    23.1020
   9490.00    22.8386
   9500.00    22.9330
   9510.00    22.7040
   9520.00    22.8286
   9530.00    23.3846
   9540.00    23.0676
   9550.00    22.9990
   9560.00    23.5080
   9570.00    22.7039
   9580.00    23.1702
   9590.00    23.1405
   9600.00    23.2227
   9610.00    23.1416
   9620.00    22.7094
   9630.00    22.6042
   9640.00    22.5500
   9650.00    22.8767
   9660.00    23.0064
   9670.00    23.2377
   9680.00    23.3156
   9690.00    22.6909
   9700.00    22.5540
   9710.00    23.3354
   9720.00    23.0061
   9730.00    22.9137
   9740.00    22.6039
   9750.00    22.9758
   9760.00    23.2495
   9770.00    22.8550
   9780.00    23.4688
   9790.00    22.9346
   9800.00    22.7777
   9810.00    23.0969
   9820.00    23.1601
   9830.00    23.1738
   9840.00    22.3352
   9850.00    23.0833
   9860.00    23.0075
   9870.00    22.8725
   9880.00    22.9359
   9890.00    22.7272
   9900.00    22.5902
   9910.00    23.3723
   9920.00    23.1462
   9930.00    22.9262
   9940.00    22.6314
   9950.00    23.0226
   9960.00    22.9509
   9970.00    23.0309
   9980.00    22.7146
   9990.00    22.8750
  10000.00    22.8641
  10010.00    22.7181
  10020.00    22.6510
  10030.00    23.0060
  10040.00    22.5590
  10050.00    22.5515
  10060.00    22.6006
  10070.00    23.2843
  10080.00    22.6573
  10090.00    23.3861
  10100.00    23.0814
  10110.00    22.8997
  10120.00    23.0853
  10130.00    23.0148
  10140.00    23.2627
  10150.00    22.5968
  10160.00    23.1715
  10170.00    22.8975
  10180.00    23.4475
  10190.00    23.0573
  10200.00    23.1983
  10210.00    23.4146
  10220.00    22.9657
  10230.00    23.2301
  10240.00    23.0398
  10250.00    23.1432
  10260.00    22.7419
  10270.00    23.0855
  10280.00    22.6367
  10290.00    23.2951
  10300.00    22.7155
  10310.00    23.0379
  10320.00    22.8003
  10330.00    22.9010
  10340.00    22.7126
  10350.00    22.9889
  10360.00    23.3974
  10370.00    22.9125
  10380.00    23.0553
  10390.00    23.0265
  10400.00    23.6092
  10410.00    23.3113
  10420.00    22.6102
  10430.00    22.6732
  10440.00    22.7980
  10450.00    23.1235
  10460.00    22.9967
  10470.00    23.1192
  10480.00    23.0708
  10490.00    23.7582
  10500.00    22.8040
  10510.00    23.2290
  10520.00    23.1069
  10530.00    23.0326
  10540.00    22.5306
  10550.00    23.2088
  10560.00    23.0326
  10570.00    22.7361
  10580.00    23.1470
  10590.00    22.5585
  10600.00    23.1650
  10610.00    22.6506
  10620.00    23.1162
  10630.00    23.3169
  10640.00    23.4094
  10650.00    22.6379
  10660.00    23.5639
  10670.00    22.9749
  10680.00    23.0245
  10690.00    23.3876
  10700.00    23.0059
  10710.00    23.1498
  10720.00    22.8215
  10730.00    23.2069
  10740.00    22.7800
  10750.00    22.7841
  10760.00    22.7989
  10770.00    23.4535
  10780.00    23.0851
  10790.00    23.2394
  10800.00    22.9514
  10810.00    23.2794
  10820.00    23.2896
  10830.00    22.8884
  10840.00    23.1517
  10850.00    23.2545
  10860.00    22.7976
  10870.00    22.9624
  10880.00    23.1811
  10890.00    23.0062
  10900.00    22.4162
  10910.00    22.8817
  10920.00    23.0253
  10930.00    23.3521
  10940.00    22.8911
  10950.00    22.9692
  10960.00    22.8399
  10970.00    23.2999
  10980.00    23.0017
  10990.00    22.9519
  11000.00    23.0060
  11010.00    23.6104
  11020.00    23.6812
  11030.00    22.8247
  11040.00    23.2159
  11050.00    22.8291
  11060.00    22.8062
  11070.00    22.7009
  11080.00    23.3960
  11090.00    23.1248
  11100.00    23.4865
  11110.00    22.9748
  11120.00    23.4806
  11130.00    22.3575
  11140.00    23.1069
  11150.00    23.1486
  11160.00    23.1421
  11170.00    23.0190
  11180.00    22.6194
  11190.00    23.3705
  11200.00    23.2906
  11210.00    22.8920
  11220.00    22.9060
  11230.00    22.5955
  11240.00    23.1436
  11250.00    22.5418
  11260.00    23.1253
  11270.00    22.9492
  11280.00    22.2319
  11290.00    23.0149
  11300.00    22.7069
  11310.00    22.9943
  11320.00    23.3453
  11330.00    23.1537
  11340.00    22.5666
  11350.00    22.7427
  11360.00    22.6450
  11370.00    22.1592
  11380.00    23.2429
  11390.00    23.2534
  11400.00    22.7792
  11410.00    22.5162
  11420.00    23.2351
  11430.00    22.1118
  11440.00    23.0831
  11450.00    22.7004
  11460.00    22.7665
  11470.00    23.6599
  11480.00    22.8849
  11490.00    22.4768
  11500.00    22.8553
  11510.00    23.1784
  11520.00    23.0663
  11530.00    23.1760
  11540.00    23.0455
  11550.00    23.2666
  11560.00    22.9475
  11570.00    22.3156
  11580.00    22.9905
  11590.00    23.2830
  11600.00    22.7606
  11610.00    23.3128
  11620.00    23.5375
  11630.00    22.9990
  11640.00    22.6248
  11650.00    22.6623
  11660.00    23.2131
  11670.00    23.3198
  11680.00    23.3180
  11690.00    23.3098
  11700.00    22.6342
  11710.00    23.4680
  11720.00    23.2901
  11730.00    23.1067
  11740.00    23.3165
  11750.00    23.3391
  11760.00    22.9640
  11770.00    23.2422
  11780.00    22.5635
  11790.00    23.5775
  11800.00    23.2239
  11810.00    23.4258
  11820.00    23.5352
  11830.00    22.9097
  11840.00    22.7766
  11850.00    23.3449
  11860.00    22.6048
  11870.00    23.0327
  11880.00    23.0944
  11890.00    23.1486
  11900.00    23.0197
  11910.00    22.9604
  11920.00    23.3626
  11930.00    23.4725
  11940.00    22.9211
  11950.00    23.0546
  11960.00    23.2238
  11970.00    22.8471
  11980.00    23.4940
  11990.00    22.8583
  12000.00    23.3067
  12010.00    23.0712
  12020.00    22.9128
  12030.00    23.3105
  12040.00    23.3337
  12050.00    22.9099
  12060.00    23.2068
  12070.00    22.8420
  12080.00    22.3911
  12090.00    23.3506
  12100.00    22.4747
  12110.00    23.2041
  12120.00    23.2029
  12130.00    23.6202
  12140.00    23.2521
  12150.00    23.4849
  12160.00    23.1220
  12170.00    22.4150
  12180.00    22.7784
  12190.00    23.0037
  12200.00    23.7405
  12210.00    23.3335
  12220.00    22.9691
  12230.00    23.4856
  12240.00    23.3333
  12250.00    22.8977
  12260.00    23.1832
  12270.00    22.3363
  12280.00    23.0615
  12290.00    23.3356
  12300.00    23.4604
  12310.00    23.1669
  12320.00    23.1647
  12330.00    23.2537
  12340.00    23.1865
  12350.00    22.9375
  12360.00    23.1952
  12370.00    23.4085
  12380.00    23.5420
  12390.00    23.2305
  12400.00    23.2951
  12410.00    22.7873
  12420.00    23.1024
  12430.00    22.8287
  12440.00    23.1230
  12450.00    23.1345
  12460.00    23.1806
  12470.00    23.3166
  12480.00    23.1936
  12490.00    22.7969
  12500.00    22.9554
  12510.00    23.3834
  12520.00    22.8099
  12530.00    23.3983
  12540.00    23.2077
  12550.00    22.9836
  12560.00    23.0693
  12570.00    22.8203
  12580.00    23.1763
  12590.00    23.1268
  12600.00    22.7562
  12610.00    22.9031
  12620.00    23.0273
  12630.00    23.2107
  12640.00    22.2598
  12650.00    23.2121
  12660.00    23.3643
  12670.00    22.8489
  12680.00    23.1872
  12690.00    23.0190
  12700.00    22.8871
  12710.00    23.0550
  12720.00    23.0064
  12730.00    23.2129
  12740.00    22.8411
  12750.00    23.5537
  12760.00    23.3104
  12770.00    23.0476
  12780.00    23.6076
  12790.00    23.3792
  12800.00    23.0455
  12810.00    23.1738
  12820.00    22.9230
  12830.00    23.2919
  12840.00    23.3772
  12850.00    23.0455
  12860.00    23.1967
  12870.00    23.4944
  12880.00    23.1554
  12890.00    22.8799
  12900.00    22.5981
  12910.00    22.9687
  12920.00    23.0378
  12930.00    22.3884
  12940.00    22.8566
  12950.00    23.0711
  12960.00    22.8901
  12970.00    22.9027
  12980.00    22.8941
  12990.00    22.6737
  13000.00    22.5359
  13010.00    23.1824
  13020.00    22.8967
  13030.00    22.6503
  13040.00    23.6204
  13050.00    22.7174
  13060.00    23.3743
  13070.00    23.1654
  13080.00    22.6132
  13090.00    22.8641
  13100.00    23.0289
  13110.00    22.8827
  13120.00    23.5721
  13130.00    22.9261
  13140.00    23.0873
  13150.00    23.0144
  13160.00    23.0016
  13170.00    22.9960
  13180.00    23.4006
  13190.00    22.5212
  13200.00    23.5028
  13210.00    22.7075
  13220.00    22.8319
  13230.00    23.1673
  13240.00    23.4550
  13250.00    23.2488
  13260.00    23.0706
  13270.00    23.1193
  13280.00    23.4745
  13290.00    23.2779
  13300.00    23.1596
  13310.00    22.9663
  13320.00    22.9841
  13330.00    23.1106
  13340.00    22.9472
  13350.00    22.7685
  13360.00    23.1684
  13370.00    23.1486
  13380.00    23.2492
  13390.00    23.1168
  13400.00    22.7951
  13410.00    23.0412
  13420.00    23.0425
  13430.00    23.0032
  13440.00    22.4923
  13450.00    22.9521
  13460.00    23.3220
  13470.00    22.7845
  13480.00    22.5743
  13490.00    23.0184
  13500.00    22.8804
  13510.00    22.9363
  13520.00    23.1044
  13530.00    23.1666
  13540.00    23.4069
  13550.00    22.9948
  13560.00    23.0482
  13570.00    22.8459
  13580.00    22.8120
  13590.00    22.5136
  13600.00    23.4439
  13610.00    23.1555
  13620.00    22.5681
  13630.00    23.2349
  13640.00    23.1131
  13650.00    23.2416
  13660.00    22.7936
  13670.00    22.2962
  13680.00    23.2449
  13690.00    23.3740
  13700.00    22.8502
  13710.00    23.1282
  13720.00    23.0886
  13730.00    22.8533
  13740.00    22.8487
  13750.00    22.9342
  13760.00    22.8421
  13770.00    23.1355
  13780.00    22.9559
  13790.00    22.5000
  13800.00    22.9799
  13810.00    22.8739
  13820.00    23.3421
  13830.00    22.6558
  13840.00    23.1479
  13850.00    22.9561
  13860.00    23.2142
  13870.00    23.0153
  13880.00    22.6341
  13890.00    23.2857
  13900.00    22.5575
  13910.00    23.0241
  13920.00    23.1240
  13930.00    23.2575
  13940.00    23.7353
  13950.00    22.6656
  13960.00    22.9726
  13970.00    23.0786
  13980.00    23.3558
  13990.00    23.2294
  14000.00    22.8188
  14010.00    22.3632
  14020.00    22.4723
  14030.00    23.0965
  14040.00    22.7204
  14050.00    23.6403
  14060.00    23.3894
  14070.00    22.9001
  14080.00    23.3983
  14090.00    22.4295
  14100.00    22.9240
  14110.00    23.2624
  14120.00    22.7329
  14130.00    23.2136
  14140.00    22.9770
  14150.00    23.3844
  14160.00    23.1386
  14170.00    23.5270
  14180.00    23.0740
  14190.00    22.7574
  14200.00    23.3842
  14210.00    22.8973
  14220.00    23.2082
  14230.00    23.2147
  14240.00    22.6713
  14250.00    23.1723
  14260.00    23.4697
  14270.00    23.1038
  14280.00    22.8216
  14290.00    22.8850
  14300.00    22.6840
  14310.00    23.1782
  14320.00    23.2447
  14330.00    23.2788
  14340.00    22.7772
  14350.00    23.2513
  14360.00    23.0800
  14370.00    22.9943
  14380.00    23.1917
  14390.00    22.9980
  14400.00    23.1055
  14410.00    22.9920
  14420.00    23.1049
  14430.00    22.9901
  14440.00    23.2992
  14450.00    23.1956
  14460.00    22.7941
  14470.00    22.4361
  14480.00    23.2500
  14490.00    22.8525
  14500.00    23.0231
  14510.00    22.8935
  14520.00    23.3581
  14530.00    23.0360
  14540.00    23.5988
  14550.00    23.7605
  14560.00    22.8646
  14570.00    23.2699
  14580.00    23.1792
  14590.00    23.3165
  14600.00    22.9843
  14610.00    22.6492
  14620.00    22.5992
  14630.00    23.5899
  14640.00    22.5965
  14650.00    23.1293
  14660.00    22.6337
  14670.00    23.0239
  14680.00    22.7566
  14690.00    23.4448
  14700.00    22.9675
  14710.00    23.0413
  14720.00    23.2414
  14730.00    22.9618
  14740.00    22.7672
  14750.00    23.0551
  14760.00    23.1524
  14770.00    22.5887
  14780.00    23.2446
  14790.00    23.6146
  14800.00    22.8122
  14810.00    23.1894
  14820.00    22.7433
  14830.00    22.8011
  14840.00    23.0962
  14850.00    22.8613
  14860.00    22.5647
  14870.00    22.8224
  14880.00    23.3337
  14890.00    23.1248
  14900.00    23.0586
  14910.00    23.0665
  14920.00    23.1194
  14930.00    22.5124
  14940.00    22.8208
  14950.00    22.7675
  14960.00    22.9399
  14970.00    23.1603
  14980.00    22.9243
  14990.00    22.7277
  15000.00    22.5544
  15010.00    22.7417
  15020.00    22.7765
  15030.00    22.6264
  15040.00    23.0969
  15050.00    22.6645
  15060.00    22.7783
  15070.00    22.7440
  15080.00    22.6250
  15090.00    23.2579
  15100.00    22.8125
  15110.00    22.7124
  15120.00    22.4496
  15130.00    23.5358
  15140.00    23.3534
  15150.00    22.7754
  15160.00    22.7338
  15170.00    23.1026
  15180.00    23.0647
  15190.00    23.1069
  15200.00    23.0315
  15210.00    22.8168
  15220.00    22.8596
  15230.00    22.9604
  15240.00    23.6790
  15250.00    22.7163
  15260.00    23.0504
  15270.00    22.9984
  15280.00    22.8809
  15290.00    23.5800
  15300.00    23.4749
  15310.00    23.4393
  15320.00    22.7965
  15330.00    23.3949
  15340.00    23.2949
  15350.00    23.1008
  15360.00    22.6954
  15370.00    22.7310
  15380.00    23.0290
  15390.00    23.2975
  15400.00    23.3370
  15410.00    22.7685
  15420.00    22.4907
  15430.00    22.6688
  15440.00    22.9104
  15450.00    23.2274
  15460.00    22.5322
  15470.00    23.0276
  15480.00    22.7210
  15490.00    22.9930
  15500.00    22.8207
  15510.00    22.9617
  15520.00    22.8005
  15530.00    23.4073
  15540.00    22.9522
  15550.00    23.2084
  15560.00    23.0815
  15570.00    22.8345
  15580.00    23.1823
  15590.00    22.8471
  15600.00    23.0100
  15610.00    23.3841
  15620.00    23.2450
  15630.00    22.8428
  15640.00    23.1365
  15650.00    23.1903
  15660.00    23.1240
  15670.00    22.7808
  15680.00    23.1804
  15690.00    23.4860
  15700.00    23.0866
  15710.00    22.8768
  15720.00    23.2958
  15730.00    23.2668
  15740.00    23.1309
  15750.00    23.6268
  15760.00    23.0605
  15770.00    22.8333
  15780.00    22.9432
  15790.00    22.6458
  15800.00    23.6207
  15810.00    22.7671
  15820.00    22.8791
  15830.00    22.7487
  15840.00    22.6975
  15850.00    22.8635
  15860.00    22.8570
  15870.00    22.9111
  15880.00    23.0002
  15890.00    23.3649
  15900.00    22.8791
  15910.00    23.2074
  15920.00    23.0488
  15930.00    22.6941
  15940.00    23.3034
  15950.00    22.8338
  15960.00    22.5214
  15970.00    22.7776
  15980.00    23.2863
  15990.00    22.9022
  16000.00    23.1313
  16010.00    22.6564
  16020.00    23.1187
  16030.00    23.0253
  16040.00    22.8106
  16050.00    23.1488
  16060.00    23.0839
  16070.00    23.3992
  16080.00    22.9881
  16090.00    22.8106
  16100.00    23.2865
  16110.00    22.9518
  16120.00    23.0406
  16130.00    22.9177
  16140.00    23.3693
  16150.00    23.1783
  16160.00    22.6060
  16170.00    22.9678
  16180.00    23.4401
  16190.00    23.1505
  16200.00    23.3785
  16210.00    23.0943
  16220.00    23.0120
  16230.00    23.3243
  16240.00    22.6561
  16250.00    23.3883
  16260.00    23.4102
  16270.00    22.9935
  16280.00    23.1497
  16290.00    22.9637
  16300.00    22.9609
  16310.00    22.6418
  16320.00    23.2875
  16330.00    22.8582
  16340.00    22.9255
  16350.00    23.0483
  16360.00    23.2719
  16370.00    22.5738
  16380.00    22.6367
  16390.00    23.2306
  16400.00    22.9340
  16410.00    22.9461
  16420.00    22.9364
  16430.00    22.7068
  16440.00    23.1379
  16450.00    22.8793
  16460.00    23.0704
  16470.00    23.4374
  16480.00    23.1473
  16490.00    23.3239
  16500.00    23.2393
  16510.00    22.3458
  16520.00    22.9822
  16530.00    23.2256
  16540.00    23.0883
  16550.00    22.9352
  16560.00    23.0705
  16570.00    23.0684
  16580.00    22.8822
  16590.00    22.9838
  16600.00    23.1960
  16610.00    23.0486
  16620.00    22.8744
  16630.00    22.5852
  16640.00    22.8795
  16650.00    22.6815
  16660.00    23.0527
  16670.00    23.1487
  16680.00    23.3800
  16690.00    23.3275
  16700.00    23.1658
  16710.00    23.1607
  16720.00    23.1538
  16730.00    22.8264
  16740.00    23.2189
  16750.00    23.1347
  16760.00    23.2120
  16770.00    23.1453
  16780.00    22.8572
  16790.00    22.8346
  16800.00    22.5459
  16810.00    23.0060
  16820.00    22.7712
  16830.00    23.1904
  16840.00    22.9182
  16850.00    22.9293
  16860.00    22.8291
  16870.00    22.9925
  16880.00    22.9772
  16890.00    23.3808
  16900.00    22.9698
  16910.00    23.1307
  16920.00    23.3251
  16930.00    22.9413
  16940.00    23.2955
  16950.00    23.1236
  16960.00    23.0821
  16970.00    22.9610
  16980.00    23.1573
  16990.00    22.6439
  17000.00    23.1088
  17010.00    23.1417
  17020.00    22.7785
  17030.00    23.2185
  17040.00    23.2334
  17050.00    23.5820
  17060.00    22.5785
  17070.00    23.3630
  17080.00    22.5960
  17090.00    23.3065
  17100.00    22.8507
  17110.00    22.8957
  17120.00    23.1308
  17130.00    22.7098
  17140.00    22.7956
  17150.00    23.1945
  17160.00    23.2619
  17170.00    23.2604
  17180.00    23.3971
  17190.00    23.3252
  17200.00    23.0448
  17210.00    22.8918
  17220.00    22.6235
  17230.00    22.5702
  17240.00    23.1505
  17250.00    23.2998
  17260.00    23.2226
  17270.00    22.9738
  17280.00    23.3381
  17290.00    23.3892
  17300.00    22.9538
  17310.00    23.3250
  17320.00    23.2934
  17330.00    23.4776
  17340.00    22.9939
  17350.00    22.8358
  17360.00    22.6176
  17370.00    22.6721
  17380.00    22.8208
  17390.00    22.9858
  17400.00    23.2947
  17410.00    22.9947
  17420.00    23.4178
  17430.00    23.6386
  17440.00    22.9694
  17450.00    22.8743
  17460.00    23.1997
  17470.00    22.6594
  17480.00    23.2703
  17490.00    22.9159
  17500.00    23.0341
  17510.00    23.6669
  17520.00    23.3725
  17530.00    23.0095
  17540.00    23.0323
  17550.00    22.9230
  17560.00    22.9914
  17570.00    23.5108
  17580.00    23.2400
  17590.00    22.3513
  17600.00    22.8956
  17610.00    23.0638
  17620.00    23.0702
  17630.00    22.9830
  17640.00    23.2718
  17650.00    23.0162
  17660.00    22.8641
  17670.00    23.0594
  17680.00    22.9884
  17690.00    23.3657
  17700.00    23.1293
  17710.00    23.1913
  17720.00    23.2708
  17730.00    23.7905
  17740.00    23.5127
  17750.00    23.1953
  17760.00    22.8374
  17770.00    22.8920
  17780.00    22.9560
  17790.00    23.6224
  17800.00    22.8275
  17810.00    22.9863
  17820.00    23.1438
  17830.00    23.4441
  17840.00    22.4912
  17850.00    23.0391
  17860.00    23.0327
  17870.00    23.1844
  17880.00    23.1673
  17890.00    23.1025
  17900.00    23.6463
  17910.00    22.6828
  17920.00    22.6402
  17930.00    23.1177
  17940.00    22.6707
  17950.00    22.8361
  17960.00    23.4806
  17970.00    23.0343
  17980.00    23.4208
  17990.00    22.9094
  18000.00    22.9721
  18010.00    23.3977
  18020.00    22.9483
  18030.00    23.3146
  18040.00    23.4667
  18050.00    22.5099
  18060.00    23.1502
  18070.00    23.4374
  18080.00    22.9879
  18090.00    23.2308
  18100.00    23.3287
  18110.00    23.1335
  18120.00    23.3596
  18130.00    23.3421
  18140.00    23.2282
  18150.00    23.1541
  18160.00    23.2873
  18170.00    22.7189
  18180.00    23.0460
  18190.00    23.0348
  18200.00    22.9790
  18210.00    22.7729
  18220.00    22.6184
  18230.00    23.0878
  18240.00    22.6913
  18250.00    23.1389
  18260.00    22.6703
  18270.00    23.0858
  18280.00    23.1844
  18290.00    23.1503
  18300.00    23.4345
  18310.00    23.4070
  18320.00    23.0821
  18330.00    22.9127
  18340.00    22.8785
  18350.00    22.5192
  18360.00    23.3370
  18370.00    23.0923
  18380.00    23.2054
  18390.00    22.8484
  18400.00    23.4065
  18410.00    23.0397
  18420.00    23.2517
  18430.00    23.4993
  18440.00    22.4667
  18450.00    23.6003
  18460.00    22.9232
  18470.00    22.4077
  18480.00    23.8588
  18490.00    23.0981
  18500.00    22.6688
  18510.00    23.3987
  18520.00    23.4007
  18530.00    22.7906
  18540.00    22.8804
  18550.00    23.3245
  18560.00    22.6886
  18570.00    22.7089
  18580.00    22.9935
  18590.00    23.0705
  18600.00    22.8985
  18610.00    23.3077
  18620.00    22.7451
  18630.00    22.6900
  18640.00    22.7596
  18650.00    22.6716
  18660.00    22.9973
  18670.00    22.8627
  18680.00    22.9104
  18690.00    22.9659
  18700.00    23.1604
  18710.00    23.2430
  18720.00    23.2841
  18730.00    23.0753
  18740.00    23.3190
  18750.00    22.8212
  18760.00    22.9622
  18770.00    22.8296
  18780.00    23.1281
  18790.00    23.3436
  18800.00    23.2996
  18810.00    22.8522
  18820.00    22.9389
  18830.00    23.3347
  18840.00    22.9897
  18850.00    23.1131
  18860.00    22.7524
  18870.00    22.8558
  18880.00    22.8929
  18890.00    22.9926
  18900.00    22.9757
  18910.00    22.9821
  18920.00    23.0691
  18930.00    22.9019
  18940.00    22.4885
  18950.00    23.2438
  18960.00    23.4513
  18970.00    22.7554
  18980.00    22.6468
  18990.00    22.9512
  19000.00    23.4605
  19010.00    23.5247
  19020.00    23.3297
  19030.00    23.1734
  19040.00    23.2734
  19050.00    23.2037
  19060.00    23.3772
  19070.00    22.9149
  19080.00    23.1958
  19090.00    23.0712
  19100.00    22.8560
  19110.00    23.1292
  19120.00    23.2275
  19130.00    23.0799
  19140.00    22.8159
  19150.00    23.3925
  19160.00    22.6653
  19170.00    23.2516
  19180.00    22.9900
  19190.00    23.0879
  19200.00    23.1786
  19210.00    22.9591
  19220.00    22.6185
  19230.00    22.4442
  19240.00    23.3839
  19250.00    23.2255
  19260.00    22.8001
  19270.00    23.1592
  19280.00    23.7117
  19290.00    23.1786
  19300.00    23.2910
  19310.00    23.0865
  19320.00    23.2772
  19330.00    22.8599
  19340.00    23.3602
  19350.00    23.0610
  19360.00    23.2115
  19370.00    23.2702
  19380.00    23.0651
  19390.00    22.6955
  19400.00    22.4731
  19410.00    23.4370
  19420.00    22.2312
  19430.00    23.2539
  19440.00    23.3562
  19450.00    22.9893
  19460.00    22.5370
  19470.00    22.5483
  19480.00    22.4776
  19490.00    23.3838
  19500.00    22.9759
  19510.00    23.3489
  19520.00    22.7440
  19530.00    23.3987
  19540.00    23.0149
  19550.00    23.1559
  19560.00    22.9408
  19570.00    22.8522
  19580.00    23.1092
  19590.00    22.9008
  19600.00    23.0356
  19610.00    23.1497
  19620.00    22.9131
  19630.00    23.3310
  19640.00    22.9355
  19650.00    23.1567
  19660.00    22.6173
  19670.00    23.1433
  19680.00    22.7059
  19690.00    23.2068
  19700.00    22.9123
  19710.00    22.6364
  19720.00    22.5835
  19730.00    23.0672
  19740.00    23.3375
  19750.00    23.0908
  19760.00    23.0407
  19770.00    23.1294
  19780.00    22.7445
  19790.00    22.9055
  19800.00    22.7846
  19810.00    23.3635
  19820.00    22.8724
  19830.00    23.6109
  19840.00    22.9057
  19850.00    23.0014
  19860.00    22.9291
  19870.00    22.6764
  19880.00    23.0732
  19890.00    23.1761
  19900.00    22.4568
  19910.00    23.1734
  19920.00    23.0187
  19930.00    23.0906
  19940.00    22.6930
  19950.00    23.1022
  19960.00    23.3168
  19970.00    22.8831
  19980.00    22.8549
  19990.00    22.8875
  20000.00    23.0119
  20010.00    23.4956
  20020.00    23.5319
  20030.00    22.6938
  20040.00    23.2085
  20050.00    22.8311
  20060.00    23.2657
  20070.00    23.5511
  20080.00    23.6921
  20090.00    23.2082
  20100.00    22.8693
  20110.00    23.1981
  20120.00    23.1720
  20130.00    22.7073
  20140.00    23.2202
  20150.00    22.9755
  20160.00    23.0028
  20170.00    22.7913
  20180.00    22.7847
  20190.00    22.5899
  20200.00    23.5528
  20210.00    23.1743
  20220.00    23.2232
  20230.00    23.2246
  20240.00    22.9384
  20250.00    22.6571
  20260.00    23.1610
  20270.00    23.0115
  20280.00    22.4975
  20290.00    22.8554
  20300.00    23.2586
  20310.00    22.8810
  20320.00    22.5995
  20330.00    22.7491
  20340.00    23.7622
  20350.00    23.5947
  20360.00    22.5262
  20370.00    22.9440
  20380.00    23.2545
  20390.00    23.4973
  20400.00    22.9751
  20410.00    23.2404
  20420.00    23.2435
  20430.00    23.3023
  20440.00    22.9324
  20450.00    22.8944
  20460.00    22.9844
  20470.00    22.7585
  20480.00    23.1510
  20490.00    23.4039
  20500.00    23.1106
  20510.00    23.3217
  20520.00    22.8148
  20530.00    23.1093
  20540.00    22.8575
  20550.00    23.2844
  20560.00    22.8353
  20570.00    22.5933
  20580.00    22.7673
  20590.00    22.8391
  20600.00    22.7510
  20610.00    22.7106
  20620.00    22.1339
  20630.00    23.0885
  20640.00    22.8147
  20650.00    22.9692
  20660.00    23.2377
  20670.00    22.8676
  20680.00    23.0690
  20690.00    23.0696
  20700.00    23.3571
  20710.00    23.5138
  20720.00    23.2321
  20730.00    23.1237
  20740.00    23.3369
  20750.00    23.4008
  20760.00    23.2873
  20770.00    23.6455
  20780.00    22.9140
  20790.00    22.9473
  20800.00    23.0914
  20810.00    22.7118
  20820.00    23.1953
  20830.00    22.9169
  20840.00    22.9336
  20850.00    22.9457
  20860.00    23.1840
  20870.00    22.4884
  20880.00    22.6793
  20890.00    23.5455
  20900.00    22.8019
  20910.00    23.5342
  20920.00    23.1688
  20930.00    22.9331
  20940.00    22.9547
  20950.00    23.5098
  20960.00    23.1022
  20970.00    22.8797
  20980.00    23.1811
  20990.00    23.1501
  21000.00    22.9503
  21010.00    23.1116
  21020.00    22.9067
  21030.00    23.1637
  21040.00    23.1690
  21050.00    23.6404
  21060.00    23.4008
  21070.00    23.3343
  21080.00    23.4726
  21090.00    23.0324
  21100.00    23.1697
  21110.00    23.0513
  21120.00    22.8087
  21130.00    23.2678
  21140.00    22.5361
  21150.00    23.2248
  21160.00    22.9769
  21170.00    23.4369
  21180.00    23.3327
  21190.00    23.5561
  21200.00    22.9255
  21210.00    22.9880
  21220.00    23.3297
  21230.00    23.1950
  21240.00    23.2906
  21250.00    23.3583
  21260.00    23.3499
  21270.00    22.8200
  21280.00    22.7237
  21290.00    22.6808
  21300.00    22.8616
  21310.00    22.4221
  21320.00    23.2310
  21330.00    22.8038
  21340.00    23.4567
  21350.00    23.6558
  21360.00    23.2521
  21370.00    23.2766
  21380.00    23.2373
  21390.00    23.1129
  21400.00    22.2426
  21410.00    22.9404
  21420.00    23.4486
  21430.00    23.0962
  21440.00    22.8101
  21450.00    23.3724
  21460.00    22.9776
  21470.00    22.9186
  21480.00    23.3183
  21490.00    23.1649
  21500.00    23.0078
  21510.00    22.9698
  21520.00    22.8634
  21530.00    22.9009
  21540.00    23.2098
  21550.00    22.5816
  21560.00    22.7471
  21570.00    22.8183
  21580.00    23.2437
  21590.00    23.2792
  21600.00    22.8207
  21610.00    22.7959
  21620.00    22.9862
  21630.00    22.9261
  21640.00    23.3995
  21650.00    22.4446
  21660.00    23.3036
  21670.00    23.5405
  21680.00    22.9442
  21690.00    22.6862
  21700.00    23.0978
  21710.00    22.6790
  21720.00    23.1711
  21730.00    23.0452
  21740.00    23.1450
  21750.00    23.4486
  21760.00    22.9898
  21770.00    23.1660
  21780.00    22.9008
  21790.00    23.0573
  21800.00    22.8114
  21810.00    22.9077
  21820.00    22.7668
  21830.00    22.7373
  21840.00    22.6620
  21850.00    23.3688
  21860.00    23.2121
  21870.00    23.1816
  21880.00    22.9981
  21890.00    22.6872
  21900.00    22.7771
  21910.00    23.0834
  21920.00    22.8733
  21930.00    23.1389
  21940.00    22.9543
  21950.00    23.3936
  21960.00    23.1230
  21970.00    23.0885
  21980.00    22.5752
  21990.00    22.8221
  22000.00    23.2572
  22010.00    23.2255
  22020.00    23.0675
  22030.00    22.5598
  22040.00    22.9437
  22050.00    22.5763
  22060.00    23.2575
  22070.00    22.9731
  22080.00    23.0219
  22090.00    22.8687
  22100.00    23.3465
  22110.00    23.0752
  22120.00    22.8615
  22130.00    22.4971
  22140.00    23.5148
  22150.00    23.1319
  22160.00    23.0051
  22170.00    22.9941
  22180.00    23.4012
  22190.00    23.0051
  22200.00    23.6014
  22210.00    23.1019
  22220.00    23.4984
  22230.00    23.3527
  22240.00    22.9442
  22250.00    23.0401
  22260.00    22.2732
  22270.00    22.9117
  22280.00    23.1126
  22290.00    22.9203
  22300.00    22.9770
  22310.00    23.5024
  22320.00    23.2199
  22330.00    23.0710
  22340.00    23.3382
  22350.00    23.2325
  22360.00    22.5761
  22370.00    22.6920
  22380.00    23.0094
  22390.00    22.9832
  22400.00    23.1931
  22410.00    22.8992
  22420.00    23.0512
  22430.00    23.5664
  22440.00    23.3783
  22450.00    22.8160
  22460.00    23.4148
  22470.00    22.9578
  22480.00    23.0275
  22490.00    23.1535
  22500.00    22.2546
  22510.00    22.7946
  22520.00    23.3077
  22530.00    22.5236
  22540.00    22.9887
  22550.00    23.5341
  22560.00    22.7802
  22570.00    22.5789
  22580.00    22.2414
  22590.00    22.9195
  22600.00    23.3853
  22610.00    23.3726
  22620.00    23.1631
  22630.00    23.3418
  22640.00    22.6973
  22650.00    23.1783
  22660.00    23.0678
  22670.00    23.2099
  22680.00    23.0396
  22690.00    23.0822
  22700.00    22.3873
  22710.00    23.4131
  22720.00    23.4489
  22730.00    23.1387
  22740.00    22.9406
  22750.00    23.0441
  22760.00    23.6444
  22770.00    23.1597
  22780.00    23.4157
  22790.00    23.8600
  22800.00    23.1284
  22810.00    22.4262
  22820.00    22.9229
  22830.00    23.0625
  22840.00    22.8862
  22850.00    22.5621
  22860.00    23.3870
  22870.00    23.2280
  22880.00    22.6148
  22890.00    23.6099
  22900.00    22.9909
  22910.00    23.2179
  22920.00    22.6698
  22930.00    23.0389
  22940.00    23.1164
  22950.00    22.7081
  22960.00    23.4574
  22970.00    22.7755
  22980.00    23.2531
  22990.00    23.0753
  23000.00    22.5128
  23010.00    22.9290
  23020.00    23.4329
  23030.00    22.5700
  23040.00    22.4497
  23050.00    22.5558
  23060.00    22.6967
  23070.00    22.9843
  23080.00    23.4331
  23090.00    23.0647
  23100.00    23.1168
  23110.00    22.8835
  23120.00    23.4143
  23130.00    23.0161
  23140.00    22.7993
  23150.00    23.1039
  23160.00    23.2458
  23170.00    23.1008
  23180.00    23.0187
  23190.00    22.9810
  23200.00    23.0769
  23210.00    23.0213
  23220.00    23.0564
  23230.00    23.0297
  23240.00    22.8618
  23250.00    22.9388
  23260.00    23.0805
  23270.00    22.7566
  23280.00    23.0608
  23290.00    22.7105
  23300.00    22.8533
  23310.00    23.2504
  23320.00    22.7924
  23330.00    22.4580
  23340.00    22.6867
  23350.00    22.4726
  23360.00    22.8943
  23370.00    23.3280
  23380.00    22.6792
  23390.00    22.8260
  23400.00    22.9669
  23410.00    22.8404
  23420.00    22.8108
  23430.00    22.7702
  23440.00    23.0110
  23450.00    22.9912
  23460.00    22.7462
  23470.00    22.7814
  23480.00    23.2076
  23490.00    23.1674
  23500.00    23.0425
  23510.00    22.8326
  23520.00    23.1866
  23530.00    23.6047
  23540.00    23.8299
  23550.00    23.0995
  23560.00    23.5041
  23570.00    23.6263
  23580.00    23.6569
  23590.00    23.0916
  23600.00    22.7790
  23610.00    23.6030
  23620.00    23.9319
  23630.00    22.6836
  23640.00    23.0555
  23650.00    22.8308
  23660.00    23.1742
  23670.00    23.0465
  23680.00    23.3061
  23690.00    22.9180
  23700.00    22.8162
  23710.00    22.9749
  23720.00    22.9179
  23730.00    23.1843
  23740.00    23.2960
  23750.00    23.1029
  23760.00    22.7165
  23770.00    22.5841
  23780.00    22.5733
  23790.00    23.3244
  23800.00    23.1463
  23810.00    22.5460
  23820.00    23.4080
  23830.00    23.0377
  23840.00    23.4508
  23850.00    23.6245
  23860.00    22.4055
  23870.00    22.7207
  23880.00    23.4781
  23890.00    23.0937
  23900.00    22.9502
  23910.00    22.9782
  23920.00    23.1031
  23930.00    23.6872
  23940.00    23.6086
  23950.00    22.7572
  23960.00    23.1611
  23970.00    23.0057
  23980.00    23.2807
  23990.00    22.8258
  24000.00    22.7359
  24010.00    23.3310
  24020.00    23.3306
  24030.00    23.3344
  24040.00    22.9857
  24050.00    23.2413
  24060.00    23.1489
  24070.00    22.9879
  24080.00    22.5816
  24090.00    23.1864
  24100.00    23.0365
  24110.00    23.3244
  24120.00    23.0468
  24130.00    23.2286
  24140.00    22.7242
  24150.00    23.1895
  24160.00    22.7499
  24170.00    22.7388
  24180.00    22.8986
  24190.00    23.3636
  24200.00    23.0465
  24210.00    22.8160
  24220.00    23.1414
  24230.00    23.1150
  24240.00    22.9591
  24250.00    22.8110
  24260.00    23.2344
  24270.00    22.7098
  24280.00    22.9921
  24290.00    23.2070
  24300.00    23.2709
  24310.00    22.9149
  24320.00    22.6433
  24330.00    22.6835
  24340.00    23.7993
  24350.00    23.1999
  24360.00    22.5896
  24370.00    22.7944
  24380.00    22.9782
  24390.00    22.8935
  24400.00    22.9561
  24410.00    22.4962
  24420.00    22.9413
  24430.00    23.3036
  24440.00    22.9267
  24450.00    23.7855
  24460.00    23.2951
  24470.00    23.0498
  24480.00    23.4236
  24490.00    23.0223
  24500.00    23.2344
  24510.00    23.2576
  24520.00    22.9737
  24530.00    22.9530
  24540.00    23.3144
  24550.00    23.2427
  24560.00    23.7008
  24570.00    23.1684
  24580.00    23.2611
  24590.00    23.2846
  24600.00    23.3508
  24610.00    22.6362
  24620.00    23.1181
  24630.00    23.4050
  24640.00    22.8201
  24650.00    23.6831
  24660.00    23.0469
  24670.00    23.1948
  24680.00    22.6494
  24690.00    23.0097
  24700.00    22.9255
  24710.00    22.6647
  24720.00    23.0047
  24730.00    22.8597
  24740.00    23.0981
  24750.00    22.8656
  24760.00    22.9229
  24770.00    22.5712
  24780.00    22.8869
  24790.00    22.5966
  24800.00    22.8081
  24810.00    23.4961
  24820.00    22.8485
  24830.00    22.8981
  24840.00    23.1037
  24850.00    22.4527
  24860.00    23.2453
  24870.00    22.9559
  24880.00    23.1603
  24890.00    22.6263
  24900.00    23.3742
  24910.00    23.1620
  24920.00    22.7906
  24930.00    23.2091
  24940.00    22.9397
  24950.00    22.8443
  24960.00    23.4888
  24970.00    22.9135
  24980.00    22.2433
  24990.00    22.9934
  25000.00    23.0239
  25010.00    22.8180
  25020.00    23.2121
  25030.00    22.7511
  25040.00    22.4903
  25050.00    22.8999
  25060.00    22.7777
  25070.00    23.1363
  25080.00    23.3497
  25090.00    22.8940
  25100.00    23.1557
  25110.00    23.0692
  25120.00    22.5935
  25130.00    22.6418
  25140.00    23.3334
  25150.00    23.1717
  25160.00    23.1029
  25170.00    22.6120
  25180.00    23.3514
  25190.00    23.2009
  25200.00    23.2470
  25210.00    22.8176
  25220.00    23.2058
  25230.00    22.9457
  25240.00    22.7588
  25250.00    22.9113
  25260.00    22.9334
  25270.00    23.2697
  25280.00    22.6748
  25290.00    23.0007
  25300.00    23.1819
  25310.00    23.1203
  25320.00    23.2930
  25330.00    22.8309
  25340.00    23.0337
  25350.00    23.1236
  25360.00    22.5116
  25370.00    23.0348
  25380.00    22.5748
  25390.00    23.0650
  25400.00    22.5461
  25410.00    23.2405
  25420.00    22.9128
  25430.00    22.9668
  25440.00    23.0581
  25450.00    23.1609
  25460.00    23.0549
  25470.00    23.4500
  25480.00    22.7773
  25490.00    23.0447
  25500.00    23.3779
  25510.00    23.0789
  25520.00    22.7762
  25530.00    22.5324
  25540.00    23.0886
  25550.00    22.5858
  25560.00    23.0027
  25570.00    23.4624
  25580.00    22.8623
  25590.00    23.5264
  25600.00    22.9812
  25610.00    23.3016
  25620.00    23.0192
  25630.00    22.7840
  25640.00    22.9641
  25650.00    23.2598
  25660.00    23.0612
  25670.00    22.8130
  25680.00    23.0705
  25690.00    23.2679
  25700.00    22.6088
  25710.00    22.4663
  25720.00    22.8950
  25730.00    22.6141
  25740.00    23.2091
  25750.00    22.5614
  25760.00    23.7497
  25770.00    23.0786
  25780.00    23.2485
  25790.00    23.2684
  25800.00    22.5397
  25810.00    23.0935
  25820.00    23.4644
  25830.00    23.5502
  25840.00    22.7982
  25850.00    23.2627
  25860.00    23.3209
  25870.00    23.5536
  25880.00    23.5509
  25890.00    22.9580
  25900.00    23.5394
  25910.00    23.4324
  25920.00    22.5633
  25930.00    22.8712
  25940.00    22.9668
  25950.00    22.7232
  25960.00    22.9690
  25970.00    23.3355
  25980.00    22.6649
  25990.00    23.4688
  26000.00    22.3425
  26010.00    23.3310
  26020.00    22.6543
  26030.00    22.8787
  26040.00    23.0345
  26050.00    23.4500
  26060.00    23.0044
  26070.00    22.4754
  26080.00    23.0603
  26090.00    23.7051
  26100.00    23.3469
  26110.00    22.9727
  26120.00    22.5965
  26130.00    23.0016
  26140.00    22.8436
  26150.00    23.0760
  26160.00    23.0276
  26170.00    22.8586
  26180.00    22.9658
  26190.00    23.1838
  26200.00    22.9814
  26210.00    23.5489
  26220.00    23.3194
  26230.00    23.0982
  26240.00    22.9726
  26250.00    23.1541
  26260.00    23.2532
  26270.00    23.5655
  26280.00    23.3949
  26290.00    23.1947
  26300.00    23.3712
  26310.00    22.9837
  26320.00    23.4090
  26330.00    23.4845
  26340.00    23.0379
  26350.00    23.2516
  26360.00    22.9269
  26370.00    23.3223
  26380.00    22.7934
  26390.00    23.6720
  26400.00    23.5184
  26410.00    22.6905
  26420.00    22.8835
  26430.00    23.1288
  26440.00    23.0926
  26450.00    22.7454
  26460.00    23.8792
  26470.00    23.2013
  26480.00    22.7155
  26490.00    22.8363
  26500.00    22.9054
  26510.00    23.1612
  26520.00    23.1945
  26530.00    23.0934
  26540.00    22.8318
  26550.00    22.8353
  26560.00    22.7692
  26570.00    22.8400
  26580.00    23.3431
  26590.00    23.4822
  26600.00    23.4392
  26610.00    22.7649
  26620.00    22.6251
  26630.00    22.6790
  26640.00    23.5078
  26650.00    23.1201
  26660.00    23.1611
  26670.00    22.8857
  26680.00    22.9727
  26690.00    23.1314
  26700.00    22.9054
  26710.00    22.5315
  26720.00    23.0925
  26730.00    22.9931
  26740.00    23.3296
  26750.00    23.3032
  26760.00    23.1461
  26770.00    23.2345
  26780.00    23.2897
  26790.00    22.6284
  26800.00    23.0738
  26810.00    22.6044
  26820.00    22.7414
  26830.00    22.6761
  26840.00    23.4061
  26850.00    22.9670
  26860.00    22.5416
  26870.00    22.6167
  26880.00    22.5991
  26890.00    22.7155
  26900.00    22.8747
  26910.00    23.2545
  26920.00    23.2398
  26930.00    23.3584
  26940.00    23.5492
  26950.00    22.9165
  26960.00    22.5725
  26970.00    22.9340
  26980.00    23.2661
  26990.00    22.9945
  27000.00    22.8807
  27010.00    22.8628
  27020.00    22.6795
  27030.00    22.6364
  27040.00    22.9918
  27050.00    23.3799
  27060.00    23.2319
  27070.00    22.9469
  27080.00    22.9814
  27090.00    23.0626
  27100.00    22.7117
  27110.00    22.5172
  27120.00    23.5529
  27130.00    22.6934
  27140.00    22.6119
  27150.00    23.3537
  27160.00    23.0172
  27170.00    22.7925
  27180.00    23.1061
  27190.00    22.8100
  27200.00    22.7307
  27210.00    22.8124
  27220.00    23.2710
  27230.00    22.6836
  27240.00    23.1817
  27250.00    22.9847
  27260.00    23.6351
  27270.00    22.8216
  27280.00    23.1756
  27290.00    23.0657
  27300.00    22.9601
  27310.00    22.7495
  27320.00    22.4159
  27330.00    22.8197
  27340.00    23.0214
  27350.00    22.7769
  27360.00    22.6605
  27370.00    23.1615
  27380.00    23.3907
  27390.00    23.5073
  27400.00    22.8464
  27410.00    22.7524
  27420.00    23.2867
  27430.00    22.6069
  27440.00    22.7102
  27450.00    23.4346
  27460.00    23.0905
  27470.00    22.7895
  27480.00    22.7695
  27490.00    23.2388
  27500.00    22.7784
  27510.00    23.1648
  27520.00    23.4999
  27530.00    23.1419
  27540.00    22.7033
  27550.00    22.9387
  27560.00    23.2092
  27570.00    23.4083
  27580.00    22.9876
  27590.00    23.2871
  27600.00    23.0645
  27610.00    22.5758
  27620.00    23.2812
  27630.00    22.9987
  27640.00    23.1299
  27650.00    23.8403
  27660.00    23.4407
  27670.00    22.7951
  27680.00    23.1926
  27690.00    22.5739
  27700.00    23.4051
  27710.00    23.0043
  27720.00    22.6641
  27730.00    23.0036
  27740.00    23.0144
  27750.00    22.6362
  27760.00    22.5107
  27770.00    23.2628
  27780.00    22.7923
  27790.00    23.0475
  27800.00    23.2746
  27810.00    23.1318
  27820.00    22.7604
  27830.00    23.0540
  27840.00    22.9599
  27850.00    23.6089
  27860.00    22.8624
  27870.00    23.0156
  27880.00    23.0108
  27890.00    23.2005
  27900.00    23.7533
  27910.00    22.9499
  27920.00    23.3640
  27930.00    23.2818
  27940.00    22.4987
  27950.00    22.9097
  27960.00    22.6828
  27970.00    22.9095
  27980.00    23.1247
  27990.00    23.3435
  28000.00    22.2769
  28010.00    23.4297
  28020.00    23.2264
  28030.00    23.0952
  28040.00    23.4506
  28050.00    23.0783
  28060.00    22.7340
  28070.00    23.0545
  28080.00    23.1559
  28090.00    23.2305
  28100.00    22.9400
  28110.00    23.3206
  28120.00    22.7469
  28130.00    22.9793
  28140.00    23.3182
  28150.00    22.9137
  28160.00    23.5827
  28170.00    22.7106
  28180.00    22.6728
  28190.00    23.1404
  28200.00    22.9135
  28210.00    22.7953
  28220.00    22.4273
  28230.00    22.8623
  28240.00    23.3527
  28250.00    22.7784
  28260.00    22.9723
  28270.00    22.5631
  28280.00    23.1329
  28290.00    22.5235
  28300.00    22.9721
  28310.00    23.3111
  28320.00    23.7964
  28330.00    22.5773
  28340.00    23.2309
  28350.00    22.8752
  28360.00    23.2425
  28370.00    23.2508
  28380.00    22.5864
  28390.00    23.0009
  28400.00    23.0973
  28410.00    22.8588
  28420.00    22.6158
  28430.00    22.9432
  28440.00    22.7701
  28450.00    23.1258
  28460.00    23.0258
  28470.00    23.3127
  28480.00    23.0908
  28490.00    23.0551
  28500.00    22.8700
  28510.00    23.5206
  28520.00    23.4062
  28530.00    22.9753
  28540.00    22.9377
  28550.00    22.7335
  28560.00    23.0369
  28570.00    23.7582
  28580.00    23.4601
  28590.00    22.9827
  28600.00    23.1353
  28610.00    23.0193
  28620.00    23.4747
  28630.00    22.5643
  28640.00    23.2056
  28650.00    22.8384
  28660.00    23.4194
  28670.00    23.1741
  28680.00    22.8215
  28690.00    23.1645
  28700.00    22.9541
  28710.00    22.9769
  28720.00    23.0086
  28730.00    22.9953
  28740.00    22.8233
  28750.00    23.3085
  28760.00    23.0076
  28770.00    23.0742
  28780.00    23.0128
  28790.00    23.1523
  28800.00    23.1650
  28810.00    23.1302
  28820.00    23.5824
  28830.00    23.0109
  28840.00    23.1754
  28850.00    23.2297
  28860.00    22.7425
  28870.00    23.4949
  28880.00    23.1490
  28890.00    23.5026
  28900.00    22.6631
  28910.00    22.9458
  28920.00    23.2222
  28930.00    22.8499
  28940.00    22.8892
  28950.00    22.7362
  28960.00    23.3810
  28970.00    22.8451
  28980.00    23.0897
  28990.00    23.1363
  29000.00    23.0705
  29010.00    22.9604
  29020.00    23.0712
  29030.00    22.8524
  29040.00    22.8668
  29050.00    22.8975
  29060.00    22.9100
  29070.00    23.3502
  29080.00    23.2330
  29090.00    22.4529
  29100.00    23.1729
  29110.00    22.9597
  29120.00    22.8743
  29130.00    23.0432
  29140.00    22.8705
  29150.00    22.8701
  29160.00    23.2308
  29170.00    23.0860
  29180.00    22.8778
  29190.00    23.4975
  29200.00    23.0323
  29210.00    22.3107
  29220.00    23.2473
  29230.00    22.6371
  29240.00    22.9599
  29250.00    22.8447
  29260.00    23.0371
  29270.00    23.3592
  29280.00    23.3067
  29290.00    22.6210
  29300.00    22.7161
  29310.00    23.1742
  29320.00    23.3022
  29330.00    23.4393
  29340.00    23.1388
  29350.00    22.9847
  29360.00    22.8979
  29370.00    22.9582
  29380.00    22.8656
  29390.00    23.3169
  29400.00    23.9042
  29410.00    22.9417
  29420.00    23.3384
  29430.00    22.9446
  29440.00    23.0013
  29450.00    22.9937
  29460.00    22.7584
  29470.00    23.1094
  29480.00    23.4509
  29490.00    22.7342
  29500.00    23.1619
  29510.00    22.8554
  29520.00    23.1879
  29530.00    23.5248
  29540.00    22.9290
  29550.00    22.6595
  29560.00    22.9567
  29570.00    23.3753
  29580.00    23.1173
  29590.00    23.5650
  29600.00    23.5404
  29610.00    23.0345
  29620.00    23.1266
  29630.00    23.3147
  29640.00    22.9448
  29650.00    22.7348
  29660.00    22.7944
  29670.00    22.7352
  29680.00    22.8650
  29690.00    22.8750
  29700.00    23.1110
  29710.00    23.8138
  29720.00    22.6935
  29730.00    23.0895
  29740.00    23.4787
  29750.00    22.6524
  29760.00    23.3617
  29770.00    22.9120
  29780.00    22.6912
  29790.00    23.2196
  29800.00    22.8755
  29810.00    22.8425
  29820.00    23.1677
  29830.00    23.4359
  29840.00    23.0177
  29850.00    22.5585
  29860.00    23.2283
  29870.00    22.5163
  29880.00    22.7024
  29890.00    23.3675
  29900.00    22.8760
  29910.00    23.0931
  29920.00    23.3926
  29930.00    22.4042
  29940.00    22.8809
  29950.00    23.4989
  29960.00    23.1512
  29970.00    22.9443
  29980.00    23.2929
  29990.00    22.7869
  30000.00    22.8643
  30010.00    23.6811
  30020.00    23.4903
  30030.00    23.1260
  30040.00    22.6298
  30050.00    22.8989
  30060.00    23.5030
  30070.00    22.7623
  30080.00    23.1397
  30090.00    22.9546
  30100.00    23.0183
  30110.00    23.1110
  30120.00    22.3299
  30130.00    22.8849
  30140.00    23.1277
  30150.00    23.1334
  30160.00    23.1719
  30170.00    23.1002
  30180.00    22.5922
  30190.00    22.8045
  30200.00    22.7585
  30210.00    22.7355
  30220.00    22.7119
  30230.00    22.9642
  30240.00    22.7849
  30250.00    22.9292
  30260.00    23.4688
  30270.00    23.1646
  30280.00    23.2955
  30290.00    23.3176
  30300.00    23.0803
  30310.00    23.2459
  30320.00    22.8310
  30330.00    23.1174
  30340.00    23.2474
  30350.00    23.0923
  30360.00    23.1887
  30370.00    22.8556
  30380.00    22.9324
  30390.00    23.0991
  30400.00    22.8638
  30410.00    22.9130
  30420.00    23.4312
  30430.00    22.7690
  30440.00    23.2486
  30450.00    23.1631
  30460.00    23.3522
  30470.00    23.7724
  30480.00    23.0895
  30490.00    22.9886
  30500.00    23.2393
  30510.00    23.2104
  30520.00    23.7091
  30530.00    22.7704
  30540.00    22.5248
  30550.00    22.9918
  30560.00    22.7496
  30570.00    22.9812
  30580.00    22.9355
  30590.00    23.4690
  30600.00    23.0960
  30610.00    22.8348
  30620.00    23.1642
  30630.00    23.0715
  30640.00    22.9559
  30650.00    23.2482
  30660.00    22.6094
  30670.00    22.8192
  30680.00    22.9254
  30690.00    22.7792
  30700.00    22.9089
  30710.00    22.9395
  30720.00    23.4705
  30730.00    23.0354
  30740.00    23.4948
  30750.00    23.1896
  30760.00    22.9680
  30770.00    22.9390
  30780.00    23.3302
  30790.00    22.7910
  30800.00    23.1433
  30810.00    22.7284
  30820.00    23.0153
  30830.00    22.5830
  30840.00    23.0895
  30850.00    22.6483
  30860.00    23.2895
  30870.00    23.0086
  30880.00    22.9414
  30890.00    23.2457
  30900.00    23.1257
  30910.00    23.0862
  30920.00    23.4407
  30930.00    23.1635
  30940.00    22.9498
  30950.00    23.0754
  30960.00    23.2741
  30970.00    23.2091
  30980.00    22.6956
  30990.00    23.1605
  31000.00    22.7143
  31010.00    23.1550
  31020.00    22.9280
  31030.00    23.4611
  31040.00    22.8304
  31050.00    23.1028
  31060.00    23.1228
  31070.00    22.7200
  31080.00    22.6692
  31090.00    22.7892
  31100.00    22.6647
  31110.00    22.6817
  31120.00    23.0233
  31130.00    23.2095
  31140.00    22.6852
  31150.00    23.4227
  31160.00    22.9977
  31170.00    23.9737
  31180.00    22.9460
  31190.00    23.2523
  31200.00    23.2612
  31210.00    23.3781
  31220.00    23.1299
  31230.00    23.0177
  31240.00    23.2309
  31250.00    22.6646
  31260.00    22.6105
  31270.00    23.2450
  31280.00    22.8169
  31290.00    23.0087
  31300.00    23.5614
  31310.00    22.6683
  31320.00    22.8968
  31330.00    22.6239
  31340.00    23.1961
  31350.00    22.4484
  31360.00    23.3567
  31370.00    22.8514
  31380.00    23.5941
  31390.00    22.9835
  31400.00    23.0288
  31410.00    23.1672
  31420.00    23.0354
  31430.00    23.1350
  31440.00    22.9996
  31450.00    23.2523
  31460.00    22.6116
  31470.00    22.6007
  31480.00    22.8318
  31490.00    23.2389
  31500.00    22.9367
  31510.00    23.0279
  31520.00    23.0155
  31530.00    23.0876
  31540.00    22.5027
  31550.00    22.8793
  31560.00    23.3110
  31570.00    22.7398
  31580.00    23.2137
  31590.00    23.2484
  31600.00    23.2975
  31610.00    23.1558
  31620.00    22.8680
  31630.00    22.5240
  31640.00    23.0834
  31650.00    22.8522
  31660.00    23.3155
  31670.00    23.3215
  31680.00    23.1907
  31690.00    23.1483
  31700.00    23.2333
  31710.00    23.2930
  31720.00    22.6864
  31730.00    23.0059
  31740.00    23.5666
  31750.00    23.1883
  31760.00    23.4980
  31770.00    23.5806
  31780.00    23.1887
  31790.00    22.9239
  31800.00    23.0300
  31810.00    23.1748
  31820.00    23.5828
  31830.00    22.8857
  31840.00    22.5589
  31850.00    23.0122
  31860.00    22.8688
  31870.00    22.6537
  31880.00    22.5975
  31890.00    22.9745
  31900.00    22.8302
  31910.00    22.8690
  31920.00    23.5014
  31930.00    22.3326
  31940.00    22.9392
  31950.00    22.5560
  31960.00    22.3653
  31970.00    23.3559
  31980.00    22.5371
  31990.00    22.7734
  32000.00    22.8867
  32010.00    23.2213
  32020.00    23.3691
  32030.00    23.3566
  32040.00    23.2337
  32050.00    23.0435
  32060.00    22.8617
  32070.00    23.7047
  32080.00    22.9533
  32090.00    22.9528
  32100.00    23.0343
  32110.00    22.9748
  32120.00    22.7586
  32130.00    22.5035
  32140.00    22.8168
  32150.00    23.4646
  32160.00    22.7847
  32170.00    23.3537
  32180.00    22.9599
  32190.00    22.6343
  32200.00    23.2378
  32210.00    22.8815
  32220.00    22.7514
  32230.00    22.6357
  32240.00    22.8559
  32250.00    23.2931
  32260.00    23.8406
  32270.00    23.0716
  32280.00    23.1283
  32290.00    23.4675
  32300.00    23.0303
  32310.00    22.7941
  32320.00    22.7909
  32330.00    23.1930
  32340.00    23.0153
  32350.00    23.0918
  32360.00    23.4965
  32370.00    22.6421
  32380.00    22.7654
  32390.00    22.4760
  32400.00    23.1317
  32410.00    22.6621
  32420.00    22.8409
  32430.00    23.6566
  32440.00    23.0400
  32450.00    23.1655
  32460.00    23.4189
  32470.00    23.6386
  32480.00    22.5121
  32490.00    23.3605
  32500.00    22.9437
  32510.00    22.8463
  32520.00    23.5292
  32530.00    23.1763
  32540.00    23.0118
  32550.00    23.5550
  32560.00    23.0857
  32570.00    22.6840
  32580.00    23.3760
  32590.00    23.1071
  32600.00    22.8384
  32610.00    22.8604
  32620.00    22.9349
  32630.00    22.6635
  32640.00    22.4873
  32650.00    22.7534
  32660.00    23.3238
  32670.00    23.4864
  32680.00    22.6807
  32690.00    22.6520
  32700.00    22.8822
  32710.00    22.8520
  32720.00    23.0569
  32730.00    23.4419
  32740.00    22.6209
  32750.00    23.1925
  32760.00    22.7034
  32770.00    22.7712
  32780.00    23.2584
  32790.00    23.1031
  32800.00    23.2736
  32810.00    23.0136
  32820.00    23.0777
  32830.00    23.0773
  32840.00    23.4528
  32850.00    23.2048
  32860.00    22.9990
  32870.00    22.7163
  32880.00    23.0167
  32890.00    22.8737
  32900.00    23.3041
  32910.00    23.2012
  32920.00    23.0978
  32930.00    23.2822
  32940.00    22.8739
  32950.00    22.7344
  32960.00    22.4744
  32970.00    23.1905
  32980.00    23.2854
  32990.00    23.1555
  33000.00    23.3383
  33010.00    22.9888
  33020.00    23.5008
  33030.00    23.4666
  33040.00    22.9070
  33050.00    22.5409
  33060.00    22.8109
  33070.00    23.1193
  33080.00    22.9891
  33090.00    22.8671
  33100.00    23.2739
  33110.00    22.9488
  33120.00    22.8889
  33130.00    23.0630
  33140.00    23.1992
  33150.00    23.5155
  33160.00    23.2317
  33170.00    23.1349
  33180.00    23.3520
  33190.00    23.0689
  33200.00    22.7411
  33210.00    22.9893
  33220.00    22.8284
  33230.00    22.7239
  33240.00    23.1724
  33250.00    23.5071
  33260.00    23.0105
  33270.00    22.6392
  33280.00    22.8330
  33290.00    23.2397
  33300.00    23.2259
  33310.00    23.3766
  33320.00    22.8298
  33330.00    22.5650
  33340.00    23.2928
  33350.00    23.1884
  33360.00    23.2422
  33370.00    23.0247
  33380.00    23.5565
  33390.00    23.2329
  33400.00    23.1597
  33410.00    22.4054
  33420.00    23.0167
  33430.00    23.4497
  33440.00    23.5181
  33450.00    23.8494
  33460.00    23.0265
  33470.00    22.6735
  33480.00    23.5042
  33490.00    22.6376
  33500.00    23.0590
  33510.00    22.9679
  33520.00    22.7031
  33530.00    22.8156
  33540.00    23.4272
  33550.00    22.5742
  33560.00    23.3421
  33570.00    22.5813
  33580.00    23.0634
  33590.00    23.1683
  33600.00    22.6933
  33610.00    23.2599
  33620.00    23.4162
  33630.00    22.6315
  33640.00    22.7455
  33650.00    22.7341
  33660.00    23.0234
  33670.00    22.7483
  33680.00    22.5807
  33690.00    23.8995
  33700.00    23.1205
  33710.00    22.8113
  33720.00    23.0574
  33730.00    22.7990
  33740.00    23.2688
  33750.00    23.3329
  33760.00    22.8855
  33770.00    23.1092
  33780.00    23.0253
  33790.00    23.4925
  33800.00    22.9063
  33810.00    22.7918
  33820.00    22.7666
  33830.00    22.6976
  33840.00    22.9042
  33850.00    22.7029
  33860.00    23.0768
  33870.00    22.7751
  33880.00    23.0799
  33890.00    23.0660
  33900.00    22.7815
  33910.00    23.1102
  33920.00    23.0974
  33930.00    22.8273
  33940.00    23.2017
  33950.00    23.0737
  33960.00    23.1346
  33970.00    22.7226
  33980.00    22.3649
  33990.00    22.9794
  34000.00    23.1230
  34010.00    23.3499
  34020.00    22.4545
  34030.00    22.9325
  34040.00    22.7222
  34050.00    23.1571
  34060.00    23.1176
  34070.00    23.1135
  34080.00    23.1945
  34090.00    23.0939
  34100.00    22.6947
  34110.00    22.7439
  34120.00    23.1953
  34130.00    22.4244
  34140.00    22.8338
  34150.00    22.5605
  34160.00    22.6554
  34170.00    22.7809
  34180.00    22.5800
  34190.00    23.1295
  34200.00    23.3273
  34210.00    23.3985
  34220.00    23.1876
  34230.00    22.5974
  34240.00    22.5186
  34250.00    23.2009
  34260.00    23.1827
  34270.00    22.4079
  34280.00    23.0770
  34290.00    23.2871
  34300.00    22.9724
  34310.00    23.1923
  34320.00    23.1230
  34330.00    23.1062
  34340.00    22.9055
  34350.00    23.0005
  34360.00    22.7402
  34370.00    23.1609
  34380.00    23.3576
  34390.00    23.2556
  34400.00    23.1767
  34410.00    23.4112
  34420.00    23.4065
  34430.00    23.3388
  34440.00    23.2714
  34450.00    23.0897
  34460.00    23.0314
  34470.00    23.4307
  34480.00    23.1186
  34490.00    22.7325
  34500.00    23.4831
  34510.00    22.7149
  34520.00    23.3408
  34530.00    23.1994
  34540.00    23.2320
  34550.00    22.9865
  34560.00    23.2753
  34570.00    23.1372
  34580.00    22.8072
  34590.00    22.8299
  34600.00    22.7735
  34610.00    23.0302
  34620.00    23.0937
  34630.00    23.1605
  34640.00    22.8344
  34650.00    22.9910
  34660.00    23.0823
  34670.00    23.2972
  34680.00    23.0417
  34690.00    23.3048
  34700.00    22.6401
  34710.00    23.1627
  34720.00    22.8142
  34730.00    22.7527
  34740.00    23.2171
  34750.00    23.3428
  34760.00    22.9245
  34770.00    22.5566
  34780.00    22.7621
  34790.00    23.0646
  34800.00    22.9844
  34810.00    22.9489
  34820.00    22.9690
  34830.00    23.2354
  34840.00    22.8067
  34850.00    23.1948
  34860.00    22.9262
  34870.00    23.0689
  34880.00    23.6425
  34890.00    22.7392
  34900.00    22.9251
  34910.00    22.7376
  34920.00    23.3584
  34930.00    22.5817
  34940.00    23.2472
  34950.00    23.4224
  34960.00    23.5302
  34970.00    22.8102
  34980.00    22.8541
  34990.00    22.7934
  35000.00    22.9574
  35010.00    22.7343
  35020.00    23.3907
  35030.00    23.2821
  35040.00    22.9871
  35050.00    22.9904
  35060.00    22.9474
  35070.00    22.5789
  35080.00    22.9556
  35090.00    23.0579
  35100.00    22.4824
  35110.00    23.1438
  35120.00    22.5886
  35130.00    22.9553
  35140.00    22.7971
  35150.00    23.1278
  35160.00    23.0600
  35170.00    22.8400
  35180.00    23.1801
  35190.00    23.0989
  35200.00    22.5077
  35210.00    23.1484
  35220.00    23.0402
  35230.00    22.9165
  35240.00    22.9518
  35250.00    22.8219
  35260.00    23.1683
  35270.00    23.0071
  35280.00    23.2918
  35290.00    22.8540
  35300.00    23.0184
  35310.00    23.5685
  35320.00    22.9977
  35330.00    22.9176
  35340.00    22.8749
  35350.00    23.2999
  35360.00    23.0838
  35370.00    22.6585
  35380.00    23.1920
  35390.00    23.2672
  35400.00    23.3422
  35410.00    23.4531
  35420.00    23.4976
  35430.00    22.7887
  35440.00    22.8063
  35450.00    23.2951
  35460.00    23.2496
  35470.00    23.7792
  35480.00    23.1812
  35490.00    22.3425
  35500.00    23.2985
  35510.00    23.1767
  35520.00    22.7358
  35530.00    23.1812
  35540.00    22.9052
  35550.00    23.1251
  35560.00    23.0019
  35570.00    22.9083
  35580.00    22.6967
  35590.00    23.5071
  35600.00    22.9213
  35610.00    23.4920
  35620.00    23.0279
  35630.00    23.0991
  35640.00    22.7721
  35650.00    23.3428
  35660.00    23.0637
  35670.00    22.7115
  35680.00    23.0317
  35690.00    23.1289
  35700.00    23.1151
  35710.00    23.0900
  35720.00    23.0147
  35730.00    23.2432
  35740.00    23.0420
  35750.00    23.7186
  35760.00    23.0248
  35770.00    23.1136
  35780.00    22.4935
  35790.00    23.1817
  35800.00    22.9261
  35810.00    23.0260
  35820.00    22.9225
  35830.00    23.0662
  35840.00    23.1089
  35850.00    23.0210
  35860.00    22.9180
  35870.00    22.8145
  35880.00    22.9414
  35890.00    22.7073
  35900.00    23.2119
  35910.00    22.7984
  35920.00    23.3632
  35930.00    23.0661
  35940.00    23.0261
  35950.00    22.8028
  35960.00    22.6645
  35970.00    23.0808
  35980.00    22.4205
  35990.00    22.7772
  36000.00    22.9988
  36010.00    22.4800
  36020.00    23.1916
  36030.00    22.8748
  36040.00    22.9649
  36050.00    22.9626
  36060.00    22.9721
  36070.00    23.4489
  36080.00    22.7990
  36090.00    23.3503
  36100.00    23.1984
  36110.00    22.5589
  36120.00    23.4301
  36130.00    22.8226
  36140.00    23.0872
  36150.00    22.9381
  36160.00    23.5334
  36170.00    23.5880
  36180.00    22.5993
  36190.00    23.2673
  36200.00    23.4568
  36210.00    22.9442
  36220.00    23.4581
  36230.00    23.3840
  36240.00    23.4072
  36250.00    23.3905
  36260.00    22.7350
  36270.00    23.4554
  36280.00    23.0238
  36290.00    23.3507
  36300.00    23.4260
  36310.00    23.3033
  36320.00    23.2960
  36330.00    22.9255
  36340.00    23.2681
  36350.00    22.9121
  36360.00    23.1006
  36370.00    23.1160
  36380.00    23.2327
  36390.00    23.4285
  36400.00    22.4681
  36410.00    23.0548
  36420.00    23.3113
  36430.00    23.2357
  36440.00    23.3285
  36450.00    22.6656
  36460.00    22.7168
  36470.00    22.8802
  36480.00    22.9627
  36490.00    22.9749
  36500.00    23.4226
  36510.00    23.5925
  36520.00    23.0765
  36530.00    22.8781
  36540.00    22.6999
  36550.00    22.4069
  36560.00    22.9456
  36570.00    23.3391
  36580.00    23.2955
  36590.00    22.6637
  36600.00    23.0311
  36610.00    23.3601
  36620.00    23.1618
  36630.00    23.4617
  36640.00    22.6425
  36650.00    23.4974
  36660.00    22.9272
  36670.00    22.8008
  36680.00    23.0693
  36690.00    22.6135
  36700.00    23.1186
  36710.00    23.1094
  36720.00    23.3012
  36730.00    23.0391
  36740.00    23.0209
  36750.00    22.8841
  36760.00    22.9198
  36770.00    23.0409
  36780.00    22.4162
  36790.00    22.8386
  36800.00    23.3958
  36810.00    22.8301
  36820.00    23.1329
  36830.00    22.0609
  36840.00    23.1833
  36850.00    23.6965
  36860.00    23.4277
  36870.00    23.5526
  36880.00    22.7080
  36890.00    23.4726
  36900.00    22.6830
  36910.00    23.2943
  36920.00    23.0898
  36930.00    22.9640
  36940.00    22.8173
  36950.00    22.7981
  36960.00    22.9131
  36970.00    22.8576
  36980.00    23.3496
  36990.00    23.1845
  37000.00    23.2243
  37010.00    22.9132
  37020.00    22.8040
  37030.00    22.5262
  37040.00    22.8591
  37050.00    23.0240
  37060.00    23.1757
  37070.00    23.1926
  37080.00    23.1569
  37090.00    22.4775
  37100.00    22.9703
  37110.00    22.5402
  37120.00    22.7164
  37130.00    22.9907
  37140.00    23.0697
  37150.00    22.8770
  37160.00    23.1833
  37170.00    22.8972
  37180.00    23.6117
  37190.00    23.5478
  37200.00    23.4491
  37210.00    23.1313
  37220.00    22.9334
  37230.00    23.3970
  37240.00    22.8246
  37250.00    22.8251
  37260.00    22.3399
  37270.00    23.7613
  37280.00    23.3147
  37290.00    22.9731
  37300.00    22.9618
  37310.00    23.1002
  37320.00    23.1295
  37330.00    23.2170
  37340.00    22.7310
  37350.00    23.0066
  37360.00    23.1753
  37370.00    23.3792
  37380.00    23.1736
  37390.00    23.1944
  37400.00    23.0713
  37410.00    22.8958
  37420.00    23.7382
  37430.00    23.3975
  37440.00    22.9245
  37450.00    23.1456
  37460.00    23.1485
  37470.00    22.7500
  37480.00    22.6734
  37490.00    23.3119
  37500.00    23.2384
  37510.00    23.3891
  37520.00    23.5023
  37530.00    23.8044
  37540.00    23.3835
  37550.00    22.8957
  37560.00    22.3670
  37570.00    23.0524
  37580.00    23.2043
  37590.00    23.1643
  37600.00    23.0246
  37610.00    23.1615
  37620.00    22.6302
  37630.00    22.7311
  37640.00    22.8196
  37650.00    22.9952
  37660.00    22.8577
  37670.00    22.8459
  37680.00    23.2536
  37690.00    22.7126
  37700.00    22.9165
  37710.00    22.7763
  37720.00    22.8584
  37730.00    22.9544
  37740.00    23.6957
  37750.00    23.1121
  37760.00    22.7233
  37770.00    23.2366
  37780.00    23.4551
  37790.00    23.1132
  37800.00    23.0557
  37810.00    22.9326
  37820.00    23.3335
  37830.00    23.2606
  37840.00    22.9759
  37850.00    23.1959
  37860.00    23.0388
  37870.00    23.1093
  37880.00    22.4880
  37890.00    22.9995
  37900.00    22.9233
  37910.00    23.0955
  37920.00    23.3623
  37930.00    23.1110
  37940.00    23.0521
  37950.00    22.9566
  37960.00    22.8461
  37970.00    23.1298
  37980.00    22.9880
  37990.00    22.9085
  38000.00    23.4863
  38010.00    23.3314
  38020.00    22.9752
  38030.00    22.8316
  38040.00    23.3087
  38050.00    22.9501
  38060.00    23.3191
  38070.00    23.3922
  38080.00    22.8578
  38090.00    23.0887
  38100.00    22.8465
  38110.00    22.4002
  38120.00    23.1355
  38130.00    22.9653
  38140.00    22.9995
  38150.00    23.6674
  38160.00    23.0124
  38170.00    23.1078
  38180.00    22.5701
  38190.00    22.2132
  38200.00    23.2952
  38210.00    23.0182
  38220.00    23.0057
  38230.00    23.3321
  38240.00    23.0848
  38250.00    23.3354
  38260.00    22.9715
  38270.00    22.3286
  38280.00    23.2503
  38290.00    22.9616
  38300.00    23.6224
  38310.00    22.9795
  38320.00    22.8541
  38330.00    23.0850
  38340.00    23.3904
  38350.00    22.8289
  38360.00    23.2059
  38370.00    23.1663
  38380.00    22.9939
  38390.00    23.4150
  38400.00    23.2694
  38410.00    23.6085
  38420.00    23.1922
  38430.00    23.3838
  38440.00    22.8975
  38450.00    23.0956
  38460.00    23.2684
  38470.00    22.3614
  38480.00    23.6508
  38490.00    23.0011
  38500.00    22.7798
  38510.00    22.5418
  38520.00    22.8581
  38530.00    23.0983
  38540.00    23.0848
  38550.00    23.0919
  38560.00    22.8334
  38570.00    22.7498
  38580.00    23.1043
  38590.00    23.1560
  38600.00    22.5586
  38610.00    22.7273
  38620.00    22.9503
  38630.00    22.9994
  38640.00    22.8850
  38650.00    23.3339
  38660.00    23.0329
  38670.00    23.1945
  38680.00    22.7051
  38690.00    22.8962
  38700.00    22.6290
  38710.00    22.9747
  38720.00    23.0767
  38730.00    23.0424
  38740.00    22.9048
  38750.00    23.2447
  38760.00    23.1619
  38770.00    22.7021
  38780.00    22.6078
  38790.00    22.7806
  38800.00    22.7054
  38810.00    22.9101
  38820.00    22.8763
  38830.00    23.1528
  38840.00    23.1997
  38850.00    23.1556
  38860.00    23.0563
  38870.00    22.9435
  38880.00    22.7913
  38890.00    23.1452
  38900.00    21.9835
  38910.00    23.2614
  38920.00    23.0849
  38930.00    22.9664
  38940.00    22.9580
  38950.00    22.3416
  38960.00    23.0932
  38970.00    22.9198
  38980.00    23.4198
  38990.00    22.5864
  39000.00    23.3333
  39010.00    22.7003
  39020.00    22.8150
  39030.00    23.0236
  39040.00    22.7949
  39050.00    22.4685
  39060.00    23.3523
  39070.00    22.9778
  39080.00    23.0958
  39090.00    23.2609
  39100.00    22.9329
  39110.00    23.3957
  39120.00    23.4739
  39130.00    23.2184
  39140.00    22.4362
  39150.00    22.5053
  39160.00    22.7595
  39170.00    23.2871
  39180.00    22.8032
  39190.00    22.3871
  39200.00    23.3010
  39210.00    22.8099
  39220.00    22.8621
  39230.00    22.8651
  39240.00    23.5564
  39250.00    22.7338
  39260.00    22.8209
  39270.00    22.7348
  39280.00    22.8518
  39290.00    22.6995
  39300.00    22.5551
  39310.00    22.7278
  39320.00    22.7552
  39330.00    23.3805
  39340.00    23.0986
  39350.00    23.6343
  39360.00    23.0174
  39370.00    22.9323
  39380.00    22.7082
  39390.00    23.0013
  39400.00    23.0415
  39410.00    23.0477
  39420.00    23.2288
  39430.00    23.2899
  39440.00    22.8147
  39450.00    22.7146
  39460.00    22.8495
  39470.00    22.6833
  39480.00    22.3432
  39490.00    23.2207
  39500.00    22.7879
  39510.00    23.0596
  39520.00    23.4907
  39530.00    22.3078
  39540.00    22.5634
  39550.00    22.9456
  39560.00    23.1862
  39570.00    23.1124
  39580.00    23.2099
  39590.00    22.9011
  39600.00    22.9287
  39610.00    22.6765
  39620.00    23.6143
  39630.00    23.1452
  39640.00    23.3252
  39650.00    22.9761
  39660.00    22.9265
  39670.00    22.9325
  39680.00    22.9960
  39690.00    23.1195
  39700.00    23.3920
  39710.00    23.1900
  39720.00    23.0282
  39730.00    23.7176
  39740.00    23.1723
  39750.00    23.1776
  39760.00    22.8993
  39770.00    23.1843
  39780.00    23.1056
  39790.00    22.7940
  39800.00    22.9744
  39810.00    22.7726
  39820.00    22.8696
  39830.00    23.2712
  39840.00    22.8461
  39850.00    23.2715
  39860.00    22.8419
  39870.00    22.8079
  39880.00    23.3563
  39890.00    23.0700
  39900.00    22.8570
  39910.00    23.3519
  39920.00    23.4038
  39930.00    23.2915
  39940.00    23.4532
  39950.00    23.0676
  39960.00    23.0155
  39970.00    23.3629
  39980.00    22.9339
  39990.00    22.7305
  40000.00    22.7117
  40010.00    23.2382
  40020.00    23.4595
  40030.00    23.0575
  40040.00    22.7819
  40050.00    22.8105
  40060.00    23.5176
  40070.00    23.5838
  40080.00    22.9955
  40090.00    23.0488
  40100.00    23.0583
  40110.00    23.0141
  40120.00    22.9044
  40130.00    22.8091
  40140.00    23.5356
  40150.00    23.0508
  40160.00    23.3056
  40170.00    22.1166
  40180.00    22.6587
  40190.00    23.4000
  40200.00    23.1003
  40210.00    23.3479
  40220.00    22.5961
  40230.00    23.0061
  40240.00    23.2198
  40250.00    23.0919
  40260.00    22.9316
  40270.00    23.1227
  40280.00    22.8965
  40290.00    22.5968
  40300.00    22.9612
  40310.00    22.9388
  40320.00    22.7302
  40330.00    22.8620
  40340.00    23.2833
  40350.00    22.8282
  40360.00    22.4971
  40370.00    22.6838
  40380.00    22.6344
  40390.00    23.0950
  40400.00    22.6927
  40410.00    22.6027
  40420.00    22.8245
  40430.00    22.8115
  40440.00    23.2879
  40450.00    23.3594
  40460.00    23.4219
  40470.00    23.3208
  40480.00    22.5418
  40490.00    22.4071
  40500.00    22.4495
  40510.00    23.1093
  40520.00    23.5232
  40530.00    23.2440
  40540.00    22.9951
  40550.00    23.2759
  40560.00    23.0723
  40570.00    23.0685
  40580.00    23.7579
  40590.00    22.8867
  40600.00    23.0151
  40610.00    22.9786
  40620.00    23.3808
  40630.00    23.2273
  40640.00    22.6655
  40650.00    23.0717
  40660.00    22.8657
  40670.00    22.8566
  40680.00    23.3265
  40690.00    23.2802
  40700.00    23.2083
  40710.00    23.7720
  40720.00    23.3913
  40730.00    23.3378
  40740.00    22.9254
  40750.00    22.9143
  40760.00    23.0334
  40770.00    22.6349
  40780.00    23.0940
  40790.00    23.2383
  40800.00    23.1834
  40810.00    23.0512
  40820.00    22.9140
  40830.00    23.4582
  40840.00    22.5738
  40850.00    23.0101
  40860.00    23.0037
  40870.00    22.9238
  40880.00    22.6330
  40890.00    23.1510
  40900.00    22.5722
  40910.00    22.7162
  40920.00    23.2301
  40930.00    23.3828
  40940.00    22.8932
  40950.00    23.3479
  40960.00    23.3813
  40970.00    22.8175
  40980.00    23.0951
  40990.00    22.5803
  41000.00    22.9795
  41010.00    22.5901
  41020.00    22.9474
  41030.00    23.6280
  41040.00    23.4354
  41050.00    23.0749
  41060.00    22.4942
  41070.00    22.6338
  41080.00    22.5048
  41090.00    22.5867
  41100.00    22.9884
  41110.00    23.1509
  41120.00    23.2968
  41130.00    23.0684
  41140.00    22.5215
  41150.00    22.9060
  41160.00    22.8614
  41170.00    23.0918
  41180.00    22.8367
  41190.00    23.3403
  41200.00    22.9116
  41210.00    22.9211
  41220.00    22.9320
  41230.00    23.0177
  41240.00    23.0421
  41250.00    22.7321
  41260.00    23.0942
  41270.00    23.0294
  41280.00    22.6727
  41290.00    23.1145
  41300.00    22.8273
  41310.00    23.0309
  41320.00    22.4834
  41330.00    23.0445
  41340.00    23.1624
  41350.00    23.1645
  41360.00    23.1450
  41370.00    22.3896
  41380.00    23.0436
  41390.00    23.1324
  41400.00    22.9737
  41410.00    23.5149
  41420.00    23.1604
  41430.00    23.1790
  41440.00    22.3512
  41450.00    22.7104
  41460.00    23.2980
  41470.00    23.1776
  41480.00    22.7033
  41490.00    23.4116
  41500.00    23.0412
  41510.00    23.8121
  41520.00    22.5632
  41530.00    22.8825
  41540.00    23.4766
  41550.00    22.5040
  41560.00    23.1249
  41570.00    23.2674
  41580.00    23.0187
  41590.00    23.1654
  41600.00    23.3028
  41610.00    23.1119
  41620.00    22.9411
  41630.00    22.8622
  41640.00    23.0595
  41650.00    22.6194
  41660.00    22.8194
  41670.00    23.2344
  41680.00    23.0649
  41690.00    23.7044
  41700.00    23.1121
  41710.00    23.0435
  41720.00    22.9548
  41730.00    22.7997
  41740.00    22.8889
  41750.00    22.9776
  41760.00    22.8412
  41770.00    23.1574
  41780.00    22.8559
  41790.00    22.9777
  41800.00    22.6945
  41810.00    23.0175
  41820.00    22.3928
  41830.00    23.2134
  41840.00    22.8276
  41850.00    23.0349
  41860.00    23.1300
  41870.00    22.8352
  41880.00    22.6817
  41890.00    23.1201
  41900.00    22.8502
  41910.00    23.0614
  41920.00    23.2203
  41930.00    23.3752
  41940.00    22.7500
  41950.00    22.9305
  41960.00    23.3675
  41970.00    23.1444
  41980.00    22.9978
  41990.00    23.0698
  42000.00    22.8941
  42010.00    22.7511
  42020.00    22.8308
  42030.00    23.2270
  42040.00    23.3567
  42050.00    23.2627
  42060.00    23.5268
  42070.00    23.0662
  42080.00    23.3470
  42090.00    22.7748
  42100.00    22.8023
  42110.00    22.9609
  42120.00    22.9405
  42130.00    23.0636
  42140.00    22.8309
  42150.00    22.8662
  42160.00    23.1388
  42170.00    22.8887
  42180.00    22.9882
  42190.00    23.3668
  42200.00    22.8423
  42210.00    23.0358
  42220.00    23.0328
  42230.00    23.3900
  42240.00    23.2433
  42250.00    22.7323
  42260.00    23.1892
  42270.00    23.3253
  42280.00    23.7429
  42290.00    23.1960
  42300.00    23.7242
  42310.00    22.4186
  42320.00    23.5686
  42330.00    22.7411
  42340.00    23.4159
  42350.00    23.2049
  42360.00    22.7222
  42370.00    22.9837
  42380.00    23.2083
  42390.00    23.1968
  42400.00    23.1408
  42410.00    22.7549
  42420.00    23.3959
  42430.00    22.8656
  42440.00    22.6684
  42450.00    22.7983
  42460.00    23.2211
  42470.00    22.6911
  42480.00    23.1873
  42490.00    23.6319
  42500.00    23.0806
  42510.00    23.1231
  42520.00    23.0401
  42530.00    23.3367
  42540.00    23.1374
  42550.00    23.0632
  42560.00    23.2084
  42570.00    22.4620
  42580.00    23.0042
  42590.00    23.1217
  42600.00    22.7619
  42610.00    22.5013
  42620.00    23.2180
  42630.00    23.3161
  42640.00    23.1706
  42650.00    22.9060
  42660.00    23.1929
  42670.00    22.9798
  42680.00    23.2068
  42690.00    22.7860
  42700.00    22.6861
  42710.00    22.7326
  42720.00    23.1111
  42730.00    22.9953
  42740.00    22.8616
  42750.00    23.0563
  42760.00    22.5491
  42770.00    22.9492
  42780.00    23.0579
  42790.00    23.4371
  42800.00    23.5368
  42810.00    23.1303
  42820.00    22.3630
  42830.00    22.9261
  42840.00    23.1682
  42850.00    23.3318
  42860.00    23.4055
  42870.00    22.2968
  42880.00    23.0013
  42890.00    22.4833
  42900.00    22.6153
  42910.00    22.6903
  42920.00    23.0365
  42930.00    23.2488
  42940.00    23.2567
  42950.00    23.6427
  42960.00    24.0316
  42970.00    23.3572
  42980.00    22.8369
  42990.00    23.5856
  43000.00    22.5926
  43010.00    23.3937
  43020.00    23.1758
  43030.00    23.1279
  43040.00    23.0155
  43050.00    22.9115
  43060.00    22.6632
  43070.00    22.9489
  43080.00    23.2302
  43090.00    22.5376
  43100.00    22.8305
  43110.00    23.3673
  43120.00    23.4586
  43130.00    23.0990
  43140.00    23.4033
  43150.00    23.2645
  43160.00    22.7614
  43170.00    23.1286
  43180.00    22.8560
  43190.00    22.6338
  43200.00    23.0905
  43210.00    22.9843
  43220.00    23.0825
  43230.00    23.1358
  43240.00    23.5252
  43250.00    22.7344
  43260.00    23.3952
  43270.00    22.0838
  43280.00    22.7560
  43290.00    22.7937
  43300.00    22.8350
  43310.00    23.3209
  43320.00    23.6481
  43330.00    23.6990
  43340.00    23.0881
  43350.00    23.0246
  43360.00    23.2625
  43370.00    23.0368
  43380.00    22.7905
  43390.00    23.0297
  43400.00    23.2189
  43410.00    23.4946
  43420.00    22.9496
  43430.00    22.6554
  43440.00    22.4281
  43450.00    22.5844
  43460.00    23.0124
  43470.00    23.0174
  43480.00    23.3624
  43490.00    23.1008
  43500.00    23.2376
  43510.00    22.5443
  43520.00    22.6307
  43530.00    22.7424
  43540.00    22.8508
  43550.00    23.2697
  43560.00    22.6385
  43570.00    23.0950
  43580.00    23.7516
  43590.00    23.2004
  43600.00    23.3603
  43610.00    23.3487
  43620.00    22.9578
  43630.00    23.3972
  43640.00    23.5291
  43650.00    23.0999
  43660.00    23.6849
  43670.00    22.6938
  43680.00    23.6140
  43690.00    23.1208
  43700.00    22.9758
  43710.00    22.0831
  43720.00    23.1894
  43730.00    23.1432
  43740.00    23.0715
  43750.00    23.1931
  43760.00    22.6553
  43770.00    22.5682
  43780.00    22.7139
  43790.00    22.5425
  43800.00    22.9765
  43810.00    22.9992
  43820.00    23.0444
  43830.00    22.9431
  43840.00    23.1918
  43850.00    23.0413
  43860.00    23.0665
  43870.00    22.4174
  43880.00    23.0691
  43890.00    22.9474
  43900.00    22.8289
  43910.00    22.7326
  43920.00    22.7486
  43930.00    22.7542
  43940.00    22.5739
  43950.00    23.0103
  43960.00    22.4231
  43970.00    22.9826
  43980.00    23.0158
  43990.00    22.8110
  44000.00    22.6741
  44010.00    22.8225
  44020.00    22.9469
  44030.00    22.9683
  44040.00    23.1184
  44050.00    23.0906
  44060.00    23.2072
  44070.00    23.1615
  44080.00    22.9825
  44090.00    22.5495
  44100.00    23.2576
  44110.00    23.0203
  44120.00    22.9509
  44130.00    23.2358
  44140.00    23.3110
  44150.00    23.2953
  44160.00    23.2732
  44170.00    22.5712
  44180.00    23.0692
  44190.00    22.9054
  44200.00    22.8784
  44210.00    23.0511
  44220.00    23.3657
  44230.00    22.7511
  44240.00    23.1561
  44250.00    23.1110
  44260.00    23.1464
  44270.00    23.2594
  44280.00    22.7271
  44290.00    22.9783
  44300.00    23.0318
  44310.00    22.6361
  44320.00    23.0240
  44330.00    22.8940
  44340.00    22.8972
  44350.00    23.4582
  44360.00    22.5284
  44370.00    22.9368
  44380.00    22.9829
  44390.00    22.7681
  44400.00    22.6632
  44410.00    22.9374
  44420.00    22.6595
  44430.00    23.2761
  44440.00    23.2349
  44450.00    22.8753
  44460.00    23.0825
  44470.00    22.7487
  44480.00    23.3269
  44490.00    23.4314
  44500.00    23.0328
  44510.00    22.9281
  44520.00    23.4893
  44530.00    23.1768
  44540.00    23.2322
  44550.00    23.0458
  44560.00    22.8223
  44570.00    22.7939
  44580.00    22.8598
  44590.00    22.4471
  44600.00    22.7921
  44610.00    23.2159
  44620.00    23.5895
  44630.00    22.8926
  44640.00    22.9332
  44650.00    23.1667
  44660.00    23.1324
  44670.00    22.5174
  44680.00    23.0892
  44690.00    23.2241
  44700.00    22.8239
  44710.00    22.7089
  44720.00    22.5783
  44730.00    22.7422
  44740.00    22.9584
  44750.00    22.7584
  44760.00    22.9845
  44770.00    22.7975
  44780.00    23.1675
  44790.00    23.1223
  44800.00    22.8564
  44810.00    22.7137
  44820.00    23.3402
  44830.00    22.9183
  44840.00    22.5239
  44850.00    22.6064
  44860.00    23.7106
  44870.00    22.8591
  44880.00    22.4322
  44890.00    22.9178
  44900.00    23.1005
  44910.00    22.9205
  44920.00    22.8802
  44930.00    22.8449
  44940.00    23.1279
  44950.00    23.3293
  44960.00    23.1744
  44970.00    23.1805
  44980.00    22.6293
  44990.00    23.3268
  45000.00    23.1398
  45010.00    22.9846
  45020.00    23.3539
  45030.00    22.9664
  45040.00    22.6908
  45050.00    22.7056
  45060.00    23.6108
  45070.00    23.5249
  45080.00    23.2862
  45090.00    23.0150
  45100.00    23.2170
  45110.00    23.0880
  45120.00    22.8491
  45130.00    23.3064
  45140.00    23.5336
  45150.00    22.6535
  45160.00    22.9423
  45170.00    22.7161
  45180.00    23.3538
  45190.00    22.9897
  45200.00    22.7467
  45210.00    23.3209
  45220.00    22.8555
  45230.00    23.0110
  45240.00    23.1900
  45250.00    23.2013
  45260.00    22.8985
  45270.00    22.9176
  45280.00    22.9722
  45290.00    23.2223
  45300.00    22.9537
  45310.00    22.7964
  45320.00    23.3436
  45330.00    22.8743
  45340.00    23.2896
  45350.00    22.9356
  45360.00    23.6476
  45370.00    23.2829
  45380.00    23.1281
  45390.00    22.5159
  45400.00    22.7423
  45410.00    23.1359
  45420.00    23.4311
  45430.00    22.4664
  45440.00    23.0180
  45450.00    23.4818
  45460.00    23.1509
  45470.00    23.3492
  45480.00    23.0450
  45490.00    23.0451
  45500.00    23.2568
  45510.00    23.0584
  45520.00    23.0182
  45530.00    23.4748
  45540.00    23.2544
  45550.00    23.1839
  45560.00    23.5645
  45570.00    23.3312
  45580.00    22.9685
  45590.00    23.3705
  45600.00    23.0772
  45610.00    23.0410
  45620.00    22.9263
  45630.00    22.9118
  45640.00    23.4005
  45650.00    23.0978
  45660.00    22.8992
  45670.00    22.9691
  45680.00    22.5210
  45690.00    22.8148
  45700.00    22.8839
  45710.00    22.9735
  45720.00    23.0537
  45730.00    23.1436
  45740.00    22.8565
  45750.00    22.8479
  45760.00    22.9646
  45770.00    23.2639
  45780.00    22.9292
  45790.00    22.7312
  45800.00    23.0971
  45810.00    22.7988
  45820.00    22.5236
  45830.00    23.2364
  45840.00    22.9810
  45850.00    22.7016
  45860.00    23.1401
  45870.00    22.6690
  45880.00    23.1288
  45890.00    22.9378
  45900.00    22.6592
  45910.00    22.7708
  45920.00    23.0319
  45930.00    23.2051
  45940.00    23.0498
  45950.00    22.5805
  45960.00    23.1443
  45970.00    23.5423
  45980.00    22.5461
  45990.00    22.9921
  46000.00    23.3289
  46010.00    22.8859
  46020.00    22.9109
  46030.00    22.8492
  46040.00    22.7158
  46050.00    23.1301
  46060.00    23.4686
  46070.00    22.8598
  46080.00    23.1110
  46090.00    22.8273
  46100.00    23.0632
  46110.00    23.0115
  46120.00    22.1647
  46130.00    22.8581
  46140.00    23.0805
  46150.00    23.2763
  46160.00    23.1945
  46170.00    22.9172
  46180.00    22.9341
  46190.00    23.2306
  46200.00    23.8289
  46210.00    22.7160
  46220.00    23.1607
  46230.00    23.3926
  46240.00    23.3081
  46250.00    23.0017
  46260.00    23.1553
  46270.00    23.3373
  46280.00    22.9525
  46290.00    23.0390
  46300.00    23.1055
  46310.00    23.0849
  46320.00    22.7851
  46330.00    23.3710
  46340.00    23.5725
  46350.00    22.7677
  46360.00    22.4193
  46370.00    23.0892
  46380.00    22.6271
  46390.00    22.5441
  46400.00    22.8455
  46410.00    22.9710
  46420.00    23.2919
  46430.00    22.9567
  46440.00    23.2567
  46450.00    22.7646
  46460.00    23.0012
  46470.00    22.6615
  46480.00    22.4827
  46490.00    23.0968
  46500.00    23.0682
  46510.00    22.8859
  46520.00    23.0458
  46530.00    23.4381
  46540.00    23.1764
  46550.00    23.3696
  46560.00    23.2848
  46570.00    23.0481
  46580.00    23.5186
  46590.00    23.2693
  46600.00    23.0440
  46610.00    22.6919
  46620.00    23.2840
  46630.00    22.9470
  46640.00    22.8335
  46650.00    23.1263
  46660.00    22.8818
  46670.00    23.1281
  46680.00    22.9377
  46690.00    22.7461
  46700.00    22.7776
  46710.00    23.1743
  46720.00    23.0772
  46730.00    22.6307
  46740.00    23.4595
  46750.00    22.9669
  46760.00    23.1816
  46770.00    23.2976
  46780.00    23.3365
  46790.00    23.3504
  46800.00    23.1814
  46810.00    23.0478
  46820.00    23.0561
  46830.00    22.7104
  46840.00    22.8524
  46850.00    23.4375
  46860.00    23.1603
  46870.00    22.6215
  46880.00    22.9673
  46890.00    22.6981
  46900.00    23.3431
  46910.00    22.5165
  46920.00    23.0944
  46930.00    23.3472
  46940.00    23.2188
  46950.00    23.1249
  46960.00    23.0331
  46970.00    23.2671
  46980.00    23.1273
  46990.00    23.1600
  47000.00    23.1084
  47010.00    23.5878
  47020.00    22.4022
  47030.00    23.4830
  47040.00    23.1638
  47050.00    23.0943
  47060.00    22.9956
  47070.00    22.7460
  47080.00    22.6770
  47090.00    22.5882
  47100.00    23.5729
  47110.00    22.7549
  47120.00    23.2463
  47130.00    23.2886
  47140.00    23.1120
  47150.00    22.9480
  47160.00    22.9505
  47170.00    23.1700
  47180.00    22.5910
  47190.00    23.1057
  47200.00    23.1245
  47210.00    22.7734
  47220.00    22.7139
  47230.00    23.0677
  47240.00    23.2084
  47250.00    22.8323
  47260.00    23.1908
  47270.00    22.9409
  47280.00    23.5060
  47290.00    22.9987
  47300.00    22.4817
  47310.00    22.5736
  47320.00    22.6319
  47330.00    23.2558
  47340.00    23.2195
  47350.00    22.7987
  47360.00    22.7774
  47370.00    22.5732
  47380.00    23.1201
  47390.00    23.0287
  47400.00    23.5281
  47410.00    23.0562
  47420.00    23.5821
  47430.00    23.6249
  47440.00    22.8320
  47450.00    23.4064
  47460.00    23.7669
  47470.00    23.6100
  47480.00    23.4846
  47490.00    23.0461
  47500.00    22.7228
  47510.00    23.5081
  47520.00    22.7250
  47530.00    22.7256
  47540.00    22.8010
  47550.00    23.7791
  47560.00    23.1545
  47570.00    22.6393
  47580.00    23.2210
  47590.00    23.3832
  47600.00    23.1740
  47610.00    22.9691
  47620.00    23.0553
  47630.00    23.0677
  47640.00    23.3561
  47650.00    23.2863
  47660.00    23.5612
  47670.00    23.7353
  47680.00    22.9694
  47690.00    22.9668
  47700.00    23.3813
  47710.00    23.3109
  47720.00    23.0444
  47730.00    23.0428
  47740.00    22.9549
  47750.00    23.1548
  47760.00    23.4154
  47770.00    23.0781
  47780.00    23.1175
  47790.00    23.1554
  47800.00    23.1775
  47810.00    23.0597
  47820.00    22.8865
  47830.00    22.6372
  47840.00    22.9078
  47850.00    23.3309
  47860.00    22.5250
  47870.00    22.8807
  47880.00    23.6334
  47890.00    23.1801
  47900.00    23.6462
  47910.00    23.2370
  47920.00    23.4078
  47930.00    23.0783
  47940.00    23.1930
  47950.00    22.6391
  47960.00    23.0578
  47970.00    22.9123
  47980.00    23.3530
  47990.00    22.5074
  48000.00    22.6787
  48010.00    23.1644
  48020.00    22.9772
  48030.00    23.4937
  48040.00    22.8377
  48050.00    23.3916
  48060.00    22.8869
  48070.00    22.7512
  48080.00    23.4145
  48090.00    22.6829
  48100.00    22.8809
  48110.00    23.1560
  48120.00    22.8860
  48130.00    23.8842
  48140.00    22.8476
  48150.00    23.0481
  48160.00    22.5548
  48170.00    22.7732
  48180.00    22.9003
  48190.00    22.8124
  48200.00    23.4334
  48210.00    23.0922
  48220.00    22.7756
  48230.00    22.9934
  48240.00    22.9086
  48250.00    22.6407
  48260.00    22.7017
  48270.00    23.0541
  48280.00    23.0211
  48290.00    23.2266
  48300.00    22.8127
  48310.00    23.3886
  48320.00    23.5163
  48330.00    22.8342
  48340.00    22.8866
  48350.00    23.1983
  48360.00    23.2229
  48370.00    22.8110
  48380.00    22.9245
  48390.00    22.7848
  48400.00    23.1996
  48410.00    22.7571
  48420.00    22.5498
  48430.00    22.6448
  48440.00    22.7483
  48450.00    22.7884
  48460.00    22.2546
  48470.00    22.8889
  48480.00    23.6025
  48490.00    22.9562
  48500.00    23.3584
  48510.00    23.3259
  48520.00    22.5876
  48530.00    22.8486
  48540.00    22.6986
  48550.00    23.3160
  48560.00    22.9522
  48570.00    22.6016
  48580.00    23.1055
  48590.00    23.1106
  48600.00    23.2235
  48610.00    23.1939
  48620.00    22.3013
  48630.00    23.1431
  48640.00    22.5232
  48650.00    22.8936
  48660.00    23.3926
  48670.00    23.1310
  48680.00    22.6254
  48690.00    22.9922
  48700.00    23.1255
  48710.00    22.9340
  48720.00    22.8758
  48730.00    22.7761
  48740.00    23.4718
  48750.00    23.2251
  48760.00    23.1141
  48770.00    22.6549
  48780.00    23.0139
  48790.00    22.6868
  48800.00    23.1488
  48810.00    22.6202
  48820.00    23.1931
  48830.00    22.5999
  48840.00    23.7392
  48850.00    22.6116
  48860.00    22.7519
  48870.00    22.4778
  48880.00    23.3161
  48890.00    22.7469
  48900.00    23.2779
  48910.00    22.7435
  48920.00    23.3122
  48930.00    22.7402
  48940.00    22.9537
  48950.00    23.2568
  48960.00    22.7579
  48970.00    22.8970
  48980.00    23.0217
  48990.00    22.1304
  49000.00    23.1707
  49010.00    23.3270
  49020.00    23.4835
  49030.00    22.8429
  49040.00    23.0750
  49050.00    22.8013
  49060.00    22.8687
  49070.00    23.0138
  49080.00    22.4924
  49090.00    23.0113
  49100.00    22.5990
  49110.00    23.5453
  49120.00    22.9886
  49130.00    22.4438
  49140.00    23.0043
  49150.00    22.8175
  49160.00    22.6272
  49170.00    22.4534
  49180.00    23.0742
  49190.00    23.0755
  49200.00    23.0525
  49210.00    22.8002
  49220.00    23.2079
  49230.00    23.5087
  49240.00    23.1278
  49250.00    23.6106
  49260.00    23.1628
  49270.00    23.2831
  49280.00    22.6302
  49290.00    22.6213
  49300.00    22.8512
  49310.00    23.2396
  49320.00    22.9358
  49330.00    22.1597
  49340.00    22.8787
  49350.00    23.4962
  49360.00    23.3294
  49370.00    23.0576
  49380.00    23.4866
  49390.00    23.0185
  49400.00    22.5992
  49410.00    22.8692
  49420.00    22.6521
  49430.00    23.1191
  49440.00    22.8854
  49450.00    23.2553
  49460.00    23.0317
  49470.00    23.1763
  49480.00    22.8192
  49490.00    22.9789
  49500.00    22.8983
  49510.00    22.8975
  49520.00    23.4207
  49530.00    23.0294
  49540.00    23.2148
  49550.00    22.7859
  49560.00    23.1669
  49570.00    22.9610
  49580.00    22.7738
  49590.00    23.2951
  49600.00    23.1770
  49610.00    23.5652
  49620.00    22.6316
  49630.00    22.7212
  49640.00    23.3198
  49650.00    22.8934
  49660.00    23.0767
  49670.00    22.1138
  49680.00    23.1397
  49690.00    23.4325
  49700.00    23.0962
  49710.00    22.5691
  49720.00    22.9672
  49730.00    22.9575
  49740.00    23.0456
  49750.00    23.0963
  49760.00    23.0170
  49770.00    22.7869
  49780.00    23.3282
  49790.00    22.8990
  49800.00    23.5907
  49810.00    22.8820
  49820.00    22.8944
  49830.00    22.9861
  49840.00    23.0807
  49850.00    22.9123
  49860.00    22.6461
  49870.00    22.6769
  49880.00    23.0163
  49890.00    23.0207
  49900.00    22.9839
  49910.00    23.1606
  49920.00    23.2212
  49930.00    23.0813
  49940.00    22.9474
  49950.00    23.0725
  49960.00    22.9268
  49970.00    22.5340
  49980.00    22.7997
  49990.00    23.0257
  50000.00    22.6714
