     10.00   -11.4694
     20.00   -11.0504
     30.00   -10.8624
     40.00   -11.1198
     50.00   -10.8663
     60.00   -11.1848
     70.00   -11.2553
     80.00   -11.0444
     90.00   -11.1901
    100.00   -10.8668
    110.00   -11.3502
    120.00   -11.2438
    130.00   -10.8875
    140.00   -11.3130
    150.00   -11.5125
    160.00   -11.3451
    170.00   -11.0987
    180.00   -11.3775
    190.00   -11.2250
    200.00   -11.3367
    210.00   -11.4449
    220.00   -10.6999
    230.00   -10.8059
    240.00   -11.1575
    250.00   -11.2562
    260.00   -10.7540
    270.00   -11.4847
    280.00   -11.4835
    290.00   -11.2157
    300.00   -10.8428
    310.00   -11.4442
    320.00   -10.9333
    330.00   -10.9260
    340.00   -11.4073
    350.00   -11.3882
    360.00   -11.4640
    370.00   -10.9974
    380.00   -11.1059
    390.00   -10.9724
    400.00   -11.0037
    410.00   -11.2222
    420.00   -10.9670
    430.00   -11.1612
    440.00   -10.9387
    450.00   -10.5890
    460.00   -10.8794
    470.00   -11.3501
    480.00   -10.6423
    490.00   -11.0991
    500.00   -11.1682
    510.00   -11.0170
    520.00   -11.1927
    530.00   -11.2924
    540.00   -11.5600
    550.00   -11.2425
    560.00   -11.0225
    570.00   -11.5441
    580.00   -11.1608
    590.00   -11.4478
    600.00   -11.2889
    610.00   -10.9684
    620.00   -11.3533
    630.00   -11.2203
    640.00   -11.3106
    650.00   -10.9979
    660.00   -11.6626
    670.00   -12.0648
    680.00   -11.1234
    690.00   -11.0927
    700.00   -11.1737
    710.00   -11.3230
    720.00   -11.3014
    730.00   -10.6521
    740.00   -11.4871
    750.00   -11.1345
    760.00   -10.8628
    770.00   -11.1032
    780.00   -11.2113
    790.00   -11.2132
    800.00   -10.8730
    810.00   -10.9500
    820.00   -10.9768
    830.00   -11.0565
    840.00   -11.3342
    850.00   -11.0732
    860.00   -11.0551
    870.00   -10.3678
    880.00   -10.9520
    890.00   -11.0103
    900.00   -11.0669
    910.00   -10.8959
    920.00   -11.3364
    930.00   -10.6651
    940.00   -11.1598
    950.00   -11.3421
    960.00   -10.6866
    970.00   -10.8540
    980.00   -11.4430
    990.00   -10.8327
   1000.00   -11.0402
   1010.00   -11.3307
   1020.00   -11.2767
   1030.00   -11.2516
   1040.00   -11.4480
   1050.00   -11.2702
   1060.00   -10.6884
   1070.00   -10.5756
   1080.00   -11.3049
   1090.00   -11.1505
   1100.00   -11.1370
   1110.00   -11.4417
   1120.00   -11.1027
   1130.00   -11.1043
   1140.00   -11.2104
   1150.00   -10.7945
   1160.00   -11.0732
   1170.00   -11.0270
   1180.00   -11.3014
   1190.00   -10.6081
   1200.00   -11.0741
   1210.00   -10.9476
   1220.00   -11.3181
   1230.00   -10.6759
   1240.00   -10.7100
   1250.00   -10.8576
   1260.00   -11.3148
   1270.00   -11.2829
   1280.00   -11.4902
   1290.00   -11.6575
   1300.00   -11.0321
   1310.00   -11.2202
   1320.00   -10.9145
   1330.00   -11.1603
   1340.00   -11.2726
   1350.00   -10.7435
   1360.00   -10.7287
   1370.00   -11.3584
   1380.00   -11.2871
   1390.00   -10.6785
   1400.00   -11.0010
   1410.00   -11.4989
   1420.00   -10.7175
   1430.00   -11.2600
   1440.00   -11.0347
   1450.00   -10.7522
   1460.00   -10.8857
   1470.00   -10.4180
   1480.00   -11.3722
   1490.00   -11.1059
   1500.00   -10.7406
   1510.00   -11.1211
   1520.00   -11.1819
   1530.00   -10.5118
   1540.00   -11.1795
   1550.00   -11.6522
   1560.00   -11.1583
   1570.00   -11.1737
   1580.00   -11.4127
   1590.00   -11.4234
   1600.00   -11.3830
   1610.00   -11.5928
   1620.00   -11.1858
   1630.00   -11.2183
   1640.00   -11.2794
   1650.00   -10.8514
   1660.00   -10.4921
   1670.00   -12.0276
   1680.00   -11.6012
   1690.00   -11.1091
   1700.00   -11.3029
   1710.00   -11.1432
   1720.00   -11.2008
   1730.00   -10.9949
   1740.00   -10.9581
   1750.00   -11.1156
   1760.00   -11.6408
   1770.00   -11.1191
   1780.00   -11.4346
   1790.00   -11.4873
   1800.00   -10.9313
   1810.00   -11.0836
   1820.00   -11.3504
   1830.00   -10.5129
   1840.00   -11.2217
   1850.00   -10.7101
   1860.00   -11.1544
   1870.00   -10.9837
   1880.00   -11.4955
   1890.00   -10.6051
   1900.00   -11.0353
   1910.00   -10.9540
   1920.00   -11.3581
   1930.00   -11.0510
   1940.00   -11.7180
   1950.00   -11.8091
   1960.00   -11.4300
   1970.00   -11.5261
   1980.00   -11.2156
   1990.00   -10.6827
   2000.00   -10.9537
   2010.00   -10.7938
   2020.00   -11.3226
   2030.00   -11.6537
   2040.00   -11.1279
   2050.00   -11.1907
   2060.00   -11.3906
   2070.00   -10.9287
   2080.00   -10.6856
   2090.00   -10.8275
   2100.00   -11.5548
   2110.00   -10.9774
   2120.00   -11.3879
   2130.00   -11.1309
   2140.00   -11.4824
   2150.00   -11.4309
   2160.00   -11.0426
   2170.00   -11.2689
   2180.00   -11.6555
   2190.00   -11.0312
   2200.00   -11.0618
   2210.00   -11.2690
   2220.00   -11.2344
   2230.00   -11.2462
   2240.00   -11.1529
   2250.00   -11.3894
   2260.00   -11.2973
   2270.00   -11.6109
   2280.00   -11.1474
   2290.00   -11.1191
   2300.00   -11.1377
   2310.00   -11.4673
   2320.00   -11.5139
   2330.00   -11.0354
   2340.00   -11.1149
   2350.00   -11.2347
   2360.00   -11.1261
   2370.00   -11.1347
   2380.00   -11.5012
   2390.00   -10.6472
   2400.00   -11.2250
   2410.00   -11.7176
   2420.00   -10.9374
   2430.00   -10.7385
   2440.00   -10.9001
   2450.00   -11.0220
   2460.00   -11.2276
   2470.00   -10.6984
   2480.00   -11.0046
   2490.00   -11.0948
   2500.00   -10.8995
   2510.00   -10.5192
   2520.00   -11.0210
   2530.00   -11.2269
   2540.00   -10.4804
   2550.00   -11.3831
   2560.00   -10.9083
   2570.00   -11.3125
   2580.00   -11.2628
   2590.00   -11.5348
   2600.00   -11.1796
   2610.00   -11.0690
   2620.00   -11.0527
   2630.00   -11.3228
   2640.00   -10.6589
   2650.00   -10.9945
   2660.00   -11.4686
   2670.00   -11.0456
   2680.00   -11.1988
   2690.00   -11.1736
   2700.00   -11.2487
   2710.00   -11.2015
   2720.00   -11.2647
   2730.00   -11.5884
   2740.00   -10.8130
   2750.00   -10.4939
   2760.00   -11.2395
   2770.00   -11.8890
   2780.00   -11.0794
   2790.00   -11.3501
   2800.00   -11.1361
   2810.00   -11.2025
   2820.00   -11.1981
   2830.00   -11.2576
   2840.00   -10.9501
   2850.00   -11.5432
   2860.00   -11.3410
   2870.00   -11.2497
   2880.00   -11.8637
   2890.00   -10.9220
   2900.00   -11.5440
   2910.00   -11.3176
   2920.00   -11.0420
   2930.00   -10.9718
   2940.00   -11.0552
   2950.00   -11.3420
   2960.00   -11.3117
   2970.00   -11.3128
   2980.00   -11.3957
   2990.00   -11.1526
   3000.00   -11.4695
   3010.00   -11.0593
   3020.00   -11.2451
   3030.00   -10.9590
   3040.00   -10.6158
   3050.00   -11.5404
   3060.00   -11.5765
   3070.00   -11.2747
   3080.00   -11.2065
   3090.00   -11.2690
   3100.00   -11.4472
   3110.00   -11.3274
   3120.00   -10.8945
   3130.00   -11.0272
   3140.00   -10.9736
   3150.00   -11.2946
   3160.00   -10.8624
   3170.00   -10.7121
   3180.00   -11.0763
   3190.00   -11.5182
   3200.00   -11.3541
   3210.00   -11.5047
   3220.00   -11.7301
   3230.00   -11.7965
   3240.00   -10.8213
   3250.00   -11.0234
   3260.00   -11.4703
   3270.00   -10.7154
   3280.00   -11.4202
   3290.00   -11.1810
   3300.00   -10.6582
   3310.00   -10.7396
   3320.00   -11.4194
   3330.00   -11.4668
   3340.00   -11.0796
   3350.00   -11.1461
   3360.00   -11.3232
   3370.00   -11.3878
   3380.00   -11.2014
   3390.00   -11.0924
   3400.00   -10.3231
   3410.00   -11.1080
   3420.00   -11.0476
   3430.00   -10.9819
   3440.00   -11.3446
   3450.00   -11.0199
   3460.00   -10.9249
   3470.00   -11.1419
   3480.00   -10.9463
   3490.00   -11.0848
   3500.00   -11.3549
   3510.00   -10.8794
   3520.00   -11.2978
   3530.00   -10.6424
   3540.00   -11.1776
   3550.00   -11.2803
   3560.00   -11.4621
   3570.00   -10.8172
   3580.00   -11.1813
   3590.00   -10.9028
   3600.00   -10.8316
   3610.00   -10.8285
   3620.00   -11.0547
   3630.00   -11.4784
   3640.00   -10.8953
   3650.00   -11.0857
   3660.00   -11.2426
   3670.00   -10.9608
   3680.00   -10.4905
   3690.00   -10.8118
   3700.00   -10.8656
   3710.00   -10.8734
   3720.00   -11.2691
   3730.00   -11.3987
   3740.00   -11.2132
   3750.00   -11.2441
   3760.00   -11.5368
   3770.00   -11.3626
   3780.00   -11.5877
   3790.00   -11.2958
   3800.00   -11.2398
   3810.00   -10.9423
   3820.00   -11.0043
   3830.00   -11.1992
   3840.00   -10.6822
   3850.00   -11.0761
   3860.00   -11.0852
   3870.00   -11.1633
   3880.00   -10.8918
   3890.00   -11.2899
   3900.00   -11.4159
   3910.00   -11.3330
   3920.00   -11.1536
   3930.00   -11.1509
   3940.00   -11.0744
   3950.00   -11.5297
   3960.00   -11.2651
   3970.00   -11.5488
   3980.00   -11.0387
   3990.00   -11.1024
   4000.00   -11.7417
   4010.00   -11.3286
   4020.00   -11.1260
   4030.00   -11.5430
   4040.00   -10.8918
   4050.00   -11.1972
   4060.00   -10.8826
   4070.00   -11.5140
   4080.00   -11.2141
   4090.00   -11.1195
   4100.00   -11.2254
   4110.00   -11.3984
   4120.00   -11.3907
   4130.00   -11.4176
   4140.00   -11.1943
   4150.00   -11.0473
   4160.00   -10.8744
   4170.00   -11.4557
   4180.00   -11.1639
   4190.00   -11.3002
   4200.00   -11.2160
   4210.00   -11.0891
   4220.00   -11.3879
   4230.00   -10.6635
   4240.00   -11.7937
   4250.00   -11.3136
   4260.00   -10.6148
   4270.00   -11.2918
   4280.00   -11.0773
   4290.00   -10.8907
   4300.00   -11.0881
   4310.00   -11.0103
   4320.00   -11.4334
   4330.00   -11.4416
   4340.00   -11.4031
   4350.00   -11.5932
   4360.00   -11.4725
   4370.00   -11.5476
   4380.00   -11.4205
   4390.00   -10.9507
   4400.00   -11.2415
   4410.00   -11.3603
   4420.00   -11.1904
   4430.00   -10.9970
   4440.00   -11.0439
   4450.00   -11.0668
   4460.00   -10.9472
   4470.00   -10.6835
   4480.00   -11.5805
   4490.00   -11.6409
   4500.00   -11.3984
   4510.00   -11.0201
   4520.00   -11.4706
   4530.00   -10.7969
   4540.00   -10.9131
   4550.00   -10.9179
   4560.00   -10.9552
   4570.00   -10.6780
   4580.00   -10.9442
   4590.00   -10.8148
   4600.00   -11.4351
   4610.00   -11.5770
   4620.00   -11.7402
   4630.00   -11.5872
   4640.00   -11.2785
   4650.00   -11.0276
   4660.00   -11.5957
   4670.00   -11.0431
   4680.00   -11.0904
   4690.00   -11.3790
   4700.00   -11.6592
   4710.00   -11.1295
   4720.00   -12.1121
   4730.00   -11.1464
   4740.00   -11.1482
   4750.00   -11.0277
   4760.00   -11.1631
   4770.00   -11.4957
   4780.00   -11.4632
   4790.00   -11.1865
   4800.00   -11.3041
   4810.00   -11.3798
   4820.00   -11.0937
   4830.00   -10.9612
   4840.00   -11.1386
   4850.00   -10.6248
   4860.00   -10.8285
   4870.00   -10.9925
   4880.00   -11.4069
   4890.00   -11.2025
   4900.00   -11.0594
   4910.00   -11.4953
   4920.00   -10.9825
   4930.00   -11.1603
   4940.00   -11.2435
   4950.00   -10.8080
   4960.00   -10.3686
   4970.00   -11.0068
   4980.00   -11.0112
   4990.00   -10.7280
   5000.00   -11.8884
   5010.00   -11.5275
   5020.00   -11.5018
   5030.00   -10.9547
   5040.00   -11.1751
   5050.00   -11.0162
   5060.00   -11.7312
   5070.00   -11.4627
   5080.00   -11.2332
   5090.00   -11.0878
   5100.00   -10.8220
   5110.00   -11.3836
   5120.00   -10.7137
   5130.00   -11.1545
   5140.00   -10.6154
   5150.00   -10.7653
   5160.00   -10.8071
   5170.00   -10.6748
   5180.00   -10.9448
   5190.00   -11.6010
   5200.00   -10.9838
   5210.00   -11.2153
   5220.00   -11.0850
   5230.00   -11.0882
   5240.00   -10.8424
   5250.00   -10.7806
   5260.00   -11.1718
   5270.00   -11.0337
   5280.00   -11.1439
   5290.00   -10.8898
   5300.00   -11.1983
   5310.00   -11.3448
   5320.00   -11.1732
   5330.00   -11.1825
   5340.00   -11.2553
   5350.00   -11.2129
   5360.00   -11.0616
   5370.00   -11.0419
   5380.00   -11.2696
   5390.00   -11.1005
   5400.00   -10.9544
   5410.00   -10.9960
   5420.00   -11.5290
   5430.00   -11.3720
   5440.00   -11.2280
   5450.00   -11.0571
   5460.00   -10.9700
   5470.00   -11.3358
   5480.00   -11.3362
   5490.00   -10.8345
   5500.00   -11.6801
   5510.00   -10.9764
   5520.00   -11.2126
   5530.00   -11.4846
   5540.00   -10.9251
   5550.00   -11.1543
   5560.00   -10.5667
   5570.00   -11.4418
   5580.00   -10.7701
   5590.00   -11.4795
   5600.00   -10.8569
   5610.00   -11.6102
   5620.00   -11.0013
   5630.00   -10.8081
   5640.00   -10.4255
   5650.00   -11.1686
   5660.00   -11.3476
   5670.00   -11.0265
   5680.00   -11.1876
   5690.00   -11.1278
   5700.00   -11.2462
   5710.00   -11.3931
   5720.00   -11.1435
   5730.00   -11.0340
   5740.00   -11.1331
   5750.00   -11.1714
   5760.00   -10.8213
   5770.00   -11.3076
   5780.00   -11.5124
   5790.00   -10.9638
   5800.00   -11.4898
   5810.00   -11.0416
   5820.00   -11.0084
   5830.00   -11.0662
   5840.00   -11.4699
   5850.00   -10.6527
   5860.00   -10.5770
   5870.00   -10.7495
   5880.00   -11.4069
   5890.00   -10.6008
   5900.00   -10.6673
   5910.00   -10.7425
   5920.00   -11.2923
   5930.00   -10.6485
   5940.00   -11.1789
   5950.00   -11.4461
   5960.00   -10.6799
   5970.00   -11.2370
   5980.00   -10.9011
   5990.00   -10.7652
   6000.00   -11.2026
   6010.00   -10.9977
   6020.00   -10.6250
   6030.00   -10.8779
   6040.00   -11.3835
   6050.00   -11.2967
   6060.00   -11.0006
   6070.00   -11.1571
   6080.00   -11.1363
   6090.00   -11.0004
   6100.00   -11.2909
   6110.00   -11.7344
   6120.00   -11.5254
   6130.00   -11.5697
   6140.00   -11.6666
   6150.00   -11.0882
   6160.00   -11.1966
   6170.00   -11.2052
   6180.00   -11.0628
   6190.00   -11.4137
   6200.00   -11.4384
   6210.00   -11.2915
   6220.00   -11.3075
   6230.00   -10.6861
   6240.00   -10.9746
   6250.00   -11.2053
   6260.00   -11.4027
   6270.00   -11.3602
   6280.00   -11.3301
   6290.00   -11.3027
   6300.00   -10.8083
   6310.00   -10.8073
   6320.00   -10.7426
   6330.00   -10.9869
   6340.00   -11.1581
   6350.00   -11.2054
   6360.00   -11.1578
   6370.00   -10.9799
   6380.00   -10.9359
   6390.00   -10.9415
   6400.00   -11.2060
   6410.00   -10.9066
   6420.00   -11.3808
   6430.00   -10.8462
   6440.00   -10.5617
   6450.00   -10.8898
   6460.00   -11.0795
   6470.00   -11.5311
   6480.00   -11.4021
   6490.00   -10.9819
   6500.00   -11.3641
   6510.00   -10.9477
   6520.00   -11.3162
   6530.00   -10.7836
   6540.00   -11.2393
   6550.00   -11.1264
   6560.00   -11.5512
   6570.00   -11.2543
   6580.00   -11.0391
   6590.00   -11.1644
   6600.00   -11.2731
   6610.00   -10.9479
   6620.00   -10.9036
   6630.00   -10.9172
   6640.00   -10.9594
   6650.00   -10.9660
   6660.00   -10.9757
   6670.00   -11.0287
   6680.00   -10.9686
   6690.00   -10.9936
   6700.00   -11.1576
   6710.00   -11.5420
   6720.00   -10.8684
   6730.00   -11.3272
   6740.00   -11.7795
   6750.00   -11.4592
   6760.00   -11.1915
   6770.00   -11.2385
   6780.00   -11.2479
   6790.00   -11.2171
   6800.00   -11.4615
   6810.00   -11.3865
   6820.00   -11.5187
   6830.00   -10.9640
   6840.00   -11.0261
   6850.00   -11.6234
   6860.00   -11.1738
   6870.00   -10.8290
   6880.00   -11.3389
   6890.00   -11.2839
   6900.00   -10.9542
   6910.00   -11.3375
   6920.00   -11.5013
   6930.00   -11.3870
   6940.00   -10.9465
   6950.00   -10.9846
   6960.00   -10.8664
   6970.00   -11.1846
   6980.00   -11.4498
   6990.00   -11.3439
   7000.00   -11.1566
   7010.00   -11.1188
   7020.00   -10.8613
   7030.00   -11.2135
   7040.00   -11.2919
   7050.00   -11.1520
   7060.00   -11.1853
   7070.00   -11.2223
   7080.00   -10.9991
   7090.00   -10.7118
   7100.00   -10.6497
   7110.00   -11.1455
   7120.00   -10.8949
   7130.00   -10.9574
   7140.00   -11.1227
   7150.00   -11.1703
   7160.00   -11.4933
   7170.00   -11.4037
   7180.00   -11.1850
   7190.00   -11.4508
   7200.00   -11.2425
   7210.00   -11.0351
   7220.00   -11.1425
   7230.00   -11.2379
   7240.00   -11.4884
   7250.00   -10.6475
   7260.00   -11.0670
   7270.00   -11.2315
   7280.00   -11.2409
   7290.00   -11.3108
   7300.00   -11.4876
   7310.00   -11.4011
   7320.00   -11.1099
   7330.00   -11.1936
   7340.00   -11.2027
   7350.00   -11.1809
   7360.00   -10.7901
   7370.00   -10.8592
   7380.00   -11.1403
   7390.00   -10.4384
   7400.00   -11.1238
   7410.00   -11.2511
   7420.00   -11.2884
   7430.00   -11.1361
   7440.00   -11.3528
   7450.00   -11.1675
   7460.00   -10.9598
   7470.00   -10.7425
   7480.00   -10.8060
   7490.00   -11.0730
   7500.00   -10.7870
   7510.00   -10.8536
   7520.00   -10.8170
   7530.00   -11.4464
   7540.00   -10.7316
   7550.00   -10.9456
   7560.00   -11.0785
   7570.00   -11.2205
   7580.00   -11.3708
   7590.00   -11.0310
   7600.00   -11.3601
   7610.00   -11.1075
   7620.00   -10.7135
   7630.00   -11.0636
   7640.00   -11.2135
   7650.00   -11.0874
   7660.00   -10.8198
   7670.00   -11.5440
   7680.00   -11.6818
   7690.00   -11.4385
   7700.00   -11.2910
   7710.00   -10.6707
   7720.00   -11.0426
   7730.00   -10.6668
   7740.00   -11.1276
   7750.00   -10.9024
   7760.00   -11.1563
   7770.00   -11.2056
   7780.00   -11.0730
   7790.00   -10.9018
   7800.00   -11.0286
   7810.00   -11.6163
   7820.00   -11.2295
   7830.00   -11.2842
   7840.00   -11.4784
   7850.00   -11.2408
   7860.00   -11.4468
   7870.00   -10.6030
   7880.00   -11.1108
   7890.00   -11.1906
   7900.00   -10.9104
   7910.00   -10.9778
   7920.00   -10.7698
   7930.00   -11.3661
   7940.00   -11.2599
   7950.00   -11.2711
   7960.00   -11.1718
   7970.00   -10.5404
   7980.00   -11.0523
   7990.00   -11.2951
   8000.00   -11.0769
   8010.00   -10.7567
   8020.00   -10.7087
   8030.00   -10.7878
   8040.00   -10.9019
   8050.00   -11.2304
   8060.00   -10.8582
   8070.00   -11.1217
   8080.00   -10.8577
   8090.00   -11.3315
   8100.00   -11.0264
   8110.00   -11.5852
   8120.00   -11.7849
   8130.00   -11.1354
   8140.00   -11.0604
   8150.00   -11.4636
   8160.00   -11.1525
   8170.00   -11.1738
   8180.00   -11.4950
   8190.00   -11.0484
   8200.00   -11.0992
   8210.00   -10.9648
   8220.00   -11.3240
   8230.00   -11.1160
   8240.00   -11.0177
   8250.00   -11.2225
   8260.00   -11.6039
   8270.00   -11.2502
   8280.00   -11.1082
   8290.00   -11.4213
   8300.00   -10.8130
   8310.00   -11.1448
   8320.00   -10.9578
   8330.00   -11.2362
   8340.00   -10.7525
   8350.00   -10.8032
   8360.00   -10.7921
   8370.00   -11.1797
   8380.00   -10.9728
   8390.00   -11.0217
   8400.00   -11.5711
   8410.00   -10.7290
   8420.00   -11.2542
   8430.00   -11.4053
   8440.00   -11.3687
   8450.00   -11.2345
   8460.00   -11.3324
   8470.00   -11.8077
   8480.00   -11.0659
   8490.00   -10.8226
   8500.00   -10.9767
   8510.00   -10.7731
   8520.00   -11.5904
   8530.00   -10.5005
   8540.00   -11.1842
   8550.00   -11.0176
   8560.00   -10.9599
   8570.00   -11.2897
   8580.00   -10.9116
   8590.00   -11.4296
   8600.00   -11.2828
   8610.00   -11.3122
   8620.00   -10.7361
   8630.00   -10.9886
   8640.00   -11.0322
   8650.00   -11.3787
   8660.00   -11.4256
   8670.00   -11.1475
   8680.00   -10.7218
   8690.00   -11.1301
   8700.00   -11.0127
   8710.00   -11.2573
   8720.00   -10.7700
   8730.00   -10.5487
   8740.00   -10.5752
   8750.00   -10.6189
   8760.00   -10.6929
   8770.00   -11.0845
   8780.00   -10.9511
   8790.00   -11.6253
   8800.00   -11.0037
   8810.00   -11.5072
   8820.00   -11.4233
   8830.00   -10.9351
   8840.00   -11.7208
   8850.00   -10.8735
   8860.00   -11.6006
   8870.00   -11.1738
   8880.00   -10.9784
   8890.00   -11.0021
   8900.00   -11.2698
   8910.00   -11.1219
   8920.00   -11.1669
   8930.00   -11.2331
   8940.00   -10.7007
   8950.00   -10.6724
   8960.00   -11.3340
   8970.00   -11.5961
   8980.00   -11.2258
   8990.00   -11.0089
   9000.00   -11.1281
   9010.00   -11.5314
   9020.00   -10.7094
   9030.00   -11.2103
   9040.00   -11.2684
   9050.00   -11.5661
   9060.00   -11.6907
   9070.00   -11.3234
   9080.00   -10.8117
   9090.00   -10.7819
   9100.00   -10.8133
   9110.00   -11.5507
   9120.00   -11.2770
   9130.00   -10.9756
   9140.00   -11.0240
   9150.00   -11.4943
   9160.00   -11.3423
   9170.00   -11.0992
   9180.00   -11.1553
   9190.00   -11.4049
   9200.00   -11.0576
   9210.00   -11.2345
   9220.00   -11.1462
   9230.00   -11.7774
   9240.00   -11.2055
   9250.00   -10.8987
   9260.00   -11.1451
   9270.00   -11.7375
   9280.00   -10.7239
   9290.00   -11.4001
   9300.00   -11.3247
   9310.00   -11.2486
   9320.00   -11.4362
   9330.00   -11.1120
   9340.00   -10.7013
   9350.00   -11.3130
   9360.00   -11.1896
   9370.00   -10.7370
   9380.00   -11.2017
   9390.00   -11.6472
   9400.00   -11.4287
   9410.00   -11.1048
   9420.00   -10.9814
   9430.00   -11.3091
   9440.00   -10.7464
   9450.00   -11.1179
   9460.00   -10.9501
   9470.00   -11.3257
   9480.00   -11.0721
   9490.00   -11.0713
   9500.00   -11.0454
   9510.00   -11.1668
   9520.00   -10.8298
   9530.00   -10.8069
   9540.00   -11.3560
   9550.00   -10.8210
   9560.00   -11.3993
   9570.00   -10.9676
   9580.00   -11.3954
   9590.00   -11.6069
   9600.00   -10.8910
   9610.00   -11.4460
   9620.00   -11.3711
   9630.00   -11.0314
   9640.00   -10.9818
   9650.00   -10.7746
   9660.00   -11.2953
   9670.00   -10.6065
   9680.00   -11.2297
   9690.00   -11.2721
   9700.00   -11.1487
   9710.00   -11.0940
   9720.00   -11.5979
   9730.00   -11.2870
   9740.00   -11.5136
   9750.00   -11.6332
   9760.00   -11.0323
   9770.00   -11.5187
   9780.00   -11.1017
   9790.00   -10.9121
   9800.00   -10.9684
   9810.00   -10.5784
   9820.00   -10.4014
   9830.00   -10.9094
   9840.00   -11.3623
   9850.00   -11.7393
   9860.00   -11.1786
   9870.00   -11.1228
   9880.00   -11.5870
   9890.00   -11.3640
   9900.00   -11.5669
   9910.00   -11.2101
   9920.00   -11.1877
   9930.00   -10.9778
   9940.00   -11.1382
   9950.00   -11.3004
   9960.00   -11.3171
   9970.00   -11.0550
   9980.00   -11.6070
   9990.00   -11.4979
  10000.00   -10.7587
  10010.00   -10.9387
  10020.00   -11.2199
  10030.00   -11.1242
  10040.00   -11.4598
  10050.00   -11.6366
  10060.00   -11.4821
  10070.00   -11.2388
  10080.00   -11.2328
  10090.00   -10.7368
  10100.00   -11.1340
  10110.00   -11.6984
  10120.00   -10.9345
  10130.00   -10.7500
  10140.00   -11.1454
  10150.00   -11.1507
  10160.00   -11.1453
  10170.00   -11.0290
  10180.00   -11.7067
  10190.00   -11.7110
  10200.00   -11.1843
  10210.00   -11.1454
  10220.00   -11.5525
  10230.00   -11.4824
  10240.00   -11.8171
  10250.00   -11.2127
  10260.00   -11.8707
  10270.00   -11.7500
  10280.00   -11.1911
  10290.00   -11.1609
  10300.00   -11.3014
  10310.00   -11.0962
  10320.00   -10.5879
  10330.00   -11.2720
  10340.00   -10.6484
  10350.00   -10.6931
  10360.00   -11.2888
  10370.00   -11.5191
  10380.00   -10.6550
  10390.00   -10.7849
  10400.00   -11.3875
  10410.00   -10.8677
  10420.00   -11.5732
  10430.00   -11.1387
  10440.00   -11.2631
  10450.00   -10.6605
  10460.00   -11.2005
  10470.00   -11.3743
  10480.00   -11.2901
  10490.00   -11.0377
  10500.00   -11.4454
  10510.00   -11.0093
  10520.00   -11.2974
  10530.00   -11.3795
  10540.00   -11.2070
  10550.00   -10.9684
  10560.00   -10.8623
  10570.00   -10.9042
  10580.00   -10.9355
  10590.00   -11.4234
  10600.00   -11.2313
  10610.00   -10.8258
  10620.00   -11.5742
  10630.00   -11.2062
  10640.00   -11.0088
  10650.00   -11.5284
  10660.00   -11.0305
  10670.00   -11.2274
  10680.00   -11.1616
  10690.00   -11.7178
  10700.00   -11.2900
  10710.00   -11.3996
  10720.00   -11.2460
  10730.00   -11.6034
  10740.00   -11.4523
  10750.00   -11.0083
  10760.00   -10.6830
  10770.00   -10.9610
  10780.00   -11.2147
  10790.00   -10.8701
  10800.00   -11.0127
  10810.00   -11.2306
  10820.00   -11.1526
  10830.00   -10.8796
  10840.00   -10.9787
  10850.00   -11.1882
  10860.00   -11.0312
  10870.00   -10.8420
  10880.00   -10.6325
  10890.00   -10.8719
  10900.00   -10.8879
  10910.00   -10.5076
  10920.00   -10.6645
  10930.00   -11.1308
  10940.00   -10.6948
  10950.00   -10.6911
  10960.00   -11.3925
  10970.00   -10.9392
  10980.00   -10.8450
  10990.00   -11.1737
  11000.00   -11.1768
  11010.00   -11.6945
  11020.00   -10.9882
  11030.00   -11.3510
  11040.00   -11.7236
  11050.00   -10.6571
  11060.00   -11.3767
  11070.00   -10.8562
  11080.00   -10.6060
  11090.00   -10.9800
  11100.00   -11.2390
  11110.00   -11.3245
  11120.00   -11.2158
  11130.00   -10.8840
  11140.00   -10.6213
  11150.00   -11.6422
  11160.00   -11.1993
  11170.00   -10.5120
  11180.00   -10.7961
  11190.00   -10.9639
  11200.00   -11.0602
  11210.00   -11.2047
  11220.00   -10.7588
  11230.00   -11.3125
  11240.00   -10.8722
  11250.00   -10.8776
  11260.00   -11.2370
  11270.00   -10.8432
  11280.00   -10.9625
  11290.00   -10.8966
  11300.00   -11.2189
  11310.00   -11.5621
  11320.00   -10.7238
  11330.00   -11.4468
  11340.00   -11.0335
  11350.00   -11.1141
  11360.00   -11.2084
  11370.00   -10.6182
  11380.00   -11.1214
  11390.00   -11.1952
  11400.00   -10.9785
  11410.00   -11.1957
  11420.00   -10.6315
  11430.00   -11.3878
  11440.00   -10.8913
  11450.00   -10.7847
  11460.00   -10.8493
  11470.00   -10.9582
  11480.00   -11.0592
  11490.00   -11.1664
  11500.00   -11.1181
  11510.00   -10.6896
  11520.00   -10.8228
  11530.00   -10.9775
  11540.00   -11.2510
  11550.00   -10.8252
  11560.00   -11.0571
  11570.00   -10.7056
  11580.00   -10.8697
  11590.00   -11.5841
  11600.00   -10.9995
  11610.00   -10.9212
  11620.00   -11.2064
  11630.00   -11.4533
  11640.00   -10.9028
  11650.00   -10.6027
  11660.00   -11.2017
  11670.00   -10.4265
  11680.00   -11.0507
  11690.00   -10.7702
  11700.00   -10.9859
  11710.00   -11.3548
  11720.00   -10.8953
  11730.00   -11.2489
  11740.00   -11.4765
  11750.00   -10.9581
  11760.00   -11.5121
  11770.00   -11.2973
  11780.00   -11.0512
  11790.00   -10.9264
  11800.00   -10.9435
  11810.00   -11.0446
  11820.00   -11.3899
  11830.00   -11.0234
  11840.00   -11.1023
  11850.00   -10.8877
  11860.00   -11.2423
  11870.00   -10.8655
  11880.00   -11.1249
  11890.00   -11.0423
  11900.00   -11.3394
  11910.00   -10.8393
  11920.00   -11.4214
  11930.00   -10.9813
  11940.00   -11.0681
  11950.00   -11.2774
  11960.00   -10.9543
  11970.00   -11.1892
  11980.00   -11.1078
  11990.00   -10.9999
  12000.00   -11.4018
  12010.00   -10.9397
  12020.00   -11.6504
  12030.00   -11.4216
  12040.00   -11.2225
  12050.00   -11.4554
  12060.00   -10.8785
  12070.00   -10.9017
  12080.00   -11.0288
  12090.00   -11.1824
  12100.00   -11.0000
  12110.00   -10.6756
  12120.00   -11.0633
  12130.00   -11.1503
  12140.00   -11.4169
  12150.00   -10.9043
  12160.00   -11.0876
  12170.00   -11.0041
  12180.00   -10.9229
  12190.00   -11.3963
  12200.00   -11.5174
  12210.00   -11.3487
  12220.00   -11.4395
  12230.00   -11.1364
  12240.00   -10.7191
  12250.00   -11.9623
  12260.00   -11.2248
  12270.00   -10.7984
  12280.00   -11.3666
  12290.00   -11.8006
  12300.00   -10.9904
  12310.00   -10.9615
  12320.00   -11.0332
  12330.00   -11.0353
  12340.00   -11.0356
  12350.00   -11.1055
  12360.00   -10.7266
  12370.00   -11.5902
  12380.00   -10.9328
  12390.00   -11.0344
  12400.00   -10.6560
  12410.00   -11.2379
  12420.00   -10.8329
  12430.00   -10.7573
  12440.00   -11.5182
  12450.00   -10.8741
  12460.00   -10.7802
  12470.00   -11.5903
  12480.00   -10.7511
  12490.00   -11.7267
  12500.00   -10.8261
  12510.00   -10.9385
  12520.00   -10.7058
  12530.00   -11.1936
  12540.00   -11.2783
  12550.00   -10.8265
  12560.00   -10.5464
  12570.00   -10.7030
  12580.00   -10.9470
  12590.00   -10.8219
  12600.00   -11.0608
  12610.00   -11.2866
  12620.00   -10.6466
  12630.00   -10.9143
  12640.00   -10.8075
  12650.00   -10.7955
  12660.00   -11.3306
  12670.00   -10.5962
  12680.00   -10.6370
  12690.00   -11.1829
  12700.00   -10.8571
  12710.00   -11.0764
  12720.00   -11.0374
  12730.00   -11.2998
  12740.00   -10.5820
  12750.00   -11.0742
  12760.00   -10.9892
  12770.00   -11.0774
  12780.00   -11.2399
  12790.00   -11.3754
  12800.00   -10.8967
  12810.00   -11.2831
  12820.00   -11.8025
  12830.00   -11.2311
  12840.00   -11.4792
  12850.00   -11.3642
  12860.00   -11.0907
  12870.00   -11.4731
  12880.00   -11.3013
  12890.00   -10.9704
  12900.00   -10.7689
  12910.00   -11.1083
  12920.00   -11.0459
  12930.00   -10.6944
  12940.00   -10.9288
  12950.00   -11.4291
  12960.00   -10.9752
  12970.00   -11.0454
  12980.00   -11.3762
  12990.00   -11.3202
  13000.00   -11.3506
  13010.00   -11.3698
  13020.00   -11.4199
  13030.00   -11.0681
  13040.00   -10.8253
  13050.00   -11.9016
  13060.00   -10.9282
  13070.00   -11.1593
  13080.00   -11.1815
  13090.00   -11.0249
  13100.00   -11.0242
  13110.00   -10.9623
  13120.00   -11.6065
  13130.00   -10.8103
  13140.00   -10.4779
  13150.00   -11.1967
  13160.00   -11.0325
  13170.00   -11.0369
  13180.00   -10.8237
  13190.00   -10.9541
  13200.00   -10.7475
  13210.00   -10.8133
  13220.00   -10.6961
  13230.00   -10.6191
  13240.00   -11.1608
  13250.00   -11.5146
  13260.00   -10.9934
  13270.00   -10.9299
  13280.00   -10.9759
  13290.00   -11.3656
  13300.00   -11.4575
  13310.00   -11.1974
  13320.00   -11.0803
  13330.00   -10.8697
  13340.00   -11.4562
  13350.00   -11.2818
  13360.00   -10.6746
  13370.00   -11.2295
  13380.00   -11.0635
  13390.00   -11.4253
  13400.00   -11.3162
  13410.00   -11.3327
  13420.00   -11.3190
  13430.00   -10.5595
  13440.00   -11.2665
  13450.00   -10.9431
  13460.00   -11.5259
  13470.00   -11.1558
  13480.00   -11.7190
  13490.00   -11.1341
  13500.00   -11.2609
  13510.00   -10.9601
  13520.00   -11.1381
  13530.00   -11.2409
  13540.00   -11.2854
  13550.00   -10.6738
  13560.00   -11.2892
  13570.00   -11.2946
  13580.00   -11.6358
  13590.00   -10.7547
  13600.00   -10.8180
  13610.00   -11.2395
  13620.00   -11.0337
  13630.00   -11.1804
  13640.00   -11.3044
  13650.00   -11.1326
  13660.00   -10.7139
  13670.00   -10.7240
  13680.00   -10.9943
  13690.00   -10.9102
  13700.00   -11.3459
  13710.00   -11.1283
  13720.00   -11.1752
  13730.00   -11.0268
  13740.00   -11.4637
  13750.00   -11.2808
  13760.00   -10.7589
  13770.00   -10.9900
  13780.00   -11.0862
  13790.00   -10.6122
  13800.00   -10.5432
  13810.00   -11.3440
  13820.00   -10.8716
  13830.00   -11.0377
  13840.00   -10.5215
  13850.00   -11.0290
  13860.00   -11.2122
  13870.00   -11.0312
  13880.00   -11.4088
  13890.00   -10.8504
  13900.00   -11.1032
  13910.00   -10.5737
  13920.00   -11.2129
  13930.00   -10.8089
  13940.00   -11.0829
  13950.00   -10.8634
  13960.00   -11.1064
  13970.00   -11.3194
  13980.00   -11.1887
  13990.00   -10.7156
  14000.00   -10.8686
  14010.00   -10.8211
  14020.00   -11.0178
  14030.00   -11.1350
  14040.00   -11.0433
  14050.00   -11.1644
  14060.00   -11.3519
  14070.00   -10.8726
  14080.00   -10.7374
  14090.00   -11.0327
  14100.00   -11.0497
  14110.00   -10.8391
  14120.00   -10.5846
  14130.00   -11.3250
  14140.00   -11.5216
  14150.00   -10.9684
  14160.00   -11.1190
  14170.00   -11.0239
  14180.00   -11.5031
  14190.00   -11.3520
  14200.00   -11.6981
  14210.00   -11.0950
  14220.00   -10.7196
  14230.00   -11.4418
  14240.00   -11.5666
  14250.00   -11.0514
  14260.00   -11.3746
  14270.00   -10.9551
  14280.00   -10.8376
  14290.00   -10.9181
  14300.00   -11.1361
  14310.00   -11.1214
  14320.00   -11.3949
  14330.00   -11.0244
  14340.00   -11.1867
  14350.00   -10.8831
  14360.00   -10.9722
  14370.00   -10.7873
  14380.00   -11.2199
  14390.00   -11.4279
  14400.00   -10.5843
  14410.00   -10.7908
  14420.00   -11.9900
  14430.00   -11.3853
  14440.00   -11.0929
  14450.00   -11.1622
  14460.00   -11.2528
  14470.00   -10.7411
  14480.00   -11.2165
  14490.00   -10.9903
  14500.00   -10.8070
  14510.00   -11.5229
  14520.00   -11.2518
  14530.00   -10.9450
  14540.00   -11.1974
  14550.00   -10.9237
  14560.00   -10.9006
  14570.00   -10.7026
  14580.00   -10.9262
  14590.00   -10.9926
  14600.00   -11.1593
  14610.00   -10.7991
  14620.00   -11.1311
  14630.00   -11.4131
  14640.00   -11.1732
  14650.00   -10.8871
  14660.00   -10.9826
  14670.00   -11.0578
  14680.00   -10.5492
  14690.00   -11.1223
  14700.00   -10.9725
  14710.00   -11.5584
  14720.00   -11.2911
  14730.00   -10.6091
  14740.00   -11.1643
  14750.00   -11.4763
  14760.00   -11.3861
  14770.00   -10.7364
  14780.00   -10.8578
  14790.00   -11.5198
  14800.00   -11.2581
  14810.00   -11.3597
  14820.00   -11.0827
  14830.00   -11.2609
  14840.00   -11.3313
  14850.00   -11.4388
  14860.00   -11.3048
  14870.00   -11.9417
  14880.00   -11.3838
  14890.00   -11.2069
  14900.00   -11.4546
  14910.00   -10.8606
  14920.00   -10.9265
  14930.00   -11.2740
  14940.00   -11.1311
  14950.00   -11.3140
  14960.00   -11.2761
  14970.00   -11.3364
  14980.00   -11.0117
  14990.00   -11.3547
  15000.00   -11.2716
  15010.00   -11.4210
  15020.00   -10.9058
  15030.00   -11.3636
  15040.00   -11.5152
  15050.00   -10.8536
  15060.00   -11.1370
  15070.00   -11.3365
  15080.00   -10.7447
  15090.00   -11.1177
  15100.00   -11.3842
  15110.00   -11.6997
  15120.00   -10.9328
  15130.00   -11.2696
  15140.00   -10.7723
  15150.00   -11.3180
  15160.00   -11.3706
  15170.00   -10.8236
  15180.00   -10.5427
  15190.00   -11.2377
  15200.00   -11.6122
  15210.00   -11.2789
  15220.00   -10.7039
  15230.00   -11.0448
  15240.00   -11.2719
  15250.00   -10.4944
  15260.00   -10.7779
  15270.00   -11.1090
  15280.00   -10.7338
  15290.00   -10.8557
  15300.00   -11.1341
  15310.00   -10.7859
  15320.00   -10.7091
  15330.00   -10.8039
  15340.00   -11.2139
  15350.00   -11.0165
  15360.00   -11.2253
  15370.00   -10.7613
  15380.00   -11.3597
  15390.00   -10.7704
  15400.00   -11.1165
  15410.00   -11.4061
  15420.00   -11.4496
  15430.00   -11.3534
  15440.00   -10.9949
  15450.00   -10.8437
  15460.00   -10.9941
  15470.00   -11.0238
  15480.00   -11.3725
  15490.00   -11.3579
  15500.00   -11.1139
  15510.00   -11.2995
  15520.00   -10.9834
  15530.00   -11.0324
  15540.00   -10.7788
  15550.00   -11.5070
  15560.00   -10.7997
  15570.00   -11.2383
  15580.00   -11.3347
  15590.00   -11.1854
  15600.00   -11.2184
  15610.00   -10.7060
  15620.00   -10.6834
  15630.00   -11.2050
  15640.00   -11.5020
  15650.00   -10.8100
  15660.00   -10.6629
  15670.00   -11.1899
  15680.00   -11.4120
  15690.00   -11.7859
  15700.00   -11.1554
  15710.00   -11.3457
  15720.00   -10.8304
  15730.00   -11.1939
  15740.00   -11.0745
  15750.00   -11.1618
  15760.00   -11.4483
  15770.00   -10.9050
  15780.00   -11.1070
  15790.00   -11.0555
  15800.00   -10.8096
  15810.00   -11.0636
  15820.00   -11.0138
  15830.00   -11.1175
  15840.00   -10.7251
  15850.00   -10.6043
  15860.00   -11.1533
  15870.00   -11.0578
  15880.00   -11.4333
  15890.00   -10.9410
  15900.00   -11.3241
  15910.00   -11.3964
  15920.00   -11.4060
  15930.00   -11.1561
  15940.00   -10.8398
  15950.00   -10.7017
  15960.00   -10.9921
  15970.00   -11.1383
  15980.00   -11.2288
  15990.00   -11.3788
  16000.00   -10.9026
  16010.00   -11.2368
  16020.00   -11.4370
  16030.00   -11.5334
  16040.00   -10.2739
  16050.00   -10.7161
  16060.00   -10.2615
  16070.00   -10.7599
  16080.00   -10.7186
  16090.00   -11.1594
  16100.00   -10.8304
  16110.00   -11.1254
  16120.00   -11.1674
  16130.00   -11.4601
  16140.00   -11.3269
  16150.00   -11.0099
  16160.00   -11.0640
  16170.00   -10.6217
  16180.00   -11.0652
  16190.00   -10.9010
  16200.00   -10.9588
  16210.00   -10.8451
  16220.00   -10.8264
  16230.00   -10.8223
  16240.00   -11.0784
  16250.00   -11.4185
  16260.00   -10.5967
  16270.00   -11.0969
  16280.00   -11.5345
  16290.00   -11.2991
  16300.00   -10.7603
  16310.00   -10.6979
  16320.00   -11.1303
  16330.00   -10.9673
  16340.00   -11.2115
  16350.00   -11.4282
  16360.00   -10.7952
  16370.00   -10.9608
  16380.00   -11.1100
  16390.00   -10.8922
  16400.00   -10.8107
  16410.00   -11.2482
  16420.00   -10.9345
  16430.00   -11.2118
  16440.00   -10.6651
  16450.00   -11.3601
  16460.00   -11.4976
  16470.00   -10.9907
  16480.00   -11.1308
  16490.00   -11.0838
  16500.00   -10.5139
  16510.00   -11.0565
  16520.00   -10.9668
  16530.00   -11.0206
  16540.00   -11.2966
  16550.00   -10.7159
  16560.00   -11.1128
  16570.00   -11.2336
  16580.00   -11.1599
  16590.00   -11.7153
  16600.00   -11.6169
  16610.00   -11.2300
  16620.00   -11.2308
  16630.00   -10.9231
  16640.00   -11.2329
  16650.00   -11.0004
  16660.00   -11.4135
  16670.00   -11.6212
  16680.00   -11.1166
  16690.00   -10.7503
  16700.00   -11.3890
  16710.00   -11.6240
  16720.00   -10.9777
  16730.00   -11.2128
  16740.00   -11.3535
  16750.00   -11.1858
  16760.00   -11.3240
  16770.00   -10.9697
  16780.00   -11.5924
  16790.00   -11.2283
  16800.00   -10.6990
  16810.00   -11.3590
  16820.00   -11.4285
  16830.00   -11.7151
  16840.00   -10.8512
  16850.00   -10.9311
  16860.00   -11.6579
  16870.00   -11.3855
  16880.00   -11.1898
  16890.00   -11.4260
  16900.00   -11.5595
  16910.00   -11.2323
  16920.00   -10.7357
  16930.00   -10.7251
  16940.00   -11.1878
  16950.00   -11.2478
  16960.00   -11.5594
  16970.00   -10.8200
  16980.00   -11.3652
  16990.00   -10.9984
  17000.00   -11.3232
  17010.00   -10.8091
  17020.00   -11.4855
  17030.00   -10.9463
  17040.00   -11.1558
  17050.00   -11.1466
  17060.00   -10.9608
  17070.00   -11.1018
  17080.00   -11.4447
  17090.00   -10.9112
  17100.00   -11.2347
  17110.00   -11.2721
  17120.00   -11.1492
  17130.00   -11.5804
  17140.00   -10.9122
  17150.00   -11.0750
  17160.00   -10.9597
  17170.00   -11.4442
  17180.00   -11.2409
  17190.00   -11.1236
  17200.00   -11.3171
  17210.00   -11.3127
  17220.00   -11.4537
  17230.00   -11.4358
  17240.00   -11.2657
  17250.00   -11.0502
  17260.00   -11.4660
  17270.00   -11.4899
  17280.00   -11.8021
  17290.00   -11.3130
  17300.00   -11.8477
  17310.00   -11.2657
  17320.00   -11.4107
  17330.00   -11.2854
  17340.00   -11.1701
  17350.00   -10.9682
  17360.00   -10.7801
  17370.00   -11.0213
  17380.00   -11.6668
  17390.00   -10.9353
  17400.00   -11.2732
  17410.00   -11.0259
  17420.00   -11.0821
  17430.00   -11.1886
  17440.00   -11.0790
  17450.00   -10.8866
  17460.00   -11.4528
  17470.00   -11.5816
  17480.00   -11.3246
  17490.00   -11.4779
  17500.00   -11.4156
  17510.00   -11.5601
  17520.00   -11.6441
  17530.00   -11.2482
  17540.00   -11.3096
  17550.00   -11.2566
  17560.00   -11.3601
  17570.00   -11.0469
  17580.00   -10.9577
  17590.00   -10.8419
  17600.00   -11.1407
  17610.00   -10.8742
  17620.00   -11.2048
  17630.00   -11.0549
  17640.00   -11.1940
  17650.00   -11.0683
  17660.00   -10.9466
  17670.00   -11.1261
  17680.00   -10.7655
  17690.00   -10.4625
  17700.00   -10.7413
  17710.00   -11.0541
  17720.00   -11.2926
  17730.00   -10.8963
  17740.00   -11.0143
  17750.00   -11.0387
  17760.00   -10.9894
  17770.00   -11.1718
  17780.00   -11.1490
  17790.00   -11.1798
  17800.00   -11.1994
  17810.00   -11.2169
  17820.00   -11.3849
  17830.00   -11.4801
  17840.00   -11.2403
  17850.00   -10.9979
  17860.00   -10.7225
  17870.00   -11.5026
  17880.00   -11.4962
  17890.00   -11.0342
  17900.00   -11.6837
  17910.00   -11.1566
  17920.00   -11.4361
  17930.00   -11.4424
  17940.00   -11.5099
  17950.00   -11.5535
  17960.00   -11.1684
  17970.00   -11.3043
  17980.00   -11.3897
  17990.00   -10.8224
  18000.00   -11.1769
  18010.00   -11.6135
  18020.00   -11.4419
  18030.00   -11.0930
  18040.00   -10.8313
  18050.00   -11.2191
  18060.00   -11.5697
  18070.00   -11.0645
  18080.00   -10.8800
  18090.00   -11.0466
  18100.00   -11.0557
  18110.00   -11.2386
  18120.00   -10.9765
  18130.00   -11.4333
  18140.00   -11.1262
  18150.00   -11.1721
  18160.00   -11.7052
  18170.00   -11.3169
  18180.00   -11.0279
  18190.00   -11.3949
  18200.00   -11.0260
  18210.00   -11.0575
  18220.00   -11.2639
  18230.00   -11.2081
  18240.00   -11.1881
  18250.00   -11.2917
  18260.00   -10.9171
  18270.00   -10.8010
  18280.00   -11.2160
  18290.00   -10.9173
  18300.00   -10.9958
  18310.00   -11.1462
  18320.00   -10.3869
  18330.00   -10.7976
  18340.00   -11.5930
  18350.00   -10.4153
  18360.00   -11.1021
  18370.00   -11.1429
  18380.00   -11.3442
  18390.00   -10.6278
  18400.00   -10.9900
  18410.00   -11.2512
  18420.00   -11.2214
  18430.00   -11.2578
  18440.00   -11.0474
  18450.00   -11.0723
  18460.00   -11.3832
  18470.00   -10.4262
  18480.00   -10.9087
  18490.00   -10.7542
  18500.00   -11.3751
  18510.00   -11.1669
  18520.00   -11.2881
  18530.00   -11.1809
  18540.00   -11.2200
  18550.00   -11.1601
  18560.00   -11.4645
  18570.00   -11.7022
  18580.00   -11.0976
  18590.00   -11.5401
  18600.00   -10.9931
  18610.00   -11.0059
  18620.00   -11.0307
  18630.00   -11.4246
  18640.00   -11.1372
  18650.00   -11.0094
  18660.00   -11.1891
  18670.00   -11.5850
  18680.00   -11.1028
  18690.00   -11.3194
  18700.00   -10.6865
  18710.00   -11.3328
  18720.00   -11.1400
  18730.00   -11.1929
  18740.00   -10.6720
  18750.00   -11.2031
  18760.00   -10.7342
  18770.00   -11.3791
  18780.00   -11.2803
  18790.00   -10.7906
  18800.00   -11.0962
  18810.00   -11.4134
  18820.00   -10.9850
  18830.00   -10.8925
  18840.00   -11.0605
  18850.00   -11.2347
  18860.00   -10.7719
  18870.00   -11.5024
  18880.00   -10.6552
  18890.00   -10.8692
  18900.00   -10.9328
  18910.00   -10.7179
  18920.00   -11.4997
  18930.00   -11.1916
  18940.00   -11.3472
  18950.00   -11.1237
  18960.00   -11.6717
  18970.00   -11.3976
  18980.00   -11.1249
  18990.00   -11.1394
  19000.00   -11.3187
  19010.00   -11.1068
  19020.00   -10.7955
  19030.00   -11.9067
  19040.00   -10.8827
  19050.00   -11.3094
  19060.00   -11.1459
  19070.00   -11.5479
  19080.00   -10.6002
  19090.00   -11.0712
  19100.00   -11.1398
  19110.00   -11.3905
  19120.00   -11.4344
  19130.00   -10.8249
  19140.00   -11.3410
  19150.00   -11.1141
  19160.00   -10.8188
  19170.00   -10.5201
  19180.00   -11.0560
  19190.00   -11.4303
  19200.00   -10.8346
  19210.00   -10.5800
  19220.00   -10.6951
  19230.00   -11.0323
  19240.00   -11.3151
  19250.00   -11.0939
  19260.00   -11.1143
  19270.00   -11.1867
  19280.00   -11.2330
  19290.00   -10.9367
  19300.00   -11.1540
  19310.00   -10.8491
  19320.00   -11.0321
  19330.00   -11.0215
  19340.00   -10.9440
  19350.00   -10.4077
  19360.00   -11.0127
  19370.00   -11.0449
  19380.00   -11.3358
  19390.00   -11.3089
  19400.00   -10.6799
  19410.00   -11.3649
  19420.00   -10.7352
  19430.00   -11.0681
  19440.00   -11.6120
  19450.00   -11.5537
  19460.00   -11.3059
  19470.00   -11.4131
  19480.00   -11.4834
  19490.00   -11.1346
  19500.00   -10.6091
  19510.00   -11.3129
  19520.00   -11.2200
  19530.00   -11.4802
  19540.00   -10.9588
  19550.00   -11.2876
  19560.00   -11.3043
  19570.00   -11.4912
  19580.00   -11.3403
  19590.00   -11.3421
  19600.00   -10.9842
  19610.00   -10.8250
  19620.00   -11.1374
  19630.00   -11.1351
  19640.00   -11.1159
  19650.00   -11.1402
  19660.00   -11.4048
  19670.00   -11.3433
  19680.00   -11.1984
  19690.00   -11.0623
  19700.00   -11.3653
  19710.00   -10.6659
  19720.00   -10.9796
  19730.00   -11.0086
  19740.00   -11.1942
  19750.00   -11.2630
  19760.00   -11.4980
  19770.00   -11.1899
  19780.00   -11.9037
  19790.00   -11.8022
  19800.00   -11.7411
  19810.00   -11.0252
  19820.00   -11.2711
  19830.00   -10.8116
  19840.00   -10.9432
  19850.00   -11.1774
  19860.00   -11.3343
  19870.00   -10.8192
  19880.00   -11.3791
  19890.00   -11.2066
  19900.00   -11.0827
  19910.00   -11.2400
  19920.00   -10.9317
  19930.00   -11.6762
  19940.00   -11.6820
  19950.00   -11.1851
  19960.00   -11.4761
  19970.00   -11.4417
  19980.00   -11.1071
  19990.00   -11.1121
  20000.00   -11.5960
  20010.00   -10.7229
  20020.00   -11.2328
  20030.00   -11.3935
  20040.00   -10.6529
  20050.00   -10.6857
  20060.00   -11.1626
  20070.00   -11.5473
  20080.00   -10.8966
  20090.00   -11.1450
  20100.00   -11.1634
  20110.00   -10.9196
  20120.00   -11.5233
  20130.00   -10.8606
  20140.00   -11.1405
  20150.00   -10.9744
  20160.00   -11.1833
  20170.00   -11.4377
  20180.00   -11.6766
  20190.00   -11.7641
  20200.00   -10.7789
  20210.00   -11.5305
  20220.00   -11.0317
  20230.00   -11.1084
  20240.00   -11.2082
  20250.00   -11.4632
  20260.00   -11.2238
  20270.00   -11.3201
  20280.00   -11.2598
  20290.00   -11.4112
  20300.00   -10.9354
  20310.00   -10.9462
  20320.00   -10.7754
  20330.00   -10.8256
  20340.00   -10.6813
  20350.00   -10.9611
  20360.00   -10.6831
  20370.00   -11.2557
  20380.00   -11.4149
  20390.00   -11.2507
  20400.00   -11.3028
  20410.00   -11.0236
  20420.00   -10.9449
  20430.00   -11.0399
  20440.00   -11.0286
  20450.00   -10.5518
  20460.00   -11.0147
  20470.00   -10.9628
  20480.00   -11.4830
  20490.00   -11.1941
  20500.00   -10.9953
  20510.00   -11.0044
  20520.00   -10.8034
  20530.00   -11.4659
  20540.00   -10.7909
  20550.00   -11.3700
  20560.00   -10.8080
  20570.00   -11.4081
  20580.00   -11.0071
  20590.00   -10.7948
  20600.00   -11.1090
  20610.00   -11.1973
  20620.00   -11.8349
  20630.00   -10.7615
  20640.00   -11.3345
  20650.00   -11.2348
  20660.00   -11.5468
  20670.00   -11.0558
  20680.00   -10.9849
  20690.00   -10.8942
  20700.00   -11.2227
  20710.00   -11.4882
  20720.00   -11.0487
  20730.00   -11.0987
  20740.00   -10.7706
  20750.00   -10.9859
  20760.00   -11.2613
  20770.00   -11.4167
  20780.00   -10.9153
  20790.00   -11.0685
  20800.00   -11.2001
  20810.00   -11.1222
  20820.00   -11.1856
  20830.00   -11.2543
  20840.00   -10.7738
  20850.00   -11.4764
  20860.00   -11.6951
  20870.00   -11.1912
  20880.00   -11.4118
  20890.00   -11.3752
  20900.00   -11.2553
  20910.00   -11.1030
  20920.00   -10.9843
  20930.00   -10.8605
  20940.00   -11.1158
  20950.00   -10.9318
  20960.00   -10.8263
  20970.00   -11.0378
  20980.00   -10.7430
  20990.00   -11.2201
  21000.00   -10.5996
  21010.00   -10.8452
  21020.00   -11.3022
  21030.00   -11.1639
  21040.00   -11.4595
  21050.00   -11.1326
  21060.00   -11.0637
  21070.00   -11.0019
  21080.00   -11.1705
  21090.00   -11.2094
  21100.00   -10.3491
  21110.00   -11.6479
  21120.00   -11.0333
  21130.00   -10.8982
  21140.00   -10.6326
  21150.00   -10.6460
  21160.00   -10.7806
  21170.00   -11.3183
  21180.00   -11.3622
  21190.00   -10.9440
  21200.00   -11.0661
  21210.00   -11.0718
  21220.00   -11.7654
  21230.00   -10.8639
  21240.00   -11.0776
  21250.00   -10.8513
  21260.00   -10.8460
  21270.00   -11.0179
  21280.00   -11.2627
  21290.00   -11.0883
  21300.00   -10.7054
  21310.00   -11.1606
  21320.00   -10.9765
  21330.00   -11.7777
  21340.00   -11.1242
  21350.00   -10.9405
  21360.00   -10.7597
  21370.00   -11.2444
  21380.00   -10.8079
  21390.00   -10.8789
  21400.00   -10.8230
  21410.00   -11.1823
  21420.00   -11.6220
  21430.00   -10.9935
  21440.00   -11.2403
  21450.00   -10.9032
  21460.00   -11.0087
  21470.00   -10.7314
  21480.00   -11.2889
  21490.00   -11.0658
  21500.00   -11.2355
  21510.00   -11.1957
  21520.00   -10.7120
  21530.00   -11.5178
  21540.00   -11.0086
  21550.00   -11.0451
  21560.00   -10.7880
  21570.00   -11.3523
  21580.00   -10.9261
  21590.00   -10.9327
  21600.00   -11.3803
  21610.00   -11.1729
  21620.00   -10.8813
  21630.00   -10.8394
  21640.00   -10.7809
  21650.00   -11.1449
  21660.00   -11.2992
  21670.00   -11.3447
  21680.00   -11.1062
  21690.00   -10.8035
  21700.00   -11.1911
  21710.00   -11.7108
  21720.00   -10.9911
  21730.00   -11.1329
  21740.00   -11.0355
  21750.00   -10.5817
  21760.00   -11.1247
  21770.00   -11.1392
  21780.00   -11.1549
  21790.00   -11.0580
  21800.00   -11.1703
  21810.00   -11.1838
  21820.00   -11.5069
  21830.00   -10.9983
  21840.00   -10.5615
  21850.00   -11.4218
  21860.00   -10.9277
  21870.00   -11.3526
  21880.00   -11.1172
  21890.00   -11.5017
  21900.00   -11.0845
  21910.00   -10.9045
  21920.00   -11.2398
  21930.00   -11.3020
  21940.00   -10.4626
  21950.00   -11.2897
  21960.00   -10.9365
  21970.00   -10.8210
  21980.00   -11.0034
  21990.00   -11.4904
  22000.00   -10.7830
  22010.00   -11.1570
  22020.00   -10.9353
  22030.00   -10.9936
  22040.00   -11.1173
  22050.00   -11.5748
  22060.00   -11.2278
  22070.00   -11.4152
  22080.00   -11.2890
  22090.00   -10.7775
  22100.00   -11.3208
  22110.00   -11.2318
  22120.00   -11.0215
  22130.00   -10.9514
  22140.00   -10.8740
  22150.00   -10.9789
  22160.00   -11.3378
  22170.00   -11.2155
  22180.00   -11.1357
  22190.00   -11.3267
  22200.00   -11.1796
  22210.00   -11.3493
  22220.00   -11.3963
  22230.00   -11.5797
  22240.00   -11.3400
  22250.00   -11.0978
  22260.00   -11.2671
  22270.00   -10.9250
  22280.00   -10.7976
  22290.00   -11.1939
  22300.00   -11.0320
  22310.00   -10.8355
  22320.00   -11.2308
  22330.00   -10.6974
  22340.00   -11.1663
  22350.00   -10.8276
  22360.00   -11.2579
  22370.00   -11.0447
  22380.00   -11.0877
  22390.00   -10.8106
  22400.00   -10.7792
  22410.00   -11.0875
  22420.00   -11.1650
  22430.00   -11.1003
  22440.00   -11.1012
  22450.00   -11.0610
  22460.00   -11.1520
  22470.00   -11.4526
  22480.00   -10.7110
  22490.00   -11.1317
  22500.00   -11.2778
  22510.00   -10.6618
  22520.00   -10.8385
  22530.00   -10.6744
  22540.00   -11.3824
  22550.00   -11.2413
  22560.00   -10.8146
  22570.00   -10.9917
  22580.00   -10.7128
  22590.00   -10.9981
  22600.00   -10.9297
  22610.00   -11.0578
  22620.00   -11.0765
  22630.00   -10.6338
  22640.00   -11.1743
  22650.00   -10.9391
  22660.00   -11.2284
  22670.00   -11.4362
  22680.00   -10.9280
  22690.00   -11.8348
  22700.00   -11.4872
  22710.00   -11.5328
  22720.00   -10.9943
  22730.00   -10.7627
  22740.00   -11.0920
  22750.00   -10.7705
  22760.00   -10.4696
  22770.00   -10.4721
  22780.00   -10.9067
  22790.00   -11.3163
  22800.00   -11.1410
  22810.00   -11.3707
  22820.00   -11.0715
  22830.00   -11.2231
  22840.00   -10.7324
  22850.00   -11.3466
  22860.00   -10.8726
  22870.00   -11.4172
  22880.00   -10.7412
  22890.00   -11.4672
  22900.00   -11.7986
  22910.00   -10.7855
  22920.00   -10.9909
  22930.00   -10.8711
  22940.00   -11.1168
  22950.00   -11.1050
  22960.00   -10.9549
  22970.00   -11.3514
  22980.00   -11.1913
  22990.00   -11.4168
  23000.00   -10.7527
  23010.00   -11.2433
  23020.00   -11.3670
  23030.00   -10.9952
  23040.00   -11.1341
  23050.00   -10.8437
  23060.00   -10.9013
  23070.00   -10.8429
  23080.00   -11.4175
  23090.00   -11.0343
  23100.00   -10.9328
  23110.00   -11.0465
  23120.00   -10.8292
  23130.00   -11.1431
  23140.00   -11.3144
  23150.00   -11.1560
  23160.00   -10.8837
  23170.00   -10.9528
  23180.00   -11.2368
  23190.00   -11.5036
  23200.00   -10.8694
  23210.00   -10.8802
  23220.00   -11.0653
  23230.00   -11.3244
  23240.00   -11.4136
  23250.00   -11.3362
  23260.00   -11.2113
  23270.00   -10.6652
  23280.00   -11.1288
  23290.00   -11.0577
  23300.00   -10.9069
  23310.00   -11.0416
  23320.00   -10.9049
  23330.00   -11.2708
  23340.00   -11.1743
  23350.00   -11.1458
  23360.00   -11.5185
  23370.00   -11.1545
  23380.00   -11.2640
  23390.00   -11.4813
  23400.00   -11.3702
  23410.00   -10.6463
  23420.00   -11.3147
  23430.00   -11.4732
  23440.00   -11.1348
  23450.00   -11.8971
  23460.00   -11.1213
  23470.00   -11.4453
  23480.00   -11.5335
  23490.00   -11.0148
  23500.00   -11.3057
  23510.00   -11.5389
  23520.00   -11.5310
  23530.00   -10.9355
  23540.00   -11.2944
  23550.00   -10.9331
  23560.00   -11.2071
  23570.00   -10.9525
  23580.00   -11.1179
  23590.00   -11.0178
  23600.00   -11.1468
  23610.00   -11.4531
  23620.00   -11.1135
  23630.00   -10.9809
  23640.00   -10.9615
  23650.00   -10.9580
  23660.00   -10.9806
  23670.00   -11.2126
  23680.00   -11.3102
  23690.00   -11.1545
  23700.00   -11.0742
  23710.00   -11.1741
  23720.00   -11.2123
  23730.00   -10.9686
  23740.00   -11.5341
  23750.00   -11.4551
  23760.00   -11.2465
  23770.00   -11.5853
  23780.00   -11.5447
  23790.00   -11.1368
  23800.00   -11.4084
  23810.00   -11.7898
  23820.00   -11.6725
  23830.00   -11.0717
  23840.00   -11.2525
  23850.00   -11.6818
  23860.00   -11.4880
  23870.00   -11.5658
  23880.00   -11.1204
  23890.00   -11.1345
  23900.00   -11.2053
  23910.00   -11.0247
  23920.00   -11.1646
  23930.00   -11.0664
  23940.00   -10.7853
  23950.00   -11.2699
  23960.00   -11.6157
  23970.00   -10.8073
  23980.00   -11.0075
  23990.00   -11.2088
  24000.00   -11.2835
  24010.00   -11.0796
  24020.00   -11.5838
  24030.00   -10.9466
  24040.00   -11.2921
  24050.00   -11.6288
  24060.00   -10.9165
  24070.00   -10.9639
  24080.00   -11.5603
  24090.00   -11.1853
  24100.00   -11.2115
  24110.00   -11.0966
  24120.00   -11.6144
  24130.00   -11.7232
  24140.00   -11.0601
  24150.00   -11.4677
  24160.00   -11.6008
  24170.00   -11.3024
  24180.00   -11.0003
  24190.00   -11.2113
  24200.00   -11.2751
  24210.00   -11.1479
  24220.00   -11.1973
  24230.00   -11.0690
  24240.00   -11.0062
  24250.00   -11.1757
  24260.00   -11.4100
  24270.00   -10.9728
  24280.00   -11.1076
  24290.00   -11.5334
  24300.00   -10.8804
  24310.00   -11.3059
  24320.00   -10.9147
  24330.00   -11.1853
  24340.00   -11.2699
  24350.00   -10.5184
  24360.00   -10.7392
  24370.00   -10.6932
  24380.00   -11.0395
  24390.00   -11.0162
  24400.00   -11.1997
  24410.00   -11.3060
  24420.00   -10.8168
  24430.00   -11.4472
  24440.00   -11.0009
  24450.00   -10.8478
  24460.00   -10.7379
  24470.00   -11.3237
  24480.00   -10.9044
  24490.00   -10.9042
  24500.00   -10.7272
  24510.00   -11.5308
  24520.00   -10.9648
  24530.00   -10.9170
  24540.00   -10.6296
  24550.00   -11.0099
  24560.00   -11.0565
  24570.00   -11.2759
  24580.00   -11.7000
  24590.00   -11.2959
  24600.00   -10.9319
  24610.00   -10.9018
  24620.00   -11.2770
  24630.00   -10.9875
  24640.00   -11.3170
  24650.00   -11.0913
  24660.00   -11.2319
  24670.00   -10.9550
  24680.00   -10.8517
  24690.00   -10.7696
  24700.00   -11.1492
  24710.00   -11.1595
  24720.00   -11.4026
  24730.00   -11.4576
  24740.00   -11.0082
  24750.00   -11.1976
  24760.00   -10.7119
  24770.00   -11.1999
  24780.00   -11.1338
  24790.00   -11.3344
  24800.00   -11.1122
  24810.00   -10.5290
  24820.00   -11.0899
  24830.00   -10.9033
  24840.00   -11.1635
  24850.00   -11.0503
  24860.00   -11.3143
  24870.00   -11.1256
  24880.00   -11.4877
  24890.00   -10.9612
  24900.00   -11.1975
  24910.00   -11.1311
  24920.00   -10.7801
  24930.00   -10.6193
  24940.00   -11.3508
  24950.00   -11.1399
  24960.00   -10.8403
  24970.00   -11.2264
  24980.00   -10.8153
  24990.00   -10.9345
  25000.00   -10.8961
  25010.00   -10.8989
  25020.00   -10.5791
  25030.00   -11.1898
  25040.00   -11.4231
  25050.00   -10.9843
  25060.00   -11.4214
  25070.00   -11.5065
  25080.00   -11.0301
  25090.00   -11.3413
  25100.00   -11.1551
  25110.00   -11.1049
  25120.00   -11.4162
  25130.00   -10.7036
  25140.00   -11.2473
  25150.00   -11.2903
  25160.00   -11.0485
  25170.00   -11.2131
  25180.00   -10.8970
  25190.00   -11.0608
  25200.00   -10.8167
  25210.00   -10.9638
  25220.00   -10.9511
  25230.00   -11.0830
  25240.00   -11.2610
  25250.00   -11.6587
  25260.00   -11.3612
  25270.00   -11.0581
  25280.00   -10.4611
  25290.00   -10.9120
  25300.00   -11.0043
  25310.00   -11.0187
  25320.00   -10.7609
  25330.00   -10.9781
  25340.00   -11.0310
  25350.00   -11.4791
  25360.00   -11.3667
  25370.00   -11.2677
  25380.00   -11.2140
  25390.00   -11.2229
  25400.00   -10.8428
  25410.00   -11.0017
  25420.00   -11.0434
  25430.00   -11.5937
  25440.00   -10.2797
  25450.00   -10.8352
  25460.00   -10.9368
  25470.00   -11.0917
  25480.00   -11.1073
  25490.00   -11.3205
  25500.00   -10.9643
  25510.00   -11.4273
  25520.00   -10.8023
  25530.00   -10.8978
  25540.00   -11.3156
  25550.00   -11.0382
  25560.00   -11.3540
  25570.00   -11.6916
  25580.00   -11.6929
  25590.00   -11.6558
  25600.00   -11.3037
  25610.00   -11.2759
  25620.00   -11.1961
  25630.00   -10.9060
  25640.00   -10.7664
  25650.00   -10.8449
  25660.00   -10.9618
  25670.00   -11.1775
  25680.00   -10.5764
  25690.00   -11.0989
  25700.00   -10.7873
  25710.00   -10.9364
  25720.00   -11.1173
  25730.00   -11.5807
  25740.00   -10.7509
  25750.00   -11.1846
  25760.00   -11.3973
  25770.00   -11.2399
  25780.00   -10.8180
  25790.00   -10.9640
  25800.00   -11.2579
  25810.00   -10.6464
  25820.00   -11.0924
  25830.00   -11.4383
  25840.00   -11.2132
  25850.00   -11.3975
  25860.00   -11.1441
  25870.00   -11.4007
  25880.00   -11.3335
  25890.00   -10.6455
  25900.00   -10.9661
  25910.00   -11.2930
  25920.00   -11.4619
  25930.00   -11.0188
  25940.00   -11.2255
  25950.00   -11.0908
  25960.00   -11.5005
  25970.00   -11.0269
  25980.00   -10.9769
  25990.00   -11.0492
  26000.00   -11.2435
  26010.00   -11.2712
  26020.00   -11.0173
  26030.00   -11.1297
  26040.00   -11.0088
  26050.00   -11.4381
  26060.00   -11.2132
  26070.00   -11.2053
  26080.00   -10.9312
  26090.00   -11.0784
  26100.00   -11.3087
  26110.00   -11.2646
  26120.00   -11.2509
  26130.00   -11.1136
  26140.00   -11.2114
  26150.00   -11.5108
  26160.00   -11.0594
  26170.00   -10.8260
  26180.00   -11.0785
  26190.00   -11.1387
  26200.00   -11.4595
  26210.00   -11.0355
  26220.00   -10.6333
  26230.00   -11.1906
  26240.00   -11.0803
  26250.00   -10.8067
  26260.00   -11.1766
  26270.00   -11.2407
  26280.00   -11.1121
  26290.00   -10.7236
  26300.00   -10.8505
  26310.00   -10.8382
  26320.00   -10.8023
  26330.00   -10.4879
  26340.00   -10.8800
  26350.00   -11.2184
  26360.00   -11.4006
  26370.00   -11.3732
  26380.00   -10.9428
  26390.00   -11.3504
  26400.00   -11.1097
  26410.00   -10.6060
  26420.00   -11.1987
  26430.00   -10.8566
  26440.00   -11.4630
  26450.00   -10.7667
  26460.00   -11.1877
  26470.00   -11.2454
  26480.00   -10.9260
  26490.00   -10.9042
  26500.00   -11.4925
  26510.00   -11.3484
  26520.00   -11.6239
  26530.00   -11.5818
  26540.00   -11.7053
  26550.00   -11.0762
  26560.00   -11.9022
  26570.00   -10.8918
  26580.00   -10.8655
  26590.00   -10.7024
  26600.00   -11.5391
  26610.00   -11.3015
  26620.00   -11.2208
  26630.00   -11.1389
  26640.00   -10.8531
  26650.00   -10.9596
  26660.00   -11.5284
  26670.00   -11.1757
  26680.00   -10.9721
  26690.00   -10.9761
  26700.00   -11.4224
  26710.00   -11.1580
  26720.00   -11.3603
  26730.00   -10.9507
  26740.00   -11.4491
  26750.00   -11.5111
  26760.00   -11.1329
  26770.00   -11.2078
  26780.00   -10.5632
  26790.00   -10.9294
  26800.00   -11.1659
  26810.00   -11.2858
  26820.00   -11.4971
  26830.00   -10.5217
  26840.00   -10.7934
  26850.00   -11.1800
  26860.00   -11.0053
  26870.00   -10.6968
  26880.00   -11.0897
  26890.00   -11.1635
  26900.00   -11.3233
  26910.00   -11.3177
  26920.00   -10.9519
  26930.00   -10.5539
  26940.00   -11.3445
  26950.00   -11.0193
  26960.00   -11.0898
  26970.00   -10.7366
  26980.00   -11.4733
  26990.00   -11.2786
  27000.00   -10.7021
  27010.00   -10.9304
  27020.00   -11.9044
  27030.00   -10.8728
  27040.00   -11.0615
  27050.00   -11.1098
  27060.00   -10.9754
  27070.00   -11.0304
  27080.00   -11.1089
  27090.00   -11.1087
  27100.00   -10.9157
  27110.00   -10.8307
  27120.00   -10.9340
  27130.00   -11.0744
  27140.00   -10.9088
  27150.00   -11.0298
  27160.00   -11.0482
  27170.00   -11.1343
  27180.00   -10.7694
  27190.00   -11.1105
  27200.00   -11.4436
  27210.00   -10.9086
  27220.00   -11.1894
  27230.00   -11.6489
  27240.00   -11.4354
  27250.00   -11.5253
  27260.00   -11.7211
  27270.00   -11.1352
  27280.00   -10.7262
  27290.00   -10.8801
  27300.00   -11.5272
  27310.00   -11.5832
  27320.00   -10.8332
  27330.00   -10.9883
  27340.00   -10.7873
  27350.00   -11.5654
  27360.00   -10.7158
  27370.00   -10.7774
  27380.00   -11.1704
  27390.00   -11.0270
  27400.00   -10.9230
  27410.00   -11.3594
  27420.00   -11.1468
  27430.00   -11.2250
  27440.00   -11.5062
  27450.00   -11.7252
  27460.00   -11.2383
  27470.00   -11.6369
  27480.00   -11.1972
  27490.00   -11.0477
  27500.00   -11.0858
  27510.00   -11.1830
  27520.00   -11.0012
  27530.00   -11.1931
  27540.00   -11.2316
  27550.00   -11.2436
  27560.00   -11.1773
  27570.00   -11.2236
  27580.00   -11.0148
  27590.00   -11.6647
  27600.00   -11.2806
  27610.00   -11.3893
  27620.00   -11.1842
  27630.00   -11.5782
  27640.00   -11.3139
  27650.00   -11.8534
  27660.00   -11.6258
  27670.00   -10.9699
  27680.00   -11.1009
  27690.00   -10.9909
  27700.00   -11.6828
  27710.00   -11.5855
  27720.00   -11.1836
  27730.00   -11.3532
  27740.00   -11.1357
  27750.00   -11.3904
  27760.00   -11.0981
  27770.00   -11.3329
  27780.00   -11.3346
  27790.00   -11.1650
  27800.00   -11.3719
  27810.00   -10.8301
  27820.00   -11.2062
  27830.00   -11.4208
  27840.00   -11.2741
  27850.00   -11.2023
  27860.00   -11.1571
  27870.00   -11.0333
  27880.00   -11.6261
  27890.00   -11.3972
  27900.00   -11.3240
  27910.00   -11.4862
  27920.00   -11.1666
  27930.00   -11.1890
  27940.00   -10.7842
  27950.00   -11.3141
  27960.00   -10.7014
  27970.00   -11.1275
  27980.00   -11.3151
  27990.00   -11.0492
  28000.00   -10.6869
  28010.00   -11.1980
  28020.00   -10.5664
  28030.00   -11.5490
  28040.00   -10.6614
  28050.00   -10.3742
  28060.00   -11.2595
  28070.00   -11.3281
  28080.00   -11.4230
  28090.00   -11.0527
  28100.00   -11.3184
  28110.00   -11.3679
  28120.00   -10.5927
  28130.00   -11.1855
  28140.00   -10.8092
  28150.00   -10.8504
  28160.00   -11.0180
  28170.00   -10.6082
  28180.00   -10.5386
  28190.00   -10.9020
  28200.00   -11.3249
  28210.00   -10.6946
  28220.00   -11.0497
  28230.00   -10.6069
  28240.00   -10.7272
  28250.00   -11.0177
  28260.00   -11.4568
  28270.00   -11.3009
  28280.00   -11.0046
  28290.00   -10.8119
  28300.00   -11.2313
  28310.00   -11.2585
  28320.00   -10.9137
  28330.00   -10.7140
  28340.00   -10.3116
  28350.00   -10.9114
  28360.00   -10.3999
  28370.00   -11.1456
  28380.00   -10.9652
  28390.00   -11.2233
  28400.00   -11.0159
  28410.00   -11.0680
  28420.00   -11.2932
  28430.00   -11.1329
  28440.00   -11.4773
  28450.00   -11.1885
  28460.00   -11.3827
  28470.00   -11.1701
  28480.00   -10.8026
  28490.00   -10.9120
  28500.00   -10.9153
  28510.00   -10.9734
  28520.00   -11.2028
  28530.00   -11.0454
  28540.00   -11.0003
  28550.00   -10.9410
  28560.00   -10.8515
  28570.00   -10.9759
  28580.00   -10.9152
  28590.00   -10.6217
  28600.00   -10.6873
  28610.00   -11.6678
  28620.00   -11.1310
  28630.00   -10.7641
  28640.00   -10.8463
  28650.00   -11.0794
  28660.00   -11.1455
  28670.00   -11.4174
  28680.00   -11.1599
  28690.00   -10.7150
  28700.00   -11.2917
  28710.00   -11.1068
  28720.00   -11.3707
  28730.00   -11.5645
  28740.00   -11.2554
  28750.00   -11.3890
  28760.00   -11.1937
  28770.00   -11.9500
  28780.00   -11.5784
  28790.00   -11.1434
  28800.00   -11.4035
  28810.00   -11.0181
  28820.00   -10.9972
  28830.00   -10.8768
  28840.00   -11.2985
  28850.00   -11.5261
  28860.00   -11.3849
  28870.00   -11.1669
  28880.00   -11.0319
  28890.00   -11.0837
  28900.00   -10.8406
  28910.00   -11.0700
  28920.00   -10.9196
  28930.00   -11.8953
  28940.00   -11.0989
  28950.00   -11.3895
  28960.00   -11.1552
  28970.00   -10.7523
  28980.00   -11.2599
  28990.00   -10.9351
  29000.00   -11.2063
  29010.00   -10.6158
  29020.00   -10.9766
  29030.00   -11.2655
  29040.00   -11.5334
  29050.00   -11.2315
  29060.00   -11.0314
  29070.00   -11.3412
  29080.00   -11.0055
  29090.00   -11.4502
  29100.00   -11.4829
  29110.00   -11.6112
  29120.00   -11.3435
  29130.00   -11.1023
  29140.00   -11.6526
  29150.00   -11.2999
  29160.00   -11.2613
  29170.00   -11.0848
  29180.00   -10.9262
  29190.00   -10.5574
  29200.00   -10.8411
  29210.00   -11.5214
  29220.00   -11.1332
  29230.00   -10.6379
  29240.00   -11.2886
  29250.00   -10.5693
  29260.00   -10.9729
  29270.00   -11.4494
  29280.00   -10.7965
  29290.00   -11.1734
  29300.00   -11.0991
  29310.00   -10.6539
  29320.00   -10.9084
  29330.00   -11.4322
  29340.00   -11.0066
  29350.00   -10.9905
  29360.00   -10.9593
  29370.00   -11.6317
  29380.00   -11.1930
  29390.00   -10.9320
  29400.00   -11.1056
  29410.00   -11.2306
  29420.00   -11.6220
  29430.00   -10.8696
  29440.00   -10.9712
  29450.00   -11.3674
  29460.00   -11.0682
  29470.00   -11.2490
  29480.00   -11.1186
  29490.00   -11.0307
  29500.00   -10.5696
  29510.00   -11.2118
  29520.00   -10.9580
  29530.00   -10.9839
  29540.00   -10.5879
  29550.00   -11.6717
  29560.00   -11.3294
  29570.00   -10.7631
  29580.00   -10.9066
  29590.00   -10.9345
  29600.00   -10.8628
  29610.00   -11.1183
  29620.00   -10.9556
  29630.00   -10.9379
  29640.00   -11.5079
  29650.00   -11.0865
  29660.00   -10.8850
  29670.00   -11.5269
  29680.00   -11.3867
  29690.00   -10.8194
  29700.00   -11.1007
  29710.00   -11.0809
  29720.00   -10.9509
  29730.00   -11.1008
  29740.00   -10.8186
  29750.00   -11.1025
  29760.00   -11.0213
  29770.00   -11.1160
  29780.00   -10.9544
  29790.00   -11.1002
  29800.00   -11.2343
  29810.00   -11.6245
  29820.00   -10.9752
  29830.00   -11.0888
  29840.00   -11.0705
  29850.00   -11.4229
  29860.00   -11.2245
  29870.00   -11.3540
  29880.00   -11.4732
  29890.00   -11.0051
  29900.00   -11.0894
  29910.00   -10.9937
  29920.00   -10.9662
  29930.00   -11.4172
  29940.00   -11.0633
  29950.00   -10.6106
  29960.00   -10.8458
  29970.00   -11.3742
  29980.00   -10.4654
  29990.00   -11.8535
  30000.00   -11.1072
  30010.00   -11.4193
  30020.00   -11.4407
  30030.00   -10.5146
  30040.00   -10.9070
  30050.00   -10.6833
  30060.00   -10.8392
  30070.00   -10.7972
  30080.00   -11.2047
  30090.00   -11.0921
  30100.00   -11.0524
  30110.00   -11.1179
  30120.00   -11.4089
  30130.00   -11.0485
  30140.00   -10.9367
  30150.00   -10.5916
  30160.00   -11.0000
  30170.00   -10.7586
  30180.00   -11.0737
  30190.00   -11.2133
  30200.00   -11.2808
  30210.00   -10.5693
  30220.00   -10.9167
  30230.00   -11.2944
  30240.00   -11.3649
  30250.00   -11.1324
  30260.00   -11.1275
  30270.00   -11.1709
  30280.00   -11.0420
  30290.00   -10.4263
  30300.00   -11.4090
  30310.00   -10.9119
  30320.00   -10.5786
  30330.00   -10.7998
  30340.00   -10.9278
  30350.00   -11.3377
  30360.00   -11.2235
  30370.00   -11.4678
  30380.00   -11.0123
  30390.00   -10.8814
  30400.00   -11.1331
  30410.00   -11.0953
  30420.00   -10.8929
  30430.00   -11.0962
  30440.00   -10.9633
  30450.00   -11.5583
  30460.00   -11.1785
  30470.00   -11.3510
  30480.00   -11.1689
  30490.00   -11.1210
  30500.00   -11.0972
  30510.00   -11.1589
  30520.00   -11.1638
  30530.00   -10.9353
  30540.00   -11.3493
  30550.00   -11.2673
  30560.00   -11.0548
  30570.00   -11.2523
  30580.00   -11.0718
  30590.00   -11.1176
  30600.00   -11.1179
  30610.00   -11.3334
  30620.00   -11.1563
  30630.00   -11.1058
  30640.00   -11.0121
  30650.00   -10.9273
  30660.00   -11.0732
  30670.00   -11.0227
  30680.00   -10.9089
  30690.00   -11.0008
  30700.00   -11.1529
  30710.00   -11.5574
  30720.00   -11.5108
  30730.00   -11.4018
  30740.00   -10.9582
  30750.00   -11.0905
  30760.00   -10.9418
  30770.00   -11.1768
  30780.00   -11.0346
  30790.00   -11.2300
  30800.00   -11.2485
  30810.00   -11.5863
  30820.00   -10.7791
  30830.00   -11.2377
  30840.00   -11.5141
  30850.00   -11.2093
  30860.00   -11.1536
  30870.00   -10.8385
  30880.00   -11.1827
  30890.00   -11.5099
  30900.00   -11.6624
  30910.00   -11.3752
  30920.00   -11.7898
  30930.00   -11.0484
  30940.00   -10.7893
  30950.00   -10.9715
  30960.00   -10.9934
  30970.00   -11.3010
  30980.00   -11.4551
  30990.00   -10.9420
  31000.00   -11.1244
  31010.00   -11.0828
  31020.00   -11.6804
  31030.00   -10.8748
  31040.00   -11.5508
  31050.00   -11.1982
  31060.00   -11.3274
  31070.00   -11.4297
  31080.00   -11.4696
  31090.00   -11.8514
  31100.00   -11.2613
  31110.00   -11.3619
  31120.00   -11.3302
  31130.00   -11.1814
  31140.00   -11.3845
  31150.00   -10.6496
  31160.00   -10.4306
  31170.00   -10.6289
  31180.00   -11.5489
  31190.00   -10.9742
  31200.00   -10.9584
  31210.00   -11.3352
  31220.00   -11.1766
  31230.00   -11.1362
  31240.00   -11.3596
  31250.00   -10.8984
  31260.00   -11.5792
  31270.00   -11.1418
  31280.00   -10.6566
  31290.00   -11.3477
  31300.00   -10.8603
  31310.00   -11.0644
  31320.00   -11.3079
  31330.00   -11.2338
  31340.00   -11.1327
  31350.00   -10.8207
  31360.00   -11.1991
  31370.00   -11.1892
  31380.00   -11.3199
  31390.00   -11.2413
  31400.00   -11.2107
  31410.00   -11.8288
  31420.00   -11.2585
  31430.00   -11.2669
  31440.00   -11.5491
  31450.00   -11.0479
  31460.00   -10.8977
  31470.00   -11.3319
  31480.00   -11.0177
  31490.00   -10.5916
  31500.00   -10.4501
  31510.00   -11.1998
  31520.00   -11.3835
  31530.00   -11.2029
  31540.00   -10.5049
  31550.00   -10.8747
  31560.00   -11.6165
  31570.00   -11.3477
  31580.00   -10.9950
  31590.00   -11.2839
  31600.00   -10.5703
  31610.00   -11.1604
  31620.00   -11.5647
  31630.00   -11.4128
  31640.00   -10.8983
  31650.00   -11.0474
  31660.00   -11.1344
  31670.00   -10.7198
  31680.00   -11.0344
  31690.00   -10.9724
  31700.00   -10.7225
  31710.00   -11.1595
  31720.00   -11.2875
  31730.00   -10.3918
  31740.00   -10.6877
  31750.00   -10.5218
  31760.00   -11.3888
  31770.00   -11.0123
  31780.00   -11.5088
  31790.00   -11.2799
  31800.00   -10.7008
  31810.00   -11.0330
  31820.00   -11.0016
  31830.00   -10.6719
  31840.00   -11.0515
  31850.00   -11.8096
  31860.00   -11.2581
  31870.00   -11.1429
  31880.00   -10.6899
  31890.00   -11.2838
  31900.00   -11.4392
  31910.00   -10.9995
  31920.00   -11.1204
  31930.00   -11.3779
  31940.00   -10.8661
  31950.00   -11.1407
  31960.00   -10.7376
  31970.00   -11.1702
  31980.00   -11.0003
  31990.00   -11.3233
  32000.00   -11.3212
  32010.00   -10.9936
  32020.00   -11.1951
  32030.00   -11.5430
  32040.00   -11.3028
  32050.00   -11.4921
  32060.00   -10.9678
  32070.00   -11.7231
  32080.00   -10.7040
  32090.00   -11.1730
  32100.00   -11.0511
  32110.00   -11.3067
  32120.00   -10.8694
  32130.00   -11.3356
  32140.00   -10.8240
  32150.00   -11.4070
  32160.00   -10.9888
  32170.00   -11.2320
  32180.00   -10.7463
  32190.00   -11.3615
  32200.00   -11.1924
  32210.00   -10.9953
  32220.00   -11.1208
  32230.00   -11.8060
  32240.00   -11.1201
  32250.00   -10.7572
  32260.00   -11.1462
  32270.00   -11.4519
  32280.00   -10.8408
  32290.00   -11.0812
  32300.00   -11.0514
  32310.00   -10.9732
  32320.00   -11.1223
  32330.00   -11.3491
  32340.00   -10.8463
  32350.00   -11.4176
  32360.00   -11.3217
  32370.00   -11.3753
  32380.00   -11.3031
  32390.00   -10.7259
  32400.00   -11.5392
  32410.00   -11.1835
  32420.00   -11.0535
  32430.00   -11.0515
  32440.00   -11.1270
  32450.00   -11.1124
  32460.00   -11.0451
  32470.00   -11.0622
  32480.00   -11.0505
  32490.00   -10.9929
  32500.00   -11.5588
  32510.00   -11.0525
  32520.00   -11.5539
  32530.00   -11.6257
  32540.00   -11.2821
  32550.00   -11.5649
  32560.00   -10.8605
  32570.00   -10.7436
  32580.00   -11.1332
  32590.00   -11.9004
  32600.00   -11.1646
  32610.00   -10.5997
  32620.00   -11.4353
  32630.00   -11.8274
  32640.00   -10.8284
  32650.00   -11.4391
  32660.00   -10.9925
  32670.00   -11.5426
  32680.00   -11.1492
  32690.00   -11.7396
  32700.00   -11.8257
  32710.00   -11.3155
  32720.00   -11.7658
  32730.00   -11.1086
  32740.00   -11.1948
  32750.00   -11.2679
  32760.00   -11.3874
  32770.00   -11.1260
  32780.00   -11.1109
  32790.00   -10.8169
  32800.00   -10.8910
  32810.00   -10.8032
  32820.00   -11.3752
  32830.00   -11.2454
  32840.00   -11.1450
  32850.00   -11.6577
  32860.00   -11.3597
  32870.00   -11.0561
  32880.00   -11.0267
  32890.00   -11.2589
  32900.00   -11.0826
  32910.00   -10.9462
  32920.00   -11.5903
  32930.00   -10.6498
  32940.00   -11.5345
  32950.00   -11.4282
  32960.00   -11.4347
  32970.00   -10.8257
  32980.00   -10.9716
  32990.00   -10.9240
  33000.00   -10.8948
  33010.00   -11.1920
  33020.00   -11.0942
  33030.00   -10.9105
  33040.00   -11.2864
  33050.00   -11.5878
  33060.00   -11.0107
  33070.00   -10.9683
  33080.00   -11.1363
  33090.00   -10.3969
  33100.00   -11.1111
  33110.00   -10.9829
  33120.00   -11.4170
  33130.00   -11.1320
  33140.00   -11.4265
  33150.00   -10.8651
  33160.00   -11.0290
  33170.00   -11.1653
  33180.00   -11.2004
  33190.00   -11.0471
  33200.00   -11.6323
  33210.00   -11.3730
  33220.00   -11.0304
  33230.00   -10.9825
  33240.00   -11.2442
  33250.00   -11.3283
  33260.00   -11.5784
  33270.00   -11.4678
  33280.00   -10.7800
  33290.00   -11.2903
  33300.00   -11.3683
  33310.00   -11.1239
  33320.00   -11.1960
  33330.00   -11.0958
  33340.00   -10.7882
  33350.00   -11.1655
  33360.00   -11.2490
  33370.00   -11.4362
  33380.00   -11.1039
  33390.00   -11.2216
  33400.00   -11.1277
  33410.00   -11.5576
  33420.00   -11.2088
  33430.00   -11.4139
  33440.00   -11.5411
  33450.00   -11.3122
  33460.00   -11.4101
  33470.00   -10.8131
  33480.00   -11.3475
  33490.00   -11.2785
  33500.00   -11.4641
  33510.00   -11.4378
  33520.00   -11.4836
  33530.00   -11.6678
  33540.00   -11.5225
  33550.00   -11.1205
  33560.00   -11.2499
  33570.00   -11.4623
  33580.00   -10.8069
  33590.00   -10.6787
  33600.00   -10.8789
  33610.00   -10.8518
  33620.00   -10.9744
  33630.00   -10.8209
  33640.00   -11.2135
  33650.00   -11.0575
  33660.00   -10.9502
  33670.00   -10.8144
  33680.00   -11.5104
  33690.00   -11.4931
  33700.00   -11.4115
  33710.00   -11.6947
  33720.00   -11.2396
  33730.00   -11.0323
  33740.00   -10.9791
  33750.00   -11.1748
  33760.00   -10.8565
  33770.00   -11.2042
  33780.00   -10.9101
  33790.00   -11.0534
  33800.00   -10.6798
  33810.00   -10.4567
  33820.00   -11.1767
  33830.00   -10.9049
  33840.00   -11.7880
  33850.00   -11.3775
  33860.00   -11.0844
  33870.00   -11.5058
  33880.00   -11.4482
  33890.00   -11.2445
  33900.00   -10.9286
  33910.00   -10.6598
  33920.00   -11.4137
  33930.00   -11.0363
  33940.00   -11.4805
  33950.00   -11.1988
  33960.00   -11.0903
  33970.00   -11.1286
  33980.00   -11.3792
  33990.00   -10.9552
  34000.00   -10.9370
  34010.00   -11.0059
  34020.00   -11.1671
  34030.00   -11.2472
  34040.00   -11.2834
  34050.00   -11.6044
  34060.00   -10.9354
  34070.00   -10.8485
  34080.00   -11.3092
  34090.00   -11.0456
  34100.00   -11.4427
  34110.00   -10.8024
  34120.00   -11.0544
  34130.00   -11.2655
  34140.00   -11.1102
  34150.00   -11.6364
  34160.00   -11.1882
  34170.00   -11.1299
  34180.00   -11.2723
  34190.00   -10.9282
  34200.00   -11.0048
  34210.00   -11.0191
  34220.00   -11.3540
  34230.00   -10.4363
  34240.00   -10.3950
  34250.00   -10.6843
  34260.00   -10.8350
  34270.00   -11.1186
  34280.00   -11.0684
  34290.00   -11.0155
  34300.00   -10.6719
  34310.00   -11.4239
  34320.00   -11.3083
  34330.00   -11.5179
  34340.00   -10.9248
  34350.00   -11.2253
  34360.00   -11.1883
  34370.00   -11.3335
  34380.00   -10.9623
  34390.00   -11.0194
  34400.00   -11.4288
  34410.00   -10.6415
  34420.00   -10.9385
  34430.00   -10.9694
  34440.00   -10.9632
  34450.00   -11.0745
  34460.00   -11.0903
  34470.00   -11.0765
  34480.00   -11.1369
  34490.00   -11.8675
  34500.00   -11.1323
  34510.00   -10.8965
  34520.00   -10.8658
  34530.00   -11.2077
  34540.00   -10.7799
  34550.00   -11.2467
  34560.00   -11.0651
  34570.00   -10.7783
  34580.00   -10.9464
  34590.00   -11.5672
  34600.00   -11.2762
  34610.00   -11.0154
  34620.00   -10.6207
  34630.00   -10.5414
  34640.00   -11.0484
  34650.00   -11.0897
  34660.00   -10.8888
  34670.00   -10.6811
  34680.00   -10.8002
  34690.00   -10.9248
  34700.00   -10.7503
  34710.00   -11.0624
  34720.00   -10.6167
  34730.00   -10.8255
  34740.00   -10.9276
  34750.00   -11.2011
  34760.00   -10.4127
  34770.00   -11.0201
  34780.00   -10.9676
  34790.00   -10.9977
  34800.00   -11.1460
  34810.00   -11.4506
  34820.00   -11.4043
  34830.00   -10.8038
  34840.00   -11.2967
  34850.00   -10.5527
  34860.00   -11.1388
  34870.00   -11.1381
  34880.00   -11.2008
  34890.00   -11.2541
  34900.00   -11.7646
  34910.00   -11.2461
  34920.00   -11.3014
  34930.00   -10.8976
  34940.00   -11.6760
  34950.00   -11.2606
  34960.00   -11.2949
  34970.00   -11.1190
  34980.00   -11.3593
  34990.00   -11.6706
  35000.00   -10.9844
  35010.00   -10.9846
  35020.00   -11.3177
  35030.00   -11.1667
  35040.00   -10.8645
  35050.00   -10.9221
  35060.00   -11.4261
  35070.00   -11.5574
  35080.00   -11.4185
  35090.00   -10.8584
  35100.00   -11.1338
  35110.00   -11.2245
  35120.00   -11.1436
  35130.00   -10.8278
  35140.00   -11.2439
  35150.00   -11.1633
  35160.00   -11.2721
  35170.00   -11.2950
  35180.00   -11.7587
  35190.00   -10.2342
  35200.00   -11.8396
  35210.00   -11.3306
  35220.00   -11.5039
  35230.00   -10.6682
  35240.00   -11.3343
  35250.00   -11.1980
  35260.00   -11.0133
  35270.00   -11.2234
  35280.00   -11.1357
  35290.00   -11.2459
  35300.00   -10.8626
  35310.00   -11.1743
  35320.00   -11.6225
  35330.00   -11.0558
  35340.00   -10.7866
  35350.00   -11.3939
  35360.00   -11.1783
  35370.00   -11.2592
  35380.00   -11.1099
  35390.00   -11.0894
  35400.00   -10.8398
  35410.00   -10.8366
  35420.00   -11.3487
  35430.00   -11.1161
  35440.00   -11.3969
  35450.00   -11.3816
  35460.00   -11.4987
  35470.00   -11.3817
  35480.00   -10.9329
  35490.00   -11.0120
  35500.00   -10.9007
  35510.00   -11.0098
  35520.00   -10.8231
  35530.00   -11.5543
  35540.00   -10.9887
  35550.00   -11.5111
  35560.00   -10.7422
  35570.00   -11.1418
  35580.00   -11.1687
  35590.00   -11.3374
  35600.00   -11.1234
  35610.00   -11.2114
  35620.00   -11.3482
  35630.00   -11.5102
  35640.00   -10.8780
  35650.00   -11.6911
  35660.00   -11.0450
  35670.00   -11.0121
  35680.00   -10.7304
  35690.00   -11.3811
  35700.00   -11.0137
  35710.00   -11.1659
  35720.00   -11.1498
  35730.00   -11.1163
  35740.00   -10.7971
  35750.00   -11.4202
  35760.00   -11.0609
  35770.00   -11.1524
  35780.00   -10.6058
  35790.00   -11.1049
  35800.00   -10.7906
  35810.00   -10.9228
  35820.00   -10.8976
  35830.00   -10.7319
  35840.00   -11.2360
  35850.00   -10.9843
  35860.00   -11.0672
  35870.00   -10.9664
  35880.00   -11.3234
  35890.00   -11.2258
  35900.00   -11.3179
  35910.00   -10.9229
  35920.00   -10.8597
  35930.00   -10.8254
  35940.00   -11.9607
  35950.00   -11.0932
  35960.00   -11.2356
  35970.00   -11.3692
  35980.00   -11.2274
  35990.00   -11.3598
  36000.00   -11.0885
  36010.00   -11.0504
  36020.00   -10.9328
  36030.00   -10.9838
  36040.00   -11.5895
  36050.00   -10.7861
  36060.00   -10.6709
  36070.00   -11.4850
  36080.00   -10.9568
  36090.00   -10.9015
  36100.00   -11.1759
  36110.00   -11.2739
  36120.00   -10.9698
  36130.00   -11.2550
  36140.00   -11.6437
  36150.00   -10.8643
  36160.00   -11.4241
  36170.00   -10.8058
  36180.00   -10.7136
  36190.00   -11.4931
  36200.00   -11.3431
  36210.00   -11.1865
  36220.00   -11.2540
  36230.00   -11.5107
  36240.00   -11.4878
  36250.00   -10.8803
  36260.00   -10.6379
  36270.00   -10.9020
  36280.00   -11.0402
  36290.00   -10.9364
  36300.00   -11.3740
  36310.00   -11.4960
  36320.00   -11.0643
  36330.00   -11.3152
  36340.00   -10.9621
  36350.00   -11.5823
  36360.00   -11.2284
  36370.00   -10.9134
  36380.00   -10.9411
  36390.00   -11.4181
  36400.00   -11.4815
  36410.00   -11.1934
  36420.00   -11.4698
  36430.00   -10.8399
  36440.00   -11.3281
  36450.00   -10.9409
  36460.00   -11.1640
  36470.00   -11.5537
  36480.00   -11.8112
  36490.00   -11.4454
  36500.00   -11.1771
  36510.00   -10.8832
  36520.00   -11.1696
  36530.00   -11.3461
  36540.00   -10.4657
  36550.00   -11.0191
  36560.00   -11.2103
  36570.00   -10.9818
  36580.00   -11.2893
  36590.00   -10.7662
  36600.00   -10.6187
  36610.00   -11.0817
  36620.00   -10.5961
  36630.00   -10.5657
  36640.00   -11.0165
  36650.00   -10.9243
  36660.00   -11.0337
  36670.00   -11.6105
  36680.00   -11.2296
  36690.00   -10.3410
  36700.00   -10.9056
  36710.00   -10.7213
  36720.00   -11.1568
  36730.00   -10.5567
  36740.00   -11.0678
  36750.00   -11.0378
  36760.00   -10.6079
  36770.00   -10.7060
  36780.00   -10.9286
  36790.00   -11.2765
  36800.00   -11.2736
  36810.00   -11.5316
  36820.00   -11.5887
  36830.00   -10.9543
  36840.00   -11.5853
  36850.00   -11.1750
  36860.00   -10.8410
  36870.00   -11.1594
  36880.00   -11.1108
  36890.00   -11.1520
  36900.00   -11.1604
  36910.00   -10.8985
  36920.00   -10.9239
  36930.00   -11.1644
  36940.00   -11.4031
  36950.00   -10.5565
  36960.00   -11.2065
  36970.00   -10.3530
  36980.00   -10.8885
  36990.00   -10.9207
  37000.00   -11.3222
  37010.00   -10.9960
  37020.00   -11.4873
  37030.00   -11.2043
  37040.00   -10.6117
  37050.00   -10.8066
  37060.00   -11.0326
  37070.00   -10.9645
  37080.00   -11.5651
  37090.00   -11.0745
  37100.00   -11.0275
  37110.00   -10.9505
  37120.00   -11.3633
  37130.00   -11.2498
  37140.00   -11.0504
  37150.00   -11.3111
  37160.00   -11.3945
  37170.00   -10.6649
  37180.00   -10.8118
  37190.00   -10.8807
  37200.00   -11.1330
  37210.00   -10.8512
  37220.00   -10.8935
  37230.00   -11.3544
  37240.00   -10.3334
  37250.00   -11.1014
  37260.00   -11.2782
  37270.00   -11.4817
  37280.00   -11.1014
  37290.00   -11.2341
  37300.00   -11.1289
  37310.00   -11.2259
  37320.00   -10.6846
  37330.00   -10.9488
  37340.00   -11.0903
  37350.00   -11.0463
  37360.00   -10.8879
  37370.00   -10.6199
  37380.00   -10.7803
  37390.00   -10.5589
  37400.00   -11.0883
  37410.00   -11.1356
  37420.00   -11.2662
  37430.00   -11.0907
  37440.00   -11.4428
  37450.00   -10.6262
  37460.00   -11.4384
  37470.00   -10.8862
  37480.00   -11.0033
  37490.00   -11.0917
  37500.00   -10.9181
  37510.00   -11.1560
  37520.00   -10.7924
  37530.00   -11.1095
  37540.00   -11.0791
  37550.00   -10.9268
  37560.00   -11.3087
  37570.00   -11.4757
  37580.00   -10.5922
  37590.00   -10.8424
  37600.00   -11.0997
  37610.00   -11.4964
  37620.00   -10.8241
  37630.00   -10.8838
  37640.00   -11.0382
  37650.00   -11.3658
  37660.00   -10.6625
  37670.00   -10.5334
  37680.00   -10.9403
  37690.00   -11.1248
  37700.00   -10.7781
  37710.00   -11.4236
  37720.00   -10.7342
  37730.00   -11.3577
  37740.00   -10.9786
  37750.00   -11.4608
  37760.00   -10.9799
  37770.00   -11.2735
  37780.00   -10.3530
  37790.00   -11.1055
  37800.00   -11.3743
  37810.00   -11.7410
  37820.00   -11.2156
  37830.00   -10.7507
  37840.00   -10.6247
  37850.00   -10.8509
  37860.00   -10.8368
  37870.00   -11.1666
  37880.00   -10.5680
  37890.00   -10.5974
  37900.00   -10.8143
  37910.00   -10.7561
  37920.00   -11.4870
  37930.00   -10.8826
  37940.00   -11.3134
  37950.00   -11.0271
  37960.00   -11.3294
  37970.00   -10.7414
  37980.00   -11.2822
  37990.00   -11.0101
  38000.00   -10.7299
  38010.00   -10.8589
  38020.00   -10.8145
  38030.00   -11.6321
  38040.00   -11.1647
  38050.00   -10.3820
  38060.00   -11.1170
  38070.00   -10.9277
  38080.00   -11.3707
  38090.00   -11.3621
  38100.00   -11.2549
  38110.00   -11.3851
  38120.00   -11.3598
  38130.00   -11.7492
  38140.00   -10.9410
  38150.00   -11.4998
  38160.00   -11.2119
  38170.00   -11.3652
  38180.00   -11.2934
  38190.00   -11.1638
  38200.00   -11.5582
  38210.00   -11.3588
  38220.00   -11.6677
  38230.00   -11.3387
  38240.00   -10.7029
  38250.00   -10.8284
  38260.00   -11.1571
  38270.00   -11.0653
  38280.00   -10.8251
  38290.00   -10.8468
  38300.00   -11.0216
  38310.00   -11.1968
  38320.00   -11.1861
  38330.00   -10.9887
  38340.00   -11.2790
  38350.00   -11.3440
  38360.00   -11.1963
  38370.00   -11.0196
  38380.00   -11.1942
  38390.00   -10.6086
  38400.00   -11.7198
  38410.00   -10.9016
  38420.00   -11.3163
  38430.00   -11.7070
  38440.00   -11.2021
  38450.00   -11.1663
  38460.00   -10.5113
  38470.00   -11.4125
  38480.00   -11.2905
  38490.00   -11.1011
  38500.00   -10.8382
  38510.00   -11.0634
  38520.00   -11.2228
  38530.00   -10.9998
  38540.00   -11.3509
  38550.00   -10.9742
  38560.00   -11.1732
  38570.00   -11.4461
  38580.00   -11.3368
  38590.00   -10.8275
  38600.00   -11.3629
  38610.00   -11.2929
  38620.00   -11.8449
  38630.00   -10.9241
  38640.00   -11.5304
  38650.00   -10.8870
  38660.00   -11.0636
  38670.00   -10.9655
  38680.00   -10.5399
  38690.00   -10.6546
  38700.00   -11.2702
  38710.00   -11.8700
  38720.00   -10.5899
  38730.00   -10.9542
  38740.00   -10.6898
  38750.00   -10.7540
  38760.00   -10.8284
  38770.00   -10.8727
  38780.00   -10.6807
  38790.00   -11.2476
  38800.00   -10.9186
  38810.00   -11.3089
  38820.00   -11.0340
  38830.00   -10.8952
  38840.00   -11.2954
  38850.00   -11.4810
  38860.00   -11.0304
  38870.00   -11.3738
  38880.00   -11.1437
  38890.00   -11.1989
  38900.00   -11.1720
  38910.00   -11.2181
  38920.00   -11.7658
  38930.00   -11.1524
  38940.00   -10.8947
  38950.00   -11.0209
  38960.00   -10.9880
  38970.00   -11.4245
  38980.00   -11.1010
  38990.00   -11.5271
  39000.00   -11.1058
  39010.00   -10.9047
  39020.00   -10.8617
  39030.00   -11.2765
  39040.00   -11.0814
  39050.00   -11.3359
  39060.00   -11.0120
  39070.00   -10.7837
  39080.00   -10.9851
  39090.00   -11.2907
  39100.00   -11.1656
  39110.00   -11.0681
  39120.00   -10.9846
  39130.00   -10.7156
  39140.00   -11.3681
  39150.00   -11.3640
  39160.00   -11.1485
  39170.00   -11.3446
  39180.00   -11.6222
  39190.00   -11.1464
  39200.00   -11.3316
  39210.00   -11.4705
  39220.00   -11.0346
  39230.00   -10.9224
  39240.00   -11.7358
  39250.00   -11.3556
  39260.00   -11.5748
  39270.00   -10.9172
  39280.00   -11.2073
  39290.00   -11.5597
  39300.00   -11.1253
  39310.00   -11.4978
  39320.00   -11.6771
  39330.00   -11.3776
  39340.00   -11.2425
  39350.00   -11.5136
  39360.00   -10.9957
  39370.00   -11.1458
  39380.00   -11.7691
  39390.00   -11.3516
  39400.00   -11.0369
  39410.00   -11.0240
  39420.00   -11.4470
  39430.00   -11.0729
  39440.00   -10.4959
  39450.00   -11.2252
  39460.00   -11.2117
  39470.00   -10.5650
  39480.00   -11.0419
  39490.00   -11.3423
  39500.00   -11.1780
  39510.00   -10.9361
  39520.00   -11.5189
  39530.00   -11.2804
  39540.00   -11.2757
  39550.00   -11.1043
  39560.00   -11.3511
  39570.00   -10.8958
  39580.00   -11.4124
  39590.00   -10.5357
  39600.00   -11.3146
  39610.00   -10.9872
  39620.00   -10.9454
  39630.00   -10.6121
  39640.00   -11.0007
  39650.00   -10.6482
  39660.00   -11.0830
  39670.00   -11.2655
  39680.00   -11.3219
  39690.00   -10.9245
  39700.00   -11.1450
  39710.00   -11.3494
  39720.00   -10.9370
  39730.00   -10.7633
  39740.00   -10.8535
  39750.00   -10.8352
  39760.00   -10.6052
  39770.00   -10.4509
  39780.00   -10.8009
  39790.00   -11.2118
  39800.00   -10.9368
  39810.00   -10.8439
  39820.00   -11.3404
  39830.00   -11.0992
  39840.00   -11.2445
  39850.00   -10.9689
  39860.00   -11.1672
  39870.00   -11.1706
  39880.00   -11.3375
  39890.00   -11.0763
  39900.00   -10.9794
  39910.00   -10.9851
  39920.00   -11.1695
  39930.00   -11.1196
  39940.00   -10.7958
  39950.00   -11.5868
  39960.00   -11.2677
  39970.00   -10.9120
  39980.00   -11.2862
  39990.00   -11.3015
  40000.00   -11.3258
  40010.00   -11.4034
  40020.00   -10.9295
  40030.00   -10.9064
  40040.00   -11.1704
  40050.00   -10.9439
  40060.00   -11.1663
  40070.00   -10.8276
  40080.00   -11.3204
  40090.00   -10.7361
  40100.00   -11.3166
  40110.00   -11.1939
  40120.00   -10.7129
  40130.00   -11.2543
  40140.00   -10.7228
  40150.00   -11.1979
  40160.00   -11.3355
  40170.00   -11.0911
  40180.00   -11.0010
  40190.00   -11.6711
  40200.00   -11.8296
  40210.00   -10.8813
  40220.00   -11.4196
  40230.00   -11.0474
  40240.00   -11.3842
  40250.00   -10.8993
  40260.00   -10.9463
  40270.00   -11.1520
  40280.00   -11.1612
  40290.00   -11.8888
  40300.00   -11.5129
  40310.00   -11.3285
  40320.00   -11.0700
  40330.00   -10.9757
  40340.00   -11.4675
  40350.00   -11.4815
  40360.00   -11.1286
  40370.00   -11.7031
  40380.00   -11.4752
  40390.00   -11.2064
  40400.00   -10.7751
  40410.00   -11.2487
  40420.00   -10.8911
  40430.00   -11.4936
  40440.00   -11.2386
  40450.00   -11.0083
  40460.00   -11.4108
  40470.00   -11.2530
  40480.00   -10.9729
  40490.00   -11.2413
  40500.00   -10.9794
  40510.00   -11.0777
  40520.00   -11.0872
  40530.00   -10.7824
  40540.00   -10.6640
  40550.00   -11.1807
  40560.00   -10.8783
  40570.00   -10.6955
  40580.00   -11.5661
  40590.00   -11.6095
  40600.00   -10.8813
  40610.00   -10.8635
  40620.00   -11.3345
  40630.00   -10.8545
  40640.00   -10.8892
  40650.00   -11.1127
  40660.00   -11.1324
  40670.00   -11.3204
  40680.00   -11.1924
  40690.00   -10.8936
  40700.00   -11.6647
  40710.00   -11.0179
  40720.00   -11.3577
  40730.00   -11.2628
  40740.00   -11.2372
  40750.00   -11.3033
  40760.00   -11.4085
  40770.00   -11.6282
  40780.00   -11.5867
  40790.00   -11.2609
  40800.00   -11.5099
  40810.00   -11.4588
  40820.00   -11.7001
  40830.00   -10.9142
  40840.00   -11.4302
  40850.00   -11.0512
  40860.00   -11.0827
  40870.00   -10.9456
  40880.00   -11.3842
  40890.00   -11.3718
  40900.00   -11.3352
  40910.00   -11.1525
  40920.00   -11.2495
  40930.00   -10.7165
  40940.00   -10.9237
  40950.00   -11.2942
  40960.00   -11.3072
  40970.00   -11.3156
  40980.00   -11.6820
  40990.00   -11.4122
  41000.00   -11.3235
  41010.00   -11.0871
  41020.00   -10.8258
  41030.00   -10.8801
  41040.00   -11.2945
  41050.00   -11.0210
  41060.00   -11.0612
  41070.00   -10.9128
  41080.00   -11.1420
  41090.00   -11.5466
  41100.00   -11.4640
  41110.00   -11.8092
  41120.00   -11.4788
  41130.00   -11.0976
  41140.00   -10.9591
  41150.00   -11.4624
  41160.00   -11.2905
  41170.00   -11.2351
  41180.00   -11.2032
  41190.00   -11.3944
  41200.00   -11.1634
  41210.00   -10.7907
  41220.00   -11.0977
  41230.00   -10.8763
  41240.00   -11.3141
  41250.00   -10.8228
  41260.00   -11.4385
  41270.00   -10.8101
  41280.00   -11.4160
  41290.00   -11.2334
  41300.00   -11.1634
  41310.00   -11.3071
  41320.00   -11.0806
  41330.00   -10.9762
  41340.00   -10.8955
  41350.00   -11.0279
  41360.00   -10.9662
  41370.00   -11.1373
  41380.00   -11.2914
  41390.00   -11.2315
  41400.00   -11.1398
  41410.00   -11.3798
  41420.00   -11.3884
  41430.00   -11.0906
  41440.00   -11.0003
  41450.00   -11.2906
  41460.00   -10.8901
  41470.00   -10.8016
  41480.00   -11.5283
  41490.00   -10.7368
  41500.00   -10.9142
  41510.00   -11.2631
  41520.00   -10.5935
  41530.00   -11.1311
  41540.00   -10.9672
  41550.00   -11.2866
  41560.00   -11.2034
  41570.00   -11.3550
  41580.00   -11.7887
  41590.00   -11.0111
  41600.00   -11.0787
  41610.00   -11.3606
  41620.00   -11.1945
  41630.00   -11.1504
  41640.00   -10.8888
  41650.00   -10.8993
  41660.00   -10.5697
  41670.00   -10.8490
  41680.00   -11.2555
  41690.00   -11.8039
  41700.00   -10.9142
  41710.00   -11.2454
  41720.00   -11.1104
  41730.00   -11.2978
  41740.00   -11.6259
  41750.00   -11.4069
  41760.00   -11.0169
  41770.00   -11.0704
  41780.00   -11.3763
  41790.00   -11.2443
  41800.00   -10.5466
  41810.00   -11.2179
  41820.00   -10.7864
  41830.00   -11.0012
  41840.00   -11.0021
  41850.00   -10.8137
  41860.00   -11.1078
  41870.00   -10.7501
  41880.00   -11.0622
  41890.00   -11.1930
  41900.00   -11.2886
  41910.00   -10.7663
  41920.00   -11.1026
  41930.00   -11.4245
  41940.00   -10.9770
  41950.00   -10.8835
  41960.00   -10.9980
  41970.00   -11.1165
  41980.00   -11.3618
  41990.00   -11.2506
  42000.00   -11.4946
  42010.00   -11.3291
  42020.00   -10.7763
  42030.00   -10.8737
  42040.00   -10.9586
  42050.00   -11.3888
  42060.00   -11.0972
  42070.00   -11.4483
  42080.00   -10.8449
  42090.00   -11.4738
  42100.00   -11.7790
  42110.00   -10.8354
  42120.00   -11.2950
  42130.00   -11.6382
  42140.00   -11.1112
  42150.00   -10.7084
  42160.00   -11.2389
  42170.00   -10.5536
  42180.00   -10.8943
  42190.00   -11.0674
  42200.00   -11.0634
  42210.00   -11.2498
  42220.00   -11.0670
  42230.00   -11.0210
  42240.00   -11.2841
  42250.00   -11.1187
  42260.00   -11.1654
  42270.00   -11.2373
  42280.00   -11.3278
  42290.00   -11.1988
  42300.00   -11.1732
  42310.00   -11.3741
  42320.00   -10.9561
  42330.00   -11.2258
  42340.00   -10.6018
  42350.00   -11.0758
  42360.00   -11.4095
  42370.00   -10.9243
  42380.00   -11.4330
  42390.00   -10.8722
  42400.00   -11.3565
  42410.00   -11.0665
  42420.00   -10.9748
  42430.00   -11.2575
  42440.00   -11.6249
  42450.00   -10.9907
  42460.00   -11.2607
  42470.00   -11.1336
  42480.00   -11.0494
  42490.00   -11.0186
  42500.00   -10.9378
  42510.00   -11.1858
  42520.00   -11.5995
  42530.00   -11.4217
  42540.00   -10.9348
  42550.00   -10.8416
  42560.00   -11.4873
  42570.00   -11.3595
  42580.00   -11.0600
  42590.00   -11.0358
  42600.00   -11.1091
  42610.00   -11.1700
  42620.00   -10.9611
  42630.00   -10.8473
  42640.00   -11.0263
  42650.00   -11.3342
  42660.00   -11.0292
  42670.00   -11.4025
  42680.00   -10.9996
  42690.00   -11.0941
  42700.00   -11.1064
  42710.00   -11.2580
  42720.00   -11.5099
  42730.00   -11.7087
  42740.00   -11.0941
  42750.00   -10.7847
  42760.00   -11.4691
  42770.00   -10.8029
  42780.00   -10.7492
  42790.00   -11.5772
  42800.00   -11.0058
  42810.00   -11.3504
  42820.00   -11.4161
  42830.00   -11.3874
  42840.00   -11.3279
  42850.00   -11.3823
  42860.00   -11.6412
  42870.00   -11.1532
  42880.00   -10.7744
  42890.00   -11.2579
  42900.00   -11.3468
  42910.00   -11.3224
  42920.00   -11.4625
  42930.00   -11.2242
  42940.00   -11.2727
  42950.00   -10.9911
  42960.00   -11.7348
  42970.00   -10.9011
  42980.00   -11.3503
  42990.00   -11.6684
  43000.00   -11.1213
  43010.00   -11.1762
  43020.00   -11.2391
  43030.00   -10.9181
  43040.00   -10.6973
  43050.00   -11.5535
  43060.00   -10.7418
  43070.00   -11.1025
  43080.00   -11.4529
  43090.00   -11.5218
  43100.00   -11.2812
  43110.00   -10.9178
  43120.00   -11.3290
  43130.00   -10.8919
  43140.00   -11.2687
  43150.00   -11.4672
  43160.00   -11.3276
  43170.00   -10.9627
  43180.00   -11.0266
  43190.00   -11.3880
  43200.00   -11.4948
  43210.00   -11.1031
  43220.00   -11.2580
  43230.00   -11.7477
  43240.00   -10.8812
  43250.00   -11.4322
  43260.00   -11.2175
  43270.00   -11.5832
  43280.00   -11.2768
  43290.00   -10.9652
  43300.00   -10.9102
  43310.00   -11.1842
  43320.00   -11.3301
  43330.00   -11.0235
  43340.00   -11.0296
  43350.00   -11.2002
  43360.00   -11.0624
  43370.00   -10.8812
  43380.00   -11.0210
  43390.00   -11.0177
  43400.00   -11.1269
  43410.00   -11.4581
  43420.00   -11.3379
  43430.00   -11.6684
  43440.00   -11.4164
  43450.00   -10.9038
  43460.00   -11.4340
  43470.00   -11.0711
  43480.00   -10.8092
  43490.00   -11.2400
  43500.00   -11.0563
  43510.00   -11.3460
  43520.00   -11.1199
  43530.00   -11.2668
  43540.00   -10.9350
  43550.00   -11.7200
  43560.00   -11.1251
  43570.00   -11.2249
  43580.00   -11.0499
  43590.00   -10.5446
  43600.00   -11.3843
  43610.00   -11.1288
  43620.00   -11.0924
  43630.00   -10.5573
  43640.00   -11.1326
  43650.00   -11.3075
  43660.00   -11.3269
  43670.00   -10.8578
  43680.00   -10.8888
  43690.00   -11.1084
  43700.00   -10.6615
  43710.00   -10.8908
  43720.00   -11.0947
  43730.00   -10.7259
  43740.00   -11.1432
  43750.00   -11.0199
  43760.00   -11.3281
  43770.00   -11.1254
  43780.00   -11.4873
  43790.00   -10.9737
  43800.00   -10.9962
  43810.00   -11.4813
  43820.00   -11.0662
  43830.00   -11.4285
  43840.00   -11.0644
  43850.00   -11.1281
  43860.00   -11.0804
  43870.00   -11.0776
  43880.00   -11.2558
  43890.00   -11.1899
  43900.00   -10.8094
  43910.00   -11.0528
  43920.00   -11.4057
  43930.00   -10.7629
  43940.00   -11.1015
  43950.00   -11.2671
  43960.00   -11.0586
  43970.00   -10.8920
  43980.00   -11.1751
  43990.00   -11.1151
  44000.00   -11.1747
  44010.00   -11.4104
  44020.00   -11.2420
  44030.00   -11.0266
  44040.00   -11.1159
  44050.00   -11.1689
  44060.00   -11.2245
  44070.00   -10.7709
  44080.00   -11.3229
  44090.00   -10.7895
  44100.00   -11.0850
  44110.00   -11.2881
  44120.00   -11.2967
  44130.00   -11.2313
  44140.00   -11.2508
  44150.00   -10.5775
  44160.00   -11.0742
  44170.00   -10.8084
  44180.00   -10.8201
  44190.00   -10.6611
  44200.00   -10.5025
  44210.00   -10.4549
  44220.00   -11.2270
  44230.00   -11.4356
  44240.00   -10.9298
  44250.00   -11.0213
  44260.00   -11.1506
  44270.00   -10.8794
  44280.00   -11.1425
  44290.00   -11.6969
  44300.00   -11.0275
  44310.00   -11.0829
  44320.00   -11.1977
  44330.00   -10.6911
  44340.00   -11.0225
  44350.00   -10.9809
  44360.00   -10.9583
  44370.00   -11.0106
  44380.00   -10.8393
  44390.00   -10.8042
  44400.00   -10.9994
  44410.00   -10.6387
  44420.00   -10.9013
  44430.00   -10.5579
  44440.00   -10.7344
  44450.00   -11.3277
  44460.00   -11.2337
  44470.00   -10.9797
  44480.00   -10.7803
  44490.00   -10.7370
  44500.00   -10.8194
  44510.00   -11.2855
  44520.00   -11.1440
  44530.00   -10.8910
  44540.00   -10.6978
  44550.00   -10.5698
  44560.00   -11.1222
  44570.00   -11.3426
  44580.00   -10.9818
  44590.00   -11.0637
  44600.00   -11.2836
  44610.00   -10.7714
  44620.00   -11.0075
  44630.00   -11.0514
  44640.00   -10.9779
  44650.00   -11.1268
  44660.00   -10.9912
  44670.00   -10.8764
  44680.00   -11.7038
  44690.00   -10.9894
  44700.00   -11.1069
  44710.00   -10.9811
  44720.00   -11.2287
  44730.00   -10.9634
  44740.00   -11.1621
  44750.00   -11.2434
  44760.00   -10.6641
  44770.00   -10.9712
  44780.00   -11.6524
  44790.00   -11.0285
  44800.00   -10.8321
  44810.00   -11.0398
  44820.00   -10.7466
  44830.00   -11.1749
  44840.00   -10.9054
  44850.00   -10.8356
  44860.00   -10.7391
  44870.00   -11.0339
  44880.00   -11.0328
  44890.00   -10.7556
  44900.00   -11.4259
  44910.00   -10.9400
  44920.00   -11.1408
  44930.00   -10.7021
  44940.00   -11.1301
  44950.00   -11.2521
  44960.00   -11.0340
  44970.00   -11.1823
  44980.00   -11.0973
  44990.00   -11.1669
  45000.00   -11.3607
  45010.00   -11.1308
  45020.00   -11.0919
  45030.00   -10.5381
  45040.00   -10.8061
  45050.00   -11.0447
  45060.00   -11.4028
  45070.00   -11.0904
  45080.00   -10.7256
  45090.00   -11.2776
  45100.00   -10.8019
  45110.00   -10.9615
  45120.00   -10.6449
  45130.00   -10.9527
  45140.00   -10.9085
  45150.00   -11.3291
  45160.00   -10.6926
  45170.00   -10.8327
  45180.00   -11.0305
  45190.00   -11.3594
  45200.00   -11.5079
  45210.00   -11.1605
  45220.00   -11.2551
  45230.00   -10.9854
  45240.00   -11.2206
  45250.00   -11.0787
  45260.00   -11.2248
  45270.00   -11.2618
  45280.00   -10.9949
  45290.00   -11.1144
  45300.00   -11.2302
  45310.00   -11.3117
  45320.00   -10.7751
  45330.00   -11.2041
  45340.00   -11.0021
  45350.00   -10.8388
  45360.00   -10.8770
  45370.00   -11.1017
  45380.00   -10.7067
  45390.00   -11.0641
  45400.00   -10.5371
  45410.00   -10.8910
  45420.00   -10.8498
  45430.00   -11.0904
  45440.00   -10.9800
  45450.00   -11.0802
  45460.00   -11.2325
  45470.00   -11.1849
  45480.00   -10.4302
  45490.00   -10.5817
  45500.00   -10.8030
  45510.00   -10.8630
  45520.00   -10.7599
  45530.00   -11.1417
  45540.00   -10.2768
  45550.00   -11.1920
  45560.00   -11.2568
  45570.00   -10.9283
  45580.00   -10.9214
  45590.00   -10.4003
  45600.00   -10.9742
  45610.00   -10.8560
  45620.00   -11.0907
  45630.00   -11.4165
  45640.00   -11.3730
  45650.00   -11.0353
  45660.00   -10.8654
  45670.00   -11.1491
  45680.00   -11.2380
  45690.00   -11.0271
  45700.00   -11.2430
  45710.00   -11.3030
  45720.00   -10.7389
  45730.00   -10.9465
  45740.00   -11.1746
  45750.00   -11.1185
  45760.00   -11.5021
  45770.00   -10.9538
  45780.00   -11.2362
  45790.00   -10.7074
  45800.00   -11.0677
  45810.00   -10.9078
  45820.00   -11.2693
  45830.00   -10.9176
  45840.00   -10.6447
  45850.00   -11.2679
  45860.00   -10.8891
  45870.00   -10.6687
  45880.00   -10.7373
  45890.00   -11.4947
  45900.00   -10.7559
  45910.00   -10.8551
  45920.00   -10.8772
  45930.00   -11.5755
  45940.00   -10.9799
  45950.00   -11.1827
  45960.00   -10.8365
  45970.00   -10.9993
  45980.00   -10.9806
  45990.00   -10.9416
  46000.00   -10.5233
  46010.00   -11.0254
  46020.00   -11.4996
  46030.00   -11.8363
  46040.00   -11.1930
  46050.00   -11.2540
  46060.00   -11.8515
  46070.00   -11.6746
  46080.00   -11.3815
  46090.00   -11.0304
  46100.00   -11.1191
  46110.00   -11.0485
  46120.00   -11.0475
  46130.00   -11.4938
  46140.00   -11.2311
  46150.00   -11.3663
  46160.00   -10.9943
  46170.00   -11.3506
  46180.00   -12.0116
  46190.00   -11.4768
  46200.00   -11.0838
  46210.00   -10.8684
  46220.00   -11.4094
  46230.00   -10.9782
  46240.00   -10.9837
  46250.00   -11.4598
  46260.00   -10.8766
  46270.00   -10.9309
  46280.00   -11.0823
  46290.00   -11.1537
  46300.00   -11.1242
  46310.00   -11.1650
  46320.00   -11.0256
  46330.00   -11.6116
  46340.00   -11.3811
  46350.00   -11.7034
  46360.00   -10.9050
  46370.00   -11.3628
  46380.00   -12.1251
  46390.00   -11.4191
  46400.00   -11.2076
  46410.00   -11.6639
  46420.00   -11.4180
  46430.00   -11.3499
  46440.00   -11.0800
  46450.00   -10.9569
  46460.00   -10.9529
  46470.00   -10.9438
  46480.00   -10.8492
  46490.00   -10.3083
  46500.00   -11.0106
  46510.00   -11.3223
  46520.00   -11.1723
  46530.00   -10.7130
  46540.00   -11.3858
  46550.00   -11.0712
  46560.00   -11.1090
  46570.00   -11.6249
  46580.00   -11.1264
  46590.00   -10.4937
  46600.00   -11.2244
  46610.00   -10.8031
  46620.00   -11.0579
  46630.00   -11.1238
  46640.00   -11.5417
  46650.00   -11.3302
  46660.00   -11.3366
  46670.00   -11.3572
  46680.00   -11.3713
  46690.00   -11.3139
  46700.00   -10.7906
  46710.00   -11.3034
  46720.00   -10.8722
  46730.00   -11.4778
  46740.00   -10.9832
  46750.00   -11.3836
  46760.00   -11.1568
  46770.00   -11.2446
  46780.00   -11.1107
  46790.00   -10.9435
  46800.00   -11.0151
  46810.00   -11.3429
  46820.00   -11.3310
  46830.00   -10.8951
  46840.00   -11.0373
  46850.00   -10.4266
  46860.00   -11.0718
  46870.00   -10.5256
  46880.00   -10.5957
  46890.00   -10.7252
  46900.00   -10.9424
  46910.00   -10.9926
  46920.00   -11.1276
  46930.00   -10.7476
  46940.00   -11.0144
  46950.00   -11.0199
  46960.00   -11.8142
  46970.00   -11.1760
  46980.00   -10.9250
  46990.00   -11.2367
  47000.00   -10.6953
  47010.00   -11.3146
  47020.00   -11.5309
  47030.00   -11.0541
  47040.00   -11.0481
  47050.00   -10.4118
  47060.00   -11.1680
  47070.00   -11.2488
  47080.00   -10.8240
  47090.00   -10.6359
  47100.00   -10.8507
  47110.00   -10.5248
  47120.00   -10.6053
  47130.00   -11.3268
  47140.00   -10.8495
  47150.00   -10.7055
  47160.00   -10.7580
  47170.00   -10.6296
  47180.00   -10.7053
  47190.00   -10.9532
  47200.00   -10.8383
  47210.00   -11.8670
  47220.00   -11.3128
  47230.00   -11.0713
  47240.00   -11.1825
  47250.00   -11.2970
  47260.00   -11.0585
  47270.00   -10.7800
  47280.00   -10.7142
  47290.00   -11.1066
  47300.00   -11.2027
  47310.00   -11.6835
  47320.00   -11.5065
  47330.00   -10.9662
  47340.00   -10.9798
  47350.00   -11.1874
  47360.00   -11.0039
  47370.00   -10.8192
  47380.00   -10.9071
  47390.00   -10.9497
  47400.00   -11.3226
  47410.00   -10.8523
  47420.00   -11.0112
  47430.00   -11.1082
  47440.00   -11.5880
  47450.00   -11.4006
  47460.00   -11.2093
  47470.00   -11.6652
  47480.00   -11.2853
  47490.00   -10.9531
  47500.00   -11.0600
  47510.00   -11.3725
  47520.00   -11.0692
  47530.00   -10.8603
  47540.00   -11.1774
  47550.00   -11.0594
  47560.00   -10.7833
  47570.00   -11.2779
  47580.00   -11.2073
  47590.00   -11.0127
  47600.00   -10.8398
  47610.00   -11.4261
  47620.00   -11.1513
  47630.00   -10.6563
  47640.00   -11.3593
  47650.00   -10.9156
  47660.00   -10.9472
  47670.00   -11.3283
  47680.00   -11.1786
  47690.00   -10.9508
  47700.00   -10.7907
  47710.00   -10.9596
  47720.00   -10.9846
  47730.00   -11.3542
  47740.00   -11.1924
  47750.00   -11.3103
  47760.00   -11.4295
  47770.00   -10.9586
  47780.00   -11.8281
  47790.00   -11.2421
  47800.00   -10.8435
  47810.00   -10.9209
  47820.00   -10.9334
  47830.00   -11.1120
  47840.00   -11.2371
  47850.00   -10.8421
  47860.00   -11.2454
  47870.00   -11.1089
  47880.00   -10.8818
  47890.00   -10.9441
  47900.00   -11.1596
  47910.00   -11.4508
  47920.00   -10.9705
  47930.00   -10.7289
  47940.00   -11.5043
  47950.00   -11.0796
  47960.00   -11.2169
  47970.00   -11.2567
  47980.00   -11.4621
  47990.00   -11.3260
  48000.00   -11.0055
  48010.00   -11.1003
  48020.00   -11.2603
  48030.00   -11.1002
  48040.00   -11.3455
  48050.00   -11.1221
  48060.00   -11.3153
  48070.00   -10.7916
  48080.00   -11.2796
  48090.00   -11.1291
  48100.00   -10.8788
  48110.00   -11.2363
  48120.00   -11.4034
  48130.00   -10.8625
  48140.00   -11.0940
  48150.00   -11.1029
  48160.00   -10.5890
  48170.00   -11.1850
  48180.00   -10.9995
  48190.00   -10.6691
  48200.00   -11.0466
  48210.00   -10.9472
  48220.00   -10.9567
  48230.00   -10.7010
  48240.00   -10.9969
  48250.00   -10.6101
  48260.00   -10.5790
  48270.00   -11.1780
  48280.00   -11.2881
  48290.00   -10.7952
  48300.00   -11.2558
  48310.00   -10.9227
  48320.00   -10.7155
  48330.00   -10.9753
  48340.00   -11.3003
  48350.00   -11.2321
  48360.00   -11.1939
  48370.00   -11.4916
  48380.00   -11.3061
  48390.00   -10.2247
  48400.00   -10.5149
  48410.00   -11.0253
  48420.00   -11.1568
  48430.00   -11.3856
  48440.00   -11.2354
  48450.00   -11.1221
  48460.00   -11.2339
  48470.00   -10.7187
  48480.00   -11.2457
  48490.00   -10.8103
  48500.00   -10.6281
  48510.00   -10.7676
  48520.00   -10.2831
  48530.00   -10.8270
  48540.00   -11.3995
  48550.00   -11.2039
  48560.00   -11.2680
  48570.00   -11.4282
  48580.00   -11.4295
  48590.00   -10.6200
  48600.00   -10.6110
  48610.00   -11.1567
  48620.00   -10.9282
  48630.00   -11.3516
  48640.00   -11.2766
  48650.00   -11.2939
  48660.00   -11.4647
  48670.00   -11.0008
  48680.00   -11.1720
  48690.00   -11.2882
  48700.00   -10.8443
  48710.00   -10.5605
  48720.00   -10.4572
  48730.00   -11.4918
  48740.00   -11.1466
  48750.00   -11.3807
  48760.00   -11.0730
  48770.00   -11.1064
  48780.00   -11.4072
  48790.00   -11.4811
  48800.00   -11.1976
  48810.00   -10.7850
  48820.00   -10.9432
  48830.00   -11.2086
  48840.00   -10.9259
  48850.00   -11.1436
  48860.00   -11.6090
  48870.00   -10.8774
  48880.00   -11.0997
  48890.00   -11.3235
  48900.00   -11.0257
  48910.00   -10.9555
  48920.00   -11.3772
  48930.00   -11.5297
  48940.00   -11.1828
  48950.00   -11.0849
  48960.00   -11.3570
  48970.00   -10.7947
  48980.00   -11.3809
  48990.00   -11.7064
  49000.00   -11.0668
  49010.00   -11.3299
  49020.00   -11.2667
  49030.00   -11.3298
  49040.00   -11.4757
  49050.00   -11.2172
  49060.00   -11.4287
  49070.00   -11.2831
  49080.00   -11.1415
  49090.00   -10.9388
  49100.00   -11.3943
  49110.00   -10.8971
  49120.00   -11.3876
  49130.00   -11.1190
  49140.00   -11.2380
  49150.00   -11.4897
  49160.00   -11.6547
  49170.00   -11.5626
  49180.00   -10.9425
  49190.00   -11.4626
  49200.00   -10.9580
  49210.00   -11.0105
  49220.00   -11.3528
  49230.00   -11.3219
  49240.00   -11.2879
  49250.00   -10.8932
  49260.00   -11.2765
  49270.00   -11.0184
  49280.00   -10.6396
  49290.00   -11.4509
  49300.00   -10.6818
  49310.00   -11.1185
  49320.00   -11.0959
  49330.00   -11.6918
  49340.00   -11.6535
  49350.00   -11.4806
  49360.00   -11.2761
  49370.00   -11.5191
  49380.00   -11.1533
  49390.00   -11.1644
  49400.00   -11.2882
  49410.00   -11.6380
  49420.00   -11.4546
  49430.00   -11.5335
  49440.00   -11.5306
  49450.00   -11.2857
  49460.00   -10.8400
  49470.00   -11.4509
  49480.00   -11.2858
  49490.00   -10.9339
  49500.00   -10.8351
  49510.00   -11.3104
  49520.00   -11.2688
  49530.00   -11.1911
  49540.00   -10.8387
  49550.00   -10.9234
  49560.00   -10.8898
  49570.00   -11.0789
  49580.00   -10.9599
  49590.00   -11.3585
  49600.00   -11.3976
  49610.00   -10.4509
  49620.00   -10.7695
  49630.00   -11.2851
  49640.00   -11.2634
  49650.00   -10.6239
  49660.00   -11.3392
  49670.00   -11.0679
  49680.00   -11.0961
  49690.00   -11.3909
  49700.00   -11.2070
  49710.00   -11.2019
  49720.00   -11.2500
  49730.00   -11.4506
  49740.00   -11.0990
  49750.00   -10.8991
  49760.00   -10.7429
  49770.00   -11.2092
  49780.00   -10.8711
  49790.00   -11.5283
  49800.00   -10.8368
  49810.00   -11.0964
  49820.00   -11.3215
  49830.00   -11.0557
  49840.00   -10.6966
  49850.00   -11.1438
  49860.00   -11.2889
  49870.00   -11.0635
  49880.00   -11.3350
  49890.00   -10.9777
  49900.00   -11.1366
  49910.00   -10.4462
  49920.00   -10.7420
  49930.00   -10.3216
  49940.00   -11.0076
  49950.00   -11.2479
  49960.00   -11.1795
  49970.00   -11.1546
  49980.00   -11.0412
  49990.00   -11.3670
  50000.00   -10.8887
