     10.00     9.7693
     20.00     8.9335
     30.00     9.0810
     40.00     8.4148
     50.00     9.3138
     60.00     9.2075
     70.00     8.6372
     80.00     8.8148
     90.00     9.5524
    100.00     9.2668
    110.00     9.3673
    120.00     8.9862
    130.00     8.7856
    140.00     9.2012
    150.00     8.6400
    160.00     8.6642
    170.00     8.3781
    180.00     8.7909
    190.00     8.9263
    200.00     8.7735
    210.00     9.4653
    220.00     8.1957
    230.00     8.9479
    240.00     8.8732
    250.00     9.5717
    260.00     8.7025
    270.00     9.0663
    280.00     8.9629
    290.00     8.5213
    300.00     9.3785
    310.00     8.9223
    320.00     8.8748
    330.00     9.0590
    340.00     8.9870
    350.00     8.9505
    360.00     9.0229
    370.00     8.8894
    380.00     9.3404
    390.00     9.2212
    400.00     8.8742
    410.00     9.1124
    420.00     9.2699
    430.00     8.6874
    440.00     8.1147
    450.00     9.7948
    460.00     9.0140
    470.00     9.2645
    480.00     9.0309
    490.00     8.6747
    500.00     9.0232
    510.00     8.3919
    520.00     8.7646
    530.00     9.1983
    540.00     9.2375
    550.00     9.0904
    560.00     9.2701
    570.00     8.9348
    580.00     9.1110
    590.00     9.2624
    600.00     9.1833
    610.00     8.9167
    620.00     9.4341
    630.00     8.8176
    640.00     9.3546
    650.00     9.1043
    660.00     9.1428
    670.00     9.0620
    680.00     8.8927
    690.00     8.9000
    700.00     9.1432
    710.00     9.1918
    720.00     8.8997
    730.00     8.4792
    740.00     8.8468
    750.00     9.6448
    760.00     8.8736
    770.00     9.4036
    780.00     9.4613
    790.00     8.8524
    800.00     9.2092
    810.00     9.4364
    820.00     9.1711
    830.00     9.4792
    840.00     8.7730
    850.00     8.9092
    860.00     9.2477
    870.00     9.4410
    880.00     9.3615
    890.00     9.2094
    900.00     9.3763
    910.00     9.2134
    920.00     9.1549
    930.00     9.1547
    940.00     9.0596
    950.00     8.8884
    960.00     9.0521
    970.00     9.0700
    980.00     9.1918
    990.00     9.0449
   1000.00     9.2614
   1010.00     9.0810
   1020.00     8.9633
   1030.00     9.0457
   1040.00     9.3572
   1050.00     9.1771
   1060.00     9.1306
   1070.00     8.7420
   1080.00     9.1268
   1090.00     9.0213
   1100.00     8.7162
   1110.00     9.1512
   1120.00     8.8208
   1130.00     8.6191
   1140.00     9.7716
   1150.00     9.1978
   1160.00     9.1070
   1170.00     9.1361
   1180.00     8.9505
   1190.00     9.0222
   1200.00     9.0862
   1210.00     8.3288
   1220.00     9.3675
   1230.00     9.0762
   1240.00     9.1681
   1250.00     9.1265
   1260.00     9.3590
   1270.00     9.5959
   1280.00     8.9813
   1290.00     8.8302
   1300.00     8.9992
   1310.00     8.6790
   1320.00     9.5324
   1330.00     9.0106
   1340.00     9.3121
   1350.00     9.1595
   1360.00     8.7812
   1370.00     9.4498
   1380.00     8.8304
   1390.00     9.0584
   1400.00     9.0417
   1410.00     8.5439
   1420.00     9.1221
   1430.00     9.2718
   1440.00     8.7729
   1450.00     9.2067
   1460.00     9.3528
   1470.00     8.8155
   1480.00     8.9121
   1490.00     8.6287
   1500.00     8.7412
   1510.00     8.8403
   1520.00     9.1551
   1530.00     8.8701
   1540.00     9.0545
   1550.00     8.6714
   1560.00     8.4951
   1570.00     8.9021
   1580.00     8.8593
   1590.00     9.0067
   1600.00     8.9692
   1610.00     8.9742
   1620.00     8.9681
   1630.00     9.1837
   1640.00     8.8642
   1650.00     8.9085
   1660.00     9.3517
   1670.00     8.7084
   1680.00     9.0787
   1690.00     9.3321
   1700.00     9.4399
   1710.00     8.7458
   1720.00     9.1481
   1730.00     8.9530
   1740.00     8.9162
   1750.00     9.0254
   1760.00     9.1539
   1770.00     9.6479
   1780.00     8.7352
   1790.00     8.7600
   1800.00     9.5179
   1810.00     8.9293
   1820.00     9.0636
   1830.00     9.3309
   1840.00     9.1315
   1850.00     9.0572
   1860.00     9.2203
   1870.00     9.3700
   1880.00     9.4509
   1890.00     8.8662
   1900.00     9.1808
   1910.00     9.2731
   1920.00     9.0860
   1930.00     9.0580
   1940.00     8.8497
   1950.00     9.2023
   1960.00     9.4209
   1970.00     9.6503
   1980.00     9.0386
   1990.00     9.3591
   2000.00     9.1835
   2010.00     9.0271
   2020.00     9.3785
   2030.00     8.9501
   2040.00     9.0243
   2050.00     8.9880
   2060.00     9.3554
   2070.00     9.3007
   2080.00     9.3827
   2090.00     9.2877
   2100.00     9.5462
   2110.00     8.7017
   2120.00     9.2996
   2130.00     9.2865
   2140.00     9.1477
   2150.00     9.5362
   2160.00     8.9905
   2170.00     9.2596
   2180.00     8.7136
   2190.00     9.3554
   2200.00     9.0077
   2210.00     9.0948
   2220.00     9.3582
   2230.00     8.7392
   2240.00     9.5679
   2250.00     8.8919
   2260.00     8.8707
   2270.00     9.5081
   2280.00     9.1078
   2290.00     9.5008
   2300.00     9.0369
   2310.00     9.1271
   2320.00     8.8618
   2330.00     9.2134
   2340.00     9.2652
   2350.00     8.4391
   2360.00     8.4118
   2370.00     9.1113
   2380.00     8.9069
   2390.00     8.9089
   2400.00     8.7274
   2410.00     8.6499
   2420.00     8.9349
   2430.00     9.4413
   2440.00     9.4246
   2450.00     9.2297
   2460.00     8.8019
   2470.00     9.1125
   2480.00     9.3402
   2490.00     8.6520
   2500.00     9.1500
   2510.00     9.0865
   2520.00     9.2130
   2530.00     8.9869
   2540.00     8.9739
   2550.00     8.9140
   2560.00     9.3101
   2570.00     9.3392
   2580.00     8.2365
   2590.00     9.3400
   2600.00     8.7936
   2610.00     8.7297
   2620.00     8.4662
   2630.00     9.0445
   2640.00     8.7899
   2650.00     9.4487
   2660.00     9.2245
   2670.00     8.9423
   2680.00     9.5024
   2690.00     9.4393
   2700.00     9.2672
   2710.00     9.1692
   2720.00     8.7668
   2730.00     9.0161
   2740.00     9.0179
   2750.00     9.5591
   2760.00     9.3342
   2770.00     8.9043
   2780.00     9.4638
   2790.00     9.1371
   2800.00     9.1910
   2810.00     9.7050
   2820.00     8.8343
   2830.00     8.8681
   2840.00     9.3564
   2850.00     8.9131
   2860.00     9.6309
   2870.00     9.2585
   2880.00     9.5475
   2890.00     9.3364
   2900.00     8.8477
   2910.00     9.2969
   2920.00     9.2630
   2930.00     9.2134
   2940.00     8.7985
   2950.00     9.6885
   2960.00     8.8252
   2970.00     8.9097
   2980.00     9.0740
   2990.00     9.5179
   3000.00     9.1592
   3010.00     9.6040
   3020.00     8.6299
   3030.00     8.9095
   3040.00     9.6518
   3050.00     8.9480
   3060.00     9.0571
   3070.00     9.2360
   3080.00     9.1103
   3090.00     9.3323
   3100.00     9.1706
   3110.00     9.0896
   3120.00     9.2709
   3130.00     9.3199
   3140.00     9.4537
   3150.00     9.4566
   3160.00     8.5786
   3170.00     8.7796
   3180.00     9.1366
   3190.00     8.8309
   3200.00     8.8128
   3210.00     9.0950
   3220.00     8.8625
   3230.00     8.3202
   3240.00     8.7976
   3250.00     8.9907
   3260.00     8.6996
   3270.00     9.2732
   3280.00     9.5297
   3290.00     9.1883
   3300.00     9.0330
   3310.00     8.8109
   3320.00     9.1677
   3330.00     9.3227
   3340.00     9.0832
   3350.00     8.6757
   3360.00     9.2671
   3370.00     8.8795
   3380.00     8.5812
   3390.00     8.9833
   3400.00     8.5087
   3410.00     9.1424
   3420.00     8.4480
   3430.00     9.4800
   3440.00     8.7232
   3450.00     8.8537
   3460.00     8.7472
   3470.00     9.0183
   3480.00     8.6322
   3490.00     8.6455
   3500.00     9.1427
   3510.00     9.0865
   3520.00     9.1578
   3530.00     9.1575
   3540.00     9.2085
   3550.00     9.3439
   3560.00     8.8933
   3570.00     9.0111
   3580.00     9.3410
   3590.00     9.0049
   3600.00     8.4422
   3610.00     8.2793
   3620.00     8.7870
   3630.00     8.8264
   3640.00     8.7520
   3650.00     9.3550
   3660.00     9.1083
   3670.00     9.6322
   3680.00     8.4508
   3690.00     9.1693
   3700.00     9.1917
   3710.00     9.4286
   3720.00     9.1953
   3730.00     9.4531
   3740.00     8.8498
   3750.00     8.9961
   3760.00     9.6249
   3770.00     9.2338
   3780.00     8.7344
   3790.00     9.2234
   3800.00     9.0375
   3810.00     9.2074
   3820.00     9.3192
   3830.00     8.7411
   3840.00     9.0762
   3850.00     9.3125
   3860.00     8.5163
   3870.00     9.1184
   3880.00     8.8531
   3890.00     8.8910
   3900.00     8.8666
   3910.00     8.7879
   3920.00     9.5736
   3930.00     8.9522
   3940.00     9.1302
   3950.00     9.3888
   3960.00     9.0809
   3970.00     9.6446
   3980.00     9.0904
   3990.00     9.0258
   4000.00     8.9515
   4010.00     9.3560
   4020.00     9.1851
   4030.00     8.3586
   4040.00     8.7722
   4050.00     9.4906
   4060.00     9.3412
   4070.00     9.0069
   4080.00     9.2017
   4090.00     8.4155
   4100.00     8.9916
   4110.00     9.1639
   4120.00     8.6758
   4130.00     9.1014
   4140.00     9.1676
   4150.00     9.4797
   4160.00     9.3514
   4170.00     8.9599
   4180.00     9.2221
   4190.00     8.7215
   4200.00     8.9896
   4210.00     8.6068
   4220.00     8.9348
   4230.00     9.0371
   4240.00     8.7896
   4250.00     9.0193
   4260.00     8.8324
   4270.00     8.7536
   4280.00     8.9470
   4290.00     9.5344
   4300.00     9.0839
   4310.00     9.0207
   4320.00     8.7276
   4330.00     9.6408
   4340.00     9.5186
   4350.00     9.0621
   4360.00     8.5170
   4370.00     9.0019
   4380.00     9.6545
   4390.00     9.0292
   4400.00     8.7864
   4410.00     8.9865
   4420.00     9.3693
   4430.00     9.1133
   4440.00     8.9659
   4450.00     9.2364
   4460.00     9.4829
   4470.00     9.2136
   4480.00     9.1654
   4490.00     9.1788
   4500.00     9.0706
   4510.00     9.3477
   4520.00     9.1700
   4530.00     9.2341
   4540.00     8.9928
   4550.00     9.1378
   4560.00     9.1225
   4570.00     9.2148
   4580.00     9.9690
   4590.00     9.0023
   4600.00     9.3071
   4610.00     9.2675
   4620.00     8.9519
   4630.00     9.3939
   4640.00     9.3596
   4650.00     8.8211
   4660.00     8.8708
   4670.00     9.5296
   4680.00     8.6766
   4690.00     8.9828
   4700.00     9.1998
   4710.00     8.8560
   4720.00     8.8242
   4730.00     9.2666
   4740.00     8.5621
   4750.00     9.1173
   4760.00     9.3590
   4770.00     9.0285
   4780.00     9.0925
   4790.00     8.7140
   4800.00     8.9511
   4810.00     9.4366
   4820.00     8.5173
   4830.00     9.2065
   4840.00     9.6441
   4850.00     8.5304
   4860.00     8.3417
   4870.00     8.7186
   4880.00     9.2558
   4890.00     9.4403
   4900.00     9.3317
   4910.00     9.1982
   4920.00     8.8205
   4930.00     9.2292
   4940.00     8.9128
   4950.00     9.3003
   4960.00     8.9360
   4970.00     9.3490
   4980.00     8.7743
   4990.00     8.8826
   5000.00     9.0059
   5010.00     9.5430
   5020.00     8.7330
   5030.00     8.7474
   5040.00     9.3497
   5050.00     9.0621
   5060.00     9.2425
   5070.00     8.7116
   5080.00     8.8471
   5090.00     9.3422
   5100.00     9.0758
   5110.00     9.0435
   5120.00     8.9457
   5130.00     9.1172
   5140.00     9.2127
   5150.00     9.0180
   5160.00     8.9448
   5170.00     9.3542
   5180.00     9.0869
   5190.00     9.0959
   5200.00     8.9790
   5210.00     8.6695
   5220.00     9.0432
   5230.00     8.7873
   5240.00     8.7726
   5250.00     9.2885
   5260.00     8.8390
   5270.00     9.6254
   5280.00     8.8616
   5290.00     9.3891
   5300.00     9.3596
   5310.00     9.4620
   5320.00     9.3117
   5330.00     8.6240
   5340.00     9.1361
   5350.00     9.2964
   5360.00     9.4117
   5370.00     9.2609
   5380.00     9.1268
   5390.00     8.9399
   5400.00     8.9658
   5410.00     8.8004
   5420.00     9.0001
   5430.00     8.8914
   5440.00     9.5928
   5450.00     9.4363
   5460.00     9.2951
   5470.00     8.9420
   5480.00     9.4928
   5490.00     9.3679
   5500.00     9.4625
   5510.00     9.2591
   5520.00     8.9969
   5530.00     9.0937
   5540.00     9.2997
   5550.00     8.5630
   5560.00     8.8284
   5570.00     9.3958
   5580.00     9.0898
   5590.00     9.3399
   5600.00     9.2288
   5610.00     8.9426
   5620.00     9.2015
   5630.00     8.9964
   5640.00     8.7645
   5650.00     9.5009
   5660.00     9.0002
   5670.00     9.2938
   5680.00     8.8574
   5690.00     8.8139
   5700.00     9.4981
   5710.00     8.7423
   5720.00     9.1308
   5730.00     8.7411
   5740.00     9.3830
   5750.00     8.7146
   5760.00     9.2557
   5770.00     9.0784
   5780.00     9.1551
   5790.00     9.0471
   5800.00     9.6103
   5810.00     9.1011
   5820.00     9.3896
   5830.00     9.4734
   5840.00     9.7186
   5850.00     8.9950
   5860.00     9.6101
   5870.00     8.7800
   5880.00     9.0273
   5890.00     9.2416
   5900.00     8.7142
   5910.00     8.9636
   5920.00     8.9179
   5930.00     9.2165
   5940.00     9.2575
   5950.00     9.2262
   5960.00     9.6219
   5970.00     8.9941
   5980.00     9.0917
   5990.00     9.4198
   6000.00     8.8664
   6010.00     9.0572
   6020.00     9.3387
   6030.00     9.1316
   6040.00     8.9918
   6050.00     9.0897
   6060.00     9.0105
   6070.00     9.0298
   6080.00     8.9286
   6090.00     9.5048
   6100.00     9.1906
   6110.00     9.1121
   6120.00     9.1625
   6130.00     9.0471
   6140.00     8.7300
   6150.00     9.1477
   6160.00     9.3353
   6170.00     8.8803
   6180.00     9.5357
   6190.00     9.8401
   6200.00     8.9810
   6210.00     9.0609
   6220.00     9.3460
   6230.00     8.6839
   6240.00     9.3274
   6250.00     9.2539
   6260.00     9.2802
   6270.00     8.8580
   6280.00     9.4208
   6290.00     8.6019
   6300.00     9.1051
   6310.00     8.7842
   6320.00     8.9654
   6330.00     8.7712
   6340.00     9.1182
   6350.00     9.6266
   6360.00     9.2664
   6370.00     9.4388
   6380.00     9.2198
   6390.00     8.9191
   6400.00     8.7042
   6410.00     9.3034
   6420.00     8.8704
   6430.00     8.8332
   6440.00     9.4091
   6450.00     9.4723
   6460.00     9.6428
   6470.00     8.9829
   6480.00     9.5238
   6490.00     8.9383
   6500.00     8.5860
   6510.00     9.1638
   6520.00     9.1451
   6530.00     8.9024
   6540.00     8.8284
   6550.00     8.9222
   6560.00     8.9478
   6570.00     9.1416
   6580.00     8.9121
   6590.00     9.3935
   6600.00     8.9796
   6610.00     8.9625
   6620.00     8.9667
   6630.00     8.7732
   6640.00     8.8876
   6650.00     8.7533
   6660.00     9.1187
   6670.00     9.3029
   6680.00     8.7207
   6690.00     8.9397
   6700.00     9.3338
   6710.00     9.1217
   6720.00     9.1658
   6730.00     8.9449
   6740.00     9.4238
   6750.00     8.8205
   6760.00     8.8458
   6770.00     8.6655
   6780.00     8.6588
   6790.00     9.0180
   6800.00     9.1453
   6810.00     8.7197
   6820.00     9.5640
   6830.00     9.2304
   6840.00     9.5225
   6850.00     9.0407
   6860.00     9.1916
   6870.00     9.0019
   6880.00     9.0018
   6890.00     9.5238
   6900.00     9.1149
   6910.00     9.4547
   6920.00     8.7604
   6930.00     8.9743
   6940.00     9.4851
   6950.00     9.2108
   6960.00     9.0287
   6970.00     9.1425
   6980.00     9.3540
   6990.00     9.4939
   7000.00     9.1746
   7010.00     9.1900
   7020.00     9.3069
   7030.00     9.3909
   7040.00     9.4070
   7050.00     9.2624
   7060.00     9.7112
   7070.00     9.0750
   7080.00     9.3373
   7090.00     8.6880
   7100.00     9.4418
   7110.00     9.0397
   7120.00     9.2977
   7130.00     9.1099
   7140.00     9.0718
   7150.00     8.8093
   7160.00     8.7928
   7170.00     8.8793
   7180.00     8.7172
   7190.00     8.8475
   7200.00     9.1692
   7210.00     8.9846
   7220.00     8.8852
   7230.00     8.2661
   7240.00     8.3485
   7250.00     9.0681
   7260.00     9.4366
   7270.00     8.7719
   7280.00     8.7884
   7290.00     8.5265
   7300.00     8.8627
   7310.00     8.9874
   7320.00     9.1003
   7330.00     8.8171
   7340.00     9.4168
   7350.00     9.2021
   7360.00     9.1345
   7370.00     8.9585
   7380.00     9.4963
   7390.00     9.3968
   7400.00     9.4126
   7410.00     8.9238
   7420.00     8.9744
   7430.00     9.2515
   7440.00     9.0746
   7450.00     9.3106
   7460.00     8.6079
   7470.00     8.9195
   7480.00     8.9010
   7490.00     9.1741
   7500.00     9.1071
   7510.00     9.3837
   7520.00     9.1479
   7530.00     8.7793
   7540.00     8.8610
   7550.00     8.7942
   7560.00     9.6367
   7570.00     9.2979
   7580.00     9.1574
   7590.00     9.5535
   7600.00     8.4166
   7610.00     8.5033
   7620.00     9.0243
   7630.00     9.0196
   7640.00     9.5025
   7650.00     9.3538
   7660.00     9.3196
   7670.00     8.7612
   7680.00     9.0800
   7690.00     8.8480
   7700.00     9.2086
   7710.00     9.3523
   7720.00     9.1961
   7730.00     9.3817
   7740.00     9.0862
   7750.00     8.6752
   7760.00     9.0013
   7770.00     8.8548
   7780.00     8.8215
   7790.00     9.0692
   7800.00     9.6774
   7810.00     8.8504
   7820.00     8.7181
   7830.00     9.0991
   7840.00     8.8575
   7850.00     8.9210
   7860.00     9.1837
   7870.00     9.1942
   7880.00     9.1193
   7890.00     9.7923
   7900.00     9.4226
   7910.00     9.4061
   7920.00     9.2927
   7930.00     9.0264
   7940.00     8.9290
   7950.00     8.7293
   7960.00     9.5218
   7970.00     9.2663
   7980.00     8.6929
   7990.00     8.7542
   8000.00     9.1652
   8010.00     8.6340
   8020.00     8.7025
   8030.00     8.4372
   8040.00     8.7648
   8050.00     9.0798
   8060.00     8.8366
   8070.00     8.8872
   8080.00     9.1524
   8090.00     8.9605
   8100.00     8.8742
   8110.00     9.1784
   8120.00     9.3959
   8130.00     9.2773
   8140.00     8.9952
   8150.00     9.4863
   8160.00     8.3935
   8170.00     8.7563
   8180.00     9.4150
   8190.00     9.0208
   8200.00     9.2362
   8210.00     8.8750
   8220.00     8.8616
   8230.00     9.4308
   8240.00     8.9940
   8250.00     8.8635
   8260.00     8.9260
   8270.00     9.5221
   8280.00     8.9907
   8290.00     9.1246
   8300.00     8.9872
   8310.00     9.5522
   8320.00     9.2939
   8330.00     8.3735
   8340.00     8.9410
   8350.00     9.2502
   8360.00     8.9345
   8370.00     9.2052
   8380.00     8.4890
   8390.00     8.6799
   8400.00     9.2399
   8410.00     8.8061
   8420.00     9.7359
   8430.00     9.2143
   8440.00     8.8809
   8450.00     9.0575
   8460.00     8.6285
   8470.00     8.9607
   8480.00     9.4256
   8490.00     8.8275
   8500.00     9.5808
   8510.00     8.9803
   8520.00     9.4933
   8530.00     9.0921
   8540.00     9.1116
   8550.00     9.1665
   8560.00     8.8973
   8570.00     8.9112
   8580.00     8.9536
   8590.00     9.0375
   8600.00     9.0876
   8610.00     9.1402
   8620.00     8.9948
   8630.00     9.1751
   8640.00     9.3323
   8650.00     8.8981
   8660.00     8.8452
   8670.00     8.5363
   8680.00     9.7823
   8690.00     9.2007
   8700.00     9.0452
   8710.00     9.4878
   8720.00     9.4005
   8730.00     8.5713
   8740.00     9.1114
   8750.00     9.4445
   8760.00     9.0331
   8770.00     9.0215
   8780.00     8.7564
   8790.00     9.3702
   8800.00     8.9460
   8810.00     9.2461
   8820.00     8.9085
   8830.00     9.1033
   8840.00     8.7483
   8850.00     8.8987
   8860.00     8.8844
   8870.00     8.7323
   8880.00     8.5164
   8890.00     8.6471
   8900.00     8.7634
   8910.00     8.9153
   8920.00     9.2407
   8930.00     9.0697
   8940.00     9.3652
   8950.00     9.1033
   8960.00     9.1440
   8970.00     8.9550
   8980.00     8.8389
   8990.00     9.1321
   9000.00     9.0120
   9010.00     9.2518
   9020.00     9.0592
   9030.00     8.5445
   9040.00     8.7831
   9050.00     8.7720
   9060.00     9.4421
   9070.00     9.0814
   9080.00     8.7481
   9090.00     8.9153
   9100.00     9.1489
   9110.00     9.0516
   9120.00     8.5152
   9130.00     9.0680
   9140.00     9.0606
   9150.00     8.8212
   9160.00     9.2645
   9170.00     8.2312
   9180.00     8.7360
   9190.00     9.0186
   9200.00     8.5647
   9210.00     8.8662
   9220.00     8.7628
   9230.00     9.4339
   9240.00     8.5908
   9250.00     9.0571
   9260.00     9.0387
   9270.00     8.5799
   9280.00     9.0344
   9290.00     9.4263
   9300.00     9.0239
   9310.00     9.0321
   9320.00     9.3216
   9330.00     9.1387
   9340.00     8.8648
   9350.00     8.8024
   9360.00     9.0411
   9370.00     8.7249
   9380.00     9.1577
   9390.00     8.9402
   9400.00     9.2195
   9410.00     9.2440
   9420.00     9.1920
   9430.00     9.5042
   9440.00     8.8749
   9450.00     8.6491
   9460.00     9.0650
   9470.00     8.8555
   9480.00     9.0220
   9490.00     9.5455
   9500.00     9.2359
   9510.00     9.1921
   9520.00     9.3900
   9530.00     9.1421
   9540.00     9.4858
   9550.00     8.7559
   9560.00     8.8016
   9570.00     9.0230
   9580.00     9.1533
   9590.00     9.0850
   9600.00     9.0944
   9610.00     9.0007
   9620.00     9.2776
   9630.00     9.0740
   9640.00     9.1979
   9650.00     9.0326
   9660.00     8.8972
   9670.00     9.4778
   9680.00     8.9288
   9690.00     8.7324
   9700.00     8.8893
   9710.00     8.6503
   9720.00     8.9067
   9730.00     9.2227
   9740.00     9.1083
   9750.00     9.0865
   9760.00     8.8904
   9770.00     9.0139
   9780.00     9.1957
   9790.00     9.3782
   9800.00     8.9448
   9810.00     9.1135
   9820.00     9.4216
   9830.00     9.4328
   9840.00     8.4682
   9850.00     8.7379
   9860.00     9.0243
   9870.00     8.9022
   9880.00     9.0083
   9890.00     9.4150
   9900.00     8.8640
   9910.00     8.8938
   9920.00     8.7896
   9930.00     8.9110
   9940.00     9.6271
   9950.00     9.4079
   9960.00     9.0992
   9970.00     9.0038
   9980.00     9.3052
   9990.00     8.7165
  10000.00     9.3079
  10010.00     9.5038
  10020.00     9.1113
  10030.00     9.1575
  10040.00     8.7932
  10050.00     8.8762
  10060.00     8.9095
  10070.00     9.3583
  10080.00     8.6731
  10090.00     8.9567
  10100.00     9.3565
  10110.00     9.1123
  10120.00     8.7823
  10130.00     9.3137
  10140.00     8.5580
  10150.00     9.1402
  10160.00     9.1125
  10170.00     8.6320
  10180.00     9.6196
  10190.00     8.9303
  10200.00     9.4424
  10210.00     8.5200
  10220.00     9.4469
  10230.00     8.5452
  10240.00     9.0153
  10250.00     9.3045
  10260.00     9.0198
  10270.00     8.8807
  10280.00     8.7598
  10290.00     8.7659
  10300.00     9.0833
  10310.00     9.0819
  10320.00     9.0298
  10330.00     8.9422
  10340.00     8.5201
  10350.00     8.9468
  10360.00     8.9705
  10370.00     9.2295
  10380.00     9.1371
  10390.00     8.9719
  10400.00     8.5831
  10410.00     8.8126
  10420.00     8.7882
  10430.00     8.9147
  10440.00     8.3446
  10450.00     8.8647
  10460.00     8.8801
  10470.00     9.2360
  10480.00     8.9587
  10490.00     8.6795
  10500.00     9.4042
  10510.00     9.4579
  10520.00     9.2458
  10530.00     8.9602
  10540.00     9.0009
  10550.00     9.1643
  10560.00     8.4534
  10570.00     8.9804
  10580.00     8.9344
  10590.00     8.6505
  10600.00     9.2437
  10610.00     8.9702
  10620.00     9.0182
  10630.00     9.1492
  10640.00     9.2990
  10650.00     8.9516
  10660.00     9.0157
  10670.00     9.7100
  10680.00     9.2043
  10690.00     9.3058
  10700.00     9.1061
  10710.00     8.8590
  10720.00     9.0753
  10730.00     9.2267
  10740.00     9.1081
  10750.00     9.3904
  10760.00     9.2206
  10770.00     9.1366
  10780.00     9.1579
  10790.00     9.1136
  10800.00     8.8346
  10810.00     9.2657
  10820.00     8.8008
  10830.00     8.6265
  10840.00     8.6030
  10850.00     8.8885
  10860.00     8.8214
  10870.00     9.2072
  10880.00     9.1728
  10890.00     8.5149
  10900.00     9.0866
  10910.00     9.0128
  10920.00     8.8438
  10930.00     9.7461
  10940.00     9.2130
  10950.00     9.2178
  10960.00     9.1985
  10970.00     9.0667
  10980.00     9.0277
  10990.00     9.0319
  11000.00     8.9145
  11010.00     9.0931
  11020.00     9.2348
  11030.00     8.7064
  11040.00     8.4708
  11050.00     9.1607
  11060.00     8.9520
  11070.00     9.2485
  11080.00     9.3210
  11090.00     9.2322
  11100.00     9.3259
  11110.00     9.3959
  11120.00     9.3094
  11130.00     8.6948
  11140.00     8.5361
  11150.00     8.5420
  11160.00     9.1752
  11170.00     8.8653
  11180.00     9.1834
  11190.00     8.6811
  11200.00     8.9514
  11210.00     9.0067
  11220.00     8.6545
  11230.00     9.3070
  11240.00     8.8608
  11250.00     8.8006
  11260.00     9.2938
  11270.00     9.4958
  11280.00     9.2562
  11290.00     9.3770
  11300.00     9.4129
  11310.00     8.8340
  11320.00     9.0512
  11330.00     8.6389
  11340.00     9.7225
  11350.00     9.0622
  11360.00     9.4543
  11370.00     9.9626
  11380.00     8.7982
  11390.00     9.0621
  11400.00     8.7748
  11410.00     8.6886
  11420.00     8.9356
  11430.00     8.9535
  11440.00     8.9593
  11450.00     8.8764
  11460.00     8.8193
  11470.00     9.0764
  11480.00     9.8416
  11490.00     9.4434
  11500.00     8.6136
  11510.00     8.8408
  11520.00     9.0104
  11530.00     8.2964
  11540.00     9.0761
  11550.00     9.2441
  11560.00     9.2954
  11570.00     8.9345
  11580.00     9.2379
  11590.00     8.6263
  11600.00     8.8552
  11610.00     9.0518
  11620.00     9.1960
  11630.00     8.8091
  11640.00     8.9357
  11650.00     8.9147
  11660.00     8.9006
  11670.00     8.9801
  11680.00     8.8351
  11690.00     8.8862
  11700.00     9.2559
  11710.00     9.6395
  11720.00     8.8940
  11730.00     8.8450
  11740.00     9.7773
  11750.00     8.9936
  11760.00     9.6885
  11770.00     9.4296
  11780.00     8.5375
  11790.00     9.3584
  11800.00     9.0856
  11810.00     8.3807
  11820.00     8.8145
  11830.00     9.2195
  11840.00     8.7865
  11850.00     8.5153
  11860.00     8.8574
  11870.00     8.7844
  11880.00     8.8024
  11890.00     8.9867
  11900.00     9.1421
  11910.00     9.4376
  11920.00     9.4587
  11930.00     9.0586
  11940.00     9.4696
  11950.00     9.2891
  11960.00     8.8484
  11970.00     9.2624
  11980.00     9.0390
  11990.00     8.9849
  12000.00     8.8282
  12010.00     8.9957
  12020.00     9.0479
  12030.00     9.3397
  12040.00     9.2296
  12050.00     9.0842
  12060.00     9.4534
  12070.00     9.6066
  12080.00     9.3796
  12090.00     9.3951
  12100.00     9.1462
  12110.00     9.3215
  12120.00     9.1159
  12130.00     9.0587
  12140.00     8.9391
  12150.00     9.6826
  12160.00     8.9279
  12170.00     9.1184
  12180.00     8.9273
  12190.00     9.2539
  12200.00     9.8575
  12210.00     8.9531
  12220.00     9.0947
  12230.00     9.2468
  12240.00     9.3067
  12250.00     9.0634
  12260.00     9.0149
  12270.00     9.3210
  12280.00     9.1390
  12290.00     9.6008
  12300.00     8.9863
  12310.00     9.4895
  12320.00     9.0329
  12330.00     9.3216
  12340.00     8.8610
  12350.00     9.2978
  12360.00     9.2401
  12370.00     9.7371
  12380.00     9.1550
  12390.00     9.0054
  12400.00     9.2528
  12410.00     8.7894
  12420.00     9.0529
  12430.00     8.9236
  12440.00     8.6717
  12450.00     8.8392
  12460.00     8.9594
  12470.00     9.0727
  12480.00     9.2562
  12490.00     8.9911
  12500.00     9.4876
  12510.00     8.7320
  12520.00     9.6239
  12530.00     8.9546
  12540.00     8.2887
  12550.00     9.3885
  12560.00     9.0002
  12570.00     9.2513
  12580.00     8.8206
  12590.00     9.3423
  12600.00     8.8360
  12610.00     9.0643
  12620.00     9.3544
  12630.00     8.9260
  12640.00     9.0755
  12650.00     8.7384
  12660.00     9.5986
  12670.00     8.7941
  12680.00     8.8276
  12690.00     8.7723
  12700.00     9.5165
  12710.00     9.5107
  12720.00     9.1286
  12730.00     9.2655
  12740.00     8.7337
  12750.00     9.1268
  12760.00     8.9424
  12770.00     8.6996
  12780.00     9.1569
  12790.00     9.0889
  12800.00     8.9932
  12810.00     8.7320
  12820.00     9.2053
  12830.00     9.3671
  12840.00     9.1270
  12850.00     8.8808
  12860.00     9.1444
  12870.00     8.9341
  12880.00     8.9111
  12890.00     8.5567
  12900.00     8.7911
  12910.00     9.1488
  12920.00     9.1709
  12930.00     9.4954
  12940.00     9.4272
  12950.00     8.1822
  12960.00     9.2266
  12970.00     9.6286
  12980.00     9.1641
  12990.00     9.3032
  13000.00     9.0317
  13010.00     8.9122
  13020.00     9.6075
  13030.00     8.8072
  13040.00     8.8558
  13050.00     8.7416
  13060.00     8.6781
  13070.00     9.1738
  13080.00     8.9178
  13090.00     9.4159
  13100.00     8.8300
  13110.00     9.4780
  13120.00     9.3520
  13130.00     8.5034
  13140.00     9.0522
  13150.00     8.9206
  13160.00     8.5665
  13170.00     9.1578
  13180.00     9.1506
  13190.00     8.2987
  13200.00     9.1963
  13210.00     8.7423
  13220.00     9.2570
  13230.00     8.8586
  13240.00     8.7953
  13250.00     8.4513
  13260.00     8.8259
  13270.00     8.6254
  13280.00     9.0096
  13290.00     8.9433
  13300.00     9.2996
  13310.00     9.0051
  13320.00     8.8398
  13330.00     8.6510
  13340.00     8.8450
  13350.00     8.7135
  13360.00     9.2337
  13370.00     9.3425
  13380.00     8.8962
  13390.00     9.0356
  13400.00     9.3388
  13410.00     8.6486
  13420.00     8.9615
  13430.00     9.7275
  13440.00     8.7197
  13450.00     8.6138
  13460.00     9.7275
  13470.00     9.1357
  13480.00     8.4424
  13490.00     9.0167
  13500.00     9.2192
  13510.00     9.1705
  13520.00     8.9720
  13530.00     9.2875
  13540.00     9.6428
  13550.00     9.1172
  13560.00     9.2800
  13570.00     8.9963
  13580.00     9.2833
  13590.00     9.2850
  13600.00     9.1698
  13610.00     9.0242
  13620.00     9.3693
  13630.00     8.6066
  13640.00     9.2419
  13650.00     8.5687
  13660.00     9.2539
  13670.00     8.8218
  13680.00     8.7911
  13690.00     9.1693
  13700.00     9.0798
  13710.00     8.8947
  13720.00     8.6439
  13730.00     9.9824
  13740.00     8.9190
  13750.00     9.2537
  13760.00     9.5471
  13770.00     9.2721
  13780.00     9.2155
  13790.00     9.0982
  13800.00     9.4786
  13810.00     8.8631
  13820.00     9.0025
  13830.00     8.5694
  13840.00     8.9346
  13850.00     8.7897
  13860.00     9.5383
  13870.00     8.5407
  13880.00     8.8475
  13890.00     9.2744
  13900.00     9.3748
  13910.00     9.4528
  13920.00     9.0037
  13930.00     8.7631
  13940.00     9.2021
  13950.00     8.5132
  13960.00     8.7803
  13970.00     9.2534
  13980.00     9.0248
  13990.00     9.0089
  14000.00     9.2957
  14010.00     8.6263
  14020.00     8.1395
  14030.00     8.7960
  14040.00     8.9134
  14050.00     9.3071
  14060.00     9.2517
  14070.00     9.2730
  14080.00     9.2788
  14090.00     8.9959
  14100.00     8.9224
  14110.00     9.3917
  14120.00     9.2617
  14130.00     9.6425
  14140.00     9.7381
  14150.00     8.9277
  14160.00     9.1820
  14170.00     8.8477
  14180.00     9.2894
  14190.00     9.1603
  14200.00     9.2350
  14210.00     9.6152
  14220.00     8.8995
  14230.00     9.3100
  14240.00     9.3561
  14250.00     8.8626
  14260.00     9.0456
  14270.00     9.2357
  14280.00     8.8750
  14290.00     8.9610
  14300.00     8.9676
  14310.00     9.3499
  14320.00     9.0493
  14330.00     9.0549
  14340.00     9.3206
  14350.00     9.5684
  14360.00     9.0953
  14370.00     9.5666
  14380.00     9.6380
  14390.00     8.7674
  14400.00     9.5191
  14410.00     9.1374
  14420.00     9.3412
  14430.00     9.3357
  14440.00     9.1010
  14450.00     9.1417
  14460.00     8.7377
  14470.00     9.0892
  14480.00     9.1075
  14490.00     8.8986
  14500.00     9.0511
  14510.00     9.1994
  14520.00     9.1110
  14530.00     8.7054
  14540.00     9.1326
  14550.00     8.9617
  14560.00     9.3698
  14570.00     9.1706
  14580.00     9.0178
  14590.00     9.0128
  14600.00     9.1499
  14610.00     9.4256
  14620.00     9.4832
  14630.00     8.9498
  14640.00     9.2224
  14650.00     9.3361
  14660.00     9.4357
  14670.00     9.2910
  14680.00     8.7671
  14690.00     9.1410
  14700.00     8.9075
  14710.00     8.4185
  14720.00     8.8723
  14730.00     8.8352
  14740.00     8.8384
  14750.00     8.8416
  14760.00     9.0558
  14770.00     9.3017
  14780.00     8.8554
  14790.00     9.3051
  14800.00     9.2907
  14810.00     9.4590
  14820.00     8.8141
  14830.00    10.3009
  14840.00     9.1011
  14850.00     9.0962
  14860.00     9.1140
  14870.00     8.4374
  14880.00     9.5998
  14890.00     9.0766
  14900.00     8.8903
  14910.00     8.3601
  14920.00     8.3609
  14930.00     9.3676
  14940.00     9.0786
  14950.00     9.0643
  14960.00     8.8513
  14970.00     8.7985
  14980.00     8.8841
  14990.00     9.2161
  15000.00     9.4908
  15010.00     8.9981
  15020.00     9.0721
  15030.00     8.9045
  15040.00     8.6323
  15050.00     9.2747
  15060.00     9.0894
  15070.00     9.8431
  15080.00     9.4445
  15090.00     8.7154
  15100.00     8.9316
  15110.00     8.9685
  15120.00     8.7137
  15130.00     8.9130
  15140.00     9.1548
  15150.00     8.6031
  15160.00     8.8694
  15170.00     9.3186
  15180.00     9.7347
  15190.00     9.5933
  15200.00     9.0231
  15210.00     9.0274
  15220.00     9.0799
  15230.00     9.0199
  15240.00     9.2284
  15250.00     8.9096
  15260.00     8.9077
  15270.00     8.9058
  15280.00     9.1022
  15290.00     9.3500
  15300.00     9.1495
  15310.00     8.3053
  15320.00     8.7258
  15330.00     8.6249
  15340.00     8.5120
  15350.00     8.4851
  15360.00     9.1267
  15370.00     9.2230
  15380.00     9.0984
  15390.00     9.4017
  15400.00     9.0403
  15410.00     9.1702
  15420.00     8.9255
  15430.00     9.2979
  15440.00     8.8964
  15450.00     9.2117
  15460.00     9.3102
  15470.00     8.5555
  15480.00     9.5189
  15490.00     8.8435
  15500.00     9.4893
  15510.00     8.9140
  15520.00     8.8866
  15530.00     9.2178
  15540.00     8.7488
  15550.00     8.9955
  15560.00     9.3759
  15570.00     8.6638
  15580.00     9.1195
  15590.00     8.8321
  15600.00     8.8012
  15610.00     8.6444
  15620.00     9.2969
  15630.00     8.4721
  15640.00     8.5766
  15650.00     8.7901
  15660.00     8.7302
  15670.00     9.3903
  15680.00     9.2848
  15690.00     8.7103
  15700.00     9.1781
  15710.00     9.0566
  15720.00     9.0374
  15730.00     9.2961
  15740.00     9.1842
  15750.00     9.0663
  15760.00     8.8603
  15770.00     9.1057
  15780.00     8.7892
  15790.00     8.9526
  15800.00     8.9726
  15810.00     8.9646
  15820.00     8.3168
  15830.00     9.1438
  15840.00     8.8838
  15850.00     9.4109
  15860.00     9.5969
  15870.00     9.2935
  15880.00     8.4658
  15890.00     8.7931
  15900.00     8.8348
  15910.00     8.9728
  15920.00     9.7080
  15930.00     9.4969
  15940.00     9.0531
  15950.00     9.2247
  15960.00     8.9041
  15970.00     9.1832
  15980.00     8.8133
  15990.00     9.2741
  16000.00     8.8168
  16010.00     8.8808
  16020.00     8.5584
  16030.00     8.9249
  16040.00     8.9353
  16050.00     8.6184
  16060.00     8.7932
  16070.00     9.3190
  16080.00     8.7226
  16090.00     9.4304
  16100.00     8.7476
  16110.00     9.0590
  16120.00     9.3430
  16130.00     9.1239
  16140.00     8.8961
  16150.00     9.0028
  16160.00     8.8396
  16170.00     9.3040
  16180.00     9.3479
  16190.00     8.9329
  16200.00     9.2091
  16210.00     9.1185
  16220.00     9.0808
  16230.00     9.2120
  16240.00     8.9881
  16250.00     9.0226
  16260.00     8.9474
  16270.00     8.7064
  16280.00     9.1986
  16290.00     9.6516
  16300.00     8.8804
  16310.00     9.5401
  16320.00     8.7587
  16330.00     8.8561
  16340.00     9.2336
  16350.00     8.9946
  16360.00     9.0333
  16370.00     9.1905
  16380.00     9.6666
  16390.00     8.9636
  16400.00     8.8853
  16410.00     9.3330
  16420.00     8.9523
  16430.00     9.5091
  16440.00     9.2392
  16450.00     9.2862
  16460.00     8.8702
  16470.00     9.2805
  16480.00     9.3972
  16490.00     9.3061
  16500.00     9.3557
  16510.00     8.9705
  16520.00     9.0072
  16530.00     9.1066
  16540.00     9.7482
  16550.00     9.3918
  16560.00     9.6518
  16570.00     9.3531
  16580.00     9.0058
  16590.00     9.1578
  16600.00     9.1930
  16610.00     9.5137
  16620.00     9.3367
  16630.00     9.3080
  16640.00     9.3725
  16650.00     8.5300
  16660.00     8.8476
  16670.00     9.0800
  16680.00     8.9961
  16690.00     9.2570
  16700.00     9.7674
  16710.00     9.1341
  16720.00     8.7661
  16730.00     9.1380
  16740.00     8.7526
  16750.00     8.9551
  16760.00     9.0806
  16770.00     9.2106
  16780.00     8.7497
  16790.00     8.9769
  16800.00     8.6921
  16810.00     9.0475
  16820.00     8.7097
  16830.00     8.7074
  16840.00     9.0338
  16850.00     8.9652
  16860.00     8.6498
  16870.00     9.0783
  16880.00     8.9984
  16890.00     8.7898
  16900.00     8.6013
  16910.00     9.0955
  16920.00     9.0378
  16930.00     8.7841
  16940.00     9.2155
  16950.00     9.4814
  16960.00     9.0111
  16970.00     8.8436
  16980.00     8.9086
  16990.00     9.1417
  17000.00     9.1256
  17010.00     8.9098
  17020.00     8.9592
  17030.00     9.1266
  17040.00     9.3217
  17050.00     9.3549
  17060.00     9.1275
  17070.00     8.8839
  17080.00     8.5036
  17090.00     8.9625
  17100.00     8.5939
  17110.00     8.9360
  17120.00     8.9811
  17130.00     9.3483
  17140.00     8.6543
  17150.00     8.7497
  17160.00     9.0209
  17170.00     9.0014
  17180.00     9.0077
  17190.00     9.1639
  17200.00     8.8252
  17210.00     9.2480
  17220.00     8.6681
  17230.00     9.0635
  17240.00     9.2259
  17250.00     9.2710
  17260.00     9.2159
  17270.00     9.0938
  17280.00     8.7964
  17290.00     8.8016
  17300.00     9.2479
  17310.00     9.1411
  17320.00     8.9264
  17330.00     8.9102
  17340.00     9.2220
  17350.00     8.6109
  17360.00     8.5524
  17370.00     9.0101
  17380.00     9.6547
  17390.00     8.8192
  17400.00     9.4476
  17410.00     9.6789
  17420.00     9.0721
  17430.00     9.2080
  17440.00     9.2618
  17450.00     9.6784
  17460.00     8.9751
  17470.00     9.0268
  17480.00     9.3824
  17490.00     8.8002
  17500.00     9.3323
  17510.00     8.7556
  17520.00     8.5263
  17530.00     9.2175
  17540.00     9.2981
  17550.00     9.0617
  17560.00     8.8324
  17570.00     9.3875
  17580.00     8.7183
  17590.00     9.3038
  17600.00     9.4485
  17610.00     8.7679
  17620.00     9.3962
  17630.00     9.3253
  17640.00     8.6747
  17650.00     8.8457
  17660.00     9.1739
  17670.00     9.0421
  17680.00     9.4561
  17690.00     8.9440
  17700.00     9.2401
  17710.00     9.1563
  17720.00     9.4396
  17730.00     9.4212
  17740.00     8.9159
  17750.00     9.5951
  17760.00     8.9115
  17770.00     9.2322
  17780.00     9.1854
  17790.00     9.2269
  17800.00     9.6480
  17810.00     9.2571
  17820.00     9.1995
  17830.00     8.8778
  17840.00     8.9038
  17850.00     9.3591
  17860.00     9.1483
  17870.00     9.3921
  17880.00     9.3157
  17890.00     9.3650
  17900.00     9.3029
  17910.00     9.0453
  17920.00     9.4414
  17930.00     9.6513
  17940.00     8.3920
  17950.00     9.1682
  17960.00     8.7923
  17970.00     8.8046
  17980.00     9.0419
  17990.00     9.0004
  18000.00     8.9160
  18010.00     9.1585
  18020.00     8.8460
  18030.00     8.7340
  18040.00     9.1252
  18050.00     9.1658
  18060.00     9.1421
  18070.00     9.3772
  18080.00     9.2897
  18090.00     9.5015
  18100.00     8.9298
  18110.00     8.7357
  18120.00     8.8077
  18130.00     8.6683
  18140.00     9.0856
  18150.00     8.8643
  18160.00     8.5731
  18170.00     9.4746
  18180.00     8.8044
  18190.00     9.0438
  18200.00     8.7765
  18210.00     8.8704
  18220.00     8.9064
  18230.00     9.3132
  18240.00     8.5641
  18250.00     9.0517
  18260.00     9.0690
  18270.00     8.8416
  18280.00     8.9729
  18290.00     8.9693
  18300.00     8.9621
  18310.00     9.8223
  18320.00     8.9552
  18330.00     9.0410
  18340.00     9.5124
  18350.00     8.8854
  18360.00     9.3777
  18370.00     8.7189
  18380.00     9.3206
  18390.00     9.2116
  18400.00     9.3823
  18410.00     9.0537
  18420.00     8.9092
  18430.00     9.1718
  18440.00     9.4576
  18450.00     8.7470
  18460.00     9.5789
  18470.00     8.5530
  18480.00     8.2549
  18490.00     9.0190
  18500.00     9.2089
  18510.00     9.0313
  18520.00     9.0611
  18530.00     9.2528
  18540.00     8.6406
  18550.00     8.3243
  18560.00     9.3269
  18570.00     9.9171
  18580.00     8.7534
  18590.00     9.5674
  18600.00     9.3890
  18610.00     9.0063
  18620.00     9.0650
  18630.00     9.9709
  18640.00     8.8641
  18650.00     9.1040
  18660.00     9.3527
  18670.00     9.2613
  18680.00     9.1102
  18690.00     8.9114
  18700.00     9.1942
  18710.00     9.0451
  18720.00     9.1291
  18730.00     8.4506
  18740.00     9.5845
  18750.00     8.5465
  18760.00     8.8873
  18770.00     8.6136
  18780.00     9.2266
  18790.00     9.6412
  18800.00     8.8402
  18810.00     8.7777
  18820.00     8.8256
  18830.00     8.9521
  18840.00     9.3841
  18850.00     9.4112
  18860.00     8.6858
  18870.00     9.0436
  18880.00     9.1710
  18890.00     8.9974
  18900.00     9.3540
  18910.00     9.2194
  18920.00     8.6527
  18930.00     9.0962
  18940.00     9.2552
  18950.00     8.3573
  18960.00     8.9382
  18970.00     8.7990
  18980.00     8.8412
  18990.00     8.8900
  19000.00     9.2091
  19010.00     9.5598
  19020.00     9.4707
  19030.00     9.4323
  19040.00     9.4025
  19050.00     9.5666
  19060.00     9.1400
  19070.00     9.2387
  19080.00     8.8465
  19090.00     9.0910
  19100.00     8.7522
  19110.00     8.6862
  19120.00     9.2619
  19130.00     8.7298
  19140.00     8.2791
  19150.00     8.6502
  19160.00     9.0471
  19170.00     9.3642
  19180.00     9.2988
  19190.00     8.9595
  19200.00     9.2783
  19210.00     9.3433
  19220.00     8.9677
  19230.00     9.0790
  19240.00     9.0688
  19250.00     9.1052
  19260.00     9.0065
  19270.00     8.9134
  19280.00     9.0154
  19290.00     8.6762
  19300.00     9.1514
  19310.00     9.1290
  19320.00     9.0642
  19330.00     8.9185
  19340.00     9.0693
  19350.00     9.2033
  19360.00     8.8972
  19370.00     8.5845
  19380.00     8.7760
  19390.00     8.5050
  19400.00     9.6256
  19410.00     8.8015
  19420.00     8.4572
  19430.00     9.4402
  19440.00     8.9494
  19450.00     9.0431
  19460.00     9.1931
  19470.00     9.5022
  19480.00     9.1665
  19490.00     9.3531
  19500.00     9.2743
  19510.00     9.0786
  19520.00     8.8189
  19530.00     9.3266
  19540.00     9.6473
  19550.00     9.1995
  19560.00     9.1701
  19570.00     8.4241
  19580.00     9.3527
  19590.00     9.6000
  19600.00     9.2453
  19610.00     8.9271
  19620.00     9.1184
  19630.00     8.8245
  19640.00     8.7733
  19650.00     9.1524
  19660.00     8.7915
  19670.00     8.7799
  19680.00     9.0370
  19690.00     8.5737
  19700.00     9.6352
  19710.00     8.3274
  19720.00     9.1259
  19730.00     9.2527
  19740.00     8.3461
  19750.00     8.7548
  19760.00     9.4098
  19770.00     9.0459
  19780.00     8.8095
  19790.00     9.1074
  19800.00     9.0016
  19810.00     9.1697
  19820.00     8.3847
  19830.00     9.1920
  19840.00     9.3998
  19850.00     8.7671
  19860.00     8.4379
  19870.00     9.3954
  19880.00     9.0876
  19890.00     8.8706
  19900.00     9.1685
  19910.00     9.3644
  19920.00     8.8190
  19930.00     9.0713
  19940.00     8.9241
  19950.00     9.3378
  19960.00     8.3528
  19970.00     9.5531
  19980.00     9.1743
  19990.00     9.2050
  20000.00     9.3848
  20010.00     8.9343
  20020.00     8.5460
  20030.00     8.9536
  20040.00     8.7481
  20050.00     9.2496
  20060.00     9.2858
  20070.00     9.2294
  20080.00     8.7457
  20090.00     8.7631
  20100.00     8.9422
  20110.00     8.8925
  20120.00     8.7587
  20130.00     8.7259
  20140.00     8.9799
  20150.00     9.1720
  20160.00     9.1363
  20170.00     9.1578
  20180.00     9.1462
  20190.00     9.2579
  20200.00     8.8257
  20210.00     9.0248
  20220.00     8.7637
  20230.00     9.1614
  20240.00     9.8499
  20250.00     9.3418
  20260.00     8.7304
  20270.00     9.4821
  20280.00     9.0596
  20290.00     9.5751
  20300.00     9.5455
  20310.00     9.3456
  20320.00     9.1333
  20330.00     9.0382
  20340.00     9.2810
  20350.00     9.3975
  20360.00     9.3397
  20370.00     9.3230
  20380.00     9.2117
  20390.00     9.5045
  20400.00     9.1071
  20410.00     9.1108
  20420.00     9.2879
  20430.00     9.3460
  20440.00     9.7179
  20450.00     8.8628
  20460.00     8.3282
  20470.00     9.1080
  20480.00     9.3391
  20490.00     9.4898
  20500.00     9.4489
  20510.00     9.0278
  20520.00     9.3849
  20530.00     9.1049
  20540.00     9.2311
  20550.00     9.1903
  20560.00     9.0786
  20570.00     9.1406
  20580.00     8.9056
  20590.00     8.5501
  20600.00     9.1734
  20610.00    10.1263
  20620.00     8.7319
  20630.00     9.0150
  20640.00     8.9552
  20650.00     8.8182
  20660.00    10.1461
  20670.00     9.3072
  20680.00     8.6775
  20690.00     9.2467
  20700.00     9.1888
  20710.00     9.0123
  20720.00     8.8932
  20730.00     9.2381
  20740.00     8.7352
  20750.00     9.2129
  20760.00     8.8595
  20770.00     8.8990
  20780.00     8.9093
  20790.00     8.7013
  20800.00     8.7466
  20810.00     9.0139
  20820.00     9.4397
  20830.00     8.8799
  20840.00     9.3979
  20850.00     9.4164
  20860.00     9.3098
  20870.00     9.3298
  20880.00     8.5016
  20890.00     9.5206
  20900.00     9.1023
  20910.00     8.8617
  20920.00     9.1484
  20930.00     8.8576
  20940.00     8.9890
  20950.00     8.9409
  20960.00     9.0101
  20970.00     8.9639
  20980.00     8.5270
  20990.00     9.0263
  21000.00     8.8533
  21010.00     8.7480
  21020.00     9.1051
  21030.00     9.0337
  21040.00     9.1453
  21050.00     8.9822
  21060.00     9.0594
  21070.00     8.8928
  21080.00     8.9847
  21090.00     9.1804
  21100.00     9.4721
  21110.00     8.8700
  21120.00     8.6089
  21130.00     9.1037
  21140.00     9.3085
  21150.00     8.8989
  21160.00     9.1631
  21170.00     9.1624
  21180.00     9.4847
  21190.00     8.5169
  21200.00     8.7845
  21210.00     9.1284
  21220.00     8.6510
  21230.00     9.3368
  21240.00     8.5053
  21250.00     8.9951
  21260.00     9.0258
  21270.00     9.2274
  21280.00     9.2624
  21290.00     9.2801
  21300.00     9.4545
  21310.00     9.2961
  21320.00     8.8503
  21330.00     8.9130
  21340.00     8.4679
  21350.00     8.7293
  21360.00     8.8611
  21370.00     8.8387
  21380.00     9.2750
  21390.00     8.6757
  21400.00     9.1603
  21410.00     9.0171
  21420.00     8.9907
  21430.00     9.0476
  21440.00     9.3662
  21450.00     8.5759
  21460.00     9.2063
  21470.00     9.1533
  21480.00     9.1568
  21490.00     9.1680
  21500.00     9.1812
  21510.00     9.3433
  21520.00     8.9984
  21530.00     9.1985
  21540.00     9.3195
  21550.00     8.9714
  21560.00     9.3300
  21570.00     8.6528
  21580.00     8.4991
  21590.00     8.6733
  21600.00     9.2998
  21610.00     8.9943
  21620.00     9.5507
  21630.00     8.8397
  21640.00     9.6408
  21650.00     9.1501
  21660.00     9.0846
  21670.00     8.8183
  21680.00     9.1876
  21690.00     8.6538
  21700.00     8.7217
  21710.00     9.1565
  21720.00     8.7363
  21730.00     9.1837
  21740.00     8.9753
  21750.00     8.7622
  21760.00     8.9628
  21770.00     9.4240
  21780.00     9.0581
  21790.00     9.3795
  21800.00     8.9370
  21810.00     9.0429
  21820.00     8.7735
  21830.00     9.0285
  21840.00     8.6333
  21850.00     9.2644
  21860.00     9.3799
  21870.00     9.2509
  21880.00     9.2880
  21890.00     9.0715
  21900.00     9.2570
  21910.00     9.0483
  21920.00     8.6061
  21930.00     8.7999
  21940.00     9.0955
  21950.00     9.0593
  21960.00     9.0510
  21970.00     9.2322
  21980.00     9.5006
  21990.00     8.8337
  22000.00     9.1172
  22010.00     9.1962
  22020.00     9.0497
  22030.00     9.4143
  22040.00     9.2515
  22050.00     9.5297
  22060.00     8.5060
  22070.00     9.4535
  22080.00     9.1490
  22090.00     8.9705
  22100.00     9.6185
  22110.00     8.8734
  22120.00     9.0877
  22130.00     8.5307
  22140.00     8.9645
  22150.00     9.0264
  22160.00     9.4158
  22170.00     9.2526
  22180.00     9.2351
  22190.00     9.2922
  22200.00     8.7766
  22210.00     9.0811
  22220.00     8.8918
  22230.00     8.8748
  22240.00     9.2988
  22250.00     9.1091
  22260.00     9.1592
  22270.00     8.6781
  22280.00     9.1316
  22290.00     9.3642
  22300.00     9.4003
  22310.00     9.3776
  22320.00     8.8962
  22330.00     9.4890
  22340.00     9.6012
  22350.00     9.1206
  22360.00     9.2824
  22370.00     9.0954
  22380.00     8.5574
  22390.00     8.8744
  22400.00     9.8044
  22410.00     9.1783
  22420.00     9.0898
  22430.00     9.0696
  22440.00     8.6208
  22450.00     9.0204
  22460.00     9.0968
  22470.00     9.4601
  22480.00     8.9000
  22490.00     8.8685
  22500.00     8.8877
  22510.00     8.9716
  22520.00     9.1685
  22530.00     8.8866
  22540.00     9.1497
  22550.00     9.0347
  22560.00     9.3731
  22570.00     8.9947
  22580.00     8.8364
  22590.00     8.7179
  22600.00     8.7394
  22610.00     8.6015
  22620.00     8.5705
  22630.00     8.9771
  22640.00     9.1018
  22650.00     9.1286
  22660.00     9.4819
  22670.00     9.1695
  22680.00     9.5905
  22690.00     9.1064
  22700.00     8.9072
  22710.00     8.9028
  22720.00     8.9633
  22730.00     9.1517
  22740.00     9.0212
  22750.00     9.3490
  22760.00     9.0392
  22770.00     9.0942
  22780.00     8.9811
  22790.00     9.4839
  22800.00     9.3752
  22810.00     8.7865
  22820.00     9.0092
  22830.00     9.2097
  22840.00     8.8216
  22850.00     8.8150
  22860.00     8.9932
  22870.00     8.8203
  22880.00     8.5742
  22890.00     8.5942
  22900.00     8.2543
  22910.00     8.8036
  22920.00     9.2524
  22930.00     8.6304
  22940.00     8.4278
  22950.00     8.8919
  22960.00     9.1089
  22970.00     8.8561
  22980.00     9.1346
  22990.00     8.7635
  23000.00     8.7178
  23010.00     9.2901
  23020.00     8.7949
  23030.00     9.4792
  23040.00     8.9995
  23050.00     9.2807
  23060.00     8.5732
  23070.00     9.0968
  23080.00     8.9290
  23090.00     9.2103
  23100.00     8.5988
  23110.00     8.8662
  23120.00     9.4024
  23130.00     9.4329
  23140.00     9.0530
  23150.00     8.3499
  23160.00     9.0338
  23170.00     9.0081
  23180.00     8.4706
  23190.00     8.4508
  23200.00     9.0437
  23210.00     8.9166
  23220.00     9.0231
  23230.00     9.3256
  23240.00     8.9204
  23250.00     9.4790
  23260.00     8.9312
  23270.00     9.0144
  23280.00     9.3068
  23290.00     9.5847
  23300.00     9.4204
  23310.00     9.2070
  23320.00     9.4302
  23330.00     8.8082
  23340.00     9.3892
  23350.00     8.7788
  23360.00     8.8568
  23370.00     8.6447
  23380.00     9.0416
  23390.00     9.2985
  23400.00     8.9854
  23410.00     9.1170
  23420.00     8.5292
  23430.00     9.1402
  23440.00     9.2064
  23450.00     8.8234
  23460.00     9.1352
  23470.00     8.7768
  23480.00     9.0950
  23490.00     9.3918
  23500.00     9.0343
  23510.00     9.4630
  23520.00     8.7309
  23530.00     9.6231
  23540.00     9.1528
  23550.00     9.1492
  23560.00     9.1425
  23570.00     8.9357
  23580.00     9.0708
  23590.00     8.9497
  23600.00     9.9256
  23610.00     9.0026
  23620.00     9.4096
  23630.00     9.5173
  23640.00     8.9074
  23650.00     9.4668
  23660.00     8.5191
  23670.00     9.0968
  23680.00     8.9666
  23690.00     9.1148
  23700.00     9.3052
  23710.00     8.9725
  23720.00     8.6342
  23730.00     8.8420
  23740.00     9.3351
  23750.00     9.2531
  23760.00     9.4839
  23770.00     9.1626
  23780.00     8.7538
  23790.00     9.1132
  23800.00     9.4004
  23810.00     9.1091
  23820.00     9.2546
  23830.00     8.8825
  23840.00     9.1943
  23850.00     8.8911
  23860.00     9.0583
  23870.00     9.0672
  23880.00     9.1039
  23890.00     9.2892
  23900.00     9.1156
  23910.00     9.3675
  23920.00     9.2436
  23930.00     9.6517
  23940.00     9.2443
  23950.00     9.0211
  23960.00     9.4203
  23970.00     9.2135
  23980.00     8.7176
  23990.00     9.1395
  24000.00     8.8472
  24010.00     8.8169
  24020.00     9.4537
  24030.00     8.9282
  24040.00     9.5166
  24050.00     9.2895
  24060.00     8.6581
  24070.00     9.2533
  24080.00     8.8120
  24090.00     9.3365
  24100.00     9.4413
  24110.00     9.2397
  24120.00     9.3035
  24130.00     8.9847
  24140.00     9.2828
  24150.00     9.4792
  24160.00     9.2121
  24170.00     8.6961
  24180.00     9.4587
  24190.00     9.0951
  24200.00     9.0975
  24210.00     9.0784
  24220.00     9.1731
  24230.00     9.1190
  24240.00     8.8666
  24250.00     8.4303
  24260.00     9.2212
  24270.00     8.6090
  24280.00     8.6955
  24290.00     9.4272
  24300.00     8.4460
  24310.00     8.6002
  24320.00     8.9785
  24330.00     9.4271
  24340.00     9.1117
  24350.00     8.8764
  24360.00     8.9353
  24370.00     9.2083
  24380.00     8.3958
  24390.00     8.4190
  24400.00     8.9075
  24410.00     9.5215
  24420.00     9.2082
  24430.00     9.0207
  24440.00     8.4997
  24450.00     8.8735
  24460.00     8.8710
  24470.00     8.8949
  24480.00     9.0783
  24490.00     9.4818
  24500.00     9.1363
  24510.00     9.4735
  24520.00     9.2312
  24530.00     9.5255
  24540.00     8.6722
  24550.00     8.8438
  24560.00     9.2197
  24570.00     9.3326
  24580.00     9.3903
  24590.00     9.0206
  24600.00     9.4018
  24610.00     8.9012
  24620.00     9.2090
  24630.00     9.2532
  24640.00     8.7994
  24650.00     9.3710
  24660.00     8.8130
  24670.00     8.8178
  24680.00     8.5767
  24690.00     8.9829
  24700.00     8.8809
  24710.00     8.6465
  24720.00     8.8888
  24730.00     9.0369
  24740.00     8.5729
  24750.00     9.0715
  24760.00     8.6450
  24770.00     9.0226
  24780.00     9.6507
  24790.00     9.1331
  24800.00     9.0348
  24810.00     9.2440
  24820.00     9.0760
  24830.00     9.1759
  24840.00     8.8728
  24850.00     8.8039
  24860.00     8.8509
  24870.00     8.7214
  24880.00     8.6425
  24890.00     9.5380
  24900.00     9.5089
  24910.00     9.4227
  24920.00     9.2913
  24930.00     8.6331
  24940.00     8.3012
  24950.00     9.1125
  24960.00     8.9195
  24970.00     8.9622
  24980.00     8.6549
  24990.00     9.6889
  25000.00     8.5907
  25010.00     8.9791
  25020.00     9.1110
  25030.00     9.7396
  25040.00     8.7639
  25050.00     9.3131
  25060.00     8.6819
  25070.00     8.9188
  25080.00     9.0270
  25090.00     8.7504
  25100.00     8.8208
  25110.00     9.2501
  25120.00     9.1535
  25130.00     8.7830
  25140.00     9.2952
  25150.00     8.6231
  25160.00     8.2964
  25170.00     8.9035
  25180.00     8.3597
  25190.00     9.4318
  25200.00     8.5386
  25210.00     9.0888
  25220.00     9.2111
  25230.00     9.1384
  25240.00     9.1053
  25250.00     8.8938
  25260.00     9.6511
  25270.00     9.2816
  25280.00     9.1800
  25290.00     8.9643
  25300.00     9.0021
  25310.00     9.3152
  25320.00     9.4108
  25330.00     9.1551
  25340.00     9.2440
  25350.00     8.7920
  25360.00     9.0030
  25370.00     9.3279
  25380.00     9.2749
  25390.00     9.4865
  25400.00     9.2211
  25410.00     8.9290
  25420.00     8.7423
  25430.00     9.0586
  25440.00     9.2810
  25450.00     8.7908
  25460.00     8.9305
  25470.00     9.0005
  25480.00     8.6520
  25490.00     9.5394
  25500.00     9.1306
  25510.00     9.2086
  25520.00     8.9349
  25530.00     8.7564
  25540.00     8.9860
  25550.00     8.8198
  25560.00     9.4255
  25570.00     9.3704
  25580.00     9.1915
  25590.00     9.2414
  25600.00     9.3161
  25610.00     9.1366
  25620.00     9.1305
  25630.00     9.2381
  25640.00     9.2975
  25650.00     9.6648
  25660.00     8.7229
  25670.00     8.6464
  25680.00     9.2633
  25690.00     8.6687
  25700.00     9.1259
  25710.00     9.0959
  25720.00     9.1804
  25730.00     9.4370
  25740.00     9.3521
  25750.00     9.1585
  25760.00     8.9082
  25770.00     9.1622
  25780.00     9.1801
  25790.00     8.9506
  25800.00     9.1189
  25810.00     9.6464
  25820.00     8.9109
  25830.00     9.1877
  25840.00     8.7198
  25850.00     9.0377
  25860.00     8.7600
  25870.00     8.9646
  25880.00     9.2460
  25890.00     9.3343
  25900.00     8.6638
  25910.00     9.3750
  25920.00     8.5606
  25930.00     9.1588
  25940.00     8.6186
  25950.00     8.9775
  25960.00     9.2607
  25970.00     8.8209
  25980.00     9.0196
  25990.00     9.1076
  26000.00     9.2552
  26010.00     9.4791
  26020.00     9.0512
  26030.00     9.1527
  26040.00     8.6895
  26050.00     9.6877
  26060.00     9.3973
  26070.00     9.3652
  26080.00     9.1790
  26090.00     8.9948
  26100.00     8.9837
  26110.00     9.3479
  26120.00     9.2682
  26130.00     9.0799
  26140.00     8.8769
  26150.00     8.9540
  26160.00     9.0126
  26170.00     8.8002
  26180.00     8.7719
  26190.00     9.0992
  26200.00     9.4645
  26210.00     8.8092
  26220.00     9.0272
  26230.00     8.6466
  26240.00     9.0144
  26250.00     9.2534
  26260.00     8.4988
  26270.00     9.0345
  26280.00     9.1284
  26290.00     9.2163
  26300.00     8.7274
  26310.00     9.0192
  26320.00     9.0432
  26330.00     8.4413
  26340.00     9.4888
  26350.00     8.9096
  26360.00     8.5567
  26370.00     8.8926
  26380.00     9.2368
  26390.00     9.3086
  26400.00     9.1291
  26410.00     8.8808
  26420.00     8.8956
  26430.00     9.2535
  26440.00     8.5462
  26450.00     8.6326
  26460.00     9.1410
  26470.00     9.3983
  26480.00     9.0615
  26490.00     8.7529
  26500.00     9.7615
  26510.00     8.6087
  26520.00     9.2391
  26530.00     8.9264
  26540.00     9.1545
  26550.00     8.9500
  26560.00     9.5136
  26570.00     9.2010
  26580.00     9.2382
  26590.00     8.4050
  26600.00     9.1064
  26610.00     8.7777
  26620.00     9.3295
  26630.00     9.2678
  26640.00     9.0103
  26650.00     8.8717
  26660.00     9.2669
  26670.00     9.4611
  26680.00     8.8369
  26690.00     8.9954
  26700.00     9.2579
  26710.00     8.8962
  26720.00     8.8444
  26730.00     9.2918
  26740.00     8.8107
  26750.00     9.7311
  26760.00     9.6870
  26770.00     9.0578
  26780.00     8.9003
  26790.00     9.3536
  26800.00     8.8080
  26810.00     9.4366
  26820.00     9.2774
  26830.00     9.1813
  26840.00     9.2025
  26850.00     9.4623
  26860.00     9.2774
  26870.00     9.4888
  26880.00     8.9408
  26890.00     8.9453
  26900.00     8.8372
  26910.00     8.7093
  26920.00     8.4206
  26930.00     9.0229
  26940.00     8.5962
  26950.00     9.0194
  26960.00     8.9919
  26970.00     8.9489
  26980.00     8.6282
  26990.00     8.8866
  27000.00     8.9256
  27010.00     8.5384
  27020.00     8.9018
  27030.00     9.0254
  27040.00     9.3541
  27050.00     9.0588
  27060.00     8.6629
  27070.00     8.8956
  27080.00     8.9553
  27090.00     8.6511
  27100.00     8.9343
  27110.00     9.1444
  27120.00     8.5752
  27130.00     8.5261
  27140.00     9.0137
  27150.00     8.8313
  27160.00     9.0866
  27170.00     8.8400
  27180.00     8.7383
  27190.00     9.2827
  27200.00     8.8463
  27210.00     8.7730
  27220.00     9.0166
  27230.00     8.9424
  27240.00     9.5118
  27250.00     9.2569
  27260.00     9.0139
  27270.00     8.8894
  27280.00     8.3348
  27290.00     9.8175
  27300.00     9.4080
  27310.00     8.9532
  27320.00     9.3914
  27330.00     9.4745
  27340.00     9.1939
  27350.00     8.7648
  27360.00     9.1893
  27370.00     8.6774
  27380.00     9.0705
  27390.00     9.0650
  27400.00     9.4504
  27410.00     9.3067
  27420.00     9.0281
  27430.00     8.6219
  27440.00     8.9213
  27450.00     8.9175
  27460.00     8.9756
  27470.00     8.7998
  27480.00     9.2516
  27490.00     9.2272
  27500.00     9.3013
  27510.00     9.1681
  27520.00     8.7814
  27530.00     8.6755
  27540.00     9.3605
  27550.00     8.7058
  27560.00     8.8033
  27570.00     8.9471
  27580.00     8.8649
  27590.00     8.9787
  27600.00     9.0878
  27610.00     8.9363
  27620.00     9.0768
  27630.00     9.2418
  27640.00     9.0350
  27650.00     8.9728
  27660.00     8.5823
  27670.00     9.2840
  27680.00     9.4100
  27690.00     9.1457
  27700.00     8.5347
  27710.00     8.8447
  27720.00     9.2799
  27730.00     9.4306
  27740.00     8.9392
  27750.00     8.7339
  27760.00     8.6088
  27770.00     9.0872
  27780.00     8.6925
  27790.00     8.9980
  27800.00     9.2466
  27810.00     9.2112
  27820.00     9.1066
  27830.00     9.0148
  27840.00     8.8562
  27850.00     8.6565
  27860.00     8.7430
  27870.00     8.6022
  27880.00     9.4662
  27890.00     9.0789
  27900.00     9.1713
  27910.00     9.1845
  27920.00     8.8829
  27930.00     8.6546
  27940.00     8.7304
  27950.00     8.8411
  27960.00     8.6775
  27970.00     9.0058
  27980.00     8.6509
  27990.00     8.7059
  28000.00     8.7272
  28010.00     9.2257
  28020.00     9.1332
  28030.00     9.0296
  28040.00     9.0600
  28050.00     9.2628
  28060.00     8.6573
  28070.00     9.0443
  28080.00     9.3875
  28090.00     9.2938
  28100.00     9.2473
  28110.00     9.2184
  28120.00     9.0176
  28130.00     9.2962
  28140.00     9.1736
  28150.00     8.7932
  28160.00     9.1511
  28170.00     9.1833
  28180.00     9.0967
  28190.00     9.0749
  28200.00     8.9732
  28210.00     8.8910
  28220.00     9.1674
  28230.00     8.8711
  28240.00     9.4478
  28250.00     8.6153
  28260.00     9.2208
  28270.00     8.9639
  28280.00     9.5478
  28290.00     9.4835
  28300.00     9.1362
  28310.00     8.8133
  28320.00     9.0370
  28330.00     8.8989
  28340.00     8.8366
  28350.00     8.5904
  28360.00     8.8639
  28370.00     8.9467
  28380.00     8.5721
  28390.00     9.2181
  28400.00     9.1557
  28410.00     9.5509
  28420.00     9.6005
  28430.00     9.3145
  28440.00     9.1933
  28450.00     8.6760
  28460.00     8.7315
  28470.00     8.9627
  28480.00     9.0587
  28490.00     9.2956
  28500.00     9.4236
  28510.00     9.1035
  28520.00     8.9212
  28530.00     9.3228
  28540.00     9.1115
  28550.00     9.5358
  28560.00     9.2270
  28570.00     9.3211
  28580.00     9.2110
  28590.00     9.5222
  28600.00     9.0396
  28610.00     8.5327
  28620.00     8.8535
  28630.00     8.9039
  28640.00     9.3093
  28650.00     9.2629
  28660.00     9.1647
  28670.00     9.5593
  28680.00     9.1171
  28690.00     9.1275
  28700.00     9.2837
  28710.00     9.2834
  28720.00     8.2043
  28730.00     9.3192
  28740.00     8.8635
  28750.00     8.8080
  28760.00     9.2745
  28770.00     9.2940
  28780.00     9.0985
  28790.00     9.0448
  28800.00     8.7048
  28810.00     9.6025
  28820.00     9.3910
  28830.00     9.1752
  28840.00     8.3182
  28850.00     9.3196
  28860.00     9.3254
  28870.00     8.6744
  28880.00     9.0240
  28890.00     8.9835
  28900.00     8.9890
  28910.00     8.8949
  28920.00     9.0115
  28930.00     8.9262
  28940.00     9.1343
  28950.00     8.7158
  28960.00     9.0572
  28970.00     8.7001
  28980.00     9.1527
  28990.00     9.1104
  29000.00     9.1113
  29010.00     9.6109
  29020.00     9.3056
  29030.00     9.3334
  29040.00     8.8628
  29050.00     9.2807
  29060.00     9.4317
  29070.00     9.4164
  29080.00     8.9834
  29090.00     9.1342
  29100.00     9.2335
  29110.00     8.9784
  29120.00     9.6487
  29130.00     9.4388
  29140.00     9.3675
  29150.00     8.9075
  29160.00     9.2370
  29170.00     9.2465
  29180.00     9.0191
  29190.00     9.2541
  29200.00     8.9512
  29210.00     9.0866
  29220.00     9.1313
  29230.00     8.9576
  29240.00     9.0607
  29250.00     9.1641
  29260.00     9.0322
  29270.00     8.9323
  29280.00     9.0190
  29290.00     8.8719
  29300.00     9.0666
  29310.00     9.0078
  29320.00     8.6585
  29330.00     9.3780
  29340.00     8.8032
  29350.00     8.9332
  29360.00     9.4000
  29370.00     8.9766
  29380.00     9.0438
  29390.00     9.2378
  29400.00     8.4556
  29410.00     9.1000
  29420.00     9.5562
  29430.00     9.2999
  29440.00     8.7214
  29450.00     9.1452
  29460.00     9.2140
  29470.00     9.2538
  29480.00     8.9354
  29490.00     9.3733
  29500.00     9.2609
  29510.00     9.0754
  29520.00     8.7772
  29530.00     8.8123
  29540.00     8.4459
  29550.00     9.0524
  29560.00     9.2619
  29570.00     8.9799
  29580.00     8.7797
  29590.00     8.8000
  29600.00     8.9623
  29610.00     9.2914
  29620.00     9.4040
  29630.00     8.8646
  29640.00     9.3122
  29650.00     8.9168
  29660.00     9.6578
  29670.00     8.9559
  29680.00     8.9400
  29690.00     9.2891
  29700.00     8.9316
  29710.00     8.8268
  29720.00     9.8026
  29730.00     8.7012
  29740.00     9.3060
  29750.00     9.2477
  29760.00     8.7315
  29770.00     9.2117
  29780.00     9.3543
  29790.00     9.0687
  29800.00     9.2061
  29810.00     9.3399
  29820.00     8.7059
  29830.00     9.0586
  29840.00     9.1300
  29850.00     9.2055
  29860.00     9.0279
  29870.00     9.4634
  29880.00     8.4702
  29890.00     9.4742
  29900.00     9.0241
  29910.00     8.9445
  29920.00     8.5064
  29930.00     8.8661
  29940.00     8.6592
  29950.00     9.4801
  29960.00     9.0547
  29970.00     9.4704
  29980.00     8.3091
  29990.00     8.9826
  30000.00     9.0440
  30010.00     9.7898
  30020.00     9.1009
  30030.00     9.1507
  30040.00     8.6295
  30050.00     8.8234
  30060.00     9.0368
  30070.00     8.8975
  30080.00     9.0817
  30090.00     9.3399
  30100.00     9.3074
  30110.00     9.2736
  30120.00     8.6506
  30130.00     9.0677
  30140.00     9.1835
  30150.00     9.4967
  30160.00     9.2405
  30170.00     9.6593
  30180.00     9.3789
  30190.00     9.5703
  30200.00     8.5071
  30210.00     9.1054
  30220.00     8.9802
  30230.00     9.3123
  30240.00     8.4910
  30250.00     9.0479
  30260.00     9.1823
  30270.00     9.4418
  30280.00     9.1992
  30290.00     9.1434
  30300.00     9.1426
  30310.00     8.7847
  30320.00     8.4927
  30330.00     9.3795
  30340.00     9.1187
  30350.00     8.6432
  30360.00     9.4388
  30370.00     9.4401
  30380.00     9.0934
  30390.00     9.2330
  30400.00     9.0618
  30410.00     9.2698
  30420.00     8.7829
  30430.00     9.2214
  30440.00     8.9924
  30450.00     9.2572
  30460.00     9.0310
  30470.00     8.8195
  30480.00     9.4608
  30490.00     9.1500
  30500.00     9.0931
  30510.00     9.1476
  30520.00     9.1005
  30530.00     9.1502
  30540.00     8.8829
  30550.00     9.2855
  30560.00     9.5511
  30570.00     9.2136
  30580.00     9.3801
  30590.00     8.9683
  30600.00     8.9148
  30610.00     9.0161
  30620.00     8.5849
  30630.00     9.1388
  30640.00     8.6984
  30650.00     8.8022
  30660.00     9.1439
  30670.00     9.1115
  30680.00     9.0154
  30690.00     8.8139
  30700.00     9.2106
  30710.00     9.2859
  30720.00     9.7690
  30730.00     9.6408
  30740.00     9.5240
  30750.00     8.6371
  30760.00     8.8811
  30770.00     9.4543
  30780.00     8.8486
  30790.00     9.5568
  30800.00     9.1850
  30810.00     9.3556
  30820.00     8.9427
  30830.00     9.3800
  30840.00     9.6914
  30850.00     9.2831
  30860.00     8.5410
  30870.00     9.0402
  30880.00     9.1871
  30890.00     9.0972
  30900.00     8.9823
  30910.00     9.0891
  30920.00     8.7004
  30930.00     9.5190
  30940.00     9.4613
  30950.00     9.3521
  30960.00     8.7694
  30970.00     9.2046
  30980.00     9.2583
  30990.00     9.8987
  31000.00     8.8133
  31010.00     9.0432
  31020.00     8.9982
  31030.00     8.7628
  31040.00     9.4369
  31050.00     9.1951
  31060.00     9.2565
  31070.00     8.6876
  31080.00     9.0724
  31090.00     9.2641
  31100.00     9.2336
  31110.00     8.3184
  31120.00     8.8916
  31130.00     8.9631
  31140.00     9.1515
  31150.00     8.9795
  31160.00     9.0386
  31170.00     9.0676
  31180.00     9.2516
  31190.00     9.2624
  31200.00     8.9267
  31210.00     9.4856
  31220.00     8.7907
  31230.00     9.1901
  31240.00     9.3364
  31250.00     8.6668
  31260.00     9.1390
  31270.00     8.7241
  31280.00     9.1124
  31290.00     8.8024
  31300.00     9.0156
  31310.00     9.3591
  31320.00     9.2205
  31330.00     9.4250
  31340.00     8.8857
  31350.00     9.0869
  31360.00     8.9625
  31370.00     8.7136
  31380.00     9.0858
  31390.00     9.3809
  31400.00     8.6529
  31410.00     8.7192
  31420.00     9.2091
  31430.00     9.0261
  31440.00     8.8905
  31450.00     8.7195
  31460.00     9.0886
  31470.00     9.9617
  31480.00     9.2216
  31490.00     9.4032
  31500.00     8.6587
  31510.00     8.7046
  31520.00     9.4247
  31530.00     8.9798
  31540.00     8.7413
  31550.00     9.1244
  31560.00     9.0083
  31570.00     9.3227
  31580.00     9.2678
  31590.00     9.1990
  31600.00     9.5002
  31610.00     9.0257
  31620.00     9.0294
  31630.00     8.7176
  31640.00     9.1287
  31650.00     8.6215
  31660.00     9.0693
  31670.00     9.6009
  31680.00     8.9933
  31690.00     8.6949
  31700.00     8.9512
  31710.00     9.3000
  31720.00     9.2462
  31730.00     9.3891
  31740.00     8.8473
  31750.00     8.9336
  31760.00     9.4060
  31770.00     8.7504
  31780.00     8.2755
  31790.00     9.0406
  31800.00     8.9325
  31810.00     9.3353
  31820.00     9.0207
  31830.00     9.1974
  31840.00     8.4743
  31850.00     8.9020
  31860.00     9.0447
  31870.00     8.7003
  31880.00     8.9699
  31890.00     9.0938
  31900.00     9.1722
  31910.00     9.1283
  31920.00     8.9243
  31930.00     9.0891
  31940.00     9.2719
  31950.00     9.5298
  31960.00     9.2087
  31970.00     8.7472
  31980.00     9.2419
  31990.00     8.7782
  32000.00     8.9091
  32010.00     8.7792
  32020.00     9.2179
  32030.00     8.9225
  32040.00     9.4449
  32050.00     9.1569
  32060.00     9.0604
  32070.00     8.9739
  32080.00     9.1824
  32090.00     9.1824
  32100.00     9.0109
  32110.00     9.1218
  32120.00     8.8023
  32130.00     8.5825
  32140.00     9.0633
  32150.00     8.8660
  32160.00     9.3204
  32170.00     9.1295
  32180.00     9.0292
  32190.00     8.9315
  32200.00     9.3468
  32210.00     9.0229
  32220.00     9.0292
  32230.00     9.5771
  32240.00     9.0493
  32250.00     9.0166
  32260.00     9.3810
  32270.00     9.2346
  32280.00     8.6298
  32290.00     9.6565
  32300.00     9.4386
  32310.00     9.4038
  32320.00     8.9963
  32330.00     9.1788
  32340.00     8.9023
  32350.00     9.0540
  32360.00     8.9885
  32370.00     9.1952
  32380.00     9.3580
  32390.00     8.7193
  32400.00     9.1335
  32410.00     8.6055
  32420.00     9.2208
  32430.00     8.9699
  32440.00     9.6708
  32450.00     8.6625
  32460.00     9.0681
  32470.00     8.9116
  32480.00     8.6223
  32490.00     8.6789
  32500.00     9.3360
  32510.00     8.9453
  32520.00     8.5632
  32530.00     9.1656
  32540.00     9.0584
  32550.00     8.5711
  32560.00     8.6747
  32570.00     8.6081
  32580.00     9.1834
  32590.00     9.3304
  32600.00     9.3642
  32610.00     9.1966
  32620.00     9.1143
  32630.00     8.9693
  32640.00     8.8731
  32650.00     9.0749
  32660.00     8.7788
  32670.00     9.0254
  32680.00     9.2891
  32690.00     9.2717
  32700.00     9.4834
  32710.00     9.4115
  32720.00     9.0297
  32730.00     9.0435
  32740.00     9.3434
  32750.00     9.5740
  32760.00     9.0614
  32770.00     9.2185
  32780.00     9.6510
  32790.00     8.7397
  32800.00     9.2678
  32810.00     8.9542
  32820.00     9.5320
  32830.00     8.8356
  32840.00     9.2874
  32850.00     9.3923
  32860.00     8.9852
  32870.00     8.9410
  32880.00     9.3078
  32890.00     9.4164
  32900.00     8.8516
  32910.00     8.8532
  32920.00     9.5098
  32930.00     9.3847
  32940.00     8.7266
  32950.00     9.2871
  32960.00     9.3127
  32970.00     9.4795
  32980.00     9.0153
  32990.00     8.9365
  33000.00     8.9079
  33010.00     9.3057
  33020.00     9.1315
  33030.00     9.3831
  33040.00     9.2791
  33050.00     9.2636
  33060.00     9.2006
  33070.00     9.3483
  33080.00     8.6835
  33090.00     9.4992
  33100.00     9.1792
  33110.00     8.8795
  33120.00     9.3323
  33130.00     9.3220
  33140.00     9.2683
  33150.00     9.3088
  33160.00     9.1889
  33170.00     9.6840
  33180.00     9.5884
  33190.00     9.2412
  33200.00     8.7389
  33210.00     9.0684
  33220.00     9.4377
  33230.00     8.9083
  33240.00     9.5410
  33250.00     9.5362
  33260.00     8.9974
  33270.00     9.1140
  33280.00     9.2049
  33290.00     8.6327
  33300.00     9.3464
  33310.00     9.4080
  33320.00     8.6968
  33330.00     8.8520
  33340.00     9.0618
  33350.00     8.9303
  33360.00     9.1701
  33370.00     9.5245
  33380.00     9.0754
  33390.00     9.0093
  33400.00     9.0029
  33410.00     9.0001
  33420.00     8.7923
  33430.00     9.1087
  33440.00     9.5943
  33450.00     9.4022
  33460.00     8.9475
  33470.00     8.6131
  33480.00     9.0396
  33490.00     8.9775
  33500.00     9.4916
  33510.00     9.5797
  33520.00     9.2010
  33530.00     9.4705
  33540.00     9.2114
  33550.00     9.2321
  33560.00     9.3937
  33570.00     8.9867
  33580.00     9.0486
  33590.00     9.2370
  33600.00     9.0334
  33610.00     9.5008
  33620.00     9.2468
  33630.00     8.8914
  33640.00     9.5125
  33650.00     9.0723
  33660.00     9.0062
  33670.00     9.3480
  33680.00     9.5208
  33690.00     9.3140
  33700.00     8.9322
  33710.00     8.8814
  33720.00     9.5461
  33730.00     9.5853
  33740.00     9.4865
  33750.00     9.1844
  33760.00     8.9593
  33770.00     9.5966
  33780.00     9.0465
  33790.00     9.4358
  33800.00     9.0713
  33810.00     9.1436
  33820.00     9.0908
  33830.00     9.3934
  33840.00     9.5381
  33850.00     8.5788
  33860.00     9.2366
  33870.00     8.6407
  33880.00     8.9006
  33890.00     9.1090
  33900.00     9.2020
  33910.00     9.4626
  33920.00     8.9988
  33930.00     8.6348
  33940.00     9.1712
  33950.00     9.0156
  33960.00     9.1137
  33970.00     9.3940
  33980.00     9.1387
  33990.00     9.2312
  34000.00     9.0842
  34010.00     8.5587
  34020.00     9.5016
  34030.00     9.4223
  34040.00     9.0258
  34050.00     9.4089
  34060.00     9.4925
  34070.00     9.3333
  34080.00     9.2016
  34090.00     8.8619
  34100.00    10.0095
  34110.00     8.8596
  34120.00     9.4736
  34130.00     8.6558
  34140.00     9.6131
  34150.00     9.2158
  34160.00     8.8407
  34170.00     9.0306
  34180.00     8.9343
  34190.00     8.8605
  34200.00     8.5857
  34210.00     9.1762
  34220.00     9.0028
  34230.00     9.2059
  34240.00     9.4641
  34250.00     8.6019
  34260.00     9.1325
  34270.00     8.8883
  34280.00     9.7738
  34290.00     8.7571
  34300.00     9.3295
  34310.00     8.6758
  34320.00     9.2095
  34330.00     9.1361
  34340.00     9.1277
  34350.00     9.1528
  34360.00     9.0879
  34370.00     9.6875
  34380.00     9.5064
  34390.00     9.0061
  34400.00     9.0507
  34410.00     9.3509
  34420.00     9.2041
  34430.00     9.0102
  34440.00     9.3635
  34450.00     9.0248
  34460.00     8.8584
  34470.00     9.1617
  34480.00     9.1394
  34490.00     9.2459
  34500.00     9.4915
  34510.00     9.3006
  34520.00     9.0954
  34530.00     9.4255
  34540.00     9.8337
  34550.00     8.8444
  34560.00     9.4852
  34570.00     9.0873
  34580.00     9.0566
  34590.00     9.0166
  34600.00     8.6848
  34610.00     9.2941
  34620.00     9.5959
  34630.00     8.8181
  34640.00     8.7725
  34650.00     9.0481
  34660.00     9.1385
  34670.00     9.0112
  34680.00     9.1543
  34690.00     8.8405
  34700.00     8.8605
  34710.00     8.8764
  34720.00     9.3957
  34730.00     9.0867
  34740.00     9.4867
  34750.00     8.7872
  34760.00     9.2365
  34770.00     9.6539
  34780.00     9.5060
  34790.00     9.6781
  34800.00     8.8845
  34810.00     9.0287
  34820.00     8.8985
  34830.00     9.2181
  34840.00     8.9771
  34850.00     8.6319
  34860.00     8.9979
  34870.00     9.0012
  34880.00     8.6983
  34890.00     8.6779
  34900.00     9.2211
  34910.00     8.8874
  34920.00     9.6157
  34930.00     8.9879
  34940.00     9.1075
  34950.00     9.0607
  34960.00     8.7732
  34970.00     9.2758
  34980.00     9.0401
  34990.00     8.9418
  35000.00     9.1452
  35010.00     9.1230
  35020.00     9.7037
  35030.00     8.7720
  35040.00     9.4338
  35050.00     9.4141
  35060.00     9.4829
  35070.00     9.2539
  35080.00     9.3609
  35090.00     9.4683
  35100.00     8.8060
  35110.00     8.6859
  35120.00     8.4892
  35130.00     8.7585
  35140.00     9.1363
  35150.00     8.8422
  35160.00     8.8703
  35170.00     9.0155
  35180.00     8.9389
  35190.00     8.8227
  35200.00     8.6277
  35210.00     9.2414
  35220.00     8.3517
  35230.00     9.0889
  35240.00     8.8536
  35250.00     9.6108
  35260.00     9.5428
  35270.00     9.4750
  35280.00     9.1072
  35290.00     9.2371
  35300.00     8.8257
  35310.00     8.9284
  35320.00     9.2983
  35330.00     9.2207
  35340.00     9.0942
  35350.00     9.1886
  35360.00     9.0513
  35370.00     8.6324
  35380.00     9.0804
  35390.00     8.7206
  35400.00     9.2872
  35410.00     9.2818
  35420.00     9.1601
  35430.00     9.0394
  35440.00     8.7403
  35450.00     8.8674
  35460.00     9.2758
  35470.00     9.1585
  35480.00     9.0380
  35490.00     8.9869
  35500.00     9.3803
  35510.00     9.0418
  35520.00     8.7616
  35530.00     9.1107
  35540.00     8.9207
  35550.00     9.1775
  35560.00     9.3842
  35570.00     9.1096
  35580.00     9.0616
  35590.00     9.0603
  35600.00     9.4836
  35610.00     9.5070
  35620.00     9.8212
  35630.00     9.3962
  35640.00     9.4994
  35650.00     9.4838
  35660.00     8.9133
  35670.00     9.4921
  35680.00     9.2588
  35690.00     9.4561
  35700.00     8.6878
  35710.00     9.1917
  35720.00     8.9894
  35730.00     8.9302
  35740.00     8.9477
  35750.00     9.1841
  35760.00     9.4330
  35770.00     9.3309
  35780.00     9.2266
  35790.00     9.3430
  35800.00     9.4071
  35810.00     9.3705
  35820.00     8.6099
  35830.00     8.9641
  35840.00     8.6597
  35850.00     9.1882
  35860.00     9.1902
  35870.00     9.1854
  35880.00     9.0491
  35890.00     9.3868
  35900.00     9.3271
  35910.00     9.0521
  35920.00     8.9345
  35930.00     8.8857
  35940.00     9.0292
  35950.00     8.6410
  35960.00     8.9729
  35970.00     9.0586
  35980.00     9.1950
  35990.00     9.1873
  36000.00     8.9968
  36010.00     8.8261
  36020.00     9.6948
  36030.00     9.0808
  36040.00     9.6881
  36050.00     9.3248
  36060.00     8.9247
  36070.00     9.2974
  36080.00     9.3152
  36090.00     8.9336
  36100.00     8.9072
  36110.00     8.9990
  36120.00     9.1578
  36130.00     8.6941
  36140.00     8.7784
  36150.00     9.3503
  36160.00     9.1924
  36170.00     9.5773
  36180.00     9.1951
  36190.00     9.0785
  36200.00     8.8769
  36210.00     9.3804
  36220.00     9.2884
  36230.00     9.1958
  36240.00     9.5231
  36250.00     9.1565
  36260.00     9.2616
  36270.00     9.3029
  36280.00     9.1670
  36290.00     9.3781
  36300.00     9.4213
  36310.00     9.6719
  36320.00     9.8189
  36330.00     9.5506
  36340.00     9.1222
  36350.00     9.8384
  36360.00     9.1375
  36370.00     9.5585
  36380.00     9.0853
  36390.00     9.2706
  36400.00     9.4984
  36410.00     9.2603
  36420.00     9.0353
  36430.00     9.1572
  36440.00     9.5466
  36450.00     9.0249
  36460.00     9.0160
  36470.00     9.1327
  36480.00     9.1157
  36490.00     8.8925
  36500.00     8.5887
  36510.00     8.7227
  36520.00     9.2536
  36530.00     9.3452
  36540.00     9.1316
  36550.00     9.7295
  36560.00     9.1451
  36570.00     9.1882
  36580.00     8.7512
  36590.00     8.9090
  36600.00     9.0669
  36610.00     8.7404
  36620.00     8.8969
  36630.00     8.9851
  36640.00     9.3674
  36650.00     8.6106
  36660.00     8.7651
  36670.00     8.8268
  36680.00     9.4968
  36690.00     9.0015
  36700.00     8.9575
  36710.00     9.3493
  36720.00     8.9472
  36730.00     8.5145
  36740.00     9.3902
  36750.00     9.2677
  36760.00     9.0931
  36770.00     8.7441
  36780.00     9.3856
  36790.00     8.7370
  36800.00     8.8668
  36810.00     8.8678
  36820.00     9.2246
  36830.00     9.3709
  36840.00     8.3229
  36850.00     9.5770
  36860.00     9.3442
  36870.00     8.9804
  36880.00     9.2172
  36890.00     8.9527
  36900.00     8.6433
  36910.00     8.9844
  36920.00     9.0710
  36930.00     9.1365
  36940.00     8.7955
  36950.00     8.0836
  36960.00     8.2880
  36970.00     8.6311
  36980.00     8.1058
  36990.00     8.9684
  37000.00     9.1921
  37010.00     8.8722
  37020.00     9.1203
  37030.00     9.4020
  37040.00     8.8802
  37050.00     9.7081
  37060.00     9.3680
  37070.00     8.7928
  37080.00     9.4686
  37090.00     9.2023
  37100.00     9.0852
  37110.00     9.5682
  37120.00     8.9707
  37130.00     9.4123
  37140.00     8.7932
  37150.00     9.0096
  37160.00     8.8234
  37170.00     8.9387
  37180.00     9.0655
  37190.00     8.8997
  37200.00     9.4639
  37210.00     8.9863
  37220.00     8.6997
  37230.00     9.1044
  37240.00     9.0940
  37250.00     8.9606
  37260.00     9.4315
  37270.00     8.7773
  37280.00     9.2851
  37290.00     9.4047
  37300.00     8.9449
  37310.00     9.0753
  37320.00     8.8697
  37330.00     9.1663
  37340.00     9.5075
  37350.00     8.5616
  37360.00     9.2884
  37370.00     9.5290
  37380.00     8.8983
  37390.00     9.0425
  37400.00     9.2426
  37410.00     9.6089
  37420.00     8.9864
  37430.00     9.1828
  37440.00     9.2201
  37450.00     8.8453
  37460.00     9.0815
  37470.00     9.3971
  37480.00     8.8238
  37490.00     9.0546
  37500.00     9.1656
  37510.00     8.6424
  37520.00     8.5923
  37530.00     8.8973
  37540.00     9.6121
  37550.00     9.5332
  37560.00     8.9775
  37570.00     9.1373
  37580.00     8.8193
  37590.00     9.2604
  37600.00     8.9567
  37610.00     8.8372
  37620.00     9.1485
  37630.00     9.8614
  37640.00     9.2750
  37650.00     9.1974
  37660.00     9.0210
  37670.00     8.7737
  37680.00     8.7461
  37690.00     9.2576
  37700.00     9.1382
  37710.00     9.1068
  37720.00     9.0882
  37730.00     9.2377
  37740.00     8.8020
  37750.00     8.7488
  37760.00     8.9832
  37770.00     8.9729
  37780.00     8.9477
  37790.00     9.1305
  37800.00     8.9579
  37810.00     8.7197
  37820.00     8.9103
  37830.00     8.5043
  37840.00     8.7492
  37850.00     9.0346
  37860.00     9.0402
  37870.00     8.5928
  37880.00     8.7172
  37890.00     8.9381
  37900.00     9.3055
  37910.00     9.2378
  37920.00     8.7208
  37930.00     9.0737
  37940.00     9.0375
  37950.00     9.7312
  37960.00     8.6508
  37970.00     9.2977
  37980.00     8.8722
  37990.00     9.4097
  38000.00     9.4659
  38010.00     9.1753
  38020.00     8.8750
  38030.00     9.0451
  38040.00     9.1716
  38050.00     9.2192
  38060.00     8.9597
  38070.00     9.1328
  38080.00     9.3046
  38090.00     9.2995
  38100.00     9.0103
  38110.00     9.3781
  38120.00     9.6309
  38130.00     9.3851
  38140.00     9.1257
  38150.00     9.2032
  38160.00     9.0334
  38170.00     9.0537
  38180.00     9.2280
  38190.00     8.9399
  38200.00     9.0608
  38210.00     8.8089
  38220.00     9.3769
  38230.00     8.9235
  38240.00     8.5671
  38250.00     9.0626
  38260.00     8.7691
  38270.00     8.9702
  38280.00     8.7050
  38290.00     9.0523
  38300.00     9.0504
  38310.00     9.2933
  38320.00     9.7731
  38330.00     9.4943
  38340.00     9.0887
  38350.00     9.2530
  38360.00     8.8159
  38370.00     9.4688
  38380.00     9.7373
  38390.00     8.9701
  38400.00     9.7036
  38410.00     9.2512
  38420.00     8.7707
  38430.00     8.7213
  38440.00     8.9835
  38450.00     8.6814
  38460.00     9.3871
  38470.00     8.6468
  38480.00     8.9176
  38490.00     9.3343
  38500.00     9.5642
  38510.00     9.1047
  38520.00     9.6306
  38530.00     9.1085
  38540.00     9.2791
  38550.00     9.1849
  38560.00     9.3587
  38570.00     9.0347
  38580.00     9.7111
  38590.00     9.3254
  38600.00     9.3432
  38610.00     8.8125
  38620.00     9.2103
  38630.00     9.2013
  38640.00     9.2745
  38650.00     8.5780
  38660.00     9.0275
  38670.00     9.1266
  38680.00     8.8030
  38690.00     8.7177
  38700.00     9.1904
  38710.00     9.1125
  38720.00     8.4509
  38730.00     9.0302
  38740.00     9.1668
  38750.00     9.4456
  38760.00     9.2372
  38770.00     9.0942
  38780.00     8.8154
  38790.00     8.8940
  38800.00     8.9849
  38810.00     8.8620
  38820.00     9.3339
  38830.00     9.0698
  38840.00     8.8240
  38850.00     9.0426
  38860.00     9.0565
  38870.00     8.8303
  38880.00     9.1517
  38890.00     9.2833
  38900.00     8.8937
  38910.00     9.0012
  38920.00     8.5392
  38930.00     9.3845
  38940.00     9.1819
  38950.00     9.0466
  38960.00     9.4156
  38970.00     9.3773
  38980.00     8.9206
  38990.00     9.3762
  39000.00     8.9289
  39010.00     8.3666
  39020.00     8.6939
  39030.00     8.7782
  39040.00     8.3054
  39050.00     9.2185
  39060.00     9.7797
  39070.00     8.9077
  39080.00     9.0093
  39090.00     9.2631
  39100.00     9.2127
  39110.00     8.8579
  39120.00     9.0435
  39130.00    10.0186
  39140.00     9.2864
  39150.00     9.0785
  39160.00     9.1652
  39170.00     9.0084
  39180.00     8.6952
  39190.00     8.9248
  39200.00     8.4792
  39210.00     9.0630
  39220.00     9.1030
  39230.00     9.2728
  39240.00     9.1851
  39250.00     9.3228
  39260.00     8.8352
  39270.00     9.2036
  39280.00     9.7426
  39290.00     9.6507
  39300.00     8.9416
  39310.00     9.1262
  39320.00     9.3113
  39330.00     9.2852
  39340.00     8.8537
  39350.00     9.3249
  39360.00     8.6396
  39370.00     9.2757
  39380.00     9.3751
  39390.00     9.0823
  39400.00     8.8882
  39410.00     9.6300
  39420.00     9.2765
  39430.00     9.3682
  39440.00     8.8506
  39450.00     9.1640
  39460.00     9.3630
  39470.00     8.8013
  39480.00     9.5173
  39490.00     9.2047
  39500.00     8.6740
  39510.00     9.3984
  39520.00     8.9577
  39530.00     9.1167
  39540.00     9.3842
  39550.00     9.3323
  39560.00     8.9278
  39570.00     9.2080
  39580.00     9.3863
  39590.00     9.0718
  39600.00     9.0533
  39610.00     9.2893
  39620.00     8.4119
  39630.00     9.4145
  39640.00     9.3524
  39650.00     9.1253
  39660.00     9.1967
  39670.00     8.9996
  39680.00     8.9518
  39690.00     8.9015
  39700.00     8.8757
  39710.00     8.7971
  39720.00     8.7316
  39730.00     9.4169
  39740.00     8.9575
  39750.00     9.0385
  39760.00     8.9521
  39770.00     9.0180
  39780.00     9.0382
  39790.00     8.8800
  39800.00     9.1979
  39810.00     8.8005
  39820.00     9.1007
  39830.00     8.7975
  39840.00     8.7334
  39850.00     9.1997
  39860.00     8.6828
  39870.00     8.6159
  39880.00     8.4921
  39890.00     9.4135
  39900.00     8.9331
  39910.00     8.5490
  39920.00     9.0807
  39930.00     8.5685
  39940.00     8.4543
  39950.00     8.4891
  39960.00     8.7747
  39970.00     8.7986
  39980.00     9.0056
  39990.00     8.9932
  40000.00     8.6388
  40010.00     8.9711
  40020.00     9.2261
  40030.00     9.1068
  40040.00     9.0780
  40050.00     9.1893
  40060.00     9.2827
  40070.00     9.2416
  40080.00     9.3570
  40090.00     8.7846
  40100.00     8.6892
  40110.00     8.7826
  40120.00     8.9608
  40130.00     9.1150
  40140.00     8.9181
  40150.00     8.5900
  40160.00     8.4113
  40170.00     8.9857
  40180.00     8.8627
  40190.00     9.2282
  40200.00     9.8896
  40210.00     8.8873
  40220.00     8.6863
  40230.00     8.7972
  40240.00     8.6100
  40250.00     8.8513
  40260.00     8.9574
  40270.00     8.7378
  40280.00     9.1156
  40290.00     8.6543
  40300.00     8.7265
  40310.00     9.0193
  40320.00     8.9562
  40330.00     9.3713
  40340.00     8.8758
  40350.00     8.4834
  40360.00     9.1157
  40370.00     9.4472
  40380.00     9.2679
  40390.00     9.3998
  40400.00     8.8993
  40410.00     8.5802
  40420.00     8.9928
  40430.00     9.1959
  40440.00     8.9486
  40450.00     8.9490
  40460.00     9.0964
  40470.00     9.2238
  40480.00     9.1190
  40490.00     9.2010
  40500.00     9.2399
  40510.00     8.9994
  40520.00     9.3312
  40530.00     9.1952
  40540.00     9.1429
  40550.00     9.3541
  40560.00     9.3686
  40570.00     8.6938
  40580.00     8.9618
  40590.00     8.8896
  40600.00     8.9940
  40610.00     9.4427
  40620.00     9.3294
  40630.00     9.4867
  40640.00     9.3683
  40650.00     9.1968
  40660.00     8.9929
  40670.00     9.1741
  40680.00     9.4232
  40690.00     8.9430
  40700.00     9.1575
  40710.00     9.2567
  40720.00     9.1359
  40730.00     8.9953
  40740.00     8.9947
  40750.00     8.9243
  40760.00     8.9106
  40770.00     8.8628
  40780.00     9.1798
  40790.00     9.1103
  40800.00     9.5312
  40810.00     8.9089
  40820.00     9.5680
  40830.00     9.0987
  40840.00     8.8658
  40850.00     8.9240
  40860.00     8.8486
  40870.00     8.7499
  40880.00     8.9141
  40890.00     8.8888
  40900.00     9.3526
  40910.00     8.7516
  40920.00     8.9585
  40930.00     8.7751
  40940.00     8.8690
  40950.00     9.0460
  40960.00     8.8467
  40970.00     9.0574
  40980.00     8.8072
  40990.00     8.8526
  41000.00     9.1795
  41010.00     9.1380
  41020.00     9.5876
  41030.00     8.6375
  41040.00     9.0909
  41050.00     9.0689
  41060.00     9.0120
  41070.00     8.7735
  41080.00     8.6770
  41090.00     9.0518
  41100.00     8.7405
  41110.00     9.3403
  41120.00     9.2394
  41130.00     9.1260
  41140.00     9.3062
  41150.00     9.2564
  41160.00     9.0061
  41170.00     9.3730
  41180.00     9.0061
  41190.00     8.7802
  41200.00     9.2792
  41210.00     8.5148
  41220.00     8.4785
  41230.00     9.1406
  41240.00     8.6867
  41250.00     9.0183
  41260.00     9.1510
  41270.00     9.3838
  41280.00     8.8874
  41290.00     9.1962
  41300.00     8.8688
  41310.00     8.4566
  41320.00     9.1071
  41330.00     9.4815
  41340.00     9.2024
  41350.00     8.9096
  41360.00     9.0138
  41370.00     9.5154
  41380.00     8.7294
  41390.00     8.6526
  41400.00     8.6335
  41410.00     9.2474
  41420.00     9.3563
  41430.00     8.8084
  41440.00     9.0558
  41450.00     9.0237
  41460.00     9.9827
  41470.00     9.2155
  41480.00     9.6772
  41490.00     9.6855
  41500.00     8.6611
  41510.00     9.2081
  41520.00     8.8739
  41530.00     9.3195
  41540.00     8.8961
  41550.00     9.4257
  41560.00     9.0049
  41570.00     8.8627
  41580.00     9.1595
  41590.00     9.2582
  41600.00     8.9818
  41610.00     8.8138
  41620.00     8.9559
  41630.00     8.6829
  41640.00     9.4429
  41650.00     9.2966
  41660.00     9.3962
  41670.00     9.2746
  41680.00     8.8391
  41690.00     8.9480
  41700.00     8.9132
  41710.00     9.3170
  41720.00     9.4220
  41730.00     8.7160
  41740.00     8.9492
  41750.00     8.7782
  41760.00     9.6231
  41770.00     9.3986
  41780.00     8.8316
  41790.00     8.9548
  41800.00     8.9193
  41810.00     8.8672
  41820.00     8.7500
  41830.00     9.0506
  41840.00     9.4340
  41850.00     8.7718
  41860.00     8.9683
  41870.00     9.2371
  41880.00     8.5606
  41890.00     8.8081
  41900.00     9.0272
  41910.00     9.2165
  41920.00     8.7615
  41930.00     8.9568
  41940.00     9.1727
  41950.00     8.6956
  41960.00     9.1132
  41970.00     9.0393
  41980.00     9.0440
  41990.00     8.8655
  42000.00     9.1695
  42010.00     8.9943
  42020.00     8.5663
  42030.00     9.2013
  42040.00     9.1438
  42050.00     8.7624
  42060.00     8.5047
  42070.00     8.9489
  42080.00     9.2771
  42090.00     9.3069
  42100.00     9.4527
  42110.00     8.8623
  42120.00     9.0327
  42130.00     8.8332
  42140.00     8.6859
  42150.00     9.4978
  42160.00     9.4341
  42170.00     8.7316
  42180.00     9.4178
  42190.00     9.0468
  42200.00     9.5446
  42210.00     8.7188
  42220.00     8.8065
  42230.00     9.1109
  42240.00     8.6768
  42250.00     9.4684
  42260.00     8.7117
  42270.00     9.2158
  42280.00     9.6017
  42290.00     9.1282
  42300.00     8.9312
  42310.00     9.3159
  42320.00     9.1728
  42330.00     9.6789
  42340.00     8.8505
  42350.00     9.3348
  42360.00     9.1530
  42370.00     8.4982
  42380.00     9.1634
  42390.00     9.0388
  42400.00     8.7910
  42410.00     9.2120
  42420.00     9.3224
  42430.00     8.8119
  42440.00     9.2020
  42450.00     8.8713
  42460.00     8.7371
  42470.00     8.3096
  42480.00     9.1453
  42490.00     8.7787
  42500.00     9.2126
  42510.00     9.0931
  42520.00     9.0812
  42530.00     9.1714
  42540.00     9.2019
  42550.00     9.3762
  42560.00     8.7930
  42570.00     9.5360
  42580.00     8.9024
  42590.00     8.9673
  42600.00     9.0197
  42610.00     8.9973
  42620.00     8.9029
  42630.00     8.6944
  42640.00     9.3198
  42650.00     8.9908
  42660.00     9.2697
  42670.00     9.0487
  42680.00     9.3248
  42690.00     9.2343
  42700.00     8.9934
  42710.00     8.8877
  42720.00     9.1753
  42730.00     9.0859
  42740.00     9.2121
  42750.00     8.9714
  42760.00     9.0822
  42770.00     9.0757
  42780.00     9.4056
  42790.00     8.6917
  42800.00     8.9623
  42810.00     8.9693
  42820.00     8.5743
  42830.00     9.4749
  42840.00     9.4303
  42850.00     8.9855
  42860.00     9.3110
  42870.00     9.2152
  42880.00     9.3294
  42890.00     8.9000
  42900.00     9.3589
  42910.00     9.2946
  42920.00     8.3730
  42930.00     8.8689
  42940.00     8.1593
  42950.00     9.1448
  42960.00     9.1096
  42970.00     9.3340
  42980.00     9.2050
  42990.00     8.5522
  43000.00     9.0400
  43010.00     8.8174
  43020.00     9.0302
  43030.00     9.1181
  43040.00     9.2435
  43050.00     8.6274
  43060.00     8.9681
  43070.00     9.0764
  43080.00     8.8252
  43090.00     9.1432
  43100.00     8.8761
  43110.00     8.9730
  43120.00     8.8300
  43130.00     9.1505
  43140.00     8.7555
  43150.00     9.2074
  43160.00     8.9944
  43170.00     8.5197
  43180.00     9.2602
  43190.00     8.7155
  43200.00     9.4041
  43210.00     8.8961
  43220.00     9.5016
  43230.00     9.1536
  43240.00     9.5433
  43250.00     9.0799
  43260.00     9.5608
  43270.00     9.0103
  43280.00     9.6122
  43290.00     9.0995
  43300.00     9.5081
  43310.00     9.1330
  43320.00     9.3689
  43330.00     8.9533
  43340.00     9.3261
  43350.00     9.2905
  43360.00     9.1165
  43370.00     9.8453
  43380.00     8.7494
  43390.00     8.9842
  43400.00     8.9900
  43410.00     9.2073
  43420.00     9.3042
  43430.00     9.1568
  43440.00     8.8526
  43450.00     9.0899
  43460.00     9.6805
  43470.00     9.9601
  43480.00     9.6072
  43490.00     8.7945
  43500.00     8.9479
  43510.00     9.2383
  43520.00     9.5820
  43530.00     9.0357
  43540.00     8.8765
  43550.00     9.3535
  43560.00     8.7385
  43570.00     8.8523
  43580.00     8.9484
  43590.00     9.1942
  43600.00     9.4471
  43610.00     8.8313
  43620.00     8.9183
  43630.00     9.0231
  43640.00     8.7447
  43650.00     9.0491
  43660.00     9.2096
  43670.00     9.4332
  43680.00     8.9867
  43690.00     8.9184
  43700.00     9.4785
  43710.00     8.9729
  43720.00     9.0907
  43730.00     9.1690
  43740.00     8.9040
  43750.00     8.4075
  43760.00     8.8331
  43770.00     8.8220
  43780.00     9.2139
  43790.00     8.5168
  43800.00     9.0444
  43810.00     9.3573
  43820.00     8.5223
  43830.00     8.7968
  43840.00     8.7628
  43850.00     9.1778
  43860.00     9.4137
  43870.00     9.6732
  43880.00     9.5079
  43890.00     9.0116
  43900.00     8.5306
  43910.00     9.0224
  43920.00     8.9796
  43930.00     9.2395
  43940.00     9.3356
  43950.00     9.3611
  43960.00     9.1483
  43970.00     9.0570
  43980.00     8.9771
  43990.00     8.9511
  44000.00     8.8871
  44010.00     9.3255
  44020.00     9.5479
  44030.00     8.8151
  44040.00     9.1318
  44050.00     8.9776
  44060.00     8.8819
  44070.00     9.0932
  44080.00     8.6614
  44090.00     8.7758
  44100.00     8.3862
  44110.00     9.0936
  44120.00     8.5538
  44130.00     9.0575
  44140.00     9.2031
  44150.00     8.7926
  44160.00     8.8091
  44170.00     8.7006
  44180.00     8.9875
  44190.00     8.7924
  44200.00     8.8460
  44210.00     8.8178
  44220.00     8.6721
  44230.00     9.6327
  44240.00     9.2133
  44250.00     9.1454
  44260.00     9.0974
  44270.00     9.1310
  44280.00     9.0609
  44290.00     9.4862
  44300.00     9.3397
  44310.00     9.4304
  44320.00     9.2793
  44330.00     8.9473
  44340.00     8.9775
  44350.00     9.1031
  44360.00     9.0248
  44370.00     9.2340
  44380.00     9.3659
  44390.00     8.9259
  44400.00     9.1916
  44410.00     9.4642
  44420.00     9.5593
  44430.00     9.5799
  44440.00     8.9865
  44450.00     9.0161
  44460.00     9.1913
  44470.00     9.5421
  44480.00     8.9887
  44490.00     9.0670
  44500.00     8.6532
  44510.00     8.7265
  44520.00     8.8336
  44530.00     8.8602
  44540.00     9.5278
  44550.00     9.3987
  44560.00     9.2041
  44570.00     9.1940
  44580.00     9.0792
  44590.00     9.3335
  44600.00     9.6160
  44610.00     9.3834
  44620.00     8.9645
  44630.00     8.8120
  44640.00     8.9928
  44650.00     9.5170
  44660.00     8.7969
  44670.00     9.5200
  44680.00     9.7483
  44690.00     8.9366
  44700.00     9.4742
  44710.00     9.0281
  44720.00     8.1877
  44730.00     9.6886
  44740.00     9.0434
  44750.00     8.9072
  44760.00     8.3290
  44770.00     9.3820
  44780.00     9.3568
  44790.00     9.4459
  44800.00     8.4465
  44810.00     8.5534
  44820.00     8.7616
  44830.00     9.1537
  44840.00     9.4822
  44850.00     8.5014
  44860.00     9.0081
  44870.00     8.7418
  44880.00     8.7106
  44890.00     9.1402
  44900.00     8.9357
  44910.00     8.9357
  44920.00     9.2811
  44930.00     9.5379
  44940.00     8.9650
  44950.00     9.2346
  44960.00     8.8621
  44970.00     8.8273
  44980.00     8.9259
  44990.00     9.2500
  45000.00     9.1217
  45010.00     9.3358
  45020.00     9.3006
  45030.00     8.7443
  45040.00     8.7885
  45050.00     9.2974
  45060.00     9.4814
  45070.00     9.1328
  45080.00     8.9172
  45090.00     8.9118
  45100.00     9.4878
  45110.00     9.0225
  45120.00     9.2016
  45130.00     9.3351
  45140.00     8.9374
  45150.00     9.1091
  45160.00     9.2799
  45170.00     9.8627
  45180.00     9.3307
  45190.00    10.1081
  45200.00     8.9784
  45210.00     9.4416
  45220.00     9.3022
  45230.00     9.4002
  45240.00     9.2637
  45250.00     9.4706
  45260.00     9.0335
  45270.00     8.3974
  45280.00     9.3058
  45290.00     8.8743
  45300.00     9.0199
  45310.00     8.6982
  45320.00     8.8322
  45330.00     8.9678
  45340.00     9.1054
  45350.00     9.2180
  45360.00     9.5262
  45370.00     9.2383
  45380.00     9.1056
  45390.00     9.3913
  45400.00     8.8821
  45410.00     8.8651
  45420.00     9.1382
  45430.00     9.1907
  45440.00     9.3211
  45450.00     9.2185
  45460.00     9.0209
  45470.00     8.8167
  45480.00     9.0368
  45490.00     8.9230
  45500.00     9.2495
  45510.00     8.6026
  45520.00     9.1005
  45530.00     9.0902
  45540.00     8.8810
  45550.00     9.2375
  45560.00     9.4068
  45570.00     9.4086
  45580.00     9.1019
  45590.00     9.6988
  45600.00     8.8617
  45610.00     9.2291
  45620.00     9.2515
  45630.00     8.8846
  45640.00     9.4148
  45650.00     9.4314
  45660.00     8.8164
  45670.00     8.7582
  45680.00     9.1108
  45690.00     9.6301
  45700.00     9.0425
  45710.00     9.1972
  45720.00     9.1218
  45730.00     9.1129
  45740.00     9.3871
  45750.00     8.9732
  45760.00     8.9037
  45770.00     9.2521
  45780.00     8.8720
  45790.00     9.1149
  45800.00     9.5434
  45810.00     9.0888
  45820.00     9.3878
  45830.00     9.0147
  45840.00     8.5204
  45850.00     8.9014
  45860.00     9.0124
  45870.00     9.0507
  45880.00     9.4847
  45890.00     8.6341
  45900.00     9.6165
  45910.00     9.5028
  45920.00     9.0229
  45930.00     9.0659
  45940.00     8.9132
  45950.00     8.9262
  45960.00     8.9011
  45970.00     8.9587
  45980.00     9.2576
  45990.00     8.7426
  46000.00     9.1541
  46010.00     9.7955
  46020.00     8.9739
  46030.00     8.7198
  46040.00     8.8368
  46050.00     8.9510
  46060.00     9.1206
  46070.00     9.1167
  46080.00     8.7157
  46090.00     9.2358
  46100.00     9.1702
  46110.00     9.2350
  46120.00     9.2659
  46130.00     8.1739
  46140.00     9.2410
  46150.00     9.2329
  46160.00     9.1911
  46170.00     8.9645
  46180.00     8.9426
  46190.00     9.1353
  46200.00     9.1183
  46210.00     9.2262
  46220.00     9.2757
  46230.00     8.9451
  46240.00     9.3863
  46250.00     8.3767
  46260.00     9.3792
  46270.00     9.1148
  46280.00     9.2780
  46290.00     8.6986
  46300.00     9.2607
  46310.00     8.8218
  46320.00     9.6367
  46330.00     9.2049
  46340.00     9.3630
  46350.00     9.1705
  46360.00     8.9304
  46370.00     8.9704
  46380.00     9.1402
  46390.00     9.1159
  46400.00     9.3133
  46410.00     9.0226
  46420.00     9.0526
  46430.00     8.8544
  46440.00     9.3368
  46450.00     9.4337
  46460.00     9.4843
  46470.00     9.0655
  46480.00     8.9820
  46490.00     8.8963
  46500.00     8.5010
  46510.00     8.5701
  46520.00     8.9717
  46530.00     8.8697
  46540.00     8.6646
  46550.00     8.9267
  46560.00     9.2050
  46570.00     9.3950
  46580.00     8.9346
  46590.00     9.4263
  46600.00     9.0265
  46610.00     8.4773
  46620.00     9.1613
  46630.00     9.2514
  46640.00     9.3571
  46650.00     9.2275
  46660.00     9.2419
  46670.00     9.2450
  46680.00     8.8293
  46690.00     9.1004
  46700.00     9.0498
  46710.00     9.1999
  46720.00     9.3715
  46730.00     9.4978
  46740.00     8.5291
  46750.00     9.3005
  46760.00     9.4747
  46770.00     8.9652
  46780.00     9.5935
  46790.00     9.1478
  46800.00     8.9757
  46810.00     9.1733
  46820.00     9.1824
  46830.00     9.5100
  46840.00     9.3335
  46850.00     9.6830
  46860.00     8.7177
  46870.00     8.5816
  46880.00     8.9052
  46890.00     8.6987
  46900.00     8.6326
  46910.00     8.9482
  46920.00     9.4818
  46930.00     9.4213
  46940.00     8.9861
  46950.00     9.1955
  46960.00     9.2875
  46970.00     9.1615
  46980.00     9.3303
  46990.00     9.1525
  47000.00     9.1405
  47010.00     8.9776
  47020.00     8.9484
  47030.00     9.4858
  47040.00     9.3573
  47050.00     9.1214
  47060.00     9.5639
  47070.00     8.8192
  47080.00     9.1640
  47090.00     9.0941
  47100.00     9.0566
  47110.00     9.0739
  47120.00     9.1408
  47130.00     9.0015
  47140.00     8.9044
  47150.00     9.0806
  47160.00     9.2482
  47170.00     9.1043
  47180.00     9.1227
  47190.00     9.4105
  47200.00     9.1189
  47210.00     8.9473
  47220.00     9.3433
  47230.00     9.2401
  47240.00     9.2665
  47250.00     8.9583
  47260.00     8.8963
  47270.00     9.3386
  47280.00     9.1044
  47290.00     9.0597
  47300.00     9.0235
  47310.00     9.3520
  47320.00     9.1264
  47330.00     8.8637
  47340.00     8.9417
  47350.00     8.6756
  47360.00     8.9715
  47370.00     9.0017
  47380.00     9.0422
  47390.00     9.2377
  47400.00     9.2206
  47410.00     9.0323
  47420.00     8.8281
  47430.00     8.7937
  47440.00     9.5605
  47450.00     9.6319
  47460.00     8.9272
  47470.00     9.3052
  47480.00     9.0308
  47490.00     8.8111
  47500.00     9.3463
  47510.00     9.0297
  47520.00     9.5510
  47530.00     8.7274
  47540.00     9.2123
  47550.00     9.4917
  47560.00     9.4403
  47570.00     9.2237
  47580.00     9.2254
  47590.00     9.0988
  47600.00     8.8877
  47610.00     9.2000
  47620.00     9.2076
  47630.00     9.1319
  47640.00     9.2684
  47650.00     8.7533
  47660.00     8.6915
  47670.00     8.9683
  47680.00     8.7903
  47690.00     8.9868
  47700.00     9.4481
  47710.00     8.9170
  47720.00     9.1815
  47730.00     9.0646
  47740.00     9.0599
  47750.00     9.1936
  47760.00     9.0336
  47770.00     9.9122
  47780.00     9.1773
  47790.00     8.9456
  47800.00     9.0248
  47810.00     8.7662
  47820.00     8.9115
  47830.00     8.9646
  47840.00     8.8568
  47850.00     9.2091
  47860.00     8.8223
  47870.00     8.6159
  47880.00     9.5270
  47890.00     8.4654
  47900.00     9.0845
  47910.00     9.3221
  47920.00     8.8643
  47930.00     9.2894
  47940.00     9.1021
  47950.00     9.5854
  47960.00     9.3909
  47970.00     8.9531
  47980.00     8.5869
  47990.00     9.3141
  48000.00     8.8425
  48010.00     8.9862
  48020.00     9.4818
  48030.00     9.7170
  48040.00     8.9673
  48050.00     9.2604
  48060.00     8.9707
  48070.00     8.8999
  48080.00     9.2882
  48090.00     9.1414
  48100.00     9.4206
  48110.00     8.6186
  48120.00     9.1443
  48130.00     9.0558
  48140.00     9.4473
  48150.00     8.4603
  48160.00     8.7354
  48170.00     9.6342
  48180.00     9.2284
  48190.00     9.1648
  48200.00     9.1050
  48210.00     9.3327
  48220.00     8.5817
  48230.00     9.2208
  48240.00     9.2999
  48250.00     8.4418
  48260.00     8.7496
  48270.00     8.7815
  48280.00     9.3325
  48290.00     9.2485
  48300.00     9.0046
  48310.00     9.2375
  48320.00     9.4690
  48330.00     9.1874
  48340.00     9.1703
  48350.00     8.8839
  48360.00     9.0788
  48370.00     9.0758
  48380.00     8.9669
  48390.00     8.8345
  48400.00     8.8470
  48410.00     8.4271
  48420.00     9.3231
  48430.00     8.7587
  48440.00     9.0783
  48450.00     8.6259
  48460.00     8.7726
  48470.00     9.1672
  48480.00     9.2518
  48490.00     9.4244
  48500.00     8.7350
  48510.00     9.0916
  48520.00     9.3837
  48530.00     9.2538
  48540.00     8.9058
  48550.00     9.2746
  48560.00     8.8701
  48570.00     9.5634
  48580.00     8.7517
  48590.00     9.3890
  48600.00     9.2840
  48610.00     9.1094
  48620.00     8.8134
  48630.00     9.1946
  48640.00     9.4407
  48650.00     8.2680
  48660.00     8.7314
  48670.00     8.8558
  48680.00     8.7060
  48690.00     9.2247
  48700.00     9.1659
  48710.00     8.7269
  48720.00     8.9779
  48730.00     9.2090
  48740.00     9.3912
  48750.00     9.4868
  48760.00     9.3668
  48770.00     8.8231
  48780.00     9.7109
  48790.00     9.0249
  48800.00     8.9914
  48810.00     9.4777
  48820.00     8.9503
  48830.00     9.1276
  48840.00     9.5230
  48850.00     8.9071
  48860.00     9.4564
  48870.00     8.5739
  48880.00     9.3964
  48890.00     9.2886
  48900.00     8.8848
  48910.00     8.7709
  48920.00     8.8322
  48930.00     9.3744
  48940.00     9.2061
  48950.00     9.1826
  48960.00     9.2537
  48970.00     8.9339
  48980.00     8.4146
  48990.00     8.7058
  49000.00     8.6596
  49010.00     8.6017
  49020.00     9.6025
  49030.00     9.1578
  49040.00     9.2456
  49050.00     9.3319
  49060.00     8.8559
  49070.00     8.7428
  49080.00     9.2048
  49090.00     8.7683
  49100.00     8.8025
  49110.00     8.7245
  49120.00     8.9950
  49130.00     9.4020
  49140.00     9.3802
  49150.00     8.8984
  49160.00     9.2234
  49170.00     8.5548
  49180.00     9.4139
  49190.00     9.6964
  49200.00     9.8764
  49210.00     9.2182
  49220.00     9.0561
  49230.00     8.9576
  49240.00     8.9558
  49250.00     8.9170
  49260.00     8.7997
  49270.00     9.4147
  49280.00     9.4730
  49290.00     8.9631
  49300.00     9.2460
  49310.00     9.0431
  49320.00     9.6649
  49330.00     8.8764
  49340.00     9.3602
  49350.00     9.0767
  49360.00     8.6523
  49370.00     8.9488
  49380.00     9.3201
  49390.00     9.4973
  49400.00     9.0546
  49410.00     9.1307
  49420.00     9.3789
  49430.00     9.2307
  49440.00     9.1311
  49450.00     8.8397
  49460.00     9.0052
  49470.00     9.1397
  49480.00     9.2328
  49490.00     9.4352
  49500.00     9.1018
  49510.00     9.3917
  49520.00     8.9470
  49530.00     8.7213
  49540.00     9.2940
  49550.00     9.2913
  49560.00     9.1318
  49570.00     9.5567
  49580.00     9.6899
  49590.00     8.9948
  49600.00     9.2753
  49610.00     9.2409
  49620.00     9.0180
  49630.00     9.0584
  49640.00     8.7438
  49650.00     8.9921
  49660.00     9.0482
  49670.00     9.1424
  49680.00     9.4577
  49690.00     8.6638
  49700.00     9.0722
  49710.00     9.1119
  49720.00     9.1848
  49730.00     9.1418
  49740.00     9.2043
  49750.00     9.1780
  49760.00     9.3023
  49770.00     8.4336
  49780.00     9.1946
  49790.00     9.0132
  49800.00     9.3169
  49810.00     9.0116
  49820.00     9.2267
  49830.00     9.0388
  49840.00     9.2908
  49850.00     9.3078
  49860.00     8.9962
  49870.00     9.2010
  49880.00     9.4419
  49890.00     8.9681
  49900.00     9.2212
  49910.00     9.2672
  49920.00     9.3561
  49930.00     9.5414
  49940.00     9.0446
  49950.00     9.2929
  49960.00     8.9542
  49970.00     9.1370
  49980.00     9.3257
  49990.00     8.9980
  50000.00     8.7324
