     10.00   -33.8927
     20.00   -34.0520
     30.00   -33.8590
     40.00   -34.3976
     50.00   -33.8975
     60.00   -34.4184
     70.00   -34.0596
     80.00   -34.0962
     90.00   -33.8177
    100.00   -34.3802
    110.00   -34.3439
    120.00   -34.1639
    130.00   -33.8304
    140.00   -33.4322
    150.00   -33.8188
    160.00   -34.3138
    170.00   -33.5034
    180.00   -33.5056
    190.00   -34.0420
    200.00   -34.1598
    210.00   -33.9324
    220.00   -33.4619
    230.00   -34.0214
    240.00   -34.1666
    250.00   -34.4894
    260.00   -34.4644
    270.00   -34.1927
    280.00   -34.1307
    290.00   -34.3108
    300.00   -33.8635
    310.00   -33.6965
    320.00   -34.1012
    330.00   -33.9157
    340.00   -34.0371
    350.00   -34.0434
    360.00   -34.0373
    370.00   -33.8502
    380.00   -34.0067
    390.00   -33.9601
    400.00   -33.7294
    410.00   -34.1805
    420.00   -33.9254
    430.00   -33.8758
    440.00   -34.0874
    450.00   -34.1976
    460.00   -33.9403
    470.00   -34.0245
    480.00   -33.9134
    490.00   -34.3391
    500.00   -33.8462
    510.00   -33.8531
    520.00   -33.5371
    530.00   -34.1070
    540.00   -34.0239
    550.00   -34.3400
    560.00   -33.8135
    570.00   -34.0576
    580.00   -34.1910
    590.00   -34.4839
    600.00   -33.9409
    610.00   -34.3740
    620.00   -33.6488
    630.00   -34.1924
    640.00   -33.8059
    650.00   -34.6802
    660.00   -34.2531
    670.00   -34.2621
    680.00   -33.8142
    690.00   -34.1414
    700.00   -33.7392
    710.00   -33.6943
    720.00   -33.7896
    730.00   -33.8802
    740.00   -33.9141
    750.00   -33.6051
    760.00   -34.3145
    770.00   -33.5000
    780.00   -34.0659
    790.00   -33.6111
    800.00   -33.8205
    810.00   -34.1032
    820.00   -34.0151
    830.00   -34.0430
    840.00   -33.6136
    850.00   -34.2607
    860.00   -34.0246
    870.00   -33.9528
    880.00   -33.9094
    890.00   -34.2652
    900.00   -34.1398
    910.00   -33.8494
    920.00   -34.0684
    930.00   -34.0842
    940.00   -33.5934
    950.00   -33.8915
    960.00   -33.4874
    970.00   -33.7650
    980.00   -33.9180
    990.00   -34.0872
   1000.00   -34.1091
   1010.00   -33.9733
   1020.00   -34.0979
   1030.00   -34.0416
   1040.00   -33.8122
   1050.00   -34.4370
   1060.00   -33.7695
   1070.00   -34.2460
   1080.00   -34.2481
   1090.00   -34.6168
   1100.00   -34.5140
   1110.00   -34.2475
   1120.00   -34.5133
   1130.00   -33.5784
   1140.00   -33.9450
   1150.00   -33.7819
   1160.00   -33.8766
   1170.00   -34.1379
   1180.00   -34.1683
   1190.00   -33.9160
   1200.00   -33.7214
   1210.00   -33.8387
   1220.00   -33.9763
   1230.00   -33.9223
   1240.00   -33.9585
   1250.00   -34.2937
   1260.00   -33.6788
   1270.00   -34.1159
   1280.00   -33.8197
   1290.00   -33.9730
   1300.00   -34.2483
   1310.00   -34.2044
   1320.00   -34.3771
   1330.00   -33.9735
   1340.00   -33.4338
   1350.00   -34.1954
   1360.00   -34.0595
   1370.00   -34.1323
   1380.00   -34.0265
   1390.00   -34.2005
   1400.00   -34.3947
   1410.00   -34.2528
   1420.00   -34.0393
   1430.00   -34.1294
   1440.00   -34.2263
   1450.00   -33.8291
   1460.00   -34.0201
   1470.00   -33.6196
   1480.00   -33.9848
   1490.00   -33.7645
   1500.00   -33.8042
   1510.00   -33.6774
   1520.00   -34.2701
   1530.00   -34.0052
   1540.00   -33.7178
   1550.00   -33.6329
   1560.00   -34.0990
   1570.00   -33.1742
   1580.00   -33.5300
   1590.00   -33.8416
   1600.00   -33.8626
   1610.00   -33.9462
   1620.00   -33.8970
   1630.00   -33.8878
   1640.00   -34.4407
   1650.00   -34.0476
   1660.00   -34.0589
   1670.00   -34.3127
   1680.00   -34.3254
   1690.00   -33.7827
   1700.00   -34.1141
   1710.00   -33.5559
   1720.00   -34.4522
   1730.00   -33.9695
   1740.00   -33.5583
   1750.00   -34.2609
   1760.00   -33.8240
   1770.00   -33.7895
   1780.00   -34.4353
   1790.00   -34.0813
   1800.00   -33.8446
   1810.00   -33.7340
   1820.00   -33.8203
   1830.00   -33.9423
   1840.00   -34.4681
   1850.00   -33.9100
   1860.00   -34.1050
   1870.00   -34.1382
   1880.00   -33.6501
   1890.00   -33.9120
   1900.00   -33.8831
   1910.00   -33.7117
   1920.00   -33.7244
   1930.00   -34.3634
   1940.00   -34.1738
   1950.00   -33.6583
   1960.00   -33.6206
   1970.00   -33.6521
   1980.00   -33.8278
   1990.00   -34.1396
   2000.00   -33.8597
   2010.00   -34.0610
   2020.00   -33.7812
   2030.00   -34.0219
   2040.00   -33.6502
   2050.00   -34.1162
   2060.00   -34.0594
   2070.00   -33.9457
   2080.00   -33.8903
   2090.00   -34.4689
   2100.00   -33.9104
   2110.00   -33.6625
   2120.00   -33.9464
   2130.00   -33.6543
   2140.00   -33.9367
   2150.00   -34.1514
   2160.00   -34.0780
   2170.00   -34.3048
   2180.00   -33.7494
   2190.00   -34.2246
   2200.00   -33.9019
   2210.00   -33.9485
   2220.00   -34.3066
   2230.00   -34.3640
   2240.00   -34.0916
   2250.00   -33.6749
   2260.00   -33.8494
   2270.00   -34.3058
   2280.00   -33.7434
   2290.00   -34.0911
   2300.00   -33.7267
   2310.00   -33.8131
   2320.00   -33.8172
   2330.00   -34.3991
   2340.00   -34.4728
   2350.00   -33.9659
   2360.00   -34.1244
   2370.00   -34.2275
   2380.00   -34.1793
   2390.00   -34.0537
   2400.00   -34.3401
   2410.00   -33.6064
   2420.00   -34.1016
   2430.00   -33.6485
   2440.00   -34.2677
   2450.00   -34.4233
   2460.00   -34.6419
   2470.00   -33.8444
   2480.00   -34.0997
   2490.00   -34.1027
   2500.00   -33.9071
   2510.00   -33.9920
   2520.00   -34.1175
   2530.00   -33.6739
   2540.00   -34.3151
   2550.00   -33.8850
   2560.00   -34.1227
   2570.00   -34.3760
   2580.00   -33.9106
   2590.00   -33.8113
   2600.00   -33.8589
   2610.00   -33.9570
   2620.00   -33.6735
   2630.00   -34.0615
   2640.00   -34.3522
   2650.00   -33.8819
   2660.00   -34.1142
   2670.00   -33.8999
   2680.00   -33.9827
   2690.00   -33.5343
   2700.00   -33.7581
   2710.00   -34.1389
   2720.00   -34.3172
   2730.00   -33.6543
   2740.00   -34.2433
   2750.00   -34.1990
   2760.00   -34.1204
   2770.00   -34.3163
   2780.00   -33.8866
   2790.00   -33.6356
   2800.00   -33.4496
   2810.00   -33.6343
   2820.00   -33.6331
   2830.00   -34.3828
   2840.00   -33.9164
   2850.00   -33.6170
   2860.00   -33.9095
   2870.00   -33.8233
   2880.00   -33.8113
   2890.00   -33.5868
   2900.00   -34.0954
   2910.00   -33.7449
   2920.00   -34.3807
   2930.00   -33.5863
   2940.00   -33.6430
   2950.00   -34.3010
   2960.00   -33.5969
   2970.00   -34.1031
   2980.00   -33.6352
   2990.00   -33.9926
   3000.00   -33.8274
   3010.00   -33.7786
   3020.00   -33.9329
   3030.00   -33.8852
   3040.00   -34.1646
   3050.00   -33.9397
   3060.00   -33.7639
   3070.00   -33.4630
   3080.00   -34.1624
   3090.00   -33.9958
   3100.00   -34.0765
   3110.00   -34.2330
   3120.00   -33.7544
   3130.00   -33.9294
   3140.00   -34.0974
   3150.00   -33.7999
   3160.00   -33.3224
   3170.00   -33.8010
   3180.00   -33.7251
   3190.00   -34.2383
   3200.00   -34.0614
   3210.00   -33.8650
   3220.00   -33.9312
   3230.00   -33.7079
   3240.00   -34.1618
   3250.00   -33.8646
   3260.00   -34.3158
   3270.00   -33.8430
   3280.00   -34.1237
   3290.00   -34.2883
   3300.00   -33.9653
   3310.00   -33.8509
   3320.00   -33.5611
   3330.00   -34.1979
   3340.00   -33.9900
   3350.00   -33.7735
   3360.00   -33.5102
   3370.00   -33.8701
   3380.00   -34.3372
   3390.00   -33.7126
   3400.00   -33.7379
   3410.00   -33.6671
   3420.00   -33.6345
   3430.00   -34.0837
   3440.00   -33.9924
   3450.00   -34.2195
   3460.00   -34.8260
   3470.00   -34.0703
   3480.00   -34.7891
   3490.00   -34.0102
   3500.00   -33.9950
   3510.00   -34.0479
   3520.00   -33.9688
   3530.00   -33.8657
   3540.00   -34.4190
   3550.00   -34.2297
   3560.00   -34.3491
   3570.00   -34.2567
   3580.00   -33.9337
   3590.00   -34.1387
   3600.00   -34.0094
   3610.00   -34.0633
   3620.00   -34.1961
   3630.00   -34.0334
   3640.00   -34.4799
   3650.00   -33.5761
   3660.00   -33.8147
   3670.00   -34.1104
   3680.00   -33.8656
   3690.00   -33.6133
   3700.00   -34.1263
   3710.00   -34.0736
   3720.00   -34.0903
   3730.00   -34.2429
   3740.00   -33.9352
   3750.00   -34.0636
   3760.00   -34.1202
   3770.00   -34.2307
   3780.00   -33.5695
   3790.00   -33.9267
   3800.00   -34.3080
   3810.00   -34.0396
   3820.00   -33.7467
   3830.00   -33.9725
   3840.00   -33.9502
   3850.00   -33.9312
   3860.00   -33.8434
   3870.00   -33.9490
   3880.00   -33.8476
   3890.00   -34.1367
   3900.00   -34.0730
   3910.00   -34.2362
   3920.00   -33.9409
   3930.00   -34.0284
   3940.00   -33.8379
   3950.00   -34.2134
   3960.00   -34.1525
   3970.00   -33.9611
   3980.00   -34.1703
   3990.00   -34.2136
   4000.00   -33.9709
   4010.00   -33.8415
   4020.00   -33.2554
   4030.00   -34.0515
   4040.00   -33.9527
   4050.00   -34.5594
   4060.00   -33.9391
   4070.00   -34.2185
   4080.00   -33.9576
   4090.00   -33.8002
   4100.00   -33.5672
   4110.00   -34.4015
   4120.00   -34.4519
   4130.00   -34.0732
   4140.00   -34.5626
   4150.00   -33.8141
   4160.00   -33.9532
   4170.00   -33.9868
   4180.00   -33.4667
   4190.00   -34.4008
   4200.00   -33.9010
   4210.00   -34.0986
   4220.00   -34.0501
   4230.00   -33.9337
   4240.00   -33.4376
   4250.00   -34.1520
   4260.00   -33.9577
   4270.00   -34.0929
   4280.00   -33.9479
   4290.00   -34.3049
   4300.00   -33.7909
   4310.00   -33.6584
   4320.00   -34.1198
   4330.00   -33.9331
   4340.00   -33.6150
   4350.00   -34.3840
   4360.00   -34.1287
   4370.00   -34.0154
   4380.00   -34.3167
   4390.00   -33.7040
   4400.00   -33.2585
   4410.00   -33.7980
   4420.00   -33.5773
   4430.00   -34.1498
   4440.00   -33.6522
   4450.00   -34.5774
   4460.00   -34.0543
   4470.00   -33.9074
   4480.00   -33.8191
   4490.00   -34.0017
   4500.00   -34.2870
   4510.00   -33.7518
   4520.00   -33.7445
   4530.00   -34.2801
   4540.00   -33.8412
   4550.00   -33.7206
   4560.00   -34.4469
   4570.00   -33.9544
   4580.00   -33.3931
   4590.00   -34.2678
   4600.00   -34.1618
   4610.00   -34.2840
   4620.00   -33.9636
   4630.00   -33.9363
   4640.00   -33.9861
   4650.00   -33.8401
   4660.00   -34.1727
   4670.00   -34.4022
   4680.00   -34.0688
   4690.00   -34.0852
   4700.00   -33.8364
   4710.00   -33.7303
   4720.00   -33.8974
   4730.00   -33.9718
   4740.00   -33.5971
   4750.00   -33.8745
   4760.00   -34.4516
   4770.00   -34.1254
   4780.00   -34.3574
   4790.00   -33.9487
   4800.00   -33.9302
   4810.00   -33.8279
   4820.00   -34.2063
   4830.00   -34.0190
   4840.00   -34.1307
   4850.00   -34.0406
   4860.00   -33.7091
   4870.00   -33.9909
   4880.00   -33.5737
   4890.00   -33.8398
   4900.00   -33.7186
   4910.00   -33.8007
   4920.00   -34.0066
   4930.00   -33.8377
   4940.00   -33.3226
   4950.00   -33.8665
   4960.00   -33.7266
   4970.00   -33.8366
   4980.00   -34.2770
   4990.00   -33.5801
   5000.00   -33.7471
   5010.00   -33.9435
   5020.00   -33.7832
   5030.00   -33.8424
   5040.00   -33.9836
   5050.00   -34.1948
   5060.00   -34.1059
   5070.00   -33.5236
   5080.00   -34.7275
   5090.00   -33.6897
   5100.00   -33.8716
   5110.00   -34.2212
   5120.00   -34.2538
   5130.00   -33.5422
   5140.00   -33.7974
   5150.00   -33.8505
   5160.00   -33.2389
   5170.00   -34.0701
   5180.00   -33.7604
   5190.00   -33.9965
   5200.00   -33.5800
   5210.00   -33.7996
   5220.00   -33.3927
   5230.00   -34.0711
   5240.00   -34.0510
   5250.00   -34.1529
   5260.00   -34.0066
   5270.00   -34.0982
   5280.00   -33.9923
   5290.00   -34.1050
   5300.00   -33.6657
   5310.00   -33.9178
   5320.00   -34.4147
   5330.00   -33.9282
   5340.00   -33.8644
   5350.00   -34.2578
   5360.00   -34.3512
   5370.00   -34.2795
   5380.00   -33.8815
   5390.00   -34.3397
   5400.00   -34.2284
   5410.00   -33.6397
   5420.00   -34.4325
   5430.00   -34.2973
   5440.00   -33.8613
   5450.00   -34.0831
   5460.00   -33.3956
   5470.00   -33.8791
   5480.00   -33.7676
   5490.00   -34.2593
   5500.00   -34.5686
   5510.00   -34.0298
   5520.00   -34.0991
   5530.00   -34.2739
   5540.00   -34.2386
   5550.00   -34.5096
   5560.00   -34.0742
   5570.00   -33.7405
   5580.00   -34.1649
   5590.00   -33.7739
   5600.00   -34.0372
   5610.00   -33.6206
   5620.00   -34.0350
   5630.00   -33.8667
   5640.00   -34.0320
   5650.00   -33.9559
   5660.00   -34.1421
   5670.00   -34.1044
   5680.00   -34.3119
   5690.00   -33.9460
   5700.00   -34.3853
   5710.00   -34.1378
   5720.00   -33.7194
   5730.00   -33.8745
   5740.00   -33.7191
   5750.00   -33.8065
   5760.00   -34.4988
   5770.00   -34.5483
   5780.00   -34.1690
   5790.00   -33.9034
   5800.00   -33.9414
   5810.00   -33.9026
   5820.00   -33.7529
   5830.00   -33.9242
   5840.00   -33.5738
   5850.00   -33.8228
   5860.00   -34.6966
   5870.00   -33.4122
   5880.00   -33.3733
   5890.00   -33.7777
   5900.00   -34.1064
   5910.00   -33.8459
   5920.00   -34.1401
   5930.00   -33.7068
   5940.00   -34.0938
   5950.00   -34.0788
   5960.00   -34.0178
   5970.00   -33.9988
   5980.00   -33.7172
   5990.00   -34.6521
   6000.00   -33.0920
   6010.00   -34.4072
   6020.00   -34.1147
   6030.00   -33.9722
   6040.00   -33.6832
   6050.00   -34.0877
   6060.00   -34.1313
   6070.00   -33.6585
   6080.00   -34.3224
   6090.00   -34.0698
   6100.00   -33.6842
   6110.00   -34.2181
   6120.00   -33.8097
   6130.00   -34.3328
   6140.00   -33.3569
   6150.00   -33.2166
   6160.00   -34.3608
   6170.00   -33.5667
   6180.00   -34.1265
   6190.00   -34.3454
   6200.00   -34.0183
   6210.00   -34.4104
   6220.00   -33.8654
   6230.00   -33.5922
   6240.00   -33.4557
   6250.00   -33.3433
   6260.00   -34.1209
   6270.00   -34.2330
   6280.00   -34.3831
   6290.00   -33.7323
   6300.00   -33.8046
   6310.00   -34.3174
   6320.00   -34.0765
   6330.00   -34.0554
   6340.00   -34.3454
   6350.00   -33.7050
   6360.00   -34.2516
   6370.00   -33.8372
   6380.00   -33.9693
   6390.00   -34.3238
   6400.00   -33.6519
   6410.00   -33.6764
   6420.00   -33.8131
   6430.00   -33.9227
   6440.00   -34.3865
   6450.00   -33.4240
   6460.00   -33.4879
   6470.00   -34.4270
   6480.00   -33.1832
   6490.00   -33.8635
   6500.00   -33.8792
   6510.00   -33.3711
   6520.00   -33.7062
   6530.00   -33.4982
   6540.00   -33.8456
   6550.00   -33.7900
   6560.00   -34.2544
   6570.00   -34.0883
   6580.00   -34.0782
   6590.00   -33.7094
   6600.00   -33.9368
   6610.00   -33.9411
   6620.00   -33.5657
   6630.00   -33.8469
   6640.00   -34.5045
   6650.00   -34.3713
   6660.00   -33.6789
   6670.00   -34.0338
   6680.00   -34.2898
   6690.00   -34.0059
   6700.00   -34.1976
   6710.00   -34.2241
   6720.00   -33.9144
   6730.00   -33.9207
   6740.00   -34.6312
   6750.00   -34.2951
   6760.00   -33.8241
   6770.00   -33.9884
   6780.00   -34.2705
   6790.00   -34.2349
   6800.00   -33.5414
   6810.00   -34.0707
   6820.00   -33.8549
   6830.00   -34.1730
   6840.00   -33.8392
   6850.00   -33.8492
   6860.00   -33.9512
   6870.00   -34.1440
   6880.00   -34.1316
   6890.00   -34.1191
   6900.00   -33.7154
   6910.00   -34.5133
   6920.00   -34.3740
   6930.00   -34.1846
   6940.00   -33.5601
   6950.00   -33.9554
   6960.00   -34.0877
   6970.00   -34.3646
   6980.00   -33.7255
   6990.00   -34.0426
   7000.00   -34.0172
   7010.00   -33.6463
   7020.00   -34.2828
   7030.00   -33.8279
   7040.00   -34.1897
   7050.00   -34.3032
   7060.00   -34.0598
   7070.00   -33.5680
   7080.00   -33.6685
   7090.00   -34.3861
   7100.00   -34.2940
   7110.00   -34.0340
   7120.00   -34.2311
   7130.00   -33.6158
   7140.00   -33.6855
   7150.00   -34.0649
   7160.00   -33.8559
   7170.00   -33.9465
   7180.00   -34.0339
   7190.00   -33.4153
   7200.00   -34.1548
   7210.00   -33.6387
   7220.00   -33.5675
   7230.00   -34.3170
   7240.00   -33.9902
   7250.00   -34.1442
   7260.00   -33.4850
   7270.00   -34.2279
   7280.00   -34.2198
   7290.00   -33.8897
   7300.00   -33.9493
   7310.00   -34.0249
   7320.00   -34.3547
   7330.00   -34.0468
   7340.00   -34.3690
   7350.00   -34.0628
   7360.00   -34.0803
   7370.00   -33.8514
   7380.00   -33.6115
   7390.00   -33.8344
   7400.00   -33.5323
   7410.00   -34.1909
   7420.00   -34.4286
   7430.00   -33.7449
   7440.00   -33.7031
   7450.00   -33.6315
   7460.00   -34.2544
   7470.00   -33.7539
   7480.00   -34.5449
   7490.00   -33.4950
   7500.00   -33.9256
   7510.00   -33.7965
   7520.00   -33.4857
   7530.00   -34.1811
   7540.00   -33.9051
   7550.00   -34.0450
   7560.00   -33.6109
   7570.00   -33.9360
   7580.00   -33.8269
   7590.00   -33.9911
   7600.00   -34.7155
   7610.00   -33.7398
   7620.00   -34.0261
   7630.00   -34.2615
   7640.00   -34.0214
   7650.00   -34.2787
   7660.00   -34.3831
   7670.00   -34.0030
   7680.00   -34.0079
   7690.00   -34.0276
   7700.00   -34.0786
   7710.00   -33.7812
   7720.00   -33.4124
   7730.00   -34.3258
   7740.00   -33.9821
   7750.00   -34.0857
   7760.00   -33.8424
   7770.00   -34.0869
   7780.00   -34.0640
   7790.00   -34.3457
   7800.00   -33.7643
   7810.00   -34.5167
   7820.00   -34.1290
   7830.00   -34.0689
   7840.00   -33.8988
   7850.00   -33.9901
   7860.00   -34.1454
   7870.00   -34.1900
   7880.00   -33.7200
   7890.00   -34.0758
   7900.00   -34.3249
   7910.00   -33.8453
   7920.00   -34.0533
   7930.00   -34.0298
   7940.00   -34.0062
   7950.00   -33.6437
   7960.00   -34.0133
   7970.00   -33.8740
   7980.00   -33.8305
   7990.00   -34.0578
   8000.00   -34.3418
   8010.00   -34.3091
   8020.00   -34.0406
   8030.00   -33.6663
   8040.00   -33.4392
   8050.00   -33.9012
   8060.00   -34.1257
   8070.00   -34.0560
   8080.00   -34.0777
   8090.00   -33.9791
   8100.00   -34.2099
   8110.00   -33.6627
   8120.00   -34.2212
   8130.00   -34.0728
   8140.00   -33.8941
   8150.00   -33.5557
   8160.00   -33.9364
   8170.00   -34.1987
   8180.00   -34.3125
   8190.00   -34.0212
   8200.00   -34.0584
   8210.00   -33.3594
   8220.00   -34.5473
   8230.00   -34.2844
   8240.00   -33.9595
   8250.00   -33.8727
   8260.00   -34.0978
   8270.00   -34.0125
   8280.00   -34.1284
   8290.00   -33.6094
   8300.00   -34.3970
   8310.00   -33.3624
   8320.00   -33.9636
   8330.00   -34.0811
   8340.00   -33.8875
   8350.00   -33.8197
   8360.00   -33.7454
   8370.00   -34.0237
   8380.00   -34.0589
   8390.00   -33.8626
   8400.00   -33.6216
   8410.00   -34.1604
   8420.00   -33.7337
   8430.00   -33.6852
   8440.00   -34.1539
   8450.00   -34.0372
   8460.00   -34.1356
   8470.00   -34.5657
   8480.00   -34.5504
   8490.00   -33.9382
   8500.00   -34.2645
   8510.00   -33.9949
   8520.00   -33.7554
   8530.00   -33.9681
   8540.00   -33.2507
   8550.00   -34.1705
   8560.00   -33.8242
   8570.00   -33.9862
   8580.00   -34.1657
   8590.00   -34.3882
   8600.00   -34.0474
   8610.00   -33.8284
   8620.00   -33.6997
   8630.00   -33.7443
   8640.00   -33.8424
   8650.00   -34.4035
   8660.00   -33.8542
   8670.00   -33.9326
   8680.00   -34.4504
   8690.00   -33.8381
   8700.00   -33.9002
   8710.00   -33.8495
   8720.00   -33.6910
   8730.00   -34.8595
   8740.00   -33.9028
   8750.00   -33.9007
   8760.00   -33.8390
   8770.00   -34.1332
   8780.00   -33.9041
   8790.00   -33.9049
   8800.00   -34.4248
   8810.00   -33.8467
   8820.00   -34.2485
   8830.00   -34.2196
   8840.00   -34.6422
   8850.00   -33.8253
   8860.00   -33.9099
   8870.00   -33.6176
   8880.00   -33.7163
   8890.00   -33.4878
   8900.00   -34.0115
   8910.00   -33.7761
   8920.00   -33.5390
   8930.00   -33.9240
   8940.00   -34.1086
   8950.00   -34.0782
   8960.00   -34.0816
   8970.00   -33.5616
   8980.00   -33.8440
   8990.00   -34.1521
   9000.00   -34.2553
   9010.00   -33.6270
   9020.00   -34.0654
   9030.00   -33.7174
   9040.00   -34.4079
   9050.00   -34.3293
   9060.00   -34.3508
   9070.00   -34.4308
   9080.00   -34.1761
   9090.00   -33.4310
   9100.00   -33.8272
   9110.00   -33.6138
   9120.00   -34.5431
   9130.00   -34.4341
   9140.00   -33.9238
   9150.00   -34.0774
   9160.00   -34.2138
   9170.00   -34.0151
   9180.00   -33.8426
   9190.00   -33.6966
   9200.00   -33.9009
   9210.00   -33.2397
   9220.00   -34.1824
   9230.00   -34.3215
   9240.00   -33.3920
   9250.00   -34.2316
   9260.00   -34.1050
   9270.00   -33.7596
   9280.00   -33.8217
   9290.00   -33.8957
   9300.00   -34.2896
   9310.00   -34.2084
   9320.00   -33.7296
   9330.00   -34.1508
   9340.00   -33.8343
   9350.00   -33.7990
   9360.00   -34.2550
   9370.00   -33.7655
   9380.00   -34.4320
   9390.00   -33.6186
   9400.00   -34.1542
   9410.00   -33.8532
   9420.00   -33.9096
   9430.00   -34.3006
   9440.00   -34.3341
   9450.00   -33.8921
   9460.00   -34.7219
   9470.00   -33.9464
   9480.00   -34.3219
   9490.00   -33.8845
   9500.00   -34.2821
   9510.00   -33.7083
   9520.00   -33.9445
   9530.00   -33.5486
   9540.00   -34.2448
   9550.00   -34.0316
   9560.00   -34.5580
   9570.00   -33.9782
   9580.00   -34.2638
   9590.00   -34.1463
   9600.00   -33.6329
   9610.00   -33.7442
   9620.00   -33.6964
   9630.00   -33.8325
   9640.00   -34.0425
   9650.00   -34.3626
   9660.00   -33.9778
   9670.00   -33.7732
   9680.00   -34.1397
   9690.00   -34.2487
   9700.00   -33.7961
   9710.00   -33.5183
   9720.00   -33.8099
   9730.00   -33.7210
   9740.00   -33.6891
   9750.00   -33.9088
   9760.00   -33.9053
   9770.00   -34.0236
   9780.00   -33.9999
   9790.00   -34.0583
   9800.00   -33.9939
   9810.00   -34.1241
   9820.00   -33.3447
   9830.00   -33.7335
   9840.00   -33.7878
   9850.00   -33.9479
   9860.00   -33.3401
   9870.00   -34.1615
   9880.00   -34.4211
   9890.00   -34.0933
   9900.00   -33.7474
   9910.00   -34.3245
   9920.00   -34.0744
   9930.00   -33.6880
   9940.00   -33.7256
   9950.00   -33.8215
   9960.00   -33.9590
   9970.00   -34.0196
   9980.00   -34.1871
   9990.00   -33.5587
  10000.00   -34.4067
  10010.00   -33.6027
  10020.00   -34.3188
  10030.00   -33.8438
  10040.00   -34.2352
  10050.00   -34.0370
  10060.00   -34.0733
  10070.00   -33.8168
  10080.00   -33.6749
  10090.00   -33.3614
  10100.00   -33.8965
  10110.00   -34.1446
  10120.00   -33.8829
  10130.00   -33.8508
  10140.00   -34.1179
  10150.00   -34.0384
  10160.00   -33.4863
  10170.00   -33.5720
  10180.00   -34.1318
  10190.00   -34.1270
  10200.00   -33.9561
  10210.00   -33.5125
  10220.00   -33.8247
  10230.00   -33.8343
  10240.00   -33.7141
  10250.00   -33.4572
  10260.00   -34.1517
  10270.00   -33.9662
  10280.00   -33.8942
  10290.00   -34.1899
  10300.00   -33.6840
  10310.00   -34.0285
  10320.00   -33.8912
  10330.00   -34.1163
  10340.00   -33.9849
  10350.00   -33.7597
  10360.00   -33.5942
  10370.00   -33.5930
  10380.00   -33.9794
  10390.00   -33.4280
  10400.00   -33.4444
  10410.00   -33.7217
  10420.00   -33.9463
  10430.00   -33.5928
  10440.00   -33.4182
  10450.00   -34.1077
  10460.00   -34.1670
  10470.00   -33.9735
  10480.00   -33.2125
  10490.00   -34.2817
  10500.00   -34.9616
  10510.00   -33.4654
  10520.00   -33.9443
  10530.00   -33.6679
  10540.00   -33.6633
  10550.00   -34.0960
  10560.00   -33.8207
  10570.00   -34.2038
  10580.00   -34.0383
  10590.00   -34.4082
  10600.00   -34.1632
  10610.00   -33.9005
  10620.00   -33.9257
  10630.00   -34.6662
  10640.00   -34.0684
  10650.00   -34.3370
  10660.00   -33.9164
  10670.00   -33.7337
  10680.00   -34.0677
  10690.00   -34.4780
  10700.00   -34.0489
  10710.00   -34.0086
  10720.00   -34.1000
  10730.00   -33.7696
  10740.00   -33.9117
  10750.00   -34.1208
  10760.00   -33.9954
  10770.00   -33.7327
  10780.00   -34.1427
  10790.00   -34.1366
  10800.00   -33.6050
  10810.00   -34.0867
  10820.00   -34.0819
  10830.00   -33.9676
  10840.00   -34.2210
  10850.00   -33.7625
  10860.00   -33.9704
  10870.00   -34.0307
  10880.00   -34.3209
  10890.00   -33.6464
  10900.00   -34.0449
  10910.00   -34.1399
  10920.00   -33.7664
  10930.00   -34.0051
  10940.00   -34.2402
  10950.00   -33.4365
  10960.00   -34.6215
  10970.00   -33.9775
  10980.00   -34.0080
  10990.00   -33.9686
  11000.00   -33.7399
  11010.00   -33.6479
  11020.00   -34.2996
  11030.00   -34.1864
  11040.00   -34.5241
  11050.00   -33.9722
  11060.00   -33.9405
  11070.00   -33.7076
  11080.00   -33.6386
  11090.00   -33.8415
  11100.00   -33.8532
  11110.00   -34.6560
  11120.00   -34.3050
  11130.00   -33.9218
  11140.00   -33.7648
  11150.00   -33.6856
  11160.00   -34.6612
  11170.00   -34.3666
  11180.00   -33.8747
  11190.00   -33.9582
  11200.00   -34.2966
  11210.00   -33.8453
  11220.00   -33.8946
  11230.00   -34.5834
  11240.00   -33.7827
  11250.00   -34.2513
  11260.00   -33.7585
  11270.00   -33.7966
  11280.00   -33.8172
  11290.00   -34.0645
  11300.00   -34.2686
  11310.00   -33.3230
  11320.00   -33.7615
  11330.00   -33.7351
  11340.00   -34.2196
  11350.00   -34.0915
  11360.00   -34.0222
  11370.00   -34.1630
  11380.00   -33.9877
  11390.00   -34.0022
  11400.00   -33.7746
  11410.00   -34.0987
  11420.00   -33.9490
  11430.00   -33.8804
  11440.00   -34.2471
  11450.00   -34.2554
  11460.00   -33.7149
  11470.00   -34.2346
  11480.00   -34.7076
  11490.00   -34.1254
  11500.00   -33.7807
  11510.00   -33.7434
  11520.00   -33.7137
  11530.00   -33.8496
  11540.00   -33.8373
  11550.00   -34.0803
  11560.00   -33.6833
  11570.00   -34.1163
  11580.00   -34.6214
  11590.00   -33.7787
  11600.00   -33.6393
  11610.00   -33.8984
  11620.00   -34.0917
  11630.00   -33.6850
  11640.00   -33.9569
  11650.00   -34.3489
  11660.00   -34.2105
  11670.00   -34.3688
  11680.00   -33.8053
  11690.00   -33.8391
  11700.00   -34.3030
  11710.00   -33.2154
  11720.00   -34.0837
  11730.00   -33.4449
  11740.00   -33.6783
  11750.00   -33.5339
  11760.00   -34.0660
  11770.00   -33.1328
  11780.00   -34.0239
  11790.00   -34.1365
  11800.00   -35.2095
  11810.00   -34.0897
  11820.00   -33.8187
  11830.00   -33.8494
  11840.00   -33.6148
  11850.00   -34.0329
  11860.00   -34.3608
  11870.00   -34.4987
  11880.00   -34.3705
  11890.00   -33.8293
  11900.00   -33.8175
  11910.00   -33.7244
  11920.00   -33.9062
  11930.00   -33.8919
  11940.00   -34.4472
  11950.00   -34.0467
  11960.00   -33.8550
  11970.00   -34.5197
  11980.00   -34.6475
  11990.00   -33.8667
  12000.00   -34.2192
  12010.00   -33.6842
  12020.00   -34.2983
  12030.00   -34.3696
  12040.00   -33.8942
  12050.00   -33.9575
  12060.00   -34.4861
  12070.00   -34.1051
  12080.00   -34.0868
  12090.00   -33.9579
  12100.00   -34.2126
  12110.00   -33.8547
  12120.00   -34.0800
  12130.00   -34.3515
  12140.00   -33.9374
  12150.00   -33.8456
  12160.00   -34.1636
  12170.00   -33.3874
  12180.00   -33.9337
  12190.00   -33.7725
  12200.00   -33.7555
  12210.00   -33.8416
  12220.00   -34.3945
  12230.00   -33.7253
  12240.00   -34.1575
  12250.00   -34.0629
  12260.00   -34.1809
  12270.00   -33.8468
  12280.00   -34.3704
  12290.00   -34.3247
  12300.00   -34.4884
  12310.00   -33.7621
  12320.00   -34.0126
  12330.00   -33.5292
  12340.00   -33.9570
  12350.00   -33.9755
  12360.00   -34.4197
  12370.00   -33.9383
  12380.00   -33.6960
  12390.00   -34.0410
  12400.00   -33.9325
  12410.00   -34.3295
  12420.00   -33.9468
  12430.00   -33.9519
  12440.00   -34.3533
  12450.00   -33.8296
  12460.00   -33.8687
  12470.00   -34.4308
  12480.00   -33.4056
  12490.00   -33.7937
  12500.00   -33.7407
  12510.00   -33.9841
  12520.00   -34.0372
  12530.00   -33.7191
  12540.00   -34.3426
  12550.00   -33.7853
  12560.00   -33.7203
  12570.00   -34.2126
  12580.00   -34.3538
  12590.00   -33.7390
  12600.00   -33.8556
  12610.00   -33.7217
  12620.00   -34.1743
  12630.00   -34.0874
  12640.00   -33.9089
  12650.00   -33.8643
  12660.00   -33.5777
  12670.00   -34.0031
  12680.00   -34.4217
  12690.00   -34.1744
  12700.00   -33.5762
  12710.00   -34.3226
  12720.00   -34.0107
  12730.00   -34.1333
  12740.00   -34.7794
  12750.00   -33.2790
  12760.00   -33.6061
  12770.00   -33.9419
  12780.00   -34.2691
  12790.00   -33.7832
  12800.00   -33.9423
  12810.00   -33.5589
  12820.00   -34.1191
  12830.00   -34.0024
  12840.00   -33.7097
  12850.00   -33.8275
  12860.00   -33.8418
  12870.00   -33.9023
  12880.00   -34.1868
  12890.00   -34.5043
  12900.00   -34.7405
  12910.00   -33.9126
  12920.00   -33.6639
  12930.00   -33.9908
  12940.00   -34.0632
  12950.00   -34.3267
  12960.00   -33.8085
  12970.00   -33.8003
  12980.00   -34.1687
  12990.00   -34.1457
  13000.00   -34.1113
  13010.00   -34.2013
  13020.00   -33.6927
  13030.00   -33.6369
  13040.00   -33.9943
  13050.00   -34.1990
  13060.00   -33.9661
  13070.00   -33.8327
  13080.00   -33.6139
  13090.00   -34.3027
  13100.00   -34.1338
  13110.00   -34.3512
  13120.00   -33.6879
  13130.00   -33.9323
  13140.00   -34.0410
  13150.00   -33.8957
  13160.00   -34.0400
  13170.00   -34.1504
  13180.00   -34.0539
  13190.00   -33.8721
  13200.00   -33.9419
  13210.00   -33.7007
  13220.00   -34.0821
  13230.00   -34.1150
  13240.00   -34.4222
  13250.00   -34.1453
  13260.00   -34.2026
  13270.00   -34.0702
  13280.00   -34.1874
  13290.00   -34.1971
  13300.00   -34.1149
  13310.00   -34.0291
  13320.00   -33.9631
  13330.00   -34.0474
  13340.00   -33.8123
  13350.00   -33.4740
  13360.00   -33.5260
  13370.00   -33.5018
  13380.00   -34.2196
  13390.00   -33.5218
  13400.00   -33.8218
  13410.00   -33.5631
  13420.00   -33.0933
  13430.00   -34.0893
  13440.00   -33.9398
  13450.00   -34.3428
  13460.00   -34.0408
  13470.00   -33.7166
  13480.00   -33.7546
  13490.00   -34.0417
  13500.00   -34.2190
  13510.00   -33.9613
  13520.00   -34.0487
  13530.00   -34.0906
  13540.00   -34.4741
  13550.00   -33.9063
  13560.00   -34.0980
  13570.00   -34.5221
  13580.00   -33.6362
  13590.00   -34.1566
  13600.00   -33.8911
  13610.00   -34.1533
  13620.00   -33.5475
  13630.00   -33.9839
  13640.00   -33.9670
  13650.00   -33.7161
  13660.00   -33.8530
  13670.00   -33.6322
  13680.00   -34.0332
  13690.00   -33.8620
  13700.00   -33.7286
  13710.00   -34.0157
  13720.00   -33.9759
  13730.00   -33.5790
  13740.00   -33.6730
  13750.00   -33.9005
  13760.00   -33.8069
  13770.00   -33.9151
  13780.00   -33.7815
  13790.00   -33.8798
  13800.00   -33.7873
  13810.00   -33.5426
  13820.00   -34.0706
  13830.00   -34.1019
  13840.00   -34.2910
  13850.00   -33.9516
  13860.00   -33.9420
  13870.00   -33.9084
  13880.00   -34.1337
  13890.00   -33.5686
  13900.00   -33.9902
  13910.00   -34.0946
  13920.00   -33.8763
  13930.00   -34.2033
  13940.00   -34.1160
  13950.00   -34.6093
  13960.00   -34.0967
  13970.00   -34.3572
  13980.00   -34.1604
  13990.00   -33.7025
  14000.00   -33.7736
  14010.00   -34.1635
  14020.00   -34.0570
  14030.00   -33.8544
  14040.00   -34.1347
  14050.00   -33.6630
  14060.00   -33.6431
  14070.00   -34.2714
  14080.00   -33.8114
  14090.00   -33.8342
  14100.00   -34.0529
  14110.00   -33.7343
  14120.00   -33.9903
  14130.00   -34.0159
  14140.00   -34.2162
  14150.00   -33.4353
  14160.00   -34.0067
  14170.00   -33.9443
  14180.00   -33.8964
  14190.00   -33.9715
  14200.00   -34.6730
  14210.00   -34.1658
  14220.00   -34.1433
  14230.00   -33.7532
  14240.00   -33.8971
  14250.00   -33.4967
  14260.00   -34.0842
  14270.00   -34.0391
  14280.00   -33.5984
  14290.00   -34.2250
  14300.00   -33.6714
  14310.00   -34.1398
  14320.00   -33.5553
  14330.00   -33.7371
  14340.00   -34.5457
  14350.00   -34.0748
  14360.00   -33.5232
  14370.00   -34.0790
  14380.00   -33.9456
  14390.00   -34.2441
  14400.00   -34.3427
  14410.00   -33.9889
  14420.00   -33.4151
  14430.00   -34.9660
  14440.00   -33.9276
  14450.00   -33.8556
  14460.00   -34.0948
  14470.00   -33.5831
  14480.00   -34.4444
  14490.00   -33.9455
  14500.00   -34.1038
  14510.00   -34.0807
  14520.00   -33.9396
  14530.00   -33.6866
  14540.00   -34.0460
  14550.00   -34.5617
  14560.00   -33.8976
  14570.00   -33.9612
  14580.00   -33.7500
  14590.00   -33.9639
  14600.00   -33.8447
  14610.00   -34.1477
  14620.00   -33.9710
  14630.00   -34.1413
  14640.00   -34.0499
  14650.00   -34.0349
  14660.00   -34.2460
  14670.00   -34.2595
  14680.00   -34.2426
  14690.00   -33.8563
  14700.00   -34.2228
  14710.00   -33.7889
  14720.00   -34.4951
  14730.00   -33.7578
  14740.00   -34.3534
  14750.00   -33.9154
  14760.00   -34.2769
  14770.00   -33.7049
  14780.00   -33.9770
  14790.00   -34.1457
  14800.00   -33.9572
  14810.00   -33.9170
  14820.00   -33.7805
  14830.00   -34.5237
  14840.00   -34.2109
  14850.00   -33.7692
  14860.00   -33.5441
  14870.00   -33.9862
  14880.00   -34.0641
  14890.00   -34.1537
  14900.00   -33.1874
  14910.00   -34.3788
  14920.00   -33.9701
  14930.00   -33.2216
  14940.00   -33.7543
  14950.00   -33.8284
  14960.00   -34.1967
  14970.00   -33.9809
  14980.00   -34.2845
  14990.00   -34.0933
  15000.00   -33.6334
  15010.00   -33.8049
  15020.00   -33.7942
  15030.00   -34.1959
  15040.00   -33.6835
  15050.00   -34.1071
  15060.00   -34.2159
  15070.00   -33.9784
  15080.00   -33.7128
  15090.00   -33.9135
  15100.00   -33.9828
  15110.00   -33.9879
  15120.00   -33.6832
  15130.00   -34.1283
  15140.00   -33.6419
  15150.00   -34.1638
  15160.00   -33.9864
  15170.00   -33.7674
  15180.00   -33.8602
  15190.00   -34.2000
  15200.00   -34.0802
  15210.00   -33.5783
  15220.00   -33.9045
  15230.00   -34.2253
  15240.00   -34.2452
  15250.00   -34.1454
  15260.00   -33.4107
  15270.00   -34.0675
  15280.00   -33.7520
  15290.00   -33.9808
  15300.00   -33.8316
  15310.00   -33.7972
  15320.00   -34.5450
  15330.00   -34.1839
  15340.00   -33.9096
  15350.00   -34.3039
  15360.00   -34.4541
  15370.00   -33.9626
  15380.00   -33.9949
  15390.00   -34.0998
  15400.00   -33.3784
  15410.00   -33.8994
  15420.00   -34.3548
  15430.00   -33.6516
  15440.00   -34.1416
  15450.00   -34.3648
  15460.00   -33.6834
  15470.00   -34.0165
  15480.00   -33.7029
  15490.00   -33.5043
  15500.00   -34.0803
  15510.00   -34.2306
  15520.00   -33.6250
  15530.00   -33.8549
  15540.00   -34.0890
  15550.00   -34.5017
  15560.00   -33.7926
  15570.00   -34.0047
  15580.00   -33.5225
  15590.00   -33.5398
  15600.00   -33.5430
  15610.00   -34.0368
  15620.00   -33.6695
  15630.00   -34.1103
  15640.00   -33.7830
  15650.00   -34.1910
  15660.00   -33.2969
  15670.00   -33.8611
  15680.00   -34.4756
  15690.00   -34.4844
  15700.00   -33.3627
  15710.00   -33.9395
  15720.00   -33.9032
  15730.00   -33.8618
  15740.00   -34.1056
  15750.00   -34.3138
  15760.00   -33.8427
  15770.00   -34.3359
  15780.00   -33.7169
  15790.00   -34.0759
  15800.00   -33.6499
  15810.00   -34.0329
  15820.00   -34.1844
  15830.00   -34.5993
  15840.00   -34.2240
  15850.00   -34.5029
  15860.00   -34.3002
  15870.00   -33.9647
  15880.00   -33.8559
  15890.00   -33.7299
  15900.00   -34.3423
  15910.00   -33.7034
  15920.00   -34.1912
  15930.00   -34.0704
  15940.00   -33.8723
  15950.00   -33.6198
  15960.00   -33.6805
  15970.00   -34.4344
  15980.00   -34.3254
  15990.00   -34.0867
  16000.00   -33.6116
  16010.00   -33.6005
  16020.00   -33.9972
  16030.00   -33.8561
  16040.00   -33.9451
  16050.00   -34.0854
  16060.00   -34.2765
  16070.00   -34.0544
  16080.00   -33.6766
  16090.00   -34.3205
  16100.00   -34.1545
  16110.00   -33.8814
  16120.00   -34.4174
  16130.00   -33.9659
  16140.00   -33.7976
  16150.00   -34.0274
  16160.00   -33.5410
  16170.00   -33.5960
  16180.00   -33.9092
  16190.00   -34.0141
  16200.00   -33.7801
  16210.00   -34.0532
  16220.00   -33.7113
  16230.00   -33.6790
  16240.00   -33.6671
  16250.00   -34.1014
  16260.00   -34.1363
  16270.00   -33.9969
  16280.00   -34.0872
  16290.00   -34.1401
  16300.00   -33.5116
  16310.00   -34.0942
  16320.00   -33.5792
  16330.00   -33.2468
  16340.00   -33.5662
  16350.00   -33.9852
  16360.00   -34.0549
  16370.00   -33.5865
  16380.00   -33.8612
  16390.00   -33.6079
  16400.00   -34.0443
  16410.00   -34.1671
  16420.00   -33.8521
  16430.00   -34.2516
  16440.00   -34.1096
  16450.00   -34.3401
  16460.00   -34.1305
  16470.00   -34.1316
  16480.00   -33.7084
  16490.00   -34.3351
  16500.00   -34.1922
  16510.00   -34.0773
  16520.00   -34.0260
  16530.00   -33.9771
  16540.00   -34.2539
  16550.00   -33.7700
  16560.00   -34.2282
  16570.00   -33.9421
  16580.00   -33.9887
  16590.00   -33.5098
  16600.00   -34.1503
  16610.00   -34.2791
  16620.00   -34.2437
  16630.00   -34.1913
  16640.00   -33.8660
  16650.00   -34.2906
  16660.00   -33.9742
  16670.00   -34.0961
  16680.00   -33.7008
  16690.00   -34.3695
  16700.00   -33.6165
  16710.00   -33.4629
  16720.00   -34.2734
  16730.00   -33.7542
  16740.00   -33.4062
  16750.00   -34.0308
  16760.00   -33.9173
  16770.00   -33.5976
  16780.00   -34.5083
  16790.00   -34.5443
  16800.00   -33.5672
  16810.00   -34.1732
  16820.00   -34.3725
  16830.00   -33.9747
  16840.00   -33.9123
  16850.00   -34.0445
  16860.00   -34.5276
  16870.00   -33.8592
  16880.00   -34.0442
  16890.00   -34.1495
  16900.00   -34.3519
  16910.00   -33.5456
  16920.00   -34.1773
  16930.00   -33.2425
  16940.00   -33.8024
  16950.00   -34.0772
  16960.00   -34.1022
  16970.00   -34.5626
  16980.00   -34.1055
  16990.00   -34.0330
  17000.00   -34.1321
  17010.00   -33.6280
  17020.00   -34.0010
  17030.00   -34.6529
  17040.00   -33.9002
  17050.00   -33.8491
  17060.00   -33.9728
  17070.00   -33.9107
  17080.00   -34.1183
  17090.00   -33.8202
  17100.00   -34.2916
  17110.00   -34.1618
  17120.00   -33.4909
  17130.00   -34.3093
  17140.00   -34.0975
  17150.00   -34.1435
  17160.00   -33.8736
  17170.00   -33.7244
  17180.00   -33.6461
  17190.00   -34.1373
  17200.00   -34.2986
  17210.00   -34.2580
  17220.00   -34.1291
  17230.00   -33.9148
  17240.00   -33.8473
  17250.00   -34.0747
  17260.00   -34.4162
  17270.00   -34.0342
  17280.00   -33.6920
  17290.00   -34.0438
  17300.00   -33.6818
  17310.00   -33.8980
  17320.00   -33.8597
  17330.00   -35.0588
  17340.00   -33.9135
  17350.00   -34.0911
  17360.00   -33.4815
  17370.00   -34.2744
  17380.00   -33.6002
  17390.00   -34.0629
  17400.00   -33.9198
  17410.00   -33.8099
  17420.00   -34.1192
  17430.00   -34.2222
  17440.00   -34.3847
  17450.00   -34.4462
  17460.00   -33.6852
  17470.00   -33.8890
  17480.00   -33.8004
  17490.00   -33.9762
  17500.00   -33.6853
  17510.00   -34.0259
  17520.00   -33.7966
  17530.00   -34.0418
  17540.00   -33.6739
  17550.00   -33.7838
  17560.00   -34.6196
  17570.00   -34.0051
  17580.00   -33.6616
  17590.00   -34.0025
  17600.00   -34.1616
  17610.00   -33.8606
  17620.00   -34.1932
  17630.00   -33.8122
  17640.00   -33.9797
  17650.00   -34.1601
  17660.00   -33.9246
  17670.00   -34.0070
  17680.00   -33.8899
  17690.00   -33.9013
  17700.00   -34.0754
  17710.00   -34.1433
  17720.00   -33.5969
  17730.00   -33.9353
  17740.00   -34.2352
  17750.00   -34.3185
  17760.00   -34.3056
  17770.00   -33.6608
  17780.00   -33.8279
  17790.00   -34.1271
  17800.00   -34.2425
  17810.00   -34.1538
  17820.00   -34.1605
  17830.00   -33.8505
  17840.00   -34.0012
  17850.00   -33.8436
  17860.00   -34.5150
  17870.00   -33.9159
  17880.00   -34.1686
  17890.00   -34.4808
  17900.00   -33.8603
  17910.00   -33.9287
  17920.00   -34.0000
  17930.00   -33.7451
  17940.00   -33.7563
  17950.00   -33.8686
  17960.00   -34.0624
  17970.00   -34.1001
  17980.00   -34.0463
  17990.00   -34.2191
  18000.00   -34.1582
  18010.00   -34.3287
  18020.00   -34.0988
  18030.00   -33.7459
  18040.00   -33.7092
  18050.00   -33.8170
  18060.00   -34.1925
  18070.00   -34.3280
  18080.00   -33.7490
  18090.00   -34.6330
  18100.00   -33.7456
  18110.00   -34.0560
  18120.00   -34.1682
  18130.00   -34.1096
  18140.00   -33.8647
  18150.00   -33.7531
  18160.00   -33.4336
  18170.00   -33.5838
  18180.00   -33.7563
  18190.00   -33.6108
  18200.00   -33.9532
  18210.00   -34.2255
  18220.00   -34.2076
  18230.00   -33.7513
  18240.00   -33.8414
  18250.00   -34.0503
  18260.00   -33.7997
  18270.00   -33.9260
  18280.00   -34.2651
  18290.00   -33.5239
  18300.00   -33.5471
  18310.00   -34.0829
  18320.00   -34.2321
  18330.00   -33.7038
  18340.00   -33.8533
  18350.00   -33.8652
  18360.00   -33.9579
  18370.00   -33.9909
  18380.00   -33.7125
  18390.00   -33.9726
  18400.00   -33.8721
  18410.00   -34.7349
  18420.00   -34.5573
  18430.00   -33.9520
  18440.00   -33.8726
  18450.00   -33.6631
  18460.00   -33.6342
  18470.00   -33.8246
  18480.00   -34.0517
  18490.00   -33.8800
  18500.00   -33.9236
  18510.00   -34.2447
  18520.00   -33.9248
  18530.00   -34.4226
  18540.00   -33.9891
  18550.00   -33.6047
  18560.00   -34.0339
  18570.00   -33.9450
  18580.00   -34.0358
  18590.00   -34.5092
  18600.00   -33.7161
  18610.00   -34.3141
  18620.00   -33.9850
  18630.00   -34.3759
  18640.00   -34.1501
  18650.00   -33.9004
  18660.00   -34.0628
  18670.00   -34.2331
  18680.00   -34.5592
  18690.00   -33.8033
  18700.00   -33.9111
  18710.00   -33.9787
  18720.00   -34.5876
  18730.00   -33.9230
  18740.00   -33.9140
  18750.00   -34.0070
  18760.00   -33.9556
  18770.00   -34.0163
  18780.00   -34.0456
  18790.00   -34.0935
  18800.00   -34.5459
  18810.00   -34.0867
  18820.00   -33.9998
  18830.00   -33.9689
  18840.00   -34.4754
  18850.00   -33.2406
  18860.00   -33.3970
  18870.00   -34.3658
  18880.00   -33.9997
  18890.00   -33.7538
  18900.00   -34.0377
  18910.00   -33.6646
  18920.00   -33.5528
  18930.00   -34.3439
  18940.00   -34.4764
  18950.00   -33.7785
  18960.00   -33.8787
  18970.00   -33.5824
  18980.00   -34.0805
  18990.00   -34.2154
  19000.00   -33.2509
  19010.00   -33.8090
  19020.00   -34.1420
  19030.00   -34.2127
  19040.00   -34.0852
  19050.00   -34.2659
  19060.00   -34.2256
  19070.00   -33.6986
  19080.00   -33.8554
  19090.00   -34.0975
  19100.00   -33.2868
  19110.00   -34.1437
  19120.00   -33.5144
  19130.00   -33.7627
  19140.00   -34.0840
  19150.00   -33.9725
  19160.00   -34.0680
  19170.00   -34.3000
  19180.00   -33.7702
  19190.00   -33.6631
  19200.00   -33.5524
  19210.00   -34.2151
  19220.00   -33.8437
  19230.00   -33.7080
  19240.00   -34.0575
  19250.00   -33.3264
  19260.00   -34.2527
  19270.00   -33.6366
  19280.00   -33.7293
  19290.00   -33.5819
  19300.00   -34.3318
  19310.00   -34.3882
  19320.00   -34.0844
  19330.00   -34.1401
  19340.00   -34.1180
  19350.00   -34.1177
  19360.00   -33.9518
  19370.00   -34.1523
  19380.00   -33.7568
  19390.00   -34.1728
  19400.00   -33.6847
  19410.00   -33.9129
  19420.00   -34.0826
  19430.00   -34.3056
  19440.00   -34.1683
  19450.00   -34.3243
  19460.00   -33.8530
  19470.00   -33.9937
  19480.00   -33.9343
  19490.00   -33.4171
  19500.00   -33.8787
  19510.00   -33.8460
  19520.00   -34.2497
  19530.00   -34.1512
  19540.00   -33.8400
  19550.00   -34.2405
  19560.00   -34.2397
  19570.00   -34.0652
  19580.00   -34.5795
  19590.00   -34.3608
  19600.00   -33.8169
  19610.00   -33.9934
  19620.00   -33.8982
  19630.00   -34.1385
  19640.00   -33.9858
  19650.00   -34.3608
  19660.00   -34.2588
  19670.00   -34.0800
  19680.00   -34.3165
  19690.00   -34.2918
  19700.00   -34.0320
  19710.00   -34.0824
  19720.00   -34.0338
  19730.00   -34.4239
  19740.00   -34.1348
  19750.00   -34.2393
  19760.00   -33.8759
  19770.00   -34.3408
  19780.00   -34.1070
  19790.00   -34.1631
  19800.00   -33.4414
  19810.00   -33.6166
  19820.00   -34.0577
  19830.00   -34.5282
  19840.00   -33.9307
  19850.00   -33.4239
  19860.00   -34.4791
  19870.00   -33.9360
  19880.00   -33.9444
  19890.00   -33.9541
  19900.00   -33.8978
  19910.00   -34.1034
  19920.00   -34.4463
  19930.00   -34.2124
  19940.00   -33.8989
  19950.00   -33.6786
  19960.00   -33.9127
  19970.00   -34.0981
  19980.00   -34.1007
  19990.00   -33.8636
  20000.00   -34.2173
  20010.00   -34.2550
  20020.00   -33.7715
  20030.00   -33.9867
  20040.00   -33.8918
  20050.00   -34.0360
  20060.00   -34.1807
  20070.00   -34.1913
  20080.00   -34.0877
  20090.00   -33.5578
  20100.00   -34.3571
  20110.00   -34.5256
  20120.00   -33.6587
  20130.00   -34.2180
  20140.00   -34.1512
  20150.00   -34.1490
  20160.00   -33.9724
  20170.00   -34.0189
  20180.00   -34.1347
  20190.00   -34.2698
  20200.00   -34.4655
  20210.00   -33.8719
  20220.00   -34.4670
  20230.00   -33.5851
  20240.00   -33.8988
  20250.00   -33.6656
  20260.00   -33.8209
  20270.00   -34.1795
  20280.00   -34.0625
  20290.00   -33.8024
  20300.00   -34.4573
  20310.00   -33.9338
  20320.00   -33.9182
  20330.00   -34.1097
  20340.00   -34.4241
  20350.00   -34.3941
  20360.00   -34.0295
  20370.00   -34.1768
  20380.00   -33.8030
  20390.00   -34.1033
  20400.00   -34.3144
  20410.00   -34.3732
  20420.00   -33.8889
  20430.00   -33.8647
  20440.00   -33.7323
  20450.00   -33.9098
  20460.00   -33.8047
  20470.00   -34.0619
  20480.00   -33.5084
  20490.00   -34.0088
  20500.00   -33.7546
  20510.00   -33.6724
  20520.00   -34.3440
  20530.00   -33.7676
  20540.00   -34.0671
  20550.00   -33.9051
  20560.00   -34.3360
  20570.00   -33.8004
  20580.00   -34.1974
  20590.00   -33.7015
  20600.00   -33.4392
  20610.00   -34.5213
  20620.00   -33.8588
  20630.00   -34.1920
  20640.00   -34.2735
  20650.00   -34.0304
  20660.00   -34.4202
  20670.00   -34.5793
  20680.00   -34.5698
  20690.00   -34.0335
  20700.00   -34.2364
  20710.00   -33.6292
  20720.00   -33.5161
  20730.00   -34.4327
  20740.00   -34.2202
  20750.00   -33.7139
  20760.00   -33.9812
  20770.00   -34.1405
  20780.00   -33.8776
  20790.00   -33.8062
  20800.00   -33.2592
  20810.00   -33.9596
  20820.00   -34.1440
  20830.00   -34.0125
  20840.00   -34.6989
  20850.00   -34.1851
  20860.00   -33.8739
  20870.00   -34.1396
  20880.00   -33.8667
  20890.00   -33.8731
  20900.00   -33.8213
  20910.00   -34.1927
  20920.00   -33.7873
  20930.00   -33.9747
  20940.00   -34.0499
  20950.00   -34.0060
  20960.00   -33.7600
  20970.00   -34.1177
  20980.00   -33.6120
  20990.00   -33.7758
  21000.00   -33.8528
  21010.00   -34.3100
  21020.00   -34.5158
  21030.00   -33.9772
  21040.00   -34.2393
  21050.00   -34.1138
  21060.00   -34.2432
  21070.00   -34.4377
  21080.00   -34.0060
  21090.00   -33.9810
  21100.00   -33.8758
  21110.00   -34.0530
  21120.00   -34.1887
  21130.00   -33.7717
  21140.00   -34.2437
  21150.00   -33.4059
  21160.00   -33.9402
  21170.00   -34.8086
  21180.00   -33.7666
  21190.00   -33.9897
  21200.00   -33.8066
  21210.00   -34.1913
  21220.00   -33.9518
  21230.00   -33.6714
  21240.00   -33.7467
  21250.00   -33.9004
  21260.00   -34.0389
  21270.00   -33.9064
  21280.00   -33.8227
  21290.00   -33.8859
  21300.00   -34.6711
  21310.00   -34.0010
  21320.00   -33.7122
  21330.00   -34.0992
  21340.00   -34.1446
  21350.00   -33.6211
  21360.00   -34.1015
  21370.00   -34.1642
  21380.00   -34.1465
  21390.00   -33.8389
  21400.00   -33.3786
  21410.00   -34.0085
  21420.00   -33.9870
  21430.00   -34.3415
  21440.00   -33.8751
  21450.00   -34.0754
  21460.00   -33.9930
  21470.00   -33.8906
  21480.00   -33.8220
  21490.00   -33.1690
  21500.00   -33.8211
  21510.00   -34.3491
  21520.00   -33.6539
  21530.00   -33.9742
  21540.00   -34.4890
  21550.00   -34.4868
  21560.00   -33.7743
  21570.00   -34.0020
  21580.00   -33.7207
  21590.00   -34.5567
  21600.00   -34.1213
  21610.00   -33.7764
  21620.00   -34.1692
  21630.00   -33.6836
  21640.00   -34.2078
  21650.00   -33.5863
  21660.00   -34.0282
  21670.00   -33.8128
  21680.00   -34.3934
  21690.00   -34.0382
  21700.00   -34.3069
  21710.00   -33.5926
  21720.00   -33.5591
  21730.00   -34.6579
  21740.00   -33.7675
  21750.00   -34.3520
  21760.00   -33.7225
  21770.00   -33.7132
  21780.00   -34.1932
  21790.00   -33.4154
  21800.00   -34.0273
  21810.00   -33.8286
  21820.00   -33.9214
  21830.00   -33.4343
  21840.00   -33.9884
  21850.00   -33.9493
  21860.00   -34.0991
  21870.00   -33.9531
  21880.00   -34.0909
  21890.00   -34.1531
  21900.00   -33.6449
  21910.00   -33.7877
  21920.00   -34.1991
  21930.00   -33.8130
  21940.00   -34.0777
  21950.00   -34.0953
  21960.00   -34.2906
  21970.00   -33.8356
  21980.00   -34.1386
  21990.00   -33.6741
  22000.00   -34.7089
  22010.00   -34.2261
  22020.00   -33.9786
  22030.00   -33.8560
  22040.00   -33.7572
  22050.00   -34.2892
  22060.00   -33.6576
  22070.00   -34.2923
  22080.00   -33.7514
  22090.00   -34.1002
  22100.00   -34.1660
  22110.00   -33.6018
  22120.00   -33.5672
  22130.00   -33.4892
  22140.00   -34.4808
  22150.00   -34.0001
  22160.00   -33.9711
  22170.00   -33.5435
  22180.00   -33.7006
  22190.00   -34.1716
  22200.00   -34.1204
  22210.00   -34.4202
  22220.00   -33.8136
  22230.00   -34.3680
  22240.00   -34.0479
  22250.00   -33.6009
  22260.00   -34.2112
  22270.00   -34.2265
  22280.00   -33.9853
  22290.00   -34.8387
  22300.00   -34.0788
  22310.00   -34.0359
  22320.00   -33.8199
  22330.00   -33.5693
  22340.00   -34.2200
  22350.00   -34.5684
  22360.00   -34.2938
  22370.00   -33.8909
  22380.00   -34.1686
  22390.00   -34.1302
  22400.00   -34.3079
  22410.00   -33.9659
  22420.00   -33.8984
  22430.00   -33.8987
  22440.00   -33.7690
  22450.00   -34.0470
  22460.00   -34.2506
  22470.00   -34.3166
  22480.00   -34.2746
  22490.00   -34.0079
  22500.00   -33.8404
  22510.00   -34.4253
  22520.00   -33.6863
  22530.00   -33.4286
  22540.00   -33.8657
  22550.00   -33.7803
  22560.00   -34.0917
  22570.00   -33.9064
  22580.00   -33.8472
  22590.00   -33.7303
  22600.00   -34.3649
  22610.00   -34.3204
  22620.00   -34.0919
  22630.00   -33.7864
  22640.00   -34.2349
  22650.00   -33.6233
  22660.00   -33.9018
  22670.00   -34.0099
  22680.00   -34.1319
  22690.00   -34.1254
  22700.00   -34.0821
  22710.00   -33.9167
  22720.00   -34.4200
  22730.00   -34.4910
  22740.00   -33.6837
  22750.00   -33.8179
  22760.00   -34.0853
  22770.00   -34.4053
  22780.00   -33.5334
  22790.00   -34.2074
  22800.00   -34.6223
  22810.00   -33.9792
  22820.00   -34.2604
  22830.00   -34.3468
  22840.00   -34.4042
  22850.00   -34.2894
  22860.00   -34.3496
  22870.00   -33.9565
  22880.00   -34.1132
  22890.00   -33.9201
  22900.00   -33.9120
  22910.00   -33.7838
  22920.00   -33.7345
  22930.00   -34.3399
  22940.00   -34.0246
  22950.00   -34.4021
  22960.00   -34.1928
  22970.00   -34.1551
  22980.00   -34.2311
  22990.00   -34.1674
  23000.00   -34.0467
  23010.00   -34.0145
  23020.00   -33.6714
  23030.00   -33.9367
  23040.00   -34.2712
  23050.00   -34.3022
  23060.00   -34.6485
  23070.00   -33.9760
  23080.00   -34.1030
  23090.00   -33.6513
  23100.00   -34.4588
  23110.00   -34.0322
  23120.00   -34.1203
  23130.00   -34.0743
  23140.00   -33.6750
  23150.00   -34.2246
  23160.00   -34.1641
  23170.00   -33.8725
  23180.00   -34.3651
  23190.00   -33.9802
  23200.00   -33.3456
  23210.00   -33.6995
  23220.00   -33.6420
  23230.00   -33.8606
  23240.00   -33.9195
  23250.00   -34.4802
  23260.00   -33.5053
  23270.00   -33.6721
  23280.00   -33.8919
  23290.00   -34.3152
  23300.00   -33.9535
  23310.00   -34.1550
  23320.00   -34.3187
  23330.00   -33.9263
  23340.00   -34.0806
  23350.00   -33.5638
  23360.00   -33.9478
  23370.00   -34.1630
  23380.00   -33.7142
  23390.00   -33.8502
  23400.00   -33.5463
  23410.00   -33.7623
  23420.00   -33.9086
  23430.00   -34.1604
  23440.00   -34.0582
  23450.00   -34.1825
  23460.00   -34.1187
  23470.00   -34.1639
  23480.00   -33.6091
  23490.00   -34.9119
  23500.00   -34.7213
  23510.00   -34.1172
  23520.00   -33.9776
  23530.00   -34.0405
  23540.00   -33.6293
  23550.00   -33.9075
  23560.00   -33.9921
  23570.00   -33.9400
  23580.00   -33.4043
  23590.00   -33.9152
  23600.00   -34.1876
  23610.00   -34.1991
  23620.00   -34.3033
  23630.00   -33.9872
  23640.00   -34.1675
  23650.00   -33.8360
  23660.00   -33.6888
  23670.00   -33.9280
  23680.00   -34.2864
  23690.00   -33.7681
  23700.00   -34.1773
  23710.00   -33.6613
  23720.00   -34.0308
  23730.00   -33.8799
  23740.00   -34.1004
  23750.00   -33.7823
  23760.00   -34.4160
  23770.00   -34.3264
  23780.00   -33.5058
  23790.00   -34.0470
  23800.00   -33.8370
  23810.00   -33.9254
  23820.00   -33.6030
  23830.00   -34.4298
  23840.00   -33.8646
  23850.00   -34.1172
  23860.00   -34.2808
  23870.00   -33.8012
  23880.00   -34.6355
  23890.00   -33.6455
  23900.00   -33.8939
  23910.00   -34.3594
  23920.00   -33.7835
  23930.00   -34.1695
  23940.00   -33.8963
  23950.00   -33.7113
  23960.00   -33.8957
  23970.00   -34.0195
  23980.00   -34.1018
  23990.00   -34.0832
  24000.00   -33.9082
  24010.00   -33.8961
  24020.00   -34.0132
  24030.00   -33.5349
  24040.00   -33.8471
  24050.00   -34.0570
  24060.00   -33.6884
  24070.00   -34.1327
  24080.00   -33.0958
  24090.00   -34.6678
  24100.00   -34.1414
  24110.00   -34.3074
  24120.00   -34.4368
  24130.00   -33.0356
  24140.00   -34.0943
  24150.00   -33.9424
  24160.00   -33.9820
  24170.00   -34.1595
  24180.00   -33.3067
  24190.00   -34.1327
  24200.00   -33.4803
  24210.00   -33.8210
  24220.00   -33.9027
  24230.00   -33.9626
  24240.00   -34.0240
  24250.00   -34.1944
  24260.00   -33.9934
  24270.00   -33.9224
  24280.00   -34.3340
  24290.00   -34.3398
  24300.00   -34.1354
  24310.00   -34.1053
  24320.00   -33.9569
  24330.00   -33.7450
  24340.00   -34.1116
  24350.00   -34.1680
  24360.00   -34.2328
  24370.00   -33.4968
  24380.00   -33.8750
  24390.00   -33.5271
  24400.00   -33.6933
  24410.00   -33.8586
  24420.00   -33.7289
  24430.00   -33.8920
  24440.00   -34.0971
  24450.00   -34.3537
  24460.00   -33.8204
  24470.00   -33.8318
  24480.00   -33.4819
  24490.00   -33.6109
  24500.00   -34.0506
  24510.00   -33.9420
  24520.00   -33.7892
  24530.00   -33.6761
  24540.00   -34.0902
  24550.00   -34.2340
  24560.00   -33.8682
  24570.00   -34.1110
  24580.00   -33.9778
  24590.00   -34.0199
  24600.00   -33.7815
  24610.00   -34.6121
  24620.00   -34.2978
  24630.00   -33.4843
  24640.00   -33.7705
  24650.00   -34.0258
  24660.00   -34.5174
  24670.00   -33.9667
  24680.00   -34.0210
  24690.00   -34.4445
  24700.00   -33.5748
  24710.00   -33.8805
  24720.00   -33.9512
  24730.00   -33.7615
  24740.00   -34.1444
  24750.00   -34.2145
  24760.00   -33.9653
  24770.00   -33.9096
  24780.00   -34.0799
  24790.00   -34.3599
  24800.00   -33.1020
  24810.00   -34.2158
  24820.00   -34.0218
  24830.00   -33.5528
  24840.00   -34.4000
  24850.00   -33.8696
  24860.00   -34.2036
  24870.00   -33.7225
  24880.00   -33.9127
  24890.00   -33.9097
  24900.00   -34.0050
  24910.00   -33.6563
  24920.00   -33.9685
  24930.00   -34.0223
  24940.00   -34.0109
  24950.00   -34.0414
  24960.00   -34.1681
  24970.00   -33.2990
  24980.00   -34.4722
  24990.00   -34.0845
  25000.00   -33.7824
  25010.00   -33.9924
  25020.00   -33.9228
  25030.00   -33.7862
  25040.00   -34.1615
  25050.00   -34.3866
  25060.00   -33.9554
  25070.00   -34.1153
  25080.00   -34.0477
  25090.00   -33.9553
  25100.00   -34.1108
  25110.00   -34.4386
  25120.00   -34.2036
  25130.00   -34.0069
  25140.00   -34.6861
  25150.00   -33.9280
  25160.00   -34.5814
  25170.00   -33.6554
  25180.00   -34.9885
  25190.00   -34.2040
  25200.00   -33.8778
  25210.00   -34.4084
  25220.00   -34.3370
  25230.00   -34.2309
  25240.00   -33.9127
  25250.00   -33.6733
  25260.00   -33.5108
  25270.00   -34.1635
  25280.00   -33.4371
  25290.00   -34.0108
  25300.00   -34.4469
  25310.00   -33.5463
  25320.00   -33.9970
  25330.00   -33.9936
  25340.00   -33.8479
  25350.00   -34.0500
  25360.00   -34.4108
  25370.00   -34.2246
  25380.00   -33.6308
  25390.00   -34.1176
  25400.00   -33.9165
  25410.00   -33.8155
  25420.00   -34.3933
  25430.00   -33.8545
  25440.00   -34.3657
  25450.00   -34.0984
  25460.00   -33.7761
  25470.00   -34.0459
  25480.00   -34.1844
  25490.00   -34.4994
  25500.00   -33.9702
  25510.00   -34.0107
  25520.00   -34.1376
  25530.00   -33.4122
  25540.00   -33.9756
  25550.00   -33.4741
  25560.00   -33.9559
  25570.00   -33.8057
  25580.00   -33.8118
  25590.00   -34.3680
  25600.00   -33.7805
  25610.00   -33.7990
  25620.00   -34.0779
  25630.00   -34.1691
  25640.00   -34.3235
  25650.00   -33.6739
  25660.00   -34.1591
  25670.00   -34.4719
  25680.00   -33.7363
  25690.00   -34.1480
  25700.00   -34.1655
  25710.00   -33.7511
  25720.00   -34.1635
  25730.00   -33.8194
  25740.00   -33.8403
  25750.00   -34.4056
  25760.00   -33.6454
  25770.00   -34.0429
  25780.00   -34.2191
  25790.00   -34.2152
  25800.00   -33.3496
  25810.00   -34.0997
  25820.00   -34.0930
  25830.00   -33.9582
  25840.00   -34.2199
  25850.00   -33.7908
  25860.00   -34.2736
  25870.00   -33.6441
  25880.00   -34.0161
  25890.00   -33.7648
  25900.00   -33.8804
  25910.00   -34.7444
  25920.00   -34.0880
  25930.00   -33.9997
  25940.00   -34.5345
  25950.00   -34.1089
  25960.00   -34.1699
  25970.00   -34.3268
  25980.00   -33.9608
  25990.00   -33.9811
  26000.00   -33.5833
  26010.00   -33.5529
  26020.00   -33.3164
  26030.00   -33.9610
  26040.00   -33.6394
  26050.00   -34.1968
  26060.00   -34.0763
  26070.00   -34.2111
  26080.00   -33.7757
  26090.00   -33.9129
  26100.00   -34.0014
  26110.00   -34.0633
  26120.00   -34.2325
  26130.00   -34.1289
  26140.00   -34.2790
  26150.00   -34.2969
  26160.00   -33.9423
  26170.00   -33.8878
  26180.00   -34.2988
  26190.00   -33.9386
  26200.00   -33.9799
  26210.00   -33.7490
  26220.00   -34.2433
  26230.00   -33.7107
  26240.00   -33.5063
  26250.00   -34.1268
  26260.00   -34.1927
  26270.00   -34.3975
  26280.00   -33.9453
  26290.00   -33.9221
  26300.00   -33.9460
  26310.00   -33.8533
  26320.00   -34.0434
  26330.00   -34.3054
  26340.00   -33.9204
  26350.00   -34.0213
  26360.00   -34.3295
  26370.00   -34.1583
  26380.00   -34.0670
  26390.00   -33.9479
  26400.00   -34.2586
  26410.00   -33.5904
  26420.00   -34.6874
  26430.00   -33.4209
  26440.00   -34.3599
  26450.00   -34.1654
  26460.00   -33.8954
  26470.00   -34.1221
  26480.00   -34.0315
  26490.00   -33.9686
  26500.00   -33.8971
  26510.00   -33.6208
  26520.00   -34.2071
  26530.00   -33.7483
  26540.00   -33.8885
  26550.00   -34.4012
  26560.00   -33.7120
  26570.00   -34.1811
  26580.00   -33.8032
  26590.00   -34.2028
  26600.00   -33.8734
  26610.00   -33.7468
  26620.00   -33.8108
  26630.00   -33.8551
  26640.00   -34.8251
  26650.00   -34.0135
  26660.00   -34.3053
  26670.00   -34.0011
  26680.00   -33.8160
  26690.00   -34.1242
  26700.00   -34.0598
  26710.00   -34.0614
  26720.00   -34.4587
  26730.00   -34.3478
  26740.00   -33.8289
  26750.00   -33.7454
  26760.00   -34.0915
  26770.00   -33.7099
  26780.00   -34.1418
  26790.00   -34.1459
  26800.00   -33.8749
  26810.00   -34.4108
  26820.00   -33.6653
  26830.00   -34.4235
  26840.00   -34.1176
  26850.00   -34.4733
  26860.00   -34.1318
  26870.00   -34.0762
  26880.00   -33.8372
  26890.00   -34.0077
  26900.00   -34.1436
  26910.00   -33.9465
  26920.00   -33.5838
  26930.00   -33.9404
  26940.00   -33.4625
  26950.00   -34.2653
  26960.00   -34.0995
  26970.00   -34.2132
  26980.00   -33.9194
  26990.00   -34.0469
  27000.00   -34.2785
  27010.00   -34.0429
  27020.00   -34.3771
  27030.00   -34.1345
  27040.00   -33.7935
  27050.00   -34.1799
  27060.00   -33.2456
  27070.00   -34.1634
  27080.00   -33.8718
  27090.00   -33.6763
  27100.00   -34.0289
  27110.00   -33.8858
  27120.00   -33.8530
  27130.00   -34.3429
  27140.00   -33.9103
  27150.00   -33.3911
  27160.00   -34.0895
  27170.00   -34.2365
  27180.00   -33.5485
  27190.00   -33.7077
  27200.00   -34.1287
  27210.00   -33.9426
  27220.00   -33.9936
  27230.00   -34.1046
  27240.00   -34.2216
  27250.00   -33.5629
  27260.00   -33.6439
  27270.00   -33.9411
  27280.00   -33.6979
  27290.00   -34.2256
  27300.00   -34.1203
  27310.00   -34.4293
  27320.00   -34.0835
  27330.00   -34.0976
  27340.00   -34.0677
  27350.00   -34.4725
  27360.00   -33.3718
  27370.00   -33.7790
  27380.00   -33.9762
  27390.00   -33.9792
  27400.00   -34.1617
  27410.00   -34.1100
  27420.00   -34.2649
  27430.00   -33.8408
  27440.00   -34.1453
  27450.00   -33.8804
  27460.00   -33.9628
  27470.00   -33.5728
  27480.00   -33.9044
  27490.00   -33.8744
  27500.00   -33.2739
  27510.00   -33.8425
  27520.00   -34.0016
  27530.00   -34.5365
  27540.00   -33.6006
  27550.00   -34.2850
  27560.00   -34.2851
  27570.00   -33.8823
  27580.00   -33.6961
  27590.00   -34.0475
  27600.00   -33.6299
  27610.00   -33.2419
  27620.00   -34.2521
  27630.00   -34.0702
  27640.00   -34.4474
  27650.00   -33.5725
  27660.00   -34.3349
  27670.00   -33.5266
  27680.00   -34.1013
  27690.00   -33.7393
  27700.00   -33.3905
  27710.00   -34.2854
  27720.00   -33.7329
  27730.00   -33.6314
  27740.00   -34.1356
  27750.00   -34.2262
  27760.00   -34.2404
  27770.00   -33.4269
  27780.00   -34.0047
  27790.00   -34.3589
  27800.00   -33.4521
  27810.00   -34.4428
  27820.00   -34.1510
  27830.00   -33.7276
  27840.00   -33.9548
  27850.00   -33.4214
  27860.00   -33.8580
  27870.00   -34.0565
  27880.00   -34.2931
  27890.00   -34.1605
  27900.00   -34.4211
  27910.00   -33.9416
  27920.00   -34.1756
  27930.00   -34.3105
  27940.00   -33.7912
  27950.00   -34.1641
  27960.00   -33.7196
  27970.00   -33.3342
  27980.00   -33.7421
  27990.00   -33.9460
  28000.00   -33.4671
  28010.00   -34.1208
  28020.00   -33.3790
  28030.00   -34.0099
  28040.00   -33.9907
  28050.00   -33.6959
  28060.00   -34.2356
  28070.00   -34.6521
  28080.00   -33.9254
  28090.00   -33.8814
  28100.00   -34.2282
  28110.00   -34.2350
  28120.00   -33.5797
  28130.00   -33.8661
  28140.00   -33.7418
  28150.00   -34.4616
  28160.00   -34.0823
  28170.00   -33.9026
  28180.00   -33.7163
  28190.00   -33.6229
  28200.00   -33.3818
  28210.00   -33.5055
  28220.00   -33.9368
  28230.00   -34.0130
  28240.00   -34.0394
  28250.00   -34.0931
  28260.00   -33.8604
  28270.00   -34.0535
  28280.00   -33.5854
  28290.00   -34.1163
  28300.00   -34.2537
  28310.00   -34.4133
  28320.00   -33.9157
  28330.00   -33.8644
  28340.00   -33.9976
  28350.00   -33.9021
  28360.00   -34.2638
  28370.00   -34.0204
  28380.00   -34.2182
  28390.00   -34.1611
  28400.00   -34.1460
  28410.00   -34.3818
  28420.00   -33.9771
  28430.00   -34.3534
  28440.00   -34.3527
  28450.00   -33.9644
  28460.00   -34.2296
  28470.00   -34.0463
  28480.00   -33.9330
  28490.00   -33.6038
  28500.00   -33.9376
  28510.00   -34.1883
  28520.00   -33.8964
  28530.00   -33.8245
  28540.00   -34.2059
  28550.00   -34.2016
  28560.00   -34.2351
  28570.00   -34.1266
  28580.00   -34.2799
  28590.00   -34.0051
  28600.00   -34.3808
  28610.00   -34.3771
  28620.00   -34.2210
  28630.00   -34.4056
  28640.00   -34.1268
  28650.00   -33.8148
  28660.00   -33.8344
  28670.00   -33.8224
  28680.00   -33.9311
  28690.00   -34.2138
  28700.00   -33.5632
  28710.00   -33.4303
  28720.00   -34.5459
  28730.00   -34.3770
  28740.00   -33.6391
  28750.00   -34.1930
  28760.00   -33.8831
  28770.00   -33.8951
  28780.00   -33.9751
  28790.00   -34.0374
  28800.00   -34.1925
  28810.00   -34.2497
  28820.00   -33.5737
  28830.00   -33.9929
  28840.00   -34.2230
  28850.00   -33.9516
  28860.00   -34.1857
  28870.00   -34.0982
  28880.00   -34.1610
  28890.00   -34.0496
  28900.00   -34.4893
  28910.00   -34.2760
  28920.00   -33.9216
  28930.00   -33.2001
  28940.00   -33.8150
  28950.00   -33.7562
  28960.00   -34.1291
  28970.00   -33.8261
  28980.00   -34.1672
  28990.00   -34.7603
  29000.00   -34.0786
  29010.00   -33.9738
  29020.00   -33.8118
  29030.00   -34.1111
  29040.00   -33.7966
  29050.00   -33.8240
  29060.00   -34.0986
  29070.00   -33.6807
  29080.00   -34.3577
  29090.00   -33.6425
  29100.00   -34.3188
  29110.00   -33.6150
  29120.00   -32.9682
  29130.00   -34.0652
  29140.00   -33.9066
  29150.00   -34.1790
  29160.00   -34.0388
  29170.00   -34.1344
  29180.00   -33.7367
  29190.00   -33.5991
  29200.00   -33.0850
  29210.00   -34.2610
  29220.00   -34.3145
  29230.00   -33.8110
  29240.00   -34.1223
  29250.00   -33.5884
  29260.00   -33.7686
  29270.00   -33.8288
  29280.00   -33.5407
  29290.00   -33.7034
  29300.00   -34.3668
  29310.00   -34.0326
  29320.00   -33.9338
  29330.00   -33.7185
  29340.00   -33.6479
  29350.00   -33.7331
  29360.00   -33.9155
  29370.00   -33.5476
  29380.00   -34.2367
  29390.00   -34.6251
  29400.00   -33.6314
  29410.00   -33.6517
  29420.00   -34.1261
  29430.00   -33.5490
  29440.00   -34.0316
  29450.00   -34.4147
  29460.00   -34.3922
  29470.00   -33.9622
  29480.00   -34.1490
  29490.00   -33.7630
  29500.00   -34.1154
  29510.00   -34.0589
  29520.00   -33.7665
  29530.00   -34.0539
  29540.00   -34.1655
  29550.00   -34.2168
  29560.00   -34.1162
  29570.00   -33.8499
  29580.00   -34.2571
  29590.00   -33.9087
  29600.00   -34.4150
  29610.00   -34.7428
  29620.00   -33.8716
  29630.00   -34.2050
  29640.00   -34.0642
  29650.00   -33.5039
  29660.00   -33.7863
  29670.00   -33.4165
  29680.00   -33.5997
  29690.00   -34.1359
  29700.00   -33.6218
  29710.00   -33.7621
  29720.00   -34.0233
  29730.00   -34.4711
  29740.00   -34.5017
  29750.00   -34.2812
  29760.00   -34.0553
  29770.00   -33.8343
  29780.00   -33.9708
  29790.00   -33.9437
  29800.00   -33.6342
  29810.00   -33.6810
  29820.00   -34.2576
  29830.00   -34.1641
  29840.00   -33.9972
  29850.00   -33.9358
  29860.00   -33.9103
  29870.00   -34.1560
  29880.00   -34.2638
  29890.00   -33.8563
  29900.00   -33.9647
  29910.00   -33.8132
  29920.00   -34.2769
  29930.00   -33.7356
  29940.00   -34.0963
  29950.00   -33.5719
  29960.00   -33.8638
  29970.00   -33.8719
  29980.00   -34.5268
  29990.00   -33.4575
  30000.00   -34.2080
  30010.00   -33.9734
  30020.00   -33.5620
  30030.00   -33.6597
  30040.00   -33.5753
  30050.00   -33.9297
  30060.00   -33.7024
  30070.00   -33.6518
  30080.00   -33.8700
  30090.00   -33.9061
  30100.00   -33.6421
  30110.00   -34.5093
  30120.00   -33.9760
  30130.00   -34.1396
  30140.00   -33.6410
  30150.00   -33.5200
  30160.00   -33.9585
  30170.00   -33.6247
  30180.00   -34.0102
  30190.00   -33.7557
  30200.00   -33.9932
  30210.00   -34.4470
  30220.00   -33.6393
  30230.00   -33.7441
  30240.00   -33.9295
  30250.00   -33.5252
  30260.00   -33.6646
  30270.00   -33.9196
  30280.00   -34.3760
  30290.00   -34.1193
  30300.00   -34.1675
  30310.00   -33.8564
  30320.00   -34.2323
  30330.00   -34.4227
  30340.00   -34.0080
  30350.00   -33.5090
  30360.00   -33.7424
  30370.00   -34.2852
  30380.00   -33.3842
  30390.00   -34.0453
  30400.00   -33.7010
  30410.00   -33.2079
  30420.00   -34.1998
  30430.00   -33.9936
  30440.00   -33.6751
  30450.00   -34.3235
  30460.00   -33.3625
  30470.00   -33.4895
  30480.00   -34.2691
  30490.00   -33.6786
  30500.00   -33.8305
  30510.00   -33.6077
  30520.00   -33.6000
  30530.00   -34.1042
  30540.00   -34.0598
  30550.00   -34.3953
  30560.00   -34.0202
  30570.00   -34.1660
  30580.00   -34.5427
  30590.00   -33.4070
  30600.00   -33.9426
  30610.00   -34.4015
  30620.00   -33.9697
  30630.00   -33.9718
  30640.00   -34.1212
  30650.00   -34.0609
  30660.00   -34.4029
  30670.00   -33.8341
  30680.00   -34.1394
  30690.00   -33.5683
  30700.00   -33.8657
  30710.00   -34.4612
  30720.00   -33.4958
  30730.00   -33.9701
  30740.00   -33.9096
  30750.00   -34.1576
  30760.00   -33.7463
  30770.00   -33.7583
  30780.00   -33.9134
  30790.00   -33.6594
  30800.00   -33.8864
  30810.00   -33.6949
  30820.00   -33.9747
  30830.00   -34.0009
  30840.00   -33.9776
  30850.00   -34.6420
  30860.00   -33.9800
  30870.00   -34.0514
  30880.00   -33.8387
  30890.00   -34.2845
  30900.00   -33.8398
  30910.00   -34.1416
  30920.00   -34.0121
  30930.00   -34.1588
  30940.00   -34.0237
  30950.00   -34.0060
  30960.00   -34.5257
  30970.00   -34.1854
  30980.00   -34.3762
  30990.00   -34.5639
  31000.00   -34.0702
  31010.00   -33.6710
  31020.00   -34.0778
  31030.00   -34.0979
  31040.00   -33.9110
  31050.00   -33.8061
  31060.00   -33.8451
  31070.00   -34.1309
  31080.00   -34.1986
  31090.00   -33.7377
  31100.00   -33.7125
  31110.00   -34.0704
  31120.00   -33.9282
  31130.00   -34.3502
  31140.00   -34.2468
  31150.00   -34.0598
  31160.00   -33.8496
  31170.00   -33.8101
  31180.00   -33.6442
  31190.00   -34.3472
  31200.00   -33.6480
  31210.00   -34.0950
  31220.00   -34.1058
  31230.00   -33.8050
  31240.00   -33.7637
  31250.00   -34.2324
  31260.00   -33.6301
  31270.00   -33.8648
  31280.00   -33.9675
  31290.00   -33.7945
  31300.00   -33.9119
  31310.00   -34.2624
  31320.00   -34.5829
  31330.00   -34.3675
  31340.00   -34.3940
  31350.00   -33.8867
  31360.00   -33.9708
  31370.00   -34.0770
  31380.00   -34.1101
  31390.00   -33.6122
  31400.00   -33.9104
  31410.00   -33.8748
  31420.00   -34.3872
  31430.00   -33.8966
  31440.00   -34.3553
  31450.00   -33.9704
  31460.00   -33.8634
  31470.00   -33.7051
  31480.00   -33.2749
  31490.00   -34.5310
  31500.00   -34.0357
  31510.00   -34.6563
  31520.00   -34.1321
  31530.00   -33.7031
  31540.00   -33.8140
  31550.00   -34.1268
  31560.00   -33.7578
  31570.00   -34.1142
  31580.00   -33.2905
  31590.00   -34.1103
  31600.00   -33.7997
  31610.00   -34.1821
  31620.00   -34.3738
  31630.00   -33.6426
  31640.00   -34.1476
  31650.00   -33.3450
  31660.00   -34.3858
  31670.00   -34.2884
  31680.00   -34.4853
  31690.00   -33.6288
  31700.00   -34.0521
  31710.00   -34.0179
  31720.00   -33.8964
  31730.00   -33.8027
  31740.00   -33.7626
  31750.00   -34.2794
  31760.00   -33.9680
  31770.00   -34.0206
  31780.00   -33.7830
  31790.00   -34.0372
  31800.00   -33.8773
  31810.00   -33.2599
  31820.00   -33.5423
  31830.00   -34.2058
  31840.00   -34.0793
  31850.00   -33.9412
  31860.00   -34.2628
  31870.00   -33.7282
  31880.00   -34.1504
  31890.00   -33.7818
  31900.00   -34.2605
  31910.00   -34.3429
  31920.00   -33.7982
  31930.00   -34.0792
  31940.00   -33.5479
  31950.00   -33.7204
  31960.00   -34.1886
  31970.00   -33.6474
  31980.00   -33.6388
  31990.00   -34.2998
  32000.00   -34.0191
  32010.00   -33.9727
  32020.00   -33.6712
  32030.00   -34.1037
  32040.00   -34.2825
  32050.00   -34.4165
  32060.00   -34.6260
  32070.00   -33.8961
  32080.00   -34.0612
  32090.00   -34.0661
  32100.00   -33.7008
  32110.00   -34.0574
  32120.00   -34.2478
  32130.00   -33.9995
  32140.00   -34.1410
  32150.00   -33.8590
  32160.00   -34.1570
  32170.00   -33.4763
  32180.00   -33.6975
  32190.00   -33.7749
  32200.00   -34.0715
  32210.00   -33.4321
  32220.00   -33.7562
  32230.00   -33.8353
  32240.00   -34.1257
  32250.00   -34.3328
  32260.00   -33.7384
  32270.00   -34.0863
  32280.00   -33.4587
  32290.00   -34.0356
  32300.00   -34.3716
  32310.00   -34.1007
  32320.00   -33.5912
  32330.00   -33.9468
  32340.00   -33.8958
  32350.00   -34.0524
  32360.00   -34.1314
  32370.00   -33.6519
  32380.00   -34.1563
  32390.00   -34.5147
  32400.00   -33.4828
  32410.00   -34.3709
  32420.00   -34.0942
  32430.00   -34.0428
  32440.00   -33.8986
  32450.00   -33.9441
  32460.00   -33.9962
  32470.00   -33.4085
  32480.00   -33.5401
  32490.00   -33.8438
  32500.00   -34.0747
  32510.00   -33.9365
  32520.00   -34.1973
  32530.00   -33.4037
  32540.00   -34.2365
  32550.00   -33.6326
  32560.00   -33.7523
  32570.00   -33.7776
  32580.00   -34.2461
  32590.00   -34.2781
  32600.00   -33.9617
  32610.00   -33.6213
  32620.00   -33.4472
  32630.00   -34.0295
  32640.00   -33.8713
  32650.00   -33.8350
  32660.00   -34.0712
  32670.00   -34.2483
  32680.00   -34.4473
  32690.00   -34.2988
  32700.00   -34.3541
  32710.00   -33.9144
  32720.00   -33.9810
  32730.00   -33.8503
  32740.00   -34.2150
  32750.00   -33.7623
  32760.00   -33.9904
  32770.00   -34.6116
  32780.00   -33.6945
  32790.00   -34.3265
  32800.00   -33.9024
  32810.00   -34.1336
  32820.00   -34.0411
  32830.00   -33.9094
  32840.00   -34.1843
  32850.00   -34.1641
  32860.00   -33.8250
  32870.00   -34.3448
  32880.00   -33.7366
  32890.00   -34.1565
  32900.00   -33.8950
  32910.00   -33.7529
  32920.00   -33.8624
  32930.00   -34.3742
  32940.00   -34.2042
  32950.00   -33.3929
  32960.00   -34.2861
  32970.00   -34.3387
  32980.00   -34.3329
  32990.00   -34.1137
  33000.00   -34.0240
  33010.00   -33.7883
  33020.00   -34.1942
  33030.00   -34.1882
  33040.00   -34.5638
  33050.00   -33.8255
  33060.00   -34.3406
  33070.00   -34.2064
  33080.00   -33.6872
  33090.00   -33.4046
  33100.00   -34.1332
  33110.00   -34.1725
  33120.00   -33.2593
  33130.00   -34.0399
  33140.00   -34.1856
  33150.00   -34.2926
  33160.00   -33.9150
  33170.00   -33.8643
  33180.00   -34.1389
  33190.00   -34.3291
  33200.00   -33.9942
  33210.00   -33.8403
  33220.00   -34.0634
  33230.00   -33.7116
  33240.00   -34.4480
  33250.00   -33.8007
  33260.00   -33.9687
  33270.00   -33.9771
  33280.00   -34.3799
  33290.00   -34.4227
  33300.00   -33.6966
  33310.00   -33.9249
  33320.00   -33.8202
  33330.00   -34.2326
  33340.00   -34.2613
  33350.00   -33.7836
  33360.00   -34.0121
  33370.00   -33.8190
  33380.00   -33.8278
  33390.00   -34.1941
  33400.00   -33.9268
  33410.00   -33.9816
  33420.00   -33.9857
  33430.00   -33.9291
  33440.00   -33.8043
  33450.00   -33.7353
  33460.00   -34.4871
  33470.00   -33.8675
  33480.00   -33.7102
  33490.00   -33.5340
  33500.00   -33.8876
  33510.00   -33.7995
  33520.00   -33.6411
  33530.00   -33.9258
  33540.00   -33.4309
  33550.00   -33.9629
  33560.00   -33.8221
  33570.00   -33.4217
  33580.00   -33.7857
  33590.00   -33.7134
  33600.00   -33.5993
  33610.00   -33.9798
  33620.00   -33.9118
  33630.00   -34.6250
  33640.00   -33.8252
  33650.00   -34.4318
  33660.00   -33.6828
  33670.00   -34.1176
  33680.00   -34.1189
  33690.00   -33.6086
  33700.00   -34.0478
  33710.00   -33.9106
  33720.00   -33.5353
  33730.00   -34.0787
  33740.00   -34.4254
  33750.00   -34.1233
  33760.00   -34.1086
  33770.00   -33.8439
  33780.00   -34.2061
  33790.00   -34.0332
  33800.00   -33.8484
  33810.00   -33.9349
  33820.00   -33.8308
  33830.00   -34.2244
  33840.00   -33.9764
  33850.00   -33.8122
  33860.00   -33.3670
  33870.00   -34.1579
  33880.00   -33.7126
  33890.00   -33.8177
  33900.00   -34.1243
  33910.00   -33.9680
  33920.00   -33.3253
  33930.00   -33.5849
  33940.00   -33.6244
  33950.00   -33.9322
  33960.00   -33.8907
  33970.00   -33.7796
  33980.00   -33.6319
  33990.00   -34.1219
  34000.00   -33.8912
  34010.00   -33.9798
  34020.00   -34.0578
  34030.00   -33.9244
  34040.00   -33.6937
  34050.00   -33.5817
  34060.00   -33.7044
  34070.00   -34.1793
  34080.00   -34.0012
  34090.00   -33.8114
  34100.00   -33.7027
  34110.00   -33.2162
  34120.00   -34.8439
  34130.00   -33.9035
  34140.00   -33.8938
  34150.00   -33.7274
  34160.00   -33.6796
  34170.00   -34.3519
  34180.00   -33.9035
  34190.00   -34.3864
  34200.00   -34.5864
  34210.00   -34.2104
  34220.00   -34.2059
  34230.00   -33.8374
  34240.00   -34.4868
  34250.00   -33.8084
  34260.00   -33.5508
  34270.00   -34.2428
  34280.00   -33.7066
  34290.00   -33.7178
  34300.00   -34.2572
  34310.00   -34.0545
  34320.00   -34.1086
  34330.00   -33.3277
  34340.00   -33.8198
  34350.00   -34.1369
  34360.00   -34.0579
  34370.00   -34.3252
  34380.00   -34.0474
  34390.00   -33.8712
  34400.00   -33.7703
  34410.00   -33.4589
  34420.00   -33.9303
  34430.00   -33.9089
  34440.00   -34.3574
  34450.00   -33.8050
  34460.00   -34.6184
  34470.00   -34.1675
  34480.00   -34.3225
  34490.00   -33.9907
  34500.00   -33.6841
  34510.00   -34.4256
  34520.00   -33.6730
  34530.00   -34.2567
  34540.00   -34.2948
  34550.00   -34.0432
  34560.00   -34.1987
  34570.00   -34.0951
  34580.00   -34.1366
  34590.00   -34.3653
  34600.00   -34.2123
  34610.00   -34.0917
  34620.00   -33.9106
  34630.00   -34.5230
  34640.00   -33.6962
  34650.00   -33.9014
  34660.00   -34.6375
  34670.00   -34.1138
  34680.00   -33.7442
  34690.00   -33.7464
  34700.00   -33.9064
  34710.00   -33.9730
  34720.00   -33.2936
  34730.00   -34.3674
  34740.00   -34.1072
  34750.00   -34.4452
  34760.00   -33.8522
  34770.00   -34.0060
  34780.00   -33.8342
  34790.00   -34.0851
  34800.00   -34.1003
  34810.00   -33.9224
  34820.00   -34.0384
  34830.00   -33.7395
  34840.00   -34.0657
  34850.00   -34.1231
  34860.00   -34.2607
  34870.00   -34.3023
  34880.00   -33.4447
  34890.00   -34.0067
  34900.00   -34.3023
  34910.00   -33.6429
  34920.00   -33.6175
  34930.00   -33.6900
  34940.00   -34.3087
  34950.00   -33.5304
  34960.00   -34.0302
  34970.00   -33.7017
  34980.00   -34.0738
  34990.00   -34.2635
  35000.00   -34.2820
  35010.00   -34.0815
  35020.00   -33.7645
  35030.00   -34.3997
  35040.00   -34.3885
  35050.00   -34.2295
  35060.00   -34.5544
  35070.00   -34.2853
  35080.00   -33.5455
  35090.00   -33.8424
  35100.00   -34.0945
  35110.00   -34.1520
  35120.00   -33.9601
  35130.00   -33.9641
  35140.00   -34.6601
  35150.00   -33.9678
  35160.00   -34.3622
  35170.00   -33.8639
  35180.00   -33.4367
  35190.00   -34.0393
  35200.00   -33.9177
  35210.00   -33.9623
  35220.00   -34.4225
  35230.00   -33.5878
  35240.00   -33.9095
  35250.00   -34.6130
  35260.00   -34.1833
  35270.00   -34.6211
  35280.00   -33.3897
  35290.00   -34.5254
  35300.00   -34.2240
  35310.00   -34.3838
  35320.00   -33.9834
  35330.00   -33.5766
  35340.00   -33.8940
  35350.00   -33.8942
  35360.00   -33.6356
  35370.00   -33.8290
  35380.00   -33.9523
  35390.00   -34.2408
  35400.00   -33.7627
  35410.00   -34.0640
  35420.00   -34.3747
  35430.00   -34.3813
  35440.00   -34.0613
  35450.00   -33.5947
  35460.00   -33.8100
  35470.00   -34.2152
  35480.00   -34.0620
  35490.00   -33.5991
  35500.00   -33.7660
  35510.00   -34.0419
  35520.00   -34.0813
  35530.00   -33.7899
  35540.00   -33.9499
  35550.00   -34.1118
  35560.00   -34.0258
  35570.00   -34.2526
  35580.00   -34.1196
  35590.00   -33.9745
  35600.00   -34.7097
  35610.00   -33.8867
  35620.00   -34.0826
  35630.00   -33.8093
  35640.00   -34.0015
  35650.00   -33.7828
  35660.00   -34.4816
  35670.00   -34.3509
  35680.00   -34.0342
  35690.00   -33.9700
  35700.00   -33.9545
  35710.00   -34.3784
  35720.00   -34.0956
  35730.00   -34.1633
  35740.00   -33.8484
  35750.00   -33.3274
  35760.00   -33.7654
  35770.00   -33.5116
  35780.00   -34.0701
  35790.00   -33.6387
  35800.00   -33.7799
  35810.00   -34.0748
  35820.00   -33.8120
  35830.00   -34.1792
  35840.00   -33.9976
  35850.00   -34.0650
  35860.00   -33.7083
  35870.00   -34.4004
  35880.00   -34.1103
  35890.00   -33.9638
  35900.00   -34.3607
  35910.00   -34.4128
  35920.00   -33.7823
  35930.00   -34.2366
  35940.00   -33.9238
  35950.00   -34.2752
  35960.00   -34.1668
  35970.00   -34.2565
  35980.00   -33.7306
  35990.00   -33.8483
  36000.00   -34.0832
  36010.00   -34.3747
  36020.00   -34.3305
  36030.00   -34.2672
  36040.00   -33.7449
  36050.00   -33.8217
  36060.00   -33.9006
  36070.00   -34.2974
  36080.00   -33.7150
  36090.00   -33.2327
  36100.00   -34.0881
  36110.00   -33.7482
  36120.00   -33.8731
  36130.00   -34.2795
  36140.00   -34.1084
  36150.00   -33.9629
  36160.00   -33.7778
  36170.00   -33.6422
  36180.00   -33.7889
  36190.00   -33.9927
  36200.00   -34.3109
  36210.00   -33.9783
  36220.00   -33.5348
  36230.00   -33.8261
  36240.00   -33.9218
  36250.00   -33.2550
  36260.00   -33.5632
  36270.00   -33.7475
  36280.00   -34.1181
  36290.00   -34.2599
  36300.00   -33.9536
  36310.00   -33.7919
  36320.00   -33.6747
  36330.00   -34.2258
  36340.00   -34.5759
  36350.00   -33.9321
  36360.00   -34.4846
  36370.00   -33.5929
  36380.00   -34.1292
  36390.00   -34.4308
  36400.00   -33.9053
  36410.00   -33.6958
  36420.00   -33.9895
  36430.00   -33.9787
  36440.00   -34.1522
  36450.00   -34.2979
  36460.00   -33.8637
  36470.00   -33.8073
  36480.00   -33.6924
  36490.00   -33.9601
  36500.00   -34.3651
  36510.00   -34.4344
  36520.00   -34.1646
  36530.00   -33.8831
  36540.00   -33.8845
  36550.00   -34.4830
  36560.00   -34.3022
  36570.00   -34.0208
  36580.00   -33.9434
  36590.00   -34.3741
  36600.00   -34.1992
  36610.00   -34.0461
  36620.00   -34.5137
  36630.00   -34.3275
  36640.00   -34.0610
  36650.00   -34.0580
  36660.00   -33.8711
  36670.00   -33.7470
  36680.00   -33.8408
  36690.00   -33.6670
  36700.00   -33.7670
  36710.00   -33.2024
  36720.00   -34.3159
  36730.00   -33.6991
  36740.00   -34.0049
  36750.00   -33.9430
  36760.00   -34.2795
  36770.00   -34.1676
  36780.00   -34.2773
  36790.00   -33.8933
  36800.00   -33.7384
  36810.00   -34.0312
  36820.00   -34.2358
  36830.00   -33.6828
  36840.00   -33.9205
  36850.00   -33.7624
  36860.00   -34.0662
  36870.00   -33.8535
  36880.00   -33.8719
  36890.00   -34.2108
  36900.00   -33.3785
  36910.00   -34.2275
  36920.00   -34.3489
  36930.00   -33.5834
  36940.00   -34.1749
  36950.00   -34.0922
  36960.00   -34.1908
  36970.00   -33.9614
  36980.00   -34.0705
  36990.00   -34.1124
  37000.00   -34.1156
  37010.00   -33.8666
  37020.00   -34.1333
  37030.00   -33.8915
  37040.00   -33.7240
  37050.00   -34.4044
  37060.00   -33.8536
  37070.00   -33.7657
  37080.00   -33.9193
  37090.00   -33.5693
  37100.00   -33.6020
  37110.00   -34.4292
  37120.00   -34.0010
  37130.00   -33.5524
  37140.00   -34.4390
  37150.00   -33.3743
  37160.00   -34.1065
  37170.00   -34.1112
  37180.00   -33.6012
  37190.00   -34.3218
  37200.00   -33.7341
  37210.00   -34.0294
  37220.00   -34.0226
  37230.00   -33.6957
  37240.00   -34.2569
  37250.00   -34.5506
  37260.00   -34.3065
  37270.00   -33.7663
  37280.00   -34.4986
  37290.00   -34.1447
  37300.00   -33.9134
  37310.00   -34.4194
  37320.00   -34.1110
  37330.00   -33.9902
  37340.00   -33.9540
  37350.00   -34.0339
  37360.00   -33.8322
  37370.00   -33.9799
  37380.00   -34.2599
  37390.00   -34.3728
  37400.00   -33.6641
  37410.00   -33.9581
  37420.00   -34.1831
  37430.00   -33.8244
  37440.00   -33.8722
  37450.00   -33.9136
  37460.00   -34.5289
  37470.00   -33.9235
  37480.00   -33.6129
  37490.00   -34.1201
  37500.00   -34.2235
  37510.00   -33.8275
  37520.00   -33.8645
  37530.00   -33.8843
  37540.00   -33.8331
  37550.00   -33.8164
  37560.00   -33.7846
  37570.00   -34.5422
  37580.00   -33.9874
  37590.00   -33.7849
  37600.00   -34.1717
  37610.00   -33.6149
  37620.00   -33.7981
  37630.00   -33.6392
  37640.00   -33.7867
  37650.00   -33.9813
  37660.00   -34.1054
  37670.00   -33.8416
  37680.00   -33.7093
  37690.00   -34.4587
  37700.00   -33.8517
  37710.00   -33.9503
  37720.00   -33.8227
  37730.00   -34.1845
  37740.00   -34.1606
  37750.00   -34.0377
  37760.00   -33.8623
  37770.00   -33.9133
  37780.00   -33.4101
  37790.00   -34.2749
  37800.00   -34.6165
  37810.00   -33.6571
  37820.00   -33.9480
  37830.00   -33.5375
  37840.00   -33.6899
  37850.00   -34.3685
  37860.00   -33.9983
  37870.00   -33.6969
  37880.00   -34.1555
  37890.00   -34.2896
  37900.00   -34.3346
  37910.00   -34.1574
  37920.00   -33.9314
  37930.00   -34.1821
  37940.00   -34.0669
  37950.00   -33.9549
  37960.00   -33.3440
  37970.00   -33.7980
  37980.00   -33.9492
  37990.00   -34.3350
  38000.00   -34.2257
  38010.00   -34.4875
  38020.00   -33.5554
  38030.00   -34.2722
  38040.00   -33.6079
  38050.00   -33.9257
  38060.00   -33.6430
  38070.00   -34.2612
  38080.00   -33.9845
  38090.00   -33.7406
  38100.00   -33.6919
  38110.00   -33.9858
  38120.00   -34.2644
  38130.00   -33.5333
  38140.00   -34.2439
  38150.00   -34.3637
  38160.00   -34.0975
  38170.00   -33.8500
  38180.00   -34.0581
  38190.00   -33.9470
  38200.00   -34.2322
  38210.00   -34.1745
  38220.00   -33.9830
  38230.00   -34.2549
  38240.00   -34.5941
  38250.00   -34.0054
  38260.00   -33.9911
  38270.00   -34.0776
  38280.00   -33.9375
  38290.00   -33.4128
  38300.00   -34.3221
  38310.00   -33.7569
  38320.00   -34.3710
  38330.00   -34.1940
  38340.00   -34.3444
  38350.00   -33.8367
  38360.00   -34.4298
  38370.00   -33.4753
  38380.00   -33.7170
  38390.00   -33.7180
  38400.00   -34.1607
  38410.00   -33.9998
  38420.00   -34.2293
  38430.00   -34.1026
  38440.00   -34.1206
  38450.00   -33.9989
  38460.00   -33.6648
  38470.00   -33.8265
  38480.00   -34.0484
  38490.00   -34.0119
  38500.00   -34.0175
  38510.00   -33.7471
  38520.00   -34.5638
  38530.00   -34.1997
  38540.00   -33.8780
  38550.00   -33.3735
  38560.00   -34.2215
  38570.00   -34.5237
  38580.00   -33.9256
  38590.00   -34.4490
  38600.00   -34.0060
  38610.00   -34.3787
  38620.00   -33.8250
  38630.00   -34.2289
  38640.00   -33.6701
  38650.00   -33.6721
  38660.00   -34.2789
  38670.00   -33.2951
  38680.00   -33.5771
  38690.00   -34.1482
  38700.00   -34.1436
  38710.00   -33.7398
  38720.00   -33.8805
  38730.00   -33.9211
  38740.00   -34.3250
  38750.00   -34.3036
  38760.00   -33.6260
  38770.00   -33.6186
  38780.00   -34.1379
  38790.00   -33.9022
  38800.00   -34.2328
  38810.00   -33.7809
  38820.00   -33.6799
  38830.00   -34.2347
  38840.00   -33.8287
  38850.00   -33.6966
  38860.00   -34.5275
  38870.00   -33.6447
  38880.00   -34.3467
  38890.00   -34.0762
  38900.00   -34.4864
  38910.00   -33.5443
  38920.00   -34.7101
  38930.00   -33.8749
  38940.00   -33.8760
  38950.00   -33.6671
  38960.00   -33.8034
  38970.00   -34.0015
  38980.00   -34.5830
  38990.00   -33.7327
  39000.00   -33.9596
  39010.00   -33.9236
  39020.00   -34.0298
  39030.00   -33.8769
  39040.00   -34.4280
  39050.00   -34.1036
  39060.00   -34.1177
  39070.00   -34.0867
  39080.00   -33.5474
  39090.00   -34.1884
  39100.00   -34.0864
  39110.00   -33.6110
  39120.00   -34.1305
  39130.00   -34.0712
  39140.00   -33.9486
  39150.00   -34.0599
  39160.00   -34.0156
  39170.00   -33.9311
  39180.00   -33.3633
  39190.00   -33.8865
  39200.00   -33.9496
  39210.00   -34.2533
  39220.00   -33.7818
  39230.00   -33.8245
  39240.00   -34.0347
  39250.00   -34.1010
  39260.00   -34.0864
  39270.00   -34.2549
  39280.00   -34.0331
  39290.00   -34.4722
  39300.00   -33.6552
  39310.00   -33.6028
  39320.00   -33.6783
  39330.00   -33.8767
  39340.00   -34.1212
  39350.00   -34.1703
  39360.00   -33.3624
  39370.00   -34.5083
  39380.00   -33.9529
  39390.00   -33.8680
  39400.00   -34.0224
  39410.00   -33.9858
  39420.00   -33.7486
  39430.00   -34.3224
  39440.00   -33.7906
  39450.00   -33.8545
  39460.00   -33.9322
  39470.00   -34.0253
  39480.00   -34.3113
  39490.00   -34.2744
  39500.00   -33.7995
  39510.00   -33.9611
  39520.00   -33.9996
  39530.00   -33.5307
  39540.00   -34.4626
  39550.00   -34.0862
  39560.00   -34.1259
  39570.00   -33.7679
  39580.00   -33.5794
  39590.00   -33.6284
  39600.00   -34.2637
  39610.00   -33.8155
  39620.00   -33.7014
  39630.00   -33.7285
  39640.00   -33.9541
  39650.00   -34.0117
  39660.00   -33.7774
  39670.00   -33.7775
  39680.00   -34.0550
  39690.00   -34.2161
  39700.00   -33.5611
  39710.00   -34.0486
  39720.00   -33.4859
  39730.00   -33.4798
  39740.00   -34.4385
  39750.00   -34.1998
  39760.00   -33.7169
  39770.00   -34.0842
  39780.00   -34.2418
  39790.00   -34.2780
  39800.00   -33.9023
  39810.00   -33.7514
  39820.00   -34.1901
  39830.00   -34.5248
  39840.00   -33.6232
  39850.00   -33.7971
  39860.00   -34.1250
  39870.00   -34.0311
  39880.00   -33.8043
  39890.00   -33.7559
  39900.00   -33.7846
  39910.00   -33.9809
  39920.00   -34.2005
  39930.00   -33.8140
  39940.00   -34.5392
  39950.00   -33.9422
  39960.00   -34.2416
  39970.00   -34.5424
  39980.00   -33.9766
  39990.00   -33.9568
  40000.00   -34.3748
  40010.00   -34.1266
  40020.00   -33.8641
  40030.00   -33.9473
  40040.00   -33.9872
  40050.00   -33.7889
  40060.00   -34.1382
  40070.00   -34.3944
  40080.00   -33.9674
  40090.00   -34.5157
  40100.00   -33.6562
  40110.00   -33.9252
  40120.00   -33.7838
  40130.00   -34.2448
  40140.00   -34.1401
  40150.00   -34.2648
  40160.00   -34.4152
  40170.00   -34.1739
  40180.00   -34.5622
  40190.00   -34.6326
  40200.00   -34.1610
  40210.00   -34.4901
  40220.00   -34.0966
  40230.00   -34.0338
  40240.00   -34.1214
  40250.00   -33.9781
  40260.00   -33.8789
  40270.00   -33.9058
  40280.00   -33.6364
  40290.00   -34.0841
  40300.00   -33.9546
  40310.00   -33.7233
  40320.00   -33.9349
  40330.00   -33.8497
  40340.00   -33.7585
  40350.00   -34.1572
  40360.00   -33.9067
  40370.00   -34.1469
  40380.00   -34.1451
  40390.00   -34.0941
  40400.00   -33.6803
  40410.00   -34.3614
  40420.00   -34.2553
  40430.00   -33.8390
  40440.00   -34.0407
  40450.00   -34.4920
  40460.00   -34.0084
  40470.00   -33.9139
  40480.00   -33.7286
  40490.00   -33.8746
  40500.00   -33.9232
  40510.00   -33.6012
  40520.00   -33.9091
  40530.00   -34.2945
  40540.00   -34.1661
  40550.00   -34.4091
  40560.00   -33.8973
  40570.00   -33.9480
  40580.00   -34.2689
  40590.00   -34.0001
  40600.00   -33.8132
  40610.00   -34.1760
  40620.00   -34.0913
  40630.00   -33.8592
  40640.00   -34.2615
  40650.00   -34.4192
  40660.00   -33.9648
  40670.00   -33.8766
  40680.00   -34.0425
  40690.00   -34.4115
  40700.00   -34.1918
  40710.00   -34.6377
  40720.00   -33.8562
  40730.00   -34.1412
  40740.00   -33.7191
  40750.00   -34.3213
  40760.00   -33.8532
  40770.00   -34.2526
  40780.00   -33.8528
  40790.00   -33.7949
  40800.00   -33.7153
  40810.00   -34.4477
  40820.00   -34.2457
  40830.00   -33.9154
  40840.00   -33.9981
  40850.00   -34.2603
  40860.00   -33.8753
  40870.00   -34.3319
  40880.00   -33.7504
  40890.00   -34.3101
  40900.00   -34.0844
  40910.00   -33.6850
  40920.00   -33.9405
  40930.00   -34.1714
  40940.00   -34.0083
  40950.00   -34.1591
  40960.00   -33.7438
  40970.00   -33.9179
  40980.00   -34.1144
  40990.00   -33.5722
  41000.00   -33.9163
  41010.00   -33.9459
  41020.00   -33.9162
  41030.00   -34.0900
  41040.00   -34.3180
  41050.00   -34.1187
  41060.00   -33.6138
  41070.00   -33.6062
  41080.00   -33.6663
  41090.00   -34.5246
  41100.00   -34.0570
  41110.00   -34.0962
  41120.00   -34.3328
  41130.00   -33.6248
  41140.00   -34.0958
  41150.00   -34.4459
  41160.00   -34.1812
  41170.00   -33.9438
  41180.00   -33.9944
  41190.00   -34.1019
  41200.00   -33.5349
  41210.00   -33.3830
  41220.00   -34.1900
  41230.00   -33.9488
  41240.00   -33.6979
  41250.00   -33.8127
  41260.00   -33.3606
  41270.00   -33.8134
  41280.00   -34.2704
  41290.00   -33.8645
  41300.00   -33.9219
  41310.00   -34.4030
  41320.00   -33.9592
  41330.00   -33.6831
  41340.00   -34.3053
  41350.00   -33.6227
  41360.00   -34.2348
  41370.00   -33.9130
  41380.00   -33.8231
  41390.00   -34.2002
  41400.00   -34.3274
  41410.00   -33.9461
  41420.00   -33.8962
  41430.00   -34.4060
  41440.00   -34.0703
  41450.00   -34.8350
  41460.00   -34.0210
  41470.00   -33.8081
  41480.00   -34.1117
  41490.00   -34.0423
  41500.00   -33.9349
  41510.00   -34.2355
  41520.00   -33.5186
  41530.00   -34.1641
  41540.00   -33.8985
  41550.00   -34.0802
  41560.00   -33.3417
  41570.00   -33.9575
  41580.00   -33.3802
  41590.00   -33.8388
  41600.00   -33.3324
  41610.00   -33.9585
  41620.00   -34.2489
  41630.00   -34.2150
  41640.00   -34.1195
  41650.00   -34.0428
  41660.00   -33.9160
  41670.00   -33.6407
  41680.00   -34.0378
  41690.00   -34.2816
  41700.00   -33.8848
  41710.00   -33.8465
  41720.00   -34.0574
  41730.00   -34.5747
  41740.00   -33.8536
  41750.00   -34.1625
  41760.00   -33.7225
  41770.00   -33.8863
  41780.00   -33.9332
  41790.00   -33.9907
  41800.00   -33.9048
  41810.00   -34.0244
  41820.00   -33.7989
  41830.00   -33.6252
  41840.00   -33.7855
  41850.00   -34.0486
  41860.00   -34.3124
  41870.00   -34.3154
  41880.00   -33.8791
  41890.00   -33.7856
  41900.00   -33.9436
  41910.00   -33.1455
  41920.00   -33.4194
  41930.00   -34.0123
  41940.00   -34.6281
  41950.00   -33.8658
  41960.00   -33.6850
  41970.00   -34.3925
  41980.00   -34.2203
  41990.00   -33.5616
  42000.00   -33.3178
  42010.00   -34.2797
  42020.00   -33.7503
  42030.00   -34.2630
  42040.00   -33.9884
  42050.00   -34.0359
  42060.00   -34.4362
  42070.00   -33.9434
  42080.00   -33.3905
  42090.00   -34.0022
  42100.00   -34.1577
  42110.00   -34.1598
  42120.00   -33.4266
  42130.00   -33.7008
  42140.00   -34.0510
  42150.00   -33.9714
  42160.00   -33.2767
  42170.00   -33.8404
  42180.00   -33.6768
  42190.00   -33.7045
  42200.00   -34.1595
  42210.00   -33.8288
  42220.00   -33.8724
  42230.00   -33.9593
  42240.00   -33.9568
  42250.00   -33.8473
  42260.00   -34.1595
  42270.00   -34.5891
  42280.00   -34.1265
  42290.00   -34.2329
  42300.00   -33.8694
  42310.00   -33.6514
  42320.00   -34.0040
  42330.00   -33.5932
  42340.00   -33.5886
  42350.00   -33.6654
  42360.00   -33.8368
  42370.00   -34.1099
  42380.00   -33.9452
  42390.00   -33.9593
  42400.00   -34.2904
  42410.00   -34.2587
  42420.00   -34.1914
  42430.00   -33.8757
  42440.00   -34.4984
  42450.00   -33.7273
  42460.00   -33.7795
  42470.00   -34.4798
  42480.00   -33.5392
  42490.00   -34.1242
  42500.00   -33.8652
  42510.00   -34.0867
  42520.00   -34.4121
  42530.00   -34.0355
  42540.00   -33.9334
  42550.00   -34.1581
  42560.00   -33.8159
  42570.00   -34.5140
  42580.00   -34.5063
  42590.00   -34.4667
  42600.00   -34.1583
  42610.00   -33.9317
  42620.00   -33.8837
  42630.00   -34.3880
  42640.00   -33.5322
  42650.00   -33.8577
  42660.00   -33.8365
  42670.00   -33.8080
  42680.00   -33.9551
  42690.00   -33.6373
  42700.00   -34.6933
  42710.00   -33.8528
  42720.00   -33.3577
  42730.00   -33.6177
  42740.00   -33.6103
  42750.00   -33.8029
  42760.00   -33.5539
  42770.00   -33.8635
  42780.00   -34.2345
  42790.00   -33.6110
  42800.00   -34.0036
  42810.00   -34.0079
  42820.00   -34.1635
  42830.00   -33.9967
  42840.00   -33.6359
  42850.00   -34.0667
  42860.00   -33.7480
  42870.00   -34.0741
  42880.00   -33.9386
  42890.00   -34.1116
  42900.00   -33.5175
  42910.00   -33.8349
  42920.00   -33.8777
  42930.00   -34.4598
  42940.00   -33.7733
  42950.00   -33.1034
  42960.00   -33.7294
  42970.00   -34.0221
  42980.00   -33.9081
  42990.00   -34.2115
  43000.00   -34.4215
  43010.00   -33.8968
  43020.00   -34.4163
  43030.00   -34.0848
  43040.00   -34.0872
  43050.00   -33.8402
  43060.00   -33.9735
  43070.00   -34.4397
  43080.00   -33.4672
  43090.00   -34.8849
  43100.00   -33.8436
  43110.00   -33.8336
  43120.00   -33.8880
  43130.00   -33.5538
  43140.00   -34.4565
  43150.00   -33.9264
  43160.00   -34.5517
  43170.00   -34.2562
  43180.00   -33.6135
  43190.00   -34.0510
  43200.00   -34.0614
  43210.00   -33.8971
  43220.00   -33.5492
  43230.00   -33.6968
  43240.00   -34.4024
  43250.00   -34.2603
  43260.00   -34.3609
  43270.00   -33.9443
  43280.00   -34.0400
  43290.00   -33.7350
  43300.00   -33.9669
  43310.00   -34.0821
  43320.00   -34.0513
  43330.00   -33.7433
  43340.00   -33.9041
  43350.00   -34.2671
  43360.00   -33.4631
  43370.00   -34.1612
  43380.00   -33.9428
  43390.00   -34.0007
  43400.00   -34.2476
  43410.00   -33.8140
  43420.00   -33.1224
  43430.00   -34.1055
  43440.00   -33.8319
  43450.00   -33.9049
  43460.00   -34.3475
  43470.00   -33.2553
  43480.00   -34.2789
  43490.00   -34.0412
  43500.00   -34.5652
  43510.00   -33.8561
  43520.00   -33.7183
  43530.00   -34.2314
  43540.00   -34.3879
  43550.00   -33.8135
  43560.00   -33.8487
  43570.00   -34.2082
  43580.00   -34.0571
  43590.00   -34.5203
  43600.00   -34.4297
  43610.00   -33.8070
  43620.00   -33.6492
  43630.00   -34.0088
  43640.00   -33.8207
  43650.00   -34.3408
  43660.00   -33.6339
  43670.00   -33.7731
  43680.00   -34.0654
  43690.00   -33.8804
  43700.00   -34.0838
  43710.00   -33.3367
  43720.00   -34.2293
  43730.00   -34.0784
  43740.00   -34.3025
  43750.00   -33.9922
  43760.00   -33.8146
  43770.00   -33.6868
  43780.00   -34.0943
  43790.00   -33.7641
  43800.00   -33.8691
  43810.00   -33.2317
  43820.00   -33.8250
  43830.00   -33.8839
  43840.00   -33.6907
  43850.00   -34.1939
  43860.00   -33.8965
  43870.00   -34.5335
  43880.00   -34.6126
  43890.00   -34.1405
  43900.00   -33.4963
  43910.00   -34.3884
  43920.00   -34.4587
  43930.00   -33.9728
  43940.00   -33.5028
  43950.00   -33.9400
  43960.00   -33.5110
  43970.00   -33.9858
  43980.00   -34.1911
  43990.00   -33.9727
  44000.00   -34.1022
  44010.00   -33.7074
  44020.00   -33.4749
  44030.00   -33.9419
  44040.00   -33.8024
  44050.00   -34.1987
  44060.00   -34.1621
  44070.00   -33.9087
  44080.00   -33.4574
  44090.00   -33.8254
  44100.00   -34.4588
  44110.00   -34.1226
  44120.00   -33.9792
  44130.00   -34.1026
  44140.00   -33.6199
  44150.00   -33.9290
  44160.00   -33.9389
  44170.00   -34.1228
  44180.00   -34.1224
  44190.00   -33.7814
  44200.00   -34.1061
  44210.00   -34.2283
  44220.00   -33.9698
  44230.00   -34.3850
  44240.00   -34.2829
  44250.00   -34.0564
  44260.00   -34.0193
  44270.00   -34.6017
  44280.00   -33.8932
  44290.00   -34.0054
  44300.00   -33.8504
  44310.00   -33.8507
  44320.00   -33.9209
  44330.00   -34.0359
  44340.00   -34.1475
  44350.00   -34.1899
  44360.00   -34.0590
  44370.00   -34.2931
  44380.00   -34.3579
  44390.00   -34.1501
  44400.00   -34.2682
  44410.00   -33.9032
  44420.00   -34.1213
  44430.00   -33.7580
  44440.00   -33.7268
  44450.00   -33.8237
  44460.00   -33.9017
  44470.00   -33.8954
  44480.00   -33.8231
  44490.00   -34.0204
  44500.00   -33.7509
  44510.00   -34.0876
  44520.00   -33.9752
  44530.00   -34.1539
  44540.00   -33.4793
  44550.00   -34.1730
  44560.00   -33.7832
  44570.00   -34.1979
  44580.00   -34.3367
  44590.00   -34.1332
  44600.00   -33.5338
  44610.00   -33.8034
  44620.00   -33.9932
  44630.00   -33.9173
  44640.00   -33.8380
  44650.00   -33.7330
  44660.00   -33.4370
  44670.00   -33.6425
  44680.00   -34.0310
  44690.00   -33.8345
  44700.00   -33.6920
  44710.00   -33.8525
  44720.00   -34.2531
  44730.00   -34.1386
  44740.00   -34.1360
  44750.00   -33.9837
  44760.00   -34.3012
  44770.00   -33.6016
  44780.00   -34.3819
  44790.00   -33.6716
  44800.00   -33.8681
  44810.00   -33.6555
  44820.00   -33.9926
  44830.00   -34.1851
  44840.00   -34.3966
  44850.00   -33.9481
  44860.00   -34.1636
  44870.00   -33.7639
  44880.00   -34.2946
  44890.00   -34.4978
  44900.00   -33.7397
  44910.00   -34.3858
  44920.00   -34.2291
  44930.00   -34.0959
  44940.00   -33.7335
  44950.00   -33.8072
  44960.00   -34.4119
  44970.00   -34.1906
  44980.00   -33.8788
  44990.00   -33.9169
  45000.00   -34.0361
  45010.00   -33.7067
  45020.00   -34.1676
  45030.00   -33.8088
  45040.00   -33.7819
  45050.00   -33.9866
  45060.00   -34.1132
  45070.00   -33.8322
  45080.00   -34.0935
  45090.00   -33.3080
  45100.00   -34.1796
  45110.00   -34.1075
  45120.00   -34.4328
  45130.00   -34.0072
  45140.00   -33.7130
  45150.00   -33.6680
  45160.00   -34.2030
  45170.00   -33.2208
  45180.00   -33.4541
  45190.00   -33.5486
  45200.00   -34.1358
  45210.00   -33.7702
  45220.00   -34.1890
  45230.00   -34.0151
  45240.00   -33.9477
  45250.00   -33.6969
  45260.00   -34.3618
  45270.00   -33.7529
  45280.00   -33.7491
  45290.00   -34.1251
  45300.00   -34.3155
  45310.00   -33.7246
  45320.00   -34.1173
  45330.00   -34.2972
  45340.00   -34.2517
  45350.00   -33.9073
  45360.00   -33.9779
  45370.00   -33.5567
  45380.00   -34.0919
  45390.00   -33.8730
  45400.00   -33.6926
  45410.00   -33.6466
  45420.00   -34.0408
  45430.00   -34.1836
  45440.00   -34.2616
  45450.00   -34.3780
  45460.00   -33.9676
  45470.00   -34.1051
  45480.00   -33.9002
  45490.00   -34.4506
  45500.00   -33.5521
  45510.00   -33.6970
  45520.00   -33.7101
  45530.00   -33.9900
  45540.00   -33.4413
  45550.00   -33.9038
  45560.00   -33.9996
  45570.00   -34.0542
  45580.00   -34.2019
  45590.00   -33.6556
  45600.00   -34.0419
  45610.00   -34.3806
  45620.00   -34.1126
  45630.00   -34.6263
  45640.00   -33.7528
  45650.00   -34.0736
  45660.00   -33.7440
  45670.00   -34.3244
  45680.00   -34.7115
  45690.00   -33.6886
  45700.00   -33.8965
  45710.00   -34.3388
  45720.00   -34.0049
  45730.00   -34.0310
  45740.00   -34.1836
  45750.00   -34.0691
  45760.00   -34.2322
  45770.00   -34.0818
  45780.00   -34.0466
  45790.00   -34.0072
  45800.00   -34.1779
  45810.00   -34.1933
  45820.00   -33.7464
  45830.00   -34.2357
  45840.00   -34.1318
  45850.00   -33.6645
  45860.00   -34.3083
  45870.00   -34.1261
  45880.00   -34.3162
  45890.00   -33.8044
  45900.00   -34.0798
  45910.00   -34.5285
  45920.00   -33.7571
  45930.00   -33.8721
  45940.00   -34.0787
  45950.00   -33.6810
  45960.00   -34.2766
  45970.00   -34.2186
  45980.00   -33.7186
  45990.00   -34.1847
  46000.00   -33.8568
  46010.00   -33.6664
  46020.00   -34.0617
  46030.00   -34.1558
  46040.00   -34.0394
  46050.00   -33.6563
  46060.00   -33.6771
  46070.00   -33.8918
  46080.00   -34.2517
  46090.00   -33.8239
  46100.00   -34.1381
  46110.00   -33.5732
  46120.00   -34.2099
  46130.00   -34.1079
  46140.00   -33.8411
  46150.00   -34.0561
  46160.00   -34.1083
  46170.00   -34.0269
  46180.00   -34.4714
  46190.00   -34.2818
  46200.00   -34.2819
  46210.00   -33.6519
  46220.00   -33.8244
  46230.00   -33.7923
  46240.00   -33.7528
  46250.00   -33.6412
  46260.00   -33.2917
  46270.00   -34.6623
  46280.00   -34.1481
  46290.00   -33.9933
  46300.00   -34.4366
  46310.00   -33.7810
  46320.00   -33.8027
  46330.00   -33.8963
  46340.00   -33.9637
  46350.00   -33.7488
  46360.00   -33.9714
  46370.00   -33.9071
  46380.00   -34.1626
  46390.00   -34.0861
  46400.00   -33.9742
  46410.00   -34.4794
  46420.00   -33.5869
  46430.00   -33.9726
  46440.00   -33.9334
  46450.00   -33.5826
  46460.00   -33.9901
  46470.00   -33.7682
  46480.00   -34.1755
  46490.00   -33.7055
  46500.00   -34.5093
  46510.00   -34.1520
  46520.00   -34.0019
  46530.00   -34.5836
  46540.00   -34.5340
  46550.00   -33.6219
  46560.00   -34.4456
  46570.00   -34.0817
  46580.00   -33.9024
  46590.00   -34.0736
  46600.00   -34.1960
  46610.00   -34.1085
  46620.00   -33.8336
  46630.00   -34.7976
  46640.00   -33.6208
  46650.00   -33.5912
  46660.00   -33.9000
  46670.00   -34.1356
  46680.00   -33.9853
  46690.00   -34.4948
  46700.00   -33.8932
  46710.00   -34.4488
  46720.00   -34.7369
  46730.00   -34.2361
  46740.00   -34.2953
  46750.00   -33.9181
  46760.00   -33.6970
  46770.00   -33.3459
  46780.00   -33.7417
  46790.00   -33.9199
  46800.00   -34.1693
  46810.00   -34.0376
  46820.00   -33.9254
  46830.00   -34.0225
  46840.00   -34.2704
  46850.00   -34.2313
  46860.00   -34.2262
  46870.00   -33.6413
  46880.00   -34.0896
  46890.00   -33.8635
  46900.00   -33.4181
  46910.00   -34.4349
  46920.00   -33.9738
  46930.00   -34.0065
  46940.00   -34.0629
  46950.00   -34.1331
  46960.00   -34.1854
  46970.00   -33.8624
  46980.00   -34.4521
  46990.00   -34.2526
  47000.00   -34.1219
  47010.00   -34.2764
  47020.00   -33.5101
  47030.00   -33.9310
  47040.00   -33.9823
  47050.00   -34.1785
  47060.00   -34.5949
  47070.00   -33.8111
  47080.00   -34.1209
  47090.00   -34.0208
  47100.00   -33.4064
  47110.00   -34.1452
  47120.00   -34.3840
  47130.00   -34.3194
  47140.00   -33.9894
  47150.00   -33.5532
  47160.00   -34.1568
  47170.00   -34.5429
  47180.00   -34.4086
  47190.00   -33.8701
  47200.00   -34.0391
  47210.00   -33.6936
  47220.00   -34.0927
  47230.00   -34.1400
  47240.00   -34.2572
  47250.00   -33.7068
  47260.00   -34.1386
  47270.00   -34.2213
  47280.00   -34.3393
  47290.00   -33.6887
  47300.00   -34.2388
  47310.00   -33.5008
  47320.00   -34.2661
  47330.00   -34.0938
  47340.00   -34.1281
  47350.00   -34.1912
  47360.00   -33.3926
  47370.00   -34.5018
  47380.00   -33.7692
  47390.00   -34.4929
  47400.00   -33.3106
  47410.00   -33.9304
  47420.00   -34.0222
  47430.00   -34.0810
  47440.00   -34.4298
  47450.00   -33.7120
  47460.00   -34.1417
  47470.00   -34.0908
  47480.00   -34.2365
  47490.00   -33.8995
  47500.00   -34.3292
  47510.00   -33.9137
  47520.00   -34.2711
  47530.00   -34.4159
  47540.00   -34.0329
  47550.00   -34.1507
  47560.00   -34.0694
  47570.00   -33.9842
  47580.00   -33.5802
  47590.00   -33.3529
  47600.00   -34.0840
  47610.00   -34.2060
  47620.00   -33.8970
  47630.00   -33.7144
  47640.00   -33.9165
  47650.00   -34.0622
  47660.00   -33.7219
  47670.00   -33.7743
  47680.00   -34.2822
  47690.00   -33.6291
  47700.00   -34.3099
  47710.00   -34.3436
  47720.00   -34.1637
  47730.00   -33.3718
  47740.00   -34.3189
  47750.00   -33.9631
  47760.00   -33.7252
  47770.00   -33.6121
  47780.00   -33.8875
  47790.00   -33.8302
  47800.00   -34.0084
  47810.00   -33.8880
  47820.00   -34.3036
  47830.00   -33.9770
  47840.00   -34.0012
  47850.00   -33.9343
  47860.00   -34.1714
  47870.00   -34.2977
  47880.00   -34.0855
  47890.00   -33.5461
  47900.00   -34.6057
  47910.00   -33.8754
  47920.00   -34.4859
  47930.00   -34.2122
  47940.00   -33.7909
  47950.00   -33.9626
  47960.00   -34.0448
  47970.00   -33.8900
  47980.00   -34.3003
  47990.00   -34.0251
  48000.00   -33.7141
  48010.00   -33.4740
  48020.00   -34.4580
  48030.00   -33.9126
  48040.00   -33.7844
  48050.00   -34.0686
  48060.00   -33.9000
  48070.00   -34.0551
  48080.00   -33.6551
  48090.00   -33.4862
  48100.00   -33.9449
  48110.00   -33.8600
  48120.00   -33.9776
  48130.00   -34.0949
  48140.00   -34.1414
  48150.00   -33.6694
  48160.00   -34.8311
  48170.00   -34.4375
  48180.00   -34.0465
  48190.00   -34.2989
  48200.00   -34.1146
  48210.00   -33.9826
  48220.00   -33.7889
  48230.00   -33.8477
  48240.00   -33.6467
  48250.00   -33.8813
  48260.00   -33.7325
  48270.00   -33.9358
  48280.00   -34.4568
  48290.00   -34.4429
  48300.00   -33.9676
  48310.00   -34.5186
  48320.00   -34.1452
  48330.00   -34.6977
  48340.00   -33.9942
  48350.00   -33.8391
  48360.00   -34.2074
  48370.00   -33.6852
  48380.00   -33.7205
  48390.00   -33.9824
  48400.00   -34.3340
  48410.00   -34.3313
  48420.00   -33.7354
  48430.00   -33.9530
  48440.00   -34.3774
  48450.00   -34.0277
  48460.00   -33.7381
  48470.00   -34.5386
  48480.00   -34.2597
  48490.00   -34.0912
  48500.00   -33.5547
  48510.00   -34.3113
  48520.00   -34.2418
  48530.00   -33.7347
  48540.00   -33.7948
  48550.00   -33.6821
  48560.00   -34.1486
  48570.00   -33.6293
  48580.00   -33.8788
  48590.00   -34.3348
  48600.00   -33.8195
  48610.00   -34.2003
  48620.00   -34.0833
  48630.00   -33.9654
  48640.00   -33.8455
  48650.00   -33.9781
  48660.00   -33.7781
  48670.00   -33.9618
  48680.00   -33.9397
  48690.00   -33.9085
  48700.00   -34.1643
  48710.00   -33.9430
  48720.00   -34.3619
  48730.00   -34.0076
  48740.00   -34.0595
  48750.00   -33.8326
  48760.00   -34.6703
  48770.00   -34.0239
  48780.00   -34.4370
  48790.00   -33.7616
  48800.00   -33.3141
  48810.00   -33.8089
  48820.00   -34.4018
  48830.00   -33.8736
  48840.00   -34.0497
  48850.00   -33.6437
  48860.00   -33.5249
  48870.00   -34.5396
  48880.00   -34.4637
  48890.00   -34.6123
  48900.00   -34.3095
  48910.00   -34.2833
  48920.00   -34.0871
  48930.00   -34.0240
  48940.00   -34.3383
  48950.00   -33.9983
  48960.00   -33.7782
  48970.00   -33.9102
  48980.00   -34.0992
  48990.00   -34.4262
  49000.00   -33.8945
  49010.00   -34.0321
  49020.00   -34.4096
  49030.00   -34.1192
  49040.00   -34.3686
  49050.00   -34.2819
  49060.00   -34.1555
  49070.00   -33.9833
  49080.00   -33.7721
  49090.00   -33.9615
  49100.00   -34.1552
  49110.00   -33.9160
  49120.00   -34.2725
  49130.00   -34.2363
  49140.00   -34.0947
  49150.00   -33.5576
  49160.00   -34.4112
  49170.00   -34.2009
  49180.00   -34.3070
  49190.00   -33.2931
  49200.00   -34.4092
  49210.00   -34.0994
  49220.00   -33.9036
  49230.00   -33.6233
  49240.00   -34.0741
  49250.00   -33.9354
  49260.00   -34.3792
  49270.00   -34.2917
  49280.00   -33.8821
  49290.00   -34.1960
  49300.00   -33.7886
  49310.00   -33.7523
  49320.00   -33.8024
  49330.00   -33.6640
  49340.00   -33.6892
  49350.00   -34.2846
  49360.00   -34.0650
  49370.00   -33.6917
  49380.00   -34.2011
  49390.00   -34.0276
  49400.00   -34.0315
  49410.00   -33.7109
  49420.00   -33.4668
  49430.00   -33.8691
  49440.00   -34.1702
  49450.00   -34.0595
  49460.00   -33.7686
  49470.00   -34.1022
  49480.00   -33.8686
  49490.00   -33.6399
  49500.00   -34.2726
  49510.00   -33.9082
  49520.00   -34.2521
  49530.00   -33.8937
  49540.00   -34.1036
  49550.00   -33.8725
  49560.00   -34.1915
  49570.00   -34.0599
  49580.00   -33.7162
  49590.00   -34.0985
  49600.00   -33.9294
  49610.00   -33.7467
  49620.00   -33.6698
  49630.00   -34.1007
  49640.00   -34.0166
  49650.00   -34.3616
  49660.00   -33.9445
  49670.00   -34.1889
  49680.00   -33.8389
  49690.00   -34.0846
  49700.00   -34.2080
  49710.00   -33.6919
  49720.00   -34.0821
  49730.00   -34.0475
  49740.00   -33.9449
  49750.00   -34.0364
  49760.00   -34.0062
  49770.00   -34.0727
  49780.00   -34.1129
  49790.00   -33.7762
  49800.00   -33.8383
  49810.00   -34.2736
  49820.00   -34.5303
  49830.00   -33.7234
  49840.00   -34.0457
  49850.00   -33.9731
  49860.00   -34.0900
  49870.00   -33.6305
  49880.00   -33.9289
  49890.00   -33.7508
  49900.00   -34.2941
  49910.00   -33.9579
  49920.00   -33.9365
  49930.00   -33.9741
  49940.00   -34.2078
  49950.00   -33.6591
  49960.00   -34.0822
  49970.00   -34.1451
  49980.00   -33.5868
  49990.00   -34.2123
  50000.00   -33.8680
