     10.00   -15.9105
     20.00   -16.3014
     30.00   -15.6054
     40.00   -15.7999
     50.00   -16.3032
     60.00   -15.7154
     70.00   -15.9621
     80.00   -16.0964
     90.00   -15.9073
    100.00   -16.2067
    110.00   -16.0340
    120.00   -16.2429
    130.00   -16.2957
    140.00   -15.9814
    150.00   -15.9138
    160.00   -15.8445
    170.00   -16.4190
    180.00   -15.2689
    190.00   -16.1153
    200.00   -16.1670
    210.00   -15.7309
    220.00   -16.3441
    230.00   -16.2305
    240.00   -15.8442
    250.00   -16.0016
    260.00   -15.7219
    270.00   -15.5638
    280.00   -15.6980
    290.00   -15.8979
    300.00   -15.8864
    310.00   -15.8025
    320.00   -15.3369
    330.00   -15.9421
    340.00   -16.0170
    350.00   -16.5157
    360.00   -16.4008
    370.00   -16.2934
    380.00   -15.6851
    390.00   -16.0372
    400.00   -15.9509
    410.00   -16.0050
    420.00   -16.0730
    430.00   -16.1069
    440.00   -16.2231
    450.00   -16.2369
    460.00   -15.8637
    470.00   -16.4140
    480.00   -15.7809
    490.00   -15.9744
    500.00   -15.8995
    510.00   -15.9925
    520.00   -15.9469
    530.00   -16.1947
    540.00   -16.0281
    550.00   -16.6786
    560.00   -16.0011
    570.00   -15.7786
    580.00   -15.8016
    590.00   -15.9990
    600.00   -16.2359
    610.00   -16.3666
    620.00   -16.3846
    630.00   -16.1321
    640.00   -16.0803
    650.00   -15.8510
    660.00   -15.7487
    670.00   -16.4242
    680.00   -15.5298
    690.00   -16.0287
    700.00   -16.2017
    710.00   -15.4554
    720.00   -15.6089
    730.00   -15.7237
    740.00   -16.4401
    750.00   -16.0099
    760.00   -15.7050
    770.00   -15.8215
    780.00   -16.3477
    790.00   -16.0985
    800.00   -15.9364
    810.00   -16.3300
    820.00   -16.5796
    830.00   -15.4857
    840.00   -16.0812
    850.00   -15.9850
    860.00   -15.5208
    870.00   -16.3866
    880.00   -16.0706
    890.00   -16.1723
    900.00   -15.7629
    910.00   -16.0511
    920.00   -16.3702
    930.00   -15.8853
    940.00   -16.2595
    950.00   -16.1130
    960.00   -16.1667
    970.00   -15.8178
    980.00   -16.1983
    990.00   -16.4219
   1000.00   -15.9836
   1010.00   -15.6682
   1020.00   -15.8244
   1030.00   -15.6860
   1040.00   -16.2209
   1050.00   -16.2927
   1060.00   -16.0461
   1070.00   -15.8618
   1080.00   -15.8932
   1090.00   -15.6459
   1100.00   -15.6167
   1110.00   -16.2584
   1120.00   -15.9305
   1130.00   -16.0720
   1140.00   -16.3541
   1150.00   -16.2695
   1160.00   -16.1829
   1170.00   -16.1816
   1180.00   -16.4269
   1190.00   -15.6903
   1200.00   -15.7124
   1210.00   -15.8760
   1220.00   -15.7253
   1230.00   -16.1504
   1240.00   -15.9513
   1250.00   -16.3377
   1260.00   -16.0584
   1270.00   -16.5414
   1280.00   -16.2646
   1290.00   -15.7974
   1300.00   -16.0087
   1310.00   -15.7103
   1320.00   -16.0569
   1330.00   -16.0988
   1340.00   -15.9891
   1350.00   -16.0973
   1360.00   -16.3251
   1370.00   -16.0899
   1380.00   -16.0417
   1390.00   -16.6208
   1400.00   -15.8719
   1410.00   -15.6470
   1420.00   -16.2021
   1430.00   -16.1212
   1440.00   -16.1763
   1450.00   -15.9588
   1460.00   -15.9834
   1470.00   -16.1365
   1480.00   -16.1273
   1490.00   -15.9114
   1500.00   -16.2405
   1510.00   -16.0690
   1520.00   -15.6342
   1530.00   -16.0326
   1540.00   -15.6126
   1550.00   -15.7165
   1560.00   -15.5425
   1570.00   -16.0352
   1580.00   -16.2940
   1590.00   -16.1278
   1600.00   -15.8209
   1610.00   -15.7823
   1620.00   -16.1738
   1630.00   -15.8023
   1640.00   -16.1917
   1650.00   -15.9634
   1660.00   -15.7167
   1670.00   -16.1439
   1680.00   -16.3478
   1690.00   -16.1432
   1700.00   -16.2718
   1710.00   -15.8288
   1720.00   -16.0516
   1730.00   -15.7085
   1740.00   -15.4223
   1750.00   -15.6676
   1760.00   -15.5406
   1770.00   -15.9119
   1780.00   -15.7963
   1790.00   -16.0898
   1800.00   -16.0737
   1810.00   -15.6773
   1820.00   -16.3329
   1830.00   -15.5675
   1840.00   -16.2421
   1850.00   -15.6011
   1860.00   -16.0510
   1870.00   -15.9020
   1880.00   -16.0770
   1890.00   -15.5944
   1900.00   -16.2242
   1910.00   -15.9725
   1920.00   -16.2187
   1930.00   -16.2626
   1940.00   -16.3420
   1950.00   -16.0801
   1960.00   -16.1352
   1970.00   -15.8576
   1980.00   -16.6629
   1990.00   -16.0576
   2000.00   -15.7189
   2010.00   -15.7878
   2020.00   -15.8775
   2030.00   -15.9113
   2040.00   -16.1649
   2050.00   -15.8741
   2060.00   -16.1308
   2070.00   -16.0748
   2080.00   -15.8763
   2090.00   -16.1363
   2100.00   -16.3535
   2110.00   -15.9194
   2120.00   -16.2491
   2130.00   -16.0255
   2140.00   -15.9753
   2150.00   -16.1326
   2160.00   -15.7207
   2170.00   -16.8501
   2180.00   -15.8769
   2190.00   -15.6841
   2200.00   -16.8981
   2210.00   -16.1888
   2220.00   -16.3360
   2230.00   -15.8120
   2240.00   -16.3441
   2250.00   -15.8292
   2260.00   -15.8441
   2270.00   -15.6483
   2280.00   -16.0859
   2290.00   -16.4478
   2300.00   -16.0301
   2310.00   -16.4159
   2320.00   -15.9171
   2330.00   -16.2998
   2340.00   -15.9363
   2350.00   -15.5006
   2360.00   -16.2752
   2370.00   -15.7840
   2380.00   -15.8585
   2390.00   -15.7353
   2400.00   -16.5360
   2410.00   -16.1463
   2420.00   -16.2768
   2430.00   -16.0544
   2440.00   -16.0884
   2450.00   -16.1323
   2460.00   -16.2639
   2470.00   -16.1745
   2480.00   -16.1801
   2490.00   -16.2179
   2500.00   -16.3259
   2510.00   -16.3518
   2520.00   -16.0579
   2530.00   -15.9857
   2540.00   -15.8498
   2550.00   -16.2681
   2560.00   -15.6868
   2570.00   -15.8738
   2580.00   -16.0133
   2590.00   -15.9377
   2600.00   -16.5084
   2610.00   -15.9970
   2620.00   -16.0202
   2630.00   -16.0480
   2640.00   -16.2710
   2650.00   -16.0744
   2660.00   -15.8065
   2670.00   -15.9271
   2680.00   -16.4121
   2690.00   -16.1629
   2700.00   -15.6719
   2710.00   -16.6419
   2720.00   -16.0663
   2730.00   -16.0649
   2740.00   -15.8509
   2750.00   -15.1338
   2760.00   -15.9568
   2770.00   -15.4937
   2780.00   -16.3699
   2790.00   -15.8650
   2800.00   -16.0822
   2810.00   -16.7153
   2820.00   -15.7303
   2830.00   -16.0686
   2840.00   -15.9685
   2850.00   -15.8164
   2860.00   -15.4964
   2870.00   -16.3743
   2880.00   -16.0638
   2890.00   -16.0268
   2900.00   -16.0326
   2910.00   -15.8379
   2920.00   -16.2084
   2930.00   -15.8564
   2940.00   -15.6101
   2950.00   -15.9100
   2960.00   -16.1328
   2970.00   -15.6168
   2980.00   -15.9629
   2990.00   -16.1679
   3000.00   -15.7676
   3010.00   -15.5765
   3020.00   -16.1279
   3030.00   -15.9033
   3040.00   -16.3801
   3050.00   -16.1609
   3060.00   -15.9442
   3070.00   -15.6268
   3080.00   -15.6958
   3090.00   -15.7987
   3100.00   -15.8861
   3110.00   -15.9274
   3120.00   -15.9971
   3130.00   -15.6794
   3140.00   -16.0403
   3150.00   -16.1484
   3160.00   -16.6632
   3170.00   -16.3811
   3180.00   -15.8553
   3190.00   -16.1895
   3200.00   -15.8168
   3210.00   -16.2360
   3220.00   -15.9355
   3230.00   -16.1715
   3240.00   -16.4158
   3250.00   -15.8028
   3260.00   -16.6389
   3270.00   -16.2315
   3280.00   -16.2832
   3290.00   -15.7868
   3300.00   -15.8869
   3310.00   -16.0094
   3320.00   -16.4563
   3330.00   -15.5101
   3340.00   -16.5739
   3350.00   -15.4982
   3360.00   -16.1883
   3370.00   -15.9958
   3380.00   -16.4117
   3390.00   -16.1392
   3400.00   -15.9348
   3410.00   -15.9331
   3420.00   -16.5750
   3430.00   -15.9431
   3440.00   -15.9427
   3450.00   -16.1431
   3460.00   -16.0221
   3470.00   -16.0912
   3480.00   -16.2615
   3490.00   -15.8849
   3500.00   -15.6774
   3510.00   -15.2847
   3520.00   -16.0078
   3530.00   -15.9264
   3540.00   -15.2549
   3550.00   -16.7989
   3560.00   -16.2928
   3570.00   -16.0843
   3580.00   -15.7373
   3590.00   -16.0586
   3600.00   -16.1753
   3610.00   -15.7918
   3620.00   -15.1634
   3630.00   -15.5166
   3640.00   -16.5145
   3650.00   -15.9590
   3660.00   -16.1949
   3670.00   -16.0951
   3680.00   -16.1438
   3690.00   -15.9330
   3700.00   -16.9347
   3710.00   -16.0096
   3720.00   -15.7990
   3730.00   -15.7336
   3740.00   -16.0006
   3750.00   -15.9946
   3760.00   -16.3307
   3770.00   -15.8158
   3780.00   -15.9701
   3790.00   -16.1697
   3800.00   -16.1818
   3810.00   -15.9041
   3820.00   -16.3771
   3830.00   -16.0733
   3840.00   -15.6841
   3850.00   -16.0086
   3860.00   -16.2671
   3870.00   -16.0097
   3880.00   -15.8001
   3890.00   -16.0304
   3900.00   -15.7919
   3910.00   -15.6055
   3920.00   -16.2463
   3930.00   -16.2110
   3940.00   -16.6301
   3950.00   -16.2859
   3960.00   -16.3791
   3970.00   -16.2872
   3980.00   -16.2892
   3990.00   -15.9128
   4000.00   -16.3049
   4010.00   -16.3298
   4020.00   -16.3380
   4030.00   -16.2638
   4040.00   -16.5053
   4050.00   -16.5959
   4060.00   -15.9402
   4070.00   -16.1050
   4080.00   -15.3883
   4090.00   -15.9235
   4100.00   -15.4119
   4110.00   -15.7195
   4120.00   -16.0331
   4130.00   -15.8135
   4140.00   -16.0883
   4150.00   -15.8660
   4160.00   -16.6069
   4170.00   -15.7959
   4180.00   -16.0710
   4190.00   -15.8426
   4200.00   -14.9285
   4210.00   -15.5196
   4220.00   -15.6661
   4230.00   -16.2172
   4240.00   -15.7979
   4250.00   -16.2748
   4260.00   -16.4521
   4270.00   -16.3143
   4280.00   -16.4774
   4290.00   -15.9943
   4300.00   -15.9839
   4310.00   -15.6812
   4320.00   -15.9613
   4330.00   -15.9761
   4340.00   -15.3746
   4350.00   -15.5902
   4360.00   -15.8183
   4370.00   -15.8134
   4380.00   -16.0757
   4390.00   -15.7268
   4400.00   -15.8203
   4410.00   -15.8934
   4420.00   -15.9978
   4430.00   -15.2910
   4440.00   -16.3625
   4450.00   -16.0017
   4460.00   -16.0865
   4470.00   -15.6591
   4480.00   -15.9253
   4490.00   -16.5737
   4500.00   -15.5064
   4510.00   -16.0352
   4520.00   -15.6897
   4530.00   -15.7834
   4540.00   -16.0819
   4550.00   -15.9085
   4560.00   -16.2029
   4570.00   -16.1303
   4580.00   -15.3886
   4590.00   -16.1040
   4600.00   -15.9443
   4610.00   -16.0267
   4620.00   -15.5869
   4630.00   -15.4751
   4640.00   -16.3612
   4650.00   -15.9345
   4660.00   -16.4261
   4670.00   -16.3955
   4680.00   -15.8339
   4690.00   -16.1368
   4700.00   -16.0256
   4710.00   -15.7723
   4720.00   -16.2461
   4730.00   -15.1550
   4740.00   -16.1090
   4750.00   -16.0147
   4760.00   -15.8333
   4770.00   -16.1328
   4780.00   -16.5251
   4790.00   -16.5056
   4800.00   -16.5296
   4810.00   -15.7230
   4820.00   -16.1015
   4830.00   -16.2935
   4840.00   -15.7856
   4850.00   -16.0498
   4860.00   -16.3000
   4870.00   -15.7485
   4880.00   -16.3632
   4890.00   -16.8764
   4900.00   -15.9924
   4910.00   -16.3964
   4920.00   -15.6551
   4930.00   -16.0452
   4940.00   -15.9644
   4950.00   -15.9429
   4960.00   -15.8951
   4970.00   -15.7764
   4980.00   -15.9280
   4990.00   -15.8530
   5000.00   -16.1460
   5010.00   -16.1464
   5020.00   -16.0393
   5030.00   -16.0677
   5040.00   -16.0797
   5050.00   -16.6514
   5060.00   -16.3154
   5070.00   -15.9872
   5080.00   -15.4582
   5090.00   -16.2953
   5100.00   -16.2140
   5110.00   -16.3665
   5120.00   -15.6850
   5130.00   -15.7924
   5140.00   -16.2606
   5150.00   -15.8251
   5160.00   -16.0739
   5170.00   -15.8914
   5180.00   -15.9681
   5190.00   -15.8212
   5200.00   -15.9448
   5210.00   -15.8843
   5220.00   -15.8324
   5230.00   -16.0332
   5240.00   -15.1832
   5250.00   -15.4887
   5260.00   -15.9729
   5270.00   -15.2860
   5280.00   -15.7762
   5290.00   -15.8587
   5300.00   -15.5509
   5310.00   -15.5774
   5320.00   -15.7137
   5330.00   -16.0030
   5340.00   -16.4451
   5350.00   -15.8371
   5360.00   -16.0884
   5370.00   -15.7443
   5380.00   -16.0949
   5390.00   -16.0180
   5400.00   -16.1203
   5410.00   -15.8700
   5420.00   -15.5634
   5430.00   -16.2438
   5440.00   -16.1663
   5450.00   -15.9691
   5460.00   -15.6887
   5470.00   -16.4221
   5480.00   -16.0856
   5490.00   -16.2903
   5500.00   -16.3576
   5510.00   -16.5142
   5520.00   -16.3743
   5530.00   -16.2871
   5540.00   -16.2796
   5550.00   -16.5599
   5560.00   -16.2405
   5570.00   -16.0373
   5580.00   -15.7215
   5590.00   -16.0942
   5600.00   -16.1308
   5610.00   -16.1050
   5620.00   -15.9752
   5630.00   -15.6022
   5640.00   -16.3173
   5650.00   -16.2166
   5660.00   -16.2902
   5670.00   -16.1103
   5680.00   -16.2208
   5690.00   -16.0417
   5700.00   -15.5378
   5710.00   -15.9324
   5720.00   -15.8952
   5730.00   -16.1339
   5740.00   -16.2793
   5750.00   -16.3821
   5760.00   -16.0846
   5770.00   -15.4669
   5780.00   -15.5098
   5790.00   -15.9050
   5800.00   -15.6684
   5810.00   -16.1293
   5820.00   -15.7251
   5830.00   -16.0089
   5840.00   -15.9492
   5850.00   -15.9453
   5860.00   -15.7441
   5870.00   -15.7990
   5880.00   -15.5999
   5890.00   -16.0018
   5900.00   -15.8414
   5910.00   -15.7376
   5920.00   -15.8488
   5930.00   -15.3282
   5940.00   -16.0772
   5950.00   -16.0120
   5960.00   -16.0025
   5970.00   -15.6892
   5980.00   -15.7823
   5990.00   -16.2482
   6000.00   -16.0058
   6010.00   -16.0901
   6020.00   -15.9354
   6030.00   -16.3145
   6040.00   -15.6598
   6050.00   -16.0633
   6060.00   -16.4401
   6070.00   -15.8407
   6080.00   -16.0954
   6090.00   -15.7360
   6100.00   -15.8910
   6110.00   -15.6225
   6120.00   -16.0189
   6130.00   -16.1190
   6140.00   -15.9695
   6150.00   -15.8459
   6160.00   -15.9895
   6170.00   -15.6129
   6180.00   -15.8658
   6190.00   -15.8772
   6200.00   -16.2503
   6210.00   -15.6172
   6220.00   -15.5398
   6230.00   -15.3101
   6240.00   -15.5486
   6250.00   -16.0205
   6260.00   -16.1229
   6270.00   -15.8868
   6280.00   -16.2836
   6290.00   -16.1007
   6300.00   -15.8609
   6310.00   -15.8650
   6320.00   -15.8821
   6330.00   -16.1469
   6340.00   -16.2285
   6350.00   -15.8406
   6360.00   -15.9241
   6370.00   -16.2884
   6380.00   -15.7296
   6390.00   -15.9003
   6400.00   -16.2999
   6410.00   -15.9834
   6420.00   -15.8751
   6430.00   -15.8907
   6440.00   -16.1074
   6450.00   -15.6625
   6460.00   -15.9048
   6470.00   -15.2761
   6480.00   -16.1895
   6490.00   -15.7003
   6500.00   -15.7791
   6510.00   -16.4489
   6520.00   -15.8811
   6530.00   -15.7640
   6540.00   -16.1997
   6550.00   -15.3036
   6560.00   -16.0449
   6570.00   -15.8532
   6580.00   -16.3574
   6590.00   -15.8535
   6600.00   -15.9004
   6610.00   -16.1229
   6620.00   -15.8982
   6630.00   -15.7558
   6640.00   -15.7381
   6650.00   -15.9405
   6660.00   -16.1437
   6670.00   -15.7595
   6680.00   -15.8825
   6690.00   -15.8379
   6700.00   -16.1378
   6710.00   -15.5089
   6720.00   -16.0031
   6730.00   -15.5926
   6740.00   -15.7386
   6750.00   -15.8373
   6760.00   -15.4439
   6770.00   -15.6095
   6780.00   -15.3970
   6790.00   -15.9347
   6800.00   -15.3579
   6810.00   -15.6625
   6820.00   -15.6277
   6830.00   -16.3912
   6840.00   -15.5459
   6850.00   -15.6115
   6860.00   -15.5030
   6870.00   -15.3776
   6880.00   -16.0391
   6890.00   -15.6388
   6900.00   -16.0373
   6910.00   -15.6763
   6920.00   -15.8560
   6930.00   -16.1180
   6940.00   -16.1543
   6950.00   -16.1528
   6960.00   -15.7345
   6970.00   -16.5974
   6980.00   -16.1917
   6990.00   -16.1272
   7000.00   -15.6641
   7010.00   -15.8981
   7020.00   -15.8389
   7030.00   -16.1288
   7040.00   -15.8028
   7050.00   -15.7525
   7060.00   -15.7022
   7070.00   -16.0603
   7080.00   -15.3264
   7090.00   -15.7930
   7100.00   -16.5949
   7110.00   -16.2056
   7120.00   -16.0111
   7130.00   -15.8154
   7140.00   -16.2554
   7150.00   -15.9961
   7160.00   -15.7386
   7170.00   -15.9643
   7180.00   -15.8724
   7190.00   -15.9197
   7200.00   -16.1270
   7210.00   -15.9199
   7220.00   -16.1366
   7230.00   -16.5570
   7240.00   -15.8182
   7250.00   -16.2019
   7260.00   -16.6001
   7270.00   -15.9178
   7280.00   -16.1187
   7290.00   -16.4658
   7300.00   -15.5764
   7310.00   -16.0417
   7320.00   -15.6397
   7330.00   -15.8563
   7340.00   -15.9176
   7350.00   -15.8937
   7360.00   -16.1464
   7370.00   -16.2587
   7380.00   -16.0349
   7390.00   -16.0258
   7400.00   -15.9724
   7410.00   -16.2454
   7420.00   -16.2713
   7430.00   -16.1854
   7440.00   -16.1735
   7450.00   -16.1905
   7460.00   -15.5709
   7470.00   -16.1849
   7480.00   -16.2011
   7490.00   -16.1360
   7500.00   -16.3607
   7510.00   -15.8313
   7520.00   -15.9161
   7530.00   -16.1073
   7540.00   -16.1976
   7550.00   -15.8545
   7560.00   -15.9947
   7570.00   -16.1768
   7580.00   -15.8293
   7590.00   -16.1761
   7600.00   -15.9419
   7610.00   -15.9369
   7620.00   -15.8183
   7630.00   -15.2855
   7640.00   -16.1784
   7650.00   -15.7828
   7660.00   -16.2172
   7670.00   -16.1166
   7680.00   -15.8347
   7690.00   -16.0967
   7700.00   -16.0369
   7710.00   -16.1723
   7720.00   -15.8311
   7730.00   -15.8058
   7740.00   -15.7653
   7750.00   -15.8511
   7760.00   -16.0319
   7770.00   -16.3792
   7780.00   -16.0163
   7790.00   -16.1636
   7800.00   -16.0733
   7810.00   -15.6776
   7820.00   -16.2382
   7830.00   -15.5745
   7840.00   -16.1046
   7850.00   -15.9821
   7860.00   -16.2563
   7870.00   -15.9273
   7880.00   -16.0876
   7890.00   -15.9381
   7900.00   -16.0631
   7910.00   -15.9603
   7920.00   -15.8082
   7930.00   -16.4064
   7940.00   -16.3657
   7950.00   -16.3527
   7960.00   -16.1219
   7970.00   -16.2827
   7980.00   -16.3883
   7990.00   -16.2126
   8000.00   -15.7645
   8010.00   -16.3797
   8020.00   -16.0606
   8030.00   -16.1285
   8040.00   -16.1373
   8050.00   -16.1037
   8060.00   -16.2189
   8070.00   -15.9148
   8080.00   -15.5039
   8090.00   -16.4477
   8100.00   -16.0352
   8110.00   -15.7780
   8120.00   -16.1489
   8130.00   -15.4478
   8140.00   -15.8707
   8150.00   -15.6318
   8160.00   -16.0349
   8170.00   -15.7471
   8180.00   -15.8115
   8190.00   -16.7894
   8200.00   -16.1779
   8210.00   -15.8666
   8220.00   -15.9911
   8230.00   -16.3162
   8240.00   -16.6874
   8250.00   -16.0593
   8260.00   -16.2113
   8270.00   -15.5960
   8280.00   -15.8742
   8290.00   -15.8597
   8300.00   -15.4511
   8310.00   -15.8843
   8320.00   -15.9612
   8330.00   -15.8493
   8340.00   -16.3884
   8350.00   -16.2043
   8360.00   -16.0466
   8370.00   -16.1024
   8380.00   -16.4599
   8390.00   -16.1275
   8400.00   -16.3519
   8410.00   -15.7733
   8420.00   -16.1777
   8430.00   -15.5643
   8440.00   -15.9867
   8450.00   -15.7163
   8460.00   -15.9343
   8470.00   -16.4909
   8480.00   -16.0034
   8490.00   -16.5305
   8500.00   -16.2605
   8510.00   -16.4175
   8520.00   -15.7041
   8530.00   -16.1789
   8540.00   -15.9586
   8550.00   -16.4323
   8560.00   -16.1431
   8570.00   -15.9916
   8580.00   -16.4114
   8590.00   -16.3980
   8600.00   -16.3017
   8610.00   -15.8462
   8620.00   -16.2033
   8630.00   -15.4627
   8640.00   -15.8185
   8650.00   -15.5981
   8660.00   -16.2376
   8670.00   -16.1413
   8680.00   -15.5455
   8690.00   -15.8060
   8700.00   -15.7592
   8710.00   -15.8031
   8720.00   -15.9291
   8730.00   -15.6599
   8740.00   -15.5726
   8750.00   -15.7353
   8760.00   -15.6673
   8770.00   -15.9902
   8780.00   -16.4198
   8790.00   -16.0444
   8800.00   -16.0467
   8810.00   -15.9255
   8820.00   -16.1235
   8830.00   -16.1132
   8840.00   -16.0017
   8850.00   -15.7761
   8860.00   -15.8089
   8870.00   -16.0056
   8880.00   -16.0303
   8890.00   -15.6601
   8900.00   -15.9500
   8910.00   -16.1034
   8920.00   -16.4419
   8930.00   -15.7799
   8940.00   -16.0851
   8950.00   -16.2645
   8960.00   -16.0449
   8970.00   -15.7629
   8980.00   -16.4838
   8990.00   -16.0357
   9000.00   -16.6556
   9010.00   -15.6192
   9020.00   -16.0912
   9030.00   -15.7579
   9040.00   -16.6295
   9050.00   -16.1652
   9060.00   -16.3254
   9070.00   -15.9601
   9080.00   -15.8860
   9090.00   -16.1254
   9100.00   -15.8212
   9110.00   -16.6760
   9120.00   -16.3333
   9130.00   -16.2349
   9140.00   -16.2292
   9150.00   -16.0894
   9160.00   -15.6152
   9170.00   -16.2273
   9180.00   -15.4365
   9190.00   -16.1552
   9200.00   -16.1728
   9210.00   -15.8694
   9220.00   -15.8814
   9230.00   -16.0208
   9240.00   -15.7271
   9250.00   -15.8464
   9260.00   -15.5928
   9270.00   -16.0764
   9280.00   -16.1598
   9290.00   -15.9311
   9300.00   -15.7555
   9310.00   -16.1984
   9320.00   -15.8015
   9330.00   -16.1209
   9340.00   -15.4528
   9350.00   -15.4675
   9360.00   -16.6122
   9370.00   -15.8855
   9380.00   -15.6526
   9390.00   -15.9580
   9400.00   -16.0357
   9410.00   -15.7616
   9420.00   -16.0611
   9430.00   -16.3062
   9440.00   -16.0785
   9450.00   -16.1679
   9460.00   -16.2459
   9470.00   -16.0232
   9480.00   -15.9055
   9490.00   -15.4324
   9500.00   -16.2444
   9510.00   -15.7776
   9520.00   -15.5735
   9530.00   -15.9870
   9540.00   -16.2300
   9550.00   -15.7973
   9560.00   -16.0961
   9570.00   -15.7548
   9580.00   -15.7945
   9590.00   -15.5002
   9600.00   -16.2953
   9610.00   -15.9938
   9620.00   -16.1254
   9630.00   -16.1517
   9640.00   -16.0944
   9650.00   -16.2306
   9660.00   -15.9038
   9670.00   -15.7809
   9680.00   -16.2796
   9690.00   -16.3443
   9700.00   -16.1587
   9710.00   -16.1490
   9720.00   -15.9607
   9730.00   -15.9330
   9740.00   -16.0605
   9750.00   -15.9815
   9760.00   -16.7112
   9770.00   -16.2920
   9780.00   -16.4186
   9790.00   -16.0483
   9800.00   -16.1105
   9810.00   -15.6865
   9820.00   -16.5172
   9830.00   -16.0861
   9840.00   -16.0203
   9850.00   -15.9722
   9860.00   -15.9689
   9870.00   -16.3156
   9880.00   -15.8192
   9890.00   -15.7499
   9900.00   -15.6536
   9910.00   -15.7673
   9920.00   -15.9545
   9930.00   -15.9259
   9940.00   -15.9039
   9950.00   -16.2329
   9960.00   -15.9247
   9970.00   -16.0512
   9980.00   -16.1571
   9990.00   -16.1677
  10000.00   -15.7785
  10010.00   -15.7842
  10020.00   -15.6583
  10030.00   -15.6283
  10040.00   -15.8094
  10050.00   -16.2011
  10060.00   -16.0198
  10070.00   -15.9754
  10080.00   -15.8210
  10090.00   -16.0642
  10100.00   -15.9835
  10110.00   -15.7956
  10120.00   -15.9648
  10130.00   -16.1807
  10140.00   -16.0823
  10150.00   -15.8914
  10160.00   -15.8950
  10170.00   -16.1709
  10180.00   -16.0739
  10190.00   -15.6817
  10200.00   -16.4147
  10210.00   -16.0194
  10220.00   -16.2186
  10230.00   -15.9936
  10240.00   -15.6842
  10250.00   -16.3311
  10260.00   -16.3041
  10270.00   -16.2263
  10280.00   -16.0009
  10290.00   -15.9502
  10300.00   -16.5184
  10310.00   -15.8873
  10320.00   -16.1034
  10330.00   -16.0321
  10340.00   -16.1086
  10350.00   -15.7334
  10360.00   -16.6144
  10370.00   -15.8582
  10380.00   -16.2806
  10390.00   -16.0383
  10400.00   -16.1027
  10410.00   -16.0140
  10420.00   -16.0005
  10430.00   -15.8848
  10440.00   -15.7509
  10450.00   -16.0542
  10460.00   -15.8592
  10470.00   -15.5809
  10480.00   -16.3964
  10490.00   -15.8643
  10500.00   -15.7793
  10510.00   -16.4410
  10520.00   -15.9605
  10530.00   -15.7938
  10540.00   -16.3329
  10550.00   -16.2440
  10560.00   -16.2466
  10570.00   -15.9046
  10580.00   -16.1617
  10590.00   -15.9445
  10600.00   -16.1297
  10610.00   -15.9974
  10620.00   -15.6586
  10630.00   -16.4708
  10640.00   -16.2927
  10650.00   -16.5450
  10660.00   -16.2816
  10670.00   -16.1103
  10680.00   -15.7506
  10690.00   -15.7467
  10700.00   -16.1351
  10710.00   -16.6162
  10720.00   -16.1587
  10730.00   -16.3886
  10740.00   -15.9419
  10750.00   -15.4579
  10760.00   -16.1844
  10770.00   -16.5070
  10780.00   -16.1492
  10790.00   -16.8837
  10800.00   -16.4285
  10810.00   -15.7976
  10820.00   -16.0342
  10830.00   -15.2855
  10840.00   -15.8285
  10850.00   -15.8970
  10860.00   -16.1996
  10870.00   -16.1557
  10880.00   -15.6760
  10890.00   -16.0680
  10900.00   -15.8664
  10910.00   -16.0089
  10920.00   -16.2970
  10930.00   -16.3648
  10940.00   -15.6903
  10950.00   -15.7695
  10960.00   -16.2772
  10970.00   -15.9698
  10980.00   -16.3607
  10990.00   -16.0490
  11000.00   -16.1531
  11010.00   -16.3398
  11020.00   -16.0111
  11030.00   -16.0474
  11040.00   -16.3726
  11050.00   -15.7007
  11060.00   -15.9068
  11070.00   -16.3518
  11080.00   -16.3634
  11090.00   -16.4460
  11100.00   -16.1709
  11110.00   -16.1953
  11120.00   -16.2779
  11130.00   -16.4739
  11140.00   -15.8127
  11150.00   -16.1910
  11160.00   -15.9129
  11170.00   -16.3566
  11180.00   -16.0998
  11190.00   -16.2862
  11200.00   -15.9292
  11210.00   -15.9931
  11220.00   -16.2890
  11230.00   -16.1153
  11240.00   -15.9329
  11250.00   -16.1919
  11260.00   -15.8934
  11270.00   -15.7049
  11280.00   -15.6485
  11290.00   -15.8688
  11300.00   -16.4838
  11310.00   -16.2155
  11320.00   -16.4780
  11330.00   -15.6239
  11340.00   -15.8018
  11350.00   -15.9600
  11360.00   -15.2632
  11370.00   -16.3295
  11380.00   -16.3872
  11390.00   -16.6590
  11400.00   -15.7397
  11410.00   -16.0556
  11420.00   -16.0128
  11430.00   -16.3369
  11440.00   -16.2461
  11450.00   -16.2998
  11460.00   -16.4074
  11470.00   -15.8503
  11480.00   -15.9974
  11490.00   -16.1909
  11500.00   -16.2014
  11510.00   -16.8735
  11520.00   -16.2888
  11530.00   -16.0359
  11540.00   -16.2935
  11550.00   -16.0483
  11560.00   -15.9139
  11570.00   -15.9454
  11580.00   -15.6469
  11590.00   -16.3923
  11600.00   -15.9083
  11610.00   -16.1535
  11620.00   -15.6102
  11630.00   -16.0205
  11640.00   -16.3161
  11650.00   -16.0298
  11660.00   -16.1393
  11670.00   -16.1638
  11680.00   -16.3405
  11690.00   -16.2913
  11700.00   -16.6118
  11710.00   -15.6697
  11720.00   -16.1131
  11730.00   -16.1124
  11740.00   -15.9440
  11750.00   -16.2354
  11760.00   -16.4008
  11770.00   -15.7048
  11780.00   -16.0614
  11790.00   -15.8076
  11800.00   -16.1342
  11810.00   -16.3374
  11820.00   -16.3958
  11830.00   -15.8707
  11840.00   -16.0476
  11850.00   -15.5339
  11860.00   -15.8153
  11870.00   -16.0715
  11880.00   -15.8783
  11890.00   -16.2008
  11900.00   -16.1193
  11910.00   -16.1991
  11920.00   -16.0769
  11930.00   -16.3376
  11940.00   -16.0306
  11950.00   -16.6009
  11960.00   -16.2482
  11970.00   -16.2362
  11980.00   -16.1867
  11990.00   -16.4080
  12000.00   -16.3190
  12010.00   -15.8293
  12020.00   -16.0963
  12030.00   -15.8474
  12040.00   -15.6667
  12050.00   -16.2917
  12060.00   -15.5319
  12070.00   -16.0679
  12080.00   -15.7341
  12090.00   -15.8703
  12100.00   -16.0710
  12110.00   -15.7519
  12120.00   -15.9424
  12130.00   -15.7949
  12140.00   -16.0612
  12150.00   -15.6087
  12160.00   -16.1202
  12170.00   -15.9545
  12180.00   -16.1582
  12190.00   -16.0083
  12200.00   -16.1754
  12210.00   -15.8531
  12220.00   -16.2566
  12230.00   -15.1423
  12240.00   -15.4129
  12250.00   -15.9931
  12260.00   -16.2621
  12270.00   -16.1635
  12280.00   -16.0921
  12290.00   -16.2020
  12300.00   -15.9329
  12310.00   -16.1405
  12320.00   -16.1111
  12330.00   -16.1427
  12340.00   -16.2600
  12350.00   -15.8413
  12360.00   -15.7965
  12370.00   -15.9133
  12380.00   -16.3398
  12390.00   -16.0709
  12400.00   -16.4764
  12410.00   -15.9609
  12420.00   -16.0826
  12430.00   -16.0343
  12440.00   -16.0346
  12450.00   -15.7173
  12460.00   -15.9546
  12470.00   -15.6317
  12480.00   -16.1002
  12490.00   -16.7169
  12500.00   -16.2880
  12510.00   -16.1144
  12520.00   -16.6149
  12530.00   -15.7461
  12540.00   -16.4469
  12550.00   -16.2113
  12560.00   -15.9760
  12570.00   -15.8013
  12580.00   -16.0259
  12590.00   -15.7714
  12600.00   -14.9680
  12610.00   -16.1803
  12620.00   -16.4921
  12630.00   -15.9414
  12640.00   -15.6204
  12650.00   -15.4609
  12660.00   -15.8905
  12670.00   -15.6680
  12680.00   -15.8005
  12690.00   -16.0957
  12700.00   -15.7741
  12710.00   -15.6633
  12720.00   -15.5406
  12730.00   -15.4179
  12740.00   -16.0474
  12750.00   -15.6228
  12760.00   -15.6760
  12770.00   -16.1609
  12780.00   -16.2133
  12790.00   -16.3939
  12800.00   -15.9416
  12810.00   -16.0105
  12820.00   -16.0360
  12830.00   -15.8505
  12840.00   -15.5990
  12850.00   -15.9308
  12860.00   -16.0922
  12870.00   -16.1136
  12880.00   -15.7333
  12890.00   -15.6636
  12900.00   -16.7389
  12910.00   -15.9994
  12920.00   -15.6015
  12930.00   -15.7341
  12940.00   -16.0095
  12950.00   -16.2087
  12960.00   -15.8864
  12970.00   -16.1665
  12980.00   -16.0512
  12990.00   -16.4482
  13000.00   -16.2978
  13010.00   -16.2450
  13020.00   -15.7730
  13030.00   -15.9615
  13040.00   -16.1870
  13050.00   -16.1823
  13060.00   -16.0555
  13070.00   -15.9651
  13080.00   -15.9674
  13090.00   -15.9868
  13100.00   -15.9821
  13110.00   -15.7573
  13120.00   -15.9390
  13130.00   -15.9100
  13140.00   -15.7904
  13150.00   -16.4753
  13160.00   -16.1362
  13170.00   -15.7589
  13180.00   -16.2051
  13190.00   -16.2950
  13200.00   -16.2682
  13210.00   -16.2451
  13220.00   -15.3814
  13230.00   -16.1703
  13240.00   -16.5829
  13250.00   -16.5293
  13260.00   -15.7414
  13270.00   -16.3314
  13280.00   -16.0826
  13290.00   -16.1804
  13300.00   -16.0123
  13310.00   -15.4356
  13320.00   -16.2419
  13330.00   -16.2698
  13340.00   -15.8417
  13350.00   -15.8554
  13360.00   -16.3302
  13370.00   -16.0122
  13380.00   -15.9183
  13390.00   -16.0559
  13400.00   -16.2055
  13410.00   -16.3961
  13420.00   -16.1652
  13430.00   -15.9849
  13440.00   -15.9686
  13450.00   -16.0311
  13460.00   -15.4824
  13470.00   -16.0958
  13480.00   -17.2299
  13490.00   -15.9918
  13500.00   -16.2485
  13510.00   -16.0111
  13520.00   -16.5686
  13530.00   -15.8139
  13540.00   -15.6976
  13550.00   -16.0752
  13560.00   -16.0892
  13570.00   -15.5250
  13580.00   -15.6883
  13590.00   -15.7822
  13600.00   -15.7656
  13610.00   -15.8276
  13620.00   -15.6952
  13630.00   -16.0242
  13640.00   -15.7755
  13650.00   -16.0717
  13660.00   -16.3871
  13670.00   -15.9820
  13680.00   -15.7700
  13690.00   -16.2639
  13700.00   -16.0454
  13710.00   -16.0503
  13720.00   -15.8955
  13730.00   -16.1423
  13740.00   -15.6984
  13750.00   -15.4397
  13760.00   -16.1802
  13770.00   -15.7773
  13780.00   -15.2874
  13790.00   -16.0739
  13800.00   -16.6302
  13810.00   -15.9488
  13820.00   -16.2980
  13830.00   -15.8745
  13840.00   -16.2815
  13850.00   -15.8044
  13860.00   -15.7741
  13870.00   -15.7957
  13880.00   -15.4140
  13890.00   -16.0838
  13900.00   -15.8342
  13910.00   -16.0417
  13920.00   -15.7076
  13930.00   -15.9513
  13940.00   -15.6704
  13950.00   -16.2281
  13960.00   -15.6304
  13970.00   -15.8111
  13980.00   -16.3056
  13990.00   -16.0338
  14000.00   -15.7540
  14010.00   -15.7360
  14020.00   -16.1338
  14030.00   -15.6481
  14040.00   -15.1288
  14050.00   -15.6229
  14060.00   -15.9325
  14070.00   -16.1026
  14080.00   -16.0690
  14090.00   -15.6852
  14100.00   -15.4383
  14110.00   -15.7465
  14120.00   -15.8769
  14130.00   -15.8827
  14140.00   -15.4304
  14150.00   -16.1840
  14160.00   -15.5096
  14170.00   -15.5903
  14180.00   -15.5208
  14190.00   -16.0372
  14200.00   -16.2506
  14210.00   -16.2697
  14220.00   -16.0738
  14230.00   -15.8832
  14240.00   -15.6374
  14250.00   -15.8590
  14260.00   -15.4253
  14270.00   -15.9039
  14280.00   -16.2149
  14290.00   -15.7627
  14300.00   -15.7711
  14310.00   -15.6891
  14320.00   -15.6984
  14330.00   -15.9233
  14340.00   -15.7517
  14350.00   -16.2474
  14360.00   -15.5559
  14370.00   -15.6975
  14380.00   -15.7620
  14390.00   -15.4787
  14400.00   -15.5024
  14410.00   -15.3072
  14420.00   -15.6560
  14430.00   -15.8415
  14440.00   -15.9399
  14450.00   -16.3748
  14460.00   -15.9258
  14470.00   -15.9844
  14480.00   -16.0333
  14490.00   -16.1048
  14500.00   -15.9977
  14510.00   -16.7023
  14520.00   -16.2386
  14530.00   -15.6456
  14540.00   -16.4503
  14550.00   -16.3735
  14560.00   -15.8708
  14570.00   -16.0378
  14580.00   -15.6285
  14590.00   -16.3240
  14600.00   -16.1230
  14610.00   -16.5099
  14620.00   -16.0223
  14630.00   -15.8249
  14640.00   -16.0285
  14650.00   -15.4884
  14660.00   -15.9287
  14670.00   -16.1582
  14680.00   -15.9084
  14690.00   -15.8044
  14700.00   -15.7859
  14710.00   -15.7185
  14720.00   -16.1245
  14730.00   -15.9560
  14740.00   -15.5543
  14750.00   -15.8614
  14760.00   -16.2642
  14770.00   -16.3905
  14780.00   -16.1466
  14790.00   -16.5009
  14800.00   -16.5441
  14810.00   -16.1122
  14820.00   -16.2274
  14830.00   -16.2246
  14840.00   -15.8449
  14850.00   -15.9373
  14860.00   -16.0645
  14870.00   -15.7853
  14880.00   -16.0734
  14890.00   -15.9070
  14900.00   -15.6943
  14910.00   -16.0706
  14920.00   -16.1677
  14930.00   -16.2719
  14940.00   -15.9729
  14950.00   -16.6409
  14960.00   -16.5588
  14970.00   -15.7839
  14980.00   -15.9859
  14990.00   -16.2903
  15000.00   -16.3656
  15010.00   -16.5729
  15020.00   -16.1590
  15030.00   -15.8232
  15040.00   -16.2017
  15050.00   -15.5613
  15060.00   -16.1065
  15070.00   -15.2309
  15080.00   -15.3990
  15090.00   -16.0325
  15100.00   -15.8338
  15110.00   -15.9839
  15120.00   -16.0436
  15130.00   -15.6432
  15140.00   -15.8220
  15150.00   -16.2547
  15160.00   -15.6667
  15170.00   -16.0879
  15180.00   -15.8066
  15190.00   -15.9734
  15200.00   -15.9108
  15210.00   -15.6073
  15220.00   -16.2951
  15230.00   -15.4983
  15240.00   -16.4877
  15250.00   -15.7248
  15260.00   -15.5948
  15270.00   -15.5822
  15280.00   -15.7645
  15290.00   -16.2619
  15300.00   -16.1481
  15310.00   -16.2275
  15320.00   -16.1534
  15330.00   -16.5032
  15340.00   -16.1085
  15350.00   -15.5792
  15360.00   -16.0914
  15370.00   -16.1042
  15380.00   -16.0501
  15390.00   -15.9128
  15400.00   -15.8937
  15410.00   -16.2428
  15420.00   -16.3687
  15430.00   -16.1360
  15440.00   -16.1893
  15450.00   -16.2018
  15460.00   -16.0076
  15470.00   -15.8570
  15480.00   -16.1158
  15490.00   -16.6385
  15500.00   -15.9730
  15510.00   -16.4455
  15520.00   -15.7043
  15530.00   -16.2552
  15540.00   -15.5811
  15550.00   -16.2676
  15560.00   -15.8192
  15570.00   -16.0391
  15580.00   -15.4274
  15590.00   -15.8831
  15600.00   -15.9428
  15610.00   -15.5090
  15620.00   -16.3540
  15630.00   -15.8626
  15640.00   -16.0535
  15650.00   -15.7126
  15660.00   -16.1119
  15670.00   -16.3540
  15680.00   -15.8549
  15690.00   -16.3174
  15700.00   -16.1868
  15710.00   -15.4757
  15720.00   -16.1210
  15730.00   -15.7853
  15740.00   -16.1289
  15750.00   -16.1436
  15760.00   -16.1915
  15770.00   -16.2631
  15780.00   -16.1117
  15790.00   -16.0069
  15800.00   -16.3081
  15810.00   -16.2086
  15820.00   -15.5272
  15830.00   -15.8656
  15840.00   -15.9675
  15850.00   -16.1384
  15860.00   -15.8904
  15870.00   -16.1397
  15880.00   -16.0162
  15890.00   -16.0323
  15900.00   -15.8237
  15910.00   -15.8065
  15920.00   -16.2740
  15930.00   -16.3041
  15940.00   -15.8421
  15950.00   -15.5983
  15960.00   -15.6779
  15970.00   -15.3646
  15980.00   -15.9762
  15990.00   -15.5407
  16000.00   -15.7692
  16010.00   -16.1154
  16020.00   -15.6235
  16030.00   -15.8230
  16040.00   -16.2149
  16050.00   -15.9361
  16060.00   -16.2399
  16070.00   -16.0471
  16080.00   -16.1897
  16090.00   -16.0138
  16100.00   -15.3489
  16110.00   -16.3461
  16120.00   -15.8134
  16130.00   -16.2856
  16140.00   -16.0889
  16150.00   -15.6577
  16160.00   -15.8835
  16170.00   -16.2331
  16180.00   -16.0773
  16190.00   -15.7836
  16200.00   -16.6185
  16210.00   -15.8601
  16220.00   -16.1199
  16230.00   -16.0219
  16240.00   -16.3827
  16250.00   -15.9129
  16260.00   -16.5696
  16270.00   -15.8275
  16280.00   -16.0830
  16290.00   -16.3910
  16300.00   -16.4456
  16310.00   -15.8223
  16320.00   -16.3676
  16330.00   -16.1229
  16340.00   -16.1343
  16350.00   -15.9650
  16360.00   -16.3172
  16370.00   -16.6672
  16380.00   -15.6675
  16390.00   -16.3478
  16400.00   -15.8874
  16410.00   -15.9022
  16420.00   -15.9752
  16430.00   -16.0016
  16440.00   -15.9317
  16450.00   -15.9971
  16460.00   -16.1701
  16470.00   -16.2992
  16480.00   -16.5425
  16490.00   -16.1484
  16500.00   -16.2731
  16510.00   -15.8505
  16520.00   -15.9275
  16530.00   -15.8611
  16540.00   -15.8371
  16550.00   -16.0537
  16560.00   -16.2867
  16570.00   -16.0936
  16580.00   -16.7086
  16590.00   -16.3812
  16600.00   -16.0856
  16610.00   -15.8020
  16620.00   -16.1216
  16630.00   -16.3562
  16640.00   -16.1879
  16650.00   -16.0903
  16660.00   -16.0262
  16670.00   -16.0665
  16680.00   -15.7158
  16690.00   -16.4013
  16700.00   -16.0275
  16710.00   -16.0210
  16720.00   -16.6772
  16730.00   -15.8373
  16740.00   -16.3652
  16750.00   -15.8924
  16760.00   -16.1573
  16770.00   -16.3172
  16780.00   -15.9807
  16790.00   -15.7195
  16800.00   -16.3592
  16810.00   -15.4249
  16820.00   -15.6719
  16830.00   -16.4326
  16840.00   -15.9210
  16850.00   -15.9734
  16860.00   -15.6111
  16870.00   -16.4756
  16880.00   -16.2067
  16890.00   -16.4424
  16900.00   -16.2678
  16910.00   -16.1246
  16920.00   -16.2920
  16930.00   -15.4313
  16940.00   -16.1716
  16950.00   -15.9844
  16960.00   -16.1388
  16970.00   -16.4061
  16980.00   -16.3149
  16990.00   -16.0514
  17000.00   -16.1136
  17010.00   -15.9940
  17020.00   -15.6681
  17030.00   -16.1603
  17040.00   -16.0387
  17050.00   -16.2230
  17060.00   -16.2583
  17070.00   -16.1016
  17080.00   -15.9393
  17090.00   -15.5475
  17100.00   -16.1337
  17110.00   -16.1828
  17120.00   -15.8333
  17130.00   -15.9398
  17140.00   -16.0011
  17150.00   -16.3861
  17160.00   -16.2304
  17170.00   -16.0526
  17180.00   -16.1733
  17190.00   -16.5086
  17200.00   -15.7456
  17210.00   -16.1744
  17220.00   -15.7739
  17230.00   -16.2499
  17240.00   -16.4338
  17250.00   -15.6334
  17260.00   -15.7684
  17270.00   -15.6250
  17280.00   -15.5332
  17290.00   -15.2814
  17300.00   -16.4009
  17310.00   -16.5678
  17320.00   -15.9930
  17330.00   -16.2108
  17340.00   -16.0592
  17350.00   -16.4534
  17360.00   -15.8957
  17370.00   -16.0071
  17380.00   -15.8267
  17390.00   -15.5851
  17400.00   -15.8566
  17410.00   -16.3564
  17420.00   -15.8773
  17430.00   -15.9086
  17440.00   -15.7642
  17450.00   -15.8412
  17460.00   -15.8839
  17470.00   -16.2899
  17480.00   -16.0825
  17490.00   -15.9884
  17500.00   -16.3295
  17510.00   -16.5497
  17520.00   -15.8850
  17530.00   -16.3092
  17540.00   -16.0196
  17550.00   -16.2466
  17560.00   -15.5461
  17570.00   -16.5371
  17580.00   -16.2541
  17590.00   -16.3283
  17600.00   -16.3668
  17610.00   -16.6520
  17620.00   -16.4075
  17630.00   -16.1696
  17640.00   -16.1429
  17650.00   -16.1926
  17660.00   -16.3937
  17670.00   -16.2645
  17680.00   -15.7029
  17690.00   -15.7946
  17700.00   -16.0388
  17710.00   -15.6124
  17720.00   -16.3466
  17730.00   -16.1278
  17740.00   -16.2744
  17750.00   -15.9229
  17760.00   -16.0243
  17770.00   -15.8129
  17780.00   -16.4790
  17790.00   -16.1178
  17800.00   -16.5755
  17810.00   -16.9373
  17820.00   -15.7658
  17830.00   -16.1457
  17840.00   -15.8739
  17850.00   -15.5366
  17860.00   -16.0345
  17870.00   -16.3585
  17880.00   -16.5181
  17890.00   -15.9009
  17900.00   -16.0768
  17910.00   -16.0692
  17920.00   -15.9914
  17930.00   -16.2619
  17940.00   -16.4731
  17950.00   -15.9634
  17960.00   -15.6602
  17970.00   -15.9171
  17980.00   -15.9662
  17990.00   -16.1989
  18000.00   -15.5530
  18010.00   -16.5048
  18020.00   -15.2866
  18030.00   -15.4576
  18040.00   -16.1412
  18050.00   -15.8958
  18060.00   -16.0041
  18070.00   -16.5823
  18080.00   -16.0862
  18090.00   -16.0808
  18100.00   -15.8424
  18110.00   -16.3783
  18120.00   -15.6957
  18130.00   -15.9507
  18140.00   -15.8881
  18150.00   -16.4567
  18160.00   -15.7558
  18170.00   -16.6230
  18180.00   -16.3642
  18190.00   -15.8086
  18200.00   -16.1525
  18210.00   -16.4387
  18220.00   -15.9976
  18230.00   -16.5138
  18240.00   -15.9388
  18250.00   -15.8145
  18260.00   -15.4272
  18270.00   -16.0733
  18280.00   -15.9526
  18290.00   -15.7564
  18300.00   -16.0788
  18310.00   -16.2506
  18320.00   -16.3252
  18330.00   -16.1524
  18340.00   -15.9133
  18350.00   -16.1294
  18360.00   -15.8755
  18370.00   -16.1351
  18380.00   -15.6136
  18390.00   -15.2985
  18400.00   -15.9088
  18410.00   -15.7305
  18420.00   -16.0205
  18430.00   -16.1266
  18440.00   -16.0706
  18450.00   -16.1539
  18460.00   -15.8560
  18470.00   -16.1563
  18480.00   -15.5782
  18490.00   -16.0032
  18500.00   -16.0385
  18510.00   -15.8684
  18520.00   -15.3417
  18530.00   -15.5944
  18540.00   -16.2398
  18550.00   -15.7097
  18560.00   -15.8960
  18570.00   -15.3919
  18580.00   -15.5190
  18590.00   -15.9885
  18600.00   -16.3627
  18610.00   -15.9871
  18620.00   -15.1638
  18630.00   -16.0083
  18640.00   -16.7203
  18650.00   -15.7514
  18660.00   -16.4203
  18670.00   -16.3109
  18680.00   -16.4582
  18690.00   -15.8792
  18700.00   -15.8486
  18710.00   -16.3503
  18720.00   -16.0852
  18730.00   -16.0876
  18740.00   -15.6461
  18750.00   -16.1681
  18760.00   -15.6930
  18770.00   -16.0732
  18780.00   -15.8080
  18790.00   -16.0223
  18800.00   -15.9110
  18810.00   -15.9111
  18820.00   -15.8818
  18830.00   -15.6681
  18840.00   -15.9989
  18850.00   -16.5606
  18860.00   -15.8046
  18870.00   -16.3760
  18880.00   -15.6714
  18890.00   -15.7442
  18900.00   -16.6425
  18910.00   -15.8604
  18920.00   -15.6158
  18930.00   -15.7803
  18940.00   -15.8436
  18950.00   -15.8012
  18960.00   -16.2610
  18970.00   -16.0565
  18980.00   -15.9555
  18990.00   -15.7640
  19000.00   -15.6838
  19010.00   -15.8621
  19020.00   -15.9562
  19030.00   -15.2340
  19040.00   -15.6271
  19050.00   -15.2245
  19060.00   -15.6550
  19070.00   -16.0023
  19080.00   -15.8869
  19090.00   -15.5762
  19100.00   -15.9760
  19110.00   -15.5208
  19120.00   -15.7166
  19130.00   -16.0714
  19140.00   -16.1196
  19150.00   -15.5213
  19160.00   -16.0316
  19170.00   -16.1642
  19180.00   -15.6806
  19190.00   -15.5460
  19200.00   -15.3621
  19210.00   -16.1406
  19220.00   -16.0193
  19230.00   -16.0150
  19240.00   -16.0103
  19250.00   -15.7667
  19260.00   -16.4040
  19270.00   -15.9298
  19280.00   -15.9618
  19290.00   -16.1519
  19300.00   -15.8589
  19310.00   -15.8751
  19320.00   -16.0213
  19330.00   -16.5570
  19340.00   -15.8774
  19350.00   -15.8047
  19360.00   -15.7804
  19370.00   -15.4906
  19380.00   -16.2699
  19390.00   -15.7261
  19400.00   -15.9917
  19410.00   -16.1846
  19420.00   -16.0288
  19430.00   -15.4469
  19440.00   -16.1495
  19450.00   -16.2699
  19460.00   -15.8727
  19470.00   -16.2082
  19480.00   -15.5837
  19490.00   -16.4624
  19500.00   -15.7039
  19510.00   -15.8963
  19520.00   -16.2649
  19530.00   -16.2414
  19540.00   -15.9999
  19550.00   -15.8709
  19560.00   -15.7564
  19570.00   -15.7199
  19580.00   -15.7436
  19590.00   -15.7890
  19600.00   -16.2839
  19610.00   -16.7249
  19620.00   -15.7832
  19630.00   -15.6745
  19640.00   -16.0494
  19650.00   -16.6966
  19660.00   -16.2107
  19670.00   -16.1821
  19680.00   -15.8389
  19690.00   -15.9597
  19700.00   -15.8738
  19710.00   -16.1818
  19720.00   -15.8722
  19730.00   -16.3737
  19740.00   -16.2725
  19750.00   -15.8085
  19760.00   -15.7613
  19770.00   -16.0156
  19780.00   -15.7054
  19790.00   -15.9159
  19800.00   -15.6699
  19810.00   -15.7410
  19820.00   -15.7569
  19830.00   -16.0816
  19840.00   -16.6161
  19850.00   -16.0386
  19860.00   -15.5924
  19870.00   -15.6065
  19880.00   -15.7336
  19890.00   -15.9629
  19900.00   -15.6132
  19910.00   -15.6305
  19920.00   -15.2993
  19930.00   -16.0428
  19940.00   -16.2236
  19950.00   -16.3259
  19960.00   -15.8694
  19970.00   -16.1159
  19980.00   -15.9793
  19990.00   -16.0934
  20000.00   -16.1926
  20010.00   -15.9091
  20020.00   -15.5630
  20030.00   -16.0582
  20040.00   -16.0746
  20050.00   -15.5472
  20060.00   -15.8564
  20070.00   -15.6011
  20080.00   -15.5293
  20090.00   -15.5433
  20100.00   -15.9949
  20110.00   -15.6554
  20120.00   -15.7279
  20130.00   -16.4265
  20140.00   -16.1569
  20150.00   -16.1316
  20160.00   -15.7076
  20170.00   -16.0331
  20180.00   -15.4400
  20190.00   -16.1747
  20200.00   -15.6217
  20210.00   -15.3360
  20220.00   -15.8273
  20230.00   -15.7987
  20240.00   -15.9546
  20250.00   -16.1420
  20260.00   -16.1980
  20270.00   -15.6978
  20280.00   -16.2537
  20290.00   -15.7270
  20300.00   -15.4636
  20310.00   -15.4613
  20320.00   -15.3996
  20330.00   -15.9281
  20340.00   -15.5504
  20350.00   -16.0804
  20360.00   -15.7949
  20370.00   -15.9765
  20380.00   -16.1125
  20390.00   -16.4683
  20400.00   -15.7594
  20410.00   -15.5692
  20420.00   -16.0039
  20430.00   -15.6681
  20440.00   -15.9015
  20450.00   -15.5930
  20460.00   -15.5871
  20470.00   -16.5067
  20480.00   -15.4616
  20490.00   -15.8206
  20500.00   -15.9034
  20510.00   -16.0641
  20520.00   -15.7717
  20530.00   -15.9003
  20540.00   -15.8152
  20550.00   -16.0717
  20560.00   -15.8271
  20570.00   -16.0871
  20580.00   -16.2310
  20590.00   -15.9907
  20600.00   -16.1769
  20610.00   -15.6898
  20620.00   -15.8831
  20630.00   -15.4361
  20640.00   -15.5488
  20650.00   -15.1989
  20660.00   -15.8033
  20670.00   -15.6563
  20680.00   -16.2692
  20690.00   -15.6845
  20700.00   -15.5866
  20710.00   -15.7122
  20720.00   -16.2564
  20730.00   -15.9926
  20740.00   -16.2660
  20750.00   -15.9963
  20760.00   -15.9900
  20770.00   -15.7464
  20780.00   -16.6013
  20790.00   -16.3512
  20800.00   -15.8983
  20810.00   -15.8922
  20820.00   -15.8706
  20830.00   -16.2461
  20840.00   -15.6061
  20850.00   -16.0521
  20860.00   -15.7956
  20870.00   -15.7491
  20880.00   -15.9893
  20890.00   -16.0864
  20900.00   -16.2786
  20910.00   -16.0483
  20920.00   -15.8375
  20930.00   -16.2259
  20940.00   -16.3129
  20950.00   -16.2761
  20960.00   -15.9408
  20970.00   -15.8675
  20980.00   -15.9169
  20990.00   -15.6540
  21000.00   -15.8375
  21010.00   -16.1564
  21020.00   -16.6275
  21030.00   -15.9893
  21040.00   -15.9193
  21050.00   -15.9143
  21060.00   -15.5869
  21070.00   -15.4555
  21080.00   -15.6206
  21090.00   -15.8088
  21100.00   -15.9594
  21110.00   -15.4973
  21120.00   -16.1529
  21130.00   -15.8420
  21140.00   -16.0519
  21150.00   -15.8099
  21160.00   -15.8680
  21170.00   -15.9337
  21180.00   -16.2666
  21190.00   -16.0983
  21200.00   -16.4729
  21210.00   -16.1940
  21220.00   -16.1342
  21230.00   -16.2799
  21240.00   -16.2540
  21250.00   -16.0166
  21260.00   -16.1577
  21270.00   -16.5077
  21280.00   -16.0777
  21290.00   -15.7733
  21300.00   -16.5866
  21310.00   -16.0831
  21320.00   -16.2683
  21330.00   -15.9234
  21340.00   -16.0350
  21350.00   -15.7906
  21360.00   -15.6641
  21370.00   -15.7594
  21380.00   -15.8704
  21390.00   -15.4844
  21400.00   -16.1316
  21410.00   -15.6793
  21420.00   -15.7390
  21430.00   -15.8309
  21440.00   -15.6661
  21450.00   -15.6578
  21460.00   -15.9562
  21470.00   -16.1747
  21480.00   -15.7956
  21490.00   -15.5690
  21500.00   -16.6295
  21510.00   -16.3364
  21520.00   -16.3255
  21530.00   -16.1624
  21540.00   -16.3002
  21550.00   -16.6313
  21560.00   -15.7403
  21570.00   -15.7874
  21580.00   -15.9443
  21590.00   -15.8219
  21600.00   -15.5148
  21610.00   -15.9113
  21620.00   -15.8797
  21630.00   -16.1653
  21640.00   -15.5661
  21650.00   -16.2118
  21660.00   -15.7368
  21670.00   -15.9733
  21680.00   -15.9444
  21690.00   -16.2974
  21700.00   -16.1257
  21710.00   -15.9320
  21720.00   -15.6719
  21730.00   -16.2963
  21740.00   -15.5714
  21750.00   -16.3304
  21760.00   -15.7225
  21770.00   -15.6442
  21780.00   -15.5602
  21790.00   -15.7621
  21800.00   -15.6323
  21810.00   -15.5845
  21820.00   -16.3641
  21830.00   -15.7256
  21840.00   -15.7351
  21850.00   -15.6588
  21860.00   -16.1565
  21870.00   -16.2430
  21880.00   -16.0433
  21890.00   -16.0496
  21900.00   -15.6338
  21910.00   -15.6447
  21920.00   -15.6473
  21930.00   -15.6471
  21940.00   -15.4555
  21950.00   -15.5396
  21960.00   -15.7942
  21970.00   -15.6744
  21980.00   -16.0912
  21990.00   -16.0506
  22000.00   -16.2309
  22010.00   -16.2923
  22020.00   -15.2043
  22030.00   -15.7055
  22040.00   -16.5111
  22050.00   -15.9313
  22060.00   -16.5567
  22070.00   -16.7061
  22080.00   -15.9146
  22090.00   -16.0511
  22100.00   -15.8364
  22110.00   -16.5516
  22120.00   -16.3388
  22130.00   -15.2664
  22140.00   -16.2609
  22150.00   -15.7973
  22160.00   -16.1027
  22170.00   -16.2902
  22180.00   -15.7936
  22190.00   -15.0935
  22200.00   -16.0860
  22210.00   -15.6548
  22220.00   -16.3878
  22230.00   -16.3125
  22240.00   -16.0805
  22250.00   -16.6696
  22260.00   -16.3711
  22270.00   -15.9799
  22280.00   -16.5602
  22290.00   -16.1659
  22300.00   -15.6323
  22310.00   -15.9250
  22320.00   -15.6883
  22330.00   -16.0502
  22340.00   -16.1021
  22350.00   -16.0077
  22360.00   -15.5467
  22370.00   -15.7166
  22380.00   -16.1414
  22390.00   -15.8468
  22400.00   -15.3646
  22410.00   -16.0179
  22420.00   -15.8112
  22430.00   -15.6865
  22440.00   -16.1498
  22450.00   -15.2555
  22460.00   -16.6632
  22470.00   -15.8782
  22480.00   -15.9099
  22490.00   -16.0761
  22500.00   -15.7256
  22510.00   -16.2549
  22520.00   -16.0195
  22530.00   -16.5167
  22540.00   -16.3395
  22550.00   -15.9113
  22560.00   -15.8752
  22570.00   -15.6315
  22580.00   -16.0336
  22590.00   -15.8252
  22600.00   -15.4581
  22610.00   -15.7838
  22620.00   -15.8262
  22630.00   -16.2103
  22640.00   -16.6376
  22650.00   -16.3326
  22660.00   -15.9370
  22670.00   -16.2769
  22680.00   -15.9305
  22690.00   -16.4063
  22700.00   -15.9862
  22710.00   -16.5384
  22720.00   -16.1990
  22730.00   -15.9246
  22740.00   -16.1630
  22750.00   -15.8266
  22760.00   -16.4427
  22770.00   -15.6851
  22780.00   -15.7208
  22790.00   -16.3969
  22800.00   -15.8340
  22810.00   -16.6954
  22820.00   -15.9901
  22830.00   -16.5124
  22840.00   -15.9705
  22850.00   -15.7365
  22860.00   -15.9769
  22870.00   -15.8113
  22880.00   -15.8048
  22890.00   -16.2640
  22900.00   -16.0990
  22910.00   -15.8699
  22920.00   -15.5562
  22930.00   -16.0320
  22940.00   -15.9821
  22950.00   -15.7047
  22960.00   -16.0155
  22970.00   -15.6768
  22980.00   -16.5349
  22990.00   -15.8625
  23000.00   -15.4815
  23010.00   -16.2728
  23020.00   -15.8949
  23030.00   -16.1765
  23040.00   -16.1335
  23050.00   -15.9907
  23060.00   -15.9221
  23070.00   -15.9652
  23080.00   -15.9485
  23090.00   -15.8216
  23100.00   -15.9505
  23110.00   -15.8409
  23120.00   -15.9244
  23130.00   -16.5111
  23140.00   -15.6576
  23150.00   -16.5471
  23160.00   -15.7450
  23170.00   -15.8056
  23180.00   -16.0228
  23190.00   -15.9428
  23200.00   -15.6429
  23210.00   -15.7124
  23220.00   -16.0544
  23230.00   -15.9940
  23240.00   -16.6756
  23250.00   -16.3577
  23260.00   -16.1853
  23270.00   -15.9930
  23280.00   -16.1526
  23290.00   -16.2184
  23300.00   -15.9217
  23310.00   -15.7392
  23320.00   -15.6168
  23330.00   -16.0361
  23340.00   -15.9178
  23350.00   -16.2695
  23360.00   -15.7330
  23370.00   -15.6400
  23380.00   -15.9504
  23390.00   -15.8160
  23400.00   -15.7540
  23410.00   -15.9495
  23420.00   -16.0642
  23430.00   -15.9717
  23440.00   -16.1425
  23450.00   -16.0574
  23460.00   -16.3390
  23470.00   -16.2499
  23480.00   -16.4504
  23490.00   -15.9721
  23500.00   -16.4855
  23510.00   -15.7959
  23520.00   -15.9415
  23530.00   -16.1309
  23540.00   -15.9521
  23550.00   -15.7413
  23560.00   -16.0577
  23570.00   -15.9987
  23580.00   -16.0741
  23590.00   -15.6636
  23600.00   -15.9078
  23610.00   -16.4562
  23620.00   -16.2254
  23630.00   -15.8849
  23640.00   -15.9734
  23650.00   -15.6878
  23660.00   -16.2428
  23670.00   -16.0689
  23680.00   -16.0982
  23690.00   -15.9052
  23700.00   -16.0507
  23710.00   -15.8905
  23720.00   -15.8927
  23730.00   -15.9263
  23740.00   -15.9934
  23750.00   -15.7815
  23760.00   -16.1642
  23770.00   -16.3304
  23780.00   -15.8092
  23790.00   -16.2990
  23800.00   -16.0737
  23810.00   -15.4636
  23820.00   -16.0976
  23830.00   -15.7636
  23840.00   -16.3028
  23850.00   -15.6536
  23860.00   -16.2257
  23870.00   -16.1010
  23880.00   -15.9652
  23890.00   -16.2171
  23900.00   -15.3408
  23910.00   -15.8226
  23920.00   -16.0959
  23930.00   -16.1072
  23940.00   -16.0065
  23950.00   -15.5175
  23960.00   -16.3719
  23970.00   -16.5042
  23980.00   -15.8704
  23990.00   -16.0036
  24000.00   -15.8208
  24010.00   -15.9082
  24020.00   -15.7233
  24030.00   -16.3476
  24040.00   -16.1278
  24050.00   -15.8201
  24060.00   -15.8548
  24070.00   -15.7526
  24080.00   -15.6932
  24090.00   -15.7695
  24100.00   -16.3362
  24110.00   -15.8366
  24120.00   -15.8731
  24130.00   -15.7289
  24140.00   -15.8011
  24150.00   -15.9728
  24160.00   -15.7534
  24170.00   -16.0538
  24180.00   -15.6488
  24190.00   -15.8142
  24200.00   -15.5673
  24210.00   -16.0075
  24220.00   -15.9582
  24230.00   -16.4205
  24240.00   -15.9443
  24250.00   -15.5673
  24260.00   -16.6527
  24270.00   -15.7555
  24280.00   -15.3215
  24290.00   -15.8402
  24300.00   -15.4424
  24310.00   -15.9357
  24320.00   -15.8456
  24330.00   -16.3094
  24340.00   -16.3041
  24350.00   -16.2209
  24360.00   -15.8724
  24370.00   -16.1844
  24380.00   -15.7902
  24390.00   -15.8382
  24400.00   -15.8206
  24410.00   -16.5008
  24420.00   -16.1784
  24430.00   -15.6857
  24440.00   -15.8475
  24450.00   -15.8306
  24460.00   -16.1643
  24470.00   -16.3459
  24480.00   -16.1640
  24490.00   -16.4221
  24500.00   -15.8291
  24510.00   -16.3668
  24520.00   -16.0629
  24530.00   -16.3388
  24540.00   -15.8570
  24550.00   -15.5727
  24560.00   -15.7034
  24570.00   -15.8217
  24580.00   -16.2441
  24590.00   -15.8254
  24600.00   -16.1372
  24610.00   -16.3256
  24620.00   -16.1837
  24630.00   -16.1964
  24640.00   -16.2099
  24650.00   -15.8289
  24660.00   -15.5201
  24670.00   -16.0303
  24680.00   -16.4340
  24690.00   -16.5437
  24700.00   -15.4878
  24710.00   -16.1071
  24720.00   -16.5988
  24730.00   -15.8854
  24740.00   -15.8785
  24750.00   -16.3232
  24760.00   -16.0096
  24770.00   -16.4800
  24780.00   -15.6873
  24790.00   -15.5900
  24800.00   -16.0318
  24810.00   -16.0336
  24820.00   -15.9615
  24830.00   -16.1594
  24840.00   -16.1285
  24850.00   -16.6186
  24860.00   -15.9745
  24870.00   -16.3289
  24880.00   -15.9959
  24890.00   -16.1535
  24900.00   -15.9816
  24910.00   -16.3084
  24920.00   -15.6249
  24930.00   -15.7009
  24940.00   -15.8472
  24950.00   -15.8453
  24960.00   -15.8866
  24970.00   -15.8493
  24980.00   -16.3146
  24990.00   -16.1697
  25000.00   -15.7453
  25010.00   -16.6262
  25020.00   -16.0553
  25030.00   -16.2521
  25040.00   -15.8453
  25050.00   -16.1562
  25060.00   -15.7099
  25070.00   -16.0743
  25080.00   -16.2476
  25090.00   -16.0711
  25100.00   -15.8080
  25110.00   -15.4786
  25120.00   -15.7317
  25130.00   -15.6322
  25140.00   -15.7760
  25150.00   -16.2802
  25160.00   -16.0901
  25170.00   -16.1034
  25180.00   -15.7978
  25190.00   -15.8537
  25200.00   -16.5429
  25210.00   -16.0840
  25220.00   -15.9583
  25230.00   -16.2312
  25240.00   -16.2033
  25250.00   -16.1456
  25260.00   -15.9118
  25270.00   -16.0208
  25280.00   -15.9392
  25290.00   -16.1749
  25300.00   -15.8338
  25310.00   -16.1071
  25320.00   -16.2601
  25330.00   -16.1222
  25340.00   -15.6743
  25350.00   -15.8812
  25360.00   -15.7598
  25370.00   -16.0038
  25380.00   -15.9229
  25390.00   -15.6793
  25400.00   -15.7806
  25410.00   -15.9139
  25420.00   -16.1210
  25430.00   -15.8067
  25440.00   -16.0257
  25450.00   -15.6966
  25460.00   -16.3155
  25470.00   -16.3421
  25480.00   -16.0373
  25490.00   -16.2773
  25500.00   -15.9389
  25510.00   -16.3093
  25520.00   -16.3582
  25530.00   -15.8307
  25540.00   -15.4377
  25550.00   -16.0048
  25560.00   -16.0522
  25570.00   -15.7508
  25580.00   -16.1278
  25590.00   -16.6627
  25600.00   -15.6674
  25610.00   -15.7934
  25620.00   -15.6282
  25630.00   -16.3219
  25640.00   -16.0128
  25650.00   -15.8520
  25660.00   -16.2165
  25670.00   -15.9148
  25680.00   -16.2169
  25690.00   -15.8026
  25700.00   -16.0646
  25710.00   -15.8416
  25720.00   -16.2275
  25730.00   -16.2837
  25740.00   -15.5030
  25750.00   -16.0150
  25760.00   -16.0280
  25770.00   -16.0558
  25780.00   -16.3928
  25790.00   -16.0849
  25800.00   -16.3122
  25810.00   -15.7149
  25820.00   -16.1460
  25830.00   -15.8857
  25840.00   -16.1608
  25850.00   -16.2215
  25860.00   -16.3125
  25870.00   -15.9709
  25880.00   -15.2620
  25890.00   -15.9905
  25900.00   -16.2737
  25910.00   -16.3417
  25920.00   -16.0712
  25930.00   -15.8221
  25940.00   -15.7080
  25950.00   -16.2500
  25960.00   -15.7651
  25970.00   -16.6914
  25980.00   -15.6630
  25990.00   -16.1108
  26000.00   -16.0134
  26010.00   -15.6380
  26020.00   -15.9156
  26030.00   -16.0357
  26040.00   -16.3175
  26050.00   -15.7898
  26060.00   -16.2206
  26070.00   -16.1910
  26080.00   -16.2004
  26090.00   -15.8821
  26100.00   -16.2215
  26110.00   -15.4890
  26120.00   -15.6713
  26130.00   -15.9216
  26140.00   -16.4338
  26150.00   -15.8481
  26160.00   -16.4956
  26170.00   -15.8864
  26180.00   -15.8465
  26190.00   -15.4810
  26200.00   -15.9750
  26210.00   -15.7573
  26220.00   -16.3245
  26230.00   -16.1002
  26240.00   -16.1010
  26250.00   -15.3116
  26260.00   -16.0612
  26270.00   -15.7964
  26280.00   -16.1617
  26290.00   -15.8772
  26300.00   -15.8814
  26310.00   -15.9071
  26320.00   -15.8498
  26330.00   -16.1048
  26340.00   -16.6522
  26350.00   -16.1144
  26360.00   -16.2189
  26370.00   -16.1407
  26380.00   -15.7633
  26390.00   -15.8576
  26400.00   -16.1786
  26410.00   -15.8500
  26420.00   -16.4550
  26430.00   -15.9264
  26440.00   -15.7585
  26450.00   -15.8644
  26460.00   -15.8809
  26470.00   -15.8344
  26480.00   -15.7191
  26490.00   -16.4341
  26500.00   -16.0210
  26510.00   -16.4843
  26520.00   -15.3790
  26530.00   -16.1067
  26540.00   -15.5519
  26550.00   -16.1364
  26560.00   -15.5603
  26570.00   -16.5537
  26580.00   -16.0526
  26590.00   -16.0992
  26600.00   -16.6763
  26610.00   -16.1666
  26620.00   -16.5373
  26630.00   -16.3335
  26640.00   -15.8251
  26650.00   -15.9595
  26660.00   -15.4110
  26670.00   -16.0462
  26680.00   -16.1653
  26690.00   -16.6345
  26700.00   -15.9129
  26710.00   -15.6865
  26720.00   -16.0291
  26730.00   -16.3571
  26740.00   -15.9018
  26750.00   -15.9935
  26760.00   -16.4264
  26770.00   -16.0333
  26780.00   -16.2136
  26790.00   -16.1620
  26800.00   -16.1568
  26810.00   -16.1433
  26820.00   -15.5761
  26830.00   -15.5938
  26840.00   -16.1479
  26850.00   -15.7489
  26860.00   -15.5384
  26870.00   -15.9463
  26880.00   -16.4548
  26890.00   -16.1466
  26900.00   -16.0981
  26910.00   -16.0234
  26920.00   -15.7366
  26930.00   -15.6377
  26940.00   -16.0551
  26950.00   -16.2379
  26960.00   -15.8310
  26970.00   -15.5006
  26980.00   -16.1661
  26990.00   -16.0614
  27000.00   -16.2764
  27010.00   -16.3176
  27020.00   -16.2984
  27030.00   -15.8702
  27040.00   -16.1344
  27050.00   -15.9093
  27060.00   -15.8750
  27070.00   -15.7892
  27080.00   -16.3023
  27090.00   -16.5426
  27100.00   -16.2144
  27110.00   -16.2503
  27120.00   -16.3869
  27130.00   -15.8698
  27140.00   -16.0592
  27150.00   -15.9411
  27160.00   -16.2426
  27170.00   -16.0775
  27180.00   -15.4198
  27190.00   -16.0562
  27200.00   -16.2421
  27210.00   -16.3564
  27220.00   -16.0158
  27230.00   -15.5048
  27240.00   -15.9573
  27250.00   -15.2908
  27260.00   -16.0100
  27270.00   -16.2429
  27280.00   -16.1761
  27290.00   -15.9187
  27300.00   -16.1436
  27310.00   -16.1941
  27320.00   -16.3696
  27330.00   -15.6437
  27340.00   -15.0260
  27350.00   -15.7524
  27360.00   -15.8501
  27370.00   -15.9989
  27380.00   -15.9006
  27390.00   -15.7907
  27400.00   -15.8117
  27410.00   -16.0820
  27420.00   -15.6550
  27430.00   -16.0268
  27440.00   -16.6275
  27450.00   -16.4858
  27460.00   -16.2432
  27470.00   -15.8154
  27480.00   -15.9662
  27490.00   -16.4635
  27500.00   -15.5056
  27510.00   -16.1166
  27520.00   -15.5416
  27530.00   -15.4140
  27540.00   -15.4161
  27550.00   -15.8927
  27560.00   -15.5796
  27570.00   -15.7814
  27580.00   -16.0703
  27590.00   -15.9473
  27600.00   -15.7008
  27610.00   -15.9100
  27620.00   -16.0653
  27630.00   -16.1984
  27640.00   -16.0351
  27650.00   -15.9419
  27660.00   -16.1979
  27670.00   -16.2995
  27680.00   -16.0512
  27690.00   -16.3037
  27700.00   -15.9505
  27710.00   -16.6304
  27720.00   -15.9494
  27730.00   -16.2736
  27740.00   -16.3803
  27750.00   -16.4170
  27760.00   -16.3937
  27770.00   -16.0213
  27780.00   -15.9440
  27790.00   -16.1342
  27800.00   -16.1839
  27810.00   -15.7891
  27820.00   -15.6220
  27830.00   -16.0074
  27840.00   -15.8704
  27850.00   -16.0042
  27860.00   -16.1104
  27870.00   -16.5092
  27880.00   -16.6219
  27890.00   -15.9783
  27900.00   -15.9953
  27910.00   -15.9305
  27920.00   -15.5756
  27930.00   -16.2158
  27940.00   -15.8391
  27950.00   -15.4387
  27960.00   -16.3918
  27970.00   -16.0313
  27980.00   -15.8884
  27990.00   -15.7943
  28000.00   -16.2722
  28010.00   -15.8202
  28020.00   -16.0362
  28030.00   -16.1635
  28040.00   -16.0978
  28050.00   -16.1687
  28060.00   -16.4804
  28070.00   -15.9540
  28080.00   -15.9274
  28090.00   -15.8798
  28100.00   -16.1946
  28110.00   -16.1642
  28120.00   -16.2681
  28130.00   -16.0179
  28140.00   -15.8066
  28150.00   -16.0580
  28160.00   -15.5360
  28170.00   -15.9333
  28180.00   -16.3717
  28190.00   -15.8441
  28200.00   -16.3820
  28210.00   -16.0304
  28220.00   -15.8462
  28230.00   -15.8968
  28240.00   -16.0836
  28250.00   -15.8615
  28260.00   -15.7320
  28270.00   -16.1599
  28280.00   -15.9868
  28290.00   -15.9625
  28300.00   -15.8963
  28310.00   -15.9751
  28320.00   -15.9098
  28330.00   -15.9463
  28340.00   -16.0560
  28350.00   -16.5691
  28360.00   -15.4357
  28370.00   -15.7013
  28380.00   -15.6961
  28390.00   -15.8610
  28400.00   -15.8293
  28410.00   -16.2830
  28420.00   -15.7033
  28430.00   -16.2227
  28440.00   -15.7105
  28450.00   -15.5665
  28460.00   -15.5644
  28470.00   -15.9883
  28480.00   -16.1678
  28490.00   -16.1466
  28500.00   -16.0557
  28510.00   -16.3208
  28520.00   -15.2741
  28530.00   -15.6447
  28540.00   -15.9230
  28550.00   -15.8669
  28560.00   -16.2195
  28570.00   -15.7263
  28580.00   -16.0255
  28590.00   -16.1487
  28600.00   -15.8426
  28610.00   -16.0349
  28620.00   -16.4036
  28630.00   -16.2630
  28640.00   -16.3221
  28650.00   -16.0158
  28660.00   -16.0404
  28670.00   -15.8717
  28680.00   -16.0195
  28690.00   -15.9883
  28700.00   -15.6788
  28710.00   -15.8018
  28720.00   -16.5567
  28730.00   -15.7993
  28740.00   -16.5001
  28750.00   -16.5298
  28760.00   -15.9345
  28770.00   -15.7634
  28780.00   -16.2237
  28790.00   -15.8035
  28800.00   -16.0976
  28810.00   -16.0321
  28820.00   -16.3268
  28830.00   -16.4775
  28840.00   -16.3959
  28850.00   -16.2906
  28860.00   -16.1862
  28870.00   -15.7871
  28880.00   -15.9989
  28890.00   -15.7066
  28900.00   -16.3160
  28910.00   -15.7065
  28920.00   -16.3281
  28930.00   -15.3372
  28940.00   -15.4542
  28950.00   -15.5772
  28960.00   -15.3774
  28970.00   -15.9547
  28980.00   -15.6377
  28990.00   -16.3390
  29000.00   -16.0154
  29010.00   -16.0424
  29020.00   -15.9124
  29030.00   -16.0672
  29040.00   -16.1184
  29050.00   -15.7310
  29060.00   -15.8805
  29070.00   -15.6854
  29080.00   -16.2456
  29090.00   -15.3501
  29100.00   -16.2426
  29110.00   -16.3265
  29120.00   -15.8565
  29130.00   -16.2997
  29140.00   -15.3242
  29150.00   -15.5271
  29160.00   -16.0764
  29170.00   -16.2833
  29180.00   -15.7458
  29190.00   -16.3713
  29200.00   -15.8016
  29210.00   -16.2736
  29220.00   -16.8343
  29230.00   -15.9684
  29240.00   -16.2524
  29250.00   -16.0021
  29260.00   -16.1221
  29270.00   -16.3300
  29280.00   -16.4070
  29290.00   -16.2987
  29300.00   -16.3776
  29310.00   -15.5121
  29320.00   -15.8860
  29330.00   -15.7860
  29340.00   -15.7898
  29350.00   -16.2314
  29360.00   -16.5675
  29370.00   -16.5438
  29380.00   -15.8413
  29390.00   -15.7627
  29400.00   -16.3169
  29410.00   -15.7847
  29420.00   -16.2655
  29430.00   -15.8659
  29440.00   -15.7948
  29450.00   -15.8694
  29460.00   -16.1164
  29470.00   -15.8375
  29480.00   -15.7169
  29490.00   -15.9085
  29500.00   -16.2017
  29510.00   -15.9026
  29520.00   -16.1058
  29530.00   -15.8149
  29540.00   -16.0576
  29550.00   -15.9500
  29560.00   -16.1946
  29570.00   -16.7054
  29580.00   -15.8129
  29590.00   -16.0863
  29600.00   -15.5983
  29610.00   -15.8714
  29620.00   -16.0620
  29630.00   -15.9448
  29640.00   -16.0781
  29650.00   -15.6408
  29660.00   -15.7399
  29670.00   -15.9892
  29680.00   -15.4318
  29690.00   -15.9136
  29700.00   -16.2265
  29710.00   -16.1282
  29720.00   -16.2661
  29730.00   -16.1361
  29740.00   -16.0789
  29750.00   -15.8647
  29760.00   -16.0185
  29770.00   -15.7279
  29780.00   -16.1901
  29790.00   -15.3768
  29800.00   -15.5706
  29810.00   -16.0716
  29820.00   -15.8002
  29830.00   -16.2183
  29840.00   -16.1332
  29850.00   -15.3769
  29860.00   -15.9915
  29870.00   -15.1491
  29880.00   -16.5126
  29890.00   -15.9374
  29900.00   -15.8034
  29910.00   -16.0837
  29920.00   -15.7534
  29930.00   -15.9807
  29940.00   -16.0814
  29950.00   -16.3821
  29960.00   -16.3126
  29970.00   -16.0582
  29980.00   -15.7000
  29990.00   -15.9534
  30000.00   -16.1780
  30010.00   -16.0718
  30020.00   -15.6576
  30030.00   -15.6853
  30040.00   -15.8555
  30050.00   -16.6022
  30060.00   -15.9514
  30070.00   -16.1351
  30080.00   -16.3649
  30090.00   -16.1930
  30100.00   -16.4571
  30110.00   -15.9623
  30120.00   -15.7350
  30130.00   -16.3988
  30140.00   -15.9786
  30150.00   -16.3744
  30160.00   -16.4365
  30170.00   -15.9814
  30180.00   -15.2325
  30190.00   -15.7157
  30200.00   -15.9227
  30210.00   -16.3211
  30220.00   -15.6279
  30230.00   -15.3190
  30240.00   -16.1012
  30250.00   -16.4495
  30260.00   -15.7485
  30270.00   -15.4832
  30280.00   -15.9319
  30290.00   -15.6715
  30300.00   -16.4160
  30310.00   -15.4423
  30320.00   -16.0396
  30330.00   -15.9619
  30340.00   -16.0261
  30350.00   -15.7457
  30360.00   -15.8911
  30370.00   -16.1643
  30380.00   -16.4468
  30390.00   -15.6292
  30400.00   -16.0224
  30410.00   -16.1403
  30420.00   -16.3864
  30430.00   -15.6380
  30440.00   -16.2179
  30450.00   -15.3564
  30460.00   -15.6124
  30470.00   -16.0725
  30480.00   -15.8574
  30490.00   -16.0509
  30500.00   -16.1588
  30510.00   -16.1148
  30520.00   -16.1487
  30530.00   -16.1476
  30540.00   -16.0115
  30550.00   -15.6821
  30560.00   -15.6064
  30570.00   -16.0623
  30580.00   -15.5443
  30590.00   -16.4469
  30600.00   -16.1311
  30610.00   -15.9771
  30620.00   -15.7958
  30630.00   -15.7210
  30640.00   -15.8225
  30650.00   -16.1385
  30660.00   -15.8211
  30670.00   -15.7028
  30680.00   -15.7569
  30690.00   -16.0597
  30700.00   -15.6702
  30710.00   -15.6257
  30720.00   -16.3474
  30730.00   -16.1662
  30740.00   -15.8317
  30750.00   -15.6490
  30760.00   -16.2434
  30770.00   -16.1728
  30780.00   -16.3209
  30790.00   -15.9719
  30800.00   -16.0350
  30810.00   -15.6661
  30820.00   -16.1216
  30830.00   -16.6436
  30840.00   -15.8430
  30850.00   -15.6726
  30860.00   -15.6217
  30870.00   -15.7800
  30880.00   -15.5778
  30890.00   -16.0428
  30900.00   -16.0140
  30910.00   -16.1897
  30920.00   -15.5963
  30930.00   -16.1205
  30940.00   -15.9172
  30950.00   -15.9284
  30960.00   -15.9282
  30970.00   -15.6447
  30980.00   -15.8187
  30990.00   -16.0862
  31000.00   -16.3405
  31010.00   -16.3515
  31020.00   -16.0989
  31030.00   -16.7345
  31040.00   -15.6477
  31050.00   -15.6245
  31060.00   -15.7508
  31070.00   -15.4487
  31080.00   -15.8181
  31090.00   -15.9464
  31100.00   -16.2202
  31110.00   -16.1722
  31120.00   -16.2013
  31130.00   -16.7389
  31140.00   -16.8322
  31150.00   -16.2168
  31160.00   -15.7856
  31170.00   -15.8571
  31180.00   -15.9392
  31190.00   -15.6742
  31200.00   -15.9012
  31210.00   -16.0337
  31220.00   -15.7193
  31230.00   -16.0413
  31240.00   -15.5123
  31250.00   -15.7603
  31260.00   -16.4558
  31270.00   -15.8953
  31280.00   -16.1631
  31290.00   -16.0013
  31300.00   -15.4810
  31310.00   -15.7564
  31320.00   -16.2000
  31330.00   -16.7181
  31340.00   -16.3201
  31350.00   -16.0142
  31360.00   -15.7944
  31370.00   -16.4656
  31380.00   -15.5014
  31390.00   -15.6845
  31400.00   -15.9522
  31410.00   -16.8089
  31420.00   -16.6185
  31430.00   -15.5030
  31440.00   -15.7830
  31450.00   -15.8816
  31460.00   -15.9632
  31470.00   -16.3210
  31480.00   -15.9791
  31490.00   -15.9258
  31500.00   -15.7091
  31510.00   -15.9916
  31520.00   -15.4754
  31530.00   -15.8890
  31540.00   -15.9539
  31550.00   -15.9116
  31560.00   -16.2599
  31570.00   -16.1188
  31580.00   -16.4324
  31590.00   -15.8026
  31600.00   -15.6932
  31610.00   -15.5631
  31620.00   -16.2749
  31630.00   -15.7979
  31640.00   -16.6976
  31650.00   -15.7577
  31660.00   -15.2098
  31670.00   -15.4198
  31680.00   -16.1221
  31690.00   -15.9987
  31700.00   -16.1724
  31710.00   -16.0181
  31720.00   -16.2643
  31730.00   -16.2866
  31740.00   -15.5999
  31750.00   -15.7049
  31760.00   -16.2452
  31770.00   -15.9023
  31780.00   -16.2890
  31790.00   -15.7809
  31800.00   -16.0079
  31810.00   -16.0858
  31820.00   -15.9398
  31830.00   -16.2352
  31840.00   -16.0604
  31850.00   -15.9758
  31860.00   -16.0379
  31870.00   -15.7360
  31880.00   -15.5587
  31890.00   -16.2202
  31900.00   -16.0869
  31910.00   -15.9323
  31920.00   -16.4126
  31930.00   -15.5683
  31940.00   -16.4580
  31950.00   -16.1584
  31960.00   -15.8729
  31970.00   -16.0138
  31980.00   -15.7284
  31990.00   -15.9192
  32000.00   -16.3297
  32010.00   -16.0273
  32020.00   -15.6779
  32030.00   -16.0214
  32040.00   -15.8794
  32050.00   -16.1251
  32060.00   -15.5317
  32070.00   -16.2236
  32080.00   -15.9387
  32090.00   -15.6447
  32100.00   -15.8027
  32110.00   -15.7284
  32120.00   -16.3923
  32130.00   -16.4435
  32140.00   -15.9050
  32150.00   -15.7609
  32160.00   -16.3213
  32170.00   -16.2480
  32180.00   -15.9844
  32190.00   -16.0227
  32200.00   -15.8588
  32210.00   -16.0335
  32220.00   -15.3906
  32230.00   -15.9661
  32240.00   -16.0655
  32250.00   -15.6605
  32260.00   -15.4939
  32270.00   -16.0412
  32280.00   -16.0866
  32290.00   -16.0081
  32300.00   -16.0610
  32310.00   -15.7904
  32320.00   -16.1870
  32330.00   -15.2389
  32340.00   -15.8382
  32350.00   -15.7842
  32360.00   -16.1694
  32370.00   -15.7932
  32380.00   -15.7658
  32390.00   -15.9337
  32400.00   -16.2968
  32410.00   -15.9686
  32420.00   -16.5114
  32430.00   -16.1549
  32440.00   -16.1039
  32450.00   -15.8868
  32460.00   -16.1782
  32470.00   -16.7412
  32480.00   -16.0051
  32490.00   -16.3885
  32500.00   -15.8246
  32510.00   -15.9540
  32520.00   -15.8126
  32530.00   -16.2009
  32540.00   -16.1622
  32550.00   -15.5483
  32560.00   -16.2227
  32570.00   -16.0470
  32580.00   -16.2499
  32590.00   -15.3667
  32600.00   -15.8734
  32610.00   -15.4478
  32620.00   -16.1281
  32630.00   -15.7694
  32640.00   -16.0200
  32650.00   -16.6163
  32660.00   -16.0847
  32670.00   -15.4138
  32680.00   -16.1269
  32690.00   -15.7484
  32700.00   -15.4848
  32710.00   -15.9591
  32720.00   -16.1074
  32730.00   -15.9923
  32740.00   -16.0189
  32750.00   -15.6740
  32760.00   -15.6567
  32770.00   -16.1105
  32780.00   -15.9708
  32790.00   -15.9948
  32800.00   -15.8498
  32810.00   -15.5397
  32820.00   -15.2986
  32830.00   -15.0714
  32840.00   -15.8595
  32850.00   -15.8188
  32860.00   -15.7916
  32870.00   -16.4158
  32880.00   -16.0414
  32890.00   -16.1109
  32900.00   -16.2940
  32910.00   -16.0046
  32920.00   -16.0329
  32930.00   -15.7147
  32940.00   -15.9284
  32950.00   -15.2858
  32960.00   -16.1870
  32970.00   -15.7314
  32980.00   -15.7409
  32990.00   -16.1897
  33000.00   -16.0023
  33010.00   -16.3265
  33020.00   -16.2519
  33030.00   -15.9495
  33040.00   -15.7885
  33050.00   -16.0716
  33060.00   -15.9471
  33070.00   -15.7685
  33080.00   -16.0337
  33090.00   -16.1317
  33100.00   -16.2060
  33110.00   -15.3578
  33120.00   -15.8052
  33130.00   -16.2903
  33140.00   -16.0597
  33150.00   -15.9058
  33160.00   -16.2336
  33170.00   -16.1649
  33180.00   -16.1941
  33190.00   -15.8336
  33200.00   -15.7129
  33210.00   -15.7611
  33220.00   -16.2742
  33230.00   -15.7714
  33240.00   -16.2298
  33250.00   -16.2421
  33260.00   -15.8925
  33270.00   -15.9337
  33280.00   -15.6540
  33290.00   -16.1834
  33300.00   -15.5402
  33310.00   -15.7205
  33320.00   -16.3315
  33330.00   -16.1926
  33340.00   -16.1673
  33350.00   -16.1262
  33360.00   -15.3681
  33370.00   -16.0689
  33380.00   -15.9718
  33390.00   -15.8813
  33400.00   -16.1548
  33410.00   -15.8987
  33420.00   -15.8882
  33430.00   -16.6446
  33440.00   -15.8029
  33450.00   -16.1523
  33460.00   -16.2073
  33470.00   -15.7605
  33480.00   -15.9388
  33490.00   -16.1477
  33500.00   -15.9681
  33510.00   -15.9434
  33520.00   -15.4740
  33530.00   -15.4766
  33540.00   -15.7987
  33550.00   -16.0500
  33560.00   -15.9836
  33570.00   -15.9868
  33580.00   -15.7033
  33590.00   -16.2143
  33600.00   -15.9683
  33610.00   -15.9336
  33620.00   -15.7210
  33630.00   -15.5074
  33640.00   -15.5201
  33650.00   -16.4709
  33660.00   -15.5720
  33670.00   -16.2691
  33680.00   -15.9890
  33690.00   -15.9018
  33700.00   -15.9105
  33710.00   -15.7441
  33720.00   -15.9520
  33730.00   -15.8089
  33740.00   -16.0652
  33750.00   -15.9686
  33760.00   -16.2566
  33770.00   -15.6803
  33780.00   -15.6384
  33790.00   -15.7433
  33800.00   -15.7102
  33810.00   -16.0508
  33820.00   -16.3390
  33830.00   -15.9555
  33840.00   -15.4288
  33850.00   -16.0105
  33860.00   -15.8819
  33870.00   -15.5664
  33880.00   -16.0193
  33890.00   -15.6878
  33900.00   -15.4283
  33910.00   -15.8473
  33920.00   -16.2516
  33930.00   -15.8617
  33940.00   -15.9401
  33950.00   -16.0280
  33960.00   -16.0519
  33970.00   -16.4320
  33980.00   -16.1464
  33990.00   -15.8662
  34000.00   -16.2453
  34010.00   -15.4775
  34020.00   -16.1873
  34030.00   -15.7572
  34040.00   -15.7748
  34050.00   -16.3609
  34060.00   -16.1487
  34070.00   -15.5813
  34080.00   -15.9114
  34090.00   -15.9875
  34100.00   -15.9059
  34110.00   -16.0131
  34120.00   -15.6213
  34130.00   -16.0950
  34140.00   -16.4291
  34150.00   -15.7784
  34160.00   -15.8784
  34170.00   -16.0760
  34180.00   -16.5011
  34190.00   -16.0963
  34200.00   -16.2827
  34210.00   -16.1981
  34220.00   -15.6387
  34230.00   -16.1719
  34240.00   -16.2656
  34250.00   -15.7143
  34260.00   -16.4560
  34270.00   -16.1713
  34280.00   -16.1570
  34290.00   -15.7828
  34300.00   -16.0554
  34310.00   -16.4319
  34320.00   -16.4791
  34330.00   -16.2099
  34340.00   -15.8133
  34350.00   -15.9198
  34360.00   -15.8240
  34370.00   -15.9946
  34380.00   -15.6759
  34390.00   -15.4818
  34400.00   -15.9475
  34410.00   -16.0075
  34420.00   -16.0927
  34430.00   -15.7696
  34440.00   -15.9678
  34450.00   -15.7760
  34460.00   -16.4560
  34470.00   -16.2087
  34480.00   -15.6771
  34490.00   -16.0883
  34500.00   -16.2973
  34510.00   -15.8611
  34520.00   -15.4200
  34530.00   -16.0869
  34540.00   -16.1667
  34550.00   -15.7221
  34560.00   -16.4086
  34570.00   -16.2493
  34580.00   -15.9899
  34590.00   -16.4577
  34600.00   -15.9046
  34610.00   -15.9624
  34620.00   -15.8918
  34630.00   -15.6096
  34640.00   -16.6320
  34650.00   -16.3131
  34660.00   -16.2629
  34670.00   -15.9874
  34680.00   -16.2098
  34690.00   -16.1493
  34700.00   -15.7949
  34710.00   -15.5758
  34720.00   -15.7512
  34730.00   -15.9056
  34740.00   -16.1868
  34750.00   -15.8474
  34760.00   -15.5097
  34770.00   -15.9414
  34780.00   -16.2167
  34790.00   -16.2859
  34800.00   -15.9941
  34810.00   -15.6122
  34820.00   -16.2378
  34830.00   -16.0242
  34840.00   -15.8016
  34850.00   -16.1510
  34860.00   -15.9948
  34870.00   -16.0155
  34880.00   -15.6435
  34890.00   -15.9335
  34900.00   -16.1321
  34910.00   -15.9936
  34920.00   -16.0753
  34930.00   -16.4085
  34940.00   -16.2968
  34950.00   -15.6038
  34960.00   -15.9540
  34970.00   -16.4996
  34980.00   -16.9657
  34990.00   -16.4501
  35000.00   -16.1610
  35010.00   -16.2176
  35020.00   -15.9041
  35030.00   -15.6955
  35040.00   -15.8885
  35050.00   -16.0335
  35060.00   -16.6013
  35070.00   -16.2374
  35080.00   -16.1152
  35090.00   -16.2685
  35100.00   -15.9863
  35110.00   -15.7669
  35120.00   -15.8626
  35130.00   -16.1071
  35140.00   -16.7700
  35150.00   -15.8536
  35160.00   -15.9679
  35170.00   -16.1526
  35180.00   -15.8528
  35190.00   -15.8927
  35200.00   -15.9796
  35210.00   -16.1891
  35220.00   -15.7137
  35230.00   -16.0292
  35240.00   -15.7922
  35250.00   -15.7851
  35260.00   -15.9368
  35270.00   -15.8119
  35280.00   -16.3218
  35290.00   -15.9432
  35300.00   -16.0328
  35310.00   -15.9164
  35320.00   -15.6686
  35330.00   -15.9367
  35340.00   -16.3750
  35350.00   -16.2125
  35360.00   -15.9252
  35370.00   -16.0724
  35380.00   -16.1757
  35390.00   -16.5843
  35400.00   -16.1176
  35410.00   -16.0124
  35420.00   -16.0723
  35430.00   -16.1199
  35440.00   -16.1080
  35450.00   -16.1098
  35460.00   -15.8871
  35470.00   -15.7412
  35480.00   -16.1805
  35490.00   -15.9964
  35500.00   -15.8347
  35510.00   -16.5593
  35520.00   -16.1175
  35530.00   -16.4704
  35540.00   -16.0540
  35550.00   -15.8270
  35560.00   -16.4211
  35570.00   -16.1863
  35580.00   -15.9521
  35590.00   -15.7833
  35600.00   -16.0567
  35610.00   -16.3161
  35620.00   -16.1695
  35630.00   -15.8028
  35640.00   -16.4682
  35650.00   -15.8857
  35660.00   -16.3592
  35670.00   -16.2868
  35680.00   -15.7061
  35690.00   -16.1521
  35700.00   -16.5654
  35710.00   -16.1510
  35720.00   -16.0554
  35730.00   -15.7994
  35740.00   -15.7524
  35750.00   -16.3576
  35760.00   -16.6181
  35770.00   -16.3211
  35780.00   -16.1779
  35790.00   -16.5491
  35800.00   -16.2635
  35810.00   -16.0854
  35820.00   -16.2093
  35830.00   -16.1950
  35840.00   -16.2809
  35850.00   -15.8364
  35860.00   -15.8951
  35870.00   -15.4112
  35880.00   -15.9930
  35890.00   -15.8913
  35900.00   -15.6862
  35910.00   -16.2780
  35920.00   -16.1818
  35930.00   -15.8304
  35940.00   -16.4965
  35950.00   -15.8864
  35960.00   -15.4334
  35970.00   -15.7049
  35980.00   -16.0570
  35990.00   -15.9712
  36000.00   -16.0158
  36010.00   -16.4345
  36020.00   -15.9958
  36030.00   -15.6600
  36040.00   -16.2732
  36050.00   -15.6613
  36060.00   -15.8040
  36070.00   -16.0285
  36080.00   -16.4567
  36090.00   -16.5645
  36100.00   -16.2403
  36110.00   -16.0690
  36120.00   -15.6660
  36130.00   -15.6194
  36140.00   -16.2558
  36150.00   -15.3502
  36160.00   -15.8273
  36170.00   -15.9330
  36180.00   -16.0929
  36190.00   -16.0123
  36200.00   -16.1350
  36210.00   -16.0153
  36220.00   -16.0360
  36230.00   -15.9988
  36240.00   -15.3321
  36250.00   -15.8026
  36260.00   -16.1768
  36270.00   -16.0188
  36280.00   -16.3340
  36290.00   -16.1390
  36300.00   -15.8928
  36310.00   -15.8369
  36320.00   -15.9279
  36330.00   -16.3659
  36340.00   -16.4167
  36350.00   -16.4962
  36360.00   -16.1873
  36370.00   -16.4970
  36380.00   -15.7817
  36390.00   -15.6958
  36400.00   -15.9115
  36410.00   -16.1548
  36420.00   -16.2325
  36430.00   -16.2079
  36440.00   -15.8583
  36450.00   -15.7429
  36460.00   -16.5627
  36470.00   -16.5380
  36480.00   -16.5451
  36490.00   -15.5645
  36500.00   -16.2875
  36510.00   -16.3155
  36520.00   -16.2254
  36530.00   -16.1795
  36540.00   -15.8280
  36550.00   -15.6451
  36560.00   -16.0986
  36570.00   -16.2668
  36580.00   -16.2579
  36590.00   -16.4854
  36600.00   -15.7590
  36610.00   -15.7334
  36620.00   -16.0095
  36630.00   -16.0707
  36640.00   -15.6580
  36650.00   -15.8778
  36660.00   -16.3103
  36670.00   -15.6804
  36680.00   -16.2235
  36690.00   -15.9785
  36700.00   -15.9500
  36710.00   -16.7833
  36720.00   -16.4613
  36730.00   -15.8778
  36740.00   -15.7323
  36750.00   -15.7554
  36760.00   -15.8032
  36770.00   -16.0149
  36780.00   -16.1324
  36790.00   -16.3315
  36800.00   -15.2402
  36810.00   -16.1330
  36820.00   -15.9349
  36830.00   -16.3534
  36840.00   -15.8908
  36850.00   -15.6193
  36860.00   -15.8015
  36870.00   -16.0252
  36880.00   -16.2197
  36890.00   -15.6993
  36900.00   -16.3090
  36910.00   -16.7440
  36920.00   -15.9805
  36930.00   -16.2921
  36940.00   -15.9046
  36950.00   -16.1261
  36960.00   -15.8828
  36970.00   -16.3694
  36980.00   -15.6732
  36990.00   -16.3381
  37000.00   -16.3325
  37010.00   -15.6264
  37020.00   -15.8306
  37030.00   -16.3727
  37040.00   -16.1319
  37050.00   -15.8614
  37060.00   -16.3975
  37070.00   -15.6741
  37080.00   -16.0622
  37090.00   -15.7416
  37100.00   -15.9785
  37110.00   -16.3089
  37120.00   -15.9782
  37130.00   -15.9382
  37140.00   -15.7728
  37150.00   -16.3827
  37160.00   -15.8673
  37170.00   -15.7517
  37180.00   -15.8561
  37190.00   -16.1485
  37200.00   -16.3017
  37210.00   -16.1897
  37220.00   -15.6803
  37230.00   -15.9534
  37240.00   -15.9357
  37250.00   -15.7217
  37260.00   -16.1687
  37270.00   -15.5531
  37280.00   -15.8295
  37290.00   -15.8276
  37300.00   -15.9415
  37310.00   -15.8232
  37320.00   -15.9101
  37330.00   -15.8991
  37340.00   -16.3142
  37350.00   -15.5167
  37360.00   -16.1448
  37370.00   -15.9232
  37380.00   -15.3231
  37390.00   -15.7403
  37400.00   -16.3574
  37410.00   -15.8909
  37420.00   -15.5888
  37430.00   -15.9589
  37440.00   -16.3532
  37450.00   -16.1635
  37460.00   -16.5378
  37470.00   -16.1091
  37480.00   -16.1848
  37490.00   -16.2044
  37500.00   -16.0429
  37510.00   -15.9168
  37520.00   -16.3921
  37530.00   -16.1002
  37540.00   -15.9378
  37550.00   -15.7865
  37560.00   -15.8659
  37570.00   -15.6047
  37580.00   -15.6304
  37590.00   -16.0317
  37600.00   -15.7219
  37610.00   -16.3757
  37620.00   -15.8030
  37630.00   -16.2547
  37640.00   -16.1610
  37650.00   -16.0749
  37660.00   -16.3066
  37670.00   -15.8908
  37680.00   -16.0561
  37690.00   -16.1160
  37700.00   -16.0708
  37710.00   -16.0695
  37720.00   -16.4551
  37730.00   -15.6569
  37740.00   -16.2668
  37750.00   -16.1494
  37760.00   -16.0053
  37770.00   -15.7950
  37780.00   -15.7226
  37790.00   -15.4465
  37800.00   -15.9402
  37810.00   -16.1552
  37820.00   -16.5920
  37830.00   -16.0955
  37840.00   -15.8586
  37850.00   -16.0974
  37860.00   -15.9609
  37870.00   -16.1604
  37880.00   -15.4792
  37890.00   -16.1729
  37900.00   -16.2419
  37910.00   -16.2493
  37920.00   -16.1882
  37930.00   -15.9217
  37940.00   -15.9357
  37950.00   -16.0770
  37960.00   -16.2492
  37970.00   -15.7128
  37980.00   -15.5200
  37990.00   -15.6954
  38000.00   -16.0364
  38010.00   -15.2639
  38020.00   -16.0327
  38030.00   -16.0974
  38040.00   -15.6996
  38050.00   -16.0944
  38060.00   -15.1976
  38070.00   -15.9637
  38080.00   -16.0281
  38090.00   -16.2967
  38100.00   -15.7005
  38110.00   -16.0662
  38120.00   -15.8347
  38130.00   -16.3256
  38140.00   -16.2164
  38150.00   -16.0489
  38160.00   -16.0828
  38170.00   -15.9903
  38180.00   -16.0798
  38190.00   -16.0685
  38200.00   -15.5391
  38210.00   -16.0297
  38220.00   -16.1921
  38230.00   -15.6127
  38240.00   -16.0559
  38250.00   -15.5510
  38260.00   -16.0864
  38270.00   -16.4870
  38280.00   -15.6532
  38290.00   -15.7701
  38300.00   -15.2483
  38310.00   -16.3276
  38320.00   -16.1966
  38330.00   -16.2986
  38340.00   -15.8661
  38350.00   -15.9214
  38360.00   -15.9570
  38370.00   -16.3199
  38380.00   -15.5721
  38390.00   -15.4622
  38400.00   -16.2099
  38410.00   -16.3683
  38420.00   -15.6120
  38430.00   -15.5610
  38440.00   -16.1346
  38450.00   -15.9953
  38460.00   -15.6851
  38470.00   -16.4199
  38480.00   -16.2392
  38490.00   -16.0019
  38500.00   -16.0394
  38510.00   -15.9382
  38520.00   -15.6795
  38530.00   -16.1863
  38540.00   -15.6989
  38550.00   -15.5137
  38560.00   -15.3973
  38570.00   -16.2603
  38580.00   -15.5189
  38590.00   -15.7936
  38600.00   -15.9409
  38610.00   -15.2076
  38620.00   -16.3449
  38630.00   -16.2891
  38640.00   -16.5627
  38650.00   -16.1486
  38660.00   -15.9702
  38670.00   -16.0455
  38680.00   -16.5152
  38690.00   -16.3322
  38700.00   -16.0430
  38710.00   -16.0819
  38720.00   -15.6755
  38730.00   -16.4648
  38740.00   -15.7389
  38750.00   -16.3771
  38760.00   -15.9556
  38770.00   -15.4760
  38780.00   -15.9732
  38790.00   -15.8547
  38800.00   -15.8571
  38810.00   -16.0518
  38820.00   -15.8166
  38830.00   -16.3332
  38840.00   -16.0372
  38850.00   -15.5057
  38860.00   -16.0825
  38870.00   -15.6457
  38880.00   -16.2439
  38890.00   -15.9526
  38900.00   -16.1188
  38910.00   -15.8322
  38920.00   -15.9398
  38930.00   -16.0618
  38940.00   -15.7075
  38950.00   -15.9618
  38960.00   -16.0653
  38970.00   -15.9608
  38980.00   -15.7752
  38990.00   -15.9465
  39000.00   -15.9202
  39010.00   -16.3449
  39020.00   -15.8087
  39030.00   -15.4105
  39040.00   -15.8058
  39050.00   -16.4726
  39060.00   -16.2800
  39070.00   -15.7141
  39080.00   -16.1672
  39090.00   -16.2605
  39100.00   -16.2781
  39110.00   -15.9407
  39120.00   -16.2494
  39130.00   -15.1737
  39140.00   -16.2840
  39150.00   -15.8028
  39160.00   -16.0845
  39170.00   -16.2888
  39180.00   -16.5190
  39190.00   -16.3230
  39200.00   -15.3767
  39210.00   -15.7681
  39220.00   -15.5231
  39230.00   -15.6675
  39240.00   -15.9043
  39250.00   -15.9630
  39260.00   -15.8170
  39270.00   -15.6239
  39280.00   -16.1262
  39290.00   -15.9182
  39300.00   -15.6012
  39310.00   -15.9577
  39320.00   -16.1909
  39330.00   -16.3332
  39340.00   -16.3515
  39350.00   -16.3843
  39360.00   -16.1251
  39370.00   -15.4183
  39380.00   -15.9135
  39390.00   -15.7558
  39400.00   -15.7817
  39410.00   -15.8670
  39420.00   -16.2843
  39430.00   -16.0807
  39440.00   -15.8989
  39450.00   -15.6449
  39460.00   -15.7414
  39470.00   -15.6878
  39480.00   -15.6504
  39490.00   -15.6355
  39500.00   -16.1085
  39510.00   -15.9114
  39520.00   -16.4717
  39530.00   -15.9012
  39540.00   -16.1189
  39550.00   -16.2328
  39560.00   -15.8196
  39570.00   -15.9434
  39580.00   -15.8661
  39590.00   -15.9681
  39600.00   -16.3095
  39610.00   -16.2824
  39620.00   -16.2451
  39630.00   -16.3015
  39640.00   -15.8188
  39650.00   -16.1387
  39660.00   -15.9649
  39670.00   -16.2465
  39680.00   -15.5646
  39690.00   -15.8316
  39700.00   -16.1404
  39710.00   -16.1119
  39720.00   -15.8669
  39730.00   -16.2320
  39740.00   -15.9972
  39750.00   -15.6963
  39760.00   -15.7872
  39770.00   -15.4694
  39780.00   -15.6718
  39790.00   -15.6851
  39800.00   -15.9971
  39810.00   -15.8774
  39820.00   -15.4399
  39830.00   -15.9755
  39840.00   -16.1019
  39850.00   -15.7758
  39860.00   -16.2603
  39870.00   -15.9940
  39880.00   -16.1182
  39890.00   -15.9057
  39900.00   -15.8600
  39910.00   -16.0068
  39920.00   -16.1059
  39930.00   -15.8943
  39940.00   -15.7514
  39950.00   -15.7712
  39960.00   -16.3545
  39970.00   -15.1869
  39980.00   -15.5837
  39990.00   -15.8301
  40000.00   -16.1692
  40010.00   -15.9878
  40020.00   -15.7040
  40030.00   -15.7722
  40040.00   -16.3030
  40050.00   -16.2204
  40060.00   -16.2167
  40070.00   -16.2797
  40080.00   -16.1620
  40090.00   -16.3184
  40100.00   -15.8298
  40110.00   -15.4035
  40120.00   -15.8497
  40130.00   -16.3654
  40140.00   -16.0841
  40150.00   -15.8281
  40160.00   -15.4735
  40170.00   -16.1759
  40180.00   -16.0223
  40190.00   -15.7357
  40200.00   -15.7961
  40210.00   -16.0631
  40220.00   -16.2072
  40230.00   -15.8303
  40240.00   -15.8000
  40250.00   -16.7287
  40260.00   -16.1075
  40270.00   -16.0188
  40280.00   -16.2952
  40290.00   -16.4891
  40300.00   -16.2468
  40310.00   -15.7445
  40320.00   -16.3412
  40330.00   -16.3088
  40340.00   -15.5294
  40350.00   -16.4221
  40360.00   -16.5630
  40370.00   -15.9736
  40380.00   -16.5930
  40390.00   -15.6640
  40400.00   -16.2204
  40410.00   -15.9383
  40420.00   -16.1330
  40430.00   -15.9840
  40440.00   -16.0231
  40450.00   -15.9942
  40460.00   -15.6744
  40470.00   -15.9685
  40480.00   -16.0340
  40490.00   -16.2986
  40500.00   -16.1174
  40510.00   -15.9306
  40520.00   -15.6863
  40530.00   -15.9639
  40540.00   -16.3363
  40550.00   -15.8929
  40560.00   -16.1747
  40570.00   -15.6166
  40580.00   -16.2122
  40590.00   -15.7293
  40600.00   -15.5636
  40610.00   -15.7289
  40620.00   -16.3220
  40630.00   -15.7397
  40640.00   -16.1301
  40650.00   -16.1361
  40660.00   -15.1754
  40670.00   -16.2012
  40680.00   -15.7920
  40690.00   -15.7747
  40700.00   -15.8313
  40710.00   -15.7026
  40720.00   -15.6784
  40730.00   -15.6224
  40740.00   -15.6177
  40750.00   -15.6866
  40760.00   -15.6935
  40770.00   -16.0796
  40780.00   -15.8379
  40790.00   -15.7335
  40800.00   -15.6307
  40810.00   -16.2236
  40820.00   -15.4851
  40830.00   -16.1137
  40840.00   -15.6349
  40850.00   -16.0266
  40860.00   -16.3358
  40870.00   -15.7092
  40880.00   -16.1469
  40890.00   -16.0076
  40900.00   -15.6217
  40910.00   -15.5237
  40920.00   -16.0201
  40930.00   -15.6931
  40940.00   -16.2645
  40950.00   -16.3210
  40960.00   -15.9258
  40970.00   -15.6001
  40980.00   -15.8451
  40990.00   -16.0199
  41000.00   -15.8494
  41010.00   -16.0854
  41020.00   -16.2174
  41030.00   -15.9941
  41040.00   -15.7205
  41050.00   -15.7343
  41060.00   -15.6560
  41070.00   -16.1857
  41080.00   -15.9870
  41090.00   -15.6086
  41100.00   -16.6787
  41110.00   -16.3761
  41120.00   -16.2848
  41130.00   -16.2905
  41140.00   -16.4143
  41150.00   -15.8160
  41160.00   -16.0312
  41170.00   -15.9243
  41180.00   -16.2876
  41190.00   -16.2463
  41200.00   -15.8842
  41210.00   -16.2346
  41220.00   -16.0996
  41230.00   -15.9367
  41240.00   -16.4667
  41250.00   -16.2517
  41260.00   -15.8938
  41270.00   -15.7962
  41280.00   -16.1128
  41290.00   -16.1251
  41300.00   -15.9828
  41310.00   -16.3749
  41320.00   -16.0520
  41330.00   -16.0299
  41340.00   -16.0953
  41350.00   -15.9174
  41360.00   -15.5689
  41370.00   -16.2924
  41380.00   -15.9139
  41390.00   -15.9530
  41400.00   -15.7184
  41410.00   -15.7670
  41420.00   -15.6525
  41430.00   -16.2081
  41440.00   -16.1318
  41450.00   -16.4302
  41460.00   -15.8451
  41470.00   -16.2771
  41480.00   -15.9564
  41490.00   -16.6390
  41500.00   -15.4256
  41510.00   -16.2090
  41520.00   -15.6383
  41530.00   -15.6834
  41540.00   -16.2042
  41550.00   -15.8698
  41560.00   -15.8031
  41570.00   -16.0570
  41580.00   -16.4678
  41590.00   -16.4034
  41600.00   -16.3471
  41610.00   -16.2755
  41620.00   -17.0031
  41630.00   -15.8970
  41640.00   -16.1060
  41650.00   -15.8437
  41660.00   -16.0255
  41670.00   -15.7300
  41680.00   -16.0532
  41690.00   -15.8397
  41700.00   -15.7594
  41710.00   -15.6542
  41720.00   -15.6226
  41730.00   -15.8327
  41740.00   -16.0937
  41750.00   -15.0294
  41760.00   -15.8192
  41770.00   -16.3519
  41780.00   -15.7518
  41790.00   -15.9308
  41800.00   -16.2770
  41810.00   -15.6733
  41820.00   -15.7028
  41830.00   -16.1139
  41840.00   -15.8390
  41850.00   -16.0829
  41860.00   -15.6931
  41870.00   -15.8758
  41880.00   -16.0868
  41890.00   -16.0397
  41900.00   -15.7642
  41910.00   -15.8166
  41920.00   -15.6391
  41930.00   -16.2969
  41940.00   -16.4468
  41950.00   -15.2084
  41960.00   -15.5042
  41970.00   -15.5790
  41980.00   -15.4901
  41990.00   -15.8651
  42000.00   -16.3389
  42010.00   -16.2789
  42020.00   -16.0524
  42030.00   -15.5561
  42040.00   -15.8506
  42050.00   -15.5515
  42060.00   -16.4279
  42070.00   -16.2846
  42080.00   -16.0151
  42090.00   -16.4736
  42100.00   -15.5551
  42110.00   -16.1188
  42120.00   -15.9819
  42130.00   -16.0232
  42140.00   -16.0381
  42150.00   -16.7292
  42160.00   -15.7038
  42170.00   -16.1354
  42180.00   -15.6493
  42190.00   -15.8481
  42200.00   -16.3164
  42210.00   -16.4035
  42220.00   -16.0430
  42230.00   -16.2153
  42240.00   -15.9068
  42250.00   -16.1753
  42260.00   -16.2754
  42270.00   -15.7768
  42280.00   -15.6755
  42290.00   -15.6121
  42300.00   -15.9492
  42310.00   -16.1538
  42320.00   -15.5118
  42330.00   -16.3021
  42340.00   -16.4805
  42350.00   -16.0270
  42360.00   -15.7690
  42370.00   -15.5980
  42380.00   -15.9469
  42390.00   -16.1650
  42400.00   -15.5343
  42410.00   -15.8006
  42420.00   -15.8099
  42430.00   -15.5577
  42440.00   -16.2632
  42450.00   -15.5108
  42460.00   -16.2737
  42470.00   -16.3664
  42480.00   -16.4461
  42490.00   -15.6450
  42500.00   -16.0224
  42510.00   -16.3737
  42520.00   -15.9519
  42530.00   -15.8593
  42540.00   -16.3760
  42550.00   -16.0478
  42560.00   -16.0538
  42570.00   -16.2613
  42580.00   -15.7210
  42590.00   -16.4615
  42600.00   -16.5977
  42610.00   -16.2020
  42620.00   -16.0764
  42630.00   -16.2419
  42640.00   -15.7651
  42650.00   -15.6164
  42660.00   -16.0364
  42670.00   -16.4763
  42680.00   -16.1775
  42690.00   -15.6911
  42700.00   -15.4504
  42710.00   -15.7546
  42720.00   -15.9322
  42730.00   -15.8089
  42740.00   -15.8631
  42750.00   -16.2843
  42760.00   -15.7181
  42770.00   -16.0410
  42780.00   -16.0015
  42790.00   -16.3971
  42800.00   -16.1795
  42810.00   -16.0037
  42820.00   -16.0540
  42830.00   -15.7783
  42840.00   -15.6566
  42850.00   -16.0836
  42860.00   -16.2304
  42870.00   -16.1022
  42880.00   -15.9740
  42890.00   -16.0984
  42900.00   -15.8393
  42910.00   -15.8547
  42920.00   -15.8787
  42930.00   -15.8166
  42940.00   -15.7697
  42950.00   -15.9214
  42960.00   -16.3972
  42970.00   -15.9192
  42980.00   -15.7373
  42990.00   -16.3173
  43000.00   -16.1323
  43010.00   -16.0497
  43020.00   -15.9643
  43030.00   -15.8844
  43040.00   -16.0149
  43050.00   -15.8953
  43060.00   -15.2913
  43070.00   -15.6284
  43080.00   -15.5717
  43090.00   -16.3297
  43100.00   -15.6257
  43110.00   -15.9869
  43120.00   -16.1310
  43130.00   -15.9650
  43140.00   -15.7681
  43150.00   -16.1534
  43160.00   -16.2045
  43170.00   -15.8868
  43180.00   -16.6097
  43190.00   -15.9171
  43200.00   -15.8975
  43210.00   -16.1625
  43220.00   -15.8984
  43230.00   -16.0633
  43240.00   -15.9001
  43250.00   -15.8866
  43260.00   -16.0401
  43270.00   -16.3373
  43280.00   -15.9706
  43290.00   -15.6811
  43300.00   -16.0590
  43310.00   -15.9483
  43320.00   -16.2148
  43330.00   -15.6211
  43340.00   -16.1563
  43350.00   -15.5021
  43360.00   -15.8171
  43370.00   -15.9660
  43380.00   -15.9088
  43390.00   -16.3452
  43400.00   -15.9464
  43410.00   -16.1597
  43420.00   -15.5484
  43430.00   -15.6700
  43440.00   -15.9034
  43450.00   -16.2352
  43460.00   -15.6681
  43470.00   -16.5912
  43480.00   -15.8845
  43490.00   -15.3573
  43500.00   -15.8951
  43510.00   -16.0349
  43520.00   -16.2851
  43530.00   -16.0875
  43540.00   -16.1930
  43550.00   -15.5945
  43560.00   -15.8713
  43570.00   -15.6538
  43580.00   -15.9476
  43590.00   -15.4328
  43600.00   -15.5904
  43610.00   -15.5305
  43620.00   -15.9264
  43630.00   -16.1344
  43640.00   -16.0366
  43650.00   -16.1116
  43660.00   -15.4982
  43670.00   -15.3859
  43680.00   -15.8306
  43690.00   -16.1839
  43700.00   -15.7950
  43710.00   -15.8676
  43720.00   -15.9165
  43730.00   -15.9788
  43740.00   -15.5362
  43750.00   -16.2239
  43760.00   -16.2541
  43770.00   -15.6830
  43780.00   -15.9343
  43790.00   -15.7610
  43800.00   -15.5817
  43810.00   -15.7334
  43820.00   -16.2607
  43830.00   -15.3650
  43840.00   -16.0487
  43850.00   -16.0594
  43860.00   -16.3656
  43870.00   -15.6592
  43880.00   -15.7240
  43890.00   -15.2956
  43900.00   -16.0286
  43910.00   -16.4391
  43920.00   -15.4951
  43930.00   -15.8718
  43940.00   -15.5822
  43950.00   -16.2238
  43960.00   -16.1953
  43970.00   -15.8056
  43980.00   -15.7789
  43990.00   -15.9876
  44000.00   -16.0154
  44010.00   -16.1581
  44020.00   -16.1018
  44030.00   -15.9099
  44040.00   -15.8914
  44050.00   -16.1641
  44060.00   -15.7412
  44070.00   -16.2088
  44080.00   -15.9221
  44090.00   -16.1369
  44100.00   -15.7199
  44110.00   -16.3115
  44120.00   -16.0961
  44130.00   -15.5163
  44140.00   -16.2457
  44150.00   -15.6973
  44160.00   -15.9652
  44170.00   -15.4804
  44180.00   -15.8740
  44190.00   -16.0141
  44200.00   -15.9791
  44210.00   -15.6956
  44220.00   -15.7355
  44230.00   -15.9795
  44240.00   -15.9562
  44250.00   -15.9791
  44260.00   -15.6653
  44270.00   -15.7026
  44280.00   -15.5959
  44290.00   -15.5803
  44300.00   -15.4786
  44310.00   -16.0679
  44320.00   -16.0677
  44330.00   -16.1597
  44340.00   -16.1347
  44350.00   -16.3975
  44360.00   -16.0881
  44370.00   -15.9245
  44380.00   -15.9794
  44390.00   -16.3190
  44400.00   -16.1091
  44410.00   -15.7398
  44420.00   -15.9779
  44430.00   -16.2030
  44440.00   -15.5853
  44450.00   -15.6323
  44460.00   -15.3933
  44470.00   -15.9038
  44480.00   -15.9644
  44490.00   -16.0089
  44500.00   -16.1910
  44510.00   -15.8398
  44520.00   -15.7351
  44530.00   -15.8741
  44540.00   -16.2522
  44550.00   -15.8173
  44560.00   -15.8488
  44570.00   -15.8904
  44580.00   -15.9352
  44590.00   -16.2315
  44600.00   -16.2378
  44610.00   -16.0271
  44620.00   -15.8535
  44630.00   -16.1442
  44640.00   -16.0134
  44650.00   -16.2840
  44660.00   -15.9531
  44670.00   -15.8351
  44680.00   -16.3141
  44690.00   -16.2949
  44700.00   -16.4293
  44710.00   -16.1133
  44720.00   -16.3408
  44730.00   -16.3629
  44740.00   -16.3925
  44750.00   -16.1010
  44760.00   -15.5789
  44770.00   -15.9223
  44780.00   -15.7755
  44790.00   -16.0989
  44800.00   -16.5685
  44810.00   -16.0445
  44820.00   -16.4638
  44830.00   -16.1374
  44840.00   -16.5783
  44850.00   -15.8358
  44860.00   -16.1513
  44870.00   -15.7171
  44880.00   -15.9407
  44890.00   -16.0661
  44900.00   -16.5064
  44910.00   -15.8182
  44920.00   -16.0308
  44930.00   -15.7877
  44940.00   -15.7670
  44950.00   -15.4540
  44960.00   -16.2630
  44970.00   -15.8183
  44980.00   -16.3139
  44990.00   -16.0314
  45000.00   -16.0787
  45010.00   -16.0018
  45020.00   -15.8560
  45030.00   -15.9239
  45040.00   -16.0289
  45050.00   -16.2094
  45060.00   -15.9009
  45070.00   -15.8728
  45080.00   -15.6170
  45090.00   -16.0311
  45100.00   -15.4028
  45110.00   -16.3148
  45120.00   -16.7511
  45130.00   -16.0284
  45140.00   -16.3942
  45150.00   -16.5246
  45160.00   -16.1002
  45170.00   -16.5948
  45180.00   -16.3586
  45190.00   -15.7146
  45200.00   -16.0192
  45210.00   -16.0754
  45220.00   -16.0176
  45230.00   -16.0713
  45240.00   -16.3200
  45250.00   -16.4078
  45260.00   -16.1305
  45270.00   -15.9865
  45280.00   -16.2394
  45290.00   -15.9021
  45300.00   -15.8726
  45310.00   -15.5905
  45320.00   -15.7453
  45330.00   -15.9795
  45340.00   -16.1225
  45350.00   -16.1234
  45360.00   -16.0342
  45370.00   -16.0973
  45380.00   -15.7383
  45390.00   -16.6782
  45400.00   -16.0005
  45410.00   -15.6944
  45420.00   -15.7063
  45430.00   -16.2004
  45440.00   -16.3184
  45450.00   -15.6810
  45460.00   -16.3954
  45470.00   -15.9403
  45480.00   -16.2102
  45490.00   -16.1512
  45500.00   -16.2581
  45510.00   -16.0168
  45520.00   -15.9199
  45530.00   -15.8201
  45540.00   -16.3058
  45550.00   -16.2914
  45560.00   -15.7985
  45570.00   -15.7328
  45580.00   -16.3181
  45590.00   -15.8298
  45600.00   -16.0806
  45610.00   -15.9232
  45620.00   -15.9103
  45630.00   -16.1485
  45640.00   -15.4985
  45650.00   -15.9873
  45660.00   -16.0737
  45670.00   -15.5374
  45680.00   -16.1088
  45690.00   -15.4958
  45700.00   -16.0304
  45710.00   -16.2486
  45720.00   -16.0014
  45730.00   -16.0975
  45740.00   -16.6138
  45750.00   -15.9841
  45760.00   -15.8124
  45770.00   -15.8843
  45780.00   -15.7958
  45790.00   -16.3420
  45800.00   -16.0242
  45810.00   -15.7755
  45820.00   -16.0541
  45830.00   -16.0061
  45840.00   -15.7488
  45850.00   -15.7399
  45860.00   -16.0409
  45870.00   -16.2480
  45880.00   -15.7903
  45890.00   -15.9324
  45900.00   -15.6665
  45910.00   -15.4997
  45920.00   -16.3715
  45930.00   -15.9261
  45940.00   -16.3598
  45950.00   -16.0253
  45960.00   -16.2997
  45970.00   -16.2969
  45980.00   -16.3321
  45990.00   -15.9302
  46000.00   -15.8950
  46010.00   -16.4797
  46020.00   -15.7447
  46030.00   -15.8543
  46040.00   -15.9692
  46050.00   -16.0269
  46060.00   -15.7689
  46070.00   -16.2130
  46080.00   -16.1968
  46090.00   -15.5261
  46100.00   -15.9550
  46110.00   -16.0033
  46120.00   -16.1920
  46130.00   -16.2788
  46140.00   -16.1824
  46150.00   -16.0135
  46160.00   -16.3529
  46170.00   -16.1580
  46180.00   -16.0220
  46190.00   -15.9099
  46200.00   -16.3536
  46210.00   -16.2745
  46220.00   -15.9053
  46230.00   -16.6538
  46240.00   -16.1084
  46250.00   -16.4757
  46260.00   -16.1762
  46270.00   -16.2406
  46280.00   -15.6761
  46290.00   -16.0462
  46300.00   -16.3455
  46310.00   -15.9229
  46320.00   -15.7814
  46330.00   -16.1344
  46340.00   -15.8473
  46350.00   -15.3073
  46360.00   -16.2828
  46370.00   -16.3087
  46380.00   -15.9444
  46390.00   -16.0965
  46400.00   -16.0482
  46410.00   -16.3873
  46420.00   -15.9151
  46430.00   -15.8347
  46440.00   -15.9476
  46450.00   -16.1057
  46460.00   -15.6005
  46470.00   -16.0007
  46480.00   -16.7161
  46490.00   -15.7098
  46500.00   -16.2764
  46510.00   -15.8691
  46520.00   -16.7407
  46530.00   -15.9474
  46540.00   -15.8095
  46550.00   -16.1487
  46560.00   -16.1115
  46570.00   -16.0098
  46580.00   -15.8852
  46590.00   -15.9012
  46600.00   -16.5730
  46610.00   -15.8815
  46620.00   -15.3315
  46630.00   -15.9051
  46640.00   -16.2723
  46650.00   -15.5545
  46660.00   -15.8208
  46670.00   -15.5994
  46680.00   -16.1952
  46690.00   -16.0386
  46700.00   -15.6587
  46710.00   -15.9547
  46720.00   -15.9243
  46730.00   -16.0751
  46740.00   -15.8860
  46750.00   -15.8600
  46760.00   -16.0708
  46770.00   -15.3414
  46780.00   -15.7426
  46790.00   -16.0946
  46800.00   -15.7480
  46810.00   -16.3489
  46820.00   -15.9699
  46830.00   -15.6511
  46840.00   -15.6559
  46850.00   -15.6430
  46860.00   -16.0374
  46870.00   -15.6094
  46880.00   -15.9708
  46890.00   -15.9333
  46900.00   -16.4390
  46910.00   -15.4505
  46920.00   -16.0126
  46930.00   -15.8784
  46940.00   -15.9757
  46950.00   -15.8568
  46960.00   -16.0467
  46970.00   -15.5111
  46980.00   -16.1425
  46990.00   -16.1431
  47000.00   -16.2050
  47010.00   -15.8672
  47020.00   -16.0753
  47030.00   -16.0887
  47040.00   -15.5742
  47050.00   -15.9794
  47060.00   -15.8896
  47070.00   -15.7349
  47080.00   -15.7444
  47090.00   -15.8278
  47100.00   -16.1721
  47110.00   -15.6443
  47120.00   -15.9009
  47130.00   -16.3147
  47140.00   -15.8811
  47150.00   -16.1490
  47160.00   -15.9124
  47170.00   -16.4796
  47180.00   -16.2289
  47190.00   -15.8070
  47200.00   -16.0811
  47210.00   -16.1306
  47220.00   -16.6068
  47230.00   -16.4278
  47240.00   -15.8602
  47250.00   -15.7918
  47260.00   -16.0827
  47270.00   -15.8474
  47280.00   -16.1266
  47290.00   -15.7744
  47300.00   -16.0202
  47310.00   -15.7625
  47320.00   -16.1542
  47330.00   -15.6933
  47340.00   -15.8596
  47350.00   -15.7002
  47360.00   -16.2995
  47370.00   -16.1562
  47380.00   -16.0033
  47390.00   -15.9942
  47400.00   -15.5705
  47410.00   -16.1363
  47420.00   -15.9891
  47430.00   -15.9158
  47440.00   -15.9457
  47450.00   -15.9411
  47460.00   -16.3777
  47470.00   -16.0357
  47480.00   -16.2622
  47490.00   -16.2778
  47500.00   -15.6760
  47510.00   -15.6945
  47520.00   -15.7160
  47530.00   -16.1059
  47540.00   -16.3689
  47550.00   -16.0899
  47560.00   -16.2076
  47570.00   -15.9501
  47580.00   -15.7020
  47590.00   -15.5315
  47600.00   -15.9872
  47610.00   -16.0794
  47620.00   -16.0149
  47630.00   -16.2585
  47640.00   -15.7538
  47650.00   -15.2791
  47660.00   -15.5973
  47670.00   -16.6532
  47680.00   -16.4387
  47690.00   -15.9330
  47700.00   -15.9866
  47710.00   -15.8912
  47720.00   -15.8917
  47730.00   -15.9837
  47740.00   -16.0738
  47750.00   -16.1578
  47760.00   -15.7662
  47770.00   -16.6051
  47780.00   -15.9867
  47790.00   -15.7262
  47800.00   -15.6901
  47810.00   -15.8885
  47820.00   -16.4900
  47830.00   -15.6917
  47840.00   -16.3964
  47850.00   -16.3861
  47860.00   -16.4055
  47870.00   -16.2396
  47880.00   -15.9226
  47890.00   -15.8011
  47900.00   -15.8241
  47910.00   -15.6105
  47920.00   -16.1211
  47930.00   -16.1358
  47940.00   -16.1713
  47950.00   -15.9215
  47960.00   -16.6501
  47970.00   -16.2579
  47980.00   -15.8286
  47990.00   -15.8294
  48000.00   -15.5799
  48010.00   -15.7100
  48020.00   -16.2627
  48030.00   -16.2831
  48040.00   -16.1857
  48050.00   -16.0823
  48060.00   -16.3388
  48070.00   -16.0091
  48080.00   -15.9825
  48090.00   -15.9438
  48100.00   -15.8309
  48110.00   -15.7338
  48120.00   -16.0026
  48130.00   -16.1149
  48140.00   -15.9541
  48150.00   -15.5543
  48160.00   -15.9416
  48170.00   -15.6008
  48180.00   -15.7039
  48190.00   -15.8599
  48200.00   -15.8701
  48210.00   -15.9002
  48220.00   -15.2707
  48230.00   -15.4354
  48240.00   -15.9923
  48250.00   -15.8281
  48260.00   -15.7042
  48270.00   -15.6852
  48280.00   -16.1682
  48290.00   -16.0729
  48300.00   -16.1487
  48310.00   -15.9044
  48320.00   -15.8740
  48330.00   -16.3149
  48340.00   -15.6826
  48350.00   -15.7005
  48360.00   -15.8661
  48370.00   -16.2779
  48380.00   -16.1305
  48390.00   -15.8904
  48400.00   -16.0706
  48410.00   -15.8374
  48420.00   -15.6772
  48430.00   -15.7991
  48440.00   -16.1682
  48450.00   -15.9096
  48460.00   -15.9846
  48470.00   -16.2431
  48480.00   -16.2848
  48490.00   -16.0043
  48500.00   -16.1275
  48510.00   -15.9931
  48520.00   -15.3559
  48530.00   -15.6428
  48540.00   -15.4026
  48550.00   -15.4319
  48560.00   -16.2464
  48570.00   -15.7971
  48580.00   -15.8831
  48590.00   -15.9429
  48600.00   -16.2979
  48610.00   -15.7283
  48620.00   -16.0341
  48630.00   -16.0127
  48640.00   -15.8290
  48650.00   -15.8340
  48660.00   -15.7551
  48670.00   -16.1524
  48680.00   -16.0415
  48690.00   -15.9730
  48700.00   -16.0093
  48710.00   -16.1381
  48720.00   -16.1120
  48730.00   -15.6591
  48740.00   -16.0832
  48750.00   -15.7884
  48760.00   -15.9290
  48770.00   -16.1001
  48780.00   -16.2019
  48790.00   -15.9283
  48800.00   -15.8464
  48810.00   -16.5094
  48820.00   -16.0588
  48830.00   -15.8308
  48840.00   -16.1008
  48850.00   -15.8700
  48860.00   -16.2108
  48870.00   -15.8892
  48880.00   -15.6063
  48890.00   -15.9353
  48900.00   -15.8175
  48910.00   -15.9638
  48920.00   -15.5029
  48930.00   -16.1176
  48940.00   -16.0371
  48950.00   -16.2647
  48960.00   -15.8906
  48970.00   -15.9394
  48980.00   -16.0210
  48990.00   -16.3932
  49000.00   -15.7779
  49010.00   -15.8641
  49020.00   -15.9976
  49030.00   -16.3783
  49040.00   -16.2750
  49050.00   -16.4681
  49060.00   -16.0192
  49070.00   -16.3392
  49080.00   -16.3573
  49090.00   -16.3606
  49100.00   -16.1214
  49110.00   -15.9747
  49120.00   -15.9676
  49130.00   -15.8666
  49140.00   -16.5961
  49150.00   -16.1090
  49160.00   -15.7504
  49170.00   -16.2372
  49180.00   -16.1093
  49190.00   -16.2840
  49200.00   -16.4786
  49210.00   -15.8169
  49220.00   -15.8022
  49230.00   -15.7570
  49240.00   -15.8065
  49250.00   -15.9176
  49260.00   -15.9592
  49270.00   -15.9280
  49280.00   -15.8748
  49290.00   -15.4839
  49300.00   -15.6070
  49310.00   -16.5685
  49320.00   -15.7394
  49330.00   -15.8377
  49340.00   -15.6185
  49350.00   -15.8781
  49360.00   -15.5079
  49370.00   -15.9879
  49380.00   -15.6332
  49390.00   -15.6307
  49400.00   -15.2988
  49410.00   -15.7289
  49420.00   -15.7256
  49430.00   -16.0204
  49440.00   -15.7598
  49450.00   -16.3205
  49460.00   -15.6679
  49470.00   -15.7652
  49480.00   -16.0215
  49490.00   -15.7937
  49500.00   -16.5394
  49510.00   -15.5574
  49520.00   -15.9666
  49530.00   -16.1162
  49540.00   -16.4800
  49550.00   -15.9283
  49560.00   -16.1466
  49570.00   -16.3553
  49580.00   -16.6078
  49590.00   -16.4053
  49600.00   -15.8901
  49610.00   -15.5890
  49620.00   -15.9581
  49630.00   -15.6887
  49640.00   -16.1104
  49650.00   -15.7396
  49660.00   -16.0990
  49670.00   -15.8745
  49680.00   -16.1537
  49690.00   -15.7412
  49700.00   -15.7250
  49710.00   -16.6128
  49720.00   -16.6006
  49730.00   -16.3624
  49740.00   -15.6425
  49750.00   -16.8291
  49760.00   -16.1715
  49770.00   -15.9669
  49780.00   -16.3570
  49790.00   -16.1170
  49800.00   -16.5542
  49810.00   -16.1498
  49820.00   -15.5134
  49830.00   -15.7277
  49840.00   -16.1972
  49850.00   -16.0949
  49860.00   -15.9376
  49870.00   -16.2496
  49880.00   -15.8825
  49890.00   -15.6935
  49900.00   -16.0582
  49910.00   -15.9848
  49920.00   -15.5799
  49930.00   -16.1578
  49940.00   -16.1110
  49950.00   -15.7465
  49960.00   -16.0971
  49970.00   -16.1982
  49980.00   -15.6385
  49990.00   -15.8802
  50000.00   -16.3004
