     10.00     0.7886
     20.00     1.2651
     30.00     0.6001
     40.00     0.8144
     50.00     1.0719
     60.00     1.3030
     70.00     0.7962
     80.00     1.2201
     90.00     0.9703
    100.00     0.9522
    110.00     1.1844
    120.00     1.2401
    130.00     0.9674
    140.00     0.6284
    150.00     0.8582
    160.00     0.9651
    170.00     0.9674
    180.00     1.4377
    190.00     1.1749
    200.00     0.8681
    210.00     0.6519
    220.00     0.4062
    230.00     1.1222
    240.00     0.8299
    250.00     0.8274
    260.00     0.6131
    270.00     1.3001
    280.00     0.6394
    290.00     1.2008
    300.00     1.1489
    310.00     1.3383
    320.00     0.7576
    330.00     0.9220
    340.00     1.4558
    350.00     0.8265
    360.00     1.0398
    370.00     0.8930
    380.00     0.7999
    390.00     0.9906
    400.00     1.1911
    410.00     0.7773
    420.00     1.0267
    430.00     1.0550
    440.00     0.5287
    450.00     1.0215
    460.00     1.1388
    470.00     0.9578
    480.00     1.4041
    490.00     1.1704
    500.00     0.9490
    510.00     1.4924
    520.00     1.0175
    530.00     1.0300
    540.00     1.0977
    550.00     0.8208
    560.00     0.1051
    570.00     1.2513
    580.00     0.9329
    590.00     0.8371
    600.00     1.0008
    610.00     1.2816
    620.00     1.3907
    630.00     1.3554
    640.00     1.2536
    650.00     1.6104
    660.00     0.8791
    670.00     0.9450
    680.00     1.6327
    690.00     1.2405
    700.00     0.8357
    710.00     1.1190
    720.00     0.9589
    730.00     0.9441
    740.00     1.2147
    750.00     1.6254
    760.00     0.7932
    770.00     0.8744
    780.00     1.5191
    790.00     1.1827
    800.00     0.9085
    810.00     1.0923
    820.00     1.0169
    830.00     1.3029
    840.00     1.2485
    850.00     0.8172
    860.00     1.1131
    870.00     1.2652
    880.00     0.9518
    890.00     0.8441
    900.00     0.5147
    910.00     0.9017
    920.00     1.2982
    930.00     0.7409
    940.00     1.0213
    950.00     0.8954
    960.00     1.3588
    970.00     1.0457
    980.00     0.9226
    990.00     1.3208
   1000.00     1.2120
   1010.00     1.2175
   1020.00     0.8449
   1030.00     1.0046
   1040.00     0.4669
   1050.00     1.0641
   1060.00     1.0055
   1070.00     0.6422
   1080.00     0.7445
   1090.00     1.0693
   1100.00     0.1813
   1110.00     0.8738
   1120.00     0.7548
   1130.00     0.6772
   1140.00     0.9812
   1150.00     0.3795
   1160.00     0.8738
   1170.00     1.2380
   1180.00     1.1220
   1190.00     1.0561
   1200.00     1.1442
   1210.00     1.2041
   1220.00     1.2887
   1230.00     1.5901
   1240.00     0.7408
   1250.00     1.5226
   1260.00     0.6055
   1270.00     1.1935
   1280.00     0.7993
   1290.00     1.2539
   1300.00     1.3339
   1310.00     0.8825
   1320.00     1.4738
   1330.00     0.9215
   1340.00     1.0692
   1350.00     0.8166
   1360.00     1.0421
   1370.00     1.0021
   1380.00     1.0407
   1390.00     0.9339
   1400.00     1.2105
   1410.00     0.6326
   1420.00     0.8495
   1430.00     0.7795
   1440.00     0.8058
   1450.00     1.1180
   1460.00     1.8164
   1470.00     1.0791
   1480.00     1.0624
   1490.00     0.9755
   1500.00     0.3552
   1510.00     1.3996
   1520.00     1.0116
   1530.00     0.8874
   1540.00     0.6387
   1550.00     0.6500
   1560.00     1.0382
   1570.00     1.6043
   1580.00     1.0076
   1590.00     0.8320
   1600.00     0.6305
   1610.00     0.6104
   1620.00     0.5373
   1630.00     0.4901
   1640.00     1.1837
   1650.00     0.9304
   1660.00     0.6779
   1670.00     0.5892
   1680.00     1.2444
   1690.00     0.6193
   1700.00     0.8502
   1710.00     1.3430
   1720.00     0.9190
   1730.00     0.7879
   1740.00     0.6634
   1750.00     0.9399
   1760.00     1.3464
   1770.00     0.8833
   1780.00     0.9640
   1790.00     1.3959
   1800.00     0.7511
   1810.00     0.8827
   1820.00     1.2919
   1830.00     1.2563
   1840.00     0.8946
   1850.00     1.1521
   1860.00     0.7568
   1870.00     0.9159
   1880.00     0.4268
   1890.00     1.1742
   1900.00     1.0755
   1910.00     0.8182
   1920.00     1.1299
   1930.00     1.2385
   1940.00     1.2191
   1950.00     1.0521
   1960.00     0.7921
   1970.00     0.6984
   1980.00     0.9905
   1990.00     1.2163
   2000.00     1.0336
   2010.00     1.0434
   2020.00     1.1995
   2030.00     1.2508
   2040.00     1.5980
   2050.00     1.1170
   2060.00     1.1685
   2070.00     1.3478
   2080.00     1.2501
   2090.00     1.3299
   2100.00     0.9298
   2110.00     1.3512
   2120.00     1.4040
   2130.00     0.7404
   2140.00     0.7214
   2150.00     0.9669
   2160.00     0.5994
   2170.00     0.4902
   2180.00     1.2907
   2190.00     0.8637
   2200.00     1.2676
   2210.00     0.5891
   2220.00     1.5384
   2230.00     1.2493
   2240.00     0.8964
   2250.00     1.2468
   2260.00     1.0626
   2270.00     1.1824
   2280.00     1.0785
   2290.00     1.1073
   2300.00     1.3803
   2310.00     0.5780
   2320.00     1.5788
   2330.00     1.0175
   2340.00     1.0717
   2350.00     0.8914
   2360.00     0.6154
   2370.00     1.0215
   2380.00     1.0895
   2390.00     1.3580
   2400.00     1.1664
   2410.00     0.9707
   2420.00     1.1933
   2430.00     1.1807
   2440.00     0.8950
   2450.00     0.6680
   2460.00     1.0649
   2470.00     1.3478
   2480.00     0.9354
   2490.00     1.0699
   2500.00     0.5977
   2510.00     1.4167
   2520.00     0.9407
   2530.00     0.6745
   2540.00     0.7767
   2550.00     0.8337
   2560.00     0.5797
   2570.00     1.0572
   2580.00     0.9211
   2590.00     0.6043
   2600.00     0.7232
   2610.00     0.9658
   2620.00     1.2063
   2630.00     0.8845
   2640.00     0.6241
   2650.00     0.5710
   2660.00     1.0040
   2670.00     0.9265
   2680.00     0.9967
   2690.00     0.5007
   2700.00     0.9411
   2710.00     0.6026
   2720.00     1.2377
   2730.00     0.9565
   2740.00     1.4122
   2750.00     0.6966
   2760.00     0.7172
   2770.00     0.8897
   2780.00     0.5045
   2790.00     1.3552
   2800.00     0.9199
   2810.00     0.7962
   2820.00     0.6153
   2830.00     1.8897
   2840.00     0.7399
   2850.00     1.3093
   2860.00     0.4873
   2870.00     1.0102
   2880.00     0.7284
   2890.00     0.6266
   2900.00     0.5901
   2910.00     0.3762
   2920.00     0.8860
   2930.00     0.8049
   2940.00     0.4411
   2950.00     0.5667
   2960.00     0.7581
   2970.00     1.3230
   2980.00     0.6265
   2990.00     0.9992
   3000.00     1.4062
   3010.00     0.9872
   3020.00     0.4985
   3030.00     0.9073
   3040.00     1.4313
   3050.00     1.3513
   3060.00     0.6136
   3070.00     1.2179
   3080.00     1.0964
   3090.00     0.8830
   3100.00     1.1901
   3110.00     0.4906
   3120.00     0.3153
   3130.00     0.5638
   3140.00     1.4176
   3150.00     0.8636
   3160.00     0.7606
   3170.00     0.9160
   3180.00     1.1780
   3190.00     0.6826
   3200.00     0.3105
   3210.00     1.2854
   3220.00     0.3315
   3230.00     0.7215
   3240.00     1.3922
   3250.00     0.8582
   3260.00     0.4953
   3270.00     0.8463
   3280.00     1.1612
   3290.00     0.5353
   3300.00     0.7133
   3310.00     0.8731
   3320.00     0.8612
   3330.00     0.9378
   3340.00     1.2889
   3350.00     1.1921
   3360.00     1.2104
   3370.00     0.8956
   3380.00     0.9982
   3390.00     0.6719
   3400.00     0.5780
   3410.00     0.9373
   3420.00     1.0790
   3430.00     0.8582
   3440.00     0.4628
   3450.00     0.4681
   3460.00     0.9178
   3470.00     0.7964
   3480.00     1.4223
   3490.00     0.8684
   3500.00     0.8790
   3510.00     0.9857
   3520.00     0.3611
   3530.00     1.2229
   3540.00     0.9457
   3550.00     1.0627
   3560.00     0.6248
   3570.00     1.2407
   3580.00     0.8665
   3590.00     1.5516
   3600.00     0.9108
   3610.00     1.2707
   3620.00     0.9292
   3630.00     0.9526
   3640.00     1.1861
   3650.00     1.2355
   3660.00     0.8806
   3670.00     1.2181
   3680.00     0.5545
   3690.00     1.0834
   3700.00     1.0716
   3710.00     0.8336
   3720.00     1.3403
   3730.00     1.6521
   3740.00     0.9250
   3750.00     1.3878
   3760.00     1.3967
   3770.00     0.7908
   3780.00     0.8604
   3790.00     1.0403
   3800.00     1.2610
   3810.00     1.1687
   3820.00     1.0576
   3830.00     0.8801
   3840.00     1.0280
   3850.00     1.1661
   3860.00     1.1101
   3870.00     1.6807
   3880.00     1.3654
   3890.00     1.7849
   3900.00     0.9786
   3910.00     1.1779
   3920.00     1.0772
   3930.00     0.5993
   3940.00     0.6844
   3950.00     1.1028
   3960.00     1.1082
   3970.00     0.7898
   3980.00     1.3867
   3990.00     0.5638
   4000.00     0.9976
   4010.00     0.7724
   4020.00     0.5902
   4030.00     0.7953
   4040.00     1.0077
   4050.00     1.3342
   4060.00     0.9622
   4070.00     0.9980
   4080.00     0.9613
   4090.00     1.0993
   4100.00     0.5071
   4110.00     0.8714
   4120.00     0.8291
   4130.00     0.9659
   4140.00     0.9291
   4150.00     1.0677
   4160.00     1.1137
   4170.00     0.7532
   4180.00     1.4830
   4190.00     0.9595
   4200.00     0.6881
   4210.00     1.2177
   4220.00     0.3302
   4230.00     1.2083
   4240.00     0.6627
   4250.00     1.1885
   4260.00     1.0136
   4270.00     1.1179
   4280.00     0.7036
   4290.00     0.9660
   4300.00     0.8046
   4310.00     0.7183
   4320.00     1.6777
   4330.00     0.8177
   4340.00     0.8875
   4350.00     1.0351
   4360.00     0.8442
   4370.00     1.4154
   4380.00     1.3136
   4390.00     0.6659
   4400.00     0.7944
   4410.00     1.1538
   4420.00     0.9860
   4430.00     0.7243
   4440.00     0.7464
   4450.00     0.9734
   4460.00     0.8980
   4470.00     0.6487
   4480.00     1.3454
   4490.00     0.8201
   4500.00     1.2346
   4510.00     1.3095
   4520.00     0.8793
   4530.00     1.3011
   4540.00     1.5169
   4550.00     1.2521
   4560.00     1.5687
   4570.00     1.0421
   4580.00     1.4419
   4590.00     0.9183
   4600.00     1.0828
   4610.00     1.5300
   4620.00     1.1142
   4630.00     1.5580
   4640.00     1.1834
   4650.00     0.7476
   4660.00     1.3586
   4670.00     1.1896
   4680.00     1.1763
   4690.00     1.2805
   4700.00     1.4571
   4710.00     1.2461
   4720.00     0.8359
   4730.00     0.7472
   4740.00     0.7492
   4750.00     0.8994
   4760.00     1.0975
   4770.00     0.8925
   4780.00     1.4573
   4790.00     1.4316
   4800.00     0.9124
   4810.00     1.1142
   4820.00     1.3992
   4830.00     1.2760
   4840.00     0.7284
   4850.00     1.1217
   4860.00     0.8748
   4870.00     1.3770
   4880.00     0.6835
   4890.00     0.7837
   4900.00     1.0667
   4910.00     0.8756
   4920.00     0.7835
   4930.00     0.7297
   4940.00     0.9536
   4950.00     0.9750
   4960.00     0.7827
   4970.00     1.1149
   4980.00     0.9180
   4990.00     1.2040
   5000.00     1.2310
   5010.00     0.7802
   5020.00     1.1556
   5030.00     1.0981
   5040.00     0.9706
   5050.00     0.7691
   5060.00     1.4371
   5070.00     1.2183
   5080.00     0.8088
   5090.00     1.1186
   5100.00     0.6217
   5110.00     1.5660
   5120.00     1.0993
   5130.00     0.7139
   5140.00     0.8742
   5150.00     1.2328
   5160.00     1.3006
   5170.00     0.8956
   5180.00     1.3002
   5190.00     1.1074
   5200.00     0.9132
   5210.00     0.8870
   5220.00     1.0794
   5230.00     1.3052
   5240.00     1.2560
   5250.00     0.9896
   5260.00     1.1467
   5270.00     0.9204
   5280.00     0.6661
   5290.00     1.1709
   5300.00     0.6624
   5310.00     0.7660
   5320.00     1.2595
   5330.00     0.5757
   5340.00     0.7315
   5350.00     0.6347
   5360.00     0.6378
   5370.00     1.1627
   5380.00     1.1547
   5390.00     0.6980
   5400.00     0.6506
   5410.00     1.1011
   5420.00     0.9138
   5430.00     1.2458
   5440.00     1.1729
   5450.00     0.7028
   5460.00     1.3840
   5470.00     0.6080
   5480.00     1.3308
   5490.00     1.0712
   5500.00     1.2678
   5510.00     1.3378
   5520.00     1.8239
   5530.00     1.3657
   5540.00     1.1678
   5550.00     1.1432
   5560.00     1.0283
   5570.00     0.5918
   5580.00     0.8139
   5590.00     1.1315
   5600.00     1.0571
   5610.00     0.6983
   5620.00     1.5170
   5630.00     1.1724
   5640.00     1.8524
   5650.00     0.6391
   5660.00     1.1221
   5670.00     0.5242
   5680.00     1.4461
   5690.00     0.8450
   5700.00     0.9001
   5710.00     0.8935
   5720.00     0.6119
   5730.00     0.9137
   5740.00     1.2989
   5750.00     1.1325
   5760.00     0.8381
   5770.00     0.6238
   5780.00     0.5828
   5790.00     0.8846
   5800.00     1.1362
   5810.00     1.3393
   5820.00     1.0013
   5830.00     0.6258
   5840.00     0.7175
   5850.00     1.0942
   5860.00     1.2702
   5870.00     1.0329
   5880.00     1.2351
   5890.00     1.4568
   5900.00     0.9652
   5910.00     0.8820
   5920.00     0.8936
   5930.00     0.3660
   5940.00     0.8286
   5950.00     0.7343
   5960.00     1.2036
   5970.00     0.7929
   5980.00     1.1618
   5990.00     1.2215
   6000.00     1.0552
   6010.00     1.6076
   6020.00     1.2796
   6030.00     0.7979
   6040.00     0.8514
   6050.00     0.8872
   6060.00     0.3982
   6070.00     1.0840
   6080.00     1.3385
   6090.00     1.3004
   6100.00     0.9877
   6110.00     1.3996
   6120.00     1.1811
   6130.00     1.2945
   6140.00     1.0767
   6150.00     1.0162
   6160.00     0.8041
   6170.00     1.1931
   6180.00     1.3010
   6190.00     1.2411
   6200.00     1.1203
   6210.00     1.2305
   6220.00     0.9952
   6230.00     0.8516
   6240.00     1.4766
   6250.00     1.2620
   6260.00     0.9971
   6270.00     1.2928
   6280.00     1.0709
   6290.00     0.7487
   6300.00     0.5906
   6310.00     0.4861
   6320.00     0.6913
   6330.00     0.7281
   6340.00     0.8611
   6350.00     0.8704
   6360.00     0.6363
   6370.00     0.7215
   6380.00     1.3060
   6390.00     0.8755
   6400.00     1.1047
   6410.00     1.2117
   6420.00     1.1515
   6430.00     1.2388
   6440.00     1.2879
   6450.00     1.2063
   6460.00     0.9923
   6470.00     1.5749
   6480.00     0.6511
   6490.00     0.8530
   6500.00     1.1286
   6510.00     0.9979
   6520.00     1.2991
   6530.00     0.4117
   6540.00     1.2052
   6550.00     0.7284
   6560.00     1.0591
   6570.00     1.1136
   6580.00     1.0134
   6590.00     1.1592
   6600.00     0.9183
   6610.00     0.5364
   6620.00     1.5854
   6630.00     1.4924
   6640.00     0.8923
   6650.00     1.4520
   6660.00     1.1221
   6670.00     0.7808
   6680.00     1.1195
   6690.00     1.1992
   6700.00     1.1714
   6710.00     1.1262
   6720.00     0.5689
   6730.00     1.1287
   6740.00     0.9395
   6750.00     0.9274
   6760.00     0.8333
   6770.00     0.8879
   6780.00     0.9245
   6790.00     0.8043
   6800.00     0.6890
   6810.00     1.0770
   6820.00     1.1638
   6830.00     0.7929
   6840.00     1.2519
   6850.00     0.9316
   6860.00     0.9863
   6870.00     0.8639
   6880.00     0.6443
   6890.00     1.5034
   6900.00     1.4504
   6910.00     1.1360
   6920.00     0.8003
   6930.00     0.8316
   6940.00     0.9661
   6950.00     0.5675
   6960.00     1.4920
   6970.00     0.6582
   6980.00     0.6884
   6990.00     1.2260
   7000.00     0.7174
   7010.00     0.8032
   7020.00     1.4358
   7030.00     0.7738
   7040.00     1.0493
   7050.00     1.1775
   7060.00     1.0632
   7070.00     0.2230
   7080.00     0.3975
   7090.00     0.9011
   7100.00     0.2817
   7110.00     0.8873
   7120.00     0.9733
   7130.00     1.1496
   7140.00     1.0682
   7150.00     0.6470
   7160.00     1.0996
   7170.00     0.6450
   7180.00     0.8478
   7190.00     0.9555
   7200.00     1.3397
   7210.00     1.1563
   7220.00     1.5536
   7230.00     1.2088
   7240.00     1.1182
   7250.00     1.3696
   7260.00     0.6714
   7270.00     1.1195
   7280.00     0.9974
   7290.00     0.4186
   7300.00     0.9415
   7310.00     0.6731
   7320.00     0.8269
   7330.00     0.9259
   7340.00     0.4285
   7350.00     0.8112
   7360.00     0.9236
   7370.00     0.9084
   7380.00     0.8206
   7390.00     1.4175
   7400.00     0.9206
   7410.00     0.9036
   7420.00     1.3920
   7430.00     0.7643
   7440.00     0.9475
   7450.00     1.0744
   7460.00     0.6161
   7470.00     1.2439
   7480.00     0.8841
   7490.00     1.4192
   7500.00     1.1494
   7510.00     1.2169
   7520.00     0.8358
   7530.00     1.2532
   7540.00     1.0380
   7550.00     1.2131
   7560.00     1.2744
   7570.00     1.0020
   7580.00     1.2641
   7590.00     0.9214
   7600.00     1.0616
   7610.00     0.9876
   7620.00     0.7663
   7630.00     1.2293
   7640.00     0.9917
   7650.00     0.8872
   7660.00     1.8176
   7670.00     0.6142
   7680.00     0.8250
   7690.00     1.0623
   7700.00     0.8319
   7710.00     1.5162
   7720.00     0.7880
   7730.00     0.7515
   7740.00     0.8246
   7750.00     0.9953
   7760.00     1.3612
   7770.00     1.5414
   7780.00     1.1536
   7790.00     0.8338
   7800.00     1.0418
   7810.00     0.7783
   7820.00     1.4590
   7830.00     1.5763
   7840.00     1.1586
   7850.00     0.7613
   7860.00     1.7093
   7870.00     0.7221
   7880.00     1.8374
   7890.00     1.6587
   7900.00     0.8136
   7910.00     1.0082
   7920.00     1.5233
   7930.00     0.8725
   7940.00     1.0093
   7950.00     1.0572
   7960.00     1.1123
   7970.00     0.9282
   7980.00     0.9951
   7990.00     1.1038
   8000.00     0.5273
   8010.00     0.8404
   8020.00     1.4234
   8030.00     0.6356
   8040.00     0.9568
   8050.00     0.5274
   8060.00     1.5749
   8070.00     0.9155
   8080.00     0.5184
   8090.00     1.3891
   8100.00     0.8034
   8110.00     0.7953
   8120.00     0.5547
   8130.00     1.2422
   8140.00     0.6119
   8150.00     0.6913
   8160.00     0.9563
   8170.00     1.0753
   8180.00     1.2786
   8190.00     0.9247
   8200.00     1.2040
   8210.00     1.1481
   8220.00     0.6663
   8230.00     1.1542
   8240.00     0.9163
   8250.00     1.3026
   8260.00     1.3955
   8270.00     1.2344
   8280.00     1.0004
   8290.00     0.5305
   8300.00     0.4711
   8310.00     1.2010
   8320.00     1.1089
   8330.00     1.0403
   8340.00     1.4329
   8350.00     0.9786
   8360.00     1.1799
   8370.00     1.1731
   8380.00     1.1915
   8390.00     1.5203
   8400.00     0.5723
   8410.00     0.9225
   8420.00     0.7390
   8430.00     0.5006
   8440.00     0.7210
   8450.00     0.7295
   8460.00     0.8996
   8470.00     0.6605
   8480.00     1.4957
   8490.00     0.7928
   8500.00     0.8636
   8510.00     0.9642
   8520.00     1.2595
   8530.00     0.8382
   8540.00     0.9546
   8550.00     1.4256
   8560.00     1.1866
   8570.00     1.0383
   8580.00     0.4594
   8590.00     1.4747
   8600.00     0.9420
   8610.00     0.6580
   8620.00     0.8223
   8630.00     0.8496
   8640.00     0.6898
   8650.00     1.1412
   8660.00     0.8265
   8670.00     1.1292
   8680.00     0.9421
   8690.00     1.2991
   8700.00     1.3346
   8710.00     0.6806
   8720.00     0.4404
   8730.00     0.9673
   8740.00     0.3978
   8750.00     1.3011
   8760.00     0.2139
   8770.00     1.1355
   8780.00     0.7091
   8790.00     1.0157
   8800.00     1.2163
   8810.00     0.7553
   8820.00     0.6953
   8830.00     0.9531
   8840.00     1.0392
   8850.00     1.3001
   8860.00     1.5288
   8870.00     1.2098
   8880.00     1.2575
   8890.00     0.9013
   8900.00     1.1613
   8910.00     1.3714
   8920.00     0.8758
   8930.00     1.0660
   8940.00     0.9454
   8950.00     1.2409
   8960.00     0.7605
   8970.00     0.8543
   8980.00     0.7671
   8990.00     1.2458
   9000.00     1.2150
   9010.00     1.2049
   9020.00     1.2107
   9030.00     0.9621
   9040.00     0.9733
   9050.00     0.9723
   9060.00     2.0017
   9070.00     0.9825
   9080.00     1.1913
   9090.00     1.9178
   9100.00     1.8958
   9110.00     1.0387
   9120.00     1.0338
   9130.00     1.7765
   9140.00     1.4193
   9150.00     0.7278
   9160.00     1.2063
   9170.00     0.8199
   9180.00     1.0725
   9190.00     1.2042
   9200.00     0.8329
   9210.00     1.0667
   9220.00     1.1802
   9230.00     0.9358
   9240.00     0.9438
   9250.00     0.8989
   9260.00     1.2810
   9270.00     0.7725
   9280.00     1.0769
   9290.00     1.4022
   9300.00     1.3827
   9310.00     1.0338
   9320.00     1.1672
   9330.00     1.0815
   9340.00     1.2235
   9350.00     0.6822
   9360.00     1.0757
   9370.00     0.9083
   9380.00     0.7609
   9390.00     0.7087
   9400.00     0.7403
   9410.00     1.2762
   9420.00     0.5028
   9430.00     0.7734
   9440.00     0.8130
   9450.00     0.9332
   9460.00     1.4695
   9470.00     0.3202
   9480.00     0.5595
   9490.00     0.6198
   9500.00     0.8985
   9510.00     1.5854
   9520.00     1.5145
   9530.00     1.4279
   9540.00     0.9666
   9550.00     1.4371
   9560.00     0.8397
   9570.00     0.4517
   9580.00     1.4965
   9590.00     0.9304
   9600.00     0.8502
   9610.00     0.6955
   9620.00     0.5155
   9630.00     0.8119
   9640.00     0.6632
   9650.00     1.3270
   9660.00     1.0400
   9670.00     1.0114
   9680.00     0.2537
   9690.00     0.9151
   9700.00     1.2385
   9710.00     0.6680
   9720.00     0.2681
   9730.00     1.0901
   9740.00     0.9006
   9750.00     0.8929
   9760.00     0.8637
   9770.00     1.0067
   9780.00     1.2524
   9790.00     0.1802
   9800.00     1.1007
   9810.00     0.5828
   9820.00     1.0624
   9830.00     0.9362
   9840.00     1.0025
   9850.00     0.9864
   9860.00     1.2351
   9870.00     1.1391
   9880.00     1.1517
   9890.00     1.0435
   9900.00     1.0807
   9910.00     0.8317
   9920.00     0.9818
   9930.00     0.5678
   9940.00     0.8989
   9950.00     1.0345
   9960.00     1.0092
   9970.00     1.2980
   9980.00     1.0344
   9990.00     1.2607
  10000.00     0.8729
  10010.00     1.1039
  10020.00     1.5505
  10030.00     0.7878
  10040.00     0.5568
  10050.00     0.9451
  10060.00     1.0295
  10070.00     0.7437
  10080.00     0.5013
  10090.00     0.6966
  10100.00     0.4776
  10110.00     1.0841
  10120.00     0.9538
  10130.00     0.8994
  10140.00     0.5337
  10150.00     1.4392
  10160.00     0.9298
  10170.00     1.1837
  10180.00     0.7128
  10190.00     1.1103
  10200.00     1.4329
  10210.00     1.0439
  10220.00     1.0464
  10230.00     1.2719
  10240.00     1.0945
  10250.00     1.3730
  10260.00     0.7580
  10270.00     1.1718
  10280.00     0.5320
  10290.00     0.6954
  10300.00     0.6495
  10310.00     0.8622
  10320.00     0.9810
  10330.00     1.0250
  10340.00     0.7306
  10350.00     0.8804
  10360.00     1.2690
  10370.00     1.5614
  10380.00     0.4463
  10390.00     0.6297
  10400.00     0.5540
  10410.00     0.6956
  10420.00     1.6814
  10430.00     1.2265
  10440.00     0.9330
  10450.00     1.1820
  10460.00     1.0577
  10470.00     1.1424
  10480.00     1.1708
  10490.00     1.3658
  10500.00     1.0669
  10510.00     1.0451
  10520.00     0.9077
  10530.00     1.2834
  10540.00     0.9828
  10550.00     0.9662
  10560.00     1.1933
  10570.00     0.9866
  10580.00     0.2072
  10590.00     1.0096
  10600.00     1.1049
  10610.00     1.5179
  10620.00     1.0583
  10630.00     1.2717
  10640.00     0.7471
  10650.00     1.0259
  10660.00     1.2423
  10670.00     1.2541
  10680.00     1.4202
  10690.00     1.0302
  10700.00     0.8709
  10710.00     0.7839
  10720.00     0.9918
  10730.00     1.6891
  10740.00     0.9499
  10750.00     1.1502
  10760.00     0.6875
  10770.00     1.0867
  10780.00     1.2121
  10790.00     0.6990
  10800.00     0.4860
  10810.00     1.2465
  10820.00     0.5414
  10830.00     1.4814
  10840.00     1.0430
  10850.00     1.3406
  10860.00     0.8321
  10870.00     1.5239
  10880.00     1.1077
  10890.00     1.4280
  10900.00     1.4829
  10910.00     0.6731
  10920.00     1.4432
  10930.00     0.6989
  10940.00     0.5300
  10950.00     1.1836
  10960.00     0.5816
  10970.00     0.9942
  10980.00     1.3005
  10990.00     1.0563
  11000.00     0.6389
  11010.00     0.8416
  11020.00     0.7743
  11030.00     1.0098
  11040.00     0.7532
  11050.00     1.3120
  11060.00     1.0253
  11070.00     1.0808
  11080.00     1.2840
  11090.00     1.3173
  11100.00     1.0620
  11110.00     0.6411
  11120.00     1.0284
  11130.00     0.9458
  11140.00     0.9174
  11150.00     1.1254
  11160.00     0.9233
  11170.00     1.1271
  11180.00     0.3569
  11190.00     0.5487
  11200.00     0.8894
  11210.00     0.9264
  11220.00     0.8107
  11230.00     1.2787
  11240.00     1.0469
  11250.00     0.9916
  11260.00     1.1463
  11270.00     0.8207
  11280.00     0.8634
  11290.00     0.6396
  11300.00     1.1274
  11310.00     1.0941
  11320.00     1.3117
  11330.00     1.4508
  11340.00     1.0859
  11350.00     1.0436
  11360.00     1.3388
  11370.00     1.1274
  11380.00     1.0845
  11390.00     1.1884
  11400.00     1.1444
  11410.00     1.0716
  11420.00     0.9399
  11430.00     0.9036
  11440.00     0.6620
  11450.00     0.9414
  11460.00     0.9625
  11470.00     1.1479
  11480.00     1.0395
  11490.00     1.2622
  11500.00     1.2211
  11510.00     1.0875
  11520.00     1.3437
  11530.00     1.3711
  11540.00     0.7886
  11550.00     0.4037
  11560.00     1.0340
  11570.00     1.0849
  11580.00     1.2312
  11590.00     1.4150
  11600.00     0.9312
  11610.00     1.4942
  11620.00     1.2006
  11630.00     1.2934
  11640.00     1.1714
  11650.00     0.9433
  11660.00     1.1096
  11670.00     1.0506
  11680.00     1.2832
  11690.00     0.7426
  11700.00     1.3552
  11710.00     0.9634
  11720.00     0.9361
  11730.00     1.4652
  11740.00     0.9066
  11750.00     0.6548
  11760.00     0.4923
  11770.00     0.7040
  11780.00     0.7283
  11790.00     0.9955
  11800.00     0.3911
  11810.00     0.8261
  11820.00     1.2988
  11830.00     1.2633
  11840.00     0.9748
  11850.00     1.0361
  11860.00     0.6401
  11870.00     1.1882
  11880.00     1.0185
  11890.00     0.9237
  11900.00     1.1456
  11910.00     0.9900
  11920.00     0.6707
  11930.00     0.9937
  11940.00     1.1296
  11950.00     0.4934
  11960.00     0.7114
  11970.00     1.3080
  11980.00     0.4540
  11990.00     1.0792
  12000.00     1.0044
  12010.00     0.2110
  12020.00     1.1936
  12030.00     0.7363
  12040.00     1.1575
  12050.00     1.3686
  12060.00     1.1020
  12070.00     0.5462
  12080.00     0.5990
  12090.00     1.0501
  12100.00     1.0671
  12110.00     0.8270
  12120.00     0.7729
  12130.00     0.9999
  12140.00     1.0668
  12150.00     0.8183
  12160.00     0.4394
  12170.00     0.6839
  12180.00     0.4144
  12190.00     0.6467
  12200.00     0.5641
  12210.00     0.9549
  12220.00     0.4436
  12230.00     0.3945
  12240.00     0.9605
  12250.00     0.6598
  12260.00     1.1185
  12270.00     0.2471
  12280.00     0.3141
  12290.00     0.6350
  12300.00     0.7215
  12310.00     1.2624
  12320.00     0.6903
  12330.00     0.6696
  12340.00     0.9118
  12350.00     1.1638
  12360.00     0.5245
  12370.00     1.3475
  12380.00     0.6308
  12390.00     0.4153
  12400.00     1.4900
  12410.00     0.8410
  12420.00     1.1050
  12430.00     0.7048
  12440.00     0.5898
  12450.00     1.0943
  12460.00     1.0810
  12470.00     1.4553
  12480.00     1.2199
  12490.00     0.7821
  12500.00     0.9885
  12510.00     1.2677
  12520.00     1.0804
  12530.00     0.5029
  12540.00     1.0569
  12550.00     0.6818
  12560.00     1.2102
  12570.00     0.7432
  12580.00     1.2274
  12590.00     0.7609
  12600.00     1.1780
  12610.00     0.8970
  12620.00     0.6382
  12630.00     0.8194
  12640.00     0.8887
  12650.00     0.5667
  12660.00     0.5382
  12670.00     0.4797
  12680.00     0.6181
  12690.00     1.2517
  12700.00     0.9105
  12710.00     1.2481
  12720.00     1.0230
  12730.00     1.1058
  12740.00     0.9672
  12750.00     1.2147
  12760.00     1.0321
  12770.00     1.4202
  12780.00     1.0841
  12790.00     1.3705
  12800.00     1.1954
  12810.00     1.2063
  12820.00     1.4877
  12830.00     0.2843
  12840.00     0.6393
  12850.00     1.1733
  12860.00     1.0049
  12870.00     1.5298
  12880.00     0.9962
  12890.00     1.0421
  12900.00     1.8632
  12910.00     1.0123
  12920.00     1.1976
  12930.00     0.4195
  12940.00     1.1321
  12950.00     0.9399
  12960.00     1.0002
  12970.00     0.9350
  12980.00     1.2588
  12990.00     1.3443
  13000.00     1.1071
  13010.00     0.8007
  13020.00     1.2703
  13030.00     1.1443
  13040.00     1.4544
  13050.00     1.1200
  13060.00     1.4292
  13070.00     1.2285
  13080.00     0.9565
  13090.00     1.1134
  13100.00     1.3619
  13110.00     1.5092
  13120.00     0.6818
  13130.00     0.8199
  13140.00     1.2941
  13150.00     0.8385
  13160.00     0.7881
  13170.00     0.8213
  13180.00     1.2934
  13190.00     0.6401
  13200.00     1.1283
  13210.00     1.5825
  13220.00     0.8997
  13230.00     1.0213
  13240.00     1.1296
  13250.00     1.5240
  13260.00     0.5386
  13270.00     0.8125
  13280.00     0.7590
  13290.00     0.7675
  13300.00     0.8107
  13310.00     1.5804
  13320.00     0.5838
  13330.00     1.3601
  13340.00     0.8820
  13350.00     1.0271
  13360.00     0.9492
  13370.00     0.7410
  13380.00     0.4683
  13390.00     0.9364
  13400.00     1.0357
  13410.00     1.1046
  13420.00     0.7184
  13430.00     0.8072
  13440.00     0.4484
  13450.00     0.6984
  13460.00     0.9771
  13470.00     0.7477
  13480.00     0.9616
  13490.00     0.7145
  13500.00     0.5644
  13510.00     1.3619
  13520.00     1.1020
  13530.00     0.9775
  13540.00     1.2132
  13550.00     0.9661
  13560.00     1.3255
  13570.00     1.6826
  13580.00     1.5772
  13590.00     1.1861
  13600.00     1.2135
  13610.00     0.7335
  13620.00     0.9948
  13630.00     1.0167
  13640.00     0.6976
  13650.00     1.0644
  13660.00     0.6937
  13670.00     1.2876
  13680.00     0.4908
  13690.00     0.6021
  13700.00     1.1493
  13710.00     1.2752
  13720.00     1.1085
  13730.00     0.7600
  13740.00     1.0007
  13750.00     0.8736
  13760.00     1.1423
  13770.00     1.5636
  13780.00     0.8550
  13790.00     1.2546
  13800.00     1.1105
  13810.00     0.6943
  13820.00     1.0651
  13830.00     0.4131
  13840.00     1.0002
  13850.00     1.1314
  13860.00     0.7720
  13870.00     0.9719
  13880.00     0.9960
  13890.00     0.5505
  13900.00     0.9011
  13910.00     0.3937
  13920.00     0.8049
  13930.00     0.8400
  13940.00     0.6675
  13950.00     1.0207
  13960.00     1.2527
  13970.00     1.2175
  13980.00     0.9494
  13990.00     1.1720
  14000.00     1.0496
  14010.00     1.0725
  14020.00     1.5602
  14030.00     1.1660
  14040.00     1.4722
  14050.00     0.8485
  14060.00     0.8981
  14070.00     0.7010
  14080.00     1.5991
  14090.00     0.6041
  14100.00     0.8885
  14110.00     1.1260
  14120.00     0.9866
  14130.00     1.1802
  14140.00     0.7306
  14150.00     1.4063
  14160.00     0.9546
  14170.00     1.6032
  14180.00     1.1007
  14190.00     1.4148
  14200.00     1.0010
  14210.00     0.6498
  14220.00     0.5218
  14230.00     0.9436
  14240.00     0.8292
  14250.00     0.6012
  14260.00     0.5937
  14270.00     1.0299
  14280.00     0.6008
  14290.00     0.6293
  14300.00     0.7088
  14310.00     1.3047
  14320.00     1.0711
  14330.00     1.2790
  14340.00     0.8235
  14350.00     0.7293
  14360.00     0.9534
  14370.00     0.5207
  14380.00    -0.0226
  14390.00     1.1357
  14400.00     1.2545
  14410.00     1.0150
  14420.00     0.7301
  14430.00     0.5393
  14440.00     0.7900
  14450.00     0.7429
  14460.00     0.3863
  14470.00     1.4697
  14480.00     1.1662
  14490.00     0.4707
  14500.00     0.8217
  14510.00     1.3043
  14520.00     0.8397
  14530.00     1.0736
  14540.00     0.5069
  14550.00     0.8323
  14560.00     1.5881
  14570.00     1.2339
  14580.00     1.3139
  14590.00     1.2943
  14600.00     1.0480
  14610.00     0.5314
  14620.00     1.4797
  14630.00     1.5573
  14640.00     0.5647
  14650.00     0.8294
  14660.00     1.4329
  14670.00     1.0458
  14680.00     1.0868
  14690.00     1.3271
  14700.00     1.1890
  14710.00     0.5897
  14720.00     0.5354
  14730.00     1.1476
  14740.00     0.7518
  14750.00     1.0806
  14760.00     1.1179
  14770.00     1.0863
  14780.00     1.0370
  14790.00     0.7942
  14800.00     0.7069
  14810.00     1.1633
  14820.00     0.5415
  14830.00     0.4365
  14840.00     0.9401
  14850.00     0.8916
  14860.00     1.1623
  14870.00     0.9342
  14880.00     0.6221
  14890.00     1.0279
  14900.00     0.1465
  14910.00     1.0619
  14920.00     0.8976
  14930.00     0.8696
  14940.00     1.5107
  14950.00     0.5532
  14960.00     1.2029
  14970.00     0.4572
  14980.00     1.2961
  14990.00     1.0785
  15000.00     1.1864
  15010.00     0.5316
  15020.00     0.8492
  15030.00     1.3157
  15040.00     1.3349
  15050.00     1.1933
  15060.00     1.4111
  15070.00     1.2655
  15080.00     1.1658
  15090.00     1.0525
  15100.00     1.2251
  15110.00     1.1996
  15120.00     0.4832
  15130.00     0.8688
  15140.00     1.1997
  15150.00     1.6587
  15160.00     0.7914
  15170.00     0.4915
  15180.00     0.5064
  15190.00     1.3626
  15200.00     0.8417
  15210.00     0.7223
  15220.00     0.4306
  15230.00     1.1077
  15240.00     0.5374
  15250.00     1.3501
  15260.00     0.6629
  15270.00     0.9143
  15280.00     0.8652
  15290.00     0.6810
  15300.00     0.7958
  15310.00     1.2195
  15320.00     1.1259
  15330.00     1.0788
  15340.00     1.0813
  15350.00     1.1513
  15360.00     1.3263
  15370.00     0.8236
  15380.00     1.5530
  15390.00     0.9349
  15400.00     1.3479
  15410.00     0.7917
  15420.00     0.8673
  15430.00     0.6908
  15440.00     0.6616
  15450.00     0.7489
  15460.00     1.0610
  15470.00     0.7750
  15480.00     0.8456
  15490.00     1.2196
  15500.00     0.9843
  15510.00     0.8317
  15520.00     1.0544
  15530.00     0.5063
  15540.00     0.9168
  15550.00     1.0429
  15560.00     1.1183
  15570.00     0.9497
  15580.00     1.1503
  15590.00     0.9892
  15600.00     1.2293
  15610.00     0.8554
  15620.00     1.2240
  15630.00     0.8629
  15640.00     0.7608
  15650.00     0.8931
  15660.00     0.9505
  15670.00     1.0338
  15680.00     0.5735
  15690.00     1.2487
  15700.00     1.2184
  15710.00     1.1907
  15720.00     1.1264
  15730.00     1.4240
  15740.00     0.8873
  15750.00     1.2249
  15760.00     1.2199
  15770.00     0.4293
  15780.00     0.6851
  15790.00     0.4782
  15800.00     0.3595
  15810.00     0.9901
  15820.00     0.9389
  15830.00     1.0772
  15840.00     1.0053
  15850.00     1.3079
  15860.00     0.9417
  15870.00     1.5415
  15880.00     1.0458
  15890.00     1.3842
  15900.00     0.8120
  15910.00     1.0952
  15920.00     0.8876
  15930.00     1.0808
  15940.00     0.8247
  15950.00     1.0559
  15960.00     0.5481
  15970.00     1.3629
  15980.00     1.1305
  15990.00     0.4603
  16000.00     1.1343
  16010.00     1.0849
  16020.00     0.8875
  16030.00     1.1750
  16040.00     1.3496
  16050.00     1.1486
  16060.00     1.4773
  16070.00     0.7245
  16080.00     1.0867
  16090.00     1.1081
  16100.00     1.2333
  16110.00     0.8913
  16120.00     0.9700
  16130.00     1.7466
  16140.00     1.0621
  16150.00     1.0001
  16160.00     0.8965
  16170.00     1.1321
  16180.00     1.0591
  16190.00     0.6463
  16200.00     1.2607
  16210.00     1.4504
  16220.00     0.8503
  16230.00     0.9363
  16240.00     1.1156
  16250.00     0.6019
  16260.00     1.1642
  16270.00     0.8800
  16280.00     0.7459
  16290.00     1.1700
  16300.00     1.0287
  16310.00     0.4524
  16320.00     0.9922
  16330.00     1.0466
  16340.00     1.2130
  16350.00     0.7165
  16360.00     0.8565
  16370.00     1.2732
  16380.00     1.3395
  16390.00     0.6285
  16400.00     0.9857
  16410.00     1.2688
  16420.00     1.0448
  16430.00     0.8726
  16440.00     0.5738
  16450.00     0.8185
  16460.00     0.9931
  16470.00     0.9412
  16480.00     0.8628
  16490.00     1.4785
  16500.00     0.7910
  16510.00     1.0016
  16520.00     0.8204
  16530.00     0.7610
  16540.00     1.7152
  16550.00     1.1626
  16560.00     1.4603
  16570.00     0.8498
  16580.00     1.3122
  16590.00     0.9521
  16600.00     0.7191
  16610.00     0.9336
  16620.00     1.1212
  16630.00     1.0259
  16640.00     1.2243
  16650.00     1.5590
  16660.00     0.5546
  16670.00     1.1240
  16680.00     1.4135
  16690.00     0.6741
  16700.00     1.2153
  16710.00     1.2951
  16720.00     1.3112
  16730.00     1.3428
  16740.00     1.2844
  16750.00     0.7086
  16760.00     1.2771
  16770.00     1.0727
  16780.00     1.1160
  16790.00     0.2587
  16800.00     0.4364
  16810.00     0.9969
  16820.00     0.8351
  16830.00     0.7977
  16840.00     0.9401
  16850.00     1.2897
  16860.00     1.0823
  16870.00     1.1856
  16880.00     0.9127
  16890.00     1.3255
  16900.00     2.0471
  16910.00     0.9207
  16920.00     1.5863
  16930.00     1.2081
  16940.00     0.6948
  16950.00     0.7302
  16960.00     0.9661
  16970.00     1.0912
  16980.00     1.2151
  16990.00     0.9780
  17000.00     1.4974
  17010.00     0.4469
  17020.00     1.6042
  17030.00     1.0419
  17040.00     1.0191
  17050.00     0.9500
  17060.00     0.7282
  17070.00     1.1716
  17080.00     0.8788
  17090.00     1.0150
  17100.00     0.6084
  17110.00     1.3981
  17120.00     1.3683
  17130.00     0.8459
  17140.00     1.2083
  17150.00     1.2429
  17160.00     1.4441
  17170.00     0.6577
  17180.00     0.7252
  17190.00     0.7217
  17200.00     1.1529
  17210.00     0.7427
  17220.00     1.0723
  17230.00     0.6212
  17240.00     0.7141
  17250.00     0.8362
  17260.00     1.2530
  17270.00     1.4942
  17280.00     0.7775
  17290.00     1.2146
  17300.00     0.6948
  17310.00     0.7574
  17320.00     0.8586
  17330.00     0.9625
  17340.00     1.2034
  17350.00     1.0615
  17360.00     0.7464
  17370.00     1.4204
  17380.00     0.8293
  17390.00     1.0364
  17400.00     0.9750
  17410.00     0.9206
  17420.00     1.4177
  17430.00     1.2436
  17440.00     1.1770
  17450.00     0.4991
  17460.00     1.0329
  17470.00     0.9989
  17480.00     0.7571
  17490.00     1.1643
  17500.00     0.9766
  17510.00     1.2305
  17520.00     0.6094
  17530.00     1.2915
  17540.00     1.1048
  17550.00     1.3839
  17560.00     1.5148
  17570.00     1.0727
  17580.00     0.9106
  17590.00     0.9096
  17600.00     0.7754
  17610.00     1.0927
  17620.00     1.4455
  17630.00     1.1778
  17640.00     1.8376
  17650.00     1.0120
  17660.00     0.9093
  17670.00     1.1928
  17680.00     0.7844
  17690.00     0.3846
  17700.00     0.7466
  17710.00     0.9056
  17720.00     1.1347
  17730.00     0.9138
  17740.00     0.9597
  17750.00     1.2274
  17760.00     0.6955
  17770.00     1.3291
  17780.00     1.3790
  17790.00     1.1469
  17800.00     0.9146
  17810.00     1.2295
  17820.00     1.0731
  17830.00     0.7352
  17840.00     1.0817
  17850.00     1.3232
  17860.00     0.9112
  17870.00     0.9245
  17880.00     1.2723
  17890.00     1.2535
  17900.00     0.5966
  17910.00     0.7183
  17920.00     1.1036
  17930.00     1.3249
  17940.00     0.7755
  17950.00     1.1587
  17960.00     0.5723
  17970.00     0.8875
  17980.00     0.9120
  17990.00     0.5338
  18000.00     0.8401
  18010.00     1.2338
  18020.00     1.5306
  18030.00     0.8078
  18040.00     1.2580
  18050.00     1.1576
  18060.00     0.8528
  18070.00     0.5971
  18080.00     1.0845
  18090.00     1.3783
  18100.00     0.6157
  18110.00     0.6827
  18120.00     0.7442
  18130.00     0.4391
  18140.00     1.3089
  18150.00     1.5287
  18160.00     0.8021
  18170.00     0.8967
  18180.00     1.1384
  18190.00     0.8892
  18200.00     0.8413
  18210.00     1.2507
  18220.00     0.6935
  18230.00     0.8262
  18240.00     1.3101
  18250.00     1.3382
  18260.00     1.4185
  18270.00     1.1168
  18280.00     1.0346
  18290.00     0.7565
  18300.00     1.3997
  18310.00     1.1751
  18320.00     0.8434
  18330.00     1.2275
  18340.00     1.3145
  18350.00     1.0317
  18360.00     0.4711
  18370.00     1.3663
  18380.00     0.8141
  18390.00     0.8086
  18400.00     1.2748
  18410.00     0.9808
  18420.00     1.2914
  18430.00     0.8057
  18440.00     1.1495
  18450.00     1.0935
  18460.00     0.9655
  18470.00     1.1406
  18480.00     1.1288
  18490.00     0.8229
  18500.00     1.3568
  18510.00     0.5123
  18520.00     0.6246
  18530.00     1.0362
  18540.00     0.6875
  18550.00     0.9187
  18560.00     0.9524
  18570.00     0.9302
  18580.00     0.6941
  18590.00     0.9784
  18600.00     1.4776
  18610.00     1.0809
  18620.00     1.0110
  18630.00     1.0894
  18640.00     0.8391
  18650.00     0.9743
  18660.00     0.6176
  18670.00     0.6318
  18680.00     0.7058
  18690.00     0.9067
  18700.00     0.6178
  18710.00     0.8330
  18720.00     1.1858
  18730.00     1.1224
  18740.00     0.6869
  18750.00     0.9238
  18760.00     0.7926
  18770.00     1.2534
  18780.00     0.9874
  18790.00     0.7461
  18800.00     1.0662
  18810.00     1.3784
  18820.00     0.9234
  18830.00     0.9837
  18840.00     0.7750
  18850.00     1.2057
  18860.00     1.1572
  18870.00     1.2371
  18880.00     0.8371
  18890.00     1.0503
  18900.00     1.0240
  18910.00     0.7077
  18920.00     0.8645
  18930.00     0.8237
  18940.00     0.9606
  18950.00     1.3304
  18960.00     0.8450
  18970.00     0.9149
  18980.00     1.2991
  18990.00     0.5471
  19000.00     1.1737
  19010.00     0.6624
  19020.00     0.8568
  19030.00     1.0235
  19040.00     1.0494
  19050.00     1.2569
  19060.00     1.4197
  19070.00     1.1712
  19080.00     0.5763
  19090.00     1.4446
  19100.00     1.2883
  19110.00     0.8846
  19120.00     0.9372
  19130.00     0.7077
  19140.00     0.7573
  19150.00     1.2526
  19160.00     0.9219
  19170.00     1.6653
  19180.00     1.2792
  19190.00     1.1984
  19200.00     0.6813
  19210.00     0.6375
  19220.00     0.9499
  19230.00     0.7967
  19240.00     1.4009
  19250.00     1.5538
  19260.00     1.2470
  19270.00     1.4474
  19280.00     1.0563
  19290.00     0.8717
  19300.00     0.7072
  19310.00     1.2886
  19320.00     0.8653
  19330.00     1.0382
  19340.00     0.8940
  19350.00     1.2174
  19360.00     1.1669
  19370.00     0.9576
  19380.00     1.3380
  19390.00     0.7484
  19400.00     0.7815
  19410.00     0.9333
  19420.00     0.5079
  19430.00     0.9683
  19440.00     1.2339
  19450.00     1.1649
  19460.00     0.7039
  19470.00     0.6912
  19480.00     0.5612
  19490.00     0.8707
  19500.00     0.9526
  19510.00     1.0337
  19520.00     0.9928
  19530.00     0.6491
  19540.00     1.3419
  19550.00     0.9102
  19560.00     0.9572
  19570.00     1.0484
  19580.00     0.8239
  19590.00     1.5184
  19600.00     1.5933
  19610.00     1.2798
  19620.00     1.6456
  19630.00     0.5278
  19640.00     0.4118
  19650.00     1.1502
  19660.00     1.2088
  19670.00     0.9524
  19680.00     1.7310
  19690.00     0.8303
  19700.00     1.1931
  19710.00     0.9969
  19720.00     0.5881
  19730.00     1.1424
  19740.00     0.5704
  19750.00     1.0264
  19760.00     1.5215
  19770.00     1.4300
  19780.00     0.9205
  19790.00     0.7286
  19800.00     0.9320
  19810.00     0.6205
  19820.00     1.0483
  19830.00     0.9998
  19840.00     1.1324
  19850.00     1.4938
  19860.00     0.7282
  19870.00     0.5141
  19880.00     1.0576
  19890.00     1.2118
  19900.00     1.2821
  19910.00     0.5812
  19920.00     1.1349
  19930.00     1.1192
  19940.00     1.0420
  19950.00     0.7311
  19960.00     0.6074
  19970.00     1.0698
  19980.00     1.1183
  19990.00     1.1941
  20000.00     1.2025
  20010.00     1.3572
  20020.00     1.0016
  20030.00     0.6749
  20040.00     0.2112
  20050.00     1.5381
  20060.00     0.8983
  20070.00     1.1388
  20080.00     0.7900
  20090.00     0.9736
  20100.00     1.0306
  20110.00     0.6086
  20120.00     0.7567
  20130.00     0.4782
  20140.00     1.0731
  20150.00     1.0401
  20160.00     1.2352
  20170.00     0.8459
  20180.00     1.0411
  20190.00     1.4329
  20200.00     0.9697
  20210.00     0.8758
  20220.00     1.2024
  20230.00     0.6876
  20240.00     0.9000
  20250.00     0.8540
  20260.00     0.6729
  20270.00     0.5619
  20280.00     1.0472
  20290.00     1.5980
  20300.00     1.0606
  20310.00     0.6433
  20320.00     1.5470
  20330.00     0.7705
  20340.00     1.1444
  20350.00     0.8494
  20360.00     0.9909
  20370.00     0.5578
  20380.00     1.1307
  20390.00     1.3374
  20400.00     1.0637
  20410.00     1.1984
  20420.00     1.4235
  20430.00     1.0309
  20440.00     0.8356
  20450.00     1.0003
  20460.00     1.0123
  20470.00     0.7971
  20480.00     1.1827
  20490.00     1.6806
  20500.00     0.5745
  20510.00     0.9563
  20520.00     1.3066
  20530.00     0.9189
  20540.00     0.8944
  20550.00     0.7364
  20560.00     1.0653
  20570.00     0.6080
  20580.00     1.0929
  20590.00     0.7327
  20600.00     0.6091
  20610.00     0.4570
  20620.00     0.4564
  20630.00     0.6137
  20640.00     0.8063
  20650.00     1.4081
  20660.00     1.4773
  20670.00     1.5025
  20680.00     1.3760
  20690.00     1.1224
  20700.00     0.6292
  20710.00     0.5386
  20720.00     0.5751
  20730.00     0.3459
  20740.00     0.8650
  20750.00     1.2250
  20760.00     0.7157
  20770.00     1.6849
  20780.00     0.6165
  20790.00     0.1043
  20800.00     1.4668
  20810.00     0.7586
  20820.00     0.8299
  20830.00     1.3206
  20840.00     1.0988
  20850.00     0.9817
  20860.00     1.0074
  20870.00     0.7752
  20880.00     1.2031
  20890.00     1.4176
  20900.00     1.1304
  20910.00     1.0866
  20920.00     0.9052
  20930.00     0.7009
  20940.00     0.9559
  20950.00     0.7879
  20960.00     0.3449
  20970.00     0.8918
  20980.00     1.3714
  20990.00     0.8044
  21000.00     1.2072
  21010.00     0.8819
  21020.00     0.8274
  21030.00     0.5437
  21040.00     0.9205
  21050.00     1.1486
  21060.00     0.6065
  21070.00     0.7751
  21080.00     1.1051
  21090.00     0.6296
  21100.00     0.7415
  21110.00     0.8636
  21120.00     0.8840
  21130.00     0.8840
  21140.00     0.3613
  21150.00     0.8571
  21160.00     1.4058
  21170.00     0.4397
  21180.00     1.3501
  21190.00     0.7458
  21200.00     0.6642
  21210.00     0.8251
  21220.00     0.6475
  21230.00     1.1342
  21240.00     0.7932
  21250.00     0.6801
  21260.00     1.3499
  21270.00     0.9228
  21280.00     0.6540
  21290.00     0.5389
  21300.00     1.4071
  21310.00     0.9904
  21320.00     1.1272
  21330.00     1.1537
  21340.00     1.3518
  21350.00     1.7412
  21360.00     0.7447
  21370.00     0.7752
  21380.00     1.0200
  21390.00     0.4581
  21400.00     0.7987
  21410.00     0.9722
  21420.00     0.8687
  21430.00     1.0500
  21440.00     1.0387
  21450.00     1.5244
  21460.00     1.2471
  21470.00     0.5941
  21480.00     0.9080
  21490.00     1.1299
  21500.00     0.7203
  21510.00     1.3828
  21520.00     1.3469
  21530.00     1.4762
  21540.00     1.1635
  21550.00     0.9029
  21560.00     0.7323
  21570.00     0.9007
  21580.00     0.8015
  21590.00     1.0227
  21600.00     1.1094
  21610.00     1.1783
  21620.00     0.7943
  21630.00     1.0298
  21640.00     1.0733
  21650.00     0.9564
  21660.00     1.3802
  21670.00     0.6537
  21680.00     1.4035
  21690.00     0.8232
  21700.00     1.3306
  21710.00     0.8455
  21720.00     0.5442
  21730.00     1.2511
  21740.00     1.1088
  21750.00     0.6517
  21760.00     1.1694
  21770.00     0.5408
  21780.00     0.8975
  21790.00     1.0242
  21800.00     0.6922
  21810.00     1.1037
  21820.00     1.1338
  21830.00     0.7330
  21840.00     1.2167
  21850.00     1.3172
  21860.00     1.4056
  21870.00     0.8473
  21880.00     1.0404
  21890.00     1.0147
  21900.00     0.5495
  21910.00     0.3083
  21920.00     0.5853
  21930.00     1.1551
  21940.00     0.7270
  21950.00     1.3335
  21960.00     0.6558
  21970.00     0.3230
  21980.00     0.9228
  21990.00     0.8193
  22000.00     1.0794
  22010.00     0.8084
  22020.00     1.1240
  22030.00     0.9640
  22040.00     1.1676
  22050.00     1.2832
  22060.00     1.0395
  22070.00     1.3116
  22080.00     0.5737
  22090.00     1.5720
  22100.00     1.0220
  22110.00     1.4242
  22120.00     0.6045
  22130.00     1.0243
  22140.00     1.5705
  22150.00     1.3452
  22160.00     0.8106
  22170.00     0.9737
  22180.00     0.8001
  22190.00     0.3934
  22200.00     0.6029
  22210.00     0.7528
  22220.00     0.9231
  22230.00     0.9240
  22240.00     1.5823
  22250.00     1.5210
  22260.00     1.3861
  22270.00     1.0758
  22280.00     0.4785
  22290.00     0.8651
  22300.00     1.1554
  22310.00     0.8517
  22320.00     0.7440
  22330.00     1.4366
  22340.00     0.8565
  22350.00     0.3705
  22360.00     1.0730
  22370.00     1.1838
  22380.00     1.2874
  22390.00     1.2073
  22400.00     0.5628
  22410.00     1.4001
  22420.00     1.2037
  22430.00     0.9235
  22440.00     1.0120
  22450.00     1.3999
  22460.00     1.3158
  22470.00     1.2246
  22480.00     1.2560
  22490.00     0.7496
  22500.00     1.3246
  22510.00     1.1103
  22520.00     1.1608
  22530.00     0.8958
  22540.00     1.1190
  22550.00     1.2688
  22560.00     1.0523
  22570.00     1.5181
  22580.00     0.9708
  22590.00     0.9575
  22600.00     1.3506
  22610.00     1.2519
  22620.00     0.3880
  22630.00     1.1356
  22640.00     0.7051
  22650.00     1.2126
  22660.00     1.0207
  22670.00     0.8816
  22680.00     0.6147
  22690.00     1.1543
  22700.00     0.5307
  22710.00     1.0425
  22720.00     1.0060
  22730.00     0.9658
  22740.00     0.8078
  22750.00     1.3234
  22760.00     1.1230
  22770.00     0.9424
  22780.00     0.8748
  22790.00     0.6315
  22800.00     1.3447
  22810.00     0.4360
  22820.00     0.8502
  22830.00     1.2660
  22840.00     1.2633
  22850.00     0.9126
  22860.00     1.1153
  22870.00     0.9601
  22880.00     0.7911
  22890.00     1.4830
  22900.00     1.2692
  22910.00     0.6990
  22920.00     0.4591
  22930.00     1.1659
  22940.00     0.9401
  22950.00     0.6062
  22960.00     1.3795
  22970.00     0.9315
  22980.00     0.8385
  22990.00     0.8454
  23000.00     0.6426
  23010.00     0.6378
  23020.00     0.7776
  23030.00     1.0784
  23040.00     1.4602
  23050.00     0.5367
  23060.00     0.8614
  23070.00     0.7847
  23080.00     1.3033
  23090.00     1.1197
  23100.00     0.8734
  23110.00     0.9767
  23120.00     1.0558
  23130.00     0.7508
  23140.00     0.6311
  23150.00     1.0250
  23160.00     0.7730
  23170.00     1.1853
  23180.00     0.7820
  23190.00     1.1469
  23200.00     0.7345
  23210.00     0.9985
  23220.00     0.5875
  23230.00     1.2678
  23240.00     0.8534
  23250.00     0.8859
  23260.00     1.5348
  23270.00     1.1219
  23280.00     1.4926
  23290.00     0.4504
  23300.00     0.9432
  23310.00     1.8381
  23320.00     1.3557
  23330.00     1.7680
  23340.00     0.5995
  23350.00     0.7638
  23360.00     1.4143
  23370.00     1.7263
  23380.00     0.9961
  23390.00     0.1499
  23400.00     0.4736
  23410.00     1.1594
  23420.00     0.5958
  23430.00     0.2879
  23440.00     1.1229
  23450.00     0.8853
  23460.00     0.8723
  23470.00     1.1474
  23480.00     0.6516
  23490.00     1.2241
  23500.00     1.1344
  23510.00     1.4203
  23520.00     0.5246
  23530.00     0.6388
  23540.00     1.0679
  23550.00     1.5280
  23560.00     1.0131
  23570.00     1.4139
  23580.00     0.5784
  23590.00     1.3123
  23600.00     1.3907
  23610.00     0.7505
  23620.00     0.8933
  23630.00     1.1150
  23640.00     1.4050
  23650.00     0.6701
  23660.00     0.5545
  23670.00     0.9906
  23680.00     1.3254
  23690.00     0.9974
  23700.00     1.2248
  23710.00     1.0060
  23720.00     1.3372
  23730.00     0.7965
  23740.00     1.0661
  23750.00     1.1907
  23760.00     0.8119
  23770.00     0.8555
  23780.00     0.7792
  23790.00     0.6460
  23800.00     0.5752
  23810.00     0.7778
  23820.00     0.4770
  23830.00     1.1240
  23840.00     1.5924
  23850.00     1.6910
  23860.00     1.2152
  23870.00     0.7979
  23880.00     1.1646
  23890.00     1.3217
  23900.00     0.7012
  23910.00     0.5715
  23920.00     1.1755
  23930.00     1.0764
  23940.00     1.1107
  23950.00     0.8867
  23960.00     0.6263
  23970.00     0.3164
  23980.00     0.7499
  23990.00     0.6746
  24000.00     0.8033
  24010.00     1.0577
  24020.00     1.1703
  24030.00     1.2565
  24040.00     1.1828
  24050.00     1.3755
  24060.00     1.0496
  24070.00     1.1698
  24080.00     0.7966
  24090.00     0.6707
  24100.00     0.9495
  24110.00     1.2033
  24120.00     1.4402
  24130.00     0.3259
  24140.00     0.6440
  24150.00     0.6996
  24160.00     1.1798
  24170.00     1.0151
  24180.00     1.3373
  24190.00     0.6194
  24200.00     1.6354
  24210.00     1.3576
  24220.00     0.6620
  24230.00     0.9401
  24240.00     0.9847
  24250.00     0.5134
  24260.00     0.8644
  24270.00     1.0340
  24280.00     1.1860
  24290.00     1.0568
  24300.00     1.1273
  24310.00     0.9509
  24320.00     1.2822
  24330.00     1.0802
  24340.00     0.8584
  24350.00     0.7691
  24360.00     0.8721
  24370.00     1.4602
  24380.00     0.6176
  24390.00     0.8435
  24400.00     0.7958
  24410.00     1.4405
  24420.00     0.9413
  24430.00     1.1246
  24440.00     0.7603
  24450.00     1.1194
  24460.00     0.7236
  24470.00     0.8152
  24480.00     0.8971
  24490.00     0.9437
  24500.00     1.4836
  24510.00     1.2637
  24520.00     0.9423
  24530.00     1.2580
  24540.00     0.7685
  24550.00     1.2127
  24560.00     0.6172
  24570.00     1.2124
  24580.00     0.7310
  24590.00     0.3379
  24600.00     0.5410
  24610.00     0.4133
  24620.00     1.0648
  24630.00     0.9896
  24640.00     1.3006
  24650.00     1.4542
  24660.00     0.7793
  24670.00     1.2279
  24680.00     0.7411
  24690.00     0.7487
  24700.00     0.4950
  24710.00     0.7178
  24720.00     0.8893
  24730.00     0.5922
  24740.00     0.7973
  24750.00     0.7322
  24760.00     1.2106
  24770.00     0.7769
  24780.00     0.5448
  24790.00     0.9203
  24800.00     1.0876
  24810.00     0.3907
  24820.00     0.5227
  24830.00     1.3858
  24840.00     1.2439
  24850.00     0.7265
  24860.00     1.0604
  24870.00     1.5744
  24880.00     0.9910
  24890.00     1.0593
  24900.00     0.9511
  24910.00     0.9840
  24920.00     1.5148
  24930.00     1.1980
  24940.00     1.0423
  24950.00     0.7464
  24960.00     1.2636
  24970.00     1.0945
  24980.00     0.5433
  24990.00     0.8496
  25000.00     1.2131
  25010.00     0.3123
  25020.00     0.3907
  25030.00     0.8006
  25040.00     1.5590
  25050.00     0.9536
  25060.00     0.9091
  25070.00     1.0841
  25080.00     0.9668
  25090.00     0.7017
  25100.00     0.9346
  25110.00     1.0305
  25120.00     0.9142
  25130.00     0.9914
  25140.00     0.9174
  25150.00     1.1882
  25160.00     1.1308
  25170.00     0.8989
  25180.00     0.8063
  25190.00     0.7162
  25200.00     1.1807
  25210.00     1.5119
  25220.00     0.3225
  25230.00     0.9936
  25240.00     1.3478
  25250.00     1.2525
  25260.00     0.8117
  25270.00     1.3564
  25280.00     1.1843
  25290.00     1.2736
  25300.00     1.0802
  25310.00     1.3436
  25320.00     0.7023
  25330.00     0.7331
  25340.00     0.5147
  25350.00     1.3722
  25360.00     1.1838
  25370.00     0.7320
  25380.00     1.2372
  25390.00     1.0343
  25400.00     1.2672
  25410.00     1.0979
  25420.00     1.1542
  25430.00     0.8741
  25440.00     0.9515
  25450.00     0.9593
  25460.00     0.8628
  25470.00     0.7666
  25480.00     0.8734
  25490.00     0.6662
  25500.00     1.2709
  25510.00     1.3288
  25520.00     1.0783
  25530.00     0.9755
  25540.00     1.0884
  25550.00     1.0612
  25560.00     1.0965
  25570.00     1.0347
  25580.00     0.9841
  25590.00     1.0466
  25600.00     1.5336
  25610.00     1.2363
  25620.00     1.2638
  25630.00     0.6246
  25640.00     0.7891
  25650.00     1.0825
  25660.00     0.9869
  25670.00     0.9473
  25680.00     0.9182
  25690.00     0.8867
  25700.00     1.2044
  25710.00     1.4860
  25720.00     1.0579
  25730.00     0.7257
  25740.00     0.7766
  25750.00     1.0825
  25760.00     1.3931
  25770.00     1.0132
  25780.00     1.4311
  25790.00     0.8816
  25800.00     1.2581
  25810.00     1.2798
  25820.00     1.3360
  25830.00     0.6999
  25840.00     1.5945
  25850.00     0.9758
  25860.00     0.8470
  25870.00     1.2641
  25880.00     0.8138
  25890.00     1.1193
  25900.00     0.4909
  25910.00     1.0042
  25920.00     0.8777
  25930.00     0.7951
  25940.00     0.7040
  25950.00     0.4293
  25960.00     1.1230
  25970.00     0.6645
  25980.00     0.5506
  25990.00     1.0541
  26000.00     0.9849
  26010.00     0.9193
  26020.00     0.5185
  26030.00     0.8904
  26040.00     0.9155
  26050.00     1.0690
  26060.00     0.8527
  26070.00     0.7904
  26080.00     0.7455
  26090.00     0.4294
  26100.00     1.0694
  26110.00     0.8882
  26120.00     0.8341
  26130.00     1.0832
  26140.00     1.1341
  26150.00     0.5645
  26160.00     0.6695
  26170.00     0.5559
  26180.00     0.8681
  26190.00     1.1932
  26200.00     1.4932
  26210.00     0.6878
  26220.00     1.1547
  26230.00     0.5928
  26240.00     1.1851
  26250.00     1.1683
  26260.00     0.5956
  26270.00     1.3037
  26280.00     0.6859
  26290.00     1.0412
  26300.00     0.8761
  26310.00     0.9074
  26320.00     0.9176
  26330.00     1.3096
  26340.00     1.1873
  26350.00     0.8517
  26360.00     1.3187
  26370.00     1.0596
  26380.00     0.7474
  26390.00     1.0861
  26400.00     1.7330
  26410.00     0.8945
  26420.00     1.0239
  26430.00     0.6507
  26440.00     1.2908
  26450.00     1.0854
  26460.00     0.9635
  26470.00     0.5979
  26480.00     1.0360
  26490.00     0.7589
  26500.00     0.7906
  26510.00     1.3386
  26520.00     1.0711
  26530.00     1.1348
  26540.00     0.8192
  26550.00     1.2036
  26560.00     1.0861
  26570.00     0.8993
  26580.00     0.9291
  26590.00     0.7313
  26600.00     0.7493
  26610.00     1.1906
  26620.00     1.3086
  26630.00     0.9970
  26640.00     1.0400
  26650.00     0.6784
  26660.00     1.0375
  26670.00     1.2432
  26680.00     0.9832
  26690.00     2.0473
  26700.00     0.7196
  26710.00     1.4504
  26720.00     1.0331
  26730.00     0.9736
  26740.00     1.0970
  26750.00     1.3457
  26760.00     1.3531
  26770.00     1.0228
  26780.00     0.8117
  26790.00     1.1099
  26800.00     0.7837
  26810.00     1.0028
  26820.00     0.9746
  26830.00     1.0767
  26840.00     1.4073
  26850.00     0.8909
  26860.00     1.2401
  26870.00     1.2202
  26880.00     1.1998
  26890.00     0.9140
  26900.00     1.0045
  26910.00     1.0225
  26920.00     0.8802
  26930.00     0.8128
  26940.00     1.0801
  26950.00     0.6956
  26960.00     0.7290
  26970.00     1.2688
  26980.00     0.9036
  26990.00     0.9627
  27000.00     0.5560
  27010.00     0.8216
  27020.00     0.6570
  27030.00     0.9627
  27040.00     1.1842
  27050.00     1.7453
  27060.00     1.0682
  27070.00     0.5660
  27080.00     1.0960
  27090.00     1.1538
  27100.00     0.6593
  27110.00     0.4087
  27120.00     0.9087
  27130.00     1.1261
  27140.00     0.6640
  27150.00     0.9275
  27160.00     0.7947
  27170.00     0.8453
  27180.00     1.6799
  27190.00     1.3743
  27200.00     1.5721
  27210.00     1.2015
  27220.00     0.8878
  27230.00     0.8559
  27240.00     1.0338
  27250.00     1.4521
  27260.00     0.8339
  27270.00     1.0513
  27280.00     0.9384
  27290.00     0.8763
  27300.00     1.0542
  27310.00     1.0844
  27320.00     1.3114
  27330.00     1.2732
  27340.00     0.9311
  27350.00     1.3914
  27360.00     0.7693
  27370.00     0.3872
  27380.00     1.0562
  27390.00     1.0907
  27400.00     1.0663
  27410.00     0.7204
  27420.00     0.8174
  27430.00     0.7388
  27440.00     1.0341
  27450.00     0.9050
  27460.00     1.2146
  27470.00     1.5835
  27480.00     1.5025
  27490.00     1.4729
  27500.00     0.8691
  27510.00     1.4028
  27520.00     1.2993
  27530.00     1.0776
  27540.00     1.0944
  27550.00     1.1636
  27560.00     1.1813
  27570.00     0.9858
  27580.00     1.1954
  27590.00     0.5173
  27600.00     0.7595
  27610.00     1.0528
  27620.00     1.0268
  27630.00     1.1401
  27640.00     0.9173
  27650.00     1.1929
  27660.00     0.8802
  27670.00     1.1875
  27680.00     1.1676
  27690.00     0.6857
  27700.00     0.9030
  27710.00     0.9868
  27720.00     1.2367
  27730.00     0.8625
  27740.00     1.1008
  27750.00     1.0146
  27760.00     1.5711
  27770.00     1.0627
  27780.00     0.9377
  27790.00     0.8694
  27800.00     0.6182
  27810.00     1.3175
  27820.00     0.7803
  27830.00     1.4494
  27840.00     1.3270
  27850.00     1.0157
  27860.00     1.1670
  27870.00     1.6010
  27880.00     1.2855
  27890.00     0.7156
  27900.00     1.2180
  27910.00     1.2795
  27920.00     0.7357
  27930.00     0.6797
  27940.00     0.6774
  27950.00     0.6412
  27960.00     0.8888
  27970.00     1.1615
  27980.00     1.2325
  27990.00     0.8587
  28000.00     0.6886
  28010.00     0.9522
  28020.00     1.3278
  28030.00     1.2296
  28040.00     1.1331
  28050.00     1.0010
  28060.00     0.9553
  28070.00     0.7578
  28080.00     1.2255
  28090.00     1.4133
  28100.00     0.7359
  28110.00     0.9203
  28120.00     0.4371
  28130.00     1.1665
  28140.00     1.0029
  28150.00     0.5953
  28160.00     1.0191
  28170.00     0.8189
  28180.00     1.0116
  28190.00     1.1497
  28200.00     0.9844
  28210.00     0.6393
  28220.00     1.0712
  28230.00     1.3128
  28240.00     0.8215
  28250.00     0.9692
  28260.00     1.1810
  28270.00     0.8714
  28280.00     1.3593
  28290.00     0.9990
  28300.00     0.9111
  28310.00     0.7662
  28320.00     0.6433
  28330.00     0.9810
  28340.00     0.9053
  28350.00     0.9991
  28360.00     1.0074
  28370.00     1.3862
  28380.00     1.1716
  28390.00     1.0626
  28400.00     0.6249
  28410.00     0.7682
  28420.00     1.1567
  28430.00     1.6157
  28440.00     1.0372
  28450.00     1.0382
  28460.00     1.7824
  28470.00     1.0842
  28480.00     1.1685
  28490.00     1.1500
  28500.00     0.7162
  28510.00     1.3731
  28520.00     0.8142
  28530.00     0.8238
  28540.00     0.9681
  28550.00     0.6149
  28560.00     1.2466
  28570.00     1.1374
  28580.00     0.5914
  28590.00     1.1099
  28600.00     0.8889
  28610.00     0.5140
  28620.00     1.5373
  28630.00     1.1393
  28640.00     1.4474
  28650.00     1.1892
  28660.00     0.7078
  28670.00     1.1133
  28680.00     0.3743
  28690.00     1.0538
  28700.00     0.9382
  28710.00     1.2643
  28720.00     0.7148
  28730.00     0.5190
  28740.00     0.7626
  28750.00     0.4799
  28760.00     0.8452
  28770.00     1.0823
  28780.00     0.2870
  28790.00     0.7694
  28800.00     1.0491
  28810.00     1.4201
  28820.00     1.1765
  28830.00     0.9103
  28840.00     0.5214
  28850.00     0.9253
  28860.00     1.0443
  28870.00     0.7241
  28880.00     1.3378
  28890.00     1.2334
  28900.00     1.0681
  28910.00     1.1865
  28920.00     1.4454
  28930.00     0.6430
  28940.00     1.1489
  28950.00     0.9233
  28960.00     1.0206
  28970.00     1.2454
  28980.00     1.4092
  28990.00     0.8504
  29000.00     1.0131
  29010.00     0.9286
  29020.00     0.5386
  29030.00     0.9277
  29040.00     1.0961
  29050.00     0.7915
  29060.00     0.7862
  29070.00     0.9517
  29080.00     1.4314
  29090.00     1.2549
  29100.00     1.0473
  29110.00     0.4883
  29120.00     1.0734
  29130.00     1.2873
  29140.00     0.9523
  29150.00     1.3121
  29160.00     1.1756
  29170.00     1.2655
  29180.00     1.2227
  29190.00     1.0849
  29200.00     0.9623
  29210.00     0.9430
  29220.00     0.4809
  29230.00     0.9851
  29240.00     0.7487
  29250.00     0.9458
  29260.00     1.3570
  29270.00     0.6342
  29280.00     0.5697
  29290.00     1.0428
  29300.00     1.3158
  29310.00     1.0691
  29320.00     0.6735
  29330.00     1.1588
  29340.00     1.2038
  29350.00     1.0691
  29360.00     0.8023
  29370.00     1.0233
  29380.00     1.2375
  29390.00     1.1531
  29400.00     1.0022
  29410.00     1.5637
  29420.00     0.9187
  29430.00     1.2177
  29440.00     0.9150
  29450.00     0.8792
  29460.00     1.0256
  29470.00     1.1845
  29480.00     0.8746
  29490.00     1.4461
  29500.00     1.0232
  29510.00     1.1310
  29520.00     0.9708
  29530.00     0.9683
  29540.00     0.6391
  29550.00     1.0633
  29560.00     0.4557
  29570.00     0.8286
  29580.00     0.9548
  29590.00     1.0364
  29600.00     1.0204
  29610.00     0.8641
  29620.00     1.3640
  29630.00     0.8622
  29640.00     0.3370
  29650.00     0.8879
  29660.00     0.7025
  29670.00     0.9999
  29680.00     1.2743
  29690.00     0.6163
  29700.00     1.4999
  29710.00     1.2029
  29720.00     0.7693
  29730.00     1.1268
  29740.00     1.2337
  29750.00     0.9448
  29760.00     0.6264
  29770.00     0.8358
  29780.00     0.8890
  29790.00     1.1107
  29800.00     1.2136
  29810.00     0.5539
  29820.00     0.7189
  29830.00     0.7385
  29840.00     1.2262
  29850.00     0.8046
  29860.00     0.5166
  29870.00     0.6330
  29880.00     1.2384
  29890.00     0.8714
  29900.00     0.9106
  29910.00     1.4969
  29920.00     1.0040
  29930.00     1.0310
  29940.00     1.1646
  29950.00     1.0738
  29960.00     1.0324
  29970.00     0.6848
  29980.00     0.8166
  29990.00     0.8044
  30000.00     1.2890
  30010.00     1.7387
  30020.00     1.0277
  30030.00     0.9682
  30040.00     1.5220
  30050.00     1.3632
  30060.00     0.6305
  30070.00     0.9730
  30080.00     0.9200
  30090.00     1.0973
  30100.00     1.4034
  30110.00     1.7101
  30120.00     0.9759
  30130.00     0.7833
  30140.00     0.7249
  30150.00     0.6899
  30160.00     0.6548
  30170.00     0.5338
  30180.00     0.8402
  30190.00     0.8899
  30200.00     1.3723
  30210.00     1.0108
  30220.00     0.8070
  30230.00     1.0041
  30240.00     0.9072
  30250.00     0.7883
  30260.00     1.0005
  30270.00     0.7465
  30280.00     0.5566
  30290.00     0.4186
  30300.00     0.7932
  30310.00     0.6597
  30320.00     1.1429
  30330.00     1.3069
  30340.00     0.8085
  30350.00     1.3470
  30360.00     0.4033
  30370.00     0.6184
  30380.00     0.8281
  30390.00     1.3763
  30400.00     0.9167
  30410.00     1.0328
  30420.00     0.8531
  30430.00     1.2940
  30440.00     0.7926
  30450.00     1.5569
  30460.00     0.5588
  30470.00     1.6216
  30480.00     1.5495
  30490.00     0.6210
  30500.00     0.7756
  30510.00     1.0781
  30520.00     0.8433
  30530.00     1.1113
  30540.00     0.9650
  30550.00     1.6645
  30560.00     1.5394
  30570.00     0.9906
  30580.00     1.7765
  30590.00     1.3406
  30600.00     0.9559
  30610.00     0.7090
  30620.00     0.9879
  30630.00     0.7497
  30640.00     0.8063
  30650.00     0.7628
  30660.00     0.8328
  30670.00     1.3797
  30680.00     1.2927
  30690.00     1.3197
  30700.00     0.8565
  30710.00     0.9592
  30720.00     1.6307
  30730.00     1.1639
  30740.00     0.6081
  30750.00     0.8787
  30760.00     1.0990
  30770.00     0.7701
  30780.00     1.1145
  30790.00     1.3909
  30800.00     0.6076
  30810.00     1.1340
  30820.00     0.8945
  30830.00     0.9291
  30840.00     1.1461
  30850.00     1.2494
  30860.00     1.4588
  30870.00     1.0067
  30880.00     1.3628
  30890.00     1.2262
  30900.00     1.3560
  30910.00     0.9474
  30920.00     0.9639
  30930.00     0.4640
  30940.00     0.8476
  30950.00     0.7504
  30960.00     0.8522
  30970.00     0.7339
  30980.00     1.5396
  30990.00     0.8697
  31000.00     0.4012
  31010.00     1.2834
  31020.00     1.2460
  31030.00     0.7488
  31040.00     1.1349
  31050.00     1.1376
  31060.00     1.5805
  31070.00     1.4699
  31080.00     1.2417
  31090.00     0.6814
  31100.00     0.8940
  31110.00     1.0151
  31120.00     1.3355
  31130.00     1.4266
  31140.00     1.4817
  31150.00     1.1977
  31160.00     1.3330
  31170.00     1.2287
  31180.00     0.9348
  31190.00     0.6388
  31200.00     0.7130
  31210.00     0.9603
  31220.00     0.7763
  31230.00     1.0559
  31240.00     0.6375
  31250.00     1.2477
  31260.00     1.0479
  31270.00     0.8701
  31280.00     1.1086
  31290.00     1.0278
  31300.00     1.6250
  31310.00     1.0789
  31320.00     0.6244
  31330.00     1.0939
  31340.00     0.8037
  31350.00     0.7877
  31360.00     1.1516
  31370.00     0.9435
  31380.00     1.0052
  31390.00     1.1713
  31400.00     1.0231
  31410.00     0.7207
  31420.00     0.3496
  31430.00     1.2868
  31440.00     0.9208
  31450.00     1.3934
  31460.00     1.1676
  31470.00     1.0283
  31480.00     1.2131
  31490.00     0.3977
  31500.00     0.3507
  31510.00     0.9299
  31520.00     0.5627
  31530.00     0.9976
  31540.00     1.1507
  31550.00     1.3272
  31560.00     1.2909
  31570.00     0.8391
  31580.00     1.4311
  31590.00     0.9190
  31600.00     0.4063
  31610.00     1.2012
  31620.00     0.7635
  31630.00     1.2830
  31640.00     0.8714
  31650.00     0.4864
  31660.00     1.1940
  31670.00     1.4986
  31680.00     1.1401
  31690.00     0.5165
  31700.00     0.8325
  31710.00     0.9922
  31720.00     0.8041
  31730.00     1.1059
  31740.00     1.1375
  31750.00     1.4928
  31760.00     1.1285
  31770.00     1.2594
  31780.00     1.1584
  31790.00     0.5830
  31800.00     0.8257
  31810.00     0.9157
  31820.00     0.8378
  31830.00     0.9377
  31840.00     1.3986
  31850.00     1.4515
  31860.00     0.6027
  31870.00     0.8888
  31880.00     1.3644
  31890.00     0.8629
  31900.00     0.6328
  31910.00     1.1813
  31920.00     0.7006
  31930.00     0.6898
  31940.00     0.7681
  31950.00     1.0777
  31960.00     1.2261
  31970.00     1.4230
  31980.00     0.6574
  31990.00     0.6964
  32000.00     1.1652
  32010.00     1.3054
  32020.00     1.3936
  32030.00     0.7901
  32040.00     0.7839
  32050.00     0.9035
  32060.00     0.9133
  32070.00     0.9850
  32080.00     1.0235
  32090.00     0.6659
  32100.00     1.0172
  32110.00     0.5604
  32120.00     0.5569
  32130.00     1.3265
  32140.00     0.6783
  32150.00     1.1990
  32160.00     1.0372
  32170.00     0.6758
  32180.00     0.4975
  32190.00     1.0962
  32200.00     0.9545
  32210.00     0.7161
  32220.00     0.6437
  32230.00     0.7731
  32240.00     1.0214
  32250.00     0.6448
  32260.00     1.3327
  32270.00     0.8435
  32280.00     0.7131
  32290.00     0.7605
  32300.00     1.0479
  32310.00     1.7143
  32320.00     0.9752
  32330.00     1.1638
  32340.00     1.2777
  32350.00     1.3032
  32360.00     0.7606
  32370.00     0.3075
  32380.00     0.5967
  32390.00     0.8718
  32400.00     1.0435
  32410.00     0.2292
  32420.00     0.9004
  32430.00     1.1669
  32440.00     0.8801
  32450.00     1.2852
  32460.00     1.4024
  32470.00     0.3737
  32480.00     1.3937
  32490.00     0.6703
  32500.00     1.1079
  32510.00     1.1655
  32520.00     0.9549
  32530.00     0.3493
  32540.00     1.3014
  32550.00     0.8697
  32560.00     1.3852
  32570.00     1.3583
  32580.00     0.2968
  32590.00     0.9362
  32600.00     1.2777
  32610.00     0.9583
  32620.00     1.6519
  32630.00     1.2418
  32640.00     1.2948
  32650.00     1.4358
  32660.00     1.4751
  32670.00     1.2016
  32680.00     1.2034
  32690.00     1.0227
  32700.00     1.0270
  32710.00     0.9286
  32720.00     0.7650
  32730.00     1.1351
  32740.00     1.0447
  32750.00     1.5267
  32760.00     1.1428
  32770.00     1.4831
  32780.00     1.4106
  32790.00     0.7091
  32800.00     1.1556
  32810.00     1.1779
  32820.00     0.3291
  32830.00     0.5920
  32840.00     0.9174
  32850.00     0.9064
  32860.00     0.7344
  32870.00     1.7311
  32880.00     0.6878
  32890.00     1.0292
  32900.00     1.1358
  32910.00     0.9104
  32920.00     0.9979
  32930.00     1.4142
  32940.00     0.3085
  32950.00     0.7914
  32960.00     0.8668
  32970.00     1.2844
  32980.00     1.2394
  32990.00     1.5681
  33000.00     1.1006
  33010.00     0.8401
  33020.00     0.8304
  33030.00     1.0008
  33040.00     1.1128
  33050.00     1.0859
  33060.00     0.9304
  33070.00     0.9167
  33080.00     1.2272
  33090.00     0.9754
  33100.00     0.9429
  33110.00     0.6546
  33120.00     1.1151
  33130.00     1.8009
  33140.00     1.1208
  33150.00     0.7738
  33160.00     0.7451
  33170.00     0.7809
  33180.00     1.2629
  33190.00     1.2639
  33200.00     0.6032
  33210.00     0.5535
  33220.00     1.2735
  33230.00     1.1956
  33240.00     1.4941
  33250.00     1.3423
  33260.00     0.7389
  33270.00     0.6536
  33280.00     0.7665
  33290.00     0.8710
  33300.00     0.8404
  33310.00     0.7344
  33320.00     1.0172
  33330.00     0.6010
  33340.00     0.8636
  33350.00     0.8276
  33360.00     0.9324
  33370.00     0.6173
  33380.00     1.4067
  33390.00     1.0633
  33400.00     1.0782
  33410.00     0.9389
  33420.00     0.9390
  33430.00     1.1786
  33440.00     0.4319
  33450.00     0.8804
  33460.00     1.2611
  33470.00     1.3957
  33480.00     1.0765
  33490.00     0.7940
  33500.00     0.7105
  33510.00     1.3502
  33520.00     1.2303
  33530.00     0.5967
  33540.00     0.7875
  33550.00     0.6877
  33560.00     0.8168
  33570.00     0.7059
  33580.00     0.8166
  33590.00     1.1298
  33600.00     1.2164
  33610.00     1.2553
  33620.00     1.1850
  33630.00     0.5062
  33640.00     0.6717
  33650.00     0.3736
  33660.00     0.8825
  33670.00     0.7617
  33680.00     1.1583
  33690.00     1.0499
  33700.00     1.2495
  33710.00     0.5607
  33720.00     0.7654
  33730.00     1.0501
  33740.00     0.7371
  33750.00     1.2585
  33760.00     1.2031
  33770.00     1.2424
  33780.00     0.8294
  33790.00     0.9366
  33800.00     1.0598
  33810.00     0.6887
  33820.00     0.7108
  33830.00     0.7972
  33840.00     1.0425
  33850.00     1.2662
  33860.00     1.1812
  33870.00     0.6614
  33880.00     0.5098
  33890.00     1.2916
  33900.00     0.5673
  33910.00     0.7050
  33920.00     0.4852
  33930.00     0.5982
  33940.00     0.6478
  33950.00     0.7089
  33960.00     0.8759
  33970.00     0.7887
  33980.00     1.0356
  33990.00     0.3996
  34000.00     1.2011
  34010.00     1.0475
  34020.00     0.9698
  34030.00     1.3439
  34040.00     0.7710
  34050.00     1.0832
  34060.00     1.4029
  34070.00     1.3180
  34080.00     1.0894
  34090.00     0.9542
  34100.00     0.9535
  34110.00     1.5347
  34120.00     1.1757
  34130.00     0.9922
  34140.00     0.8023
  34150.00     0.9915
  34160.00     1.2006
  34170.00     0.9443
  34180.00     0.9960
  34190.00     0.8480
  34200.00     1.6254
  34210.00     0.8319
  34220.00     1.2149
  34230.00     0.9690
  34240.00     1.1326
  34250.00     0.9868
  34260.00     1.3462
  34270.00     0.9619
  34280.00     0.9274
  34290.00     1.0020
  34300.00     1.1924
  34310.00     0.7826
  34320.00     1.0423
  34330.00     1.0775
  34340.00     1.0268
  34350.00     1.1100
  34360.00     0.6677
  34370.00     1.3014
  34380.00     0.8252
  34390.00     1.0435
  34400.00     0.9697
  34410.00     0.5697
  34420.00     0.8710
  34430.00     0.9207
  34440.00     1.6118
  34450.00     0.9038
  34460.00     1.3952
  34470.00     0.8975
  34480.00     1.1373
  34490.00     0.5500
  34500.00     0.8539
  34510.00     0.9357
  34520.00     0.5301
  34530.00     0.9278
  34540.00     1.0155
  34550.00     0.7367
  34560.00     0.9187
  34570.00     0.6840
  34580.00     0.8738
  34590.00     1.3315
  34600.00     0.6432
  34610.00     0.9309
  34620.00     0.4676
  34630.00     1.6718
  34640.00     0.7033
  34650.00     0.5691
  34660.00     1.0861
  34670.00     1.0926
  34680.00     1.1723
  34690.00     1.0581
  34700.00     0.9855
  34710.00     0.5400
  34720.00     1.2305
  34730.00     1.1201
  34740.00     1.0331
  34750.00     0.8897
  34760.00     0.9146
  34770.00     0.9737
  34780.00     1.1156
  34790.00     0.7384
  34800.00     0.6848
  34810.00     1.4890
  34820.00     1.3756
  34830.00     1.1491
  34840.00     1.8915
  34850.00     1.0088
  34860.00     0.8829
  34870.00     1.1916
  34880.00     0.8703
  34890.00     1.2785
  34900.00     0.8353
  34910.00     1.3297
  34920.00     0.5951
  34930.00     0.7201
  34940.00     0.7015
  34950.00     0.8199
  34960.00     0.6612
  34970.00     0.9483
  34980.00     0.9437
  34990.00     1.0158
  35000.00     0.9449
  35010.00     1.0417
  35020.00     1.4841
  35030.00     1.4353
  35040.00     1.0791
  35050.00     0.6226
  35060.00     0.6956
  35070.00     0.6252
  35080.00     0.8387
  35090.00     0.8318
  35100.00     0.7031
  35110.00     1.2123
  35120.00     0.9873
  35130.00     0.4633
  35140.00     0.9359
  35150.00     1.3288
  35160.00     0.7887
  35170.00     0.9018
  35180.00     1.2574
  35190.00     1.6202
  35200.00     1.4235
  35210.00     1.0105
  35220.00     0.7761
  35230.00     1.3587
  35240.00     1.1706
  35250.00     1.3991
  35260.00     0.9453
  35270.00     0.7718
  35280.00     0.3774
  35290.00     0.6303
  35300.00     1.0022
  35310.00     0.8574
  35320.00     1.4357
  35330.00     1.0507
  35340.00     1.3486
  35350.00     1.3779
  35360.00     0.9334
  35370.00     1.2744
  35380.00     1.3204
  35390.00     0.6783
  35400.00     0.9635
  35410.00     0.8751
  35420.00     1.0075
  35430.00     0.8020
  35440.00     1.0124
  35450.00     0.7638
  35460.00     1.2775
  35470.00     1.1962
  35480.00     0.9175
  35490.00     1.3943
  35500.00     1.0501
  35510.00     0.9992
  35520.00     1.1958
  35530.00     0.9937
  35540.00     1.2389
  35550.00     0.7566
  35560.00     1.2615
  35570.00     0.9758
  35580.00     0.5596
  35590.00     0.9514
  35600.00     1.1780
  35610.00     0.8445
  35620.00     0.9689
  35630.00     1.0931
  35640.00     1.1426
  35650.00     0.7893
  35660.00     0.9681
  35670.00     0.2229
  35680.00     0.6363
  35690.00     0.7659
  35700.00     0.9999
  35710.00     0.7924
  35720.00     0.4664
  35730.00     0.6748
  35740.00     0.4722
  35750.00     0.6877
  35760.00     0.8859
  35770.00     1.3721
  35780.00     0.6171
  35790.00     0.9080
  35800.00     1.0637
  35810.00     1.3303
  35820.00     0.9156
  35830.00     0.8207
  35840.00     0.7419
  35850.00     1.4732
  35860.00     0.8864
  35870.00     0.8816
  35880.00     0.5508
  35890.00     1.0499
  35900.00     1.4484
  35910.00     1.0350
  35920.00     1.4019
  35930.00     1.6011
  35940.00     0.5995
  35950.00     1.3405
  35960.00     1.0744
  35970.00     1.1029
  35980.00     1.2032
  35990.00     1.1010
  36000.00     0.7987
  36010.00     1.3848
  36020.00     0.9881
  36030.00     0.9728
  36040.00     1.2880
  36050.00     1.2678
  36060.00     1.0327
  36070.00     0.9459
  36080.00     0.8615
  36090.00     0.4476
  36100.00     1.0567
  36110.00     0.4836
  36120.00     0.5501
  36130.00     1.2308
  36140.00     0.9203
  36150.00     0.5288
  36160.00     1.1514
  36170.00     0.9325
  36180.00     1.3264
  36190.00     0.8284
  36200.00     1.0726
  36210.00     0.8473
  36220.00     0.9709
  36230.00     1.1877
  36240.00     0.9384
  36250.00     0.5686
  36260.00     1.3620
  36270.00     1.2830
  36280.00     1.3657
  36290.00     1.3573
  36300.00     1.0933
  36310.00     0.7447
  36320.00     1.3229
  36330.00     1.0132
  36340.00     0.3675
  36350.00     0.6584
  36360.00     0.8882
  36370.00     0.7019
  36380.00     0.7642
  36390.00     1.0686
  36400.00     1.0691
  36410.00     0.7183
  36420.00     1.0075
  36430.00     1.1661
  36440.00     0.7818
  36450.00     1.0458
  36460.00     0.7700
  36470.00     1.0397
  36480.00     0.9939
  36490.00     0.8980
  36500.00     0.9665
  36510.00     0.8603
  36520.00     0.9329
  36530.00     1.3169
  36540.00     0.6730
  36550.00     0.8851
  36560.00     1.3099
  36570.00     0.5593
  36580.00     1.1436
  36590.00     0.7893
  36600.00     1.1793
  36610.00     0.8549
  36620.00     0.6072
  36630.00     1.4629
  36640.00     1.2228
  36650.00     0.9882
  36660.00     0.7676
  36670.00     0.9314
  36680.00     1.2328
  36690.00     1.0429
  36700.00     1.3198
  36710.00     0.9927
  36720.00     0.9438
  36730.00     1.4655
  36740.00     1.1364
  36750.00     0.8794
  36760.00     1.2079
  36770.00     0.5513
  36780.00     0.1048
  36790.00     0.7441
  36800.00     0.9743
  36810.00     1.0865
  36820.00     0.8766
  36830.00     0.9282
  36840.00     0.4585
  36850.00     0.8602
  36860.00     1.0426
  36870.00     1.2635
  36880.00     0.8108
  36890.00     0.9999
  36900.00     1.1622
  36910.00     0.7916
  36920.00     1.2810
  36930.00     0.7783
  36940.00     1.0570
  36950.00     0.7532
  36960.00     0.7516
  36970.00     1.1385
  36980.00     1.0808
  36990.00     0.8909
  37000.00     0.8796
  37010.00     1.0535
  37020.00     0.5140
  37030.00     0.5832
  37040.00     0.9163
  37050.00     1.0291
  37060.00     0.6346
  37070.00     1.1314
  37080.00     0.9988
  37090.00     1.1710
  37100.00     0.9460
  37110.00     0.6923
  37120.00     1.1363
  37130.00     1.0227
  37140.00     1.1782
  37150.00     1.1607
  37160.00     0.7708
  37170.00     1.5418
  37180.00     0.9400
  37190.00     0.7541
  37200.00     1.7155
  37210.00     0.9566
  37220.00     1.0429
  37230.00     0.8926
  37240.00     1.0800
  37250.00     1.2512
  37260.00     0.6278
  37270.00     0.5858
  37280.00     0.7995
  37290.00     0.7162
  37300.00     0.9179
  37310.00     1.0466
  37320.00     0.3083
  37330.00     0.8564
  37340.00     0.9690
  37350.00     1.2063
  37360.00     1.1968
  37370.00     1.2732
  37380.00     1.3995
  37390.00     0.8241
  37400.00     0.8608
  37410.00     1.1351
  37420.00     1.4922
  37430.00     1.2856
  37440.00     0.9778
  37450.00     1.1145
  37460.00     1.2424
  37470.00     0.6863
  37480.00     0.9623
  37490.00     0.9269
  37500.00     1.1283
  37510.00     1.2926
  37520.00     1.3010
  37530.00     0.6790
  37540.00     1.5161
  37550.00     0.9673
  37560.00     1.4840
  37570.00     0.8001
  37580.00     1.1733
  37590.00     1.2391
  37600.00     1.1285
  37610.00     0.6987
  37620.00     0.8034
  37630.00     0.7883
  37640.00     0.8403
  37650.00     1.0765
  37660.00     0.5358
  37670.00     1.1418
  37680.00     0.6970
  37690.00     1.4361
  37700.00     0.7718
  37710.00     1.1623
  37720.00     0.9497
  37730.00     1.0679
  37740.00     1.1440
  37750.00     1.1510
  37760.00     0.7326
  37770.00     1.1920
  37780.00     1.2359
  37790.00     1.1856
  37800.00     0.5834
  37810.00     1.1058
  37820.00     1.2168
  37830.00     1.4122
  37840.00     1.1658
  37850.00     0.4781
  37860.00     0.8727
  37870.00     1.0225
  37880.00     1.2100
  37890.00     1.2560
  37900.00     1.1630
  37910.00     1.1419
  37920.00     1.3176
  37930.00     0.5367
  37940.00     0.3345
  37950.00     0.8302
  37960.00     1.4493
  37970.00     1.0049
  37980.00     1.0173
  37990.00     0.8884
  38000.00     0.9347
  38010.00     0.5580
  38020.00     0.8575
  38030.00     0.9018
  38040.00     1.2028
  38050.00     0.7766
  38060.00     1.0290
  38070.00     1.0043
  38080.00     1.0474
  38090.00     1.0628
  38100.00     1.2134
  38110.00     0.7448
  38120.00     0.7890
  38130.00     0.8755
  38140.00     1.1220
  38150.00     1.2147
  38160.00     1.2168
  38170.00     0.6883
  38180.00     1.2082
  38190.00     1.4295
  38200.00     0.8126
  38210.00     1.3675
  38220.00     1.2658
  38230.00     0.7280
  38240.00     1.2828
  38250.00     1.1090
  38260.00     1.0862
  38270.00     0.8963
  38280.00     0.9322
  38290.00     1.1834
  38300.00     1.4242
  38310.00     0.9369
  38320.00     1.0766
  38330.00     1.1141
  38340.00     0.7920
  38350.00     1.1142
  38360.00     1.2657
  38370.00     1.2983
  38380.00     0.9227
  38390.00     1.1360
  38400.00     1.0162
  38410.00     1.0661
  38420.00     0.7854
  38430.00     1.2729
  38440.00     1.3664
  38450.00     1.1785
  38460.00     1.3086
  38470.00     0.9767
  38480.00     0.6538
  38490.00     0.7410
  38500.00     0.8700
  38510.00     0.8913
  38520.00     0.8345
  38530.00     1.0827
  38540.00     0.4431
  38550.00     1.2473
  38560.00     0.6854
  38570.00     0.4978
  38580.00     0.8345
  38590.00     1.2069
  38600.00     1.1602
  38610.00     0.8801
  38620.00     0.9829
  38630.00     1.3976
  38640.00     1.6751
  38650.00     1.5014
  38660.00     1.6772
  38670.00     0.7967
  38680.00     1.3473
  38690.00     1.3317
  38700.00     1.0995
  38710.00     0.7103
  38720.00     0.8733
  38730.00     1.3039
  38740.00     0.9366
  38750.00     0.7237
  38760.00     0.7810
  38770.00     1.3254
  38780.00     1.1507
  38790.00     0.7212
  38800.00     1.1512
  38810.00     0.8440
  38820.00     1.2778
  38830.00     1.1987
  38840.00     1.2534
  38850.00     0.9765
  38860.00     0.9991
  38870.00     0.9439
  38880.00     0.4058
  38890.00     1.3839
  38900.00     0.8964
  38910.00     1.0384
  38920.00     0.7021
  38930.00     0.9299
  38940.00     0.9247
  38950.00     0.9429
  38960.00     1.2751
  38970.00     0.7833
  38980.00     0.9511
  38990.00     0.9170
  39000.00     1.4978
  39010.00     0.9861
  39020.00     0.9832
  39030.00     0.7357
  39040.00     1.6241
  39050.00     1.1150
  39060.00     0.1873
  39070.00     0.6385
  39080.00     0.5569
  39090.00     1.1219
  39100.00     0.6062
  39110.00     0.6746
  39120.00     0.6574
  39130.00     0.2946
  39140.00     0.8276
  39150.00     1.2874
  39160.00     0.6833
  39170.00     0.7962
  39180.00     0.3979
  39190.00     0.7758
  39200.00     0.8273
  39210.00     0.6762
  39220.00     0.7679
  39230.00     0.8047
  39240.00     0.5593
  39250.00     1.0526
  39260.00     1.1260
  39270.00     1.0746
  39280.00     1.1201
  39290.00     0.9118
  39300.00     1.1250
  39310.00     0.4188
  39320.00     0.4299
  39330.00     1.4752
  39340.00     0.8234
  39350.00     0.6043
  39360.00     1.3443
  39370.00     1.1601
  39380.00     0.6510
  39390.00     1.6921
  39400.00     0.8575
  39410.00     0.6011
  39420.00     0.8356
  39430.00     0.9497
  39440.00     1.4184
  39450.00     0.6906
  39460.00     0.7861
  39470.00     0.5519
  39480.00     0.9983
  39490.00     1.2767
  39500.00     0.8882
  39510.00     0.7324
  39520.00     0.6518
  39530.00     0.9603
  39540.00     0.6855
  39550.00     0.7046
  39560.00     0.6550
  39570.00     0.6046
  39580.00     1.0504
  39590.00     1.0487
  39600.00     0.5923
  39610.00     0.9315
  39620.00     0.7158
  39630.00     0.9353
  39640.00     1.3804
  39650.00     0.9192
  39660.00     0.9140
  39670.00     1.0786
  39680.00     1.0230
  39690.00     0.9486
  39700.00     1.3582
  39710.00     0.7607
  39720.00     0.8929
  39730.00     0.9590
  39740.00     1.2504
  39750.00     0.9436
  39760.00     0.8980
  39770.00     0.9265
  39780.00     1.3638
  39790.00     0.9733
  39800.00     0.5266
  39810.00     0.6263
  39820.00     1.2887
  39830.00     1.0908
  39840.00     0.9978
  39850.00     1.0350
  39860.00     0.9376
  39870.00     0.9853
  39880.00     1.0456
  39890.00     1.3899
  39900.00     1.5227
  39910.00     0.8725
  39920.00     1.2296
  39930.00     1.5921
  39940.00     1.1112
  39950.00     0.7644
  39960.00     1.1892
  39970.00     0.9624
  39980.00     0.9063
  39990.00     0.9460
  40000.00     1.1138
  40010.00     1.5015
  40020.00     0.7134
  40030.00     0.9373
  40040.00     0.7903
  40050.00     0.6878
  40060.00     0.5400
  40070.00     0.9753
  40080.00     0.9307
  40090.00     1.1872
  40100.00     0.4828
  40110.00     0.7031
  40120.00     0.6037
  40130.00     0.4505
  40140.00     1.2610
  40150.00     0.3847
  40160.00     1.1544
  40170.00     0.6681
  40180.00     0.8847
  40190.00     1.2017
  40200.00     1.0486
  40210.00     1.1412
  40220.00     1.6114
  40230.00     1.2979
  40240.00     0.9706
  40250.00     1.4128
  40260.00     1.2998
  40270.00     0.8325
  40280.00     1.2877
  40290.00     1.3253
  40300.00     0.7623
  40310.00     0.8587
  40320.00     1.1332
  40330.00     1.0221
  40340.00     0.9086
  40350.00     0.7174
  40360.00     0.8862
  40370.00     0.7679
  40380.00     0.8295
  40390.00     0.9631
  40400.00     0.8803
  40410.00     0.9564
  40420.00     0.8389
  40430.00     1.5435
  40440.00     1.3138
  40450.00     1.0602
  40460.00     0.6034
  40470.00     0.3566
  40480.00     0.9460
  40490.00     1.3768
  40500.00     1.1726
  40510.00     1.2573
  40520.00     1.3307
  40530.00     1.0866
  40540.00     1.2570
  40550.00     1.0852
  40560.00     1.3214
  40570.00     0.9130
  40580.00     0.9840
  40590.00     1.0992
  40600.00     1.0566
  40610.00     0.9115
  40620.00     0.9363
  40630.00     1.0945
  40640.00     0.9033
  40650.00     1.3125
  40660.00     1.7490
  40670.00     1.5055
  40680.00     0.7100
  40690.00     0.9156
  40700.00     1.5606
  40710.00     0.8282
  40720.00     0.4426
  40730.00     1.4370
  40740.00     0.8313
  40750.00     1.0794
  40760.00     0.9925
  40770.00     1.0647
  40780.00     0.6121
  40790.00     0.6379
  40800.00     0.6693
  40810.00     1.1321
  40820.00     0.9636
  40830.00     0.8611
  40840.00     0.8888
  40850.00     0.7851
  40860.00     0.9516
  40870.00     1.0326
  40880.00     0.8753
  40890.00     1.1067
  40900.00     0.8976
  40910.00     0.8204
  40920.00     1.3160
  40930.00     0.9489
  40940.00     0.6071
  40950.00     0.6250
  40960.00     1.5275
  40970.00     0.9290
  40980.00     0.6502
  40990.00     1.0369
  41000.00     0.9542
  41010.00     1.0490
  41020.00     1.1700
  41030.00     1.0650
  41040.00     1.3576
  41050.00     1.2671
  41060.00     0.6036
  41070.00     1.1048
  41080.00     1.0633
  41090.00     0.8594
  41100.00     1.3390
  41110.00     0.9833
  41120.00     1.1791
  41130.00     0.7654
  41140.00     1.0985
  41150.00     1.0291
  41160.00     0.5345
  41170.00     1.1156
  41180.00     1.1742
  41190.00     1.4181
  41200.00     1.2179
  41210.00     1.0608
  41220.00     0.6392
  41230.00     1.6427
  41240.00     1.1147
  41250.00     1.0061
  41260.00     0.7983
  41270.00     1.1812
  41280.00     0.7662
  41290.00     1.0425
  41300.00     0.7240
  41310.00     1.0298
  41320.00     0.6810
  41330.00     0.9474
  41340.00     1.3771
  41350.00     1.4918
  41360.00     1.1005
  41370.00     1.4800
  41380.00     1.2898
  41390.00     0.9193
  41400.00     1.2471
  41410.00     1.0247
  41420.00     1.2409
  41430.00     1.2135
  41440.00     1.1540
  41450.00     1.3318
  41460.00     0.8185
  41470.00     0.9516
  41480.00     1.1715
  41490.00     1.0585
  41500.00     0.8689
  41510.00     1.2694
  41520.00     0.7635
  41530.00     0.9018
  41540.00     1.1323
  41550.00     1.2198
  41560.00     1.4266
  41570.00     1.3340
  41580.00     1.0030
  41590.00     1.1415
  41600.00     1.2223
  41610.00     0.9396
  41620.00     0.6060
  41630.00     1.3185
  41640.00     1.0388
  41650.00     0.7389
  41660.00     1.1480
  41670.00     0.5216
  41680.00     0.5208
  41690.00     1.2549
  41700.00     0.9533
  41710.00     0.6974
  41720.00     0.8954
  41730.00     1.3918
  41740.00     0.5427
  41750.00     1.1449
  41760.00     0.5599
  41770.00     1.6790
  41780.00     0.7360
  41790.00     1.1026
  41800.00     1.2405
  41810.00     1.1275
  41820.00     0.6781
  41830.00     1.1013
  41840.00     0.9218
  41850.00     0.8116
  41860.00     1.0155
  41870.00     0.8882
  41880.00     1.2372
  41890.00     0.9151
  41900.00     1.2217
  41910.00     1.0908
  41920.00     1.1157
  41930.00     0.8774
  41940.00     0.4899
  41950.00     1.2926
  41960.00     1.3535
  41970.00     0.9197
  41980.00     0.9134
  41990.00     1.1316
  42000.00     0.8483
  42010.00     0.6231
  42020.00     1.1952
  42030.00     1.4145
  42040.00     1.1634
  42050.00     0.6124
  42060.00     1.1852
  42070.00     1.6126
  42080.00     1.2147
  42090.00     0.8339
  42100.00     0.9962
  42110.00     0.8213
  42120.00     1.4033
  42130.00     1.7931
  42140.00     1.0683
  42150.00     0.8195
  42160.00     0.9036
  42170.00     0.8726
  42180.00     0.6501
  42190.00     0.6971
  42200.00     0.9193
  42210.00     0.7717
  42220.00     0.8462
  42230.00     1.5736
  42240.00     0.9879
  42250.00     0.7975
  42260.00     0.5767
  42270.00     0.7916
  42280.00     0.9226
  42290.00     1.5219
  42300.00     1.2588
  42310.00     0.9560
  42320.00     1.2690
  42330.00     0.5732
  42340.00     1.2203
  42350.00     1.5437
  42360.00     1.3774
  42370.00     1.3740
  42380.00     1.1895
  42390.00     0.9854
  42400.00     1.3211
  42410.00     1.2822
  42420.00     1.3409
  42430.00     0.9314
  42440.00     1.0760
  42450.00     0.5808
  42460.00     0.9589
  42470.00     0.9501
  42480.00     0.7121
  42490.00     1.0456
  42500.00     0.6681
  42510.00     1.0129
  42520.00     0.4360
  42530.00     0.8086
  42540.00     0.7142
  42550.00     0.5455
  42560.00     0.7368
  42570.00     1.1286
  42580.00     1.2768
  42590.00     1.1779
  42600.00     1.1897
  42610.00     0.8036
  42620.00     1.3598
  42630.00     1.2877
  42640.00     0.8965
  42650.00     0.9058
  42660.00     0.7165
  42670.00     0.7809
  42680.00     1.0789
  42690.00     0.8184
  42700.00     1.0821
  42710.00     0.9739
  42720.00     1.2111
  42730.00     0.8712
  42740.00     1.3056
  42750.00     1.3804
  42760.00     0.7730
  42770.00     0.8374
  42780.00     0.8084
  42790.00     0.9978
  42800.00     1.0513
  42810.00     0.8402
  42820.00     0.8910
  42830.00     0.9193
  42840.00     1.4043
  42850.00     0.8101
  42860.00     0.1833
  42870.00     0.7320
  42880.00     0.8440
  42890.00     0.9331
  42900.00     1.5122
  42910.00     0.8331
  42920.00     1.1746
  42930.00     0.5467
  42940.00     1.0865
  42950.00     0.6226
  42960.00     0.7552
  42970.00     1.9288
  42980.00     1.1468
  42990.00     0.9541
  43000.00     1.2926
  43010.00     1.4526
  43020.00     1.6208
  43030.00     1.1289
  43040.00     1.1569
  43050.00     1.5046
  43060.00     0.7893
  43070.00     0.9211
  43080.00     1.2066
  43090.00     1.1702
  43100.00     0.8755
  43110.00     0.8812
  43120.00     0.5090
  43130.00     1.2526
  43140.00     0.4494
  43150.00     1.3462
  43160.00     1.0664
  43170.00     0.7234
  43180.00     1.1146
  43190.00     1.0308
  43200.00     0.9075
  43210.00     1.4683
  43220.00     1.2695
  43230.00     0.9815
  43240.00     0.7999
  43250.00     1.5487
  43260.00     1.0852
  43270.00     0.8466
  43280.00     0.6615
  43290.00     0.8280
  43300.00     0.9613
  43310.00     0.8633
  43320.00     1.2708
  43330.00     0.9847
  43340.00     1.6537
  43350.00     1.4682
  43360.00     1.3518
  43370.00     1.6171
  43380.00     1.3069
  43390.00     0.5369
  43400.00     1.2828
  43410.00     1.4350
  43420.00     0.7007
  43430.00     1.1896
  43440.00     0.7199
  43450.00     1.0098
  43460.00     1.0461
  43470.00     0.9663
  43480.00     0.7008
  43490.00     0.3814
  43500.00     0.7798
  43510.00     1.5386
  43520.00     1.4028
  43530.00     0.9040
  43540.00     0.8513
  43550.00     1.6152
  43560.00     1.1530
  43570.00     0.5309
  43580.00     0.9624
  43590.00     1.2542
  43600.00     1.5112
  43610.00     1.2984
  43620.00     1.0361
  43630.00     0.9465
  43640.00     1.4931
  43650.00     1.0646
  43660.00     1.1706
  43670.00     0.8765
  43680.00     0.8329
  43690.00     1.6463
  43700.00     1.0254
  43710.00     1.3038
  43720.00     1.3939
  43730.00     0.9472
  43740.00     1.0334
  43750.00     1.1022
  43760.00     0.6521
  43770.00     0.9305
  43780.00     1.3454
  43790.00     1.1543
  43800.00     0.6926
  43810.00     0.9353
  43820.00     0.6536
  43830.00     0.2251
  43840.00     1.3015
  43850.00     1.1996
  43860.00     1.5347
  43870.00     1.0247
  43880.00     0.8091
  43890.00     1.2099
  43900.00     1.1273
  43910.00     0.7973
  43920.00     1.1982
  43930.00     1.1607
  43940.00     1.5202
  43950.00     1.0054
  43960.00     0.7136
  43970.00     1.0804
  43980.00     1.0452
  43990.00     0.6335
  44000.00     1.4733
  44010.00     0.9286
  44020.00     1.5855
  44030.00     1.3670
  44040.00     1.2422
  44050.00     1.4791
  44060.00     0.5902
  44070.00     1.0914
  44080.00     0.9780
  44090.00     1.1602
  44100.00     1.3541
  44110.00     0.7376
  44120.00     1.5450
  44130.00     0.9695
  44140.00     0.6121
  44150.00     1.1879
  44160.00     0.8647
  44170.00     0.4311
  44180.00     1.1652
  44190.00     1.1723
  44200.00     1.0025
  44210.00     1.2260
  44220.00     1.1318
  44230.00     1.5085
  44240.00     1.0813
  44250.00     1.1486
  44260.00     1.5244
  44270.00     0.9624
  44280.00     0.8941
  44290.00     1.1549
  44300.00     0.8204
  44310.00     0.8767
  44320.00     1.1311
  44330.00     1.1831
  44340.00     0.8863
  44350.00     1.6362
  44360.00     1.1800
  44370.00     1.0387
  44380.00     1.2814
  44390.00     0.7145
  44400.00     1.0813
  44410.00     1.1009
  44420.00     1.1007
  44430.00     1.0794
  44440.00     1.3760
  44450.00     1.0641
  44460.00     1.2969
  44470.00     1.2747
  44480.00     0.9633
  44490.00     1.3158
  44500.00     1.0119
  44510.00     0.8186
  44520.00     0.9763
  44530.00     0.8934
  44540.00     0.8588
  44550.00     0.8989
  44560.00     0.9314
  44570.00     0.9294
  44580.00     1.0716
  44590.00     1.0304
  44600.00     0.7840
  44610.00     0.9930
  44620.00     0.9255
  44630.00     1.2039
  44640.00     1.3774
  44650.00     1.2319
  44660.00     1.1597
  44670.00     0.8475
  44680.00     0.4293
  44690.00     0.8269
  44700.00     0.5650
  44710.00     0.1689
  44720.00     0.8786
  44730.00     1.0758
  44740.00     1.2385
  44750.00     0.7616
  44760.00     0.8008
  44770.00     0.5144
  44780.00     1.1598
  44790.00     1.1778
  44800.00     1.0997
  44810.00     0.9646
  44820.00     0.7825
  44830.00     1.1282
  44840.00     0.9228
  44850.00     1.1044
  44860.00     0.8782
  44870.00     0.9950
  44880.00     1.6767
  44890.00     1.1073
  44900.00     1.4447
  44910.00     1.3925
  44920.00     1.0266
  44930.00     1.0266
  44940.00     1.5093
  44950.00     0.6528
  44960.00     0.9804
  44970.00     1.0264
  44980.00     0.8611
  44990.00     1.1873
  45000.00     1.1667
  45010.00     0.7696
  45020.00     1.0204
  45030.00     1.1957
  45040.00     0.4733
  45050.00     1.2165
  45060.00     1.4668
  45070.00     1.0774
  45080.00     0.8841
  45090.00     0.8707
  45100.00     1.2410
  45110.00     0.5614
  45120.00     0.9324
  45130.00     1.2220
  45140.00     1.1899
  45150.00     0.8641
  45160.00     0.9141
  45170.00     0.8008
  45180.00     0.7184
  45190.00     1.1766
  45200.00     1.6090
  45210.00     1.2209
  45220.00     0.9007
  45230.00     1.2257
  45240.00     1.4125
  45250.00     1.2054
  45260.00     0.9697
  45270.00     0.9593
  45280.00     0.5257
  45290.00     0.8310
  45300.00     0.8210
  45310.00     1.1366
  45320.00     0.9033
  45330.00     1.0774
  45340.00     0.8355
  45350.00     0.7760
  45360.00     0.9201
  45370.00     0.8986
  45380.00     1.1172
  45390.00     0.8601
  45400.00     0.1174
  45410.00     0.6541
  45420.00     0.9775
  45430.00     1.2653
  45440.00     0.7799
  45450.00     0.3064
  45460.00     0.9429
  45470.00     0.9005
  45480.00     1.3355
  45490.00     1.3437
  45500.00     1.1282
  45510.00     1.3324
  45520.00     0.8609
  45530.00     1.1042
  45540.00     0.6650
  45550.00     1.1269
  45560.00     1.1793
  45570.00     1.2967
  45580.00     0.6456
  45590.00     0.4897
  45600.00     0.6396
  45610.00     1.4366
  45620.00     1.1832
  45630.00     1.0129
  45640.00     0.9682
  45650.00     0.8109
  45660.00     0.7858
  45670.00     0.5244
  45680.00     0.7657
  45690.00     0.7424
  45700.00     0.7293
  45710.00     1.2708
  45720.00     1.4583
  45730.00     0.5881
  45740.00     0.8671
  45750.00     1.3673
  45760.00     1.1763
  45770.00     0.8015
  45780.00     0.9527
  45790.00     1.1010
  45800.00     0.8422
  45810.00     1.0061
  45820.00     1.0436
  45830.00     0.7685
  45840.00     1.1797
  45850.00     0.9329
  45860.00     1.2897
  45870.00     1.0548
  45880.00     0.7393
  45890.00     0.7410
  45900.00     1.3670
  45910.00     1.4105
  45920.00     0.9097
  45930.00     1.6509
  45940.00     1.4080
  45950.00     1.3920
  45960.00     0.7934
  45970.00     1.3075
  45980.00     0.8151
  45990.00     1.1135
  46000.00     1.0119
  46010.00     1.2698
  46020.00     0.9910
  46030.00     1.4132
  46040.00     1.2781
  46050.00     1.3914
  46060.00     1.0851
  46070.00     1.3539
  46080.00     0.8859
  46090.00     1.1108
  46100.00     1.1068
  46110.00     1.1101
  46120.00     0.6116
  46130.00     0.6884
  46140.00     1.0695
  46150.00     1.1294
  46160.00     0.7657
  46170.00     0.3623
  46180.00     0.8879
  46190.00     1.4480
  46200.00     1.7846
  46210.00     0.7510
  46220.00     1.1646
  46230.00     1.0020
  46240.00     1.2218
  46250.00     0.8992
  46260.00     0.7170
  46270.00     1.4272
  46280.00     1.1064
  46290.00     1.1260
  46300.00     0.2855
  46310.00     0.7593
  46320.00     0.7084
  46330.00     0.8989
  46340.00     0.9200
  46350.00     0.9470
  46360.00     0.8844
  46370.00     0.7903
  46380.00     0.9473
  46390.00     0.4335
  46400.00     1.0913
  46410.00     0.6416
  46420.00     1.1089
  46430.00     0.7681
  46440.00     0.3276
  46450.00     1.0220
  46460.00     1.0155
  46470.00     1.0411
  46480.00     1.0050
  46490.00     1.1607
  46500.00     0.9041
  46510.00     1.0005
  46520.00     0.8633
  46530.00     1.3744
  46540.00     1.2548
  46550.00     0.9203
  46560.00     1.2881
  46570.00     0.8754
  46580.00     0.5295
  46590.00     0.6903
  46600.00     1.0653
  46610.00     1.1287
  46620.00     1.0622
  46630.00     1.3216
  46640.00     1.1311
  46650.00     1.2539
  46660.00     1.3907
  46670.00     0.8367
  46680.00     1.1424
  46690.00     0.9026
  46700.00     0.7245
  46710.00     0.8900
  46720.00     1.5106
  46730.00     1.4159
  46740.00     1.7564
  46750.00     1.1914
  46760.00     0.7294
  46770.00     0.8186
  46780.00     0.6472
  46790.00     1.3183
  46800.00     1.1009
  46810.00     0.5576
  46820.00     0.9393
  46830.00     1.1870
  46840.00     1.0490
  46850.00     0.6436
  46860.00     0.5361
  46870.00     0.8498
  46880.00     1.2240
  46890.00     1.1644
  46900.00     0.9241
  46910.00     1.2954
  46920.00     0.9570
  46930.00     1.0241
  46940.00     0.8271
  46950.00     1.1662
  46960.00     1.1764
  46970.00     0.9157
  46980.00     1.1400
  46990.00     1.2725
  47000.00     1.5111
  47010.00     1.2535
  47020.00     1.5358
  47030.00     0.7928
  47040.00     0.8473
  47050.00     1.2345
  47060.00     0.8348
  47070.00     1.0082
  47080.00     0.8108
  47090.00     1.2326
  47100.00     1.2615
  47110.00     0.5034
  47120.00     1.3076
  47130.00     0.7710
  47140.00     1.5937
  47150.00     1.2497
  47160.00     1.1074
  47170.00     1.2465
  47180.00     1.2193
  47190.00     0.6373
  47200.00     1.1421
  47210.00     0.9529
  47220.00     0.9134
  47230.00     1.5064
  47240.00     1.1630
  47250.00     1.0271
  47260.00     1.3620
  47270.00     0.7512
  47280.00     0.8904
  47290.00     0.9379
  47300.00     0.9451
  47310.00     0.3405
  47320.00     0.3787
  47330.00     0.8437
  47340.00     1.2163
  47350.00     1.1212
  47360.00     0.9224
  47370.00     0.6591
  47380.00     0.8254
  47390.00     1.3533
  47400.00     1.3331
  47410.00     0.9787
  47420.00     0.8915
  47430.00     0.8055
  47440.00     1.0716
  47450.00     1.0550
  47460.00     0.8001
  47470.00     0.5405
  47480.00     0.7928
  47490.00     0.6443
  47500.00     0.9580
  47510.00     0.6814
  47520.00     0.8694
  47530.00     1.0956
  47540.00     0.6899
  47550.00     0.5311
  47560.00     0.9199
  47570.00     0.7339
  47580.00     0.7905
  47590.00     0.5582
  47600.00     0.4632
  47610.00     1.1657
  47620.00     1.0302
  47630.00     1.5096
  47640.00     0.6635
  47650.00     1.8638
  47660.00     0.7645
  47670.00     1.1222
  47680.00     0.9596
  47690.00     0.7118
  47700.00     1.6375
  47710.00     0.4756
  47720.00     0.9382
  47730.00     0.8038
  47740.00     0.6969
  47750.00     1.0381
  47760.00     0.6817
  47770.00     1.0409
  47780.00     0.8950
  47790.00     1.2366
  47800.00     0.5674
  47810.00     0.9626
  47820.00     1.1784
  47830.00     1.0727
  47840.00     0.9722
  47850.00     0.9760
  47860.00     0.9391
  47870.00     1.1841
  47880.00     1.2171
  47890.00     0.7739
  47900.00     1.1898
  47910.00     0.8197
  47920.00     0.8049
  47930.00     0.7898
  47940.00     1.2820
  47950.00     1.1414
  47960.00     0.9934
  47970.00     0.7240
  47980.00     0.7658
  47990.00     0.7483
  48000.00     0.9226
  48010.00     0.8370
  48020.00     0.8929
  48030.00     0.7501
  48040.00     1.0134
  48050.00     1.3425
  48060.00     1.2063
  48070.00     0.6507
  48080.00     1.0785
  48090.00     1.0931
  48100.00     1.0529
  48110.00     1.2484
  48120.00     1.4405
  48130.00     0.6883
  48140.00     1.2300
  48150.00     1.5841
  48160.00     0.5777
  48170.00     0.8786
  48180.00     1.1966
  48190.00     0.3154
  48200.00     1.4953
  48210.00     1.2389
  48220.00     0.9608
  48230.00     0.9756
  48240.00     0.9153
  48250.00     1.6735
  48260.00     0.8338
  48270.00     0.5469
  48280.00     0.8942
  48290.00     0.7783
  48300.00     0.9593
  48310.00     0.8398
  48320.00     0.9577
  48330.00     1.0440
  48340.00     1.2426
  48350.00     0.9786
  48360.00     1.2259
  48370.00     0.7326
  48380.00     1.0105
  48390.00     1.1583
  48400.00     0.9512
  48410.00     1.2838
  48420.00     0.8157
  48430.00     1.0953
  48440.00     1.1058
  48450.00     1.6422
  48460.00     0.5673
  48470.00     1.0203
  48480.00     0.9602
  48490.00     1.0816
  48500.00     0.9669
  48510.00     0.7928
  48520.00     1.6015
  48530.00     0.7896
  48540.00     1.1613
  48550.00     0.2744
  48560.00     0.8706
  48570.00     0.9386
  48580.00     1.0458
  48590.00     0.9536
  48600.00     1.3250
  48610.00     1.2997
  48620.00     1.1075
  48630.00     1.1900
  48640.00     1.0796
  48650.00     1.0843
  48660.00     0.5529
  48670.00     0.8119
  48680.00     1.0273
  48690.00     1.0234
  48700.00     1.5999
  48710.00     1.1444
  48720.00     1.1046
  48730.00     0.9637
  48740.00     1.0707
  48750.00     0.7194
  48760.00     0.7857
  48770.00     0.8840
  48780.00     0.8216
  48790.00     1.4106
  48800.00     0.9629
  48810.00     0.6620
  48820.00     1.1651
  48830.00     0.8903
  48840.00     0.8466
  48850.00     0.6660
  48860.00     0.7265
  48870.00     0.8657
  48880.00     0.8733
  48890.00     0.6503
  48900.00     0.9326
  48910.00     1.1502
  48920.00     1.0448
  48930.00     1.2218
  48940.00     1.1396
  48950.00     0.9060
  48960.00     1.0424
  48970.00     1.5533
  48980.00     1.2342
  48990.00     0.7687
  49000.00     1.0200
  49010.00     1.0296
  49020.00     1.1024
  49030.00     1.3331
  49040.00     1.2666
  49050.00     0.9812
  49060.00     1.1738
  49070.00     1.2356
  49080.00     1.4209
  49090.00     0.9624
  49100.00     0.5138
  49110.00     0.7389
  49120.00     0.8622
  49130.00     0.4891
  49140.00     0.7781
  49150.00     0.4215
  49160.00     0.8990
  49170.00     1.3285
  49180.00     1.0233
  49190.00     1.2919
  49200.00     1.1358
  49210.00     0.6618
  49220.00     0.9437
  49230.00     1.1994
  49240.00     1.0195
  49250.00     0.6569
  49260.00     0.7380
  49270.00     0.9601
  49280.00     0.7951
  49290.00     1.0625
  49300.00     1.2516
  49310.00     1.0739
  49320.00     1.7566
  49330.00     0.9363
  49340.00     0.7024
  49350.00     1.1173
  49360.00     0.9750
  49370.00     0.8018
  49380.00     1.3154
  49390.00     0.7112
  49400.00     0.9528
  49410.00     1.0306
  49420.00     0.5015
  49430.00     0.8040
  49440.00     1.0359
  49450.00     0.6643
  49460.00     1.1946
  49470.00     1.7562
  49480.00     0.6765
  49490.00     1.1155
  49500.00     0.8068
  49510.00     0.8110
  49520.00     1.1325
  49530.00     0.8796
  49540.00     1.1382
  49550.00     0.7917
  49560.00     1.0166
  49570.00     1.3904
  49580.00     0.9727
  49590.00     1.2010
  49600.00     1.0763
  49610.00     0.8442
  49620.00     1.0130
  49630.00     0.9909
  49640.00     1.1729
  49650.00     1.5850
  49660.00     0.8171
  49670.00     0.9969
  49680.00     1.0835
  49690.00     1.0332
  49700.00     0.9146
  49710.00     0.6973
  49720.00     1.2262
  49730.00     1.0160
  49740.00     1.0387
  49750.00     0.8541
  49760.00     1.0926
  49770.00     1.3461
  49780.00     0.5252
  49790.00     0.5928
  49800.00     0.5388
  49810.00     0.9352
  49820.00     1.0055
  49830.00     0.8953
  49840.00     1.2181
  49850.00     1.0483
  49860.00     1.1485
  49870.00     1.2263
  49880.00     1.0143
  49890.00     0.9544
  49900.00     1.2877
  49910.00     1.3794
  49920.00     0.6307
  49930.00     1.5357
  49940.00     0.8044
  49950.00     1.1094
  49960.00     0.7879
  49970.00     0.7241
  49980.00     1.1028
  49990.00     1.1610
  50000.00     0.9124
