     10.00     9.1943
     20.00     8.7610
     30.00     9.5975
     40.00     9.2859
     50.00     9.1771
     60.00     8.6734
     70.00     9.0225
     80.00     9.4213
     90.00     8.5923
    100.00     8.9601
    110.00     9.0566
    120.00     8.9974
    130.00     8.5262
    140.00     8.7228
    150.00     8.3855
    160.00     9.5121
    170.00     8.8984
    180.00     9.0052
    190.00     9.3987
    200.00     9.5981
    210.00     9.0819
    220.00     9.2402
    230.00     8.9513
    240.00     8.8850
    250.00     9.3034
    260.00     9.0355
    270.00     9.5235
    280.00     8.9500
    290.00     9.0125
    300.00     8.8391
    310.00     9.0195
    320.00     9.0233
    330.00     9.5774
    340.00     8.7449
    350.00     9.0821
    360.00     8.6887
    370.00     8.9688
    380.00     8.9981
    390.00     9.2520
    400.00     9.1812
    410.00     9.1132
    420.00     8.4586
    430.00     9.2934
    440.00     8.6554
    450.00     9.0899
    460.00     8.9979
    470.00     9.2572
    480.00     9.2392
    490.00     8.7768
    500.00     9.5376
    510.00     9.1868
    520.00     8.9721
    530.00     9.2596
    540.00     8.4879
    550.00     9.2889
    560.00     9.1035
    570.00     9.2741
    580.00     9.2746
    590.00     9.0198
    600.00     9.0502
    610.00     8.5535
    620.00     9.0139
    630.00     8.8927
    640.00     9.3519
    650.00     8.7475
    660.00     9.6436
    670.00     8.8528
    680.00     8.4566
    690.00     9.6085
    700.00     9.0986
    710.00     8.7887
    720.00     9.0651
    730.00     9.0150
    740.00     9.4650
    750.00     8.9302
    760.00     8.9886
    770.00     9.3943
    780.00     8.9732
    790.00     8.8406
    800.00     8.6743
    810.00     8.7732
    820.00     8.8205
    830.00     9.0160
    840.00     9.0738
    850.00     9.0075
    860.00     9.5357
    870.00     8.7468
    880.00     8.7373
    890.00     9.0524
    900.00     8.8068
    910.00     8.9670
    920.00     8.6226
    930.00     8.7605
    940.00     8.8238
    950.00     9.1420
    960.00     9.0369
    970.00     9.0718
    980.00     9.3631
    990.00     8.8952
   1000.00     8.7449
   1010.00     8.7215
   1020.00     8.9228
   1030.00     9.3986
   1040.00     8.6894
   1050.00     8.9239
   1060.00     9.0621
   1070.00     8.7084
   1080.00     8.7742
   1090.00     8.7533
   1100.00     9.1735
   1110.00     8.5713
   1120.00     9.4264
   1130.00     8.7845
   1140.00     9.0540
   1150.00     8.9145
   1160.00     8.9255
   1170.00     9.2910
   1180.00     8.9840
   1190.00     8.9509
   1200.00     9.0295
   1210.00     8.5781
   1220.00     8.8466
   1230.00     9.5459
   1240.00     9.0745
   1250.00     8.5435
   1260.00     8.8786
   1270.00     8.6047
   1280.00     9.0472
   1290.00     8.8470
   1300.00     8.8079
   1310.00     8.8476
   1320.00     9.2419
   1330.00     8.9011
   1340.00     8.8771
   1350.00     8.8367
   1360.00     9.2203
   1370.00     9.1785
   1380.00     8.5456
   1390.00     9.1972
   1400.00     9.2654
   1410.00     9.0853
   1420.00     9.2845
   1430.00     8.5813
   1440.00     9.2847
   1450.00     9.1831
   1460.00     8.5211
   1470.00     9.2097
   1480.00     9.0806
   1490.00     9.4186
   1500.00     9.1503
   1510.00     9.3367
   1520.00     9.1072
   1530.00     8.9099
   1540.00     8.7308
   1550.00     8.8890
   1560.00     9.2346
   1570.00     9.1171
   1580.00     8.7973
   1590.00     9.2153
   1600.00     9.0709
   1610.00     9.3240
   1620.00     9.4479
   1630.00     8.9719
   1640.00     9.4523
   1650.00     9.1564
   1660.00     8.7907
   1670.00     8.8306
   1680.00     8.7151
   1690.00     8.8580
   1700.00     8.9976
   1710.00     8.8287
   1720.00     9.1125
   1730.00     8.9822
   1740.00     9.4262
   1750.00     8.8183
   1760.00     9.2457
   1770.00     9.1720
   1780.00     9.1309
   1790.00     8.8339
   1800.00     9.2190
   1810.00     9.5966
   1820.00     9.2469
   1830.00     8.6003
   1840.00     9.4378
   1850.00     8.7697
   1860.00     8.9175
   1870.00     9.1076
   1880.00     8.9930
   1890.00     8.9068
   1900.00     8.7384
   1910.00     9.4827
   1920.00     8.7599
   1930.00     9.2602
   1940.00     8.9132
   1950.00     9.0501
   1960.00     8.9456
   1970.00     8.9696
   1980.00     9.0328
   1990.00     9.1112
   2000.00     9.2029
   2010.00     9.3242
   2020.00     8.6251
   2030.00     9.1666
   2040.00     9.3075
   2050.00     8.8211
   2060.00     8.7232
   2070.00     9.1634
   2080.00     8.5972
   2090.00     9.0408
   2100.00     8.9640
   2110.00     8.6867
   2120.00     8.6283
   2130.00     8.9236
   2140.00     8.8302
   2150.00     9.1443
   2160.00     9.3443
   2170.00     8.7771
   2180.00     8.6604
   2190.00     8.6197
   2200.00     8.8894
   2210.00     8.8555
   2220.00     8.9352
   2230.00     9.4029
   2240.00     9.0606
   2250.00     8.8407
   2260.00     8.8699
   2270.00     9.2283
   2280.00     8.9735
   2290.00     9.2800
   2300.00     8.7355
   2310.00     9.3325
   2320.00     9.2247
   2330.00     9.8561
   2340.00     9.2458
   2350.00     9.4188
   2360.00     9.0075
   2370.00     9.1975
   2380.00     8.5454
   2390.00     8.9459
   2400.00     9.4436
   2410.00     9.3574
   2420.00     9.5012
   2430.00     8.8279
   2440.00     9.2181
   2450.00     8.7002
   2460.00     9.1391
   2470.00     9.3802
   2480.00     9.1861
   2490.00     9.0873
   2500.00     8.4923
   2510.00     9.3956
   2520.00     9.5196
   2530.00     9.3935
   2540.00     9.4356
   2550.00     9.3616
   2560.00     8.9517
   2570.00     9.7315
   2580.00     9.0947
   2590.00     8.6118
   2600.00     9.1843
   2610.00     8.9359
   2620.00     9.2412
   2630.00     8.8440
   2640.00     8.9941
   2650.00     8.7014
   2660.00     9.3949
   2670.00     9.0117
   2680.00     9.1085
   2690.00     8.8863
   2700.00     9.2246
   2710.00     9.3153
   2720.00     9.1059
   2730.00     8.9114
   2740.00     9.3035
   2750.00     9.7511
   2760.00     8.8713
   2770.00     9.0583
   2780.00     8.8770
   2790.00     8.8663
   2800.00     8.5597
   2810.00     9.2051
   2820.00     9.0008
   2830.00     8.9893
   2840.00     8.9682
   2850.00     9.2049
   2860.00     9.2237
   2870.00     9.6924
   2880.00     8.9217
   2890.00     8.5942
   2900.00     9.4853
   2910.00     8.4059
   2920.00     8.6775
   2930.00     8.9729
   2940.00     9.0476
   2950.00     9.0591
   2960.00     8.9870
   2970.00     9.2786
   2980.00     8.9145
   2990.00     9.5575
   3000.00     9.3434
   3010.00     9.1902
   3020.00     9.3056
   3030.00     9.0878
   3040.00     8.9918
   3050.00     9.0067
   3060.00     9.1956
   3070.00     9.2428
   3080.00     8.4913
   3090.00     9.2977
   3100.00     8.7200
   3110.00     8.8108
   3120.00     8.6604
   3130.00     9.0575
   3140.00     9.1413
   3150.00     9.2535
   3160.00     9.3369
   3170.00     9.4784
   3180.00     9.0404
   3190.00     8.6952
   3200.00     8.8869
   3210.00     9.3007
   3220.00     9.0412
   3230.00     9.5912
   3240.00     8.9368
   3250.00     9.0920
   3260.00     8.9461
   3270.00     9.0935
   3280.00     9.1590
   3290.00     9.2236
   3300.00     9.1899
   3310.00     9.1472
   3320.00     8.9503
   3330.00     8.7296
   3340.00     8.4320
   3350.00     8.6364
   3360.00     9.1316
   3370.00     8.5524
   3380.00     8.6460
   3390.00     9.5226
   3400.00     9.2598
   3410.00     9.5154
   3420.00     8.7982
   3430.00     9.3689
   3440.00     9.1126
   3450.00     8.9111
   3460.00     8.7545
   3470.00     8.9201
   3480.00     9.2412
   3490.00     9.1925
   3500.00     8.7300
   3510.00     8.8119
   3520.00     8.9055
   3530.00     8.7458
   3540.00     8.6861
   3550.00     9.2314
   3560.00     9.2355
   3570.00     9.0906
   3580.00     8.9246
   3590.00     8.6794
   3600.00     9.4005
   3610.00     9.0570
   3620.00     9.0912
   3630.00     8.9466
   3640.00     9.1613
   3650.00     9.0752
   3660.00     9.2272
   3670.00     9.4283
   3680.00     9.0843
   3690.00     9.3780
   3700.00     9.1669
   3710.00     9.3648
   3720.00     8.9590
   3730.00     9.4642
   3740.00     9.1655
   3750.00     8.3893
   3760.00     9.0144
   3770.00     9.3899
   3780.00     9.0254
   3790.00     8.9142
   3800.00     8.9657
   3810.00     8.9680
   3820.00     9.0445
   3830.00     8.9250
   3840.00     9.1303
   3850.00     9.0082
   3860.00     8.1484
   3870.00     8.8864
   3880.00     8.7026
   3890.00     9.1496
   3900.00     8.9053
   3910.00     9.3210
   3920.00     8.5086
   3930.00     9.0720
   3940.00     9.0584
   3950.00     9.4059
   3960.00     8.5724
   3970.00     8.6910
   3980.00     9.4179
   3990.00     9.0338
   4000.00     8.9526
   4010.00     9.3115
   4020.00     9.3023
   4030.00     9.1384
   4040.00     9.2496
   4050.00     8.7136
   4060.00     8.5683
   4070.00     9.3193
   4080.00     8.8975
   4090.00     9.2194
   4100.00     9.0868
   4110.00     8.9822
   4120.00     9.4052
   4130.00     8.8139
   4140.00     9.1307
   4150.00     8.8301
   4160.00     9.1983
   4170.00     8.9368
   4180.00     9.1956
   4190.00     9.0683
   4200.00     8.6484
   4210.00     8.9496
   4220.00     8.8023
   4230.00     9.1656
   4240.00     8.7404
   4250.00     8.7647
   4260.00     8.9642
   4270.00     9.0342
   4280.00     8.9935
   4290.00     9.4355
   4300.00     8.9911
   4310.00     9.0526
   4320.00     9.0681
   4330.00     8.5855
   4340.00     9.4643
   4350.00     9.1536
   4360.00     8.7869
   4370.00     9.2244
   4380.00     9.2780
   4390.00     9.0872
   4400.00     8.7631
   4410.00     9.4279
   4420.00     8.8533
   4430.00     9.2525
   4440.00     9.1719
   4450.00     8.7577
   4460.00     9.0710
   4470.00     9.1318
   4480.00     9.1081
   4490.00     9.3328
   4500.00     8.9327
   4510.00     8.9564
   4520.00     8.9231
   4530.00     8.6671
   4540.00     9.0106
   4550.00     9.8362
   4560.00     9.0689
   4570.00     9.1572
   4580.00     8.8302
   4590.00     9.2512
   4600.00     8.9494
   4610.00     9.2434
   4620.00     8.9315
   4630.00     9.3674
   4640.00     8.8459
   4650.00     8.8585
   4660.00     8.6910
   4670.00     9.3809
   4680.00     8.6652
   4690.00     9.0921
   4700.00     9.0181
   4710.00     9.2589
   4720.00     8.7763
   4730.00     9.5055
   4740.00     9.6869
   4750.00     8.9806
   4760.00     8.7473
   4770.00     8.9565
   4780.00     9.4898
   4790.00     9.5428
   4800.00     8.9347
   4810.00     8.8531
   4820.00     8.8769
   4830.00     9.0018
   4840.00     9.4119
   4850.00     8.9710
   4860.00     8.9390
   4870.00     8.4273
   4880.00     8.8670
   4890.00     9.0386
   4900.00     9.1696
   4910.00     9.0914
   4920.00     9.2653
   4930.00     9.5919
   4940.00     9.1266
   4950.00     9.1068
   4960.00     9.0874
   4970.00     8.9664
   4980.00     8.9588
   4990.00     9.1390
   5000.00     8.9616
   5010.00     8.8886
   5020.00     8.9954
   5030.00     9.2231
   5040.00     9.1525
   5050.00     9.4273
   5060.00     9.3861
   5070.00     9.0351
   5080.00     9.1044
   5090.00     9.4939
   5100.00     9.4365
   5110.00     9.1435
   5120.00     8.9566
   5130.00     9.6439
   5140.00     8.8543
   5150.00     9.0188
   5160.00     8.8736
   5170.00     9.2339
   5180.00     9.0536
   5190.00     9.5394
   5200.00     9.1394
   5210.00     8.9809
   5220.00     8.9113
   5230.00     8.9776
   5240.00     9.1618
   5250.00     8.5367
   5260.00     8.5685
   5270.00     9.1996
   5280.00     9.2009
   5290.00     9.0060
   5300.00     8.8436
   5310.00     8.9865
   5320.00     9.0402
   5330.00     9.0809
   5340.00     8.6331
   5350.00     8.7681
   5360.00     8.5522
   5370.00     8.7129
   5380.00     9.2080
   5390.00     8.8696
   5400.00     8.8270
   5410.00     8.7315
   5420.00     9.1862
   5430.00     9.5499
   5440.00     9.2998
   5450.00     9.0921
   5460.00     8.9356
   5470.00     8.6759
   5480.00     9.0610
   5490.00     9.0233
   5500.00     8.7788
   5510.00     8.8124
   5520.00     8.9874
   5530.00     8.4061
   5540.00     8.6050
   5550.00     9.3299
   5560.00     9.1726
   5570.00     9.5909
   5580.00     9.2071
   5590.00     9.6976
   5600.00     9.2028
   5610.00     9.1814
   5620.00     9.1851
   5630.00     9.4919
   5640.00     9.3642
   5650.00     9.7534
   5660.00     8.9555
   5670.00     9.1665
   5680.00     9.0987
   5690.00     9.8948
   5700.00     9.3250
   5710.00     9.4110
   5720.00     9.3689
   5730.00     9.1452
   5740.00     9.1392
   5750.00     9.6563
   5760.00     9.4005
   5770.00     9.3061
   5780.00     9.4232
   5790.00     8.9404
   5800.00     9.2461
   5810.00     8.8152
   5820.00     9.0949
   5830.00     9.1699
   5840.00     9.3935
   5850.00     9.3355
   5860.00     9.4610
   5870.00     9.2335
   5880.00     8.8675
   5890.00     9.3719
   5900.00     9.1396
   5910.00     9.0139
   5920.00     8.9951
   5930.00     9.0413
   5940.00     8.9279
   5950.00     9.3166
   5960.00     8.5852
   5970.00     8.6724
   5980.00     9.1296
   5990.00     9.1494
   6000.00     9.2314
   6010.00     9.1009
   6020.00     8.9547
   6030.00     8.5294
   6040.00     8.9028
   6050.00     9.2244
   6060.00     9.4182
   6070.00     8.5050
   6080.00     9.3603
   6090.00     9.2198
   6100.00     9.1509
   6110.00     9.3027
   6120.00     9.4744
   6130.00     9.3449
   6140.00     9.0424
   6150.00     8.9419
   6160.00     9.0126
   6170.00     8.6493
   6180.00     9.0810
   6190.00     9.2363
   6200.00     9.1227
   6210.00     8.8390
   6220.00     9.1193
   6230.00     8.7755
   6240.00     9.0464
   6250.00     8.9064
   6260.00     8.7915
   6270.00     9.0163
   6280.00     8.8679
   6290.00     8.6077
   6300.00     9.1418
   6310.00     9.3091
   6320.00     9.2014
   6330.00     9.1740
   6340.00     8.7558
   6350.00     8.8279
   6360.00     8.7591
   6370.00     9.3194
   6380.00     8.8476
   6390.00     8.7348
   6400.00     9.7503
   6410.00     9.1187
   6420.00     9.1368
   6430.00     9.2739
   6440.00     9.0717
   6450.00     8.6571
   6460.00     8.9351
   6470.00     9.2517
   6480.00     9.1680
   6490.00     8.9973
   6500.00     9.3893
   6510.00     8.9150
   6520.00     8.8794
   6530.00     9.3770
   6540.00     8.8806
   6550.00     9.3472
   6560.00     9.1149
   6570.00     8.6565
   6580.00     9.4844
   6590.00     9.1372
   6600.00     9.1126
   6610.00     9.7215
   6620.00     9.3181
   6630.00     9.3023
   6640.00     9.5778
   6650.00     8.5260
   6660.00     9.6921
   6670.00     9.2670
   6680.00     8.9377
   6690.00     9.3546
   6700.00     8.9155
   6710.00     9.3669
   6720.00     9.3304
   6730.00     9.2491
   6740.00     9.6737
   6750.00     9.4986
   6760.00     9.7092
   6770.00     8.8802
   6780.00     9.1578
   6790.00     9.0504
   6800.00     8.9424
   6810.00     8.9857
   6820.00     9.0181
   6830.00     8.6462
   6840.00     9.0622
   6850.00     9.3285
   6860.00     9.0368
   6870.00     8.8582
   6880.00     8.8973
   6890.00     8.4574
   6900.00     9.1199
   6910.00     8.9500
   6920.00     9.4946
   6930.00     9.2203
   6940.00     9.3918
   6950.00     8.7454
   6960.00     8.9385
   6970.00     8.9542
   6980.00     9.1489
   6990.00     8.7054
   7000.00     8.7278
   7010.00     8.9193
   7020.00     8.7369
   7030.00     8.7020
   7040.00     8.8447
   7050.00     9.3082
   7060.00     9.1445
   7070.00     8.9402
   7080.00     9.0118
   7090.00     9.2824
   7100.00     8.6162
   7110.00     8.7401
   7120.00     9.0020
   7130.00     8.9095
   7140.00     8.7479
   7150.00     8.6340
   7160.00     8.6326
   7170.00     9.1324
   7180.00     8.5175
   7190.00     8.6979
   7200.00     8.7537
   7210.00     9.1174
   7220.00     9.3771
   7230.00     9.0388
   7240.00     8.8769
   7250.00     8.8773
   7260.00     8.8014
   7270.00     8.5848
   7280.00     9.0122
   7290.00     9.1118
   7300.00     8.7674
   7310.00     9.3274
   7320.00     8.8938
   7330.00     9.0833
   7340.00     9.0523
   7350.00     8.9334
   7360.00     8.9515
   7370.00     9.5376
   7380.00     9.4262
   7390.00     9.0684
   7400.00     8.9159
   7410.00     9.5299
   7420.00     9.2286
   7430.00     8.7948
   7440.00     8.8469
   7450.00     9.0771
   7460.00     9.0854
   7470.00     8.6609
   7480.00     9.3871
   7490.00     8.8874
   7500.00     8.8176
   7510.00     9.2655
   7520.00     9.1763
   7530.00     8.9941
   7540.00     9.2826
   7550.00     9.1513
   7560.00     9.3306
   7570.00     8.9993
   7580.00     8.7706
   7590.00     8.9422
   7600.00     8.8040
   7610.00     9.0215
   7620.00     9.4092
   7630.00     9.2362
   7640.00     9.3476
   7650.00     9.0314
   7660.00     9.1633
   7670.00     9.0333
   7680.00     8.7291
   7690.00     8.7405
   7700.00     8.8570
   7710.00     9.0952
   7720.00     9.1227
   7730.00     9.3419
   7740.00     9.3037
   7750.00     9.1044
   7760.00     8.8460
   7770.00     8.8014
   7780.00     9.2938
   7790.00     8.8279
   7800.00     8.8507
   7810.00     8.9340
   7820.00     9.1575
   7830.00     8.7987
   7840.00     9.2537
   7850.00     9.5322
   7860.00     9.1613
   7870.00     9.0943
   7880.00     8.9653
   7890.00     9.2926
   7900.00     9.1484
   7910.00     8.9232
   7920.00     8.8154
   7930.00     9.0945
   7940.00     8.7449
   7950.00     8.8426
   7960.00     9.3001
   7970.00     9.3615
   7980.00     9.4888
   7990.00     9.4416
   8000.00     8.6397
   8010.00     9.2666
   8020.00     9.2468
   8030.00     9.2118
   8040.00     8.7706
   8050.00     8.9626
   8060.00     8.9546
   8070.00     9.3877
   8080.00     9.4939
   8090.00     9.0227
   8100.00     9.1381
   8110.00     9.1240
   8120.00     9.0775
   8130.00     8.6003
   8140.00     8.7677
   8150.00     9.1013
   8160.00     8.9869
   8170.00     9.7319
   8180.00     9.2058
   8190.00     8.6538
   8200.00     9.1240
   8210.00     9.6225
   8220.00     8.9334
   8230.00     9.0673
   8240.00     8.6951
   8250.00     8.6699
   8260.00     8.9748
   8270.00     9.4497
   8280.00     9.2125
   8290.00     8.9759
   8300.00     8.9874
   8310.00     9.1637
   8320.00     9.2392
   8330.00     8.8659
   8340.00     9.0718
   8350.00     9.2614
   8360.00     8.7266
   8370.00     9.0074
   8380.00     8.7702
   8390.00     9.1518
   8400.00     9.2397
   8410.00     9.2148
   8420.00     8.8265
   8430.00     8.8364
   8440.00     9.0921
   8450.00     9.3379
   8460.00     9.3032
   8470.00     9.4046
   8480.00     9.0518
   8490.00     9.5374
   8500.00     9.6890
   8510.00     8.9046
   8520.00     9.7674
   8530.00     9.2790
   8540.00     8.8333
   8550.00     9.2822
   8560.00     8.6299
   8570.00     8.8082
   8580.00     9.0054
   8590.00     8.9333
   8600.00     9.2222
   8610.00     9.0832
   8620.00     9.3298
   8630.00     9.1778
   8640.00     9.2327
   8650.00     9.1908
   8660.00     8.9785
   8670.00     8.8100
   8680.00     8.7341
   8690.00     8.8785
   8700.00     9.2862
   8710.00     9.3423
   8720.00     8.7780
   8730.00     9.0045
   8740.00     9.0389
   8750.00     9.0112
   8760.00     9.0912
   8770.00     8.7374
   8780.00     8.7700
   8790.00     8.8792
   8800.00     8.6290
   8810.00     9.4854
   8820.00     8.6808
   8830.00     8.8881
   8840.00     8.9293
   8850.00     9.1881
   8860.00     9.1368
   8870.00     9.1944
   8880.00     9.8033
   8890.00     9.0030
   8900.00     9.4208
   8910.00     9.2098
   8920.00     9.3446
   8930.00     8.9459
   8940.00     9.0374
   8950.00     9.2658
   8960.00     9.5414
   8970.00     9.0452
   8980.00     9.0754
   8990.00     8.8648
   9000.00     9.4561
   9010.00     9.0651
   9020.00     8.4915
   9030.00     9.4545
   9040.00     9.5731
   9050.00     9.4359
   9060.00     8.9650
   9070.00     9.1546
   9080.00     9.3355
   9090.00     9.0462
   9100.00     9.2812
   9110.00     8.9384
   9120.00     8.9748
   9130.00     9.0084
   9140.00     9.1146
   9150.00     9.0534
   9160.00     9.0141
   9170.00     9.4519
   9180.00     9.1247
   9190.00     8.8774
   9200.00     8.6432
   9210.00     9.3148
   9220.00     8.5464
   9230.00     9.1572
   9240.00     9.2578
   9250.00     9.0159
   9260.00     8.8166
   9270.00     9.0492
   9280.00     9.2271
   9290.00     9.1913
   9300.00     8.8545
   9310.00     8.9026
   9320.00     9.1868
   9330.00     8.8527
   9340.00     9.0084
   9350.00     9.1553
   9360.00     9.2897
   9370.00     9.4551
   9380.00     8.9490
   9390.00     8.8337
   9400.00     9.1839
   9410.00     9.1020
   9420.00     9.5208
   9430.00     9.8312
   9440.00     8.8205
   9450.00     9.1663
   9460.00     9.5853
   9470.00     9.2916
   9480.00     8.6854
   9490.00     9.0827
   9500.00     9.0574
   9510.00     9.1670
   9520.00     8.7881
   9530.00     9.5672
   9540.00     9.2800
   9550.00     9.0198
   9560.00     9.2318
   9570.00     9.5684
   9580.00     8.6856
   9590.00     8.7205
   9600.00     9.2204
   9610.00     9.5542
   9620.00     9.2106
   9630.00     8.7489
   9640.00     9.3077
   9650.00     9.1022
   9660.00     9.0160
   9670.00     9.3220
   9680.00     9.3491
   9690.00     9.4831
   9700.00     9.2524
   9710.00     8.4455
   9720.00     9.1371
   9730.00     8.7175
   9740.00     8.7048
   9750.00     8.5257
   9760.00     8.7466
   9770.00     9.1530
   9780.00     8.9267
   9790.00     9.2062
   9800.00     9.3407
   9810.00     9.2874
   9820.00     8.9300
   9830.00     8.9992
   9840.00     8.8533
   9850.00     9.0602
   9860.00     9.0247
   9870.00     9.0548
   9880.00     8.8734
   9890.00     9.1430
   9900.00     8.9469
   9910.00     8.8107
   9920.00     8.9693
   9930.00     8.7568
   9940.00     8.9269
   9950.00     8.9429
   9960.00     9.0863
   9970.00     8.8207
   9980.00     8.5731
   9990.00     8.7398
  10000.00     8.9587
  10010.00     9.3885
  10020.00     9.3566
  10030.00     8.9854
  10040.00     9.0422
  10050.00     8.9636
  10060.00     8.8734
  10070.00     8.9117
  10080.00     8.8511
  10090.00     8.8629
  10100.00     9.1771
  10110.00     8.7762
  10120.00     8.8387
  10130.00     9.2770
  10140.00     9.2580
  10150.00     8.8075
  10160.00     9.0280
  10170.00     8.8944
  10180.00     9.0961
  10190.00     9.5996
  10200.00     9.1319
  10210.00     8.9762
  10220.00     9.3656
  10230.00     9.0543
  10240.00     9.0501
  10250.00     9.2445
  10260.00     9.1362
  10270.00     8.7917
  10280.00     8.9644
  10290.00     8.6668
  10300.00     8.9859
  10310.00     9.1583
  10320.00     9.2342
  10330.00     9.2027
  10340.00     9.0041
  10350.00     9.0262
  10360.00     8.9679
  10370.00     8.7104
  10380.00     8.8940
  10390.00     9.5890
  10400.00     8.9872
  10410.00     8.8361
  10420.00     9.1087
  10430.00     9.1743
  10440.00     9.3090
  10450.00     9.1632
  10460.00     8.8460
  10470.00     8.8700
  10480.00     9.6769
  10490.00     9.4991
  10500.00     9.0988
  10510.00     9.1397
  10520.00     9.0748
  10530.00     9.1997
  10540.00     9.6295
  10550.00     9.3581
  10560.00     9.2860
  10570.00     9.3862
  10580.00     9.1515
  10590.00     8.8317
  10600.00     9.4854
  10610.00     8.9137
  10620.00     9.1598
  10630.00     8.4246
  10640.00     9.2471
  10650.00     9.0612
  10660.00     8.8443
  10670.00     8.7776
  10680.00     9.1541
  10690.00     9.8810
  10700.00     8.6229
  10710.00     8.9161
  10720.00     8.8354
  10730.00     8.5132
  10740.00     8.9507
  10750.00     8.9669
  10760.00     8.7616
  10770.00     9.2474
  10780.00     9.2004
  10790.00     9.1932
  10800.00     9.1864
  10810.00     9.2806
  10820.00     9.0424
  10830.00     8.8673
  10840.00     8.8495
  10850.00     8.7697
  10860.00     8.5350
  10870.00     8.8367
  10880.00     8.9816
  10890.00     9.0337
  10900.00     8.9380
  10910.00     8.5787
  10920.00     8.9029
  10930.00     8.5033
  10940.00     8.9200
  10950.00     9.0203
  10960.00     8.7725
  10970.00     8.3815
  10980.00     8.9167
  10990.00     9.3026
  11000.00     9.1191
  11010.00     9.4095
  11020.00     9.0171
  11030.00     9.2641
  11040.00     8.8524
  11050.00     9.0831
  11060.00     8.8653
  11070.00     8.9576
  11080.00     8.9531
  11090.00     8.8519
  11100.00     8.4461
  11110.00     8.8996
  11120.00     9.1111
  11130.00     8.8924
  11140.00     9.4850
  11150.00     9.7635
  11160.00     8.8669
  11170.00     8.8979
  11180.00     9.5467
  11190.00     9.3331
  11200.00     8.7154
  11210.00     8.5853
  11220.00     9.0197
  11230.00     9.0579
  11240.00     9.1397
  11250.00     8.8482
  11260.00     8.6062
  11270.00     8.7374
  11280.00     8.5249
  11290.00     8.9199
  11300.00     8.6827
  11310.00     8.3711
  11320.00     8.7799
  11330.00     8.5224
  11340.00     9.1603
  11350.00     8.2127
  11360.00     9.0555
  11370.00     9.0248
  11380.00     9.1142
  11390.00     8.6390
  11400.00     9.1925
  11410.00     8.1786
  11420.00     8.9285
  11430.00     8.9483
  11440.00     8.9292
  11450.00     8.5441
  11460.00     8.8707
  11470.00     9.1961
  11480.00     9.2195
  11490.00     9.0228
  11500.00     9.3114
  11510.00     9.0052
  11520.00     9.2898
  11530.00     8.8397
  11540.00     8.7635
  11550.00     9.1451
  11560.00     9.4327
  11570.00     9.5836
  11580.00     9.2492
  11590.00     9.3517
  11600.00     9.4340
  11610.00     8.8283
  11620.00     9.8587
  11630.00     9.6760
  11640.00     9.4783
  11650.00     9.2521
  11660.00     9.3576
  11670.00     9.2656
  11680.00     9.1430
  11690.00     9.4558
  11700.00     9.5579
  11710.00     8.7051
  11720.00     9.1415
  11730.00     9.2656
  11740.00     9.2462
  11750.00     9.1319
  11760.00     9.0967
  11770.00     8.8766
  11780.00     8.5067
  11790.00     9.0593
  11800.00     9.1687
  11810.00     9.3895
  11820.00     8.9159
  11830.00     9.2469
  11840.00     9.1828
  11850.00     8.8426
  11860.00     8.9955
  11870.00     9.0800
  11880.00     8.7031
  11890.00     8.9825
  11900.00     8.7234
  11910.00     8.8544
  11920.00     8.9532
  11930.00     8.4582
  11940.00     8.7540
  11950.00     8.8426
  11960.00     8.8516
  11970.00     9.0846
  11980.00     9.1832
  11990.00     8.7022
  12000.00     8.8774
  12010.00     9.0271
  12020.00     9.2375
  12030.00     8.5015
  12040.00     9.1374
  12050.00     8.1069
  12060.00     9.0558
  12070.00     8.8822
  12080.00     9.0253
  12090.00     9.2500
  12100.00     8.9470
  12110.00     9.1898
  12120.00     9.2404
  12130.00     9.7770
  12140.00     9.5746
  12150.00     9.3075
  12160.00     9.3522
  12170.00     9.5736
  12180.00     9.1687
  12190.00     8.9694
  12200.00     9.4596
  12210.00     9.5908
  12220.00     8.5335
  12230.00     8.8551
  12240.00     9.0677
  12250.00     9.0906
  12260.00     9.2993
  12270.00     9.2668
  12280.00     8.9873
  12290.00     9.3063
  12300.00     8.6716
  12310.00     8.8765
  12320.00     8.8077
  12330.00     9.5024
  12340.00     8.6092
  12350.00     9.0500
  12360.00     8.9955
  12370.00     9.0591
  12380.00     9.0008
  12390.00     9.3840
  12400.00     9.3840
  12410.00     8.8260
  12420.00     9.0319
  12430.00     9.7287
  12440.00     9.0188
  12450.00     9.0215
  12460.00     9.3758
  12470.00     9.2712
  12480.00     9.1345
  12490.00     8.9427
  12500.00     8.7274
  12510.00     9.1042
  12520.00     8.9103
  12530.00     8.9509
  12540.00     9.0133
  12550.00     9.3079
  12560.00     9.5111
  12570.00     9.3667
  12580.00     9.1109
  12590.00     9.5172
  12600.00     8.9035
  12610.00     9.1506
  12620.00     9.3729
  12630.00     8.9005
  12640.00     9.1335
  12650.00     8.8590
  12660.00     9.2161
  12670.00     9.0609
  12680.00     8.9821
  12690.00     8.8821
  12700.00     9.0923
  12710.00     8.7579
  12720.00     9.1429
  12730.00     9.0941
  12740.00     9.4664
  12750.00     9.4469
  12760.00     9.2187
  12770.00     9.1094
  12780.00     8.8612
  12790.00     9.3317
  12800.00     9.1537
  12810.00     9.0051
  12820.00     8.7599
  12830.00     9.0823
  12840.00     8.5192
  12850.00     9.0828
  12860.00     9.3928
  12870.00     9.3128
  12880.00     9.3340
  12890.00     9.0978
  12900.00     8.7295
  12910.00     9.3072
  12920.00     9.2875
  12930.00     8.9940
  12940.00     8.8962
  12950.00     8.7392
  12960.00     9.1270
  12970.00     9.3170
  12980.00     9.1716
  12990.00     8.6727
  13000.00     9.1426
  13010.00     9.1819
  13020.00     9.0821
  13030.00     9.2602
  13040.00     9.1886
  13050.00     9.6312
  13060.00     9.1219
  13070.00     9.1512
  13080.00     9.2343
  13090.00     8.8766
  13100.00     8.4851
  13110.00     8.9399
  13120.00     8.8801
  13130.00     8.9380
  13140.00     8.6235
  13150.00     9.3955
  13160.00     9.0687
  13170.00     9.8057
  13180.00     8.9447
  13190.00     8.6368
  13200.00     9.0924
  13210.00     9.2845
  13220.00     8.7075
  13230.00     8.8078
  13240.00     8.9391
  13250.00     8.6716
  13260.00     8.5453
  13270.00     9.1768
  13280.00     9.4296
  13290.00     8.7016
  13300.00     9.0509
  13310.00     8.6368
  13320.00     8.9824
  13330.00     9.0775
  13340.00     8.5220
  13350.00     9.2026
  13360.00     8.6301
  13370.00     9.4690
  13380.00     9.2647
  13390.00     8.7933
  13400.00     9.2163
  13410.00     9.2935
  13420.00     8.1922
  13430.00     9.2434
  13440.00     8.6592
  13450.00     8.4202
  13460.00     9.0852
  13470.00     8.7276
  13480.00     9.0012
  13490.00     8.9344
  13500.00     8.0731
  13510.00     9.0462
  13520.00     9.0698
  13530.00     9.0888
  13540.00     8.7270
  13550.00     8.7416
  13560.00     8.7521
  13570.00     8.6811
  13580.00     9.4445
  13590.00     9.0453
  13600.00     9.2638
  13610.00     8.8528
  13620.00     8.7988
  13630.00     9.0185
  13640.00     9.2429
  13650.00     9.2862
  13660.00     9.1881
  13670.00     8.8425
  13680.00     8.9184
  13690.00     9.2531
  13700.00     8.9462
  13710.00     9.2263
  13720.00     9.0647
  13730.00     9.0097
  13740.00     9.0982
  13750.00     9.6650
  13760.00     9.0194
  13770.00     9.1018
  13780.00     9.0625
  13790.00     8.6992
  13800.00     8.8406
  13810.00     8.7936
  13820.00     9.2349
  13830.00     8.7211
  13840.00     9.1220
  13850.00     9.3801
  13860.00     9.1741
  13870.00     9.3828
  13880.00     9.2976
  13890.00     9.1195
  13900.00     9.1165
  13910.00     9.0439
  13920.00     8.5727
  13930.00     8.8387
  13940.00     9.0060
  13950.00     9.0464
  13960.00     8.8503
  13970.00     8.9062
  13980.00     9.6804
  13990.00     8.7552
  14000.00     9.3896
  14010.00     9.1685
  14020.00     8.7511
  14030.00     9.3011
  14040.00     9.2505
  14050.00     9.1072
  14060.00     8.7798
  14070.00     9.0696
  14080.00     8.7176
  14090.00     8.6432
  14100.00     9.1076
  14110.00     9.0890
  14120.00     8.6658
  14130.00     9.0181
  14140.00     8.8711
  14150.00     8.1350
  14160.00     8.8306
  14170.00     9.2860
  14180.00     9.0414
  14190.00     8.8566
  14200.00     9.2435
  14210.00     9.2051
  14220.00     9.1330
  14230.00     9.6939
  14240.00     9.0815
  14250.00     9.1868
  14260.00     8.6568
  14270.00     9.1303
  14280.00     9.2606
  14290.00     8.6257
  14300.00     9.0228
  14310.00     9.1774
  14320.00     9.0749
  14330.00     9.4312
  14340.00     9.2636
  14350.00     9.6109
  14360.00     8.8911
  14370.00     9.7407
  14380.00     9.1377
  14390.00     8.9285
  14400.00     8.6625
  14410.00     8.7214
  14420.00     9.1381
  14430.00     8.9628
  14440.00     8.9960
  14450.00     8.7977
  14460.00     8.9659
  14470.00     9.1441
  14480.00     9.0743
  14490.00     9.4821
  14500.00     9.3642
  14510.00     9.3698
  14520.00     9.2767
  14530.00     9.0302
  14540.00     8.6685
  14550.00     8.7737
  14560.00     9.3611
  14570.00     8.9424
  14580.00     8.9439
  14590.00     8.7566
  14600.00     8.6298
  14610.00     9.6876
  14620.00     9.1293
  14630.00     8.7299
  14640.00     8.5330
  14650.00     9.1912
  14660.00     9.2742
  14670.00     9.1407
  14680.00     9.0926
  14690.00     9.0874
  14700.00     9.0573
  14710.00     8.6992
  14720.00     8.9934
  14730.00     8.9503
  14740.00     9.2467
  14750.00     9.3364
  14760.00     8.8660
  14770.00     8.9852
  14780.00     8.8831
  14790.00     8.8282
  14800.00     9.0638
  14810.00     9.1534
  14820.00     9.3976
  14830.00     9.3927
  14840.00     9.5077
  14850.00     9.2707
  14860.00     9.8495
  14870.00     9.5155
  14880.00     9.0073
  14890.00     8.9904
  14900.00     9.0707
  14910.00     8.8270
  14920.00     8.8518
  14930.00     8.9915
  14940.00     9.5855
  14950.00     9.5716
  14960.00     8.9617
  14970.00     9.1121
  14980.00     9.3220
  14990.00     9.1349
  15000.00     9.4456
  15010.00     9.3606
  15020.00     9.2575
  15030.00     9.6342
  15040.00     8.9670
  15050.00     9.1181
  15060.00     8.9118
  15070.00     8.4405
  15080.00     9.0495
  15090.00     9.0225
  15100.00     9.2786
  15110.00     9.2093
  15120.00     8.4959
  15130.00     8.7218
  15140.00     8.6706
  15150.00     8.9226
  15160.00     8.6648
  15170.00     9.2030
  15180.00     8.9295
  15190.00     9.2763
  15200.00     9.2477
  15210.00     8.9731
  15220.00     9.0659
  15230.00     9.2342
  15240.00     8.8918
  15250.00     8.6598
  15260.00     9.4279
  15270.00     9.1124
  15280.00     8.7341
  15290.00     9.0056
  15300.00     9.5726
  15310.00     9.3849
  15320.00     9.1437
  15330.00     9.4206
  15340.00     9.2218
  15350.00     9.0609
  15360.00     9.2981
  15370.00     9.1185
  15380.00     9.0140
  15390.00     9.2650
  15400.00     9.2218
  15410.00     9.3732
  15420.00     8.9902
  15430.00     9.1148
  15440.00     8.8922
  15450.00     8.4568
  15460.00     9.4696
  15470.00     8.8839
  15480.00     9.3378
  15490.00     9.2699
  15500.00     9.4880
  15510.00     8.9732
  15520.00     9.4108
  15530.00     9.0339
  15540.00     9.0171
  15550.00     8.8839
  15560.00     9.4365
  15570.00     8.9457
  15580.00     9.0588
  15590.00     8.9345
  15600.00     9.0750
  15610.00     8.6813
  15620.00     8.9526
  15630.00     9.1458
  15640.00     8.8713
  15650.00     8.7117
  15660.00     9.0381
  15670.00     8.7818
  15680.00     9.5040
  15690.00     9.1967
  15700.00     8.7348
  15710.00     9.3225
  15720.00     9.2854
  15730.00     9.2482
  15740.00     8.9959
  15750.00     9.1978
  15760.00     9.2376
  15770.00     8.9516
  15780.00     8.7776
  15790.00     9.0841
  15800.00     9.1884
  15810.00     9.2118
  15820.00     8.8443
  15830.00     9.4966
  15840.00     8.8243
  15850.00     9.4345
  15860.00     8.9858
  15870.00     9.2666
  15880.00     8.8539
  15890.00     9.4022
  15900.00     9.1455
  15910.00     8.8613
  15920.00     9.3908
  15930.00     9.0522
  15940.00     8.9247
  15950.00     8.7378
  15960.00     8.4250
  15970.00     9.1427
  15980.00     9.2410
  15990.00     9.3053
  16000.00     9.2468
  16010.00     9.1764
  16020.00     9.2007
  16030.00     8.9216
  16040.00     9.3460
  16050.00     9.1985
  16060.00     9.3369
  16070.00     9.2375
  16080.00     9.2813
  16090.00     9.0132
  16100.00     8.6702
  16110.00     8.9140
  16120.00     8.8548
  16130.00     9.0939
  16140.00     8.5109
  16150.00     8.7701
  16160.00     8.9724
  16170.00     9.1255
  16180.00     8.8262
  16190.00     8.7900
  16200.00     8.9335
  16210.00     8.9626
  16220.00     9.4561
  16230.00     9.4426
  16240.00     9.4347
  16250.00     9.2562
  16260.00     8.9733
  16270.00     9.1678
  16280.00     9.5301
  16290.00     8.8092
  16300.00     9.4732
  16310.00     9.0164
  16320.00     8.6654
  16330.00     8.7468
  16340.00     9.0798
  16350.00     9.4316
  16360.00     8.9404
  16370.00     8.9056
  16380.00     9.5399
  16390.00     8.8815
  16400.00     9.3432
  16410.00     9.0104
  16420.00     9.0356
  16430.00     8.6265
  16440.00     9.2325
  16450.00     8.7594
  16460.00     9.1664
  16470.00     9.2919
  16480.00     9.1446
  16490.00     9.0850
  16500.00     8.6779
  16510.00     8.6650
  16520.00     8.6604
  16530.00     8.5488
  16540.00     8.9487
  16550.00     9.0595
  16560.00     9.2853
  16570.00     8.9379
  16580.00     9.6604
  16590.00     9.0913
  16600.00     9.3826
  16610.00     9.3933
  16620.00     9.3816
  16630.00     8.9489
  16640.00     9.0907
  16650.00     8.9712
  16660.00     9.4150
  16670.00     9.4365
  16680.00     9.2610
  16690.00     9.1613
  16700.00     9.3762
  16710.00     8.5483
  16720.00     8.9334
  16730.00     9.9874
  16740.00     9.6865
  16750.00     9.2551
  16760.00     9.3252
  16770.00     8.8979
  16780.00     9.0560
  16790.00     9.3989
  16800.00     9.3438
  16810.00     8.1679
  16820.00     8.8376
  16830.00     9.2426
  16840.00     9.1618
  16850.00     9.3323
  16860.00     9.4291
  16870.00     9.6024
  16880.00     9.1360
  16890.00     9.0752
  16900.00     8.5520
  16910.00     9.0709
  16920.00     9.4674
  16930.00     8.7233
  16940.00     9.5279
  16950.00     9.0630
  16960.00     9.2291
  16970.00     8.8396
  16980.00     8.7568
  16990.00     9.4126
  17000.00     9.1687
  17010.00     9.0603
  17020.00     8.9920
  17030.00     9.0317
  17040.00     9.1288
  17050.00     8.7872
  17060.00     8.7832
  17070.00     8.8443
  17080.00     9.5228
  17090.00     8.8705
  17100.00     8.6749
  17110.00     8.8586
  17120.00     8.7126
  17130.00     9.5952
  17140.00     9.6015
  17150.00     9.0767
  17160.00     9.2601
  17170.00     9.4177
  17180.00     9.1396
  17190.00     8.7904
  17200.00     9.1136
  17210.00     8.9336
  17220.00     8.7890
  17230.00     8.9159
  17240.00     8.7661
  17250.00     8.9101
  17260.00     8.8454
  17270.00     9.0573
  17280.00     9.3342
  17290.00     9.6854
  17300.00     9.1582
  17310.00     9.2995
  17320.00     8.6050
  17330.00     9.2092
  17340.00     9.0324
  17350.00     8.6155
  17360.00     8.5882
  17370.00     8.7845
  17380.00     9.0095
  17390.00     8.8282
  17400.00     9.2744
  17410.00     8.9022
  17420.00     9.1324
  17430.00     9.1657
  17440.00     8.6741
  17450.00     9.3257
  17460.00     9.3280
  17470.00     9.0575
  17480.00     8.6536
  17490.00     8.8252
  17500.00     8.9160
  17510.00     9.0476
  17520.00     8.9639
  17530.00     9.2214
  17540.00     8.5010
  17550.00     9.4227
  17560.00     9.3613
  17570.00     8.7622
  17580.00     8.7854
  17590.00     8.5252
  17600.00     8.8221
  17610.00     8.9520
  17620.00     8.3810
  17630.00     8.9027
  17640.00     8.8309
  17650.00     9.1841
  17660.00     8.4982
  17670.00     8.9532
  17680.00     9.0495
  17690.00     8.7670
  17700.00     9.3113
  17710.00     9.2262
  17720.00     8.9880
  17730.00     8.9639
  17740.00     9.1901
  17750.00     8.8660
  17760.00     8.7952
  17770.00     9.1489
  17780.00     9.3159
  17790.00     8.9091
  17800.00     8.8664
  17810.00     9.3253
  17820.00     8.7027
  17830.00     9.2442
  17840.00     8.8168
  17850.00     8.9134
  17860.00     8.8687
  17870.00     8.9601
  17880.00     9.2400
  17890.00     8.8507
  17900.00     9.2921
  17910.00     9.7431
  17920.00     9.2340
  17930.00     9.0383
  17940.00     8.5975
  17950.00     9.3557
  17960.00     9.2935
  17970.00     9.3630
  17980.00     9.4893
  17990.00     8.7338
  18000.00     9.5710
  18010.00     8.8450
  18020.00     9.0136
  18030.00     8.8870
  18040.00     8.9402
  18050.00     8.8531
  18060.00     9.0877
  18070.00     9.2840
  18080.00     9.4879
  18090.00     8.5079
  18100.00     8.5523
  18110.00     9.6969
  18120.00     9.8376
  18130.00     8.8523
  18140.00     9.1470
  18150.00     9.0535
  18160.00     8.5355
  18170.00     9.2438
  18180.00     8.9525
  18190.00     9.1125
  18200.00     8.9797
  18210.00     8.9636
  18220.00     9.0238
  18230.00     9.0142
  18240.00     8.8485
  18250.00     9.1956
  18260.00     9.2508
  18270.00     9.5170
  18280.00     8.6996
  18290.00     9.0044
  18300.00     8.9031
  18310.00     9.3389
  18320.00     9.1480
  18330.00     8.3663
  18340.00     8.8200
  18350.00     8.4742
  18360.00     8.8403
  18370.00     8.8134
  18380.00     9.1608
  18390.00     9.0461
  18400.00     9.7491
  18410.00     8.9419
  18420.00     9.5098
  18430.00     9.0813
  18440.00     9.2463
  18450.00     9.5887
  18460.00     9.5329
  18470.00     9.1318
  18480.00     8.9753
  18490.00     9.5183
  18500.00     9.1957
  18510.00     9.2628
  18520.00     9.1228
  18530.00     8.9512
  18540.00     8.8172
  18550.00     8.7419
  18560.00     9.1810
  18570.00     8.7939
  18580.00     8.8879
  18590.00     9.0401
  18600.00     9.3221
  18610.00     9.1814
  18620.00     8.2061
  18630.00     9.0765
  18640.00     8.5744
  18650.00     8.6151
  18660.00     9.2059
  18670.00     8.9720
  18680.00     8.7866
  18690.00     9.0224
  18700.00     9.0053
  18710.00     8.7086
  18720.00     8.8637
  18730.00     8.9831
  18740.00     9.1385
  18750.00     9.0393
  18760.00     9.1140
  18770.00     8.8851
  18780.00     9.4446
  18790.00     8.9511
  18800.00     9.0004
  18810.00     8.9944
  18820.00     9.0991
  18830.00     9.1698
  18840.00     9.2570
  18850.00     9.1880
  18860.00     9.0288
  18870.00     8.9046
  18880.00     9.2814
  18890.00     9.1512
  18900.00     9.0985
  18910.00     8.9713
  18920.00     8.8902
  18930.00     9.3335
  18940.00     9.1958
  18950.00     9.3399
  18960.00     9.5690
  18970.00     9.5654
  18980.00     8.6063
  18990.00     9.8993
  19000.00     9.5690
  19010.00     9.3813
  19020.00     9.8511
  19030.00     9.5829
  19040.00     9.3900
  19050.00     9.2013
  19060.00     9.2132
  19070.00     9.1570
  19080.00     9.0209
  19090.00     9.4274
  19100.00     9.7769
  19110.00     9.9251
  19120.00     9.3735
  19130.00     9.9156
  19140.00     9.4027
  19150.00     9.6372
  19160.00     9.5057
  19170.00     9.5741
  19180.00     9.3978
  19190.00     9.4397
  19200.00     9.3081
  19210.00     9.1639
  19220.00     9.2111
  19230.00     9.1195
  19240.00     9.2924
  19250.00     9.5324
  19260.00     9.2845
  19270.00     9.2954
  19280.00     8.9448
  19290.00     9.0963
  19300.00     9.4251
  19310.00     9.4955
  19320.00     9.1904
  19330.00     9.1441
  19340.00     8.9115
  19350.00     9.4199
  19360.00     8.9155
  19370.00     9.0931
  19380.00     9.2329
  19390.00     8.7165
  19400.00     9.4569
  19410.00     8.9716
  19420.00     9.3971
  19430.00     8.7827
  19440.00     8.9436
  19450.00     8.3984
  19460.00     9.0739
  19470.00     9.4277
  19480.00     9.0026
  19490.00     8.9835
  19500.00     8.8526
  19510.00     8.3584
  19520.00     9.0067
  19530.00     8.8268
  19540.00     9.1003
  19550.00     9.1825
  19560.00     8.9213
  19570.00     8.9189
  19580.00     8.9818
  19590.00     8.8369
  19600.00     8.8112
  19610.00     8.6065
  19620.00     8.4450
  19630.00     8.5643
  19640.00     8.8617
  19650.00     8.9852
  19660.00     8.4690
  19670.00     8.9654
  19680.00     9.2755
  19690.00     9.2806
  19700.00     9.2825
  19710.00     8.8616
  19720.00     8.9554
  19730.00     9.0681
  19740.00     9.0559
  19750.00     8.9839
  19760.00     8.5729
  19770.00     9.0611
  19780.00     8.9340
  19790.00     9.0775
  19800.00     9.1646
  19810.00     8.6191
  19820.00     9.4009
  19830.00     8.9704
  19840.00     9.1229
  19850.00     8.8512
  19860.00     8.7502
  19870.00     9.3576
  19880.00     9.0209
  19890.00     9.0628
  19900.00     9.1950
  19910.00     9.3544
  19920.00     9.3680
  19930.00     9.1676
  19940.00     9.0689
  19950.00     9.4681
  19960.00     9.2481
  19970.00     9.2477
  19980.00     9.2385
  19990.00     8.8189
  20000.00     9.3432
  20010.00     9.2340
  20020.00     9.0956
  20030.00     9.1615
  20040.00     9.1596
  20050.00     8.4946
  20060.00     9.6434
  20070.00     9.1748
  20080.00     9.2187
  20090.00     8.8848
  20100.00     8.7197
  20110.00     9.3378
  20120.00     9.3404
  20130.00     8.8716
  20140.00     8.8233
  20150.00     9.2871
  20160.00     8.9231
  20170.00     9.4125
  20180.00     8.8563
  20190.00     8.9658
  20200.00     8.8916
  20210.00     9.4877
  20220.00     9.1162
  20230.00     9.5878
  20240.00     9.4098
  20250.00     8.5631
  20260.00     9.8061
  20270.00     9.0944
  20280.00     9.1293
  20290.00     8.7296
  20300.00     9.1914
  20310.00     8.9896
  20320.00     8.8785
  20330.00     9.0328
  20340.00     9.2525
  20350.00     8.2098
  20360.00     8.8783
  20370.00     8.6285
  20380.00     8.7137
  20390.00     9.0851
  20400.00     8.8077
  20410.00     9.0520
  20420.00     8.8410
  20430.00     9.2250
  20440.00     9.0504
  20450.00     9.1379
  20460.00     8.9384
  20470.00     9.3409
  20480.00     8.7490
  20490.00     8.6925
  20500.00     9.2233
  20510.00     8.5044
  20520.00     8.6934
  20530.00     8.8750
  20540.00     8.2936
  20550.00     8.5398
  20560.00     9.2562
  20570.00     8.9155
  20580.00     9.4229
  20590.00     8.5380
  20600.00     9.0605
  20610.00     8.8091
  20620.00     9.0726
  20630.00     8.3518
  20640.00     8.6397
  20650.00     9.1345
  20660.00     8.8172
  20670.00     9.2934
  20680.00     9.2626
  20690.00     8.8217
  20700.00     9.1698
  20710.00     8.4224
  20720.00     8.6776
  20730.00     9.3586
  20740.00     8.6888
  20750.00     8.9556
  20760.00     9.0582
  20770.00     8.6980
  20780.00     8.9991
  20790.00     9.1369
  20800.00     9.0281
  20810.00     9.1305
  20820.00     9.0245
  20830.00     8.7912
  20840.00     8.8818
  20850.00     8.8314
  20860.00     8.8517
  20870.00     9.3245
  20880.00     8.8381
  20890.00     8.9746
  20900.00     8.6967
  20910.00     9.0254
  20920.00     8.6870
  20930.00     8.7072
  20940.00     8.9273
  20950.00     9.1410
  20960.00     8.6203
  20970.00     9.0977
  20980.00     9.2240
  20990.00     8.6739
  21000.00     8.9338
  21010.00     8.8084
  21020.00     8.6815
  21030.00     9.6751
  21040.00     9.0640
  21050.00     9.1743
  21060.00     9.0055
  21070.00     9.0773
  21080.00     9.0144
  21090.00     9.0432
  21100.00     8.5122
  21110.00     8.6518
  21120.00     9.3827
  21130.00     9.0138
  21140.00     8.9441
  21150.00     8.9908
  21160.00     9.3216
  21170.00     9.1365
  21180.00     9.3925
  21190.00     8.8713
  21200.00     9.6919
  21210.00     9.3148
  21220.00     9.2218
  21230.00     8.8518
  21240.00     8.7234
  21250.00     8.9144
  21260.00     9.3978
  21270.00     9.5526
  21280.00     9.1216
  21290.00     9.1823
  21300.00     8.9939
  21310.00     9.4242
  21320.00     9.3168
  21330.00     8.8278
  21340.00     8.6371
  21350.00     8.7958
  21360.00     8.7480
  21370.00     8.7103
  21380.00     8.9791
  21390.00     9.0878
  21400.00     9.0922
  21410.00     9.1886
  21420.00     9.4399
  21430.00     9.1086
  21440.00     9.2935
  21450.00     8.9709
  21460.00     9.4317
  21470.00     9.3161
  21480.00     9.5099
  21490.00     9.2431
  21500.00     9.0392
  21510.00     8.9089
  21520.00     8.9574
  21530.00     8.7572
  21540.00     8.9872
  21550.00     9.1803
  21560.00     8.6542
  21570.00     8.9405
  21580.00     8.5820
  21590.00     9.1412
  21600.00     8.9601
  21610.00     8.8431
  21620.00     8.5291
  21630.00     8.8344
  21640.00     9.3602
  21650.00     9.1451
  21660.00     9.1934
  21670.00     8.7828
  21680.00     9.1932
  21690.00     9.4521
  21700.00     8.9002
  21710.00     8.7811
  21720.00     9.2726
  21730.00     9.1261
  21740.00     9.3081
  21750.00     9.4283
  21760.00     8.9210
  21770.00     9.0574
  21780.00     9.3460
  21790.00     9.1895
  21800.00     8.9070
  21810.00     8.7455
  21820.00     8.9628
  21830.00     9.3185
  21840.00     8.6857
  21850.00     9.1968
  21860.00     8.9139
  21870.00     8.9407
  21880.00     9.1755
  21890.00     9.3654
  21900.00     9.2396
  21910.00     9.3641
  21920.00     9.3319
  21930.00     9.0045
  21940.00     9.1383
  21950.00     8.8785
  21960.00     9.3706
  21970.00     9.2165
  21980.00     9.6508
  21990.00     9.1477
  22000.00     8.8294
  22010.00     8.9480
  22020.00     9.3212
  22030.00     8.8493
  22040.00     8.5475
  22050.00     9.1139
  22060.00     9.2049
  22070.00     8.8745
  22080.00     8.9917
  22090.00     8.9370
  22100.00     8.7227
  22110.00     9.4092
  22120.00     9.6829
  22130.00     8.9663
  22140.00     9.1202
  22150.00     9.1162
  22160.00     9.0033
  22170.00     8.8790
  22180.00     9.1225
  22190.00     8.7274
  22200.00     9.1280
  22210.00     9.0279
  22220.00     9.0283
  22230.00     8.6121
  22240.00     9.1680
  22250.00     8.9825
  22260.00     9.3934
  22270.00     8.8425
  22280.00     9.0929
  22290.00     8.9194
  22300.00     8.4822
  22310.00     9.2781
  22320.00     9.3600
  22330.00     9.1810
  22340.00     8.9778
  22350.00     9.0041
  22360.00     9.1172
  22370.00     8.9097
  22380.00     8.9632
  22390.00     9.3144
  22400.00     9.0219
  22410.00     9.0640
  22420.00     8.8508
  22430.00     9.1899
  22440.00     8.7238
  22450.00     9.2731
  22460.00     9.0831
  22470.00     9.2347
  22480.00     9.0487
  22490.00     8.5261
  22500.00     9.0522
  22510.00     8.4346
  22520.00     8.8952
  22530.00     9.5682
  22540.00     9.1484
  22550.00     9.1413
  22560.00     9.0089
  22570.00     8.5617
  22580.00     9.0319
  22590.00     8.6689
  22600.00     9.2898
  22610.00     9.1046
  22620.00     9.1986
  22630.00     9.0104
  22640.00     8.6247
  22650.00     9.4668
  22660.00     9.0375
  22670.00     8.8625
  22680.00     9.7797
  22690.00     9.1224
  22700.00     8.8993
  22710.00     9.1182
  22720.00     8.6237
  22730.00     8.7140
  22740.00     9.0446
  22750.00     9.2548
  22760.00     9.3073
  22770.00     9.2555
  22780.00     9.2463
  22790.00     9.1402
  22800.00     9.1853
  22810.00     8.9437
  22820.00     8.9986
  22830.00     8.7535
  22840.00     9.1534
  22850.00     8.9772
  22860.00     8.9900
  22870.00     9.0440
  22880.00     9.0093
  22890.00     9.0262
  22900.00     9.4580
  22910.00     9.4055
  22920.00     9.3407
  22930.00     9.5979
  22940.00     9.4291
  22950.00     9.2550
  22960.00     9.2058
  22970.00     8.7353
  22980.00     9.4448
  22990.00     8.7448
  23000.00     8.7632
  23010.00     9.4037
  23020.00     8.6697
  23030.00     8.8396
  23040.00     9.2016
  23050.00     8.9207
  23060.00     9.0215
  23070.00     9.2059
  23080.00     9.5222
  23090.00     8.7106
  23100.00     9.3815
  23110.00     8.9718
  23120.00     9.1650
  23130.00     8.9644
  23140.00     9.1778
  23150.00     9.1397
  23160.00     9.1974
  23170.00     8.6079
  23180.00     9.2799
  23190.00     8.6379
  23200.00     9.0739
  23210.00     9.1108
  23220.00     9.1230
  23230.00     8.6973
  23240.00     9.0742
  23250.00     9.0080
  23260.00     9.3294
  23270.00     9.2765
  23280.00     8.8307
  23290.00     8.7804
  23300.00     8.6319
  23310.00     8.4840
  23320.00     9.0083
  23330.00     8.9626
  23340.00     8.6952
  23350.00     8.8036
  23360.00     8.7861
  23370.00     9.0248
  23380.00     9.4843
  23390.00     8.8088
  23400.00     8.9681
  23410.00     8.3335
  23420.00     8.7142
  23430.00     8.6023
  23440.00     8.8498
  23450.00     8.9601
  23460.00     8.8267
  23470.00     9.3008
  23480.00     9.1993
  23490.00     9.4225
  23500.00     9.3002
  23510.00     9.0129
  23520.00     9.1477
  23530.00     8.8855
  23540.00     9.5552
  23550.00     9.0406
  23560.00     9.0701
  23570.00     8.7285
  23580.00     8.8014
  23590.00     9.2888
  23600.00     8.6588
  23610.00     8.8104
  23620.00     8.8634
  23630.00     8.9862
  23640.00     8.9470
  23650.00     9.1474
  23660.00     9.1486
  23670.00     8.9579
  23680.00     8.8727
  23690.00     9.1753
  23700.00     8.9999
  23710.00     8.8067
  23720.00     9.3251
  23730.00     9.0706
  23740.00     8.9146
  23750.00     9.1644
  23760.00     9.3821
  23770.00     9.2435
  23780.00     9.4247
  23790.00     9.0939
  23800.00     9.3304
  23810.00     9.0060
  23820.00     9.1484
  23830.00     8.7125
  23840.00     9.1330
  23850.00     9.0807
  23860.00     9.1165
  23870.00     8.5861
  23880.00     8.7725
  23890.00     8.5082
  23900.00     8.8030
  23910.00     9.2525
  23920.00     9.0091
  23930.00     9.0151
  23940.00     9.2929
  23950.00     9.1448
  23960.00     8.9347
  23970.00     9.3240
  23980.00     9.1153
  23990.00     9.1848
  24000.00     9.1381
  24010.00     9.4022
  24020.00     8.7170
  24030.00     9.2067
  24040.00     9.1208
  24050.00     9.1622
  24060.00     8.6230
  24070.00     9.0584
  24080.00     9.0301
  24090.00     9.0066
  24100.00     9.1354
  24110.00     9.4954
  24120.00     9.2553
  24130.00     8.9236
  24140.00     9.2589
  24150.00     9.0579
  24160.00     8.8028
  24170.00     9.2467
  24180.00     9.5682
  24190.00     9.2674
  24200.00     9.4173
  24210.00     9.2266
  24220.00     9.2191
  24230.00     9.3356
  24240.00     8.9383
  24250.00     8.8085
  24260.00     9.0273
  24270.00     9.3008
  24280.00     8.8788
  24290.00     9.0490
  24300.00     9.0434
  24310.00     8.7466
  24320.00     9.3497
  24330.00     9.0102
  24340.00     8.9528
  24350.00     8.9760
  24360.00     9.2622
  24370.00     8.7017
  24380.00     9.2499
  24390.00     8.7155
  24400.00     8.7958
  24410.00     9.1548
  24420.00     9.1402
  24430.00     8.9412
  24440.00     9.0812
  24450.00     8.8534
  24460.00     9.2044
  24470.00     8.7145
  24480.00     8.7037
  24490.00     8.8871
  24500.00     8.7056
  24510.00     9.0835
  24520.00     9.1425
  24530.00     9.5384
  24540.00     8.9156
  24550.00     9.3526
  24560.00     9.1010
  24570.00     8.6525
  24580.00     8.6849
  24590.00     8.8838
  24600.00     8.5805
  24610.00     8.9976
  24620.00     8.9146
  24630.00     9.0671
  24640.00     9.4266
  24650.00     9.5931
  24660.00     9.0639
  24670.00     9.2359
  24680.00     8.7155
  24690.00     9.0560
  24700.00     8.8288
  24710.00     9.0807
  24720.00     9.1179
  24730.00     8.3914
  24740.00     9.1898
  24750.00     8.5692
  24760.00     8.6482
  24770.00     9.4714
  24780.00     8.9719
  24790.00     9.0825
  24800.00     9.4876
  24810.00     9.0078
  24820.00     9.0935
  24830.00     9.3868
  24840.00     8.7564
  24850.00     8.8079
  24860.00     9.1093
  24870.00     9.1051
  24880.00     9.2426
  24890.00     9.0714
  24900.00     9.0929
  24910.00     9.0638
  24920.00     9.1291
  24930.00     9.3494
  24940.00     8.9400
  24950.00     9.1177
  24960.00     9.6070
  24970.00     9.0270
  24980.00     9.0673
  24990.00     8.2997
  25000.00     9.4706
  25010.00     9.2392
  25020.00     9.1000
  25030.00     9.3334
  25040.00     8.9825
  25050.00     9.4619
  25060.00     9.1502
  25070.00     9.2250
  25080.00     9.0298
  25090.00     8.4695
  25100.00     8.8843
  25110.00     8.9007
  25120.00     8.7731
  25130.00     8.8530
  25140.00     9.3827
  25150.00     9.5246
  25160.00     8.9283
  25170.00     8.9486
  25180.00     9.0038
  25190.00     8.5734
  25200.00     9.1775
  25210.00     8.9758
  25220.00     8.6534
  25230.00     9.1245
  25240.00     9.2625
  25250.00     9.6364
  25260.00     8.8418
  25270.00     9.3845
  25280.00     9.3856
  25290.00     9.4291
  25300.00     9.1032
  25310.00     8.9501
  25320.00     8.5388
  25330.00     9.3656
  25340.00     9.2581
  25350.00     8.8876
  25360.00     9.1008
  25370.00     8.6683
  25380.00     9.0925
  25390.00     9.2373
  25400.00     9.4500
  25410.00     9.3212
  25420.00     9.5031
  25430.00     9.4155
  25440.00     9.0993
  25450.00     9.2688
  25460.00     9.3791
  25470.00     9.4943
  25480.00     9.2781
  25490.00     8.7708
  25500.00     8.8712
  25510.00     8.8278
  25520.00     9.6826
  25530.00     8.9339
  25540.00     9.0089
  25550.00     9.1419
  25560.00     9.1894
  25570.00     9.3459
  25580.00     9.2822
  25590.00     9.5243
  25600.00     9.3253
  25610.00     9.5349
  25620.00     8.8897
  25630.00     9.3668
  25640.00     8.9810
  25650.00     8.7965
  25660.00     9.2285
  25670.00     9.5840
  25680.00     9.5310
  25690.00     9.1447
  25700.00     8.7222
  25710.00     8.9034
  25720.00     8.8276
  25730.00     9.1977
  25740.00     9.1331
  25750.00     8.9993
  25760.00     9.5846
  25770.00     8.6063
  25780.00     9.1090
  25790.00     9.3286
  25800.00     9.2214
  25810.00     8.7719
  25820.00     9.1702
  25830.00     9.2744
  25840.00     9.0937
  25850.00     9.0749
  25860.00     9.1186
  25870.00     8.7566
  25880.00     8.9953
  25890.00     9.1789
  25900.00     9.2920
  25910.00     9.4437
  25920.00     8.9331
  25930.00     8.5852
  25940.00     9.1972
  25950.00     8.9334
  25960.00     9.3354
  25970.00     9.2100
  25980.00     9.4492
  25990.00     9.2760
  26000.00     9.3773
  26010.00     8.9798
  26020.00     9.1467
  26030.00     9.3848
  26040.00     9.1082
  26050.00     9.6793
  26060.00     9.0083
  26070.00     8.7059
  26080.00     9.4005
  26090.00     8.8373
  26100.00     9.2405
  26110.00     8.8489
  26120.00     9.1817
  26130.00     9.0854
  26140.00     8.7661
  26150.00     9.4041
  26160.00     9.1824
  26170.00     9.0698
  26180.00     8.6831
  26190.00     9.0707
  26200.00     9.2825
  26210.00     9.3081
  26220.00     8.8415
  26230.00     8.9990
  26240.00     9.0965
  26250.00     9.2938
  26260.00     9.3304
  26270.00     9.2030
  26280.00     8.9525
  26290.00     9.5385
  26300.00     9.6637
  26310.00     9.2209
  26320.00     9.3283
  26330.00     8.9941
  26340.00     9.6259
  26350.00     8.5387
  26360.00     9.1197
  26370.00     9.0441
  26380.00     8.8301
  26390.00     8.9615
  26400.00     9.0405
  26410.00     8.7784
  26420.00     9.3629
  26430.00     8.8679
  26440.00     8.8108
  26450.00     9.1999
  26460.00     9.2550
  26470.00     9.1349
  26480.00     9.2448
  26490.00     8.9449
  26500.00     9.0683
  26510.00     9.4677
  26520.00     8.7578
  26530.00     8.6757
  26540.00     9.0486
  26550.00     9.1017
  26560.00     8.7851
  26570.00     9.1404
  26580.00     9.3627
  26590.00     9.4360
  26600.00     8.8626
  26610.00     9.0434
  26620.00     9.1761
  26630.00     8.7279
  26640.00     8.6001
  26650.00     8.8500
  26660.00     9.1631
  26670.00     9.4790
  26680.00     9.2788
  26690.00     8.7675
  26700.00     9.2262
  26710.00     8.7729
  26720.00     8.9989
  26730.00     8.9434
  26740.00     9.2762
  26750.00     8.9206
  26760.00     8.6603
  26770.00     8.9350
  26780.00     9.7392
  26790.00     8.9210
  26800.00     8.4485
  26810.00     9.1053
  26820.00     9.1127
  26830.00     9.0207
  26840.00     9.3999
  26850.00     9.3040
  26860.00     9.1084
  26870.00     8.8814
  26880.00     9.2115
  26890.00     8.9848
  26900.00     8.5415
  26910.00     9.4239
  26920.00     9.0825
  26930.00     8.8169
  26940.00     9.2354
  26950.00     8.8787
  26960.00     9.1882
  26970.00     9.4288
  26980.00     9.4459
  26990.00     9.1533
  27000.00     9.7735
  27010.00     9.3780
  27020.00     9.0755
  27030.00     9.0674
  27040.00     9.3006
  27050.00     8.8510
  27060.00     8.9771
  27070.00     8.8562
  27080.00     8.5045
  27090.00     8.9951
  27100.00     9.2218
  27110.00     8.9559
  27120.00     9.3778
  27130.00     9.0927
  27140.00     8.7479
  27150.00     9.1296
  27160.00     9.5003
  27170.00     8.7961
  27180.00     9.0501
  27190.00     8.9740
  27200.00     9.0042
  27210.00     8.8932
  27220.00     9.0503
  27230.00     8.7720
  27240.00     9.0770
  27250.00     8.8639
  27260.00     8.9263
  27270.00     8.4206
  27280.00     8.6809
  27290.00     9.0470
  27300.00     9.3009
  27310.00     9.1895
  27320.00     8.5794
  27330.00     8.8514
  27340.00     8.8328
  27350.00     9.2230
  27360.00     9.3351
  27370.00     9.0745
  27380.00     8.5676
  27390.00     9.0294
  27400.00     9.4315
  27410.00     9.1567
  27420.00     8.9187
  27430.00     9.3854
  27440.00     9.0441
  27450.00     9.5836
  27460.00     9.5499
  27470.00     9.5503
  27480.00     9.2065
  27490.00     9.0757
  27500.00     9.3461
  27510.00     9.3577
  27520.00     9.1149
  27530.00     9.0112
  27540.00     9.3494
  27550.00     8.9067
  27560.00     9.4574
  27570.00     9.2176
  27580.00     9.0169
  27590.00     9.6065
  27600.00     9.0054
  27610.00     8.9719
  27620.00     8.7622
  27630.00     9.2486
  27640.00     9.0162
  27650.00     8.9748
  27660.00     9.1307
  27670.00     8.9851
  27680.00     8.9354
  27690.00     9.1948
  27700.00     8.9041
  27710.00     9.3949
  27720.00     9.1220
  27730.00     9.3839
  27740.00     9.0537
  27750.00     8.6587
  27760.00     9.2914
  27770.00     9.0877
  27780.00     9.1083
  27790.00     8.9888
  27800.00     8.6951
  27810.00     9.3005
  27820.00     8.6404
  27830.00     8.9250
  27840.00     8.6494
  27850.00     8.9417
  27860.00     8.7449
  27870.00     9.2399
  27880.00     9.1535
  27890.00     9.0378
  27900.00     9.3503
  27910.00     9.1485
  27920.00     8.8866
  27930.00     9.1710
  27940.00     9.1777
  27950.00     9.2648
  27960.00     9.3399
  27970.00     8.8434
  27980.00     8.7596
  27990.00     8.8400
  28000.00     8.7278
  28010.00     9.5421
  28020.00     9.2397
  28030.00     9.0272
  28040.00     9.5639
  28050.00     8.9332
  28060.00     8.8428
  28070.00     9.3028
  28080.00     9.0837
  28090.00     8.9447
  28100.00     9.2092
  28110.00     9.1919
  28120.00     8.9447
  28130.00     8.7682
  28140.00     8.7247
  28150.00     8.8344
  28160.00     9.2322
  28170.00     9.0514
  28180.00     9.1472
  28190.00     8.9760
  28200.00     9.0927
  28210.00     8.9826
  28220.00     9.1860
  28230.00     8.9514
  28240.00     9.2474
  28250.00     9.0541
  28260.00     8.6745
  28270.00     9.0066
  28280.00     8.8553
  28290.00     8.5214
  28300.00     9.0913
  28310.00     8.9823
  28320.00     9.2221
  28330.00     8.7003
  28340.00     9.3455
  28350.00     8.6185
  28360.00     9.0535
  28370.00     8.7990
  28380.00     8.7411
  28390.00     8.5334
  28400.00     8.7705
  28410.00     8.9105
  28420.00     8.6381
  28430.00     8.9182
  28440.00     8.9369
  28450.00     9.0084
  28460.00     8.9377
  28470.00     8.7694
  28480.00     8.6909
  28490.00     8.8984
  28500.00     8.9049
  28510.00     8.9107
  28520.00     8.8842
  28530.00     8.7957
  28540.00     8.8283
  28550.00     8.9135
  28560.00     8.8137
  28570.00     8.6275
  28580.00     8.6273
  28590.00     9.6844
  28600.00     8.9552
  28610.00     8.6504
  28620.00     9.2741
  28630.00     9.2343
  28640.00     8.9516
  28650.00     8.6815
  28660.00     9.1930
  28670.00     9.2150
  28680.00     9.1128
  28690.00     9.4895
  28700.00     9.4408
  28710.00     9.0813
  28720.00     9.2494
  28730.00     9.0108
  28740.00     9.0668
  28750.00     8.7492
  28760.00     8.9648
  28770.00     9.2966
  28780.00     8.7359
  28790.00     9.7012
  28800.00     8.8097
  28810.00     8.7221
  28820.00     8.8988
  28830.00     8.6431
  28840.00     9.0680
  28850.00     8.6387
  28860.00     8.9970
  28870.00     9.2264
  28880.00     9.4469
  28890.00     9.0586
  28900.00     9.3630
  28910.00     9.2345
  28920.00     9.2454
  28930.00     8.7641
  28940.00     8.7722
  28950.00     9.5755
  28960.00     9.0884
  28970.00     9.1395
  28980.00     9.0271
  28990.00     9.5124
  29000.00     8.9587
  29010.00     9.1467
  29020.00     8.5843
  29030.00     9.0588
  29040.00     9.2201
  29050.00     8.9245
  29060.00     8.9418
  29070.00     8.9696
  29080.00     9.7471
  29090.00     9.5284
  29100.00     9.5618
  29110.00     8.9643
  29120.00     8.6161
  29130.00     9.3193
  29140.00     9.1985
  29150.00     9.2133
  29160.00     9.2555
  29170.00     9.2490
  29180.00     9.2907
  29190.00     9.3685
  29200.00     8.6517
  29210.00     9.1634
  29220.00     8.7614
  29230.00     8.4217
  29240.00     8.6300
  29250.00     9.1082
  29260.00     8.8340
  29270.00     9.1018
  29280.00     8.8043
  29290.00     9.2571
  29300.00     8.9785
  29310.00     8.7347
  29320.00     9.2050
  29330.00     8.7350
  29340.00     8.7686
  29350.00     8.5718
  29360.00     9.2641
  29370.00     8.8526
  29380.00     9.3019
  29390.00     8.7118
  29400.00     8.8129
  29410.00     8.8463
  29420.00     8.7009
  29430.00     8.7982
  29440.00     8.9470
  29450.00     9.3756
  29460.00     8.9526
  29470.00     8.7985
  29480.00     9.1159
  29490.00     8.8460
  29500.00     8.5677
  29510.00     9.2461
  29520.00     8.4291
  29530.00     8.9207
  29540.00     9.3282
  29550.00     9.1328
  29560.00     9.0649
  29570.00     9.2460
  29580.00     9.1968
  29590.00     9.0155
  29600.00     9.1345
  29610.00     8.7503
  29620.00     9.7097
  29630.00     9.1086
  29640.00     8.9055
  29650.00     8.8738
  29660.00     9.4510
  29670.00     8.6846
  29680.00     8.7897
  29690.00     9.4587
  29700.00     8.9141
  29710.00     9.5877
  29720.00     9.1605
  29730.00     8.4250
  29740.00     9.1328
  29750.00     8.9712
  29760.00     9.6971
  29770.00     9.1947
  29780.00     9.4400
  29790.00     8.9845
  29800.00     8.9348
  29810.00     9.2836
  29820.00     8.8337
  29830.00     8.8933
  29840.00     9.0273
  29850.00     9.1591
  29860.00     9.3832
  29870.00     9.0551
  29880.00     8.6481
  29890.00     9.1153
  29900.00     8.8978
  29910.00     9.1757
  29920.00     9.5052
  29930.00     8.9604
  29940.00     9.3693
  29950.00     8.9094
  29960.00     8.9616
  29970.00     9.3685
  29980.00     8.8086
  29990.00     9.3629
  30000.00     9.1741
  30010.00     9.1339
  30020.00     9.1811
  30030.00     9.2121
  30040.00     9.1140
  30050.00     9.3063
  30060.00     8.7565
  30070.00     8.8830
  30080.00     8.8419
  30090.00     9.5154
  30100.00     8.9518
  30110.00     9.0480
  30120.00     9.0779
  30130.00     9.3005
  30140.00     8.9297
  30150.00     9.6842
  30160.00     9.0424
  30170.00     9.0892
  30180.00     8.7873
  30190.00     9.1595
  30200.00     9.2319
  30210.00     8.7255
  30220.00     8.9867
  30230.00     9.1360
  30240.00     9.1347
  30250.00     8.7762
  30260.00     9.2678
  30270.00     9.4262
  30280.00     8.7031
  30290.00     8.9427
  30300.00     9.2051
  30310.00     9.2862
  30320.00     8.9380
  30330.00     8.4518
  30340.00     8.5935
  30350.00     8.6429
  30360.00     8.8607
  30370.00     9.1036
  30380.00     8.9773
  30390.00     8.5620
  30400.00     8.7684
  30410.00     8.7314
  30420.00     9.0649
  30430.00     9.0798
  30440.00     8.6050
  30450.00     8.4749
  30460.00     8.8715
  30470.00     8.9489
  30480.00     9.1062
  30490.00     9.2129
  30500.00     8.5528
  30510.00     8.5179
  30520.00     9.1988
  30530.00     8.9474
  30540.00     9.2109
  30550.00     9.0461
  30560.00     9.1467
  30570.00     8.9376
  30580.00     9.1006
  30590.00     9.1530
  30600.00     9.4671
  30610.00     9.0506
  30620.00     8.9512
  30630.00     9.0089
  30640.00     9.4986
  30650.00     9.1165
  30660.00     9.2719
  30670.00     9.5291
  30680.00     9.4659
  30690.00     9.5300
  30700.00     9.3929
  30710.00     8.7422
  30720.00     9.2816
  30730.00     8.9944
  30740.00     8.5160
  30750.00     9.5170
  30760.00     9.2999
  30770.00     8.5530
  30780.00     8.8944
  30790.00     9.5642
  30800.00     8.7701
  30810.00     8.7160
  30820.00     8.9595
  30830.00     8.8382
  30840.00     9.0173
  30850.00     9.3441
  30860.00     8.8920
  30870.00     8.6514
  30880.00     8.9087
  30890.00     9.5519
  30900.00     9.5307
  30910.00     8.7001
  30920.00     9.2260
  30930.00     9.1186
  30940.00     9.4964
  30950.00     9.2201
  30960.00     9.0481
  30970.00     9.3943
  30980.00     9.0465
  30990.00     9.1780
  31000.00     9.1587
  31010.00     9.0444
  31020.00     8.5476
  31030.00     9.1690
  31040.00     8.8569
  31050.00     9.1488
  31060.00     9.2916
  31070.00     9.3063
  31080.00     9.2377
  31090.00     8.9791
  31100.00     8.4276
  31110.00     8.5910
  31120.00     9.5442
  31130.00     8.8214
  31140.00     8.8315
  31150.00     9.1419
  31160.00     9.0196
  31170.00     8.7607
  31180.00     9.5307
  31190.00     8.8538
  31200.00     9.1385
  31210.00     8.8772
  31220.00     8.6142
  31230.00     8.9354
  31240.00     8.3999
  31250.00     8.7617
  31260.00     9.2306
  31270.00     9.2628
  31280.00     8.7873
  31290.00     9.1979
  31300.00     9.3083
  31310.00     8.8148
  31320.00     8.6374
  31330.00     9.0604
  31340.00     8.9990
  31350.00     8.8944
  31360.00     8.8753
  31370.00     8.5475
  31380.00     8.7102
  31390.00     8.9288
  31400.00     9.2377
  31410.00     8.9656
  31420.00     9.0973
  31430.00     8.6989
  31440.00     8.9766
  31450.00     9.6409
  31460.00     9.1012
  31470.00     9.1392
  31480.00     9.0273
  31490.00     9.0291
  31500.00     8.7283
  31510.00     8.8725
  31520.00     8.5809
  31530.00     9.0774
  31540.00     8.5776
  31550.00     9.2521
  31560.00     8.9384
  31570.00     9.1768
  31580.00     8.9391
  31590.00     8.5874
  31600.00     8.9129
  31610.00     8.9809
  31620.00     9.4013
  31630.00     9.5106
  31640.00     8.8681
  31650.00     9.3125
  31660.00     8.8358
  31670.00     9.2091
  31680.00     9.0502
  31690.00     9.2945
  31700.00     8.9961
  31710.00     9.4073
  31720.00     9.0081
  31730.00     9.4737
  31740.00     9.2708
  31750.00     9.0593
  31760.00     9.1916
  31770.00     9.5054
  31780.00     8.6742
  31790.00     9.3142
  31800.00     9.6403
  31810.00     9.0506
  31820.00     8.9422
  31830.00     9.4187
  31840.00     9.0578
  31850.00     8.8802
  31860.00     9.1109
  31870.00     8.6891
  31880.00     9.3900
  31890.00     8.8830
  31900.00     9.0079
  31910.00     8.9277
  31920.00     8.8395
  31930.00     8.8906
  31940.00     9.1812
  31950.00     9.0236
  31960.00     9.3698
  31970.00     9.2037
  31980.00     8.9159
  31990.00     9.0882
  32000.00     9.4745
  32010.00     9.0597
  32020.00     9.5029
  32030.00     9.3457
  32040.00     9.2658
  32050.00     8.7988
  32060.00     9.4256
  32070.00     9.3861
  32080.00     8.9104
  32090.00     8.9632
  32100.00     8.9861
  32110.00     8.9480
  32120.00     8.8203
  32130.00     9.0681
  32140.00     8.5826
  32150.00     9.2926
  32160.00     9.5294
  32170.00     8.4078
  32180.00     9.2632
  32190.00     9.2596
  32200.00     8.8795
  32210.00     9.0558
  32220.00     9.2376
  32230.00     9.2884
  32240.00     8.8042
  32250.00     8.9526
  32260.00     8.7835
  32270.00     8.7567
  32280.00     9.3954
  32290.00     9.1611
  32300.00     8.8708
  32310.00     9.2503
  32320.00     8.6731
  32330.00     9.2995
  32340.00     8.9171
  32350.00     9.1706
  32360.00     9.1251
  32370.00    10.0761
  32380.00     9.6693
  32390.00     8.9909
  32400.00     9.3198
  32410.00     9.0914
  32420.00     9.2467
  32430.00     9.2988
  32440.00     8.4893
  32450.00     9.4908
  32460.00     8.8291
  32470.00     8.8761
  32480.00     9.0754
  32490.00     9.1286
  32500.00     9.1434
  32510.00     8.8065
  32520.00     9.1592
  32530.00     8.6165
  32540.00     8.7135
  32550.00     8.8978
  32560.00     8.7204
  32570.00     9.1606
  32580.00     8.5954
  32590.00     8.5619
  32600.00     9.0238
  32610.00     9.2765
  32620.00     8.9972
  32630.00     9.0804
  32640.00     9.2983
  32650.00     8.9693
  32660.00     8.7626
  32670.00     8.9389
  32680.00     9.0618
  32690.00     9.0745
  32700.00     9.2405
  32710.00     8.7419
  32720.00     8.8695
  32730.00     8.6053
  32740.00     8.6608
  32750.00     8.9058
  32760.00     9.0957
  32770.00     9.0014
  32780.00     8.9631
  32790.00     8.9176
  32800.00     8.8892
  32810.00     9.0425
  32820.00     9.3140
  32830.00     9.6378
  32840.00     9.7260
  32850.00     9.3584
  32860.00     8.9247
  32870.00     9.1754
  32880.00     9.0136
  32890.00     9.5342
  32900.00     9.0714
  32910.00     9.3285
  32920.00     9.3246
  32930.00     8.8488
  32940.00     9.2947
  32950.00     9.1381
  32960.00     9.1930
  32970.00     9.1719
  32980.00     9.4845
  32990.00     9.0365
  33000.00     8.5831
  33010.00     9.1746
  33020.00     8.9477
  33030.00     9.1266
  33040.00     9.2583
  33050.00     9.0958
  33060.00     9.0167
  33070.00     8.6895
  33080.00     9.1152
  33090.00     9.1182
  33100.00     9.3077
  33110.00     8.8613
  33120.00     9.1505
  33130.00     9.0540
  33140.00     9.0138
  33150.00     9.1224
  33160.00     8.7224
  33170.00     8.6858
  33180.00     8.5991
  33190.00     9.3185
  33200.00     8.8184
  33210.00     9.4226
  33220.00     8.9280
  33230.00     9.1517
  33240.00     9.2927
  33250.00     8.9642
  33260.00     9.1065
  33270.00     9.4815
  33280.00     8.9641
  33290.00     9.2562
  33300.00     9.1880
  33310.00     9.4907
  33320.00     9.2712
  33330.00     9.1061
  33340.00     8.9354
  33350.00     8.9481
  33360.00     9.2353
  33370.00     9.2965
  33380.00     8.8061
  33390.00     8.9102
  33400.00     8.7599
  33410.00     9.3282
  33420.00     9.1057
  33430.00     8.9317
  33440.00     9.1209
  33450.00     9.1696
  33460.00     9.1058
  33470.00     8.9935
  33480.00     8.5110
  33490.00     8.9540
  33500.00     9.1014
  33510.00     9.0785
  33520.00     9.2042
  33530.00     9.0365
  33540.00     9.5055
  33550.00     8.4475
  33560.00     9.1081
  33570.00     9.3750
  33580.00     9.4474
  33590.00     8.4779
  33600.00     9.0902
  33610.00     9.0670
  33620.00     8.8676
  33630.00     9.0449
  33640.00     8.7576
  33650.00     8.8901
  33660.00     8.7937
  33670.00     8.9626
  33680.00     9.3366
  33690.00     9.1355
  33700.00     9.1473
  33710.00     9.0034
  33720.00     9.0889
  33730.00     9.0057
  33740.00     9.0123
  33750.00     8.7876
  33760.00     9.0235
  33770.00     8.9506
  33780.00     9.0818
  33790.00     9.2348
  33800.00     8.6470
  33810.00     8.5713
  33820.00     9.1825
  33830.00     8.8178
  33840.00     9.2818
  33850.00     8.7720
  33860.00     9.0920
  33870.00     8.9075
  33880.00     8.8635
  33890.00     8.9414
  33900.00     9.3143
  33910.00     9.1264
  33920.00     9.2241
  33930.00     9.5922
  33940.00     9.2776
  33950.00     8.9192
  33960.00     9.1324
  33970.00     9.1389
  33980.00     8.9627
  33990.00     9.1701
  34000.00     9.5980
  34010.00     9.6764
  34020.00     9.2927
  34030.00     9.0228
  34040.00     8.9607
  34050.00     8.8729
  34060.00     8.8762
  34070.00     9.3511
  34080.00     9.0692
  34090.00     8.5139
  34100.00     9.0725
  34110.00     8.9517
  34120.00     9.2198
  34130.00     8.9102
  34140.00     9.0085
  34150.00     9.0879
  34160.00     9.3776
  34170.00     9.0768
  34180.00     9.0420
  34190.00     8.8913
  34200.00     9.0893
  34210.00     9.0619
  34220.00     8.9167
  34230.00     9.0168
  34240.00     9.3154
  34250.00     9.0968
  34260.00     9.1477
  34270.00     8.7197
  34280.00     8.7180
  34290.00     9.1883
  34300.00     9.2589
  34310.00     9.1121
  34320.00     8.6017
  34330.00     9.3141
  34340.00     9.4325
  34350.00     9.1263
  34360.00     9.0677
  34370.00     8.1982
  34380.00     9.2041
  34390.00     8.6480
  34400.00     8.7801
  34410.00     8.9403
  34420.00     8.8836
  34430.00     9.3830
  34440.00     8.7367
  34450.00     8.5396
  34460.00     8.6668
  34470.00     8.8682
  34480.00     8.7338
  34490.00     8.9460
  34500.00     8.8668
  34510.00     8.7710
  34520.00     9.1373
  34530.00     8.6452
  34540.00     8.8412
  34550.00     8.9257
  34560.00     8.4638
  34570.00     8.7706
  34580.00     8.9566
  34590.00     9.3041
  34600.00     8.8944
  34610.00     8.7482
  34620.00     9.1567
  34630.00     9.0944
  34640.00     9.0608
  34650.00     8.9362
  34660.00     9.2738
  34670.00     9.0599
  34680.00     8.9945
  34690.00     9.0341
  34700.00     8.5258
  34710.00     8.8846
  34720.00     9.0853
  34730.00     9.0617
  34740.00     9.1668
  34750.00     8.8566
  34760.00     8.6315
  34770.00     9.1600
  34780.00     8.7717
  34790.00     9.1182
  34800.00     9.2466
  34810.00     9.2149
  34820.00     9.0542
  34830.00     8.8438
  34840.00     9.1477
  34850.00     9.5181
  34860.00     8.7923
  34870.00     9.4613
  34880.00     9.2017
  34890.00     9.0304
  34900.00     9.1985
  34910.00     9.2725
  34920.00     9.3284
  34930.00     8.8645
  34940.00     9.2509
  34950.00     9.4032
  34960.00     8.9958
  34970.00     9.4059
  34980.00     9.4912
  34990.00     8.7422
  35000.00     8.7486
  35010.00     9.0910
  35020.00     8.7010
  35030.00     9.0610
  35040.00     9.2812
  35050.00     9.2976
  35060.00     8.9700
  35070.00     8.5490
  35080.00     9.4300
  35090.00     9.1256
  35100.00     9.3333
  35110.00     8.8541
  35120.00     8.8227
  35130.00     8.9093
  35140.00     9.0260
  35150.00     8.8023
  35160.00     9.2644
  35170.00     8.6825
  35180.00     8.8501
  35190.00     8.8256
  35200.00     8.9075
  35210.00     9.2785
  35220.00     9.0093
  35230.00     9.0680
  35240.00     9.0982
  35250.00     9.0196
  35260.00     8.7210
  35270.00     8.4682
  35280.00     9.1964
  35290.00     9.2267
  35300.00     8.2524
  35310.00     9.0084
  35320.00     8.9046
  35330.00     9.0877
  35340.00     8.8434
  35350.00     8.8854
  35360.00     9.1808
  35370.00     9.2720
  35380.00     9.0207
  35390.00     8.8566
  35400.00     9.2158
  35410.00     9.3446
  35420.00     9.0043
  35430.00     8.8480
  35440.00     9.4154
  35450.00     9.6516
  35460.00     8.9053
  35470.00     8.8618
  35480.00     9.2498
  35490.00     8.9753
  35500.00     9.0757
  35510.00     8.5413
  35520.00     8.4649
  35530.00     8.5122
  35540.00     8.3274
  35550.00     8.5390
  35560.00     8.9818
  35570.00     9.0469
  35580.00     8.8391
  35590.00     8.9646
  35600.00     9.3169
  35610.00     8.7633
  35620.00     9.1416
  35630.00     9.0136
  35640.00     8.9819
  35650.00     9.0443
  35660.00     9.1359
  35670.00     8.8894
  35680.00     9.2679
  35690.00     8.9594
  35700.00     9.2267
  35710.00     9.3246
  35720.00     9.0252
  35730.00     8.9648
  35740.00     9.1725
  35750.00     9.7613
  35760.00     8.3618
  35770.00     8.9792
  35780.00     9.2410
  35790.00     8.6049
  35800.00     8.8885
  35810.00     8.9052
  35820.00     9.0398
  35830.00     8.8600
  35840.00     8.8187
  35850.00     8.8917
  35860.00     8.7589
  35870.00     8.9269
  35880.00     8.8372
  35890.00     8.4025
  35900.00     8.7027
  35910.00     8.5147
  35920.00     8.6177
  35930.00     8.7230
  35940.00     8.8382
  35950.00     8.5840
  35960.00     8.5660
  35970.00     9.0570
  35980.00     9.1470
  35990.00     8.8206
  36000.00     9.0301
  36010.00     9.5633
  36020.00     8.7531
  36030.00     9.6530
  36040.00     9.2519
  36050.00     9.7727
  36060.00     9.4682
  36070.00     9.0970
  36080.00     9.2230
  36090.00     8.7744
  36100.00     9.2104
  36110.00     9.2284
  36120.00     9.3589
  36130.00     9.1754
  36140.00     8.6736
  36150.00     8.7365
  36160.00     8.7557
  36170.00     8.7526
  36180.00     9.1402
  36190.00     9.1285
  36200.00     9.3779
  36210.00     9.2137
  36220.00     9.1171
  36230.00     8.5130
  36240.00     8.8904
  36250.00     8.6663
  36260.00     9.2712
  36270.00     8.5672
  36280.00     9.2805
  36290.00     8.6592
  36300.00     9.2350
  36310.00     9.0847
  36320.00     9.2792
  36330.00     8.9365
  36340.00     8.8164
  36350.00     8.9655
  36360.00     9.2774
  36370.00     8.8080
  36380.00     8.9810
  36390.00     9.3023
  36400.00     8.5569
  36410.00     9.3274
  36420.00     8.7856
  36430.00     8.9998
  36440.00     8.9098
  36450.00     9.0786
  36460.00     9.0960
  36470.00     8.8744
  36480.00     9.1322
  36490.00     8.9997
  36500.00     9.2977
  36510.00     9.0085
  36520.00     8.9545
  36530.00     8.6770
  36540.00     9.4818
  36550.00     9.4088
  36560.00     9.1129
  36570.00     9.2334
  36580.00     8.8867
  36590.00     8.5531
  36600.00     9.1490
  36610.00     9.3915
  36620.00     9.0611
  36630.00     9.1130
  36640.00     9.4360
  36650.00     8.9552
  36660.00     8.5570
  36670.00     9.3405
  36680.00     8.3051
  36690.00     8.9594
  36700.00     9.3613
  36710.00     8.7803
  36720.00     8.7899
  36730.00     8.7176
  36740.00     8.6392
  36750.00     8.7866
  36760.00     9.0083
  36770.00     8.8741
  36780.00     9.1189
  36790.00     9.3066
  36800.00     8.9035
  36810.00     9.0805
  36820.00     8.8854
  36830.00     8.8261
  36840.00     9.0532
  36850.00     9.0248
  36860.00     8.4174
  36870.00     9.1686
  36880.00     8.8453
  36890.00     8.9003
  36900.00     8.8870
  36910.00     8.9972
  36920.00     9.2794
  36930.00     9.1255
  36940.00     9.3065
  36950.00     8.5375
  36960.00     9.0483
  36970.00     9.0221
  36980.00     8.6979
  36990.00     9.0587
  37000.00     9.1501
  37010.00     8.3060
  37020.00     9.4115
  37030.00     9.1201
  37040.00     9.1789
  37050.00     9.3600
  37060.00     9.3014
  37070.00     8.9957
  37080.00     8.8120
  37090.00     9.5368
  37100.00     9.3157
  37110.00     9.1674
  37120.00     8.9585
  37130.00     8.5598
  37140.00     8.6549
  37150.00     8.7896
  37160.00     8.5700
  37170.00     9.2219
  37180.00     9.4089
  37190.00     8.8510
  37200.00     9.4940
  37210.00     8.8721
  37220.00     8.8242
  37230.00     9.0963
  37240.00     8.7913
  37250.00     9.4653
  37260.00     9.0597
  37270.00     8.8402
  37280.00     8.5269
  37290.00     8.8021
  37300.00     8.7494
  37310.00     8.9543
  37320.00     8.8286
  37330.00     8.9103
  37340.00     9.1737
  37350.00     8.5351
  37360.00     8.8113
  37370.00     8.7016
  37380.00     8.6841
  37390.00     8.8367
  37400.00     8.9222
  37410.00     8.7354
  37420.00     8.5035
  37430.00     8.8862
  37440.00     8.4859
  37450.00     8.8744
  37460.00     8.9267
  37470.00     9.2291
  37480.00     9.1244
  37490.00     9.1434
  37500.00     8.9309
  37510.00     9.3654
  37520.00     9.1104
  37530.00     9.1593
  37540.00     9.4398
  37550.00     8.8421
  37560.00     9.0808
  37570.00     9.1529
  37580.00     8.9841
  37590.00     8.7659
  37600.00     8.7911
  37610.00     9.2462
  37620.00     8.6102
  37630.00     8.6066
  37640.00     8.6457
  37650.00     9.2261
  37660.00     8.7197
  37670.00     9.1925
  37680.00     9.2033
  37690.00     8.5637
  37700.00     8.9647
  37710.00     8.8096
  37720.00     8.8311
  37730.00     9.4647
  37740.00     8.7320
  37750.00     8.6433
  37760.00     9.2919
  37770.00     8.9314
  37780.00     8.5949
  37790.00     9.0855
  37800.00     9.0302
  37810.00     8.8761
  37820.00     9.0713
  37830.00     9.2734
  37840.00     8.5583
  37850.00     8.8029
  37860.00     9.0140
  37870.00     8.8399
  37880.00     9.3040
  37890.00     9.1160
  37900.00     9.0463
  37910.00     8.5907
  37920.00     9.1713
  37930.00     8.6343
  37940.00     8.6106
  37950.00     8.7369
  37960.00     8.5045
  37970.00     8.7056
  37980.00     8.5248
  37990.00     8.8325
  38000.00     8.9522
  38010.00     9.2210
  38020.00     8.8019
  38030.00     8.9834
  38040.00     8.5335
  38050.00     8.8452
  38060.00     8.9462
  38070.00     9.0333
  38080.00     8.6563
  38090.00     8.7938
  38100.00     9.2000
  38110.00     8.6014
  38120.00     8.6490
  38130.00     8.6857
  38140.00     8.8660
  38150.00     9.1312
  38160.00     8.9547
  38170.00     9.1682
  38180.00     8.8156
  38190.00     9.1715
  38200.00     9.3797
  38210.00     9.2684
  38220.00     8.9509
  38230.00     8.6203
  38240.00     8.5376
  38250.00     8.7411
  38260.00     9.0620
  38270.00     8.8167
  38280.00     7.9918
  38290.00     8.6161
  38300.00     8.5161
  38310.00     8.8353
  38320.00     8.9275
  38330.00     9.1410
  38340.00     9.0037
  38350.00     8.8739
  38360.00     8.8660
  38370.00     8.4740
  38380.00     8.3771
  38390.00     8.9996
  38400.00     8.3585
  38410.00     9.1338
  38420.00     8.9763
  38430.00     8.6863
  38440.00     9.1263
  38450.00     8.9651
  38460.00     9.0668
  38470.00     9.1708
  38480.00     9.1978
  38490.00     9.3563
  38500.00     8.9701
  38510.00     8.7025
  38520.00     9.1236
  38530.00     8.8823
  38540.00     9.2142
  38550.00     8.9712
  38560.00     9.2026
  38570.00     9.1151
  38580.00     8.6912
  38590.00     9.4653
  38600.00     8.5656
  38610.00     9.0318
  38620.00     8.6509
  38630.00     9.1790
  38640.00     9.0344
  38650.00     9.0175
  38660.00     9.0554
  38670.00     9.0407
  38680.00     9.0176
  38690.00     8.5034
  38700.00     8.7884
  38710.00     9.1482
  38720.00     9.0845
  38730.00     9.2304
  38740.00     9.3666
  38750.00     8.8463
  38760.00     9.1468
  38770.00     8.4072
  38780.00     8.8330
  38790.00     9.0087
  38800.00     8.5021
  38810.00     9.2136
  38820.00     8.7915
  38830.00     8.3425
  38840.00     9.0223
  38850.00     8.6417
  38860.00     8.4019
  38870.00     8.7522
  38880.00     8.6741
  38890.00     9.2328
  38900.00     9.2848
  38910.00     9.0856
  38920.00     9.5250
  38930.00     8.9519
  38940.00     8.8881
  38950.00     8.9947
  38960.00     8.9874
  38970.00     8.7380
  38980.00     8.6496
  38990.00     9.0145
  39000.00     8.2940
  39010.00     8.8752
  39020.00     8.8537
  39030.00     8.8966
  39040.00     8.8815
  39050.00     9.1546
  39060.00     9.6250
  39070.00     9.2451
  39080.00     9.0635
  39090.00     9.4372
  39100.00     9.0991
  39110.00     8.5351
  39120.00     9.2004
  39130.00     9.0522
  39140.00     9.2520
  39150.00     9.2244
  39160.00     9.3836
  39170.00     8.9885
  39180.00     9.1022
  39190.00     8.9727
  39200.00     8.8182
  39210.00     8.8951
  39220.00     8.7107
  39230.00     8.1215
  39240.00     8.7729
  39250.00     8.5914
  39260.00     8.5240
  39270.00     8.7732
  39280.00     9.1332
  39290.00     8.5963
  39300.00     9.0021
  39310.00     9.2066
  39320.00     8.9402
  39330.00     9.0221
  39340.00     8.6112
  39350.00     8.8635
  39360.00     9.1147
  39370.00     8.6941
  39380.00     9.0443
  39390.00     8.9880
  39400.00     9.1613
  39410.00     9.3148
  39420.00     8.7312
  39430.00     9.1182
  39440.00     8.8064
  39450.00     8.8958
  39460.00     8.9532
  39470.00     9.1054
  39480.00     8.8080
  39490.00     8.9623
  39500.00     9.0797
  39510.00     8.9933
  39520.00     9.4129
  39530.00     9.1367
  39540.00     9.5000
  39550.00     8.8694
  39560.00     8.9123
  39570.00     9.1968
  39580.00     8.7101
  39590.00     8.5417
  39600.00     8.6836
  39610.00     9.2829
  39620.00     9.4144
  39630.00     8.8464
  39640.00     8.8426
  39650.00     8.9961
  39660.00     9.1433
  39670.00     9.1627
  39680.00     8.6925
  39690.00     8.8836
  39700.00     8.8597
  39710.00     9.0415
  39720.00     8.9194
  39730.00     9.1097
  39740.00     9.2713
  39750.00     8.8256
  39760.00     9.1188
  39770.00     9.2582
  39780.00     9.1229
  39790.00     9.0688
  39800.00     9.3622
  39810.00     8.9011
  39820.00     9.0494
  39830.00     9.4095
  39840.00     9.1624
  39850.00     9.5611
  39860.00     9.1692
  39870.00     9.3613
  39880.00     9.0542
  39890.00     9.3701
  39900.00     9.2775
  39910.00     9.1876
  39920.00     9.4165
  39930.00     8.6092
  39940.00     8.6043
  39950.00     8.6856
  39960.00     8.7914
  39970.00     9.0872
  39980.00     9.1195
  39990.00     8.8040
  40000.00     8.7811
  40010.00     8.7522
  40020.00     9.2202
  40030.00     8.6688
  40040.00     8.4959
  40050.00     8.8316
  40060.00     9.2331
  40070.00     8.3381
  40080.00     8.9801
  40090.00     9.1351
  40100.00     8.9755
  40110.00     8.7782
  40120.00     8.8754
  40130.00     8.6930
  40140.00     8.9233
  40150.00     8.7544
  40160.00     8.9891
  40170.00     7.8844
  40180.00     8.8502
  40190.00     9.1361
  40200.00     8.7323
  40210.00     8.0164
  40220.00     8.6096
  40230.00     8.6195
  40240.00     8.7810
  40250.00     8.5733
  40260.00     8.6818
  40270.00     8.7148
  40280.00     8.8371
  40290.00     8.8524
  40300.00     9.0037
  40310.00     8.5630
  40320.00     8.4497
  40330.00     8.3882
  40340.00     8.4788
  40350.00     8.5169
  40360.00     9.3575
  40370.00     8.6950
  40380.00     8.8945
  40390.00     9.1702
  40400.00     9.1604
  40410.00     9.0961
  40420.00     9.1441
  40430.00     9.0263
  40440.00     8.8606
  40450.00     8.8786
  40460.00     8.6505
  40470.00     9.4534
  40480.00     8.7243
  40490.00     7.9262
  40500.00     9.2814
  40510.00     9.1794
  40520.00     8.9975
  40530.00     9.2397
  40540.00     8.6911
  40550.00     8.9138
  40560.00     8.4611
  40570.00     9.0851
  40580.00     9.2726
  40590.00     9.1836
  40600.00     9.4460
  40610.00     8.8371
  40620.00     9.0287
  40630.00     9.1917
  40640.00     8.8973
  40650.00     9.4552
  40660.00     9.1616
  40670.00     9.5467
  40680.00     9.5148
  40690.00     9.2254
  40700.00     8.5712
  40710.00     9.3617
  40720.00     9.6866
  40730.00     9.4138
  40740.00     9.0496
  40750.00     8.9741
  40760.00     9.5490
  40770.00     9.2961
  40780.00     9.2443
  40790.00     8.9187
  40800.00     9.3664
  40810.00     8.5698
  40820.00     9.0711
  40830.00     9.3188
  40840.00     8.7678
  40850.00     9.3420
  40860.00     9.3334
  40870.00     8.5834
  40880.00     9.3704
  40890.00     9.3567
  40900.00     9.1064
  40910.00     9.1310
  40920.00     9.0244
  40930.00     9.1746
  40940.00     8.9964
  40950.00     9.4984
  40960.00     9.2777
  40970.00     8.8842
  40980.00     8.9620
  40990.00     8.5749
  41000.00     8.8270
  41010.00     8.7202
  41020.00     8.6263
  41030.00     8.7305
  41040.00     9.1459
  41050.00     8.6613
  41060.00     8.7396
  41070.00     9.0486
  41080.00     9.4048
  41090.00     9.3183
  41100.00     8.9719
  41110.00     9.3777
  41120.00     9.3552
  41130.00     8.8224
  41140.00     9.1794
  41150.00     9.4201
  41160.00     9.3272
  41170.00     8.9818
  41180.00     9.1625
  41190.00     9.2871
  41200.00     8.8451
  41210.00     9.0782
  41220.00     9.1305
  41230.00     8.8310
  41240.00     9.0696
  41250.00     8.8318
  41260.00     9.0094
  41270.00     8.8690
  41280.00     9.2665
  41290.00     8.9612
  41300.00     8.8535
  41310.00     9.0379
  41320.00     9.1674
  41330.00     9.0727
  41340.00     9.1611
  41350.00     8.7603
  41360.00     8.9036
  41370.00     8.9490
  41380.00     9.0375
  41390.00     9.1742
  41400.00     8.9040
  41410.00     9.1694
  41420.00     9.2360
  41430.00     9.1428
  41440.00     8.7496
  41450.00     8.9959
  41460.00     9.2512
  41470.00     8.5908
  41480.00     9.0314
  41490.00     9.3532
  41500.00     9.3329
  41510.00     8.8099
  41520.00     9.3161
  41530.00     8.7819
  41540.00     9.4151
  41550.00     8.9525
  41560.00     8.9876
  41570.00     8.9213
  41580.00     9.0238
  41590.00     9.3531
  41600.00     9.2776
  41610.00     9.3115
  41620.00     9.3228
  41630.00     9.1825
  41640.00     9.5988
  41650.00     9.1281
  41660.00     8.6850
  41670.00     9.1930
  41680.00     9.0953
  41690.00     8.7761
  41700.00     9.1065
  41710.00     9.0167
  41720.00     9.0627
  41730.00     9.1556
  41740.00     9.4982
  41750.00     9.5643
  41760.00     8.7299
  41770.00     8.8766
  41780.00     9.3763
  41790.00     9.4747
  41800.00     9.3063
  41810.00     9.3632
  41820.00     9.5843
  41830.00     9.0785
  41840.00     9.4609
  41850.00     9.8187
  41860.00     9.3319
  41870.00     9.2232
  41880.00     9.4356
  41890.00     8.9963
  41900.00     9.2801
  41910.00     8.8077
  41920.00     9.1533
  41930.00     9.1352
  41940.00     9.2524
  41950.00     9.1038
  41960.00     9.0438
  41970.00     9.4635
  41980.00     9.1366
  41990.00     8.5175
  42000.00     8.5551
  42010.00     8.8693
  42020.00     9.0140
  42030.00     9.0828
  42040.00     9.3375
  42050.00     8.6489
  42060.00     9.2505
  42070.00     9.2988
  42080.00     8.9610
  42090.00     9.1545
  42100.00     8.9757
  42110.00     8.5684
  42120.00     9.0068
  42130.00     8.9498
  42140.00     9.3318
  42150.00     8.6068
  42160.00     9.3746
  42170.00     9.0435
  42180.00     8.7294
  42190.00     8.7081
  42200.00     8.4649
  42210.00     9.2376
  42220.00     9.4339
  42230.00     9.1772
  42240.00     8.7842
  42250.00     9.1396
  42260.00     9.0901
  42270.00     8.8284
  42280.00     8.6684
  42290.00     8.8943
  42300.00     8.4108
  42310.00     8.6967
  42320.00     8.7538
  42330.00     8.8475
  42340.00     8.0954
  42350.00     8.9651
  42360.00     8.9717
  42370.00     9.3106
  42380.00     9.5757
  42390.00     9.0130
  42400.00     9.0487
  42410.00     9.2964
  42420.00     9.1225
  42430.00     9.5871
  42440.00     9.1289
  42450.00     9.2134
  42460.00     8.9143
  42470.00     8.9075
  42480.00     8.8608
  42490.00     8.9058
  42500.00     9.2124
  42510.00     8.6877
  42520.00     9.1172
  42530.00     9.0944
  42540.00     9.3392
  42550.00     9.3868
  42560.00     8.8721
  42570.00     8.9730
  42580.00     9.2690
  42590.00     9.5389
  42600.00     9.2879
  42610.00     9.4443
  42620.00     9.1919
  42630.00     9.0849
  42640.00     9.4674
  42650.00     9.0348
  42660.00     9.0843
  42670.00     9.1011
  42680.00     9.1555
  42690.00     9.2947
  42700.00     9.0130
  42710.00     8.8435
  42720.00     8.6690
  42730.00     8.5712
  42740.00     8.8718
  42750.00     9.2954
  42760.00     9.4175
  42770.00     8.9686
  42780.00     8.9580
  42790.00     8.7470
  42800.00     8.8431
  42810.00     8.9708
  42820.00     8.9905
  42830.00     8.7973
  42840.00     9.0900
  42850.00     9.2537
  42860.00     8.8809
  42870.00     9.1258
  42880.00     9.0049
  42890.00     8.9746
  42900.00     8.7732
  42910.00     8.6795
  42920.00     9.0959
  42930.00     8.7621
  42940.00     8.1800
  42950.00     8.6729
  42960.00     9.1553
  42970.00     8.3675
  42980.00     8.8339
  42990.00     8.9299
  43000.00     9.6138
  43010.00     9.3090
  43020.00     9.0559
  43030.00     8.5430
  43040.00     8.7561
  43050.00     8.5749
  43060.00     9.1541
  43070.00     8.9543
  43080.00     9.3443
  43090.00     9.4692
  43100.00     9.6585
  43110.00     8.5457
  43120.00     8.9897
  43130.00     9.2575
  43140.00     8.7826
  43150.00     9.1833
  43160.00     9.1861
  43170.00     9.3032
  43180.00     9.1493
  43190.00     8.7667
  43200.00     8.9832
  43210.00     9.0748
  43220.00     9.1104
  43230.00     8.9499
  43240.00     8.8868
  43250.00     8.7891
  43260.00     9.0272
  43270.00     8.8917
  43280.00     9.1769
  43290.00     9.2358
  43300.00     8.7852
  43310.00     8.7667
  43320.00     8.8406
  43330.00     8.9653
  43340.00     9.3541
  43350.00     9.3085
  43360.00     8.9871
  43370.00     9.2352
  43380.00     9.1778
  43390.00     9.3302
  43400.00     9.5530
  43410.00     9.2883
  43420.00     9.4197
  43430.00     9.6306
  43440.00     9.0943
  43450.00     8.9801
  43460.00     8.3894
  43470.00     8.6405
  43480.00     8.4033
  43490.00     8.8986
  43500.00     9.0721
  43510.00     8.7748
  43520.00     8.9422
  43530.00     8.4660
  43540.00     8.5246
  43550.00     8.8517
  43560.00     8.9141
  43570.00     9.4186
  43580.00     9.4560
  43590.00     8.9334
  43600.00     9.2134
  43610.00     9.6505
  43620.00     8.5393
  43630.00     9.1560
  43640.00     8.9827
  43650.00     9.3979
  43660.00     8.6272
  43670.00     8.6297
  43680.00     9.2650
  43690.00     9.3863
  43700.00     9.2899
  43710.00     9.1741
  43720.00     8.5948
  43730.00     9.1055
  43740.00     8.2101
  43750.00     8.5808
  43760.00     8.9196
  43770.00     8.7141
  43780.00     9.1382
  43790.00     9.0842
  43800.00     9.4933
  43810.00     9.2071
  43820.00     9.1876
  43830.00     9.0081
  43840.00     9.1820
  43850.00     9.5998
  43860.00     9.0812
  43870.00     9.4113
  43880.00     9.1055
  43890.00     8.9408
  43900.00     9.2646
  43910.00     9.0576
  43920.00     8.8806
  43930.00     9.3824
  43940.00     9.5327
  43950.00     9.0974
  43960.00     9.4690
  43970.00     9.2067
  43980.00     9.2816
  43990.00     9.0764
  44000.00     8.5007
  44010.00     9.0668
  44020.00     9.1789
  44030.00     9.0559
  44040.00     9.1133
  44050.00     9.0489
  44060.00     8.9258
  44070.00     9.0548
  44080.00     8.9357
  44090.00     9.5392
  44100.00     9.3568
  44110.00     8.7574
  44120.00     9.3554
  44130.00     9.4155
  44140.00     9.0192
  44150.00     9.2536
  44160.00     8.8812
  44170.00     9.2315
  44180.00     9.2805
  44190.00     8.9960
  44200.00     8.9793
  44210.00     9.1030
  44220.00     9.5327
  44230.00     9.4046
  44240.00     9.1322
  44250.00     9.1145
  44260.00     9.2668
  44270.00     9.0865
  44280.00     9.1583
  44290.00     8.8494
  44300.00     8.6694
  44310.00     9.4361
  44320.00     9.7444
  44330.00     9.6937
  44340.00     9.1521
  44350.00     9.0668
  44360.00     9.6160
  44370.00     9.3019
  44380.00     9.3549
  44390.00     8.6512
  44400.00     9.3636
  44410.00     8.8537
  44420.00     8.9914
  44430.00     9.3011
  44440.00     8.3365
  44450.00     9.1036
  44460.00     9.0269
  44470.00     8.9156
  44480.00     8.8377
  44490.00     9.1455
  44500.00     9.1286
  44510.00     9.1988
  44520.00     8.9406
  44530.00     8.9290
  44540.00     8.9578
  44550.00     9.1978
  44560.00     9.5532
  44570.00     9.1419
  44580.00     9.2242
  44590.00     9.2600
  44600.00     8.8924
  44610.00     8.4600
  44620.00     8.9017
  44630.00     8.7366
  44640.00     9.1739
  44650.00     8.9739
  44660.00     8.6186
  44670.00     8.8426
  44680.00     9.1335
  44690.00     8.6580
  44700.00     8.4889
  44710.00     8.4873
  44720.00     8.7786
  44730.00     9.2876
  44740.00     8.9543
  44750.00     8.5762
  44760.00     8.8989
  44770.00     8.6707
  44780.00     9.0636
  44790.00     8.8372
  44800.00     9.0014
  44810.00     9.0047
  44820.00     8.9848
  44830.00     9.0908
  44840.00     8.4143
  44850.00     8.4308
  44860.00     8.6335
  44870.00     8.8610
  44880.00     8.9718
  44890.00     9.3837
  44900.00     9.3304
  44910.00     9.3459
  44920.00     8.9806
  44930.00     9.0641
  44940.00     8.7231
  44950.00     8.5211
  44960.00     8.4634
  44970.00     8.6980
  44980.00     9.1108
  44990.00     9.0219
  45000.00     8.5766
  45010.00     8.7071
  45020.00     8.9345
  45030.00     8.1984
  45040.00     8.8882
  45050.00     9.2011
  45060.00     9.3700
  45070.00     9.2129
  45080.00     8.8811
  45090.00     9.2718
  45100.00     9.0834
  45110.00     9.1761
  45120.00     9.3404
  45130.00     8.7713
  45140.00     9.5557
  45150.00     9.7419
  45160.00     9.2391
  45170.00     9.1818
  45180.00     9.6898
  45190.00     8.7776
  45200.00     8.7407
  45210.00     8.8908
  45220.00     9.3638
  45230.00     9.3832
  45240.00     8.9323
  45250.00     8.9308
  45260.00     9.5696
  45270.00     9.2600
  45280.00     8.6484
  45290.00     8.7071
  45300.00     8.7987
  45310.00     9.4339
  45320.00     9.6160
  45330.00     9.3459
  45340.00     9.0379
  45350.00     8.7782
  45360.00     8.6474
  45370.00     9.6333
  45380.00     9.3717
  45390.00     9.0726
  45400.00     9.3838
  45410.00     8.8461
  45420.00     8.6737
  45430.00     9.5748
  45440.00     9.1928
  45450.00     9.3698
  45460.00     9.1653
  45470.00     9.0110
  45480.00     9.3106
  45490.00     8.5159
  45500.00     9.5476
  45510.00     9.0170
  45520.00     9.0573
  45530.00     9.4367
  45540.00     9.0331
  45550.00     9.0303
  45560.00     9.5460
  45570.00     8.6193
  45580.00     9.4630
  45590.00     9.0740
  45600.00     9.0578
  45610.00     9.3027
  45620.00     9.0418
  45630.00     8.9402
  45640.00     9.7956
  45650.00     8.8645
  45660.00     9.6866
  45670.00     9.3664
  45680.00     9.2984
  45690.00     8.9679
  45700.00     8.6718
  45710.00     9.0044
  45720.00     8.9743
  45730.00     8.6656
  45740.00     8.9686
  45750.00     8.8979
  45760.00     9.4022
  45770.00     8.5654
  45780.00     8.9397
  45790.00     9.2120
  45800.00     9.0023
  45810.00     9.1968
  45820.00     9.4078
  45830.00     9.1208
  45840.00     9.1163
  45850.00     9.5607
  45860.00     8.9602
  45870.00     9.5746
  45880.00     9.3896
  45890.00     8.9957
  45900.00     9.0185
  45910.00     9.0406
  45920.00     8.8619
  45930.00     8.9431
  45940.00     9.5569
  45950.00     9.5789
  45960.00     9.3648
  45970.00     9.6775
  45980.00     9.1611
  45990.00     8.8177
  46000.00     8.6973
  46010.00     9.4589
  46020.00     8.9475
  46030.00     9.0142
  46040.00     9.2529
  46050.00     9.2402
  46060.00     9.3277
  46070.00     9.3872
  46080.00     9.3724
  46090.00     9.1488
  46100.00     9.2376
  46110.00     8.8764
  46120.00     9.0799
  46130.00     9.1243
  46140.00     8.7754
  46150.00     9.5121
  46160.00     8.9423
  46170.00     8.8392
  46180.00     8.8800
  46190.00     9.0960
  46200.00     9.2619
  46210.00     9.5038
  46220.00     9.3196
  46230.00     9.3543
  46240.00     9.5312
  46250.00     8.8341
  46260.00     9.4394
  46270.00     8.7486
  46280.00     9.3328
  46290.00     9.5012
  46300.00     9.4336
  46310.00     9.3110
  46320.00     9.1662
  46330.00     9.4141
  46340.00     8.8651
  46350.00     9.0393
  46360.00     9.6754
  46370.00     8.8338
  46380.00     9.0679
  46390.00     9.2117
  46400.00     8.8405
  46410.00     9.1851
  46420.00     9.3170
  46430.00     9.0652
  46440.00     9.1652
  46450.00     9.0459
  46460.00     9.0967
  46470.00     9.1632
  46480.00     9.3115
  46490.00     9.1362
  46500.00     9.1569
  46510.00     8.9582
  46520.00     9.0252
  46530.00     9.0810
  46540.00     8.9030
  46550.00     8.9389
  46560.00     8.8348
  46570.00     9.0377
  46580.00     8.7216
  46590.00     9.0413
  46600.00     8.5068
  46610.00     8.5041
  46620.00     8.7587
  46630.00     8.4261
  46640.00     9.1188
  46650.00     8.7983
  46660.00     8.9420
  46670.00     8.7679
  46680.00     8.8377
  46690.00     9.3732
  46700.00     8.5002
  46710.00     8.7095
  46720.00     8.8835
  46730.00     9.1552
  46740.00     8.5435
  46750.00     9.2245
  46760.00     8.8949
  46770.00     8.9145
  46780.00     9.1706
  46790.00     8.9856
  46800.00     9.3165
  46810.00     8.7620
  46820.00     9.1285
  46830.00     9.4602
  46840.00     8.6544
  46850.00     8.8754
  46860.00     8.8248
  46870.00     8.7458
  46880.00     9.4817
  46890.00     8.7213
  46900.00     8.8687
  46910.00     9.4103
  46920.00     9.0435
  46930.00     9.0652
  46940.00     9.3262
  46950.00     9.1220
  46960.00     9.0632
  46970.00     9.2969
  46980.00     9.1859
  46990.00     8.8888
  47000.00     9.0141
  47010.00     9.0312
  47020.00     9.1218
  47030.00     8.8237
  47040.00     9.1612
  47050.00     9.2662
  47060.00     8.5729
  47070.00     9.2127
  47080.00     9.1702
  47090.00     9.2530
  47100.00     9.0194
  47110.00     9.0174
  47120.00     8.9850
  47130.00     8.8626
  47140.00     8.5057
  47150.00     8.7297
  47160.00     8.3386
  47170.00     8.9553
  47180.00     8.6017
  47190.00     9.0044
  47200.00     8.8942
  47210.00     8.3201
  47220.00     9.0786
  47230.00     9.1425
  47240.00     9.2511
  47250.00     9.3521
  47260.00     9.1892
  47270.00     8.7703
  47280.00     8.7848
  47290.00     9.4553
  47300.00     8.7209
  47310.00     9.0149
  47320.00     8.8600
  47330.00     9.1030
  47340.00     8.8910
  47350.00     8.7345
  47360.00     8.3355
  47370.00     8.5401
  47380.00     8.9300
  47390.00     9.0905
  47400.00     9.2046
  47410.00     8.8935
  47420.00     8.9047
  47430.00     8.8241
  47440.00     8.5710
  47450.00     9.2872
  47460.00     9.0787
  47470.00     8.8723
  47480.00     8.8635
  47490.00     9.1463
  47500.00     8.9479
  47510.00     8.8365
  47520.00     8.7235
  47530.00     8.8794
  47540.00     8.4297
  47550.00     9.2900
  47560.00     9.2973
  47570.00     9.0057
  47580.00     9.1225
  47590.00     9.1112
  47600.00     8.9378
  47610.00     8.8157
  47620.00     9.3430
  47630.00     8.7703
  47640.00     9.1748
  47650.00     8.9050
  47660.00     9.2604
  47670.00     9.0865
  47680.00     8.7135
  47690.00     8.9233
  47700.00     9.3387
  47710.00     8.7341
  47720.00     9.3261
  47730.00     9.6612
  47740.00     8.7274
  47750.00     9.5604
  47760.00     9.0352
  47770.00     9.2071
  47780.00     8.8214
  47790.00     9.4476
  47800.00     9.2738
  47810.00     8.9648
  47820.00     8.4954
  47830.00     8.6317
  47840.00     8.2982
  47850.00     9.3942
  47860.00     9.0003
  47870.00     8.7753
  47880.00     8.7613
  47890.00     9.3526
  47900.00     8.6315
  47910.00     8.8057
  47920.00     9.0845
  47930.00     9.0351
  47940.00     8.7327
  47950.00     9.1508
  47960.00     8.7418
  47970.00     9.1981
  47980.00     8.5580
  47990.00     8.5530
  48000.00     8.9292
  48010.00     8.5335
  48020.00     8.6640
  48030.00     9.0832
  48040.00     8.9929
  48050.00     9.0177
  48060.00     8.7881
  48070.00     9.3591
  48080.00     9.0060
  48090.00     8.9554
  48100.00     9.4880
  48110.00     9.0196
  48120.00     8.8920
  48130.00     8.9514
  48140.00     9.2304
  48150.00     9.2753
  48160.00     9.0359
  48170.00     9.3021
  48180.00     9.5053
  48190.00     9.3741
  48200.00     8.9510
  48210.00     8.9726
  48220.00     9.3529
  48230.00     9.0437
  48240.00     8.8244
  48250.00     8.9290
  48260.00     8.7814
  48270.00     8.9713
  48280.00     9.2092
  48290.00     9.4748
  48300.00     9.1955
  48310.00     8.9276
  48320.00     9.2269
  48330.00     9.2710
  48340.00     8.7941
  48350.00     9.2159
  48360.00     8.6340
  48370.00     8.7060
  48380.00     8.5098
  48390.00     9.4299
  48400.00     8.8815
  48410.00     9.4367
  48420.00     9.2657
  48430.00     9.0008
  48440.00     9.2697
  48450.00     9.5107
  48460.00     8.9621
  48470.00     9.0268
  48480.00     9.0821
  48490.00     9.8423
  48500.00     8.8652
  48510.00     9.2904
  48520.00     9.3774
  48530.00     9.1209
  48540.00     9.1895
  48550.00     9.1537
  48560.00     9.0086
  48570.00     9.4725
  48580.00     8.7425
  48590.00     9.2015
  48600.00     9.2645
  48610.00     9.4427
  48620.00     9.0695
  48630.00     9.2728
  48640.00     8.7421
  48650.00     9.2843
  48660.00     8.6303
  48670.00     8.2866
  48680.00     9.3609
  48690.00     8.9184
  48700.00     9.0422
  48710.00     9.0010
  48720.00     8.8032
  48730.00     8.6346
  48740.00     8.8158
  48750.00     8.9337
  48760.00     8.7307
  48770.00     9.1592
  48780.00     9.0277
  48790.00     9.4210
  48800.00     9.4119
  48810.00     8.8104
  48820.00     8.8896
  48830.00     8.8561
  48840.00     8.8219
  48850.00     8.7897
  48860.00     8.1948
  48870.00     8.8096
  48880.00     9.2224
  48890.00     9.3874
  48900.00     8.5960
  48910.00     8.9147
  48920.00     8.9194
  48930.00     9.0268
  48940.00     8.8561
  48950.00     8.5731
  48960.00     9.2016
  48970.00     8.8387
  48980.00     8.8996
  48990.00     8.8397
  49000.00     8.9727
  49010.00     8.8267
  49020.00     9.1526
  49030.00     8.8351
  49040.00     9.0218
  49050.00     8.7190
  49060.00     8.9752
  49070.00     9.4024
  49080.00     8.9645
  49090.00     9.0182
  49100.00     8.4261
  49110.00     9.2569
  49120.00     8.8885
  49130.00     9.2207
  49140.00     9.4392
  49150.00     9.1547
  49160.00     8.7195
  49170.00     9.2109
  49180.00     8.6002
  49190.00     9.3876
  49200.00     9.4499
  49210.00     9.0764
  49220.00     9.3237
  49230.00     9.1935
  49240.00     8.9915
  49250.00     8.5241
  49260.00     8.5181
  49270.00     8.4684
  49280.00     9.0308
  49290.00     8.7839
  49300.00     9.2839
  49310.00     8.5420
  49320.00     8.5506
  49330.00     9.0767
  49340.00     9.0353
  49350.00     8.8533
  49360.00     8.8075
  49370.00     8.7627
  49380.00     8.3608
  49390.00     8.8479
  49400.00     9.3525
  49410.00     9.2285
  49420.00     9.0640
  49430.00     8.8514
  49440.00     9.2500
  49450.00     8.8894
  49460.00     9.1419
  49470.00     9.2987
  49480.00     8.8403
  49490.00     8.5851
  49500.00     9.3090
  49510.00     9.1427
  49520.00     8.9720
  49530.00     8.7863
  49540.00     8.8392
  49550.00     9.1796
  49560.00     9.2371
  49570.00     8.6990
  49580.00     9.1294
  49590.00     9.1434
  49600.00     8.7461
  49610.00     8.9904
  49620.00     9.1493
  49630.00     9.1312
  49640.00     8.9297
  49650.00     9.0309
  49660.00     9.2971
  49670.00     8.9805
  49680.00     8.8051
  49690.00     9.1162
  49700.00     8.7307
  49710.00     9.0400
  49720.00     9.5288
  49730.00     8.7570
  49740.00     9.2922
  49750.00     9.0134
  49760.00     8.9431
  49770.00     8.7720
  49780.00     8.9960
  49790.00     9.0154
  49800.00     9.0680
  49810.00     9.0606
  49820.00     8.9586
  49830.00     9.4166
  49840.00     8.8850
  49850.00     9.0580
  49860.00     8.9616
  49870.00     9.2270
  49880.00     8.7781
  49890.00     9.0776
  49900.00     9.3001
  49910.00     8.9589
  49920.00     8.9673
  49930.00     9.1862
  49940.00     8.9828
  49950.00     9.4001
  49960.00     8.3800
  49970.00     9.1714
  49980.00     9.1776
  49990.00     9.4242
  50000.00     9.3535
