     10.00     8.1812
     20.00     7.5111
     30.00     8.0369
     40.00     8.0162
     50.00     7.5059
     60.00     7.7598
     70.00     7.6946
     80.00     7.2867
     90.00     7.8771
    100.00     7.6894
    110.00     7.9466
    120.00     7.6587
    130.00     7.9063
    140.00     8.0479
    150.00     8.4548
    160.00     7.9906
    170.00     8.1544
    180.00     7.7019
    190.00     7.9508
    200.00     7.8183
    210.00     7.8570
    220.00     8.4163
    230.00     8.2824
    240.00     7.9642
    250.00     8.7073
    260.00     8.0251
    270.00     8.0149
    280.00     8.2939
    290.00     8.5035
    300.00     8.0631
    310.00     8.0740
    320.00     8.0213
    330.00     7.7110
    340.00     8.2477
    350.00     7.3416
    360.00     7.7660
    370.00     7.8182
    380.00     8.2538
    390.00     8.1222
    400.00     7.5402
    410.00     8.2008
    420.00     8.0542
    430.00     7.8121
    440.00     8.0136
    450.00     8.3875
    460.00     8.0608
    470.00     7.6721
    480.00     7.8400
    490.00     7.7298
    500.00     8.1105
    510.00     8.1201
    520.00     7.8310
    530.00     7.9268
    540.00     7.8228
    550.00     7.5555
    560.00     8.0049
    570.00     7.8456
    580.00     7.5377
    590.00     7.6743
    600.00     7.7052
    610.00     8.5535
    620.00     7.7712
    630.00     7.7471
    640.00     8.5027
    650.00     7.8493
    660.00     8.1078
    670.00     7.9717
    680.00     7.6538
    690.00     8.3650
    700.00     7.9210
    710.00     8.0782
    720.00     8.1892
    730.00     8.0357
    740.00     7.9085
    750.00     7.6613
    760.00     7.6912
    770.00     7.9815
    780.00     7.9103
    790.00     8.1579
    800.00     8.0399
    810.00     8.2282
    820.00     8.3524
    830.00     7.6399
    840.00     7.9135
    850.00     8.1851
    860.00     8.3221
    870.00     7.9756
    880.00     8.1866
    890.00     8.2071
    900.00     7.9113
    910.00     8.0399
    920.00     8.0840
    930.00     8.1680
    940.00     8.2469
    950.00     8.3942
    960.00     8.1890
    970.00     7.7436
    980.00     8.5888
    990.00     7.9317
   1000.00     8.1333
   1010.00     7.9703
   1020.00     7.8816
   1030.00     8.2641
   1040.00     8.1916
   1050.00     7.9468
   1060.00     7.5930
   1070.00     8.1957
   1080.00     8.3886
   1090.00     8.2104
   1100.00     7.8379
   1110.00     8.5397
   1120.00     7.9834
   1130.00     8.3445
   1140.00     7.9737
   1150.00     7.4226
   1160.00     7.4999
   1170.00     8.1496
   1180.00     7.8726
   1190.00     7.6352
   1200.00     7.7519
   1210.00     7.9157
   1220.00     7.8624
   1230.00     7.8870
   1240.00     7.6427
   1250.00     7.9117
   1260.00     7.8571
   1270.00     7.8959
   1280.00     7.4272
   1290.00     8.1991
   1300.00     8.1293
   1310.00     8.4748
   1320.00     8.4341
   1330.00     8.0557
   1340.00     8.4683
   1350.00     8.0788
   1360.00     7.8816
   1370.00     7.9186
   1380.00     7.8520
   1390.00     7.9253
   1400.00     8.2005
   1410.00     7.9881
   1420.00     7.9434
   1430.00     7.8544
   1440.00     7.7722
   1450.00     7.8214
   1460.00     7.7410
   1470.00     7.9758
   1480.00     8.1755
   1490.00     8.2257
   1500.00     7.9197
   1510.00     8.4340
   1520.00     7.9188
   1530.00     8.0140
   1540.00     8.3185
   1550.00     7.8728
   1560.00     7.4820
   1570.00     7.9577
   1580.00     7.9661
   1590.00     8.0617
   1600.00     7.9883
   1610.00     7.7869
   1620.00     7.7626
   1630.00     7.9597
   1640.00     7.7023
   1650.00     7.9108
   1660.00     8.2152
   1670.00     8.2625
   1680.00     8.2457
   1690.00     8.0861
   1700.00     7.9090
   1710.00     7.9418
   1720.00     8.0212
   1730.00     7.9835
   1740.00     8.3828
   1750.00     7.9133
   1760.00     8.0482
   1770.00     8.0993
   1780.00     7.8985
   1790.00     7.9430
   1800.00     8.3789
   1810.00     8.2492
   1820.00     8.0387
   1830.00     8.4441
   1840.00     7.8299
   1850.00     8.0905
   1860.00     7.8858
   1870.00     8.0443
   1880.00     7.8138
   1890.00     7.5257
   1900.00     7.6271
   1910.00     7.4377
   1920.00     7.3706
   1930.00     7.9481
   1940.00     7.9856
   1950.00     8.1696
   1960.00     7.1950
   1970.00     7.2829
   1980.00     8.0365
   1990.00     7.6307
   2000.00     8.1751
   2010.00     7.7709
   2020.00     8.0141
   2030.00     8.1116
   2040.00     7.8924
   2050.00     7.7986
   2060.00     8.0894
   2070.00     8.2439
   2080.00     7.8782
   2090.00     8.1448
   2100.00     8.1315
   2110.00     7.5372
   2120.00     7.3228
   2130.00     8.3972
   2140.00     7.9388
   2150.00     8.7524
   2160.00     8.1540
   2170.00     8.3222
   2180.00     8.1870
   2190.00     8.2930
   2200.00     8.5375
   2210.00     8.2723
   2220.00     8.1097
   2230.00     7.7187
   2240.00     8.0325
   2250.00     7.5967
   2260.00     7.8485
   2270.00     7.9241
   2280.00     7.4788
   2290.00     7.8267
   2300.00     8.0553
   2310.00     8.1949
   2320.00     7.8304
   2330.00     7.9206
   2340.00     8.1496
   2350.00     8.0294
   2360.00     8.0283
   2370.00     8.0756
   2380.00     7.9748
   2390.00     8.2280
   2400.00     8.4380
   2410.00     7.8113
   2420.00     7.9175
   2430.00     8.0707
   2440.00     7.9675
   2450.00     7.6529
   2460.00     7.5096
   2470.00     7.7580
   2480.00     7.8577
   2490.00     7.8663
   2500.00     7.7034
   2510.00     7.7342
   2520.00     7.8393
   2530.00     7.8962
   2540.00     7.9562
   2550.00     8.4667
   2560.00     8.0792
   2570.00     7.9165
   2580.00     8.3496
   2590.00     8.3612
   2600.00     7.6505
   2610.00     7.8929
   2620.00     7.6244
   2630.00     7.9268
   2640.00     7.8987
   2650.00     8.4092
   2660.00     8.3674
   2670.00     8.5334
   2680.00     8.0704
   2690.00     8.0090
   2700.00     8.2873
   2710.00     7.9943
   2720.00     7.5924
   2730.00     8.4515
   2740.00     8.2026
   2750.00     7.9715
   2760.00     7.6467
   2770.00     7.9930
   2780.00     8.1278
   2790.00     7.8445
   2800.00     7.6686
   2810.00     8.1158
   2820.00     8.3125
   2830.00     8.0182
   2840.00     8.2394
   2850.00     7.6988
   2860.00     7.9768
   2870.00     7.9249
   2880.00     8.1210
   2890.00     8.1473
   2900.00     7.8668
   2910.00     8.1696
   2920.00     8.2629
   2930.00     7.6615
   2940.00     8.3330
   2950.00     8.3661
   2960.00     8.1596
   2970.00     8.2429
   2980.00     8.3194
   2990.00     8.0247
   3000.00     8.2931
   3010.00     7.9438
   3020.00     7.8791
   3030.00     8.4463
   3040.00     7.9575
   3050.00     8.0932
   3060.00     7.7565
   3070.00     8.3148
   3080.00     8.4539
   3090.00     8.6540
   3100.00     8.1000
   3110.00     7.8497
   3120.00     8.3587
   3130.00     8.7040
   3140.00     7.3944
   3150.00     7.9860
   3160.00     7.4322
   3170.00     8.1667
   3180.00     8.1777
   3190.00     7.9840
   3200.00     7.8233
   3210.00     7.8460
   3220.00     8.1432
   3230.00     8.6860
   3240.00     8.1925
   3250.00     8.4080
   3260.00     7.8868
   3270.00     8.6998
   3280.00     8.1666
   3290.00     8.0194
   3300.00     8.4296
   3310.00     7.6588
   3320.00     7.9016
   3330.00     7.8257
   3340.00     7.7899
   3350.00     8.0397
   3360.00     7.5945
   3370.00     8.2323
   3380.00     8.4777
   3390.00     8.1342
   3400.00     7.8215
   3410.00     8.5402
   3420.00     8.1691
   3430.00     7.9275
   3440.00     7.8458
   3450.00     8.4003
   3460.00     8.0745
   3470.00     8.3176
   3480.00     7.7625
   3490.00     8.1902
   3500.00     8.1388
   3510.00     7.7109
   3520.00     8.0349
   3530.00     8.4122
   3540.00     7.7865
   3550.00     7.6731
   3560.00     7.9507
   3570.00     7.9897
   3580.00     7.4828
   3590.00     7.9062
   3600.00     7.9953
   3610.00     8.0928
   3620.00     7.7650
   3630.00     7.5616
   3640.00     8.0184
   3650.00     7.9393
   3660.00     8.0145
   3670.00     7.9431
   3680.00     7.9718
   3690.00     8.4308
   3700.00     8.0103
   3710.00     8.0889
   3720.00     7.7854
   3730.00     7.8840
   3740.00     7.8432
   3750.00     8.1530
   3760.00     8.1628
   3770.00     7.8629
   3780.00     7.7665
   3790.00     8.1162
   3800.00     8.6007
   3810.00     8.3674
   3820.00     8.4557
   3830.00     8.3333
   3840.00     7.9731
   3850.00     8.3311
   3860.00     8.1133
   3870.00     8.1665
   3880.00     8.3560
   3890.00     7.8247
   3900.00     8.2316
   3910.00     8.2124
   3920.00     8.2341
   3930.00     7.7870
   3940.00     7.9877
   3950.00     8.0934
   3960.00     8.0354
   3970.00     8.0913
   3980.00     8.4981
   3990.00     8.1261
   4000.00     8.3942
   4010.00     8.2191
   4020.00     7.6299
   4030.00     7.8929
   4040.00     7.9140
   4050.00     7.8995
   4060.00     7.9223
   4070.00     8.1964
   4080.00     7.9514
   4090.00     8.1441
   4100.00     7.7381
   4110.00     8.1923
   4120.00     7.8897
   4130.00     8.1819
   4140.00     8.8423
   4150.00     8.1761
   4160.00     7.8024
   4170.00     8.1720
   4180.00     8.5848
   4190.00     8.4490
   4200.00     8.2683
   4210.00     8.2764
   4220.00     8.2167
   4230.00     8.2515
   4240.00     8.0491
   4250.00     7.9027
   4260.00     8.6371
   4270.00     8.2265
   4280.00     8.2008
   4290.00     7.9788
   4300.00     8.3218
   4310.00     8.3634
   4320.00     8.2160
   4330.00     7.8659
   4340.00     7.6075
   4350.00     8.0369
   4360.00     8.1871
   4370.00     7.9562
   4380.00     8.2582
   4390.00     8.6057
   4400.00     8.4670
   4410.00     8.6187
   4420.00     9.0347
   4430.00     8.3382
   4440.00     8.6700
   4450.00     8.0648
   4460.00     8.2027
   4470.00     7.7578
   4480.00     8.1176
   4490.00     7.9162
   4500.00     8.3905
   4510.00     7.9100
   4520.00     8.4462
   4530.00     7.8514
   4540.00     8.7534
   4550.00     8.3868
   4560.00     8.3112
   4570.00     8.0802
   4580.00     7.8768
   4590.00     7.7862
   4600.00     7.8880
   4610.00     8.1249
   4620.00     8.1241
   4630.00     8.6055
   4640.00     8.4213
   4650.00     7.2869
   4660.00     7.6332
   4670.00     7.8950
   4680.00     7.6779
   4690.00     8.0870
   4700.00     8.0065
   4710.00     8.3480
   4720.00     8.0882
   4730.00     7.5287
   4740.00     7.1892
   4750.00     7.5113
   4760.00     8.2492
   4770.00     7.5523
   4780.00     8.0449
   4790.00     7.7311
   4800.00     8.0514
   4810.00     7.9736
   4820.00     7.7354
   4830.00     7.5696
   4840.00     8.0656
   4850.00     8.0594
   4860.00     8.0308
   4870.00     7.7775
   4880.00     7.7672
   4890.00     7.9538
   4900.00     8.0251
   4910.00     7.5227
   4920.00     7.8637
   4930.00     8.3455
   4940.00     8.2497
   4950.00     8.3515
   4960.00     7.8252
   4970.00     7.7530
   4980.00     7.9489
   4990.00     7.8502
   5000.00     7.6793
   5010.00     8.2869
   5020.00     7.8090
   5030.00     7.9491
   5040.00     7.9715
   5050.00     8.2603
   5060.00     8.3653
   5070.00     8.4714
   5080.00     8.0709
   5090.00     8.1367
   5100.00     7.9271
   5110.00     7.5922
   5120.00     7.8035
   5130.00     8.1051
   5140.00     8.1515
   5150.00     7.8204
   5160.00     7.7079
   5170.00     7.8839
   5180.00     8.1247
   5190.00     8.1829
   5200.00     7.7033
   5210.00     7.6050
   5220.00     7.5028
   5230.00     7.8238
   5240.00     7.9354
   5250.00     7.9747
   5260.00     7.7780
   5270.00     8.1919
   5280.00     8.0488
   5290.00     7.8018
   5300.00     8.0863
   5310.00     7.7570
   5320.00     7.4399
   5330.00     7.8447
   5340.00     7.6569
   5350.00     8.0450
   5360.00     8.0166
   5370.00     8.0591
   5380.00     7.6231
   5390.00     8.0397
   5400.00     8.6564
   5410.00     8.2984
   5420.00     8.0889
   5430.00     8.1409
   5440.00     8.0909
   5450.00     8.3701
   5460.00     7.5954
   5470.00     7.9976
   5480.00     7.9900
   5490.00     7.9097
   5500.00     8.3952
   5510.00     7.9209
   5520.00     8.2521
   5530.00     7.8783
   5540.00     8.3215
   5550.00     8.5549
   5560.00     7.9886
   5570.00     8.3210
   5580.00     7.9695
   5590.00     8.3164
   5600.00     8.3157
   5610.00     8.0304
   5620.00     7.8005
   5630.00     8.1571
   5640.00     8.3889
   5650.00     7.9220
   5660.00     7.9193
   5670.00     7.9805
   5680.00     7.7153
   5690.00     8.0365
   5700.00     7.8434
   5710.00     8.2027
   5720.00     8.3002
   5730.00     7.7445
   5740.00     8.0201
   5750.00     8.3020
   5760.00     8.4927
   5770.00     8.2800
   5780.00     7.8856
   5790.00     7.7651
   5800.00     8.3133
   5810.00     8.2397
   5820.00     8.3703
   5830.00     8.1587
   5840.00     7.8861
   5850.00     7.4436
   5860.00     7.7197
   5870.00     7.4972
   5880.00     8.1464
   5890.00     8.0019
   5900.00     8.0660
   5910.00     8.4966
   5920.00     8.3239
   5930.00     8.4701
   5940.00     8.4520
   5950.00     8.4840
   5960.00     8.3238
   5970.00     7.9889
   5980.00     8.4646
   5990.00     8.2718
   6000.00     8.1159
   6010.00     7.8994
   6020.00     8.0477
   6030.00     8.1644
   6040.00     8.1183
   6050.00     7.5061
   6060.00     8.1961
   6070.00     8.1541
   6080.00     8.3995
   6090.00     7.9991
   6100.00     8.4472
   6110.00     8.4865
   6120.00     8.7835
   6130.00     7.9869
   6140.00     8.4285
   6150.00     8.1173
   6160.00     8.3005
   6170.00     8.0731
   6180.00     7.9016
   6190.00     7.8253
   6200.00     7.7028
   6210.00     8.2546
   6220.00     8.1653
   6230.00     8.1012
   6240.00     7.9764
   6250.00     7.3807
   6260.00     8.0136
   6270.00     8.1322
   6280.00     8.0939
   6290.00     8.2251
   6300.00     8.3741
   6310.00     7.9440
   6320.00     7.4607
   6330.00     8.2902
   6340.00     8.0705
   6350.00     8.2009
   6360.00     8.0267
   6370.00     7.9194
   6380.00     8.0954
   6390.00     8.2854
   6400.00     8.4469
   6410.00     8.2227
   6420.00     8.2789
   6430.00     8.3185
   6440.00     8.3305
   6450.00     8.5915
   6460.00     7.8845
   6470.00     8.0020
   6480.00     7.8327
   6490.00     8.0541
   6500.00     8.4096
   6510.00     7.7899
   6520.00     8.2427
   6530.00     8.0563
   6540.00     8.2959
   6550.00     7.9754
   6560.00     8.0215
   6570.00     8.1872
   6580.00     8.6276
   6590.00     8.1427
   6600.00     7.7501
   6610.00     7.7914
   6620.00     7.8124
   6630.00     8.1372
   6640.00     8.5587
   6650.00     8.0506
   6660.00     8.5387
   6670.00     8.2077
   6680.00     8.4286
   6690.00     8.4060
   6700.00     8.4284
   6710.00     8.5963
   6720.00     8.5179
   6730.00     8.7262
   6740.00     8.0336
   6750.00     8.3226
   6760.00     8.2049
   6770.00     8.5061
   6780.00     8.4349
   6790.00     8.6074
   6800.00     8.4637
   6810.00     8.4683
   6820.00     8.5012
   6830.00     8.2819
   6840.00     8.0783
   6850.00     7.9285
   6860.00     7.9122
   6870.00     8.1985
   6880.00     7.9806
   6890.00     7.3731
   6900.00     7.8790
   6910.00     7.5750
   6920.00     7.9982
   6930.00     8.5320
   6940.00     8.4904
   6950.00     8.0436
   6960.00     7.9971
   6970.00     7.9739
   6980.00     8.0152
   6990.00     7.7697
   7000.00     8.1651
   7010.00     7.6950
   7020.00     7.7956
   7030.00     7.8782
   7040.00     8.0537
   7050.00     7.9284
   7060.00     7.5841
   7070.00     8.3715
   7080.00     8.0709
   7090.00     8.2767
   7100.00     7.7743
   7110.00     8.4482
   7120.00     8.2009
   7130.00     7.8086
   7140.00     7.7229
   7150.00     8.1593
   7160.00     8.2948
   7170.00     8.1854
   7180.00     8.1696
   7190.00     8.0509
   7200.00     7.8844
   7210.00     8.2718
   7220.00     8.3631
   7230.00     8.4488
   7240.00     7.3883
   7250.00     7.6380
   7260.00     7.9030
   7270.00     7.8813
   7280.00     7.7030
   7290.00     8.2024
   7300.00     8.1888
   7310.00     8.4669
   7320.00     8.4878
   7330.00     8.1269
   7340.00     8.0350
   7350.00     7.4021
   7360.00     7.9266
   7370.00     7.8925
   7380.00     7.9440
   7390.00     7.2944
   7400.00     8.3316
   7410.00     8.1372
   7420.00     7.7630
   7430.00     8.0349
   7440.00     8.1286
   7450.00     8.4458
   7460.00     7.8038
   7470.00     7.5277
   7480.00     8.1983
   7490.00     7.7537
   7500.00     7.5905
   7510.00     7.6719
   7520.00     8.0209
   7530.00     8.2271
   7540.00     8.1820
   7550.00     8.3332
   7560.00     7.7685
   7570.00     8.2040
   7580.00     7.7859
   7590.00     8.2034
   7600.00     8.2390
   7610.00     8.5562
   7620.00     8.1391
   7630.00     8.1376
   7640.00     8.4898
   7650.00     7.7351
   7660.00     8.3382
   7670.00     7.8122
   7680.00     7.9815
   7690.00     7.5821
   7700.00     7.8557
   7710.00     8.0123
   7720.00     8.2507
   7730.00     8.4391
   7740.00     8.2275
   7750.00     8.1072
   7760.00     8.4449
   7770.00     8.1269
   7780.00     8.4004
   7790.00     8.4808
   7800.00     8.0341
   7810.00     7.8188
   7820.00     8.1314
   7830.00     8.0362
   7840.00     7.9337
   7850.00     7.7698
   7860.00     7.6587
   7870.00     8.1131
   7880.00     7.8382
   7890.00     8.7324
   7900.00     7.0262
   7910.00     8.1977
   7920.00     8.0530
   7930.00     7.8339
   7940.00     8.0653
   7950.00     8.0467
   7960.00     8.2236
   7970.00     7.5071
   7980.00     7.7573
   7990.00     8.6465
   8000.00     7.9949
   8010.00     8.1398
   8020.00     7.9235
   8030.00     8.1251
   8040.00     8.3539
   8050.00     8.2756
   8060.00     8.0137
   8070.00     7.8265
   8080.00     7.7861
   8090.00     7.9085
   8100.00     8.1630
   8110.00     7.8776
   8120.00     8.0164
   8130.00     7.9689
   8140.00     8.1153
   8150.00     8.2637
   8160.00     7.9721
   8170.00     7.7829
   8180.00     8.5510
   8190.00     8.4363
   8200.00     7.8888
   8210.00     7.8958
   8220.00     8.2367
   8230.00     8.0038
   8240.00     7.7686
   8250.00     7.8588
   8260.00     7.7951
   8270.00     8.1721
   8280.00     8.7796
   8290.00     8.1753
   8300.00     7.9623
   8310.00     8.0161
   8320.00     8.1064
   8330.00     7.9802
   8340.00     8.1295
   8350.00     8.0291
   8360.00     8.6688
   8370.00     8.0667
   8380.00     8.2291
   8390.00     7.9021
   8400.00     8.1455
   8410.00     8.4069
   8420.00     7.9052
   8430.00     7.9556
   8440.00     8.1626
   8450.00     8.1173
   8460.00     7.9106
   8470.00     8.6491
   8480.00     8.4377
   8490.00     8.2113
   8500.00     7.7604
   8510.00     8.2543
   8520.00     8.1624
   8530.00     8.0105
   8540.00     8.4229
   8550.00     7.8809
   8560.00     8.0462
   8570.00     8.2403
   8580.00     7.9660
   8590.00     8.2250
   8600.00     7.7197
   8610.00     7.7640
   8620.00     8.1398
   8630.00     8.1988
   8640.00     7.7237
   8650.00     8.1800
   8660.00     7.5872
   8670.00     8.1467
   8680.00     8.2520
   8690.00     8.1999
   8700.00     7.6864
   8710.00     7.7933
   8720.00     8.2672
   8730.00     8.4256
   8740.00     8.7779
   8750.00     8.1352
   8760.00     8.3476
   8770.00     7.8545
   8780.00     8.6297
   8790.00     7.6777
   8800.00     8.1895
   8810.00     7.7702
   8820.00     7.9219
   8830.00     7.8687
   8840.00     8.0658
   8850.00     8.0115
   8860.00     8.4192
   8870.00     8.1256
   8880.00     7.8109
   8890.00     8.4801
   8900.00     7.5207
   8910.00     7.7980
   8920.00     8.0695
   8930.00     7.5428
   8940.00     7.9496
   8950.00     7.3409
   8960.00     7.4775
   8970.00     7.8357
   8980.00     8.3105
   8990.00     8.2248
   9000.00     7.6335
   9010.00     8.3620
   9020.00     8.4617
   9030.00     7.6576
   9040.00     8.4261
   9050.00     7.9381
   9060.00     7.7646
   9070.00     7.6465
   9080.00     7.7518
   9090.00     7.9921
   9100.00     7.6996
   9110.00     8.0964
   9120.00     7.6816
   9130.00     8.0919
   9140.00     8.2436
   9150.00     8.1949
   9160.00     8.2657
   9170.00     8.5941
   9180.00     7.9363
   9190.00     7.6256
   9200.00     7.6308
   9210.00     7.8213
   9220.00     8.3089
   9230.00     8.3644
   9240.00     8.1242
   9250.00     7.7308
   9260.00     8.3706
   9270.00     8.0518
   9280.00     7.7949
   9290.00     8.2412
   9300.00     7.4890
   9310.00     7.7973
   9320.00     8.1105
   9330.00     8.4717
   9340.00     7.7214
   9350.00     7.6071
   9360.00     8.2417
   9370.00     7.7150
   9380.00     8.1927
   9390.00     7.8413
   9400.00     8.1750
   9410.00     8.2981
   9420.00     8.0741
   9430.00     8.4536
   9440.00     8.1204
   9450.00     7.5625
   9460.00     7.4998
   9470.00     7.7842
   9480.00     8.3323
   9490.00     7.8087
   9500.00     8.7651
   9510.00     7.9585
   9520.00     7.9350
   9530.00     7.9638
   9540.00     7.7705
   9550.00     7.7021
   9560.00     7.8807
   9570.00     7.3739
   9580.00     8.1575
   9590.00     8.2477
   9600.00     7.7634
   9610.00     7.9021
   9620.00     7.6919
   9630.00     8.0233
   9640.00     7.6024
   9650.00     7.4172
   9660.00     8.0904
   9670.00     8.2426
   9680.00     8.2141
   9690.00     8.2477
   9700.00     7.9085
   9710.00     8.1389
   9720.00     8.3951
   9730.00     8.1130
   9740.00     8.2700
   9750.00     8.4354
   9760.00     8.2685
   9770.00     8.0499
   9780.00     8.2186
   9790.00     8.1445
   9800.00     7.9439
   9810.00     8.0133
   9820.00     7.7893
   9830.00     8.6325
   9840.00     8.5315
   9850.00     8.1456
   9860.00     8.1266
   9870.00     8.1178
   9880.00     8.5462
   9890.00     8.3699
   9900.00     8.4710
   9910.00     8.6441
   9920.00     7.7726
   9930.00     7.9294
   9940.00     8.1709
   9950.00     7.9513
   9960.00     8.4619
   9970.00     7.8948
   9980.00     7.8443
   9990.00     7.6643
  10000.00     8.1706
  10010.00     8.1319
  10020.00     7.9693
  10030.00     8.2023
  10040.00     7.8203
  10050.00     8.0932
  10060.00     8.1273
  10070.00     7.7095
  10080.00     8.3504
  10090.00     8.2063
  10100.00     7.9821
  10110.00     8.1909
  10120.00     8.0021
  10130.00     7.7809
  10140.00     7.6177
  10150.00     8.0992
  10160.00     8.1501
  10170.00     8.2435
  10180.00     7.8044
  10190.00     8.2721
  10200.00     7.8306
  10210.00     7.8367
  10220.00     7.9832
  10230.00     7.6413
  10240.00     8.0866
  10250.00     8.0570
  10260.00     7.7352
  10270.00     8.2364
  10280.00     7.6113
  10290.00     8.1390
  10300.00     8.4072
  10310.00     7.7646
  10320.00     8.0265
  10330.00     7.7072
  10340.00     8.0738
  10350.00     7.9611
  10360.00     7.9891
  10370.00     8.0678
  10380.00     8.3941
  10390.00     8.2324
  10400.00     8.0259
  10410.00     7.4870
  10420.00     7.8980
  10430.00     7.8926
  10440.00     8.2620
  10450.00     7.4727
  10460.00     7.7130
  10470.00     8.3014
  10480.00     8.0278
  10490.00     7.8993
  10500.00     7.8860
  10510.00     7.7784
  10520.00     7.8417
  10530.00     8.0660
  10540.00     7.6019
  10550.00     7.7089
  10560.00     7.7265
  10570.00     7.8300
  10580.00     8.1829
  10590.00     7.7891
  10600.00     8.0443
  10610.00     8.0991
  10620.00     8.1501
  10630.00     8.5112
  10640.00     8.0519
  10650.00     8.4534
  10660.00     7.9647
  10670.00     8.2331
  10680.00     7.9423
  10690.00     8.1411
  10700.00     8.3708
  10710.00     7.9112
  10720.00     8.0523
  10730.00     7.7197
  10740.00     8.4743
  10750.00     8.3226
  10760.00     7.7317
  10770.00     8.2320
  10780.00     7.9549
  10790.00     7.7517
  10800.00     8.2782
  10810.00     8.0044
  10820.00     8.3829
  10830.00     7.7326
  10840.00     8.4951
  10850.00     7.8634
  10860.00     8.4472
  10870.00     8.2850
  10880.00     8.0480
  10890.00     7.8653
  10900.00     8.4512
  10910.00     8.2835
  10920.00     8.3260
  10930.00     7.8589
  10940.00     8.0016
  10950.00     8.1695
  10960.00     8.2899
  10970.00     8.6603
  10980.00     8.2654
  10990.00     7.7973
  11000.00     7.8958
  11010.00     7.9190
  11020.00     7.7701
  11030.00     8.0563
  11040.00     8.2033
  11050.00     8.3411
  11060.00     8.5149
  11070.00     7.9109
  11080.00     8.0329
  11090.00     7.8826
  11100.00     8.2689
  11110.00     7.8934
  11120.00     8.2285
  11130.00     8.1926
  11140.00     8.2594
  11150.00     8.1600
  11160.00     8.3421
  11170.00     7.9990
  11180.00     7.8857
  11190.00     7.6542
  11200.00     8.1479
  11210.00     7.4389
  11220.00     7.6060
  11230.00     7.9773
  11240.00     8.4066
  11250.00     8.0091
  11260.00     8.3124
  11270.00     8.1136
  11280.00     8.0581
  11290.00     7.8821
  11300.00     8.0112
  11310.00     7.8071
  11320.00     8.3246
  11330.00     8.0180
  11340.00     7.9705
  11350.00     7.8395
  11360.00     8.0531
  11370.00     8.0072
  11380.00     7.9341
  11390.00     8.1364
  11400.00     7.8980
  11410.00     8.5118
  11420.00     8.5037
  11430.00     8.2053
  11440.00     7.9331
  11450.00     8.2919
  11460.00     8.0406
  11470.00     7.7949
  11480.00     7.9267
  11490.00     7.7974
  11500.00     8.1016
  11510.00     7.6667
  11520.00     7.9041
  11530.00     8.4112
  11540.00     8.1374
  11550.00     8.2146
  11560.00     7.6527
  11570.00     7.7172
  11580.00     8.1279
  11590.00     7.9713
  11600.00     8.3850
  11610.00     8.2320
  11620.00     7.7562
  11630.00     7.6993
  11640.00     7.9309
  11650.00     8.6278
  11660.00     8.1134
  11670.00     8.0190
  11680.00     8.0571
  11690.00     7.8955
  11700.00     8.4023
  11710.00     8.4659
  11720.00     7.8187
  11730.00     8.0683
  11740.00     7.8525
  11750.00     7.9556
  11760.00     7.8061
  11770.00     8.4537
  11780.00     7.9805
  11790.00     7.8683
  11800.00     8.3130
  11810.00     8.3164
  11820.00     8.4948
  11830.00     8.2922
  11840.00     8.4360
  11850.00     8.2340
  11860.00     8.0839
  11870.00     8.1306
  11880.00     8.0989
  11890.00     7.9567
  11900.00     8.1706
  11910.00     8.4363
  11920.00     7.7577
  11930.00     7.4171
  11940.00     8.1236
  11950.00     8.3217
  11960.00     7.9668
  11970.00     8.1634
  11980.00     8.3695
  11990.00     8.1223
  12000.00     7.7328
  12010.00     7.7870
  12020.00     7.8761
  12030.00     8.0991
  12040.00     8.0649
  12050.00     8.1794
  12060.00     8.0439
  12070.00     8.0888
  12080.00     8.4211
  12090.00     8.2807
  12100.00     7.5017
  12110.00     7.8710
  12120.00     8.1813
  12130.00     8.1181
  12140.00     8.5073
  12150.00     8.0682
  12160.00     7.8914
  12170.00     8.1589
  12180.00     8.1341
  12190.00     8.4327
  12200.00     8.2516
  12210.00     7.6906
  12220.00     7.7559
  12230.00     8.1848
  12240.00     7.7479
  12250.00     7.9183
  12260.00     7.6451
  12270.00     8.0335
  12280.00     8.1773
  12290.00     7.6637
  12300.00     8.1224
  12310.00     7.5193
  12320.00     7.7588
  12330.00     7.5632
  12340.00     8.0641
  12350.00     7.9371
  12360.00     8.0190
  12370.00     7.8136
  12380.00     8.2401
  12390.00     8.6298
  12400.00     8.1491
  12410.00     7.7597
  12420.00     7.7487
  12430.00     7.8001
  12440.00     7.7308
  12450.00     8.2271
  12460.00     7.9793
  12470.00     7.6179
  12480.00     8.4071
  12490.00     8.2843
  12500.00     8.0719
  12510.00     7.9408
  12520.00     8.1472
  12530.00     8.3195
  12540.00     7.8498
  12550.00     8.2505
  12560.00     7.7388
  12570.00     7.9077
  12580.00     8.1876
  12590.00     7.8846
  12600.00     7.9008
  12610.00     7.9548
  12620.00     8.3472
  12630.00     7.9565
  12640.00     8.6132
  12650.00     7.8094
  12660.00     8.0610
  12670.00     7.9213
  12680.00     7.8786
  12690.00     7.8991
  12700.00     7.6815
  12710.00     8.3172
  12720.00     7.9441
  12730.00     8.0678
  12740.00     7.8686
  12750.00     7.5017
  12760.00     7.8191
  12770.00     7.7063
  12780.00     7.9953
  12790.00     7.8526
  12800.00     7.5570
  12810.00     7.3741
  12820.00     7.8513
  12830.00     8.1016
  12840.00     7.7479
  12850.00     7.9332
  12860.00     7.8163
  12870.00     7.8425
  12880.00     7.5322
  12890.00     7.7546
  12900.00     8.0988
  12910.00     7.8013
  12920.00     7.9912
  12930.00     7.8919
  12940.00     8.5837
  12950.00     8.4937
  12960.00     8.2037
  12970.00     8.1158
  12980.00     8.4128
  12990.00     7.6239
  13000.00     7.7621
  13010.00     7.7633
  13020.00     8.1064
  13030.00     7.7189
  13040.00     8.1672
  13050.00     7.6017
  13060.00     8.0490
  13070.00     8.3869
  13080.00     8.0326
  13090.00     8.2577
  13100.00     8.1640
  13110.00     8.2742
  13120.00     8.0876
  13130.00     8.2113
  13140.00     7.7767
  13150.00     8.2724
  13160.00     8.8651
  13170.00     8.4804
  13180.00     8.2869
  13190.00     8.1541
  13200.00     8.2912
  13210.00     8.2592
  13220.00     8.1871
  13230.00     8.1907
  13240.00     8.4882
  13250.00     8.6702
  13260.00     8.2020
  13270.00     8.2948
  13280.00     8.6403
  13290.00     7.9415
  13300.00     8.5238
  13310.00     8.1993
  13320.00     7.9154
  13330.00     7.7362
  13340.00     8.2562
  13350.00     8.0206
  13360.00     7.5960
  13370.00     7.9545
  13380.00     7.8971
  13390.00     7.9622
  13400.00     7.9748
  13410.00     7.8914
  13420.00     7.7814
  13430.00     8.0473
  13440.00     8.0182
  13450.00     8.2226
  13460.00     8.4957
  13470.00     8.2581
  13480.00     7.9024
  13490.00     8.4826
  13500.00     8.1731
  13510.00     8.4213
  13520.00     8.3555
  13530.00     8.0320
  13540.00     8.5217
  13550.00     8.3386
  13560.00     8.1823
  13570.00     8.6080
  13580.00     8.2060
  13590.00     8.7128
  13600.00     7.6501
  13610.00     8.2222
  13620.00     8.1187
  13630.00     7.8939
  13640.00     8.1999
  13650.00     8.4750
  13660.00     7.8024
  13670.00     8.6421
  13680.00     8.0596
  13690.00     7.8396
  13700.00     8.7211
  13710.00     8.0047
  13720.00     8.0873
  13730.00     8.5158
  13740.00     8.2765
  13750.00     8.3133
  13760.00     8.3261
  13770.00     8.1751
  13780.00     8.2838
  13790.00     8.4705
  13800.00     7.9833
  13810.00     7.8164
  13820.00     8.3616
  13830.00     8.1356
  13840.00     8.2077
  13850.00     8.4679
  13860.00     8.3005
  13870.00     8.2938
  13880.00     7.9549
  13890.00     8.1893
  13900.00     8.3986
  13910.00     8.1528
  13920.00     7.9947
  13930.00     7.9232
  13940.00     8.1013
  13950.00     7.6817
  13960.00     8.1386
  13970.00     8.1977
  13980.00     8.4611
  13990.00     8.5483
  14000.00     8.7754
  14010.00     8.3762
  14020.00     8.1990
  14030.00     8.1922
  14040.00     8.4166
  14050.00     8.1344
  14060.00     8.1745
  14070.00     8.1735
  14080.00     8.2562
  14090.00     8.2401
  14100.00     8.2891
  14110.00     8.3065
  14120.00     8.3993
  14130.00     8.2326
  14140.00     7.5078
  14150.00     7.9669
  14160.00     7.8053
  14170.00     8.0202
  14180.00     8.2401
  14190.00     8.0029
  14200.00     7.9099
  14210.00     7.4769
  14220.00     7.9366
  14230.00     8.0966
  14240.00     7.9480
  14250.00     7.7201
  14260.00     7.8264
  14270.00     8.2130
  14280.00     8.4159
  14290.00     7.8853
  14300.00     7.7601
  14310.00     8.2305
  14320.00     8.4803
  14330.00     8.0644
  14340.00     7.7004
  14350.00     7.7854
  14360.00     7.7868
  14370.00     7.8599
  14380.00     7.9744
  14390.00     8.0610
  14400.00     7.6037
  14410.00     7.8636
  14420.00     8.4113
  14430.00     8.4028
  14440.00     8.5532
  14450.00     7.9041
  14460.00     7.4497
  14470.00     7.5728
  14480.00     7.5775
  14490.00     7.3656
  14500.00     7.8532
  14510.00     7.7499
  14520.00     7.8929
  14530.00     7.6911
  14540.00     8.3268
  14550.00     7.5805
  14560.00     7.9048
  14570.00     7.8554
  14580.00     7.6903
  14590.00     8.0544
  14600.00     7.7911
  14610.00     7.9361
  14620.00     7.5352
  14630.00     8.3304
  14640.00     7.8468
  14650.00     8.0675
  14660.00     7.6062
  14670.00     7.7798
  14680.00     7.7283
  14690.00     7.7788
  14700.00     7.5853
  14710.00     7.7464
  14720.00     7.6703
  14730.00     7.9688
  14740.00     7.8691
  14750.00     8.1571
  14760.00     7.9249
  14770.00     7.6432
  14780.00     8.0450
  14790.00     7.9736
  14800.00     8.1913
  14810.00     8.0390
  14820.00     7.9821
  14830.00     7.9965
  14840.00     7.8507
  14850.00     8.1205
  14860.00     7.9873
  14870.00     8.2776
  14880.00     7.8732
  14890.00     7.7684
  14900.00     7.9277
  14910.00     8.4778
  14920.00     7.9820
  14930.00     7.8214
  14940.00     8.1856
  14950.00     8.2622
  14960.00     8.1256
  14970.00     7.9504
  14980.00     8.1326
  14990.00     7.9137
  15000.00     8.0405
  15010.00     8.0680
  15020.00     8.2900
  15030.00     8.3022
  15040.00     8.2583
  15050.00     7.7672
  15060.00     7.7969
  15070.00     8.0207
  15080.00     7.8633
  15090.00     8.2201
  15100.00     8.2247
  15110.00     8.0949
  15120.00     8.7079
  15130.00     8.4783
  15140.00     8.0392
  15150.00     8.5969
  15160.00     8.3585
  15170.00     8.2642
  15180.00     8.1121
  15190.00     8.0882
  15200.00     7.8332
  15210.00     8.4094
  15220.00     7.8855
  15230.00     7.8976
  15240.00     8.2729
  15250.00     7.7903
  15260.00     8.2331
  15270.00     8.5430
  15280.00     8.4773
  15290.00     7.9294
  15300.00     8.2583
  15310.00     8.1104
  15320.00     8.2243
  15330.00     8.0245
  15340.00     7.6458
  15350.00     8.8176
  15360.00     8.4350
  15370.00     8.2424
  15380.00     8.2551
  15390.00     8.6878
  15400.00     8.1101
  15410.00     7.6966
  15420.00     8.0430
  15430.00     7.8984
  15440.00     8.5462
  15450.00     8.5247
  15460.00     8.2789
  15470.00     8.1288
  15480.00     7.7540
  15490.00     8.3716
  15500.00     8.7218
  15510.00     8.1471
  15520.00     7.8964
  15530.00     8.2965
  15540.00     8.1482
  15550.00     7.5868
  15560.00     7.8637
  15570.00     7.8068
  15580.00     7.9415
  15590.00     8.2451
  15600.00     8.3677
  15610.00     8.0955
  15620.00     8.5604
  15630.00     7.9917
  15640.00     8.4245
  15650.00     8.1144
  15660.00     8.2919
  15670.00     8.4607
  15680.00     8.3631
  15690.00     8.3517
  15700.00     7.8381
  15710.00     7.8334
  15720.00     8.2390
  15730.00     7.9223
  15740.00     8.2021
  15750.00     8.3166
  15760.00     8.2868
  15770.00     8.2459
  15780.00     8.3759
  15790.00     8.1904
  15800.00     8.2181
  15810.00     7.7149
  15820.00     7.8453
  15830.00     8.2015
  15840.00     8.0083
  15850.00     7.9860
  15860.00     8.1991
  15870.00     7.8326
  15880.00     8.1755
  15890.00     8.6715
  15900.00     8.0414
  15910.00     8.2831
  15920.00     8.0117
  15930.00     8.1567
  15940.00     7.5642
  15950.00     7.7385
  15960.00     8.0162
  15970.00     7.7608
  15980.00     7.8015
  15990.00     8.0792
  16000.00     7.7713
  16010.00     7.7505
  16020.00     7.8405
  16030.00     8.3054
  16040.00     8.2720
  16050.00     7.7901
  16060.00     7.6337
  16070.00     7.5568
  16080.00     8.4783
  16090.00     8.0635
  16100.00     7.6660
  16110.00     8.0147
  16120.00     7.7181
  16130.00     8.2992
  16140.00     8.2754
  16150.00     8.3121
  16160.00     8.2775
  16170.00     8.4145
  16180.00     8.0966
  16190.00     8.0138
  16200.00     7.5849
  16210.00     8.4580
  16220.00     8.0936
  16230.00     8.0725
  16240.00     7.8351
  16250.00     7.9062
  16260.00     7.7690
  16270.00     7.9423
  16280.00     8.1185
  16290.00     7.9566
  16300.00     7.9371
  16310.00     7.5616
  16320.00     7.5845
  16330.00     7.9697
  16340.00     8.0376
  16350.00     8.0507
  16360.00     7.7975
  16370.00     8.1913
  16380.00     8.5190
  16390.00     7.8624
  16400.00     7.7925
  16410.00     8.0136
  16420.00     8.3258
  16430.00     8.1500
  16440.00     8.3811
  16450.00     8.3722
  16460.00     8.5580
  16470.00     8.6098
  16480.00     8.3766
  16490.00     7.7574
  16500.00     8.1362
  16510.00     7.9566
  16520.00     8.0575
  16530.00     8.1760
  16540.00     7.9387
  16550.00     7.8802
  16560.00     8.2504
  16570.00     8.3142
  16580.00     8.2989
  16590.00     8.2913
  16600.00     8.0320
  16610.00     8.4222
  16620.00     7.9790
  16630.00     8.3753
  16640.00     8.0241
  16650.00     8.7372
  16660.00     7.7585
  16670.00     8.1240
  16680.00     8.0032
  16690.00     7.9359
  16700.00     8.3207
  16710.00     8.3146
  16720.00     8.2753
  16730.00     8.2883
  16740.00     8.2381
  16750.00     8.0101
  16760.00     8.3068
  16770.00     7.8697
  16780.00     8.0105
  16790.00     7.7949
  16800.00     7.7868
  16810.00     8.2366
  16820.00     7.6033
  16830.00     7.7454
  16840.00     8.5086
  16850.00     7.9436
  16860.00     8.2255
  16870.00     8.2436
  16880.00     8.0185
  16890.00     7.8714
  16900.00     7.9247
  16910.00     8.0260
  16920.00     8.3109
  16930.00     8.3146
  16940.00     8.3670
  16950.00     7.7046
  16960.00     7.7869
  16970.00     8.2258
  16980.00     7.9879
  16990.00     7.5047
  17000.00     8.1146
  17010.00     8.0993
  17020.00     7.4898
  17030.00     7.6361
  17040.00     8.1664
  17050.00     8.3717
  17060.00     7.8703
  17070.00     8.1452
  17080.00     7.9485
  17090.00     7.9029
  17100.00     7.3617
  17110.00     7.7991
  17120.00     7.9610
  17130.00     7.5877
  17140.00     8.0260
  17150.00     7.6140
  17160.00     8.5051
  17170.00     8.1159
  17180.00     7.9229
  17190.00     8.2142
  17200.00     8.2693
  17210.00     7.9108
  17220.00     8.0504
  17230.00     8.2867
  17240.00     8.1749
  17250.00     8.1267
  17260.00     7.9795
  17270.00     8.3510
  17280.00     8.2603
  17290.00     8.2595
  17300.00     7.9202
  17310.00     8.2590
  17320.00     8.3290
  17330.00     8.0850
  17340.00     7.8658
  17350.00     8.0006
  17360.00     8.0944
  17370.00     7.8112
  17380.00     8.2420
  17390.00     8.5183
  17400.00     7.9302
  17410.00     8.2654
  17420.00     8.1311
  17430.00     8.3700
  17440.00     8.0157
  17450.00     8.9038
  17460.00     8.4624
  17470.00     7.8965
  17480.00     8.1010
  17490.00     7.7275
  17500.00     8.1662
  17510.00     8.1132
  17520.00     7.7084
  17530.00     8.1328
  17540.00     7.5996
  17550.00     8.1359
  17560.00     8.2403
  17570.00     7.5551
  17580.00     7.6382
  17590.00     8.2711
  17600.00     8.1544
  17610.00     7.9755
  17620.00     8.1820
  17630.00     7.7206
  17640.00     7.9056
  17650.00     8.1167
  17660.00     7.9318
  17670.00     7.9061
  17680.00     7.8524
  17690.00     8.3007
  17700.00     7.9706
  17710.00     8.2226
  17720.00     7.9094
  17730.00     7.8652
  17740.00     8.3871
  17750.00     7.8319
  17760.00     7.9984
  17770.00     7.8884
  17780.00     8.0088
  17790.00     8.2536
  17800.00     8.1609
  17810.00     8.0316
  17820.00     7.8669
  17830.00     7.9827
  17840.00     7.8937
  17850.00     8.1980
  17860.00     7.9890
  17870.00     8.4959
  17880.00     8.3710
  17890.00     7.8372
  17900.00     8.4713
  17910.00     8.3675
  17920.00     8.3459
  17930.00     7.9935
  17940.00     8.3977
  17950.00     8.0662
  17960.00     7.8663
  17970.00     7.8834
  17980.00     7.6246
  17990.00     7.9768
  18000.00     7.9999
  18010.00     7.9697
  18020.00     7.6278
  18030.00     7.8773
  18040.00     8.4400
  18050.00     7.9256
  18060.00     7.3085
  18070.00     7.9181
  18080.00     7.7492
  18090.00     7.9892
  18100.00     8.1219
  18110.00     8.0146
  18120.00     7.9383
  18130.00     7.3662
  18140.00     7.3456
  18150.00     7.5504
  18160.00     7.5342
  18170.00     7.2597
  18180.00     7.8057
  18190.00     7.5978
  18200.00     7.7293
  18210.00     7.9421
  18220.00     7.7981
  18230.00     8.0088
  18240.00     8.1194
  18250.00     8.2855
  18260.00     7.6407
  18270.00     8.0541
  18280.00     8.2380
  18290.00     8.1252
  18300.00     8.2309
  18310.00     7.9521
  18320.00     7.8597
  18330.00     7.9635
  18340.00     7.7089
  18350.00     8.2342
  18360.00     7.5100
  18370.00     7.9672
  18380.00     7.9719
  18390.00     8.0083
  18400.00     7.5781
  18410.00     7.6692
  18420.00     7.9099
  18430.00     7.9935
  18440.00     7.7371
  18450.00     7.7456
  18460.00     7.8426
  18470.00     7.7527
  18480.00     7.8662
  18490.00     7.8592
  18500.00     8.0654
  18510.00     8.3137
  18520.00     8.0703
  18530.00     8.2108
  18540.00     8.0425
  18550.00     8.3528
  18560.00     8.1910
  18570.00     7.9666
  18580.00     8.2249
  18590.00     7.9396
  18600.00     8.0329
  18610.00     8.4157
  18620.00     8.1619
  18630.00     7.8145
  18640.00     8.4862
  18650.00     8.3723
  18660.00     8.1050
  18670.00     8.3025
  18680.00     8.6610
  18690.00     8.0563
  18700.00     8.2480
  18710.00     7.9124
  18720.00     8.3507
  18730.00     8.0308
  18740.00     8.3742
  18750.00     8.0398
  18760.00     7.8003
  18770.00     7.8135
  18780.00     8.0330
  18790.00     8.2008
  18800.00     8.0599
  18810.00     8.1335
  18820.00     8.1089
  18830.00     8.0539
  18840.00     8.1445
  18850.00     8.0347
  18860.00     8.4811
  18870.00     8.1801
  18880.00     8.5998
  18890.00     8.3786
  18900.00     8.3759
  18910.00     8.1720
  18920.00     8.0145
  18930.00     7.6736
  18940.00     7.6112
  18950.00     7.7167
  18960.00     8.3527
  18970.00     7.9821
  18980.00     7.7154
  18990.00     7.9998
  19000.00     8.3655
  19010.00     7.8643
  19020.00     8.1571
  19030.00     7.9216
  19040.00     8.0316
  19050.00     8.0981
  19060.00     7.7170
  19070.00     7.8571
  19080.00     7.3917
  19090.00     7.8340
  19100.00     7.6573
  19110.00     7.8267
  19120.00     7.5348
  19130.00     7.9286
  19140.00     8.0180
  19150.00     8.1905
  19160.00     7.6681
  19170.00     7.5526
  19180.00     7.8111
  19190.00     7.7227
  19200.00     7.6646
  19210.00     8.3744
  19220.00     7.8304
  19230.00     7.9393
  19240.00     8.2583
  19250.00     8.1856
  19260.00     7.6557
  19270.00     7.9987
  19280.00     8.3052
  19290.00     7.8520
  19300.00     8.1789
  19310.00     8.0626
  19320.00     8.2266
  19330.00     7.9238
  19340.00     7.7770
  19350.00     7.9588
  19360.00     8.0034
  19370.00     7.9793
  19380.00     8.0813
  19390.00     8.2786
  19400.00     7.7543
  19410.00     7.8353
  19420.00     7.9946
  19430.00     8.2096
  19440.00     7.9017
  19450.00     7.9682
  19460.00     7.7406
  19470.00     8.2034
  19480.00     8.3089
  19490.00     7.9843
  19500.00     7.9025
  19510.00     7.6323
  19520.00     7.7298
  19530.00     8.1289
  19540.00     8.4073
  19550.00     8.2898
  19560.00     8.0321
  19570.00     8.3823
  19580.00     8.2302
  19590.00     8.7370
  19600.00     8.0385
  19610.00     7.8294
  19620.00     7.6138
  19630.00     7.9214
  19640.00     8.3005
  19650.00     7.9227
  19660.00     8.0230
  19670.00     7.4794
  19680.00     7.7699
  19690.00     8.3330
  19700.00     8.0453
  19710.00     7.8539
  19720.00     8.2773
  19730.00     7.7634
  19740.00     8.1860
  19750.00     8.1787
  19760.00     8.0909
  19770.00     8.3914
  19780.00     8.1648
  19790.00     7.9549
  19800.00     7.7925
  19810.00     8.2419
  19820.00     8.2908
  19830.00     8.1409
  19840.00     7.6524
  19850.00     8.1206
  19860.00     8.3613
  19870.00     7.8293
  19880.00     8.1673
  19890.00     8.0999
  19900.00     7.5604
  19910.00     8.1824
  19920.00     7.9236
  19930.00     7.8403
  19940.00     7.8420
  19950.00     7.9350
  19960.00     7.6887
  19970.00     7.6278
  19980.00     7.9387
  19990.00     7.7834
  20000.00     8.2972
  20010.00     7.8369
  20020.00     8.1617
  20030.00     8.1852
  20040.00     8.0349
  20050.00     8.5087
  20060.00     8.4276
  20070.00     8.0956
  20080.00     7.6510
  20090.00     7.7923
  20100.00     8.5300
  20110.00     8.1489
  20120.00     8.2030
  20130.00     8.4834
  20140.00     7.9458
  20150.00     8.1780
  20160.00     7.9175
  20170.00     8.5689
  20180.00     8.6007
  20190.00     7.8486
  20200.00     8.0594
  20210.00     8.1160
  20220.00     8.5552
  20230.00     8.1029
  20240.00     8.5534
  20250.00     7.9240
  20260.00     7.8367
  20270.00     8.1606
  20280.00     8.3423
  20290.00     8.1624
  20300.00     8.0037
  20310.00     8.5037
  20320.00     8.0045
  20330.00     8.3462
  20340.00     8.0867
  20350.00     7.9687
  20360.00     8.1047
  20370.00     7.6996
  20380.00     8.0812
  20390.00     8.0768
  20400.00     7.8914
  20410.00     8.3272
  20420.00     7.8642
  20430.00     7.8824
  20440.00     7.5801
  20450.00     7.7450
  20460.00     8.1017
  20470.00     7.9627
  20480.00     8.2441
  20490.00     8.1327
  20500.00     8.0383
  20510.00     8.4697
  20520.00     7.8616
  20530.00     8.0350
  20540.00     7.9503
  20550.00     7.9551
  20560.00     7.6533
  20570.00     7.8466
  20580.00     7.6747
  20590.00     8.0904
  20600.00     7.8282
  20610.00     7.9378
  20620.00     8.1086
  20630.00     7.7127
  20640.00     7.6452
  20650.00     7.6425
  20660.00     7.6700
  20670.00     7.9632
  20680.00     7.8464
  20690.00     8.0245
  20700.00     7.8573
  20710.00     7.9878
  20720.00     8.2336
  20730.00     8.5702
  20740.00     8.4322
  20750.00     7.8121
  20760.00     7.8922
  20770.00     8.5062
  20780.00     8.3025
  20790.00     8.1118
  20800.00     7.9611
  20810.00     8.1057
  20820.00     7.5736
  20830.00     8.1039
  20840.00     7.9270
  20850.00     8.0927
  20860.00     8.1080
  20870.00     8.7358
  20880.00     8.0536
  20890.00     8.2677
  20900.00     8.2074
  20910.00     8.1590
  20920.00     7.6525
  20930.00     7.7514
  20940.00     8.0831
  20950.00     7.7095
  20960.00     8.0279
  20970.00     7.6342
  20980.00     8.4883
  20990.00     7.7865
  21000.00     8.0750
  21010.00     7.9293
  21020.00     7.7817
  21030.00     8.3221
  21040.00     8.5644
  21050.00     8.2224
  21060.00     7.9832
  21070.00     7.8840
  21080.00     7.9511
  21090.00     7.8216
  21100.00     7.7399
  21110.00     7.7593
  21120.00     8.5008
  21130.00     8.0510
  21140.00     8.0216
  21150.00     7.7444
  21160.00     7.8852
  21170.00     8.4908
  21180.00     8.6167
  21190.00     8.3786
  21200.00     8.0528
  21210.00     7.2658
  21220.00     7.8067
  21230.00     7.7141
  21240.00     8.1360
  21250.00     8.0104
  21260.00     7.8307
  21270.00     8.1744
  21280.00     8.0031
  21290.00     8.1277
  21300.00     8.1911
  21310.00     8.4334
  21320.00     8.0826
  21330.00     7.6087
  21340.00     7.4797
  21350.00     8.2378
  21360.00     8.1178
  21370.00     8.1309
  21380.00     7.8852
  21390.00     7.8552
  21400.00     8.0077
  21410.00     8.5596
  21420.00     8.3313
  21430.00     8.0055
  21440.00     8.1406
  21450.00     8.4090
  21460.00     8.2772
  21470.00     8.4242
  21480.00     8.0635
  21490.00     8.3177
  21500.00     8.0112
  21510.00     8.2480
  21520.00     7.9373
  21530.00     7.9192
  21540.00     7.6225
  21550.00     8.0050
  21560.00     8.1501
  21570.00     7.6890
  21580.00     8.0107
  21590.00     7.9546
  21600.00     7.6876
  21610.00     7.8743
  21620.00     8.3128
  21630.00     8.0937
  21640.00     8.1503
  21650.00     7.9980
  21660.00     8.3539
  21670.00     8.0139
  21680.00     8.2951
  21690.00     8.2654
  21700.00     7.7645
  21710.00     8.0874
  21720.00     7.9997
  21730.00     8.2215
  21740.00     8.3132
  21750.00     7.9873
  21760.00     7.8577
  21770.00     8.1389
  21780.00     8.0973
  21790.00     8.0881
  21800.00     7.9595
  21810.00     8.3081
  21820.00     8.1559
  21830.00     8.1212
  21840.00     7.7483
  21850.00     8.1480
  21860.00     8.2718
  21870.00     7.9145
  21880.00     7.8038
  21890.00     8.0944
  21900.00     8.2992
  21910.00     7.8695
  21920.00     8.0003
  21930.00     7.7654
  21940.00     7.6842
  21950.00     8.0925
  21960.00     8.2255
  21970.00     8.3219
  21980.00     8.0995
  21990.00     7.6809
  22000.00     7.7418
  22010.00     7.7343
  22020.00     7.5446
  22030.00     7.9217
  22040.00     8.1424
  22050.00     8.7629
  22060.00     8.3185
  22070.00     8.4217
  22080.00     8.2523
  22090.00     7.7873
  22100.00     7.6255
  22110.00     8.2751
  22120.00     8.1371
  22130.00     7.7990
  22140.00     7.8058
  22150.00     8.4372
  22160.00     8.1999
  22170.00     8.3852
  22180.00     7.6828
  22190.00     7.6959
  22200.00     8.2892
  22210.00     8.2018
  22220.00     7.7990
  22230.00     7.5863
  22240.00     7.8627
  22250.00     8.0237
  22260.00     8.4196
  22270.00     8.6057
  22280.00     8.4837
  22290.00     8.0175
  22300.00     7.7039
  22310.00     8.2268
  22320.00     7.7317
  22330.00     7.5986
  22340.00     8.1567
  22350.00     7.9833
  22360.00     8.7685
  22370.00     8.4246
  22380.00     8.0156
  22390.00     7.9678
  22400.00     8.0451
  22410.00     7.8442
  22420.00     7.7047
  22430.00     8.2006
  22440.00     8.5396
  22450.00     8.3784
  22460.00     8.4124
  22470.00     7.5292
  22480.00     8.0244
  22490.00     8.1013
  22500.00     8.4031
  22510.00     8.1710
  22520.00     8.5688
  22530.00     7.8333
  22540.00     7.9506
  22550.00     8.1758
  22560.00     8.2037
  22570.00     8.0070
  22580.00     7.9908
  22590.00     7.9299
  22600.00     8.1549
  22610.00     8.0588
  22620.00     7.9501
  22630.00     8.2192
  22640.00     8.1057
  22650.00     8.3753
  22660.00     7.6541
  22670.00     7.9661
  22680.00     8.5244
  22690.00     8.4470
  22700.00     7.9025
  22710.00     8.2500
  22720.00     8.2991
  22730.00     8.2589
  22740.00     7.6482
  22750.00     8.3055
  22760.00     8.1560
  22770.00     8.0266
  22780.00     8.2604
  22790.00     7.7737
  22800.00     8.3770
  22810.00     8.4721
  22820.00     8.2375
  22830.00     8.0704
  22840.00     7.9167
  22850.00     8.2460
  22860.00     7.9082
  22870.00     8.0885
  22880.00     8.3134
  22890.00     7.7579
  22900.00     7.9528
  22910.00     8.1113
  22920.00     7.4376
  22930.00     8.1849
  22940.00     7.7296
  22950.00     8.4468
  22960.00     8.2812
  22970.00     8.1041
  22980.00     7.8449
  22990.00     7.7862
  23000.00     7.5513
  23010.00     7.5885
  23020.00     7.4904
  23030.00     7.7435
  23040.00     7.9271
  23050.00     8.3142
  23060.00     8.0892
  23070.00     7.8918
  23080.00     8.1882
  23090.00     7.7058
  23100.00     8.2134
  23110.00     7.6232
  23120.00     7.7639
  23130.00     7.9342
  23140.00     7.4518
  23150.00     8.3105
  23160.00     8.0473
  23170.00     8.1543
  23180.00     8.2006
  23190.00     7.9618
  23200.00     7.6684
  23210.00     7.8637
  23220.00     8.6196
  23230.00     7.9153
  23240.00     8.3007
  23250.00     7.7589
  23260.00     8.1695
  23270.00     7.7765
  23280.00     8.2935
  23290.00     7.7811
  23300.00     8.8761
  23310.00     8.2164
  23320.00     8.0466
  23330.00     8.4634
  23340.00     8.2327
  23350.00     7.9173
  23360.00     8.1075
  23370.00     7.9505
  23380.00     8.2235
  23390.00     8.2081
  23400.00     8.1777
  23410.00     7.7031
  23420.00     7.8386
  23430.00     8.3566
  23440.00     8.2265
  23450.00     8.0187
  23460.00     8.2259
  23470.00     7.5894
  23480.00     8.4011
  23490.00     8.2281
  23500.00     8.0928
  23510.00     8.1093
  23520.00     8.2431
  23530.00     7.9939
  23540.00     7.7736
  23550.00     8.2928
  23560.00     8.1753
  23570.00     7.7953
  23580.00     8.4661
  23590.00     8.2185
  23600.00     8.1194
  23610.00     7.9722
  23620.00     8.0811
  23630.00     8.4771
  23640.00     8.1501
  23650.00     8.2140
  23660.00     8.2467
  23670.00     8.1573
  23680.00     7.6109
  23690.00     8.1895
  23700.00     8.1602
  23710.00     8.2650
  23720.00     8.1569
  23730.00     8.0006
  23740.00     8.3830
  23750.00     7.7074
  23760.00     7.9960
  23770.00     8.7394
  23780.00     8.1830
  23790.00     8.6042
  23800.00     8.2591
  23810.00     8.0422
  23820.00     8.5246
  23830.00     7.9485
  23840.00     7.9234
  23850.00     8.2194
  23860.00     7.4689
  23870.00     7.9216
  23880.00     8.5554
  23890.00     7.9446
  23900.00     8.2947
  23910.00     8.1323
  23920.00     7.6802
  23930.00     8.0782
  23940.00     7.8889
  23950.00     7.6307
  23960.00     7.3890
  23970.00     8.2850
  23980.00     8.0112
  23990.00     8.0608
  24000.00     7.8083
  24010.00     7.6807
  24020.00     8.0901
  24030.00     8.0726
  24040.00     7.7411
  24050.00     8.2252
  24060.00     8.1012
  24070.00     8.2384
  24080.00     8.1804
  24090.00     7.8558
  24100.00     8.2911
  24110.00     8.2848
  24120.00     8.0247
  24130.00     8.0270
  24140.00     8.3994
  24150.00     8.0918
  24160.00     7.8578
  24170.00     8.0604
  24180.00     7.8782
  24190.00     7.6355
  24200.00     8.2277
  24210.00     8.0372
  24220.00     7.9112
  24230.00     8.0908
  24240.00     8.4542
  24250.00     8.3994
  24260.00     8.3374
  24270.00     7.9203
  24280.00     8.5735
  24290.00     8.2189
  24300.00     8.4190
  24310.00     7.8820
  24320.00     8.3764
  24330.00     8.3026
  24340.00     8.6734
  24350.00     7.6411
  24360.00     7.8281
  24370.00     8.5184
  24380.00     8.4636
  24390.00     7.6477
  24400.00     8.0816
  24410.00     8.3569
  24420.00     7.8847
  24430.00     7.9029
  24440.00     7.9412
  24450.00     8.1496
  24460.00     7.8173
  24470.00     8.1104
  24480.00     8.4416
  24490.00     8.0210
  24500.00     7.7090
  24510.00     8.4517
  24520.00     7.7102
  24530.00     8.0040
  24540.00     7.9347
  24550.00     8.1085
  24560.00     7.4306
  24570.00     7.9298
  24580.00     7.9807
  24590.00     8.4235
  24600.00     8.3067
  24610.00     8.2090
  24620.00     7.8187
  24630.00     7.9781
  24640.00     8.0610
  24650.00     8.3581
  24660.00     8.1948
  24670.00     8.1001
  24680.00     7.7410
  24690.00     7.7408
  24700.00     7.9626
  24710.00     8.0708
  24720.00     7.9339
  24730.00     7.8032
  24740.00     7.9418
  24750.00     7.8365
  24760.00     8.4099
  24770.00     8.2463
  24780.00     7.8004
  24790.00     7.8411
  24800.00     8.0901
  24810.00     8.0930
  24820.00     7.8869
  24830.00     7.7955
  24840.00     7.7680
  24850.00     8.0015
  24860.00     8.3323
  24870.00     8.4036
  24880.00     8.4073
  24890.00     8.0712
  24900.00     7.9793
  24910.00     7.7397
  24920.00     8.1335
  24930.00     8.5775
  24940.00     8.0094
  24950.00     8.0514
  24960.00     7.8753
  24970.00     8.1364
  24980.00     8.1284
  24990.00     8.3249
  25000.00     7.7607
  25010.00     8.5675
  25020.00     8.4118
  25030.00     8.0744
  25040.00     8.1237
  25050.00     7.6984
  25060.00     7.7416
  25070.00     8.0510
  25080.00     8.1137
  25090.00     7.8385
  25100.00     8.0918
  25110.00     8.4959
  25120.00     8.4063
  25130.00     8.3226
  25140.00     8.1740
  25150.00     7.4989
  25160.00     8.0358
  25170.00     7.8741
  25180.00     7.3653
  25190.00     7.5965
  25200.00     7.9411
  25210.00     8.3025
  25220.00     7.8047
  25230.00     7.9084
  25240.00     8.2019
  25250.00     8.4119
  25260.00     8.1760
  25270.00     8.0515
  25280.00     7.4870
  25290.00     8.2761
  25300.00     7.1884
  25310.00     7.9811
  25320.00     8.1751
  25330.00     8.0032
  25340.00     7.7514
  25350.00     7.8235
  25360.00     7.7283
  25370.00     8.1418
  25380.00     8.2955
  25390.00     8.0094
  25400.00     8.2627
  25410.00     8.3126
  25420.00     8.3586
  25430.00     8.0688
  25440.00     8.2028
  25450.00     8.2289
  25460.00     7.8096
  25470.00     8.2473
  25480.00     8.1256
  25490.00     8.0330
  25500.00     7.3782
  25510.00     7.6915
  25520.00     7.8764
  25530.00     8.3020
  25540.00     7.8928
  25550.00     7.7009
  25560.00     8.4968
  25570.00     7.9949
  25580.00     7.8199
  25590.00     7.6675
  25600.00     7.9657
  25610.00     8.2447
  25620.00     8.5627
  25630.00     7.9417
  25640.00     7.6485
  25650.00     8.0985
  25660.00     8.4156
  25670.00     8.3749
  25680.00     8.4126
  25690.00     7.9072
  25700.00     8.1007
  25710.00     8.3254
  25720.00     7.8906
  25730.00     8.3125
  25740.00     8.2630
  25750.00     8.8777
  25760.00     8.0462
  25770.00     8.1964
  25780.00     8.3447
  25790.00     8.6297
  25800.00     8.2460
  25810.00     8.0005
  25820.00     8.5582
  25830.00     8.6161
  25840.00     8.6664
  25850.00     8.5688
  25860.00     8.5111
  25870.00     8.3277
  25880.00     8.4106
  25890.00     8.3866
  25900.00     7.9439
  25910.00     8.2149
  25920.00     8.2551
  25930.00     7.9955
  25940.00     8.0700
  25950.00     8.3886
  25960.00     8.5373
  25970.00     8.1352
  25980.00     8.2198
  25990.00     8.5641
  26000.00     8.2783
  26010.00     8.4913
  26020.00     8.2563
  26030.00     8.0042
  26040.00     8.0651
  26050.00     8.2672
  26060.00     8.2864
  26070.00     8.3043
  26080.00     8.8897
  26090.00     7.9393
  26100.00     7.9403
  26110.00     8.1622
  26120.00     7.9543
  26130.00     8.3501
  26140.00     8.2456
  26150.00     8.2387
  26160.00     7.6391
  26170.00     8.1617
  26180.00     7.9474
  26190.00     7.7908
  26200.00     8.1986
  26210.00     8.4065
  26220.00     8.1926
  26230.00     8.7489
  26240.00     7.7305
  26250.00     8.0461
  26260.00     7.3503
  26270.00     7.6243
  26280.00     7.6347
  26290.00     7.7952
  26300.00     7.7992
  26310.00     8.1473
  26320.00     8.1016
  26330.00     7.9244
  26340.00     8.2093
  26350.00     8.2268
  26360.00     8.5000
  26370.00     8.2942
  26380.00     7.9915
  26390.00     8.2290
  26400.00     7.9861
  26410.00     8.1368
  26420.00     8.0378
  26430.00     8.0630
  26440.00     8.1529
  26450.00     8.0601
  26460.00     8.2891
  26470.00     7.1329
  26480.00     7.6643
  26490.00     8.1683
  26500.00     7.7172
  26510.00     8.0199
  26520.00     8.3880
  26530.00     7.7323
  26540.00     8.1530
  26550.00     8.3293
  26560.00     7.7674
  26570.00     8.3702
  26580.00     7.8031
  26590.00     8.0342
  26600.00     8.0663
  26610.00     8.0976
  26620.00     7.4565
  26630.00     7.8000
  26640.00     8.0795
  26650.00     8.2054
  26660.00     8.3131
  26670.00     8.2146
  26680.00     8.4399
  26690.00     8.2904
  26700.00     8.2492
  26710.00     7.8062
  26720.00     7.9400
  26730.00     8.8705
  26740.00     8.4842
  26750.00     8.0668
  26760.00     8.0702
  26770.00     8.1047
  26780.00     7.8443
  26790.00     8.7672
  26800.00     8.0892
  26810.00     7.9339
  26820.00     7.8470
  26830.00     8.2680
  26840.00     8.1192
  26850.00     8.3935
  26860.00     8.7310
  26870.00     7.9333
  26880.00     7.7935
  26890.00     8.2771
  26900.00     7.8038
  26910.00     8.1352
  26920.00     8.5166
  26930.00     8.2630
  26940.00     7.9429
  26950.00     8.0867
  26960.00     7.8715
  26970.00     7.8782
  26980.00     8.1770
  26990.00     7.8451
  27000.00     8.3065
  27010.00     7.7867
  27020.00     7.7812
  27030.00     8.4097
  27040.00     8.5664
  27050.00     8.3605
  27060.00     8.0786
  27070.00     8.2372
  27080.00     7.9775
  27090.00     7.9617
  27100.00     8.3159
  27110.00     8.5486
  27120.00     8.6381
  27130.00     7.7443
  27140.00     8.2613
  27150.00     8.0970
  27160.00     7.9544
  27170.00     8.0417
  27180.00     8.2139
  27190.00     7.8397
  27200.00     8.2242
  27210.00     8.2050
  27220.00     7.9883
  27230.00     8.2416
  27240.00     8.0222
  27250.00     7.6976
  27260.00     8.5852
  27270.00     8.2030
  27280.00     8.0108
  27290.00     7.7432
  27300.00     8.2327
  27310.00     8.4598
  27320.00     8.0197
  27330.00     8.2332
  27340.00     7.7164
  27350.00     8.0430
  27360.00     7.8667
  27370.00     8.3327
  27380.00     7.9290
  27390.00     8.0730
  27400.00     8.2594
  27410.00     8.5255
  27420.00     8.1795
  27430.00     8.1052
  27440.00     8.2638
  27450.00     8.4632
  27460.00     7.9669
  27470.00     7.9633
  27480.00     8.4027
  27490.00     8.3730
  27500.00     8.1772
  27510.00     8.7485
  27520.00     8.5545
  27530.00     7.8771
  27540.00     7.9185
  27550.00     7.8099
  27560.00     8.0296
  27570.00     7.7648
  27580.00     7.8009
  27590.00     8.1002
  27600.00     8.4309
  27610.00     8.1702
  27620.00     7.7613
  27630.00     8.3900
  27640.00     7.8797
  27650.00     7.8440
  27660.00     7.9288
  27670.00     7.6851
  27680.00     7.9538
  27690.00     7.8459
  27700.00     7.9404
  27710.00     8.4195
  27720.00     8.2450
  27730.00     8.0995
  27740.00     7.9591
  27750.00     7.9163
  27760.00     7.8507
  27770.00     8.3320
  27780.00     8.5462
  27790.00     8.5767
  27800.00     8.2663
  27810.00     8.1828
  27820.00     8.3754
  27830.00     8.3366
  27840.00     8.2691
  27850.00     7.9680
  27860.00     8.3730
  27870.00     8.2029
  27880.00     8.2435
  27890.00     8.5031
  27900.00     7.7987
  27910.00     7.9994
  27920.00     8.3801
  27930.00     8.2081
  27940.00     7.5352
  27950.00     7.7792
  27960.00     7.9489
  27970.00     7.9310
  27980.00     8.3595
  27990.00     7.9820
  28000.00     8.3247
  28010.00     8.0596
  28020.00     8.0314
  28030.00     8.0806
  28040.00     7.4963
  28050.00     8.6076
  28060.00     7.8887
  28070.00     7.9854
  28080.00     8.4295
  28090.00     7.8992
  28100.00     8.4635
  28110.00     7.7145
  28120.00     7.9206
  28130.00     7.7721
  28140.00     7.6368
  28150.00     8.2337
  28160.00     7.9783
  28170.00     8.4188
  28180.00     7.6988
  28190.00     8.4555
  28200.00     8.1295
  28210.00     8.1411
  28220.00     8.0483
  28230.00     8.4480
  28240.00     7.8253
  28250.00     8.6438
  28260.00     8.3424
  28270.00     8.1804
  28280.00     8.1037
  28290.00     7.6090
  28300.00     7.8326
  28310.00     8.0801
  28320.00     7.7707
  28330.00     7.7304
  28340.00     7.9301
  28350.00     8.2638
  28360.00     8.1383
  28370.00     8.2784
  28380.00     7.9369
  28390.00     7.9408
  28400.00     8.2017
  28410.00     7.9030
  28420.00     8.0383
  28430.00     8.0508
  28440.00     8.0832
  28450.00     8.1529
  28460.00     7.7914
  28470.00     8.3633
  28480.00     8.7369
  28490.00     8.4670
  28500.00     8.5318
  28510.00     8.2621
  28520.00     8.3109
  28530.00     8.4157
  28540.00     8.1704
  28550.00     7.8231
  28560.00     7.9880
  28570.00     7.9125
  28580.00     8.4505
  28590.00     8.0530
  28600.00     8.4713
  28610.00     8.5952
  28620.00     8.3279
  28630.00     7.9965
  28640.00     8.6361
  28650.00     8.3458
  28660.00     8.6711
  28670.00     8.3805
  28680.00     8.2813
  28690.00     7.5885
  28700.00     8.0104
  28710.00     7.9336
  28720.00     8.4188
  28730.00     8.1392
  28740.00     7.7625
  28750.00     7.9543
  28760.00     7.7862
  28770.00     8.0286
  28780.00     7.8746
  28790.00     7.9721
  28800.00     7.8530
  28810.00     7.9236
  28820.00     7.5890
  28830.00     8.2234
  28840.00     8.0808
  28850.00     7.9615
  28860.00     8.3080
  28870.00     8.3159
  28880.00     8.1419
  28890.00     8.1851
  28900.00     7.7331
  28910.00     8.0775
  28920.00     7.9634
  28930.00     7.9041
  28940.00     7.8773
  28950.00     7.8771
  28960.00     7.8542
  28970.00     7.7875
  28980.00     7.6198
  28990.00     7.9750
  29000.00     8.3525
  29010.00     7.7880
  29020.00     8.4134
  29030.00     7.8227
  29040.00     7.8099
  29050.00     7.4361
  29060.00     7.5542
  29070.00     8.0178
  29080.00     7.6292
  29090.00     8.0551
  29100.00     8.1858
  29110.00     7.8443
  29120.00     7.3725
  29130.00     8.2715
  29140.00     7.9942
  29150.00     8.0447
  29160.00     8.1662
  29170.00     7.4965
  29180.00     8.1790
  29190.00     8.3741
  29200.00     8.0657
  29210.00     7.9374
  29220.00     7.8421
  29230.00     8.0667
  29240.00     7.9683
  29250.00     7.8917
  29260.00     7.9566
  29270.00     8.1285
  29280.00     7.9729
  29290.00     8.1338
  29300.00     8.0814
  29310.00     7.4749
  29320.00     7.9561
  29330.00     7.9000
  29340.00     8.0988
  29350.00     7.7019
  29360.00     7.8067
  29370.00     8.3706
  29380.00     7.9394
  29390.00     8.0679
  29400.00     8.2217
  29410.00     7.4593
  29420.00     7.8312
  29430.00     8.2304
  29440.00     8.1151
  29450.00     7.7638
  29460.00     8.6314
  29470.00     7.8278
  29480.00     7.9369
  29490.00     7.7333
  29500.00     7.9787
  29510.00     7.9413
  29520.00     7.9536
  29530.00     8.1124
  29540.00     7.5322
  29550.00     8.0860
  29560.00     7.6484
  29570.00     7.8273
  29580.00     7.1938
  29590.00     7.8661
  29600.00     7.9579
  29610.00     8.2444
  29620.00     8.0691
  29630.00     7.8460
  29640.00     7.9706
  29650.00     7.8025
  29660.00     7.4774
  29670.00     8.2301
  29680.00     7.9390
  29690.00     7.7003
  29700.00     8.0319
  29710.00     8.2914
  29720.00     7.9014
  29730.00     7.8922
  29740.00     8.4596
  29750.00     8.3808
  29760.00     7.9320
  29770.00     8.3173
  29780.00     7.9445
  29790.00     7.7857
  29800.00     7.8033
  29810.00     8.0745
  29820.00     8.2837
  29830.00     7.8328
  29840.00     7.7640
  29850.00     7.9141
  29860.00     8.0575
  29870.00     8.2208
  29880.00     8.4119
  29890.00     7.6772
  29900.00     8.0201
  29910.00     7.8803
  29920.00     7.7924
  29930.00     8.1660
  29940.00     8.5245
  29950.00     8.0556
  29960.00     7.7615
  29970.00     8.2406
  29980.00     7.6697
  29990.00     7.7186
  30000.00     7.8357
  30010.00     7.9548
  30020.00     7.7090
  30030.00     7.7513
  30040.00     7.8419
  30050.00     7.7047
  30060.00     8.3709
  30070.00     7.9528
  30080.00     7.9686
  30090.00     7.8665
  30100.00     7.4187
  30110.00     7.8756
  30120.00     7.7357
  30130.00     8.1623
  30140.00     8.2668
  30150.00     8.1954
  30160.00     7.7143
  30170.00     7.7992
  30180.00     7.8439
  30190.00     7.9231
  30200.00     7.7978
  30210.00     7.9317
  30220.00     8.2003
  30230.00     8.1974
  30240.00     7.7571
  30250.00     7.9219
  30260.00     8.1876
  30270.00     7.9121
  30280.00     8.1006
  30290.00     8.2245
  30300.00     8.2046
  30310.00     8.0565
  30320.00     7.8643
  30330.00     8.2785
  30340.00     8.3111
  30350.00     7.8698
  30360.00     7.8885
  30370.00     7.8931
  30380.00     7.8296
  30390.00     8.1795
  30400.00     7.8373
  30410.00     8.3319
  30420.00     7.6560
  30430.00     8.0659
  30440.00     8.1540
  30450.00     8.3439
  30460.00     7.8016
  30470.00     8.2884
  30480.00     7.8550
  30490.00     8.5287
  30500.00     7.8556
  30510.00     7.8047
  30520.00     7.9031
  30530.00     8.1629
  30540.00     7.5626
  30550.00     8.1202
  30560.00     8.3039
  30570.00     8.5261
  30580.00     8.2812
  30590.00     8.5882
  30600.00     8.3496
  30610.00     7.7060
  30620.00     8.3411
  30630.00     7.7183
  30640.00     7.9787
  30650.00     8.2511
  30660.00     7.9622
  30670.00     7.9137
  30680.00     7.8992
  30690.00     8.1425
  30700.00     7.7266
  30710.00     7.6051
  30720.00     8.1365
  30730.00     8.0895
  30740.00     8.8839
  30750.00     7.9896
  30760.00     8.0861
  30770.00     8.3112
  30780.00     7.9681
  30790.00     7.8474
  30800.00     8.6089
  30810.00     8.2618
  30820.00     8.0594
  30830.00     8.0369
  30840.00     8.0877
  30850.00     7.9770
  30860.00     8.1886
  30870.00     8.1893
  30880.00     7.9463
  30890.00     8.1173
  30900.00     8.5492
  30910.00     8.5602
  30920.00     8.4422
  30930.00     7.9031
  30940.00     8.3535
  30950.00     8.5585
  30960.00     8.0179
  30970.00     8.1429
  30980.00     7.8844
  30990.00     8.0416
  31000.00     8.0032
  31010.00     8.1332
  31020.00     7.7799
  31030.00     8.1824
  31040.00     8.2693
  31050.00     7.8206
  31060.00     8.1841
  31070.00     8.0877
  31080.00     7.9827
  31090.00     8.2181
  31100.00     8.5272
  31110.00     8.2671
  31120.00     8.3211
  31130.00     8.1880
  31140.00     7.9112
  31150.00     8.4285
  31160.00     8.2134
  31170.00     8.1263
  31180.00     8.2598
  31190.00     8.7510
  31200.00     8.5581
  31210.00     8.2620
  31220.00     7.9805
  31230.00     7.9144
  31240.00     8.0337
  31250.00     8.4297
  31260.00     7.8131
  31270.00     8.3620
  31280.00     7.9650
  31290.00     7.8006
  31300.00     7.7953
  31310.00     7.9052
  31320.00     8.5913
  31330.00     8.1164
  31340.00     7.7348
  31350.00     8.1500
  31360.00     8.0358
  31370.00     7.8156
  31380.00     8.2699
  31390.00     7.8280
  31400.00     8.1706
  31410.00     8.0665
  31420.00     7.8398
  31430.00     8.0710
  31440.00     8.3100
  31450.00     8.5901
  31460.00     7.8652
  31470.00     7.8294
  31480.00     7.9107
  31490.00     8.1531
  31500.00     8.0156
  31510.00     8.2467
  31520.00     7.7019
  31530.00     7.7204
  31540.00     8.2616
  31550.00     8.3271
  31560.00     8.4485
  31570.00     8.3312
  31580.00     7.9755
  31590.00     7.8501
  31600.00     8.1131
  31610.00     8.0258
  31620.00     7.5157
  31630.00     7.6474
  31640.00     8.0544
  31650.00     8.0790
  31660.00     7.6140
  31670.00     7.8633
  31680.00     7.7073
  31690.00     7.7511
  31700.00     8.5101
  31710.00     7.6667
  31720.00     8.0239
  31730.00     7.7806
  31740.00     8.0903
  31750.00     8.0406
  31760.00     7.7936
  31770.00     7.7205
  31780.00     7.8927
  31790.00     7.5771
  31800.00     7.4639
  31810.00     7.7784
  31820.00     8.0764
  31830.00     7.6074
  31840.00     7.9287
  31850.00     7.9518
  31860.00     8.4214
  31870.00     7.7106
  31880.00     7.7884
  31890.00     8.0092
  31900.00     7.7742
  31910.00     7.9179
  31920.00     7.8877
  31930.00     8.2595
  31940.00     7.3606
  31950.00     7.7278
  31960.00     7.8623
  31970.00     7.9049
  31980.00     7.9938
  31990.00     7.9023
  32000.00     8.1429
  32010.00     8.1047
  32020.00     7.6422
  32030.00     7.9667
  32040.00     7.8772
  32050.00     7.7943
  32060.00     7.6832
  32070.00     8.3390
  32080.00     8.2790
  32090.00     7.3575
  32100.00     8.2585
  32110.00     8.0581
  32120.00     7.7826
  32130.00     8.2782
  32140.00     7.8745
  32150.00     8.5053
  32160.00     7.9523
  32170.00     8.1592
  32180.00     8.0646
  32190.00     8.5128
  32200.00     8.0562
  32210.00     7.7614
  32220.00     8.4172
  32230.00     8.0725
  32240.00     7.7266
  32250.00     8.5923
  32260.00     8.1118
  32270.00     8.1823
  32280.00     8.5878
  32290.00     8.1937
  32300.00     7.8477
  32310.00     7.8550
  32320.00     8.2665
  32330.00     8.7571
  32340.00     8.2831
  32350.00     8.3335
  32360.00     8.0145
  32370.00     7.9472
  32380.00     8.2976
  32390.00     8.0954
  32400.00     8.0290
  32410.00     8.1900
  32420.00     8.0666
  32430.00     7.9427
  32440.00     8.0392
  32450.00     8.2465
  32460.00     8.3304
  32470.00     7.7970
  32480.00     8.1308
  32490.00     7.8015
  32500.00     8.1028
  32510.00     8.2624
  32520.00     8.0868
  32530.00     8.1613
  32540.00     8.1018
  32550.00     8.0145
  32560.00     8.0615
  32570.00     8.7741
  32580.00     8.3011
  32590.00     8.2264
  32600.00     7.7788
  32610.00     8.2008
  32620.00     7.8201
  32630.00     7.3255
  32640.00     8.5010
  32650.00     7.9710
  32660.00     7.9613
  32670.00     8.1939
  32680.00     8.0480
  32690.00     7.8833
  32700.00     8.5092
  32710.00     7.6207
  32720.00     7.9666
  32730.00     8.2761
  32740.00     7.9413
  32750.00     7.7895
  32760.00     8.3265
  32770.00     7.8303
  32780.00     7.5652
  32790.00     7.7073
  32800.00     7.2790
  32810.00     7.6809
  32820.00     7.7843
  32830.00     8.1690
  32840.00     8.0717
  32850.00     7.6229
  32860.00     7.6386
  32870.00     8.2874
  32880.00     8.0717
  32890.00     8.1892
  32900.00     8.2025
  32910.00     8.1057
  32920.00     7.9927
  32930.00     8.4652
  32940.00     8.1046
  32950.00     7.9418
  32960.00     8.2070
  32970.00     8.1522
  32980.00     8.0967
  32990.00     8.2717
  33000.00     7.7981
  33010.00     8.9173
  33020.00     7.7404
  33030.00     8.4630
  33040.00     8.1113
  33050.00     8.3673
  33060.00     8.4781
  33070.00     8.4498
  33080.00     8.7632
  33090.00     8.6996
  33100.00     8.7232
  33110.00     7.8235
  33120.00     7.9130
  33130.00     8.4201
  33140.00     8.3323
  33150.00     8.4266
  33160.00     8.1755
  33170.00     8.1082
  33180.00     7.9002
  33190.00     7.8824
  33200.00     8.2033
  33210.00     7.7740
  33220.00     7.9986
  33230.00     7.8292
  33240.00     7.9249
  33250.00     8.4288
  33260.00     8.2316
  33270.00     8.0149
  33280.00     7.9692
  33290.00     8.5205
  33300.00     8.0045
  33310.00     7.8398
  33320.00     8.0417
  33330.00     8.2599
  33340.00     8.3058
  33350.00     8.1310
  33360.00     7.9360
  33370.00     8.0426
  33380.00     8.4506
  33390.00     8.5542
  33400.00     8.1495
  33410.00     8.2622
  33420.00     8.2872
  33430.00     7.6214
  33440.00     8.2206
  33450.00     8.2379
  33460.00     8.2185
  33470.00     8.1969
  33480.00     8.0944
  33490.00     8.0869
  33500.00     8.0217
  33510.00     8.4060
  33520.00     8.1105
  33530.00     8.2982
  33540.00     7.9326
  33550.00     7.8976
  33560.00     7.7229
  33570.00     8.2394
  33580.00     8.1141
  33590.00     7.6536
  33600.00     7.7243
  33610.00     7.7262
  33620.00     7.7469
  33630.00     8.3582
  33640.00     8.2500
  33650.00     7.6908
  33660.00     7.8537
  33670.00     8.1334
  33680.00     8.3459
  33690.00     8.0449
  33700.00     8.0979
  33710.00     8.1991
  33720.00     8.1088
  33730.00     7.9000
  33740.00     7.8055
  33750.00     8.3252
  33760.00     7.8548
  33770.00     7.9365
  33780.00     7.6592
  33790.00     8.3750
  33800.00     7.7237
  33810.00     8.4613
  33820.00     7.8610
  33830.00     8.1764
  33840.00     8.0175
  33850.00     8.1952
  33860.00     7.7942
  33870.00     7.5371
  33880.00     7.7141
  33890.00     7.9881
  33900.00     7.9635
  33910.00     8.1210
  33920.00     8.1674
  33930.00     8.0649
  33940.00     7.6389
  33950.00     7.9193
  33960.00     8.1174
  33970.00     8.0883
  33980.00     8.5306
  33990.00     8.1930
  34000.00     8.1984
  34010.00     8.3302
  34020.00     8.5522
  34030.00     7.9369
  34040.00     8.6482
  34050.00     8.0812
  34060.00     8.5114
  34070.00     8.4732
  34080.00     7.9432
  34090.00     8.2223
  34100.00     8.5820
  34110.00     8.4571
  34120.00     8.1525
  34130.00     7.7769
  34140.00     7.5855
  34150.00     8.2316
  34160.00     7.5900
  34170.00     8.0880
  34180.00     7.5684
  34190.00     7.8414
  34200.00     7.7918
  34210.00     8.0092
  34220.00     7.9627
  34230.00     8.0118
  34240.00     8.0572
  34250.00     8.3695
  34260.00     8.5095
  34270.00     7.8126
  34280.00     8.1443
  34290.00     7.9806
  34300.00     8.0649
  34310.00     8.1000
  34320.00     7.5528
  34330.00     7.8578
  34340.00     8.3241
  34350.00     8.1896
  34360.00     8.2905
  34370.00     8.1345
  34380.00     8.1619
  34390.00     8.0659
  34400.00     8.5049
  34410.00     8.2134
  34420.00     7.8306
  34430.00     8.0881
  34440.00     8.2561
  34450.00     7.8488
  34460.00     8.1069
  34470.00     8.1570
  34480.00     8.2918
  34490.00     8.2725
  34500.00     7.5748
  34510.00     8.0852
  34520.00     7.9998
  34530.00     7.8511
  34540.00     8.1562
  34550.00     8.4794
  34560.00     8.4055
  34570.00     8.3552
  34580.00     8.0668
  34590.00     8.7749
  34600.00     8.2451
  34610.00     8.1221
  34620.00     8.0477
  34630.00     7.8920
  34640.00     8.4475
  34650.00     7.6601
  34660.00     7.6104
  34670.00     7.7229
  34680.00     8.1761
  34690.00     7.8352
  34700.00     7.6113
  34710.00     7.6330
  34720.00     7.7707
  34730.00     7.5755
  34740.00     7.9551
  34750.00     7.9558
  34760.00     8.3059
  34770.00     7.7255
  34780.00     7.9182
  34790.00     7.7257
  34800.00     7.8763
  34810.00     7.7085
  34820.00     8.0619
  34830.00     7.8776
  34840.00     8.1123
  34850.00     7.7439
  34860.00     7.9900
  34870.00     7.8248
  34880.00     8.0429
  34890.00     8.0772
  34900.00     8.7995
  34910.00     7.6490
  34920.00     7.7784
  34930.00     7.6309
  34940.00     7.0460
  34950.00     7.7626
  34960.00     7.8190
  34970.00     7.8316
  34980.00     8.0316
  34990.00     8.0737
  35000.00     7.7054
  35010.00     7.5436
  35020.00     8.4935
  35030.00     7.8555
  35040.00     8.3383
  35050.00     8.0217
  35060.00     8.3005
  35070.00     8.0342
  35080.00     7.6353
  35090.00     8.5482
  35100.00     8.0269
  35110.00     7.9112
  35120.00     8.2009
  35130.00     7.5554
  35140.00     8.0594
  35150.00     7.8388
  35160.00     8.1946
  35170.00     8.5657
  35180.00     8.0061
  35190.00     7.9947
  35200.00     8.7371
  35210.00     8.3379
  35220.00     8.5415
  35230.00     8.0226
  35240.00     8.3282
  35250.00     8.5746
  35260.00     8.2613
  35270.00     7.8374
  35280.00     8.3440
  35290.00     8.1236
  35300.00     7.9817
  35310.00     8.0907
  35320.00     7.8459
  35330.00     7.7936
  35340.00     8.0120
  35350.00     8.1908
  35360.00     8.1540
  35370.00     8.2290
  35380.00     7.6764
  35390.00     7.8704
  35400.00     7.6834
  35410.00     8.1910
  35420.00     7.9407
  35430.00     8.1260
  35440.00     7.9292
  35450.00     8.6340
  35460.00     8.0281
  35470.00     8.5953
  35480.00     7.9226
  35490.00     7.6744
  35500.00     8.4333
  35510.00     8.5537
  35520.00     8.3566
  35530.00     7.5548
  35540.00     8.0469
  35550.00     8.7241
  35560.00     8.2585
  35570.00     8.1875
  35580.00     8.0317
  35590.00     8.2392
  35600.00     8.1711
  35610.00     8.3463
  35620.00     7.9320
  35630.00     8.6288
  35640.00     7.9230
  35650.00     7.9837
  35660.00     7.9006
  35670.00     7.7540
  35680.00     7.5347
  35690.00     7.7212
  35700.00     7.9260
  35710.00     8.2876
  35720.00     8.0082
  35730.00     8.5799
  35740.00     7.9890
  35750.00     7.4677
  35760.00     7.9761
  35770.00     8.3556
  35780.00     7.7727
  35790.00     7.9607
  35800.00     7.8768
  35810.00     8.3155
  35820.00     8.0822
  35830.00     8.0865
  35840.00     8.0667
  35850.00     7.9104
  35860.00     8.6072
  35870.00     8.3415
  35880.00     8.2577
  35890.00     8.0217
  35900.00     8.1024
  35910.00     8.0471
  35920.00     8.3479
  35930.00     8.3374
  35940.00     8.4354
  35950.00     8.4035
  35960.00     8.3388
  35970.00     8.1368
  35980.00     8.1872
  35990.00     8.0950
  36000.00     7.7805
  36010.00     8.6467
  36020.00     7.9487
  36030.00     7.8333
  36040.00     7.8466
  36050.00     7.7105
  36060.00     8.1209
  36070.00     7.7530
  36080.00     8.3059
  36090.00     7.7053
  36100.00     8.5334
  36110.00     8.3909
  36120.00     8.2370
  36130.00     7.9797
  36140.00     8.5616
  36150.00     8.1974
  36160.00     8.2208
  36170.00     8.4328
  36180.00     8.1915
  36190.00     8.3948
  36200.00     8.4544
  36210.00     8.2887
  36220.00     7.7863
  36230.00     7.9203
  36240.00     8.1108
  36250.00     8.4634
  36260.00     8.2382
  36270.00     8.4105
  36280.00     7.7454
  36290.00     7.9462
  36300.00     7.9250
  36310.00     8.1936
  36320.00     7.9989
  36330.00     7.8894
  36340.00     7.8326
  36350.00     7.6569
  36360.00     7.9839
  36370.00     7.6183
  36380.00     8.0652
  36390.00     8.2596
  36400.00     7.9844
  36410.00     7.9595
  36420.00     7.8593
  36430.00     8.2729
  36440.00     7.8203
  36450.00     7.7035
  36460.00     8.2047
  36470.00     7.9124
  36480.00     8.0131
  36490.00     8.1125
  36500.00     8.5214
  36510.00     8.3681
  36520.00     7.7066
  36530.00     7.5046
  36540.00     7.8845
  36550.00     7.4056
  36560.00     8.2040
  36570.00     7.6987
  36580.00     8.3655
  36590.00     8.0284
  36600.00     7.6372
  36610.00     8.4208
  36620.00     7.9564
  36630.00     8.0919
  36640.00     7.8472
  36650.00     7.7790
  36660.00     8.0970
  36670.00     7.5777
  36680.00     7.8951
  36690.00     7.8556
  36700.00     8.0766
  36710.00     8.2380
  36720.00     7.9455
  36730.00     8.1679
  36740.00     7.7827
  36750.00     8.1384
  36760.00     7.9237
  36770.00     8.3931
  36780.00     8.1551
  36790.00     8.0457
  36800.00     7.7865
  36810.00     8.2143
  36820.00     8.4851
  36830.00     8.4610
  36840.00     8.5848
  36850.00     7.6036
  36860.00     8.2066
  36870.00     8.1325
  36880.00     8.1267
  36890.00     7.4707
  36900.00     7.8479
  36910.00     7.9282
  36920.00     8.5596
  36930.00     7.8533
  36940.00     8.2715
  36950.00     8.2285
  36960.00     8.0310
  36970.00     8.3625
  36980.00     8.2283
  36990.00     8.4418
  37000.00     7.9805
  37010.00     7.6310
  37020.00     7.8234
  37030.00     8.0337
  37040.00     7.8514
  37050.00     7.5973
  37060.00     7.8566
  37070.00     8.3691
  37080.00     8.0553
  37090.00     7.8351
  37100.00     7.7135
  37110.00     8.1270
  37120.00     8.0192
  37130.00     7.3348
  37140.00     7.6497
  37150.00     7.6504
  37160.00     8.3048
  37170.00     8.0132
  37180.00     7.8871
  37190.00     7.8358
  37200.00     7.9034
  37210.00     8.1847
  37220.00     8.0778
  37230.00     7.9560
  37240.00     8.1872
  37250.00     7.8311
  37260.00     7.8269
  37270.00     8.0285
  37280.00     8.1221
  37290.00     8.1689
  37300.00     8.1436
  37310.00     8.6207
  37320.00     8.2944
  37330.00     7.9309
  37340.00     8.2221
  37350.00     8.0329
  37360.00     7.9160
  37370.00     8.0622
  37380.00     8.1553
  37390.00     8.2932
  37400.00     8.4990
  37410.00     8.2861
  37420.00     7.9211
  37430.00     7.8659
  37440.00     8.3251
  37450.00     8.5793
  37460.00     8.9690
  37470.00     8.3716
  37480.00     8.0105
  37490.00     7.8528
  37500.00     7.8514
  37510.00     8.0700
  37520.00     8.1615
  37530.00     8.0727
  37540.00     8.0057
  37550.00     7.6577
  37560.00     8.5577
  37570.00     8.0082
  37580.00     7.6499
  37590.00     8.4131
  37600.00     8.2024
  37610.00     7.8055
  37620.00     8.0851
  37630.00     8.3704
  37640.00     8.2564
  37650.00     7.9770
  37660.00     7.7785
  37670.00     8.2335
  37680.00     8.3723
  37690.00     8.0973
  37700.00     7.8760
  37710.00     8.2569
  37720.00     8.1068
  37730.00     8.3759
  37740.00     8.0328
  37750.00     8.2920
  37760.00     8.0549
  37770.00     8.3131
  37780.00     8.2919
  37790.00     8.5751
  37800.00     8.1058
  37810.00     7.7196
  37820.00     8.4776
  37830.00     8.6935
  37840.00     8.0081
  37850.00     8.1678
  37860.00     8.1189
  37870.00     7.6951
  37880.00     8.0359
  37890.00     7.9370
  37900.00     7.9086
  37910.00     7.9476
  37920.00     8.4835
  37930.00     7.8286
  37940.00     8.3727
  37950.00     8.2038
  37960.00     8.3376
  37970.00     8.2497
  37980.00     8.0047
  37990.00     8.3391
  38000.00     8.2184
  38010.00     7.9840
  38020.00     8.3180
  38030.00     8.1483
  38040.00     8.0401
  38050.00     8.1750
  38060.00     8.3764
  38070.00     7.7862
  38080.00     8.1803
  38090.00     7.8803
  38100.00     8.2738
  38110.00     8.0573
  38120.00     7.8203
  38130.00     8.0123
  38140.00     8.1399
  38150.00     7.7940
  38160.00     8.1243
  38170.00     8.2885
  38180.00     7.9562
  38190.00     8.0629
  38200.00     8.0901
  38210.00     8.3128
  38220.00     8.0142
  38230.00     7.8686
  38240.00     8.5310
  38250.00     8.0994
  38260.00     7.6975
  38270.00     7.6068
  38280.00     8.0971
  38290.00     8.1073
  38300.00     7.7668
  38310.00     7.5828
  38320.00     8.0619
  38330.00     7.6163
  38340.00     8.0046
  38350.00     8.0521
  38360.00     7.7977
  38370.00     8.0162
  38380.00     8.1924
  38390.00     8.5239
  38400.00     7.5713
  38410.00     7.8483
  38420.00     7.7545
  38430.00     7.8340
  38440.00     7.7407
  38450.00     7.8968
  38460.00     8.2759
  38470.00     7.4983
  38480.00     7.4089
  38490.00     7.6342
  38500.00     7.7501
  38510.00     8.2059
  38520.00     7.7828
  38530.00     8.3636
  38540.00     8.3660
  38550.00     7.7653
  38560.00     7.9146
  38570.00     7.8193
  38580.00     8.0666
  38590.00     7.6914
  38600.00     8.2070
  38610.00     7.7434
  38620.00     7.7140
  38630.00     7.8882
  38640.00     7.9904
  38650.00     8.1012
  38660.00     8.2843
  38670.00     8.6135
  38680.00     7.8736
  38690.00     7.9092
  38700.00     8.0731
  38710.00     8.5316
  38720.00     8.0854
  38730.00     7.6483
  38740.00     7.5515
  38750.00     7.9346
  38760.00     8.0476
  38770.00     7.6502
  38780.00     7.7091
  38790.00     7.9992
  38800.00     7.9241
  38810.00     8.2763
  38820.00     7.8881
  38830.00     7.5906
  38840.00     7.6672
  38850.00     7.5811
  38860.00     7.6718
  38870.00     8.3634
  38880.00     8.4172
  38890.00     7.9308
  38900.00     8.3118
  38910.00     8.0248
  38920.00     8.0268
  38930.00     7.9030
  38940.00     8.0366
  38950.00     7.8892
  38960.00     7.8678
  38970.00     7.8997
  38980.00     7.7346
  38990.00     7.4369
  39000.00     7.7375
  39010.00     7.8761
  39020.00     8.3597
  39030.00     8.3344
  39040.00     7.8829
  39050.00     7.4424
  39060.00     8.0249
  39070.00     7.4937
  39080.00     7.6305
  39090.00     8.0333
  39100.00     8.0383
  39110.00     8.1009
  39120.00     8.0580
  39130.00     8.2019
  39140.00     7.9738
  39150.00     7.6352
  39160.00     8.3053
  39170.00     7.9216
  39180.00     7.8910
  39190.00     8.0808
  39200.00     8.2473
  39210.00     7.8633
  39220.00     7.4743
  39230.00     8.1851
  39240.00     7.7068
  39250.00     7.6024
  39260.00     7.4659
  39270.00     8.3043
  39280.00     7.9171
  39290.00     8.2486
  39300.00     7.7565
  39310.00     7.9387
  39320.00     8.1956
  39330.00     7.8196
  39340.00     8.1536
  39350.00     8.2940
  39360.00     7.9284
  39370.00     7.9092
  39380.00     8.3113
  39390.00     7.8526
  39400.00     7.6500
  39410.00     8.2769
  39420.00     7.5778
  39430.00     8.1381
  39440.00     7.5449
  39450.00     8.0430
  39460.00     8.0667
  39470.00     7.6071
  39480.00     8.3010
  39490.00     8.3038
  39500.00     7.9420
  39510.00     8.0675
  39520.00     8.3740
  39530.00     7.6436
  39540.00     7.7245
  39550.00     7.9943
  39560.00     7.6830
  39570.00     8.2476
  39580.00     8.0435
  39590.00     7.9500
  39600.00     8.1348
  39610.00     7.7507
  39620.00     8.0121
  39630.00     8.4249
  39640.00     8.0726
  39650.00     8.2607
  39660.00     8.0392
  39670.00     8.5309
  39680.00     8.0880
  39690.00     7.5483
  39700.00     7.9920
  39710.00     8.1266
  39720.00     8.1232
  39730.00     7.5788
  39740.00     7.9714
  39750.00     8.6870
  39760.00     8.5017
  39770.00     8.8021
  39780.00     8.1731
  39790.00     7.6690
  39800.00     7.7643
  39810.00     8.2505
  39820.00     8.4856
  39830.00     8.3419
  39840.00     8.1771
  39850.00     8.2089
  39860.00     8.0321
  39870.00     7.9164
  39880.00     7.7217
  39890.00     7.5232
  39900.00     7.4891
  39910.00     7.6783
  39920.00     7.6643
  39930.00     7.6296
  39940.00     7.8125
  39950.00     7.9128
  39960.00     7.6333
  39970.00     7.9396
  39980.00     8.6196
  39990.00     8.1665
  40000.00     7.6845
  40010.00     7.9140
  40020.00     7.8515
  40030.00     8.2097
  40040.00     7.8215
  40050.00     8.0930
  40060.00     8.1687
  40070.00     7.9133
  40080.00     8.1715
  40090.00     7.7873
  40100.00     7.9358
  40110.00     7.9563
  40120.00     7.6992
  40130.00     8.0527
  40140.00     7.8019
  40150.00     7.6532
  40160.00     8.2567
  40170.00     8.3769
  40180.00     8.1155
  40190.00     8.2912
  40200.00     8.3932
  40210.00     8.2319
  40220.00     7.9339
  40230.00     8.1147
  40240.00     8.0277
  40250.00     7.8892
  40260.00     7.7013
  40270.00     7.8849
  40280.00     8.2427
  40290.00     7.6635
  40300.00     8.7655
  40310.00     7.9013
  40320.00     8.1471
  40330.00     8.1669
  40340.00     7.8668
  40350.00     8.1785
  40360.00     8.1372
  40370.00     8.0188
  40380.00     8.1641
  40390.00     8.1643
  40400.00     8.2489
  40410.00     7.4839
  40420.00     8.5782
  40430.00     8.3470
  40440.00     8.2878
  40450.00     7.8066
  40460.00     7.7156
  40470.00     8.0432
  40480.00     7.7613
  40490.00     8.0828
  40500.00     8.2221
  40510.00     7.9580
  40520.00     8.2254
  40530.00     8.0791
  40540.00     8.1117
  40550.00     7.7218
  40560.00     7.8346
  40570.00     8.1991
  40580.00     7.9339
  40590.00     7.9503
  40600.00     8.2340
  40610.00     8.2251
  40620.00     7.4592
  40630.00     7.5344
  40640.00     7.8151
  40650.00     7.8582
  40660.00     8.1853
  40670.00     8.5393
  40680.00     8.1941
  40690.00     7.9489
  40700.00     8.4221
  40710.00     8.0799
  40720.00     8.3841
  40730.00     7.8666
  40740.00     7.7180
  40750.00     7.9559
  40760.00     7.9938
  40770.00     7.8270
  40780.00     7.6589
  40790.00     7.4821
  40800.00     8.0994
  40810.00     7.8832
  40820.00     8.0259
  40830.00     7.9659
  40840.00     7.3486
  40850.00     8.0991
  40860.00     7.5664
  40870.00     7.5844
  40880.00     7.9473
  40890.00     7.4991
  40900.00     7.6081
  40910.00     7.4444
  40920.00     7.5358
  40930.00     7.9866
  40940.00     7.8861
  40950.00     7.9948
  40960.00     8.0117
  40970.00     7.6994
  40980.00     7.4148
  40990.00     8.2672
  41000.00     7.8574
  41010.00     8.4543
  41020.00     7.9687
  41030.00     8.1059
  41040.00     8.0913
  41050.00     8.2875
  41060.00     7.3913
  41070.00     7.7075
  41080.00     8.1361
  41090.00     8.3804
  41100.00     7.8595
  41110.00     7.4711
  41120.00     8.0215
  41130.00     7.5637
  41140.00     7.7500
  41150.00     8.0041
  41160.00     8.0418
  41170.00     8.0206
  41180.00     7.8733
  41190.00     7.9583
  41200.00     8.0683
  41210.00     8.0390
  41220.00     7.7036
  41230.00     8.3258
  41240.00     8.1955
  41250.00     7.8825
  41260.00     8.1714
  41270.00     7.8068
  41280.00     8.4385
  41290.00     8.1444
  41300.00     8.4248
  41310.00     8.1306
  41320.00     8.4749
  41330.00     7.6765
  41340.00     8.1297
  41350.00     8.7025
  41360.00     7.7279
  41370.00     7.6290
  41380.00     8.0681
  41390.00     8.2336
  41400.00     8.1149
  41410.00     7.8618
  41420.00     8.4917
  41430.00     8.0944
  41440.00     7.7327
  41450.00     8.1093
  41460.00     7.5272
  41470.00     7.6643
  41480.00     8.0221
  41490.00     7.5301
  41500.00     7.8439
  41510.00     8.2462
  41520.00     7.8746
  41530.00     8.5122
  41540.00     7.8162
  41550.00     8.4990
  41560.00     7.9576
  41570.00     7.9428
  41580.00     7.8241
  41590.00     8.5972
  41600.00     8.0230
  41610.00     7.6247
  41620.00     7.9416
  41630.00     8.1829
  41640.00     7.9710
  41650.00     7.9821
  41660.00     7.6142
  41670.00     8.2705
  41680.00     8.4534
  41690.00     8.2256
  41700.00     8.4974
  41710.00     7.9288
  41720.00     7.9632
  41730.00     8.1150
  41740.00     8.7818
  41750.00     8.6838
  41760.00     7.9541
  41770.00     8.2993
  41780.00     7.8772
  41790.00     8.3278
  41800.00     8.2409
  41810.00     8.1433
  41820.00     7.9804
  41830.00     8.0281
  41840.00     8.1425
  41850.00     8.1344
  41860.00     8.0891
  41870.00     8.4310
  41880.00     8.4725
  41890.00     8.0115
  41900.00     7.8182
  41910.00     8.2811
  41920.00     7.9478
  41930.00     8.0543
  41940.00     8.1429
  41950.00     7.8188
  41960.00     7.6068
  41970.00     8.0018
  41980.00     8.1440
  41990.00     8.0591
  42000.00     8.0836
  42010.00     8.0351
  42020.00     7.8752
  42030.00     7.9607
  42040.00     8.0861
  42050.00     8.3197
  42060.00     8.2470
  42070.00     8.4026
  42080.00     8.0660
  42090.00     8.3415
  42100.00     7.8689
  42110.00     8.3380
  42120.00     8.7317
  42130.00     8.3047
  42140.00     8.6039
  42150.00     8.5013
  42160.00     8.6169
  42170.00     7.9152
  42180.00     8.3372
  42190.00     7.8815
  42200.00     7.7331
  42210.00     8.1192
  42220.00     7.7012
  42230.00     7.9140
  42240.00     8.0885
  42250.00     8.0636
  42260.00     8.4498
  42270.00     8.1684
  42280.00     7.9626
  42290.00     8.2283
  42300.00     8.0859
  42310.00     8.1110
  42320.00     8.0055
  42330.00     8.1653
  42340.00     8.5475
  42350.00     7.9788
  42360.00     7.7685
  42370.00     7.3019
  42380.00     8.1752
  42390.00     8.3654
  42400.00     7.4738
  42410.00     8.2226
  42420.00     8.0859
  42430.00     8.6959
  42440.00     7.5838
  42450.00     7.9780
  42460.00     7.9515
  42470.00     7.9533
  42480.00     8.0431
  42490.00     8.2370
  42500.00     7.7261
  42510.00     8.0293
  42520.00     8.7646
  42530.00     8.4106
  42540.00     7.9528
  42550.00     8.3967
  42560.00     8.0335
  42570.00     8.0138
  42580.00     6.6988
  42590.00     8.2199
  42600.00     8.5443
  42610.00     7.8743
  42620.00     8.0009
  42630.00     8.3967
  42640.00     8.0567
  42650.00     8.2309
  42660.00     7.7450
  42670.00     7.8772
  42680.00     7.8820
  42690.00     8.1672
  42700.00     8.1499
  42710.00     8.0346
  42720.00     8.4102
  42730.00     8.8079
  42740.00     8.0482
  42750.00     8.1053
  42760.00     7.9850
  42770.00     8.1057
  42780.00     7.9690
  42790.00     7.8785
  42800.00     8.0893
  42810.00     8.3170
  42820.00     7.6667
  42830.00     8.3040
  42840.00     8.5732
  42850.00     8.4541
  42860.00     8.0520
  42870.00     8.2150
  42880.00     8.3275
  42890.00     8.3036
  42900.00     8.3384
  42910.00     8.1050
  42920.00     7.7139
  42930.00     7.8051
  42940.00     7.7572
  42950.00     8.6120
  42960.00     8.1460
  42970.00     7.9598
  42980.00     8.2203
  42990.00     8.2509
  43000.00     8.1866
  43010.00     7.7501
  43020.00     8.3086
  43030.00     8.3218
  43040.00     7.5991
  43050.00     7.7295
  43060.00     7.7531
  43070.00     8.4701
  43080.00     7.6950
  43090.00     7.6211
  43100.00     7.5825
  43110.00     8.0988
  43120.00     7.6047
  43130.00     7.9029
  43140.00     8.0183
  43150.00     7.8958
  43160.00     7.7366
  43170.00     8.1417
  43180.00     7.6642
  43190.00     8.0630
  43200.00     8.4872
  43210.00     8.2263
  43220.00     8.1221
  43230.00     8.0991
  43240.00     7.8049
  43250.00     8.0309
  43260.00     8.0534
  43270.00     7.9918
  43280.00     8.5107
  43290.00     9.0210
  43300.00     7.6386
  43310.00     8.2586
  43320.00     8.2873
  43330.00     7.8909
  43340.00     8.2916
  43350.00     8.8043
  43360.00     7.7923
  43370.00     7.8646
  43380.00     8.0452
  43390.00     8.5808
  43400.00     8.1313
  43410.00     8.3815
  43420.00     8.5677
  43430.00     8.1531
  43440.00     7.5553
  43450.00     7.6942
  43460.00     7.7376
  43470.00     7.3849
  43480.00     8.0089
  43490.00     8.0771
  43500.00     8.6048
  43510.00     7.5054
  43520.00     8.0874
  43530.00     7.8467
  43540.00     7.9916
  43550.00     8.0150
  43560.00     8.2437
  43570.00     8.3742
  43580.00     8.0561
  43590.00     8.9181
  43600.00     8.3938
  43610.00     7.8000
  43620.00     8.8643
  43630.00     8.3150
  43640.00     8.2950
  43650.00     7.9467
  43660.00     8.0208
  43670.00     7.9305
  43680.00     7.5423
  43690.00     7.8427
  43700.00     8.1628
  43710.00     8.0480
  43720.00     8.0423
  43730.00     7.8177
  43740.00     8.2107
  43750.00     8.3505
  43760.00     8.0160
  43770.00     8.1362
  43780.00     7.7673
  43790.00     7.8838
  43800.00     8.1773
  43810.00     8.0479
  43820.00     7.5515
  43830.00     7.8787
  43840.00     7.4974
  43850.00     7.9864
  43860.00     8.0123
  43870.00     7.8725
  43880.00     7.9861
  43890.00     8.0977
  43900.00     7.8609
  43910.00     8.0012
  43920.00     7.6612
  43930.00     8.2721
  43940.00     8.1056
  43950.00     7.8137
  43960.00     7.4664
  43970.00     8.2778
  43980.00     7.9945
  43990.00     8.0876
  44000.00     8.2183
  44010.00     8.7960
  44020.00     8.6218
  44030.00     7.8289
  44040.00     8.4272
  44050.00     8.1963
  44060.00     8.3842
  44070.00     8.3923
  44080.00     7.9356
  44090.00     7.7354
  44100.00     8.1667
  44110.00     8.3958
  44120.00     8.4623
  44130.00     7.8678
  44140.00     8.0232
  44150.00     7.7975
  44160.00     8.7129
  44170.00     8.6872
  44180.00     7.9641
  44190.00     8.3347
  44200.00     8.0397
  44210.00     7.9884
  44220.00     7.9981
  44230.00     7.9484
  44240.00     8.5649
  44250.00     7.9428
  44260.00     8.4552
  44270.00     8.0812
  44280.00     8.0933
  44290.00     8.5189
  44300.00     8.0437
  44310.00     8.0044
  44320.00     7.8313
  44330.00     7.5622
  44340.00     8.1478
  44350.00     8.4892
  44360.00     7.7053
  44370.00     8.3186
  44380.00     8.2394
  44390.00     8.3059
  44400.00     8.5964
  44410.00     7.7943
  44420.00     7.6501
  44430.00     8.6013
  44440.00     8.0184
  44450.00     8.2861
  44460.00     7.9963
  44470.00     8.3651
  44480.00     8.1665
  44490.00     8.2918
  44500.00     8.0302
  44510.00     8.2164
  44520.00     7.7477
  44530.00     8.3081
  44540.00     8.4503
  44550.00     8.6809
  44560.00     7.8350
  44570.00     8.2313
  44580.00     7.8636
  44590.00     8.0377
  44600.00     7.7010
  44610.00     7.8655
  44620.00     7.6792
  44630.00     7.5947
  44640.00     7.4880
  44650.00     7.7251
  44660.00     7.9825
  44670.00     7.3025
  44680.00     7.8903
  44690.00     8.3575
  44700.00     8.1537
  44710.00     8.0872
  44720.00     8.2156
  44730.00     8.2803
  44740.00     7.9196
  44750.00     8.5207
  44760.00     8.4197
  44770.00     7.8682
  44780.00     7.7250
  44790.00     8.2822
  44800.00     8.4301
  44810.00     8.1798
  44820.00     7.7081
  44830.00     8.4561
  44840.00     8.5755
  44850.00     8.4010
  44860.00     8.4170
  44870.00     8.4196
  44880.00     7.7971
  44890.00     8.4199
  44900.00     7.8333
  44910.00     8.2773
  44920.00     7.5284
  44930.00     8.4046
  44940.00     8.0742
  44950.00     8.4345
  44960.00     7.9783
  44970.00     8.3201
  44980.00     8.2642
  44990.00     8.3818
  45000.00     8.2492
  45010.00     8.4252
  45020.00     8.4777
  45030.00     7.9041
  45040.00     8.2032
  45050.00     8.4470
  45060.00     8.5418
  45070.00     8.1019
  45080.00     8.0492
  45090.00     8.3818
  45100.00     8.2559
  45110.00     8.6392
  45120.00     8.0917
  45130.00     8.3443
  45140.00     8.1511
  45150.00     7.9532
  45160.00     7.8888
  45170.00     7.5727
  45180.00     8.0598
  45190.00     7.8436
  45200.00     7.8234
  45210.00     7.8433
  45220.00     8.2446
  45230.00     8.4144
  45240.00     7.9549
  45250.00     7.9525
  45260.00     8.1094
  45270.00     8.2539
  45280.00     7.7933
  45290.00     8.1936
  45300.00     8.2867
  45310.00     8.2723
  45320.00     8.3673
  45330.00     8.3740
  45340.00     8.7259
  45350.00     8.1122
  45360.00     8.2429
  45370.00     8.1585
  45380.00     8.2863
  45390.00     8.3154
  45400.00     7.9468
  45410.00     7.8988
  45420.00     8.4207
  45430.00     8.6074
  45440.00     7.8518
  45450.00     7.5808
  45460.00     7.6908
  45470.00     7.4044
  45480.00     7.7862
  45490.00     8.1132
  45500.00     7.9310
  45510.00     8.1720
  45520.00     8.1567
  45530.00     8.2616
  45540.00     8.0593
  45550.00     7.9569
  45560.00     7.5250
  45570.00     8.1011
  45580.00     7.9787
  45590.00     8.7565
  45600.00     8.1651
  45610.00     7.9712
  45620.00     7.5662
  45630.00     8.0495
  45640.00     7.6958
  45650.00     7.9158
  45660.00     8.2970
  45670.00     8.4075
  45680.00     8.1718
  45690.00     7.6060
  45700.00     8.1549
  45710.00     7.7081
  45720.00     8.1177
  45730.00     8.0550
  45740.00     7.9478
  45750.00     7.8697
  45760.00     8.5177
  45770.00     8.5513
  45780.00     8.7351
  45790.00     7.7816
  45800.00     8.1548
  45810.00     8.3558
  45820.00     7.4266
  45830.00     8.0108
  45840.00     7.6971
  45850.00     7.9607
  45860.00     8.1166
  45870.00     8.0610
  45880.00     8.2860
  45890.00     7.9108
  45900.00     7.8050
  45910.00     8.0390
  45920.00     7.9596
  45930.00     8.0779
  45940.00     8.0974
  45950.00     8.1707
  45960.00     8.2906
  45970.00     8.3612
  45980.00     8.1374
  45990.00     7.6945
  46000.00     7.8997
  46010.00     8.5831
  46020.00     7.4324
  46030.00     8.2440
  46040.00     8.2876
  46050.00     7.9248
  46060.00     8.1221
  46070.00     8.2919
  46080.00     7.8849
  46090.00     8.2488
  46100.00     8.1201
  46110.00     7.7426
  46120.00     7.9631
  46130.00     7.7902
  46140.00     8.2316
  46150.00     7.9295
  46160.00     8.0963
  46170.00     8.2498
  46180.00     8.1419
  46190.00     7.7023
  46200.00     8.1463
  46210.00     8.0733
  46220.00     7.7472
  46230.00     8.0476
  46240.00     7.9753
  46250.00     7.8253
  46260.00     7.5702
  46270.00     7.9265
  46280.00     7.2940
  46290.00     8.0491
  46300.00     7.9800
  46310.00     7.8286
  46320.00     8.2170
  46330.00     8.3588
  46340.00     8.3649
  46350.00     7.7314
  46360.00     7.7797
  46370.00     7.6794
  46380.00     7.9501
  46390.00     8.2368
  46400.00     8.0495
  46410.00     8.2503
  46420.00     8.4464
  46430.00     8.2418
  46440.00     7.9273
  46450.00     8.2789
  46460.00     8.2008
  46470.00     7.8313
  46480.00     7.8185
  46490.00     8.6207
  46500.00     8.1554
  46510.00     8.5658
  46520.00     7.5841
  46530.00     7.7341
  46540.00     8.2627
  46550.00     8.3947
  46560.00     8.2872
  46570.00     8.4434
  46580.00     7.7616
  46590.00     8.3825
  46600.00     8.4945
  46610.00     8.1815
  46620.00     7.9668
  46630.00     8.0390
  46640.00     7.5647
  46650.00     8.0410
  46660.00     7.8702
  46670.00     8.1209
  46680.00     7.9675
  46690.00     8.1585
  46700.00     7.5284
  46710.00     7.6547
  46720.00     8.0747
  46730.00     7.6064
  46740.00     7.8481
  46750.00     8.1572
  46760.00     8.1959
  46770.00     7.9258
  46780.00     8.0198
  46790.00     7.7674
  46800.00     8.1837
  46810.00     8.1716
  46820.00     8.1650
  46830.00     8.9921
  46840.00     8.1597
  46850.00     8.2884
  46860.00     7.7079
  46870.00     7.7447
  46880.00     8.2142
  46890.00     8.0410
  46900.00     8.1104
  46910.00     8.1241
  46920.00     7.9418
  46930.00     8.2969
  46940.00     8.0496
  46950.00     8.0957
  46960.00     7.3289
  46970.00     7.7173
  46980.00     7.9267
  46990.00     8.1331
  47000.00     8.4188
  47010.00     8.4973
  47020.00     8.1447
  47030.00     8.6436
  47040.00     8.1923
  47050.00     8.4021
  47060.00     8.1957
  47070.00     8.2613
  47080.00     8.4486
  47090.00     8.1836
  47100.00     8.1328
  47110.00     8.4470
  47120.00     8.0931
  47130.00     7.7800
  47140.00     8.2628
  47150.00     7.6906
  47160.00     8.2680
  47170.00     7.8132
  47180.00     7.9817
  47190.00     8.0883
  47200.00     7.8491
  47210.00     7.8137
  47220.00     8.2029
  47230.00     7.8258
  47240.00     8.4347
  47250.00     8.5788
  47260.00     8.3704
  47270.00     8.3025
  47280.00     8.0348
  47290.00     7.7761
  47300.00     8.2210
  47310.00     8.3870
  47320.00     8.0419
  47330.00     7.8032
  47340.00     8.0603
  47350.00     7.5373
  47360.00     8.1077
  47370.00     8.2214
  47380.00     7.8744
  47390.00     7.4991
  47400.00     7.6290
  47410.00     8.2227
  47420.00     7.6956
  47430.00     8.2661
  47440.00     7.8366
  47450.00     8.0886
  47460.00     8.3088
  47470.00     8.1894
  47480.00     7.5737
  47490.00     7.9463
  47500.00     8.8130
  47510.00     8.2190
  47520.00     8.6884
  47530.00     8.1115
  47540.00     7.8177
  47550.00     8.7554
  47560.00     8.4315
  47570.00     7.9784
  47580.00     8.1384
  47590.00     7.9280
  47600.00     7.8455
  47610.00     8.2152
  47620.00     8.2090
  47630.00     8.1378
  47640.00     7.7064
  47650.00     8.3357
  47660.00     7.9135
  47670.00     8.1259
  47680.00     8.1904
  47690.00     8.2470
  47700.00     8.1427
  47710.00     8.3683
  47720.00     8.3151
  47730.00     8.3110
  47740.00     8.4864
  47750.00     8.2759
  47760.00     8.1309
  47770.00     7.9444
  47780.00     8.1371
  47790.00     8.7055
  47800.00     8.0815
  47810.00     8.1056
  47820.00     7.9014
  47830.00     8.1150
  47840.00     8.5063
  47850.00     7.8078
  47860.00     8.2179
  47870.00     8.0990
  47880.00     7.7866
  47890.00     8.3560
  47900.00     8.4196
  47910.00     8.4221
  47920.00     7.9716
  47930.00     7.3343
  47940.00     7.8793
  47950.00     8.1091
  47960.00     8.2343
  47970.00     7.7935
  47980.00     8.2528
  47990.00     8.5979
  48000.00     7.9879
  48010.00     8.1392
  48020.00     8.3565
  48030.00     8.2836
  48040.00     8.2060
  48050.00     7.7076
  48060.00     7.9252
  48070.00     8.0891
  48080.00     8.0098
  48090.00     8.1636
  48100.00     7.6223
  48110.00     7.6445
  48120.00     7.6588
  48130.00     8.1297
  48140.00     7.7585
  48150.00     8.0712
  48160.00     7.9384
  48170.00     8.0997
  48180.00     8.0804
  48190.00     8.2630
  48200.00     8.1029
  48210.00     8.1331
  48220.00     8.4910
  48230.00     8.5013
  48240.00     8.1771
  48250.00     8.3565
  48260.00     8.1847
  48270.00     7.9487
  48280.00     8.1821
  48290.00     8.1133
  48300.00     8.7220
  48310.00     8.0001
  48320.00     8.3709
  48330.00     8.2891
  48340.00     7.8431
  48350.00     7.7225
  48360.00     8.1857
  48370.00     8.2156
  48380.00     8.3239
  48390.00     7.7856
  48400.00     7.6930
  48410.00     8.4009
  48420.00     8.2311
  48430.00     7.8962
  48440.00     8.1885
  48450.00     7.8945
  48460.00     8.0200
  48470.00     8.2418
  48480.00     7.6170
  48490.00     8.3186
  48500.00     8.0912
  48510.00     8.3007
  48520.00     7.7760
  48530.00     8.1596
  48540.00     8.2176
  48550.00     7.7731
  48560.00     7.8793
  48570.00     7.4441
  48580.00     8.1379
  48590.00     8.5139
  48600.00     8.5402
  48610.00     8.6729
  48620.00     7.6868
  48630.00     7.6939
  48640.00     7.7475
  48650.00     7.8140
  48660.00     8.2191
  48670.00     7.3467
  48680.00     7.7936
  48690.00     7.9174
  48700.00     7.9998
  48710.00     8.1554
  48720.00     8.2212
  48730.00     8.0754
  48740.00     7.9488
  48750.00     7.8635
  48760.00     8.1533
  48770.00     7.5423
  48780.00     8.2423
  48790.00     7.9247
  48800.00     8.2380
  48810.00     7.9596
  48820.00     8.0887
  48830.00     8.5296
  48840.00     7.6623
  48850.00     8.1393
  48860.00     8.4825
  48870.00     7.6010
  48880.00     8.1393
  48890.00     7.8835
  48900.00     8.2279
  48910.00     8.2220
  48920.00     8.5662
  48930.00     7.9654
  48940.00     8.5849
  48950.00     8.2308
  48960.00     8.2978
  48970.00     7.8555
  48980.00     8.0241
  48990.00     8.4029
  49000.00     8.2992
  49010.00     8.0873
  49020.00     8.5048
  49030.00     8.2053
  49040.00     7.9362
  49050.00     8.1523
  49060.00     7.4374
  49070.00     8.2148
  49080.00     7.9667
  49090.00     7.9050
  49100.00     8.4192
  49110.00     8.2245
  49120.00     7.4767
  49130.00     7.8388
  49140.00     8.2574
  49150.00     7.9781
  49160.00     8.4187
  49170.00     7.9730
  49180.00     8.5276
  49190.00     8.4933
  49200.00     7.9176
  49210.00     8.3796
  49220.00     8.0682
  49230.00     8.0286
  49240.00     8.0747
  49250.00     7.8310
  49260.00     8.0070
  49270.00     8.2829
  49280.00     8.0704
  49290.00     8.3627
  49300.00     7.8425
  49310.00     7.7532
  49320.00     7.7937
  49330.00     7.8127
  49340.00     8.7330
  49350.00     7.7311
  49360.00     8.1773
  49370.00     8.4448
  49380.00     7.6491
  49390.00     8.5762
  49400.00     7.3551
  49410.00     8.1074
  49420.00     7.8391
  49430.00     7.4800
  49440.00     8.0558
  49450.00     7.5915
  49460.00     7.8610
  49470.00     7.6541
  49480.00     7.8228
  49490.00     8.1481
  49500.00     8.1718
  49510.00     8.2504
  49520.00     8.2416
  49530.00     8.2037
  49540.00     7.9379
  49550.00     8.2661
  49560.00     8.0499
  49570.00     7.6951
  49580.00     7.5362
  49590.00     8.4626
  49600.00     8.2579
  49610.00     8.3241
  49620.00     7.6891
  49630.00     8.3494
  49640.00     8.1701
  49650.00     8.0774
  49660.00     7.8277
  49670.00     7.7621
  49680.00     7.5351
  49690.00     8.2296
  49700.00     7.8527
  49710.00     8.1725
  49720.00     7.5760
  49730.00     7.9578
  49740.00     8.0243
  49750.00     7.5667
  49760.00     7.7267
  49770.00     7.5680
  49780.00     7.5493
  49790.00     8.4107
  49800.00     8.2873
  49810.00     8.1207
  49820.00     8.2893
  49830.00     8.1224
  49840.00     8.4866
  49850.00     8.4598
  49860.00     7.8404
  49870.00     7.7878
  49880.00     7.7395
  49890.00     8.0220
  49900.00     7.8593
  49910.00     8.3272
  49920.00     8.1133
  49930.00     8.1362
  49940.00     7.9284
  49950.00     8.2213
  49960.00     7.9147
  49970.00     7.3573
  49980.00     7.7779
  49990.00     7.2474
  50000.00     7.9443
