     10.00    -9.1763
     20.00    -9.5213
     30.00    -9.0437
     40.00    -9.1244
     50.00    -9.1126
     60.00    -8.9698
     70.00    -8.6859
     80.00    -8.7332
     90.00    -9.3358
    100.00    -9.1727
    110.00    -8.9940
    120.00    -9.0029
    130.00    -9.3497
    140.00    -8.9237
    150.00    -9.0259
    160.00    -8.8278
    170.00    -9.0733
    180.00    -9.2152
    190.00    -9.2785
    200.00    -8.9465
    210.00    -9.0540
    220.00    -8.8265
    230.00    -9.0024
    240.00    -8.5961
    250.00    -8.7970
    260.00    -9.3608
    270.00    -9.1971
    280.00    -9.0381
    290.00    -9.0461
    300.00    -9.6571
    310.00    -8.8356
    320.00    -9.0657
    330.00    -9.2760
    340.00    -9.1651
    350.00    -9.7142
    360.00    -9.1830
    370.00    -9.2072
    380.00    -9.1555
    390.00    -8.8805
    400.00    -8.9101
    410.00    -8.7272
    420.00    -9.3632
    430.00    -9.4374
    440.00    -8.9176
    450.00    -9.8816
    460.00    -9.1275
    470.00    -8.8272
    480.00    -8.7930
    490.00    -8.9167
    500.00    -8.7602
    510.00    -9.3178
    520.00    -9.1986
    530.00    -8.6588
    540.00    -9.3648
    550.00    -9.2124
    560.00    -8.3540
    570.00    -9.1077
    580.00    -9.5308
    590.00    -9.1132
    600.00    -9.6212
    610.00    -9.0910
    620.00    -9.5466
    630.00    -8.6746
    640.00    -8.8308
    650.00    -8.8944
    660.00    -8.8135
    670.00    -9.2355
    680.00    -8.8931
    690.00    -9.4314
    700.00    -9.1747
    710.00    -9.4418
    720.00    -8.6770
    730.00    -8.9602
    740.00    -9.5760
    750.00    -9.0242
    760.00    -8.8087
    770.00    -9.2996
    780.00    -8.5050
    790.00    -8.8359
    800.00    -8.7588
    810.00    -8.6222
    820.00    -9.2038
    830.00    -8.6578
    840.00    -9.3255
    850.00    -9.3183
    860.00    -8.8872
    870.00    -8.9776
    880.00    -8.4195
    890.00    -8.4488
    900.00    -8.5963
    910.00    -8.8419
    920.00    -8.8212
    930.00    -8.8874
    940.00    -9.5806
    950.00    -8.4787
    960.00    -8.8947
    970.00    -9.2589
    980.00    -9.3160
    990.00    -9.3159
   1000.00    -9.0203
   1010.00    -9.1324
   1020.00    -9.2617
   1030.00    -8.8969
   1040.00    -8.5110
   1050.00    -8.4624
   1060.00    -8.9289
   1070.00    -9.0942
   1080.00    -8.5897
   1090.00    -8.8734
   1100.00    -8.5518
   1110.00    -8.6621
   1120.00    -8.8266
   1130.00    -9.1056
   1140.00    -8.6212
   1150.00    -8.9045
   1160.00    -8.9550
   1170.00    -8.6978
   1180.00    -8.3994
   1190.00    -8.7351
   1200.00    -8.7582
   1210.00    -8.5116
   1220.00    -8.4819
   1230.00    -9.0087
   1240.00    -8.7883
   1250.00    -8.8006
   1260.00    -8.9384
   1270.00    -8.7503
   1280.00    -8.7199
   1290.00    -8.8862
   1300.00    -9.1697
   1310.00    -8.8154
   1320.00    -8.8824
   1330.00    -8.9273
   1340.00    -9.0013
   1350.00    -9.2767
   1360.00    -9.4229
   1370.00    -9.0532
   1380.00    -9.0869
   1390.00    -9.0121
   1400.00    -9.0622
   1410.00    -9.4841
   1420.00    -9.4400
   1430.00    -9.3911
   1440.00    -9.1882
   1450.00    -9.5951
   1460.00    -9.5079
   1470.00    -9.6608
   1480.00    -9.3821
   1490.00    -9.4070
   1500.00    -9.4444
   1510.00    -9.3937
   1520.00    -9.1976
   1530.00    -9.2694
   1540.00    -8.8384
   1550.00    -9.2436
   1560.00    -8.9683
   1570.00    -9.1019
   1580.00    -9.4297
   1590.00    -9.3402
   1600.00    -9.6617
   1610.00    -9.2571
   1620.00    -8.6316
   1630.00    -9.1049
   1640.00    -9.0214
   1650.00    -9.1239
   1660.00    -9.2888
   1670.00    -9.4003
   1680.00    -8.8731
   1690.00    -9.3902
   1700.00    -8.8536
   1710.00    -8.8454
   1720.00    -8.9668
   1730.00    -8.6782
   1740.00    -9.3351
   1750.00    -8.8767
   1760.00    -9.1692
   1770.00    -9.6199
   1780.00    -9.5771
   1790.00    -8.8067
   1800.00    -8.9843
   1810.00    -8.9973
   1820.00    -9.1961
   1830.00    -9.2264
   1840.00    -9.2431
   1850.00    -9.1942
   1860.00    -9.6028
   1870.00    -9.2138
   1880.00    -9.6395
   1890.00    -8.6093
   1900.00    -9.8577
   1910.00    -9.4018
   1920.00    -9.4763
   1930.00    -9.0761
   1940.00    -9.4677
   1950.00    -9.3563
   1960.00    -8.8953
   1970.00    -8.8906
   1980.00    -9.4607
   1990.00    -9.2943
   2000.00    -9.0080
   2010.00    -9.4630
   2020.00    -9.1615
   2030.00    -9.5502
   2040.00    -9.0413
   2050.00    -9.5025
   2060.00    -9.2150
   2070.00    -9.5139
   2080.00    -9.2524
   2090.00    -9.1471
   2100.00    -9.3949
   2110.00    -9.2384
   2120.00    -9.5695
   2130.00    -9.0690
   2140.00    -9.7183
   2150.00    -9.0096
   2160.00    -9.4258
   2170.00    -9.1648
   2180.00    -8.9961
   2190.00    -9.0757
   2200.00    -9.2307
   2210.00    -8.9898
   2220.00    -9.0930
   2230.00    -8.8262
   2240.00    -9.0771
   2250.00    -9.1489
   2260.00    -9.1733
   2270.00    -8.8677
   2280.00    -9.2435
   2290.00    -8.7220
   2300.00    -9.0077
   2310.00    -9.3258
   2320.00    -9.3245
   2330.00    -9.1578
   2340.00    -9.0808
   2350.00    -9.9367
   2360.00    -9.5614
   2370.00    -8.9919
   2380.00    -9.3494
   2390.00    -9.2571
   2400.00    -9.0600
   2410.00    -9.1055
   2420.00    -8.8955
   2430.00    -9.3272
   2440.00    -9.1728
   2450.00    -8.8030
   2460.00    -9.4374
   2470.00    -9.0894
   2480.00    -9.6638
   2490.00    -9.1701
   2500.00    -9.2261
   2510.00    -8.9283
   2520.00    -9.0716
   2530.00    -9.2636
   2540.00    -9.4228
   2550.00    -9.2291
   2560.00    -9.3876
   2570.00    -9.0785
   2580.00    -9.2759
   2590.00    -9.5508
   2600.00    -9.3045
   2610.00    -9.2530
   2620.00    -9.4784
   2630.00    -9.5885
   2640.00    -9.4151
   2650.00    -9.3584
   2660.00    -9.1201
   2670.00    -9.4989
   2680.00    -9.3377
   2690.00    -9.5086
   2700.00    -9.0589
   2710.00    -9.4496
   2720.00    -8.8880
   2730.00    -9.6148
   2740.00    -9.8045
   2750.00    -9.1250
   2760.00    -9.0841
   2770.00    -9.4884
   2780.00    -9.2304
   2790.00    -9.0221
   2800.00    -9.3174
   2810.00    -9.0853
   2820.00    -8.9884
   2830.00    -9.2400
   2840.00    -8.7997
   2850.00    -9.1256
   2860.00    -9.0487
   2870.00    -9.3955
   2880.00    -8.7449
   2890.00    -8.8783
   2900.00    -9.1766
   2910.00    -9.2274
   2920.00    -8.9414
   2930.00    -9.3195
   2940.00    -9.4322
   2950.00    -9.4753
   2960.00    -8.9672
   2970.00    -9.2491
   2980.00    -8.9311
   2990.00    -8.9059
   3000.00    -8.6837
   3010.00    -8.9353
   3020.00    -9.2027
   3030.00    -9.2991
   3040.00    -9.2006
   3050.00    -9.3138
   3060.00    -9.1430
   3070.00    -8.9030
   3080.00    -8.9225
   3090.00    -9.1389
   3100.00    -8.9972
   3110.00    -8.8085
   3120.00    -9.1326
   3130.00    -8.8368
   3140.00    -9.4139
   3150.00    -9.0353
   3160.00    -8.9457
   3170.00    -9.4023
   3180.00    -9.8381
   3190.00    -9.1831
   3200.00    -9.1188
   3210.00    -9.4738
   3220.00    -9.3999
   3230.00    -9.1775
   3240.00    -9.5177
   3250.00    -9.0230
   3260.00    -8.9693
   3270.00    -9.3013
   3280.00    -9.1168
   3290.00    -9.7066
   3300.00    -9.2533
   3310.00    -8.9882
   3320.00    -9.5132
   3330.00    -9.3272
   3340.00    -8.8301
   3350.00    -9.3522
   3360.00    -9.0632
   3370.00    -9.4864
   3380.00    -9.7075
   3390.00    -9.3930
   3400.00    -8.9126
   3410.00    -8.8173
   3420.00    -9.0945
   3430.00    -8.4426
   3440.00    -8.4508
   3450.00    -8.8435
   3460.00    -8.5368
   3470.00    -9.0623
   3480.00    -8.8433
   3490.00    -9.3577
   3500.00    -8.3212
   3510.00    -8.4610
   3520.00    -8.9488
   3530.00    -9.4381
   3540.00    -8.5558
   3550.00    -8.7746
   3560.00    -9.0229
   3570.00    -9.2994
   3580.00    -9.0544
   3590.00    -9.3709
   3600.00    -8.8168
   3610.00    -9.2114
   3620.00    -8.8105
   3630.00    -9.4482
   3640.00    -9.0693
   3650.00    -8.9180
   3660.00    -9.4361
   3670.00    -9.1202
   3680.00    -9.1722
   3690.00    -9.3098
   3700.00    -8.8194
   3710.00    -8.9749
   3720.00    -9.1389
   3730.00    -8.9394
   3740.00    -9.2298
   3750.00    -8.9348
   3760.00    -9.0169
   3770.00    -9.2298
   3780.00    -8.9924
   3790.00    -9.1368
   3800.00    -9.4138
   3810.00    -8.7146
   3820.00    -9.0608
   3830.00    -9.0934
   3840.00    -9.0326
   3850.00    -9.2011
   3860.00    -8.9324
   3870.00    -8.8573
   3880.00    -8.8577
   3890.00    -8.5526
   3900.00    -8.9762
   3910.00    -9.3680
   3920.00    -9.3358
   3930.00    -8.8902
   3940.00    -9.1022
   3950.00    -9.3854
   3960.00    -8.6168
   3970.00    -8.8135
   3980.00    -9.2090
   3990.00    -9.2862
   4000.00    -8.8597
   4010.00    -9.5353
   4020.00    -9.4317
   4030.00    -8.8492
   4040.00    -8.7573
   4050.00    -9.1002
   4060.00    -8.0943
   4070.00    -8.7627
   4080.00    -8.9549
   4090.00    -9.0295
   4100.00    -9.0240
   4110.00    -9.7165
   4120.00    -9.0734
   4130.00    -8.9091
   4140.00    -8.8754
   4150.00    -9.3230
   4160.00    -8.8892
   4170.00    -9.2436
   4180.00    -9.1111
   4190.00    -9.1069
   4200.00    -9.6588
   4210.00    -9.3744
   4220.00    -9.1956
   4230.00    -8.6323
   4240.00    -8.7891
   4250.00    -8.7255
   4260.00    -9.0569
   4270.00    -8.9252
   4280.00    -8.7619
   4290.00    -8.7660
   4300.00    -9.1492
   4310.00    -9.2819
   4320.00    -8.6895
   4330.00    -8.6708
   4340.00    -8.9867
   4350.00    -9.0713
   4360.00    -9.0506
   4370.00    -9.2676
   4380.00    -9.0229
   4390.00    -8.1906
   4400.00    -9.0632
   4410.00    -9.0587
   4420.00    -8.8995
   4430.00    -8.7552
   4440.00    -9.2014
   4450.00    -8.9813
   4460.00    -8.9085
   4470.00    -8.6828
   4480.00    -9.0953
   4490.00    -8.5604
   4500.00    -8.8660
   4510.00    -8.9478
   4520.00    -8.9751
   4530.00    -8.4441
   4540.00    -8.6949
   4550.00    -8.9712
   4560.00    -8.8865
   4570.00    -8.8746
   4580.00    -9.0981
   4590.00    -9.1182
   4600.00    -8.8351
   4610.00    -8.9013
   4620.00    -8.8897
   4630.00    -9.0748
   4640.00    -8.5407
   4650.00    -9.1279
   4660.00    -8.7769
   4670.00    -9.1933
   4680.00    -8.4607
   4690.00    -9.1439
   4700.00    -8.6357
   4710.00    -9.1596
   4720.00    -9.2378
   4730.00    -9.5102
   4740.00    -9.6353
   4750.00    -8.5169
   4760.00    -9.1545
   4770.00    -8.8495
   4780.00    -8.9471
   4790.00    -9.0897
   4800.00    -9.2255
   4810.00    -9.0257
   4820.00    -9.3562
   4830.00    -9.4390
   4840.00    -8.9738
   4850.00    -9.2448
   4860.00    -8.6391
   4870.00    -9.0053
   4880.00    -9.5028
   4890.00    -9.6793
   4900.00    -9.0348
   4910.00    -9.1005
   4920.00    -9.2683
   4930.00    -8.9470
   4940.00    -9.0725
   4950.00    -9.3149
   4960.00    -8.8091
   4970.00    -9.2183
   4980.00    -9.0558
   4990.00    -8.9932
   5000.00    -9.3975
   5010.00    -9.0621
   5020.00    -8.5187
   5030.00    -8.9483
   5040.00    -9.3452
   5050.00    -9.2866
   5060.00    -9.2558
   5070.00    -9.3763
   5080.00    -9.4376
   5090.00    -9.4077
   5100.00    -9.0236
   5110.00    -8.8965
   5120.00    -9.2644
   5130.00    -9.2165
   5140.00    -9.2362
   5150.00    -9.0636
   5160.00    -9.2271
   5170.00    -9.0059
   5180.00    -9.0653
   5190.00    -8.8732
   5200.00    -9.6722
   5210.00    -9.1415
   5220.00    -9.1935
   5230.00    -9.0077
   5240.00    -9.1934
   5250.00    -9.3298
   5260.00    -9.1214
   5270.00    -8.7831
   5280.00    -8.8648
   5290.00    -8.7906
   5300.00    -8.8847
   5310.00    -9.4592
   5320.00    -9.3308
   5330.00    -9.1253
   5340.00    -8.9883
   5350.00    -8.9084
   5360.00    -9.2480
   5370.00    -9.6350
   5380.00    -9.4935
   5390.00    -9.4917
   5400.00    -9.1595
   5410.00    -8.5575
   5420.00    -9.1636
   5430.00    -9.2958
   5440.00    -9.0344
   5450.00    -9.5753
   5460.00    -8.9425
   5470.00    -9.3620
   5480.00    -8.9849
   5490.00    -8.8878
   5500.00    -9.0010
   5510.00    -9.2197
   5520.00    -9.1846
   5530.00    -9.2079
   5540.00    -9.2384
   5550.00    -9.0537
   5560.00    -9.2712
   5570.00    -8.9458
   5580.00    -8.8574
   5590.00    -9.2365
   5600.00    -8.9823
   5610.00    -8.7407
   5620.00    -9.5407
   5630.00    -9.5119
   5640.00    -9.4487
   5650.00    -9.0766
   5660.00    -8.9633
   5670.00    -9.0770
   5680.00    -9.5030
   5690.00    -9.2615
   5700.00    -9.3461
   5710.00    -9.0102
   5720.00    -8.9054
   5730.00    -9.0181
   5740.00    -9.2039
   5750.00    -9.2108
   5760.00    -9.4900
   5770.00    -8.8730
   5780.00    -9.0551
   5790.00    -9.3018
   5800.00    -9.5091
   5810.00    -9.3737
   5820.00    -9.3361
   5830.00    -9.1352
   5840.00    -9.2075
   5850.00    -9.0042
   5860.00    -9.2172
   5870.00    -8.5721
   5880.00    -9.1030
   5890.00    -9.3704
   5900.00    -9.3567
   5910.00    -8.9137
   5920.00    -8.8481
   5930.00    -8.9723
   5940.00    -9.3154
   5950.00    -9.5082
   5960.00    -9.5933
   5970.00    -9.2249
   5980.00    -9.0594
   5990.00    -9.5143
   6000.00    -8.9880
   6010.00    -9.1681
   6020.00    -8.6332
   6030.00    -9.3238
   6040.00    -9.0827
   6050.00    -8.8988
   6060.00    -9.1719
   6070.00    -9.1084
   6080.00    -8.8918
   6090.00    -9.1444
   6100.00    -8.8367
   6110.00    -9.4641
   6120.00    -9.0414
   6130.00    -9.1660
   6140.00    -9.3724
   6150.00    -9.4572
   6160.00    -8.8618
   6170.00    -9.0189
   6180.00    -8.6711
   6190.00    -8.8186
   6200.00    -9.1382
   6210.00    -9.0722
   6220.00    -8.3621
   6230.00    -8.5665
   6240.00    -8.5107
   6250.00    -8.7241
   6260.00    -8.8965
   6270.00    -9.0347
   6280.00    -8.8194
   6290.00    -8.9533
   6300.00    -9.1052
   6310.00    -8.9472
   6320.00    -8.6733
   6330.00    -8.9247
   6340.00    -8.8376
   6350.00    -9.2149
   6360.00    -9.1216
   6370.00    -8.3844
   6380.00    -8.7173
   6390.00    -9.2338
   6400.00    -8.9688
   6410.00    -9.4830
   6420.00    -9.2528
   6430.00    -9.1407
   6440.00    -8.7680
   6450.00    -9.0960
   6460.00    -9.0541
   6470.00    -9.2322
   6480.00    -8.9374
   6490.00    -9.1562
   6500.00    -9.0465
   6510.00    -8.5337
   6520.00    -8.8661
   6530.00    -8.9221
   6540.00    -8.9537
   6550.00    -9.2739
   6560.00    -8.5136
   6570.00    -9.3444
   6580.00    -9.0912
   6590.00    -9.0059
   6600.00    -9.3832
   6610.00    -9.0685
   6620.00    -8.6827
   6630.00    -8.6546
   6640.00    -9.8472
   6650.00    -9.0559
   6660.00    -9.3798
   6670.00    -8.6396
   6680.00    -8.7189
   6690.00    -8.6041
   6700.00    -9.1441
   6710.00    -8.7449
   6720.00    -8.7899
   6730.00    -9.3544
   6740.00    -9.3681
   6750.00    -8.5577
   6760.00    -9.0434
   6770.00    -9.0788
   6780.00    -8.7693
   6790.00    -8.8989
   6800.00    -8.9610
   6810.00    -8.7348
   6820.00    -9.1891
   6830.00    -8.9917
   6840.00    -8.9467
   6850.00    -8.9914
   6860.00    -9.1762
   6870.00    -8.9190
   6880.00    -8.6808
   6890.00    -9.0328
   6900.00    -8.6687
   6910.00    -8.9216
   6920.00    -8.6830
   6930.00    -8.7539
   6940.00    -8.7801
   6950.00    -9.1874
   6960.00    -8.8269
   6970.00    -8.3016
   6980.00    -9.3230
   6990.00    -8.8323
   7000.00    -9.2197
   7010.00    -9.1694
   7020.00    -8.6016
   7030.00    -8.8727
   7040.00    -9.2082
   7050.00    -9.2649
   7060.00    -9.2136
   7070.00    -8.9450
   7080.00    -9.1457
   7090.00    -9.3134
   7100.00    -9.1288
   7110.00    -8.5766
   7120.00    -8.8603
   7130.00    -8.6831
   7140.00    -9.2414
   7150.00    -8.5941
   7160.00    -8.5698
   7170.00    -8.6874
   7180.00    -8.9885
   7190.00    -8.7616
   7200.00    -8.7500
   7210.00    -8.4083
   7220.00    -9.0621
   7230.00    -9.1575
   7240.00    -8.6562
   7250.00    -8.8289
   7260.00    -8.7834
   7270.00    -8.5704
   7280.00    -9.4186
   7290.00    -8.9495
   7300.00    -9.1900
   7310.00    -9.2038
   7320.00    -8.8838
   7330.00    -9.0755
   7340.00    -8.9379
   7350.00    -8.9130
   7360.00    -9.5165
   7370.00    -8.9794
   7380.00    -9.2222
   7390.00    -9.1225
   7400.00    -9.3578
   7410.00    -9.0604
   7420.00    -9.5884
   7430.00    -9.1400
   7440.00    -9.1074
   7450.00    -9.3010
   7460.00    -9.1610
   7470.00    -9.0225
   7480.00    -9.1503
   7490.00    -9.1498
   7500.00    -8.5310
   7510.00    -9.1233
   7520.00    -9.3158
   7530.00    -8.5221
   7540.00    -8.8998
   7550.00    -8.8492
   7560.00    -8.5360
   7570.00    -9.2568
   7580.00    -9.3056
   7590.00    -8.8777
   7600.00    -9.3001
   7610.00    -9.0850
   7620.00    -9.0749
   7630.00    -8.7939
   7640.00    -8.4437
   7650.00    -8.9430
   7660.00    -8.9013
   7670.00    -8.8623
   7680.00    -9.1760
   7690.00    -9.3961
   7700.00    -8.9796
   7710.00    -8.6364
   7720.00    -8.6499
   7730.00    -9.2400
   7740.00    -9.2144
   7750.00    -9.2543
   7760.00    -9.0925
   7770.00    -8.9022
   7780.00    -8.5789
   7790.00    -9.1721
   7800.00    -9.1209
   7810.00    -8.8620
   7820.00    -8.7831
   7830.00    -9.5512
   7840.00    -9.0613
   7850.00    -9.0247
   7860.00    -9.0185
   7870.00    -8.5413
   7880.00    -8.7993
   7890.00    -8.8548
   7900.00    -9.2882
   7910.00    -8.4509
   7920.00    -8.9683
   7930.00    -8.8799
   7940.00    -8.8752
   7950.00    -9.2504
   7960.00    -9.5716
   7970.00    -9.3182
   7980.00    -9.0739
   7990.00    -9.4531
   8000.00    -8.8541
   8010.00    -8.9172
   8020.00    -9.1967
   8030.00    -9.1552
   8040.00    -8.9869
   8050.00    -9.4291
   8060.00    -9.1947
   8070.00    -8.9700
   8080.00    -8.8983
   8090.00    -8.8057
   8100.00    -9.1325
   8110.00    -9.3929
   8120.00    -8.8829
   8130.00    -8.6090
   8140.00    -8.6851
   8150.00    -8.6301
   8160.00    -8.8341
   8170.00    -8.7724
   8180.00    -8.8380
   8190.00    -9.3011
   8200.00    -8.9696
   8210.00    -9.5917
   8220.00    -9.2711
   8230.00    -9.1517
   8240.00    -9.6639
   8250.00    -9.4359
   8260.00    -8.5811
   8270.00    -9.2587
   8280.00    -9.0027
   8290.00    -8.9234
   8300.00    -9.2208
   8310.00    -9.0505
   8320.00    -8.7408
   8330.00    -8.8132
   8340.00    -8.8769
   8350.00    -8.9990
   8360.00    -9.1041
   8370.00    -8.9071
   8380.00    -8.7079
   8390.00    -8.6033
   8400.00    -8.4323
   8410.00    -8.8718
   8420.00    -9.0237
   8430.00    -9.2588
   8440.00    -9.2833
   8450.00    -8.9775
   8460.00    -9.0228
   8470.00    -9.1923
   8480.00    -9.2795
   8490.00    -8.9697
   8500.00    -9.3164
   8510.00    -9.3504
   8520.00    -8.9685
   8530.00    -8.8880
   8540.00    -9.2905
   8550.00    -9.1043
   8560.00    -8.9867
   8570.00    -9.3595
   8580.00    -9.6667
   8590.00    -9.2374
   8600.00    -9.1508
   8610.00    -9.3255
   8620.00    -9.3745
   8630.00    -9.6284
   8640.00    -8.6318
   8650.00    -9.3879
   8660.00    -8.8504
   8670.00    -9.2290
   8680.00    -9.0837
   8690.00    -9.3866
   8700.00    -9.0693
   8710.00    -8.6247
   8720.00    -9.0091
   8730.00    -8.8381
   8740.00    -9.0865
   8750.00    -8.8984
   8760.00    -8.9239
   8770.00    -9.1896
   8780.00    -8.8316
   8790.00    -8.8744
   8800.00    -8.8174
   8810.00    -8.8300
   8820.00    -9.0480
   8830.00    -9.0120
   8840.00    -8.8420
   8850.00    -8.7814
   8860.00    -8.6876
   8870.00    -8.5470
   8880.00    -9.7011
   8890.00    -8.8189
   8900.00    -8.8245
   8910.00    -9.1580
   8920.00    -9.3446
   8930.00    -9.1807
   8940.00    -9.0708
   8950.00    -9.0369
   8960.00    -8.9639
   8970.00    -8.8078
   8980.00    -8.5387
   8990.00    -8.5156
   9000.00    -9.0518
   9010.00    -9.2648
   9020.00    -8.8097
   9030.00    -8.7561
   9040.00    -8.9818
   9050.00    -9.0850
   9060.00    -9.0361
   9070.00    -8.7194
   9080.00    -9.0142
   9090.00    -9.0625
   9100.00    -8.5613
   9110.00    -8.6994
   9120.00    -8.7369
   9130.00    -8.9532
   9140.00    -8.5733
   9150.00    -9.4280
   9160.00    -8.7659
   9170.00    -8.9208
   9180.00    -8.6808
   9190.00    -8.8738
   9200.00    -9.0982
   9210.00    -8.9060
   9220.00    -9.0567
   9230.00    -9.3180
   9240.00    -8.7785
   9250.00    -8.7619
   9260.00    -8.9132
   9270.00    -9.3212
   9280.00    -8.8991
   9290.00    -8.8367
   9300.00    -9.0162
   9310.00    -9.3640
   9320.00    -9.4112
   9330.00    -8.9798
   9340.00    -9.2034
   9350.00    -8.4936
   9360.00    -9.2627
   9370.00    -9.2149
   9380.00    -9.3994
   9390.00    -9.1687
   9400.00    -9.2513
   9410.00    -8.8013
   9420.00    -8.5346
   9430.00    -8.7400
   9440.00    -9.0380
   9450.00    -9.0053
   9460.00    -9.0004
   9470.00    -9.2791
   9480.00    -9.0612
   9490.00    -8.7788
   9500.00    -8.6164
   9510.00    -8.9869
   9520.00    -9.1936
   9530.00    -9.3219
   9540.00    -8.8926
   9550.00    -8.9125
   9560.00    -9.0084
   9570.00    -9.1832
   9580.00    -9.4917
   9590.00    -9.2260
   9600.00    -8.6477
   9610.00    -8.0073
   9620.00    -8.8952
   9630.00    -8.7578
   9640.00    -8.7576
   9650.00    -9.0899
   9660.00    -9.0786
   9670.00    -9.0087
   9680.00    -9.0322
   9690.00    -8.7742
   9700.00    -9.2324
   9710.00    -8.9748
   9720.00    -9.3151
   9730.00    -9.0118
   9740.00    -9.1759
   9750.00    -9.4257
   9760.00    -9.2627
   9770.00    -9.5383
   9780.00    -8.6686
   9790.00    -9.1190
   9800.00    -9.0183
   9810.00    -8.7933
   9820.00    -9.4608
   9830.00    -8.7551
   9840.00    -9.0929
   9850.00    -9.2331
   9860.00    -9.4418
   9870.00    -9.1233
   9880.00    -9.2173
   9890.00    -9.4303
   9900.00    -9.1100
   9910.00    -9.1050
   9920.00    -9.5586
   9930.00    -9.0683
   9940.00    -9.3143
   9950.00    -8.7344
   9960.00    -9.0408
   9970.00    -9.4736
   9980.00    -8.8240
   9990.00    -9.0292
  10000.00    -8.9190
  10010.00    -8.8507
  10020.00    -9.0926
  10030.00    -8.8166
  10040.00    -9.0319
  10050.00    -8.9025
  10060.00   -10.1017
  10070.00    -8.8495
  10080.00    -9.2869
  10090.00    -8.6614
  10100.00    -8.8465
  10110.00    -8.7296
  10120.00    -8.8941
  10130.00    -9.1973
  10140.00    -9.4269
  10150.00    -9.0409
  10160.00    -8.9061
  10170.00    -8.7028
  10180.00    -8.9882
  10190.00    -8.8386
  10200.00    -8.7847
  10210.00    -8.7312
  10220.00    -8.9268
  10230.00    -8.8394
  10240.00    -8.6895
  10250.00    -8.8962
  10260.00    -8.6216
  10270.00    -8.6316
  10280.00    -9.2831
  10290.00    -9.3103
  10300.00    -9.0896
  10310.00    -8.7652
  10320.00    -8.8893
  10330.00    -8.9766
  10340.00    -9.0090
  10350.00    -9.4386
  10360.00    -8.8409
  10370.00    -8.8850
  10380.00    -9.0480
  10390.00    -9.4815
  10400.00    -8.7865
  10410.00    -9.3104
  10420.00    -8.9404
  10430.00    -8.8478
  10440.00    -9.3528
  10450.00    -8.7713
  10460.00    -8.9715
  10470.00    -8.5691
  10480.00    -9.2754
  10490.00    -8.7849
  10500.00    -9.1686
  10510.00    -9.2631
  10520.00    -8.7260
  10530.00    -9.0679
  10540.00    -8.7166
  10550.00    -8.9058
  10560.00    -8.8518
  10570.00    -9.2753
  10580.00    -8.9195
  10590.00    -9.2707
  10600.00    -8.9791
  10610.00    -8.8819
  10620.00    -8.5805
  10630.00    -8.8878
  10640.00    -8.8200
  10650.00    -8.4630
  10660.00    -9.2857
  10670.00    -9.0069
  10680.00    -9.1242
  10690.00    -9.3244
  10700.00    -9.3549
  10710.00    -9.5699
  10720.00    -9.3048
  10730.00    -9.0875
  10740.00    -8.8255
  10750.00    -9.6517
  10760.00    -8.6867
  10770.00    -8.5600
  10780.00    -8.9266
  10790.00    -8.7423
  10800.00    -9.0932
  10810.00    -8.6559
  10820.00    -9.0501
  10830.00    -8.9321
  10840.00    -8.8770
  10850.00    -9.0024
  10860.00    -9.0276
  10870.00    -9.3209
  10880.00    -8.9603
  10890.00    -9.2637
  10900.00    -9.0047
  10910.00    -9.0127
  10920.00    -9.4451
  10930.00    -9.2148
  10940.00    -8.6521
  10950.00    -8.8672
  10960.00    -8.8096
  10970.00    -9.4439
  10980.00    -9.3753
  10990.00    -9.0341
  11000.00    -9.2120
  11010.00    -8.7441
  11020.00    -9.5590
  11030.00    -9.1573
  11040.00    -8.9872
  11050.00    -9.3702
  11060.00    -9.0077
  11070.00    -9.3941
  11080.00    -9.3018
  11090.00    -9.3998
  11100.00    -9.1351
  11110.00    -8.8966
  11120.00    -9.3252
  11130.00    -9.2676
  11140.00    -9.2395
  11150.00    -9.1673
  11160.00    -9.2981
  11170.00    -9.1401
  11180.00    -9.3660
  11190.00    -9.2014
  11200.00    -9.2061
  11210.00    -9.3501
  11220.00    -8.9478
  11230.00    -9.4110
  11240.00    -8.9183
  11250.00    -9.4642
  11260.00    -9.4593
  11270.00    -9.1822
  11280.00    -9.3235
  11290.00    -9.5259
  11300.00    -8.9944
  11310.00    -9.0604
  11320.00    -8.7597
  11330.00    -9.1447
  11340.00    -9.3549
  11350.00    -9.0099
  11360.00    -9.1847
  11370.00    -8.6820
  11380.00    -9.1702
  11390.00    -8.6287
  11400.00    -9.3006
  11410.00    -9.3656
  11420.00    -9.2765
  11430.00    -9.4532
  11440.00    -8.7068
  11450.00    -8.4654
  11460.00    -8.4876
  11470.00    -8.5839
  11480.00    -8.8165
  11490.00    -8.9118
  11500.00    -9.1246
  11510.00    -9.3375
  11520.00    -9.2717
  11530.00    -9.1447
  11540.00    -8.9702
  11550.00    -9.3501
  11560.00    -9.8209
  11570.00    -9.4671
  11580.00    -8.9856
  11590.00    -8.8720
  11600.00    -9.3230
  11610.00    -8.8221
  11620.00    -9.5001
  11630.00    -9.2128
  11640.00    -9.2423
  11650.00    -9.1461
  11660.00    -8.5420
  11670.00    -8.8796
  11680.00    -9.2253
  11690.00    -9.3132
  11700.00    -8.9404
  11710.00    -9.2636
  11720.00    -9.0299
  11730.00    -9.3650
  11740.00    -8.5671
  11750.00    -9.3886
  11760.00    -9.0389
  11770.00    -8.7238
  11780.00    -9.0877
  11790.00    -9.1786
  11800.00    -9.1636
  11810.00    -9.4371
  11820.00    -9.2750
  11830.00    -8.6467
  11840.00    -9.4351
  11850.00    -8.7503
  11860.00    -8.7304
  11870.00    -9.0322
  11880.00    -9.2726
  11890.00    -9.3100
  11900.00    -9.3642
  11910.00    -9.5130
  11920.00    -8.9027
  11930.00    -8.7911
  11940.00    -8.5969
  11950.00    -8.7753
  11960.00    -8.9279
  11970.00    -8.9393
  11980.00    -8.9704
  11990.00    -8.8568
  12000.00    -9.0811
  12010.00    -9.2779
  12020.00    -9.1480
  12030.00    -9.6146
  12040.00    -8.9313
  12050.00    -9.5235
  12060.00    -9.0383
  12070.00    -8.6542
  12080.00    -9.1876
  12090.00    -8.7227
  12100.00    -9.4210
  12110.00    -8.9309
  12120.00    -9.1906
  12130.00    -8.6953
  12140.00    -9.3364
  12150.00    -9.0535
  12160.00    -9.2785
  12170.00    -9.2927
  12180.00    -9.2399
  12190.00    -8.8520
  12200.00    -8.9273
  12210.00    -9.2536
  12220.00    -8.9572
  12230.00    -9.0442
  12240.00    -8.8279
  12250.00    -9.4978
  12260.00    -9.3638
  12270.00    -9.3161
  12280.00    -8.9232
  12290.00    -8.9539
  12300.00    -9.2550
  12310.00    -8.7501
  12320.00    -9.1653
  12330.00    -9.3226
  12340.00    -9.3913
  12350.00    -9.0237
  12360.00    -9.1869
  12370.00    -8.9390
  12380.00    -9.4370
  12390.00    -9.1011
  12400.00    -9.3340
  12410.00    -9.0490
  12420.00    -9.1123
  12430.00    -9.3692
  12440.00    -8.4248
  12450.00    -8.9471
  12460.00    -8.9179
  12470.00    -9.0878
  12480.00    -9.0945
  12490.00    -9.0482
  12500.00    -8.9068
  12510.00    -9.1699
  12520.00    -9.0890
  12530.00    -8.9224
  12540.00    -9.0718
  12550.00    -9.0462
  12560.00    -8.9738
  12570.00    -8.8717
  12580.00    -8.8537
  12590.00    -8.7746
  12600.00    -9.0914
  12610.00    -9.5330
  12620.00    -8.9720
  12630.00    -9.2602
  12640.00    -9.2370
  12650.00    -9.7632
  12660.00    -9.0656
  12670.00    -9.5061
  12680.00    -9.1066
  12690.00    -9.5727
  12700.00    -9.1330
  12710.00    -9.1244
  12720.00    -9.8568
  12730.00    -9.4681
  12740.00    -9.0995
  12750.00    -9.0965
  12760.00    -9.2840
  12770.00    -9.0873
  12780.00    -8.8608
  12790.00    -9.3410
  12800.00    -9.0547
  12810.00    -9.4164
  12820.00    -9.5294
  12830.00    -9.0755
  12840.00    -9.0117
  12850.00    -8.5640
  12860.00    -9.2145
  12870.00    -9.1084
  12880.00    -9.2559
  12890.00    -8.5646
  12900.00    -9.2056
  12910.00    -8.8733
  12920.00    -8.4042
  12930.00    -8.8124
  12940.00    -9.3880
  12950.00    -8.8382
  12960.00    -9.3483
  12970.00    -8.7500
  12980.00    -8.7901
  12990.00    -8.6938
  13000.00    -9.4923
  13010.00    -9.1300
  13020.00    -9.2352
  13030.00    -8.9945
  13040.00    -8.6384
  13050.00    -8.9640
  13060.00    -8.9906
  13070.00    -9.3011
  13080.00    -9.0711
  13090.00    -9.0390
  13100.00    -9.3056
  13110.00    -9.1302
  13120.00    -9.1504
  13130.00    -8.6771
  13140.00    -8.9300
  13150.00    -8.7144
  13160.00    -9.1389
  13170.00    -8.6939
  13180.00    -8.8462
  13190.00    -8.5657
  13200.00    -8.5877
  13210.00    -9.0587
  13220.00    -9.0504
  13230.00    -8.4887
  13240.00    -9.0906
  13250.00    -8.5950
  13260.00    -8.8701
  13270.00    -8.7573
  13280.00    -9.1358
  13290.00    -8.8144
  13300.00    -9.1282
  13310.00    -9.1403
  13320.00    -8.8199
  13330.00    -8.9491
  13340.00    -8.7752
  13350.00    -8.9812
  13360.00    -9.4227
  13370.00    -8.6957
  13380.00    -9.0265
  13390.00    -8.9122
  13400.00    -9.3406
  13410.00    -8.9463
  13420.00    -9.2128
  13430.00    -9.1886
  13440.00    -8.9700
  13450.00    -8.6736
  13460.00    -9.2423
  13470.00    -8.9852
  13480.00    -9.2341
  13490.00    -8.6415
  13500.00    -8.8359
  13510.00    -8.7934
  13520.00    -8.7935
  13530.00    -8.7471
  13540.00    -8.6546
  13550.00    -9.0993
  13560.00    -9.0118
  13570.00    -8.6556
  13580.00    -8.8883
  13590.00    -8.7606
  13600.00    -9.2415
  13610.00    -9.3450
  13620.00    -8.9737
  13630.00    -9.1918
  13640.00    -8.9009
  13650.00    -9.0029
  13660.00    -9.1567
  13670.00    -9.2872
  13680.00    -9.1533
  13690.00    -9.0695
  13700.00    -9.3688
  13710.00    -9.1407
  13720.00    -9.3013
  13730.00    -9.1845
  13740.00    -8.8703
  13750.00    -9.0594
  13760.00    -8.8382
  13770.00    -9.2273
  13780.00    -9.0056
  13790.00    -9.1070
  13800.00    -9.5865
  13810.00    -8.7325
  13820.00    -8.5078
  13830.00    -9.0573
  13840.00    -9.0947
  13850.00    -9.3911
  13860.00    -9.0320
  13870.00    -9.1358
  13880.00    -8.5149
  13890.00    -8.4950
  13900.00    -8.4779
  13910.00    -9.1337
  13920.00    -8.9454
  13930.00    -8.8835
  13940.00    -9.2083
  13950.00    -9.0264
  13960.00    -8.8902
  13970.00    -8.8351
  13980.00    -8.4246
  13990.00    -9.0889
  14000.00    -9.5744
  14010.00    -9.1290
  14020.00    -8.7955
  14030.00    -8.8106
  14040.00    -8.7879
  14050.00    -8.9817
  14060.00    -8.8019
  14070.00    -8.4209
  14080.00    -8.6953
  14090.00    -8.8123
  14100.00    -8.9657
  14110.00    -8.6484
  14120.00    -8.7783
  14130.00    -8.9683
  14140.00    -9.3195
  14150.00    -9.4146
  14160.00    -9.0064
  14170.00    -9.1213
  14180.00    -8.9893
  14190.00    -8.7952
  14200.00    -8.8541
  14210.00    -8.6312
  14220.00    -8.8765
  14230.00    -8.8307
  14240.00    -9.3482
  14250.00    -9.6943
  14260.00    -9.1677
  14270.00    -9.0229
  14280.00    -9.5687
  14290.00    -9.1976
  14300.00    -9.2639
  14310.00    -9.2073
  14320.00    -8.5826
  14330.00    -9.0652
  14340.00    -8.6345
  14350.00    -9.4465
  14360.00    -9.1073
  14370.00    -8.7571
  14380.00    -9.1324
  14390.00    -8.8207
  14400.00    -9.0761
  14410.00    -8.9118
  14420.00    -8.8779
  14430.00    -9.1237
  14440.00    -9.3001
  14450.00    -9.0263
  14460.00    -8.7144
  14470.00    -9.3439
  14480.00    -9.1494
  14490.00    -8.8889
  14500.00    -9.3545
  14510.00    -9.4942
  14520.00    -9.3855
  14530.00    -9.3898
  14540.00    -9.0979
  14550.00    -8.8176
  14560.00    -8.5942
  14570.00    -8.9602
  14580.00    -9.2047
  14590.00    -9.0169
  14600.00    -9.4828
  14610.00    -9.2236
  14620.00    -9.2646
  14630.00    -8.9007
  14640.00    -9.0827
  14650.00    -9.5458
  14660.00    -9.2789
  14670.00    -8.2738
  14680.00    -8.4601
  14690.00    -8.8888
  14700.00    -9.1439
  14710.00    -9.2246
  14720.00    -8.8145
  14730.00    -8.6427
  14740.00    -8.8681
  14750.00    -8.5696
  14760.00    -8.9792
  14770.00    -8.8695
  14780.00    -8.4924
  14790.00    -8.9978
  14800.00    -8.5704
  14810.00    -9.1444
  14820.00    -9.1917
  14830.00    -8.7610
  14840.00    -8.8598
  14850.00    -8.8622
  14860.00    -8.7044
  14870.00    -9.0223
  14880.00    -9.3170
  14890.00    -8.6873
  14900.00    -9.0760
  14910.00    -8.6417
  14920.00    -8.8671
  14930.00    -8.8921
  14940.00    -8.8049
  14950.00    -8.9240
  14960.00    -9.1772
  14970.00    -9.1366
  14980.00    -9.5442
  14990.00    -9.3022
  15000.00    -9.3895
  15010.00    -9.2567
  15020.00    -9.2159
  15030.00    -9.0151
  15040.00    -9.3870
  15050.00    -9.2338
  15060.00    -9.1729
  15070.00    -8.9516
  15080.00    -9.5521
  15090.00    -9.1102
  15100.00    -9.0706
  15110.00    -8.7080
  15120.00    -8.8687
  15130.00    -9.0682
  15140.00    -8.9036
  15150.00    -8.9268
  15160.00    -9.0380
  15170.00    -9.1855
  15180.00    -8.8456
  15190.00    -9.1825
  15200.00    -9.4122
  15210.00    -8.8514
  15220.00    -9.0568
  15230.00    -9.3503
  15240.00    -9.2091
  15250.00    -9.3050
  15260.00    -9.6262
  15270.00    -9.9181
  15280.00    -8.6896
  15290.00    -9.3213
  15300.00    -9.8691
  15310.00    -8.9259
  15320.00    -9.2950
  15330.00    -9.5298
  15340.00    -9.1757
  15350.00    -9.4388
  15360.00    -9.3270
  15370.00    -9.6365
  15380.00    -9.0001
  15390.00    -8.9359
  15400.00    -9.3290
  15410.00    -8.4213
  15420.00    -8.6445
  15430.00    -8.9778
  15440.00    -9.4881
  15450.00    -9.4335
  15460.00    -9.0576
  15470.00    -9.1854
  15480.00    -9.2744
  15490.00    -9.1544
  15500.00    -8.7293
  15510.00    -8.7190
  15520.00    -9.4540
  15530.00    -9.4348
  15540.00    -8.7282
  15550.00    -8.6428
  15560.00    -8.8362
  15570.00    -8.7898
  15580.00    -9.1123
  15590.00    -8.9856
  15600.00    -9.0392
  15610.00    -9.2960
  15620.00    -8.8559
  15630.00    -9.2586
  15640.00    -9.1685
  15650.00    -9.4129
  15660.00    -9.0796
  15670.00    -9.2492
  15680.00    -9.0678
  15690.00    -9.1730
  15700.00    -9.2725
  15710.00    -8.4546
  15720.00    -9.4675
  15730.00    -8.8683
  15740.00    -9.1313
  15750.00    -9.0928
  15760.00    -9.4159
  15770.00    -9.0867
  15780.00    -9.3511
  15790.00    -9.0391
  15800.00    -9.2215
  15810.00    -9.1541
  15820.00    -9.1348
  15830.00    -9.2611
  15840.00    -8.8369
  15850.00    -8.9517
  15860.00    -9.3307
  15870.00    -9.0839
  15880.00    -9.0736
  15890.00    -8.9715
  15900.00    -9.0487
  15910.00    -9.1503
  15920.00    -8.7204
  15930.00    -8.5156
  15940.00    -9.0108
  15950.00    -8.9551
  15960.00    -8.6886
  15970.00    -8.7891
  15980.00    -9.0655
  15990.00    -8.7084
  16000.00    -9.1465
  16010.00    -8.9762
  16020.00    -9.3311
  16030.00    -8.9855
  16040.00    -9.1999
  16050.00    -9.4307
  16060.00    -9.1151
  16070.00    -9.0197
  16080.00    -9.2272
  16090.00    -9.2111
  16100.00    -8.9225
  16110.00    -9.6550
  16120.00    -8.6040
  16130.00    -9.1746
  16140.00    -9.2236
  16150.00    -9.2701
  16160.00    -8.9643
  16170.00    -9.0439
  16180.00    -8.7814
  16190.00    -8.7288
  16200.00    -8.8399
  16210.00    -8.4630
  16220.00    -8.5959
  16230.00    -9.1746
  16240.00    -8.8347
  16250.00    -8.8003
  16260.00    -9.3607
  16270.00    -9.1565
  16280.00    -8.7012
  16290.00    -8.8358
  16300.00    -8.8940
  16310.00    -9.0847
  16320.00    -9.0717
  16330.00    -9.3299
  16340.00    -8.9567
  16350.00    -9.1151
  16360.00    -9.0454
  16370.00    -8.7957
  16380.00    -8.7729
  16390.00    -8.6491
  16400.00    -9.1138
  16410.00    -8.6002
  16420.00    -8.9901
  16430.00    -8.7203
  16440.00    -9.1048
  16450.00    -8.9780
  16460.00    -9.0109
  16470.00    -8.4632
  16480.00    -9.2859
  16490.00    -9.1296
  16500.00    -8.7800
  16510.00    -9.0817
  16520.00    -9.2101
  16530.00    -8.8327
  16540.00    -8.9098
  16550.00    -9.1539
  16560.00    -9.2235
  16570.00    -9.2979
  16580.00    -9.3328
  16590.00    -8.8384
  16600.00    -8.9054
  16610.00    -9.1621
  16620.00    -8.6414
  16630.00    -9.0734
  16640.00    -8.8894
  16650.00    -8.7589
  16660.00    -8.7107
  16670.00    -8.6717
  16680.00    -8.1601
  16690.00    -9.3077
  16700.00    -8.1447
  16710.00    -8.9091
  16720.00    -8.9035
  16730.00    -8.9994
  16740.00    -8.8656
  16750.00    -9.1302
  16760.00    -9.2037
  16770.00    -8.8366
  16780.00    -9.0409
  16790.00    -8.9522
  16800.00    -9.1496
  16810.00    -9.2160
  16820.00    -9.0495
  16830.00    -9.3174
  16840.00    -9.0582
  16850.00    -9.2562
  16860.00    -9.1923
  16870.00    -8.6323
  16880.00    -9.0164
  16890.00    -9.6174
  16900.00    -9.4455
  16910.00    -8.9589
  16920.00    -9.2170
  16930.00    -8.9060
  16940.00    -9.2983
  16950.00    -9.4383
  16960.00    -9.1676
  16970.00    -9.3081
  16980.00    -9.2194
  16990.00    -9.0897
  17000.00    -9.0019
  17010.00    -9.3805
  17020.00    -8.7993
  17030.00    -8.9819
  17040.00    -9.7489
  17050.00    -9.4741
  17060.00    -9.5905
  17070.00    -8.7438
  17080.00    -9.0564
  17090.00    -8.8087
  17100.00    -8.8743
  17110.00    -9.5158
  17120.00    -9.0773
  17130.00    -8.9403
  17140.00    -8.5879
  17150.00    -9.4619
  17160.00    -9.3230
  17170.00    -8.9103
  17180.00    -8.9371
  17190.00    -9.1602
  17200.00    -8.9068
  17210.00    -8.6983
  17220.00    -9.0143
  17230.00    -8.9633
  17240.00    -9.0216
  17250.00    -9.2019
  17260.00    -9.0585
  17270.00    -8.7435
  17280.00    -9.0380
  17290.00    -8.7182
  17300.00    -8.8644
  17310.00    -9.3470
  17320.00    -8.8357
  17330.00    -9.0610
  17340.00    -9.3382
  17350.00    -8.7682
  17360.00    -9.2174
  17370.00    -9.3917
  17380.00    -9.1407
  17390.00    -9.1198
  17400.00    -8.8317
  17410.00    -9.9508
  17420.00    -8.5620
  17430.00    -8.9956
  17440.00    -9.1648
  17450.00    -9.4233
  17460.00    -8.4399
  17470.00    -9.0116
  17480.00    -9.0518
  17490.00    -9.1011
  17500.00    -8.6956
  17510.00    -9.3575
  17520.00    -8.8389
  17530.00    -8.9156
  17540.00    -8.5383
  17550.00    -9.0456
  17560.00    -9.2338
  17570.00    -9.0044
  17580.00    -9.1790
  17590.00    -9.3091
  17600.00    -8.8237
  17610.00    -9.0315
  17620.00    -8.6840
  17630.00    -8.9160
  17640.00    -8.9997
  17650.00    -8.5486
  17660.00    -9.1332
  17670.00    -9.2066
  17680.00    -9.7009
  17690.00    -8.8776
  17700.00    -8.6978
  17710.00    -8.7518
  17720.00    -9.3883
  17730.00    -9.1350
  17740.00    -9.0692
  17750.00    -9.0131
  17760.00    -8.7906
  17770.00    -8.5802
  17780.00    -8.7625
  17790.00    -8.8782
  17800.00    -8.6514
  17810.00    -8.9892
  17820.00    -8.7260
  17830.00    -8.6180
  17840.00    -8.6475
  17850.00    -8.8716
  17860.00    -8.4244
  17870.00    -9.1259
  17880.00    -9.1768
  17890.00    -9.0882
  17900.00    -9.2142
  17910.00    -8.8901
  17920.00    -8.7956
  17930.00    -8.8187
  17940.00    -8.9696
  17950.00    -8.8877
  17960.00    -9.1493
  17970.00    -8.9951
  17980.00    -8.7742
  17990.00    -9.5324
  18000.00    -9.7535
  18010.00    -8.9654
  18020.00    -8.8044
  18030.00    -8.5904
  18040.00    -9.1731
  18050.00    -9.0449
  18060.00    -9.0168
  18070.00    -9.6331
  18080.00    -9.2014
  18090.00    -9.1976
  18100.00    -8.8291
  18110.00    -8.6172
  18120.00    -9.2673
  18130.00    -9.0031
  18140.00    -8.8158
  18150.00    -9.0315
  18160.00    -9.2070
  18170.00    -8.9332
  18180.00    -9.2213
  18190.00    -9.5551
  18200.00    -8.7930
  18210.00    -8.9374
  18220.00    -9.0380
  18230.00    -9.1226
  18240.00    -9.4438
  18250.00    -9.6256
  18260.00    -8.8235
  18270.00    -8.5125
  18280.00    -9.2990
  18290.00    -9.2371
  18300.00    -9.0704
  18310.00    -8.5544
  18320.00    -8.9862
  18330.00    -9.0219
  18340.00    -8.7357
  18350.00    -9.2993
  18360.00    -8.7093
  18370.00    -8.4871
  18380.00    -8.9594
  18390.00    -8.7801
  18400.00    -9.2198
  18410.00    -8.6188
  18420.00    -8.9103
  18430.00    -9.3327
  18440.00    -8.6885
  18450.00    -9.1266
  18460.00    -9.2033
  18470.00    -8.7781
  18480.00    -9.1362
  18490.00    -8.5821
  18500.00    -8.9676
  18510.00    -8.9481
  18520.00    -9.0209
  18530.00    -8.8905
  18540.00    -9.3067
  18550.00    -9.2068
  18560.00    -9.3741
  18570.00    -9.4380
  18580.00    -8.7099
  18590.00    -8.6829
  18600.00    -8.5450
  18610.00    -8.9708
  18620.00    -9.1825
  18630.00    -8.9825
  18640.00    -8.3722
  18650.00    -9.1259
  18660.00    -9.0281
  18670.00    -9.2024
  18680.00    -8.4908
  18690.00    -8.8933
  18700.00    -8.9343
  18710.00    -8.8737
  18720.00    -8.3156
  18730.00    -8.8300
  18740.00    -9.1828
  18750.00    -8.4966
  18760.00    -9.1777
  18770.00    -9.3195
  18780.00    -9.2536
  18790.00    -8.6746
  18800.00    -9.4993
  18810.00    -8.4330
  18820.00    -9.2405
  18830.00    -8.4519
  18840.00    -8.8874
  18850.00    -9.2332
  18860.00    -9.1596
  18870.00    -9.1503
  18880.00    -9.3768
  18890.00    -9.2917
  18900.00    -8.8956
  18910.00    -9.7595
  18920.00    -9.1531
  18930.00    -8.9560
  18940.00    -9.4293
  18950.00    -9.3773
  18960.00    -9.3119
  18970.00    -9.1127
  18980.00    -8.5394
  18990.00    -8.7832
  19000.00    -9.4295
  19010.00    -9.0062
  19020.00    -9.4818
  19030.00    -9.2832
  19040.00    -9.3120
  19050.00    -9.2897
  19060.00    -9.5813
  19070.00    -9.3904
  19080.00    -9.1403
  19090.00    -9.1943
  19100.00    -9.2618
  19110.00    -9.1631
  19120.00    -9.0210
  19130.00    -9.1194
  19140.00    -8.9417
  19150.00    -8.7854
  19160.00    -9.5866
  19170.00    -8.9400
  19180.00    -8.4949
  19190.00    -9.2206
  19200.00    -8.5609
  19210.00    -8.7679
  19220.00    -9.0779
  19230.00    -8.9177
  19240.00    -8.8972
  19250.00    -8.6410
  19260.00    -8.9980
  19270.00    -9.1166
  19280.00    -9.1133
  19290.00    -8.8140
  19300.00    -8.9479
  19310.00    -9.0126
  19320.00    -9.4581
  19330.00    -8.8495
  19340.00    -8.8505
  19350.00    -9.0993
  19360.00    -9.0545
  19370.00    -9.2488
  19380.00    -9.2106
  19390.00    -9.2560
  19400.00    -8.7747
  19410.00    -9.1367
  19420.00    -9.0999
  19430.00    -8.8894
  19440.00    -9.1826
  19450.00    -9.1105
  19460.00    -9.6297
  19470.00    -8.7562
  19480.00    -9.2513
  19490.00    -9.5663
  19500.00    -9.1676
  19510.00    -9.3727
  19520.00    -8.7716
  19530.00    -9.2127
  19540.00    -9.3268
  19550.00    -9.0504
  19560.00    -9.2917
  19570.00    -8.8003
  19580.00    -8.5899
  19590.00    -8.5931
  19600.00    -9.0160
  19610.00    -9.0097
  19620.00    -8.8854
  19630.00    -9.5069
  19640.00    -9.3826
  19650.00    -8.7717
  19660.00    -9.0200
  19670.00    -8.8979
  19680.00    -8.9196
  19690.00    -9.4364
  19700.00    -9.5715
  19710.00    -9.8690
  19720.00    -8.8599
  19730.00    -8.9190
  19740.00    -9.1982
  19750.00    -9.1554
  19760.00    -9.5280
  19770.00    -9.1260
  19780.00    -9.5649
  19790.00    -8.6327
  19800.00    -9.4059
  19810.00    -9.4110
  19820.00    -9.0926
  19830.00    -9.4189
  19840.00    -9.0741
  19850.00    -8.9319
  19860.00    -9.0331
  19870.00    -9.0482
  19880.00    -9.2939
  19890.00    -9.1816
  19900.00    -9.1064
  19910.00    -9.2265
  19920.00    -9.0633
  19930.00    -9.3989
  19940.00    -9.1557
  19950.00    -8.8188
  19960.00    -9.2196
  19970.00    -9.0318
  19980.00    -9.0349
  19990.00    -9.4238
  20000.00    -8.6077
  20010.00    -8.4768
  20020.00    -9.0949
  20030.00    -8.6940
  20040.00    -8.7366
  20050.00    -8.9576
  20060.00    -9.3505
  20070.00    -9.2566
  20080.00    -9.1488
  20090.00    -9.1206
  20100.00    -9.3152
  20110.00    -8.7062
  20120.00    -9.6185
  20130.00    -8.7892
  20140.00    -8.9972
  20150.00    -8.8013
  20160.00    -8.9748
  20170.00    -8.9587
  20180.00    -8.6519
  20190.00    -8.7819
  20200.00    -9.5172
  20210.00    -9.0357
  20220.00    -9.4084
  20230.00    -8.3553
  20240.00    -9.4320
  20250.00    -9.3227
  20260.00    -8.9445
  20270.00    -9.3771
  20280.00    -8.9353
  20290.00    -8.7156
  20300.00    -9.4318
  20310.00    -9.3621
  20320.00    -9.1375
  20330.00    -9.0748
  20340.00    -8.8284
  20350.00    -8.7410
  20360.00    -9.0696
  20370.00    -9.0026
  20380.00    -9.3765
  20390.00    -9.4973
  20400.00    -9.1546
  20410.00    -9.1249
  20420.00    -8.9501
  20430.00    -8.8078
  20440.00    -9.2790
  20450.00    -8.6899
  20460.00    -9.1738
  20470.00    -8.7344
  20480.00    -9.1014
  20490.00    -9.3900
  20500.00    -9.3443
  20510.00    -9.3738
  20520.00    -8.7507
  20530.00    -8.9634
  20540.00    -9.0873
  20550.00    -9.3635
  20560.00    -8.6896
  20570.00    -8.9818
  20580.00    -8.5618
  20590.00    -8.6291
  20600.00    -9.0116
  20610.00    -8.5814
  20620.00    -9.1295
  20630.00    -9.1698
  20640.00    -8.8159
  20650.00    -9.0286
  20660.00    -9.0852
  20670.00    -9.4799
  20680.00    -9.3564
  20690.00    -8.6596
  20700.00    -9.2087
  20710.00    -9.6416
  20720.00    -9.1800
  20730.00    -9.0925
  20740.00    -8.9548
  20750.00    -8.6222
  20760.00    -9.1176
  20770.00    -8.9625
  20780.00    -8.4109
  20790.00    -9.1351
  20800.00    -9.0208
  20810.00    -9.1418
  20820.00    -8.9161
  20830.00    -9.2060
  20840.00    -9.1645
  20850.00    -8.6814
  20860.00    -9.2232
  20870.00    -9.2076
  20880.00    -9.0716
  20890.00    -9.5572
  20900.00    -8.5081
  20910.00    -8.8390
  20920.00    -8.8723
  20930.00    -9.0081
  20940.00    -8.7316
  20950.00    -8.8686
  20960.00    -9.5810
  20970.00    -9.1138
  20980.00    -9.1534
  20990.00    -8.8321
  21000.00    -8.5397
  21010.00    -9.0591
  21020.00    -9.0900
  21030.00    -9.4799
  21040.00    -9.5144
  21050.00    -9.3377
  21060.00    -9.4687
  21070.00    -9.3335
  21080.00    -9.1700
  21090.00    -9.2820
  21100.00    -9.1384
  21110.00    -9.5061
  21120.00    -9.1494
  21130.00    -9.4603
  21140.00    -8.5914
  21150.00    -8.9741
  21160.00    -9.1428
  21170.00    -9.3216
  21180.00    -9.3653
  21190.00    -9.0795
  21200.00    -8.8166
  21210.00    -9.3227
  21220.00    -9.1035
  21230.00    -9.7273
  21240.00    -9.1430
  21250.00    -9.4728
  21260.00    -8.8522
  21270.00    -9.0555
  21280.00    -8.7161
  21290.00    -9.0677
  21300.00    -8.1664
  21310.00    -8.7977
  21320.00    -8.6075
  21330.00    -8.7562
  21340.00    -9.0668
  21350.00    -9.2939
  21360.00    -9.1283
  21370.00    -8.9777
  21380.00    -8.9449
  21390.00    -8.8732
  21400.00    -9.0135
  21410.00    -8.6685
  21420.00    -9.3718
  21430.00    -8.8686
  21440.00    -9.1573
  21450.00    -8.7995
  21460.00    -9.4760
  21470.00    -8.6336
  21480.00    -8.6264
  21490.00    -9.3047
  21500.00    -9.2937
  21510.00    -8.7609
  21520.00    -9.1636
  21530.00    -9.1470
  21540.00    -9.2435
  21550.00    -9.1147
  21560.00    -9.0881
  21570.00    -8.7803
  21580.00    -8.9234
  21590.00    -9.0919
  21600.00    -8.7282
  21610.00    -9.1974
  21620.00    -9.0212
  21630.00    -8.9341
  21640.00    -9.2399
  21650.00    -8.9976
  21660.00    -9.0210
  21670.00    -8.8389
  21680.00    -9.7439
  21690.00    -8.7851
  21700.00    -8.7276
  21710.00    -8.7542
  21720.00    -8.7459
  21730.00    -8.6838
  21740.00    -9.4407
  21750.00    -8.8433
  21760.00    -9.2021
  21770.00    -9.5816
  21780.00    -9.6524
  21790.00    -9.2744
  21800.00    -8.8114
  21810.00    -8.9968
  21820.00    -9.4371
  21830.00    -9.6349
  21840.00    -9.0467
  21850.00    -8.9973
  21860.00    -9.0371
  21870.00    -9.0131
  21880.00    -8.8087
  21890.00    -8.6041
  21900.00    -9.3383
  21910.00    -8.9263
  21920.00    -9.0786
  21930.00    -9.0688
  21940.00    -8.9607
  21950.00    -8.8796
  21960.00    -9.1601
  21970.00    -9.0645
  21980.00    -9.1639
  21990.00    -8.3026
  22000.00    -8.9014
  22010.00    -9.2584
  22020.00    -8.9028
  22030.00    -8.7711
  22040.00    -8.7725
  22050.00    -9.4039
  22060.00    -9.0924
  22070.00    -8.8042
  22080.00    -9.1126
  22090.00    -8.9283
  22100.00    -8.8489
  22110.00    -9.0328
  22120.00    -8.7399
  22130.00    -8.7517
  22140.00    -9.1750
  22150.00    -8.6850
  22160.00    -9.3434
  22170.00    -8.9925
  22180.00    -8.8129
  22190.00    -8.8261
  22200.00    -9.7342
  22210.00    -8.8234
  22220.00    -9.1000
  22230.00    -9.0460
  22240.00    -8.9596
  22250.00    -9.2038
  22260.00    -9.0466
  22270.00    -8.9232
  22280.00    -9.2713
  22290.00    -8.9899
  22300.00    -8.5935
  22310.00    -8.8589
  22320.00    -9.0850
  22330.00    -9.3599
  22340.00    -8.9067
  22350.00    -8.7527
  22360.00    -8.7381
  22370.00    -8.8651
  22380.00    -8.7486
  22390.00    -8.7089
  22400.00    -9.1820
  22410.00    -8.9179
  22420.00    -8.8252
  22430.00    -8.0920
  22440.00    -8.8656
  22450.00    -8.7413
  22460.00    -8.7753
  22470.00    -8.6960
  22480.00    -8.7893
  22490.00    -9.1124
  22500.00    -9.0990
  22510.00    -8.7081
  22520.00    -9.0623
  22530.00    -8.6720
  22540.00    -8.4854
  22550.00    -8.8365
  22560.00    -8.7526
  22570.00    -8.9149
  22580.00    -9.0844
  22590.00    -8.9267
  22600.00    -9.1358
  22610.00    -8.9960
  22620.00    -9.1640
  22630.00    -8.9979
  22640.00    -8.8697
  22650.00    -9.3441
  22660.00    -8.7851
  22670.00    -9.3629
  22680.00    -8.9071
  22690.00    -8.9487
  22700.00    -8.8386
  22710.00    -8.9861
  22720.00    -8.7478
  22730.00    -8.9783
  22740.00    -9.3935
  22750.00    -9.2262
  22760.00    -8.7226
  22770.00    -9.1242
  22780.00    -9.2565
  22790.00    -9.0455
  22800.00    -8.9930
  22810.00    -8.8604
  22820.00    -9.3914
  22830.00    -9.3145
  22840.00    -9.4270
  22850.00    -9.2676
  22860.00    -9.5265
  22870.00    -9.4240
  22880.00    -9.2724
  22890.00    -9.6598
  22900.00    -9.2222
  22910.00    -9.3020
  22920.00    -9.3294
  22930.00    -9.1742
  22940.00    -9.6653
  22950.00    -9.4262
  22960.00    -8.7247
  22970.00    -8.8899
  22980.00    -9.2253
  22990.00    -8.8101
  23000.00    -9.1381
  23010.00    -9.1814
  23020.00    -8.7736
  23030.00    -8.9146
  23040.00    -8.8528
  23050.00    -9.3594
  23060.00    -8.9669
  23070.00    -8.9978
  23080.00    -9.0180
  23090.00    -9.0842
  23100.00    -8.7172
  23110.00    -9.2538
  23120.00    -9.2679
  23130.00    -9.2939
  23140.00    -8.9850
  23150.00    -8.9727
  23160.00    -9.0949
  23170.00    -9.0091
  23180.00    -8.5671
  23190.00    -8.6383
  23200.00    -8.4702
  23210.00    -8.3400
  23220.00    -8.9425
  23230.00    -8.9943
  23240.00    -8.6694
  23250.00    -9.2068
  23260.00    -8.7517
  23270.00    -8.9014
  23280.00    -8.9800
  23290.00    -8.8798
  23300.00    -8.9521
  23310.00    -8.5299
  23320.00    -8.7572
  23330.00    -8.9469
  23340.00    -8.4881
  23350.00    -8.5554
  23360.00    -9.3067
  23370.00    -9.4416
  23380.00    -8.9364
  23390.00    -9.7591
  23400.00    -9.3393
  23410.00    -8.9414
  23420.00    -8.8965
  23430.00    -9.0488
  23440.00    -8.6585
  23450.00    -9.2577
  23460.00    -8.8889
  23470.00    -9.1274
  23480.00    -8.8553
  23490.00    -8.7832
  23500.00    -9.1117
  23510.00    -8.4975
  23520.00    -8.5410
  23530.00    -9.4092
  23540.00    -8.8409
  23550.00    -8.5510
  23560.00    -8.5632
  23570.00    -8.5641
  23580.00    -8.8109
  23590.00    -9.1839
  23600.00    -9.3458
  23610.00    -9.0395
  23620.00    -8.9086
  23630.00    -8.7177
  23640.00    -9.1214
  23650.00    -9.1681
  23660.00    -8.7266
  23670.00    -8.7787
  23680.00    -8.9262
  23690.00    -8.6389
  23700.00    -8.6642
  23710.00    -9.3209
  23720.00    -9.1378
  23730.00    -9.2385
  23740.00    -9.1767
  23750.00    -8.9637
  23760.00    -9.2237
  23770.00    -9.3193
  23780.00    -9.2439
  23790.00    -8.8945
  23800.00    -8.7869
  23810.00    -8.7782
  23820.00    -9.0185
  23830.00    -8.4544
  23840.00    -9.0449
  23850.00    -9.2128
  23860.00    -9.3383
  23870.00    -9.0036
  23880.00    -8.9035
  23890.00    -8.8093
  23900.00    -9.0707
  23910.00    -8.5000
  23920.00    -9.3644
  23930.00    -8.6866
  23940.00    -9.2693
  23950.00    -9.0860
  23960.00    -8.9045
  23970.00    -8.7853
  23980.00    -9.2380
  23990.00    -8.3317
  24000.00    -8.9556
  24010.00    -8.9248
  24020.00    -8.9953
  24030.00    -9.0644
  24040.00    -9.1043
  24050.00    -9.0832
  24060.00    -9.0710
  24070.00    -9.2937
  24080.00    -8.8673
  24090.00    -8.8254
  24100.00    -9.1832
  24110.00    -9.4473
  24120.00    -8.8020
  24130.00    -8.7497
  24140.00    -8.3874
  24150.00    -8.4881
  24160.00    -9.2301
  24170.00    -9.0706
  24180.00    -9.3090
  24190.00    -9.2587
  24200.00    -8.8209
  24210.00    -8.8093
  24220.00    -8.7280
  24230.00    -9.0972
  24240.00    -8.9749
  24250.00    -8.8661
  24260.00    -8.7892
  24270.00    -8.7842
  24280.00    -9.1732
  24290.00    -8.7458
  24300.00    -9.5086
  24310.00    -8.8879
  24320.00    -8.9579
  24330.00    -9.0078
  24340.00    -8.8767
  24350.00    -8.5826
  24360.00    -9.1902
  24370.00    -8.7863
  24380.00    -8.8301
  24390.00    -8.4723
  24400.00    -8.5475
  24410.00    -8.7194
  24420.00    -8.6665
  24430.00    -8.9171
  24440.00    -8.8425
  24450.00    -8.9516
  24460.00    -8.8983
  24470.00    -8.7954
  24480.00    -8.8213
  24490.00    -9.3039
  24500.00    -8.9225
  24510.00    -8.7444
  24520.00    -8.8754
  24530.00    -9.0353
  24540.00    -9.2825
  24550.00    -8.8602
  24560.00    -8.9894
  24570.00    -9.3710
  24580.00    -8.6856
  24590.00    -8.7276
  24600.00    -8.5268
  24610.00    -8.4228
  24620.00    -9.4219
  24630.00    -8.8592
  24640.00    -8.9878
  24650.00    -9.2602
  24660.00    -8.8517
  24670.00    -8.8397
  24680.00    -9.3353
  24690.00    -8.2524
  24700.00    -8.9880
  24710.00    -9.3377
  24720.00    -8.7049
  24730.00    -8.6891
  24740.00    -8.8129
  24750.00    -9.0452
  24760.00    -9.3828
  24770.00    -9.4362
  24780.00    -8.8089
  24790.00    -9.2638
  24800.00    -8.8098
  24810.00    -9.3786
  24820.00    -8.8347
  24830.00    -9.4248
  24840.00    -8.7275
  24850.00    -9.1325
  24860.00    -8.7693
  24870.00    -9.1716
  24880.00    -8.8837
  24890.00    -9.2789
  24900.00    -9.6313
  24910.00    -9.6855
  24920.00    -9.9319
  24930.00    -9.6739
  24940.00    -9.7275
  24950.00    -8.9672
  24960.00    -9.3436
  24970.00    -9.1126
  24980.00    -9.0042
  24990.00    -8.8071
  25000.00    -9.6636
  25010.00    -9.5522
  25020.00    -8.6904
  25030.00    -9.1860
  25040.00    -8.9872
  25050.00    -8.9301
  25060.00    -8.8334
  25070.00    -9.0674
  25080.00    -8.9012
  25090.00    -8.6789
  25100.00    -9.0161
  25110.00    -8.8106
  25120.00    -8.8579
  25130.00    -8.8351
  25140.00    -9.3285
  25150.00    -8.7175
  25160.00    -8.8572
  25170.00    -9.2200
  25180.00    -8.8457
  25190.00    -8.0841
  25200.00    -9.0005
  25210.00    -9.1661
  25220.00    -9.3081
  25230.00    -9.2914
  25240.00    -9.2973
  25250.00    -9.1842
  25260.00    -8.8623
  25270.00    -8.6219
  25280.00    -9.4309
  25290.00    -8.8911
  25300.00    -9.1534
  25310.00    -9.0409
  25320.00    -9.1668
  25330.00    -8.9708
  25340.00    -9.0390
  25350.00    -8.6435
  25360.00    -9.1587
  25370.00    -9.2534
  25380.00    -8.7706
  25390.00    -9.0073
  25400.00    -9.0357
  25410.00    -9.0289
  25420.00    -8.9972
  25430.00    -9.4941
  25440.00    -9.0267
  25450.00    -8.6620
  25460.00    -9.1039
  25470.00    -9.1264
  25480.00    -8.8825
  25490.00    -9.5490
  25500.00    -8.6857
  25510.00    -9.3193
  25520.00    -9.4437
  25530.00    -8.8443
  25540.00    -8.8217
  25550.00    -8.8927
  25560.00    -8.9721
  25570.00    -8.8879
  25580.00    -9.4173
  25590.00    -9.0351
  25600.00    -8.8635
  25610.00    -8.7963
  25620.00    -9.1954
  25630.00    -9.4609
  25640.00    -9.2396
  25650.00    -9.0867
  25660.00    -8.6443
  25670.00    -9.0847
  25680.00    -9.0262
  25690.00    -9.1818
  25700.00    -9.5131
  25710.00    -9.5740
  25720.00    -8.9485
  25730.00    -8.8059
  25740.00    -9.1014
  25750.00    -8.9559
  25760.00    -8.6636
  25770.00    -8.9807
  25780.00    -8.4055
  25790.00    -9.2047
  25800.00    -8.7420
  25810.00    -8.8340
  25820.00    -8.9649
  25830.00    -8.8337
  25840.00    -8.6205
  25850.00    -8.9076
  25860.00    -8.8192
  25870.00    -8.7205
  25880.00    -9.1086
  25890.00    -8.6276
  25900.00    -9.4292
  25910.00    -9.4047
  25920.00    -9.3090
  25930.00    -8.9808
  25940.00    -9.6067
  25950.00    -8.7936
  25960.00    -8.6269
  25970.00    -8.9587
  25980.00    -8.9985
  25990.00    -8.9926
  26000.00    -9.0308
  26010.00    -8.9710
  26020.00    -9.2888
  26030.00    -8.6403
  26040.00    -8.0580
  26050.00    -8.5098
  26060.00    -8.6916
  26070.00    -8.9596
  26080.00    -9.1178
  26090.00    -8.8642
  26100.00    -9.3780
  26110.00    -9.5588
  26120.00    -9.0802
  26130.00    -8.5645
  26140.00    -8.8428
  26150.00    -9.1218
  26160.00    -8.7278
  26170.00    -8.4056
  26180.00    -9.1657
  26190.00    -9.1039
  26200.00    -8.9863
  26210.00    -9.1673
  26220.00    -8.8738
  26230.00    -8.8944
  26240.00    -8.7095
  26250.00    -8.8563
  26260.00    -9.1807
  26270.00    -8.9308
  26280.00    -9.2423
  26290.00    -9.2261
  26300.00    -9.0653
  26310.00    -8.3541
  26320.00    -8.8794
  26330.00    -8.8307
  26340.00    -8.9961
  26350.00    -9.2675
  26360.00    -9.1131
  26370.00    -9.4154
  26380.00    -9.1283
  26390.00    -9.0456
  26400.00    -8.7148
  26410.00    -8.9513
  26420.00    -9.5434
  26430.00    -8.9985
  26440.00    -8.8441
  26450.00    -8.8634
  26460.00    -9.2415
  26470.00    -9.1248
  26480.00    -8.8235
  26490.00    -8.4123
  26500.00    -8.7122
  26510.00    -9.2253
  26520.00    -8.4435
  26530.00    -9.5347
  26540.00    -9.3907
  26550.00    -9.4811
  26560.00    -9.0129
  26570.00    -8.5330
  26580.00    -8.7834
  26590.00    -9.4999
  26600.00    -9.1150
  26610.00    -8.9068
  26620.00    -8.4961
  26630.00    -8.6291
  26640.00    -9.1913
  26650.00    -9.2553
  26660.00    -9.2519
  26670.00    -9.4811
  26680.00    -9.4624
  26690.00    -9.0140
  26700.00    -8.6501
  26710.00    -8.7532
  26720.00    -8.7708
  26730.00    -8.5210
  26740.00    -9.0084
  26750.00    -9.1641
  26760.00    -9.0161
  26770.00    -9.4928
  26780.00    -9.2589
  26790.00    -9.5264
  26800.00    -9.5438
  26810.00    -8.8437
  26820.00    -9.2540
  26830.00    -9.2450
  26840.00    -9.0450
  26850.00    -8.4985
  26860.00    -9.1653
  26870.00    -8.8969
  26880.00    -9.1194
  26890.00    -8.8445
  26900.00    -9.5873
  26910.00    -9.3466
  26920.00    -9.6261
  26930.00    -9.3198
  26940.00    -8.9268
  26950.00    -8.6443
  26960.00    -8.6827
  26970.00    -9.6622
  26980.00    -9.4104
  26990.00    -9.4822
  27000.00    -8.7148
  27010.00    -8.8030
  27020.00    -9.3939
  27030.00    -8.8875
  27040.00    -8.6869
  27050.00    -8.6702
  27060.00    -8.8477
  27070.00    -9.4422
  27080.00    -8.8493
  27090.00    -9.0708
  27100.00    -9.1864
  27110.00    -8.7175
  27120.00    -8.8126
  27130.00    -8.8054
  27140.00    -8.6822
  27150.00    -9.2472
  27160.00    -8.7003
  27170.00    -9.1555
  27180.00    -8.7858
  27190.00    -8.8153
  27200.00    -8.4984
  27210.00    -9.1402
  27220.00    -8.5483
  27230.00    -9.2395
  27240.00    -8.9867
  27250.00    -8.7935
  27260.00    -9.0473
  27270.00    -9.1694
  27280.00    -8.8464
  27290.00    -9.4956
  27300.00    -9.2534
  27310.00    -8.8152
  27320.00    -9.0619
  27330.00    -9.7844
  27340.00    -8.9689
  27350.00    -9.4433
  27360.00    -9.0514
  27370.00    -9.2480
  27380.00    -9.3870
  27390.00    -8.7186
  27400.00    -8.7197
  27410.00    -9.1550
  27420.00    -9.3001
  27430.00    -9.3603
  27440.00    -9.4681
  27450.00    -8.8944
  27460.00    -8.5672
  27470.00    -8.9994
  27480.00    -9.2389
  27490.00    -9.1789
  27500.00    -9.0021
  27510.00    -9.5883
  27520.00    -8.8606
  27530.00    -9.0679
  27540.00    -9.0217
  27550.00    -8.9533
  27560.00    -9.2276
  27570.00    -8.5991
  27580.00    -9.2321
  27590.00    -8.8648
  27600.00    -8.7031
  27610.00    -9.3450
  27620.00    -8.7160
  27630.00    -9.4877
  27640.00    -8.6616
  27650.00    -8.9242
  27660.00    -8.8059
  27670.00    -9.0808
  27680.00    -9.1389
  27690.00    -8.8285
  27700.00    -9.1659
  27710.00    -9.2478
  27720.00    -8.9781
  27730.00    -8.7196
  27740.00    -9.1281
  27750.00    -9.1084
  27760.00    -9.1710
  27770.00    -9.0356
  27780.00    -9.2731
  27790.00    -8.8060
  27800.00    -9.2653
  27810.00    -9.7277
  27820.00    -8.7523
  27830.00    -9.1290
  27840.00    -9.0346
  27850.00    -9.1817
  27860.00    -9.0618
  27870.00    -9.2992
  27880.00    -9.0171
  27890.00    -9.0356
  27900.00    -8.7698
  27910.00    -8.7011
  27920.00    -9.2159
  27930.00    -8.9251
  27940.00    -9.1039
  27950.00    -9.0278
  27960.00    -9.1402
  27970.00    -8.4430
  27980.00    -9.1073
  27990.00    -9.6042
  28000.00    -9.0558
  28010.00    -9.0499
  28020.00    -9.3701
  28030.00    -9.2883
  28040.00    -9.0642
  28050.00    -8.9977
  28060.00    -8.7933
  28070.00    -8.9652
  28080.00    -8.9365
  28090.00    -8.6126
  28100.00    -8.6140
  28110.00    -8.5065
  28120.00    -8.7843
  28130.00    -8.3704
  28140.00    -8.9542
  28150.00    -8.6134
  28160.00    -8.9529
  28170.00    -9.0510
  28180.00    -8.8459
  28190.00    -8.6715
  28200.00    -8.7331
  28210.00    -8.8935
  28220.00    -9.0058
  28230.00    -9.2318
  28240.00    -8.7917
  28250.00    -9.2200
  28260.00    -8.5388
  28270.00    -8.9231
  28280.00    -8.6572
  28290.00    -9.1044
  28300.00    -8.4332
  28310.00    -8.9855
  28320.00    -8.9569
  28330.00    -8.7740
  28340.00    -8.9297
  28350.00    -8.8924
  28360.00    -8.9078
  28370.00    -9.1339
  28380.00    -8.7080
  28390.00    -9.0022
  28400.00    -8.5193
  28410.00    -8.9139
  28420.00    -9.0153
  28430.00    -8.7305
  28440.00    -9.2114
  28450.00    -8.4483
  28460.00    -8.8798
  28470.00    -9.4250
  28480.00    -9.2525
  28490.00    -9.1856
  28500.00    -9.0097
  28510.00    -8.7510
  28520.00    -8.5506
  28530.00    -9.0303
  28540.00    -8.7987
  28550.00    -9.1685
  28560.00    -9.0292
  28570.00    -8.9772
  28580.00    -9.0625
  28590.00    -9.0557
  28600.00    -9.1394
  28610.00    -9.2019
  28620.00    -8.8684
  28630.00    -8.9502
  28640.00    -9.2278
  28650.00    -8.5566
  28660.00    -9.1795
  28670.00    -8.5379
  28680.00    -8.2890
  28690.00    -8.8762
  28700.00    -8.8633
  28710.00    -8.8521
  28720.00    -9.4861
  28730.00    -9.3179
  28740.00    -9.3426
  28750.00    -8.9810
  28760.00    -8.6461
  28770.00    -9.1937
  28780.00    -8.7641
  28790.00    -9.2242
  28800.00    -9.4573
  28810.00    -8.4393
  28820.00    -8.9609
  28830.00    -9.2172
  28840.00    -8.8443
  28850.00    -8.9743
  28860.00    -8.7774
  28870.00    -9.2487
  28880.00    -8.8737
  28890.00    -9.1282
  28900.00    -8.4777
  28910.00    -9.2542
  28920.00    -9.2200
  28930.00    -9.4749
  28940.00    -9.3540
  28950.00    -9.4957
  28960.00    -9.0992
  28970.00    -9.4833
  28980.00    -9.5694
  28990.00    -9.1089
  29000.00    -9.3178
  29010.00    -9.0445
  29020.00    -9.0371
  29030.00    -8.8569
  29040.00    -8.4873
  29050.00    -8.9022
  29060.00    -8.9024
  29070.00    -9.0253
  29080.00    -8.9255
  29090.00    -9.3232
  29100.00    -9.2443
  29110.00    -9.0698
  29120.00    -9.0808
  29130.00    -9.5266
  29140.00    -9.2085
  29150.00    -9.1755
  29160.00    -9.3926
  29170.00    -9.0583
  29180.00    -9.2187
  29190.00    -8.9127
  29200.00    -8.9682
  29210.00    -8.8927
  29220.00    -8.8112
  29230.00    -8.7390
  29240.00    -8.7907
  29250.00    -9.6185
  29260.00    -8.8289
  29270.00    -9.1383
  29280.00    -9.1250
  29290.00    -8.6375
  29300.00    -8.0609
  29310.00    -8.9844
  29320.00    -8.9997
  29330.00    -9.2826
  29340.00    -8.8306
  29350.00    -9.4165
  29360.00    -9.1843
  29370.00    -9.1018
  29380.00    -9.0459
  29390.00    -8.9336
  29400.00    -8.9087
  29410.00    -8.6888
  29420.00    -9.4990
  29430.00    -9.0749
  29440.00    -8.9910
  29450.00    -9.2142
  29460.00    -8.8789
  29470.00    -8.9303
  29480.00    -8.7116
  29490.00    -8.4595
  29500.00    -8.4435
  29510.00    -8.8908
  29520.00    -8.7660
  29530.00    -8.4591
  29540.00    -8.9678
  29550.00    -9.3875
  29560.00    -8.7519
  29570.00    -8.9747
  29580.00    -9.0229
  29590.00    -9.2935
  29600.00    -9.4437
  29610.00    -9.3403
  29620.00    -8.6378
  29630.00    -8.8736
  29640.00    -9.1668
  29650.00    -9.3355
  29660.00    -8.4235
  29670.00    -8.6658
  29680.00    -8.9186
  29690.00    -8.5268
  29700.00    -8.6766
  29710.00    -9.2512
  29720.00    -9.6149
  29730.00    -9.2400
  29740.00    -9.4356
  29750.00    -9.2478
  29760.00    -9.1892
  29770.00    -9.0661
  29780.00    -9.2806
  29790.00    -8.8186
  29800.00    -8.8041
  29810.00    -9.3062
  29820.00    -9.2986
  29830.00    -9.5417
  29840.00    -8.9903
  29850.00    -8.9792
  29860.00    -9.0986
  29870.00    -9.0193
  29880.00    -8.8044
  29890.00    -8.8888
  29900.00    -9.3406
  29910.00    -8.9658
  29920.00    -9.0316
  29930.00    -8.8167
  29940.00    -9.2512
  29950.00    -8.7201
  29960.00    -8.6666
  29970.00    -9.2148
  29980.00    -8.9720
  29990.00    -9.4096
  30000.00    -9.0418
  30010.00    -8.5138
  30020.00    -8.8991
  30030.00    -8.6238
  30040.00    -8.5928
  30050.00    -8.8416
  30060.00    -8.9457
  30070.00    -8.8346
  30080.00    -8.8864
  30090.00    -8.5533
  30100.00    -9.2329
  30110.00    -9.1324
  30120.00    -9.3094
  30130.00    -8.7648
  30140.00    -9.0306
  30150.00    -8.5324
  30160.00    -8.8085
  30170.00    -8.8938
  30180.00    -8.9146
  30190.00    -9.1181
  30200.00    -8.5767
  30210.00    -9.0968
  30220.00    -8.7667
  30230.00    -9.1819
  30240.00    -9.2240
  30250.00    -9.0780
  30260.00    -8.8922
  30270.00    -9.2647
  30280.00    -8.8046
  30290.00    -8.5700
  30300.00    -8.8243
  30310.00    -9.0360
  30320.00    -8.8536
  30330.00    -8.8248
  30340.00    -8.5382
  30350.00    -8.9865
  30360.00    -8.5481
  30370.00    -8.9794
  30380.00    -8.8189
  30390.00    -8.6512
  30400.00    -9.0871
  30410.00    -9.3391
  30420.00    -9.2967
  30430.00    -9.2202
  30440.00    -9.3017
  30450.00    -8.7918
  30460.00    -8.9272
  30470.00    -9.2548
  30480.00    -8.7047
  30490.00    -8.6326
  30500.00    -8.8992
  30510.00    -9.2662
  30520.00    -9.1503
  30530.00    -8.9434
  30540.00    -8.8302
  30550.00    -8.8682
  30560.00    -8.9332
  30570.00    -8.8830
  30580.00    -8.4811
  30590.00    -8.7066
  30600.00    -9.3903
  30610.00    -8.9883
  30620.00    -8.6938
  30630.00    -9.5037
  30640.00    -9.1503
  30650.00    -9.1303
  30660.00    -8.8549
  30670.00    -8.6287
  30680.00    -8.7931
  30690.00    -9.1078
  30700.00    -9.0556
  30710.00    -8.9022
  30720.00    -9.0099
  30730.00    -8.8087
  30740.00    -9.0877
  30750.00    -8.6670
  30760.00    -8.7628
  30770.00    -9.1558
  30780.00    -9.7591
  30790.00    -9.1756
  30800.00    -8.9789
  30810.00    -9.3027
  30820.00    -9.4316
  30830.00    -8.9771
  30840.00    -8.9832
  30850.00    -9.2074
  30860.00    -9.1506
  30870.00    -9.1365
  30880.00    -9.3634
  30890.00    -8.8065
  30900.00    -9.2305
  30910.00    -9.0549
  30920.00    -9.1590
  30930.00    -8.7684
  30940.00    -8.9953
  30950.00    -9.8235
  30960.00    -8.8686
  30970.00    -8.9430
  30980.00    -9.2806
  30990.00    -8.9403
  31000.00    -9.3835
  31010.00    -9.3280
  31020.00    -9.3033
  31030.00    -9.0388
  31040.00    -8.9620
  31050.00    -8.9731
  31060.00    -8.8035
  31070.00    -8.8251
  31080.00    -8.6432
  31090.00    -8.7428
  31100.00    -8.8029
  31110.00    -9.3242
  31120.00    -9.4037
  31130.00    -9.4632
  31140.00    -8.7114
  31150.00    -8.9806
  31160.00    -8.9009
  31170.00    -8.8794
  31180.00    -9.0283
  31190.00    -9.0423
  31200.00    -9.0008
  31210.00    -9.4384
  31220.00    -9.2943
  31230.00    -9.1795
  31240.00    -8.8519
  31250.00    -9.6749
  31260.00    -9.2413
  31270.00    -9.2067
  31280.00    -9.2526
  31290.00    -9.3332
  31300.00    -9.1928
  31310.00    -9.0876
  31320.00    -8.5721
  31330.00    -9.0286
  31340.00    -9.2992
  31350.00    -8.5817
  31360.00    -9.1879
  31370.00    -9.6208
  31380.00    -9.3695
  31390.00    -8.7475
  31400.00    -8.8955
  31410.00    -8.7758
  31420.00    -8.9282
  31430.00    -8.9638
  31440.00    -9.4514
  31450.00    -8.9406
  31460.00    -8.7020
  31470.00    -9.2564
  31480.00    -9.2377
  31490.00    -8.6767
  31500.00    -9.0500
  31510.00    -9.3053
  31520.00    -9.3975
  31530.00    -8.7881
  31540.00    -9.0717
  31550.00    -9.3890
  31560.00    -9.1537
  31570.00    -8.5576
  31580.00    -8.7325
  31590.00    -9.1286
  31600.00    -9.5870
  31610.00    -9.3261
  31620.00    -9.1747
  31630.00    -8.9121
  31640.00    -8.9404
  31650.00    -9.1236
  31660.00    -8.7984
  31670.00    -8.8152
  31680.00    -8.8558
  31690.00    -8.6780
  31700.00    -9.5155
  31710.00    -9.1168
  31720.00    -9.0842
  31730.00    -8.8608
  31740.00    -9.0613
  31750.00    -9.1518
  31760.00    -8.7344
  31770.00    -8.6989
  31780.00    -8.7853
  31790.00    -8.7085
  31800.00    -9.3205
  31810.00    -9.2003
  31820.00    -8.5917
  31830.00    -8.9903
  31840.00    -8.7579
  31850.00    -9.2221
  31860.00    -8.8965
  31870.00    -8.5084
  31880.00    -8.7568
  31890.00    -8.8629
  31900.00    -9.2587
  31910.00    -8.6154
  31920.00    -8.8525
  31930.00    -9.1045
  31940.00    -9.0180
  31950.00    -8.8951
  31960.00    -9.1410
  31970.00    -8.7740
  31980.00    -8.8523
  31990.00    -9.3233
  32000.00    -9.0635
  32010.00    -8.9934
  32020.00    -8.6863
  32030.00    -8.7570
  32040.00    -9.0680
  32050.00    -8.8073
  32060.00    -9.2238
  32070.00    -9.1242
  32080.00    -9.3477
  32090.00    -9.4288
  32100.00    -9.4099
  32110.00    -8.7730
  32120.00    -8.9156
  32130.00    -8.6736
  32140.00    -8.5054
  32150.00    -8.8616
  32160.00    -9.4882
  32170.00    -9.2306
  32180.00    -9.3457
  32190.00    -8.9214
  32200.00    -8.9250
  32210.00    -8.7445
  32220.00    -8.9334
  32230.00    -8.6043
  32240.00    -8.7141
  32250.00    -8.8992
  32260.00    -9.2153
  32270.00    -8.9539
  32280.00    -9.2984
  32290.00    -8.9877
  32300.00    -8.9310
  32310.00    -9.4432
  32320.00    -9.3410
  32330.00    -9.1605
  32340.00    -8.8863
  32350.00    -9.0003
  32360.00    -9.1338
  32370.00    -8.8323
  32380.00    -9.0582
  32390.00    -8.7538
  32400.00    -9.3200
  32410.00    -8.7061
  32420.00    -9.0754
  32430.00    -9.1417
  32440.00    -9.1074
  32450.00    -9.6574
  32460.00    -9.1326
  32470.00    -9.0984
  32480.00    -9.0632
  32490.00    -9.4921
  32500.00    -9.2761
  32510.00    -8.8658
  32520.00    -9.4320
  32530.00    -8.9080
  32540.00    -9.5071
  32550.00    -9.5757
  32560.00    -9.0203
  32570.00    -8.9576
  32580.00    -8.8488
  32590.00    -9.5215
  32600.00    -9.4577
  32610.00    -9.5219
  32620.00    -8.8438
  32630.00    -9.0709
  32640.00    -8.9987
  32650.00    -8.9714
  32660.00    -9.5412
  32670.00    -9.1148
  32680.00    -9.0342
  32690.00    -9.1357
  32700.00    -9.1760
  32710.00    -9.1834
  32720.00    -9.1625
  32730.00    -9.4026
  32740.00    -9.0721
  32750.00    -9.1654
  32760.00    -9.0362
  32770.00    -9.1772
  32780.00    -8.7295
  32790.00    -8.8403
  32800.00    -8.6167
  32810.00    -8.7787
  32820.00    -8.7213
  32830.00    -9.5286
  32840.00    -8.7104
  32850.00    -9.6431
  32860.00    -9.4505
  32870.00    -9.2599
  32880.00    -8.8803
  32890.00    -9.1531
  32900.00    -9.0617
  32910.00    -9.3601
  32920.00    -9.2418
  32930.00    -9.2600
  32940.00    -8.6617
  32950.00    -8.7865
  32960.00    -9.0098
  32970.00    -8.8922
  32980.00    -8.9662
  32990.00    -9.3558
  33000.00    -8.7546
  33010.00    -9.0744
  33020.00    -9.3265
  33030.00    -9.2660
  33040.00    -9.1398
  33050.00    -8.9362
  33060.00    -9.4524
  33070.00    -9.3903
  33080.00    -9.9830
  33090.00    -9.0758
  33100.00    -9.5515
  33110.00    -8.7972
  33120.00    -8.8589
  33130.00    -8.5369
  33140.00    -8.6047
  33150.00    -9.3353
  33160.00    -8.8693
  33170.00    -8.6061
  33180.00    -9.1414
  33190.00    -9.3518
  33200.00    -8.9459
  33210.00    -9.3806
  33220.00    -9.1832
  33230.00    -8.6455
  33240.00    -9.6074
  33250.00    -9.1175
  33260.00    -9.1792
  33270.00    -9.1884
  33280.00    -8.9636
  33290.00    -9.0129
  33300.00    -8.8249
  33310.00    -8.8192
  33320.00    -8.5954
  33330.00    -9.2189
  33340.00    -9.0332
  33350.00    -8.8681
  33360.00    -9.4236
  33370.00    -9.5733
  33380.00    -8.7807
  33390.00    -9.0955
  33400.00    -9.0896
  33410.00    -9.3319
  33420.00    -9.2162
  33430.00    -9.3393
  33440.00    -9.4365
  33450.00    -8.9599
  33460.00    -9.0928
  33470.00    -9.0131
  33480.00    -8.7979
  33490.00    -9.0002
  33500.00    -8.8841
  33510.00    -8.8121
  33520.00    -9.1853
  33530.00    -9.0575
  33540.00    -8.5460
  33550.00    -8.9586
  33560.00    -8.7359
  33570.00    -8.7684
  33580.00    -9.0040
  33590.00    -9.7233
  33600.00    -8.9021
  33610.00    -9.1828
  33620.00    -8.8933
  33630.00    -8.9163
  33640.00    -9.3180
  33650.00    -9.5044
  33660.00    -9.0852
  33670.00    -8.7951
  33680.00    -8.9153
  33690.00    -8.9487
  33700.00    -8.8158
  33710.00    -8.7817
  33720.00    -9.0043
  33730.00    -8.1942
  33740.00    -8.8990
  33750.00    -9.0499
  33760.00    -8.4526
  33770.00    -8.7935
  33780.00    -8.9165
  33790.00    -9.4629
  33800.00    -8.7964
  33810.00    -8.8230
  33820.00    -9.0864
  33830.00    -9.3075
  33840.00    -9.5766
  33850.00    -8.8639
  33860.00    -8.6700
  33870.00    -9.0768
  33880.00    -9.0123
  33890.00    -8.8774
  33900.00    -9.0814
  33910.00    -8.9894
  33920.00    -8.6811
  33930.00    -9.0469
  33940.00    -8.7455
  33950.00    -8.9251
  33960.00    -9.2914
  33970.00    -9.2149
  33980.00    -9.2360
  33990.00    -9.2884
  34000.00    -9.2902
  34010.00    -8.8936
  34020.00    -8.8272
  34030.00    -9.2940
  34040.00    -9.4049
  34050.00    -9.1473
  34060.00    -9.1940
  34070.00    -9.2933
  34080.00    -9.1099
  34090.00    -8.8860
  34100.00    -8.8428
  34110.00    -9.0661
  34120.00    -8.9809
  34130.00    -9.4826
  34140.00    -9.5052
  34150.00    -8.7151
  34160.00    -9.2123
  34170.00    -9.2187
  34180.00    -8.8462
  34190.00    -8.9137
  34200.00    -8.6140
  34210.00    -9.2234
  34220.00    -8.9103
  34230.00    -8.2860
  34240.00    -8.5080
  34250.00    -9.1533
  34260.00    -8.9158
  34270.00    -9.5351
  34280.00    -9.0147
  34290.00    -9.1211
  34300.00    -8.9520
  34310.00    -8.6747
  34320.00    -8.9891
  34330.00    -8.9128
  34340.00    -8.9006
  34350.00    -8.8714
  34360.00    -9.3394
  34370.00    -9.0354
  34380.00    -8.9153
  34390.00    -8.6076
  34400.00    -8.7863
  34410.00    -9.1679
  34420.00    -8.7254
  34430.00    -9.0381
  34440.00    -8.9911
  34450.00    -9.3864
  34460.00    -8.7688
  34470.00    -9.6213
  34480.00    -9.1905
  34490.00    -9.0992
  34500.00    -8.9383
  34510.00    -9.3286
  34520.00    -9.2439
  34530.00    -9.2197
  34540.00    -8.6069
  34550.00    -8.5501
  34560.00    -8.9561
  34570.00    -9.3987
  34580.00    -9.4792
  34590.00    -9.0655
  34600.00    -8.6914
  34610.00    -9.0565
  34620.00    -8.9902
  34630.00    -9.1384
  34640.00    -8.3387
  34650.00    -9.2967
  34660.00    -8.7452
  34670.00    -9.0152
  34680.00    -8.7307
  34690.00    -9.3252
  34700.00    -9.1226
  34710.00    -9.0558
  34720.00    -8.8689
  34730.00    -9.1121
  34740.00    -9.0809
  34750.00    -9.5187
  34760.00    -9.3131
  34770.00    -8.7888
  34780.00    -8.6746
  34790.00    -8.6117
  34800.00    -9.2213
  34810.00    -9.0199
  34820.00    -9.2258
  34830.00    -8.3573
  34840.00    -8.9451
  34850.00    -9.2518
  34860.00    -9.0848
  34870.00    -8.9652
  34880.00    -8.9151
  34890.00    -8.9766
  34900.00    -8.9784
  34910.00    -8.8235
  34920.00    -9.3391
  34930.00    -8.9831
  34940.00    -9.6993
  34950.00    -9.3665
  34960.00    -9.4954
  34970.00    -9.1648
  34980.00    -8.8315
  34990.00    -8.9409
  35000.00    -8.5400
  35010.00    -8.4554
  35020.00    -8.9194
  35030.00    -8.5772
  35040.00    -9.3082
  35050.00    -9.2343
  35060.00    -9.0647
  35070.00    -9.0254
  35080.00    -9.2201
  35090.00    -9.0667
  35100.00    -9.2235
  35110.00    -9.0331
  35120.00    -9.6095
  35130.00    -9.0517
  35140.00    -9.2680
  35150.00    -9.2309
  35160.00    -9.0477
  35170.00    -9.4405
  35180.00    -9.1133
  35190.00    -8.9871
  35200.00    -8.9907
  35210.00    -9.5651
  35220.00    -9.0556
  35230.00    -9.1839
  35240.00    -9.4523
  35250.00    -9.2148
  35260.00    -9.1370
  35270.00    -9.4650
  35280.00    -8.6127
  35290.00    -9.3871
  35300.00    -8.8842
  35310.00    -9.4080
  35320.00    -8.6457
  35330.00    -9.1316
  35340.00    -9.1120
  35350.00    -8.9743
  35360.00    -9.2209
  35370.00    -8.8199
  35380.00    -8.9069
  35390.00    -9.0860
  35400.00    -9.4285
  35410.00    -9.3707
  35420.00    -8.2944
  35430.00    -9.2213
  35440.00    -8.8076
  35450.00    -9.2031
  35460.00    -8.8969
  35470.00    -8.6089
  35480.00    -9.0895
  35490.00    -8.7862
  35500.00    -9.1017
  35510.00    -8.8035
  35520.00    -8.8575
  35530.00    -8.8888
  35540.00    -9.1103
  35550.00    -8.6279
  35560.00    -8.8874
  35570.00    -9.0249
  35580.00    -9.4327
  35590.00    -9.0364
  35600.00    -8.7321
  35610.00    -8.8834
  35620.00    -9.3215
  35630.00    -9.1785
  35640.00    -9.3979
  35650.00    -8.4223
  35660.00    -9.2444
  35670.00    -9.5069
  35680.00    -9.0501
  35690.00    -9.1884
  35700.00    -8.7109
  35710.00    -8.8753
  35720.00    -8.5077
  35730.00    -9.2416
  35740.00    -9.2579
  35750.00    -8.9782
  35760.00    -9.4290
  35770.00    -9.1509
  35780.00    -9.4018
  35790.00    -9.3063
  35800.00    -9.5301
  35810.00    -9.4763
  35820.00    -9.7231
  35830.00    -9.4343
  35840.00    -8.9005
  35850.00    -9.3288
  35860.00    -9.6247
  35870.00    -9.7466
  35880.00    -9.1380
  35890.00    -9.6916
  35900.00    -8.7995
  35910.00    -9.2139
  35920.00    -8.8249
  35930.00    -9.1076
  35940.00    -9.3772
  35950.00    -9.3595
  35960.00    -9.2303
  35970.00    -9.0391
  35980.00    -9.2312
  35990.00    -8.6612
  36000.00    -9.0976
  36010.00    -9.2223
  36020.00    -8.7800
  36030.00    -8.7560
  36040.00    -9.2996
  36050.00    -9.0224
  36060.00    -9.0791
  36070.00    -9.1107
  36080.00    -9.2393
  36090.00    -9.2896
  36100.00    -9.2842
  36110.00    -9.2324
  36120.00    -9.2504
  36130.00    -9.0079
  36140.00    -9.1146
  36150.00    -8.7556
  36160.00    -8.8550
  36170.00    -8.8783
  36180.00    -9.2498
  36190.00    -8.8425
  36200.00    -8.8311
  36210.00    -8.8113
  36220.00    -9.1004
  36230.00    -8.9460
  36240.00    -9.0963
  36250.00    -9.2125
  36260.00    -8.9053
  36270.00    -8.4108
  36280.00    -8.8402
  36290.00    -9.0011
  36300.00    -8.7331
  36310.00    -9.0521
  36320.00    -9.4164
  36330.00    -9.1970
  36340.00    -9.0402
  36350.00    -8.2914
  36360.00    -8.8956
  36370.00    -8.9723
  36380.00    -9.0578
  36390.00    -9.3681
  36400.00    -9.0491
  36410.00    -8.6057
  36420.00    -8.8921
  36430.00    -9.5573
  36440.00    -8.7119
  36450.00    -9.1158
  36460.00    -8.5612
  36470.00    -8.8605
  36480.00    -9.3093
  36490.00    -9.0569
  36500.00    -8.6025
  36510.00    -9.3062
  36520.00    -8.8292
  36530.00    -9.2855
  36540.00    -8.7975
  36550.00    -9.1678
  36560.00    -9.0951
  36570.00    -9.1607
  36580.00    -9.7409
  36590.00    -8.9985
  36600.00    -9.0956
  36610.00    -8.9986
  36620.00    -9.4736
  36630.00    -8.8085
  36640.00    -8.7537
  36650.00    -8.6759
  36660.00    -9.1423
  36670.00    -8.2847
  36680.00    -9.3620
  36690.00    -9.3328
  36700.00    -9.4367
  36710.00    -9.4277
  36720.00    -9.2531
  36730.00    -9.0226
  36740.00    -9.1738
  36750.00    -9.7518
  36760.00    -8.9327
  36770.00    -8.9589
  36780.00    -8.9837
  36790.00    -9.2309
  36800.00    -9.5824
  36810.00    -9.1190
  36820.00    -8.9616
  36830.00    -8.9604
  36840.00    -8.5609
  36850.00    -8.5870
  36860.00    -8.7672
  36870.00    -8.8912
  36880.00    -8.5424
  36890.00    -8.9152
  36900.00    -9.1084
  36910.00    -8.7572
  36920.00    -9.0721
  36930.00    -8.7738
  36940.00    -9.1901
  36950.00    -8.9825
  36960.00    -9.4602
  36970.00    -9.2154
  36980.00    -8.9143
  36990.00    -9.4130
  37000.00    -9.0609
  37010.00    -9.4415
  37020.00    -9.4456
  37030.00    -8.8381
  37040.00    -8.6340
  37050.00    -8.9376
  37060.00    -8.9207
  37070.00    -8.8909
  37080.00    -8.9085
  37090.00    -9.1173
  37100.00    -8.6910
  37110.00    -9.5970
  37120.00    -9.3996
  37130.00    -8.6913
  37140.00    -8.7859
  37150.00    -9.2342
  37160.00    -9.1877
  37170.00    -9.0846
  37180.00    -9.0639
  37190.00    -8.8528
  37200.00    -9.0304
  37210.00    -9.4884
  37220.00    -8.9743
  37230.00    -8.6709
  37240.00    -9.0997
  37250.00    -9.1158
  37260.00    -9.1227
  37270.00    -9.1944
  37280.00    -9.1274
  37290.00    -9.7879
  37300.00    -9.4202
  37310.00    -8.8143
  37320.00    -8.9306
  37330.00    -8.8781
  37340.00    -8.7950
  37350.00    -9.0737
  37360.00    -8.9516
  37370.00    -9.3652
  37380.00    -8.5996
  37390.00    -9.1586
  37400.00    -9.2952
  37410.00    -9.0639
  37420.00    -9.4008
  37430.00    -9.5378
  37440.00    -9.7794
  37450.00    -9.4277
  37460.00    -9.2975
  37470.00    -9.0779
  37480.00    -9.1185
  37490.00    -9.8030
  37500.00    -9.4786
  37510.00    -9.3923
  37520.00    -8.8629
  37530.00    -9.0180
  37540.00    -9.0073
  37550.00    -9.0601
  37560.00    -9.1652
  37570.00    -8.8311
  37580.00    -9.2314
  37590.00    -9.5912
  37600.00    -9.3804
  37610.00    -9.2070
  37620.00    -9.1234
  37630.00    -8.9895
  37640.00    -9.2567
  37650.00    -8.9336
  37660.00    -9.0225
  37670.00    -9.0029
  37680.00    -9.0981
  37690.00    -9.1132
  37700.00    -8.9290
  37710.00    -8.8693
  37720.00    -9.0939
  37730.00    -8.7959
  37740.00    -8.1759
  37750.00    -8.5266
  37760.00    -9.1205
  37770.00    -8.8963
  37780.00    -8.4620
  37790.00    -8.9407
  37800.00    -9.0091
  37810.00    -8.8311
  37820.00    -8.8191
  37830.00    -8.7612
  37840.00    -8.9090
  37850.00    -8.8207
  37860.00    -9.2393
  37870.00    -8.9224
  37880.00    -9.0511
  37890.00    -8.8899
  37900.00    -8.8591
  37910.00    -8.6086
  37920.00    -8.9259
  37930.00    -8.8194
  37940.00    -9.2686
  37950.00    -9.5122
  37960.00    -9.7191
  37970.00    -9.0113
  37980.00    -8.7979
  37990.00    -9.1737
  38000.00    -9.3410
  38010.00    -9.1137
  38020.00    -8.8529
  38030.00    -8.6379
  38040.00    -9.2430
  38050.00    -9.0287
  38060.00    -9.1412
  38070.00    -9.3898
  38080.00    -9.2913
  38090.00    -8.8383
  38100.00    -9.1067
  38110.00    -9.1979
  38120.00    -9.1361
  38130.00    -9.9047
  38140.00    -9.2334
  38150.00    -9.0454
  38160.00    -8.7886
  38170.00    -8.5393
  38180.00    -8.7472
  38190.00    -9.1937
  38200.00    -8.4523
  38210.00    -8.9399
  38220.00    -8.7605
  38230.00    -9.0883
  38240.00    -9.2162
  38250.00    -9.1324
  38260.00    -9.2874
  38270.00    -8.6759
  38280.00    -8.8571
  38290.00    -9.2027
  38300.00    -9.2159
  38310.00    -9.1822
  38320.00    -8.9976
  38330.00    -8.9844
  38340.00    -9.0579
  38350.00    -9.0681
  38360.00    -9.1838
  38370.00    -9.0009
  38380.00    -9.2172
  38390.00    -8.9168
  38400.00    -9.2287
  38410.00    -8.8042
  38420.00    -8.7978
  38430.00    -8.5756
  38440.00    -9.1023
  38450.00    -9.6203
  38460.00    -8.9945
  38470.00    -9.1727
  38480.00    -8.8421
  38490.00    -9.0888
  38500.00    -9.5317
  38510.00    -8.9579
  38520.00    -8.8329
  38530.00    -8.9556
  38540.00    -9.3078
  38550.00    -9.8559
  38560.00    -9.1835
  38570.00    -9.3860
  38580.00    -9.5568
  38590.00    -9.2111
  38600.00    -9.7797
  38610.00    -9.1427
  38620.00    -9.2890
  38630.00    -9.2165
  38640.00    -9.1186
  38650.00    -9.1409
  38660.00    -9.4563
  38670.00    -9.3451
  38680.00    -9.1341
  38690.00    -9.2922
  38700.00    -8.9131
  38710.00    -8.5399
  38720.00    -8.9662
  38730.00    -9.0937
  38740.00    -9.1892
  38750.00    -8.7170
  38760.00    -9.0033
  38770.00    -9.0829
  38780.00    -9.0450
  38790.00    -8.8128
  38800.00    -8.8166
  38810.00    -8.6907
  38820.00    -8.9094
  38830.00    -9.2406
  38840.00    -8.8829
  38850.00    -8.7097
  38860.00    -8.8280
  38870.00    -8.8679
  38880.00    -8.8941
  38890.00    -8.8026
  38900.00    -8.7934
  38910.00    -8.9681
  38920.00    -8.7430
  38930.00    -8.7603
  38940.00    -8.6665
  38950.00    -8.9253
  38960.00    -8.8005
  38970.00    -8.6690
  38980.00    -8.4742
  38990.00    -8.5947
  39000.00    -8.8123
  39010.00    -8.8517
  39020.00    -9.4230
  39030.00    -9.1050
  39040.00    -8.7458
  39050.00    -9.1360
  39060.00    -9.0181
  39070.00    -8.7467
  39080.00    -8.7339
  39090.00    -9.2029
  39100.00    -8.9122
  39110.00    -9.3833
  39120.00    -8.9787
  39130.00    -9.0325
  39140.00    -9.0764
  39150.00    -9.1813
  39160.00    -8.9307
  39170.00    -9.1229
  39180.00    -9.1425
  39190.00    -8.9594
  39200.00    -8.9672
  39210.00    -8.8519
  39220.00    -9.1976
  39230.00    -9.4483
  39240.00    -8.7775
  39250.00    -9.5117
  39260.00    -8.9822
  39270.00    -9.2327
  39280.00    -9.3133
  39290.00    -9.4256
  39300.00    -8.7139
  39310.00    -8.8051
  39320.00    -9.1529
  39330.00    -9.0191
  39340.00    -9.5777
  39350.00    -9.5933
  39360.00    -8.8173
  39370.00    -8.7067
  39380.00    -9.2970
  39390.00    -9.0563
  39400.00    -9.5169
  39410.00    -9.2136
  39420.00    -8.7926
  39430.00    -8.6936
  39440.00    -9.4133
  39450.00    -9.0293
  39460.00    -8.9490
  39470.00    -8.9634
  39480.00    -8.7374
  39490.00    -8.6556
  39500.00    -8.8981
  39510.00    -8.7811
  39520.00    -8.9913
  39530.00    -9.0485
  39540.00    -9.3204
  39550.00    -8.7412
  39560.00    -8.7862
  39570.00    -8.7601
  39580.00    -8.9467
  39590.00    -8.8082
  39600.00    -8.6995
  39610.00    -9.0347
  39620.00    -9.1722
  39630.00    -9.3780
  39640.00    -9.3697
  39650.00    -8.7309
  39660.00    -9.2348
  39670.00    -8.7428
  39680.00    -8.9673
  39690.00    -8.9793
  39700.00    -8.6750
  39710.00    -9.2011
  39720.00    -8.7679
  39730.00    -8.8082
  39740.00    -8.8059
  39750.00    -8.6900
  39760.00    -9.2108
  39770.00    -9.4127
  39780.00    -9.1156
  39790.00    -8.7396
  39800.00    -8.7206
  39810.00    -9.2254
  39820.00    -9.2271
  39830.00    -8.9691
  39840.00    -8.8880
  39850.00    -9.0252
  39860.00    -9.2417
  39870.00    -9.0828
  39880.00    -8.9911
  39890.00    -8.8838
  39900.00    -8.8528
  39910.00    -9.4512
  39920.00    -9.1270
  39930.00    -9.4610
  39940.00    -9.4282
  39950.00    -8.6113
  39960.00    -9.1965
  39970.00    -8.6312
  39980.00    -9.1386
  39990.00    -9.0370
  40000.00    -8.6895
  40010.00    -9.0111
  40020.00    -9.0421
  40030.00    -9.4539
  40040.00    -8.7322
  40050.00    -9.3713
  40060.00    -9.1240
  40070.00    -8.8090
  40080.00    -9.0891
  40090.00    -9.0236
  40100.00    -8.4724
  40110.00    -9.0003
  40120.00    -9.2426
  40130.00    -8.9694
  40140.00    -9.0877
  40150.00    -8.7441
  40160.00    -8.6307
  40170.00    -9.3156
  40180.00    -9.1507
  40190.00    -9.0955
  40200.00    -9.0592
  40210.00    -8.9255
  40220.00    -9.3906
  40230.00    -9.1231
  40240.00    -9.3231
  40250.00    -9.2379
  40260.00    -8.8214
  40270.00    -9.1551
  40280.00    -8.9945
  40290.00    -9.1386
  40300.00    -8.5347
  40310.00    -8.6576
  40320.00    -8.8529
  40330.00    -8.7511
  40340.00    -8.7861
  40350.00    -8.8554
  40360.00    -8.9737
  40370.00    -9.2815
  40380.00    -9.5366
  40390.00    -8.7720
  40400.00    -9.0763
  40410.00    -9.4759
  40420.00    -9.1432
  40430.00    -8.7163
  40440.00    -8.9244
  40450.00    -9.5261
  40460.00    -9.0487
  40470.00    -9.5293
  40480.00    -9.6692
  40490.00    -9.9100
  40500.00    -9.3770
  40510.00    -8.9907
  40520.00    -9.5845
  40530.00    -9.2447
  40540.00    -9.4060
  40550.00    -8.9307
  40560.00    -9.0737
  40570.00    -8.8623
  40580.00    -9.3251
  40590.00    -9.0670
  40600.00    -9.2661
  40610.00    -9.5302
  40620.00    -8.8909
  40630.00    -8.9702
  40640.00    -8.6636
  40650.00    -8.0197
  40660.00    -8.8323
  40670.00    -8.8412
  40680.00    -8.8858
  40690.00    -8.9596
  40700.00    -8.8217
  40710.00    -8.9466
  40720.00    -9.1161
  40730.00    -8.5480
  40740.00    -9.1958
  40750.00    -8.8628
  40760.00    -8.6345
  40770.00    -8.7539
  40780.00    -8.7605
  40790.00    -8.3502
  40800.00    -8.9084
  40810.00    -8.6784
  40820.00    -9.0747
  40830.00    -9.0568
  40840.00    -9.6234
  40850.00    -9.0031
  40860.00    -8.9914
  40870.00    -8.9392
  40880.00    -9.2069
  40890.00    -8.8555
  40900.00    -8.5253
  40910.00    -8.6726
  40920.00    -8.7043
  40930.00    -8.8076
  40940.00    -9.2198
  40950.00    -8.9571
  40960.00    -8.7212
  40970.00    -9.2196
  40980.00    -8.9767
  40990.00    -8.9682
  41000.00    -9.1116
  41010.00    -9.0495
  41020.00    -9.2290
  41030.00    -8.8022
  41040.00    -8.8353
  41050.00    -8.8274
  41060.00    -9.2701
  41070.00    -8.9926
  41080.00    -8.9255
  41090.00    -8.7033
  41100.00    -8.5373
  41110.00    -8.8088
  41120.00    -9.0592
  41130.00    -8.8500
  41140.00    -9.6258
  41150.00    -9.6543
  41160.00    -9.6013
  41170.00    -9.2976
  41180.00    -9.3377
  41190.00    -8.7905
  41200.00    -9.1379
  41210.00    -8.9895
  41220.00    -9.1846
  41230.00    -9.1507
  41240.00    -8.9947
  41250.00    -9.5200
  41260.00    -9.3055
  41270.00    -9.7211
  41280.00    -9.5679
  41290.00    -8.9289
  41300.00    -8.6148
  41310.00    -9.1069
  41320.00    -9.1483
  41330.00    -8.8951
  41340.00    -9.1222
  41350.00    -9.2958
  41360.00    -9.0842
  41370.00    -9.3434
  41380.00    -9.1886
  41390.00    -8.7365
  41400.00    -9.4589
  41410.00    -9.0735
  41420.00    -9.5764
  41430.00    -9.1026
  41440.00    -9.1918
  41450.00    -8.8804
  41460.00    -9.1935
  41470.00    -9.2273
  41480.00    -9.0453
  41490.00    -9.2108
  41500.00    -9.4372
  41510.00    -9.4134
  41520.00    -9.4850
  41530.00    -9.2787
  41540.00    -8.7786
  41550.00    -9.0374
  41560.00    -8.9716
  41570.00    -9.3372
  41580.00    -9.2137
  41590.00    -8.9707
  41600.00    -9.2411
  41610.00    -9.0795
  41620.00    -8.7920
  41630.00    -8.6742
  41640.00    -8.6739
  41650.00    -8.9737
  41660.00    -8.5999
  41670.00    -8.7174
  41680.00    -9.1701
  41690.00    -9.2404
  41700.00    -8.8205
  41710.00    -8.5747
  41720.00    -8.5663
  41730.00    -9.0196
  41740.00    -8.9492
  41750.00    -8.8529
  41760.00    -9.5170
  41770.00    -8.9234
  41780.00    -8.7058
  41790.00    -9.3310
  41800.00    -8.8543
  41810.00    -9.1997
  41820.00    -9.4791
  41830.00    -9.0254
  41840.00    -9.3552
  41850.00    -9.1295
  41860.00    -8.8312
  41870.00    -9.1144
  41880.00    -9.2818
  41890.00    -8.9577
  41900.00    -9.3279
  41910.00    -9.1262
  41920.00    -8.8184
  41930.00    -9.3692
  41940.00    -8.9187
  41950.00    -9.2450
  41960.00    -9.3871
  41970.00    -9.3414
  41980.00    -9.2063
  41990.00    -8.9707
  42000.00    -8.9299
  42010.00    -8.9921
  42020.00    -9.0002
  42030.00    -9.5398
  42040.00    -8.7150
  42050.00    -8.6947
  42060.00    -8.6785
  42070.00    -8.4955
  42080.00    -8.3800
  42090.00    -9.1519
  42100.00    -9.1139
  42110.00    -8.8666
  42120.00    -9.3152
  42130.00    -9.6578
  42140.00    -8.6084
  42150.00    -8.7327
  42160.00    -8.5468
  42170.00    -8.5289
  42180.00    -8.8136
  42190.00    -8.8857
  42200.00    -9.4397
  42210.00    -9.3149
  42220.00    -9.0538
  42230.00    -8.4654
  42240.00    -9.2680
  42250.00    -8.9908
  42260.00    -8.8061
  42270.00    -9.0427
  42280.00    -9.1542
  42290.00    -9.3358
  42300.00    -8.9876
  42310.00    -9.1427
  42320.00    -8.8425
  42330.00    -9.0465
  42340.00    -8.8778
  42350.00    -9.1012
  42360.00    -9.1417
  42370.00    -9.2896
  42380.00    -9.5402
  42390.00    -8.8445
  42400.00    -8.9123
  42410.00    -9.2294
  42420.00    -8.6926
  42430.00    -8.9406
  42440.00    -9.4270
  42450.00    -9.0500
  42460.00    -9.0129
  42470.00    -9.0908
  42480.00    -8.9009
  42490.00    -8.8181
  42500.00    -8.6031
  42510.00    -8.9324
  42520.00    -8.6279
  42530.00    -8.9708
  42540.00    -8.9857
  42550.00    -8.9435
  42560.00    -9.0723
  42570.00    -9.2231
  42580.00    -9.0352
  42590.00    -8.6927
  42600.00    -8.6034
  42610.00    -9.5495
  42620.00    -9.5255
  42630.00    -8.7008
  42640.00    -9.2613
  42650.00    -8.9402
  42660.00    -9.4122
  42670.00    -8.9108
  42680.00    -8.7238
  42690.00    -8.2422
  42700.00    -9.4123
  42710.00    -9.2279
  42720.00    -9.0077
  42730.00    -9.1090
  42740.00    -8.6569
  42750.00    -9.0893
  42760.00    -8.6935
  42770.00    -9.1073
  42780.00    -9.3307
  42790.00    -8.6079
  42800.00    -8.9271
  42810.00    -9.0296
  42820.00    -9.2495
  42830.00    -8.9717
  42840.00    -8.8880
  42850.00    -8.5872
  42860.00    -8.6193
  42870.00    -8.9971
  42880.00    -8.4130
  42890.00    -9.1252
  42900.00    -8.6581
  42910.00    -8.8103
  42920.00    -8.9431
  42930.00    -8.8068
  42940.00    -9.3018
  42950.00    -8.9836
  42960.00    -8.9865
  42970.00    -8.9551
  42980.00    -8.6502
  42990.00    -9.4923
  43000.00    -8.8976
  43010.00    -8.5843
  43020.00    -8.5188
  43030.00    -9.4249
  43040.00    -9.1529
  43050.00    -8.9892
  43060.00    -9.3920
  43070.00    -9.0588
  43080.00    -8.8587
  43090.00    -8.7728
  43100.00    -9.0751
  43110.00    -8.7237
  43120.00    -8.6719
  43130.00    -9.3188
  43140.00    -8.8646
  43150.00    -9.2697
  43160.00    -8.9479
  43170.00    -8.6275
  43180.00    -8.7039
  43190.00    -8.9882
  43200.00    -8.8394
  43210.00    -8.8861
  43220.00    -8.8763
  43230.00    -8.9830
  43240.00    -8.9259
  43250.00    -8.3739
  43260.00    -9.1344
  43270.00    -8.8139
  43280.00    -9.3521
  43290.00    -8.8772
  43300.00    -9.0188
  43310.00    -9.1877
  43320.00    -8.6578
  43330.00    -9.2922
  43340.00    -9.1150
  43350.00    -9.4712
  43360.00    -9.1533
  43370.00    -9.3426
  43380.00    -8.7274
  43390.00    -8.8036
  43400.00    -9.1222
  43410.00    -9.0392
  43420.00    -8.2738
  43430.00    -9.2266
  43440.00    -8.9343
  43450.00    -8.8512
  43460.00    -8.8631
  43470.00    -9.0653
  43480.00    -9.5455
  43490.00    -8.9530
  43500.00    -8.7051
  43510.00    -8.8180
  43520.00    -9.0385
  43530.00    -9.2633
  43540.00    -9.5226
  43550.00    -9.1279
  43560.00    -9.0944
  43570.00    -9.2420
  43580.00    -8.5087
  43590.00    -8.8603
  43600.00    -8.6751
  43610.00    -9.1975
  43620.00    -8.7755
  43630.00    -8.9059
  43640.00    -9.0143
  43650.00    -8.9851
  43660.00    -9.0258
  43670.00    -9.1457
  43680.00    -9.4424
  43690.00    -8.8411
  43700.00    -9.0051
  43710.00    -9.1487
  43720.00    -9.1933
  43730.00    -8.8073
  43740.00    -9.0054
  43750.00    -8.6654
  43760.00    -8.7387
  43770.00    -9.4807
  43780.00    -9.4252
  43790.00    -9.3141
  43800.00    -9.6297
  43810.00    -9.0437
  43820.00    -9.3566
  43830.00    -8.6783
  43840.00    -9.4284
  43850.00    -8.9437
  43860.00    -8.8867
  43870.00    -9.2698
  43880.00    -9.1184
  43890.00    -9.1506
  43900.00    -8.4543
  43910.00    -8.7466
  43920.00    -9.1321
  43930.00    -8.8914
  43940.00    -8.8740
  43950.00    -9.1141
  43960.00    -8.6911
  43970.00    -8.8808
  43980.00    -9.4599
  43990.00    -9.0432
  44000.00    -9.1552
  44010.00    -9.2660
  44020.00    -9.3566
  44030.00    -8.4401
  44040.00    -8.9374
  44050.00    -8.8667
  44060.00    -8.0606
  44070.00    -8.5435
  44080.00    -8.5908
  44090.00    -9.1108
  44100.00    -8.8939
  44110.00    -8.8132
  44120.00    -8.4287
  44130.00    -9.1862
  44140.00    -9.2052
  44150.00    -8.9876
  44160.00    -9.1109
  44170.00    -8.3350
  44180.00    -8.0863
  44190.00    -8.7308
  44200.00    -8.9921
  44210.00    -9.0357
  44220.00    -8.7196
  44230.00    -8.9586
  44240.00    -8.9255
  44250.00    -8.8410
  44260.00    -9.1122
  44270.00    -9.1867
  44280.00    -8.9402
  44290.00    -9.0750
  44300.00    -9.2955
  44310.00    -9.1587
  44320.00    -9.2140
  44330.00    -8.6080
  44340.00    -9.1074
  44350.00    -9.1376
  44360.00    -9.4072
  44370.00    -8.8029
  44380.00    -8.8300
  44390.00    -9.0242
  44400.00    -8.8874
  44410.00    -8.9572
  44420.00    -9.2520
  44430.00    -9.1342
  44440.00    -8.6775
  44450.00    -9.2695
  44460.00    -8.5631
  44470.00    -9.1559
  44480.00    -9.2201
  44490.00    -8.7524
  44500.00    -8.5042
  44510.00    -9.1304
  44520.00    -8.7025
  44530.00    -8.5153
  44540.00    -8.9660
  44550.00    -9.0918
  44560.00    -8.8178
  44570.00    -8.8353
  44580.00    -8.2983
  44590.00    -8.8434
  44600.00    -8.6182
  44610.00    -9.4339
  44620.00    -8.8354
  44630.00    -9.3916
  44640.00    -8.9375
  44650.00    -9.3992
  44660.00    -9.0910
  44670.00    -9.7120
  44680.00    -8.8677
  44690.00    -8.9012
  44700.00    -8.9703
  44710.00    -9.4846
  44720.00    -8.9954
  44730.00    -8.3625
  44740.00    -9.0628
  44750.00    -8.5868
  44760.00    -8.8366
  44770.00    -8.4361
  44780.00    -9.0786
  44790.00    -8.9344
  44800.00    -9.1674
  44810.00    -8.9774
  44820.00    -8.7983
  44830.00    -9.0555
  44840.00    -9.5249
  44850.00    -9.3792
  44860.00    -9.5076
  44870.00    -9.2817
  44880.00    -9.0509
  44890.00    -9.3116
  44900.00    -9.2316
  44910.00    -9.3851
  44920.00    -8.9730
  44930.00    -8.1986
  44940.00    -8.8054
  44950.00    -8.7757
  44960.00    -9.0879
  44970.00    -8.9437
  44980.00    -8.8947
  44990.00    -8.8944
  45000.00    -9.1491
  45010.00    -9.3128
  45020.00    -9.4039
  45030.00    -9.0989
  45040.00    -9.2419
  45050.00    -8.9678
  45060.00    -8.5812
  45070.00    -9.1444
  45080.00    -8.9855
  45090.00    -9.5836
  45100.00    -8.8912
  45110.00    -8.7500
  45120.00    -8.4961
  45130.00    -9.1308
  45140.00    -8.5649
  45150.00    -8.9988
  45160.00    -8.8522
  45170.00    -9.5074
  45180.00    -8.6996
  45190.00    -8.9550
  45200.00    -9.3122
  45210.00    -9.5656
  45220.00    -9.3257
  45230.00    -8.9821
  45240.00    -9.0570
  45250.00    -9.6668
  45260.00    -9.1380
  45270.00    -9.4260
  45280.00    -9.3854
  45290.00    -9.1345
  45300.00    -9.2308
  45310.00    -9.4098
  45320.00    -8.8171
  45330.00    -9.1837
  45340.00    -8.6896
  45350.00    -9.1497
  45360.00    -8.9700
  45370.00    -8.9733
  45380.00    -8.6663
  45390.00    -9.1015
  45400.00    -8.8184
  45410.00    -8.9975
  45420.00    -9.2671
  45430.00    -8.9030
  45440.00    -8.8952
  45450.00    -9.3410
  45460.00    -8.7789
  45470.00    -9.2491
  45480.00    -8.8468
  45490.00    -9.1928
  45500.00    -8.7372
  45510.00    -8.6130
  45520.00    -8.6809
  45530.00    -9.2450
  45540.00    -9.0476
  45550.00    -9.1559
  45560.00    -9.1560
  45570.00    -9.4838
  45580.00    -9.4182
  45590.00    -9.0207
  45600.00    -8.4293
  45610.00    -9.1466
  45620.00    -9.1838
  45630.00    -9.0144
  45640.00    -9.4389
  45650.00    -8.7209
  45660.00    -9.0010
  45670.00    -8.8603
  45680.00    -9.3453
  45690.00    -8.7361
  45700.00    -8.6881
  45710.00    -8.8396
  45720.00    -8.7632
  45730.00    -9.2570
  45740.00    -9.2772
  45750.00    -8.8049
  45760.00    -9.0454
  45770.00    -9.2352
  45780.00    -9.2862
  45790.00    -8.6736
  45800.00    -9.6303
  45810.00    -9.2806
  45820.00    -8.7579
  45830.00    -9.2571
  45840.00    -9.3870
  45850.00    -9.4703
  45860.00    -9.5526
  45870.00    -9.4660
  45880.00    -9.4281
  45890.00    -8.5728
  45900.00    -8.9206
  45910.00    -8.9703
  45920.00    -8.8677
  45930.00    -9.1137
  45940.00    -9.0188
  45950.00    -9.1174
  45960.00    -8.8567
  45970.00    -8.9170
  45980.00    -9.2712
  45990.00    -8.3444
  46000.00    -9.3536
  46010.00    -9.1628
  46020.00    -9.2407
  46030.00    -9.1922
  46040.00    -9.0048
  46050.00    -8.8275
  46060.00    -8.9479
  46070.00    -9.0539
  46080.00    -8.7503
  46090.00    -8.9677
  46100.00    -8.9975
  46110.00    -8.8579
  46120.00    -8.7077
  46130.00    -9.1614
  46140.00    -9.0285
  46150.00    -8.9142
  46160.00    -9.2949
  46170.00    -8.9266
  46180.00    -8.3087
  46190.00    -8.3940
  46200.00    -8.5689
  46210.00    -8.4157
  46220.00    -8.9255
  46230.00    -8.9326
  46240.00    -8.8090
  46250.00    -8.9249
  46260.00    -9.3860
  46270.00    -8.9014
  46280.00    -8.9884
  46290.00    -8.8654
  46300.00    -9.1261
  46310.00    -9.6351
  46320.00    -9.2094
  46330.00    -9.5239
  46340.00    -9.2166
  46350.00    -9.1225
  46360.00    -9.2481
  46370.00    -8.8619
  46380.00    -9.6331
  46390.00    -9.1692
  46400.00    -9.3532
  46410.00    -8.0736
  46420.00    -9.1632
  46430.00    -9.1236
  46440.00    -9.0892
  46450.00    -8.9385
  46460.00    -9.1003
  46470.00    -9.0529
  46480.00    -8.9899
  46490.00    -8.6858
  46500.00    -8.7872
  46510.00    -8.6119
  46520.00    -9.0818
  46530.00    -8.9216
  46540.00    -8.5352
  46550.00    -8.7464
  46560.00    -9.3404
  46570.00    -8.6583
  46580.00    -8.9685
  46590.00    -8.8478
  46600.00    -9.3932
  46610.00    -9.2362
  46620.00    -8.9817
  46630.00    -8.3263
  46640.00    -9.0254
  46650.00    -8.8972
  46660.00    -8.2997
  46670.00    -8.4689
  46680.00    -8.8777
  46690.00    -9.0757
  46700.00    -9.2956
  46710.00    -8.9480
  46720.00    -9.3014
  46730.00    -8.9521
  46740.00    -8.9966
  46750.00    -9.8663
  46760.00    -9.0340
  46770.00    -9.4993
  46780.00    -9.2007
  46790.00    -9.2423
  46800.00    -9.1057
  46810.00    -8.8402
  46820.00    -8.6416
  46830.00    -9.4448
  46840.00    -9.1986
  46850.00    -8.7351
  46860.00    -8.8227
  46870.00    -8.8634
  46880.00    -9.0867
  46890.00    -9.4585
  46900.00    -9.2416
  46910.00    -9.3891
  46920.00    -8.5429
  46930.00    -8.9952
  46940.00    -8.6771
  46950.00    -8.3005
  46960.00    -8.7082
  46970.00    -8.7554
  46980.00    -8.8641
  46990.00    -9.3051
  47000.00    -8.9623
  47010.00    -9.0569
  47020.00    -8.7886
  47030.00    -9.1047
  47040.00    -8.8652
  47050.00    -8.8076
  47060.00    -9.1832
  47070.00    -9.2760
  47080.00    -8.7487
  47090.00    -8.8926
  47100.00    -8.7313
  47110.00    -8.8350
  47120.00    -8.6877
  47130.00    -8.6727
  47140.00    -9.1365
  47150.00    -9.0329
  47160.00    -9.1664
  47170.00    -9.1783
  47180.00    -9.0059
  47190.00    -9.1104
  47200.00    -9.3601
  47210.00    -9.2421
  47220.00    -9.4054
  47230.00    -8.9911
  47240.00    -8.8620
  47250.00    -9.1423
  47260.00    -9.2122
  47270.00    -9.1053
  47280.00    -9.0510
  47290.00    -8.6838
  47300.00    -8.8619
  47310.00    -8.7257
  47320.00    -8.9547
  47330.00    -8.8377
  47340.00    -9.1123
  47350.00    -8.4466
  47360.00    -8.8256
  47370.00    -8.8269
  47380.00    -8.7507
  47390.00    -8.7363
  47400.00    -9.2613
  47410.00    -8.6731
  47420.00    -8.7931
  47430.00    -8.3993
  47440.00    -8.8596
  47450.00    -8.6152
  47460.00    -8.2758
  47470.00    -9.0211
  47480.00    -9.4955
  47490.00    -9.1843
  47500.00    -9.2609
  47510.00    -9.2793
  47520.00    -8.7323
  47530.00    -8.9786
  47540.00    -9.1229
  47550.00    -9.1159
  47560.00    -8.9978
  47570.00    -9.2028
  47580.00    -8.8982
  47590.00    -9.2567
  47600.00    -9.3571
  47610.00    -9.1790
  47620.00    -9.5506
  47630.00    -9.0170
  47640.00    -9.6247
  47650.00    -8.8489
  47660.00    -9.2462
  47670.00    -9.8735
  47680.00    -9.4424
  47690.00    -8.7530
  47700.00    -9.0417
  47710.00    -8.7559
  47720.00    -8.6813
  47730.00    -9.0496
  47740.00    -8.6487
  47750.00    -9.0427
  47760.00    -8.8273
  47770.00    -8.9231
  47780.00    -8.6489
  47790.00    -9.1097
  47800.00    -8.9513
  47810.00    -8.9684
  47820.00    -8.8070
  47830.00    -8.9109
  47840.00    -8.7645
  47850.00    -9.2431
  47860.00    -9.4371
  47870.00    -9.1566
  47880.00    -8.3684
  47890.00    -8.5595
  47900.00    -9.0322
  47910.00    -9.0621
  47920.00    -9.4512
  47930.00    -8.9396
  47940.00    -9.3262
  47950.00    -8.8507
  47960.00    -8.8941
  47970.00    -8.5010
  47980.00    -9.2022
  47990.00    -9.3439
  48000.00    -9.1181
  48010.00    -9.2995
  48020.00    -8.8672
  48030.00    -9.2682
  48040.00    -8.9879
  48050.00    -9.1256
  48060.00    -8.7701
  48070.00    -9.1248
  48080.00    -9.3410
  48090.00    -9.3488
  48100.00    -9.1938
  48110.00    -9.0539
  48120.00    -9.3111
  48130.00    -8.9788
  48140.00    -8.8123
  48150.00    -9.0402
  48160.00    -8.7789
  48170.00    -9.3127
  48180.00    -8.6416
  48190.00    -8.8435
  48200.00    -9.3927
  48210.00    -9.3871
  48220.00    -9.0511
  48230.00    -9.4745
  48240.00    -8.5518
  48250.00    -8.6171
  48260.00    -8.7633
  48270.00    -9.2443
  48280.00    -9.1883
  48290.00    -8.9042
  48300.00    -9.1698
  48310.00    -8.7736
  48320.00    -9.2278
  48330.00    -9.4258
  48340.00    -9.3079
  48350.00    -9.7974
  48360.00    -9.4370
  48370.00    -9.3316
  48380.00    -8.8700
  48390.00    -8.7797
  48400.00    -9.2458
  48410.00    -9.0842
  48420.00    -8.7555
  48430.00    -9.4670
  48440.00    -8.8891
  48450.00    -8.7488
  48460.00    -8.8997
  48470.00    -9.3287
  48480.00    -9.0679
  48490.00    -9.0258
  48500.00    -8.7489
  48510.00    -8.8967
  48520.00    -9.4113
  48530.00    -9.2458
  48540.00    -8.7280
  48550.00    -9.0664
  48560.00    -9.4019
  48570.00    -8.8498
  48580.00    -9.2929
  48590.00    -9.3394
  48600.00    -9.5244
  48610.00    -9.3606
  48620.00    -9.4453
  48630.00    -8.8202
  48640.00    -9.1241
  48650.00    -9.6557
  48660.00    -9.6414
  48670.00    -9.6892
  48680.00    -9.1090
  48690.00    -8.9230
  48700.00    -9.3505
  48710.00    -9.2658
  48720.00    -9.5970
  48730.00    -9.1447
  48740.00    -8.9864
  48750.00    -9.1148
  48760.00    -9.3419
  48770.00    -9.3911
  48780.00    -9.5003
  48790.00    -9.1707
  48800.00    -9.0187
  48810.00    -9.0529
  48820.00    -9.9424
  48830.00    -9.0798
  48840.00    -9.4275
  48850.00    -9.2590
  48860.00    -9.6800
  48870.00    -9.5135
  48880.00    -8.9632
  48890.00    -8.7595
  48900.00    -9.4714
  48910.00    -9.2063
  48920.00    -9.1537
  48930.00    -9.1131
  48940.00    -8.6509
  48950.00    -8.9492
  48960.00    -9.3216
  48970.00    -8.9164
  48980.00    -9.2156
  48990.00    -9.2887
  49000.00    -9.3553
  49010.00    -8.9815
  49020.00    -9.1815
  49030.00    -9.4912
  49040.00    -9.1820
  49050.00    -8.9472
  49060.00    -8.5624
  49070.00    -8.8590
  49080.00    -8.7272
  49090.00    -8.8465
  49100.00    -9.0470
  49110.00    -9.0268
  49120.00    -8.6983
  49130.00    -8.4913
  49140.00    -9.7465
  49150.00    -9.2712
  49160.00    -9.2547
  49170.00    -9.1174
  49180.00    -8.9381
  49190.00    -9.0626
  49200.00    -9.1874
  49210.00    -9.1121
  49220.00    -8.8050
  49230.00    -8.8839
  49240.00    -8.8984
  49250.00    -9.1032
  49260.00    -9.0742
  49270.00    -9.6359
  49280.00    -9.6879
  49290.00    -9.1011
  49300.00    -8.7807
  49310.00    -8.8742
  49320.00    -9.3058
  49330.00    -9.3274
  49340.00    -9.1207
  49350.00    -9.0742
  49360.00    -9.2911
  49370.00    -9.4085
  49380.00    -9.2394
  49390.00    -9.8366
  49400.00    -9.0868
  49410.00    -9.5320
  49420.00    -9.2901
  49430.00    -8.8662
  49440.00    -8.5487
  49450.00    -9.6676
  49460.00    -9.0652
  49470.00    -9.1862
  49480.00    -8.9216
  49490.00    -8.7614
  49500.00    -8.7516
  49510.00    -9.1213
  49520.00    -8.9390
  49530.00    -9.2477
  49540.00    -8.6744
  49550.00    -8.7850
  49560.00    -8.8054
  49570.00    -9.0119
  49580.00    -9.5442
  49590.00    -9.1472
  49600.00    -8.9101
  49610.00    -9.4522
  49620.00    -8.7864
  49630.00    -8.6882
  49640.00    -9.0253
  49650.00    -9.2177
  49660.00    -8.8537
  49670.00    -8.8354
  49680.00    -9.1295
  49690.00    -8.5994
  49700.00    -9.2374
  49710.00    -9.3206
  49720.00    -8.9726
  49730.00    -9.0794
  49740.00    -8.8920
  49750.00    -9.0250
  49760.00    -9.1846
  49770.00    -8.7945
  49780.00    -9.0245
  49790.00    -9.2542
  49800.00    -8.9257
  49810.00    -8.7970
  49820.00    -8.9915
  49830.00    -8.8576
  49840.00    -9.3914
  49850.00    -8.9140
  49860.00    -8.3961
  49870.00    -8.7670
  49880.00    -8.9485
  49890.00    -9.3716
  49900.00    -8.8283
  49910.00    -8.9388
  49920.00    -9.0183
  49930.00    -9.0455
  49940.00    -9.1607
  49950.00    -9.1598
  49960.00    -9.1325
  49970.00    -9.2860
  49980.00    -9.6424
  49990.00    -8.9320
  50000.00    -9.5936
