     10.00   -15.3505
     20.00   -14.7278
     30.00   -14.8916
     40.00   -15.0159
     50.00   -15.0391
     60.00   -14.4515
     70.00   -14.9418
     80.00   -15.0369
     90.00   -14.8244
    100.00   -15.4584
    110.00   -14.6870
    120.00   -15.3069
    130.00   -15.1499
    140.00   -14.4094
    150.00   -14.9075
    160.00   -14.8389
    170.00   -15.2388
    180.00   -15.4204
    190.00   -15.1831
    200.00   -14.5180
    210.00   -14.9642
    220.00   -14.8322
    230.00   -15.1677
    240.00   -15.0845
    250.00   -15.2342
    260.00   -14.8112
    270.00   -14.8156
    280.00   -15.3531
    290.00   -15.0889
    300.00   -14.6428
    310.00   -15.3638
    320.00   -14.7869
    330.00   -15.1824
    340.00   -14.7161
    350.00   -14.9517
    360.00   -15.2811
    370.00   -15.2316
    380.00   -14.6528
    390.00   -14.7821
    400.00   -15.0207
    410.00   -14.8797
    420.00   -14.8359
    430.00   -15.2945
    440.00   -15.3683
    450.00   -15.0171
    460.00   -14.6607
    470.00   -14.6032
    480.00   -14.8666
    490.00   -14.6040
    500.00   -14.8610
    510.00   -15.1286
    520.00   -15.2915
    530.00   -14.8431
    540.00   -14.5022
    550.00   -14.8255
    560.00   -14.8777
    570.00   -15.2818
    580.00   -14.8958
    590.00   -14.4960
    600.00   -15.1286
    610.00   -15.1238
    620.00   -14.6863
    630.00   -14.3191
    640.00   -15.0950
    650.00   -15.0955
    660.00   -15.0917
    670.00   -15.2121
    680.00   -15.5733
    690.00   -14.9986
    700.00   -14.8632
    710.00   -14.9339
    720.00   -14.7583
    730.00   -15.5232
    740.00   -14.9030
    750.00   -14.8510
    760.00   -14.4876
    770.00   -14.8904
    780.00   -14.8091
    790.00   -14.9600
    800.00   -15.0112
    810.00   -14.8634
    820.00   -15.1138
    830.00   -15.2557
    840.00   -14.7593
    850.00   -14.6628
    860.00   -15.0029
    870.00   -14.9307
    880.00   -15.1928
    890.00   -14.9281
    900.00   -14.6020
    910.00   -14.4645
    920.00   -14.8546
    930.00   -14.4701
    940.00   -14.4869
    950.00   -14.7065
    960.00   -14.9245
    970.00   -15.0377
    980.00   -14.7920
    990.00   -15.2258
   1000.00   -14.9207
   1010.00   -15.1639
   1020.00   -15.3179
   1030.00   -15.0201
   1040.00   -14.7771
   1050.00   -15.1989
   1060.00   -14.9574
   1070.00   -14.9469
   1080.00   -14.7609
   1090.00   -14.8975
   1100.00   -15.1688
   1110.00   -14.5563
   1120.00   -15.1631
   1130.00   -14.8985
   1140.00   -14.5603
   1150.00   -14.9236
   1160.00   -14.7898
   1170.00   -14.7309
   1180.00   -14.8972
   1190.00   -14.5325
   1200.00   -14.8735
   1210.00   -14.6592
   1220.00   -14.8327
   1230.00   -14.8499
   1240.00   -14.4483
   1250.00   -14.9122
   1260.00   -15.2288
   1270.00   -15.1479
   1280.00   -15.3520
   1290.00   -15.1594
   1300.00   -15.0104
   1310.00   -15.1156
   1320.00   -14.9499
   1330.00   -15.0155
   1340.00   -14.6610
   1350.00   -14.4797
   1360.00   -14.8045
   1370.00   -15.1123
   1380.00   -14.7647
   1390.00   -15.0719
   1400.00   -15.1379
   1410.00   -15.4276
   1420.00   -15.1398
   1430.00   -14.4318
   1440.00   -14.9377
   1450.00   -14.9875
   1460.00   -14.6948
   1470.00   -15.1519
   1480.00   -15.3084
   1490.00   -15.0649
   1500.00   -15.4887
   1510.00   -15.1764
   1520.00   -15.4633
   1530.00   -14.7505
   1540.00   -14.6968
   1550.00   -14.8151
   1560.00   -14.9181
   1570.00   -14.6838
   1580.00   -15.1414
   1590.00   -14.8537
   1600.00   -14.9028
   1610.00   -14.7786
   1620.00   -14.8072
   1630.00   -15.1748
   1640.00   -14.5486
   1650.00   -14.7182
   1660.00   -15.1913
   1670.00   -14.6902
   1680.00   -15.0257
   1690.00   -15.2556
   1700.00   -15.0878
   1710.00   -14.7653
   1720.00   -14.7863
   1730.00   -14.8537
   1740.00   -14.9337
   1750.00   -15.0454
   1760.00   -14.8324
   1770.00   -14.7722
   1780.00   -15.1244
   1790.00   -14.8907
   1800.00   -14.9432
   1810.00   -15.7461
   1820.00   -15.6811
   1830.00   -15.0360
   1840.00   -15.3888
   1850.00   -15.0631
   1860.00   -14.5532
   1870.00   -14.8586
   1880.00   -14.8962
   1890.00   -15.0126
   1900.00   -15.0032
   1910.00   -15.2228
   1920.00   -15.3705
   1930.00   -14.7328
   1940.00   -14.9935
   1950.00   -15.1254
   1960.00   -15.1028
   1970.00   -15.0184
   1980.00   -14.7857
   1990.00   -15.7927
   2000.00   -15.2644
   2010.00   -15.0392
   2020.00   -15.1803
   2030.00   -14.7800
   2040.00   -14.9879
   2050.00   -14.9875
   2060.00   -15.3149
   2070.00   -15.2484
   2080.00   -14.8111
   2090.00   -14.3770
   2100.00   -14.9608
   2110.00   -14.9621
   2120.00   -14.8180
   2130.00   -15.0598
   2140.00   -14.7328
   2150.00   -15.3530
   2160.00   -14.8061
   2170.00   -14.9494
   2180.00   -14.4224
   2190.00   -14.8396
   2200.00   -14.6737
   2210.00   -15.2136
   2220.00   -15.0722
   2230.00   -14.8507
   2240.00   -14.7601
   2250.00   -14.8105
   2260.00   -14.7492
   2270.00   -14.8702
   2280.00   -15.1621
   2290.00   -15.1198
   2300.00   -15.0918
   2310.00   -14.8180
   2320.00   -14.7607
   2330.00   -14.9002
   2340.00   -15.2376
   2350.00   -14.6966
   2360.00   -15.1734
   2370.00   -15.4246
   2380.00   -15.0170
   2390.00   -15.0482
   2400.00   -14.8387
   2410.00   -14.8776
   2420.00   -15.0621
   2430.00   -14.6968
   2440.00   -15.0992
   2450.00   -14.6247
   2460.00   -14.6975
   2470.00   -14.7732
   2480.00   -14.7768
   2490.00   -14.9107
   2500.00   -15.0414
   2510.00   -14.7132
   2520.00   -14.4565
   2530.00   -14.3538
   2540.00   -15.1447
   2550.00   -14.9761
   2560.00   -15.5151
   2570.00   -15.1766
   2580.00   -15.0941
   2590.00   -15.2546
   2600.00   -14.9293
   2610.00   -15.0316
   2620.00   -14.7520
   2630.00   -15.1293
   2640.00   -15.0691
   2650.00   -14.3037
   2660.00   -15.6412
   2670.00   -14.8836
   2680.00   -14.7974
   2690.00   -14.8271
   2700.00   -14.9744
   2710.00   -14.7238
   2720.00   -14.7668
   2730.00   -15.2654
   2740.00   -15.2334
   2750.00   -15.1880
   2760.00   -14.4133
   2770.00   -15.2870
   2780.00   -15.6757
   2790.00   -15.4433
   2800.00   -14.4386
   2810.00   -14.8507
   2820.00   -14.9162
   2830.00   -14.9383
   2840.00   -15.1070
   2850.00   -15.0323
   2860.00   -14.4393
   2870.00   -14.3368
   2880.00   -15.3671
   2890.00   -14.4242
   2900.00   -14.8051
   2910.00   -15.1980
   2920.00   -14.8152
   2930.00   -14.9078
   2940.00   -14.5422
   2950.00   -15.1661
   2960.00   -15.6050
   2970.00   -15.1474
   2980.00   -14.9518
   2990.00   -15.4431
   3000.00   -15.4040
   3010.00   -14.9738
   3020.00   -15.1254
   3030.00   -14.6556
   3040.00   -15.0689
   3050.00   -15.2683
   3060.00   -15.5001
   3070.00   -15.0451
   3080.00   -15.1514
   3090.00   -14.8443
   3100.00   -15.3616
   3110.00   -14.7571
   3120.00   -15.4408
   3130.00   -15.4924
   3140.00   -14.8561
   3150.00   -15.5673
   3160.00   -14.7995
   3170.00   -14.8589
   3180.00   -15.1886
   3190.00   -15.0755
   3200.00   -15.0218
   3210.00   -14.9565
   3220.00   -14.9827
   3230.00   -14.8468
   3240.00   -14.6835
   3250.00   -14.7220
   3260.00   -14.6000
   3270.00   -14.8586
   3280.00   -14.6982
   3290.00   -14.8213
   3300.00   -14.8373
   3310.00   -14.7759
   3320.00   -14.7266
   3330.00   -15.0259
   3340.00   -15.2655
   3350.00   -15.1026
   3360.00   -15.0806
   3370.00   -14.8810
   3380.00   -14.8819
   3390.00   -14.5310
   3400.00   -14.8893
   3410.00   -15.1017
   3420.00   -14.4781
   3430.00   -14.5921
   3440.00   -14.5499
   3450.00   -15.0923
   3460.00   -15.1526
   3470.00   -14.8928
   3480.00   -14.4929
   3490.00   -14.9442
   3500.00   -15.0475
   3510.00   -15.0010
   3520.00   -14.7495
   3530.00   -14.9139
   3540.00   -15.0664
   3550.00   -14.9447
   3560.00   -14.7103
   3570.00   -15.0368
   3580.00   -15.2102
   3590.00   -14.9403
   3600.00   -14.3567
   3610.00   -14.6220
   3620.00   -15.0255
   3630.00   -15.0930
   3640.00   -14.8477
   3650.00   -15.4089
   3660.00   -15.6115
   3670.00   -14.8907
   3680.00   -15.3149
   3690.00   -15.5869
   3700.00   -15.5723
   3710.00   -14.9620
   3720.00   -14.8312
   3730.00   -14.9267
   3740.00   -15.2634
   3750.00   -15.4153
   3760.00   -15.1137
   3770.00   -15.0574
   3780.00   -14.7180
   3790.00   -15.0806
   3800.00   -15.4055
   3810.00   -15.0506
   3820.00   -14.9692
   3830.00   -14.6995
   3840.00   -15.2627
   3850.00   -14.7446
   3860.00   -15.0782
   3870.00   -14.9846
   3880.00   -14.9855
   3890.00   -15.0172
   3900.00   -14.7283
   3910.00   -14.9272
   3920.00   -14.9968
   3930.00   -14.8744
   3940.00   -14.6731
   3950.00   -15.2336
   3960.00   -15.2179
   3970.00   -14.6397
   3980.00   -15.0705
   3990.00   -15.0015
   4000.00   -15.3540
   4010.00   -15.5174
   4020.00   -15.5692
   4030.00   -14.8703
   4040.00   -15.7710
   4050.00   -14.9956
   4060.00   -15.0408
   4070.00   -15.4262
   4080.00   -14.8431
   4090.00   -14.7425
   4100.00   -14.4921
   4110.00   -14.9540
   4120.00   -15.1946
   4130.00   -14.6574
   4140.00   -15.1313
   4150.00   -14.9977
   4160.00   -14.8172
   4170.00   -14.7392
   4180.00   -15.2045
   4190.00   -14.6498
   4200.00   -15.0550
   4210.00   -14.6461
   4220.00   -14.7924
   4230.00   -15.1570
   4240.00   -15.0476
   4250.00   -15.0251
   4260.00   -14.7142
   4270.00   -15.0791
   4280.00   -14.8397
   4290.00   -15.2826
   4300.00   -14.9554
   4310.00   -14.8921
   4320.00   -14.6719
   4330.00   -15.1752
   4340.00   -14.8756
   4350.00   -14.8768
   4360.00   -14.7550
   4370.00   -15.1754
   4380.00   -15.6926
   4390.00   -14.8321
   4400.00   -14.9634
   4410.00   -14.9817
   4420.00   -14.8319
   4430.00   -14.9760
   4440.00   -15.2320
   4450.00   -15.1133
   4460.00   -14.5517
   4470.00   -14.9411
   4480.00   -14.6764
   4490.00   -15.2744
   4500.00   -15.1505
   4510.00   -15.5493
   4520.00   -15.3532
   4530.00   -15.5699
   4540.00   -15.3409
   4550.00   -15.1318
   4560.00   -15.1145
   4570.00   -14.8180
   4580.00   -15.4411
   4590.00   -15.2534
   4600.00   -15.0973
   4610.00   -15.4650
   4620.00   -15.2739
   4630.00   -15.5733
   4640.00   -15.5618
   4650.00   -15.0476
   4660.00   -15.3195
   4670.00   -14.9968
   4680.00   -15.4568
   4690.00   -15.4041
   4700.00   -15.2789
   4710.00   -15.5495
   4720.00   -15.3746
   4730.00   -15.2259
   4740.00   -15.1951
   4750.00   -15.4289
   4760.00   -15.3333
   4770.00   -15.0513
   4780.00   -14.7514
   4790.00   -15.2715
   4800.00   -14.7948
   4810.00   -15.0503
   4820.00   -14.1840
   4830.00   -15.0671
   4840.00   -15.2505
   4850.00   -15.5603
   4860.00   -14.8298
   4870.00   -14.9484
   4880.00   -15.1952
   4890.00   -15.1993
   4900.00   -14.8755
   4910.00   -15.0465
   4920.00   -15.3541
   4930.00   -15.0030
   4940.00   -15.3363
   4950.00   -15.2066
   4960.00   -15.3494
   4970.00   -15.2427
   4980.00   -15.5560
   4990.00   -15.4392
   5000.00   -15.0779
   5010.00   -14.8225
   5020.00   -14.8185
   5030.00   -15.1115
   5040.00   -15.3578
   5050.00   -15.2688
   5060.00   -15.3967
   5070.00   -15.0430
   5080.00   -15.1397
   5090.00   -15.0046
   5100.00   -14.9049
   5110.00   -15.4765
   5120.00   -14.9601
   5130.00   -14.7116
   5140.00   -15.0233
   5150.00   -14.9659
   5160.00   -14.8515
   5170.00   -15.2920
   5180.00   -14.6536
   5190.00   -15.0029
   5200.00   -14.9313
   5210.00   -14.5135
   5220.00   -14.4452
   5230.00   -15.1297
   5240.00   -14.7857
   5250.00   -15.0303
   5260.00   -14.9219
   5270.00   -14.8391
   5280.00   -15.0450
   5290.00   -15.2125
   5300.00   -14.5724
   5310.00   -15.1806
   5320.00   -15.7957
   5330.00   -15.3747
   5340.00   -14.6930
   5350.00   -14.7492
   5360.00   -15.2333
   5370.00   -14.5033
   5380.00   -14.9864
   5390.00   -14.7774
   5400.00   -15.0187
   5410.00   -14.9268
   5420.00   -14.9246
   5430.00   -15.0542
   5440.00   -14.8280
   5450.00   -14.7358
   5460.00   -14.6520
   5470.00   -14.8297
   5480.00   -14.9481
   5490.00   -14.5036
   5500.00   -14.7736
   5510.00   -15.2245
   5520.00   -14.7550
   5530.00   -14.9446
   5540.00   -14.5503
   5550.00   -14.7289
   5560.00   -15.1649
   5570.00   -15.0811
   5580.00   -14.8686
   5590.00   -15.0027
   5600.00   -15.0882
   5610.00   -14.7825
   5620.00   -14.6512
   5630.00   -14.9802
   5640.00   -15.0343
   5650.00   -15.3952
   5660.00   -14.6649
   5670.00   -14.6359
   5680.00   -14.4154
   5690.00   -14.6844
   5700.00   -15.4414
   5710.00   -14.5669
   5720.00   -15.3056
   5730.00   -15.0395
   5740.00   -14.7979
   5750.00   -14.9245
   5760.00   -14.2877
   5770.00   -14.8510
   5780.00   -14.7728
   5790.00   -15.1015
   5800.00   -14.2024
   5810.00   -14.8116
   5820.00   -14.7169
   5830.00   -15.0295
   5840.00   -14.7335
   5850.00   -15.0670
   5860.00   -14.8014
   5870.00   -14.9102
   5880.00   -14.9840
   5890.00   -14.6969
   5900.00   -15.2094
   5910.00   -15.1070
   5920.00   -14.6363
   5930.00   -15.5898
   5940.00   -15.1231
   5950.00   -15.0955
   5960.00   -15.1644
   5970.00   -14.5674
   5980.00   -15.1453
   5990.00   -14.9138
   6000.00   -15.3562
   6010.00   -14.8128
   6020.00   -14.6754
   6030.00   -15.2678
   6040.00   -15.3107
   6050.00   -14.5402
   6060.00   -14.6225
   6070.00   -14.9695
   6080.00   -14.5993
   6090.00   -15.0496
   6100.00   -14.9447
   6110.00   -15.0705
   6120.00   -14.9645
   6130.00   -15.1286
   6140.00   -15.5823
   6150.00   -14.8346
   6160.00   -15.0719
   6170.00   -14.8985
   6180.00   -14.8623
   6190.00   -14.6495
   6200.00   -14.5915
   6210.00   -14.8017
   6220.00   -14.8564
   6230.00   -14.6219
   6240.00   -15.2597
   6250.00   -15.2962
   6260.00   -15.2200
   6270.00   -15.0929
   6280.00   -15.0490
   6290.00   -14.9257
   6300.00   -15.4134
   6310.00   -15.4651
   6320.00   -15.0049
   6330.00   -15.4120
   6340.00   -15.2290
   6350.00   -14.8157
   6360.00   -14.9205
   6370.00   -14.7600
   6380.00   -15.1923
   6390.00   -14.7438
   6400.00   -15.1272
   6410.00   -14.6045
   6420.00   -15.4143
   6430.00   -15.0930
   6440.00   -15.0073
   6450.00   -14.9906
   6460.00   -15.1641
   6470.00   -14.7981
   6480.00   -14.7174
   6490.00   -14.9861
   6500.00   -15.5184
   6510.00   -15.0067
   6520.00   -14.9530
   6530.00   -14.9375
   6540.00   -15.0358
   6550.00   -15.0397
   6560.00   -15.0271
   6570.00   -14.6697
   6580.00   -14.9824
   6590.00   -14.7408
   6600.00   -15.1250
   6610.00   -15.3566
   6620.00   -15.0401
   6630.00   -14.4563
   6640.00   -14.8572
   6650.00   -14.8984
   6660.00   -15.8077
   6670.00   -15.2727
   6680.00   -15.1926
   6690.00   -14.7707
   6700.00   -14.9235
   6710.00   -14.9160
   6720.00   -15.4091
   6730.00   -15.2775
   6740.00   -15.2089
   6750.00   -15.0511
   6760.00   -14.9840
   6770.00   -14.9744
   6780.00   -14.8073
   6790.00   -15.1023
   6800.00   -14.8876
   6810.00   -15.2058
   6820.00   -14.6101
   6830.00   -14.6495
   6840.00   -14.6667
   6850.00   -14.6718
   6860.00   -14.8223
   6870.00   -14.9278
   6880.00   -14.3544
   6890.00   -14.8984
   6900.00   -14.8669
   6910.00   -14.5437
   6920.00   -15.0078
   6930.00   -14.7514
   6940.00   -14.7539
   6950.00   -15.0668
   6960.00   -14.8298
   6970.00   -14.9927
   6980.00   -15.0848
   6990.00   -15.2340
   7000.00   -14.9147
   7010.00   -14.8211
   7020.00   -14.9995
   7030.00   -15.2993
   7040.00   -14.6933
   7050.00   -14.9795
   7060.00   -14.3225
   7070.00   -14.6447
   7080.00   -15.3218
   7090.00   -15.1447
   7100.00   -15.3477
   7110.00   -15.3370
   7120.00   -14.9077
   7130.00   -15.0153
   7140.00   -15.1648
   7150.00   -14.9703
   7160.00   -14.7645
   7170.00   -15.0294
   7180.00   -14.7038
   7190.00   -14.5020
   7200.00   -14.4455
   7210.00   -15.2100
   7220.00   -14.5843
   7230.00   -14.8383
   7240.00   -14.6357
   7250.00   -14.6469
   7260.00   -15.0970
   7270.00   -15.0290
   7280.00   -14.8404
   7290.00   -14.7346
   7300.00   -15.2917
   7310.00   -14.6033
   7320.00   -14.8164
   7330.00   -14.6545
   7340.00   -14.9665
   7350.00   -15.0550
   7360.00   -15.4584
   7370.00   -14.8810
   7380.00   -15.5899
   7390.00   -15.3328
   7400.00   -15.3345
   7410.00   -14.8956
   7420.00   -15.5174
   7430.00   -14.8759
   7440.00   -14.5502
   7450.00   -14.8283
   7460.00   -14.4996
   7470.00   -15.1220
   7480.00   -15.3572
   7490.00   -14.7969
   7500.00   -14.9734
   7510.00   -15.3021
   7520.00   -14.7970
   7530.00   -15.0140
   7540.00   -15.6568
   7550.00   -15.1413
   7560.00   -14.9733
   7570.00   -14.8570
   7580.00   -14.9190
   7590.00   -14.7634
   7600.00   -15.0996
   7610.00   -14.3720
   7620.00   -15.2398
   7630.00   -14.5946
   7640.00   -15.4604
   7650.00   -14.5400
   7660.00   -14.9866
   7670.00   -15.6469
   7680.00   -14.7642
   7690.00   -15.2478
   7700.00   -14.5987
   7710.00   -15.0598
   7720.00   -14.9786
   7730.00   -14.6993
   7740.00   -15.1510
   7750.00   -15.1505
   7760.00   -15.1002
   7770.00   -15.0780
   7780.00   -15.6817
   7790.00   -15.3081
   7800.00   -14.9328
   7810.00   -14.6684
   7820.00   -14.6516
   7830.00   -15.3437
   7840.00   -15.1521
   7850.00   -15.1824
   7860.00   -14.8478
   7870.00   -14.8724
   7880.00   -14.3979
   7890.00   -14.8731
   7900.00   -15.0077
   7910.00   -14.7508
   7920.00   -15.4392
   7930.00   -15.3574
   7940.00   -14.8854
   7950.00   -15.1759
   7960.00   -14.9218
   7970.00   -15.1648
   7980.00   -14.9538
   7990.00   -14.7614
   8000.00   -14.8199
   8010.00   -14.9850
   8020.00   -14.7508
   8030.00   -14.5988
   8040.00   -14.9051
   8050.00   -15.1521
   8060.00   -15.1245
   8070.00   -14.6780
   8080.00   -15.0842
   8090.00   -15.1481
   8100.00   -15.2940
   8110.00   -14.9700
   8120.00   -14.5818
   8130.00   -14.6766
   8140.00   -14.8207
   8150.00   -15.5732
   8160.00   -14.7489
   8170.00   -14.6965
   8180.00   -15.2046
   8190.00   -14.8192
   8200.00   -15.1209
   8210.00   -15.2174
   8220.00   -15.0774
   8230.00   -15.1713
   8240.00   -14.8889
   8250.00   -14.6871
   8260.00   -14.8727
   8270.00   -15.4596
   8280.00   -14.3754
   8290.00   -14.6362
   8300.00   -14.8067
   8310.00   -15.4085
   8320.00   -14.8648
   8330.00   -14.9958
   8340.00   -15.5249
   8350.00   -14.3853
   8360.00   -15.2014
   8370.00   -15.2079
   8380.00   -15.8784
   8390.00   -15.0128
   8400.00   -14.8492
   8410.00   -15.2195
   8420.00   -14.9985
   8430.00   -14.8097
   8440.00   -15.4723
   8450.00   -14.7380
   8460.00   -14.4507
   8470.00   -14.4435
   8480.00   -14.5137
   8490.00   -14.8702
   8500.00   -14.8914
   8510.00   -15.1688
   8520.00   -14.8188
   8530.00   -15.0085
   8540.00   -15.2208
   8550.00   -15.2067
   8560.00   -14.6159
   8570.00   -15.2343
   8580.00   -14.6363
   8590.00   -14.7249
   8600.00   -15.5100
   8610.00   -15.1823
   8620.00   -14.7292
   8630.00   -15.0802
   8640.00   -14.9633
   8650.00   -14.7641
   8660.00   -14.8934
   8670.00   -15.1659
   8680.00   -14.9568
   8690.00   -15.6030
   8700.00   -15.4302
   8710.00   -15.1343
   8720.00   -15.0126
   8730.00   -15.1178
   8740.00   -14.9760
   8750.00   -14.7360
   8760.00   -15.3232
   8770.00   -15.1472
   8780.00   -15.5987
   8790.00   -15.4903
   8800.00   -15.2534
   8810.00   -14.8767
   8820.00   -15.1027
   8830.00   -15.4348
   8840.00   -15.1064
   8850.00   -15.0518
   8860.00   -15.1020
   8870.00   -15.0584
   8880.00   -15.2663
   8890.00   -14.8711
   8900.00   -15.3695
   8910.00   -14.8065
   8920.00   -14.9861
   8930.00   -15.0495
   8940.00   -15.0119
   8950.00   -14.7936
   8960.00   -14.5269
   8970.00   -14.7693
   8980.00   -14.9678
   8990.00   -15.0262
   9000.00   -14.8584
   9010.00   -15.1276
   9020.00   -15.1648
   9030.00   -14.9555
   9040.00   -15.2354
   9050.00   -14.7507
   9060.00   -14.5996
   9070.00   -15.1053
   9080.00   -14.8144
   9090.00   -14.8291
   9100.00   -14.9080
   9110.00   -15.2013
   9120.00   -14.6444
   9130.00   -14.3699
   9140.00   -15.1746
   9150.00   -15.1339
   9160.00   -15.1145
   9170.00   -14.9435
   9180.00   -15.0591
   9190.00   -14.8553
   9200.00   -14.6536
   9210.00   -15.2992
   9220.00   -15.3840
   9230.00   -15.7323
   9240.00   -15.0138
   9250.00   -15.1273
   9260.00   -14.8137
   9270.00   -15.3796
   9280.00   -15.0821
   9290.00   -15.6798
   9300.00   -15.4708
   9310.00   -15.1433
   9320.00   -15.2731
   9330.00   -14.6892
   9340.00   -14.9150
   9350.00   -14.8833
   9360.00   -14.7891
   9370.00   -14.5665
   9380.00   -14.6663
   9390.00   -15.1986
   9400.00   -15.2924
   9410.00   -15.0036
   9420.00   -15.4092
   9430.00   -15.4393
   9440.00   -15.1509
   9450.00   -14.9884
   9460.00   -15.0852
   9470.00   -14.2074
   9480.00   -14.8324
   9490.00   -14.5438
   9500.00   -14.6444
   9510.00   -14.6371
   9520.00   -14.6237
   9530.00   -14.7359
   9540.00   -14.5619
   9550.00   -15.0199
   9560.00   -15.2571
   9570.00   -14.8949
   9580.00   -14.6859
   9590.00   -15.1219
   9600.00   -14.7168
   9610.00   -14.9760
   9620.00   -14.4578
   9630.00   -15.1361
   9640.00   -15.0497
   9650.00   -15.1429
   9660.00   -14.5947
   9670.00   -14.7564
   9680.00   -14.5631
   9690.00   -14.8242
   9700.00   -14.4123
   9710.00   -14.7670
   9720.00   -15.1680
   9730.00   -14.8371
   9740.00   -14.5756
   9750.00   -15.0884
   9760.00   -14.6055
   9770.00   -15.1116
   9780.00   -14.8213
   9790.00   -15.0593
   9800.00   -14.5801
   9810.00   -15.0006
   9820.00   -15.2436
   9830.00   -14.9954
   9840.00   -14.6361
   9850.00   -14.9891
   9860.00   -14.9338
   9870.00   -15.3539
   9880.00   -14.5960
   9890.00   -14.4506
   9900.00   -14.8160
   9910.00   -15.3128
   9920.00   -14.7646
   9930.00   -14.4081
   9940.00   -14.7790
   9950.00   -14.8896
   9960.00   -14.7294
   9970.00   -14.9224
   9980.00   -14.8375
   9990.00   -15.1423
  10000.00   -14.8548
  10010.00   -14.0736
  10020.00   -15.3405
  10030.00   -14.5153
  10040.00   -14.9654
  10050.00   -14.9800
  10060.00   -14.7175
  10070.00   -14.7560
  10080.00   -14.9300
  10090.00   -14.6335
  10100.00   -14.7513
  10110.00   -14.4551
  10120.00   -14.6914
  10130.00   -14.8546
  10140.00   -14.5831
  10150.00   -15.0037
  10160.00   -14.2038
  10170.00   -14.7991
  10180.00   -14.5847
  10190.00   -14.5574
  10200.00   -14.4629
  10210.00   -14.2805
  10220.00   -15.1938
  10230.00   -14.8407
  10240.00   -14.9735
  10250.00   -14.6651
  10260.00   -14.8980
  10270.00   -14.9087
  10280.00   -14.7147
  10290.00   -14.7187
  10300.00   -14.9140
  10310.00   -15.0103
  10320.00   -15.1489
  10330.00   -14.6426
  10340.00   -14.6364
  10350.00   -14.7976
  10360.00   -14.5602
  10370.00   -15.0595
  10380.00   -14.5586
  10390.00   -14.7904
  10400.00   -14.7142
  10410.00   -15.1603
  10420.00   -15.0837
  10430.00   -15.2229
  10440.00   -15.1534
  10450.00   -15.2376
  10460.00   -14.3430
  10470.00   -15.1577
  10480.00   -14.9994
  10490.00   -15.4216
  10500.00   -15.0154
  10510.00   -15.0129
  10520.00   -15.0222
  10530.00   -15.1851
  10540.00   -14.7457
  10550.00   -14.8880
  10560.00   -14.8474
  10570.00   -15.2398
  10580.00   -15.3629
  10590.00   -15.2006
  10600.00   -14.8758
  10610.00   -15.6470
  10620.00   -14.9012
  10630.00   -15.3132
  10640.00   -15.0050
  10650.00   -14.9375
  10660.00   -15.3512
  10670.00   -14.5732
  10680.00   -14.7328
  10690.00   -15.1264
  10700.00   -15.0466
  10710.00   -14.7923
  10720.00   -15.2868
  10730.00   -14.8798
  10740.00   -14.8227
  10750.00   -14.7433
  10760.00   -15.0543
  10770.00   -15.2503
  10780.00   -15.0684
  10790.00   -14.4764
  10800.00   -15.3188
  10810.00   -14.9095
  10820.00   -14.9125
  10830.00   -15.0054
  10840.00   -14.5690
  10850.00   -14.9040
  10860.00   -15.2768
  10870.00   -14.8159
  10880.00   -14.8928
  10890.00   -14.8677
  10900.00   -14.9941
  10910.00   -14.5676
  10920.00   -15.1085
  10930.00   -14.9566
  10940.00   -15.0999
  10950.00   -15.4423
  10960.00   -15.0051
  10970.00   -15.0624
  10980.00   -14.7752
  10990.00   -15.2347
  11000.00   -14.4995
  11010.00   -14.4101
  11020.00   -14.6030
  11030.00   -14.8377
  11040.00   -14.7213
  11050.00   -14.9261
  11060.00   -14.8830
  11070.00   -15.5191
  11080.00   -15.0459
  11090.00   -15.3358
  11100.00   -14.6824
  11110.00   -14.9209
  11120.00   -15.1285
  11130.00   -15.3817
  11140.00   -14.7048
  11150.00   -14.9285
  11160.00   -15.1132
  11170.00   -15.3552
  11180.00   -14.7893
  11190.00   -14.7447
  11200.00   -14.4949
  11210.00   -14.7804
  11220.00   -14.8473
  11230.00   -15.1843
  11240.00   -14.9796
  11250.00   -15.5478
  11260.00   -15.1801
  11270.00   -15.1287
  11280.00   -15.1494
  11290.00   -15.3237
  11300.00   -15.1929
  11310.00   -14.6283
  11320.00   -14.6956
  11330.00   -14.9169
  11340.00   -14.9198
  11350.00   -14.9020
  11360.00   -14.4694
  11370.00   -15.1638
  11380.00   -14.4694
  11390.00   -15.1544
  11400.00   -15.2759
  11410.00   -15.2209
  11420.00   -14.9376
  11430.00   -14.5906
  11440.00   -14.7811
  11450.00   -14.7304
  11460.00   -14.6390
  11470.00   -15.2399
  11480.00   -15.2409
  11490.00   -14.9272
  11500.00   -15.0793
  11510.00   -14.9058
  11520.00   -15.4162
  11530.00   -14.5140
  11540.00   -15.0907
  11550.00   -14.8621
  11560.00   -14.8168
  11570.00   -15.0049
  11580.00   -14.9971
  11590.00   -14.9755
  11600.00   -15.0977
  11610.00   -14.9605
  11620.00   -15.2699
  11630.00   -14.9922
  11640.00   -14.9960
  11650.00   -15.3032
  11660.00   -15.1841
  11670.00   -15.3863
  11680.00   -14.6623
  11690.00   -14.5551
  11700.00   -15.0323
  11710.00   -14.8088
  11720.00   -14.8254
  11730.00   -14.8044
  11740.00   -14.9355
  11750.00   -14.8038
  11760.00   -14.6132
  11770.00   -14.6312
  11780.00   -14.6540
  11790.00   -14.9473
  11800.00   -14.9292
  11810.00   -14.2702
  11820.00   -14.5794
  11830.00   -14.3285
  11840.00   -15.0414
  11850.00   -15.1195
  11860.00   -14.3168
  11870.00   -14.4356
  11880.00   -14.3772
  11890.00   -14.8193
  11900.00   -15.3359
  11910.00   -14.5042
  11920.00   -14.8012
  11930.00   -14.5930
  11940.00   -14.8335
  11950.00   -14.3333
  11960.00   -15.0742
  11970.00   -15.0443
  11980.00   -15.2528
  11990.00   -14.9849
  12000.00   -14.9986
  12010.00   -14.5676
  12020.00   -14.9496
  12030.00   -15.2840
  12040.00   -15.1063
  12050.00   -14.7352
  12060.00   -14.8876
  12070.00   -14.8909
  12080.00   -15.0247
  12090.00   -14.8638
  12100.00   -14.6597
  12110.00   -15.1800
  12120.00   -14.8388
  12130.00   -14.9737
  12140.00   -14.7907
  12150.00   -15.2128
  12160.00   -14.8200
  12170.00   -14.7229
  12180.00   -15.1581
  12190.00   -15.2864
  12200.00   -15.1717
  12210.00   -15.6257
  12220.00   -15.4211
  12230.00   -15.3905
  12240.00   -15.6296
  12250.00   -14.8534
  12260.00   -15.1556
  12270.00   -15.0456
  12280.00   -14.9866
  12290.00   -15.2324
  12300.00   -14.1230
  12310.00   -15.0825
  12320.00   -14.6258
  12330.00   -15.1799
  12340.00   -15.0700
  12350.00   -14.7264
  12360.00   -15.4538
  12370.00   -15.4084
  12380.00   -14.8053
  12390.00   -14.7453
  12400.00   -15.4175
  12410.00   -14.8120
  12420.00   -14.7545
  12430.00   -15.0983
  12440.00   -14.8424
  12450.00   -14.8036
  12460.00   -14.9679
  12470.00   -15.1609
  12480.00   -14.7425
  12490.00   -14.8915
  12500.00   -15.0756
  12510.00   -15.4199
  12520.00   -14.7637
  12530.00   -14.8397
  12540.00   -15.4282
  12550.00   -15.0723
  12560.00   -15.5161
  12570.00   -14.6650
  12580.00   -15.1006
  12590.00   -14.8201
  12600.00   -15.1029
  12610.00   -14.8310
  12620.00   -14.9540
  12630.00   -15.2586
  12640.00   -14.9953
  12650.00   -15.2671
  12660.00   -15.1128
  12670.00   -14.9353
  12680.00   -14.8938
  12690.00   -14.9967
  12700.00   -15.2639
  12710.00   -15.2924
  12720.00   -15.4169
  12730.00   -15.0357
  12740.00   -15.3874
  12750.00   -15.4502
  12760.00   -14.9022
  12770.00   -15.2116
  12780.00   -15.0111
  12790.00   -15.3658
  12800.00   -15.1947
  12810.00   -15.2560
  12820.00   -15.1719
  12830.00   -15.3872
  12840.00   -15.1653
  12850.00   -15.2347
  12860.00   -14.9298
  12870.00   -15.1804
  12880.00   -15.4616
  12890.00   -14.5050
  12900.00   -14.9236
  12910.00   -14.9253
  12920.00   -14.9695
  12930.00   -15.1604
  12940.00   -14.8338
  12950.00   -14.4919
  12960.00   -15.2202
  12970.00   -15.0131
  12980.00   -14.7850
  12990.00   -14.8878
  13000.00   -14.7138
  13010.00   -15.0554
  13020.00   -14.9571
  13030.00   -14.8661
  13040.00   -15.0139
  13050.00   -15.1656
  13060.00   -15.3398
  13070.00   -14.7919
  13080.00   -14.7248
  13090.00   -15.1461
  13100.00   -15.2378
  13110.00   -14.9330
  13120.00   -14.9387
  13130.00   -14.6634
  13140.00   -15.1215
  13150.00   -15.3731
  13160.00   -15.2096
  13170.00   -15.0577
  13180.00   -15.6823
  13190.00   -14.6818
  13200.00   -15.1304
  13210.00   -14.9640
  13220.00   -15.5482
  13230.00   -15.3071
  13240.00   -14.7407
  13250.00   -14.8857
  13260.00   -15.1563
  13270.00   -14.6871
  13280.00   -15.0465
  13290.00   -15.3507
  13300.00   -15.2006
  13310.00   -15.0995
  13320.00   -15.6243
  13330.00   -14.6484
  13340.00   -14.6044
  13350.00   -14.6528
  13360.00   -14.8096
  13370.00   -15.0853
  13380.00   -14.8736
  13390.00   -15.4354
  13400.00   -15.5959
  13410.00   -15.0561
  13420.00   -15.2665
  13430.00   -15.7901
  13440.00   -14.6362
  13450.00   -15.1124
  13460.00   -14.5069
  13470.00   -15.2128
  13480.00   -14.8504
  13490.00   -14.9631
  13500.00   -15.2360
  13510.00   -14.8763
  13520.00   -15.2509
  13530.00   -14.7933
  13540.00   -14.9343
  13550.00   -14.9801
  13560.00   -15.1137
  13570.00   -14.5141
  13580.00   -14.8930
  13590.00   -15.3912
  13600.00   -14.9140
  13610.00   -15.3356
  13620.00   -14.9498
  13630.00   -14.7280
  13640.00   -14.9681
  13650.00   -15.1199
  13660.00   -14.6546
  13670.00   -14.7823
  13680.00   -14.2742
  13690.00   -15.2797
  13700.00   -14.5664
  13710.00   -14.8192
  13720.00   -14.8311
  13730.00   -14.3289
  13740.00   -14.6725
  13750.00   -14.8551
  13760.00   -14.9563
  13770.00   -14.6920
  13780.00   -15.0799
  13790.00   -14.6164
  13800.00   -15.1887
  13810.00   -15.0455
  13820.00   -15.2648
  13830.00   -14.5607
  13840.00   -15.4946
  13850.00   -15.5489
  13860.00   -15.3208
  13870.00   -15.2115
  13880.00   -14.9098
  13890.00   -14.8757
  13900.00   -15.3487
  13910.00   -14.9854
  13920.00   -14.9868
  13930.00   -15.3331
  13940.00   -15.1490
  13950.00   -14.8164
  13960.00   -14.8734
  13970.00   -14.8207
  13980.00   -15.3517
  13990.00   -14.8844
  14000.00   -15.4863
  14010.00   -14.6160
  14020.00   -14.9230
  14030.00   -15.0571
  14040.00   -15.3856
  14050.00   -14.8665
  14060.00   -14.9552
  14070.00   -14.9105
  14080.00   -14.9363
  14090.00   -15.5676
  14100.00   -15.0655
  14110.00   -15.5782
  14120.00   -15.1899
  14130.00   -14.6702
  14140.00   -14.7278
  14150.00   -14.8480
  14160.00   -15.0893
  14170.00   -14.8910
  14180.00   -14.8619
  14190.00   -14.8769
  14200.00   -14.9498
  14210.00   -14.8353
  14220.00   -14.9177
  14230.00   -15.0537
  14240.00   -14.8888
  14250.00   -15.2495
  14260.00   -15.3778
  14270.00   -15.0782
  14280.00   -14.7340
  14290.00   -14.8048
  14300.00   -15.1959
  14310.00   -14.5725
  14320.00   -14.7698
  14330.00   -14.7838
  14340.00   -15.2426
  14350.00   -15.3278
  14360.00   -14.8831
  14370.00   -14.9679
  14380.00   -15.1922
  14390.00   -15.2474
  14400.00   -14.9693
  14410.00   -15.5095
  14420.00   -15.1485
  14430.00   -14.9865
  14440.00   -14.9936
  14450.00   -14.9028
  14460.00   -14.6383
  14470.00   -15.0343
  14480.00   -14.5352
  14490.00   -15.3900
  14500.00   -14.9172
  14510.00   -15.2265
  14520.00   -15.3861
  14530.00   -14.5977
  14540.00   -15.0131
  14550.00   -14.5238
  14560.00   -14.5523
  14570.00   -15.2344
  14580.00   -14.8230
  14590.00   -15.2914
  14600.00   -14.8294
  14610.00   -14.5166
  14620.00   -15.0781
  14630.00   -14.9650
  14640.00   -15.0014
  14650.00   -14.8364
  14660.00   -15.0966
  14670.00   -15.4014
  14680.00   -14.9946
  14690.00   -14.9006
  14700.00   -14.6927
  14710.00   -15.0127
  14720.00   -15.0725
  14730.00   -14.6989
  14740.00   -14.7086
  14750.00   -14.8213
  14760.00   -14.8524
  14770.00   -15.2066
  14780.00   -14.9204
  14790.00   -14.4885
  14800.00   -15.3293
  14810.00   -15.3386
  14820.00   -15.4121
  14830.00   -14.9297
  14840.00   -14.5982
  14850.00   -14.8309
  14860.00   -15.3706
  14870.00   -15.0017
  14880.00   -14.7768
  14890.00   -15.1501
  14900.00   -15.2043
  14910.00   -15.0498
  14920.00   -15.0305
  14930.00   -15.0918
  14940.00   -14.9474
  14950.00   -15.4415
  14960.00   -15.1259
  14970.00   -15.0729
  14980.00   -14.8677
  14990.00   -15.2228
  15000.00   -15.4039
  15010.00   -15.2961
  15020.00   -15.3349
  15030.00   -14.9706
  15040.00   -15.3479
  15050.00   -14.7985
  15060.00   -15.1616
  15070.00   -15.5103
  15080.00   -14.8025
  15090.00   -14.9825
  15100.00   -14.9165
  15110.00   -14.8055
  15120.00   -14.8011
  15130.00   -15.4739
  15140.00   -14.9225
  15150.00   -14.8710
  15160.00   -14.6329
  15170.00   -14.9651
  15180.00   -14.8203
  15190.00   -15.0424
  15200.00   -15.0205
  15210.00   -15.0121
  15220.00   -15.2037
  15230.00   -14.8887
  15240.00   -14.7124
  15250.00   -14.7761
  15260.00   -15.2266
  15270.00   -14.6567
  15280.00   -14.5627
  15290.00   -15.0403
  15300.00   -14.9719
  15310.00   -14.7402
  15320.00   -15.0390
  15330.00   -14.8168
  15340.00   -14.8674
  15350.00   -14.4721
  15360.00   -15.0362
  15370.00   -15.0157
  15380.00   -14.7546
  15390.00   -14.9746
  15400.00   -15.0317
  15410.00   -15.0886
  15420.00   -15.0905
  15430.00   -15.2422
  15440.00   -15.7736
  15450.00   -15.4069
  15460.00   -15.2917
  15470.00   -14.8419
  15480.00   -14.9440
  15490.00   -14.6114
  15500.00   -14.4855
  15510.00   -14.7542
  15520.00   -14.8659
  15530.00   -14.7934
  15540.00   -14.9030
  15550.00   -15.0992
  15560.00   -15.0399
  15570.00   -14.5988
  15580.00   -14.9502
  15590.00   -14.6093
  15600.00   -14.7435
  15610.00   -14.9548
  15620.00   -15.2934
  15630.00   -14.8345
  15640.00   -14.6772
  15650.00   -15.2390
  15660.00   -15.6033
  15670.00   -14.5422
  15680.00   -14.9320
  15690.00   -14.6404
  15700.00   -15.2328
  15710.00   -14.4854
  15720.00   -14.5725
  15730.00   -14.4194
  15740.00   -14.8349
  15750.00   -14.7007
  15760.00   -15.5258
  15770.00   -14.8370
  15780.00   -14.5635
  15790.00   -14.8655
  15800.00   -14.8874
  15810.00   -15.1585
  15820.00   -15.0906
  15830.00   -14.7081
  15840.00   -14.7026
  15850.00   -15.0877
  15860.00   -15.2533
  15870.00   -15.3205
  15880.00   -15.0016
  15890.00   -14.9945
  15900.00   -15.0111
  15910.00   -15.0164
  15920.00   -15.2445
  15930.00   -14.6817
  15940.00   -14.9809
  15950.00   -15.4011
  15960.00   -15.4355
  15970.00   -15.2753
  15980.00   -14.3801
  15990.00   -14.8313
  16000.00   -14.9082
  16010.00   -15.1167
  16020.00   -15.3114
  16030.00   -15.0613
  16040.00   -15.1362
  16050.00   -14.9753
  16060.00   -14.9539
  16070.00   -14.7509
  16080.00   -14.3874
  16090.00   -15.0746
  16100.00   -14.1502
  16110.00   -14.8251
  16120.00   -15.0396
  16130.00   -15.0834
  16140.00   -14.9601
  16150.00   -15.0000
  16160.00   -14.8590
  16170.00   -15.1401
  16180.00   -14.7573
  16190.00   -14.6060
  16200.00   -15.1885
  16210.00   -15.1196
  16220.00   -14.6816
  16230.00   -14.4896
  16240.00   -15.0083
  16250.00   -15.0364
  16260.00   -15.1159
  16270.00   -15.0528
  16280.00   -14.9628
  16290.00   -14.8979
  16300.00   -14.8840
  16310.00   -15.1228
  16320.00   -15.0677
  16330.00   -14.7250
  16340.00   -15.7172
  16350.00   -15.0540
  16360.00   -15.1294
  16370.00   -15.3635
  16380.00   -15.2684
  16390.00   -15.1071
  16400.00   -14.8454
  16410.00   -15.2413
  16420.00   -14.9878
  16430.00   -14.7873
  16440.00   -15.0871
  16450.00   -14.9654
  16460.00   -14.8797
  16470.00   -15.0095
  16480.00   -15.1636
  16490.00   -14.9145
  16500.00   -14.7281
  16510.00   -15.3363
  16520.00   -14.6800
  16530.00   -15.0888
  16540.00   -14.5575
  16550.00   -15.0513
  16560.00   -14.8336
  16570.00   -14.8369
  16580.00   -15.2252
  16590.00   -15.1088
  16600.00   -15.4890
  16610.00   -14.9805
  16620.00   -15.1662
  16630.00   -15.1650
  16640.00   -15.1940
  16650.00   -14.9051
  16660.00   -15.3651
  16670.00   -15.2661
  16680.00   -15.1237
  16690.00   -15.4533
  16700.00   -14.6886
  16710.00   -14.6533
  16720.00   -15.3096
  16730.00   -14.1750
  16740.00   -14.9378
  16750.00   -14.7658
  16760.00   -15.1296
  16770.00   -15.1690
  16780.00   -14.7836
  16790.00   -14.9656
  16800.00   -15.0142
  16810.00   -15.2760
  16820.00   -15.1720
  16830.00   -14.8773
  16840.00   -14.9010
  16850.00   -14.7755
  16860.00   -15.2889
  16870.00   -14.7710
  16880.00   -15.0409
  16890.00   -15.1663
  16900.00   -14.8231
  16910.00   -15.3378
  16920.00   -15.3655
  16930.00   -15.0813
  16940.00   -14.9491
  16950.00   -14.7713
  16960.00   -14.6863
  16970.00   -14.7856
  16980.00   -15.1109
  16990.00   -14.9603
  17000.00   -15.4195
  17010.00   -14.4552
  17020.00   -14.8157
  17030.00   -15.1642
  17040.00   -15.1065
  17050.00   -15.4176
  17060.00   -15.0855
  17070.00   -14.9853
  17080.00   -15.3241
  17090.00   -14.8526
  17100.00   -14.9851
  17110.00   -14.7416
  17120.00   -14.7531
  17130.00   -14.7914
  17140.00   -14.5384
  17150.00   -14.6845
  17160.00   -14.9309
  17170.00   -14.8978
  17180.00   -14.9807
  17190.00   -14.8181
  17200.00   -14.9780
  17210.00   -14.7106
  17220.00   -15.1512
  17230.00   -15.5564
  17240.00   -14.9268
  17250.00   -15.1350
  17260.00   -15.1864
  17270.00   -14.8026
  17280.00   -15.2010
  17290.00   -15.1648
  17300.00   -14.8601
  17310.00   -15.8322
  17320.00   -14.9607
  17330.00   -15.2805
  17340.00   -14.9549
  17350.00   -14.8734
  17360.00   -15.3032
  17370.00   -14.8819
  17380.00   -14.8433
  17390.00   -14.8204
  17400.00   -14.8247
  17410.00   -15.1606
  17420.00   -14.6412
  17430.00   -14.5951
  17440.00   -14.6395
  17450.00   -14.7353
  17460.00   -15.2520
  17470.00   -14.8120
  17480.00   -14.7954
  17490.00   -14.8573
  17500.00   -15.0318
  17510.00   -14.9333
  17520.00   -15.3479
  17530.00   -15.3852
  17540.00   -14.5592
  17550.00   -15.0515
  17560.00   -14.6641
  17570.00   -15.4499
  17580.00   -14.7222
  17590.00   -15.1384
  17600.00   -14.6966
  17610.00   -14.5465
  17620.00   -15.2044
  17630.00   -14.9331
  17640.00   -14.8539
  17650.00   -15.1052
  17660.00   -14.8191
  17670.00   -15.1186
  17680.00   -15.0594
  17690.00   -14.6709
  17700.00   -15.5077
  17710.00   -14.9667
  17720.00   -14.7246
  17730.00   -14.6387
  17740.00   -15.4889
  17750.00   -14.9291
  17760.00   -15.2165
  17770.00   -15.0984
  17780.00   -14.7995
  17790.00   -15.2108
  17800.00   -15.3024
  17810.00   -15.5111
  17820.00   -14.3998
  17830.00   -14.6179
  17840.00   -14.5983
  17850.00   -15.0209
  17860.00   -14.9026
  17870.00   -14.8279
  17880.00   -15.4378
  17890.00   -14.3964
  17900.00   -14.6634
  17910.00   -15.3693
  17920.00   -14.6669
  17930.00   -14.8693
  17940.00   -14.8549
  17950.00   -14.8890
  17960.00   -14.9479
  17970.00   -15.5602
  17980.00   -14.7755
  17990.00   -14.7432
  18000.00   -14.7393
  18010.00   -14.8482
  18020.00   -14.8238
  18030.00   -14.7982
  18040.00   -14.7711
  18050.00   -14.9434
  18060.00   -14.6253
  18070.00   -14.8686
  18080.00   -15.0891
  18090.00   -14.7555
  18100.00   -14.8367
  18110.00   -16.1146
  18120.00   -14.8360
  18130.00   -14.9498
  18140.00   -14.5382
  18150.00   -14.7000
  18160.00   -14.5527
  18170.00   -15.0471
  18180.00   -15.4737
  18190.00   -15.2984
  18200.00   -15.0598
  18210.00   -15.5274
  18220.00   -15.2220
  18230.00   -15.2242
  18240.00   -15.2041
  18250.00   -15.1491
  18260.00   -14.8704
  18270.00   -15.2127
  18280.00   -15.2215
  18290.00   -14.9356
  18300.00   -14.8625
  18310.00   -15.1271
  18320.00   -14.7762
  18330.00   -14.8015
  18340.00   -15.3126
  18350.00   -15.0582
  18360.00   -15.2519
  18370.00   -14.2838
  18380.00   -15.0557
  18390.00   -15.5247
  18400.00   -15.2549
  18410.00   -14.9486
  18420.00   -14.2883
  18430.00   -14.8040
  18440.00   -14.7916
  18450.00   -14.5620
  18460.00   -15.1403
  18470.00   -14.8961
  18480.00   -15.1484
  18490.00   -15.0464
  18500.00   -14.6631
  18510.00   -14.4447
  18520.00   -14.9762
  18530.00   -15.0792
  18540.00   -15.1503
  18550.00   -14.7374
  18560.00   -14.6612
  18570.00   -14.4743
  18580.00   -15.1675
  18590.00   -15.0091
  18600.00   -14.8818
  18610.00   -15.7750
  18620.00   -14.8512
  18630.00   -15.0573
  18640.00   -14.7373
  18650.00   -14.8626
  18660.00   -14.6041
  18670.00   -15.1794
  18680.00   -14.9831
  18690.00   -14.9297
  18700.00   -14.7526
  18710.00   -15.3745
  18720.00   -15.1338
  18730.00   -15.5034
  18740.00   -15.2408
  18750.00   -14.7542
  18760.00   -14.9604
  18770.00   -15.5089
  18780.00   -15.1615
  18790.00   -15.3895
  18800.00   -15.3218
  18810.00   -15.2435
  18820.00   -14.9856
  18830.00   -15.0548
  18840.00   -15.6948
  18850.00   -14.8522
  18860.00   -14.9066
  18870.00   -15.3536
  18880.00   -15.1571
  18890.00   -15.0191
  18900.00   -14.9853
  18910.00   -14.7743
  18920.00   -14.7453
  18930.00   -15.0851
  18940.00   -15.3226
  18950.00   -15.0908
  18960.00   -15.0163
  18970.00   -15.6136
  18980.00   -14.5960
  18990.00   -15.0411
  19000.00   -15.2779
  19010.00   -15.2116
  19020.00   -14.7684
  19030.00   -15.3615
  19040.00   -15.3395
  19050.00   -15.1017
  19060.00   -15.0774
  19070.00   -15.0626
  19080.00   -14.5058
  19090.00   -14.8366
  19100.00   -14.7956
  19110.00   -14.2564
  19120.00   -15.1860
  19130.00   -14.8116
  19140.00   -14.6282
  19150.00   -14.8820
  19160.00   -14.9928
  19170.00   -14.8772
  19180.00   -15.0892
  19190.00   -14.8257
  19200.00   -15.2503
  19210.00   -15.3417
  19220.00   -14.9233
  19230.00   -14.7374
  19240.00   -14.6119
  19250.00   -15.2304
  19260.00   -15.0306
  19270.00   -14.5654
  19280.00   -15.0930
  19290.00   -14.9798
  19300.00   -15.5021
  19310.00   -15.0637
  19320.00   -14.8689
  19330.00   -15.5016
  19340.00   -14.5774
  19350.00   -15.0076
  19360.00   -15.2175
  19370.00   -14.4432
  19380.00   -15.3690
  19390.00   -14.8139
  19400.00   -14.7777
  19410.00   -15.0900
  19420.00   -14.1281
  19430.00   -14.9919
  19440.00   -14.7853
  19450.00   -15.2045
  19460.00   -14.4292
  19470.00   -15.3934
  19480.00   -15.1059
  19490.00   -14.9741
  19500.00   -15.2298
  19510.00   -15.2088
  19520.00   -15.4593
  19530.00   -14.9582
  19540.00   -14.5293
  19550.00   -14.9738
  19560.00   -14.7641
  19570.00   -15.0495
  19580.00   -14.6988
  19590.00   -15.2455
  19600.00   -14.6074
  19610.00   -14.8016
  19620.00   -15.2161
  19630.00   -14.9732
  19640.00   -14.6918
  19650.00   -15.7347
  19660.00   -15.4370
  19670.00   -15.1751
  19680.00   -15.0715
  19690.00   -14.6681
  19700.00   -14.8052
  19710.00   -15.6242
  19720.00   -15.3182
  19730.00   -14.6544
  19740.00   -15.1139
  19750.00   -15.2987
  19760.00   -14.4111
  19770.00   -14.6342
  19780.00   -14.4955
  19790.00   -14.7384
  19800.00   -15.0133
  19810.00   -15.3107
  19820.00   -14.8872
  19830.00   -15.1756
  19840.00   -14.5238
  19850.00   -14.8570
  19860.00   -14.9903
  19870.00   -15.4299
  19880.00   -15.3677
  19890.00   -15.1601
  19900.00   -15.3313
  19910.00   -15.1518
  19920.00   -14.8279
  19930.00   -15.5267
  19940.00   -15.3343
  19950.00   -15.4050
  19960.00   -14.8406
  19970.00   -14.7399
  19980.00   -14.8197
  19990.00   -14.6108
  20000.00   -15.1938
  20010.00   -15.0440
  20020.00   -14.7156
  20030.00   -14.9799
  20040.00   -14.5674
  20050.00   -14.8959
  20060.00   -14.9589
  20070.00   -15.3892
  20080.00   -15.2279
  20090.00   -15.4181
  20100.00   -15.4557
  20110.00   -15.3063
  20120.00   -14.8443
  20130.00   -14.9098
  20140.00   -15.1622
  20150.00   -15.1199
  20160.00   -14.7760
  20170.00   -14.6969
  20180.00   -15.0164
  20190.00   -14.7037
  20200.00   -14.6174
  20210.00   -15.0311
  20220.00   -14.8340
  20230.00   -15.0198
  20240.00   -14.9096
  20250.00   -14.8489
  20260.00   -14.9857
  20270.00   -14.8587
  20280.00   -14.5297
  20290.00   -14.6158
  20300.00   -14.7926
  20310.00   -14.8170
  20320.00   -14.9637
  20330.00   -14.7452
  20340.00   -14.6752
  20350.00   -15.4031
  20360.00   -15.4580
  20370.00   -14.5592
  20380.00   -14.9702
  20390.00   -15.1513
  20400.00   -15.0293
  20410.00   -15.2857
  20420.00   -14.8090
  20430.00   -14.5570
  20440.00   -15.1053
  20450.00   -14.4305
  20460.00   -14.6982
  20470.00   -14.7921
  20480.00   -15.0492
  20490.00   -14.9274
  20500.00   -15.0058
  20510.00   -14.5965
  20520.00   -14.7867
  20530.00   -14.4501
  20540.00   -14.3364
  20550.00   -14.9715
  20560.00   -14.5255
  20570.00   -14.8697
  20580.00   -15.5307
  20590.00   -14.7716
  20600.00   -15.0806
  20610.00   -15.3211
  20620.00   -15.0192
  20630.00   -14.6321
  20640.00   -15.4312
  20650.00   -14.7737
  20660.00   -15.0542
  20670.00   -15.8406
  20680.00   -14.9064
  20690.00   -15.1685
  20700.00   -14.8640
  20710.00   -15.4940
  20720.00   -15.1675
  20730.00   -14.6002
  20740.00   -15.0724
  20750.00   -14.7603
  20760.00   -15.3394
  20770.00   -15.1602
  20780.00   -14.9757
  20790.00   -15.0911
  20800.00   -14.8390
  20810.00   -14.8620
  20820.00   -14.7864
  20830.00   -14.4801
  20840.00   -14.8762
  20850.00   -14.8067
  20860.00   -14.8611
  20870.00   -14.7480
  20880.00   -14.7867
  20890.00   -14.7719
  20900.00   -15.0025
  20910.00   -14.8811
  20920.00   -15.2774
  20930.00   -14.8844
  20940.00   -14.8121
  20950.00   -15.1177
  20960.00   -15.1271
  20970.00   -14.8980
  20980.00   -15.4094
  20990.00   -14.7696
  21000.00   -15.3442
  21010.00   -15.4463
  21020.00   -14.7595
  21030.00   -15.2347
  21040.00   -14.6709
  21050.00   -14.8411
  21060.00   -14.8196
  21070.00   -15.0630
  21080.00   -14.4265
  21090.00   -14.9075
  21100.00   -15.2510
  21110.00   -14.8354
  21120.00   -15.1015
  21130.00   -14.9839
  21140.00   -15.1634
  21150.00   -14.6496
  21160.00   -14.5245
  21170.00   -14.8983
  21180.00   -14.7411
  21190.00   -15.1127
  21200.00   -14.9512
  21210.00   -14.9389
  21220.00   -14.4596
  21230.00   -14.7708
  21240.00   -15.2892
  21250.00   -15.1357
  21260.00   -15.0843
  21270.00   -14.6667
  21280.00   -15.0738
  21290.00   -14.9783
  21300.00   -15.1123
  21310.00   -15.2361
  21320.00   -14.6901
  21330.00   -15.1650
  21340.00   -14.9186
  21350.00   -14.5340
  21360.00   -14.8731
  21370.00   -15.0857
  21380.00   -15.3326
  21390.00   -15.3079
  21400.00   -14.7907
  21410.00   -14.7481
  21420.00   -14.9827
  21430.00   -15.0184
  21440.00   -14.7949
  21450.00   -14.5888
  21460.00   -14.8645
  21470.00   -15.1210
  21480.00   -14.9290
  21490.00   -14.9264
  21500.00   -14.8384
  21510.00   -15.0485
  21520.00   -15.2043
  21530.00   -14.2238
  21540.00   -15.3677
  21550.00   -15.3239
  21560.00   -15.5341
  21570.00   -14.9080
  21580.00   -14.7873
  21590.00   -14.4932
  21600.00   -15.5189
  21610.00   -15.0161
  21620.00   -14.8459
  21630.00   -15.2768
  21640.00   -15.5763
  21650.00   -15.0477
  21660.00   -14.9024
  21670.00   -14.9544
  21680.00   -14.8532
  21690.00   -14.8677
  21700.00   -15.1348
  21710.00   -14.7977
  21720.00   -15.0445
  21730.00   -14.8552
  21740.00   -15.0500
  21750.00   -15.6659
  21760.00   -15.4239
  21770.00   -14.4082
  21780.00   -14.9811
  21790.00   -15.1283
  21800.00   -15.2370
  21810.00   -15.3421
  21820.00   -14.9188
  21830.00   -15.4930
  21840.00   -14.6908
  21850.00   -14.7177
  21860.00   -15.4346
  21870.00   -14.6552
  21880.00   -15.1203
  21890.00   -14.5177
  21900.00   -14.7641
  21910.00   -14.7393
  21920.00   -14.8673
  21930.00   -15.1778
  21940.00   -15.3355
  21950.00   -14.2768
  21960.00   -14.8574
  21970.00   -14.5724
  21980.00   -15.2208
  21990.00   -15.2345
  22000.00   -15.1107
  22010.00   -14.9722
  22020.00   -14.7218
  22030.00   -15.2800
  22040.00   -15.4201
  22050.00   -15.1384
  22060.00   -15.1429
  22070.00   -14.5700
  22080.00   -15.3611
  22090.00   -15.4218
  22100.00   -14.9504
  22110.00   -15.1105
  22120.00   -15.3445
  22130.00   -15.0195
  22140.00   -14.6472
  22150.00   -14.7009
  22160.00   -15.3804
  22170.00   -15.0684
  22180.00   -14.9548
  22190.00   -14.8948
  22200.00   -14.7646
  22210.00   -15.0291
  22220.00   -14.8058
  22230.00   -15.2268
  22240.00   -14.8054
  22250.00   -15.0057
  22260.00   -14.6438
  22270.00   -14.8845
  22280.00   -14.6425
  22290.00   -14.8558
  22300.00   -14.3901
  22310.00   -15.0806
  22320.00   -14.4876
  22330.00   -14.6996
  22340.00   -14.8102
  22350.00   -14.5557
  22360.00   -15.1042
  22370.00   -14.6077
  22380.00   -14.7276
  22390.00   -14.9954
  22400.00   -14.4763
  22410.00   -14.6610
  22420.00   -15.1870
  22430.00   -14.7949
  22440.00   -14.5609
  22450.00   -14.5706
  22460.00   -14.9155
  22470.00   -15.1786
  22480.00   -15.1344
  22490.00   -15.0500
  22500.00   -14.4819
  22510.00   -14.9269
  22520.00   -14.0708
  22530.00   -14.5792
  22540.00   -14.7806
  22550.00   -14.6183
  22560.00   -15.2323
  22570.00   -14.4604
  22580.00   -14.5127
  22590.00   -14.9667
  22600.00   -14.4481
  22610.00   -14.1474
  22620.00   -15.0142
  22630.00   -14.8465
  22640.00   -15.0088
  22650.00   -15.3043
  22660.00   -15.2704
  22670.00   -15.1272
  22680.00   -15.3263
  22690.00   -15.2368
  22700.00   -14.7462
  22710.00   -14.9482
  22720.00   -14.7662
  22730.00   -14.6458
  22740.00   -15.4703
  22750.00   -15.2243
  22760.00   -15.2160
  22770.00   -15.3784
  22780.00   -15.6397
  22790.00   -14.9478
  22800.00   -14.7571
  22810.00   -15.1299
  22820.00   -14.8471
  22830.00   -15.0942
  22840.00   -14.7440
  22850.00   -14.4993
  22860.00   -15.0873
  22870.00   -15.0848
  22880.00   -15.4402
  22890.00   -14.9986
  22900.00   -14.9569
  22910.00   -15.6013
  22920.00   -14.7047
  22930.00   -15.1062
  22940.00   -14.9718
  22950.00   -15.5736
  22960.00   -14.8645
  22970.00   -15.2460
  22980.00   -15.0914
  22990.00   -15.0962
  23000.00   -14.9085
  23010.00   -15.2998
  23020.00   -14.9558
  23030.00   -15.4289
  23040.00   -15.2195
  23050.00   -14.9100
  23060.00   -15.3027
  23070.00   -15.2803
  23080.00   -14.6924
  23090.00   -14.8960
  23100.00   -15.1474
  23110.00   -15.2216
  23120.00   -15.1572
  23130.00   -14.7205
  23140.00   -15.1451
  23150.00   -14.7633
  23160.00   -14.8704
  23170.00   -14.5279
  23180.00   -14.7967
  23190.00   -14.8183
  23200.00   -14.7617
  23210.00   -15.0756
  23220.00   -14.6762
  23230.00   -15.0297
  23240.00   -15.1722
  23250.00   -15.4502
  23260.00   -15.3695
  23270.00   -15.1245
  23280.00   -14.7775
  23290.00   -14.9322
  23300.00   -15.1517
  23310.00   -14.6090
  23320.00   -14.5315
  23330.00   -14.9925
  23340.00   -15.3654
  23350.00   -15.2972
  23360.00   -15.5473
  23370.00   -14.7931
  23380.00   -14.7253
  23390.00   -15.0696
  23400.00   -14.7102
  23410.00   -14.8603
  23420.00   -15.0542
  23430.00   -15.3124
  23440.00   -14.9527
  23450.00   -14.8976
  23460.00   -14.8826
  23470.00   -15.1401
  23480.00   -14.6676
  23490.00   -15.6810
  23500.00   -14.9519
  23510.00   -15.4299
  23520.00   -14.8532
  23530.00   -15.2228
  23540.00   -15.0762
  23550.00   -14.6501
  23560.00   -15.0934
  23570.00   -15.0637
  23580.00   -14.9069
  23590.00   -14.5708
  23600.00   -14.6155
  23610.00   -14.8501
  23620.00   -14.7297
  23630.00   -14.8462
  23640.00   -15.4737
  23650.00   -15.0936
  23660.00   -14.9406
  23670.00   -15.2046
  23680.00   -15.2501
  23690.00   -15.1944
  23700.00   -14.9548
  23710.00   -14.9402
  23720.00   -15.4382
  23730.00   -14.7520
  23740.00   -15.3024
  23750.00   -15.4116
  23760.00   -14.8595
  23770.00   -15.0881
  23780.00   -15.4639
  23790.00   -15.1689
  23800.00   -14.7659
  23810.00   -15.8124
  23820.00   -15.5419
  23830.00   -14.8582
  23840.00   -14.6578
  23850.00   -15.1855
  23860.00   -14.9167
  23870.00   -14.7470
  23880.00   -14.9937
  23890.00   -14.9181
  23900.00   -15.0165
  23910.00   -15.2061
  23920.00   -14.5336
  23930.00   -14.9142
  23940.00   -15.0246
  23950.00   -15.2055
  23960.00   -15.0778
  23970.00   -14.5288
  23980.00   -14.5746
  23990.00   -15.3168
  24000.00   -14.8800
  24010.00   -14.8961
  24020.00   -15.3371
  24030.00   -14.9799
  24040.00   -15.3712
  24050.00   -14.7536
  24060.00   -15.1757
  24070.00   -15.0105
  24080.00   -15.2870
  24090.00   -14.8491
  24100.00   -14.8413
  24110.00   -15.0447
  24120.00   -14.7657
  24130.00   -15.1014
  24140.00   -15.2020
  24150.00   -14.7067
  24160.00   -15.0573
  24170.00   -14.8025
  24180.00   -14.6598
  24190.00   -14.8523
  24200.00   -15.2358
  24210.00   -14.8585
  24220.00   -14.7239
  24230.00   -14.8026
  24240.00   -14.6315
  24250.00   -15.3475
  24260.00   -15.3060
  24270.00   -14.9074
  24280.00   -14.9657
  24290.00   -14.8882
  24300.00   -14.9538
  24310.00   -14.5309
  24320.00   -15.2202
  24330.00   -14.5812
  24340.00   -15.4140
  24350.00   -14.8912
  24360.00   -14.5227
  24370.00   -14.8372
  24380.00   -15.2810
  24390.00   -14.4797
  24400.00   -14.9009
  24410.00   -15.2424
  24420.00   -14.9977
  24430.00   -14.6261
  24440.00   -15.0967
  24450.00   -14.8652
  24460.00   -14.2370
  24470.00   -15.0066
  24480.00   -14.7079
  24490.00   -14.8989
  24500.00   -14.8838
  24510.00   -15.1634
  24520.00   -14.6996
  24530.00   -14.9355
  24540.00   -14.8368
  24550.00   -14.4803
  24560.00   -14.8939
  24570.00   -14.5165
  24580.00   -15.0999
  24590.00   -14.8625
  24600.00   -14.7265
  24610.00   -15.2086
  24620.00   -14.9825
  24630.00   -14.9354
  24640.00   -15.4923
  24650.00   -15.0004
  24660.00   -14.9464
  24670.00   -15.7577
  24680.00   -15.5877
  24690.00   -15.1761
  24700.00   -14.5105
  24710.00   -14.8601
  24720.00   -14.6948
  24730.00   -14.9191
  24740.00   -14.8752
  24750.00   -14.6307
  24760.00   -14.9527
  24770.00   -14.8140
  24780.00   -14.7430
  24790.00   -14.9513
  24800.00   -14.7270
  24810.00   -15.2425
  24820.00   -15.1476
  24830.00   -14.5616
  24840.00   -14.9548
  24850.00   -14.9891
  24860.00   -15.1708
  24870.00   -14.8717
  24880.00   -14.2758
  24890.00   -14.7719
  24900.00   -15.0609
  24910.00   -15.0771
  24920.00   -15.1027
  24930.00   -15.2606
  24940.00   -15.3639
  24950.00   -14.7126
  24960.00   -14.8571
  24970.00   -14.9734
  24980.00   -15.3197
  24990.00   -15.1818
  25000.00   -14.8837
  25010.00   -14.8743
  25020.00   -14.6379
  25030.00   -14.7609
  25040.00   -15.0753
  25050.00   -15.0730
  25060.00   -15.6679
  25070.00   -15.0007
  25080.00   -14.5885
  25090.00   -14.9107
  25100.00   -14.9707
  25110.00   -14.7566
  25120.00   -14.8566
  25130.00   -15.4837
  25140.00   -14.9197
  25150.00   -15.2718
  25160.00   -15.4144
  25170.00   -14.8050
  25180.00   -14.6792
  25190.00   -14.9231
  25200.00   -15.0737
  25210.00   -14.5922
  25220.00   -14.7257
  25230.00   -15.0886
  25240.00   -15.4051
  25250.00   -14.7434
  25260.00   -15.5602
  25270.00   -15.1960
  25280.00   -15.0801
  25290.00   -14.7355
  25300.00   -15.2315
  25310.00   -14.6958
  25320.00   -14.4131
  25330.00   -15.4314
  25340.00   -14.5879
  25350.00   -15.1087
  25360.00   -14.7870
  25370.00   -14.4707
  25380.00   -14.4256
  25390.00   -15.3630
  25400.00   -14.7130
  25410.00   -15.1227
  25420.00   -14.9313
  25430.00   -15.2100
  25440.00   -14.6639
  25450.00   -14.6952
  25460.00   -14.6874
  25470.00   -14.9276
  25480.00   -14.9253
  25490.00   -15.0495
  25500.00   -14.7242
  25510.00   -15.1944
  25520.00   -14.3607
  25530.00   -15.0963
  25540.00   -14.1763
  25550.00   -14.8259
  25560.00   -15.2311
  25570.00   -15.0041
  25580.00   -14.9768
  25590.00   -14.8786
  25600.00   -14.9656
  25610.00   -15.4376
  25620.00   -15.3855
  25630.00   -15.3132
  25640.00   -14.9867
  25650.00   -15.0639
  25660.00   -15.1990
  25670.00   -15.3804
  25680.00   -15.0169
  25690.00   -14.7945
  25700.00   -14.6013
  25710.00   -14.9386
  25720.00   -14.8598
  25730.00   -14.8222
  25740.00   -14.7536
  25750.00   -15.4022
  25760.00   -14.7530
  25770.00   -15.0643
  25780.00   -15.1720
  25790.00   -15.1097
  25800.00   -15.2283
  25810.00   -15.4890
  25820.00   -14.9981
  25830.00   -15.0394
  25840.00   -15.0154
  25850.00   -15.4529
  25860.00   -15.1328
  25870.00   -15.1786
  25880.00   -14.9843
  25890.00   -14.9163
  25900.00   -14.7835
  25910.00   -15.2458
  25920.00   -14.3497
  25930.00   -15.1924
  25940.00   -14.9875
  25950.00   -15.3023
  25960.00   -14.9904
  25970.00   -14.9555
  25980.00   -15.3274
  25990.00   -14.9937
  26000.00   -14.9722
  26010.00   -15.1889
  26020.00   -15.1984
  26030.00   -14.6711
  26040.00   -15.0401
  26050.00   -15.2492
  26060.00   -15.3539
  26070.00   -14.9365
  26080.00   -15.0181
  26090.00   -15.5384
  26100.00   -14.6880
  26110.00   -14.9821
  26120.00   -15.0352
  26130.00   -15.6106
  26140.00   -14.5775
  26150.00   -15.0319
  26160.00   -15.1645
  26170.00   -15.1457
  26180.00   -15.0107
  26190.00   -14.6431
  26200.00   -14.7027
  26210.00   -14.8958
  26220.00   -14.6542
  26230.00   -14.6738
  26240.00   -14.8373
  26250.00   -14.5359
  26260.00   -14.9252
  26270.00   -15.0627
  26280.00   -14.8656
  26290.00   -14.9619
  26300.00   -15.6077
  26310.00   -14.7613
  26320.00   -15.0800
  26330.00   -14.5737
  26340.00   -14.9047
  26350.00   -14.5951
  26360.00   -14.9435
  26370.00   -14.4934
  26380.00   -14.6500
  26390.00   -14.6823
  26400.00   -14.6353
  26410.00   -14.8212
  26420.00   -15.2413
  26430.00   -15.0704
  26440.00   -14.4012
  26450.00   -15.1520
  26460.00   -15.3843
  26470.00   -14.9496
  26480.00   -15.3532
  26490.00   -14.8962
  26500.00   -15.6626
  26510.00   -15.1485
  26520.00   -14.8325
  26530.00   -15.2304
  26540.00   -15.1432
  26550.00   -14.6745
  26560.00   -15.1092
  26570.00   -14.8533
  26580.00   -15.1428
  26590.00   -15.2448
  26600.00   -14.9840
  26610.00   -15.3673
  26620.00   -15.1000
  26630.00   -14.8716
  26640.00   -14.4008
  26650.00   -15.2402
  26660.00   -14.6879
  26670.00   -15.1997
  26680.00   -15.3546
  26690.00   -14.7011
  26700.00   -14.9467
  26710.00   -15.2536
  26720.00   -14.9481
  26730.00   -14.6555
  26740.00   -14.3433
  26750.00   -15.0898
  26760.00   -14.7981
  26770.00   -14.7549
  26780.00   -14.5472
  26790.00   -15.0464
  26800.00   -15.1171
  26810.00   -14.1590
  26820.00   -14.7711
  26830.00   -14.6209
  26840.00   -14.9872
  26850.00   -14.8487
  26860.00   -14.6837
  26870.00   -15.1102
  26880.00   -14.7573
  26890.00   -14.3628
  26900.00   -14.5446
  26910.00   -14.7253
  26920.00   -15.2244
  26930.00   -14.6574
  26940.00   -15.2243
  26950.00   -15.1272
  26960.00   -14.9506
  26970.00   -15.2982
  26980.00   -15.3824
  26990.00   -14.7604
  27000.00   -15.8568
  27010.00   -14.8526
  27020.00   -14.8612
  27030.00   -14.7871
  27040.00   -14.9928
  27050.00   -14.4143
  27060.00   -14.9111
  27070.00   -14.9221
  27080.00   -14.6234
  27090.00   -14.9774
  27100.00   -14.8396
  27110.00   -14.7454
  27120.00   -15.7249
  27130.00   -14.6664
  27140.00   -14.8286
  27150.00   -14.9364
  27160.00   -15.1554
  27170.00   -14.8011
  27180.00   -15.1870
  27190.00   -15.4404
  27200.00   -15.4329
  27210.00   -15.1963
  27220.00   -15.6518
  27230.00   -14.7975
  27240.00   -15.2324
  27250.00   -14.6104
  27260.00   -15.1599
  27270.00   -14.8339
  27280.00   -15.0856
  27290.00   -15.8355
  27300.00   -15.0981
  27310.00   -14.7658
  27320.00   -14.7936
  27330.00   -14.5372
  27340.00   -14.9462
  27350.00   -14.5459
  27360.00   -14.9931
  27370.00   -14.9986
  27380.00   -14.9425
  27390.00   -14.4359
  27400.00   -14.6665
  27410.00   -14.4781
  27420.00   -14.9201
  27430.00   -14.6267
  27440.00   -14.7992
  27450.00   -15.1838
  27460.00   -14.7741
  27470.00   -15.2436
  27480.00   -15.1632
  27490.00   -14.7574
  27500.00   -15.1212
  27510.00   -14.9069
  27520.00   -14.8060
  27530.00   -14.2868
  27540.00   -15.0981
  27550.00   -15.2929
  27560.00   -14.6460
  27570.00   -14.8427
  27580.00   -14.9063
  27590.00   -15.0224
  27600.00   -15.1610
  27610.00   -14.3241
  27620.00   -15.1644
  27630.00   -14.9995
  27640.00   -14.4019
  27650.00   -14.9813
  27660.00   -14.7868
  27670.00   -14.8782
  27680.00   -15.1626
  27690.00   -14.8141
  27700.00   -14.8125
  27710.00   -14.1292
  27720.00   -14.6810
  27730.00   -14.7315
  27740.00   -14.8082
  27750.00   -14.9247
  27760.00   -14.6912
  27770.00   -14.7052
  27780.00   -14.7285
  27790.00   -14.6165
  27800.00   -14.6654
  27810.00   -14.9279
  27820.00   -14.4819
  27830.00   -14.8045
  27840.00   -15.3449
  27850.00   -15.1295
  27860.00   -15.0100
  27870.00   -15.0429
  27880.00   -14.9132
  27890.00   -15.2989
  27900.00   -14.6084
  27910.00   -15.0248
  27920.00   -15.2973
  27930.00   -15.3517
  27940.00   -15.2615
  27950.00   -15.0159
  27960.00   -14.9724
  27970.00   -14.7438
  27980.00   -14.9688
  27990.00   -14.9128
  28000.00   -14.8417
  28010.00   -15.4411
  28020.00   -14.7755
  28030.00   -14.1449
  28040.00   -14.9892
  28050.00   -14.6541
  28060.00   -15.0716
  28070.00   -14.7556
  28080.00   -14.7653
  28090.00   -14.7602
  28100.00   -15.2640
  28110.00   -14.8213
  28120.00   -14.5571
  28130.00   -14.9139
  28140.00   -14.7881
  28150.00   -14.9875
  28160.00   -15.2630
  28170.00   -14.9959
  28180.00   -15.4717
  28190.00   -14.9284
  28200.00   -14.9113
  28210.00   -14.9764
  28220.00   -15.0724
  28230.00   -15.2799
  28240.00   -14.8899
  28250.00   -15.0285
  28260.00   -15.2628
  28270.00   -15.2273
  28280.00   -14.3233
  28290.00   -15.2237
  28300.00   -15.6092
  28310.00   -15.3295
  28320.00   -15.3542
  28330.00   -15.0198
  28340.00   -14.7838
  28350.00   -15.1037
  28360.00   -15.5582
  28370.00   -15.0387
  28380.00   -14.8511
  28390.00   -14.9395
  28400.00   -14.9882
  28410.00   -15.2483
  28420.00   -14.8460
  28430.00   -15.2545
  28440.00   -15.2229
  28450.00   -15.1520
  28460.00   -14.6396
  28470.00   -15.5281
  28480.00   -14.8878
  28490.00   -15.2469
  28500.00   -15.0463
  28510.00   -14.9688
  28520.00   -15.3441
  28530.00   -15.2602
  28540.00   -15.2138
  28550.00   -14.6724
  28560.00   -15.5621
  28570.00   -15.1454
  28580.00   -15.4413
  28590.00   -15.2739
  28600.00   -14.6638
  28610.00   -14.8780
  28620.00   -15.0688
  28630.00   -15.5936
  28640.00   -15.1798
  28650.00   -15.4625
  28660.00   -15.3969
  28670.00   -14.7328
  28680.00   -15.1577
  28690.00   -15.2535
  28700.00   -15.1370
  28710.00   -15.0880
  28720.00   -15.0801
  28730.00   -14.0739
  28740.00   -15.0705
  28750.00   -15.1860
  28760.00   -15.5974
  28770.00   -14.7673
  28780.00   -14.3371
  28790.00   -14.6414
  28800.00   -14.2993
  28810.00   -15.7024
  28820.00   -15.0818
  28830.00   -14.5428
  28840.00   -14.5608
  28850.00   -15.4934
  28860.00   -14.9988
  28870.00   -15.4365
  28880.00   -14.7371
  28890.00   -14.7477
  28900.00   -14.3160
  28910.00   -14.9671
  28920.00   -15.0405
  28930.00   -14.8417
  28940.00   -15.0694
  28950.00   -14.9930
  28960.00   -15.1184
  28970.00   -14.8132
  28980.00   -14.5861
  28990.00   -15.0432
  29000.00   -15.0922
  29010.00   -15.0225
  29020.00   -14.9111
  29030.00   -14.8072
  29040.00   -14.7609
  29050.00   -15.0879
  29060.00   -15.0156
  29070.00   -15.3144
  29080.00   -15.4612
  29090.00   -15.1161
  29100.00   -15.0762
  29110.00   -15.1657
  29120.00   -15.1318
  29130.00   -15.0819
  29140.00   -15.2988
  29150.00   -15.3411
  29160.00   -14.7335
  29170.00   -14.8402
  29180.00   -15.3708
  29190.00   -14.7776
  29200.00   -14.6675
  29210.00   -15.2300
  29220.00   -15.2417
  29230.00   -15.0460
  29240.00   -14.8885
  29250.00   -14.9250
  29260.00   -15.0083
  29270.00   -15.0407
  29280.00   -15.1744
  29290.00   -15.3114
  29300.00   -15.1748
  29310.00   -14.6054
  29320.00   -15.3953
  29330.00   -15.0049
  29340.00   -14.5464
  29350.00   -14.7462
  29360.00   -14.8690
  29370.00   -14.4161
  29380.00   -14.8352
  29390.00   -14.5404
  29400.00   -14.8344
  29410.00   -15.2584
  29420.00   -14.9763
  29430.00   -15.2232
  29440.00   -14.9334
  29450.00   -14.8984
  29460.00   -14.5601
  29470.00   -14.2639
  29480.00   -14.6877
  29490.00   -14.9317
  29500.00   -15.0356
  29510.00   -14.7966
  29520.00   -14.7732
  29530.00   -15.2653
  29540.00   -14.7326
  29550.00   -14.8731
  29560.00   -14.8405
  29570.00   -15.2371
  29580.00   -15.5292
  29590.00   -14.5310
  29600.00   -14.8117
  29610.00   -15.0784
  29620.00   -15.5373
  29630.00   -14.5776
  29640.00   -14.9281
  29650.00   -15.0880
  29660.00   -14.6688
  29670.00   -14.5827
  29680.00   -14.9042
  29690.00   -14.5902
  29700.00   -15.2077
  29710.00   -14.3441
  29720.00   -14.7179
  29730.00   -15.1060
  29740.00   -14.5459
  29750.00   -14.8094
  29760.00   -14.9935
  29770.00   -14.9557
  29780.00   -15.1476
  29790.00   -15.1065
  29800.00   -15.1478
  29810.00   -14.8487
  29820.00   -14.7700
  29830.00   -14.6510
  29840.00   -15.1213
  29850.00   -15.1643
  29860.00   -14.7039
  29870.00   -15.1485
  29880.00   -15.1317
  29890.00   -15.4094
  29900.00   -14.5699
  29910.00   -15.3410
  29920.00   -14.6320
  29930.00   -14.7180
  29940.00   -14.2757
  29950.00   -14.4951
  29960.00   -14.9927
  29970.00   -15.0734
  29980.00   -15.2066
  29990.00   -14.7256
  30000.00   -14.7846
  30010.00   -14.8836
  30020.00   -15.2234
  30030.00   -15.5997
  30040.00   -15.1523
  30050.00   -14.9248
  30060.00   -15.0578
  30070.00   -15.4210
  30080.00   -15.0493
  30090.00   -14.9320
  30100.00   -14.8908
  30110.00   -14.9827
  30120.00   -14.7347
  30130.00   -14.3061
  30140.00   -15.0407
  30150.00   -15.2281
  30160.00   -15.0042
  30170.00   -14.5863
  30180.00   -15.2564
  30190.00   -15.2998
  30200.00   -15.0372
  30210.00   -14.8242
  30220.00   -14.8031
  30230.00   -15.1137
  30240.00   -14.5461
  30250.00   -14.5981
  30260.00   -14.6339
  30270.00   -14.6819
  30280.00   -14.9687
  30290.00   -14.9099
  30300.00   -15.0533
  30310.00   -14.5480
  30320.00   -14.6337
  30330.00   -14.9422
  30340.00   -14.9899
  30350.00   -14.7152
  30360.00   -14.4826
  30370.00   -14.7011
  30380.00   -15.1036
  30390.00   -14.8253
  30400.00   -15.4239
  30410.00   -15.2780
  30420.00   -14.9244
  30430.00   -14.4039
  30440.00   -15.2547
  30450.00   -14.8493
  30460.00   -15.1949
  30470.00   -14.3464
  30480.00   -14.6361
  30490.00   -14.5513
  30500.00   -15.1437
  30510.00   -14.8591
  30520.00   -14.9618
  30530.00   -15.5645
  30540.00   -15.5255
  30550.00   -15.2830
  30560.00   -14.7412
  30570.00   -15.0848
  30580.00   -15.0466
  30590.00   -14.5059
  30600.00   -15.0173
  30610.00   -15.0808
  30620.00   -14.6405
  30630.00   -15.1681
  30640.00   -14.9052
  30650.00   -14.5423
  30660.00   -15.6635
  30670.00   -14.7145
  30680.00   -15.2209
  30690.00   -14.6437
  30700.00   -14.3770
  30710.00   -14.6900
  30720.00   -14.9800
  30730.00   -14.9984
  30740.00   -14.4499
  30750.00   -14.9146
  30760.00   -15.0356
  30770.00   -14.8928
  30780.00   -14.9139
  30790.00   -14.9438
  30800.00   -14.7312
  30810.00   -15.0129
  30820.00   -14.8350
  30830.00   -15.0754
  30840.00   -14.5225
  30850.00   -14.4789
  30860.00   -14.8079
  30870.00   -14.4887
  30880.00   -14.7449
  30890.00   -14.5013
  30900.00   -14.4988
  30910.00   -15.1292
  30920.00   -14.6140
  30930.00   -15.2112
  30940.00   -15.2523
  30950.00   -14.7060
  30960.00   -14.9762
  30970.00   -15.0860
  30980.00   -14.9346
  30990.00   -14.7197
  31000.00   -14.9629
  31010.00   -14.7927
  31020.00   -14.9168
  31030.00   -14.8375
  31040.00   -14.9840
  31050.00   -15.1864
  31060.00   -14.9276
  31070.00   -14.4824
  31080.00   -14.6652
  31090.00   -14.8505
  31100.00   -15.1116
  31110.00   -14.7086
  31120.00   -14.8523
  31130.00   -14.7171
  31140.00   -15.2890
  31150.00   -14.7168
  31160.00   -14.6533
  31170.00   -14.7500
  31180.00   -14.9453
  31190.00   -14.9648
  31200.00   -14.8945
  31210.00   -15.0544
  31220.00   -14.5019
  31230.00   -14.5373
  31240.00   -15.0565
  31250.00   -15.3484
  31260.00   -15.1275
  31270.00   -14.7611
  31280.00   -15.1179
  31290.00   -14.9065
  31300.00   -14.7121
  31310.00   -14.9558
  31320.00   -14.8512
  31330.00   -15.1066
  31340.00   -14.9000
  31350.00   -14.8369
  31360.00   -15.1460
  31370.00   -14.7589
  31380.00   -15.0393
  31390.00   -15.1422
  31400.00   -15.1257
  31410.00   -15.0104
  31420.00   -15.2688
  31430.00   -15.3348
  31440.00   -14.8459
  31450.00   -15.1840
  31460.00   -15.3421
  31470.00   -14.9119
  31480.00   -15.1688
  31490.00   -14.7374
  31500.00   -14.6294
  31510.00   -15.3540
  31520.00   -15.5313
  31530.00   -15.4023
  31540.00   -15.5961
  31550.00   -14.7565
  31560.00   -14.9930
  31570.00   -14.5493
  31580.00   -14.6693
  31590.00   -14.8217
  31600.00   -15.0768
  31610.00   -14.6711
  31620.00   -15.0902
  31630.00   -14.5494
  31640.00   -14.9817
  31650.00   -14.7198
  31660.00   -14.8638
  31670.00   -14.5395
  31680.00   -15.1983
  31690.00   -14.9258
  31700.00   -15.2090
  31710.00   -14.3427
  31720.00   -14.5469
  31730.00   -15.4470
  31740.00   -14.8625
  31750.00   -15.1103
  31760.00   -14.9694
  31770.00   -15.2063
  31780.00   -14.6340
  31790.00   -15.3714
  31800.00   -15.2119
  31810.00   -14.9328
  31820.00   -15.2272
  31830.00   -14.8476
  31840.00   -14.4829
  31850.00   -15.6353
  31860.00   -15.1222
  31870.00   -15.3104
  31880.00   -14.9579
  31890.00   -14.8702
  31900.00   -14.8053
  31910.00   -15.1522
  31920.00   -15.0341
  31930.00   -15.3033
  31940.00   -14.8861
  31950.00   -14.8463
  31960.00   -15.2171
  31970.00   -14.5745
  31980.00   -14.9406
  31990.00   -14.4343
  32000.00   -14.9407
  32010.00   -14.9711
  32020.00   -14.9630
  32030.00   -15.1505
  32040.00   -14.9436
  32050.00   -15.4872
  32060.00   -14.9075
  32070.00   -14.4943
  32080.00   -14.7914
  32090.00   -15.2950
  32100.00   -14.9098
  32110.00   -14.9871
  32120.00   -15.3374
  32130.00   -15.2503
  32140.00   -14.5642
  32150.00   -14.9787
  32160.00   -15.2284
  32170.00   -14.6198
  32180.00   -15.1593
  32190.00   -15.0349
  32200.00   -14.8343
  32210.00   -15.2884
  32220.00   -14.7454
  32230.00   -15.1483
  32240.00   -15.2887
  32250.00   -15.4480
  32260.00   -15.1606
  32270.00   -14.8310
  32280.00   -15.3932
  32290.00   -15.5300
  32300.00   -14.8671
  32310.00   -15.5935
  32320.00   -15.0171
  32330.00   -14.9833
  32340.00   -15.3464
  32350.00   -15.7384
  32360.00   -14.9974
  32370.00   -14.8341
  32380.00   -15.0917
  32390.00   -15.1816
  32400.00   -14.9444
  32410.00   -14.9784
  32420.00   -15.1966
  32430.00   -15.1221
  32440.00   -15.3254
  32450.00   -15.0637
  32460.00   -15.0796
  32470.00   -15.2526
  32480.00   -14.8714
  32490.00   -15.2307
  32500.00   -14.7685
  32510.00   -15.0993
  32520.00   -14.9876
  32530.00   -14.8457
  32540.00   -15.1507
  32550.00   -14.7525
  32560.00   -15.0175
  32570.00   -14.6808
  32580.00   -14.7544
  32590.00   -15.1128
  32600.00   -14.8176
  32610.00   -15.1132
  32620.00   -14.7982
  32630.00   -14.6146
  32640.00   -14.9948
  32650.00   -14.6444
  32660.00   -14.8340
  32670.00   -14.4828
  32680.00   -14.8798
  32690.00   -14.6913
  32700.00   -14.5819
  32710.00   -14.4565
  32720.00   -15.1097
  32730.00   -14.5966
  32740.00   -15.0324
  32750.00   -14.9205
  32760.00   -15.0615
  32770.00   -14.7020
  32780.00   -15.1908
  32790.00   -14.9004
  32800.00   -14.7591
  32810.00   -14.5672
  32820.00   -14.9830
  32830.00   -14.9348
  32840.00   -15.1363
  32850.00   -14.9600
  32860.00   -14.8665
  32870.00   -15.1669
  32880.00   -14.3609
  32890.00   -15.5748
  32900.00   -14.8607
  32910.00   -15.1971
  32920.00   -14.9211
  32930.00   -14.7546
  32940.00   -14.5540
  32950.00   -14.5528
  32960.00   -15.0547
  32970.00   -15.5153
  32980.00   -14.8879
  32990.00   -15.1936
  33000.00   -14.8038
  33010.00   -14.9714
  33020.00   -14.8072
  33030.00   -14.9201
  33040.00   -14.7158
  33050.00   -14.7699
  33060.00   -15.0366
  33070.00   -14.6249
  33080.00   -14.9930
  33090.00   -15.4807
  33100.00   -14.6708
  33110.00   -14.8618
  33120.00   -15.2667
  33130.00   -14.9549
  33140.00   -14.6105
  33150.00   -14.7481
  33160.00   -14.3015
  33170.00   -15.0056
  33180.00   -14.8922
  33190.00   -14.6328
  33200.00   -14.9687
  33210.00   -14.6587
  33220.00   -14.3415
  33230.00   -15.2300
  33240.00   -15.3113
  33250.00   -15.1877
  33260.00   -15.2487
  33270.00   -14.7372
  33280.00   -15.1832
  33290.00   -14.8677
  33300.00   -14.9745
  33310.00   -15.0742
  33320.00   -14.9279
  33330.00   -14.7320
  33340.00   -15.2446
  33350.00   -14.5193
  33360.00   -14.7485
  33370.00   -14.3712
  33380.00   -14.8039
  33390.00   -15.4021
  33400.00   -14.5063
  33410.00   -15.0876
  33420.00   -14.9919
  33430.00   -14.7385
  33440.00   -14.6428
  33450.00   -14.3835
  33460.00   -14.4406
  33470.00   -15.5609
  33480.00   -14.6793
  33490.00   -14.8302
  33500.00   -14.9610
  33510.00   -14.2956
  33520.00   -14.9106
  33530.00   -14.8364
  33540.00   -14.6176
  33550.00   -14.7048
  33560.00   -14.9081
  33570.00   -15.2260
  33580.00   -14.7410
  33590.00   -14.6627
  33600.00   -14.7721
  33610.00   -14.6244
  33620.00   -14.9710
  33630.00   -14.4782
  33640.00   -14.7715
  33650.00   -14.8237
  33660.00   -14.9041
  33670.00   -15.3632
  33680.00   -15.4937
  33690.00   -14.6775
  33700.00   -14.4543
  33710.00   -14.7290
  33720.00   -15.1820
  33730.00   -14.9111
  33740.00   -14.8364
  33750.00   -14.4736
  33760.00   -14.4553
  33770.00   -15.1282
  33780.00   -15.0628
  33790.00   -15.2080
  33800.00   -15.1769
  33810.00   -15.3125
  33820.00   -14.9823
  33830.00   -14.9279
  33840.00   -14.8321
  33850.00   -15.1302
  33860.00   -14.8910
  33870.00   -14.7933
  33880.00   -15.0919
  33890.00   -15.1021
  33900.00   -15.0002
  33910.00   -14.4429
  33920.00   -14.6065
  33930.00   -14.6447
  33940.00   -14.7851
  33950.00   -14.7218
  33960.00   -14.9108
  33970.00   -15.2140
  33980.00   -15.3256
  33990.00   -15.2856
  34000.00   -15.0439
  34010.00   -15.4346
  34020.00   -15.1417
  34030.00   -14.6132
  34040.00   -14.6421
  34050.00   -14.7136
  34060.00   -15.1350
  34070.00   -14.9266
  34080.00   -14.6018
  34090.00   -14.7171
  34100.00   -14.7891
  34110.00   -14.7315
  34120.00   -14.8148
  34130.00   -14.6623
  34140.00   -15.1282
  34150.00   -15.2254
  34160.00   -14.8637
  34170.00   -14.9435
  34180.00   -14.4565
  34190.00   -14.8903
  34200.00   -15.4644
  34210.00   -15.3021
  34220.00   -14.9287
  34230.00   -14.8709
  34240.00   -14.5742
  34250.00   -14.2112
  34260.00   -14.8333
  34270.00   -14.4365
  34280.00   -15.1378
  34290.00   -14.5001
  34300.00   -14.3968
  34310.00   -15.3122
  34320.00   -14.4410
  34330.00   -14.4915
  34340.00   -14.5716
  34350.00   -14.3488
  34360.00   -14.6426
  34370.00   -13.8772
  34380.00   -14.6127
  34390.00   -14.7154
  34400.00   -14.5774
  34410.00   -14.6929
  34420.00   -14.6991
  34430.00   -15.4102
  34440.00   -14.8530
  34450.00   -15.2166
  34460.00   -14.9168
  34470.00   -15.2559
  34480.00   -14.5518
  34490.00   -14.8773
  34500.00   -14.4848
  34510.00   -14.5049
  34520.00   -14.1708
  34530.00   -14.6905
  34540.00   -14.8367
  34550.00   -14.7193
  34560.00   -14.4559
  34570.00   -14.3240
  34580.00   -15.0290
  34590.00   -14.9234
  34600.00   -14.9786
  34610.00   -15.2658
  34620.00   -15.2331
  34630.00   -14.6455
  34640.00   -14.6419
  34650.00   -14.2652
  34660.00   -15.1206
  34670.00   -15.0363
  34680.00   -15.0197
  34690.00   -14.7631
  34700.00   -14.4462
  34710.00   -15.1824
  34720.00   -14.6312
  34730.00   -15.0069
  34740.00   -14.2318
  34750.00   -14.6171
  34760.00   -15.1196
  34770.00   -14.2974
  34780.00   -14.5874
  34790.00   -14.4578
  34800.00   -14.8643
  34810.00   -15.1928
  34820.00   -14.5757
  34830.00   -14.9821
  34840.00   -14.8564
  34850.00   -15.4245
  34860.00   -15.0427
  34870.00   -14.6009
  34880.00   -14.9364
  34890.00   -14.9084
  34900.00   -14.7071
  34910.00   -15.2388
  34920.00   -14.5447
  34930.00   -15.0825
  34940.00   -14.7486
  34950.00   -14.8631
  34960.00   -15.5152
  34970.00   -15.1134
  34980.00   -15.0659
  34990.00   -14.5905
  35000.00   -15.2369
  35010.00   -15.2228
  35020.00   -15.3162
  35030.00   -14.4617
  35040.00   -14.7195
  35050.00   -14.6556
  35060.00   -14.3212
  35070.00   -14.6876
  35080.00   -14.7800
  35090.00   -15.0421
  35100.00   -14.4537
  35110.00   -15.1605
  35120.00   -15.2487
  35130.00   -14.6769
  35140.00   -14.6634
  35150.00   -15.2001
  35160.00   -14.7952
  35170.00   -14.9077
  35180.00   -15.0861
  35190.00   -15.0605
  35200.00   -14.8552
  35210.00   -15.1686
  35220.00   -15.1896
  35230.00   -14.5850
  35240.00   -15.1084
  35250.00   -14.9921
  35260.00   -14.6473
  35270.00   -14.6379
  35280.00   -14.7733
  35290.00   -15.0142
  35300.00   -14.8367
  35310.00   -14.9286
  35320.00   -15.1776
  35330.00   -14.9349
  35340.00   -14.6204
  35350.00   -15.1287
  35360.00   -14.6905
  35370.00   -14.6816
  35380.00   -14.7859
  35390.00   -14.7285
  35400.00   -15.1164
  35410.00   -14.7202
  35420.00   -14.8740
  35430.00   -14.9404
  35440.00   -15.2512
  35450.00   -14.9067
  35460.00   -14.8048
  35470.00   -15.4973
  35480.00   -14.7018
  35490.00   -14.6870
  35500.00   -15.0309
  35510.00   -15.1521
  35520.00   -14.8973
  35530.00   -14.9823
  35540.00   -15.5340
  35550.00   -15.0883
  35560.00   -15.3210
  35570.00   -15.4527
  35580.00   -15.0904
  35590.00   -14.4158
  35600.00   -14.4979
  35610.00   -14.5962
  35620.00   -14.9872
  35630.00   -14.8664
  35640.00   -15.0439
  35650.00   -14.7529
  35660.00   -14.8244
  35670.00   -14.6762
  35680.00   -14.8521
  35690.00   -14.4848
  35700.00   -14.7249
  35710.00   -14.7953
  35720.00   -14.7904
  35730.00   -14.7274
  35740.00   -14.9426
  35750.00   -15.1454
  35760.00   -15.0341
  35770.00   -14.9642
  35780.00   -14.9203
  35790.00   -15.2828
  35800.00   -14.7182
  35810.00   -15.0223
  35820.00   -15.0274
  35830.00   -14.6420
  35840.00   -14.8793
  35850.00   -15.3564
  35860.00   -15.0901
  35870.00   -15.3015
  35880.00   -15.3066
  35890.00   -15.2369
  35900.00   -15.0062
  35910.00   -14.8963
  35920.00   -14.8029
  35930.00   -15.1489
  35940.00   -14.9189
  35950.00   -15.2152
  35960.00   -14.4561
  35970.00   -14.8191
  35980.00   -15.6290
  35990.00   -14.6583
  36000.00   -14.5060
  36010.00   -14.8363
  36020.00   -14.8308
  36030.00   -14.9385
  36040.00   -15.0985
  36050.00   -15.1614
  36060.00   -14.5825
  36070.00   -15.0631
  36080.00   -14.9721
  36090.00   -15.3215
  36100.00   -15.8304
  36110.00   -15.1919
  36120.00   -14.8871
  36130.00   -14.9057
  36140.00   -15.2359
  36150.00   -15.6241
  36160.00   -14.8266
  36170.00   -14.9759
  36180.00   -14.7466
  36190.00   -14.2902
  36200.00   -14.9320
  36210.00   -15.1288
  36220.00   -14.4655
  36230.00   -15.0192
  36240.00   -14.5101
  36250.00   -14.8354
  36260.00   -14.9170
  36270.00   -14.8879
  36280.00   -15.2522
  36290.00   -14.4759
  36300.00   -14.8839
  36310.00   -15.4042
  36320.00   -15.3892
  36330.00   -15.5741
  36340.00   -14.7763
  36350.00   -15.1417
  36360.00   -14.5884
  36370.00   -15.2055
  36380.00   -15.3516
  36390.00   -15.0077
  36400.00   -14.9815
  36410.00   -14.9664
  36420.00   -14.7378
  36430.00   -15.0800
  36440.00   -14.8257
  36450.00   -14.8977
  36460.00   -14.8815
  36470.00   -14.9526
  36480.00   -14.7600
  36490.00   -14.4100
  36500.00   -14.6794
  36510.00   -14.6254
  36520.00   -15.3516
  36530.00   -14.2845
  36540.00   -14.7232
  36550.00   -14.3481
  36560.00   -15.3184
  36570.00   -14.9341
  36580.00   -14.9192
  36590.00   -14.7769
  36600.00   -14.7348
  36610.00   -14.3371
  36620.00   -14.7015
  36630.00   -14.7685
  36640.00   -14.7200
  36650.00   -15.3196
  36660.00   -14.8753
  36670.00   -15.2811
  36680.00   -15.2507
  36690.00   -15.6205
  36700.00   -15.0690
  36710.00   -15.1798
  36720.00   -14.8018
  36730.00   -15.1365
  36740.00   -14.5945
  36750.00   -15.3767
  36760.00   -14.9193
  36770.00   -14.6927
  36780.00   -14.9762
  36790.00   -15.3354
  36800.00   -14.6734
  36810.00   -15.3158
  36820.00   -14.6908
  36830.00   -14.4492
  36840.00   -15.0270
  36850.00   -15.1013
  36860.00   -15.0794
  36870.00   -15.1108
  36880.00   -15.2922
  36890.00   -14.9013
  36900.00   -14.7421
  36910.00   -14.7445
  36920.00   -14.4261
  36930.00   -14.8924
  36940.00   -14.6606
  36950.00   -14.8122
  36960.00   -14.6566
  36970.00   -14.7385
  36980.00   -14.7538
  36990.00   -15.0026
  37000.00   -14.9662
  37010.00   -14.5716
  37020.00   -14.3180
  37030.00   -14.8281
  37040.00   -14.7490
  37050.00   -15.1143
  37060.00   -14.6170
  37070.00   -14.8263
  37080.00   -14.4598
  37090.00   -14.9528
  37100.00   -14.3738
  37110.00   -14.5698
  37120.00   -14.5983
  37130.00   -14.9685
  37140.00   -15.1071
  37150.00   -15.1355
  37160.00   -14.8281
  37170.00   -15.1423
  37180.00   -14.6125
  37190.00   -15.1643
  37200.00   -14.4203
  37210.00   -14.4121
  37220.00   -14.7387
  37230.00   -14.6069
  37240.00   -14.7024
  37250.00   -14.6781
  37260.00   -14.9483
  37270.00   -14.7531
  37280.00   -14.7406
  37290.00   -14.9997
  37300.00   -15.2286
  37310.00   -15.1790
  37320.00   -14.8373
  37330.00   -14.5846
  37340.00   -14.8770
  37350.00   -15.0015
  37360.00   -15.1362
  37370.00   -14.8522
  37380.00   -14.8015
  37390.00   -14.6498
  37400.00   -14.9040
  37410.00   -14.7366
  37420.00   -14.5414
  37430.00   -14.8587
  37440.00   -15.5181
  37450.00   -14.8174
  37460.00   -15.6125
  37470.00   -14.8310
  37480.00   -14.8408
  37490.00   -14.6195
  37500.00   -15.0861
  37510.00   -14.5705
  37520.00   -15.0535
  37530.00   -14.7068
  37540.00   -14.8539
  37550.00   -14.8169
  37560.00   -14.8661
  37570.00   -15.3403
  37580.00   -14.9487
  37590.00   -15.0082
  37600.00   -14.8968
  37610.00   -15.0199
  37620.00   -14.6129
  37630.00   -14.9844
  37640.00   -15.3066
  37650.00   -14.9734
  37660.00   -15.0156
  37670.00   -15.3370
  37680.00   -15.0175
  37690.00   -14.7266
  37700.00   -14.9662
  37710.00   -15.0735
  37720.00   -15.0026
  37730.00   -15.2085
  37740.00   -15.4622
  37750.00   -14.9471
  37760.00   -15.3280
  37770.00   -14.9403
  37780.00   -14.8370
  37790.00   -14.8880
  37800.00   -15.2645
  37810.00   -14.9493
  37820.00   -15.2054
  37830.00   -15.5998
  37840.00   -15.7654
  37850.00   -14.8292
  37860.00   -15.1952
  37870.00   -14.8842
  37880.00   -15.1701
  37890.00   -15.1200
  37900.00   -15.4886
  37910.00   -15.5727
  37920.00   -15.0755
  37930.00   -15.1256
  37940.00   -14.8490
  37950.00   -14.8842
  37960.00   -14.5765
  37970.00   -14.7265
  37980.00   -15.1578
  37990.00   -14.9505
  38000.00   -14.8169
  38010.00   -15.2128
  38020.00   -15.2560
  38030.00   -14.4639
  38040.00   -14.7301
  38050.00   -14.5678
  38060.00   -15.1119
  38070.00   -14.9398
  38080.00   -14.4006
  38090.00   -15.0435
  38100.00   -14.7002
  38110.00   -14.7476
  38120.00   -14.6799
  38130.00   -15.5152
  38140.00   -14.9073
  38150.00   -15.0100
  38160.00   -14.9901
  38170.00   -15.2615
  38180.00   -15.4166
  38190.00   -15.1164
  38200.00   -14.5793
  38210.00   -15.4656
  38220.00   -14.9101
  38230.00   -15.1372
  38240.00   -14.8759
  38250.00   -14.8554
  38260.00   -15.5034
  38270.00   -15.2075
  38280.00   -14.7771
  38290.00   -14.8826
  38300.00   -14.8694
  38310.00   -15.3750
  38320.00   -15.4800
  38330.00   -14.9241
  38340.00   -14.6829
  38350.00   -15.0698
  38360.00   -15.2824
  38370.00   -14.5143
  38380.00   -14.8153
  38390.00   -14.9222
  38400.00   -15.6172
  38410.00   -15.3153
  38420.00   -15.1653
  38430.00   -14.9494
  38440.00   -14.8831
  38450.00   -14.9007
  38460.00   -14.5193
  38470.00   -14.6326
  38480.00   -14.7953
  38490.00   -15.0479
  38500.00   -14.7978
  38510.00   -15.2843
  38520.00   -14.9840
  38530.00   -15.0971
  38540.00   -14.8985
  38550.00   -14.7067
  38560.00   -15.0380
  38570.00   -15.3932
  38580.00   -15.0544
  38590.00   -14.4349
  38600.00   -15.1289
  38610.00   -15.0552
  38620.00   -14.9815
  38630.00   -14.8978
  38640.00   -14.3697
  38650.00   -14.8973
  38660.00   -14.8820
  38670.00   -15.1577
  38680.00   -14.8506
  38690.00   -14.6393
  38700.00   -14.9633
  38710.00   -14.7951
  38720.00   -14.9932
  38730.00   -15.0082
  38740.00   -15.2485
  38750.00   -14.5483
  38760.00   -14.3993
  38770.00   -14.8648
  38780.00   -15.2415
  38790.00   -15.1869
  38800.00   -14.7811
  38810.00   -15.5123
  38820.00   -14.8437
  38830.00   -14.9096
  38840.00   -15.1935
  38850.00   -15.1551
  38860.00   -15.0648
  38870.00   -15.4194
  38880.00   -14.9405
  38890.00   -14.9194
  38900.00   -14.6664
  38910.00   -15.3009
  38920.00   -14.7852
  38930.00   -15.0066
  38940.00   -15.3072
  38950.00   -15.2466
  38960.00   -15.1501
  38970.00   -14.6186
  38980.00   -15.4542
  38990.00   -14.8365
  39000.00   -14.7466
  39010.00   -14.9794
  39020.00   -14.8452
  39030.00   -14.7559
  39040.00   -15.4893
  39050.00   -14.8849
  39060.00   -14.8108
  39070.00   -14.5626
  39080.00   -14.9480
  39090.00   -14.9077
  39100.00   -15.2895
  39110.00   -15.0317
  39120.00   -15.2453
  39130.00   -15.2944
  39140.00   -15.2661
  39150.00   -14.9756
  39160.00   -14.8577
  39170.00   -14.8986
  39180.00   -14.7795
  39190.00   -14.9598
  39200.00   -14.9187
  39210.00   -14.9503
  39220.00   -15.1190
  39230.00   -14.7371
  39240.00   -14.4537
  39250.00   -14.6224
  39260.00   -14.8423
  39270.00   -14.6386
  39280.00   -14.8718
  39290.00   -15.2741
  39300.00   -14.4063
  39310.00   -14.4200
  39320.00   -14.5844
  39330.00   -14.9242
  39340.00   -14.5795
  39350.00   -14.7572
  39360.00   -14.7178
  39370.00   -14.9179
  39380.00   -14.4468
  39390.00   -14.9967
  39400.00   -14.4283
  39410.00   -14.9447
  39420.00   -14.6577
  39430.00   -14.8931
  39440.00   -15.1266
  39450.00   -15.0301
  39460.00   -14.5925
  39470.00   -14.9811
  39480.00   -15.1937
  39490.00   -14.5609
  39500.00   -14.4114
  39510.00   -14.9568
  39520.00   -14.6798
  39530.00   -15.0136
  39540.00   -14.7847
  39550.00   -15.0218
  39560.00   -14.9938
  39570.00   -14.6987
  39580.00   -15.5057
  39590.00   -15.3418
  39600.00   -15.2740
  39610.00   -15.2365
  39620.00   -15.1260
  39630.00   -14.8926
  39640.00   -14.7303
  39650.00   -14.6203
  39660.00   -14.3881
  39670.00   -15.0096
  39680.00   -14.6792
  39690.00   -14.9048
  39700.00   -14.5070
  39710.00   -14.2311
  39720.00   -15.0242
  39730.00   -15.1111
  39740.00   -14.9832
  39750.00   -14.7517
  39760.00   -14.7041
  39770.00   -15.4087
  39780.00   -15.2302
  39790.00   -15.6754
  39800.00   -15.2193
  39810.00   -15.6475
  39820.00   -15.2055
  39830.00   -14.6280
  39840.00   -15.0919
  39850.00   -15.2205
  39860.00   -15.2453
  39870.00   -14.5121
  39880.00   -15.0810
  39890.00   -14.3442
  39900.00   -15.0159
  39910.00   -14.9038
  39920.00   -15.3252
  39930.00   -14.7899
  39940.00   -15.0819
  39950.00   -14.8825
  39960.00   -14.7333
  39970.00   -15.0510
  39980.00   -14.7135
  39990.00   -15.1622
  40000.00   -14.8130
  40010.00   -14.9705
  40020.00   -14.9129
  40030.00   -15.3516
  40040.00   -15.0862
  40050.00   -15.3210
  40060.00   -14.9216
  40070.00   -14.6524
  40080.00   -14.1987
  40090.00   -14.7532
  40100.00   -15.2749
  40110.00   -14.8087
  40120.00   -15.4950
  40130.00   -14.8842
  40140.00   -15.2702
  40150.00   -14.7725
  40160.00   -15.1506
  40170.00   -14.8515
  40180.00   -15.1795
  40190.00   -15.0468
  40200.00   -14.6761
  40210.00   -15.0207
  40220.00   -15.4037
  40230.00   -14.8976
  40240.00   -14.8291
  40250.00   -14.8320
  40260.00   -14.7560
  40270.00   -14.8054
  40280.00   -15.3099
  40290.00   -15.4662
  40300.00   -15.3159
  40310.00   -15.2686
  40320.00   -15.3521
  40330.00   -15.0005
  40340.00   -14.9078
  40350.00   -14.9751
  40360.00   -14.7536
  40370.00   -15.2093
  40380.00   -15.1480
  40390.00   -15.3376
  40400.00   -15.6849
  40410.00   -15.3718
  40420.00   -15.0736
  40430.00   -15.3691
  40440.00   -15.3629
  40450.00   -15.2796
  40460.00   -15.3011
  40470.00   -14.7708
  40480.00   -15.0382
  40490.00   -14.7680
  40500.00   -14.8732
  40510.00   -14.7775
  40520.00   -15.1162
  40530.00   -14.6912
  40540.00   -14.8153
  40550.00   -14.5317
  40560.00   -14.5943
  40570.00   -14.9405
  40580.00   -15.1598
  40590.00   -14.9919
  40600.00   -14.8498
  40610.00   -15.2808
  40620.00   -15.0715
  40630.00   -15.2322
  40640.00   -15.6549
  40650.00   -14.9750
  40660.00   -15.3873
  40670.00   -14.9865
  40680.00   -15.1866
  40690.00   -14.7265
  40700.00   -15.1269
  40710.00   -15.2407
  40720.00   -14.9437
  40730.00   -15.0911
  40740.00   -14.8136
  40750.00   -15.5972
  40760.00   -15.4841
  40770.00   -14.9485
  40780.00   -14.9133
  40790.00   -15.3817
  40800.00   -15.1878
  40810.00   -15.3670
  40820.00   -14.8462
  40830.00   -15.2361
  40840.00   -15.3686
  40850.00   -14.7876
  40860.00   -14.9808
  40870.00   -15.1855
  40880.00   -15.2311
  40890.00   -15.0759
  40900.00   -15.3145
  40910.00   -14.8862
  40920.00   -14.7996
  40930.00   -14.7628
  40940.00   -15.4068
  40950.00   -15.0043
  40960.00   -15.3802
  40970.00   -14.8002
  40980.00   -15.0860
  40990.00   -15.0989
  41000.00   -15.2014
  41010.00   -14.8141
  41020.00   -14.9468
  41030.00   -15.4481
  41040.00   -15.2755
  41050.00   -15.0097
  41060.00   -14.7570
  41070.00   -14.6911
  41080.00   -15.0575
  41090.00   -14.6750
  41100.00   -15.7598
  41110.00   -15.1194
  41120.00   -14.5649
  41130.00   -15.6085
  41140.00   -14.8949
  41150.00   -14.8802
  41160.00   -14.7620
  41170.00   -15.2307
  41180.00   -14.9269
  41190.00   -14.8218
  41200.00   -15.1038
  41210.00   -15.2043
  41220.00   -15.2783
  41230.00   -15.0961
  41240.00   -15.4144
  41250.00   -15.0270
  41260.00   -15.3738
  41270.00   -15.2913
  41280.00   -14.9282
  41290.00   -15.2663
  41300.00   -15.4681
  41310.00   -15.0867
  41320.00   -14.7918
  41330.00   -15.0063
  41340.00   -15.0300
  41350.00   -15.3143
  41360.00   -14.8426
  41370.00   -14.6872
  41380.00   -15.1654
  41390.00   -14.8782
  41400.00   -15.0863
  41410.00   -14.9416
  41420.00   -14.7509
  41430.00   -14.9043
  41440.00   -14.6661
  41450.00   -14.7740
  41460.00   -14.9694
  41470.00   -14.9389
  41480.00   -14.9194
  41490.00   -14.9567
  41500.00   -15.3084
  41510.00   -14.7309
  41520.00   -14.9469
  41530.00   -15.1333
  41540.00   -15.2544
  41550.00   -15.2136
  41560.00   -15.3695
  41570.00   -14.9654
  41580.00   -15.3972
  41590.00   -15.0494
  41600.00   -14.4085
  41610.00   -15.1693
  41620.00   -14.9440
  41630.00   -14.6265
  41640.00   -14.3360
  41650.00   -14.5115
  41660.00   -14.8094
  41670.00   -15.0446
  41680.00   -14.4118
  41690.00   -14.9020
  41700.00   -15.2691
  41710.00   -15.0486
  41720.00   -15.2605
  41730.00   -14.9682
  41740.00   -15.2567
  41750.00   -14.8203
  41760.00   -14.9664
  41770.00   -15.1251
  41780.00   -15.0833
  41790.00   -15.1365
  41800.00   -15.3934
  41810.00   -15.3703
  41820.00   -15.0620
  41830.00   -14.9748
  41840.00   -14.7545
  41850.00   -14.8699
  41860.00   -14.7933
  41870.00   -14.9905
  41880.00   -15.1503
  41890.00   -15.0267
  41900.00   -14.8287
  41910.00   -14.6892
  41920.00   -14.5926
  41930.00   -14.8714
  41940.00   -14.6026
  41950.00   -14.2925
  41960.00   -15.0162
  41970.00   -14.6206
  41980.00   -14.4776
  41990.00   -14.6601
  42000.00   -14.4661
  42010.00   -14.8687
  42020.00   -15.1303
  42030.00   -15.0726
  42040.00   -14.9484
  42050.00   -15.1400
  42060.00   -14.9245
  42070.00   -14.5889
  42080.00   -14.1301
  42090.00   -14.8700
  42100.00   -14.4008
  42110.00   -14.5796
  42120.00   -14.3027
  42130.00   -14.8423
  42140.00   -14.7317
  42150.00   -15.4297
  42160.00   -14.8457
  42170.00   -14.6900
  42180.00   -14.7670
  42190.00   -15.1253
  42200.00   -14.9936
  42210.00   -15.0605
  42220.00   -15.1109
  42230.00   -14.8156
  42240.00   -14.7904
  42250.00   -14.9137
  42260.00   -14.7583
  42270.00   -14.7402
  42280.00   -15.3792
  42290.00   -14.8539
  42300.00   -15.4755
  42310.00   -14.5240
  42320.00   -14.4728
  42330.00   -14.9641
  42340.00   -14.7754
  42350.00   -15.1527
  42360.00   -14.9402
  42370.00   -15.1081
  42380.00   -14.9314
  42390.00   -14.5459
  42400.00   -14.9428
  42410.00   -14.9761
  42420.00   -15.4257
  42430.00   -14.8982
  42440.00   -14.8034
  42450.00   -14.8300
  42460.00   -15.1049
  42470.00   -14.7153
  42480.00   -14.7843
  42490.00   -14.8145
  42500.00   -14.3049
  42510.00   -14.7780
  42520.00   -15.2888
  42530.00   -14.9480
  42540.00   -15.0963
  42550.00   -14.8650
  42560.00   -14.8878
  42570.00   -15.0975
  42580.00   -15.0724
  42590.00   -14.5384
  42600.00   -15.0300
  42610.00   -15.0203
  42620.00   -14.8123
  42630.00   -15.1925
  42640.00   -14.4010
  42650.00   -15.0314
  42660.00   -15.1808
  42670.00   -14.7183
  42680.00   -14.6316
  42690.00   -14.8011
  42700.00   -14.7282
  42710.00   -14.6577
  42720.00   -15.2424
  42730.00   -14.6611
  42740.00   -14.7554
  42750.00   -14.5732
  42760.00   -15.1528
  42770.00   -14.4994
  42780.00   -14.8748
  42790.00   -15.1566
  42800.00   -14.7845
  42810.00   -15.2386
  42820.00   -14.8512
  42830.00   -14.9854
  42840.00   -14.8515
  42850.00   -14.6622
  42860.00   -14.5183
  42870.00   -14.9782
  42880.00   -15.0398
  42890.00   -14.9116
  42900.00   -14.8738
  42910.00   -15.0749
  42920.00   -14.9477
  42930.00   -14.8013
  42940.00   -14.2733
  42950.00   -14.8910
  42960.00   -14.9896
  42970.00   -14.2465
  42980.00   -14.5091
  42990.00   -14.8527
  43000.00   -15.1145
  43010.00   -15.2168
  43020.00   -14.8709
  43030.00   -14.6939
  43040.00   -15.0688
  43050.00   -14.9633
  43060.00   -14.8050
  43070.00   -15.1409
  43080.00   -15.0658
  43090.00   -14.8697
  43100.00   -14.9650
  43110.00   -14.6511
  43120.00   -15.0618
  43130.00   -14.9885
  43140.00   -14.7454
  43150.00   -14.4926
  43160.00   -15.1992
  43170.00   -14.8096
  43180.00   -15.1438
  43190.00   -15.6950
  43200.00   -15.1534
  43210.00   -14.9213
  43220.00   -15.0788
  43230.00   -15.1828
  43240.00   -14.9344
  43250.00   -15.3719
  43260.00   -15.2017
  43270.00   -14.8230
  43280.00   -15.5754
  43290.00   -15.1862
  43300.00   -14.9264
  43310.00   -14.8344
  43320.00   -14.7011
  43330.00   -15.0944
  43340.00   -15.1903
  43350.00   -14.7459
  43360.00   -15.4252
  43370.00   -14.6165
  43380.00   -14.6282
  43390.00   -14.6357
  43400.00   -14.6666
  43410.00   -14.7218
  43420.00   -14.7036
  43430.00   -14.8229
  43440.00   -15.1608
  43450.00   -14.6820
  43460.00   -15.1757
  43470.00   -15.1248
  43480.00   -14.2943
  43490.00   -14.6394
  43500.00   -14.5394
  43510.00   -15.1160
  43520.00   -14.6013
  43530.00   -14.9751
  43540.00   -14.7575
  43550.00   -14.5755
  43560.00   -14.7708
  43570.00   -15.2849
  43580.00   -15.1762
  43590.00   -15.2472
  43600.00   -15.0282
  43610.00   -14.7903
  43620.00   -15.0456
  43630.00   -14.5252
  43640.00   -14.4961
  43650.00   -15.1620
  43660.00   -14.8313
  43670.00   -14.9442
  43680.00   -14.8418
  43690.00   -14.5986
  43700.00   -14.8364
  43710.00   -14.7751
  43720.00   -14.8027
  43730.00   -15.3663
  43740.00   -14.6853
  43750.00   -15.1743
  43760.00   -14.9852
  43770.00   -15.3371
  43780.00   -14.6369
  43790.00   -14.6225
  43800.00   -14.9125
  43810.00   -14.4202
  43820.00   -14.9330
  43830.00   -14.6625
  43840.00   -14.4302
  43850.00   -15.1970
  43860.00   -14.6152
  43870.00   -14.6861
  43880.00   -15.1428
  43890.00   -14.4666
  43900.00   -15.3867
  43910.00   -14.8618
  43920.00   -15.2188
  43930.00   -15.2714
  43940.00   -14.8925
  43950.00   -15.0746
  43960.00   -15.0446
  43970.00   -14.5426
  43980.00   -14.4774
  43990.00   -14.9604
  44000.00   -15.2561
  44010.00   -14.9314
  44020.00   -15.2830
  44030.00   -14.8931
  44040.00   -15.0677
  44050.00   -15.2361
  44060.00   -14.9130
  44070.00   -15.3985
  44080.00   -15.0465
  44090.00   -15.0497
  44100.00   -15.0938
  44110.00   -15.2017
  44120.00   -14.8816
  44130.00   -14.8471
  44140.00   -15.2775
  44150.00   -14.6768
  44160.00   -15.0346
  44170.00   -14.5024
  44180.00   -14.6190
  44190.00   -14.6887
  44200.00   -15.2361
  44210.00   -14.7547
  44220.00   -14.6619
  44230.00   -15.1176
  44240.00   -14.9258
  44250.00   -14.9199
  44260.00   -14.5695
  44270.00   -14.6773
  44280.00   -14.7233
  44290.00   -15.1608
  44300.00   -14.7302
  44310.00   -14.9038
  44320.00   -14.3853
  44330.00   -15.0388
  44340.00   -15.2058
  44350.00   -14.4026
  44360.00   -14.9853
  44370.00   -15.0185
  44380.00   -15.1396
  44390.00   -15.4397
  44400.00   -14.7441
  44410.00   -15.1453
  44420.00   -15.0338
  44430.00   -15.3022
  44440.00   -14.8507
  44450.00   -14.8501
  44460.00   -14.6640
  44470.00   -15.1658
  44480.00   -14.8582
  44490.00   -14.9840
  44500.00   -14.9722
  44510.00   -14.7514
  44520.00   -14.9048
  44530.00   -14.8823
  44540.00   -14.7961
  44550.00   -15.1746
  44560.00   -14.4680
  44570.00   -14.9202
  44580.00   -14.6813
  44590.00   -14.7705
  44600.00   -15.1934
  44610.00   -15.2249
  44620.00   -15.2982
  44630.00   -14.7867
  44640.00   -15.0968
  44650.00   -15.0723
  44660.00   -15.1945
  44670.00   -14.9632
  44680.00   -15.4346
  44690.00   -14.7570
  44700.00   -14.9625
  44710.00   -15.0985
  44720.00   -15.2604
  44730.00   -14.7152
  44740.00   -14.9271
  44750.00   -15.0594
  44760.00   -14.9083
  44770.00   -15.3422
  44780.00   -14.9713
  44790.00   -14.8454
  44800.00   -14.6817
  44810.00   -14.5448
  44820.00   -14.7751
  44830.00   -14.6563
  44840.00   -14.5516
  44850.00   -14.7663
  44860.00   -14.9377
  44870.00   -14.8626
  44880.00   -14.9970
  44890.00   -14.9900
  44900.00   -14.7731
  44910.00   -15.0195
  44920.00   -14.9102
  44930.00   -14.8142
  44940.00   -14.9976
  44950.00   -14.9010
  44960.00   -14.9878
  44970.00   -15.3506
  44980.00   -15.0437
  44990.00   -15.3712
  45000.00   -15.1168
  45010.00   -14.7503
  45020.00   -15.0019
  45030.00   -15.7599
  45040.00   -15.8016
  45050.00   -14.9497
  45060.00   -14.9988
  45070.00   -14.9172
  45080.00   -14.8595
  45090.00   -15.4094
  45100.00   -15.3772
  45110.00   -14.9172
  45120.00   -14.9255
  45130.00   -15.1847
  45140.00   -14.7495
  45150.00   -14.6930
  45160.00   -15.0865
  45170.00   -14.8246
  45180.00   -14.8925
  45190.00   -15.4019
  45200.00   -15.3724
  45210.00   -14.6769
  45220.00   -15.3336
  45230.00   -14.7741
  45240.00   -14.8540
  45250.00   -14.8893
  45260.00   -15.0770
  45270.00   -15.0243
  45280.00   -14.8167
  45290.00   -15.5681
  45300.00   -15.1160
  45310.00   -15.0002
  45320.00   -15.4437
  45330.00   -15.4803
  45340.00   -15.2684
  45350.00   -15.1621
  45360.00   -14.7663
  45370.00   -15.0661
  45380.00   -14.8813
  45390.00   -14.6425
  45400.00   -15.2158
  45410.00   -14.5722
  45420.00   -14.9305
  45430.00   -15.1688
  45440.00   -14.7972
  45450.00   -14.7801
  45460.00   -14.8969
  45470.00   -15.5050
  45480.00   -14.3581
  45490.00   -14.5971
  45500.00   -15.0809
  45510.00   -14.9862
  45520.00   -15.1890
  45530.00   -15.1531
  45540.00   -15.0161
  45550.00   -15.2117
  45560.00   -15.1058
  45570.00   -14.7217
  45580.00   -14.7226
  45590.00   -14.8400
  45600.00   -14.7505
  45610.00   -15.1180
  45620.00   -14.9677
  45630.00   -15.3065
  45640.00   -15.3121
  45650.00   -14.6930
  45660.00   -15.0176
  45670.00   -15.1899
  45680.00   -15.1490
  45690.00   -15.0796
  45700.00   -14.6437
  45710.00   -15.0690
  45720.00   -14.8656
  45730.00   -15.0827
  45740.00   -15.3360
  45750.00   -15.4119
  45760.00   -15.2718
  45770.00   -14.8894
  45780.00   -15.0239
  45790.00   -15.4032
  45800.00   -15.2245
  45810.00   -15.3608
  45820.00   -15.2457
  45830.00   -15.2833
  45840.00   -15.9048
  45850.00   -14.7292
  45860.00   -15.0006
  45870.00   -15.2133
  45880.00   -14.6584
  45890.00   -14.8602
  45900.00   -15.0459
  45910.00   -14.6560
  45920.00   -15.4291
  45930.00   -14.9755
  45940.00   -14.4455
  45950.00   -14.8750
  45960.00   -15.3654
  45970.00   -15.1116
  45980.00   -15.3602
  45990.00   -14.5843
  46000.00   -14.6996
  46010.00   -14.8405
  46020.00   -15.0337
  46030.00   -15.1105
  46040.00   -14.9157
  46050.00   -15.3721
  46060.00   -14.5007
  46070.00   -14.6513
  46080.00   -14.9466
  46090.00   -14.7129
  46100.00   -14.5356
  46110.00   -14.8120
  46120.00   -15.0421
  46130.00   -14.8978
  46140.00   -14.6580
  46150.00   -14.6449
  46160.00   -14.7052
  46170.00   -14.7673
  46180.00   -15.0284
  46190.00   -14.8624
  46200.00   -14.1749
  46210.00   -14.7529
  46220.00   -15.0591
  46230.00   -14.6951
  46240.00   -14.9717
  46250.00   -14.9444
  46260.00   -15.1224
  46270.00   -15.0246
  46280.00   -15.1848
  46290.00   -14.7846
  46300.00   -15.2043
  46310.00   -14.7991
  46320.00   -14.9256
  46330.00   -14.4256
  46340.00   -14.3564
  46350.00   -14.8050
  46360.00   -14.9788
  46370.00   -14.8230
  46380.00   -15.0310
  46390.00   -14.8314
  46400.00   -14.4649
  46410.00   -14.6188
  46420.00   -14.7733
  46430.00   -14.8294
  46440.00   -15.0282
  46450.00   -15.0825
  46460.00   -14.6660
  46470.00   -15.4370
  46480.00   -14.8606
  46490.00   -15.3238
  46500.00   -14.8428
  46510.00   -15.2248
  46520.00   -15.3286
  46530.00   -15.2644
  46540.00   -14.8020
  46550.00   -14.9478
  46560.00   -15.0172
  46570.00   -15.1039
  46580.00   -14.7734
  46590.00   -15.0286
  46600.00   -14.6836
  46610.00   -14.9885
  46620.00   -14.9267
  46630.00   -15.2355
  46640.00   -15.3037
  46650.00   -14.9024
  46660.00   -14.3513
  46670.00   -15.1355
  46680.00   -14.9992
  46690.00   -14.8084
  46700.00   -14.8960
  46710.00   -14.2932
  46720.00   -14.8445
  46730.00   -15.1785
  46740.00   -15.2545
  46750.00   -15.0845
  46760.00   -14.7264
  46770.00   -15.3496
  46780.00   -14.9515
  46790.00   -15.5528
  46800.00   -15.1681
  46810.00   -14.4965
  46820.00   -15.1369
  46830.00   -14.8447
  46840.00   -15.0094
  46850.00   -15.0458
  46860.00   -14.9079
  46870.00   -14.3169
  46880.00   -15.0479
  46890.00   -14.9236
  46900.00   -15.1716
  46910.00   -14.8693
  46920.00   -14.9633
  46930.00   -14.8274
  46940.00   -15.1713
  46950.00   -15.2043
  46960.00   -15.0407
  46970.00   -14.5850
  46980.00   -14.8268
  46990.00   -14.5666
  47000.00   -15.1194
  47010.00   -14.8667
  47020.00   -14.9534
  47030.00   -14.9721
  47040.00   -15.1307
  47050.00   -15.0541
  47060.00   -15.2669
  47070.00   -15.4851
  47080.00   -15.0799
  47090.00   -14.9004
  47100.00   -15.0046
  47110.00   -15.3703
  47120.00   -14.5385
  47130.00   -15.1211
  47140.00   -15.4308
  47150.00   -14.8397
  47160.00   -15.1670
  47170.00   -15.1831
  47180.00   -15.1288
  47190.00   -15.4138
  47200.00   -15.1673
  47210.00   -14.8795
  47220.00   -15.4370
  47230.00   -14.8039
  47240.00   -14.7510
  47250.00   -14.8321
  47260.00   -14.6732
  47270.00   -15.0316
  47280.00   -14.6302
  47290.00   -14.6795
  47300.00   -14.6668
  47310.00   -14.9871
  47320.00   -15.0138
  47330.00   -15.0384
  47340.00   -15.0144
  47350.00   -15.0257
  47360.00   -15.1211
  47370.00   -15.2832
  47380.00   -14.7057
  47390.00   -14.8581
  47400.00   -14.7262
  47410.00   -14.6171
  47420.00   -15.0589
  47430.00   -15.1248
  47440.00   -15.2203
  47450.00   -15.3363
  47460.00   -15.2771
  47470.00   -15.2244
  47480.00   -15.1597
  47490.00   -15.2350
  47500.00   -15.6028
  47510.00   -15.0848
  47520.00   -14.4064
  47530.00   -15.1486
  47540.00   -14.9602
  47550.00   -15.1436
  47560.00   -14.9342
  47570.00   -14.9497
  47580.00   -14.9494
  47590.00   -14.7718
  47600.00   -14.8973
  47610.00   -14.1701
  47620.00   -14.9274
  47630.00   -15.1065
  47640.00   -14.7749
  47650.00   -15.2279
  47660.00   -15.2545
  47670.00   -15.5080
  47680.00   -15.0733
  47690.00   -14.6302
  47700.00   -14.3832
  47710.00   -15.0424
  47720.00   -14.9281
  47730.00   -14.7661
  47740.00   -14.9040
  47750.00   -15.1580
  47760.00   -14.5164
  47770.00   -15.0821
  47780.00   -15.5777
  47790.00   -14.5916
  47800.00   -14.6926
  47810.00   -15.4250
  47820.00   -14.8047
  47830.00   -15.2006
  47840.00   -15.0353
  47850.00   -14.4048
  47860.00   -15.1595
  47870.00   -15.0211
  47880.00   -14.9330
  47890.00   -14.8185
  47900.00   -14.8723
  47910.00   -14.9961
  47920.00   -14.7735
  47930.00   -14.9753
  47940.00   -15.0430
  47950.00   -14.6037
  47960.00   -14.7215
  47970.00   -14.7470
  47980.00   -14.8771
  47990.00   -14.8387
  48000.00   -14.9906
  48010.00   -15.2886
  48020.00   -14.9225
  48030.00   -15.0227
  48040.00   -15.0101
  48050.00   -14.8510
  48060.00   -15.3851
  48070.00   -14.8526
  48080.00   -14.9286
  48090.00   -14.7937
  48100.00   -15.2736
  48110.00   -14.7493
  48120.00   -14.9920
  48130.00   -15.0601
  48140.00   -14.8257
  48150.00   -14.5094
  48160.00   -14.8643
  48170.00   -14.9935
  48180.00   -14.6046
  48190.00   -14.8503
  48200.00   -14.8343
  48210.00   -14.6863
  48220.00   -14.4447
  48230.00   -14.3427
  48240.00   -14.9991
  48250.00   -14.9491
  48260.00   -15.0401
  48270.00   -15.3137
  48280.00   -14.7101
  48290.00   -14.9246
  48300.00   -14.6625
  48310.00   -14.5580
  48320.00   -14.6784
  48330.00   -14.7428
  48340.00   -14.5506
  48350.00   -14.9983
  48360.00   -15.1906
  48370.00   -14.6384
  48380.00   -15.0359
  48390.00   -15.0697
  48400.00   -15.3959
  48410.00   -15.3336
  48420.00   -15.0564
  48430.00   -14.2758
  48440.00   -14.9389
  48450.00   -15.0088
  48460.00   -15.1248
  48470.00   -14.8091
  48480.00   -14.9473
  48490.00   -15.0518
  48500.00   -15.0479
  48510.00   -14.9280
  48520.00   -15.1735
  48530.00   -14.3135
  48540.00   -14.7344
  48550.00   -14.8173
  48560.00   -15.0035
  48570.00   -14.8728
  48580.00   -14.4793
  48590.00   -15.1233
  48600.00   -14.8397
  48610.00   -15.1658
  48620.00   -15.3160
  48630.00   -14.8538
  48640.00   -14.5594
  48650.00   -15.1851
  48660.00   -15.3704
  48670.00   -15.3503
  48680.00   -15.1379
  48690.00   -15.1505
  48700.00   -15.0104
  48710.00   -14.6479
  48720.00   -14.5491
  48730.00   -14.7365
  48740.00   -14.6684
  48750.00   -14.9485
  48760.00   -14.4992
  48770.00   -15.1471
  48780.00   -14.9807
  48790.00   -14.8693
  48800.00   -14.7095
  48810.00   -15.1802
  48820.00   -15.0498
  48830.00   -15.1394
  48840.00   -15.1117
  48850.00   -14.6603
  48860.00   -15.0140
  48870.00   -14.5886
  48880.00   -14.6905
  48890.00   -15.1152
  48900.00   -14.7659
  48910.00   -15.1614
  48920.00   -15.0308
  48930.00   -14.7809
  48940.00   -14.8800
  48950.00   -14.7781
  48960.00   -14.8284
  48970.00   -14.9229
  48980.00   -15.0200
  48990.00   -14.9556
  49000.00   -14.7981
  49010.00   -14.6304
  49020.00   -14.7955
  49030.00   -14.8566
  49040.00   -14.7133
  49050.00   -14.8923
  49060.00   -14.9769
  49070.00   -14.8273
  49080.00   -14.4647
  49090.00   -14.6825
  49100.00   -14.6937
  49110.00   -14.8262
  49120.00   -15.0143
  49130.00   -14.9526
  49140.00   -14.8984
  49150.00   -14.8990
  49160.00   -14.9165
  49170.00   -15.2976
  49180.00   -14.5759
  49190.00   -14.6154
  49200.00   -15.2972
  49210.00   -15.0425
  49220.00   -14.4481
  49230.00   -15.3514
  49240.00   -14.7499
  49250.00   -14.7866
  49260.00   -14.7716
  49270.00   -14.6601
  49280.00   -14.9613
  49290.00   -14.5623
  49300.00   -14.6176
  49310.00   -15.1964
  49320.00   -14.9729
  49330.00   -14.6924
  49340.00   -14.7772
  49350.00   -14.4817
  49360.00   -14.7786
  49370.00   -14.7954
  49380.00   -14.8684
  49390.00   -14.7414
  49400.00   -15.1215
  49410.00   -15.2864
  49420.00   -15.5703
  49430.00   -14.8866
  49440.00   -15.2761
  49450.00   -14.6292
  49460.00   -14.7451
  49470.00   -15.3470
  49480.00   -14.7069
  49490.00   -14.7386
  49500.00   -15.2058
  49510.00   -15.3062
  49520.00   -14.5827
  49530.00   -14.7078
  49540.00   -15.3467
  49550.00   -14.9282
  49560.00   -15.3041
  49570.00   -15.2167
  49580.00   -14.6821
  49590.00   -14.7021
  49600.00   -14.7256
  49610.00   -14.8714
  49620.00   -15.2694
  49630.00   -14.8311
  49640.00   -15.0851
  49650.00   -15.1982
  49660.00   -14.8737
  49670.00   -14.9181
  49680.00   -15.7082
  49690.00   -14.9087
  49700.00   -15.5625
  49710.00   -14.9936
  49720.00   -15.2047
  49730.00   -14.7901
  49740.00   -15.2173
  49750.00   -14.7880
  49760.00   -15.6823
  49770.00   -15.2367
  49780.00   -14.9168
  49790.00   -14.6693
  49800.00   -14.8857
  49810.00   -14.8958
  49820.00   -14.7195
  49830.00   -14.7938
  49840.00   -14.9088
  49850.00   -14.6128
  49860.00   -14.6125
  49870.00   -14.9150
  49880.00   -14.6239
  49890.00   -14.7623
  49900.00   -14.9299
  49910.00   -14.9009
  49920.00   -14.8376
  49930.00   -14.7849
  49940.00   -15.1859
  49950.00   -14.5497
  49960.00   -14.6391
  49970.00   -15.1085
  49980.00   -14.7474
  49990.00   -15.1969
  50000.00   -15.2407
