     10.00    28.1723
     20.00    28.9755
     30.00    28.6011
     40.00    28.9290
     50.00    29.3456
     60.00    29.1990
     70.00    29.1473
     80.00    29.5724
     90.00    28.9503
    100.00    28.9977
    110.00    28.6678
    120.00    29.2583
    130.00    28.8484
    140.00    28.7463
    150.00    29.3517
    160.00    29.1686
    170.00    28.7609
    180.00    29.5113
    190.00    28.4957
    200.00    28.9350
    210.00    29.1220
    220.00    28.7596
    230.00    29.0948
    240.00    28.8035
    250.00    29.4489
    260.00    29.3553
    270.00    28.8426
    280.00    28.6595
    290.00    29.4466
    300.00    28.9198
    310.00    28.8722
    320.00    29.0364
    330.00    28.5483
    340.00    28.8660
    350.00    28.8372
    360.00    28.8582
    370.00    28.7848
    380.00    29.1916
    390.00    28.5422
    400.00    29.2225
    410.00    29.0786
    420.00    28.9192
    430.00    29.2327
    440.00    28.9246
    450.00    29.1203
    460.00    28.8852
    470.00    28.3243
    480.00    28.9567
    490.00    28.6120
    500.00    28.6268
    510.00    28.5782
    520.00    28.7853
    530.00    29.0876
    540.00    28.9706
    550.00    29.0659
    560.00    29.1388
    570.00    28.8370
    580.00    28.8686
    590.00    28.6223
    600.00    28.7681
    610.00    29.1548
    620.00    28.8383
    630.00    29.0334
    640.00    29.2004
    650.00    28.7485
    660.00    29.0028
    670.00    29.0759
    680.00    29.0010
    690.00    29.1914
    700.00    28.7617
    710.00    28.6265
    720.00    29.3744
    730.00    28.8565
    740.00    28.8467
    750.00    28.6325
    760.00    28.6356
    770.00    29.6380
    780.00    28.5863
    790.00    28.7762
    800.00    29.1177
    810.00    29.0715
    820.00    28.7227
    830.00    29.0192
    840.00    29.0646
    850.00    28.6027
    860.00    29.0184
    870.00    29.1182
    880.00    29.1586
    890.00    29.4314
    900.00    29.2963
    910.00    28.8462
    920.00    29.2786
    930.00    29.2843
    940.00    28.8877
    950.00    29.3700
    960.00    28.7909
    970.00    29.0279
    980.00    29.1730
    990.00    28.9089
   1000.00    29.0218
   1010.00    29.1050
   1020.00    28.7184
   1030.00    29.0289
   1040.00    29.3581
   1050.00    29.2894
   1060.00    28.9860
   1070.00    29.2490
   1080.00    28.9514
   1090.00    28.9495
   1100.00    28.8166
   1110.00    29.1842
   1120.00    29.6335
   1130.00    29.3713
   1140.00    29.3134
   1150.00    29.1033
   1160.00    29.1237
   1170.00    29.0498
   1180.00    29.1039
   1190.00    29.2310
   1200.00    28.9387
   1210.00    29.0778
   1220.00    28.6960
   1230.00    28.9818
   1240.00    29.0816
   1250.00    28.9294
   1260.00    29.2504
   1270.00    29.0801
   1280.00    29.0104
   1290.00    28.7505
   1300.00    28.5578
   1310.00    28.6055
   1320.00    29.0812
   1330.00    29.1519
   1340.00    29.0934
   1350.00    28.6071
   1360.00    28.8568
   1370.00    29.1574
   1380.00    28.6575
   1390.00    28.8794
   1400.00    28.6336
   1410.00    29.4071
   1420.00    29.3727
   1430.00    29.2218
   1440.00    29.0221
   1450.00    28.6693
   1460.00    28.9273
   1470.00    29.0113
   1480.00    28.9137
   1490.00    28.8168
   1500.00    28.7577
   1510.00    28.6933
   1520.00    29.0382
   1530.00    29.1321
   1540.00    28.8910
   1550.00    28.9513
   1560.00    29.0688
   1570.00    29.5684
   1580.00    29.2226
   1590.00    28.8880
   1600.00    29.0224
   1610.00    29.1196
   1620.00    28.9472
   1630.00    29.1888
   1640.00    28.9591
   1650.00    29.5450
   1660.00    29.2005
   1670.00    28.7996
   1680.00    28.5623
   1690.00    28.9116
   1700.00    28.9760
   1710.00    29.4443
   1720.00    28.5739
   1730.00    28.7738
   1740.00    28.8957
   1750.00    28.8300
   1760.00    29.2757
   1770.00    29.1568
   1780.00    28.8743
   1790.00    28.9345
   1800.00    29.4933
   1810.00    28.9173
   1820.00    28.7080
   1830.00    29.0620
   1840.00    29.3543
   1850.00    28.4424
   1860.00    29.0189
   1870.00    28.9952
   1880.00    29.1821
   1890.00    29.2644
   1900.00    28.7342
   1910.00    29.2850
   1920.00    29.1300
   1930.00    28.6825
   1940.00    28.7409
   1950.00    29.0836
   1960.00    28.9892
   1970.00    29.3535
   1980.00    29.1563
   1990.00    29.1542
   2000.00    28.8601
   2010.00    28.9016
   2020.00    29.3080
   2030.00    28.9783
   2040.00    29.0176
   2050.00    28.9413
   2060.00    28.5774
   2070.00    29.0034
   2080.00    28.9285
   2090.00    28.5944
   2100.00    28.7927
   2110.00    28.7585
   2120.00    29.0126
   2130.00    29.0061
   2140.00    29.1241
   2150.00    29.2976
   2160.00    28.8906
   2170.00    29.5054
   2180.00    29.2137
   2190.00    29.6231
   2200.00    28.8862
   2210.00    29.1501
   2220.00    28.8966
   2230.00    28.5075
   2240.00    29.5625
   2250.00    29.3191
   2260.00    29.4389
   2270.00    28.5928
   2280.00    28.7354
   2290.00    29.1805
   2300.00    28.9765
   2310.00    29.2804
   2320.00    28.8480
   2330.00    29.2446
   2340.00    29.0030
   2350.00    28.6414
   2360.00    28.6512
   2370.00    28.5567
   2380.00    28.8169
   2390.00    28.7418
   2400.00    28.6914
   2410.00    28.7393
   2420.00    29.2339
   2430.00    28.6642
   2440.00    28.9846
   2450.00    28.9755
   2460.00    28.7072
   2470.00    28.5956
   2480.00    28.8681
   2490.00    28.9430
   2500.00    28.9337
   2510.00    29.1760
   2520.00    28.6193
   2530.00    29.2979
   2540.00    29.2141
   2550.00    29.5012
   2560.00    29.3719
   2570.00    29.0431
   2580.00    29.6206
   2590.00    28.8934
   2600.00    29.1251
   2610.00    28.9184
   2620.00    28.7637
   2630.00    29.6586
   2640.00    29.1945
   2650.00    28.6737
   2660.00    28.5543
   2670.00    29.0761
   2680.00    28.9102
   2690.00    28.9547
   2700.00    29.1615
   2710.00    28.6329
   2720.00    28.9411
   2730.00    29.0414
   2740.00    28.7981
   2750.00    29.2159
   2760.00    29.0491
   2770.00    28.6155
   2780.00    28.7013
   2790.00    28.9881
   2800.00    28.5864
   2810.00    28.3725
   2820.00    28.9437
   2830.00    29.2092
   2840.00    29.1306
   2850.00    28.5696
   2860.00    28.2236
   2870.00    28.7960
   2880.00    28.6298
   2890.00    28.8564
   2900.00    29.4819
   2910.00    28.8733
   2920.00    28.6053
   2930.00    28.7339
   2940.00    28.5098
   2950.00    29.3152
   2960.00    29.0563
   2970.00    29.2139
   2980.00    29.2683
   2990.00    28.9051
   3000.00    28.9126
   3010.00    29.3182
   3020.00    29.0509
   3030.00    28.9201
   3040.00    28.5588
   3050.00    27.9825
   3060.00    28.7625
   3070.00    29.1035
   3080.00    29.0346
   3090.00    28.6658
   3100.00    28.9114
   3110.00    28.9346
   3120.00    29.0828
   3130.00    28.9055
   3140.00    28.8184
   3150.00    28.6966
   3160.00    29.2355
   3170.00    28.9251
   3180.00    29.2336
   3190.00    28.7329
   3200.00    29.2000
   3210.00    29.2114
   3220.00    29.1553
   3230.00    28.9831
   3240.00    28.6673
   3250.00    29.2835
   3260.00    29.1471
   3270.00    29.0644
   3280.00    29.4304
   3290.00    29.4984
   3300.00    29.2469
   3310.00    28.6499
   3320.00    28.6301
   3330.00    29.1738
   3340.00    29.0746
   3350.00    28.8154
   3360.00    28.9691
   3370.00    29.1638
   3380.00    29.4646
   3390.00    28.7486
   3400.00    29.2041
   3410.00    28.9814
   3420.00    29.0836
   3430.00    29.5352
   3440.00    28.6390
   3450.00    29.1536
   3460.00    29.1554
   3470.00    29.1787
   3480.00    28.6719
   3490.00    29.0108
   3500.00    29.0115
   3510.00    28.8948
   3520.00    28.9361
   3530.00    28.7513
   3540.00    29.3868
   3550.00    29.0842
   3560.00    28.6012
   3570.00    28.8095
   3580.00    28.1512
   3590.00    29.1890
   3600.00    29.0678
   3610.00    29.0180
   3620.00    28.8909
   3630.00    29.1877
   3640.00    28.4192
   3650.00    29.4852
   3660.00    29.0186
   3670.00    29.1375
   3680.00    28.8770
   3690.00    28.8487
   3700.00    28.3689
   3710.00    29.3735
   3720.00    29.3545
   3730.00    29.1748
   3740.00    29.2388
   3750.00    28.7098
   3760.00    29.1375
   3770.00    28.6621
   3780.00    29.1756
   3790.00    28.9790
   3800.00    28.8094
   3810.00    28.7146
   3820.00    29.1660
   3830.00    29.0037
   3840.00    28.1661
   3850.00    28.8600
   3860.00    28.7861
   3870.00    29.2692
   3880.00    29.2564
   3890.00    29.0004
   3900.00    29.5202
   3910.00    28.5805
   3920.00    28.7329
   3930.00    29.1801
   3940.00    28.9561
   3950.00    28.5627
   3960.00    28.9313
   3970.00    28.8963
   3980.00    28.8041
   3990.00    27.9505
   4000.00    29.4716
   4010.00    29.0357
   4020.00    28.8306
   4030.00    28.9114
   4040.00    28.9166
   4050.00    29.4332
   4060.00    29.0031
   4070.00    28.8328
   4080.00    29.5245
   4090.00    29.0506
   4100.00    28.8782
   4110.00    28.6902
   4120.00    28.8081
   4130.00    28.9530
   4140.00    28.8806
   4150.00    28.9267
   4160.00    29.0979
   4170.00    28.7152
   4180.00    28.9079
   4190.00    29.0898
   4200.00    29.3080
   4210.00    29.1429
   4220.00    28.9592
   4230.00    28.7989
   4240.00    28.6799
   4250.00    29.0240
   4260.00    28.3519
   4270.00    29.1820
   4280.00    29.4001
   4290.00    29.4155
   4300.00    29.3438
   4310.00    29.1489
   4320.00    29.4793
   4330.00    28.8956
   4340.00    28.7074
   4350.00    28.8739
   4360.00    29.4570
   4370.00    28.5262
   4380.00    28.5496
   4390.00    29.1859
   4400.00    29.0569
   4410.00    29.0491
   4420.00    29.2022
   4430.00    28.8022
   4440.00    28.9730
   4450.00    29.1128
   4460.00    29.2050
   4470.00    28.8864
   4480.00    28.5454
   4490.00    28.8565
   4500.00    29.2817
   4510.00    29.4711
   4520.00    29.1635
   4530.00    28.7904
   4540.00    29.0345
   4550.00    29.4679
   4560.00    28.6871
   4570.00    29.6499
   4580.00    29.4528
   4590.00    29.4867
   4600.00    28.9622
   4610.00    28.7141
   4620.00    29.0879
   4630.00    28.7365
   4640.00    29.2856
   4650.00    29.3838
   4660.00    28.9803
   4670.00    28.7671
   4680.00    28.4296
   4690.00    28.7341
   4700.00    28.9414
   4710.00    29.0017
   4720.00    28.9610
   4730.00    28.7110
   4740.00    28.6455
   4750.00    29.1604
   4760.00    29.3106
   4770.00    28.8551
   4780.00    29.3855
   4790.00    29.1251
   4800.00    28.6632
   4810.00    28.7255
   4820.00    29.2133
   4830.00    29.1158
   4840.00    28.7403
   4850.00    29.1350
   4860.00    28.6420
   4870.00    28.9327
   4880.00    29.0246
   4890.00    28.8493
   4900.00    29.2148
   4910.00    28.5777
   4920.00    28.8747
   4930.00    28.8815
   4940.00    29.4124
   4950.00    28.6146
   4960.00    29.5492
   4970.00    29.1203
   4980.00    28.8886
   4990.00    28.7028
   5000.00    29.0844
   5010.00    29.1197
   5020.00    29.2165
   5030.00    29.1466
   5040.00    28.9470
   5050.00    29.1616
   5060.00    29.1896
   5070.00    29.2233
   5080.00    28.9766
   5090.00    29.1682
   5100.00    29.4557
   5110.00    28.9245
   5120.00    28.8773
   5130.00    28.9582
   5140.00    29.1014
   5150.00    29.0215
   5160.00    29.3660
   5170.00    29.5405
   5180.00    28.7796
   5190.00    29.6587
   5200.00    28.7148
   5210.00    29.2021
   5220.00    28.8608
   5230.00    28.9065
   5240.00    28.8347
   5250.00    28.6474
   5260.00    28.7957
   5270.00    28.6490
   5280.00    28.6011
   5290.00    28.7110
   5300.00    29.0515
   5310.00    29.0171
   5320.00    28.8338
   5330.00    29.0412
   5340.00    29.3348
   5350.00    29.1058
   5360.00    28.9606
   5370.00    28.5920
   5380.00    28.9790
   5390.00    28.5014
   5400.00    29.0383
   5410.00    29.1364
   5420.00    28.8495
   5430.00    28.7200
   5440.00    28.9294
   5450.00    28.9588
   5460.00    28.7006
   5470.00    29.2265
   5480.00    29.2650
   5490.00    29.2254
   5500.00    28.9447
   5510.00    28.3952
   5520.00    28.6886
   5530.00    29.0721
   5540.00    29.1220
   5550.00    28.8728
   5560.00    28.9600
   5570.00    29.4170
   5580.00    29.1561
   5590.00    28.5254
   5600.00    29.2987
   5610.00    28.8526
   5620.00    29.0115
   5630.00    28.9636
   5640.00    29.0079
   5650.00    29.2136
   5660.00    29.5240
   5670.00    29.5500
   5680.00    28.4419
   5690.00    28.5929
   5700.00    28.9254
   5710.00    28.9985
   5720.00    28.5728
   5730.00    28.9426
   5740.00    29.4930
   5750.00    28.8706
   5760.00    29.0479
   5770.00    29.0808
   5780.00    28.8376
   5790.00    29.0273
   5800.00    28.6929
   5810.00    28.8189
   5820.00    29.0549
   5830.00    29.3368
   5840.00    28.9149
   5850.00    29.2506
   5860.00    29.0855
   5870.00    28.7562
   5880.00    28.7293
   5890.00    28.7735
   5900.00    28.7477
   5910.00    29.0120
   5920.00    29.2685
   5930.00    29.2153
   5940.00    29.0422
   5950.00    29.3023
   5960.00    28.8384
   5970.00    28.8236
   5980.00    28.7808
   5990.00    28.8048
   6000.00    28.9955
   6010.00    29.2489
   6020.00    28.9160
   6030.00    29.1807
   6040.00    28.9934
   6050.00    28.6869
   6060.00    28.8245
   6070.00    29.2213
   6080.00    28.9680
   6090.00    28.7528
   6100.00    28.7911
   6110.00    28.9816
   6120.00    29.0614
   6130.00    29.1317
   6140.00    28.2544
   6150.00    28.8331
   6160.00    29.1386
   6170.00    28.8803
   6180.00    28.5902
   6190.00    29.5927
   6200.00    28.6333
   6210.00    29.5013
   6220.00    29.3829
   6230.00    29.5719
   6240.00    28.9956
   6250.00    28.9673
   6260.00    29.1472
   6270.00    28.7054
   6280.00    29.4071
   6290.00    28.2304
   6300.00    28.8946
   6310.00    29.4710
   6320.00    28.9388
   6330.00    29.0217
   6340.00    29.0939
   6350.00    29.1112
   6360.00    28.9075
   6370.00    29.0399
   6380.00    29.4238
   6390.00    28.9358
   6400.00    29.0691
   6410.00    28.7073
   6420.00    29.2047
   6430.00    28.8827
   6440.00    29.7684
   6450.00    29.7657
   6460.00    29.4396
   6470.00    28.9188
   6480.00    28.9429
   6490.00    29.2276
   6500.00    28.9715
   6510.00    28.8905
   6520.00    28.9915
   6530.00    29.3909
   6540.00    29.2885
   6550.00    29.1734
   6560.00    28.8635
   6570.00    28.8235
   6580.00    29.4136
   6590.00    29.3649
   6600.00    28.7924
   6610.00    28.7407
   6620.00    28.9769
   6630.00    28.9960
   6640.00    29.0622
   6650.00    28.8093
   6660.00    28.7588
   6670.00    28.7566
   6680.00    28.8717
   6690.00    29.0845
   6700.00    29.3061
   6710.00    29.1963
   6720.00    28.8741
   6730.00    28.7902
   6740.00    28.7794
   6750.00    28.5251
   6760.00    28.9201
   6770.00    28.7798
   6780.00    28.9918
   6790.00    28.7086
   6800.00    29.2438
   6810.00    28.8688
   6820.00    29.2161
   6830.00    28.9868
   6840.00    28.6584
   6850.00    29.1266
   6860.00    29.0543
   6870.00    28.6705
   6880.00    28.7410
   6890.00    29.0585
   6900.00    29.1886
   6910.00    29.2060
   6920.00    28.6256
   6930.00    29.2144
   6940.00    29.3086
   6950.00    28.5990
   6960.00    28.4449
   6970.00    29.6147
   6980.00    29.2792
   6990.00    28.9192
   7000.00    29.3045
   7010.00    29.4062
   7020.00    29.1213
   7030.00    29.1564
   7040.00    28.5666
   7050.00    28.9608
   7060.00    29.2524
   7070.00    29.3346
   7080.00    29.2199
   7090.00    28.7423
   7100.00    29.2561
   7110.00    28.8665
   7120.00    29.2908
   7130.00    29.0338
   7140.00    28.6268
   7150.00    29.0564
   7160.00    28.7866
   7170.00    29.0113
   7180.00    28.7147
   7190.00    28.7276
   7200.00    28.9542
   7210.00    28.7175
   7220.00    29.0944
   7230.00    28.7743
   7240.00    28.7558
   7250.00    29.1422
   7260.00    29.4804
   7270.00    28.5685
   7280.00    28.6564
   7290.00    28.6887
   7300.00    29.2305
   7310.00    29.2413
   7320.00    28.8298
   7330.00    29.2489
   7340.00    29.3045
   7350.00    29.2438
   7360.00    29.2227
   7370.00    29.2771
   7380.00    29.1508
   7390.00    29.1485
   7400.00    28.9060
   7410.00    28.5475
   7420.00    29.2563
   7430.00    29.7016
   7440.00    29.0849
   7450.00    28.9713
   7460.00    29.5131
   7470.00    29.0453
   7480.00    29.3793
   7490.00    29.0252
   7500.00    28.7522
   7510.00    28.9209
   7520.00    29.1532
   7530.00    29.0444
   7540.00    29.0488
   7550.00    28.9096
   7560.00    28.8503
   7570.00    29.1617
   7580.00    28.7987
   7590.00    28.5236
   7600.00    28.7352
   7610.00    28.6992
   7620.00    28.9292
   7630.00    29.1407
   7640.00    28.8757
   7650.00    28.6780
   7660.00    29.1824
   7670.00    28.2782
   7680.00    29.4505
   7690.00    29.2218
   7700.00    29.2271
   7710.00    28.4621
   7720.00    28.5479
   7730.00    29.3456
   7740.00    28.9440
   7750.00    29.1044
   7760.00    29.5645
   7770.00    29.0912
   7780.00    28.6555
   7790.00    29.2706
   7800.00    28.9924
   7810.00    29.4911
   7820.00    29.1963
   7830.00    29.3253
   7840.00    28.8300
   7850.00    29.0601
   7860.00    29.0172
   7870.00    28.3297
   7880.00    29.0488
   7890.00    29.2215
   7900.00    28.6691
   7910.00    29.5651
   7920.00    28.9307
   7930.00    28.7441
   7940.00    29.4758
   7950.00    29.3641
   7960.00    28.9630
   7970.00    28.9300
   7980.00    29.4720
   7990.00    29.5725
   8000.00    29.0632
   8010.00    28.7110
   8020.00    28.4872
   8030.00    29.3098
   8040.00    29.5084
   8050.00    28.8121
   8060.00    28.8572
   8070.00    29.1562
   8080.00    28.5737
   8090.00    29.0112
   8100.00    29.2166
   8110.00    29.2750
   8120.00    28.9906
   8130.00    29.8354
   8140.00    28.9502
   8150.00    29.4295
   8160.00    29.0823
   8170.00    28.5252
   8180.00    29.0337
   8190.00    28.4411
   8200.00    29.3316
   8210.00    28.9614
   8220.00    28.7988
   8230.00    28.9344
   8240.00    28.8059
   8250.00    29.1980
   8260.00    29.2513
   8270.00    29.2016
   8280.00    28.3849
   8290.00    29.3507
   8300.00    28.8745
   8310.00    28.9576
   8320.00    28.7838
   8330.00    29.1798
   8340.00    28.4661
   8350.00    29.0046
   8360.00    28.7746
   8370.00    29.5432
   8380.00    29.0747
   8390.00    28.9316
   8400.00    29.3534
   8410.00    28.9977
   8420.00    28.9831
   8430.00    28.7384
   8440.00    29.3243
   8450.00    29.3745
   8460.00    28.6724
   8470.00    29.1977
   8480.00    29.1457
   8490.00    29.0503
   8500.00    28.4549
   8510.00    28.7480
   8520.00    29.3276
   8530.00    29.4234
   8540.00    28.7230
   8550.00    28.8505
   8560.00    29.0119
   8570.00    29.1735
   8580.00    29.2404
   8590.00    28.6751
   8600.00    29.2645
   8610.00    29.4324
   8620.00    29.0852
   8630.00    29.1020
   8640.00    29.1291
   8650.00    29.2744
   8660.00    28.9233
   8670.00    29.5545
   8680.00    28.8201
   8690.00    28.4901
   8700.00    28.5723
   8710.00    28.4691
   8720.00    29.6799
   8730.00    29.0952
   8740.00    29.2091
   8750.00    28.7385
   8760.00    28.7797
   8770.00    28.8460
   8780.00    28.9792
   8790.00    28.8449
   8800.00    29.1563
   8810.00    28.2676
   8820.00    29.1736
   8830.00    28.7102
   8840.00    28.9421
   8850.00    28.6432
   8860.00    29.0294
   8870.00    29.4588
   8880.00    28.5681
   8890.00    28.9160
   8900.00    29.1473
   8910.00    29.0184
   8920.00    29.4028
   8930.00    28.9593
   8940.00    28.9490
   8950.00    28.6651
   8960.00    29.0613
   8970.00    29.2422
   8980.00    29.1264
   8990.00    28.7762
   9000.00    30.3444
   9010.00    29.3601
   9020.00    29.0147
   9030.00    28.5286
   9040.00    29.2048
   9050.00    28.4648
   9060.00    29.1061
   9070.00    29.2522
   9080.00    28.7660
   9090.00    29.5184
   9100.00    29.0437
   9110.00    29.1555
   9120.00    28.9879
   9130.00    28.8991
   9140.00    29.1483
   9150.00    28.5012
   9160.00    29.1815
   9170.00    29.4077
   9180.00    29.2929
   9190.00    29.3199
   9200.00    28.5466
   9210.00    28.3956
   9220.00    28.9887
   9230.00    29.2893
   9240.00    28.9957
   9250.00    28.8571
   9260.00    28.6407
   9270.00    29.2752
   9280.00    28.7410
   9290.00    28.5064
   9300.00    29.1771
   9310.00    29.2406
   9320.00    28.8819
   9330.00    29.2812
   9340.00    28.8915
   9350.00    28.9397
   9360.00    28.8336
   9370.00    29.3059
   9380.00    28.6930
   9390.00    29.1424
   9400.00    29.0719
   9410.00    29.0354
   9420.00    29.1677
   9430.00    28.5940
   9440.00    28.5719
   9450.00    29.1201
   9460.00    29.4736
   9470.00    29.2346
   9480.00    28.8721
   9490.00    29.1093
   9500.00    28.8289
   9510.00    28.5388
   9520.00    28.6996
   9530.00    28.2716
   9540.00    28.8277
   9550.00    28.9175
   9560.00    29.3642
   9570.00    29.2298
   9580.00    28.8887
   9590.00    28.8218
   9600.00    29.3209
   9610.00    29.0511
   9620.00    28.5636
   9630.00    28.9845
   9640.00    28.8365
   9650.00    29.0904
   9660.00    28.6861
   9670.00    29.0066
   9680.00    29.3726
   9690.00    28.3310
   9700.00    28.8473
   9710.00    29.0097
   9720.00    28.3885
   9730.00    29.2809
   9740.00    28.7934
   9750.00    28.9405
   9760.00    29.2294
   9770.00    29.3597
   9780.00    29.2901
   9790.00    29.2357
   9800.00    28.8886
   9810.00    28.3163
   9820.00    29.1325
   9830.00    29.1253
   9840.00    28.7865
   9850.00    29.1303
   9860.00    29.1201
   9870.00    28.6314
   9880.00    28.8535
   9890.00    28.7382
   9900.00    29.0443
   9910.00    29.4367
   9920.00    29.0619
   9930.00    29.0176
   9940.00    28.9989
   9950.00    29.2581
   9960.00    28.1065
   9970.00    28.7401
   9980.00    29.2081
   9990.00    29.0997
  10000.00    29.1415
  10010.00    29.2445
  10020.00    28.7243
  10030.00    28.9111
  10040.00    28.9650
  10050.00    29.0151
  10060.00    29.1539
  10070.00    29.2020
  10080.00    28.9364
  10090.00    28.5709
  10100.00    28.3860
  10110.00    28.5254
  10120.00    28.7626
  10130.00    28.2133
  10140.00    28.4815
  10150.00    29.2601
  10160.00    28.4969
  10170.00    28.5519
  10180.00    28.8781
  10190.00    28.8396
  10200.00    28.6636
  10210.00    29.2309
  10220.00    28.8994
  10230.00    28.6328
  10240.00    28.4705
  10250.00    28.9367
  10260.00    29.2368
  10270.00    28.8892
  10280.00    28.7536
  10290.00    29.0852
  10300.00    28.3904
  10310.00    29.0140
  10320.00    29.0424
  10330.00    29.1694
  10340.00    28.8208
  10350.00    29.0602
  10360.00    29.0240
  10370.00    29.3358
  10380.00    28.7618
  10390.00    28.8512
  10400.00    28.5557
  10410.00    28.6468
  10420.00    29.1380
  10430.00    28.8836
  10440.00    29.1986
  10450.00    29.2193
  10460.00    29.0872
  10470.00    28.8272
  10480.00    29.3435
  10490.00    28.8709
  10500.00    28.8074
  10510.00    29.2846
  10520.00    29.1825
  10530.00    29.0537
  10540.00    29.0997
  10550.00    28.5947
  10560.00    29.1414
  10570.00    29.0241
  10580.00    28.9046
  10590.00    28.3915
  10600.00    29.0750
  10610.00    28.4056
  10620.00    29.3310
  10630.00    28.5226
  10640.00    28.7413
  10650.00    28.7756
  10660.00    29.0057
  10670.00    29.4369
  10680.00    28.9277
  10690.00    28.8013
  10700.00    28.8282
  10710.00    29.0414
  10720.00    29.1443
  10730.00    29.2473
  10740.00    29.5013
  10750.00    28.9887
  10760.00    28.5290
  10770.00    29.5425
  10780.00    29.0250
  10790.00    29.2445
  10800.00    29.5173
  10810.00    29.0758
  10820.00    28.5127
  10830.00    29.2156
  10840.00    28.9830
  10850.00    28.5529
  10860.00    29.1502
  10870.00    28.9950
  10880.00    29.0282
  10890.00    28.7307
  10900.00    28.9401
  10910.00    28.8777
  10920.00    29.4353
  10930.00    28.6142
  10940.00    28.6380
  10950.00    28.9808
  10960.00    29.1701
  10970.00    28.8248
  10980.00    29.1254
  10990.00    28.6622
  11000.00    29.2259
  11010.00    29.3214
  11020.00    29.2788
  11030.00    29.2534
  11040.00    28.6092
  11050.00    29.1940
  11060.00    29.1981
  11070.00    28.9327
  11080.00    28.9609
  11090.00    29.0041
  11100.00    28.6915
  11110.00    29.3337
  11120.00    28.9226
  11130.00    29.0208
  11140.00    28.4850
  11150.00    28.8229
  11160.00    29.0682
  11170.00    29.3175
  11180.00    29.1230
  11190.00    28.9437
  11200.00    28.8213
  11210.00    28.4828
  11220.00    29.0957
  11230.00    28.7598
  11240.00    28.8834
  11250.00    28.9959
  11260.00    28.9842
  11270.00    28.9401
  11280.00    28.4029
  11290.00    28.6134
  11300.00    29.1238
  11310.00    28.9915
  11320.00    28.8567
  11330.00    28.5839
  11340.00    29.6949
  11350.00    28.8890
  11360.00    28.7066
  11370.00    28.5436
  11380.00    28.5515
  11390.00    28.8614
  11400.00    28.6520
  11410.00    28.8294
  11420.00    29.3292
  11430.00    29.1102
  11440.00    29.2098
  11450.00    29.0848
  11460.00    29.1388
  11470.00    28.9577
  11480.00    29.0926
  11490.00    28.9219
  11500.00    29.1166
  11510.00    29.1642
  11520.00    29.4334
  11530.00    29.5268
  11540.00    29.6655
  11550.00    29.0513
  11560.00    29.0282
  11570.00    29.1426
  11580.00    29.2297
  11590.00    29.4387
  11600.00    29.0509
  11610.00    28.6094
  11620.00    28.9486
  11630.00    28.4729
  11640.00    29.3247
  11650.00    28.7552
  11660.00    29.1447
  11670.00    28.9621
  11680.00    28.7605
  11690.00    28.8521
  11700.00    29.1758
  11710.00    29.0222
  11720.00    29.0022
  11730.00    28.8681
  11740.00    29.1807
  11750.00    29.0410
  11760.00    28.6021
  11770.00    28.9659
  11780.00    28.7543
  11790.00    29.1613
  11800.00    29.2678
  11810.00    28.8132
  11820.00    28.9896
  11830.00    28.7442
  11840.00    28.7939
  11850.00    28.7287
  11860.00    28.9819
  11870.00    29.2774
  11880.00    28.4059
  11890.00    29.4529
  11900.00    29.0858
  11910.00    28.9488
  11920.00    28.9858
  11930.00    28.8767
  11940.00    28.9881
  11950.00    29.3760
  11960.00    28.9686
  11970.00    28.9654
  11980.00    28.8419
  11990.00    28.8071
  12000.00    28.9206
  12010.00    28.9491
  12020.00    29.3273
  12030.00    29.5628
  12040.00    28.6906
  12050.00    29.1054
  12060.00    28.7180
  12070.00    28.7633
  12080.00    28.6809
  12090.00    28.6559
  12100.00    29.1034
  12110.00    28.6724
  12120.00    29.2538
  12130.00    28.7674
  12140.00    29.3659
  12150.00    28.8940
  12160.00    28.7870
  12170.00    28.8702
  12180.00    28.7863
  12190.00    28.9987
  12200.00    28.8001
  12210.00    28.7406
  12220.00    28.6583
  12230.00    28.5527
  12240.00    29.6698
  12250.00    28.7168
  12260.00    28.9217
  12270.00    28.4992
  12280.00    28.5199
  12290.00    28.9660
  12300.00    28.7591
  12310.00    28.9096
  12320.00    28.5221
  12330.00    29.2874
  12340.00    29.3052
  12350.00    28.9216
  12360.00    28.2197
  12370.00    29.0681
  12380.00    28.7284
  12390.00    28.9980
  12400.00    28.9350
  12410.00    28.7047
  12420.00    28.3695
  12430.00    28.7700
  12440.00    28.9468
  12450.00    28.5095
  12460.00    28.7951
  12470.00    29.5019
  12480.00    28.6837
  12490.00    28.4692
  12500.00    29.3079
  12510.00    29.6564
  12520.00    29.3211
  12530.00    28.7588
  12540.00    28.9843
  12550.00    28.8811
  12560.00    28.9427
  12570.00    28.6229
  12580.00    29.0003
  12590.00    29.0727
  12600.00    28.6790
  12610.00    28.8390
  12620.00    29.0488
  12630.00    28.6365
  12640.00    29.0443
  12650.00    28.8605
  12660.00    28.9318
  12670.00    28.8401
  12680.00    29.5153
  12690.00    29.0565
  12700.00    29.0244
  12710.00    28.7341
  12720.00    29.3485
  12730.00    28.6024
  12740.00    28.9811
  12750.00    29.0338
  12760.00    29.1173
  12770.00    29.2811
  12780.00    28.4135
  12790.00    28.8956
  12800.00    28.7904
  12810.00    29.1780
  12820.00    28.3814
  12830.00    29.1295
  12840.00    29.1659
  12850.00    29.1685
  12860.00    28.6379
  12870.00    28.9615
  12880.00    29.3070
  12890.00    29.0041
  12900.00    29.0302
  12910.00    28.9287
  12920.00    28.8966
  12930.00    28.8987
  12940.00    29.2280
  12950.00    28.7277
  12960.00    28.9194
  12970.00    29.2571
  12980.00    29.0927
  12990.00    28.9643
  13000.00    28.6665
  13010.00    28.8449
  13020.00    28.2805
  13030.00    29.0319
  13040.00    29.1310
  13050.00    28.6727
  13060.00    29.4043
  13070.00    29.0732
  13080.00    28.6076
  13090.00    28.4164
  13100.00    28.6694
  13110.00    28.8296
  13120.00    29.2116
  13130.00    29.2745
  13140.00    28.6025
  13150.00    28.8728
  13160.00    28.5992
  13170.00    29.0775
  13180.00    29.0263
  13190.00    28.6717
  13200.00    28.9001
  13210.00    29.1853
  13220.00    28.8134
  13230.00    28.9700
  13240.00    29.1672
  13250.00    28.5611
  13260.00    29.3513
  13270.00    28.8245
  13280.00    28.9155
  13290.00    28.8388
  13300.00    29.0083
  13310.00    29.5199
  13320.00    28.5243
  13330.00    29.4559
  13340.00    28.7224
  13350.00    28.5961
  13360.00    29.2721
  13370.00    29.0040
  13380.00    28.6042
  13390.00    28.4795
  13400.00    29.2439
  13410.00    28.8312
  13420.00    29.1900
  13430.00    28.8447
  13440.00    28.7124
  13450.00    28.9259
  13460.00    29.0794
  13470.00    29.1006
  13480.00    28.7305
  13490.00    29.5171
  13500.00    29.0250
  13510.00    29.8671
  13520.00    28.5067
  13530.00    28.9127
  13540.00    29.0530
  13550.00    29.0786
  13560.00    29.1533
  13570.00    28.9061
  13580.00    29.1269
  13590.00    29.3145
  13600.00    28.8215
  13610.00    29.2107
  13620.00    29.2624
  13630.00    28.7509
  13640.00    28.6388
  13650.00    28.7555
  13660.00    29.0905
  13670.00    29.5040
  13680.00    28.9268
  13690.00    29.1225
  13700.00    28.9241
  13710.00    28.9948
  13720.00    28.9996
  13730.00    28.9205
  13740.00    29.0975
  13750.00    28.9409
  13760.00    29.0208
  13770.00    28.8598
  13780.00    28.9291
  13790.00    28.6302
  13800.00    29.1925
  13810.00    28.4943
  13820.00    29.6576
  13830.00    28.5556
  13840.00    29.4687
  13850.00    29.2017
  13860.00    29.0001
  13870.00    28.8436
  13880.00    29.2237
  13890.00    29.0497
  13900.00    29.1231
  13910.00    28.5893
  13920.00    29.4283
  13930.00    29.3809
  13940.00    28.7982
  13950.00    29.6427
  13960.00    28.6776
  13970.00    28.8492
  13980.00    28.8488
  13990.00    28.9096
  14000.00    28.8699
  14010.00    28.7546
  14020.00    28.8511
  14030.00    29.6773
  14040.00    28.7941
  14050.00    28.8323
  14060.00    28.9492
  14070.00    29.2919
  14080.00    29.6395
  14090.00    29.2113
  14100.00    28.9417
  14110.00    28.8385
  14120.00    28.7965
  14130.00    29.3076
  14140.00    29.0272
  14150.00    28.3108
  14160.00    29.2174
  14170.00    29.1846
  14180.00    29.2540
  14190.00    29.1909
  14200.00    28.9806
  14210.00    28.8249
  14220.00    29.4621
  14230.00    29.2337
  14240.00    28.7247
  14250.00    28.8082
  14260.00    29.1646
  14270.00    28.8532
  14280.00    28.3025
  14290.00    28.9415
  14300.00    29.3284
  14310.00    29.0769
  14320.00    29.4033
  14330.00    29.1730
  14340.00    29.0574
  14350.00    28.8084
  14360.00    28.6204
  14370.00    29.3186
  14380.00    28.9755
  14390.00    28.9568
  14400.00    28.9500
  14410.00    29.0826
  14420.00    28.5827
  14430.00    28.7300
  14440.00    29.0478
  14450.00    29.6225
  14460.00    28.9505
  14470.00    29.1815
  14480.00    28.7814
  14490.00    29.0987
  14500.00    28.8442
  14510.00    28.8714
  14520.00    29.0988
  14530.00    29.0213
  14540.00    29.7602
  14550.00    28.9973
  14560.00    28.7053
  14570.00    29.1264
  14580.00    28.8787
  14590.00    28.7614
  14600.00    29.0221
  14610.00    28.6485
  14620.00    28.8131
  14630.00    29.9385
  14640.00    29.2735
  14650.00    29.2624
  14660.00    28.3856
  14670.00    28.2797
  14680.00    28.7663
  14690.00    29.4211
  14700.00    28.5544
  14710.00    29.0384
  14720.00    28.7023
  14730.00    28.9198
  14740.00    28.9117
  14750.00    28.5539
  14760.00    29.4349
  14770.00    29.3162
  14780.00    28.7825
  14790.00    28.7350
  14800.00    29.2427
  14810.00    29.3379
  14820.00    29.3488
  14830.00    28.9044
  14840.00    28.9866
  14850.00    28.9785
  14860.00    29.0327
  14870.00    29.0918
  14880.00    29.0048
  14890.00    28.8049
  14900.00    29.3474
  14910.00    28.4376
  14920.00    29.0851
  14930.00    29.1243
  14940.00    29.1837
  14950.00    29.1780
  14960.00    28.8554
  14970.00    29.0744
  14980.00    28.8276
  14990.00    29.0388
  15000.00    28.8883
  15010.00    29.2719
  15020.00    29.0415
  15030.00    28.9461
  15040.00    29.1435
  15050.00    28.6725
  15060.00    29.0426
  15070.00    29.2609
  15080.00    29.0495
  15090.00    29.0519
  15100.00    29.2075
  15110.00    29.1366
  15120.00    28.8787
  15130.00    28.8739
  15140.00    28.7472
  15150.00    28.8250
  15160.00    28.6400
  15170.00    29.0584
  15180.00    28.8885
  15190.00    29.3193
  15200.00    28.4508
  15210.00    29.0575
  15220.00    29.3225
  15230.00    28.8525
  15240.00    28.7774
  15250.00    29.0854
  15260.00    28.7431
  15270.00    28.6457
  15280.00    28.8483
  15290.00    29.2299
  15300.00    29.2830
  15310.00    28.9898
  15320.00    29.3095
  15330.00    29.2037
  15340.00    29.2609
  15350.00    29.3145
  15360.00    29.5431
  15370.00    28.9500
  15380.00    29.3813
  15390.00    29.3652
  15400.00    29.2291
  15410.00    28.4002
  15420.00    28.8472
  15430.00    29.0828
  15440.00    28.5879
  15450.00    28.5460
  15460.00    29.3288
  15470.00    28.7932
  15480.00    28.6038
  15490.00    28.6906
  15500.00    28.5407
  15510.00    29.3186
  15520.00    28.9957
  15530.00    28.7299
  15540.00    29.1744
  15550.00    29.2343
  15560.00    29.2597
  15570.00    28.9795
  15580.00    28.7613
  15590.00    28.6507
  15600.00    28.9902
  15610.00    29.6961
  15620.00    28.7542
  15630.00    28.5907
  15640.00    29.2723
  15650.00    28.8526
  15660.00    28.9958
  15670.00    28.6477
  15680.00    29.2488
  15690.00    28.9691
  15700.00    28.8624
  15710.00    29.0457
  15720.00    29.1429
  15730.00    28.6511
  15740.00    28.7589
  15750.00    28.9102
  15760.00    28.4244
  15770.00    28.7442
  15780.00    27.8676
  15790.00    28.7874
  15800.00    29.3201
  15810.00    29.4742
  15820.00    28.8325
  15830.00    29.0111
  15840.00    28.8518
  15850.00    28.7220
  15860.00    28.7182
  15870.00    29.1717
  15880.00    29.1410
  15890.00    29.3435
  15900.00    29.0797
  15910.00    28.6980
  15920.00    29.2075
  15930.00    28.4836
  15940.00    29.3336
  15950.00    28.8644
  15960.00    28.8778
  15970.00    29.2149
  15980.00    29.4083
  15990.00    28.8586
  16000.00    29.6627
  16010.00    29.2519
  16020.00    29.1482
  16030.00    28.9425
  16040.00    29.0688
  16050.00    28.7630
  16060.00    28.9390
  16070.00    29.3000
  16080.00    28.8611
  16090.00    29.0868
  16100.00    28.2190
  16110.00    29.0889
  16120.00    28.4763
  16130.00    29.1222
  16140.00    29.0862
  16150.00    28.5891
  16160.00    28.7983
  16170.00    29.3770
  16180.00    28.9399
  16190.00    29.4949
  16200.00    29.3022
  16210.00    28.7770
  16220.00    28.7791
  16230.00    29.2987
  16240.00    29.1664
  16250.00    29.1736
  16260.00    28.6264
  16270.00    28.9933
  16280.00    29.1664
  16290.00    29.0190
  16300.00    29.1079
  16310.00    29.0666
  16320.00    29.2023
  16330.00    28.8033
  16340.00    29.0494
  16350.00    28.8102
  16360.00    28.9263
  16370.00    28.7564
  16380.00    28.7535
  16390.00    28.9459
  16400.00    29.0507
  16410.00    29.1536
  16420.00    28.4626
  16430.00    28.8365
  16440.00    29.1766
  16450.00    29.1680
  16460.00    29.0273
  16470.00    29.1097
  16480.00    28.4635
  16490.00    29.3298
  16500.00    28.9266
  16510.00    29.2851
  16520.00    29.1337
  16530.00    29.6954
  16540.00    29.1717
  16550.00    29.4720
  16560.00    28.8989
  16570.00    29.3232
  16580.00    28.5530
  16590.00    28.8658
  16600.00    29.0373
  16610.00    29.4223
  16620.00    29.1346
  16630.00    29.0766
  16640.00    29.1614
  16650.00    29.1699
  16660.00    28.7332
  16670.00    28.7908
  16680.00    28.5724
  16690.00    29.0815
  16700.00    28.3688
  16710.00    29.2430
  16720.00    29.5862
  16730.00    29.3833
  16740.00    28.5173
  16750.00    28.6881
  16760.00    28.6829
  16770.00    28.6754
  16780.00    28.6824
  16790.00    28.5361
  16800.00    29.1166
  16810.00    29.2968
  16820.00    28.8125
  16830.00    29.2594
  16840.00    28.7164
  16850.00    29.3960
  16860.00    29.0713
  16870.00    28.5490
  16880.00    29.3062
  16890.00    28.6833
  16900.00    29.0796
  16910.00    28.6492
  16920.00    28.8267
  16930.00    29.2798
  16940.00    29.3310
  16950.00    29.4165
  16960.00    29.1348
  16970.00    29.0416
  16980.00    29.2476
  16990.00    29.0967
  17000.00    28.9698
  17010.00    29.2043
  17020.00    29.1998
  17030.00    28.7318
  17040.00    28.8070
  17050.00    28.7675
  17060.00    29.0597
  17070.00    29.2330
  17080.00    29.3965
  17090.00    29.1600
  17100.00    28.7018
  17110.00    29.4483
  17120.00    28.4599
  17130.00    28.7241
  17140.00    28.9635
  17150.00    29.1632
  17160.00    29.0559
  17170.00    29.0245
  17180.00    29.0473
  17190.00    28.9304
  17200.00    29.0897
  17210.00    29.0293
  17220.00    29.0789
  17230.00    28.8761
  17240.00    28.4801
  17250.00    29.0363
  17260.00    28.6840
  17270.00    28.8295
  17280.00    29.2227
  17290.00    28.6100
  17300.00    28.9178
  17310.00    29.1295
  17320.00    28.5926
  17330.00    28.6202
  17340.00    28.5475
  17350.00    28.9445
  17360.00    28.9331
  17370.00    29.0217
  17380.00    28.8054
  17390.00    28.5412
  17400.00    29.1591
  17410.00    29.0977
  17420.00    28.5227
  17430.00    29.1534
  17440.00    29.2425
  17450.00    28.9874
  17460.00    29.1830
  17470.00    28.9813
  17480.00    29.3063
  17490.00    29.0305
  17500.00    28.6170
  17510.00    28.3042
  17520.00    29.1512
  17530.00    29.4011
  17540.00    28.7313
  17550.00    29.0878
  17560.00    29.0409
  17570.00    29.2081
  17580.00    29.4720
  17590.00    29.0746
  17600.00    29.5358
  17610.00    28.7521
  17620.00    28.9800
  17630.00    28.8057
  17640.00    28.7402
  17650.00    28.8005
  17660.00    29.2026
  17670.00    29.1136
  17680.00    28.4815
  17690.00    29.0601
  17700.00    29.1403
  17710.00    28.9721
  17720.00    28.9660
  17730.00    28.8817
  17740.00    29.0678
  17750.00    28.6274
  17760.00    29.1310
  17770.00    28.5569
  17780.00    29.2275
  17790.00    28.9047
  17800.00    29.4825
  17810.00    28.9194
  17820.00    28.5449
  17830.00    29.0971
  17840.00    28.4468
  17850.00    28.8294
  17860.00    28.9936
  17870.00    28.6628
  17880.00    29.1905
  17890.00    28.7939
  17900.00    29.1607
  17910.00    28.4428
  17920.00    28.9794
  17930.00    28.5675
  17940.00    28.9380
  17950.00    28.6838
  17960.00    28.8872
  17970.00    29.1767
  17980.00    29.3655
  17990.00    29.1472
  18000.00    29.1683
  18010.00    29.4794
  18020.00    29.3805
  18030.00    28.7960
  18040.00    29.0655
  18050.00    29.2222
  18060.00    29.0921
  18070.00    29.2119
  18080.00    28.9434
  18090.00    28.9951
  18100.00    29.1166
  18110.00    29.4613
  18120.00    29.0894
  18130.00    28.7464
  18140.00    28.5348
  18150.00    29.0456
  18160.00    28.6950
  18170.00    28.8121
  18180.00    28.7108
  18190.00    28.8926
  18200.00    28.8713
  18210.00    28.5910
  18220.00    29.2095
  18230.00    29.3938
  18240.00    29.3589
  18250.00    29.4622
  18260.00    29.1137
  18270.00    28.4706
  18280.00    29.0920
  18290.00    29.4267
  18300.00    28.9713
  18310.00    29.3378
  18320.00    28.8062
  18330.00    29.2349
  18340.00    29.3944
  18350.00    29.1951
  18360.00    29.0578
  18370.00    29.0749
  18380.00    29.1783
  18390.00    29.0753
  18400.00    29.0705
  18410.00    28.8539
  18420.00    29.1124
  18430.00    29.1356
  18440.00    28.5657
  18450.00    29.4136
  18460.00    29.1199
  18470.00    28.9199
  18480.00    29.1761
  18490.00    29.0660
  18500.00    29.3621
  18510.00    29.1708
  18520.00    29.1670
  18530.00    28.8979
  18540.00    29.3849
  18550.00    29.0542
  18560.00    28.9015
  18570.00    28.5971
  18580.00    28.8056
  18590.00    29.3028
  18600.00    29.0593
  18610.00    28.7158
  18620.00    28.9662
  18630.00    29.1506
  18640.00    29.1696
  18650.00    29.2202
  18660.00    29.1399
  18670.00    28.7219
  18680.00    29.0930
  18690.00    28.7773
  18700.00    29.1957
  18710.00    28.8678
  18720.00    29.1880
  18730.00    29.1070
  18740.00    28.9308
  18750.00    29.2234
  18760.00    29.0883
  18770.00    29.0446
  18780.00    29.2288
  18790.00    28.9734
  18800.00    28.8456
  18810.00    29.0779
  18820.00    28.7572
  18830.00    29.0639
  18840.00    28.8390
  18850.00    28.8592
  18860.00    29.4125
  18870.00    29.2977
  18880.00    29.0863
  18890.00    28.9698
  18900.00    28.9243
  18910.00    29.5283
  18920.00    29.0149
  18930.00    28.8239
  18940.00    29.5318
  18950.00    28.7434
  18960.00    28.8899
  18970.00    28.7860
  18980.00    29.0336
  18990.00    28.6636
  19000.00    28.9297
  19010.00    28.5410
  19020.00    28.6967
  19030.00    28.6511
  19040.00    28.6250
  19050.00    28.9780
  19060.00    28.9210
  19070.00    28.6232
  19080.00    29.0835
  19090.00    28.4244
  19100.00    28.9643
  19110.00    28.9106
  19120.00    28.9225
  19130.00    28.8157
  19140.00    29.0522
  19150.00    28.9120
  19160.00    28.7805
  19170.00    28.9507
  19180.00    29.3466
  19190.00    29.2513
  19200.00    28.9573
  19210.00    29.1389
  19220.00    28.6639
  19230.00    28.8353
  19240.00    29.1361
  19250.00    28.8639
  19260.00    29.0471
  19270.00    28.9598
  19280.00    28.4264
  19290.00    28.8389
  19300.00    28.5810
  19310.00    29.1046
  19320.00    28.5483
  19330.00    29.0069
  19340.00    28.8346
  19350.00    29.0197
  19360.00    29.0602
  19370.00    28.9377
  19380.00    29.5421
  19390.00    29.1579
  19400.00    29.1586
  19410.00    29.1168
  19420.00    28.3677
  19430.00    28.6519
  19440.00    29.4445
  19450.00    29.2357
  19460.00    28.7562
  19470.00    28.9927
  19480.00    29.3781
  19490.00    28.6056
  19500.00    28.5614
  19510.00    29.5004
  19520.00    28.7538
  19530.00    28.3876
  19540.00    29.1161
  19550.00    28.7270
  19560.00    28.7294
  19570.00    28.6156
  19580.00    28.7104
  19590.00    28.8407
  19600.00    29.2784
  19610.00    29.1438
  19620.00    28.8174
  19630.00    29.8610
  19640.00    28.8413
  19650.00    28.4754
  19660.00    29.1315
  19670.00    28.9899
  19680.00    29.2332
  19690.00    28.9036
  19700.00    29.2061
  19710.00    29.0261
  19720.00    28.5121
  19730.00    28.8961
  19740.00    29.0864
  19750.00    29.0995
  19760.00    29.2409
  19770.00    28.6966
  19780.00    29.2249
  19790.00    29.1049
  19800.00    28.5955
  19810.00    29.5974
  19820.00    29.1911
  19830.00    29.0167
  19840.00    28.8629
  19850.00    29.1048
  19860.00    29.2373
  19870.00    29.3226
  19880.00    29.4215
  19890.00    29.0704
  19900.00    29.1790
  19910.00    28.7437
  19920.00    29.3413
  19930.00    28.9717
  19940.00    28.9225
  19950.00    28.9607
  19960.00    29.1203
  19970.00    28.7149
  19980.00    28.9785
  19990.00    28.5599
  20000.00    28.6386
  20010.00    28.7019
  20020.00    28.6111
  20030.00    29.1212
  20040.00    28.4942
  20050.00    29.2018
  20060.00    28.9433
  20070.00    29.0980
  20080.00    28.8558
  20090.00    28.8219
  20100.00    28.8977
  20110.00    28.8240
  20120.00    29.2836
  20130.00    28.7271
  20140.00    29.2471
  20150.00    29.3743
  20160.00    28.5341
  20170.00    29.0962
  20180.00    28.9566
  20190.00    29.2943
  20200.00    29.4674
  20210.00    29.5169
  20220.00    28.6569
  20230.00    29.0517
  20240.00    29.0170
  20250.00    29.2329
  20260.00    28.6955
  20270.00    29.3152
  20280.00    28.6434
  20290.00    28.5922
  20300.00    29.0998
  20310.00    28.8581
  20320.00    29.7952
  20330.00    28.9418
  20340.00    28.9546
  20350.00    29.1949
  20360.00    28.6866
  20370.00    29.6423
  20380.00    29.1031
  20390.00    29.2891
  20400.00    29.3558
  20410.00    28.5341
  20420.00    29.2566
  20430.00    28.9953
  20440.00    29.4357
  20450.00    28.5371
  20460.00    29.1018
  20470.00    28.7575
  20480.00    28.6674
  20490.00    29.3658
  20500.00    29.3546
  20510.00    29.1232
  20520.00    29.0427
  20530.00    28.9377
  20540.00    28.9680
  20550.00    29.3180
  20560.00    29.0418
  20570.00    29.1639
  20580.00    28.8076
  20590.00    29.5533
  20600.00    28.7585
  20610.00    29.0946
  20620.00    28.6370
  20630.00    28.9258
  20640.00    28.5061
  20650.00    29.3301
  20660.00    28.6824
  20670.00    29.1872
  20680.00    29.0313
  20690.00    29.0219
  20700.00    28.3209
  20710.00    29.0438
  20720.00    28.5652
  20730.00    28.7441
  20740.00    28.8651
  20750.00    29.3055
  20760.00    28.7492
  20770.00    28.5631
  20780.00    28.4873
  20790.00    29.2220
  20800.00    29.4667
  20810.00    29.2021
  20820.00    29.2986
  20830.00    29.3332
  20840.00    29.0159
  20850.00    29.1533
  20860.00    28.9135
  20870.00    29.0303
  20880.00    28.9614
  20890.00    28.9670
  20900.00    28.6031
  20910.00    29.3641
  20920.00    29.5208
  20930.00    29.0588
  20940.00    28.8817
  20950.00    28.6276
  20960.00    28.7974
  20970.00    29.4760
  20980.00    28.5486
  20990.00    29.5576
  21000.00    28.7117
  21010.00    29.0656
  21020.00    28.6780
  21030.00    29.4496
  21040.00    29.1062
  21050.00    28.6683
  21060.00    28.6093
  21070.00    29.3846
  21080.00    29.0323
  21090.00    29.1901
  21100.00    28.9631
  21110.00    28.6485
  21120.00    28.7101
  21130.00    29.0183
  21140.00    29.0380
  21150.00    29.1884
  21160.00    28.9813
  21170.00    29.4724
  21180.00    29.0488
  21190.00    28.4844
  21200.00    28.7890
  21210.00    28.6536
  21220.00    29.2346
  21230.00    29.3133
  21240.00    29.4160
  21250.00    28.8823
  21260.00    29.2128
  21270.00    28.6840
  21280.00    29.1386
  21290.00    28.7654
  21300.00    28.5489
  21310.00    29.0838
  21320.00    28.6459
  21330.00    29.2970
  21340.00    28.8200
  21350.00    28.7813
  21360.00    29.7139
  21370.00    28.4057
  21380.00    28.6004
  21390.00    28.7930
  21400.00    28.6615
  21410.00    29.2616
  21420.00    29.1058
  21430.00    28.8618
  21440.00    28.9262
  21450.00    29.3693
  21460.00    28.7404
  21470.00    28.7195
  21480.00    29.1692
  21490.00    29.2993
  21500.00    28.8111
  21510.00    28.8512
  21520.00    29.2350
  21530.00    29.1650
  21540.00    28.7474
  21550.00    28.9485
  21560.00    28.4919
  21570.00    28.5972
  21580.00    28.9601
  21590.00    28.8715
  21600.00    29.1224
  21610.00    29.0159
  21620.00    29.0147
  21630.00    29.2155
  21640.00    29.0908
  21650.00    29.2630
  21660.00    28.7554
  21670.00    28.8267
  21680.00    28.8594
  21690.00    28.4956
  21700.00    29.0660
  21710.00    28.8948
  21720.00    29.1658
  21730.00    29.1013
  21740.00    28.7443
  21750.00    29.8115
  21760.00    29.1488
  21770.00    29.6825
  21780.00    29.0190
  21790.00    28.7216
  21800.00    29.0092
  21810.00    29.0185
  21820.00    29.2095
  21830.00    29.1966
  21840.00    28.6885
  21850.00    29.1050
  21860.00    29.3006
  21870.00    29.2497
  21880.00    29.0223
  21890.00    29.4212
  21900.00    29.2098
  21910.00    28.6767
  21920.00    29.0795
  21930.00    29.2340
  21940.00    29.0276
  21950.00    29.7275
  21960.00    29.2974
  21970.00    28.7432
  21980.00    29.1216
  21990.00    29.0064
  22000.00    28.7041
  22010.00    28.6354
  22020.00    29.0501
  22030.00    28.6506
  22040.00    29.1758
  22050.00    29.1609
  22060.00    29.2504
  22070.00    28.5230
  22080.00    28.9682
  22090.00    28.6492
  22100.00    29.1769
  22110.00    29.2131
  22120.00    29.1781
  22130.00    29.0016
  22140.00    28.9446
  22150.00    28.9652
  22160.00    28.7844
  22170.00    28.9844
  22180.00    29.4203
  22190.00    28.5137
  22200.00    29.1531
  22210.00    28.9412
  22220.00    29.4547
  22230.00    28.7095
  22240.00    29.2431
  22250.00    28.5989
  22260.00    28.3332
  22270.00    28.9359
  22280.00    28.7060
  22290.00    29.4592
  22300.00    28.8822
  22310.00    29.0774
  22320.00    28.6955
  22330.00    28.7623
  22340.00    28.9799
  22350.00    28.9819
  22360.00    28.6371
  22370.00    29.0500
  22380.00    28.5827
  22390.00    28.9044
  22400.00    28.5801
  22410.00    29.2543
  22420.00    28.8923
  22430.00    29.1140
  22440.00    29.3334
  22450.00    28.6057
  22460.00    29.0718
  22470.00    28.8352
  22480.00    29.2428
  22490.00    28.8687
  22500.00    28.9409
  22510.00    29.1231
  22520.00    28.9540
  22530.00    28.4616
  22540.00    28.6841
  22550.00    28.7763
  22560.00    28.7926
  22570.00    29.1018
  22580.00    29.1301
  22590.00    29.2211
  22600.00    29.0874
  22610.00    29.4949
  22620.00    29.0313
  22630.00    29.8604
  22640.00    29.4679
  22650.00    29.7621
  22660.00    28.8158
  22670.00    28.7868
  22680.00    28.9019
  22690.00    29.2690
  22700.00    28.6308
  22710.00    28.9909
  22720.00    29.0670
  22730.00    28.9615
  22740.00    29.0280
  22750.00    29.0127
  22760.00    29.0066
  22770.00    28.6577
  22780.00    28.4646
  22790.00    29.0955
  22800.00    29.0558
  22810.00    29.4248
  22820.00    29.4693
  22830.00    28.8873
  22840.00    29.3841
  22850.00    29.0130
  22860.00    28.4906
  22870.00    28.9638
  22880.00    29.5888
  22890.00    28.5065
  22900.00    29.2268
  22910.00    29.0592
  22920.00    29.0647
  22930.00    29.9820
  22940.00    29.1339
  22950.00    28.6710
  22960.00    29.0386
  22970.00    29.1384
  22980.00    28.7690
  22990.00    28.9917
  23000.00    28.7361
  23010.00    28.5810
  23020.00    28.9968
  23030.00    28.8230
  23040.00    29.0091
  23050.00    29.2083
  23060.00    28.8301
  23070.00    28.4618
  23080.00    28.3101
  23090.00    28.7769
  23100.00    29.3016
  23110.00    28.8484
  23120.00    28.9905
  23130.00    28.5900
  23140.00    28.6989
  23150.00    28.6806
  23160.00    29.3211
  23170.00    28.7135
  23180.00    28.9873
  23190.00    29.0074
  23200.00    28.8908
  23210.00    29.1607
  23220.00    28.9481
  23230.00    28.5416
  23240.00    28.8176
  23250.00    28.7977
  23260.00    29.1980
  23270.00    28.8469
  23280.00    29.6010
  23290.00    29.2319
  23300.00    28.9109
  23310.00    28.6814
  23320.00    29.1509
  23330.00    28.5193
  23340.00    28.9857
  23350.00    29.3405
  23360.00    29.0772
  23370.00    28.8686
  23380.00    29.1309
  23390.00    28.7563
  23400.00    28.9994
  23410.00    28.9853
  23420.00    28.6095
  23430.00    29.2409
  23440.00    28.9020
  23450.00    28.4839
  23460.00    28.7708
  23470.00    29.9406
  23480.00    28.8731
  23490.00    28.9946
  23500.00    28.6928
  23510.00    29.3706
  23520.00    29.3308
  23530.00    28.8448
  23540.00    28.7822
  23550.00    29.1588
  23560.00    29.1689
  23570.00    29.0076
  23580.00    28.8515
  23590.00    28.9861
  23600.00    28.5896
  23610.00    29.2709
  23620.00    28.9645
  23630.00    29.0786
  23640.00    29.5276
  23650.00    28.9911
  23660.00    28.0292
  23670.00    29.5612
  23680.00    29.2224
  23690.00    29.2290
  23700.00    28.8448
  23710.00    29.2972
  23720.00    29.0314
  23730.00    29.1099
  23740.00    28.9510
  23750.00    28.5182
  23760.00    29.1691
  23770.00    29.0472
  23780.00    29.3526
  23790.00    29.6100
  23800.00    29.1242
  23810.00    29.0119
  23820.00    28.8778
  23830.00    29.0842
  23840.00    28.7955
  23850.00    28.6130
  23860.00    29.0774
  23870.00    29.2678
  23880.00    29.2141
  23890.00    28.7164
  23900.00    29.1935
  23910.00    28.8895
  23920.00    29.1116
  23930.00    29.0034
  23940.00    28.4384
  23950.00    28.8634
  23960.00    29.0025
  23970.00    28.9818
  23980.00    28.6313
  23990.00    28.9003
  24000.00    29.0262
  24010.00    28.8885
  24020.00    29.2177
  24030.00    29.0063
  24040.00    29.0286
  24050.00    29.4069
  24060.00    28.8835
  24070.00    29.7348
  24080.00    28.9357
  24090.00    28.6722
  24100.00    28.5175
  24110.00    29.3905
  24120.00    29.2094
  24130.00    28.6529
  24140.00    29.0246
  24150.00    28.9239
  24160.00    28.7157
  24170.00    29.0953
  24180.00    29.1829
  24190.00    28.7687
  24200.00    28.9971
  24210.00    28.4781
  24220.00    29.2793
  24230.00    29.2561
  24240.00    28.7695
  24250.00    29.1059
  24260.00    29.3670
  24270.00    28.7104
  24280.00    28.6756
  24290.00    28.9458
  24300.00    29.4370
  24310.00    28.8796
  24320.00    29.0324
  24330.00    28.8661
  24340.00    29.1452
  24350.00    28.8863
  24360.00    28.7265
  24370.00    29.0518
  24380.00    28.9683
  24390.00    29.2654
  24400.00    28.7496
  24410.00    29.3364
  24420.00    29.0002
  24430.00    29.2765
  24440.00    29.3880
  24450.00    29.3564
  24460.00    28.8274
  24470.00    28.9119
  24480.00    29.2631
  24490.00    28.9611
  24500.00    28.8987
  24510.00    28.6331
  24520.00    29.0498
  24530.00    28.8964
  24540.00    29.2913
  24550.00    29.1618
  24560.00    29.1131
  24570.00    28.7948
  24580.00    29.1665
  24590.00    29.0316
  24600.00    28.8885
  24610.00    28.8940
  24620.00    29.3045
  24630.00    29.0910
  24640.00    29.1972
  24650.00    29.0949
  24660.00    28.6333
  24670.00    28.8255
  24680.00    29.0741
  24690.00    29.0039
  24700.00    29.0505
  24710.00    28.6463
  24720.00    28.9656
  24730.00    28.9499
  24740.00    28.6843
  24750.00    28.8528
  24760.00    28.8999
  24770.00    28.9057
  24780.00    28.9100
  24790.00    28.7782
  24800.00    28.6793
  24810.00    28.7952
  24820.00    29.1373
  24830.00    29.1524
  24840.00    29.1626
  24850.00    29.2638
  24860.00    29.0518
  24870.00    29.1517
  24880.00    29.1012
  24890.00    28.8783
  24900.00    29.0711
  24910.00    29.4356
  24920.00    28.9401
  24930.00    29.3088
  24940.00    28.6868
  24950.00    28.9071
  24960.00    29.1630
  24970.00    28.9049
  24980.00    28.9250
  24990.00    29.5001
  25000.00    28.6815
  25010.00    28.9266
  25020.00    28.8482
  25030.00    29.7778
  25040.00    29.0365
  25050.00    28.8667
  25060.00    29.1021
  25070.00    29.0880
  25080.00    29.0847
  25090.00    28.8101
  25100.00    28.4965
  25110.00    28.8228
  25120.00    28.7949
  25130.00    28.8961
  25140.00    28.9157
  25150.00    29.0711
  25160.00    29.0224
  25170.00    28.9681
  25180.00    29.4951
  25190.00    29.3228
  25200.00    28.8809
  25210.00    28.5571
  25220.00    29.0518
  25230.00    29.2426
  25240.00    29.1640
  25250.00    29.3284
  25260.00    28.8938
  25270.00    29.1626
  25280.00    28.7753
  25290.00    29.1358
  25300.00    29.0806
  25310.00    29.1724
  25320.00    28.8455
  25330.00    29.1948
  25340.00    29.2129
  25350.00    28.9320
  25360.00    29.1525
  25370.00    28.5817
  25380.00    29.0319
  25390.00    29.6661
  25400.00    29.6038
  25410.00    29.5218
  25420.00    29.2547
  25430.00    28.3901
  25440.00    28.4873
  25450.00    29.1293
  25460.00    28.8755
  25470.00    29.1436
  25480.00    28.6998
  25490.00    28.7844
  25500.00    29.6158
  25510.00    29.1572
  25520.00    28.7762
  25530.00    28.4414
  25540.00    28.8298
  25550.00    28.9182
  25560.00    29.1472
  25570.00    29.0726
  25580.00    28.8341
  25590.00    29.0510
  25600.00    29.5181
  25610.00    28.6808
  25620.00    29.0347
  25630.00    28.8903
  25640.00    28.9360
  25650.00    29.1896
  25660.00    29.4598
  25670.00    29.4413
  25680.00    29.1179
  25690.00    29.5272
  25700.00    28.8090
  25710.00    29.2192
  25720.00    28.9237
  25730.00    29.0036
  25740.00    28.5773
  25750.00    29.1876
  25760.00    29.2704
  25770.00    28.9492
  25780.00    28.9356
  25790.00    28.9126
  25800.00    29.2314
  25810.00    29.4698
  25820.00    29.1910
  25830.00    29.2404
  25840.00    29.3016
  25850.00    28.7256
  25860.00    29.0137
  25870.00    29.2204
  25880.00    28.6813
  25890.00    28.9112
  25900.00    29.4212
  25910.00    28.6781
  25920.00    29.1067
  25930.00    29.2336
  25940.00    29.1437
  25950.00    29.6184
  25960.00    29.3062
  25970.00    29.2664
  25980.00    28.9596
  25990.00    29.6288
  26000.00    29.1392
  26010.00    28.8213
  26020.00    28.9092
  26030.00    28.8189
  26040.00    28.5302
  26050.00    28.9473
  26060.00    29.4850
  26070.00    28.7588
  26080.00    28.7439
  26090.00    29.1936
  26100.00    29.1490
  26110.00    29.2957
  26120.00    28.6420
  26130.00    29.3360
  26140.00    28.9953
  26150.00    28.7825
  26160.00    28.8331
  26170.00    29.1610
  26180.00    28.5857
  26190.00    28.9015
  26200.00    29.1029
  26210.00    29.2561
  26220.00    29.0130
  26230.00    28.7804
  26240.00    28.6641
  26250.00    28.8698
  26260.00    28.8120
  26270.00    29.2761
  26280.00    29.0111
  26290.00    29.0640
  26300.00    28.6169
  26310.00    29.5720
  26320.00    29.1396
  26330.00    29.3749
  26340.00    28.8668
  26350.00    28.9926
  26360.00    28.9440
  26370.00    28.8410
  26380.00    29.3099
  26390.00    29.1125
  26400.00    29.1016
  26410.00    29.0921
  26420.00    29.1702
  26430.00    28.8222
  26440.00    28.6854
  26450.00    29.0738
  26460.00    29.5293
  26470.00    29.1400
  26480.00    28.9793
  26490.00    28.1927
  26500.00    29.0241
  26510.00    28.5559
  26520.00    29.3997
  26530.00    28.6014
  26540.00    28.7259
  26550.00    28.9419
  26560.00    29.0118
  26570.00    29.1362
  26580.00    29.0304
  26590.00    28.6998
  26600.00    28.5933
  26610.00    28.5646
  26620.00    28.9686
  26630.00    29.4091
  26640.00    29.7768
  26650.00    28.8320
  26660.00    28.9851
  26670.00    28.7474
  26680.00    28.6852
  26690.00    29.2072
  26700.00    28.8074
  26710.00    29.1710
  26720.00    28.6515
  26730.00    29.0950
  26740.00    28.8074
  26750.00    28.9329
  26760.00    28.9501
  26770.00    28.8349
  26780.00    29.2236
  26790.00    28.5809
  26800.00    28.9277
  26810.00    29.4889
  26820.00    29.1231
  26830.00    28.9015
  26840.00    29.1976
  26850.00    28.7812
  26860.00    28.7671
  26870.00    28.6655
  26880.00    28.9652
  26890.00    28.7871
  26900.00    28.9732
  26910.00    29.1806
  26920.00    28.4872
  26930.00    28.7913
  26940.00    29.0466
  26950.00    28.5921
  26960.00    29.0140
  26970.00    29.0698
  26980.00    28.9913
  26990.00    28.5634
  27000.00    28.9072
  27010.00    28.1883
  27020.00    29.3081
  27030.00    28.9333
  27040.00    28.9115
  27050.00    28.6007
  27060.00    28.7404
  27070.00    29.0454
  27080.00    28.8700
  27090.00    29.2120
  27100.00    29.1755
  27110.00    28.6003
  27120.00    28.8869
  27130.00    28.7445
  27140.00    28.9240
  27150.00    29.5888
  27160.00    29.4076
  27170.00    28.9365
  27180.00    29.0033
  27190.00    29.0003
  27200.00    29.0452
  27210.00    28.5625
  27220.00    29.0315
  27230.00    29.0172
  27240.00    28.9542
  27250.00    29.3223
  27260.00    28.9854
  27270.00    29.0398
  27280.00    29.2860
  27290.00    29.1906
  27300.00    28.8362
  27310.00    28.9488
  27320.00    29.0684
  27330.00    28.7674
  27340.00    29.2896
  27350.00    29.2348
  27360.00    28.5807
  27370.00    29.0415
  27380.00    28.7760
  27390.00    28.7601
  27400.00    29.1892
  27410.00    28.8204
  27420.00    28.9338
  27430.00    28.8043
  27440.00    29.1337
  27450.00    28.3858
  27460.00    29.3345
  27470.00    29.2648
  27480.00    28.8618
  27490.00    29.3640
  27500.00    29.1961
  27510.00    29.1485
  27520.00    29.7521
  27530.00    28.6822
  27540.00    28.8074
  27550.00    29.1775
  27560.00    28.9100
  27570.00    28.9081
  27580.00    28.7063
  27590.00    28.7808
  27600.00    28.8104
  27610.00    28.9459
  27620.00    29.2655
  27630.00    29.2425
  27640.00    28.3481
  27650.00    28.9563
  27660.00    28.3082
  27670.00    29.2492
  27680.00    28.9949
  27690.00    28.5892
  27700.00    29.1333
  27710.00    28.8839
  27720.00    29.1561
  27730.00    29.1164
  27740.00    29.0387
  27750.00    28.4245
  27760.00    28.9710
  27770.00    28.7355
  27780.00    28.9240
  27790.00    29.0103
  27800.00    28.9759
  27810.00    28.7670
  27820.00    29.0279
  27830.00    29.1244
  27840.00    29.5338
  27850.00    29.0498
  27860.00    28.4787
  27870.00    28.8133
  27880.00    29.0442
  27890.00    29.0020
  27900.00    29.0736
  27910.00    28.6335
  27920.00    29.2942
  27930.00    28.8979
  27940.00    28.9698
  27950.00    29.1450
  27960.00    29.2221
  27970.00    28.6646
  27980.00    28.6761
  27990.00    28.8885
  28000.00    28.6611
  28010.00    28.6738
  28020.00    29.4724
  28030.00    29.3492
  28040.00    29.0217
  28050.00    28.9082
  28060.00    29.1557
  28070.00    29.3102
  28080.00    28.9425
  28090.00    28.7548
  28100.00    29.0117
  28110.00    29.2119
  28120.00    28.8909
  28130.00    29.1104
  28140.00    29.6578
  28150.00    29.2261
  28160.00    28.6868
  28170.00    28.8469
  28180.00    28.7089
  28190.00    28.8755
  28200.00    28.8830
  28210.00    29.3769
  28220.00    28.8556
  28230.00    29.1895
  28240.00    29.0033
  28250.00    29.0259
  28260.00    29.1700
  28270.00    28.7062
  28280.00    28.8021
  28290.00    28.7973
  28300.00    28.9647
  28310.00    28.9108
  28320.00    28.6010
  28330.00    28.9977
  28340.00    28.9840
  28350.00    29.2294
  28360.00    29.3713
  28370.00    29.3248
  28380.00    29.0688
  28390.00    29.0953
  28400.00    28.8856
  28410.00    29.2826
  28420.00    28.6302
  28430.00    29.1787
  28440.00    28.8152
  28450.00    28.9082
  28460.00    29.2952
  28470.00    28.5582
  28480.00    28.8797
  28490.00    28.7760
  28500.00    29.2490
  28510.00    29.0307
  28520.00    29.1367
  28530.00    28.1291
  28540.00    29.0646
  28550.00    28.7747
  28560.00    29.2081
  28570.00    28.9159
  28580.00    29.2560
  28590.00    29.0568
  28600.00    29.0468
  28610.00    28.9282
  28620.00    28.6857
  28630.00    28.8386
  28640.00    28.9305
  28650.00    29.1388
  28660.00    29.1575
  28670.00    29.1549
  28680.00    28.5069
  28690.00    28.8528
  28700.00    29.3638
  28710.00    29.1818
  28720.00    28.8626
  28730.00    29.2775
  28740.00    29.2277
  28750.00    28.8559
  28760.00    29.2577
  28770.00    29.3755
  28780.00    28.6885
  28790.00    28.4083
  28800.00    28.8724
  28810.00    28.7771
  28820.00    29.2596
  28830.00    29.0468
  28840.00    29.1717
  28850.00    29.1213
  28860.00    28.6578
  28870.00    29.0200
  28880.00    29.0073
  28890.00    29.2759
  28900.00    28.8226
  28910.00    29.7244
  28920.00    28.4491
  28930.00    29.2264
  28940.00    29.1612
  28950.00    28.7058
  28960.00    29.2942
  28970.00    28.8726
  28980.00    28.9631
  28990.00    29.1412
  29000.00    28.8912
  29010.00    28.8744
  29020.00    28.8212
  29030.00    28.6846
  29040.00    28.5803
  29050.00    29.3049
  29060.00    29.2931
  29070.00    29.2402
  29080.00    28.6353
  29090.00    29.1137
  29100.00    28.8361
  29110.00    29.1186
  29120.00    29.3138
  29130.00    29.6542
  29140.00    29.4070
  29150.00    28.8796
  29160.00    29.0257
  29170.00    28.7786
  29180.00    29.0310
  29190.00    28.7070
  29200.00    29.0502
  29210.00    28.7470
  29220.00    29.1100
  29230.00    29.2055
  29240.00    28.9924
  29250.00    28.9001
  29260.00    28.4504
  29270.00    29.0492
  29280.00    28.6498
  29290.00    29.3280
  29300.00    29.2495
  29310.00    28.8569
  29320.00    28.5049
  29330.00    29.2823
  29340.00    28.4602
  29350.00    29.2280
  29360.00    29.1658
  29370.00    29.0125
  29380.00    28.6212
  29390.00    29.2319
  29400.00    28.5101
  29410.00    28.5718
  29420.00    29.3818
  29430.00    29.5641
  29440.00    29.2533
  29450.00    28.7846
  29460.00    28.8564
  29470.00    28.9878
  29480.00    29.5473
  29490.00    28.8307
  29500.00    29.1038
  29510.00    28.7329
  29520.00    29.1683
  29530.00    28.7978
  29540.00    29.0010
  29550.00    29.1609
  29560.00    28.9009
  29570.00    28.4531
  29580.00    28.9184
  29590.00    28.9358
  29600.00    29.1339
  29610.00    28.9150
  29620.00    29.5892
  29630.00    29.0641
  29640.00    28.5435
  29650.00    28.6890
  29660.00    29.2883
  29670.00    28.9854
  29680.00    29.6979
  29690.00    28.9918
  29700.00    28.5433
  29710.00    28.7618
  29720.00    29.1617
  29730.00    29.0301
  29740.00    29.2507
  29750.00    28.8781
  29760.00    28.9216
  29770.00    29.1725
  29780.00    29.2244
  29790.00    28.9848
  29800.00    28.9471
  29810.00    29.3817
  29820.00    28.7287
  29830.00    28.9743
  29840.00    28.9009
  29850.00    28.0140
  29860.00    29.5300
  29870.00    29.0470
  29880.00    28.8075
  29890.00    28.1158
  29900.00    28.9037
  29910.00    28.9343
  29920.00    28.5469
  29930.00    29.0179
  29940.00    28.7270
  29950.00    28.9181
  29960.00    29.0393
  29970.00    28.4673
  29980.00    28.9569
  29990.00    29.1080
  30000.00    29.2929
  30010.00    29.0938
  30020.00    28.4306
  30030.00    29.6270
  30040.00    29.1371
  30050.00    28.3714
  30060.00    29.2274
  30070.00    29.3684
  30080.00    28.7347
  30090.00    28.7816
  30100.00    28.8960
  30110.00    28.9104
  30120.00    28.9869
  30130.00    28.9837
  30140.00    28.7807
  30150.00    29.1217
  30160.00    28.8730
  30170.00    28.7244
  30180.00    28.5392
  30190.00    29.2780
  30200.00    28.8140
  30210.00    28.3745
  30220.00    28.8542
  30230.00    28.8605
  30240.00    29.2947
  30250.00    28.8194
  30260.00    28.9763
  30270.00    28.9300
  30280.00    29.1143
  30290.00    28.7927
  30300.00    29.5379
  30310.00    28.6439
  30320.00    28.8870
  30330.00    29.0964
  30340.00    29.2567
  30350.00    28.6901
  30360.00    29.0580
  30370.00    29.1375
  30380.00    29.0514
  30390.00    29.1254
  30400.00    28.5479
  30410.00    28.1650
  30420.00    28.8133
  30430.00    29.1201
  30440.00    28.9839
  30450.00    29.3394
  30460.00    28.8988
  30470.00    28.6027
  30480.00    29.0741
  30490.00    28.7335
  30500.00    28.7889
  30510.00    28.8605
  30520.00    29.0886
  30530.00    29.1375
  30540.00    29.1124
  30550.00    29.4894
  30560.00    28.9007
  30570.00    29.3632
  30580.00    28.4861
  30590.00    29.3038
  30600.00    29.3432
  30610.00    29.6859
  30620.00    29.4166
  30630.00    29.2050
  30640.00    29.1564
  30650.00    29.4363
  30660.00    28.6546
  30670.00    28.8315
  30680.00    28.7963
  30690.00    28.2307
  30700.00    28.7986
  30710.00    29.3164
  30720.00    28.8138
  30730.00    29.0672
  30740.00    29.0093
  30750.00    28.8324
  30760.00    29.0990
  30770.00    28.9377
  30780.00    28.8873
  30790.00    28.8012
  30800.00    28.6915
  30810.00    28.8131
  30820.00    28.6748
  30830.00    29.4054
  30840.00    28.8258
  30850.00    28.8830
  30860.00    29.3579
  30870.00    28.9288
  30880.00    29.2696
  30890.00    29.1408
  30900.00    28.8533
  30910.00    28.2796
  30920.00    28.9871
  30930.00    29.3578
  30940.00    28.8729
  30950.00    29.2011
  30960.00    28.5220
  30970.00    29.0779
  30980.00    29.2878
  30990.00    28.8155
  31000.00    29.2129
  31010.00    28.7688
  31020.00    29.0131
  31030.00    28.8991
  31040.00    28.6421
  31050.00    28.9164
  31060.00    29.1634
  31070.00    29.5062
  31080.00    29.2803
  31090.00    29.2567
  31100.00    29.0852
  31110.00    29.1843
  31120.00    29.1280
  31130.00    28.8210
  31140.00    28.9275
  31150.00    28.8747
  31160.00    29.2905
  31170.00    28.6210
  31180.00    29.6861
  31190.00    28.9233
  31200.00    28.9810
  31210.00    29.1768
  31220.00    29.1943
  31230.00    29.1176
  31240.00    28.9230
  31250.00    28.8556
  31260.00    28.7323
  31270.00    29.0841
  31280.00    29.1128
  31290.00    29.0317
  31300.00    28.5823
  31310.00    28.8100
  31320.00    29.1129
  31330.00    28.0470
  31340.00    29.1092
  31350.00    29.1948
  31360.00    29.4624
  31370.00    29.2807
  31380.00    29.0339
  31390.00    29.3906
  31400.00    29.5200
  31410.00    28.8163
  31420.00    29.2069
  31430.00    28.3639
  31440.00    28.9371
  31450.00    29.0158
  31460.00    28.9465
  31470.00    29.2911
  31480.00    29.2501
  31490.00    29.3148
  31500.00    28.9275
  31510.00    29.0639
  31520.00    29.1107
  31530.00    28.8032
  31540.00    28.7894
  31550.00    29.0619
  31560.00    28.8847
  31570.00    28.7641
  31580.00    28.9959
  31590.00    28.7443
  31600.00    29.1068
  31610.00    28.7596
  31620.00    28.8347
  31630.00    28.8619
  31640.00    29.0322
  31650.00    29.3296
  31660.00    29.5745
  31670.00    29.2504
  31680.00    29.4638
  31690.00    29.1684
  31700.00    28.3940
  31710.00    28.8014
  31720.00    28.8667
  31730.00    28.9279
  31740.00    28.9206
  31750.00    29.2336
  31760.00    29.5332
  31770.00    29.3705
  31780.00    28.9588
  31790.00    29.1085
  31800.00    28.7649
  31810.00    29.1667
  31820.00    28.9511
  31830.00    28.9357
  31840.00    29.1150
  31850.00    29.0591
  31860.00    28.5124
  31870.00    29.0421
  31880.00    28.6293
  31890.00    28.7589
  31900.00    28.9480
  31910.00    28.9550
  31920.00    29.1305
  31930.00    28.8387
  31940.00    29.4746
  31950.00    29.0120
  31960.00    28.8175
  31970.00    29.1716
  31980.00    28.7025
  31990.00    29.1512
  32000.00    28.9862
  32010.00    29.0699
  32020.00    29.6713
  32030.00    29.2000
  32040.00    29.3498
  32050.00    28.8063
  32060.00    28.6947
  32070.00    29.0369
  32080.00    28.5424
  32090.00    28.9158
  32100.00    28.6562
  32110.00    29.1756
  32120.00    29.2063
  32130.00    29.0650
  32140.00    28.8156
  32150.00    28.6063
  32160.00    29.2271
  32170.00    28.7696
  32180.00    29.1714
  32190.00    29.2338
  32200.00    29.1894
  32210.00    28.4792
  32220.00    29.0553
  32230.00    28.9123
  32240.00    28.8427
  32250.00    28.9139
  32260.00    29.2930
  32270.00    28.7238
  32280.00    28.4784
  32290.00    29.2905
  32300.00    28.5880
  32310.00    29.3819
  32320.00    28.6902
  32330.00    28.5880
  32340.00    29.0496
  32350.00    29.3788
  32360.00    28.8921
  32370.00    28.9815
  32380.00    28.8085
  32390.00    29.3249
  32400.00    29.0303
  32410.00    28.6426
  32420.00    29.4167
  32430.00    29.2385
  32440.00    29.0269
  32450.00    28.6051
  32460.00    28.8679
  32470.00    29.0131
  32480.00    28.7770
  32490.00    28.9197
  32500.00    28.9546
  32510.00    29.1612
  32520.00    28.8302
  32530.00    28.8160
  32540.00    29.1293
  32550.00    28.7171
  32560.00    28.4885
  32570.00    28.5365
  32580.00    29.1596
  32590.00    28.7539
  32600.00    29.0543
  32610.00    29.1855
  32620.00    28.8943
  32630.00    28.7466
  32640.00    28.8442
  32650.00    28.3495
  32660.00    28.9666
  32670.00    29.0081
  32680.00    28.6731
  32690.00    29.0170
  32700.00    29.1046
  32710.00    29.0244
  32720.00    29.2262
  32730.00    29.3342
  32740.00    29.0301
  32750.00    29.1244
  32760.00    29.6031
  32770.00    29.1670
  32780.00    29.1724
  32790.00    28.7168
  32800.00    29.3292
  32810.00    29.1020
  32820.00    29.1712
  32830.00    28.5071
  32840.00    28.4831
  32850.00    28.9267
  32860.00    29.1838
  32870.00    28.3832
  32880.00    28.7298
  32890.00    28.8309
  32900.00    29.6026
  32910.00    29.0072
  32920.00    29.0680
  32930.00    29.3773
  32940.00    29.3178
  32950.00    28.7869
  32960.00    28.6969
  32970.00    29.2035
  32980.00    29.0157
  32990.00    28.8447
  33000.00    28.8953
  33010.00    28.9580
  33020.00    29.3981
  33030.00    28.9951
  33040.00    28.9154
  33050.00    29.4048
  33060.00    29.1642
  33070.00    29.0783
  33080.00    29.0177
  33090.00    29.4730
  33100.00    28.9426
  33110.00    28.5363
  33120.00    29.3503
  33130.00    28.9466
  33140.00    28.9664
  33150.00    28.3143
  33160.00    28.8648
  33170.00    29.2073
  33180.00    28.7368
  33190.00    28.8542
  33200.00    28.9046
  33210.00    28.6369
  33220.00    28.3323
  33230.00    28.9505
  33240.00    28.7507
  33250.00    29.0362
  33260.00    28.8249
  33270.00    29.0989
  33280.00    29.1683
  33290.00    28.7706
  33300.00    29.3931
  33310.00    28.9854
  33320.00    28.9836
  33330.00    29.4784
  33340.00    28.8138
  33350.00    29.0944
  33360.00    28.9169
  33370.00    29.1348
  33380.00    29.1447
  33390.00    29.0237
  33400.00    28.5138
  33410.00    28.6267
  33420.00    29.1136
  33430.00    28.6513
  33440.00    28.9247
  33450.00    29.0687
  33460.00    29.0759
  33470.00    29.0528
  33480.00    29.3747
  33490.00    28.9571
  33500.00    29.1414
  33510.00    28.7877
  33520.00    29.1283
  33530.00    28.6604
  33540.00    28.9337
  33550.00    28.8260
  33560.00    28.5258
  33570.00    29.2915
  33580.00    28.8913
  33590.00    28.8002
  33600.00    29.1587
  33610.00    28.9967
  33620.00    28.6817
  33630.00    28.6842
  33640.00    29.0954
  33650.00    28.9623
  33660.00    29.0764
  33670.00    28.7705
  33680.00    29.0258
  33690.00    29.2294
  33700.00    28.9185
  33710.00    29.1179
  33720.00    29.3872
  33730.00    28.8324
  33740.00    29.3409
  33750.00    29.3415
  33760.00    28.8795
  33770.00    28.1212
  33780.00    28.9112
  33790.00    28.6608
  33800.00    28.8282
  33810.00    29.0127
  33820.00    29.0994
  33830.00    28.8054
  33840.00    29.8970
  33850.00    28.8980
  33860.00    29.2211
  33870.00    29.0761
  33880.00    29.3392
  33890.00    29.0969
  33900.00    29.0198
  33910.00    28.9799
  33920.00    28.9819
  33930.00    28.7859
  33940.00    28.9904
  33950.00    28.9310
  33960.00    28.6145
  33970.00    28.8971
  33980.00    29.0029
  33990.00    29.1139
  34000.00    28.2483
  34010.00    29.0579
  34020.00    29.1383
  34030.00    29.2500
  34040.00    28.6812
  34050.00    28.6871
  34060.00    28.8895
  34070.00    29.3044
  34080.00    29.1310
  34090.00    29.1915
  34100.00    29.0459
  34110.00    28.7168
  34120.00    28.9672
  34130.00    28.6786
  34140.00    28.5808
  34150.00    29.6299
  34160.00    28.9387
  34170.00    28.9972
  34180.00    28.7896
  34190.00    29.1918
  34200.00    29.0091
  34210.00    29.2309
  34220.00    28.6458
  34230.00    29.4103
  34240.00    29.1229
  34250.00    29.1246
  34260.00    29.3858
  34270.00    28.6205
  34280.00    29.0456
  34290.00    28.9481
  34300.00    28.7685
  34310.00    28.9565
  34320.00    28.9638
  34330.00    28.7621
  34340.00    28.6594
  34350.00    29.2092
  34360.00    28.5843
  34370.00    29.2445
  34380.00    29.2026
  34390.00    28.6816
  34400.00    29.4539
  34410.00    29.1172
  34420.00    29.3338
  34430.00    29.5310
  34440.00    29.3944
  34450.00    28.7503
  34460.00    29.0340
  34470.00    28.9205
  34480.00    29.2437
  34490.00    29.3040
  34500.00    29.0336
  34510.00    29.0222
  34520.00    28.8114
  34530.00    29.2305
  34540.00    29.0432
  34550.00    28.7018
  34560.00    29.7511
  34570.00    28.6770
  34580.00    29.0660
  34590.00    29.0282
  34600.00    29.0978
  34610.00    28.9217
  34620.00    29.2976
  34630.00    29.0258
  34640.00    29.5727
  34650.00    29.1320
  34660.00    28.8404
  34670.00    29.5040
  34680.00    28.8077
  34690.00    29.1564
  34700.00    28.7004
  34710.00    29.1516
  34720.00    28.9053
  34730.00    28.8253
  34740.00    29.1273
  34750.00    29.1580
  34760.00    28.6715
  34770.00    28.9994
  34780.00    29.5137
  34790.00    28.9597
  34800.00    29.1947
  34810.00    29.1882
  34820.00    28.9952
  34830.00    29.3975
  34840.00    28.8944
  34850.00    29.1739
  34860.00    28.9271
  34870.00    28.6347
  34880.00    29.3330
  34890.00    29.3574
  34900.00    28.7564
  34910.00    28.8849
  34920.00    28.8715
  34930.00    29.2727
  34940.00    28.8962
  34950.00    28.6882
  34960.00    28.8575
  34970.00    29.1030
  34980.00    29.3330
  34990.00    28.4596
  35000.00    28.8672
  35010.00    28.5287
  35020.00    29.1574
  35030.00    29.3284
  35040.00    28.3748
  35050.00    29.0505
  35060.00    28.6823
  35070.00    28.6860
  35080.00    29.2929
  35090.00    28.4980
  35100.00    29.0284
  35110.00    29.3776
  35120.00    29.2575
  35130.00    28.9929
  35140.00    29.5239
  35150.00    29.2185
  35160.00    28.7453
  35170.00    28.5859
  35180.00    28.7177
  35190.00    28.6934
  35200.00    28.1725
  35210.00    28.9731
  35220.00    29.1327
  35230.00    29.0252
  35240.00    28.7759
  35250.00    29.1424
  35260.00    28.7590
  35270.00    28.8139
  35280.00    29.1305
  35290.00    29.1816
  35300.00    28.8174
  35310.00    29.0063
  35320.00    28.9576
  35330.00    28.9614
  35340.00    28.6788
  35350.00    28.8421
  35360.00    29.1943
  35370.00    29.0991
  35380.00    28.9381
  35390.00    28.7485
  35400.00    29.2347
  35410.00    29.1394
  35420.00    28.6856
  35430.00    28.8122
  35440.00    28.7762
  35450.00    29.0693
  35460.00    29.0350
  35470.00    28.7531
  35480.00    29.0672
  35490.00    28.3886
  35500.00    29.1513
  35510.00    28.8036
  35520.00    28.9079
  35530.00    29.3094
  35540.00    29.2554
  35550.00    28.8202
  35560.00    29.0091
  35570.00    29.6260
  35580.00    28.9176
  35590.00    28.2960
  35600.00    28.4890
  35610.00    29.6473
  35620.00    29.0283
  35630.00    28.5482
  35640.00    28.7189
  35650.00    29.0378
  35660.00    29.2745
  35670.00    29.1317
  35680.00    28.7947
  35690.00    29.1954
  35700.00    28.8247
  35710.00    29.1986
  35720.00    28.8754
  35730.00    29.2159
  35740.00    29.4137
  35750.00    29.1983
  35760.00    29.1874
  35770.00    28.8698
  35780.00    28.8319
  35790.00    29.1038
  35800.00    28.6935
  35810.00    28.8072
  35820.00    28.9177
  35830.00    29.0632
  35840.00    28.7810
  35850.00    29.3273
  35860.00    28.9369
  35870.00    29.1242
  35880.00    28.5934
  35890.00    28.9263
  35900.00    29.3182
  35910.00    29.7431
  35920.00    29.0613
  35930.00    28.9107
  35940.00    29.1001
  35950.00    29.1449
  35960.00    28.8742
  35970.00    29.4225
  35980.00    29.2542
  35990.00    28.9394
  36000.00    29.4453
  36010.00    29.2267
  36020.00    28.9723
  36030.00    28.7781
  36040.00    28.6306
  36050.00    29.1167
  36060.00    28.6145
  36070.00    28.8492
  36080.00    28.8669
  36090.00    29.2107
  36100.00    29.1976
  36110.00    28.7087
  36120.00    29.5042
  36130.00    29.1558
  36140.00    28.8816
  36150.00    28.8588
  36160.00    28.8571
  36170.00    29.2050
  36180.00    29.4476
  36190.00    29.1232
  36200.00    28.8293
  36210.00    28.7291
  36220.00    29.0955
  36230.00    29.0086
  36240.00    28.7486
  36250.00    29.0231
  36260.00    28.9758
  36270.00    28.9103
  36280.00    29.0008
  36290.00    28.5187
  36300.00    29.0405
  36310.00    29.4215
  36320.00    28.9676
  36330.00    28.9555
  36340.00    28.9940
  36350.00    29.0068
  36360.00    28.6652
  36370.00    28.7541
  36380.00    29.1441
  36390.00    29.0724
  36400.00    28.6341
  36410.00    28.4300
  36420.00    28.9961
  36430.00    28.8132
  36440.00    29.1343
  36450.00    28.7892
  36460.00    28.8107
  36470.00    28.9984
  36480.00    28.8126
  36490.00    28.6216
  36500.00    29.3264
  36510.00    28.9822
  36520.00    29.0498
  36530.00    29.0079
  36540.00    28.8107
  36550.00    28.5568
  36560.00    29.0204
  36570.00    29.2693
  36580.00    29.2478
  36590.00    29.0453
  36600.00    29.1421
  36610.00    29.0495
  36620.00    29.6795
  36630.00    28.9996
  36640.00    28.6423
  36650.00    28.8772
  36660.00    28.5997
  36670.00    29.2960
  36680.00    29.0558
  36690.00    28.8985
  36700.00    28.8685
  36710.00    28.9077
  36720.00    28.9250
  36730.00    29.0973
  36740.00    29.1670
  36750.00    28.6290
  36760.00    29.1935
  36770.00    28.8181
  36780.00    28.3621
  36790.00    29.2149
  36800.00    29.0327
  36810.00    29.1079
  36820.00    29.2037
  36830.00    28.4179
  36840.00    28.9111
  36850.00    28.7898
  36860.00    29.4586
  36870.00    29.0813
  36880.00    28.8511
  36890.00    28.9223
  36900.00    28.7462
  36910.00    29.0547
  36920.00    28.7059
  36930.00    28.8579
  36940.00    28.6990
  36950.00    29.7511
  36960.00    28.4718
  36970.00    29.6229
  36980.00    28.8785
  36990.00    28.5012
  37000.00    29.1109
  37010.00    29.0238
  37020.00    28.7885
  37030.00    28.8997
  37040.00    29.4007
  37050.00    29.0187
  37060.00    28.7543
  37070.00    29.2697
  37080.00    28.6305
  37090.00    29.0023
  37100.00    29.2092
  37110.00    29.0049
  37120.00    29.0911
  37130.00    29.2781
  37140.00    28.7898
  37150.00    28.9904
  37160.00    28.8703
  37170.00    29.1559
  37180.00    29.4545
  37190.00    29.4104
  37200.00    29.3833
  37210.00    28.8340
  37220.00    29.1958
  37230.00    29.2104
  37240.00    28.7907
  37250.00    28.9492
  37260.00    29.1703
  37270.00    28.6528
  37280.00    29.2702
  37290.00    28.3497
  37300.00    28.9359
  37310.00    29.3952
  37320.00    28.5105
  37330.00    28.9436
  37340.00    28.5807
  37350.00    29.3343
  37360.00    28.6806
  37370.00    28.5553
  37380.00    28.6179
  37390.00    28.9435
  37400.00    29.5754
  37410.00    29.1099
  37420.00    29.3253
  37430.00    29.2412
  37440.00    29.3970
  37450.00    28.8147
  37460.00    29.0796
  37470.00    28.7744
  37480.00    28.7235
  37490.00    28.7372
  37500.00    29.0704
  37510.00    29.2062
  37520.00    28.8431
  37530.00    28.8604
  37540.00    28.9161
  37550.00    28.9415
  37560.00    29.0866
  37570.00    28.9547
  37580.00    28.9324
  37590.00    28.8914
  37600.00    28.5934
  37610.00    29.2907
  37620.00    28.9666
  37630.00    28.9145
  37640.00    29.3321
  37650.00    28.6691
  37660.00    29.1604
  37670.00    29.2241
  37680.00    29.7421
  37690.00    29.0431
  37700.00    29.1288
  37710.00    28.5628
  37720.00    29.0186
  37730.00    29.3487
  37740.00    29.1749
  37750.00    29.1628
  37760.00    29.5189
  37770.00    28.8464
  37780.00    28.9915
  37790.00    28.8366
  37800.00    28.7817
  37810.00    29.3535
  37820.00    29.4620
  37830.00    28.4978
  37840.00    29.1304
  37850.00    29.2426
  37860.00    28.7206
  37870.00    28.5007
  37880.00    28.7296
  37890.00    28.6819
  37900.00    28.6528
  37910.00    28.9609
  37920.00    28.8566
  37930.00    29.0878
  37940.00    28.8086
  37950.00    28.9902
  37960.00    29.0877
  37970.00    28.3864
  37980.00    29.0238
  37990.00    29.6239
  38000.00    28.7285
  38010.00    29.0887
  38020.00    28.5190
  38030.00    29.1296
  38040.00    29.3187
  38050.00    28.6900
  38060.00    29.3148
  38070.00    29.6433
  38080.00    29.3104
  38090.00    29.0336
  38100.00    29.4726
  38110.00    28.9025
  38120.00    28.9175
  38130.00    28.9133
  38140.00    28.7754
  38150.00    28.8442
  38160.00    28.9359
  38170.00    28.4539
  38180.00    28.9292
  38190.00    29.5728
  38200.00    29.1813
  38210.00    29.0261
  38220.00    28.9465
  38230.00    29.1267
  38240.00    29.3790
  38250.00    28.8686
  38260.00    28.4444
  38270.00    28.6238
  38280.00    29.3282
  38290.00    28.8404
  38300.00    28.9684
  38310.00    29.0139
  38320.00    29.1260
  38330.00    29.0996
  38340.00    29.0709
  38350.00    29.2044
  38360.00    29.0172
  38370.00    28.6655
  38380.00    28.4952
  38390.00    29.2854
  38400.00    29.3047
  38410.00    28.9788
  38420.00    28.9512
  38430.00    28.7483
  38440.00    29.2542
  38450.00    28.3746
  38460.00    29.0602
  38470.00    28.6131
  38480.00    29.0470
  38490.00    29.0375
  38500.00    28.2453
  38510.00    29.1210
  38520.00    29.1446
  38530.00    28.8875
  38540.00    29.2390
  38550.00    29.3425
  38560.00    28.8861
  38570.00    28.6869
  38580.00    29.1268
  38590.00    28.6710
  38600.00    29.1604
  38610.00    28.9315
  38620.00    28.9713
  38630.00    28.6817
  38640.00    29.1399
  38650.00    28.8256
  38660.00    28.6100
  38670.00    28.8157
  38680.00    28.7151
  38690.00    28.8906
  38700.00    28.8423
  38710.00    28.8506
  38720.00    29.4874
  38730.00    28.9440
  38740.00    28.9458
  38750.00    28.8103
  38760.00    29.0274
  38770.00    29.0743
  38780.00    28.7123
  38790.00    29.4961
  38800.00    28.9295
  38810.00    29.1781
  38820.00    29.2316
  38830.00    28.9036
  38840.00    29.0090
  38850.00    28.5898
  38860.00    28.8941
  38870.00    29.0825
  38880.00    28.7362
  38890.00    29.3512
  38900.00    28.5052
  38910.00    29.9535
  38920.00    29.4393
  38930.00    28.9653
  38940.00    28.9477
  38950.00    29.2611
  38960.00    29.0507
  38970.00    29.7782
  38980.00    29.2028
  38990.00    28.9865
  39000.00    29.1758
  39010.00    29.1686
  39020.00    29.5183
  39030.00    28.8787
  39040.00    29.1359
  39050.00    29.3823
  39060.00    29.0606
  39070.00    28.6787
  39080.00    29.3111
  39090.00    29.0374
  39100.00    28.7453
  39110.00    28.9280
  39120.00    28.9275
  39130.00    29.4331
  39140.00    28.5745
  39150.00    29.1849
  39160.00    29.0062
  39170.00    28.8929
  39180.00    28.8660
  39190.00    28.9284
  39200.00    28.6312
  39210.00    28.8610
  39220.00    29.1964
  39230.00    29.2972
  39240.00    29.3992
  39250.00    28.3338
  39260.00    28.6430
  39270.00    29.0577
  39280.00    29.1091
  39290.00    29.1532
  39300.00    29.2856
  39310.00    29.2018
  39320.00    28.5620
  39330.00    29.4393
  39340.00    29.5069
  39350.00    29.0140
  39360.00    29.3490
  39370.00    29.4404
  39380.00    29.4312
  39390.00    29.3024
  39400.00    28.8552
  39410.00    28.6985
  39420.00    29.1539
  39430.00    28.9305
  39440.00    28.6635
  39450.00    28.6056
  39460.00    28.8911
  39470.00    29.4518
  39480.00    28.6739
  39490.00    28.9954
  39500.00    29.0489
  39510.00    28.5942
  39520.00    29.4353
  39530.00    28.8537
  39540.00    28.7543
  39550.00    29.0390
  39560.00    29.2448
  39570.00    29.1802
  39580.00    28.8139
  39590.00    28.8065
  39600.00    29.1196
  39610.00    28.7487
  39620.00    28.9998
  39630.00    28.5521
  39640.00    29.1495
  39650.00    28.8161
  39660.00    29.0903
  39670.00    29.1842
  39680.00    28.9290
  39690.00    28.5943
  39700.00    28.6559
  39710.00    28.6272
  39720.00    29.1877
  39730.00    29.2463
  39740.00    29.0885
  39750.00    28.9486
  39760.00    29.3573
  39770.00    28.7831
  39780.00    28.4471
  39790.00    29.1028
  39800.00    28.7985
  39810.00    29.4336
  39820.00    29.6144
  39830.00    29.6634
  39840.00    29.5072
  39850.00    29.1470
  39860.00    29.1177
  39870.00    28.3283
  39880.00    28.9186
  39890.00    28.9554
  39900.00    29.0442
  39910.00    28.5953
  39920.00    29.0423
  39930.00    28.9847
  39940.00    29.0477
  39950.00    29.1634
  39960.00    29.1748
  39970.00    28.4982
  39980.00    28.7168
  39990.00    28.7808
  40000.00    28.9014
  40010.00    28.6976
  40020.00    28.8759
  40030.00    29.0059
  40040.00    29.0037
  40050.00    28.5968
  40060.00    28.2977
  40070.00    29.0073
  40080.00    29.3723
  40090.00    29.3290
  40100.00    29.2747
  40110.00    29.1933
  40120.00    29.0417
  40130.00    28.7767
  40140.00    28.5629
  40150.00    29.6660
  40160.00    28.7211
  40170.00    29.2256
  40180.00    29.0543
  40190.00    28.9206
  40200.00    28.9626
  40210.00    29.1098
  40220.00    28.8638
  40230.00    29.4797
  40240.00    28.9389
  40250.00    28.8567
  40260.00    29.1148
  40270.00    29.3200
  40280.00    28.9627
  40290.00    29.1473
  40300.00    29.0176
  40310.00    29.4465
  40320.00    29.4154
  40330.00    28.8322
  40340.00    29.3206
  40350.00    29.1583
  40360.00    28.9511
  40370.00    29.2316
  40380.00    28.5975
  40390.00    28.8940
  40400.00    29.0311
  40410.00    29.1166
  40420.00    28.9680
  40430.00    29.1651
  40440.00    29.4954
  40450.00    29.1811
  40460.00    29.1431
  40470.00    29.3642
  40480.00    29.0236
  40490.00    29.0244
  40500.00    28.9860
  40510.00    28.7704
  40520.00    29.0788
  40530.00    29.0522
  40540.00    28.8325
  40550.00    28.7714
  40560.00    28.7962
  40570.00    28.9133
  40580.00    29.2828
  40590.00    29.0850
  40600.00    28.5277
  40610.00    29.2923
  40620.00    29.3110
  40630.00    29.0309
  40640.00    28.6279
  40650.00    29.1852
  40660.00    29.1808
  40670.00    28.7540
  40680.00    28.9949
  40690.00    29.2300
  40700.00    28.3458
  40710.00    29.1290
  40720.00    29.2049
  40730.00    29.8896
  40740.00    29.5611
  40750.00    28.9875
  40760.00    28.7654
  40770.00    28.8552
  40780.00    29.0926
  40790.00    28.9299
  40800.00    29.0715
  40810.00    28.9968
  40820.00    29.6293
  40830.00    28.6850
  40840.00    28.7815
  40850.00    28.8484
  40860.00    29.3543
  40870.00    28.3993
  40880.00    28.9854
  40890.00    28.8070
  40900.00    28.8496
  40910.00    28.7123
  40920.00    29.2552
  40930.00    28.8209
  40940.00    28.5241
  40950.00    28.7260
  40960.00    29.0710
  40970.00    28.7177
  40980.00    28.6189
  40990.00    29.1293
  41000.00    29.0767
  41010.00    29.4520
  41020.00    28.9665
  41030.00    29.0496
  41040.00    28.7778
  41050.00    28.9273
  41060.00    29.4403
  41070.00    28.9623
  41080.00    28.8783
  41090.00    29.3246
  41100.00    29.5808
  41110.00    28.3431
  41120.00    28.6690
  41130.00    29.3014
  41140.00    29.1297
  41150.00    29.3919
  41160.00    29.4125
  41170.00    28.7524
  41180.00    28.8941
  41190.00    29.2261
  41200.00    28.5859
  41210.00    28.8132
  41220.00    28.9426
  41230.00    29.2849
  41240.00    29.2524
  41250.00    29.0193
  41260.00    28.8162
  41270.00    28.7694
  41280.00    29.1886
  41290.00    28.8278
  41300.00    28.6510
  41310.00    28.3833
  41320.00    29.0219
  41330.00    29.2881
  41340.00    29.1276
  41350.00    28.9984
  41360.00    29.3451
  41370.00    29.2584
  41380.00    28.9276
  41390.00    28.7333
  41400.00    29.0928
  41410.00    29.9572
  41420.00    28.5273
  41430.00    28.6813
  41440.00    29.2079
  41450.00    29.2393
  41460.00    29.4683
  41470.00    28.6902
  41480.00    29.3925
  41490.00    28.7952
  41500.00    29.0460
  41510.00    29.1921
  41520.00    28.9750
  41530.00    29.3610
  41540.00    29.3187
  41550.00    28.4417
  41560.00    28.5230
  41570.00    28.9312
  41580.00    28.8232
  41590.00    29.1824
  41600.00    28.6933
  41610.00    28.5521
  41620.00    29.3320
  41630.00    29.3121
  41640.00    28.8041
  41650.00    29.3024
  41660.00    29.2751
  41670.00    28.6551
  41680.00    29.5969
  41690.00    28.7946
  41700.00    28.7925
  41710.00    29.2688
  41720.00    29.4229
  41730.00    29.1155
  41740.00    28.9017
  41750.00    28.6883
  41760.00    29.0600
  41770.00    28.5249
  41780.00    29.1843
  41790.00    29.0472
  41800.00    28.9214
  41810.00    28.3143
  41820.00    29.0433
  41830.00    29.2660
  41840.00    28.9739
  41850.00    29.7366
  41860.00    28.8077
  41870.00    29.3011
  41880.00    29.4203
  41890.00    29.0268
  41900.00    29.0682
  41910.00    29.0873
  41920.00    28.9444
  41930.00    28.7833
  41940.00    29.4347
  41950.00    29.0111
  41960.00    29.3421
  41970.00    29.4280
  41980.00    28.1191
  41990.00    28.7244
  42000.00    29.1273
  42010.00    29.1131
  42020.00    28.8103
  42030.00    28.9891
  42040.00    29.3657
  42050.00    29.4613
  42060.00    29.4952
  42070.00    29.3370
  42080.00    29.0628
  42090.00    29.1769
  42100.00    29.1608
  42110.00    28.9449
  42120.00    29.7603
  42130.00    29.2021
  42140.00    29.1755
  42150.00    28.5963
  42160.00    28.5795
  42170.00    28.8097
  42180.00    29.5776
  42190.00    28.8582
  42200.00    29.0911
  42210.00    29.0811
  42220.00    29.2400
  42230.00    28.8028
  42240.00    29.1533
  42250.00    29.2980
  42260.00    29.0521
  42270.00    29.4296
  42280.00    28.7917
  42290.00    28.8385
  42300.00    28.8433
  42310.00    28.8145
  42320.00    28.8016
  42330.00    28.6519
  42340.00    29.3417
  42350.00    29.0509
  42360.00    28.8579
  42370.00    28.7169
  42380.00    28.5532
  42390.00    28.9375
  42400.00    29.0677
  42410.00    29.4077
  42420.00    29.0207
  42430.00    29.5663
  42440.00    28.4414
  42450.00    28.2801
  42460.00    29.0368
  42470.00    28.4707
  42480.00    29.0036
  42490.00    28.9193
  42500.00    28.3990
  42510.00    29.4516
  42520.00    29.0458
  42530.00    28.8909
  42540.00    28.8514
  42550.00    28.8477
  42560.00    28.8820
  42570.00    29.0121
  42580.00    28.8829
  42590.00    28.8773
  42600.00    29.3031
  42610.00    28.7707
  42620.00    29.1613
  42630.00    28.8922
  42640.00    29.0970
  42650.00    28.9858
  42660.00    28.8681
  42670.00    29.1412
  42680.00    28.9989
  42690.00    29.0321
  42700.00    29.0542
  42710.00    29.3311
  42720.00    28.8814
  42730.00    28.8808
  42740.00    28.7158
  42750.00    28.8978
  42760.00    28.1779
  42770.00    29.0184
  42780.00    28.9199
  42790.00    29.0982
  42800.00    28.0881
  42810.00    28.9891
  42820.00    28.7697
  42830.00    29.5675
  42840.00    29.0339
  42850.00    28.7981
  42860.00    29.1761
  42870.00    29.0412
  42880.00    29.3377
  42890.00    29.1281
  42900.00    28.9578
  42910.00    29.3986
  42920.00    28.7697
  42930.00    29.0044
  42940.00    29.0293
  42950.00    29.3317
  42960.00    28.7119
  42970.00    29.3643
  42980.00    29.2137
  42990.00    29.1251
  43000.00    29.4432
  43010.00    28.8086
  43020.00    28.9431
  43030.00    28.8038
  43040.00    28.7883
  43050.00    28.4631
  43060.00    28.9448
  43070.00    28.5423
  43080.00    29.2685
  43090.00    29.2543
  43100.00    29.1668
  43110.00    29.5594
  43120.00    29.1713
  43130.00    28.4229
  43140.00    28.7557
  43150.00    28.7623
  43160.00    28.5859
  43170.00    28.8204
  43180.00    29.0286
  43190.00    28.5779
  43200.00    28.7376
  43210.00    28.6259
  43220.00    28.6908
  43230.00    28.6989
  43240.00    29.4041
  43250.00    28.4253
  43260.00    28.4264
  43270.00    28.6188
  43280.00    28.6187
  43290.00    28.9191
  43300.00    28.9832
  43310.00    29.0443
  43320.00    29.2245
  43330.00    28.7843
  43340.00    29.0464
  43350.00    28.5871
  43360.00    28.9241
  43370.00    28.6922
  43380.00    29.0115
  43390.00    28.7567
  43400.00    29.2401
  43410.00    29.5429
  43420.00    29.0956
  43430.00    29.2315
  43440.00    29.0280
  43450.00    28.9276
  43460.00    28.8624
  43470.00    28.9878
  43480.00    28.6404
  43490.00    29.0356
  43500.00    28.9730
  43510.00    28.7758
  43520.00    29.2692
  43530.00    29.1387
  43540.00    29.4057
  43550.00    28.9277
  43560.00    29.1508
  43570.00    28.8421
  43580.00    29.1453
  43590.00    29.3569
  43600.00    28.8696
  43610.00    28.6989
  43620.00    29.5020
  43630.00    29.5477
  43640.00    28.7081
  43650.00    28.8790
  43660.00    29.0825
  43670.00    28.9720
  43680.00    29.5694
  43690.00    29.2971
  43700.00    29.4923
  43710.00    29.3594
  43720.00    29.0983
  43730.00    28.4923
  43740.00    29.2009
  43750.00    28.7801
  43760.00    29.1504
  43770.00    28.8307
  43780.00    28.9574
  43790.00    29.0986
  43800.00    29.2382
  43810.00    29.4346
  43820.00    28.4576
  43830.00    29.0313
  43840.00    29.2351
  43850.00    29.3141
  43860.00    28.4547
  43870.00    29.0676
  43880.00    28.5153
  43890.00    29.1419
  43900.00    29.0625
  43910.00    28.9659
  43920.00    28.9330
  43930.00    29.1966
  43940.00    29.1535
  43950.00    29.0108
  43960.00    29.8066
  43970.00    28.7210
  43980.00    28.9080
  43990.00    28.6367
  44000.00    28.7668
  44010.00    29.0407
  44020.00    29.1366
  44030.00    29.0295
  44040.00    28.8347
  44050.00    28.3230
  44060.00    28.7952
  44070.00    29.1936
  44080.00    28.8965
  44090.00    28.7353
  44100.00    28.8973
  44110.00    28.8316
  44120.00    28.9964
  44130.00    27.9945
  44140.00    28.8896
  44150.00    28.8111
  44160.00    28.8926
  44170.00    28.3418
  44180.00    29.3831
  44190.00    28.6945
  44200.00    28.8757
  44210.00    29.4281
  44220.00    28.4851
  44230.00    29.1614
  44240.00    28.6777
  44250.00    28.8430
  44260.00    29.4455
  44270.00    28.8433
  44280.00    28.9708
  44290.00    29.2375
  44300.00    28.6456
  44310.00    28.5618
  44320.00    28.7052
  44330.00    29.0396
  44340.00    28.6663
  44350.00    28.9176
  44360.00    28.7247
  44370.00    29.2433
  44380.00    29.2385
  44390.00    28.8988
  44400.00    28.7281
  44410.00    28.7332
  44420.00    29.0171
  44430.00    28.9095
  44440.00    29.1693
  44450.00    29.2623
  44460.00    28.5108
  44470.00    29.0882
  44480.00    29.6582
  44490.00    28.9557
  44500.00    29.0090
  44510.00    29.4266
  44520.00    29.1601
  44530.00    29.1572
  44540.00    28.8903
  44550.00    28.7733
  44560.00    29.0567
  44570.00    29.2752
  44580.00    28.9432
  44590.00    28.8510
  44600.00    28.8042
  44610.00    29.2524
  44620.00    28.5738
  44630.00    29.2227
  44640.00    28.3975
  44650.00    28.8443
  44660.00    28.9787
  44670.00    29.2976
  44680.00    28.5793
  44690.00    29.1118
  44700.00    28.9518
  44710.00    28.7166
  44720.00    29.2813
  44730.00    28.9466
  44740.00    29.2342
  44750.00    29.1419
  44760.00    28.9849
  44770.00    28.9130
  44780.00    28.9791
  44790.00    29.0390
  44800.00    28.8810
  44810.00    28.9633
  44820.00    29.2428
  44830.00    28.8142
  44840.00    29.1256
  44850.00    29.2030
  44860.00    29.2426
  44870.00    28.6073
  44880.00    28.8198
  44890.00    29.0464
  44900.00    28.6051
  44910.00    29.2075
  44920.00    29.3965
  44930.00    28.6783
  44940.00    28.8368
  44950.00    28.7902
  44960.00    29.5993
  44970.00    29.1363
  44980.00    29.4985
  44990.00    29.2301
  45000.00    28.8531
  45010.00    28.8990
  45020.00    29.5147
  45030.00    28.5743
  45040.00    28.6298
  45050.00    28.4907
  45060.00    29.0316
  45070.00    28.9459
  45080.00    28.5757
  45090.00    28.8026
  45100.00    28.5944
  45110.00    28.6827
  45120.00    28.9476
  45130.00    28.9614
  45140.00    29.2867
  45150.00    28.8283
  45160.00    29.3312
  45170.00    29.5407
  45180.00    28.7189
  45190.00    29.1381
  45200.00    28.6794
  45210.00    29.0031
  45220.00    29.1643
  45230.00    29.2475
  45240.00    28.6005
  45250.00    29.1926
  45260.00    28.8144
  45270.00    28.9889
  45280.00    28.9122
  45290.00    29.3519
  45300.00    29.3356
  45310.00    29.4994
  45320.00    28.5113
  45330.00    29.4802
  45340.00    29.3856
  45350.00    29.2218
  45360.00    29.3902
  45370.00    28.7305
  45380.00    28.9619
  45390.00    28.5591
  45400.00    28.9765
  45410.00    29.1342
  45420.00    28.6752
  45430.00    29.1853
  45440.00    29.3564
  45450.00    28.8128
  45460.00    29.2172
  45470.00    28.3092
  45480.00    28.7076
  45490.00    28.6093
  45500.00    28.4935
  45510.00    28.5683
  45520.00    28.6638
  45530.00    28.8990
  45540.00    28.6131
  45550.00    28.9909
  45560.00    29.1068
  45570.00    28.5012
  45580.00    29.2238
  45590.00    29.3451
  45600.00    29.3804
  45610.00    28.8724
  45620.00    28.7146
  45630.00    28.6766
  45640.00    28.5547
  45650.00    29.1530
  45660.00    29.2083
  45670.00    28.5754
  45680.00    28.5784
  45690.00    29.1543
  45700.00    28.9295
  45710.00    29.5776
  45720.00    28.6296
  45730.00    28.6998
  45740.00    29.1481
  45750.00    29.1637
  45760.00    29.3648
  45770.00    28.9069
  45780.00    29.2568
  45790.00    28.9813
  45800.00    29.1869
  45810.00    28.7184
  45820.00    28.7590
  45830.00    28.7632
  45840.00    29.0797
  45850.00    29.1850
  45860.00    28.7420
  45870.00    28.9608
  45880.00    28.5807
  45890.00    28.7340
  45900.00    28.9964
  45910.00    29.2734
  45920.00    28.9513
  45930.00    28.7565
  45940.00    28.5698
  45950.00    28.5290
  45960.00    28.7369
  45970.00    28.6387
  45980.00    28.8237
  45990.00    28.9583
  46000.00    29.4827
  46010.00    28.8940
  46020.00    29.3051
  46030.00    29.7244
  46040.00    29.2092
  46050.00    29.4163
  46060.00    28.4456
  46070.00    29.2118
  46080.00    28.7990
  46090.00    28.8096
  46100.00    29.3276
  46110.00    29.0381
  46120.00    29.2255
  46130.00    28.6042
  46140.00    29.2377
  46150.00    29.1417
  46160.00    28.9619
  46170.00    29.3691
  46180.00    29.2491
  46190.00    29.2042
  46200.00    29.0666
  46210.00    29.3509
  46220.00    29.4026
  46230.00    29.2173
  46240.00    29.3749
  46250.00    29.1624
  46260.00    28.3965
  46270.00    29.1785
  46280.00    29.1500
  46290.00    28.7198
  46300.00    29.1787
  46310.00    29.0451
  46320.00    29.4789
  46330.00    28.8583
  46340.00    29.0578
  46350.00    29.4198
  46360.00    29.4467
  46370.00    28.9109
  46380.00    28.6641
  46390.00    29.1604
  46400.00    28.7200
  46410.00    28.8652
  46420.00    28.6994
  46430.00    29.1045
  46440.00    28.6961
  46450.00    28.9767
  46460.00    28.6967
  46470.00    28.7441
  46480.00    29.5839
  46490.00    28.9474
  46500.00    28.9860
  46510.00    29.2896
  46520.00    28.7904
  46530.00    28.7195
  46540.00    29.7843
  46550.00    28.7865
  46560.00    28.6442
  46570.00    28.6566
  46580.00    28.6311
  46590.00    28.8909
  46600.00    28.8433
  46610.00    28.9208
  46620.00    29.1758
  46630.00    28.7485
  46640.00    29.2398
  46650.00    28.8053
  46660.00    29.0447
  46670.00    28.8932
  46680.00    28.6908
  46690.00    29.1427
  46700.00    29.7572
  46710.00    28.7439
  46720.00    28.6780
  46730.00    29.2796
  46740.00    29.3632
  46750.00    28.7683
  46760.00    28.8764
  46770.00    29.4316
  46780.00    28.4777
  46790.00    28.6383
  46800.00    28.6258
  46810.00    28.3723
  46820.00    29.2380
  46830.00    28.4792
  46840.00    28.6409
  46850.00    29.3657
  46860.00    29.4505
  46870.00    29.1202
  46880.00    28.9035
  46890.00    28.6904
  46900.00    29.2368
  46910.00    28.4791
  46920.00    29.4568
  46930.00    28.7035
  46940.00    29.1866
  46950.00    29.4212
  46960.00    28.6044
  46970.00    28.9803
  46980.00    28.8514
  46990.00    29.3255
  47000.00    29.1164
  47010.00    29.2898
  47020.00    28.8179
  47030.00    28.7196
  47040.00    28.6259
  47050.00    29.1154
  47060.00    29.2994
  47070.00    28.6284
  47080.00    29.1269
  47090.00    29.0810
  47100.00    29.1257
  47110.00    28.7276
  47120.00    28.8137
  47130.00    28.9576
  47140.00    28.7321
  47150.00    28.9070
  47160.00    28.7967
  47170.00    28.9411
  47180.00    28.5937
  47190.00    28.8543
  47200.00    29.0878
  47210.00    28.9323
  47220.00    28.5928
  47230.00    29.2045
  47240.00    28.6963
  47250.00    28.9101
  47260.00    29.3337
  47270.00    28.8559
  47280.00    28.7649
  47290.00    29.0160
  47300.00    29.0833
  47310.00    29.0321
  47320.00    28.8461
  47330.00    28.8645
  47340.00    29.3011
  47350.00    29.2910
  47360.00    28.9113
  47370.00    29.1679
  47380.00    28.9193
  47390.00    29.3022
  47400.00    28.6716
  47410.00    28.8091
  47420.00    28.7099
  47430.00    28.9081
  47440.00    29.0607
  47450.00    28.7947
  47460.00    28.9462
  47470.00    28.7759
  47480.00    29.0504
  47490.00    29.0172
  47500.00    29.3403
  47510.00    29.3712
  47520.00    28.7299
  47530.00    28.5135
  47540.00    28.6354
  47550.00    29.0772
  47560.00    29.2014
  47570.00    28.4769
  47580.00    28.7419
  47590.00    29.1909
  47600.00    29.1667
  47610.00    29.1090
  47620.00    29.0288
  47630.00    28.6448
  47640.00    28.7209
  47650.00    29.3912
  47660.00    29.0787
  47670.00    29.2978
  47680.00    28.6928
  47690.00    28.5648
  47700.00    29.2126
  47710.00    29.0273
  47720.00    29.1958
  47730.00    28.9227
  47740.00    29.2116
  47750.00    28.8286
  47760.00    28.6272
  47770.00    29.0253
  47780.00    28.7350
  47790.00    28.9577
  47800.00    28.9332
  47810.00    28.4964
  47820.00    28.2675
  47830.00    29.3947
  47840.00    28.7872
  47850.00    28.7396
  47860.00    28.8289
  47870.00    28.8408
  47880.00    29.4821
  47890.00    29.0922
  47900.00    29.1806
  47910.00    29.2279
  47920.00    28.7011
  47930.00    28.6591
  47940.00    29.1812
  47950.00    29.6736
  47960.00    28.8588
  47970.00    29.0798
  47980.00    28.2343
  47990.00    28.8698
  48000.00    29.0184
  48010.00    28.7899
  48020.00    29.0712
  48030.00    29.0271
  48040.00    29.3938
  48050.00    29.3404
  48060.00    29.3479
  48070.00    28.6991
  48080.00    29.1937
  48090.00    28.8866
  48100.00    29.2281
  48110.00    28.8438
  48120.00    29.7193
  48130.00    29.2127
  48140.00    28.9087
  48150.00    28.9995
  48160.00    28.5743
  48170.00    28.6311
  48180.00    28.9674
  48190.00    28.7018
  48200.00    29.4392
  48210.00    29.1521
  48220.00    28.7990
  48230.00    29.2845
  48240.00    28.8082
  48250.00    29.1778
  48260.00    29.1122
  48270.00    29.1477
  48280.00    29.2082
  48290.00    28.5517
  48300.00    29.3948
  48310.00    28.6773
  48320.00    29.3321
  48330.00    28.8852
  48340.00    28.5422
  48350.00    28.8089
  48360.00    29.5709
  48370.00    29.0185
  48380.00    28.8466
  48390.00    29.6651
  48400.00    28.8774
  48410.00    28.7927
  48420.00    28.7488
  48430.00    28.9541
  48440.00    28.8764
  48450.00    29.1180
  48460.00    28.7540
  48470.00    29.6599
  48480.00    29.5904
  48490.00    28.8066
  48500.00    29.2235
  48510.00    28.7131
  48520.00    29.3851
  48530.00    28.9107
  48540.00    29.1461
  48550.00    28.6219
  48560.00    29.2195
  48570.00    28.7709
  48580.00    29.0391
  48590.00    29.5228
  48600.00    28.6681
  48610.00    29.3076
  48620.00    28.4637
  48630.00    28.3425
  48640.00    28.6809
  48650.00    28.8762
  48660.00    29.0328
  48670.00    29.2028
  48680.00    28.8014
  48690.00    29.3863
  48700.00    28.8762
  48710.00    28.9275
  48720.00    28.9860
  48730.00    28.8347
  48740.00    28.8027
  48750.00    28.9963
  48760.00    28.7483
  48770.00    29.2504
  48780.00    28.3650
  48790.00    29.0936
  48800.00    28.8654
  48810.00    28.8618
  48820.00    29.2097
  48830.00    28.9488
  48840.00    29.0901
  48850.00    28.8071
  48860.00    29.0254
  48870.00    29.5251
  48880.00    29.4651
  48890.00    29.1679
  48900.00    29.0329
  48910.00    28.8680
  48920.00    29.3192
  48930.00    28.8735
  48940.00    28.8290
  48950.00    29.5290
  48960.00    29.0391
  48970.00    29.1513
  48980.00    29.0891
  48990.00    29.0497
  49000.00    28.7942
  49010.00    28.7516
  49020.00    28.6850
  49030.00    29.2505
  49040.00    28.9203
  49050.00    28.5517
  49060.00    29.4000
  49070.00    28.8494
  49080.00    28.9395
  49090.00    28.2263
  49100.00    28.8114
  49110.00    29.3020
  49120.00    28.5135
  49130.00    28.4851
  49140.00    29.2778
  49150.00    28.2001
  49160.00    29.0941
  49170.00    29.0634
  49180.00    29.2310
  49190.00    28.9504
  49200.00    29.0274
  49210.00    29.2344
  49220.00    29.4114
  49230.00    28.8212
  49240.00    29.0268
  49250.00    28.7826
  49260.00    28.8960
  49270.00    28.6627
  49280.00    28.5158
  49290.00    29.2704
  49300.00    28.8800
  49310.00    28.9363
  49320.00    29.2208
  49330.00    29.0005
  49340.00    28.3718
  49350.00    29.3431
  49360.00    28.7431
  49370.00    28.6987
  49380.00    29.3745
  49390.00    29.1105
  49400.00    29.0336
  49410.00    29.0330
  49420.00    28.9485
  49430.00    28.7249
  49440.00    29.1411
  49450.00    28.9796
  49460.00    29.4708
  49470.00    28.8092
  49480.00    28.8403
  49490.00    29.5350
  49500.00    29.5274
  49510.00    28.9653
  49520.00    28.8106
  49530.00    29.1870
  49540.00    28.8668
  49550.00    29.0678
  49560.00    28.8727
  49570.00    28.7031
  49580.00    28.5412
  49590.00    29.0302
  49600.00    28.6818
  49610.00    29.2399
  49620.00    28.2793
  49630.00    28.9412
  49640.00    29.0608
  49650.00    28.6256
  49660.00    29.0538
  49670.00    29.2795
  49680.00    28.9924
  49690.00    28.5756
  49700.00    28.9718
  49710.00    28.9558
  49720.00    28.4204
  49730.00    28.7475
  49740.00    29.0564
  49750.00    28.6791
  49760.00    29.2130
  49770.00    28.4266
  49780.00    29.4107
  49790.00    29.0753
  49800.00    29.0826
  49810.00    29.0533
  49820.00    28.9146
  49830.00    28.6371
  49840.00    28.8967
  49850.00    29.2272
  49860.00    28.8889
  49870.00    28.9722
  49880.00    28.9998
  49890.00    29.4547
  49900.00    28.8942
  49910.00    29.5130
  49920.00    29.1253
  49930.00    29.1663
  49940.00    29.4478
  49950.00    28.8847
  49960.00    29.3289
  49970.00    29.0102
  49980.00    28.7576
  49990.00    28.5710
  50000.00    28.9651
