     10.00   -35.5396
     20.00   -35.1987
     30.00   -35.2778
     40.00   -35.0603
     50.00   -34.8518
     60.00   -35.3631
     70.00   -34.9704
     80.00   -35.0870
     90.00   -34.4002
    100.00   -35.5356
    110.00   -34.7812
    120.00   -34.7400
    130.00   -34.7843
    140.00   -35.0991
    150.00   -34.8196
    160.00   -34.7706
    170.00   -34.9077
    180.00   -34.8633
    190.00   -34.9091
    200.00   -35.1529
    210.00   -34.8838
    220.00   -34.6100
    230.00   -34.7126
    240.00   -35.1976
    250.00   -34.6495
    260.00   -34.9103
    270.00   -35.2907
    280.00   -34.4546
    290.00   -34.9499
    300.00   -35.0161
    310.00   -35.0566
    320.00   -35.0676
    330.00   -35.0278
    340.00   -35.0448
    350.00   -35.0571
    360.00   -34.6184
    370.00   -35.1557
    380.00   -35.5628
    390.00   -34.8842
    400.00   -35.2727
    410.00   -34.4891
    420.00   -34.5138
    430.00   -34.6107
    440.00   -35.2287
    450.00   -34.4810
    460.00   -35.3543
    470.00   -34.3143
    480.00   -35.0641
    490.00   -34.6352
    500.00   -35.0553
    510.00   -34.7949
    520.00   -34.8805
    530.00   -35.4128
    540.00   -34.5629
    550.00   -34.8446
    560.00   -34.7154
    570.00   -35.4256
    580.00   -34.8825
    590.00   -34.9277
    600.00   -35.1079
    610.00   -35.3358
    620.00   -34.7467
    630.00   -35.1458
    640.00   -35.1035
    650.00   -35.1399
    660.00   -34.4586
    670.00   -34.6438
    680.00   -35.0673
    690.00   -35.7110
    700.00   -35.2105
    710.00   -35.3678
    720.00   -34.5772
    730.00   -34.9877
    740.00   -35.2582
    750.00   -34.6880
    760.00   -34.9093
    770.00   -34.8668
    780.00   -34.9991
    790.00   -35.3837
    800.00   -34.6965
    810.00   -35.0394
    820.00   -34.9614
    830.00   -35.4135
    840.00   -34.9332
    850.00   -35.3627
    860.00   -34.9784
    870.00   -35.0416
    880.00   -34.3457
    890.00   -35.0651
    900.00   -34.7687
    910.00   -35.0727
    920.00   -35.2251
    930.00   -34.9112
    940.00   -35.1423
    950.00   -34.2741
    960.00   -35.1799
    970.00   -35.1704
    980.00   -35.1726
    990.00   -35.0758
   1000.00   -34.9061
   1010.00   -34.9472
   1020.00   -34.4334
   1030.00   -34.6639
   1040.00   -35.5856
   1050.00   -35.0907
   1060.00   -35.1652
   1070.00   -34.8253
   1080.00   -34.9312
   1090.00   -35.2679
   1100.00   -35.1446
   1110.00   -34.5802
   1120.00   -35.0282
   1130.00   -35.2263
   1140.00   -35.3197
   1150.00   -34.9999
   1160.00   -35.2788
   1170.00   -35.0749
   1180.00   -34.6831
   1190.00   -34.7484
   1200.00   -34.8610
   1210.00   -34.5258
   1220.00   -35.3285
   1230.00   -35.3991
   1240.00   -34.9904
   1250.00   -35.0789
   1260.00   -35.0983
   1270.00   -35.1255
   1280.00   -34.5274
   1290.00   -34.9228
   1300.00   -34.9209
   1310.00   -35.0764
   1320.00   -34.7932
   1330.00   -34.9168
   1340.00   -34.8207
   1350.00   -34.8629
   1360.00   -35.3327
   1370.00   -34.8690
   1380.00   -35.1641
   1390.00   -34.9336
   1400.00   -34.8325
   1410.00   -34.3115
   1420.00   -34.8527
   1430.00   -34.8109
   1440.00   -35.1417
   1450.00   -34.1516
   1460.00   -35.3633
   1470.00   -35.1841
   1480.00   -34.7634
   1490.00   -35.2338
   1500.00   -34.4788
   1510.00   -34.8910
   1520.00   -34.9756
   1530.00   -35.2207
   1540.00   -35.2900
   1550.00   -35.1841
   1560.00   -34.5587
   1570.00   -35.5370
   1580.00   -35.0900
   1590.00   -35.0590
   1600.00   -35.4538
   1610.00   -35.0565
   1620.00   -35.2076
   1630.00   -35.4671
   1640.00   -35.2901
   1650.00   -35.1326
   1660.00   -34.9323
   1670.00   -35.1518
   1680.00   -35.1513
   1690.00   -35.3628
   1700.00   -35.0418
   1710.00   -34.6770
   1720.00   -35.3552
   1730.00   -34.7439
   1740.00   -34.8261
   1750.00   -34.9979
   1760.00   -35.3431
   1770.00   -34.8110
   1780.00   -34.8635
   1790.00   -35.2339
   1800.00   -34.8431
   1810.00   -35.8894
   1820.00   -35.0879
   1830.00   -34.4929
   1840.00   -35.0327
   1850.00   -34.7252
   1860.00   -34.6423
   1870.00   -34.4763
   1880.00   -35.2149
   1890.00   -35.1097
   1900.00   -34.9940
   1910.00   -34.3193
   1920.00   -34.6791
   1930.00   -34.9890
   1940.00   -34.6753
   1950.00   -34.6315
   1960.00   -34.7741
   1970.00   -34.8715
   1980.00   -35.1084
   1990.00   -35.5419
   2000.00   -34.8980
   2010.00   -35.1050
   2020.00   -35.2413
   2030.00   -34.9794
   2040.00   -35.4066
   2050.00   -34.7030
   2060.00   -35.1147
   2070.00   -34.9515
   2080.00   -35.1335
   2090.00   -35.1921
   2100.00   -35.5563
   2110.00   -35.0825
   2120.00   -34.8576
   2130.00   -35.4811
   2140.00   -34.9468
   2150.00   -34.8968
   2160.00   -35.3400
   2170.00   -34.8548
   2180.00   -34.7109
   2190.00   -34.9192
   2200.00   -34.9167
   2210.00   -35.4171
   2220.00   -35.0027
   2230.00   -34.8006
   2240.00   -35.1143
   2250.00   -35.5002
   2260.00   -34.3389
   2270.00   -34.6022
   2280.00   -34.9046
   2290.00   -35.3751
   2300.00   -34.4453
   2310.00   -35.1340
   2320.00   -35.2220
   2330.00   -34.9004
   2340.00   -34.8241
   2350.00   -34.8723
   2360.00   -35.0718
   2370.00   -34.4351
   2380.00   -34.7492
   2390.00   -35.2321
   2400.00   -34.9551
   2410.00   -35.1663
   2420.00   -34.8507
   2430.00   -34.8886
   2440.00   -35.2726
   2450.00   -34.9979
   2460.00   -35.1871
   2470.00   -35.4312
   2480.00   -34.8518
   2490.00   -34.9008
   2500.00   -35.1789
   2510.00   -35.4319
   2520.00   -35.0318
   2530.00   -35.1124
   2540.00   -34.9074
   2550.00   -34.9898
   2560.00   -34.9314
   2570.00   -35.2283
   2580.00   -34.8049
   2590.00   -34.8546
   2600.00   -35.1348
   2610.00   -35.4908
   2620.00   -35.2216
   2630.00   -34.9270
   2640.00   -35.2077
   2650.00   -35.2764
   2660.00   -35.0637
   2670.00   -35.5146
   2680.00   -35.0495
   2690.00   -35.0545
   2700.00   -34.8777
   2710.00   -35.2323
   2720.00   -35.0951
   2730.00   -35.1927
   2740.00   -34.8772
   2750.00   -34.9898
   2760.00   -35.1799
   2770.00   -35.1717
   2780.00   -34.9694
   2790.00   -35.1985
   2800.00   -34.7385
   2810.00   -34.9921
   2820.00   -34.9083
   2830.00   -34.8849
   2840.00   -35.0943
   2850.00   -35.3285
   2860.00   -34.9662
   2870.00   -34.8780
   2880.00   -34.8458
   2890.00   -35.1021
   2900.00   -34.9937
   2910.00   -35.2083
   2920.00   -34.3211
   2930.00   -35.2683
   2940.00   -35.0813
   2950.00   -34.5898
   2960.00   -34.8074
   2970.00   -34.6686
   2980.00   -35.1997
   2990.00   -35.1285
   3000.00   -34.6804
   3010.00   -35.2335
   3020.00   -35.0911
   3030.00   -35.4272
   3040.00   -35.3522
   3050.00   -35.4447
   3060.00   -34.7781
   3070.00   -35.2414
   3080.00   -35.3485
   3090.00   -34.9330
   3100.00   -34.8867
   3110.00   -34.9329
   3120.00   -34.9978
   3130.00   -35.0046
   3140.00   -35.5984
   3150.00   -35.0031
   3160.00   -34.7172
   3170.00   -35.1332
   3180.00   -34.5017
   3190.00   -34.7872
   3200.00   -34.5891
   3210.00   -34.9106
   3220.00   -35.1373
   3230.00   -34.9002
   3240.00   -34.6799
   3250.00   -34.5548
   3260.00   -34.6151
   3270.00   -35.0101
   3280.00   -34.9374
   3290.00   -34.7857
   3300.00   -34.6758
   3310.00   -34.9590
   3320.00   -35.3547
   3330.00   -35.1185
   3340.00   -35.6304
   3350.00   -34.6878
   3360.00   -34.6811
   3370.00   -34.9258
   3380.00   -34.6898
   3390.00   -35.0917
   3400.00   -35.0360
   3410.00   -35.3342
   3420.00   -35.4012
   3430.00   -35.0343
   3440.00   -34.9905
   3450.00   -34.6383
   3460.00   -35.1769
   3470.00   -34.9905
   3480.00   -34.5128
   3490.00   -35.4124
   3500.00   -35.0729
   3510.00   -35.1991
   3520.00   -34.6212
   3530.00   -35.5915
   3540.00   -34.5997
   3550.00   -34.9964
   3560.00   -34.8918
   3570.00   -34.7562
   3580.00   -35.1540
   3590.00   -35.1968
   3600.00   -34.7297
   3610.00   -34.9677
   3620.00   -34.9560
   3630.00   -34.5951
   3640.00   -34.8850
   3650.00   -35.1825
   3660.00   -35.2762
   3670.00   -35.2669
   3680.00   -34.8540
   3690.00   -34.8869
   3700.00   -35.3624
   3710.00   -34.7919
   3720.00   -35.1720
   3730.00   -34.6541
   3740.00   -34.9276
   3750.00   -35.4492
   3760.00   -34.8481
   3770.00   -34.3918
   3780.00   -35.0263
   3790.00   -34.7695
   3800.00   -34.5577
   3810.00   -34.8961
   3820.00   -34.9330
   3830.00   -34.7792
   3840.00   -35.0047
   3850.00   -35.4532
   3860.00   -34.7757
   3870.00   -34.8977
   3880.00   -34.7802
   3890.00   -35.1125
   3900.00   -35.0055
   3910.00   -34.8833
   3920.00   -34.8037
   3930.00   -35.2481
   3940.00   -34.5650
   3950.00   -35.2197
   3960.00   -34.8189
   3970.00   -35.4364
   3980.00   -35.0205
   3990.00   -35.2735
   4000.00   -35.4658
   4010.00   -35.3177
   4020.00   -34.3166
   4030.00   -34.8047
   4040.00   -34.7613
   4050.00   -34.9545
   4060.00   -34.7646
   4070.00   -34.9517
   4080.00   -35.2258
   4090.00   -35.0875
   4100.00   -34.9985
   4110.00   -35.2880
   4120.00   -35.0406
   4130.00   -35.3641
   4140.00   -34.5202
   4150.00   -34.5618
   4160.00   -34.8850
   4170.00   -34.8042
   4180.00   -34.7774
   4190.00   -35.5324
   4200.00   -35.1338
   4210.00   -35.0463
   4220.00   -34.9844
   4230.00   -35.3167
   4240.00   -34.6204
   4250.00   -35.1615
   4260.00   -35.0138
   4270.00   -35.1676
   4280.00   -34.8941
   4290.00   -34.6553
   4300.00   -35.3495
   4310.00   -34.6352
   4320.00   -35.4953
   4330.00   -34.9582
   4340.00   -34.6500
   4350.00   -34.9797
   4360.00   -35.3618
   4370.00   -34.6309
   4380.00   -35.2400
   4390.00   -34.7735
   4400.00   -34.4419
   4410.00   -35.2938
   4420.00   -35.0064
   4430.00   -35.0756
   4440.00   -34.9171
   4450.00   -35.1111
   4460.00   -34.7010
   4470.00   -35.8120
   4480.00   -35.1895
   4490.00   -35.4491
   4500.00   -35.1475
   4510.00   -35.2934
   4520.00   -34.4972
   4530.00   -35.2044
   4540.00   -34.6953
   4550.00   -34.7094
   4560.00   -35.3147
   4570.00   -35.2503
   4580.00   -35.1802
   4590.00   -35.2550
   4600.00   -35.4538
   4610.00   -34.7003
   4620.00   -35.2476
   4630.00   -35.2825
   4640.00   -34.5923
   4650.00   -34.8427
   4660.00   -35.0279
   4670.00   -34.1595
   4680.00   -35.0801
   4690.00   -34.7685
   4700.00   -34.3392
   4710.00   -34.9152
   4720.00   -34.9229
   4730.00   -35.0072
   4740.00   -35.0670
   4750.00   -35.1892
   4760.00   -35.3330
   4770.00   -35.3755
   4780.00   -34.9325
   4790.00   -34.8935
   4800.00   -34.6705
   4810.00   -35.0442
   4820.00   -34.8919
   4830.00   -34.7714
   4840.00   -35.1050
   4850.00   -34.8845
   4860.00   -34.9139
   4870.00   -34.6043
   4880.00   -34.7564
   4890.00   -34.9025
   4900.00   -34.7505
   4910.00   -35.1499
   4920.00   -35.1324
   4930.00   -35.0725
   4940.00   -34.9264
   4950.00   -35.3085
   4960.00   -34.7256
   4970.00   -34.9884
   4980.00   -34.9815
   4990.00   -34.6417
   5000.00   -35.4729
   5010.00   -35.1915
   5020.00   -34.6591
   5030.00   -35.1016
   5040.00   -35.0958
   5050.00   -35.2122
   5060.00   -34.7711
   5070.00   -34.7414
   5080.00   -35.5889
   5090.00   -34.5375
   5100.00   -35.2861
   5110.00   -34.7250
   5120.00   -35.2376
   5130.00   -35.1754
   5140.00   -34.9386
   5150.00   -34.9238
   5160.00   -35.0208
   5170.00   -35.3235
   5180.00   -35.1166
   5190.00   -35.4573
   5200.00   -35.1081
   5210.00   -35.2120
   5220.00   -35.1643
   5230.00   -34.8556
   5240.00   -34.3012
   5250.00   -35.0436
   5260.00   -35.2644
   5270.00   -35.2823
   5280.00   -34.7001
   5290.00   -35.1212
   5300.00   -34.8829
   5310.00   -34.9631
   5320.00   -34.5203
   5330.00   -35.4471
   5340.00   -34.6561
   5350.00   -35.2255
   5360.00   -35.3728
   5370.00   -34.7250
   5380.00   -34.5940
   5390.00   -35.1491
   5400.00   -34.6199
   5410.00   -34.9299
   5420.00   -34.9696
   5430.00   -34.9608
   5440.00   -35.1691
   5450.00   -34.8400
   5460.00   -34.7112
   5470.00   -34.6638
   5480.00   -34.8192
   5490.00   -34.7738
   5500.00   -35.1086
   5510.00   -35.1640
   5520.00   -34.9048
   5530.00   -35.0754
   5540.00   -34.8941
   5550.00   -35.3202
   5560.00   -35.3965
   5570.00   -35.0007
   5580.00   -34.9061
   5590.00   -34.7990
   5600.00   -35.1005
   5610.00   -35.3027
   5620.00   -34.6386
   5630.00   -34.6632
   5640.00   -35.2574
   5650.00   -34.8418
   5660.00   -35.1140
   5670.00   -34.9384
   5680.00   -35.3205
   5690.00   -35.1293
   5700.00   -34.8439
   5710.00   -35.1730
   5720.00   -34.8335
   5730.00   -34.8592
   5740.00   -34.5742
   5750.00   -34.8092
   5760.00   -35.2122
   5770.00   -34.7560
   5780.00   -35.2595
   5790.00   -35.1991
   5800.00   -34.7986
   5810.00   -34.9827
   5820.00   -35.1338
   5830.00   -34.8002
   5840.00   -34.9969
   5850.00   -35.3343
   5860.00   -35.1080
   5870.00   -35.0615
   5880.00   -34.7812
   5890.00   -34.6980
   5900.00   -34.7005
   5910.00   -35.0868
   5920.00   -34.5597
   5930.00   -35.0922
   5940.00   -35.2541
   5950.00   -35.1720
   5960.00   -34.5535
   5970.00   -34.6607
   5980.00   -34.9537
   5990.00   -34.9779
   6000.00   -35.2467
   6010.00   -34.7061
   6020.00   -35.1395
   6030.00   -35.0160
   6040.00   -35.5771
   6050.00   -34.9239
   6060.00   -34.6882
   6070.00   -34.7912
   6080.00   -35.2064
   6090.00   -35.3927
   6100.00   -35.1836
   6110.00   -35.0181
   6120.00   -34.6870
   6130.00   -34.6953
   6140.00   -35.1053
   6150.00   -34.8061
   6160.00   -35.2917
   6170.00   -35.1227
   6180.00   -34.9126
   6190.00   -35.0997
   6200.00   -34.8157
   6210.00   -35.1144
   6220.00   -34.0089
   6230.00   -35.1006
   6240.00   -35.5834
   6250.00   -35.1926
   6260.00   -35.2355
   6270.00   -35.3235
   6280.00   -35.2083
   6290.00   -35.0938
   6300.00   -34.7546
   6310.00   -35.2542
   6320.00   -34.6775
   6330.00   -34.7158
   6340.00   -35.5619
   6350.00   -35.5782
   6360.00   -35.1546
   6370.00   -34.4905
   6380.00   -34.8430
   6390.00   -35.1130
   6400.00   -34.9787
   6410.00   -34.9799
   6420.00   -34.8837
   6430.00   -34.9989
   6440.00   -35.0580
   6450.00   -35.1582
   6460.00   -34.9466
   6470.00   -35.0417
   6480.00   -34.9205
   6490.00   -34.9398
   6500.00   -34.5620
   6510.00   -34.9936
   6520.00   -34.7316
   6530.00   -34.7461
   6540.00   -35.2536
   6550.00   -35.1312
   6560.00   -35.3133
   6570.00   -34.5108
   6580.00   -35.1517
   6590.00   -35.0487
   6600.00   -35.3534
   6610.00   -35.2946
   6620.00   -34.9310
   6630.00   -34.7581
   6640.00   -34.4462
   6650.00   -35.0747
   6660.00   -35.4730
   6670.00   -34.8644
   6680.00   -35.7010
   6690.00   -34.5861
   6700.00   -35.1998
   6710.00   -34.7504
   6720.00   -35.0461
   6730.00   -35.0046
   6740.00   -34.8608
   6750.00   -34.8973
   6760.00   -34.9280
   6770.00   -35.1226
   6780.00   -35.0103
   6790.00   -35.0659
   6800.00   -35.0286
   6810.00   -34.4763
   6820.00   -35.0906
   6830.00   -34.8986
   6840.00   -35.0696
   6850.00   -34.8334
   6860.00   -34.8386
   6870.00   -34.7987
   6880.00   -35.1319
   6890.00   -35.2111
   6900.00   -34.8553
   6910.00   -35.0852
   6920.00   -35.0393
   6930.00   -35.5392
   6940.00   -34.8072
   6950.00   -34.8890
   6960.00   -35.0088
   6970.00   -34.7678
   6980.00   -34.9983
   6990.00   -35.2079
   7000.00   -35.6274
   7010.00   -35.1990
   7020.00   -34.7324
   7030.00   -34.8471
   7040.00   -34.8365
   7050.00   -35.0213
   7060.00   -34.7986
   7070.00   -35.0511
   7080.00   -34.8201
   7090.00   -35.3045
   7100.00   -35.3312
   7110.00   -35.5421
   7120.00   -35.4841
   7130.00   -34.7717
   7140.00   -35.5483
   7150.00   -35.4511
   7160.00   -34.6678
   7170.00   -34.8025
   7180.00   -34.3183
   7190.00   -35.1002
   7200.00   -34.8087
   7210.00   -34.8118
   7220.00   -34.6548
   7230.00   -35.0705
   7240.00   -35.0843
   7250.00   -35.0546
   7260.00   -34.5330
   7270.00   -34.8901
   7280.00   -35.7428
   7290.00   -34.8205
   7300.00   -34.6363
   7310.00   -34.9656
   7320.00   -35.2188
   7330.00   -35.1313
   7340.00   -34.9967
   7350.00   -34.9484
   7360.00   -35.8382
   7370.00   -34.9758
   7380.00   -34.3172
   7390.00   -34.8260
   7400.00   -34.7611
   7410.00   -35.1943
   7420.00   -35.0386
   7430.00   -35.1765
   7440.00   -34.8717
   7450.00   -34.7419
   7460.00   -34.8114
   7470.00   -34.8846
   7480.00   -34.8677
   7490.00   -34.6090
   7500.00   -34.7205
   7510.00   -35.2537
   7520.00   -35.0921
   7530.00   -34.7683
   7540.00   -35.1952
   7550.00   -35.0454
   7560.00   -35.4006
   7570.00   -35.2377
   7580.00   -34.7453
   7590.00   -34.7632
   7600.00   -34.7627
   7610.00   -34.8799
   7620.00   -35.1001
   7630.00   -34.7897
   7640.00   -35.4208
   7650.00   -34.4956
   7660.00   -34.5400
   7670.00   -35.0883
   7680.00   -35.2971
   7690.00   -34.8473
   7700.00   -35.0924
   7710.00   -34.9224
   7720.00   -35.6202
   7730.00   -35.4143
   7740.00   -35.0923
   7750.00   -34.6773
   7760.00   -35.3795
   7770.00   -35.0153
   7780.00   -34.9859
   7790.00   -34.8659
   7800.00   -34.8803
   7810.00   -35.1254
   7820.00   -35.3274
   7830.00   -34.8089
   7840.00   -35.1706
   7850.00   -34.6525
   7860.00   -35.3801
   7870.00   -35.1416
   7880.00   -34.8699
   7890.00   -34.9089
   7900.00   -35.2068
   7910.00   -34.9722
   7920.00   -35.0220
   7930.00   -34.9231
   7940.00   -34.8843
   7950.00   -35.1113
   7960.00   -35.2002
   7970.00   -35.0847
   7980.00   -35.3816
   7990.00   -35.5717
   8000.00   -35.3551
   8010.00   -34.3978
   8020.00   -35.1526
   8030.00   -35.0981
   8040.00   -34.8987
   8050.00   -34.9421
   8060.00   -34.9567
   8070.00   -35.0520
   8080.00   -34.9684
   8090.00   -34.7227
   8100.00   -35.8509
   8110.00   -35.1600
   8120.00   -35.4566
   8130.00   -35.0608
   8140.00   -34.8971
   8150.00   -35.1163
   8160.00   -35.0159
   8170.00   -35.2317
   8180.00   -34.9949
   8190.00   -34.8848
   8200.00   -35.2600
   8210.00   -35.0062
   8220.00   -34.6510
   8230.00   -35.2332
   8240.00   -34.6373
   8250.00   -35.2128
   8260.00   -34.6612
   8270.00   -35.5461
   8280.00   -34.9392
   8290.00   -35.1151
   8300.00   -35.1731
   8310.00   -34.5618
   8320.00   -35.2384
   8330.00   -34.7659
   8340.00   -34.9835
   8350.00   -34.7473
   8360.00   -35.0962
   8370.00   -35.0004
   8380.00   -35.3111
   8390.00   -35.3671
   8400.00   -34.7701
   8410.00   -34.6402
   8420.00   -34.8664
   8430.00   -35.1557
   8440.00   -35.2469
   8450.00   -34.4126
   8460.00   -35.6651
   8470.00   -35.3227
   8480.00   -34.7716
   8490.00   -35.1478
   8500.00   -34.8765
   8510.00   -34.9826
   8520.00   -34.7469
   8530.00   -35.1524
   8540.00   -35.2244
   8550.00   -34.9438
   8560.00   -35.3640
   8570.00   -34.9332
   8580.00   -35.7413
   8590.00   -34.6097
   8600.00   -34.9619
   8610.00   -35.0360
   8620.00   -35.0235
   8630.00   -34.6231
   8640.00   -34.6001
   8650.00   -34.8590
   8660.00   -35.2344
   8670.00   -34.5612
   8680.00   -34.8287
   8690.00   -35.0820
   8700.00   -34.5675
   8710.00   -34.4921
   8720.00   -34.8479
   8730.00   -34.9840
   8740.00   -35.2463
   8750.00   -34.5153
   8760.00   -35.0106
   8770.00   -35.3322
   8780.00   -35.2220
   8790.00   -35.0801
   8800.00   -34.9056
   8810.00   -34.6678
   8820.00   -35.1209
   8830.00   -34.9752
   8840.00   -34.4516
   8850.00   -35.1451
   8860.00   -35.0251
   8870.00   -35.3827
   8880.00   -35.2592
   8890.00   -35.0289
   8900.00   -34.9558
   8910.00   -35.4617
   8920.00   -35.2120
   8930.00   -35.1252
   8940.00   -35.4390
   8950.00   -34.9322
   8960.00   -35.0490
   8970.00   -34.6657
   8980.00   -35.1040
   8990.00   -34.8908
   9000.00   -34.8407
   9010.00   -35.2599
   9020.00   -34.5761
   9030.00   -35.0251
   9040.00   -34.7978
   9050.00   -34.6253
   9060.00   -34.8687
   9070.00   -35.6067
   9080.00   -34.9525
   9090.00   -35.3678
   9100.00   -35.2513
   9110.00   -35.2521
   9120.00   -34.3743
   9130.00   -34.4902
   9140.00   -34.8857
   9150.00   -35.1471
   9160.00   -34.3492
   9170.00   -35.6000
   9180.00   -34.6633
   9190.00   -35.0119
   9200.00   -34.9164
   9210.00   -34.9689
   9220.00   -35.7217
   9230.00   -35.2477
   9240.00   -34.9818
   9250.00   -35.0435
   9260.00   -35.3746
   9270.00   -34.8218
   9280.00   -35.2197
   9290.00   -34.9492
   9300.00   -34.5248
   9310.00   -35.5034
   9320.00   -35.1406
   9330.00   -35.2150
   9340.00   -34.8235
   9350.00   -34.8317
   9360.00   -35.1278
   9370.00   -35.0246
   9380.00   -34.3226
   9390.00   -34.7517
   9400.00   -35.9464
   9410.00   -35.0662
   9420.00   -34.8555
   9430.00   -35.2453
   9440.00   -35.0018
   9450.00   -34.9620
   9460.00   -35.3304
   9470.00   -35.1865
   9480.00   -35.1530
   9490.00   -34.8837
   9500.00   -35.1249
   9510.00   -35.5271
   9520.00   -34.7252
   9530.00   -34.8051
   9540.00   -35.0622
   9550.00   -34.7493
   9560.00   -35.0720
   9570.00   -34.6176
   9580.00   -35.0865
   9590.00   -35.2244
   9600.00   -34.6333
   9610.00   -34.8278
   9620.00   -35.5329
   9630.00   -35.2629
   9640.00   -34.9825
   9650.00   -35.2209
   9660.00   -34.9443
   9670.00   -34.8813
   9680.00   -35.2014
   9690.00   -35.1723
   9700.00   -34.8037
   9710.00   -35.4370
   9720.00   -34.5775
   9730.00   -35.1548
   9740.00   -34.9656
   9750.00   -34.9390
   9760.00   -35.1464
   9770.00   -35.5551
   9780.00   -35.0989
   9790.00   -34.4159
   9800.00   -35.1561
   9810.00   -34.9238
   9820.00   -34.5169
   9830.00   -35.4045
   9840.00   -34.8451
   9850.00   -34.6762
   9860.00   -35.1304
   9870.00   -35.0267
   9880.00   -34.9515
   9890.00   -35.0758
   9900.00   -35.1818
   9910.00   -34.9511
   9920.00   -34.7450
   9930.00   -35.7018
   9940.00   -35.2476
   9950.00   -35.0550
   9960.00   -35.0476
   9970.00   -35.0474
   9980.00   -34.8940
   9990.00   -34.8900
  10000.00   -34.8587
  10010.00   -34.7427
  10020.00   -35.7975
  10030.00   -34.9739
  10040.00   -34.7946
  10050.00   -34.7710
  10060.00   -35.0960
  10070.00   -34.7856
  10080.00   -35.1459
  10090.00   -34.9686
  10100.00   -35.3458
  10110.00   -35.0212
  10120.00   -35.0364
  10130.00   -35.1200
  10140.00   -34.7127
  10150.00   -35.7382
  10160.00   -35.3439
  10170.00   -34.6052
  10180.00   -34.6391
  10190.00   -34.8173
  10200.00   -34.7497
  10210.00   -35.0897
  10220.00   -34.8254
  10230.00   -34.3284
  10240.00   -34.9117
  10250.00   -34.4333
  10260.00   -35.3702
  10270.00   -34.6575
  10280.00   -35.1017
  10290.00   -34.6543
  10300.00   -35.2834
  10310.00   -35.2649
  10320.00   -35.0072
  10330.00   -35.4291
  10340.00   -34.8145
  10350.00   -34.6701
  10360.00   -35.4272
  10370.00   -35.1543
  10380.00   -34.7974
  10390.00   -35.0999
  10400.00   -35.3073
  10410.00   -34.9179
  10420.00   -35.0302
  10430.00   -34.9061
  10440.00   -34.9683
  10450.00   -35.2894
  10460.00   -34.7917
  10470.00   -35.0459
  10480.00   -35.1551
  10490.00   -34.9605
  10500.00   -34.8654
  10510.00   -34.8728
  10520.00   -34.5006
  10530.00   -34.8308
  10540.00   -35.1224
  10550.00   -34.9718
  10560.00   -35.1473
  10570.00   -35.2618
  10580.00   -34.8338
  10590.00   -34.9754
  10600.00   -35.0226
  10610.00   -35.1221
  10620.00   -34.8637
  10630.00   -35.1292
  10640.00   -35.6698
  10650.00   -34.5592
  10660.00   -34.9184
  10670.00   -35.2508
  10680.00   -35.1097
  10690.00   -34.7439
  10700.00   -35.4019
  10710.00   -34.9129
  10720.00   -34.5218
  10730.00   -35.1492
  10740.00   -35.1278
  10750.00   -34.4028
  10760.00   -35.0129
  10770.00   -35.2332
  10780.00   -35.4817
  10790.00   -35.0476
  10800.00   -35.0320
  10810.00   -34.9768
  10820.00   -35.3844
  10830.00   -35.7771
  10840.00   -35.0899
  10850.00   -35.2025
  10860.00   -35.1189
  10870.00   -35.6797
  10880.00   -34.6507
  10890.00   -35.2228
  10900.00   -34.7772
  10910.00   -34.5743
  10920.00   -35.1034
  10930.00   -35.6097
  10940.00   -34.6226
  10950.00   -35.2283
  10960.00   -34.6665
  10970.00   -34.8921
  10980.00   -34.8939
  10990.00   -35.0113
  11000.00   -34.7933
  11010.00   -34.8568
  11020.00   -35.2432
  11030.00   -34.7569
  11040.00   -34.8313
  11050.00   -34.4871
  11060.00   -34.9858
  11070.00   -35.0775
  11080.00   -34.7525
  11090.00   -35.0177
  11100.00   -34.6256
  11110.00   -34.7755
  11120.00   -34.5418
  11130.00   -35.3059
  11140.00   -34.6755
  11150.00   -35.3143
  11160.00   -35.5163
  11170.00   -34.7192
  11180.00   -35.6622
  11190.00   -34.6628
  11200.00   -34.9620
  11210.00   -35.1433
  11220.00   -35.0884
  11230.00   -34.8954
  11240.00   -35.1228
  11250.00   -35.0700
  11260.00   -35.2970
  11270.00   -35.2276
  11280.00   -35.0347
  11290.00   -34.6764
  11300.00   -35.0920
  11310.00   -34.7644
  11320.00   -35.6102
  11330.00   -35.0834
  11340.00   -35.2555
  11350.00   -34.5177
  11360.00   -35.3237
  11370.00   -34.9970
  11380.00   -35.5883
  11390.00   -34.8273
  11400.00   -35.4506
  11410.00   -34.8173
  11420.00   -35.3246
  11430.00   -35.0671
  11440.00   -34.7868
  11450.00   -34.7796
  11460.00   -35.1322
  11470.00   -35.2485
  11480.00   -35.1531
  11490.00   -34.6698
  11500.00   -34.8580
  11510.00   -34.6364
  11520.00   -34.9665
  11530.00   -34.7888
  11540.00   -35.0630
  11550.00   -35.0876
  11560.00   -35.2796
  11570.00   -35.4045
  11580.00   -34.8929
  11590.00   -35.6703
  11600.00   -35.3267
  11610.00   -34.7382
  11620.00   -34.8808
  11630.00   -35.3281
  11640.00   -35.1472
  11650.00   -35.1084
  11660.00   -34.5038
  11670.00   -35.2866
  11680.00   -35.1052
  11690.00   -35.0817
  11700.00   -34.2282
  11710.00   -34.9467
  11720.00   -35.3255
  11730.00   -34.7026
  11740.00   -34.8717
  11750.00   -35.4137
  11760.00   -34.7371
  11770.00   -34.3109
  11780.00   -34.7418
  11790.00   -34.8417
  11800.00   -34.7483
  11810.00   -34.8634
  11820.00   -35.2081
  11830.00   -34.9985
  11840.00   -35.0974
  11850.00   -35.3538
  11860.00   -35.0971
  11870.00   -35.4050
  11880.00   -35.5143
  11890.00   -35.6520
  11900.00   -35.0322
  11910.00   -34.6739
  11920.00   -35.4153
  11930.00   -34.8333
  11940.00   -35.0207
  11950.00   -35.2664
  11960.00   -34.8473
  11970.00   -34.8949
  11980.00   -35.4844
  11990.00   -34.9577
  12000.00   -34.6875
  12010.00   -35.1440
  12020.00   -35.2761
  12030.00   -35.5127
  12040.00   -35.4208
  12050.00   -35.3919
  12060.00   -34.1890
  12070.00   -35.1771
  12080.00   -34.9366
  12090.00   -35.3818
  12100.00   -35.0304
  12110.00   -34.9041
  12120.00   -34.6816
  12130.00   -34.7416
  12140.00   -35.2766
  12150.00   -35.0947
  12160.00   -35.1156
  12170.00   -34.9037
  12180.00   -35.0322
  12190.00   -34.7464
  12200.00   -34.7760
  12210.00   -35.0644
  12220.00   -35.0307
  12230.00   -35.2371
  12240.00   -35.0675
  12250.00   -35.0966
  12260.00   -34.9741
  12270.00   -35.3117
  12280.00   -34.5679
  12290.00   -35.2879
  12300.00   -34.6981
  12310.00   -34.8776
  12320.00   -35.0440
  12330.00   -34.8306
  12340.00   -34.6564
  12350.00   -34.8647
  12360.00   -35.0182
  12370.00   -34.6026
  12380.00   -35.2660
  12390.00   -35.0006
  12400.00   -35.0923
  12410.00   -34.9092
  12420.00   -34.8410
  12430.00   -35.0401
  12440.00   -35.4284
  12450.00   -34.6544
  12460.00   -35.3039
  12470.00   -34.8579
  12480.00   -35.0710
  12490.00   -34.6675
  12500.00   -34.6984
  12510.00   -34.7518
  12520.00   -34.5330
  12530.00   -35.5182
  12540.00   -34.7219
  12550.00   -34.7171
  12560.00   -34.4009
  12570.00   -35.2008
  12580.00   -34.8293
  12590.00   -34.5951
  12600.00   -34.7553
  12610.00   -35.4271
  12620.00   -35.3820
  12630.00   -34.9981
  12640.00   -34.8885
  12650.00   -35.3087
  12660.00   -34.9265
  12670.00   -34.9307
  12680.00   -35.2233
  12690.00   -35.1266
  12700.00   -35.1426
  12710.00   -34.4891
  12720.00   -35.5173
  12730.00   -34.5283
  12740.00   -34.8128
  12750.00   -34.8478
  12760.00   -34.9697
  12770.00   -35.1546
  12780.00   -34.7585
  12790.00   -35.6096
  12800.00   -34.6653
  12810.00   -34.9296
  12820.00   -35.1262
  12830.00   -35.2854
  12840.00   -35.3002
  12850.00   -35.1459
  12860.00   -35.4500
  12870.00   -35.5063
  12880.00   -35.2063
  12890.00   -35.5477
  12900.00   -35.2765
  12910.00   -35.1808
  12920.00   -35.2228
  12930.00   -35.1106
  12940.00   -34.9333
  12950.00   -34.8658
  12960.00   -35.3501
  12970.00   -34.7803
  12980.00   -35.0094
  12990.00   -34.7788
  13000.00   -35.1725
  13010.00   -34.8513
  13020.00   -34.7077
  13030.00   -35.0348
  13040.00   -35.2844
  13050.00   -35.1107
  13060.00   -34.7444
  13070.00   -34.7243
  13080.00   -34.2502
  13090.00   -34.9857
  13100.00   -34.3838
  13110.00   -34.8535
  13120.00   -35.1552
  13130.00   -34.8862
  13140.00   -34.6811
  13150.00   -35.1774
  13160.00   -35.3864
  13170.00   -35.3937
  13180.00   -34.8724
  13190.00   -34.5325
  13200.00   -34.9482
  13210.00   -34.3965
  13220.00   -34.8800
  13230.00   -34.9649
  13240.00   -35.1949
  13250.00   -34.5050
  13260.00   -35.1526
  13270.00   -35.0917
  13280.00   -34.7021
  13290.00   -34.8015
  13300.00   -35.1172
  13310.00   -34.4593
  13320.00   -35.0582
  13330.00   -34.9931
  13340.00   -34.7519
  13350.00   -34.8687
  13360.00   -35.3725
  13370.00   -35.0935
  13380.00   -34.8604
  13390.00   -35.3135
  13400.00   -34.8638
  13410.00   -35.2779
  13420.00   -35.1495
  13430.00   -34.8850
  13440.00   -35.0317
  13450.00   -35.6349
  13460.00   -34.6335
  13470.00   -34.9816
  13480.00   -35.5386
  13490.00   -34.5214
  13500.00   -34.9677
  13510.00   -34.3694
  13520.00   -35.4205
  13530.00   -35.3504
  13540.00   -34.8924
  13550.00   -35.7321
  13560.00   -35.0276
  13570.00   -34.9169
  13580.00   -34.9325
  13590.00   -35.0068
  13600.00   -34.8666
  13610.00   -35.3829
  13620.00   -35.0917
  13630.00   -35.4714
  13640.00   -34.7590
  13650.00   -34.7387
  13660.00   -35.2045
  13670.00   -34.9572
  13680.00   -35.1837
  13690.00   -34.7719
  13700.00   -34.3160
  13710.00   -35.2150
  13720.00   -34.5517
  13730.00   -34.5068
  13740.00   -35.0427
  13750.00   -34.8748
  13760.00   -35.2715
  13770.00   -34.9613
  13780.00   -34.7831
  13790.00   -35.1095
  13800.00   -35.5334
  13810.00   -34.7967
  13820.00   -34.9645
  13830.00   -34.6881
  13840.00   -35.3423
  13850.00   -34.7551
  13860.00   -35.0002
  13870.00   -34.5296
  13880.00   -35.0931
  13890.00   -35.0064
  13900.00   -34.6150
  13910.00   -34.2035
  13920.00   -35.1239
  13930.00   -35.0014
  13940.00   -35.1072
  13950.00   -34.9547
  13960.00   -35.0578
  13970.00   -34.3881
  13980.00   -35.4254
  13990.00   -34.7485
  14000.00   -34.8178
  14010.00   -34.9407
  14020.00   -34.8124
  14030.00   -34.6671
  14040.00   -35.1180
  14050.00   -34.7951
  14060.00   -34.9694
  14070.00   -34.7417
  14080.00   -34.6125
  14090.00   -35.1449
  14100.00   -34.5925
  14110.00   -35.0395
  14120.00   -34.6898
  14130.00   -34.8100
  14140.00   -35.0397
  14150.00   -35.0142
  14160.00   -35.4874
  14170.00   -34.9565
  14180.00   -34.7501
  14190.00   -35.0056
  14200.00   -35.6557
  14210.00   -34.7011
  14220.00   -34.9798
  14230.00   -35.4950
  14240.00   -34.9849
  14250.00   -35.0782
  14260.00   -35.5592
  14270.00   -35.0661
  14280.00   -34.6478
  14290.00   -34.5986
  14300.00   -35.2646
  14310.00   -35.1684
  14320.00   -35.3506
  14330.00   -35.2314
  14340.00   -34.7223
  14350.00   -35.2455
  14360.00   -35.3266
  14370.00   -35.4818
  14380.00   -35.6904
  14390.00   -35.3089
  14400.00   -35.1660
  14410.00   -35.5306
  14420.00   -35.2536
  14430.00   -35.2124
  14440.00   -35.2448
  14450.00   -34.8129
  14460.00   -35.1169
  14470.00   -34.8539
  14480.00   -34.8837
  14490.00   -34.9254
  14500.00   -35.1311
  14510.00   -34.6035
  14520.00   -34.8574
  14530.00   -35.1611
  14540.00   -34.8399
  14550.00   -35.2752
  14560.00   -34.6320
  14570.00   -35.0481
  14580.00   -34.7865
  14590.00   -35.1616
  14600.00   -34.8473
  14610.00   -35.1252
  14620.00   -35.1419
  14630.00   -35.0329
  14640.00   -34.9771
  14650.00   -35.0026
  14660.00   -34.9056
  14670.00   -35.1662
  14680.00   -35.5934
  14690.00   -34.8878
  14700.00   -35.3021
  14710.00   -34.8489
  14720.00   -34.5038
  14730.00   -35.2405
  14740.00   -34.7551
  14750.00   -34.5650
  14760.00   -34.7225
  14770.00   -34.5395
  14780.00   -34.9102
  14790.00   -35.3763
  14800.00   -34.9362
  14810.00   -34.9963
  14820.00   -34.6018
  14830.00   -34.9475
  14840.00   -35.1131
  14850.00   -34.9899
  14860.00   -35.2915
  14870.00   -34.9423
  14880.00   -35.2237
  14890.00   -35.3952
  14900.00   -35.2868
  14910.00   -34.6724
  14920.00   -35.4263
  14930.00   -34.7505
  14940.00   -34.9937
  14950.00   -34.9649
  14960.00   -34.5998
  14970.00   -34.4757
  14980.00   -34.9201
  14990.00   -34.9318
  15000.00   -35.0479
  15010.00   -34.6314
  15020.00   -34.6235
  15030.00   -35.1256
  15040.00   -35.1162
  15050.00   -35.0785
  15060.00   -34.7708
  15070.00   -34.6741
  15080.00   -34.8826
  15090.00   -35.1085
  15100.00   -35.2149
  15110.00   -35.0673
  15120.00   -34.9805
  15130.00   -34.9331
  15140.00   -34.6350
  15150.00   -35.2474
  15160.00   -34.7535
  15170.00   -34.5073
  15180.00   -35.0022
  15190.00   -35.2088
  15200.00   -35.1949
  15210.00   -35.0421
  15220.00   -34.7985
  15230.00   -34.9701
  15240.00   -34.8777
  15250.00   -35.3476
  15260.00   -34.8382
  15270.00   -34.7194
  15280.00   -34.7539
  15290.00   -35.2922
  15300.00   -34.9901
  15310.00   -35.0204
  15320.00   -35.3110
  15330.00   -34.8867
  15340.00   -35.0720
  15350.00   -35.0156
  15360.00   -35.0763
  15370.00   -35.1369
  15380.00   -34.8685
  15390.00   -34.9662
  15400.00   -35.1716
  15410.00   -35.3798
  15420.00   -35.1322
  15430.00   -34.6951
  15440.00   -35.2695
  15450.00   -34.6393
  15460.00   -35.0033
  15470.00   -35.1262
  15480.00   -35.2714
  15490.00   -35.0468
  15500.00   -34.7592
  15510.00   -34.8473
  15520.00   -35.1086
  15530.00   -35.3633
  15540.00   -35.0710
  15550.00   -34.9801
  15560.00   -34.8978
  15570.00   -34.9870
  15580.00   -34.9736
  15590.00   -34.7107
  15600.00   -34.9173
  15610.00   -35.0972
  15620.00   -35.3600
  15630.00   -34.5728
  15640.00   -34.5403
  15650.00   -34.4066
  15660.00   -35.0094
  15670.00   -35.0469
  15680.00   -34.8793
  15690.00   -34.9651
  15700.00   -34.6721
  15710.00   -35.1652
  15720.00   -35.2131
  15730.00   -35.0939
  15740.00   -35.2815
  15750.00   -35.3869
  15760.00   -35.0240
  15770.00   -34.5342
  15780.00   -35.9545
  15790.00   -35.6123
  15800.00   -34.9959
  15810.00   -34.8473
  15820.00   -34.5478
  15830.00   -34.7513
  15840.00   -34.9118
  15850.00   -35.2101
  15860.00   -34.7364
  15870.00   -34.8892
  15880.00   -35.3710
  15890.00   -34.9430
  15900.00   -35.0303
  15910.00   -35.2716
  15920.00   -35.0037
  15930.00   -35.5252
  15940.00   -34.4937
  15950.00   -34.9783
  15960.00   -34.5898
  15970.00   -34.9766
  15980.00   -34.8079
  15990.00   -35.1149
  16000.00   -34.7612
  16010.00   -35.6007
  16020.00   -35.1927
  16030.00   -34.9549
  16040.00   -34.7149
  16050.00   -35.3836
  16060.00   -35.1528
  16070.00   -34.7870
  16080.00   -35.3437
  16090.00   -35.2861
  16100.00   -34.8476
  16110.00   -35.6684
  16120.00   -34.5125
  16130.00   -35.2616
  16140.00   -34.7763
  16150.00   -34.6740
  16160.00   -34.7378
  16170.00   -35.0210
  16180.00   -34.9499
  16190.00   -35.4211
  16200.00   -35.4680
  16210.00   -34.9801
  16220.00   -34.8403
  16230.00   -34.8600
  16240.00   -34.2793
  16250.00   -35.0530
  16260.00   -34.8807
  16270.00   -35.0211
  16280.00   -34.8211
  16290.00   -35.4441
  16300.00   -35.0703
  16310.00   -34.9068
  16320.00   -34.9573
  16330.00   -35.1493
  16340.00   -34.9738
  16350.00   -35.0212
  16360.00   -35.5325
  16370.00   -34.8739
  16380.00   -34.6970
  16390.00   -34.7179
  16400.00   -34.8374
  16410.00   -34.3135
  16420.00   -35.0296
  16430.00   -35.0130
  16440.00   -34.7668
  16450.00   -34.7732
  16460.00   -35.5373
  16470.00   -35.1861
  16480.00   -34.9565
  16490.00   -34.5754
  16500.00   -34.8981
  16510.00   -34.2757
  16520.00   -35.6465
  16530.00   -35.2541
  16540.00   -34.8555
  16550.00   -34.9833
  16560.00   -34.7926
  16570.00   -35.6699
  16580.00   -34.8335
  16590.00   -35.3680
  16600.00   -34.8878
  16610.00   -35.4374
  16620.00   -34.7672
  16630.00   -35.6439
  16640.00   -35.3517
  16650.00   -35.2233
  16660.00   -34.9859
  16670.00   -34.9383
  16680.00   -35.2143
  16690.00   -34.8512
  16700.00   -34.9842
  16710.00   -35.3210
  16720.00   -34.6822
  16730.00   -35.3769
  16740.00   -35.4542
  16750.00   -34.5187
  16760.00   -34.9159
  16770.00   -35.3778
  16780.00   -34.6364
  16790.00   -34.9036
  16800.00   -35.2902
  16810.00   -34.5020
  16820.00   -34.5324
  16830.00   -34.7569
  16840.00   -34.8712
  16850.00   -34.8930
  16860.00   -34.5994
  16870.00   -35.2014
  16880.00   -34.7260
  16890.00   -35.1817
  16900.00   -34.9631
  16910.00   -34.7165
  16920.00   -35.1233
  16930.00   -34.7954
  16940.00   -35.0735
  16950.00   -35.2327
  16960.00   -34.9816
  16970.00   -34.9918
  16980.00   -35.1877
  16990.00   -34.7434
  17000.00   -34.7915
  17010.00   -34.5489
  17020.00   -35.3264
  17030.00   -34.9388
  17040.00   -34.6308
  17050.00   -35.3488
  17060.00   -35.2972
  17070.00   -35.1711
  17080.00   -34.8372
  17090.00   -34.7468
  17100.00   -34.9291
  17110.00   -35.4037
  17120.00   -34.5258
  17130.00   -34.5788
  17140.00   -34.8086
  17150.00   -34.5962
  17160.00   -34.7739
  17170.00   -35.4051
  17180.00   -35.0532
  17190.00   -34.8835
  17200.00   -34.9240
  17210.00   -35.0372
  17220.00   -35.3147
  17230.00   -34.9635
  17240.00   -34.8250
  17250.00   -35.1687
  17260.00   -35.0638
  17270.00   -35.2760
  17280.00   -35.1408
  17290.00   -34.8367
  17300.00   -35.0178
  17310.00   -34.9004
  17320.00   -34.8820
  17330.00   -34.4836
  17340.00   -35.2872
  17350.00   -34.6214
  17360.00   -35.0593
  17370.00   -34.9601
  17380.00   -35.1429
  17390.00   -34.4803
  17400.00   -34.7041
  17410.00   -35.3221
  17420.00   -34.5658
  17430.00   -35.2226
  17440.00   -35.1040
  17450.00   -34.7351
  17460.00   -35.4154
  17470.00   -35.1551
  17480.00   -34.7730
  17490.00   -35.4973
  17500.00   -35.2269
  17510.00   -34.7180
  17520.00   -35.0381
  17530.00   -34.6094
  17540.00   -34.8883
  17550.00   -34.7161
  17560.00   -34.7414
  17570.00   -34.6794
  17580.00   -35.2170
  17590.00   -35.1291
  17600.00   -35.1484
  17610.00   -35.3572
  17620.00   -35.3780
  17630.00   -35.0861
  17640.00   -34.5609
  17650.00   -34.9075
  17660.00   -35.1700
  17670.00   -34.3171
  17680.00   -35.4126
  17690.00   -35.4353
  17700.00   -35.0385
  17710.00   -35.1270
  17720.00   -34.8424
  17730.00   -35.1325
  17740.00   -35.0993
  17750.00   -35.6062
  17760.00   -34.8596
  17770.00   -34.7630
  17780.00   -35.1765
  17790.00   -35.3034
  17800.00   -34.9683
  17810.00   -35.2023
  17820.00   -34.9143
  17830.00   -34.9427
  17840.00   -35.2197
  17850.00   -34.8417
  17860.00   -35.2031
  17870.00   -34.6491
  17880.00   -35.0420
  17890.00   -34.8874
  17900.00   -35.1279
  17910.00   -35.1969
  17920.00   -35.1365
  17930.00   -35.1121
  17940.00   -35.3612
  17950.00   -34.9559
  17960.00   -35.2209
  17970.00   -34.7782
  17980.00   -35.1468
  17990.00   -34.9741
  18000.00   -34.7949
  18010.00   -35.5529
  18020.00   -34.9186
  18030.00   -35.1616
  18040.00   -34.7132
  18050.00   -34.8576
  18060.00   -34.7779
  18070.00   -35.0431
  18080.00   -34.7381
  18090.00   -35.1459
  18100.00   -34.8707
  18110.00   -35.0743
  18120.00   -34.9140
  18130.00   -34.5194
  18140.00   -35.1454
  18150.00   -35.1118
  18160.00   -34.5425
  18170.00   -35.3932
  18180.00   -35.0760
  18190.00   -35.0069
  18200.00   -34.6242
  18210.00   -34.2810
  18220.00   -34.7445
  18230.00   -34.8617
  18240.00   -34.9402
  18250.00   -35.0141
  18260.00   -34.9384
  18270.00   -35.2675
  18280.00   -34.7711
  18290.00   -35.0120
  18300.00   -35.4230
  18310.00   -34.9865
  18320.00   -34.5044
  18330.00   -35.3267
  18340.00   -35.5274
  18350.00   -35.1604
  18360.00   -34.9718
  18370.00   -35.4014
  18380.00   -35.1194
  18390.00   -35.2052
  18400.00   -35.2391
  18410.00   -35.7936
  18420.00   -35.4647
  18430.00   -34.7572
  18440.00   -35.3069
  18450.00   -35.0255
  18460.00   -34.8643
  18470.00   -34.9740
  18480.00   -35.1447
  18490.00   -34.6938
  18500.00   -34.8974
  18510.00   -35.1717
  18520.00   -34.3547
  18530.00   -35.1271
  18540.00   -35.1769
  18550.00   -34.9916
  18560.00   -35.4034
  18570.00   -34.8201
  18580.00   -35.3373
  18590.00   -34.6689
  18600.00   -34.9647
  18610.00   -34.8698
  18620.00   -34.8394
  18630.00   -34.7319
  18640.00   -34.9805
  18650.00   -35.0257
  18660.00   -34.9114
  18670.00   -34.8099
  18680.00   -34.9686
  18690.00   -35.0353
  18700.00   -34.9928
  18710.00   -34.7184
  18720.00   -35.0103
  18730.00   -34.9414
  18740.00   -35.0588
  18750.00   -34.9781
  18760.00   -35.0039
  18770.00   -34.8532
  18780.00   -35.4667
  18790.00   -35.2676
  18800.00   -35.1991
  18810.00   -34.7714
  18820.00   -34.9981
  18830.00   -35.5942
  18840.00   -34.6149
  18850.00   -35.2401
  18860.00   -35.0289
  18870.00   -34.7753
  18880.00   -34.7494
  18890.00   -34.4883
  18900.00   -35.3513
  18910.00   -35.1308
  18920.00   -35.0983
  18930.00   -34.9457
  18940.00   -34.9466
  18950.00   -34.8914
  18960.00   -34.8612
  18970.00   -35.0945
  18980.00   -35.2625
  18990.00   -34.9293
  19000.00   -34.3634
  19010.00   -34.9745
  19020.00   -35.0884
  19030.00   -34.8078
  19040.00   -34.8072
  19050.00   -35.2016
  19060.00   -35.3839
  19070.00   -35.4294
  19080.00   -35.3113
  19090.00   -35.2533
  19100.00   -35.0062
  19110.00   -34.8896
  19120.00   -35.4787
  19130.00   -35.0863
  19140.00   -34.6281
  19150.00   -34.5214
  19160.00   -35.4145
  19170.00   -35.1262
  19180.00   -35.1904
  19190.00   -34.8852
  19200.00   -34.8944
  19210.00   -34.7757
  19220.00   -34.8839
  19230.00   -34.7327
  19240.00   -35.0271
  19250.00   -35.5733
  19260.00   -35.0883
  19270.00   -35.3905
  19280.00   -34.9557
  19290.00   -35.2097
  19300.00   -34.7670
  19310.00   -34.8538
  19320.00   -35.3068
  19330.00   -35.0675
  19340.00   -35.0566
  19350.00   -34.8493
  19360.00   -34.9986
  19370.00   -34.6573
  19380.00   -35.1934
  19390.00   -35.6034
  19400.00   -35.1033
  19410.00   -35.4121
  19420.00   -35.1500
  19430.00   -35.0982
  19440.00   -35.1974
  19450.00   -34.8698
  19460.00   -34.7314
  19470.00   -34.7390
  19480.00   -35.6645
  19490.00   -34.6329
  19500.00   -34.8366
  19510.00   -34.8172
  19520.00   -34.8810
  19530.00   -35.3603
  19540.00   -35.2061
  19550.00   -34.7617
  19560.00   -34.6459
  19570.00   -34.7928
  19580.00   -34.8377
  19590.00   -34.5032
  19600.00   -35.4935
  19610.00   -35.0325
  19620.00   -34.5464
  19630.00   -35.2546
  19640.00   -35.4180
  19650.00   -35.0939
  19660.00   -35.1487
  19670.00   -35.0349
  19680.00   -35.3151
  19690.00   -35.1453
  19700.00   -35.0164
  19710.00   -35.0029
  19720.00   -34.7550
  19730.00   -34.8061
  19740.00   -35.1811
  19750.00   -35.2801
  19760.00   -34.6254
  19770.00   -35.3177
  19780.00   -35.4028
  19790.00   -35.1068
  19800.00   -34.5898
  19810.00   -35.1556
  19820.00   -35.0687
  19830.00   -34.6257
  19840.00   -34.9158
  19850.00   -35.2523
  19860.00   -34.8532
  19870.00   -34.9258
  19880.00   -35.1659
  19890.00   -34.6763
  19900.00   -34.7696
  19910.00   -34.9882
  19920.00   -35.5335
  19930.00   -34.5299
  19940.00   -35.1236
  19950.00   -35.0384
  19960.00   -35.1804
  19970.00   -35.0475
  19980.00   -34.9938
  19990.00   -34.8724
  20000.00   -34.8119
  20010.00   -35.1453
  20020.00   -35.2987
  20030.00   -35.3245
  20040.00   -35.3464
  20050.00   -34.6950
  20060.00   -35.2957
  20070.00   -35.1985
  20080.00   -34.7909
  20090.00   -34.6223
  20100.00   -35.2637
  20110.00   -35.1388
  20120.00   -35.3740
  20130.00   -35.1064
  20140.00   -34.2098
  20150.00   -34.7873
  20160.00   -34.6761
  20170.00   -34.9473
  20180.00   -34.9269
  20190.00   -34.8214
  20200.00   -35.5893
  20210.00   -34.8597
  20220.00   -34.8828
  20230.00   -34.6990
  20240.00   -34.9758
  20250.00   -34.9410
  20260.00   -34.7352
  20270.00   -35.6169
  20280.00   -34.7255
  20290.00   -34.8990
  20300.00   -35.6991
  20310.00   -35.0729
  20320.00   -35.0081
  20330.00   -34.5887
  20340.00   -35.1031
  20350.00   -35.0373
  20360.00   -34.7949
  20370.00   -35.1941
  20380.00   -34.8788
  20390.00   -34.5187
  20400.00   -35.0902
  20410.00   -35.0921
  20420.00   -35.0093
  20430.00   -35.1955
  20440.00   -34.5287
  20450.00   -35.4653
  20460.00   -34.7179
  20470.00   -34.8891
  20480.00   -34.8943
  20490.00   -34.9444
  20500.00   -35.1663
  20510.00   -34.8593
  20520.00   -35.1265
  20530.00   -34.9929
  20540.00   -34.9330
  20550.00   -34.6609
  20560.00   -35.0619
  20570.00   -34.8084
  20580.00   -34.5143
  20590.00   -35.0625
  20600.00   -34.9936
  20610.00   -35.0818
  20620.00   -34.7189
  20630.00   -35.1811
  20640.00   -34.8248
  20650.00   -35.2327
  20660.00   -34.6731
  20670.00   -34.5494
  20680.00   -34.3324
  20690.00   -35.2906
  20700.00   -34.9202
  20710.00   -34.8959
  20720.00   -34.3426
  20730.00   -34.9805
  20740.00   -35.1592
  20750.00   -35.1352
  20760.00   -34.7936
  20770.00   -35.0096
  20780.00   -34.7844
  20790.00   -35.2043
  20800.00   -35.2934
  20810.00   -35.0008
  20820.00   -35.3818
  20830.00   -34.8365
  20840.00   -35.2337
  20850.00   -34.6668
  20860.00   -35.2934
  20870.00   -35.3767
  20880.00   -34.7342
  20890.00   -34.8433
  20900.00   -34.9160
  20910.00   -35.2528
  20920.00   -35.0891
  20930.00   -35.1633
  20940.00   -35.4929
  20950.00   -34.8812
  20960.00   -34.8460
  20970.00   -34.8202
  20980.00   -35.0235
  20990.00   -34.8029
  21000.00   -34.9872
  21010.00   -34.6171
  21020.00   -35.1910
  21030.00   -34.7341
  21040.00   -35.0229
  21050.00   -35.1085
  21060.00   -34.8828
  21070.00   -35.3606
  21080.00   -35.0800
  21090.00   -35.3934
  21100.00   -34.9665
  21110.00   -35.1636
  21120.00   -35.0973
  21130.00   -34.7213
  21140.00   -34.5917
  21150.00   -34.5841
  21160.00   -35.0772
  21170.00   -35.2457
  21180.00   -35.0853
  21190.00   -34.9985
  21200.00   -34.5931
  21210.00   -34.9115
  21220.00   -34.8738
  21230.00   -34.6761
  21240.00   -34.6499
  21250.00   -34.9857
  21260.00   -34.8722
  21270.00   -34.3714
  21280.00   -34.8338
  21290.00   -35.4033
  21300.00   -35.1877
  21310.00   -34.8867
  21320.00   -35.1065
  21330.00   -35.2101
  21340.00   -34.8367
  21350.00   -34.5723
  21360.00   -35.4015
  21370.00   -34.9358
  21380.00   -34.6920
  21390.00   -35.1240
  21400.00   -34.9217
  21410.00   -34.7229
  21420.00   -35.1863
  21430.00   -34.9266
  21440.00   -35.2535
  21450.00   -34.6536
  21460.00   -34.9164
  21470.00   -35.0549
  21480.00   -35.3402
  21490.00   -34.7255
  21500.00   -35.2450
  21510.00   -34.4598
  21520.00   -35.0163
  21530.00   -35.1945
  21540.00   -34.7945
  21550.00   -34.7604
  21560.00   -35.1013
  21570.00   -34.8434
  21580.00   -34.7150
  21590.00   -35.3290
  21600.00   -35.2043
  21610.00   -35.6223
  21620.00   -34.9697
  21630.00   -34.9437
  21640.00   -34.6760
  21650.00   -35.3234
  21660.00   -35.0303
  21670.00   -35.1116
  21680.00   -35.2299
  21690.00   -34.7265
  21700.00   -34.9667
  21710.00   -35.3741
  21720.00   -35.4110
  21730.00   -34.8727
  21740.00   -35.2216
  21750.00   -35.0509
  21760.00   -34.6885
  21770.00   -35.2341
  21780.00   -35.0977
  21790.00   -34.8777
  21800.00   -35.0176
  21810.00   -34.9576
  21820.00   -34.5659
  21830.00   -35.2488
  21840.00   -34.8468
  21850.00   -35.4052
  21860.00   -34.8121
  21870.00   -34.5924
  21880.00   -34.9685
  21890.00   -34.5244
  21900.00   -35.7129
  21910.00   -34.8994
  21920.00   -35.0396
  21930.00   -35.0284
  21940.00   -34.8212
  21950.00   -34.6270
  21960.00   -34.9221
  21970.00   -35.1219
  21980.00   -35.3461
  21990.00   -34.9808
  22000.00   -34.7199
  22010.00   -35.3563
  22020.00   -35.0539
  22030.00   -35.0353
  22040.00   -34.6843
  22050.00   -34.9676
  22060.00   -34.9382
  22070.00   -34.7937
  22080.00   -35.0886
  22090.00   -35.2326
  22100.00   -34.8714
  22110.00   -34.9804
  22120.00   -35.3909
  22130.00   -35.1201
  22140.00   -35.3427
  22150.00   -35.1292
  22160.00   -35.1067
  22170.00   -34.7572
  22180.00   -34.8432
  22190.00   -35.4812
  22200.00   -35.1842
  22210.00   -35.1884
  22220.00   -35.2698
  22230.00   -34.9679
  22240.00   -35.4659
  22250.00   -35.0634
  22260.00   -34.8061
  22270.00   -35.0030
  22280.00   -34.8639
  22290.00   -34.7208
  22300.00   -35.1465
  22310.00   -34.8270
  22320.00   -34.9566
  22330.00   -34.6443
  22340.00   -34.8944
  22350.00   -35.0430
  22360.00   -34.6508
  22370.00   -34.9685
  22380.00   -34.9769
  22390.00   -35.0594
  22400.00   -35.1521
  22410.00   -35.0444
  22420.00   -34.9464
  22430.00   -34.9969
  22440.00   -34.5077
  22450.00   -34.4751
  22460.00   -35.2714
  22470.00   -35.3289
  22480.00   -35.4361
  22490.00   -34.8409
  22500.00   -35.1492
  22510.00   -34.9733
  22520.00   -34.3721
  22530.00   -35.0872
  22540.00   -34.8859
  22550.00   -34.4482
  22560.00   -35.0982
  22570.00   -35.2756
  22580.00   -35.0829
  22590.00   -35.2125
  22600.00   -35.4038
  22610.00   -35.4296
  22620.00   -35.2399
  22630.00   -35.0631
  22640.00   -34.6477
  22650.00   -34.9851
  22660.00   -34.4151
  22670.00   -35.7031
  22680.00   -34.6311
  22690.00   -35.7094
  22700.00   -34.9638
  22710.00   -34.8722
  22720.00   -35.1807
  22730.00   -35.1745
  22740.00   -34.5685
  22750.00   -35.0171
  22760.00   -35.1113
  22770.00   -35.6658
  22780.00   -34.7210
  22790.00   -34.6455
  22800.00   -35.1461
  22810.00   -34.7571
  22820.00   -34.3526
  22830.00   -35.3831
  22840.00   -35.2311
  22850.00   -34.8804
  22860.00   -34.8345
  22870.00   -35.2091
  22880.00   -35.4165
  22890.00   -35.3667
  22900.00   -35.2823
  22910.00   -35.3167
  22920.00   -35.3210
  22930.00   -34.9931
  22940.00   -35.2492
  22950.00   -35.2231
  22960.00   -35.0829
  22970.00   -34.3844
  22980.00   -35.2247
  22990.00   -34.5171
  23000.00   -34.8124
  23010.00   -34.9749
  23020.00   -35.7678
  23030.00   -35.0035
  23040.00   -34.9465
  23050.00   -35.1519
  23060.00   -34.8245
  23070.00   -35.3943
  23080.00   -34.7329
  23090.00   -34.9058
  23100.00   -34.7790
  23110.00   -35.2829
  23120.00   -35.6817
  23130.00   -35.4304
  23140.00   -34.8702
  23150.00   -35.4097
  23160.00   -35.3245
  23170.00   -35.2856
  23180.00   -34.7216
  23190.00   -34.3563
  23200.00   -35.1933
  23210.00   -34.7781
  23220.00   -34.5304
  23230.00   -34.6776
  23240.00   -35.0299
  23250.00   -35.0216
  23260.00   -35.2322
  23270.00   -35.0595
  23280.00   -35.1659
  23290.00   -35.5200
  23300.00   -35.1687
  23310.00   -35.3070
  23320.00   -34.5774
  23330.00   -34.9306
  23340.00   -35.1024
  23350.00   -35.0064
  23360.00   -34.2196
  23370.00   -35.2319
  23380.00   -34.8667
  23390.00   -34.7040
  23400.00   -34.6763
  23410.00   -34.7762
  23420.00   -34.7794
  23430.00   -34.9440
  23440.00   -35.0152
  23450.00   -34.9349
  23460.00   -34.6294
  23470.00   -34.6087
  23480.00   -34.6531
  23490.00   -34.7682
  23500.00   -34.8416
  23510.00   -35.6531
  23520.00   -35.0729
  23530.00   -35.0837
  23540.00   -34.7638
  23550.00   -35.4098
  23560.00   -35.1526
  23570.00   -35.1444
  23580.00   -35.1589
  23590.00   -35.1708
  23600.00   -34.5817
  23610.00   -35.0188
  23620.00   -34.9163
  23630.00   -34.8682
  23640.00   -35.3122
  23650.00   -35.1413
  23660.00   -34.8888
  23670.00   -35.1006
  23680.00   -34.7493
  23690.00   -35.0992
  23700.00   -35.2100
  23710.00   -35.0631
  23720.00   -35.1637
  23730.00   -35.2358
  23740.00   -34.7825
  23750.00   -34.8157
  23760.00   -34.5564
  23770.00   -35.4359
  23780.00   -34.5498
  23790.00   -35.1678
  23800.00   -34.9811
  23810.00   -35.0273
  23820.00   -35.1149
  23830.00   -34.9824
  23840.00   -34.9641
  23850.00   -35.4388
  23860.00   -34.9570
  23870.00   -34.5736
  23880.00   -35.1591
  23890.00   -34.7550
  23900.00   -35.3088
  23910.00   -35.1372
  23920.00   -34.8673
  23930.00   -35.0454
  23940.00   -35.2118
  23950.00   -35.1792
  23960.00   -35.5453
  23970.00   -34.9965
  23980.00   -34.4359
  23990.00   -35.0940
  24000.00   -35.3375
  24010.00   -34.7985
  24020.00   -35.0549
  24030.00   -34.6719
  24040.00   -34.8885
  24050.00   -35.4519
  24060.00   -34.7681
  24070.00   -34.8864
  24080.00   -35.2052
  24090.00   -35.1466
  24100.00   -35.1947
  24110.00   -34.9011
  24120.00   -35.0240
  24130.00   -34.8230
  24140.00   -35.0511
  24150.00   -34.7184
  24160.00   -35.2583
  24170.00   -34.7841
  24180.00   -34.9650
  24190.00   -35.0429
  24200.00   -35.1253
  24210.00   -34.6193
  24220.00   -34.8511
  24230.00   -35.0667
  24240.00   -34.5229
  24250.00   -35.1441
  24260.00   -34.9817
  24270.00   -35.1530
  24280.00   -35.0288
  24290.00   -35.0008
  24300.00   -34.8522
  24310.00   -34.8766
  24320.00   -34.6943
  24330.00   -35.2210
  24340.00   -34.8200
  24350.00   -35.1261
  24360.00   -34.9645
  24370.00   -35.2202
  24380.00   -34.4744
  24390.00   -35.0803
  24400.00   -35.0175
  24410.00   -35.1148
  24420.00   -35.3726
  24430.00   -34.7931
  24440.00   -35.0457
  24450.00   -35.0240
  24460.00   -34.6111
  24470.00   -35.2021
  24480.00   -35.1281
  24490.00   -34.4972
  24500.00   -34.6216
  24510.00   -34.8205
  24520.00   -35.1390
  24530.00   -34.8704
  24540.00   -34.7836
  24550.00   -35.0857
  24560.00   -35.1924
  24570.00   -35.1127
  24580.00   -34.8682
  24590.00   -35.3011
  24600.00   -34.6381
  24610.00   -35.4222
  24620.00   -35.0407
  24630.00   -35.0401
  24640.00   -35.3167
  24650.00   -35.1274
  24660.00   -34.6556
  24670.00   -35.1960
  24680.00   -35.0318
  24690.00   -34.3312
  24700.00   -35.1917
  24710.00   -35.0121
  24720.00   -34.7646
  24730.00   -35.2624
  24740.00   -34.6590
  24750.00   -35.0122
  24760.00   -34.8426
  24770.00   -35.2285
  24780.00   -34.1041
  24790.00   -35.1692
  24800.00   -35.3719
  24810.00   -34.9915
  24820.00   -35.4031
  24830.00   -34.7695
  24840.00   -35.0152
  24850.00   -35.0308
  24860.00   -34.8989
  24870.00   -35.0345
  24880.00   -34.8944
  24890.00   -34.6741
  24900.00   -35.1308
  24910.00   -35.0836
  24920.00   -34.8688
  24930.00   -35.2357
  24940.00   -35.2473
  24950.00   -35.1354
  24960.00   -35.0544
  24970.00   -34.9587
  24980.00   -35.0912
  24990.00   -35.1603
  25000.00   -34.4876
  25010.00   -34.5038
  25020.00   -35.6718
  25030.00   -34.8464
  25040.00   -34.9737
  25050.00   -35.2993
  25060.00   -34.5793
  25070.00   -35.5573
  25080.00   -35.2367
  25090.00   -34.4320
  25100.00   -34.5662
  25110.00   -34.9914
  25120.00   -35.0299
  25130.00   -34.4784
  25140.00   -34.8213
  25150.00   -35.0867
  25160.00   -35.2416
  25170.00   -34.9476
  25180.00   -34.9249
  25190.00   -34.5278
  25200.00   -35.5064
  25210.00   -34.7296
  25220.00   -35.5568
  25230.00   -34.7595
  25240.00   -34.6715
  25250.00   -35.0567
  25260.00   -34.6072
  25270.00   -34.9332
  25280.00   -35.0164
  25290.00   -34.2130
  25300.00   -35.6323
  25310.00   -34.9555
  25320.00   -34.9556
  25330.00   -35.0252
  25340.00   -35.2827
  25350.00   -35.1196
  25360.00   -35.4656
  25370.00   -34.7009
  25380.00   -34.9359
  25390.00   -35.4728
  25400.00   -34.7818
  25410.00   -34.7498
  25420.00   -34.6114
  25430.00   -34.5892
  25440.00   -34.7446
  25450.00   -35.2703
  25460.00   -34.9950
  25470.00   -34.6941
  25480.00   -34.9850
  25490.00   -34.9528
  25500.00   -35.0363
  25510.00   -34.9785
  25520.00   -35.2356
  25530.00   -34.5421
  25540.00   -34.7521
  25550.00   -34.5979
  25560.00   -35.1950
  25570.00   -35.1393
  25580.00   -34.7520
  25590.00   -34.9747
  25600.00   -34.5986
  25610.00   -35.0494
  25620.00   -35.0681
  25630.00   -35.3546
  25640.00   -35.2119
  25650.00   -34.1893
  25660.00   -34.9701
  25670.00   -35.6736
  25680.00   -34.8339
  25690.00   -35.0801
  25700.00   -35.0373
  25710.00   -35.3391
  25720.00   -35.0325
  25730.00   -35.1952
  25740.00   -35.4375
  25750.00   -34.8867
  25760.00   -35.2609
  25770.00   -34.6956
  25780.00   -35.1166
  25790.00   -35.4441
  25800.00   -35.3551
  25810.00   -35.4909
  25820.00   -34.5394
  25830.00   -35.0654
  25840.00   -35.2093
  25850.00   -35.3993
  25860.00   -34.7446
  25870.00   -34.5197
  25880.00   -34.7597
  25890.00   -34.7413
  25900.00   -34.8726
  25910.00   -34.8788
  25920.00   -35.0935
  25930.00   -34.4862
  25940.00   -35.4492
  25950.00   -34.8672
  25960.00   -35.1393
  25970.00   -34.4927
  25980.00   -34.6357
  25990.00   -34.3548
  26000.00   -34.8411
  26010.00   -35.2111
  26020.00   -35.0849
  26030.00   -35.6462
  26040.00   -34.9350
  26050.00   -35.4672
  26060.00   -34.8430
  26070.00   -35.5952
  26080.00   -34.8717
  26090.00   -34.7015
  26100.00   -35.8991
  26110.00   -34.9363
  26120.00   -35.1462
  26130.00   -35.0805
  26140.00   -34.7181
  26150.00   -34.8939
  26160.00   -34.9205
  26170.00   -35.1795
  26180.00   -34.8047
  26190.00   -35.2011
  26200.00   -35.3514
  26210.00   -34.8910
  26220.00   -35.1875
  26230.00   -35.1087
  26240.00   -35.0419
  26250.00   -35.0287
  26260.00   -34.6983
  26270.00   -34.5646
  26280.00   -35.1299
  26290.00   -35.1041
  26300.00   -35.3540
  26310.00   -34.5884
  26320.00   -34.9244
  26330.00   -34.6211
  26340.00   -34.5095
  26350.00   -35.2880
  26360.00   -35.1299
  26370.00   -34.9741
  26380.00   -34.9841
  26390.00   -34.8682
  26400.00   -34.4534
  26410.00   -34.5765
  26420.00   -35.0289
  26430.00   -34.4567
  26440.00   -34.8728
  26450.00   -34.6603
  26460.00   -34.9895
  26470.00   -35.0931
  26480.00   -35.0103
  26490.00   -35.1202
  26500.00   -34.8547
  26510.00   -34.9959
  26520.00   -34.8446
  26530.00   -35.0806
  26540.00   -34.9595
  26550.00   -34.8204
  26560.00   -34.4729
  26570.00   -35.3084
  26580.00   -35.3414
  26590.00   -34.5710
  26600.00   -34.7869
  26610.00   -35.1783
  26620.00   -35.1080
  26630.00   -35.1978
  26640.00   -35.0064
  26650.00   -34.8375
  26660.00   -35.6135
  26670.00   -35.0252
  26680.00   -35.0678
  26690.00   -34.7389
  26700.00   -34.3759
  26710.00   -34.7953
  26720.00   -35.1095
  26730.00   -34.6740
  26740.00   -34.9767
  26750.00   -35.4284
  26760.00   -34.8513
  26770.00   -34.9161
  26780.00   -35.0362
  26790.00   -34.6349
  26800.00   -34.8459
  26810.00   -35.0040
  26820.00   -34.9303
  26830.00   -35.0306
  26840.00   -35.0059
  26850.00   -35.3747
  26860.00   -35.0366
  26870.00   -35.2592
  26880.00   -35.1492
  26890.00   -34.7583
  26900.00   -34.3600
  26910.00   -34.9245
  26920.00   -35.2565
  26930.00   -35.2938
  26940.00   -34.6654
  26950.00   -34.3826
  26960.00   -35.3105
  26970.00   -34.9597
  26980.00   -35.2589
  26990.00   -35.2087
  27000.00   -34.9440
  27010.00   -35.0344
  27020.00   -34.9341
  27030.00   -35.0136
  27040.00   -35.0158
  27050.00   -35.2263
  27060.00   -34.8151
  27070.00   -34.8157
  27080.00   -34.7710
  27090.00   -34.7818
  27100.00   -35.4525
  27110.00   -35.2976
  27120.00   -34.5312
  27130.00   -35.2264
  27140.00   -34.3437
  27150.00   -34.7755
  27160.00   -34.8045
  27170.00   -34.5399
  27180.00   -35.3037
  27190.00   -35.5812
  27200.00   -34.4032
  27210.00   -35.0562
  27220.00   -35.1012
  27230.00   -34.4486
  27240.00   -34.7164
  27250.00   -34.8153
  27260.00   -35.0787
  27270.00   -34.6266
  27280.00   -34.6452
  27290.00   -35.6032
  27300.00   -34.7593
  27310.00   -35.0207
  27320.00   -34.6880
  27330.00   -34.7864
  27340.00   -35.3967
  27350.00   -35.1381
  27360.00   -34.8586
  27370.00   -34.6888
  27380.00   -34.9941
  27390.00   -35.1405
  27400.00   -35.8399
  27410.00   -35.0607
  27420.00   -34.9787
  27430.00   -35.5576
  27440.00   -34.7941
  27450.00   -35.2181
  27460.00   -34.8668
  27470.00   -35.3550
  27480.00   -35.3969
  27490.00   -34.4192
  27500.00   -35.5200
  27510.00   -35.0008
  27520.00   -34.8976
  27530.00   -35.0627
  27540.00   -34.9525
  27550.00   -35.1126
  27560.00   -35.2666
  27570.00   -35.0772
  27580.00   -34.6487
  27590.00   -35.3583
  27600.00   -34.8968
  27610.00   -35.0279
  27620.00   -34.8854
  27630.00   -34.9726
  27640.00   -35.2522
  27650.00   -35.2528
  27660.00   -35.3064
  27670.00   -34.6859
  27680.00   -34.8814
  27690.00   -35.1000
  27700.00   -34.7857
  27710.00   -35.1175
  27720.00   -34.9030
  27730.00   -34.7821
  27740.00   -35.0604
  27750.00   -35.1474
  27760.00   -34.6527
  27770.00   -34.9775
  27780.00   -34.5508
  27790.00   -34.7539
  27800.00   -35.2047
  27810.00   -34.7896
  27820.00   -35.4477
  27830.00   -34.6601
  27840.00   -35.4404
  27850.00   -34.8143
  27860.00   -35.1486
  27870.00   -34.7646
  27880.00   -35.2800
  27890.00   -34.9821
  27900.00   -34.8999
  27910.00   -35.0417
  27920.00   -34.9614
  27930.00   -34.9286
  27940.00   -34.8400
  27950.00   -35.1560
  27960.00   -34.7039
  27970.00   -34.7830
  27980.00   -34.4142
  27990.00   -35.1962
  28000.00   -35.1786
  28010.00   -35.1599
  28020.00   -34.5696
  28030.00   -34.7468
  28040.00   -35.2779
  28050.00   -34.7416
  28060.00   -34.8257
  28070.00   -34.8944
  28080.00   -34.9500
  28090.00   -34.7239
  28100.00   -35.0092
  28110.00   -34.5571
  28120.00   -35.0150
  28130.00   -35.4484
  28140.00   -34.9720
  28150.00   -34.9434
  28160.00   -35.1784
  28170.00   -34.7538
  28180.00   -34.9833
  28190.00   -34.6161
  28200.00   -35.0345
  28210.00   -35.1891
  28220.00   -35.6182
  28230.00   -34.8442
  28240.00   -34.5609
  28250.00   -34.9988
  28260.00   -34.6405
  28270.00   -35.0634
  28280.00   -35.0992
  28290.00   -35.0883
  28300.00   -35.0105
  28310.00   -34.7513
  28320.00   -34.7934
  28330.00   -34.6872
  28340.00   -35.4192
  28350.00   -35.0681
  28360.00   -35.5155
  28370.00   -35.4184
  28380.00   -35.2205
  28390.00   -34.7453
  28400.00   -35.2428
  28410.00   -35.0499
  28420.00   -34.6138
  28430.00   -35.3530
  28440.00   -35.1377
  28450.00   -34.9994
  28460.00   -34.9102
  28470.00   -35.2574
  28480.00   -35.0973
  28490.00   -34.5324
  28500.00   -35.0197
  28510.00   -35.0549
  28520.00   -35.0420
  28530.00   -34.5975
  28540.00   -35.1051
  28550.00   -34.9462
  28560.00   -35.0166
  28570.00   -34.6673
  28580.00   -35.1539
  28590.00   -34.9756
  28600.00   -34.3356
  28610.00   -35.3038
  28620.00   -35.4505
  28630.00   -35.1982
  28640.00   -35.4164
  28650.00   -34.8802
  28660.00   -34.7248
  28670.00   -35.0740
  28680.00   -35.1021
  28690.00   -34.8775
  28700.00   -35.1605
  28710.00   -34.9100
  28720.00   -34.8678
  28730.00   -34.9492
  28740.00   -35.1576
  28750.00   -35.1544
  28760.00   -35.0925
  28770.00   -34.7695
  28780.00   -34.8736
  28790.00   -34.6988
  28800.00   -34.5080
  28810.00   -35.5081
  28820.00   -34.6053
  28830.00   -35.0444
  28840.00   -35.1765
  28850.00   -35.0052
  28860.00   -34.4717
  28870.00   -34.9642
  28880.00   -34.5234
  28890.00   -35.3709
  28900.00   -35.1204
  28910.00   -34.9018
  28920.00   -35.0287
  28930.00   -35.1081
  28940.00   -35.0334
  28950.00   -34.6639
  28960.00   -35.1263
  28970.00   -35.5828
  28980.00   -35.4234
  28990.00   -35.3570
  29000.00   -34.7302
  29010.00   -34.8677
  29020.00   -35.7400
  29030.00   -35.1657
  29040.00   -34.6993
  29050.00   -35.4412
  29060.00   -35.1943
  29070.00   -34.9486
  29080.00   -34.7858
  29090.00   -35.1162
  29100.00   -35.3462
  29110.00   -35.5760
  29120.00   -35.3769
  29130.00   -35.1307
  29140.00   -35.3179
  29150.00   -35.0234
  29160.00   -34.5172
  29170.00   -35.3058
  29180.00   -35.1283
  29190.00   -34.6929
  29200.00   -35.1693
  29210.00   -35.1050
  29220.00   -35.2321
  29230.00   -35.2908
  29240.00   -35.0027
  29250.00   -35.3103
  29260.00   -35.0057
  29270.00   -35.0185
  29280.00   -34.9039
  29290.00   -35.3488
  29300.00   -35.0717
  29310.00   -35.0174
  29320.00   -34.9542
  29330.00   -34.5367
  29340.00   -34.8216
  29350.00   -34.6110
  29360.00   -34.6465
  29370.00   -35.3042
  29380.00   -34.9487
  29390.00   -34.7728
  29400.00   -34.6580
  29410.00   -34.9281
  29420.00   -35.1954
  29430.00   -35.9805
  29440.00   -35.0249
  29450.00   -34.5986
  29460.00   -35.0388
  29470.00   -35.0452
  29480.00   -35.4198
  29490.00   -34.7437
  29500.00   -34.9829
  29510.00   -35.0664
  29520.00   -35.1616
  29530.00   -34.7571
  29540.00   -34.7012
  29550.00   -35.2774
  29560.00   -34.4846
  29570.00   -34.9947
  29580.00   -34.7361
  29590.00   -35.3910
  29600.00   -35.2854
  29610.00   -35.0204
  29620.00   -34.6379
  29630.00   -35.0557
  29640.00   -34.5426
  29650.00   -34.5829
  29660.00   -34.6126
  29670.00   -35.6142
  29680.00   -35.1096
  29690.00   -34.6018
  29700.00   -35.0675
  29710.00   -35.0877
  29720.00   -34.9828
  29730.00   -34.9900
  29740.00   -35.2666
  29750.00   -34.9882
  29760.00   -35.1717
  29770.00   -34.8136
  29780.00   -35.3483
  29790.00   -35.3478
  29800.00   -35.5680
  29810.00   -34.8181
  29820.00   -35.3469
  29830.00   -35.6498
  29840.00   -34.8582
  29850.00   -35.0470
  29860.00   -35.1111
  29870.00   -35.3935
  29880.00   -34.8061
  29890.00   -34.4194
  29900.00   -34.9325
  29910.00   -35.2796
  29920.00   -35.0655
  29930.00   -35.1179
  29940.00   -35.4812
  29950.00   -34.7304
  29960.00   -35.0116
  29970.00   -35.4639
  29980.00   -34.5290
  29990.00   -35.8447
  30000.00   -35.6247
  30010.00   -34.7706
  30020.00   -35.1644
  30030.00   -35.0800
  30040.00   -34.9000
  30050.00   -35.0216
  30060.00   -34.9221
  30070.00   -35.1515
  30080.00   -34.7798
  30090.00   -34.9790
  30100.00   -34.9457
  30110.00   -35.1079
  30120.00   -34.4479
  30130.00   -35.3561
  30140.00   -35.1156
  30150.00   -35.0058
  30160.00   -35.0688
  30170.00   -35.3489
  30180.00   -35.1946
  30190.00   -35.3915
  30200.00   -34.6830
  30210.00   -35.0865
  30220.00   -34.7126
  30230.00   -34.9878
  30240.00   -35.1011
  30250.00   -35.1959
  30260.00   -35.1156
  30270.00   -34.7566
  30280.00   -35.3839
  30290.00   -35.1944
  30300.00   -35.2868
  30310.00   -35.2593
  30320.00   -35.0433
  30330.00   -35.2236
  30340.00   -35.2982
  30350.00   -35.3408
  30360.00   -35.3585
  30370.00   -34.3756
  30380.00   -34.9184
  30390.00   -35.2020
  30400.00   -35.0192
  30410.00   -35.2181
  30420.00   -34.9265
  30430.00   -34.5125
  30440.00   -34.3038
  30450.00   -34.8655
  30460.00   -34.9580
  30470.00   -35.0691
  30480.00   -35.2620
  30490.00   -35.1237
  30500.00   -34.5485
  30510.00   -34.5604
  30520.00   -34.1911
  30530.00   -34.4686
  30540.00   -35.4745
  30550.00   -34.3329
  30560.00   -34.9765
  30570.00   -34.7232
  30580.00   -35.0638
  30590.00   -34.9980
  30600.00   -34.7719
  30610.00   -35.0017
  30620.00   -35.0994
  30630.00   -35.4347
  30640.00   -35.0363
  30650.00   -34.7634
  30660.00   -34.3736
  30670.00   -34.3372
  30680.00   -34.9053
  30690.00   -34.9150
  30700.00   -34.6381
  30710.00   -35.0039
  30720.00   -34.7892
  30730.00   -34.9259
  30740.00   -34.7981
  30750.00   -34.7066
  30760.00   -34.7523
  30770.00   -35.3808
  30780.00   -35.0639
  30790.00   -34.9622
  30800.00   -35.1761
  30810.00   -35.3248
  30820.00   -34.9553
  30830.00   -34.8384
  30840.00   -34.3600
  30850.00   -34.8607
  30860.00   -34.9995
  30870.00   -35.2803
  30880.00   -34.5856
  30890.00   -34.9132
  30900.00   -35.1376
  30910.00   -34.8261
  30920.00   -34.9044
  30930.00   -34.7263
  30940.00   -34.9137
  30950.00   -34.7318
  30960.00   -35.0504
  30970.00   -35.0704
  30980.00   -35.2336
  30990.00   -35.0753
  31000.00   -35.6157
  31010.00   -35.1934
  31020.00   -35.1875
  31030.00   -35.0656
  31040.00   -34.7930
  31050.00   -34.8704
  31060.00   -35.4562
  31070.00   -35.1704
  31080.00   -35.1008
  31090.00   -35.4196
  31100.00   -34.9362
  31110.00   -35.1454
  31120.00   -34.4715
  31130.00   -34.6460
  31140.00   -34.9843
  31150.00   -35.3707
  31160.00   -35.0079
  31170.00   -34.8740
  31180.00   -34.7353
  31190.00   -34.9852
  31200.00   -35.0228
  31210.00   -34.4969
  31220.00   -35.5815
  31230.00   -34.8040
  31240.00   -35.1002
  31250.00   -34.5528
  31260.00   -34.5333
  31270.00   -34.9357
  31280.00   -34.9418
  31290.00   -34.8042
  31300.00   -34.8168
  31310.00   -35.0933
  31320.00   -35.1014
  31330.00   -34.9980
  31340.00   -35.6471
  31350.00   -34.8298
  31360.00   -34.9739
  31370.00   -34.9525
  31380.00   -34.5171
  31390.00   -34.8452
  31400.00   -35.3937
  31410.00   -35.3780
  31420.00   -34.6737
  31430.00   -34.5853
  31440.00   -34.6752
  31450.00   -34.5945
  31460.00   -35.1065
  31470.00   -34.8836
  31480.00   -34.7452
  31490.00   -35.1264
  31500.00   -35.3964
  31510.00   -35.0735
  31520.00   -34.5672
  31530.00   -35.4447
  31540.00   -35.6960
  31550.00   -34.6643
  31560.00   -34.5927
  31570.00   -35.0030
  31580.00   -34.8057
  31590.00   -34.9200
  31600.00   -35.0433
  31610.00   -34.9495
  31620.00   -34.6323
  31630.00   -35.1134
  31640.00   -34.6999
  31650.00   -34.9454
  31660.00   -35.1317
  31670.00   -34.9357
  31680.00   -35.0542
  31690.00   -35.1543
  31700.00   -34.9613
  31710.00   -34.7966
  31720.00   -35.1472
  31730.00   -35.6109
  31740.00   -35.0296
  31750.00   -34.8683
  31760.00   -35.1059
  31770.00   -35.8725
  31780.00   -35.3188
  31790.00   -34.8094
  31800.00   -35.3170
  31810.00   -35.3387
  31820.00   -35.2011
  31830.00   -34.9404
  31840.00   -34.7703
  31850.00   -35.1219
  31860.00   -35.4588
  31870.00   -34.9949
  31880.00   -34.9536
  31890.00   -35.2661
  31900.00   -34.7900
  31910.00   -34.9322
  31920.00   -34.8535
  31930.00   -34.6623
  31940.00   -34.7811
  31950.00   -35.1363
  31960.00   -35.0180
  31970.00   -35.5071
  31980.00   -34.5609
  31990.00   -34.8262
  32000.00   -35.0907
  32010.00   -35.0515
  32020.00   -34.4812
  32030.00   -35.0183
  32040.00   -34.9666
  32050.00   -34.8959
  32060.00   -35.6642
  32070.00   -35.0962
  32080.00   -34.7099
  32090.00   -35.0098
  32100.00   -35.1647
  32110.00   -35.0052
  32120.00   -34.8654
  32130.00   -34.5837
  32140.00   -35.3179
  32150.00   -35.3422
  32160.00   -34.8365
  32170.00   -35.0264
  32180.00   -34.3829
  32190.00   -35.4312
  32200.00   -35.1978
  32210.00   -35.2024
  32220.00   -34.8246
  32230.00   -34.3315
  32240.00   -35.1722
  32250.00   -34.7247
  32260.00   -35.1044
  32270.00   -34.7063
  32280.00   -34.9588
  32290.00   -35.0845
  32300.00   -35.3030
  32310.00   -35.1014
  32320.00   -35.1023
  32330.00   -34.7758
  32340.00   -34.7427
  32350.00   -34.9979
  32360.00   -34.8567
  32370.00   -35.1676
  32380.00   -34.8671
  32390.00   -34.5927
  32400.00   -35.1461
  32410.00   -34.3038
  32420.00   -34.7754
  32430.00   -35.0582
  32440.00   -34.5358
  32450.00   -34.6396
  32460.00   -34.8626
  32470.00   -34.4809
  32480.00   -35.3944
  32490.00   -35.0194
  32500.00   -34.9395
  32510.00   -34.6706
  32520.00   -34.9576
  32530.00   -35.0869
  32540.00   -35.0198
  32550.00   -35.4550
  32560.00   -34.7789
  32570.00   -34.6966
  32580.00   -35.1788
  32590.00   -34.6401
  32600.00   -34.9317
  32610.00   -35.4245
  32620.00   -34.5776
  32630.00   -35.3604
  32640.00   -35.0635
  32650.00   -34.9428
  32660.00   -34.5382
  32670.00   -35.3456
  32680.00   -35.8945
  32690.00   -34.6372
  32700.00   -35.2377
  32710.00   -35.3799
  32720.00   -34.9826
  32730.00   -35.2663
  32740.00   -34.5903
  32750.00   -34.7238
  32760.00   -34.7622
  32770.00   -35.0907
  32780.00   -35.3649
  32790.00   -35.0979
  32800.00   -34.7931
  32810.00   -34.7592
  32820.00   -35.3495
  32830.00   -35.1703
  32840.00   -34.5065
  32850.00   -34.4476
  32860.00   -34.3625
  32870.00   -35.2480
  32880.00   -35.5780
  32890.00   -34.9264
  32900.00   -34.9054
  32910.00   -35.3496
  32920.00   -35.1901
  32930.00   -34.9621
  32940.00   -35.3254
  32950.00   -35.0507
  32960.00   -34.4880
  32970.00   -35.2665
  32980.00   -34.9874
  32990.00   -34.6160
  33000.00   -35.2297
  33010.00   -34.5972
  33020.00   -34.8982
  33030.00   -34.9955
  33040.00   -34.8356
  33050.00   -35.1876
  33060.00   -34.8437
  33070.00   -35.4872
  33080.00   -34.6892
  33090.00   -34.6970
  33100.00   -35.0319
  33110.00   -34.8716
  33120.00   -34.8646
  33130.00   -34.8959
  33140.00   -34.7413
  33150.00   -34.8547
  33160.00   -35.3192
  33170.00   -35.1352
  33180.00   -34.6762
  33190.00   -34.6509
  33200.00   -34.8275
  33210.00   -34.8608
  33220.00   -35.4373
  33230.00   -35.5313
  33240.00   -35.1501
  33250.00   -34.9010
  33260.00   -35.4504
  33270.00   -34.6260
  33280.00   -35.2432
  33290.00   -35.5160
  33300.00   -35.5693
  33310.00   -35.1019
  33320.00   -35.2552
  33330.00   -34.6241
  33340.00   -35.0333
  33350.00   -34.8196
  33360.00   -34.6174
  33370.00   -34.7221
  33380.00   -34.7447
  33390.00   -35.0445
  33400.00   -35.4227
  33410.00   -34.7869
  33420.00   -35.2841
  33430.00   -35.3024
  33440.00   -34.7612
  33450.00   -35.0749
  33460.00   -34.7606
  33470.00   -35.2932
  33480.00   -34.6734
  33490.00   -35.5047
  33500.00   -35.2745
  33510.00   -35.1586
  33520.00   -35.0418
  33530.00   -34.4913
  33540.00   -35.8356
  33550.00   -35.1683
  33560.00   -34.7084
  33570.00   -34.8420
  33580.00   -34.9176
  33590.00   -34.9870
  33600.00   -35.0256
  33610.00   -34.3518
  33620.00   -35.0647
  33630.00   -34.9713
  33640.00   -35.1373
  33650.00   -35.2433
  33660.00   -34.7746
  33670.00   -34.9212
  33680.00   -35.0751
  33690.00   -34.6600
  33700.00   -35.1643
  33710.00   -35.1589
  33720.00   -34.8933
  33730.00   -34.9618
  33740.00   -35.3395
  33750.00   -34.4412
  33760.00   -34.4232
  33770.00   -35.0054
  33780.00   -35.0630
  33790.00   -34.9517
  33800.00   -35.0435
  33810.00   -34.7314
  33820.00   -35.0274
  33830.00   -34.7565
  33840.00   -35.3592
  33850.00   -34.2193
  33860.00   -35.1366
  33870.00   -35.0094
  33880.00   -35.2140
  33890.00   -34.3650
  33900.00   -34.8345
  33910.00   -35.0773
  33920.00   -34.4120
  33930.00   -34.9877
  33940.00   -34.7892
  33950.00   -34.5952
  33960.00   -34.4392
  33970.00   -35.6109
  33980.00   -35.6629
  33990.00   -34.6815
  34000.00   -34.7724
  34010.00   -34.9606
  34020.00   -34.8921
  34030.00   -35.3287
  34040.00   -35.1128
  34050.00   -35.2712
  34060.00   -35.0129
  34070.00   -35.2461
  34080.00   -34.8851
  34090.00   -35.5798
  34100.00   -34.9571
  34110.00   -35.4369
  34120.00   -34.6666
  34130.00   -35.2693
  34140.00   -34.7129
  34150.00   -35.1783
  34160.00   -34.6742
  34170.00   -35.0956
  34180.00   -34.9159
  34190.00   -35.3273
  34200.00   -35.2430
  34210.00   -34.6323
  34220.00   -34.6247
  34230.00   -34.9315
  34240.00   -34.8369
  34250.00   -35.1481
  34260.00   -34.8955
  34270.00   -34.5109
  34280.00   -34.6720
  34290.00   -34.8390
  34300.00   -35.7103
  34310.00   -35.0407
  34320.00   -34.8160
  34330.00   -35.2928
  34340.00   -35.8090
  34350.00   -35.0044
  34360.00   -34.7889
  34370.00   -35.2068
  34380.00   -34.8355
  34390.00   -34.9028
  34400.00   -34.2855
  34410.00   -35.1501
  34420.00   -35.5011
  34430.00   -34.7741
  34440.00   -34.8043
  34450.00   -35.7210
  34460.00   -35.3463
  34470.00   -35.1205
  34480.00   -35.2839
  34490.00   -35.1086
  34500.00   -34.7112
  34510.00   -35.0194
  34520.00   -35.2463
  34530.00   -34.6658
  34540.00   -34.8639
  34550.00   -34.9887
  34560.00   -34.8489
  34570.00   -34.9871
  34580.00   -34.8692
  34590.00   -35.3243
  34600.00   -34.8652
  34610.00   -34.2496
  34620.00   -35.2723
  34630.00   -35.2488
  34640.00   -34.9856
  34650.00   -34.8659
  34660.00   -34.8563
  34670.00   -35.0675
  34680.00   -34.7427
  34690.00   -35.1348
  34700.00   -35.1751
  34710.00   -35.0208
  34720.00   -35.0751
  34730.00   -34.7270
  34740.00   -35.0824
  34750.00   -34.9004
  34760.00   -34.7389
  34770.00   -34.8804
  34780.00   -35.2799
  34790.00   -35.3607
  34800.00   -35.1389
  34810.00   -34.9214
  34820.00   -35.0719
  34830.00   -35.3605
  34840.00   -34.6287
  34850.00   -35.2204
  34860.00   -35.1327
  34870.00   -34.6641
  34880.00   -35.4440
  34890.00   -34.4427
  34900.00   -34.9140
  34910.00   -34.5751
  34920.00   -35.3895
  34930.00   -35.4001
  34940.00   -35.0633
  34950.00   -35.1014
  34960.00   -35.1839
  34970.00   -34.4836
  34980.00   -35.2783
  34990.00   -34.8018
  35000.00   -34.8153
  35010.00   -34.6498
  35020.00   -34.7148
  35030.00   -35.3513
  35040.00   -35.1206
  35050.00   -35.2818
  35060.00   -35.1600
  35070.00   -34.8705
  35080.00   -35.2809
  35090.00   -34.7486
  35100.00   -35.0522
  35110.00   -35.0473
  35120.00   -35.3437
  35130.00   -34.6492
  35140.00   -35.0805
  35150.00   -34.4502
  35160.00   -34.6367
  35170.00   -35.0099
  35180.00   -35.0642
  35190.00   -35.0194
  35200.00   -35.0147
  35210.00   -35.1788
  35220.00   -35.0002
  35230.00   -34.9800
  35240.00   -34.9559
  35250.00   -35.5253
  35260.00   -35.1784
  35270.00   -35.4541
  35280.00   -34.9960
  35290.00   -35.4008
  35300.00   -34.9501
  35310.00   -35.2659
  35320.00   -35.0217
  35330.00   -35.0778
  35340.00   -34.6706
  35350.00   -35.1406
  35360.00   -35.2578
  35370.00   -34.6374
  35380.00   -35.0980
  35390.00   -35.3174
  35400.00   -34.9138
  35410.00   -34.5509
  35420.00   -34.7577
  35430.00   -34.5762
  35440.00   -35.3522
  35450.00   -35.2320
  35460.00   -34.6805
  35470.00   -35.2627
  35480.00   -35.3932
  35490.00   -34.7921
  35500.00   -35.0815
  35510.00   -35.0659
  35520.00   -34.7404
  35530.00   -34.8242
  35540.00   -34.8232
  35550.00   -35.3409
  35560.00   -34.9132
  35570.00   -35.5559
  35580.00   -35.3777
  35590.00   -35.0546
  35600.00   -34.8510
  35610.00   -34.9678
  35620.00   -34.9936
  35630.00   -35.0015
  35640.00   -34.9511
  35650.00   -34.5074
  35660.00   -34.8620
  35670.00   -35.3208
  35680.00   -34.8851
  35690.00   -35.3670
  35700.00   -35.0534
  35710.00   -35.6028
  35720.00   -35.2245
  35730.00   -34.5305
  35740.00   -34.9152
  35750.00   -35.4557
  35760.00   -35.0531
  35770.00   -34.4386
  35780.00   -34.9164
  35790.00   -34.8460
  35800.00   -35.1267
  35810.00   -34.4161
  35820.00   -34.6750
  35830.00   -35.0547
  35840.00   -35.2101
  35850.00   -34.9746
  35860.00   -35.1187
  35870.00   -34.5886
  35880.00   -35.3245
  35890.00   -35.0252
  35900.00   -35.2377
  35910.00   -34.6531
  35920.00   -35.3017
  35930.00   -35.4634
  35940.00   -35.2050
  35950.00   -34.9783
  35960.00   -35.2132
  35970.00   -35.0123
  35980.00   -35.2841
  35990.00   -34.5151
  36000.00   -34.3218
  36010.00   -34.8364
  36020.00   -35.0782
  36030.00   -35.1596
  36040.00   -35.1251
  36050.00   -34.8895
  36060.00   -35.4675
  36070.00   -34.5716
  36080.00   -35.1509
  36090.00   -35.1687
  36100.00   -34.9880
  36110.00   -35.4405
  36120.00   -34.9757
  36130.00   -35.2476
  36140.00   -35.0955
  36150.00   -34.7534
  36160.00   -34.8542
  36170.00   -34.5470
  36180.00   -35.2215
  36190.00   -35.0152
  36200.00   -34.6862
  36210.00   -35.2379
  36220.00   -34.8008
  36230.00   -35.1716
  36240.00   -34.6587
  36250.00   -35.1554
  36260.00   -34.8744
  36270.00   -35.0094
  36280.00   -34.9761
  36290.00   -34.7900
  36300.00   -35.2593
  36310.00   -35.2302
  36320.00   -34.7142
  36330.00   -35.4470
  36340.00   -35.5805
  36350.00   -34.9892
  36360.00   -34.8847
  36370.00   -35.0058
  36380.00   -34.5502
  36390.00   -34.5739
  36400.00   -34.4742
  36410.00   -34.9799
  36420.00   -35.4370
  36430.00   -35.1106
  36440.00   -34.7253
  36450.00   -35.0918
  36460.00   -34.8509
  36470.00   -34.9660
  36480.00   -35.4631
  36490.00   -35.0607
  36500.00   -34.6782
  36510.00   -35.3180
  36520.00   -35.1253
  36530.00   -35.1795
  36540.00   -34.7089
  36550.00   -34.6584
  36560.00   -35.3156
  36570.00   -35.2313
  36580.00   -34.7594
  36590.00   -34.7877
  36600.00   -35.1243
  36610.00   -34.7890
  36620.00   -34.8068
  36630.00   -35.3664
  36640.00   -34.4554
  36650.00   -34.6194
  36660.00   -34.3907
  36670.00   -34.8975
  36680.00   -34.1965
  36690.00   -34.8399
  36700.00   -35.5368
  36710.00   -34.5736
  36720.00   -35.2155
  36730.00   -34.9565
  36740.00   -35.2311
  36750.00   -35.2864
  36760.00   -35.0836
  36770.00   -34.9699
  36780.00   -34.4236
  36790.00   -35.0100
  36800.00   -34.5119
  36810.00   -34.8066
  36820.00   -35.2530
  36830.00   -35.5763
  36840.00   -34.5545
  36850.00   -34.8141
  36860.00   -34.7673
  36870.00   -34.8115
  36880.00   -35.1217
  36890.00   -34.9764
  36900.00   -34.8153
  36910.00   -35.0266
  36920.00   -34.7709
  36930.00   -34.7319
  36940.00   -34.8754
  36950.00   -35.0108
  36960.00   -35.2123
  36970.00   -35.1730
  36980.00   -34.4528
  36990.00   -34.9378
  37000.00   -35.1292
  37010.00   -35.3689
  37020.00   -35.0303
  37030.00   -34.9553
  37040.00   -34.8198
  37050.00   -34.8679
  37060.00   -34.9483
  37070.00   -35.0698
  37080.00   -35.3331
  37090.00   -35.4356
  37100.00   -34.7725
  37110.00   -34.6014
  37120.00   -35.2513
  37130.00   -35.3738
  37140.00   -34.8576
  37150.00   -34.9213
  37160.00   -34.8202
  37170.00   -35.2478
  37180.00   -34.7069
  37190.00   -35.0750
  37200.00   -35.3630
  37210.00   -35.1404
  37220.00   -35.3738
  37230.00   -34.7931
  37240.00   -34.6480
  37250.00   -34.8495
  37260.00   -34.7075
  37270.00   -35.1300
  37280.00   -34.9928
  37290.00   -35.5612
  37300.00   -34.7450
  37310.00   -34.7953
  37320.00   -34.9067
  37330.00   -35.3231
  37340.00   -35.0078
  37350.00   -35.0774
  37360.00   -34.8963
  37370.00   -35.3410
  37380.00   -35.0060
  37390.00   -35.4011
  37400.00   -34.8403
  37410.00   -34.4418
  37420.00   -34.6805
  37430.00   -34.9127
  37440.00   -35.0959
  37450.00   -34.9354
  37460.00   -35.1767
  37470.00   -35.4794
  37480.00   -35.1918
  37490.00   -34.9900
  37500.00   -34.9261
  37510.00   -35.0585
  37520.00   -35.0369
  37530.00   -34.7303
  37540.00   -35.1343
  37550.00   -34.5502
  37560.00   -34.7363
  37570.00   -35.1120
  37580.00   -35.0552
  37590.00   -34.9615
  37600.00   -34.6781
  37610.00   -35.5771
  37620.00   -35.0706
  37630.00   -35.0634
  37640.00   -34.7076
  37650.00   -34.8903
  37660.00   -35.0245
  37670.00   -34.7136
  37680.00   -34.8224
  37690.00   -34.6173
  37700.00   -35.1356
  37710.00   -36.0800
  37720.00   -35.2873
  37730.00   -35.7513
  37740.00   -35.0872
  37750.00   -34.6040
  37760.00   -35.2349
  37770.00   -34.2834
  37780.00   -35.2609
  37790.00   -35.1902
  37800.00   -34.6415
  37810.00   -35.1456
  37820.00   -34.4143
  37830.00   -35.1668
  37840.00   -34.5747
  37850.00   -35.1644
  37860.00   -35.2755
  37870.00   -34.8176
  37880.00   -35.0691
  37890.00   -35.2501
  37900.00   -35.2106
  37910.00   -34.9152
  37920.00   -34.6637
  37930.00   -35.1466
  37940.00   -34.5866
  37950.00   -34.4230
  37960.00   -35.2492
  37970.00   -34.5418
  37980.00   -35.4103
  37990.00   -35.4550
  38000.00   -34.8170
  38010.00   -35.2693
  38020.00   -35.0775
  38030.00   -34.9896
  38040.00   -34.9084
  38050.00   -35.2377
  38060.00   -35.1029
  38070.00   -35.1586
  38080.00   -34.7326
  38090.00   -35.0077
  38100.00   -34.7974
  38110.00   -35.0651
  38120.00   -35.0367
  38130.00   -35.5152
  38140.00   -34.7677
  38150.00   -34.9495
  38160.00   -35.2031
  38170.00   -34.9266
  38180.00   -35.1014
  38190.00   -34.4907
  38200.00   -35.5874
  38210.00   -35.1151
  38220.00   -34.6697
  38230.00   -35.4888
  38240.00   -34.8744
  38250.00   -34.6367
  38260.00   -35.1629
  38270.00   -35.0183
  38280.00   -34.8531
  38290.00   -34.7199
  38300.00   -35.0107
  38310.00   -34.7293
  38320.00   -35.1193
  38330.00   -35.1640
  38340.00   -35.2706
  38350.00   -35.0086
  38360.00   -35.6532
  38370.00   -34.9365
  38380.00   -34.9298
  38390.00   -35.0978
  38400.00   -34.5869
  38410.00   -35.0078
  38420.00   -34.7268
  38430.00   -34.8628
  38440.00   -34.7153
  38450.00   -35.5426
  38460.00   -35.2117
  38470.00   -34.9231
  38480.00   -35.2218
  38490.00   -34.9945
  38500.00   -35.0326
  38510.00   -35.1442
  38520.00   -35.5099
  38530.00   -35.0157
  38540.00   -34.8352
  38550.00   -34.4012
  38560.00   -35.1791
  38570.00   -34.6840
  38580.00   -34.9494
  38590.00   -34.4939
  38600.00   -34.7275
  38610.00   -34.8155
  38620.00   -34.8271
  38630.00   -35.0953
  38640.00   -35.4009
  38650.00   -34.4271
  38660.00   -34.9251
  38670.00   -35.2744
  38680.00   -35.2678
  38690.00   -34.9872
  38700.00   -35.3253
  38710.00   -35.0360
  38720.00   -35.3147
  38730.00   -34.9236
  38740.00   -34.9619
  38750.00   -34.7001
  38760.00   -34.5374
  38770.00   -34.8563
  38780.00   -34.6060
  38790.00   -34.9629
  38800.00   -35.3106
  38810.00   -35.4118
  38820.00   -35.3072
  38830.00   -35.2864
  38840.00   -35.1755
  38850.00   -34.8232
  38860.00   -34.6822
  38870.00   -35.1894
  38880.00   -35.0783
  38890.00   -35.6923
  38900.00   -35.1276
  38910.00   -35.3883
  38920.00   -34.8738
  38930.00   -35.0371
  38940.00   -34.6171
  38950.00   -35.2166
  38960.00   -35.4489
  38970.00   -35.1607
  38980.00   -35.1585
  38990.00   -34.9806
  39000.00   -35.0575
  39010.00   -34.8581
  39020.00   -34.9136
  39030.00   -35.1567
  39040.00   -34.6606
  39050.00   -34.8771
  39060.00   -35.0309
  39070.00   -35.0680
  39080.00   -34.9051
  39090.00   -35.2582
  39100.00   -34.6638
  39110.00   -33.8798
  39120.00   -34.8272
  39130.00   -34.8435
  39140.00   -34.9073
  39150.00   -34.1002
  39160.00   -35.2279
  39170.00   -35.1102
  39180.00   -34.9224
  39190.00   -35.0514
  39200.00   -34.5709
  39210.00   -35.1934
  39220.00   -34.6805
  39230.00   -34.6448
  39240.00   -34.9358
  39250.00   -34.9544
  39260.00   -35.2753
  39270.00   -34.8673
  39280.00   -34.9670
  39290.00   -35.1951
  39300.00   -35.2090
  39310.00   -34.9853
  39320.00   -34.7142
  39330.00   -35.3917
  39340.00   -35.0314
  39350.00   -35.0725
  39360.00   -34.4414
  39370.00   -34.9022
  39380.00   -35.5531
  39390.00   -34.0809
  39400.00   -34.7250
  39410.00   -35.4850
  39420.00   -34.5715
  39430.00   -34.8907
  39440.00   -34.3538
  39450.00   -34.9948
  39460.00   -34.8999
  39470.00   -35.1902
  39480.00   -34.8981
  39490.00   -34.9279
  39500.00   -34.6664
  39510.00   -34.9159
  39520.00   -35.0615
  39530.00   -34.9698
  39540.00   -34.8361
  39550.00   -34.8948
  39560.00   -35.0167
  39570.00   -34.8972
  39580.00   -34.6963
  39590.00   -34.7515
  39600.00   -34.8011
  39610.00   -35.1073
  39620.00   -34.9893
  39630.00   -35.3852
  39640.00   -34.8691
  39650.00   -34.9636
  39660.00   -34.9980
  39670.00   -34.8531
  39680.00   -34.5298
  39690.00   -34.8007
  39700.00   -35.6173
  39710.00   -35.5389
  39720.00   -34.7090
  39730.00   -35.7368
  39740.00   -34.6138
  39750.00   -35.1503
  39760.00   -35.1548
  39770.00   -35.2496
  39780.00   -35.4534
  39790.00   -35.3087
  39800.00   -34.6965
  39810.00   -35.0516
  39820.00   -34.9504
  39830.00   -35.4519
  39840.00   -35.3356
  39850.00   -34.4106
  39860.00   -35.0193
  39870.00   -35.1361
  39880.00   -34.2736
  39890.00   -35.0464
  39900.00   -34.9156
  39910.00   -35.1925
  39920.00   -34.7497
  39930.00   -34.1956
  39940.00   -35.2861
  39950.00   -35.0116
  39960.00   -34.7917
  39970.00   -35.0370
  39980.00   -35.0798
  39990.00   -34.9823
  40000.00   -34.6731
  40010.00   -35.0545
  40020.00   -35.0421
  40030.00   -35.4759
  40040.00   -34.8985
  40050.00   -35.0054
  40060.00   -35.0066
  40070.00   -35.1637
  40080.00   -35.2426
  40090.00   -35.0846
  40100.00   -35.4079
  40110.00   -34.8124
  40120.00   -35.3045
  40130.00   -35.2732
  40140.00   -35.0950
  40150.00   -34.6746
  40160.00   -35.2343
  40170.00   -34.9676
  40180.00   -35.7222
  40190.00   -35.1186
  40200.00   -34.6739
  40210.00   -35.3147
  40220.00   -35.7377
  40230.00   -34.5854
  40240.00   -34.2237
  40250.00   -35.0513
  40260.00   -34.9454
  40270.00   -34.7262
  40280.00   -34.9929
  40290.00   -34.4487
  40300.00   -34.8501
  40310.00   -34.9237
  40320.00   -34.7772
  40330.00   -34.5247
  40340.00   -34.6687
  40350.00   -34.8620
  40360.00   -34.8286
  40370.00   -35.0075
  40380.00   -34.5263
  40390.00   -34.8781
  40400.00   -34.8730
  40410.00   -35.6526
  40420.00   -34.6539
  40430.00   -35.4947
  40440.00   -34.9524
  40450.00   -35.6302
  40460.00   -34.9664
  40470.00   -34.8565
  40480.00   -34.9739
  40490.00   -35.3599
  40500.00   -35.3909
  40510.00   -34.5775
  40520.00   -34.7863
  40530.00   -35.4839
  40540.00   -35.0700
  40550.00   -35.0669
  40560.00   -35.1015
  40570.00   -35.1494
  40580.00   -35.1940
  40590.00   -34.9415
  40600.00   -34.6604
  40610.00   -35.2707
  40620.00   -34.9399
  40630.00   -34.9631
  40640.00   -34.7224
  40650.00   -35.0427
  40660.00   -35.1993
  40670.00   -35.1429
  40680.00   -34.7377
  40690.00   -35.1641
  40700.00   -34.9779
  40710.00   -34.5492
  40720.00   -34.3975
  40730.00   -34.6887
  40740.00   -35.3444
  40750.00   -34.8948
  40760.00   -34.8908
  40770.00   -34.8592
  40780.00   -34.9531
  40790.00   -35.6719
  40800.00   -35.1307
  40810.00   -35.1430
  40820.00   -35.0566
  40830.00   -35.1024
  40840.00   -35.1796
  40850.00   -35.1063
  40860.00   -34.8474
  40870.00   -35.5268
  40880.00   -35.2963
  40890.00   -34.2381
  40900.00   -34.8176
  40910.00   -34.7795
  40920.00   -35.2678
  40930.00   -35.1394
  40940.00   -34.5387
  40950.00   -35.2022
  40960.00   -34.7019
  40970.00   -35.4622
  40980.00   -34.7372
  40990.00   -34.4644
  41000.00   -34.6342
  41010.00   -35.1893
  41020.00   -34.9996
  41030.00   -35.2065
  41040.00   -35.1270
  41050.00   -34.7574
  41060.00   -34.8241
  41070.00   -35.0835
  41080.00   -35.2393
  41090.00   -34.5985
  41100.00   -35.1025
  41110.00   -34.6151
  41120.00   -35.1245
  41130.00   -34.9619
  41140.00   -35.0826
  41150.00   -34.7752
  41160.00   -34.9657
  41170.00   -35.1846
  41180.00   -34.7693
  41190.00   -34.7904
  41200.00   -34.9041
  41210.00   -35.1668
  41220.00   -35.2053
  41230.00   -34.9594
  41240.00   -34.8382
  41250.00   -35.1759
  41260.00   -35.3409
  41270.00   -34.7724
  41280.00   -35.0312
  41290.00   -34.6615
  41300.00   -35.1597
  41310.00   -34.7133
  41320.00   -34.9313
  41330.00   -34.7802
  41340.00   -34.6539
  41350.00   -34.8859
  41360.00   -35.1188
  41370.00   -35.5311
  41380.00   -34.9292
  41390.00   -35.1781
  41400.00   -34.8384
  41410.00   -34.5233
  41420.00   -35.2786
  41430.00   -35.8763
  41440.00   -35.1340
  41450.00   -35.2716
  41460.00   -35.3249
  41470.00   -35.4098
  41480.00   -35.0709
  41490.00   -35.1823
  41500.00   -34.7699
  41510.00   -34.8245
  41520.00   -34.7687
  41530.00   -35.2430
  41540.00   -34.8241
  41550.00   -35.3679
  41560.00   -35.0134
  41570.00   -35.1567
  41580.00   -35.1298
  41590.00   -35.2836
  41600.00   -35.4031
  41610.00   -35.0015
  41620.00   -34.9162
  41630.00   -34.8188
  41640.00   -34.6445
  41650.00   -35.3572
  41660.00   -35.3173
  41670.00   -34.8317
  41680.00   -34.9536
  41690.00   -34.8334
  41700.00   -34.9098
  41710.00   -35.1309
  41720.00   -35.2589
  41730.00   -34.9886
  41740.00   -35.2511
  41750.00   -35.8449
  41760.00   -35.0770
  41770.00   -34.8246
  41780.00   -35.4103
  41790.00   -35.3405
  41800.00   -34.9563
  41810.00   -34.9093
  41820.00   -35.3776
  41830.00   -35.2590
  41840.00   -34.9613
  41850.00   -35.2506
  41860.00   -35.3681
  41870.00   -34.7236
  41880.00   -35.3539
  41890.00   -35.5552
  41900.00   -34.4951
  41910.00   -35.2612
  41920.00   -34.7847
  41930.00   -35.1530
  41940.00   -34.7602
  41950.00   -34.8041
  41960.00   -35.1718
  41970.00   -34.9267
  41980.00   -35.3887
  41990.00   -34.8469
  42000.00   -35.1071
  42010.00   -35.2231
  42020.00   -35.5306
  42030.00   -35.3656
  42040.00   -35.2437
  42050.00   -34.9662
  42060.00   -34.9946
  42070.00   -35.2221
  42080.00   -34.7352
  42090.00   -34.4676
  42100.00   -35.0244
  42110.00   -35.1734
  42120.00   -34.5876
  42130.00   -35.1326
  42140.00   -34.7743
  42150.00   -35.0282
  42160.00   -34.9758
  42170.00   -34.8935
  42180.00   -35.1079
  42190.00   -34.9930
  42200.00   -34.9820
  42210.00   -35.1859
  42220.00   -35.1758
  42230.00   -34.9721
  42240.00   -35.0595
  42250.00   -35.0828
  42260.00   -34.5623
  42270.00   -34.6337
  42280.00   -35.5821
  42290.00   -34.6450
  42300.00   -34.8134
  42310.00   -35.2043
  42320.00   -34.8611
  42330.00   -35.2005
  42340.00   -34.8107
  42350.00   -35.1720
  42360.00   -34.8655
  42370.00   -35.2733
  42380.00   -35.3734
  42390.00   -35.5072
  42400.00   -34.6885
  42410.00   -34.9288
  42420.00   -34.7059
  42430.00   -35.6161
  42440.00   -34.6664
  42450.00   -34.9989
  42460.00   -34.9476
  42470.00   -34.9161
  42480.00   -35.0868
  42490.00   -34.8311
  42500.00   -34.7625
  42510.00   -34.7127
  42520.00   -35.1469
  42530.00   -35.1841
  42540.00   -34.7595
  42550.00   -34.9403
  42560.00   -34.5062
  42570.00   -34.8313
  42580.00   -35.3425
  42590.00   -34.6971
  42600.00   -34.8848
  42610.00   -34.6468
  42620.00   -35.0071
  42630.00   -35.1458
  42640.00   -34.9261
  42650.00   -35.2809
  42660.00   -34.4225
  42670.00   -34.8900
  42680.00   -35.0111
  42690.00   -34.9056
  42700.00   -35.1601
  42710.00   -34.8421
  42720.00   -35.2430
  42730.00   -34.7986
  42740.00   -35.2391
  42750.00   -35.4748
  42760.00   -34.7593
  42770.00   -35.4278
  42780.00   -35.4340
  42790.00   -35.3070
  42800.00   -34.6982
  42810.00   -34.7822
  42820.00   -35.5183
  42830.00   -34.4868
  42840.00   -35.6651
  42850.00   -34.9427
  42860.00   -34.6378
  42870.00   -34.8881
  42880.00   -35.1625
  42890.00   -34.5909
  42900.00   -35.3540
  42910.00   -35.3106
  42920.00   -34.9819
  42930.00   -34.9343
  42940.00   -34.8122
  42950.00   -34.7295
  42960.00   -35.0381
  42970.00   -34.9665
  42980.00   -34.9099
  42990.00   -35.0296
  43000.00   -34.9109
  43010.00   -34.8752
  43020.00   -34.7611
  43030.00   -35.0172
  43040.00   -34.9357
  43050.00   -35.1601
  43060.00   -34.8400
  43070.00   -35.0990
  43080.00   -35.4476
  43090.00   -35.5320
  43100.00   -35.2943
  43110.00   -34.8714
  43120.00   -35.3985
  43130.00   -34.7199
  43140.00   -34.5399
  43150.00   -35.3139
  43160.00   -35.0011
  43170.00   -35.0656
  43180.00   -35.1039
  43190.00   -35.0185
  43200.00   -35.2386
  43210.00   -34.7865
  43220.00   -35.0775
  43230.00   -34.7818
  43240.00   -35.0675
  43250.00   -34.9246
  43260.00   -34.8623
  43270.00   -34.8070
  43280.00   -35.1675
  43290.00   -35.0859
  43300.00   -34.8758
  43310.00   -35.0837
  43320.00   -34.9529
  43330.00   -35.2595
  43340.00   -35.1218
  43350.00   -35.0068
  43360.00   -35.2994
  43370.00   -35.0135
  43380.00   -34.9371
  43390.00   -34.6150
  43400.00   -35.2426
  43410.00   -35.0706
  43420.00   -35.0170
  43430.00   -34.8323
  43440.00   -35.1627
  43450.00   -35.4649
  43460.00   -34.7781
  43470.00   -35.1091
  43480.00   -34.7517
  43490.00   -34.8798
  43500.00   -34.6799
  43510.00   -34.5213
  43520.00   -34.8249
  43530.00   -35.0497
  43540.00   -34.8909
  43550.00   -34.5421
  43560.00   -35.0039
  43570.00   -34.8324
  43580.00   -35.4301
  43590.00   -35.4902
  43600.00   -34.7294
  43610.00   -35.0170
  43620.00   -34.8373
  43630.00   -35.5254
  43640.00   -34.9645
  43650.00   -34.9431
  43660.00   -35.5951
  43670.00   -35.6387
  43680.00   -35.3240
  43690.00   -35.2965
  43700.00   -34.8743
  43710.00   -35.2237
  43720.00   -34.9330
  43730.00   -35.1538
  43740.00   -35.0096
  43750.00   -35.7227
  43760.00   -34.8016
  43770.00   -35.0053
  43780.00   -35.2751
  43790.00   -34.6601
  43800.00   -34.5123
  43810.00   -34.8686
  43820.00   -35.1816
  43830.00   -34.8550
  43840.00   -34.5358
  43850.00   -34.8509
  43860.00   -35.2482
  43870.00   -35.2129
  43880.00   -34.8697
  43890.00   -34.9645
  43900.00   -34.9601
  43910.00   -35.2021
  43920.00   -35.1175
  43930.00   -34.5875
  43940.00   -35.0730
  43950.00   -35.0009
  43960.00   -34.8780
  43970.00   -34.5380
  43980.00   -34.9394
  43990.00   -35.1495
  44000.00   -34.6974
  44010.00   -35.1014
  44020.00   -35.1073
  44030.00   -35.3394
  44040.00   -34.5913
  44050.00   -34.9599
  44060.00   -34.8710
  44070.00   -35.2349
  44080.00   -34.6547
  44090.00   -35.2140
  44100.00   -35.0575
  44110.00   -34.7425
  44120.00   -35.0773
  44130.00   -34.8748
  44140.00   -34.9520
  44150.00   -34.8265
  44160.00   -35.4493
  44170.00   -35.0213
  44180.00   -34.6369
  44190.00   -34.5504
  44200.00   -34.6139
  44210.00   -35.0502
  44220.00   -35.4893
  44230.00   -35.2381
  44240.00   -35.7813
  44250.00   -35.3698
  44260.00   -35.3131
  44270.00   -34.1473
  44280.00   -35.0613
  44290.00   -34.5817
  44300.00   -35.5640
  44310.00   -35.0958
  44320.00   -34.7686
  44330.00   -35.2006
  44340.00   -35.4921
  44350.00   -34.6988
  44360.00   -35.4197
  44370.00   -35.1215
  44380.00   -34.8554
  44390.00   -35.2487
  44400.00   -35.2890
  44410.00   -35.1103
  44420.00   -35.0056
  44430.00   -34.8428
  44440.00   -34.7989
  44450.00   -35.4554
  44460.00   -35.1975
  44470.00   -34.7808
  44480.00   -34.9121
  44490.00   -34.7607
  44500.00   -35.1845
  44510.00   -34.4854
  44520.00   -34.6034
  44530.00   -34.7082
  44540.00   -34.9522
  44550.00   -34.8075
  44560.00   -35.1285
  44570.00   -35.1454
  44580.00   -35.4075
  44590.00   -35.3972
  44600.00   -35.0581
  44610.00   -34.4595
  44620.00   -35.1166
  44630.00   -35.1592
  44640.00   -34.8673
  44650.00   -35.2750
  44660.00   -34.5055
  44670.00   -35.2415
  44680.00   -35.3741
  44690.00   -34.6860
  44700.00   -35.5842
  44710.00   -34.2527
  44720.00   -34.9080
  44730.00   -35.0622
  44740.00   -34.8169
  44750.00   -35.1460
  44760.00   -35.2634
  44770.00   -35.0366
  44780.00   -35.0699
  44790.00   -35.5546
  44800.00   -35.3747
  44810.00   -35.1784
  44820.00   -35.2844
  44830.00   -34.8683
  44840.00   -34.6739
  44850.00   -35.1702
  44860.00   -34.7527
  44870.00   -35.6018
  44880.00   -35.1091
  44890.00   -35.1646
  44900.00   -34.7156
  44910.00   -34.8233
  44920.00   -34.6371
  44930.00   -35.1443
  44940.00   -35.4546
  44950.00   -34.9447
  44960.00   -35.2656
  44970.00   -34.6236
  44980.00   -34.5560
  44990.00   -34.6555
  45000.00   -34.9207
  45010.00   -35.0714
  45020.00   -34.8419
  45030.00   -34.8886
  45040.00   -35.2123
  45050.00   -34.7328
  45060.00   -34.8418
  45070.00   -35.2855
  45080.00   -34.8845
  45090.00   -35.1299
  45100.00   -34.7197
  45110.00   -35.0602
  45120.00   -35.4949
  45130.00   -35.1237
  45140.00   -35.0202
  45150.00   -35.2938
  45160.00   -34.7074
  45170.00   -34.8393
  45180.00   -35.1017
  45190.00   -35.1970
  45200.00   -34.9024
  45210.00   -35.3337
  45220.00   -34.5965
  45230.00   -34.6712
  45240.00   -34.8077
  45250.00   -34.8610
  45260.00   -34.8621
  45270.00   -34.8815
  45280.00   -35.0060
  45290.00   -34.9532
  45300.00   -35.0996
  45310.00   -35.1307
  45320.00   -35.3973
  45330.00   -34.6967
  45340.00   -34.8377
  45350.00   -34.8566
  45360.00   -34.5478
  45370.00   -35.1147
  45380.00   -35.0447
  45390.00   -34.8195
  45400.00   -34.1012
  45410.00   -34.5014
  45420.00   -34.7858
  45430.00   -35.4034
  45440.00   -34.9034
  45450.00   -34.8468
  45460.00   -35.5325
  45470.00   -35.5115
  45480.00   -35.3779
  45490.00   -35.0707
  45500.00   -34.8832
  45510.00   -34.8999
  45520.00   -35.4149
  45530.00   -34.8270
  45540.00   -35.0581
  45550.00   -34.8710
  45560.00   -34.4586
  45570.00   -35.1913
  45580.00   -35.3234
  45590.00   -35.3730
  45600.00   -34.8888
  45610.00   -35.0988
  45620.00   -34.8957
  45630.00   -35.2331
  45640.00   -34.6250
  45650.00   -35.2787
  45660.00   -34.6544
  45670.00   -35.1084
  45680.00   -35.0258
  45690.00   -35.0530
  45700.00   -34.4069
  45710.00   -35.0129
  45720.00   -35.1680
  45730.00   -34.9290
  45740.00   -35.2417
  45750.00   -34.8170
  45760.00   -35.4165
  45770.00   -34.5640
  45780.00   -34.7815
  45790.00   -34.8403
  45800.00   -34.7190
  45810.00   -35.1164
  45820.00   -35.3560
  45830.00   -35.6408
  45840.00   -35.1481
  45850.00   -34.8870
  45860.00   -34.6840
  45870.00   -35.2119
  45880.00   -35.0713
  45890.00   -35.1295
  45900.00   -34.9238
  45910.00   -34.6712
  45920.00   -35.4903
  45930.00   -34.7380
  45940.00   -35.0060
  45950.00   -35.1518
  45960.00   -34.9471
  45970.00   -34.7659
  45980.00   -34.7369
  45990.00   -35.2041
  46000.00   -35.1201
  46010.00   -34.7549
  46020.00   -34.6967
  46030.00   -34.9259
  46040.00   -34.6497
  46050.00   -35.4047
  46060.00   -34.7683
  46070.00   -34.9602
  46080.00   -35.1663
  46090.00   -34.8128
  46100.00   -35.8877
  46110.00   -35.0759
  46120.00   -34.6540
  46130.00   -34.9436
  46140.00   -34.9548
  46150.00   -34.8556
  46160.00   -35.1578
  46170.00   -34.7810
  46180.00   -34.8435
  46190.00   -34.9742
  46200.00   -35.2835
  46210.00   -35.1027
  46220.00   -34.9972
  46230.00   -35.4860
  46240.00   -35.0423
  46250.00   -35.1862
  46260.00   -35.4623
  46270.00   -35.2541
  46280.00   -35.0610
  46290.00   -35.3016
  46300.00   -34.5236
  46310.00   -35.4719
  46320.00   -34.6906
  46330.00   -34.5810
  46340.00   -35.1384
  46350.00   -34.8899
  46360.00   -34.7774
  46370.00   -34.6261
  46380.00   -35.2630
  46390.00   -35.1022
  46400.00   -35.3050
  46410.00   -35.2161
  46420.00   -34.5295
  46430.00   -34.6995
  46440.00   -34.7707
  46450.00   -34.8490
  46460.00   -35.1381
  46470.00   -35.3751
  46480.00   -34.9613
  46490.00   -35.0340
  46500.00   -34.8576
  46510.00   -34.7413
  46520.00   -35.0967
  46530.00   -34.7814
  46540.00   -34.7924
  46550.00   -35.1009
  46560.00   -35.4587
  46570.00   -34.9486
  46580.00   -34.6366
  46590.00   -34.9017
  46600.00   -34.9836
  46610.00   -35.0128
  46620.00   -34.7064
  46630.00   -35.1947
  46640.00   -35.1676
  46650.00   -35.3655
  46660.00   -34.7183
  46670.00   -35.2279
  46680.00   -35.0202
  46690.00   -34.9673
  46700.00   -35.0474
  46710.00   -34.7701
  46720.00   -34.8788
  46730.00   -35.5442
  46740.00   -35.0933
  46750.00   -35.3362
  46760.00   -34.9549
  46770.00   -35.3747
  46780.00   -34.7936
  46790.00   -34.7842
  46800.00   -34.9574
  46810.00   -34.8525
  46820.00   -34.9433
  46830.00   -34.9022
  46840.00   -35.1517
  46850.00   -35.2519
  46860.00   -34.8799
  46870.00   -34.9172
  46880.00   -35.1382
  46890.00   -34.8795
  46900.00   -34.5747
  46910.00   -35.2140
  46920.00   -35.4834
  46930.00   -35.1363
  46940.00   -34.9077
  46950.00   -35.4339
  46960.00   -35.2516
  46970.00   -35.2409
  46980.00   -34.9300
  46990.00   -35.3197
  47000.00   -34.6418
  47010.00   -35.1360
  47020.00   -35.1572
  47030.00   -35.1792
  47040.00   -34.7046
  47050.00   -34.9557
  47060.00   -34.4783
  47070.00   -34.8537
  47080.00   -35.1085
  47090.00   -34.5167
  47100.00   -34.6933
  47110.00   -34.9966
  47120.00   -34.8759
  47130.00   -35.0519
  47140.00   -35.1141
  47150.00   -34.9977
  47160.00   -35.0951
  47170.00   -35.1354
  47180.00   -35.0095
  47190.00   -34.9713
  47200.00   -35.4623
  47210.00   -34.6848
  47220.00   -35.5986
  47230.00   -34.9418
  47240.00   -34.6069
  47250.00   -34.7744
  47260.00   -35.0371
  47270.00   -35.4665
  47280.00   -35.0374
  47290.00   -34.6780
  47300.00   -35.4958
  47310.00   -34.8214
  47320.00   -34.9271
  47330.00   -34.9362
  47340.00   -35.4212
  47350.00   -35.1150
  47360.00   -35.6650
  47370.00   -34.6472
  47380.00   -35.3695
  47390.00   -35.0827
  47400.00   -35.4547
  47410.00   -35.0034
  47420.00   -35.4052
  47430.00   -34.7279
  47440.00   -35.2524
  47450.00   -34.6778
  47460.00   -35.6338
  47470.00   -34.7872
  47480.00   -35.1372
  47490.00   -34.9099
  47500.00   -35.0065
  47510.00   -34.7311
  47520.00   -35.0380
  47530.00   -34.6912
  47540.00   -35.0129
  47550.00   -34.8898
  47560.00   -34.9000
  47570.00   -35.0528
  47580.00   -34.5762
  47590.00   -34.7221
  47600.00   -35.3692
  47610.00   -35.4067
  47620.00   -34.6136
  47630.00   -35.0594
  47640.00   -34.7391
  47650.00   -34.4955
  47660.00   -34.5688
  47670.00   -34.8784
  47680.00   -35.3580
  47690.00   -35.3534
  47700.00   -34.5578
  47710.00   -34.8040
  47720.00   -35.1674
  47730.00   -35.1016
  47740.00   -34.7530
  47750.00   -35.3094
  47760.00   -35.0361
  47770.00   -35.5277
  47780.00   -35.6009
  47790.00   -35.1172
  47800.00   -35.4765
  47810.00   -35.0489
  47820.00   -34.6579
  47830.00   -34.5384
  47840.00   -34.7612
  47850.00   -34.7794
  47860.00   -34.7217
  47870.00   -34.5997
  47880.00   -35.1724
  47890.00   -34.2224
  47900.00   -35.0564
  47910.00   -35.2366
  47920.00   -35.0515
  47930.00   -35.0363
  47940.00   -35.2229
  47950.00   -34.8580
  47960.00   -34.9065
  47970.00   -34.9916
  47980.00   -34.5824
  47990.00   -35.0009
  48000.00   -34.3341
  48010.00   -34.9086
  48020.00   -34.6841
  48030.00   -35.3756
  48040.00   -35.1833
  48050.00   -35.2218
  48060.00   -34.8842
  48070.00   -34.8730
  48080.00   -34.8887
  48090.00   -35.1765
  48100.00   -34.6524
  48110.00   -35.2156
  48120.00   -34.5394
  48130.00   -35.5962
  48140.00   -35.2380
  48150.00   -34.6534
  48160.00   -35.1088
  48170.00   -34.7200
  48180.00   -35.1877
  48190.00   -34.9589
  48200.00   -35.2653
  48210.00   -34.9058
  48220.00   -35.1342
  48230.00   -34.4427
  48240.00   -35.2746
  48250.00   -34.8919
  48260.00   -34.8481
  48270.00   -35.4142
  48280.00   -34.9298
  48290.00   -35.1562
  48300.00   -35.4154
  48310.00   -35.0567
  48320.00   -34.9639
  48330.00   -34.8258
  48340.00   -34.9431
  48350.00   -34.6646
  48360.00   -35.5404
  48370.00   -35.4613
  48380.00   -35.1397
  48390.00   -34.9311
  48400.00   -34.5360
  48410.00   -34.4745
  48420.00   -35.2945
  48430.00   -35.0760
  48440.00   -34.9674
  48450.00   -35.3775
  48460.00   -35.1096
  48470.00   -34.7721
  48480.00   -35.1922
  48490.00   -34.8320
  48500.00   -35.0251
  48510.00   -35.3007
  48520.00   -35.1698
  48530.00   -34.8084
  48540.00   -34.9608
  48550.00   -35.5079
  48560.00   -34.8312
  48570.00   -34.7877
  48580.00   -34.9840
  48590.00   -35.1437
  48600.00   -34.9941
  48610.00   -34.8073
  48620.00   -35.1731
  48630.00   -34.6504
  48640.00   -34.6804
  48650.00   -34.6500
  48660.00   -34.8485
  48670.00   -35.1375
  48680.00   -35.9218
  48690.00   -34.8444
  48700.00   -34.6732
  48710.00   -35.3424
  48720.00   -35.2919
  48730.00   -35.0423
  48740.00   -35.4448
  48750.00   -35.0623
  48760.00   -35.0453
  48770.00   -34.7181
  48780.00   -34.6352
  48790.00   -35.0267
  48800.00   -34.9599
  48810.00   -35.3532
  48820.00   -35.0070
  48830.00   -34.5132
  48840.00   -35.1927
  48850.00   -35.3620
  48860.00   -35.0313
  48870.00   -34.8643
  48880.00   -34.9919
  48890.00   -34.3597
  48900.00   -35.1124
  48910.00   -35.0482
  48920.00   -35.3334
  48930.00   -35.1836
  48940.00   -35.5135
  48950.00   -34.9311
  48960.00   -34.7731
  48970.00   -35.3538
  48980.00   -34.9052
  48990.00   -34.7493
  49000.00   -34.8919
  49010.00   -35.2846
  49020.00   -35.1222
  49030.00   -35.4522
  49040.00   -35.2537
  49050.00   -35.4157
  49060.00   -35.5438
  49070.00   -34.9800
  49080.00   -34.9002
  49090.00   -35.1919
  49100.00   -35.3936
  49110.00   -35.0215
  49120.00   -35.1639
  49130.00   -35.6014
  49140.00   -35.1852
  49150.00   -35.0204
  49160.00   -34.0988
  49170.00   -35.2525
  49180.00   -35.2479
  49190.00   -35.0388
  49200.00   -35.2553
  49210.00   -35.2707
  49220.00   -34.7752
  49230.00   -35.4969
  49240.00   -35.5136
  49250.00   -35.1297
  49260.00   -34.8654
  49270.00   -35.1562
  49280.00   -35.1313
  49290.00   -35.3467
  49300.00   -34.8729
  49310.00   -35.3013
  49320.00   -35.1108
  49330.00   -35.5023
  49340.00   -35.1106
  49350.00   -34.6446
  49360.00   -35.4573
  49370.00   -34.7586
  49380.00   -35.1520
  49390.00   -35.1732
  49400.00   -34.7966
  49410.00   -35.6944
  49420.00   -34.4718
  49430.00   -34.4860
  49440.00   -35.2288
  49450.00   -35.2525
  49460.00   -34.8041
  49470.00   -35.1119
  49480.00   -35.2162
  49490.00   -35.2074
  49500.00   -34.8051
  49510.00   -34.9848
  49520.00   -34.6838
  49530.00   -34.6237
  49540.00   -35.7992
  49550.00   -34.7850
  49560.00   -35.0379
  49570.00   -34.6815
  49580.00   -34.8933
  49590.00   -36.0706
  49600.00   -34.8047
  49610.00   -34.8678
  49620.00   -34.9618
  49630.00   -34.8362
  49640.00   -35.0858
  49650.00   -35.2315
  49660.00   -34.5992
  49670.00   -34.9992
  49680.00   -34.3754
  49690.00   -35.1729
  49700.00   -34.9710
  49710.00   -34.4171
  49720.00   -35.0771
  49730.00   -34.8504
  49740.00   -35.2182
  49750.00   -34.8314
  49760.00   -34.8236
  49770.00   -34.8662
  49780.00   -34.6060
  49790.00   -34.8557
  49800.00   -35.0815
  49810.00   -35.0712
  49820.00   -35.3519
  49830.00   -35.2222
  49840.00   -35.0267
  49850.00   -35.3789
  49860.00   -34.9470
  49870.00   -35.0839
  49880.00   -34.9073
  49890.00   -34.8906
  49900.00   -35.0039
  49910.00   -34.6171
  49920.00   -34.8100
  49930.00   -34.9382
  49940.00   -34.9243
  49950.00   -34.6210
  49960.00   -34.8962
  49970.00   -34.9436
  49980.00   -35.0218
  49990.00   -35.7308
  50000.00   -34.9917
