     10.00    30.3014
     20.00    29.4832
     30.00    30.1507
     40.00    30.1099
     50.00    29.4335
     60.00    29.8903
     70.00    30.0159
     80.00    30.0563
     90.00    30.2996
    100.00    29.5075
    110.00    29.9077
    120.00    29.4984
    130.00    30.0324
    140.00    30.2207
    150.00    30.1313
    160.00    29.9179
    170.00    30.4353
    180.00    29.9136
    190.00    29.3978
    200.00    29.8845
    210.00    29.9985
    220.00    29.7867
    230.00    29.9526
    240.00    30.0966
    250.00    29.9724
    260.00    29.8884
    270.00    30.1984
    280.00    29.6787
    290.00    29.8738
    300.00    30.1401
    310.00    30.3194
    320.00    29.9411
    330.00    30.1439
    340.00    30.2219
    350.00    30.2064
    360.00    30.0926
    370.00    29.8920
    380.00    29.9864
    390.00    29.9797
    400.00    30.1785
    410.00    29.8444
    420.00    29.7886
    430.00    30.3696
    440.00    30.4415
    450.00    30.0420
    460.00    29.6310
    470.00    29.8260
    480.00    29.9451
    490.00    29.5184
    500.00    30.3021
    510.00    29.7407
    520.00    30.1857
    530.00    30.1413
    540.00    30.3552
    550.00    30.3350
    560.00    29.9598
    570.00    29.8466
    580.00    30.0854
    590.00    29.7596
    600.00    29.8104
    610.00    29.7518
    620.00    30.5375
    630.00    29.0333
    640.00    30.0710
    650.00    30.1311
    660.00    30.3418
    670.00    29.7622
    680.00    30.0655
    690.00    30.2532
    700.00    29.6528
    710.00    30.2420
    720.00    29.7200
    730.00    29.6014
    740.00    30.0061
    750.00    30.3800
    760.00    29.7272
    770.00    29.7759
    780.00    30.7928
    790.00    29.9370
    800.00    30.4817
    810.00    29.9060
    820.00    29.7000
    830.00    29.9955
    840.00    29.9280
    850.00    29.2461
    860.00    30.2810
    870.00    29.6188
    880.00    30.0191
    890.00    29.8349
    900.00    29.5508
    910.00    29.8224
    920.00    29.7248
    930.00    30.1683
    940.00    29.7959
    950.00    29.6574
    960.00    29.7058
    970.00    30.3466
    980.00    30.1968
    990.00    30.0427
   1000.00    30.2799
   1010.00    29.8976
   1020.00    30.6331
   1030.00    30.0001
   1040.00    29.9860
   1050.00    29.9820
   1060.00    29.5962
   1070.00    30.1475
   1080.00    30.1715
   1090.00    30.0887
   1100.00    30.1012
   1110.00    30.0622
   1120.00    29.7599
   1130.00    30.2789
   1140.00    30.1196
   1150.00    29.9324
   1160.00    29.9571
   1170.00    30.2294
   1180.00    29.6319
   1190.00    30.2720
   1200.00    29.9557
   1210.00    29.7978
   1220.00    30.1064
   1230.00    29.6500
   1240.00    29.6302
   1250.00    29.7603
   1260.00    30.1362
   1270.00    29.9247
   1280.00    30.3104
   1290.00    29.7338
   1300.00    29.8488
   1310.00    30.2598
   1320.00    29.9962
   1330.00    29.1583
   1340.00    29.8611
   1350.00    30.1141
   1360.00    29.8140
   1370.00    29.9620
   1380.00    29.6734
   1390.00    30.3632
   1400.00    29.6901
   1410.00    29.6529
   1420.00    29.4357
   1430.00    29.6275
   1440.00    29.5825
   1450.00    30.4984
   1460.00    30.1000
   1470.00    29.6477
   1480.00    30.1295
   1490.00    30.4059
   1500.00    30.6230
   1510.00    30.3480
   1520.00    30.4520
   1530.00    30.4740
   1540.00    30.2210
   1550.00    29.9264
   1560.00    29.7268
   1570.00    30.1305
   1580.00    29.9895
   1590.00    30.3702
   1600.00    29.7756
   1610.00    29.7457
   1620.00    29.8366
   1630.00    30.3429
   1640.00    29.7968
   1650.00    30.3872
   1660.00    30.1520
   1670.00    30.0275
   1680.00    29.6262
   1690.00    29.6948
   1700.00    29.5082
   1710.00    30.0502
   1720.00    29.7519
   1730.00    29.8385
   1740.00    29.7810
   1750.00    30.2023
   1760.00    30.3944
   1770.00    29.9961
   1780.00    30.0517
   1790.00    30.0639
   1800.00    30.4547
   1810.00    30.1618
   1820.00    30.4460
   1830.00    29.8413
   1840.00    29.5502
   1850.00    30.2153
   1860.00    30.3188
   1870.00    30.0068
   1880.00    30.5206
   1890.00    30.5200
   1900.00    29.6744
   1910.00    30.1263
   1920.00    30.0683
   1930.00    29.7793
   1940.00    30.1623
   1950.00    29.8135
   1960.00    30.1019
   1970.00    30.2922
   1980.00    29.2804
   1990.00    29.5138
   2000.00    30.1011
   2010.00    29.9363
   2020.00    30.3445
   2030.00    29.8211
   2040.00    29.7270
   2050.00    30.0453
   2060.00    30.1565
   2070.00    29.9213
   2080.00    29.9567
   2090.00    30.0010
   2100.00    29.7347
   2110.00    29.8533
   2120.00    29.7489
   2130.00    30.4011
   2140.00    30.2245
   2150.00    29.7256
   2160.00    30.1418
   2170.00    29.7788
   2180.00    29.7593
   2190.00    29.8812
   2200.00    30.0062
   2210.00    30.0959
   2220.00    29.8566
   2230.00    29.8587
   2240.00    30.2331
   2250.00    30.0758
   2260.00    29.8558
   2270.00    29.7090
   2280.00    30.2432
   2290.00    30.0077
   2300.00    29.6232
   2310.00    30.7145
   2320.00    30.1208
   2330.00    29.5920
   2340.00    29.8039
   2350.00    30.0521
   2360.00    30.0892
   2370.00    29.9486
   2380.00    30.0810
   2390.00    29.9614
   2400.00    30.4220
   2410.00    30.1323
   2420.00    29.8767
   2430.00    29.6325
   2440.00    30.1480
   2450.00    29.9091
   2460.00    29.8908
   2470.00    29.8014
   2480.00    29.9353
   2490.00    29.5319
   2500.00    30.3116
   2510.00    29.8055
   2520.00    30.0337
   2530.00    30.3892
   2540.00    30.1082
   2550.00    29.8640
   2560.00    29.7705
   2570.00    29.5602
   2580.00    29.8775
   2590.00    29.9669
   2600.00    29.9988
   2610.00    29.7016
   2620.00    29.9523
   2630.00    30.1577
   2640.00    30.2370
   2650.00    29.6773
   2660.00    30.3558
   2670.00    30.0303
   2680.00    30.1199
   2690.00    30.4929
   2700.00    30.2194
   2710.00    30.1196
   2720.00    29.9708
   2730.00    30.4828
   2740.00    29.7446
   2750.00    30.2073
   2760.00    30.2584
   2770.00    29.4416
   2780.00    30.2976
   2790.00    29.6953
   2800.00    30.1133
   2810.00    30.6238
   2820.00    30.6333
   2830.00    29.6514
   2840.00    30.2216
   2850.00    29.8363
   2860.00    30.0833
   2870.00    30.2866
   2880.00    30.2671
   2890.00    29.9613
   2900.00    30.0121
   2910.00    29.9610
   2920.00    30.0860
   2930.00    29.7284
   2940.00    29.9489
   2950.00    30.1872
   2960.00    30.5457
   2970.00    29.7889
   2980.00    30.2965
   2990.00    29.6913
   3000.00    29.8895
   3010.00    30.0612
   3020.00    30.0665
   3030.00    29.6472
   3040.00    29.8485
   3050.00    29.5495
   3060.00    29.7700
   3070.00    29.7388
   3080.00    30.0560
   3090.00    30.2206
   3100.00    30.6387
   3110.00    30.2286
   3120.00    30.1377
   3130.00    30.1635
   3140.00    29.8364
   3150.00    29.9133
   3160.00    29.4342
   3170.00    29.8078
   3180.00    30.2210
   3190.00    30.7114
   3200.00    29.6851
   3210.00    29.6341
   3220.00    29.6439
   3230.00    30.4218
   3240.00    30.5380
   3250.00    30.4315
   3260.00    29.8905
   3270.00    30.2230
   3280.00    30.1622
   3290.00    30.1574
   3300.00    29.8312
   3310.00    29.8582
   3320.00    30.8586
   3330.00    29.7325
   3340.00    30.1768
   3350.00    29.9920
   3360.00    30.2422
   3370.00    30.0948
   3380.00    30.0162
   3390.00    30.0789
   3400.00    29.9152
   3410.00    29.7579
   3420.00    30.0630
   3430.00    29.5371
   3440.00    29.7815
   3450.00    29.9898
   3460.00    30.0449
   3470.00    30.1083
   3480.00    30.1173
   3490.00    30.2242
   3500.00    30.1064
   3510.00    30.4639
   3520.00    30.1502
   3530.00    30.0116
   3540.00    30.1493
   3550.00    29.8345
   3560.00    29.9521
   3570.00    30.3777
   3580.00    30.2030
   3590.00    30.4087
   3600.00    29.9598
   3610.00    30.0498
   3620.00    30.1221
   3630.00    30.3722
   3640.00    29.8650
   3650.00    29.9157
   3660.00    29.6900
   3670.00    30.0083
   3680.00    29.5287
   3690.00    29.8580
   3700.00    30.2134
   3710.00    29.6116
   3720.00    30.2034
   3730.00    30.2913
   3740.00    30.0996
   3750.00    30.0162
   3760.00    29.2655
   3770.00    30.0580
   3780.00    29.9872
   3790.00    30.2140
   3800.00    29.6653
   3810.00    30.1457
   3820.00    30.2502
   3830.00    30.1456
   3840.00    29.9391
   3850.00    30.1554
   3860.00    30.0906
   3870.00    30.1981
   3880.00    29.8360
   3890.00    29.9571
   3900.00    29.8052
   3910.00    29.9331
   3920.00    30.1321
   3930.00    29.9379
   3940.00    30.2221
   3950.00    29.6251
   3960.00    29.9241
   3970.00    30.1151
   3980.00    30.1567
   3990.00    30.5294
   4000.00    29.9541
   4010.00    30.1686
   4020.00    29.9731
   4030.00    29.6448
   4040.00    29.7364
   4050.00    30.0687
   4060.00    29.9333
   4070.00    29.9787
   4080.00    29.8926
   4090.00    30.5183
   4100.00    29.9706
   4110.00    30.1206
   4120.00    29.5920
   4130.00    29.9998
   4140.00    30.0226
   4150.00    30.1305
   4160.00    29.4739
   4170.00    30.1824
   4180.00    30.4562
   4190.00    30.1226
   4200.00    30.0191
   4210.00    30.1507
   4220.00    30.2770
   4230.00    29.7533
   4240.00    29.9327
   4250.00    29.6812
   4260.00    29.8831
   4270.00    30.8366
   4280.00    29.8568
   4290.00    30.4097
   4300.00    30.5081
   4310.00    29.7714
   4320.00    29.9303
   4330.00    30.3876
   4340.00    30.2483
   4350.00    29.9316
   4360.00    29.8297
   4370.00    29.9794
   4380.00    30.0569
   4390.00    29.2648
   4400.00    29.9086
   4410.00    29.8473
   4420.00    29.8611
   4430.00    29.7097
   4440.00    29.2540
   4450.00    29.9310
   4460.00    30.6630
   4470.00    29.4684
   4480.00    29.8167
   4490.00    29.5312
   4500.00    29.5468
   4510.00    30.0188
   4520.00    30.1997
   4530.00    29.5147
   4540.00    30.0409
   4550.00    30.2234
   4560.00    29.9554
   4570.00    30.4507
   4580.00    29.9753
   4590.00    29.7600
   4600.00    28.8517
   4610.00    30.0145
   4620.00    29.8640
   4630.00    30.3762
   4640.00    30.2030
   4650.00    30.1386
   4660.00    29.8720
   4670.00    29.8990
   4680.00    30.2973
   4690.00    30.1650
   4700.00    29.7191
   4710.00    29.5845
   4720.00    29.6365
   4730.00    29.5206
   4740.00    30.0072
   4750.00    30.1981
   4760.00    30.0558
   4770.00    29.9597
   4780.00    29.7760
   4790.00    30.2106
   4800.00    30.0057
   4810.00    29.9891
   4820.00    30.4339
   4830.00    30.4940
   4840.00    29.7281
   4850.00    29.8680
   4860.00    30.0290
   4870.00    29.6205
   4880.00    29.9515
   4890.00    30.1431
   4900.00    29.9573
   4910.00    29.5801
   4920.00    30.2826
   4930.00    30.1132
   4940.00    29.9124
   4950.00    29.8536
   4960.00    29.7088
   4970.00    30.0169
   4980.00    30.0161
   4990.00    30.1823
   5000.00    29.9815
   5010.00    29.9521
   5020.00    30.3893
   5030.00    30.4936
   5040.00    29.5031
   5050.00    30.0523
   5060.00    30.1376
   5070.00    29.6949
   5080.00    29.6079
   5090.00    29.2097
   5100.00    29.9120
   5110.00    29.8725
   5120.00    30.5421
   5130.00    30.1091
   5140.00    30.1255
   5150.00    29.7245
   5160.00    30.2305
   5170.00    29.8411
   5180.00    30.0120
   5190.00    29.7519
   5200.00    29.7975
   5210.00    29.8672
   5220.00    30.2022
   5230.00    29.1978
   5240.00    29.9511
   5250.00    29.8702
   5260.00    30.7752
   5270.00    29.9297
   5280.00    30.0676
   5290.00    29.9334
   5300.00    30.2107
   5310.00    30.1864
   5320.00    29.9020
   5330.00    30.0203
   5340.00    30.2188
   5350.00    30.1606
   5360.00    29.8185
   5370.00    29.8248
   5380.00    30.4072
   5390.00    29.7704
   5400.00    29.7536
   5410.00    30.5076
   5420.00    30.0282
   5430.00    30.2811
   5440.00    29.5490
   5450.00    30.2367
   5460.00    30.0506
   5470.00    30.4428
   5480.00    29.9270
   5490.00    30.2704
   5500.00    29.3830
   5510.00    30.1300
   5520.00    29.9371
   5530.00    30.3806
   5540.00    29.2001
   5550.00    30.6609
   5560.00    30.2821
   5570.00    29.9742
   5580.00    29.6867
   5590.00    30.1094
   5600.00    29.5993
   5610.00    30.3697
   5620.00    30.0257
   5630.00    29.9326
   5640.00    30.1694
   5650.00    30.3223
   5660.00    30.6935
   5670.00    30.2204
   5680.00    29.7670
   5690.00    30.0976
   5700.00    29.9746
   5710.00    29.6604
   5720.00    30.1110
   5730.00    29.4672
   5740.00    29.6920
   5750.00    29.9585
   5760.00    29.8365
   5770.00    29.8604
   5780.00    30.5245
   5790.00    29.9251
   5800.00    30.0171
   5810.00    30.3598
   5820.00    29.8404
   5830.00    30.3550
   5840.00    30.2434
   5850.00    29.8699
   5860.00    29.4496
   5870.00    29.3805
   5880.00    29.7962
   5890.00    29.8521
   5900.00    30.0160
   5910.00    29.9909
   5920.00    29.6229
   5930.00    30.2060
   5940.00    30.0826
   5950.00    30.1542
   5960.00    30.0557
   5970.00    29.5344
   5980.00    30.1203
   5990.00    29.9976
   6000.00    29.3061
   6010.00    29.5045
   6020.00    30.2502
   6030.00    29.5721
   6040.00    29.8573
   6050.00    29.7405
   6060.00    29.8087
   6070.00    30.1381
   6080.00    29.8880
   6090.00    29.7543
   6100.00    30.3466
   6110.00    30.1105
   6120.00    30.5667
   6130.00    30.2851
   6140.00    29.7055
   6150.00    30.4924
   6160.00    30.1664
   6170.00    30.4573
   6180.00    30.2988
   6190.00    30.1857
   6200.00    29.5146
   6210.00    30.1288
   6220.00    30.1086
   6230.00    29.6988
   6240.00    29.2542
   6250.00    30.3668
   6260.00    30.0062
   6270.00    30.4975
   6280.00    30.2978
   6290.00    30.1990
   6300.00    30.3402
   6310.00    29.9923
   6320.00    29.9081
   6330.00    30.0124
   6340.00    29.8913
   6350.00    30.0893
   6360.00    29.7816
   6370.00    29.4523
   6380.00    29.6424
   6390.00    29.7043
   6400.00    29.6854
   6410.00    30.2264
   6420.00    30.1250
   6430.00    29.4895
   6440.00    30.3211
   6450.00    30.1059
   6460.00    30.3882
   6470.00    29.7773
   6480.00    29.8960
   6490.00    30.0275
   6500.00    29.8770
   6510.00    29.9821
   6520.00    29.8213
   6530.00    30.3172
   6540.00    29.8508
   6550.00    29.7123
   6560.00    30.0280
   6570.00    29.9287
   6580.00    30.0572
   6590.00    30.0033
   6600.00    29.7913
   6610.00    30.0823
   6620.00    30.4610
   6630.00    30.2592
   6640.00    29.9075
   6650.00    30.2676
   6660.00    30.6774
   6670.00    29.8018
   6680.00    30.0559
   6690.00    29.7469
   6700.00    30.1400
   6710.00    30.0924
   6720.00    29.9617
   6730.00    29.6144
   6740.00    29.4544
   6750.00    30.0649
   6760.00    29.8645
   6770.00    30.0953
   6780.00    29.9545
   6790.00    29.6724
   6800.00    30.1319
   6810.00    30.0833
   6820.00    29.9856
   6830.00    30.0629
   6840.00    29.9263
   6850.00    30.3437
   6860.00    29.8983
   6870.00    30.1949
   6880.00    29.9672
   6890.00    30.2560
   6900.00    29.7597
   6910.00    29.7366
   6920.00    29.5662
   6930.00    29.7953
   6940.00    29.9992
   6950.00    30.1057
   6960.00    29.9317
   6970.00    30.2073
   6980.00    30.6059
   6990.00    30.2122
   7000.00    29.8406
   7010.00    30.2343
   7020.00    29.8926
   7030.00    29.7721
   7040.00    29.4809
   7050.00    30.1134
   7060.00    30.0693
   7070.00    30.3999
   7080.00    29.7742
   7090.00    30.0100
   7100.00    29.6491
   7110.00    29.9010
   7120.00    29.9151
   7130.00    29.9164
   7140.00    29.9264
   7150.00    29.9085
   7160.00    29.9710
   7170.00    30.0544
   7180.00    30.0179
   7190.00    29.9096
   7200.00    29.9537
   7210.00    29.8208
   7220.00    29.5176
   7230.00    29.9968
   7240.00    30.3464
   7250.00    30.0237
   7260.00    30.2065
   7270.00    29.8954
   7280.00    29.8868
   7290.00    29.6407
   7300.00    30.2135
   7310.00    29.7229
   7320.00    30.4409
   7330.00    30.3343
   7340.00    29.8702
   7350.00    29.7754
   7360.00    29.9569
   7370.00    30.4948
   7380.00    29.7202
   7390.00    30.7318
   7400.00    30.1108
   7410.00    29.9159
   7420.00    29.8989
   7430.00    30.1601
   7440.00    29.7448
   7450.00    29.6954
   7460.00    29.9340
   7470.00    30.0700
   7480.00    29.9429
   7490.00    30.0153
   7500.00    29.7942
   7510.00    30.1920
   7520.00    29.9786
   7530.00    29.9205
   7540.00    29.9359
   7550.00    29.9912
   7560.00    30.5781
   7570.00    30.2485
   7580.00    29.8522
   7590.00    30.1370
   7600.00    29.5073
   7610.00    29.7598
   7620.00    29.8796
   7630.00    30.3067
   7640.00    30.2114
   7650.00    30.1867
   7660.00    29.7038
   7670.00    29.9582
   7680.00    29.9372
   7690.00    30.3371
   7700.00    29.9086
   7710.00    29.7558
   7720.00    30.0573
   7730.00    29.9285
   7740.00    30.1460
   7750.00    30.4807
   7760.00    29.9714
   7770.00    30.1370
   7780.00    29.8500
   7790.00    30.3557
   7800.00    30.0993
   7810.00    29.6579
   7820.00    29.6738
   7830.00    30.2330
   7840.00    30.1553
   7850.00    29.5307
   7860.00    30.2046
   7870.00    30.1970
   7880.00    30.1645
   7890.00    29.9411
   7900.00    30.4677
   7910.00    30.1379
   7920.00    30.5606
   7930.00    29.9840
   7940.00    29.9672
   7950.00    30.1566
   7960.00    29.8929
   7970.00    30.2302
   7980.00    30.1641
   7990.00    29.7714
   8000.00    29.8997
   8010.00    30.1028
   8020.00    30.0255
   8030.00    29.6163
   8040.00    29.9507
   8050.00    30.0494
   8060.00    29.9607
   8070.00    29.7915
   8080.00    29.9915
   8090.00    30.2404
   8100.00    29.7769
   8110.00    30.0751
   8120.00    29.8010
   8130.00    29.9425
   8140.00    29.8890
   8150.00    30.2794
   8160.00    30.3837
   8170.00    29.9103
   8180.00    29.6283
   8190.00    29.5186
   8200.00    29.6557
   8210.00    30.2154
   8220.00    30.0108
   8230.00    29.8079
   8240.00    29.9771
   8250.00    29.6142
   8260.00    30.0198
   8270.00    29.8616
   8280.00    30.4821
   8290.00    30.2769
   8300.00    30.1854
   8310.00    29.7667
   8320.00    29.7687
   8330.00    30.0524
   8340.00    29.7908
   8350.00    29.5961
   8360.00    30.1330
   8370.00    30.1074
   8380.00    30.0240
   8390.00    30.2365
   8400.00    29.7907
   8410.00    30.0462
   8420.00    30.3846
   8430.00    30.2594
   8440.00    29.8577
   8450.00    30.0933
   8460.00    29.9610
   8470.00    30.3567
   8480.00    29.8169
   8490.00    29.8425
   8500.00    30.1695
   8510.00    29.9364
   8520.00    29.8462
   8530.00    29.9908
   8540.00    30.4986
   8550.00    30.3634
   8560.00    29.4063
   8570.00    29.6995
   8580.00    30.7518
   8590.00    29.3934
   8600.00    30.3490
   8610.00    30.0245
   8620.00    30.0150
   8630.00    30.0504
   8640.00    29.9877
   8650.00    30.6036
   8660.00    29.8248
   8670.00    30.3545
   8680.00    30.2381
   8690.00    29.9159
   8700.00    29.8371
   8710.00    29.5593
   8720.00    29.9875
   8730.00    30.2490
   8740.00    30.4250
   8750.00    30.1232
   8760.00    30.1957
   8770.00    30.2447
   8780.00    30.3332
   8790.00    29.9092
   8800.00    30.2660
   8810.00    30.1110
   8820.00    30.0824
   8830.00    29.5614
   8840.00    29.8036
   8850.00    29.9421
   8860.00    30.0013
   8870.00    30.1762
   8880.00    29.9180
   8890.00    29.9566
   8900.00    30.0735
   8910.00    29.9508
   8920.00    29.5647
   8930.00    30.3540
   8940.00    29.5449
   8950.00    29.9654
   8960.00    29.9448
   8970.00    29.7464
   8980.00    30.1398
   8990.00    30.2084
   9000.00    29.8982
   9010.00    29.8825
   9020.00    29.7862
   9030.00    30.4872
   9040.00    30.1093
   9050.00    30.1089
   9060.00    30.3315
   9070.00    29.5529
   9080.00    30.2044
   9090.00    29.6446
   9100.00    29.6581
   9110.00    30.1053
   9120.00    29.8438
   9130.00    29.8837
   9140.00    29.8794
   9150.00    30.0643
   9160.00    29.5979
   9170.00    29.8238
   9180.00    30.1681
   9190.00    29.7690
   9200.00    29.3176
   9210.00    29.7891
   9220.00    29.7314
   9230.00    29.9675
   9240.00    29.6831
   9250.00    29.8211
   9260.00    30.5977
   9270.00    29.7343
   9280.00    29.6765
   9290.00    30.0146
   9300.00    29.9685
   9310.00    29.6659
   9320.00    30.1134
   9330.00    29.6418
   9340.00    29.6392
   9350.00    29.5543
   9360.00    30.3612
   9370.00    29.8806
   9380.00    29.9676
   9390.00    29.3414
   9400.00    30.1468
   9410.00    30.2264
   9420.00    29.7862
   9430.00    29.9255
   9440.00    29.9111
   9450.00    29.9592
   9460.00    29.8091
   9470.00    30.3714
   9480.00    29.6678
   9490.00    29.4448
   9500.00    30.1180
   9510.00    29.5718
   9520.00    29.9913
   9530.00    30.1075
   9540.00    30.1370
   9550.00    29.9420
   9560.00    30.1523
   9570.00    30.2286
   9580.00    30.1629
   9590.00    29.4541
   9600.00    29.9913
   9610.00    29.5473
   9620.00    30.2806
   9630.00    30.5820
   9640.00    29.8407
   9650.00    29.3387
   9660.00    30.3148
   9670.00    29.5886
   9680.00    29.4847
   9690.00    30.3099
   9700.00    30.3371
   9710.00    30.3613
   9720.00    29.8377
   9730.00    30.3047
   9740.00    30.0512
   9750.00    29.5355
   9760.00    30.0240
   9770.00    30.3837
   9780.00    29.6418
   9790.00    29.5565
   9800.00    30.0520
   9810.00    29.8865
   9820.00    30.4320
   9830.00    29.6563
   9840.00    29.8851
   9850.00    29.2974
   9860.00    30.3359
   9870.00    29.6785
   9880.00    29.8474
   9890.00    30.2403
   9900.00    29.2584
   9910.00    29.8446
   9920.00    29.7433
   9930.00    29.0852
   9940.00    30.0715
   9950.00    29.9679
   9960.00    29.8215
   9970.00    29.4496
   9980.00    30.2712
   9990.00    29.9452
  10000.00    29.8284
  10010.00    29.9100
  10020.00    30.3632
  10030.00    29.7274
  10040.00    29.6878
  10050.00    30.2278
  10060.00    30.0389
  10070.00    30.2157
  10080.00    29.9783
  10090.00    30.4829
  10100.00    30.2074
  10110.00    29.9636
  10120.00    29.6724
  10130.00    29.5954
  10140.00    29.7489
  10150.00    29.9877
  10160.00    30.0357
  10170.00    29.8299
  10180.00    30.2012
  10190.00    29.8910
  10200.00    29.9664
  10210.00    30.2823
  10220.00    30.3740
  10230.00    29.5121
  10240.00    30.2468
  10250.00    29.8148
  10260.00    29.8501
  10270.00    29.9670
  10280.00    30.1241
  10290.00    29.9696
  10300.00    30.2816
  10310.00    30.2808
  10320.00    29.9041
  10330.00    30.3955
  10340.00    30.2516
  10350.00    29.8107
  10360.00    29.6919
  10370.00    30.2748
  10380.00    30.2256
  10390.00    29.9592
  10400.00    30.0196
  10410.00    30.2546
  10420.00    30.0037
  10430.00    29.6912
  10440.00    30.1373
  10450.00    30.2262
  10460.00    30.3233
  10470.00    30.0032
  10480.00    30.3966
  10490.00    30.1161
  10500.00    30.0542
  10510.00    29.9077
  10520.00    30.2253
  10530.00    30.2906
  10540.00    30.3256
  10550.00    30.1998
  10560.00    30.0826
  10570.00    30.2188
  10580.00    29.9591
  10590.00    30.3274
  10600.00    29.7945
  10610.00    29.7817
  10620.00    29.8364
  10630.00    30.2417
  10640.00    29.4923
  10650.00    30.3466
  10660.00    29.6236
  10670.00    30.2528
  10680.00    29.9028
  10690.00    29.5390
  10700.00    30.5068
  10710.00    30.1307
  10720.00    29.7981
  10730.00    30.1022
  10740.00    29.8838
  10750.00    30.2819
  10760.00    30.5311
  10770.00    30.6595
  10780.00    29.5741
  10790.00    30.3555
  10800.00    30.1185
  10810.00    30.1018
  10820.00    29.7475
  10830.00    30.3282
  10840.00    30.0175
  10850.00    30.2731
  10860.00    29.8454
  10870.00    30.4098
  10880.00    30.0697
  10890.00    30.0228
  10900.00    30.1846
  10910.00    29.4594
  10920.00    30.3866
  10930.00    30.0531
  10940.00    29.7064
  10950.00    29.7714
  10960.00    30.0457
  10970.00    30.2080
  10980.00    30.1102
  10990.00    30.1066
  11000.00    30.0860
  11010.00    30.3281
  11020.00    29.4826
  11030.00    29.6384
  11040.00    29.9028
  11050.00    30.4133
  11060.00    29.6898
  11070.00    30.0711
  11080.00    29.7086
  11090.00    29.9496
  11100.00    30.1133
  11110.00    29.9819
  11120.00    29.9524
  11130.00    29.8362
  11140.00    30.0988
  11150.00    30.2802
  11160.00    29.7798
  11170.00    29.7028
  11180.00    29.6285
  11190.00    30.0344
  11200.00    30.1540
  11210.00    29.6902
  11220.00    29.9270
  11230.00    29.5721
  11240.00    29.6430
  11250.00    30.4676
  11260.00    30.2546
  11270.00    30.1375
  11280.00    29.8193
  11290.00    30.1968
  11300.00    30.2015
  11310.00    29.9619
  11320.00    30.2854
  11330.00    30.0090
  11340.00    30.1654
  11350.00    30.7425
  11360.00    29.9124
  11370.00    29.9845
  11380.00    29.6173
  11390.00    29.7146
  11400.00    29.6695
  11410.00    29.2431
  11420.00    29.5523
  11430.00    30.1799
  11440.00    29.9190
  11450.00    29.9918
  11460.00    29.7604
  11470.00    29.5898
  11480.00    30.3255
  11490.00    30.0737
  11500.00    30.0629
  11510.00    29.4937
  11520.00    30.2038
  11530.00    30.0118
  11540.00    30.2050
  11550.00    29.1624
  11560.00    30.0339
  11570.00    29.9033
  11580.00    29.7442
  11590.00    30.2581
  11600.00    29.7119
  11610.00    29.9106
  11620.00    29.5177
  11630.00    30.4886
  11640.00    29.8838
  11650.00    30.0026
  11660.00    30.0643
  11670.00    30.6153
  11680.00    30.3639
  11690.00    30.2712
  11700.00    29.2950
  11710.00    30.6010
  11720.00    29.6239
  11730.00    29.7340
  11740.00    29.8357
  11750.00    30.2091
  11760.00    30.1110
  11770.00    30.1278
  11780.00    29.9611
  11790.00    29.6072
  11800.00    29.9715
  11810.00    29.6798
  11820.00    30.5802
  11830.00    30.0247
  11840.00    30.0424
  11850.00    29.6926
  11860.00    30.3393
  11870.00    29.8052
  11880.00    29.8795
  11890.00    30.2601
  11900.00    30.0214
  11910.00    30.0698
  11920.00    30.3199
  11930.00    29.8656
  11940.00    29.9618
  11950.00    30.1355
  11960.00    29.7078
  11970.00    30.3549
  11980.00    30.0706
  11990.00    30.3570
  12000.00    30.1075
  12010.00    30.3711
  12020.00    30.2222
  12030.00    30.4624
  12040.00    30.1647
  12050.00    30.0737
  12060.00    30.2022
  12070.00    29.7978
  12080.00    30.1668
  12090.00    29.6343
  12100.00    29.5542
  12110.00    30.2843
  12120.00    29.9663
  12130.00    30.4809
  12140.00    30.2199
  12150.00    29.9882
  12160.00    29.8888
  12170.00    30.0261
  12180.00    30.5318
  12190.00    30.2993
  12200.00    29.8317
  12210.00    29.7653
  12220.00    30.2191
  12230.00    30.1751
  12240.00    30.2114
  12250.00    29.8455
  12260.00    29.6666
  12270.00    29.6027
  12280.00    29.6557
  12290.00    29.7897
  12300.00    30.1204
  12310.00    29.5511
  12320.00    30.5504
  12330.00    29.7485
  12340.00    29.5219
  12350.00    30.2979
  12360.00    30.1931
  12370.00    29.8673
  12380.00    30.2882
  12390.00    29.6365
  12400.00    30.2011
  12410.00    30.1222
  12420.00    29.8083
  12430.00    29.9381
  12440.00    29.7062
  12450.00    30.0837
  12460.00    30.3064
  12470.00    29.4769
  12480.00    29.7703
  12490.00    29.9008
  12500.00    30.0223
  12510.00    30.0615
  12520.00    30.0138
  12530.00    29.5984
  12540.00    29.9196
  12550.00    29.8623
  12560.00    29.6173
  12570.00    30.4714
  12580.00    30.7240
  12590.00    30.3360
  12600.00    30.1908
  12610.00    29.5587
  12620.00    30.0413
  12630.00    30.2233
  12640.00    30.2516
  12650.00    30.1627
  12660.00    29.7356
  12670.00    29.8274
  12680.00    30.8512
  12690.00    30.0728
  12700.00    29.8549
  12710.00    30.3309
  12720.00    29.7896
  12730.00    30.2249
  12740.00    29.7855
  12750.00    30.1557
  12760.00    29.3115
  12770.00    30.1609
  12780.00    29.8274
  12790.00    29.6216
  12800.00    30.1465
  12810.00    30.5238
  12820.00    30.2776
  12830.00    30.0937
  12840.00    29.8152
  12850.00    30.9594
  12860.00    30.2713
  12870.00    29.9249
  12880.00    30.1350
  12890.00    29.5093
  12900.00    30.1535
  12910.00    29.8370
  12920.00    29.7985
  12930.00    30.2379
  12940.00    29.8504
  12950.00    29.4383
  12960.00    29.7525
  12970.00    29.4961
  12980.00    30.2577
  12990.00    29.7878
  13000.00    29.7439
  13010.00    30.4205
  13020.00    29.9887
  13030.00    29.7652
  13040.00    29.3304
  13050.00    29.9630
  13060.00    30.2229
  13070.00    30.3845
  13080.00    30.5115
  13090.00    29.8874
  13100.00    29.5301
  13110.00    30.1819
  13120.00    29.4794
  13130.00    30.2204
  13140.00    29.7048
  13150.00    29.8031
  13160.00    30.1105
  13170.00    29.2925
  13180.00    30.1964
  13190.00    30.0659
  13200.00    29.9027
  13210.00    30.4179
  13220.00    30.4696
  13230.00    30.2145
  13240.00    30.3493
  13250.00    30.0224
  13260.00    30.1137
  13270.00    29.8942
  13280.00    30.0555
  13290.00    29.9832
  13300.00    29.4673
  13310.00    30.0459
  13320.00    29.8337
  13330.00    29.5797
  13340.00    29.7403
  13350.00    29.9430
  13360.00    30.1430
  13370.00    30.0145
  13380.00    30.4750
  13390.00    30.3469
  13400.00    30.2808
  13410.00    30.0556
  13420.00    30.1178
  13430.00    29.8042
  13440.00    29.7099
  13450.00    29.5264
  13460.00    30.5085
  13470.00    29.8407
  13480.00    30.0587
  13490.00    30.2313
  13500.00    30.0540
  13510.00    29.8153
  13520.00    29.8303
  13530.00    29.9660
  13540.00    29.8987
  13550.00    29.4308
  13560.00    30.2803
  13570.00    30.0787
  13580.00    29.8084
  13590.00    30.0826
  13600.00    29.9675
  13610.00    29.9377
  13620.00    30.4602
  13630.00    29.5826
  13640.00    29.1955
  13650.00    30.0244
  13660.00    30.0132
  13670.00    30.3770
  13680.00    29.5262
  13690.00    30.1379
  13700.00    30.2511
  13710.00    30.4872
  13720.00    30.5704
  13730.00    31.1761
  13740.00    30.6207
  13750.00    30.0757
  13760.00    29.5736
  13770.00    29.8410
  13780.00    30.2580
  13790.00    30.0515
  13800.00    29.8455
  13810.00    30.0337
  13820.00    30.2589
  13830.00    29.6506
  13840.00    29.7470
  13850.00    29.8030
  13860.00    29.6313
  13870.00    29.9907
  13880.00    29.8661
  13890.00    30.5560
  13900.00    30.0799
  13910.00    29.9138
  13920.00    29.8426
  13930.00    30.7590
  13940.00    29.8446
  13950.00    30.3086
  13960.00    30.2988
  13970.00    29.9377
  13980.00    29.9073
  13990.00    29.8616
  14000.00    30.2086
  14010.00    29.6067
  14020.00    29.9546
  14030.00    30.3110
  14040.00    30.0453
  14050.00    29.5650
  14060.00    29.6293
  14070.00    30.6507
  14080.00    30.4905
  14090.00    30.0418
  14100.00    29.5439
  14110.00    30.1436
  14120.00    29.8958
  14130.00    30.5525
  14140.00    30.3584
  14150.00    29.8077
  14160.00    29.5791
  14170.00    30.0100
  14180.00    30.0399
  14190.00    30.2574
  14200.00    30.4496
  14210.00    30.1271
  14220.00    30.1317
  14230.00    30.2418
  14240.00    29.5667
  14250.00    29.9049
  14260.00    29.8988
  14270.00    29.7477
  14280.00    30.4017
  14290.00    30.2712
  14300.00    29.9838
  14310.00    29.9696
  14320.00    30.0190
  14330.00    29.5843
  14340.00    29.9732
  14350.00    30.5023
  14360.00    29.3530
  14370.00    29.7935
  14380.00    29.6372
  14390.00    30.0110
  14400.00    30.5402
  14410.00    30.0455
  14420.00    29.1613
  14430.00    30.1646
  14440.00    29.6575
  14450.00    30.4690
  14460.00    30.0052
  14470.00    29.8135
  14480.00    29.9091
  14490.00    30.2934
  14500.00    30.0705
  14510.00    30.2021
  14520.00    30.3474
  14530.00    29.4531
  14540.00    30.1374
  14550.00    30.2110
  14560.00    29.8887
  14570.00    29.3672
  14580.00    30.4360
  14590.00    29.3877
  14600.00    29.8704
  14610.00    29.7115
  14620.00    30.1132
  14630.00    30.2071
  14640.00    30.0700
  14650.00    30.3014
  14660.00    30.1602
  14670.00    29.9695
  14680.00    29.5980
  14690.00    29.7731
  14700.00    29.6568
  14710.00    30.3191
  14720.00    30.0765
  14730.00    29.8948
  14740.00    30.0534
  14750.00    29.5943
  14760.00    30.5999
  14770.00    30.2401
  14780.00    29.6459
  14790.00    30.4988
  14800.00    29.8817
  14810.00    30.4195
  14820.00    30.1986
  14830.00    29.6119
  14840.00    29.5701
  14850.00    29.7401
  14860.00    29.9805
  14870.00    30.0506
  14880.00    30.3728
  14890.00    30.2444
  14900.00    30.5500
  14910.00    29.5045
  14920.00    29.8537
  14930.00    29.8426
  14940.00    30.1725
  14950.00    29.7347
  14960.00    30.0745
  14970.00    29.9731
  14980.00    30.4188
  14990.00    30.0393
  15000.00    30.1007
  15010.00    30.2217
  15020.00    30.1765
  15030.00    30.0994
  15040.00    30.0995
  15050.00    30.3565
  15060.00    29.9035
  15070.00    29.5117
  15080.00    29.8879
  15090.00    30.3214
  15100.00    29.6929
  15110.00    30.4438
  15120.00    30.1905
  15130.00    30.0868
  15140.00    29.8600
  15150.00    30.0864
  15160.00    29.5504
  15170.00    29.5869
  15180.00    29.6517
  15190.00    30.2571
  15200.00    29.8920
  15210.00    30.0512
  15220.00    30.5384
  15230.00    29.3302
  15240.00    30.3275
  15250.00    29.8420
  15260.00    29.9154
  15270.00    30.4838
  15280.00    29.8395
  15290.00    30.1287
  15300.00    30.1852
  15310.00    30.0400
  15320.00    29.7830
  15330.00    30.2922
  15340.00    29.9474
  15350.00    30.0336
  15360.00    30.2136
  15370.00    29.9228
  15380.00    29.9061
  15390.00    30.2741
  15400.00    29.9469
  15410.00    29.5083
  15420.00    30.2958
  15430.00    29.8957
  15440.00    30.1233
  15450.00    30.1528
  15460.00    29.9209
  15470.00    30.2044
  15480.00    29.5420
  15490.00    30.0554
  15500.00    29.8747
  15510.00    30.1930
  15520.00    30.1269
  15530.00    29.9654
  15540.00    29.6902
  15550.00    30.3334
  15560.00    29.9623
  15570.00    29.5467
  15580.00    29.9670
  15590.00    30.2728
  15600.00    29.8763
  15610.00    29.9843
  15620.00    29.8873
  15630.00    30.5317
  15640.00    30.0525
  15650.00    29.8999
  15660.00    30.2208
  15670.00    30.1752
  15680.00    29.8307
  15690.00    30.0685
  15700.00    30.1747
  15710.00    30.3409
  15720.00    30.2473
  15730.00    29.8354
  15740.00    29.6330
  15750.00    29.3614
  15760.00    29.9829
  15770.00    30.0176
  15780.00    29.9365
  15790.00    30.0799
  15800.00    29.9909
  15810.00    30.0923
  15820.00    29.8022
  15830.00    30.5472
  15840.00    29.8431
  15850.00    30.1396
  15860.00    29.7280
  15870.00    30.1316
  15880.00    29.7627
  15890.00    30.0284
  15900.00    29.7741
  15910.00    29.9760
  15920.00    30.3261
  15930.00    30.2133
  15940.00    30.3825
  15950.00    30.1568
  15960.00    30.4204
  15970.00    30.1824
  15980.00    30.0512
  15990.00    30.0849
  16000.00    30.0282
  16010.00    29.9772
  16020.00    29.5015
  16030.00    29.4699
  16040.00    30.2469
  16050.00    30.2722
  16060.00    30.0126
  16070.00    29.9261
  16080.00    29.8851
  16090.00    29.8499
  16100.00    30.4381
  16110.00    29.9736
  16120.00    29.9984
  16130.00    29.3709
  16140.00    30.2442
  16150.00    30.2432
  16160.00    29.9518
  16170.00    29.7932
  16180.00    30.2912
  16190.00    29.9393
  16200.00    30.0425
  16210.00    29.9460
  16220.00    29.7387
  16230.00    30.3728
  16240.00    29.6820
  16250.00    29.6524
  16260.00    29.9680
  16270.00    30.4026
  16280.00    29.8784
  16290.00    30.4574
  16300.00    30.0878
  16310.00    30.3076
  16320.00    29.7554
  16330.00    30.4301
  16340.00    30.1860
  16350.00    30.5622
  16360.00    30.0917
  16370.00    29.6887
  16380.00    29.7376
  16390.00    30.2176
  16400.00    30.0130
  16410.00    30.3353
  16420.00    30.0001
  16430.00    30.1835
  16440.00    30.1379
  16450.00    30.8162
  16460.00    29.6456
  16470.00    29.8565
  16480.00    29.9011
  16490.00    30.3192
  16500.00    29.9036
  16510.00    29.4600
  16520.00    29.5985
  16530.00    30.5840
  16540.00    29.6887
  16550.00    30.4473
  16560.00    29.5460
  16570.00    29.9520
  16580.00    29.3489
  16590.00    29.5378
  16600.00    30.0831
  16610.00    30.1538
  16620.00    29.6353
  16630.00    30.3339
  16640.00    30.5117
  16650.00    29.7006
  16660.00    29.6391
  16670.00    30.4131
  16680.00    29.5246
  16690.00    30.4860
  16700.00    30.6687
  16710.00    30.1509
  16720.00    30.3076
  16730.00    30.3303
  16740.00    30.2751
  16750.00    29.7156
  16760.00    30.2127
  16770.00    29.7749
  16780.00    30.1235
  16790.00    29.5605
  16800.00    30.2152
  16810.00    29.8512
  16820.00    30.0480
  16830.00    30.0858
  16840.00    30.1518
  16850.00    29.9517
  16860.00    29.6149
  16870.00    30.0586
  16880.00    29.4831
  16890.00    29.9238
  16900.00    29.9743
  16910.00    30.5403
  16920.00    30.0068
  16930.00    30.1586
  16940.00    29.7894
  16950.00    29.9267
  16960.00    30.1891
  16970.00    30.9910
  16980.00    30.0854
  16990.00    29.9040
  17000.00    29.8594
  17010.00    30.2104
  17020.00    29.8175
  17030.00    29.7691
  17040.00    29.3852
  17050.00    30.0622
  17060.00    30.1429
  17070.00    30.2197
  17080.00    29.5951
  17090.00    30.2230
  17100.00    29.8337
  17110.00    30.2703
  17120.00    30.1458
  17130.00    29.8677
  17140.00    30.2190
  17150.00    29.9769
  17160.00    30.2500
  17170.00    29.9638
  17180.00    30.1574
  17190.00    29.7369
  17200.00    29.6737
  17210.00    30.3552
  17220.00    30.3848
  17230.00    30.2249
  17240.00    30.0357
  17250.00    30.1144
  17260.00    30.2775
  17270.00    30.0691
  17280.00    29.5684
  17290.00    29.8590
  17300.00    29.8269
  17310.00    29.5842
  17320.00    29.7695
  17330.00    29.4505
  17340.00    30.4023
  17350.00    30.2313
  17360.00    30.0912
  17370.00    29.4855
  17380.00    29.9178
  17390.00    30.2258
  17400.00    30.1023
  17410.00    30.0206
  17420.00    29.9869
  17430.00    30.2681
  17440.00    29.7506
  17450.00    30.0678
  17460.00    30.2374
  17470.00    30.4454
  17480.00    29.9574
  17490.00    29.8109
  17500.00    29.8825
  17510.00    30.2518
  17520.00    29.8563
  17530.00    30.2049
  17540.00    29.9437
  17550.00    29.8588
  17560.00    30.1127
  17570.00    29.6780
  17580.00    30.1577
  17590.00    30.2481
  17600.00    29.9143
  17610.00    30.2141
  17620.00    29.9346
  17630.00    29.7711
  17640.00    30.0893
  17650.00    30.6042
  17660.00    30.0185
  17670.00    30.0450
  17680.00    30.1850
  17690.00    30.4252
  17700.00    29.5499
  17710.00    29.8067
  17720.00    30.0132
  17730.00    29.9523
  17740.00    30.1574
  17750.00    30.0780
  17760.00    30.0721
  17770.00    30.0598
  17780.00    30.1711
  17790.00    30.1681
  17800.00    30.3491
  17810.00    30.0941
  17820.00    29.7334
  17830.00    29.7770
  17840.00    29.5515
  17850.00    30.4282
  17860.00    30.0080
  17870.00    30.6951
  17880.00    29.6050
  17890.00    30.2818
  17900.00    30.4752
  17910.00    29.5427
  17920.00    30.5041
  17930.00    29.6827
  17940.00    29.7998
  17950.00    29.9185
  17960.00    29.9253
  17970.00    30.3404
  17980.00    29.8477
  17990.00    30.0001
  18000.00    29.9295
  18010.00    30.1631
  18020.00    30.0846
  18030.00    30.2497
  18040.00    29.9022
  18050.00    30.0136
  18060.00    30.7385
  18070.00    30.0712
  18080.00    30.3044
  18090.00    30.5026
  18100.00    30.7463
  18110.00    30.5112
  18120.00    29.9884
  18130.00    29.7281
  18140.00    29.8853
  18150.00    30.0310
  18160.00    29.9981
  18170.00    30.6810
  18180.00    29.9230
  18190.00    30.0117
  18200.00    30.3778
  18210.00    29.3344
  18220.00    29.8828
  18230.00    30.0434
  18240.00    29.8408
  18250.00    30.2605
  18260.00    30.1063
  18270.00    29.9603
  18280.00    29.9685
  18290.00    30.3647
  18300.00    30.1835
  18310.00    30.0688
  18320.00    29.7004
  18330.00    29.5168
  18340.00    29.8111
  18350.00    30.1459
  18360.00    29.8826
  18370.00    29.9011
  18380.00    30.3588
  18390.00    29.6971
  18400.00    29.8684
  18410.00    30.0002
  18420.00    29.8393
  18430.00    30.1969
  18440.00    30.3026
  18450.00    30.1356
  18460.00    30.1725
  18470.00    30.1807
  18480.00    30.0139
  18490.00    30.2238
  18500.00    29.7578
  18510.00    29.7858
  18520.00    29.9155
  18530.00    29.5741
  18540.00    29.3519
  18550.00    30.1881
  18560.00    29.6111
  18570.00    30.0985
  18580.00    29.6796
  18590.00    29.8535
  18600.00    29.6448
  18610.00    29.3874
  18620.00    29.9774
  18630.00    29.9433
  18640.00    29.8658
  18650.00    30.2021
  18660.00    29.6827
  18670.00    30.1755
  18680.00    30.1213
  18690.00    29.9485
  18700.00    29.3287
  18710.00    30.2530
  18720.00    30.1547
  18730.00    30.0475
  18740.00    29.7892
  18750.00    30.0148
  18760.00    30.1521
  18770.00    30.1663
  18780.00    30.2005
  18790.00    29.6415
  18800.00    29.7375
  18810.00    29.7268
  18820.00    30.4383
  18830.00    30.5792
  18840.00    30.2461
  18850.00    30.1571
  18860.00    30.4106
  18870.00    30.3547
  18880.00    30.4416
  18890.00    30.3017
  18900.00    30.0294
  18910.00    30.2441
  18920.00    29.9296
  18930.00    29.8958
  18940.00    30.3014
  18950.00    29.4206
  18960.00    29.8902
  18970.00    30.6338
  18980.00    30.3175
  18990.00    30.1788
  19000.00    29.9031
  19010.00    30.1605
  19020.00    30.0359
  19030.00    30.2045
  19040.00    30.3291
  19050.00    29.8915
  19060.00    30.2187
  19070.00    29.8776
  19080.00    29.5736
  19090.00    29.7643
  19100.00    29.9712
  19110.00    30.0445
  19120.00    30.1823
  19130.00    30.0316
  19140.00    29.7804
  19150.00    29.8253
  19160.00    29.8229
  19170.00    29.7154
  19180.00    29.8976
  19190.00    30.3909
  19200.00    30.1494
  19210.00    30.2520
  19220.00    29.5422
  19230.00    30.0084
  19240.00    29.7418
  19250.00    29.7863
  19260.00    30.3774
  19270.00    29.8495
  19280.00    29.8662
  19290.00    30.3317
  19300.00    29.6256
  19310.00    29.5532
  19320.00    29.6209
  19330.00    29.5982
  19340.00    29.6595
  19350.00    30.0152
  19360.00    29.1634
  19370.00    29.9883
  19380.00    30.3135
  19390.00    30.1766
  19400.00    29.6955
  19410.00    29.9304
  19420.00    29.9294
  19430.00    29.8649
  19440.00    30.6173
  19450.00    30.1512
  19460.00    29.8987
  19470.00    30.2783
  19480.00    30.4930
  19490.00    30.0178
  19500.00    30.0180
  19510.00    29.9198
  19520.00    30.0922
  19530.00    30.5167
  19540.00    30.1904
  19550.00    29.6720
  19560.00    29.9586
  19570.00    30.0406
  19580.00    30.0026
  19590.00    30.0967
  19600.00    29.9444
  19610.00    30.3958
  19620.00    30.0623
  19630.00    29.6286
  19640.00    30.1875
  19650.00    29.9153
  19660.00    30.3161
  19670.00    30.0574
  19680.00    29.9288
  19690.00    29.7721
  19700.00    29.6979
  19710.00    29.6067
  19720.00    30.2713
  19730.00    30.0252
  19740.00    30.2741
  19750.00    29.9144
  19760.00    30.0758
  19770.00    30.0850
  19780.00    30.2687
  19790.00    29.7930
  19800.00    29.8979
  19810.00    30.2788
  19820.00    30.1625
  19830.00    29.6589
  19840.00    29.7138
  19850.00    29.8979
  19860.00    29.8952
  19870.00    29.9132
  19880.00    29.9490
  19890.00    30.2623
  19900.00    29.9474
  19910.00    30.0786
  19920.00    30.5489
  19930.00    30.0058
  19940.00    30.1641
  19950.00    30.1966
  19960.00    29.7456
  19970.00    29.9837
  19980.00    29.5466
  19990.00    30.4116
  20000.00    29.8344
  20010.00    30.0548
  20020.00    30.3222
  20030.00    29.6453
  20040.00    29.7050
  20050.00    30.0283
  20060.00    29.8194
  20070.00    29.9273
  20080.00    29.9905
  20090.00    30.3776
  20100.00    30.2743
  20110.00    29.7602
  20120.00    30.0254
  20130.00    29.8966
  20140.00    30.2870
  20150.00    29.3278
  20160.00    29.8432
  20170.00    29.9302
  20180.00    30.1007
  20190.00    30.1359
  20200.00    29.5888
  20210.00    29.9238
  20220.00    29.9813
  20230.00    30.2675
  20240.00    30.3284
  20250.00    29.8276
  20260.00    29.3967
  20270.00    30.0801
  20280.00    29.9238
  20290.00    29.9227
  20300.00    29.7718
  20310.00    29.6894
  20320.00    30.4541
  20330.00    29.5468
  20340.00    30.0305
  20350.00    30.6385
  20360.00    29.8569
  20370.00    30.0587
  20380.00    30.0587
  20390.00    29.5277
  20400.00    29.9502
  20410.00    29.9372
  20420.00    30.1053
  20430.00    29.8507
  20440.00    30.1531
  20450.00    29.9955
  20460.00    29.6065
  20470.00    29.8811
  20480.00    29.9643
  20490.00    30.7275
  20500.00    30.5427
  20510.00    29.6459
  20520.00    29.8932
  20530.00    29.9864
  20540.00    30.5202
  20550.00    30.0640
  20560.00    29.7134
  20570.00    30.0154
  20580.00    30.1682
  20590.00    30.1433
  20600.00    30.1501
  20610.00    30.4600
  20620.00    29.7377
  20630.00    30.3950
  20640.00    29.9634
  20650.00    29.7518
  20660.00    29.6984
  20670.00    29.8146
  20680.00    30.3068
  20690.00    29.7640
  20700.00    29.6009
  20710.00    29.9586
  20720.00    30.0182
  20730.00    29.9912
  20740.00    29.8409
  20750.00    30.6183
  20760.00    30.0279
  20770.00    30.0659
  20780.00    29.9433
  20790.00    29.6479
  20800.00    29.9153
  20810.00    30.1720
  20820.00    30.1743
  20830.00    30.2725
  20840.00    30.0647
  20850.00    29.9193
  20860.00    30.4670
  20870.00    29.9386
  20880.00    30.1758
  20890.00    30.2912
  20900.00    30.0590
  20910.00    29.8408
  20920.00    30.1366
  20930.00    30.3846
  20940.00    29.8096
  20950.00    29.9669
  20960.00    30.2023
  20970.00    30.4024
  20980.00    29.7778
  20990.00    29.5865
  21000.00    30.3747
  21010.00    30.1762
  21020.00    29.7474
  21030.00    29.8505
  21040.00    30.1829
  21050.00    30.0350
  21060.00    30.2051
  21070.00    30.2675
  21080.00    30.2408
  21090.00    30.0524
  21100.00    29.8434
  21110.00    29.7646
  21120.00    30.1355
  21130.00    30.2324
  21140.00    30.1583
  21150.00    29.4117
  21160.00    29.8739
  21170.00    29.7428
  21180.00    29.5775
  21190.00    29.9903
  21200.00    30.2297
  21210.00    29.9842
  21220.00    30.4252
  21230.00    30.4260
  21240.00    30.0273
  21250.00    30.5972
  21260.00    29.4692
  21270.00    30.2664
  21280.00    29.7430
  21290.00    30.4108
  21300.00    29.3681
  21310.00    29.8032
  21320.00    30.3033
  21330.00    29.8658
  21340.00    29.5190
  21350.00    30.1325
  21360.00    29.8636
  21370.00    30.3692
  21380.00    30.4437
  21390.00    29.5864
  21400.00    29.9324
  21410.00    30.3948
  21420.00    30.1119
  21430.00    30.1470
  21440.00    29.8182
  21450.00    30.4574
  21460.00    29.7779
  21470.00    29.7368
  21480.00    30.1153
  21490.00    30.0187
  21500.00    29.7384
  21510.00    29.9142
  21520.00    29.9226
  21530.00    30.0305
  21540.00    29.7834
  21550.00    30.2130
  21560.00    29.7115
  21570.00    30.1884
  21580.00    30.0518
  21590.00    29.8916
  21600.00    29.5253
  21610.00    29.8686
  21620.00    29.6797
  21630.00    30.1550
  21640.00    30.0073
  21650.00    29.5202
  21660.00    29.8021
  21670.00    29.9754
  21680.00    30.1773
  21690.00    30.0020
  21700.00    30.1888
  21710.00    30.1612
  21720.00    30.2164
  21730.00    29.8867
  21740.00    30.3218
  21750.00    29.8004
  21760.00    30.3084
  21770.00    29.8669
  21780.00    30.0234
  21790.00    30.3279
  21800.00    29.9255
  21810.00    29.5859
  21820.00    29.9657
  21830.00    29.5075
  21840.00    29.7683
  21850.00    30.0129
  21860.00    30.1365
  21870.00    29.9808
  21880.00    29.8239
  21890.00    29.5310
  21900.00    29.4992
  21910.00    30.2382
  21920.00    30.1093
  21930.00    30.2090
  21940.00    30.2738
  21950.00    29.9866
  21960.00    30.5603
  21970.00    30.3809
  21980.00    29.8676
  21990.00    29.9153
  22000.00    30.4113
  22010.00    29.9617
  22020.00    30.3103
  22030.00    29.9525
  22040.00    30.2618
  22050.00    29.7806
  22060.00    30.2868
  22070.00    30.2055
  22080.00    30.1109
  22090.00    29.5292
  22100.00    29.4512
  22110.00    29.8466
  22120.00    30.3891
  22130.00    30.2698
  22140.00    29.5865
  22150.00    30.3473
  22160.00    30.1972
  22170.00    29.9387
  22180.00    30.1186
  22190.00    30.1480
  22200.00    29.9406
  22210.00    30.2372
  22220.00    29.6430
  22230.00    30.0008
  22240.00    30.1776
  22250.00    29.8586
  22260.00    29.8884
  22270.00    29.9341
  22280.00    29.9775
  22290.00    30.0297
  22300.00    29.9808
  22310.00    29.8327
  22320.00    29.6707
  22330.00    29.5906
  22340.00    29.4928
  22350.00    30.0256
  22360.00    30.2059
  22370.00    30.2412
  22380.00    30.6370
  22390.00    30.2642
  22400.00    30.0546
  22410.00    29.7246
  22420.00    30.2872
  22430.00    29.6664
  22440.00    29.9421
  22450.00    29.9412
  22460.00    29.9709
  22470.00    29.8897
  22480.00    30.3180
  22490.00    29.8918
  22500.00    30.0242
  22510.00    30.1445
  22520.00    30.3750
  22530.00    29.4127
  22540.00    30.1209
  22550.00    30.1979
  22560.00    29.0911
  22570.00    29.9657
  22580.00    30.2971
  22590.00    29.5461
  22600.00    29.7135
  22610.00    30.5067
  22620.00    30.2830
  22630.00    30.0806
  22640.00    29.5684
  22650.00    30.3737
  22660.00    29.3939
  22670.00    30.0160
  22680.00    30.1729
  22690.00    30.4175
  22700.00    30.0270
  22710.00    30.0170
  22720.00    29.8081
  22730.00    30.0015
  22740.00    29.5529
  22750.00    29.7190
  22760.00    29.2838
  22770.00    30.2964
  22780.00    29.9113
  22790.00    30.2295
  22800.00    30.2661
  22810.00    29.7475
  22820.00    30.4074
  22830.00    30.0668
  22840.00    29.9264
  22850.00    30.1260
  22860.00    30.2635
  22870.00    30.3750
  22880.00    29.7325
  22890.00    29.8829
  22900.00    30.0349
  22910.00    30.2722
  22920.00    29.9156
  22930.00    29.9064
  22940.00    29.7189
  22950.00    30.0235
  22960.00    30.4787
  22970.00    30.0415
  22980.00    30.0168
  22990.00    29.5129
  23000.00    29.5576
  23010.00    30.4762
  23020.00    29.6026
  23030.00    30.0986
  23040.00    29.8291
  23050.00    29.7118
  23060.00    30.2608
  23070.00    29.8994
  23080.00    29.5717
  23090.00    30.3657
  23100.00    30.5786
  23110.00    30.2108
  23120.00    30.0968
  23130.00    30.1302
  23140.00    29.9673
  23150.00    30.0936
  23160.00    30.0798
  23170.00    30.2217
  23180.00    29.7927
  23190.00    29.6251
  23200.00    28.9165
  23210.00    29.3020
  23220.00    30.2268
  23230.00    29.9139
  23240.00    29.7156
  23250.00    30.5942
  23260.00    30.2920
  23270.00    29.9942
  23280.00    30.0758
  23290.00    29.7202
  23300.00    29.9283
  23310.00    30.1006
  23320.00    29.7152
  23330.00    29.8742
  23340.00    29.8546
  23350.00    30.3377
  23360.00    29.9752
  23370.00    30.0815
  23380.00    30.2735
  23390.00    29.8333
  23400.00    29.7085
  23410.00    30.0880
  23420.00    30.2737
  23430.00    30.1227
  23440.00    29.8036
  23450.00    29.9148
  23460.00    29.3336
  23470.00    29.8895
  23480.00    30.2907
  23490.00    29.7092
  23500.00    30.0505
  23510.00    30.0263
  23520.00    30.4239
  23530.00    30.1123
  23540.00    30.3176
  23550.00    30.0914
  23560.00    30.0428
  23570.00    30.1602
  23580.00    30.1606
  23590.00    29.8414
  23600.00    30.3105
  23610.00    29.9158
  23620.00    30.1095
  23630.00    29.9296
  23640.00    29.4536
  23650.00    29.7958
  23660.00    30.1462
  23670.00    29.8764
  23680.00    29.7965
  23690.00    30.2743
  23700.00    29.8873
  23710.00    30.2005
  23720.00    29.8673
  23730.00    29.3046
  23740.00    29.7079
  23750.00    30.3201
  23760.00    29.7817
  23770.00    30.1287
  23780.00    30.0310
  23790.00    29.9654
  23800.00    30.2243
  23810.00    30.3963
  23820.00    30.1734
  23830.00    29.6433
  23840.00    29.6030
  23850.00    29.9240
  23860.00    30.0640
  23870.00    30.0571
  23880.00    29.9184
  23890.00    29.8339
  23900.00    29.4217
  23910.00    29.5415
  23920.00    29.6185
  23930.00    29.6887
  23940.00    30.3348
  23950.00    30.1824
  23960.00    29.9805
  23970.00    30.0893
  23980.00    29.6021
  23990.00    29.6353
  24000.00    30.0179
  24010.00    29.9963
  24020.00    30.1337
  24030.00    29.7856
  24040.00    30.4035
  24050.00    29.8446
  24060.00    29.8815
  24070.00    29.4478
  24080.00    30.2316
  24090.00    30.2316
  24100.00    29.8489
  24110.00    30.3536
  24120.00    29.8198
  24130.00    30.3083
  24140.00    30.4708
  24150.00    29.6005
  24160.00    30.1510
  24170.00    30.2685
  24180.00    29.9213
  24190.00    30.0150
  24200.00    29.8737
  24210.00    29.8258
  24220.00    29.5341
  24230.00    30.6775
  24240.00    30.2142
  24250.00    29.9871
  24260.00    30.1917
  24270.00    30.0304
  24280.00    30.3236
  24290.00    29.5750
  24300.00    29.8895
  24310.00    30.2742
  24320.00    29.8680
  24330.00    29.8427
  24340.00    30.3516
  24350.00    29.7400
  24360.00    30.0048
  24370.00    29.7772
  24380.00    30.5034
  24390.00    29.8782
  24400.00    29.7166
  24410.00    29.7539
  24420.00    29.7381
  24430.00    29.8434
  24440.00    30.1390
  24450.00    29.9986
  24460.00    29.8811
  24470.00    30.1201
  24480.00    29.5329
  24490.00    30.0243
  24500.00    30.4678
  24510.00    30.0487
  24520.00    30.1313
  24530.00    30.4724
  24540.00    30.0826
  24550.00    30.1511
  24560.00    29.9014
  24570.00    30.0630
  24580.00    30.1081
  24590.00    29.8818
  24600.00    29.9807
  24610.00    30.3568
  24620.00    30.1462
  24630.00    30.5744
  24640.00    30.6377
  24650.00    30.3236
  24660.00    30.4692
  24670.00    29.8787
  24680.00    29.5947
  24690.00    30.4125
  24700.00    29.8345
  24710.00    30.2653
  24720.00    29.6284
  24730.00    30.1163
  24740.00    29.8924
  24750.00    30.4289
  24760.00    30.1162
  24770.00    29.8706
  24780.00    30.0285
  24790.00    30.1127
  24800.00    29.9467
  24810.00    29.9743
  24820.00    30.1718
  24830.00    30.0526
  24840.00    29.9950
  24850.00    30.3941
  24860.00    29.9458
  24870.00    30.0600
  24880.00    30.3961
  24890.00    29.3113
  24900.00    29.3657
  24910.00    30.1589
  24920.00    29.4960
  24930.00    30.1075
  24940.00    29.5297
  24950.00    29.5775
  24960.00    30.1991
  24970.00    29.3514
  24980.00    30.2442
  24990.00    30.3591
  25000.00    29.8783
  25010.00    29.9898
  25020.00    29.7467
  25030.00    29.7705
  25040.00    29.4898
  25050.00    29.8694
  25060.00    30.0725
  25070.00    29.9791
  25080.00    30.2287
  25090.00    29.8657
  25100.00    29.8619
  25110.00    30.1880
  25120.00    30.5277
  25130.00    29.8888
  25140.00    29.8788
  25150.00    29.9917
  25160.00    29.9981
  25170.00    29.8355
  25180.00    30.3452
  25190.00    30.0521
  25200.00    29.7246
  25210.00    29.9177
  25220.00    29.8282
  25230.00    29.8593
  25240.00    29.8043
  25250.00    30.0561
  25260.00    30.2823
  25270.00    29.8731
  25280.00    29.9913
  25290.00    30.3347
  25300.00    30.3011
  25310.00    29.7263
  25320.00    29.7574
  25330.00    29.7664
  25340.00    30.3414
  25350.00    30.0067
  25360.00    30.1569
  25370.00    30.0691
  25380.00    29.6821
  25390.00    30.2424
  25400.00    29.5080
  25410.00    29.5276
  25420.00    30.0534
  25430.00    30.3375
  25440.00    30.2860
  25450.00    30.0036
  25460.00    29.3638
  25470.00    30.0229
  25480.00    29.7173
  25490.00    30.5140
  25500.00    30.1825
  25510.00    30.2353
  25520.00    29.8403
  25530.00    30.6036
  25540.00    29.8915
  25550.00    30.3288
  25560.00    30.0229
  25570.00    30.0719
  25580.00    30.0198
  25590.00    29.9371
  25600.00    29.7272
  25610.00    29.8262
  25620.00    29.6464
  25630.00    30.0260
  25640.00    29.8835
  25650.00    29.9416
  25660.00    29.7219
  25670.00    30.0322
  25680.00    30.0356
  25690.00    30.1599
  25700.00    30.1161
  25710.00    29.5082
  25720.00    29.9976
  25730.00    29.7251
  25740.00    29.9389
  25750.00    30.3198
  25760.00    30.2269
  25770.00    30.0560
  25780.00    29.8335
  25790.00    29.9954
  25800.00    29.7569
  25810.00    29.6067
  25820.00    29.6220
  25830.00    29.5916
  25840.00    29.6438
  25850.00    30.0550
  25860.00    29.5068
  25870.00    30.1140
  25880.00    30.3089
  25890.00    29.8548
  25900.00    29.9861
  25910.00    29.8948
  25920.00    29.7935
  25930.00    29.9353
  25940.00    29.6301
  25950.00    29.9816
  25960.00    29.7704
  25970.00    30.2402
  25980.00    29.8254
  25990.00    30.1299
  26000.00    30.0586
  26010.00    29.3690
  26020.00    30.0521
  26030.00    29.9448
  26040.00    29.7241
  26050.00    29.9260
  26060.00    29.9912
  26070.00    30.2272
  26080.00    30.1445
  26090.00    30.1174
  26100.00    30.0547
  26110.00    30.0794
  26120.00    30.0036
  26130.00    30.1047
  26140.00    29.6501
  26150.00    30.2631
  26160.00    29.6272
  26170.00    30.4195
  26180.00    30.3126
  26190.00    30.1461
  26200.00    30.2582
  26210.00    30.0866
  26220.00    29.3081
  26230.00    29.5822
  26240.00    29.7796
  26250.00    29.8534
  26260.00    29.9425
  26270.00    29.6063
  26280.00    30.2003
  26290.00    29.6261
  26300.00    29.1067
  26310.00    30.1441
  26320.00    29.6835
  26330.00    29.9212
  26340.00    30.6868
  26350.00    30.0899
  26360.00    30.0605
  26370.00    29.8740
  26380.00    29.5400
  26390.00    29.8382
  26400.00    29.9330
  26410.00    29.9993
  26420.00    29.8694
  26430.00    29.8399
  26440.00    29.7343
  26450.00    29.7987
  26460.00    30.0111
  26470.00    30.2569
  26480.00    29.8073
  26490.00    30.1602
  26500.00    29.9177
  26510.00    29.4758
  26520.00    30.5592
  26530.00    29.6522
  26540.00    30.0632
  26550.00    29.9191
  26560.00    30.0880
  26570.00    30.2518
  26580.00    29.9511
  26590.00    29.6471
  26600.00    29.7566
  26610.00    30.2123
  26620.00    29.5719
  26630.00    29.6628
  26640.00    29.5335
  26650.00    30.1986
  26660.00    30.0877
  26670.00    30.1833
  26680.00    30.7602
  26690.00    29.7282
  26700.00    30.0429
  26710.00    29.9303
  26720.00    29.7888
  26730.00    29.8924
  26740.00    30.1916
  26750.00    29.8159
  26760.00    29.8046
  26770.00    30.2095
  26780.00    29.8682
  26790.00    30.0453
  26800.00    30.3361
  26810.00    29.8841
  26820.00    29.6488
  26830.00    29.7607
  26840.00    30.2068
  26850.00    30.2977
  26860.00    29.5083
  26870.00    29.7949
  26880.00    30.1998
  26890.00    30.1496
  26900.00    29.7704
  26910.00    29.4734
  26920.00    29.8147
  26930.00    30.0727
  26940.00    30.2693
  26950.00    30.0822
  26960.00    30.3870
  26970.00    30.1963
  26980.00    29.7456
  26990.00    30.0358
  27000.00    30.6461
  27010.00    29.6744
  27020.00    29.7544
  27030.00    29.9641
  27040.00    29.6274
  27050.00    29.8702
  27060.00    30.0470
  27070.00    29.6600
  27080.00    29.7818
  27090.00    30.5062
  27100.00    29.7992
  27110.00    29.9473
  27120.00    29.9486
  27130.00    30.1785
  27140.00    30.1102
  27150.00    29.3745
  27160.00    29.8905
  27170.00    29.8648
  27180.00    29.7196
  27190.00    29.2212
  27200.00    30.5482
  27210.00    30.1211
  27220.00    29.8570
  27230.00    29.4648
  27240.00    30.2150
  27250.00    29.6575
  27260.00    29.7725
  27270.00    29.9936
  27280.00    29.9805
  27290.00    30.4611
  27300.00    30.5869
  27310.00    29.8260
  27320.00    30.1158
  27330.00    30.0792
  27340.00    30.2995
  27350.00    29.8390
  27360.00    29.6465
  27370.00    29.9518
  27380.00    30.3582
  27390.00    30.1312
  27400.00    29.9869
  27410.00    30.1253
  27420.00    30.0929
  27430.00    30.1299
  27440.00    30.6987
  27450.00    29.8070
  27460.00    30.0508
  27470.00    30.2385
  27480.00    30.3499
  27490.00    29.9445
  27500.00    29.9285
  27510.00    29.9605
  27520.00    29.7002
  27530.00    30.1267
  27540.00    30.2499
  27550.00    29.9981
  27560.00    29.9325
  27570.00    30.0383
  27580.00    30.1706
  27590.00    29.6581
  27600.00    29.7464
  27610.00    30.0513
  27620.00    29.8459
  27630.00    30.3073
  27640.00    30.0209
  27650.00    30.2001
  27660.00    29.9250
  27670.00    29.8737
  27680.00    29.7842
  27690.00    30.2658
  27700.00    29.9792
  27710.00    30.3574
  27720.00    30.1025
  27730.00    30.1165
  27740.00    29.8924
  27750.00    29.9575
  27760.00    29.7840
  27770.00    29.9837
  27780.00    30.1200
  27790.00    30.0858
  27800.00    30.1320
  27810.00    29.9005
  27820.00    30.1775
  27830.00    29.9254
  27840.00    30.5170
  27850.00    29.8106
  27860.00    29.8771
  27870.00    29.8918
  27880.00    30.0650
  27890.00    30.6116
  27900.00    30.1182
  27910.00    29.3630
  27920.00    30.3188
  27930.00    29.4956
  27940.00    30.0062
  27950.00    30.2910
  27960.00    30.2205
  27970.00    29.8775
  27980.00    29.6044
  27990.00    30.5175
  28000.00    30.2379
  28010.00    30.4052
  28020.00    29.8592
  28030.00    30.2169
  28040.00    29.9889
  28050.00    30.1030
  28060.00    29.6794
  28070.00    29.8997
  28080.00    29.8977
  28090.00    30.3340
  28100.00    29.8876
  28110.00    30.3643
  28120.00    30.1967
  28130.00    29.8632
  28140.00    30.0595
  28150.00    29.9694
  28160.00    30.1913
  28170.00    30.1593
  28180.00    30.0444
  28190.00    29.9275
  28200.00    30.1055
  28210.00    30.3718
  28220.00    30.3028
  28230.00    30.0612
  28240.00    29.8037
  28250.00    30.1731
  28260.00    30.0359
  28270.00    30.0647
  28280.00    30.0607
  28290.00    30.3484
  28300.00    29.6982
  28310.00    30.2776
  28320.00    30.1293
  28330.00    29.9393
  28340.00    30.0068
  28350.00    29.9381
  28360.00    29.6709
  28370.00    30.0799
  28380.00    29.8901
  28390.00    30.3310
  28400.00    30.2882
  28410.00    30.0800
  28420.00    29.8758
  28430.00    30.1643
  28440.00    29.7191
  28450.00    29.7122
  28460.00    29.8950
  28470.00    29.8231
  28480.00    29.6231
  28490.00    30.2439
  28500.00    30.0401
  28510.00    30.0408
  28520.00    30.5292
  28530.00    29.7759
  28540.00    29.6280
  28550.00    29.8249
  28560.00    30.2995
  28570.00    30.0603
  28580.00    29.9244
  28590.00    29.9993
  28600.00    29.8208
  28610.00    29.7661
  28620.00    30.3359
  28630.00    29.4972
  28640.00    29.9959
  28650.00    29.7516
  28660.00    29.9254
  28670.00    29.8290
  28680.00    30.0722
  28690.00    30.0495
  28700.00    29.3333
  28710.00    30.1568
  28720.00    30.0445
  28730.00    29.6185
  28740.00    29.6017
  28750.00    30.3995
  28760.00    29.6477
  28770.00    29.6667
  28780.00    30.0262
  28790.00    29.9106
  28800.00    29.8399
  28810.00    29.6447
  28820.00    29.9086
  28830.00    29.8463
  28840.00    30.3348
  28850.00    29.9802
  28860.00    30.0226
  28870.00    29.8009
  28880.00    30.1589
  28890.00    29.9853
  28900.00    29.8318
  28910.00    30.1595
  28920.00    30.3580
  28930.00    30.1360
  28940.00    30.1705
  28950.00    30.2189
  28960.00    30.3657
  28970.00    29.6560
  28980.00    29.6409
  28990.00    29.9580
  29000.00    29.9907
  29010.00    29.7868
  29020.00    29.9959
  29030.00    30.4744
  29040.00    30.3138
  29050.00    29.9754
  29060.00    30.1542
  29070.00    29.9524
  29080.00    30.0041
  29090.00    29.8897
  29100.00    30.2197
  29110.00    29.6407
  29120.00    30.2388
  29130.00    29.9704
  29140.00    29.6146
  29150.00    30.2753
  29160.00    30.0105
  29170.00    30.0238
  29180.00    29.4182
  29190.00    30.4464
  29200.00    30.2004
  29210.00    30.3916
  29220.00    30.2140
  29230.00    29.9733
  29240.00    30.1489
  29250.00    29.9344
  29260.00    29.4398
  29270.00    29.7580
  29280.00    29.8370
  29290.00    29.7145
  29300.00    30.3624
  29310.00    29.4701
  29320.00    29.5343
  29330.00    29.8198
  29340.00    29.7206
  29350.00    30.0972
  29360.00    30.0819
  29370.00    30.4846
  29380.00    30.0116
  29390.00    30.0928
  29400.00    30.5825
  29410.00    30.1534
  29420.00    29.8155
  29430.00    29.9553
  29440.00    29.7463
  29450.00    29.9271
  29460.00    29.8229
  29470.00    30.0637
  29480.00    30.1020
  29490.00    30.2602
  29500.00    29.4771
  29510.00    29.8163
  29520.00    29.4503
  29530.00    29.8914
  29540.00    30.0075
  29550.00    29.9779
  29560.00    29.8605
  29570.00    30.1626
  29580.00    29.9590
  29590.00    29.9755
  29600.00    29.0949
  29610.00    30.2169
  29620.00    30.0227
  29630.00    30.0460
  29640.00    29.7377
  29650.00    30.0899
  29660.00    29.8940
  29670.00    30.1479
  29680.00    29.8794
  29690.00    30.1802
  29700.00    30.3443
  29710.00    29.6193
  29720.00    30.4458
  29730.00    29.9127
  29740.00    30.2279
  29750.00    30.2711
  29760.00    30.5602
  29770.00    30.0604
  29780.00    30.2693
  29790.00    29.5362
  29800.00    30.1471
  29810.00    29.8548
  29820.00    29.8259
  29830.00    29.7347
  29840.00    30.0194
  29850.00    29.3715
  29860.00    29.8836
  29870.00    29.8871
  29880.00    29.6574
  29890.00    30.0682
  29900.00    30.2368
  29910.00    29.7821
  29920.00    30.1503
  29930.00    29.3346
  29940.00    29.6466
  29950.00    29.7733
  29960.00    29.6378
  29970.00    29.9393
  29980.00    30.0630
  29990.00    30.0164
  30000.00    30.0999
  30010.00    29.8674
  30020.00    30.5421
  30030.00    30.3179
  30040.00    30.0726
  30050.00    29.2986
  30060.00    30.0399
  30070.00    29.8143
  30080.00    30.4333
  30090.00    29.8208
  30100.00    29.8370
  30110.00    30.3194
  30120.00    30.8810
  30130.00    29.5535
  30140.00    29.6990
  30150.00    29.8915
  30160.00    29.5021
  30170.00    29.4506
  30180.00    29.7728
  30190.00    30.2524
  30200.00    29.5431
  30210.00    29.3282
  30220.00    30.4538
  30230.00    30.0036
  30240.00    30.4727
  30250.00    29.6773
  30260.00    29.7958
  30270.00    30.0152
  30280.00    29.5845
  30290.00    30.4431
  30300.00    29.9156
  30310.00    30.2189
  30320.00    29.6479
  30330.00    29.8784
  30340.00    30.1196
  30350.00    30.0925
  30360.00    29.6968
  30370.00    30.2667
  30380.00    30.2547
  30390.00    29.8315
  30400.00    29.9444
  30410.00    29.5802
  30420.00    29.6612
  30430.00    29.5880
  30440.00    30.2456
  30450.00    29.6763
  30460.00    30.4514
  30470.00    30.2961
  30480.00    29.9775
  30490.00    30.5425
  30500.00    30.6251
  30510.00    29.6426
  30520.00    29.8472
  30530.00    29.9340
  30540.00    30.1061
  30550.00    29.7324
  30560.00    29.7657
  30570.00    30.3652
  30580.00    30.3323
  30590.00    29.7705
  30600.00    29.9252
  30610.00    29.8937
  30620.00    29.8417
  30630.00    29.9857
  30640.00    29.9606
  30650.00    29.6834
  30660.00    29.6877
  30670.00    30.0031
  30680.00    30.2202
  30690.00    30.1696
  30700.00    29.9708
  30710.00    29.8388
  30720.00    29.7763
  30730.00    29.8826
  30740.00    29.7638
  30750.00    30.1275
  30760.00    29.9769
  30770.00    30.3819
  30780.00    29.4462
  30790.00    29.7897
  30800.00    30.1977
  30810.00    30.0482
  30820.00    30.1063
  30830.00    30.0697
  30840.00    30.3533
  30850.00    29.4745
  30860.00    29.5667
  30870.00    30.1021
  30880.00    29.3266
  30890.00    30.4883
  30900.00    29.5972
  30910.00    29.9349
  30920.00    30.5017
  30930.00    29.9192
  30940.00    29.8651
  30950.00    29.9149
  30960.00    29.8851
  30970.00    30.1226
  30980.00    30.4658
  30990.00    30.4485
  31000.00    29.8471
  31010.00    30.2586
  31020.00    30.1691
  31030.00    29.6176
  31040.00    29.5491
  31050.00    29.4292
  31060.00    30.5000
  31070.00    29.9338
  31080.00    29.8137
  31090.00    29.7193
  31100.00    30.5426
  31110.00    29.9403
  31120.00    30.1331
  31130.00    30.0181
  31140.00    29.9723
  31150.00    29.7790
  31160.00    29.8757
  31170.00    30.0090
  31180.00    29.9903
  31190.00    30.4746
  31200.00    29.8204
  31210.00    30.1126
  31220.00    29.9677
  31230.00    30.2748
  31240.00    30.0512
  31250.00    29.9691
  31260.00    29.9674
  31270.00    29.8331
  31280.00    30.1017
  31290.00    29.7998
  31300.00    30.0470
  31310.00    29.9994
  31320.00    30.1489
  31330.00    30.3532
  31340.00    29.7995
  31350.00    30.2716
  31360.00    30.3521
  31370.00    29.7662
  31380.00    29.5766
  31390.00    30.0301
  31400.00    29.1150
  31410.00    29.9304
  31420.00    29.6214
  31430.00    29.7555
  31440.00    29.6143
  31450.00    30.0659
  31460.00    30.1145
  31470.00    29.8878
  31480.00    30.5074
  31490.00    29.7376
  31500.00    30.1139
  31510.00    29.8151
  31520.00    30.2537
  31530.00    29.4743
  31540.00    29.2250
  31550.00    29.6858
  31560.00    29.8268
  31570.00    29.6881
  31580.00    29.7620
  31590.00    29.7965
  31600.00    30.1862
  31610.00    29.6917
  31620.00    30.0635
  31630.00    30.0768
  31640.00    30.1851
  31650.00    30.3475
  31660.00    29.6610
  31670.00    29.5542
  31680.00    29.9688
  31690.00    29.5064
  31700.00    30.5492
  31710.00    29.9830
  31720.00    29.5385
  31730.00    29.5666
  31740.00    30.0055
  31750.00    29.0865
  31760.00    29.8797
  31770.00    29.6247
  31780.00    30.1517
  31790.00    30.5193
  31800.00    29.7326
  31810.00    30.4913
  31820.00    29.8246
  31830.00    30.4287
  31840.00    30.4289
  31850.00    29.4746
  31860.00    30.1128
  31870.00    30.3327
  31880.00    30.1230
  31890.00    29.9942
  31900.00    30.1449
  31910.00    30.2655
  31920.00    30.3514
  31930.00    30.3608
  31940.00    29.9769
  31950.00    29.7298
  31960.00    29.8785
  31970.00    30.3802
  31980.00    29.9761
  31990.00    30.2087
  32000.00    30.1474
  32010.00    29.7306
  32020.00    29.8887
  32030.00    29.8953
  32040.00    28.9502
  32050.00    29.8971
  32060.00    29.3943
  32070.00    29.5847
  32080.00    30.0872
  32090.00    30.0383
  32100.00    30.5644
  32110.00    29.7405
  32120.00    30.0745
  32130.00    29.7634
  32140.00    29.7295
  32150.00    29.9598
  32160.00    30.2977
  32170.00    30.0570
  32180.00    29.7914
  32190.00    29.8825
  32200.00    30.7181
  32210.00    30.2804
  32220.00    29.5327
  32230.00    29.7958
  32240.00    30.0191
  32250.00    30.2397
  32260.00    29.9397
  32270.00    29.8442
  32280.00    30.2661
  32290.00    30.0530
  32300.00    30.6447
  32310.00    30.1685
  32320.00    30.1242
  32330.00    30.0815
  32340.00    29.6767
  32350.00    30.3690
  32360.00    30.0433
  32370.00    30.1232
  32380.00    30.2382
  32390.00    30.2319
  32400.00    29.7212
  32410.00    30.0511
  32420.00    29.9930
  32430.00    29.2794
  32440.00    29.9448
  32450.00    29.9290
  32460.00    29.8853
  32470.00    29.7914
  32480.00    30.0272
  32490.00    29.8818
  32500.00    29.6316
  32510.00    29.9141
  32520.00    30.0045
  32530.00    30.0741
  32540.00    29.5879
  32550.00    29.9512
  32560.00    29.8639
  32570.00    30.0070
  32580.00    29.6140
  32590.00    30.2406
  32600.00    30.0727
  32610.00    30.1180
  32620.00    30.2245
  32630.00    30.1587
  32640.00    30.5063
  32650.00    29.7481
  32660.00    29.8326
  32670.00    29.8077
  32680.00    29.6106
  32690.00    30.3528
  32700.00    30.4537
  32710.00    30.3775
  32720.00    29.6743
  32730.00    30.0577
  32740.00    30.6151
  32750.00    30.4422
  32760.00    29.8642
  32770.00    29.9588
  32780.00    30.2825
  32790.00    30.1338
  32800.00    29.8911
  32810.00    29.5013
  32820.00    30.2810
  32830.00    29.8942
  32840.00    30.5489
  32850.00    30.0758
  32860.00    29.9236
  32870.00    30.2647
  32880.00    30.3792
  32890.00    29.6027
  32900.00    30.1683
  32910.00    29.9879
  32920.00    29.8888
  32930.00    29.9042
  32940.00    30.1475
  32950.00    29.9368
  32960.00    29.9607
  32970.00    30.0193
  32980.00    30.1030
  32990.00    29.8285
  33000.00    29.8275
  33010.00    30.3626
  33020.00    29.7126
  33030.00    29.9151
  33040.00    30.1332
  33050.00    29.8709
  33060.00    30.4043
  33070.00    29.8244
  33080.00    29.9589
  33090.00    29.5694
  33100.00    30.1459
  33110.00    29.5756
  33120.00    29.9950
  33130.00    30.4423
  33140.00    30.2835
  33150.00    29.9261
  33160.00    30.0193
  33170.00    29.9392
  33180.00    30.1496
  33190.00    30.1984
  33200.00    30.7471
  33210.00    29.4333
  33220.00    29.6988
  33230.00    30.5268
  33240.00    30.4407
  33250.00    29.9899
  33260.00    29.5619
  33270.00    29.8711
  33280.00    29.4165
  33290.00    29.8924
  33300.00    29.7545
  33310.00    30.5351
  33320.00    30.3570
  33330.00    29.7936
  33340.00    29.8285
  33350.00    30.5937
  33360.00    29.8145
  33370.00    30.2468
  33380.00    29.7755
  33390.00    29.9651
  33400.00    29.3271
  33410.00    30.0700
  33420.00    29.8786
  33430.00    30.5193
  33440.00    29.8523
  33450.00    30.4572
  33460.00    29.8183
  33470.00    29.6409
  33480.00    29.5683
  33490.00    30.1227
  33500.00    29.5290
  33510.00    30.3044
  33520.00    29.5741
  33530.00    29.7620
  33540.00    29.9798
  33550.00    30.4987
  33560.00    29.7820
  33570.00    29.4122
  33580.00    29.0876
  33590.00    30.1506
  33600.00    29.5517
  33610.00    30.0269
  33620.00    29.7842
  33630.00    30.1101
  33640.00    29.9560
  33650.00    29.7124
  33660.00    30.4477
  33670.00    29.5718
  33680.00    30.1191
  33690.00    29.5374
  33700.00    30.0480
  33710.00    30.1829
  33720.00    29.6934
  33730.00    30.1631
  33740.00    29.6717
  33750.00    29.7844
  33760.00    30.0481
  33770.00    30.3962
  33780.00    30.0869
  33790.00    30.2705
  33800.00    30.1650
  33810.00    29.7406
  33820.00    29.7973
  33830.00    29.4943
  33840.00    29.9809
  33850.00    30.5878
  33860.00    30.0733
  33870.00    30.4266
  33880.00    30.0914
  33890.00    30.2904
  33900.00    29.8789
  33910.00    29.8497
  33920.00    29.7104
  33930.00    30.2060
  33940.00    29.8112
  33950.00    29.3488
  33960.00    30.1526
  33970.00    29.8417
  33980.00    29.8104
  33990.00    30.5876
  34000.00    30.2029
  34010.00    30.0366
  34020.00    30.1183
  34030.00    30.3847
  34040.00    29.9155
  34050.00    30.0345
  34060.00    30.0991
  34070.00    29.7214
  34080.00    29.5918
  34090.00    30.0932
  34100.00    29.8113
  34110.00    29.5342
  34120.00    30.0832
  34130.00    30.5947
  34140.00    29.9566
  34150.00    29.7516
  34160.00    29.7429
  34170.00    29.8070
  34180.00    29.5466
  34190.00    30.0462
  34200.00    29.5552
  34210.00    29.7823
  34220.00    29.8501
  34230.00    30.0052
  34240.00    29.9696
  34250.00    29.9650
  34260.00    30.1545
  34270.00    29.8254
  34280.00    29.9614
  34290.00    30.3969
  34300.00    30.3368
  34310.00    30.1301
  34320.00    29.7517
  34330.00    30.2500
  34340.00    30.1944
  34350.00    29.5493
  34360.00    29.8927
  34370.00    30.2309
  34380.00    29.8665
  34390.00    29.9115
  34400.00    29.8940
  34410.00    30.3616
  34420.00    29.7806
  34430.00    30.3163
  34440.00    29.9746
  34450.00    29.9340
  34460.00    29.8695
  34470.00    29.9725
  34480.00    29.8030
  34490.00    29.9491
  34500.00    29.7502
  34510.00    30.1333
  34520.00    29.8132
  34530.00    29.5581
  34540.00    29.2730
  34550.00    29.8478
  34560.00    30.0822
  34570.00    30.5697
  34580.00    30.0912
  34590.00    29.6172
  34600.00    29.7039
  34610.00    29.5402
  34620.00    29.6858
  34630.00    30.1197
  34640.00    29.9398
  34650.00    30.1164
  34660.00    29.6407
  34670.00    29.3969
  34680.00    29.9135
  34690.00    30.6441
  34700.00    30.1365
  34710.00    30.0391
  34720.00    30.4336
  34730.00    30.0473
  34740.00    30.1702
  34750.00    30.1597
  34760.00    29.7324
  34770.00    30.2094
  34780.00    30.0508
  34790.00    30.2486
  34800.00    30.3665
  34810.00    30.1690
  34820.00    30.1802
  34830.00    29.8216
  34840.00    29.2993
  34850.00    30.0279
  34860.00    29.9953
  34870.00    30.1279
  34880.00    29.7728
  34890.00    30.3795
  34900.00    29.2896
  34910.00    29.8333
  34920.00    29.9435
  34930.00    29.9277
  34940.00    29.7255
  34950.00    29.8161
  34960.00    30.1224
  34970.00    29.6939
  34980.00    30.2338
  34990.00    30.0407
  35000.00    29.7096
  35010.00    29.6396
  35020.00    29.5949
  35030.00    29.4854
  35040.00    29.5441
  35050.00    30.2712
  35060.00    30.2769
  35070.00    30.3856
  35080.00    30.0848
  35090.00    30.1452
  35100.00    30.0189
  35110.00    29.5887
  35120.00    30.3504
  35130.00    30.1304
  35140.00    29.6387
  35150.00    30.2070
  35160.00    29.8303
  35170.00    29.6486
  35180.00    30.5373
  35190.00    29.8281
  35200.00    29.6161
  35210.00    29.7599
  35220.00    30.2741
  35230.00    30.1732
  35240.00    30.4504
  35250.00    30.1754
  35260.00    29.8303
  35270.00    30.1021
  35280.00    29.9607
  35290.00    29.3745
  35300.00    30.1992
  35310.00    30.2385
  35320.00    30.3288
  35330.00    30.3864
  35340.00    30.1850
  35350.00    30.1849
  35360.00    29.9895
  35370.00    29.6208
  35380.00    29.7538
  35390.00    29.8818
  35400.00    30.0851
  35410.00    30.1636
  35420.00    30.0318
  35430.00    30.0480
  35440.00    29.5576
  35450.00    29.7543
  35460.00    30.0153
  35470.00    30.1134
  35480.00    30.3883
  35490.00    30.0443
  35500.00    29.9549
  35510.00    29.8672
  35520.00    29.8187
  35530.00    29.9309
  35540.00    30.5580
  35550.00    29.9785
  35560.00    29.8838
  35570.00    30.0369
  35580.00    29.4539
  35590.00    29.8261
  35600.00    30.0753
  35610.00    30.0807
  35620.00    30.4035
  35630.00    29.9932
  35640.00    29.8438
  35650.00    30.3071
  35660.00    30.1885
  35670.00    30.0439
  35680.00    29.5157
  35690.00    29.7517
  35700.00    30.2712
  35710.00    29.9967
  35720.00    29.8239
  35730.00    29.4271
  35740.00    30.1683
  35750.00    30.1106
  35760.00    29.9089
  35770.00    30.2004
  35780.00    29.7344
  35790.00    30.5082
  35800.00    30.0936
  35810.00    30.2891
  35820.00    29.6219
  35830.00    29.6825
  35840.00    30.3555
  35850.00    30.0678
  35860.00    29.8048
  35870.00    30.9519
  35880.00    29.8365
  35890.00    30.3096
  35900.00    30.1714
  35910.00    30.1522
  35920.00    29.5198
  35930.00    29.8987
  35940.00    29.7232
  35950.00    29.9745
  35960.00    29.9376
  35970.00    30.2093
  35980.00    30.6948
  35990.00    30.6758
  36000.00    30.5956
  36010.00    30.5160
  36020.00    29.5908
  36030.00    29.6811
  36040.00    29.5472
  36050.00    30.0543
  36060.00    30.5523
  36070.00    30.1995
  36080.00    30.5892
  36090.00    29.8782
  36100.00    29.8964
  36110.00    30.0341
  36120.00    30.1184
  36130.00    30.5695
  36140.00    29.7556
  36150.00    29.6823
  36160.00    29.9311
  36170.00    30.4876
  36180.00    29.4737
  36190.00    29.9550
  36200.00    30.0274
  36210.00    30.4127
  36220.00    30.3050
  36230.00    30.0832
  36240.00    29.8709
  36250.00    30.0098
  36260.00    30.1634
  36270.00    29.6544
  36280.00    29.6889
  36290.00    30.3075
  36300.00    30.0988
  36310.00    29.7439
  36320.00    29.8054
  36330.00    29.8118
  36340.00    29.9516
  36350.00    30.5197
  36360.00    30.0471
  36370.00    30.2805
  36380.00    30.8514
  36390.00    29.7865
  36400.00    29.4461
  36410.00    30.1264
  36420.00    29.9826
  36430.00    30.4473
  36440.00    29.7140
  36450.00    29.7346
  36460.00    29.6184
  36470.00    29.6789
  36480.00    29.9621
  36490.00    29.7895
  36500.00    29.9182
  36510.00    30.4903
  36520.00    30.1359
  36530.00    30.2081
  36540.00    29.5536
  36550.00    29.6935
  36560.00    30.2559
  36570.00    30.5120
  36580.00    29.9078
  36590.00    30.2356
  36600.00    29.9184
  36610.00    29.8000
  36620.00    30.1712
  36630.00    29.4046
  36640.00    30.1214
  36650.00    30.1053
  36660.00    29.5588
  36670.00    29.5582
  36680.00    29.6161
  36690.00    30.1159
  36700.00    30.0990
  36710.00    29.7952
  36720.00    30.4589
  36730.00    29.6669
  36740.00    30.1713
  36750.00    29.7756
  36760.00    30.0371
  36770.00    30.6073
  36780.00    29.9483
  36790.00    29.9274
  36800.00    29.9115
  36810.00    30.5126
  36820.00    29.5897
  36830.00    29.8296
  36840.00    29.8749
  36850.00    29.6771
  36860.00    30.1025
  36870.00    30.5062
  36880.00    30.0111
  36890.00    30.1667
  36900.00    30.0464
  36910.00    30.1793
  36920.00    29.6964
  36930.00    29.7948
  36940.00    30.2609
  36950.00    30.0466
  36960.00    30.1757
  36970.00    29.3900
  36980.00    30.1321
  36990.00    30.1000
  37000.00    29.7526
  37010.00    29.8261
  37020.00    29.9434
  37030.00    29.7892
  37040.00    30.0280
  37050.00    29.7970
  37060.00    29.8175
  37070.00    30.3447
  37080.00    29.8686
  37090.00    29.8873
  37100.00    29.6716
  37110.00    30.0038
  37120.00    30.2783
  37130.00    29.9646
  37140.00    29.9048
  37150.00    29.7062
  37160.00    30.5079
  37170.00    29.8800
  37180.00    29.8963
  37190.00    29.5698
  37200.00    29.5102
  37210.00    29.8190
  37220.00    29.8853
  37230.00    29.8017
  37240.00    29.7997
  37250.00    30.9144
  37260.00    29.4150
  37270.00    29.7592
  37280.00    30.2471
  37290.00    29.9044
  37300.00    30.2640
  37310.00    30.1047
  37320.00    29.9291
  37330.00    29.6370
  37340.00    29.5184
  37350.00    30.5790
  37360.00    30.3114
  37370.00    30.2216
  37380.00    30.0560
  37390.00    30.2339
  37400.00    30.0045
  37410.00    29.5592
  37420.00    29.9049
  37430.00    30.0027
  37440.00    29.4542
  37450.00    29.9254
  37460.00    29.8255
  37470.00    29.6049
  37480.00    29.9920
  37490.00    29.3133
  37500.00    30.2199
  37510.00    30.2123
  37520.00    30.0047
  37530.00    29.7751
  37540.00    29.7783
  37550.00    30.1431
  37560.00    30.0227
  37570.00    29.8885
  37580.00    30.1344
  37590.00    29.5587
  37600.00    29.3585
  37610.00    29.9338
  37620.00    30.5114
  37630.00    30.0810
  37640.00    29.9732
  37650.00    29.7633
  37660.00    30.2652
  37670.00    29.7491
  37680.00    29.9312
  37690.00    29.9030
  37700.00    30.1796
  37710.00    29.9354
  37720.00    29.8796
  37730.00    30.2703
  37740.00    29.9973
  37750.00    29.3201
  37760.00    29.8446
  37770.00    30.0109
  37780.00    30.1313
  37790.00    30.4036
  37800.00    29.8214
  37810.00    30.0262
  37820.00    29.9570
  37830.00    29.9172
  37840.00    30.1070
  37850.00    30.3235
  37860.00    30.3924
  37870.00    29.6252
  37880.00    29.7675
  37890.00    30.2027
  37900.00    29.6761
  37910.00    30.2218
  37920.00    29.9142
  37930.00    30.5135
  37940.00    29.4352
  37950.00    30.0516
  37960.00    29.8042
  37970.00    30.0063
  37980.00    29.8886
  37990.00    30.0264
  38000.00    30.2502
  38010.00    30.3223
  38020.00    30.5799
  38030.00    29.9842
  38040.00    29.9975
  38050.00    30.3338
  38060.00    30.1300
  38070.00    29.6202
  38080.00    29.6128
  38090.00    30.4436
  38100.00    29.9150
  38110.00    30.1235
  38120.00    30.0588
  38130.00    30.3582
  38140.00    29.7125
  38150.00    29.4529
  38160.00    30.0788
  38170.00    30.1736
  38180.00    29.6431
  38190.00    29.7900
  38200.00    29.3434
  38210.00    29.8049
  38220.00    30.4148
  38230.00    29.5346
  38240.00    29.9761
  38250.00    29.9540
  38260.00    29.6697
  38270.00    29.9147
  38280.00    30.0730
  38290.00    29.7167
  38300.00    29.8718
  38310.00    30.4349
  38320.00    30.4124
  38330.00    29.7781
  38340.00    30.1457
  38350.00    30.0802
  38360.00    30.0564
  38370.00    29.8296
  38380.00    30.6190
  38390.00    29.9901
  38400.00    30.0018
  38410.00    30.2803
  38420.00    30.7181
  38430.00    30.6031
  38440.00    31.2500
  38450.00    29.9406
  38460.00    30.3371
  38470.00    30.4714
  38480.00    30.1237
  38490.00    29.9630
  38500.00    29.4483
  38510.00    29.6894
  38520.00    30.0998
  38530.00    30.1128
  38540.00    30.0213
  38550.00    30.0571
  38560.00    30.0818
  38570.00    30.1253
  38580.00    30.3117
  38590.00    29.7760
  38600.00    30.3672
  38610.00    30.0134
  38620.00    30.4321
  38630.00    29.6079
  38640.00    29.8839
  38650.00    30.0218
  38660.00    29.5454
  38670.00    29.7041
  38680.00    29.8020
  38690.00    30.1740
  38700.00    30.3024
  38710.00    29.9301
  38720.00    30.3022
  38730.00    29.7303
  38740.00    29.8223
  38750.00    30.2386
  38760.00    29.9237
  38770.00    30.1492
  38780.00    29.4690
  38790.00    29.7707
  38800.00    29.9345
  38810.00    29.9653
  38820.00    30.1225
  38830.00    29.6984
  38840.00    29.9888
  38850.00    29.7416
  38860.00    29.7374
  38870.00    29.9100
  38880.00    29.9991
  38890.00    30.0655
  38900.00    30.1330
  38910.00    30.2366
  38920.00    29.9512
  38930.00    30.0450
  38940.00    29.7296
  38950.00    29.6698
  38960.00    30.2421
  38970.00    29.9267
  38980.00    29.8372
  38990.00    30.1116
  39000.00    29.9270
  39010.00    30.1534
  39020.00    30.3293
  39030.00    29.3816
  39040.00    29.9943
  39050.00    29.6595
  39060.00    30.0079
  39070.00    30.1051
  39080.00    29.7424
  39090.00    30.4365
  39100.00    30.0532
  39110.00    30.4475
  39120.00    30.1868
  39130.00    29.8941
  39140.00    30.4414
  39150.00    29.9418
  39160.00    30.2204
  39170.00    30.2225
  39180.00    29.8390
  39190.00    29.9180
  39200.00    29.9110
  39210.00    29.9606
  39220.00    29.5773
  39230.00    30.3574
  39240.00    30.1443
  39250.00    29.9040
  39260.00    30.4791
  39270.00    30.4231
  39280.00    29.7409
  39290.00    29.7171
  39300.00    29.7069
  39310.00    29.9444
  39320.00    30.0347
  39330.00    30.2191
  39340.00    29.5906
  39350.00    29.9385
  39360.00    29.9133
  39370.00    30.1162
  39380.00    29.7203
  39390.00    30.1516
  39400.00    30.4616
  39410.00    30.0923
  39420.00    30.0163
  39430.00    30.2317
  39440.00    29.7968
  39450.00    29.9434
  39460.00    29.8656
  39470.00    29.6320
  39480.00    30.2024
  39490.00    30.3439
  39500.00    30.2733
  39510.00    29.8506
  39520.00    30.2571
  39530.00    29.9567
  39540.00    29.7287
  39550.00    30.0177
  39560.00    30.1426
  39570.00    29.9081
  39580.00    29.6002
  39590.00    29.7785
  39600.00    30.3258
  39610.00    29.1208
  39620.00    29.9830
  39630.00    30.2201
  39640.00    30.2176
  39650.00    30.1363
  39660.00    30.0053
  39670.00    30.0219
  39680.00    29.8480
  39690.00    29.9556
  39700.00    30.2154
  39710.00    30.3516
  39720.00    29.9327
  39730.00    30.3670
  39740.00    29.4857
  39750.00    29.6973
  39760.00    30.1120
  39770.00    29.9060
  39780.00    29.9939
  39790.00    29.5628
  39800.00    30.0331
  39810.00    29.8274
  39820.00    30.5740
  39830.00    30.3153
  39840.00    30.0001
  39850.00    29.0166
  39860.00    30.3946
  39870.00    29.4904
  39880.00    30.0024
  39890.00    29.6774
  39900.00    30.0616
  39910.00    29.9409
  39920.00    30.0070
  39930.00    30.1245
  39940.00    30.4131
  39950.00    29.9109
  39960.00    29.5701
  39970.00    30.1465
  39980.00    30.1498
  39990.00    29.9455
  40000.00    30.2556
  40010.00    29.9762
  40020.00    30.4527
  40030.00    30.3685
  40040.00    29.9046
  40050.00    30.1033
  40060.00    29.9889
  40070.00    30.0479
  40080.00    30.2676
  40090.00    30.4939
  40100.00    29.9098
  40110.00    30.2125
  40120.00    30.6027
  40130.00    30.0910
  40140.00    30.1228
  40150.00    30.3682
  40160.00    30.3370
  40170.00    30.2775
  40180.00    29.8457
  40190.00    29.8399
  40200.00    29.7144
  40210.00    30.0605
  40220.00    29.4825
  40230.00    30.1075
  40240.00    29.6622
  40250.00    29.6598
  40260.00    30.2213
  40270.00    30.2564
  40280.00    29.9864
  40290.00    30.2408
  40300.00    30.3501
  40310.00    30.2970
  40320.00    30.5272
  40330.00    29.6831
  40340.00    29.5739
  40350.00    30.1695
  40360.00    30.6336
  40370.00    30.4317
  40380.00    30.4786
  40390.00    30.3212
  40400.00    30.0230
  40410.00    29.6405
  40420.00    30.2219
  40430.00    29.9625
  40440.00    29.3969
  40450.00    29.8137
  40460.00    29.9584
  40470.00    30.2086
  40480.00    30.1727
  40490.00    29.6886
  40500.00    30.1393
  40510.00    30.0986
  40520.00    30.0687
  40530.00    30.2602
  40540.00    30.5725
  40550.00    30.6658
  40560.00    30.1387
  40570.00    29.8970
  40580.00    29.9548
  40590.00    30.4516
  40600.00    29.9248
  40610.00    30.2435
  40620.00    29.6636
  40630.00    29.7223
  40640.00    30.3798
  40650.00    30.0361
  40660.00    30.3198
  40670.00    30.2874
  40680.00    29.8560
  40690.00    29.6576
  40700.00    30.5133
  40710.00    29.6608
  40720.00    30.4135
  40730.00    30.0904
  40740.00    29.9425
  40750.00    29.8121
  40760.00    30.4804
  40770.00    30.0382
  40780.00    30.0569
  40790.00    29.8247
  40800.00    30.0098
  40810.00    30.0207
  40820.00    29.8704
  40830.00    29.8655
  40840.00    30.2563
  40850.00    29.9490
  40860.00    29.7251
  40870.00    30.2589
  40880.00    29.9938
  40890.00    30.3122
  40900.00    29.4899
  40910.00    30.2660
  40920.00    30.3829
  40930.00    29.7854
  40940.00    29.7632
  40950.00    30.1513
  40960.00    29.8507
  40970.00    30.3111
  40980.00    30.2752
  40990.00    29.9853
  41000.00    30.4257
  41010.00    30.2136
  41020.00    29.7287
  41030.00    29.9491
  41040.00    29.9889
  41050.00    29.5574
  41060.00    30.0271
  41070.00    30.2853
  41080.00    29.7254
  41090.00    29.8009
  41100.00    29.8018
  41110.00    30.1096
  41120.00    30.0885
  41130.00    29.7711
  41140.00    29.9861
  41150.00    30.1013
  41160.00    30.0892
  41170.00    29.7569
  41180.00    29.8048
  41190.00    30.3326
  41200.00    29.8201
  41210.00    29.6050
  41220.00    29.4577
  41230.00    29.9683
  41240.00    29.4933
  41250.00    30.4162
  41260.00    30.4584
  41270.00    29.7109
  41280.00    30.4774
  41290.00    29.7851
  41300.00    29.7321
  41310.00    30.2265
  41320.00    30.2622
  41330.00    29.4702
  41340.00    29.8385
  41350.00    29.9137
  41360.00    29.8209
  41370.00    29.8339
  41380.00    29.9171
  41390.00    30.7553
  41400.00    30.1396
  41410.00    30.0466
  41420.00    30.1451
  41430.00    30.4562
  41440.00    29.8475
  41450.00    29.5729
  41460.00    29.4732
  41470.00    29.6587
  41480.00    29.6217
  41490.00    29.6441
  41500.00    30.1069
  41510.00    30.6725
  41520.00    30.2095
  41530.00    30.4287
  41540.00    29.9166
  41550.00    30.0671
  41560.00    29.6381
  41570.00    30.2980
  41580.00    30.0796
  41590.00    30.4629
  41600.00    30.0459
  41610.00    30.6395
  41620.00    30.4072
  41630.00    29.7745
  41640.00    30.3344
  41650.00    30.3171
  41660.00    29.7386
  41670.00    30.0530
  41680.00    29.2394
  41690.00    30.0983
  41700.00    29.9413
  41710.00    30.0553
  41720.00    30.0683
  41730.00    29.9520
  41740.00    30.4168
  41750.00    29.9596
  41760.00    30.2050
  41770.00    29.6555
  41780.00    29.0638
  41790.00    29.8451
  41800.00    29.8695
  41810.00    30.2518
  41820.00    30.4385
  41830.00    30.0127
  41840.00    30.3838
  41850.00    30.1182
  41860.00    29.9381
  41870.00    30.0895
  41880.00    30.0800
  41890.00    30.1366
  41900.00    30.2784
  41910.00    29.9852
  41920.00    30.1052
  41930.00    30.4350
  41940.00    30.1605
  41950.00    30.1486
  41960.00    30.1984
  41970.00    30.7065
  41980.00    30.2851
  41990.00    29.3848
  42000.00    30.1537
  42010.00    30.2525
  42020.00    30.4239
  42030.00    29.9149
  42040.00    29.9987
  42050.00    29.7024
  42060.00    30.0608
  42070.00    29.9908
  42080.00    29.8263
  42090.00    30.0287
  42100.00    30.1346
  42110.00    29.8679
  42120.00    29.9941
  42130.00    30.3498
  42140.00    30.1209
  42150.00    29.5588
  42160.00    30.3950
  42170.00    29.9542
  42180.00    29.9828
  42190.00    30.2948
  42200.00    30.0762
  42210.00    30.0084
  42220.00    29.9038
  42230.00    29.8531
  42240.00    30.0885
  42250.00    29.9946
  42260.00    29.8968
  42270.00    29.8351
  42280.00    29.8836
  42290.00    29.3761
  42300.00    29.8818
  42310.00    29.9458
  42320.00    29.7073
  42330.00    30.2601
  42340.00    29.7402
  42350.00    30.0108
  42360.00    29.6556
  42370.00    29.7265
  42380.00    30.4218
  42390.00    30.0093
  42400.00    30.3052
  42410.00    29.6370
  42420.00    29.8579
  42430.00    30.0579
  42440.00    29.8690
  42450.00    29.6721
  42460.00    29.7527
  42470.00    30.0787
  42480.00    30.0865
  42490.00    30.4890
  42500.00    30.1039
  42510.00    29.8787
  42520.00    31.0423
  42530.00    30.1652
  42540.00    30.3688
  42550.00    29.6004
  42560.00    30.0375
  42570.00    30.2309
  42580.00    29.5593
  42590.00    29.7883
  42600.00    29.4574
  42610.00    29.9851
  42620.00    29.9193
  42630.00    29.9208
  42640.00    30.2869
  42650.00    29.8956
  42660.00    30.2025
  42670.00    30.4527
  42680.00    29.8800
  42690.00    30.0990
  42700.00    30.0220
  42710.00    30.1662
  42720.00    30.1581
  42730.00    30.1067
  42740.00    30.2720
  42750.00    30.4012
  42760.00    30.0761
  42770.00    30.0088
  42780.00    29.8100
  42790.00    29.7600
  42800.00    30.4349
  42810.00    30.2372
  42820.00    29.7490
  42830.00    29.9350
  42840.00    29.9892
  42850.00    30.0744
  42860.00    29.4778
  42870.00    30.2347
  42880.00    29.9955
  42890.00    29.8730
  42900.00    30.5629
  42910.00    30.2347
  42920.00    29.9792
  42930.00    30.1587
  42940.00    30.3357
  42950.00    29.5990
  42960.00    30.2391
  42970.00    29.9078
  42980.00    30.0422
  42990.00    30.3805
  43000.00    29.5044
  43010.00    29.9882
  43020.00    30.4696
  43030.00    29.9924
  43040.00    29.9904
  43050.00    30.0148
  43060.00    30.0816
  43070.00    30.0388
  43080.00    30.1221
  43090.00    30.0772
  43100.00    29.7378
  43110.00    30.0381
  43120.00    29.7090
  43130.00    30.0881
  43140.00    30.1732
  43150.00    30.3033
  43160.00    29.9813
  43170.00    29.8288
  43180.00    30.5016
  43190.00    29.6325
  43200.00    29.9104
  43210.00    29.7032
  43220.00    30.1398
  43230.00    30.2939
  43240.00    29.7914
  43250.00    29.7175
  43260.00    29.8138
  43270.00    30.0075
  43280.00    30.2303
  43290.00    29.8111
  43300.00    29.8246
  43310.00    29.9107
  43320.00    29.4738
  43330.00    30.4489
  43340.00    29.8950
  43350.00    30.2068
  43360.00    30.4565
  43370.00    29.9787
  43380.00    29.6065
  43390.00    30.2603
  43400.00    29.6310
  43410.00    29.8245
  43420.00    29.5230
  43430.00    29.7633
  43440.00    29.6690
  43450.00    30.4718
  43460.00    29.9508
  43470.00    29.7069
  43480.00    30.2350
  43490.00    29.7380
  43500.00    30.4471
  43510.00    30.2672
  43520.00    29.9550
  43530.00    29.5576
  43540.00    30.3080
  43550.00    30.0017
  43560.00    29.9567
  43570.00    29.8457
  43580.00    29.7753
  43590.00    29.6721
  43600.00    29.9710
  43610.00    29.7793
  43620.00    29.6036
  43630.00    29.7693
  43640.00    29.9581
  43650.00    30.0108
  43660.00    29.9899
  43670.00    29.9817
  43680.00    29.9335
  43690.00    29.8315
  43700.00    29.9400
  43710.00    30.0405
  43720.00    30.0904
  43730.00    30.0007
  43740.00    29.3274
  43750.00    30.1412
  43760.00    30.1291
  43770.00    30.0245
  43780.00    29.6061
  43790.00    29.6854
  43800.00    29.6587
  43810.00    29.8831
  43820.00    29.5673
  43830.00    29.6270
  43840.00    30.0904
  43850.00    30.0361
  43860.00    29.7872
  43870.00    29.8671
  43880.00    30.3260
  43890.00    29.5638
  43900.00    29.1841
  43910.00    29.9504
  43920.00    30.2927
  43930.00    30.1867
  43940.00    30.1121
  43950.00    29.8784
  43960.00    29.5479
  43970.00    30.1272
  43980.00    30.0146
  43990.00    30.6451
  44000.00    30.3954
  44010.00    29.5369
  44020.00    29.5955
  44030.00    29.8956
  44040.00    30.0410
  44050.00    29.8380
  44060.00    30.0568
  44070.00    29.9675
  44080.00    30.3409
  44090.00    29.9272
  44100.00    30.1265
  44110.00    29.9764
  44120.00    30.4302
  44130.00    30.2383
  44140.00    30.3412
  44150.00    30.2733
  44160.00    29.7739
  44170.00    29.3570
  44180.00    30.3365
  44190.00    30.1222
  44200.00    30.0433
  44210.00    29.5196
  44220.00    29.7293
  44230.00    30.7734
  44240.00    30.2753
  44250.00    30.0790
  44260.00    29.9298
  44270.00    30.5081
  44280.00    29.4840
  44290.00    30.4712
  44300.00    29.8220
  44310.00    30.0408
  44320.00    29.9140
  44330.00    29.8272
  44340.00    29.4641
  44350.00    29.5231
  44360.00    30.3808
  44370.00    29.8800
  44380.00    30.0727
  44390.00    29.9490
  44400.00    30.2501
  44410.00    29.9575
  44420.00    29.8131
  44430.00    29.6638
  44440.00    29.8569
  44450.00    30.1106
  44460.00    30.0378
  44470.00    29.7924
  44480.00    29.8553
  44490.00    29.4402
  44500.00    30.0318
  44510.00    29.6942
  44520.00    29.8954
  44530.00    29.7673
  44540.00    29.9229
  44550.00    29.6080
  44560.00    30.1485
  44570.00    29.9778
  44580.00    30.1205
  44590.00    29.6582
  44600.00    29.5785
  44610.00    29.9545
  44620.00    29.2826
  44630.00    30.3058
  44640.00    30.2606
  44650.00    29.7184
  44660.00    30.0611
  44670.00    29.9288
  44680.00    29.7632
  44690.00    29.7513
  44700.00    30.1819
  44710.00    30.0601
  44720.00    30.0227
  44730.00    30.2909
  44740.00    30.2962
  44750.00    29.8283
  44760.00    30.0331
  44770.00    30.1935
  44780.00    30.5234
  44790.00    30.1278
  44800.00    30.1448
  44810.00    30.0014
  44820.00    30.0092
  44830.00    29.8677
  44840.00    30.2908
  44850.00    30.4458
  44860.00    29.9239
  44870.00    30.0314
  44880.00    30.0410
  44890.00    30.2187
  44900.00    29.9555
  44910.00    29.6544
  44920.00    30.8984
  44930.00    29.9233
  44940.00    29.5489
  44950.00    29.9824
  44960.00    30.1910
  44970.00    30.0237
  44980.00    30.0531
  44990.00    29.9126
  45000.00    29.8187
  45010.00    29.9271
  45020.00    30.2768
  45030.00    29.9400
  45040.00    30.6687
  45050.00    29.6490
  45060.00    29.7033
  45070.00    29.7865
  45080.00    29.8266
  45090.00    30.5606
  45100.00    30.0566
  45110.00    29.6566
  45120.00    30.1095
  45130.00    30.3792
  45140.00    29.9747
  45150.00    29.8653
  45160.00    30.1035
  45170.00    30.6500
  45180.00    30.4858
  45190.00    29.9036
  45200.00    29.6571
  45210.00    29.8691
  45220.00    30.0180
  45230.00    29.7247
  45240.00    29.9251
  45250.00    29.7572
  45260.00    30.2101
  45270.00    29.2921
  45280.00    30.1171
  45290.00    30.2756
  45300.00    29.8621
  45310.00    29.8563
  45320.00    29.8420
  45330.00    29.6734
  45340.00    29.7185
  45350.00    30.2399
  45360.00    30.2240
  45370.00    30.4692
  45380.00    30.2919
  45390.00    29.7982
  45400.00    29.9479
  45410.00    29.4838
  45420.00    29.7751
  45430.00    30.1710
  45440.00    29.8223
  45450.00    30.2640
  45460.00    29.8454
  45470.00    29.8188
  45480.00    30.1919
  45490.00    30.3128
  45500.00    30.3237
  45510.00    29.5086
  45520.00    29.9582
  45530.00    30.0588
  45540.00    29.6879
  45550.00    29.8417
  45560.00    29.8908
  45570.00    29.9075
  45580.00    29.6663
  45590.00    30.2157
  45600.00    30.0377
  45610.00    29.9392
  45620.00    30.1503
  45630.00    29.4943
  45640.00    30.4625
  45650.00    30.0558
  45660.00    30.2336
  45670.00    30.0163
  45680.00    30.3215
  45690.00    29.6925
  45700.00    30.3316
  45710.00    29.4611
  45720.00    30.0821
  45730.00    30.2458
  45740.00    29.6341
  45750.00    29.7791
  45760.00    29.9227
  45770.00    30.2244
  45780.00    30.0937
  45790.00    30.1057
  45800.00    30.1103
  45810.00    30.6435
  45820.00    30.0372
  45830.00    30.6807
  45840.00    30.3342
  45850.00    29.3839
  45860.00    29.7134
  45870.00    29.7529
  45880.00    30.0862
  45890.00    29.8450
  45900.00    30.1748
  45910.00    30.2305
  45920.00    30.1882
  45930.00    29.7750
  45940.00    30.2633
  45950.00    29.8411
  45960.00    29.9650
  45970.00    29.6812
  45980.00    29.6940
  45990.00    29.8893
  46000.00    30.0738
  46010.00    30.0543
  46020.00    29.6426
  46030.00    30.1547
  46040.00    29.8809
  46050.00    29.7585
  46060.00    30.1223
  46070.00    30.1306
  46080.00    29.9092
  46090.00    29.8638
  46100.00    30.0486
  46110.00    30.2434
  46120.00    30.8264
  46130.00    30.4220
  46140.00    29.4659
  46150.00    29.6490
  46160.00    30.1403
  46170.00    30.3666
  46180.00    30.1100
  46190.00    29.8042
  46200.00    30.0147
  46210.00    29.0762
  46220.00    30.3260
  46230.00    30.3970
  46240.00    29.5816
  46250.00    29.5468
  46260.00    29.8234
  46270.00    29.8634
  46280.00    30.1497
  46290.00    30.2575
  46300.00    29.9681
  46310.00    30.1072
  46320.00    29.8255
  46330.00    30.0410
  46340.00    29.7913
  46350.00    29.9516
  46360.00    30.3521
  46370.00    30.3328
  46380.00    29.9645
  46390.00    30.2015
  46400.00    29.9395
  46410.00    30.5445
  46420.00    29.9424
  46430.00    30.0141
  46440.00    30.1727
  46450.00    29.6021
  46460.00    30.0706
  46470.00    29.9069
  46480.00    29.9738
  46490.00    30.1839
  46500.00    29.9433
  46510.00    29.7401
  46520.00    30.2483
  46530.00    30.0059
  46540.00    30.2371
  46550.00    30.2657
  46560.00    30.0429
  46570.00    30.1810
  46580.00    30.0549
  46590.00    30.0963
  46600.00    30.1039
  46610.00    29.9023
  46620.00    30.4158
  46630.00    30.5895
  46640.00    29.4495
  46650.00    30.3935
  46660.00    30.1948
  46670.00    29.8968
  46680.00    29.9609
  46690.00    29.9040
  46700.00    29.9720
  46710.00    29.8796
  46720.00    29.7199
  46730.00    29.9731
  46740.00    30.7188
  46750.00    29.9210
  46760.00    30.1607
  46770.00    30.0263
  46780.00    29.6819
  46790.00    30.0161
  46800.00    29.9782
  46810.00    30.2187
  46820.00    30.3567
  46830.00    29.7079
  46840.00    29.8551
  46850.00    30.2900
  46860.00    30.3466
  46870.00    29.9596
  46880.00    29.9395
  46890.00    30.0644
  46900.00    29.9356
  46910.00    30.3199
  46920.00    30.0698
  46930.00    30.0871
  46940.00    29.7962
  46950.00    30.4328
  46960.00    29.7842
  46970.00    30.1274
  46980.00    30.1106
  46990.00    29.8499
  47000.00    29.9683
  47010.00    30.0329
  47020.00    29.5660
  47030.00    30.3108
  47040.00    30.3601
  47050.00    29.9701
  47060.00    29.8521
  47070.00    29.8820
  47080.00    29.7004
  47090.00    29.9642
  47100.00    29.7694
  47110.00    30.2539
  47120.00    30.7254
  47130.00    29.7149
  47140.00    29.7890
  47150.00    30.0612
  47160.00    30.3074
  47170.00    30.1610
  47180.00    29.8413
  47190.00    30.1445
  47200.00    29.9932
  47210.00    30.1315
  47220.00    29.6159
  47230.00    29.4450
  47240.00    29.9294
  47250.00    29.3470
  47260.00    29.8226
  47270.00    30.1302
  47280.00    30.0943
  47290.00    30.0088
  47300.00    30.0739
  47310.00    29.9044
  47320.00    30.1341
  47330.00    30.0125
  47340.00    30.4167
  47350.00    29.6867
  47360.00    29.8456
  47370.00    30.8312
  47380.00    30.0925
  47390.00    29.7090
  47400.00    30.3089
  47410.00    30.0525
  47420.00    29.7134
  47430.00    30.4044
  47440.00    29.6814
  47450.00    29.6257
  47460.00    30.1640
  47470.00    30.1984
  47480.00    30.6561
  47490.00    29.7705
  47500.00    30.1539
  47510.00    29.8524
  47520.00    29.7188
  47530.00    29.9479
  47540.00    29.6492
  47550.00    30.4918
  47560.00    29.8371
  47570.00    29.7580
  47580.00    30.3532
  47590.00    30.1167
  47600.00    30.0239
  47610.00    29.9546
  47620.00    30.0540
  47630.00    29.8197
  47640.00    29.8104
  47650.00    30.5825
  47660.00    29.8192
  47670.00    30.1460
  47680.00    29.3722
  47690.00    30.0452
  47700.00    29.2734
  47710.00    30.1791
  47720.00    30.3661
  47730.00    29.8836
  47740.00    30.1424
  47750.00    29.7376
  47760.00    30.3081
  47770.00    29.9814
  47780.00    29.9376
  47790.00    29.7434
  47800.00    29.8999
  47810.00    29.6484
  47820.00    29.8679
  47830.00    29.8331
  47840.00    30.3920
  47850.00    30.1875
  47860.00    30.0404
  47870.00    29.5642
  47880.00    29.9971
  47890.00    29.4549
  47900.00    30.1119
  47910.00    29.8317
  47920.00    30.1289
  47930.00    30.3323
  47940.00    29.8082
  47950.00    30.3000
  47960.00    29.6812
  47970.00    29.9698
  47980.00    30.3110
  47990.00    29.5294
  48000.00    29.5596
  48010.00    29.8372
  48020.00    30.0492
  48030.00    29.3733
  48040.00    30.0228
  48050.00    29.9566
  48060.00    29.5432
  48070.00    30.3594
  48080.00    29.9035
  48090.00    30.1077
  48100.00    30.1523
  48110.00    29.6386
  48120.00    30.1304
  48130.00    30.2840
  48140.00    29.8380
  48150.00    30.1318
  48160.00    29.7073
  48170.00    30.2871
  48180.00    30.1441
  48190.00    30.1038
  48200.00    29.4881
  48210.00    30.2150
  48220.00    29.7770
  48230.00    30.0190
  48240.00    29.9111
  48250.00    30.3380
  48260.00    30.3080
  48270.00    29.5466
  48280.00    29.8994
  48290.00    30.0788
  48300.00    30.0835
  48310.00    29.5491
  48320.00    30.0021
  48330.00    29.9490
  48340.00    30.2810
  48350.00    29.9053
  48360.00    29.8382
  48370.00    29.8650
  48380.00    30.0527
  48390.00    29.6589
  48400.00    29.8225
  48410.00    30.2503
  48420.00    29.8885
  48430.00    30.0684
  48440.00    29.9785
  48450.00    30.3187
  48460.00    30.6213
  48470.00    30.1534
  48480.00    30.2609
  48490.00    29.7168
  48500.00    29.9185
  48510.00    30.2184
  48520.00    29.4946
  48530.00    30.2545
  48540.00    30.2827
  48550.00    30.2554
  48560.00    30.2121
  48570.00    30.0979
  48580.00    29.9896
  48590.00    30.0961
  48600.00    30.3269
  48610.00    30.8044
  48620.00    29.4866
  48630.00    30.0437
  48640.00    29.6071
  48650.00    30.3248
  48660.00    29.8943
  48670.00    30.1622
  48680.00    29.9655
  48690.00    29.8585
  48700.00    29.9942
  48710.00    29.9922
  48720.00    30.4036
  48730.00    29.6415
  48740.00    31.0682
  48750.00    29.2554
  48760.00    29.7824
  48770.00    29.9245
  48780.00    29.7399
  48790.00    29.6443
  48800.00    30.0971
  48810.00    30.1450
  48820.00    30.3698
  48830.00    30.3334
  48840.00    29.8817
  48850.00    29.9092
  48860.00    30.3288
  48870.00    30.1889
  48880.00    29.8284
  48890.00    29.6684
  48900.00    30.0268
  48910.00    29.6886
  48920.00    29.7474
  48930.00    29.8540
  48940.00    30.6473
  48950.00    29.6145
  48960.00    29.8445
  48970.00    29.9370
  48980.00    29.9264
  48990.00    30.7388
  49000.00    30.1934
  49010.00    29.7092
  49020.00    29.9618
  49030.00    29.4915
  49040.00    29.9385
  49050.00    30.0020
  49060.00    29.9580
  49070.00    30.0203
  49080.00    29.8043
  49090.00    30.0373
  49100.00    30.0420
  49110.00    30.1435
  49120.00    30.1250
  49130.00    30.1835
  49140.00    29.9965
  49150.00    29.9086
  49160.00    30.4679
  49170.00    30.3903
  49180.00    30.3185
  49190.00    30.1122
  49200.00    30.2258
  49210.00    29.6396
  49220.00    30.4165
  49230.00    29.8875
  49240.00    29.3333
  49250.00    30.1854
  49260.00    29.7000
  49270.00    29.9616
  49280.00    30.5204
  49290.00    29.7980
  49300.00    29.9690
  49310.00    30.3053
  49320.00    30.0903
  49330.00    30.1813
  49340.00    29.8222
  49350.00    29.6403
  49360.00    30.3736
  49370.00    29.8916
  49380.00    30.3638
  49390.00    29.9071
  49400.00    30.2048
  49410.00    29.3059
  49420.00    30.4161
  49430.00    29.5888
  49440.00    30.2069
  49450.00    30.1077
  49460.00    29.6211
  49470.00    29.8857
  49480.00    29.9485
  49490.00    29.6673
  49500.00    30.1550
  49510.00    30.0034
  49520.00    30.0461
  49530.00    29.9982
  49540.00    29.7680
  49550.00    30.1799
  49560.00    29.7198
  49570.00    30.3127
  49580.00    30.2514
  49590.00    29.7757
  49600.00    29.7570
  49610.00    30.6650
  49620.00    29.8275
  49630.00    29.8898
  49640.00    29.9489
  49650.00    30.1892
  49660.00    30.4615
  49670.00    29.7338
  49680.00    30.3049
  49690.00    29.5052
  49700.00    30.1275
  49710.00    29.8162
  49720.00    29.7769
  49730.00    29.6888
  49740.00    29.8149
  49750.00    29.9151
  49760.00    30.2887
  49770.00    29.9995
  49780.00    29.9173
  49790.00    30.2278
  49800.00    30.1355
  49810.00    29.4919
  49820.00    29.9568
  49830.00    29.5207
  49840.00    29.8656
  49850.00    30.4062
  49860.00    29.8130
  49870.00    30.1278
  49880.00    30.0995
  49890.00    29.5419
  49900.00    30.0622
  49910.00    30.1808
  49920.00    30.4435
  49930.00    30.1824
  49940.00    30.1611
  49950.00    29.7260
  49960.00    29.8009
  49970.00    30.2295
  49980.00    29.9885
  49990.00    29.9943
  50000.00    29.7710
