     10.00    31.2531
     20.00    31.1856
     30.00    30.6728
     40.00    30.8784
     50.00    31.2251
     60.00    30.7597
     70.00    30.8869
     80.00    30.8128
     90.00    31.2258
    100.00    31.1735
    110.00    30.6343
    120.00    31.4109
    130.00    30.8396
    140.00    30.5109
    150.00    31.0079
    160.00    30.4483
    170.00    30.9436
    180.00    30.8136
    190.00    31.1719
    200.00    30.7200
    210.00    30.3560
    220.00    30.5720
    230.00    30.6476
    240.00    30.7226
    250.00    31.2126
    260.00    30.3943
    270.00    30.9355
    280.00    30.9430
    290.00    30.3540
    300.00    31.3699
    310.00    31.0054
    320.00    30.8189
    330.00    31.0890
    340.00    30.9358
    350.00    31.1330
    360.00    30.7293
    370.00    30.9282
    380.00    31.1851
    390.00    30.9560
    400.00    31.1323
    410.00    30.9611
    420.00    30.9176
    430.00    30.8785
    440.00    31.2454
    450.00    30.6692
    460.00    30.7921
    470.00    31.3000
    480.00    31.1919
    490.00    31.2239
    500.00    30.9070
    510.00    30.3701
    520.00    31.2068
    530.00    30.7738
    540.00    31.0364
    550.00    31.0095
    560.00    30.4252
    570.00    30.5626
    580.00    30.8622
    590.00    30.5760
    600.00    31.1092
    610.00    30.7500
    620.00    30.8841
    630.00    31.2939
    640.00    30.9479
    650.00    31.2124
    660.00    30.6846
    670.00    30.9181
    680.00    31.1393
    690.00    30.8008
    700.00    30.6201
    710.00    30.8692
    720.00    30.8423
    730.00    31.2315
    740.00    31.0059
    750.00    30.9560
    760.00    30.5854
    770.00    30.5212
    780.00    31.0411
    790.00    31.3315
    800.00    30.8015
    810.00    30.4224
    820.00    30.9503
    830.00    31.1486
    840.00    30.7835
    850.00    30.7785
    860.00    31.2736
    870.00    31.0639
    880.00    31.4483
    890.00    30.8314
    900.00    31.4106
    910.00    31.1909
    920.00    31.3333
    930.00    30.8246
    940.00    30.5629
    950.00    31.0698
    960.00    32.0000
    970.00    31.1555
    980.00    30.7259
    990.00    30.7156
   1000.00    31.1929
   1010.00    31.3061
   1020.00    31.7038
   1030.00    31.1330
   1040.00    31.2804
   1050.00    31.1468
   1060.00    30.9422
   1070.00    30.4364
   1080.00    31.1193
   1090.00    31.4883
   1100.00    31.0679
   1110.00    31.6277
   1120.00    30.8681
   1130.00    31.1969
   1140.00    30.9297
   1150.00    30.7856
   1160.00    30.9906
   1170.00    31.2896
   1180.00    30.8088
   1190.00    31.4409
   1200.00    31.1363
   1210.00    31.0869
   1220.00    30.9738
   1230.00    31.1861
   1240.00    30.7073
   1250.00    31.0560
   1260.00    30.5191
   1270.00    30.9562
   1280.00    31.2650
   1290.00    30.9585
   1300.00    31.1591
   1310.00    31.2465
   1320.00    31.1062
   1330.00    30.9016
   1340.00    30.9359
   1350.00    30.8321
   1360.00    31.1603
   1370.00    30.6546
   1380.00    30.8709
   1390.00    30.7412
   1400.00    30.8803
   1410.00    30.7373
   1420.00    30.8372
   1430.00    30.8084
   1440.00    30.9454
   1450.00    31.3272
   1460.00    31.5070
   1470.00    31.0927
   1480.00    30.9836
   1490.00    31.1947
   1500.00    30.6661
   1510.00    31.2187
   1520.00    30.4823
   1530.00    30.4204
   1540.00    31.3316
   1550.00    31.2070
   1560.00    30.9419
   1570.00    30.7017
   1580.00    30.7897
   1590.00    31.5569
   1600.00    31.1322
   1610.00    30.3504
   1620.00    31.0979
   1630.00    31.6078
   1640.00    30.6294
   1650.00    30.5681
   1660.00    30.7191
   1670.00    30.7938
   1680.00    31.1086
   1690.00    30.9776
   1700.00    30.8323
   1710.00    31.4185
   1720.00    31.1298
   1730.00    30.8552
   1740.00    30.8028
   1750.00    30.7310
   1760.00    31.1389
   1770.00    31.3340
   1780.00    31.0324
   1790.00    31.0252
   1800.00    30.9664
   1810.00    30.8312
   1820.00    31.1533
   1830.00    31.3949
   1840.00    31.1803
   1850.00    31.0648
   1860.00    30.9660
   1870.00    30.6089
   1880.00    31.0316
   1890.00    30.6719
   1900.00    30.8849
   1910.00    30.7887
   1920.00    30.8505
   1930.00    31.0329
   1940.00    31.2952
   1950.00    30.6938
   1960.00    30.8925
   1970.00    30.8558
   1980.00    31.2617
   1990.00    31.1560
   2000.00    31.1108
   2010.00    30.7499
   2020.00    31.0350
   2030.00    30.4643
   2040.00    30.8199
   2050.00    31.0435
   2060.00    31.0940
   2070.00    31.1728
   2080.00    30.6887
   2090.00    30.6278
   2100.00    30.6931
   2110.00    31.2202
   2120.00    31.2840
   2130.00    31.0644
   2140.00    31.3142
   2150.00    31.1216
   2160.00    30.9391
   2170.00    31.3378
   2180.00    31.1356
   2190.00    30.9362
   2200.00    30.8958
   2210.00    31.3276
   2220.00    31.0172
   2230.00    30.8577
   2240.00    31.0276
   2250.00    31.3566
   2260.00    31.1892
   2270.00    31.1463
   2280.00    30.6621
   2290.00    30.7760
   2300.00    30.8957
   2310.00    30.7986
   2320.00    31.1280
   2330.00    30.7275
   2340.00    31.2901
   2350.00    31.0957
   2360.00    31.2028
   2370.00    31.2485
   2380.00    30.4600
   2390.00    31.0266
   2400.00    30.9910
   2410.00    30.8535
   2420.00    30.8418
   2430.00    30.6154
   2440.00    31.0223
   2450.00    31.5535
   2460.00    30.7422
   2470.00    30.8174
   2480.00    31.0126
   2490.00    30.7607
   2500.00    31.4565
   2510.00    30.7579
   2520.00    31.1244
   2530.00    30.9271
   2540.00    30.9336
   2550.00    31.5380
   2560.00    30.8305
   2570.00    30.9055
   2580.00    30.8667
   2590.00    30.9266
   2600.00    30.8315
   2610.00    31.5690
   2620.00    31.4428
   2630.00    31.0064
   2640.00    31.2047
   2650.00    30.7015
   2660.00    31.1704
   2670.00    31.3750
   2680.00    31.0765
   2690.00    30.7762
   2700.00    30.5047
   2710.00    30.8856
   2720.00    30.5584
   2730.00    30.8287
   2740.00    30.9827
   2750.00    30.9142
   2760.00    30.7789
   2770.00    31.2296
   2780.00    31.4115
   2790.00    30.6812
   2800.00    30.9643
   2810.00    30.9705
   2820.00    31.1315
   2830.00    31.3739
   2840.00    30.1263
   2850.00    31.0653
   2860.00    30.4448
   2870.00    30.9530
   2880.00    30.4364
   2890.00    30.7620
   2900.00    31.0059
   2910.00    30.1730
   2920.00    31.4024
   2930.00    31.0032
   2940.00    31.0492
   2950.00    30.9243
   2960.00    31.1358
   2970.00    30.7520
   2980.00    31.3215
   2990.00    31.1513
   3000.00    30.5270
   3010.00    30.9082
   3020.00    30.9901
   3030.00    31.3345
   3040.00    30.6919
   3050.00    31.4357
   3060.00    31.4276
   3070.00    30.6599
   3080.00    30.8194
   3090.00    30.5317
   3100.00    30.7935
   3110.00    30.8630
   3120.00    31.0930
   3130.00    30.6387
   3140.00    31.2026
   3150.00    31.1575
   3160.00    30.8769
   3170.00    31.0519
   3180.00    30.9153
   3190.00    30.9305
   3200.00    31.1356
   3210.00    30.6662
   3220.00    30.8181
   3230.00    30.8081
   3240.00    30.9685
   3250.00    31.2514
   3260.00    31.6007
   3270.00    30.3742
   3280.00    30.5718
   3290.00    31.0399
   3300.00    30.8018
   3310.00    31.2882
   3320.00    30.8345
   3330.00    31.3530
   3340.00    30.9143
   3350.00    30.9796
   3360.00    30.9139
   3370.00    30.9542
   3380.00    31.1355
   3390.00    30.9967
   3400.00    30.8004
   3410.00    31.3808
   3420.00    30.5449
   3430.00    31.0149
   3440.00    31.1824
   3450.00    31.1484
   3460.00    31.2978
   3470.00    30.7130
   3480.00    30.4771
   3490.00    30.9392
   3500.00    30.6413
   3510.00    31.1614
   3520.00    30.4680
   3530.00    31.2101
   3540.00    31.4622
   3550.00    31.0841
   3560.00    31.3621
   3570.00    31.0046
   3580.00    31.0301
   3590.00    31.2426
   3600.00    31.0858
   3610.00    31.0969
   3620.00    31.0973
   3630.00    31.3994
   3640.00    31.3403
   3650.00    30.6996
   3660.00    30.9920
   3670.00    30.6066
   3680.00    31.1587
   3690.00    30.3267
   3700.00    31.1589
   3710.00    30.9673
   3720.00    30.9196
   3730.00    31.0552
   3740.00    30.5268
   3750.00    30.9871
   3760.00    30.6929
   3770.00    31.3603
   3780.00    31.3472
   3790.00    30.8821
   3800.00    31.0542
   3810.00    30.6446
   3820.00    31.1299
   3830.00    31.2091
   3840.00    30.8356
   3850.00    31.0187
   3860.00    30.7036
   3870.00    30.7492
   3880.00    30.6929
   3890.00    30.7378
   3900.00    30.9104
   3910.00    30.8570
   3920.00    31.1037
   3930.00    30.9344
   3940.00    31.2614
   3950.00    31.7682
   3960.00    30.9345
   3970.00    30.8316
   3980.00    30.8098
   3990.00    30.8572
   4000.00    31.0626
   4010.00    30.4311
   4020.00    30.9100
   4030.00    30.7323
   4040.00    30.7590
   4050.00    31.1596
   4060.00    30.8449
   4070.00    31.2250
   4080.00    30.9172
   4090.00    30.4725
   4100.00    30.8830
   4110.00    31.0536
   4120.00    30.9956
   4130.00    31.4615
   4140.00    30.8724
   4150.00    31.3345
   4160.00    31.2579
   4170.00    31.2633
   4180.00    31.0248
   4190.00    30.6193
   4200.00    31.0061
   4210.00    30.9357
   4220.00    30.5513
   4230.00    30.8379
   4240.00    30.9656
   4250.00    30.9765
   4260.00    30.9124
   4270.00    30.9396
   4280.00    30.6830
   4290.00    30.8103
   4300.00    30.8787
   4310.00    31.4217
   4320.00    31.7194
   4330.00    30.9998
   4340.00    30.6710
   4350.00    31.3088
   4360.00    30.4228
   4370.00    31.4436
   4380.00    30.8130
   4390.00    31.0463
   4400.00    30.4399
   4410.00    30.4957
   4420.00    30.6265
   4430.00    30.6241
   4440.00    30.7821
   4450.00    30.8895
   4460.00    30.8981
   4470.00    30.7766
   4480.00    30.6858
   4490.00    31.0154
   4500.00    31.7268
   4510.00    30.7211
   4520.00    31.1011
   4530.00    30.5836
   4540.00    31.2649
   4550.00    30.6838
   4560.00    30.6955
   4570.00    31.6645
   4580.00    31.2567
   4590.00    31.0652
   4600.00    31.0487
   4610.00    31.2675
   4620.00    31.3850
   4630.00    30.9407
   4640.00    31.1239
   4650.00    30.6236
   4660.00    31.0625
   4670.00    30.8868
   4680.00    31.1314
   4690.00    30.4787
   4700.00    31.0197
   4710.00    31.2561
   4720.00    31.6752
   4730.00    31.1686
   4740.00    30.8985
   4750.00    30.7995
   4760.00    30.9419
   4770.00    31.2056
   4780.00    31.0443
   4790.00    30.5134
   4800.00    30.8131
   4810.00    31.1923
   4820.00    30.9838
   4830.00    30.9934
   4840.00    30.7276
   4850.00    30.7504
   4860.00    30.6363
   4870.00    31.2900
   4880.00    31.0439
   4890.00    31.0218
   4900.00    31.1559
   4910.00    30.7687
   4920.00    30.9163
   4930.00    31.0767
   4940.00    30.6463
   4950.00    30.7736
   4960.00    31.1114
   4970.00    30.8701
   4980.00    30.8222
   4990.00    30.9263
   5000.00    31.1960
   5010.00    30.7897
   5020.00    30.9390
   5030.00    30.6213
   5040.00    30.4095
   5050.00    31.1338
   5060.00    30.7899
   5070.00    31.0728
   5080.00    31.0250
   5090.00    30.6674
   5100.00    31.0961
   5110.00    31.4369
   5120.00    31.0125
   5130.00    31.2341
   5140.00    31.1122
   5150.00    31.4017
   5160.00    31.0953
   5170.00    31.0254
   5180.00    31.0280
   5190.00    31.2019
   5200.00    31.0019
   5210.00    31.0700
   5220.00    31.4959
   5230.00    30.9565
   5240.00    31.2921
   5250.00    30.6006
   5260.00    30.9554
   5270.00    30.5066
   5280.00    31.5833
   5290.00    30.7813
   5300.00    31.4239
   5310.00    31.0011
   5320.00    30.8840
   5330.00    30.6885
   5340.00    30.6536
   5350.00    31.1508
   5360.00    30.5476
   5370.00    31.1509
   5380.00    30.7460
   5390.00    31.2195
   5400.00    30.9986
   5410.00    30.7523
   5420.00    31.2538
   5430.00    30.6654
   5440.00    30.9262
   5450.00    30.8698
   5460.00    31.2730
   5470.00    30.8533
   5480.00    31.0306
   5490.00    30.4918
   5500.00    30.9524
   5510.00    30.9010
   5520.00    31.1661
   5530.00    31.1868
   5540.00    31.2514
   5550.00    30.5350
   5560.00    31.0553
   5570.00    31.0808
   5580.00    31.2649
   5590.00    31.3098
   5600.00    31.0446
   5610.00    30.8200
   5620.00    30.6046
   5630.00    30.6353
   5640.00    30.8859
   5650.00    30.8354
   5660.00    30.8543
   5670.00    30.7728
   5680.00    30.7878
   5690.00    30.7723
   5700.00    30.9282
   5710.00    31.2274
   5720.00    31.4862
   5730.00    30.8508
   5740.00    31.1584
   5750.00    31.0132
   5760.00    30.7514
   5770.00    31.1626
   5780.00    31.1470
   5790.00    31.5952
   5800.00    31.1179
   5810.00    31.5262
   5820.00    31.3819
   5830.00    30.8314
   5840.00    31.4606
   5850.00    31.1396
   5860.00    31.1795
   5870.00    31.0196
   5880.00    31.4533
   5890.00    30.8480
   5900.00    30.5718
   5910.00    30.8354
   5920.00    31.2084
   5930.00    31.1354
   5940.00    31.1403
   5950.00    30.9996
   5960.00    31.3600
   5970.00    30.8892
   5980.00    31.2278
   5990.00    31.0283
   6000.00    30.9979
   6010.00    31.1863
   6020.00    30.4092
   6030.00    30.9111
   6040.00    30.9457
   6050.00    31.2115
   6060.00    30.5607
   6070.00    31.0673
   6080.00    31.0314
   6090.00    30.7952
   6100.00    30.9997
   6110.00    30.8932
   6120.00    31.0725
   6130.00    30.8003
   6140.00    31.0886
   6150.00    30.8722
   6160.00    31.6638
   6170.00    31.6251
   6180.00    31.3472
   6190.00    31.0925
   6200.00    30.7471
   6210.00    30.5268
   6220.00    31.2490
   6230.00    31.2705
   6240.00    31.2544
   6250.00    31.2509
   6260.00    30.9149
   6270.00    31.1659
   6280.00    30.7606
   6290.00    31.3138
   6300.00    31.2680
   6310.00    31.2936
   6320.00    30.7788
   6330.00    31.3645
   6340.00    31.0318
   6350.00    30.7991
   6360.00    31.0854
   6370.00    30.7933
   6380.00    31.2353
   6390.00    31.0004
   6400.00    30.9722
   6410.00    31.0243
   6420.00    31.2517
   6430.00    30.6880
   6440.00    31.0212
   6450.00    31.1711
   6460.00    30.9911
   6470.00    30.8554
   6480.00    31.1314
   6490.00    30.8084
   6500.00    30.9186
   6510.00    31.1214
   6520.00    30.9872
   6530.00    30.7697
   6540.00    31.0861
   6550.00    31.5655
   6560.00    30.7257
   6570.00    31.0219
   6580.00    30.8192
   6590.00    31.0878
   6600.00    30.9445
   6610.00    30.9670
   6620.00    31.0946
   6630.00    31.2430
   6640.00    31.2173
   6650.00    31.7411
   6660.00    31.3119
   6670.00    30.9980
   6680.00    30.9397
   6690.00    30.8382
   6700.00    31.6187
   6710.00    30.6203
   6720.00    31.3054
   6730.00    30.6693
   6740.00    30.8006
   6750.00    31.1653
   6760.00    30.8250
   6770.00    30.6628
   6780.00    30.8451
   6790.00    30.7129
   6800.00    30.8534
   6810.00    30.8274
   6820.00    30.8384
   6830.00    30.5715
   6840.00    30.9631
   6850.00    30.9394
   6860.00    30.9637
   6870.00    30.8450
   6880.00    30.8421
   6890.00    31.1448
   6900.00    30.8554
   6910.00    31.0956
   6920.00    31.2801
   6930.00    30.6869
   6940.00    31.3267
   6950.00    30.8602
   6960.00    31.1926
   6970.00    31.3081
   6980.00    31.0932
   6990.00    30.7430
   7000.00    31.2162
   7010.00    31.5958
   7020.00    31.0593
   7030.00    31.2780
   7040.00    31.2487
   7050.00    31.0950
   7060.00    30.6777
   7070.00    31.3512
   7080.00    30.4088
   7090.00    31.2549
   7100.00    30.5642
   7110.00    30.7282
   7120.00    30.7808
   7130.00    31.0713
   7140.00    31.5195
   7150.00    30.9564
   7160.00    30.8420
   7170.00    30.8802
   7180.00    30.5922
   7190.00    31.1873
   7200.00    30.9587
   7210.00    30.9155
   7220.00    31.2290
   7230.00    31.2541
   7240.00    30.8066
   7250.00    30.6623
   7260.00    30.9596
   7270.00    30.6137
   7280.00    30.8088
   7290.00    30.6919
   7300.00    30.9646
   7310.00    30.6248
   7320.00    31.3016
   7330.00    30.5079
   7340.00    30.7353
   7350.00    31.2251
   7360.00    30.6514
   7370.00    31.1469
   7380.00    30.7398
   7390.00    30.9217
   7400.00    31.2158
   7410.00    30.9231
   7420.00    31.1391
   7430.00    30.9135
   7440.00    30.9729
   7450.00    31.2859
   7460.00    31.1888
   7470.00    31.4792
   7480.00    30.7520
   7490.00    31.2509
   7500.00    31.1074
   7510.00    30.9574
   7520.00    30.9421
   7530.00    31.1133
   7540.00    30.3727
   7550.00    31.0075
   7560.00    31.0841
   7570.00    30.9093
   7580.00    30.2752
   7590.00    30.6096
   7600.00    30.9600
   7610.00    30.6873
   7620.00    30.9032
   7630.00    31.1540
   7640.00    30.8478
   7650.00    31.6439
   7660.00    31.5964
   7670.00    31.0168
   7680.00    30.9328
   7690.00    31.0126
   7700.00    31.0500
   7710.00    30.9135
   7720.00    30.5860
   7730.00    30.8606
   7740.00    30.2298
   7750.00    30.7545
   7760.00    30.9389
   7770.00    31.3462
   7780.00    31.1440
   7790.00    30.6173
   7800.00    30.9157
   7810.00    31.1590
   7820.00    30.7644
   7830.00    30.5496
   7840.00    30.8932
   7850.00    31.4408
   7860.00    30.8072
   7870.00    30.7342
   7880.00    30.6704
   7890.00    31.3926
   7900.00    31.0172
   7910.00    31.1716
   7920.00    30.9352
   7930.00    30.9507
   7940.00    30.4220
   7950.00    31.0569
   7960.00    31.3746
   7970.00    30.6247
   7980.00    30.9713
   7990.00    31.0164
   8000.00    31.2028
   8010.00    31.0595
   8020.00    31.0111
   8030.00    31.5371
   8040.00    31.6404
   8050.00    30.9842
   8060.00    30.6565
   8070.00    30.6246
   8080.00    30.7330
   8090.00    30.6860
   8100.00    31.1524
   8110.00    30.8390
   8120.00    30.8350
   8130.00    30.8483
   8140.00    31.0451
   8150.00    30.8217
   8160.00    31.5411
   8170.00    30.9354
   8180.00    31.3829
   8190.00    31.5569
   8200.00    31.3985
   8210.00    30.4760
   8220.00    30.7129
   8230.00    31.0854
   8240.00    31.4002
   8250.00    31.0453
   8260.00    31.0178
   8270.00    30.8485
   8280.00    30.9108
   8290.00    30.7262
   8300.00    30.4791
   8310.00    30.9693
   8320.00    31.4033
   8330.00    31.1514
   8340.00    30.8566
   8350.00    31.2135
   8360.00    30.6048
   8370.00    30.4441
   8380.00    30.9438
   8390.00    30.9702
   8400.00    30.8084
   8410.00    31.1081
   8420.00    30.8897
   8430.00    30.6310
   8440.00    30.8760
   8450.00    30.8076
   8460.00    31.4436
   8470.00    30.9342
   8480.00    31.4154
   8490.00    31.0147
   8500.00    31.2820
   8510.00    30.5535
   8520.00    31.0613
   8530.00    31.5049
   8540.00    30.6414
   8550.00    31.5441
   8560.00    31.0505
   8570.00    31.4532
   8580.00    30.8608
   8590.00    30.8518
   8600.00    31.3123
   8610.00    31.0309
   8620.00    31.2144
   8630.00    30.7969
   8640.00    30.8309
   8650.00    31.3891
   8660.00    30.6605
   8670.00    30.9310
   8680.00    31.3013
   8690.00    30.9461
   8700.00    30.8569
   8710.00    30.9084
   8720.00    30.8888
   8730.00    31.3180
   8740.00    30.9548
   8750.00    30.9234
   8760.00    30.7534
   8770.00    31.1683
   8780.00    31.4532
   8790.00    30.7015
   8800.00    31.2107
   8810.00    30.5391
   8820.00    30.5319
   8830.00    30.7469
   8840.00    30.8821
   8850.00    30.9462
   8860.00    30.8604
   8870.00    30.9771
   8880.00    31.0129
   8890.00    31.3195
   8900.00    31.0569
   8910.00    30.8020
   8920.00    30.9293
   8930.00    30.7468
   8940.00    31.0042
   8950.00    30.7421
   8960.00    31.4289
   8970.00    31.4194
   8980.00    30.7020
   8990.00    31.0954
   9000.00    31.2194
   9010.00    31.2318
   9020.00    30.8250
   9030.00    31.0549
   9040.00    31.1794
   9050.00    31.1348
   9060.00    30.9782
   9070.00    30.8246
   9080.00    30.9987
   9090.00    30.8057
   9100.00    31.3567
   9110.00    31.0843
   9120.00    30.4804
   9130.00    31.3720
   9140.00    30.6798
   9150.00    30.9489
   9160.00    31.0848
   9170.00    30.6517
   9180.00    30.9096
   9190.00    30.8754
   9200.00    31.2483
   9210.00    31.1153
   9220.00    31.1359
   9230.00    30.7602
   9240.00    31.6782
   9250.00    30.9927
   9260.00    31.1106
   9270.00    30.4045
   9280.00    31.0935
   9290.00    31.2164
   9300.00    31.3128
   9310.00    30.8186
   9320.00    31.0157
   9330.00    31.6142
   9340.00    31.1947
   9350.00    31.8087
   9360.00    30.8216
   9370.00    30.8601
   9380.00    31.5064
   9390.00    31.3503
   9400.00    30.9271
   9410.00    30.9057
   9420.00    30.5797
   9430.00    31.3813
   9440.00    31.0482
   9450.00    30.3995
   9460.00    30.7585
   9470.00    31.3826
   9480.00    31.2663
   9490.00    30.8486
   9500.00    31.1365
   9510.00    30.9352
   9520.00    31.2306
   9530.00    31.5042
   9540.00    30.9846
   9550.00    30.9375
   9560.00    31.3581
   9570.00    31.1935
   9580.00    30.9987
   9590.00    30.4279
   9600.00    30.7979
   9610.00    30.8407
   9620.00    30.9959
   9630.00    31.3905
   9640.00    31.1270
   9650.00    31.1118
   9660.00    30.8889
   9670.00    30.8875
   9680.00    31.2075
   9690.00    30.7168
   9700.00    30.8903
   9710.00    31.1935
   9720.00    30.6974
   9730.00    30.6769
   9740.00    30.9689
   9750.00    30.7797
   9760.00    31.4285
   9770.00    31.0044
   9780.00    31.4490
   9790.00    30.6311
   9800.00    30.6348
   9810.00    30.9928
   9820.00    31.2253
   9830.00    30.9380
   9840.00    30.9126
   9850.00    30.7522
   9860.00    32.0006
   9870.00    30.9856
   9880.00    30.8846
   9890.00    30.8279
   9900.00    30.9706
   9910.00    31.1037
   9920.00    30.9205
   9930.00    31.7755
   9940.00    31.0519
   9950.00    31.0806
   9960.00    31.1359
   9970.00    30.5745
   9980.00    30.6363
   9990.00    30.9590
  10000.00    30.7511
  10010.00    31.3877
  10020.00    30.9728
  10030.00    30.8476
  10040.00    31.5561
  10050.00    31.4844
  10060.00    30.8907
  10070.00    31.6141
  10080.00    30.9258
  10090.00    30.6509
  10100.00    31.0110
  10110.00    31.3471
  10120.00    30.8151
  10130.00    31.1781
  10140.00    30.9663
  10150.00    30.6284
  10160.00    30.9347
  10170.00    30.9611
  10180.00    32.0229
  10190.00    30.8067
  10200.00    30.7778
  10210.00    30.9598
  10220.00    31.1522
  10230.00    30.6725
  10240.00    31.3383
  10250.00    31.1438
  10260.00    30.6452
  10270.00    31.0641
  10280.00    30.8760
  10290.00    31.5890
  10300.00    31.0555
  10310.00    31.2227
  10320.00    30.8310
  10330.00    30.9027
  10340.00    31.5002
  10350.00    31.2323
  10360.00    31.0874
  10370.00    30.8568
  10380.00    30.9570
  10390.00    30.5680
  10400.00    31.6426
  10410.00    31.2072
  10420.00    30.8967
  10430.00    30.8501
  10440.00    31.1649
  10450.00    31.1079
  10460.00    31.0399
  10470.00    31.5456
  10480.00    30.6967
  10490.00    31.4479
  10500.00    31.3984
  10510.00    30.8694
  10520.00    30.8470
  10530.00    30.7105
  10540.00    30.3656
  10550.00    30.8158
  10560.00    31.1428
  10570.00    30.8614
  10580.00    30.9175
  10590.00    31.0943
  10600.00    30.5103
  10610.00    30.9153
  10620.00    30.3071
  10630.00    31.0921
  10640.00    30.7562
  10650.00    30.7613
  10660.00    31.0284
  10670.00    30.9318
  10680.00    30.8121
  10690.00    30.9488
  10700.00    30.8827
  10710.00    30.8960
  10720.00    31.0063
  10730.00    31.1473
  10740.00    30.6696
  10750.00    31.3021
  10760.00    31.1551
  10770.00    30.9211
  10780.00    30.7302
  10790.00    31.0069
  10800.00    30.8291
  10810.00    30.7146
  10820.00    30.8708
  10830.00    31.0211
  10840.00    31.0007
  10850.00    30.9895
  10860.00    30.8568
  10870.00    30.9734
  10880.00    31.0582
  10890.00    30.9701
  10900.00    30.9427
  10910.00    31.1409
  10920.00    31.4002
  10930.00    30.7327
  10940.00    31.1102
  10950.00    31.2783
  10960.00    31.1774
  10970.00    30.1957
  10980.00    30.7655
  10990.00    31.0477
  11000.00    30.4884
  11010.00    30.9175
  11020.00    30.5559
  11030.00    30.9444
  11040.00    30.5643
  11050.00    30.6402
  11060.00    31.4462
  11070.00    31.5806
  11080.00    30.6836
  11090.00    30.7975
  11100.00    30.8559
  11110.00    31.1189
  11120.00    30.2662
  11130.00    30.8011
  11140.00    31.1905
  11150.00    30.8698
  11160.00    30.7078
  11170.00    31.4031
  11180.00    30.3991
  11190.00    31.6707
  11200.00    30.7182
  11210.00    30.5934
  11220.00    30.7978
  11230.00    30.9527
  11240.00    30.9435
  11250.00    30.9953
  11260.00    30.9624
  11270.00    31.0684
  11280.00    31.0840
  11290.00    31.1657
  11300.00    31.3491
  11310.00    31.2476
  11320.00    30.7144
  11330.00    30.8126
  11340.00    31.3363
  11350.00    30.8996
  11360.00    31.0294
  11370.00    31.1525
  11380.00    31.4620
  11390.00    30.7908
  11400.00    31.3808
  11410.00    31.0055
  11420.00    30.8397
  11430.00    31.4530
  11440.00    31.1530
  11450.00    30.8665
  11460.00    30.4613
  11470.00    31.2825
  11480.00    31.2130
  11490.00    30.8560
  11500.00    30.9164
  11510.00    30.8085
  11520.00    30.8381
  11530.00    31.1665
  11540.00    31.0355
  11550.00    30.7580
  11560.00    30.9742
  11570.00    31.3759
  11580.00    31.0182
  11590.00    31.1497
  11600.00    30.8268
  11610.00    31.1853
  11620.00    30.9865
  11630.00    31.4350
  11640.00    31.1025
  11650.00    30.9211
  11660.00    31.3837
  11670.00    30.3478
  11680.00    30.8905
  11690.00    30.1648
  11700.00    31.4046
  11710.00    30.6261
  11720.00    31.2960
  11730.00    31.2733
  11740.00    30.5233
  11750.00    31.0030
  11760.00    31.0788
  11770.00    31.1280
  11780.00    31.0547
  11790.00    30.6223
  11800.00    31.2698
  11810.00    31.3893
  11820.00    31.1843
  11830.00    31.2735
  11840.00    31.2094
  11850.00    30.3789
  11860.00    30.8372
  11870.00    30.7007
  11880.00    30.7096
  11890.00    30.8912
  11900.00    31.0619
  11910.00    30.7425
  11920.00    30.8247
  11930.00    31.0757
  11940.00    30.3278
  11950.00    30.8962
  11960.00    31.0343
  11970.00    30.8919
  11980.00    30.9371
  11990.00    30.8493
  12000.00    31.2153
  12010.00    31.5553
  12020.00    30.5084
  12030.00    31.0466
  12040.00    30.9631
  12050.00    30.9039
  12060.00    31.2384
  12070.00    31.3513
  12080.00    31.0431
  12090.00    31.4205
  12100.00    31.0197
  12110.00    31.5850
  12120.00    30.5937
  12130.00    31.4674
  12140.00    30.8590
  12150.00    30.9954
  12160.00    30.7295
  12170.00    31.3011
  12180.00    30.7575
  12190.00    31.1818
  12200.00    30.8723
  12210.00    31.2157
  12220.00    30.8527
  12230.00    30.8468
  12240.00    31.2538
  12250.00    31.0446
  12260.00    30.5629
  12270.00    31.0079
  12280.00    30.9284
  12290.00    30.8101
  12300.00    30.7725
  12310.00    31.0808
  12320.00    30.6129
  12330.00    31.4661
  12340.00    31.1743
  12350.00    30.7266
  12360.00    30.7275
  12370.00    30.8621
  12380.00    31.0354
  12390.00    30.8384
  12400.00    30.9930
  12410.00    31.0768
  12420.00    31.0388
  12430.00    31.4381
  12440.00    31.1689
  12450.00    31.2891
  12460.00    31.0314
  12470.00    30.7480
  12480.00    30.6773
  12490.00    31.2467
  12500.00    30.9087
  12510.00    30.9027
  12520.00    30.9299
  12530.00    31.0525
  12540.00    30.7289
  12550.00    31.1339
  12560.00    31.4378
  12570.00    31.1903
  12580.00    31.2948
  12590.00    31.2101
  12600.00    30.7900
  12610.00    31.0395
  12620.00    30.6883
  12630.00    31.2102
  12640.00    31.2120
  12650.00    30.6761
  12660.00    30.8868
  12670.00    30.6829
  12680.00    31.2858
  12690.00    30.6254
  12700.00    30.6542
  12710.00    31.1284
  12720.00    30.8389
  12730.00    30.9127
  12740.00    30.3151
  12750.00    31.0215
  12760.00    31.2360
  12770.00    31.3071
  12780.00    31.0216
  12790.00    30.9955
  12800.00    30.9015
  12810.00    30.5243
  12820.00    31.4029
  12830.00    31.0902
  12840.00    31.3970
  12850.00    30.4164
  12860.00    30.8703
  12870.00    30.8215
  12880.00    30.9240
  12890.00    31.0269
  12900.00    30.9090
  12910.00    30.7636
  12920.00    30.7553
  12930.00    30.7564
  12940.00    30.7553
  12950.00    31.1796
  12960.00    30.9999
  12970.00    30.8268
  12980.00    30.9826
  12990.00    31.0080
  13000.00    30.9638
  13010.00    31.0703
  13020.00    31.2091
  13030.00    30.7864
  13040.00    31.0191
  13050.00    31.2732
  13060.00    31.5302
  13070.00    30.7687
  13080.00    30.6073
  13090.00    30.7232
  13100.00    30.7716
  13110.00    30.6029
  13120.00    30.9059
  13130.00    30.9603
  13140.00    31.0086
  13150.00    30.6365
  13160.00    31.0036
  13170.00    30.7858
  13180.00    31.4134
  13190.00    30.8166
  13200.00    30.9017
  13210.00    30.9998
  13220.00    30.8469
  13230.00    31.4067
  13240.00    30.9913
  13250.00    31.2928
  13260.00    30.8349
  13270.00    30.7593
  13280.00    31.2576
  13290.00    31.5130
  13300.00    31.1784
  13310.00    30.6974
  13320.00    30.0918
  13330.00    31.4335
  13340.00    30.7417
  13350.00    31.2176
  13360.00    30.7687
  13370.00    30.0102
  13380.00    30.9247
  13390.00    30.9681
  13400.00    31.0768
  13410.00    31.5267
  13420.00    30.7085
  13430.00    31.7755
  13440.00    31.3144
  13450.00    31.1627
  13460.00    30.4443
  13470.00    30.9753
  13480.00    31.4346
  13490.00    31.2583
  13500.00    30.7110
  13510.00    31.4559
  13520.00    31.0588
  13530.00    31.0784
  13540.00    30.7504
  13550.00    31.2270
  13560.00    30.8617
  13570.00    31.0378
  13580.00    31.2616
  13590.00    30.9917
  13600.00    30.9442
  13610.00    31.0001
  13620.00    31.0941
  13630.00    30.5669
  13640.00    30.6292
  13650.00    31.0229
  13660.00    30.7456
  13670.00    31.2393
  13680.00    31.1163
  13690.00    31.1109
  13700.00    31.0325
  13710.00    31.0889
  13720.00    30.8939
  13730.00    31.6051
  13740.00    30.8843
  13750.00    31.2636
  13760.00    30.9524
  13770.00    31.1964
  13780.00    30.8124
  13790.00    31.2970
  13800.00    30.9893
  13810.00    30.5808
  13820.00    30.9056
  13830.00    31.8570
  13840.00    31.2579
  13850.00    31.2874
  13860.00    31.1045
  13870.00    30.7583
  13880.00    31.3728
  13890.00    31.2238
  13900.00    31.0617
  13910.00    31.0770
  13920.00    31.0727
  13930.00    30.6431
  13940.00    31.0701
  13950.00    30.6552
  13960.00    30.9989
  13970.00    30.5079
  13980.00    31.1852
  13990.00    30.6558
  14000.00    31.1260
  14010.00    31.1546
  14020.00    30.3285
  14030.00    30.5655
  14040.00    31.1613
  14050.00    30.6196
  14060.00    30.8373
  14070.00    31.0008
  14080.00    30.9939
  14090.00    31.3282
  14100.00    30.9499
  14110.00    30.7079
  14120.00    31.1954
  14130.00    30.6678
  14140.00    31.2904
  14150.00    30.7701
  14160.00    30.9427
  14170.00    31.2414
  14180.00    30.9968
  14190.00    31.4990
  14200.00    30.8036
  14210.00    31.2113
  14220.00    31.7025
  14230.00    31.0757
  14240.00    30.5630
  14250.00    31.0711
  14260.00    30.6221
  14270.00    31.3082
  14280.00    31.5395
  14290.00    30.5391
  14300.00    31.2782
  14310.00    30.6964
  14320.00    31.0435
  14330.00    30.9219
  14340.00    30.7519
  14350.00    30.8888
  14360.00    31.0852
  14370.00    30.0793
  14380.00    31.0628
  14390.00    30.8406
  14400.00    30.9378
  14410.00    30.7978
  14420.00    31.1146
  14430.00    31.1547
  14440.00    30.9101
  14450.00    30.5953
  14460.00    30.5395
  14470.00    31.0914
  14480.00    31.5155
  14490.00    31.0500
  14500.00    30.9495
  14510.00    31.1873
  14520.00    31.3190
  14530.00    31.7150
  14540.00    31.2907
  14550.00    30.6928
  14560.00    30.7709
  14570.00    31.2218
  14580.00    30.7971
  14590.00    30.6538
  14600.00    30.9284
  14610.00    31.0436
  14620.00    30.8648
  14630.00    31.3020
  14640.00    31.1096
  14650.00    31.3751
  14660.00    30.9128
  14670.00    31.0429
  14680.00    30.7583
  14690.00    31.1050
  14700.00    31.1550
  14710.00    30.9912
  14720.00    31.1738
  14730.00    31.4225
  14740.00    30.9435
  14750.00    31.3083
  14760.00    31.0796
  14770.00    30.8821
  14780.00    30.5172
  14790.00    31.2540
  14800.00    30.9313
  14810.00    31.1081
  14820.00    30.4051
  14830.00    30.9177
  14840.00    30.8347
  14850.00    31.6017
  14860.00    31.1339
  14870.00    30.6410
  14880.00    30.8558
  14890.00    30.5301
  14900.00    30.6185
  14910.00    30.8864
  14920.00    31.4618
  14930.00    30.8550
  14940.00    30.7565
  14950.00    31.1646
  14960.00    30.8748
  14970.00    31.1327
  14980.00    30.5827
  14990.00    31.0600
  15000.00    30.9078
  15010.00    31.1144
  15020.00    30.9999
  15030.00    31.2428
  15040.00    31.3755
  15050.00    30.6374
  15060.00    30.7779
  15070.00    30.7334
  15080.00    31.5359
  15090.00    31.2626
  15100.00    31.5666
  15110.00    31.2658
  15120.00    31.4565
  15130.00    31.3740
  15140.00    30.7144
  15150.00    31.5737
  15160.00    31.2894
  15170.00    30.9809
  15180.00    31.2290
  15190.00    30.8727
  15200.00    31.3862
  15210.00    30.8954
  15220.00    30.8860
  15230.00    30.7186
  15240.00    30.8099
  15250.00    30.9819
  15260.00    31.0413
  15270.00    31.2048
  15280.00    30.8356
  15290.00    31.2082
  15300.00    30.5682
  15310.00    31.1193
  15320.00    30.9085
  15330.00    31.2991
  15340.00    30.8135
  15350.00    30.8684
  15360.00    30.7046
  15370.00    31.4954
  15380.00    31.2529
  15390.00    31.1960
  15400.00    30.5977
  15410.00    31.2205
  15420.00    30.9303
  15430.00    30.8612
  15440.00    30.7129
  15450.00    31.0673
  15460.00    31.2553
  15470.00    31.1007
  15480.00    30.9811
  15490.00    31.4712
  15500.00    31.1681
  15510.00    30.9151
  15520.00    30.6794
  15530.00    30.9505
  15540.00    30.9995
  15550.00    30.4878
  15560.00    30.6620
  15570.00    30.7602
  15580.00    30.9146
  15590.00    30.9856
  15600.00    30.7700
  15610.00    30.7247
  15620.00    30.9698
  15630.00    30.9963
  15640.00    31.3165
  15650.00    31.2116
  15660.00    30.8982
  15670.00    30.6841
  15680.00    31.0897
  15690.00    31.2760
  15700.00    30.7672
  15710.00    31.0288
  15720.00    31.0064
  15730.00    30.6868
  15740.00    31.0511
  15750.00    31.1368
  15760.00    31.3533
  15770.00    30.9130
  15780.00    31.2900
  15790.00    30.8556
  15800.00    31.1450
  15810.00    31.0815
  15820.00    31.1309
  15830.00    31.1052
  15840.00    30.8154
  15850.00    30.6956
  15860.00    31.6514
  15870.00    31.0027
  15880.00    30.8646
  15890.00    31.0462
  15900.00    30.8461
  15910.00    30.8062
  15920.00    31.1640
  15930.00    31.1072
  15940.00    30.9661
  15950.00    30.8632
  15960.00    30.9520
  15970.00    31.6407
  15980.00    30.9129
  15990.00    30.8205
  16000.00    30.6782
  16010.00    30.5213
  16020.00    30.4522
  16030.00    30.7401
  16040.00    31.2457
  16050.00    31.2325
  16060.00    31.8284
  16070.00    31.0696
  16080.00    31.2390
  16090.00    31.1633
  16100.00    30.9985
  16110.00    30.7884
  16120.00    31.0878
  16130.00    30.9070
  16140.00    30.4653
  16150.00    31.4070
  16160.00    30.9087
  16170.00    30.9176
  16180.00    31.4577
  16190.00    31.0884
  16200.00    31.2824
  16210.00    30.7168
  16220.00    31.3970
  16230.00    31.0660
  16240.00    31.1650
  16250.00    31.3905
  16260.00    31.2665
  16270.00    30.7747
  16280.00    30.9673
  16290.00    31.4984
  16300.00    30.6584
  16310.00    31.3360
  16320.00    31.2636
  16330.00    31.0153
  16340.00    30.8777
  16350.00    30.7939
  16360.00    30.7053
  16370.00    31.5373
  16380.00    30.7721
  16390.00    30.6709
  16400.00    30.6514
  16410.00    31.1508
  16420.00    31.2819
  16430.00    31.1606
  16440.00    31.1894
  16450.00    30.6227
  16460.00    30.9346
  16470.00    31.0898
  16480.00    31.0937
  16490.00    31.0454
  16500.00    31.0813
  16510.00    31.2375
  16520.00    31.2150
  16530.00    31.2346
  16540.00    30.8572
  16550.00    30.8680
  16560.00    30.7411
  16570.00    30.8186
  16580.00    30.9959
  16590.00    30.9444
  16600.00    30.9085
  16610.00    30.7609
  16620.00    31.1432
  16630.00    30.8512
  16640.00    30.5761
  16650.00    31.2956
  16660.00    30.7278
  16670.00    30.8333
  16680.00    30.6557
  16690.00    30.7502
  16700.00    31.1618
  16710.00    31.2855
  16720.00    31.1731
  16730.00    30.8003
  16740.00    30.7175
  16750.00    30.9465
  16760.00    30.4725
  16770.00    31.0545
  16780.00    31.5457
  16790.00    30.9759
  16800.00    30.9223
  16810.00    30.9365
  16820.00    31.1754
  16830.00    31.2548
  16840.00    30.6986
  16850.00    31.4029
  16860.00    31.1356
  16870.00    30.9593
  16880.00    31.0354
  16890.00    30.9603
  16900.00    31.1860
  16910.00    30.9097
  16920.00    30.7609
  16930.00    31.1448
  16940.00    30.7267
  16950.00    30.9387
  16960.00    30.8254
  16970.00    31.1911
  16980.00    30.6754
  16990.00    30.8616
  17000.00    30.7056
  17010.00    31.7058
  17020.00    30.6410
  17030.00    31.7251
  17040.00    30.6585
  17050.00    31.0513
  17060.00    31.2982
  17070.00    30.7212
  17080.00    31.1831
  17090.00    30.8412
  17100.00    31.0982
  17110.00    30.8501
  17120.00    30.9590
  17130.00    31.1254
  17140.00    31.0883
  17150.00    31.6789
  17160.00    31.1418
  17170.00    30.9019
  17180.00    31.4285
  17190.00    30.8088
  17200.00    30.6968
  17210.00    30.6999
  17220.00    30.6609
  17230.00    30.8399
  17240.00    30.7148
  17250.00    30.8963
  17260.00    30.8045
  17270.00    30.7381
  17280.00    30.7376
  17290.00    30.7204
  17300.00    31.0494
  17310.00    30.6149
  17320.00    31.6093
  17330.00    31.1361
  17340.00    31.2443
  17350.00    30.9177
  17360.00    31.1220
  17370.00    30.8111
  17380.00    30.4529
  17390.00    31.1299
  17400.00    30.7571
  17410.00    30.6671
  17420.00    31.3687
  17430.00    31.1436
  17440.00    31.5108
  17450.00    30.7476
  17460.00    31.0243
  17470.00    30.8355
  17480.00    30.8534
  17490.00    30.7340
  17500.00    30.9911
  17510.00    31.0074
  17520.00    31.2572
  17530.00    30.8239
  17540.00    30.9064
  17550.00    31.4392
  17560.00    31.2089
  17570.00    31.8223
  17580.00    30.1439
  17590.00    30.5993
  17600.00    30.7264
  17610.00    31.0967
  17620.00    30.9549
  17630.00    31.4309
  17640.00    31.4836
  17650.00    30.7008
  17660.00    30.8595
  17670.00    31.2348
  17680.00    30.6306
  17690.00    30.7048
  17700.00    31.0223
  17710.00    31.0743
  17720.00    31.1586
  17730.00    30.8054
  17740.00    30.4714
  17750.00    31.4022
  17760.00    31.4786
  17770.00    30.4601
  17780.00    31.2701
  17790.00    31.4543
  17800.00    31.1530
  17810.00    30.9335
  17820.00    30.7846
  17830.00    31.2271
  17840.00    31.0866
  17850.00    31.3800
  17860.00    31.0679
  17870.00    30.3411
  17880.00    30.5030
  17890.00    30.9004
  17900.00    30.9983
  17910.00    31.1133
  17920.00    31.2684
  17930.00    31.0910
  17940.00    31.1887
  17950.00    30.7504
  17960.00    31.2215
  17970.00    30.6975
  17980.00    31.0245
  17990.00    31.3377
  18000.00    31.4177
  18010.00    31.2773
  18020.00    30.9997
  18030.00    30.8468
  18040.00    30.9746
  18050.00    30.7201
  18060.00    30.6177
  18070.00    31.0683
  18080.00    30.7488
  18090.00    31.1782
  18100.00    30.8047
  18110.00    30.8043
  18120.00    30.8740
  18130.00    31.1494
  18140.00    31.1659
  18150.00    31.2127
  18160.00    31.1294
  18170.00    31.0435
  18180.00    31.0574
  18190.00    31.0762
  18200.00    31.2694
  18210.00    31.4173
  18220.00    30.9989
  18230.00    31.0382
  18240.00    31.0200
  18250.00    30.7316
  18260.00    30.9670
  18270.00    30.9237
  18280.00    30.7209
  18290.00    31.0152
  18300.00    30.4771
  18310.00    30.7253
  18320.00    30.8867
  18330.00    30.7226
  18340.00    30.7909
  18350.00    30.4961
  18360.00    31.2852
  18370.00    31.0647
  18380.00    30.8112
  18390.00    30.8934
  18400.00    31.2313
  18410.00    31.1017
  18420.00    31.1991
  18430.00    30.6772
  18440.00    30.9471
  18450.00    30.5833
  18460.00    30.9731
  18470.00    30.6812
  18480.00    30.5973
  18490.00    31.4818
  18500.00    30.5834
  18510.00    31.5717
  18520.00    30.3653
  18530.00    31.0244
  18540.00    31.4508
  18550.00    31.5175
  18560.00    30.9578
  18570.00    31.7182
  18580.00    31.1601
  18590.00    30.7415
  18600.00    30.9431
  18610.00    31.1256
  18620.00    31.3958
  18630.00    30.8982
  18640.00    31.1140
  18650.00    31.4454
  18660.00    31.2811
  18670.00    30.7993
  18680.00    30.5457
  18690.00    31.1343
  18700.00    31.2571
  18710.00    31.0767
  18720.00    31.2055
  18730.00    31.0239
  18740.00    30.8464
  18750.00    30.7624
  18760.00    31.4337
  18770.00    31.2589
  18780.00    31.1414
  18790.00    31.0554
  18800.00    30.5905
  18810.00    30.6658
  18820.00    31.0481
  18830.00    30.6947
  18840.00    31.0966
  18850.00    30.8211
  18860.00    31.1368
  18870.00    30.9144
  18880.00    30.4838
  18890.00    31.2246
  18900.00    31.2668
  18910.00    31.3132
  18920.00    31.2527
  18930.00    31.1367
  18940.00    31.5992
  18950.00    30.8571
  18960.00    30.8442
  18970.00    31.4500
  18980.00    30.9391
  18990.00    30.9619
  19000.00    31.2348
  19010.00    31.2646
  19020.00    31.1553
  19030.00    31.0430
  19040.00    31.0887
  19050.00    30.7425
  19060.00    31.0176
  19070.00    30.6681
  19080.00    31.5218
  19090.00    30.9544
  19100.00    30.7680
  19110.00    31.1239
  19120.00    31.6694
  19130.00    30.9696
  19140.00    30.7804
  19150.00    30.7356
  19160.00    31.2844
  19170.00    30.8673
  19180.00    31.3372
  19190.00    30.7982
  19200.00    30.8185
  19210.00    31.1481
  19220.00    31.1793
  19230.00    31.1243
  19240.00    30.9533
  19250.00    30.8267
  19260.00    31.0621
  19270.00    31.0906
  19280.00    30.6814
  19290.00    31.0548
  19300.00    30.8542
  19310.00    31.1562
  19320.00    31.4521
  19330.00    31.1710
  19340.00    31.1916
  19350.00    31.1880
  19360.00    30.9297
  19370.00    30.5542
  19380.00    31.1171
  19390.00    30.7274
  19400.00    30.9979
  19410.00    30.8279
  19420.00    31.1415
  19430.00    30.6668
  19440.00    31.0661
  19450.00    31.0892
  19460.00    30.8495
  19470.00    31.3669
  19480.00    30.8927
  19490.00    31.1518
  19500.00    31.0198
  19510.00    31.0150
  19520.00    30.9125
  19530.00    31.1012
  19540.00    30.9968
  19550.00    31.3497
  19560.00    31.4779
  19570.00    30.7504
  19580.00    31.2587
  19590.00    30.9156
  19600.00    30.7999
  19610.00    30.7470
  19620.00    30.9117
  19630.00    31.0957
  19640.00    30.8733
  19650.00    31.1875
  19660.00    30.9432
  19670.00    31.1952
  19680.00    30.8054
  19690.00    30.9883
  19700.00    31.1875
  19710.00    31.0076
  19720.00    31.0696
  19730.00    30.9631
  19740.00    30.6949
  19750.00    31.2389
  19760.00    31.1148
  19770.00    31.1932
  19780.00    31.1076
  19790.00    31.5985
  19800.00    31.2095
  19810.00    31.1985
  19820.00    31.2455
  19830.00    31.6051
  19840.00    31.4609
  19850.00    31.3515
  19860.00    31.3944
  19870.00    31.1160
  19880.00    30.9017
  19890.00    30.5847
  19900.00    31.1704
  19910.00    31.1372
  19920.00    31.0786
  19930.00    31.1726
  19940.00    30.9887
  19950.00    31.5464
  19960.00    30.6989
  19970.00    30.4551
  19980.00    31.0209
  19990.00    30.9666
  20000.00    31.0696
  20010.00    30.8650
  20020.00    30.9617
  20030.00    30.5819
  20040.00    30.4466
  20050.00    31.2475
  20060.00    31.2363
  20070.00    31.4251
  20080.00    31.2126
  20090.00    31.3830
  20100.00    30.8347
  20110.00    31.1428
  20120.00    31.1973
  20130.00    30.8943
  20140.00    31.2058
  20150.00    30.4376
  20160.00    30.6920
  20170.00    31.0204
  20180.00    30.8636
  20190.00    30.8652
  20200.00    31.0211
  20210.00    31.5743
  20220.00    30.4612
  20230.00    31.0816
  20240.00    30.8434
  20250.00    30.6654
  20260.00    31.0596
  20270.00    31.2035
  20280.00    31.0046
  20290.00    31.2973
  20300.00    31.3124
  20310.00    31.2809
  20320.00    31.0217
  20330.00    31.3669
  20340.00    30.9296
  20350.00    31.0286
  20360.00    31.0464
  20370.00    31.1276
  20380.00    30.8114
  20390.00    31.3252
  20400.00    30.4313
  20410.00    31.0634
  20420.00    31.3232
  20430.00    30.7079
  20440.00    30.6995
  20450.00    30.9553
  20460.00    31.2178
  20470.00    30.6575
  20480.00    30.4657
  20490.00    30.7620
  20500.00    31.5231
  20510.00    31.0340
  20520.00    30.9024
  20530.00    31.0803
  20540.00    30.9792
  20550.00    30.5047
  20560.00    30.7162
  20570.00    30.8908
  20580.00    30.8988
  20590.00    31.1944
  20600.00    30.8891
  20610.00    31.7326
  20620.00    31.1012
  20630.00    31.2071
  20640.00    31.2160
  20650.00    30.8518
  20660.00    30.5981
  20670.00    30.7314
  20680.00    31.0052
  20690.00    31.5665
  20700.00    31.5321
  20710.00    31.0549
  20720.00    31.0974
  20730.00    31.2547
  20740.00    31.3829
  20750.00    31.1789
  20760.00    31.2335
  20770.00    31.4392
  20780.00    30.7560
  20790.00    30.8993
  20800.00    30.6548
  20810.00    31.0635
  20820.00    30.9846
  20830.00    31.2952
  20840.00    31.2201
  20850.00    31.0437
  20860.00    31.2802
  20870.00    30.8826
  20880.00    30.7643
  20890.00    31.0873
  20900.00    30.8049
  20910.00    31.5813
  20920.00    30.9165
  20930.00    31.1951
  20940.00    31.0743
  20950.00    30.9768
  20960.00    31.4272
  20970.00    30.9093
  20980.00    31.0239
  20990.00    30.7660
  21000.00    31.0587
  21010.00    30.8162
  21020.00    31.3596
  21030.00    30.9651
  21040.00    30.6742
  21050.00    30.7137
  21060.00    30.6958
  21070.00    31.0536
  21080.00    30.9411
  21090.00    31.4801
  21100.00    31.2120
  21110.00    30.9380
  21120.00    30.8943
  21130.00    31.0913
  21140.00    30.7534
  21150.00    31.3647
  21160.00    30.6225
  21170.00    31.0703
  21180.00    30.5134
  21190.00    31.3158
  21200.00    31.2916
  21210.00    30.5897
  21220.00    30.6151
  21230.00    30.6184
  21240.00    30.4866
  21250.00    31.1787
  21260.00    30.9645
  21270.00    31.0913
  21280.00    30.6671
  21290.00    30.9564
  21300.00    30.8173
  21310.00    31.1302
  21320.00    30.0001
  21330.00    31.3240
  21340.00    31.2059
  21350.00    30.9096
  21360.00    31.0501
  21370.00    30.8118
  21380.00    30.7799
  21390.00    31.0963
  21400.00    31.7514
  21410.00    30.5551
  21420.00    31.1300
  21430.00    31.5017
  21440.00    31.0312
  21450.00    30.6725
  21460.00    31.0687
  21470.00    30.9288
  21480.00    30.9693
  21490.00    30.7988
  21500.00    31.0109
  21510.00    31.0386
  21520.00    31.4034
  21530.00    31.1462
  21540.00    31.2269
  21550.00    30.8304
  21560.00    30.7914
  21570.00    31.3981
  21580.00    31.0373
  21590.00    31.0614
  21600.00    30.9263
  21610.00    30.5477
  21620.00    30.6535
  21630.00    31.6746
  21640.00    31.0877
  21650.00    31.0779
  21660.00    30.7505
  21670.00    30.8015
  21680.00    31.1647
  21690.00    30.9117
  21700.00    31.3249
  21710.00    31.1457
  21720.00    31.0126
  21730.00    30.4623
  21740.00    30.3951
  21750.00    30.8528
  21760.00    31.1492
  21770.00    30.9476
  21780.00    30.9422
  21790.00    31.0944
  21800.00    30.9008
  21810.00    30.9895
  21820.00    30.6448
  21830.00    30.8814
  21840.00    30.6872
  21850.00    30.6954
  21860.00    31.0139
  21870.00    31.2701
  21880.00    31.1635
  21890.00    31.0936
  21900.00    31.1027
  21910.00    31.3967
  21920.00    31.1106
  21930.00    31.4430
  21940.00    31.2444
  21950.00    30.9336
  21960.00    31.2591
  21970.00    30.6085
  21980.00    30.7634
  21990.00    30.6649
  22000.00    31.0901
  22010.00    31.0979
  22020.00    30.7560
  22030.00    30.9982
  22040.00    30.8204
  22050.00    31.1907
  22060.00    30.8040
  22070.00    31.1647
  22080.00    31.1434
  22090.00    30.7829
  22100.00    31.2504
  22110.00    30.9164
  22120.00    30.5606
  22130.00    30.9194
  22140.00    30.9012
  22150.00    31.0057
  22160.00    30.7219
  22170.00    31.0515
  22180.00    31.2548
  22190.00    30.5196
  22200.00    31.0423
  22210.00    31.1004
  22220.00    31.2034
  22230.00    31.0280
  22240.00    31.0137
  22250.00    31.3753
  22260.00    30.6781
  22270.00    31.0735
  22280.00    31.0225
  22290.00    31.2220
  22300.00    30.9616
  22310.00    31.2890
  22320.00    31.3890
  22330.00    31.3304
  22340.00    30.8346
  22350.00    31.0568
  22360.00    30.7679
  22370.00    31.0613
  22380.00    31.0091
  22390.00    31.1535
  22400.00    30.8259
  22410.00    31.2205
  22420.00    30.8376
  22430.00    31.2426
  22440.00    31.3659
  22450.00    30.9228
  22460.00    31.1830
  22470.00    30.7918
  22480.00    31.0708
  22490.00    30.7325
  22500.00    31.1663
  22510.00    30.9437
  22520.00    30.9537
  22530.00    30.9863
  22540.00    31.2392
  22550.00    31.0560
  22560.00    31.4607
  22570.00    30.6728
  22580.00    31.0154
  22590.00    30.9096
  22600.00    30.8442
  22610.00    30.9605
  22620.00    31.5004
  22630.00    30.9394
  22640.00    31.3408
  22650.00    30.9350
  22660.00    30.9300
  22670.00    31.2188
  22680.00    31.0587
  22690.00    31.1243
  22700.00    31.2551
  22710.00    30.8884
  22720.00    30.5625
  22730.00    31.2471
  22740.00    30.7758
  22750.00    31.1712
  22760.00    30.5615
  22770.00    31.0140
  22780.00    30.8498
  22790.00    31.2476
  22800.00    31.2647
  22810.00    30.5451
  22820.00    30.9984
  22830.00    30.9781
  22840.00    31.4460
  22850.00    31.0091
  22860.00    30.4434
  22870.00    31.3253
  22880.00    31.1310
  22890.00    31.2020
  22900.00    31.4214
  22910.00    30.5581
  22920.00    30.5335
  22930.00    30.2185
  22940.00    31.0498
  22950.00    31.2354
  22960.00    31.2433
  22970.00    30.9815
  22980.00    30.8437
  22990.00    31.1370
  23000.00    30.7732
  23010.00    31.4875
  23020.00    31.1021
  23030.00    30.9021
  23040.00    30.5694
  23050.00    30.9801
  23060.00    30.6024
  23070.00    30.7794
  23080.00    30.9454
  23090.00    30.7818
  23100.00    30.8654
  23110.00    31.0649
  23120.00    30.7957
  23130.00    29.9510
  23140.00    30.9093
  23150.00    31.0126
  23160.00    30.8830
  23170.00    30.8282
  23180.00    30.9290
  23190.00    31.3199
  23200.00    30.8602
  23210.00    31.2896
  23220.00    30.6128
  23230.00    31.2272
  23240.00    30.7180
  23250.00    31.0888
  23260.00    31.3936
  23270.00    31.0007
  23280.00    30.8956
  23290.00    31.5775
  23300.00    31.0581
  23310.00    30.8177
  23320.00    31.4406
  23330.00    31.3674
  23340.00    31.2014
  23350.00    30.8398
  23360.00    31.0593
  23370.00    31.0499
  23380.00    31.0253
  23390.00    31.0331
  23400.00    31.3255
  23410.00    31.3575
  23420.00    30.6004
  23430.00    30.9316
  23440.00    30.6100
  23450.00    31.0894
  23460.00    30.7314
  23470.00    31.0417
  23480.00    31.1147
  23490.00    30.9163
  23500.00    31.2805
  23510.00    31.3055
  23520.00    31.3577
  23530.00    30.8211
  23540.00    31.3108
  23550.00    30.8584
  23560.00    30.8092
  23570.00    31.2100
  23580.00    30.9797
  23590.00    30.7929
  23600.00    31.3053
  23610.00    30.5922
  23620.00    30.7031
  23630.00    30.7900
  23640.00    31.0088
  23650.00    31.0206
  23660.00    30.9256
  23670.00    31.7929
  23680.00    31.1631
  23690.00    30.9745
  23700.00    31.2240
  23710.00    31.6177
  23720.00    30.4998
  23730.00    31.1945
  23740.00    31.1956
  23750.00    30.6254
  23760.00    31.5089
  23770.00    31.0118
  23780.00    31.0119
  23790.00    30.6736
  23800.00    31.2315
  23810.00    31.0301
  23820.00    31.3277
  23830.00    31.0026
  23840.00    31.0506
  23850.00    31.0787
  23860.00    31.1256
  23870.00    30.7792
  23880.00    31.3212
  23890.00    31.1143
  23900.00    30.5540
  23910.00    30.3054
  23920.00    31.0712
  23930.00    30.6998
  23940.00    31.5389
  23950.00    30.2295
  23960.00    30.7347
  23970.00    31.1132
  23980.00    31.1732
  23990.00    30.6824
  24000.00    30.8331
  24010.00    31.1654
  24020.00    31.1581
  24030.00    31.0726
  24040.00    31.1533
  24050.00    31.2590
  24060.00    30.6206
  24070.00    30.7428
  24080.00    31.4841
  24090.00    30.8650
  24100.00    30.9151
  24110.00    31.0019
  24120.00    30.5259
  24130.00    31.0212
  24140.00    30.7015
  24150.00    31.0677
  24160.00    31.0136
  24170.00    31.4044
  24180.00    31.0071
  24190.00    30.6517
  24200.00    30.9464
  24210.00    30.1473
  24220.00    31.0816
  24230.00    30.9741
  24240.00    30.8049
  24250.00    30.8551
  24260.00    30.3028
  24270.00    30.6967
  24280.00    30.7400
  24290.00    31.0135
  24300.00    31.5015
  24310.00    30.6339
  24320.00    30.8063
  24330.00    31.2708
  24340.00    31.4141
  24350.00    30.4748
  24360.00    31.2312
  24370.00    31.2296
  24380.00    31.0691
  24390.00    30.8884
  24400.00    31.5045
  24410.00    31.2003
  24420.00    30.9086
  24430.00    31.6759
  24440.00    30.9979
  24450.00    31.0516
  24460.00    30.8390
  24470.00    31.0197
  24480.00    30.9658
  24490.00    30.7475
  24500.00    30.8581
  24510.00    30.6693
  24520.00    31.1075
  24530.00    30.7387
  24540.00    30.8845
  24550.00    30.6027
  24560.00    30.6652
  24570.00    31.1616
  24580.00    30.6199
  24590.00    30.9174
  24600.00    30.8390
  24610.00    30.8503
  24620.00    30.5568
  24630.00    31.2975
  24640.00    31.0940
  24650.00    31.1445
  24660.00    31.4450
  24670.00    31.0095
  24680.00    30.7634
  24690.00    31.1637
  24700.00    30.6176
  24710.00    31.0466
  24720.00    30.8403
  24730.00    31.2468
  24740.00    30.6399
  24750.00    30.6662
  24760.00    31.7335
  24770.00    31.0927
  24780.00    30.6888
  24790.00    31.5433
  24800.00    30.7676
  24810.00    31.3280
  24820.00    30.9196
  24830.00    30.6978
  24840.00    31.0387
  24850.00    30.9931
  24860.00    30.7184
  24870.00    31.0754
  24880.00    30.8487
  24890.00    30.6583
  24900.00    30.8859
  24910.00    31.6651
  24920.00    30.4780
  24930.00    31.8477
  24940.00    31.1347
  24950.00    31.2094
  24960.00    30.8860
  24970.00    31.0838
  24980.00    31.2624
  24990.00    30.7736
  25000.00    31.0309
  25010.00    30.9344
  25020.00    31.2054
  25030.00    30.8909
  25040.00    30.9630
  25050.00    31.0116
  25060.00    30.8615
  25070.00    31.3067
  25080.00    30.9610
  25090.00    30.6731
  25100.00    31.4670
  25110.00    31.1752
  25120.00    30.9531
  25130.00    30.5790
  25140.00    30.8909
  25150.00    30.8730
  25160.00    30.8674
  25170.00    30.6289
  25180.00    30.9333
  25190.00    30.6381
  25200.00    30.9485
  25210.00    30.8277
  25220.00    31.1508
  25230.00    30.9804
  25240.00    31.7079
  25250.00    31.2479
  25260.00    31.0799
  25270.00    31.0392
  25280.00    31.0797
  25290.00    31.0771
  25300.00    31.1199
  25310.00    31.2116
  25320.00    30.5623
  25330.00    31.3552
  25340.00    31.1078
  25350.00    30.3606
  25360.00    31.0297
  25370.00    30.8880
  25380.00    31.3381
  25390.00    30.8776
  25400.00    31.6196
  25410.00    30.7121
  25420.00    31.1161
  25430.00    31.0269
  25440.00    30.8572
  25450.00    30.9908
  25460.00    31.1546
  25470.00    30.9133
  25480.00    31.1813
  25490.00    31.2935
  25500.00    31.5086
  25510.00    31.1311
  25520.00    30.5803
  25530.00    30.8387
  25540.00    31.2379
  25550.00    30.6857
  25560.00    30.9676
  25570.00    31.4013
  25580.00    30.7293
  25590.00    30.9173
  25600.00    30.9742
  25610.00    31.1710
  25620.00    31.1970
  25630.00    31.1273
  25640.00    31.1295
  25650.00    30.5288
  25660.00    31.2893
  25670.00    30.7636
  25680.00    31.2026
  25690.00    31.0337
  25700.00    30.9648
  25710.00    30.9867
  25720.00    31.0200
  25730.00    31.1119
  25740.00    31.1783
  25750.00    31.1022
  25760.00    31.3545
  25770.00    30.7537
  25780.00    30.9765
  25790.00    31.3304
  25800.00    30.4466
  25810.00    30.6346
  25820.00    31.1278
  25830.00    31.1441
  25840.00    30.9083
  25850.00    31.2244
  25860.00    31.0210
  25870.00    31.0138
  25880.00    30.8107
  25890.00    30.8894
  25900.00    30.8864
  25910.00    31.1946
  25920.00    31.2118
  25930.00    31.1374
  25940.00    30.8326
  25950.00    31.0578
  25960.00    30.6698
  25970.00    30.5206
  25980.00    30.4765
  25990.00    30.7545
  26000.00    31.1843
  26010.00    30.9939
  26020.00    30.6756
  26030.00    31.1627
  26040.00    30.5768
  26050.00    31.2787
  26060.00    30.9448
  26070.00    30.9257
  26080.00    30.8408
  26090.00    30.7011
  26100.00    31.2170
  26110.00    30.8782
  26120.00    30.9681
  26130.00    31.2020
  26140.00    30.9323
  26150.00    30.5124
  26160.00    31.0815
  26170.00    31.2735
  26180.00    31.1665
  26190.00    30.5988
  26200.00    31.0350
  26210.00    31.1678
  26220.00    31.1155
  26230.00    31.2330
  26240.00    30.7122
  26250.00    31.1229
  26260.00    30.7196
  26270.00    31.1821
  26280.00    30.5700
  26290.00    30.7629
  26300.00    30.8539
  26310.00    30.8058
  26320.00    30.7933
  26330.00    31.2311
  26340.00    31.4400
  26350.00    31.0772
  26360.00    30.6371
  26370.00    31.4634
  26380.00    30.9788
  26390.00    30.8701
  26400.00    31.4156
  26410.00    30.7537
  26420.00    30.5831
  26430.00    31.3506
  26440.00    31.1041
  26450.00    31.3792
  26460.00    31.3806
  26470.00    31.5241
  26480.00    30.8963
  26490.00    30.8543
  26500.00    31.2006
  26510.00    30.8504
  26520.00    31.0820
  26530.00    30.7166
  26540.00    31.3834
  26550.00    31.3244
  26560.00    31.0118
  26570.00    31.1283
  26580.00    31.0281
  26590.00    30.7759
  26600.00    31.1409
  26610.00    31.0462
  26620.00    31.5052
  26630.00    30.9123
  26640.00    30.6777
  26650.00    30.6635
  26660.00    30.6013
  26670.00    31.4071
  26680.00    31.1989
  26690.00    31.0905
  26700.00    31.4211
  26710.00    31.0364
  26720.00    31.1608
  26730.00    30.6105
  26740.00    30.7353
  26750.00    30.9498
  26760.00    31.2948
  26770.00    30.9905
  26780.00    30.8344
  26790.00    31.1356
  26800.00    31.2360
  26810.00    31.1896
  26820.00    31.3625
  26830.00    30.5722
  26840.00    30.7074
  26850.00    30.8846
  26860.00    30.8392
  26870.00    30.8517
  26880.00    31.0540
  26890.00    30.8190
  26900.00    31.3640
  26910.00    30.5229
  26920.00    31.2083
  26930.00    31.2524
  26940.00    31.5102
  26950.00    31.3512
  26960.00    30.7507
  26970.00    31.1676
  26980.00    30.8591
  26990.00    30.4788
  27000.00    31.0082
  27010.00    31.0018
  27020.00    30.7750
  27030.00    31.1719
  27040.00    30.7274
  27050.00    31.2295
  27060.00    30.7021
  27070.00    30.9243
  27080.00    31.3424
  27090.00    31.0836
  27100.00    31.3498
  27110.00    30.7292
  27120.00    30.7766
  27130.00    31.1311
  27140.00    30.6723
  27150.00    30.9117
  27160.00    31.0949
  27170.00    30.9404
  27180.00    31.2363
  27190.00    31.1469
  27200.00    30.8851
  27210.00    30.9690
  27220.00    30.7193
  27230.00    31.0440
  27240.00    31.3939
  27250.00    31.0877
  27260.00    31.0467
  27270.00    30.2989
  27280.00    31.4695
  27290.00    30.8944
  27300.00    30.5963
  27310.00    31.2133
  27320.00    30.7233
  27330.00    31.0693
  27340.00    31.3742
  27350.00    30.8795
  27360.00    30.9022
  27370.00    30.8196
  27380.00    31.0111
  27390.00    30.5667
  27400.00    30.9714
  27410.00    30.6707
  27420.00    31.0163
  27430.00    30.6596
  27440.00    31.1719
  27450.00    31.0169
  27460.00    31.4279
  27470.00    30.9755
  27480.00    31.1869
  27490.00    31.0021
  27500.00    31.1936
  27510.00    31.5366
  27520.00    31.1722
  27530.00    30.7106
  27540.00    31.1026
  27550.00    31.5887
  27560.00    30.8244
  27570.00    30.5550
  27580.00    30.6570
  27590.00    31.1976
  27600.00    30.6337
  27610.00    30.9535
  27620.00    31.3431
  27630.00    31.1308
  27640.00    30.7715
  27650.00    31.2309
  27660.00    30.5014
  27670.00    31.0101
  27680.00    30.8611
  27690.00    30.6140
  27700.00    30.7539
  27710.00    30.6617
  27720.00    31.0462
  27730.00    31.2859
  27740.00    30.5852
  27750.00    31.2243
  27760.00    30.9614
  27770.00    30.8395
  27780.00    31.0125
  27790.00    30.9640
  27800.00    30.8703
  27810.00    30.9811
  27820.00    31.0737
  27830.00    31.0483
  27840.00    30.7828
  27850.00    30.9538
  27860.00    31.1661
  27870.00    30.7851
  27880.00    31.3669
  27890.00    30.9421
  27900.00    30.6902
  27910.00    30.8779
  27920.00    30.7562
  27930.00    30.9637
  27940.00    30.4241
  27950.00    30.8577
  27960.00    31.3385
  27970.00    31.1178
  27980.00    30.6002
  27990.00    30.7422
  28000.00    30.3880
  28010.00    31.3662
  28020.00    30.9056
  28030.00    31.3826
  28040.00    31.4482
  28050.00    30.6886
  28060.00    30.8362
  28070.00    30.5495
  28080.00    31.0196
  28090.00    31.2202
  28100.00    30.6338
  28110.00    31.1858
  28120.00    30.8616
  28130.00    30.6986
  28140.00    30.8223
  28150.00    31.2174
  28160.00    31.4758
  28170.00    31.3474
  28180.00    31.1223
  28190.00    31.3045
  28200.00    31.3891
  28210.00    30.4916
  28220.00    30.8880
  28230.00    31.1867
  28240.00    31.6901
  28250.00    31.1613
  28260.00    30.8390
  28270.00    30.9955
  28280.00    31.2989
  28290.00    31.0014
  28300.00    30.8435
  28310.00    31.2532
  28320.00    31.1145
  28330.00    30.7461
  28340.00    30.8138
  28350.00    31.5428
  28360.00    31.3944
  28370.00    31.0933
  28380.00    31.2163
  28390.00    30.5879
  28400.00    31.0062
  28410.00    31.4293
  28420.00    31.0147
  28430.00    31.1140
  28440.00    30.7821
  28450.00    31.1809
  28460.00    31.0335
  28470.00    30.6997
  28480.00    31.2649
  28490.00    31.2423
  28500.00    30.4254
  28510.00    30.7531
  28520.00    30.9495
  28530.00    30.4494
  28540.00    30.9865
  28550.00    31.2271
  28560.00    31.2848
  28570.00    30.6125
  28580.00    31.7208
  28590.00    31.0416
  28600.00    31.5950
  28610.00    30.6192
  28620.00    30.6296
  28630.00    30.9938
  28640.00    30.9470
  28650.00    31.3832
  28660.00    31.4716
  28670.00    31.1059
  28680.00    31.0220
  28690.00    30.8583
  28700.00    31.2713
  28710.00    30.8264
  28720.00    31.2297
  28730.00    30.7886
  28740.00    30.8190
  28750.00    30.7953
  28760.00    31.0517
  28770.00    30.6375
  28780.00    30.5262
  28790.00    31.1475
  28800.00    30.7761
  28810.00    30.8797
  28820.00    31.2651
  28830.00    31.2166
  28840.00    30.7400
  28850.00    31.2819
  28860.00    30.9196
  28870.00    30.9302
  28880.00    31.3245
  28890.00    30.8730
  28900.00    30.2806
  28910.00    30.9118
  28920.00    30.7492
  28930.00    31.0472
  28940.00    30.9703
  28950.00    31.0333
  28960.00    31.5955
  28970.00    30.9700
  28980.00    30.7889
  28990.00    31.2524
  29000.00    30.7729
  29010.00    30.8090
  29020.00    30.9273
  29030.00    31.0542
  29040.00    30.4471
  29050.00    31.0989
  29060.00    30.8256
  29070.00    31.0387
  29080.00    30.8568
  29090.00    30.7242
  29100.00    31.3525
  29110.00    30.3727
  29120.00    30.7651
  29130.00    30.9628
  29140.00    31.2823
  29150.00    30.9482
  29160.00    31.3180
  29170.00    31.2189
  29180.00    30.9035
  29190.00    30.5575
  29200.00    30.9500
  29210.00    30.8088
  29220.00    30.7679
  29230.00    31.0471
  29240.00    30.7794
  29250.00    30.6073
  29260.00    31.0399
  29270.00    31.1812
  29280.00    30.9464
  29290.00    30.8736
  29300.00    31.2181
  29310.00    31.0034
  29320.00    30.8400
  29330.00    31.0754
  29340.00    31.2750
  29350.00    30.6818
  29360.00    31.0820
  29370.00    31.2640
  29380.00    30.9855
  29390.00    31.5736
  29400.00    31.0334
  29410.00    31.3293
  29420.00    30.6696
  29430.00    30.6225
  29440.00    30.9495
  29450.00    31.2537
  29460.00    30.9547
  29470.00    31.4461
  29480.00    31.2880
  29490.00    30.5780
  29500.00    30.6495
  29510.00    31.2009
  29520.00    30.9995
  29530.00    31.0800
  29540.00    31.1397
  29550.00    31.4718
  29560.00    30.7673
  29570.00    30.4890
  29580.00    30.8976
  29590.00    30.9990
  29600.00    31.0856
  29610.00    30.8908
  29620.00    31.0698
  29630.00    31.1517
  29640.00    30.8881
  29650.00    31.2237
  29660.00    31.2368
  29670.00    31.0780
  29680.00    31.0964
  29690.00    30.9193
  29700.00    31.2315
  29710.00    31.1574
  29720.00    31.3170
  29730.00    31.0190
  29740.00    31.3344
  29750.00    30.9474
  29760.00    30.7251
  29770.00    30.9862
  29780.00    31.1122
  29790.00    31.3112
  29800.00    30.8358
  29810.00    31.1958
  29820.00    30.9068
  29830.00    30.8354
  29840.00    30.5607
  29850.00    30.8959
  29860.00    31.6605
  29870.00    30.7550
  29880.00    30.9683
  29890.00    31.3310
  29900.00    30.6582
  29910.00    31.0661
  29920.00    30.5607
  29930.00    31.1580
  29940.00    31.4132
  29950.00    30.9107
  29960.00    30.8258
  29970.00    30.9281
  29980.00    31.0197
  29990.00    31.2384
  30000.00    31.2597
  30010.00    30.2630
  30020.00    30.9462
  30030.00    30.7315
  30040.00    31.4986
  30050.00    31.2466
  30060.00    30.8923
  30070.00    31.0312
  30080.00    31.3526
  30090.00    30.7348
  30100.00    31.2722
  30110.00    31.1308
  30120.00    31.3245
  30130.00    30.7695
  30140.00    30.9965
  30150.00    30.6228
  30160.00    30.0688
  30170.00    31.0197
  30180.00    31.0415
  30190.00    30.7799
  30200.00    31.2193
  30210.00    31.1213
  30220.00    31.3656
  30230.00    30.8561
  30240.00    30.7123
  30250.00    30.7311
  30260.00    31.0057
  30270.00    30.6477
  30280.00    31.0217
  30290.00    30.6151
  30300.00    30.7913
  30310.00    30.7288
  30320.00    30.9103
  30330.00    31.1189
  30340.00    30.7631
  30350.00    31.2976
  30360.00    31.2374
  30370.00    31.0152
  30380.00    30.9944
  30390.00    31.0889
  30400.00    30.6413
  30410.00    31.1057
  30420.00    30.8101
  30430.00    30.8663
  30440.00    31.0238
  30450.00    31.2713
  30460.00    31.5709
  30470.00    30.6640
  30480.00    30.5601
  30490.00    30.8088
  30500.00    31.4117
  30510.00    30.4375
  30520.00    31.0537
  30530.00    30.9490
  30540.00    30.8871
  30550.00    31.2717
  30560.00    31.3200
  30570.00    30.7171
  30580.00    30.5106
  30590.00    30.6000
  30600.00    30.7926
  30610.00    31.5794
  30620.00    31.4744
  30630.00    30.8845
  30640.00    30.7980
  30650.00    31.1367
  30660.00    30.5941
  30670.00    30.8126
  30680.00    30.9533
  30690.00    31.4717
  30700.00    31.2943
  30710.00    30.8016
  30720.00    31.1930
  30730.00    30.6519
  30740.00    31.2073
  30750.00    30.5127
  30760.00    31.1993
  30770.00    30.6416
  30780.00    31.3295
  30790.00    31.1308
  30800.00    31.3149
  30810.00    31.3055
  30820.00    30.6475
  30830.00    31.0338
  30840.00    30.7111
  30850.00    30.8701
  30860.00    30.7449
  30870.00    31.1092
  30880.00    31.2549
  30890.00    30.7571
  30900.00    31.0290
  30910.00    31.2393
  30920.00    31.1528
  30930.00    30.8153
  30940.00    31.1003
  30950.00    31.2652
  30960.00    30.8052
  30970.00    30.7229
  30980.00    30.5197
  30990.00    31.3349
  31000.00    31.0073
  31010.00    30.7362
  31020.00    30.7768
  31030.00    31.0674
  31040.00    31.0254
  31050.00    31.2910
  31060.00    31.0977
  31070.00    31.0272
  31080.00    31.1430
  31090.00    31.1253
  31100.00    31.0927
  31110.00    30.9189
  31120.00    31.3711
  31130.00    31.0733
  31140.00    30.9485
  31150.00    31.3423
  31160.00    30.9964
  31170.00    30.9738
  31180.00    31.7420
  31190.00    30.5908
  31200.00    30.6835
  31210.00    30.5798
  31220.00    31.4306
  31230.00    30.8251
  31240.00    30.9323
  31250.00    31.2197
  31260.00    30.9592
  31270.00    30.9892
  31280.00    31.0416
  31290.00    31.0172
  31300.00    31.5071
  31310.00    30.8470
  31320.00    30.6930
  31330.00    30.8080
  31340.00    31.1671
  31350.00    31.4747
  31360.00    30.9131
  31370.00    31.0861
  31380.00    30.7284
  31390.00    31.1785
  31400.00    30.9786
  31410.00    30.9245
  31420.00    31.0551
  31430.00    31.0783
  31440.00    30.8675
  31450.00    31.2688
  31460.00    30.8574
  31470.00    30.2971
  31480.00    31.0229
  31490.00    31.2608
  31500.00    30.6640
  31510.00    30.7624
  31520.00    30.9650
  31530.00    31.0505
  31540.00    31.1934
  31550.00    30.7638
  31560.00    31.0319
  31570.00    31.2592
  31580.00    31.3617
  31590.00    30.9377
  31600.00    30.8359
  31610.00    31.2954
  31620.00    30.8077
  31630.00    30.7758
  31640.00    31.1550
  31650.00    30.8828
  31660.00    31.0663
  31670.00    31.5124
  31680.00    31.3673
  31690.00    30.6787
  31700.00    30.7600
  31710.00    30.4924
  31720.00    31.7841
  31730.00    31.3906
  31740.00    30.7241
  31750.00    31.0209
  31760.00    31.1823
  31770.00    30.7357
  31780.00    31.3551
  31790.00    31.1275
  31800.00    31.7225
  31810.00    31.1759
  31820.00    31.0401
  31830.00    30.9907
  31840.00    30.7745
  31850.00    30.7943
  31860.00    30.9026
  31870.00    31.0910
  31880.00    30.7068
  31890.00    31.0650
  31900.00    30.8763
  31910.00    31.3442
  31920.00    31.2822
  31930.00    30.8451
  31940.00    31.1025
  31950.00    30.8434
  31960.00    31.0288
  31970.00    31.4198
  31980.00    30.8458
  31990.00    30.8705
  32000.00    30.4411
  32010.00    31.2654
  32020.00    31.0896
  32030.00    31.0669
  32040.00    31.0351
  32050.00    30.7370
  32060.00    30.9819
  32070.00    31.1323
  32080.00    31.0324
  32090.00    31.1182
  32100.00    31.3536
  32110.00    30.6668
  32120.00    31.3473
  32130.00    30.6629
  32140.00    31.2193
  32150.00    30.8835
  32160.00    30.7924
  32170.00    31.2135
  32180.00    30.8134
  32190.00    31.0715
  32200.00    30.8251
  32210.00    31.0376
  32220.00    31.0616
  32230.00    30.0992
  32240.00    31.2687
  32250.00    31.0920
  32260.00    31.1088
  32270.00    31.4612
  32280.00    31.1383
  32290.00    31.1798
  32300.00    31.1832
  32310.00    30.6976
  32320.00    30.8386
  32330.00    31.3342
  32340.00    31.1727
  32350.00    31.1134
  32360.00    30.7925
  32370.00    31.2547
  32380.00    31.1263
  32390.00    30.7054
  32400.00    31.3199
  32410.00    31.4518
  32420.00    31.1262
  32430.00    30.6253
  32440.00    31.5303
  32450.00    30.9687
  32460.00    31.0688
  32470.00    30.6029
  32480.00    30.7080
  32490.00    30.7777
  32500.00    30.9755
  32510.00    31.2921
  32520.00    30.8431
  32530.00    30.8595
  32540.00    31.0018
  32550.00    31.2465
  32560.00    30.7865
  32570.00    31.0316
  32580.00    30.7034
  32590.00    30.2498
  32600.00    30.7533
  32610.00    31.1813
  32620.00    31.0175
  32630.00    31.0523
  32640.00    31.4384
  32650.00    30.7945
  32660.00    30.7336
  32670.00    30.7502
  32680.00    30.7256
  32690.00    30.7949
  32700.00    30.9247
  32710.00    31.0945
  32720.00    31.2773
  32730.00    30.4982
  32740.00    31.1087
  32750.00    30.9271
  32760.00    31.1678
  32770.00    30.2152
  32780.00    30.9208
  32790.00    31.2477
  32800.00    30.9016
  32810.00    31.0795
  32820.00    31.7203
  32830.00    31.4400
  32840.00    30.9233
  32850.00    31.1090
  32860.00    31.2503
  32870.00    30.9739
  32880.00    30.9327
  32890.00    30.9918
  32900.00    30.8226
  32910.00    30.6927
  32920.00    30.9478
  32930.00    30.6738
  32940.00    31.3216
  32950.00    30.8168
  32960.00    31.4401
  32970.00    31.2877
  32980.00    30.8385
  32990.00    31.1920
  33000.00    32.0037
  33010.00    30.6125
  33020.00    31.4306
  33030.00    30.7528
  33040.00    31.2610
  33050.00    31.5027
  33060.00    30.8485
  33070.00    30.7243
  33080.00    30.9201
  33090.00    31.5499
  33100.00    30.9832
  33110.00    30.8154
  33120.00    31.1079
  33130.00    31.4188
  33140.00    30.7667
  33150.00    31.0282
  33160.00    31.2136
  33170.00    30.6268
  33180.00    30.8160
  33190.00    31.2240
  33200.00    31.1365
  33210.00    30.6777
  33220.00    31.0087
  33230.00    31.1815
  33240.00    30.9457
  33250.00    30.7804
  33260.00    30.7068
  33270.00    30.7456
  33280.00    30.8130
  33290.00    30.7856
  33300.00    31.0941
  33310.00    30.2975
  33320.00    31.2272
  33330.00    31.4331
  33340.00    31.0088
  33350.00    30.9471
  33360.00    30.5820
  33370.00    30.6203
  33380.00    31.0725
  33390.00    31.3386
  33400.00    30.9838
  33410.00    30.7379
  33420.00    31.0563
  33430.00    31.0010
  33440.00    30.9882
  33450.00    30.6998
  33460.00    31.7093
  33470.00    30.6441
  33480.00    30.9847
  33490.00    31.0342
  33500.00    31.1414
  33510.00    30.9733
  33520.00    31.5922
  33530.00    30.6441
  33540.00    30.8383
  33550.00    31.1200
  33560.00    31.2707
  33570.00    30.8823
  33580.00    30.9654
  33590.00    31.2101
  33600.00    30.6815
  33610.00    31.1459
  33620.00    31.1314
  33630.00    31.2374
  33640.00    30.5868
  33650.00    31.2638
  33660.00    30.6253
  33670.00    31.3026
  33680.00    30.7309
  33690.00    30.7808
  33700.00    30.7371
  33710.00    30.9238
  33720.00    31.0271
  33730.00    31.3762
  33740.00    30.9040
  33750.00    30.7038
  33760.00    31.2849
  33770.00    30.8887
  33780.00    30.7527
  33790.00    31.0326
  33800.00    31.1849
  33810.00    31.6525
  33820.00    31.4631
  33830.00    31.2031
  33840.00    30.8454
  33850.00    30.5372
  33860.00    30.7724
  33870.00    31.1974
  33880.00    30.9286
  33890.00    30.6772
  33900.00    31.1248
  33910.00    30.6068
  33920.00    31.0065
  33930.00    31.0346
  33940.00    31.0719
  33950.00    30.4445
  33960.00    31.1757
  33970.00    30.7270
  33980.00    31.4404
  33990.00    31.1169
  34000.00    30.8286
  34010.00    31.1261
  34020.00    30.4782
  34030.00    31.3454
  34040.00    31.0116
  34050.00    30.4714
  34060.00    30.4160
  34070.00    31.2551
  34080.00    31.1451
  34090.00    30.6069
  34100.00    31.0268
  34110.00    31.1295
  34120.00    31.2578
  34130.00    31.0598
  34140.00    31.0944
  34150.00    31.3144
  34160.00    30.9777
  34170.00    30.4015
  34180.00    31.1695
  34190.00    30.6935
  34200.00    31.0230
  34210.00    31.0400
  34220.00    31.2623
  34230.00    31.0607
  34240.00    31.1875
  34250.00    31.3430
  34260.00    30.8465
  34270.00    30.7510
  34280.00    31.0715
  34290.00    31.1414
  34300.00    31.4101
  34310.00    31.2443
  34320.00    31.1387
  34330.00    30.8325
  34340.00    30.8134
  34350.00    31.3086
  34360.00    31.2452
  34370.00    31.1088
  34380.00    30.7037
  34390.00    31.3112
  34400.00    31.1803
  34410.00    30.6313
  34420.00    31.5201
  34430.00    31.0857
  34440.00    31.0538
  34450.00    31.3785
  34460.00    31.2560
  34470.00    30.8079
  34480.00    31.1407
  34490.00    30.9620
  34500.00    30.9305
  34510.00    30.7183
  34520.00    31.3688
  34530.00    30.9991
  34540.00    30.3121
  34550.00    31.1302
  34560.00    30.9813
  34570.00    31.0177
  34580.00    30.8013
  34590.00    31.1450
  34600.00    30.4239
  34610.00    31.1586
  34620.00    31.0633
  34630.00    31.1380
  34640.00    30.8300
  34650.00    31.2204
  34660.00    30.7687
  34670.00    31.2284
  34680.00    31.0240
  34690.00    31.1109
  34700.00    30.7240
  34710.00    30.8972
  34720.00    31.3816
  34730.00    31.1658
  34740.00    30.9088
  34750.00    30.8065
  34760.00    30.2349
  34770.00    30.7037
  34780.00    31.0898
  34790.00    30.5771
  34800.00    30.2208
  34810.00    30.9949
  34820.00    30.6516
  34830.00    31.1308
  34840.00    30.9488
  34850.00    30.9528
  34860.00    30.7796
  34870.00    30.7995
  34880.00    31.0227
  34890.00    30.8959
  34900.00    31.2569
  34910.00    31.4475
  34920.00    30.9427
  34930.00    31.2256
  34940.00    31.0343
  34950.00    31.3819
  34960.00    31.0398
  34970.00    31.2020
  34980.00    30.8266
  34990.00    31.0879
  35000.00    31.2158
  35010.00    30.6531
  35020.00    31.0477
  35030.00    31.4107
  35040.00    31.2049
  35050.00    31.0626
  35060.00    31.2856
  35070.00    31.4330
  35080.00    31.2353
  35090.00    30.6507
  35100.00    30.9081
  35110.00    30.6674
  35120.00    30.9651
  35130.00    31.2295
  35140.00    30.8338
  35150.00    30.8194
  35160.00    31.1996
  35170.00    30.9290
  35180.00    30.8976
  35190.00    31.0642
  35200.00    30.7807
  35210.00    31.5966
  35220.00    30.5333
  35230.00    30.3476
  35240.00    30.9803
  35250.00    31.4321
  35260.00    31.1093
  35270.00    30.7965
  35280.00    31.4372
  35290.00    30.5991
  35300.00    30.8771
  35310.00    30.9193
  35320.00    30.8839
  35330.00    30.6122
  35340.00    30.9659
  35350.00    31.1126
  35360.00    30.9534
  35370.00    30.9545
  35380.00    31.2256
  35390.00    30.6964
  35400.00    31.6625
  35410.00    30.9841
  35420.00    31.0832
  35430.00    30.9428
  35440.00    31.2477
  35450.00    30.4798
  35460.00    31.2205
  35470.00    30.9128
  35480.00    31.5670
  35490.00    31.3067
  35500.00    31.2007
  35510.00    30.7992
  35520.00    31.3425
  35530.00    30.8788
  35540.00    30.6860
  35550.00    31.0254
  35560.00    30.9833
  35570.00    31.3277
  35580.00    31.1782
  35590.00    31.0206
  35600.00    31.3177
  35610.00    31.0328
  35620.00    30.9019
  35630.00    31.4639
  35640.00    30.9416
  35650.00    31.1022
  35660.00    30.8845
  35670.00    30.6810
  35680.00    31.3383
  35690.00    31.0568
  35700.00    31.1244
  35710.00    31.0388
  35720.00    30.9775
  35730.00    31.2750
  35740.00    30.8154
  35750.00    31.0045
  35760.00    31.6103
  35770.00    30.5036
  35780.00    31.0854
  35790.00    31.2796
  35800.00    31.1295
  35810.00    31.0790
  35820.00    30.8601
  35830.00    31.3017
  35840.00    31.5814
  35850.00    30.7858
  35860.00    30.8837
  35870.00    31.1528
  35880.00    30.8661
  35890.00    30.8552
  35900.00    31.1796
  35910.00    31.1938
  35920.00    31.3268
  35930.00    31.4255
  35940.00    30.7517
  35950.00    31.0207
  35960.00    30.6509
  35970.00    30.9240
  35980.00    30.5442
  35990.00    30.5289
  36000.00    30.6333
  36010.00    30.8353
  36020.00    31.4200
  36030.00    30.9256
  36040.00    30.6207
  36050.00    31.2420
  36060.00    31.1404
  36070.00    31.1366
  36080.00    30.8003
  36090.00    31.5490
  36100.00    31.4399
  36110.00    31.5219
  36120.00    31.3661
  36130.00    30.7880
  36140.00    31.1586
  36150.00    31.1968
  36160.00    30.4629
  36170.00    30.9900
  36180.00    31.4656
  36190.00    31.0768
  36200.00    30.8038
  36210.00    31.3736
  36220.00    31.4228
  36230.00    30.9154
  36240.00    31.2136
  36250.00    30.9983
  36260.00    30.9831
  36270.00    31.5543
  36280.00    31.3607
  36290.00    30.7419
  36300.00    30.6999
  36310.00    31.2677
  36320.00    30.9692
  36330.00    30.8728
  36340.00    31.4100
  36350.00    31.3623
  36360.00    30.8306
  36370.00    30.4942
  36380.00    30.8422
  36390.00    30.8448
  36400.00    30.7031
  36410.00    30.5884
  36420.00    31.7760
  36430.00    30.5095
  36440.00    31.2145
  36450.00    31.1695
  36460.00    31.1752
  36470.00    31.3333
  36480.00    31.2523
  36490.00    30.8792
  36500.00    31.0181
  36510.00    30.7366
  36520.00    31.2683
  36530.00    31.0535
  36540.00    31.4134
  36550.00    30.8412
  36560.00    31.2499
  36570.00    31.2696
  36580.00    31.0105
  36590.00    30.7338
  36600.00    31.0514
  36610.00    31.1235
  36620.00    30.9993
  36630.00    30.6503
  36640.00    30.7955
  36650.00    31.2055
  36660.00    31.3410
  36670.00    31.0306
  36680.00    31.0498
  36690.00    30.9082
  36700.00    31.2152
  36710.00    31.3647
  36720.00    31.1540
  36730.00    31.0113
  36740.00    31.1458
  36750.00    31.0897
  36760.00    30.7015
  36770.00    30.9350
  36780.00    31.4809
  36790.00    31.1454
  36800.00    30.8388
  36810.00    30.8823
  36820.00    31.0999
  36830.00    30.9745
  36840.00    31.2181
  36850.00    30.8018
  36860.00    30.6162
  36870.00    30.6072
  36880.00    30.9616
  36890.00    30.8082
  36900.00    31.0059
  36910.00    31.1249
  36920.00    31.0128
  36930.00    31.2257
  36940.00    30.4566
  36950.00    31.1020
  36960.00    31.1047
  36970.00    30.9103
  36980.00    31.1064
  36990.00    31.3558
  37000.00    31.1824
  37010.00    30.8418
  37020.00    31.3304
  37030.00    30.7747
  37040.00    31.0017
  37050.00    31.0636
  37060.00    30.6647
  37070.00    30.9026
  37080.00    30.5119
  37090.00    30.9982
  37100.00    30.8540
  37110.00    30.8796
  37120.00    31.0782
  37130.00    30.6996
  37140.00    31.0303
  37150.00    30.7909
  37160.00    31.2190
  37170.00    31.1435
  37180.00    31.1848
  37190.00    30.7767
  37200.00    30.6916
  37210.00    31.0993
  37220.00    31.3629
  37230.00    30.7407
  37240.00    30.4035
  37250.00    30.6558
  37260.00    30.2716
  37270.00    30.8093
  37280.00    31.0770
  37290.00    31.0441
  37300.00    31.0951
  37310.00    31.1688
  37320.00    30.7762
  37330.00    31.2085
  37340.00    31.2049
  37350.00    30.8156
  37360.00    31.1237
  37370.00    31.0688
  37380.00    30.8022
  37390.00    30.5609
  37400.00    31.1096
  37410.00    30.9626
  37420.00    31.2334
  37430.00    31.4620
  37440.00    30.7278
  37450.00    30.8017
  37460.00    30.7664
  37470.00    31.1295
  37480.00    31.1747
  37490.00    30.9841
  37500.00    31.0506
  37510.00    30.9992
  37520.00    30.6969
  37530.00    31.3153
  37540.00    31.0769
  37550.00    30.7382
  37560.00    31.1146
  37570.00    30.6431
  37580.00    30.9577
  37590.00    31.0280
  37600.00    31.0494
  37610.00    30.6391
  37620.00    30.9394
  37630.00    31.3101
  37640.00    31.2129
  37650.00    31.1476
  37660.00    31.0499
  37670.00    30.8629
  37680.00    31.2041
  37690.00    31.0069
  37700.00    30.7217
  37710.00    30.8783
  37720.00    30.9600
  37730.00    31.1912
  37740.00    30.9257
  37750.00    30.6863
  37760.00    31.2475
  37770.00    31.1498
  37780.00    31.2943
  37790.00    30.8677
  37800.00    31.7379
  37810.00    30.9914
  37820.00    30.5380
  37830.00    30.7243
  37840.00    30.7506
  37850.00    30.7171
  37860.00    31.5658
  37870.00    30.7451
  37880.00    30.8484
  37890.00    31.1067
  37900.00    30.9564
  37910.00    31.7135
  37920.00    31.4044
  37930.00    30.6809
  37940.00    31.0543
  37950.00    30.8846
  37960.00    31.4012
  37970.00    31.1200
  37980.00    31.0377
  37990.00    31.3282
  38000.00    31.0045
  38010.00    31.1809
  38020.00    30.8579
  38030.00    31.4513
  38040.00    30.7025
  38050.00    31.5102
  38060.00    31.1307
  38070.00    31.4629
  38080.00    31.0880
  38090.00    31.3386
  38100.00    31.0472
  38110.00    31.2569
  38120.00    30.8886
  38130.00    31.0637
  38140.00    31.0836
  38150.00    30.3746
  38160.00    31.1433
  38170.00    31.3652
  38180.00    30.8441
  38190.00    30.9646
  38200.00    30.7211
  38210.00    30.9950
  38220.00    30.5679
  38230.00    31.1034
  38240.00    31.3088
  38250.00    30.9065
  38260.00    30.7501
  38270.00    31.1791
  38280.00    30.2243
  38290.00    30.8395
  38300.00    31.3082
  38310.00    31.2764
  38320.00    30.9479
  38330.00    30.4817
  38340.00    30.8541
  38350.00    30.6200
  38360.00    30.9393
  38370.00    30.7369
  38380.00    31.5294
  38390.00    30.8553
  38400.00    30.4900
  38410.00    30.6912
  38420.00    30.9717
  38430.00    31.4387
  38440.00    30.9317
  38450.00    31.0503
  38460.00    30.8306
  38470.00    30.4209
  38480.00    31.3659
  38490.00    31.2666
  38500.00    31.0511
  38510.00    31.2056
  38520.00    31.2582
  38530.00    30.7817
  38540.00    30.9113
  38550.00    30.9224
  38560.00    31.1667
  38570.00    30.8113
  38580.00    31.3585
  38590.00    31.2454
  38600.00    30.8432
  38610.00    30.9927
  38620.00    31.4235
  38630.00    31.2916
  38640.00    30.7455
  38650.00    30.4114
  38660.00    30.7600
  38670.00    30.7080
  38680.00    31.2854
  38690.00    30.7940
  38700.00    30.8053
  38710.00    30.6731
  38720.00    30.8211
  38730.00    30.4642
  38740.00    30.7231
  38750.00    31.2063
  38760.00    30.8962
  38770.00    31.2594
  38780.00    30.9120
  38790.00    30.9638
  38800.00    30.1791
  38810.00    31.6648
  38820.00    31.2167
  38830.00    30.9512
  38840.00    30.7168
  38850.00    30.9287
  38860.00    31.5559
  38870.00    31.2297
  38880.00    31.3729
  38890.00    30.8114
  38900.00    30.9735
  38910.00    30.4339
  38920.00    30.7782
  38930.00    30.9345
  38940.00    31.4068
  38950.00    31.2074
  38960.00    31.2976
  38970.00    31.6105
  38980.00    31.0605
  38990.00    30.8542
  39000.00    31.3267
  39010.00    31.4190
  39020.00    30.6593
  39030.00    30.7553
  39040.00    31.0684
  39050.00    30.6666
  39060.00    31.3346
  39070.00    31.4167
  39080.00    31.0928
  39090.00    30.9715
  39100.00    30.8911
  39110.00    31.2059
  39120.00    31.0475
  39130.00    30.4559
  39140.00    30.5425
  39150.00    31.7439
  39160.00    31.3850
  39170.00    30.5280
  39180.00    30.5027
  39190.00    31.0449
  39200.00    31.3009
  39210.00    31.2337
  39220.00    31.6762
  39230.00    31.1975
  39240.00    31.0771
  39250.00    31.3401
  39260.00    30.3949
  39270.00    31.4776
  39280.00    30.9081
  39290.00    30.7836
  39300.00    30.9253
  39310.00    31.6668
  39320.00    30.6697
  39330.00    31.0386
  39340.00    31.2057
  39350.00    30.5695
  39360.00    31.2875
  39370.00    31.1241
  39380.00    31.0485
  39390.00    31.0952
  39400.00    31.5062
  39410.00    30.9223
  39420.00    30.8033
  39430.00    30.7330
  39440.00    30.8502
  39450.00    30.9410
  39460.00    30.7588
  39470.00    31.3634
  39480.00    30.6995
  39490.00    31.3234
  39500.00    31.1517
  39510.00    30.8038
  39520.00    30.3464
  39530.00    31.0619
  39540.00    30.7141
  39550.00    31.4855
  39560.00    30.8895
  39570.00    30.8219
  39580.00    30.8036
  39590.00    30.9234
  39600.00    30.6513
  39610.00    31.0303
  39620.00    31.3683
  39630.00    30.5018
  39640.00    30.6817
  39650.00    30.7590
  39660.00    31.0945
  39670.00    31.3143
  39680.00    30.8096
  39690.00    31.2129
  39700.00    31.4455
  39710.00    30.8906
  39720.00    31.4520
  39730.00    31.0382
  39740.00    31.7241
  39750.00    30.4453
  39760.00    31.0028
  39770.00    30.7979
  39780.00    30.9933
  39790.00    30.8708
  39800.00    31.3326
  39810.00    30.8526
  39820.00    30.8758
  39830.00    30.8904
  39840.00    31.0007
  39850.00    30.8665
  39860.00    31.1948
  39870.00    30.9531
  39880.00    31.0991
  39890.00    30.2237
  39900.00    31.3006
  39910.00    30.7972
  39920.00    31.2414
  39930.00    31.0829
  39940.00    31.0893
  39950.00    30.7121
  39960.00    30.7948
  39970.00    31.3144
  39980.00    31.0000
  39990.00    30.0507
  40000.00    30.4870
  40010.00    31.1064
  40020.00    30.8265
  40030.00    31.8317
  40040.00    31.3188
  40050.00    30.8549
  40060.00    30.8256
  40070.00    30.9459
  40080.00    31.0603
  40090.00    31.0115
  40100.00    30.7142
  40110.00    30.9429
  40120.00    31.0199
  40130.00    31.2840
  40140.00    30.8675
  40150.00    30.8786
  40160.00    31.0188
  40170.00    31.0983
  40180.00    31.1875
  40190.00    30.7432
  40200.00    30.9346
  40210.00    30.6813
  40220.00    31.0637
  40230.00    31.1095
  40240.00    30.7083
  40250.00    30.8823
  40260.00    30.4389
  40270.00    31.1401
  40280.00    31.2261
  40290.00    30.9418
  40300.00    30.7908
  40310.00    30.5059
  40320.00    30.8650
  40330.00    30.8612
  40340.00    31.4802
  40350.00    30.7680
  40360.00    31.3444
  40370.00    30.9339
  40380.00    31.2648
  40390.00    31.2617
  40400.00    30.7205
  40410.00    30.9802
  40420.00    31.5623
  40430.00    31.0632
  40440.00    31.1558
  40450.00    31.0855
  40460.00    30.4015
  40470.00    30.9267
  40480.00    30.9831
  40490.00    30.6939
  40500.00    31.3304
  40510.00    31.5585
  40520.00    31.4932
  40530.00    31.3231
  40540.00    30.7071
  40550.00    31.1914
  40560.00    30.8737
  40570.00    31.0113
  40580.00    31.5426
  40590.00    30.7982
  40600.00    31.5188
  40610.00    31.1158
  40620.00    31.3764
  40630.00    31.2950
  40640.00    30.5814
  40650.00    30.7539
  40660.00    31.2162
  40670.00    31.4346
  40680.00    30.6470
  40690.00    30.9455
  40700.00    30.6941
  40710.00    31.0480
  40720.00    30.8245
  40730.00    31.3914
  40740.00    31.1447
  40750.00    30.6506
  40760.00    31.0418
  40770.00    31.1454
  40780.00    30.7784
  40790.00    30.7890
  40800.00    30.9058
  40810.00    30.3147
  40820.00    30.9823
  40830.00    30.9777
  40840.00    30.6350
  40850.00    30.9926
  40860.00    31.0055
  40870.00    30.9579
  40880.00    30.9681
  40890.00    30.6631
  40900.00    30.7984
  40910.00    30.9544
  40920.00    30.9658
  40930.00    30.9131
  40940.00    31.0762
  40950.00    31.0960
  40960.00    30.7587
  40970.00    30.8579
  40980.00    31.2907
  40990.00    31.2548
  41000.00    31.3373
  41010.00    31.4214
  41020.00    31.0220
  41030.00    30.8978
  41040.00    30.6931
  41050.00    30.6120
  41060.00    31.0269
  41070.00    31.0078
  41080.00    30.9710
  41090.00    30.5722
  41100.00    30.7667
  41110.00    31.3346
  41120.00    31.1843
  41130.00    30.7938
  41140.00    30.8301
  41150.00    30.8388
  41160.00    31.5945
  41170.00    30.7882
  41180.00    30.8777
  41190.00    31.0848
  41200.00    30.6818
  41210.00    31.6303
  41220.00    31.2100
  41230.00    31.0171
  41240.00    31.0311
  41250.00    31.5204
  41260.00    31.3911
  41270.00    31.0775
  41280.00    30.8227
  41290.00    31.2151
  41300.00    31.1998
  41310.00    30.7606
  41320.00    31.2672
  41330.00    30.5855
  41340.00    30.7994
  41350.00    30.8911
  41360.00    31.1940
  41370.00    31.4939
  41380.00    31.1019
  41390.00    31.3897
  41400.00    31.3738
  41410.00    31.3778
  41420.00    30.7058
  41430.00    31.0182
  41440.00    31.2933
  41450.00    31.3285
  41460.00    31.0296
  41470.00    30.9006
  41480.00    31.2207
  41490.00    31.3765
  41500.00    31.4084
  41510.00    31.1171
  41520.00    30.8657
  41530.00    31.1387
  41540.00    31.0650
  41550.00    30.8895
  41560.00    30.8426
  41570.00    31.9039
  41580.00    30.4042
  41590.00    31.1503
  41600.00    30.5528
  41610.00    31.1717
  41620.00    31.1889
  41630.00    30.9586
  41640.00    31.0558
  41650.00    31.1382
  41660.00    31.0879
  41670.00    30.8035
  41680.00    30.8394
  41690.00    31.0258
  41700.00    30.8671
  41710.00    31.1489
  41720.00    31.4319
  41730.00    30.9360
  41740.00    30.6835
  41750.00    30.9935
  41760.00    30.5489
  41770.00    30.9616
  41780.00    31.1232
  41790.00    30.5219
  41800.00    31.4530
  41810.00    31.1044
  41820.00    30.5536
  41830.00    30.9124
  41840.00    31.3360
  41850.00    31.1949
  41860.00    30.4189
  41870.00    30.8717
  41880.00    31.0850
  41890.00    31.3185
  41900.00    30.8601
  41910.00    30.9892
  41920.00    31.6016
  41930.00    31.3409
  41940.00    31.6165
  41950.00    30.8192
  41960.00    31.2721
  41970.00    30.9217
  41980.00    30.8107
  41990.00    31.0496
  42000.00    31.1858
  42010.00    30.5982
  42020.00    30.7138
  42030.00    31.0034
  42040.00    30.4983
  42050.00    30.4510
  42060.00    31.0025
  42070.00    31.2899
  42080.00    30.9265
  42090.00    31.0526
  42100.00    30.9660
  42110.00    30.7613
  42120.00    30.8031
  42130.00    31.3453
  42140.00    31.5196
  42150.00    31.2649
  42160.00    30.9204
  42170.00    31.1553
  42180.00    31.3780
  42190.00    31.1555
  42200.00    31.5173
  42210.00    30.8718
  42220.00    30.6653
  42230.00    30.4841
  42240.00    31.0516
  42250.00    31.1841
  42260.00    31.5107
  42270.00    31.4541
  42280.00    31.2583
  42290.00    30.9276
  42300.00    30.9716
  42310.00    31.0294
  42320.00    30.8027
  42330.00    31.3515
  42340.00    31.1217
  42350.00    31.0602
  42360.00    30.9840
  42370.00    31.0047
  42380.00    31.3038
  42390.00    31.1505
  42400.00    30.7367
  42410.00    31.0792
  42420.00    31.2343
  42430.00    31.3002
  42440.00    31.1654
  42450.00    31.4025
  42460.00    30.6211
  42470.00    31.0936
  42480.00    31.2139
  42490.00    31.2804
  42500.00    31.1153
  42510.00    31.3075
  42520.00    30.8956
  42530.00    31.0732
  42540.00    31.0153
  42550.00    30.7708
  42560.00    31.3947
  42570.00    30.5833
  42580.00    31.0130
  42590.00    31.1435
  42600.00    31.2619
  42610.00    31.4366
  42620.00    31.4467
  42630.00    30.9638
  42640.00    31.0961
  42650.00    31.2484
  42660.00    31.3745
  42670.00    30.9209
  42680.00    30.8490
  42690.00    31.6080
  42700.00    30.6470
  42710.00    31.2000
  42720.00    30.9220
  42730.00    30.6975
  42740.00    31.0198
  42750.00    30.7132
  42760.00    30.9592
  42770.00    30.9907
  42780.00    30.6688
  42790.00    30.8267
  42800.00    31.3084
  42810.00    31.3184
  42820.00    31.3584
  42830.00    31.2639
  42840.00    30.7878
  42850.00    30.2368
  42860.00    31.2199
  42870.00    30.6806
  42880.00    30.8825
  42890.00    30.9874
  42900.00    30.8189
  42910.00    31.6309
  42920.00    31.0714
  42930.00    31.3522
  42940.00    30.7137
  42950.00    30.3110
  42960.00    31.0331
  42970.00    31.3809
  42980.00    30.9570
  42990.00    30.6779
  43000.00    30.3629
  43010.00    31.1816
  43020.00    30.7643
  43030.00    31.0916
  43040.00    31.1772
  43050.00    31.3469
  43060.00    30.8084
  43070.00    31.3372
  43080.00    30.7591
  43090.00    31.2298
  43100.00    30.8618
  43110.00    31.1459
  43120.00    31.1280
  43130.00    31.2280
  43140.00    31.0989
  43150.00    31.1932
  43160.00    31.2314
  43170.00    31.1699
  43180.00    30.5786
  43190.00    31.0658
  43200.00    31.3404
  43210.00    30.6241
  43220.00    30.6743
  43230.00    30.8807
  43240.00    31.1906
  43250.00    31.5419
  43260.00    30.9303
  43270.00    30.8881
  43280.00    30.6377
  43290.00    31.4365
  43300.00    31.3802
  43310.00    30.8821
  43320.00    30.8843
  43330.00    30.7212
  43340.00    31.0016
  43350.00    31.0725
  43360.00    30.7814
  43370.00    31.5497
  43380.00    30.5302
  43390.00    31.1696
  43400.00    30.7890
  43410.00    31.4195
  43420.00    30.6691
  43430.00    31.0809
  43440.00    30.8034
  43450.00    31.2462
  43460.00    30.9197
  43470.00    30.4286
  43480.00    31.2087
  43490.00    30.8644
  43500.00    31.2502
  43510.00    31.1097
  43520.00    31.4938
  43530.00    31.0938
  43540.00    31.1729
  43550.00    30.6017
  43560.00    31.3311
  43570.00    30.8077
  43580.00    31.2625
  43590.00    30.3872
  43600.00    31.3051
  43610.00    31.3598
  43620.00    31.1171
  43630.00    30.9421
  43640.00    30.9775
  43650.00    30.6908
  43660.00    30.7958
  43670.00    30.5287
  43680.00    30.9728
  43690.00    31.0814
  43700.00    31.0948
  43710.00    31.0709
  43720.00    31.2604
  43730.00    30.7588
  43740.00    31.5493
  43750.00    30.9616
  43760.00    30.7764
  43770.00    31.1970
  43780.00    30.9064
  43790.00    31.1973
  43800.00    31.0313
  43810.00    31.4061
  43820.00    31.0531
  43830.00    31.0180
  43840.00    31.3844
  43850.00    30.7485
  43860.00    31.0541
  43870.00    30.5467
  43880.00    30.5222
  43890.00    30.3510
  43900.00    30.6959
  43910.00    31.0465
  43920.00    31.0777
  43930.00    30.7023
  43940.00    30.7650
  43950.00    31.1433
  43960.00    31.0471
  43970.00    31.2242
  43980.00    31.0269
  43990.00    30.3155
  44000.00    31.2456
  44010.00    31.0505
  44020.00    30.9266
  44030.00    30.9442
  44040.00    30.8717
  44050.00    31.2294
  44060.00    30.9418
  44070.00    31.0462
  44080.00    31.1770
  44090.00    30.7924
  44100.00    30.8213
  44110.00    31.5717
  44120.00    30.8944
  44130.00    30.7956
  44140.00    30.5426
  44150.00    31.1819
  44160.00    30.8816
  44170.00    31.6625
  44180.00    31.0511
  44190.00    30.8719
  44200.00    30.7211
  44210.00    30.8406
  44220.00    31.3228
  44230.00    31.1590
  44240.00    30.9041
  44250.00    31.1156
  44260.00    31.6078
  44270.00    30.4377
  44280.00    31.2472
  44290.00    31.0338
  44300.00    31.3323
  44310.00    30.8604
  44320.00    31.1871
  44330.00    30.7184
  44340.00    30.8437
  44350.00    30.9256
  44360.00    30.7007
  44370.00    30.8870
  44380.00    30.9452
  44390.00    30.8390
  44400.00    31.1219
  44410.00    30.8853
  44420.00    30.8525
  44430.00    30.7949
  44440.00    31.4035
  44450.00    31.2022
  44460.00    31.4618
  44470.00    30.9750
  44480.00    31.2476
  44490.00    31.2209
  44500.00    31.4468
  44510.00    30.8448
  44520.00    30.9581
  44530.00    30.7687
  44540.00    31.1936
  44550.00    30.6065
  44560.00    30.9657
  44570.00    30.8944
  44580.00    31.1612
  44590.00    31.0738
  44600.00    31.0658
  44610.00    30.9534
  44620.00    31.1435
  44630.00    30.8724
  44640.00    30.7951
  44650.00    31.1046
  44660.00    30.8719
  44670.00    30.8931
  44680.00    31.6481
  44690.00    31.4983
  44700.00    31.2441
  44710.00    30.7566
  44720.00    31.0217
  44730.00    31.4258
  44740.00    31.1762
  44750.00    30.7345
  44760.00    31.0044
  44770.00    30.9504
  44780.00    30.9118
  44790.00    31.1619
  44800.00    30.9851
  44810.00    30.8674
  44820.00    31.1794
  44830.00    30.7599
  44840.00    30.5712
  44850.00    31.2115
  44860.00    30.6414
  44870.00    30.7622
  44880.00    31.1194
  44890.00    30.8847
  44900.00    31.1051
  44910.00    30.9151
  44920.00    30.8380
  44930.00    30.9959
  44940.00    30.6933
  44950.00    31.3201
  44960.00    30.5695
  44970.00    31.4117
  44980.00    31.4900
  44990.00    31.3443
  45000.00    31.4134
  45010.00    30.9861
  45020.00    30.9142
  45030.00    30.6912
  45040.00    30.6344
  45050.00    30.7746
  45060.00    30.8217
  45070.00    31.2264
  45080.00    31.1353
  45090.00    31.3786
  45100.00    30.5763
  45110.00    30.5937
  45120.00    31.2950
  45130.00    30.4453
  45140.00    30.4028
  45150.00    31.1967
  45160.00    30.8450
  45170.00    31.0366
  45180.00    31.2336
  45190.00    30.9121
  45200.00    30.7814
  45210.00    30.7062
  45220.00    30.9494
  45230.00    30.9782
  45240.00    30.7703
  45250.00    30.8852
  45260.00    31.4392
  45270.00    30.9241
  45280.00    31.0983
  45290.00    31.0140
  45300.00    30.7566
  45310.00    30.7665
  45320.00    31.1798
  45330.00    30.7674
  45340.00    31.0284
  45350.00    30.9232
  45360.00    30.4024
  45370.00    30.5856
  45380.00    30.8880
  45390.00    31.2593
  45400.00    30.7212
  45410.00    30.9767
  45420.00    30.8589
  45430.00    30.9783
  45440.00    30.8389
  45450.00    30.5948
  45460.00    30.3467
  45470.00    30.7151
  45480.00    31.4739
  45490.00    31.0438
  45500.00    30.7746
  45510.00    30.9250
  45520.00    31.0182
  45530.00    30.8683
  45540.00    30.2900
  45550.00    30.7724
  45560.00    30.7513
  45570.00    30.8087
  45580.00    30.8281
  45590.00    31.0945
  45600.00    31.0598
  45610.00    30.9216
  45620.00    31.0544
  45630.00    30.9363
  45640.00    30.9654
  45650.00    30.9968
  45660.00    31.0513
  45670.00    30.9143
  45680.00    31.0558
  45690.00    31.3864
  45700.00    30.9920
  45710.00    30.6079
  45720.00    30.8125
  45730.00    31.0901
  45740.00    30.7185
  45750.00    30.9318
  45760.00    30.8475
  45770.00    30.7963
  45780.00    31.0046
  45790.00    31.0565
  45800.00    30.8536
  45810.00    31.1223
  45820.00    30.5895
  45830.00    31.1121
  45840.00    31.2237
  45850.00    31.0146
  45860.00    31.3311
  45870.00    31.0649
  45880.00    31.3893
  45890.00    31.4998
  45900.00    31.9379
  45910.00    31.3629
  45920.00    30.9812
  45930.00    30.7687
  45940.00    30.5619
  45950.00    31.1157
  45960.00    30.9205
  45970.00    30.6526
  45980.00    30.8898
  45990.00    30.5521
  46000.00    30.5453
  46010.00    31.1599
  46020.00    30.9182
  46030.00    30.9522
  46040.00    31.5577
  46050.00    30.9945
  46060.00    30.8833
  46070.00    31.0536
  46080.00    30.5355
  46090.00    30.9363
  46100.00    30.6516
  46110.00    30.7765
  46120.00    31.3286
  46130.00    31.3424
  46140.00    31.0728
  46150.00    31.4348
  46160.00    31.0553
  46170.00    31.1856
  46180.00    30.7675
  46190.00    30.2636
  46200.00    31.5498
  46210.00    30.4968
  46220.00    30.2452
  46230.00    31.4099
  46240.00    30.5586
  46250.00    30.9275
  46260.00    30.7643
  46270.00    31.5430
  46280.00    30.9565
  46290.00    31.0798
  46300.00    30.5192
  46310.00    30.8839
  46320.00    31.0433
  46330.00    31.1383
  46340.00    30.9860
  46350.00    31.1737
  46360.00    30.9047
  46370.00    31.0158
  46380.00    30.8240
  46390.00    30.6353
  46400.00    30.5303
  46410.00    30.8539
  46420.00    31.0556
  46430.00    30.9377
  46440.00    30.9199
  46450.00    30.7762
  46460.00    31.4392
  46470.00    31.0221
  46480.00    30.7919
  46490.00    31.2207
  46500.00    30.9095
  46510.00    31.6260
  46520.00    31.3311
  46530.00    30.8675
  46540.00    30.9012
  46550.00    30.8015
  46560.00    30.7155
  46570.00    30.9568
  46580.00    30.9421
  46590.00    30.9742
  46600.00    30.7294
  46610.00    31.4310
  46620.00    31.2467
  46630.00    31.2768
  46640.00    30.9939
  46650.00    31.3100
  46660.00    31.0200
  46670.00    31.1909
  46680.00    30.8158
  46690.00    31.0910
  46700.00    31.0828
  46710.00    31.1589
  46720.00    31.0886
  46730.00    30.8857
  46740.00    30.9765
  46750.00    30.9741
  46760.00    31.4588
  46770.00    31.3007
  46780.00    31.4193
  46790.00    30.4465
  46800.00    30.9687
  46810.00    30.6961
  46820.00    31.1129
  46830.00    31.0299
  46840.00    30.3855
  46850.00    31.2574
  46860.00    30.8777
  46870.00    30.8373
  46880.00    30.8013
  46890.00    30.9515
  46900.00    30.8629
  46910.00    31.0158
  46920.00    30.8489
  46930.00    30.5974
  46940.00    30.8948
  46950.00    31.0902
  46960.00    31.7249
  46970.00    31.1558
  46980.00    31.0576
  46990.00    31.1868
  47000.00    31.2030
  47010.00    30.8151
  47020.00    30.6847
  47030.00    31.2373
  47040.00    31.0782
  47050.00    30.7116
  47060.00    30.3342
  47070.00    31.0867
  47080.00    31.2158
  47090.00    31.3294
  47100.00    31.0281
  47110.00    30.8829
  47120.00    30.6914
  47130.00    31.1652
  47140.00    31.1005
  47150.00    30.7097
  47160.00    30.9864
  47170.00    31.3188
  47180.00    30.7156
  47190.00    31.3036
  47200.00    31.2948
  47210.00    31.2076
  47220.00    30.7620
  47230.00    31.1026
  47240.00    31.2512
  47250.00    30.9447
  47260.00    30.6765
  47270.00    30.6041
  47280.00    30.7772
  47290.00    31.0539
  47300.00    31.1794
  47310.00    31.0810
  47320.00    30.7156
  47330.00    30.7748
  47340.00    31.4285
  47350.00    31.0252
  47360.00    31.0260
  47370.00    31.3068
  47380.00    30.8254
  47390.00    30.8104
  47400.00    31.1927
  47410.00    30.9684
  47420.00    30.7709
  47430.00    30.8122
  47440.00    31.0155
  47450.00    31.2011
  47460.00    31.1865
  47470.00    30.7698
  47480.00    30.9969
  47490.00    30.6868
  47500.00    31.0227
  47510.00    31.0884
  47520.00    31.1752
  47530.00    31.2097
  47540.00    30.9331
  47550.00    30.8443
  47560.00    30.8179
  47570.00    31.6734
  47580.00    30.8334
  47590.00    30.8319
  47600.00    31.0926
  47610.00    31.0567
  47620.00    31.0852
  47630.00    30.7270
  47640.00    31.2103
  47650.00    30.9282
  47660.00    30.7590
  47670.00    30.9267
  47680.00    31.2029
  47690.00    31.1965
  47700.00    30.5746
  47710.00    30.6758
  47720.00    30.7496
  47730.00    30.7606
  47740.00    30.9177
  47750.00    31.3962
  47760.00    30.9146
  47770.00    30.8434
  47780.00    31.2307
  47790.00    31.1481
  47800.00    30.5932
  47810.00    31.2591
  47820.00    30.7791
  47830.00    30.8323
  47840.00    30.8869
  47850.00    30.9604
  47860.00    30.9326
  47870.00    31.2032
  47880.00    30.7553
  47890.00    31.0848
  47900.00    31.2243
  47910.00    31.1560
  47920.00    30.7400
  47930.00    31.2437
  47940.00    30.8872
  47950.00    30.6758
  47960.00    31.4531
  47970.00    31.0937
  47980.00    30.7407
  47990.00    30.4087
  48000.00    31.0492
  48010.00    31.1192
  48020.00    30.9185
  48030.00    31.5149
  48040.00    30.9570
  48050.00    30.7584
  48060.00    30.7330
  48070.00    30.8338
  48080.00    31.1470
  48090.00    30.8191
  48100.00    31.4025
  48110.00    31.0658
  48120.00    31.0618
  48130.00    31.1798
  48140.00    31.5128
  48150.00    30.9894
  48160.00    31.1361
  48170.00    31.1267
  48180.00    31.4010
  48190.00    31.0096
  48200.00    31.0176
  48210.00    31.2244
  48220.00    31.4219
  48230.00    30.6332
  48240.00    30.8619
  48250.00    31.3045
  48260.00    30.7347
  48270.00    31.0498
  48280.00    31.0840
  48290.00    31.9373
  48300.00    31.0854
  48310.00    31.2123
  48320.00    31.0414
  48330.00    30.8931
  48340.00    31.0611
  48350.00    30.7897
  48360.00    30.9531
  48370.00    30.3346
  48380.00    30.5140
  48390.00    30.6798
  48400.00    30.9810
  48410.00    30.4584
  48420.00    30.9706
  48430.00    30.5424
  48440.00    31.3366
  48450.00    31.2631
  48460.00    30.7796
  48470.00    31.1290
  48480.00    30.1782
  48490.00    31.3455
  48500.00    31.1001
  48510.00    30.7961
  48520.00    30.7082
  48530.00    31.3711
  48540.00    30.8674
  48550.00    30.6940
  48560.00    30.8883
  48570.00    31.2576
  48580.00    30.6636
  48590.00    30.8130
  48600.00    30.5697
  48610.00    31.2586
  48620.00    31.0822
  48630.00    30.7037
  48640.00    31.1864
  48650.00    31.1481
  48660.00    31.0455
  48670.00    31.3295
  48680.00    30.4810
  48690.00    30.9369
  48700.00    30.2147
  48710.00    30.3047
  48720.00    30.9836
  48730.00    31.1034
  48740.00    31.4219
  48750.00    30.8860
  48760.00    31.1101
  48770.00    30.8900
  48780.00    30.8176
  48790.00    31.3257
  48800.00    30.8358
  48810.00    30.9275
  48820.00    30.9581
  48830.00    30.6073
  48840.00    30.8507
  48850.00    31.0515
  48860.00    30.7834
  48870.00    31.1499
  48880.00    31.1008
  48890.00    31.6154
  48900.00    30.8305
  48910.00    30.8034
  48920.00    30.3048
  48930.00    31.0279
  48940.00    30.5750
  48950.00    30.9027
  48960.00    31.1279
  48970.00    30.7451
  48980.00    31.0763
  48990.00    30.3371
  49000.00    30.9048
  49010.00    30.9586
  49020.00    30.8070
  49030.00    31.0376
  49040.00    30.6035
  49050.00    31.0285
  49060.00    31.2025
  49070.00    30.7650
  49080.00    31.2417
  49090.00    30.9598
  49100.00    30.7231
  49110.00    30.5750
  49120.00    30.8884
  49130.00    31.4656
  49140.00    30.8632
  49150.00    30.6829
  49160.00    30.4897
  49170.00    31.1431
  49180.00    31.1952
  49190.00    30.6481
  49200.00    30.8682
  49210.00    31.1205
  49220.00    31.3230
  49230.00    31.3046
  49240.00    31.5531
  49250.00    30.3629
  49260.00    31.1308
  49270.00    31.0491
  49280.00    30.9871
  49290.00    31.1547
  49300.00    31.6207
  49310.00    30.9493
  49320.00    31.2269
  49330.00    30.7177
  49340.00    30.4037
  49350.00    30.8475
  49360.00    30.9473
  49370.00    31.1036
  49380.00    30.4093
  49390.00    30.6594
  49400.00    31.4283
  49410.00    30.7167
  49420.00    31.2675
  49430.00    31.1962
  49440.00    30.8019
  49450.00    31.0204
  49460.00    31.4007
  49470.00    31.1160
  49480.00    30.8555
  49490.00    30.8830
  49500.00    30.7837
  49510.00    30.6696
  49520.00    30.9519
  49530.00    30.4910
  49540.00    31.2019
  49550.00    31.4099
  49560.00    31.2117
  49570.00    31.0646
  49580.00    30.8626
  49590.00    31.6886
  49600.00    31.3684
  49610.00    31.0833
  49620.00    30.8540
  49630.00    30.8931
  49640.00    31.0881
  49650.00    31.6138
  49660.00    31.1395
  49670.00    30.7883
  49680.00    30.8252
  49690.00    30.9215
  49700.00    30.7449
  49710.00    31.0310
  49720.00    31.0012
  49730.00    30.9618
  49740.00    30.9848
  49750.00    31.1592
  49760.00    31.3408
  49770.00    30.9620
  49780.00    31.0392
  49790.00    31.5451
  49800.00    31.2088
  49810.00    31.2328
  49820.00    31.5803
  49830.00    30.4597
  49840.00    30.8213
  49850.00    30.6911
  49860.00    30.6370
  49870.00    31.6420
  49880.00    31.0242
  49890.00    31.0206
  49900.00    31.2655
  49910.00    31.0105
  49920.00    30.8402
  49930.00    31.0311
  49940.00    31.0090
  49950.00    31.4527
  49960.00    30.7929
  49970.00    31.3745
  49980.00    31.0999
  49990.00    30.9528
  50000.00    31.1095
