     10.00    19.4018
     20.00    19.0959
     30.00    18.7438
     40.00    19.2667
     50.00    18.5407
     60.00    18.4917
     70.00    18.4419
     80.00    19.0378
     90.00    19.2772
    100.00    18.8876
    110.00    19.0742
    120.00    18.5969
    130.00    19.1878
    140.00    18.7844
    150.00    19.3007
    160.00    18.6626
    170.00    19.5292
    180.00    19.0172
    190.00    18.4721
    200.00    19.0394
    210.00    18.8537
    220.00    18.7953
    230.00    19.0574
    240.00    19.4872
    250.00    18.5798
    260.00    19.1777
    270.00    18.9869
    280.00    18.9633
    290.00    18.8745
    300.00    19.1970
    310.00    18.8242
    320.00    18.7812
    330.00    19.0959
    340.00    19.1854
    350.00    18.7290
    360.00    19.3497
    370.00    19.0539
    380.00    18.6044
    390.00    18.9511
    400.00    19.0623
    410.00    18.8625
    420.00    18.8768
    430.00    19.0985
    440.00    19.0673
    450.00    19.1088
    460.00    18.5941
    470.00    19.0871
    480.00    18.5530
    490.00    18.9252
    500.00    18.7662
    510.00    18.2663
    520.00    18.7852
    530.00    18.6485
    540.00    19.1413
    550.00    19.1722
    560.00    18.9478
    570.00    19.4466
    580.00    19.4219
    590.00    19.2975
    600.00    18.9714
    610.00    19.0502
    620.00    18.4419
    630.00    19.3875
    640.00    19.8540
    650.00    18.6597
    660.00    19.0540
    670.00    18.8707
    680.00    19.3168
    690.00    18.5009
    700.00    18.8619
    710.00    19.4421
    720.00    18.8054
    730.00    19.9253
    740.00    18.8740
    750.00    19.1619
    760.00    18.9319
    770.00    18.9608
    780.00    18.4926
    790.00    18.7694
    800.00    18.7464
    810.00    19.1033
    820.00    19.0225
    830.00    18.9163
    840.00    19.0332
    850.00    18.8510
    860.00    18.4729
    870.00    18.9277
    880.00    18.9195
    890.00    18.5650
    900.00    19.4665
    910.00    18.7563
    920.00    18.7970
    930.00    18.6933
    940.00    19.0470
    950.00    18.8243
    960.00    19.0275
    970.00    18.7355
    980.00    18.4913
    990.00    19.0714
   1000.00    18.8253
   1010.00    18.9261
   1020.00    18.8388
   1030.00    18.7676
   1040.00    18.9398
   1050.00    19.3274
   1060.00    19.2360
   1070.00    18.9265
   1080.00    19.1130
   1090.00    19.1783
   1100.00    18.9419
   1110.00    19.1059
   1120.00    18.8227
   1130.00    18.6700
   1140.00    18.1455
   1150.00    19.2060
   1160.00    18.8409
   1170.00    18.3890
   1180.00    18.9366
   1190.00    18.8109
   1200.00    19.0999
   1210.00    18.6378
   1220.00    19.0289
   1230.00    18.8969
   1240.00    18.9678
   1250.00    19.0544
   1260.00    18.4098
   1270.00    19.0978
   1280.00    19.2163
   1290.00    18.6707
   1300.00    18.5865
   1310.00    19.0017
   1320.00    18.8344
   1330.00    18.8967
   1340.00    19.2859
   1350.00    18.9683
   1360.00    19.8422
   1370.00    19.2018
   1380.00    19.3303
   1390.00    19.0437
   1400.00    19.5711
   1410.00    18.9547
   1420.00    19.5940
   1430.00    19.3332
   1440.00    19.1299
   1450.00    19.0012
   1460.00    19.1792
   1470.00    19.2238
   1480.00    18.9152
   1490.00    18.9192
   1500.00    19.0575
   1510.00    19.0017
   1520.00    19.5757
   1530.00    19.5912
   1540.00    19.1054
   1550.00    19.5512
   1560.00    19.1324
   1570.00    19.0905
   1580.00    18.9424
   1590.00    18.8814
   1600.00    18.7036
   1610.00    19.0135
   1620.00    18.7813
   1630.00    18.8141
   1640.00    19.1470
   1650.00    18.4928
   1660.00    18.7940
   1670.00    19.1114
   1680.00    18.3304
   1690.00    18.6777
   1700.00    18.2755
   1710.00    18.9880
   1720.00    18.8101
   1730.00    19.4755
   1740.00    19.1090
   1750.00    18.9771
   1760.00    19.4664
   1770.00    19.3116
   1780.00    18.8871
   1790.00    19.1008
   1800.00    18.9899
   1810.00    18.5106
   1820.00    18.9671
   1830.00    18.5486
   1840.00    19.2586
   1850.00    18.9312
   1860.00    19.0650
   1870.00    18.7472
   1880.00    18.7801
   1890.00    18.6994
   1900.00    18.7604
   1910.00    18.9176
   1920.00    19.1171
   1930.00    18.5383
   1940.00    18.4557
   1950.00    19.1106
   1960.00    18.9605
   1970.00    18.2212
   1980.00    18.5912
   1990.00    18.7080
   2000.00    19.0899
   2010.00    18.6080
   2020.00    18.8860
   2030.00    19.3151
   2040.00    19.2771
   2050.00    19.3707
   2060.00    19.1077
   2070.00    19.2453
   2080.00    19.1655
   2090.00    18.9726
   2100.00    18.8147
   2110.00    18.2322
   2120.00    19.0274
   2130.00    19.1896
   2140.00    18.8496
   2150.00    18.8413
   2160.00    19.1243
   2170.00    19.1563
   2180.00    18.6908
   2190.00    18.4604
   2200.00    19.1741
   2210.00    19.1442
   2220.00    18.8435
   2230.00    19.3791
   2240.00    19.1877
   2250.00    18.6258
   2260.00    18.8911
   2270.00    18.6929
   2280.00    19.2124
   2290.00    18.9932
   2300.00    19.0073
   2310.00    19.1616
   2320.00    18.8615
   2330.00    19.2366
   2340.00    19.0877
   2350.00    18.9014
   2360.00    18.5755
   2370.00    19.0530
   2380.00    18.7293
   2390.00    18.7414
   2400.00    18.3824
   2410.00    18.9839
   2420.00    18.7373
   2430.00    18.9636
   2440.00    19.3043
   2450.00    18.7578
   2460.00    18.9939
   2470.00    18.8332
   2480.00    19.4581
   2490.00    18.5808
   2500.00    18.7301
   2510.00    18.6827
   2520.00    18.8696
   2530.00    18.5796
   2540.00    18.8621
   2550.00    19.0591
   2560.00    19.1300
   2570.00    19.0163
   2580.00    18.9263
   2590.00    18.8402
   2600.00    18.7997
   2610.00    18.6023
   2620.00    18.4120
   2630.00    18.9223
   2640.00    18.8417
   2650.00    18.3778
   2660.00    18.6313
   2670.00    18.7119
   2680.00    19.6916
   2690.00    18.8035
   2700.00    18.8385
   2710.00    18.7958
   2720.00    18.9472
   2730.00    18.5706
   2740.00    18.7479
   2750.00    18.7331
   2760.00    19.0895
   2770.00    19.1494
   2780.00    19.1982
   2790.00    18.9795
   2800.00    19.0941
   2810.00    19.0493
   2820.00    19.0261
   2830.00    19.0111
   2840.00    19.5786
   2850.00    18.9048
   2860.00    18.6009
   2870.00    18.9499
   2880.00    18.9095
   2890.00    18.7507
   2900.00    19.3113
   2910.00    19.1345
   2920.00    19.0084
   2930.00    18.7268
   2940.00    19.5543
   2950.00    19.3273
   2960.00    19.1566
   2970.00    18.9069
   2980.00    18.9680
   2990.00    19.2633
   3000.00    19.4786
   3010.00    19.0075
   3020.00    19.0207
   3030.00    19.4221
   3040.00    19.0993
   3050.00    19.1140
   3060.00    18.5239
   3070.00    18.9502
   3080.00    18.9485
   3090.00    18.8301
   3100.00    19.0014
   3110.00    18.8041
   3120.00    19.1888
   3130.00    19.0880
   3140.00    18.9932
   3150.00    18.7978
   3160.00    19.0486
   3170.00    18.7665
   3180.00    18.6786
   3190.00    18.6986
   3200.00    18.8829
   3210.00    18.8715
   3220.00    19.2112
   3230.00    18.4628
   3240.00    19.1652
   3250.00    18.6477
   3260.00    19.1731
   3270.00    18.6720
   3280.00    18.4914
   3290.00    18.9933
   3300.00    18.3824
   3310.00    19.2220
   3320.00    18.6701
   3330.00    18.7045
   3340.00    18.9553
   3350.00    18.7319
   3360.00    19.0539
   3370.00    18.5549
   3380.00    19.4555
   3390.00    18.4142
   3400.00    18.6283
   3410.00    18.2910
   3420.00    19.1417
   3430.00    19.1222
   3440.00    19.3304
   3450.00    18.6937
   3460.00    18.8426
   3470.00    18.3896
   3480.00    19.0472
   3490.00    18.5838
   3500.00    18.9318
   3510.00    18.8559
   3520.00    18.8292
   3530.00    19.0492
   3540.00    19.3120
   3550.00    18.2411
   3560.00    18.6336
   3570.00    18.8493
   3580.00    19.2416
   3590.00    19.1884
   3600.00    19.3668
   3610.00    18.8301
   3620.00    19.0056
   3630.00    19.1064
   3640.00    18.6031
   3650.00    19.4489
   3660.00    18.5372
   3670.00    18.6035
   3680.00    19.7846
   3690.00    18.9748
   3700.00    18.6543
   3710.00    18.4590
   3720.00    18.7417
   3730.00    19.1297
   3740.00    19.1744
   3750.00    19.1625
   3760.00    18.1870
   3770.00    18.6587
   3780.00    18.5386
   3790.00    18.5222
   3800.00    18.9966
   3810.00    18.5848
   3820.00    18.6632
   3830.00    19.0120
   3840.00    18.6796
   3850.00    18.9634
   3860.00    19.1512
   3870.00    18.9603
   3880.00    18.7547
   3890.00    19.3048
   3900.00    18.7360
   3910.00    19.1190
   3920.00    19.1892
   3930.00    18.8389
   3940.00    19.2746
   3950.00    19.4014
   3960.00    18.9443
   3970.00    19.4046
   3980.00    18.9561
   3990.00    19.2122
   4000.00    18.8695
   4010.00    18.5557
   4020.00    18.7178
   4030.00    19.3701
   4040.00    18.8261
   4050.00    19.0885
   4060.00    18.8330
   4070.00    19.0807
   4080.00    18.3831
   4090.00    18.8610
   4100.00    18.9682
   4110.00    18.7094
   4120.00    18.4050
   4130.00    19.7194
   4140.00    18.8636
   4150.00    18.7719
   4160.00    19.2335
   4170.00    19.5813
   4180.00    19.3622
   4190.00    18.6733
   4200.00    19.2176
   4210.00    19.2140
   4220.00    19.1361
   4230.00    19.1385
   4240.00    18.6120
   4250.00    18.2595
   4260.00    18.6034
   4270.00    18.8753
   4280.00    19.0253
   4290.00    18.5408
   4300.00    18.6711
   4310.00    19.1243
   4320.00    19.2771
   4330.00    18.8992
   4340.00    19.0968
   4350.00    18.8691
   4360.00    19.3445
   4370.00    18.9973
   4380.00    19.4127
   4390.00    18.6909
   4400.00    19.1241
   4410.00    18.9945
   4420.00    19.0349
   4430.00    18.9115
   4440.00    18.7714
   4450.00    19.5491
   4460.00    19.1203
   4470.00    19.2325
   4480.00    19.1584
   4490.00    19.0206
   4500.00    18.9540
   4510.00    19.0797
   4520.00    19.0872
   4530.00    18.9946
   4540.00    18.8251
   4550.00    19.2965
   4560.00    18.7689
   4570.00    18.7830
   4580.00    19.2170
   4590.00    18.8175
   4600.00    19.2524
   4610.00    18.9202
   4620.00    19.0316
   4630.00    18.6984
   4640.00    19.0604
   4650.00    18.9293
   4660.00    18.6308
   4670.00    19.2796
   4680.00    19.0768
   4690.00    18.5820
   4700.00    19.2129
   4710.00    18.2000
   4720.00    18.7855
   4730.00    19.0189
   4740.00    19.2465
   4750.00    18.6065
   4760.00    18.7621
   4770.00    18.9845
   4780.00    18.6386
   4790.00    18.7899
   4800.00    18.8148
   4810.00    18.8917
   4820.00    18.8054
   4830.00    18.6756
   4840.00    19.1784
   4850.00    18.7992
   4860.00    18.8145
   4870.00    18.6606
   4880.00    18.5864
   4890.00    18.8491
   4900.00    19.3191
   4910.00    19.2121
   4920.00    18.8948
   4930.00    18.6239
   4940.00    18.5333
   4950.00    19.1127
   4960.00    18.8036
   4970.00    19.0511
   4980.00    19.1301
   4990.00    19.1849
   5000.00    19.3126
   5010.00    18.8993
   5020.00    18.4426
   5030.00    18.7710
   5040.00    18.9880
   5050.00    18.9301
   5060.00    19.2460
   5070.00    18.9576
   5080.00    18.6468
   5090.00    19.2270
   5100.00    18.9308
   5110.00    19.1987
   5120.00    18.6095
   5130.00    18.7666
   5140.00    18.8629
   5150.00    18.8788
   5160.00    18.7893
   5170.00    18.5539
   5180.00    18.7843
   5190.00    18.9513
   5200.00    19.0947
   5210.00    18.8258
   5220.00    18.9065
   5230.00    19.3792
   5240.00    19.0604
   5250.00    18.7138
   5260.00    19.1033
   5270.00    19.0583
   5280.00    18.6982
   5290.00    18.9172
   5300.00    18.8143
   5310.00    19.5544
   5320.00    18.9074
   5330.00    18.7516
   5340.00    18.3751
   5350.00    18.4768
   5360.00    18.9009
   5370.00    18.8862
   5380.00    18.8251
   5390.00    19.4024
   5400.00    18.9282
   5410.00    19.5948
   5420.00    18.4725
   5430.00    18.7745
   5440.00    19.0678
   5450.00    18.7645
   5460.00    18.8197
   5470.00    18.9729
   5480.00    18.7583
   5490.00    18.8063
   5500.00    18.9684
   5510.00    18.7620
   5520.00    18.6935
   5530.00    19.3336
   5540.00    19.2956
   5550.00    19.1276
   5560.00    18.7572
   5570.00    18.8141
   5580.00    18.7775
   5590.00    18.6093
   5600.00    19.3205
   5610.00    18.5678
   5620.00    18.8480
   5630.00    18.7712
   5640.00    18.9316
   5650.00    18.7344
   5660.00    18.5363
   5670.00    19.2343
   5680.00    18.8803
   5690.00    19.2352
   5700.00    18.8035
   5710.00    18.5587
   5720.00    18.4679
   5730.00    18.7417
   5740.00    19.5037
   5750.00    19.0231
   5760.00    19.0840
   5770.00    18.9862
   5780.00    19.2262
   5790.00    19.7673
   5800.00    18.5947
   5810.00    19.3491
   5820.00    19.2933
   5830.00    19.2180
   5840.00    19.0183
   5850.00    18.7270
   5860.00    18.8752
   5870.00    19.0139
   5880.00    18.4500
   5890.00    18.9199
   5900.00    19.0376
   5910.00    19.3860
   5920.00    19.0856
   5930.00    18.9425
   5940.00    18.7304
   5950.00    18.8316
   5960.00    19.2875
   5970.00    19.3312
   5980.00    18.8496
   5990.00    19.6184
   6000.00    19.4872
   6010.00    19.1024
   6020.00    19.4213
   6030.00    19.3045
   6040.00    19.4635
   6050.00    19.0038
   6060.00    18.6018
   6070.00    19.1530
   6080.00    18.5244
   6090.00    18.7566
   6100.00    19.2170
   6110.00    19.0437
   6120.00    18.7150
   6130.00    19.3883
   6140.00    18.2328
   6150.00    18.8300
   6160.00    18.7239
   6170.00    19.1053
   6180.00    19.3666
   6190.00    19.1466
   6200.00    19.2701
   6210.00    19.0468
   6220.00    19.2128
   6230.00    19.1378
   6240.00    19.2863
   6250.00    19.0714
   6260.00    18.9970
   6270.00    18.8056
   6280.00    18.9228
   6290.00    18.7526
   6300.00    19.1157
   6310.00    19.0885
   6320.00    19.1584
   6330.00    18.9897
   6340.00    19.2953
   6350.00    19.2078
   6360.00    19.2178
   6370.00    19.2890
   6380.00    19.3119
   6390.00    19.3350
   6400.00    19.0304
   6410.00    18.9495
   6420.00    18.9408
   6430.00    18.7988
   6440.00    18.5998
   6450.00    18.9002
   6460.00    18.8407
   6470.00    19.0007
   6480.00    18.9740
   6490.00    19.1904
   6500.00    19.2754
   6510.00    18.8847
   6520.00    18.9999
   6530.00    19.2502
   6540.00    19.0826
   6550.00    18.6866
   6560.00    18.8281
   6570.00    18.8404
   6580.00    19.0631
   6590.00    19.0018
   6600.00    19.2039
   6610.00    18.9461
   6620.00    18.7111
   6630.00    19.0086
   6640.00    19.3242
   6650.00    18.7577
   6660.00    18.2162
   6670.00    18.8467
   6680.00    18.8622
   6690.00    19.2341
   6700.00    19.1403
   6710.00    18.8102
   6720.00    19.2714
   6730.00    18.9385
   6740.00    19.0709
   6750.00    19.2580
   6760.00    19.1032
   6770.00    19.4617
   6780.00    19.1645
   6790.00    19.0650
   6800.00    19.0344
   6810.00    18.2141
   6820.00    18.9067
   6830.00    18.5617
   6840.00    18.7352
   6850.00    18.7011
   6860.00    19.2871
   6870.00    18.9448
   6880.00    18.8125
   6890.00    18.8800
   6900.00    18.4557
   6910.00    19.4481
   6920.00    18.2427
   6930.00    18.3598
   6940.00    18.8002
   6950.00    18.8928
   6960.00    18.7117
   6970.00    19.4192
   6980.00    18.7964
   6990.00    18.6873
   7000.00    19.0669
   7010.00    18.6129
   7020.00    18.9452
   7030.00    18.7962
   7040.00    19.4284
   7050.00    19.1025
   7060.00    18.6903
   7070.00    19.4235
   7080.00    19.4826
   7090.00    18.8464
   7100.00    18.8068
   7110.00    19.1086
   7120.00    19.4080
   7130.00    19.7079
   7140.00    19.4285
   7150.00    18.9207
   7160.00    19.1757
   7170.00    18.4317
   7180.00    19.0737
   7190.00    19.1990
   7200.00    18.6650
   7210.00    18.9665
   7220.00    18.7990
   7230.00    19.1071
   7240.00    19.3503
   7250.00    19.0317
   7260.00    19.0572
   7270.00    19.0564
   7280.00    18.9324
   7290.00    19.0596
   7300.00    18.8554
   7310.00    19.0362
   7320.00    18.8651
   7330.00    18.9318
   7340.00    19.2056
   7350.00    19.3756
   7360.00    18.9245
   7370.00    18.6779
   7380.00    19.1655
   7390.00    19.1594
   7400.00    18.6999
   7410.00    19.0988
   7420.00    18.4653
   7430.00    18.6316
   7440.00    19.0271
   7450.00    18.5686
   7460.00    18.6775
   7470.00    18.6262
   7480.00    19.1400
   7490.00    19.1007
   7500.00    18.4003
   7510.00    19.2128
   7520.00    18.6667
   7530.00    19.8029
   7540.00    18.6832
   7550.00    18.9211
   7560.00    18.8220
   7570.00    18.8615
   7580.00    18.6350
   7590.00    19.2428
   7600.00    19.2599
   7610.00    18.4864
   7620.00    19.3229
   7630.00    18.1016
   7640.00    18.8488
   7650.00    18.5079
   7660.00    18.9939
   7670.00    19.3245
   7680.00    19.1315
   7690.00    19.0570
   7700.00    19.2227
   7710.00    18.8584
   7720.00    19.1435
   7730.00    18.9363
   7740.00    18.6913
   7750.00    19.0179
   7760.00    18.9694
   7770.00    19.3573
   7780.00    19.7877
   7790.00    19.0549
   7800.00    19.1426
   7810.00    19.2555
   7820.00    19.2978
   7830.00    19.2758
   7840.00    19.2361
   7850.00    19.0872
   7860.00    18.9149
   7870.00    19.2485
   7880.00    18.7795
   7890.00    19.4061
   7900.00    18.7794
   7910.00    18.8970
   7920.00    19.0918
   7930.00    18.8783
   7940.00    18.5389
   7950.00    18.9925
   7960.00    19.0487
   7970.00    18.5453
   7980.00    18.9258
   7990.00    19.1698
   8000.00    19.0731
   8010.00    19.2499
   8020.00    19.4231
   8030.00    19.3333
   8040.00    19.0460
   8050.00    19.0270
   8060.00    18.9274
   8070.00    19.2758
   8080.00    19.2884
   8090.00    18.7451
   8100.00    19.0849
   8110.00    18.9459
   8120.00    18.5298
   8130.00    18.7293
   8140.00    18.7529
   8150.00    18.9760
   8160.00    19.1664
   8170.00    19.0560
   8180.00    18.7695
   8190.00    19.2862
   8200.00    18.7441
   8210.00    18.6103
   8220.00    18.7949
   8230.00    19.1085
   8240.00    18.5299
   8250.00    18.9266
   8260.00    18.9632
   8270.00    18.7891
   8280.00    19.1542
   8290.00    19.2984
   8300.00    18.8250
   8310.00    18.5825
   8320.00    18.8876
   8330.00    19.1105
   8340.00    18.9870
   8350.00    18.8426
   8360.00    19.4710
   8370.00    18.7793
   8380.00    19.3308
   8390.00    18.9591
   8400.00    19.1042
   8410.00    19.3258
   8420.00    18.5811
   8430.00    19.0234
   8440.00    19.2647
   8450.00    18.8825
   8460.00    19.0886
   8470.00    18.9281
   8480.00    18.9287
   8490.00    19.1859
   8500.00    19.2296
   8510.00    19.0740
   8520.00    18.5919
   8530.00    19.1207
   8540.00    18.7027
   8550.00    18.2946
   8560.00    18.9235
   8570.00    18.5707
   8580.00    19.3048
   8590.00    18.7788
   8600.00    19.1659
   8610.00    18.4642
   8620.00    18.2059
   8630.00    18.8606
   8640.00    19.0996
   8650.00    18.7474
   8660.00    19.4479
   8670.00    19.4050
   8680.00    19.4873
   8690.00    19.4062
   8700.00    18.8721
   8710.00    19.0649
   8720.00    19.2779
   8730.00    19.3100
   8740.00    18.7594
   8750.00    18.8252
   8760.00    18.7017
   8770.00    19.1461
   8780.00    19.0618
   8790.00    19.0551
   8800.00    19.4424
   8810.00    19.3774
   8820.00    18.8184
   8830.00    18.8196
   8840.00    19.2650
   8850.00    18.6089
   8860.00    18.5720
   8870.00    18.6865
   8880.00    18.7447
   8890.00    19.1851
   8900.00    18.6972
   8910.00    19.0142
   8920.00    18.9037
   8930.00    18.6839
   8940.00    18.8056
   8950.00    18.8342
   8960.00    18.6079
   8970.00    19.2056
   8980.00    18.8900
   8990.00    18.8231
   9000.00    19.1014
   9010.00    18.9768
   9020.00    19.0056
   9030.00    19.0222
   9040.00    18.8866
   9050.00    18.8361
   9060.00    19.0823
   9070.00    18.6783
   9080.00    18.8072
   9090.00    19.2389
   9100.00    18.7857
   9110.00    18.6929
   9120.00    18.7210
   9130.00    18.9242
   9140.00    19.1620
   9150.00    18.7686
   9160.00    18.8367
   9170.00    19.2225
   9180.00    18.6725
   9190.00    18.5967
   9200.00    18.9300
   9210.00    19.1537
   9220.00    18.9859
   9230.00    18.4076
   9240.00    18.9100
   9250.00    18.8215
   9260.00    18.9583
   9270.00    18.8623
   9280.00    18.8495
   9290.00    19.1491
   9300.00    19.6091
   9310.00    18.9174
   9320.00    18.7771
   9330.00    18.6735
   9340.00    19.0977
   9350.00    18.9267
   9360.00    18.8996
   9370.00    19.3301
   9380.00    18.9147
   9390.00    18.9897
   9400.00    19.3405
   9410.00    19.0929
   9420.00    19.1570
   9430.00    18.9800
   9440.00    19.2520
   9450.00    19.0915
   9460.00    18.9574
   9470.00    19.0110
   9480.00    19.2047
   9490.00    19.2169
   9500.00    18.7840
   9510.00    18.9889
   9520.00    18.8189
   9530.00    19.3686
   9540.00    19.0830
   9550.00    19.3300
   9560.00    18.8807
   9570.00    19.0485
   9580.00    18.7624
   9590.00    19.1073
   9600.00    19.0595
   9610.00    18.8838
   9620.00    19.5842
   9630.00    18.9401
   9640.00    18.7223
   9650.00    18.9519
   9660.00    18.4901
   9670.00    19.0257
   9680.00    19.1894
   9690.00    19.6351
   9700.00    19.0224
   9710.00    19.3369
   9720.00    19.0234
   9730.00    18.9979
   9740.00    19.1245
   9750.00    18.9478
   9760.00    18.7790
   9770.00    19.0001
   9780.00    19.4483
   9790.00    19.0462
   9800.00    19.4363
   9810.00    19.0905
   9820.00    18.7696
   9830.00    18.6988
   9840.00    19.1480
   9850.00    19.0599
   9860.00    18.7141
   9870.00    19.1461
   9880.00    18.8416
   9890.00    18.7182
   9900.00    18.6826
   9910.00    19.2592
   9920.00    19.4243
   9930.00    19.3501
   9940.00    19.1742
   9950.00    19.2460
   9960.00    19.2135
   9970.00    19.2025
   9980.00    19.4246
   9990.00    19.3391
  10000.00    18.8597
  10010.00    19.5842
  10020.00    19.4348
  10030.00    18.9154
  10040.00    18.9999
  10050.00    19.0320
  10060.00    19.4760
  10070.00    18.9823
  10080.00    19.0388
  10090.00    19.3970
  10100.00    18.9424
  10110.00    19.1944
  10120.00    19.0804
  10130.00    19.0340
  10140.00    19.0258
  10150.00    19.0877
  10160.00    19.1042
  10170.00    19.0930
  10180.00    18.5519
  10190.00    18.7024
  10200.00    19.3697
  10210.00    19.2686
  10220.00    18.7811
  10230.00    19.1208
  10240.00    18.8884
  10250.00    18.9469
  10260.00    19.0126
  10270.00    19.1294
  10280.00    18.9709
  10290.00    18.7513
  10300.00    18.5853
  10310.00    18.9292
  10320.00    19.1956
  10330.00    18.7790
  10340.00    18.5171
  10350.00    19.1587
  10360.00    19.0735
  10370.00    18.8686
  10380.00    19.0358
  10390.00    18.8913
  10400.00    18.5154
  10410.00    18.9206
  10420.00    18.7725
  10430.00    19.2112
  10440.00    18.9088
  10450.00    19.2091
  10460.00    19.0106
  10470.00    19.1058
  10480.00    19.2303
  10490.00    18.6012
  10500.00    19.3158
  10510.00    18.4486
  10520.00    18.5806
  10530.00    19.0980
  10540.00    19.3842
  10550.00    18.9459
  10560.00    19.1793
  10570.00    19.7262
  10580.00    19.0301
  10590.00    19.0817
  10600.00    19.1706
  10610.00    19.3108
  10620.00    19.1772
  10630.00    18.7052
  10640.00    18.8035
  10650.00    19.1689
  10660.00    18.8064
  10670.00    18.5426
  10680.00    18.9782
  10690.00    18.7456
  10700.00    18.9612
  10710.00    18.6239
  10720.00    18.9675
  10730.00    19.0247
  10740.00    19.2282
  10750.00    19.1884
  10760.00    19.2777
  10770.00    19.4098
  10780.00    19.1836
  10790.00    18.9074
  10800.00    19.0256
  10810.00    19.0123
  10820.00    19.6670
  10830.00    19.0397
  10840.00    19.3106
  10850.00    19.4863
  10860.00    19.1070
  10870.00    18.8494
  10880.00    18.9026
  10890.00    18.6274
  10900.00    19.1362
  10910.00    18.6463
  10920.00    18.6603
  10930.00    19.0200
  10940.00    18.8449
  10950.00    18.7908
  10960.00    18.7139
  10970.00    18.8475
  10980.00    18.9955
  10990.00    18.9210
  11000.00    18.5350
  11010.00    18.6563
  11020.00    18.8895
  11030.00    19.1150
  11040.00    18.9084
  11050.00    19.2353
  11060.00    19.2578
  11070.00    19.1281
  11080.00    18.9927
  11090.00    18.9763
  11100.00    18.9202
  11110.00    18.9385
  11120.00    19.7376
  11130.00    18.6346
  11140.00    19.4907
  11150.00    18.8761
  11160.00    19.1141
  11170.00    19.0620
  11180.00    18.6614
  11190.00    19.2881
  11200.00    19.0411
  11210.00    18.7816
  11220.00    18.7607
  11230.00    19.1499
  11240.00    19.4813
  11250.00    19.5303
  11260.00    18.7068
  11270.00    18.7639
  11280.00    19.3165
  11290.00    19.2338
  11300.00    18.8149
  11310.00    19.3111
  11320.00    19.1045
  11330.00    18.8954
  11340.00    18.9586
  11350.00    18.9188
  11360.00    19.1111
  11370.00    19.4017
  11380.00    18.8795
  11390.00    19.2569
  11400.00    18.8793
  11410.00    18.6783
  11420.00    19.0895
  11430.00    19.0123
  11440.00    18.9599
  11450.00    18.5080
  11460.00    19.1294
  11470.00    18.7864
  11480.00    18.6651
  11490.00    18.5444
  11500.00    18.9006
  11510.00    18.7049
  11520.00    18.8047
  11530.00    18.7020
  11540.00    18.5596
  11550.00    18.5704
  11560.00    18.9054
  11570.00    18.6604
  11580.00    19.3213
  11590.00    18.9670
  11600.00    18.6624
  11610.00    18.9097
  11620.00    18.5328
  11630.00    18.3649
  11640.00    18.6803
  11650.00    19.1273
  11660.00    18.9520
  11670.00    19.0307
  11680.00    19.2131
  11690.00    18.8054
  11700.00    18.6695
  11710.00    19.1722
  11720.00    18.6295
  11730.00    19.3050
  11740.00    19.0424
  11750.00    18.4659
  11760.00    18.5523
  11770.00    19.0952
  11780.00    18.9657
  11790.00    19.1200
  11800.00    18.8307
  11810.00    19.1266
  11820.00    18.7635
  11830.00    18.8966
  11840.00    18.8407
  11850.00    18.8605
  11860.00    18.9945
  11870.00    17.9469
  11880.00    19.0047
  11890.00    18.8781
  11900.00    19.2407
  11910.00    19.6710
  11920.00    18.9494
  11930.00    19.0833
  11940.00    18.5160
  11950.00    19.1943
  11960.00    18.2796
  11970.00    18.8317
  11980.00    19.3864
  11990.00    18.9958
  12000.00    18.4379
  12010.00    19.2713
  12020.00    19.0312
  12030.00    18.9365
  12040.00    18.7904
  12050.00    19.2240
  12060.00    18.2861
  12070.00    18.8871
  12080.00    18.7844
  12090.00    19.0769
  12100.00    19.2327
  12110.00    19.1309
  12120.00    19.0215
  12130.00    18.9338
  12140.00    18.5403
  12150.00    19.1099
  12160.00    19.2182
  12170.00    19.6224
  12180.00    19.0335
  12190.00    18.8638
  12200.00    18.7614
  12210.00    19.3128
  12220.00    18.7355
  12230.00    19.0750
  12240.00    19.2691
  12250.00    18.4371
  12260.00    19.0171
  12270.00    18.8869
  12280.00    19.0849
  12290.00    19.1770
  12300.00    18.8175
  12310.00    18.9444
  12320.00    19.0311
  12330.00    19.1987
  12340.00    18.8566
  12350.00    19.4718
  12360.00    18.9321
  12370.00    18.8725
  12380.00    19.1614
  12390.00    18.5152
  12400.00    18.6282
  12410.00    19.5677
  12420.00    18.5443
  12430.00    19.3308
  12440.00    18.7793
  12450.00    18.9587
  12460.00    18.9375
  12470.00    18.9034
  12480.00    19.5836
  12490.00    19.3602
  12500.00    19.1841
  12510.00    19.2379
  12520.00    19.3179
  12530.00    18.7437
  12540.00    19.1341
  12550.00    19.1895
  12560.00    19.3781
  12570.00    19.4769
  12580.00    18.9389
  12590.00    18.6622
  12600.00    18.8979
  12610.00    18.5916
  12620.00    18.9874
  12630.00    18.4908
  12640.00    19.0208
  12650.00    18.9280
  12660.00    19.1998
  12670.00    18.9841
  12680.00    18.9697
  12690.00    18.9577
  12700.00    19.3732
  12710.00    19.4225
  12720.00    18.8833
  12730.00    19.0772
  12740.00    19.1130
  12750.00    19.1340
  12760.00    18.9039
  12770.00    19.0805
  12780.00    19.4691
  12790.00    19.0104
  12800.00    19.0792
  12810.00    19.0789
  12820.00    19.1285
  12830.00    19.0442
  12840.00    19.3293
  12850.00    19.4640
  12860.00    18.4533
  12870.00    18.7090
  12880.00    19.3546
  12890.00    19.5054
  12900.00    18.1738
  12910.00    19.0561
  12920.00    18.5257
  12930.00    18.9544
  12940.00    18.8634
  12950.00    19.0784
  12960.00    19.0193
  12970.00    18.6526
  12980.00    19.1410
  12990.00    18.5483
  13000.00    19.2725
  13010.00    18.6183
  13020.00    18.3672
  13030.00    18.9362
  13040.00    18.9054
  13050.00    19.2559
  13060.00    19.4913
  13070.00    19.0880
  13080.00    19.2400
  13090.00    19.0539
  13100.00    19.1915
  13110.00    18.7996
  13120.00    19.1255
  13130.00    18.8927
  13140.00    18.5666
  13150.00    19.0198
  13160.00    19.1469
  13170.00    19.2849
  13180.00    19.1900
  13190.00    18.7992
  13200.00    19.3757
  13210.00    19.2066
  13220.00    19.0703
  13230.00    18.9878
  13240.00    19.6073
  13250.00    19.0492
  13260.00    18.5191
  13270.00    19.5352
  13280.00    18.5305
  13290.00    18.8010
  13300.00    18.8122
  13310.00    18.4323
  13320.00    18.4678
  13330.00    18.5012
  13340.00    18.9706
  13350.00    18.7598
  13360.00    18.6875
  13370.00    19.0078
  13380.00    18.6285
  13390.00    18.8803
  13400.00    19.1607
  13410.00    18.8913
  13420.00    18.6907
  13430.00    18.7332
  13440.00    19.3316
  13450.00    18.9796
  13460.00    18.7605
  13470.00    18.7749
  13480.00    19.1391
  13490.00    18.9449
  13500.00    19.3103
  13510.00    19.0242
  13520.00    19.2146
  13530.00    19.0558
  13540.00    19.2098
  13550.00    19.1782
  13560.00    19.2608
  13570.00    18.6418
  13580.00    19.0960
  13590.00    18.6219
  13600.00    18.2750
  13610.00    18.8270
  13620.00    19.1183
  13630.00    19.1338
  13640.00    18.4457
  13650.00    18.6372
  13660.00    18.6743
  13670.00    18.6676
  13680.00    18.8391
  13690.00    19.1067
  13700.00    19.1861
  13710.00    18.6688
  13720.00    19.0261
  13730.00    18.8475
  13740.00    18.2516
  13750.00    18.4665
  13760.00    18.8905
  13770.00    19.1246
  13780.00    19.1990
  13790.00    18.6677
  13800.00    18.7745
  13810.00    18.6280
  13820.00    19.1307
  13830.00    18.9416
  13840.00    18.7005
  13850.00    19.0118
  13860.00    18.3978
  13870.00    18.8302
  13880.00    18.9522
  13890.00    19.0763
  13900.00    19.1743
  13910.00    18.8483
  13920.00    18.5367
  13930.00    19.1945
  13940.00    18.5042
  13950.00    18.6226
  13960.00    18.5588
  13970.00    19.0386
  13980.00    19.2749
  13990.00    18.9304
  14000.00    19.1921
  14010.00    19.2595
  14020.00    19.0036
  14030.00    19.0755
  14040.00    18.8576
  14050.00    18.6087
  14060.00    19.0060
  14070.00    18.8282
  14080.00    18.8907
  14090.00    18.4006
  14100.00    18.6561
  14110.00    18.9672
  14120.00    19.2165
  14130.00    18.8117
  14140.00    18.9184
  14150.00    18.6378
  14160.00    19.1038
  14170.00    19.5635
  14180.00    18.9544
  14190.00    19.3148
  14200.00    19.0789
  14210.00    18.9642
  14220.00    19.0069
  14230.00    18.6332
  14240.00    18.8222
  14250.00    18.2847
  14260.00    19.1526
  14270.00    18.6921
  14280.00    19.2221
  14290.00    19.0129
  14300.00    18.7017
  14310.00    18.6359
  14320.00    19.1956
  14330.00    18.5458
  14340.00    19.3372
  14350.00    19.1359
  14360.00    18.9644
  14370.00    19.1198
  14380.00    18.9002
  14390.00    18.9502
  14400.00    19.5294
  14410.00    19.2154
  14420.00    18.9090
  14430.00    19.2139
  14440.00    18.9973
  14450.00    19.3629
  14460.00    18.6314
  14470.00    19.1212
  14480.00    18.6459
  14490.00    18.8280
  14500.00    18.8529
  14510.00    19.2550
  14520.00    18.8265
  14530.00    19.2654
  14540.00    18.8377
  14550.00    18.8943
  14560.00    18.9935
  14570.00    18.8113
  14580.00    18.5042
  14590.00    19.3765
  14600.00    18.6496
  14610.00    18.6101
  14620.00    19.2082
  14630.00    18.9345
  14640.00    18.8198
  14650.00    18.8982
  14660.00    19.1272
  14670.00    19.3671
  14680.00    18.9186
  14690.00    18.8685
  14700.00    18.7756
  14710.00    19.5133
  14720.00    18.5705
  14730.00    18.5972
  14740.00    19.1807
  14750.00    18.8165
  14760.00    18.8704
  14770.00    18.7881
  14780.00    19.2676
  14790.00    19.2369
  14800.00    19.3737
  14810.00    19.2201
  14820.00    18.8789
  14830.00    18.6745
  14840.00    19.2681
  14850.00    18.6590
  14860.00    18.9840
  14870.00    18.6106
  14880.00    18.7184
  14890.00    18.7140
  14900.00    18.6073
  14910.00    19.4274
  14920.00    19.2165
  14930.00    19.0345
  14940.00    18.6244
  14950.00    18.8513
  14960.00    19.1046
  14970.00    19.0664
  14980.00    18.8816
  14990.00    19.2593
  15000.00    18.8661
  15010.00    18.5785
  15020.00    18.6585
  15030.00    18.7390
  15040.00    18.6359
  15050.00    18.8500
  15060.00    18.8218
  15070.00    18.8680
  15080.00    18.7224
  15090.00    19.2444
  15100.00    19.1956
  15110.00    18.9613
  15120.00    19.0678
  15130.00    18.7857
  15140.00    18.9890
  15150.00    19.3346
  15160.00    19.3208
  15170.00    18.7936
  15180.00    19.2622
  15190.00    18.7963
  15200.00    18.6451
  15210.00    18.6769
  15220.00    18.6983
  15230.00    18.8748
  15240.00    18.8452
  15250.00    18.8158
  15260.00    19.3865
  15270.00    18.9401
  15280.00    19.2124
  15290.00    19.1725
  15300.00    19.3984
  15310.00    18.8264
  15320.00    19.2593
  15330.00    18.8705
  15340.00    18.8368
  15350.00    18.5281
  15360.00    19.2437
  15370.00    18.9835
  15380.00    18.6953
  15390.00    18.4701
  15400.00    18.4768
  15410.00    18.9431
  15420.00    19.0292
  15430.00    18.8726
  15440.00    18.8313
  15450.00    18.9110
  15460.00    18.7420
  15470.00    18.3491
  15480.00    18.4434
  15490.00    18.8081
  15500.00    18.3468
  15510.00    19.4004
  15520.00    18.6215
  15530.00    18.9562
  15540.00    19.1137
  15550.00    19.0686
  15560.00    18.4878
  15570.00    18.7980
  15580.00    19.2673
  15590.00    19.0751
  15600.00    18.6011
  15610.00    19.0387
  15620.00    18.5040
  15630.00    19.2829
  15640.00    18.7273
  15650.00    18.7780
  15660.00    18.7093
  15670.00    19.1110
  15680.00    18.5319
  15690.00    19.0755
  15700.00    18.9504
  15710.00    19.1145
  15720.00    18.7275
  15730.00    18.9585
  15740.00    18.8877
  15750.00    18.5569
  15760.00    19.0529
  15770.00    19.1552
  15780.00    19.2627
  15790.00    19.3478
  15800.00    18.7317
  15810.00    18.9370
  15820.00    19.4549
  15830.00    19.1682
  15840.00    18.5552
  15850.00    19.0945
  15860.00    18.4657
  15870.00    19.1515
  15880.00    19.1461
  15890.00    19.1263
  15900.00    18.3736
  15910.00    18.5548
  15920.00    19.2071
  15930.00    18.9801
  15940.00    18.9286
  15950.00    18.9231
  15960.00    18.8525
  15970.00    19.1203
  15980.00    18.8672
  15990.00    19.1717
  16000.00    18.8855
  16010.00    19.0363
  16020.00    18.8825
  16030.00    19.3545
  16040.00    19.0464
  16050.00    19.2270
  16060.00    18.4082
  16070.00    18.9344
  16080.00    18.6879
  16090.00    18.5372
  16100.00    18.8147
  16110.00    19.5087
  16120.00    19.1763
  16130.00    18.4600
  16140.00    19.0775
  16150.00    19.0246
  16160.00    18.6201
  16170.00    18.7815
  16180.00    18.3451
  16190.00    18.7996
  16200.00    19.7270
  16210.00    19.0410
  16220.00    19.0449
  16230.00    19.2435
  16240.00    18.8691
  16250.00    18.8106
  16260.00    18.8644
  16270.00    19.1867
  16280.00    19.1670
  16290.00    19.2253
  16300.00    19.1579
  16310.00    18.8542
  16320.00    18.7164
  16330.00    18.9435
  16340.00    18.9817
  16350.00    19.1466
  16360.00    19.0153
  16370.00    19.3021
  16380.00    18.6273
  16390.00    18.6601
  16400.00    18.9024
  16410.00    18.4059
  16420.00    18.9136
  16430.00    18.9492
  16440.00    19.0113
  16450.00    18.6480
  16460.00    18.9658
  16470.00    18.8697
  16480.00    18.8405
  16490.00    19.1096
  16500.00    18.5116
  16510.00    18.7669
  16520.00    18.4828
  16530.00    19.0641
  16540.00    18.5403
  16550.00    18.8759
  16560.00    18.9830
  16570.00    19.0340
  16580.00    18.6278
  16590.00    18.8110
  16600.00    18.7272
  16610.00    18.7114
  16620.00    18.9868
  16630.00    18.7934
  16640.00    19.5707
  16650.00    18.6649
  16660.00    18.5529
  16670.00    18.7326
  16680.00    18.7236
  16690.00    19.0053
  16700.00    19.0626
  16710.00    19.7385
  16720.00    19.3637
  16730.00    18.9646
  16740.00    18.3932
  16750.00    18.9001
  16760.00    18.6610
  16770.00    18.7884
  16780.00    18.8530
  16790.00    19.0727
  16800.00    18.8941
  16810.00    19.2037
  16820.00    18.7265
  16830.00    19.1244
  16840.00    19.5334
  16850.00    19.1449
  16860.00    18.7757
  16870.00    19.1763
  16880.00    19.7214
  16890.00    19.1501
  16900.00    18.6855
  16910.00    19.0616
  16920.00    18.6631
  16930.00    19.1151
  16940.00    18.4344
  16950.00    19.4402
  16960.00    19.6943
  16970.00    19.4673
  16980.00    18.8225
  16990.00    19.0597
  17000.00    19.3344
  17010.00    18.3754
  17020.00    18.6510
  17030.00    18.9130
  17040.00    19.3414
  17050.00    18.6500
  17060.00    18.4935
  17070.00    19.0880
  17080.00    18.6232
  17090.00    18.6914
  17100.00    19.2145
  17110.00    18.7572
  17120.00    19.4154
  17130.00    19.7246
  17140.00    18.9721
  17150.00    19.5508
  17160.00    18.6402
  17170.00    19.1755
  17180.00    18.5438
  17190.00    19.1879
  17200.00    18.4884
  17210.00    19.7393
  17220.00    18.9217
  17230.00    19.3258
  17240.00    19.0331
  17250.00    19.2424
  17260.00    19.1534
  17270.00    19.1299
  17280.00    18.9042
  17290.00    19.1014
  17300.00    18.7606
  17310.00    18.9202
  17320.00    19.1227
  17330.00    18.7979
  17340.00    18.4259
  17350.00    18.6763
  17360.00    18.4772
  17370.00    19.2110
  17380.00    18.7160
  17390.00    18.8704
  17400.00    18.7113
  17410.00    18.8380
  17420.00    18.5770
  17430.00    18.4825
  17440.00    18.8759
  17450.00    18.7505
  17460.00    19.0219
  17470.00    19.3132
  17480.00    19.0783
  17490.00    19.2067
  17500.00    19.0646
  17510.00    18.2259
  17520.00    19.6143
  17530.00    19.3104
  17540.00    18.7033
  17550.00    18.3204
  17560.00    19.1383
  17570.00    19.2667
  17580.00    19.1255
  17590.00    18.8682
  17600.00    19.1801
  17610.00    19.2854
  17620.00    18.4416
  17630.00    18.9007
  17640.00    18.5623
  17650.00    19.0883
  17660.00    18.5442
  17670.00    18.6918
  17680.00    18.5405
  17690.00    19.1021
  17700.00    18.8414
  17710.00    18.9160
  17720.00    19.0514
  17730.00    19.3373
  17740.00    19.0528
  17750.00    18.7029
  17760.00    19.2595
  17770.00    19.2721
  17780.00    18.9201
  17790.00    19.1991
  17800.00    19.1055
  17810.00    18.5494
  17820.00    19.0046
  17830.00    18.5832
  17840.00    19.3557
  17850.00    18.7211
  17860.00    18.9158
  17870.00    19.1500
  17880.00    18.6697
  17890.00    19.0857
  17900.00    18.9343
  17910.00    18.5919
  17920.00    18.8748
  17930.00    18.7740
  17940.00    18.8450
  17950.00    18.7387
  17960.00    19.0085
  17970.00    19.2172
  17980.00    18.8310
  17990.00    18.9828
  18000.00    19.1708
  18010.00    19.4468
  18020.00    18.7024
  18030.00    18.4662
  18040.00    19.1161
  18050.00    18.9050
  18060.00    19.6597
  18070.00    18.3856
  18080.00    19.1103
  18090.00    19.2759
  18100.00    19.1179
  18110.00    19.1498
  18120.00    19.0417
  18130.00    18.6975
  18140.00    19.1947
  18150.00    19.0780
  18160.00    18.5715
  18170.00    19.1943
  18180.00    18.7375
  18190.00    18.8570
  18200.00    18.9782
  18210.00    18.9167
  18220.00    19.2655
  18230.00    19.2313
  18240.00    18.9108
  18250.00    19.0578
  18260.00    18.5226
  18270.00    18.6404
  18280.00    18.4999
  18290.00    19.0787
  18300.00    18.9721
  18310.00    18.8344
  18320.00    18.9615
  18330.00    18.9747
  18340.00    18.9113
  18350.00    18.9077
  18360.00    19.5463
  18370.00    19.2573
  18380.00    19.0526
  18390.00    19.1387
  18400.00    19.3041
  18410.00    19.0956
  18420.00    18.9509
  18430.00    19.0351
  18440.00    18.5195
  18450.00    18.6101
  18460.00    18.7284
  18470.00    18.7712
  18480.00    19.0137
  18490.00    19.3759
  18500.00    18.9124
  18510.00    19.2014
  18520.00    18.8061
  18530.00    18.7542
  18540.00    18.5904
  18550.00    18.9534
  18560.00    19.4056
  18570.00    18.6408
  18580.00    18.8624
  18590.00    19.2337
  18600.00    19.3313
  18610.00    19.1780
  18620.00    19.2841
  18630.00    18.8401
  18640.00    19.1063
  18650.00    19.2649
  18660.00    18.9786
  18670.00    18.9830
  18680.00    19.4296
  18690.00    19.0937
  18700.00    18.9844
  18710.00    19.1729
  18720.00    18.9824
  18730.00    19.1231
  18740.00    18.4603
  18750.00    18.8214
  18760.00    18.6297
  18770.00    19.0363
  18780.00    18.9590
  18790.00    19.1182
  18800.00    19.3483
  18810.00    19.0367
  18820.00    18.7380
  18830.00    19.0824
  18840.00    19.1705
  18850.00    19.2056
  18860.00    18.8521
  18870.00    19.3586
  18880.00    19.5106
  18890.00    18.7646
  18900.00    18.9833
  18910.00    18.6591
  18920.00    18.5733
  18930.00    18.8533
  18940.00    19.2476
  18950.00    19.3951
  18960.00    18.8790
  18970.00    18.6603
  18980.00    18.3683
  18990.00    18.6831
  19000.00    18.7461
  19010.00    18.8286
  19020.00    18.7263
  19030.00    19.1118
  19040.00    18.4945
  19050.00    19.0718
  19060.00    19.0798
  19070.00    19.0296
  19080.00    18.6660
  19090.00    18.6790
  19100.00    18.3764
  19110.00    18.8546
  19120.00    18.5936
  19130.00    18.6509
  19140.00    18.6828
  19150.00    18.8476
  19160.00    18.7896
  19170.00    18.2065
  19180.00    18.7696
  19190.00    19.0802
  19200.00    19.1270
  19210.00    18.9183
  19220.00    18.7202
  19230.00    19.1203
  19240.00    19.1086
  19250.00    19.4152
  19260.00    19.0230
  19270.00    18.8335
  19280.00    19.2255
  19290.00    19.0956
  19300.00    18.6111
  19310.00    18.6545
  19320.00    18.7273
  19330.00    19.1884
  19340.00    19.1961
  19350.00    18.7268
  19360.00    19.1724
  19370.00    18.7487
  19380.00    19.3585
  19390.00    19.3856
  19400.00    18.5387
  19410.00    18.5340
  19420.00    19.3105
  19430.00    19.0840
  19440.00    18.8191
  19450.00    19.1019
  19460.00    18.9028
  19470.00    18.9067
  19480.00    19.1069
  19490.00    19.2659
  19500.00    18.8545
  19510.00    19.5288
  19520.00    18.5580
  19530.00    18.7154
  19540.00    18.9278
  19550.00    19.0281
  19560.00    18.7068
  19570.00    19.1358
  19580.00    18.6582
  19590.00    18.9947
  19600.00    19.2727
  19610.00    18.8250
  19620.00    18.8866
  19630.00    19.2168
  19640.00    19.1976
  19650.00    18.9180
  19660.00    18.7194
  19670.00    18.8493
  19680.00    19.2547
  19690.00    19.2711
  19700.00    18.7359
  19710.00    19.0420
  19720.00    18.7944
  19730.00    19.2126
  19740.00    18.9067
  19750.00    18.9253
  19760.00    18.7852
  19770.00    18.7764
  19780.00    18.3438
  19790.00    18.5907
  19800.00    19.0709
  19810.00    18.7982
  19820.00    19.0182
  19830.00    18.6409
  19840.00    19.0837
  19850.00    18.7466
  19860.00    19.2648
  19870.00    18.3913
  19880.00    19.3535
  19890.00    18.5116
  19900.00    18.7361
  19910.00    18.9937
  19920.00    18.4882
  19930.00    19.1278
  19940.00    19.5168
  19950.00    18.8376
  19960.00    18.9418
  19970.00    18.4363
  19980.00    18.5518
  19990.00    18.4503
  20000.00    18.8912
  20010.00    18.5787
  20020.00    19.0368
  20030.00    19.0212
  20040.00    18.9178
  20050.00    19.2661
  20060.00    18.5463
  20070.00    18.8782
  20080.00    18.6199
  20090.00    18.5824
  20100.00    18.7069
  20110.00    18.6416
  20120.00    18.4306
  20130.00    19.6191
  20140.00    18.6393
  20150.00    18.5295
  20160.00    18.6561
  20170.00    18.9035
  20180.00    19.0345
  20190.00    19.2177
  20200.00    18.5405
  20210.00    18.9455
  20220.00    19.2081
  20230.00    19.1110
  20240.00    18.6370
  20250.00    19.0050
  20260.00    19.2539
  20270.00    18.7273
  20280.00    19.5931
  20290.00    19.1122
  20300.00    19.6159
  20310.00    19.2715
  20320.00    19.0142
  20330.00    19.1820
  20340.00    18.8631
  20350.00    19.0862
  20360.00    18.4391
  20370.00    18.4810
  20380.00    18.6556
  20390.00    19.2937
  20400.00    18.9815
  20410.00    19.1710
  20420.00    19.1100
  20430.00    18.9724
  20440.00    19.5720
  20450.00    19.4224
  20460.00    19.5603
  20470.00    18.9562
  20480.00    19.2768
  20490.00    18.9122
  20500.00    18.6642
  20510.00    19.0634
  20520.00    19.0077
  20530.00    18.6713
  20540.00    19.4379
  20550.00    18.9838
  20560.00    19.4507
  20570.00    18.8583
  20580.00    19.4007
  20590.00    19.3007
  20600.00    19.0437
  20610.00    19.3452
  20620.00    19.1153
  20630.00    19.1805
  20640.00    19.0105
  20650.00    19.6514
  20660.00    19.2542
  20670.00    18.7463
  20680.00    19.2090
  20690.00    18.9703
  20700.00    18.9316
  20710.00    18.7650
  20720.00    18.5456
  20730.00    18.9560
  20740.00    18.9397
  20750.00    19.1793
  20760.00    19.1837
  20770.00    18.8392
  20780.00    18.2432
  20790.00    18.7648
  20800.00    18.9446
  20810.00    18.7338
  20820.00    19.1907
  20830.00    18.6508
  20840.00    19.2607
  20850.00    18.9911
  20860.00    19.6508
  20870.00    18.9314
  20880.00    19.2283
  20890.00    19.1400
  20900.00    18.9273
  20910.00    18.9539
  20920.00    19.1067
  20930.00    18.8507
  20940.00    18.4021
  20950.00    18.9533
  20960.00    18.8590
  20970.00    18.7145
  20980.00    18.8410
  20990.00    18.9739
  21000.00    18.7124
  21010.00    18.9596
  21020.00    18.7470
  21030.00    18.5873
  21040.00    19.1254
  21050.00    18.7620
  21060.00    18.7298
  21070.00    19.1087
  21080.00    19.1186
  21090.00    19.3274
  21100.00    19.6700
  21110.00    19.1529
  21120.00    19.4576
  21130.00    19.1466
  21140.00    19.3998
  21150.00    18.9600
  21160.00    19.3578
  21170.00    19.4660
  21180.00    18.7685
  21190.00    19.1938
  21200.00    19.5572
  21210.00    19.2555
  21220.00    18.9248
  21230.00    19.4727
  21240.00    19.1884
  21250.00    19.0454
  21260.00    19.7088
  21270.00    19.2013
  21280.00    19.1631
  21290.00    18.9402
  21300.00    18.9360
  21310.00    19.0235
  21320.00    18.5061
  21330.00    19.4810
  21340.00    18.9600
  21350.00    19.1221
  21360.00    19.0178
  21370.00    19.0230
  21380.00    19.3072
  21390.00    18.7139
  21400.00    19.0684
  21410.00    18.7172
  21420.00    19.4444
  21430.00    18.7554
  21440.00    18.9217
  21450.00    18.3542
  21460.00    18.9483
  21470.00    19.2473
  21480.00    19.0665
  21490.00    19.0606
  21500.00    18.8091
  21510.00    19.0631
  21520.00    18.9085
  21530.00    19.0752
  21540.00    18.6267
  21550.00    19.3917
  21560.00    18.8006
  21570.00    18.6107
  21580.00    18.9783
  21590.00    18.8799
  21600.00    19.4266
  21610.00    19.3510
  21620.00    19.0627
  21630.00    19.2297
  21640.00    18.5492
  21650.00    18.7635
  21660.00    18.8145
  21670.00    18.7283
  21680.00    18.6926
  21690.00    19.0951
  21700.00    19.4228
  21710.00    18.3664
  21720.00    19.3836
  21730.00    18.9885
  21740.00    18.8651
  21750.00    18.6074
  21760.00    19.0891
  21770.00    18.5966
  21780.00    18.5990
  21790.00    18.6771
  21800.00    19.2704
  21810.00    18.8588
  21820.00    19.4459
  21830.00    19.0368
  21840.00    18.4176
  21850.00    19.0347
  21860.00    19.1280
  21870.00    19.3735
  21880.00    18.9656
  21890.00    19.2566
  21900.00    18.6900
  21910.00    18.6144
  21920.00    19.1829
  21930.00    18.8591
  21940.00    18.7791
  21950.00    19.0786
  21960.00    19.5199
  21970.00    19.2716
  21980.00    18.7714
  21990.00    18.8980
  22000.00    19.0159
  22010.00    18.8807
  22020.00    19.3342
  22030.00    19.4367
  22040.00    19.1104
  22050.00    18.4340
  22060.00    18.9893
  22070.00    18.3829
  22080.00    19.1648
  22090.00    19.2131
  22100.00    18.6235
  22110.00    18.4796
  22120.00    18.8050
  22130.00    18.6470
  22140.00    19.1076
  22150.00    18.7028
  22160.00    18.8015
  22170.00    18.5614
  22180.00    19.0942
  22190.00    18.8191
  22200.00    18.6695
  22210.00    18.5968
  22220.00    18.6558
  22230.00    19.0573
  22240.00    19.3779
  22250.00    18.8227
  22260.00    18.5917
  22270.00    19.0262
  22280.00    18.7753
  22290.00    19.1477
  22300.00    18.9299
  22310.00    19.2071
  22320.00    19.2888
  22330.00    19.4022
  22340.00    18.7976
  22350.00    19.0401
  22360.00    19.4683
  22370.00    18.6855
  22380.00    19.1061
  22390.00    19.2533
  22400.00    18.5816
  22410.00    19.0600
  22420.00    18.4652
  22430.00    19.1720
  22440.00    18.9368
  22450.00    19.3208
  22460.00    18.9964
  22470.00    19.1747
  22480.00    19.4786
  22490.00    18.8186
  22500.00    19.5105
  22510.00    18.9182
  22520.00    18.7547
  22530.00    18.7617
  22540.00    18.9070
  22550.00    19.3491
  22560.00    19.0459
  22570.00    19.0289
  22580.00    19.2448
  22590.00    19.3761
  22600.00    19.0468
  22610.00    19.3973
  22620.00    18.7707
  22630.00    19.2059
  22640.00    18.8664
  22650.00    19.5250
  22660.00    19.2405
  22670.00    19.2937
  22680.00    18.9503
  22690.00    19.5143
  22700.00    18.7700
  22710.00    19.6312
  22720.00    19.0421
  22730.00    18.9650
  22740.00    19.2514
  22750.00    18.7125
  22760.00    18.5015
  22770.00    19.5035
  22780.00    18.4534
  22790.00    18.4450
  22800.00    19.5071
  22810.00    18.6810
  22820.00    18.8059
  22830.00    19.0249
  22840.00    19.3994
  22850.00    19.1782
  22860.00    18.7154
  22870.00    18.9231
  22880.00    18.5754
  22890.00    19.0704
  22900.00    18.8804
  22910.00    19.1800
  22920.00    18.9337
  22930.00    19.0011
  22940.00    18.6638
  22950.00    19.1432
  22960.00    18.8295
  22970.00    18.5916
  22980.00    18.7013
  22990.00    19.0310
  23000.00    18.7701
  23010.00    18.9505
  23020.00    19.0831
  23030.00    19.2640
  23040.00    18.7396
  23050.00    18.6590
  23060.00    18.7405
  23070.00    18.9499
  23080.00    18.5776
  23090.00    18.8571
  23100.00    19.2215
  23110.00    19.5630
  23120.00    19.3668
  23130.00    18.9383
  23140.00    19.7297
  23150.00    18.5369
  23160.00    18.8133
  23170.00    19.1950
  23180.00    18.6590
  23190.00    19.6914
  23200.00    19.3756
  23210.00    18.9788
  23220.00    19.2792
  23230.00    19.2846
  23240.00    18.5576
  23250.00    18.9524
  23260.00    18.7293
  23270.00    18.9110
  23280.00    19.2434
  23290.00    19.2186
  23300.00    19.0005
  23310.00    19.0906
  23320.00    18.7769
  23330.00    18.9820
  23340.00    18.9990
  23350.00    19.0451
  23360.00    18.8367
  23370.00    18.7264
  23380.00    18.6672
  23390.00    18.7285
  23400.00    18.5480
  23410.00    19.2434
  23420.00    19.2830
  23430.00    19.1186
  23440.00    19.1672
  23450.00    18.9877
  23460.00    18.6147
  23470.00    19.4219
  23480.00    18.6722
  23490.00    18.6358
  23500.00    19.1238
  23510.00    18.6569
  23520.00    18.0187
  23530.00    19.3513
  23540.00    18.4709
  23550.00    19.4457
  23560.00    19.1091
  23570.00    18.5073
  23580.00    18.8575
  23590.00    18.7793
  23600.00    18.9644
  23610.00    18.9763
  23620.00    18.6475
  23630.00    18.9444
  23640.00    19.1962
  23650.00    18.8239
  23660.00    19.0324
  23670.00    18.8893
  23680.00    19.3535
  23690.00    18.5969
  23700.00    18.9139
  23710.00    19.8059
  23720.00    19.2669
  23730.00    18.6014
  23740.00    18.8415
  23750.00    18.4463
  23760.00    18.5101
  23770.00    18.5558
  23780.00    18.9685
  23790.00    18.9553
  23800.00    18.5368
  23810.00    18.8353
  23820.00    19.1867
  23830.00    18.8941
  23840.00    19.0312
  23850.00    18.6727
  23860.00    19.4231
  23870.00    18.8955
  23880.00    18.9863
  23890.00    18.8042
  23900.00    18.6937
  23910.00    19.0621
  23920.00    18.7028
  23930.00    18.8896
  23940.00    18.8583
  23950.00    18.8325
  23960.00    19.1123
  23970.00    19.3841
  23980.00    18.8556
  23990.00    18.8340
  24000.00    18.1423
  24010.00    18.3362
  24020.00    18.9760
  24030.00    18.7669
  24040.00    19.1071
  24050.00    18.8735
  24060.00    19.3559
  24070.00    18.6351
  24080.00    18.6652
  24090.00    18.9764
  24100.00    18.6991
  24110.00    18.4361
  24120.00    18.7022
  24130.00    18.6208
  24140.00    18.9827
  24150.00    19.2384
  24160.00    19.1871
  24170.00    18.9733
  24180.00    19.1490
  24190.00    18.9614
  24200.00    18.9052
  24210.00    19.1340
  24220.00    18.8890
  24230.00    19.2454
  24240.00    18.5930
  24250.00    19.2721
  24260.00    19.2584
  24270.00    18.9095
  24280.00    18.9905
  24290.00    18.9549
  24300.00    19.0026
  24310.00    19.5544
  24320.00    19.3307
  24330.00    18.8382
  24340.00    19.1439
  24350.00    19.1218
  24360.00    19.2818
  24370.00    18.8247
  24380.00    19.1704
  24390.00    19.2402
  24400.00    18.6606
  24410.00    19.1603
  24420.00    19.1168
  24430.00    18.5605
  24440.00    18.8853
  24450.00    18.8028
  24460.00    18.8689
  24470.00    19.3474
  24480.00    18.8720
  24490.00    18.6471
  24500.00    18.4475
  24510.00    18.9654
  24520.00    19.1142
  24530.00    19.3407
  24540.00    18.9914
  24550.00    18.4399
  24560.00    18.5000
  24570.00    18.7467
  24580.00    18.3687
  24590.00    18.9026
  24600.00    18.7228
  24610.00    18.5056
  24620.00    18.9911
  24630.00    18.3582
  24640.00    18.6726
  24650.00    18.7327
  24660.00    19.0362
  24670.00    18.8377
  24680.00    18.6505
  24690.00    18.7324
  24700.00    19.2036
  24710.00    19.3160
  24720.00    19.0815
  24730.00    19.1542
  24740.00    19.4286
  24750.00    19.0696
  24760.00    18.7923
  24770.00    18.9244
  24780.00    18.5468
  24790.00    19.5275
  24800.00    19.2959
  24810.00    18.5904
  24820.00    19.1734
  24830.00    19.2056
  24840.00    18.6982
  24850.00    18.6652
  24860.00    18.7770
  24870.00    19.2520
  24880.00    19.1432
  24890.00    19.1168
  24900.00    19.2791
  24910.00    19.0854
  24920.00    18.6496
  24930.00    18.7709
  24940.00    19.0344
  24950.00    18.8504
  24960.00    19.6745
  24970.00    18.8109
  24980.00    19.1049
  24990.00    18.5715
  25000.00    18.9477
  25010.00    19.1685
  25020.00    19.0395
  25030.00    19.3618
  25040.00    18.9959
  25050.00    18.7633
  25060.00    19.0070
  25070.00    19.1240
  25080.00    18.5892
  25090.00    19.1155
  25100.00    18.5746
  25110.00    18.8522
  25120.00    18.8722
  25130.00    19.2580
  25140.00    19.0123
  25150.00    18.9888
  25160.00    18.9524
  25170.00    18.8346
  25180.00    18.9465
  25190.00    18.9114
  25200.00    19.2374
  25210.00    18.6846
  25220.00    19.0265
  25230.00    18.5139
  25240.00    19.3501
  25250.00    19.0841
  25260.00    19.0547
  25270.00    19.2245
  25280.00    19.2168
  25290.00    19.0829
  25300.00    19.3678
  25310.00    19.1899
  25320.00    19.0177
  25330.00    19.2213
  25340.00    19.0359
  25350.00    18.8638
  25360.00    18.6420
  25370.00    19.5086
  25380.00    18.9724
  25390.00    18.8003
  25400.00    19.0695
  25410.00    19.4782
  25420.00    18.3919
  25430.00    18.7236
  25440.00    19.3152
  25450.00    18.7002
  25460.00    18.7337
  25470.00    18.9046
  25480.00    19.2884
  25490.00    19.2607
  25500.00    18.6757
  25510.00    19.2135
  25520.00    19.0229
  25530.00    18.9768
  25540.00    18.6315
  25550.00    19.2032
  25560.00    19.4825
  25570.00    18.7296
  25580.00    18.7903
  25590.00    19.0137
  25600.00    18.5463
  25610.00    19.1668
  25620.00    18.9578
  25630.00    19.1006
  25640.00    18.6320
  25650.00    18.7626
  25660.00    18.8530
  25670.00    18.7114
  25680.00    18.7674
  25690.00    18.2652
  25700.00    19.0175
  25710.00    18.6559
  25720.00    18.9769
  25730.00    19.3909
  25740.00    19.0349
  25750.00    19.0093
  25760.00    19.2724
  25770.00    18.8930
  25780.00    18.3809
  25790.00    18.4911
  25800.00    18.6703
  25810.00    18.7333
  25820.00    18.9512
  25830.00    19.0994
  25840.00    18.8215
  25850.00    18.8914
  25860.00    18.9144
  25870.00    18.8097
  25880.00    18.5090
  25890.00    18.9047
  25900.00    18.9364
  25910.00    19.2739
  25920.00    18.9144
  25930.00    19.1179
  25940.00    18.8748
  25950.00    19.1792
  25960.00    19.3588
  25970.00    18.9782
  25980.00    18.6845
  25990.00    19.1412
  26000.00    18.9299
  26010.00    19.3552
  26020.00    19.2830
  26030.00    18.8315
  26040.00    19.2350
  26050.00    18.8161
  26060.00    18.9430
  26070.00    19.1400
  26080.00    18.6804
  26090.00    19.1177
  26100.00    19.0973
  26110.00    18.4769
  26120.00    18.7888
  26130.00    19.1768
  26140.00    18.9651
  26150.00    18.6113
  26160.00    18.7302
  26170.00    19.0732
  26180.00    18.7423
  26190.00    19.0258
  26200.00    18.9716
  26210.00    19.1622
  26220.00    19.0096
  26230.00    19.6846
  26240.00    18.9865
  26250.00    19.0790
  26260.00    18.8859
  26270.00    18.6767
  26280.00    18.8018
  26290.00    19.2121
  26300.00    18.5526
  26310.00    18.7335
  26320.00    19.2479
  26330.00    18.3003
  26340.00    18.9154
  26350.00    19.1981
  26360.00    18.8955
  26370.00    18.5077
  26380.00    18.9678
  26390.00    18.9204
  26400.00    18.7226
  26410.00    18.8537
  26420.00    18.8348
  26430.00    19.0646
  26440.00    19.4635
  26450.00    18.8814
  26460.00    19.2567
  26470.00    18.4466
  26480.00    19.3141
  26490.00    19.2865
  26500.00    19.5761
  26510.00    18.9310
  26520.00    19.4270
  26530.00    18.8983
  26540.00    19.4578
  26550.00    19.0385
  26560.00    19.4938
  26570.00    18.6356
  26580.00    18.9320
  26590.00    18.7126
  26600.00    19.1849
  26610.00    18.7803
  26620.00    19.3142
  26630.00    18.7251
  26640.00    18.7355
  26650.00    19.1329
  26660.00    19.3559
  26670.00    18.9098
  26680.00    19.2378
  26690.00    18.4955
  26700.00    18.8144
  26710.00    19.1792
  26720.00    19.0985
  26730.00    19.0121
  26740.00    19.0806
  26750.00    19.0127
  26760.00    19.4371
  26770.00    18.4434
  26780.00    19.1474
  26790.00    18.8087
  26800.00    18.9607
  26810.00    19.2282
  26820.00    18.9996
  26830.00    19.0273
  26840.00    19.1884
  26850.00    18.7627
  26860.00    19.0348
  26870.00    18.6383
  26880.00    18.9368
  26890.00    19.4852
  26900.00    19.1729
  26910.00    19.3767
  26920.00    18.7289
  26930.00    19.1850
  26940.00    19.1326
  26950.00    18.9730
  26960.00    18.5904
  26970.00    19.0169
  26980.00    19.0687
  26990.00    18.6330
  27000.00    19.7064
  27010.00    18.9175
  27020.00    19.3794
  27030.00    18.8331
  27040.00    18.9748
  27050.00    18.6601
  27060.00    19.0620
  27070.00    18.8172
  27080.00    18.7761
  27090.00    18.9947
  27100.00    18.6061
  27110.00    19.1141
  27120.00    19.1196
  27130.00    18.4133
  27140.00    18.3599
  27150.00    19.3534
  27160.00    19.1817
  27170.00    18.9479
  27180.00    18.6996
  27190.00    18.6194
  27200.00    18.9253
  27210.00    19.3303
  27220.00    19.1547
  27230.00    19.1837
  27240.00    18.6876
  27250.00    19.3504
  27260.00    19.1306
  27270.00    18.2003
  27280.00    18.7403
  27290.00    19.3511
  27300.00    19.4275
  27310.00    19.0430
  27320.00    19.1081
  27330.00    18.7006
  27340.00    18.4372
  27350.00    18.5830
  27360.00    19.0586
  27370.00    18.8268
  27380.00    19.2651
  27390.00    18.6581
  27400.00    19.2618
  27410.00    19.2021
  27420.00    19.1066
  27430.00    18.4604
  27440.00    18.8541
  27450.00    18.3244
  27460.00    18.3797
  27470.00    19.3253
  27480.00    19.2266
  27490.00    19.2023
  27500.00    18.6082
  27510.00    18.7822
  27520.00    19.3840
  27530.00    19.0649
  27540.00    19.7336
  27550.00    19.2361
  27560.00    18.7273
  27570.00    19.2352
  27580.00    18.7657
  27590.00    19.0938
  27600.00    18.9003
  27610.00    18.8837
  27620.00    19.3474
  27630.00    18.8088
  27640.00    18.8186
  27650.00    18.8348
  27660.00    19.0120
  27670.00    18.8286
  27680.00    18.5919
  27690.00    19.0556
  27700.00    18.6295
  27710.00    18.9477
  27720.00    19.0879
  27730.00    19.2826
  27740.00    18.8967
  27750.00    18.5770
  27760.00    18.7978
  27770.00    18.8339
  27780.00    19.1229
  27790.00    19.4599
  27800.00    19.5467
  27810.00    19.1850
  27820.00    18.5692
  27830.00    18.7949
  27840.00    18.6764
  27850.00    18.9282
  27860.00    19.1268
  27870.00    19.4418
  27880.00    19.0657
  27890.00    19.1210
  27900.00    18.8753
  27910.00    19.0479
  27920.00    19.4575
  27930.00    19.2392
  27940.00    19.4021
  27950.00    19.1845
  27960.00    19.3267
  27970.00    19.2500
  27980.00    18.9229
  27990.00    18.9767
  28000.00    19.4491
  28010.00    18.5869
  28020.00    18.7805
  28030.00    18.7313
  28040.00    18.8732
  28050.00    18.7146
  28060.00    19.2045
  28070.00    18.9888
  28080.00    19.0030
  28090.00    18.2600
  28100.00    18.8371
  28110.00    18.9791
  28120.00    18.9228
  28130.00    18.7832
  28140.00    18.8979
  28150.00    18.9753
  28160.00    19.0705
  28170.00    19.2292
  28180.00    18.4678
  28190.00    19.2870
  28200.00    18.7059
  28210.00    18.2827
  28220.00    19.2168
  28230.00    19.7535
  28240.00    19.2826
  28250.00    19.0001
  28260.00    19.0855
  28270.00    19.0498
  28280.00    19.2217
  28290.00    19.0605
  28300.00    18.9676
  28310.00    18.8208
  28320.00    19.0691
  28330.00    19.1472
  28340.00    18.8195
  28350.00    18.9053
  28360.00    19.3058
  28370.00    18.5982
  28380.00    19.3488
  28390.00    19.4192
  28400.00    18.8098
  28410.00    19.5060
  28420.00    19.3368
  28430.00    19.5413
  28440.00    19.3421
  28450.00    18.8749
  28460.00    18.8234
  28470.00    18.9406
  28480.00    19.4243
  28490.00    18.9372
  28500.00    19.3543
  28510.00    19.3089
  28520.00    18.7439
  28530.00    19.1514
  28540.00    18.7177
  28550.00    18.9823
  28560.00    18.8488
  28570.00    18.8502
  28580.00    18.5536
  28590.00    18.4593
  28600.00    19.1494
  28610.00    18.7628
  28620.00    19.3363
  28630.00    19.2861
  28640.00    18.7604
  28650.00    19.0948
  28660.00    18.9875
  28670.00    19.1126
  28680.00    19.1111
  28690.00    19.1878
  28700.00    19.1336
  28710.00    19.4526
  28720.00    19.3571
  28730.00    19.1978
  28740.00    18.8353
  28750.00    19.1049
  28760.00    18.7839
  28770.00    19.2483
  28780.00    19.0528
  28790.00    19.3461
  28800.00    19.0403
  28810.00    19.0377
  28820.00    19.1078
  28830.00    18.8527
  28840.00    19.2273
  28850.00    19.3874
  28860.00    18.9975
  28870.00    19.0342
  28880.00    19.6934
  28890.00    18.8959
  28900.00    18.6602
  28910.00    19.2476
  28920.00    19.0357
  28930.00    18.2361
  28940.00    17.8897
  28950.00    19.5198
  28960.00    19.1928
  28970.00    19.8048
  28980.00    19.1815
  28990.00    18.9131
  29000.00    18.8941
  29010.00    18.9923
  29020.00    19.0690
  29030.00    19.4905
  29040.00    18.8593
  29050.00    19.2593
  29060.00    19.5107
  29070.00    19.2604
  29080.00    19.3996
  29090.00    18.7612
  29100.00    18.9503
  29110.00    18.8797
  29120.00    19.4686
  29130.00    19.0813
  29140.00    18.6804
  29150.00    18.9914
  29160.00    19.4374
  29170.00    19.0509
  29180.00    19.0171
  29190.00    19.0918
  29200.00    19.1858
  29210.00    18.8783
  29220.00    18.9413
  29230.00    19.0520
  29240.00    19.2370
  29250.00    19.4056
  29260.00    19.2752
  29270.00    18.8678
  29280.00    18.8059
  29290.00    18.7637
  29300.00    18.7319
  29310.00    19.4165
  29320.00    18.5298
  29330.00    19.1792
  29340.00    19.5681
  29350.00    19.1554
  29360.00    18.2328
  29370.00    18.7595
  29380.00    19.9558
  29390.00    19.4142
  29400.00    19.0001
  29410.00    19.4462
  29420.00    19.1887
  29430.00    19.0549
  29440.00    19.3759
  29450.00    19.3615
  29460.00    18.6902
  29470.00    19.1295
  29480.00    19.3349
  29490.00    18.7942
  29500.00    18.8343
  29510.00    18.9352
  29520.00    19.0754
  29530.00    18.5805
  29540.00    18.9726
  29550.00    18.9512
  29560.00    19.2088
  29570.00    19.1374
  29580.00    19.1038
  29590.00    19.1183
  29600.00    18.8242
  29610.00    19.8106
  29620.00    19.3476
  29630.00    18.6973
  29640.00    18.4429
  29650.00    18.6636
  29660.00    19.0476
  29670.00    19.3796
  29680.00    18.8106
  29690.00    18.9986
  29700.00    18.5816
  29710.00    18.7510
  29720.00    19.4673
  29730.00    18.8441
  29740.00    19.1257
  29750.00    18.9895
  29760.00    19.0687
  29770.00    19.2103
  29780.00    18.3142
  29790.00    19.1792
  29800.00    19.4076
  29810.00    19.2042
  29820.00    19.3513
  29830.00    18.8697
  29840.00    19.2619
  29850.00    19.1036
  29860.00    19.0552
  29870.00    19.2678
  29880.00    18.8714
  29890.00    18.5738
  29900.00    18.6893
  29910.00    19.3762
  29920.00    18.7003
  29930.00    18.7272
  29940.00    19.3220
  29950.00    18.8283
  29960.00    19.0532
  29970.00    19.0692
  29980.00    19.4653
  29990.00    19.8890
  30000.00    19.2614
  30010.00    19.2128
  30020.00    18.8058
  30030.00    19.3970
  30040.00    18.8024
  30050.00    19.2640
  30060.00    18.5458
  30070.00    19.3707
  30080.00    18.7491
  30090.00    18.4862
  30100.00    18.8216
  30110.00    18.9199
  30120.00    18.3934
  30130.00    18.7551
  30140.00    18.3774
  30150.00    18.6471
  30160.00    19.2488
  30170.00    19.6613
  30180.00    19.1252
  30190.00    18.9463
  30200.00    18.9047
  30210.00    18.2700
  30220.00    18.5429
  30230.00    18.9225
  30240.00    19.1111
  30250.00    19.0947
  30260.00    18.9209
  30270.00    18.8958
  30280.00    18.9057
  30290.00    18.7494
  30300.00    18.4774
  30310.00    19.1349
  30320.00    19.0508
  30330.00    18.9597
  30340.00    19.0820
  30350.00    18.9396
  30360.00    18.9509
  30370.00    18.7968
  30380.00    18.7121
  30390.00    18.7896
  30400.00    18.6876
  30410.00    19.2166
  30420.00    18.7377
  30430.00    19.2404
  30440.00    18.8257
  30450.00    19.6273
  30460.00    19.3166
  30470.00    18.8161
  30480.00    18.9079
  30490.00    18.8555
  30500.00    19.1557
  30510.00    19.3076
  30520.00    19.0061
  30530.00    19.1960
  30540.00    18.7179
  30550.00    19.0982
  30560.00    18.9595
  30570.00    19.3511
  30580.00    19.1331
  30590.00    19.2115
  30600.00    19.3077
  30610.00    19.4444
  30620.00    18.9645
  30630.00    19.0333
  30640.00    19.1716
  30650.00    18.9622
  30660.00    18.9981
  30670.00    19.2725
  30680.00    19.0502
  30690.00    19.2756
  30700.00    19.0835
  30710.00    19.2722
  30720.00    19.1148
  30730.00    19.2213
  30740.00    19.1371
  30750.00    19.6132
  30760.00    19.1125
  30770.00    18.9887
  30780.00    19.1320
  30790.00    18.9138
  30800.00    19.2788
  30810.00    19.3821
  30820.00    18.8279
  30830.00    19.1266
  30840.00    18.8927
  30850.00    18.7537
  30860.00    18.5928
  30870.00    18.5275
  30880.00    19.1030
  30890.00    19.2086
  30900.00    18.7498
  30910.00    19.1877
  30920.00    19.0743
  30930.00    19.0440
  30940.00    18.9517
  30950.00    19.0003
  30960.00    18.7886
  30970.00    19.3798
  30980.00    19.0729
  30990.00    19.7780
  31000.00    19.3178
  31010.00    19.3051
  31020.00    19.1184
  31030.00    19.0678
  31040.00    18.7523
  31050.00    18.4992
  31060.00    19.3219
  31070.00    19.1145
  31080.00    18.3505
  31090.00    18.1355
  31100.00    18.7566
  31110.00    18.8168
  31120.00    18.5439
  31130.00    18.8989
  31140.00    18.8746
  31150.00    19.1344
  31160.00    18.7457
  31170.00    18.9999
  31180.00    19.3316
  31190.00    18.8779
  31200.00    19.0441
  31210.00    19.1498
  31220.00    18.9443
  31230.00    19.0423
  31240.00    19.3962
  31250.00    18.7890
  31260.00    18.6424
  31270.00    19.1044
  31280.00    18.3112
  31290.00    18.4256
  31300.00    18.8646
  31310.00    19.1573
  31320.00    18.4720
  31330.00    19.0831
  31340.00    18.6340
  31350.00    18.9982
  31360.00    19.3477
  31370.00    18.8747
  31380.00    18.5462
  31390.00    19.4057
  31400.00    19.0109
  31410.00    18.9386
  31420.00    18.9080
  31430.00    18.8761
  31440.00    18.6232
  31450.00    18.7644
  31460.00    18.6616
  31470.00    19.3544
  31480.00    18.6984
  31490.00    18.7345
  31500.00    18.7866
  31510.00    19.0850
  31520.00    18.9896
  31530.00    18.4296
  31540.00    18.5995
  31550.00    18.8575
  31560.00    19.4043
  31570.00    19.3085
  31580.00    19.1286
  31590.00    18.5321
  31600.00    18.9814
  31610.00    18.6811
  31620.00    19.0020
  31630.00    19.1184
  31640.00    18.9944
  31650.00    18.7687
  31660.00    19.0581
  31670.00    19.0771
  31680.00    18.8810
  31690.00    18.8448
  31700.00    18.6889
  31710.00    18.6726
  31720.00    18.7013
  31730.00    19.0253
  31740.00    19.1847
  31750.00    19.0792
  31760.00    19.2172
  31770.00    19.1262
  31780.00    19.3312
  31790.00    18.9265
  31800.00    18.9916
  31810.00    18.3994
  31820.00    19.0224
  31830.00    18.9521
  31840.00    18.7741
  31850.00    18.9469
  31860.00    19.3692
  31870.00    18.7154
  31880.00    18.5731
  31890.00    18.7840
  31900.00    19.3179
  31910.00    18.7858
  31920.00    18.8794
  31930.00    18.8281
  31940.00    18.9342
  31950.00    18.8460
  31960.00    19.3730
  31970.00    19.4106
  31980.00    18.9841
  31990.00    19.3665
  32000.00    19.1047
  32010.00    19.2039
  32020.00    18.5734
  32030.00    18.8557
  32040.00    18.7884
  32050.00    18.7270
  32060.00    19.1605
  32070.00    18.6767
  32080.00    18.6139
  32090.00    18.7815
  32100.00    19.1184
  32110.00    19.1769
  32120.00    19.0018
  32130.00    18.9254
  32140.00    18.7642
  32150.00    18.6929
  32160.00    19.5872
  32170.00    19.2755
  32180.00    19.4236
  32190.00    19.4094
  32200.00    18.6323
  32210.00    19.1343
  32220.00    18.6284
  32230.00    18.2860
  32240.00    18.7544
  32250.00    18.7728
  32260.00    18.6933
  32270.00    18.6970
  32280.00    18.8370
  32290.00    18.8205
  32300.00    18.7103
  32310.00    18.8145
  32320.00    19.0702
  32330.00    18.6460
  32340.00    19.1341
  32350.00    18.9592
  32360.00    18.6182
  32370.00    19.2610
  32380.00    19.1058
  32390.00    18.4263
  32400.00    19.0383
  32410.00    18.7167
  32420.00    19.0525
  32430.00    18.7516
  32440.00    18.6122
  32450.00    19.0732
  32460.00    19.1223
  32470.00    18.8075
  32480.00    19.1813
  32490.00    19.2054
  32500.00    19.0082
  32510.00    18.9836
  32520.00    19.1437
  32530.00    18.8172
  32540.00    19.0101
  32550.00    18.4632
  32560.00    18.7170
  32570.00    18.8894
  32580.00    18.5966
  32590.00    18.9617
  32600.00    18.8272
  32610.00    18.5932
  32620.00    18.9149
  32630.00    18.8319
  32640.00    18.9615
  32650.00    18.7627
  32660.00    18.6171
  32670.00    18.2411
  32680.00    18.9698
  32690.00    18.6306
  32700.00    18.7854
  32710.00    18.8796
  32720.00    19.0818
  32730.00    19.1937
  32740.00    19.4519
  32750.00    18.7626
  32760.00    18.8661
  32770.00    19.1994
  32780.00    19.0432
  32790.00    19.1144
  32800.00    18.6208
  32810.00    18.9383
  32820.00    18.7182
  32830.00    18.9035
  32840.00    19.0196
  32850.00    19.1338
  32860.00    18.8676
  32870.00    18.7418
  32880.00    18.6811
  32890.00    19.1011
  32900.00    18.8231
  32910.00    19.7489
  32920.00    19.1636
  32930.00    18.6548
  32940.00    19.2387
  32950.00    19.0272
  32960.00    19.1055
  32970.00    19.6060
  32980.00    18.8144
  32990.00    19.3622
  33000.00    19.0437
  33010.00    19.1010
  33020.00    18.8422
  33030.00    19.1401
  33040.00    19.4825
  33050.00    19.1351
  33060.00    18.7044
  33070.00    18.6662
  33080.00    18.9415
  33090.00    19.2204
  33100.00    18.4397
  33110.00    19.2461
  33120.00    18.9391
  33130.00    19.3680
  33140.00    19.2190
  33150.00    18.5694
  33160.00    19.0558
  33170.00    18.9017
  33180.00    19.4782
  33190.00    19.0286
  33200.00    19.1203
  33210.00    18.8637
  33220.00    18.8581
  33230.00    18.2495
  33240.00    19.6880
  33250.00    18.6486
  33260.00    19.1138
  33270.00    18.6976
  33280.00    18.7868
  33290.00    18.8445
  33300.00    18.8149
  33310.00    18.8536
  33320.00    18.9526
  33330.00    18.2826
  33340.00    19.2108
  33350.00    19.3710
  33360.00    18.9263
  33370.00    18.8938
  33380.00    19.0367
  33390.00    18.1214
  33400.00    19.2830
  33410.00    18.8951
  33420.00    18.7175
  33430.00    18.9615
  33440.00    18.8630
  33450.00    19.0653
  33460.00    19.0207
  33470.00    19.0045
  33480.00    19.4012
  33490.00    19.4383
  33500.00    18.6547
  33510.00    18.6331
  33520.00    18.7763
  33530.00    18.6491
  33540.00    18.7586
  33550.00    18.9985
  33560.00    19.1316
  33570.00    19.0752
  33580.00    18.5887
  33590.00    18.9637
  33600.00    18.9458
  33610.00    18.8055
  33620.00    18.2141
  33630.00    18.5417
  33640.00    18.7165
  33650.00    18.8462
  33660.00    18.8014
  33670.00    19.0322
  33680.00    18.6676
  33690.00    18.8439
  33700.00    19.0392
  33710.00    18.9169
  33720.00    18.6008
  33730.00    19.0642
  33740.00    18.7817
  33750.00    18.8521
  33760.00    18.9675
  33770.00    19.1287
  33780.00    19.3402
  33790.00    18.8815
  33800.00    19.1478
  33810.00    19.6521
  33820.00    18.8934
  33830.00    18.8757
  33840.00    19.1931
  33850.00    18.9765
  33860.00    18.8621
  33870.00    18.8641
  33880.00    18.9284
  33890.00    19.2263
  33900.00    18.9716
  33910.00    19.2666
  33920.00    18.8358
  33930.00    18.8116
  33940.00    19.1871
  33950.00    19.2909
  33960.00    18.8277
  33970.00    18.9055
  33980.00    18.6424
  33990.00    19.2706
  34000.00    18.6956
  34010.00    19.1303
  34020.00    18.6923
  34030.00    18.8257
  34040.00    18.6050
  34050.00    18.9625
  34060.00    18.7134
  34070.00    18.7715
  34080.00    18.9912
  34090.00    18.5742
  34100.00    18.8762
  34110.00    18.5952
  34120.00    19.1501
  34130.00    18.6633
  34140.00    18.4283
  34150.00    18.7163
  34160.00    18.5461
  34170.00    19.1903
  34180.00    19.3416
  34190.00    18.8018
  34200.00    18.8731
  34210.00    19.1035
  34220.00    18.6024
  34230.00    18.6649
  34240.00    19.1988
  34250.00    18.9340
  34260.00    19.1063
  34270.00    18.5203
  34280.00    19.2012
  34290.00    19.1461
  34300.00    19.2240
  34310.00    18.8106
  34320.00    18.6023
  34330.00    18.9618
  34340.00    19.0453
  34350.00    18.8924
  34360.00    18.6011
  34370.00    18.6269
  34380.00    19.4770
  34390.00    19.4744
  34400.00    18.9020
  34410.00    19.4139
  34420.00    18.9591
  34430.00    18.4770
  34440.00    19.2929
  34450.00    19.4518
  34460.00    19.4100
  34470.00    19.3895
  34480.00    18.5984
  34490.00    18.9982
  34500.00    18.7770
  34510.00    19.2640
  34520.00    18.9435
  34530.00    19.2312
  34540.00    19.0033
  34550.00    18.5975
  34560.00    19.4502
  34570.00    19.0456
  34580.00    19.2057
  34590.00    19.0214
  34600.00    19.4182
  34610.00    18.5959
  34620.00    19.1443
  34630.00    18.7914
  34640.00    18.7764
  34650.00    19.4367
  34660.00    19.4004
  34670.00    19.0634
  34680.00    19.1537
  34690.00    18.6465
  34700.00    18.5233
  34710.00    19.0816
  34720.00    19.1043
  34730.00    18.5512
  34740.00    18.7908
  34750.00    18.5913
  34760.00    19.3902
  34770.00    18.9789
  34780.00    19.4860
  34790.00    18.7746
  34800.00    18.7829
  34810.00    19.2824
  34820.00    18.5778
  34830.00    19.2880
  34840.00    18.6235
  34850.00    18.9697
  34860.00    18.8540
  34870.00    19.0552
  34880.00    18.8210
  34890.00    18.8450
  34900.00    19.3879
  34910.00    19.0052
  34920.00    19.2465
  34930.00    18.9524
  34940.00    19.5296
  34950.00    19.5898
  34960.00    18.7899
  34970.00    18.8614
  34980.00    19.1328
  34990.00    19.4253
  35000.00    19.2929
  35010.00    18.6972
  35020.00    18.9957
  35030.00    18.6025
  35040.00    18.9160
  35050.00    18.7487
  35060.00    18.6185
  35070.00    18.6298
  35080.00    19.2453
  35090.00    18.6089
  35100.00    19.2415
  35110.00    18.7786
  35120.00    19.0212
  35130.00    19.2047
  35140.00    18.5469
  35150.00    19.2581
  35160.00    18.5788
  35170.00    18.7528
  35180.00    19.0957
  35190.00    18.6976
  35200.00    18.8846
  35210.00    18.2732
  35220.00    19.1451
  35230.00    19.0669
  35240.00    18.8633
  35250.00    19.4605
  35260.00    18.9896
  35270.00    18.8411
  35280.00    18.9385
  35290.00    19.0797
  35300.00    18.5979
  35310.00    18.9154
  35320.00    18.9909
  35330.00    18.5480
  35340.00    18.7890
  35350.00    19.1177
  35360.00    19.0537
  35370.00    19.2996
  35380.00    19.3253
  35390.00    18.5091
  35400.00    18.4873
  35410.00    18.8381
  35420.00    18.7555
  35430.00    18.4983
  35440.00    19.1572
  35450.00    18.6755
  35460.00    18.7759
  35470.00    18.7793
  35480.00    19.1790
  35490.00    19.5618
  35500.00    19.1043
  35510.00    19.0876
  35520.00    19.0281
  35530.00    18.9568
  35540.00    19.5876
  35550.00    18.8705
  35560.00    18.5697
  35570.00    18.7344
  35580.00    18.6748
  35590.00    18.9060
  35600.00    18.7369
  35610.00    18.6873
  35620.00    19.1853
  35630.00    19.0041
  35640.00    18.8219
  35650.00    18.6384
  35660.00    18.8511
  35670.00    18.8697
  35680.00    18.6660
  35690.00    19.0062
  35700.00    18.3118
  35710.00    19.0874
  35720.00    18.6963
  35730.00    19.0309
  35740.00    18.5333
  35750.00    18.7475
  35760.00    18.7169
  35770.00    18.6657
  35780.00    19.0578
  35790.00    18.7942
  35800.00    19.2074
  35810.00    19.6638
  35820.00    19.1021
  35830.00    18.8236
  35840.00    19.2339
  35850.00    18.7231
  35860.00    19.3880
  35870.00    18.4041
  35880.00    19.1408
  35890.00    19.0355
  35900.00    19.3323
  35910.00    19.3595
  35920.00    18.8253
  35930.00    18.6428
  35940.00    19.4707
  35950.00    18.7313
  35960.00    18.9428
  35970.00    19.4214
  35980.00    19.2780
  35990.00    19.4482
  36000.00    19.8021
  36010.00    19.4009
  36020.00    18.8013
  36030.00    19.5257
  36040.00    19.2695
  36050.00    19.6245
  36060.00    19.0428
  36070.00    19.3129
  36080.00    18.9423
  36090.00    18.6221
  36100.00    18.7586
  36110.00    18.8159
  36120.00    18.7965
  36130.00    19.1838
  36140.00    18.5012
  36150.00    19.0551
  36160.00    19.0501
  36170.00    18.7576
  36180.00    18.6468
  36190.00    19.5188
  36200.00    19.4484
  36210.00    19.4804
  36220.00    18.9316
  36230.00    19.1371
  36240.00    19.0897
  36250.00    18.3694
  36260.00    18.9045
  36270.00    19.0707
  36280.00    18.8653
  36290.00    19.0612
  36300.00    18.8711
  36310.00    18.9747
  36320.00    18.9899
  36330.00    18.9409
  36340.00    18.9147
  36350.00    19.0034
  36360.00    18.9796
  36370.00    18.6505
  36380.00    18.9285
  36390.00    18.4848
  36400.00    19.0831
  36410.00    19.4483
  36420.00    19.0324
  36430.00    19.2973
  36440.00    18.8396
  36450.00    18.9180
  36460.00    18.9198
  36470.00    18.8577
  36480.00    19.0714
  36490.00    19.0606
  36500.00    18.8077
  36510.00    18.8647
  36520.00    19.4325
  36530.00    18.7073
  36540.00    19.2204
  36550.00    19.4465
  36560.00    19.4357
  36570.00    18.8212
  36580.00    18.8585
  36590.00    19.4067
  36600.00    18.4615
  36610.00    18.9709
  36620.00    18.7265
  36630.00    19.3097
  36640.00    19.0300
  36650.00    19.3221
  36660.00    18.6057
  36670.00    19.2540
  36680.00    19.3584
  36690.00    18.9544
  36700.00    18.8460
  36710.00    18.6318
  36720.00    19.0862
  36730.00    19.0849
  36740.00    18.6540
  36750.00    18.8555
  36760.00    18.3375
  36770.00    18.7403
  36780.00    19.4761
  36790.00    18.9342
  36800.00    18.6151
  36810.00    18.8313
  36820.00    18.7674
  36830.00    19.1758
  36840.00    19.0773
  36850.00    19.1062
  36860.00    19.5074
  36870.00    18.6481
  36880.00    18.9523
  36890.00    18.5287
  36900.00    18.9407
  36910.00    18.5504
  36920.00    18.8795
  36930.00    18.3527
  36940.00    18.4333
  36950.00    18.5899
  36960.00    18.6751
  36970.00    18.8633
  36980.00    18.7140
  36990.00    18.6466
  37000.00    18.9415
  37010.00    18.9320
  37020.00    18.8998
  37030.00    18.9792
  37040.00    18.8796
  37050.00    19.0255
  37060.00    18.7980
  37070.00    18.9725
  37080.00    18.9825
  37090.00    18.8487
  37100.00    18.8546
  37110.00    18.5274
  37120.00    18.6641
  37130.00    18.7456
  37140.00    18.8792
  37150.00    19.1039
  37160.00    18.3980
  37170.00    18.7795
  37180.00    19.0557
  37190.00    19.3657
  37200.00    19.3556
  37210.00    19.1510
  37220.00    19.2142
  37230.00    18.8543
  37240.00    18.7034
  37250.00    19.1889
  37260.00    19.0127
  37270.00    18.6625
  37280.00    19.1665
  37290.00    18.7543
  37300.00    18.9316
  37310.00    18.6779
  37320.00    19.0657
  37330.00    19.3602
  37340.00    18.7955
  37350.00    18.6754
  37360.00    18.9374
  37370.00    18.8855
  37380.00    18.5337
  37390.00    18.7964
  37400.00    19.3679
  37410.00    18.8745
  37420.00    19.1975
  37430.00    19.3206
  37440.00    19.0683
  37450.00    18.4941
  37460.00    18.8877
  37470.00    18.9085
  37480.00    19.0111
  37490.00    19.3214
  37500.00    18.8229
  37510.00    18.9289
  37520.00    18.9627
  37530.00    18.6162
  37540.00    18.9501
  37550.00    19.4395
  37560.00    18.8674
  37570.00    18.6608
  37580.00    18.9577
  37590.00    18.9712
  37600.00    18.7894
  37610.00    19.1751
  37620.00    18.8022
  37630.00    19.0982
  37640.00    19.0213
  37650.00    18.8307
  37660.00    19.4789
  37670.00    18.7528
  37680.00    19.1165
  37690.00    18.5061
  37700.00    19.0810
  37710.00    18.6301
  37720.00    18.8294
  37730.00    18.7060
  37740.00    19.4282
  37750.00    18.7805
  37760.00    18.7909
  37770.00    18.6304
  37780.00    18.4745
  37790.00    19.1686
  37800.00    18.0836
  37810.00    18.7296
  37820.00    18.5660
  37830.00    19.2204
  37840.00    18.7739
  37850.00    18.8236
  37860.00    18.8955
  37870.00    18.6208
  37880.00    18.7028
  37890.00    18.9787
  37900.00    18.6051
  37910.00    18.4273
  37920.00    18.9873
  37930.00    18.6025
  37940.00    19.0073
  37950.00    18.9101
  37960.00    19.3078
  37970.00    19.4164
  37980.00    19.4885
  37990.00    18.9941
  38000.00    19.1024
  38010.00    18.8981
  38020.00    18.6565
  38030.00    18.6723
  38040.00    19.1261
  38050.00    18.8096
  38060.00    19.0833
  38070.00    18.6718
  38080.00    19.2230
  38090.00    19.2707
  38100.00    18.7837
  38110.00    18.6095
  38120.00    19.0168
  38130.00    19.3979
  38140.00    19.1992
  38150.00    19.5485
  38160.00    19.1054
  38170.00    19.0521
  38180.00    19.1040
  38190.00    19.0440
  38200.00    19.2274
  38210.00    19.3910
  38220.00    19.3867
  38230.00    18.8432
  38240.00    19.2149
  38250.00    18.6841
  38260.00    18.7827
  38270.00    19.2037
  38280.00    19.1942
  38290.00    18.9193
  38300.00    19.3221
  38310.00    19.1670
  38320.00    18.8367
  38330.00    18.6493
  38340.00    18.8907
  38350.00    18.5101
  38360.00    19.1440
  38370.00    18.6754
  38380.00    18.9349
  38390.00    18.6376
  38400.00    18.9792
  38410.00    18.5579
  38420.00    19.0231
  38430.00    18.8868
  38440.00    18.6195
  38450.00    19.1019
  38460.00    19.4304
  38470.00    19.2617
  38480.00    19.1759
  38490.00    19.3810
  38500.00    19.2475
  38510.00    18.8798
  38520.00    18.9422
  38530.00    18.6416
  38540.00    18.7833
  38550.00    19.2640
  38560.00    18.2971
  38570.00    18.7694
  38580.00    19.3431
  38590.00    19.2069
  38600.00    18.6607
  38610.00    19.0125
  38620.00    18.8124
  38630.00    18.8256
  38640.00    18.4045
  38650.00    19.3431
  38660.00    18.7571
  38670.00    19.2307
  38680.00    19.1446
  38690.00    19.1974
  38700.00    19.2696
  38710.00    19.0604
  38720.00    19.0810
  38730.00    18.9689
  38740.00    19.1186
  38750.00    19.2337
  38760.00    19.1971
  38770.00    18.9647
  38780.00    19.0245
  38790.00    19.1268
  38800.00    19.0053
  38810.00    18.5791
  38820.00    18.9070
  38830.00    18.9806
  38840.00    18.8053
  38850.00    18.3665
  38860.00    18.9657
  38870.00    18.7758
  38880.00    18.5728
  38890.00    18.4446
  38900.00    18.9121
  38910.00    18.8882
  38920.00    18.4651
  38930.00    18.6358
  38940.00    18.9492
  38950.00    18.8747
  38960.00    18.5489
  38970.00    18.9686
  38980.00    18.8919
  38990.00    19.4985
  39000.00    18.4273
  39010.00    19.3415
  39020.00    19.0531
  39030.00    18.3240
  39040.00    19.2835
  39050.00    18.9967
  39060.00    19.2004
  39070.00    18.8764
  39080.00    18.7978
  39090.00    18.9575
  39100.00    18.9540
  39110.00    18.9497
  39120.00    18.3858
  39130.00    18.8654
  39140.00    18.5095
  39150.00    18.9961
  39160.00    19.2341
  39170.00    19.7486
  39180.00    18.9971
  39190.00    19.3774
  39200.00    19.0917
  39210.00    18.8139
  39220.00    19.1519
  39230.00    19.2242
  39240.00    18.4132
  39250.00    18.8896
  39260.00    18.9047
  39270.00    18.8778
  39280.00    18.9690
  39290.00    18.7354
  39300.00    18.7817
  39310.00    18.9483
  39320.00    18.6836
  39330.00    19.3209
  39340.00    18.5240
  39350.00    19.2338
  39360.00    18.8571
  39370.00    19.1190
  39380.00    18.9851
  39390.00    19.2713
  39400.00    19.2918
  39410.00    18.9206
  39420.00    18.6477
  39430.00    19.0560
  39440.00    19.0744
  39450.00    18.6832
  39460.00    19.1392
  39470.00    19.1569
  39480.00    18.9969
  39490.00    18.9558
  39500.00    18.9956
  39510.00    18.9484
  39520.00    19.3714
  39530.00    18.6063
  39540.00    19.0186
  39550.00    18.5965
  39560.00    18.7217
  39570.00    18.3909
  39580.00    19.3160
  39590.00    18.7561
  39600.00    19.4383
  39610.00    18.7606
  39620.00    18.8152
  39630.00    18.7829
  39640.00    18.6616
  39650.00    19.1684
  39660.00    19.3200
  39670.00    19.2508
  39680.00    19.1598
  39690.00    19.1781
  39700.00    19.2244
  39710.00    19.3112
  39720.00    19.5654
  39730.00    18.6324
  39740.00    18.5671
  39750.00    18.7875
  39760.00    19.2507
  39770.00    18.8770
  39780.00    18.8151
  39790.00    18.6767
  39800.00    18.7461
  39810.00    19.0481
  39820.00    18.8052
  39830.00    19.3425
  39840.00    19.1243
  39850.00    18.8665
  39860.00    19.2897
  39870.00    18.9747
  39880.00    19.0599
  39890.00    18.7235
  39900.00    19.1144
  39910.00    18.8783
  39920.00    18.6923
  39930.00    18.8584
  39940.00    19.0351
  39950.00    18.6123
  39960.00    18.7811
  39970.00    19.4588
  39980.00    19.2101
  39990.00    19.0045
  40000.00    19.0630
  40010.00    19.4260
  40020.00    19.0276
  40030.00    18.8864
  40040.00    18.6163
  40050.00    19.1232
  40060.00    19.1694
  40070.00    19.3379
  40080.00    19.2274
  40090.00    18.5743
  40100.00    19.2884
  40110.00    18.8135
  40120.00    18.8960
  40130.00    18.8107
  40140.00    19.3160
  40150.00    18.6362
  40160.00    18.9648
  40170.00    19.0923
  40180.00    19.1523
  40190.00    19.7257
  40200.00    18.9249
  40210.00    18.9606
  40220.00    19.4069
  40230.00    19.0988
  40240.00    19.1415
  40250.00    19.1523
  40260.00    19.0485
  40270.00    19.1101
  40280.00    18.9563
  40290.00    18.7595
  40300.00    19.3126
  40310.00    18.9832
  40320.00    18.4813
  40330.00    18.3297
  40340.00    18.6609
  40350.00    19.2811
  40360.00    19.1114
  40370.00    18.9491
  40380.00    18.8412
  40390.00    19.7005
  40400.00    18.7755
  40410.00    18.6314
  40420.00    18.7431
  40430.00    18.6605
  40440.00    18.6545
  40450.00    18.7934
  40460.00    18.9090
  40470.00    18.7300
  40480.00    18.8412
  40490.00    18.9714
  40500.00    19.0229
  40510.00    19.0738
  40520.00    18.8948
  40530.00    19.2328
  40540.00    18.6354
  40550.00    18.9835
  40560.00    18.7384
  40570.00    18.9229
  40580.00    18.6469
  40590.00    19.0774
  40600.00    18.5841
  40610.00    18.9040
  40620.00    18.8123
  40630.00    19.2554
  40640.00    18.8932
  40650.00    19.0943
  40660.00    19.1435
  40670.00    18.5932
  40680.00    18.6744
  40690.00    18.9033
  40700.00    18.9586
  40710.00    18.7141
  40720.00    18.7972
  40730.00    19.1362
  40740.00    18.5330
  40750.00    18.8589
  40760.00    18.5926
  40770.00    18.7261
  40780.00    18.9889
  40790.00    19.2121
  40800.00    19.2161
  40810.00    18.7913
  40820.00    18.8725
  40830.00    19.2189
  40840.00    19.7838
  40850.00    19.0928
  40860.00    18.7688
  40870.00    18.6150
  40880.00    18.7509
  40890.00    19.1838
  40900.00    19.2704
  40910.00    19.0160
  40920.00    19.0093
  40930.00    18.6487
  40940.00    18.4118
  40950.00    19.0380
  40960.00    19.6317
  40970.00    19.1861
  40980.00    19.1881
  40990.00    18.6005
  41000.00    19.2268
  41010.00    19.3573
  41020.00    19.4474
  41030.00    18.8915
  41040.00    19.0262
  41050.00    18.9756
  41060.00    18.9127
  41070.00    18.7577
  41080.00    18.5100
  41090.00    19.3018
  41100.00    19.2643
  41110.00    18.6204
  41120.00    19.0354
  41130.00    18.6559
  41140.00    19.1828
  41150.00    19.1601
  41160.00    18.4535
  41170.00    19.1578
  41180.00    19.3374
  41190.00    19.6198
  41200.00    19.0362
  41210.00    18.9689
  41220.00    18.5736
  41230.00    19.2911
  41240.00    19.0751
  41250.00    18.9000
  41260.00    18.7039
  41270.00    18.8927
  41280.00    18.8871
  41290.00    18.3568
  41300.00    19.0918
  41310.00    18.8549
  41320.00    18.7062
  41330.00    18.7897
  41340.00    18.9093
  41350.00    19.4141
  41360.00    19.3039
  41370.00    18.7608
  41380.00    18.9687
  41390.00    18.7373
  41400.00    18.5055
  41410.00    18.6433
  41420.00    18.3935
  41430.00    19.3598
  41440.00    19.2325
  41450.00    18.3276
  41460.00    18.9992
  41470.00    18.6993
  41480.00    19.2832
  41490.00    18.6433
  41500.00    19.0077
  41510.00    18.8009
  41520.00    18.6093
  41530.00    19.0485
  41540.00    19.0603
  41550.00    18.7502
  41560.00    18.7913
  41570.00    18.9803
  41580.00    19.1859
  41590.00    18.9097
  41600.00    18.7932
  41610.00    18.9003
  41620.00    18.6519
  41630.00    19.2111
  41640.00    19.1010
  41650.00    19.2857
  41660.00    18.9456
  41670.00    18.9557
  41680.00    18.4155
  41690.00    18.8606
  41700.00    18.8723
  41710.00    18.5632
  41720.00    19.2064
  41730.00    19.1264
  41740.00    18.4528
  41750.00    18.8765
  41760.00    18.7375
  41770.00    18.7851
  41780.00    18.8556
  41790.00    19.0818
  41800.00    18.8658
  41810.00    19.1315
  41820.00    19.0291
  41830.00    19.1795
  41840.00    18.4712
  41850.00    19.0439
  41860.00    19.1062
  41870.00    19.3194
  41880.00    18.6225
  41890.00    18.6158
  41900.00    18.6607
  41910.00    18.5244
  41920.00    19.1055
  41930.00    18.6031
  41940.00    18.6690
  41950.00    19.0578
  41960.00    18.8828
  41970.00    18.9577
  41980.00    19.0011
  41990.00    18.7777
  42000.00    18.2532
  42010.00    18.5731
  42020.00    18.9604
  42030.00    18.8142
  42040.00    19.2748
  42050.00    18.9167
  42060.00    19.0502
  42070.00    19.1902
  42080.00    19.5774
  42090.00    18.6457
  42100.00    18.7317
  42110.00    18.6608
  42120.00    19.0389
  42130.00    19.1825
  42140.00    19.4631
  42150.00    18.6939
  42160.00    18.7157
  42170.00    19.1781
  42180.00    19.0473
  42190.00    18.8587
  42200.00    18.9388
  42210.00    18.8161
  42220.00    18.4515
  42230.00    18.3856
  42240.00    19.0364
  42250.00    19.0782
  42260.00    18.7942
  42270.00    19.0913
  42280.00    18.8868
  42290.00    18.7751
  42300.00    18.9582
  42310.00    18.9365
  42320.00    19.4276
  42330.00    19.6245
  42340.00    18.9113
  42350.00    18.7578
  42360.00    19.2818
  42370.00    19.1706
  42380.00    18.7864
  42390.00    18.4341
  42400.00    18.8716
  42410.00    19.4005
  42420.00    19.3031
  42430.00    18.9765
  42440.00    18.7614
  42450.00    19.1691
  42460.00    19.3822
  42470.00    19.3457
  42480.00    18.5334
  42490.00    18.9924
  42500.00    18.6553
  42510.00    18.9867
  42520.00    19.3379
  42530.00    19.2209
  42540.00    19.1313
  42550.00    18.7651
  42560.00    18.5324
  42570.00    19.3040
  42580.00    18.8252
  42590.00    19.1352
  42600.00    19.3382
  42610.00    19.1999
  42620.00    18.7206
  42630.00    18.6785
  42640.00    18.9008
  42650.00    19.3811
  42660.00    19.4594
  42670.00    18.4310
  42680.00    19.1955
  42690.00    18.7129
  42700.00    19.1332
  42710.00    18.5282
  42720.00    18.4270
  42730.00    18.7509
  42740.00    18.5297
  42750.00    18.9619
  42760.00    18.5311
  42770.00    18.9702
  42780.00    18.5253
  42790.00    19.2520
  42800.00    19.3266
  42810.00    19.0079
  42820.00    18.7244
  42830.00    18.8069
  42840.00    19.2073
  42850.00    18.6832
  42860.00    18.6890
  42870.00    19.3149
  42880.00    19.0465
  42890.00    18.7023
  42900.00    19.0745
  42910.00    18.8864
  42920.00    18.8590
  42930.00    18.9933
  42940.00    19.0535
  42950.00    18.5447
  42960.00    18.8115
  42970.00    18.9589
  42980.00    18.8273
  42990.00    18.9590
  43000.00    19.3183
  43010.00    18.7617
  43020.00    19.1301
  43030.00    19.3964
  43040.00    19.0572
  43050.00    19.0718
  43060.00    19.0491
  43070.00    18.8840
  43080.00    18.9678
  43090.00    18.8432
  43100.00    18.8403
  43110.00    18.1213
  43120.00    18.9019
  43130.00    18.9351
  43140.00    18.6151
  43150.00    18.5934
  43160.00    18.6882
  43170.00    19.1315
  43180.00    18.5850
  43190.00    18.7116
  43200.00    18.3659
  43210.00    18.4208
  43220.00    18.8445
  43230.00    19.0062
  43240.00    18.8808
  43250.00    19.0023
  43260.00    18.7679
  43270.00    19.1234
  43280.00    19.2190
  43290.00    19.1553
  43300.00    18.9234
  43310.00    19.1644
  43320.00    18.5462
  43330.00    18.8745
  43340.00    19.2271
  43350.00    18.3848
  43360.00    19.1353
  43370.00    18.8702
  43380.00    19.2120
  43390.00    19.1256
  43400.00    18.9056
  43410.00    18.8387
  43420.00    19.3059
  43430.00    19.4374
  43440.00    18.8871
  43450.00    18.6974
  43460.00    19.0650
  43470.00    18.6066
  43480.00    19.0717
  43490.00    18.2311
  43500.00    18.6194
  43510.00    18.9019
  43520.00    18.8536
  43530.00    19.4485
  43540.00    18.9554
  43550.00    19.2236
  43560.00    18.8637
  43570.00    19.1762
  43580.00    19.1021
  43590.00    18.5924
  43600.00    18.8117
  43610.00    18.7415
  43620.00    18.9055
  43630.00    18.4038
  43640.00    19.1674
  43650.00    19.0040
  43660.00    18.8393
  43670.00    18.6497
  43680.00    18.7384
  43690.00    18.9534
  43700.00    19.1274
  43710.00    19.2123
  43720.00    18.8433
  43730.00    19.4865
  43740.00    18.7590
  43750.00    19.7019
  43760.00    18.6119
  43770.00    18.7568
  43780.00    18.8168
  43790.00    19.0881
  43800.00    19.1141
  43810.00    18.9774
  43820.00    18.8911
  43830.00    19.3958
  43840.00    19.1646
  43850.00    19.1608
  43860.00    19.3242
  43870.00    18.8541
  43880.00    19.0308
  43890.00    19.1720
  43900.00    18.8569
  43910.00    18.9823
  43920.00    18.8815
  43930.00    18.9373
  43940.00    18.7269
  43950.00    19.3975
  43960.00    19.0207
  43970.00    18.9859
  43980.00    19.1946
  43990.00    19.2227
  44000.00    19.3004
  44010.00    19.1584
  44020.00    18.3550
  44030.00    19.1441
  44040.00    19.0317
  44050.00    19.2685
  44060.00    18.6228
  44070.00    18.9745
  44080.00    19.0085
  44090.00    19.0549
  44100.00    19.0846
  44110.00    19.3920
  44120.00    19.0054
  44130.00    19.1886
  44140.00    18.6065
  44150.00    19.1069
  44160.00    18.9718
  44170.00    18.5294
  44180.00    19.2059
  44190.00    18.8303
  44200.00    19.0824
  44210.00    19.0195
  44220.00    18.0543
  44230.00    19.0829
  44240.00    18.5855
  44250.00    18.9234
  44260.00    18.6126
  44270.00    18.7605
  44280.00    18.5210
  44290.00    18.7055
  44300.00    19.1225
  44310.00    18.5624
  44320.00    18.4614
  44330.00    18.6964
  44340.00    18.6998
  44350.00    18.7629
  44360.00    18.4241
  44370.00    18.6788
  44380.00    18.5760
  44390.00    19.3853
  44400.00    18.7155
  44410.00    19.0488
  44420.00    18.7272
  44430.00    19.1885
  44440.00    18.5501
  44450.00    18.7339
  44460.00    19.0050
  44470.00    18.8155
  44480.00    19.2400
  44490.00    19.0154
  44500.00    18.9967
  44510.00    18.7766
  44520.00    19.0613
  44530.00    18.7047
  44540.00    18.9539
  44550.00    19.5420
  44560.00    18.4795
  44570.00    18.9446
  44580.00    19.2462
  44590.00    19.2914
  44600.00    18.8008
  44610.00    18.6433
  44620.00    18.8744
  44630.00    18.9425
  44640.00    19.1011
  44650.00    19.3721
  44660.00    19.1904
  44670.00    19.1084
  44680.00    18.9862
  44690.00    19.0889
  44700.00    19.3424
  44710.00    18.9832
  44720.00    18.8267
  44730.00    18.8642
  44740.00    19.2486
  44750.00    18.9334
  44760.00    18.9414
  44770.00    19.4521
  44780.00    19.1574
  44790.00    19.3547
  44800.00    18.7194
  44810.00    18.9429
  44820.00    19.0060
  44830.00    18.6493
  44840.00    18.7145
  44850.00    18.7622
  44860.00    18.7965
  44870.00    19.1986
  44880.00    18.7259
  44890.00    18.7497
  44900.00    19.0579
  44910.00    19.1955
  44920.00    18.7444
  44930.00    18.8639
  44940.00    18.7261
  44950.00    19.1929
  44960.00    19.2589
  44970.00    18.8754
  44980.00    18.6158
  44990.00    18.8510
  45000.00    18.7316
  45010.00    19.2140
  45020.00    19.1892
  45030.00    19.0745
  45040.00    19.2877
  45050.00    18.9779
  45060.00    19.2162
  45070.00    19.0341
  45080.00    19.0334
  45090.00    19.1936
  45100.00    18.5862
  45110.00    19.1332
  45120.00    18.7519
  45130.00    19.1225
  45140.00    18.9302
  45150.00    19.2002
  45160.00    19.6522
  45170.00    18.7236
  45180.00    18.9345
  45190.00    19.1118
  45200.00    18.7488
  45210.00    18.7721
  45220.00    18.8716
  45230.00    18.5075
  45240.00    18.8968
  45250.00    18.8835
  45260.00    18.5304
  45270.00    19.0563
  45280.00    18.8213
  45290.00    18.8188
  45300.00    19.2097
  45310.00    18.4358
  45320.00    18.9752
  45330.00    18.5978
  45340.00    18.5328
  45350.00    19.4401
  45360.00    18.9390
  45370.00    19.1825
  45380.00    18.9684
  45390.00    19.1889
  45400.00    18.9598
  45410.00    19.0152
  45420.00    18.8152
  45430.00    18.4492
  45440.00    18.9984
  45450.00    18.7293
  45460.00    18.7143
  45470.00    19.1450
  45480.00    19.0855
  45490.00    19.2549
  45500.00    19.0234
  45510.00    19.3997
  45520.00    18.8782
  45530.00    19.1017
  45540.00    19.1296
  45550.00    18.9640
  45560.00    18.9002
  45570.00    19.2317
  45580.00    19.1425
  45590.00    19.1246
  45600.00    19.3633
  45610.00    19.3775
  45620.00    19.1790
  45630.00    19.3038
  45640.00    19.5224
  45650.00    19.3817
  45660.00    18.9503
  45670.00    19.2195
  45680.00    19.0791
  45690.00    19.4946
  45700.00    19.1172
  45710.00    19.2620
  45720.00    18.6361
  45730.00    18.8320
  45740.00    19.0478
  45750.00    19.2982
  45760.00    18.9407
  45770.00    19.0145
  45780.00    18.9183
  45790.00    18.5438
  45800.00    18.4425
  45810.00    18.7103
  45820.00    18.8246
  45830.00    19.0527
  45840.00    18.7627
  45850.00    18.8050
  45860.00    19.1893
  45870.00    18.8813
  45880.00    19.0411
  45890.00    19.0584
  45900.00    18.9812
  45910.00    18.9652
  45920.00    18.6997
  45930.00    18.8179
  45940.00    19.1408
  45950.00    18.9648
  45960.00    18.8765
  45970.00    19.1838
  45980.00    18.5521
  45990.00    19.2458
  46000.00    19.0254
  46010.00    18.9049
  46020.00    18.9907
  46030.00    19.0980
  46040.00    18.9129
  46050.00    18.3878
  46060.00    19.0950
  46070.00    19.3774
  46080.00    18.6565
  46090.00    19.2106
  46100.00    19.0587
  46110.00    18.4706
  46120.00    18.3461
  46130.00    19.0478
  46140.00    19.1056
  46150.00    19.3495
  46160.00    18.0339
  46170.00    18.6728
  46180.00    17.9767
  46190.00    18.9906
  46200.00    18.6783
  46210.00    18.4308
  46220.00    18.3755
  46230.00    18.8840
  46240.00    18.8255
  46250.00    18.4995
  46260.00    18.3995
  46270.00    18.9812
  46280.00    18.3045
  46290.00    18.4847
  46300.00    18.8622
  46310.00    18.9121
  46320.00    18.9656
  46330.00    18.7820
  46340.00    18.7228
  46350.00    18.8409
  46360.00    18.6761
  46370.00    18.7118
  46380.00    18.6150
  46390.00    18.9685
  46400.00    18.8500
  46410.00    19.7942
  46420.00    18.7042
  46430.00    19.3777
  46440.00    19.1282
  46450.00    19.1082
  46460.00    18.5890
  46470.00    19.3168
  46480.00    18.7726
  46490.00    18.6229
  46500.00    18.5484
  46510.00    19.1913
  46520.00    18.2572
  46530.00    19.0003
  46540.00    18.6791
  46550.00    18.5367
  46560.00    18.3230
  46570.00    18.8933
  46580.00    19.0720
  46590.00    18.8045
  46600.00    19.0428
  46610.00    19.1799
  46620.00    18.3832
  46630.00    18.2931
  46640.00    19.0412
  46650.00    18.9361
  46660.00    19.2386
  46670.00    18.5249
  46680.00    18.4744
  46690.00    19.1945
  46700.00    18.9776
  46710.00    19.1626
  46720.00    18.5867
  46730.00    18.4608
  46740.00    18.9574
  46750.00    18.8095
  46760.00    19.2369
  46770.00    18.6807
  46780.00    19.0661
  46790.00    19.2662
  46800.00    19.2135
  46810.00    18.8459
  46820.00    18.9081
  46830.00    19.1711
  46840.00    18.6397
  46850.00    18.7897
  46860.00    19.1732
  46870.00    18.5638
  46880.00    19.1531
  46890.00    18.6558
  46900.00    18.8935
  46910.00    17.9744
  46920.00    18.9502
  46930.00    18.7265
  46940.00    18.7477
  46950.00    18.8233
  46960.00    19.0255
  46970.00    18.3168
  46980.00    18.9224
  46990.00    19.2925
  47000.00    18.8934
  47010.00    18.4800
  47020.00    18.9431
  47030.00    19.3585
  47040.00    18.7481
  47050.00    18.6207
  47060.00    18.8113
  47070.00    18.6981
  47080.00    19.1973
  47090.00    18.3905
  47100.00    18.8296
  47110.00    19.1449
  47120.00    19.0890
  47130.00    19.1492
  47140.00    18.6926
  47150.00    18.6695
  47160.00    18.6284
  47170.00    18.9726
  47180.00    18.7664
  47190.00    18.6571
  47200.00    19.1137
  47210.00    19.1455
  47220.00    18.9464
  47230.00    18.9785
  47240.00    18.5608
  47250.00    19.1014
  47260.00    19.1328
  47270.00    18.5775
  47280.00    18.8951
  47290.00    18.6635
  47300.00    19.4674
  47310.00    18.4949
  47320.00    18.5466
  47330.00    19.2422
  47340.00    18.7935
  47350.00    18.6473
  47360.00    18.7150
  47370.00    19.0125
  47380.00    19.3714
  47390.00    18.9879
  47400.00    18.7103
  47410.00    19.1041
  47420.00    18.9315
  47430.00    18.8395
  47440.00    18.2711
  47450.00    19.2088
  47460.00    18.7803
  47470.00    18.2234
  47480.00    19.0169
  47490.00    19.0430
  47500.00    19.7387
  47510.00    18.7108
  47520.00    18.9855
  47530.00    18.8925
  47540.00    18.7761
  47550.00    19.3154
  47560.00    18.8121
  47570.00    19.5087
  47580.00    19.4886
  47590.00    19.2288
  47600.00    19.4118
  47610.00    19.2566
  47620.00    18.7227
  47630.00    19.1748
  47640.00    19.2466
  47650.00    18.9670
  47660.00    19.1602
  47670.00    18.9559
  47680.00    19.2540
  47690.00    19.0595
  47700.00    19.2397
  47710.00    18.9902
  47720.00    19.1097
  47730.00    19.0385
  47740.00    18.8749
  47750.00    18.4889
  47760.00    18.3461
  47770.00    18.6676
  47780.00    18.8476
  47790.00    18.2335
  47800.00    19.6143
  47810.00    19.3980
  47820.00    19.3560
  47830.00    19.5882
  47840.00    19.5957
  47850.00    19.4319
  47860.00    19.5183
  47870.00    18.7542
  47880.00    19.2670
  47890.00    18.6813
  47900.00    18.9457
  47910.00    19.7471
  47920.00    18.4349
  47930.00    19.0711
  47940.00    19.3171
  47950.00    18.5731
  47960.00    18.9029
  47970.00    18.7329
  47980.00    19.0313
  47990.00    19.0974
  48000.00    19.3192
  48010.00    18.8680
  48020.00    18.6540
  48030.00    18.9438
  48040.00    19.1025
  48050.00    19.4579
  48060.00    19.2940
  48070.00    19.2930
  48080.00    18.8176
  48090.00    19.1437
  48100.00    19.0805
  48110.00    19.4596
  48120.00    18.9293
  48130.00    19.0383
  48140.00    19.2674
  48150.00    18.9255
  48160.00    18.5202
  48170.00    19.2321
  48180.00    19.5639
  48190.00    18.7544
  48200.00    18.6421
  48210.00    19.0674
  48220.00    19.5227
  48230.00    19.7280
  48240.00    18.4848
  48250.00    19.1100
  48260.00    19.2221
  48270.00    18.8200
  48280.00    18.9711
  48290.00    18.9355
  48300.00    19.0697
  48310.00    18.8818
  48320.00    18.8652
  48330.00    19.0473
  48340.00    18.5275
  48350.00    19.0414
  48360.00    19.2615
  48370.00    18.9792
  48380.00    19.4324
  48390.00    19.4725
  48400.00    18.8864
  48410.00    18.3249
  48420.00    19.0102
  48430.00    19.2170
  48440.00    18.9727
  48450.00    19.4189
  48460.00    19.3405
  48470.00    19.1252
  48480.00    19.1379
  48490.00    19.0765
  48500.00    18.7648
  48510.00    18.7477
  48520.00    19.0915
  48530.00    18.6448
  48540.00    19.1386
  48550.00    18.4748
  48560.00    18.6848
  48570.00    18.7465
  48580.00    18.7020
  48590.00    18.6969
  48600.00    19.1451
  48610.00    18.6797
  48620.00    19.0318
  48630.00    18.7517
  48640.00    18.9235
  48650.00    18.9329
  48660.00    19.2360
  48670.00    18.8903
  48680.00    18.5508
  48690.00    19.1025
  48700.00    18.7345
  48710.00    18.5895
  48720.00    18.4897
  48730.00    18.7369
  48740.00    18.6901
  48750.00    19.0088
  48760.00    18.9972
  48770.00    18.7926
  48780.00    18.6335
  48790.00    19.3066
  48800.00    18.8276
  48810.00    19.2733
  48820.00    19.1068
  48830.00    19.2074
  48840.00    18.5981
  48850.00    19.6381
  48860.00    18.5829
  48870.00    18.8429
  48880.00    19.1848
  48890.00    19.1032
  48900.00    19.1091
  48910.00    18.8393
  48920.00    18.6270
  48930.00    18.9440
  48940.00    18.5449
  48950.00    18.6604
  48960.00    19.1450
  48970.00    19.3665
  48980.00    18.3382
  48990.00    18.9801
  49000.00    18.6210
  49010.00    19.5142
  49020.00    18.7825
  49030.00    18.8950
  49040.00    19.5620
  49050.00    18.7177
  49060.00    18.9908
  49070.00    19.3503
  49080.00    18.7094
  49090.00    19.1422
  49100.00    19.3181
  49110.00    19.2716
  49120.00    19.1406
  49130.00    19.0228
  49140.00    18.4528
  49150.00    18.8613
  49160.00    19.2322
  49170.00    18.8838
  49180.00    18.6961
  49190.00    18.9796
  49200.00    18.9192
  49210.00    19.3790
  49220.00    19.3584
  49230.00    18.9362
  49240.00    18.4689
  49250.00    18.2801
  49260.00    18.6653
  49270.00    18.8749
  49280.00    18.7190
  49290.00    19.1857
  49300.00    18.9665
  49310.00    18.8926
  49320.00    19.2482
  49330.00    18.4434
  49340.00    19.1781
  49350.00    18.7965
  49360.00    19.1554
  49370.00    18.9509
  49380.00    19.1720
  49390.00    18.5239
  49400.00    18.5248
  49410.00    19.1441
  49420.00    18.8867
  49430.00    19.1765
  49440.00    19.0883
  49450.00    19.3206
  49460.00    19.0433
  49470.00    18.8703
  49480.00    19.0988
  49490.00    19.1451
  49500.00    18.7889
  49510.00    18.5085
  49520.00    18.8162
  49530.00    18.6363
  49540.00    19.0564
  49550.00    19.2424
  49560.00    18.8428
  49570.00    18.8474
  49580.00    18.8029
  49590.00    19.4913
  49600.00    19.3586
  49610.00    18.8431
  49620.00    18.7938
  49630.00    19.5741
  49640.00    18.9715
  49650.00    18.8508
  49660.00    18.9670
  49670.00    19.3825
  49680.00    18.9266
  49690.00    19.0779
  49700.00    19.2291
  49710.00    19.2574
  49720.00    18.9707
  49730.00    19.1623
  49740.00    19.0424
  49750.00    18.7669
  49760.00    18.7880
  49770.00    18.5556
  49780.00    19.0808
  49790.00    19.0636
  49800.00    19.0258
  49810.00    18.5158
  49820.00    18.8793
  49830.00    18.5080
  49840.00    18.6989
  49850.00    18.9816
  49860.00    19.1146
  49870.00    19.1403
  49880.00    18.9390
  49890.00    18.9371
  49900.00    18.3695
  49910.00    18.4526
  49920.00    18.9557
  49930.00    18.9668
  49940.00    19.4585
  49950.00    19.2592
  49960.00    19.1618
  49970.00    18.6280
  49980.00    18.8785
  49990.00    19.3808
  50000.00    19.0901
