     10.00   -15.4839
     20.00   -15.6551
     30.00   -15.8464
     40.00   -16.1404
     50.00   -15.6513
     60.00   -15.5995
     70.00   -15.9200
     80.00   -15.8697
     90.00   -15.6737
    100.00   -16.1337
    110.00   -16.1731
    120.00   -15.8784
    130.00   -15.7741
    140.00   -16.1399
    150.00   -15.8035
    160.00   -15.9485
    170.00   -15.8101
    180.00   -15.9895
    190.00   -16.3360
    200.00   -16.2519
    210.00   -15.8611
    220.00   -15.3935
    230.00   -16.3266
    240.00   -15.9350
    250.00   -15.7945
    260.00   -15.5192
    270.00   -16.1612
    280.00   -15.5308
    290.00   -16.4413
    300.00   -16.4000
    310.00   -15.9689
    320.00   -15.9098
    330.00   -16.2586
    340.00   -16.1531
    350.00   -15.3867
    360.00   -16.2071
    370.00   -15.9578
    380.00   -15.7941
    390.00   -16.3358
    400.00   -16.1639
    410.00   -16.3349
    420.00   -15.7306
    430.00   -15.6254
    440.00   -16.1874
    450.00   -16.3954
    460.00   -16.1907
    470.00   -16.0472
    480.00   -15.7843
    490.00   -15.5833
    500.00   -15.8134
    510.00   -15.6748
    520.00   -16.1714
    530.00   -16.3464
    540.00   -16.4281
    550.00   -16.5210
    560.00   -16.2410
    570.00   -16.1853
    580.00   -16.7351
    590.00   -15.9823
    600.00   -16.0633
    610.00   -16.2398
    620.00   -16.1565
    630.00   -15.7715
    640.00   -16.1390
    650.00   -16.0371
    660.00   -15.7286
    670.00   -15.4161
    680.00   -16.2800
    690.00   -16.2187
    700.00   -15.5921
    710.00   -16.1305
    720.00   -15.6743
    730.00   -16.1491
    740.00   -15.8668
    750.00   -16.1119
    760.00   -15.4401
    770.00   -16.0200
    780.00   -15.9775
    790.00   -16.2909
    800.00   -15.9296
    810.00   -15.6276
    820.00   -15.9280
    830.00   -16.0595
    840.00   -15.7474
    850.00   -16.0002
    860.00   -15.8938
    870.00   -15.6592
    880.00   -16.3898
    890.00   -15.6807
    900.00   -15.7641
    910.00   -15.7033
    920.00   -16.1629
    930.00   -15.8330
    940.00   -15.6135
    950.00   -15.8456
    960.00   -15.9849
    970.00   -15.7375
    980.00   -15.9070
    990.00   -15.6389
   1000.00   -15.5900
   1010.00   -15.7451
   1020.00   -16.1274
   1030.00   -15.8045
   1040.00   -15.5156
   1050.00   -15.6777
   1060.00   -15.8930
   1070.00   -15.5420
   1080.00   -16.0220
   1090.00   -15.7401
   1100.00   -15.9192
   1110.00   -16.1249
   1120.00   -15.9359
   1130.00   -15.9966
   1140.00   -15.9878
   1150.00   -15.0381
   1160.00   -16.1933
   1170.00   -15.7872
   1180.00   -16.3811
   1190.00   -15.7479
   1200.00   -15.9177
   1210.00   -15.9906
   1220.00   -16.0448
   1230.00   -15.7014
   1240.00   -16.1895
   1250.00   -15.8214
   1260.00   -15.9623
   1270.00   -15.6125
   1280.00   -15.6236
   1290.00   -15.7934
   1300.00   -15.4445
   1310.00   -15.2849
   1320.00   -16.2313
   1330.00   -16.0063
   1340.00   -15.8997
   1350.00   -15.4131
   1360.00   -15.9393
   1370.00   -15.3719
   1380.00   -15.3172
   1390.00   -15.8402
   1400.00   -15.8361
   1410.00   -15.9049
   1420.00   -15.8329
   1430.00   -15.9271
   1440.00   -15.8485
   1450.00   -16.3946
   1460.00   -15.8972
   1470.00   -15.7867
   1480.00   -16.1467
   1490.00   -15.5531
   1500.00   -16.1874
   1510.00   -16.3932
   1520.00   -15.7029
   1530.00   -15.6536
   1540.00   -16.1734
   1550.00   -15.2908
   1560.00   -16.3329
   1570.00   -15.5260
   1580.00   -15.8315
   1590.00   -16.0548
   1600.00   -15.6901
   1610.00   -15.6325
   1620.00   -16.4134
   1630.00   -15.8259
   1640.00   -16.1707
   1650.00   -16.0369
   1660.00   -15.6650
   1670.00   -15.4946
   1680.00   -15.8084
   1690.00   -16.1883
   1700.00   -15.5344
   1710.00   -15.6337
   1720.00   -15.9688
   1730.00   -15.9449
   1740.00   -15.7504
   1750.00   -15.7526
   1760.00   -15.9132
   1770.00   -16.6576
   1780.00   -16.2617
   1790.00   -15.9147
   1800.00   -16.4218
   1810.00   -15.9209
   1820.00   -16.1567
   1830.00   -16.3234
   1840.00   -16.0364
   1850.00   -15.6124
   1860.00   -15.9767
   1870.00   -16.1258
   1880.00   -16.2322
   1890.00   -15.8117
   1900.00   -15.9306
   1910.00   -16.0953
   1920.00   -15.8627
   1930.00   -15.7938
   1940.00   -15.7916
   1950.00   -15.5998
   1960.00   -16.3768
   1970.00   -15.7113
   1980.00   -15.8274
   1990.00   -16.0597
   2000.00   -15.9319
   2010.00   -15.8603
   2020.00   -16.4147
   2030.00   -15.9240
   2040.00   -15.6331
   2050.00   -16.1542
   2060.00   -16.0699
   2070.00   -16.0336
   2080.00   -15.8268
   2090.00   -16.4153
   2100.00   -15.7856
   2110.00   -16.1444
   2120.00   -15.9390
   2130.00   -16.4457
   2140.00   -16.0445
   2150.00   -15.9080
   2160.00   -16.2171
   2170.00   -15.5483
   2180.00   -15.7939
   2190.00   -15.6292
   2200.00   -15.5920
   2210.00   -15.7807
   2220.00   -16.1979
   2230.00   -15.7478
   2240.00   -15.6071
   2250.00   -16.0906
   2260.00   -16.1360
   2270.00   -15.8490
   2280.00   -15.8183
   2290.00   -15.9994
   2300.00   -16.1461
   2310.00   -16.3419
   2320.00   -16.1733
   2330.00   -15.5796
   2340.00   -15.6295
   2350.00   -15.9321
   2360.00   -15.6228
   2370.00   -15.6551
   2380.00   -15.7693
   2390.00   -16.1030
   2400.00   -16.1812
   2410.00   -15.8688
   2420.00   -16.1378
   2430.00   -16.1989
   2440.00   -15.9159
   2450.00   -16.0137
   2460.00   -15.9081
   2470.00   -15.7773
   2480.00   -16.1615
   2490.00   -16.2235
   2500.00   -16.1870
   2510.00   -15.7608
   2520.00   -15.9894
   2530.00   -16.5862
   2540.00   -15.5604
   2550.00   -15.7565
   2560.00   -15.7707
   2570.00   -15.7922
   2580.00   -15.7597
   2590.00   -15.9831
   2600.00   -15.8498
   2610.00   -15.7649
   2620.00   -15.8007
   2630.00   -16.1229
   2640.00   -16.3168
   2650.00   -15.7650
   2660.00   -15.6951
   2670.00   -15.8915
   2680.00   -16.2505
   2690.00   -15.4243
   2700.00   -15.8537
   2710.00   -15.9080
   2720.00   -15.5390
   2730.00   -16.1331
   2740.00   -15.8685
   2750.00   -15.9462
   2760.00   -15.8240
   2770.00   -16.1213
   2780.00   -16.0371
   2790.00   -15.4399
   2800.00   -16.5128
   2810.00   -16.6855
   2820.00   -15.9551
   2830.00   -15.6114
   2840.00   -16.2179
   2850.00   -15.7905
   2860.00   -15.3243
   2870.00   -15.9919
   2880.00   -16.2265
   2890.00   -15.9780
   2900.00   -15.6504
   2910.00   -16.0689
   2920.00   -15.9187
   2930.00   -15.9207
   2940.00   -15.7088
   2950.00   -15.8633
   2960.00   -15.6323
   2970.00   -15.8016
   2980.00   -16.1692
   2990.00   -15.8788
   3000.00   -15.9161
   3010.00   -15.1572
   3020.00   -16.4278
   3030.00   -16.0544
   3040.00   -15.6794
   3050.00   -16.3467
   3060.00   -16.3294
   3070.00   -15.7241
   3080.00   -15.9948
   3090.00   -16.3661
   3100.00   -15.5260
   3110.00   -15.8031
   3120.00   -15.8131
   3130.00   -15.6212
   3140.00   -15.4316
   3150.00   -15.7744
   3160.00   -15.9055
   3170.00   -15.9774
   3180.00   -15.7425
   3190.00   -16.0881
   3200.00   -15.8426
   3210.00   -15.7145
   3220.00   -16.1187
   3230.00   -16.0117
   3240.00   -16.0272
   3250.00   -15.8498
   3260.00   -15.7478
   3270.00   -15.6203
   3280.00   -16.2715
   3290.00   -16.4382
   3300.00   -16.4674
   3310.00   -16.0540
   3320.00   -15.8693
   3330.00   -16.4531
   3340.00   -15.9980
   3350.00   -16.1210
   3360.00   -15.4928
   3370.00   -15.9633
   3380.00   -16.0349
   3390.00   -16.0202
   3400.00   -16.0466
   3410.00   -15.9337
   3420.00   -16.0350
   3430.00   -16.6399
   3440.00   -16.4440
   3450.00   -15.8101
   3460.00   -15.7824
   3470.00   -16.4408
   3480.00   -16.2493
   3490.00   -16.5052
   3500.00   -15.8411
   3510.00   -15.3051
   3520.00   -16.0864
   3530.00   -15.7806
   3540.00   -15.9458
   3550.00   -16.0729
   3560.00   -15.8263
   3570.00   -16.4335
   3580.00   -16.0150
   3590.00   -16.4017
   3600.00   -16.1247
   3610.00   -16.0409
   3620.00   -16.0595
   3630.00   -16.1885
   3640.00   -15.9099
   3650.00   -15.6750
   3660.00   -15.4645
   3670.00   -15.7157
   3680.00   -16.3503
   3690.00   -16.2135
   3700.00   -15.9981
   3710.00   -16.2805
   3720.00   -16.5639
   3730.00   -16.0073
   3740.00   -16.2501
   3750.00   -15.7908
   3760.00   -16.6521
   3770.00   -16.1833
   3780.00   -16.3037
   3790.00   -16.3711
   3800.00   -16.0114
   3810.00   -16.4697
   3820.00   -15.5026
   3830.00   -16.1838
   3840.00   -15.8754
   3850.00   -16.5800
   3860.00   -15.9001
   3870.00   -16.2100
   3880.00   -16.2968
   3890.00   -16.5146
   3900.00   -16.0186
   3910.00   -15.9702
   3920.00   -15.9246
   3930.00   -16.4043
   3940.00   -16.4783
   3950.00   -16.3707
   3960.00   -15.6562
   3970.00   -16.0882
   3980.00   -16.1585
   3990.00   -15.5323
   4000.00   -16.2487
   4010.00   -16.3180
   4020.00   -16.4185
   4030.00   -15.8621
   4040.00   -15.6955
   4050.00   -16.1215
   4060.00   -16.0298
   4070.00   -16.6142
   4080.00   -15.9560
   4090.00   -16.3232
   4100.00   -15.8372
   4110.00   -15.7767
   4120.00   -15.7947
   4130.00   -15.8059
   4140.00   -15.7207
   4150.00   -15.5926
   4160.00   -15.7342
   4170.00   -15.8818
   4180.00   -15.5864
   4190.00   -15.6229
   4200.00   -15.5754
   4210.00   -15.5252
   4220.00   -15.7707
   4230.00   -15.9480
   4240.00   -16.0310
   4250.00   -15.9293
   4260.00   -16.1049
   4270.00   -15.9997
   4280.00   -15.6367
   4290.00   -16.2764
   4300.00   -15.9557
   4310.00   -16.0420
   4320.00   -15.7713
   4330.00   -15.7199
   4340.00   -15.8890
   4350.00   -15.9974
   4360.00   -16.1591
   4370.00   -15.9020
   4380.00   -15.9475
   4390.00   -15.9906
   4400.00   -15.5757
   4410.00   -16.2078
   4420.00   -16.0993
   4430.00   -16.1392
   4440.00   -15.6069
   4450.00   -15.7366
   4460.00   -15.8471
   4470.00   -16.0135
   4480.00   -15.8274
   4490.00   -16.0574
   4500.00   -15.9261
   4510.00   -16.4523
   4520.00   -15.9206
   4530.00   -15.7816
   4540.00   -16.1833
   4550.00   -16.0354
   4560.00   -15.5033
   4570.00   -15.9759
   4580.00   -16.1479
   4590.00   -15.7972
   4600.00   -16.5815
   4610.00   -15.5296
   4620.00   -16.0686
   4630.00   -15.5530
   4640.00   -15.7195
   4650.00   -15.6369
   4660.00   -15.8148
   4670.00   -15.6407
   4680.00   -15.6786
   4690.00   -15.6593
   4700.00   -15.9610
   4710.00   -15.9925
   4720.00   -15.9239
   4730.00   -15.9297
   4740.00   -16.1252
   4750.00   -15.5890
   4760.00   -16.3317
   4770.00   -15.3407
   4780.00   -15.9563
   4790.00   -15.8652
   4800.00   -16.4038
   4810.00   -15.6169
   4820.00   -15.4089
   4830.00   -16.1323
   4840.00   -15.7872
   4850.00   -15.9396
   4860.00   -16.2032
   4870.00   -15.5915
   4880.00   -15.6463
   4890.00   -16.3461
   4900.00   -16.1781
   4910.00   -16.0897
   4920.00   -16.0566
   4930.00   -15.4643
   4940.00   -16.3760
   4950.00   -15.8759
   4960.00   -15.7966
   4970.00   -15.3676
   4980.00   -15.9927
   4990.00   -16.2769
   5000.00   -16.0644
   5010.00   -15.5240
   5020.00   -15.8662
   5030.00   -16.0280
   5040.00   -16.2959
   5050.00   -15.5067
   5060.00   -15.9852
   5070.00   -16.4523
   5080.00   -15.5929
   5090.00   -16.3039
   5100.00   -16.5863
   5110.00   -16.0123
   5120.00   -16.5561
   5130.00   -16.1710
   5140.00   -16.1646
   5150.00   -16.0247
   5160.00   -16.2713
   5170.00   -16.1257
   5180.00   -16.2194
   5190.00   -15.9428
   5200.00   -15.6481
   5210.00   -15.9266
   5220.00   -15.9548
   5230.00   -15.5498
   5240.00   -16.1654
   5250.00   -16.0926
   5260.00   -15.6641
   5270.00   -16.1951
   5280.00   -16.1551
   5290.00   -15.9960
   5300.00   -15.9800
   5310.00   -16.1003
   5320.00   -16.1171
   5330.00   -15.7193
   5340.00   -15.8717
   5350.00   -15.6337
   5360.00   -16.0427
   5370.00   -16.2185
   5380.00   -15.9280
   5390.00   -15.6794
   5400.00   -15.7305
   5410.00   -15.5646
   5420.00   -15.8625
   5430.00   -16.0326
   5440.00   -15.7557
   5450.00   -16.1599
   5460.00   -16.2792
   5470.00   -15.9543
   5480.00   -16.0511
   5490.00   -15.8739
   5500.00   -15.4450
   5510.00   -15.5856
   5520.00   -16.1389
   5530.00   -15.9040
   5540.00   -15.3556
   5550.00   -16.1370
   5560.00   -15.6152
   5570.00   -16.2071
   5580.00   -16.0721
   5590.00   -15.6346
   5600.00   -15.6551
   5610.00   -15.4535
   5620.00   -15.9355
   5630.00   -15.9928
   5640.00   -15.7829
   5650.00   -15.6031
   5660.00   -16.4074
   5670.00   -16.0722
   5680.00   -16.0263
   5690.00   -15.9654
   5700.00   -15.5288
   5710.00   -15.9307
   5720.00   -15.4817
   5730.00   -15.9373
   5740.00   -16.2535
   5750.00   -15.7739
   5760.00   -16.0483
   5770.00   -15.6613
   5780.00   -16.1538
   5790.00   -16.2053
   5800.00   -16.0212
   5810.00   -16.1263
   5820.00   -15.8072
   5830.00   -15.8508
   5840.00   -16.2678
   5850.00   -15.8134
   5860.00   -16.0811
   5870.00   -16.0373
   5880.00   -16.2299
   5890.00   -16.0639
   5900.00   -16.3109
   5910.00   -16.0225
   5920.00   -16.1754
   5930.00   -16.1885
   5940.00   -15.6663
   5950.00   -16.2971
   5960.00   -16.2984
   5970.00   -15.9328
   5980.00   -16.2977
   5990.00   -16.2010
   6000.00   -16.0711
   6010.00   -16.0553
   6020.00   -15.9961
   6030.00   -15.5339
   6040.00   -16.0432
   6050.00   -16.0966
   6060.00   -15.9068
   6070.00   -15.6381
   6080.00   -16.4549
   6090.00   -16.1197
   6100.00   -15.8721
   6110.00   -15.6584
   6120.00   -16.1300
   6130.00   -16.8070
   6140.00   -16.1803
   6150.00   -15.6684
   6160.00   -16.1993
   6170.00   -16.1555
   6180.00   -15.7217
   6190.00   -16.0067
   6200.00   -16.2613
   6210.00   -15.5884
   6220.00   -16.2851
   6230.00   -16.2954
   6240.00   -16.1208
   6250.00   -15.7380
   6260.00   -15.7803
   6270.00   -16.2342
   6280.00   -15.7952
   6290.00   -15.8271
   6300.00   -16.4688
   6310.00   -16.0680
   6320.00   -16.0007
   6330.00   -15.8717
   6340.00   -15.9101
   6350.00   -16.5640
   6360.00   -15.4810
   6370.00   -15.8357
   6380.00   -14.9780
   6390.00   -15.8279
   6400.00   -15.5933
   6410.00   -16.1621
   6420.00   -16.3297
   6430.00   -15.7711
   6440.00   -15.5775
   6450.00   -16.6010
   6460.00   -16.1718
   6470.00   -15.6574
   6480.00   -15.6178
   6490.00   -16.4334
   6500.00   -15.5603
   6510.00   -16.0564
   6520.00   -15.5658
   6530.00   -16.0583
   6540.00   -16.0049
   6550.00   -15.7651
   6560.00   -15.8608
   6570.00   -16.1067
   6580.00   -16.3396
   6590.00   -16.0524
   6600.00   -15.5963
   6610.00   -15.6043
   6620.00   -15.5735
   6630.00   -15.8270
   6640.00   -15.9588
   6650.00   -15.3259
   6660.00   -16.0557
   6670.00   -16.0097
   6680.00   -16.0119
   6690.00   -16.0553
   6700.00   -16.5809
   6710.00   -15.8284
   6720.00   -16.0699
   6730.00   -15.6234
   6740.00   -15.1627
   6750.00   -15.7365
   6760.00   -15.8824
   6770.00   -16.1878
   6780.00   -15.7238
   6790.00   -15.8115
   6800.00   -16.0664
   6810.00   -15.8378
   6820.00   -16.3521
   6830.00   -15.4512
   6840.00   -16.0250
   6850.00   -15.8125
   6860.00   -16.2704
   6870.00   -15.9876
   6880.00   -15.1909
   6890.00   -15.7809
   6900.00   -15.5108
   6910.00   -15.8722
   6920.00   -15.6249
   6930.00   -15.5967
   6940.00   -15.5230
   6950.00   -15.6107
   6960.00   -16.4503
   6970.00   -15.9240
   6980.00   -15.5964
   6990.00   -15.9789
   7000.00   -15.6386
   7010.00   -15.9546
   7020.00   -15.8132
   7030.00   -16.2268
   7040.00   -15.6216
   7050.00   -15.6768
   7060.00   -15.7829
   7070.00   -15.6179
   7080.00   -15.7662
   7090.00   -16.1194
   7100.00   -15.4473
   7110.00   -15.9735
   7120.00   -15.6809
   7130.00   -15.8964
   7140.00   -16.2410
   7150.00   -15.8163
   7160.00   -15.7974
   7170.00   -16.4092
   7180.00   -15.5607
   7190.00   -15.6231
   7200.00   -15.8708
   7210.00   -16.2383
   7220.00   -16.0502
   7230.00   -16.0394
   7240.00   -15.6672
   7250.00   -15.9505
   7260.00   -16.1051
   7270.00   -15.7984
   7280.00   -15.8265
   7290.00   -16.0447
   7300.00   -16.3366
   7310.00   -16.0312
   7320.00   -15.6757
   7330.00   -16.0385
   7340.00   -15.7396
   7350.00   -15.7225
   7360.00   -15.5404
   7370.00   -15.8732
   7380.00   -15.5338
   7390.00   -15.5200
   7400.00   -15.9794
   7410.00   -15.8909
   7420.00   -15.3771
   7430.00   -15.6254
   7440.00   -16.0470
   7450.00   -16.1390
   7460.00   -15.8948
   7470.00   -15.7277
   7480.00   -15.9035
   7490.00   -15.8146
   7500.00   -15.5483
   7510.00   -15.7593
   7520.00   -16.1879
   7530.00   -15.4939
   7540.00   -15.9288
   7550.00   -15.7158
   7560.00   -16.1697
   7570.00   -15.6862
   7580.00   -15.6519
   7590.00   -16.1201
   7600.00   -16.2736
   7610.00   -15.5695
   7620.00   -16.1266
   7630.00   -16.0154
   7640.00   -15.5863
   7650.00   -15.9537
   7660.00   -15.6701
   7670.00   -15.8050
   7680.00   -15.9638
   7690.00   -15.5309
   7700.00   -15.3758
   7710.00   -15.7625
   7720.00   -15.7729
   7730.00   -16.2106
   7740.00   -15.3302
   7750.00   -15.5533
   7760.00   -16.1119
   7770.00   -15.2192
   7780.00   -16.3261
   7790.00   -15.3896
   7800.00   -15.8279
   7810.00   -15.7312
   7820.00   -15.7729
   7830.00   -16.4711
   7840.00   -16.0708
   7850.00   -16.4346
   7860.00   -15.9062
   7870.00   -15.6112
   7880.00   -16.2386
   7890.00   -15.4136
   7900.00   -16.0233
   7910.00   -16.1113
   7920.00   -15.9540
   7930.00   -15.7030
   7940.00   -16.0661
   7950.00   -15.7499
   7960.00   -16.4054
   7970.00   -16.1858
   7980.00   -16.1868
   7990.00   -16.2162
   8000.00   -15.9609
   8010.00   -15.9863
   8020.00   -15.8922
   8030.00   -15.8760
   8040.00   -16.0946
   8050.00   -16.1316
   8060.00   -16.3943
   8070.00   -15.7864
   8080.00   -16.0734
   8090.00   -16.3316
   8100.00   -16.1766
   8110.00   -16.0751
   8120.00   -16.3482
   8130.00   -16.3362
   8140.00   -16.3888
   8150.00   -15.9016
   8160.00   -15.3449
   8170.00   -16.1865
   8180.00   -16.1691
   8190.00   -16.1692
   8200.00   -15.9272
   8210.00   -16.1731
   8220.00   -16.1130
   8230.00   -15.6275
   8240.00   -15.3982
   8250.00   -15.8822
   8260.00   -15.8819
   8270.00   -15.6676
   8280.00   -16.1437
   8290.00   -15.1937
   8300.00   -15.9307
   8310.00   -15.6941
   8320.00   -15.5419
   8330.00   -15.4237
   8340.00   -15.4594
   8350.00   -15.6499
   8360.00   -15.6382
   8370.00   -16.3676
   8380.00   -16.4499
   8390.00   -16.1818
   8400.00   -16.0283
   8410.00   -15.1507
   8420.00   -15.9147
   8430.00   -15.9970
   8440.00   -15.7214
   8450.00   -15.9445
   8460.00   -16.3577
   8470.00   -15.7832
   8480.00   -15.9020
   8490.00   -16.0402
   8500.00   -16.0906
   8510.00   -15.9902
   8520.00   -15.8176
   8530.00   -15.3549
   8540.00   -16.3754
   8550.00   -16.1233
   8560.00   -15.9294
   8570.00   -15.1796
   8580.00   -16.1802
   8590.00   -16.2965
   8600.00   -15.7768
   8610.00   -15.7845
   8620.00   -15.9851
   8630.00   -16.3262
   8640.00   -15.9221
   8650.00   -15.7104
   8660.00   -15.7077
   8670.00   -15.7067
   8680.00   -16.2023
   8690.00   -15.5593
   8700.00   -16.0274
   8710.00   -15.4743
   8720.00   -16.0807
   8730.00   -15.6837
   8740.00   -15.6902
   8750.00   -15.6614
   8760.00   -15.9020
   8770.00   -15.9663
   8780.00   -15.4941
   8790.00   -15.8577
   8800.00   -16.1930
   8810.00   -15.8137
   8820.00   -15.8606
   8830.00   -16.1607
   8840.00   -16.2902
   8850.00   -15.5064
   8860.00   -15.7037
   8870.00   -16.1674
   8880.00   -15.6728
   8890.00   -16.0227
   8900.00   -15.4561
   8910.00   -15.5991
   8920.00   -15.8179
   8930.00   -15.9574
   8940.00   -16.1271
   8950.00   -15.7218
   8960.00   -15.9456
   8970.00   -15.9796
   8980.00   -15.1284
   8990.00   -16.0685
   9000.00   -15.7287
   9010.00   -15.9544
   9020.00   -15.9116
   9030.00   -16.1800
   9040.00   -15.8606
   9050.00   -16.0987
   9060.00   -15.7862
   9070.00   -16.1148
   9080.00   -16.2918
   9090.00   -15.7299
   9100.00   -15.6427
   9110.00   -15.9648
   9120.00   -15.5555
   9130.00   -15.7020
   9140.00   -16.1537
   9150.00   -15.9733
   9160.00   -15.9535
   9170.00   -15.8726
   9180.00   -16.0042
   9190.00   -15.5857
   9200.00   -16.1496
   9210.00   -16.1205
   9220.00   -16.0644
   9230.00   -15.9236
   9240.00   -16.2017
   9250.00   -16.3486
   9260.00   -15.9089
   9270.00   -16.1729
   9280.00   -15.8366
   9290.00   -16.1728
   9300.00   -16.0040
   9310.00   -15.5569
   9320.00   -16.0826
   9330.00   -16.4149
   9340.00   -16.1562
   9350.00   -15.5930
   9360.00   -16.6538
   9370.00   -15.5446
   9380.00   -16.0593
   9390.00   -16.0712
   9400.00   -16.0078
   9410.00   -15.7355
   9420.00   -15.6629
   9430.00   -16.1499
   9440.00   -16.7557
   9450.00   -15.8943
   9460.00   -16.3719
   9470.00   -16.1591
   9480.00   -16.1022
   9490.00   -15.9815
   9500.00   -15.8736
   9510.00   -15.7810
   9520.00   -15.8771
   9530.00   -15.7820
   9540.00   -15.9616
   9550.00   -16.0383
   9560.00   -15.9184
   9570.00   -16.2387
   9580.00   -15.6718
   9590.00   -15.7111
   9600.00   -16.0833
   9610.00   -15.9160
   9620.00   -16.1311
   9630.00   -16.0343
   9640.00   -15.7719
   9650.00   -15.9725
   9660.00   -15.9409
   9670.00   -15.8738
   9680.00   -16.1668
   9690.00   -16.2800
   9700.00   -15.9635
   9710.00   -16.1735
   9720.00   -16.0302
   9730.00   -16.3374
   9740.00   -15.8816
   9750.00   -15.5817
   9760.00   -16.4071
   9770.00   -16.3910
   9780.00   -15.9377
   9790.00   -15.6541
   9800.00   -16.1460
   9810.00   -15.8982
   9820.00   -16.1035
   9830.00   -15.7491
   9840.00   -16.0089
   9850.00   -15.9362
   9860.00   -15.9410
   9870.00   -15.9126
   9880.00   -16.2065
   9890.00   -16.1469
   9900.00   -16.0000
   9910.00   -15.3602
   9920.00   -15.3755
   9930.00   -16.0931
   9940.00   -15.5718
   9950.00   -15.8166
   9960.00   -15.7478
   9970.00   -15.8989
   9980.00   -15.9490
   9990.00   -16.0172
  10000.00   -15.8531
  10010.00   -15.4205
  10020.00   -16.0271
  10030.00   -16.1083
  10040.00   -16.1371
  10050.00   -15.9677
  10060.00   -16.0583
  10070.00   -15.8846
  10080.00   -16.3004
  10090.00   -15.9676
  10100.00   -16.1542
  10110.00   -15.5528
  10120.00   -16.0832
  10130.00   -16.1339
  10140.00   -15.7395
  10150.00   -15.9456
  10160.00   -16.3880
  10170.00   -16.4748
  10180.00   -15.8967
  10190.00   -15.9080
  10200.00   -15.6905
  10210.00   -16.2201
  10220.00   -15.8716
  10230.00   -15.5712
  10240.00   -15.6957
  10250.00   -16.2414
  10260.00   -16.2656
  10270.00   -15.9875
  10280.00   -16.0128
  10290.00   -16.1511
  10300.00   -16.2189
  10310.00   -16.3216
  10320.00   -16.0685
  10330.00   -15.8961
  10340.00   -15.6234
  10350.00   -15.9979
  10360.00   -15.6802
  10370.00   -16.0902
  10380.00   -15.7573
  10390.00   -16.1061
  10400.00   -16.0079
  10410.00   -16.4405
  10420.00   -16.4025
  10430.00   -15.9262
  10440.00   -16.2390
  10450.00   -16.0120
  10460.00   -15.7981
  10470.00   -15.9124
  10480.00   -15.7890
  10490.00   -15.5993
  10500.00   -15.5591
  10510.00   -16.3417
  10520.00   -16.1218
  10530.00   -16.3884
  10540.00   -16.2437
  10550.00   -15.7976
  10560.00   -16.5479
  10570.00   -15.3508
  10580.00   -15.7593
  10590.00   -16.0350
  10600.00   -15.9868
  10610.00   -16.1458
  10620.00   -15.8017
  10630.00   -16.0216
  10640.00   -16.2210
  10650.00   -16.2663
  10660.00   -15.9643
  10670.00   -16.1849
  10680.00   -15.9384
  10690.00   -16.2148
  10700.00   -16.0808
  10710.00   -16.3818
  10720.00   -15.7858
  10730.00   -15.9488
  10740.00   -15.7932
  10750.00   -15.9703
  10760.00   -15.9452
  10770.00   -16.1332
  10780.00   -15.8188
  10790.00   -16.1515
  10800.00   -16.0913
  10810.00   -15.7878
  10820.00   -16.4750
  10830.00   -15.7842
  10840.00   -16.1819
  10850.00   -15.9261
  10860.00   -16.0790
  10870.00   -15.6908
  10880.00   -15.9575
  10890.00   -15.9209
  10900.00   -16.2665
  10910.00   -15.9819
  10920.00   -15.7976
  10930.00   -15.9555
  10940.00   -15.5052
  10950.00   -15.7674
  10960.00   -15.3862
  10970.00   -15.7516
  10980.00   -15.8791
  10990.00   -15.6567
  11000.00   -15.5043
  11010.00   -16.1951
  11020.00   -15.9130
  11030.00   -16.2391
  11040.00   -15.7611
  11050.00   -16.2114
  11060.00   -16.0056
  11070.00   -15.7628
  11080.00   -15.8103
  11090.00   -16.0461
  11100.00   -15.8178
  11110.00   -15.9789
  11120.00   -15.5452
  11130.00   -15.9923
  11140.00   -15.8391
  11150.00   -16.1673
  11160.00   -16.0408
  11170.00   -16.0714
  11180.00   -16.0036
  11190.00   -16.4083
  11200.00   -15.6714
  11210.00   -15.3870
  11220.00   -16.1350
  11230.00   -15.5618
  11240.00   -15.9971
  11250.00   -16.0256
  11260.00   -16.3508
  11270.00   -15.9274
  11280.00   -15.7526
  11290.00   -15.7486
  11300.00   -15.4516
  11310.00   -15.6836
  11320.00   -16.1000
  11330.00   -15.8281
  11340.00   -16.2001
  11350.00   -16.1603
  11360.00   -16.0185
  11370.00   -16.2381
  11380.00   -15.7970
  11390.00   -16.2038
  11400.00   -16.3357
  11410.00   -15.3503
  11420.00   -16.2320
  11430.00   -16.0016
  11440.00   -15.8242
  11450.00   -16.2816
  11460.00   -15.9081
  11470.00   -15.6923
  11480.00   -16.0526
  11490.00   -16.0834
  11500.00   -16.3735
  11510.00   -15.8298
  11520.00   -15.5740
  11530.00   -15.6666
  11540.00   -15.6022
  11550.00   -15.9527
  11560.00   -15.8088
  11570.00   -15.5167
  11580.00   -15.4296
  11590.00   -16.1687
  11600.00   -16.0621
  11610.00   -16.3972
  11620.00   -16.1650
  11630.00   -15.3214
  11640.00   -16.1886
  11650.00   -16.1187
  11660.00   -16.3271
  11670.00   -15.7489
  11680.00   -16.1065
  11690.00   -15.9350
  11700.00   -15.9312
  11710.00   -16.0142
  11720.00   -16.0046
  11730.00   -15.2925
  11740.00   -15.6578
  11750.00   -15.7938
  11760.00   -15.7165
  11770.00   -16.4101
  11780.00   -16.3310
  11790.00   -15.8916
  11800.00   -16.1252
  11810.00   -16.0497
  11820.00   -16.0840
  11830.00   -16.1063
  11840.00   -15.7988
  11850.00   -15.7748
  11860.00   -15.9587
  11870.00   -15.7142
  11880.00   -15.9550
  11890.00   -15.8728
  11900.00   -16.0041
  11910.00   -15.8822
  11920.00   -16.3074
  11930.00   -16.0711
  11940.00   -15.9511
  11950.00   -16.4077
  11960.00   -16.2218
  11970.00   -15.7605
  11980.00   -15.7842
  11990.00   -15.7822
  12000.00   -15.5872
  12010.00   -15.9810
  12020.00   -15.4382
  12030.00   -15.4675
  12040.00   -15.6355
  12050.00   -15.2152
  12060.00   -15.7723
  12070.00   -15.6254
  12080.00   -15.8857
  12090.00   -15.8761
  12100.00   -15.6111
  12110.00   -15.7395
  12120.00   -15.7436
  12130.00   -16.0649
  12140.00   -16.1627
  12150.00   -16.0416
  12160.00   -16.2852
  12170.00   -15.9805
  12180.00   -16.1010
  12190.00   -15.8029
  12200.00   -15.8586
  12210.00   -15.6629
  12220.00   -16.6840
  12230.00   -15.9026
  12240.00   -15.9711
  12250.00   -15.4823
  12260.00   -15.7779
  12270.00   -15.5128
  12280.00   -15.7549
  12290.00   -15.5861
  12300.00   -15.8679
  12310.00   -15.4506
  12320.00   -16.1630
  12330.00   -15.2635
  12340.00   -15.8619
  12350.00   -15.8700
  12360.00   -15.4045
  12370.00   -15.8358
  12380.00   -15.9266
  12390.00   -16.2283
  12400.00   -15.9793
  12410.00   -15.7176
  12420.00   -15.6370
  12430.00   -15.6417
  12440.00   -15.6702
  12450.00   -15.9118
  12460.00   -16.5963
  12470.00   -16.1299
  12480.00   -16.1551
  12490.00   -15.8473
  12500.00   -16.0329
  12510.00   -16.1266
  12520.00   -15.5922
  12530.00   -15.9241
  12540.00   -15.5228
  12550.00   -15.8723
  12560.00   -15.6976
  12570.00   -15.1258
  12580.00   -15.5238
  12590.00   -15.8773
  12600.00   -15.5925
  12610.00   -16.0511
  12620.00   -15.4909
  12630.00   -16.0643
  12640.00   -15.6730
  12650.00   -16.0780
  12660.00   -16.0638
  12670.00   -15.7651
  12680.00   -15.9354
  12690.00   -15.4425
  12700.00   -15.6019
  12710.00   -15.6717
  12720.00   -15.8097
  12730.00   -16.3104
  12740.00   -16.1334
  12750.00   -15.6204
  12760.00   -15.9739
  12770.00   -15.5695
  12780.00   -15.8620
  12790.00   -15.3162
  12800.00   -15.6279
  12810.00   -15.5096
  12820.00   -15.6657
  12830.00   -15.7240
  12840.00   -15.7573
  12850.00   -16.3048
  12860.00   -16.2194
  12870.00   -15.8832
  12880.00   -16.2282
  12890.00   -15.8368
  12900.00   -16.3735
  12910.00   -16.0560
  12920.00   -15.3785
  12930.00   -15.5128
  12940.00   -15.5929
  12950.00   -15.4658
  12960.00   -15.4795
  12970.00   -15.9404
  12980.00   -15.8457
  12990.00   -15.9505
  13000.00   -16.1643
  13010.00   -16.2345
  13020.00   -15.8111
  13030.00   -16.1542
  13040.00   -15.9462
  13050.00   -15.8391
  13060.00   -16.1702
  13070.00   -15.8026
  13080.00   -16.4609
  13090.00   -15.5733
  13100.00   -15.9028
  13110.00   -16.1327
  13120.00   -15.7479
  13130.00   -15.8350
  13140.00   -16.8360
  13150.00   -15.5884
  13160.00   -16.1840
  13170.00   -15.7650
  13180.00   -15.5532
  13190.00   -16.0832
  13200.00   -15.6388
  13210.00   -16.0372
  13220.00   -16.3921
  13230.00   -16.0447
  13240.00   -16.2871
  13250.00   -15.8349
  13260.00   -16.1763
  13270.00   -16.3812
  13280.00   -15.7509
  13290.00   -15.5716
  13300.00   -15.7238
  13310.00   -15.8710
  13320.00   -16.0200
  13330.00   -15.6586
  13340.00   -16.2594
  13350.00   -15.7638
  13360.00   -15.9606
  13370.00   -15.7086
  13380.00   -16.4902
  13390.00   -15.7512
  13400.00   -16.0199
  13410.00   -16.0511
  13420.00   -16.0286
  13430.00   -15.8984
  13440.00   -16.1220
  13450.00   -16.1152
  13460.00   -16.4298
  13470.00   -15.4794
  13480.00   -15.9306
  13490.00   -15.7948
  13500.00   -15.7885
  13510.00   -15.9066
  13520.00   -16.4553
  13530.00   -16.0620
  13540.00   -15.6367
  13550.00   -15.7227
  13560.00   -16.2553
  13570.00   -15.6703
  13580.00   -15.8755
  13590.00   -15.7919
  13600.00   -15.8224
  13610.00   -15.5688
  13620.00   -16.0164
  13630.00   -15.6304
  13640.00   -16.0515
  13650.00   -16.0229
  13660.00   -15.5550
  13670.00   -15.9970
  13680.00   -15.6953
  13690.00   -15.9214
  13700.00   -15.5800
  13710.00   -16.4877
  13720.00   -16.1340
  13730.00   -15.8712
  13740.00   -15.9345
  13750.00   -15.5508
  13760.00   -15.3981
  13770.00   -15.6917
  13780.00   -16.0499
  13790.00   -16.0166
  13800.00   -15.9142
  13810.00   -15.9838
  13820.00   -15.9084
  13830.00   -15.8357
  13840.00   -15.8238
  13850.00   -15.9282
  13860.00   -16.0386
  13870.00   -15.7427
  13880.00   -15.9899
  13890.00   -15.4210
  13900.00   -15.9756
  13910.00   -16.2780
  13920.00   -15.7361
  13930.00   -16.2443
  13940.00   -15.8428
  13950.00   -16.0209
  13960.00   -15.3459
  13970.00   -15.9444
  13980.00   -15.6558
  13990.00   -15.8620
  14000.00   -16.1359
  14010.00   -16.1542
  14020.00   -15.9718
  14030.00   -15.7125
  14040.00   -16.1978
  14050.00   -15.7631
  14060.00   -15.5145
  14070.00   -16.3036
  14080.00   -16.0419
  14090.00   -16.2490
  14100.00   -16.0978
  14110.00   -16.1804
  14120.00   -16.5408
  14130.00   -16.0508
  14140.00   -15.7902
  14150.00   -15.7002
  14160.00   -15.9070
  14170.00   -16.3043
  14180.00   -16.0278
  14190.00   -15.3253
  14200.00   -16.2114
  14210.00   -16.1185
  14220.00   -15.9911
  14230.00   -16.1717
  14240.00   -15.6379
  14250.00   -16.4653
  14260.00   -15.8232
  14270.00   -16.5544
  14280.00   -15.8488
  14290.00   -15.9834
  14300.00   -16.2420
  14310.00   -15.8166
  14320.00   -15.6079
  14330.00   -16.4138
  14340.00   -15.6631
  14350.00   -15.4574
  14360.00   -15.3981
  14370.00   -15.8288
  14380.00   -15.9668
  14390.00   -15.4167
  14400.00   -15.7262
  14410.00   -15.4847
  14420.00   -15.6477
  14430.00   -16.1654
  14440.00   -16.2203
  14450.00   -15.8970
  14460.00   -15.5844
  14470.00   -16.1723
  14480.00   -16.1733
  14490.00   -16.1801
  14500.00   -15.9013
  14510.00   -15.5097
  14520.00   -15.8157
  14530.00   -15.9607
  14540.00   -15.5965
  14550.00   -16.4045
  14560.00   -15.6976
  14570.00   -15.9738
  14580.00   -15.8945
  14590.00   -16.5420
  14600.00   -16.6168
  14610.00   -16.1038
  14620.00   -15.9317
  14630.00   -15.9983
  14640.00   -15.8508
  14650.00   -16.0274
  14660.00   -16.4471
  14670.00   -16.2275
  14680.00   -15.8095
  14690.00   -16.0958
  14700.00   -15.7127
  14710.00   -15.9587
  14720.00   -16.2675
  14730.00   -16.3254
  14740.00   -15.9646
  14750.00   -16.1699
  14760.00   -16.0228
  14770.00   -16.0647
  14780.00   -15.9786
  14790.00   -16.2067
  14800.00   -16.1194
  14810.00   -15.8401
  14820.00   -15.7077
  14830.00   -16.4875
  14840.00   -16.0930
  14850.00   -15.9511
  14860.00   -15.9460
  14870.00   -15.9204
  14880.00   -15.5848
  14890.00   -15.8421
  14900.00   -16.4277
  14910.00   -15.8823
  14920.00   -16.3679
  14930.00   -16.5945
  14940.00   -16.2688
  14950.00   -16.2959
  14960.00   -16.1018
  14970.00   -15.2638
  14980.00   -16.0237
  14990.00   -16.0650
  15000.00   -16.1148
  15010.00   -15.3670
  15020.00   -15.3653
  15030.00   -16.3705
  15040.00   -15.4185
  15050.00   -16.2648
  15060.00   -15.6358
  15070.00   -15.8594
  15080.00   -15.7829
  15090.00   -15.8362
  15100.00   -16.0835
  15110.00   -16.1992
  15120.00   -16.5040
  15130.00   -15.8642
  15140.00   -16.7277
  15150.00   -16.3688
  15160.00   -15.6397
  15170.00   -15.6307
  15180.00   -15.9211
  15190.00   -15.8958
  15200.00   -16.1345
  15210.00   -15.9604
  15220.00   -16.1573
  15230.00   -15.7151
  15240.00   -16.0565
  15250.00   -16.2078
  15260.00   -15.9791
  15270.00   -16.0105
  15280.00   -15.3052
  15290.00   -15.6916
  15300.00   -15.8075
  15310.00   -15.6172
  15320.00   -16.1945
  15330.00   -15.9719
  15340.00   -16.2199
  15350.00   -15.4804
  15360.00   -15.4125
  15370.00   -15.4828
  15380.00   -15.6604
  15390.00   -15.8668
  15400.00   -15.8058
  15410.00   -15.4146
  15420.00   -15.9226
  15430.00   -16.0341
  15440.00   -15.9465
  15450.00   -16.1050
  15460.00   -15.7589
  15470.00   -15.8595
  15480.00   -16.0406
  15490.00   -16.1887
  15500.00   -15.7853
  15510.00   -15.6547
  15520.00   -15.9965
  15530.00   -15.5952
  15540.00   -16.1414
  15550.00   -16.2685
  15560.00   -16.1992
  15570.00   -15.7664
  15580.00   -15.9226
  15590.00   -15.8547
  15600.00   -15.8158
  15610.00   -16.0635
  15620.00   -16.2453
  15630.00   -16.3357
  15640.00   -15.9547
  15650.00   -15.9109
  15660.00   -16.0046
  15670.00   -16.2856
  15680.00   -16.2247
  15690.00   -16.1378
  15700.00   -15.7667
  15710.00   -16.2419
  15720.00   -15.5143
  15730.00   -15.7168
  15740.00   -15.6969
  15750.00   -16.1639
  15760.00   -15.8343
  15770.00   -15.9480
  15780.00   -16.0452
  15790.00   -15.7836
  15800.00   -15.6327
  15810.00   -15.9859
  15820.00   -15.7170
  15830.00   -16.1216
  15840.00   -15.5274
  15850.00   -16.2402
  15860.00   -15.4646
  15870.00   -16.4923
  15880.00   -15.5877
  15890.00   -15.7779
  15900.00   -15.8069
  15910.00   -15.4793
  15920.00   -15.9866
  15930.00   -16.0418
  15940.00   -16.0031
  15950.00   -15.8905
  15960.00   -15.4564
  15970.00   -15.9902
  15980.00   -15.7504
  15990.00   -15.5870
  16000.00   -16.0517
  16010.00   -16.4273
  16020.00   -15.5839
  16030.00   -15.6575
  16040.00   -16.0395
  16050.00   -15.9719
  16060.00   -15.9952
  16070.00   -15.8502
  16080.00   -15.3443
  16090.00   -15.6327
  16100.00   -16.5395
  16110.00   -15.9489
  16120.00   -15.8616
  16130.00   -16.0699
  16140.00   -15.9619
  16150.00   -15.9504
  16160.00   -15.9047
  16170.00   -15.7521
  16180.00   -15.8478
  16190.00   -15.7987
  16200.00   -15.6104
  16210.00   -16.1255
  16220.00   -15.8959
  16230.00   -15.7819
  16240.00   -15.9573
  16250.00   -15.8617
  16260.00   -15.4663
  16270.00   -15.4924
  16280.00   -16.4533
  16290.00   -15.4243
  16300.00   -15.9297
  16310.00   -16.2233
  16320.00   -15.8963
  16330.00   -15.9174
  16340.00   -15.7420
  16350.00   -15.8478
  16360.00   -15.8130
  16370.00   -16.0528
  16380.00   -16.4470
  16390.00   -15.8981
  16400.00   -15.7070
  16410.00   -15.7025
  16420.00   -15.7427
  16430.00   -15.8607
  16440.00   -15.6931
  16450.00   -16.0213
  16460.00   -16.0259
  16470.00   -16.1842
  16480.00   -15.5503
  16490.00   -16.0149
  16500.00   -16.0726
  16510.00   -16.0341
  16520.00   -15.8606
  16530.00   -15.7593
  16540.00   -15.6286
  16550.00   -15.8357
  16560.00   -15.8568
  16570.00   -16.0539
  16580.00   -15.7063
  16590.00   -16.2902
  16600.00   -15.8902
  16610.00   -15.7339
  16620.00   -15.8942
  16630.00   -15.6239
  16640.00   -15.8607
  16650.00   -15.8144
  16660.00   -15.3591
  16670.00   -15.6771
  16680.00   -16.3680
  16690.00   -15.3981
  16700.00   -15.5288
  16710.00   -16.1283
  16720.00   -15.7335
  16730.00   -15.8689
  16740.00   -15.7188
  16750.00   -15.7030
  16760.00   -15.1158
  16770.00   -15.4879
  16780.00   -16.2091
  16790.00   -15.8927
  16800.00   -15.4793
  16810.00   -16.0855
  16820.00   -15.6763
  16830.00   -15.4647
  16840.00   -16.4385
  16850.00   -15.9359
  16860.00   -15.7574
  16870.00   -15.7326
  16880.00   -15.6969
  16890.00   -15.7749
  16900.00   -15.3345
  16910.00   -16.1471
  16920.00   -15.9228
  16930.00   -16.0771
  16940.00   -16.2561
  16950.00   -16.4405
  16960.00   -15.8690
  16970.00   -16.3535
  16980.00   -16.0234
  16990.00   -15.6256
  17000.00   -15.9819
  17010.00   -15.8717
  17020.00   -16.2404
  17030.00   -16.2431
  17040.00   -15.3978
  17050.00   -15.6739
  17060.00   -15.5432
  17070.00   -16.0208
  17080.00   -15.8378
  17090.00   -15.9703
  17100.00   -16.0496
  17110.00   -15.7189
  17120.00   -15.7107
  17130.00   -16.0301
  17140.00   -15.1191
  17150.00   -15.8653
  17160.00   -15.7405
  17170.00   -15.5332
  17180.00   -16.2225
  17190.00   -15.6251
  17200.00   -16.0737
  17210.00   -15.7732
  17220.00   -16.1707
  17230.00   -16.1417
  17240.00   -16.0606
  17250.00   -15.5575
  17260.00   -16.0878
  17270.00   -15.8916
  17280.00   -16.0149
  17290.00   -15.6452
  17300.00   -15.4292
  17310.00   -15.8763
  17320.00   -15.7515
  17330.00   -15.6089
  17340.00   -15.4160
  17350.00   -15.9538
  17360.00   -15.7903
  17370.00   -15.6056
  17380.00   -15.8869
  17390.00   -15.4895
  17400.00   -15.6942
  17410.00   -15.6477
  17420.00   -15.9335
  17430.00   -15.7442
  17440.00   -16.2719
  17450.00   -15.6236
  17460.00   -15.8963
  17470.00   -15.7269
  17480.00   -15.9501
  17490.00   -15.5628
  17500.00   -15.9408
  17510.00   -16.1972
  17520.00   -15.8351
  17530.00   -15.7495
  17540.00   -16.1457
  17550.00   -15.9830
  17560.00   -15.9159
  17570.00   -16.3764
  17580.00   -16.2168
  17590.00   -15.8330
  17600.00   -16.3959
  17610.00   -15.8234
  17620.00   -16.1873
  17630.00   -16.0347
  17640.00   -15.8251
  17650.00   -16.0219
  17660.00   -16.2772
  17670.00   -16.1601
  17680.00   -16.2642
  17690.00   -15.7712
  17700.00   -16.0255
  17710.00   -15.6747
  17720.00   -16.2188
  17730.00   -15.7460
  17740.00   -16.0920
  17750.00   -15.4424
  17760.00   -15.9039
  17770.00   -15.3774
  17780.00   -16.0659
  17790.00   -16.2174
  17800.00   -15.8194
  17810.00   -15.4298
  17820.00   -15.9611
  17830.00   -15.8228
  17840.00   -16.4104
  17850.00   -16.3013
  17860.00   -15.9673
  17870.00   -16.3279
  17880.00   -16.2417
  17890.00   -15.2458
  17900.00   -15.4819
  17910.00   -15.7874
  17920.00   -15.7093
  17930.00   -16.0602
  17940.00   -15.4358
  17950.00   -15.5042
  17960.00   -15.4068
  17970.00   -15.6046
  17980.00   -15.9500
  17990.00   -15.6592
  18000.00   -15.6182
  18010.00   -15.6902
  18020.00   -16.2662
  18030.00   -15.9664
  18040.00   -16.2004
  18050.00   -16.2321
  18060.00   -16.2854
  18070.00   -16.1551
  18080.00   -16.0031
  18090.00   -16.1387
  18100.00   -16.0657
  18110.00   -16.1034
  18120.00   -15.7434
  18130.00   -16.0276
  18140.00   -16.3204
  18150.00   -16.0919
  18160.00   -15.8447
  18170.00   -15.7764
  18180.00   -15.9029
  18190.00   -15.7929
  18200.00   -15.8267
  18210.00   -16.3824
  18220.00   -15.6943
  18230.00   -15.3325
  18240.00   -15.7857
  18250.00   -16.3634
  18260.00   -16.1737
  18270.00   -15.7087
  18280.00   -15.5860
  18290.00   -15.8205
  18300.00   -15.6332
  18310.00   -15.8099
  18320.00   -16.2051
  18330.00   -16.0282
  18340.00   -15.5411
  18350.00   -15.6699
  18360.00   -16.2153
  18370.00   -16.2406
  18380.00   -15.8811
  18390.00   -15.8332
  18400.00   -16.1646
  18410.00   -16.2855
  18420.00   -15.7681
  18430.00   -15.9038
  18440.00   -15.9724
  18450.00   -15.7354
  18460.00   -15.6206
  18470.00   -16.3828
  18480.00   -15.6665
  18490.00   -15.7117
  18500.00   -15.4838
  18510.00   -15.9316
  18520.00   -15.8527
  18530.00   -16.1814
  18540.00   -15.9000
  18550.00   -15.7863
  18560.00   -16.2056
  18570.00   -16.1411
  18580.00   -15.7867
  18590.00   -16.3426
  18600.00   -15.8964
  18610.00   -16.3898
  18620.00   -16.3508
  18630.00   -16.6121
  18640.00   -16.0524
  18650.00   -16.7420
  18660.00   -16.1620
  18670.00   -15.8769
  18680.00   -16.2725
  18690.00   -16.1912
  18700.00   -15.5443
  18710.00   -16.0528
  18720.00   -16.1840
  18730.00   -15.5639
  18740.00   -16.5205
  18750.00   -16.2091
  18760.00   -15.5346
  18770.00   -15.7549
  18780.00   -15.5059
  18790.00   -16.1363
  18800.00   -15.8257
  18810.00   -16.1676
  18820.00   -16.0327
  18830.00   -15.6813
  18840.00   -16.4581
  18850.00   -15.9377
  18860.00   -15.6886
  18870.00   -16.3315
  18880.00   -15.8251
  18890.00   -15.7336
  18900.00   -16.2962
  18910.00   -15.5936
  18920.00   -15.6113
  18930.00   -16.0661
  18940.00   -15.8545
  18950.00   -16.0094
  18960.00   -15.6852
  18970.00   -16.1599
  18980.00   -15.8939
  18990.00   -15.8472
  19000.00   -15.8223
  19010.00   -16.3465
  19020.00   -15.6032
  19030.00   -15.7152
  19040.00   -15.7571
  19050.00   -15.6124
  19060.00   -15.7205
  19070.00   -15.4852
  19080.00   -15.7876
  19090.00   -16.1751
  19100.00   -15.9674
  19110.00   -15.9136
  19120.00   -15.8274
  19130.00   -16.4556
  19140.00   -16.0572
  19150.00   -16.0559
  19160.00   -16.4458
  19170.00   -16.1384
  19180.00   -16.1338
  19190.00   -15.7766
  19200.00   -15.6157
  19210.00   -15.8494
  19220.00   -16.3417
  19230.00   -16.0717
  19240.00   -15.4384
  19250.00   -15.8277
  19260.00   -15.5157
  19270.00   -15.3692
  19280.00   -16.4947
  19290.00   -16.2368
  19300.00   -15.7287
  19310.00   -15.9325
  19320.00   -15.3192
  19330.00   -15.8570
  19340.00   -15.4935
  19350.00   -15.6098
  19360.00   -15.8285
  19370.00   -15.8140
  19380.00   -15.8725
  19390.00   -15.7319
  19400.00   -16.2779
  19410.00   -15.6362
  19420.00   -16.0809
  19430.00   -15.7313
  19440.00   -16.0357
  19450.00   -15.8455
  19460.00   -16.0272
  19470.00   -15.5482
  19480.00   -15.4943
  19490.00   -16.2663
  19500.00   -15.7384
  19510.00   -15.7944
  19520.00   -15.8387
  19530.00   -15.4113
  19540.00   -16.2390
  19550.00   -15.4493
  19560.00   -15.6995
  19570.00   -15.4354
  19580.00   -15.7398
  19590.00   -15.7472
  19600.00   -15.9223
  19610.00   -16.3643
  19620.00   -16.0864
  19630.00   -16.1589
  19640.00   -15.9482
  19650.00   -15.5185
  19660.00   -15.7201
  19670.00   -15.8195
  19680.00   -15.9171
  19690.00   -16.0649
  19700.00   -15.6748
  19710.00   -15.7363
  19720.00   -16.0021
  19730.00   -16.0139
  19740.00   -15.9205
  19750.00   -16.1397
  19760.00   -15.9505
  19770.00   -16.0583
  19780.00   -16.6809
  19790.00   -15.9419
  19800.00   -15.8299
  19810.00   -16.3565
  19820.00   -15.5283
  19830.00   -16.3903
  19840.00   -16.3312
  19850.00   -15.7803
  19860.00   -15.9903
  19870.00   -15.9127
  19880.00   -15.9265
  19890.00   -16.2676
  19900.00   -15.9422
  19910.00   -15.8209
  19920.00   -16.2459
  19930.00   -15.6548
  19940.00   -15.9779
  19950.00   -15.9241
  19960.00   -16.1585
  19970.00   -15.8454
  19980.00   -16.0702
  19990.00   -15.9831
  20000.00   -15.7407
  20010.00   -16.1623
  20020.00   -16.0744
  20030.00   -16.2985
  20040.00   -16.1544
  20050.00   -16.0344
  20060.00   -16.5586
  20070.00   -15.7941
  20080.00   -15.8166
  20090.00   -15.7690
  20100.00   -16.0619
  20110.00   -15.9006
  20120.00   -15.8522
  20130.00   -16.0533
  20140.00   -15.4268
  20150.00   -15.9795
  20160.00   -16.0330
  20170.00   -15.6049
  20180.00   -16.1072
  20190.00   -16.2570
  20200.00   -16.3066
  20210.00   -15.9255
  20220.00   -16.2929
  20230.00   -15.9791
  20240.00   -15.5814
  20250.00   -15.9153
  20260.00   -16.4280
  20270.00   -15.6167
  20280.00   -16.2023
  20290.00   -16.0127
  20300.00   -15.9856
  20310.00   -16.0369
  20320.00   -15.7539
  20330.00   -15.8967
  20340.00   -15.5851
  20350.00   -15.9505
  20360.00   -15.6030
  20370.00   -15.4228
  20380.00   -15.7454
  20390.00   -15.8527
  20400.00   -16.5995
  20410.00   -16.0939
  20420.00   -15.7398
  20430.00   -15.8368
  20440.00   -15.9099
  20450.00   -16.2391
  20460.00   -16.1133
  20470.00   -15.9522
  20480.00   -16.3364
  20490.00   -16.2513
  20500.00   -16.2773
  20510.00   -16.2450
  20520.00   -15.8876
  20530.00   -15.6246
  20540.00   -16.1028
  20550.00   -15.7160
  20560.00   -15.4373
  20570.00   -15.4253
  20580.00   -15.8495
  20590.00   -16.2616
  20600.00   -15.5726
  20610.00   -16.0869
  20620.00   -15.7337
  20630.00   -16.1372
  20640.00   -15.5377
  20650.00   -15.9484
  20660.00   -16.0301
  20670.00   -15.4816
  20680.00   -15.7130
  20690.00   -16.4382
  20700.00   -15.6507
  20710.00   -16.0968
  20720.00   -15.3087
  20730.00   -16.2240
  20740.00   -16.0851
  20750.00   -15.5462
  20760.00   -15.1706
  20770.00   -16.0507
  20780.00   -15.9013
  20790.00   -15.6957
  20800.00   -16.1125
  20810.00   -16.0989
  20820.00   -16.0288
  20830.00   -15.8498
  20840.00   -15.7939
  20850.00   -16.1032
  20860.00   -14.7130
  20870.00   -16.0628
  20880.00   -16.0144
  20890.00   -15.7549
  20900.00   -15.5270
  20910.00   -16.0844
  20920.00   -15.7880
  20930.00   -15.8289
  20940.00   -15.9025
  20950.00   -15.7995
  20960.00   -15.6167
  20970.00   -16.1893
  20980.00   -15.7701
  20990.00   -15.9462
  21000.00   -16.4194
  21010.00   -16.3332
  21020.00   -15.8480
  21030.00   -15.7404
  21040.00   -15.6551
  21050.00   -16.0359
  21060.00   -15.7735
  21070.00   -16.2084
  21080.00   -16.0383
  21090.00   -15.5863
  21100.00   -15.9852
  21110.00   -15.7539
  21120.00   -15.7190
  21130.00   -16.0888
  21140.00   -15.6915
  21150.00   -16.0799
  21160.00   -15.5391
  21170.00   -15.7956
  21180.00   -16.0590
  21190.00   -15.8132
  21200.00   -15.6029
  21210.00   -15.7463
  21220.00   -15.6310
  21230.00   -15.6738
  21240.00   -16.3256
  21250.00   -16.0794
  21260.00   -15.8235
  21270.00   -16.1508
  21280.00   -16.1268
  21290.00   -16.3393
  21300.00   -15.8953
  21310.00   -16.1302
  21320.00   -15.2358
  21330.00   -15.9679
  21340.00   -16.4119
  21350.00   -15.7893
  21360.00   -16.2819
  21370.00   -15.8380
  21380.00   -16.1769
  21390.00   -16.0109
  21400.00   -16.1168
  21410.00   -16.3061
  21420.00   -15.7977
  21430.00   -15.9184
  21440.00   -16.2530
  21450.00   -16.7094
  21460.00   -15.9160
  21470.00   -15.6264
  21480.00   -16.1959
  21490.00   -16.4321
  21500.00   -16.2561
  21510.00   -16.4769
  21520.00   -16.0813
  21530.00   -15.6883
  21540.00   -16.1781
  21550.00   -16.1842
  21560.00   -15.8172
  21570.00   -16.5859
  21580.00   -15.7254
  21590.00   -15.9104
  21600.00   -15.9285
  21610.00   -16.1452
  21620.00   -16.0529
  21630.00   -16.3630
  21640.00   -15.9875
  21650.00   -15.9951
  21660.00   -15.5832
  21670.00   -15.3539
  21680.00   -15.9195
  21690.00   -15.7971
  21700.00   -16.2209
  21710.00   -15.4697
  21720.00   -15.8243
  21730.00   -16.2310
  21740.00   -16.2740
  21750.00   -15.7607
  21760.00   -16.1099
  21770.00   -15.7515
  21780.00   -15.5686
  21790.00   -15.7956
  21800.00   -15.4172
  21810.00   -15.4709
  21820.00   -16.0820
  21830.00   -16.0542
  21840.00   -16.6958
  21850.00   -16.0023
  21860.00   -15.6659
  21870.00   -16.2093
  21880.00   -16.6801
  21890.00   -15.8246
  21900.00   -15.9199
  21910.00   -15.9656
  21920.00   -15.7506
  21930.00   -16.1933
  21940.00   -15.8379
  21950.00   -16.2715
  21960.00   -15.7142
  21970.00   -16.0708
  21980.00   -15.6067
  21990.00   -16.2322
  22000.00   -15.8996
  22010.00   -16.8525
  22020.00   -16.1982
  22030.00   -15.9693
  22040.00   -16.5148
  22050.00   -16.8384
  22060.00   -16.5524
  22070.00   -16.5035
  22080.00   -15.9602
  22090.00   -16.0799
  22100.00   -16.2407
  22110.00   -16.1007
  22120.00   -15.8534
  22130.00   -15.8250
  22140.00   -16.1811
  22150.00   -15.9311
  22160.00   -15.9978
  22170.00   -15.8214
  22180.00   -15.7681
  22190.00   -15.8350
  22200.00   -16.2681
  22210.00   -15.2720
  22220.00   -15.6109
  22230.00   -16.4315
  22240.00   -16.8513
  22250.00   -15.7195
  22260.00   -16.0917
  22270.00   -15.7589
  22280.00   -15.8005
  22290.00   -16.0473
  22300.00   -15.7923
  22310.00   -16.4200
  22320.00   -16.5760
  22330.00   -15.9428
  22340.00   -16.5257
  22350.00   -15.9767
  22360.00   -15.7126
  22370.00   -16.1789
  22380.00   -16.0824
  22390.00   -16.0129
  22400.00   -16.1658
  22410.00   -16.5039
  22420.00   -15.8982
  22430.00   -16.1132
  22440.00   -16.0547
  22450.00   -16.3084
  22460.00   -15.7281
  22470.00   -15.8298
  22480.00   -16.0643
  22490.00   -15.4285
  22500.00   -15.8909
  22510.00   -15.9725
  22520.00   -16.2862
  22530.00   -16.8945
  22540.00   -15.6839
  22550.00   -16.2236
  22560.00   -15.7406
  22570.00   -15.4209
  22580.00   -15.6992
  22590.00   -16.1068
  22600.00   -16.2222
  22610.00   -15.9827
  22620.00   -15.8528
  22630.00   -16.0238
  22640.00   -15.7329
  22650.00   -15.6615
  22660.00   -16.3470
  22670.00   -15.7159
  22680.00   -15.6965
  22690.00   -16.1554
  22700.00   -15.7311
  22710.00   -15.8324
  22720.00   -16.0063
  22730.00   -15.5469
  22740.00   -15.5720
  22750.00   -16.1909
  22760.00   -16.3998
  22770.00   -15.9467
  22780.00   -16.0882
  22790.00   -15.8837
  22800.00   -16.3057
  22810.00   -15.9946
  22820.00   -16.2705
  22830.00   -16.5544
  22840.00   -15.7062
  22850.00   -16.2659
  22860.00   -15.6543
  22870.00   -16.1626
  22880.00   -15.6714
  22890.00   -16.5498
  22900.00   -16.3453
  22910.00   -15.7662
  22920.00   -15.9125
  22930.00   -15.9294
  22940.00   -16.2035
  22950.00   -16.5915
  22960.00   -15.8423
  22970.00   -15.5444
  22980.00   -15.5707
  22990.00   -15.5696
  23000.00   -15.8774
  23010.00   -15.4458
  23020.00   -15.5723
  23030.00   -15.8990
  23040.00   -16.0234
  23050.00   -15.9725
  23060.00   -15.9424
  23070.00   -16.4847
  23080.00   -15.5863
  23090.00   -15.9758
  23100.00   -15.7440
  23110.00   -15.6387
  23120.00   -15.9054
  23130.00   -15.6785
  23140.00   -15.8478
  23150.00   -16.2293
  23160.00   -15.5647
  23170.00   -16.3881
  23180.00   -16.1742
  23190.00   -15.9631
  23200.00   -16.4739
  23210.00   -15.8911
  23220.00   -15.6761
  23230.00   -16.1799
  23240.00   -15.7539
  23250.00   -16.3209
  23260.00   -15.8369
  23270.00   -15.8612
  23280.00   -16.0663
  23290.00   -15.7005
  23300.00   -15.8435
  23310.00   -16.1771
  23320.00   -15.9163
  23330.00   -16.1564
  23340.00   -15.4875
  23350.00   -16.0487
  23360.00   -16.5498
  23370.00   -16.0575
  23380.00   -15.8930
  23390.00   -16.3039
  23400.00   -16.2333
  23410.00   -15.9539
  23420.00   -15.7133
  23430.00   -15.9012
  23440.00   -16.0506
  23450.00   -15.6239
  23460.00   -15.6494
  23470.00   -15.4692
  23480.00   -16.1338
  23490.00   -16.2111
  23500.00   -15.8000
  23510.00   -16.0603
  23520.00   -16.3094
  23530.00   -16.3000
  23540.00   -16.4185
  23550.00   -16.1459
  23560.00   -15.8606
  23570.00   -15.7332
  23580.00   -15.4313
  23590.00   -16.1726
  23600.00   -15.5034
  23610.00   -16.1176
  23620.00   -16.2154
  23630.00   -16.3740
  23640.00   -15.9170
  23650.00   -16.0996
  23660.00   -15.7582
  23670.00   -16.2468
  23680.00   -16.2492
  23690.00   -15.8358
  23700.00   -16.2097
  23710.00   -16.6173
  23720.00   -16.8582
  23730.00   -16.1419
  23740.00   -16.4533
  23750.00   -15.6626
  23760.00   -16.0923
  23770.00   -16.4905
  23780.00   -15.6964
  23790.00   -15.8606
  23800.00   -16.0684
  23810.00   -15.8459
  23820.00   -16.1880
  23830.00   -15.8627
  23840.00   -16.2991
  23850.00   -16.1297
  23860.00   -15.8616
  23870.00   -16.0380
  23880.00   -15.8447
  23890.00   -16.0465
  23900.00   -15.8736
  23910.00   -16.0626
  23920.00   -15.8539
  23930.00   -15.6274
  23940.00   -15.4827
  23950.00   -15.8906
  23960.00   -16.0832
  23970.00   -16.1809
  23980.00   -16.3858
  23990.00   -16.4731
  24000.00   -16.3248
  24010.00   -16.1857
  24020.00   -15.6094
  24030.00   -16.1251
  24040.00   -15.9279
  24050.00   -16.3152
  24060.00   -15.7484
  24070.00   -15.6616
  24080.00   -16.1734
  24090.00   -16.5431
  24100.00   -16.2644
  24110.00   -15.9633
  24120.00   -16.6053
  24130.00   -16.0850
  24140.00   -15.6955
  24150.00   -15.9426
  24160.00   -15.6662
  24170.00   -16.0055
  24180.00   -16.1603
  24190.00   -15.8050
  24200.00   -16.0447
  24210.00   -16.3136
  24220.00   -15.4682
  24230.00   -16.2526
  24240.00   -16.1451
  24250.00   -15.5911
  24260.00   -16.1466
  24270.00   -15.9296
  24280.00   -15.7621
  24290.00   -16.2005
  24300.00   -15.9535
  24310.00   -15.9488
  24320.00   -15.7192
  24330.00   -15.4569
  24340.00   -15.7458
  24350.00   -15.8732
  24360.00   -15.8460
  24370.00   -15.4466
  24380.00   -15.8206
  24390.00   -16.2688
  24400.00   -16.1949
  24410.00   -15.6930
  24420.00   -15.8338
  24430.00   -15.7369
  24440.00   -15.9214
  24450.00   -16.0652
  24460.00   -16.0432
  24470.00   -16.0951
  24480.00   -15.9058
  24490.00   -15.8748
  24500.00   -16.2754
  24510.00   -16.1033
  24520.00   -16.2376
  24530.00   -16.4458
  24540.00   -15.9785
  24550.00   -16.3785
  24560.00   -15.7019
  24570.00   -15.9299
  24580.00   -15.9363
  24590.00   -16.1353
  24600.00   -16.0541
  24610.00   -16.0852
  24620.00   -16.1780
  24630.00   -16.3792
  24640.00   -15.9823
  24650.00   -16.1088
  24660.00   -15.9965
  24670.00   -16.5436
  24680.00   -16.1903
  24690.00   -15.9032
  24700.00   -15.9663
  24710.00   -15.7143
  24720.00   -15.7058
  24730.00   -16.4780
  24740.00   -16.2078
  24750.00   -16.4561
  24760.00   -16.6467
  24770.00   -15.6640
  24780.00   -16.0487
  24790.00   -16.3403
  24800.00   -15.6258
  24810.00   -15.4277
  24820.00   -16.7250
  24830.00   -16.4008
  24840.00   -16.2511
  24850.00   -15.9182
  24860.00   -15.9818
  24870.00   -15.9480
  24880.00   -16.1762
  24890.00   -16.1151
  24900.00   -16.4838
  24910.00   -16.0504
  24920.00   -16.4657
  24930.00   -15.9179
  24940.00   -16.1288
  24950.00   -16.4326
  24960.00   -15.6626
  24970.00   -16.3502
  24980.00   -15.5453
  24990.00   -16.4132
  25000.00   -16.1367
  25010.00   -15.6644
  25020.00   -16.0512
  25030.00   -15.8071
  25040.00   -15.6132
  25050.00   -16.1591
  25060.00   -16.6340
  25070.00   -16.1869
  25080.00   -16.0624
  25090.00   -15.9622
  25100.00   -15.4339
  25110.00   -16.0837
  25120.00   -15.6986
  25130.00   -16.0212
  25140.00   -16.1595
  25150.00   -15.9526
  25160.00   -16.1501
  25170.00   -15.4280
  25180.00   -16.4762
  25190.00   -15.7955
  25200.00   -15.6220
  25210.00   -15.7957
  25220.00   -16.6368
  25230.00   -15.3947
  25240.00   -16.1435
  25250.00   -15.8985
  25260.00   -16.2269
  25270.00   -15.7378
  25280.00   -15.7775
  25290.00   -16.1886
  25300.00   -15.6649
  25310.00   -16.2205
  25320.00   -15.9273
  25330.00   -15.9232
  25340.00   -16.3206
  25350.00   -16.0603
  25360.00   -15.6103
  25370.00   -15.5286
  25380.00   -16.1555
  25390.00   -15.9386
  25400.00   -15.9912
  25410.00   -15.9085
  25420.00   -15.8349
  25430.00   -16.2487
  25440.00   -15.8116
  25450.00   -15.6391
  25460.00   -15.9593
  25470.00   -16.0303
  25480.00   -16.1665
  25490.00   -15.6606
  25500.00   -15.4871
  25510.00   -16.3237
  25520.00   -16.3603
  25530.00   -16.0982
  25540.00   -15.9428
  25550.00   -15.9660
  25560.00   -16.2569
  25570.00   -15.4350
  25580.00   -15.9244
  25590.00   -16.0442
  25600.00   -15.6822
  25610.00   -15.6751
  25620.00   -15.7721
  25630.00   -15.9297
  25640.00   -15.9108
  25650.00   -16.0658
  25660.00   -16.1490
  25670.00   -15.6345
  25680.00   -15.9659
  25690.00   -15.7308
  25700.00   -15.7052
  25710.00   -16.0135
  25720.00   -15.9339
  25730.00   -16.0902
  25740.00   -16.1757
  25750.00   -16.0086
  25760.00   -16.2329
  25770.00   -15.9413
  25780.00   -16.1384
  25790.00   -15.5908
  25800.00   -15.5989
  25810.00   -16.0288
  25820.00   -16.3974
  25830.00   -16.1048
  25840.00   -16.2012
  25850.00   -15.4913
  25860.00   -15.9127
  25870.00   -15.7608
  25880.00   -15.8925
  25890.00   -16.0199
  25900.00   -15.5305
  25910.00   -15.9274
  25920.00   -16.1439
  25930.00   -15.5691
  25940.00   -15.9455
  25950.00   -15.8395
  25960.00   -15.6171
  25970.00   -16.2309
  25980.00   -16.0182
  25990.00   -15.7310
  26000.00   -16.0502
  26010.00   -15.9453
  26020.00   -15.9982
  26030.00   -15.7529
  26040.00   -15.8890
  26050.00   -15.8004
  26060.00   -15.5758
  26070.00   -16.0499
  26080.00   -15.4756
  26090.00   -15.6968
  26100.00   -15.5967
  26110.00   -15.4204
  26120.00   -15.8572
  26130.00   -16.0637
  26140.00   -15.5193
  26150.00   -15.7052
  26160.00   -15.7110
  26170.00   -15.2648
  26180.00   -16.1864
  26190.00   -16.1851
  26200.00   -16.4352
  26210.00   -15.9022
  26220.00   -15.9344
  26230.00   -16.0870
  26240.00   -16.0966
  26250.00   -16.3464
  26260.00   -15.9324
  26270.00   -16.3350
  26280.00   -16.0457
  26290.00   -16.4844
  26300.00   -16.0958
  26310.00   -16.2746
  26320.00   -15.9264
  26330.00   -15.8039
  26340.00   -15.9571
  26350.00   -15.6432
  26360.00   -15.4996
  26370.00   -15.9386
  26380.00   -16.0740
  26390.00   -15.6083
  26400.00   -16.2832
  26410.00   -16.5645
  26420.00   -16.0559
  26430.00   -16.1540
  26440.00   -15.8115
  26450.00   -16.3945
  26460.00   -15.9869
  26470.00   -16.1865
  26480.00   -15.8591
  26490.00   -15.7886
  26500.00   -16.2749
  26510.00   -16.0926
  26520.00   -16.2776
  26530.00   -16.0171
  26540.00   -15.7038
  26550.00   -15.9248
  26560.00   -15.8133
  26570.00   -15.9243
  26580.00   -16.2038
  26590.00   -16.5142
  26600.00   -16.1633
  26610.00   -16.2073
  26620.00   -15.5716
  26630.00   -16.1195
  26640.00   -15.7179
  26650.00   -16.1836
  26660.00   -15.7205
  26670.00   -15.5983
  26680.00   -16.0310
  26690.00   -16.5603
  26700.00   -15.7568
  26710.00   -16.2044
  26720.00   -16.2623
  26730.00   -15.8633
  26740.00   -15.8258
  26750.00   -15.6734
  26760.00   -16.3533
  26770.00   -16.2717
  26780.00   -16.7328
  26790.00   -15.6674
  26800.00   -15.6040
  26810.00   -15.9425
  26820.00   -15.8466
  26830.00   -16.0052
  26840.00   -15.8260
  26850.00   -16.1059
  26860.00   -15.9651
  26870.00   -15.8261
  26880.00   -16.0466
  26890.00   -15.6085
  26900.00   -15.7638
  26910.00   -16.4692
  26920.00   -16.2623
  26930.00   -15.7427
  26940.00   -15.8326
  26950.00   -16.2072
  26960.00   -15.9670
  26970.00   -16.2539
  26980.00   -15.9752
  26990.00   -15.6254
  27000.00   -15.8735
  27010.00   -16.0942
  27020.00   -16.2223
  27030.00   -15.7725
  27040.00   -15.4267
  27050.00   -15.2650
  27060.00   -15.9216
  27070.00   -15.6432
  27080.00   -15.4405
  27090.00   -16.6954
  27100.00   -15.5317
  27110.00   -16.3063
  27120.00   -15.9479
  27130.00   -15.9220
  27140.00   -16.1245
  27150.00   -15.6170
  27160.00   -16.1634
  27170.00   -16.2285
  27180.00   -15.9942
  27190.00   -15.9927
  27200.00   -15.8136
  27210.00   -16.5011
  27220.00   -15.8584
  27230.00   -16.0677
  27240.00   -16.2592
  27250.00   -15.9656
  27260.00   -15.6222
  27270.00   -15.2957
  27280.00   -16.2212
  27290.00   -16.2796
  27300.00   -15.7301
  27310.00   -15.6532
  27320.00   -15.9622
  27330.00   -16.5375
  27340.00   -16.2803
  27350.00   -16.1546
  27360.00   -15.9487
  27370.00   -16.1762
  27380.00   -16.3485
  27390.00   -16.2838
  27400.00   -16.1675
  27410.00   -15.8781
  27420.00   -16.1586
  27430.00   -15.7209
  27440.00   -16.1307
  27450.00   -15.9361
  27460.00   -16.0976
  27470.00   -15.7681
  27480.00   -15.6229
  27490.00   -15.9912
  27500.00   -15.6541
  27510.00   -16.7794
  27520.00   -15.7792
  27530.00   -15.7515
  27540.00   -15.5039
  27550.00   -16.0423
  27560.00   -16.0811
  27570.00   -15.6097
  27580.00   -15.9832
  27590.00   -16.2053
  27600.00   -15.7083
  27610.00   -15.8613
  27620.00   -16.0757
  27630.00   -16.3845
  27640.00   -16.1725
  27650.00   -16.3987
  27660.00   -16.2574
  27670.00   -15.6630
  27680.00   -15.8031
  27690.00   -15.8253
  27700.00   -15.7892
  27710.00   -15.5350
  27720.00   -16.6390
  27730.00   -16.4657
  27740.00   -15.8373
  27750.00   -15.3437
  27760.00   -15.8695
  27770.00   -15.7429
  27780.00   -15.5362
  27790.00   -15.5829
  27800.00   -15.9623
  27810.00   -16.0538
  27820.00   -16.7070
  27830.00   -15.4817
  27840.00   -15.5948
  27850.00   -15.8107
  27860.00   -16.2466
  27870.00   -15.8364
  27880.00   -16.5608
  27890.00   -15.4593
  27900.00   -15.6284
  27910.00   -16.1740
  27920.00   -15.9908
  27930.00   -15.7885
  27940.00   -16.0915
  27950.00   -16.2771
  27960.00   -16.2794
  27970.00   -15.7965
  27980.00   -16.2401
  27990.00   -15.7617
  28000.00   -16.0191
  28010.00   -16.4450
  28020.00   -15.7335
  28030.00   -16.2971
  28040.00   -16.1265
  28050.00   -16.7375
  28060.00   -16.2934
  28070.00   -16.1171
  28080.00   -15.7760
  28090.00   -15.4376
  28100.00   -15.6651
  28110.00   -16.1989
  28120.00   -15.9547
  28130.00   -15.7568
  28140.00   -16.4869
  28150.00   -16.0515
  28160.00   -16.2293
  28170.00   -15.9641
  28180.00   -16.4902
  28190.00   -16.1126
  28200.00   -15.9809
  28210.00   -15.8844
  28220.00   -15.7575
  28230.00   -15.7445
  28240.00   -15.9555
  28250.00   -16.0012
  28260.00   -15.8238
  28270.00   -15.6755
  28280.00   -15.5489
  28290.00   -16.1105
  28300.00   -15.6352
  28310.00   -15.8978
  28320.00   -15.4251
  28330.00   -15.2799
  28340.00   -15.5508
  28350.00   -15.2598
  28360.00   -16.0563
  28370.00   -15.3521
  28380.00   -16.2249
  28390.00   -15.7250
  28400.00   -15.7306
  28410.00   -16.0986
  28420.00   -16.1375
  28430.00   -15.7711
  28440.00   -16.0681
  28450.00   -15.9232
  28460.00   -16.2784
  28470.00   -15.6224
  28480.00   -15.3164
  28490.00   -15.6994
  28500.00   -16.5111
  28510.00   -16.2279
  28520.00   -16.0819
  28530.00   -16.0457
  28540.00   -15.7432
  28550.00   -15.8886
  28560.00   -15.8982
  28570.00   -15.5146
  28580.00   -15.9167
  28590.00   -16.0313
  28600.00   -15.7913
  28610.00   -16.0225
  28620.00   -15.8101
  28630.00   -15.8399
  28640.00   -16.2837
  28650.00   -15.8477
  28660.00   -15.8734
  28670.00   -16.1139
  28680.00   -15.8168
  28690.00   -15.8177
  28700.00   -15.9163
  28710.00   -15.8125
  28720.00   -16.0780
  28730.00   -15.9010
  28740.00   -16.0214
  28750.00   -16.0258
  28760.00   -15.9329
  28770.00   -16.0468
  28780.00   -16.4104
  28790.00   -15.8624
  28800.00   -15.8352
  28810.00   -16.0141
  28820.00   -15.8058
  28830.00   -16.1445
  28840.00   -15.5520
  28850.00   -15.7821
  28860.00   -15.8037
  28870.00   -15.9059
  28880.00   -15.6041
  28890.00   -15.2840
  28900.00   -15.8769
  28910.00   -15.6819
  28920.00   -15.6278
  28930.00   -15.5946
  28940.00   -15.7142
  28950.00   -15.9269
  28960.00   -16.5242
  28970.00   -16.0157
  28980.00   -16.2091
  28990.00   -16.1931
  29000.00   -15.9241
  29010.00   -16.2282
  29020.00   -15.8579
  29030.00   -16.4352
  29040.00   -16.1509
  29050.00   -16.0514
  29060.00   -16.0829
  29070.00   -16.2191
  29080.00   -16.1667
  29090.00   -16.0870
  29100.00   -16.2210
  29110.00   -15.4717
  29120.00   -15.7894
  29130.00   -15.8471
  29140.00   -15.9877
  29150.00   -16.2412
  29160.00   -16.1324
  29170.00   -15.9405
  29180.00   -15.8622
  29190.00   -16.1721
  29200.00   -15.6210
  29210.00   -15.7519
  29220.00   -16.1551
  29230.00   -16.2327
  29240.00   -15.7650
  29250.00   -15.7559
  29260.00   -15.6080
  29270.00   -15.8044
  29280.00   -16.0549
  29290.00   -16.1718
  29300.00   -15.9871
  29310.00   -15.9124
  29320.00   -16.2439
  29330.00   -16.2103
  29340.00   -15.8773
  29350.00   -16.3726
  29360.00   -15.6755
  29370.00   -16.1102
  29380.00   -15.2594
  29390.00   -15.8642
  29400.00   -16.3841
  29410.00   -15.3741
  29420.00   -15.9395
  29430.00   -15.7321
  29440.00   -16.4088
  29450.00   -16.1222
  29460.00   -15.9975
  29470.00   -15.7567
  29480.00   -15.9796
  29490.00   -16.1309
  29500.00   -15.5720
  29510.00   -16.0514
  29520.00   -16.1769
  29530.00   -16.1816
  29540.00   -15.6072
  29550.00   -15.7008
  29560.00   -15.6876
  29570.00   -15.5906
  29580.00   -15.6921
  29590.00   -15.9571
  29600.00   -15.9376
  29610.00   -15.6041
  29620.00   -15.7713
  29630.00   -15.9855
  29640.00   -16.2537
  29650.00   -16.0145
  29660.00   -15.6112
  29670.00   -15.7517
  29680.00   -15.8499
  29690.00   -15.3772
  29700.00   -15.6414
  29710.00   -15.8624
  29720.00   -15.9631
  29730.00   -15.6127
  29740.00   -15.6370
  29750.00   -15.9067
  29760.00   -15.4827
  29770.00   -15.7269
  29780.00   -16.0885
  29790.00   -15.8633
  29800.00   -15.8495
  29810.00   -15.8797
  29820.00   -15.9978
  29830.00   -15.8421
  29840.00   -15.7917
  29850.00   -15.8272
  29860.00   -16.0929
  29870.00   -16.3916
  29880.00   -15.6640
  29890.00   -15.9434
  29900.00   -16.1215
  29910.00   -15.8737
  29920.00   -15.7744
  29930.00   -16.0729
  29940.00   -16.2135
  29950.00   -16.2099
  29960.00   -15.7205
  29970.00   -15.5481
  29980.00   -15.8332
  29990.00   -15.8871
  30000.00   -15.7309
  30010.00   -16.1990
  30020.00   -16.0264
  30030.00   -16.0983
  30040.00   -15.7779
  30050.00   -15.6622
  30060.00   -15.6568
  30070.00   -15.8189
  30080.00   -15.9589
  30090.00   -15.9382
  30100.00   -15.3022
  30110.00   -15.8758
  30120.00   -15.8378
  30130.00   -15.9188
  30140.00   -15.4424
  30150.00   -15.3552
  30160.00   -15.5134
  30170.00   -15.7426
  30180.00   -15.6116
  30190.00   -15.5045
  30200.00   -15.9422
  30210.00   -15.7169
  30220.00   -15.7159
  30230.00   -15.5971
  30240.00   -15.9957
  30250.00   -15.4769
  30260.00   -15.7488
  30270.00   -15.9152
  30280.00   -15.8258
  30290.00   -15.0435
  30300.00   -15.7658
  30310.00   -15.4763
  30320.00   -16.0871
  30330.00   -16.5812
  30340.00   -16.0898
  30350.00   -15.8289
  30360.00   -15.8863
  30370.00   -15.8588
  30380.00   -16.1847
  30390.00   -16.2444
  30400.00   -16.0314
  30410.00   -15.9530
  30420.00   -16.1139
  30430.00   -16.0971
  30440.00   -16.0436
  30450.00   -16.3013
  30460.00   -15.9678
  30470.00   -15.3063
  30480.00   -15.8581
  30490.00   -15.8705
  30500.00   -16.0130
  30510.00   -15.8463
  30520.00   -15.9928
  30530.00   -15.8053
  30540.00   -16.4944
  30550.00   -16.2824
  30560.00   -15.8303
  30570.00   -16.0476
  30580.00   -15.8379
  30590.00   -16.4278
  30600.00   -15.8740
  30610.00   -15.5904
  30620.00   -15.6273
  30630.00   -15.9909
  30640.00   -15.7731
  30650.00   -16.2919
  30660.00   -15.6246
  30670.00   -15.5415
  30680.00   -15.9040
  30690.00   -15.4502
  30700.00   -16.3006
  30710.00   -15.9644
  30720.00   -15.7896
  30730.00   -15.8817
  30740.00   -15.4287
  30750.00   -15.9269
  30760.00   -15.2981
  30770.00   -15.4590
  30780.00   -15.5524
  30790.00   -15.3960
  30800.00   -15.9359
  30810.00   -16.1629
  30820.00   -15.7540
  30830.00   -16.5644
  30840.00   -16.3556
  30850.00   -16.0952
  30860.00   -16.0650
  30870.00   -15.7405
  30880.00   -15.5835
  30890.00   -16.0427
  30900.00   -15.9906
  30910.00   -15.7325
  30920.00   -15.5821
  30930.00   -15.7022
  30940.00   -15.7702
  30950.00   -16.1602
  30960.00   -16.0994
  30970.00   -15.4580
  30980.00   -15.9637
  30990.00   -15.7485
  31000.00   -15.8728
  31010.00   -15.9648
  31020.00   -16.1225
  31030.00   -16.3561
  31040.00   -15.3946
  31050.00   -15.7251
  31060.00   -15.9542
  31070.00   -15.9038
  31080.00   -16.2825
  31090.00   -16.1908
  31100.00   -16.1985
  31110.00   -15.7309
  31120.00   -15.7824
  31130.00   -15.7290
  31140.00   -15.4342
  31150.00   -15.4618
  31160.00   -15.8690
  31170.00   -15.9549
  31180.00   -15.5867
  31190.00   -15.8746
  31200.00   -15.4525
  31210.00   -15.9701
  31220.00   -15.6362
  31230.00   -15.9908
  31240.00   -15.6829
  31250.00   -15.4724
  31260.00   -15.7517
  31270.00   -15.8348
  31280.00   -15.7790
  31290.00   -15.7559
  31300.00   -15.4931
  31310.00   -15.8337
  31320.00   -15.6273
  31330.00   -15.9180
  31340.00   -15.9802
  31350.00   -16.0138
  31360.00   -15.8571
  31370.00   -15.7788
  31380.00   -15.6019
  31390.00   -16.1234
  31400.00   -16.2569
  31410.00   -15.7091
  31420.00   -16.0999
  31430.00   -16.0621
  31440.00   -15.8955
  31450.00   -15.8222
  31460.00   -15.9434
  31470.00   -15.7384
  31480.00   -15.6636
  31490.00   -15.5796
  31500.00   -15.4033
  31510.00   -15.8563
  31520.00   -15.3043
  31530.00   -15.9455
  31540.00   -16.1232
  31550.00   -15.8066
  31560.00   -16.3250
  31570.00   -16.2094
  31580.00   -16.3545
  31590.00   -16.6237
  31600.00   -16.1658
  31610.00   -16.1677
  31620.00   -15.9617
  31630.00   -16.4331
  31640.00   -16.0928
  31650.00   -15.9917
  31660.00   -16.0786
  31670.00   -16.4702
  31680.00   -16.0511
  31690.00   -16.1281
  31700.00   -16.2030
  31710.00   -16.0806
  31720.00   -15.8576
  31730.00   -15.9432
  31740.00   -15.7716
  31750.00   -16.2879
  31760.00   -16.3598
  31770.00   -15.4987
  31780.00   -15.7221
  31790.00   -15.8185
  31800.00   -15.9851
  31810.00   -15.4148
  31820.00   -16.6939
  31830.00   -15.9421
  31840.00   -15.9295
  31850.00   -16.1770
  31860.00   -16.1852
  31870.00   -15.8345
  31880.00   -15.8608
  31890.00   -15.9653
  31900.00   -15.9250
  31910.00   -15.5989
  31920.00   -16.3692
  31930.00   -16.1166
  31940.00   -16.2515
  31950.00   -15.8845
  31960.00   -16.0301
  31970.00   -15.9425
  31980.00   -15.7982
  31990.00   -16.0549
  32000.00   -16.0379
  32010.00   -15.9734
  32020.00   -15.5286
  32030.00   -15.5601
  32040.00   -15.6599
  32050.00   -16.1636
  32060.00   -15.8111
  32070.00   -15.6161
  32080.00   -16.0515
  32090.00   -15.9657
  32100.00   -16.1179
  32110.00   -15.2905
  32120.00   -16.3415
  32130.00   -16.4141
  32140.00   -16.1661
  32150.00   -16.0992
  32160.00   -15.7731
  32170.00   -16.1463
  32180.00   -15.8425
  32190.00   -15.8493
  32200.00   -15.6423
  32210.00   -15.6224
  32220.00   -16.0589
  32230.00   -16.6240
  32240.00   -16.0778
  32250.00   -15.7192
  32260.00   -16.2378
  32270.00   -16.2843
  32280.00   -16.0458
  32290.00   -15.9482
  32300.00   -15.8570
  32310.00   -15.7697
  32320.00   -15.8922
  32330.00   -16.0580
  32340.00   -15.7926
  32350.00   -15.8098
  32360.00   -15.9131
  32370.00   -16.3008
  32380.00   -16.4809
  32390.00   -16.2734
  32400.00   -15.5182
  32410.00   -15.6654
  32420.00   -16.1805
  32430.00   -15.4612
  32440.00   -15.8533
  32450.00   -15.8308
  32460.00   -15.7726
  32470.00   -15.6882
  32480.00   -16.1940
  32490.00   -15.6369
  32500.00   -15.9806
  32510.00   -15.9921
  32520.00   -15.6734
  32530.00   -15.6222
  32540.00   -16.2756
  32550.00   -16.1286
  32560.00   -15.2758
  32570.00   -15.9446
  32580.00   -15.8142
  32590.00   -15.8307
  32600.00   -16.2449
  32610.00   -16.2423
  32620.00   -15.8764
  32630.00   -15.7612
  32640.00   -15.5853
  32650.00   -15.8740
  32660.00   -15.4536
  32670.00   -16.3299
  32680.00   -16.0320
  32690.00   -16.0879
  32700.00   -16.0219
  32710.00   -16.1956
  32720.00   -15.6758
  32730.00   -16.0731
  32740.00   -15.8069
  32750.00   -16.0229
  32760.00   -15.8923
  32770.00   -16.1198
  32780.00   -15.5474
  32790.00   -16.1068
  32800.00   -16.0360
  32810.00   -16.0953
  32820.00   -15.8263
  32830.00   -15.6186
  32840.00   -15.7626
  32850.00   -15.7625
  32860.00   -15.4202
  32870.00   -16.1398
  32880.00   -15.9638
  32890.00   -15.3794
  32900.00   -15.7651
  32910.00   -15.6292
  32920.00   -15.9734
  32930.00   -15.9957
  32940.00   -15.5469
  32950.00   -15.9639
  32960.00   -15.8484
  32970.00   -16.2209
  32980.00   -15.8984
  32990.00   -16.1339
  33000.00   -15.8106
  33010.00   -16.2293
  33020.00   -16.2251
  33030.00   -15.4466
  33040.00   -16.4021
  33050.00   -16.2071
  33060.00   -15.9690
  33070.00   -16.0610
  33080.00   -16.0295
  33090.00   -16.2359
  33100.00   -16.1727
  33110.00   -15.8241
  33120.00   -15.4831
  33130.00   -16.0727
  33140.00   -16.0330
  33150.00   -16.2050
  33160.00   -15.9680
  33170.00   -15.7508
  33180.00   -15.7202
  33190.00   -15.5913
  33200.00   -15.7284
  33210.00   -16.2426
  33220.00   -16.3832
  33230.00   -16.4275
  33240.00   -16.2287
  33250.00   -16.0566
  33260.00   -16.4369
  33270.00   -16.2283
  33280.00   -16.0760
  33290.00   -15.4602
  33300.00   -15.7521
  33310.00   -16.1230
  33320.00   -16.1730
  33330.00   -15.6533
  33340.00   -15.2431
  33350.00   -15.7254
  33360.00   -16.1028
  33370.00   -15.8934
  33380.00   -15.5182
  33390.00   -16.0685
  33400.00   -15.9131
  33410.00   -16.2683
  33420.00   -16.2726
  33430.00   -15.7088
  33440.00   -16.0523
  33450.00   -15.4546
  33460.00   -15.8060
  33470.00   -15.5318
  33480.00   -15.9215
  33490.00   -16.0362
  33500.00   -15.4147
  33510.00   -15.9994
  33520.00   -16.2048
  33530.00   -15.4894
  33540.00   -15.5159
  33550.00   -15.6962
  33560.00   -15.6793
  33570.00   -15.9365
  33580.00   -15.5324
  33590.00   -15.5204
  33600.00   -15.9515
  33610.00   -16.0105
  33620.00   -15.7712
  33630.00   -15.4105
  33640.00   -15.9253
  33650.00   -15.8607
  33660.00   -15.8310
  33670.00   -15.5368
  33680.00   -16.1104
  33690.00   -16.0270
  33700.00   -15.5008
  33710.00   -15.5593
  33720.00   -15.9474
  33730.00   -15.9461
  33740.00   -16.0891
  33750.00   -15.7318
  33760.00   -15.9206
  33770.00   -16.0177
  33780.00   -15.7785
  33790.00   -15.9508
  33800.00   -16.0993
  33810.00   -15.6429
  33820.00   -15.6729
  33830.00   -15.6586
  33840.00   -15.7768
  33850.00   -15.7759
  33860.00   -15.4979
  33870.00   -15.4247
  33880.00   -16.2981
  33890.00   -15.9644
  33900.00   -16.1502
  33910.00   -15.4258
  33920.00   -15.7799
  33930.00   -15.7908
  33940.00   -16.0389
  33950.00   -16.0682
  33960.00   -16.0122
  33970.00   -15.8844
  33980.00   -16.2447
  33990.00   -16.5403
  34000.00   -16.2223
  34010.00   -16.4349
  34020.00   -16.0056
  34030.00   -15.6725
  34040.00   -16.4832
  34050.00   -16.1764
  34060.00   -16.0787
  34070.00   -16.3933
  34080.00   -15.9066
  34090.00   -16.1630
  34100.00   -16.0571
  34110.00   -16.0603
  34120.00   -16.1387
  34130.00   -16.3405
  34140.00   -16.2061
  34150.00   -15.7967
  34160.00   -16.0021
  34170.00   -15.6700
  34180.00   -15.7090
  34190.00   -15.5928
  34200.00   -16.3431
  34210.00   -15.9506
  34220.00   -15.9392
  34230.00   -16.3623
  34240.00   -15.7859
  34250.00   -15.8330
  34260.00   -15.9724
  34270.00   -15.4463
  34280.00   -16.2844
  34290.00   -15.5416
  34300.00   -15.9030
  34310.00   -15.9195
  34320.00   -15.7878
  34330.00   -16.4107
  34340.00   -15.5106
  34350.00   -16.3789
  34360.00   -16.3128
  34370.00   -15.9553
  34380.00   -15.7248
  34390.00   -15.8383
  34400.00   -16.1253
  34410.00   -16.0441
  34420.00   -16.1320
  34430.00   -16.3544
  34440.00   -15.7226
  34450.00   -16.0300
  34460.00   -15.6398
  34470.00   -16.1768
  34480.00   -15.8120
  34490.00   -16.0099
  34500.00   -16.1794
  34510.00   -15.8672
  34520.00   -15.6360
  34530.00   -15.4368
  34540.00   -16.1852
  34550.00   -16.2879
  34560.00   -16.1419
  34570.00   -15.9500
  34580.00   -16.1746
  34590.00   -15.8555
  34600.00   -15.5537
  34610.00   -15.7892
  34620.00   -16.1842
  34630.00   -16.2761
  34640.00   -16.1348
  34650.00   -15.8482
  34660.00   -16.1152
  34670.00   -16.0239
  34680.00   -16.7213
  34690.00   -16.3527
  34700.00   -16.1642
  34710.00   -15.8026
  34720.00   -16.2447
  34730.00   -16.3595
  34740.00   -16.3165
  34750.00   -16.5769
  34760.00   -16.1382
  34770.00   -15.4307
  34780.00   -15.9634
  34790.00   -16.0622
  34800.00   -15.9951
  34810.00   -15.8402
  34820.00   -16.1050
  34830.00   -15.8871
  34840.00   -15.9147
  34850.00   -15.8061
  34860.00   -15.4520
  34870.00   -16.3398
  34880.00   -15.9238
  34890.00   -15.7205
  34900.00   -16.1288
  34910.00   -16.4285
  34920.00   -16.0174
  34930.00   -15.8879
  34940.00   -15.9215
  34950.00   -15.6082
  34960.00   -15.9087
  34970.00   -15.6710
  34980.00   -15.7068
  34990.00   -16.0092
  35000.00   -16.0301
  35010.00   -15.8439
  35020.00   -15.9612
  35030.00   -15.9648
  35040.00   -16.1877
  35050.00   -15.7281
  35060.00   -15.5142
  35070.00   -16.0899
  35080.00   -15.7008
  35090.00   -16.2171
  35100.00   -16.1283
  35110.00   -16.1518
  35120.00   -15.9761
  35130.00   -16.1100
  35140.00   -16.1795
  35150.00   -15.6192
  35160.00   -15.6565
  35170.00   -15.9015
  35180.00   -15.5930
  35190.00   -16.2221
  35200.00   -15.6034
  35210.00   -15.6626
  35220.00   -16.0023
  35230.00   -16.0668
  35240.00   -16.2401
  35250.00   -15.8557
  35260.00   -15.9720
  35270.00   -15.7768
  35280.00   -15.7788
  35290.00   -16.6227
  35300.00   -15.7772
  35310.00   -16.0029
  35320.00   -15.6017
  35330.00   -16.1537
  35340.00   -15.1787
  35350.00   -15.9420
  35360.00   -16.2688
  35370.00   -15.5592
  35380.00   -15.9080
  35390.00   -15.8050
  35400.00   -16.1075
  35410.00   -15.7471
  35420.00   -15.8772
  35430.00   -16.2433
  35440.00   -16.7039
  35450.00   -16.0742
  35460.00   -16.4480
  35470.00   -15.8933
  35480.00   -16.9002
  35490.00   -16.4940
  35500.00   -16.3241
  35510.00   -16.1583
  35520.00   -16.4701
  35530.00   -16.1273
  35540.00   -15.7728
  35550.00   -15.5747
  35560.00   -15.6916
  35570.00   -16.5900
  35580.00   -15.4698
  35590.00   -16.0204
  35600.00   -16.0720
  35610.00   -16.2776
  35620.00   -16.2680
  35630.00   -15.9511
  35640.00   -15.6355
  35650.00   -15.5930
  35660.00   -15.8978
  35670.00   -15.9738
  35680.00   -15.7731
  35690.00   -16.0800
  35700.00   -16.0254
  35710.00   -16.4386
  35720.00   -15.7222
  35730.00   -15.3746
  35740.00   -15.8653
  35750.00   -15.6626
  35760.00   -15.9927
  35770.00   -15.7505
  35780.00   -15.9970
  35790.00   -16.0117
  35800.00   -16.0233
  35810.00   -15.6358
  35820.00   -15.8753
  35830.00   -15.7498
  35840.00   -16.3886
  35850.00   -16.3780
  35860.00   -16.2024
  35870.00   -16.1830
  35880.00   -15.7145
  35890.00   -16.1739
  35900.00   -15.9202
  35910.00   -16.0669
  35920.00   -15.3398
  35930.00   -15.7768
  35940.00   -15.5773
  35950.00   -16.0984
  35960.00   -15.7463
  35970.00   -16.1533
  35980.00   -16.1535
  35990.00   -15.4769
  36000.00   -16.3771
  36010.00   -16.2500
  36020.00   -16.1708
  36030.00   -16.2580
  36040.00   -15.8614
  36050.00   -16.2034
  36060.00   -16.3261
  36070.00   -15.9277
  36080.00   -15.9339
  36090.00   -15.8553
  36100.00   -16.3182
  36110.00   -16.3502
  36120.00   -15.9300
  36130.00   -15.4401
  36140.00   -16.1507
  36150.00   -15.8169
  36160.00   -16.3384
  36170.00   -16.0141
  36180.00   -15.7245
  36190.00   -16.4475
  36200.00   -16.2142
  36210.00   -16.0830
  36220.00   -15.2754
  36230.00   -15.9960
  36240.00   -15.7035
  36250.00   -16.0014
  36260.00   -16.1178
  36270.00   -15.9240
  36280.00   -15.8067
  36290.00   -15.6160
  36300.00   -15.8601
  36310.00   -15.4294
  36320.00   -15.9439
  36330.00   -15.7211
  36340.00   -15.7938
  36350.00   -15.7446
  36360.00   -16.2322
  36370.00   -15.6587
  36380.00   -15.5359
  36390.00   -16.4028
  36400.00   -15.6927
  36410.00   -15.7294
  36420.00   -15.9914
  36430.00   -15.8010
  36440.00   -15.6404
  36450.00   -15.9575
  36460.00   -15.6753
  36470.00   -16.3635
  36480.00   -16.1826
  36490.00   -16.1829
  36500.00   -15.6140
  36510.00   -15.9311
  36520.00   -15.6989
  36530.00   -15.5281
  36540.00   -16.4666
  36550.00   -16.0605
  36560.00   -16.2586
  36570.00   -16.0970
  36580.00   -15.6793
  36590.00   -15.9778
  36600.00   -16.0400
  36610.00   -16.1735
  36620.00   -15.8273
  36630.00   -16.4093
  36640.00   -16.0676
  36650.00   -15.7530
  36660.00   -15.3665
  36670.00   -16.0055
  36680.00   -16.2027
  36690.00   -16.2685
  36700.00   -15.5941
  36710.00   -15.5725
  36720.00   -16.1260
  36730.00   -15.9495
  36740.00   -15.7433
  36750.00   -15.9080
  36760.00   -15.9814
  36770.00   -15.4847
  36780.00   -15.8757
  36790.00   -16.0395
  36800.00   -15.8688
  36810.00   -15.5717
  36820.00   -16.1222
  36830.00   -16.1132
  36840.00   -15.7326
  36850.00   -16.0850
  36860.00   -16.1613
  36870.00   -15.8412
  36880.00   -16.4058
  36890.00   -16.3528
  36900.00   -16.0249
  36910.00   -16.1290
  36920.00   -16.3888
  36930.00   -16.2726
  36940.00   -16.2767
  36950.00   -15.7700
  36960.00   -15.9630
  36970.00   -16.3824
  36980.00   -15.7182
  36990.00   -15.7627
  37000.00   -16.0444
  37010.00   -16.6452
  37020.00   -15.6425
  37030.00   -16.4354
  37040.00   -15.5959
  37050.00   -15.9571
  37060.00   -16.0869
  37070.00   -15.3798
  37080.00   -15.9326
  37090.00   -15.5035
  37100.00   -16.0356
  37110.00   -15.9466
  37120.00   -16.2977
  37130.00   -15.8341
  37140.00   -16.1078
  37150.00   -16.2452
  37160.00   -16.2073
  37170.00   -15.8067
  37180.00   -16.1171
  37190.00   -15.6175
  37200.00   -16.2920
  37210.00   -15.3916
  37220.00   -15.5389
  37230.00   -16.2213
  37240.00   -16.0793
  37250.00   -15.4224
  37260.00   -15.9270
  37270.00   -16.4370
  37280.00   -15.5519
  37290.00   -15.7198
  37300.00   -15.6838
  37310.00   -15.6520
  37320.00   -16.2990
  37330.00   -16.1362
  37340.00   -16.0623
  37350.00   -15.9852
  37360.00   -15.9136
  37370.00   -15.9226
  37380.00   -16.3991
  37390.00   -16.3405
  37400.00   -15.9132
  37410.00   -15.6523
  37420.00   -16.3188
  37430.00   -15.8713
  37440.00   -15.9879
  37450.00   -16.0068
  37460.00   -15.8894
  37470.00   -15.8659
  37480.00   -15.5839
  37490.00   -15.6949
  37500.00   -16.0150
  37510.00   -15.4564
  37520.00   -15.6392
  37530.00   -15.6568
  37540.00   -15.8975
  37550.00   -15.5548
  37560.00   -15.5609
  37570.00   -15.5662
  37580.00   -15.8087
  37590.00   -16.0863
  37600.00   -15.5570
  37610.00   -15.9859
  37620.00   -15.9331
  37630.00   -16.1671
  37640.00   -16.1696
  37650.00   -15.8628
  37660.00   -16.2249
  37670.00   -15.9393
  37680.00   -15.4652
  37690.00   -15.4881
  37700.00   -15.4129
  37710.00   -16.0182
  37720.00   -16.0465
  37730.00   -16.0868
  37740.00   -16.5726
  37750.00   -16.5735
  37760.00   -16.1613
  37770.00   -15.9642
  37780.00   -15.7893
  37790.00   -16.0110
  37800.00   -15.8029
  37810.00   -15.7931
  37820.00   -15.7194
  37830.00   -15.8803
  37840.00   -15.9880
  37850.00   -16.1538
  37860.00   -15.6690
  37870.00   -16.0211
  37880.00   -15.8789
  37890.00   -16.1409
  37900.00   -16.1332
  37910.00   -16.2357
  37920.00   -16.1257
  37930.00   -15.8807
  37940.00   -16.3741
  37950.00   -15.5872
  37960.00   -15.8924
  37970.00   -16.2677
  37980.00   -16.1588
  37990.00   -15.5474
  38000.00   -15.8788
  38010.00   -15.7263
  38020.00   -16.2079
  38030.00   -16.0650
  38040.00   -16.3318
  38050.00   -15.6024
  38060.00   -16.1880
  38070.00   -15.9848
  38080.00   -16.3965
  38090.00   -16.0939
  38100.00   -16.2191
  38110.00   -16.3077
  38120.00   -16.1738
  38130.00   -16.2580
  38140.00   -15.8218
  38150.00   -16.0462
  38160.00   -16.1979
  38170.00   -16.4108
  38180.00   -16.1461
  38190.00   -15.9729
  38200.00   -15.8551
  38210.00   -15.9348
  38220.00   -15.3727
  38230.00   -15.4970
  38240.00   -15.9198
  38250.00   -15.7556
  38260.00   -16.2337
  38270.00   -15.8367
  38280.00   -15.7626
  38290.00   -16.1808
  38300.00   -15.9699
  38310.00   -15.8440
  38320.00   -16.5115
  38330.00   -16.3701
  38340.00   -16.0196
  38350.00   -16.1459
  38360.00   -15.5707
  38370.00   -15.8126
  38380.00   -15.6809
  38390.00   -16.2458
  38400.00   -15.7961
  38410.00   -16.1444
  38420.00   -16.4058
  38430.00   -16.1405
  38440.00   -15.9090
  38450.00   -15.5993
  38460.00   -16.0890
  38470.00   -15.8219
  38480.00   -15.5257
  38490.00   -15.7074
  38500.00   -15.6128
  38510.00   -15.9328
  38520.00   -15.7962
  38530.00   -15.1229
  38540.00   -16.0969
  38550.00   -16.0055
  38560.00   -16.0635
  38570.00   -15.8922
  38580.00   -15.8766
  38590.00   -15.8783
  38600.00   -15.9974
  38610.00   -15.9631
  38620.00   -16.3934
  38630.00   -16.2192
  38640.00   -15.6895
  38650.00   -15.7596
  38660.00   -15.8326
  38670.00   -15.7981
  38680.00   -16.1209
  38690.00   -16.0558
  38700.00   -15.9297
  38710.00   -15.6805
  38720.00   -16.1869
  38730.00   -16.0451
  38740.00   -16.1377
  38750.00   -15.3254
  38760.00   -15.6697
  38770.00   -15.9268
  38780.00   -15.6778
  38790.00   -15.4828
  38800.00   -15.7904
  38810.00   -15.7844
  38820.00   -15.8991
  38830.00   -16.0930
  38840.00   -15.5373
  38850.00   -16.1583
  38860.00   -15.8314
  38870.00   -15.9323
  38880.00   -15.8891
  38890.00   -15.3360
  38900.00   -15.6140
  38910.00   -16.1237
  38920.00   -15.9750
  38930.00   -15.9401
  38940.00   -16.4166
  38950.00   -15.4989
  38960.00   -16.0794
  38970.00   -15.8617
  38980.00   -16.2650
  38990.00   -15.9380
  39000.00   -15.6847
  39010.00   -16.0080
  39020.00   -15.7431
  39030.00   -15.5435
  39040.00   -16.0178
  39050.00   -16.0260
  39060.00   -15.7801
  39070.00   -16.2173
  39080.00   -15.8160
  39090.00   -16.3279
  39100.00   -15.7679
  39110.00   -16.3713
  39120.00   -16.0226
  39130.00   -15.8702
  39140.00   -16.1176
  39150.00   -15.6279
  39160.00   -15.5527
  39170.00   -15.7563
  39180.00   -16.0136
  39190.00   -15.8509
  39200.00   -15.6307
  39210.00   -16.0821
  39220.00   -15.6691
  39230.00   -15.6161
  39240.00   -15.9697
  39250.00   -16.0342
  39260.00   -15.8506
  39270.00   -16.2248
  39280.00   -15.8083
  39290.00   -16.0568
  39300.00   -16.4701
  39310.00   -16.0363
  39320.00   -16.3498
  39330.00   -15.7822
  39340.00   -15.6310
  39350.00   -15.6709
  39360.00   -16.0448
  39370.00   -15.2795
  39380.00   -16.1578
  39390.00   -15.8579
  39400.00   -15.6678
  39410.00   -15.7267
  39420.00   -16.1808
  39430.00   -15.5048
  39440.00   -16.2779
  39450.00   -15.7299
  39460.00   -15.7783
  39470.00   -15.6560
  39480.00   -15.4556
  39490.00   -16.1380
  39500.00   -15.8091
  39510.00   -16.2126
  39520.00   -16.4230
  39530.00   -16.1272
  39540.00   -16.1539
  39550.00   -15.7934
  39560.00   -16.2577
  39570.00   -16.1550
  39580.00   -15.5859
  39590.00   -16.0077
  39600.00   -15.9764
  39610.00   -15.4785
  39620.00   -15.4987
  39630.00   -15.8155
  39640.00   -15.8949
  39650.00   -16.2804
  39660.00   -15.8752
  39670.00   -16.0265
  39680.00   -16.1190
  39690.00   -15.8767
  39700.00   -16.4284
  39710.00   -16.1838
  39720.00   -16.1407
  39730.00   -15.9911
  39740.00   -16.2084
  39750.00   -15.9874
  39760.00   -15.6773
  39770.00   -16.0380
  39780.00   -16.0956
  39790.00   -15.5974
  39800.00   -15.7200
  39810.00   -15.9178
  39820.00   -15.7885
  39830.00   -15.9948
  39840.00   -15.9187
  39850.00   -16.4514
  39860.00   -15.9476
  39870.00   -15.8121
  39880.00   -16.3351
  39890.00   -15.9902
  39900.00   -16.0289
  39910.00   -16.5835
  39920.00   -15.6259
  39930.00   -16.4608
  39940.00   -16.0283
  39950.00   -16.1189
  39960.00   -15.9433
  39970.00   -15.9423
  39980.00   -15.5247
  39990.00   -15.5015
  40000.00   -15.6861
  40010.00   -16.0037
  40020.00   -15.5743
  40030.00   -16.4869
  40040.00   -15.1931
  40050.00   -16.0473
  40060.00   -15.6936
  40070.00   -16.1638
  40080.00   -15.6528
  40090.00   -15.7312
  40100.00   -15.9864
  40110.00   -16.2239
  40120.00   -16.1533
  40130.00   -15.9437
  40140.00   -15.4922
  40150.00   -15.8462
  40160.00   -15.9137
  40170.00   -15.9810
  40180.00   -15.7213
  40190.00   -15.8174
  40200.00   -16.1547
  40210.00   -15.6365
  40220.00   -16.1029
  40230.00   -16.3426
  40240.00   -15.6878
  40250.00   -15.6189
  40260.00   -15.6057
  40270.00   -15.7358
  40280.00   -15.9011
  40290.00   -15.6744
  40300.00   -15.7961
  40310.00   -15.6639
  40320.00   -15.7041
  40330.00   -15.3726
  40340.00   -15.7756
  40350.00   -15.8843
  40360.00   -15.5943
  40370.00   -15.8681
  40380.00   -15.5824
  40390.00   -15.8985
  40400.00   -15.7360
  40410.00   -16.0451
  40420.00   -15.8927
  40430.00   -15.4609
  40440.00   -15.0051
  40450.00   -15.7870
  40460.00   -16.0314
  40470.00   -15.8781
  40480.00   -15.7580
  40490.00   -15.8057
  40500.00   -15.7572
  40510.00   -15.8402
  40520.00   -16.0452
  40530.00   -15.8961
  40540.00   -15.5277
  40550.00   -16.0019
  40560.00   -15.7707
  40570.00   -16.4648
  40580.00   -15.8648
  40590.00   -15.7453
  40600.00   -15.7757
  40610.00   -15.7085
  40620.00   -15.7414
  40630.00   -15.8120
  40640.00   -15.6050
  40650.00   -15.3445
  40660.00   -15.9581
  40670.00   -15.2852
  40680.00   -15.8044
  40690.00   -15.6084
  40700.00   -16.2273
  40710.00   -15.8755
  40720.00   -15.7018
  40730.00   -16.0651
  40740.00   -15.8109
  40750.00   -15.3775
  40760.00   -16.1005
  40770.00   -16.4041
  40780.00   -16.3184
  40790.00   -15.6229
  40800.00   -15.9047
  40810.00   -15.9112
  40820.00   -16.1194
  40830.00   -15.8409
  40840.00   -15.5683
  40850.00   -15.9117
  40860.00   -16.3034
  40870.00   -16.0094
  40880.00   -15.5431
  40890.00   -16.1084
  40900.00   -15.6653
  40910.00   -16.3468
  40920.00   -16.1356
  40930.00   -15.8056
  40940.00   -15.9166
  40950.00   -16.1516
  40960.00   -15.6820
  40970.00   -15.6008
  40980.00   -16.4501
  40990.00   -15.4150
  41000.00   -16.1580
  41010.00   -15.8692
  41020.00   -16.4283
  41030.00   -16.3392
  41040.00   -15.4527
  41050.00   -15.8580
  41060.00   -15.8543
  41070.00   -16.3477
  41080.00   -16.1684
  41090.00   -15.8445
  41100.00   -15.7670
  41110.00   -15.8880
  41120.00   -15.8229
  41130.00   -15.6915
  41140.00   -15.6925
  41150.00   -15.8679
  41160.00   -16.2164
  41170.00   -15.9079
  41180.00   -16.1516
  41190.00   -15.9003
  41200.00   -16.0026
  41210.00   -16.1462
  41220.00   -16.4449
  41230.00   -16.1861
  41240.00   -15.7394
  41250.00   -15.7038
  41260.00   -15.7386
  41270.00   -16.0292
  41280.00   -15.7533
  41290.00   -16.2344
  41300.00   -16.0251
  41310.00   -16.1705
  41320.00   -15.9561
  41330.00   -16.3320
  41340.00   -15.8616
  41350.00   -16.3675
  41360.00   -15.7362
  41370.00   -16.0998
  41380.00   -16.2219
  41390.00   -15.7948
  41400.00   -15.7968
  41410.00   -15.9182
  41420.00   -15.8862
  41430.00   -16.0814
  41440.00   -15.8782
  41450.00   -16.0014
  41460.00   -16.2101
  41470.00   -16.2168
  41480.00   -16.0053
  41490.00   -15.9067
  41500.00   -16.1828
  41510.00   -16.0991
  41520.00   -16.1358
  41530.00   -16.1835
  41540.00   -16.0561
  41550.00   -15.8389
  41560.00   -15.6483
  41570.00   -16.1350
  41580.00   -16.2293
  41590.00   -16.2492
  41600.00   -15.7076
  41610.00   -15.9352
  41620.00   -15.6061
  41630.00   -15.5531
  41640.00   -16.0582
  41650.00   -15.5703
  41660.00   -16.2659
  41670.00   -16.2668
  41680.00   -15.8498
  41690.00   -15.4147
  41700.00   -15.8695
  41710.00   -15.3073
  41720.00   -16.2767
  41730.00   -15.9251
  41740.00   -15.7888
  41750.00   -16.1299
  41760.00   -15.8638
  41770.00   -16.0828
  41780.00   -15.5751
  41790.00   -16.4763
  41800.00   -16.3524
  41810.00   -15.6893
  41820.00   -15.9157
  41830.00   -16.0690
  41840.00   -15.9759
  41850.00   -15.6934
  41860.00   -16.3891
  41870.00   -15.9061
  41880.00   -16.1141
  41890.00   -15.7422
  41900.00   -15.9554
  41910.00   -16.1685
  41920.00   -16.0577
  41930.00   -15.7655
  41940.00   -15.7727
  41950.00   -15.5674
  41960.00   -15.8633
  41970.00   -16.1273
  41980.00   -15.8737
  41990.00   -16.0980
  42000.00   -15.7799
  42010.00   -15.9650
  42020.00   -16.4467
  42030.00   -15.8771
  42040.00   -15.2645
  42050.00   -15.7288
  42060.00   -16.3590
  42070.00   -16.1085
  42080.00   -15.9201
  42090.00   -15.6611
  42100.00   -15.6633
  42110.00   -15.4770
  42120.00   -15.1542
  42130.00   -15.6752
  42140.00   -15.7402
  42150.00   -15.6511
  42160.00   -15.9038
  42170.00   -15.4885
  42180.00   -15.8839
  42190.00   -15.5756
  42200.00   -16.0701
  42210.00   -15.4334
  42220.00   -15.3398
  42230.00   -15.6383
  42240.00   -15.9181
  42250.00   -15.7341
  42260.00   -15.7569
  42270.00   -15.7597
  42280.00   -16.1160
  42290.00   -15.3684
  42300.00   -15.6955
  42310.00   -16.3567
  42320.00   -16.1359
  42330.00   -15.5429
  42340.00   -15.6957
  42350.00   -15.9946
  42360.00   -15.7688
  42370.00   -16.1982
  42380.00   -15.7678
  42390.00   -15.4492
  42400.00   -15.3889
  42410.00   -15.9111
  42420.00   -15.5884
  42430.00   -16.0405
  42440.00   -15.7099
  42450.00   -15.9580
  42460.00   -15.5502
  42470.00   -15.7432
  42480.00   -16.2119
  42490.00   -16.0992
  42500.00   -16.0835
  42510.00   -16.2043
  42520.00   -16.4834
  42530.00   -16.3395
  42540.00   -16.2550
  42550.00   -16.3074
  42560.00   -16.5862
  42570.00   -16.3837
  42580.00   -15.6002
  42590.00   -15.6934
  42600.00   -16.0992
  42610.00   -15.5205
  42620.00   -15.8036
  42630.00   -15.8703
  42640.00   -15.8666
  42650.00   -16.2180
  42660.00   -16.0538
  42670.00   -15.7291
  42680.00   -15.6017
  42690.00   -15.8950
  42700.00   -15.9064
  42710.00   -15.9714
  42720.00   -15.6501
  42730.00   -16.0523
  42740.00   -16.0345
  42750.00   -15.9988
  42760.00   -15.9408
  42770.00   -15.2206
  42780.00   -15.4856
  42790.00   -15.7646
  42800.00   -15.9993
  42810.00   -15.5638
  42820.00   -16.3067
  42830.00   -15.5837
  42840.00   -15.6862
  42850.00   -15.4652
  42860.00   -15.9805
  42870.00   -16.1039
  42880.00   -15.5062
  42890.00   -15.6317
  42900.00   -15.9937
  42910.00   -15.9492
  42920.00   -15.7825
  42930.00   -16.1768
  42940.00   -15.8711
  42950.00   -15.3487
  42960.00   -16.3530
  42970.00   -15.8116
  42980.00   -16.1874
  42990.00   -15.6834
  43000.00   -15.7142
  43010.00   -15.5703
  43020.00   -16.3339
  43030.00   -16.2507
  43040.00   -15.7986
  43050.00   -16.0980
  43060.00   -15.0208
  43070.00   -15.5424
  43080.00   -15.5285
  43090.00   -15.8662
  43100.00   -16.1461
  43110.00   -16.3123
  43120.00   -16.0488
  43130.00   -16.3305
  43140.00   -16.2124
  43150.00   -15.8759
  43160.00   -16.2924
  43170.00   -16.1503
  43180.00   -15.8867
  43190.00   -16.0784
  43200.00   -16.1845
  43210.00   -16.1097
  43220.00   -15.9635
  43230.00   -16.0087
  43240.00   -15.9391
  43250.00   -15.9539
  43260.00   -16.0779
  43270.00   -15.5640
  43280.00   -15.6865
  43290.00   -16.0670
  43300.00   -16.4725
  43310.00   -16.0480
  43320.00   -16.6136
  43330.00   -15.9890
  43340.00   -16.1509
  43350.00   -15.8660
  43360.00   -16.2820
  43370.00   -15.8091
  43380.00   -15.6245
  43390.00   -15.9123
  43400.00   -16.2707
  43410.00   -15.9071
  43420.00   -16.0994
  43430.00   -16.5527
  43440.00   -15.8456
  43450.00   -15.6906
  43460.00   -15.5821
  43470.00   -15.8694
  43480.00   -15.8607
  43490.00   -15.9085
  43500.00   -15.4980
  43510.00   -16.4123
  43520.00   -15.4603
  43530.00   -16.2386
  43540.00   -16.1837
  43550.00   -15.8728
  43560.00   -15.8954
  43570.00   -15.9499
  43580.00   -15.6615
  43590.00   -15.4259
  43600.00   -16.4030
  43610.00   -16.4235
  43620.00   -15.7019
  43630.00   -15.9122
  43640.00   -15.2630
  43650.00   -15.8190
  43660.00   -15.9856
  43670.00   -15.8911
  43680.00   -16.2534
  43690.00   -16.0691
  43700.00   -15.4530
  43710.00   -15.9945
  43720.00   -16.0033
  43730.00   -16.2344
  43740.00   -16.3003
  43750.00   -16.1580
  43760.00   -16.1110
  43770.00   -15.5247
  43780.00   -15.7489
  43790.00   -15.9495
  43800.00   -15.8121
  43810.00   -16.0617
  43820.00   -15.7895
  43830.00   -15.8449
  43840.00   -16.3787
  43850.00   -15.9067
  43860.00   -15.7187
  43870.00   -16.2838
  43880.00   -15.7029
  43890.00   -16.3383
  43900.00   -15.8251
  43910.00   -15.4928
  43920.00   -15.3478
  43930.00   -16.1859
  43940.00   -15.9220
  43950.00   -15.7224
  43960.00   -15.6199
  43970.00   -16.0450
  43980.00   -15.7862
  43990.00   -15.8449
  44000.00   -15.5579
  44010.00   -15.5862
  44020.00   -15.6954
  44030.00   -15.5064
  44040.00   -15.5929
  44050.00   -16.0460
  44060.00   -15.8411
  44070.00   -15.9703
  44080.00   -15.8492
  44090.00   -16.1057
  44100.00   -15.9936
  44110.00   -16.0722
  44120.00   -16.0390
  44130.00   -16.1385
  44140.00   -16.1988
  44150.00   -15.5320
  44160.00   -16.1942
  44170.00   -16.1821
  44180.00   -15.6243
  44190.00   -15.9096
  44200.00   -16.0886
  44210.00   -15.6332
  44220.00   -16.0789
  44230.00   -15.6280
  44240.00   -15.8037
  44250.00   -16.0040
  44260.00   -15.6943
  44270.00   -15.6954
  44280.00   -16.0594
  44290.00   -15.4340
  44300.00   -15.4928
  44310.00   -15.5397
  44320.00   -15.6164
  44330.00   -15.9533
  44340.00   -15.7952
  44350.00   -16.2517
  44360.00   -15.5702
  44370.00   -16.2945
  44380.00   -16.3544
  44390.00   -16.4426
  44400.00   -15.8588
  44410.00   -15.9160
  44420.00   -15.8635
  44430.00   -15.5346
  44440.00   -15.3302
  44450.00   -15.7961
  44460.00   -15.8149
  44470.00   -16.0495
  44480.00   -15.6028
  44490.00   -16.1494
  44500.00   -16.2469
  44510.00   -16.1278
  44520.00   -15.6202
  44530.00   -15.8863
  44540.00   -16.1108
  44550.00   -15.7490
  44560.00   -16.0435
  44570.00   -15.5380
  44580.00   -15.8868
  44590.00   -15.8226
  44600.00   -15.6117
  44610.00   -15.3372
  44620.00   -15.7169
  44630.00   -15.7982
  44640.00   -16.2212
  44650.00   -15.7059
  44660.00   -16.6440
  44670.00   -16.1755
  44680.00   -16.0787
  44690.00   -16.5658
  44700.00   -16.2536
  44710.00   -15.6338
  44720.00   -15.8697
  44730.00   -15.7972
  44740.00   -15.6109
  44750.00   -15.6682
  44760.00   -16.0419
  44770.00   -16.0584
  44780.00   -15.6262
  44790.00   -15.9525
  44800.00   -15.7080
  44810.00   -16.3899
  44820.00   -16.0333
  44830.00   -15.9725
  44840.00   -16.4676
  44850.00   -16.6186
  44860.00   -16.3827
  44870.00   -16.1686
  44880.00   -15.6775
  44890.00   -15.9989
  44900.00   -15.8582
  44910.00   -15.2071
  44920.00   -15.9794
  44930.00   -16.1713
  44940.00   -15.7169
  44950.00   -15.6476
  44960.00   -16.1761
  44970.00   -15.7881
  44980.00   -15.5197
  44990.00   -16.1333
  45000.00   -16.0027
  45010.00   -16.1026
  45020.00   -16.1833
  45030.00   -15.6865
  45040.00   -16.4532
  45050.00   -15.8566
  45060.00   -16.0994
  45070.00   -15.7725
  45080.00   -16.0845
  45090.00   -16.0767
  45100.00   -16.1745
  45110.00   -15.9244
  45120.00   -15.9067
  45130.00   -16.0838
  45140.00   -15.4616
  45150.00   -15.4280
  45160.00   -16.3783
  45170.00   -15.9925
  45180.00   -15.9567
  45190.00   -15.5665
  45200.00   -15.5888
  45210.00   -15.9783
  45220.00   -15.7631
  45230.00   -15.7243
  45240.00   -15.4033
  45250.00   -15.9074
  45260.00   -15.8658
  45270.00   -15.5490
  45280.00   -15.9912
  45290.00   -16.2059
  45300.00   -16.4134
  45310.00   -16.8123
  45320.00   -15.7711
  45330.00   -15.8660
  45340.00   -15.3508
  45350.00   -15.6367
  45360.00   -15.9933
  45370.00   -16.0475
  45380.00   -16.3048
  45390.00   -16.1488
  45400.00   -15.9760
  45410.00   -15.6375
  45420.00   -15.9282
  45430.00   -15.7546
  45440.00   -16.5101
  45450.00   -16.0850
  45460.00   -16.0767
  45470.00   -15.9012
  45480.00   -16.5421
  45490.00   -15.9272
  45500.00   -16.0244
  45510.00   -16.0768
  45520.00   -16.1317
  45530.00   -16.2238
  45540.00   -15.9540
  45550.00   -15.9541
  45560.00   -16.4207
  45570.00   -15.8005
  45580.00   -16.1880
  45590.00   -15.6505
  45600.00   -16.2083
  45610.00   -15.6803
  45620.00   -16.3375
  45630.00   -16.2322
  45640.00   -16.1446
  45650.00   -15.8881
  45660.00   -16.1691
  45670.00   -16.2934
  45680.00   -16.2648
  45690.00   -16.2071
  45700.00   -16.3695
  45710.00   -16.1616
  45720.00   -15.7038
  45730.00   -15.4661
  45740.00   -15.7441
  45750.00   -15.5442
  45760.00   -15.6784
  45770.00   -16.0412
  45780.00   -15.8372
  45790.00   -16.1228
  45800.00   -16.0462
  45810.00   -16.3470
  45820.00   -16.1423
  45830.00   -16.3016
  45840.00   -16.0687
  45850.00   -15.7157
  45860.00   -15.5924
  45870.00   -15.9701
  45880.00   -15.8148
  45890.00   -15.7664
  45900.00   -15.3689
  45910.00   -15.8563
  45920.00   -15.9698
  45930.00   -16.1140
  45940.00   -15.7204
  45950.00   -15.9495
  45960.00   -15.6090
  45970.00   -15.7065
  45980.00   -16.1492
  45990.00   -15.9984
  46000.00   -15.3848
  46010.00   -15.8236
  46020.00   -15.9788
  46030.00   -15.5425
  46040.00   -15.7575
  46050.00   -15.6817
  46060.00   -16.0352
  46070.00   -15.3195
  46080.00   -16.1347
  46090.00   -15.6650
  46100.00   -16.3475
  46110.00   -16.3336
  46120.00   -16.2305
  46130.00   -16.0346
  46140.00   -15.5568
  46150.00   -15.7264
  46160.00   -15.8375
  46170.00   -16.0658
  46180.00   -16.3817
  46190.00   -16.1392
  46200.00   -15.9474
  46210.00   -16.1066
  46220.00   -15.8530
  46230.00   -15.6168
  46240.00   -16.1756
  46250.00   -15.8327
  46260.00   -15.8647
  46270.00   -15.6482
  46280.00   -16.1668
  46290.00   -15.6222
  46300.00   -15.9805
  46310.00   -16.1942
  46320.00   -15.9830
  46330.00   -16.1076
  46340.00   -16.1431
  46350.00   -16.4769
  46360.00   -15.4039
  46370.00   -15.7886
  46380.00   -15.6843
  46390.00   -16.4345
  46400.00   -16.2817
  46410.00   -15.8493
  46420.00   -15.9356
  46430.00   -16.0556
  46440.00   -15.6275
  46450.00   -16.2121
  46460.00   -15.6455
  46470.00   -15.7483
  46480.00   -15.7762
  46490.00   -15.7592
  46500.00   -16.0604
  46510.00   -16.0059
  46520.00   -15.6005
  46530.00   -15.6321
  46540.00   -16.4353
  46550.00   -15.6648
  46560.00   -15.9349
  46570.00   -15.6006
  46580.00   -16.1503
  46590.00   -15.9974
  46600.00   -16.6312
  46610.00   -15.9269
  46620.00   -15.8220
  46630.00   -16.2961
  46640.00   -15.9698
  46650.00   -16.2186
  46660.00   -15.6686
  46670.00   -15.9431
  46680.00   -15.4743
  46690.00   -16.2201
  46700.00   -16.2588
  46710.00   -15.8459
  46720.00   -16.0280
  46730.00   -15.9903
  46740.00   -15.8494
  46750.00   -15.4856
  46760.00   -15.6080
  46770.00   -15.2837
  46780.00   -16.2740
  46790.00   -16.0703
  46800.00   -15.7678
  46810.00   -15.8959
  46820.00   -15.7139
  46830.00   -15.8351
  46840.00   -16.4665
  46850.00   -15.4106
  46860.00   -16.0769
  46870.00   -16.3086
  46880.00   -15.8493
  46890.00   -16.1936
  46900.00   -15.8196
  46910.00   -15.7965
  46920.00   -16.7289
  46930.00   -16.0534
  46940.00   -15.8697
  46950.00   -15.5198
  46960.00   -15.9671
  46970.00   -15.7625
  46980.00   -16.4459
  46990.00   -16.0628
  47000.00   -16.1777
  47010.00   -16.2371
  47020.00   -16.2318
  47030.00   -15.9489
  47040.00   -15.7585
  47050.00   -16.1223
  47060.00   -15.9302
  47070.00   -15.6001
  47080.00   -15.9856
  47090.00   -16.0442
  47100.00   -15.7793
  47110.00   -16.1235
  47120.00   -16.1781
  47130.00   -16.0794
  47140.00   -16.3082
  47150.00   -16.3036
  47160.00   -15.8298
  47170.00   -15.3511
  47180.00   -16.5167
  47190.00   -16.4941
  47200.00   -16.1908
  47210.00   -16.0622
  47220.00   -15.7498
  47230.00   -15.9297
  47240.00   -15.7765
  47250.00   -16.2419
  47260.00   -15.7845
  47270.00   -15.7298
  47280.00   -16.1589
  47290.00   -15.7003
  47300.00   -16.1535
  47310.00   -15.6655
  47320.00   -15.7564
  47330.00   -15.8918
  47340.00   -15.7675
  47350.00   -15.7142
  47360.00   -15.9683
  47370.00   -15.9007
  47380.00   -15.9842
  47390.00   -15.7506
  47400.00   -15.8889
  47410.00   -16.0970
  47420.00   -15.9908
  47430.00   -15.9403
  47440.00   -15.6634
  47450.00   -15.8697
  47460.00   -16.3249
  47470.00   -15.9462
  47480.00   -16.0961
  47490.00   -15.7397
  47500.00   -15.9809
  47510.00   -16.3165
  47520.00   -15.8262
  47530.00   -15.7640
  47540.00   -16.0465
  47550.00   -16.0237
  47560.00   -16.3759
  47570.00   -15.7816
  47580.00   -16.0563
  47590.00   -15.8005
  47600.00   -16.2239
  47610.00   -16.2613
  47620.00   -16.1753
  47630.00   -15.2479
  47640.00   -15.7612
  47650.00   -16.2051
  47660.00   -15.7916
  47670.00   -15.8799
  47680.00   -15.9036
  47690.00   -16.2025
  47700.00   -16.1630
  47710.00   -15.5739
  47720.00   -15.6594
  47730.00   -16.1669
  47740.00   -16.1132
  47750.00   -16.1754
  47760.00   -16.1787
  47770.00   -16.2415
  47780.00   -15.7211
  47790.00   -16.0367
  47800.00   -15.8265
  47810.00   -15.6007
  47820.00   -15.5794
  47830.00   -16.1392
  47840.00   -15.7744
  47850.00   -15.7805
  47860.00   -15.6386
  47870.00   -15.4438
  47880.00   -15.9923
  47890.00   -15.9710
  47900.00   -16.1017
  47910.00   -15.8463
  47920.00   -15.4183
  47930.00   -16.2072
  47940.00   -15.2475
  47950.00   -16.2699
  47960.00   -15.6540
  47970.00   -15.7901
  47980.00   -15.9414
  47990.00   -15.6471
  48000.00   -15.3929
  48010.00   -16.1510
  48020.00   -16.1976
  48030.00   -15.6301
  48040.00   -15.4936
  48050.00   -16.2758
  48060.00   -16.4166
  48070.00   -15.9692
  48080.00   -15.6117
  48090.00   -16.2422
  48100.00   -15.8838
  48110.00   -16.3900
  48120.00   -16.6929
  48130.00   -15.9605
  48140.00   -15.9987
  48150.00   -16.1103
  48160.00   -16.3202
  48170.00   -16.1354
  48180.00   -15.7540
  48190.00   -15.6278
  48200.00   -15.7860
  48210.00   -15.5715
  48220.00   -15.9223
  48230.00   -15.9138
  48240.00   -15.5923
  48250.00   -15.4039
  48260.00   -16.2844
  48270.00   -16.2175
  48280.00   -16.0826
  48290.00   -15.6940
  48300.00   -16.0174
  48310.00   -16.0832
  48320.00   -16.0845
  48330.00   -15.9684
  48340.00   -15.8020
  48350.00   -15.8489
  48360.00   -15.6289
  48370.00   -15.7347
  48380.00   -16.3128
  48390.00   -16.2580
  48400.00   -15.9549
  48410.00   -15.6600
  48420.00   -16.4430
  48430.00   -16.0150
  48440.00   -16.3737
  48450.00   -15.9041
  48460.00   -16.1076
  48470.00   -16.0543
  48480.00   -15.9988
  48490.00   -16.3144
  48500.00   -16.3807
  48510.00   -15.9584
  48520.00   -15.9694
  48530.00   -15.7305
  48540.00   -15.9792
  48550.00   -15.9188
  48560.00   -15.9753
  48570.00   -16.0250
  48580.00   -16.0195
  48590.00   -15.7247
  48600.00   -15.5448
  48610.00   -16.5911
  48620.00   -16.1767
  48630.00   -15.5587
  48640.00   -15.7353
  48650.00   -15.9136
  48660.00   -15.8836
  48670.00   -16.1756
  48680.00   -15.3285
  48690.00   -15.8064
  48700.00   -15.7575
  48710.00   -15.9833
  48720.00   -15.8362
  48730.00   -16.0494
  48740.00   -15.7086
  48750.00   -16.5104
  48760.00   -16.2796
  48770.00   -15.4555
  48780.00   -15.7925
  48790.00   -15.7876
  48800.00   -16.1122
  48810.00   -15.7218
  48820.00   -16.0424
  48830.00   -15.5060
  48840.00   -15.9680
  48850.00   -15.6919
  48860.00   -15.7726
  48870.00   -15.6159
  48880.00   -16.2092
  48890.00   -16.0641
  48900.00   -15.7960
  48910.00   -15.3842
  48920.00   -15.7170
  48930.00   -15.8867
  48940.00   -16.0216
  48950.00   -16.3889
  48960.00   -16.0709
  48970.00   -15.9747
  48980.00   -15.8867
  48990.00   -16.4329
  49000.00   -15.9936
  49010.00   -15.3907
  49020.00   -15.8042
  49030.00   -15.9818
  49040.00   -15.9773
  49050.00   -16.0218
  49060.00   -15.9638
  49070.00   -15.7622
  49080.00   -16.2650
  49090.00   -15.5549
  49100.00   -16.1908
  49110.00   -15.5122
  49120.00   -16.6141
  49130.00   -15.8589
  49140.00   -16.3026
  49150.00   -16.1605
  49160.00   -15.5924
  49170.00   -15.8839
  49180.00   -15.9033
  49190.00   -16.1559
  49200.00   -16.5262
  49210.00   -15.4887
  49220.00   -15.5495
  49230.00   -15.5105
  49240.00   -15.7037
  49250.00   -16.3674
  49260.00   -16.5171
  49270.00   -16.5526
  49280.00   -15.7406
  49290.00   -16.4130
  49300.00   -16.0948
  49310.00   -15.9070
  49320.00   -16.5115
  49330.00   -16.2464
  49340.00   -15.5191
  49350.00   -16.0306
  49360.00   -15.6238
  49370.00   -15.5842
  49380.00   -15.5506
  49390.00   -15.3386
  49400.00   -15.9220
  49410.00   -16.1616
  49420.00   -15.7572
  49430.00   -15.6582
  49440.00   -16.3401
  49450.00   -16.0498
  49460.00   -15.8669
  49470.00   -15.7770
  49480.00   -15.6950
  49490.00   -15.9877
  49500.00   -16.5125
  49510.00   -15.8999
  49520.00   -15.7139
  49530.00   -16.4684
  49540.00   -15.9261
  49550.00   -16.0216
  49560.00   -15.4260
  49570.00   -16.3942
  49580.00   -16.5696
  49590.00   -16.3122
  49600.00   -15.8720
  49610.00   -15.7141
  49620.00   -15.8904
  49630.00   -15.8992
  49640.00   -16.0061
  49650.00   -16.3163
  49660.00   -16.0037
  49670.00   -16.0770
  49680.00   -16.1855
  49690.00   -16.3129
  49700.00   -16.0921
  49710.00   -16.0260
  49720.00   -15.8841
  49730.00   -15.6024
  49740.00   -16.0349
  49750.00   -16.0925
  49760.00   -15.8090
  49770.00   -16.0754
  49780.00   -15.6823
  49790.00   -16.2151
  49800.00   -16.2277
  49810.00   -16.0172
  49820.00   -16.0068
  49830.00   -15.9175
  49840.00   -16.1329
  49850.00   -15.9851
  49860.00   -16.1826
  49870.00   -15.8558
  49880.00   -16.2294
  49890.00   -15.9999
  49900.00   -15.8758
  49910.00   -16.1708
  49920.00   -16.3376
  49930.00   -15.7509
  49940.00   -16.0458
  49950.00   -16.1301
  49960.00   -16.1658
  49970.00   -16.3576
  49980.00   -15.9333
  49990.00   -16.0354
  50000.00   -15.9949
