     10.00    -4.3055
     20.00    -3.8569
     30.00    -3.8706
     40.00    -4.1632
     50.00    -4.4440
     60.00    -3.9892
     70.00    -4.0688
     80.00    -3.7616
     90.00    -3.9897
    100.00    -4.1297
    110.00    -4.4829
    120.00    -3.7704
    130.00    -4.1180
    140.00    -3.6996
    150.00    -3.6170
    160.00    -4.0973
    170.00    -3.7950
    180.00    -4.0254
    190.00    -4.4600
    200.00    -3.5377
    210.00    -4.1364
    220.00    -3.7510
    230.00    -3.9512
    240.00    -4.2447
    250.00    -4.1261
    260.00    -3.7319
    270.00    -4.1246
    280.00    -4.2969
    290.00    -3.6627
    300.00    -3.5938
    310.00    -3.8239
    320.00    -3.4722
    330.00    -3.7140
    340.00    -3.9764
    350.00    -3.6397
    360.00    -3.5727
    370.00    -4.0535
    380.00    -4.1101
    390.00    -3.9520
    400.00    -3.8866
    410.00    -3.8228
    420.00    -3.6962
    430.00    -3.6396
    440.00    -4.2960
    450.00    -3.2723
    460.00    -3.3293
    470.00    -3.5510
    480.00    -3.8335
    490.00    -3.9720
    500.00    -3.7315
    510.00    -4.1227
    520.00    -3.9283
    530.00    -4.1423
    540.00    -3.7715
    550.00    -4.2408
    560.00    -4.1587
    570.00    -4.0352
    580.00    -4.0332
    590.00    -3.5650
    600.00    -3.9666
    610.00    -4.2649
    620.00    -3.6714
    630.00    -4.2352
    640.00    -4.0818
    650.00    -3.7950
    660.00    -4.2898
    670.00    -3.9737
    680.00    -3.9956
    690.00    -3.9153
    700.00    -3.8205
    710.00    -4.4912
    720.00    -3.8440
    730.00    -3.8479
    740.00    -4.2553
    750.00    -4.4632
    760.00    -3.7021
    770.00    -4.2833
    780.00    -3.5957
    790.00    -3.4360
    800.00    -3.6445
    810.00    -3.5274
    820.00    -4.0854
    830.00    -3.8694
    840.00    -3.8726
    850.00    -3.8375
    860.00    -4.4621
    870.00    -4.0654
    880.00    -4.1214
    890.00    -3.9602
    900.00    -4.0831
    910.00    -3.9120
    920.00    -3.9546
    930.00    -4.4205
    940.00    -3.4208
    950.00    -3.9388
    960.00    -4.3600
    970.00    -4.1279
    980.00    -4.0229
    990.00    -4.1190
   1000.00    -4.2136
   1010.00    -3.7612
   1020.00    -4.0679
   1030.00    -3.6611
   1040.00    -4.3107
   1050.00    -4.1236
   1060.00    -3.7704
   1070.00    -3.6324
   1080.00    -3.8163
   1090.00    -3.5490
   1100.00    -4.2369
   1110.00    -3.7546
   1120.00    -4.2257
   1130.00    -3.4586
   1140.00    -3.6052
   1150.00    -3.8070
   1160.00    -4.2159
   1170.00    -4.2131
   1180.00    -3.9945
   1190.00    -4.1804
   1200.00    -3.7721
   1210.00    -3.8356
   1220.00    -4.0575
   1230.00    -4.0422
   1240.00    -3.7732
   1250.00    -3.8540
   1260.00    -4.6258
   1270.00    -3.9289
   1280.00    -4.0841
   1290.00    -4.3958
   1300.00    -3.8240
   1310.00    -3.5238
   1320.00    -3.7761
   1330.00    -4.1002
   1340.00    -3.7756
   1350.00    -3.1683
   1360.00    -4.0129
   1370.00    -4.2250
   1380.00    -3.8428
   1390.00    -3.7176
   1400.00    -3.8690
   1410.00    -3.6655
   1420.00    -3.6827
   1430.00    -3.7327
   1440.00    -4.0674
   1450.00    -4.4357
   1460.00    -3.4599
   1470.00    -4.1397
   1480.00    -4.3286
   1490.00    -4.4715
   1500.00    -4.0197
   1510.00    -3.4376
   1520.00    -3.9931
   1530.00    -4.2376
   1540.00    -3.8128
   1550.00    -4.3402
   1560.00    -3.6780
   1570.00    -4.0997
   1580.00    -4.0285
   1590.00    -4.2461
   1600.00    -3.6860
   1610.00    -3.8062
   1620.00    -4.2785
   1630.00    -3.8025
   1640.00    -3.9761
   1650.00    -3.9845
   1660.00    -3.8697
   1670.00    -3.8021
   1680.00    -4.2760
   1690.00    -4.3579
   1700.00    -4.3137
   1710.00    -3.2448
   1720.00    -3.8701
   1730.00    -4.3584
   1740.00    -3.5566
   1750.00    -3.8419
   1760.00    -4.5205
   1770.00    -3.8960
   1780.00    -3.9805
   1790.00    -3.8812
   1800.00    -4.2602
   1810.00    -3.9488
   1820.00    -3.2051
   1830.00    -4.1342
   1840.00    -4.2077
   1850.00    -4.2577
   1860.00    -4.2405
   1870.00    -4.4130
   1880.00    -4.0229
   1890.00    -3.8106
   1900.00    -3.6087
   1910.00    -3.8315
   1920.00    -4.0561
   1930.00    -4.4231
   1940.00    -3.9336
   1950.00    -3.9061
   1960.00    -4.0520
   1970.00    -4.3186
   1980.00    -3.8706
   1990.00    -3.9619
   2000.00    -4.5878
   2010.00    -4.0088
   2020.00    -3.7687
   2030.00    -4.2997
   2040.00    -3.6637
   2050.00    -4.5106
   2060.00    -3.8373
   2070.00    -3.8212
   2080.00    -4.1242
   2090.00    -4.3188
   2100.00    -3.7611
   2110.00    -4.0106
   2120.00    -3.6111
   2130.00    -3.9885
   2140.00    -4.1439
   2150.00    -3.9280
   2160.00    -3.6572
   2170.00    -4.0328
   2180.00    -4.4178
   2190.00    -4.4646
   2200.00    -4.4615
   2210.00    -4.2161
   2220.00    -3.6338
   2230.00    -4.3108
   2240.00    -4.0878
   2250.00    -3.9648
   2260.00    -4.2464
   2270.00    -4.6083
   2280.00    -3.9340
   2290.00    -4.1508
   2300.00    -4.1714
   2310.00    -3.9908
   2320.00    -3.9001
   2330.00    -4.1528
   2340.00    -3.7765
   2350.00    -3.7424
   2360.00    -4.3938
   2370.00    -3.8645
   2380.00    -3.3537
   2390.00    -4.2068
   2400.00    -4.0743
   2410.00    -4.8835
   2420.00    -3.9282
   2430.00    -4.0809
   2440.00    -3.8587
   2450.00    -3.4748
   2460.00    -3.4897
   2470.00    -3.5633
   2480.00    -4.0520
   2490.00    -4.2640
   2500.00    -3.6586
   2510.00    -4.3042
   2520.00    -3.7975
   2530.00    -3.9303
   2540.00    -3.7964
   2550.00    -3.8616
   2560.00    -3.8032
   2570.00    -3.9895
   2580.00    -4.1770
   2590.00    -4.0102
   2600.00    -4.0634
   2610.00    -4.0676
   2620.00    -4.0722
   2630.00    -3.7842
   2640.00    -3.8186
   2650.00    -3.7334
   2660.00    -4.2800
   2670.00    -4.0856
   2680.00    -4.0240
   2690.00    -3.7970
   2700.00    -4.2481
   2710.00    -3.8000
   2720.00    -4.1763
   2730.00    -3.9743
   2740.00    -3.9500
   2750.00    -3.7743
   2760.00    -3.8310
   2770.00    -4.5304
   2780.00    -4.0992
   2790.00    -3.7292
   2800.00    -3.8147
   2810.00    -3.8912
   2820.00    -4.0540
   2830.00    -3.7488
   2840.00    -4.0123
   2850.00    -4.4100
   2860.00    -4.1211
   2870.00    -3.7410
   2880.00    -4.4800
   2890.00    -4.1355
   2900.00    -4.0495
   2910.00    -3.5646
   2920.00    -3.9450
   2930.00    -4.3837
   2940.00    -3.7883
   2950.00    -3.6332
   2960.00    -4.1251
   2970.00    -4.4447
   2980.00    -3.9864
   2990.00    -4.2197
   3000.00    -4.3363
   3010.00    -4.0226
   3020.00    -4.2586
   3030.00    -3.5195
   3040.00    -3.4424
   3050.00    -3.9319
   3060.00    -4.6350
   3070.00    -3.9913
   3080.00    -4.1321
   3090.00    -3.6559
   3100.00    -4.4811
   3110.00    -4.0356
   3120.00    -3.9565
   3130.00    -4.3118
   3140.00    -4.1106
   3150.00    -4.0207
   3160.00    -3.7677
   3170.00    -3.8132
   3180.00    -4.1548
   3190.00    -4.4828
   3200.00    -4.5202
   3210.00    -3.9486
   3220.00    -4.2492
   3230.00    -3.6855
   3240.00    -3.7155
   3250.00    -4.0962
   3260.00    -4.1734
   3270.00    -4.0119
   3280.00    -3.6358
   3290.00    -3.9586
   3300.00    -3.8492
   3310.00    -4.1977
   3320.00    -3.7956
   3330.00    -4.0926
   3340.00    -3.2702
   3350.00    -3.8994
   3360.00    -4.0245
   3370.00    -4.2077
   3380.00    -4.6193
   3390.00    -4.1760
   3400.00    -3.6008
   3410.00    -4.0689
   3420.00    -4.3578
   3430.00    -4.4824
   3440.00    -4.1557
   3450.00    -4.1252
   3460.00    -4.0128
   3470.00    -3.9116
   3480.00    -4.5205
   3490.00    -3.6711
   3500.00    -4.6263
   3510.00    -3.8844
   3520.00    -3.9252
   3530.00    -3.5535
   3540.00    -4.0154
   3550.00    -4.4269
   3560.00    -4.1816
   3570.00    -4.3675
   3580.00    -3.5094
   3590.00    -4.0777
   3600.00    -3.8270
   3610.00    -3.6430
   3620.00    -4.0810
   3630.00    -3.6852
   3640.00    -4.2333
   3650.00    -3.3855
   3660.00    -3.9242
   3670.00    -4.4708
   3680.00    -3.7532
   3690.00    -3.9803
   3700.00    -4.3364
   3710.00    -4.0842
   3720.00    -4.3930
   3730.00    -4.0260
   3740.00    -4.2814
   3750.00    -4.3332
   3760.00    -3.8808
   3770.00    -4.0487
   3780.00    -4.0841
   3790.00    -3.9495
   3800.00    -4.0018
   3810.00    -3.9130
   3820.00    -4.1393
   3830.00    -4.1087
   3840.00    -4.0899
   3850.00    -4.1362
   3860.00    -3.8613
   3870.00    -4.1642
   3880.00    -4.4491
   3890.00    -4.0400
   3900.00    -4.1192
   3910.00    -3.9573
   3920.00    -4.2847
   3930.00    -4.0495
   3940.00    -3.9233
   3950.00    -4.2570
   3960.00    -3.8178
   3970.00    -4.2667
   3980.00    -3.8264
   3990.00    -3.3099
   4000.00    -3.8217
   4010.00    -4.3247
   4020.00    -4.1529
   4030.00    -4.3652
   4040.00    -4.4679
   4050.00    -4.0949
   4060.00    -4.1016
   4070.00    -4.4306
   4080.00    -4.2837
   4090.00    -4.2423
   4100.00    -4.1927
   4110.00    -3.7250
   4120.00    -3.5329
   4130.00    -3.8509
   4140.00    -3.9076
   4150.00    -4.1286
   4160.00    -4.2651
   4170.00    -4.4731
   4180.00    -4.0547
   4190.00    -3.6614
   4200.00    -4.4038
   4210.00    -4.6098
   4220.00    -4.4003
   4230.00    -3.6269
   4240.00    -4.1465
   4250.00    -3.9778
   4260.00    -4.2280
   4270.00    -4.5353
   4280.00    -3.8573
   4290.00    -4.0058
   4300.00    -4.3937
   4310.00    -3.5554
   4320.00    -3.9424
   4330.00    -3.7325
   4340.00    -3.6572
   4350.00    -3.7271
   4360.00    -4.0267
   4370.00    -3.3872
   4380.00    -4.1878
   4390.00    -3.8667
   4400.00    -3.6820
   4410.00    -3.5872
   4420.00    -3.8643
   4430.00    -3.5532
   4440.00    -3.9907
   4450.00    -3.9379
   4460.00    -3.5933
   4470.00    -3.8902
   4480.00    -4.0176
   4490.00    -4.0106
   4500.00    -3.9349
   4510.00    -3.9297
   4520.00    -3.8013
   4530.00    -3.7830
   4540.00    -4.3588
   4550.00    -3.9413
   4560.00    -3.7058
   4570.00    -4.2540
   4580.00    -3.8440
   4590.00    -3.6785
   4600.00    -3.7508
   4610.00    -3.8798
   4620.00    -3.5282
   4630.00    -3.4792
   4640.00    -4.0704
   4650.00    -4.1592
   4660.00    -3.9739
   4670.00    -3.8370
   4680.00    -3.7399
   4690.00    -4.1701
   4700.00    -4.0224
   4710.00    -3.6858
   4720.00    -3.8826
   4730.00    -4.2804
   4740.00    -3.9372
   4750.00    -4.0535
   4760.00    -3.9070
   4770.00    -3.7625
   4780.00    -3.9969
   4790.00    -4.1992
   4800.00    -3.7331
   4810.00    -3.7307
   4820.00    -4.2665
   4830.00    -3.7969
   4840.00    -3.9608
   4850.00    -3.6992
   4860.00    -4.5462
   4870.00    -3.8172
   4880.00    -4.7230
   4890.00    -4.2276
   4900.00    -4.1682
   4910.00    -3.7695
   4920.00    -3.6842
   4930.00    -3.5759
   4940.00    -3.8064
   4950.00    -3.1367
   4960.00    -3.6820
   4970.00    -4.2118
   4980.00    -4.0125
   4990.00    -3.7833
   5000.00    -3.7999
   5010.00    -3.5643
   5020.00    -4.1996
   5030.00    -3.3740
   5040.00    -4.4218
   5050.00    -4.0344
   5060.00    -4.0491
   5070.00    -3.7757
   5080.00    -3.9972
   5090.00    -4.0886
   5100.00    -4.1421
   5110.00    -4.3701
   5120.00    -4.0992
   5130.00    -4.0166
   5140.00    -3.8202
   5150.00    -3.7977
   5160.00    -3.8206
   5170.00    -3.6992
   5180.00    -4.3277
   5190.00    -3.8395
   5200.00    -3.8582
   5210.00    -4.5232
   5220.00    -3.8207
   5230.00    -4.0940
   5240.00    -3.4446
   5250.00    -4.1007
   5260.00    -4.0825
   5270.00    -3.6481
   5280.00    -3.9979
   5290.00    -3.8647
   5300.00    -3.7572
   5310.00    -4.1106
   5320.00    -3.6471
   5330.00    -4.1643
   5340.00    -3.9131
   5350.00    -4.0064
   5360.00    -4.2422
   5370.00    -4.3412
   5380.00    -4.0674
   5390.00    -3.6541
   5400.00    -4.2751
   5410.00    -3.6088
   5420.00    -4.0904
   5430.00    -3.7236
   5440.00    -4.3805
   5450.00    -3.8762
   5460.00    -3.7039
   5470.00    -3.8598
   5480.00    -3.9430
   5490.00    -4.3377
   5500.00    -4.2171
   5510.00    -3.7608
   5520.00    -3.8252
   5530.00    -3.3250
   5540.00    -4.0291
   5550.00    -3.7787
   5560.00    -4.1241
   5570.00    -3.6391
   5580.00    -4.0332
   5590.00    -3.8394
   5600.00    -3.8091
   5610.00    -4.0379
   5620.00    -3.9605
   5630.00    -4.0019
   5640.00    -4.0847
   5650.00    -4.4655
   5660.00    -3.8203
   5670.00    -3.9718
   5680.00    -3.9081
   5690.00    -4.0821
   5700.00    -3.9638
   5710.00    -3.9623
   5720.00    -4.0440
   5730.00    -4.6393
   5740.00    -4.0533
   5750.00    -4.0032
   5760.00    -4.0744
   5770.00    -3.8747
   5780.00    -4.0473
   5790.00    -4.1828
   5800.00    -4.2916
   5810.00    -3.5558
   5820.00    -3.8368
   5830.00    -3.5410
   5840.00    -3.6005
   5850.00    -3.9057
   5860.00    -3.7474
   5870.00    -4.7631
   5880.00    -3.9488
   5890.00    -3.7271
   5900.00    -4.2611
   5910.00    -3.8481
   5920.00    -3.5391
   5930.00    -3.8933
   5940.00    -4.0723
   5950.00    -3.2628
   5960.00    -3.7599
   5970.00    -3.8091
   5980.00    -3.5939
   5990.00    -3.8561
   6000.00    -4.1247
   6010.00    -3.4699
   6020.00    -4.8583
   6030.00    -4.4645
   6040.00    -3.7494
   6050.00    -3.5537
   6060.00    -4.1273
   6070.00    -3.5717
   6080.00    -4.5217
   6090.00    -4.0031
   6100.00    -4.1788
   6110.00    -4.2185
   6120.00    -4.6230
   6130.00    -4.0984
   6140.00    -4.4349
   6150.00    -4.2234
   6160.00    -3.7772
   6170.00    -3.8863
   6180.00    -3.6087
   6190.00    -3.9224
   6200.00    -3.9903
   6210.00    -3.5394
   6220.00    -4.1232
   6230.00    -3.9695
   6240.00    -4.0483
   6250.00    -4.1300
   6260.00    -4.0419
   6270.00    -3.9381
   6280.00    -4.3461
   6290.00    -3.7616
   6300.00    -3.9310
   6310.00    -4.1577
   6320.00    -4.0312
   6330.00    -3.9944
   6340.00    -3.8789
   6350.00    -3.9339
   6360.00    -4.4918
   6370.00    -4.1304
   6380.00    -4.1893
   6390.00    -3.6248
   6400.00    -3.7218
   6410.00    -3.6221
   6420.00    -3.7775
   6430.00    -4.4619
   6440.00    -4.2408
   6450.00    -4.5595
   6460.00    -3.8353
   6470.00    -4.1129
   6480.00    -3.7608
   6490.00    -4.2248
   6500.00    -3.8001
   6510.00    -4.0407
   6520.00    -4.2945
   6530.00    -3.8367
   6540.00    -3.4336
   6550.00    -4.3584
   6560.00    -4.2206
   6570.00    -4.0551
   6580.00    -3.8258
   6590.00    -3.8248
   6600.00    -4.1690
   6610.00    -3.8154
   6620.00    -4.3765
   6630.00    -4.0276
   6640.00    -4.2515
   6650.00    -3.3300
   6660.00    -3.7592
   6670.00    -4.1803
   6680.00    -3.8084
   6690.00    -3.8928
   6700.00    -3.5180
   6710.00    -4.0635
   6720.00    -4.0470
   6730.00    -4.2749
   6740.00    -3.4824
   6750.00    -4.2812
   6760.00    -3.7754
   6770.00    -4.5785
   6780.00    -3.7927
   6790.00    -3.5454
   6800.00    -4.3821
   6810.00    -3.8452
   6820.00    -3.5507
   6830.00    -3.9553
   6840.00    -4.5341
   6850.00    -3.4562
   6860.00    -4.7664
   6870.00    -3.4345
   6880.00    -4.3842
   6890.00    -3.5563
   6900.00    -4.2547
   6910.00    -4.2056
   6920.00    -4.2374
   6930.00    -3.9119
   6940.00    -4.0881
   6950.00    -3.5215
   6960.00    -3.8492
   6970.00    -4.5892
   6980.00    -4.2770
   6990.00    -4.1817
   7000.00    -4.2139
   7010.00    -4.5685
   7020.00    -4.1079
   7030.00    -3.8724
   7040.00    -4.2365
   7050.00    -4.3140
   7060.00    -3.7094
   7070.00    -4.2546
   7080.00    -4.2122
   7090.00    -3.8887
   7100.00    -3.6793
   7110.00    -3.9091
   7120.00    -4.3300
   7130.00    -3.5492
   7140.00    -4.2743
   7150.00    -4.3243
   7160.00    -4.3105
   7170.00    -3.6033
   7180.00    -3.6663
   7190.00    -4.0339
   7200.00    -4.1156
   7210.00    -4.2970
   7220.00    -3.5651
   7230.00    -3.4921
   7240.00    -4.4655
   7250.00    -3.8867
   7260.00    -3.6722
   7270.00    -4.0381
   7280.00    -3.9590
   7290.00    -4.3312
   7300.00    -4.4775
   7310.00    -3.5053
   7320.00    -4.1763
   7330.00    -4.5441
   7340.00    -3.9522
   7350.00    -3.6754
   7360.00    -4.1713
   7370.00    -4.2619
   7380.00    -4.1144
   7390.00    -4.0344
   7400.00    -3.8460
   7410.00    -4.2282
   7420.00    -3.6730
   7430.00    -4.1203
   7440.00    -3.9527
   7450.00    -4.1097
   7460.00    -4.3447
   7470.00    -3.9998
   7480.00    -4.1611
   7490.00    -3.8259
   7500.00    -3.9711
   7510.00    -4.2337
   7520.00    -4.1875
   7530.00    -4.0590
   7540.00    -3.7782
   7550.00    -4.1399
   7560.00    -3.7896
   7570.00    -4.1408
   7580.00    -3.9452
   7590.00    -3.8301
   7600.00    -3.6244
   7610.00    -4.0263
   7620.00    -4.3216
   7630.00    -4.4368
   7640.00    -3.7434
   7650.00    -3.7380
   7660.00    -3.6217
   7670.00    -4.0358
   7680.00    -3.8660
   7690.00    -3.8704
   7700.00    -4.0851
   7710.00    -4.3096
   7720.00    -4.1218
   7730.00    -4.0971
   7740.00    -3.9339
   7750.00    -3.8828
   7760.00    -3.4900
   7770.00    -4.2489
   7780.00    -4.2785
   7790.00    -3.9860
   7800.00    -3.7864
   7810.00    -3.9786
   7820.00    -4.2577
   7830.00    -4.3451
   7840.00    -3.8108
   7850.00    -3.9952
   7860.00    -3.3751
   7870.00    -3.2490
   7880.00    -3.4583
   7890.00    -3.7676
   7900.00    -3.9066
   7910.00    -3.8284
   7920.00    -4.1144
   7930.00    -4.4024
   7940.00    -3.8227
   7950.00    -4.4012
   7960.00    -3.3663
   7970.00    -3.7113
   7980.00    -3.8348
   7990.00    -3.6284
   8000.00    -4.2376
   8010.00    -4.0301
   8020.00    -3.5985
   8030.00    -4.0556
   8040.00    -3.5826
   8050.00    -3.6667
   8060.00    -3.3822
   8070.00    -3.5590
   8080.00    -3.8648
   8090.00    -4.3635
   8100.00    -3.6166
   8110.00    -3.9419
   8120.00    -4.1637
   8130.00    -4.5154
   8140.00    -4.2346
   8150.00    -4.5499
   8160.00    -4.0141
   8170.00    -3.5125
   8180.00    -4.3175
   8190.00    -3.9310
   8200.00    -3.6107
   8210.00    -3.9906
   8220.00    -4.2384
   8230.00    -3.8161
   8240.00    -3.8054
   8250.00    -3.4396
   8260.00    -4.1357
   8270.00    -4.4743
   8280.00    -3.4302
   8290.00    -4.1316
   8300.00    -4.1964
   8310.00    -3.8599
   8320.00    -4.1780
   8330.00    -3.8454
   8340.00    -4.3968
   8350.00    -4.0579
   8360.00    -3.8167
   8370.00    -4.4025
   8380.00    -4.1409
   8390.00    -3.7531
   8400.00    -4.0259
   8410.00    -3.9307
   8420.00    -3.2936
   8430.00    -3.9074
   8440.00    -3.6570
   8450.00    -4.0963
   8460.00    -3.8793
   8470.00    -3.8924
   8480.00    -4.2240
   8490.00    -4.2034
   8500.00    -4.1192
   8510.00    -4.0261
   8520.00    -3.9834
   8530.00    -3.8957
   8540.00    -4.4567
   8550.00    -3.8650
   8560.00    -4.0365
   8570.00    -4.0430
   8580.00    -3.7409
   8590.00    -3.8041
   8600.00    -3.9382
   8610.00    -4.0374
   8620.00    -3.9399
   8630.00    -4.1504
   8640.00    -4.1690
   8650.00    -4.1882
   8660.00    -3.9587
   8670.00    -4.0157
   8680.00    -4.0374
   8690.00    -3.8333
   8700.00    -3.7268
   8710.00    -3.9463
   8720.00    -3.9816
   8730.00    -3.4480
   8740.00    -3.9607
   8750.00    -3.7991
   8760.00    -4.1154
   8770.00    -3.6444
   8780.00    -3.7760
   8790.00    -3.7722
   8800.00    -3.9661
   8810.00    -3.9043
   8820.00    -3.9398
   8830.00    -3.8437
   8840.00    -4.0236
   8850.00    -3.8739
   8860.00    -3.8085
   8870.00    -3.7964
   8880.00    -4.1334
   8890.00    -4.3090
   8900.00    -4.2024
   8910.00    -4.6418
   8920.00    -4.0823
   8930.00    -4.0220
   8940.00    -4.3762
   8950.00    -3.6407
   8960.00    -4.0329
   8970.00    -3.9921
   8980.00    -3.6900
   8990.00    -3.6320
   9000.00    -3.7306
   9010.00    -3.9494
   9020.00    -3.9295
   9030.00    -3.8423
   9040.00    -4.4627
   9050.00    -4.0865
   9060.00    -4.2388
   9070.00    -3.8777
   9080.00    -3.8818
   9090.00    -4.0752
   9100.00    -4.3613
   9110.00    -3.7650
   9120.00    -4.1697
   9130.00    -3.9706
   9140.00    -4.0510
   9150.00    -3.6628
   9160.00    -4.0625
   9170.00    -3.6244
   9180.00    -4.0494
   9190.00    -3.6641
   9200.00    -4.2250
   9210.00    -4.0428
   9220.00    -4.3118
   9230.00    -4.0542
   9240.00    -4.4658
   9250.00    -4.1430
   9260.00    -3.4144
   9270.00    -4.4167
   9280.00    -3.9530
   9290.00    -3.4064
   9300.00    -4.3118
   9310.00    -3.8184
   9320.00    -4.1477
   9330.00    -3.5388
   9340.00    -3.7987
   9350.00    -4.3143
   9360.00    -4.2187
   9370.00    -3.9891
   9380.00    -4.1796
   9390.00    -4.0310
   9400.00    -4.1179
   9410.00    -4.6148
   9420.00    -3.3335
   9430.00    -3.6407
   9440.00    -3.7367
   9450.00    -3.8177
   9460.00    -4.1822
   9470.00    -4.2621
   9480.00    -4.0629
   9490.00    -4.0449
   9500.00    -4.0027
   9510.00    -4.1991
   9520.00    -4.7695
   9530.00    -3.6927
   9540.00    -3.9048
   9550.00    -4.0465
   9560.00    -3.6779
   9570.00    -3.7028
   9580.00    -3.9429
   9590.00    -4.1782
   9600.00    -3.8867
   9610.00    -3.7511
   9620.00    -3.9628
   9630.00    -4.3864
   9640.00    -3.5950
   9650.00    -4.0320
   9660.00    -4.0716
   9670.00    -4.1475
   9680.00    -4.2600
   9690.00    -3.9180
   9700.00    -3.9937
   9710.00    -4.3876
   9720.00    -4.3034
   9730.00    -3.9249
   9740.00    -3.8646
   9750.00    -3.4912
   9760.00    -4.1426
   9770.00    -3.7377
   9780.00    -4.1929
   9790.00    -3.7008
   9800.00    -4.1129
   9810.00    -4.2763
   9820.00    -4.5301
   9830.00    -4.0027
   9840.00    -3.7722
   9850.00    -3.8788
   9860.00    -4.2993
   9870.00    -3.7970
   9880.00    -4.1567
   9890.00    -4.1169
   9900.00    -4.2519
   9910.00    -3.9444
   9920.00    -3.9786
   9930.00    -3.8158
   9940.00    -4.1678
   9950.00    -4.0449
   9960.00    -3.7464
   9970.00    -4.3874
   9980.00    -4.2902
   9990.00    -3.7426
  10000.00    -4.1292
  10010.00    -3.8830
  10020.00    -4.0530
  10030.00    -4.3756
  10040.00    -4.1438
  10050.00    -4.0961
  10060.00    -3.7584
  10070.00    -3.7452
  10080.00    -4.0510
  10090.00    -3.1852
  10100.00    -4.0124
  10110.00    -3.9174
  10120.00    -3.9217
  10130.00    -4.0763
  10140.00    -3.8700
  10150.00    -3.8934
  10160.00    -3.7078
  10170.00    -4.2883
  10180.00    -3.9916
  10190.00    -4.2617
  10200.00    -4.3472
  10210.00    -4.1690
  10220.00    -4.5504
  10230.00    -3.9818
  10240.00    -4.5340
  10250.00    -3.7169
  10260.00    -3.6963
  10270.00    -3.5601
  10280.00    -3.4952
  10290.00    -4.2507
  10300.00    -4.2740
  10310.00    -3.5063
  10320.00    -3.6901
  10330.00    -3.9381
  10340.00    -3.2472
  10350.00    -3.9469
  10360.00    -4.3327
  10370.00    -4.0569
  10380.00    -3.7682
  10390.00    -3.7132
  10400.00    -4.1490
  10410.00    -4.2734
  10420.00    -3.8323
  10430.00    -4.0735
  10440.00    -4.1688
  10450.00    -4.0266
  10460.00    -3.9805
  10470.00    -3.5263
  10480.00    -3.9847
  10490.00    -3.8811
  10500.00    -3.6397
  10510.00    -3.9642
  10520.00    -3.8698
  10530.00    -4.0280
  10540.00    -4.2129
  10550.00    -3.7969
  10560.00    -3.6117
  10570.00    -3.8844
  10580.00    -3.6814
  10590.00    -4.1763
  10600.00    -4.1796
  10610.00    -4.0863
  10620.00    -4.3871
  10630.00    -4.2511
  10640.00    -3.8211
  10650.00    -3.7641
  10660.00    -4.1214
  10670.00    -4.1608
  10680.00    -3.9742
  10690.00    -4.0445
  10700.00    -4.0600
  10710.00    -4.2726
  10720.00    -3.8489
  10730.00    -4.1397
  10740.00    -3.7850
  10750.00    -4.3241
  10760.00    -4.3619
  10770.00    -4.0892
  10780.00    -3.7599
  10790.00    -3.5936
  10800.00    -3.7371
  10810.00    -4.0967
  10820.00    -3.7517
  10830.00    -3.7704
  10840.00    -3.9337
  10850.00    -3.3655
  10860.00    -4.2706
  10870.00    -3.5777
  10880.00    -4.0266
  10890.00    -3.8003
  10900.00    -3.7216
  10910.00    -3.9370
  10920.00    -4.8504
  10930.00    -4.4046
  10940.00    -3.8930
  10950.00    -3.8749
  10960.00    -4.3942
  10970.00    -3.9502
  10980.00    -4.0756
  10990.00    -4.4189
  11000.00    -4.4108
  11010.00    -4.2650
  11020.00    -4.4697
  11030.00    -3.6399
  11040.00    -4.3336
  11050.00    -3.8418
  11060.00    -3.6368
  11070.00    -4.2534
  11080.00    -4.1312
  11090.00    -4.1981
  11100.00    -3.6598
  11110.00    -4.0147
  11120.00    -3.8699
  11130.00    -3.8718
  11140.00    -4.0482
  11150.00    -3.5884
  11160.00    -3.8450
  11170.00    -4.0821
  11180.00    -3.6896
  11190.00    -3.5130
  11200.00    -4.3776
  11210.00    -3.8969
  11220.00    -4.4587
  11230.00    -3.9096
  11240.00    -4.1385
  11250.00    -4.0247
  11260.00    -3.6068
  11270.00    -3.9874
  11280.00    -4.2471
  11290.00    -3.7420
  11300.00    -3.8806
  11310.00    -3.3922
  11320.00    -3.9536
  11330.00    -4.1299
  11340.00    -3.8231
  11350.00    -3.4098
  11360.00    -4.3957
  11370.00    -3.9040
  11380.00    -3.6794
  11390.00    -4.3107
  11400.00    -4.1763
  11410.00    -4.1278
  11420.00    -3.8122
  11430.00    -3.2682
  11440.00    -3.8374
  11450.00    -4.1006
  11460.00    -4.4071
  11470.00    -3.8224
  11480.00    -4.0416
  11490.00    -3.9942
  11500.00    -4.1057
  11510.00    -4.5316
  11520.00    -4.9691
  11530.00    -4.0017
  11540.00    -4.6644
  11550.00    -3.9141
  11560.00    -4.0656
  11570.00    -3.5749
  11580.00    -4.1667
  11590.00    -3.8897
  11600.00    -4.3281
  11610.00    -3.8647
  11620.00    -3.7517
  11630.00    -4.0165
  11640.00    -4.3646
  11650.00    -3.9863
  11660.00    -3.9965
  11670.00    -4.5347
  11680.00    -3.9315
  11690.00    -3.7925
  11700.00    -4.3643
  11710.00    -3.6951
  11720.00    -4.1102
  11730.00    -3.6917
  11740.00    -3.9713
  11750.00    -3.9526
  11760.00    -3.6784
  11770.00    -3.8479
  11780.00    -3.8057
  11790.00    -4.1883
  11800.00    -4.1058
  11810.00    -4.4388
  11820.00    -3.8472
  11830.00    -4.1426
  11840.00    -3.7495
  11850.00    -4.6372
  11860.00    -3.9509
  11870.00    -4.0741
  11880.00    -4.0307
  11890.00    -4.3726
  11900.00    -3.6653
  11910.00    -4.3457
  11920.00    -3.8128
  11930.00    -3.8391
  11940.00    -4.0154
  11950.00    -4.1379
  11960.00    -3.5184
  11970.00    -4.1158
  11980.00    -4.0313
  11990.00    -3.9020
  12000.00    -4.0257
  12010.00    -3.9067
  12020.00    -4.1504
  12030.00    -4.5109
  12040.00    -3.5051
  12050.00    -3.7697
  12060.00    -4.0921
  12070.00    -3.7858
  12080.00    -4.0183
  12090.00    -3.1229
  12100.00    -4.1957
  12110.00    -3.8096
  12120.00    -4.0713
  12130.00    -3.7805
  12140.00    -4.2348
  12150.00    -3.9395
  12160.00    -4.3259
  12170.00    -4.4764
  12180.00    -3.7553
  12190.00    -3.8786
  12200.00    -3.3149
  12210.00    -3.9569
  12220.00    -3.7467
  12230.00    -3.5771
  12240.00    -3.8308
  12250.00    -3.6633
  12260.00    -3.7504
  12270.00    -3.7648
  12280.00    -4.1901
  12290.00    -4.0328
  12300.00    -3.8931
  12310.00    -3.9247
  12320.00    -3.9375
  12330.00    -4.1654
  12340.00    -4.0430
  12350.00    -3.9424
  12360.00    -3.9428
  12370.00    -3.8760
  12380.00    -3.9327
  12390.00    -4.5992
  12400.00    -4.2782
  12410.00    -4.1404
  12420.00    -4.1510
  12430.00    -4.3457
  12440.00    -4.0024
  12450.00    -3.6331
  12460.00    -4.2045
  12470.00    -4.1106
  12480.00    -4.0106
  12490.00    -4.2901
  12500.00    -3.8739
  12510.00    -4.2103
  12520.00    -3.7725
  12530.00    -3.6248
  12540.00    -4.5246
  12550.00    -3.9809
  12560.00    -4.2336
  12570.00    -4.4572
  12580.00    -4.4654
  12590.00    -4.0125
  12600.00    -4.6999
  12610.00    -4.0608
  12620.00    -3.8629
  12630.00    -3.7710
  12640.00    -4.0616
  12650.00    -4.2026
  12660.00    -3.6784
  12670.00    -3.8102
  12680.00    -4.5172
  12690.00    -3.9795
  12700.00    -3.8913
  12710.00    -3.8505
  12720.00    -4.1089
  12730.00    -3.8029
  12740.00    -3.8940
  12750.00    -3.4933
  12760.00    -4.3358
  12770.00    -3.9087
  12780.00    -3.8241
  12790.00    -3.6406
  12800.00    -3.9001
  12810.00    -4.2221
  12820.00    -4.0855
  12830.00    -3.9023
  12840.00    -4.1177
  12850.00    -3.9976
  12860.00    -4.0554
  12870.00    -4.5146
  12880.00    -4.2575
  12890.00    -4.1605
  12900.00    -3.5095
  12910.00    -4.3914
  12920.00    -4.3046
  12930.00    -3.8329
  12940.00    -4.2190
  12950.00    -4.4221
  12960.00    -3.6250
  12970.00    -3.9938
  12980.00    -3.9232
  12990.00    -3.8127
  13000.00    -4.2666
  13010.00    -4.3037
  13020.00    -4.7088
  13030.00    -5.0355
  13040.00    -3.9696
  13050.00    -4.5571
  13060.00    -4.1245
  13070.00    -4.0523
  13080.00    -3.9485
  13090.00    -3.4965
  13100.00    -3.9230
  13110.00    -3.7730
  13120.00    -3.9565
  13130.00    -3.9726
  13140.00    -4.4317
  13150.00    -3.2930
  13160.00    -4.6526
  13170.00    -3.8330
  13180.00    -4.4809
  13190.00    -3.8616
  13200.00    -3.7392
  13210.00    -3.8979
  13220.00    -3.7300
  13230.00    -4.1683
  13240.00    -3.4813
  13250.00    -4.1921
  13260.00    -3.7243
  13270.00    -3.8160
  13280.00    -3.7959
  13290.00    -4.1186
  13300.00    -4.4588
  13310.00    -3.9573
  13320.00    -3.2427
  13330.00    -3.8028
  13340.00    -3.9397
  13350.00    -4.1724
  13360.00    -4.2269
  13370.00    -3.6474
  13380.00    -3.8881
  13390.00    -4.0130
  13400.00    -4.0100
  13410.00    -4.2533
  13420.00    -3.5712
  13430.00    -3.9155
  13440.00    -4.2710
  13450.00    -3.6980
  13460.00    -3.7978
  13470.00    -3.8076
  13480.00    -3.7221
  13490.00    -4.2949
  13500.00    -4.3658
  13510.00    -3.9011
  13520.00    -4.6269
  13530.00    -4.0104
  13540.00    -4.3547
  13550.00    -3.5983
  13560.00    -4.2967
  13570.00    -3.4219
  13580.00    -4.2960
  13590.00    -4.0216
  13600.00    -3.7002
  13610.00    -3.7226
  13620.00    -4.0847
  13630.00    -3.7517
  13640.00    -4.2220
  13650.00    -4.1742
  13660.00    -3.6454
  13670.00    -3.6629
  13680.00    -3.8793
  13690.00    -3.5995
  13700.00    -3.6084
  13710.00    -3.5680
  13720.00    -3.7868
  13730.00    -4.0831
  13740.00    -3.9132
  13750.00    -4.4725
  13760.00    -4.1304
  13770.00    -4.1529
  13780.00    -3.4878
  13790.00    -3.8896
  13800.00    -4.1892
  13810.00    -4.2118
  13820.00    -3.8939
  13830.00    -4.4119
  13840.00    -3.6964
  13850.00    -4.3166
  13860.00    -3.6222
  13870.00    -3.9232
  13880.00    -4.2608
  13890.00    -4.6455
  13900.00    -3.5300
  13910.00    -4.0422
  13920.00    -3.5668
  13930.00    -3.9592
  13940.00    -3.4945
  13950.00    -4.1218
  13960.00    -4.3278
  13970.00    -4.1503
  13980.00    -4.2809
  13990.00    -3.6460
  14000.00    -4.1826
  14010.00    -3.8812
  14020.00    -4.3451
  14030.00    -3.9355
  14040.00    -3.7531
  14050.00    -3.8295
  14060.00    -3.8052
  14070.00    -3.9527
  14080.00    -4.1193
  14090.00    -4.1754
  14100.00    -3.9706
  14110.00    -3.5087
  14120.00    -3.8174
  14130.00    -4.1666
  14140.00    -4.4449
  14150.00    -3.6527
  14160.00    -4.1447
  14170.00    -4.3206
  14180.00    -4.2287
  14190.00    -4.1516
  14200.00    -4.0020
  14210.00    -4.0348
  14220.00    -4.1265
  14230.00    -4.2123
  14240.00    -4.1911
  14250.00    -4.1148
  14260.00    -4.0135
  14270.00    -3.8057
  14280.00    -3.8273
  14290.00    -4.8036
  14300.00    -4.0979
  14310.00    -4.5975
  14320.00    -4.2574
  14330.00    -4.4796
  14340.00    -4.2159
  14350.00    -4.1227
  14360.00    -4.3513
  14370.00    -4.0411
  14380.00    -4.3866
  14390.00    -4.5008
  14400.00    -4.3583
  14410.00    -3.7506
  14420.00    -4.2146
  14430.00    -3.7941
  14440.00    -3.7476
  14450.00    -3.8525
  14460.00    -4.1339
  14470.00    -4.2165
  14480.00    -4.4029
  14490.00    -4.1847
  14500.00    -4.5582
  14510.00    -4.0570
  14520.00    -4.0385
  14530.00    -4.2846
  14540.00    -3.9643
  14550.00    -4.1402
  14560.00    -3.7107
  14570.00    -4.7399
  14580.00    -4.6246
  14590.00    -4.1007
  14600.00    -4.1851
  14610.00    -3.4534
  14620.00    -4.2913
  14630.00    -4.0403
  14640.00    -4.1100
  14650.00    -4.4522
  14660.00    -4.1215
  14670.00    -3.9032
  14680.00    -3.8612
  14690.00    -3.6722
  14700.00    -3.6708
  14710.00    -4.0971
  14720.00    -4.3117
  14730.00    -4.3793
  14740.00    -3.9743
  14750.00    -3.6394
  14760.00    -4.6058
  14770.00    -3.9813
  14780.00    -4.2872
  14790.00    -4.1654
  14800.00    -4.0352
  14810.00    -3.7226
  14820.00    -4.2263
  14830.00    -3.6360
  14840.00    -4.4477
  14850.00    -3.9511
  14860.00    -4.2102
  14870.00    -4.1656
  14880.00    -3.4582
  14890.00    -3.8134
  14900.00    -3.9186
  14910.00    -3.9677
  14920.00    -3.8743
  14930.00    -3.8808
  14940.00    -3.8236
  14950.00    -4.0171
  14960.00    -4.3516
  14970.00    -3.8331
  14980.00    -4.2760
  14990.00    -3.6594
  15000.00    -3.7524
  15010.00    -4.7239
  15020.00    -3.8535
  15030.00    -4.4420
  15040.00    -4.3716
  15050.00    -3.9829
  15060.00    -4.2188
  15070.00    -3.8250
  15080.00    -4.0753
  15090.00    -3.6333
  15100.00    -3.5552
  15110.00    -3.7491
  15120.00    -3.8023
  15130.00    -3.3355
  15140.00    -3.5344
  15150.00    -3.7860
  15160.00    -4.0806
  15170.00    -4.1341
  15180.00    -3.9202
  15190.00    -4.3927
  15200.00    -3.7035
  15210.00    -3.9129
  15220.00    -4.1796
  15230.00    -4.2253
  15240.00    -3.5527
  15250.00    -4.1528
  15260.00    -3.9263
  15270.00    -4.1236
  15280.00    -3.9688
  15290.00    -3.6886
  15300.00    -4.5547
  15310.00    -4.1729
  15320.00    -3.7995
  15330.00    -4.0736
  15340.00    -3.9215
  15350.00    -4.2254
  15360.00    -4.2915
  15370.00    -3.9685
  15380.00    -4.2046
  15390.00    -3.9852
  15400.00    -4.2167
  15410.00    -4.1189
  15420.00    -3.7004
  15430.00    -4.0095
  15440.00    -4.1457
  15450.00    -3.9886
  15460.00    -3.6268
  15470.00    -4.2417
  15480.00    -3.9845
  15490.00    -3.7575
  15500.00    -4.1828
  15510.00    -3.6250
  15520.00    -3.7750
  15530.00    -3.7305
  15540.00    -4.2742
  15550.00    -3.7629
  15560.00    -3.4154
  15570.00    -4.0637
  15580.00    -3.5344
  15590.00    -4.1048
  15600.00    -3.4859
  15610.00    -3.6592
  15620.00    -3.5090
  15630.00    -4.5770
  15640.00    -4.1304
  15650.00    -4.2744
  15660.00    -3.5843
  15670.00    -4.0662
  15680.00    -4.3193
  15690.00    -3.7940
  15700.00    -4.2832
  15710.00    -4.0412
  15720.00    -3.9397
  15730.00    -3.4014
  15740.00    -4.3523
  15750.00    -3.3691
  15760.00    -3.8880
  15770.00    -3.7360
  15780.00    -4.0269
  15790.00    -4.3528
  15800.00    -3.7293
  15810.00    -4.4098
  15820.00    -3.8041
  15830.00    -4.0185
  15840.00    -4.3813
  15850.00    -4.1809
  15860.00    -3.9667
  15870.00    -4.1475
  15880.00    -4.2326
  15890.00    -3.6051
  15900.00    -4.0513
  15910.00    -4.1074
  15920.00    -3.6345
  15930.00    -3.5194
  15940.00    -4.3606
  15950.00    -4.1546
  15960.00    -3.6856
  15970.00    -3.7645
  15980.00    -3.4928
  15990.00    -4.0794
  16000.00    -3.9259
  16010.00    -3.4694
  16020.00    -3.6416
  16030.00    -3.9633
  16040.00    -3.9626
  16050.00    -3.6178
  16060.00    -3.9222
  16070.00    -4.2492
  16080.00    -4.2775
  16090.00    -3.8512
  16100.00    -3.6905
  16110.00    -3.8975
  16120.00    -3.5661
  16130.00    -3.8674
  16140.00    -4.1855
  16150.00    -3.8917
  16160.00    -4.4109
  16170.00    -3.7872
  16180.00    -4.0151
  16190.00    -3.9059
  16200.00    -4.0701
  16210.00    -4.2904
  16220.00    -3.9625
  16230.00    -4.4410
  16240.00    -3.4705
  16250.00    -3.9996
  16260.00    -3.6180
  16270.00    -3.6174
  16280.00    -3.7151
  16290.00    -3.6464
  16300.00    -4.0431
  16310.00    -3.7416
  16320.00    -3.9974
  16330.00    -4.0323
  16340.00    -3.5175
  16350.00    -3.9655
  16360.00    -3.8095
  16370.00    -4.4520
  16380.00    -3.7045
  16390.00    -3.6073
  16400.00    -4.2727
  16410.00    -4.1000
  16420.00    -4.5186
  16430.00    -3.7829
  16440.00    -3.8188
  16450.00    -3.7793
  16460.00    -3.9344
  16470.00    -3.6506
  16480.00    -3.9720
  16490.00    -3.6095
  16500.00    -3.5861
  16510.00    -3.6766
  16520.00    -4.2133
  16530.00    -4.4251
  16540.00    -3.9302
  16550.00    -3.9141
  16560.00    -3.9382
  16570.00    -3.8294
  16580.00    -3.8276
  16590.00    -3.6288
  16600.00    -3.9447
  16610.00    -4.1973
  16620.00    -4.0777
  16630.00    -4.4379
  16640.00    -4.3638
  16650.00    -4.1345
  16660.00    -3.9331
  16670.00    -3.5809
  16680.00    -3.9165
  16690.00    -3.9810
  16700.00    -3.6473
  16710.00    -3.6785
  16720.00    -4.3323
  16730.00    -3.8115
  16740.00    -4.3029
  16750.00    -4.1928
  16760.00    -3.8447
  16770.00    -4.1258
  16780.00    -3.7163
  16790.00    -4.1569
  16800.00    -4.5601
  16810.00    -4.1842
  16820.00    -3.9049
  16830.00    -4.8454
  16840.00    -4.4220
  16850.00    -4.4909
  16860.00    -4.2153
  16870.00    -3.6573
  16880.00    -4.1771
  16890.00    -3.7965
  16900.00    -4.0164
  16910.00    -4.1440
  16920.00    -3.4627
  16930.00    -3.9754
  16940.00    -3.9283
  16950.00    -3.8539
  16960.00    -3.9145
  16970.00    -3.7470
  16980.00    -3.9004
  16990.00    -4.0320
  17000.00    -4.1958
  17010.00    -3.9801
  17020.00    -4.5631
  17030.00    -3.9623
  17040.00    -3.8892
  17050.00    -4.4500
  17060.00    -3.8925
  17070.00    -3.7613
  17080.00    -4.1590
  17090.00    -3.6183
  17100.00    -3.6495
  17110.00    -3.5554
  17120.00    -4.0717
  17130.00    -4.6041
  17140.00    -3.9487
  17150.00    -3.9379
  17160.00    -3.5929
  17170.00    -4.3553
  17180.00    -4.4034
  17190.00    -3.8622
  17200.00    -4.2176
  17210.00    -3.6118
  17220.00    -3.8140
  17230.00    -4.5874
  17240.00    -4.1754
  17250.00    -4.0525
  17260.00    -3.9248
  17270.00    -3.7670
  17280.00    -3.4736
  17290.00    -3.6725
  17300.00    -3.8518
  17310.00    -3.7996
  17320.00    -3.9931
  17330.00    -3.6160
  17340.00    -3.9656
  17350.00    -4.2220
  17360.00    -3.8786
  17370.00    -3.7298
  17380.00    -4.0346
  17390.00    -3.9206
  17400.00    -4.1183
  17410.00    -4.3029
  17420.00    -4.2015
  17430.00    -3.5890
  17440.00    -4.1292
  17450.00    -3.9386
  17460.00    -3.9825
  17470.00    -4.1311
  17480.00    -4.5115
  17490.00    -3.6936
  17500.00    -4.3230
  17510.00    -3.5442
  17520.00    -4.1740
  17530.00    -4.3116
  17540.00    -3.9597
  17550.00    -4.1781
  17560.00    -3.4138
  17570.00    -4.1025
  17580.00    -3.8658
  17590.00    -3.3596
  17600.00    -4.2710
  17610.00    -4.2426
  17620.00    -3.9476
  17630.00    -3.7109
  17640.00    -3.9076
  17650.00    -3.6111
  17660.00    -4.0196
  17670.00    -3.7909
  17680.00    -3.4189
  17690.00    -4.0719
  17700.00    -3.7734
  17710.00    -3.8250
  17720.00    -4.0398
  17730.00    -3.9885
  17740.00    -4.3861
  17750.00    -4.0227
  17760.00    -3.8976
  17770.00    -4.1190
  17780.00    -3.7140
  17790.00    -3.8401
  17800.00    -4.5935
  17810.00    -3.8785
  17820.00    -3.8830
  17830.00    -4.1843
  17840.00    -4.0560
  17850.00    -4.1248
  17860.00    -4.2501
  17870.00    -4.2099
  17880.00    -4.1625
  17890.00    -3.9530
  17900.00    -4.1816
  17910.00    -4.1305
  17920.00    -3.9407
  17930.00    -3.8527
  17940.00    -3.8781
  17950.00    -3.8993
  17960.00    -3.8699
  17970.00    -3.9851
  17980.00    -3.9101
  17990.00    -4.0557
  18000.00    -4.0316
  18010.00    -3.5575
  18020.00    -3.8865
  18030.00    -4.0889
  18040.00    -4.1196
  18050.00    -3.9863
  18060.00    -3.7073
  18070.00    -3.9815
  18080.00    -4.3987
  18090.00    -4.1441
  18100.00    -3.9415
  18110.00    -3.9655
  18120.00    -3.7845
  18130.00    -3.8350
  18140.00    -3.8443
  18150.00    -4.1890
  18160.00    -4.1725
  18170.00    -4.3697
  18180.00    -4.4628
  18190.00    -3.8489
  18200.00    -3.8945
  18210.00    -3.4637
  18220.00    -3.9208
  18230.00    -4.5734
  18240.00    -4.4892
  18250.00    -4.1701
  18260.00    -4.3585
  18270.00    -4.1574
  18280.00    -4.0916
  18290.00    -3.9411
  18300.00    -4.0875
  18310.00    -4.1054
  18320.00    -3.9230
  18330.00    -3.9884
  18340.00    -4.1305
  18350.00    -4.2137
  18360.00    -3.5442
  18370.00    -3.7924
  18380.00    -4.0980
  18390.00    -4.0185
  18400.00    -3.7992
  18410.00    -3.6638
  18420.00    -3.8468
  18430.00    -4.2775
  18440.00    -3.8980
  18450.00    -3.9863
  18460.00    -3.6986
  18470.00    -4.2189
  18480.00    -4.2325
  18490.00    -3.9175
  18500.00    -4.1248
  18510.00    -4.3325
  18520.00    -3.8959
  18530.00    -3.9047
  18540.00    -3.5005
  18550.00    -3.6346
  18560.00    -4.2945
  18570.00    -4.1927
  18580.00    -4.2742
  18590.00    -3.8372
  18600.00    -3.6312
  18610.00    -4.1218
  18620.00    -3.9142
  18630.00    -4.2113
  18640.00    -4.5159
  18650.00    -3.8886
  18660.00    -3.8720
  18670.00    -3.8524
  18680.00    -3.7151
  18690.00    -3.8434
  18700.00    -4.2473
  18710.00    -4.0523
  18720.00    -3.0787
  18730.00    -3.5363
  18740.00    -4.3749
  18750.00    -4.1130
  18760.00    -4.2010
  18770.00    -4.0219
  18780.00    -3.9291
  18790.00    -4.0167
  18800.00    -4.1296
  18810.00    -3.9022
  18820.00    -4.2598
  18830.00    -3.9658
  18840.00    -3.5533
  18850.00    -4.1478
  18860.00    -3.7960
  18870.00    -4.2853
  18880.00    -3.6440
  18890.00    -3.9965
  18900.00    -4.5460
  18910.00    -3.6981
  18920.00    -4.3628
  18930.00    -3.2158
  18940.00    -3.8409
  18950.00    -3.9256
  18960.00    -3.9650
  18970.00    -3.5971
  18980.00    -3.7979
  18990.00    -4.0361
  19000.00    -3.8891
  19010.00    -4.2141
  19020.00    -3.9552
  19030.00    -4.1676
  19040.00    -3.7263
  19050.00    -4.1643
  19060.00    -4.0626
  19070.00    -4.5586
  19080.00    -3.4453
  19090.00    -4.0775
  19100.00    -4.5145
  19110.00    -3.9861
  19120.00    -4.0543
  19130.00    -3.7317
  19140.00    -4.0029
  19150.00    -3.9210
  19160.00    -3.7433
  19170.00    -3.7828
  19180.00    -4.0200
  19190.00    -4.0392
  19200.00    -4.1860
  19210.00    -4.1052
  19220.00    -3.9695
  19230.00    -3.3887
  19240.00    -3.7309
  19250.00    -3.7882
  19260.00    -3.8787
  19270.00    -3.0181
  19280.00    -3.6745
  19290.00    -3.8758
  19300.00    -4.3020
  19310.00    -3.7421
  19320.00    -3.9190
  19330.00    -4.0231
  19340.00    -3.6110
  19350.00    -3.5464
  19360.00    -4.0437
  19370.00    -3.7000
  19380.00    -4.1217
  19390.00    -3.8807
  19400.00    -4.0465
  19410.00    -4.0086
  19420.00    -4.4201
  19430.00    -4.1430
  19440.00    -3.6648
  19450.00    -4.0015
  19460.00    -4.2332
  19470.00    -3.7265
  19480.00    -3.9689
  19490.00    -4.1804
  19500.00    -3.9159
  19510.00    -4.1834
  19520.00    -4.0615
  19530.00    -4.1421
  19540.00    -3.7498
  19550.00    -3.6161
  19560.00    -4.2564
  19570.00    -3.5846
  19580.00    -3.6068
  19590.00    -3.1119
  19600.00    -4.6232
  19610.00    -3.7760
  19620.00    -3.9165
  19630.00    -3.6200
  19640.00    -4.0354
  19650.00    -3.9964
  19660.00    -4.2008
  19670.00    -3.6071
  19680.00    -4.3701
  19690.00    -4.0944
  19700.00    -3.9346
  19710.00    -3.2802
  19720.00    -4.1970
  19730.00    -3.8664
  19740.00    -4.0310
  19750.00    -3.7373
  19760.00    -3.8893
  19770.00    -3.7670
  19780.00    -3.8218
  19790.00    -3.7490
  19800.00    -4.0814
  19810.00    -3.7770
  19820.00    -3.8126
  19830.00    -4.1259
  19840.00    -4.0810
  19850.00    -4.1635
  19860.00    -4.1500
  19870.00    -4.0565
  19880.00    -4.0150
  19890.00    -3.9823
  19900.00    -4.1799
  19910.00    -4.0875
  19920.00    -3.8976
  19930.00    -4.0071
  19940.00    -4.3434
  19950.00    -4.1691
  19960.00    -4.3872
  19970.00    -3.5302
  19980.00    -4.6394
  19990.00    -4.3322
  20000.00    -3.5214
  20010.00    -3.7894
  20020.00    -4.0862
  20030.00    -4.2467
  20040.00    -3.8990
  20050.00    -3.8102
  20060.00    -4.1072
  20070.00    -3.8164
  20080.00    -3.6269
  20090.00    -3.3048
  20100.00    -3.9017
  20110.00    -4.0851
  20120.00    -3.7681
  20130.00    -4.1074
  20140.00    -3.9766
  20150.00    -4.2038
  20160.00    -4.4610
  20170.00    -3.9278
  20180.00    -4.0195
  20190.00    -3.8672
  20200.00    -4.1061
  20210.00    -3.9460
  20220.00    -3.2522
  20230.00    -3.7328
  20240.00    -3.9577
  20250.00    -3.6453
  20260.00    -3.8338
  20270.00    -3.8521
  20280.00    -3.9492
  20290.00    -4.4289
  20300.00    -3.6918
  20310.00    -4.1588
  20320.00    -3.5570
  20330.00    -3.7476
  20340.00    -3.7909
  20350.00    -3.7362
  20360.00    -4.4024
  20370.00    -4.3412
  20380.00    -4.1418
  20390.00    -3.8529
  20400.00    -3.9893
  20410.00    -3.5920
  20420.00    -4.0209
  20430.00    -4.0915
  20440.00    -4.1025
  20450.00    -3.3614
  20460.00    -3.5846
  20470.00    -4.2129
  20480.00    -4.2710
  20490.00    -4.4858
  20500.00    -3.7723
  20510.00    -4.0933
  20520.00    -4.2484
  20530.00    -3.8853
  20540.00    -4.4967
  20550.00    -3.7029
  20560.00    -3.9088
  20570.00    -3.8780
  20580.00    -3.8811
  20590.00    -4.1028
  20600.00    -3.6320
  20610.00    -3.5547
  20620.00    -4.2480
  20630.00    -4.2925
  20640.00    -4.4588
  20650.00    -3.9099
  20660.00    -3.8142
  20670.00    -3.7820
  20680.00    -3.8831
  20690.00    -4.1577
  20700.00    -4.7708
  20710.00    -4.3843
  20720.00    -4.1028
  20730.00    -3.9871
  20740.00    -4.0204
  20750.00    -3.9846
  20760.00    -3.9794
  20770.00    -3.9540
  20780.00    -4.4027
  20790.00    -4.0237
  20800.00    -4.4877
  20810.00    -4.3766
  20820.00    -4.1540
  20830.00    -4.2330
  20840.00    -3.9740
  20850.00    -4.2754
  20860.00    -4.1723
  20870.00    -4.0893
  20880.00    -4.0956
  20890.00    -4.0487
  20900.00    -3.7720
  20910.00    -4.3273
  20920.00    -4.4216
  20930.00    -4.0292
  20940.00    -4.2748
  20950.00    -4.3419
  20960.00    -3.8100
  20970.00    -4.1901
  20980.00    -4.3836
  20990.00    -4.1995
  21000.00    -3.8942
  21010.00    -4.1409
  21020.00    -4.1435
  21030.00    -4.0795
  21040.00    -4.0189
  21050.00    -3.8860
  21060.00    -4.2813
  21070.00    -4.6285
  21080.00    -3.5984
  21090.00    -4.0243
  21100.00    -4.3783
  21110.00    -3.4027
  21120.00    -3.9113
  21130.00    -4.5008
  21140.00    -3.9952
  21150.00    -3.8857
  21160.00    -4.0667
  21170.00    -4.1698
  21180.00    -4.3355
  21190.00    -4.2120
  21200.00    -3.8905
  21210.00    -4.3784
  21220.00    -3.5779
  21230.00    -3.7515
  21240.00    -3.8569
  21250.00    -4.3218
  21260.00    -3.8580
  21270.00    -3.8470
  21280.00    -4.3149
  21290.00    -3.9683
  21300.00    -4.5694
  21310.00    -3.9542
  21320.00    -4.3194
  21330.00    -3.8300
  21340.00    -4.1260
  21350.00    -3.5349
  21360.00    -3.6353
  21370.00    -3.7043
  21380.00    -3.7013
  21390.00    -4.4391
  21400.00    -3.8089
  21410.00    -4.2876
  21420.00    -4.1382
  21430.00    -3.9299
  21440.00    -4.2065
  21450.00    -4.4316
  21460.00    -4.4606
  21470.00    -3.4431
  21480.00    -3.4455
  21490.00    -3.8305
  21500.00    -4.4112
  21510.00    -4.1008
  21520.00    -3.2302
  21530.00    -4.1583
  21540.00    -3.9880
  21550.00    -3.9804
  21560.00    -4.0280
  21570.00    -3.9190
  21580.00    -4.1463
  21590.00    -4.1236
  21600.00    -3.9378
  21610.00    -4.3202
  21620.00    -3.2156
  21630.00    -4.0860
  21640.00    -3.6078
  21650.00    -4.5116
  21660.00    -4.3740
  21670.00    -3.5788
  21680.00    -3.8383
  21690.00    -4.2077
  21700.00    -4.3304
  21710.00    -3.9084
  21720.00    -4.2691
  21730.00    -4.4035
  21740.00    -3.6726
  21750.00    -3.9979
  21760.00    -4.3152
  21770.00    -3.8640
  21780.00    -3.7450
  21790.00    -3.7112
  21800.00    -3.9513
  21810.00    -3.9344
  21820.00    -3.9462
  21830.00    -4.1433
  21840.00    -4.1327
  21850.00    -4.1525
  21860.00    -3.9029
  21870.00    -3.8169
  21880.00    -3.9919
  21890.00    -3.7659
  21900.00    -3.8819
  21910.00    -4.3834
  21920.00    -3.9530
  21930.00    -3.6714
  21940.00    -4.1886
  21950.00    -4.2348
  21960.00    -4.2726
  21970.00    -3.6366
  21980.00    -3.9530
  21990.00    -4.3190
  22000.00    -3.9318
  22010.00    -4.1426
  22020.00    -3.7183
  22030.00    -4.4785
  22040.00    -4.0825
  22050.00    -4.0129
  22060.00    -3.5683
  22070.00    -4.2869
  22080.00    -4.2021
  22090.00    -4.1491
  22100.00    -4.2653
  22110.00    -3.6800
  22120.00    -3.7354
  22130.00    -4.4276
  22140.00    -3.8831
  22150.00    -3.8621
  22160.00    -3.9869
  22170.00    -4.2421
  22180.00    -3.8095
  22190.00    -4.0387
  22200.00    -4.0213
  22210.00    -3.9561
  22220.00    -3.7122
  22230.00    -4.4036
  22240.00    -4.0903
  22250.00    -3.9776
  22260.00    -4.4688
  22270.00    -4.2367
  22280.00    -4.1779
  22290.00    -4.0020
  22300.00    -3.9236
  22310.00    -4.0250
  22320.00    -4.3520
  22330.00    -4.2309
  22340.00    -4.3420
  22350.00    -4.0473
  22360.00    -4.2165
  22370.00    -3.6027
  22380.00    -3.7182
  22390.00    -3.7371
  22400.00    -4.1296
  22410.00    -4.2675
  22420.00    -3.6229
  22430.00    -4.0771
  22440.00    -4.2696
  22450.00    -4.0977
  22460.00    -3.7552
  22470.00    -3.9812
  22480.00    -3.8244
  22490.00    -4.3684
  22500.00    -4.1555
  22510.00    -3.7360
  22520.00    -4.4260
  22530.00    -3.9137
  22540.00    -3.8424
  22550.00    -4.1014
  22560.00    -3.9485
  22570.00    -4.1123
  22580.00    -3.8555
  22590.00    -4.1136
  22600.00    -4.0028
  22610.00    -3.5273
  22620.00    -4.5957
  22630.00    -4.1990
  22640.00    -3.9354
  22650.00    -3.6929
  22660.00    -3.8826
  22670.00    -4.2582
  22680.00    -4.2426
  22690.00    -3.8922
  22700.00    -4.1359
  22710.00    -3.7045
  22720.00    -3.7218
  22730.00    -4.0042
  22740.00    -3.9655
  22750.00    -4.1739
  22760.00    -4.5242
  22770.00    -3.8752
  22780.00    -4.5713
  22790.00    -3.7380
  22800.00    -4.1563
  22810.00    -4.0179
  22820.00    -3.5679
  22830.00    -4.2679
  22840.00    -4.2702
  22850.00    -3.6275
  22860.00    -4.5572
  22870.00    -4.0732
  22880.00    -4.6717
  22890.00    -3.9631
  22900.00    -3.9113
  22910.00    -4.2292
  22920.00    -4.2291
  22930.00    -3.5652
  22940.00    -3.9735
  22950.00    -4.0935
  22960.00    -3.6182
  22970.00    -3.8548
  22980.00    -3.7707
  22990.00    -3.7779
  23000.00    -3.9811
  23010.00    -3.5007
  23020.00    -3.7838
  23030.00    -4.4183
  23040.00    -3.7903
  23050.00    -3.7065
  23060.00    -3.5257
  23070.00    -3.6438
  23080.00    -3.7599
  23090.00    -4.2132
  23100.00    -4.4713
  23110.00    -4.0520
  23120.00    -3.9164
  23130.00    -3.6122
  23140.00    -4.0621
  23150.00    -4.3498
  23160.00    -4.0289
  23170.00    -3.9785
  23180.00    -4.4428
  23190.00    -4.2956
  23200.00    -3.8323
  23210.00    -3.9298
  23220.00    -4.1889
  23230.00    -2.6058
  23240.00    -4.1038
  23250.00    -3.6979
  23260.00    -4.2877
  23270.00    -3.9436
  23280.00    -3.7127
  23290.00    -3.8711
  23300.00    -3.7715
  23310.00    -4.1056
  23320.00    -4.1478
  23330.00    -4.0883
  23340.00    -3.7134
  23350.00    -4.0166
  23360.00    -3.8928
  23370.00    -4.2713
  23380.00    -4.0221
  23390.00    -4.2263
  23400.00    -4.6540
  23410.00    -3.8737
  23420.00    -4.1634
  23430.00    -3.6306
  23440.00    -4.1982
  23450.00    -3.7889
  23460.00    -4.3588
  23470.00    -3.9770
  23480.00    -3.3579
  23490.00    -3.6229
  23500.00    -4.0971
  23510.00    -4.2420
  23520.00    -4.7174
  23530.00    -3.8599
  23540.00    -3.9007
  23550.00    -4.4954
  23560.00    -3.7195
  23570.00    -3.8377
  23580.00    -4.0692
  23590.00    -3.8018
  23600.00    -3.5675
  23610.00    -3.9827
  23620.00    -4.2657
  23630.00    -3.7582
  23640.00    -4.1456
  23650.00    -4.0446
  23660.00    -3.8525
  23670.00    -4.0867
  23680.00    -4.3096
  23690.00    -3.7308
  23700.00    -4.7048
  23710.00    -4.0347
  23720.00    -4.0796
  23730.00    -4.0584
  23740.00    -3.9285
  23750.00    -4.1123
  23760.00    -4.0570
  23770.00    -3.9139
  23780.00    -3.3999
  23790.00    -3.4240
  23800.00    -3.9720
  23810.00    -3.9791
  23820.00    -4.1427
  23830.00    -4.5223
  23840.00    -3.8753
  23850.00    -4.3535
  23860.00    -4.0357
  23870.00    -3.6031
  23880.00    -4.6526
  23890.00    -4.3094
  23900.00    -3.8772
  23910.00    -4.0920
  23920.00    -3.7208
  23930.00    -3.5241
  23940.00    -3.9166
  23950.00    -3.8570
  23960.00    -3.8447
  23970.00    -4.0723
  23980.00    -3.9578
  23990.00    -3.7132
  24000.00    -3.6685
  24010.00    -4.6644
  24020.00    -4.1794
  24030.00    -3.9569
  24040.00    -3.5751
  24050.00    -3.9132
  24060.00    -4.2763
  24070.00    -4.1674
  24080.00    -3.9045
  24090.00    -4.2512
  24100.00    -4.0137
  24110.00    -4.1039
  24120.00    -3.8597
  24130.00    -3.8253
  24140.00    -3.6832
  24150.00    -4.1154
  24160.00    -4.0305
  24170.00    -4.0594
  24180.00    -3.8733
  24190.00    -3.6199
  24200.00    -4.0733
  24210.00    -3.9666
  24220.00    -3.8694
  24230.00    -3.9691
  24240.00    -3.6613
  24250.00    -4.3160
  24260.00    -4.0467
  24270.00    -3.8170
  24280.00    -3.9074
  24290.00    -3.7827
  24300.00    -4.1195
  24310.00    -3.9398
  24320.00    -3.9091
  24330.00    -3.9192
  24340.00    -4.0341
  24350.00    -3.9461
  24360.00    -4.0784
  24370.00    -4.0233
  24380.00    -4.5123
  24390.00    -3.8718
  24400.00    -3.8926
  24410.00    -4.1570
  24420.00    -4.0529
  24430.00    -4.3502
  24440.00    -4.0635
  24450.00    -3.8892
  24460.00    -4.3216
  24470.00    -3.2915
  24480.00    -4.3018
  24490.00    -3.9932
  24500.00    -4.0929
  24510.00    -4.1151
  24520.00    -3.8146
  24530.00    -3.5722
  24540.00    -3.8641
  24550.00    -4.2481
  24560.00    -3.8176
  24570.00    -4.0517
  24580.00    -3.7411
  24590.00    -3.8702
  24600.00    -4.0172
  24610.00    -4.1135
  24620.00    -3.9543
  24630.00    -3.8992
  24640.00    -4.2433
  24650.00    -3.6364
  24660.00    -3.5342
  24670.00    -3.7366
  24680.00    -3.5386
  24690.00    -3.7117
  24700.00    -4.1892
  24710.00    -4.3265
  24720.00    -4.2586
  24730.00    -4.3550
  24740.00    -4.4540
  24750.00    -3.4480
  24760.00    -4.5241
  24770.00    -3.7796
  24780.00    -4.1279
  24790.00    -3.3560
  24800.00    -4.1300
  24810.00    -3.8743
  24820.00    -3.5522
  24830.00    -4.3361
  24840.00    -4.2831
  24850.00    -3.9221
  24860.00    -4.1027
  24870.00    -4.0320
  24880.00    -4.3764
  24890.00    -4.2476
  24900.00    -3.9634
  24910.00    -4.6545
  24920.00    -4.0711
  24930.00    -3.8018
  24940.00    -4.5035
  24950.00    -4.0197
  24960.00    -4.0832
  24970.00    -3.9393
  24980.00    -3.4585
  24990.00    -4.0942
  25000.00    -3.6396
  25010.00    -4.3599
  25020.00    -3.4087
  25030.00    -3.9341
  25040.00    -3.8041
  25050.00    -4.1335
  25060.00    -3.9047
  25070.00    -4.3099
  25080.00    -4.0403
  25090.00    -4.0127
  25100.00    -4.3468
  25110.00    -4.4201
  25120.00    -3.9383
  25130.00    -3.9455
  25140.00    -4.1706
  25150.00    -4.1168
  25160.00    -4.0274
  25170.00    -4.1757
  25180.00    -3.5360
  25190.00    -4.0528
  25200.00    -3.2751
  25210.00    -3.7900
  25220.00    -4.1672
  25230.00    -3.8506
  25240.00    -3.8176
  25250.00    -3.8605
  25260.00    -4.0294
  25270.00    -4.0052
  25280.00    -4.3724
  25290.00    -3.6503
  25300.00    -3.8134
  25310.00    -4.0372
  25320.00    -4.0262
  25330.00    -3.8304
  25340.00    -3.4098
  25350.00    -3.9195
  25360.00    -3.2960
  25370.00    -3.7488
  25380.00    -3.5243
  25390.00    -3.9433
  25400.00    -3.9633
  25410.00    -3.5486
  25420.00    -3.5767
  25430.00    -4.0661
  25440.00    -3.9106
  25450.00    -3.9232
  25460.00    -4.1330
  25470.00    -4.0748
  25480.00    -4.1980
  25490.00    -4.0769
  25500.00    -3.7996
  25510.00    -4.1382
  25520.00    -3.5680
  25530.00    -4.5486
  25540.00    -4.3298
  25550.00    -3.8800
  25560.00    -4.1930
  25570.00    -4.1084
  25580.00    -4.1688
  25590.00    -3.9973
  25600.00    -3.8741
  25610.00    -3.5079
  25620.00    -3.9079
  25630.00    -3.7806
  25640.00    -3.8881
  25650.00    -4.1973
  25660.00    -4.1475
  25670.00    -4.0272
  25680.00    -4.2468
  25690.00    -3.8653
  25700.00    -4.3221
  25710.00    -4.1226
  25720.00    -3.9463
  25730.00    -3.9729
  25740.00    -3.9836
  25750.00    -4.3482
  25760.00    -3.2658
  25770.00    -3.8973
  25780.00    -3.5671
  25790.00    -4.0168
  25800.00    -4.1838
  25810.00    -4.3370
  25820.00    -3.6349
  25830.00    -3.6369
  25840.00    -3.7651
  25850.00    -3.8022
  25860.00    -4.1493
  25870.00    -3.8943
  25880.00    -4.3919
  25890.00    -3.3283
  25900.00    -4.6512
  25910.00    -4.1710
  25920.00    -3.3912
  25930.00    -4.0539
  25940.00    -4.1687
  25950.00    -4.3591
  25960.00    -4.1016
  25970.00    -3.5714
  25980.00    -3.9967
  25990.00    -3.9685
  26000.00    -3.3923
  26010.00    -4.1070
  26020.00    -4.0163
  26030.00    -3.6128
  26040.00    -4.7963
  26050.00    -4.1614
  26060.00    -3.5677
  26070.00    -4.0234
  26080.00    -3.6696
  26090.00    -4.2637
  26100.00    -4.0653
  26110.00    -4.6498
  26120.00    -3.3634
  26130.00    -4.0184
  26140.00    -3.9992
  26150.00    -4.1308
  26160.00    -3.8965
  26170.00    -3.9701
  26180.00    -4.2048
  26190.00    -3.8415
  26200.00    -3.7762
  26210.00    -3.5902
  26220.00    -4.2296
  26230.00    -4.3895
  26240.00    -3.7974
  26250.00    -3.7918
  26260.00    -3.6482
  26270.00    -3.6856
  26280.00    -3.5462
  26290.00    -3.6734
  26300.00    -4.9144
  26310.00    -3.9105
  26320.00    -4.0285
  26330.00    -4.3261
  26340.00    -3.6101
  26350.00    -3.4589
  26360.00    -3.8310
  26370.00    -4.1661
  26380.00    -3.8842
  26390.00    -3.7612
  26400.00    -4.1728
  26410.00    -4.2280
  26420.00    -3.9097
  26430.00    -3.7073
  26440.00    -4.7186
  26450.00    -4.4641
  26460.00    -4.2425
  26470.00    -4.1131
  26480.00    -3.8349
  26490.00    -3.7991
  26500.00    -3.8103
  26510.00    -3.5758
  26520.00    -4.1725
  26530.00    -3.7263
  26540.00    -4.1922
  26550.00    -4.1015
  26560.00    -3.7329
  26570.00    -4.6243
  26580.00    -3.9062
  26590.00    -3.7641
  26600.00    -3.5899
  26610.00    -3.7184
  26620.00    -4.3867
  26630.00    -3.6892
  26640.00    -4.1481
  26650.00    -3.8872
  26660.00    -3.7407
  26670.00    -3.8775
  26680.00    -4.1803
  26690.00    -3.8393
  26700.00    -4.5240
  26710.00    -3.8610
  26720.00    -3.9151
  26730.00    -4.0350
  26740.00    -4.1293
  26750.00    -3.8911
  26760.00    -4.2926
  26770.00    -4.1977
  26780.00    -4.6048
  26790.00    -3.9185
  26800.00    -4.0599
  26810.00    -3.7435
  26820.00    -4.3021
  26830.00    -4.2299
  26840.00    -4.0477
  26850.00    -3.9091
  26860.00    -4.2199
  26870.00    -4.3079
  26880.00    -4.5340
  26890.00    -3.9271
  26900.00    -3.7570
  26910.00    -4.0542
  26920.00    -3.8505
  26930.00    -4.1715
  26940.00    -4.3809
  26950.00    -3.4855
  26960.00    -3.4909
  26970.00    -4.2016
  26980.00    -4.0996
  26990.00    -4.1026
  27000.00    -3.8160
  27010.00    -4.1664
  27020.00    -4.3759
  27030.00    -3.6851
  27040.00    -4.1741
  27050.00    -3.7760
  27060.00    -4.0531
  27070.00    -4.3521
  27080.00    -4.1142
  27090.00    -4.1291
  27100.00    -3.8374
  27110.00    -4.0622
  27120.00    -3.7866
  27130.00    -4.1978
  27140.00    -3.8793
  27150.00    -4.3290
  27160.00    -3.8425
  27170.00    -4.0708
  27180.00    -3.9815
  27190.00    -4.5321
  27200.00    -4.2771
  27210.00    -3.8289
  27220.00    -4.0562
  27230.00    -4.2362
  27240.00    -4.2090
  27250.00    -4.0725
  27260.00    -4.5550
  27270.00    -4.0892
  27280.00    -4.3178
  27290.00    -3.3858
  27300.00    -4.3120
  27310.00    -4.0195
  27320.00    -3.6109
  27330.00    -4.0259
  27340.00    -4.2425
  27350.00    -4.3048
  27360.00    -3.9733
  27370.00    -3.7285
  27380.00    -4.4063
  27390.00    -4.4392
  27400.00    -3.9787
  27410.00    -4.1081
  27420.00    -4.3881
  27430.00    -3.8382
  27440.00    -4.1738
  27450.00    -4.2070
  27460.00    -3.9682
  27470.00    -3.6928
  27480.00    -3.7809
  27490.00    -3.7239
  27500.00    -4.0029
  27510.00    -3.8346
  27520.00    -3.1582
  27530.00    -3.6171
  27540.00    -3.9191
  27550.00    -4.1156
  27560.00    -3.4345
  27570.00    -4.0929
  27580.00    -4.0444
  27590.00    -3.8103
  27600.00    -3.9177
  27610.00    -4.1737
  27620.00    -4.2995
  27630.00    -3.7281
  27640.00    -4.2450
  27650.00    -3.7177
  27660.00    -4.1976
  27670.00    -4.0171
  27680.00    -4.4710
  27690.00    -3.7459
  27700.00    -3.6461
  27710.00    -3.6535
  27720.00    -3.5863
  27730.00    -4.2607
  27740.00    -3.9498
  27750.00    -3.8367
  27760.00    -3.9452
  27770.00    -4.6224
  27780.00    -4.3163
  27790.00    -4.1683
  27800.00    -3.7699
  27810.00    -3.9670
  27820.00    -4.4309
  27830.00    -4.1584
  27840.00    -4.2017
  27850.00    -4.4301
  27860.00    -3.8824
  27870.00    -4.1295
  27880.00    -4.2006
  27890.00    -3.7884
  27900.00    -3.8154
  27910.00    -3.7333
  27920.00    -3.7029
  27930.00    -4.6404
  27940.00    -3.9394
  27950.00    -4.4230
  27960.00    -4.0997
  27970.00    -4.0239
  27980.00    -3.7691
  27990.00    -4.6980
  28000.00    -4.2312
  28010.00    -3.7898
  28020.00    -3.9703
  28030.00    -4.3160
  28040.00    -4.4271
  28050.00    -4.1010
  28060.00    -3.8704
  28070.00    -4.3335
  28080.00    -4.3618
  28090.00    -3.7766
  28100.00    -3.5935
  28110.00    -4.3962
  28120.00    -4.3502
  28130.00    -3.6495
  28140.00    -4.0835
  28150.00    -3.9300
  28160.00    -4.6891
  28170.00    -3.4404
  28180.00    -4.0490
  28190.00    -4.0170
  28200.00    -4.0476
  28210.00    -3.5920
  28220.00    -3.8480
  28230.00    -4.1158
  28240.00    -4.1167
  28250.00    -4.1538
  28260.00    -3.6589
  28270.00    -3.9443
  28280.00    -3.8946
  28290.00    -3.8217
  28300.00    -3.5795
  28310.00    -3.9995
  28320.00    -4.0084
  28330.00    -4.4882
  28340.00    -4.0896
  28350.00    -4.3892
  28360.00    -4.1276
  28370.00    -3.6870
  28380.00    -3.3767
  28390.00    -3.7552
  28400.00    -3.8499
  28410.00    -4.2544
  28420.00    -4.0973
  28430.00    -4.0663
  28440.00    -4.0697
  28450.00    -3.4854
  28460.00    -4.1176
  28470.00    -3.9213
  28480.00    -3.8424
  28490.00    -4.1552
  28500.00    -4.0829
  28510.00    -4.3937
  28520.00    -4.1695
  28530.00    -4.0608
  28540.00    -3.9088
  28550.00    -4.0110
  28560.00    -4.1064
  28570.00    -4.1198
  28580.00    -3.9488
  28590.00    -3.9737
  28600.00    -4.1320
  28610.00    -3.7758
  28620.00    -3.5584
  28630.00    -3.6506
  28640.00    -4.0260
  28650.00    -3.9444
  28660.00    -4.1332
  28670.00    -4.1035
  28680.00    -4.4314
  28690.00    -3.6401
  28700.00    -3.7393
  28710.00    -4.0362
  28720.00    -4.4237
  28730.00    -3.8690
  28740.00    -4.2540
  28750.00    -4.0127
  28760.00    -3.8080
  28770.00    -4.2477
  28780.00    -3.8026
  28790.00    -4.2334
  28800.00    -3.7831
  28810.00    -4.0881
  28820.00    -3.7143
  28830.00    -4.2225
  28840.00    -3.7605
  28850.00    -4.0907
  28860.00    -3.9289
  28870.00    -3.7091
  28880.00    -3.7361
  28890.00    -3.8021
  28900.00    -3.9497
  28910.00    -3.9928
  28920.00    -3.9093
  28930.00    -4.1392
  28940.00    -4.0655
  28950.00    -3.8649
  28960.00    -3.9102
  28970.00    -4.0128
  28980.00    -3.7670
  28990.00    -3.8952
  29000.00    -4.0144
  29010.00    -3.9097
  29020.00    -3.7761
  29030.00    -3.4659
  29040.00    -4.1090
  29050.00    -3.6732
  29060.00    -3.7906
  29070.00    -3.9156
  29080.00    -4.0304
  29090.00    -3.9143
  29100.00    -4.0620
  29110.00    -3.9951
  29120.00    -3.8086
  29130.00    -3.8880
  29140.00    -3.8116
  29150.00    -4.0786
  29160.00    -4.6884
  29170.00    -4.1649
  29180.00    -4.3619
  29190.00    -3.7855
  29200.00    -3.7553
  29210.00    -3.5137
  29220.00    -3.7798
  29230.00    -3.9128
  29240.00    -4.2420
  29250.00    -4.3858
  29260.00    -3.6279
  29270.00    -4.0181
  29280.00    -3.9281
  29290.00    -4.1024
  29300.00    -3.1786
  29310.00    -3.6346
  29320.00    -4.1852
  29330.00    -3.9221
  29340.00    -3.9085
  29350.00    -3.9728
  29360.00    -3.8262
  29370.00    -3.8517
  29380.00    -3.5001
  29390.00    -4.0894
  29400.00    -3.8370
  29410.00    -4.1031
  29420.00    -4.4923
  29430.00    -3.9974
  29440.00    -4.0959
  29450.00    -3.9661
  29460.00    -2.9911
  29470.00    -4.1983
  29480.00    -3.8854
  29490.00    -4.0595
  29500.00    -3.4954
  29510.00    -3.9072
  29520.00    -4.1296
  29530.00    -3.7958
  29540.00    -3.6334
  29550.00    -4.2494
  29560.00    -4.1213
  29570.00    -3.7316
  29580.00    -3.3287
  29590.00    -3.7307
  29600.00    -4.0339
  29610.00    -4.0381
  29620.00    -3.5904
  29630.00    -4.3397
  29640.00    -4.1751
  29650.00    -3.8869
  29660.00    -4.0182
  29670.00    -3.7555
  29680.00    -3.7888
  29690.00    -3.3427
  29700.00    -3.9242
  29710.00    -3.9187
  29720.00    -3.8865
  29730.00    -3.7785
  29740.00    -3.8641
  29750.00    -3.8270
  29760.00    -3.8712
  29770.00    -3.9087
  29780.00    -3.5558
  29790.00    -4.0485
  29800.00    -4.0700
  29810.00    -3.7154
  29820.00    -3.8228
  29830.00    -4.0715
  29840.00    -3.6510
  29850.00    -4.0878
  29860.00    -4.3845
  29870.00    -3.9957
  29880.00    -3.7795
  29890.00    -4.9006
  29900.00    -3.6826
  29910.00    -3.9439
  29920.00    -4.0540
  29930.00    -3.8601
  29940.00    -4.2891
  29950.00    -3.8488
  29960.00    -4.0390
  29970.00    -3.7422
  29980.00    -3.8164
  29990.00    -4.2145
  30000.00    -3.7406
  30010.00    -3.5919
  30020.00    -3.7697
  30030.00    -4.7078
  30040.00    -3.6783
  30050.00    -4.0521
  30060.00    -3.8588
  30070.00    -4.1519
  30080.00    -4.1939
  30090.00    -4.1783
  30100.00    -3.8366
  30110.00    -3.7106
  30120.00    -4.5167
  30130.00    -3.9603
  30140.00    -4.1456
  30150.00    -3.9020
  30160.00    -3.8311
  30170.00    -4.4488
  30180.00    -4.2733
  30190.00    -4.0563
  30200.00    -4.0459
  30210.00    -3.7570
  30220.00    -4.0016
  30230.00    -4.3157
  30240.00    -4.1326
  30250.00    -4.0999
  30260.00    -3.9159
  30270.00    -4.2282
  30280.00    -4.0095
  30290.00    -4.2381
  30300.00    -3.5463
  30310.00    -4.1766
  30320.00    -3.8765
  30330.00    -3.7154
  30340.00    -4.1099
  30350.00    -3.6683
  30360.00    -3.9813
  30370.00    -4.0668
  30380.00    -3.9533
  30390.00    -4.0039
  30400.00    -4.0437
  30410.00    -3.8922
  30420.00    -3.8000
  30430.00    -3.6362
  30440.00    -4.0877
  30450.00    -3.6032
  30460.00    -4.2645
  30470.00    -3.3983
  30480.00    -3.8387
  30490.00    -4.2155
  30500.00    -4.0239
  30510.00    -4.2829
  30520.00    -3.9112
  30530.00    -3.9109
  30540.00    -3.2760
  30550.00    -3.6605
  30560.00    -4.0681
  30570.00    -4.5066
  30580.00    -4.1426
  30590.00    -4.2064
  30600.00    -3.8240
  30610.00    -4.1339
  30620.00    -4.0017
  30630.00    -4.0014
  30640.00    -4.1617
  30650.00    -3.8798
  30660.00    -3.8589
  30670.00    -4.5199
  30680.00    -3.8862
  30690.00    -4.2969
  30700.00    -3.9289
  30710.00    -3.7424
  30720.00    -3.9582
  30730.00    -4.0680
  30740.00    -4.1169
  30750.00    -4.0435
  30760.00    -4.2029
  30770.00    -4.2710
  30780.00    -3.2415
  30790.00    -3.9010
  30800.00    -3.9430
  30810.00    -4.1421
  30820.00    -4.1108
  30830.00    -4.0092
  30840.00    -3.5356
  30850.00    -4.3581
  30860.00    -4.1565
  30870.00    -4.2961
  30880.00    -3.6224
  30890.00    -3.7470
  30900.00    -3.8602
  30910.00    -3.8781
  30920.00    -4.4895
  30930.00    -3.2454
  30940.00    -3.7286
  30950.00    -4.4212
  30960.00    -3.9932
  30970.00    -3.7123
  30980.00    -3.5811
  30990.00    -3.7614
  31000.00    -3.7525
  31010.00    -3.9917
  31020.00    -3.9226
  31030.00    -4.2433
  31040.00    -4.5054
  31050.00    -3.6460
  31060.00    -4.0760
  31070.00    -3.8980
  31080.00    -4.4229
  31090.00    -4.0758
  31100.00    -3.7946
  31110.00    -3.9204
  31120.00    -4.0352
  31130.00    -3.6604
  31140.00    -4.4526
  31150.00    -4.0130
  31160.00    -4.1087
  31170.00    -4.0672
  31180.00    -3.7814
  31190.00    -4.0147
  31200.00    -3.9991
  31210.00    -3.1980
  31220.00    -4.2098
  31230.00    -4.4662
  31240.00    -4.0182
  31250.00    -4.1538
  31260.00    -3.6249
  31270.00    -3.7717
  31280.00    -4.1292
  31290.00    -3.9996
  31300.00    -3.8592
  31310.00    -3.9223
  31320.00    -3.8923
  31330.00    -4.2006
  31340.00    -3.5713
  31350.00    -3.7317
  31360.00    -3.9194
  31370.00    -3.5650
  31380.00    -3.9299
  31390.00    -3.6844
  31400.00    -3.3787
  31410.00    -4.5018
  31420.00    -3.7112
  31430.00    -3.6813
  31440.00    -4.1912
  31450.00    -4.1916
  31460.00    -4.2188
  31470.00    -4.3142
  31480.00    -4.0329
  31490.00    -3.9399
  31500.00    -4.1549
  31510.00    -3.8472
  31520.00    -3.9350
  31530.00    -4.2340
  31540.00    -3.8474
  31550.00    -4.1384
  31560.00    -3.7546
  31570.00    -4.2405
  31580.00    -3.6240
  31590.00    -3.9534
  31600.00    -3.8083
  31610.00    -3.5054
  31620.00    -3.5280
  31630.00    -3.1847
  31640.00    -4.1047
  31650.00    -3.5906
  31660.00    -3.9097
  31670.00    -3.6958
  31680.00    -4.0137
  31690.00    -3.6708
  31700.00    -3.8300
  31710.00    -3.9122
  31720.00    -3.8719
  31730.00    -3.8137
  31740.00    -3.5646
  31750.00    -3.9064
  31760.00    -3.4299
  31770.00    -4.0950
  31780.00    -3.9870
  31790.00    -3.5138
  31800.00    -3.8608
  31810.00    -3.7912
  31820.00    -3.8860
  31830.00    -3.9563
  31840.00    -4.4358
  31850.00    -4.4458
  31860.00    -3.7968
  31870.00    -3.8946
  31880.00    -4.1141
  31890.00    -4.3523
  31900.00    -3.9370
  31910.00    -3.8452
  31920.00    -3.7048
  31930.00    -3.9736
  31940.00    -3.6476
  31950.00    -2.8584
  31960.00    -3.9788
  31970.00    -3.9452
  31980.00    -4.1215
  31990.00    -3.5742
  32000.00    -3.9118
  32010.00    -4.3459
  32020.00    -4.3109
  32030.00    -3.9702
  32040.00    -3.6526
  32050.00    -4.0535
  32060.00    -4.0696
  32070.00    -4.3960
  32080.00    -4.4522
  32090.00    -4.0745
  32100.00    -4.1601
  32110.00    -3.8757
  32120.00    -4.3022
  32130.00    -3.9392
  32140.00    -4.1812
  32150.00    -3.8507
  32160.00    -4.0972
  32170.00    -3.9703
  32180.00    -4.3698
  32190.00    -4.3254
  32200.00    -3.9925
  32210.00    -4.2627
  32220.00    -4.1163
  32230.00    -3.7346
  32240.00    -4.6509
  32250.00    -4.1330
  32260.00    -4.0944
  32270.00    -3.8651
  32280.00    -3.8326
  32290.00    -4.1360
  32300.00    -3.7961
  32310.00    -3.3487
  32320.00    -3.9139
  32330.00    -4.2212
  32340.00    -4.3240
  32350.00    -4.5601
  32360.00    -4.0353
  32370.00    -3.6742
  32380.00    -4.1900
  32390.00    -4.2867
  32400.00    -3.5018
  32410.00    -3.8486
  32420.00    -4.2966
  32430.00    -3.7262
  32440.00    -4.0810
  32450.00    -4.3197
  32460.00    -3.8568
  32470.00    -4.1251
  32480.00    -3.7590
  32490.00    -4.2021
  32500.00    -3.4592
  32510.00    -3.4978
  32520.00    -3.8059
  32530.00    -3.4361
  32540.00    -4.0352
  32550.00    -4.0665
  32560.00    -4.5420
  32570.00    -4.4233
  32580.00    -3.6786
  32590.00    -3.6043
  32600.00    -3.5862
  32610.00    -4.0018
  32620.00    -3.8048
  32630.00    -3.9148
  32640.00    -3.7758
  32650.00    -3.6210
  32660.00    -3.8618
  32670.00    -3.6988
  32680.00    -3.9447
  32690.00    -3.8825
  32700.00    -3.9538
  32710.00    -4.1156
  32720.00    -3.6588
  32730.00    -4.1293
  32740.00    -4.1715
  32750.00    -4.1455
  32760.00    -3.8575
  32770.00    -3.8996
  32780.00    -3.9432
  32790.00    -4.2594
  32800.00    -4.2236
  32810.00    -4.0133
  32820.00    -4.2317
  32830.00    -4.0856
  32840.00    -3.9652
  32850.00    -4.1862
  32860.00    -4.1146
  32870.00    -4.1595
  32880.00    -4.0399
  32890.00    -3.9144
  32900.00    -4.4942
  32910.00    -4.3416
  32920.00    -4.3263
  32930.00    -3.6316
  32940.00    -4.0975
  32950.00    -4.3908
  32960.00    -3.8480
  32970.00    -3.7242
  32980.00    -4.4114
  32990.00    -4.7427
  33000.00    -4.0847
  33010.00    -3.7838
  33020.00    -4.2821
  33030.00    -4.4142
  33040.00    -3.9866
  33050.00    -4.1945
  33060.00    -3.6466
  33070.00    -3.8863
  33080.00    -3.5466
  33090.00    -4.1096
  33100.00    -3.5962
  33110.00    -4.0123
  33120.00    -4.5841
  33130.00    -3.8588
  33140.00    -4.1696
  33150.00    -4.0162
  33160.00    -3.9233
  33170.00    -4.1987
  33180.00    -3.7646
  33190.00    -4.4195
  33200.00    -4.2035
  33210.00    -3.9273
  33220.00    -4.2913
  33230.00    -3.8416
  33240.00    -3.1132
  33250.00    -4.0048
  33260.00    -3.7281
  33270.00    -3.9519
  33280.00    -3.7685
  33290.00    -4.3795
  33300.00    -4.4805
  33310.00    -4.1166
  33320.00    -3.7649
  33330.00    -4.1008
  33340.00    -4.5408
  33350.00    -3.8093
  33360.00    -4.0500
  33370.00    -4.3428
  33380.00    -4.0534
  33390.00    -3.7670
  33400.00    -4.3192
  33410.00    -3.8987
  33420.00    -4.0928
  33430.00    -4.4442
  33440.00    -4.1276
  33450.00    -4.4014
  33460.00    -4.6829
  33470.00    -3.5393
  33480.00    -4.4681
  33490.00    -4.1172
  33500.00    -4.0312
  33510.00    -3.8516
  33520.00    -4.6632
  33530.00    -4.2962
  33540.00    -4.2263
  33550.00    -4.1586
  33560.00    -4.1008
  33570.00    -4.1640
  33580.00    -3.9101
  33590.00    -4.3056
  33600.00    -4.4085
  33610.00    -3.9703
  33620.00    -4.3561
  33630.00    -4.1070
  33640.00    -3.7641
  33650.00    -3.4614
  33660.00    -3.8284
  33670.00    -4.3763
  33680.00    -4.1027
  33690.00    -3.5456
  33700.00    -4.1219
  33710.00    -4.1840
  33720.00    -4.1507
  33730.00    -3.7186
  33740.00    -3.8798
  33750.00    -3.8504
  33760.00    -4.2691
  33770.00    -4.0138
  33780.00    -3.9271
  33790.00    -4.2781
  33800.00    -4.1923
  33810.00    -4.5849
  33820.00    -4.1922
  33830.00    -3.8402
  33840.00    -4.2177
  33850.00    -3.9685
  33860.00    -4.1001
  33870.00    -3.5541
  33880.00    -3.9635
  33890.00    -3.8783
  33900.00    -3.6609
  33910.00    -4.4276
  33920.00    -4.0820
  33930.00    -3.6818
  33940.00    -4.3122
  33950.00    -3.8113
  33960.00    -3.8501
  33970.00    -3.7818
  33980.00    -4.2258
  33990.00    -4.1610
  34000.00    -4.5390
  34010.00    -4.4183
  34020.00    -4.0009
  34030.00    -4.2004
  34040.00    -3.9163
  34050.00    -4.4443
  34060.00    -4.1279
  34070.00    -3.9162
  34080.00    -4.1795
  34090.00    -4.1824
  34100.00    -4.0912
  34110.00    -4.1540
  34120.00    -3.9398
  34130.00    -3.9813
  34140.00    -3.7683
  34150.00    -3.8517
  34160.00    -3.6136
  34170.00    -3.8893
  34180.00    -3.9211
  34190.00    -4.1268
  34200.00    -3.7760
  34210.00    -4.3624
  34220.00    -4.0236
  34230.00    -4.3020
  34240.00    -4.1069
  34250.00    -4.4040
  34260.00    -4.0501
  34270.00    -3.7833
  34280.00    -3.5574
  34290.00    -3.9831
  34300.00    -3.5851
  34310.00    -3.7324
  34320.00    -4.3483
  34330.00    -3.1890
  34340.00    -3.1725
  34350.00    -4.1722
  34360.00    -3.8942
  34370.00    -3.5337
  34380.00    -3.4547
  34390.00    -3.5848
  34400.00    -4.7287
  34410.00    -4.3065
  34420.00    -4.0064
  34430.00    -4.0315
  34440.00    -3.8284
  34450.00    -4.1314
  34460.00    -3.7492
  34470.00    -3.8181
  34480.00    -3.8125
  34490.00    -4.1727
  34500.00    -3.9833
  34510.00    -3.9444
  34520.00    -4.0175
  34530.00    -3.6581
  34540.00    -3.8176
  34550.00    -3.9006
  34560.00    -3.8679
  34570.00    -3.8955
  34580.00    -3.8268
  34590.00    -4.0158
  34600.00    -3.8614
  34610.00    -4.2060
  34620.00    -4.1587
  34630.00    -3.7604
  34640.00    -3.8365
  34650.00    -4.3713
  34660.00    -3.5560
  34670.00    -4.4104
  34680.00    -4.0082
  34690.00    -3.9921
  34700.00    -3.4189
  34710.00    -4.0691
  34720.00    -4.5698
  34730.00    -4.1983
  34740.00    -3.9836
  34750.00    -3.8424
  34760.00    -3.8534
  34770.00    -3.7989
  34780.00    -4.0685
  34790.00    -3.5471
  34800.00    -3.7700
  34810.00    -3.2791
  34820.00    -3.8369
  34830.00    -3.7241
  34840.00    -4.5301
  34850.00    -3.8713
  34860.00    -4.3988
  34870.00    -3.8087
  34880.00    -4.5085
  34890.00    -4.1919
  34900.00    -4.5293
  34910.00    -3.8597
  34920.00    -4.5066
  34930.00    -4.0309
  34940.00    -3.9004
  34950.00    -3.6285
  34960.00    -4.0327
  34970.00    -3.9966
  34980.00    -3.8205
  34990.00    -3.7293
  35000.00    -3.6586
  35010.00    -3.8367
  35020.00    -3.9926
  35030.00    -4.2491
  35040.00    -3.5281
  35050.00    -4.2527
  35060.00    -4.0041
  35070.00    -4.0178
  35080.00    -3.7515
  35090.00    -4.0713
  35100.00    -3.9013
  35110.00    -4.4512
  35120.00    -4.0623
  35130.00    -3.7760
  35140.00    -4.1403
  35150.00    -3.2425
  35160.00    -3.5762
  35170.00    -3.8736
  35180.00    -3.6174
  35190.00    -3.9594
  35200.00    -3.5326
  35210.00    -3.8468
  35220.00    -3.9004
  35230.00    -4.1301
  35240.00    -3.9397
  35250.00    -3.8721
  35260.00    -4.0314
  35270.00    -4.0481
  35280.00    -3.7664
  35290.00    -3.9816
  35300.00    -3.8649
  35310.00    -3.8941
  35320.00    -4.0344
  35330.00    -3.8264
  35340.00    -3.7224
  35350.00    -3.8892
  35360.00    -3.5132
  35370.00    -4.1983
  35380.00    -3.6804
  35390.00    -3.6727
  35400.00    -3.0264
  35410.00    -4.0010
  35420.00    -4.1925
  35430.00    -3.5981
  35440.00    -3.8701
  35450.00    -4.4053
  35460.00    -4.4712
  35470.00    -3.9560
  35480.00    -4.5548
  35490.00    -4.1675
  35500.00    -4.2761
  35510.00    -3.7493
  35520.00    -3.5859
  35530.00    -4.6055
  35540.00    -3.6139
  35550.00    -4.5962
  35560.00    -4.4100
  35570.00    -4.0982
  35580.00    -3.9472
  35590.00    -4.2139
  35600.00    -3.6154
  35610.00    -4.0959
  35620.00    -4.4695
  35630.00    -4.0567
  35640.00    -3.7479
  35650.00    -4.3493
  35660.00    -4.2378
  35670.00    -4.0305
  35680.00    -3.6204
  35690.00    -3.5639
  35700.00    -3.8636
  35710.00    -4.0810
  35720.00    -3.7552
  35730.00    -3.9928
  35740.00    -4.2632
  35750.00    -4.3549
  35760.00    -4.1376
  35770.00    -3.7155
  35780.00    -4.0163
  35790.00    -4.4064
  35800.00    -3.7275
  35810.00    -3.9553
  35820.00    -3.9284
  35830.00    -4.0089
  35840.00    -4.3710
  35850.00    -4.2064
  35860.00    -4.2913
  35870.00    -4.4227
  35880.00    -4.7690
  35890.00    -4.0218
  35900.00    -4.2633
  35910.00    -3.9005
  35920.00    -4.0320
  35930.00    -4.0491
  35940.00    -4.0045
  35950.00    -3.9092
  35960.00    -4.1355
  35970.00    -4.1004
  35980.00    -4.4812
  35990.00    -4.4712
  36000.00    -3.5762
  36010.00    -3.8891
  36020.00    -3.6342
  36030.00    -4.0434
  36040.00    -3.9208
  36050.00    -4.1387
  36060.00    -3.7424
  36070.00    -3.9942
  36080.00    -3.8668
  36090.00    -3.9392
  36100.00    -3.9788
  36110.00    -4.0171
  36120.00    -4.7418
  36130.00    -4.0481
  36140.00    -4.1282
  36150.00    -3.6930
  36160.00    -4.0248
  36170.00    -4.0444
  36180.00    -3.8064
  36190.00    -4.0158
  36200.00    -4.1181
  36210.00    -3.8962
  36220.00    -4.5787
  36230.00    -3.9728
  36240.00    -4.2733
  36250.00    -4.2201
  36260.00    -3.7308
  36270.00    -3.8963
  36280.00    -4.0377
  36290.00    -4.1767
  36300.00    -4.3280
  36310.00    -4.3978
  36320.00    -3.3822
  36330.00    -4.2736
  36340.00    -3.5601
  36350.00    -3.8362
  36360.00    -3.8915
  36370.00    -4.6167
  36380.00    -3.8488
  36390.00    -3.7198
  36400.00    -4.3622
  36410.00    -4.0401
  36420.00    -3.8334
  36430.00    -3.8500
  36440.00    -4.4428
  36450.00    -4.2213
  36460.00    -3.9023
  36470.00    -4.0204
  36480.00    -3.8404
  36490.00    -4.1037
  36500.00    -3.9409
  36510.00    -4.0923
  36520.00    -3.3166
  36530.00    -4.0086
  36540.00    -4.3379
  36550.00    -3.8034
  36560.00    -4.0926
  36570.00    -4.1429
  36580.00    -3.8878
  36590.00    -4.1973
  36600.00    -4.2335
  36610.00    -3.7170
  36620.00    -3.9832
  36630.00    -3.7245
  36640.00    -4.3489
  36650.00    -4.2604
  36660.00    -4.5750
  36670.00    -4.0287
  36680.00    -3.9578
  36690.00    -4.2459
  36700.00    -3.8039
  36710.00    -4.0740
  36720.00    -4.2882
  36730.00    -3.5476
  36740.00    -4.3069
  36750.00    -4.3875
  36760.00    -4.2083
  36770.00    -4.0334
  36780.00    -4.4030
  36790.00    -3.7020
  36800.00    -4.1802
  36810.00    -4.1603
  36820.00    -4.4516
  36830.00    -3.8349
  36840.00    -3.7990
  36850.00    -4.2587
  36860.00    -3.8548
  36870.00    -4.2527
  36880.00    -4.4750
  36890.00    -3.9738
  36900.00    -4.2802
  36910.00    -4.2516
  36920.00    -3.9564
  36930.00    -4.0452
  36940.00    -4.1651
  36950.00    -3.6394
  36960.00    -4.3155
  36970.00    -4.2332
  36980.00    -3.8556
  36990.00    -4.5495
  37000.00    -4.1137
  37010.00    -4.4504
  37020.00    -4.0138
  37030.00    -3.4392
  37040.00    -4.0062
  37050.00    -4.3906
  37060.00    -3.7947
  37070.00    -4.2811
  37080.00    -4.7072
  37090.00    -4.0790
  37100.00    -3.9229
  37110.00    -3.7649
  37120.00    -4.3526
  37130.00    -4.1270
  37140.00    -3.4678
  37150.00    -4.1180
  37160.00    -4.3449
  37170.00    -4.0454
  37180.00    -4.1057
  37190.00    -3.4497
  37200.00    -3.4163
  37210.00    -4.2117
  37220.00    -4.4801
  37230.00    -4.2040
  37240.00    -3.8724
  37250.00    -4.6381
  37260.00    -3.9913
  37270.00    -3.7201
  37280.00    -3.7698
  37290.00    -4.1950
  37300.00    -3.8526
  37310.00    -4.2069
  37320.00    -3.5696
  37330.00    -3.7329
  37340.00    -3.4872
  37350.00    -3.8271
  37360.00    -4.5939
  37370.00    -3.8583
  37380.00    -4.3123
  37390.00    -3.9370
  37400.00    -3.8639
  37410.00    -3.7135
  37420.00    -3.9158
  37430.00    -3.7049
  37440.00    -3.6579
  37450.00    -3.1851
  37460.00    -4.0088
  37470.00    -3.3682
  37480.00    -3.3672
  37490.00    -3.7317
  37500.00    -4.2287
  37510.00    -4.1421
  37520.00    -3.8001
  37530.00    -3.3652
  37540.00    -3.8999
  37550.00    -3.7092
  37560.00    -3.4945
  37570.00    -3.7828
  37580.00    -3.8354
  37590.00    -4.0038
  37600.00    -3.9306
  37610.00    -3.8621
  37620.00    -4.1870
  37630.00    -3.9635
  37640.00    -4.1765
  37650.00    -4.4015
  37660.00    -3.9114
  37670.00    -4.1578
  37680.00    -4.1411
  37690.00    -3.7596
  37700.00    -4.1151
  37710.00    -3.6940
  37720.00    -3.7827
  37730.00    -3.9379
  37740.00    -3.7694
  37750.00    -3.5882
  37760.00    -3.9478
  37770.00    -4.1507
  37780.00    -3.8798
  37790.00    -3.6943
  37800.00    -4.2024
  37810.00    -3.8585
  37820.00    -4.0287
  37830.00    -4.2773
  37840.00    -3.8293
  37850.00    -3.8714
  37860.00    -4.2992
  37870.00    -4.3414
  37880.00    -3.6252
  37890.00    -3.6582
  37900.00    -3.5922
  37910.00    -4.3623
  37920.00    -3.7068
  37930.00    -4.0824
  37940.00    -3.8825
  37950.00    -3.5095
  37960.00    -3.8328
  37970.00    -4.2160
  37980.00    -4.1307
  37990.00    -3.9887
  38000.00    -4.0844
  38010.00    -4.7063
  38020.00    -4.1129
  38030.00    -4.1073
  38040.00    -3.6258
  38050.00    -4.2400
  38060.00    -4.3241
  38070.00    -4.3033
  38080.00    -3.9201
  38090.00    -3.7739
  38100.00    -4.3301
  38110.00    -4.0916
  38120.00    -3.9021
  38130.00    -4.2896
  38140.00    -3.8323
  38150.00    -4.0275
  38160.00    -3.3585
  38170.00    -4.3121
  38180.00    -4.2250
  38190.00    -3.9565
  38200.00    -4.0121
  38210.00    -3.8511
  38220.00    -4.0549
  38230.00    -4.3614
  38240.00    -3.8489
  38250.00    -3.9883
  38260.00    -3.8333
  38270.00    -4.1365
  38280.00    -3.8980
  38290.00    -4.0785
  38300.00    -4.2121
  38310.00    -4.3396
  38320.00    -3.7093
  38330.00    -3.9690
  38340.00    -4.0450
  38350.00    -3.7405
  38360.00    -4.0473
  38370.00    -3.7147
  38380.00    -3.8506
  38390.00    -3.6388
  38400.00    -4.2065
  38410.00    -4.1923
  38420.00    -4.2544
  38430.00    -3.8197
  38440.00    -4.2450
  38450.00    -4.2768
  38460.00    -4.0501
  38470.00    -4.3540
  38480.00    -3.7283
  38490.00    -4.1113
  38500.00    -4.0593
  38510.00    -3.8920
  38520.00    -3.5907
  38530.00    -4.7568
  38540.00    -4.1874
  38550.00    -4.1761
  38560.00    -4.0947
  38570.00    -3.5956
  38580.00    -3.6708
  38590.00    -3.7230
  38600.00    -3.8666
  38610.00    -3.8160
  38620.00    -4.1008
  38630.00    -4.2906
  38640.00    -3.9775
  38650.00    -3.3929
  38660.00    -3.5124
  38670.00    -3.5783
  38680.00    -3.8502
  38690.00    -3.9343
  38700.00    -3.9574
  38710.00    -4.5770
  38720.00    -4.7324
  38730.00    -4.1356
  38740.00    -3.9711
  38750.00    -3.9879
  38760.00    -3.7903
  38770.00    -4.0941
  38780.00    -3.1852
  38790.00    -4.0674
  38800.00    -3.7232
  38810.00    -3.6914
  38820.00    -4.0047
  38830.00    -4.0275
  38840.00    -4.1204
  38850.00    -3.8973
  38860.00    -3.9012
  38870.00    -4.1305
  38880.00    -4.2215
  38890.00    -4.0514
  38900.00    -4.1313
  38910.00    -3.8546
  38920.00    -3.8398
  38930.00    -3.7352
  38940.00    -3.2104
  38950.00    -3.9774
  38960.00    -3.9811
  38970.00    -3.9967
  38980.00    -3.9209
  38990.00    -4.1904
  39000.00    -4.1271
  39010.00    -4.0802
  39020.00    -3.6579
  39030.00    -4.3073
  39040.00    -3.7743
  39050.00    -3.9024
  39060.00    -4.1898
  39070.00    -3.8718
  39080.00    -4.2264
  39090.00    -3.6082
  39100.00    -4.3558
  39110.00    -4.0307
  39120.00    -3.4594
  39130.00    -4.1574
  39140.00    -3.8890
  39150.00    -4.1077
  39160.00    -3.7493
  39170.00    -3.4852
  39180.00    -3.9864
  39190.00    -3.7560
  39200.00    -4.0952
  39210.00    -3.9337
  39220.00    -3.9458
  39230.00    -4.1218
  39240.00    -4.2996
  39250.00    -3.5100
  39260.00    -4.1439
  39270.00    -4.1732
  39280.00    -3.6552
  39290.00    -3.7379
  39300.00    -4.3548
  39310.00    -4.0216
  39320.00    -3.4316
  39330.00    -3.5363
  39340.00    -4.1819
  39350.00    -3.3557
  39360.00    -3.9896
  39370.00    -3.9297
  39380.00    -3.8761
  39390.00    -3.3496
  39400.00    -4.2590
  39410.00    -3.3052
  39420.00    -3.8413
  39430.00    -4.1556
  39440.00    -3.9022
  39450.00    -3.4709
  39460.00    -3.7723
  39470.00    -3.9265
  39480.00    -3.8475
  39490.00    -4.1279
  39500.00    -3.8773
  39510.00    -3.9604
  39520.00    -3.5585
  39530.00    -3.8743
  39540.00    -4.3337
  39550.00    -3.9129
  39560.00    -4.1550
  39570.00    -4.2024
  39580.00    -4.5203
  39590.00    -3.7893
  39600.00    -4.0693
  39610.00    -4.0525
  39620.00    -4.2185
  39630.00    -3.2747
  39640.00    -3.6459
  39650.00    -4.0269
  39660.00    -4.5385
  39670.00    -4.1527
  39680.00    -4.6627
  39690.00    -3.7887
  39700.00    -3.8726
  39710.00    -3.8692
  39720.00    -4.4091
  39730.00    -3.9116
  39740.00    -3.7875
  39750.00    -4.1318
  39760.00    -3.8485
  39770.00    -4.0411
  39780.00    -4.0372
  39790.00    -3.9574
  39800.00    -3.7373
  39810.00    -3.2571
  39820.00    -3.4621
  39830.00    -3.7253
  39840.00    -3.8862
  39850.00    -4.2150
  39860.00    -4.1203
  39870.00    -3.8858
  39880.00    -3.5125
  39890.00    -4.0220
  39900.00    -3.9083
  39910.00    -3.6689
  39920.00    -3.6330
  39930.00    -3.2542
  39940.00    -3.9229
  39950.00    -4.1152
  39960.00    -4.0012
  39970.00    -3.7497
  39980.00    -4.0041
  39990.00    -4.2502
  40000.00    -3.4176
  40010.00    -3.5908
  40020.00    -4.0374
  40030.00    -3.9631
  40040.00    -4.2603
  40050.00    -4.2931
  40060.00    -4.5937
  40070.00    -4.4866
  40080.00    -4.2915
  40090.00    -3.7823
  40100.00    -4.2564
  40110.00    -3.6566
  40120.00    -3.4243
  40130.00    -3.6656
  40140.00    -4.2720
  40150.00    -3.9608
  40160.00    -3.8031
  40170.00    -4.3409
  40180.00    -4.4487
  40190.00    -3.5827
  40200.00    -3.6515
  40210.00    -4.1449
  40220.00    -3.7387
  40230.00    -3.8423
  40240.00    -4.0377
  40250.00    -3.9320
  40260.00    -3.7019
  40270.00    -3.7222
  40280.00    -4.1272
  40290.00    -4.4549
  40300.00    -3.8299
  40310.00    -3.8360
  40320.00    -4.2145
  40330.00    -3.7149
  40340.00    -4.0466
  40350.00    -3.7570
  40360.00    -3.8180
  40370.00    -4.0564
  40380.00    -3.8742
  40390.00    -4.1846
  40400.00    -3.7440
  40410.00    -3.7631
  40420.00    -4.3925
  40430.00    -4.0469
  40440.00    -3.9043
  40450.00    -4.4094
  40460.00    -4.2604
  40470.00    -4.1116
  40480.00    -3.6872
  40490.00    -4.4147
  40500.00    -3.5063
  40510.00    -4.1386
  40520.00    -3.8708
  40530.00    -4.0769
  40540.00    -3.7395
  40550.00    -4.0224
  40560.00    -3.6888
  40570.00    -4.0283
  40580.00    -3.5976
  40590.00    -4.1515
  40600.00    -4.0060
  40610.00    -4.2145
  40620.00    -3.9628
  40630.00    -3.9165
  40640.00    -3.8118
  40650.00    -3.7376
  40660.00    -4.3682
  40670.00    -4.4751
  40680.00    -4.2811
  40690.00    -4.1762
  40700.00    -3.2507
  40710.00    -3.6258
  40720.00    -4.3679
  40730.00    -3.8098
  40740.00    -4.3103
  40750.00    -3.6873
  40760.00    -4.1124
  40770.00    -4.1584
  40780.00    -4.0645
  40790.00    -3.7770
  40800.00    -4.1572
  40810.00    -4.5245
  40820.00    -3.9891
  40830.00    -4.2626
  40840.00    -3.9206
  40850.00    -3.5728
  40860.00    -4.1735
  40870.00    -4.1323
  40880.00    -4.0844
  40890.00    -4.1510
  40900.00    -3.7020
  40910.00    -3.7948
  40920.00    -3.9858
  40930.00    -3.4985
  40940.00    -4.3983
  40950.00    -4.2299
  40960.00    -4.1426
  40970.00    -4.1415
  40980.00    -3.9141
  40990.00    -3.8851
  41000.00    -3.8474
  41010.00    -3.9385
  41020.00    -3.8271
  41030.00    -4.1297
  41040.00    -4.1993
  41050.00    -4.0847
  41060.00    -4.4804
  41070.00    -3.7680
  41080.00    -4.2689
  41090.00    -3.9638
  41100.00    -4.0775
  41110.00    -3.5836
  41120.00    -4.0754
  41130.00    -3.7723
  41140.00    -3.7401
  41150.00    -4.1526
  41160.00    -4.0574
  41170.00    -4.0701
  41180.00    -4.2558
  41190.00    -4.1544
  41200.00    -3.8571
  41210.00    -3.5281
  41220.00    -3.9642
  41230.00    -3.2942
  41240.00    -3.7704
  41250.00    -3.9979
  41260.00    -3.9831
  41270.00    -3.9284
  41280.00    -4.2133
  41290.00    -4.5070
  41300.00    -3.4929
  41310.00    -3.6268
  41320.00    -4.2196
  41330.00    -4.2102
  41340.00    -3.6447
  41350.00    -4.3860
  41360.00    -3.5244
  41370.00    -4.2864
  41380.00    -3.9902
  41390.00    -4.4677
  41400.00    -3.6468
  41410.00    -3.8751
  41420.00    -3.9343
  41430.00    -3.8498
  41440.00    -3.7119
  41450.00    -3.7741
  41460.00    -3.8501
  41470.00    -4.1435
  41480.00    -4.2799
  41490.00    -4.0045
  41500.00    -4.5367
  41510.00    -4.2473
  41520.00    -3.5227
  41530.00    -4.2050
  41540.00    -3.9808
  41550.00    -4.0561
  41560.00    -3.8223
  41570.00    -4.1495
  41580.00    -3.7198
  41590.00    -4.0223
  41600.00    -3.9798
  41610.00    -3.9116
  41620.00    -3.4778
  41630.00    -4.1468
  41640.00    -4.1060
  41650.00    -3.9768
  41660.00    -4.5526
  41670.00    -4.0348
  41680.00    -3.9550
  41690.00    -3.9068
  41700.00    -3.3078
  41710.00    -3.8536
  41720.00    -3.9239
  41730.00    -4.4090
  41740.00    -3.3602
  41750.00    -4.0173
  41760.00    -4.2273
  41770.00    -4.3001
  41780.00    -4.3538
  41790.00    -3.7788
  41800.00    -4.3306
  41810.00    -3.9045
  41820.00    -3.8171
  41830.00    -4.1423
  41840.00    -4.2016
  41850.00    -4.2962
  41860.00    -4.0559
  41870.00    -3.9409
  41880.00    -4.0253
  41890.00    -3.4543
  41900.00    -4.2197
  41910.00    -4.1232
  41920.00    -4.3486
  41930.00    -3.9345
  41940.00    -3.9789
  41950.00    -4.3138
  41960.00    -3.8958
  41970.00    -3.9175
  41980.00    -3.7840
  41990.00    -4.5920
  42000.00    -4.4933
  42010.00    -4.5094
  42020.00    -3.9074
  42030.00    -4.2364
  42040.00    -3.7103
  42050.00    -3.8771
  42060.00    -3.7062
  42070.00    -4.2011
  42080.00    -4.0043
  42090.00    -3.9806
  42100.00    -4.0512
  42110.00    -3.9863
  42120.00    -3.4324
  42130.00    -3.9626
  42140.00    -4.2158
  42150.00    -3.8608
  42160.00    -3.6802
  42170.00    -4.1988
  42180.00    -3.9355
  42190.00    -3.9445
  42200.00    -4.1697
  42210.00    -3.7981
  42220.00    -4.1464
  42230.00    -4.4497
  42240.00    -3.5098
  42250.00    -4.2254
  42260.00    -4.3762
  42270.00    -4.4032
  42280.00    -4.1176
  42290.00    -3.9761
  42300.00    -3.9096
  42310.00    -4.2206
  42320.00    -4.2598
  42330.00    -4.5196
  42340.00    -4.1388
  42350.00    -4.1537
  42360.00    -3.8985
  42370.00    -4.6921
  42380.00    -4.0212
  42390.00    -3.6308
  42400.00    -3.8364
  42410.00    -4.1311
  42420.00    -4.1617
  42430.00    -3.9116
  42440.00    -3.7661
  42450.00    -4.1336
  42460.00    -4.7038
  42470.00    -3.7567
  42480.00    -3.8695
  42490.00    -4.5487
  42500.00    -3.8398
  42510.00    -4.3933
  42520.00    -4.3623
  42530.00    -4.3354
  42540.00    -3.9594
  42550.00    -3.5053
  42560.00    -4.1987
  42570.00    -3.9949
  42580.00    -4.4685
  42590.00    -4.1226
  42600.00    -3.5081
  42610.00    -4.0464
  42620.00    -4.0899
  42630.00    -3.6566
  42640.00    -3.7526
  42650.00    -4.6167
  42660.00    -3.9827
  42670.00    -4.4106
  42680.00    -4.4620
  42690.00    -3.5912
  42700.00    -4.8316
  42710.00    -4.0545
  42720.00    -3.7337
  42730.00    -3.7269
  42740.00    -3.8445
  42750.00    -4.0084
  42760.00    -4.3808
  42770.00    -4.6267
  42780.00    -4.0691
  42790.00    -3.4591
  42800.00    -3.3678
  42810.00    -4.4251
  42820.00    -3.8296
  42830.00    -3.8449
  42840.00    -4.2388
  42850.00    -3.6948
  42860.00    -4.0980
  42870.00    -3.9801
  42880.00    -3.4166
  42890.00    -3.4925
  42900.00    -3.8757
  42910.00    -4.0536
  42920.00    -4.4983
  42930.00    -3.8928
  42940.00    -4.5261
  42950.00    -4.2115
  42960.00    -4.1514
  42970.00    -4.1710
  42980.00    -3.8367
  42990.00    -4.2142
  43000.00    -4.0590
  43010.00    -4.2861
  43020.00    -3.4530
  43030.00    -4.1651
  43040.00    -4.5255
  43050.00    -3.8950
  43060.00    -3.5147
  43070.00    -4.7840
  43080.00    -4.0859
  43090.00    -4.0920
  43100.00    -4.1410
  43110.00    -3.9051
  43120.00    -3.8226
  43130.00    -3.7212
  43140.00    -3.5667
  43150.00    -3.9540
  43160.00    -4.1795
  43170.00    -3.7324
  43180.00    -3.5668
  43190.00    -3.4004
  43200.00    -3.9470
  43210.00    -3.8884
  43220.00    -3.8267
  43230.00    -3.4026
  43240.00    -3.4965
  43250.00    -4.4645
  43260.00    -4.2605
  43270.00    -4.0024
  43280.00    -4.1401
  43290.00    -3.7245
  43300.00    -4.2780
  43310.00    -3.8631
  43320.00    -3.9615
  43330.00    -3.7002
  43340.00    -3.8707
  43350.00    -3.9826
  43360.00    -4.1724
  43370.00    -3.8912
  43380.00    -4.0932
  43390.00    -4.4080
  43400.00    -3.4973
  43410.00    -3.9970
  43420.00    -3.9951
  43430.00    -3.5669
  43440.00    -3.9176
  43450.00    -3.9479
  43460.00    -3.7102
  43470.00    -4.2306
  43480.00    -3.7270
  43490.00    -3.8041
  43500.00    -3.8746
  43510.00    -3.3446
  43520.00    -3.9076
  43530.00    -3.8155
  43540.00    -3.6134
  43550.00    -3.8123
  43560.00    -4.1794
  43570.00    -4.0126
  43580.00    -3.5780
  43590.00    -3.7539
  43600.00    -4.2466
  43610.00    -3.9153
  43620.00    -4.1897
  43630.00    -3.8666
  43640.00    -4.0922
  43650.00    -3.7055
  43660.00    -3.5497
  43670.00    -4.0505
  43680.00    -4.1171
  43690.00    -3.8272
  43700.00    -3.7468
  43710.00    -4.3251
  43720.00    -3.9827
  43730.00    -4.1754
  43740.00    -4.3604
  43750.00    -3.8707
  43760.00    -3.7156
  43770.00    -4.0407
  43780.00    -4.0783
  43790.00    -4.0328
  43800.00    -4.1290
  43810.00    -3.9449
  43820.00    -3.8988
  43830.00    -4.4290
  43840.00    -3.8390
  43850.00    -4.3957
  43860.00    -3.8446
  43870.00    -4.3999
  43880.00    -4.2103
  43890.00    -4.3053
  43900.00    -4.1713
  43910.00    -3.5324
  43920.00    -4.5718
  43930.00    -3.8514
  43940.00    -4.1153
  43950.00    -4.3951
  43960.00    -4.2719
  43970.00    -3.9709
  43980.00    -4.7018
  43990.00    -4.5467
  44000.00    -4.1853
  44010.00    -3.6370
  44020.00    -4.3328
  44030.00    -3.4935
  44040.00    -4.2232
  44050.00    -4.1249
  44060.00    -4.5985
  44070.00    -3.8166
  44080.00    -3.8418
  44090.00    -4.0538
  44100.00    -4.2736
  44110.00    -4.3541
  44120.00    -4.3560
  44130.00    -3.9094
  44140.00    -3.9342
  44150.00    -4.0756
  44160.00    -4.3147
  44170.00    -4.0643
  44180.00    -4.1564
  44190.00    -3.8570
  44200.00    -4.1508
  44210.00    -4.4257
  44220.00    -4.0996
  44230.00    -3.8014
  44240.00    -4.0433
  44250.00    -4.4811
  44260.00    -3.7341
  44270.00    -3.8369
  44280.00    -3.8759
  44290.00    -4.3516
  44300.00    -3.9151
  44310.00    -3.6152
  44320.00    -3.8692
  44330.00    -4.1322
  44340.00    -4.5244
  44350.00    -3.8867
  44360.00    -4.5278
  44370.00    -4.1157
  44380.00    -4.0100
  44390.00    -3.6925
  44400.00    -4.6085
  44410.00    -3.8533
  44420.00    -3.7144
  44430.00    -3.8323
  44440.00    -3.1947
  44450.00    -3.4933
  44460.00    -4.0773
  44470.00    -3.4860
  44480.00    -3.9437
  44490.00    -4.0581
  44500.00    -4.6179
  44510.00    -4.1197
  44520.00    -4.5428
  44530.00    -4.1067
  44540.00    -3.9379
  44550.00    -3.9535
  44560.00    -3.4292
  44570.00    -3.7209
  44580.00    -4.0008
  44590.00    -3.7925
  44600.00    -4.2112
  44610.00    -3.5666
  44620.00    -3.7507
  44630.00    -4.1610
  44640.00    -3.5294
  44650.00    -4.2269
  44660.00    -3.8024
  44670.00    -3.9477
  44680.00    -4.1240
  44690.00    -3.7339
  44700.00    -3.8002
  44710.00    -3.9591
  44720.00    -3.7694
  44730.00    -3.7984
  44740.00    -3.8058
  44750.00    -3.6763
  44760.00    -4.0712
  44770.00    -4.2908
  44780.00    -3.8507
  44790.00    -4.6875
  44800.00    -4.2308
  44810.00    -4.3000
  44820.00    -4.2770
  44830.00    -3.8169
  44840.00    -3.7095
  44850.00    -3.8158
  44860.00    -3.9833
  44870.00    -4.1887
  44880.00    -3.7293
  44890.00    -3.9407
  44900.00    -4.0246
  44910.00    -4.0647
  44920.00    -3.9448
  44930.00    -4.2306
  44940.00    -4.2354
  44950.00    -4.2195
  44960.00    -3.5131
  44970.00    -4.4288
  44980.00    -4.0987
  44990.00    -4.0370
  45000.00    -4.3518
  45010.00    -4.1176
  45020.00    -3.7872
  45030.00    -4.5043
  45040.00    -3.7308
  45050.00    -4.2996
  45060.00    -4.3192
  45070.00    -4.1423
  45080.00    -4.0851
  45090.00    -4.3238
  45100.00    -4.7371
  45110.00    -4.0311
  45120.00    -4.0720
  45130.00    -4.0556
  45140.00    -4.1294
  45150.00    -4.2679
  45160.00    -4.1834
  45170.00    -4.1391
  45180.00    -4.0940
  45190.00    -3.8736
  45200.00    -4.3423
  45210.00    -4.0423
  45220.00    -4.0380
  45230.00    -4.4609
  45240.00    -3.6831
  45250.00    -3.6830
  45260.00    -3.9377
  45270.00    -3.9565
  45280.00    -3.6838
  45290.00    -3.7524
  45300.00    -3.5253
  45310.00    -4.6926
  45320.00    -3.8112
  45330.00    -4.2147
  45340.00    -3.8133
  45350.00    -4.3561
  45360.00    -3.7284
  45370.00    -4.1965
  45380.00    -3.8991
  45390.00    -3.7074
  45400.00    -3.9134
  45410.00    -4.0500
  45420.00    -3.5915
  45430.00    -3.3976
  45440.00    -3.6461
  45450.00    -3.9004
  45460.00    -3.4523
  45470.00    -3.8330
  45480.00    -4.3481
  45490.00    -3.8571
  45500.00    -4.0136
  45510.00    -3.6788
  45520.00    -4.1070
  45530.00    -4.1026
  45540.00    -3.3390
  45550.00    -3.9101
  45560.00    -3.5359
  45570.00    -3.5267
  45580.00    -3.7345
  45590.00    -3.5919
  45600.00    -4.0199
  45610.00    -3.7517
  45620.00    -3.6575
  45630.00    -3.9686
  45640.00    -4.1572
  45650.00    -4.8218
  45660.00    -4.0332
  45670.00    -3.6169
  45680.00    -4.3611
  45690.00    -3.9418
  45700.00    -4.2311
  45710.00    -4.1867
  45720.00    -4.2735
  45730.00    -3.5224
  45740.00    -4.0621
  45750.00    -3.6295
  45760.00    -3.8266
  45770.00    -3.6512
  45780.00    -4.0430
  45790.00    -4.0803
  45800.00    -4.0229
  45810.00    -3.7060
  45820.00    -4.1907
  45830.00    -4.2114
  45840.00    -4.2009
  45850.00    -4.1755
  45860.00    -3.7750
  45870.00    -3.8193
  45880.00    -4.4144
  45890.00    -3.5984
  45900.00    -4.2497
  45910.00    -4.2085
  45920.00    -3.8755
  45930.00    -4.1282
  45940.00    -3.9732
  45950.00    -3.9117
  45960.00    -4.3731
  45970.00    -3.6277
  45980.00    -3.5699
  45990.00    -3.5719
  46000.00    -3.9832
  46010.00    -3.8303
  46020.00    -3.8465
  46030.00    -3.8463
  46040.00    -4.0718
  46050.00    -3.9887
  46060.00    -3.8038
  46070.00    -3.9963
  46080.00    -4.3420
  46090.00    -3.8561
  46100.00    -3.5933
  46110.00    -3.6100
  46120.00    -3.9434
  46130.00    -4.1136
  46140.00    -3.6557
  46150.00    -4.1350
  46160.00    -4.1469
  46170.00    -4.1195
  46180.00    -4.1913
  46190.00    -3.9526
  46200.00    -3.8538
  46210.00    -4.2004
  46220.00    -3.8472
  46230.00    -4.5160
  46240.00    -3.8041
  46250.00    -4.1380
  46260.00    -4.5928
  46270.00    -4.3907
  46280.00    -4.4869
  46290.00    -3.7400
  46300.00    -3.6552
  46310.00    -4.6747
  46320.00    -4.0045
  46330.00    -3.9529
  46340.00    -3.9653
  46350.00    -4.2458
  46360.00    -4.1710
  46370.00    -3.7147
  46380.00    -4.3493
  46390.00    -4.1874
  46400.00    -3.4529
  46410.00    -4.2303
  46420.00    -3.2276
  46430.00    -3.8012
  46440.00    -3.8317
  46450.00    -3.9433
  46460.00    -4.0883
  46470.00    -3.7799
  46480.00    -3.8503
  46490.00    -3.7189
  46500.00    -3.8013
  46510.00    -4.0979
  46520.00    -3.8541
  46530.00    -3.5857
  46540.00    -4.1481
  46550.00    -3.8236
  46560.00    -4.0236
  46570.00    -3.8999
  46580.00    -3.7709
  46590.00    -3.4952
  46600.00    -3.6792
  46610.00    -3.9845
  46620.00    -3.8986
  46630.00    -4.2559
  46640.00    -3.8415
  46650.00    -3.5013
  46660.00    -3.7346
  46670.00    -3.7912
  46680.00    -3.5581
  46690.00    -4.0116
  46700.00    -3.9191
  46710.00    -3.8734
  46720.00    -3.9917
  46730.00    -3.6241
  46740.00    -3.8082
  46750.00    -3.7610
  46760.00    -4.0685
  46770.00    -3.9671
  46780.00    -4.0694
  46790.00    -3.8535
  46800.00    -3.9834
  46810.00    -4.4779
  46820.00    -3.9694
  46830.00    -4.3208
  46840.00    -4.4357
  46850.00    -3.7574
  46860.00    -3.6414
  46870.00    -4.0632
  46880.00    -4.0538
  46890.00    -3.9278
  46900.00    -3.8996
  46910.00    -3.9530
  46920.00    -3.5050
  46930.00    -4.1286
  46940.00    -4.1741
  46950.00    -3.4357
  46960.00    -3.3221
  46970.00    -3.7919
  46980.00    -4.1568
  46990.00    -4.2133
  47000.00    -4.5470
  47010.00    -3.9739
  47020.00    -3.9302
  47030.00    -4.1386
  47040.00    -3.8067
  47050.00    -4.4806
  47060.00    -3.9983
  47070.00    -3.8310
  47080.00    -3.9540
  47090.00    -4.1367
  47100.00    -4.0630
  47110.00    -3.6364
  47120.00    -3.7775
  47130.00    -3.6806
  47140.00    -4.0969
  47150.00    -3.9906
  47160.00    -4.0729
  47170.00    -3.8040
  47180.00    -4.0363
  47190.00    -4.1467
  47200.00    -3.8850
  47210.00    -4.0304
  47220.00    -3.6798
  47230.00    -4.0716
  47240.00    -4.1376
  47250.00    -3.9751
  47260.00    -3.8432
  47270.00    -4.2967
  47280.00    -3.5127
  47290.00    -4.2845
  47300.00    -4.2272
  47310.00    -4.1062
  47320.00    -3.6449
  47330.00    -3.8460
  47340.00    -3.8294
  47350.00    -3.8590
  47360.00    -3.7622
  47370.00    -3.8665
  47380.00    -3.7165
  47390.00    -4.0096
  47400.00    -3.8677
  47410.00    -4.2358
  47420.00    -3.9391
  47430.00    -3.7026
  47440.00    -4.3182
  47450.00    -4.1661
  47460.00    -3.9612
  47470.00    -3.8394
  47480.00    -3.6550
  47490.00    -3.5878
  47500.00    -3.8583
  47510.00    -4.0445
  47520.00    -3.8312
  47530.00    -4.1913
  47540.00    -4.1645
  47550.00    -4.2364
  47560.00    -3.9870
  47570.00    -4.3353
  47580.00    -3.7177
  47590.00    -4.5431
  47600.00    -3.8353
  47610.00    -4.2385
  47620.00    -3.4141
  47630.00    -3.8395
  47640.00    -3.8056
  47650.00    -3.9276
  47660.00    -4.2639
  47670.00    -3.6250
  47680.00    -4.2503
  47690.00    -3.9559
  47700.00    -3.8148
  47710.00    -3.4623
  47720.00    -3.7710
  47730.00    -3.7815
  47740.00    -4.3964
  47750.00    -4.7371
  47760.00    -4.3533
  47770.00    -3.9396
  47780.00    -4.3001
  47790.00    -3.7957
  47800.00    -3.8657
  47810.00    -3.8081
  47820.00    -4.1003
  47830.00    -4.1105
  47840.00    -3.9708
  47850.00    -4.3443
  47860.00    -4.0697
  47870.00    -4.6418
  47880.00    -4.2982
  47890.00    -3.5714
  47900.00    -3.8616
  47910.00    -4.4911
  47920.00    -3.8386
  47930.00    -3.8273
  47940.00    -4.5631
  47950.00    -3.8731
  47960.00    -4.5789
  47970.00    -3.8777
  47980.00    -4.0363
  47990.00    -4.2001
  48000.00    -3.8097
  48010.00    -3.8209
  48020.00    -3.4575
  48030.00    -3.7674
  48040.00    -3.4873
  48050.00    -3.7082
  48060.00    -4.2560
  48070.00    -3.7578
  48080.00    -3.8740
  48090.00    -3.7894
  48100.00    -3.8673
  48110.00    -3.3849
  48120.00    -4.1708
  48130.00    -3.7898
  48140.00    -4.3357
  48150.00    -4.0601
  48160.00    -4.2787
  48170.00    -4.1399
  48180.00    -4.0787
  48190.00    -4.1630
  48200.00    -3.8126
  48210.00    -3.8635
  48220.00    -3.7487
  48230.00    -3.8338
  48240.00    -3.8523
  48250.00    -4.0539
  48260.00    -4.2368
  48270.00    -4.0080
  48280.00    -3.8863
  48290.00    -3.5311
  48300.00    -4.1646
  48310.00    -3.6218
  48320.00    -3.9309
  48330.00    -4.1703
  48340.00    -3.8439
  48350.00    -4.2015
  48360.00    -4.3749
  48370.00    -3.7182
  48380.00    -3.4967
  48390.00    -3.8093
  48400.00    -3.5282
  48410.00    -4.0788
  48420.00    -3.8997
  48430.00    -3.7253
  48440.00    -3.7057
  48450.00    -3.8771
  48460.00    -4.0160
  48470.00    -3.7713
  48480.00    -3.9969
  48490.00    -4.2480
  48500.00    -3.9755
  48510.00    -4.0785
  48520.00    -4.2185
  48530.00    -4.1701
  48540.00    -4.0599
  48550.00    -3.8476
  48560.00    -4.4891
  48570.00    -4.1239
  48580.00    -4.1046
  48590.00    -3.6898
  48600.00    -3.8729
  48610.00    -3.6115
  48620.00    -4.2863
  48630.00    -4.1542
  48640.00    -4.1288
  48650.00    -3.7514
  48660.00    -3.7883
  48670.00    -4.1127
  48680.00    -3.8998
  48690.00    -4.0496
  48700.00    -3.6093
  48710.00    -4.0022
  48720.00    -3.6718
  48730.00    -3.8503
  48740.00    -4.4889
  48750.00    -3.8165
  48760.00    -4.0714
  48770.00    -4.4333
  48780.00    -4.5163
  48790.00    -3.8574
  48800.00    -4.1385
  48810.00    -3.8672
  48820.00    -4.1493
  48830.00    -4.0849
  48840.00    -3.8451
  48850.00    -4.1077
  48860.00    -4.2219
  48870.00    -3.9526
  48880.00    -3.8533
  48890.00    -4.2274
  48900.00    -4.4039
  48910.00    -4.4689
  48920.00    -4.1177
  48930.00    -4.2026
  48940.00    -3.5553
  48950.00    -3.6564
  48960.00    -4.0358
  48970.00    -4.0018
  48980.00    -4.3759
  48990.00    -3.9719
  49000.00    -4.0502
  49010.00    -3.8786
  49020.00    -3.9894
  49030.00    -3.8587
  49040.00    -3.8591
  49050.00    -4.1305
  49060.00    -4.0000
  49070.00    -4.0375
  49080.00    -4.1737
  49090.00    -3.5022
  49100.00    -4.2860
  49110.00    -4.1932
  49120.00    -3.8215
  49130.00    -3.9029
  49140.00    -4.3504
  49150.00    -3.8004
  49160.00    -4.0531
  49170.00    -4.1841
  49180.00    -3.7817
  49190.00    -4.4018
  49200.00    -3.9264
  49210.00    -4.3844
  49220.00    -3.6665
  49230.00    -4.5257
  49240.00    -3.9308
  49250.00    -4.1003
  49260.00    -4.0071
  49270.00    -4.2398
  49280.00    -4.0104
  49290.00    -3.6859
  49300.00    -3.7287
  49310.00    -3.5207
  49320.00    -3.4304
  49330.00    -3.8037
  49340.00    -3.7485
  49350.00    -3.5115
  49360.00    -3.6795
  49370.00    -3.9902
  49380.00    -4.0755
  49390.00    -3.9146
  49400.00    -4.1398
  49410.00    -3.9197
  49420.00    -4.2151
  49430.00    -4.2795
  49440.00    -3.7251
  49450.00    -4.1039
  49460.00    -4.2362
  49470.00    -3.9446
  49480.00    -3.9696
  49490.00    -3.8883
  49500.00    -4.3015
  49510.00    -3.4170
  49520.00    -3.3917
  49530.00    -3.7275
  49540.00    -4.3340
  49550.00    -3.5393
  49560.00    -4.3775
  49570.00    -4.0600
  49580.00    -3.8694
  49590.00    -3.7348
  49600.00    -4.3176
  49610.00    -4.6424
  49620.00    -4.0498
  49630.00    -3.6593
  49640.00    -3.8522
  49650.00    -3.8994
  49660.00    -3.7291
  49670.00    -4.1218
  49680.00    -3.8692
  49690.00    -4.2052
  49700.00    -4.1283
  49710.00    -3.8916
  49720.00    -4.2616
  49730.00    -3.6521
  49740.00    -3.6641
  49750.00    -4.0934
  49760.00    -4.0824
  49770.00    -3.9494
  49780.00    -3.9872
  49790.00    -4.6107
  49800.00    -4.1627
  49810.00    -3.9747
  49820.00    -3.9216
  49830.00    -3.8466
  49840.00    -3.3495
  49850.00    -3.6480
  49860.00    -3.9258
  49870.00    -4.2198
  49880.00    -4.3159
  49890.00    -3.7519
  49900.00    -4.0778
  49910.00    -3.8805
  49920.00    -3.8508
  49930.00    -4.4727
  49940.00    -4.4361
  49950.00    -3.3428
  49960.00    -4.1477
  49970.00    -3.9774
  49980.00    -4.0001
  49990.00    -4.0382
  50000.00    -3.7772
