1
                 Chemistry at HARvard Macromolecular Mechanics
           (CHARMM) - Developmental Version 47a2   February 15, 2021            
                                Revision unknown                                
       Copyright(c) 1984-2020  President and Fellows of Harvard College
                              All Rights Reserved
      Current operating system: Linux-3.10.0-1160.45.1.el7.x86_64(x86_64)       
                 Created on 10/25/22 at 16:29:54 by user: apache      

            Maximum number of ATOMS:    360720, and RESidues:      120240
 RDTITL> * GENERATED BY CHARMM-GUI (HTTP://WWW.CHARMM-GUI.ORG) V3.7 ON OCT, 25. 2022. JOBID=6672914435
 RDTITL> * GENERATES LIPID PACKING USING BIG SPHERES
 RDTITL> *
  
 CHARMM>     
  
 CHARMM>    DIMENS CHSIZE 5000000 MAXRES 3000000
Size      Original         New
MAXA        360720     5000000
MAXB        360720     5000000
MAXT        721440    10000000
MAXP       1082160    15000000
MAXIMP      180360     2500000
MAXNB        90180     1250000
MAXPAD      360720     5000000
MAXRES      120240     3000000
MAXSEG       45090      625000
MAXATC        1400
MAXCB         3000
MAXCT        50000
MAXCP        50000
MAXCI         1200
MAXCH         6400
MAXCN       502503
MAXCRT      120240     1666666
  
 CHARMM>     
  
 CHARMM>    ! Read topology and parameter files
 CHARMM>    stream toppar.str
 VOPEN> Attempting to open::toppar.str::
 OPNLGU> Unit 99 opened for READONLY access to toppar.str

                    INPUT STREAM SWITCHING TO UNIT    99
 RDTITL> * GENERATED BY CHARMM-GUI (HTTP://WWW.CHARMM-GUI.ORG) V3.7 ON OCT, 25. 2022. JOBID=6672914435
 RDTITL> * STREAM FILE FOR TOPOLOGY AND PARAMETER READING
 RDTITL> *
 Parameter: IN1 <- "" <empty>
  
 CHARMM>     
  
 CHARMM>    ! protein topology and parameter
 CHARMM>    open read card unit 10 name toppar/top_all36_prot.rtf
 VOPEN> Attempting to open::toppar/top_all36_prot.rtf::
 OPNLGU> Unit 10 opened for READONLY access to toppar/top_all36_prot.rtf
  
 CHARMM>    read  rtf card unit 10
 MAINIO> Residue topology file being read from unit  10.
 TITLE> *>>>>>>>>CHARMM36 ALL-HYDROGEN TOPOLOGY FILE FOR PROTEINS <<<<<<
 TITLE> *>>>>> INCLUDES PHI, PSI CROSS TERM MAP (CMAP) CORRECTION <<<<<<<
 TITLE> *>>>>>>>>>>>>>>>>>>>>>>>>>> MAY 2011 <<<<<<<<<<<<<<<<<<<<<<<<<<<<
 TITLE> * ALL COMMENTS TO THE CHARMM WEB SITE: WWW.CHARMM.ORG
 TITLE> *             PARAMETER SET DISCUSSION FORUM
 TITLE> *
  
 CHARMM>     
  
 CHARMM>    open read card unit 20 name toppar/par_all36m_prot.prm
 VOPEN> Attempting to open::toppar/par_all36m_prot.prm::
 OPNLGU> Unit 20 opened for READONLY access to toppar/par_all36m_prot.prm
  
 CHARMM>    read para card unit 20 flex

          PARAMETER FILE BEING READ FROM UNIT 20
 TITLE> *>>>> CHARMM36 ALL-HYDROGEN PARAMETER FILE FOR PROTEINS <<<<<<<<<<
 TITLE> *>>>>> INCLUDES PHI, PSI CROSS TERM MAP (CMAP) CORRECTION <<<<<<<<
 TITLE> *>>>>>>>>>>>>>>>>>>>>>>>>>> JAN. 2016 <<<<<<<<<<<<<<<<<<<<<<<<<<<<
 TITLE> * ALL COMMENTS TO THE CHARMM WEB SITE: WWW.CHARMM.ORG
 TITLE> *             PARAMETER SET DISCUSSION FORUM
 TITLE> *
 PARMIO> NONBOND, HBOND lists and IMAGE atoms cleared.
  
 CHARMM>     
  
 CHARMM>    ! nucleic acids
 CHARMM>    open read card unit 10 name toppar/top_all36_na.rtf
 OPNLGU> Unit already open. The old file will be closed first.
 VCLOSE: Closing unit   10 with status "KEEP"
 VOPEN> Attempting to open::toppar/top_all36_na.rtf::
 OPNLGU> Unit 10 opened for READONLY access to toppar/top_all36_na.rtf
  
 CHARMM>    read  rtf card unit 10 append
 MAINIO> Residue topology file being read from unit  10.
 TITLE> *  \\\\ CHARMM36 ALL-HYDROGEN NUCLEIC ACID TOPOLOGY FILE ////
 TITLE> *   ALEXANDER D. MACKERELL JR. AND COWORKERS
 TITLE> *                      APRIL 2011
 TITLE> * ALL COMMENTS TO THE CHARMM WEB SITE: WWW.CHARMM.ORG
 TITLE> *           PARAMETER SET DISCUSSION FORUM
 TITLE> *
  
 CHARMM>     
  
 CHARMM>    open read card unit 20 name toppar/par_all36_na.prm
 OPNLGU> Unit already open. The old file will be closed first.
 VCLOSE: Closing unit   20 with status "KEEP"
 VOPEN> Attempting to open::toppar/par_all36_na.prm::
 OPNLGU> Unit 20 opened for READONLY access to toppar/par_all36_na.prm
  
 CHARMM>    read para card unit 20 append flex

          PARAMETER FILE BEING READ FROM UNIT 20
 TITLE> * \\\\ CHARMM36 ALL-HYDROGEN NUCLEIC ACID PARAMETER FILE ////
 TITLE> *         ALEXANDER D. MACKERELL JR. AND COWORKERS
 TITLE> *                        APRIL 2011
 TITLE> * ALL COMMENTS TO THE CHARMM WEB SITE: WWW.CHARMM.ORG PARAMETER
 TITLE> *                     SET DISCUSSION FORUM
 TITLE> *
 PARMIO> NONBOND, HBOND lists and IMAGE atoms cleared.
  
 CHARMM>     
  
 CHARMM>    ! carbohydrates
 CHARMM>    open read card unit 10 name toppar/top_all36_carb.rtf
 OPNLGU> Unit already open. The old file will be closed first.
 VCLOSE: Closing unit   10 with status "KEEP"
 VOPEN> Attempting to open::toppar/top_all36_carb.rtf::
 OPNLGU> Unit 10 opened for READONLY access to toppar/top_all36_carb.rtf
  
 CHARMM>    read  rtf card unit 10 append
 MAINIO> Residue topology file being read from unit  10.
 TITLE> * $ID: TOP_ALLXX_SUGAR.INP,V 1.106 2014/08/19 19:07:43 ALEX EXP $
 TITLE> *>>>>>>>>>>>> ALL-HYDROGEN TOPOLOGIES USED IN THE <<<<<<<<<<<<<<<<
 TITLE> *>>>>> DEVELOPMENT OF THE CHARMM CARBOHYDRATE  FORCE FIELD<<<<<<<<
 TITLE> *>>>>>>>>>>>>>>>>>>>>>>>>> JUNE 2009 <<<<<<<<<<<<<<<<<<<<<<<<<<<<<
 TITLE> *>>>>>>>> DIRECT COMMENTS TO ALEXANDER D. MACKERELL JR. <<<<<<<<<<
 TITLE> *>>>>>>>>>> VIA THE CHARMM WEB SITE: WWW.CHARMM.ORG <<<<<<<<<<<<<<
 TITLE> *>>>>>>>>>>>>>>> PARAMETER SET DISCUSSION FORUM <<<<<<<<<<<<<<<<<<
 TITLE> *
  
 CHARMM>     
  
 CHARMM>    open read card unit 20 name toppar/par_all36_carb.prm
 OPNLGU> Unit already open. The old file will be closed first.
 VCLOSE: Closing unit   20 with status "KEEP"
 VOPEN> Attempting to open::toppar/par_all36_carb.prm::
 OPNLGU> Unit 20 opened for READONLY access to toppar/par_all36_carb.prm
  
 CHARMM>    read para card unit 20 append flex

          PARAMETER FILE BEING READ FROM UNIT 20
 TITLE> * $ID: PAR_ALLXX_SUGAR.INP,V 1.132 2014/08/19 19:03:21 ALEX EXP $
 TITLE> *>>>>>>>>>>>> ALL-HYDROGEN PARAMETERS USED IN THE <<<<<<<<<<<<<<<<
 TITLE> *>>>>> DEVELOPMENT OF THE CHARMM CARBOHYDRATE  FORCE FIELD<<<<<<<<
 TITLE> *>>>>>>>>>>>>>>>>>>>>>>>>> JUNE 2009 <<<<<<<<<<<<<<<<<<<<<<<<<<<<<
 TITLE> *>>>>>>>> DIRECT COMMENTS TO ALEXANDER D. MACKERELL JR. <<<<<<<<<<
 TITLE> *>>>>>>>>>> VIA THE CHARMM WEB SITE: WWW.CHARMM.ORG <<<<<<<<<<<<<<
 TITLE> *>>>>>>>>>>>>>>> PARAMETER SET DISCUSSION FORUM <<<<<<<<<<<<<<<<<<
 TITLE> *
 PARMIO> NONBOND, HBOND lists and IMAGE atoms cleared.
  
 CHARMM>     
  
 CHARMM>    ! lipids
 CHARMM>    open read card unit 10 name toppar/top_all36_lipid.rtf
 OPNLGU> Unit already open. The old file will be closed first.
 VCLOSE: Closing unit   10 with status "KEEP"
 VOPEN> Attempting to open::toppar/top_all36_lipid.rtf::
 OPNLGU> Unit 10 opened for READONLY access to toppar/top_all36_lipid.rtf
  
 CHARMM>    read  rtf card unit 10 append
 MAINIO> Residue topology file being read from unit  10.
 TITLE> *  \\\\\\\ CHARMM36 ALL-HYDROGEN LIPID TOPOLOGY FILE ///////
 TITLE> *  ALL COMMENTS AND QUESTIONS SHOULD BE SUBMITTED TO THE
 TITLE> *  PARAMETER FORUM AT THE CHARMM WEBSITE: WWW.CHARMM.ORG
 TITLE> *
  
 CHARMM>     
  
 CHARMM>    open read card unit 20 name toppar/par_all36_lipid.prm
 OPNLGU> Unit already open. The old file will be closed first.
 VCLOSE: Closing unit   20 with status "KEEP"
 VOPEN> Attempting to open::toppar/par_all36_lipid.prm::
 OPNLGU> Unit 20 opened for READONLY access to toppar/par_all36_lipid.prm
  
 CHARMM>    read para card unit 20 append flex

          PARAMETER FILE BEING READ FROM UNIT 20
 TITLE> *  \\\\\\\ CHARMM36 ALL-HYDROGEN LIPID PARAMETER FILE ///////
 TITLE> *  ALL COMMENTS AND QUESTIONS SHOULD BE SUBMITTED TO THE
 TITLE> *  PARAMETER FORUM AT THE CHARMM WEBSITE: WWW.CHARMM.ORG
 TITLE> *
 PARMIO> NONBOND, HBOND lists and IMAGE atoms cleared.
  
 CHARMM>     
  
 CHARMM>    ! CGENFF
 CHARMM>    open read card unit 10 name toppar/top_all36_cgenff.rtf
 OPNLGU> Unit already open. The old file will be closed first.
 VCLOSE: Closing unit   10 with status "KEEP"
 VOPEN> Attempting to open::toppar/top_all36_cgenff.rtf::
 OPNLGU> Unit 10 opened for READONLY access to toppar/top_all36_cgenff.rtf
  
 CHARMM>    read  rtf card unit 10 append
 MAINIO> Residue topology file being read from unit  10.
 TITLE> *  --------------------------------------------------------------------------  *
 TITLE> *          CGENFF: TOPOLOGY FOR THE CHARMM GENERAL FORCE FIELD V. 4.6          *
 TITLE> *                    FOR SMALL MOLECULE DRUG DESIGN                            *
 TITLE> *  --------------------------------------------------------------------------  *
 TITLE> *

 DRUDES PARTICLES WILL BE GENERATED AUTOMATICALLY FOR ALL ATOMS WITH NON-ZERO ALPHA
 Thole-type dipole screening, Slater-Delta shape {S(u) = 1 - (1+u/2)*exp(-u)}, default radius =  1.300000
  
 CHARMM>     
  
 CHARMM>    open read card unit 20 name toppar/par_all36_cgenff.prm
 OPNLGU> Unit already open. The old file will be closed first.
 VCLOSE: Closing unit   20 with status "KEEP"
 VOPEN> Attempting to open::toppar/par_all36_cgenff.prm::
 OPNLGU> Unit 20 opened for READONLY access to toppar/par_all36_cgenff.prm
  
 CHARMM>    read para card unit 20 append flex

          PARAMETER FILE BEING READ FROM UNIT 20
 TITLE> *  --------------------------------------------------------------------------  *
 TITLE> *         CGENFF: PARAMETERS FOR THE CHARMM GENERAL FORCE FIELD V. 4.6         *
 TITLE> *                    FOR SMALL MOLECULE DRUG DESIGN                            *
 TITLE> *  --------------------------------------------------------------------------  *
 TITLE> *  2017/8: IF PROTEIN, NUCLEIC ACID AND CARBOHYDRATE TOPOLOGY AND PARAMETER FILES
 TITLE> *  ARE NOT READ PRIOR TO THE CGENFF FILES "WARNING: ATOMS IN NBFIX ' errors will
 TITLE> *  BE ENCOUNTERED.  THESE CAN BE PASSED BY SETTING BOMLEV ( -2) PRIOR TO READING
 TITLE> *  THIS FILE. IN ADDITION, WHEN GENERATING AROMATIC HALOGENS (CL, BR, I) WITH
 TITLE> *  PRE C41B/C42A VERSIONS OF CHARMM "MISSING PARAMETER" ERRORS WILL BE
 TITLE> *  ENCOUNTERED THAT ALSO REQUIRE SETTING BOMLEV ( -2).
 TITLE> *
 PARMIO> NONBOND, HBOND lists and IMAGE atoms cleared.
  
 CHARMM>     
  
 CHARMM>    ! Phosphates and Sulfates
 CHARMM>    stream toppar/toppar_all36_moreions.str
 VOPEN> Attempting to open::toppar/toppar_all36_moreions.str::
 OPNLGU> Unit 98 opened for READONLY access to toppar/toppar_all36_moreions.str

                    INPUT STREAM SWITCHING TO UNIT    98
 RDTITL> * ADDITIONAL IONS GENERATED USING CGENFF
 RDTITL> *
 Parameter: IN1 <- "" <empty>
  
 CHARMM>     
  
 CHARMM>    set nat ?NATC
 RDCMND substituted energy or value "?NATC" to "345"
 Parameter: NAT <- "345"
  
 CHARMM>    set app
 Parameter: APP <- "" <empty>
  
 CHARMM>     
  
 CHARMM>    if "@NAT" ne "?NATC" if @nat ne 0 set app append
 Parameter: NAT -> "345"
 Parameter: NAT -> "345"
 RDCMND: can not substitute energy "?NATC""
 Comparing ""345"" and ""?NATC"".
 IF test evaluated as true.  Performing command
 Comparing "345" and "0".
 IF test evaluated as true.  Performing command
 Parameter: APP <- "APPEND"
  
 CHARMM>     
  
 CHARMM>    read rtf card @app
 Parameter: APP -> "APPEND"
 MAINIO> Residue topology file being read from unit  98.
 RDTITL> * TOPOLOGIES GENERATED BY
 RDTITL> * CHARMM GENERAL FORCE FIELD (CGENFF) PROGRAM VERSION 2.4.0
 RDTITL> *
  
 CHARMM>     
  
 CHARMM>    read para card flex @app
 Parameter: APP -> "APPEND"

          PARAMETER FILE BEING READ FROM UNIT 98
 RDTITL> * PARAMETERS GENERATED BY ANALOGY BY
 RDTITL> * CHARMM GENERAL FORCE FIELD (CGENFF) PROGRAM VERSION 2.4.0
 RDTITL> *
 PARMIO> NONBOND, HBOND lists and IMAGE atoms cleared.
  
 CHARMM>     
  
 VCLOSE: Closing unit   98 with status "KEEP"

                    RETURNING TO INPUT STREAM    99
  
 CHARMM>     
  
 CHARMM>    ! Interface FF
 CHARMM>    open read card unit 10 name toppar/top_interface.rtf
 OPNLGU> Unit already open. The old file will be closed first.
 VCLOSE: Closing unit   10 with status "KEEP"
 VOPEN> Attempting to open::toppar/top_interface.rtf::
 OPNLGU> Unit 10 opened for READONLY access to toppar/top_interface.rtf
  
 CHARMM>    read  rtf card unit 10 append
 MAINIO> Residue topology file being read from unit  10.
 TITLE> * INTERFACE FF
 TITLE> * TOPOLOGY FOR NANOMATERIALS
 TITLE> *
*** WARNING **** residue TSHO already exists (old one deleted)

      ***** LEVEL  1 WARNING FROM <RTFRDR> *****
      ***** Residue already exists.
      ******************************************
      BOMLEV (  0) IS NOT REACHED. WRNLEV IS  5

          PRES TSHO17      -1.050
*** WARNING **** residue TSHO already exists (old one deleted)

      ***** LEVEL  1 WARNING FROM <RTFRDR> *****
      ***** Residue already exists.
      ******************************************
      BOMLEV (  0) IS NOT REACHED. WRNLEV IS  5

          PRES TSHO21      -1.050
 There were   2 warning(s) from RTFRDR.
  
 CHARMM>     
  
 CHARMM>    open read card unit 10 name toppar/par_interface.prm
 OPNLGU> Unit already open. The old file will be closed first.
 VCLOSE: Closing unit   10 with status "KEEP"
 VOPEN> Attempting to open::toppar/par_interface.prm::
 OPNLGU> Unit 10 opened for READONLY access to toppar/par_interface.prm
  
 CHARMM>    read para card unit 10 append flex

          PARAMETER FILE BEING READ FROM UNIT 10
 TITLE> * INTERFACE FF
 TITLE> * TOPOLOGY AND PARAMETER FOR CALY MINERALS, CEMENT MINERALS
 TITLE> *
 PARRDR> Error: Repeated DIHE parameter ( 10950): HGR6  ICG1  ICG1  ICGE is replaced
 PARMIO> NONBOND, HBOND lists and IMAGE atoms cleared.
  
 CHARMM>     
  
 CHARMM>    stream toppar/toppar_all36_nano_lig.str
 VOPEN> Attempting to open::toppar/toppar_all36_nano_lig.str::
 OPNLGU> Unit 98 opened for READONLY access to toppar/toppar_all36_nano_lig.str

                    INPUT STREAM SWITCHING TO UNIT    98
 RDTITL> READ RTF CARD APPEND
 RDTITL> No title read.
 Parameter: IN1 <- "" <empty>
  
 CHARMM>    read rtf card append
 MAINIO> Residue topology file being read from unit  98.
 RDTITL> * TOPOLOGY FOR NANO-LIGAND
 RDTITL> *
  
 CHARMM>     
  
 CHARMM>    read param card flex append

          PARAMETER FILE BEING READ FROM UNIT 98
 RDTITL> * SYNTHETIC POLYMER PARAMETER
 RDTITL> *
 PARMIO> NONBOND, HBOND lists and IMAGE atoms cleared.
  
 CHARMM>    RETURN
 VCLOSE: Closing unit   98 with status "KEEP"

                    RETURNING TO INPUT STREAM    99
  
 CHARMM>    stream toppar/toppar_all36_nano_lig_patch.str
 VOPEN> Attempting to open::toppar/toppar_all36_nano_lig_patch.str::
 OPNLGU> Unit 98 opened for READONLY access to toppar/toppar_all36_nano_lig_patch.str

                    INPUT STREAM SWITCHING TO UNIT    98
 RDTITL> READ RTF CARD APPEND
 RDTITL> No title read.
 Parameter: IN1 <- "" <empty>
  
 CHARMM>    read rtf card append
 MAINIO> Residue topology file being read from unit  98.
 RDTITL> * TOPOLOGY FOR SYNTHETIC_POLYMER
 RDTITL> *
  
 CHARMM>    RETURN
 VCLOSE: Closing unit   98 with status "KEEP"

                    RETURNING TO INPUT STREAM    99
  
 CHARMM>     
  
 CHARMM>    ! Additional topologies and parameters for synthetic polymer
 CHARMM>    stream toppar/toppar_all36_synthetic_polymer.str
 VOPEN> Attempting to open::toppar/toppar_all36_synthetic_polymer.str::
 OPNLGU> Unit 98 opened for READONLY access to toppar/toppar_all36_synthetic_polymer.str

                    INPUT STREAM SWITCHING TO UNIT    98
 RDTITL> READ RTF CARD APPEND
 RDTITL> No title read.
 Parameter: IN1 <- "" <empty>
  
 CHARMM>    read rtf card append
 MAINIO> Residue topology file being read from unit  98.
 RDTITL> * TOPOLOGY FOR SYNTHETIC_POLYMER
 RDTITL> *
  
 CHARMM>     
  
 CHARMM>    read param card flex append

          PARAMETER FILE BEING READ FROM UNIT 98
 RDTITL> * SYNTHETIC POLYMER PARAMETER
 RDTITL> *
 PARMIO> NONBOND, HBOND lists and IMAGE atoms cleared.
  
 CHARMM>    RETURN
 VCLOSE: Closing unit   98 with status "KEEP"

                    RETURNING TO INPUT STREAM    99
  
 CHARMM>    stream toppar/toppar_all36_synthetic_polymer_patch.str
 VOPEN> Attempting to open::toppar/toppar_all36_synthetic_polymer_patch.str::
 OPNLGU> Unit 98 opened for READONLY access to toppar/toppar_all36_synthetic_polymer_patch.str

                    INPUT STREAM SWITCHING TO UNIT    98
 RDTITL> READ RTF CARD APPEND
 RDTITL> No title read.
 Parameter: IN1 <- "" <empty>
  
 CHARMM>    read rtf card append
 MAINIO> Residue topology file being read from unit  98.
 RDTITL> * TOPOLOGY FOR SYNTHETIC_POLYMER
 RDTITL> *
  
 CHARMM>     
  
 CHARMM>    return
 VCLOSE: Closing unit   98 with status "KEEP"

                    RETURNING TO INPUT STREAM    99
  
 CHARMM>    stream toppar/toppar_all36_polymer_solvent.str
 VOPEN> Attempting to open::toppar/toppar_all36_polymer_solvent.str::
 OPNLGU> Unit 98 opened for READONLY access to toppar/toppar_all36_polymer_solvent.str

                    INPUT STREAM SWITCHING TO UNIT    98
 RDTITL> READ RTF CARD APPEND
 RDTITL> No title read.
 Parameter: IN1 <- "" <empty>
  
 CHARMM>    read rtf card append
 MAINIO> Residue topology file being read from unit  98.
 RDTITL> * TOPOLOGY FOR SYNTHETIC_POLYMER
 RDTITL> *
  
 CHARMM>    read param card flex append

          PARAMETER FILE BEING READ FROM UNIT 98
 RDTITL> * SYNTHETIC POLYMER PARAMETER
 RDTITL> *
 PARMIO> NONBOND, HBOND lists and IMAGE atoms cleared.
  
 CHARMM>     
  
 CHARMM>    RETURN
 VCLOSE: Closing unit   98 with status "KEEP"

                    RETURNING TO INPUT STREAM    99
  
 CHARMM>     
  
 CHARMM>    ! Additional topologies and parameters for water and ions
 CHARMM>    stream toppar/toppar_water_ions.str
 VOPEN> Attempting to open::toppar/toppar_water_ions.str::
 OPNLGU> Unit 98 opened for READONLY access to toppar/toppar_water_ions.str

                    INPUT STREAM SWITCHING TO UNIT    98
 RDTITL> * TOPLOGY AND PARAMETER INFORMATION FOR WATER AND IONS.
 RDTITL> *
 Parameter: IN1 <- "" <empty>
  
 CHARMM>     
  
 CHARMM>    !Testcase
 CHARMM>    !test_water_ions.inp
 CHARMM>     
  
 CHARMM>    ! IMPORTANT NOTE: this file contains NBFixes between carboxylates and sodium,
 CHARMM>    ! which will only apply if the main files containing carboxylate atom types
 CHARMM>    ! have been read in first!
 CHARMM>     
  
 CHARMM>    !references
 CHARMM>    !
 CHARMM>    !TIP3P water model
 CHARMM>    !
 CHARMM>    !W.L. Jorgensen; J.Chandrasekhar; J.D. Madura; R.W. Impey;
 CHARMM>    !M.L. Klein; "Comparison of simple potential functions for
 CHARMM>    !simulating liquid water", J. Chem. Phys. 79 926-935 (1983).
 CHARMM>    !
 CHARMM>    !IONS
 CHARMM>    !
 CHARMM>    !Ions from Roux and coworkers
 CHARMM>    !
 CHARMM>    !Beglov, D. and Roux, B., Finite Representation of an Infinite
 CHARMM>    !Bulk System: Solvent Boundary Potential for Computer Simulations,
 CHARMM>    !Journal of Chemical Physics, 1994, 100: 9050-9063
 CHARMM>    !
 CHARMM>    !ZINC
 CHARMM>    !
 CHARMM>    !Stote, R.H. and Karplus, M. Zinc Binding in Proteins and
 CHARMM>    !Solution: A Simple but Accurate Nonbonded Representation, PROTEINS:
 CHARMM>    !Structure, Function, and Genetics 23:12-31 (1995)
 CHARMM>     
  
 CHARMM>    !test "append" to determine if previous toppar files have been read and
 CHARMM>    !add append to "read rtf card" if true
 CHARMM>    set nat ?NATC
 RDCMND substituted energy or value "?NATC" to "455"
 Parameter: NAT <- "455"
  
 CHARMM>    set app
 Parameter: APP <- "" <empty>
  
 CHARMM>    !We're exploiting what is arguably a bug in the parser. On the left hand side,
 CHARMM>    !the quotes have priority, so NAT is correctly substituted. On the right hand
 CHARMM>    !side, the ? has priority and NATC" (sic) is not a valid substitution...
 CHARMM>    if "@NAT" ne "?NATC" if @nat ne 0 set app append
 Parameter: NAT -> "455"
 Parameter: NAT -> "455"
 RDCMND: can not substitute energy "?NATC""
 Comparing ""455"" and ""?NATC"".
 IF test evaluated as true.  Performing command
 Comparing "455" and "0".
 IF test evaluated as true.  Performing command
 Parameter: APP <- "APPEND"
  
 CHARMM>     
  
 CHARMM>    read rtf card @app
 Parameter: APP -> "APPEND"
 MAINIO> Residue topology file being read from unit  98.
 RDTITL> * TOPOLOGY FOR WATER AND IONS
 RDTITL> *
  
 CHARMM>     
  
 CHARMM>    read para card flex @app
 Parameter: APP -> "APPEND"

          PARAMETER FILE BEING READ FROM UNIT 98
 RDTITL> * PARAMETERS FOR WATER AND IONS
 RDTITL> *
 PARMIO> NONBOND, HBOND lists and IMAGE atoms cleared.
  
 CHARMM>     
  
 CHARMM>    ! The following section contains NBFixes for sodium interacting with
 CHARMM>    ! carboxylate oxygens of various CHARMM force fields. It will generate
 CHARMM>    ! level -1 warnings whenever any of these force fields have not been
 CHARMM>    ! read prior to the current stream file. Since we don't want to force
 CHARMM>    ! the user to always read all the force fields, we're suppressing the
 CHARMM>    ! warnings. The only side effect is that you will have "most severe
 CHARMM>    ! warning was at level 0" at the end of your output. Also note that
 CHARMM>    ! the user is responsible for reading the current file last if they
 CHARMM>    ! want the NBFixes to apply. A more elegant solution would require new
 CHARMM>    ! features to be added to CHARMM.
 CHARMM>    ! parallel fix, to avoid duplicated messages in the log
 CHARMM>    set para
 Parameter: PARA <- "" <empty>
  
 CHARMM>    if ?NUMNODE gt 1 set para node 0
 RDCMND substituted energy or value "?NUMNODE" to "1"
 Comparing "1" and "1".
 IF test evaluated as false.  Skipping command
  
 CHARMM>     
  
 CHARMM>    set wrn ?WRNLEV
 RDCMND substituted energy or value "?WRNLEV" to "5"
 Parameter: WRN <- "5"
  
 CHARMM>    ! Some versions of CHARMM don't seem to initialize wrnlev...
 CHARMM>    if "@WRN" eq "?WRNLEV" set wrn 5
 Parameter: WRN -> "5"
 RDCMND: can not substitute energy "?WRNLEV""
 Comparing ""5"" and ""?WRNLEV"".
 IF test evaluated as false.  Skipping command
  
 CHARMM>    set bom ?bomlev
 RDCMND substituted energy or value "?BOMLEV" to "0"
 Parameter: BOM <- "0"
  
 CHARMM>    WRNLEV -1 @PARA
 Parameter: PARA -> "" <empty>
  
 CHARMM>    BOMLEV -1 @PARA
 Parameter: PARA -> "" <empty>
  
 CHARMM>    read para card flex append

          PARAMETER FILE BEING READ FROM UNIT 98
 RDTITL> * NBFIX BETWEEN CARBOXYLATE AND SODIUM
 RDTITL> *
 PARMIO> NONBOND, HBOND lists and IMAGE atoms cleared.
  
 CHARMM>    BOMLEV @bom @PARA
 Parameter: BOM -> "0"
 Parameter: PARA -> "" <empty>
  
 CHARMM>    WRNLEV @wrn @PARA
 Parameter: WRN -> "5"
 Parameter: PARA -> "" <empty>
  
 CHARMM>     
  
 CHARMM>    return
 VCLOSE: Closing unit   98 with status "KEEP"

                    RETURNING TO INPUT STREAM    99
  
 CHARMM>    stream toppar/toppar_dum_noble_gases.str
 VOPEN> Attempting to open::toppar/toppar_dum_noble_gases.str::
 OPNLGU> Unit 98 opened for READONLY access to toppar/toppar_dum_noble_gases.str

                    INPUT STREAM SWITCHING TO UNIT    98
 RDTITL> * TOPLOGY AND PARAMETER INFORMATION FOR HELIUM, NEON AND A DUMMY ATOM.
 RDTITL> *
 Parameter: IN1 <- "" <empty>
  
 CHARMM>     
  
 CHARMM>    !Testcase
 CHARMM>    !test_dum_nobel_gases.inp
 CHARMM>     
  
 CHARMM>    !test "append" to determine if previous	toppar files have been read and
 CHARMM>    !add append to "read rtf card" if true
 CHARMM>    set nat ?NATC
 RDCMND substituted energy or value "?NATC" to "472"
 Parameter: NAT <- "472"
  
 CHARMM>    set app
 Parameter: APP <- "" <empty>
  
 CHARMM>    !We're exploiting what is arguably a bug in the parser. On the left hand side,
 CHARMM>    !the quotes have proirity, so NAT is correctly substituted. On the right hand
 CHARMM>    !side, the ? has priority and NATC" (sic) is not a valid substitution...
 CHARMM>    if "@NAT" ne "?NATC" if @nat ne 0 set app append
 Parameter: NAT -> "472"
 Parameter: NAT -> "472"
 RDCMND: can not substitute energy "?NATC""
 Comparing ""472"" and ""?NATC"".
 IF test evaluated as true.  Performing command
 Comparing "472" and "0".
 IF test evaluated as true.  Performing command
 Parameter: APP <- "APPEND"
  
 CHARMM>     
  
 CHARMM>    read rtf card @app
 Parameter: APP -> "APPEND"
 MAINIO> Residue topology file being read from unit  98.
 RDTITL> * TOPOLOGY FOR HELIUM, NEON AND A DUMMY ATOM.
 RDTITL> *
  
 CHARMM>     
  
 CHARMM>    read para card flex @app
 Parameter: APP -> "APPEND"

          PARAMETER FILE BEING READ FROM UNIT 98
 RDTITL> * PARAMETERS FOR HELIUM, NEON AND A DUMMY ATOM.
 RDTITL> *
 PARMIO> NONBOND, HBOND lists and IMAGE atoms cleared.
  
 CHARMM>     
  
 CHARMM>    return
 VCLOSE: Closing unit   98 with status "KEEP"

                    RETURNING TO INPUT STREAM    99
  
 CHARMM>    stream toppar/toppar_ions_won.str
 VOPEN> Attempting to open::toppar/toppar_ions_won.str::
 OPNLGU> Unit 98 opened for READONLY access to toppar/toppar_ions_won.str

                    INPUT STREAM SWITCHING TO UNIT    98
 RDTITL> * TOP_IONS_WON.STR: GENERAL MODEL FOR MONO-, DI-, AND TRIVALENT CATIONS
 RDTITL> *
 Parameter: IN1 <- "" <empty>
  
 CHARMM>     
  
 CHARMM>    !This is a comprehensive set of ions developed using stochastic boundary
 CHARMM>    !conditions. It is strongly recommended that ion parameters in
 CHARMM>    !toppar_water_ions.str be used if available, as they are more highly
 CHARMM>    !optimized.  Accordingly, those ions have been commented in this
 CHARMM>    !file.
 CHARMM>    !
 CHARMM>    !reference
 CHARMM>    !Won, Y., "Force Field for Monovalent, Divalent, and Trivalent Cations
 CHARMM>    !Developed under the Solvent Boundary Potential," Journal of Physical
 CHARMM>    !Chemistry A., 116: 11763-11767, 2012.
 CHARMM>     
  
 CHARMM>     
  
 CHARMM>    !test "append" to determine if previous toppar files have been read and
 CHARMM>    !add append to "read rtf card" if true
 CHARMM>    set nat ?NATC
 RDCMND substituted energy or value "?NATC" to "475"
 Parameter: NAT <- "475"
  
 CHARMM>    set app
 Parameter: APP <- "" <empty>
  
 CHARMM>    !We're exploiting what is arguably a bug in the parser. On the left hand side,
 CHARMM>    !the quotes have priority, so NAT is correctly substituted. On the right hand
 CHARMM>    !side, the ? has priority and NATC" (sic) is not a valid substitution...
 CHARMM>    if "@NAT" ne "?NATC" if @nat ne 0 set app append
 Parameter: NAT -> "475"
 Parameter: NAT -> "475"
 RDCMND: can not substitute energy "?NATC""
 Comparing ""475"" and ""?NATC"".
 IF test evaluated as true.  Performing command
 Comparing "475" and "0".
 IF test evaluated as true.  Performing command
 Parameter: APP <- "APPEND"
  
 CHARMM>     
  
 CHARMM>    read rtf card @app
 Parameter: APP -> "APPEND"
 MAINIO> Residue topology file being read from unit  98.
 RDTITL> * TOPOLOGY FOR WATER AND IONS
 RDTITL> *
  
 CHARMM>     
  
 CHARMM>    read para card flex @app
 Parameter: APP -> "APPEND"

          PARAMETER FILE BEING READ FROM UNIT 98
 RDTITL> * PAR_CATION.PRM FOR MONO-, DI-, AND TRIVALENT CATIONS
 RDTITL> *
 PARMIO> NONBOND, HBOND lists and IMAGE atoms cleared.
  
 VCLOSE: Closing unit   98 with status "KEEP"

                    RETURNING TO INPUT STREAM    99
  
 CHARMM>     
  
 CHARMM>    ! Additional topologies and parameters for protein
 CHARMM>    stream toppar/toppar_all36_prot_arg0.str
 VOPEN> Attempting to open::toppar/toppar_all36_prot_arg0.str::
 OPNLGU> Unit 98 opened for READONLY access to toppar/toppar_all36_prot_arg0.str

                    INPUT STREAM SWITCHING TO UNIT    98
 RDTITL> *>>>>>> ALL-HYDROGEN TOPOLOGY FOR NEUTRAL ARG <<<<<<<<<<<<<<<<<<<<
 RDTITL> *>>>>>>>>>>>>>>>>>>>>>>> 2007 <<<<<<<<<<<<<<<<<<<<<<<<<<<<<<<<<<<<
 RDTITL> *>>>>>>>> DIRECT COMMENTS TO ALEXANDER D. MACKERELL JR. <<<<<<<<<<
 RDTITL> *>>>>>>>>>>>>>>> PARAMETER FORUM, WWW.CHARMM.ORG <<<<<<<<<<<<<<<<<
 RDTITL> *
 Parameter: IN1 <- "" <empty>
  
 CHARMM>     
  
 CHARMM>    ! Atom names include "R" (for Arg) as the second letter. The
 CHARMM>    ! only other atom types in the additive FF with this second
 CHARMM>    ! letter are histidine [HN]R[123] in the protein FF and CRL[12]
 CHARMM>    ! in toppar_all36_lipid_cholesterol.str , so no more conflicts.
 CHARMM>     
  
 CHARMM>    !Parent files that have to be read prior to streaming this file
 CHARMM>    !top_all36_prot.rtf
 CHARMM>    !par_all36_prot.rtf
 CHARMM>    !
 CHARMM>    !Testcase
 CHARMM>    !test_all36_prot_arg0.inp
 CHARMM>     
  
 CHARMM>    !Li, L., Vorobyov, I.V., MacKerell, Jr., A.D., Allen, T.W., "Is
 CHARMM>    !arginine charged in a membrane?" Biophysical Journal, 94: L11-L13,
 CHARMM>    !2008, PMCID: PMC2157258
 CHARMM>     
  
 CHARMM>    read rtf card append
 MAINIO> Residue topology file being read from unit  98.
 RDTITL> * TOPOLOGY FOR PROTEIN RELATED MODEL COMPOUNDS
 RDTITL> *
*** WARNING **** residue MGU1 already exists (old one deleted)

      ***** LEVEL  1 WARNING FROM <RTFRDR> *****
      ***** Residue already exists.
      ******************************************
      BOMLEV (  0) IS NOT REACHED. WRNLEV IS  5

          RESI MGU1          0.00
*** WARNING **** residue MGU2 already exists (old one deleted)

      ***** LEVEL  1 WARNING FROM <RTFRDR> *****
      ***** Residue already exists.
      ******************************************
      BOMLEV (  0) IS NOT REACHED. WRNLEV IS  5

          RESI MGU2          0.00
 There were   2 warning(s) from RTFRDR.
  
 CHARMM>     
  
 CHARMM>    read param card flex append

          PARAMETER FILE BEING READ FROM UNIT 98
 RDTITL>  
 RDTITL> No title read.
 PARMIO> NONBOND, HBOND lists and IMAGE atoms cleared.
  
 CHARMM>     
  
 CHARMM>    return
 VCLOSE: Closing unit   98 with status "KEEP"

                    RETURNING TO INPUT STREAM    99
  
 CHARMM>    stream toppar/toppar_all36_prot_c36m_d_aminoacids.str
 VOPEN> Attempting to open::toppar/toppar_all36_prot_c36m_d_aminoacids.str::
 OPNLGU> Unit 98 opened for READONLY access to toppar/toppar_all36_prot_c36m_d_aminoacids.str

                    INPUT STREAM SWITCHING TO UNIT    98
 RDTITL> *>>>>>>CHARMM36 ALL-HYDROGEN TOPPAR FILE FOR D-PROTEINS <<<<<<<
 RDTITL> *>>>>>>>>>>>>>>>>>>>>>>>>>> JAN. 2016 <<<<<<<<<<<<<<<<<<<<<<<<<<<<
 RDTITL> * ALL COMMENTS TO THE CHARMM WEB SITE: WWW.CHARMM.ORG
 RDTITL> *             PARAMETER SET DISCUSSION FORUM
 RDTITL> *
 Parameter: IN1 <- "" <empty>
  
 CHARMM>     
  
 CHARMM>    !update 2016/2. use directly inverted CMAPs
 CHARMM>     
  
 CHARMM>    !toppar stream file for D-amino acids. Includes new residue
 CHARMM>    !names, inverted CMAP and additional parameters.
 CHARMM>     
  
 CHARMM>    !Parent files that have to be read prior to streaming this file
 CHARMM>    !top_all36_prot.rtf
 CHARMM>    !par_all36m_prot.prm
 CHARMM>    !
 CHARMM>    !Testcase
 CHARMM>    !test_all36_d_amino_acid.inp
 CHARMM>     
  
 CHARMM>    !test "append" to determine if previous toppar files have been read and
 CHARMM>    !add append to "read rtf card" if true
 CHARMM>    set nat ?NATC
 RDCMND substituted energy or value "?NATC" to "539"
 Parameter: NAT <- "539"
  
 CHARMM>    set app
 Parameter: APP <- "" <empty>
  
 CHARMM>    !We're exploiting what is arguably a bug in the parser. On the left hand side,
 CHARMM>    !the quotes have priority, so NAT is correctly substituted. On the right hand
 CHARMM>    !side, the ? has priority and NATC" (sic) is not a valid substitution...
 CHARMM>    if "@NAT" ne "?NATC" if @nat ne 0 set app append
 Parameter: NAT -> "539"
 Parameter: NAT -> "539"
 RDCMND: can not substitute energy "?NATC""
 Comparing ""539"" and ""?NATC"".
 IF test evaluated as true.  Performing command
 Comparing "539" and "0".
 IF test evaluated as true.  Performing command
 Parameter: APP <- "APPEND"
  
 CHARMM>     
  
 CHARMM>    read rtf card @app
 Parameter: APP -> "APPEND"
 MAINIO> Residue topology file being read from unit  98.
 RDTITL> * TOPOLOGY FOR D- AMINOACIDS
 RDTITL> *
  
 CHARMM>     
  
 CHARMM>    read para card flex @app
 Parameter: APP -> "APPEND"

          PARAMETER FILE BEING READ FROM UNIT 98
 RDTITL> * PARAMETERS FOR D- AMINOACIDS
 RDTITL> *
 PARMIO> NONBOND, HBOND lists and IMAGE atoms cleared.
  
 VCLOSE: Closing unit   98 with status "KEEP"

                    RETURNING TO INPUT STREAM    99
  
 CHARMM>    stream toppar/toppar_all36_prot_fluoro_alkanes.str
 VOPEN> Attempting to open::toppar/toppar_all36_prot_fluoro_alkanes.str::
 OPNLGU> Unit 98 opened for READONLY access to toppar/toppar_all36_prot_fluoro_alkanes.str

                    INPUT STREAM SWITCHING TO UNIT    98
 RDTITL> * TOPOLOGY AND PARAMETERS FOR FLUORINATED ALKANES.
 RDTITL> *
 Parameter: IN1 <- "" <empty>
  
 CHARMM>     
  
 CHARMM>    !These parameters are maintained for historic reasons.  The CGenFF
 CHARMM>    !halogen parameters are a significant improvement over these
 CHARMM>    !parameters.
 CHARMM>     
  
 CHARMM>    !Parent files that have to be read prior to streaming this file
 CHARMM>    !top_all36_prot.rtf
 CHARMM>    !par_all36_prot.prm
 CHARMM>     
  
 CHARMM>    !Testcase
 CHARMM>    !test_all36_prot_fluoro_alkanes.inp
 CHARMM>     
  
 CHARMM>    !Reference
 CHARMM>    !Chen, I.-J., Yin, D. and MacKerell, Jr., A.D., "Combined Ab
 CHARMM>    !initio/Empirical Approach for Optimization of Lennard-Jones Parameters
 CHARMM>    !for Polar-Neutral Compounds," Journal of Computational Chemistry,
 CHARMM>    !2002, 23:199-213.
 CHARMM>    !
 CHARMM>    !Note that these parameters are higly optimized to reproduce the
 CHARMM>    !corresponding condensed phase properties and have not been incorporated
 CHARMM>    !into the CHARMM22 or CHARMM27 biomolecular force fields
 CHARMM>     
  
 CHARMM>    read rtf card append
 MAINIO> Residue topology file being read from unit  98.
 RDTITL> * TOPOLOGY FOR FLUOROALKANES
 RDTITL> *
*** WARNING **** residue ETHA already exists (old one deleted)

      ***** LEVEL  1 WARNING FROM <RTFRDR> *****
      ***** Residue already exists.
      ******************************************
      BOMLEV (  0) IS NOT REACHED. WRNLEV IS  5

          RESI ETHA  0.0
*** WARNING **** residue FETH already exists (old one deleted)

      ***** LEVEL  1 WARNING FROM <RTFRDR> *****
      ***** Residue already exists.
      ******************************************
      BOMLEV (  0) IS NOT REACHED. WRNLEV IS  5

          RESI FETH  0.0
*** WARNING **** residue DFET already exists (old one deleted)

      ***** LEVEL  1 WARNING FROM <RTFRDR> *****
      ***** Residue already exists.
      ******************************************
      BOMLEV (  0) IS NOT REACHED. WRNLEV IS  5

          RESI DFET 0.0
*** WARNING **** residue TFET already exists (old one deleted)

      ***** LEVEL  1 WARNING FROM <RTFRDR> *****
      ***** Residue already exists.
      ******************************************
      BOMLEV (  0) IS NOT REACHED. WRNLEV IS  5

          RESI TFET  0.0
*** WARNING **** residue TFE  already exists (old one deleted)

      ***** LEVEL  1 WARNING FROM <RTFRDR> *****
      ***** Residue already exists.
      ******************************************
      BOMLEV (  0) IS NOT REACHED. WRNLEV IS  5

          RESI TFE   0.0
 There were   5 warning(s) from RTFRDR.
  
 CHARMM>     
  
 CHARMM>    read para card flex append

          PARAMETER FILE BEING READ FROM UNIT 98
 RDTITL> * FLUOROALKANE PARAMETERS
 RDTITL> *
 PARMIO> NONBOND, HBOND lists and IMAGE atoms cleared.
  
 CHARMM>     
  
 CHARMM>    return
 VCLOSE: Closing unit   98 with status "KEEP"

                    RETURNING TO INPUT STREAM    99
  
 CHARMM>    stream toppar/toppar_all36_prot_heme.str
 VOPEN> Attempting to open::toppar/toppar_all36_prot_heme.str::
 OPNLGU> Unit 98 opened for READONLY access to toppar/toppar_all36_prot_heme.str

                    INPUT STREAM SWITCHING TO UNIT    98
 RDTITL> * TOPOLOGY AND PARAMETER STREAM FILE FOR HEME AND RELATED
 RDTITL> * LIGANDS AND PATCHES.
 RDTITL> *
 Parameter: IN1 <- "" <empty>
  
 CHARMM>     
  
 CHARMM>    !updated 2016/2, allow for use of AUTOGENERATE ANGLE DIHEDRAl PATCH
 CHARMM>     
  
 CHARMM>    !Parent files that have to be read prior to streaming this file
 CHARMM>    !top_all36_prot.rtf
 CHARMM>    !par_all36_prot.prm
 CHARMM>     
  
 CHARMM>    !Testcase
 CHARMM>    !test_all36_prot_heme.inp
 CHARMM>     
  
 CHARMM>    read rtf card append
 MAINIO> Residue topology file being read from unit  98.
 RDTITL> * TOPOLOGY FOR HEME AND RELATED COMPOUNDS AND PATCHES
 RDTITL> *
*** WARNING **** residue CO2  already exists (old one deleted)

      ***** LEVEL  1 WARNING FROM <RTFRDR> *****
      ***** Residue already exists.
      ******************************************
      BOMLEV (  0) IS NOT REACHED. WRNLEV IS  5

          RESI CO2             0.00
 There were   1 warning(s) from RTFRDR.
  
 CHARMM>     
  
 CHARMM>    read para card flex append

          PARAMETER FILE BEING READ FROM UNIT 98
 RDTITL> * ADDITIONAL PARAMETERS FOR HEME
 RDTITL> *
 PARMIO> NONBOND, HBOND lists and IMAGE atoms cleared.
  
 CHARMM>     
  
 CHARMM>    return
 VCLOSE: Closing unit   98 with status "KEEP"

                    RETURNING TO INPUT STREAM    99
  
 CHARMM>    stream toppar/toppar_all36_prot_na_combined.str
 VOPEN> Attempting to open::toppar/toppar_all36_prot_na_combined.str::
 OPNLGU> Unit 98 opened for READONLY access to toppar/toppar_all36_prot_na_combined.str

                    INPUT STREAM SWITCHING TO UNIT    98
 RDTITL> * TOPOLOGY AND PARAMETER STREAM FILE FOR PATCHES TO CREATE
 RDTITL> * MODEL COMPOUNDS AND PATCHES THAT REQUIRE BOTH PROTEIN AND
 RDTITL> * NUCLEIC ACID TOPOLOGY AND PARAMETER INFORMATION
 RDTITL> *
 Parameter: IN1 <- "" <empty>
  
 CHARMM>     
  
 CHARMM>    !Parent files that have to be read prior to streaming this file
 CHARMM>    !top_all36_prot.rtf
 CHARMM>    !par_all36_prot.prm
 CHARMM>    !top_all36_na.rtf
 CHARMM>    !par_all36_na.prm
 CHARMM>    !stream/toppar_all36_prot_fluoro_alkanes.str ! atom types an parameters for fluorinated compounds
 CHARMM>     
  
 CHARMM>    !Testcase
 CHARMM>    !test_all36_prot_na_combined.inp
 CHARMM>     
  
 CHARMM>    !all patches must be followed by AUTOGENERATE ANGLES DIHEDRALS
 CHARMM>     
  
 CHARMM>    !PHOSPHOTYROSINE
 CHARMM>    !
 CHARMM>    !Feng, M.-H., Philippopoulos, M., MacKerell, Jr., A.D. and Lim, C.
 CHARMM>    !Structural Characterization of the Phosphotyrosine Binding Region of a
 CHARMM>    !High-Affinity aSH2 Domain-Phosphopeptide Complex by Molecular Dynamics
 CHARMM>    !Simulation and Chemical Shift Calculations. Journal of the American
 CHARMM>    !Chemical Society, 1996, 118: 11265-11277.
 CHARMM>     
  
 CHARMM>    read rtf card append
 MAINIO> Residue topology file being read from unit  98.
 RDTITL> * TOPOLOGY FOR PHOSPHORYLATED AMINO ACIDS
 RDTITL> *
*** WARNING **** residue THFI already exists (old one deleted)

      ***** LEVEL  1 WARNING FROM <RTFRDR> *****
      ***** Residue already exists.
      ******************************************
      BOMLEV (  0) IS NOT REACHED. WRNLEV IS  5

          RESI THFI       0.00
*** WARNING **** residue THMI already exists (old one deleted)

      ***** LEVEL  1 WARNING FROM <RTFRDR> *****
      ***** Residue already exists.
      ******************************************
      BOMLEV (  0) IS NOT REACHED. WRNLEV IS  5

          RESI THMI       0.00
*** WARNING **** residue THFA already exists (old one deleted)

      ***** LEVEL  1 WARNING FROM <RTFRDR> *****
      ***** Residue already exists.
      ******************************************
      BOMLEV (  0) IS NOT REACHED. WRNLEV IS  5

          RESI THFA        0.00
*** WARNING **** residue THAO already exists (old one deleted)

      ***** LEVEL  1 WARNING FROM <RTFRDR> *****
      ***** Residue already exists.
      ******************************************
      BOMLEV (  0) IS NOT REACHED. WRNLEV IS  5

          RESI THAO         0.00
*** WARNING **** residue RNUS already exists (old one deleted)

      ***** LEVEL  1 WARNING FROM <RTFRDR> *****
      ***** Residue already exists.
      ******************************************
      BOMLEV (  0) IS NOT REACHED. WRNLEV IS  5

          RESI RNUS         0.00
*** WARNING **** residue NUCL already exists (old one deleted)

      ***** LEVEL  1 WARNING FROM <RTFRDR> *****
      ***** Residue already exists.
      ******************************************
      BOMLEV (  0) IS NOT REACHED. WRNLEV IS  5

          RESI NUCL        -1.00
*** WARNING **** residue PPH1 already exists (old one deleted)

      ***** LEVEL  1 WARNING FROM <RTFRDR> *****
      ***** Residue already exists.
      ******************************************
      BOMLEV (  0) IS NOT REACHED. WRNLEV IS  5

          RESI PPH1      -1.00
*** WARNING **** residue BMPH already exists (old one deleted)

      ***** LEVEL  1 WARNING FROM <RTFRDR> *****
      ***** Residue already exists.
      ******************************************
      BOMLEV (  0) IS NOT REACHED. WRNLEV IS  5

          RESI BMPH      -1.00
*** WARNING **** residue BMPD already exists (old one deleted)

      ***** LEVEL  1 WARNING FROM <RTFRDR> *****
      ***** Residue already exists.
      ******************************************
      BOMLEV (  0) IS NOT REACHED. WRNLEV IS  5

          RESI BMPD      -2.00
*** WARNING **** residue BDFP already exists (old one deleted)

      ***** LEVEL  1 WARNING FROM <RTFRDR> *****
      ***** Residue already exists.
      ******************************************
      BOMLEV (  0) IS NOT REACHED. WRNLEV IS  5

          RESI BDFP      -1.00
*** WARNING **** residue BDFD already exists (old one deleted)

      ***** LEVEL  1 WARNING FROM <RTFRDR> *****
      ***** Residue already exists.
      ******************************************
      BOMLEV (  0) IS NOT REACHED. WRNLEV IS  5

          RESI BDFD -2.00
*** WARNING **** residue EP_2 already exists (old one deleted)

      ***** LEVEL  1 WARNING FROM <RTFRDR> *****
      ***** Residue already exists.
      ******************************************
      BOMLEV (  0) IS NOT REACHED. WRNLEV IS  5

          RESI EP_2        -2.00
*** WARNING **** residue IP_2 already exists (old one deleted)

      ***** LEVEL  1 WARNING FROM <RTFRDR> *****
      ***** Residue already exists.
      ******************************************
      BOMLEV (  0) IS NOT REACHED. WRNLEV IS  5

          RESI IP_2        -2.00
 There were  13 warning(s) from RTFRDR.
  
 CHARMM>     
  
 CHARMM>    read para card flex append

          PARAMETER FILE BEING READ FROM UNIT 98
 RDTITL> * ADDITIONAL PARAMETERS FOR PHOSPHORYLATED AMINO ACIDS
 RDTITL> *
 PARMIO> NONBOND, HBOND lists and IMAGE atoms cleared.
  
 VCLOSE: Closing unit   98 with status "KEEP"

                    RETURNING TO INPUT STREAM    99
  
 CHARMM>    stream toppar/toppar_all36_prot_retinol.str
 VOPEN> Attempting to open::toppar/toppar_all36_prot_retinol.str::
 OPNLGU> Unit 98 opened for READONLY access to toppar/toppar_all36_prot_retinol.str

                    INPUT STREAM SWITCHING TO UNIT    98
 RDTITL> * TOPPAR STREAM FILE FOR RETINOL AND RETINAL PARAMETERS
 RDTITL> * A. LOCCISANO, A.M.W., J. EVANSECK AND A.D. MACKERELL, JR.
 RDTITL> * APRIL, 2005
 RDTITL> *
 Parameter: IN1 <- "" <empty>
  
 CHARMM>     
  
 CHARMM>    !use with c36 protein force fields
 CHARMM>    !top_all36_prot.rtf
 CHARMM>    !par_all36_prot.prm
 CHARMM>     
  
 CHARMM>    read rtf card append
 MAINIO> Residue topology file being read from unit  98.
 RDTITL> * RETINAL/RETINOL AND RELATED MODEL COMPOUNDS
 RDTITL> *
*** WARNING **** residue BTE2 already exists (old one deleted)

      ***** LEVEL  1 WARNING FROM <RTFRDR> *****
      ***** Residue already exists.
      ******************************************
      BOMLEV (  0) IS NOT REACHED. WRNLEV IS  5

          RESI BTE2       0.00
*** WARNING **** residue 13DB already exists (old one deleted)

      ***** LEVEL  1 WARNING FROM <RTFRDR> *****
      ***** Residue already exists.
      ******************************************
      BOMLEV (  0) IS NOT REACHED. WRNLEV IS  5

          RESI 13DB       0.00
*** WARNING **** residue 13DP already exists (old one deleted)

      ***** LEVEL  1 WARNING FROM <RTFRDR> *****
      ***** Residue already exists.
      ******************************************
      BOMLEV (  0) IS NOT REACHED. WRNLEV IS  5

          RESI 13DP       0.00
*** WARNING **** residue DMB1 already exists (old one deleted)

      ***** LEVEL  1 WARNING FROM <RTFRDR> *****
      ***** Residue already exists.
      ******************************************
      BOMLEV (  0) IS NOT REACHED. WRNLEV IS  5

          RESI DMB1       0.00
*** WARNING **** residue DMP1 already exists (old one deleted)

      ***** LEVEL  1 WARNING FROM <RTFRDR> *****
      ***** Residue already exists.
      ******************************************
      BOMLEV (  0) IS NOT REACHED. WRNLEV IS  5

          RESI DMP1       0.00
*** WARNING **** residue DMP2 already exists (old one deleted)

      ***** LEVEL  1 WARNING FROM <RTFRDR> *****
      ***** Residue already exists.
      ******************************************
      BOMLEV (  0) IS NOT REACHED. WRNLEV IS  5

          RESI DMP2       0.00
*** WARNING **** residue CROT already exists (old one deleted)

      ***** LEVEL  1 WARNING FROM <RTFRDR> *****
      ***** Residue already exists.
      ******************************************
      BOMLEV (  0) IS NOT REACHED. WRNLEV IS  5

          RESI CROT       0.00
*** WARNING **** residue PACP already exists (old one deleted)

      ***** LEVEL  1 WARNING FROM <RTFRDR> *****
      ***** Residue already exists.
      ******************************************
      BOMLEV (  0) IS NOT REACHED. WRNLEV IS  5

          RESI PACP       0.00
*** WARNING **** residue MECH already exists (old one deleted)

      ***** LEVEL  1 WARNING FROM <RTFRDR> *****
      ***** Residue already exists.
      ******************************************
      BOMLEV (  0) IS NOT REACHED. WRNLEV IS  5

          RESI MECH       0.00
*** WARNING **** residue TMCH already exists (old one deleted)

      ***** LEVEL  1 WARNING FROM <RTFRDR> *****
      ***** Residue already exists.
      ******************************************
      BOMLEV (  0) IS NOT REACHED. WRNLEV IS  5

          RESI TMCH       0.00
*** WARNING **** residue FRET already exists (old one deleted)

      ***** LEVEL  1 WARNING FROM <RTFRDR> *****
      ***** Residue already exists.
      ******************************************
      BOMLEV (  0) IS NOT REACHED. WRNLEV IS  5

          RESI FRET       0.00
*** WARNING **** residue RTOL already exists (old one deleted)

      ***** LEVEL  1 WARNING FROM <RTFRDR> *****
      ***** Residue already exists.
      ******************************************
      BOMLEV (  0) IS NOT REACHED. WRNLEV IS  5

          RESI RTOL       0.00
*** WARNING **** residue RTAL already exists (old one deleted)

      ***** LEVEL  1 WARNING FROM <RTFRDR> *****
      ***** Residue already exists.
      ******************************************
      BOMLEV (  0) IS NOT REACHED. WRNLEV IS  5

          RESI RTAL       0.00
*** WARNING **** residue RTAC already exists (old one deleted)

      ***** LEVEL  1 WARNING FROM <RTFRDR> *****
      ***** Residue already exists.
      ******************************************
      BOMLEV (  0) IS NOT REACHED. WRNLEV IS  5

          RESI RTAC      -1.00
*** WARNING **** residue PRAC already exists (old one deleted)

      ***** LEVEL  1 WARNING FROM <RTFRDR> *****
      ***** Residue already exists.
      ******************************************
      BOMLEV (  0) IS NOT REACHED. WRNLEV IS  5

          RESI PRAC      -1.00
*** WARNING **** residue PROL already exists (old one deleted)

      ***** LEVEL  1 WARNING FROM <RTFRDR> *****
      ***** Residue already exists.
      ******************************************
      BOMLEV (  0) IS NOT REACHED. WRNLEV IS  5

          RESI PROL       0.00
*** WARNING **** residue PRAL already exists (old one deleted)

      ***** LEVEL  1 WARNING FROM <RTFRDR> *****
      ***** Residue already exists.
      ******************************************
      BOMLEV (  0) IS NOT REACHED. WRNLEV IS  5

          RESI PRAL       0.00
*** WARNING **** residue SCH1 already exists (old one deleted)

      ***** LEVEL  1 WARNING FROM <RTFRDR> *****
      ***** Residue already exists.
      ******************************************
      BOMLEV (  0) IS NOT REACHED. WRNLEV IS  5

          RESI SCH1       0.00
*** WARNING **** residue SCH2 already exists (old one deleted)

      ***** LEVEL  1 WARNING FROM <RTFRDR> *****
      ***** Residue already exists.
      ******************************************
      BOMLEV (  0) IS NOT REACHED. WRNLEV IS  5

          RESI SCH2       1.00
*** WARNING **** residue SCH3 already exists (old one deleted)

      ***** LEVEL  1 WARNING FROM <RTFRDR> *****
      ***** Residue already exists.
      ******************************************
      BOMLEV (  0) IS NOT REACHED. WRNLEV IS  5

          RESI SCH3       1.00
 There were  20 warning(s) from RTFRDR.
  
 CHARMM>     
  
 CHARMM>    read para card flex append

          PARAMETER FILE BEING READ FROM UNIT 98
 RDTITL> * RETINAL/RETINOL AND RELATED PARAMETERS
 RDTITL> *
 PARMIO> NONBOND, HBOND lists and IMAGE atoms cleared.
  
 CHARMM>     
  
 VCLOSE: Closing unit   98 with status "KEEP"

                    RETURNING TO INPUT STREAM    99
  
 CHARMM>    stream toppar/toppar_all36_prot_model.str
 VOPEN> Attempting to open::toppar/toppar_all36_prot_model.str::
 OPNLGU> Unit 98 opened for READONLY access to toppar/toppar_all36_prot_model.str

                    INPUT STREAM SWITCHING TO UNIT    98
 RDTITL> *>> ALL-HYDROGEN TOPOLOGY FOR SMALL MODEL COMPOUNDS USED IN THE <<
 RDTITL> *>> DEVELOPMENT OF THE CHARMM22 PROTEIN ALL-HYDROGEN PARAMETERS <<
 RDTITL> *>>>>>>>>>>>>>>>>>>>>>>> JULY 1997 <<<<<<<<<<<<<<<<<<<<<<<<<<<<<<<
 RDTITL> *>>>>>>>> DIRECT COMMENTS TO ALEXANDER D. MACKERELL JR. <<<<<<<<<<
 RDTITL> *>>>>>>>>>>>>>>> PARAMETER FORUM, WWW.CHARMM.ORG <<<<<<<<<<<<<<<<<
 RDTITL> *CONVERTED TO STREAM FORMAT, DECEMBER 2003
 RDTITL> *CONVERTED TO CHARMM36 PROTEIN ATOM TYPES, MAY 2011
 RDTITL> *
 Parameter: IN1 <- "" <empty>
  
 CHARMM>     
  
 CHARMM>    !Parent files that have to be read prior to streaming this file
 CHARMM>    !top_all36_prot.rtf
 CHARMM>    !par_all36_prot.prm
 CHARMM>    !
 CHARMM>    !Testcase
 CHARMM>    !test_all36_prot_model.inp
 CHARMM>     
  
 CHARMM>    !changes after 9/98
 CHARMM>    !
 CHARMM>    !change alkene HA1 and HA2 to HE1 and HE2
 CHARMM>    !
 CHARMM>    !improper atom ordering corrected
 CHARMM>    !
 CHARMM>    !version b5i to be consistent with protein toppar files
 CHARMM>    !
 CHARMM>    !Heme vinyl groups upgraded based on new butene parameters
 CHARMM>    !
 CHARMM>     
  
 CHARMM>    ! references
 CHARMM>    !
 CHARMM>    !PROTEINS
 CHARMM>    !
 CHARMM>    !MacKerell, Jr., A. D.; Bashford, D.; Bellott, M.; Dunbrack Jr., R.L.;
 CHARMM>    !Evanseck, J.D.; Field, M.J.; Fischer, S.; Gao, J.; Guo, H.; Ha, S.;
 CHARMM>    !Joseph-McCarthy, D.; Kuchnir, L.; Kuczera, K.; Lau, F.T.K.; Mattos,
 CHARMM>    !C.; Michnick, S.; Ngo, T.; Nguyen, D.T.; Prodhom, B.; Reiher, III,
 CHARMM>    !W.E.; Roux, B.; Schlenkrich, M.; Smith, J.C.; Stote, R.; Straub, J.;
 CHARMM>    !Watanabe, M.; Wiorkiewicz-Kuczera, J.; Yin, D.; Karplus, M.  All-atom
 CHARMM>    !empirical potential for molecular modeling and dynamics Studies of
 CHARMM>    !proteins.  Journal of Physical Chemistry B, 1998, 102, 3586-3616.
 CHARMM>     
  
 CHARMM>    read rtf card append
 MAINIO> Residue topology file being read from unit  98.
 RDTITL> * TOPOLOGY FOR PROTEIN RELATED MODEL COMPOUNDS
 RDTITL> *
*** WARNING **** residue ACET already exists (old one deleted)

      ***** LEVEL  1 WARNING FROM <RTFRDR> *****
      ***** Residue already exists.
      ******************************************
      BOMLEV (  0) IS NOT REACHED. WRNLEV IS  5

          RESI ACET       -1.00
*** WARNING **** residue PROA already exists (old one deleted)

      ***** LEVEL  1 WARNING FROM <RTFRDR> *****
      ***** Residue already exists.
      ******************************************
      BOMLEV (  0) IS NOT REACHED. WRNLEV IS  5

          RESI PROA       -1.00
*** WARNING **** residue GUAN already exists (old one deleted)

      ***** LEVEL  1 WARNING FROM <RTFRDR> *****
      ***** Residue already exists.
      ******************************************
      BOMLEV (  0) IS NOT REACHED. WRNLEV IS  5

          RESI GUAN        1.00
*** WARNING **** residue MGUA already exists (old one deleted)

      ***** LEVEL  1 WARNING FROM <RTFRDR> *****
      ***** Residue already exists.
      ******************************************
      BOMLEV (  0) IS NOT REACHED. WRNLEV IS  5

          RESI MGUA        1.00
*** WARNING **** residue GLYN already exists (old one deleted)

      ***** LEVEL  1 WARNING FROM <RTFRDR> *****
      ***** Residue already exists.
      ******************************************
      BOMLEV (  0) IS NOT REACHED. WRNLEV IS  5

          RESI GLYN         0.00
*** WARNING **** residue MAMM already exists (old one deleted)

      ***** LEVEL  1 WARNING FROM <RTFRDR> *****
      ***** Residue already exists.
      ******************************************
      BOMLEV (  0) IS NOT REACHED. WRNLEV IS  5

          RESI MAMM        1.00
*** WARNING **** residue EAMM already exists (old one deleted)

      ***** LEVEL  1 WARNING FROM <RTFRDR> *****
      ***** Residue already exists.
      ******************************************
      BOMLEV (  0) IS NOT REACHED. WRNLEV IS  5

          RESI EAMM        1.00
*** WARNING **** residue ACEH already exists (old one deleted)

      ***** LEVEL  1 WARNING FROM <RTFRDR> *****
      ***** Residue already exists.
      ******************************************
      BOMLEV (  0) IS NOT REACHED. WRNLEV IS  5

          RESI ACEH        0.00
*** WARNING **** residue MEOH already exists (old one deleted)

      ***** LEVEL  1 WARNING FROM <RTFRDR> *****
      ***** Residue already exists.
      ******************************************
      BOMLEV (  0) IS NOT REACHED. WRNLEV IS  5

          RESI MEOH        0.00
*** WARNING **** residue METO already exists (old one deleted)

      ***** LEVEL  1 WARNING FROM <RTFRDR> *****
      ***** Residue already exists.
      ******************************************
      BOMLEV (  0) IS NOT REACHED. WRNLEV IS  5

          RESI METO       -1.00
*** WARNING **** residue ETOH already exists (old one deleted)

      ***** LEVEL  1 WARNING FROM <RTFRDR> *****
      ***** Residue already exists.
      ******************************************
      BOMLEV (  0) IS NOT REACHED. WRNLEV IS  5

          RESI ETOH        0.00
*** WARNING **** residue ETO  already exists (old one deleted)

      ***** LEVEL  1 WARNING FROM <RTFRDR> *****
      ***** Residue already exists.
      ******************************************
      BOMLEV (  0) IS NOT REACHED. WRNLEV IS  5

          RESI ETO        -1.00
*** WARNING **** residue PRO2 already exists (old one deleted)

      ***** LEVEL  1 WARNING FROM <RTFRDR> *****
      ***** Residue already exists.
      ******************************************
      BOMLEV (  0) IS NOT REACHED. WRNLEV IS  5

          RESI PRO2        0.00
*** WARNING **** residue FORM already exists (old one deleted)

      ***** LEVEL  1 WARNING FROM <RTFRDR> *****
      ***** Residue already exists.
      ******************************************
      BOMLEV (  0) IS NOT REACHED. WRNLEV IS  5

          RESI FORM        0.00
*** WARNING **** residue ACEM already exists (old one deleted)

      ***** LEVEL  1 WARNING FROM <RTFRDR> *****
      ***** Residue already exists.
      ******************************************
      BOMLEV (  0) IS NOT REACHED. WRNLEV IS  5

          RESI ACEM        0.00
*** WARNING **** residue NMA  already exists (old one deleted)

      ***** LEVEL  1 WARNING FROM <RTFRDR> *****
      ***** Residue already exists.
      ******************************************
      BOMLEV (  0) IS NOT REACHED. WRNLEV IS  5

          RESI NMA         0.00
*** WARNING **** residue MESH already exists (old one deleted)

      ***** LEVEL  1 WARNING FROM <RTFRDR> *****
      ***** Residue already exists.
      ******************************************
      BOMLEV (  0) IS NOT REACHED. WRNLEV IS  5

          RESI MESH        0.00
*** WARNING **** residue MES1 already exists (old one deleted)

      ***** LEVEL  1 WARNING FROM <RTFRDR> *****
      ***** Residue already exists.
      ******************************************
      BOMLEV (  0) IS NOT REACHED. WRNLEV IS  5

          RESI MES1       -1.00
*** WARNING **** residue ETSH already exists (old one deleted)

      ***** LEVEL  1 WARNING FROM <RTFRDR> *****
      ***** Residue already exists.
      ******************************************
      BOMLEV (  0) IS NOT REACHED. WRNLEV IS  5

          RESI ETSH        0.00
*** WARNING **** residue ES1  already exists (old one deleted)

      ***** LEVEL  1 WARNING FROM <RTFRDR> *****
      ***** Residue already exists.
      ******************************************
      BOMLEV (  0) IS NOT REACHED. WRNLEV IS  5

          RESI ES1        -1.00
*** WARNING **** residue DMDS already exists (old one deleted)

      ***** LEVEL  1 WARNING FROM <RTFRDR> *****
      ***** Residue already exists.
      ******************************************
      BOMLEV (  0) IS NOT REACHED. WRNLEV IS  5

          RESI DMDS        0.00
*** WARNING **** residue DEDS already exists (old one deleted)

      ***** LEVEL  1 WARNING FROM <RTFRDR> *****
      ***** Residue already exists.
      ******************************************
      BOMLEV (  0) IS NOT REACHED. WRNLEV IS  5

          RESI DEDS        0.00
*** WARNING **** residue EMS  already exists (old one deleted)

      ***** LEVEL  1 WARNING FROM <RTFRDR> *****
      ***** Residue already exists.
      ******************************************
      BOMLEV (  0) IS NOT REACHED. WRNLEV IS  5

          RESI EMS         0.00
*** WARNING **** residue IMIA already exists (old one deleted)

      ***** LEVEL  1 WARNING FROM <RTFRDR> *****
      ***** Residue already exists.
      ******************************************
      BOMLEV (  0) IS NOT REACHED. WRNLEV IS  5

          RESI IMIA        0.00
*** WARNING **** residue MIMI already exists (old one deleted)

      ***** LEVEL  1 WARNING FROM <RTFRDR> *****
      ***** Residue already exists.
      ******************************************
      BOMLEV (  0) IS NOT REACHED. WRNLEV IS  5

          RESI MIMI        0.00
*** WARNING **** residue EIMI already exists (old one deleted)

      ***** LEVEL  1 WARNING FROM <RTFRDR> *****
      ***** Residue already exists.
      ******************************************
      BOMLEV (  0) IS NOT REACHED. WRNLEV IS  5

          RESI EIMI        0.00
*** WARNING **** residue IMIM already exists (old one deleted)

      ***** LEVEL  1 WARNING FROM <RTFRDR> *****
      ***** Residue already exists.
      ******************************************
      BOMLEV (  0) IS NOT REACHED. WRNLEV IS  5

          RESI IMIM        1.00
*** WARNING **** residue EIMM already exists (old one deleted)

      ***** LEVEL  1 WARNING FROM <RTFRDR> *****
      ***** Residue already exists.
      ******************************************
      BOMLEV (  0) IS NOT REACHED. WRNLEV IS  5

          RESI EIMM        1.00
*** WARNING **** residue BENZ already exists (old one deleted)

      ***** LEVEL  1 WARNING FROM <RTFRDR> *****
      ***** Residue already exists.
      ******************************************
      BOMLEV (  0) IS NOT REACHED. WRNLEV IS  5

          RESI BENZ        0.00
*** WARNING **** residue EBEN already exists (old one deleted)

      ***** LEVEL  1 WARNING FROM <RTFRDR> *****
      ***** Residue already exists.
      ******************************************
      BOMLEV (  0) IS NOT REACHED. WRNLEV IS  5

          RESI EBEN         0.00
*** WARNING **** residue PHEN already exists (old one deleted)

      ***** LEVEL  1 WARNING FROM <RTFRDR> *****
      ***** Residue already exists.
      ******************************************
      BOMLEV (  0) IS NOT REACHED. WRNLEV IS  5

          RESI PHEN        0.00
*** WARNING **** residue EPHE already exists (old one deleted)

      ***** LEVEL  1 WARNING FROM <RTFRDR> *****
      ***** Residue already exists.
      ******************************************
      BOMLEV (  0) IS NOT REACHED. WRNLEV IS  5

          RESI EPHE        0.00
*** WARNING **** residue PHEO already exists (old one deleted)

      ***** LEVEL  1 WARNING FROM <RTFRDR> *****
      ***** Residue already exists.
      ******************************************
      BOMLEV (  0) IS NOT REACHED. WRNLEV IS  5

          RESI PHEO       -1.00
*** WARNING **** residue INDO already exists (old one deleted)

      ***** LEVEL  1 WARNING FROM <RTFRDR> *****
      ***** Residue already exists.
      ******************************************
      BOMLEV (  0) IS NOT REACHED. WRNLEV IS  5

          RESI INDO        0.00
*** WARNING **** residue EIND already exists (old one deleted)

      ***** LEVEL  1 WARNING FROM <RTFRDR> *****
      ***** Residue already exists.
      ******************************************
      BOMLEV (  0) IS NOT REACHED. WRNLEV IS  5

          RESI EIND        0.00
*** WARNING **** residue PDIP already exists (old one deleted)

      ***** LEVEL  1 WARNING FROM <RTFRDR> *****
      ***** Residue already exists.
      ******************************************
      BOMLEV (  0) IS NOT REACHED. WRNLEV IS  5

          RESI PDIP        0.00
*** WARNING **** residue ETHA already exists (old one deleted)

      ***** LEVEL  1 WARNING FROM <RTFRDR> *****
      ***** Residue already exists.
      ******************************************
      BOMLEV (  0) IS NOT REACHED. WRNLEV IS  5

          RESI ETHA        0.00
*** WARNING **** residue PRPA already exists (old one deleted)

      ***** LEVEL  1 WARNING FROM <RTFRDR> *****
      ***** Residue already exists.
      ******************************************
      BOMLEV (  0) IS NOT REACHED. WRNLEV IS  5

          RESI PRPA        0.00
*** WARNING **** residue IBUT already exists (old one deleted)

      ***** LEVEL  1 WARNING FROM <RTFRDR> *****
      ***** Residue already exists.
      ******************************************
      BOMLEV (  0) IS NOT REACHED. WRNLEV IS  5

          RESI IBUT        0.00
*** WARNING **** residue OCOH already exists (old one deleted)

      ***** LEVEL  1 WARNING FROM <RTFRDR> *****
      ***** Residue already exists.
      ******************************************
      BOMLEV (  0) IS NOT REACHED. WRNLEV IS  5

          RESI OCOH    0.0
*** WARNING **** residue CO3  already exists (old one deleted)

      ***** LEVEL  1 WARNING FROM <RTFRDR> *****
      ***** Residue already exists.
      ******************************************
      BOMLEV (  0) IS NOT REACHED. WRNLEV IS  5

          RESI CO3  -2.0
*** WARNING **** residue C3   already exists (old one deleted)

      ***** LEVEL  1 WARNING FROM <RTFRDR> *****
      ***** Residue already exists.
      ******************************************
      BOMLEV (  0) IS NOT REACHED. WRNLEV IS  5

          RESI C3    0.00
 There were  42 warning(s) from RTFRDR.
  
 CHARMM>     
  
 CHARMM>    read para card flex append

          PARAMETER FILE BEING READ FROM UNIT 98
 RDTITL>  
 RDTITL> No title read.
 PARMIO> NONBOND, HBOND lists and IMAGE atoms cleared.
  
 CHARMM>     
  
 CHARMM>    return
 VCLOSE: Closing unit   98 with status "KEEP"

                    RETURNING TO INPUT STREAM    99
  
 CHARMM>    stream toppar/toppar_all36_prot_modify_res.str
 VOPEN> Attempting to open::toppar/toppar_all36_prot_modify_res.str::
 OPNLGU> Unit 98 opened for READONLY access to toppar/toppar_all36_prot_modify_res.str

                    INPUT STREAM SWITCHING TO UNIT    98
 RDTITL> * TOPPAR FILE FOR VARIOUS MODIFIED RESIDUES AND PATCHES, INCLUDING
 RDTITL> * PATCHES TO COVALENTLY LINK RESIDUES TO IONS TO WORK WITH THE
 RDTITL> * ADDITIVE C36 PROTEIN FORCE FIELD
 RDTITL> * REQUIRES CGENFF PARAMETER FILE
 RDTITL> *
 Parameter: IN1 <- "" <empty>
  
 CHARMM>     
  
 CHARMM>    !Acetyllysine (ALY)
 CHARMM>    !Norleucine (NLE) and
 CHARMM>    ! residues and patches for Zn-protein interactions modeled using
 CHARMM>    ! bond and angles between the protein and Zn.
 CHARMM>     
  
 CHARMM>    !non-standard amino acids: 2021
 CHARMM>    !Croitoru, A., Park, S.-J., Kumar, A., Lee, J., Im, Wonpil; MacKerell,
 CHARMM>    !A.D., Jr., and Aleksandrov, A. Additive CHARMM36 Force Field for
 CHARMM>    !Nonstandard Amino Acids, Journal of Chemical Theory and Computation,
 CHARMM>    !17:3554-3570, doi: 10.1021/acs.jctc.1c00254.
 CHARMM>     
  
 CHARMM>    read rtf card append
 MAINIO> Residue topology file being read from unit  98.
 RDTITL> * TOPPAR FILE PROTEIN MODIFICATIONS
 RDTITL> *
*** WARNING **** residue CGU  already exists (old one deleted)

      ***** LEVEL  1 WARNING FROM <RTFRDR> *****
      ***** Residue already exists.
      ******************************************
      BOMLEV (  0) IS NOT REACHED. WRNLEV IS  5

          RESI CGU              -2.000
*** WARNING **** residue CME  already exists (old one deleted)

      ***** LEVEL  1 WARNING FROM <RTFRDR> *****
      ***** Residue already exists.
      ******************************************
      BOMLEV (  0) IS NOT REACHED. WRNLEV IS  5

          RESI CME               0.000
*** WARNING **** residue HIC  already exists (old one deleted)

      ***** LEVEL  1 WARNING FROM <RTFRDR> *****
      ***** Residue already exists.
      ******************************************
      BOMLEV (  0) IS NOT REACHED. WRNLEV IS  5

          RESI HIC               0.000
*** WARNING **** residue HICP already exists (old one deleted)

      ***** LEVEL  1 WARNING FROM <RTFRDR> *****
      ***** Residue already exists.
      ******************************************
      BOMLEV (  0) IS NOT REACHED. WRNLEV IS  5

          RESI HICP              1.000
*** WARNING **** residue CGUP already exists (old one deleted)

      ***** LEVEL  1 WARNING FROM <RTFRDR> *****
      ***** Residue already exists.
      ******************************************
      BOMLEV (  0) IS NOT REACHED. WRNLEV IS  5

          RESI CGUP             -1.000
 There were   5 warning(s) from RTFRDR.
  
 CHARMM>     
  
 CHARMM>    read para card append flex

          PARAMETER FILE BEING READ FROM UNIT 98
 RDTITL>  
 RDTITL> No title read.
 PARMIO> NONBOND, HBOND lists and IMAGE atoms cleared.
  
 CHARMM>     
  
 CHARMM>    return
 VCLOSE: Closing unit   98 with status "KEEP"

                    RETURNING TO INPUT STREAM    99
  
 CHARMM>     
  
 CHARMM>    ! Additional topologies and parameters for nucleic acids
 CHARMM>    stream toppar/toppar_all36_na_nad_ppi.str
 VOPEN> Attempting to open::toppar/toppar_all36_na_nad_ppi.str::
 OPNLGU> Unit 98 opened for READONLY access to toppar/toppar_all36_na_nad_ppi.str

                    INPUT STREAM SWITCHING TO UNIT    98
 RDTITL> * CHARMM36 ALL-HYDROGEN NUCLEIC ACID FORCE TOPPAR STREAM FILE
 RDTITL> * NAD+, NADH, ADP, ATP, PPI AND RELATED ANALOGS
 RDTITL> * A.D. MACKERELL, JR., JULY 2001
 RDTITL> * STREAM FOLLOWING RTF AND PARAM READ OF
 RDTITL> *
 Parameter: IN1 <- "" <empty>
  
 CHARMM>     
  
 CHARMM>    !Update, 2015/1, nomenclature for NAD+ etc. consistent with PDB
 CHARMM>     
  
 CHARMM>    !Parent files that have to be read prior to streaming this file
 CHARMM>    !top_all36_na.rtf
 CHARMM>    !par_all36_na.prm
 CHARMM>     
  
 CHARMM>    !Testcase
 CHARMM>    !test_all36_na_nad_ppi.inp
 CHARMM>     
  
 CHARMM>    !Reference
 CHARMM>    !Pavelites, J.J., Bash, P.A., Gao, J., and MacKerell, Jr.,
 CHARMM>    !A.D. A Molecular Mechanics Force Field for NAD+, NADH and the
 CHARMM>    !Pyrophosphate Groups of Nucleotides, Journal of Computational
 CHARMM>    !Chemistry, 1997, 18: 221-239.
 CHARMM>     
  
 CHARMM>    read rtf card append
 MAINIO> Residue topology file being read from unit  98.
 RDTITL> * NAD, PPI TOPOLOGY
 RDTITL> *
*** WARNING **** residue NIC  already exists (old one deleted)

      ***** LEVEL  1 WARNING FROM <RTFRDR> *****
      ***** Residue already exists.
      ******************************************
      BOMLEV (  0) IS NOT REACHED. WRNLEV IS  5

          RESI NIC         1.00
*** WARNING **** residue NICH already exists (old one deleted)

      ***** LEVEL  1 WARNING FROM <RTFRDR> *****
      ***** Residue already exists.
      ******************************************
      BOMLEV (  0) IS NOT REACHED. WRNLEV IS  5

          RESI NICH         0.00
*** WARNING **** residue PPI1 already exists (old one deleted)

      ***** LEVEL  1 WARNING FROM <RTFRDR> *****
      ***** Residue already exists.
      ******************************************
      BOMLEV (  0) IS NOT REACHED. WRNLEV IS  5

          RESI PPI1        -3.00
*** WARNING **** residue PPI2 already exists (old one deleted)

      ***** LEVEL  1 WARNING FROM <RTFRDR> *****
      ***** Residue already exists.
      ******************************************
      BOMLEV (  0) IS NOT REACHED. WRNLEV IS  5

          RESI PPI2        -2.00
*** WARNING **** residue AMP  already exists (old one deleted)

      ***** LEVEL  1 WARNING FROM <RTFRDR> *****
      ***** Residue already exists.
      ******************************************
      BOMLEV (  0) IS NOT REACHED. WRNLEV IS  5

          RESI AMP         -2.00
*** WARNING **** residue ADP  already exists (old one deleted)

      ***** LEVEL  1 WARNING FROM <RTFRDR> *****
      ***** Residue already exists.
      ******************************************
      BOMLEV (  0) IS NOT REACHED. WRNLEV IS  5

          RESI ADP         -3.00
*** WARNING **** residue ATP  already exists (old one deleted)

      ***** LEVEL  1 WARNING FROM <RTFRDR> *****
      ***** Residue already exists.
      ******************************************
      BOMLEV (  0) IS NOT REACHED. WRNLEV IS  5

          RESI ATP         -4.00
*** WARNING **** residue 5DP  already exists (old one deleted)

      ***** LEVEL  1 WARNING FROM <RTFRDR> *****
      ***** Residue already exists.
      ******************************************
      BOMLEV (  0) IS NOT REACHED. WRNLEV IS  5

          PRES 5DP         -3.00
*** WARNING **** residue NAD  already exists (old one deleted)

      ***** LEVEL  1 WARNING FROM <RTFRDR> *****
      ***** Residue already exists.
      ******************************************
      BOMLEV (  0) IS NOT REACHED. WRNLEV IS  5

          RESI NAD         -1.00
*** WARNING **** residue NADH already exists (old one deleted)

      ***** LEVEL  1 WARNING FROM <RTFRDR> *****
      ***** Residue already exists.
      ******************************************
      BOMLEV (  0) IS NOT REACHED. WRNLEV IS  5

          RESI NADH        -2.00
*** WARNING **** residue NADP already exists (old one deleted)

      ***** LEVEL  1 WARNING FROM <RTFRDR> *****
      ***** Residue already exists.
      ******************************************
      BOMLEV (  0) IS NOT REACHED. WRNLEV IS  5

          RESI NADP        -2.00
*** WARNING **** residue NDPH already exists (old one deleted)

      ***** LEVEL  1 WARNING FROM <RTFRDR> *****
      ***** Residue already exists.
      ******************************************
      BOMLEV (  0) IS NOT REACHED. WRNLEV IS  5

          RESI NDPH        -3.00
 There were  12 warning(s) from RTFRDR.
  
 CHARMM>     
  
 CHARMM>    read para card flex append

          PARAMETER FILE BEING READ FROM UNIT 98
 RDTITL> * NAD, PPI PARAMETERS
 RDTITL> *
 PARMIO> NONBOND, HBOND lists and IMAGE atoms cleared.
  
 CHARMM>     
  
 CHARMM>     
  
 VCLOSE: Closing unit   98 with status "KEEP"

                    RETURNING TO INPUT STREAM    99
  
 CHARMM>    stream toppar/toppar_all36_na_rna_modified.str
 VOPEN> Attempting to open::toppar/toppar_all36_na_rna_modified.str::
 OPNLGU> Unit 98 opened for READONLY access to toppar/toppar_all36_na_rna_modified.str

                    INPUT STREAM SWITCHING TO UNIT    98
 RDTITL> * ADDITIVE CHARMM FORCE FIELD FOR MODIFIED RIBONUCLEIC ACIDS, INCLUDING
 RDTITL> * THOSE FOUNDS IN TRNA. YOU XU, KAROLINSKA INSTITUTET, 2015.
 RDTITL> * |
 RDTITL> * WARNING: PARAMETERS AND ATOM TYPE ASSIGNMENTS IN THIS FILE ARE SPECIFIC
 RDTITL> * FOR THESE COMPOUNDS AND SHOULD UNDER NO CIRCUMSTANCES BE APPLIED TO
 RDTITL> * OTHER ORGANIC MOLECULES
 RDTITL> *
 Parameter: IN1 <- "" <empty>
  
 CHARMM>     
  
 CHARMM>    ! Xu, Y., Vanommeslaeghe, K., Aleksandrov, A., MacKerell, A.D.,
 CHARMM>    ! Jr. Nilsson, L., “Additive CHARMM force field for naturally
 CHARMM>    ! occurring modified ribonucleotides,” Journal of Computational
 CHARMM>    !  Chemistry, DOI: 10.1002/jcc.24307, 2016
 CHARMM>     
  
 CHARMM>    ! Should be used with parent files CGenFF: top_all36_cgenff.inp and par_all36_cgenff.inp
 CHARMM>    !                                    NA36: top_all36_na.inp and par_all36_na.inp
 CHARMM>    !                              and Carb36: top_all36_carb.inp and par_all36_carb.inp
 CHARMM>    !
 CHARMM>     
  
 CHARMM>    read rtf card append
 MAINIO> Residue topology file being read from unit  98.
 RDTITL> * TOPOLOGIES OF MODIFIED NUCLEOTIDES
 RDTITL> *
*** WARNING **** residue BUG  already exists (old one deleted)

      ***** LEVEL  1 WARNING FROM <RTFRDR> *****
      ***** Residue already exists.
      ******************************************
      BOMLEV (  0) IS NOT REACHED. WRNLEV IS  5

          RESI BUG           -1.00
 There were   1 warning(s) from RTFRDR.
  
 CHARMM>     
  
 CHARMM>    read param card flex append

          PARAMETER FILE BEING READ FROM UNIT 98
 RDTITL> * ADDITIVE CHARMM PARAMETERS FOR MODIFIED NUCLEIC ACIDS, BETA VERSION
 RDTITL> * YOU XU, KAROLINSKA INSTITUTET, 2015.
 RDTITL> *
 PARMIO> NONBOND, HBOND lists and IMAGE atoms cleared.
  
 CHARMM>    RETURN
 VCLOSE: Closing unit   98 with status "KEEP"

                    RETURNING TO INPUT STREAM    99
  
 CHARMM>     
  
 CHARMM>    ! Additional topologies and parameters for lipids
 CHARMM>    stream toppar/toppar_all36_lipid_sphingo.str
 VOPEN> Attempting to open::toppar/toppar_all36_lipid_sphingo.str::
 OPNLGU> Unit 98 opened for READONLY access to toppar/toppar_all36_lipid_sphingo.str

                    INPUT STREAM SWITCHING TO UNIT    98
 RDTITL> * TOPPAR STREAM FOR CERAMIDES AND SPINGOMYELINS; REQUIRES FLEX FORMAT FILES
 RDTITL> * TOP_ALL36_LIPID.RTF AND PAR_ALL36_LIPID.PRM
 RDTITL> *
 Parameter: IN1 <- "" <empty>
  
 CHARMM>     
  
 CHARMM>    ! REFERENCES
 CHARMM>    !
 CHARMM>    ! PSM and SSM Lipids
 CHARMM>    !
 CHARMM>    ! Venable, R. M.; Sodt, A. J.; Rogaski, B.; Rui, H.; Hatcher, E.; MacKerell, A. D.;
 CHARMM>    ! Pastor, R. W.; Klauda, J. B., CHARMM All-Atom Additive Force Field for Sphingomyelin:
 CHARMM>    ! Elucidation of Hydrogen Bonding and of Positive Curvature. Biophys. J. 2014, 107 (1), 134-145
 CHARMM>    !
 CHARMM>    ! Ceramide
 CHARMM>    !
 CHARMM>    ! Submited by Sam Tonddast-Navaei of U. Cincinnati. Advised by Russell Devane
 CHARMM>    ! Tested by Eric Wang of U. Maryland. Advised by Jeffery Klauda
 CHARMM>    !
 CHARMM>    !
 CHARMM>    ! CerAP/Cer6, CerNP/Cer3, and CerEOS/Cer1
 CHARMM>    !
 CHARMM>    ! Wang, E.; Klauda, J. B., Structure and Permeability of Ceramide Bilayers and Multilayers.
 CHARMM>    ! J. Phys. Chem. B., 2019, 123, 11, 2525-2535
 CHARMM>    ! Wang, E.; Klauda, J. B., Molecular Structure of the Long Periodicity Phase in the Stratum Corneum.
 CHARMM>    ! J. Amer. Chem. Soc., 2019. 141, 42, 16930-16943
 CHARMM>     
  
 CHARMM>    set nat ?NATC
 RDCMND substituted energy or value "?NATC" to "570"
 Parameter: NAT <- "570"
  
 CHARMM>    set app
 Parameter: APP <- "" <empty>
  
 CHARMM>    !We're exploiting what is arguably a bug in the parser. On the left hand side,
 CHARMM>    !the quotes have proirity, so NAT is correctly substituted. On the right hand
 CHARMM>    !side, the ? has priority and NATC" (sic) is not a valid substitution...
 CHARMM>    if "@NAT" ne "?NATC" if @nat ne 0 set app append
 Parameter: NAT -> "570"
 Parameter: NAT -> "570"
 RDCMND: can not substitute energy "?NATC""
 Comparing ""570"" and ""?NATC"".
 IF test evaluated as true.  Performing command
 Comparing "570" and "0".
 IF test evaluated as true.  Performing command
 Parameter: APP <- "APPEND"
  
 CHARMM>     
  
 CHARMM>    read rtf card @app
 Parameter: APP -> "APPEND"
 MAINIO> Residue topology file being read from unit  98.
 RDTITL> * CER/SM RESIDUES
 RDTITL> *
  
 CHARMM>     
  
 CHARMM>    read para card flex @app
 Parameter: APP -> "APPEND"

          PARAMETER FILE BEING READ FROM UNIT 98
 RDTITL> * NEW PARAMETERS
 RDTITL> *
 PARRDR> Error: Repeated DIHE parameter ( 14695): NHL   C     CTO1  HAL1 is replaced
 PARRDR> Error: Repeated DIHE parameter ( 14716): O     C     CTO1  HAL1 is replaced
 PARMIO> NONBOND, HBOND lists and IMAGE atoms cleared.
  
 CHARMM>     
  
 CHARMM>    return
 VCLOSE: Closing unit   98 with status "KEEP"

                    RETURNING TO INPUT STREAM    99
  
 CHARMM>    stream toppar/toppar_all36_lipid_archaeal.str
 VOPEN> Attempting to open::toppar/toppar_all36_lipid_archaeal.str::
 OPNLGU> Unit 98 opened for READONLY access to toppar/toppar_all36_lipid_archaeal.str

                    INPUT STREAM SWITCHING TO UNIT    98
 RDTITL> * TOPPAR STREAM FILE FOR ARCHAEAL LIPIDS.
 RDTITL> *
 Parameter: IN1 <- "" <empty>
  
 CHARMM>     
  
 CHARMM>    ! This is an on-going file of archaeal lipids
 CHARMM>    ! I am adding meanquinone-7 now
 CHARMM>     
  
 CHARMM>    read rtf card append
 MAINIO> Residue topology file being read from unit  98.
 RDTITL> * ARCHAEAL LIPIDS
 RDTITL> *
  
 CHARMM>     
  
 CHARMM>    read param card flex append

          PARAMETER FILE BEING READ FROM UNIT 98
 RDTITL> * PARAMETERS GENERATED BY ANALOGY BY CGENFF
 RDTITL> *
 PARMIO> NONBOND, HBOND lists and IMAGE atoms cleared.
  
 CHARMM>     
  
 CHARMM>    RETURN
 VCLOSE: Closing unit   98 with status "KEEP"

                    RETURNING TO INPUT STREAM    99
  
 CHARMM>    stream toppar/toppar_all36_lipid_bacterial.str
 VOPEN> Attempting to open::toppar/toppar_all36_lipid_bacterial.str::
 OPNLGU> Unit 98 opened for READONLY access to toppar/toppar_all36_lipid_bacterial.str

                    INPUT STREAM SWITCHING TO UNIT    98
 RDTITL> * TOPPAR STREAM FILE FOR BRANCHED AND CYCLIC CHAINED LIPIDS.  FOLLOWING READING OF
 RDTITL> * TOP_ALL36_LIPID.RTF
 RDTITL> * AND
 RDTITL> * PAR_ALL36_LIPID.RTF
 RDTITL> *
 Parameter: IN1 <- "" <empty>
  
 CHARMM>     
  
 CHARMM>    ! REFERENCES
 CHARMM>    !
 CHARMM>    ! Branched Lipids
 CHARMM>    !
 CHARMM>    ! Lim, J.B. & Klauda, J.B. Branching at the Iso- and Anteiso- Positions in Complex Chlamydia
 CHARMM>    ! Membranes: A Molecular Dynamics Study. Biochimica et Biophysica Acta (BBA) - Biomembranes
 CHARMM>    ! 1808:323-331 (2011).
 CHARMM>    !
 CHARMM>    ! Cyclic-replacement of double bond
 CHARMM>    !
 CHARMM>    ! Pandit, K.R. & Klauda, J.B. Membrane models of E. coli containing cyclic moieties in
 CHARMM>    ! the aliphatic lipid chain. Biochimica et Biophysica Acta (BBA) - Biomembranes
 CHARMM>    ! 1818:1205-1210 (2012).
 CHARMM>    !
 CHARMM>     
  
 CHARMM>    set nat ?NATC
 RDCMND substituted energy or value "?NATC" to "575"
 Parameter: NAT <- "575"
  
 CHARMM>    set app
 Parameter: APP <- "" <empty>
  
 CHARMM>    !We're exploiting what is arguably a bug in the parser. On the left hand side,
 CHARMM>    !the quotes have proirity, so NAT is correctly substituted. On the right hand
 CHARMM>    !side, the ? has priority and NATC" (sic) is not a valid substitution...
 CHARMM>    if "@NAT" ne "?NATC" if @nat ne 0 set app append
 Parameter: NAT -> "575"
 Parameter: NAT -> "575"
 RDCMND: can not substitute energy "?NATC""
 Comparing ""575"" and ""?NATC"".
 IF test evaluated as true.  Performing command
 Comparing "575" and "0".
 IF test evaluated as true.  Performing command
 Parameter: APP <- "APPEND"
  
 CHARMM>     
  
 CHARMM>    read rtf card @app
 Parameter: APP -> "APPEND"
 MAINIO> Residue topology file being read from unit  98.
 RDTITL> * CHOLESTEROL RESIDUES
 RDTITL> *
  
 CHARMM>     
  
 CHARMM>    read para card flex @app
 Parameter: APP -> "APPEND"

          PARAMETER FILE BEING READ FROM UNIT 98
 RDTITL> * NEW PARAMETERS
 RDTITL> *
 PARMIO> NONBOND, HBOND lists and IMAGE atoms cleared.
  
 CHARMM>     
  
 CHARMM>    return
 VCLOSE: Closing unit   98 with status "KEEP"

                    RETURNING TO INPUT STREAM    99
  
 CHARMM>    stream toppar/toppar_all36_lipid_cardiolipin.str
 VOPEN> Attempting to open::toppar/toppar_all36_lipid_cardiolipin.str::
 OPNLGU> Unit 98 opened for READONLY access to toppar/toppar_all36_lipid_cardiolipin.str

                    INPUT STREAM SWITCHING TO UNIT    98
 RDTITL> READ RTF CARD APPEND FLEX
 RDTITL> No title read.
 Parameter: IN1 <- "" <empty>
  
 CHARMM>    read rtf card append flex
 MAINIO> Residue topology file being read from unit  98.
 RDTITL>  
 RDTITL> No title read.
 WARNING from DECODI -- Zero length string being converted to 0
 RTFRDR> WARNING: Version number is NOT specified.
  
 CHARMM>     
  
 CHARMM>    return
 VCLOSE: Closing unit   98 with status "KEEP"

                    RETURNING TO INPUT STREAM    99
  
 CHARMM>    stream toppar/toppar_all36_lipid_cholesterol.str
 VOPEN> Attempting to open::toppar/toppar_all36_lipid_cholesterol.str::
 OPNLGU> Unit 98 opened for READONLY access to toppar/toppar_all36_lipid_cholesterol.str

                    INPUT STREAM SWITCHING TO UNIT    98
 RDTITL> * TOPPAR STREAM FILE FOR CHOLESTEROL.  STREAM FOLLOWING READING OF
 RDTITL> * TOP_ALL36_LIPID.RTF
 RDTITL> * PAR_ALL36_LIPID.RTF
 RDTITL> * TOP_ALL36_CGENFF.RTF
 RDTITL> * AND PAR_ALL36_CGENFF.PRM
 RDTITL> *
 Parameter: IN1 <- "" <empty>
  
 CHARMM>     
  
 CHARMM>    !topology and parameters are included for two cholesterol models. the
 CHARMM>    !model may be selected by setting variable chol_model to 1 or 2, as
 CHARMM>    !specified below
 CHARMM>    !
 CHARMM>     
  
 CHARMM>    set chol_model 1 !2 for original Suits et al. model
 Parameter: CHOL_MODEL <- "1"
  
 CHARMM>     
  
 CHARMM>    !
 CHARMM>    !1) Revised model of Lim et al.  This contains a number of NBFIXes that
 CHARMM>    !makes it unsuitable for ANTON (set chol_model 1)
 CHARMM>    !
 CHARMM>    !2) Original model of Suits et al., which is used on ANTON as well as
 CHARMM>    !being suitable for other systems (set chol_model 2 (or anything but 1....))
 CHARMM>    !
 CHARMM>    !references
 CHARMM>    !
 CHARMM>    !Lim, J.B., Rogaski, B. and Klauda, J.B.. "Update of the Cholesterol Force Field
 CHARMM>    !Parameters in CHARMM" 116: 203-210 (2012).
 CHARMM>    !
 CHARMM>    !Suits, F., Pitman, M., MacKerell, A.D., Jr., Feller, S.E. "Molecular Level
 CHARMM>    !Organization of Saturated and Polyunsaturated Fatty Acids in a
 CHARMM>    !Phosphatidylcholine Bilayer Containing Cholesterol" Biochemistry,
 CHARMM>    !43(49):15318-28, 2004
 CHARMM>    !
 CHARMM>     
  
 CHARMM>    !test "append"
 CHARMM>    set nat ?NATC
 RDCMND substituted energy or value "?NATC" to "575"
 Parameter: NAT <- "575"
  
 CHARMM>    set app
 Parameter: APP <- "" <empty>
  
 CHARMM>    !We're exploiting what is arguably a bug in the parser. On the left hand side,
 CHARMM>    !the quotes have priority, so NAT is correctly substituted. On the right hand
 CHARMM>    !side, the ? has priority and NATC" (sic) is not a valid substitution...
 CHARMM>    if "@NAT" ne "?NATC" if @nat ne 0 set app append
 Parameter: NAT -> "575"
 Parameter: NAT -> "575"
 RDCMND: can not substitute energy "?NATC""
 Comparing ""575"" and ""?NATC"".
 IF test evaluated as true.  Performing command
 Comparing "575" and "0".
 IF test evaluated as true.  Performing command
 Parameter: APP <- "APPEND"
  
 CHARMM>     
  
 CHARMM>    if chol_model eq 1 then
 Comparing "1" and "1".
 IF test evaluated as true.  Performing command
  
 CHARMM>     
  
 CHARMM>    ! reference
 CHARMM>    ! Lim, J.B., Rogaski, B. and Klauda, J.B.. "Update of the Cholesterol Force Field
 CHARMM>    ! Parameters in CHARMM" 116: 203-210 (2012).
 CHARMM>    !
 CHARMM>     
  
 CHARMM>    read rtf card @app
 Parameter: APP -> "APPEND"
 MAINIO> Residue topology file being read from unit  98.
 RDTITL> * TOPOLOGY FOR CHOLESTEROL
 RDTITL> *
  
 CHARMM>     
  
 CHARMM>    read param card flex @app
 Parameter: APP -> "APPEND"

          PARAMETER FILE BEING READ FROM UNIT 98
 RDTITL> * CHOLESTEROL PARAMETERS
 RDTITL> *
 PARRDR> Error: Repeated DIHE parameter ( 15055): OG31  CG30  CG3C  CG3C is replaced
 PARRDR> Error: Repeated DIHE parameter ( 15056): OG31  CG30  CG3C  CG3R is replaced
 PARRDR> Error: Repeated DIHE parameter ( 15057): OG31  CG30  CG3C  HGA1 is replaced
 PARRDR> Error: Repeated DIHE parameter ( 15055): OG31  CG30  CG3C  CG3C is replaced
 PARRDR> Error: Repeated DIHE parameter ( 15056): OG31  CG30  CG3C  CG3R is replaced
 PARRDR> Error: Repeated DIHE parameter ( 15057): OG31  CG30  CG3C  HGA1 is replaced
 PARMIO> NONBOND, HBOND lists and IMAGE atoms cleared.
  
 CHARMM>     
  
 CHARMM>    return
 VCLOSE: Closing unit   98 with status "KEEP"

                    RETURNING TO INPUT STREAM    99
  
 CHARMM>    stream toppar/toppar_all36_lipid_dag.str
 VOPEN> Attempting to open::toppar/toppar_all36_lipid_dag.str::
 OPNLGU> Unit 98 opened for READONLY access to toppar/toppar_all36_lipid_dag.str

                    INPUT STREAM SWITCHING TO UNIT    98
 RDTITL> READ RTF CARD APPEND
 RDTITL> No title read.
 Parameter: IN1 <- "" <empty>
  
 CHARMM>    read rtf card append
 MAINIO> Residue topology file being read from unit  98.
 RDTITL> * TOPOLOGY FOR LIPIDA FROM DAG
 RDTITL> *
  
 VCLOSE: Closing unit   98 with status "KEEP"

                    RETURNING TO INPUT STREAM    99
  
 CHARMM>    stream toppar/toppar_all36_lipid_inositol.str
 VOPEN> Attempting to open::toppar/toppar_all36_lipid_inositol.str::
 OPNLGU> Unit 98 opened for READONLY access to toppar/toppar_all36_lipid_inositol.str

                    INPUT STREAM SWITCHING TO UNIT    98
 RDTITL> READ RTF CARD APPEND
 RDTITL> No title read.
 Parameter: IN1 <- "" <empty>
  
 CHARMM>    read rtf card append
 MAINIO> Residue topology file being read from unit  98.
 RDTITL> * TOPOLOGY FOR INOSITOL-BASED LIPIDS
 RDTITL> *
  
 CHARMM>     
  
 CHARMM>    RETURN
 VCLOSE: Closing unit   98 with status "KEEP"

                    RETURNING TO INPUT STREAM    99
  
 CHARMM>    stream toppar/toppar_all36_lipid_lnp.str
 VOPEN> Attempting to open::toppar/toppar_all36_lipid_lnp.str::
 OPNLGU> Unit 98 opened for READONLY access to toppar/toppar_all36_lipid_lnp.str

                    INPUT STREAM SWITCHING TO UNIT    98
 RDTITL> READ RTF CARD APPEND
 RDTITL> No title read.
 Parameter: IN1 <- "" <empty>
  
 CHARMM>    read rtf card append
 MAINIO> Residue topology file being read from unit  98.
 RDTITL> * LNP
 RDTITL> *

      ***** LEVEL  1 WARNING FROM <DECODF> *****
      ***** Zero length string
      ******************************************
      BOMLEV (  0) IS NOT REACHED. WRNLEV IS  5

 WARNING from DECODF -- Zero length string being converted to 0.
 **** WARNING from RTFRDR **** The total charge of the residue, DAGP,  -0.0100000,
 does not equal the expected charge,   0.0000000.

      ***** LEVEL  1 WARNING FROM <DECODF> *****
      ***** Zero length string
      ******************************************
      BOMLEV (  0) IS NOT REACHED. WRNLEV IS  5

 WARNING from DECODF -- Zero length string being converted to 0.
          PRES DPEPEG
 **** WARNING from RTFRDR **** The total charge of the residue, DPEP,  -0.0100000,
 does not equal the expected charge,   0.0000000.
 There were   2 warning(s) from RTFRDR.
  
 CHARMM>     
  
 CHARMM>    read param card flex append

          PARAMETER FILE BEING READ FROM UNIT 98
 RDTITL> * LNP
 RDTITL> *
 PARMIO> NONBOND, HBOND lists and IMAGE atoms cleared.
  
 CHARMM>     
  
 CHARMM>    RETURN
 VCLOSE: Closing unit   98 with status "KEEP"

                    RETURNING TO INPUT STREAM    99
  
 CHARMM>    stream toppar/toppar_all36_lipid_lps.str
 VOPEN> Attempting to open::toppar/toppar_all36_lipid_lps.str::
 OPNLGU> Unit 98 opened for READONLY access to toppar/toppar_all36_lipid_lps.str

                    INPUT STREAM SWITCHING TO UNIT    98
 RDTITL> READ RTF CARD APPEND
 RDTITL> No title read.
 Parameter: IN1 <- "" <empty>
  
 CHARMM>    read rtf card append
 MAINIO> Residue topology file being read from unit  98.
 RDTITL> * TOPOLOGY FOR LIPIDA FROM LPS
 RDTITL> *
 WARNING from DECODI -- Zero length string being converted to 0
 RTFRDR> WARNING: Version number is NOT specified.
  
 CHARMM>     
  
 CHARMM>     
  
 CHARMM>    read param card append flex

          PARAMETER FILE BEING READ FROM UNIT 98
 RDTITL> *    NEW PARAMETES
 RDTITL> *
 PARMIO> NONBOND, HBOND lists and IMAGE atoms cleared.
  
 CHARMM>     
  
 VCLOSE: Closing unit   98 with status "KEEP"

                    RETURNING TO INPUT STREAM    99
  
 CHARMM>    stream toppar/toppar_all36_lipid_mycobacterial.str
 VOPEN> Attempting to open::toppar/toppar_all36_lipid_mycobacterial.str::
 OPNLGU> Unit 98 opened for READONLY access to toppar/toppar_all36_lipid_mycobacterial.str

                    INPUT STREAM SWITCHING TO UNIT    98
 RDTITL> * TOPPAR STREAM FILE FOR BRANCHED AND CYCLIC CHAINED LIPIDS.  FOLLOWING READING OF
 RDTITL> * TOP_ALL36_LIPID.RTF, PAR_ALL36_LIPID.PRM
 RDTITL> * AND
 RDTITL> * TOPPAR_ALL36_LIPID_BACTERIAL.STR
 RDTITL> *
 Parameter: IN1 <- "" <empty>
  
 CHARMM>     
  
 CHARMM>    read rtf card append
 MAINIO> Residue topology file being read from unit  98.
 RDTITL> * CHOLESTEROL RESIDUES
 RDTITL> *
  
 CHARMM>     
  
 CHARMM>    read para card flex @app
 Parameter: APP -> "APPEND"

          PARAMETER FILE BEING READ FROM UNIT 98
 RDTITL> * NEW PARAMETERS
 RDTITL> *
 PARRDR> Error: Repeated ANGLE parameter (  4989): CEL1  CEL1  CTL1 is replaced
 PARRDR> Error: Repeated DIHE parameter ( 15289): CTL2  CG2O  CTL1  CTL3 is replaced
 PARRDR> Error: Repeated DIHE parameter ( 15290): CTL2  CG2O  CTL1  CTL3 is replaced
 PARRDR> Error: Repeated DIHE parameter ( 15289): CTL2  CG2O  CTL1  CTL3 is replaced
 PARRDR> Error: Repeated DIHE parameter ( 15290): CTL2  CG2O  CTL1  CTL3 is replaced
 PARMIO> NONBOND, HBOND lists and IMAGE atoms cleared.
  
 CHARMM>     
  
 CHARMM>    RETURN
 VCLOSE: Closing unit   98 with status "KEEP"

                    RETURNING TO INPUT STREAM    99
  
 CHARMM>    stream toppar/toppar_all36_lipid_miscellaneous.str
 VOPEN> Attempting to open::toppar/toppar_all36_lipid_miscellaneous.str::
 OPNLGU> Unit 98 opened for READONLY access to toppar/toppar_all36_lipid_miscellaneous.str

                    INPUT STREAM SWITCHING TO UNIT    98
 RDTITL> READ RTF CARD APPEND FLEX
 RDTITL> No title read.
 Parameter: IN1 <- "" <empty>
  
 CHARMM>    read rtf card append flex
 MAINIO> Residue topology file being read from unit  98.
 RDTITL> * TOPOLOGY FOR MISCELLANEOUS LIPIDS
 RDTITL> *
  
 CHARMM>     
  
 CHARMM>    read param card flex append

          PARAMETER FILE BEING READ FROM UNIT 98
 RDTITL> * PARAMETER FOR ACYL PYROPHOSPHATE: ADDED 2019_7
 RDTITL> *
 PARMIO> NONBOND, HBOND lists and IMAGE atoms cleared.
  
 CHARMM>     
  
 CHARMM>    return
 VCLOSE: Closing unit   98 with status "KEEP"

                    RETURNING TO INPUT STREAM    99
  
 CHARMM>    stream toppar/toppar_all36_lipid_model.str
 VOPEN> Attempting to open::toppar/toppar_all36_lipid_model.str::
 OPNLGU> Unit 98 opened for READONLY access to toppar/toppar_all36_lipid_model.str

                    INPUT STREAM SWITCHING TO UNIT    98
 RDTITL> * CHARMM36 ALL-HYDROGEN LIPID FORCE FIELD TOPPAR STREAM FILE
 RDTITL> * COLLECTION OF RESIDUES AND PATCHES FOR MODEL COMPOUNDS USED
 RDTITL> * IN THE OPTIMIZATION THE LIPID FORCE FIELD.
 RDTITL> *
 Parameter: IN1 <- "" <empty>
  
 CHARMM>     
  
 CHARMM>    !Parent files that have to be read prior to streaming this file
 CHARMM>    !top_all36_lipid.rtf
 CHARMM>    !par_all36_lipid.prm
 CHARMM>     
  
 CHARMM>    !Testcase
 CHARMM>    !test_all36_lipid_model.inp
 CHARMM>     
  
 CHARMM>    read rtf card append
 MAINIO> Residue topology file being read from unit  98.
 RDTITL> * C36 LIPID MODEL COMPOUNDS
 RDTITL> *
*** WARNING **** residue MAS  already exists (old one deleted)

      ***** LEVEL  1 WARNING FROM <RTFRDR> *****
      ***** Residue already exists.
      ******************************************
      BOMLEV (  0) IS NOT REACHED. WRNLEV IS  5

          RESI MAS          0.00
*** WARNING **** residue ETAC already exists (old one deleted)

      ***** LEVEL  1 WARNING FROM <RTFRDR> *****
      ***** Residue already exists.
      ******************************************
      BOMLEV (  0) IS NOT REACHED. WRNLEV IS  5

          RESI ETAC         0.00
*** WARNING **** residue MPRO already exists (old one deleted)

      ***** LEVEL  1 WARNING FROM <RTFRDR> *****
      ***** Residue already exists.
      ******************************************
      BOMLEV (  0) IS NOT REACHED. WRNLEV IS  5

          RESI MPRO         0.00
*** WARNING **** residue MP_1 already exists (old one deleted)

      ***** LEVEL  1 WARNING FROM <RTFRDR> *****
      ***** Residue already exists.
      ******************************************
      BOMLEV (  0) IS NOT REACHED. WRNLEV IS  5

          RESI MP_1        -1.00
*** WARNING **** residue MP_2 already exists (old one deleted)

      ***** LEVEL  1 WARNING FROM <RTFRDR> *****
      ***** Residue already exists.
      ******************************************
      BOMLEV (  0) IS NOT REACHED. WRNLEV IS  5

          RESI MP_2        -2.00
*** WARNING **** residue MSO4 already exists (old one deleted)

      ***** LEVEL  1 WARNING FROM <RTFRDR> *****
      ***** Residue already exists.
      ******************************************
      BOMLEV (  0) IS NOT REACHED. WRNLEV IS  5

          RESI MSO4        -1.00
*** WARNING **** residue BUTA already exists (old one deleted)

      ***** LEVEL  1 WARNING FROM <RTFRDR> *****
      ***** Residue already exists.
      ******************************************
      BOMLEV (  0) IS NOT REACHED. WRNLEV IS  5

          RESI BUTA         0.00
*** WARNING **** residue PENT already exists (old one deleted)

      ***** LEVEL  1 WARNING FROM <RTFRDR> *****
      ***** Residue already exists.
      ******************************************
      BOMLEV (  0) IS NOT REACHED. WRNLEV IS  5

          RESI PENT         0.00
*** WARNING **** residue HEXA already exists (old one deleted)

      ***** LEVEL  1 WARNING FROM <RTFRDR> *****
      ***** Residue already exists.
      ******************************************
      BOMLEV (  0) IS NOT REACHED. WRNLEV IS  5

          RESI HEXA         0.00
*** WARNING **** residue ETHE already exists (old one deleted)

      ***** LEVEL  1 WARNING FROM <RTFRDR> *****
      ***** Residue already exists.
      ******************************************
      BOMLEV (  0) IS NOT REACHED. WRNLEV IS  5

          RESI ETHE       0.00
*** WARNING **** residue PRPE already exists (old one deleted)

      ***** LEVEL  1 WARNING FROM <RTFRDR> *****
      ***** Residue already exists.
      ******************************************
      BOMLEV (  0) IS NOT REACHED. WRNLEV IS  5

          RESI PRPE       0.00
*** WARNING **** residue BTE1 already exists (old one deleted)

      ***** LEVEL  1 WARNING FROM <RTFRDR> *****
      ***** Residue already exists.
      ******************************************
      BOMLEV (  0) IS NOT REACHED. WRNLEV IS  5

          RESI BTE1       0.00
*** WARNING **** residue BTE2 already exists (old one deleted)

      ***** LEVEL  1 WARNING FROM <RTFRDR> *****
      ***** Residue already exists.
      ******************************************
      BOMLEV (  0) IS NOT REACHED. WRNLEV IS  5

          RESI BTE2       0.00
*** WARNING **** residue DIPE already exists (old one deleted)

      ***** LEVEL  1 WARNING FROM <RTFRDR> *****
      ***** Residue already exists.
      ******************************************
      BOMLEV (  0) IS NOT REACHED. WRNLEV IS  5

          RESI DIPE       0.00
*** WARNING **** residue DIHE already exists (old one deleted)

      ***** LEVEL  1 WARNING FROM <RTFRDR> *****
      ***** Residue already exists.
      ******************************************
      BOMLEV (  0) IS NOT REACHED. WRNLEV IS  5

          RESI DIHE       0.00
*** WARNING **** residue NC4  already exists (old one deleted)

      ***** LEVEL  1 WARNING FROM <RTFRDR> *****
      ***** Residue already exists.
      ******************************************
      BOMLEV (  0) IS NOT REACHED. WRNLEV IS  5

          RESI NC4          1.00
*** WARNING **** residue NC5  already exists (old one deleted)

      ***** LEVEL  1 WARNING FROM <RTFRDR> *****
      ***** Residue already exists.
      ******************************************
      BOMLEV (  0) IS NOT REACHED. WRNLEV IS  5

          RESI NC5          1.00
*** WARNING **** residue CHOL already exists (old one deleted)

      ***** LEVEL  1 WARNING FROM <RTFRDR> *****
      ***** Residue already exists.
      ******************************************
      BOMLEV (  0) IS NOT REACHED. WRNLEV IS  5

          RESI CHOL         1.00
*** WARNING **** residue ACHO already exists (old one deleted)

      ***** LEVEL  1 WARNING FROM <RTFRDR> *****
      ***** Residue already exists.
      ******************************************
      BOMLEV (  0) IS NOT REACHED. WRNLEV IS  5

          RESI ACHO         1.00
*** WARNING **** residue PC   already exists (old one deleted)

      ***** LEVEL  1 WARNING FROM <RTFRDR> *****
      ***** Residue already exists.
      ******************************************
      BOMLEV (  0) IS NOT REACHED. WRNLEV IS  5

          RESI PC           0.00
*** WARNING **** residue GPC  already exists (old one deleted)

      ***** LEVEL  1 WARNING FROM <RTFRDR> *****
      ***** Residue already exists.
      ******************************************
      BOMLEV (  0) IS NOT REACHED. WRNLEV IS  5

          RESI GPC          0.00
*** WARNING **** residue TEA  already exists (old one deleted)

      ***** LEVEL  1 WARNING FROM <RTFRDR> *****
      ***** Residue already exists.
      ******************************************
      BOMLEV (  0) IS NOT REACHED. WRNLEV IS  5

          RESI TEA          1.00
*** WARNING **** residue ETAM already exists (old one deleted)

      ***** LEVEL  1 WARNING FROM <RTFRDR> *****
      ***** Residue already exists.
      ******************************************
      BOMLEV (  0) IS NOT REACHED. WRNLEV IS  5

          RESI ETAM       1.00
*** WARNING **** residue GLYC already exists (old one deleted)

      ***** LEVEL  1 WARNING FROM <RTFRDR> *****
      ***** Residue already exists.
      ******************************************
      BOMLEV (  0) IS NOT REACHED. WRNLEV IS  5

          RESI GLYC         0.00
*** WARNING **** residue MBUT already exists (old one deleted)

      ***** LEVEL  1 WARNING FROM <RTFRDR> *****
      ***** Residue already exists.
      ******************************************
      BOMLEV (  0) IS NOT REACHED. WRNLEV IS  5

          RESI MBUT         0.00
 There were  25 warning(s) from RTFRDR.
  
 CHARMM>     
  
 CHARMM>    return
 VCLOSE: Closing unit   98 with status "KEEP"

                    RETURNING TO INPUT STREAM    99
  
 CHARMM>    stream toppar/toppar_all36_lipid_prot.str
 VOPEN> Attempting to open::toppar/toppar_all36_lipid_prot.str::
 OPNLGU> Unit 98 opened for READONLY access to toppar/toppar_all36_lipid_prot.str

                    INPUT STREAM SWITCHING TO UNIT    98
 RDTITL> * TOPOLOGY AND PARAMETERS FOR LIPID TAIL LINKERS TO CYSTEINE AND GLYCINE,
 RDTITL> * FOR EXAMPLE, PALMITOYLATION, MARISTOYLATION, FERNASYLATION, GERANYLATION
 RDTITL> *
 Parameter: IN1 <- "" <empty>
  
 CHARMM>     
  
 CHARMM>    read rtf card append
 MAINIO> Residue topology file being read from unit  98.
 RDTITL> * LIPID-MODIFIED PROTEIN RESIDUES
 RDTITL> *
  
 CHARMM>     
  
 CHARMM>    read para card append flex

          PARAMETER FILE BEING READ FROM UNIT 98
 RDTITL> * CYSTEIN-PALMITATE PARAMETERS
 RDTITL> *
 PARMIO> NONBOND, HBOND lists and IMAGE atoms cleared.
  
 CHARMM>     
  
 CHARMM>    return
 VCLOSE: Closing unit   98 with status "KEEP"

                    RETURNING TO INPUT STREAM    99
  
 CHARMM>    stream toppar/toppar_all36_lipid_tag.str
 VOPEN> Attempting to open::toppar/toppar_all36_lipid_tag.str::
 OPNLGU> Unit 98 opened for READONLY access to toppar/toppar_all36_lipid_tag.str

                    INPUT STREAM SWITCHING TO UNIT    98
 RDTITL> READ RTF CARD APPEND
 RDTITL> No title read.
 Parameter: IN1 <- "" <empty>
  
 CHARMM>    read rtf card append
 MAINIO> Residue topology file being read from unit  98.
 RDTITL> * TOPOLOGY FOR TRIACYLGLYCEROLS [STEPHEN GEE FROM LEHIGH UNIVERSITY]
 RDTITL> *
  
 VCLOSE: Closing unit   98 with status "KEEP"

                    RETURNING TO INPUT STREAM    99
  
 CHARMM>    stream toppar/toppar_all36_lipid_yeast.str
 VOPEN> Attempting to open::toppar/toppar_all36_lipid_yeast.str::
 OPNLGU> Unit 98 opened for READONLY access to toppar/toppar_all36_lipid_yeast.str

                    INPUT STREAM SWITCHING TO UNIT    98
 RDTITL> * TOPPAR STREAM FILE FOR BRANCHED AND CYCLIC CHAINED LIPIDS.  FOLLOWING READING OF
 RDTITL> * TOP_ALL36_LIPID.RTF
 RDTITL> * AND
 RDTITL> * PAR_ALL36_LIPID.RTF
 RDTITL> *
 Parameter: IN1 <- "" <empty>
  
 CHARMM>     
  
 CHARMM>    set nat ?NATC
 RDCMND substituted energy or value "?NATC" to "575"
 Parameter: NAT <- "575"
  
 CHARMM>    set app
 Parameter: APP <- "" <empty>
  
 CHARMM>    !We're exploiting what is arguably a bug in the parser. On the left hand side,
 CHARMM>    !the quotes have proirity, so NAT is correctly substituted. On the right hand
 CHARMM>    !side, the ? has priority and NATC" (sic) is not a valid substitution...
 CHARMM>    if "@NAT" ne "?NATC" if @nat ne 0 set app append
 Parameter: NAT -> "575"
 Parameter: NAT -> "575"
 RDCMND: can not substitute energy "?NATC""
 Comparing ""575"" and ""?NATC"".
 IF test evaluated as true.  Performing command
 Comparing "575" and "0".
 IF test evaluated as true.  Performing command
 Parameter: APP <- "APPEND"
  
 CHARMM>     
  
 CHARMM>    read rtf card @app
 Parameter: APP -> "APPEND"
 MAINIO> Residue topology file being read from unit  98.
 RDTITL> * CHOLESTEROL RESIDUES
 RDTITL> *
  
 CHARMM>     
  
 CHARMM>    read para card flex @app
 Parameter: APP -> "APPEND"

          PARAMETER FILE BEING READ FROM UNIT 98
 RDTITL> * NEW PARAMETERS
 RDTITL> *
 PARMIO> NONBOND, HBOND lists and IMAGE atoms cleared.
  
 CHARMM>     
  
 CHARMM>    return
 VCLOSE: Closing unit   98 with status "KEEP"

                    RETURNING TO INPUT STREAM    99
  
 CHARMM>    stream toppar/toppar_all36_lipid_hmmm.str
 VOPEN> Attempting to open::toppar/toppar_all36_lipid_hmmm.str::
 OPNLGU> Unit 98 opened for READONLY access to toppar/toppar_all36_lipid_hmmm.str

                    INPUT STREAM SWITCHING TO UNIT    98
 RDTITL> READ RTF CARD APPEND FLEX
 RDTITL> No title read.
 Parameter: IN1 <- "" <empty>
  
 CHARMM>    read rtf card append flex
 MAINIO> Residue topology file being read from unit  98.
 RDTITL> * TOPOLOGY FOR TERMINAL PATCHES FOR HMMM TRUNCATED LIPIDS
 RDTITL> *

      ***** LEVEL  1 WARNING FROM <DECODF> *****
      ***** Zero length string
      ******************************************
      BOMLEV (  0) IS NOT REACHED. WRNLEV IS  5

 WARNING from DECODF -- Zero length string being converted to 0.

      ***** LEVEL  1 WARNING FROM <DECODF> *****
      ***** Zero length string
      ******************************************
      BOMLEV (  0) IS NOT REACHED. WRNLEV IS  5

 WARNING from DECODF -- Zero length string being converted to 0.

      ***** LEVEL  1 WARNING FROM <DECODF> *****
      ***** Zero length string
      ******************************************
      BOMLEV (  0) IS NOT REACHED. WRNLEV IS  5

 WARNING from DECODF -- Zero length string being converted to 0.

      ***** LEVEL  1 WARNING FROM <DECODF> *****
      ***** Zero length string
      ******************************************
      BOMLEV (  0) IS NOT REACHED. WRNLEV IS  5

 WARNING from DECODF -- Zero length string being converted to 0.

      ***** LEVEL  1 WARNING FROM <DECODF> *****
      ***** Zero length string
      ******************************************
      BOMLEV (  0) IS NOT REACHED. WRNLEV IS  5

 WARNING from DECODF -- Zero length string being converted to 0.

      ***** LEVEL  1 WARNING FROM <DECODF> *****
      ***** Zero length string
      ******************************************
      BOMLEV (  0) IS NOT REACHED. WRNLEV IS  5

 WARNING from DECODF -- Zero length string being converted to 0.

      ***** LEVEL  1 WARNING FROM <DECODF> *****
      ***** Zero length string
      ******************************************
      BOMLEV (  0) IS NOT REACHED. WRNLEV IS  5

 WARNING from DECODF -- Zero length string being converted to 0.

      ***** LEVEL  1 WARNING FROM <DECODF> *****
      ***** Zero length string
      ******************************************
      BOMLEV (  0) IS NOT REACHED. WRNLEV IS  5

 WARNING from DECODF -- Zero length string being converted to 0.
  
 CHARMM>     
  
 CHARMM>    read para card flex @app
 Parameter: APP -> "APPEND"

          PARAMETER FILE BEING READ FROM UNIT 98
 RDTITL> * NEW PARAMETERS
 RDTITL> *
 PARMIO> NONBOND, HBOND lists and IMAGE atoms cleared.
  
 CHARMM>     
  
 CHARMM>    return
 VCLOSE: Closing unit   98 with status "KEEP"

                    RETURNING TO INPUT STREAM    99
  
 CHARMM>    stream toppar/toppar_all36_lipid_detergent.str
 VOPEN> Attempting to open::toppar/toppar_all36_lipid_detergent.str::
 OPNLGU> Unit 98 opened for READONLY access to toppar/toppar_all36_lipid_detergent.str

                    INPUT STREAM SWITCHING TO UNIT    98
 RDTITL> * TOPPAR STREAM FILE FOR DETERGENTS AND FATTY ACIDS.
 RDTITL> * STREAM FOLLOWING READING OF
 RDTITL> * TOP_ALL36_LIPID.RTF
 RDTITL> * AND
 RDTITL> * PAR_ALL36_LIPID.RTF
 RDTITL> *
 Parameter: IN1 <- "" <empty>
  
 CHARMM>     
  
 CHARMM>    !Additional residues added by Im lab, Aug. 2017
 CHARMM>     
  
 CHARMM>    !Fatty acids added Jan. 2016
 CHARMM>     
  
 CHARMM>    read rtf card append
 MAINIO> Residue topology file being read from unit  98.
 RDTITL> * DETERGENT AND FATTY ACID RESIDUES
 RDTITL> *
  
 CHARMM>     
  
 CHARMM>    read para card append flex

          PARAMETER FILE BEING READ FROM UNIT 98
 RDTITL> * SB3-12 AND SB3-14 PARAMETERS
 RDTITL> *
 PARMIO> NONBOND, HBOND lists and IMAGE atoms cleared.
  
 CHARMM>     
  
 CHARMM>    return
 VCLOSE: Closing unit   98 with status "KEEP"

                    RETURNING TO INPUT STREAM    99
  
 CHARMM>    stream toppar/toppar_all36_lipid_ether.str
 VOPEN> Attempting to open::toppar/toppar_all36_lipid_ether.str::
 OPNLGU> Unit 98 opened for READONLY access to toppar/toppar_all36_lipid_ether.str

                    INPUT STREAM SWITCHING TO UNIT    98
 RDTITL> * CHARMM36 ALL-HYDROGEN ETHER LIPID FORCE FIELD INCLUDING PLASMALOGENS ALISON
 RDTITL> * N. LEONARD (A. L.), 7/18 WITH RICHARD PASTOR AND JEFFERY KLAUDA, JPCB 122(26)
 RDTITL> * PP. 6744 - 6754.  ANA WEST, 1/20 WITH VALERIA ZONI, WALTER TEAGUE JR., ALISON
 RDTITL> * LEONARD, STEFANO VANNI, KLAUS GAWRISCH, STEPHANIE TRISTAM-NAGLE, JONATHAN
 RDTITL> * SACHS, AND JEFFERY KLAUDA, JPCB 124(5) PP. 828 - 839.
 RDTITL> *
 Parameter: IN1 <- "" <empty>
  
 CHARMM>     
  
 CHARMM>    !Parent files that have to be read prior to streaming this file
 CHARMM>    !top_all36_lipid.rtf
 CHARMM>    !par_all36_lipid.prm
 CHARMM>    !top_all36_cgenff.rtf
 CHARMM>    !par_all36_cgenff.prm
 CHARMM>     
  
 CHARMM>    read rtf card append
 MAINIO> Residue topology file being read from unit  98.
 RDTITL> * C36 ETHER MODEL COMPOUNDS
 RDTITL> *

      ***** LEVEL  1 WARNING FROM <DECODF> *****
      ***** Zero length string
      ******************************************
      BOMLEV (  0) IS NOT REACHED. WRNLEV IS  5

 WARNING from DECODF -- Zero length string being converted to 0.

      ***** LEVEL  1 WARNING FROM <DECODF> *****
      ***** Zero length string
      ******************************************
      BOMLEV (  0) IS NOT REACHED. WRNLEV IS  5

 WARNING from DECODF -- Zero length string being converted to 0.

      ***** LEVEL  1 WARNING FROM <DECODF> *****
      ***** Zero length string
      ******************************************
      BOMLEV (  0) IS NOT REACHED. WRNLEV IS  5

 WARNING from DECODF -- Zero length string being converted to 0.
  
 CHARMM>     
  
 CHARMM>    read para card flex append

          PARAMETER FILE BEING READ FROM UNIT 98
 RDTITL> * PARAMETERS
 RDTITL> *
 PARMIO> NONBOND, HBOND lists and IMAGE atoms cleared.
  
 CHARMM>     
  
 CHARMM>    return
 VCLOSE: Closing unit   98 with status "KEEP"

                    RETURNING TO INPUT STREAM    99
  
 CHARMM>     
  
 CHARMM>    ! Additional topologies and parameters for carbohydrates
 CHARMM>    stream toppar/toppar_all36_carb_glycolipid.str
 VOPEN> Attempting to open::toppar/toppar_all36_carb_glycolipid.str::
 OPNLGU> Unit 98 opened for READONLY access to toppar/toppar_all36_carb_glycolipid.str

                    INPUT STREAM SWITCHING TO UNIT    98
 RDTITL> READ RTF CARD APPEND
 RDTITL> No title read.
 Parameter: IN1 <- "" <empty>
  
 CHARMM>    read rtf card append
 MAINIO> Residue topology file being read from unit  98.
 RDTITL> * TOPOLOGY FOR GLYCOLIPIDS
 RDTITL> *
  
 CHARMM>     
  
 CHARMM>    read param card flex append

          PARAMETER FILE BEING READ FROM UNIT 98
 RDTITL> * PIP RELATED PARAMETERS
 RDTITL> *
 PARMIO> NONBOND, HBOND lists and IMAGE atoms cleared.
  
 CHARMM>     
  
 CHARMM>    RETURN
 VCLOSE: Closing unit   98 with status "KEEP"

                    RETURNING TO INPUT STREAM    99
  
 CHARMM>    stream toppar/toppar_all36_carb_glycopeptide.str
 VOPEN> Attempting to open::toppar/toppar_all36_carb_glycopeptide.str::
 OPNLGU> Unit 98 opened for READONLY access to toppar/toppar_all36_carb_glycopeptide.str

                    INPUT STREAM SWITCHING TO UNIT    98
 RDTITL> READ RTF CARD APPEND
 RDTITL> No title read.
 Parameter: IN1 <- "" <empty>
  
 CHARMM>    read rtf card append
 MAINIO> Residue topology file being read from unit  98.
 RDTITL> * TOPOLOGY FOR GLYCOPEPTIDE LINKAGES
 RDTITL> *
  
 CHARMM>     
  
 CHARMM>    read param card flex append

          PARAMETER FILE BEING READ FROM UNIT 98
 RDTITL> *    NEW PARAMETES
 RDTITL> *
 PARMIO> NONBOND, HBOND lists and IMAGE atoms cleared.
  
 CHARMM>     
  
 CHARMM>     
  
 CHARMM>    RETURN
 VCLOSE: Closing unit   98 with status "KEEP"

                    RETURNING TO INPUT STREAM    99
  
 CHARMM>    stream toppar/toppar_all36_carb_imlab.str
 VOPEN> Attempting to open::toppar/toppar_all36_carb_imlab.str::
 OPNLGU> Unit 98 opened for READONLY access to toppar/toppar_all36_carb_imlab.str

                    INPUT STREAM SWITCHING TO UNIT    98
 RDTITL> READ RTF CARD APPEND
 RDTITL> No title read.
 Parameter: IN1 <- "" <empty>
  
 CHARMM>    read rtf card append
 MAINIO> Residue topology file being read from unit  98.
 RDTITL> * GLYCAN CHEMICAL MODIFICATION PATCHES
 RDTITL> *
  
 CHARMM>     
  
 CHARMM>    read param card flex append

          PARAMETER FILE BEING READ FROM UNIT 98
 RDTITL> * GLYCAN CHEMICAL MODIFICATION PATCHES
 RDTITL> *
 PARMIO> NONBOND, HBOND lists and IMAGE atoms cleared.
  
 CHARMM>     
  
 CHARMM>    RETURN
 VCLOSE: Closing unit   98 with status "KEEP"

                    RETURNING TO INPUT STREAM    99
  
 CHARMM>     
  
 CHARMM>    ! Additional topologies and parameters for spin/fluorophore labels
 CHARMM>    stream toppar/toppar_all36_label_spin.str
 VOPEN> Attempting to open::toppar/toppar_all36_label_spin.str::
 OPNLGU> Unit 98 opened for READONLY access to toppar/toppar_all36_label_spin.str

                    INPUT STREAM SWITCHING TO UNIT    98
 RDTITL> *>>>>> TOPOLOGY FOR NITROXYDE SPIN LABELS <<<<<<<
 RDTITL> * SHAHIDUL M. ISLAM, UNIVERSITY OF CHICAGO
 RDTITL> *
 Parameter: IN1 <- "" <empty>
  
 CHARMM>     
  
 CHARMM>    ! please reference the following:
 CHARMM>    !Sezer, D., Freed J. H., and Roux, B. “Parametrization, Molecular Dynamics Simulation, and Calculation of Electron Spin
 CHARMM>    !Resonance Spectra of a Nitroxide Spin Label on a Polyalanine alpha-Helix” J. Phys. Chem. B 2008, 112, 5755-5767
 CHARMM>     
  
 CHARMM>    !Islam, S. M., and Roux, B. “Parameterization and molecular dynamics simulations of a
 CHARMM>    !conformationally constrained double linked spin label constrained by EPR/DEER data”
 CHARMM>    !(planed submission to J journal)
 CHARMM>     
  
 CHARMM>    !test "append" to determine if previous toppar files have been read and
 CHARMM>    !add append to "read rtf card" if true
 CHARMM>    set nat ?NATC
 RDCMND substituted energy or value "?NATC" to "575"
 Parameter: NAT <- "575"
  
 CHARMM>    set app
 Parameter: APP <- "" <empty>
  
 CHARMM>    !We're exploiting what is arguably a bug in the parser. On the left hand side,
 CHARMM>    !the quotes have proirity, so NAT is correctly substituted. On the right hand
 CHARMM>    !side, the ? has priority and NATC" (sic) is not a valid substitution...
 CHARMM>    if "@NAT" ne "?NATC" if @nat ne 0 set app append
 Parameter: NAT -> "575"
 Parameter: NAT -> "575"
 RDCMND: can not substitute energy "?NATC""
 Comparing ""575"" and ""?NATC"".
 IF test evaluated as true.  Performing command
 Comparing "575" and "0".
 IF test evaluated as true.  Performing command
 Parameter: APP <- "APPEND"
  
 CHARMM>     
  
 CHARMM>     
  
 CHARMM>    read rtf card @app
 Parameter: APP -> "APPEND"
 MAINIO> Residue topology file being read from unit  98.
 RDTITL> * TOPOLOGY FOR SPIN LABEL
 RDTITL> *
  
 CHARMM>     
  
 CHARMM>     
  
 CHARMM>    read para card flex @app
 Parameter: APP -> "APPEND"

          PARAMETER FILE BEING READ FROM UNIT 98
 RDTITL> * PARAMETERS FOR SPIN LABEL
 RDTITL> *
 PARMIO> NONBOND, HBOND lists and IMAGE atoms cleared.
  
 CHARMM>     
  
 CHARMM>    return
 VCLOSE: Closing unit   98 with status "KEEP"

                    RETURNING TO INPUT STREAM    99
  
 CHARMM>    stream toppar/toppar_all36_label_fluorophore.str
 VOPEN> Attempting to open::toppar/toppar_all36_label_fluorophore.str::
 OPNLGU> Unit 98 opened for READONLY access to toppar/toppar_all36_label_fluorophore.str

                    INPUT STREAM SWITCHING TO UNIT    98
 RDTITL> READ RTF CARD APPEND
 RDTITL> No title read.
 Parameter: IN1 <- "" <empty>
  
 CHARMM>    read rtf card append
 MAINIO> Residue topology file being read from unit  98.
 RDTITL> * TOPOLOGY FILES
 RDTITL> *
  
 CHARMM>     
  
 CHARMM>    read param card flex append

          PARAMETER FILE BEING READ FROM UNIT 98
 RDTITL> * MINI FORCE FIELD PARAMETER FILE.
 RDTITL> *
 PARMIO> NONBOND, HBOND lists and IMAGE atoms cleared.
  
 CHARMM>     
  
 VCLOSE: Closing unit   98 with status "KEEP"

                    RETURNING TO INPUT STREAM    99
  
 CHARMM>     
  
 CHARMM>     
  
 CHARMM>     
  
 VCLOSE: Closing unit   99 with status "KEEP"

                    RETURNING TO INPUT STREAM     5
  
 CHARMM>     
  
 CHARMM>    define PROT sele none end
 SELRPN>      0 atoms have been selected out of      0
  
 CHARMM>    set nprot = 0
 Parameter: NPROT <- "0"
  
 CHARMM>     
  
 CHARMM>    ! Read the system information
 CHARMM>    stream step3_size.str
 VOPEN> Attempting to open::step3_size.str::
 OPNLGU> Unit 99 opened for READONLY access to step3_size.str

                    INPUT STREAM SWITCHING TO UNIT    99
 RDTITL> SET BOXTYPE  = RECT
 RDTITL> No title read.
 Parameter: IN1 <- "" <empty>
  
 CHARMM>     SET BOXTYPE  = RECT
 Parameter: BOXTYPE <- "RECT"
  
 CHARMM>     SET XTLTYPE  = TETRAGONAL
 Parameter: XTLTYPE <- "TETRAGONAL"
  
 CHARMM>     SET A        = 46.7504011
 Parameter: A <- "46.7504011"
  
 CHARMM>     SET B        = 46.7504011
 Parameter: B <- "46.7504011"
  
 CHARMM>     SET C        = 145
 Parameter: C <- "145"
  
 CHARMM>     SET ALPHA    = 90.0
 Parameter: ALPHA <- "90.0"
  
 CHARMM>     SET BETA     = 90.0
 Parameter: BETA <- "90.0"
  
 CHARMM>     SET GAMMA    = 90.0
 Parameter: GAMMA <- "90.0"
  
 CHARMM>     SET ZCEN     = 0
 Parameter: ZCEN <- "0"
  
 CHARMM>     SET NLIPTOP  = 32
 Parameter: NLIPTOP <- "32"
  
 CHARMM>     SET NLIPBOT  = 32
 Parameter: NLIPBOT <- "32"
  
 CHARMM>     SET WBOXZ    = 52.5
 Parameter: WBOXZ <- "52.5"
  
 CHARMM>     SET WATBOXZ  = 52.5
 Parameter: WATBOXZ <- "52.5"
  
 CHARMM>     SET NCHARGE  = 0
 Parameter: NCHARGE <- "0"
  
 VCLOSE: Closing unit   99 with status "KEEP"

                    RETURNING TO INPUT STREAM     5
  
 CHARMM>    stream step3_nlipids_upper.prm
 VOPEN> Attempting to open::step3_nlipids_upper.prm::
 OPNLGU> Unit 99 opened for READONLY access to step3_nlipids_upper.prm

                    INPUT STREAM SWITCHING TO UNIT    99
 RDTITL> SET NCHL1TOP = 0
 RDTITL> No title read.
 Parameter: IN1 <- "" <empty>
  
 CHARMM>    set nchl1top = 0
 Parameter: NCHL1TOP <- "0"
  
 CHARMM>    set nergtop = 0
 Parameter: NERGTOP <- "0"
  
 CHARMM>    set ndpoptop = 0
 Parameter: NDPOPTOP <- "0"
  
 CHARMM>    set nsitotop = 0
 Parameter: NSITOTOP <- "0"
  
 CHARMM>    set nstigtop = 0
 Parameter: NSTIGTOP <- "0"
  
 CHARMM>    set nchsdtop = 0
 Parameter: NCHSDTOP <- "0"
  
 CHARMM>    set nchsptop = 0
 Parameter: NCHSPTOP <- "0"
  
 CHARMM>    set ncamptop = 0
 Parameter: NCAMPTOP <- "0"
  
 CHARMM>    set ngcamptop = 0
 Parameter: NGCAMPTOP <- "0"
  
 CHARMM>    set ngsitotop = 0
 Parameter: NGSITOTOP <- "0"
  
 CHARMM>    set ngstigtop = 0
 Parameter: NGSTIGTOP <- "0"
  
 CHARMM>    set nlanotop = 0
 Parameter: NLANOTOP <- "0"
  
 CHARMM>    set npgcamptop = 0
 Parameter: NPGCAMPTOP <- "0"
  
 CHARMM>    set npgsitotop = 0
 Parameter: NPGSITOTOP <- "0"
  
 CHARMM>    set npgstigtop = 0
 Parameter: NPGSTIGTOP <- "0"
  
 CHARMM>    set ndlpatop = 0
 Parameter: NDLPATOP <- "0"
  
 CHARMM>    set ndmpatop = 0
 Parameter: NDMPATOP <- "0"
  
 CHARMM>    set ndppatop = 0
 Parameter: NDPPATOP <- "0"
  
 CHARMM>    set npspatop = 0
 Parameter: NPSPATOP <- "0"
  
 CHARMM>    set ndspatop = 0
 Parameter: NDSPATOP <- "0"
  
 CHARMM>    set npopatop = 0
 Parameter: NPOPATOP <- "0"
  
 CHARMM>    set nplpatop = 0
 Parameter: NPLPATOP <- "0"
  
 CHARMM>    set nsopatop = 0
 Parameter: NSOPATOP <- "0"
  
 CHARMM>    set nslpatop = 0
 Parameter: NSLPATOP <- "0"
  
 CHARMM>    set ndypatop = 0
 Parameter: NDYPATOP <- "0"
  
 CHARMM>    set nyopatop = 0
 Parameter: NYOPATOP <- "0"
  
 CHARMM>    set ndopatop = 0
 Parameter: NDOPATOP <- "0"
  
 CHARMM>    set ndgpatop = 0
 Parameter: NDGPATOP <- "0"
  
 CHARMM>    set ndepatop = 0
 Parameter: NDEPATOP <- "0"
  
 CHARMM>    set ndnpatop = 0
 Parameter: NDNPATOP <- "0"
  
 CHARMM>    set nddpctop = 0
 Parameter: NDDPCTOP <- "0"
  
 CHARMM>    set ndcpctop = 0
 Parameter: NDCPCTOP <- "0"
  
 CHARMM>    set ndlpctop = 0
 Parameter: NDLPCTOP <- "0"
  
 CHARMM>    set ndmpctop = 0
 Parameter: NDMPCTOP <- "0"
  
 CHARMM>    set ndppctop = 0
 Parameter: NDPPCTOP <- "0"
  
 CHARMM>    set ndspctop = 0
 Parameter: NDSPCTOP <- "0"
  
 CHARMM>    set npypctop = 0
 Parameter: NPYPCTOP <- "0"
  
 CHARMM>    set npopctop = 32
 Parameter: NPOPCTOP <- "32"
  
 CHARMM>    set nplpctop = 0
 Parameter: NPLPCTOP <- "0"
  
 CHARMM>    set npilpctop = 0
 Parameter: NPILPCTOP <- "0"
  
 CHARMM>    set npdopctop = 0
 Parameter: NPDOPCTOP <- "0"
  
 CHARMM>    set nsopctop = 0
 Parameter: NSOPCTOP <- "0"
  
 CHARMM>    set nslpctop = 0
 Parameter: NSLPCTOP <- "0"
  
 CHARMM>    set ndrpctop = 0
 Parameter: NDRPCTOP <- "0"
  
 CHARMM>    set ndypctop = 0
 Parameter: NDYPCTOP <- "0"
  
 CHARMM>    set nyopctop = 0
 Parameter: NYOPCTOP <- "0"
  
 CHARMM>    set ndopctop = 0
 Parameter: NDOPCTOP <- "0"
  
 CHARMM>    set ndupctop = 0
 Parameter: NDUPCTOP <- "0"
  
 CHARMM>    set ndgpctop = 0
 Parameter: NDGPCTOP <- "0"
  
 CHARMM>    set ndepctop = 0
 Parameter: NDEPCTOP <- "0"
  
 CHARMM>    set nddopctop = 0
 Parameter: NDDOPCTOP <- "0"
  
 CHARMM>    set ndnpctop = 0
 Parameter: NDNPCTOP <- "0"
  
 CHARMM>    set ndlipctop = 0
 Parameter: NDLIPCTOP <- "0"
  
 CHARMM>    set nllpctop = 0
 Parameter: NLLPCTOP <- "0"
  
 CHARMM>    set ndlpetop = 0
 Parameter: NDLPETOP <- "0"
  
 CHARMM>    set ndmpetop = 0
 Parameter: NDMPETOP <- "0"
  
 CHARMM>    set ndppetop = 0
 Parameter: NDPPETOP <- "0"
  
 CHARMM>    set npspetop = 0
 Parameter: NPSPETOP <- "0"
  
 CHARMM>    set ndspetop = 0
 Parameter: NDSPETOP <- "0"
  
 CHARMM>    set npypetop = 0
 Parameter: NPYPETOP <- "0"
  
 CHARMM>    set npopetop = 0
 Parameter: NPOPETOP <- "0"
  
 CHARMM>    set nplpetop = 0
 Parameter: NPLPETOP <- "0"
  
 CHARMM>    set npdopetop = 0
 Parameter: NPDOPETOP <- "0"
  
 CHARMM>    set nsopetop = 0
 Parameter: NSOPETOP <- "0"
  
 CHARMM>    set nslpetop = 0
 Parameter: NSLPETOP <- "0"
  
 CHARMM>    set ndypetop = 0
 Parameter: NDYPETOP <- "0"
  
 CHARMM>    set nyopetop = 0
 Parameter: NYOPETOP <- "0"
  
 CHARMM>    set noypetop = 0
 Parameter: NOYPETOP <- "0"
  
 CHARMM>    set ndopetop = 0
 Parameter: NDOPETOP <- "0"
  
 CHARMM>    set ndgpetop = 0
 Parameter: NDGPETOP <- "0"
  
 CHARMM>    set ndepetop = 0
 Parameter: NDEPETOP <- "0"
  
 CHARMM>    set nddopetop = 0
 Parameter: NDDOPETOP <- "0"
  
 CHARMM>    set ndnpetop = 0
 Parameter: NDNPETOP <- "0"
  
 CHARMM>    set ndlipetop = 0
 Parameter: NDLIPETOP <- "0"
  
 CHARMM>    set nllpetop = 0
 Parameter: NLLPETOP <- "0"
  
 CHARMM>    set ndlpgtop = 0
 Parameter: NDLPGTOP <- "0"
  
 CHARMM>    set ndmpgtop = 0
 Parameter: NDMPGTOP <- "0"
  
 CHARMM>    set ndppgtop = 0
 Parameter: NDPPGTOP <- "0"
  
 CHARMM>    set npspgtop = 0
 Parameter: NPSPGTOP <- "0"
  
 CHARMM>    set ndspgtop = 0
 Parameter: NDSPGTOP <- "0"
  
 CHARMM>    set npypgtop = 0
 Parameter: NPYPGTOP <- "0"
  
 CHARMM>    set nyppgtop = 0
 Parameter: NYPPGTOP <- "0"
  
 CHARMM>    set npopgtop = 0
 Parameter: NPOPGTOP <- "0"
  
 CHARMM>    set noppgtop = 0
 Parameter: NOPPGTOP <- "0"
  
 CHARMM>    set nplpgtop = 0
 Parameter: NPLPGTOP <- "0"
  
 CHARMM>    set nsopgtop = 0
 Parameter: NSOPGTOP <- "0"
  
 CHARMM>    set nslpgtop = 0
 Parameter: NSLPGTOP <- "0"
  
 CHARMM>    set ndypgtop = 0
 Parameter: NDYPGTOP <- "0"
  
 CHARMM>    set ndopgtop = 0
 Parameter: NDOPGTOP <- "0"
  
 CHARMM>    set ndgpgtop = 0
 Parameter: NDGPGTOP <- "0"
  
 CHARMM>    set ndepgtop = 0
 Parameter: NDEPGTOP <- "0"
  
 CHARMM>    set ndnpgtop = 0
 Parameter: NDNPGTOP <- "0"
  
 CHARMM>    set ndlpstop = 0
 Parameter: NDLPSTOP <- "0"
  
 CHARMM>    set ndmpstop = 0
 Parameter: NDMPSTOP <- "0"
  
 CHARMM>    set ndppstop = 0
 Parameter: NDPPSTOP <- "0"
  
 CHARMM>    set npspstop = 0
 Parameter: NPSPSTOP <- "0"
  
 CHARMM>    set ndspstop = 0
 Parameter: NDSPSTOP <- "0"
  
 CHARMM>    set npopstop = 0
 Parameter: NPOPSTOP <- "0"
  
 CHARMM>    set npspctop = 0
 Parameter: NPSPCTOP <- "0"
  
 CHARMM>    set npapctop = 0
 Parameter: NPAPCTOP <- "0"
  
 CHARMM>    set nplpstop = 0
 Parameter: NPLPSTOP <- "0"
  
 CHARMM>    set nsopstop = 0
 Parameter: NSOPSTOP <- "0"
  
 CHARMM>    set nslpstop = 0
 Parameter: NSLPSTOP <- "0"
  
 CHARMM>    set nolpstop = 0
 Parameter: NOLPSTOP <- "0"
  
 CHARMM>    set ndypstop = 0
 Parameter: NDYPSTOP <- "0"
  
 CHARMM>    set nyopstop = 0
 Parameter: NYOPSTOP <- "0"
  
 CHARMM>    set ndopstop = 0
 Parameter: NDOPSTOP <- "0"
  
 CHARMM>    set ndgpstop = 0
 Parameter: NDGPSTOP <- "0"
  
 CHARMM>    set ndepstop = 0
 Parameter: NDEPSTOP <- "0"
  
 CHARMM>    set nddopstop = 0
 Parameter: NDDOPSTOP <- "0"
  
 CHARMM>    set ndnpstop = 0
 Parameter: NDNPSTOP <- "0"
  
 CHARMM>    set nllpstop = 0
 Parameter: NLLPSTOP <- "0"
  
 CHARMM>    set npopp1top = 0
 Parameter: NPOPP1TOP <- "0"
  
 CHARMM>    set npopp2top = 0
 Parameter: NPOPP2TOP <- "0"
  
 CHARMM>    set npopp3top = 0
 Parameter: NPOPP3TOP <- "0"
  
 CHARMM>    set ndopp1top = 0
 Parameter: NDOPP1TOP <- "0"
  
 CHARMM>    set ndopp2top = 0
 Parameter: NDOPP2TOP <- "0"
  
 CHARMM>    set ndopp3top = 0
 Parameter: NDOPP3TOP <- "0"
  
 CHARMM>    set ndmpitop = 0
 Parameter: NDMPITOP <- "0"
  
 CHARMM>    set ndmpi13top = 0
 Parameter: NDMPI13TOP <- "0"
  
 CHARMM>    set ndmpi14top = 0
 Parameter: NDMPI14TOP <- "0"
  
 CHARMM>    set ndmpi15top = 0
 Parameter: NDMPI15TOP <- "0"
  
 CHARMM>    set ndmpi24top = 0
 Parameter: NDMPI24TOP <- "0"
  
 CHARMM>    set ndmpi25top = 0
 Parameter: NDMPI25TOP <- "0"
  
 CHARMM>    set ndmpi2atop = 0
 Parameter: NDMPI2ATOP <- "0"
  
 CHARMM>    set ndmpi2btop = 0
 Parameter: NDMPI2BTOP <- "0"
  
 CHARMM>    set ndmpi2ctop = 0
 Parameter: NDMPI2CTOP <- "0"
  
 CHARMM>    set ndmpi2dtop = 0
 Parameter: NDMPI2DTOP <- "0"
  
 CHARMM>    set ndmpi33top = 0
 Parameter: NDMPI33TOP <- "0"
  
 CHARMM>    set ndmpi34top = 0
 Parameter: NDMPI34TOP <- "0"
  
 CHARMM>    set ndmpi35top = 0
 Parameter: NDMPI35TOP <- "0"
  
 CHARMM>    set ndppitop = 0
 Parameter: NDPPITOP <- "0"
  
 CHARMM>    set npypitop = 0
 Parameter: NPYPITOP <- "0"
  
 CHARMM>    set npspitop = 0
 Parameter: NPSPITOP <- "0"
  
 CHARMM>    set npopitop = 0
 Parameter: NPOPITOP <- "0"
  
 CHARMM>    set npopi13top = 0
 Parameter: NPOPI13TOP <- "0"
  
 CHARMM>    set npopi14top = 0
 Parameter: NPOPI14TOP <- "0"
  
 CHARMM>    set npopi15top = 0
 Parameter: NPOPI15TOP <- "0"
  
 CHARMM>    set npopi24top = 0
 Parameter: NPOPI24TOP <- "0"
  
 CHARMM>    set npopi25top = 0
 Parameter: NPOPI25TOP <- "0"
  
 CHARMM>    set npopi2atop = 0
 Parameter: NPOPI2ATOP <- "0"
  
 CHARMM>    set npopi2btop = 0
 Parameter: NPOPI2BTOP <- "0"
  
 CHARMM>    set npopi2ctop = 0
 Parameter: NPOPI2CTOP <- "0"
  
 CHARMM>    set npopi2dtop = 0
 Parameter: NPOPI2DTOP <- "0"
  
 CHARMM>    set npopi33top = 0
 Parameter: NPOPI33TOP <- "0"
  
 CHARMM>    set npopi34top = 0
 Parameter: NPOPI34TOP <- "0"
  
 CHARMM>    set npopi35top = 0
 Parameter: NPOPI35TOP <- "0"
  
 CHARMM>    set nplpitop = 0
 Parameter: NPLPITOP <- "0"
  
 CHARMM>    set nplpi13top = 0
 Parameter: NPLPI13TOP <- "0"
  
 CHARMM>    set nplpi14top = 0
 Parameter: NPLPI14TOP <- "0"
  
 CHARMM>    set nplpi15top = 0
 Parameter: NPLPI15TOP <- "0"
  
 CHARMM>    set nplpi24top = 0
 Parameter: NPLPI24TOP <- "0"
  
 CHARMM>    set nplpi25top = 0
 Parameter: NPLPI25TOP <- "0"
  
 CHARMM>    set nplpi2atop = 0
 Parameter: NPLPI2ATOP <- "0"
  
 CHARMM>    set nplpi2btop = 0
 Parameter: NPLPI2BTOP <- "0"
  
 CHARMM>    set nplpi2ctop = 0
 Parameter: NPLPI2CTOP <- "0"
  
 CHARMM>    set nplpi2dtop = 0
 Parameter: NPLPI2DTOP <- "0"
  
 CHARMM>    set nplpi33top = 0
 Parameter: NPLPI33TOP <- "0"
  
 CHARMM>    set nplpi34top = 0
 Parameter: NPLPI34TOP <- "0"
  
 CHARMM>    set nplpi35top = 0
 Parameter: NPLPI35TOP <- "0"
  
 CHARMM>    set npnpitop = 0
 Parameter: NPNPITOP <- "0"
  
 CHARMM>    set npnpi13top = 0
 Parameter: NPNPI13TOP <- "0"
  
 CHARMM>    set npnpi14top = 0
 Parameter: NPNPI14TOP <- "0"
  
 CHARMM>    set npnpi15top = 0
 Parameter: NPNPI15TOP <- "0"
  
 CHARMM>    set npnpi24top = 0
 Parameter: NPNPI24TOP <- "0"
  
 CHARMM>    set npnpi25top = 0
 Parameter: NPNPI25TOP <- "0"
  
 CHARMM>    set npnpi2atop = 0
 Parameter: NPNPI2ATOP <- "0"
  
 CHARMM>    set npnpi2btop = 0
 Parameter: NPNPI2BTOP <- "0"
  
 CHARMM>    set npnpi2ctop = 0
 Parameter: NPNPI2CTOP <- "0"
  
 CHARMM>    set npnpi2dtop = 0
 Parameter: NPNPI2DTOP <- "0"
  
 CHARMM>    set npnpi33top = 0
 Parameter: NPNPI33TOP <- "0"
  
 CHARMM>    set npnpi34top = 0
 Parameter: NPNPI34TOP <- "0"
  
 CHARMM>    set npnpi35top = 0
 Parameter: NPNPI35TOP <- "0"
  
 CHARMM>    set nslpitop = 0
 Parameter: NSLPITOP <- "0"
  
 CHARMM>    set nsapitop = 0
 Parameter: NSAPITOP <- "0"
  
 CHARMM>    set nsapi13top = 0
 Parameter: NSAPI13TOP <- "0"
  
 CHARMM>    set nsapi14top = 0
 Parameter: NSAPI14TOP <- "0"
  
 CHARMM>    set nsapi15top = 0
 Parameter: NSAPI15TOP <- "0"
  
 CHARMM>    set nsapi24top = 0
 Parameter: NSAPI24TOP <- "0"
  
 CHARMM>    set nsapi25top = 0
 Parameter: NSAPI25TOP <- "0"
  
 CHARMM>    set nsapi2atop = 0
 Parameter: NSAPI2ATOP <- "0"
  
 CHARMM>    set nsapi2btop = 0
 Parameter: NSAPI2BTOP <- "0"
  
 CHARMM>    set nsapi2ctop = 0
 Parameter: NSAPI2CTOP <- "0"
  
 CHARMM>    set nsapi2dtop = 0
 Parameter: NSAPI2DTOP <- "0"
  
 CHARMM>    set nsapi33top = 0
 Parameter: NSAPI33TOP <- "0"
  
 CHARMM>    set nsapi34top = 0
 Parameter: NSAPI34TOP <- "0"
  
 CHARMM>    set nsapi35top = 0
 Parameter: NSAPI35TOP <- "0"
  
 CHARMM>    set nsdpitop = 0
 Parameter: NSDPITOP <- "0"
  
 CHARMM>    set ndlipitop = 0
 Parameter: NDLIPITOP <- "0"
  
 CHARMM>    set nlinpitop = 0
 Parameter: NLINPITOP <- "0"
  
 CHARMM>    set ntmcl1top = 0
 Parameter: NTMCL1TOP <- "0"
  
 CHARMM>    set ntmcl2top = 0
 Parameter: NTMCL2TOP <- "0"
  
 CHARMM>    set npmcl1top = 0
 Parameter: NPMCL1TOP <- "0"
  
 CHARMM>    set npmcl2top = 0
 Parameter: NPMCL2TOP <- "0"
  
 CHARMM>    set npaicl2top = 0
 Parameter: NPAICL2TOP <- "0"
  
 CHARMM>    set npvcl2top = 0
 Parameter: NPVCL2TOP <- "0"
  
 CHARMM>    set npocl1top = 0
 Parameter: NPOCL1TOP <- "0"
  
 CHARMM>    set npocl2top = 0
 Parameter: NPOCL2TOP <- "0"
  
 CHARMM>    set ntycl1top = 0
 Parameter: NTYCL1TOP <- "0"
  
 CHARMM>    set ntycl2top = 0
 Parameter: NTYCL2TOP <- "0"
  
 CHARMM>    set ntocl1top = 0
 Parameter: NTOCL1TOP <- "0"
  
 CHARMM>    set ntocl2top = 0
 Parameter: NTOCL2TOP <- "0"
  
 CHARMM>    set nloacl1top = 0
 Parameter: NLOACL1TOP <- "0"
  
 CHARMM>    set nloacl2top = 0
 Parameter: NLOACL2TOP <- "0"
  
 CHARMM>    set nloccl1top = 0
 Parameter: NLOCCL1TOP <- "0"
  
 CHARMM>    set nloccl2top = 0
 Parameter: NLOCCL2TOP <- "0"
  
 CHARMM>    set ntlcl1top = 0
 Parameter: NTLCL1TOP <- "0"
  
 CHARMM>    set ntlcl2top = 0
 Parameter: NTLCL2TOP <- "0"
  
 CHARMM>    set nlnccl1top = 0
 Parameter: NLNCCL1TOP <- "0"
  
 CHARMM>    set nlnccl2top = 0
 Parameter: NLNCCL2TOP <- "0"
  
 CHARMM>    set nlnacl1top = 0
 Parameter: NLNACL1TOP <- "0"
  
 CHARMM>    set nlnacl2top = 0
 Parameter: NLNACL2TOP <- "0"
  
 CHARMM>    set nlndcl1top = 0
 Parameter: NLNDCL1TOP <- "0"
  
 CHARMM>    set nlndcl2top = 0
 Parameter: NLNDCL2TOP <- "0"
  
 CHARMM>    set nlnbcl1top = 0
 Parameter: NLNBCL1TOP <- "0"
  
 CHARMM>    set nlnbcl2top = 0
 Parameter: NLNBCL2TOP <- "0"
  
 CHARMM>    set ndlgltop = 0
 Parameter: NDLGLTOP <- "0"
  
 CHARMM>    set ndmgltop = 0
 Parameter: NDMGLTOP <- "0"
  
 CHARMM>    set ndpgltop = 0
 Parameter: NDPGLTOP <- "0"
  
 CHARMM>    set ndsgltop = 0
 Parameter: NDSGLTOP <- "0"
  
 CHARMM>    set npogltop = 0
 Parameter: NPOGLTOP <- "0"
  
 CHARMM>    set nplgltop = 0
 Parameter: NPLGLTOP <- "0"
  
 CHARMM>    set nsogltop = 0
 Parameter: NSOGLTOP <- "0"
  
 CHARMM>    set nslgltop = 0
 Parameter: NSLGLTOP <- "0"
  
 CHARMM>    set nsagltop = 0
 Parameter: NSAGLTOP <- "0"
  
 CHARMM>    set nsdgltop = 0
 Parameter: NSDGLTOP <- "0"
  
 CHARMM>    set ndygltop = 0
 Parameter: NDYGLTOP <- "0"
  
 CHARMM>    set ndogltop = 0
 Parameter: NDOGLTOP <- "0"
  
 CHARMM>    set ndggltop = 0
 Parameter: NDGGLTOP <- "0"
  
 CHARMM>    set ndegltop = 0
 Parameter: NDEGLTOP <- "0"
  
 CHARMM>    set ndngltop = 0
 Parameter: NDNGLTOP <- "0"
  
 CHARMM>    set ndtgltop = 0
 Parameter: NDTGLTOP <- "0"
  
 CHARMM>    set ntigltop = 0
 Parameter: NTIGLTOP <- "0"
  
 CHARMM>    set ndigltop = 0
 Parameter: NDIGLTOP <- "0"
  
 CHARMM>    set nllgltop = 0
 Parameter: NLLGLTOP <- "0"
  
 CHARMM>    set ndagltop = 0
 Parameter: NDAGLTOP <- "0"
  
 CHARMM>    set nlostgtop = 0
 Parameter: NLOSTGTOP <- "0"
  
 CHARMM>    set noootgtop = 0
 Parameter: NOOOTGTOP <- "0"
  
 CHARMM>    set nopotgtop = 0
 Parameter: NOPOTGTOP <- "0"
  
 CHARMM>    set npootgtop = 0
 Parameter: NPOOTGTOP <- "0"
  
 CHARMM>    set npostgtop = 0
 Parameter: NPOSTGTOP <- "0"
  
 CHARMM>    set nsootgtop = 0
 Parameter: NSOOTGTOP <- "0"
  
 CHARMM>    set nspotgtop = 0
 Parameter: NSPOTGTOP <- "0"
  
 CHARMM>    set nppptgtop = 0
 Parameter: NPPPTGTOP <- "0"
  
 CHARMM>    set nooltgtop = 0
 Parameter: NOOLTGTOP <- "0"
  
 CHARMM>    set npoltgtop = 0
 Parameter: NPOLTGTOP <- "0"
  
 CHARMM>    set nppltgtop = 0
 Parameter: NPPLTGTOP <- "0"
  
 CHARMM>    set nplltgtop = 0
 Parameter: NPLLTGTOP <- "0"
  
 CHARMM>    set nolltgtop = 0
 Parameter: NOLLTGTOP <- "0"
  
 CHARMM>    set nllltgtop = 0
 Parameter: NLLLTGTOP <- "0"
  
 CHARMM>    set nsoltgtop = 0
 Parameter: NSOLTGTOP <- "0"
  
 CHARMM>    set nslltgtop = 0
 Parameter: NSLLTGTOP <- "0"
  
 CHARMM>    set npsltgtop = 0
 Parameter: NPSLTGTOP <- "0"
  
 CHARMM>    set nllntgtop = 0
 Parameter: NLLNTGTOP <- "0"
  
 CHARMM>    set nplntgtop = 0
 Parameter: NPLNTGTOP <- "0"
  
 CHARMM>    set nolntgtop = 0
 Parameter: NOLNTGTOP <- "0"
  
 CHARMM>    set npontgtop = 0
 Parameter: NPONTGTOP <- "0"
  
 CHARMM>    set noontgtop = 0
 Parameter: NOONTGTOP <- "0"
  
 CHARMM>    set nsnltgtop = 0
 Parameter: NSNLTGTOP <- "0"
  
 CHARMM>    set nslntgtop = 0
 Parameter: NSLNTGTOP <- "0"
  
 CHARMM>    set nonntgtop = 0
 Parameter: NONNTGTOP <- "0"
  
 CHARMM>    set nlnntgtop = 0
 Parameter: NLNNTGTOP <- "0"
  
 CHARMM>    set nppntgtop = 0
 Parameter: NPPNTGTOP <- "0"
  
 CHARMM>    set nppotgtop = 0
 Parameter: NPPOTGTOP <- "0"
  
 CHARMM>    set npnntgtop = 0
 Parameter: NPNNTGTOP <- "0"
  
 CHARMM>    set npsotgtop = 0
 Parameter: NPSOTGTOP <- "0"
  
 CHARMM>    set nnnntgtop = 0
 Parameter: NNNNTGTOP <- "0"
  
 CHARMM>    set nsontgtop = 0
 Parameter: NSONTGTOP <- "0"
  
 CHARMM>    set nplatgtop = 0
 Parameter: NPLATGTOP <- "0"
  
 CHARMM>    set nslatgtop = 0
 Parameter: NSLATGTOP <- "0"
  
 CHARMM>    set nolatgtop = 0
 Parameter: NOLATGTOP <- "0"
  
 CHARMM>    set nonatgtop = 0
 Parameter: NONATGTOP <- "0"
  
 CHARMM>    set nllatgtop = 0
 Parameter: NLLATGTOP <- "0"
  
 CHARMM>    set nllgtgtop = 0
 Parameter: NLLGTGTOP <- "0"
  
 CHARMM>    set nslgtgtop = 0
 Parameter: NSLGTGTOP <- "0"
  
 CHARMM>    set nsngtgtop = 0
 Parameter: NSNGTGTOP <- "0"
  
 CHARMM>    set nolgtgtop = 0
 Parameter: NOLGTGTOP <- "0"
  
 CHARMM>    set nsapatop = 0
 Parameter: NSAPATOP <- "0"
  
 CHARMM>    set nsapctop = 0
 Parameter: NSAPCTOP <- "0"
  
 CHARMM>    set nsapetop = 0
 Parameter: NSAPETOP <- "0"
  
 CHARMM>    set nsapgtop = 0
 Parameter: NSAPGTOP <- "0"
  
 CHARMM>    set nsapstop = 0
 Parameter: NSAPSTOP <- "0"
  
 CHARMM>    set nsdpatop = 0
 Parameter: NSDPATOP <- "0"
  
 CHARMM>    set nsdpctop = 0
 Parameter: NSDPCTOP <- "0"
  
 CHARMM>    set nsdpetop = 0
 Parameter: NSDPETOP <- "0"
  
 CHARMM>    set nsdpgtop = 0
 Parameter: NSDPGTOP <- "0"
  
 CHARMM>    set nsdpstop = 0
 Parameter: NSDPSTOP <- "0"
  
 CHARMM>    set ndapatop = 0
 Parameter: NDAPATOP <- "0"
  
 CHARMM>    set ndapctop = 0
 Parameter: NDAPCTOP <- "0"
  
 CHARMM>    set ndapetop = 0
 Parameter: NDAPETOP <- "0"
  
 CHARMM>    set ndapgtop = 0
 Parameter: NDAPGTOP <- "0"
  
 CHARMM>    set ndapstop = 0
 Parameter: NDAPSTOP <- "0"
  
 CHARMM>    set npepstop = 0
 Parameter: NPEPSTOP <- "0"
  
 CHARMM>    set noepstop = 0
 Parameter: NOEPSTOP <- "0"
  
 CHARMM>    set ntspctop = 0
 Parameter: NTSPCTOP <- "0"
  
 CHARMM>    set ndtpatop = 0
 Parameter: NDTPATOP <- "0"
  
 CHARMM>    set ntipatop = 0
 Parameter: NTIPATOP <- "0"
  
 CHARMM>    set ndipatop = 0
 Parameter: NDIPATOP <- "0"
  
 CHARMM>    set nllpatop = 0
 Parameter: NLLPATOP <- "0"
  
 CHARMM>    set nllpgtop = 0
 Parameter: NLLPGTOP <- "0"
  
 CHARMM>    set nplepctop = 0
 Parameter: NPLEPCTOP <- "0"
  
 CHARMM>    set nplepetop = 0
 Parameter: NPLEPETOP <- "0"
  
 CHARMM>    set nplepstop = 0
 Parameter: NPLEPSTOP <- "0"
  
 CHARMM>    set nplepatop = 0
 Parameter: NPLEPATOP <- "0"
  
 CHARMM>    set nplepgtop = 0
 Parameter: NPLEPGTOP <- "0"
  
 CHARMM>    set npapetop = 0
 Parameter: NPAPETOP <- "0"
  
 CHARMM>    set npapstop = 0
 Parameter: NPAPSTOP <- "0"
  
 CHARMM>    set npapgtop = 0
 Parameter: NPAPGTOP <- "0"
  
 CHARMM>    set npapatop = 0
 Parameter: NPAPATOP <- "0"
  
 CHARMM>    set nlypgtop = 0
 Parameter: NLYPGTOP <- "0"
  
 CHARMM>    set nylipgtop = 0
 Parameter: NYLIPGTOP <- "0"
  
 CHARMM>    set nslepctop = 0
 Parameter: NSLEPCTOP <- "0"
  
 CHARMM>    set nsodpctop = 0
 Parameter: NSODPCTOP <- "0"
  
 CHARMM>    set nseppctop = 0
 Parameter: NSEPPCTOP <- "0"
  
 CHARMM>    set ntsmtop = 0
 Parameter: NTSMTOP <- "0"
  
 CHARMM>    set ndsmtop = 0
 Parameter: NDSMTOP <- "0"
  
 CHARMM>    set npsmtop = 0
 Parameter: NPSMTOP <- "0"
  
 CHARMM>    set nssmtop = 0
 Parameter: NSSMTOP <- "0"
  
 CHARMM>    set nasmtop = 0
 Parameter: NASMTOP <- "0"
  
 CHARMM>    set nbsmtop = 0
 Parameter: NBSMTOP <- "0"
  
 CHARMM>    set n23smtop = 0
 Parameter: N23SMTOP <- "0"
  
 CHARMM>    set nlsmtop = 0
 Parameter: NLSMTOP <- "0"
  
 CHARMM>    set nosmtop = 0
 Parameter: NOSMTOP <- "0"
  
 CHARMM>    set nnsmtop = 0
 Parameter: NNSMTOP <- "0"
  
 CHARMM>    set ncer160top = 0
 Parameter: NCER160TOP <- "0"
  
 CHARMM>    set ncer180top = 0
 Parameter: NCER180TOP <- "0"
  
 CHARMM>    set ncer181top = 0
 Parameter: NCER181TOP <- "0"
  
 CHARMM>    set ncer200top = 0
 Parameter: NCER200TOP <- "0"
  
 CHARMM>    set ncer220top = 0
 Parameter: NCER220TOP <- "0"
  
 CHARMM>    set ncer240top = 0
 Parameter: NCER240TOP <- "0"
  
 CHARMM>    set ncer241top = 0
 Parameter: NCER241TOP <- "0"
  
 CHARMM>    set ncer3etop = 0
 Parameter: NCER3ETOP <- "0"
  
 CHARMM>    set ncer6top = 0
 Parameter: NCER6TOP <- "0"
  
 CHARMM>    set ncer3top = 0
 Parameter: NCER3TOP <- "0"
  
 CHARMM>    set ncer1top = 0
 Parameter: NCER1TOP <- "0"
  
 CHARMM>    set nmaipctop = 0
 Parameter: NMAIPCTOP <- "0"
  
 CHARMM>    set nmaipgtop = 0
 Parameter: NMAIPGTOP <- "0"
  
 CHARMM>    set nmaipetop = 0
 Parameter: NMAIPETOP <- "0"
  
 CHARMM>    set naipctop = 0
 Parameter: NAIPCTOP <- "0"
  
 CHARMM>    set naipgtop = 0
 Parameter: NAIPGTOP <- "0"
  
 CHARMM>    set naipetop = 0
 Parameter: NAIPETOP <- "0"
  
 CHARMM>    set nqmpetop = 0
 Parameter: NQMPETOP <- "0"
  
 CHARMM>    set npaipctop = 0
 Parameter: NPAIPCTOP <- "0"
  
 CHARMM>    set npaipgtop = 0
 Parameter: NPAIPGTOP <- "0"
  
 CHARMM>    set npaipetop = 0
 Parameter: NPAIPETOP <- "0"
  
 CHARMM>    set nappctop = 0
 Parameter: NAPPCTOP <- "0"
  
 CHARMM>    set nippctop = 0
 Parameter: NIPPCTOP <- "0"
  
 CHARMM>    set npmpetop = 0
 Parameter: NPMPETOP <- "0"
  
 CHARMM>    set npmpgtop = 0
 Parameter: NPMPGTOP <- "0"
  
 CHARMM>    set nphpctop = 0
 Parameter: NPHPCTOP <- "0"
  
 CHARMM>    set npppetop = 0
 Parameter: NPPPETOP <- "0"
  
 CHARMM>    set npvpetop = 0
 Parameter: NPVPETOP <- "0"
  
 CHARMM>    set npvpgtop = 0
 Parameter: NPVPGTOP <- "0"
  
 CHARMM>    set npepctop = 0
 Parameter: NPEPCTOP <- "0"
  
 CHARMM>    set npepetop = 0
 Parameter: NPEPETOP <- "0"
  
 CHARMM>    set noepetop = 0
 Parameter: NOEPETOP <- "0"
  
 CHARMM>    set noepctop = 0
 Parameter: NOEPCTOP <- "0"
  
 CHARMM>    set ndppgktop = 0
 Parameter: NDPPGKTOP <- "0"
  
 CHARMM>    set npgmartop = 0
 Parameter: NPGMARTOP <- "0"
  
 CHARMM>    set naroltop = 0
 Parameter: NAROLTOP <- "0"
  
 CHARMM>    set npgartop = 0
 Parameter: NPGARTOP <- "0"
  
 CHARMM>    set npeartop = 0
 Parameter: NPEARTOP <- "0"
  
 CHARMM>    set nmen7top = 0
 Parameter: NMEN7TOP <- "0"
  
 CHARMM>    set nmen8top = 0
 Parameter: NMEN8TOP <- "0"
  
 CHARMM>    set nmen9top = 0
 Parameter: NMEN9TOP <- "0"
  
 CHARMM>    set nmkol8top = 0
 Parameter: NMKOL8TOP <- "0"
  
 CHARMM>    set narcl2top = 0
 Parameter: NARCL2TOP <- "0"
  
 CHARMM>    set nuq1top = 0
 Parameter: NUQ1TOP <- "0"
  
 CHARMM>    set nuq2top = 0
 Parameter: NUQ2TOP <- "0"
  
 CHARMM>    set nuq3top = 0
 Parameter: NUQ3TOP <- "0"
  
 CHARMM>    set nuq4top = 0
 Parameter: NUQ4TOP <- "0"
  
 CHARMM>    set nuq5top = 0
 Parameter: NUQ5TOP <- "0"
  
 CHARMM>    set nuq6top = 0
 Parameter: NUQ6TOP <- "0"
  
 CHARMM>    set nuq7top = 0
 Parameter: NUQ7TOP <- "0"
  
 CHARMM>    set nuq8top = 0
 Parameter: NUQ8TOP <- "0"
  
 CHARMM>    set nuq9top = 0
 Parameter: NUQ9TOP <- "0"
  
 CHARMM>    set nuq10top = 0
 Parameter: NUQ10TOP <- "0"
  
 CHARMM>    set nuqol1top = 0
 Parameter: NUQOL1TOP <- "0"
  
 CHARMM>    set nuqol2top = 0
 Parameter: NUQOL2TOP <- "0"
  
 CHARMM>    set nuqol3top = 0
 Parameter: NUQOL3TOP <- "0"
  
 CHARMM>    set nuqol4top = 0
 Parameter: NUQOL4TOP <- "0"
  
 CHARMM>    set nuqol5top = 0
 Parameter: NUQOL5TOP <- "0"
  
 CHARMM>    set nuqol6top = 0
 Parameter: NUQOL6TOP <- "0"
  
 CHARMM>    set nuqol7top = 0
 Parameter: NUQOL7TOP <- "0"
  
 CHARMM>    set nuqol8top = 0
 Parameter: NUQOL8TOP <- "0"
  
 CHARMM>    set nuqol9top = 0
 Parameter: NUQOL9TOP <- "0"
  
 CHARMM>    set nuqol10top = 0
 Parameter: NUQOL10TOP <- "0"
  
 CHARMM>    set nlautop = 0
 Parameter: NLAUTOP <- "0"
  
 CHARMM>    set nmyrtop = 0
 Parameter: NMYRTOP <- "0"
  
 CHARMM>    set npaltop = 0
 Parameter: NPALTOP <- "0"
  
 CHARMM>    set nstetop = 0
 Parameter: NSTETOP <- "0"
  
 CHARMM>    set naratop = 0
 Parameter: NARATOP <- "0"
  
 CHARMM>    set nbehtop = 0
 Parameter: NBEHTOP <- "0"
  
 CHARMM>    set ntritop = 0
 Parameter: NTRITOP <- "0"
  
 CHARMM>    set nligntop = 0
 Parameter: NLIGNTOP <- "0"
  
 CHARMM>    set nmyrotop = 0
 Parameter: NMYROTOP <- "0"
  
 CHARMM>    set npalotop = 0
 Parameter: NPALOTOP <- "0"
  
 CHARMM>    set nhtatop = 0
 Parameter: NHTATOP <- "0"
  
 CHARMM>    set noletop = 0
 Parameter: NOLETOP <- "0"
  
 CHARMM>    set nlintop = 0
 Parameter: NLINTOP <- "0"
  
 CHARMM>    set nalintop = 0
 Parameter: NALINTOP <- "0"
  
 CHARMM>    set nsdatop = 0
 Parameter: NSDATOP <- "0"
  
 CHARMM>    set nglatop = 0
 Parameter: NGLATOP <- "0"
  
 CHARMM>    set neicotop = 0
 Parameter: NEICOTOP <- "0"
  
 CHARMM>    set nedatop = 0
 Parameter: NEDATOP <- "0"
  
 CHARMM>    set nmeatop = 0
 Parameter: NMEATOP <- "0"
  
 CHARMM>    set ndglatop = 0
 Parameter: NDGLATOP <- "0"
  
 CHARMM>    set netetop = 0
 Parameter: NETETOP <- "0"
  
 CHARMM>    set netatop = 0
 Parameter: NETATOP <- "0"
  
 CHARMM>    set nepatop = 0
 Parameter: NEPATOP <- "0"
  
 CHARMM>    set narantop = 0
 Parameter: NARANTOP <- "0"
  
 CHARMM>    set nhpatop = 0
 Parameter: NHPATOP <- "0"
  
 CHARMM>    set nerutop = 0
 Parameter: NERUTOP <- "0"
  
 CHARMM>    set nddatop = 0
 Parameter: NDDATOP <- "0"
  
 CHARMM>    set nadrtop = 0
 Parameter: NADRTOP <- "0"
  
 CHARMM>    set ndpttop = 0
 Parameter: NDPTTOP <- "0"
  
 CHARMM>    set ndpatop = 0
 Parameter: NDPATOP <- "0"
  
 CHARMM>    set ndhatop = 0
 Parameter: NDHATOP <- "0"
  
 CHARMM>    set nnertop = 0
 Parameter: NNERTOP <- "0"
  
 CHARMM>    set nttatop = 0
 Parameter: NTTATOP <- "0"
  
 CHARMM>    set ntpttop = 0
 Parameter: NTPTTOP <- "0"
  
 CHARMM>    set ntpatop = 0
 Parameter: NTPATOP <- "0"
  
 CHARMM>    set nthatop = 0
 Parameter: NTHATOP <- "0"
  
 CHARMM>    set nlauptop = 0
 Parameter: NLAUPTOP <- "0"
  
 CHARMM>    set nmyrptop = 0
 Parameter: NMYRPTOP <- "0"
  
 CHARMM>    set npalptop = 0
 Parameter: NPALPTOP <- "0"
  
 CHARMM>    set nsteptop = 0
 Parameter: NSTEPTOP <- "0"
  
 CHARMM>    set naraptop = 0
 Parameter: NARAPTOP <- "0"
  
 CHARMM>    set nbehptop = 0
 Parameter: NBEHPTOP <- "0"
  
 CHARMM>    set ntriptop = 0
 Parameter: NTRIPTOP <- "0"
  
 CHARMM>    set nlignptop = 0
 Parameter: NLIGNPTOP <- "0"
  
 CHARMM>    set nmyroptop = 0
 Parameter: NMYROPTOP <- "0"
  
 CHARMM>    set npaloptop = 0
 Parameter: NPALOPTOP <- "0"
  
 CHARMM>    set nhtaptop = 0
 Parameter: NHTAPTOP <- "0"
  
 CHARMM>    set noleptop = 0
 Parameter: NOLEPTOP <- "0"
  
 CHARMM>    set nlinptop = 0
 Parameter: NLINPTOP <- "0"
  
 CHARMM>    set nalinptop = 0
 Parameter: NALINPTOP <- "0"
  
 CHARMM>    set nsdaptop = 0
 Parameter: NSDAPTOP <- "0"
  
 CHARMM>    set nglaptop = 0
 Parameter: NGLAPTOP <- "0"
  
 CHARMM>    set neicoptop = 0
 Parameter: NEICOPTOP <- "0"
  
 CHARMM>    set nedaptop = 0
 Parameter: NEDAPTOP <- "0"
  
 CHARMM>    set nmeaptop = 0
 Parameter: NMEAPTOP <- "0"
  
 CHARMM>    set ndglaptop = 0
 Parameter: NDGLAPTOP <- "0"
  
 CHARMM>    set neteptop = 0
 Parameter: NETEPTOP <- "0"
  
 CHARMM>    set netaptop = 0
 Parameter: NETAPTOP <- "0"
  
 CHARMM>    set nepaptop = 0
 Parameter: NEPAPTOP <- "0"
  
 CHARMM>    set naranptop = 0
 Parameter: NARANPTOP <- "0"
  
 CHARMM>    set nhpaptop = 0
 Parameter: NHPAPTOP <- "0"
  
 CHARMM>    set neruptop = 0
 Parameter: NERUPTOP <- "0"
  
 CHARMM>    set nddaptop = 0
 Parameter: NDDAPTOP <- "0"
  
 CHARMM>    set nadrptop = 0
 Parameter: NADRPTOP <- "0"
  
 CHARMM>    set ndptptop = 0
 Parameter: NDPTPTOP <- "0"
  
 CHARMM>    set ndpaptop = 0
 Parameter: NDPAPTOP <- "0"
  
 CHARMM>    set ndhaptop = 0
 Parameter: NDHAPTOP <- "0"
  
 CHARMM>    set nnerptop = 0
 Parameter: NNERPTOP <- "0"
  
 CHARMM>    set nttaptop = 0
 Parameter: NTTAPTOP <- "0"
  
 CHARMM>    set ntptptop = 0
 Parameter: NTPTPTOP <- "0"
  
 CHARMM>    set ntpaptop = 0
 Parameter: NTPAPTOP <- "0"
  
 CHARMM>    set nthaptop = 0
 Parameter: NTHAPTOP <- "0"
  
 CHARMM>    set nsb3-10top = 0
 Parameter: NSB3-10TOP <- "0"
  
 CHARMM>    set nsb3-12top = 0
 Parameter: NSB3-12TOP <- "0"
  
 CHARMM>    set nsb3-14top = 0
 Parameter: NSB3-14TOP <- "0"
  
 CHARMM>    set nchapstop = 0
 Parameter: NCHAPSTOP <- "0"
  
 CHARMM>    set nchapsotop = 0
 Parameter: NCHAPSOTOP <- "0"
  
 CHARMM>    set nddmgtop = 0
 Parameter: NDDMGTOP <- "0"
  
 CHARMM>    set ndomgtop = 0
 Parameter: NDOMGTOP <- "0"
  
 CHARMM>    set nddaotop = 0
 Parameter: NDDAOTOP <- "0"
  
 CHARMM>    set nudaotop = 0
 Parameter: NUDAOTOP <- "0"
  
 CHARMM>    set nldaotop = 0
 Parameter: NLDAOTOP <- "0"
  
 CHARMM>    set nlapaotop = 0
 Parameter: NLAPAOTOP <- "0"
  
 CHARMM>    set ntripaotop = 0
 Parameter: NTRIPAOTOP <- "0"
  
 CHARMM>    set nfos10top = 0
 Parameter: NFOS10TOP <- "0"
  
 CHARMM>    set nfos12top = 0
 Parameter: NFOS12TOP <- "0"
  
 CHARMM>    set nfos13top = 0
 Parameter: NFOS13TOP <- "0"
  
 CHARMM>    set nfos14top = 0
 Parameter: NFOS14TOP <- "0"
  
 CHARMM>    set nfos15top = 0
 Parameter: NFOS15TOP <- "0"
  
 CHARMM>    set nfos16top = 0
 Parameter: NFOS16TOP <- "0"
  
 CHARMM>    set nufos10top = 0
 Parameter: NUFOS10TOP <- "0"
  
 CHARMM>    set nlpc12top = 0
 Parameter: NLPC12TOP <- "0"
  
 CHARMM>    set nlpc14top = 0
 Parameter: NLPC14TOP <- "0"
  
 CHARMM>    set nlpc16top = 0
 Parameter: NLPC16TOP <- "0"
  
 CHARMM>    set nfois9top = 0
 Parameter: NFOIS9TOP <- "0"
  
 CHARMM>    set nfois11top = 0
 Parameter: NFOIS11TOP <- "0"
  
 CHARMM>    set nc6dhpctop = 0
 Parameter: NC6DHPCTOP <- "0"
  
 CHARMM>    set nc7dhpctop = 0
 Parameter: NC7DHPCTOP <- "0"
  
 CHARMM>    set ncyfos3top = 0
 Parameter: NCYFOS3TOP <- "0"
  
 CHARMM>    set ncyfos4top = 0
 Parameter: NCYFOS4TOP <- "0"
  
 CHARMM>    set ncyfos5top = 0
 Parameter: NCYFOS5TOP <- "0"
  
 CHARMM>    set ncyfos6top = 0
 Parameter: NCYFOS6TOP <- "0"
  
 CHARMM>    set ncyfos7top = 0
 Parameter: NCYFOS7TOP <- "0"
  
 CHARMM>    set nsdstop = 0
 Parameter: NSDSTOP <- "0"
  
 CHARMM>    set nlmpgtop = 0
 Parameter: NLMPGTOP <- "0"
  
 CHARMM>    set nlppgtop = 0
 Parameter: NLPPGTOP <- "0"
  
 CHARMM>    set nddaoptop = 0
 Parameter: NDDAOPTOP <- "0"
  
 CHARMM>    set nudaoptop = 0
 Parameter: NUDAOPTOP <- "0"
  
 CHARMM>    set nldaoptop = 0
 Parameter: NLDAOPTOP <- "0"
  
 CHARMM>    set nlapaoptop = 0
 Parameter: NLAPAOPTOP <- "0"
  
 CHARMM>    set ntrpaoptop = 0
 Parameter: NTRPAOPTOP <- "0"
  
 CHARMM>    set nc6eg3top = 0
 Parameter: NC6EG3TOP <- "0"
  
 CHARMM>    set nc6eg4top = 0
 Parameter: NC6EG4TOP <- "0"
  
 CHARMM>    set nc6eg5top = 0
 Parameter: NC6EG5TOP <- "0"
  
 CHARMM>    set nc7eg4top = 0
 Parameter: NC7EG4TOP <- "0"
  
 CHARMM>    set nc7eg5top = 0
 Parameter: NC7EG5TOP <- "0"
  
 CHARMM>    set nc8eg4top = 0
 Parameter: NC8EG4TOP <- "0"
  
 CHARMM>    set nc8eg5top = 0
 Parameter: NC8EG5TOP <- "0"
  
 CHARMM>    set nc8eg6top = 0
 Parameter: NC8EG6TOP <- "0"
  
 CHARMM>    set nc10eg5top = 0
 Parameter: NC10EG5TOP <- "0"
  
 CHARMM>    set nc10eg6top = 0
 Parameter: NC10EG6TOP <- "0"
  
 CHARMM>    set nc10eg9top = 0
 Parameter: NC10EG9TOP <- "0"
  
 CHARMM>    set nc12eg7top = 0
 Parameter: NC12EG7TOP <- "0"
  
 CHARMM>    set nc12eg8top = 0
 Parameter: NC12EG8TOP <- "0"
  
 CHARMM>    set nc12eg9top = 0
 Parameter: NC12EG9TOP <- "0"
  
 CHARMM>    set nc12degtop = 0
 Parameter: NC12DEGTOP <- "0"
  
 CHARMM>    set nc13eg8top = 0
 Parameter: NC13EG8TOP <- "0"
  
 CHARMM>    set nnidp40top = 0
 Parameter: NNIDP40TOP <- "0"
  
 CHARMM>    set ntx100top = 0
 Parameter: NTX100TOP <- "0"
  
 CHARMM>    set ntx114top = 0
 Parameter: NTX114TOP <- "0"
  
 CHARMM>    set naogtop = 0
 Parameter: NAOGTOP <- "0"
  
 CHARMM>    set nbogtop = 0
 Parameter: NBOGTOP <- "0"
  
 CHARMM>    set nangtop = 0
 Parameter: NANGTOP <- "0"
  
 CHARMM>    set nbngtop = 0
 Parameter: NBNGTOP <- "0"
  
 CHARMM>    set nadgtop = 0
 Parameter: NADGTOP <- "0"
  
 CHARMM>    set nbdgtop = 0
 Parameter: NBDGTOP <- "0"
  
 CHARMM>    set naddgtop = 0
 Parameter: NADDGTOP <- "0"
  
 CHARMM>    set nbddgtop = 0
 Parameter: NBDDGTOP <- "0"
  
 CHARMM>    set nacy3gtop = 0
 Parameter: NACY3GTOP <- "0"
  
 CHARMM>    set nbcy3gtop = 0
 Parameter: NBCY3GTOP <- "0"
  
 CHARMM>    set namhcgtop = 0
 Parameter: NAMHCGTOP <- "0"
  
 CHARMM>    set nbmhcgtop = 0
 Parameter: NBMHCGTOP <- "0"
  
 CHARMM>    set naomtop = 0
 Parameter: NAOMTOP <- "0"
  
 CHARMM>    set nbomtop = 0
 Parameter: NBOMTOP <- "0"
  
 CHARMM>    set nanmtop = 0
 Parameter: NANMTOP <- "0"
  
 CHARMM>    set nbnmtop = 0
 Parameter: NBNMTOP <- "0"
  
 CHARMM>    set nadmtop = 0
 Parameter: NADMTOP <- "0"
  
 CHARMM>    set nbdmtop = 0
 Parameter: NBDMTOP <- "0"
  
 CHARMM>    set naudmtop = 0
 Parameter: NAUDMTOP <- "0"
  
 CHARMM>    set nbudmtop = 0
 Parameter: NBUDMTOP <- "0"
  
 CHARMM>    set na2udmtop = 0
 Parameter: NA2UDMTOP <- "0"
  
 CHARMM>    set nb2udmtop = 0
 Parameter: NB2UDMTOP <- "0"
  
 CHARMM>    set naddmtop = 0
 Parameter: NADDMTOP <- "0"
  
 CHARMM>    set nbddmtop = 0
 Parameter: NBDDMTOP <- "0"
  
 CHARMM>    set nadmhmtop = 0
 Parameter: NADMHMTOP <- "0"
  
 CHARMM>    set nbdmhmtop = 0
 Parameter: NBDMHMTOP <- "0"
  
 CHARMM>    set nappmtop = 0
 Parameter: NAPPMTOP <- "0"
  
 CHARMM>    set nbppmtop = 0
 Parameter: NBPPMTOP <- "0"
  
 CHARMM>    set natmtop = 0
 Parameter: NATMTOP <- "0"
  
 CHARMM>    set nbtmtop = 0
 Parameter: NBTMTOP <- "0"
  
 CHARMM>    set nacy3mtop = 0
 Parameter: NACY3MTOP <- "0"
  
 CHARMM>    set nbcy3mtop = 0
 Parameter: NBCY3MTOP <- "0"
  
 CHARMM>    set nacy4mtop = 0
 Parameter: NACY4MTOP <- "0"
  
 CHARMM>    set nbcy4mtop = 0
 Parameter: NBCY4MTOP <- "0"
  
 CHARMM>    set nacy5mtop = 0
 Parameter: NACY5MTOP <- "0"
  
 CHARMM>    set nbcy5mtop = 0
 Parameter: NBCY5MTOP <- "0"
  
 CHARMM>    set nacy6mtop = 0
 Parameter: NACY6MTOP <- "0"
  
 CHARMM>    set nbcy6mtop = 0
 Parameter: NBCY6MTOP <- "0"
  
 CHARMM>    set nacy7mtop = 0
 Parameter: NACY7MTOP <- "0"
  
 CHARMM>    set nbcy7mtop = 0
 Parameter: NBCY7MTOP <- "0"
  
 CHARMM>    set nnhegtop = 0
 Parameter: NNHEGTOP <- "0"
  
 CHARMM>    set ndhegtop = 0
 Parameter: NDHEGTOP <- "0"
  
 CHARMM>    set nnmgtop = 0
 Parameter: NNMGTOP <- "0"
  
 CHARMM>    set ndmgtop = 0
 Parameter: NDMGTOP <- "0"
  
 CHARMM>    set nctb10top = 0
 Parameter: NCTB10TOP <- "0"
  
 CHARMM>    set nctb11top = 0
 Parameter: NCTB11TOP <- "0"
  
 CHARMM>    set nctb12top = 0
 Parameter: NCTB12TOP <- "0"
  
 CHARMM>    set nctb13top = 0
 Parameter: NCTB13TOP <- "0"
  
 CHARMM>    set nctb14top = 0
 Parameter: NCTB14TOP <- "0"
  
 CHARMM>    set nctb15top = 0
 Parameter: NCTB15TOP <- "0"
  
 CHARMM>    set nctb16top = 0
 Parameter: NCTB16TOP <- "0"
  
 CHARMM>    set ngms1top = 0
 Parameter: NGMS1TOP <- "0"
  
 CHARMM>    set ngms2top = 0
 Parameter: NGMS2TOP <- "0"
  
 CHARMM>    set nmln1top = 0
 Parameter: NMLN1TOP <- "0"
  
 CHARMM>    set nmln2top = 0
 Parameter: NMLN2TOP <- "0"
  
 CHARMM>    set nmgtm10top = 0
 Parameter: NMGTM10TOP <- "0"
  
 CHARMM>    set nmgtm11top = 0
 Parameter: NMGTM11TOP <- "0"
  
 CHARMM>    set negtm10top = 0
 Parameter: NEGTM10TOP <- "0"
  
 CHARMM>    set negtm11top = 0
 Parameter: NEGTM11TOP <- "0"
  
 CHARMM>    set ntzmh9top = 0
 Parameter: NTZMH9TOP <- "0"
  
 CHARMM>    set ntzmh10top = 0
 Parameter: NTZMH10TOP <- "0"
  
 CHARMM>    set ntzme9top = 0
 Parameter: NTZME9TOP <- "0"
  
 CHARMM>    set ntzme10top = 0
 Parameter: NTZME10TOP <- "0"
  
 CHARMM>    set nsmddtop = 0
 Parameter: NSMDDTOP <- "0"
  
 CHARMM>    set nbbphgtop = 0
 Parameter: NBBPHGTOP <- "0"
  
 CHARMM>    set nbbcygtop = 0
 Parameter: NBBCYGTOP <- "0"
  
 CHARMM>    set nbogngtop = 0
 Parameter: NBOGNGTOP <- "0"
  
 CHARMM>    set nblmngtop = 0
 Parameter: NBLMNGTOP <- "0"
  
 CHARMM>    set nbdmngtop = 0
 Parameter: NBDMNGTOP <- "0"
  
 CHARMM>    set nc5mngtop = 0
 Parameter: NC5MNGTOP <- "0"
  
 CHARMM>    set nc6mngtop = 0
 Parameter: NC6MNGTOP <- "0"
  
 CHARMM>    set nbotgngtop = 0
 Parameter: NBOTGNGTOP <- "0"
  
 CHARMM>    set nboingtop = 0
 Parameter: NBOINGTOP <- "0"
  
 CHARMM>    set nahtgtop = 0
 Parameter: NAHTGTOP <- "0"
  
 CHARMM>    set nbhtgtop = 0
 Parameter: NBHTGTOP <- "0"
  
 CHARMM>    set naotgtop = 0
 Parameter: NAOTGTOP <- "0"
  
 CHARMM>    set nbotgtop = 0
 Parameter: NBOTGTOP <- "0"
  
 CHARMM>    set naotmtop = 0
 Parameter: NAOTMTOP <- "0"
  
 CHARMM>    set nbotmtop = 0
 Parameter: NBOTMTOP <- "0"
  
 CHARMM>    set nantmtop = 0
 Parameter: NANTMTOP <- "0"
  
 CHARMM>    set nbntmtop = 0
 Parameter: NBNTMTOP <- "0"
  
 CHARMM>    set nadtmtop = 0
 Parameter: NADTMTOP <- "0"
  
 CHARMM>    set nbdtmtop = 0
 Parameter: NBDTMTOP <- "0"
  
 CHARMM>    set naudtmtop = 0
 Parameter: NAUDTMTOP <- "0"
  
 CHARMM>    set nbudtmtop = 0
 Parameter: NBUDTMTOP <- "0"
  
 CHARMM>    set naddtmtop = 0
 Parameter: NADDTMTOP <- "0"
  
 CHARMM>    set nbddtmtop = 0
 Parameter: NBDDTMTOP <- "0"
  
 CHARMM>    set ndhpcetop = 0
 Parameter: NDHPCETOP <- "0"
  
 CHARMM>    set npopcetop = 0
 Parameter: NPOPCETOP <- "0"
  
 CHARMM>    set ndopcetop = 0
 Parameter: NDOPCETOP <- "0"
  
 CHARMM>    set ndmpcetop = 0
 Parameter: NDMPCETOP <- "0"
  
 CHARMM>    set npopeetop = 0
 Parameter: NPOPEETOP <- "0"
  
 CHARMM>    set ndopeetop = 0
 Parameter: NDOPEETOP <- "0"
  
 CHARMM>    set ndppeetop = 0
 Parameter: NDPPEETOP <- "0"
  
 CHARMM>    set ndmpeetop = 0
 Parameter: NDMPEETOP <- "0"
  
 CHARMM>    set npla20top = 0
 Parameter: NPLA20TOP <- "0"
  
 CHARMM>    set npla18top = 0
 Parameter: NPLA18TOP <- "0"
  
 CHARMM>    set nplc22top = 0
 Parameter: NPLC22TOP <- "0"
  
 CHARMM>    set nplc20top = 0
 Parameter: NPLC20TOP <- "0"
  
 CHARMM>    set nplc18top = 0
 Parameter: NPLC18TOP <- "0"
  
 CHARMM>    set nbmgptop = 0
 Parameter: NBMGPTOP <- "0"
  
 CHARMM>    set ndmtaptop = 0
 Parameter: NDMTAPTOP <- "0"
  
 CHARMM>    set ndptaptop = 0
 Parameter: NDPTAPTOP <- "0"
  
 CHARMM>    set ndotaptop = 0
 Parameter: NDOTAPTOP <- "0"
  
 CHARMM>    set ndstaptop = 0
 Parameter: NDSTAPTOP <- "0"
  
 CHARMM>    set ndltaptop = 0
 Parameter: NDLTAPTOP <- "0"
  
 CHARMM>    set ndmdaptop = 0
 Parameter: NDMDAPTOP <- "0"
  
 CHARMM>    set ndmdaphtop = 0
 Parameter: NDMDAPHTOP <- "0"
  
 CHARMM>    set ndpdaptop = 0
 Parameter: NDPDAPTOP <- "0"
  
 CHARMM>    set ndpdaphtop = 0
 Parameter: NDPDAPHTOP <- "0"
  
 CHARMM>    set ndsdaptop = 0
 Parameter: NDSDAPTOP <- "0"
  
 CHARMM>    set ndsdaphtop = 0
 Parameter: NDSDAPHTOP <- "0"
  
 CHARMM>    set ndodaptop = 0
 Parameter: NDODAPTOP <- "0"
  
 CHARMM>    set ndodaphtop = 0
 Parameter: NDODAPHTOP <- "0"
  
 CHARMM>    set ndldaptop = 0
 Parameter: NDLDAPTOP <- "0"
  
 CHARMM>    set ndldaphtop = 0
 Parameter: NDLDAPHTOP <- "0"
  
 CHARMM>    set ndmdmatop = 0
 Parameter: NDMDMATOP <- "0"
  
 CHARMM>    set ndmdmahtop = 0
 Parameter: NDMDMAHTOP <- "0"
  
 CHARMM>    set ndpdmatop = 0
 Parameter: NDPDMATOP <- "0"
  
 CHARMM>    set ndpdmahtop = 0
 Parameter: NDPDMAHTOP <- "0"
  
 CHARMM>    set ndsdmatop = 0
 Parameter: NDSDMATOP <- "0"
  
 CHARMM>    set ndsdmahtop = 0
 Parameter: NDSDMAHTOP <- "0"
  
 CHARMM>    set ndodmatop = 0
 Parameter: NDODMATOP <- "0"
  
 CHARMM>    set ndodmahtop = 0
 Parameter: NDODMAHTOP <- "0"
  
 CHARMM>    set ndldmatop = 0
 Parameter: NDLDMATOP <- "0"
  
 CHARMM>    set ndldmahtop = 0
 Parameter: NDLDMAHTOP <- "0"
  
 CHARMM>    set ndmkc1top = 0
 Parameter: NDMKC1TOP <- "0"
  
 CHARMM>    set ndmkc1htop = 0
 Parameter: NDMKC1HTOP <- "0"
  
 CHARMM>    set ndpkc1top = 0
 Parameter: NDPKC1TOP <- "0"
  
 CHARMM>    set ndpkc1htop = 0
 Parameter: NDPKC1HTOP <- "0"
  
 CHARMM>    set ndskc1top = 0
 Parameter: NDSKC1TOP <- "0"
  
 CHARMM>    set ndskc1htop = 0
 Parameter: NDSKC1HTOP <- "0"
  
 CHARMM>    set ndokc1top = 0
 Parameter: NDOKC1TOP <- "0"
  
 CHARMM>    set ndokc1htop = 0
 Parameter: NDOKC1HTOP <- "0"
  
 CHARMM>    set ndlkc1top = 0
 Parameter: NDLKC1TOP <- "0"
  
 CHARMM>    set ndlkc1htop = 0
 Parameter: NDLKC1HTOP <- "0"
  
 CHARMM>    set ndmkc2top = 0
 Parameter: NDMKC2TOP <- "0"
  
 CHARMM>    set ndmkc2htop = 0
 Parameter: NDMKC2HTOP <- "0"
  
 CHARMM>    set ndpkc2top = 0
 Parameter: NDPKC2TOP <- "0"
  
 CHARMM>    set ndpkc2htop = 0
 Parameter: NDPKC2HTOP <- "0"
  
 CHARMM>    set ndskc2top = 0
 Parameter: NDSKC2TOP <- "0"
  
 CHARMM>    set ndskc2htop = 0
 Parameter: NDSKC2HTOP <- "0"
  
 CHARMM>    set ndokc2top = 0
 Parameter: NDOKC2TOP <- "0"
  
 CHARMM>    set ndokc2htop = 0
 Parameter: NDOKC2HTOP <- "0"
  
 CHARMM>    set ndlkc2top = 0
 Parameter: NDLKC2TOP <- "0"
  
 CHARMM>    set ndlkc2htop = 0
 Parameter: NDLKC2HTOP <- "0"
  
 CHARMM>    set ndmmc3top = 0
 Parameter: NDMMC3TOP <- "0"
  
 CHARMM>    set ndmmc3htop = 0
 Parameter: NDMMC3HTOP <- "0"
  
 CHARMM>    set ndpmc3top = 0
 Parameter: NDPMC3TOP <- "0"
  
 CHARMM>    set ndpmc3htop = 0
 Parameter: NDPMC3HTOP <- "0"
  
 CHARMM>    set ndsmc3top = 0
 Parameter: NDSMC3TOP <- "0"
  
 CHARMM>    set ndsmc3htop = 0
 Parameter: NDSMC3HTOP <- "0"
  
 CHARMM>    set ndomc3top = 0
 Parameter: NDOMC3TOP <- "0"
  
 CHARMM>    set ndomc3htop = 0
 Parameter: NDOMC3HTOP <- "0"
  
 CHARMM>    set ndlmc3top = 0
 Parameter: NDLMC3TOP <- "0"
  
 CHARMM>    set ndlmc3htop = 0
 Parameter: NDLMC3HTOP <- "0"
  
 VCLOSE: Closing unit   99 with status "KEEP"

                    RETURNING TO INPUT STREAM     5
  
 CHARMM>    stream step3_nlipids_lower.prm
 VOPEN> Attempting to open::step3_nlipids_lower.prm::
 OPNLGU> Unit 99 opened for READONLY access to step3_nlipids_lower.prm

                    INPUT STREAM SWITCHING TO UNIT    99
 RDTITL> SET NCHL1BOT = 0
 RDTITL> No title read.
 Parameter: IN1 <- "" <empty>
  
 CHARMM>    set nchl1bot = 0
 Parameter: NCHL1BOT <- "0"
  
 CHARMM>    set nergbot = 0
 Parameter: NERGBOT <- "0"
  
 CHARMM>    set ndpopbot = 0
 Parameter: NDPOPBOT <- "0"
  
 CHARMM>    set nsitobot = 0
 Parameter: NSITOBOT <- "0"
  
 CHARMM>    set nstigbot = 0
 Parameter: NSTIGBOT <- "0"
  
 CHARMM>    set nchsdbot = 0
 Parameter: NCHSDBOT <- "0"
  
 CHARMM>    set nchspbot = 0
 Parameter: NCHSPBOT <- "0"
  
 CHARMM>    set ncampbot = 0
 Parameter: NCAMPBOT <- "0"
  
 CHARMM>    set ngcampbot = 0
 Parameter: NGCAMPBOT <- "0"
  
 CHARMM>    set ngsitobot = 0
 Parameter: NGSITOBOT <- "0"
  
 CHARMM>    set ngstigbot = 0
 Parameter: NGSTIGBOT <- "0"
  
 CHARMM>    set nlanobot = 0
 Parameter: NLANOBOT <- "0"
  
 CHARMM>    set npgcampbot = 0
 Parameter: NPGCAMPBOT <- "0"
  
 CHARMM>    set npgsitobot = 0
 Parameter: NPGSITOBOT <- "0"
  
 CHARMM>    set npgstigbot = 0
 Parameter: NPGSTIGBOT <- "0"
  
 CHARMM>    set ndlpabot = 0
 Parameter: NDLPABOT <- "0"
  
 CHARMM>    set ndmpabot = 0
 Parameter: NDMPABOT <- "0"
  
 CHARMM>    set ndppabot = 0
 Parameter: NDPPABOT <- "0"
  
 CHARMM>    set npspabot = 0
 Parameter: NPSPABOT <- "0"
  
 CHARMM>    set ndspabot = 0
 Parameter: NDSPABOT <- "0"
  
 CHARMM>    set npopabot = 0
 Parameter: NPOPABOT <- "0"
  
 CHARMM>    set nplpabot = 0
 Parameter: NPLPABOT <- "0"
  
 CHARMM>    set nsopabot = 0
 Parameter: NSOPABOT <- "0"
  
 CHARMM>    set nslpabot = 0
 Parameter: NSLPABOT <- "0"
  
 CHARMM>    set ndypabot = 0
 Parameter: NDYPABOT <- "0"
  
 CHARMM>    set nyopabot = 0
 Parameter: NYOPABOT <- "0"
  
 CHARMM>    set ndopabot = 0
 Parameter: NDOPABOT <- "0"
  
 CHARMM>    set ndgpabot = 0
 Parameter: NDGPABOT <- "0"
  
 CHARMM>    set ndepabot = 0
 Parameter: NDEPABOT <- "0"
  
 CHARMM>    set ndnpabot = 0
 Parameter: NDNPABOT <- "0"
  
 CHARMM>    set nddpcbot = 0
 Parameter: NDDPCBOT <- "0"
  
 CHARMM>    set ndcpcbot = 0
 Parameter: NDCPCBOT <- "0"
  
 CHARMM>    set ndlpcbot = 0
 Parameter: NDLPCBOT <- "0"
  
 CHARMM>    set ndmpcbot = 0
 Parameter: NDMPCBOT <- "0"
  
 CHARMM>    set ndppcbot = 0
 Parameter: NDPPCBOT <- "0"
  
 CHARMM>    set ndspcbot = 0
 Parameter: NDSPCBOT <- "0"
  
 CHARMM>    set npypcbot = 0
 Parameter: NPYPCBOT <- "0"
  
 CHARMM>    set npopcbot = 32
 Parameter: NPOPCBOT <- "32"
  
 CHARMM>    set nplpcbot = 0
 Parameter: NPLPCBOT <- "0"
  
 CHARMM>    set npilpcbot = 0
 Parameter: NPILPCBOT <- "0"
  
 CHARMM>    set npdopcbot = 0
 Parameter: NPDOPCBOT <- "0"
  
 CHARMM>    set nsopcbot = 0
 Parameter: NSOPCBOT <- "0"
  
 CHARMM>    set nslpcbot = 0
 Parameter: NSLPCBOT <- "0"
  
 CHARMM>    set ndrpcbot = 0
 Parameter: NDRPCBOT <- "0"
  
 CHARMM>    set ndypcbot = 0
 Parameter: NDYPCBOT <- "0"
  
 CHARMM>    set nyopcbot = 0
 Parameter: NYOPCBOT <- "0"
  
 CHARMM>    set ndopcbot = 0
 Parameter: NDOPCBOT <- "0"
  
 CHARMM>    set ndupcbot = 0
 Parameter: NDUPCBOT <- "0"
  
 CHARMM>    set ndgpcbot = 0
 Parameter: NDGPCBOT <- "0"
  
 CHARMM>    set ndepcbot = 0
 Parameter: NDEPCBOT <- "0"
  
 CHARMM>    set nddopcbot = 0
 Parameter: NDDOPCBOT <- "0"
  
 CHARMM>    set ndnpcbot = 0
 Parameter: NDNPCBOT <- "0"
  
 CHARMM>    set ndlipcbot = 0
 Parameter: NDLIPCBOT <- "0"
  
 CHARMM>    set nllpcbot = 0
 Parameter: NLLPCBOT <- "0"
  
 CHARMM>    set ndlpebot = 0
 Parameter: NDLPEBOT <- "0"
  
 CHARMM>    set ndmpebot = 0
 Parameter: NDMPEBOT <- "0"
  
 CHARMM>    set ndppebot = 0
 Parameter: NDPPEBOT <- "0"
  
 CHARMM>    set npspebot = 0
 Parameter: NPSPEBOT <- "0"
  
 CHARMM>    set ndspebot = 0
 Parameter: NDSPEBOT <- "0"
  
 CHARMM>    set npypebot = 0
 Parameter: NPYPEBOT <- "0"
  
 CHARMM>    set npopebot = 0
 Parameter: NPOPEBOT <- "0"
  
 CHARMM>    set nplpebot = 0
 Parameter: NPLPEBOT <- "0"
  
 CHARMM>    set npdopebot = 0
 Parameter: NPDOPEBOT <- "0"
  
 CHARMM>    set nsopebot = 0
 Parameter: NSOPEBOT <- "0"
  
 CHARMM>    set nslpebot = 0
 Parameter: NSLPEBOT <- "0"
  
 CHARMM>    set ndypebot = 0
 Parameter: NDYPEBOT <- "0"
  
 CHARMM>    set nyopebot = 0
 Parameter: NYOPEBOT <- "0"
  
 CHARMM>    set noypebot = 0
 Parameter: NOYPEBOT <- "0"
  
 CHARMM>    set ndopebot = 0
 Parameter: NDOPEBOT <- "0"
  
 CHARMM>    set ndgpebot = 0
 Parameter: NDGPEBOT <- "0"
  
 CHARMM>    set ndepebot = 0
 Parameter: NDEPEBOT <- "0"
  
 CHARMM>    set nddopebot = 0
 Parameter: NDDOPEBOT <- "0"
  
 CHARMM>    set ndnpebot = 0
 Parameter: NDNPEBOT <- "0"
  
 CHARMM>    set ndlipebot = 0
 Parameter: NDLIPEBOT <- "0"
  
 CHARMM>    set nllpebot = 0
 Parameter: NLLPEBOT <- "0"
  
 CHARMM>    set ndlpgbot = 0
 Parameter: NDLPGBOT <- "0"
  
 CHARMM>    set ndmpgbot = 0
 Parameter: NDMPGBOT <- "0"
  
 CHARMM>    set ndppgbot = 0
 Parameter: NDPPGBOT <- "0"
  
 CHARMM>    set npspgbot = 0
 Parameter: NPSPGBOT <- "0"
  
 CHARMM>    set ndspgbot = 0
 Parameter: NDSPGBOT <- "0"
  
 CHARMM>    set npypgbot = 0
 Parameter: NPYPGBOT <- "0"
  
 CHARMM>    set nyppgbot = 0
 Parameter: NYPPGBOT <- "0"
  
 CHARMM>    set npopgbot = 0
 Parameter: NPOPGBOT <- "0"
  
 CHARMM>    set noppgbot = 0
 Parameter: NOPPGBOT <- "0"
  
 CHARMM>    set nplpgbot = 0
 Parameter: NPLPGBOT <- "0"
  
 CHARMM>    set nsopgbot = 0
 Parameter: NSOPGBOT <- "0"
  
 CHARMM>    set nslpgbot = 0
 Parameter: NSLPGBOT <- "0"
  
 CHARMM>    set ndypgbot = 0
 Parameter: NDYPGBOT <- "0"
  
 CHARMM>    set ndopgbot = 0
 Parameter: NDOPGBOT <- "0"
  
 CHARMM>    set ndgpgbot = 0
 Parameter: NDGPGBOT <- "0"
  
 CHARMM>    set ndepgbot = 0
 Parameter: NDEPGBOT <- "0"
  
 CHARMM>    set ndnpgbot = 0
 Parameter: NDNPGBOT <- "0"
  
 CHARMM>    set ndlpsbot = 0
 Parameter: NDLPSBOT <- "0"
  
 CHARMM>    set ndmpsbot = 0
 Parameter: NDMPSBOT <- "0"
  
 CHARMM>    set ndppsbot = 0
 Parameter: NDPPSBOT <- "0"
  
 CHARMM>    set npspsbot = 0
 Parameter: NPSPSBOT <- "0"
  
 CHARMM>    set ndspsbot = 0
 Parameter: NDSPSBOT <- "0"
  
 CHARMM>    set npopsbot = 0
 Parameter: NPOPSBOT <- "0"
  
 CHARMM>    set npspcbot = 0
 Parameter: NPSPCBOT <- "0"
  
 CHARMM>    set npapcbot = 0
 Parameter: NPAPCBOT <- "0"
  
 CHARMM>    set nplpsbot = 0
 Parameter: NPLPSBOT <- "0"
  
 CHARMM>    set nsopsbot = 0
 Parameter: NSOPSBOT <- "0"
  
 CHARMM>    set nslpsbot = 0
 Parameter: NSLPSBOT <- "0"
  
 CHARMM>    set nolpsbot = 0
 Parameter: NOLPSBOT <- "0"
  
 CHARMM>    set ndypsbot = 0
 Parameter: NDYPSBOT <- "0"
  
 CHARMM>    set nyopsbot = 0
 Parameter: NYOPSBOT <- "0"
  
 CHARMM>    set ndopsbot = 0
 Parameter: NDOPSBOT <- "0"
  
 CHARMM>    set ndgpsbot = 0
 Parameter: NDGPSBOT <- "0"
  
 CHARMM>    set ndepsbot = 0
 Parameter: NDEPSBOT <- "0"
  
 CHARMM>    set nddopsbot = 0
 Parameter: NDDOPSBOT <- "0"
  
 CHARMM>    set ndnpsbot = 0
 Parameter: NDNPSBOT <- "0"
  
 CHARMM>    set nllpsbot = 0
 Parameter: NLLPSBOT <- "0"
  
 CHARMM>    set npopp1bot = 0
 Parameter: NPOPP1BOT <- "0"
  
 CHARMM>    set npopp2bot = 0
 Parameter: NPOPP2BOT <- "0"
  
 CHARMM>    set npopp3bot = 0
 Parameter: NPOPP3BOT <- "0"
  
 CHARMM>    set ndopp1bot = 0
 Parameter: NDOPP1BOT <- "0"
  
 CHARMM>    set ndopp2bot = 0
 Parameter: NDOPP2BOT <- "0"
  
 CHARMM>    set ndopp3bot = 0
 Parameter: NDOPP3BOT <- "0"
  
 CHARMM>    set ndmpibot = 0
 Parameter: NDMPIBOT <- "0"
  
 CHARMM>    set ndmpi13bot = 0
 Parameter: NDMPI13BOT <- "0"
  
 CHARMM>    set ndmpi14bot = 0
 Parameter: NDMPI14BOT <- "0"
  
 CHARMM>    set ndmpi15bot = 0
 Parameter: NDMPI15BOT <- "0"
  
 CHARMM>    set ndmpi24bot = 0
 Parameter: NDMPI24BOT <- "0"
  
 CHARMM>    set ndmpi25bot = 0
 Parameter: NDMPI25BOT <- "0"
  
 CHARMM>    set ndmpi2abot = 0
 Parameter: NDMPI2ABOT <- "0"
  
 CHARMM>    set ndmpi2bbot = 0
 Parameter: NDMPI2BBOT <- "0"
  
 CHARMM>    set ndmpi2cbot = 0
 Parameter: NDMPI2CBOT <- "0"
  
 CHARMM>    set ndmpi2dbot = 0
 Parameter: NDMPI2DBOT <- "0"
  
 CHARMM>    set ndmpi33bot = 0
 Parameter: NDMPI33BOT <- "0"
  
 CHARMM>    set ndmpi34bot = 0
 Parameter: NDMPI34BOT <- "0"
  
 CHARMM>    set ndmpi35bot = 0
 Parameter: NDMPI35BOT <- "0"
  
 CHARMM>    set ndppibot = 0
 Parameter: NDPPIBOT <- "0"
  
 CHARMM>    set npypibot = 0
 Parameter: NPYPIBOT <- "0"
  
 CHARMM>    set npspibot = 0
 Parameter: NPSPIBOT <- "0"
  
 CHARMM>    set npopibot = 0
 Parameter: NPOPIBOT <- "0"
  
 CHARMM>    set npopi13bot = 0
 Parameter: NPOPI13BOT <- "0"
  
 CHARMM>    set npopi14bot = 0
 Parameter: NPOPI14BOT <- "0"
  
 CHARMM>    set npopi15bot = 0
 Parameter: NPOPI15BOT <- "0"
  
 CHARMM>    set npopi24bot = 0
 Parameter: NPOPI24BOT <- "0"
  
 CHARMM>    set npopi25bot = 0
 Parameter: NPOPI25BOT <- "0"
  
 CHARMM>    set npopi2abot = 0
 Parameter: NPOPI2ABOT <- "0"
  
 CHARMM>    set npopi2bbot = 0
 Parameter: NPOPI2BBOT <- "0"
  
 CHARMM>    set npopi2cbot = 0
 Parameter: NPOPI2CBOT <- "0"
  
 CHARMM>    set npopi2dbot = 0
 Parameter: NPOPI2DBOT <- "0"
  
 CHARMM>    set npopi33bot = 0
 Parameter: NPOPI33BOT <- "0"
  
 CHARMM>    set npopi34bot = 0
 Parameter: NPOPI34BOT <- "0"
  
 CHARMM>    set npopi35bot = 0
 Parameter: NPOPI35BOT <- "0"
  
 CHARMM>    set nplpibot = 0
 Parameter: NPLPIBOT <- "0"
  
 CHARMM>    set nplpi13bot = 0
 Parameter: NPLPI13BOT <- "0"
  
 CHARMM>    set nplpi14bot = 0
 Parameter: NPLPI14BOT <- "0"
  
 CHARMM>    set nplpi15bot = 0
 Parameter: NPLPI15BOT <- "0"
  
 CHARMM>    set nplpi24bot = 0
 Parameter: NPLPI24BOT <- "0"
  
 CHARMM>    set nplpi25bot = 0
 Parameter: NPLPI25BOT <- "0"
  
 CHARMM>    set nplpi2abot = 0
 Parameter: NPLPI2ABOT <- "0"
  
 CHARMM>    set nplpi2bbot = 0
 Parameter: NPLPI2BBOT <- "0"
  
 CHARMM>    set nplpi2cbot = 0
 Parameter: NPLPI2CBOT <- "0"
  
 CHARMM>    set nplpi2dbot = 0
 Parameter: NPLPI2DBOT <- "0"
  
 CHARMM>    set nplpi33bot = 0
 Parameter: NPLPI33BOT <- "0"
  
 CHARMM>    set nplpi34bot = 0
 Parameter: NPLPI34BOT <- "0"
  
 CHARMM>    set nplpi35bot = 0
 Parameter: NPLPI35BOT <- "0"
  
 CHARMM>    set npnpibot = 0
 Parameter: NPNPIBOT <- "0"
  
 CHARMM>    set npnpi13bot = 0
 Parameter: NPNPI13BOT <- "0"
  
 CHARMM>    set npnpi14bot = 0
 Parameter: NPNPI14BOT <- "0"
  
 CHARMM>    set npnpi15bot = 0
 Parameter: NPNPI15BOT <- "0"
  
 CHARMM>    set npnpi24bot = 0
 Parameter: NPNPI24BOT <- "0"
  
 CHARMM>    set npnpi25bot = 0
 Parameter: NPNPI25BOT <- "0"
  
 CHARMM>    set npnpi2abot = 0
 Parameter: NPNPI2ABOT <- "0"
  
 CHARMM>    set npnpi2bbot = 0
 Parameter: NPNPI2BBOT <- "0"
  
 CHARMM>    set npnpi2cbot = 0
 Parameter: NPNPI2CBOT <- "0"
  
 CHARMM>    set npnpi2dbot = 0
 Parameter: NPNPI2DBOT <- "0"
  
 CHARMM>    set npnpi33bot = 0
 Parameter: NPNPI33BOT <- "0"
  
 CHARMM>    set npnpi34bot = 0
 Parameter: NPNPI34BOT <- "0"
  
 CHARMM>    set npnpi35bot = 0
 Parameter: NPNPI35BOT <- "0"
  
 CHARMM>    set nslpibot = 0
 Parameter: NSLPIBOT <- "0"
  
 CHARMM>    set nsapibot = 0
 Parameter: NSAPIBOT <- "0"
  
 CHARMM>    set nsapi13bot = 0
 Parameter: NSAPI13BOT <- "0"
  
 CHARMM>    set nsapi14bot = 0
 Parameter: NSAPI14BOT <- "0"
  
 CHARMM>    set nsapi15bot = 0
 Parameter: NSAPI15BOT <- "0"
  
 CHARMM>    set nsapi24bot = 0
 Parameter: NSAPI24BOT <- "0"
  
 CHARMM>    set nsapi25bot = 0
 Parameter: NSAPI25BOT <- "0"
  
 CHARMM>    set nsapi2abot = 0
 Parameter: NSAPI2ABOT <- "0"
  
 CHARMM>    set nsapi2bbot = 0
 Parameter: NSAPI2BBOT <- "0"
  
 CHARMM>    set nsapi2cbot = 0
 Parameter: NSAPI2CBOT <- "0"
  
 CHARMM>    set nsapi2dbot = 0
 Parameter: NSAPI2DBOT <- "0"
  
 CHARMM>    set nsapi33bot = 0
 Parameter: NSAPI33BOT <- "0"
  
 CHARMM>    set nsapi34bot = 0
 Parameter: NSAPI34BOT <- "0"
  
 CHARMM>    set nsapi35bot = 0
 Parameter: NSAPI35BOT <- "0"
  
 CHARMM>    set nsdpibot = 0
 Parameter: NSDPIBOT <- "0"
  
 CHARMM>    set ndlipibot = 0
 Parameter: NDLIPIBOT <- "0"
  
 CHARMM>    set nlinpibot = 0
 Parameter: NLINPIBOT <- "0"
  
 CHARMM>    set ntmcl1bot = 0
 Parameter: NTMCL1BOT <- "0"
  
 CHARMM>    set ntmcl2bot = 0
 Parameter: NTMCL2BOT <- "0"
  
 CHARMM>    set npmcl1bot = 0
 Parameter: NPMCL1BOT <- "0"
  
 CHARMM>    set npmcl2bot = 0
 Parameter: NPMCL2BOT <- "0"
  
 CHARMM>    set npaicl2bot = 0
 Parameter: NPAICL2BOT <- "0"
  
 CHARMM>    set npvcl2bot = 0
 Parameter: NPVCL2BOT <- "0"
  
 CHARMM>    set npocl1bot = 0
 Parameter: NPOCL1BOT <- "0"
  
 CHARMM>    set npocl2bot = 0
 Parameter: NPOCL2BOT <- "0"
  
 CHARMM>    set ntycl1bot = 0
 Parameter: NTYCL1BOT <- "0"
  
 CHARMM>    set ntycl2bot = 0
 Parameter: NTYCL2BOT <- "0"
  
 CHARMM>    set ntocl1bot = 0
 Parameter: NTOCL1BOT <- "0"
  
 CHARMM>    set ntocl2bot = 0
 Parameter: NTOCL2BOT <- "0"
  
 CHARMM>    set nloacl1bot = 0
 Parameter: NLOACL1BOT <- "0"
  
 CHARMM>    set nloacl2bot = 0
 Parameter: NLOACL2BOT <- "0"
  
 CHARMM>    set nloccl1bot = 0
 Parameter: NLOCCL1BOT <- "0"
  
 CHARMM>    set nloccl2bot = 0
 Parameter: NLOCCL2BOT <- "0"
  
 CHARMM>    set ntlcl1bot = 0
 Parameter: NTLCL1BOT <- "0"
  
 CHARMM>    set ntlcl2bot = 0
 Parameter: NTLCL2BOT <- "0"
  
 CHARMM>    set nlnccl1bot = 0
 Parameter: NLNCCL1BOT <- "0"
  
 CHARMM>    set nlnccl2bot = 0
 Parameter: NLNCCL2BOT <- "0"
  
 CHARMM>    set nlnacl1bot = 0
 Parameter: NLNACL1BOT <- "0"
  
 CHARMM>    set nlnacl2bot = 0
 Parameter: NLNACL2BOT <- "0"
  
 CHARMM>    set nlndcl1bot = 0
 Parameter: NLNDCL1BOT <- "0"
  
 CHARMM>    set nlndcl2bot = 0
 Parameter: NLNDCL2BOT <- "0"
  
 CHARMM>    set nlnbcl1bot = 0
 Parameter: NLNBCL1BOT <- "0"
  
 CHARMM>    set nlnbcl2bot = 0
 Parameter: NLNBCL2BOT <- "0"
  
 CHARMM>    set ndlglbot = 0
 Parameter: NDLGLBOT <- "0"
  
 CHARMM>    set ndmglbot = 0
 Parameter: NDMGLBOT <- "0"
  
 CHARMM>    set ndpglbot = 0
 Parameter: NDPGLBOT <- "0"
  
 CHARMM>    set ndsglbot = 0
 Parameter: NDSGLBOT <- "0"
  
 CHARMM>    set npoglbot = 0
 Parameter: NPOGLBOT <- "0"
  
 CHARMM>    set nplglbot = 0
 Parameter: NPLGLBOT <- "0"
  
 CHARMM>    set nsoglbot = 0
 Parameter: NSOGLBOT <- "0"
  
 CHARMM>    set nslglbot = 0
 Parameter: NSLGLBOT <- "0"
  
 CHARMM>    set nsaglbot = 0
 Parameter: NSAGLBOT <- "0"
  
 CHARMM>    set nsdglbot = 0
 Parameter: NSDGLBOT <- "0"
  
 CHARMM>    set ndyglbot = 0
 Parameter: NDYGLBOT <- "0"
  
 CHARMM>    set ndoglbot = 0
 Parameter: NDOGLBOT <- "0"
  
 CHARMM>    set ndgglbot = 0
 Parameter: NDGGLBOT <- "0"
  
 CHARMM>    set ndeglbot = 0
 Parameter: NDEGLBOT <- "0"
  
 CHARMM>    set ndnglbot = 0
 Parameter: NDNGLBOT <- "0"
  
 CHARMM>    set ndtglbot = 0
 Parameter: NDTGLBOT <- "0"
  
 CHARMM>    set ntiglbot = 0
 Parameter: NTIGLBOT <- "0"
  
 CHARMM>    set ndiglbot = 0
 Parameter: NDIGLBOT <- "0"
  
 CHARMM>    set nllglbot = 0
 Parameter: NLLGLBOT <- "0"
  
 CHARMM>    set ndaglbot = 0
 Parameter: NDAGLBOT <- "0"
  
 CHARMM>    set nlostgbot = 0
 Parameter: NLOSTGBOT <- "0"
  
 CHARMM>    set noootgbot = 0
 Parameter: NOOOTGBOT <- "0"
  
 CHARMM>    set nopotgbot = 0
 Parameter: NOPOTGBOT <- "0"
  
 CHARMM>    set npootgbot = 0
 Parameter: NPOOTGBOT <- "0"
  
 CHARMM>    set npostgbot = 0
 Parameter: NPOSTGBOT <- "0"
  
 CHARMM>    set nsootgbot = 0
 Parameter: NSOOTGBOT <- "0"
  
 CHARMM>    set nspotgbot = 0
 Parameter: NSPOTGBOT <- "0"
  
 CHARMM>    set nppptgbot = 0
 Parameter: NPPPTGBOT <- "0"
  
 CHARMM>    set nooltgbot = 0
 Parameter: NOOLTGBOT <- "0"
  
 CHARMM>    set npoltgbot = 0
 Parameter: NPOLTGBOT <- "0"
  
 CHARMM>    set nppltgbot = 0
 Parameter: NPPLTGBOT <- "0"
  
 CHARMM>    set nplltgbot = 0
 Parameter: NPLLTGBOT <- "0"
  
 CHARMM>    set nolltgbot = 0
 Parameter: NOLLTGBOT <- "0"
  
 CHARMM>    set nllltgbot = 0
 Parameter: NLLLTGBOT <- "0"
  
 CHARMM>    set nsoltgbot = 0
 Parameter: NSOLTGBOT <- "0"
  
 CHARMM>    set nslltgbot = 0
 Parameter: NSLLTGBOT <- "0"
  
 CHARMM>    set npsltgbot = 0
 Parameter: NPSLTGBOT <- "0"
  
 CHARMM>    set nllntgbot = 0
 Parameter: NLLNTGBOT <- "0"
  
 CHARMM>    set nplntgbot = 0
 Parameter: NPLNTGBOT <- "0"
  
 CHARMM>    set nolntgbot = 0
 Parameter: NOLNTGBOT <- "0"
  
 CHARMM>    set npontgbot = 0
 Parameter: NPONTGBOT <- "0"
  
 CHARMM>    set noontgbot = 0
 Parameter: NOONTGBOT <- "0"
  
 CHARMM>    set nsnltgbot = 0
 Parameter: NSNLTGBOT <- "0"
  
 CHARMM>    set nslntgbot = 0
 Parameter: NSLNTGBOT <- "0"
  
 CHARMM>    set nonntgbot = 0
 Parameter: NONNTGBOT <- "0"
  
 CHARMM>    set nlnntgbot = 0
 Parameter: NLNNTGBOT <- "0"
  
 CHARMM>    set nppntgbot = 0
 Parameter: NPPNTGBOT <- "0"
  
 CHARMM>    set nppotgbot = 0
 Parameter: NPPOTGBOT <- "0"
  
 CHARMM>    set npnntgbot = 0
 Parameter: NPNNTGBOT <- "0"
  
 CHARMM>    set npsotgbot = 0
 Parameter: NPSOTGBOT <- "0"
  
 CHARMM>    set nnnntgbot = 0
 Parameter: NNNNTGBOT <- "0"
  
 CHARMM>    set nsontgbot = 0
 Parameter: NSONTGBOT <- "0"
  
 CHARMM>    set nplatgbot = 0
 Parameter: NPLATGBOT <- "0"
  
 CHARMM>    set nslatgbot = 0
 Parameter: NSLATGBOT <- "0"
  
 CHARMM>    set nolatgbot = 0
 Parameter: NOLATGBOT <- "0"
  
 CHARMM>    set nonatgbot = 0
 Parameter: NONATGBOT <- "0"
  
 CHARMM>    set nllatgbot = 0
 Parameter: NLLATGBOT <- "0"
  
 CHARMM>    set nllgtgbot = 0
 Parameter: NLLGTGBOT <- "0"
  
 CHARMM>    set nslgtgbot = 0
 Parameter: NSLGTGBOT <- "0"
  
 CHARMM>    set nsngtgbot = 0
 Parameter: NSNGTGBOT <- "0"
  
 CHARMM>    set nolgtgbot = 0
 Parameter: NOLGTGBOT <- "0"
  
 CHARMM>    set nsapabot = 0
 Parameter: NSAPABOT <- "0"
  
 CHARMM>    set nsapcbot = 0
 Parameter: NSAPCBOT <- "0"
  
 CHARMM>    set nsapebot = 0
 Parameter: NSAPEBOT <- "0"
  
 CHARMM>    set nsapgbot = 0
 Parameter: NSAPGBOT <- "0"
  
 CHARMM>    set nsapsbot = 0
 Parameter: NSAPSBOT <- "0"
  
 CHARMM>    set nsdpabot = 0
 Parameter: NSDPABOT <- "0"
  
 CHARMM>    set nsdpcbot = 0
 Parameter: NSDPCBOT <- "0"
  
 CHARMM>    set nsdpebot = 0
 Parameter: NSDPEBOT <- "0"
  
 CHARMM>    set nsdpgbot = 0
 Parameter: NSDPGBOT <- "0"
  
 CHARMM>    set nsdpsbot = 0
 Parameter: NSDPSBOT <- "0"
  
 CHARMM>    set ndapabot = 0
 Parameter: NDAPABOT <- "0"
  
 CHARMM>    set ndapcbot = 0
 Parameter: NDAPCBOT <- "0"
  
 CHARMM>    set ndapebot = 0
 Parameter: NDAPEBOT <- "0"
  
 CHARMM>    set ndapgbot = 0
 Parameter: NDAPGBOT <- "0"
  
 CHARMM>    set ndapsbot = 0
 Parameter: NDAPSBOT <- "0"
  
 CHARMM>    set npepsbot = 0
 Parameter: NPEPSBOT <- "0"
  
 CHARMM>    set noepsbot = 0
 Parameter: NOEPSBOT <- "0"
  
 CHARMM>    set ntspcbot = 0
 Parameter: NTSPCBOT <- "0"
  
 CHARMM>    set ndtpabot = 0
 Parameter: NDTPABOT <- "0"
  
 CHARMM>    set ntipabot = 0
 Parameter: NTIPABOT <- "0"
  
 CHARMM>    set ndipabot = 0
 Parameter: NDIPABOT <- "0"
  
 CHARMM>    set nllpabot = 0
 Parameter: NLLPABOT <- "0"
  
 CHARMM>    set nllpgbot = 0
 Parameter: NLLPGBOT <- "0"
  
 CHARMM>    set nplepcbot = 0
 Parameter: NPLEPCBOT <- "0"
  
 CHARMM>    set nplepebot = 0
 Parameter: NPLEPEBOT <- "0"
  
 CHARMM>    set nplepsbot = 0
 Parameter: NPLEPSBOT <- "0"
  
 CHARMM>    set nplepabot = 0
 Parameter: NPLEPABOT <- "0"
  
 CHARMM>    set nplepgbot = 0
 Parameter: NPLEPGBOT <- "0"
  
 CHARMM>    set npapebot = 0
 Parameter: NPAPEBOT <- "0"
  
 CHARMM>    set npapsbot = 0
 Parameter: NPAPSBOT <- "0"
  
 CHARMM>    set npapgbot = 0
 Parameter: NPAPGBOT <- "0"
  
 CHARMM>    set npapabot = 0
 Parameter: NPAPABOT <- "0"
  
 CHARMM>    set nlypgbot = 0
 Parameter: NLYPGBOT <- "0"
  
 CHARMM>    set nylipgbot = 0
 Parameter: NYLIPGBOT <- "0"
  
 CHARMM>    set nslepcbot = 0
 Parameter: NSLEPCBOT <- "0"
  
 CHARMM>    set nsodpcbot = 0
 Parameter: NSODPCBOT <- "0"
  
 CHARMM>    set nseppcbot = 0
 Parameter: NSEPPCBOT <- "0"
  
 CHARMM>    set ntsmbot = 0
 Parameter: NTSMBOT <- "0"
  
 CHARMM>    set ndsmbot = 0
 Parameter: NDSMBOT <- "0"
  
 CHARMM>    set npsmbot = 0
 Parameter: NPSMBOT <- "0"
  
 CHARMM>    set nssmbot = 0
 Parameter: NSSMBOT <- "0"
  
 CHARMM>    set nasmbot = 0
 Parameter: NASMBOT <- "0"
  
 CHARMM>    set nbsmbot = 0
 Parameter: NBSMBOT <- "0"
  
 CHARMM>    set n23smbot = 0
 Parameter: N23SMBOT <- "0"
  
 CHARMM>    set nlsmbot = 0
 Parameter: NLSMBOT <- "0"
  
 CHARMM>    set nosmbot = 0
 Parameter: NOSMBOT <- "0"
  
 CHARMM>    set nnsmbot = 0
 Parameter: NNSMBOT <- "0"
  
 CHARMM>    set ncer160bot = 0
 Parameter: NCER160BOT <- "0"
  
 CHARMM>    set ncer180bot = 0
 Parameter: NCER180BOT <- "0"
  
 CHARMM>    set ncer181bot = 0
 Parameter: NCER181BOT <- "0"
  
 CHARMM>    set ncer200bot = 0
 Parameter: NCER200BOT <- "0"
  
 CHARMM>    set ncer220bot = 0
 Parameter: NCER220BOT <- "0"
  
 CHARMM>    set ncer240bot = 0
 Parameter: NCER240BOT <- "0"
  
 CHARMM>    set ncer241bot = 0
 Parameter: NCER241BOT <- "0"
  
 CHARMM>    set ncer3ebot = 0
 Parameter: NCER3EBOT <- "0"
  
 CHARMM>    set ncer6bot = 0
 Parameter: NCER6BOT <- "0"
  
 CHARMM>    set ncer3bot = 0
 Parameter: NCER3BOT <- "0"
  
 CHARMM>    set ncer1bot = 0
 Parameter: NCER1BOT <- "0"
  
 CHARMM>    set nmaipcbot = 0
 Parameter: NMAIPCBOT <- "0"
  
 CHARMM>    set nmaipgbot = 0
 Parameter: NMAIPGBOT <- "0"
  
 CHARMM>    set nmaipebot = 0
 Parameter: NMAIPEBOT <- "0"
  
 CHARMM>    set naipcbot = 0
 Parameter: NAIPCBOT <- "0"
  
 CHARMM>    set naipgbot = 0
 Parameter: NAIPGBOT <- "0"
  
 CHARMM>    set naipebot = 0
 Parameter: NAIPEBOT <- "0"
  
 CHARMM>    set nqmpebot = 0
 Parameter: NQMPEBOT <- "0"
  
 CHARMM>    set npaipcbot = 0
 Parameter: NPAIPCBOT <- "0"
  
 CHARMM>    set npaipgbot = 0
 Parameter: NPAIPGBOT <- "0"
  
 CHARMM>    set npaipebot = 0
 Parameter: NPAIPEBOT <- "0"
  
 CHARMM>    set nappcbot = 0
 Parameter: NAPPCBOT <- "0"
  
 CHARMM>    set nippcbot = 0
 Parameter: NIPPCBOT <- "0"
  
 CHARMM>    set npmpebot = 0
 Parameter: NPMPEBOT <- "0"
  
 CHARMM>    set npmpgbot = 0
 Parameter: NPMPGBOT <- "0"
  
 CHARMM>    set nphpcbot = 0
 Parameter: NPHPCBOT <- "0"
  
 CHARMM>    set npppebot = 0
 Parameter: NPPPEBOT <- "0"
  
 CHARMM>    set npvpebot = 0
 Parameter: NPVPEBOT <- "0"
  
 CHARMM>    set npvpgbot = 0
 Parameter: NPVPGBOT <- "0"
  
 CHARMM>    set npepcbot = 0
 Parameter: NPEPCBOT <- "0"
  
 CHARMM>    set npepebot = 0
 Parameter: NPEPEBOT <- "0"
  
 CHARMM>    set noepebot = 0
 Parameter: NOEPEBOT <- "0"
  
 CHARMM>    set noepcbot = 0
 Parameter: NOEPCBOT <- "0"
  
 CHARMM>    set ndppgkbot = 0
 Parameter: NDPPGKBOT <- "0"
  
 CHARMM>    set npgmarbot = 0
 Parameter: NPGMARBOT <- "0"
  
 CHARMM>    set narolbot = 0
 Parameter: NAROLBOT <- "0"
  
 CHARMM>    set npgarbot = 0
 Parameter: NPGARBOT <- "0"
  
 CHARMM>    set npearbot = 0
 Parameter: NPEARBOT <- "0"
  
 CHARMM>    set nmen7bot = 0
 Parameter: NMEN7BOT <- "0"
  
 CHARMM>    set nmen8bot = 0
 Parameter: NMEN8BOT <- "0"
  
 CHARMM>    set nmen9bot = 0
 Parameter: NMEN9BOT <- "0"
  
 CHARMM>    set nmkol8bot = 0
 Parameter: NMKOL8BOT <- "0"
  
 CHARMM>    set narcl2bot = 0
 Parameter: NARCL2BOT <- "0"
  
 CHARMM>    set nuq1bot = 0
 Parameter: NUQ1BOT <- "0"
  
 CHARMM>    set nuq2bot = 0
 Parameter: NUQ2BOT <- "0"
  
 CHARMM>    set nuq3bot = 0
 Parameter: NUQ3BOT <- "0"
  
 CHARMM>    set nuq4bot = 0
 Parameter: NUQ4BOT <- "0"
  
 CHARMM>    set nuq5bot = 0
 Parameter: NUQ5BOT <- "0"
  
 CHARMM>    set nuq6bot = 0
 Parameter: NUQ6BOT <- "0"
  
 CHARMM>    set nuq7bot = 0
 Parameter: NUQ7BOT <- "0"
  
 CHARMM>    set nuq8bot = 0
 Parameter: NUQ8BOT <- "0"
  
 CHARMM>    set nuq9bot = 0
 Parameter: NUQ9BOT <- "0"
  
 CHARMM>    set nuq10bot = 0
 Parameter: NUQ10BOT <- "0"
  
 CHARMM>    set nuqol1bot = 0
 Parameter: NUQOL1BOT <- "0"
  
 CHARMM>    set nuqol2bot = 0
 Parameter: NUQOL2BOT <- "0"
  
 CHARMM>    set nuqol3bot = 0
 Parameter: NUQOL3BOT <- "0"
  
 CHARMM>    set nuqol4bot = 0
 Parameter: NUQOL4BOT <- "0"
  
 CHARMM>    set nuqol5bot = 0
 Parameter: NUQOL5BOT <- "0"
  
 CHARMM>    set nuqol6bot = 0
 Parameter: NUQOL6BOT <- "0"
  
 CHARMM>    set nuqol7bot = 0
 Parameter: NUQOL7BOT <- "0"
  
 CHARMM>    set nuqol8bot = 0
 Parameter: NUQOL8BOT <- "0"
  
 CHARMM>    set nuqol9bot = 0
 Parameter: NUQOL9BOT <- "0"
  
 CHARMM>    set nuqol10bot = 0
 Parameter: NUQOL10BOT <- "0"
  
 CHARMM>    set nlaubot = 0
 Parameter: NLAUBOT <- "0"
  
 CHARMM>    set nmyrbot = 0
 Parameter: NMYRBOT <- "0"
  
 CHARMM>    set npalbot = 0
 Parameter: NPALBOT <- "0"
  
 CHARMM>    set nstebot = 0
 Parameter: NSTEBOT <- "0"
  
 CHARMM>    set narabot = 0
 Parameter: NARABOT <- "0"
  
 CHARMM>    set nbehbot = 0
 Parameter: NBEHBOT <- "0"
  
 CHARMM>    set ntribot = 0
 Parameter: NTRIBOT <- "0"
  
 CHARMM>    set nlignbot = 0
 Parameter: NLIGNBOT <- "0"
  
 CHARMM>    set nmyrobot = 0
 Parameter: NMYROBOT <- "0"
  
 CHARMM>    set npalobot = 0
 Parameter: NPALOBOT <- "0"
  
 CHARMM>    set nhtabot = 0
 Parameter: NHTABOT <- "0"
  
 CHARMM>    set nolebot = 0
 Parameter: NOLEBOT <- "0"
  
 CHARMM>    set nlinbot = 0
 Parameter: NLINBOT <- "0"
  
 CHARMM>    set nalinbot = 0
 Parameter: NALINBOT <- "0"
  
 CHARMM>    set nsdabot = 0
 Parameter: NSDABOT <- "0"
  
 CHARMM>    set nglabot = 0
 Parameter: NGLABOT <- "0"
  
 CHARMM>    set neicobot = 0
 Parameter: NEICOBOT <- "0"
  
 CHARMM>    set nedabot = 0
 Parameter: NEDABOT <- "0"
  
 CHARMM>    set nmeabot = 0
 Parameter: NMEABOT <- "0"
  
 CHARMM>    set ndglabot = 0
 Parameter: NDGLABOT <- "0"
  
 CHARMM>    set netebot = 0
 Parameter: NETEBOT <- "0"
  
 CHARMM>    set netabot = 0
 Parameter: NETABOT <- "0"
  
 CHARMM>    set nepabot = 0
 Parameter: NEPABOT <- "0"
  
 CHARMM>    set naranbot = 0
 Parameter: NARANBOT <- "0"
  
 CHARMM>    set nhpabot = 0
 Parameter: NHPABOT <- "0"
  
 CHARMM>    set nerubot = 0
 Parameter: NERUBOT <- "0"
  
 CHARMM>    set nddabot = 0
 Parameter: NDDABOT <- "0"
  
 CHARMM>    set nadrbot = 0
 Parameter: NADRBOT <- "0"
  
 CHARMM>    set ndptbot = 0
 Parameter: NDPTBOT <- "0"
  
 CHARMM>    set ndpabot = 0
 Parameter: NDPABOT <- "0"
  
 CHARMM>    set ndhabot = 0
 Parameter: NDHABOT <- "0"
  
 CHARMM>    set nnerbot = 0
 Parameter: NNERBOT <- "0"
  
 CHARMM>    set nttabot = 0
 Parameter: NTTABOT <- "0"
  
 CHARMM>    set ntptbot = 0
 Parameter: NTPTBOT <- "0"
  
 CHARMM>    set ntpabot = 0
 Parameter: NTPABOT <- "0"
  
 CHARMM>    set nthabot = 0
 Parameter: NTHABOT <- "0"
  
 CHARMM>    set nlaupbot = 0
 Parameter: NLAUPBOT <- "0"
  
 CHARMM>    set nmyrpbot = 0
 Parameter: NMYRPBOT <- "0"
  
 CHARMM>    set npalpbot = 0
 Parameter: NPALPBOT <- "0"
  
 CHARMM>    set nstepbot = 0
 Parameter: NSTEPBOT <- "0"
  
 CHARMM>    set narapbot = 0
 Parameter: NARAPBOT <- "0"
  
 CHARMM>    set nbehpbot = 0
 Parameter: NBEHPBOT <- "0"
  
 CHARMM>    set ntripbot = 0
 Parameter: NTRIPBOT <- "0"
  
 CHARMM>    set nlignpbot = 0
 Parameter: NLIGNPBOT <- "0"
  
 CHARMM>    set nmyropbot = 0
 Parameter: NMYROPBOT <- "0"
  
 CHARMM>    set npalopbot = 0
 Parameter: NPALOPBOT <- "0"
  
 CHARMM>    set nhtapbot = 0
 Parameter: NHTAPBOT <- "0"
  
 CHARMM>    set nolepbot = 0
 Parameter: NOLEPBOT <- "0"
  
 CHARMM>    set nlinpbot = 0
 Parameter: NLINPBOT <- "0"
  
 CHARMM>    set nalinpbot = 0
 Parameter: NALINPBOT <- "0"
  
 CHARMM>    set nsdapbot = 0
 Parameter: NSDAPBOT <- "0"
  
 CHARMM>    set nglapbot = 0
 Parameter: NGLAPBOT <- "0"
  
 CHARMM>    set neicopbot = 0
 Parameter: NEICOPBOT <- "0"
  
 CHARMM>    set nedapbot = 0
 Parameter: NEDAPBOT <- "0"
  
 CHARMM>    set nmeapbot = 0
 Parameter: NMEAPBOT <- "0"
  
 CHARMM>    set ndglapbot = 0
 Parameter: NDGLAPBOT <- "0"
  
 CHARMM>    set netepbot = 0
 Parameter: NETEPBOT <- "0"
  
 CHARMM>    set netapbot = 0
 Parameter: NETAPBOT <- "0"
  
 CHARMM>    set nepapbot = 0
 Parameter: NEPAPBOT <- "0"
  
 CHARMM>    set naranpbot = 0
 Parameter: NARANPBOT <- "0"
  
 CHARMM>    set nhpapbot = 0
 Parameter: NHPAPBOT <- "0"
  
 CHARMM>    set nerupbot = 0
 Parameter: NERUPBOT <- "0"
  
 CHARMM>    set nddapbot = 0
 Parameter: NDDAPBOT <- "0"
  
 CHARMM>    set nadrpbot = 0
 Parameter: NADRPBOT <- "0"
  
 CHARMM>    set ndptpbot = 0
 Parameter: NDPTPBOT <- "0"
  
 CHARMM>    set ndpapbot = 0
 Parameter: NDPAPBOT <- "0"
  
 CHARMM>    set ndhapbot = 0
 Parameter: NDHAPBOT <- "0"
  
 CHARMM>    set nnerpbot = 0
 Parameter: NNERPBOT <- "0"
  
 CHARMM>    set nttapbot = 0
 Parameter: NTTAPBOT <- "0"
  
 CHARMM>    set ntptpbot = 0
 Parameter: NTPTPBOT <- "0"
  
 CHARMM>    set ntpapbot = 0
 Parameter: NTPAPBOT <- "0"
  
 CHARMM>    set nthapbot = 0
 Parameter: NTHAPBOT <- "0"
  
 CHARMM>    set nsb3-10bot = 0
 Parameter: NSB3-10BOT <- "0"
  
 CHARMM>    set nsb3-12bot = 0
 Parameter: NSB3-12BOT <- "0"
  
 CHARMM>    set nsb3-14bot = 0
 Parameter: NSB3-14BOT <- "0"
  
 CHARMM>    set nchapsbot = 0
 Parameter: NCHAPSBOT <- "0"
  
 CHARMM>    set nchapsobot = 0
 Parameter: NCHAPSOBOT <- "0"
  
 CHARMM>    set nddmgbot = 0
 Parameter: NDDMGBOT <- "0"
  
 CHARMM>    set ndomgbot = 0
 Parameter: NDOMGBOT <- "0"
  
 CHARMM>    set nddaobot = 0
 Parameter: NDDAOBOT <- "0"
  
 CHARMM>    set nudaobot = 0
 Parameter: NUDAOBOT <- "0"
  
 CHARMM>    set nldaobot = 0
 Parameter: NLDAOBOT <- "0"
  
 CHARMM>    set nlapaobot = 0
 Parameter: NLAPAOBOT <- "0"
  
 CHARMM>    set ntripaobot = 0
 Parameter: NTRIPAOBOT <- "0"
  
 CHARMM>    set nfos10bot = 0
 Parameter: NFOS10BOT <- "0"
  
 CHARMM>    set nfos12bot = 0
 Parameter: NFOS12BOT <- "0"
  
 CHARMM>    set nfos13bot = 0
 Parameter: NFOS13BOT <- "0"
  
 CHARMM>    set nfos14bot = 0
 Parameter: NFOS14BOT <- "0"
  
 CHARMM>    set nfos15bot = 0
 Parameter: NFOS15BOT <- "0"
  
 CHARMM>    set nfos16bot = 0
 Parameter: NFOS16BOT <- "0"
  
 CHARMM>    set nufos10bot = 0
 Parameter: NUFOS10BOT <- "0"
  
 CHARMM>    set nlpc12bot = 0
 Parameter: NLPC12BOT <- "0"
  
 CHARMM>    set nlpc14bot = 0
 Parameter: NLPC14BOT <- "0"
  
 CHARMM>    set nlpc16bot = 0
 Parameter: NLPC16BOT <- "0"
  
 CHARMM>    set nfois9bot = 0
 Parameter: NFOIS9BOT <- "0"
  
 CHARMM>    set nfois11bot = 0
 Parameter: NFOIS11BOT <- "0"
  
 CHARMM>    set nc6dhpcbot = 0
 Parameter: NC6DHPCBOT <- "0"
  
 CHARMM>    set nc7dhpcbot = 0
 Parameter: NC7DHPCBOT <- "0"
  
 CHARMM>    set ncyfos3bot = 0
 Parameter: NCYFOS3BOT <- "0"
  
 CHARMM>    set ncyfos4bot = 0
 Parameter: NCYFOS4BOT <- "0"
  
 CHARMM>    set ncyfos5bot = 0
 Parameter: NCYFOS5BOT <- "0"
  
 CHARMM>    set ncyfos6bot = 0
 Parameter: NCYFOS6BOT <- "0"
  
 CHARMM>    set ncyfos7bot = 0
 Parameter: NCYFOS7BOT <- "0"
  
 CHARMM>    set nsdsbot = 0
 Parameter: NSDSBOT <- "0"
  
 CHARMM>    set nlmpgbot = 0
 Parameter: NLMPGBOT <- "0"
  
 CHARMM>    set nlppgbot = 0
 Parameter: NLPPGBOT <- "0"
  
 CHARMM>    set nddaopbot = 0
 Parameter: NDDAOPBOT <- "0"
  
 CHARMM>    set nudaopbot = 0
 Parameter: NUDAOPBOT <- "0"
  
 CHARMM>    set nldaopbot = 0
 Parameter: NLDAOPBOT <- "0"
  
 CHARMM>    set nlapaopbot = 0
 Parameter: NLAPAOPBOT <- "0"
  
 CHARMM>    set ntrpaopbot = 0
 Parameter: NTRPAOPBOT <- "0"
  
 CHARMM>    set nc6eg3bot = 0
 Parameter: NC6EG3BOT <- "0"
  
 CHARMM>    set nc6eg4bot = 0
 Parameter: NC6EG4BOT <- "0"
  
 CHARMM>    set nc6eg5bot = 0
 Parameter: NC6EG5BOT <- "0"
  
 CHARMM>    set nc7eg4bot = 0
 Parameter: NC7EG4BOT <- "0"
  
 CHARMM>    set nc7eg5bot = 0
 Parameter: NC7EG5BOT <- "0"
  
 CHARMM>    set nc8eg4bot = 0
 Parameter: NC8EG4BOT <- "0"
  
 CHARMM>    set nc8eg5bot = 0
 Parameter: NC8EG5BOT <- "0"
  
 CHARMM>    set nc8eg6bot = 0
 Parameter: NC8EG6BOT <- "0"
  
 CHARMM>    set nc10eg5bot = 0
 Parameter: NC10EG5BOT <- "0"
  
 CHARMM>    set nc10eg6bot = 0
 Parameter: NC10EG6BOT <- "0"
  
 CHARMM>    set nc10eg9bot = 0
 Parameter: NC10EG9BOT <- "0"
  
 CHARMM>    set nc12eg7bot = 0
 Parameter: NC12EG7BOT <- "0"
  
 CHARMM>    set nc12eg8bot = 0
 Parameter: NC12EG8BOT <- "0"
  
 CHARMM>    set nc12eg9bot = 0
 Parameter: NC12EG9BOT <- "0"
  
 CHARMM>    set nc12degbot = 0
 Parameter: NC12DEGBOT <- "0"
  
 CHARMM>    set nc13eg8bot = 0
 Parameter: NC13EG8BOT <- "0"
  
 CHARMM>    set nnidp40bot = 0
 Parameter: NNIDP40BOT <- "0"
  
 CHARMM>    set ntx100bot = 0
 Parameter: NTX100BOT <- "0"
  
 CHARMM>    set ntx114bot = 0
 Parameter: NTX114BOT <- "0"
  
 CHARMM>    set naogbot = 0
 Parameter: NAOGBOT <- "0"
  
 CHARMM>    set nbogbot = 0
 Parameter: NBOGBOT <- "0"
  
 CHARMM>    set nangbot = 0
 Parameter: NANGBOT <- "0"
  
 CHARMM>    set nbngbot = 0
 Parameter: NBNGBOT <- "0"
  
 CHARMM>    set nadgbot = 0
 Parameter: NADGBOT <- "0"
  
 CHARMM>    set nbdgbot = 0
 Parameter: NBDGBOT <- "0"
  
 CHARMM>    set naddgbot = 0
 Parameter: NADDGBOT <- "0"
  
 CHARMM>    set nbddgbot = 0
 Parameter: NBDDGBOT <- "0"
  
 CHARMM>    set nacy3gbot = 0
 Parameter: NACY3GBOT <- "0"
  
 CHARMM>    set nbcy3gbot = 0
 Parameter: NBCY3GBOT <- "0"
  
 CHARMM>    set namhcgbot = 0
 Parameter: NAMHCGBOT <- "0"
  
 CHARMM>    set nbmhcgbot = 0
 Parameter: NBMHCGBOT <- "0"
  
 CHARMM>    set naombot = 0
 Parameter: NAOMBOT <- "0"
  
 CHARMM>    set nbombot = 0
 Parameter: NBOMBOT <- "0"
  
 CHARMM>    set nanmbot = 0
 Parameter: NANMBOT <- "0"
  
 CHARMM>    set nbnmbot = 0
 Parameter: NBNMBOT <- "0"
  
 CHARMM>    set nadmbot = 0
 Parameter: NADMBOT <- "0"
  
 CHARMM>    set nbdmbot = 0
 Parameter: NBDMBOT <- "0"
  
 CHARMM>    set naudmbot = 0
 Parameter: NAUDMBOT <- "0"
  
 CHARMM>    set nbudmbot = 0
 Parameter: NBUDMBOT <- "0"
  
 CHARMM>    set na2udmbot = 0
 Parameter: NA2UDMBOT <- "0"
  
 CHARMM>    set nb2udmbot = 0
 Parameter: NB2UDMBOT <- "0"
  
 CHARMM>    set naddmbot = 0
 Parameter: NADDMBOT <- "0"
  
 CHARMM>    set nbddmbot = 0
 Parameter: NBDDMBOT <- "0"
  
 CHARMM>    set nadmhmbot = 0
 Parameter: NADMHMBOT <- "0"
  
 CHARMM>    set nbdmhmbot = 0
 Parameter: NBDMHMBOT <- "0"
  
 CHARMM>    set nappmbot = 0
 Parameter: NAPPMBOT <- "0"
  
 CHARMM>    set nbppmbot = 0
 Parameter: NBPPMBOT <- "0"
  
 CHARMM>    set natmbot = 0
 Parameter: NATMBOT <- "0"
  
 CHARMM>    set nbtmbot = 0
 Parameter: NBTMBOT <- "0"
  
 CHARMM>    set nacy3mbot = 0
 Parameter: NACY3MBOT <- "0"
  
 CHARMM>    set nbcy3mbot = 0
 Parameter: NBCY3MBOT <- "0"
  
 CHARMM>    set nacy4mbot = 0
 Parameter: NACY4MBOT <- "0"
  
 CHARMM>    set nbcy4mbot = 0
 Parameter: NBCY4MBOT <- "0"
  
 CHARMM>    set nacy5mbot = 0
 Parameter: NACY5MBOT <- "0"
  
 CHARMM>    set nbcy5mbot = 0
 Parameter: NBCY5MBOT <- "0"
  
 CHARMM>    set nacy6mbot = 0
 Parameter: NACY6MBOT <- "0"
  
 CHARMM>    set nbcy6mbot = 0
 Parameter: NBCY6MBOT <- "0"
  
 CHARMM>    set nacy7mbot = 0
 Parameter: NACY7MBOT <- "0"
  
 CHARMM>    set nbcy7mbot = 0
 Parameter: NBCY7MBOT <- "0"
  
 CHARMM>    set nnhegbot = 0
 Parameter: NNHEGBOT <- "0"
  
 CHARMM>    set ndhegbot = 0
 Parameter: NDHEGBOT <- "0"
  
 CHARMM>    set nnmgbot = 0
 Parameter: NNMGBOT <- "0"
  
 CHARMM>    set ndmgbot = 0
 Parameter: NDMGBOT <- "0"
  
 CHARMM>    set nctb10bot = 0
 Parameter: NCTB10BOT <- "0"
  
 CHARMM>    set nctb11bot = 0
 Parameter: NCTB11BOT <- "0"
  
 CHARMM>    set nctb12bot = 0
 Parameter: NCTB12BOT <- "0"
  
 CHARMM>    set nctb13bot = 0
 Parameter: NCTB13BOT <- "0"
  
 CHARMM>    set nctb14bot = 0
 Parameter: NCTB14BOT <- "0"
  
 CHARMM>    set nctb15bot = 0
 Parameter: NCTB15BOT <- "0"
  
 CHARMM>    set nctb16bot = 0
 Parameter: NCTB16BOT <- "0"
  
 CHARMM>    set ngms1bot = 0
 Parameter: NGMS1BOT <- "0"
  
 CHARMM>    set ngms2bot = 0
 Parameter: NGMS2BOT <- "0"
  
 CHARMM>    set nmln1bot = 0
 Parameter: NMLN1BOT <- "0"
  
 CHARMM>    set nmln2bot = 0
 Parameter: NMLN2BOT <- "0"
  
 CHARMM>    set nmgtm10bot = 0
 Parameter: NMGTM10BOT <- "0"
  
 CHARMM>    set nmgtm11bot = 0
 Parameter: NMGTM11BOT <- "0"
  
 CHARMM>    set negtm10bot = 0
 Parameter: NEGTM10BOT <- "0"
  
 CHARMM>    set negtm11bot = 0
 Parameter: NEGTM11BOT <- "0"
  
 CHARMM>    set ntzmh9bot = 0
 Parameter: NTZMH9BOT <- "0"
  
 CHARMM>    set ntzmh10bot = 0
 Parameter: NTZMH10BOT <- "0"
  
 CHARMM>    set ntzme9bot = 0
 Parameter: NTZME9BOT <- "0"
  
 CHARMM>    set ntzme10bot = 0
 Parameter: NTZME10BOT <- "0"
  
 CHARMM>    set nsmddbot = 0
 Parameter: NSMDDBOT <- "0"
  
 CHARMM>    set nbbphgbot = 0
 Parameter: NBBPHGBOT <- "0"
  
 CHARMM>    set nbbcygbot = 0
 Parameter: NBBCYGBOT <- "0"
  
 CHARMM>    set nbogngbot = 0
 Parameter: NBOGNGBOT <- "0"
  
 CHARMM>    set nblmngbot = 0
 Parameter: NBLMNGBOT <- "0"
  
 CHARMM>    set nbdmngbot = 0
 Parameter: NBDMNGBOT <- "0"
  
 CHARMM>    set nc5mngbot = 0
 Parameter: NC5MNGBOT <- "0"
  
 CHARMM>    set nc6mngbot = 0
 Parameter: NC6MNGBOT <- "0"
  
 CHARMM>    set nbotgngbot = 0
 Parameter: NBOTGNGBOT <- "0"
  
 CHARMM>    set nboingbot = 0
 Parameter: NBOINGBOT <- "0"
  
 CHARMM>    set nahtgbot = 0
 Parameter: NAHTGBOT <- "0"
  
 CHARMM>    set nbhtgbot = 0
 Parameter: NBHTGBOT <- "0"
  
 CHARMM>    set naotgbot = 0
 Parameter: NAOTGBOT <- "0"
  
 CHARMM>    set nbotgbot = 0
 Parameter: NBOTGBOT <- "0"
  
 CHARMM>    set naotmbot = 0
 Parameter: NAOTMBOT <- "0"
  
 CHARMM>    set nbotmbot = 0
 Parameter: NBOTMBOT <- "0"
  
 CHARMM>    set nantmbot = 0
 Parameter: NANTMBOT <- "0"
  
 CHARMM>    set nbntmbot = 0
 Parameter: NBNTMBOT <- "0"
  
 CHARMM>    set nadtmbot = 0
 Parameter: NADTMBOT <- "0"
  
 CHARMM>    set nbdtmbot = 0
 Parameter: NBDTMBOT <- "0"
  
 CHARMM>    set naudtmbot = 0
 Parameter: NAUDTMBOT <- "0"
  
 CHARMM>    set nbudtmbot = 0
 Parameter: NBUDTMBOT <- "0"
  
 CHARMM>    set naddtmbot = 0
 Parameter: NADDTMBOT <- "0"
  
 CHARMM>    set nbddtmbot = 0
 Parameter: NBDDTMBOT <- "0"
  
 CHARMM>    set ndhpcebot = 0
 Parameter: NDHPCEBOT <- "0"
  
 CHARMM>    set npopcebot = 0
 Parameter: NPOPCEBOT <- "0"
  
 CHARMM>    set ndopcebot = 0
 Parameter: NDOPCEBOT <- "0"
  
 CHARMM>    set ndmpcebot = 0
 Parameter: NDMPCEBOT <- "0"
  
 CHARMM>    set npopeebot = 0
 Parameter: NPOPEEBOT <- "0"
  
 CHARMM>    set ndopeebot = 0
 Parameter: NDOPEEBOT <- "0"
  
 CHARMM>    set ndppeebot = 0
 Parameter: NDPPEEBOT <- "0"
  
 CHARMM>    set ndmpeebot = 0
 Parameter: NDMPEEBOT <- "0"
  
 CHARMM>    set npla20bot = 0
 Parameter: NPLA20BOT <- "0"
  
 CHARMM>    set npla18bot = 0
 Parameter: NPLA18BOT <- "0"
  
 CHARMM>    set nplc22bot = 0
 Parameter: NPLC22BOT <- "0"
  
 CHARMM>    set nplc20bot = 0
 Parameter: NPLC20BOT <- "0"
  
 CHARMM>    set nplc18bot = 0
 Parameter: NPLC18BOT <- "0"
  
 CHARMM>    set nbmgpbot = 0
 Parameter: NBMGPBOT <- "0"
  
 CHARMM>    set ndmtapbot = 0
 Parameter: NDMTAPBOT <- "0"
  
 CHARMM>    set ndptapbot = 0
 Parameter: NDPTAPBOT <- "0"
  
 CHARMM>    set ndotapbot = 0
 Parameter: NDOTAPBOT <- "0"
  
 CHARMM>    set ndstapbot = 0
 Parameter: NDSTAPBOT <- "0"
  
 CHARMM>    set ndltapbot = 0
 Parameter: NDLTAPBOT <- "0"
  
 CHARMM>    set ndmdapbot = 0
 Parameter: NDMDAPBOT <- "0"
  
 CHARMM>    set ndmdaphbot = 0
 Parameter: NDMDAPHBOT <- "0"
  
 CHARMM>    set ndpdapbot = 0
 Parameter: NDPDAPBOT <- "0"
  
 CHARMM>    set ndpdaphbot = 0
 Parameter: NDPDAPHBOT <- "0"
  
 CHARMM>    set ndsdapbot = 0
 Parameter: NDSDAPBOT <- "0"
  
 CHARMM>    set ndsdaphbot = 0
 Parameter: NDSDAPHBOT <- "0"
  
 CHARMM>    set ndodapbot = 0
 Parameter: NDODAPBOT <- "0"
  
 CHARMM>    set ndodaphbot = 0
 Parameter: NDODAPHBOT <- "0"
  
 CHARMM>    set ndldapbot = 0
 Parameter: NDLDAPBOT <- "0"
  
 CHARMM>    set ndldaphbot = 0
 Parameter: NDLDAPHBOT <- "0"
  
 CHARMM>    set ndmdmabot = 0
 Parameter: NDMDMABOT <- "0"
  
 CHARMM>    set ndmdmahbot = 0
 Parameter: NDMDMAHBOT <- "0"
  
 CHARMM>    set ndpdmabot = 0
 Parameter: NDPDMABOT <- "0"
  
 CHARMM>    set ndpdmahbot = 0
 Parameter: NDPDMAHBOT <- "0"
  
 CHARMM>    set ndsdmabot = 0
 Parameter: NDSDMABOT <- "0"
  
 CHARMM>    set ndsdmahbot = 0
 Parameter: NDSDMAHBOT <- "0"
  
 CHARMM>    set ndodmabot = 0
 Parameter: NDODMABOT <- "0"
  
 CHARMM>    set ndodmahbot = 0
 Parameter: NDODMAHBOT <- "0"
  
 CHARMM>    set ndldmabot = 0
 Parameter: NDLDMABOT <- "0"
  
 CHARMM>    set ndldmahbot = 0
 Parameter: NDLDMAHBOT <- "0"
  
 CHARMM>    set ndmkc1bot = 0
 Parameter: NDMKC1BOT <- "0"
  
 CHARMM>    set ndmkc1hbot = 0
 Parameter: NDMKC1HBOT <- "0"
  
 CHARMM>    set ndpkc1bot = 0
 Parameter: NDPKC1BOT <- "0"
  
 CHARMM>    set ndpkc1hbot = 0
 Parameter: NDPKC1HBOT <- "0"
  
 CHARMM>    set ndskc1bot = 0
 Parameter: NDSKC1BOT <- "0"
  
 CHARMM>    set ndskc1hbot = 0
 Parameter: NDSKC1HBOT <- "0"
  
 CHARMM>    set ndokc1bot = 0
 Parameter: NDOKC1BOT <- "0"
  
 CHARMM>    set ndokc1hbot = 0
 Parameter: NDOKC1HBOT <- "0"
  
 CHARMM>    set ndlkc1bot = 0
 Parameter: NDLKC1BOT <- "0"
  
 CHARMM>    set ndlkc1hbot = 0
 Parameter: NDLKC1HBOT <- "0"
  
 CHARMM>    set ndmkc2bot = 0
 Parameter: NDMKC2BOT <- "0"
  
 CHARMM>    set ndmkc2hbot = 0
 Parameter: NDMKC2HBOT <- "0"
  
 CHARMM>    set ndpkc2bot = 0
 Parameter: NDPKC2BOT <- "0"
  
 CHARMM>    set ndpkc2hbot = 0
 Parameter: NDPKC2HBOT <- "0"
  
 CHARMM>    set ndskc2bot = 0
 Parameter: NDSKC2BOT <- "0"
  
 CHARMM>    set ndskc2hbot = 0
 Parameter: NDSKC2HBOT <- "0"
  
 CHARMM>    set ndokc2bot = 0
 Parameter: NDOKC2BOT <- "0"
  
 CHARMM>    set ndokc2hbot = 0
 Parameter: NDOKC2HBOT <- "0"
  
 CHARMM>    set ndlkc2bot = 0
 Parameter: NDLKC2BOT <- "0"
  
 CHARMM>    set ndlkc2hbot = 0
 Parameter: NDLKC2HBOT <- "0"
  
 CHARMM>    set ndmmc3bot = 0
 Parameter: NDMMC3BOT <- "0"
  
 CHARMM>    set ndmmc3hbot = 0
 Parameter: NDMMC3HBOT <- "0"
  
 CHARMM>    set ndpmc3bot = 0
 Parameter: NDPMC3BOT <- "0"
  
 CHARMM>    set ndpmc3hbot = 0
 Parameter: NDPMC3HBOT <- "0"
  
 CHARMM>    set ndsmc3bot = 0
 Parameter: NDSMC3BOT <- "0"
  
 CHARMM>    set ndsmc3hbot = 0
 Parameter: NDSMC3HBOT <- "0"
  
 CHARMM>    set ndomc3bot = 0
 Parameter: NDOMC3BOT <- "0"
  
 CHARMM>    set ndomc3hbot = 0
 Parameter: NDOMC3HBOT <- "0"
  
 CHARMM>    set ndlmc3bot = 0
 Parameter: NDLMC3BOT <- "0"
  
 CHARMM>    set ndlmc3hbot = 0
 Parameter: NDLMC3HBOT <- "0"
  
 VCLOSE: Closing unit   99 with status "KEEP"

                    RETURNING TO INPUT STREAM     5
  
 CHARMM>     
  
 CHARMM>    ! Read toppar for big-spheres (POL)
 CHARMM>    stream step3_packing_pol.str
 VOPEN> Attempting to open::step3_packing_pol.str::
 OPNLGU> Unit 99 opened for READONLY access to step3_packing_pol.str

                    INPUT STREAM SWITCHING TO UNIT    99
 RDTITL> * TOPOLOGY AND PARAMETERS FOR A BIG-SPHERE (POL)
 RDTITL> *
 Parameter: IN1 <- "" <empty>
  
 CHARMM>     
  
 CHARMM>    !if you rtf does not have the following mass, you have to add it
 CHARMM>    !MASS 250    POLO 30.97400   ! Fake lipid sphere
 CHARMM>     
  
 CHARMM>    read rtf card append
 MAINIO> Residue topology file being read from unit  99.
 RDTITL> * RTF FOR POL
 RDTITL> *

      ***** LEVEL  1 WARNING FROM <rtfrdr> *****
      ***** No AUTOgen defaults specified in appended RTF. Potential conflict with prior RTF autogen options. Check.
      ******************************************
      BOMLEV (  0) IS NOT REACHED. WRNLEV IS  5

  
 CHARMM>     
  
 CHARMM>    read para card append flex

          PARAMETER FILE BEING READ FROM UNIT 99
 RDTITL> * PARA FOR POL
 RDTITL> *
 PARMIO> NONBOND, HBOND lists and IMAGE atoms cleared.
  
 CHARMM>     
  
 VCLOSE: Closing unit   99 with status "KEEP"

                    RETURNING TO INPUT STREAM     5
  
 CHARMM>     
  
 CHARMM>    ! Generate big-spheres (POL) for upper leaflet
 CHARMM>    read sequence POL @NLIPTOP
 Parameter: NLIPTOP -> "32"
  
 CHARMM>    generate UPPO warn
 NO PATCHING WILL BE DONE ON THE FIRST RESIDUE
 NO PATCHING WILL BE DONE ON THE LAST  RESIDUE
 AUTGEN: Autogenerating specified angles and dihedrals.
 GENPSF> Segment   1 has been generated. Its identifier is UPPO.
 PSFSUM> PSF modified: NONBOND lists and IMAGE atoms cleared.
 PSFSUM> Summary of the structure file counters :
         Number of segments      =        1   Number of residues   =       32
         Number of atoms         =       32   Number of groups     =       32
         Number of bonds         =        0   Number of angles     =        0
         Number of dihedrals     =        0   Number of impropers  =        0
         Number of cross-terms   =        0   Number of autogens   =        0
         Number of HB acceptors  =        0   Number of HB donors  =        0
         Number of NB exclusions =        0   Total charge =    0.00000
 QXFORM> Expanded format used.
         More than 4 character atom type used.
  
 CHARMM>     
  
 CHARMM>    ! Generate big-spheres (POL) for lower leaflet
 CHARMM>    read sequence POL @NLIPBOT
 Parameter: NLIPBOT -> "32"
  
 CHARMM>    generate DNPO warn
 NO PATCHING WILL BE DONE ON THE FIRST RESIDUE
 NO PATCHING WILL BE DONE ON THE LAST  RESIDUE
 AUTGEN: Autogenerating specified angles and dihedrals.
 GENPSF> Segment   2 has been generated. Its identifier is DNPO.
 PSFSUM> PSF modified: NONBOND lists and IMAGE atoms cleared.
 PSFSUM> Summary of the structure file counters :
         Number of segments      =        2   Number of residues   =       64
         Number of atoms         =       64   Number of groups     =       64
         Number of bonds         =        0   Number of angles     =        0
         Number of dihedrals     =        0   Number of impropers  =        0
         Number of cross-terms   =        0   Number of autogens   =        0
         Number of HB acceptors  =        0   Number of HB donors  =        0
         Number of NB exclusions =        0   Total charge =    0.00000
  
 CHARMM>     
  
 CHARMM>    !
 CHARMM>    ! find chemical types of POLF
 CHARMM>    !
 CHARMM>     
  
 CHARMM>    read sequence POLF 1
  
 CHARMM>    generate POLF warn
 NO PATCHING WILL BE DONE ON THE FIRST RESIDUE
 NO PATCHING WILL BE DONE ON THE LAST  RESIDUE
 AUTGEN: Autogenerating specified angles and dihedrals.
 GENPSF> Segment   3 has been generated. Its identifier is POLF.
 PSFSUM> PSF modified: NONBOND lists and IMAGE atoms cleared.
 PSFSUM> Summary of the structure file counters :
         Number of segments      =        3   Number of residues   =       65
         Number of atoms         =       65   Number of groups     =       65
         Number of bonds         =        0   Number of angles     =        0
         Number of dihedrals     =        0   Number of impropers  =        0
         Number of cross-terms   =        0   Number of autogens   =        0
         Number of HB acceptors  =        0   Number of HB donors  =        0
         Number of NB exclusions =        0   Total charge =    0.00000
  
 CHARMM>     
  
 CHARMM>    scalar type stat sele segid POLF end
 SELRPN>      1 atoms have been selected out of     65
 Statistics for    1 selected atoms:
       minimum =    737.000      maximum =    737.000     weight =    1.00000    
       average =    737.000      variance=    0.00000     total  =    737.000    
  
 CHARMM>    calc ipolf = int ( ?save )
 RDCMND substituted energy or value "?SAVE" to "737"
Evaluating: INT(737)
 Parameter: IPOLF <- "737"
  
 CHARMM>     
  
 CHARMM>    delete atom sele segid POLF end
 SELRPN>      1 atoms have been selected out of     65

 Message from MAPIC: Atom numbers are changed.

 Message from MAPIC:          1 residues deleted.

 Message from MAPIC:          1 segments deleted.
 PSFSUM> PSF modified: NONBOND lists and IMAGE atoms cleared.
 PSFSUM> Summary of the structure file counters :
         Number of segments      =        2   Number of residues   =       64
         Number of atoms         =       64   Number of groups     =       64
         Number of bonds         =        0   Number of angles     =        0
         Number of dihedrals     =        0   Number of impropers  =        0
         Number of cross-terms   =        0   Number of autogens   =        0
         Number of HB acceptors  =        0   Number of HB donors  =        0
         Number of NB exclusions =        0   Total charge =    0.00000
  
 CHARMM>     
  
 CHARMM>    !
 CHARMM>    ! find chemical types of POL2
 CHARMM>    !
 CHARMM>     
  
 CHARMM>    read sequence POL2 1
  
 CHARMM>    generate POL2 warn
 NO PATCHING WILL BE DONE ON THE FIRST RESIDUE
 NO PATCHING WILL BE DONE ON THE LAST  RESIDUE
 AUTGEN: Autogenerating specified angles and dihedrals.
 GENPSF> Segment   3 has been generated. Its identifier is POL2.
 PSFSUM> PSF modified: NONBOND lists and IMAGE atoms cleared.
 PSFSUM> Summary of the structure file counters :
         Number of segments      =        3   Number of residues   =       65
         Number of atoms         =       65   Number of groups     =       65
         Number of bonds         =        0   Number of angles     =        0
         Number of dihedrals     =        0   Number of impropers  =        0
         Number of cross-terms   =        0   Number of autogens   =        0
         Number of HB acceptors  =        0   Number of HB donors  =        0
         Number of NB exclusions =        0   Total charge =    0.00000
  
 CHARMM>     
  
 CHARMM>    scalar type stat sele segid POL2 end
 SELRPN>      1 atoms have been selected out of     65
 Statistics for    1 selected atoms:
       minimum =    739.000      maximum =    739.000     weight =    1.00000    
       average =    739.000      variance=    0.00000     total  =    739.000    
  
 CHARMM>    calc ipol2 = int ( ?save )
 RDCMND substituted energy or value "?SAVE" to "739"
Evaluating: INT(739)
 Parameter: IPOL2 <- "739"
  
 CHARMM>     
  
 CHARMM>    delete atom sele segid POL2 end
 SELRPN>      1 atoms have been selected out of     65

 Message from MAPIC: Atom numbers are changed.

 Message from MAPIC:          1 residues deleted.

 Message from MAPIC:          1 segments deleted.
 PSFSUM> PSF modified: NONBOND lists and IMAGE atoms cleared.
 PSFSUM> Summary of the structure file counters :
         Number of segments      =        2   Number of residues   =       64
         Number of atoms         =       64   Number of groups     =       64
         Number of bonds         =        0   Number of angles     =        0
         Number of dihedrals     =        0   Number of impropers  =        0
         Number of cross-terms   =        0   Number of autogens   =        0
         Number of HB acceptors  =        0   Number of HB donors  =        0
         Number of NB exclusions =        0   Total charge =    0.00000
  
 CHARMM>     
  
 CHARMM>    !
 CHARMM>    ! find chemical types of POL4
 CHARMM>    !
 CHARMM>     
  
 CHARMM>    read sequence POL4 1
  
 CHARMM>    generate POL4 warn
 NO PATCHING WILL BE DONE ON THE FIRST RESIDUE
 NO PATCHING WILL BE DONE ON THE LAST  RESIDUE
 AUTGEN: Autogenerating specified angles and dihedrals.
 GENPSF> Segment   3 has been generated. Its identifier is POL4.
 PSFSUM> PSF modified: NONBOND lists and IMAGE atoms cleared.
 PSFSUM> Summary of the structure file counters :
         Number of segments      =        3   Number of residues   =       65
         Number of atoms         =       65   Number of groups     =       65
         Number of bonds         =        0   Number of angles     =        0
         Number of dihedrals     =        0   Number of impropers  =        0
         Number of cross-terms   =        0   Number of autogens   =        0
         Number of HB acceptors  =        0   Number of HB donors  =        0
         Number of NB exclusions =        0   Total charge =    0.00000
  
 CHARMM>     
  
 CHARMM>    scalar type stat sele segid POL4 end
 SELRPN>      1 atoms have been selected out of     65
 Statistics for    1 selected atoms:
       minimum =    741.000      maximum =    741.000     weight =    1.00000    
       average =    741.000      variance=    0.00000     total  =    741.000    
  
 CHARMM>    calc ipol4 = int ( ?save )
 RDCMND substituted energy or value "?SAVE" to "741"
Evaluating: INT(741)
 Parameter: IPOL4 <- "741"
  
 CHARMM>     
  
 CHARMM>    delete atom sele segid POL4 end
 SELRPN>      1 atoms have been selected out of     65

 Message from MAPIC: Atom numbers are changed.

 Message from MAPIC:          1 residues deleted.

 Message from MAPIC:          1 segments deleted.
 PSFSUM> PSF modified: NONBOND lists and IMAGE atoms cleared.
 PSFSUM> Summary of the structure file counters :
         Number of segments      =        2   Number of residues   =       64
         Number of atoms         =       64   Number of groups     =       64
         Number of bonds         =        0   Number of angles     =        0
         Number of dihedrals     =        0   Number of impropers  =        0
         Number of cross-terms   =        0   Number of autogens   =        0
         Number of HB acceptors  =        0   Number of HB donors  =        0
         Number of NB exclusions =        0   Total charge =    0.00000
  
 CHARMM>     
  
 CHARMM>    !
 CHARMM>    ! Change resnames [upper leaflet]
 CHARMM>    !
 CHARMM>     
  
 CHARMM>    calc cnt1 = 0
Evaluating: 0
 Parameter: CNT1 <- "0"
  
 CHARMM>    calc cnt2 = 0
Evaluating: 0
 Parameter: CNT2 <- "0"
  
 CHARMM>     
  
 CHARMM>    if nchl1top .gt. 0 then
 Comparing "0" and "0".
 IF test evaluated as false.  Skip to ELSE or ENDIF
  
 CHARMM>    if nergtop .gt. 0 then
 Comparing "0" and "0".
 IF test evaluated as false.  Skip to ELSE or ENDIF
  
 CHARMM>    if ndpoptop .gt. 0 then
 Comparing "0" and "0".
 IF test evaluated as false.  Skip to ELSE or ENDIF
  
 CHARMM>    if nsitotop .gt. 0 then
 Comparing "0" and "0".
 IF test evaluated as false.  Skip to ELSE or ENDIF
  
 CHARMM>    if nstigtop .gt. 0 then
 Comparing "0" and "0".
 IF test evaluated as false.  Skip to ELSE or ENDIF
  
 CHARMM>    if nchsdtop .gt. 0 then
 Comparing "0" and "0".
 IF test evaluated as false.  Skip to ELSE or ENDIF
  
 CHARMM>    if nchsptop .gt. 0 then
 Comparing "0" and "0".
 IF test evaluated as false.  Skip to ELSE or ENDIF
  
 CHARMM>    if ncamptop .gt. 0 then
 Comparing "0" and "0".
 IF test evaluated as false.  Skip to ELSE or ENDIF
  
 CHARMM>    if ngcamptop .gt. 0 then
 Comparing "0" and "0".
 IF test evaluated as false.  Skip to ELSE or ENDIF
  
 CHARMM>    if ngsitotop .gt. 0 then
 Comparing "0" and "0".
 IF test evaluated as false.  Skip to ELSE or ENDIF
  
 CHARMM>    if ngstigtop .gt. 0 then
 Comparing "0" and "0".
 IF test evaluated as false.  Skip to ELSE or ENDIF
  
 CHARMM>    if nlanotop .gt. 0 then
 Comparing "0" and "0".
 IF test evaluated as false.  Skip to ELSE or ENDIF
  
 CHARMM>    if npgcamptop .gt. 0 then
 Comparing "0" and "0".
 IF test evaluated as false.  Skip to ELSE or ENDIF
  
 CHARMM>    if npgsitotop .gt. 0 then
 Comparing "0" and "0".
 IF test evaluated as false.  Skip to ELSE or ENDIF
  
 CHARMM>    if npgstigtop .gt. 0 then
 Comparing "0" and "0".
 IF test evaluated as false.  Skip to ELSE or ENDIF
  
 CHARMM>    if ndlpatop .gt. 0 then
 Comparing "0" and "0".
 IF test evaluated as false.  Skip to ELSE or ENDIF
  
 CHARMM>    if ndmpatop .gt. 0 then
 Comparing "0" and "0".
 IF test evaluated as false.  Skip to ELSE or ENDIF
  
 CHARMM>    if ndppatop .gt. 0 then
 Comparing "0" and "0".
 IF test evaluated as false.  Skip to ELSE or ENDIF
  
 CHARMM>    if npspatop .gt. 0 then
 Comparing "0" and "0".
 IF test evaluated as false.  Skip to ELSE or ENDIF
  
 CHARMM>    if ndspatop .gt. 0 then
 Comparing "0" and "0".
 IF test evaluated as false.  Skip to ELSE or ENDIF
  
 CHARMM>    if npopatop .gt. 0 then
 Comparing "0" and "0".
 IF test evaluated as false.  Skip to ELSE or ENDIF
  
 CHARMM>    if nplpatop .gt. 0 then
 Comparing "0" and "0".
 IF test evaluated as false.  Skip to ELSE or ENDIF
  
 CHARMM>    if nsopatop .gt. 0 then
 Comparing "0" and "0".
 IF test evaluated as false.  Skip to ELSE or ENDIF
  
 CHARMM>    if nslpatop .gt. 0 then
 Comparing "0" and "0".
 IF test evaluated as false.  Skip to ELSE or ENDIF
  
 CHARMM>    if ndypatop .gt. 0 then
 Comparing "0" and "0".
 IF test evaluated as false.  Skip to ELSE or ENDIF
  
 CHARMM>    if nyopatop .gt. 0 then
 Comparing "0" and "0".
 IF test evaluated as false.  Skip to ELSE or ENDIF
  
 CHARMM>    if ndopatop .gt. 0 then
 Comparing "0" and "0".
 IF test evaluated as false.  Skip to ELSE or ENDIF
  
 CHARMM>    if ndgpatop .gt. 0 then
 Comparing "0" and "0".
 IF test evaluated as false.  Skip to ELSE or ENDIF
  
 CHARMM>    if ndepatop .gt. 0 then
 Comparing "0" and "0".
 IF test evaluated as false.  Skip to ELSE or ENDIF
  
 CHARMM>    if ndnpatop .gt. 0 then
 Comparing "0" and "0".
 IF test evaluated as false.  Skip to ELSE or ENDIF
  
 CHARMM>    if nddpctop .gt. 0 then
 Comparing "0" and "0".
 IF test evaluated as false.  Skip to ELSE or ENDIF
  
 CHARMM>    if ndcpctop .gt. 0 then
 Comparing "0" and "0".
 IF test evaluated as false.  Skip to ELSE or ENDIF
  
 CHARMM>    if ndlpctop .gt. 0 then
 Comparing "0" and "0".
 IF test evaluated as false.  Skip to ELSE or ENDIF
  
 CHARMM>    if ndmpctop .gt. 0 then
 Comparing "0" and "0".
 IF test evaluated as false.  Skip to ELSE or ENDIF
  
 CHARMM>    if ndppctop .gt. 0 then
 Comparing "0" and "0".
 IF test evaluated as false.  Skip to ELSE or ENDIF
  
 CHARMM>    if ndspctop .gt. 0 then
 Comparing "0" and "0".
 IF test evaluated as false.  Skip to ELSE or ENDIF
  
 CHARMM>    if npypctop .gt. 0 then
 Comparing "0" and "0".
 IF test evaluated as false.  Skip to ELSE or ENDIF
  
 CHARMM>    if npopctop .gt. 0 then
 Comparing "32" and "0".
 IF test evaluated as true.  Performing command
  
 CHARMM>       calc cnt1 = @cnt2 + 1
 Parameter: CNT2 -> "0"
Evaluating: 0+1
 Parameter: CNT1 <- "1"
  
 CHARMM>       calc cnt2 = @cnt1 + @{npopctop} - 1
 Parameter: CNT1 -> "1"
 Parameter: NPOPCTOP -> "32"
Evaluating: 1+32-1
 Parameter: CNT2 <- "32"
  
 CHARMM>       rename resname POPC select segid UPPO .and. resid @cnt1:@cnt2 end
 Parameter: CNT1 -> "1"
 Parameter: CNT2 -> "32"
 SELRPN>     32 atoms have been selected out of     64
 FOR SEGMENT 'UPPO    ' RESIDUE '1       ', RESNAME 'POL     ' IS RENAMED TO 'POPC    '
 FOR SEGMENT 'UPPO    ' RESIDUE '2       ', RESNAME 'POL     ' IS RENAMED TO 'POPC    '
 FOR SEGMENT 'UPPO    ' RESIDUE '3       ', RESNAME 'POL     ' IS RENAMED TO 'POPC    '
 FOR SEGMENT 'UPPO    ' RESIDUE '4       ', RESNAME 'POL     ' IS RENAMED TO 'POPC    '
 FOR SEGMENT 'UPPO    ' RESIDUE '5       ', RESNAME 'POL     ' IS RENAMED TO 'POPC    '
 FOR SEGMENT 'UPPO    ' RESIDUE '6       ', RESNAME 'POL     ' IS RENAMED TO 'POPC    '
 FOR SEGMENT 'UPPO    ' RESIDUE '7       ', RESNAME 'POL     ' IS RENAMED TO 'POPC    '
 FOR SEGMENT 'UPPO    ' RESIDUE '8       ', RESNAME 'POL     ' IS RENAMED TO 'POPC    '
 FOR SEGMENT 'UPPO    ' RESIDUE '9       ', RESNAME 'POL     ' IS RENAMED TO 'POPC    '
 FOR SEGMENT 'UPPO    ' RESIDUE '10      ', RESNAME 'POL     ' IS RENAMED TO 'POPC    '
 FOR SEGMENT 'UPPO    ' RESIDUE '11      ', RESNAME 'POL     ' IS RENAMED TO 'POPC    '
 FOR SEGMENT 'UPPO    ' RESIDUE '12      ', RESNAME 'POL     ' IS RENAMED TO 'POPC    '
 FOR SEGMENT 'UPPO    ' RESIDUE '13      ', RESNAME 'POL     ' IS RENAMED TO 'POPC    '
 FOR SEGMENT 'UPPO    ' RESIDUE '14      ', RESNAME 'POL     ' IS RENAMED TO 'POPC    '
 FOR SEGMENT 'UPPO    ' RESIDUE '15      ', RESNAME 'POL     ' IS RENAMED TO 'POPC    '
 FOR SEGMENT 'UPPO    ' RESIDUE '16      ', RESNAME 'POL     ' IS RENAMED TO 'POPC    '
 FOR SEGMENT 'UPPO    ' RESIDUE '17      ', RESNAME 'POL     ' IS RENAMED TO 'POPC    '
 FOR SEGMENT 'UPPO    ' RESIDUE '18      ', RESNAME 'POL     ' IS RENAMED TO 'POPC    '
 FOR SEGMENT 'UPPO    ' RESIDUE '19      ', RESNAME 'POL     ' IS RENAMED TO 'POPC    '
 FOR SEGMENT 'UPPO    ' RESIDUE '20      ', RESNAME 'POL     ' IS RENAMED TO 'POPC    '
 FOR SEGMENT 'UPPO    ' RESIDUE '21      ', RESNAME 'POL     ' IS RENAMED TO 'POPC    '
 FOR SEGMENT 'UPPO    ' RESIDUE '22      ', RESNAME 'POL     ' IS RENAMED TO 'POPC    '
 FOR SEGMENT 'UPPO    ' RESIDUE '23      ', RESNAME 'POL     ' IS RENAMED TO 'POPC    '
 FOR SEGMENT 'UPPO    ' RESIDUE '24      ', RESNAME 'POL     ' IS RENAMED TO 'POPC    '
 FOR SEGMENT 'UPPO    ' RESIDUE '25      ', RESNAME 'POL     ' IS RENAMED TO 'POPC    '
 FOR SEGMENT 'UPPO    ' RESIDUE '26      ', RESNAME 'POL     ' IS RENAMED TO 'POPC    '
 FOR SEGMENT 'UPPO    ' RESIDUE '27      ', RESNAME 'POL     ' IS RENAMED TO 'POPC    '
 FOR SEGMENT 'UPPO    ' RESIDUE '28      ', RESNAME 'POL     ' IS RENAMED TO 'POPC    '
 FOR SEGMENT 'UPPO    ' RESIDUE '29      ', RESNAME 'POL     ' IS RENAMED TO 'POPC    '
 FOR SEGMENT 'UPPO    ' RESIDUE '30      ', RESNAME 'POL     ' IS RENAMED TO 'POPC    '
 FOR SEGMENT 'UPPO    ' RESIDUE '31      ', RESNAME 'POL     ' IS RENAMED TO 'POPC    '
 FOR SEGMENT 'UPPO    ' RESIDUE '32      ', RESNAME 'POL     ' IS RENAMED TO 'POPC    '
  
 CHARMM>    endif
  
 CHARMM>    if nplpctop .gt. 0 then
 Comparing "0" and "0".
 IF test evaluated as false.  Skip to ELSE or ENDIF
  
 CHARMM>    if npilpctop .gt. 0 then
 Comparing "0" and "0".
 IF test evaluated as false.  Skip to ELSE or ENDIF
  
 CHARMM>    if npdopctop .gt. 0 then
 Comparing "0" and "0".
 IF test evaluated as false.  Skip to ELSE or ENDIF
  
 CHARMM>    if nsopctop .gt. 0 then
 Comparing "0" and "0".
 IF test evaluated as false.  Skip to ELSE or ENDIF
  
 CHARMM>    if nslpctop .gt. 0 then
 Comparing "0" and "0".
 IF test evaluated as false.  Skip to ELSE or ENDIF
  
 CHARMM>    if ndrpctop .gt. 0 then
 Comparing "0" and "0".
 IF test evaluated as false.  Skip to ELSE or ENDIF
  
 CHARMM>    if ndypctop .gt. 0 then
 Comparing "0" and "0".
 IF test evaluated as false.  Skip to ELSE or ENDIF
  
 CHARMM>    if nyopctop .gt. 0 then
 Comparing "0" and "0".
 IF test evaluated as false.  Skip to ELSE or ENDIF
  
 CHARMM>    if ndopctop .gt. 0 then
 Comparing "0" and "0".
 IF test evaluated as false.  Skip to ELSE or ENDIF
  
 CHARMM>    if ndupctop .gt. 0 then
 Comparing "0" and "0".
 IF test evaluated as false.  Skip to ELSE or ENDIF
  
 CHARMM>    if ndgpctop .gt. 0 then
 Comparing "0" and "0".
 IF test evaluated as false.  Skip to ELSE or ENDIF
  
 CHARMM>    if ndepctop .gt. 0 then
 Comparing "0" and "0".
 IF test evaluated as false.  Skip to ELSE or ENDIF
  
 CHARMM>    if nddopctop .gt. 0 then
 Comparing "0" and "0".
 IF test evaluated as false.  Skip to ELSE or ENDIF
  
 CHARMM>    if ndnpctop .gt. 0 then
 Comparing "0" and "0".
 IF test evaluated as false.  Skip to ELSE or ENDIF
  
 CHARMM>    if ndlipctop .gt. 0 then
 Comparing "0" and "0".
 IF test evaluated as false.  Skip to ELSE or ENDIF
  
 CHARMM>    if nllpctop .gt. 0 then
 Comparing "0" and "0".
 IF test evaluated as false.  Skip to ELSE or ENDIF
  
 CHARMM>    if ndlpetop .gt. 0 then
 Comparing "0" and "0".
 IF test evaluated as false.  Skip to ELSE or ENDIF
  
 CHARMM>    if ndmpetop .gt. 0 then
 Comparing "0" and "0".
 IF test evaluated as false.  Skip to ELSE or ENDIF
  
 CHARMM>    if ndppetop .gt. 0 then
 Comparing "0" and "0".
 IF test evaluated as false.  Skip to ELSE or ENDIF
  
 CHARMM>    if npspetop .gt. 0 then
 Comparing "0" and "0".
 IF test evaluated as false.  Skip to ELSE or ENDIF
  
 CHARMM>    if ndspetop .gt. 0 then
 Comparing "0" and "0".
 IF test evaluated as false.  Skip to ELSE or ENDIF
  
 CHARMM>    if npypetop .gt. 0 then
 Comparing "0" and "0".
 IF test evaluated as false.  Skip to ELSE or ENDIF
  
 CHARMM>    if npopetop .gt. 0 then
 Comparing "0" and "0".
 IF test evaluated as false.  Skip to ELSE or ENDIF
  
 CHARMM>    if nplpetop .gt. 0 then
 Comparing "0" and "0".
 IF test evaluated as false.  Skip to ELSE or ENDIF
  
 CHARMM>    if npdopetop .gt. 0 then
 Comparing "0" and "0".
 IF test evaluated as false.  Skip to ELSE or ENDIF
  
 CHARMM>    if nsopetop .gt. 0 then
 Comparing "0" and "0".
 IF test evaluated as false.  Skip to ELSE or ENDIF
  
 CHARMM>    if nslpetop .gt. 0 then
 Comparing "0" and "0".
 IF test evaluated as false.  Skip to ELSE or ENDIF
  
 CHARMM>    if ndypetop .gt. 0 then
 Comparing "0" and "0".
 IF test evaluated as false.  Skip to ELSE or ENDIF
  
 CHARMM>    if nyopetop .gt. 0 then
 Comparing "0" and "0".
 IF test evaluated as false.  Skip to ELSE or ENDIF
  
 CHARMM>    if noypetop .gt. 0 then
 Comparing "0" and "0".
 IF test evaluated as false.  Skip to ELSE or ENDIF
  
 CHARMM>    if ndopetop .gt. 0 then
 Comparing "0" and "0".
 IF test evaluated as false.  Skip to ELSE or ENDIF
  
 CHARMM>    if ndgpetop .gt. 0 then
 Comparing "0" and "0".
 IF test evaluated as false.  Skip to ELSE or ENDIF
  
 CHARMM>    if ndepetop .gt. 0 then
 Comparing "0" and "0".
 IF test evaluated as false.  Skip to ELSE or ENDIF
  
 CHARMM>    if nddopetop .gt. 0 then
 Comparing "0" and "0".
 IF test evaluated as false.  Skip to ELSE or ENDIF
  
 CHARMM>    if ndnpetop .gt. 0 then
 Comparing "0" and "0".
 IF test evaluated as false.  Skip to ELSE or ENDIF
  
 CHARMM>    if ndlipetop .gt. 0 then
 Comparing "0" and "0".
 IF test evaluated as false.  Skip to ELSE or ENDIF
  
 CHARMM>    if nllpetop .gt. 0 then
 Comparing "0" and "0".
 IF test evaluated as false.  Skip to ELSE or ENDIF
  
 CHARMM>    if ndlpgtop .gt. 0 then
 Comparing "0" and "0".
 IF test evaluated as false.  Skip to ELSE or ENDIF
  
 CHARMM>    if ndmpgtop .gt. 0 then
 Comparing "0" and "0".
 IF test evaluated as false.  Skip to ELSE or ENDIF
  
 CHARMM>    if ndppgtop .gt. 0 then
 Comparing "0" and "0".
 IF test evaluated as false.  Skip to ELSE or ENDIF
  
 CHARMM>    if npspgtop .gt. 0 then
 Comparing "0" and "0".
 IF test evaluated as false.  Skip to ELSE or ENDIF
  
 CHARMM>    if ndspgtop .gt. 0 then
 Comparing "0" and "0".
 IF test evaluated as false.  Skip to ELSE or ENDIF
  
 CHARMM>    if npypgtop .gt. 0 then
 Comparing "0" and "0".
 IF test evaluated as false.  Skip to ELSE or ENDIF
  
 CHARMM>    if nyppgtop .gt. 0 then
 Comparing "0" and "0".
 IF test evaluated as false.  Skip to ELSE or ENDIF
  
 CHARMM>    if npopgtop .gt. 0 then
 Comparing "0" and "0".
 IF test evaluated as false.  Skip to ELSE or ENDIF
  
 CHARMM>    if noppgtop .gt. 0 then
 Comparing "0" and "0".
 IF test evaluated as false.  Skip to ELSE or ENDIF
  
 CHARMM>    if nplpgtop .gt. 0 then
 Comparing "0" and "0".
 IF test evaluated as false.  Skip to ELSE or ENDIF
  
 CHARMM>    if nsopgtop .gt. 0 then
 Comparing "0" and "0".
 IF test evaluated as false.  Skip to ELSE or ENDIF
  
 CHARMM>    if nslpgtop .gt. 0 then
 Comparing "0" and "0".
 IF test evaluated as false.  Skip to ELSE or ENDIF
  
 CHARMM>    if ndypgtop .gt. 0 then
 Comparing "0" and "0".
 IF test evaluated as false.  Skip to ELSE or ENDIF
  
 CHARMM>    if ndopgtop .gt. 0 then
 Comparing "0" and "0".
 IF test evaluated as false.  Skip to ELSE or ENDIF
  
 CHARMM>    if ndgpgtop .gt. 0 then
 Comparing "0" and "0".
 IF test evaluated as false.  Skip to ELSE or ENDIF
  
 CHARMM>    if ndepgtop .gt. 0 then
 Comparing "0" and "0".
 IF test evaluated as false.  Skip to ELSE or ENDIF
  
 CHARMM>    if ndnpgtop .gt. 0 then
 Comparing "0" and "0".
 IF test evaluated as false.  Skip to ELSE or ENDIF
  
 CHARMM>    if ndlpstop .gt. 0 then
 Comparing "0" and "0".
 IF test evaluated as false.  Skip to ELSE or ENDIF
  
 CHARMM>    if ndmpstop .gt. 0 then
 Comparing "0" and "0".
 IF test evaluated as false.  Skip to ELSE or ENDIF
  
 CHARMM>    if ndppstop .gt. 0 then
 Comparing "0" and "0".
 IF test evaluated as false.  Skip to ELSE or ENDIF
  
 CHARMM>    if npspstop .gt. 0 then
 Comparing "0" and "0".
 IF test evaluated as false.  Skip to ELSE or ENDIF
  
 CHARMM>    if ndspstop .gt. 0 then
 Comparing "0" and "0".
 IF test evaluated as false.  Skip to ELSE or ENDIF
  
 CHARMM>    if npopstop .gt. 0 then
 Comparing "0" and "0".
 IF test evaluated as false.  Skip to ELSE or ENDIF
  
 CHARMM>    if npspctop .gt. 0 then
 Comparing "0" and "0".
 IF test evaluated as false.  Skip to ELSE or ENDIF
  
 CHARMM>    if npapctop .gt. 0 then
 Comparing "0" and "0".
 IF test evaluated as false.  Skip to ELSE or ENDIF
  
 CHARMM>    if nplpstop .gt. 0 then
 Comparing "0" and "0".
 IF test evaluated as false.  Skip to ELSE or ENDIF
  
 CHARMM>    if nsopstop .gt. 0 then
 Comparing "0" and "0".
 IF test evaluated as false.  Skip to ELSE or ENDIF
  
 CHARMM>    if nslpstop .gt. 0 then
 Comparing "0" and "0".
 IF test evaluated as false.  Skip to ELSE or ENDIF
  
 CHARMM>    if nolpstop .gt. 0 then
 Comparing "0" and "0".
 IF test evaluated as false.  Skip to ELSE or ENDIF
  
 CHARMM>    if ndypstop .gt. 0 then
 Comparing "0" and "0".
 IF test evaluated as false.  Skip to ELSE or ENDIF
  
 CHARMM>    if nyopstop .gt. 0 then
 Comparing "0" and "0".
 IF test evaluated as false.  Skip to ELSE or ENDIF
  
 CHARMM>    if ndopstop .gt. 0 then
 Comparing "0" and "0".
 IF test evaluated as false.  Skip to ELSE or ENDIF
  
 CHARMM>    if ndgpstop .gt. 0 then
 Comparing "0" and "0".
 IF test evaluated as false.  Skip to ELSE or ENDIF
  
 CHARMM>    if ndepstop .gt. 0 then
 Comparing "0" and "0".
 IF test evaluated as false.  Skip to ELSE or ENDIF
  
 CHARMM>    if nddopstop .gt. 0 then
 Comparing "0" and "0".
 IF test evaluated as false.  Skip to ELSE or ENDIF
  
 CHARMM>    if ndnpstop .gt. 0 then
 Comparing "0" and "0".
 IF test evaluated as false.  Skip to ELSE or ENDIF
  
 CHARMM>    if nllpstop .gt. 0 then
 Comparing "0" and "0".
 IF test evaluated as false.  Skip to ELSE or ENDIF
  
 CHARMM>    if npopp1top .gt. 0 then
 Comparing "0" and "0".
 IF test evaluated as false.  Skip to ELSE or ENDIF
  
 CHARMM>    if npopp2top .gt. 0 then
 Comparing "0" and "0".
 IF test evaluated as false.  Skip to ELSE or ENDIF
  
 CHARMM>    if npopp3top .gt. 0 then
 Comparing "0" and "0".
 IF test evaluated as false.  Skip to ELSE or ENDIF
  
 CHARMM>    if ndopp1top .gt. 0 then
 Comparing "0" and "0".
 IF test evaluated as false.  Skip to ELSE or ENDIF
  
 CHARMM>    if ndopp2top .gt. 0 then
 Comparing "0" and "0".
 IF test evaluated as false.  Skip to ELSE or ENDIF
  
 CHARMM>    if ndopp3top .gt. 0 then
 Comparing "0" and "0".
 IF test evaluated as false.  Skip to ELSE or ENDIF
  
 CHARMM>    if ndmpitop .gt. 0 then
 Comparing "0" and "0".
 IF test evaluated as false.  Skip to ELSE or ENDIF
  
 CHARMM>    if ndmpi13top .gt. 0 then
 Comparing "0" and "0".
 IF test evaluated as false.  Skip to ELSE or ENDIF
  
 CHARMM>    if ndmpi14top .gt. 0 then
 Comparing "0" and "0".
 IF test evaluated as false.  Skip to ELSE or ENDIF
  
 CHARMM>    if ndmpi15top .gt. 0 then
 Comparing "0" and "0".
 IF test evaluated as false.  Skip to ELSE or ENDIF
  
 CHARMM>    if ndmpi24top .gt. 0 then
 Comparing "0" and "0".
 IF test evaluated as false.  Skip to ELSE or ENDIF
  
 CHARMM>    if ndmpi25top .gt. 0 then
 Comparing "0" and "0".
 IF test evaluated as false.  Skip to ELSE or ENDIF
  
 CHARMM>    if ndmpi2atop .gt. 0 then
 Comparing "0" and "0".
 IF test evaluated as false.  Skip to ELSE or ENDIF
  
 CHARMM>    if ndmpi2btop .gt. 0 then
 Comparing "0" and "0".
 IF test evaluated as false.  Skip to ELSE or ENDIF
  
 CHARMM>    if ndmpi2ctop .gt. 0 then
 Comparing "0" and "0".
 IF test evaluated as false.  Skip to ELSE or ENDIF
  
 CHARMM>    if ndmpi2dtop .gt. 0 then
 Comparing "0" and "0".
 IF test evaluated as false.  Skip to ELSE or ENDIF
  
 CHARMM>    if ndmpi33top .gt. 0 then
 Comparing "0" and "0".
 IF test evaluated as false.  Skip to ELSE or ENDIF
  
 CHARMM>    if ndmpi34top .gt. 0 then
 Comparing "0" and "0".
 IF test evaluated as false.  Skip to ELSE or ENDIF
  
 CHARMM>    if ndmpi35top .gt. 0 then
 Comparing "0" and "0".
 IF test evaluated as false.  Skip to ELSE or ENDIF
  
 CHARMM>    if ndppitop .gt. 0 then
 Comparing "0" and "0".
 IF test evaluated as false.  Skip to ELSE or ENDIF
  
 CHARMM>    if npypitop .gt. 0 then
 Comparing "0" and "0".
 IF test evaluated as false.  Skip to ELSE or ENDIF
  
 CHARMM>    if npspitop .gt. 0 then
 Comparing "0" and "0".
 IF test evaluated as false.  Skip to ELSE or ENDIF
  
 CHARMM>    if npopitop .gt. 0 then
 Comparing "0" and "0".
 IF test evaluated as false.  Skip to ELSE or ENDIF
  
 CHARMM>    if npopi13top .gt. 0 then
 Comparing "0" and "0".
 IF test evaluated as false.  Skip to ELSE or ENDIF
  
 CHARMM>    if npopi14top .gt. 0 then
 Comparing "0" and "0".
 IF test evaluated as false.  Skip to ELSE or ENDIF
  
 CHARMM>    if npopi15top .gt. 0 then
 Comparing "0" and "0".
 IF test evaluated as false.  Skip to ELSE or ENDIF
  
 CHARMM>    if npopi24top .gt. 0 then
 Comparing "0" and "0".
 IF test evaluated as false.  Skip to ELSE or ENDIF
  
 CHARMM>    if npopi25top .gt. 0 then
 Comparing "0" and "0".
 IF test evaluated as false.  Skip to ELSE or ENDIF
  
 CHARMM>    if npopi2atop .gt. 0 then
 Comparing "0" and "0".
 IF test evaluated as false.  Skip to ELSE or ENDIF
  
 CHARMM>    if npopi2btop .gt. 0 then
 Comparing "0" and "0".
 IF test evaluated as false.  Skip to ELSE or ENDIF
  
 CHARMM>    if npopi2ctop .gt. 0 then
 Comparing "0" and "0".
 IF test evaluated as false.  Skip to ELSE or ENDIF
  
 CHARMM>    if npopi2dtop .gt. 0 then
 Comparing "0" and "0".
 IF test evaluated as false.  Skip to ELSE or ENDIF
  
 CHARMM>    if npopi33top .gt. 0 then
 Comparing "0" and "0".
 IF test evaluated as false.  Skip to ELSE or ENDIF
  
 CHARMM>    if npopi34top .gt. 0 then
 Comparing "0" and "0".
 IF test evaluated as false.  Skip to ELSE or ENDIF
  
 CHARMM>    if npopi35top .gt. 0 then
 Comparing "0" and "0".
 IF test evaluated as false.  Skip to ELSE or ENDIF
  
 CHARMM>    if nplpitop .gt. 0 then
 Comparing "0" and "0".
 IF test evaluated as false.  Skip to ELSE or ENDIF
  
 CHARMM>    if nplpi13top .gt. 0 then
 Comparing "0" and "0".
 IF test evaluated as false.  Skip to ELSE or ENDIF
  
 CHARMM>    if nplpi14top .gt. 0 then
 Comparing "0" and "0".
 IF test evaluated as false.  Skip to ELSE or ENDIF
  
 CHARMM>    if nplpi15top .gt. 0 then
 Comparing "0" and "0".
 IF test evaluated as false.  Skip to ELSE or ENDIF
  
 CHARMM>    if nplpi24top .gt. 0 then
 Comparing "0" and "0".
 IF test evaluated as false.  Skip to ELSE or ENDIF
  
 CHARMM>    if nplpi25top .gt. 0 then
 Comparing "0" and "0".
 IF test evaluated as false.  Skip to ELSE or ENDIF
  
 CHARMM>    if nplpi2atop .gt. 0 then
 Comparing "0" and "0".
 IF test evaluated as false.  Skip to ELSE or ENDIF
  
 CHARMM>    if nplpi2btop .gt. 0 then
 Comparing "0" and "0".
 IF test evaluated as false.  Skip to ELSE or ENDIF
  
 CHARMM>    if nplpi2ctop .gt. 0 then
 Comparing "0" and "0".
 IF test evaluated as false.  Skip to ELSE or ENDIF
  
 CHARMM>    if nplpi2dtop .gt. 0 then
 Comparing "0" and "0".
 IF test evaluated as false.  Skip to ELSE or ENDIF
  
 CHARMM>    if nplpi33top .gt. 0 then
 Comparing "0" and "0".
 IF test evaluated as false.  Skip to ELSE or ENDIF
  
 CHARMM>    if nplpi34top .gt. 0 then
 Comparing "0" and "0".
 IF test evaluated as false.  Skip to ELSE or ENDIF
  
 CHARMM>    if nplpi35top .gt. 0 then
 Comparing "0" and "0".
 IF test evaluated as false.  Skip to ELSE or ENDIF
  
 CHARMM>    if npnpitop .gt. 0 then
 Comparing "0" and "0".
 IF test evaluated as false.  Skip to ELSE or ENDIF
  
 CHARMM>    if npnpi13top .gt. 0 then
 Comparing "0" and "0".
 IF test evaluated as false.  Skip to ELSE or ENDIF
  
 CHARMM>    if npnpi14top .gt. 0 then
 Comparing "0" and "0".
 IF test evaluated as false.  Skip to ELSE or ENDIF
  
 CHARMM>    if npnpi15top .gt. 0 then
 Comparing "0" and "0".
 IF test evaluated as false.  Skip to ELSE or ENDIF
  
 CHARMM>    if npnpi24top .gt. 0 then
 Comparing "0" and "0".
 IF test evaluated as false.  Skip to ELSE or ENDIF
  
 CHARMM>    if npnpi25top .gt. 0 then
 Comparing "0" and "0".
 IF test evaluated as false.  Skip to ELSE or ENDIF
  
 CHARMM>    if npnpi2atop .gt. 0 then
 Comparing "0" and "0".
 IF test evaluated as false.  Skip to ELSE or ENDIF
  
 CHARMM>    if npnpi2btop .gt. 0 then
 Comparing "0" and "0".
 IF test evaluated as false.  Skip to ELSE or ENDIF
  
 CHARMM>    if npnpi2ctop .gt. 0 then
 Comparing "0" and "0".
 IF test evaluated as false.  Skip to ELSE or ENDIF
  
 CHARMM>    if npnpi2dtop .gt. 0 then
 Comparing "0" and "0".
 IF test evaluated as false.  Skip to ELSE or ENDIF
  
 CHARMM>    if npnpi33top .gt. 0 then
 Comparing "0" and "0".
 IF test evaluated as false.  Skip to ELSE or ENDIF
  
 CHARMM>    if npnpi34top .gt. 0 then
 Comparing "0" and "0".
 IF test evaluated as false.  Skip to ELSE or ENDIF
  
 CHARMM>    if npnpi35top .gt. 0 then
 Comparing "0" and "0".
 IF test evaluated as false.  Skip to ELSE or ENDIF
  
 CHARMM>    if nslpitop .gt. 0 then
 Comparing "0" and "0".
 IF test evaluated as false.  Skip to ELSE or ENDIF
  
 CHARMM>    if nsapitop .gt. 0 then
 Comparing "0" and "0".
 IF test evaluated as false.  Skip to ELSE or ENDIF
  
 CHARMM>    if nsapi13top .gt. 0 then
 Comparing "0" and "0".
 IF test evaluated as false.  Skip to ELSE or ENDIF
  
 CHARMM>    if nsapi14top .gt. 0 then
 Comparing "0" and "0".
 IF test evaluated as false.  Skip to ELSE or ENDIF
  
 CHARMM>    if nsapi15top .gt. 0 then
 Comparing "0" and "0".
 IF test evaluated as false.  Skip to ELSE or ENDIF
  
 CHARMM>    if nsapi24top .gt. 0 then
 Comparing "0" and "0".
 IF test evaluated as false.  Skip to ELSE or ENDIF
  
 CHARMM>    if nsapi25top .gt. 0 then
 Comparing "0" and "0".
 IF test evaluated as false.  Skip to ELSE or ENDIF
  
 CHARMM>    if nsapi2atop .gt. 0 then
 Comparing "0" and "0".
 IF test evaluated as false.  Skip to ELSE or ENDIF
  
 CHARMM>    if nsapi2btop .gt. 0 then
 Comparing "0" and "0".
 IF test evaluated as false.  Skip to ELSE or ENDIF
  
 CHARMM>    if nsapi2ctop .gt. 0 then
 Comparing "0" and "0".
 IF test evaluated as false.  Skip to ELSE or ENDIF
  
 CHARMM>    if nsapi2dtop .gt. 0 then
 Comparing "0" and "0".
 IF test evaluated as false.  Skip to ELSE or ENDIF
  
 CHARMM>    if nsapi33top .gt. 0 then
 Comparing "0" and "0".
 IF test evaluated as false.  Skip to ELSE or ENDIF
  
 CHARMM>    if nsapi34top .gt. 0 then
 Comparing "0" and "0".
 IF test evaluated as false.  Skip to ELSE or ENDIF
  
 CHARMM>    if nsapi35top .gt. 0 then
 Comparing "0" and "0".
 IF test evaluated as false.  Skip to ELSE or ENDIF
  
 CHARMM>    if nsdpitop .gt. 0 then
 Comparing "0" and "0".
 IF test evaluated as false.  Skip to ELSE or ENDIF
  
 CHARMM>    if ndlipitop .gt. 0 then
 Comparing "0" and "0".
 IF test evaluated as false.  Skip to ELSE or ENDIF
  
 CHARMM>    if nlinpitop .gt. 0 then
 Comparing "0" and "0".
 IF test evaluated as false.  Skip to ELSE or ENDIF
  
 CHARMM>    if ntmcl1top .gt. 0 then
 Comparing "0" and "0".
 IF test evaluated as false.  Skip to ELSE or ENDIF
  
 CHARMM>    if ntmcl2top .gt. 0 then
 Comparing "0" and "0".
 IF test evaluated as false.  Skip to ELSE or ENDIF
  
 CHARMM>    if npmcl1top .gt. 0 then
 Comparing "0" and "0".
 IF test evaluated as false.  Skip to ELSE or ENDIF
  
 CHARMM>    if npmcl2top .gt. 0 then
 Comparing "0" and "0".
 IF test evaluated as false.  Skip to ELSE or ENDIF
  
 CHARMM>    if npaicl2top .gt. 0 then
 Comparing "0" and "0".
 IF test evaluated as false.  Skip to ELSE or ENDIF
  
 CHARMM>    if npvcl2top .gt. 0 then
 Comparing "0" and "0".
 IF test evaluated as false.  Skip to ELSE or ENDIF
  
 CHARMM>    if npocl1top .gt. 0 then
 Comparing "0" and "0".
 IF test evaluated as false.  Skip to ELSE or ENDIF
  
 CHARMM>    if npocl2top .gt. 0 then
 Comparing "0" and "0".
 IF test evaluated as false.  Skip to ELSE or ENDIF
  
 CHARMM>    if ntycl1top .gt. 0 then
 Comparing "0" and "0".
 IF test evaluated as false.  Skip to ELSE or ENDIF
  
 CHARMM>    if ntycl2top .gt. 0 then
 Comparing "0" and "0".
 IF test evaluated as false.  Skip to ELSE or ENDIF
  
 CHARMM>    if ntocl1top .gt. 0 then
 Comparing "0" and "0".
 IF test evaluated as false.  Skip to ELSE or ENDIF
  
 CHARMM>    if ntocl2top .gt. 0 then
 Comparing "0" and "0".
 IF test evaluated as false.  Skip to ELSE or ENDIF
  
 CHARMM>    if nloacl1top .gt. 0 then
 Comparing "0" and "0".
 IF test evaluated as false.  Skip to ELSE or ENDIF
  
 CHARMM>    if nloacl2top .gt. 0 then
 Comparing "0" and "0".
 IF test evaluated as false.  Skip to ELSE or ENDIF
  
 CHARMM>    if nloccl1top .gt. 0 then
 Comparing "0" and "0".
 IF test evaluated as false.  Skip to ELSE or ENDIF
  
 CHARMM>    if nloccl2top .gt. 0 then
 Comparing "0" and "0".
 IF test evaluated as false.  Skip to ELSE or ENDIF
  
 CHARMM>    if ntlcl1top .gt. 0 then
 Comparing "0" and "0".
 IF test evaluated as false.  Skip to ELSE or ENDIF
  
 CHARMM>    if ntlcl2top .gt. 0 then
 Comparing "0" and "0".
 IF test evaluated as false.  Skip to ELSE or ENDIF
  
 CHARMM>    if nlnccl1top .gt. 0 then
 Comparing "0" and "0".
 IF test evaluated as false.  Skip to ELSE or ENDIF
  
 CHARMM>    if nlnccl2top .gt. 0 then
 Comparing "0" and "0".
 IF test evaluated as false.  Skip to ELSE or ENDIF
  
 CHARMM>    if nlnacl1top .gt. 0 then
 Comparing "0" and "0".
 IF test evaluated as false.  Skip to ELSE or ENDIF
  
 CHARMM>    if nlnacl2top .gt. 0 then
 Comparing "0" and "0".
 IF test evaluated as false.  Skip to ELSE or ENDIF
  
 CHARMM>    if nlndcl1top .gt. 0 then
 Comparing "0" and "0".
 IF test evaluated as false.  Skip to ELSE or ENDIF
  
 CHARMM>    if nlndcl2top .gt. 0 then
 Comparing "0" and "0".
 IF test evaluated as false.  Skip to ELSE or ENDIF
  
 CHARMM>    if nlnbcl1top .gt. 0 then
 Comparing "0" and "0".
 IF test evaluated as false.  Skip to ELSE or ENDIF
  
 CHARMM>    if nlnbcl2top .gt. 0 then
 Comparing "0" and "0".
 IF test evaluated as false.  Skip to ELSE or ENDIF
  
 CHARMM>    if ndlgltop .gt. 0 then
 Comparing "0" and "0".
 IF test evaluated as false.  Skip to ELSE or ENDIF
  
 CHARMM>    if ndmgltop .gt. 0 then
 Comparing "0" and "0".
 IF test evaluated as false.  Skip to ELSE or ENDIF
  
 CHARMM>    if ndpgltop .gt. 0 then
 Comparing "0" and "0".
 IF test evaluated as false.  Skip to ELSE or ENDIF
  
 CHARMM>    if ndsgltop .gt. 0 then
 Comparing "0" and "0".
 IF test evaluated as false.  Skip to ELSE or ENDIF
  
 CHARMM>    if npogltop .gt. 0 then
 Comparing "0" and "0".
 IF test evaluated as false.  Skip to ELSE or ENDIF
  
 CHARMM>    if nplgltop .gt. 0 then
 Comparing "0" and "0".
 IF test evaluated as false.  Skip to ELSE or ENDIF
  
 CHARMM>    if nsogltop .gt. 0 then
 Comparing "0" and "0".
 IF test evaluated as false.  Skip to ELSE or ENDIF
  
 CHARMM>    if nslgltop .gt. 0 then
 Comparing "0" and "0".
 IF test evaluated as false.  Skip to ELSE or ENDIF
  
 CHARMM>    if nsagltop .gt. 0 then
 Comparing "0" and "0".
 IF test evaluated as false.  Skip to ELSE or ENDIF
  
 CHARMM>    if nsdgltop .gt. 0 then
 Comparing "0" and "0".
 IF test evaluated as false.  Skip to ELSE or ENDIF
  
 CHARMM>    if ndygltop .gt. 0 then
 Comparing "0" and "0".
 IF test evaluated as false.  Skip to ELSE or ENDIF
  
 CHARMM>    if ndogltop .gt. 0 then
 Comparing "0" and "0".
 IF test evaluated as false.  Skip to ELSE or ENDIF
  
 CHARMM>    if ndggltop .gt. 0 then
 Comparing "0" and "0".
 IF test evaluated as false.  Skip to ELSE or ENDIF
  
 CHARMM>    if ndegltop .gt. 0 then
 Comparing "0" and "0".
 IF test evaluated as false.  Skip to ELSE or ENDIF
  
 CHARMM>    if ndngltop .gt. 0 then
 Comparing "0" and "0".
 IF test evaluated as false.  Skip to ELSE or ENDIF
  
 CHARMM>    if ndtgltop .gt. 0 then
 Comparing "0" and "0".
 IF test evaluated as false.  Skip to ELSE or ENDIF
  
 CHARMM>    if ntigltop .gt. 0 then
 Comparing "0" and "0".
 IF test evaluated as false.  Skip to ELSE or ENDIF
  
 CHARMM>    if ndigltop .gt. 0 then
 Comparing "0" and "0".
 IF test evaluated as false.  Skip to ELSE or ENDIF
  
 CHARMM>    if nllgltop .gt. 0 then
 Comparing "0" and "0".
 IF test evaluated as false.  Skip to ELSE or ENDIF
  
 CHARMM>    if ndagltop .gt. 0 then
 Comparing "0" and "0".
 IF test evaluated as false.  Skip to ELSE or ENDIF
  
 CHARMM>    if nlostgtop .gt. 0 then
 Comparing "0" and "0".
 IF test evaluated as false.  Skip to ELSE or ENDIF
  
 CHARMM>    if noootgtop .gt. 0 then
 Comparing "0" and "0".
 IF test evaluated as false.  Skip to ELSE or ENDIF
  
 CHARMM>    if nopotgtop .gt. 0 then
 Comparing "0" and "0".
 IF test evaluated as false.  Skip to ELSE or ENDIF
  
 CHARMM>    if npootgtop .gt. 0 then
 Comparing "0" and "0".
 IF test evaluated as false.  Skip to ELSE or ENDIF
  
 CHARMM>    if npostgtop .gt. 0 then
 Comparing "0" and "0".
 IF test evaluated as false.  Skip to ELSE or ENDIF
  
 CHARMM>    if nsootgtop .gt. 0 then
 Comparing "0" and "0".
 IF test evaluated as false.  Skip to ELSE or ENDIF
  
 CHARMM>    if nspotgtop .gt. 0 then
 Comparing "0" and "0".
 IF test evaluated as false.  Skip to ELSE or ENDIF
  
 CHARMM>    if nppptgtop .gt. 0 then
 Comparing "0" and "0".
 IF test evaluated as false.  Skip to ELSE or ENDIF
  
 CHARMM>    if nooltgtop .gt. 0 then
 Comparing "0" and "0".
 IF test evaluated as false.  Skip to ELSE or ENDIF
  
 CHARMM>    if npoltgtop .gt. 0 then
 Comparing "0" and "0".
 IF test evaluated as false.  Skip to ELSE or ENDIF
  
 CHARMM>    if nppltgtop .gt. 0 then
 Comparing "0" and "0".
 IF test evaluated as false.  Skip to ELSE or ENDIF
  
 CHARMM>    if nplltgtop .gt. 0 then
 Comparing "0" and "0".
 IF test evaluated as false.  Skip to ELSE or ENDIF
  
 CHARMM>    if nolltgtop .gt. 0 then
 Comparing "0" and "0".
 IF test evaluated as false.  Skip to ELSE or ENDIF
  
 CHARMM>    if nllltgtop .gt. 0 then
 Comparing "0" and "0".
 IF test evaluated as false.  Skip to ELSE or ENDIF
  
 CHARMM>    if nsoltgtop .gt. 0 then
 Comparing "0" and "0".
 IF test evaluated as false.  Skip to ELSE or ENDIF
  
 CHARMM>    if nslltgtop .gt. 0 then
 Comparing "0" and "0".
 IF test evaluated as false.  Skip to ELSE or ENDIF
  
 CHARMM>    if npsltgtop .gt. 0 then
 Comparing "0" and "0".
 IF test evaluated as false.  Skip to ELSE or ENDIF
  
 CHARMM>    if nllntgtop .gt. 0 then
 Comparing "0" and "0".
 IF test evaluated as false.  Skip to ELSE or ENDIF
  
 CHARMM>    if nplntgtop .gt. 0 then
 Comparing "0" and "0".
 IF test evaluated as false.  Skip to ELSE or ENDIF
  
 CHARMM>    if nolntgtop .gt. 0 then
 Comparing "0" and "0".
 IF test evaluated as false.  Skip to ELSE or ENDIF
  
 CHARMM>    if npontgtop .gt. 0 then
 Comparing "0" and "0".
 IF test evaluated as false.  Skip to ELSE or ENDIF
  
 CHARMM>    if noontgtop .gt. 0 then
 Comparing "0" and "0".
 IF test evaluated as false.  Skip to ELSE or ENDIF
  
 CHARMM>    if nsnltgtop .gt. 0 then
 Comparing "0" and "0".
 IF test evaluated as false.  Skip to ELSE or ENDIF
  
 CHARMM>    if nslntgtop .gt. 0 then
 Comparing "0" and "0".
 IF test evaluated as false.  Skip to ELSE or ENDIF
  
 CHARMM>    if nonntgtop .gt. 0 then
 Comparing "0" and "0".
 IF test evaluated as false.  Skip to ELSE or ENDIF
  
 CHARMM>    if nlnntgtop .gt. 0 then
 Comparing "0" and "0".
 IF test evaluated as false.  Skip to ELSE or ENDIF
  
 CHARMM>    if nppntgtop .gt. 0 then
 Comparing "0" and "0".
 IF test evaluated as false.  Skip to ELSE or ENDIF
  
 CHARMM>    if nppotgtop .gt. 0 then
 Comparing "0" and "0".
 IF test evaluated as false.  Skip to ELSE or ENDIF
  
 CHARMM>    if npnntgtop .gt. 0 then
 Comparing "0" and "0".
 IF test evaluated as false.  Skip to ELSE or ENDIF
  
 CHARMM>    if npsotgtop .gt. 0 then
 Comparing "0" and "0".
 IF test evaluated as false.  Skip to ELSE or ENDIF
  
 CHARMM>    if nnnntgtop .gt. 0 then
 Comparing "0" and "0".
 IF test evaluated as false.  Skip to ELSE or ENDIF
  
 CHARMM>    if nsontgtop .gt. 0 then
 Comparing "0" and "0".
 IF test evaluated as false.  Skip to ELSE or ENDIF
  
 CHARMM>    if nplatgtop .gt. 0 then
 Comparing "0" and "0".
 IF test evaluated as false.  Skip to ELSE or ENDIF
  
 CHARMM>    if nslatgtop .gt. 0 then
 Comparing "0" and "0".
 IF test evaluated as false.  Skip to ELSE or ENDIF
  
 CHARMM>    if nolatgtop .gt. 0 then
 Comparing "0" and "0".
 IF test evaluated as false.  Skip to ELSE or ENDIF
  
 CHARMM>    if nonatgtop .gt. 0 then
 Comparing "0" and "0".
 IF test evaluated as false.  Skip to ELSE or ENDIF
  
 CHARMM>    if nllatgtop .gt. 0 then
 Comparing "0" and "0".
 IF test evaluated as false.  Skip to ELSE or ENDIF
  
 CHARMM>    if nllgtgtop .gt. 0 then
 Comparing "0" and "0".
 IF test evaluated as false.  Skip to ELSE or ENDIF
  
 CHARMM>    if nslgtgtop .gt. 0 then
 Comparing "0" and "0".
 IF test evaluated as false.  Skip to ELSE or ENDIF
  
 CHARMM>    if nsngtgtop .gt. 0 then
 Comparing "0" and "0".
 IF test evaluated as false.  Skip to ELSE or ENDIF
  
 CHARMM>    if nolgtgtop .gt. 0 then
 Comparing "0" and "0".
 IF test evaluated as false.  Skip to ELSE or ENDIF
  
 CHARMM>    if nsapatop .gt. 0 then
 Comparing "0" and "0".
 IF test evaluated as false.  Skip to ELSE or ENDIF
  
 CHARMM>    if nsapctop .gt. 0 then
 Comparing "0" and "0".
 IF test evaluated as false.  Skip to ELSE or ENDIF
  
 CHARMM>    if nsapetop .gt. 0 then
 Comparing "0" and "0".
 IF test evaluated as false.  Skip to ELSE or ENDIF
  
 CHARMM>    if nsapgtop .gt. 0 then
 Comparing "0" and "0".
 IF test evaluated as false.  Skip to ELSE or ENDIF
  
 CHARMM>    if nsapstop .gt. 0 then
 Comparing "0" and "0".
 IF test evaluated as false.  Skip to ELSE or ENDIF
  
 CHARMM>    if nsdpatop .gt. 0 then
 Comparing "0" and "0".
 IF test evaluated as false.  Skip to ELSE or ENDIF
  
 CHARMM>    if nsdpctop .gt. 0 then
 Comparing "0" and "0".
 IF test evaluated as false.  Skip to ELSE or ENDIF
  
 CHARMM>    if nsdpetop .gt. 0 then
 Comparing "0" and "0".
 IF test evaluated as false.  Skip to ELSE or ENDIF
  
 CHARMM>    if nsdpgtop .gt. 0 then
 Comparing "0" and "0".
 IF test evaluated as false.  Skip to ELSE or ENDIF
  
 CHARMM>    if nsdpstop .gt. 0 then
 Comparing "0" and "0".
 IF test evaluated as false.  Skip to ELSE or ENDIF
  
 CHARMM>    if ndapatop .gt. 0 then
 Comparing "0" and "0".
 IF test evaluated as false.  Skip to ELSE or ENDIF
  
 CHARMM>    if ndapctop .gt. 0 then
 Comparing "0" and "0".
 IF test evaluated as false.  Skip to ELSE or ENDIF
  
 CHARMM>    if ndapetop .gt. 0 then
 Comparing "0" and "0".
 IF test evaluated as false.  Skip to ELSE or ENDIF
  
 CHARMM>    if ndapgtop .gt. 0 then
 Comparing "0" and "0".
 IF test evaluated as false.  Skip to ELSE or ENDIF
  
 CHARMM>    if ndapstop .gt. 0 then
 Comparing "0" and "0".
 IF test evaluated as false.  Skip to ELSE or ENDIF
  
 CHARMM>    if npepstop .gt. 0 then
 Comparing "0" and "0".
 IF test evaluated as false.  Skip to ELSE or ENDIF
  
 CHARMM>    if noepstop .gt. 0 then
 Comparing "0" and "0".
 IF test evaluated as false.  Skip to ELSE or ENDIF
  
 CHARMM>    if ntspctop .gt. 0 then
 Comparing "0" and "0".
 IF test evaluated as false.  Skip to ELSE or ENDIF
  
 CHARMM>    if ndtpatop .gt. 0 then
 Comparing "0" and "0".
 IF test evaluated as false.  Skip to ELSE or ENDIF
  
 CHARMM>    if ntipatop .gt. 0 then
 Comparing "0" and "0".
 IF test evaluated as false.  Skip to ELSE or ENDIF
  
 CHARMM>    if ndipatop .gt. 0 then
 Comparing "0" and "0".
 IF test evaluated as false.  Skip to ELSE or ENDIF
  
 CHARMM>    if nllpatop .gt. 0 then
 Comparing "0" and "0".
 IF test evaluated as false.  Skip to ELSE or ENDIF
  
 CHARMM>    if nllpgtop .gt. 0 then
 Comparing "0" and "0".
 IF test evaluated as false.  Skip to ELSE or ENDIF
  
 CHARMM>    if nplepctop .gt. 0 then
 Comparing "0" and "0".
 IF test evaluated as false.  Skip to ELSE or ENDIF
  
 CHARMM>    if nplepetop .gt. 0 then
 Comparing "0" and "0".
 IF test evaluated as false.  Skip to ELSE or ENDIF
  
 CHARMM>    if nplepstop .gt. 0 then
 Comparing "0" and "0".
 IF test evaluated as false.  Skip to ELSE or ENDIF
  
 CHARMM>    if nplepatop .gt. 0 then
 Comparing "0" and "0".
 IF test evaluated as false.  Skip to ELSE or ENDIF
  
 CHARMM>    if nplepgtop .gt. 0 then
 Comparing "0" and "0".
 IF test evaluated as false.  Skip to ELSE or ENDIF
  
 CHARMM>    if npapetop .gt. 0 then
 Comparing "0" and "0".
 IF test evaluated as false.  Skip to ELSE or ENDIF
  
 CHARMM>    if npapstop .gt. 0 then
 Comparing "0" and "0".
 IF test evaluated as false.  Skip to ELSE or ENDIF
  
 CHARMM>    if npapgtop .gt. 0 then
 Comparing "0" and "0".
 IF test evaluated as false.  Skip to ELSE or ENDIF
  
 CHARMM>    if npapatop .gt. 0 then
 Comparing "0" and "0".
 IF test evaluated as false.  Skip to ELSE or ENDIF
  
 CHARMM>    if nlypgtop .gt. 0 then
 Comparing "0" and "0".
 IF test evaluated as false.  Skip to ELSE or ENDIF
  
 CHARMM>    if nylipgtop .gt. 0 then
 Comparing "0" and "0".
 IF test evaluated as false.  Skip to ELSE or ENDIF
  
 CHARMM>    if nslepctop .gt. 0 then
 Comparing "0" and "0".
 IF test evaluated as false.  Skip to ELSE or ENDIF
  
 CHARMM>    if nsodpctop .gt. 0 then
 Comparing "0" and "0".
 IF test evaluated as false.  Skip to ELSE or ENDIF
  
 CHARMM>    if nseppctop .gt. 0 then
 Comparing "0" and "0".
 IF test evaluated as false.  Skip to ELSE or ENDIF
  
 CHARMM>    if ntsmtop .gt. 0 then
 Comparing "0" and "0".
 IF test evaluated as false.  Skip to ELSE or ENDIF
  
 CHARMM>    if ndsmtop .gt. 0 then
 Comparing "0" and "0".
 IF test evaluated as false.  Skip to ELSE or ENDIF
  
 CHARMM>    if npsmtop .gt. 0 then
 Comparing "0" and "0".
 IF test evaluated as false.  Skip to ELSE or ENDIF
  
 CHARMM>    if nssmtop .gt. 0 then
 Comparing "0" and "0".
 IF test evaluated as false.  Skip to ELSE or ENDIF
  
 CHARMM>    if nasmtop .gt. 0 then
 Comparing "0" and "0".
 IF test evaluated as false.  Skip to ELSE or ENDIF
  
 CHARMM>    if nbsmtop .gt. 0 then
 Comparing "0" and "0".
 IF test evaluated as false.  Skip to ELSE or ENDIF
  
 CHARMM>    if n23smtop .gt. 0 then
 Comparing "0" and "0".
 IF test evaluated as false.  Skip to ELSE or ENDIF
  
 CHARMM>    if nlsmtop .gt. 0 then
 Comparing "0" and "0".
 IF test evaluated as false.  Skip to ELSE or ENDIF
  
 CHARMM>    if nosmtop .gt. 0 then
 Comparing "0" and "0".
 IF test evaluated as false.  Skip to ELSE or ENDIF
  
 CHARMM>    if nnsmtop .gt. 0 then
 Comparing "0" and "0".
 IF test evaluated as false.  Skip to ELSE or ENDIF
  
 CHARMM>    if ncer160top .gt. 0 then
 Comparing "0" and "0".
 IF test evaluated as false.  Skip to ELSE or ENDIF
  
 CHARMM>    if ncer180top .gt. 0 then
 Comparing "0" and "0".
 IF test evaluated as false.  Skip to ELSE or ENDIF
  
 CHARMM>    if ncer181top .gt. 0 then
 Comparing "0" and "0".
 IF test evaluated as false.  Skip to ELSE or ENDIF
  
 CHARMM>    if ncer200top .gt. 0 then
 Comparing "0" and "0".
 IF test evaluated as false.  Skip to ELSE or ENDIF
  
 CHARMM>    if ncer220top .gt. 0 then
 Comparing "0" and "0".
 IF test evaluated as false.  Skip to ELSE or ENDIF
  
 CHARMM>    if ncer240top .gt. 0 then
 Comparing "0" and "0".
 IF test evaluated as false.  Skip to ELSE or ENDIF
  
 CHARMM>    if ncer241top .gt. 0 then
 Comparing "0" and "0".
 IF test evaluated as false.  Skip to ELSE or ENDIF
  
 CHARMM>    if ncer3etop .gt. 0 then
 Comparing "0" and "0".
 IF test evaluated as false.  Skip to ELSE or ENDIF
  
 CHARMM>    if ncer6top .gt. 0 then
 Comparing "0" and "0".
 IF test evaluated as false.  Skip to ELSE or ENDIF
  
 CHARMM>    if ncer3top .gt. 0 then
 Comparing "0" and "0".
 IF test evaluated as false.  Skip to ELSE or ENDIF
  
 CHARMM>    if ncer1top .gt. 0 then
 Comparing "0" and "0".
 IF test evaluated as false.  Skip to ELSE or ENDIF
  
 CHARMM>    if nmaipctop .gt. 0 then
 Comparing "0" and "0".
 IF test evaluated as false.  Skip to ELSE or ENDIF
  
 CHARMM>    if nmaipgtop .gt. 0 then
 Comparing "0" and "0".
 IF test evaluated as false.  Skip to ELSE or ENDIF
  
 CHARMM>    if nmaipetop .gt. 0 then
 Comparing "0" and "0".
 IF test evaluated as false.  Skip to ELSE or ENDIF
  
 CHARMM>    if naipctop .gt. 0 then
 Comparing "0" and "0".
 IF test evaluated as false.  Skip to ELSE or ENDIF
  
 CHARMM>    if naipgtop .gt. 0 then
 Comparing "0" and "0".
 IF test evaluated as false.  Skip to ELSE or ENDIF
  
 CHARMM>    if naipetop .gt. 0 then
 Comparing "0" and "0".
 IF test evaluated as false.  Skip to ELSE or ENDIF
  
 CHARMM>    if nqmpetop .gt. 0 then
 Comparing "0" and "0".
 IF test evaluated as false.  Skip to ELSE or ENDIF
  
 CHARMM>    if npaipctop .gt. 0 then
 Comparing "0" and "0".
 IF test evaluated as false.  Skip to ELSE or ENDIF
  
 CHARMM>    if npaipgtop .gt. 0 then
 Comparing "0" and "0".
 IF test evaluated as false.  Skip to ELSE or ENDIF
  
 CHARMM>    if npaipetop .gt. 0 then
 Comparing "0" and "0".
 IF test evaluated as false.  Skip to ELSE or ENDIF
  
 CHARMM>    if nappctop .gt. 0 then
 Comparing "0" and "0".
 IF test evaluated as false.  Skip to ELSE or ENDIF
  
 CHARMM>    if nippctop .gt. 0 then
 Comparing "0" and "0".
 IF test evaluated as false.  Skip to ELSE or ENDIF
  
 CHARMM>    if npmpetop .gt. 0 then
 Comparing "0" and "0".
 IF test evaluated as false.  Skip to ELSE or ENDIF
  
 CHARMM>    if npmpgtop .gt. 0 then
 Comparing "0" and "0".
 IF test evaluated as false.  Skip to ELSE or ENDIF
  
 CHARMM>    if nphpctop .gt. 0 then
 Comparing "0" and "0".
 IF test evaluated as false.  Skip to ELSE or ENDIF
  
 CHARMM>    if npppetop .gt. 0 then
 Comparing "0" and "0".
 IF test evaluated as false.  Skip to ELSE or ENDIF
  
 CHARMM>    if npvpetop .gt. 0 then
 Comparing "0" and "0".
 IF test evaluated as false.  Skip to ELSE or ENDIF
  
 CHARMM>    if npvpgtop .gt. 0 then
 Comparing "0" and "0".
 IF test evaluated as false.  Skip to ELSE or ENDIF
  
 CHARMM>    if npepctop .gt. 0 then
 Comparing "0" and "0".
 IF test evaluated as false.  Skip to ELSE or ENDIF
  
 CHARMM>    if npepetop .gt. 0 then
 Comparing "0" and "0".
 IF test evaluated as false.  Skip to ELSE or ENDIF
  
 CHARMM>    if noepetop .gt. 0 then
 Comparing "0" and "0".
 IF test evaluated as false.  Skip to ELSE or ENDIF
  
 CHARMM>    if noepctop .gt. 0 then
 Comparing "0" and "0".
 IF test evaluated as false.  Skip to ELSE or ENDIF
  
 CHARMM>    if ndppgktop .gt. 0 then
 Comparing "0" and "0".
 IF test evaluated as false.  Skip to ELSE or ENDIF
  
 CHARMM>    if npgmartop .gt. 0 then
 Comparing "0" and "0".
 IF test evaluated as false.  Skip to ELSE or ENDIF
  
 CHARMM>    if naroltop .gt. 0 then
 Comparing "0" and "0".
 IF test evaluated as false.  Skip to ELSE or ENDIF
  
 CHARMM>    if npgartop .gt. 0 then
 Comparing "0" and "0".
 IF test evaluated as false.  Skip to ELSE or ENDIF
  
 CHARMM>    if npeartop .gt. 0 then
 Comparing "0" and "0".
 IF test evaluated as false.  Skip to ELSE or ENDIF
  
 CHARMM>    if nmen7top .gt. 0 then
 Comparing "0" and "0".
 IF test evaluated as false.  Skip to ELSE or ENDIF
  
 CHARMM>    if nmen8top .gt. 0 then
 Comparing "0" and "0".
 IF test evaluated as false.  Skip to ELSE or ENDIF
  
 CHARMM>    if nmen9top .gt. 0 then
 Comparing "0" and "0".
 IF test evaluated as false.  Skip to ELSE or ENDIF
  
 CHARMM>    if nmkol8top .gt. 0 then
 Comparing "0" and "0".
 IF test evaluated as false.  Skip to ELSE or ENDIF
  
 CHARMM>    if narcl2top .gt. 0 then
 Comparing "0" and "0".
 IF test evaluated as false.  Skip to ELSE or ENDIF
  
 CHARMM>    if nuq1top .gt. 0 then
 Comparing "0" and "0".
 IF test evaluated as false.  Skip to ELSE or ENDIF
  
 CHARMM>    if nuq2top .gt. 0 then
 Comparing "0" and "0".
 IF test evaluated as false.  Skip to ELSE or ENDIF
  
 CHARMM>    if nuq3top .gt. 0 then
 Comparing "0" and "0".
 IF test evaluated as false.  Skip to ELSE or ENDIF
  
 CHARMM>    if nuq4top .gt. 0 then
 Comparing "0" and "0".
 IF test evaluated as false.  Skip to ELSE or ENDIF
  
 CHARMM>    if nuq5top .gt. 0 then
 Comparing "0" and "0".
 IF test evaluated as false.  Skip to ELSE or ENDIF
  
 CHARMM>    if nuq6top .gt. 0 then
 Comparing "0" and "0".
 IF test evaluated as false.  Skip to ELSE or ENDIF
  
 CHARMM>    if nuq7top .gt. 0 then
 Comparing "0" and "0".
 IF test evaluated as false.  Skip to ELSE or ENDIF
  
 CHARMM>    if nuq8top .gt. 0 then
 Comparing "0" and "0".
 IF test evaluated as false.  Skip to ELSE or ENDIF
  
 CHARMM>    if nuq9top .gt. 0 then
 Comparing "0" and "0".
 IF test evaluated as false.  Skip to ELSE or ENDIF
  
 CHARMM>    if nuq10top .gt. 0 then
 Comparing "0" and "0".
 IF test evaluated as false.  Skip to ELSE or ENDIF
  
 CHARMM>    if nuqol1top .gt. 0 then
 Comparing "0" and "0".
 IF test evaluated as false.  Skip to ELSE or ENDIF
  
 CHARMM>    if nuqol2top .gt. 0 then
 Comparing "0" and "0".
 IF test evaluated as false.  Skip to ELSE or ENDIF
  
 CHARMM>    if nuqol3top .gt. 0 then
 Comparing "0" and "0".
 IF test evaluated as false.  Skip to ELSE or ENDIF
  
 CHARMM>    if nuqol4top .gt. 0 then
 Comparing "0" and "0".
 IF test evaluated as false.  Skip to ELSE or ENDIF
  
 CHARMM>    if nuqol5top .gt. 0 then
 Comparing "0" and "0".
 IF test evaluated as false.  Skip to ELSE or ENDIF
  
 CHARMM>    if nuqol6top .gt. 0 then
 Comparing "0" and "0".
 IF test evaluated as false.  Skip to ELSE or ENDIF
  
 CHARMM>    if nuqol7top .gt. 0 then
 Comparing "0" and "0".
 IF test evaluated as false.  Skip to ELSE or ENDIF
  
 CHARMM>    if nuqol8top .gt. 0 then
 Comparing "0" and "0".
 IF test evaluated as false.  Skip to ELSE or ENDIF
  
 CHARMM>    if nuqol9top .gt. 0 then
 Comparing "0" and "0".
 IF test evaluated as false.  Skip to ELSE or ENDIF
  
 CHARMM>    if nuqol10top .gt. 0 then
 Comparing "0" and "0".
 IF test evaluated as false.  Skip to ELSE or ENDIF
  
 CHARMM>    if nlautop .gt. 0 then
 Comparing "0" and "0".
 IF test evaluated as false.  Skip to ELSE or ENDIF
  
 CHARMM>    if nmyrtop .gt. 0 then
 Comparing "0" and "0".
 IF test evaluated as false.  Skip to ELSE or ENDIF
  
 CHARMM>    if npaltop .gt. 0 then
 Comparing "0" and "0".
 IF test evaluated as false.  Skip to ELSE or ENDIF
  
 CHARMM>    if nstetop .gt. 0 then
 Comparing "0" and "0".
 IF test evaluated as false.  Skip to ELSE or ENDIF
  
 CHARMM>    if naratop .gt. 0 then
 Comparing "0" and "0".
 IF test evaluated as false.  Skip to ELSE or ENDIF
  
 CHARMM>    if nbehtop .gt. 0 then
 Comparing "0" and "0".
 IF test evaluated as false.  Skip to ELSE or ENDIF
  
 CHARMM>    if ntritop .gt. 0 then
 Comparing "0" and "0".
 IF test evaluated as false.  Skip to ELSE or ENDIF
  
 CHARMM>    if nligntop .gt. 0 then
 Comparing "0" and "0".
 IF test evaluated as false.  Skip to ELSE or ENDIF
  
 CHARMM>    if nmyrotop .gt. 0 then
 Comparing "0" and "0".
 IF test evaluated as false.  Skip to ELSE or ENDIF
  
 CHARMM>    if npalotop .gt. 0 then
 Comparing "0" and "0".
 IF test evaluated as false.  Skip to ELSE or ENDIF
  
 CHARMM>    if nhtatop .gt. 0 then
 Comparing "0" and "0".
 IF test evaluated as false.  Skip to ELSE or ENDIF
  
 CHARMM>    if noletop .gt. 0 then
 Comparing "0" and "0".
 IF test evaluated as false.  Skip to ELSE or ENDIF
  
 CHARMM>    if nlintop .gt. 0 then
 Comparing "0" and "0".
 IF test evaluated as false.  Skip to ELSE or ENDIF
  
 CHARMM>    if nalintop .gt. 0 then
 Comparing "0" and "0".
 IF test evaluated as false.  Skip to ELSE or ENDIF
  
 CHARMM>    if nsdatop .gt. 0 then
 Comparing "0" and "0".
 IF test evaluated as false.  Skip to ELSE or ENDIF
  
 CHARMM>    if nglatop .gt. 0 then
 Comparing "0" and "0".
 IF test evaluated as false.  Skip to ELSE or ENDIF
  
 CHARMM>    if neicotop .gt. 0 then
 Comparing "0" and "0".
 IF test evaluated as false.  Skip to ELSE or ENDIF
  
 CHARMM>    if nedatop .gt. 0 then
 Comparing "0" and "0".
 IF test evaluated as false.  Skip to ELSE or ENDIF
  
 CHARMM>    if nmeatop .gt. 0 then
 Comparing "0" and "0".
 IF test evaluated as false.  Skip to ELSE or ENDIF
  
 CHARMM>    if ndglatop .gt. 0 then
 Comparing "0" and "0".
 IF test evaluated as false.  Skip to ELSE or ENDIF
  
 CHARMM>    if netetop .gt. 0 then
 Comparing "0" and "0".
 IF test evaluated as false.  Skip to ELSE or ENDIF
  
 CHARMM>    if netatop .gt. 0 then
 Comparing "0" and "0".
 IF test evaluated as false.  Skip to ELSE or ENDIF
  
 CHARMM>    if nepatop .gt. 0 then
 Comparing "0" and "0".
 IF test evaluated as false.  Skip to ELSE or ENDIF
  
 CHARMM>    if narantop .gt. 0 then
 Comparing "0" and "0".
 IF test evaluated as false.  Skip to ELSE or ENDIF
  
 CHARMM>    if nhpatop .gt. 0 then
 Comparing "0" and "0".
 IF test evaluated as false.  Skip to ELSE or ENDIF
  
 CHARMM>    if nerutop .gt. 0 then
 Comparing "0" and "0".
 IF test evaluated as false.  Skip to ELSE or ENDIF
  
 CHARMM>    if nddatop .gt. 0 then
 Comparing "0" and "0".
 IF test evaluated as false.  Skip to ELSE or ENDIF
  
 CHARMM>    if nadrtop .gt. 0 then
 Comparing "0" and "0".
 IF test evaluated as false.  Skip to ELSE or ENDIF
  
 CHARMM>    if ndpttop .gt. 0 then
 Comparing "0" and "0".
 IF test evaluated as false.  Skip to ELSE or ENDIF
  
 CHARMM>    if ndpatop .gt. 0 then
 Comparing "0" and "0".
 IF test evaluated as false.  Skip to ELSE or ENDIF
  
 CHARMM>    if ndhatop .gt. 0 then
 Comparing "0" and "0".
 IF test evaluated as false.  Skip to ELSE or ENDIF
  
 CHARMM>    if nnertop .gt. 0 then
 Comparing "0" and "0".
 IF test evaluated as false.  Skip to ELSE or ENDIF
  
 CHARMM>    if nttatop .gt. 0 then
 Comparing "0" and "0".
 IF test evaluated as false.  Skip to ELSE or ENDIF
  
 CHARMM>    if ntpttop .gt. 0 then
 Comparing "0" and "0".
 IF test evaluated as false.  Skip to ELSE or ENDIF
  
 CHARMM>    if ntpatop .gt. 0 then
 Comparing "0" and "0".
 IF test evaluated as false.  Skip to ELSE or ENDIF
  
 CHARMM>    if nthatop .gt. 0 then
 Comparing "0" and "0".
 IF test evaluated as false.  Skip to ELSE or ENDIF
  
 CHARMM>    if nlauptop .gt. 0 then
 Comparing "0" and "0".
 IF test evaluated as false.  Skip to ELSE or ENDIF
  
 CHARMM>    if nmyrptop .gt. 0 then
 Comparing "0" and "0".
 IF test evaluated as false.  Skip to ELSE or ENDIF
  
 CHARMM>    if npalptop .gt. 0 then
 Comparing "0" and "0".
 IF test evaluated as false.  Skip to ELSE or ENDIF
  
 CHARMM>    if nsteptop .gt. 0 then
 Comparing "0" and "0".
 IF test evaluated as false.  Skip to ELSE or ENDIF
  
 CHARMM>    if naraptop .gt. 0 then
 Comparing "0" and "0".
 IF test evaluated as false.  Skip to ELSE or ENDIF
  
 CHARMM>    if nbehptop .gt. 0 then
 Comparing "0" and "0".
 IF test evaluated as false.  Skip to ELSE or ENDIF
  
 CHARMM>    if ntriptop .gt. 0 then
 Comparing "0" and "0".
 IF test evaluated as false.  Skip to ELSE or ENDIF
  
 CHARMM>    if nlignptop .gt. 0 then
 Comparing "0" and "0".
 IF test evaluated as false.  Skip to ELSE or ENDIF
  
 CHARMM>    if nmyroptop .gt. 0 then
 Comparing "0" and "0".
 IF test evaluated as false.  Skip to ELSE or ENDIF
  
 CHARMM>    if npaloptop .gt. 0 then
 Comparing "0" and "0".
 IF test evaluated as false.  Skip to ELSE or ENDIF
  
 CHARMM>    if nhtaptop .gt. 0 then
 Comparing "0" and "0".
 IF test evaluated as false.  Skip to ELSE or ENDIF
  
 CHARMM>    if noleptop .gt. 0 then
 Comparing "0" and "0".
 IF test evaluated as false.  Skip to ELSE or ENDIF
  
 CHARMM>    if nlinptop .gt. 0 then
 Comparing "0" and "0".
 IF test evaluated as false.  Skip to ELSE or ENDIF
  
 CHARMM>    if nalinptop .gt. 0 then
 Comparing "0" and "0".
 IF test evaluated as false.  Skip to ELSE or ENDIF
  
 CHARMM>    if nsdaptop .gt. 0 then
 Comparing "0" and "0".
 IF test evaluated as false.  Skip to ELSE or ENDIF
  
 CHARMM>    if nglaptop .gt. 0 then
 Comparing "0" and "0".
 IF test evaluated as false.  Skip to ELSE or ENDIF
  
 CHARMM>    if neicoptop .gt. 0 then
 Comparing "0" and "0".
 IF test evaluated as false.  Skip to ELSE or ENDIF
  
 CHARMM>    if nedaptop .gt. 0 then
 Comparing "0" and "0".
 IF test evaluated as false.  Skip to ELSE or ENDIF
  
 CHARMM>    if nmeaptop .gt. 0 then
 Comparing "0" and "0".
 IF test evaluated as false.  Skip to ELSE or ENDIF
  
 CHARMM>    if ndglaptop .gt. 0 then
 Comparing "0" and "0".
 IF test evaluated as false.  Skip to ELSE or ENDIF
  
 CHARMM>    if neteptop .gt. 0 then
 Comparing "0" and "0".
 IF test evaluated as false.  Skip to ELSE or ENDIF
  
 CHARMM>    if netaptop .gt. 0 then
 Comparing "0" and "0".
 IF test evaluated as false.  Skip to ELSE or ENDIF
  
 CHARMM>    if nepaptop .gt. 0 then
 Comparing "0" and "0".
 IF test evaluated as false.  Skip to ELSE or ENDIF
  
 CHARMM>    if naranptop .gt. 0 then
 Comparing "0" and "0".
 IF test evaluated as false.  Skip to ELSE or ENDIF
  
 CHARMM>    if nhpaptop .gt. 0 then
 Comparing "0" and "0".
 IF test evaluated as false.  Skip to ELSE or ENDIF
  
 CHARMM>    if neruptop .gt. 0 then
 Comparing "0" and "0".
 IF test evaluated as false.  Skip to ELSE or ENDIF
  
 CHARMM>    if nddaptop .gt. 0 then
 Comparing "0" and "0".
 IF test evaluated as false.  Skip to ELSE or ENDIF
  
 CHARMM>    if nadrptop .gt. 0 then
 Comparing "0" and "0".
 IF test evaluated as false.  Skip to ELSE or ENDIF
  
 CHARMM>    if ndptptop .gt. 0 then
 Comparing "0" and "0".
 IF test evaluated as false.  Skip to ELSE or ENDIF
  
 CHARMM>    if ndpaptop .gt. 0 then
 Comparing "0" and "0".
 IF test evaluated as false.  Skip to ELSE or ENDIF
  
 CHARMM>    if ndhaptop .gt. 0 then
 Comparing "0" and "0".
 IF test evaluated as false.  Skip to ELSE or ENDIF
  
 CHARMM>    if nnerptop .gt. 0 then
 Comparing "0" and "0".
 IF test evaluated as false.  Skip to ELSE or ENDIF
  
 CHARMM>    if nttaptop .gt. 0 then
 Comparing "0" and "0".
 IF test evaluated as false.  Skip to ELSE or ENDIF
  
 CHARMM>    if ntptptop .gt. 0 then
 Comparing "0" and "0".
 IF test evaluated as false.  Skip to ELSE or ENDIF
  
 CHARMM>    if ntpaptop .gt. 0 then
 Comparing "0" and "0".
 IF test evaluated as false.  Skip to ELSE or ENDIF
  
 CHARMM>    if nthaptop .gt. 0 then
 Comparing "0" and "0".
 IF test evaluated as false.  Skip to ELSE or ENDIF
  
 CHARMM>    if nsb3-10top .gt. 0 then
 Comparing "0" and "0".
 IF test evaluated as false.  Skip to ELSE or ENDIF
  
 CHARMM>    if nsb3-12top .gt. 0 then
 Comparing "0" and "0".
 IF test evaluated as false.  Skip to ELSE or ENDIF
  
 CHARMM>    if nsb3-14top .gt. 0 then
 Comparing "0" and "0".
 IF test evaluated as false.  Skip to ELSE or ENDIF
  
 CHARMM>    if nchapstop .gt. 0 then
 Comparing "0" and "0".
 IF test evaluated as false.  Skip to ELSE or ENDIF
  
 CHARMM>    if nchapsotop .gt. 0 then
 Comparing "0" and "0".
 IF test evaluated as false.  Skip to ELSE or ENDIF
  
 CHARMM>    if nddmgtop .gt. 0 then
 Comparing "0" and "0".
 IF test evaluated as false.  Skip to ELSE or ENDIF
  
 CHARMM>    if ndomgtop .gt. 0 then
 Comparing "0" and "0".
 IF test evaluated as false.  Skip to ELSE or ENDIF
  
 CHARMM>    if nddaotop .gt. 0 then
 Comparing "0" and "0".
 IF test evaluated as false.  Skip to ELSE or ENDIF
  
 CHARMM>    if nudaotop .gt. 0 then
 Comparing "0" and "0".
 IF test evaluated as false.  Skip to ELSE or ENDIF
  
 CHARMM>    if nldaotop .gt. 0 then
 Comparing "0" and "0".
 IF test evaluated as false.  Skip to ELSE or ENDIF
  
 CHARMM>    if nlapaotop .gt. 0 then
 Comparing "0" and "0".
 IF test evaluated as false.  Skip to ELSE or ENDIF
  
 CHARMM>    if ntripaotop .gt. 0 then
 Comparing "0" and "0".
 IF test evaluated as false.  Skip to ELSE or ENDIF
  
 CHARMM>    if nfos10top .gt. 0 then
 Comparing "0" and "0".
 IF test evaluated as false.  Skip to ELSE or ENDIF
  
 CHARMM>    if nfos12top .gt. 0 then
 Comparing "0" and "0".
 IF test evaluated as false.  Skip to ELSE or ENDIF
  
 CHARMM>    if nfos13top .gt. 0 then
 Comparing "0" and "0".
 IF test evaluated as false.  Skip to ELSE or ENDIF
  
 CHARMM>    if nfos14top .gt. 0 then
 Comparing "0" and "0".
 IF test evaluated as false.  Skip to ELSE or ENDIF
  
 CHARMM>    if nfos15top .gt. 0 then
 Comparing "0" and "0".
 IF test evaluated as false.  Skip to ELSE or ENDIF
  
 CHARMM>    if nfos16top .gt. 0 then
 Comparing "0" and "0".
 IF test evaluated as false.  Skip to ELSE or ENDIF
  
 CHARMM>    if nufos10top .gt. 0 then
 Comparing "0" and "0".
 IF test evaluated as false.  Skip to ELSE or ENDIF
  
 CHARMM>    if nlpc12top .gt. 0 then
 Comparing "0" and "0".
 IF test evaluated as false.  Skip to ELSE or ENDIF
  
 CHARMM>    if nlpc14top .gt. 0 then
 Comparing "0" and "0".
 IF test evaluated as false.  Skip to ELSE or ENDIF
  
 CHARMM>    if nlpc16top .gt. 0 then
 Comparing "0" and "0".
 IF test evaluated as false.  Skip to ELSE or ENDIF
  
 CHARMM>    if nfois9top .gt. 0 then
 Comparing "0" and "0".
 IF test evaluated as false.  Skip to ELSE or ENDIF
  
 CHARMM>    if nfois11top .gt. 0 then
 Comparing "0" and "0".
 IF test evaluated as false.  Skip to ELSE or ENDIF
  
 CHARMM>    if nc6dhpctop .gt. 0 then
 Comparing "0" and "0".
 IF test evaluated as false.  Skip to ELSE or ENDIF
  
 CHARMM>    if nc7dhpctop .gt. 0 then
 Comparing "0" and "0".
 IF test evaluated as false.  Skip to ELSE or ENDIF
  
 CHARMM>    if ncyfos3top .gt. 0 then
 Comparing "0" and "0".
 IF test evaluated as false.  Skip to ELSE or ENDIF
  
 CHARMM>    if ncyfos4top .gt. 0 then
 Comparing "0" and "0".
 IF test evaluated as false.  Skip to ELSE or ENDIF
  
 CHARMM>    if ncyfos5top .gt. 0 then
 Comparing "0" and "0".
 IF test evaluated as false.  Skip to ELSE or ENDIF
  
 CHARMM>    if ncyfos6top .gt. 0 then
 Comparing "0" and "0".
 IF test evaluated as false.  Skip to ELSE or ENDIF
  
 CHARMM>    if ncyfos7top .gt. 0 then
 Comparing "0" and "0".
 IF test evaluated as false.  Skip to ELSE or ENDIF
  
 CHARMM>    if nsdstop .gt. 0 then
 Comparing "0" and "0".
 IF test evaluated as false.  Skip to ELSE or ENDIF
  
 CHARMM>    if nlmpgtop .gt. 0 then
 Comparing "0" and "0".
 IF test evaluated as false.  Skip to ELSE or ENDIF
  
 CHARMM>    if nlppgtop .gt. 0 then
 Comparing "0" and "0".
 IF test evaluated as false.  Skip to ELSE or ENDIF
  
 CHARMM>    if nddaoptop .gt. 0 then
 Comparing "0" and "0".
 IF test evaluated as false.  Skip to ELSE or ENDIF
  
 CHARMM>    if nudaoptop .gt. 0 then
 Comparing "0" and "0".
 IF test evaluated as false.  Skip to ELSE or ENDIF
  
 CHARMM>    if nldaoptop .gt. 0 then
 Comparing "0" and "0".
 IF test evaluated as false.  Skip to ELSE or ENDIF
  
 CHARMM>    if nlapaoptop .gt. 0 then
 Comparing "0" and "0".
 IF test evaluated as false.  Skip to ELSE or ENDIF
  
 CHARMM>    if ntrpaoptop .gt. 0 then
 Comparing "0" and "0".
 IF test evaluated as false.  Skip to ELSE or ENDIF
  
 CHARMM>    if nc6eg3top .gt. 0 then
 Comparing "0" and "0".
 IF test evaluated as false.  Skip to ELSE or ENDIF
  
 CHARMM>    if nc6eg4top .gt. 0 then
 Comparing "0" and "0".
 IF test evaluated as false.  Skip to ELSE or ENDIF
  
 CHARMM>    if nc6eg5top .gt. 0 then
 Comparing "0" and "0".
 IF test evaluated as false.  Skip to ELSE or ENDIF
  
 CHARMM>    if nc7eg4top .gt. 0 then
 Comparing "0" and "0".
 IF test evaluated as false.  Skip to ELSE or ENDIF
  
 CHARMM>    if nc7eg5top .gt. 0 then
 Comparing "0" and "0".
 IF test evaluated as false.  Skip to ELSE or ENDIF
  
 CHARMM>    if nc8eg4top .gt. 0 then
 Comparing "0" and "0".
 IF test evaluated as false.  Skip to ELSE or ENDIF
  
 CHARMM>    if nc8eg5top .gt. 0 then
 Comparing "0" and "0".
 IF test evaluated as false.  Skip to ELSE or ENDIF
  
 CHARMM>    if nc8eg6top .gt. 0 then
 Comparing "0" and "0".
 IF test evaluated as false.  Skip to ELSE or ENDIF
  
 CHARMM>    if nc10eg5top .gt. 0 then
 Comparing "0" and "0".
 IF test evaluated as false.  Skip to ELSE or ENDIF
  
 CHARMM>    if nc10eg6top .gt. 0 then
 Comparing "0" and "0".
 IF test evaluated as false.  Skip to ELSE or ENDIF
  
 CHARMM>    if nc10eg9top .gt. 0 then
 Comparing "0" and "0".
 IF test evaluated as false.  Skip to ELSE or ENDIF
  
 CHARMM>    if nc12eg7top .gt. 0 then
 Comparing "0" and "0".
 IF test evaluated as false.  Skip to ELSE or ENDIF
  
 CHARMM>    if nc12eg8top .gt. 0 then
 Comparing "0" and "0".
 IF test evaluated as false.  Skip to ELSE or ENDIF
  
 CHARMM>    if nc12eg9top .gt. 0 then
 Comparing "0" and "0".
 IF test evaluated as false.  Skip to ELSE or ENDIF
  
 CHARMM>    if nc12degtop .gt. 0 then
 Comparing "0" and "0".
 IF test evaluated as false.  Skip to ELSE or ENDIF
  
 CHARMM>    if nc13eg8top .gt. 0 then
 Comparing "0" and "0".
 IF test evaluated as false.  Skip to ELSE or ENDIF
  
 CHARMM>    if nnidp40top .gt. 0 then
 Comparing "0" and "0".
 IF test evaluated as false.  Skip to ELSE or ENDIF
  
 CHARMM>    if ntx100top .gt. 0 then
 Comparing "0" and "0".
 IF test evaluated as false.  Skip to ELSE or ENDIF
  
 CHARMM>    if ntx114top .gt. 0 then
 Comparing "0" and "0".
 IF test evaluated as false.  Skip to ELSE or ENDIF
  
 CHARMM>    if naogtop .gt. 0 then
 Comparing "0" and "0".
 IF test evaluated as false.  Skip to ELSE or ENDIF
  
 CHARMM>    if nbogtop .gt. 0 then
 Comparing "0" and "0".
 IF test evaluated as false.  Skip to ELSE or ENDIF
  
 CHARMM>    if nangtop .gt. 0 then
 Comparing "0" and "0".
 IF test evaluated as false.  Skip to ELSE or ENDIF
  
 CHARMM>    if nbngtop .gt. 0 then
 Comparing "0" and "0".
 IF test evaluated as false.  Skip to ELSE or ENDIF
  
 CHARMM>    if nadgtop .gt. 0 then
 Comparing "0" and "0".
 IF test evaluated as false.  Skip to ELSE or ENDIF
  
 CHARMM>    if nbdgtop .gt. 0 then
 Comparing "0" and "0".
 IF test evaluated as false.  Skip to ELSE or ENDIF
  
 CHARMM>    if naddgtop .gt. 0 then
 Comparing "0" and "0".
 IF test evaluated as false.  Skip to ELSE or ENDIF
  
 CHARMM>    if nbddgtop .gt. 0 then
 Comparing "0" and "0".
 IF test evaluated as false.  Skip to ELSE or ENDIF
  
 CHARMM>    if nacy3gtop .gt. 0 then
 Comparing "0" and "0".
 IF test evaluated as false.  Skip to ELSE or ENDIF
  
 CHARMM>    if nbcy3gtop .gt. 0 then
 Comparing "0" and "0".
 IF test evaluated as false.  Skip to ELSE or ENDIF
  
 CHARMM>    if namhcgtop .gt. 0 then
 Comparing "0" and "0".
 IF test evaluated as false.  Skip to ELSE or ENDIF
  
 CHARMM>    if nbmhcgtop .gt. 0 then
 Comparing "0" and "0".
 IF test evaluated as false.  Skip to ELSE or ENDIF
  
 CHARMM>    if naomtop .gt. 0 then
 Comparing "0" and "0".
 IF test evaluated as false.  Skip to ELSE or ENDIF
  
 CHARMM>    if nbomtop .gt. 0 then
 Comparing "0" and "0".
 IF test evaluated as false.  Skip to ELSE or ENDIF
  
 CHARMM>    if nanmtop .gt. 0 then
 Comparing "0" and "0".
 IF test evaluated as false.  Skip to ELSE or ENDIF
  
 CHARMM>    if nbnmtop .gt. 0 then
 Comparing "0" and "0".
 IF test evaluated as false.  Skip to ELSE or ENDIF
  
 CHARMM>    if nadmtop .gt. 0 then
 Comparing "0" and "0".
 IF test evaluated as false.  Skip to ELSE or ENDIF
  
 CHARMM>    if nbdmtop .gt. 0 then
 Comparing "0" and "0".
 IF test evaluated as false.  Skip to ELSE or ENDIF
  
 CHARMM>    if naudmtop .gt. 0 then
 Comparing "0" and "0".
 IF test evaluated as false.  Skip to ELSE or ENDIF
  
 CHARMM>    if nbudmtop .gt. 0 then
 Comparing "0" and "0".
 IF test evaluated as false.  Skip to ELSE or ENDIF
  
 CHARMM>    if na2udmtop .gt. 0 then
 Comparing "0" and "0".
 IF test evaluated as false.  Skip to ELSE or ENDIF
  
 CHARMM>    if nb2udmtop .gt. 0 then
 Comparing "0" and "0".
 IF test evaluated as false.  Skip to ELSE or ENDIF
  
 CHARMM>    if naddmtop .gt. 0 then
 Comparing "0" and "0".
 IF test evaluated as false.  Skip to ELSE or ENDIF
  
 CHARMM>    if nbddmtop .gt. 0 then
 Comparing "0" and "0".
 IF test evaluated as false.  Skip to ELSE or ENDIF
  
 CHARMM>    if nadmhmtop .gt. 0 then
 Comparing "0" and "0".
 IF test evaluated as false.  Skip to ELSE or ENDIF
  
 CHARMM>    if nbdmhmtop .gt. 0 then
 Comparing "0" and "0".
 IF test evaluated as false.  Skip to ELSE or ENDIF
  
 CHARMM>    if nappmtop .gt. 0 then
 Comparing "0" and "0".
 IF test evaluated as false.  Skip to ELSE or ENDIF
  
 CHARMM>    if nbppmtop .gt. 0 then
 Comparing "0" and "0".
 IF test evaluated as false.  Skip to ELSE or ENDIF
  
 CHARMM>    if natmtop .gt. 0 then
 Comparing "0" and "0".
 IF test evaluated as false.  Skip to ELSE or ENDIF
  
 CHARMM>    if nbtmtop .gt. 0 then
 Comparing "0" and "0".
 IF test evaluated as false.  Skip to ELSE or ENDIF
  
 CHARMM>    if nacy3mtop .gt. 0 then
 Comparing "0" and "0".
 IF test evaluated as false.  Skip to ELSE or ENDIF
  
 CHARMM>    if nbcy3mtop .gt. 0 then
 Comparing "0" and "0".
 IF test evaluated as false.  Skip to ELSE or ENDIF
  
 CHARMM>    if nacy4mtop .gt. 0 then
 Comparing "0" and "0".
 IF test evaluated as false.  Skip to ELSE or ENDIF
  
 CHARMM>    if nbcy4mtop .gt. 0 then
 Comparing "0" and "0".
 IF test evaluated as false.  Skip to ELSE or ENDIF
  
 CHARMM>    if nacy5mtop .gt. 0 then
 Comparing "0" and "0".
 IF test evaluated as false.  Skip to ELSE or ENDIF
  
 CHARMM>    if nbcy5mtop .gt. 0 then
 Comparing "0" and "0".
 IF test evaluated as false.  Skip to ELSE or ENDIF
  
 CHARMM>    if nacy6mtop .gt. 0 then
 Comparing "0" and "0".
 IF test evaluated as false.  Skip to ELSE or ENDIF
  
 CHARMM>    if nbcy6mtop .gt. 0 then
 Comparing "0" and "0".
 IF test evaluated as false.  Skip to ELSE or ENDIF
  
 CHARMM>    if nacy7mtop .gt. 0 then
 Comparing "0" and "0".
 IF test evaluated as false.  Skip to ELSE or ENDIF
  
 CHARMM>    if nbcy7mtop .gt. 0 then
 Comparing "0" and "0".
 IF test evaluated as false.  Skip to ELSE or ENDIF
  
 CHARMM>    if nnhegtop .gt. 0 then
 Comparing "0" and "0".
 IF test evaluated as false.  Skip to ELSE or ENDIF
  
 CHARMM>    if ndhegtop .gt. 0 then
 Comparing "0" and "0".
 IF test evaluated as false.  Skip to ELSE or ENDIF
  
 CHARMM>    if nnmgtop .gt. 0 then
 Comparing "0" and "0".
 IF test evaluated as false.  Skip to ELSE or ENDIF
  
 CHARMM>    if ndmgtop .gt. 0 then
 Comparing "0" and "0".
 IF test evaluated as false.  Skip to ELSE or ENDIF
  
 CHARMM>    if nctb10top .gt. 0 then
 Comparing "0" and "0".
 IF test evaluated as false.  Skip to ELSE or ENDIF
  
 CHARMM>    if nctb11top .gt. 0 then
 Comparing "0" and "0".
 IF test evaluated as false.  Skip to ELSE or ENDIF
  
 CHARMM>    if nctb12top .gt. 0 then
 Comparing "0" and "0".
 IF test evaluated as false.  Skip to ELSE or ENDIF
  
 CHARMM>    if nctb13top .gt. 0 then
 Comparing "0" and "0".
 IF test evaluated as false.  Skip to ELSE or ENDIF
  
 CHARMM>    if nctb14top .gt. 0 then
 Comparing "0" and "0".
 IF test evaluated as false.  Skip to ELSE or ENDIF
  
 CHARMM>    if nctb15top .gt. 0 then
 Comparing "0" and "0".
 IF test evaluated as false.  Skip to ELSE or ENDIF
  
 CHARMM>    if nctb16top .gt. 0 then
 Comparing "0" and "0".
 IF test evaluated as false.  Skip to ELSE or ENDIF
  
 CHARMM>    if ngms1top .gt. 0 then
 Comparing "0" and "0".
 IF test evaluated as false.  Skip to ELSE or ENDIF
  
 CHARMM>    if ngms2top .gt. 0 then
 Comparing "0" and "0".
 IF test evaluated as false.  Skip to ELSE or ENDIF
  
 CHARMM>    if nmln1top .gt. 0 then
 Comparing "0" and "0".
 IF test evaluated as false.  Skip to ELSE or ENDIF
  
 CHARMM>    if nmln2top .gt. 0 then
 Comparing "0" and "0".
 IF test evaluated as false.  Skip to ELSE or ENDIF
  
 CHARMM>    if nmgtm10top .gt. 0 then
 Comparing "0" and "0".
 IF test evaluated as false.  Skip to ELSE or ENDIF
  
 CHARMM>    if nmgtm11top .gt. 0 then
 Comparing "0" and "0".
 IF test evaluated as false.  Skip to ELSE or ENDIF
  
 CHARMM>    if negtm10top .gt. 0 then
 Comparing "0" and "0".
 IF test evaluated as false.  Skip to ELSE or ENDIF
  
 CHARMM>    if negtm11top .gt. 0 then
 Comparing "0" and "0".
 IF test evaluated as false.  Skip to ELSE or ENDIF
  
 CHARMM>    if ntzmh9top .gt. 0 then
 Comparing "0" and "0".
 IF test evaluated as false.  Skip to ELSE or ENDIF
  
 CHARMM>    if ntzmh10top .gt. 0 then
 Comparing "0" and "0".
 IF test evaluated as false.  Skip to ELSE or ENDIF
  
 CHARMM>    if ntzme9top .gt. 0 then
 Comparing "0" and "0".
 IF test evaluated as false.  Skip to ELSE or ENDIF
  
 CHARMM>    if ntzme10top .gt. 0 then
 Comparing "0" and "0".
 IF test evaluated as false.  Skip to ELSE or ENDIF
  
 CHARMM>    if nsmddtop .gt. 0 then
 Comparing "0" and "0".
 IF test evaluated as false.  Skip to ELSE or ENDIF
  
 CHARMM>    if nbbphgtop .gt. 0 then
 Comparing "0" and "0".
 IF test evaluated as false.  Skip to ELSE or ENDIF
  
 CHARMM>    if nbbcygtop .gt. 0 then
 Comparing "0" and "0".
 IF test evaluated as false.  Skip to ELSE or ENDIF
  
 CHARMM>    if nbogngtop .gt. 0 then
 Comparing "0" and "0".
 IF test evaluated as false.  Skip to ELSE or ENDIF
  
 CHARMM>    if nblmngtop .gt. 0 then
 Comparing "0" and "0".
 IF test evaluated as false.  Skip to ELSE or ENDIF
  
 CHARMM>    if nbdmngtop .gt. 0 then
 Comparing "0" and "0".
 IF test evaluated as false.  Skip to ELSE or ENDIF
  
 CHARMM>    if nc5mngtop .gt. 0 then
 Comparing "0" and "0".
 IF test evaluated as false.  Skip to ELSE or ENDIF
  
 CHARMM>    if nc6mngtop .gt. 0 then
 Comparing "0" and "0".
 IF test evaluated as false.  Skip to ELSE or ENDIF
  
 CHARMM>    if nbotgngtop .gt. 0 then
 Comparing "0" and "0".
 IF test evaluated as false.  Skip to ELSE or ENDIF
  
 CHARMM>    if nboingtop .gt. 0 then
 Comparing "0" and "0".
 IF test evaluated as false.  Skip to ELSE or ENDIF
  
 CHARMM>    if nahtgtop .gt. 0 then
 Comparing "0" and "0".
 IF test evaluated as false.  Skip to ELSE or ENDIF
  
 CHARMM>    if nbhtgtop .gt. 0 then
 Comparing "0" and "0".
 IF test evaluated as false.  Skip to ELSE or ENDIF
  
 CHARMM>    if naotgtop .gt. 0 then
 Comparing "0" and "0".
 IF test evaluated as false.  Skip to ELSE or ENDIF
  
 CHARMM>    if nbotgtop .gt. 0 then
 Comparing "0" and "0".
 IF test evaluated as false.  Skip to ELSE or ENDIF
  
 CHARMM>    if naotmtop .gt. 0 then
 Comparing "0" and "0".
 IF test evaluated as false.  Skip to ELSE or ENDIF
  
 CHARMM>    if nbotmtop .gt. 0 then
 Comparing "0" and "0".
 IF test evaluated as false.  Skip to ELSE or ENDIF
  
 CHARMM>    if nantmtop .gt. 0 then
 Comparing "0" and "0".
 IF test evaluated as false.  Skip to ELSE or ENDIF
  
 CHARMM>    if nbntmtop .gt. 0 then
 Comparing "0" and "0".
 IF test evaluated as false.  Skip to ELSE or ENDIF
  
 CHARMM>    if nadtmtop .gt. 0 then
 Comparing "0" and "0".
 IF test evaluated as false.  Skip to ELSE or ENDIF
  
 CHARMM>    if nbdtmtop .gt. 0 then
 Comparing "0" and "0".
 IF test evaluated as false.  Skip to ELSE or ENDIF
  
 CHARMM>    if naudtmtop .gt. 0 then
 Comparing "0" and "0".
 IF test evaluated as false.  Skip to ELSE or ENDIF
  
 CHARMM>    if nbudtmtop .gt. 0 then
 Comparing "0" and "0".
 IF test evaluated as false.  Skip to ELSE or ENDIF
  
 CHARMM>    if naddtmtop .gt. 0 then
 Comparing "0" and "0".
 IF test evaluated as false.  Skip to ELSE or ENDIF
  
 CHARMM>    if nbddtmtop .gt. 0 then
 Comparing "0" and "0".
 IF test evaluated as false.  Skip to ELSE or ENDIF
  
 CHARMM>    if ndhpcetop .gt. 0 then
 Comparing "0" and "0".
 IF test evaluated as false.  Skip to ELSE or ENDIF
  
 CHARMM>    if npopcetop .gt. 0 then
 Comparing "0" and "0".
 IF test evaluated as false.  Skip to ELSE or ENDIF
  
 CHARMM>    if ndopcetop .gt. 0 then
 Comparing "0" and "0".
 IF test evaluated as false.  Skip to ELSE or ENDIF
  
 CHARMM>    if ndmpcetop .gt. 0 then
 Comparing "0" and "0".
 IF test evaluated as false.  Skip to ELSE or ENDIF
  
 CHARMM>    if npopeetop .gt. 0 then
 Comparing "0" and "0".
 IF test evaluated as false.  Skip to ELSE or ENDIF
  
 CHARMM>    if ndopeetop .gt. 0 then
 Comparing "0" and "0".
 IF test evaluated as false.  Skip to ELSE or ENDIF
  
 CHARMM>    if ndppeetop .gt. 0 then
 Comparing "0" and "0".
 IF test evaluated as false.  Skip to ELSE or ENDIF
  
 CHARMM>    if ndmpeetop .gt. 0 then
 Comparing "0" and "0".
 IF test evaluated as false.  Skip to ELSE or ENDIF
  
 CHARMM>    if npla20top .gt. 0 then
 Comparing "0" and "0".
 IF test evaluated as false.  Skip to ELSE or ENDIF
  
 CHARMM>    if npla18top .gt. 0 then
 Comparing "0" and "0".
 IF test evaluated as false.  Skip to ELSE or ENDIF
  
 CHARMM>    if nplc22top .gt. 0 then
 Comparing "0" and "0".
 IF test evaluated as false.  Skip to ELSE or ENDIF
  
 CHARMM>    if nplc20top .gt. 0 then
 Comparing "0" and "0".
 IF test evaluated as false.  Skip to ELSE or ENDIF
  
 CHARMM>    if nplc18top .gt. 0 then
 Comparing "0" and "0".
 IF test evaluated as false.  Skip to ELSE or ENDIF
  
 CHARMM>    if nbmgptop .gt. 0 then
 Comparing "0" and "0".
 IF test evaluated as false.  Skip to ELSE or ENDIF
  
 CHARMM>    if ndmtaptop .gt. 0 then
 Comparing "0" and "0".
 IF test evaluated as false.  Skip to ELSE or ENDIF
  
 CHARMM>    if ndptaptop .gt. 0 then
 Comparing "0" and "0".
 IF test evaluated as false.  Skip to ELSE or ENDIF
  
 CHARMM>    if ndotaptop .gt. 0 then
 Comparing "0" and "0".
 IF test evaluated as false.  Skip to ELSE or ENDIF
  
 CHARMM>    if ndstaptop .gt. 0 then
 Comparing "0" and "0".
 IF test evaluated as false.  Skip to ELSE or ENDIF
  
 CHARMM>    if ndltaptop .gt. 0 then
 Comparing "0" and "0".
 IF test evaluated as false.  Skip to ELSE or ENDIF
  
 CHARMM>    if ndmdaptop .gt. 0 then
 Comparing "0" and "0".
 IF test evaluated as false.  Skip to ELSE or ENDIF
  
 CHARMM>    if ndmdaphtop .gt. 0 then
 Comparing "0" and "0".
 IF test evaluated as false.  Skip to ELSE or ENDIF
  
 CHARMM>    if ndpdaptop .gt. 0 then
 Comparing "0" and "0".
 IF test evaluated as false.  Skip to ELSE or ENDIF
  
 CHARMM>    if ndpdaphtop .gt. 0 then
 Comparing "0" and "0".
 IF test evaluated as false.  Skip to ELSE or ENDIF
  
 CHARMM>    if ndsdaptop .gt. 0 then
 Comparing "0" and "0".
 IF test evaluated as false.  Skip to ELSE or ENDIF
  
 CHARMM>    if ndsdaphtop .gt. 0 then
 Comparing "0" and "0".
 IF test evaluated as false.  Skip to ELSE or ENDIF
  
 CHARMM>    if ndodaptop .gt. 0 then
 Comparing "0" and "0".
 IF test evaluated as false.  Skip to ELSE or ENDIF
  
 CHARMM>    if ndodaphtop .gt. 0 then
 Comparing "0" and "0".
 IF test evaluated as false.  Skip to ELSE or ENDIF
  
 CHARMM>    if ndldaptop .gt. 0 then
 Comparing "0" and "0".
 IF test evaluated as false.  Skip to ELSE or ENDIF
  
 CHARMM>    if ndldaphtop .gt. 0 then
 Comparing "0" and "0".
 IF test evaluated as false.  Skip to ELSE or ENDIF
  
 CHARMM>    if ndmdmatop .gt. 0 then
 Comparing "0" and "0".
 IF test evaluated as false.  Skip to ELSE or ENDIF
  
 CHARMM>    if ndmdmahtop .gt. 0 then
 Comparing "0" and "0".
 IF test evaluated as false.  Skip to ELSE or ENDIF
  
 CHARMM>    if ndpdmatop .gt. 0 then
 Comparing "0" and "0".
 IF test evaluated as false.  Skip to ELSE or ENDIF
  
 CHARMM>    if ndpdmahtop .gt. 0 then
 Comparing "0" and "0".
 IF test evaluated as false.  Skip to ELSE or ENDIF
  
 CHARMM>    if ndsdmatop .gt. 0 then
 Comparing "0" and "0".
 IF test evaluated as false.  Skip to ELSE or ENDIF
  
 CHARMM>    if ndsdmahtop .gt. 0 then
 Comparing "0" and "0".
 IF test evaluated as false.  Skip to ELSE or ENDIF
  
 CHARMM>    if ndodmatop .gt. 0 then
 Comparing "0" and "0".
 IF test evaluated as false.  Skip to ELSE or ENDIF
  
 CHARMM>    if ndodmahtop .gt. 0 then
 Comparing "0" and "0".
 IF test evaluated as false.  Skip to ELSE or ENDIF
  
 CHARMM>    if ndldmatop .gt. 0 then
 Comparing "0" and "0".
 IF test evaluated as false.  Skip to ELSE or ENDIF
  
 CHARMM>    if ndldmahtop .gt. 0 then
 Comparing "0" and "0".
 IF test evaluated as false.  Skip to ELSE or ENDIF
  
 CHARMM>    if ndmkc1top .gt. 0 then
 Comparing "0" and "0".
 IF test evaluated as false.  Skip to ELSE or ENDIF
  
 CHARMM>    if ndmkc1htop .gt. 0 then
 Comparing "0" and "0".
 IF test evaluated as false.  Skip to ELSE or ENDIF
  
 CHARMM>    if ndpkc1top .gt. 0 then
 Comparing "0" and "0".
 IF test evaluated as false.  Skip to ELSE or ENDIF
  
 CHARMM>    if ndpkc1htop .gt. 0 then
 Comparing "0" and "0".
 IF test evaluated as false.  Skip to ELSE or ENDIF
  
 CHARMM>    if ndskc1top .gt. 0 then
 Comparing "0" and "0".
 IF test evaluated as false.  Skip to ELSE or ENDIF
  
 CHARMM>    if ndskc1htop .gt. 0 then
 Comparing "0" and "0".
 IF test evaluated as false.  Skip to ELSE or ENDIF
  
 CHARMM>    if ndokc1top .gt. 0 then
 Comparing "0" and "0".
 IF test evaluated as false.  Skip to ELSE or ENDIF
  
 CHARMM>    if ndokc1htop .gt. 0 then
 Comparing "0" and "0".
 IF test evaluated as false.  Skip to ELSE or ENDIF
  
 CHARMM>    if ndlkc1top .gt. 0 then
 Comparing "0" and "0".
 IF test evaluated as false.  Skip to ELSE or ENDIF
  
 CHARMM>    if ndlkc1htop .gt. 0 then
 Comparing "0" and "0".
 IF test evaluated as false.  Skip to ELSE or ENDIF
  
 CHARMM>    if ndmkc2top .gt. 0 then
 Comparing "0" and "0".
 IF test evaluated as false.  Skip to ELSE or ENDIF
  
 CHARMM>    if ndmkc2htop .gt. 0 then
 Comparing "0" and "0".
 IF test evaluated as false.  Skip to ELSE or ENDIF
  
 CHARMM>    if ndpkc2top .gt. 0 then
 Comparing "0" and "0".
 IF test evaluated as false.  Skip to ELSE or ENDIF
  
 CHARMM>    if ndpkc2htop .gt. 0 then
 Comparing "0" and "0".
 IF test evaluated as false.  Skip to ELSE or ENDIF
  
 CHARMM>    if ndskc2top .gt. 0 then
 Comparing "0" and "0".
 IF test evaluated as false.  Skip to ELSE or ENDIF
  
 CHARMM>    if ndskc2htop .gt. 0 then
 Comparing "0" and "0".
 IF test evaluated as false.  Skip to ELSE or ENDIF
  
 CHARMM>    if ndokc2top .gt. 0 then
 Comparing "0" and "0".
 IF test evaluated as false.  Skip to ELSE or ENDIF
  
 CHARMM>    if ndokc2htop .gt. 0 then
 Comparing "0" and "0".
 IF test evaluated as false.  Skip to ELSE or ENDIF
  
 CHARMM>    if ndlkc2top .gt. 0 then
 Comparing "0" and "0".
 IF test evaluated as false.  Skip to ELSE or ENDIF
  
 CHARMM>    if ndlkc2htop .gt. 0 then
 Comparing "0" and "0".
 IF test evaluated as false.  Skip to ELSE or ENDIF
  
 CHARMM>    if ndmmc3top .gt. 0 then
 Comparing "0" and "0".
 IF test evaluated as false.  Skip to ELSE or ENDIF
  
 CHARMM>    if ndmmc3htop .gt. 0 then
 Comparing "0" and "0".
 IF test evaluated as false.  Skip to ELSE or ENDIF
  
 CHARMM>    if ndpmc3top .gt. 0 then
 Comparing "0" and "0".
 IF test evaluated as false.  Skip to ELSE or ENDIF
  
 CHARMM>    if ndpmc3htop .gt. 0 then
 Comparing "0" and "0".
 IF test evaluated as false.  Skip to ELSE or ENDIF
  
 CHARMM>    if ndsmc3top .gt. 0 then
 Comparing "0" and "0".
 IF test evaluated as false.  Skip to ELSE or ENDIF
  
 CHARMM>    if ndsmc3htop .gt. 0 then
 Comparing "0" and "0".
 IF test evaluated as false.  Skip to ELSE or ENDIF
  
 CHARMM>    if ndomc3top .gt. 0 then
 Comparing "0" and "0".
 IF test evaluated as false.  Skip to ELSE or ENDIF
  
 CHARMM>    if ndomc3htop .gt. 0 then
 Comparing "0" and "0".
 IF test evaluated as false.  Skip to ELSE or ENDIF
  
 CHARMM>    if ndlmc3top .gt. 0 then
 Comparing "0" and "0".
 IF test evaluated as false.  Skip to ELSE or ENDIF
  
 CHARMM>    if ndlmc3htop .gt. 0 then
 Comparing "0" and "0".
 IF test evaluated as false.  Skip to ELSE or ENDIF
  
 CHARMM>     
  
 CHARMM>    !
 CHARMM>    ! Change resnames [lower leaflet]
 CHARMM>    !
 CHARMM>     
  
 CHARMM>    calc cnt1 = 0
Evaluating: 0
 Parameter: CNT1 <- "0"
  
 CHARMM>    calc cnt2 = 0
Evaluating: 0
 Parameter: CNT2 <- "0"
  
 CHARMM>     
  
 CHARMM>    if nchl1bot .gt. 0 then
 Comparing "0" and "0".
 IF test evaluated as false.  Skip to ELSE or ENDIF
  
 CHARMM>    if nergbot .gt. 0 then
 Comparing "0" and "0".
 IF test evaluated as false.  Skip to ELSE or ENDIF
  
 CHARMM>    if ndpopbot .gt. 0 then
 Comparing "0" and "0".
 IF test evaluated as false.  Skip to ELSE or ENDIF
  
 CHARMM>    if nsitobot .gt. 0 then
 Comparing "0" and "0".
 IF test evaluated as false.  Skip to ELSE or ENDIF
  
 CHARMM>    if nstigbot .gt. 0 then
 Comparing "0" and "0".
 IF test evaluated as false.  Skip to ELSE or ENDIF
  
 CHARMM>    if nchsdbot .gt. 0 then
 Comparing "0" and "0".
 IF test evaluated as false.  Skip to ELSE or ENDIF
  
 CHARMM>    if nchspbot .gt. 0 then
 Comparing "0" and "0".
 IF test evaluated as false.  Skip to ELSE or ENDIF
  
 CHARMM>    if ncampbot .gt. 0 then
 Comparing "0" and "0".
 IF test evaluated as false.  Skip to ELSE or ENDIF
  
 CHARMM>    if ngcampbot .gt. 0 then
 Comparing "0" and "0".
 IF test evaluated as false.  Skip to ELSE or ENDIF
  
 CHARMM>    if ngsitobot .gt. 0 then
 Comparing "0" and "0".
 IF test evaluated as false.  Skip to ELSE or ENDIF
  
 CHARMM>    if ngstigbot .gt. 0 then
 Comparing "0" and "0".
 IF test evaluated as false.  Skip to ELSE or ENDIF
  
 CHARMM>    if nlanobot .gt. 0 then
 Comparing "0" and "0".
 IF test evaluated as false.  Skip to ELSE or ENDIF
  
 CHARMM>    if npgcampbot .gt. 0 then
 Comparing "0" and "0".
 IF test evaluated as false.  Skip to ELSE or ENDIF
  
 CHARMM>    if npgsitobot .gt. 0 then
 Comparing "0" and "0".
 IF test evaluated as false.  Skip to ELSE or ENDIF
  
 CHARMM>    if npgstigbot .gt. 0 then
 Comparing "0" and "0".
 IF test evaluated as false.  Skip to ELSE or ENDIF
  
 CHARMM>    if ndlpabot .gt. 0 then
 Comparing "0" and "0".
 IF test evaluated as false.  Skip to ELSE or ENDIF
  
 CHARMM>    if ndmpabot .gt. 0 then
 Comparing "0" and "0".
 IF test evaluated as false.  Skip to ELSE or ENDIF
  
 CHARMM>    if ndppabot .gt. 0 then
 Comparing "0" and "0".
 IF test evaluated as false.  Skip to ELSE or ENDIF
  
 CHARMM>    if npspabot .gt. 0 then
 Comparing "0" and "0".
 IF test evaluated as false.  Skip to ELSE or ENDIF
  
 CHARMM>    if ndspabot .gt. 0 then
 Comparing "0" and "0".
 IF test evaluated as false.  Skip to ELSE or ENDIF
  
 CHARMM>    if npopabot .gt. 0 then
 Comparing "0" and "0".
 IF test evaluated as false.  Skip to ELSE or ENDIF
  
 CHARMM>    if nplpabot .gt. 0 then
 Comparing "0" and "0".
 IF test evaluated as false.  Skip to ELSE or ENDIF
  
 CHARMM>    if nsopabot .gt. 0 then
 Comparing "0" and "0".
 IF test evaluated as false.  Skip to ELSE or ENDIF
  
 CHARMM>    if nslpabot .gt. 0 then
 Comparing "0" and "0".
 IF test evaluated as false.  Skip to ELSE or ENDIF
  
 CHARMM>    if ndypabot .gt. 0 then
 Comparing "0" and "0".
 IF test evaluated as false.  Skip to ELSE or ENDIF
  
 CHARMM>    if nyopabot .gt. 0 then
 Comparing "0" and "0".
 IF test evaluated as false.  Skip to ELSE or ENDIF
  
 CHARMM>    if ndopabot .gt. 0 then
 Comparing "0" and "0".
 IF test evaluated as false.  Skip to ELSE or ENDIF
  
 CHARMM>    if ndgpabot .gt. 0 then
 Comparing "0" and "0".
 IF test evaluated as false.  Skip to ELSE or ENDIF
  
 CHARMM>    if ndepabot .gt. 0 then
 Comparing "0" and "0".
 IF test evaluated as false.  Skip to ELSE or ENDIF
  
 CHARMM>    if ndnpabot .gt. 0 then
 Comparing "0" and "0".
 IF test evaluated as false.  Skip to ELSE or ENDIF
  
 CHARMM>    if nddpcbot .gt. 0 then
 Comparing "0" and "0".
 IF test evaluated as false.  Skip to ELSE or ENDIF
  
 CHARMM>    if ndcpcbot .gt. 0 then
 Comparing "0" and "0".
 IF test evaluated as false.  Skip to ELSE or ENDIF
  
 CHARMM>    if ndlpcbot .gt. 0 then
 Comparing "0" and "0".
 IF test evaluated as false.  Skip to ELSE or ENDIF
  
 CHARMM>    if ndmpcbot .gt. 0 then
 Comparing "0" and "0".
 IF test evaluated as false.  Skip to ELSE or ENDIF
  
 CHARMM>    if ndppcbot .gt. 0 then
 Comparing "0" and "0".
 IF test evaluated as false.  Skip to ELSE or ENDIF
  
 CHARMM>    if ndspcbot .gt. 0 then
 Comparing "0" and "0".
 IF test evaluated as false.  Skip to ELSE or ENDIF
  
 CHARMM>    if npypcbot .gt. 0 then
 Comparing "0" and "0".
 IF test evaluated as false.  Skip to ELSE or ENDIF
  
 CHARMM>    if npopcbot .gt. 0 then
 Comparing "32" and "0".
 IF test evaluated as true.  Performing command
  
 CHARMM>       calc cnt1 = @cnt2 + 1
 Parameter: CNT2 -> "0"
Evaluating: 0+1
 Parameter: CNT1 <- "1"
  
 CHARMM>       calc cnt2 = @cnt1 + @{npopcbot} - 1
 Parameter: CNT1 -> "1"
 Parameter: NPOPCBOT -> "32"
Evaluating: 1+32-1
 Parameter: CNT2 <- "32"
  
 CHARMM>       rename resname POPC select segid DNPO .and. resid @cnt1:@cnt2 end
 Parameter: CNT1 -> "1"
 Parameter: CNT2 -> "32"
 SELRPN>     32 atoms have been selected out of     64
 FOR SEGMENT 'DNPO    ' RESIDUE '1       ', RESNAME 'POL     ' IS RENAMED TO 'POPC    '
 FOR SEGMENT 'DNPO    ' RESIDUE '2       ', RESNAME 'POL     ' IS RENAMED TO 'POPC    '
 FOR SEGMENT 'DNPO    ' RESIDUE '3       ', RESNAME 'POL     ' IS RENAMED TO 'POPC    '
 FOR SEGMENT 'DNPO    ' RESIDUE '4       ', RESNAME 'POL     ' IS RENAMED TO 'POPC    '
 FOR SEGMENT 'DNPO    ' RESIDUE '5       ', RESNAME 'POL     ' IS RENAMED TO 'POPC    '
 FOR SEGMENT 'DNPO    ' RESIDUE '6       ', RESNAME 'POL     ' IS RENAMED TO 'POPC    '
 FOR SEGMENT 'DNPO    ' RESIDUE '7       ', RESNAME 'POL     ' IS RENAMED TO 'POPC    '
 FOR SEGMENT 'DNPO    ' RESIDUE '8       ', RESNAME 'POL     ' IS RENAMED TO 'POPC    '
 FOR SEGMENT 'DNPO    ' RESIDUE '9       ', RESNAME 'POL     ' IS RENAMED TO 'POPC    '
 FOR SEGMENT 'DNPO    ' RESIDUE '10      ', RESNAME 'POL     ' IS RENAMED TO 'POPC    '
 FOR SEGMENT 'DNPO    ' RESIDUE '11      ', RESNAME 'POL     ' IS RENAMED TO 'POPC    '
 FOR SEGMENT 'DNPO    ' RESIDUE '12      ', RESNAME 'POL     ' IS RENAMED TO 'POPC    '
 FOR SEGMENT 'DNPO    ' RESIDUE '13      ', RESNAME 'POL     ' IS RENAMED TO 'POPC    '
 FOR SEGMENT 'DNPO    ' RESIDUE '14      ', RESNAME 'POL     ' IS RENAMED TO 'POPC    '
 FOR SEGMENT 'DNPO    ' RESIDUE '15      ', RESNAME 'POL     ' IS RENAMED TO 'POPC    '
 FOR SEGMENT 'DNPO    ' RESIDUE '16      ', RESNAME 'POL     ' IS RENAMED TO 'POPC    '
 FOR SEGMENT 'DNPO    ' RESIDUE '17      ', RESNAME 'POL     ' IS RENAMED TO 'POPC    '
 FOR SEGMENT 'DNPO    ' RESIDUE '18      ', RESNAME 'POL     ' IS RENAMED TO 'POPC    '
 FOR SEGMENT 'DNPO    ' RESIDUE '19      ', RESNAME 'POL     ' IS RENAMED TO 'POPC    '
 FOR SEGMENT 'DNPO    ' RESIDUE '20      ', RESNAME 'POL     ' IS RENAMED TO 'POPC    '
 FOR SEGMENT 'DNPO    ' RESIDUE '21      ', RESNAME 'POL     ' IS RENAMED TO 'POPC    '
 FOR SEGMENT 'DNPO    ' RESIDUE '22      ', RESNAME 'POL     ' IS RENAMED TO 'POPC    '
 FOR SEGMENT 'DNPO    ' RESIDUE '23      ', RESNAME 'POL     ' IS RENAMED TO 'POPC    '
 FOR SEGMENT 'DNPO    ' RESIDUE '24      ', RESNAME 'POL     ' IS RENAMED TO 'POPC    '
 FOR SEGMENT 'DNPO    ' RESIDUE '25      ', RESNAME 'POL     ' IS RENAMED TO 'POPC    '
 FOR SEGMENT 'DNPO    ' RESIDUE '26      ', RESNAME 'POL     ' IS RENAMED TO 'POPC    '
 FOR SEGMENT 'DNPO    ' RESIDUE '27      ', RESNAME 'POL     ' IS RENAMED TO 'POPC    '
 FOR SEGMENT 'DNPO    ' RESIDUE '28      ', RESNAME 'POL     ' IS RENAMED TO 'POPC    '
 FOR SEGMENT 'DNPO    ' RESIDUE '29      ', RESNAME 'POL     ' IS RENAMED TO 'POPC    '
 FOR SEGMENT 'DNPO    ' RESIDUE '30      ', RESNAME 'POL     ' IS RENAMED TO 'POPC    '
 FOR SEGMENT 'DNPO    ' RESIDUE '31      ', RESNAME 'POL     ' IS RENAMED TO 'POPC    '
 FOR SEGMENT 'DNPO    ' RESIDUE '32      ', RESNAME 'POL     ' IS RENAMED TO 'POPC    '
  
 CHARMM>    endif
  
 CHARMM>    if nplpcbot .gt. 0 then
 Comparing "0" and "0".
 IF test evaluated as false.  Skip to ELSE or ENDIF
  
 CHARMM>    if npilpcbot .gt. 0 then
 Comparing "0" and "0".
 IF test evaluated as false.  Skip to ELSE or ENDIF
  
 CHARMM>    if npdopcbot .gt. 0 then
 Comparing "0" and "0".
 IF test evaluated as false.  Skip to ELSE or ENDIF
  
 CHARMM>    if nsopcbot .gt. 0 then
 Comparing "0" and "0".
 IF test evaluated as false.  Skip to ELSE or ENDIF
  
 CHARMM>    if nslpcbot .gt. 0 then
 Comparing "0" and "0".
 IF test evaluated as false.  Skip to ELSE or ENDIF
  
 CHARMM>    if ndrpcbot .gt. 0 then
 Comparing "0" and "0".
 IF test evaluated as false.  Skip to ELSE or ENDIF
  
 CHARMM>    if ndypcbot .gt. 0 then
 Comparing "0" and "0".
 IF test evaluated as false.  Skip to ELSE or ENDIF
  
 CHARMM>    if nyopcbot .gt. 0 then
 Comparing "0" and "0".
 IF test evaluated as false.  Skip to ELSE or ENDIF
  
 CHARMM>    if ndopcbot .gt. 0 then
 Comparing "0" and "0".
 IF test evaluated as false.  Skip to ELSE or ENDIF
  
 CHARMM>    if ndupcbot .gt. 0 then
 Comparing "0" and "0".
 IF test evaluated as false.  Skip to ELSE or ENDIF
  
 CHARMM>    if ndgpcbot .gt. 0 then
 Comparing "0" and "0".
 IF test evaluated as false.  Skip to ELSE or ENDIF
  
 CHARMM>    if ndepcbot .gt. 0 then
 Comparing "0" and "0".
 IF test evaluated as false.  Skip to ELSE or ENDIF
  
 CHARMM>    if nddopcbot .gt. 0 then
 Comparing "0" and "0".
 IF test evaluated as false.  Skip to ELSE or ENDIF
  
 CHARMM>    if ndnpcbot .gt. 0 then
 Comparing "0" and "0".
 IF test evaluated as false.  Skip to ELSE or ENDIF
  
 CHARMM>    if ndlipcbot .gt. 0 then
 Comparing "0" and "0".
 IF test evaluated as false.  Skip to ELSE or ENDIF
  
 CHARMM>    if nllpcbot .gt. 0 then
 Comparing "0" and "0".
 IF test evaluated as false.  Skip to ELSE or ENDIF
  
 CHARMM>    if ndlpebot .gt. 0 then
 Comparing "0" and "0".
 IF test evaluated as false.  Skip to ELSE or ENDIF
  
 CHARMM>    if ndmpebot .gt. 0 then
 Comparing "0" and "0".
 IF test evaluated as false.  Skip to ELSE or ENDIF
  
 CHARMM>    if ndppebot .gt. 0 then
 Comparing "0" and "0".
 IF test evaluated as false.  Skip to ELSE or ENDIF
  
 CHARMM>    if npspebot .gt. 0 then
 Comparing "0" and "0".
 IF test evaluated as false.  Skip to ELSE or ENDIF
  
 CHARMM>    if ndspebot .gt. 0 then
 Comparing "0" and "0".
 IF test evaluated as false.  Skip to ELSE or ENDIF
  
 CHARMM>    if npypebot .gt. 0 then
 Comparing "0" and "0".
 IF test evaluated as false.  Skip to ELSE or ENDIF
  
 CHARMM>    if npopebot .gt. 0 then
 Comparing "0" and "0".
 IF test evaluated as false.  Skip to ELSE or ENDIF
  
 CHARMM>    if nplpebot .gt. 0 then
 Comparing "0" and "0".
 IF test evaluated as false.  Skip to ELSE or ENDIF
  
 CHARMM>    if npdopebot .gt. 0 then
 Comparing "0" and "0".
 IF test evaluated as false.  Skip to ELSE or ENDIF
  
 CHARMM>    if nsopebot .gt. 0 then
 Comparing "0" and "0".
 IF test evaluated as false.  Skip to ELSE or ENDIF
  
 CHARMM>    if nslpebot .gt. 0 then
 Comparing "0" and "0".
 IF test evaluated as false.  Skip to ELSE or ENDIF
  
 CHARMM>    if ndypebot .gt. 0 then
 Comparing "0" and "0".
 IF test evaluated as false.  Skip to ELSE or ENDIF
  
 CHARMM>    if nyopebot .gt. 0 then
 Comparing "0" and "0".
 IF test evaluated as false.  Skip to ELSE or ENDIF
  
 CHARMM>    if noypebot .gt. 0 then
 Comparing "0" and "0".
 IF test evaluated as false.  Skip to ELSE or ENDIF
  
 CHARMM>    if ndopebot .gt. 0 then
 Comparing "0" and "0".
 IF test evaluated as false.  Skip to ELSE or ENDIF
  
 CHARMM>    if ndgpebot .gt. 0 then
 Comparing "0" and "0".
 IF test evaluated as false.  Skip to ELSE or ENDIF
  
 CHARMM>    if ndepebot .gt. 0 then
 Comparing "0" and "0".
 IF test evaluated as false.  Skip to ELSE or ENDIF
  
 CHARMM>    if nddopebot .gt. 0 then
 Comparing "0" and "0".
 IF test evaluated as false.  Skip to ELSE or ENDIF
  
 CHARMM>    if ndnpebot .gt. 0 then
 Comparing "0" and "0".
 IF test evaluated as false.  Skip to ELSE or ENDIF
  
 CHARMM>    if ndlipebot .gt. 0 then
 Comparing "0" and "0".
 IF test evaluated as false.  Skip to ELSE or ENDIF
  
 CHARMM>    if nllpebot .gt. 0 then
 Comparing "0" and "0".
 IF test evaluated as false.  Skip to ELSE or ENDIF
  
 CHARMM>    if ndlpgbot .gt. 0 then
 Comparing "0" and "0".
 IF test evaluated as false.  Skip to ELSE or ENDIF
  
 CHARMM>    if ndmpgbot .gt. 0 then
 Comparing "0" and "0".
 IF test evaluated as false.  Skip to ELSE or ENDIF
  
 CHARMM>    if ndppgbot .gt. 0 then
 Comparing "0" and "0".
 IF test evaluated as false.  Skip to ELSE or ENDIF
  
 CHARMM>    if npspgbot .gt. 0 then
 Comparing "0" and "0".
 IF test evaluated as false.  Skip to ELSE or ENDIF
  
 CHARMM>    if ndspgbot .gt. 0 then
 Comparing "0" and "0".
 IF test evaluated as false.  Skip to ELSE or ENDIF
  
 CHARMM>    if npypgbot .gt. 0 then
 Comparing "0" and "0".
 IF test evaluated as false.  Skip to ELSE or ENDIF
  
 CHARMM>    if nyppgbot .gt. 0 then
 Comparing "0" and "0".
 IF test evaluated as false.  Skip to ELSE or ENDIF
  
 CHARMM>    if npopgbot .gt. 0 then
 Comparing "0" and "0".
 IF test evaluated as false.  Skip to ELSE or ENDIF
  
 CHARMM>    if noppgbot .gt. 0 then
 Comparing "0" and "0".
 IF test evaluated as false.  Skip to ELSE or ENDIF
  
 CHARMM>    if nplpgbot .gt. 0 then
 Comparing "0" and "0".
 IF test evaluated as false.  Skip to ELSE or ENDIF
  
 CHARMM>    if nsopgbot .gt. 0 then
 Comparing "0" and "0".
 IF test evaluated as false.  Skip to ELSE or ENDIF
  
 CHARMM>    if nslpgbot .gt. 0 then
 Comparing "0" and "0".
 IF test evaluated as false.  Skip to ELSE or ENDIF
  
 CHARMM>    if ndypgbot .gt. 0 then
 Comparing "0" and "0".
 IF test evaluated as false.  Skip to ELSE or ENDIF
  
 CHARMM>    if ndopgbot .gt. 0 then
 Comparing "0" and "0".
 IF test evaluated as false.  Skip to ELSE or ENDIF
  
 CHARMM>    if ndgpgbot .gt. 0 then
 Comparing "0" and "0".
 IF test evaluated as false.  Skip to ELSE or ENDIF
  
 CHARMM>    if ndepgbot .gt. 0 then
 Comparing "0" and "0".
 IF test evaluated as false.  Skip to ELSE or ENDIF
  
 CHARMM>    if ndnpgbot .gt. 0 then
 Comparing "0" and "0".
 IF test evaluated as false.  Skip to ELSE or ENDIF
  
 CHARMM>    if ndlpsbot .gt. 0 then
 Comparing "0" and "0".
 IF test evaluated as false.  Skip to ELSE or ENDIF
  
 CHARMM>    if ndmpsbot .gt. 0 then
 Comparing "0" and "0".
 IF test evaluated as false.  Skip to ELSE or ENDIF
  
 CHARMM>    if ndppsbot .gt. 0 then
 Comparing "0" and "0".
 IF test evaluated as false.  Skip to ELSE or ENDIF
  
 CHARMM>    if npspsbot .gt. 0 then
 Comparing "0" and "0".
 IF test evaluated as false.  Skip to ELSE or ENDIF
  
 CHARMM>    if ndspsbot .gt. 0 then
 Comparing "0" and "0".
 IF test evaluated as false.  Skip to ELSE or ENDIF
  
 CHARMM>    if npopsbot .gt. 0 then
 Comparing "0" and "0".
 IF test evaluated as false.  Skip to ELSE or ENDIF
  
 CHARMM>    if npspcbot .gt. 0 then
 Comparing "0" and "0".
 IF test evaluated as false.  Skip to ELSE or ENDIF
  
 CHARMM>    if npapcbot .gt. 0 then
 Comparing "0" and "0".
 IF test evaluated as false.  Skip to ELSE or ENDIF
  
 CHARMM>    if nplpsbot .gt. 0 then
 Comparing "0" and "0".
 IF test evaluated as false.  Skip to ELSE or ENDIF
  
 CHARMM>    if nsopsbot .gt. 0 then
 Comparing "0" and "0".
 IF test evaluated as false.  Skip to ELSE or ENDIF
  
 CHARMM>    if nslpsbot .gt. 0 then
 Comparing "0" and "0".
 IF test evaluated as false.  Skip to ELSE or ENDIF
  
 CHARMM>    if nolpsbot .gt. 0 then
 Comparing "0" and "0".
 IF test evaluated as false.  Skip to ELSE or ENDIF
  
 CHARMM>    if ndypsbot .gt. 0 then
 Comparing "0" and "0".
 IF test evaluated as false.  Skip to ELSE or ENDIF
  
 CHARMM>    if nyopsbot .gt. 0 then
 Comparing "0" and "0".
 IF test evaluated as false.  Skip to ELSE or ENDIF
  
 CHARMM>    if ndopsbot .gt. 0 then
 Comparing "0" and "0".
 IF test evaluated as false.  Skip to ELSE or ENDIF
  
 CHARMM>    if ndgpsbot .gt. 0 then
 Comparing "0" and "0".
 IF test evaluated as false.  Skip to ELSE or ENDIF
  
 CHARMM>    if ndepsbot .gt. 0 then
 Comparing "0" and "0".
 IF test evaluated as false.  Skip to ELSE or ENDIF
  
 CHARMM>    if nddopsbot .gt. 0 then
 Comparing "0" and "0".
 IF test evaluated as false.  Skip to ELSE or ENDIF
  
 CHARMM>    if ndnpsbot .gt. 0 then
 Comparing "0" and "0".
 IF test evaluated as false.  Skip to ELSE or ENDIF
  
 CHARMM>    if nllpsbot .gt. 0 then
 Comparing "0" and "0".
 IF test evaluated as false.  Skip to ELSE or ENDIF
  
 CHARMM>    if npopp1bot .gt. 0 then
 Comparing "0" and "0".
 IF test evaluated as false.  Skip to ELSE or ENDIF
  
 CHARMM>    if npopp2bot .gt. 0 then
 Comparing "0" and "0".
 IF test evaluated as false.  Skip to ELSE or ENDIF
  
 CHARMM>    if npopp3bot .gt. 0 then
 Comparing "0" and "0".
 IF test evaluated as false.  Skip to ELSE or ENDIF
  
 CHARMM>    if ndopp1bot .gt. 0 then
 Comparing "0" and "0".
 IF test evaluated as false.  Skip to ELSE or ENDIF
  
 CHARMM>    if ndopp2bot .gt. 0 then
 Comparing "0" and "0".
 IF test evaluated as false.  Skip to ELSE or ENDIF
  
 CHARMM>    if ndopp3bot .gt. 0 then
 Comparing "0" and "0".
 IF test evaluated as false.  Skip to ELSE or ENDIF
  
 CHARMM>    if ndmpibot .gt. 0 then
 Comparing "0" and "0".
 IF test evaluated as false.  Skip to ELSE or ENDIF
  
 CHARMM>    if ndmpi13bot .gt. 0 then
 Comparing "0" and "0".
 IF test evaluated as false.  Skip to ELSE or ENDIF
  
 CHARMM>    if ndmpi14bot .gt. 0 then
 Comparing "0" and "0".
 IF test evaluated as false.  Skip to ELSE or ENDIF
  
 CHARMM>    if ndmpi15bot .gt. 0 then
 Comparing "0" and "0".
 IF test evaluated as false.  Skip to ELSE or ENDIF
  
 CHARMM>    if ndmpi24bot .gt. 0 then
 Comparing "0" and "0".
 IF test evaluated as false.  Skip to ELSE or ENDIF
  
 CHARMM>    if ndmpi25bot .gt. 0 then
 Comparing "0" and "0".
 IF test evaluated as false.  Skip to ELSE or ENDIF
  
 CHARMM>    if ndmpi2abot .gt. 0 then
 Comparing "0" and "0".
 IF test evaluated as false.  Skip to ELSE or ENDIF
  
 CHARMM>    if ndmpi2bbot .gt. 0 then
 Comparing "0" and "0".
 IF test evaluated as false.  Skip to ELSE or ENDIF
  
 CHARMM>    if ndmpi2cbot .gt. 0 then
 Comparing "0" and "0".
 IF test evaluated as false.  Skip to ELSE or ENDIF
  
 CHARMM>    if ndmpi2dbot .gt. 0 then
 Comparing "0" and "0".
 IF test evaluated as false.  Skip to ELSE or ENDIF
  
 CHARMM>    if ndmpi33bot .gt. 0 then
 Comparing "0" and "0".
 IF test evaluated as false.  Skip to ELSE or ENDIF
  
 CHARMM>    if ndmpi34bot .gt. 0 then
 Comparing "0" and "0".
 IF test evaluated as false.  Skip to ELSE or ENDIF
  
 CHARMM>    if ndmpi35bot .gt. 0 then
 Comparing "0" and "0".
 IF test evaluated as false.  Skip to ELSE or ENDIF
  
 CHARMM>    if ndppibot .gt. 0 then
 Comparing "0" and "0".
 IF test evaluated as false.  Skip to ELSE or ENDIF
  
 CHARMM>    if npypibot .gt. 0 then
 Comparing "0" and "0".
 IF test evaluated as false.  Skip to ELSE or ENDIF
  
 CHARMM>    if npspibot .gt. 0 then
 Comparing "0" and "0".
 IF test evaluated as false.  Skip to ELSE or ENDIF
  
 CHARMM>    if npopibot .gt. 0 then
 Comparing "0" and "0".
 IF test evaluated as false.  Skip to ELSE or ENDIF
  
 CHARMM>    if npopi13bot .gt. 0 then
 Comparing "0" and "0".
 IF test evaluated as false.  Skip to ELSE or ENDIF
  
 CHARMM>    if npopi14bot .gt. 0 then
 Comparing "0" and "0".
 IF test evaluated as false.  Skip to ELSE or ENDIF
  
 CHARMM>    if npopi15bot .gt. 0 then
 Comparing "0" and "0".
 IF test evaluated as false.  Skip to ELSE or ENDIF
  
 CHARMM>    if npopi24bot .gt. 0 then
 Comparing "0" and "0".
 IF test evaluated as false.  Skip to ELSE or ENDIF
  
 CHARMM>    if npopi25bot .gt. 0 then
 Comparing "0" and "0".
 IF test evaluated as false.  Skip to ELSE or ENDIF
  
 CHARMM>    if npopi2abot .gt. 0 then
 Comparing "0" and "0".
 IF test evaluated as false.  Skip to ELSE or ENDIF
  
 CHARMM>    if npopi2bbot .gt. 0 then
 Comparing "0" and "0".
 IF test evaluated as false.  Skip to ELSE or ENDIF
  
 CHARMM>    if npopi2cbot .gt. 0 then
 Comparing "0" and "0".
 IF test evaluated as false.  Skip to ELSE or ENDIF
  
 CHARMM>    if npopi2dbot .gt. 0 then
 Comparing "0" and "0".
 IF test evaluated as false.  Skip to ELSE or ENDIF
  
 CHARMM>    if npopi33bot .gt. 0 then
 Comparing "0" and "0".
 IF test evaluated as false.  Skip to ELSE or ENDIF
  
 CHARMM>    if npopi34bot .gt. 0 then
 Comparing "0" and "0".
 IF test evaluated as false.  Skip to ELSE or ENDIF
  
 CHARMM>    if npopi35bot .gt. 0 then
 Comparing "0" and "0".
 IF test evaluated as false.  Skip to ELSE or ENDIF
  
 CHARMM>    if nplpibot .gt. 0 then
 Comparing "0" and "0".
 IF test evaluated as false.  Skip to ELSE or ENDIF
  
 CHARMM>    if nplpi13bot .gt. 0 then
 Comparing "0" and "0".
 IF test evaluated as false.  Skip to ELSE or ENDIF
  
 CHARMM>    if nplpi14bot .gt. 0 then
 Comparing "0" and "0".
 IF test evaluated as false.  Skip to ELSE or ENDIF
  
 CHARMM>    if nplpi15bot .gt. 0 then
 Comparing "0" and "0".
 IF test evaluated as false.  Skip to ELSE or ENDIF
  
 CHARMM>    if nplpi24bot .gt. 0 then
 Comparing "0" and "0".
 IF test evaluated as false.  Skip to ELSE or ENDIF
  
 CHARMM>    if nplpi25bot .gt. 0 then
 Comparing "0" and "0".
 IF test evaluated as false.  Skip to ELSE or ENDIF
  
 CHARMM>    if nplpi2abot .gt. 0 then
 Comparing "0" and "0".
 IF test evaluated as false.  Skip to ELSE or ENDIF
  
 CHARMM>    if nplpi2bbot .gt. 0 then
 Comparing "0" and "0".
 IF test evaluated as false.  Skip to ELSE or ENDIF
  
 CHARMM>    if nplpi2cbot .gt. 0 then
 Comparing "0" and "0".
 IF test evaluated as false.  Skip to ELSE or ENDIF
  
 CHARMM>    if nplpi2dbot .gt. 0 then
 Comparing "0" and "0".
 IF test evaluated as false.  Skip to ELSE or ENDIF
  
 CHARMM>    if nplpi33bot .gt. 0 then
 Comparing "0" and "0".
 IF test evaluated as false.  Skip to ELSE or ENDIF
  
 CHARMM>    if nplpi34bot .gt. 0 then
 Comparing "0" and "0".
 IF test evaluated as false.  Skip to ELSE or ENDIF
  
 CHARMM>    if nplpi35bot .gt. 0 then
 Comparing "0" and "0".
 IF test evaluated as false.  Skip to ELSE or ENDIF
  
 CHARMM>    if npnpibot .gt. 0 then
 Comparing "0" and "0".
 IF test evaluated as false.  Skip to ELSE or ENDIF
  
 CHARMM>    if npnpi13bot .gt. 0 then
 Comparing "0" and "0".
 IF test evaluated as false.  Skip to ELSE or ENDIF
  
 CHARMM>    if npnpi14bot .gt. 0 then
 Comparing "0" and "0".
 IF test evaluated as false.  Skip to ELSE or ENDIF
  
 CHARMM>    if npnpi15bot .gt. 0 then
 Comparing "0" and "0".
 IF test evaluated as false.  Skip to ELSE or ENDIF
  
 CHARMM>    if npnpi24bot .gt. 0 then
 Comparing "0" and "0".
 IF test evaluated as false.  Skip to ELSE or ENDIF
  
 CHARMM>    if npnpi25bot .gt. 0 then
 Comparing "0" and "0".
 IF test evaluated as false.  Skip to ELSE or ENDIF
  
 CHARMM>    if npnpi2abot .gt. 0 then
 Comparing "0" and "0".
 IF test evaluated as false.  Skip to ELSE or ENDIF
  
 CHARMM>    if npnpi2bbot .gt. 0 then
 Comparing "0" and "0".
 IF test evaluated as false.  Skip to ELSE or ENDIF
  
 CHARMM>    if npnpi2cbot .gt. 0 then
 Comparing "0" and "0".
 IF test evaluated as false.  Skip to ELSE or ENDIF
  
 CHARMM>    if npnpi2dbot .gt. 0 then
 Comparing "0" and "0".
 IF test evaluated as false.  Skip to ELSE or ENDIF
  
 CHARMM>    if npnpi33bot .gt. 0 then
 Comparing "0" and "0".
 IF test evaluated as false.  Skip to ELSE or ENDIF
  
 CHARMM>    if npnpi34bot .gt. 0 then
 Comparing "0" and "0".
 IF test evaluated as false.  Skip to ELSE or ENDIF
  
 CHARMM>    if npnpi35bot .gt. 0 then
 Comparing "0" and "0".
 IF test evaluated as false.  Skip to ELSE or ENDIF
  
 CHARMM>    if nslpibot .gt. 0 then
 Comparing "0" and "0".
 IF test evaluated as false.  Skip to ELSE or ENDIF
  
 CHARMM>    if nsapibot .gt. 0 then
 Comparing "0" and "0".
 IF test evaluated as false.  Skip to ELSE or ENDIF
  
 CHARMM>    if nsapi13bot .gt. 0 then
 Comparing "0" and "0".
 IF test evaluated as false.  Skip to ELSE or ENDIF
  
 CHARMM>    if nsapi14bot .gt. 0 then
 Comparing "0" and "0".
 IF test evaluated as false.  Skip to ELSE or ENDIF
  
 CHARMM>    if nsapi15bot .gt. 0 then
 Comparing "0" and "0".
 IF test evaluated as false.  Skip to ELSE or ENDIF
  
 CHARMM>    if nsapi24bot .gt. 0 then
 Comparing "0" and "0".
 IF test evaluated as false.  Skip to ELSE or ENDIF
  
 CHARMM>    if nsapi25bot .gt. 0 then
 Comparing "0" and "0".
 IF test evaluated as false.  Skip to ELSE or ENDIF
  
 CHARMM>    if nsapi2abot .gt. 0 then
 Comparing "0" and "0".
 IF test evaluated as false.  Skip to ELSE or ENDIF
  
 CHARMM>    if nsapi2bbot .gt. 0 then
 Comparing "0" and "0".
 IF test evaluated as false.  Skip to ELSE or ENDIF
  
 CHARMM>    if nsapi2cbot .gt. 0 then
 Comparing "0" and "0".
 IF test evaluated as false.  Skip to ELSE or ENDIF
  
 CHARMM>    if nsapi2dbot .gt. 0 then
 Comparing "0" and "0".
 IF test evaluated as false.  Skip to ELSE or ENDIF
  
 CHARMM>    if nsapi33bot .gt. 0 then
 Comparing "0" and "0".
 IF test evaluated as false.  Skip to ELSE or ENDIF
  
 CHARMM>    if nsapi34bot .gt. 0 then
 Comparing "0" and "0".
 IF test evaluated as false.  Skip to ELSE or ENDIF
  
 CHARMM>    if nsapi35bot .gt. 0 then
 Comparing "0" and "0".
 IF test evaluated as false.  Skip to ELSE or ENDIF
  
 CHARMM>    if nsdpibot .gt. 0 then
 Comparing "0" and "0".
 IF test evaluated as false.  Skip to ELSE or ENDIF
  
 CHARMM>    if ndlipibot .gt. 0 then
 Comparing "0" and "0".
 IF test evaluated as false.  Skip to ELSE or ENDIF
  
 CHARMM>    if nlinpibot .gt. 0 then
 Comparing "0" and "0".
 IF test evaluated as false.  Skip to ELSE or ENDIF
  
 CHARMM>    if ntmcl1bot .gt. 0 then
 Comparing "0" and "0".
 IF test evaluated as false.  Skip to ELSE or ENDIF
  
 CHARMM>    if ntmcl2bot .gt. 0 then
 Comparing "0" and "0".
 IF test evaluated as false.  Skip to ELSE or ENDIF
  
 CHARMM>    if npmcl1bot .gt. 0 then
 Comparing "0" and "0".
 IF test evaluated as false.  Skip to ELSE or ENDIF
  
 CHARMM>    if npmcl2bot .gt. 0 then
 Comparing "0" and "0".
 IF test evaluated as false.  Skip to ELSE or ENDIF
  
 CHARMM>    if npaicl2bot .gt. 0 then
 Comparing "0" and "0".
 IF test evaluated as false.  Skip to ELSE or ENDIF
  
 CHARMM>    if npvcl2bot .gt. 0 then
 Comparing "0" and "0".
 IF test evaluated as false.  Skip to ELSE or ENDIF
  
 CHARMM>    if npocl1bot .gt. 0 then
 Comparing "0" and "0".
 IF test evaluated as false.  Skip to ELSE or ENDIF
  
 CHARMM>    if npocl2bot .gt. 0 then
 Comparing "0" and "0".
 IF test evaluated as false.  Skip to ELSE or ENDIF
  
 CHARMM>    if ntycl1bot .gt. 0 then
 Comparing "0" and "0".
 IF test evaluated as false.  Skip to ELSE or ENDIF
  
 CHARMM>    if ntycl2bot .gt. 0 then
 Comparing "0" and "0".
 IF test evaluated as false.  Skip to ELSE or ENDIF
  
 CHARMM>    if ntocl1bot .gt. 0 then
 Comparing "0" and "0".
 IF test evaluated as false.  Skip to ELSE or ENDIF
  
 CHARMM>    if ntocl2bot .gt. 0 then
 Comparing "0" and "0".
 IF test evaluated as false.  Skip to ELSE or ENDIF
  
 CHARMM>    if nloacl1bot .gt. 0 then
 Comparing "0" and "0".
 IF test evaluated as false.  Skip to ELSE or ENDIF
  
 CHARMM>    if nloacl2bot .gt. 0 then
 Comparing "0" and "0".
 IF test evaluated as false.  Skip to ELSE or ENDIF
  
 CHARMM>    if nloccl1bot .gt. 0 then
 Comparing "0" and "0".
 IF test evaluated as false.  Skip to ELSE or ENDIF
  
 CHARMM>    if nloccl2bot .gt. 0 then
 Comparing "0" and "0".
 IF test evaluated as false.  Skip to ELSE or ENDIF
  
 CHARMM>    if ntlcl1bot .gt. 0 then
 Comparing "0" and "0".
 IF test evaluated as false.  Skip to ELSE or ENDIF
  
 CHARMM>    if ntlcl2bot .gt. 0 then
 Comparing "0" and "0".
 IF test evaluated as false.  Skip to ELSE or ENDIF
  
 CHARMM>    if nlnccl1bot .gt. 0 then
 Comparing "0" and "0".
 IF test evaluated as false.  Skip to ELSE or ENDIF
  
 CHARMM>    if nlnccl2bot .gt. 0 then
 Comparing "0" and "0".
 IF test evaluated as false.  Skip to ELSE or ENDIF
  
 CHARMM>    if nlnacl1bot .gt. 0 then
 Comparing "0" and "0".
 IF test evaluated as false.  Skip to ELSE or ENDIF
  
 CHARMM>    if nlnacl2bot .gt. 0 then
 Comparing "0" and "0".
 IF test evaluated as false.  Skip to ELSE or ENDIF
  
 CHARMM>    if nlndcl1bot .gt. 0 then
 Comparing "0" and "0".
 IF test evaluated as false.  Skip to ELSE or ENDIF
  
 CHARMM>    if nlndcl2bot .gt. 0 then
 Comparing "0" and "0".
 IF test evaluated as false.  Skip to ELSE or ENDIF
  
 CHARMM>    if nlnbcl1bot .gt. 0 then
 Comparing "0" and "0".
 IF test evaluated as false.  Skip to ELSE or ENDIF
  
 CHARMM>    if nlnbcl2bot .gt. 0 then
 Comparing "0" and "0".
 IF test evaluated as false.  Skip to ELSE or ENDIF
  
 CHARMM>    if ndlglbot .gt. 0 then
 Comparing "0" and "0".
 IF test evaluated as false.  Skip to ELSE or ENDIF
  
 CHARMM>    if ndmglbot .gt. 0 then
 Comparing "0" and "0".
 IF test evaluated as false.  Skip to ELSE or ENDIF
  
 CHARMM>    if ndpglbot .gt. 0 then
 Comparing "0" and "0".
 IF test evaluated as false.  Skip to ELSE or ENDIF
  
 CHARMM>    if ndsglbot .gt. 0 then
 Comparing "0" and "0".
 IF test evaluated as false.  Skip to ELSE or ENDIF
  
 CHARMM>    if npoglbot .gt. 0 then
 Comparing "0" and "0".
 IF test evaluated as false.  Skip to ELSE or ENDIF
  
 CHARMM>    if nplglbot .gt. 0 then
 Comparing "0" and "0".
 IF test evaluated as false.  Skip to ELSE or ENDIF
  
 CHARMM>    if nsoglbot .gt. 0 then
 Comparing "0" and "0".
 IF test evaluated as false.  Skip to ELSE or ENDIF
  
 CHARMM>    if nslglbot .gt. 0 then
 Comparing "0" and "0".
 IF test evaluated as false.  Skip to ELSE or ENDIF
  
 CHARMM>    if nsaglbot .gt. 0 then
 Comparing "0" and "0".
 IF test evaluated as false.  Skip to ELSE or ENDIF
  
 CHARMM>    if nsdglbot .gt. 0 then
 Comparing "0" and "0".
 IF test evaluated as false.  Skip to ELSE or ENDIF
  
 CHARMM>    if ndyglbot .gt. 0 then
 Comparing "0" and "0".
 IF test evaluated as false.  Skip to ELSE or ENDIF
  
 CHARMM>    if ndoglbot .gt. 0 then
 Comparing "0" and "0".
 IF test evaluated as false.  Skip to ELSE or ENDIF
  
 CHARMM>    if ndgglbot .gt. 0 then
 Comparing "0" and "0".
 IF test evaluated as false.  Skip to ELSE or ENDIF
  
 CHARMM>    if ndeglbot .gt. 0 then
 Comparing "0" and "0".
 IF test evaluated as false.  Skip to ELSE or ENDIF
  
 CHARMM>    if ndnglbot .gt. 0 then
 Comparing "0" and "0".
 IF test evaluated as false.  Skip to ELSE or ENDIF
  
 CHARMM>    if ndtglbot .gt. 0 then
 Comparing "0" and "0".
 IF test evaluated as false.  Skip to ELSE or ENDIF
  
 CHARMM>    if ntiglbot .gt. 0 then
 Comparing "0" and "0".
 IF test evaluated as false.  Skip to ELSE or ENDIF
  
 CHARMM>    if ndiglbot .gt. 0 then
 Comparing "0" and "0".
 IF test evaluated as false.  Skip to ELSE or ENDIF
  
 CHARMM>    if nllglbot .gt. 0 then
 Comparing "0" and "0".
 IF test evaluated as false.  Skip to ELSE or ENDIF
  
 CHARMM>    if ndaglbot .gt. 0 then
 Comparing "0" and "0".
 IF test evaluated as false.  Skip to ELSE or ENDIF
  
 CHARMM>    if nlostgbot .gt. 0 then
 Comparing "0" and "0".
 IF test evaluated as false.  Skip to ELSE or ENDIF
  
 CHARMM>    if noootgbot .gt. 0 then
 Comparing "0" and "0".
 IF test evaluated as false.  Skip to ELSE or ENDIF
  
 CHARMM>    if nopotgbot .gt. 0 then
 Comparing "0" and "0".
 IF test evaluated as false.  Skip to ELSE or ENDIF
  
 CHARMM>    if npootgbot .gt. 0 then
 Comparing "0" and "0".
 IF test evaluated as false.  Skip to ELSE or ENDIF
  
 CHARMM>    if npostgbot .gt. 0 then
 Comparing "0" and "0".
 IF test evaluated as false.  Skip to ELSE or ENDIF
  
 CHARMM>    if nsootgbot .gt. 0 then
 Comparing "0" and "0".
 IF test evaluated as false.  Skip to ELSE or ENDIF
  
 CHARMM>    if nspotgbot .gt. 0 then
 Comparing "0" and "0".
 IF test evaluated as false.  Skip to ELSE or ENDIF
  
 CHARMM>    if nppptgbot .gt. 0 then
 Comparing "0" and "0".
 IF test evaluated as false.  Skip to ELSE or ENDIF
  
 CHARMM>    if nooltgbot .gt. 0 then
 Comparing "0" and "0".
 IF test evaluated as false.  Skip to ELSE or ENDIF
  
 CHARMM>    if npoltgbot .gt. 0 then
 Comparing "0" and "0".
 IF test evaluated as false.  Skip to ELSE or ENDIF
  
 CHARMM>    if nppltgbot .gt. 0 then
 Comparing "0" and "0".
 IF test evaluated as false.  Skip to ELSE or ENDIF
  
 CHARMM>    if nplltgbot .gt. 0 then
 Comparing "0" and "0".
 IF test evaluated as false.  Skip to ELSE or ENDIF
  
 CHARMM>    if nolltgbot .gt. 0 then
 Comparing "0" and "0".
 IF test evaluated as false.  Skip to ELSE or ENDIF
  
 CHARMM>    if nllltgbot .gt. 0 then
 Comparing "0" and "0".
 IF test evaluated as false.  Skip to ELSE or ENDIF
  
 CHARMM>    if nsoltgbot .gt. 0 then
 Comparing "0" and "0".
 IF test evaluated as false.  Skip to ELSE or ENDIF
  
 CHARMM>    if nslltgbot .gt. 0 then
 Comparing "0" and "0".
 IF test evaluated as false.  Skip to ELSE or ENDIF
  
 CHARMM>    if npsltgbot .gt. 0 then
 Comparing "0" and "0".
 IF test evaluated as false.  Skip to ELSE or ENDIF
  
 CHARMM>    if nllntgbot .gt. 0 then
 Comparing "0" and "0".
 IF test evaluated as false.  Skip to ELSE or ENDIF
  
 CHARMM>    if nplntgbot .gt. 0 then
 Comparing "0" and "0".
 IF test evaluated as false.  Skip to ELSE or ENDIF
  
 CHARMM>    if nolntgbot .gt. 0 then
 Comparing "0" and "0".
 IF test evaluated as false.  Skip to ELSE or ENDIF
  
 CHARMM>    if npontgbot .gt. 0 then
 Comparing "0" and "0".
 IF test evaluated as false.  Skip to ELSE or ENDIF
  
 CHARMM>    if noontgbot .gt. 0 then
 Comparing "0" and "0".
 IF test evaluated as false.  Skip to ELSE or ENDIF
  
 CHARMM>    if nsnltgbot .gt. 0 then
 Comparing "0" and "0".
 IF test evaluated as false.  Skip to ELSE or ENDIF
  
 CHARMM>    if nslntgbot .gt. 0 then
 Comparing "0" and "0".
 IF test evaluated as false.  Skip to ELSE or ENDIF
  
 CHARMM>    if nonntgbot .gt. 0 then
 Comparing "0" and "0".
 IF test evaluated as false.  Skip to ELSE or ENDIF
  
 CHARMM>    if nlnntgbot .gt. 0 then
 Comparing "0" and "0".
 IF test evaluated as false.  Skip to ELSE or ENDIF
  
 CHARMM>    if nppntgbot .gt. 0 then
 Comparing "0" and "0".
 IF test evaluated as false.  Skip to ELSE or ENDIF
  
 CHARMM>    if nppotgbot .gt. 0 then
 Comparing "0" and "0".
 IF test evaluated as false.  Skip to ELSE or ENDIF
  
 CHARMM>    if npnntgbot .gt. 0 then
 Comparing "0" and "0".
 IF test evaluated as false.  Skip to ELSE or ENDIF
  
 CHARMM>    if npsotgbot .gt. 0 then
 Comparing "0" and "0".
 IF test evaluated as false.  Skip to ELSE or ENDIF
  
 CHARMM>    if nnnntgbot .gt. 0 then
 Comparing "0" and "0".
 IF test evaluated as false.  Skip to ELSE or ENDIF
  
 CHARMM>    if nsontgbot .gt. 0 then
 Comparing "0" and "0".
 IF test evaluated as false.  Skip to ELSE or ENDIF
  
 CHARMM>    if nplatgbot .gt. 0 then
 Comparing "0" and "0".
 IF test evaluated as false.  Skip to ELSE or ENDIF
  
 CHARMM>    if nslatgbot .gt. 0 then
 Comparing "0" and "0".
 IF test evaluated as false.  Skip to ELSE or ENDIF
  
 CHARMM>    if nolatgbot .gt. 0 then
 Comparing "0" and "0".
 IF test evaluated as false.  Skip to ELSE or ENDIF
  
 CHARMM>    if nonatgbot .gt. 0 then
 Comparing "0" and "0".
 IF test evaluated as false.  Skip to ELSE or ENDIF
  
 CHARMM>    if nllatgbot .gt. 0 then
 Comparing "0" and "0".
 IF test evaluated as false.  Skip to ELSE or ENDIF
  
 CHARMM>    if nllgtgbot .gt. 0 then
 Comparing "0" and "0".
 IF test evaluated as false.  Skip to ELSE or ENDIF
  
 CHARMM>    if nslgtgbot .gt. 0 then
 Comparing "0" and "0".
 IF test evaluated as false.  Skip to ELSE or ENDIF
  
 CHARMM>    if nsngtgbot .gt. 0 then
 Comparing "0" and "0".
 IF test evaluated as false.  Skip to ELSE or ENDIF
  
 CHARMM>    if nolgtgbot .gt. 0 then
 Comparing "0" and "0".
 IF test evaluated as false.  Skip to ELSE or ENDIF
  
 CHARMM>    if nsapabot .gt. 0 then
 Comparing "0" and "0".
 IF test evaluated as false.  Skip to ELSE or ENDIF
  
 CHARMM>    if nsapcbot .gt. 0 then
 Comparing "0" and "0".
 IF test evaluated as false.  Skip to ELSE or ENDIF
  
 CHARMM>    if nsapebot .gt. 0 then
 Comparing "0" and "0".
 IF test evaluated as false.  Skip to ELSE or ENDIF
  
 CHARMM>    if nsapgbot .gt. 0 then
 Comparing "0" and "0".
 IF test evaluated as false.  Skip to ELSE or ENDIF
  
 CHARMM>    if nsapsbot .gt. 0 then
 Comparing "0" and "0".
 IF test evaluated as false.  Skip to ELSE or ENDIF
  
 CHARMM>    if nsdpabot .gt. 0 then
 Comparing "0" and "0".
 IF test evaluated as false.  Skip to ELSE or ENDIF
  
 CHARMM>    if nsdpcbot .gt. 0 then
 Comparing "0" and "0".
 IF test evaluated as false.  Skip to ELSE or ENDIF
  
 CHARMM>    if nsdpebot .gt. 0 then
 Comparing "0" and "0".
 IF test evaluated as false.  Skip to ELSE or ENDIF
  
 CHARMM>    if nsdpgbot .gt. 0 then
 Comparing "0" and "0".
 IF test evaluated as false.  Skip to ELSE or ENDIF
  
 CHARMM>    if nsdpsbot .gt. 0 then
 Comparing "0" and "0".
 IF test evaluated as false.  Skip to ELSE or ENDIF
  
 CHARMM>    if ndapabot .gt. 0 then
 Comparing "0" and "0".
 IF test evaluated as false.  Skip to ELSE or ENDIF
  
 CHARMM>    if ndapcbot .gt. 0 then
 Comparing "0" and "0".
 IF test evaluated as false.  Skip to ELSE or ENDIF
  
 CHARMM>    if ndapebot .gt. 0 then
 Comparing "0" and "0".
 IF test evaluated as false.  Skip to ELSE or ENDIF
  
 CHARMM>    if ndapgbot .gt. 0 then
 Comparing "0" and "0".
 IF test evaluated as false.  Skip to ELSE or ENDIF
  
 CHARMM>    if ndapsbot .gt. 0 then
 Comparing "0" and "0".
 IF test evaluated as false.  Skip to ELSE or ENDIF
  
 CHARMM>    if npepsbot .gt. 0 then
 Comparing "0" and "0".
 IF test evaluated as false.  Skip to ELSE or ENDIF
  
 CHARMM>    if noepsbot .gt. 0 then
 Comparing "0" and "0".
 IF test evaluated as false.  Skip to ELSE or ENDIF
  
 CHARMM>    if ntspcbot .gt. 0 then
 Comparing "0" and "0".
 IF test evaluated as false.  Skip to ELSE or ENDIF
  
 CHARMM>    if ndtpabot .gt. 0 then
 Comparing "0" and "0".
 IF test evaluated as false.  Skip to ELSE or ENDIF
  
 CHARMM>    if ntipabot .gt. 0 then
 Comparing "0" and "0".
 IF test evaluated as false.  Skip to ELSE or ENDIF
  
 CHARMM>    if ndipabot .gt. 0 then
 Comparing "0" and "0".
 IF test evaluated as false.  Skip to ELSE or ENDIF
  
 CHARMM>    if nllpabot .gt. 0 then
 Comparing "0" and "0".
 IF test evaluated as false.  Skip to ELSE or ENDIF
  
 CHARMM>    if nllpgbot .gt. 0 then
 Comparing "0" and "0".
 IF test evaluated as false.  Skip to ELSE or ENDIF
  
 CHARMM>    if nplepcbot .gt. 0 then
 Comparing "0" and "0".
 IF test evaluated as false.  Skip to ELSE or ENDIF
  
 CHARMM>    if nplepebot .gt. 0 then
 Comparing "0" and "0".
 IF test evaluated as false.  Skip to ELSE or ENDIF
  
 CHARMM>    if nplepsbot .gt. 0 then
 Comparing "0" and "0".
 IF test evaluated as false.  Skip to ELSE or ENDIF
  
 CHARMM>    if nplepabot .gt. 0 then
 Comparing "0" and "0".
 IF test evaluated as false.  Skip to ELSE or ENDIF
  
 CHARMM>    if nplepgbot .gt. 0 then
 Comparing "0" and "0".
 IF test evaluated as false.  Skip to ELSE or ENDIF
  
 CHARMM>    if npapebot .gt. 0 then
 Comparing "0" and "0".
 IF test evaluated as false.  Skip to ELSE or ENDIF
  
 CHARMM>    if npapsbot .gt. 0 then
 Comparing "0" and "0".
 IF test evaluated as false.  Skip to ELSE or ENDIF
  
 CHARMM>    if npapgbot .gt. 0 then
 Comparing "0" and "0".
 IF test evaluated as false.  Skip to ELSE or ENDIF
  
 CHARMM>    if npapabot .gt. 0 then
 Comparing "0" and "0".
 IF test evaluated as false.  Skip to ELSE or ENDIF
  
 CHARMM>    if nlypgbot .gt. 0 then
 Comparing "0" and "0".
 IF test evaluated as false.  Skip to ELSE or ENDIF
  
 CHARMM>    if nylipgbot .gt. 0 then
 Comparing "0" and "0".
 IF test evaluated as false.  Skip to ELSE or ENDIF
  
 CHARMM>    if nslepcbot .gt. 0 then
 Comparing "0" and "0".
 IF test evaluated as false.  Skip to ELSE or ENDIF
  
 CHARMM>    if nsodpcbot .gt. 0 then
 Comparing "0" and "0".
 IF test evaluated as false.  Skip to ELSE or ENDIF
  
 CHARMM>    if nseppcbot .gt. 0 then
 Comparing "0" and "0".
 IF test evaluated as false.  Skip to ELSE or ENDIF
  
 CHARMM>    if ntsmbot .gt. 0 then
 Comparing "0" and "0".
 IF test evaluated as false.  Skip to ELSE or ENDIF
  
 CHARMM>    if ndsmbot .gt. 0 then
 Comparing "0" and "0".
 IF test evaluated as false.  Skip to ELSE or ENDIF
  
 CHARMM>    if npsmbot .gt. 0 then
 Comparing "0" and "0".
 IF test evaluated as false.  Skip to ELSE or ENDIF
  
 CHARMM>    if nssmbot .gt. 0 then
 Comparing "0" and "0".
 IF test evaluated as false.  Skip to ELSE or ENDIF
  
 CHARMM>    if nasmbot .gt. 0 then
 Comparing "0" and "0".
 IF test evaluated as false.  Skip to ELSE or ENDIF
  
 CHARMM>    if nbsmbot .gt. 0 then
 Comparing "0" and "0".
 IF test evaluated as false.  Skip to ELSE or ENDIF
  
 CHARMM>    if n23smbot .gt. 0 then
 Comparing "0" and "0".
 IF test evaluated as false.  Skip to ELSE or ENDIF
  
 CHARMM>    if nlsmbot .gt. 0 then
 Comparing "0" and "0".
 IF test evaluated as false.  Skip to ELSE or ENDIF
  
 CHARMM>    if nosmbot .gt. 0 then
 Comparing "0" and "0".
 IF test evaluated as false.  Skip to ELSE or ENDIF
  
 CHARMM>    if nnsmbot .gt. 0 then
 Comparing "0" and "0".
 IF test evaluated as false.  Skip to ELSE or ENDIF
  
 CHARMM>    if ncer160bot .gt. 0 then
 Comparing "0" and "0".
 IF test evaluated as false.  Skip to ELSE or ENDIF
  
 CHARMM>    if ncer180bot .gt. 0 then
 Comparing "0" and "0".
 IF test evaluated as false.  Skip to ELSE or ENDIF
  
 CHARMM>    if ncer181bot .gt. 0 then
 Comparing "0" and "0".
 IF test evaluated as false.  Skip to ELSE or ENDIF
  
 CHARMM>    if ncer200bot .gt. 0 then
 Comparing "0" and "0".
 IF test evaluated as false.  Skip to ELSE or ENDIF
  
 CHARMM>    if ncer220bot .gt. 0 then
 Comparing "0" and "0".
 IF test evaluated as false.  Skip to ELSE or ENDIF
  
 CHARMM>    if ncer240bot .gt. 0 then
 Comparing "0" and "0".
 IF test evaluated as false.  Skip to ELSE or ENDIF
  
 CHARMM>    if ncer241bot .gt. 0 then
 Comparing "0" and "0".
 IF test evaluated as false.  Skip to ELSE or ENDIF
  
 CHARMM>    if ncer3ebot .gt. 0 then
 Comparing "0" and "0".
 IF test evaluated as false.  Skip to ELSE or ENDIF
  
 CHARMM>    if ncer6bot .gt. 0 then
 Comparing "0" and "0".
 IF test evaluated as false.  Skip to ELSE or ENDIF
  
 CHARMM>    if ncer3bot .gt. 0 then
 Comparing "0" and "0".
 IF test evaluated as false.  Skip to ELSE or ENDIF
  
 CHARMM>    if ncer1bot .gt. 0 then
 Comparing "0" and "0".
 IF test evaluated as false.  Skip to ELSE or ENDIF
  
 CHARMM>    if nmaipcbot .gt. 0 then
 Comparing "0" and "0".
 IF test evaluated as false.  Skip to ELSE or ENDIF
  
 CHARMM>    if nmaipgbot .gt. 0 then
 Comparing "0" and "0".
 IF test evaluated as false.  Skip to ELSE or ENDIF
  
 CHARMM>    if nmaipebot .gt. 0 then
 Comparing "0" and "0".
 IF test evaluated as false.  Skip to ELSE or ENDIF
  
 CHARMM>    if naipcbot .gt. 0 then
 Comparing "0" and "0".
 IF test evaluated as false.  Skip to ELSE or ENDIF
  
 CHARMM>    if naipgbot .gt. 0 then
 Comparing "0" and "0".
 IF test evaluated as false.  Skip to ELSE or ENDIF
  
 CHARMM>    if naipebot .gt. 0 then
 Comparing "0" and "0".
 IF test evaluated as false.  Skip to ELSE or ENDIF
  
 CHARMM>    if nqmpebot .gt. 0 then
 Comparing "0" and "0".
 IF test evaluated as false.  Skip to ELSE or ENDIF
  
 CHARMM>    if npaipcbot .gt. 0 then
 Comparing "0" and "0".
 IF test evaluated as false.  Skip to ELSE or ENDIF
  
 CHARMM>    if npaipgbot .gt. 0 then
 Comparing "0" and "0".
 IF test evaluated as false.  Skip to ELSE or ENDIF
  
 CHARMM>    if npaipebot .gt. 0 then
 Comparing "0" and "0".
 IF test evaluated as false.  Skip to ELSE or ENDIF
  
 CHARMM>    if nappcbot .gt. 0 then
 Comparing "0" and "0".
 IF test evaluated as false.  Skip to ELSE or ENDIF
  
 CHARMM>    if nippcbot .gt. 0 then
 Comparing "0" and "0".
 IF test evaluated as false.  Skip to ELSE or ENDIF
  
 CHARMM>    if npmpebot .gt. 0 then
 Comparing "0" and "0".
 IF test evaluated as false.  Skip to ELSE or ENDIF
  
 CHARMM>    if npmpgbot .gt. 0 then
 Comparing "0" and "0".
 IF test evaluated as false.  Skip to ELSE or ENDIF
  
 CHARMM>    if nphpcbot .gt. 0 then
 Comparing "0" and "0".
 IF test evaluated as false.  Skip to ELSE or ENDIF
  
 CHARMM>    if npppebot .gt. 0 then
 Comparing "0" and "0".
 IF test evaluated as false.  Skip to ELSE or ENDIF
  
 CHARMM>    if npvpebot .gt. 0 then
 Comparing "0" and "0".
 IF test evaluated as false.  Skip to ELSE or ENDIF
  
 CHARMM>    if npvpgbot .gt. 0 then
 Comparing "0" and "0".
 IF test evaluated as false.  Skip to ELSE or ENDIF
  
 CHARMM>    if npepcbot .gt. 0 then
 Comparing "0" and "0".
 IF test evaluated as false.  Skip to ELSE or ENDIF
  
 CHARMM>    if npepebot .gt. 0 then
 Comparing "0" and "0".
 IF test evaluated as false.  Skip to ELSE or ENDIF
  
 CHARMM>    if noepebot .gt. 0 then
 Comparing "0" and "0".
 IF test evaluated as false.  Skip to ELSE or ENDIF
  
 CHARMM>    if noepcbot .gt. 0 then
 Comparing "0" and "0".
 IF test evaluated as false.  Skip to ELSE or ENDIF
  
 CHARMM>    if ndppgkbot .gt. 0 then
 Comparing "0" and "0".
 IF test evaluated as false.  Skip to ELSE or ENDIF
  
 CHARMM>    if npgmarbot .gt. 0 then
 Comparing "0" and "0".
 IF test evaluated as false.  Skip to ELSE or ENDIF
  
 CHARMM>    if narolbot .gt. 0 then
 Comparing "0" and "0".
 IF test evaluated as false.  Skip to ELSE or ENDIF
  
 CHARMM>    if npgarbot .gt. 0 then
 Comparing "0" and "0".
 IF test evaluated as false.  Skip to ELSE or ENDIF
  
 CHARMM>    if npearbot .gt. 0 then
 Comparing "0" and "0".
 IF test evaluated as false.  Skip to ELSE or ENDIF
  
 CHARMM>    if nmen7bot .gt. 0 then
 Comparing "0" and "0".
 IF test evaluated as false.  Skip to ELSE or ENDIF
  
 CHARMM>    if nmen8bot .gt. 0 then
 Comparing "0" and "0".
 IF test evaluated as false.  Skip to ELSE or ENDIF
  
 CHARMM>    if nmen9bot .gt. 0 then
 Comparing "0" and "0".
 IF test evaluated as false.  Skip to ELSE or ENDIF
  
 CHARMM>    if nmkol8bot .gt. 0 then
 Comparing "0" and "0".
 IF test evaluated as false.  Skip to ELSE or ENDIF
  
 CHARMM>    if narcl2bot .gt. 0 then
 Comparing "0" and "0".
 IF test evaluated as false.  Skip to ELSE or ENDIF
  
 CHARMM>    if nuq1bot .gt. 0 then
 Comparing "0" and "0".
 IF test evaluated as false.  Skip to ELSE or ENDIF
  
 CHARMM>    if nuq2bot .gt. 0 then
 Comparing "0" and "0".
 IF test evaluated as false.  Skip to ELSE or ENDIF
  
 CHARMM>    if nuq3bot .gt. 0 then
 Comparing "0" and "0".
 IF test evaluated as false.  Skip to ELSE or ENDIF
  
 CHARMM>    if nuq4bot .gt. 0 then
 Comparing "0" and "0".
 IF test evaluated as false.  Skip to ELSE or ENDIF
  
 CHARMM>    if nuq5bot .gt. 0 then
 Comparing "0" and "0".
 IF test evaluated as false.  Skip to ELSE or ENDIF
  
 CHARMM>    if nuq6bot .gt. 0 then
 Comparing "0" and "0".
 IF test evaluated as false.  Skip to ELSE or ENDIF
  
 CHARMM>    if nuq7bot .gt. 0 then
 Comparing "0" and "0".
 IF test evaluated as false.  Skip to ELSE or ENDIF
  
 CHARMM>    if nuq8bot .gt. 0 then
 Comparing "0" and "0".
 IF test evaluated as false.  Skip to ELSE or ENDIF
  
 CHARMM>    if nuq9bot .gt. 0 then
 Comparing "0" and "0".
 IF test evaluated as false.  Skip to ELSE or ENDIF
  
 CHARMM>    if nuq10bot .gt. 0 then
 Comparing "0" and "0".
 IF test evaluated as false.  Skip to ELSE or ENDIF
  
 CHARMM>    if nuqol1bot .gt. 0 then
 Comparing "0" and "0".
 IF test evaluated as false.  Skip to ELSE or ENDIF
  
 CHARMM>    if nuqol2bot .gt. 0 then
 Comparing "0" and "0".
 IF test evaluated as false.  Skip to ELSE or ENDIF
  
 CHARMM>    if nuqol3bot .gt. 0 then
 Comparing "0" and "0".
 IF test evaluated as false.  Skip to ELSE or ENDIF
  
 CHARMM>    if nuqol4bot .gt. 0 then
 Comparing "0" and "0".
 IF test evaluated as false.  Skip to ELSE or ENDIF
  
 CHARMM>    if nuqol5bot .gt. 0 then
 Comparing "0" and "0".
 IF test evaluated as false.  Skip to ELSE or ENDIF
  
 CHARMM>    if nuqol6bot .gt. 0 then
 Comparing "0" and "0".
 IF test evaluated as false.  Skip to ELSE or ENDIF
  
 CHARMM>    if nuqol7bot .gt. 0 then
 Comparing "0" and "0".
 IF test evaluated as false.  Skip to ELSE or ENDIF
  
 CHARMM>    if nuqol8bot .gt. 0 then
 Comparing "0" and "0".
 IF test evaluated as false.  Skip to ELSE or ENDIF
  
 CHARMM>    if nuqol9bot .gt. 0 then
 Comparing "0" and "0".
 IF test evaluated as false.  Skip to ELSE or ENDIF
  
 CHARMM>    if nuqol10bot .gt. 0 then
 Comparing "0" and "0".
 IF test evaluated as false.  Skip to ELSE or ENDIF
  
 CHARMM>    if nlaubot .gt. 0 then
 Comparing "0" and "0".
 IF test evaluated as false.  Skip to ELSE or ENDIF
  
 CHARMM>    if nmyrbot .gt. 0 then
 Comparing "0" and "0".
 IF test evaluated as false.  Skip to ELSE or ENDIF
  
 CHARMM>    if npalbot .gt. 0 then
 Comparing "0" and "0".
 IF test evaluated as false.  Skip to ELSE or ENDIF
  
 CHARMM>    if nstebot .gt. 0 then
 Comparing "0" and "0".
 IF test evaluated as false.  Skip to ELSE or ENDIF
  
 CHARMM>    if narabot .gt. 0 then
 Comparing "0" and "0".
 IF test evaluated as false.  Skip to ELSE or ENDIF
  
 CHARMM>    if nbehbot .gt. 0 then
 Comparing "0" and "0".
 IF test evaluated as false.  Skip to ELSE or ENDIF
  
 CHARMM>    if ntribot .gt. 0 then
 Comparing "0" and "0".
 IF test evaluated as false.  Skip to ELSE or ENDIF
  
 CHARMM>    if nlignbot .gt. 0 then
 Comparing "0" and "0".
 IF test evaluated as false.  Skip to ELSE or ENDIF
  
 CHARMM>    if nmyrobot .gt. 0 then
 Comparing "0" and "0".
 IF test evaluated as false.  Skip to ELSE or ENDIF
  
 CHARMM>    if npalobot .gt. 0 then
 Comparing "0" and "0".
 IF test evaluated as false.  Skip to ELSE or ENDIF
  
 CHARMM>    if nhtabot .gt. 0 then
 Comparing "0" and "0".
 IF test evaluated as false.  Skip to ELSE or ENDIF
  
 CHARMM>    if nolebot .gt. 0 then
 Comparing "0" and "0".
 IF test evaluated as false.  Skip to ELSE or ENDIF
  
 CHARMM>    if nlinbot .gt. 0 then
 Comparing "0" and "0".
 IF test evaluated as false.  Skip to ELSE or ENDIF
  
 CHARMM>    if nalinbot .gt. 0 then
 Comparing "0" and "0".
 IF test evaluated as false.  Skip to ELSE or ENDIF
  
 CHARMM>    if nsdabot .gt. 0 then
 Comparing "0" and "0".
 IF test evaluated as false.  Skip to ELSE or ENDIF
  
 CHARMM>    if nglabot .gt. 0 then
 Comparing "0" and "0".
 IF test evaluated as false.  Skip to ELSE or ENDIF
  
 CHARMM>    if neicobot .gt. 0 then
 Comparing "0" and "0".
 IF test evaluated as false.  Skip to ELSE or ENDIF
  
 CHARMM>    if nedabot .gt. 0 then
 Comparing "0" and "0".
 IF test evaluated as false.  Skip to ELSE or ENDIF
  
 CHARMM>    if nmeabot .gt. 0 then
 Comparing "0" and "0".
 IF test evaluated as false.  Skip to ELSE or ENDIF
  
 CHARMM>    if ndglabot .gt. 0 then
 Comparing "0" and "0".
 IF test evaluated as false.  Skip to ELSE or ENDIF
  
 CHARMM>    if netebot .gt. 0 then
 Comparing "0" and "0".
 IF test evaluated as false.  Skip to ELSE or ENDIF
  
 CHARMM>    if netabot .gt. 0 then
 Comparing "0" and "0".
 IF test evaluated as false.  Skip to ELSE or ENDIF
  
 CHARMM>    if nepabot .gt. 0 then
 Comparing "0" and "0".
 IF test evaluated as false.  Skip to ELSE or ENDIF
  
 CHARMM>    if naranbot .gt. 0 then
 Comparing "0" and "0".
 IF test evaluated as false.  Skip to ELSE or ENDIF
  
 CHARMM>    if nhpabot .gt. 0 then
 Comparing "0" and "0".
 IF test evaluated as false.  Skip to ELSE or ENDIF
  
 CHARMM>    if nerubot .gt. 0 then
 Comparing "0" and "0".
 IF test evaluated as false.  Skip to ELSE or ENDIF
  
 CHARMM>    if nddabot .gt. 0 then
 Comparing "0" and "0".
 IF test evaluated as false.  Skip to ELSE or ENDIF
  
 CHARMM>    if nadrbot .gt. 0 then
 Comparing "0" and "0".
 IF test evaluated as false.  Skip to ELSE or ENDIF
  
 CHARMM>    if ndptbot .gt. 0 then
 Comparing "0" and "0".
 IF test evaluated as false.  Skip to ELSE or ENDIF
  
 CHARMM>    if ndpabot .gt. 0 then
 Comparing "0" and "0".
 IF test evaluated as false.  Skip to ELSE or ENDIF
  
 CHARMM>    if ndhabot .gt. 0 then
 Comparing "0" and "0".
 IF test evaluated as false.  Skip to ELSE or ENDIF
  
 CHARMM>    if nnerbot .gt. 0 then
 Comparing "0" and "0".
 IF test evaluated as false.  Skip to ELSE or ENDIF
  
 CHARMM>    if nttabot .gt. 0 then
 Comparing "0" and "0".
 IF test evaluated as false.  Skip to ELSE or ENDIF
  
 CHARMM>    if ntptbot .gt. 0 then
 Comparing "0" and "0".
 IF test evaluated as false.  Skip to ELSE or ENDIF
  
 CHARMM>    if ntpabot .gt. 0 then
 Comparing "0" and "0".
 IF test evaluated as false.  Skip to ELSE or ENDIF
  
 CHARMM>    if nthabot .gt. 0 then
 Comparing "0" and "0".
 IF test evaluated as false.  Skip to ELSE or ENDIF
  
 CHARMM>    if nlaupbot .gt. 0 then
 Comparing "0" and "0".
 IF test evaluated as false.  Skip to ELSE or ENDIF
  
 CHARMM>    if nmyrpbot .gt. 0 then
 Comparing "0" and "0".
 IF test evaluated as false.  Skip to ELSE or ENDIF
  
 CHARMM>    if npalpbot .gt. 0 then
 Comparing "0" and "0".
 IF test evaluated as false.  Skip to ELSE or ENDIF
  
 CHARMM>    if nstepbot .gt. 0 then
 Comparing "0" and "0".
 IF test evaluated as false.  Skip to ELSE or ENDIF
  
 CHARMM>    if narapbot .gt. 0 then
 Comparing "0" and "0".
 IF test evaluated as false.  Skip to ELSE or ENDIF
  
 CHARMM>    if nbehpbot .gt. 0 then
 Comparing "0" and "0".
 IF test evaluated as false.  Skip to ELSE or ENDIF
  
 CHARMM>    if ntripbot .gt. 0 then
 Comparing "0" and "0".
 IF test evaluated as false.  Skip to ELSE or ENDIF
  
 CHARMM>    if nlignpbot .gt. 0 then
 Comparing "0" and "0".
 IF test evaluated as false.  Skip to ELSE or ENDIF
  
 CHARMM>    if nmyropbot .gt. 0 then
 Comparing "0" and "0".
 IF test evaluated as false.  Skip to ELSE or ENDIF
  
 CHARMM>    if npalopbot .gt. 0 then
 Comparing "0" and "0".
 IF test evaluated as false.  Skip to ELSE or ENDIF
  
 CHARMM>    if nhtapbot .gt. 0 then
 Comparing "0" and "0".
 IF test evaluated as false.  Skip to ELSE or ENDIF
  
 CHARMM>    if nolepbot .gt. 0 then
 Comparing "0" and "0".
 IF test evaluated as false.  Skip to ELSE or ENDIF
  
 CHARMM>    if nlinpbot .gt. 0 then
 Comparing "0" and "0".
 IF test evaluated as false.  Skip to ELSE or ENDIF
  
 CHARMM>    if nalinpbot .gt. 0 then
 Comparing "0" and "0".
 IF test evaluated as false.  Skip to ELSE or ENDIF
  
 CHARMM>    if nsdapbot .gt. 0 then
 Comparing "0" and "0".
 IF test evaluated as false.  Skip to ELSE or ENDIF
  
 CHARMM>    if nglapbot .gt. 0 then
 Comparing "0" and "0".
 IF test evaluated as false.  Skip to ELSE or ENDIF
  
 CHARMM>    if neicopbot .gt. 0 then
 Comparing "0" and "0".
 IF test evaluated as false.  Skip to ELSE or ENDIF
  
 CHARMM>    if nedapbot .gt. 0 then
 Comparing "0" and "0".
 IF test evaluated as false.  Skip to ELSE or ENDIF
  
 CHARMM>    if nmeapbot .gt. 0 then
 Comparing "0" and "0".
 IF test evaluated as false.  Skip to ELSE or ENDIF
  
 CHARMM>    if ndglapbot .gt. 0 then
 Comparing "0" and "0".
 IF test evaluated as false.  Skip to ELSE or ENDIF
  
 CHARMM>    if netepbot .gt. 0 then
 Comparing "0" and "0".
 IF test evaluated as false.  Skip to ELSE or ENDIF
  
 CHARMM>    if netapbot .gt. 0 then
 Comparing "0" and "0".
 IF test evaluated as false.  Skip to ELSE or ENDIF
  
 CHARMM>    if nepapbot .gt. 0 then
 Comparing "0" and "0".
 IF test evaluated as false.  Skip to ELSE or ENDIF
  
 CHARMM>    if naranpbot .gt. 0 then
 Comparing "0" and "0".
 IF test evaluated as false.  Skip to ELSE or ENDIF
  
 CHARMM>    if nhpapbot .gt. 0 then
 Comparing "0" and "0".
 IF test evaluated as false.  Skip to ELSE or ENDIF
  
 CHARMM>    if nerupbot .gt. 0 then
 Comparing "0" and "0".
 IF test evaluated as false.  Skip to ELSE or ENDIF
  
 CHARMM>    if nddapbot .gt. 0 then
 Comparing "0" and "0".
 IF test evaluated as false.  Skip to ELSE or ENDIF
  
 CHARMM>    if nadrpbot .gt. 0 then
 Comparing "0" and "0".
 IF test evaluated as false.  Skip to ELSE or ENDIF
  
 CHARMM>    if ndptpbot .gt. 0 then
 Comparing "0" and "0".
 IF test evaluated as false.  Skip to ELSE or ENDIF
  
 CHARMM>    if ndpapbot .gt. 0 then
 Comparing "0" and "0".
 IF test evaluated as false.  Skip to ELSE or ENDIF
  
 CHARMM>    if ndhapbot .gt. 0 then
 Comparing "0" and "0".
 IF test evaluated as false.  Skip to ELSE or ENDIF
  
 CHARMM>    if nnerpbot .gt. 0 then
 Comparing "0" and "0".
 IF test evaluated as false.  Skip to ELSE or ENDIF
  
 CHARMM>    if nttapbot .gt. 0 then
 Comparing "0" and "0".
 IF test evaluated as false.  Skip to ELSE or ENDIF
  
 CHARMM>    if ntptpbot .gt. 0 then
 Comparing "0" and "0".
 IF test evaluated as false.  Skip to ELSE or ENDIF
  
 CHARMM>    if ntpapbot .gt. 0 then
 Comparing "0" and "0".
 IF test evaluated as false.  Skip to ELSE or ENDIF
  
 CHARMM>    if nthapbot .gt. 0 then
 Comparing "0" and "0".
 IF test evaluated as false.  Skip to ELSE or ENDIF
  
 CHARMM>    if nsb3-10bot .gt. 0 then
 Comparing "0" and "0".
 IF test evaluated as false.  Skip to ELSE or ENDIF
  
 CHARMM>    if nsb3-12bot .gt. 0 then
 Comparing "0" and "0".
 IF test evaluated as false.  Skip to ELSE or ENDIF
  
 CHARMM>    if nsb3-14bot .gt. 0 then
 Comparing "0" and "0".
 IF test evaluated as false.  Skip to ELSE or ENDIF
  
 CHARMM>    if nchapsbot .gt. 0 then
 Comparing "0" and "0".
 IF test evaluated as false.  Skip to ELSE or ENDIF
  
 CHARMM>    if nchapsobot .gt. 0 then
 Comparing "0" and "0".
 IF test evaluated as false.  Skip to ELSE or ENDIF
  
 CHARMM>    if nddmgbot .gt. 0 then
 Comparing "0" and "0".
 IF test evaluated as false.  Skip to ELSE or ENDIF
  
 CHARMM>    if ndomgbot .gt. 0 then
 Comparing "0" and "0".
 IF test evaluated as false.  Skip to ELSE or ENDIF
  
 CHARMM>    if nddaobot .gt. 0 then
 Comparing "0" and "0".
 IF test evaluated as false.  Skip to ELSE or ENDIF
  
 CHARMM>    if nudaobot .gt. 0 then
 Comparing "0" and "0".
 IF test evaluated as false.  Skip to ELSE or ENDIF
  
 CHARMM>    if nldaobot .gt. 0 then
 Comparing "0" and "0".
 IF test evaluated as false.  Skip to ELSE or ENDIF
  
 CHARMM>    if nlapaobot .gt. 0 then
 Comparing "0" and "0".
 IF test evaluated as false.  Skip to ELSE or ENDIF
  
 CHARMM>    if ntripaobot .gt. 0 then
 Comparing "0" and "0".
 IF test evaluated as false.  Skip to ELSE or ENDIF
  
 CHARMM>    if nfos10bot .gt. 0 then
 Comparing "0" and "0".
 IF test evaluated as false.  Skip to ELSE or ENDIF
  
 CHARMM>    if nfos12bot .gt. 0 then
 Comparing "0" and "0".
 IF test evaluated as false.  Skip to ELSE or ENDIF
  
 CHARMM>    if nfos13bot .gt. 0 then
 Comparing "0" and "0".
 IF test evaluated as false.  Skip to ELSE or ENDIF
  
 CHARMM>    if nfos14bot .gt. 0 then
 Comparing "0" and "0".
 IF test evaluated as false.  Skip to ELSE or ENDIF
  
 CHARMM>    if nfos15bot .gt. 0 then
 Comparing "0" and "0".
 IF test evaluated as false.  Skip to ELSE or ENDIF
  
 CHARMM>    if nfos16bot .gt. 0 then
 Comparing "0" and "0".
 IF test evaluated as false.  Skip to ELSE or ENDIF
  
 CHARMM>    if nufos10bot .gt. 0 then
 Comparing "0" and "0".
 IF test evaluated as false.  Skip to ELSE or ENDIF
  
 CHARMM>    if nlpc12bot .gt. 0 then
 Comparing "0" and "0".
 IF test evaluated as false.  Skip to ELSE or ENDIF
  
 CHARMM>    if nlpc14bot .gt. 0 then
 Comparing "0" and "0".
 IF test evaluated as false.  Skip to ELSE or ENDIF
  
 CHARMM>    if nlpc16bot .gt. 0 then
 Comparing "0" and "0".
 IF test evaluated as false.  Skip to ELSE or ENDIF
  
 CHARMM>    if nfois9bot .gt. 0 then
 Comparing "0" and "0".
 IF test evaluated as false.  Skip to ELSE or ENDIF
  
 CHARMM>    if nfois11bot .gt. 0 then
 Comparing "0" and "0".
 IF test evaluated as false.  Skip to ELSE or ENDIF
  
 CHARMM>    if nc6dhpcbot .gt. 0 then
 Comparing "0" and "0".
 IF test evaluated as false.  Skip to ELSE or ENDIF
  
 CHARMM>    if nc7dhpcbot .gt. 0 then
 Comparing "0" and "0".
 IF test evaluated as false.  Skip to ELSE or ENDIF
  
 CHARMM>    if ncyfos3bot .gt. 0 then
 Comparing "0" and "0".
 IF test evaluated as false.  Skip to ELSE or ENDIF
  
 CHARMM>    if ncyfos4bot .gt. 0 then
 Comparing "0" and "0".
 IF test evaluated as false.  Skip to ELSE or ENDIF
  
 CHARMM>    if ncyfos5bot .gt. 0 then
 Comparing "0" and "0".
 IF test evaluated as false.  Skip to ELSE or ENDIF
  
 CHARMM>    if ncyfos6bot .gt. 0 then
 Comparing "0" and "0".
 IF test evaluated as false.  Skip to ELSE or ENDIF
  
 CHARMM>    if ncyfos7bot .gt. 0 then
 Comparing "0" and "0".
 IF test evaluated as false.  Skip to ELSE or ENDIF
  
 CHARMM>    if nsdsbot .gt. 0 then
 Comparing "0" and "0".
 IF test evaluated as false.  Skip to ELSE or ENDIF
  
 CHARMM>    if nlmpgbot .gt. 0 then
 Comparing "0" and "0".
 IF test evaluated as false.  Skip to ELSE or ENDIF
  
 CHARMM>    if nlppgbot .gt. 0 then
 Comparing "0" and "0".
 IF test evaluated as false.  Skip to ELSE or ENDIF
  
 CHARMM>    if nddaopbot .gt. 0 then
 Comparing "0" and "0".
 IF test evaluated as false.  Skip to ELSE or ENDIF
  
 CHARMM>    if nudaopbot .gt. 0 then
 Comparing "0" and "0".
 IF test evaluated as false.  Skip to ELSE or ENDIF
  
 CHARMM>    if nldaopbot .gt. 0 then
 Comparing "0" and "0".
 IF test evaluated as false.  Skip to ELSE or ENDIF
  
 CHARMM>    if nlapaopbot .gt. 0 then
 Comparing "0" and "0".
 IF test evaluated as false.  Skip to ELSE or ENDIF
  
 CHARMM>    if ntrpaopbot .gt. 0 then
 Comparing "0" and "0".
 IF test evaluated as false.  Skip to ELSE or ENDIF
  
 CHARMM>    if nc6eg3bot .gt. 0 then
 Comparing "0" and "0".
 IF test evaluated as false.  Skip to ELSE or ENDIF
  
 CHARMM>    if nc6eg4bot .gt. 0 then
 Comparing "0" and "0".
 IF test evaluated as false.  Skip to ELSE or ENDIF
  
 CHARMM>    if nc6eg5bot .gt. 0 then
 Comparing "0" and "0".
 IF test evaluated as false.  Skip to ELSE or ENDIF
  
 CHARMM>    if nc7eg4bot .gt. 0 then
 Comparing "0" and "0".
 IF test evaluated as false.  Skip to ELSE or ENDIF
  
 CHARMM>    if nc7eg5bot .gt. 0 then
 Comparing "0" and "0".
 IF test evaluated as false.  Skip to ELSE or ENDIF
  
 CHARMM>    if nc8eg4bot .gt. 0 then
 Comparing "0" and "0".
 IF test evaluated as false.  Skip to ELSE or ENDIF
  
 CHARMM>    if nc8eg5bot .gt. 0 then
 Comparing "0" and "0".
 IF test evaluated as false.  Skip to ELSE or ENDIF
  
 CHARMM>    if nc8eg6bot .gt. 0 then
 Comparing "0" and "0".
 IF test evaluated as false.  Skip to ELSE or ENDIF
  
 CHARMM>    if nc10eg5bot .gt. 0 then
 Comparing "0" and "0".
 IF test evaluated as false.  Skip to ELSE or ENDIF
  
 CHARMM>    if nc10eg6bot .gt. 0 then
 Comparing "0" and "0".
 IF test evaluated as false.  Skip to ELSE or ENDIF
  
 CHARMM>    if nc10eg9bot .gt. 0 then
 Comparing "0" and "0".
 IF test evaluated as false.  Skip to ELSE or ENDIF
  
 CHARMM>    if nc12eg7bot .gt. 0 then
 Comparing "0" and "0".
 IF test evaluated as false.  Skip to ELSE or ENDIF
  
 CHARMM>    if nc12eg8bot .gt. 0 then
 Comparing "0" and "0".
 IF test evaluated as false.  Skip to ELSE or ENDIF
  
 CHARMM>    if nc12eg9bot .gt. 0 then
 Comparing "0" and "0".
 IF test evaluated as false.  Skip to ELSE or ENDIF
  
 CHARMM>    if nc12degbot .gt. 0 then
 Comparing "0" and "0".
 IF test evaluated as false.  Skip to ELSE or ENDIF
  
 CHARMM>    if nc13eg8bot .gt. 0 then
 Comparing "0" and "0".
 IF test evaluated as false.  Skip to ELSE or ENDIF
  
 CHARMM>    if nnidp40bot .gt. 0 then
 Comparing "0" and "0".
 IF test evaluated as false.  Skip to ELSE or ENDIF
  
 CHARMM>    if ntx100bot .gt. 0 then
 Comparing "0" and "0".
 IF test evaluated as false.  Skip to ELSE or ENDIF
  
 CHARMM>    if ntx114bot .gt. 0 then
 Comparing "0" and "0".
 IF test evaluated as false.  Skip to ELSE or ENDIF
  
 CHARMM>    if naogbot .gt. 0 then
 Comparing "0" and "0".
 IF test evaluated as false.  Skip to ELSE or ENDIF
  
 CHARMM>    if nbogbot .gt. 0 then
 Comparing "0" and "0".
 IF test evaluated as false.  Skip to ELSE or ENDIF
  
 CHARMM>    if nangbot .gt. 0 then
 Comparing "0" and "0".
 IF test evaluated as false.  Skip to ELSE or ENDIF
  
 CHARMM>    if nbngbot .gt. 0 then
 Comparing "0" and "0".
 IF test evaluated as false.  Skip to ELSE or ENDIF
  
 CHARMM>    if nadgbot .gt. 0 then
 Comparing "0" and "0".
 IF test evaluated as false.  Skip to ELSE or ENDIF
  
 CHARMM>    if nbdgbot .gt. 0 then
 Comparing "0" and "0".
 IF test evaluated as false.  Skip to ELSE or ENDIF
  
 CHARMM>    if naddgbot .gt. 0 then
 Comparing "0" and "0".
 IF test evaluated as false.  Skip to ELSE or ENDIF
  
 CHARMM>    if nbddgbot .gt. 0 then
 Comparing "0" and "0".
 IF test evaluated as false.  Skip to ELSE or ENDIF
  
 CHARMM>    if nacy3gbot .gt. 0 then
 Comparing "0" and "0".
 IF test evaluated as false.  Skip to ELSE or ENDIF
  
 CHARMM>    if nbcy3gbot .gt. 0 then
 Comparing "0" and "0".
 IF test evaluated as false.  Skip to ELSE or ENDIF
  
 CHARMM>    if namhcgbot .gt. 0 then
 Comparing "0" and "0".
 IF test evaluated as false.  Skip to ELSE or ENDIF
  
 CHARMM>    if nbmhcgbot .gt. 0 then
 Comparing "0" and "0".
 IF test evaluated as false.  Skip to ELSE or ENDIF
  
 CHARMM>    if naombot .gt. 0 then
 Comparing "0" and "0".
 IF test evaluated as false.  Skip to ELSE or ENDIF
  
 CHARMM>    if nbombot .gt. 0 then
 Comparing "0" and "0".
 IF test evaluated as false.  Skip to ELSE or ENDIF
  
 CHARMM>    if nanmbot .gt. 0 then
 Comparing "0" and "0".
 IF test evaluated as false.  Skip to ELSE or ENDIF
  
 CHARMM>    if nbnmbot .gt. 0 then
 Comparing "0" and "0".
 IF test evaluated as false.  Skip to ELSE or ENDIF
  
 CHARMM>    if nadmbot .gt. 0 then
 Comparing "0" and "0".
 IF test evaluated as false.  Skip to ELSE or ENDIF
  
 CHARMM>    if nbdmbot .gt. 0 then
 Comparing "0" and "0".
 IF test evaluated as false.  Skip to ELSE or ENDIF
  
 CHARMM>    if naudmbot .gt. 0 then
 Comparing "0" and "0".
 IF test evaluated as false.  Skip to ELSE or ENDIF
  
 CHARMM>    if nbudmbot .gt. 0 then
 Comparing "0" and "0".
 IF test evaluated as false.  Skip to ELSE or ENDIF
  
 CHARMM>    if na2udmbot .gt. 0 then
 Comparing "0" and "0".
 IF test evaluated as false.  Skip to ELSE or ENDIF
  
 CHARMM>    if nb2udmbot .gt. 0 then
 Comparing "0" and "0".
 IF test evaluated as false.  Skip to ELSE or ENDIF
  
 CHARMM>    if naddmbot .gt. 0 then
 Comparing "0" and "0".
 IF test evaluated as false.  Skip to ELSE or ENDIF
  
 CHARMM>    if nbddmbot .gt. 0 then
 Comparing "0" and "0".
 IF test evaluated as false.  Skip to ELSE or ENDIF
  
 CHARMM>    if nadmhmbot .gt. 0 then
 Comparing "0" and "0".
 IF test evaluated as false.  Skip to ELSE or ENDIF
  
 CHARMM>    if nbdmhmbot .gt. 0 then
 Comparing "0" and "0".
 IF test evaluated as false.  Skip to ELSE or ENDIF
  
 CHARMM>    if nappmbot .gt. 0 then
 Comparing "0" and "0".
 IF test evaluated as false.  Skip to ELSE or ENDIF
  
 CHARMM>    if nbppmbot .gt. 0 then
 Comparing "0" and "0".
 IF test evaluated as false.  Skip to ELSE or ENDIF
  
 CHARMM>    if natmbot .gt. 0 then
 Comparing "0" and "0".
 IF test evaluated as false.  Skip to ELSE or ENDIF
  
 CHARMM>    if nbtmbot .gt. 0 then
 Comparing "0" and "0".
 IF test evaluated as false.  Skip to ELSE or ENDIF
  
 CHARMM>    if nacy3mbot .gt. 0 then
 Comparing "0" and "0".
 IF test evaluated as false.  Skip to ELSE or ENDIF
  
 CHARMM>    if nbcy3mbot .gt. 0 then
 Comparing "0" and "0".
 IF test evaluated as false.  Skip to ELSE or ENDIF
  
 CHARMM>    if nacy4mbot .gt. 0 then
 Comparing "0" and "0".
 IF test evaluated as false.  Skip to ELSE or ENDIF
  
 CHARMM>    if nbcy4mbot .gt. 0 then
 Comparing "0" and "0".
 IF test evaluated as false.  Skip to ELSE or ENDIF
  
 CHARMM>    if nacy5mbot .gt. 0 then
 Comparing "0" and "0".
 IF test evaluated as false.  Skip to ELSE or ENDIF
  
 CHARMM>    if nbcy5mbot .gt. 0 then
 Comparing "0" and "0".
 IF test evaluated as false.  Skip to ELSE or ENDIF
  
 CHARMM>    if nacy6mbot .gt. 0 then
 Comparing "0" and "0".
 IF test evaluated as false.  Skip to ELSE or ENDIF
  
 CHARMM>    if nbcy6mbot .gt. 0 then
 Comparing "0" and "0".
 IF test evaluated as false.  Skip to ELSE or ENDIF
  
 CHARMM>    if nacy7mbot .gt. 0 then
 Comparing "0" and "0".
 IF test evaluated as false.  Skip to ELSE or ENDIF
  
 CHARMM>    if nbcy7mbot .gt. 0 then
 Comparing "0" and "0".
 IF test evaluated as false.  Skip to ELSE or ENDIF
  
 CHARMM>    if nnhegbot .gt. 0 then
 Comparing "0" and "0".
 IF test evaluated as false.  Skip to ELSE or ENDIF
  
 CHARMM>    if ndhegbot .gt. 0 then
 Comparing "0" and "0".
 IF test evaluated as false.  Skip to ELSE or ENDIF
  
 CHARMM>    if nnmgbot .gt. 0 then
 Comparing "0" and "0".
 IF test evaluated as false.  Skip to ELSE or ENDIF
  
 CHARMM>    if ndmgbot .gt. 0 then
 Comparing "0" and "0".
 IF test evaluated as false.  Skip to ELSE or ENDIF
  
 CHARMM>    if nctb10bot .gt. 0 then
 Comparing "0" and "0".
 IF test evaluated as false.  Skip to ELSE or ENDIF
  
 CHARMM>    if nctb11bot .gt. 0 then
 Comparing "0" and "0".
 IF test evaluated as false.  Skip to ELSE or ENDIF
  
 CHARMM>    if nctb12bot .gt. 0 then
 Comparing "0" and "0".
 IF test evaluated as false.  Skip to ELSE or ENDIF
  
 CHARMM>    if nctb13bot .gt. 0 then
 Comparing "0" and "0".
 IF test evaluated as false.  Skip to ELSE or ENDIF
  
 CHARMM>    if nctb14bot .gt. 0 then
 Comparing "0" and "0".
 IF test evaluated as false.  Skip to ELSE or ENDIF
  
 CHARMM>    if nctb15bot .gt. 0 then
 Comparing "0" and "0".
 IF test evaluated as false.  Skip to ELSE or ENDIF
  
 CHARMM>    if nctb16bot .gt. 0 then
 Comparing "0" and "0".
 IF test evaluated as false.  Skip to ELSE or ENDIF
  
 CHARMM>    if ngms1bot .gt. 0 then
 Comparing "0" and "0".
 IF test evaluated as false.  Skip to ELSE or ENDIF
  
 CHARMM>    if ngms2bot .gt. 0 then
 Comparing "0" and "0".
 IF test evaluated as false.  Skip to ELSE or ENDIF
  
 CHARMM>    if nmln1bot .gt. 0 then
 Comparing "0" and "0".
 IF test evaluated as false.  Skip to ELSE or ENDIF
  
 CHARMM>    if nmln2bot .gt. 0 then
 Comparing "0" and "0".
 IF test evaluated as false.  Skip to ELSE or ENDIF
  
 CHARMM>    if nmgtm10bot .gt. 0 then
 Comparing "0" and "0".
 IF test evaluated as false.  Skip to ELSE or ENDIF
  
 CHARMM>    if nmgtm11bot .gt. 0 then
 Comparing "0" and "0".
 IF test evaluated as false.  Skip to ELSE or ENDIF
  
 CHARMM>    if negtm10bot .gt. 0 then
 Comparing "0" and "0".
 IF test evaluated as false.  Skip to ELSE or ENDIF
  
 CHARMM>    if negtm11bot .gt. 0 then
 Comparing "0" and "0".
 IF test evaluated as false.  Skip to ELSE or ENDIF
  
 CHARMM>    if ntzmh9bot .gt. 0 then
 Comparing "0" and "0".
 IF test evaluated as false.  Skip to ELSE or ENDIF
  
 CHARMM>    if ntzmh10bot .gt. 0 then
 Comparing "0" and "0".
 IF test evaluated as false.  Skip to ELSE or ENDIF
  
 CHARMM>    if ntzme9bot .gt. 0 then
 Comparing "0" and "0".
 IF test evaluated as false.  Skip to ELSE or ENDIF
  
 CHARMM>    if ntzme10bot .gt. 0 then
 Comparing "0" and "0".
 IF test evaluated as false.  Skip to ELSE or ENDIF
  
 CHARMM>    if nsmddbot .gt. 0 then
 Comparing "0" and "0".
 IF test evaluated as false.  Skip to ELSE or ENDIF
  
 CHARMM>    if nbbphgbot .gt. 0 then
 Comparing "0" and "0".
 IF test evaluated as false.  Skip to ELSE or ENDIF
  
 CHARMM>    if nbbcygbot .gt. 0 then
 Comparing "0" and "0".
 IF test evaluated as false.  Skip to ELSE or ENDIF
  
 CHARMM>    if nbogngbot .gt. 0 then
 Comparing "0" and "0".
 IF test evaluated as false.  Skip to ELSE or ENDIF
  
 CHARMM>    if nblmngbot .gt. 0 then
 Comparing "0" and "0".
 IF test evaluated as false.  Skip to ELSE or ENDIF
  
 CHARMM>    if nbdmngbot .gt. 0 then
 Comparing "0" and "0".
 IF test evaluated as false.  Skip to ELSE or ENDIF
  
 CHARMM>    if nc5mngbot .gt. 0 then
 Comparing "0" and "0".
 IF test evaluated as false.  Skip to ELSE or ENDIF
  
 CHARMM>    if nc6mngbot .gt. 0 then
 Comparing "0" and "0".
 IF test evaluated as false.  Skip to ELSE or ENDIF
  
 CHARMM>    if nbotgngbot .gt. 0 then
 Comparing "0" and "0".
 IF test evaluated as false.  Skip to ELSE or ENDIF
  
 CHARMM>    if nboingbot .gt. 0 then
 Comparing "0" and "0".
 IF test evaluated as false.  Skip to ELSE or ENDIF
  
 CHARMM>    if nahtgbot .gt. 0 then
 Comparing "0" and "0".
 IF test evaluated as false.  Skip to ELSE or ENDIF
  
 CHARMM>    if nbhtgbot .gt. 0 then
 Comparing "0" and "0".
 IF test evaluated as false.  Skip to ELSE or ENDIF
  
 CHARMM>    if naotgbot .gt. 0 then
 Comparing "0" and "0".
 IF test evaluated as false.  Skip to ELSE or ENDIF
  
 CHARMM>    if nbotgbot .gt. 0 then
 Comparing "0" and "0".
 IF test evaluated as false.  Skip to ELSE or ENDIF
  
 CHARMM>    if naotmbot .gt. 0 then
 Comparing "0" and "0".
 IF test evaluated as false.  Skip to ELSE or ENDIF
  
 CHARMM>    if nbotmbot .gt. 0 then
 Comparing "0" and "0".
 IF test evaluated as false.  Skip to ELSE or ENDIF
  
 CHARMM>    if nantmbot .gt. 0 then
 Comparing "0" and "0".
 IF test evaluated as false.  Skip to ELSE or ENDIF
  
 CHARMM>    if nbntmbot .gt. 0 then
 Comparing "0" and "0".
 IF test evaluated as false.  Skip to ELSE or ENDIF
  
 CHARMM>    if nadtmbot .gt. 0 then
 Comparing "0" and "0".
 IF test evaluated as false.  Skip to ELSE or ENDIF
  
 CHARMM>    if nbdtmbot .gt. 0 then
 Comparing "0" and "0".
 IF test evaluated as false.  Skip to ELSE or ENDIF
  
 CHARMM>    if naudtmbot .gt. 0 then
 Comparing "0" and "0".
 IF test evaluated as false.  Skip to ELSE or ENDIF
  
 CHARMM>    if nbudtmbot .gt. 0 then
 Comparing "0" and "0".
 IF test evaluated as false.  Skip to ELSE or ENDIF
  
 CHARMM>    if naddtmbot .gt. 0 then
 Comparing "0" and "0".
 IF test evaluated as false.  Skip to ELSE or ENDIF
  
 CHARMM>    if nbddtmbot .gt. 0 then
 Comparing "0" and "0".
 IF test evaluated as false.  Skip to ELSE or ENDIF
  
 CHARMM>    if ndhpcebot .gt. 0 then
 Comparing "0" and "0".
 IF test evaluated as false.  Skip to ELSE or ENDIF
  
 CHARMM>    if npopcebot .gt. 0 then
 Comparing "0" and "0".
 IF test evaluated as false.  Skip to ELSE or ENDIF
  
 CHARMM>    if ndopcebot .gt. 0 then
 Comparing "0" and "0".
 IF test evaluated as false.  Skip to ELSE or ENDIF
  
 CHARMM>    if ndmpcebot .gt. 0 then
 Comparing "0" and "0".
 IF test evaluated as false.  Skip to ELSE or ENDIF
  
 CHARMM>    if npopeebot .gt. 0 then
 Comparing "0" and "0".
 IF test evaluated as false.  Skip to ELSE or ENDIF
  
 CHARMM>    if ndopeebot .gt. 0 then
 Comparing "0" and "0".
 IF test evaluated as false.  Skip to ELSE or ENDIF
  
 CHARMM>    if ndppeebot .gt. 0 then
 Comparing "0" and "0".
 IF test evaluated as false.  Skip to ELSE or ENDIF
  
 CHARMM>    if ndmpeebot .gt. 0 then
 Comparing "0" and "0".
 IF test evaluated as false.  Skip to ELSE or ENDIF
  
 CHARMM>    if npla20bot .gt. 0 then
 Comparing "0" and "0".
 IF test evaluated as false.  Skip to ELSE or ENDIF
  
 CHARMM>    if npla18bot .gt. 0 then
 Comparing "0" and "0".
 IF test evaluated as false.  Skip to ELSE or ENDIF
  
 CHARMM>    if nplc22bot .gt. 0 then
 Comparing "0" and "0".
 IF test evaluated as false.  Skip to ELSE or ENDIF
  
 CHARMM>    if nplc20bot .gt. 0 then
 Comparing "0" and "0".
 IF test evaluated as false.  Skip to ELSE or ENDIF
  
 CHARMM>    if nplc18bot .gt. 0 then
 Comparing "0" and "0".
 IF test evaluated as false.  Skip to ELSE or ENDIF
  
 CHARMM>    if nbmgpbot .gt. 0 then
 Comparing "0" and "0".
 IF test evaluated as false.  Skip to ELSE or ENDIF
  
 CHARMM>    if ndmtapbot .gt. 0 then
 Comparing "0" and "0".
 IF test evaluated as false.  Skip to ELSE or ENDIF
  
 CHARMM>    if ndptapbot .gt. 0 then
 Comparing "0" and "0".
 IF test evaluated as false.  Skip to ELSE or ENDIF
  
 CHARMM>    if ndotapbot .gt. 0 then
 Comparing "0" and "0".
 IF test evaluated as false.  Skip to ELSE or ENDIF
  
 CHARMM>    if ndstapbot .gt. 0 then
 Comparing "0" and "0".
 IF test evaluated as false.  Skip to ELSE or ENDIF
  
 CHARMM>    if ndltapbot .gt. 0 then
 Comparing "0" and "0".
 IF test evaluated as false.  Skip to ELSE or ENDIF
  
 CHARMM>    if ndmdapbot .gt. 0 then
 Comparing "0" and "0".
 IF test evaluated as false.  Skip to ELSE or ENDIF
  
 CHARMM>    if ndmdaphbot .gt. 0 then
 Comparing "0" and "0".
 IF test evaluated as false.  Skip to ELSE or ENDIF
  
 CHARMM>    if ndpdapbot .gt. 0 then
 Comparing "0" and "0".
 IF test evaluated as false.  Skip to ELSE or ENDIF
  
 CHARMM>    if ndpdaphbot .gt. 0 then
 Comparing "0" and "0".
 IF test evaluated as false.  Skip to ELSE or ENDIF
  
 CHARMM>    if ndsdapbot .gt. 0 then
 Comparing "0" and "0".
 IF test evaluated as false.  Skip to ELSE or ENDIF
  
 CHARMM>    if ndsdaphbot .gt. 0 then
 Comparing "0" and "0".
 IF test evaluated as false.  Skip to ELSE or ENDIF
  
 CHARMM>    if ndodapbot .gt. 0 then
 Comparing "0" and "0".
 IF test evaluated as false.  Skip to ELSE or ENDIF
  
 CHARMM>    if ndodaphbot .gt. 0 then
 Comparing "0" and "0".
 IF test evaluated as false.  Skip to ELSE or ENDIF
  
 CHARMM>    if ndldapbot .gt. 0 then
 Comparing "0" and "0".
 IF test evaluated as false.  Skip to ELSE or ENDIF
  
 CHARMM>    if ndldaphbot .gt. 0 then
 Comparing "0" and "0".
 IF test evaluated as false.  Skip to ELSE or ENDIF
  
 CHARMM>    if ndmdmabot .gt. 0 then
 Comparing "0" and "0".
 IF test evaluated as false.  Skip to ELSE or ENDIF
  
 CHARMM>    if ndmdmahbot .gt. 0 then
 Comparing "0" and "0".
 IF test evaluated as false.  Skip to ELSE or ENDIF
  
 CHARMM>    if ndpdmabot .gt. 0 then
 Comparing "0" and "0".
 IF test evaluated as false.  Skip to ELSE or ENDIF
  
 CHARMM>    if ndpdmahbot .gt. 0 then
 Comparing "0" and "0".
 IF test evaluated as false.  Skip to ELSE or ENDIF
  
 CHARMM>    if ndsdmabot .gt. 0 then
 Comparing "0" and "0".
 IF test evaluated as false.  Skip to ELSE or ENDIF
  
 CHARMM>    if ndsdmahbot .gt. 0 then
 Comparing "0" and "0".
 IF test evaluated as false.  Skip to ELSE or ENDIF
  
 CHARMM>    if ndodmabot .gt. 0 then
 Comparing "0" and "0".
 IF test evaluated as false.  Skip to ELSE or ENDIF
  
 CHARMM>    if ndodmahbot .gt. 0 then
 Comparing "0" and "0".
 IF test evaluated as false.  Skip to ELSE or ENDIF
  
 CHARMM>    if ndldmabot .gt. 0 then
 Comparing "0" and "0".
 IF test evaluated as false.  Skip to ELSE or ENDIF
  
 CHARMM>    if ndldmahbot .gt. 0 then
 Comparing "0" and "0".
 IF test evaluated as false.  Skip to ELSE or ENDIF
  
 CHARMM>    if ndmkc1bot .gt. 0 then
 Comparing "0" and "0".
 IF test evaluated as false.  Skip to ELSE or ENDIF
  
 CHARMM>    if ndmkc1hbot .gt. 0 then
 Comparing "0" and "0".
 IF test evaluated as false.  Skip to ELSE or ENDIF
  
 CHARMM>    if ndpkc1bot .gt. 0 then
 Comparing "0" and "0".
 IF test evaluated as false.  Skip to ELSE or ENDIF
  
 CHARMM>    if ndpkc1hbot .gt. 0 then
 Comparing "0" and "0".
 IF test evaluated as false.  Skip to ELSE or ENDIF
  
 CHARMM>    if ndskc1bot .gt. 0 then
 Comparing "0" and "0".
 IF test evaluated as false.  Skip to ELSE or ENDIF
  
 CHARMM>    if ndskc1hbot .gt. 0 then
 Comparing "0" and "0".
 IF test evaluated as false.  Skip to ELSE or ENDIF
  
 CHARMM>    if ndokc1bot .gt. 0 then
 Comparing "0" and "0".
 IF test evaluated as false.  Skip to ELSE or ENDIF
  
 CHARMM>    if ndokc1hbot .gt. 0 then
 Comparing "0" and "0".
 IF test evaluated as false.  Skip to ELSE or ENDIF
  
 CHARMM>    if ndlkc1bot .gt. 0 then
 Comparing "0" and "0".
 IF test evaluated as false.  Skip to ELSE or ENDIF
  
 CHARMM>    if ndlkc1hbot .gt. 0 then
 Comparing "0" and "0".
 IF test evaluated as false.  Skip to ELSE or ENDIF
  
 CHARMM>    if ndmkc2bot .gt. 0 then
 Comparing "0" and "0".
 IF test evaluated as false.  Skip to ELSE or ENDIF
  
 CHARMM>    if ndmkc2hbot .gt. 0 then
 Comparing "0" and "0".
 IF test evaluated as false.  Skip to ELSE or ENDIF
  
 CHARMM>    if ndpkc2bot .gt. 0 then
 Comparing "0" and "0".
 IF test evaluated as false.  Skip to ELSE or ENDIF
  
 CHARMM>    if ndpkc2hbot .gt. 0 then
 Comparing "0" and "0".
 IF test evaluated as false.  Skip to ELSE or ENDIF
  
 CHARMM>    if ndskc2bot .gt. 0 then
 Comparing "0" and "0".
 IF test evaluated as false.  Skip to ELSE or ENDIF
  
 CHARMM>    if ndskc2hbot .gt. 0 then
 Comparing "0" and "0".
 IF test evaluated as false.  Skip to ELSE or ENDIF
  
 CHARMM>    if ndokc2bot .gt. 0 then
 Comparing "0" and "0".
 IF test evaluated as false.  Skip to ELSE or ENDIF
  
 CHARMM>    if ndokc2hbot .gt. 0 then
 Comparing "0" and "0".
 IF test evaluated as false.  Skip to ELSE or ENDIF
  
 CHARMM>    if ndlkc2bot .gt. 0 then
 Comparing "0" and "0".
 IF test evaluated as false.  Skip to ELSE or ENDIF
  
 CHARMM>    if ndlkc2hbot .gt. 0 then
 Comparing "0" and "0".
 IF test evaluated as false.  Skip to ELSE or ENDIF
  
 CHARMM>    if ndmmc3bot .gt. 0 then
 Comparing "0" and "0".
 IF test evaluated as false.  Skip to ELSE or ENDIF
  
 CHARMM>    if ndmmc3hbot .gt. 0 then
 Comparing "0" and "0".
 IF test evaluated as false.  Skip to ELSE or ENDIF
  
 CHARMM>    if ndpmc3bot .gt. 0 then
 Comparing "0" and "0".
 IF test evaluated as false.  Skip to ELSE or ENDIF
  
 CHARMM>    if ndpmc3hbot .gt. 0 then
 Comparing "0" and "0".
 IF test evaluated as false.  Skip to ELSE or ENDIF
  
 CHARMM>    if ndsmc3bot .gt. 0 then
 Comparing "0" and "0".
 IF test evaluated as false.  Skip to ELSE or ENDIF
  
 CHARMM>    if ndsmc3hbot .gt. 0 then
 Comparing "0" and "0".
 IF test evaluated as false.  Skip to ELSE or ENDIF
  
 CHARMM>    if ndomc3bot .gt. 0 then
 Comparing "0" and "0".
 IF test evaluated as false.  Skip to ELSE or ENDIF
  
 CHARMM>    if ndomc3hbot .gt. 0 then
 Comparing "0" and "0".
 IF test evaluated as false.  Skip to ELSE or ENDIF
  
 CHARMM>    if ndlmc3bot .gt. 0 then
 Comparing "0" and "0".
 IF test evaluated as false.  Skip to ELSE or ENDIF
  
 CHARMM>    if ndlmc3hbot .gt. 0 then
 Comparing "0" and "0".
 IF test evaluated as false.  Skip to ELSE or ENDIF
  
 CHARMM>     
  
 CHARMM>    ! charged lipids
 CHARMM>    scalar charge set -1 sele (segid UPPO .or. segid DNPO) .and. resname chsd end
 SELRPN>      0 atoms have been selected out of     64
  
 CHARMM>    scalar charge set -1 sele (segid UPPO .or. segid DNPO) .and. resname dlpa end
 SELRPN>      0 atoms have been selected out of     64
  
 CHARMM>    scalar charge set -1 sele (segid UPPO .or. segid DNPO) .and. resname dmpa end
 SELRPN>      0 atoms have been selected out of     64
  
 CHARMM>    scalar charge set -1 sele (segid UPPO .or. segid DNPO) .and. resname dppa end
 SELRPN>      0 atoms have been selected out of     64
  
 CHARMM>    scalar charge set -1 sele (segid UPPO .or. segid DNPO) .and. resname pspa end
 SELRPN>      0 atoms have been selected out of     64
  
 CHARMM>    scalar charge set -1 sele (segid UPPO .or. segid DNPO) .and. resname dspa end
 SELRPN>      0 atoms have been selected out of     64
  
 CHARMM>    scalar charge set -1 sele (segid UPPO .or. segid DNPO) .and. resname popa end
 SELRPN>      0 atoms have been selected out of     64
  
 CHARMM>    scalar charge set -1 sele (segid UPPO .or. segid DNPO) .and. resname plpa end
 SELRPN>      0 atoms have been selected out of     64
  
 CHARMM>    scalar charge set -1 sele (segid UPPO .or. segid DNPO) .and. resname sopa end
 SELRPN>      0 atoms have been selected out of     64
  
 CHARMM>    scalar charge set -1 sele (segid UPPO .or. segid DNPO) .and. resname slpa end
 SELRPN>      0 atoms have been selected out of     64
  
 CHARMM>    scalar charge set -1 sele (segid UPPO .or. segid DNPO) .and. resname dypa end
 SELRPN>      0 atoms have been selected out of     64
  
 CHARMM>    scalar charge set -1 sele (segid UPPO .or. segid DNPO) .and. resname yopa end
 SELRPN>      0 atoms have been selected out of     64
  
 CHARMM>    scalar charge set -1 sele (segid UPPO .or. segid DNPO) .and. resname dopa end
 SELRPN>      0 atoms have been selected out of     64
  
 CHARMM>    scalar charge set -1 sele (segid UPPO .or. segid DNPO) .and. resname dgpa end
 SELRPN>      0 atoms have been selected out of     64
  
 CHARMM>    scalar charge set -1 sele (segid UPPO .or. segid DNPO) .and. resname depa end
 SELRPN>      0 atoms have been selected out of     64
  
 CHARMM>    scalar charge set -1 sele (segid UPPO .or. segid DNPO) .and. resname dnpa end
 SELRPN>      0 atoms have been selected out of     64
  
 CHARMM>    scalar charge set -1 sele (segid UPPO .or. segid DNPO) .and. resname dlpg end
 SELRPN>      0 atoms have been selected out of     64
  
 CHARMM>    scalar charge set -1 sele (segid UPPO .or. segid DNPO) .and. resname dmpg end
 SELRPN>      0 atoms have been selected out of     64
  
 CHARMM>    scalar charge set -1 sele (segid UPPO .or. segid DNPO) .and. resname dppg end
 SELRPN>      0 atoms have been selected out of     64
  
 CHARMM>    scalar charge set -1 sele (segid UPPO .or. segid DNPO) .and. resname pspg end
 SELRPN>      0 atoms have been selected out of     64
  
 CHARMM>    scalar charge set -1 sele (segid UPPO .or. segid DNPO) .and. resname dspg end
 SELRPN>      0 atoms have been selected out of     64
  
 CHARMM>    scalar charge set -1 sele (segid UPPO .or. segid DNPO) .and. resname pypg end
 SELRPN>      0 atoms have been selected out of     64
  
 CHARMM>    scalar charge set -1 sele (segid UPPO .or. segid DNPO) .and. resname yppg end
 SELRPN>      0 atoms have been selected out of     64
  
 CHARMM>    scalar charge set -1 sele (segid UPPO .or. segid DNPO) .and. resname popg end
 SELRPN>      0 atoms have been selected out of     64
  
 CHARMM>    scalar charge set -1 sele (segid UPPO .or. segid DNPO) .and. resname oppg end
 SELRPN>      0 atoms have been selected out of     64
  
 CHARMM>    scalar charge set -1 sele (segid UPPO .or. segid DNPO) .and. resname plpg end
 SELRPN>      0 atoms have been selected out of     64
  
 CHARMM>    scalar charge set -1 sele (segid UPPO .or. segid DNPO) .and. resname sopg end
 SELRPN>      0 atoms have been selected out of     64
  
 CHARMM>    scalar charge set -1 sele (segid UPPO .or. segid DNPO) .and. resname slpg end
 SELRPN>      0 atoms have been selected out of     64
  
 CHARMM>    scalar charge set -1 sele (segid UPPO .or. segid DNPO) .and. resname dypg end
 SELRPN>      0 atoms have been selected out of     64
  
 CHARMM>    scalar charge set -1 sele (segid UPPO .or. segid DNPO) .and. resname dopg end
 SELRPN>      0 atoms have been selected out of     64
  
 CHARMM>    scalar charge set -1 sele (segid UPPO .or. segid DNPO) .and. resname dgpg end
 SELRPN>      0 atoms have been selected out of     64
  
 CHARMM>    scalar charge set -1 sele (segid UPPO .or. segid DNPO) .and. resname depg end
 SELRPN>      0 atoms have been selected out of     64
  
 CHARMM>    scalar charge set -1 sele (segid UPPO .or. segid DNPO) .and. resname dnpg end
 SELRPN>      0 atoms have been selected out of     64
  
 CHARMM>    scalar charge set -1 sele (segid UPPO .or. segid DNPO) .and. resname dlps end
 SELRPN>      0 atoms have been selected out of     64
  
 CHARMM>    scalar charge set -1 sele (segid UPPO .or. segid DNPO) .and. resname dmps end
 SELRPN>      0 atoms have been selected out of     64
  
 CHARMM>    scalar charge set -1 sele (segid UPPO .or. segid DNPO) .and. resname dpps end
 SELRPN>      0 atoms have been selected out of     64
  
 CHARMM>    scalar charge set -1 sele (segid UPPO .or. segid DNPO) .and. resname psps end
 SELRPN>      0 atoms have been selected out of     64
  
 CHARMM>    scalar charge set -1 sele (segid UPPO .or. segid DNPO) .and. resname dsps end
 SELRPN>      0 atoms have been selected out of     64
  
 CHARMM>    scalar charge set -1 sele (segid UPPO .or. segid DNPO) .and. resname pops end
 SELRPN>      0 atoms have been selected out of     64
  
 CHARMM>    scalar charge set -1 sele (segid UPPO .or. segid DNPO) .and. resname plps end
 SELRPN>      0 atoms have been selected out of     64
  
 CHARMM>    scalar charge set -1 sele (segid UPPO .or. segid DNPO) .and. resname sops end
 SELRPN>      0 atoms have been selected out of     64
  
 CHARMM>    scalar charge set -1 sele (segid UPPO .or. segid DNPO) .and. resname slps end
 SELRPN>      0 atoms have been selected out of     64
  
 CHARMM>    scalar charge set -1 sele (segid UPPO .or. segid DNPO) .and. resname dyps end
 SELRPN>      0 atoms have been selected out of     64
  
 CHARMM>    scalar charge set -1 sele (segid UPPO .or. segid DNPO) .and. resname yops end
 SELRPN>      0 atoms have been selected out of     64
  
 CHARMM>    scalar charge set -1 sele (segid UPPO .or. segid DNPO) .and. resname dops end
 SELRPN>      0 atoms have been selected out of     64
  
 CHARMM>    scalar charge set -1 sele (segid UPPO .or. segid DNPO) .and. resname dgps end
 SELRPN>      0 atoms have been selected out of     64
  
 CHARMM>    scalar charge set -1 sele (segid UPPO .or. segid DNPO) .and. resname deps end
 SELRPN>      0 atoms have been selected out of     64
  
 CHARMM>    scalar charge set -1 sele (segid UPPO .or. segid DNPO) .and. resname ddops end
 SELRPN>      0 atoms have been selected out of     64
  
 CHARMM>    scalar charge set -1 sele (segid UPPO .or. segid DNPO) .and. resname dnps end
 SELRPN>      0 atoms have been selected out of     64
  
 CHARMM>    scalar charge set -1 sele (segid UPPO .or. segid DNPO) .and. resname llps end
 SELRPN>      0 atoms have been selected out of     64
  
 CHARMM>    scalar charge set -2 sele (segid UPPO .or. segid DNPO) .and. resname popp1 end
 SELRPN>      0 atoms have been selected out of     64
  
 CHARMM>    scalar charge set -2 sele (segid UPPO .or. segid DNPO) .and. resname popp2 end
 SELRPN>      0 atoms have been selected out of     64
  
 CHARMM>    scalar charge set -1 sele (segid UPPO .or. segid DNPO) .and. resname popp3 end
 SELRPN>      0 atoms have been selected out of     64
  
 CHARMM>    scalar charge set -2 sele (segid UPPO .or. segid DNPO) .and. resname dopp1 end
 SELRPN>      0 atoms have been selected out of     64
  
 CHARMM>    scalar charge set -2 sele (segid UPPO .or. segid DNPO) .and. resname dopp2 end
 SELRPN>      0 atoms have been selected out of     64
  
 CHARMM>    scalar charge set -1 sele (segid UPPO .or. segid DNPO) .and. resname dopp3 end
 SELRPN>      0 atoms have been selected out of     64
  
 CHARMM>    scalar charge set -1 sele (segid UPPO .or. segid DNPO) .and. resname dmpi end
 SELRPN>      0 atoms have been selected out of     64
  
 CHARMM>    scalar charge set -3 sele (segid UPPO .or. segid DNPO) .and. resname dmpi13 end
 SELRPN>      0 atoms have been selected out of     64
  
 CHARMM>    scalar charge set -3 sele (segid UPPO .or. segid DNPO) .and. resname dmpi14 end
 SELRPN>      0 atoms have been selected out of     64
  
 CHARMM>    scalar charge set -3 sele (segid UPPO .or. segid DNPO) .and. resname dmpi15 end
 SELRPN>      0 atoms have been selected out of     64
  
 CHARMM>    scalar charge set -4 sele (segid UPPO .or. segid DNPO) .and. resname dmpi24 end
 SELRPN>      0 atoms have been selected out of     64
  
 CHARMM>    scalar charge set -4 sele (segid UPPO .or. segid DNPO) .and. resname dmpi25 end
 SELRPN>      0 atoms have been selected out of     64
  
 CHARMM>    scalar charge set -4 sele (segid UPPO .or. segid DNPO) .and. resname dmpi2a end
 SELRPN>      0 atoms have been selected out of     64
  
 CHARMM>    scalar charge set -4 sele (segid UPPO .or. segid DNPO) .and. resname dmpi2b end
 SELRPN>      0 atoms have been selected out of     64
  
 CHARMM>    scalar charge set -4 sele (segid UPPO .or. segid DNPO) .and. resname dmpi2c end
 SELRPN>      0 atoms have been selected out of     64
  
 CHARMM>    scalar charge set -4 sele (segid UPPO .or. segid DNPO) .and. resname dmpi2d end
 SELRPN>      0 atoms have been selected out of     64
  
 CHARMM>    scalar charge set -6 sele (segid UPPO .or. segid DNPO) .and. resname dmpi33 end
 SELRPN>      0 atoms have been selected out of     64
  
 CHARMM>    scalar charge set -6 sele (segid UPPO .or. segid DNPO) .and. resname dmpi34 end
 SELRPN>      0 atoms have been selected out of     64
  
 CHARMM>    scalar charge set -6 sele (segid UPPO .or. segid DNPO) .and. resname dmpi35 end
 SELRPN>      0 atoms have been selected out of     64
  
 CHARMM>    scalar charge set -1 sele (segid UPPO .or. segid DNPO) .and. resname dppi end
 SELRPN>      0 atoms have been selected out of     64
  
 CHARMM>    scalar charge set -1 sele (segid UPPO .or. segid DNPO) .and. resname pypi end
 SELRPN>      0 atoms have been selected out of     64
  
 CHARMM>    scalar charge set -1 sele (segid UPPO .or. segid DNPO) .and. resname pspi end
 SELRPN>      0 atoms have been selected out of     64
  
 CHARMM>    scalar charge set -1 sele (segid UPPO .or. segid DNPO) .and. resname popi end
 SELRPN>      0 atoms have been selected out of     64
  
 CHARMM>    scalar charge set -3 sele (segid UPPO .or. segid DNPO) .and. resname popi13 end
 SELRPN>      0 atoms have been selected out of     64
  
 CHARMM>    scalar charge set -3 sele (segid UPPO .or. segid DNPO) .and. resname popi14 end
 SELRPN>      0 atoms have been selected out of     64
  
 CHARMM>    scalar charge set -3 sele (segid UPPO .or. segid DNPO) .and. resname popi15 end
 SELRPN>      0 atoms have been selected out of     64
  
 CHARMM>    scalar charge set -4 sele (segid UPPO .or. segid DNPO) .and. resname popi24 end
 SELRPN>      0 atoms have been selected out of     64
  
 CHARMM>    scalar charge set -4 sele (segid UPPO .or. segid DNPO) .and. resname popi25 end
 SELRPN>      0 atoms have been selected out of     64
  
 CHARMM>    scalar charge set -4 sele (segid UPPO .or. segid DNPO) .and. resname popi2a end
 SELRPN>      0 atoms have been selected out of     64
  
 CHARMM>    scalar charge set -4 sele (segid UPPO .or. segid DNPO) .and. resname popi2b end
 SELRPN>      0 atoms have been selected out of     64
  
 CHARMM>    scalar charge set -4 sele (segid UPPO .or. segid DNPO) .and. resname popi2c end
 SELRPN>      0 atoms have been selected out of     64
  
 CHARMM>    scalar charge set -4 sele (segid UPPO .or. segid DNPO) .and. resname popi2d end
 SELRPN>      0 atoms have been selected out of     64
  
 CHARMM>    scalar charge set -6 sele (segid UPPO .or. segid DNPO) .and. resname popi33 end
 SELRPN>      0 atoms have been selected out of     64
  
 CHARMM>    scalar charge set -6 sele (segid UPPO .or. segid DNPO) .and. resname popi34 end
 SELRPN>      0 atoms have been selected out of     64
  
 CHARMM>    scalar charge set -6 sele (segid UPPO .or. segid DNPO) .and. resname popi35 end
 SELRPN>      0 atoms have been selected out of     64
  
 CHARMM>    scalar charge set -1 sele (segid UPPO .or. segid DNPO) .and. resname plpi end
 SELRPN>      0 atoms have been selected out of     64
  
 CHARMM>    scalar charge set -3 sele (segid UPPO .or. segid DNPO) .and. resname plpi13 end
 SELRPN>      0 atoms have been selected out of     64
  
 CHARMM>    scalar charge set -3 sele (segid UPPO .or. segid DNPO) .and. resname plpi14 end
 SELRPN>      0 atoms have been selected out of     64
  
 CHARMM>    scalar charge set -3 sele (segid UPPO .or. segid DNPO) .and. resname plpi15 end
 SELRPN>      0 atoms have been selected out of     64
  
 CHARMM>    scalar charge set -4 sele (segid UPPO .or. segid DNPO) .and. resname plpi24 end
 SELRPN>      0 atoms have been selected out of     64
  
 CHARMM>    scalar charge set -4 sele (segid UPPO .or. segid DNPO) .and. resname plpi25 end
 SELRPN>      0 atoms have been selected out of     64
  
 CHARMM>    scalar charge set -4 sele (segid UPPO .or. segid DNPO) .and. resname plpi2a end
 SELRPN>      0 atoms have been selected out of     64
  
 CHARMM>    scalar charge set -4 sele (segid UPPO .or. segid DNPO) .and. resname plpi2b end
 SELRPN>      0 atoms have been selected out of     64
  
 CHARMM>    scalar charge set -4 sele (segid UPPO .or. segid DNPO) .and. resname plpi2c end
 SELRPN>      0 atoms have been selected out of     64
  
 CHARMM>    scalar charge set -4 sele (segid UPPO .or. segid DNPO) .and. resname plpi2d end
 SELRPN>      0 atoms have been selected out of     64
  
 CHARMM>    scalar charge set -6 sele (segid UPPO .or. segid DNPO) .and. resname plpi33 end
 SELRPN>      0 atoms have been selected out of     64
  
 CHARMM>    scalar charge set -6 sele (segid UPPO .or. segid DNPO) .and. resname plpi34 end
 SELRPN>      0 atoms have been selected out of     64
  
 CHARMM>    scalar charge set -6 sele (segid UPPO .or. segid DNPO) .and. resname plpi35 end
 SELRPN>      0 atoms have been selected out of     64
  
 CHARMM>    scalar charge set -1 sele (segid UPPO .or. segid DNPO) .and. resname pnpi end
 SELRPN>      0 atoms have been selected out of     64
  
 CHARMM>    scalar charge set -3 sele (segid UPPO .or. segid DNPO) .and. resname pnpi13 end
 SELRPN>      0 atoms have been selected out of     64
  
 CHARMM>    scalar charge set -3 sele (segid UPPO .or. segid DNPO) .and. resname pnpi14 end
 SELRPN>      0 atoms have been selected out of     64
  
 CHARMM>    scalar charge set -3 sele (segid UPPO .or. segid DNPO) .and. resname pnpi15 end
 SELRPN>      0 atoms have been selected out of     64
  
 CHARMM>    scalar charge set -4 sele (segid UPPO .or. segid DNPO) .and. resname pnpi24 end
 SELRPN>      0 atoms have been selected out of     64
  
 CHARMM>    scalar charge set -4 sele (segid UPPO .or. segid DNPO) .and. resname pnpi25 end
 SELRPN>      0 atoms have been selected out of     64
  
 CHARMM>    scalar charge set -4 sele (segid UPPO .or. segid DNPO) .and. resname pnpi2a end
 SELRPN>      0 atoms have been selected out of     64
  
 CHARMM>    scalar charge set -4 sele (segid UPPO .or. segid DNPO) .and. resname pnpi2b end
 SELRPN>      0 atoms have been selected out of     64
  
 CHARMM>    scalar charge set -4 sele (segid UPPO .or. segid DNPO) .and. resname pnpi2c end
 SELRPN>      0 atoms have been selected out of     64
  
 CHARMM>    scalar charge set -4 sele (segid UPPO .or. segid DNPO) .and. resname pnpi2d end
 SELRPN>      0 atoms have been selected out of     64
  
 CHARMM>    scalar charge set -6 sele (segid UPPO .or. segid DNPO) .and. resname pnpi33 end
 SELRPN>      0 atoms have been selected out of     64
  
 CHARMM>    scalar charge set -6 sele (segid UPPO .or. segid DNPO) .and. resname pnpi34 end
 SELRPN>      0 atoms have been selected out of     64
  
 CHARMM>    scalar charge set -6 sele (segid UPPO .or. segid DNPO) .and. resname pnpi35 end
 SELRPN>      0 atoms have been selected out of     64
  
 CHARMM>    scalar charge set -1 sele (segid UPPO .or. segid DNPO) .and. resname slpi end
 SELRPN>      0 atoms have been selected out of     64
  
 CHARMM>    scalar charge set -1 sele (segid UPPO .or. segid DNPO) .and. resname sapi end
 SELRPN>      0 atoms have been selected out of     64
  
 CHARMM>    scalar charge set -3 sele (segid UPPO .or. segid DNPO) .and. resname sapi13 end
 SELRPN>      0 atoms have been selected out of     64
  
 CHARMM>    scalar charge set -3 sele (segid UPPO .or. segid DNPO) .and. resname sapi14 end
 SELRPN>      0 atoms have been selected out of     64
  
 CHARMM>    scalar charge set -3 sele (segid UPPO .or. segid DNPO) .and. resname sapi15 end
 SELRPN>      0 atoms have been selected out of     64
  
 CHARMM>    scalar charge set -4 sele (segid UPPO .or. segid DNPO) .and. resname sapi24 end
 SELRPN>      0 atoms have been selected out of     64
  
 CHARMM>    scalar charge set -4 sele (segid UPPO .or. segid DNPO) .and. resname sapi25 end
 SELRPN>      0 atoms have been selected out of     64
  
 CHARMM>    scalar charge set -4 sele (segid UPPO .or. segid DNPO) .and. resname sapi2a end
 SELRPN>      0 atoms have been selected out of     64
  
 CHARMM>    scalar charge set -4 sele (segid UPPO .or. segid DNPO) .and. resname sapi2b end
 SELRPN>      0 atoms have been selected out of     64
  
 CHARMM>    scalar charge set -4 sele (segid UPPO .or. segid DNPO) .and. resname sapi2c end
 SELRPN>      0 atoms have been selected out of     64
  
 CHARMM>    scalar charge set -4 sele (segid UPPO .or. segid DNPO) .and. resname sapi2d end
 SELRPN>      0 atoms have been selected out of     64
  
 CHARMM>    scalar charge set -6 sele (segid UPPO .or. segid DNPO) .and. resname sapi33 end
 SELRPN>      0 atoms have been selected out of     64
  
 CHARMM>    scalar charge set -6 sele (segid UPPO .or. segid DNPO) .and. resname sapi34 end
 SELRPN>      0 atoms have been selected out of     64
  
 CHARMM>    scalar charge set -6 sele (segid UPPO .or. segid DNPO) .and. resname sapi35 end
 SELRPN>      0 atoms have been selected out of     64
  
 CHARMM>    scalar charge set -1 sele (segid UPPO .or. segid DNPO) .and. resname sdpi end
 SELRPN>      0 atoms have been selected out of     64
  
 CHARMM>    scalar charge set -1 sele (segid UPPO .or. segid DNPO) .and. resname dlipi end
 SELRPN>      0 atoms have been selected out of     64
  
 CHARMM>    scalar charge set -1 sele (segid UPPO .or. segid DNPO) .and. resname linpi end
 SELRPN>      0 atoms have been selected out of     64
  
 CHARMM>    scalar charge set -1 sele (segid UPPO .or. segid DNPO) .and. resname tmcl1 end
 SELRPN>      0 atoms have been selected out of     64
  
 CHARMM>    scalar charge set -2 sele (segid UPPO .or. segid DNPO) .and. resname tmcl2 end
 SELRPN>      0 atoms have been selected out of     64
  
 CHARMM>    scalar charge set -1 sele (segid UPPO .or. segid DNPO) .and. resname pmcl1 end
 SELRPN>      0 atoms have been selected out of     64
  
 CHARMM>    scalar charge set -2 sele (segid UPPO .or. segid DNPO) .and. resname pmcl2 end
 SELRPN>      0 atoms have been selected out of     64
  
 CHARMM>    scalar charge set -2 sele (segid UPPO .or. segid DNPO) .and. resname paicl2 end
 SELRPN>      0 atoms have been selected out of     64
  
 CHARMM>    scalar charge set -2 sele (segid UPPO .or. segid DNPO) .and. resname pvcl2 end
 SELRPN>      0 atoms have been selected out of     64
  
 CHARMM>    scalar charge set -1 sele (segid UPPO .or. segid DNPO) .and. resname pocl1 end
 SELRPN>      0 atoms have been selected out of     64
  
 CHARMM>    scalar charge set -2 sele (segid UPPO .or. segid DNPO) .and. resname pocl2 end
 SELRPN>      0 atoms have been selected out of     64
  
 CHARMM>    scalar charge set -1 sele (segid UPPO .or. segid DNPO) .and. resname tycl1 end
 SELRPN>      0 atoms have been selected out of     64
  
 CHARMM>    scalar charge set -2 sele (segid UPPO .or. segid DNPO) .and. resname tycl2 end
 SELRPN>      0 atoms have been selected out of     64
  
 CHARMM>    scalar charge set -1 sele (segid UPPO .or. segid DNPO) .and. resname tocl1 end
 SELRPN>      0 atoms have been selected out of     64
  
 CHARMM>    scalar charge set -2 sele (segid UPPO .or. segid DNPO) .and. resname tocl2 end
 SELRPN>      0 atoms have been selected out of     64
  
 CHARMM>    scalar charge set -1 sele (segid UPPO .or. segid DNPO) .and. resname loacl1 end
 SELRPN>      0 atoms have been selected out of     64
  
 CHARMM>    scalar charge set -2 sele (segid UPPO .or. segid DNPO) .and. resname loacl2 end
 SELRPN>      0 atoms have been selected out of     64
  
 CHARMM>    scalar charge set -1 sele (segid UPPO .or. segid DNPO) .and. resname loccl1 end
 SELRPN>      0 atoms have been selected out of     64
  
 CHARMM>    scalar charge set -2 sele (segid UPPO .or. segid DNPO) .and. resname loccl2 end
 SELRPN>      0 atoms have been selected out of     64
  
 CHARMM>    scalar charge set -1 sele (segid UPPO .or. segid DNPO) .and. resname tlcl1 end
 SELRPN>      0 atoms have been selected out of     64
  
 CHARMM>    scalar charge set -2 sele (segid UPPO .or. segid DNPO) .and. resname tlcl2 end
 SELRPN>      0 atoms have been selected out of     64
  
 CHARMM>    scalar charge set -1 sele (segid UPPO .or. segid DNPO) .and. resname lnccl1 end
 SELRPN>      0 atoms have been selected out of     64
  
 CHARMM>    scalar charge set -2 sele (segid UPPO .or. segid DNPO) .and. resname lnccl2 end
 SELRPN>      0 atoms have been selected out of     64
  
 CHARMM>    scalar charge set -1 sele (segid UPPO .or. segid DNPO) .and. resname lnacl1 end
 SELRPN>      0 atoms have been selected out of     64
  
 CHARMM>    scalar charge set -2 sele (segid UPPO .or. segid DNPO) .and. resname lnacl2 end
 SELRPN>      0 atoms have been selected out of     64
  
 CHARMM>    scalar charge set -1 sele (segid UPPO .or. segid DNPO) .and. resname lndcl1 end
 SELRPN>      0 atoms have been selected out of     64
  
 CHARMM>    scalar charge set -2 sele (segid UPPO .or. segid DNPO) .and. resname lndcl2 end
 SELRPN>      0 atoms have been selected out of     64
  
 CHARMM>    scalar charge set -1 sele (segid UPPO .or. segid DNPO) .and. resname lnbcl1 end
 SELRPN>      0 atoms have been selected out of     64
  
 CHARMM>    scalar charge set -2 sele (segid UPPO .or. segid DNPO) .and. resname lnbcl2 end
 SELRPN>      0 atoms have been selected out of     64
  
 CHARMM>    scalar charge set -1 sele (segid UPPO .or. segid DNPO) .and. resname sapa end
 SELRPN>      0 atoms have been selected out of     64
  
 CHARMM>    scalar charge set -1 sele (segid UPPO .or. segid DNPO) .and. resname sapg end
 SELRPN>      0 atoms have been selected out of     64
  
 CHARMM>    scalar charge set -1 sele (segid UPPO .or. segid DNPO) .and. resname saps end
 SELRPN>      0 atoms have been selected out of     64
  
 CHARMM>    scalar charge set -1 sele (segid UPPO .or. segid DNPO) .and. resname sdpa end
 SELRPN>      0 atoms have been selected out of     64
  
 CHARMM>    scalar charge set -1 sele (segid UPPO .or. segid DNPO) .and. resname sdpg end
 SELRPN>      0 atoms have been selected out of     64
  
 CHARMM>    scalar charge set -1 sele (segid UPPO .or. segid DNPO) .and. resname sdps end
 SELRPN>      0 atoms have been selected out of     64
  
 CHARMM>    scalar charge set -1 sele (segid UPPO .or. segid DNPO) .and. resname dapa end
 SELRPN>      0 atoms have been selected out of     64
  
 CHARMM>    scalar charge set -1 sele (segid UPPO .or. segid DNPO) .and. resname dapg end
 SELRPN>      0 atoms have been selected out of     64
  
 CHARMM>    scalar charge set -1 sele (segid UPPO .or. segid DNPO) .and. resname daps end
 SELRPN>      0 atoms have been selected out of     64
  
 CHARMM>    scalar charge set -1 sele (segid UPPO .or. segid DNPO) .and. resname peps end
 SELRPN>      0 atoms have been selected out of     64
  
 CHARMM>    scalar charge set -1 sele (segid UPPO .or. segid DNPO) .and. resname oeps end
 SELRPN>      0 atoms have been selected out of     64
  
 CHARMM>    scalar charge set -1 sele (segid UPPO .or. segid DNPO) .and. resname dtpa end
 SELRPN>      0 atoms have been selected out of     64
  
 CHARMM>    scalar charge set -1 sele (segid UPPO .or. segid DNPO) .and. resname tipa end
 SELRPN>      0 atoms have been selected out of     64
  
 CHARMM>    scalar charge set -1 sele (segid UPPO .or. segid DNPO) .and. resname dipa end
 SELRPN>      0 atoms have been selected out of     64
  
 CHARMM>    scalar charge set -1 sele (segid UPPO .or. segid DNPO) .and. resname llpa end
 SELRPN>      0 atoms have been selected out of     64
  
 CHARMM>    scalar charge set -1 sele (segid UPPO .or. segid DNPO) .and. resname llpg end
 SELRPN>      0 atoms have been selected out of     64
  
 CHARMM>    scalar charge set -1 sele (segid UPPO .or. segid DNPO) .and. resname pleps end
 SELRPN>      0 atoms have been selected out of     64
  
 CHARMM>    scalar charge set -1 sele (segid UPPO .or. segid DNPO) .and. resname plepa end
 SELRPN>      0 atoms have been selected out of     64
  
 CHARMM>    scalar charge set -1 sele (segid UPPO .or. segid DNPO) .and. resname plepg end
 SELRPN>      0 atoms have been selected out of     64
  
 CHARMM>    scalar charge set -1 sele (segid UPPO .or. segid DNPO) .and. resname paps end
 SELRPN>      0 atoms have been selected out of     64
  
 CHARMM>    scalar charge set -1 sele (segid UPPO .or. segid DNPO) .and. resname papg end
 SELRPN>      0 atoms have been selected out of     64
  
 CHARMM>    scalar charge set -1 sele (segid UPPO .or. segid DNPO) .and. resname papa end
 SELRPN>      0 atoms have been selected out of     64
  
 CHARMM>    scalar charge set -1 sele (segid UPPO .or. segid DNPO) .and. resname lypg end
 SELRPN>      0 atoms have been selected out of     64
  
 CHARMM>    scalar charge set -1 sele (segid UPPO .or. segid DNPO) .and. resname ylipg end
 SELRPN>      0 atoms have been selected out of     64
  
 CHARMM>    scalar charge set -1 sele (segid UPPO .or. segid DNPO) .and. resname maipg end
 SELRPN>      0 atoms have been selected out of     64
  
 CHARMM>    scalar charge set -1 sele (segid UPPO .or. segid DNPO) .and. resname aipg end
 SELRPN>      0 atoms have been selected out of     64
  
 CHARMM>    scalar charge set -1 sele (segid UPPO .or. segid DNPO) .and. resname paipg end
 SELRPN>      0 atoms have been selected out of     64
  
 CHARMM>    scalar charge set -1 sele (segid UPPO .or. segid DNPO) .and. resname pmpg end
 SELRPN>      0 atoms have been selected out of     64
  
 CHARMM>    scalar charge set -1 sele (segid UPPO .or. segid DNPO) .and. resname pvpg end
 SELRPN>      0 atoms have been selected out of     64
  
 CHARMM>    scalar charge set 1 sele (segid UPPO .or. segid DNPO) .and. resname dppgk end
 SELRPN>      0 atoms have been selected out of     64
  
 CHARMM>    scalar charge set -2 sele (segid UPPO .or. segid DNPO) .and. resname pgmar end
 SELRPN>      0 atoms have been selected out of     64
  
 CHARMM>    scalar charge set -1 sele (segid UPPO .or. segid DNPO) .and. resname pgar end
 SELRPN>      0 atoms have been selected out of     64
  
 CHARMM>    scalar charge set -2 sele (segid UPPO .or. segid DNPO) .and. resname arcl2 end
 SELRPN>      0 atoms have been selected out of     64
  
 CHARMM>    scalar charge set -1 sele (segid UPPO .or. segid DNPO) .and. resname lau end
 SELRPN>      0 atoms have been selected out of     64
  
 CHARMM>    scalar charge set -1 sele (segid UPPO .or. segid DNPO) .and. resname myr end
 SELRPN>      0 atoms have been selected out of     64
  
 CHARMM>    scalar charge set -1 sele (segid UPPO .or. segid DNPO) .and. resname pal end
 SELRPN>      0 atoms have been selected out of     64
  
 CHARMM>    scalar charge set -1 sele (segid UPPO .or. segid DNPO) .and. resname ste end
 SELRPN>      0 atoms have been selected out of     64
  
 CHARMM>    scalar charge set -1 sele (segid UPPO .or. segid DNPO) .and. resname ara end
 SELRPN>      0 atoms have been selected out of     64
  
 CHARMM>    scalar charge set -1 sele (segid UPPO .or. segid DNPO) .and. resname beh end
 SELRPN>      0 atoms have been selected out of     64
  
 CHARMM>    scalar charge set -1 sele (segid UPPO .or. segid DNPO) .and. resname tri end
 SELRPN>      0 atoms have been selected out of     64
  
 CHARMM>    scalar charge set -1 sele (segid UPPO .or. segid DNPO) .and. resname lign end
 SELRPN>      0 atoms have been selected out of     64
  
 CHARMM>    scalar charge set -1 sele (segid UPPO .or. segid DNPO) .and. resname myro end
 SELRPN>      0 atoms have been selected out of     64
  
 CHARMM>    scalar charge set -1 sele (segid UPPO .or. segid DNPO) .and. resname palo end
 SELRPN>      0 atoms have been selected out of     64
  
 CHARMM>    scalar charge set -1 sele (segid UPPO .or. segid DNPO) .and. resname hta end
 SELRPN>      0 atoms have been selected out of     64
  
 CHARMM>    scalar charge set -1 sele (segid UPPO .or. segid DNPO) .and. resname ole end
 SELRPN>      0 atoms have been selected out of     64
  
 CHARMM>    scalar charge set -1 sele (segid UPPO .or. segid DNPO) .and. resname lin end
 SELRPN>      0 atoms have been selected out of     64
  
 CHARMM>    scalar charge set -1 sele (segid UPPO .or. segid DNPO) .and. resname alin end
 SELRPN>      0 atoms have been selected out of     64
  
 CHARMM>    scalar charge set -1 sele (segid UPPO .or. segid DNPO) .and. resname sda end
 SELRPN>      0 atoms have been selected out of     64
  
 CHARMM>    scalar charge set -1 sele (segid UPPO .or. segid DNPO) .and. resname gla end
 SELRPN>      0 atoms have been selected out of     64
  
 CHARMM>    scalar charge set -1 sele (segid UPPO .or. segid DNPO) .and. resname eico end
 SELRPN>      0 atoms have been selected out of     64
  
 CHARMM>    scalar charge set -1 sele (segid UPPO .or. segid DNPO) .and. resname eda end
 SELRPN>      0 atoms have been selected out of     64
  
 CHARMM>    scalar charge set -1 sele (segid UPPO .or. segid DNPO) .and. resname mea end
 SELRPN>      0 atoms have been selected out of     64
  
 CHARMM>    scalar charge set -1 sele (segid UPPO .or. segid DNPO) .and. resname dgla end
 SELRPN>      0 atoms have been selected out of     64
  
 CHARMM>    scalar charge set -1 sele (segid UPPO .or. segid DNPO) .and. resname ete end
 SELRPN>      0 atoms have been selected out of     64
  
 CHARMM>    scalar charge set -1 sele (segid UPPO .or. segid DNPO) .and. resname eta end
 SELRPN>      0 atoms have been selected out of     64
  
 CHARMM>    scalar charge set -1 sele (segid UPPO .or. segid DNPO) .and. resname epa end
 SELRPN>      0 atoms have been selected out of     64
  
 CHARMM>    scalar charge set -1 sele (segid UPPO .or. segid DNPO) .and. resname aran end
 SELRPN>      0 atoms have been selected out of     64
  
 CHARMM>    scalar charge set -1 sele (segid UPPO .or. segid DNPO) .and. resname hpa end
 SELRPN>      0 atoms have been selected out of     64
  
 CHARMM>    scalar charge set -1 sele (segid UPPO .or. segid DNPO) .and. resname eru end
 SELRPN>      0 atoms have been selected out of     64
  
 CHARMM>    scalar charge set -1 sele (segid UPPO .or. segid DNPO) .and. resname dda end
 SELRPN>      0 atoms have been selected out of     64
  
 CHARMM>    scalar charge set -1 sele (segid UPPO .or. segid DNPO) .and. resname adr end
 SELRPN>      0 atoms have been selected out of     64
  
 CHARMM>    scalar charge set -1 sele (segid UPPO .or. segid DNPO) .and. resname dpt end
 SELRPN>      0 atoms have been selected out of     64
  
 CHARMM>    scalar charge set -1 sele (segid UPPO .or. segid DNPO) .and. resname dpa end
 SELRPN>      0 atoms have been selected out of     64
  
 CHARMM>    scalar charge set -1 sele (segid UPPO .or. segid DNPO) .and. resname dha end
 SELRPN>      0 atoms have been selected out of     64
  
 CHARMM>    scalar charge set -1 sele (segid UPPO .or. segid DNPO) .and. resname ner end
 SELRPN>      0 atoms have been selected out of     64
  
 CHARMM>    scalar charge set -1 sele (segid UPPO .or. segid DNPO) .and. resname tta end
 SELRPN>      0 atoms have been selected out of     64
  
 CHARMM>    scalar charge set -1 sele (segid UPPO .or. segid DNPO) .and. resname tpt end
 SELRPN>      0 atoms have been selected out of     64
  
 CHARMM>    scalar charge set -1 sele (segid UPPO .or. segid DNPO) .and. resname tpa end
 SELRPN>      0 atoms have been selected out of     64
  
 CHARMM>    scalar charge set -1 sele (segid UPPO .or. segid DNPO) .and. resname tha end
 SELRPN>      0 atoms have been selected out of     64
  
 CHARMM>    scalar charge set -1 sele (segid UPPO .or. segid DNPO) .and. resname sds end
 SELRPN>      0 atoms have been selected out of     64
  
 CHARMM>    scalar charge set -1 sele (segid UPPO .or. segid DNPO) .and. resname lmpg end
 SELRPN>      0 atoms have been selected out of     64
  
 CHARMM>    scalar charge set -1 sele (segid UPPO .or. segid DNPO) .and. resname lppg end
 SELRPN>      0 atoms have been selected out of     64
  
 CHARMM>    scalar charge set 1 sele (segid UPPO .or. segid DNPO) .and. resname ddaop end
 SELRPN>      0 atoms have been selected out of     64
  
 CHARMM>    scalar charge set 1 sele (segid UPPO .or. segid DNPO) .and. resname udaop end
 SELRPN>      0 atoms have been selected out of     64
  
 CHARMM>    scalar charge set 1 sele (segid UPPO .or. segid DNPO) .and. resname ldaop end
 SELRPN>      0 atoms have been selected out of     64
  
 CHARMM>    scalar charge set 1 sele (segid UPPO .or. segid DNPO) .and. resname lapaop end
 SELRPN>      0 atoms have been selected out of     64
  
 CHARMM>    scalar charge set 1 sele (segid UPPO .or. segid DNPO) .and. resname trpaop end
 SELRPN>      0 atoms have been selected out of     64
  
 CHARMM>    scalar charge set 1 sele (segid UPPO .or. segid DNPO) .and. resname ctb10 end
 SELRPN>      0 atoms have been selected out of     64
  
 CHARMM>    scalar charge set 1 sele (segid UPPO .or. segid DNPO) .and. resname ctb11 end
 SELRPN>      0 atoms have been selected out of     64
  
 CHARMM>    scalar charge set 1 sele (segid UPPO .or. segid DNPO) .and. resname ctb12 end
 SELRPN>      0 atoms have been selected out of     64
  
 CHARMM>    scalar charge set 1 sele (segid UPPO .or. segid DNPO) .and. resname ctb13 end
 SELRPN>      0 atoms have been selected out of     64
  
 CHARMM>    scalar charge set 1 sele (segid UPPO .or. segid DNPO) .and. resname ctb14 end
 SELRPN>      0 atoms have been selected out of     64
  
 CHARMM>    scalar charge set 1 sele (segid UPPO .or. segid DNPO) .and. resname ctb15 end
 SELRPN>      0 atoms have been selected out of     64
  
 CHARMM>    scalar charge set 1 sele (segid UPPO .or. segid DNPO) .and. resname ctb16 end
 SELRPN>      0 atoms have been selected out of     64
  
 CHARMM>    scalar charge set -1 sele (segid UPPO .or. segid DNPO) .and. resname bmgp end
 SELRPN>      0 atoms have been selected out of     64
  
 CHARMM>    scalar charge set 1 sele (segid UPPO .or. segid DNPO) .and. resname dmtap end
 SELRPN>      0 atoms have been selected out of     64
  
 CHARMM>    scalar charge set 1 sele (segid UPPO .or. segid DNPO) .and. resname dptap end
 SELRPN>      0 atoms have been selected out of     64
  
 CHARMM>    scalar charge set 1 sele (segid UPPO .or. segid DNPO) .and. resname dotap end
 SELRPN>      0 atoms have been selected out of     64
  
 CHARMM>    scalar charge set 1 sele (segid UPPO .or. segid DNPO) .and. resname dstap end
 SELRPN>      0 atoms have been selected out of     64
  
 CHARMM>    scalar charge set 1 sele (segid UPPO .or. segid DNPO) .and. resname dltap end
 SELRPN>      0 atoms have been selected out of     64
  
 CHARMM>    scalar charge set 1 sele (segid UPPO .or. segid DNPO) .and. resname dmdaph end
 SELRPN>      0 atoms have been selected out of     64
  
 CHARMM>    scalar charge set 1 sele (segid UPPO .or. segid DNPO) .and. resname dpdaph end
 SELRPN>      0 atoms have been selected out of     64
  
 CHARMM>    scalar charge set 1 sele (segid UPPO .or. segid DNPO) .and. resname dsdaph end
 SELRPN>      0 atoms have been selected out of     64
  
 CHARMM>    scalar charge set 1 sele (segid UPPO .or. segid DNPO) .and. resname dodaph end
 SELRPN>      0 atoms have been selected out of     64
  
 CHARMM>    scalar charge set 1 sele (segid UPPO .or. segid DNPO) .and. resname dldaph end
 SELRPN>      0 atoms have been selected out of     64
  
 CHARMM>    scalar charge set 1 sele (segid UPPO .or. segid DNPO) .and. resname dmdmah end
 SELRPN>      0 atoms have been selected out of     64
  
 CHARMM>    scalar charge set 1 sele (segid UPPO .or. segid DNPO) .and. resname dpdmah end
 SELRPN>      0 atoms have been selected out of     64
  
 CHARMM>    scalar charge set 1 sele (segid UPPO .or. segid DNPO) .and. resname dsdmah end
 SELRPN>      0 atoms have been selected out of     64
  
 CHARMM>    scalar charge set 1 sele (segid UPPO .or. segid DNPO) .and. resname dodmah end
 SELRPN>      0 atoms have been selected out of     64
  
 CHARMM>    scalar charge set 1 sele (segid UPPO .or. segid DNPO) .and. resname dldmah end
 SELRPN>      0 atoms have been selected out of     64
  
 CHARMM>    scalar charge set 1 sele (segid UPPO .or. segid DNPO) .and. resname dmkc1h end
 SELRPN>      0 atoms have been selected out of     64
  
 CHARMM>    scalar charge set 1 sele (segid UPPO .or. segid DNPO) .and. resname dpkc1h end
 SELRPN>      0 atoms have been selected out of     64
  
 CHARMM>    scalar charge set 1 sele (segid UPPO .or. segid DNPO) .and. resname dskc1h end
 SELRPN>      0 atoms have been selected out of     64
  
 CHARMM>    scalar charge set 1 sele (segid UPPO .or. segid DNPO) .and. resname dokc1h end
 SELRPN>      0 atoms have been selected out of     64
  
 CHARMM>    scalar charge set 1 sele (segid UPPO .or. segid DNPO) .and. resname dlkc1h end
 SELRPN>      0 atoms have been selected out of     64
  
 CHARMM>    scalar charge set 1 sele (segid UPPO .or. segid DNPO) .and. resname dmkc2h end
 SELRPN>      0 atoms have been selected out of     64
  
 CHARMM>    scalar charge set 1 sele (segid UPPO .or. segid DNPO) .and. resname dpkc2h end
 SELRPN>      0 atoms have been selected out of     64
  
 CHARMM>    scalar charge set 1 sele (segid UPPO .or. segid DNPO) .and. resname dskc2h end
 SELRPN>      0 atoms have been selected out of     64
  
 CHARMM>    scalar charge set 1 sele (segid UPPO .or. segid DNPO) .and. resname dokc2h end
 SELRPN>      0 atoms have been selected out of     64
  
 CHARMM>    scalar charge set 1 sele (segid UPPO .or. segid DNPO) .and. resname dlkc2h end
 SELRPN>      0 atoms have been selected out of     64
  
 CHARMM>    scalar charge set 1 sele (segid UPPO .or. segid DNPO) .and. resname dmmc3h end
 SELRPN>      0 atoms have been selected out of     64
  
 CHARMM>    scalar charge set 1 sele (segid UPPO .or. segid DNPO) .and. resname dpmc3h end
 SELRPN>      0 atoms have been selected out of     64
  
 CHARMM>    scalar charge set 1 sele (segid UPPO .or. segid DNPO) .and. resname dsmc3h end
 SELRPN>      0 atoms have been selected out of     64
  
 CHARMM>    scalar charge set 1 sele (segid UPPO .or. segid DNPO) .and. resname domc3h end
 SELRPN>      0 atoms have been selected out of     64
  
 CHARMM>    scalar charge set 1 sele (segid UPPO .or. segid DNPO) .and. resname dlmc3h end
 SELRPN>      0 atoms have been selected out of     64
  
 CHARMM>     
  
 CHARMM>    ! First, guess available regions for initial positions of the big-spheres (150%)
 CHARMM>    calc Ainit = @A * 1.5
 Parameter: A -> "46.7504011"
Evaluating: 46.7504011*1.5
 Parameter: AINIT <- "70.1256016"
  
 CHARMM>    calc Binit = @B * 1.5
 Parameter: B -> "46.7504011"
Evaluating: 46.7504011*1.5
 Parameter: BINIT <- "70.1256016"
  
 CHARMM>     
  
 CHARMM>    ! Define the boundary for non-accessible regions of the big-spheres
 CHARMM>    define uppo sele ( .not. ( segid UPPO .or. segid DNPO ) ) .and. -
 CHARMM>                     ( prop Z .gt.  10 ) .and. (prop Z .lt.  20 ) .and. .not. hydrogen end
 SELRPN>      0 atoms have been selected out of     64
  
 CHARMM>    if ?nsel .gt. 0 then
 RDCMND substituted energy or value "?NSEL" to "0"
 Comparing "0" and "0".
 IF test evaluated as false.  Skip to ELSE or ENDIF
  
 CHARMM>       calc xpup = 0
Evaluating: 0
 Parameter: XPUP <- "0"
  
 CHARMM>       calc xnup = 0
Evaluating: 0
 Parameter: XNUP <- "0"
  
 CHARMM>       calc ypup = 0
Evaluating: 0
 Parameter: YPUP <- "0"
  
 CHARMM>       calc ynup = 0
Evaluating: 0
 Parameter: YNUP <- "0"
  
 CHARMM>    endif
  
 CHARMM>     
  
 CHARMM>    define dnpo sele ( .not. ( segid UPPO .or. segid DNPO ) ) .and. -
 CHARMM>                     ( prop Z .gt. -20 ) .and. (prop Z .lt. -10 ) .and. .not. hydrogen end
 SELRPN>      0 atoms have been selected out of     64
  
 CHARMM>    if ?nsel .gt. 0 then
 RDCMND substituted energy or value "?NSEL" to "0"
 Comparing "0" and "0".
 IF test evaluated as false.  Skip to ELSE or ENDIF
  
 CHARMM>       calc xpdn = 0
Evaluating: 0
 Parameter: XPDN <- "0"
  
 CHARMM>       calc xndn = 0
Evaluating: 0
 Parameter: XNDN <- "0"
  
 CHARMM>       calc ypdn = 0
Evaluating: 0
 Parameter: YPDN <- "0"
  
 CHARMM>       calc yndn = 0
Evaluating: 0
 Parameter: YNDN <- "0"
  
 CHARMM>    endif
  
 CHARMM>     
  
 CHARMM>    ! to prevent infinite-loop
 CHARMM>    calc A2 = @A/2
 Parameter: A -> "46.7504011"
Evaluating: 46.7504011/2
 Parameter: A2 <- "23.3752005"
  
 CHARMM>    calc B2 = @A/2
 Parameter: A -> "46.7504011"
Evaluating: 46.7504011/2
 Parameter: B2 <- "23.3752005"
  
 CHARMM>    if xpup .gt.  @A2 stop
 Parameter: A2 -> "23.3752005"
 Comparing "0" and "23.3752005".
 IF test evaluated as false.  Skipping command
  
 CHARMM>    if xnup .lt. -@A2 stop
 Parameter: A2 -> "23.3752005"
 Comparing "0" and "-23.3752005".
 IF test evaluated as false.  Skipping command
  
 CHARMM>    if ypup .gt.  @B2 stop
 Parameter: B2 -> "23.3752005"
 Comparing "0" and "23.3752005".
 IF test evaluated as false.  Skipping command
  
 CHARMM>    if ynup .lt. -@B2 stop
 Parameter: B2 -> "23.3752005"
 Comparing "0" and "-23.3752005".
 IF test evaluated as false.  Skipping command
  
 CHARMM>    if xpdn .gt.  @A2 stop
 Parameter: A2 -> "23.3752005"
 Comparing "0" and "23.3752005".
 IF test evaluated as false.  Skipping command
  
 CHARMM>    if xndn .lt. -@A2 stop
 Parameter: A2 -> "23.3752005"
 Comparing "0" and "-23.3752005".
 IF test evaluated as false.  Skipping command
  
 CHARMM>    if ypdn .gt.  @B2 stop
 Parameter: B2 -> "23.3752005"
 Comparing "0" and "23.3752005".
 IF test evaluated as false.  Skipping command
  
 CHARMM>    if yndn .lt. -@B2 stop
 Parameter: B2 -> "23.3752005"
 Comparing "0" and "-23.3752005".
 IF test evaluated as false.  Skipping command
  
 CHARMM>     
  
 CHARMM>    !----------------------------------------------------------------------
 CHARMM>    ! Put big-spheres molecules at random positions
 CHARMM>     
  
 CHARMM>    ! Random number generation
 CHARMM>    RAND UNIF ISEED 1666729794 SCALE 1.0
RANDSPEC> CLCG random number generator in use:
RANDSPEC> UNIFORM distribution will be used
RANDSPEC> seeds  = 1666729794 426546799 1 426546799
RANDSPEC> SCALE  = 1.00000000
RANDSPEC> OFFSET = .00000000
  
 CHARMM>     
  
 CHARMM>    calc i = 1
Evaluating: 1
 Parameter: I <- "1"
  
 CHARMM>     
  
 CHARMM>    label do_up
  
 CHARMM>     
  
 CHARMM>      label rand_up
  
 CHARMM>      calc xpos = ?random
 RDCMND substituted energy or value "?RANDOM" to "0.439066206"
Evaluating: 0.439066206
 Parameter: XPOS <- "0.439066206"
  
 CHARMM>      calc ypos = ?random
 RDCMND substituted energy or value "?RANDOM" to "0.54406521"
Evaluating: 0.54406521
 Parameter: YPOS <- "0.54406521"
  
 CHARMM>      calc xpos = @Ainit * ( @xpos - 0.5 )
 Parameter: AINIT -> "70.1256016"
 Parameter: XPOS -> "0.439066206"
Evaluating: 70.1256016*(0.439066206-0.5)
 Parameter: XPOS <- "-4.27301896"
  
 CHARMM>      calc ypos = @Binit * ( @ypos - 0.5 )
 Parameter: BINIT -> "70.1256016"
 Parameter: YPOS -> "0.54406521"
Evaluating: 70.1256016*(0.54406521-0.5)
 Parameter: YPOS <- "3.09009936"
  
 CHARMM>     
  
 CHARMM>      set iprot = 1
 Parameter: IPROT <- "1"
  
 CHARMM>      label check_prot_up
  
 CHARMM>         define XXX sele uppo .and. iseg @iprot end
 Parameter: IPROT -> "1"
 SELRPN>      0 atoms have been selected out of     64
  
 CHARMM>         if ?nsel .gt. 0 then
 RDCMND substituted energy or value "?NSEL" to "0"
 Comparing "0" and "0".
 IF test evaluated as false.  Skip to ELSE or ENDIF
  
 CHARMM>         incr iprot by 1
 Parameter: IPROT <- "2"
  
 CHARMM>      if iprot .le. @nprot goto check_prot_up
 Parameter: NPROT -> "0"
 Comparing "2" and "0".
 IF test evaluated as false.  Skipping command
  
 CHARMM>     
  
 CHARMM>      calc zpos = 12.0
Evaluating: 12.0
 Parameter: ZPOS <- "12"
  
 CHARMM>     
  
 CHARMM>      coor set xdir @xpos  ydir @ypos  zdir @zpos select segid UPPO .and. resid @i end
 Parameter: XPOS -> "-4.27301896"
 Parameter: YPOS -> "3.09009936"
 Parameter: ZPOS -> "12"
 Parameter: I -> "1"
 SELRPN>      1 atoms have been selected out of     64
 SELECTED COORDINATES SET IN THE MAIN SET.

  
 CHARMM>     
  
 CHARMM>      MMFP

      MISCELANEOUS MEAN FIELD POTENTIALS
  
   MMFP>      GEO plane  RCM -
   MMFP>          xref 0.0  yref 0.0  zref  @zpos  zdir 1.0 -
   MMFP>          force  100.0   select segid UPPO .and. resi @i end
 Parameter: ZPOS -> "12"
 Parameter: I -> "1"
 GEO INITIALIZED, MAXGEO=   66
 Center of mass constraint
 Plane constraint
 Harmonic constraint, keep inside the maximum radius
 SELRPN>      1 atoms have been selected out of     64
 new constraints applied on    1 atoms
 the total number of constraints is    1
 the total number of atoms affected is    1
  
   MMFP>      END
  
 CHARMM>     
  
 CHARMM>    incr i by 1
 Parameter: I <- "2"
  
 CHARMM>    if i le @NLIPTOP goto do_up
 Parameter: NLIPTOP -> "32"
 Comparing "2" and "32".
 IF test evaluated as true.  Performing command
  
 CHARMM>     
  
 CHARMM>      label rand_up
  
 CHARMM>      calc xpos = ?random
 RDCMND substituted energy or value "?RANDOM" to "0.772093334"
Evaluating: 0.772093334
 Parameter: XPOS <- "0.772093334"
  
 CHARMM>      calc ypos = ?random
 RDCMND substituted energy or value "?RANDOM" to "0.386936299"
Evaluating: 0.386936299
 Parameter: YPOS <- "0.386936299"
  
 CHARMM>      calc xpos = @Ainit * ( @xpos - 0.5 )
 Parameter: AINIT -> "70.1256016"
 Parameter: XPOS -> "0.772093334"
Evaluating: 70.1256016*(0.772093334-0.5)
 Parameter: XPOS <- "19.0807087"
  
 CHARMM>      calc ypos = @Binit * ( @ypos - 0.5 )
 Parameter: BINIT -> "70.1256016"
 Parameter: YPOS -> "0.386936299"
Evaluating: 70.1256016*(0.386936299-0.5)
 Parameter: YPOS <- "-7.92866005"
  
 CHARMM>     
  
 CHARMM>      set iprot = 1
 Parameter: IPROT <- "1"
  
 CHARMM>      label check_prot_up
  
 CHARMM>         define XXX sele uppo .and. iseg @iprot end
 Parameter: IPROT -> "1"
 SELRPN>      0 atoms have been selected out of     64
  
 CHARMM>         if ?nsel .gt. 0 then
 RDCMND substituted energy or value "?NSEL" to "0"
 Comparing "0" and "0".
 IF test evaluated as false.  Skip to ELSE or ENDIF
  
 CHARMM>         incr iprot by 1
 Parameter: IPROT <- "2"
  
 CHARMM>      if iprot .le. @nprot goto check_prot_up
 Parameter: NPROT -> "0"
 Comparing "2" and "0".
 IF test evaluated as false.  Skipping command
  
 CHARMM>     
  
 CHARMM>      calc zpos = 12.0
Evaluating: 12.0
 Parameter: ZPOS <- "12"
  
 CHARMM>     
  
 CHARMM>      coor set xdir @xpos  ydir @ypos  zdir @zpos select segid UPPO .and. resid @i end
 Parameter: XPOS -> "19.0807087"
 Parameter: YPOS -> "-7.92866005"
 Parameter: ZPOS -> "12"
 Parameter: I -> "2"
 SELRPN>      1 atoms have been selected out of     64
 SELECTED COORDINATES SET IN THE MAIN SET.

  
 CHARMM>     
  
 CHARMM>      MMFP

      MISCELANEOUS MEAN FIELD POTENTIALS
  
   MMFP>      GEO plane  RCM -
   MMFP>          xref 0.0  yref 0.0  zref  @zpos  zdir 1.0 -
   MMFP>          force  100.0   select segid UPPO .and. resi @i end
 Parameter: ZPOS -> "12"
 Parameter: I -> "2"
 Center of mass constraint
 Plane constraint
 Harmonic constraint, keep inside the maximum radius
 SELRPN>      1 atoms have been selected out of     64
 new constraints applied on    1 atoms
 the total number of constraints is    2
 the total number of atoms affected is    2
  
   MMFP>      END
  
 CHARMM>     
  
 CHARMM>    incr i by 1
 Parameter: I <- "3"
  
 CHARMM>    if i le @NLIPTOP goto do_up
 Parameter: NLIPTOP -> "32"
 Comparing "3" and "32".
 IF test evaluated as true.  Performing command
  
 CHARMM>     
  
 CHARMM>      label rand_up
  
 CHARMM>      calc xpos = ?random
 RDCMND substituted energy or value "?RANDOM" to "0.247852669"
Evaluating: 0.247852669
 Parameter: XPOS <- "0.247852669"
  
 CHARMM>      calc ypos = ?random
 RDCMND substituted energy or value "?RANDOM" to "0.635845122"
Evaluating: 0.635845122
 Parameter: YPOS <- "0.635845122"
  
 CHARMM>      calc xpos = @Ainit * ( @xpos - 0.5 )
 Parameter: AINIT -> "70.1256016"
 Parameter: XPOS -> "0.247852669"
Evaluating: 70.1256016*(0.247852669-0.5)
 Parameter: XPOS <- "-17.6819833"
  
 CHARMM>      calc ypos = @Binit * ( @ypos - 0.5 )
 Parameter: BINIT -> "70.1256016"
 Parameter: YPOS -> "0.635845122"
Evaluating: 70.1256016*(0.635845122-0.5)
 Parameter: YPOS <- "9.5262209"
  
 CHARMM>     
  
 CHARMM>      set iprot = 1
 Parameter: IPROT <- "1"
  
 CHARMM>      label check_prot_up
  
 CHARMM>         define XXX sele uppo .and. iseg @iprot end
 Parameter: IPROT -> "1"
 SELRPN>      0 atoms have been selected out of     64
  
 CHARMM>         if ?nsel .gt. 0 then
 RDCMND substituted energy or value "?NSEL" to "0"
 Comparing "0" and "0".
 IF test evaluated as false.  Skip to ELSE or ENDIF
  
 CHARMM>         incr iprot by 1
 Parameter: IPROT <- "2"
  
 CHARMM>      if iprot .le. @nprot goto check_prot_up
 Parameter: NPROT -> "0"
 Comparing "2" and "0".
 IF test evaluated as false.  Skipping command
  
 CHARMM>     
  
 CHARMM>      calc zpos = 12.0
Evaluating: 12.0
 Parameter: ZPOS <- "12"
  
 CHARMM>     
  
 CHARMM>      coor set xdir @xpos  ydir @ypos  zdir @zpos select segid UPPO .and. resid @i end
 Parameter: XPOS -> "-17.6819833"
 Parameter: YPOS -> "9.5262209"
 Parameter: ZPOS -> "12"
 Parameter: I -> "3"
 SELRPN>      1 atoms have been selected out of     64
 SELECTED COORDINATES SET IN THE MAIN SET.

  
 CHARMM>     
  
 CHARMM>      MMFP

      MISCELANEOUS MEAN FIELD POTENTIALS
  
   MMFP>      GEO plane  RCM -
   MMFP>          xref 0.0  yref 0.0  zref  @zpos  zdir 1.0 -
   MMFP>          force  100.0   select segid UPPO .and. resi @i end
 Parameter: ZPOS -> "12"
 Parameter: I -> "3"
 Center of mass constraint
 Plane constraint
 Harmonic constraint, keep inside the maximum radius
 SELRPN>      1 atoms have been selected out of     64
 new constraints applied on    1 atoms
 the total number of constraints is    3
 the total number of atoms affected is    3
  
   MMFP>      END
  
 CHARMM>     
  
 CHARMM>    incr i by 1
 Parameter: I <- "4"
  
 CHARMM>    if i le @NLIPTOP goto do_up
 Parameter: NLIPTOP -> "32"
 Comparing "4" and "32".
 IF test evaluated as true.  Performing command
  
 CHARMM>     
  
 CHARMM>      label rand_up
  
 CHARMM>      calc xpos = ?random
 RDCMND substituted energy or value "?RANDOM" to "6.992275726E-02"
Evaluating: 6.992275726E-02
 Parameter: XPOS <- "6.992275726E-02"
  
 CHARMM>      calc ypos = ?random
 RDCMND substituted energy or value "?RANDOM" to "4.84012394E-02"
Evaluating: 4.84012394E-02
 Parameter: YPOS <- "4.84012394E-02"
  
 CHARMM>      calc xpos = @Ainit * ( @xpos - 0.5 )
 Parameter: AINIT -> "70.1256016"
 Parameter: XPOS -> "6.992275726E-02"
Evaluating: 70.1256016*(6.992275726E-02-0.5)
 Parameter: XPOS <- "-30.1594254"
  
 CHARMM>      calc ypos = @Binit * ( @ypos - 0.5 )
 Parameter: BINIT -> "70.1256016"
 Parameter: YPOS -> "4.84012394E-02"
Evaluating: 70.1256016*(4.84012394E-02-0.5)
 Parameter: YPOS <- "-31.6686348"
  
 CHARMM>     
  
 CHARMM>      set iprot = 1
 Parameter: IPROT <- "1"
  
 CHARMM>      label check_prot_up
  
 CHARMM>         define XXX sele uppo .and. iseg @iprot end
 Parameter: IPROT -> "1"
 SELRPN>      0 atoms have been selected out of     64
  
 CHARMM>         if ?nsel .gt. 0 then
 RDCMND substituted energy or value "?NSEL" to "0"
 Comparing "0" and "0".
 IF test evaluated as false.  Skip to ELSE or ENDIF
  
 CHARMM>         incr iprot by 1
 Parameter: IPROT <- "2"
  
 CHARMM>      if iprot .le. @nprot goto check_prot_up
 Parameter: NPROT -> "0"
 Comparing "2" and "0".
 IF test evaluated as false.  Skipping command
  
 CHARMM>     
  
 CHARMM>      calc zpos = 12.0
Evaluating: 12.0
 Parameter: ZPOS <- "12"
  
 CHARMM>     
  
 CHARMM>      coor set xdir @xpos  ydir @ypos  zdir @zpos select segid UPPO .and. resid @i end
 Parameter: XPOS -> "-30.1594254"
 Parameter: YPOS -> "-31.6686348"
 Parameter: ZPOS -> "12"
 Parameter: I -> "4"
 SELRPN>      1 atoms have been selected out of     64
 SELECTED COORDINATES SET IN THE MAIN SET.

  
 CHARMM>     
  
 CHARMM>      MMFP

      MISCELANEOUS MEAN FIELD POTENTIALS
  
   MMFP>      GEO plane  RCM -
   MMFP>          xref 0.0  yref 0.0  zref  @zpos  zdir 1.0 -
   MMFP>          force  100.0   select segid UPPO .and. resi @i end
 Parameter: ZPOS -> "12"
 Parameter: I -> "4"
 Center of mass constraint
 Plane constraint
 Harmonic constraint, keep inside the maximum radius
 SELRPN>      1 atoms have been selected out of     64
 new constraints applied on    1 atoms
 the total number of constraints is    4
 the total number of atoms affected is    4
  
   MMFP>      END
  
 CHARMM>     
  
 CHARMM>    incr i by 1
 Parameter: I <- "5"
  
 CHARMM>    if i le @NLIPTOP goto do_up
 Parameter: NLIPTOP -> "32"
 Comparing "5" and "32".
 IF test evaluated as true.  Performing command
  
 CHARMM>     
  
 CHARMM>      label rand_up
  
 CHARMM>      calc xpos = ?random
 RDCMND substituted energy or value "?RANDOM" to "0.927934952"
Evaluating: 0.927934952
 Parameter: XPOS <- "0.927934952"
  
 CHARMM>      calc ypos = ?random
 RDCMND substituted energy or value "?RANDOM" to "0.668972643"
Evaluating: 0.668972643
 Parameter: YPOS <- "0.668972643"
  
 CHARMM>      calc xpos = @Ainit * ( @xpos - 0.5 )
 Parameter: AINIT -> "70.1256016"
 Parameter: XPOS -> "0.927934952"
Evaluating: 70.1256016*(0.927934952-0.5)
 Parameter: XPOS <- "30.009196"
  
 CHARMM>      calc ypos = @Binit * ( @ypos - 0.5 )
 Parameter: BINIT -> "70.1256016"
 Parameter: YPOS -> "0.668972643"
Evaluating: 70.1256016*(0.668972643-0.5)
 Parameter: YPOS <- "11.8493082"
  
 CHARMM>     
  
 CHARMM>      set iprot = 1
 Parameter: IPROT <- "1"
  
 CHARMM>      label check_prot_up
  
 CHARMM>         define XXX sele uppo .and. iseg @iprot end
 Parameter: IPROT -> "1"
 SELRPN>      0 atoms have been selected out of     64
  
 CHARMM>         if ?nsel .gt. 0 then
 RDCMND substituted energy or value "?NSEL" to "0"
 Comparing "0" and "0".
 IF test evaluated as false.  Skip to ELSE or ENDIF
  
 CHARMM>         incr iprot by 1
 Parameter: IPROT <- "2"
  
 CHARMM>      if iprot .le. @nprot goto check_prot_up
 Parameter: NPROT -> "0"
 Comparing "2" and "0".
 IF test evaluated as false.  Skipping command
  
 CHARMM>     
  
 CHARMM>      calc zpos = 12.0
Evaluating: 12.0
 Parameter: ZPOS <- "12"
  
 CHARMM>     
  
 CHARMM>      coor set xdir @xpos  ydir @ypos  zdir @zpos select segid UPPO .and. resid @i end
 Parameter: XPOS -> "30.009196"
 Parameter: YPOS -> "11.8493082"
 Parameter: ZPOS -> "12"
 Parameter: I -> "5"
 SELRPN>      1 atoms have been selected out of     64
 SELECTED COORDINATES SET IN THE MAIN SET.

  
 CHARMM>     
  
 CHARMM>      MMFP

      MISCELANEOUS MEAN FIELD POTENTIALS
  
   MMFP>      GEO plane  RCM -
   MMFP>          xref 0.0  yref 0.0  zref  @zpos  zdir 1.0 -
   MMFP>          force  100.0   select segid UPPO .and. resi @i end
 Parameter: ZPOS -> "12"
 Parameter: I -> "5"
 Center of mass constraint
 Plane constraint
 Harmonic constraint, keep inside the maximum radius
 SELRPN>      1 atoms have been selected out of     64
 new constraints applied on    1 atoms
 the total number of constraints is    5
 the total number of atoms affected is    5
  
   MMFP>      END
  
 CHARMM>     
  
 CHARMM>    incr i by 1
 Parameter: I <- "6"
  
 CHARMM>    if i le @NLIPTOP goto do_up
 Parameter: NLIPTOP -> "32"
 Comparing "6" and "32".
 IF test evaluated as true.  Performing command
  
 CHARMM>     
  
 CHARMM>      label rand_up
  
 CHARMM>      calc xpos = ?random
 RDCMND substituted energy or value "?RANDOM" to "3.203502338E-03"
Evaluating: 3.203502338E-03
 Parameter: XPOS <- "3.203502338E-03"
  
 CHARMM>      calc ypos = ?random
 RDCMND substituted energy or value "?RANDOM" to "0.377492692"
Evaluating: 0.377492692
 Parameter: YPOS <- "0.377492692"
  
 CHARMM>      calc xpos = @Ainit * ( @xpos - 0.5 )
 Parameter: AINIT -> "70.1256016"
 Parameter: XPOS -> "3.203502338E-03"
Evaluating: 70.1256016*(3.203502338E-03-0.5)
 Parameter: XPOS <- "-34.8381533"
  
 CHARMM>      calc ypos = @Binit * ( @ypos - 0.5 )
 Parameter: BINIT -> "70.1256016"
 Parameter: YPOS -> "0.377492692"
Evaluating: 70.1256016*(0.377492692-0.5)
 Parameter: YPOS <- "-8.59089867"
  
 CHARMM>     
  
 CHARMM>      set iprot = 1
 Parameter: IPROT <- "1"
  
 CHARMM>      label check_prot_up
  
 CHARMM>         define XXX sele uppo .and. iseg @iprot end
 Parameter: IPROT -> "1"
 SELRPN>      0 atoms have been selected out of     64
  
 CHARMM>         if ?nsel .gt. 0 then
 RDCMND substituted energy or value "?NSEL" to "0"
 Comparing "0" and "0".
 IF test evaluated as false.  Skip to ELSE or ENDIF
  
 CHARMM>         incr iprot by 1
 Parameter: IPROT <- "2"
  
 CHARMM>      if iprot .le. @nprot goto check_prot_up
 Parameter: NPROT -> "0"
 Comparing "2" and "0".
 IF test evaluated as false.  Skipping command
  
 CHARMM>     
  
 CHARMM>      calc zpos = 12.0
Evaluating: 12.0
 Parameter: ZPOS <- "12"
  
 CHARMM>     
  
 CHARMM>      coor set xdir @xpos  ydir @ypos  zdir @zpos select segid UPPO .and. resid @i end
 Parameter: XPOS -> "-34.8381533"
 Parameter: YPOS -> "-8.59089867"
 Parameter: ZPOS -> "12"
 Parameter: I -> "6"
 SELRPN>      1 atoms have been selected out of     64
 SELECTED COORDINATES SET IN THE MAIN SET.

  
 CHARMM>     
  
 CHARMM>      MMFP

      MISCELANEOUS MEAN FIELD POTENTIALS
  
   MMFP>      GEO plane  RCM -
   MMFP>          xref 0.0  yref 0.0  zref  @zpos  zdir 1.0 -
   MMFP>          force  100.0   select segid UPPO .and. resi @i end
 Parameter: ZPOS -> "12"
 Parameter: I -> "6"
 Center of mass constraint
 Plane constraint
 Harmonic constraint, keep inside the maximum radius
 SELRPN>      1 atoms have been selected out of     64
 new constraints applied on    1 atoms
 the total number of constraints is    6
 the total number of atoms affected is    6
  
   MMFP>      END
  
 CHARMM>     
  
 CHARMM>    incr i by 1
 Parameter: I <- "7"
  
 CHARMM>    if i le @NLIPTOP goto do_up
 Parameter: NLIPTOP -> "32"
 Comparing "7" and "32".
 IF test evaluated as true.  Performing command
  
 CHARMM>     
  
 CHARMM>      label rand_up
  
 CHARMM>      calc xpos = ?random
 RDCMND substituted energy or value "?RANDOM" to "0.897319971"
Evaluating: 0.897319971
 Parameter: XPOS <- "0.897319971"
  
 CHARMM>      calc ypos = ?random
 RDCMND substituted energy or value "?RANDOM" to "0.41668013"
Evaluating: 0.41668013
 Parameter: YPOS <- "0.41668013"
  
 CHARMM>      calc xpos = @Ainit * ( @xpos - 0.5 )
 Parameter: AINIT -> "70.1256016"
 Parameter: XPOS -> "0.897319971"
Evaluating: 70.1256016*(0.897319971-0.5)
 Parameter: XPOS <- "27.862302"
  
 CHARMM>      calc ypos = @Binit * ( @ypos - 0.5 )
 Parameter: BINIT -> "70.1256016"
 Parameter: YPOS -> "0.41668013"
Evaluating: 70.1256016*(0.41668013-0.5)
 Parameter: YPOS <- "-5.84285601"
  
 CHARMM>     
  
 CHARMM>      set iprot = 1
 Parameter: IPROT <- "1"
  
 CHARMM>      label check_prot_up
  
 CHARMM>         define XXX sele uppo .and. iseg @iprot end
 Parameter: IPROT -> "1"
 SELRPN>      0 atoms have been selected out of     64
  
 CHARMM>         if ?nsel .gt. 0 then
 RDCMND substituted energy or value "?NSEL" to "0"
 Comparing "0" and "0".
 IF test evaluated as false.  Skip to ELSE or ENDIF
  
 CHARMM>         incr iprot by 1
 Parameter: IPROT <- "2"
  
 CHARMM>      if iprot .le. @nprot goto check_prot_up
 Parameter: NPROT -> "0"
 Comparing "2" and "0".
 IF test evaluated as false.  Skipping command
  
 CHARMM>     
  
 CHARMM>      calc zpos = 12.0
Evaluating: 12.0
 Parameter: ZPOS <- "12"
  
 CHARMM>     
  
 CHARMM>      coor set xdir @xpos  ydir @ypos  zdir @zpos select segid UPPO .and. resid @i end
 Parameter: XPOS -> "27.862302"
 Parameter: YPOS -> "-5.84285601"
 Parameter: ZPOS -> "12"
 Parameter: I -> "7"
 SELRPN>      1 atoms have been selected out of     64
 SELECTED COORDINATES SET IN THE MAIN SET.

  
 CHARMM>     
  
 CHARMM>      MMFP

      MISCELANEOUS MEAN FIELD POTENTIALS
  
   MMFP>      GEO plane  RCM -
   MMFP>          xref 0.0  yref 0.0  zref  @zpos  zdir 1.0 -
   MMFP>          force  100.0   select segid UPPO .and. resi @i end
 Parameter: ZPOS -> "12"
 Parameter: I -> "7"
 Center of mass constraint
 Plane constraint
 Harmonic constraint, keep inside the maximum radius
 SELRPN>      1 atoms have been selected out of     64
 new constraints applied on    1 atoms
 the total number of constraints is    7
 the total number of atoms affected is    7
  
   MMFP>      END
  
 CHARMM>     
  
 CHARMM>    incr i by 1
 Parameter: I <- "8"
  
 CHARMM>    if i le @NLIPTOP goto do_up
 Parameter: NLIPTOP -> "32"
 Comparing "8" and "32".
 IF test evaluated as true.  Performing command
  
 CHARMM>     
  
 CHARMM>      label rand_up
  
 CHARMM>      calc xpos = ?random
 RDCMND substituted energy or value "?RANDOM" to "0.127330515"
Evaluating: 0.127330515
 Parameter: XPOS <- "0.127330515"
  
 CHARMM>      calc ypos = ?random
 RDCMND substituted energy or value "?RANDOM" to "0.955065746"
Evaluating: 0.955065746
 Parameter: YPOS <- "0.955065746"
  
 CHARMM>      calc xpos = @Ainit * ( @xpos - 0.5 )
 Parameter: AINIT -> "70.1256016"
 Parameter: XPOS -> "0.127330515"
Evaluating: 70.1256016*(0.127330515-0.5)
 Parameter: XPOS <- "-26.1336718"
  
 CHARMM>      calc ypos = @Binit * ( @ypos - 0.5 )
 Parameter: BINIT -> "70.1256016"
 Parameter: YPOS -> "0.955065746"
Evaluating: 70.1256016*(0.955065746-0.5)
 Parameter: YPOS <- "31.9117592"
  
 CHARMM>     
  
 CHARMM>      set iprot = 1
 Parameter: IPROT <- "1"
  
 CHARMM>      label check_prot_up
  
 CHARMM>         define XXX sele uppo .and. iseg @iprot end
 Parameter: IPROT -> "1"
 SELRPN>      0 atoms have been selected out of     64
  
 CHARMM>         if ?nsel .gt. 0 then
 RDCMND substituted energy or value "?NSEL" to "0"
 Comparing "0" and "0".
 IF test evaluated as false.  Skip to ELSE or ENDIF
  
 CHARMM>         incr iprot by 1
 Parameter: IPROT <- "2"
  
 CHARMM>      if iprot .le. @nprot goto check_prot_up
 Parameter: NPROT -> "0"
 Comparing "2" and "0".
 IF test evaluated as false.  Skipping command
  
 CHARMM>     
  
 CHARMM>      calc zpos = 12.0
Evaluating: 12.0
 Parameter: ZPOS <- "12"
  
 CHARMM>     
  
 CHARMM>      coor set xdir @xpos  ydir @ypos  zdir @zpos select segid UPPO .and. resid @i end
 Parameter: XPOS -> "-26.1336718"
 Parameter: YPOS -> "31.9117592"
 Parameter: ZPOS -> "12"
 Parameter: I -> "8"
 SELRPN>      1 atoms have been selected out of     64
 SELECTED COORDINATES SET IN THE MAIN SET.

  
 CHARMM>     
  
 CHARMM>      MMFP

      MISCELANEOUS MEAN FIELD POTENTIALS
  
   MMFP>      GEO plane  RCM -
   MMFP>          xref 0.0  yref 0.0  zref  @zpos  zdir 1.0 -
   MMFP>          force  100.0   select segid UPPO .and. resi @i end
 Parameter: ZPOS -> "12"
 Parameter: I -> "8"
 Center of mass constraint
 Plane constraint
 Harmonic constraint, keep inside the maximum radius
 SELRPN>      1 atoms have been selected out of     64
 new constraints applied on    1 atoms
 the total number of constraints is    8
 the total number of atoms affected is    8
  
   MMFP>      END
  
 CHARMM>     
  
 CHARMM>    incr i by 1
 Parameter: I <- "9"
  
 CHARMM>    if i le @NLIPTOP goto do_up
 Parameter: NLIPTOP -> "32"
 Comparing "9" and "32".
 IF test evaluated as true.  Performing command
  
 CHARMM>     
  
 CHARMM>      label rand_up
  
 CHARMM>      calc xpos = ?random
 RDCMND substituted energy or value "?RANDOM" to "0.116830226"
Evaluating: 0.116830226
 Parameter: XPOS <- "0.116830226"
  
 CHARMM>      calc ypos = ?random
 RDCMND substituted energy or value "?RANDOM" to "0.816057137"
Evaluating: 0.816057137
 Parameter: YPOS <- "0.816057137"
  
 CHARMM>      calc xpos = @Ainit * ( @xpos - 0.5 )
 Parameter: AINIT -> "70.1256016"
 Parameter: XPOS -> "0.116830226"
Evaluating: 70.1256016*(0.116830226-0.5)
 Parameter: XPOS <- "-26.8700109"
  
 CHARMM>      calc ypos = @Binit * ( @ypos - 0.5 )
 Parameter: BINIT -> "70.1256016"
 Parameter: YPOS -> "0.816057137"
Evaluating: 70.1256016*(0.816057137-0.5)
 Parameter: YPOS <- "22.1636969"
  
 CHARMM>     
  
 CHARMM>      set iprot = 1
 Parameter: IPROT <- "1"
  
 CHARMM>      label check_prot_up
  
 CHARMM>         define XXX sele uppo .and. iseg @iprot end
 Parameter: IPROT -> "1"
 SELRPN>      0 atoms have been selected out of     64
  
 CHARMM>         if ?nsel .gt. 0 then
 RDCMND substituted energy or value "?NSEL" to "0"
 Comparing "0" and "0".
 IF test evaluated as false.  Skip to ELSE or ENDIF
  
 CHARMM>         incr iprot by 1
 Parameter: IPROT <- "2"
  
 CHARMM>      if iprot .le. @nprot goto check_prot_up
 Parameter: NPROT -> "0"
 Comparing "2" and "0".
 IF test evaluated as false.  Skipping command
  
 CHARMM>     
  
 CHARMM>      calc zpos = 12.0
Evaluating: 12.0
 Parameter: ZPOS <- "12"
  
 CHARMM>     
  
 CHARMM>      coor set xdir @xpos  ydir @ypos  zdir @zpos select segid UPPO .and. resid @i end
 Parameter: XPOS -> "-26.8700109"
 Parameter: YPOS -> "22.1636969"
 Parameter: ZPOS -> "12"
 Parameter: I -> "9"
 SELRPN>      1 atoms have been selected out of     64
 SELECTED COORDINATES SET IN THE MAIN SET.

  
 CHARMM>     
  
 CHARMM>      MMFP

      MISCELANEOUS MEAN FIELD POTENTIALS
  
   MMFP>      GEO plane  RCM -
   MMFP>          xref 0.0  yref 0.0  zref  @zpos  zdir 1.0 -
   MMFP>          force  100.0   select segid UPPO .and. resi @i end
 Parameter: ZPOS -> "12"
 Parameter: I -> "9"
 Center of mass constraint
 Plane constraint
 Harmonic constraint, keep inside the maximum radius
 SELRPN>      1 atoms have been selected out of     64
 new constraints applied on    1 atoms
 the total number of constraints is    9
 the total number of atoms affected is    9
  
   MMFP>      END
  
 CHARMM>     
  
 CHARMM>    incr i by 1
 Parameter: I <- "10"
  
 CHARMM>    if i le @NLIPTOP goto do_up
 Parameter: NLIPTOP -> "32"
 Comparing "10" and "32".
 IF test evaluated as true.  Performing command
  
 CHARMM>     
  
 CHARMM>      label rand_up
  
 CHARMM>      calc xpos = ?random
 RDCMND substituted energy or value "?RANDOM" to "0.660167734"
Evaluating: 0.660167734
 Parameter: XPOS <- "0.660167734"
  
 CHARMM>      calc ypos = ?random
 RDCMND substituted energy or value "?RANDOM" to "0.943552361"
Evaluating: 0.943552361
 Parameter: YPOS <- "0.943552361"
  
 CHARMM>      calc xpos = @Ainit * ( @xpos - 0.5 )
 Parameter: AINIT -> "70.1256016"
 Parameter: XPOS -> "0.660167734"
Evaluating: 70.1256016*(0.660167734-0.5)
 Parameter: XPOS <- "11.2318587"
  
 CHARMM>      calc ypos = @Binit * ( @ypos - 0.5 )
 Parameter: BINIT -> "70.1256016"
 Parameter: YPOS -> "0.943552361"
Evaluating: 70.1256016*(0.943552361-0.5)
 Parameter: YPOS <- "31.1043762"
  
 CHARMM>     
  
 CHARMM>      set iprot = 1
 Parameter: IPROT <- "1"
  
 CHARMM>      label check_prot_up
  
 CHARMM>         define XXX sele uppo .and. iseg @iprot end
 Parameter: IPROT -> "1"
 SELRPN>      0 atoms have been selected out of     64
  
 CHARMM>         if ?nsel .gt. 0 then
 RDCMND substituted energy or value "?NSEL" to "0"
 Comparing "0" and "0".
 IF test evaluated as false.  Skip to ELSE or ENDIF
  
 CHARMM>         incr iprot by 1
 Parameter: IPROT <- "2"
  
 CHARMM>      if iprot .le. @nprot goto check_prot_up
 Parameter: NPROT -> "0"
 Comparing "2" and "0".
 IF test evaluated as false.  Skipping command
  
 CHARMM>     
  
 CHARMM>      calc zpos = 12.0
Evaluating: 12.0
 Parameter: ZPOS <- "12"
  
 CHARMM>     
  
 CHARMM>      coor set xdir @xpos  ydir @ypos  zdir @zpos select segid UPPO .and. resid @i end
 Parameter: XPOS -> "11.2318587"
 Parameter: YPOS -> "31.1043762"
 Parameter: ZPOS -> "12"
 Parameter: I -> "10"
 SELRPN>      1 atoms have been selected out of     64
 SELECTED COORDINATES SET IN THE MAIN SET.

  
 CHARMM>     
  
 CHARMM>      MMFP

      MISCELANEOUS MEAN FIELD POTENTIALS
  
   MMFP>      GEO plane  RCM -
   MMFP>          xref 0.0  yref 0.0  zref  @zpos  zdir 1.0 -
   MMFP>          force  100.0   select segid UPPO .and. resi @i end
 Parameter: ZPOS -> "12"
 Parameter: I -> "10"
 Center of mass constraint
 Plane constraint
 Harmonic constraint, keep inside the maximum radius
 SELRPN>      1 atoms have been selected out of     64
 new constraints applied on    1 atoms
 the total number of constraints is   10
 the total number of atoms affected is   10
  
   MMFP>      END
  
 CHARMM>     
  
 CHARMM>    incr i by 1
 Parameter: I <- "11"
  
 CHARMM>    if i le @NLIPTOP goto do_up
 Parameter: NLIPTOP -> "32"
 Comparing "11" and "32".
 IF test evaluated as true.  Performing command
  
 CHARMM>     
  
 CHARMM>      label rand_up
  
 CHARMM>      calc xpos = ?random
 RDCMND substituted energy or value "?RANDOM" to "0.858155172"
Evaluating: 0.858155172
 Parameter: XPOS <- "0.858155172"
  
 CHARMM>      calc ypos = ?random
 RDCMND substituted energy or value "?RANDOM" to "7.671736579E-02"
Evaluating: 7.671736579E-02
 Parameter: YPOS <- "7.671736579E-02"
  
 CHARMM>      calc xpos = @Ainit * ( @xpos - 0.5 )
 Parameter: AINIT -> "70.1256016"
 Parameter: XPOS -> "0.858155172"
Evaluating: 70.1256016*(0.858155172-0.5)
 Parameter: XPOS <- "25.1158469"
  
 CHARMM>      calc ypos = @Binit * ( @ypos - 0.5 )
 Parameter: BINIT -> "70.1256016"
 Parameter: YPOS -> "7.671736579E-02"
Evaluating: 70.1256016*(7.671736579E-02-0.5)
 Parameter: YPOS <- "-29.6829494"
  
 CHARMM>     
  
 CHARMM>      set iprot = 1
 Parameter: IPROT <- "1"
  
 CHARMM>      label check_prot_up
  
 CHARMM>         define XXX sele uppo .and. iseg @iprot end
 Parameter: IPROT -> "1"
 SELRPN>      0 atoms have been selected out of     64
  
 CHARMM>         if ?nsel .gt. 0 then
 RDCMND substituted energy or value "?NSEL" to "0"
 Comparing "0" and "0".
 IF test evaluated as false.  Skip to ELSE or ENDIF
  
 CHARMM>         incr iprot by 1
 Parameter: IPROT <- "2"
  
 CHARMM>      if iprot .le. @nprot goto check_prot_up
 Parameter: NPROT -> "0"
 Comparing "2" and "0".
 IF test evaluated as false.  Skipping command
  
 CHARMM>     
  
 CHARMM>      calc zpos = 12.0
Evaluating: 12.0
 Parameter: ZPOS <- "12"
  
 CHARMM>     
  
 CHARMM>      coor set xdir @xpos  ydir @ypos  zdir @zpos select segid UPPO .and. resid @i end
 Parameter: XPOS -> "25.1158469"
 Parameter: YPOS -> "-29.6829494"
 Parameter: ZPOS -> "12"
 Parameter: I -> "11"
 SELRPN>      1 atoms have been selected out of     64
 SELECTED COORDINATES SET IN THE MAIN SET.

  
 CHARMM>     
  
 CHARMM>      MMFP

      MISCELANEOUS MEAN FIELD POTENTIALS
  
   MMFP>      GEO plane  RCM -
   MMFP>          xref 0.0  yref 0.0  zref  @zpos  zdir 1.0 -
   MMFP>          force  100.0   select segid UPPO .and. resi @i end
 Parameter: ZPOS -> "12"
 Parameter: I -> "11"
 Center of mass constraint
 Plane constraint
 Harmonic constraint, keep inside the maximum radius
 SELRPN>      1 atoms have been selected out of     64
 new constraints applied on    1 atoms
 the total number of constraints is   11
 the total number of atoms affected is   11
  
   MMFP>      END
  
 CHARMM>     
  
 CHARMM>    incr i by 1
 Parameter: I <- "12"
  
 CHARMM>    if i le @NLIPTOP goto do_up
 Parameter: NLIPTOP -> "32"
 Comparing "12" and "32".
 IF test evaluated as true.  Performing command
  
 CHARMM>     
  
 CHARMM>      label rand_up
  
 CHARMM>      calc xpos = ?random
 RDCMND substituted energy or value "?RANDOM" to "0.368088411"
Evaluating: 0.368088411
 Parameter: XPOS <- "0.368088411"
  
 CHARMM>      calc ypos = ?random
 RDCMND substituted energy or value "?RANDOM" to "0.186632906"
Evaluating: 0.186632906
 Parameter: YPOS <- "0.186632906"
  
 CHARMM>      calc xpos = @Ainit * ( @xpos - 0.5 )
 Parameter: AINIT -> "70.1256016"
 Parameter: XPOS -> "0.368088411"
Evaluating: 70.1256016*(0.368088411-0.5)
 Parameter: XPOS <- "-9.25037954"
  
 CHARMM>      calc ypos = @Binit * ( @ypos - 0.5 )
 Parameter: BINIT -> "70.1256016"
 Parameter: YPOS -> "0.186632906"
Evaluating: 70.1256016*(0.186632906-0.5)
 Parameter: YPOS <- "-21.975056"
  
 CHARMM>     
  
 CHARMM>      set iprot = 1
 Parameter: IPROT <- "1"
  
 CHARMM>      label check_prot_up
  
 CHARMM>         define XXX sele uppo .and. iseg @iprot end
 Parameter: IPROT -> "1"
 SELRPN>      0 atoms have been selected out of     64
  
 CHARMM>         if ?nsel .gt. 0 then
 RDCMND substituted energy or value "?NSEL" to "0"
 Comparing "0" and "0".
 IF test evaluated as false.  Skip to ELSE or ENDIF
  
 CHARMM>         incr iprot by 1
 Parameter: IPROT <- "2"
  
 CHARMM>      if iprot .le. @nprot goto check_prot_up
 Parameter: NPROT -> "0"
 Comparing "2" and "0".
 IF test evaluated as false.  Skipping command
  
 CHARMM>     
  
 CHARMM>      calc zpos = 12.0
Evaluating: 12.0
 Parameter: ZPOS <- "12"
  
 CHARMM>     
  
 CHARMM>      coor set xdir @xpos  ydir @ypos  zdir @zpos select segid UPPO .and. resid @i end
 Parameter: XPOS -> "-9.25037954"
 Parameter: YPOS -> "-21.975056"
 Parameter: ZPOS -> "12"
 Parameter: I -> "12"
 SELRPN>      1 atoms have been selected out of     64
 SELECTED COORDINATES SET IN THE MAIN SET.

  
 CHARMM>     
  
 CHARMM>      MMFP

      MISCELANEOUS MEAN FIELD POTENTIALS
  
   MMFP>      GEO plane  RCM -
   MMFP>          xref 0.0  yref 0.0  zref  @zpos  zdir 1.0 -
   MMFP>          force  100.0   select segid UPPO .and. resi @i end
 Parameter: ZPOS -> "12"
 Parameter: I -> "12"
 Center of mass constraint
 Plane constraint
 Harmonic constraint, keep inside the maximum radius
 SELRPN>      1 atoms have been selected out of     64
 new constraints applied on    1 atoms
 the total number of constraints is   12
 the total number of atoms affected is   12
  
   MMFP>      END
  
 CHARMM>     
  
 CHARMM>    incr i by 1
 Parameter: I <- "13"
  
 CHARMM>    if i le @NLIPTOP goto do_up
 Parameter: NLIPTOP -> "32"
 Comparing "13" and "32".
 IF test evaluated as true.  Performing command
  
 CHARMM>     
  
 CHARMM>      label rand_up
  
 CHARMM>      calc xpos = ?random
 RDCMND substituted energy or value "?RANDOM" to "0.513531333"
Evaluating: 0.513531333
 Parameter: XPOS <- "0.513531333"
  
 CHARMM>      calc ypos = ?random
 RDCMND substituted energy or value "?RANDOM" to "0.494090326"
Evaluating: 0.494090326
 Parameter: YPOS <- "0.494090326"
  
 CHARMM>      calc xpos = @Ainit * ( @xpos - 0.5 )
 Parameter: AINIT -> "70.1256016"
 Parameter: XPOS -> "0.513531333"
Evaluating: 70.1256016*(0.513531333-0.5)
 Parameter: XPOS <- "0.948892867"
  
 CHARMM>      calc ypos = @Binit * ( @ypos - 0.5 )
 Parameter: BINIT -> "70.1256016"
 Parameter: YPOS -> "0.494090326"
Evaluating: 70.1256016*(0.494090326-0.5)
 Parameter: YPOS <- "-0.414419445"
  
 CHARMM>     
  
 CHARMM>      set iprot = 1
 Parameter: IPROT <- "1"
  
 CHARMM>      label check_prot_up
  
 CHARMM>         define XXX sele uppo .and. iseg @iprot end
 Parameter: IPROT -> "1"
 SELRPN>      0 atoms have been selected out of     64
  
 CHARMM>         if ?nsel .gt. 0 then
 RDCMND substituted energy or value "?NSEL" to "0"
 Comparing "0" and "0".
 IF test evaluated as false.  Skip to ELSE or ENDIF
  
 CHARMM>         incr iprot by 1
 Parameter: IPROT <- "2"
  
 CHARMM>      if iprot .le. @nprot goto check_prot_up
 Parameter: NPROT -> "0"
 Comparing "2" and "0".
 IF test evaluated as false.  Skipping command
  
 CHARMM>     
  
 CHARMM>      calc zpos = 12.0
Evaluating: 12.0
 Parameter: ZPOS <- "12"
  
 CHARMM>     
  
 CHARMM>      coor set xdir @xpos  ydir @ypos  zdir @zpos select segid UPPO .and. resid @i end
 Parameter: XPOS -> "0.948892867"
 Parameter: YPOS -> "-0.414419445"
 Parameter: ZPOS -> "12"
 Parameter: I -> "13"
 SELRPN>      1 atoms have been selected out of     64
 SELECTED COORDINATES SET IN THE MAIN SET.

  
 CHARMM>     
  
 CHARMM>      MMFP

      MISCELANEOUS MEAN FIELD POTENTIALS
  
   MMFP>      GEO plane  RCM -
   MMFP>          xref 0.0  yref 0.0  zref  @zpos  zdir 1.0 -
   MMFP>          force  100.0   select segid UPPO .and. resi @i end
 Parameter: ZPOS -> "12"
 Parameter: I -> "13"
 Center of mass constraint
 Plane constraint
 Harmonic constraint, keep inside the maximum radius
 SELRPN>      1 atoms have been selected out of     64
 new constraints applied on    1 atoms
 the total number of constraints is   13
 the total number of atoms affected is   13
  
   MMFP>      END
  
 CHARMM>     
  
 CHARMM>    incr i by 1
 Parameter: I <- "14"
  
 CHARMM>    if i le @NLIPTOP goto do_up
 Parameter: NLIPTOP -> "32"
 Comparing "14" and "32".
 IF test evaluated as true.  Performing command
  
 CHARMM>     
  
 CHARMM>      label rand_up
  
 CHARMM>      calc xpos = ?random
 RDCMND substituted energy or value "?RANDOM" to "7.871654392E-02"
Evaluating: 7.871654392E-02
 Parameter: XPOS <- "7.871654392E-02"
  
 CHARMM>      calc ypos = ?random
 RDCMND substituted energy or value "?RANDOM" to "5.56646998E-02"
Evaluating: 5.56646998E-02
 Parameter: YPOS <- "5.56646998E-02"
  
 CHARMM>      calc xpos = @Ainit * ( @xpos - 0.5 )
 Parameter: AINIT -> "70.1256016"
 Parameter: XPOS -> "7.871654392E-02"
Evaluating: 70.1256016*(7.871654392E-02-0.5)
 Parameter: XPOS <- "-29.5427558"
  
 CHARMM>      calc ypos = @Binit * ( @ypos - 0.5 )
 Parameter: BINIT -> "70.1256016"
 Parameter: YPOS -> "5.56646998E-02"
Evaluating: 70.1256016*(5.56646998E-02-0.5)
 Parameter: YPOS <- "-31.1592802"
  
 CHARMM>     
  
 CHARMM>      set iprot = 1
 Parameter: IPROT <- "1"
  
 CHARMM>      label check_prot_up
  
 CHARMM>         define XXX sele uppo .and. iseg @iprot end
 Parameter: IPROT -> "1"
 SELRPN>      0 atoms have been selected out of     64
  
 CHARMM>         if ?nsel .gt. 0 then
 RDCMND substituted energy or value "?NSEL" to "0"
 Comparing "0" and "0".
 IF test evaluated as false.  Skip to ELSE or ENDIF
  
 CHARMM>         incr iprot by 1
 Parameter: IPROT <- "2"
  
 CHARMM>      if iprot .le. @nprot goto check_prot_up
 Parameter: NPROT -> "0"
 Comparing "2" and "0".
 IF test evaluated as false.  Skipping command
  
 CHARMM>     
  
 CHARMM>      calc zpos = 12.0
Evaluating: 12.0
 Parameter: ZPOS <- "12"
  
 CHARMM>     
  
 CHARMM>      coor set xdir @xpos  ydir @ypos  zdir @zpos select segid UPPO .and. resid @i end
 Parameter: XPOS -> "-29.5427558"
 Parameter: YPOS -> "-31.1592802"
 Parameter: ZPOS -> "12"
 Parameter: I -> "14"
 SELRPN>      1 atoms have been selected out of     64
 SELECTED COORDINATES SET IN THE MAIN SET.

  
 CHARMM>     
  
 CHARMM>      MMFP

      MISCELANEOUS MEAN FIELD POTENTIALS
  
   MMFP>      GEO plane  RCM -
   MMFP>          xref 0.0  yref 0.0  zref  @zpos  zdir 1.0 -
   MMFP>          force  100.0   select segid UPPO .and. resi @i end
 Parameter: ZPOS -> "12"
 Parameter: I -> "14"
 Center of mass constraint
 Plane constraint
 Harmonic constraint, keep inside the maximum radius
 SELRPN>      1 atoms have been selected out of     64
 new constraints applied on    1 atoms
 the total number of constraints is   14
 the total number of atoms affected is   14
  
   MMFP>      END
  
 CHARMM>     
  
 CHARMM>    incr i by 1
 Parameter: I <- "15"
  
 CHARMM>    if i le @NLIPTOP goto do_up
 Parameter: NLIPTOP -> "32"
 Comparing "15" and "32".
 IF test evaluated as true.  Performing command
  
 CHARMM>     
  
 CHARMM>      label rand_up
  
 CHARMM>      calc xpos = ?random
 RDCMND substituted energy or value "?RANDOM" to "0.93351196"
Evaluating: 0.93351196
 Parameter: XPOS <- "0.93351196"
  
 CHARMM>      calc ypos = ?random
 RDCMND substituted energy or value "?RANDOM" to "0.199443765"
Evaluating: 0.199443765
 Parameter: YPOS <- "0.199443765"
  
 CHARMM>      calc xpos = @Ainit * ( @xpos - 0.5 )
 Parameter: AINIT -> "70.1256016"
 Parameter: XPOS -> "0.93351196"
Evaluating: 70.1256016*(0.93351196-0.5)
 Parameter: XPOS <- "30.400287"
  
 CHARMM>      calc ypos = @Binit * ( @ypos - 0.5 )
 Parameter: BINIT -> "70.1256016"
 Parameter: YPOS -> "0.199443765"
Evaluating: 70.1256016*(0.199443765-0.5)
 Parameter: YPOS <- "-21.0766868"
  
 CHARMM>     
  
 CHARMM>      set iprot = 1
 Parameter: IPROT <- "1"
  
 CHARMM>      label check_prot_up
  
 CHARMM>         define XXX sele uppo .and. iseg @iprot end
 Parameter: IPROT -> "1"
 SELRPN>      0 atoms have been selected out of     64
  
 CHARMM>         if ?nsel .gt. 0 then
 RDCMND substituted energy or value "?NSEL" to "0"
 Comparing "0" and "0".
 IF test evaluated as false.  Skip to ELSE or ENDIF
  
 CHARMM>         incr iprot by 1
 Parameter: IPROT <- "2"
  
 CHARMM>      if iprot .le. @nprot goto check_prot_up
 Parameter: NPROT -> "0"
 Comparing "2" and "0".
 IF test evaluated as false.  Skipping command
  
 CHARMM>     
  
 CHARMM>      calc zpos = 12.0
Evaluating: 12.0
 Parameter: ZPOS <- "12"
  
 CHARMM>     
  
 CHARMM>      coor set xdir @xpos  ydir @ypos  zdir @zpos select segid UPPO .and. resid @i end
 Parameter: XPOS -> "30.400287"
 Parameter: YPOS -> "-21.0766868"
 Parameter: ZPOS -> "12"
 Parameter: I -> "15"
 SELRPN>      1 atoms have been selected out of     64
 SELECTED COORDINATES SET IN THE MAIN SET.

  
 CHARMM>     
  
 CHARMM>      MMFP

      MISCELANEOUS MEAN FIELD POTENTIALS
  
   MMFP>      GEO plane  RCM -
   MMFP>          xref 0.0  yref 0.0  zref  @zpos  zdir 1.0 -
   MMFP>          force  100.0   select segid UPPO .and. resi @i end
 Parameter: ZPOS -> "12"
 Parameter: I -> "15"
 Center of mass constraint
 Plane constraint
 Harmonic constraint, keep inside the maximum radius
 SELRPN>      1 atoms have been selected out of     64
 new constraints applied on    1 atoms
 the total number of constraints is   15
 the total number of atoms affected is   15
  
   MMFP>      END
  
 CHARMM>     
  
 CHARMM>    incr i by 1
 Parameter: I <- "16"
  
 CHARMM>    if i le @NLIPTOP goto do_up
 Parameter: NLIPTOP -> "32"
 Comparing "16" and "32".
 IF test evaluated as true.  Performing command
  
 CHARMM>     
  
 CHARMM>      label rand_up
  
 CHARMM>      calc xpos = ?random
 RDCMND substituted energy or value "?RANDOM" to "0.633474661"
Evaluating: 0.633474661
 Parameter: XPOS <- "0.633474661"
  
 CHARMM>      calc ypos = ?random
 RDCMND substituted energy or value "?RANDOM" to "0.369200193"
Evaluating: 0.369200193
 Parameter: YPOS <- "0.369200193"
  
 CHARMM>      calc xpos = @Ainit * ( @xpos - 0.5 )
 Parameter: AINIT -> "70.1256016"
 Parameter: XPOS -> "0.633474661"
Evaluating: 70.1256016*(0.633474661-0.5)
 Parameter: XPOS <- "9.3599909"
  
 CHARMM>      calc ypos = @Binit * ( @ypos - 0.5 )
 Parameter: BINIT -> "70.1256016"
 Parameter: YPOS -> "0.369200193"
Evaluating: 70.1256016*(0.369200193-0.5)
 Parameter: YPOS <- "-9.17241516"
  
 CHARMM>     
  
 CHARMM>      set iprot = 1
 Parameter: IPROT <- "1"
  
 CHARMM>      label check_prot_up
  
 CHARMM>         define XXX sele uppo .and. iseg @iprot end
 Parameter: IPROT -> "1"
 SELRPN>      0 atoms have been selected out of     64
  
 CHARMM>         if ?nsel .gt. 0 then
 RDCMND substituted energy or value "?NSEL" to "0"
 Comparing "0" and "0".
 IF test evaluated as false.  Skip to ELSE or ENDIF
  
 CHARMM>         incr iprot by 1
 Parameter: IPROT <- "2"
  
 CHARMM>      if iprot .le. @nprot goto check_prot_up
 Parameter: NPROT -> "0"
 Comparing "2" and "0".
 IF test evaluated as false.  Skipping command
  
 CHARMM>     
  
 CHARMM>      calc zpos = 12.0
Evaluating: 12.0
 Parameter: ZPOS <- "12"
  
 CHARMM>     
  
 CHARMM>      coor set xdir @xpos  ydir @ypos  zdir @zpos select segid UPPO .and. resid @i end
 Parameter: XPOS -> "9.3599909"
 Parameter: YPOS -> "-9.17241516"
 Parameter: ZPOS -> "12"
 Parameter: I -> "16"
 SELRPN>      1 atoms have been selected out of     64
 SELECTED COORDINATES SET IN THE MAIN SET.

  
 CHARMM>     
  
 CHARMM>      MMFP

      MISCELANEOUS MEAN FIELD POTENTIALS
  
   MMFP>      GEO plane  RCM -
   MMFP>          xref 0.0  yref 0.0  zref  @zpos  zdir 1.0 -
   MMFP>          force  100.0   select segid UPPO .and. resi @i end
 Parameter: ZPOS -> "12"
 Parameter: I -> "16"
 Center of mass constraint
 Plane constraint
 Harmonic constraint, keep inside the maximum radius
 SELRPN>      1 atoms have been selected out of     64
 new constraints applied on    1 atoms
 the total number of constraints is   16
 the total number of atoms affected is   16
  
   MMFP>      END
  
 CHARMM>     
  
 CHARMM>    incr i by 1
 Parameter: I <- "17"
  
 CHARMM>    if i le @NLIPTOP goto do_up
 Parameter: NLIPTOP -> "32"
 Comparing "17" and "32".
 IF test evaluated as true.  Performing command
  
 CHARMM>     
  
 CHARMM>      label rand_up
  
 CHARMM>      calc xpos = ?random
 RDCMND substituted energy or value "?RANDOM" to "0.168996099"
Evaluating: 0.168996099
 Parameter: XPOS <- "0.168996099"
  
 CHARMM>      calc ypos = ?random
 RDCMND substituted energy or value "?RANDOM" to "0.450986987"
Evaluating: 0.450986987
 Parameter: YPOS <- "0.450986987"
  
 CHARMM>      calc xpos = @Ainit * ( @xpos - 0.5 )
 Parameter: AINIT -> "70.1256016"
 Parameter: XPOS -> "0.168996099"
Evaluating: 70.1256016*(0.168996099-0.5)
 Parameter: XPOS <- "-23.2118477"
  
 CHARMM>      calc ypos = @Binit * ( @ypos - 0.5 )
 Parameter: BINIT -> "70.1256016"
 Parameter: YPOS -> "0.450986987"
Evaluating: 70.1256016*(0.450986987-0.5)
 Parameter: YPOS <- "-3.43706702"
  
 CHARMM>     
  
 CHARMM>      set iprot = 1
 Parameter: IPROT <- "1"
  
 CHARMM>      label check_prot_up
  
 CHARMM>         define XXX sele uppo .and. iseg @iprot end
 Parameter: IPROT -> "1"
 SELRPN>      0 atoms have been selected out of     64
  
 CHARMM>         if ?nsel .gt. 0 then
 RDCMND substituted energy or value "?NSEL" to "0"
 Comparing "0" and "0".
 IF test evaluated as false.  Skip to ELSE or ENDIF
  
 CHARMM>         incr iprot by 1
 Parameter: IPROT <- "2"
  
 CHARMM>      if iprot .le. @nprot goto check_prot_up
 Parameter: NPROT -> "0"
 Comparing "2" and "0".
 IF test evaluated as false.  Skipping command
  
 CHARMM>     
  
 CHARMM>      calc zpos = 12.0
Evaluating: 12.0
 Parameter: ZPOS <- "12"
  
 CHARMM>     
  
 CHARMM>      coor set xdir @xpos  ydir @ypos  zdir @zpos select segid UPPO .and. resid @i end
 Parameter: XPOS -> "-23.2118477"
 Parameter: YPOS -> "-3.43706702"
 Parameter: ZPOS -> "12"
 Parameter: I -> "17"
 SELRPN>      1 atoms have been selected out of     64
 SELECTED COORDINATES SET IN THE MAIN SET.

  
 CHARMM>     
  
 CHARMM>      MMFP

      MISCELANEOUS MEAN FIELD POTENTIALS
  
   MMFP>      GEO plane  RCM -
   MMFP>          xref 0.0  yref 0.0  zref  @zpos  zdir 1.0 -
   MMFP>          force  100.0   select segid UPPO .and. resi @i end
 Parameter: ZPOS -> "12"
 Parameter: I -> "17"
 Center of mass constraint
 Plane constraint
 Harmonic constraint, keep inside the maximum radius
 SELRPN>      1 atoms have been selected out of     64
 new constraints applied on    1 atoms
 the total number of constraints is   17
 the total number of atoms affected is   17
  
   MMFP>      END
  
 CHARMM>     
  
 CHARMM>    incr i by 1
 Parameter: I <- "18"
  
 CHARMM>    if i le @NLIPTOP goto do_up
 Parameter: NLIPTOP -> "32"
 Comparing "18" and "32".
 IF test evaluated as true.  Performing command
  
 CHARMM>     
  
 CHARMM>      label rand_up
  
 CHARMM>      calc xpos = ?random
 RDCMND substituted energy or value "?RANDOM" to "9.581197774E-02"
Evaluating: 9.581197774E-02
 Parameter: XPOS <- "9.581197774E-02"
  
 CHARMM>      calc ypos = ?random
 RDCMND substituted energy or value "?RANDOM" to "0.358050247"
Evaluating: 0.358050247
 Parameter: YPOS <- "0.358050247"
  
 CHARMM>      calc xpos = @Ainit * ( @xpos - 0.5 )
 Parameter: AINIT -> "70.1256016"
 Parameter: XPOS -> "9.581197774E-02"
Evaluating: 70.1256016*(9.581197774E-02-0.5)
 Parameter: XPOS <- "-28.3439282"
  
 CHARMM>      calc ypos = @Binit * ( @ypos - 0.5 )
 Parameter: BINIT -> "70.1256016"
 Parameter: YPOS -> "0.358050247"
Evaluating: 70.1256016*(0.358050247-0.5)
 Parameter: YPOS <- "-9.95431183"
  
 CHARMM>     
  
 CHARMM>      set iprot = 1
 Parameter: IPROT <- "1"
  
 CHARMM>      label check_prot_up
  
 CHARMM>         define XXX sele uppo .and. iseg @iprot end
 Parameter: IPROT -> "1"
 SELRPN>      0 atoms have been selected out of     64
  
 CHARMM>         if ?nsel .gt. 0 then
 RDCMND substituted energy or value "?NSEL" to "0"
 Comparing "0" and "0".
 IF test evaluated as false.  Skip to ELSE or ENDIF
  
 CHARMM>         incr iprot by 1
 Parameter: IPROT <- "2"
  
 CHARMM>      if iprot .le. @nprot goto check_prot_up
 Parameter: NPROT -> "0"
 Comparing "2" and "0".
 IF test evaluated as false.  Skipping command
  
 CHARMM>     
  
 CHARMM>      calc zpos = 12.0
Evaluating: 12.0
 Parameter: ZPOS <- "12"
  
 CHARMM>     
  
 CHARMM>      coor set xdir @xpos  ydir @ypos  zdir @zpos select segid UPPO .and. resid @i end
 Parameter: XPOS -> "-28.3439282"
 Parameter: YPOS -> "-9.95431183"
 Parameter: ZPOS -> "12"
 Parameter: I -> "18"
 SELRPN>      1 atoms have been selected out of     64
 SELECTED COORDINATES SET IN THE MAIN SET.

  
 CHARMM>     
  
 CHARMM>      MMFP

      MISCELANEOUS MEAN FIELD POTENTIALS
  
   MMFP>      GEO plane  RCM -
   MMFP>          xref 0.0  yref 0.0  zref  @zpos  zdir 1.0 -
   MMFP>          force  100.0   select segid UPPO .and. resi @i end
 Parameter: ZPOS -> "12"
 Parameter: I -> "18"
 Center of mass constraint
 Plane constraint
 Harmonic constraint, keep inside the maximum radius
 SELRPN>      1 atoms have been selected out of     64
 new constraints applied on    1 atoms
 the total number of constraints is   18
 the total number of atoms affected is   18
  
   MMFP>      END
  
 CHARMM>     
  
 CHARMM>    incr i by 1
 Parameter: I <- "19"
  
 CHARMM>    if i le @NLIPTOP goto do_up
 Parameter: NLIPTOP -> "32"
 Comparing "19" and "32".
 IF test evaluated as true.  Performing command
  
 CHARMM>     
  
 CHARMM>      label rand_up
  
 CHARMM>      calc xpos = ?random
 RDCMND substituted energy or value "?RANDOM" to "0.958942983"
Evaluating: 0.958942983
 Parameter: XPOS <- "0.958942983"
  
 CHARMM>      calc ypos = ?random
 RDCMND substituted energy or value "?RANDOM" to "0.386210347"
Evaluating: 0.386210347
 Parameter: YPOS <- "0.386210347"
  
 CHARMM>      calc xpos = @Ainit * ( @xpos - 0.5 )
 Parameter: AINIT -> "70.1256016"
 Parameter: XPOS -> "0.958942983"
Evaluating: 70.1256016*(0.958942983-0.5)
 Parameter: XPOS <- "32.1836528"
  
 CHARMM>      calc ypos = @Binit * ( @ypos - 0.5 )
 Parameter: BINIT -> "70.1256016"
 Parameter: YPOS -> "0.386210347"
Evaluating: 70.1256016*(0.386210347-0.5)
 Parameter: YPOS <- "-7.97956787"
  
 CHARMM>     
  
 CHARMM>      set iprot = 1
 Parameter: IPROT <- "1"
  
 CHARMM>      label check_prot_up
  
 CHARMM>         define XXX sele uppo .and. iseg @iprot end
 Parameter: IPROT -> "1"
 SELRPN>      0 atoms have been selected out of     64
  
 CHARMM>         if ?nsel .gt. 0 then
 RDCMND substituted energy or value "?NSEL" to "0"
 Comparing "0" and "0".
 IF test evaluated as false.  Skip to ELSE or ENDIF
  
 CHARMM>         incr iprot by 1
 Parameter: IPROT <- "2"
  
 CHARMM>      if iprot .le. @nprot goto check_prot_up
 Parameter: NPROT -> "0"
 Comparing "2" and "0".
 IF test evaluated as false.  Skipping command
  
 CHARMM>     
  
 CHARMM>      calc zpos = 12.0
Evaluating: 12.0
 Parameter: ZPOS <- "12"
  
 CHARMM>     
  
 CHARMM>      coor set xdir @xpos  ydir @ypos  zdir @zpos select segid UPPO .and. resid @i end
 Parameter: XPOS -> "32.1836528"
 Parameter: YPOS -> "-7.97956787"
 Parameter: ZPOS -> "12"
 Parameter: I -> "19"
 SELRPN>      1 atoms have been selected out of     64
 SELECTED COORDINATES SET IN THE MAIN SET.

  
 CHARMM>     
  
 CHARMM>      MMFP

      MISCELANEOUS MEAN FIELD POTENTIALS
  
   MMFP>      GEO plane  RCM -
   MMFP>          xref 0.0  yref 0.0  zref  @zpos  zdir 1.0 -
   MMFP>          force  100.0   select segid UPPO .and. resi @i end
 Parameter: ZPOS -> "12"
 Parameter: I -> "19"
 Center of mass constraint
 Plane constraint
 Harmonic constraint, keep inside the maximum radius
 SELRPN>      1 atoms have been selected out of     64
 new constraints applied on    1 atoms
 the total number of constraints is   19
 the total number of atoms affected is   19
  
   MMFP>      END
  
 CHARMM>     
  
 CHARMM>    incr i by 1
 Parameter: I <- "20"
  
 CHARMM>    if i le @NLIPTOP goto do_up
 Parameter: NLIPTOP -> "32"
 Comparing "20" and "32".
 IF test evaluated as true.  Performing command
  
 CHARMM>     
  
 CHARMM>      label rand_up
  
 CHARMM>      calc xpos = ?random
 RDCMND substituted energy or value "?RANDOM" to "0.773698771"
Evaluating: 0.773698771
 Parameter: XPOS <- "0.773698771"
  
 CHARMM>      calc ypos = ?random
 RDCMND substituted energy or value "?RANDOM" to "0.417037815"
Evaluating: 0.417037815
 Parameter: YPOS <- "0.417037815"
  
 CHARMM>      calc xpos = @Ainit * ( @xpos - 0.5 )
 Parameter: AINIT -> "70.1256016"
 Parameter: XPOS -> "0.773698771"
Evaluating: 70.1256016*(0.773698771-0.5)
 Parameter: XPOS <- "19.193291"
  
 CHARMM>      calc ypos = @Binit * ( @ypos - 0.5 )
 Parameter: BINIT -> "70.1256016"
 Parameter: YPOS -> "0.417037815"
Evaluating: 70.1256016*(0.417037815-0.5)
 Parameter: YPOS <- "-5.81777313"
  
 CHARMM>     
  
 CHARMM>      set iprot = 1
 Parameter: IPROT <- "1"
  
 CHARMM>      label check_prot_up
  
 CHARMM>         define XXX sele uppo .and. iseg @iprot end
 Parameter: IPROT -> "1"
 SELRPN>      0 atoms have been selected out of     64
  
 CHARMM>         if ?nsel .gt. 0 then
 RDCMND substituted energy or value "?NSEL" to "0"
 Comparing "0" and "0".
 IF test evaluated as false.  Skip to ELSE or ENDIF
  
 CHARMM>         incr iprot by 1
 Parameter: IPROT <- "2"
  
 CHARMM>      if iprot .le. @nprot goto check_prot_up
 Parameter: NPROT -> "0"
 Comparing "2" and "0".
 IF test evaluated as false.  Skipping command
  
 CHARMM>     
  
 CHARMM>      calc zpos = 12.0
Evaluating: 12.0
 Parameter: ZPOS <- "12"
  
 CHARMM>     
  
 CHARMM>      coor set xdir @xpos  ydir @ypos  zdir @zpos select segid UPPO .and. resid @i end
 Parameter: XPOS -> "19.193291"
 Parameter: YPOS -> "-5.81777313"
 Parameter: ZPOS -> "12"
 Parameter: I -> "20"
 SELRPN>      1 atoms have been selected out of     64
 SELECTED COORDINATES SET IN THE MAIN SET.

  
 CHARMM>     
  
 CHARMM>      MMFP

      MISCELANEOUS MEAN FIELD POTENTIALS
  
   MMFP>      GEO plane  RCM -
   MMFP>          xref 0.0  yref 0.0  zref  @zpos  zdir 1.0 -
   MMFP>          force  100.0   select segid UPPO .and. resi @i end
 Parameter: ZPOS -> "12"
 Parameter: I -> "20"
 Center of mass constraint
 Plane constraint
 Harmonic constraint, keep inside the maximum radius
 SELRPN>      1 atoms have been selected out of     64
 new constraints applied on    1 atoms
 the total number of constraints is   20
 the total number of atoms affected is   20
  
   MMFP>      END
  
 CHARMM>     
  
 CHARMM>    incr i by 1
 Parameter: I <- "21"
  
 CHARMM>    if i le @NLIPTOP goto do_up
 Parameter: NLIPTOP -> "32"
 Comparing "21" and "32".
 IF test evaluated as true.  Performing command
  
 CHARMM>     
  
 CHARMM>      label rand_up
  
 CHARMM>      calc xpos = ?random
 RDCMND substituted energy or value "?RANDOM" to "0.73521752"
Evaluating: 0.73521752
 Parameter: XPOS <- "0.73521752"
  
 CHARMM>      calc ypos = ?random
 RDCMND substituted energy or value "?RANDOM" to "0.536953463"
Evaluating: 0.536953463
 Parameter: YPOS <- "0.536953463"
  
 CHARMM>      calc xpos = @Ainit * ( @xpos - 0.5 )
 Parameter: AINIT -> "70.1256016"
 Parameter: XPOS -> "0.73521752"
Evaluating: 70.1256016*(0.73521752-0.5)
 Parameter: XPOS <- "16.4947701"
  
 CHARMM>      calc ypos = @Binit * ( @ypos - 0.5 )
 Parameter: BINIT -> "70.1256016"
 Parameter: YPOS -> "0.536953463"
Evaluating: 70.1256016*(0.536953463-0.5)
 Parameter: YPOS <- "2.59138382"
  
 CHARMM>     
  
 CHARMM>      set iprot = 1
 Parameter: IPROT <- "1"
  
 CHARMM>      label check_prot_up
  
 CHARMM>         define XXX sele uppo .and. iseg @iprot end
 Parameter: IPROT -> "1"
 SELRPN>      0 atoms have been selected out of     64
  
 CHARMM>         if ?nsel .gt. 0 then
 RDCMND substituted energy or value "?NSEL" to "0"
 Comparing "0" and "0".
 IF test evaluated as false.  Skip to ELSE or ENDIF
  
 CHARMM>         incr iprot by 1
 Parameter: IPROT <- "2"
  
 CHARMM>      if iprot .le. @nprot goto check_prot_up
 Parameter: NPROT -> "0"
 Comparing "2" and "0".
 IF test evaluated as false.  Skipping command
  
 CHARMM>     
  
 CHARMM>      calc zpos = 12.0
Evaluating: 12.0
 Parameter: ZPOS <- "12"
  
 CHARMM>     
  
 CHARMM>      coor set xdir @xpos  ydir @ypos  zdir @zpos select segid UPPO .and. resid @i end
 Parameter: XPOS -> "16.4947701"
 Parameter: YPOS -> "2.59138382"
 Parameter: ZPOS -> "12"
 Parameter: I -> "21"
 SELRPN>      1 atoms have been selected out of     64
 SELECTED COORDINATES SET IN THE MAIN SET.

  
 CHARMM>     
  
 CHARMM>      MMFP

      MISCELANEOUS MEAN FIELD POTENTIALS
  
   MMFP>      GEO plane  RCM -
   MMFP>          xref 0.0  yref 0.0  zref  @zpos  zdir 1.0 -
   MMFP>          force  100.0   select segid UPPO .and. resi @i end
 Parameter: ZPOS -> "12"
 Parameter: I -> "21"
 Center of mass constraint
 Plane constraint
 Harmonic constraint, keep inside the maximum radius
 SELRPN>      1 atoms have been selected out of     64
 new constraints applied on    1 atoms
 the total number of constraints is   21
 the total number of atoms affected is   21
  
   MMFP>      END
  
 CHARMM>     
  
 CHARMM>    incr i by 1
 Parameter: I <- "22"
  
 CHARMM>    if i le @NLIPTOP goto do_up
 Parameter: NLIPTOP -> "32"
 Comparing "22" and "32".
 IF test evaluated as true.  Performing command
  
 CHARMM>     
  
 CHARMM>      label rand_up
  
 CHARMM>      calc xpos = ?random
 RDCMND substituted energy or value "?RANDOM" to "0.136375303"
Evaluating: 0.136375303
 Parameter: XPOS <- "0.136375303"
  
 CHARMM>      calc ypos = ?random
 RDCMND substituted energy or value "?RANDOM" to "0.875062444"
Evaluating: 0.875062444
 Parameter: YPOS <- "0.875062444"
  
 CHARMM>      calc xpos = @Ainit * ( @xpos - 0.5 )
 Parameter: AINIT -> "70.1256016"
 Parameter: XPOS -> "0.136375303"
Evaluating: 70.1256016*(0.136375303-0.5)
 Parameter: XPOS <- "-25.4994006"
  
 CHARMM>      calc ypos = @Binit * ( @ypos - 0.5 )
 Parameter: BINIT -> "70.1256016"
 Parameter: YPOS -> "0.875062444"
Evaluating: 70.1256016*(0.875062444-0.5)
 Parameter: YPOS <- "26.3014795"
  
 CHARMM>     
  
 CHARMM>      set iprot = 1
 Parameter: IPROT <- "1"
  
 CHARMM>      label check_prot_up
  
 CHARMM>         define XXX sele uppo .and. iseg @iprot end
 Parameter: IPROT -> "1"
 SELRPN>      0 atoms have been selected out of     64
  
 CHARMM>         if ?nsel .gt. 0 then
 RDCMND substituted energy or value "?NSEL" to "0"
 Comparing "0" and "0".
 IF test evaluated as false.  Skip to ELSE or ENDIF
  
 CHARMM>         incr iprot by 1
 Parameter: IPROT <- "2"
  
 CHARMM>      if iprot .le. @nprot goto check_prot_up
 Parameter: NPROT -> "0"
 Comparing "2" and "0".
 IF test evaluated as false.  Skipping command
  
 CHARMM>     
  
 CHARMM>      calc zpos = 12.0
Evaluating: 12.0
 Parameter: ZPOS <- "12"
  
 CHARMM>     
  
 CHARMM>      coor set xdir @xpos  ydir @ypos  zdir @zpos select segid UPPO .and. resid @i end
 Parameter: XPOS -> "-25.4994006"
 Parameter: YPOS -> "26.3014795"
 Parameter: ZPOS -> "12"
 Parameter: I -> "22"
 SELRPN>      1 atoms have been selected out of     64
 SELECTED COORDINATES SET IN THE MAIN SET.

  
 CHARMM>     
  
 CHARMM>      MMFP

      MISCELANEOUS MEAN FIELD POTENTIALS
  
   MMFP>      GEO plane  RCM -
   MMFP>          xref 0.0  yref 0.0  zref  @zpos  zdir 1.0 -
   MMFP>          force  100.0   select segid UPPO .and. resi @i end
 Parameter: ZPOS -> "12"
 Parameter: I -> "22"
 Center of mass constraint
 Plane constraint
 Harmonic constraint, keep inside the maximum radius
 SELRPN>      1 atoms have been selected out of     64
 new constraints applied on    1 atoms
 the total number of constraints is   22
 the total number of atoms affected is   22
  
   MMFP>      END
  
 CHARMM>     
  
 CHARMM>    incr i by 1
 Parameter: I <- "23"
  
 CHARMM>    if i le @NLIPTOP goto do_up
 Parameter: NLIPTOP -> "32"
 Comparing "23" and "32".
 IF test evaluated as true.  Performing command
  
 CHARMM>     
  
 CHARMM>      label rand_up
  
 CHARMM>      calc xpos = ?random
 RDCMND substituted energy or value "?RANDOM" to "0.698741214"
Evaluating: 0.698741214
 Parameter: XPOS <- "0.698741214"
  
 CHARMM>      calc ypos = ?random
 RDCMND substituted energy or value "?RANDOM" to "0.901304428"
Evaluating: 0.901304428
 Parameter: YPOS <- "0.901304428"
  
 CHARMM>      calc xpos = @Ainit * ( @xpos - 0.5 )
 Parameter: AINIT -> "70.1256016"
 Parameter: XPOS -> "0.698741214"
Evaluating: 70.1256016*(0.698741214-0.5)
 Parameter: XPOS <- "13.9368472"
  
 CHARMM>      calc ypos = @Binit * ( @ypos - 0.5 )
 Parameter: BINIT -> "70.1256016"
 Parameter: YPOS -> "0.901304428"
Evaluating: 70.1256016*(0.901304428-0.5)
 Parameter: YPOS <- "28.1417144"
  
 CHARMM>     
  
 CHARMM>      set iprot = 1
 Parameter: IPROT <- "1"
  
 CHARMM>      label check_prot_up
  
 CHARMM>         define XXX sele uppo .and. iseg @iprot end
 Parameter: IPROT -> "1"
 SELRPN>      0 atoms have been selected out of     64
  
 CHARMM>         if ?nsel .gt. 0 then
 RDCMND substituted energy or value "?NSEL" to "0"
 Comparing "0" and "0".
 IF test evaluated as false.  Skip to ELSE or ENDIF
  
 CHARMM>         incr iprot by 1
 Parameter: IPROT <- "2"
  
 CHARMM>      if iprot .le. @nprot goto check_prot_up
 Parameter: NPROT -> "0"
 Comparing "2" and "0".
 IF test evaluated as false.  Skipping command
  
 CHARMM>     
  
 CHARMM>      calc zpos = 12.0
Evaluating: 12.0
 Parameter: ZPOS <- "12"
  
 CHARMM>     
  
 CHARMM>      coor set xdir @xpos  ydir @ypos  zdir @zpos select segid UPPO .and. resid @i end
 Parameter: XPOS -> "13.9368472"
 Parameter: YPOS -> "28.1417144"
 Parameter: ZPOS -> "12"
 Parameter: I -> "23"
 SELRPN>      1 atoms have been selected out of     64
 SELECTED COORDINATES SET IN THE MAIN SET.

  
 CHARMM>     
  
 CHARMM>      MMFP

      MISCELANEOUS MEAN FIELD POTENTIALS
  
   MMFP>      GEO plane  RCM -
   MMFP>          xref 0.0  yref 0.0  zref  @zpos  zdir 1.0 -
   MMFP>          force  100.0   select segid UPPO .and. resi @i end
 Parameter: ZPOS -> "12"
 Parameter: I -> "23"
 Center of mass constraint
 Plane constraint
 Harmonic constraint, keep inside the maximum radius
 SELRPN>      1 atoms have been selected out of     64
 new constraints applied on    1 atoms
 the total number of constraints is   23
 the total number of atoms affected is   23
  
   MMFP>      END
  
 CHARMM>     
  
 CHARMM>    incr i by 1
 Parameter: I <- "24"
  
 CHARMM>    if i le @NLIPTOP goto do_up
 Parameter: NLIPTOP -> "32"
 Comparing "24" and "32".
 IF test evaluated as true.  Performing command
  
 CHARMM>     
  
 CHARMM>      label rand_up
  
 CHARMM>      calc xpos = ?random
 RDCMND substituted energy or value "?RANDOM" to "0.78825594"
Evaluating: 0.78825594
 Parameter: XPOS <- "0.78825594"
  
 CHARMM>      calc ypos = ?random
 RDCMND substituted energy or value "?RANDOM" to "6.668047946E-02"
Evaluating: 6.668047946E-02
 Parameter: YPOS <- "6.668047946E-02"
  
 CHARMM>      calc xpos = @Ainit * ( @xpos - 0.5 )
 Parameter: AINIT -> "70.1256016"
 Parameter: XPOS -> "0.78825594"
Evaluating: 70.1256016*(0.78825594-0.5)
 Parameter: XPOS <- "20.2141212"
  
 CHARMM>      calc ypos = @Binit * ( @ypos - 0.5 )
 Parameter: BINIT -> "70.1256016"
 Parameter: YPOS -> "6.668047946E-02"
Evaluating: 70.1256016*(6.668047946E-02-0.5)
 Parameter: YPOS <- "-30.3867921"
  
 CHARMM>     
  
 CHARMM>      set iprot = 1
 Parameter: IPROT <- "1"
  
 CHARMM>      label check_prot_up
  
 CHARMM>         define XXX sele uppo .and. iseg @iprot end
 Parameter: IPROT -> "1"
 SELRPN>      0 atoms have been selected out of     64
  
 CHARMM>         if ?nsel .gt. 0 then
 RDCMND substituted energy or value "?NSEL" to "0"
 Comparing "0" and "0".
 IF test evaluated as false.  Skip to ELSE or ENDIF
  
 CHARMM>         incr iprot by 1
 Parameter: IPROT <- "2"
  
 CHARMM>      if iprot .le. @nprot goto check_prot_up
 Parameter: NPROT -> "0"
 Comparing "2" and "0".
 IF test evaluated as false.  Skipping command
  
 CHARMM>     
  
 CHARMM>      calc zpos = 12.0
Evaluating: 12.0
 Parameter: ZPOS <- "12"
  
 CHARMM>     
  
 CHARMM>      coor set xdir @xpos  ydir @ypos  zdir @zpos select segid UPPO .and. resid @i end
 Parameter: XPOS -> "20.2141212"
 Parameter: YPOS -> "-30.3867921"
 Parameter: ZPOS -> "12"
 Parameter: I -> "24"
 SELRPN>      1 atoms have been selected out of     64
 SELECTED COORDINATES SET IN THE MAIN SET.

  
 CHARMM>     
  
 CHARMM>      MMFP

      MISCELANEOUS MEAN FIELD POTENTIALS
  
   MMFP>      GEO plane  RCM -
   MMFP>          xref 0.0  yref 0.0  zref  @zpos  zdir 1.0 -
   MMFP>          force  100.0   select segid UPPO .and. resi @i end
 Parameter: ZPOS -> "12"
 Parameter: I -> "24"
 Center of mass constraint
 Plane constraint
 Harmonic constraint, keep inside the maximum radius
 SELRPN>      1 atoms have been selected out of     64
 new constraints applied on    1 atoms
 the total number of constraints is   24
 the total number of atoms affected is   24
  
   MMFP>      END
  
 CHARMM>     
  
 CHARMM>    incr i by 1
 Parameter: I <- "25"
  
 CHARMM>    if i le @NLIPTOP goto do_up
 Parameter: NLIPTOP -> "32"
 Comparing "25" and "32".
 IF test evaluated as true.  Performing command
  
 CHARMM>     
  
 CHARMM>      label rand_up
  
 CHARMM>      calc xpos = ?random
 RDCMND substituted energy or value "?RANDOM" to "0.681556909"
Evaluating: 0.681556909
 Parameter: XPOS <- "0.681556909"
  
 CHARMM>      calc ypos = ?random
 RDCMND substituted energy or value "?RANDOM" to "0.892288225"
Evaluating: 0.892288225
 Parameter: YPOS <- "0.892288225"
  
 CHARMM>      calc xpos = @Ainit * ( @xpos - 0.5 )
 Parameter: AINIT -> "70.1256016"
 Parameter: XPOS -> "0.681556909"
Evaluating: 70.1256016*(0.681556909-0.5)
 Parameter: XPOS <- "12.7317875"
  
 CHARMM>      calc ypos = @Binit * ( @ypos - 0.5 )
 Parameter: BINIT -> "70.1256016"
 Parameter: YPOS -> "0.892288225"
Evaluating: 70.1256016*(0.892288225-0.5)
 Parameter: YPOS <- "27.5094478"
  
 CHARMM>     
  
 CHARMM>      set iprot = 1
 Parameter: IPROT <- "1"
  
 CHARMM>      label check_prot_up
  
 CHARMM>         define XXX sele uppo .and. iseg @iprot end
 Parameter: IPROT -> "1"
 SELRPN>      0 atoms have been selected out of     64
  
 CHARMM>         if ?nsel .gt. 0 then
 RDCMND substituted energy or value "?NSEL" to "0"
 Comparing "0" and "0".
 IF test evaluated as false.  Skip to ELSE or ENDIF
  
 CHARMM>         incr iprot by 1
 Parameter: IPROT <- "2"
  
 CHARMM>      if iprot .le. @nprot goto check_prot_up
 Parameter: NPROT -> "0"
 Comparing "2" and "0".
 IF test evaluated as false.  Skipping command
  
 CHARMM>     
  
 CHARMM>      calc zpos = 12.0
Evaluating: 12.0
 Parameter: ZPOS <- "12"
  
 CHARMM>     
  
 CHARMM>      coor set xdir @xpos  ydir @ypos  zdir @zpos select segid UPPO .and. resid @i end
 Parameter: XPOS -> "12.7317875"
 Parameter: YPOS -> "27.5094478"
 Parameter: ZPOS -> "12"
 Parameter: I -> "25"
 SELRPN>      1 atoms have been selected out of     64
 SELECTED COORDINATES SET IN THE MAIN SET.

  
 CHARMM>     
  
 CHARMM>      MMFP

      MISCELANEOUS MEAN FIELD POTENTIALS
  
   MMFP>      GEO plane  RCM -
   MMFP>          xref 0.0  yref 0.0  zref  @zpos  zdir 1.0 -
   MMFP>          force  100.0   select segid UPPO .and. resi @i end
 Parameter: ZPOS -> "12"
 Parameter: I -> "25"
 Center of mass constraint
 Plane constraint
 Harmonic constraint, keep inside the maximum radius
 SELRPN>      1 atoms have been selected out of     64
 new constraints applied on    1 atoms
 the total number of constraints is   25
 the total number of atoms affected is   25
  
   MMFP>      END
  
 CHARMM>     
  
 CHARMM>    incr i by 1
 Parameter: I <- "26"
  
 CHARMM>    if i le @NLIPTOP goto do_up
 Parameter: NLIPTOP -> "32"
 Comparing "26" and "32".
 IF test evaluated as true.  Performing command
  
 CHARMM>     
  
 CHARMM>      label rand_up
  
 CHARMM>      calc xpos = ?random
 RDCMND substituted energy or value "?RANDOM" to "0.342863391"
Evaluating: 0.342863391
 Parameter: XPOS <- "0.342863391"
  
 CHARMM>      calc ypos = ?random
 RDCMND substituted energy or value "?RANDOM" to "0.358414684"
Evaluating: 0.358414684
 Parameter: YPOS <- "0.358414684"
  
 CHARMM>      calc xpos = @Ainit * ( @xpos - 0.5 )
 Parameter: AINIT -> "70.1256016"
 Parameter: XPOS -> "0.342863391"
Evaluating: 70.1256016*(0.342863391-0.5)
 Parameter: XPOS <- "-11.0192992"
  
 CHARMM>      calc ypos = @Binit * ( @ypos - 0.5 )
 Parameter: BINIT -> "70.1256016"
 Parameter: YPOS -> "0.358414684"
Evaluating: 70.1256016*(0.358414684-0.5)
 Parameter: YPOS <- "-9.92875546"
  
 CHARMM>     
  
 CHARMM>      set iprot = 1
 Parameter: IPROT <- "1"
  
 CHARMM>      label check_prot_up
  
 CHARMM>         define XXX sele uppo .and. iseg @iprot end
 Parameter: IPROT -> "1"
 SELRPN>      0 atoms have been selected out of     64
  
 CHARMM>         if ?nsel .gt. 0 then
 RDCMND substituted energy or value "?NSEL" to "0"
 Comparing "0" and "0".
 IF test evaluated as false.  Skip to ELSE or ENDIF
  
 CHARMM>         incr iprot by 1
 Parameter: IPROT <- "2"
  
 CHARMM>      if iprot .le. @nprot goto check_prot_up
 Parameter: NPROT -> "0"
 Comparing "2" and "0".
 IF test evaluated as false.  Skipping command
  
 CHARMM>     
  
 CHARMM>      calc zpos = 12.0
Evaluating: 12.0
 Parameter: ZPOS <- "12"
  
 CHARMM>     
  
 CHARMM>      coor set xdir @xpos  ydir @ypos  zdir @zpos select segid UPPO .and. resid @i end
 Parameter: XPOS -> "-11.0192992"
 Parameter: YPOS -> "-9.92875546"
 Parameter: ZPOS -> "12"
 Parameter: I -> "26"
 SELRPN>      1 atoms have been selected out of     64
 SELECTED COORDINATES SET IN THE MAIN SET.

  
 CHARMM>     
  
 CHARMM>      MMFP

      MISCELANEOUS MEAN FIELD POTENTIALS
  
   MMFP>      GEO plane  RCM -
   MMFP>          xref 0.0  yref 0.0  zref  @zpos  zdir 1.0 -
   MMFP>          force  100.0   select segid UPPO .and. resi @i end
 Parameter: ZPOS -> "12"
 Parameter: I -> "26"
 Center of mass constraint
 Plane constraint
 Harmonic constraint, keep inside the maximum radius
 SELRPN>      1 atoms have been selected out of     64
 new constraints applied on    1 atoms
 the total number of constraints is   26
 the total number of atoms affected is   26
  
   MMFP>      END
  
 CHARMM>     
  
 CHARMM>    incr i by 1
 Parameter: I <- "27"
  
 CHARMM>    if i le @NLIPTOP goto do_up
 Parameter: NLIPTOP -> "32"
 Comparing "27" and "32".
 IF test evaluated as true.  Performing command
  
 CHARMM>     
  
 CHARMM>      label rand_up
  
 CHARMM>      calc xpos = ?random
 RDCMND substituted energy or value "?RANDOM" to "0.263482027"
Evaluating: 0.263482027
 Parameter: XPOS <- "0.263482027"
  
 CHARMM>      calc ypos = ?random
 RDCMND substituted energy or value "?RANDOM" to "0.649203266"
Evaluating: 0.649203266
 Parameter: YPOS <- "0.649203266"
  
 CHARMM>      calc xpos = @Ainit * ( @xpos - 0.5 )
 Parameter: AINIT -> "70.1256016"
 Parameter: XPOS -> "0.263482027"
Evaluating: 70.1256016*(0.263482027-0.5)
 Parameter: XPOS <- "-16.5859651"
  
 CHARMM>      calc ypos = @Binit * ( @ypos - 0.5 )
 Parameter: BINIT -> "70.1256016"
 Parameter: YPOS -> "0.649203266"
Evaluating: 70.1256016*(0.649203266-0.5)
 Parameter: YPOS <- "10.4629688"
  
 CHARMM>     
  
 CHARMM>      set iprot = 1
 Parameter: IPROT <- "1"
  
 CHARMM>      label check_prot_up
  
 CHARMM>         define XXX sele uppo .and. iseg @iprot end
 Parameter: IPROT -> "1"
 SELRPN>      0 atoms have been selected out of     64
  
 CHARMM>         if ?nsel .gt. 0 then
 RDCMND substituted energy or value "?NSEL" to "0"
 Comparing "0" and "0".
 IF test evaluated as false.  Skip to ELSE or ENDIF
  
 CHARMM>         incr iprot by 1
 Parameter: IPROT <- "2"
  
 CHARMM>      if iprot .le. @nprot goto check_prot_up
 Parameter: NPROT -> "0"
 Comparing "2" and "0".
 IF test evaluated as false.  Skipping command
  
 CHARMM>     
  
 CHARMM>      calc zpos = 12.0
Evaluating: 12.0
 Parameter: ZPOS <- "12"
  
 CHARMM>     
  
 CHARMM>      coor set xdir @xpos  ydir @ypos  zdir @zpos select segid UPPO .and. resid @i end
 Parameter: XPOS -> "-16.5859651"
 Parameter: YPOS -> "10.4629688"
 Parameter: ZPOS -> "12"
 Parameter: I -> "27"
 SELRPN>      1 atoms have been selected out of     64
 SELECTED COORDINATES SET IN THE MAIN SET.

  
 CHARMM>     
  
 CHARMM>      MMFP

      MISCELANEOUS MEAN FIELD POTENTIALS
  
   MMFP>      GEO plane  RCM -
   MMFP>          xref 0.0  yref 0.0  zref  @zpos  zdir 1.0 -
   MMFP>          force  100.0   select segid UPPO .and. resi @i end
 Parameter: ZPOS -> "12"
 Parameter: I -> "27"
 Center of mass constraint
 Plane constraint
 Harmonic constraint, keep inside the maximum radius
 SELRPN>      1 atoms have been selected out of     64
 new constraints applied on    1 atoms
 the total number of constraints is   27
 the total number of atoms affected is   27
  
   MMFP>      END
  
 CHARMM>     
  
 CHARMM>    incr i by 1
 Parameter: I <- "28"
  
 CHARMM>    if i le @NLIPTOP goto do_up
 Parameter: NLIPTOP -> "32"
 Comparing "28" and "32".
 IF test evaluated as true.  Performing command
  
 CHARMM>     
  
 CHARMM>      label rand_up
  
 CHARMM>      calc xpos = ?random
 RDCMND substituted energy or value "?RANDOM" to "0.754055703"
Evaluating: 0.754055703
 Parameter: XPOS <- "0.754055703"
  
 CHARMM>      calc ypos = ?random
 RDCMND substituted energy or value "?RANDOM" to "0.600231786"
Evaluating: 0.600231786
 Parameter: YPOS <- "0.600231786"
  
 CHARMM>      calc xpos = @Ainit * ( @xpos - 0.5 )
 Parameter: AINIT -> "70.1256016"
 Parameter: XPOS -> "0.754055703"
Evaluating: 70.1256016*(0.754055703-0.5)
 Parameter: XPOS <- "17.815809"
  
 CHARMM>      calc ypos = @Binit * ( @ypos - 0.5 )
 Parameter: BINIT -> "70.1256016"
 Parameter: YPOS -> "0.600231786"
Evaluating: 70.1256016*(0.600231786-0.5)
 Parameter: YPOS <- "7.02881429"
  
 CHARMM>     
  
 CHARMM>      set iprot = 1
 Parameter: IPROT <- "1"
  
 CHARMM>      label check_prot_up
  
 CHARMM>         define XXX sele uppo .and. iseg @iprot end
 Parameter: IPROT -> "1"
 SELRPN>      0 atoms have been selected out of     64
  
 CHARMM>         if ?nsel .gt. 0 then
 RDCMND substituted energy or value "?NSEL" to "0"
 Comparing "0" and "0".
 IF test evaluated as false.  Skip to ELSE or ENDIF
  
 CHARMM>         incr iprot by 1
 Parameter: IPROT <- "2"
  
 CHARMM>      if iprot .le. @nprot goto check_prot_up
 Parameter: NPROT -> "0"
 Comparing "2" and "0".
 IF test evaluated as false.  Skipping command
  
 CHARMM>     
  
 CHARMM>      calc zpos = 12.0
Evaluating: 12.0
 Parameter: ZPOS <- "12"
  
 CHARMM>     
  
 CHARMM>      coor set xdir @xpos  ydir @ypos  zdir @zpos select segid UPPO .and. resid @i end
 Parameter: XPOS -> "17.815809"
 Parameter: YPOS -> "7.02881429"
 Parameter: ZPOS -> "12"
 Parameter: I -> "28"
 SELRPN>      1 atoms have been selected out of     64
 SELECTED COORDINATES SET IN THE MAIN SET.

  
 CHARMM>     
  
 CHARMM>      MMFP

      MISCELANEOUS MEAN FIELD POTENTIALS
  
   MMFP>      GEO plane  RCM -
   MMFP>          xref 0.0  yref 0.0  zref  @zpos  zdir 1.0 -
   MMFP>          force  100.0   select segid UPPO .and. resi @i end
 Parameter: ZPOS -> "12"
 Parameter: I -> "28"
 Center of mass constraint
 Plane constraint
 Harmonic constraint, keep inside the maximum radius
 SELRPN>      1 atoms have been selected out of     64
 new constraints applied on    1 atoms
 the total number of constraints is   28
 the total number of atoms affected is   28
  
   MMFP>      END
  
 CHARMM>     
  
 CHARMM>    incr i by 1
 Parameter: I <- "29"
  
 CHARMM>    if i le @NLIPTOP goto do_up
 Parameter: NLIPTOP -> "32"
 Comparing "29" and "32".
 IF test evaluated as true.  Performing command
  
 CHARMM>     
  
 CHARMM>      label rand_up
  
 CHARMM>      calc xpos = ?random
 RDCMND substituted energy or value "?RANDOM" to "0.623270783"
Evaluating: 0.623270783
 Parameter: XPOS <- "0.623270783"
  
 CHARMM>      calc ypos = ?random
 RDCMND substituted energy or value "?RANDOM" to "9.434601967E-02"
Evaluating: 9.434601967E-02
 Parameter: YPOS <- "9.434601967E-02"
  
 CHARMM>      calc xpos = @Ainit * ( @xpos - 0.5 )
 Parameter: AINIT -> "70.1256016"
 Parameter: XPOS -> "0.623270783"
Evaluating: 70.1256016*(0.623270783-0.5)
 Parameter: XPOS <- "8.64443782"
  
 CHARMM>      calc ypos = @Binit * ( @ypos - 0.5 )
 Parameter: BINIT -> "70.1256016"
 Parameter: YPOS -> "9.434601967E-02"
Evaluating: 70.1256016*(9.434601967E-02-0.5)
 Parameter: YPOS <- "-28.4467294"
  
 CHARMM>     
  
 CHARMM>      set iprot = 1
 Parameter: IPROT <- "1"
  
 CHARMM>      label check_prot_up
  
 CHARMM>         define XXX sele uppo .and. iseg @iprot end
 Parameter: IPROT -> "1"
 SELRPN>      0 atoms have been selected out of     64
  
 CHARMM>         if ?nsel .gt. 0 then
 RDCMND substituted energy or value "?NSEL" to "0"
 Comparing "0" and "0".
 IF test evaluated as false.  Skip to ELSE or ENDIF
  
 CHARMM>         incr iprot by 1
 Parameter: IPROT <- "2"
  
 CHARMM>      if iprot .le. @nprot goto check_prot_up
 Parameter: NPROT -> "0"
 Comparing "2" and "0".
 IF test evaluated as false.  Skipping command
  
 CHARMM>     
  
 CHARMM>      calc zpos = 12.0
Evaluating: 12.0
 Parameter: ZPOS <- "12"
  
 CHARMM>     
  
 CHARMM>      coor set xdir @xpos  ydir @ypos  zdir @zpos select segid UPPO .and. resid @i end
 Parameter: XPOS -> "8.64443782"
 Parameter: YPOS -> "-28.4467294"
 Parameter: ZPOS -> "12"
 Parameter: I -> "29"
 SELRPN>      1 atoms have been selected out of     64
 SELECTED COORDINATES SET IN THE MAIN SET.

  
 CHARMM>     
  
 CHARMM>      MMFP

      MISCELANEOUS MEAN FIELD POTENTIALS
  
   MMFP>      GEO plane  RCM -
   MMFP>          xref 0.0  yref 0.0  zref  @zpos  zdir 1.0 -
   MMFP>          force  100.0   select segid UPPO .and. resi @i end
 Parameter: ZPOS -> "12"
 Parameter: I -> "29"
 Center of mass constraint
 Plane constraint
 Harmonic constraint, keep inside the maximum radius
 SELRPN>      1 atoms have been selected out of     64
 new constraints applied on    1 atoms
 the total number of constraints is   29
 the total number of atoms affected is   29
  
   MMFP>      END
  
 CHARMM>     
  
 CHARMM>    incr i by 1
 Parameter: I <- "30"
  
 CHARMM>    if i le @NLIPTOP goto do_up
 Parameter: NLIPTOP -> "32"
 Comparing "30" and "32".
 IF test evaluated as true.  Performing command
  
 CHARMM>     
  
 CHARMM>      label rand_up
  
 CHARMM>      calc xpos = ?random
 RDCMND substituted energy or value "?RANDOM" to "0.565710457"
Evaluating: 0.565710457
 Parameter: XPOS <- "0.565710457"
  
 CHARMM>      calc ypos = ?random
 RDCMND substituted energy or value "?RANDOM" to "0.976978265"
Evaluating: 0.976978265
 Parameter: YPOS <- "0.976978265"
  
 CHARMM>      calc xpos = @Ainit * ( @xpos - 0.5 )
 Parameter: AINIT -> "70.1256016"
 Parameter: XPOS -> "0.565710457"
Evaluating: 70.1256016*(0.565710457-0.5)
 Parameter: XPOS <- "4.60798533"
  
 CHARMM>      calc ypos = @Binit * ( @ypos - 0.5 )
 Parameter: BINIT -> "70.1256016"
 Parameter: YPOS -> "0.976978265"
Evaluating: 70.1256016*(0.976978265-0.5)
 Parameter: YPOS <- "33.4483878"
  
 CHARMM>     
  
 CHARMM>      set iprot = 1
 Parameter: IPROT <- "1"
  
 CHARMM>      label check_prot_up
  
 CHARMM>         define XXX sele uppo .and. iseg @iprot end
 Parameter: IPROT -> "1"
 SELRPN>      0 atoms have been selected out of     64
  
 CHARMM>         if ?nsel .gt. 0 then
 RDCMND substituted energy or value "?NSEL" to "0"
 Comparing "0" and "0".
 IF test evaluated as false.  Skip to ELSE or ENDIF
  
 CHARMM>         incr iprot by 1
 Parameter: IPROT <- "2"
  
 CHARMM>      if iprot .le. @nprot goto check_prot_up
 Parameter: NPROT -> "0"
 Comparing "2" and "0".
 IF test evaluated as false.  Skipping command
  
 CHARMM>     
  
 CHARMM>      calc zpos = 12.0
Evaluating: 12.0
 Parameter: ZPOS <- "12"
  
 CHARMM>     
  
 CHARMM>      coor set xdir @xpos  ydir @ypos  zdir @zpos select segid UPPO .and. resid @i end
 Parameter: XPOS -> "4.60798533"
 Parameter: YPOS -> "33.4483878"
 Parameter: ZPOS -> "12"
 Parameter: I -> "30"
 SELRPN>      1 atoms have been selected out of     64
 SELECTED COORDINATES SET IN THE MAIN SET.

  
 CHARMM>     
  
 CHARMM>      MMFP

      MISCELANEOUS MEAN FIELD POTENTIALS
  
   MMFP>      GEO plane  RCM -
   MMFP>          xref 0.0  yref 0.0  zref  @zpos  zdir 1.0 -
   MMFP>          force  100.0   select segid UPPO .and. resi @i end
 Parameter: ZPOS -> "12"
 Parameter: I -> "30"
 Center of mass constraint
 Plane constraint
 Harmonic constraint, keep inside the maximum radius
 SELRPN>      1 atoms have been selected out of     64
 new constraints applied on    1 atoms
 the total number of constraints is   30
 the total number of atoms affected is   30
  
   MMFP>      END
  
 CHARMM>     
  
 CHARMM>    incr i by 1
 Parameter: I <- "31"
  
 CHARMM>    if i le @NLIPTOP goto do_up
 Parameter: NLIPTOP -> "32"
 Comparing "31" and "32".
 IF test evaluated as true.  Performing command
  
 CHARMM>     
  
 CHARMM>      label rand_up
  
 CHARMM>      calc xpos = ?random
 RDCMND substituted energy or value "?RANDOM" to "0.936786566"
Evaluating: 0.936786566
 Parameter: XPOS <- "0.936786566"
  
 CHARMM>      calc ypos = ?random
 RDCMND substituted energy or value "?RANDOM" to "0.724202374"
Evaluating: 0.724202374
 Parameter: YPOS <- "0.724202374"
  
 CHARMM>      calc xpos = @Ainit * ( @xpos - 0.5 )
 Parameter: AINIT -> "70.1256016"
 Parameter: XPOS -> "0.936786566"
Evaluating: 70.1256016*(0.936786566-0.5)
 Parameter: XPOS <- "30.6299207"
  
 CHARMM>      calc ypos = @Binit * ( @ypos - 0.5 )
 Parameter: BINIT -> "70.1256016"
 Parameter: YPOS -> "0.724202374"
Evaluating: 70.1256016*(0.724202374-0.5)
 Parameter: YPOS <- "15.7223264"
  
 CHARMM>     
  
 CHARMM>      set iprot = 1
 Parameter: IPROT <- "1"
  
 CHARMM>      label check_prot_up
  
 CHARMM>         define XXX sele uppo .and. iseg @iprot end
 Parameter: IPROT -> "1"
 SELRPN>      0 atoms have been selected out of     64
  
 CHARMM>         if ?nsel .gt. 0 then
 RDCMND substituted energy or value "?NSEL" to "0"
 Comparing "0" and "0".
 IF test evaluated as false.  Skip to ELSE or ENDIF
  
 CHARMM>         incr iprot by 1
 Parameter: IPROT <- "2"
  
 CHARMM>      if iprot .le. @nprot goto check_prot_up
 Parameter: NPROT -> "0"
 Comparing "2" and "0".
 IF test evaluated as false.  Skipping command
  
 CHARMM>     
  
 CHARMM>      calc zpos = 12.0
Evaluating: 12.0
 Parameter: ZPOS <- "12"
  
 CHARMM>     
  
 CHARMM>      coor set xdir @xpos  ydir @ypos  zdir @zpos select segid UPPO .and. resid @i end
 Parameter: XPOS -> "30.6299207"
 Parameter: YPOS -> "15.7223264"
 Parameter: ZPOS -> "12"
 Parameter: I -> "31"
 SELRPN>      1 atoms have been selected out of     64
 SELECTED COORDINATES SET IN THE MAIN SET.

  
 CHARMM>     
  
 CHARMM>      MMFP

      MISCELANEOUS MEAN FIELD POTENTIALS
  
   MMFP>      GEO plane  RCM -
   MMFP>          xref 0.0  yref 0.0  zref  @zpos  zdir 1.0 -
   MMFP>          force  100.0   select segid UPPO .and. resi @i end
 Parameter: ZPOS -> "12"
 Parameter: I -> "31"
 Center of mass constraint
 Plane constraint
 Harmonic constraint, keep inside the maximum radius
 SELRPN>      1 atoms have been selected out of     64
 new constraints applied on    1 atoms
 the total number of constraints is   31
 the total number of atoms affected is   31
  
   MMFP>      END
  
 CHARMM>     
  
 CHARMM>    incr i by 1
 Parameter: I <- "32"
  
 CHARMM>    if i le @NLIPTOP goto do_up
 Parameter: NLIPTOP -> "32"
 Comparing "32" and "32".
 IF test evaluated as true.  Performing command
  
 CHARMM>     
  
 CHARMM>      label rand_up
  
 CHARMM>      calc xpos = ?random
 RDCMND substituted energy or value "?RANDOM" to "0.533665707"
Evaluating: 0.533665707
 Parameter: XPOS <- "0.533665707"
  
 CHARMM>      calc ypos = ?random
 RDCMND substituted energy or value "?RANDOM" to "0.318712541"
Evaluating: 0.318712541
 Parameter: YPOS <- "0.318712541"
  
 CHARMM>      calc xpos = @Ainit * ( @xpos - 0.5 )
 Parameter: AINIT -> "70.1256016"
 Parameter: XPOS -> "0.533665707"
Evaluating: 70.1256016*(0.533665707-0.5)
 Parameter: XPOS <- "2.36082796"
  
 CHARMM>      calc ypos = @Binit * ( @ypos - 0.5 )
 Parameter: BINIT -> "70.1256016"
 Parameter: YPOS -> "0.318712541"
Evaluating: 70.1256016*(0.318712541-0.5)
 Parameter: YPOS <- "-12.7128921"
  
 CHARMM>     
  
 CHARMM>      set iprot = 1
 Parameter: IPROT <- "1"
  
 CHARMM>      label check_prot_up
  
 CHARMM>         define XXX sele uppo .and. iseg @iprot end
 Parameter: IPROT -> "1"
 SELRPN>      0 atoms have been selected out of     64
  
 CHARMM>         if ?nsel .gt. 0 then
 RDCMND substituted energy or value "?NSEL" to "0"
 Comparing "0" and "0".
 IF test evaluated as false.  Skip to ELSE or ENDIF
  
 CHARMM>         incr iprot by 1
 Parameter: IPROT <- "2"
  
 CHARMM>      if iprot .le. @nprot goto check_prot_up
 Parameter: NPROT -> "0"
 Comparing "2" and "0".
 IF test evaluated as false.  Skipping command
  
 CHARMM>     
  
 CHARMM>      calc zpos = 12.0
Evaluating: 12.0
 Parameter: ZPOS <- "12"
  
 CHARMM>     
  
 CHARMM>      coor set xdir @xpos  ydir @ypos  zdir @zpos select segid UPPO .and. resid @i end
 Parameter: XPOS -> "2.36082796"
 Parameter: YPOS -> "-12.7128921"
 Parameter: ZPOS -> "12"
 Parameter: I -> "32"
 SELRPN>      1 atoms have been selected out of     64
 SELECTED COORDINATES SET IN THE MAIN SET.

  
 CHARMM>     
  
 CHARMM>      MMFP

      MISCELANEOUS MEAN FIELD POTENTIALS
  
   MMFP>      GEO plane  RCM -
   MMFP>          xref 0.0  yref 0.0  zref  @zpos  zdir 1.0 -
   MMFP>          force  100.0   select segid UPPO .and. resi @i end
 Parameter: ZPOS -> "12"
 Parameter: I -> "32"
 Center of mass constraint
 Plane constraint
 Harmonic constraint, keep inside the maximum radius
 SELRPN>      1 atoms have been selected out of     64
 new constraints applied on    1 atoms
 the total number of constraints is   32
 the total number of atoms affected is   32
  
   MMFP>      END
  
 CHARMM>     
  
 CHARMM>    incr i by 1
 Parameter: I <- "33"
  
 CHARMM>    if i le @NLIPTOP goto do_up
 Parameter: NLIPTOP -> "32"
 Comparing "33" and "32".
 IF test evaluated as false.  Skipping command
  
 CHARMM>     
  
 CHARMM>     
  
 CHARMM>    calc i = 1
Evaluating: 1
 Parameter: I <- "1"
  
 CHARMM>     
  
 CHARMM>    label do_dn
  
 CHARMM>     
  
 CHARMM>      label rand_dn
  
 CHARMM>      calc xpos = ?random
 RDCMND substituted energy or value "?RANDOM" to "0.360604413"
Evaluating: 0.360604413
 Parameter: XPOS <- "0.360604413"
  
 CHARMM>      calc ypos = ?random
 RDCMND substituted energy or value "?RANDOM" to "0.929516658"
Evaluating: 0.929516658
 Parameter: YPOS <- "0.929516658"
  
 CHARMM>      calc xpos = @Ainit * ( @xpos - 0.5 )
 Parameter: AINIT -> "70.1256016"
 Parameter: XPOS -> "0.360604413"
Evaluating: 70.1256016*(0.360604413-0.5)
 Parameter: XPOS <- "-9.7751994"
  
 CHARMM>      calc ypos = @Binit * ( @ypos - 0.5 )
 Parameter: BINIT -> "70.1256016"
 Parameter: YPOS -> "0.929516658"
Evaluating: 70.1256016*(0.929516658-0.5)
 Parameter: YPOS <- "30.120114"
  
 CHARMM>     
  
 CHARMM>      set iprot = 1
 Parameter: IPROT <- "1"
  
 CHARMM>      label check_prot_dn
  
 CHARMM>         define XXX sele dnpo .and. iseg @iprot end
 Parameter: IPROT -> "1"
 SELRPN>      0 atoms have been selected out of     64
  
 CHARMM>         if ?nsel .gt. 0 then
 RDCMND substituted energy or value "?NSEL" to "0"
 Comparing "0" and "0".
 IF test evaluated as false.  Skip to ELSE or ENDIF
  
 CHARMM>         incr iprot by 1
 Parameter: IPROT <- "2"
  
 CHARMM>      if iprot .le. @nprot goto check_prot_dn
 Parameter: NPROT -> "0"
 Comparing "2" and "0".
 IF test evaluated as false.  Skipping command
  
 CHARMM>     
  
 CHARMM>      calc zpos = -12.0
Evaluating: -12.0
 Parameter: ZPOS <- "-12"
  
 CHARMM>     
  
 CHARMM>      coor set xdir @xpos  ydir @ypos  zdir @zpos select segid DNPO .and. resid @i end
 Parameter: XPOS -> "-9.7751994"
 Parameter: YPOS -> "30.120114"
 Parameter: ZPOS -> "-12"
 Parameter: I -> "1"
 SELRPN>      1 atoms have been selected out of     64
 SELECTED COORDINATES SET IN THE MAIN SET.

  
 CHARMM>     
  
 CHARMM>      MMFP

      MISCELANEOUS MEAN FIELD POTENTIALS
  
   MMFP>      GEO plane  RCM -
   MMFP>          xref 0.0  yref 0.0  zref  @zpos  zdir 1.0 -
   MMFP>          force  100.0   select segid DNPO .and. resi @i end
 Parameter: ZPOS -> "-12"
 Parameter: I -> "1"
 Center of mass constraint
 Plane constraint
 Harmonic constraint, keep inside the maximum radius
 SELRPN>      1 atoms have been selected out of     64
 new constraints applied on    1 atoms
 the total number of constraints is   33
 the total number of atoms affected is   33
  
   MMFP>      END
  
 CHARMM>     
  
 CHARMM>    incr i by 1
 Parameter: I <- "2"
  
 CHARMM>    if i le @NLIPBOT goto do_dn
 Parameter: NLIPBOT -> "32"
 Comparing "2" and "32".
 IF test evaluated as true.  Performing command
  
 CHARMM>     
  
 CHARMM>      label rand_dn
  
 CHARMM>      calc xpos = ?random
 RDCMND substituted energy or value "?RANDOM" to "0.367695197"
Evaluating: 0.367695197
 Parameter: XPOS <- "0.367695197"
  
 CHARMM>      calc ypos = ?random
 RDCMND substituted energy or value "?RANDOM" to "0.912476424"
Evaluating: 0.912476424
 Parameter: YPOS <- "0.912476424"
  
 CHARMM>      calc xpos = @Ainit * ( @xpos - 0.5 )
 Parameter: AINIT -> "70.1256016"
 Parameter: XPOS -> "0.367695197"
Evaluating: 70.1256016*(0.367695197-0.5)
 Parameter: XPOS <- "-9.2779539"
  
 CHARMM>      calc ypos = @Binit * ( @ypos - 0.5 )
 Parameter: BINIT -> "70.1256016"
 Parameter: YPOS -> "0.912476424"
Evaluating: 70.1256016*(0.912476424-0.5)
 Parameter: YPOS <- "28.9251574"
  
 CHARMM>     
  
 CHARMM>      set iprot = 1
 Parameter: IPROT <- "1"
  
 CHARMM>      label check_prot_dn
  
 CHARMM>         define XXX sele dnpo .and. iseg @iprot end
 Parameter: IPROT -> "1"
 SELRPN>      0 atoms have been selected out of     64
  
 CHARMM>         if ?nsel .gt. 0 then
 RDCMND substituted energy or value "?NSEL" to "0"
 Comparing "0" and "0".
 IF test evaluated as false.  Skip to ELSE or ENDIF
  
 CHARMM>         incr iprot by 1
 Parameter: IPROT <- "2"
  
 CHARMM>      if iprot .le. @nprot goto check_prot_dn
 Parameter: NPROT -> "0"
 Comparing "2" and "0".
 IF test evaluated as false.  Skipping command
  
 CHARMM>     
  
 CHARMM>      calc zpos = -12.0
Evaluating: -12.0
 Parameter: ZPOS <- "-12"
  
 CHARMM>     
  
 CHARMM>      coor set xdir @xpos  ydir @ypos  zdir @zpos select segid DNPO .and. resid @i end
 Parameter: XPOS -> "-9.2779539"
 Parameter: YPOS -> "28.9251574"
 Parameter: ZPOS -> "-12"
 Parameter: I -> "2"
 SELRPN>      1 atoms have been selected out of     64
 SELECTED COORDINATES SET IN THE MAIN SET.

  
 CHARMM>     
  
 CHARMM>      MMFP

      MISCELANEOUS MEAN FIELD POTENTIALS
  
   MMFP>      GEO plane  RCM -
   MMFP>          xref 0.0  yref 0.0  zref  @zpos  zdir 1.0 -
   MMFP>          force  100.0   select segid DNPO .and. resi @i end
 Parameter: ZPOS -> "-12"
 Parameter: I -> "2"
 Center of mass constraint
 Plane constraint
 Harmonic constraint, keep inside the maximum radius
 SELRPN>      1 atoms have been selected out of     64
 new constraints applied on    1 atoms
 the total number of constraints is   34
 the total number of atoms affected is   34
  
   MMFP>      END
  
 CHARMM>     
  
 CHARMM>    incr i by 1
 Parameter: I <- "3"
  
 CHARMM>    if i le @NLIPBOT goto do_dn
 Parameter: NLIPBOT -> "32"
 Comparing "3" and "32".
 IF test evaluated as true.  Performing command
  
 CHARMM>     
  
 CHARMM>      label rand_dn
  
 CHARMM>      calc xpos = ?random
 RDCMND substituted energy or value "?RANDOM" to "0.31494071"
Evaluating: 0.31494071
 Parameter: XPOS <- "0.31494071"
  
 CHARMM>      calc ypos = ?random
 RDCMND substituted energy or value "?RANDOM" to "0.426539878"
Evaluating: 0.426539878
 Parameter: YPOS <- "0.426539878"
  
 CHARMM>      calc xpos = @Ainit * ( @xpos - 0.5 )
 Parameter: AINIT -> "70.1256016"
 Parameter: XPOS -> "0.31494071"
Evaluating: 70.1256016*(0.31494071-0.5)
 Parameter: XPOS <- "-12.977394"
  
 CHARMM>      calc ypos = @Binit * ( @ypos - 0.5 )
 Parameter: BINIT -> "70.1256016"
 Parameter: YPOS -> "0.426539878"
Evaluating: 70.1256016*(0.426539878-0.5)
 Parameter: YPOS <- "-5.15143525"
  
 CHARMM>     
  
 CHARMM>      set iprot = 1
 Parameter: IPROT <- "1"
  
 CHARMM>      label check_prot_dn
  
 CHARMM>         define XXX sele dnpo .and. iseg @iprot end
 Parameter: IPROT -> "1"
 SELRPN>      0 atoms have been selected out of     64
  
 CHARMM>         if ?nsel .gt. 0 then
 RDCMND substituted energy or value "?NSEL" to "0"
 Comparing "0" and "0".
 IF test evaluated as false.  Skip to ELSE or ENDIF
  
 CHARMM>         incr iprot by 1
 Parameter: IPROT <- "2"
  
 CHARMM>      if iprot .le. @nprot goto check_prot_dn
 Parameter: NPROT -> "0"
 Comparing "2" and "0".
 IF test evaluated as false.  Skipping command
  
 CHARMM>     
  
 CHARMM>      calc zpos = -12.0
Evaluating: -12.0
 Parameter: ZPOS <- "-12"
  
 CHARMM>     
  
 CHARMM>      coor set xdir @xpos  ydir @ypos  zdir @zpos select segid DNPO .and. resid @i end
 Parameter: XPOS -> "-12.977394"
 Parameter: YPOS -> "-5.15143525"
 Parameter: ZPOS -> "-12"
 Parameter: I -> "3"
 SELRPN>      1 atoms have been selected out of     64
 SELECTED COORDINATES SET IN THE MAIN SET.

  
 CHARMM>     
  
 CHARMM>      MMFP

      MISCELANEOUS MEAN FIELD POTENTIALS
  
   MMFP>      GEO plane  RCM -
   MMFP>          xref 0.0  yref 0.0  zref  @zpos  zdir 1.0 -
   MMFP>          force  100.0   select segid DNPO .and. resi @i end
 Parameter: ZPOS -> "-12"
 Parameter: I -> "3"
 Center of mass constraint
 Plane constraint
 Harmonic constraint, keep inside the maximum radius
 SELRPN>      1 atoms have been selected out of     64
 new constraints applied on    1 atoms
 the total number of constraints is   35
 the total number of atoms affected is   35
  
   MMFP>      END
  
 CHARMM>     
  
 CHARMM>    incr i by 1
 Parameter: I <- "4"
  
 CHARMM>    if i le @NLIPBOT goto do_dn
 Parameter: NLIPBOT -> "32"
 Comparing "4" and "32".
 IF test evaluated as true.  Performing command
  
 CHARMM>     
  
 CHARMM>      label rand_dn
  
 CHARMM>      calc xpos = ?random
 RDCMND substituted energy or value "?RANDOM" to "0.470403857"
Evaluating: 0.470403857
 Parameter: XPOS <- "0.470403857"
  
 CHARMM>      calc ypos = ?random
 RDCMND substituted energy or value "?RANDOM" to "0.895087493"
Evaluating: 0.895087493
 Parameter: YPOS <- "0.895087493"
  
 CHARMM>      calc xpos = @Ainit * ( @xpos - 0.5 )
 Parameter: AINIT -> "70.1256016"
 Parameter: XPOS -> "0.470403857"
Evaluating: 70.1256016*(0.470403857-0.5)
 Parameter: XPOS <- "-2.07544733"
  
 CHARMM>      calc ypos = @Binit * ( @ypos - 0.5 )
 Parameter: BINIT -> "70.1256016"
 Parameter: YPOS -> "0.895087493"
Evaluating: 70.1256016*(0.895087493-0.5)
 Parameter: YPOS <- "27.7057481"
  
 CHARMM>     
  
 CHARMM>      set iprot = 1
 Parameter: IPROT <- "1"
  
 CHARMM>      label check_prot_dn
  
 CHARMM>         define XXX sele dnpo .and. iseg @iprot end
 Parameter: IPROT -> "1"
 SELRPN>      0 atoms have been selected out of     64
  
 CHARMM>         if ?nsel .gt. 0 then
 RDCMND substituted energy or value "?NSEL" to "0"
 Comparing "0" and "0".
 IF test evaluated as false.  Skip to ELSE or ENDIF
  
 CHARMM>         incr iprot by 1
 Parameter: IPROT <- "2"
  
 CHARMM>      if iprot .le. @nprot goto check_prot_dn
 Parameter: NPROT -> "0"
 Comparing "2" and "0".
 IF test evaluated as false.  Skipping command
  
 CHARMM>     
  
 CHARMM>      calc zpos = -12.0
Evaluating: -12.0
 Parameter: ZPOS <- "-12"
  
 CHARMM>     
  
 CHARMM>      coor set xdir @xpos  ydir @ypos  zdir @zpos select segid DNPO .and. resid @i end
 Parameter: XPOS -> "-2.07544733"
 Parameter: YPOS -> "27.7057481"
 Parameter: ZPOS -> "-12"
 Parameter: I -> "4"
 SELRPN>      1 atoms have been selected out of     64
 SELECTED COORDINATES SET IN THE MAIN SET.

  
 CHARMM>     
  
 CHARMM>      MMFP

      MISCELANEOUS MEAN FIELD POTENTIALS
  
   MMFP>      GEO plane  RCM -
   MMFP>          xref 0.0  yref 0.0  zref  @zpos  zdir 1.0 -
   MMFP>          force  100.0   select segid DNPO .and. resi @i end
 Parameter: ZPOS -> "-12"
 Parameter: I -> "4"
 Center of mass constraint
 Plane constraint
 Harmonic constraint, keep inside the maximum radius
 SELRPN>      1 atoms have been selected out of     64
 new constraints applied on    1 atoms
 the total number of constraints is   36
 the total number of atoms affected is   36
  
   MMFP>      END
  
 CHARMM>     
  
 CHARMM>    incr i by 1
 Parameter: I <- "5"
  
 CHARMM>    if i le @NLIPBOT goto do_dn
 Parameter: NLIPBOT -> "32"
 Comparing "5" and "32".
 IF test evaluated as true.  Performing command
  
 CHARMM>     
  
 CHARMM>      label rand_dn
  
 CHARMM>      calc xpos = ?random
 RDCMND substituted energy or value "?RANDOM" to "0.242777113"
Evaluating: 0.242777113
 Parameter: XPOS <- "0.242777113"
  
 CHARMM>      calc ypos = ?random
 RDCMND substituted energy or value "?RANDOM" to "0.42883576"
Evaluating: 0.42883576
 Parameter: YPOS <- "0.42883576"
  
 CHARMM>      calc xpos = @Ainit * ( @xpos - 0.5 )
 Parameter: AINIT -> "70.1256016"
 Parameter: XPOS -> "0.242777113"
Evaluating: 70.1256016*(0.242777113-0.5)
 Parameter: XPOS <- "-18.0379097"
  
 CHARMM>      calc ypos = @Binit * ( @ypos - 0.5 )
 Parameter: BINIT -> "70.1256016"
 Parameter: YPOS -> "0.42883576"
Evaluating: 70.1256016*(0.42883576-0.5)
 Parameter: YPOS <- "-4.99043514"
  
 CHARMM>     
  
 CHARMM>      set iprot = 1
 Parameter: IPROT <- "1"
  
 CHARMM>      label check_prot_dn
  
 CHARMM>         define XXX sele dnpo .and. iseg @iprot end
 Parameter: IPROT -> "1"
 SELRPN>      0 atoms have been selected out of     64
  
 CHARMM>         if ?nsel .gt. 0 then
 RDCMND substituted energy or value "?NSEL" to "0"
 Comparing "0" and "0".
 IF test evaluated as false.  Skip to ELSE or ENDIF
  
 CHARMM>         incr iprot by 1
 Parameter: IPROT <- "2"
  
 CHARMM>      if iprot .le. @nprot goto check_prot_dn
 Parameter: NPROT -> "0"
 Comparing "2" and "0".
 IF test evaluated as false.  Skipping command
  
 CHARMM>     
  
 CHARMM>      calc zpos = -12.0
Evaluating: -12.0
 Parameter: ZPOS <- "-12"
  
 CHARMM>     
  
 CHARMM>      coor set xdir @xpos  ydir @ypos  zdir @zpos select segid DNPO .and. resid @i end
 Parameter: XPOS -> "-18.0379097"
 Parameter: YPOS -> "-4.99043514"
 Parameter: ZPOS -> "-12"
 Parameter: I -> "5"
 SELRPN>      1 atoms have been selected out of     64
 SELECTED COORDINATES SET IN THE MAIN SET.

  
 CHARMM>     
  
 CHARMM>      MMFP

      MISCELANEOUS MEAN FIELD POTENTIALS
  
   MMFP>      GEO plane  RCM -
   MMFP>          xref 0.0  yref 0.0  zref  @zpos  zdir 1.0 -
   MMFP>          force  100.0   select segid DNPO .and. resi @i end
 Parameter: ZPOS -> "-12"
 Parameter: I -> "5"
 Center of mass constraint
 Plane constraint
 Harmonic constraint, keep inside the maximum radius
 SELRPN>      1 atoms have been selected out of     64
 new constraints applied on    1 atoms
 the total number of constraints is   37
 the total number of atoms affected is   37
  
   MMFP>      END
  
 CHARMM>     
  
 CHARMM>    incr i by 1
 Parameter: I <- "6"
  
 CHARMM>    if i le @NLIPBOT goto do_dn
 Parameter: NLIPBOT -> "32"
 Comparing "6" and "32".
 IF test evaluated as true.  Performing command
  
 CHARMM>     
  
 CHARMM>      label rand_dn
  
 CHARMM>      calc xpos = ?random
 RDCMND substituted energy or value "?RANDOM" to "0.406124665"
Evaluating: 0.406124665
 Parameter: XPOS <- "0.406124665"
  
 CHARMM>      calc ypos = ?random
 RDCMND substituted energy or value "?RANDOM" to "0.261426109"
Evaluating: 0.261426109
 Parameter: YPOS <- "0.261426109"
  
 CHARMM>      calc xpos = @Ainit * ( @xpos - 0.5 )
 Parameter: AINIT -> "70.1256016"
 Parameter: XPOS -> "0.406124665"
Evaluating: 70.1256016*(0.406124665-0.5)
 Parameter: XPOS <- "-6.58306434"
  
 CHARMM>      calc ypos = @Binit * ( @ypos - 0.5 )
 Parameter: BINIT -> "70.1256016"
 Parameter: YPOS -> "0.261426109"
Evaluating: 70.1256016*(0.261426109-0.5)
 Parameter: YPOS <- "-16.7301376"
  
 CHARMM>     
  
 CHARMM>      set iprot = 1
 Parameter: IPROT <- "1"
  
 CHARMM>      label check_prot_dn
  
 CHARMM>         define XXX sele dnpo .and. iseg @iprot end
 Parameter: IPROT -> "1"
 SELRPN>      0 atoms have been selected out of     64
  
 CHARMM>         if ?nsel .gt. 0 then
 RDCMND substituted energy or value "?NSEL" to "0"
 Comparing "0" and "0".
 IF test evaluated as false.  Skip to ELSE or ENDIF
  
 CHARMM>         incr iprot by 1
 Parameter: IPROT <- "2"
  
 CHARMM>      if iprot .le. @nprot goto check_prot_dn
 Parameter: NPROT -> "0"
 Comparing "2" and "0".
 IF test evaluated as false.  Skipping command
  
 CHARMM>     
  
 CHARMM>      calc zpos = -12.0
Evaluating: -12.0
 Parameter: ZPOS <- "-12"
  
 CHARMM>     
  
 CHARMM>      coor set xdir @xpos  ydir @ypos  zdir @zpos select segid DNPO .and. resid @i end
 Parameter: XPOS -> "-6.58306434"
 Parameter: YPOS -> "-16.7301376"
 Parameter: ZPOS -> "-12"
 Parameter: I -> "6"
 SELRPN>      1 atoms have been selected out of     64
 SELECTED COORDINATES SET IN THE MAIN SET.

  
 CHARMM>     
  
 CHARMM>      MMFP

      MISCELANEOUS MEAN FIELD POTENTIALS
  
   MMFP>      GEO plane  RCM -
   MMFP>          xref 0.0  yref 0.0  zref  @zpos  zdir 1.0 -
   MMFP>          force  100.0   select segid DNPO .and. resi @i end
 Parameter: ZPOS -> "-12"
 Parameter: I -> "6"
 Center of mass constraint
 Plane constraint
 Harmonic constraint, keep inside the maximum radius
 SELRPN>      1 atoms have been selected out of     64
 new constraints applied on    1 atoms
 the total number of constraints is   38
 the total number of atoms affected is   38
  
   MMFP>      END
  
 CHARMM>     
  
 CHARMM>    incr i by 1
 Parameter: I <- "7"
  
 CHARMM>    if i le @NLIPBOT goto do_dn
 Parameter: NLIPBOT -> "32"
 Comparing "7" and "32".
 IF test evaluated as true.  Performing command
  
 CHARMM>     
  
 CHARMM>      label rand_dn
  
 CHARMM>      calc xpos = ?random
 RDCMND substituted energy or value "?RANDOM" to "0.202389217"
Evaluating: 0.202389217
 Parameter: XPOS <- "0.202389217"
  
 CHARMM>      calc ypos = ?random
 RDCMND substituted energy or value "?RANDOM" to "0.247370175"
Evaluating: 0.247370175
 Parameter: YPOS <- "0.247370175"
  
 CHARMM>      calc xpos = @Ainit * ( @xpos - 0.5 )
 Parameter: AINIT -> "70.1256016"
 Parameter: XPOS -> "0.202389217"
Evaluating: 70.1256016*(0.202389217-0.5)
 Parameter: XPOS <- "-20.8701352"
  
 CHARMM>      calc ypos = @Binit * ( @ypos - 0.5 )
 Parameter: BINIT -> "70.1256016"
 Parameter: YPOS -> "0.247370175"
Evaluating: 70.1256016*(0.247370175-0.5)
 Parameter: YPOS <- "-17.7158185"
  
 CHARMM>     
  
 CHARMM>      set iprot = 1
 Parameter: IPROT <- "1"
  
 CHARMM>      label check_prot_dn
  
 CHARMM>         define XXX sele dnpo .and. iseg @iprot end
 Parameter: IPROT -> "1"
 SELRPN>      0 atoms have been selected out of     64
  
 CHARMM>         if ?nsel .gt. 0 then
 RDCMND substituted energy or value "?NSEL" to "0"
 Comparing "0" and "0".
 IF test evaluated as false.  Skip to ELSE or ENDIF
  
 CHARMM>         incr iprot by 1
 Parameter: IPROT <- "2"
  
 CHARMM>      if iprot .le. @nprot goto check_prot_dn
 Parameter: NPROT -> "0"
 Comparing "2" and "0".
 IF test evaluated as false.  Skipping command
  
 CHARMM>     
  
 CHARMM>      calc zpos = -12.0
Evaluating: -12.0
 Parameter: ZPOS <- "-12"
  
 CHARMM>     
  
 CHARMM>      coor set xdir @xpos  ydir @ypos  zdir @zpos select segid DNPO .and. resid @i end
 Parameter: XPOS -> "-20.8701352"
 Parameter: YPOS -> "-17.7158185"
 Parameter: ZPOS -> "-12"
 Parameter: I -> "7"
 SELRPN>      1 atoms have been selected out of     64
 SELECTED COORDINATES SET IN THE MAIN SET.

  
 CHARMM>     
  
 CHARMM>      MMFP

      MISCELANEOUS MEAN FIELD POTENTIALS
  
   MMFP>      GEO plane  RCM -
   MMFP>          xref 0.0  yref 0.0  zref  @zpos  zdir 1.0 -
   MMFP>          force  100.0   select segid DNPO .and. resi @i end
 Parameter: ZPOS -> "-12"
 Parameter: I -> "7"
 Center of mass constraint
 Plane constraint
 Harmonic constraint, keep inside the maximum radius
 SELRPN>      1 atoms have been selected out of     64
 new constraints applied on    1 atoms
 the total number of constraints is   39
 the total number of atoms affected is   39
  
   MMFP>      END
  
 CHARMM>     
  
 CHARMM>    incr i by 1
 Parameter: I <- "8"
  
 CHARMM>    if i le @NLIPBOT goto do_dn
 Parameter: NLIPBOT -> "32"
 Comparing "8" and "32".
 IF test evaluated as true.  Performing command
  
 CHARMM>     
  
 CHARMM>      label rand_dn
  
 CHARMM>      calc xpos = ?random
 RDCMND substituted energy or value "?RANDOM" to "0.809848532"
Evaluating: 0.809848532
 Parameter: XPOS <- "0.809848532"
  
 CHARMM>      calc ypos = ?random
 RDCMND substituted energy or value "?RANDOM" to "0.215305888"
Evaluating: 0.215305888
 Parameter: YPOS <- "0.215305888"
  
 CHARMM>      calc xpos = @Ainit * ( @xpos - 0.5 )
 Parameter: AINIT -> "70.1256016"
 Parameter: XPOS -> "0.809848532"
Evaluating: 70.1256016*(0.809848532-0.5)
 Parameter: XPOS <- "21.7283147"
  
 CHARMM>      calc ypos = @Binit * ( @ypos - 0.5 )
 Parameter: BINIT -> "70.1256016"
 Parameter: YPOS -> "0.215305888"
Evaluating: 70.1256016*(0.215305888-0.5)
 Parameter: YPOS <- "-19.9643459"
  
 CHARMM>     
  
 CHARMM>      set iprot = 1
 Parameter: IPROT <- "1"
  
 CHARMM>      label check_prot_dn
  
 CHARMM>         define XXX sele dnpo .and. iseg @iprot end
 Parameter: IPROT -> "1"
 SELRPN>      0 atoms have been selected out of     64
  
 CHARMM>         if ?nsel .gt. 0 then
 RDCMND substituted energy or value "?NSEL" to "0"
 Comparing "0" and "0".
 IF test evaluated as false.  Skip to ELSE or ENDIF
  
 CHARMM>         incr iprot by 1
 Parameter: IPROT <- "2"
  
 CHARMM>      if iprot .le. @nprot goto check_prot_dn
 Parameter: NPROT -> "0"
 Comparing "2" and "0".
 IF test evaluated as false.  Skipping command
  
 CHARMM>     
  
 CHARMM>      calc zpos = -12.0
Evaluating: -12.0
 Parameter: ZPOS <- "-12"
  
 CHARMM>     
  
 CHARMM>      coor set xdir @xpos  ydir @ypos  zdir @zpos select segid DNPO .and. resid @i end
 Parameter: XPOS -> "21.7283147"
 Parameter: YPOS -> "-19.9643459"
 Parameter: ZPOS -> "-12"
 Parameter: I -> "8"
 SELRPN>      1 atoms have been selected out of     64
 SELECTED COORDINATES SET IN THE MAIN SET.

  
 CHARMM>     
  
 CHARMM>      MMFP

      MISCELANEOUS MEAN FIELD POTENTIALS
  
   MMFP>      GEO plane  RCM -
   MMFP>          xref 0.0  yref 0.0  zref  @zpos  zdir 1.0 -
   MMFP>          force  100.0   select segid DNPO .and. resi @i end
 Parameter: ZPOS -> "-12"
 Parameter: I -> "8"
 Center of mass constraint
 Plane constraint
 Harmonic constraint, keep inside the maximum radius
 SELRPN>      1 atoms have been selected out of     64
 new constraints applied on    1 atoms
 the total number of constraints is   40
 the total number of atoms affected is   40
  
   MMFP>      END
  
 CHARMM>     
  
 CHARMM>    incr i by 1
 Parameter: I <- "9"
  
 CHARMM>    if i le @NLIPBOT goto do_dn
 Parameter: NLIPBOT -> "32"
 Comparing "9" and "32".
 IF test evaluated as true.  Performing command
  
 CHARMM>     
  
 CHARMM>      label rand_dn
  
 CHARMM>      calc xpos = ?random
 RDCMND substituted energy or value "?RANDOM" to "0.584413342"
Evaluating: 0.584413342
 Parameter: XPOS <- "0.584413342"
  
 CHARMM>      calc ypos = ?random
 RDCMND substituted energy or value "?RANDOM" to "0.9173022"
Evaluating: 0.9173022
 Parameter: YPOS <- "0.9173022"
  
 CHARMM>      calc xpos = @Ainit * ( @xpos - 0.5 )
 Parameter: AINIT -> "70.1256016"
 Parameter: XPOS -> "0.584413342"
Evaluating: 70.1256016*(0.584413342-0.5)
 Parameter: XPOS <- "5.91953639"
  
 CHARMM>      calc ypos = @Binit * ( @ypos - 0.5 )
 Parameter: BINIT -> "70.1256016"
 Parameter: YPOS -> "0.9173022"
Evaluating: 70.1256016*(0.9173022-0.5)
 Parameter: YPOS <- "29.2635678"
  
 CHARMM>     
  
 CHARMM>      set iprot = 1
 Parameter: IPROT <- "1"
  
 CHARMM>      label check_prot_dn
  
 CHARMM>         define XXX sele dnpo .and. iseg @iprot end
 Parameter: IPROT -> "1"
 SELRPN>      0 atoms have been selected out of     64
  
 CHARMM>         if ?nsel .gt. 0 then
 RDCMND substituted energy or value "?NSEL" to "0"
 Comparing "0" and "0".
 IF test evaluated as false.  Skip to ELSE or ENDIF
  
 CHARMM>         incr iprot by 1
 Parameter: IPROT <- "2"
  
 CHARMM>      if iprot .le. @nprot goto check_prot_dn
 Parameter: NPROT -> "0"
 Comparing "2" and "0".
 IF test evaluated as false.  Skipping command
  
 CHARMM>     
  
 CHARMM>      calc zpos = -12.0
Evaluating: -12.0
 Parameter: ZPOS <- "-12"
  
 CHARMM>     
  
 CHARMM>      coor set xdir @xpos  ydir @ypos  zdir @zpos select segid DNPO .and. resid @i end
 Parameter: XPOS -> "5.91953639"
 Parameter: YPOS -> "29.2635678"
 Parameter: ZPOS -> "-12"
 Parameter: I -> "9"
 SELRPN>      1 atoms have been selected out of     64
 SELECTED COORDINATES SET IN THE MAIN SET.

  
 CHARMM>     
  
 CHARMM>      MMFP

      MISCELANEOUS MEAN FIELD POTENTIALS
  
   MMFP>      GEO plane  RCM -
   MMFP>          xref 0.0  yref 0.0  zref  @zpos  zdir 1.0 -
   MMFP>          force  100.0   select segid DNPO .and. resi @i end
 Parameter: ZPOS -> "-12"
 Parameter: I -> "9"
 Center of mass constraint
 Plane constraint
 Harmonic constraint, keep inside the maximum radius
 SELRPN>      1 atoms have been selected out of     64
 new constraints applied on    1 atoms
 the total number of constraints is   41
 the total number of atoms affected is   41
  
   MMFP>      END
  
 CHARMM>     
  
 CHARMM>    incr i by 1
 Parameter: I <- "10"
  
 CHARMM>    if i le @NLIPBOT goto do_dn
 Parameter: NLIPBOT -> "32"
 Comparing "10" and "32".
 IF test evaluated as true.  Performing command
  
 CHARMM>     
  
 CHARMM>      label rand_dn
  
 CHARMM>      calc xpos = ?random
 RDCMND substituted energy or value "?RANDOM" to "0.922302483"
Evaluating: 0.922302483
 Parameter: XPOS <- "0.922302483"
  
 CHARMM>      calc ypos = ?random
 RDCMND substituted energy or value "?RANDOM" to "0.797167356"
Evaluating: 0.797167356
 Parameter: YPOS <- "0.797167356"
  
 CHARMM>      calc xpos = @Ainit * ( @xpos - 0.5 )
 Parameter: AINIT -> "70.1256016"
 Parameter: XPOS -> "0.922302483"
Evaluating: 70.1256016*(0.922302483-0.5)
 Parameter: XPOS <- "29.6142157"
  
 CHARMM>      calc ypos = @Binit * ( @ypos - 0.5 )
 Parameter: BINIT -> "70.1256016"
 Parameter: YPOS -> "0.797167356"
Evaluating: 70.1256016*(0.797167356-0.5)
 Parameter: YPOS <- "20.8390396"
  
 CHARMM>     
  
 CHARMM>      set iprot = 1
 Parameter: IPROT <- "1"
  
 CHARMM>      label check_prot_dn
  
 CHARMM>         define XXX sele dnpo .and. iseg @iprot end
 Parameter: IPROT -> "1"
 SELRPN>      0 atoms have been selected out of     64
  
 CHARMM>         if ?nsel .gt. 0 then
 RDCMND substituted energy or value "?NSEL" to "0"
 Comparing "0" and "0".
 IF test evaluated as false.  Skip to ELSE or ENDIF
  
 CHARMM>         incr iprot by 1
 Parameter: IPROT <- "2"
  
 CHARMM>      if iprot .le. @nprot goto check_prot_dn
 Parameter: NPROT -> "0"
 Comparing "2" and "0".
 IF test evaluated as false.  Skipping command
  
 CHARMM>     
  
 CHARMM>      calc zpos = -12.0
Evaluating: -12.0
 Parameter: ZPOS <- "-12"
  
 CHARMM>     
  
 CHARMM>      coor set xdir @xpos  ydir @ypos  zdir @zpos select segid DNPO .and. resid @i end
 Parameter: XPOS -> "29.6142157"
 Parameter: YPOS -> "20.8390396"
 Parameter: ZPOS -> "-12"
 Parameter: I -> "10"
 SELRPN>      1 atoms have been selected out of     64
 SELECTED COORDINATES SET IN THE MAIN SET.

  
 CHARMM>     
  
 CHARMM>      MMFP

      MISCELANEOUS MEAN FIELD POTENTIALS
  
   MMFP>      GEO plane  RCM -
   MMFP>          xref 0.0  yref 0.0  zref  @zpos  zdir 1.0 -
   MMFP>          force  100.0   select segid DNPO .and. resi @i end
 Parameter: ZPOS -> "-12"
 Parameter: I -> "10"
 Center of mass constraint
 Plane constraint
 Harmonic constraint, keep inside the maximum radius
 SELRPN>      1 atoms have been selected out of     64
 new constraints applied on    1 atoms
 the total number of constraints is   42
 the total number of atoms affected is   42
  
   MMFP>      END
  
 CHARMM>     
  
 CHARMM>    incr i by 1
 Parameter: I <- "11"
  
 CHARMM>    if i le @NLIPBOT goto do_dn
 Parameter: NLIPBOT -> "32"
 Comparing "11" and "32".
 IF test evaluated as true.  Performing command
  
 CHARMM>     
  
 CHARMM>      label rand_dn
  
 CHARMM>      calc xpos = ?random
 RDCMND substituted energy or value "?RANDOM" to "0.339379135"
Evaluating: 0.339379135
 Parameter: XPOS <- "0.339379135"
  
 CHARMM>      calc ypos = ?random
 RDCMND substituted energy or value "?RANDOM" to "0.816759931"
Evaluating: 0.816759931
 Parameter: YPOS <- "0.816759931"
  
 CHARMM>      calc xpos = @Ainit * ( @xpos - 0.5 )
 Parameter: AINIT -> "70.1256016"
 Parameter: XPOS -> "0.339379135"
Evaluating: 70.1256016*(0.339379135-0.5)
 Parameter: XPOS <- "-11.2636348"
  
 CHARMM>      calc ypos = @Binit * ( @ypos - 0.5 )
 Parameter: BINIT -> "70.1256016"
 Parameter: YPOS -> "0.816759931"
Evaluating: 70.1256016*(0.816759931-0.5)
 Parameter: YPOS <- "22.2129807"
  
 CHARMM>     
  
 CHARMM>      set iprot = 1
 Parameter: IPROT <- "1"
  
 CHARMM>      label check_prot_dn
  
 CHARMM>         define XXX sele dnpo .and. iseg @iprot end
 Parameter: IPROT -> "1"
 SELRPN>      0 atoms have been selected out of     64
  
 CHARMM>         if ?nsel .gt. 0 then
 RDCMND substituted energy or value "?NSEL" to "0"
 Comparing "0" and "0".
 IF test evaluated as false.  Skip to ELSE or ENDIF
  
 CHARMM>         incr iprot by 1
 Parameter: IPROT <- "2"
  
 CHARMM>      if iprot .le. @nprot goto check_prot_dn
 Parameter: NPROT -> "0"
 Comparing "2" and "0".
 IF test evaluated as false.  Skipping command
  
 CHARMM>     
  
 CHARMM>      calc zpos = -12.0
Evaluating: -12.0
 Parameter: ZPOS <- "-12"
  
 CHARMM>     
  
 CHARMM>      coor set xdir @xpos  ydir @ypos  zdir @zpos select segid DNPO .and. resid @i end
 Parameter: XPOS -> "-11.2636348"
 Parameter: YPOS -> "22.2129807"
 Parameter: ZPOS -> "-12"
 Parameter: I -> "11"
 SELRPN>      1 atoms have been selected out of     64
 SELECTED COORDINATES SET IN THE MAIN SET.

  
 CHARMM>     
  
 CHARMM>      MMFP

      MISCELANEOUS MEAN FIELD POTENTIALS
  
   MMFP>      GEO plane  RCM -
   MMFP>          xref 0.0  yref 0.0  zref  @zpos  zdir 1.0 -
   MMFP>          force  100.0   select segid DNPO .and. resi @i end
 Parameter: ZPOS -> "-12"
 Parameter: I -> "11"
 Center of mass constraint
 Plane constraint
 Harmonic constraint, keep inside the maximum radius
 SELRPN>      1 atoms have been selected out of     64
 new constraints applied on    1 atoms
 the total number of constraints is   43
 the total number of atoms affected is   43
  
   MMFP>      END
  
 CHARMM>     
  
 CHARMM>    incr i by 1
 Parameter: I <- "12"
  
 CHARMM>    if i le @NLIPBOT goto do_dn
 Parameter: NLIPBOT -> "32"
 Comparing "12" and "32".
 IF test evaluated as true.  Performing command
  
 CHARMM>     
  
 CHARMM>      label rand_dn
  
 CHARMM>      calc xpos = ?random
 RDCMND substituted energy or value "?RANDOM" to "0.688837402"
Evaluating: 0.688837402
 Parameter: XPOS <- "0.688837402"
  
 CHARMM>      calc ypos = ?random
 RDCMND substituted energy or value "?RANDOM" to "0.44168295"
Evaluating: 0.44168295
 Parameter: YPOS <- "0.44168295"
  
 CHARMM>      calc xpos = @Ainit * ( @xpos - 0.5 )
 Parameter: AINIT -> "70.1256016"
 Parameter: XPOS -> "0.688837402"
Evaluating: 70.1256016*(0.688837402-0.5)
 Parameter: XPOS <- "13.2423364"
  
 CHARMM>      calc ypos = @Binit * ( @ypos - 0.5 )
 Parameter: BINIT -> "70.1256016"
 Parameter: YPOS -> "0.44168295"
Evaluating: 70.1256016*(0.44168295-0.5)
 Parameter: YPOS <- "-4.08951821"
  
 CHARMM>     
  
 CHARMM>      set iprot = 1
 Parameter: IPROT <- "1"
  
 CHARMM>      label check_prot_dn
  
 CHARMM>         define XXX sele dnpo .and. iseg @iprot end
 Parameter: IPROT -> "1"
 SELRPN>      0 atoms have been selected out of     64
  
 CHARMM>         if ?nsel .gt. 0 then
 RDCMND substituted energy or value "?NSEL" to "0"
 Comparing "0" and "0".
 IF test evaluated as false.  Skip to ELSE or ENDIF
  
 CHARMM>         incr iprot by 1
 Parameter: IPROT <- "2"
  
 CHARMM>      if iprot .le. @nprot goto check_prot_dn
 Parameter: NPROT -> "0"
 Comparing "2" and "0".
 IF test evaluated as false.  Skipping command
  
 CHARMM>     
  
 CHARMM>      calc zpos = -12.0
Evaluating: -12.0
 Parameter: ZPOS <- "-12"
  
 CHARMM>     
  
 CHARMM>      coor set xdir @xpos  ydir @ypos  zdir @zpos select segid DNPO .and. resid @i end
 Parameter: XPOS -> "13.2423364"
 Parameter: YPOS -> "-4.08951821"
 Parameter: ZPOS -> "-12"
 Parameter: I -> "12"
 SELRPN>      1 atoms have been selected out of     64
 SELECTED COORDINATES SET IN THE MAIN SET.

  
 CHARMM>     
  
 CHARMM>      MMFP

      MISCELANEOUS MEAN FIELD POTENTIALS
  
   MMFP>      GEO plane  RCM -
   MMFP>          xref 0.0  yref 0.0  zref  @zpos  zdir 1.0 -
   MMFP>          force  100.0   select segid DNPO .and. resi @i end
 Parameter: ZPOS -> "-12"
 Parameter: I -> "12"
 Center of mass constraint
 Plane constraint
 Harmonic constraint, keep inside the maximum radius
 SELRPN>      1 atoms have been selected out of     64
 new constraints applied on    1 atoms
 the total number of constraints is   44
 the total number of atoms affected is   44
  
   MMFP>      END
  
 CHARMM>     
  
 CHARMM>    incr i by 1
 Parameter: I <- "13"
  
 CHARMM>    if i le @NLIPBOT goto do_dn
 Parameter: NLIPBOT -> "32"
 Comparing "13" and "32".
 IF test evaluated as true.  Performing command
  
 CHARMM>     
  
 CHARMM>      label rand_dn
  
 CHARMM>      calc xpos = ?random
 RDCMND substituted energy or value "?RANDOM" to "0.902720154"
Evaluating: 0.902720154
 Parameter: XPOS <- "0.902720154"
  
 CHARMM>      calc ypos = ?random
 RDCMND substituted energy or value "?RANDOM" to "0.935987498"
Evaluating: 0.935987498
 Parameter: YPOS <- "0.935987498"
  
 CHARMM>      calc xpos = @Ainit * ( @xpos - 0.5 )
 Parameter: AINIT -> "70.1256016"
 Parameter: XPOS -> "0.902720154"
Evaluating: 70.1256016*(0.902720154-0.5)
 Parameter: XPOS <- "28.2409931"
  
 CHARMM>      calc ypos = @Binit * ( @ypos - 0.5 )
 Parameter: BINIT -> "70.1256016"
 Parameter: YPOS -> "0.935987498"
Evaluating: 70.1256016*(0.935987498-0.5)
 Parameter: YPOS <- "30.5738856"
  
 CHARMM>     
  
 CHARMM>      set iprot = 1
 Parameter: IPROT <- "1"
  
 CHARMM>      label check_prot_dn
  
 CHARMM>         define XXX sele dnpo .and. iseg @iprot end
 Parameter: IPROT -> "1"
 SELRPN>      0 atoms have been selected out of     64
  
 CHARMM>         if ?nsel .gt. 0 then
 RDCMND substituted energy or value "?NSEL" to "0"
 Comparing "0" and "0".
 IF test evaluated as false.  Skip to ELSE or ENDIF
  
 CHARMM>         incr iprot by 1
 Parameter: IPROT <- "2"
  
 CHARMM>      if iprot .le. @nprot goto check_prot_dn
 Parameter: NPROT -> "0"
 Comparing "2" and "0".
 IF test evaluated as false.  Skipping command
  
 CHARMM>     
  
 CHARMM>      calc zpos = -12.0
Evaluating: -12.0
 Parameter: ZPOS <- "-12"
  
 CHARMM>     
  
 CHARMM>      coor set xdir @xpos  ydir @ypos  zdir @zpos select segid DNPO .and. resid @i end
 Parameter: XPOS -> "28.2409931"
 Parameter: YPOS -> "30.5738856"
 Parameter: ZPOS -> "-12"
 Parameter: I -> "13"
 SELRPN>      1 atoms have been selected out of     64
 SELECTED COORDINATES SET IN THE MAIN SET.

  
 CHARMM>     
  
 CHARMM>      MMFP

      MISCELANEOUS MEAN FIELD POTENTIALS
  
   MMFP>      GEO plane  RCM -
   MMFP>          xref 0.0  yref 0.0  zref  @zpos  zdir 1.0 -
   MMFP>          force  100.0   select segid DNPO .and. resi @i end
 Parameter: ZPOS -> "-12"
 Parameter: I -> "13"
 Center of mass constraint
 Plane constraint
 Harmonic constraint, keep inside the maximum radius
 SELRPN>      1 atoms have been selected out of     64
 new constraints applied on    1 atoms
 the total number of constraints is   45
 the total number of atoms affected is   45
  
   MMFP>      END
  
 CHARMM>     
  
 CHARMM>    incr i by 1
 Parameter: I <- "14"
  
 CHARMM>    if i le @NLIPBOT goto do_dn
 Parameter: NLIPBOT -> "32"
 Comparing "14" and "32".
 IF test evaluated as true.  Performing command
  
 CHARMM>     
  
 CHARMM>      label rand_dn
  
 CHARMM>      calc xpos = ?random
 RDCMND substituted energy or value "?RANDOM" to "0.554954034"
Evaluating: 0.554954034
 Parameter: XPOS <- "0.554954034"
  
 CHARMM>      calc ypos = ?random
 RDCMND substituted energy or value "?RANDOM" to "1.293731089E-02"
Evaluating: 1.293731089E-02
 Parameter: YPOS <- "1.293731089E-02"
  
 CHARMM>      calc xpos = @Ainit * ( @xpos - 0.5 )
 Parameter: AINIT -> "70.1256016"
 Parameter: XPOS -> "0.554954034"
Evaluating: 70.1256016*(0.554954034-0.5)
 Parameter: XPOS <- "3.85368469"
  
 CHARMM>      calc ypos = @Binit * ( @ypos - 0.5 )
 Parameter: BINIT -> "70.1256016"
 Parameter: YPOS -> "1.293731089E-02"
Evaluating: 70.1256016*(1.293731089E-02-0.5)
 Parameter: YPOS <- "-34.1555641"
  
 CHARMM>     
  
 CHARMM>      set iprot = 1
 Parameter: IPROT <- "1"
  
 CHARMM>      label check_prot_dn
  
 CHARMM>         define XXX sele dnpo .and. iseg @iprot end
 Parameter: IPROT -> "1"
 SELRPN>      0 atoms have been selected out of     64
  
 CHARMM>         if ?nsel .gt. 0 then
 RDCMND substituted energy or value "?NSEL" to "0"
 Comparing "0" and "0".
 IF test evaluated as false.  Skip to ELSE or ENDIF
  
 CHARMM>         incr iprot by 1
 Parameter: IPROT <- "2"
  
 CHARMM>      if iprot .le. @nprot goto check_prot_dn
 Parameter: NPROT -> "0"
 Comparing "2" and "0".
 IF test evaluated as false.  Skipping command
  
 CHARMM>     
  
 CHARMM>      calc zpos = -12.0
Evaluating: -12.0
 Parameter: ZPOS <- "-12"
  
 CHARMM>     
  
 CHARMM>      coor set xdir @xpos  ydir @ypos  zdir @zpos select segid DNPO .and. resid @i end
 Parameter: XPOS -> "3.85368469"
 Parameter: YPOS -> "-34.1555641"
 Parameter: ZPOS -> "-12"
 Parameter: I -> "14"
 SELRPN>      1 atoms have been selected out of     64
 SELECTED COORDINATES SET IN THE MAIN SET.

  
 CHARMM>     
  
 CHARMM>      MMFP

      MISCELANEOUS MEAN FIELD POTENTIALS
  
   MMFP>      GEO plane  RCM -
   MMFP>          xref 0.0  yref 0.0  zref  @zpos  zdir 1.0 -
   MMFP>          force  100.0   select segid DNPO .and. resi @i end
 Parameter: ZPOS -> "-12"
 Parameter: I -> "14"
 Center of mass constraint
 Plane constraint
 Harmonic constraint, keep inside the maximum radius
 SELRPN>      1 atoms have been selected out of     64
 new constraints applied on    1 atoms
 the total number of constraints is   46
 the total number of atoms affected is   46
  
   MMFP>      END
  
 CHARMM>     
  
 CHARMM>    incr i by 1
 Parameter: I <- "15"
  
 CHARMM>    if i le @NLIPBOT goto do_dn
 Parameter: NLIPBOT -> "32"
 Comparing "15" and "32".
 IF test evaluated as true.  Performing command
  
 CHARMM>     
  
 CHARMM>      label rand_dn
  
 CHARMM>      calc xpos = ?random
 RDCMND substituted energy or value "?RANDOM" to "0.223912343"
Evaluating: 0.223912343
 Parameter: XPOS <- "0.223912343"
  
 CHARMM>      calc ypos = ?random
 RDCMND substituted energy or value "?RANDOM" to "0.807059766"
Evaluating: 0.807059766
 Parameter: YPOS <- "0.807059766"
  
 CHARMM>      calc xpos = @Ainit * ( @xpos - 0.5 )
 Parameter: AINIT -> "70.1256016"
 Parameter: XPOS -> "0.223912343"
Evaluating: 70.1256016*(0.223912343-0.5)
 Parameter: XPOS <- "-19.360813"
  
 CHARMM>      calc ypos = @Binit * ( @ypos - 0.5 )
 Parameter: BINIT -> "70.1256016"
 Parameter: YPOS -> "0.807059766"
Evaluating: 70.1256016*(0.807059766-0.5)
 Parameter: YPOS <- "21.5327508"
  
 CHARMM>     
  
 CHARMM>      set iprot = 1
 Parameter: IPROT <- "1"
  
 CHARMM>      label check_prot_dn
  
 CHARMM>         define XXX sele dnpo .and. iseg @iprot end
 Parameter: IPROT -> "1"
 SELRPN>      0 atoms have been selected out of     64
  
 CHARMM>         if ?nsel .gt. 0 then
 RDCMND substituted energy or value "?NSEL" to "0"
 Comparing "0" and "0".
 IF test evaluated as false.  Skip to ELSE or ENDIF
  
 CHARMM>         incr iprot by 1
 Parameter: IPROT <- "2"
  
 CHARMM>      if iprot .le. @nprot goto check_prot_dn
 Parameter: NPROT -> "0"
 Comparing "2" and "0".
 IF test evaluated as false.  Skipping command
  
 CHARMM>     
  
 CHARMM>      calc zpos = -12.0
Evaluating: -12.0
 Parameter: ZPOS <- "-12"
  
 CHARMM>     
  
 CHARMM>      coor set xdir @xpos  ydir @ypos  zdir @zpos select segid DNPO .and. resid @i end
 Parameter: XPOS -> "-19.360813"
 Parameter: YPOS -> "21.5327508"
 Parameter: ZPOS -> "-12"
 Parameter: I -> "15"
 SELRPN>      1 atoms have been selected out of     64
 SELECTED COORDINATES SET IN THE MAIN SET.

  
 CHARMM>     
  
 CHARMM>      MMFP

      MISCELANEOUS MEAN FIELD POTENTIALS
  
   MMFP>      GEO plane  RCM -
   MMFP>          xref 0.0  yref 0.0  zref  @zpos  zdir 1.0 -
   MMFP>          force  100.0   select segid DNPO .and. resi @i end
 Parameter: ZPOS -> "-12"
 Parameter: I -> "15"
 Center of mass constraint
 Plane constraint
 Harmonic constraint, keep inside the maximum radius
 SELRPN>      1 atoms have been selected out of     64
 new constraints applied on    1 atoms
 the total number of constraints is   47
 the total number of atoms affected is   47
  
   MMFP>      END
  
 CHARMM>     
  
 CHARMM>    incr i by 1
 Parameter: I <- "16"
  
 CHARMM>    if i le @NLIPBOT goto do_dn
 Parameter: NLIPBOT -> "32"
 Comparing "16" and "32".
 IF test evaluated as true.  Performing command
  
 CHARMM>     
  
 CHARMM>      label rand_dn
  
 CHARMM>      calc xpos = ?random
 RDCMND substituted energy or value "?RANDOM" to "0.745880277"
Evaluating: 0.745880277
 Parameter: XPOS <- "0.745880277"
  
 CHARMM>      calc ypos = ?random
 RDCMND substituted energy or value "?RANDOM" to "0.617872007"
Evaluating: 0.617872007
 Parameter: YPOS <- "0.617872007"
  
 CHARMM>      calc xpos = @Ainit * ( @xpos - 0.5 )
 Parameter: AINIT -> "70.1256016"
 Parameter: XPOS -> "0.745880277"
Evaluating: 70.1256016*(0.745880277-0.5)
 Parameter: XPOS <- "17.2425023"
  
 CHARMM>      calc ypos = @Binit * ( @ypos - 0.5 )
 Parameter: BINIT -> "70.1256016"
 Parameter: YPOS -> "0.617872007"
Evaluating: 70.1256016*(0.617872007-0.5)
 Parameter: YPOS <- "8.2658454"
  
 CHARMM>     
  
 CHARMM>      set iprot = 1
 Parameter: IPROT <- "1"
  
 CHARMM>      label check_prot_dn
  
 CHARMM>         define XXX sele dnpo .and. iseg @iprot end
 Parameter: IPROT -> "1"
 SELRPN>      0 atoms have been selected out of     64
  
 CHARMM>         if ?nsel .gt. 0 then
 RDCMND substituted energy or value "?NSEL" to "0"
 Comparing "0" and "0".
 IF test evaluated as false.  Skip to ELSE or ENDIF
  
 CHARMM>         incr iprot by 1
 Parameter: IPROT <- "2"
  
 CHARMM>      if iprot .le. @nprot goto check_prot_dn
 Parameter: NPROT -> "0"
 Comparing "2" and "0".
 IF test evaluated as false.  Skipping command
  
 CHARMM>     
  
 CHARMM>      calc zpos = -12.0
Evaluating: -12.0
 Parameter: ZPOS <- "-12"
  
 CHARMM>     
  
 CHARMM>      coor set xdir @xpos  ydir @ypos  zdir @zpos select segid DNPO .and. resid @i end
 Parameter: XPOS -> "17.2425023"
 Parameter: YPOS -> "8.2658454"
 Parameter: ZPOS -> "-12"
 Parameter: I -> "16"
 SELRPN>      1 atoms have been selected out of     64
 SELECTED COORDINATES SET IN THE MAIN SET.

  
 CHARMM>     
  
 CHARMM>      MMFP

      MISCELANEOUS MEAN FIELD POTENTIALS
  
   MMFP>      GEO plane  RCM -
   MMFP>          xref 0.0  yref 0.0  zref  @zpos  zdir 1.0 -
   MMFP>          force  100.0   select segid DNPO .and. resi @i end
 Parameter: ZPOS -> "-12"
 Parameter: I -> "16"
 Center of mass constraint
 Plane constraint
 Harmonic constraint, keep inside the maximum radius
 SELRPN>      1 atoms have been selected out of     64
 new constraints applied on    1 atoms
 the total number of constraints is   48
 the total number of atoms affected is   48
  
   MMFP>      END
  
 CHARMM>     
  
 CHARMM>    incr i by 1
 Parameter: I <- "17"
  
 CHARMM>    if i le @NLIPBOT goto do_dn
 Parameter: NLIPBOT -> "32"
 Comparing "17" and "32".
 IF test evaluated as true.  Performing command
  
 CHARMM>     
  
 CHARMM>      label rand_dn
  
 CHARMM>      calc xpos = ?random
 RDCMND substituted energy or value "?RANDOM" to "0.518602747"
Evaluating: 0.518602747
 Parameter: XPOS <- "0.518602747"
  
 CHARMM>      calc ypos = ?random
 RDCMND substituted energy or value "?RANDOM" to "0.591454055"
Evaluating: 0.591454055
 Parameter: YPOS <- "0.591454055"
  
 CHARMM>      calc xpos = @Ainit * ( @xpos - 0.5 )
 Parameter: AINIT -> "70.1256016"
 Parameter: XPOS -> "0.518602747"
Evaluating: 70.1256016*(0.518602747-0.5)
 Parameter: XPOS <- "1.30452882"
  
 CHARMM>      calc ypos = @Binit * ( @ypos - 0.5 )
 Parameter: BINIT -> "70.1256016"
 Parameter: YPOS -> "0.591454055"
Evaluating: 70.1256016*(0.591454055-0.5)
 Parameter: YPOS <- "6.41327063"
  
 CHARMM>     
  
 CHARMM>      set iprot = 1
 Parameter: IPROT <- "1"
  
 CHARMM>      label check_prot_dn
  
 CHARMM>         define XXX sele dnpo .and. iseg @iprot end
 Parameter: IPROT -> "1"
 SELRPN>      0 atoms have been selected out of     64
  
 CHARMM>         if ?nsel .gt. 0 then
 RDCMND substituted energy or value "?NSEL" to "0"
 Comparing "0" and "0".
 IF test evaluated as false.  Skip to ELSE or ENDIF
  
 CHARMM>         incr iprot by 1
 Parameter: IPROT <- "2"
  
 CHARMM>      if iprot .le. @nprot goto check_prot_dn
 Parameter: NPROT -> "0"
 Comparing "2" and "0".
 IF test evaluated as false.  Skipping command
  
 CHARMM>     
  
 CHARMM>      calc zpos = -12.0
Evaluating: -12.0
 Parameter: ZPOS <- "-12"
  
 CHARMM>     
  
 CHARMM>      coor set xdir @xpos  ydir @ypos  zdir @zpos select segid DNPO .and. resid @i end
 Parameter: XPOS -> "1.30452882"
 Parameter: YPOS -> "6.41327063"
 Parameter: ZPOS -> "-12"
 Parameter: I -> "17"
 SELRPN>      1 atoms have been selected out of     64
 SELECTED COORDINATES SET IN THE MAIN SET.

  
 CHARMM>     
  
 CHARMM>      MMFP

      MISCELANEOUS MEAN FIELD POTENTIALS
  
   MMFP>      GEO plane  RCM -
   MMFP>          xref 0.0  yref 0.0  zref  @zpos  zdir 1.0 -
   MMFP>          force  100.0   select segid DNPO .and. resi @i end
 Parameter: ZPOS -> "-12"
 Parameter: I -> "17"
 Center of mass constraint
 Plane constraint
 Harmonic constraint, keep inside the maximum radius
 SELRPN>      1 atoms have been selected out of     64
 new constraints applied on    1 atoms
 the total number of constraints is   49
 the total number of atoms affected is   49
  
   MMFP>      END
  
 CHARMM>     
  
 CHARMM>    incr i by 1
 Parameter: I <- "18"
  
 CHARMM>    if i le @NLIPBOT goto do_dn
 Parameter: NLIPBOT -> "32"
 Comparing "18" and "32".
 IF test evaluated as true.  Performing command
  
 CHARMM>     
  
 CHARMM>      label rand_dn
  
 CHARMM>      calc xpos = ?random
 RDCMND substituted energy or value "?RANDOM" to "0.574252012"
Evaluating: 0.574252012
 Parameter: XPOS <- "0.574252012"
  
 CHARMM>      calc ypos = ?random
 RDCMND substituted energy or value "?RANDOM" to "0.571084226"
Evaluating: 0.571084226
 Parameter: YPOS <- "0.571084226"
  
 CHARMM>      calc xpos = @Ainit * ( @xpos - 0.5 )
 Parameter: AINIT -> "70.1256016"
 Parameter: XPOS -> "0.574252012"
Evaluating: 70.1256016*(0.574252012-0.5)
 Parameter: XPOS <- "5.20696701"
  
 CHARMM>      calc ypos = @Binit * ( @ypos - 0.5 )
 Parameter: BINIT -> "70.1256016"
 Parameter: YPOS -> "0.571084226"
Evaluating: 70.1256016*(0.571084226-0.5)
 Parameter: YPOS <- "4.98482411"
  
 CHARMM>     
  
 CHARMM>      set iprot = 1
 Parameter: IPROT <- "1"
  
 CHARMM>      label check_prot_dn
  
 CHARMM>         define XXX sele dnpo .and. iseg @iprot end
 Parameter: IPROT -> "1"
 SELRPN>      0 atoms have been selected out of     64
  
 CHARMM>         if ?nsel .gt. 0 then
 RDCMND substituted energy or value "?NSEL" to "0"
 Comparing "0" and "0".
 IF test evaluated as false.  Skip to ELSE or ENDIF
  
 CHARMM>         incr iprot by 1
 Parameter: IPROT <- "2"
  
 CHARMM>      if iprot .le. @nprot goto check_prot_dn
 Parameter: NPROT -> "0"
 Comparing "2" and "0".
 IF test evaluated as false.  Skipping command
  
 CHARMM>     
  
 CHARMM>      calc zpos = -12.0
Evaluating: -12.0
 Parameter: ZPOS <- "-12"
  
 CHARMM>     
  
 CHARMM>      coor set xdir @xpos  ydir @ypos  zdir @zpos select segid DNPO .and. resid @i end
 Parameter: XPOS -> "5.20696701"
 Parameter: YPOS -> "4.98482411"
 Parameter: ZPOS -> "-12"
 Parameter: I -> "18"
 SELRPN>      1 atoms have been selected out of     64
 SELECTED COORDINATES SET IN THE MAIN SET.

  
 CHARMM>     
  
 CHARMM>      MMFP

      MISCELANEOUS MEAN FIELD POTENTIALS
  
   MMFP>      GEO plane  RCM -
   MMFP>          xref 0.0  yref 0.0  zref  @zpos  zdir 1.0 -
   MMFP>          force  100.0   select segid DNPO .and. resi @i end
 Parameter: ZPOS -> "-12"
 Parameter: I -> "18"
 Center of mass constraint
 Plane constraint
 Harmonic constraint, keep inside the maximum radius
 SELRPN>      1 atoms have been selected out of     64
 new constraints applied on    1 atoms
 the total number of constraints is   50
 the total number of atoms affected is   50
  
   MMFP>      END
  
 CHARMM>     
  
 CHARMM>    incr i by 1
 Parameter: I <- "19"
  
 CHARMM>    if i le @NLIPBOT goto do_dn
 Parameter: NLIPBOT -> "32"
 Comparing "19" and "32".
 IF test evaluated as true.  Performing command
  
 CHARMM>     
  
 CHARMM>      label rand_dn
  
 CHARMM>      calc xpos = ?random
 RDCMND substituted energy or value "?RANDOM" to "0.593124379"
Evaluating: 0.593124379
 Parameter: XPOS <- "0.593124379"
  
 CHARMM>      calc ypos = ?random
 RDCMND substituted energy or value "?RANDOM" to "0.563921991"
Evaluating: 0.563921991
 Parameter: YPOS <- "0.563921991"
  
 CHARMM>      calc xpos = @Ainit * ( @xpos - 0.5 )
 Parameter: AINIT -> "70.1256016"
 Parameter: XPOS -> "0.593124379"
Evaluating: 70.1256016*(0.593124379-0.5)
 Parameter: XPOS <- "6.5304031"
  
 CHARMM>      calc ypos = @Binit * ( @ypos - 0.5 )
 Parameter: BINIT -> "70.1256016"
 Parameter: YPOS -> "0.563921991"
Evaluating: 70.1256016*(0.563921991-0.5)
 Parameter: YPOS <- "4.48256807"
  
 CHARMM>     
  
 CHARMM>      set iprot = 1
 Parameter: IPROT <- "1"
  
 CHARMM>      label check_prot_dn
  
 CHARMM>         define XXX sele dnpo .and. iseg @iprot end
 Parameter: IPROT -> "1"
 SELRPN>      0 atoms have been selected out of     64
  
 CHARMM>         if ?nsel .gt. 0 then
 RDCMND substituted energy or value "?NSEL" to "0"
 Comparing "0" and "0".
 IF test evaluated as false.  Skip to ELSE or ENDIF
  
 CHARMM>         incr iprot by 1
 Parameter: IPROT <- "2"
  
 CHARMM>      if iprot .le. @nprot goto check_prot_dn
 Parameter: NPROT -> "0"
 Comparing "2" and "0".
 IF test evaluated as false.  Skipping command
  
 CHARMM>     
  
 CHARMM>      calc zpos = -12.0
Evaluating: -12.0
 Parameter: ZPOS <- "-12"
  
 CHARMM>     
  
 CHARMM>      coor set xdir @xpos  ydir @ypos  zdir @zpos select segid DNPO .and. resid @i end
 Parameter: XPOS -> "6.5304031"
 Parameter: YPOS -> "4.48256807"
 Parameter: ZPOS -> "-12"
 Parameter: I -> "19"
 SELRPN>      1 atoms have been selected out of     64
 SELECTED COORDINATES SET IN THE MAIN SET.

  
 CHARMM>     
  
 CHARMM>      MMFP

      MISCELANEOUS MEAN FIELD POTENTIALS
  
   MMFP>      GEO plane  RCM -
   MMFP>          xref 0.0  yref 0.0  zref  @zpos  zdir 1.0 -
   MMFP>          force  100.0   select segid DNPO .and. resi @i end
 Parameter: ZPOS -> "-12"
 Parameter: I -> "19"
 Center of mass constraint
 Plane constraint
 Harmonic constraint, keep inside the maximum radius
 SELRPN>      1 atoms have been selected out of     64
 new constraints applied on    1 atoms
 the total number of constraints is   51
 the total number of atoms affected is   51
  
   MMFP>      END
  
 CHARMM>     
  
 CHARMM>    incr i by 1
 Parameter: I <- "20"
  
 CHARMM>    if i le @NLIPBOT goto do_dn
 Parameter: NLIPBOT -> "32"
 Comparing "20" and "32".
 IF test evaluated as true.  Performing command
  
 CHARMM>     
  
 CHARMM>      label rand_dn
  
 CHARMM>      calc xpos = ?random
 RDCMND substituted energy or value "?RANDOM" to "0.488883093"
Evaluating: 0.488883093
 Parameter: XPOS <- "0.488883093"
  
 CHARMM>      calc ypos = ?random
 RDCMND substituted energy or value "?RANDOM" to "0.372617802"
Evaluating: 0.372617802
 Parameter: YPOS <- "0.372617802"
  
 CHARMM>      calc xpos = @Ainit * ( @xpos - 0.5 )
 Parameter: AINIT -> "70.1256016"
 Parameter: XPOS -> "0.488883093"
Evaluating: 70.1256016*(0.488883093-0.5)
 Parameter: XPOS <- "-0.779579791"
  
 CHARMM>      calc ypos = @Binit * ( @ypos - 0.5 )
 Parameter: BINIT -> "70.1256016"
 Parameter: YPOS -> "0.372617802"
Evaluating: 70.1256016*(0.372617802-0.5)
 Parameter: YPOS <- "-8.93275327"
  
 CHARMM>     
  
 CHARMM>      set iprot = 1
 Parameter: IPROT <- "1"
  
 CHARMM>      label check_prot_dn
  
 CHARMM>         define XXX sele dnpo .and. iseg @iprot end
 Parameter: IPROT -> "1"
 SELRPN>      0 atoms have been selected out of     64
  
 CHARMM>         if ?nsel .gt. 0 then
 RDCMND substituted energy or value "?NSEL" to "0"
 Comparing "0" and "0".
 IF test evaluated as false.  Skip to ELSE or ENDIF
  
 CHARMM>         incr iprot by 1
 Parameter: IPROT <- "2"
  
 CHARMM>      if iprot .le. @nprot goto check_prot_dn
 Parameter: NPROT -> "0"
 Comparing "2" and "0".
 IF test evaluated as false.  Skipping command
  
 CHARMM>     
  
 CHARMM>      calc zpos = -12.0
Evaluating: -12.0
 Parameter: ZPOS <- "-12"
  
 CHARMM>     
  
 CHARMM>      coor set xdir @xpos  ydir @ypos  zdir @zpos select segid DNPO .and. resid @i end
 Parameter: XPOS -> "-0.779579791"
 Parameter: YPOS -> "-8.93275327"
 Parameter: ZPOS -> "-12"
 Parameter: I -> "20"
 SELRPN>      1 atoms have been selected out of     64
 SELECTED COORDINATES SET IN THE MAIN SET.

  
 CHARMM>     
  
 CHARMM>      MMFP

      MISCELANEOUS MEAN FIELD POTENTIALS
  
   MMFP>      GEO plane  RCM -
   MMFP>          xref 0.0  yref 0.0  zref  @zpos  zdir 1.0 -
   MMFP>          force  100.0   select segid DNPO .and. resi @i end
 Parameter: ZPOS -> "-12"
 Parameter: I -> "20"
 Center of mass constraint
 Plane constraint
 Harmonic constraint, keep inside the maximum radius
 SELRPN>      1 atoms have been selected out of     64
 new constraints applied on    1 atoms
 the total number of constraints is   52
 the total number of atoms affected is   52
  
   MMFP>      END
  
 CHARMM>     
  
 CHARMM>    incr i by 1
 Parameter: I <- "21"
  
 CHARMM>    if i le @NLIPBOT goto do_dn
 Parameter: NLIPBOT -> "32"
 Comparing "21" and "32".
 IF test evaluated as true.  Performing command
  
 CHARMM>     
  
 CHARMM>      label rand_dn
  
 CHARMM>      calc xpos = ?random
 RDCMND substituted energy or value "?RANDOM" to "0.48745265"
Evaluating: 0.48745265
 Parameter: XPOS <- "0.48745265"
  
 CHARMM>      calc ypos = ?random
 RDCMND substituted energy or value "?RANDOM" to "0.183182105"
Evaluating: 0.183182105
 Parameter: YPOS <- "0.183182105"
  
 CHARMM>      calc xpos = @Ainit * ( @xpos - 0.5 )
 Parameter: AINIT -> "70.1256016"
 Parameter: XPOS -> "0.48745265"
Evaluating: 70.1256016*(0.48745265-0.5)
 Parameter: XPOS <- "-0.879890467"
  
 CHARMM>      calc ypos = @Binit * ( @ypos - 0.5 )
 Parameter: BINIT -> "70.1256016"
 Parameter: YPOS -> "0.183182105"
Evaluating: 70.1256016*(0.183182105-0.5)
 Parameter: YPOS <- "-22.2170455"
  
 CHARMM>     
  
 CHARMM>      set iprot = 1
 Parameter: IPROT <- "1"
  
 CHARMM>      label check_prot_dn
  
 CHARMM>         define XXX sele dnpo .and. iseg @iprot end
 Parameter: IPROT -> "1"
 SELRPN>      0 atoms have been selected out of     64
  
 CHARMM>         if ?nsel .gt. 0 then
 RDCMND substituted energy or value "?NSEL" to "0"
 Comparing "0" and "0".
 IF test evaluated as false.  Skip to ELSE or ENDIF
  
 CHARMM>         incr iprot by 1
 Parameter: IPROT <- "2"
  
 CHARMM>      if iprot .le. @nprot goto check_prot_dn
 Parameter: NPROT -> "0"
 Comparing "2" and "0".
 IF test evaluated as false.  Skipping command
  
 CHARMM>     
  
 CHARMM>      calc zpos = -12.0
Evaluating: -12.0
 Parameter: ZPOS <- "-12"
  
 CHARMM>     
  
 CHARMM>      coor set xdir @xpos  ydir @ypos  zdir @zpos select segid DNPO .and. resid @i end
 Parameter: XPOS -> "-0.879890467"
 Parameter: YPOS -> "-22.2170455"
 Parameter: ZPOS -> "-12"
 Parameter: I -> "21"
 SELRPN>      1 atoms have been selected out of     64
 SELECTED COORDINATES SET IN THE MAIN SET.

  
 CHARMM>     
  
 CHARMM>      MMFP

      MISCELANEOUS MEAN FIELD POTENTIALS
  
   MMFP>      GEO plane  RCM -
   MMFP>          xref 0.0  yref 0.0  zref  @zpos  zdir 1.0 -
   MMFP>          force  100.0   select segid DNPO .and. resi @i end
 Parameter: ZPOS -> "-12"
 Parameter: I -> "21"
 Center of mass constraint
 Plane constraint
 Harmonic constraint, keep inside the maximum radius
 SELRPN>      1 atoms have been selected out of     64
 new constraints applied on    1 atoms
 the total number of constraints is   53
 the total number of atoms affected is   53
  
   MMFP>      END
  
 CHARMM>     
  
 CHARMM>    incr i by 1
 Parameter: I <- "22"
  
 CHARMM>    if i le @NLIPBOT goto do_dn
 Parameter: NLIPBOT -> "32"
 Comparing "22" and "32".
 IF test evaluated as true.  Performing command
  
 CHARMM>     
  
 CHARMM>      label rand_dn
  
 CHARMM>      calc xpos = ?random
 RDCMND substituted energy or value "?RANDOM" to "0.593067737"
Evaluating: 0.593067737
 Parameter: XPOS <- "0.593067737"
  
 CHARMM>      calc ypos = ?random
 RDCMND substituted energy or value "?RANDOM" to "5.171681956E-02"
Evaluating: 5.171681956E-02
 Parameter: YPOS <- "5.171681956E-02"
  
 CHARMM>      calc xpos = @Ainit * ( @xpos - 0.5 )
 Parameter: AINIT -> "70.1256016"
 Parameter: XPOS -> "0.593067737"
Evaluating: 70.1256016*(0.593067737-0.5)
 Parameter: XPOS <- "6.52643105"
  
 CHARMM>      calc ypos = @Binit * ( @ypos - 0.5 )
 Parameter: BINIT -> "70.1256016"
 Parameter: YPOS -> "5.171681956E-02"
Evaluating: 70.1256016*(5.171681956E-02-0.5)
 Parameter: YPOS <- "-31.4361277"
  
 CHARMM>     
  
 CHARMM>      set iprot = 1
 Parameter: IPROT <- "1"
  
 CHARMM>      label check_prot_dn
  
 CHARMM>         define XXX sele dnpo .and. iseg @iprot end
 Parameter: IPROT -> "1"
 SELRPN>      0 atoms have been selected out of     64
  
 CHARMM>         if ?nsel .gt. 0 then
 RDCMND substituted energy or value "?NSEL" to "0"
 Comparing "0" and "0".
 IF test evaluated as false.  Skip to ELSE or ENDIF
  
 CHARMM>         incr iprot by 1
 Parameter: IPROT <- "2"
  
 CHARMM>      if iprot .le. @nprot goto check_prot_dn
 Parameter: NPROT -> "0"
 Comparing "2" and "0".
 IF test evaluated as false.  Skipping command
  
 CHARMM>     
  
 CHARMM>      calc zpos = -12.0
Evaluating: -12.0
 Parameter: ZPOS <- "-12"
  
 CHARMM>     
  
 CHARMM>      coor set xdir @xpos  ydir @ypos  zdir @zpos select segid DNPO .and. resid @i end
 Parameter: XPOS -> "6.52643105"
 Parameter: YPOS -> "-31.4361277"
 Parameter: ZPOS -> "-12"
 Parameter: I -> "22"
 SELRPN>      1 atoms have been selected out of     64
 SELECTED COORDINATES SET IN THE MAIN SET.

  
 CHARMM>     
  
 CHARMM>      MMFP

      MISCELANEOUS MEAN FIELD POTENTIALS
  
   MMFP>      GEO plane  RCM -
   MMFP>          xref 0.0  yref 0.0  zref  @zpos  zdir 1.0 -
   MMFP>          force  100.0   select segid DNPO .and. resi @i end
 Parameter: ZPOS -> "-12"
 Parameter: I -> "22"
 Center of mass constraint
 Plane constraint
 Harmonic constraint, keep inside the maximum radius
 SELRPN>      1 atoms have been selected out of     64
 new constraints applied on    1 atoms
 the total number of constraints is   54
 the total number of atoms affected is   54
  
   MMFP>      END
  
 CHARMM>     
  
 CHARMM>    incr i by 1
 Parameter: I <- "23"
  
 CHARMM>    if i le @NLIPBOT goto do_dn
 Parameter: NLIPBOT -> "32"
 Comparing "23" and "32".
 IF test evaluated as true.  Performing command
  
 CHARMM>     
  
 CHARMM>      label rand_dn
  
 CHARMM>      calc xpos = ?random
 RDCMND substituted energy or value "?RANDOM" to "0.176793078"
Evaluating: 0.176793078
 Parameter: XPOS <- "0.176793078"
  
 CHARMM>      calc ypos = ?random
 RDCMND substituted energy or value "?RANDOM" to "0.639902074"
Evaluating: 0.639902074
 Parameter: YPOS <- "0.639902074"
  
 CHARMM>      calc xpos = @Ainit * ( @xpos - 0.5 )
 Parameter: AINIT -> "70.1256016"
 Parameter: XPOS -> "0.176793078"
Evaluating: 70.1256016*(0.176793078-0.5)
 Parameter: XPOS <- "-22.6650798"
  
 CHARMM>      calc ypos = @Binit * ( @ypos - 0.5 )
 Parameter: BINIT -> "70.1256016"
 Parameter: YPOS -> "0.639902074"
Evaluating: 70.1256016*(0.639902074-0.5)
 Parameter: YPOS <- "9.8107171"
  
 CHARMM>     
  
 CHARMM>      set iprot = 1
 Parameter: IPROT <- "1"
  
 CHARMM>      label check_prot_dn
  
 CHARMM>         define XXX sele dnpo .and. iseg @iprot end
 Parameter: IPROT -> "1"
 SELRPN>      0 atoms have been selected out of     64
  
 CHARMM>         if ?nsel .gt. 0 then
 RDCMND substituted energy or value "?NSEL" to "0"
 Comparing "0" and "0".
 IF test evaluated as false.  Skip to ELSE or ENDIF
  
 CHARMM>         incr iprot by 1
 Parameter: IPROT <- "2"
  
 CHARMM>      if iprot .le. @nprot goto check_prot_dn
 Parameter: NPROT -> "0"
 Comparing "2" and "0".
 IF test evaluated as false.  Skipping command
  
 CHARMM>     
  
 CHARMM>      calc zpos = -12.0
Evaluating: -12.0
 Parameter: ZPOS <- "-12"
  
 CHARMM>     
  
 CHARMM>      coor set xdir @xpos  ydir @ypos  zdir @zpos select segid DNPO .and. resid @i end
 Parameter: XPOS -> "-22.6650798"
 Parameter: YPOS -> "9.8107171"
 Parameter: ZPOS -> "-12"
 Parameter: I -> "23"
 SELRPN>      1 atoms have been selected out of     64
 SELECTED COORDINATES SET IN THE MAIN SET.

  
 CHARMM>     
  
 CHARMM>      MMFP

      MISCELANEOUS MEAN FIELD POTENTIALS
  
   MMFP>      GEO plane  RCM -
   MMFP>          xref 0.0  yref 0.0  zref  @zpos  zdir 1.0 -
   MMFP>          force  100.0   select segid DNPO .and. resi @i end
 Parameter: ZPOS -> "-12"
 Parameter: I -> "23"
 Center of mass constraint
 Plane constraint
 Harmonic constraint, keep inside the maximum radius
 SELRPN>      1 atoms have been selected out of     64
 new constraints applied on    1 atoms
 the total number of constraints is   55
 the total number of atoms affected is   55
  
   MMFP>      END
  
 CHARMM>     
  
 CHARMM>    incr i by 1
 Parameter: I <- "24"
  
 CHARMM>    if i le @NLIPBOT goto do_dn
 Parameter: NLIPBOT -> "32"
 Comparing "24" and "32".
 IF test evaluated as true.  Performing command
  
 CHARMM>     
  
 CHARMM>      label rand_dn
  
 CHARMM>      calc xpos = ?random
 RDCMND substituted energy or value "?RANDOM" to "0.367078561"
Evaluating: 0.367078561
 Parameter: XPOS <- "0.367078561"
  
 CHARMM>      calc ypos = ?random
 RDCMND substituted energy or value "?RANDOM" to "9.506469254E-02"
Evaluating: 9.506469254E-02
 Parameter: YPOS <- "9.506469254E-02"
  
 CHARMM>      calc xpos = @Ainit * ( @xpos - 0.5 )
 Parameter: AINIT -> "70.1256016"
 Parameter: XPOS -> "0.367078561"
Evaluating: 70.1256016*(0.367078561-0.5)
 Parameter: XPOS <- "-9.32119588"
  
 CHARMM>      calc ypos = @Binit * ( @ypos - 0.5 )
 Parameter: BINIT -> "70.1256016"
 Parameter: YPOS -> "9.506469254E-02"
Evaluating: 70.1256016*(9.506469254E-02-0.5)
 Parameter: YPOS <- "-28.396332"
  
 CHARMM>     
  
 CHARMM>      set iprot = 1
 Parameter: IPROT <- "1"
  
 CHARMM>      label check_prot_dn
  
 CHARMM>         define XXX sele dnpo .and. iseg @iprot end
 Parameter: IPROT -> "1"
 SELRPN>      0 atoms have been selected out of     64
  
 CHARMM>         if ?nsel .gt. 0 then
 RDCMND substituted energy or value "?NSEL" to "0"
 Comparing "0" and "0".
 IF test evaluated as false.  Skip to ELSE or ENDIF
  
 CHARMM>         incr iprot by 1
 Parameter: IPROT <- "2"
  
 CHARMM>      if iprot .le. @nprot goto check_prot_dn
 Parameter: NPROT -> "0"
 Comparing "2" and "0".
 IF test evaluated as false.  Skipping command
  
 CHARMM>     
  
 CHARMM>      calc zpos = -12.0
Evaluating: -12.0
 Parameter: ZPOS <- "-12"
  
 CHARMM>     
  
 CHARMM>      coor set xdir @xpos  ydir @ypos  zdir @zpos select segid DNPO .and. resid @i end
 Parameter: XPOS -> "-9.32119588"
 Parameter: YPOS -> "-28.396332"
 Parameter: ZPOS -> "-12"
 Parameter: I -> "24"
 SELRPN>      1 atoms have been selected out of     64
 SELECTED COORDINATES SET IN THE MAIN SET.

  
 CHARMM>     
  
 CHARMM>      MMFP

      MISCELANEOUS MEAN FIELD POTENTIALS
  
   MMFP>      GEO plane  RCM -
   MMFP>          xref 0.0  yref 0.0  zref  @zpos  zdir 1.0 -
   MMFP>          force  100.0   select segid DNPO .and. resi @i end
 Parameter: ZPOS -> "-12"
 Parameter: I -> "24"
 Center of mass constraint
 Plane constraint
 Harmonic constraint, keep inside the maximum radius
 SELRPN>      1 atoms have been selected out of     64
 new constraints applied on    1 atoms
 the total number of constraints is   56
 the total number of atoms affected is   56
  
   MMFP>      END
  
 CHARMM>     
  
 CHARMM>    incr i by 1
 Parameter: I <- "25"
  
 CHARMM>    if i le @NLIPBOT goto do_dn
 Parameter: NLIPBOT -> "32"
 Comparing "25" and "32".
 IF test evaluated as true.  Performing command
  
 CHARMM>     
  
 CHARMM>      label rand_dn
  
 CHARMM>      calc xpos = ?random
 RDCMND substituted energy or value "?RANDOM" to "0.526745743"
Evaluating: 0.526745743
 Parameter: XPOS <- "0.526745743"
  
 CHARMM>      calc ypos = ?random
 RDCMND substituted energy or value "?RANDOM" to "0.49402291"
Evaluating: 0.49402291
 Parameter: YPOS <- "0.49402291"
  
 CHARMM>      calc xpos = @Ainit * ( @xpos - 0.5 )
 Parameter: AINIT -> "70.1256016"
 Parameter: XPOS -> "0.526745743"
Evaluating: 70.1256016*(0.526745743-0.5)
 Parameter: XPOS <- "1.87556132"
  
 CHARMM>      calc ypos = @Binit * ( @ypos - 0.5 )
 Parameter: BINIT -> "70.1256016"
 Parameter: YPOS -> "0.49402291"
Evaluating: 70.1256016*(0.49402291-0.5)
 Parameter: YPOS <- "-0.419147032"
  
 CHARMM>     
  
 CHARMM>      set iprot = 1
 Parameter: IPROT <- "1"
  
 CHARMM>      label check_prot_dn
  
 CHARMM>         define XXX sele dnpo .and. iseg @iprot end
 Parameter: IPROT -> "1"
 SELRPN>      0 atoms have been selected out of     64
  
 CHARMM>         if ?nsel .gt. 0 then
 RDCMND substituted energy or value "?NSEL" to "0"
 Comparing "0" and "0".
 IF test evaluated as false.  Skip to ELSE or ENDIF
  
 CHARMM>         incr iprot by 1
 Parameter: IPROT <- "2"
  
 CHARMM>      if iprot .le. @nprot goto check_prot_dn
 Parameter: NPROT -> "0"
 Comparing "2" and "0".
 IF test evaluated as false.  Skipping command
  
 CHARMM>     
  
 CHARMM>      calc zpos = -12.0
Evaluating: -12.0
 Parameter: ZPOS <- "-12"
  
 CHARMM>     
  
 CHARMM>      coor set xdir @xpos  ydir @ypos  zdir @zpos select segid DNPO .and. resid @i end
 Parameter: XPOS -> "1.87556132"
 Parameter: YPOS -> "-0.419147032"
 Parameter: ZPOS -> "-12"
 Parameter: I -> "25"
 SELRPN>      1 atoms have been selected out of     64
 SELECTED COORDINATES SET IN THE MAIN SET.

  
 CHARMM>     
  
 CHARMM>      MMFP

      MISCELANEOUS MEAN FIELD POTENTIALS
  
   MMFP>      GEO plane  RCM -
   MMFP>          xref 0.0  yref 0.0  zref  @zpos  zdir 1.0 -
   MMFP>          force  100.0   select segid DNPO .and. resi @i end
 Parameter: ZPOS -> "-12"
 Parameter: I -> "25"
 Center of mass constraint
 Plane constraint
 Harmonic constraint, keep inside the maximum radius
 SELRPN>      1 atoms have been selected out of     64
 new constraints applied on    1 atoms
 the total number of constraints is   57
 the total number of atoms affected is   57
  
   MMFP>      END
  
 CHARMM>     
  
 CHARMM>    incr i by 1
 Parameter: I <- "26"
  
 CHARMM>    if i le @NLIPBOT goto do_dn
 Parameter: NLIPBOT -> "32"
 Comparing "26" and "32".
 IF test evaluated as true.  Performing command
  
 CHARMM>     
  
 CHARMM>      label rand_dn
  
 CHARMM>      calc xpos = ?random
 RDCMND substituted energy or value "?RANDOM" to "0.321364567"
Evaluating: 0.321364567
 Parameter: XPOS <- "0.321364567"
  
 CHARMM>      calc ypos = ?random
 RDCMND substituted energy or value "?RANDOM" to "7.456856469E-02"
Evaluating: 7.456856469E-02
 Parameter: YPOS <- "7.456856469E-02"
  
 CHARMM>      calc xpos = @Ainit * ( @xpos - 0.5 )
 Parameter: AINIT -> "70.1256016"
 Parameter: XPOS -> "0.321364567"
Evaluating: 70.1256016*(0.321364567-0.5)
 Parameter: XPOS <- "-12.5269172"
  
 CHARMM>      calc ypos = @Binit * ( @ypos - 0.5 )
 Parameter: BINIT -> "70.1256016"
 Parameter: YPOS -> "7.456856469E-02"
Evaluating: 70.1256016*(7.456856469E-02-0.5)
 Parameter: YPOS <- "-29.8336353"
  
 CHARMM>     
  
 CHARMM>      set iprot = 1
 Parameter: IPROT <- "1"
  
 CHARMM>      label check_prot_dn
  
 CHARMM>         define XXX sele dnpo .and. iseg @iprot end
 Parameter: IPROT -> "1"
 SELRPN>      0 atoms have been selected out of     64
  
 CHARMM>         if ?nsel .gt. 0 then
 RDCMND substituted energy or value "?NSEL" to "0"
 Comparing "0" and "0".
 IF test evaluated as false.  Skip to ELSE or ENDIF
  
 CHARMM>         incr iprot by 1
 Parameter: IPROT <- "2"
  
 CHARMM>      if iprot .le. @nprot goto check_prot_dn
 Parameter: NPROT -> "0"
 Comparing "2" and "0".
 IF test evaluated as false.  Skipping command
  
 CHARMM>     
  
 CHARMM>      calc zpos = -12.0
Evaluating: -12.0
 Parameter: ZPOS <- "-12"
  
 CHARMM>     
  
 CHARMM>      coor set xdir @xpos  ydir @ypos  zdir @zpos select segid DNPO .and. resid @i end
 Parameter: XPOS -> "-12.5269172"
 Parameter: YPOS -> "-29.8336353"
 Parameter: ZPOS -> "-12"
 Parameter: I -> "26"
 SELRPN>      1 atoms have been selected out of     64
 SELECTED COORDINATES SET IN THE MAIN SET.

  
 CHARMM>     
  
 CHARMM>      MMFP

      MISCELANEOUS MEAN FIELD POTENTIALS
  
   MMFP>      GEO plane  RCM -
   MMFP>          xref 0.0  yref 0.0  zref  @zpos  zdir 1.0 -
   MMFP>          force  100.0   select segid DNPO .and. resi @i end
 Parameter: ZPOS -> "-12"
 Parameter: I -> "26"
 Center of mass constraint
 Plane constraint
 Harmonic constraint, keep inside the maximum radius
 SELRPN>      1 atoms have been selected out of     64
 new constraints applied on    1 atoms
 the total number of constraints is   58
 the total number of atoms affected is   58
  
   MMFP>      END
  
 CHARMM>     
  
 CHARMM>    incr i by 1
 Parameter: I <- "27"
  
 CHARMM>    if i le @NLIPBOT goto do_dn
 Parameter: NLIPBOT -> "32"
 Comparing "27" and "32".
 IF test evaluated as true.  Performing command
  
 CHARMM>     
  
 CHARMM>      label rand_dn
  
 CHARMM>      calc xpos = ?random
 RDCMND substituted energy or value "?RANDOM" to "0.488751022"
Evaluating: 0.488751022
 Parameter: XPOS <- "0.488751022"
  
 CHARMM>      calc ypos = ?random
 RDCMND substituted energy or value "?RANDOM" to "0.408581618"
Evaluating: 0.408581618
 Parameter: YPOS <- "0.408581618"
  
 CHARMM>      calc xpos = @Ainit * ( @xpos - 0.5 )
 Parameter: AINIT -> "70.1256016"
 Parameter: XPOS -> "0.488751022"
Evaluating: 70.1256016*(0.488751022-0.5)
 Parameter: XPOS <- "-0.78884135"
  
 CHARMM>      calc ypos = @Binit * ( @ypos - 0.5 )
 Parameter: BINIT -> "70.1256016"
 Parameter: YPOS -> "0.408581618"
Evaluating: 70.1256016*(0.408581618-0.5)
 Parameter: YPOS <- "-6.41076904"
  
 CHARMM>     
  
 CHARMM>      set iprot = 1
 Parameter: IPROT <- "1"
  
 CHARMM>      label check_prot_dn
  
 CHARMM>         define XXX sele dnpo .and. iseg @iprot end
 Parameter: IPROT -> "1"
 SELRPN>      0 atoms have been selected out of     64
  
 CHARMM>         if ?nsel .gt. 0 then
 RDCMND substituted energy or value "?NSEL" to "0"
 Comparing "0" and "0".
 IF test evaluated as false.  Skip to ELSE or ENDIF
  
 CHARMM>         incr iprot by 1
 Parameter: IPROT <- "2"
  
 CHARMM>      if iprot .le. @nprot goto check_prot_dn
 Parameter: NPROT -> "0"
 Comparing "2" and "0".
 IF test evaluated as false.  Skipping command
  
 CHARMM>     
  
 CHARMM>      calc zpos = -12.0
Evaluating: -12.0
 Parameter: ZPOS <- "-12"
  
 CHARMM>     
  
 CHARMM>      coor set xdir @xpos  ydir @ypos  zdir @zpos select segid DNPO .and. resid @i end
 Parameter: XPOS -> "-0.78884135"
 Parameter: YPOS -> "-6.41076904"
 Parameter: ZPOS -> "-12"
 Parameter: I -> "27"
 SELRPN>      1 atoms have been selected out of     64
 SELECTED COORDINATES SET IN THE MAIN SET.

  
 CHARMM>     
  
 CHARMM>      MMFP

      MISCELANEOUS MEAN FIELD POTENTIALS
  
   MMFP>      GEO plane  RCM -
   MMFP>          xref 0.0  yref 0.0  zref  @zpos  zdir 1.0 -
   MMFP>          force  100.0   select segid DNPO .and. resi @i end
 Parameter: ZPOS -> "-12"
 Parameter: I -> "27"
 Center of mass constraint
 Plane constraint
 Harmonic constraint, keep inside the maximum radius
 SELRPN>      1 atoms have been selected out of     64
 new constraints applied on    1 atoms
 the total number of constraints is   59
 the total number of atoms affected is   59
  
   MMFP>      END
  
 CHARMM>     
  
 CHARMM>    incr i by 1
 Parameter: I <- "28"
  
 CHARMM>    if i le @NLIPBOT goto do_dn
 Parameter: NLIPBOT -> "32"
 Comparing "28" and "32".
 IF test evaluated as true.  Performing command
  
 CHARMM>     
  
 CHARMM>      label rand_dn
  
 CHARMM>      calc xpos = ?random
 RDCMND substituted energy or value "?RANDOM" to "0.95828161"
Evaluating: 0.95828161
 Parameter: XPOS <- "0.95828161"
  
 CHARMM>      calc ypos = ?random
 RDCMND substituted energy or value "?RANDOM" to "0.177806238"
Evaluating: 0.177806238
 Parameter: YPOS <- "0.177806238"
  
 CHARMM>      calc xpos = @Ainit * ( @xpos - 0.5 )
 Parameter: AINIT -> "70.1256016"
 Parameter: XPOS -> "0.95828161"
Evaluating: 70.1256016*(0.95828161-0.5)
 Parameter: XPOS <- "32.1372736"
  
 CHARMM>      calc ypos = @Binit * ( @ypos - 0.5 )
 Parameter: BINIT -> "70.1256016"
 Parameter: YPOS -> "0.177806238"
Evaluating: 70.1256016*(0.177806238-0.5)
 Parameter: YPOS <- "-22.5940314"
  
 CHARMM>     
  
 CHARMM>      set iprot = 1
 Parameter: IPROT <- "1"
  
 CHARMM>      label check_prot_dn
  
 CHARMM>         define XXX sele dnpo .and. iseg @iprot end
 Parameter: IPROT -> "1"
 SELRPN>      0 atoms have been selected out of     64
  
 CHARMM>         if ?nsel .gt. 0 then
 RDCMND substituted energy or value "?NSEL" to "0"
 Comparing "0" and "0".
 IF test evaluated as false.  Skip to ELSE or ENDIF
  
 CHARMM>         incr iprot by 1
 Parameter: IPROT <- "2"
  
 CHARMM>      if iprot .le. @nprot goto check_prot_dn
 Parameter: NPROT -> "0"
 Comparing "2" and "0".
 IF test evaluated as false.  Skipping command
  
 CHARMM>     
  
 CHARMM>      calc zpos = -12.0
Evaluating: -12.0
 Parameter: ZPOS <- "-12"
  
 CHARMM>     
  
 CHARMM>      coor set xdir @xpos  ydir @ypos  zdir @zpos select segid DNPO .and. resid @i end
 Parameter: XPOS -> "32.1372736"
 Parameter: YPOS -> "-22.5940314"
 Parameter: ZPOS -> "-12"
 Parameter: I -> "28"
 SELRPN>      1 atoms have been selected out of     64
 SELECTED COORDINATES SET IN THE MAIN SET.

  
 CHARMM>     
  
 CHARMM>      MMFP

      MISCELANEOUS MEAN FIELD POTENTIALS
  
   MMFP>      GEO plane  RCM -
   MMFP>          xref 0.0  yref 0.0  zref  @zpos  zdir 1.0 -
   MMFP>          force  100.0   select segid DNPO .and. resi @i end
 Parameter: ZPOS -> "-12"
 Parameter: I -> "28"
 Center of mass constraint
 Plane constraint
 Harmonic constraint, keep inside the maximum radius
 SELRPN>      1 atoms have been selected out of     64
 new constraints applied on    1 atoms
 the total number of constraints is   60
 the total number of atoms affected is   60
  
   MMFP>      END
  
 CHARMM>     
  
 CHARMM>    incr i by 1
 Parameter: I <- "29"
  
 CHARMM>    if i le @NLIPBOT goto do_dn
 Parameter: NLIPBOT -> "32"
 Comparing "29" and "32".
 IF test evaluated as true.  Performing command
  
 CHARMM>     
  
 CHARMM>      label rand_dn
  
 CHARMM>      calc xpos = ?random
 RDCMND substituted energy or value "?RANDOM" to "8.783464424E-02"
Evaluating: 8.783464424E-02
 Parameter: XPOS <- "8.783464424E-02"
  
 CHARMM>      calc ypos = ?random
 RDCMND substituted energy or value "?RANDOM" to "0.531632051"
Evaluating: 0.531632051
 Parameter: YPOS <- "0.531632051"
  
 CHARMM>      calc xpos = @Ainit * ( @xpos - 0.5 )
 Parameter: AINIT -> "70.1256016"
 Parameter: XPOS -> "8.783464424E-02"
Evaluating: 70.1256016*(8.783464424E-02-0.5)
 Parameter: XPOS <- "-28.9033435"
  
 CHARMM>      calc ypos = @Binit * ( @ypos - 0.5 )
 Parameter: BINIT -> "70.1256016"
 Parameter: YPOS -> "0.531632051"
Evaluating: 70.1256016*(0.531632051-0.5)
 Parameter: YPOS <- "2.21821661"
  
 CHARMM>     
  
 CHARMM>      set iprot = 1
 Parameter: IPROT <- "1"
  
 CHARMM>      label check_prot_dn
  
 CHARMM>         define XXX sele dnpo .and. iseg @iprot end
 Parameter: IPROT -> "1"
 SELRPN>      0 atoms have been selected out of     64
  
 CHARMM>         if ?nsel .gt. 0 then
 RDCMND substituted energy or value "?NSEL" to "0"
 Comparing "0" and "0".
 IF test evaluated as false.  Skip to ELSE or ENDIF
  
 CHARMM>         incr iprot by 1
 Parameter: IPROT <- "2"
  
 CHARMM>      if iprot .le. @nprot goto check_prot_dn
 Parameter: NPROT -> "0"
 Comparing "2" and "0".
 IF test evaluated as false.  Skipping command
  
 CHARMM>     
  
 CHARMM>      calc zpos = -12.0
Evaluating: -12.0
 Parameter: ZPOS <- "-12"
  
 CHARMM>     
  
 CHARMM>      coor set xdir @xpos  ydir @ypos  zdir @zpos select segid DNPO .and. resid @i end
 Parameter: XPOS -> "-28.9033435"
 Parameter: YPOS -> "2.21821661"
 Parameter: ZPOS -> "-12"
 Parameter: I -> "29"
 SELRPN>      1 atoms have been selected out of     64
 SELECTED COORDINATES SET IN THE MAIN SET.

  
 CHARMM>     
  
 CHARMM>      MMFP

      MISCELANEOUS MEAN FIELD POTENTIALS
  
   MMFP>      GEO plane  RCM -
   MMFP>          xref 0.0  yref 0.0  zref  @zpos  zdir 1.0 -
   MMFP>          force  100.0   select segid DNPO .and. resi @i end
 Parameter: ZPOS -> "-12"
 Parameter: I -> "29"
 Center of mass constraint
 Plane constraint
 Harmonic constraint, keep inside the maximum radius
 SELRPN>      1 atoms have been selected out of     64
 new constraints applied on    1 atoms
 the total number of constraints is   61
 the total number of atoms affected is   61
  
   MMFP>      END
  
 CHARMM>     
  
 CHARMM>    incr i by 1
 Parameter: I <- "30"
  
 CHARMM>    if i le @NLIPBOT goto do_dn
 Parameter: NLIPBOT -> "32"
 Comparing "30" and "32".
 IF test evaluated as true.  Performing command
  
 CHARMM>     
  
 CHARMM>      label rand_dn
  
 CHARMM>      calc xpos = ?random
 RDCMND substituted energy or value "?RANDOM" to "0.534462352"
Evaluating: 0.534462352
 Parameter: XPOS <- "0.534462352"
  
 CHARMM>      calc ypos = ?random
 RDCMND substituted energy or value "?RANDOM" to "0.916707193"
Evaluating: 0.916707193
 Parameter: YPOS <- "0.916707193"
  
 CHARMM>      calc xpos = @Ainit * ( @xpos - 0.5 )
 Parameter: AINIT -> "70.1256016"
 Parameter: XPOS -> "0.534462352"
Evaluating: 70.1256016*(0.534462352-0.5)
 Parameter: XPOS <- "2.41669317"
  
 CHARMM>      calc ypos = @Binit * ( @ypos - 0.5 )
 Parameter: BINIT -> "70.1256016"
 Parameter: YPOS -> "0.916707193"
Evaluating: 70.1256016*(0.916707193-0.5)
 Parameter: YPOS <- "29.2218426"
  
 CHARMM>     
  
 CHARMM>      set iprot = 1
 Parameter: IPROT <- "1"
  
 CHARMM>      label check_prot_dn
  
 CHARMM>         define XXX sele dnpo .and. iseg @iprot end
 Parameter: IPROT -> "1"
 SELRPN>      0 atoms have been selected out of     64
  
 CHARMM>         if ?nsel .gt. 0 then
 RDCMND substituted energy or value "?NSEL" to "0"
 Comparing "0" and "0".
 IF test evaluated as false.  Skip to ELSE or ENDIF
  
 CHARMM>         incr iprot by 1
 Parameter: IPROT <- "2"
  
 CHARMM>      if iprot .le. @nprot goto check_prot_dn
 Parameter: NPROT -> "0"
 Comparing "2" and "0".
 IF test evaluated as false.  Skipping command
  
 CHARMM>     
  
 CHARMM>      calc zpos = -12.0
Evaluating: -12.0
 Parameter: ZPOS <- "-12"
  
 CHARMM>     
  
 CHARMM>      coor set xdir @xpos  ydir @ypos  zdir @zpos select segid DNPO .and. resid @i end
 Parameter: XPOS -> "2.41669317"
 Parameter: YPOS -> "29.2218426"
 Parameter: ZPOS -> "-12"
 Parameter: I -> "30"
 SELRPN>      1 atoms have been selected out of     64
 SELECTED COORDINATES SET IN THE MAIN SET.

  
 CHARMM>     
  
 CHARMM>      MMFP

      MISCELANEOUS MEAN FIELD POTENTIALS
  
   MMFP>      GEO plane  RCM -
   MMFP>          xref 0.0  yref 0.0  zref  @zpos  zdir 1.0 -
   MMFP>          force  100.0   select segid DNPO .and. resi @i end
 Parameter: ZPOS -> "-12"
 Parameter: I -> "30"
 Center of mass constraint
 Plane constraint
 Harmonic constraint, keep inside the maximum radius
 SELRPN>      1 atoms have been selected out of     64
 new constraints applied on    1 atoms
 the total number of constraints is   62
 the total number of atoms affected is   62
  
   MMFP>      END
  
 CHARMM>     
  
 CHARMM>    incr i by 1
 Parameter: I <- "31"
  
 CHARMM>    if i le @NLIPBOT goto do_dn
 Parameter: NLIPBOT -> "32"
 Comparing "31" and "32".
 IF test evaluated as true.  Performing command
  
 CHARMM>     
  
 CHARMM>      label rand_dn
  
 CHARMM>      calc xpos = ?random
 RDCMND substituted energy or value "?RANDOM" to "0.178334081"
Evaluating: 0.178334081
 Parameter: XPOS <- "0.178334081"
  
 CHARMM>      calc ypos = ?random
 RDCMND substituted energy or value "?RANDOM" to "0.149823974"
Evaluating: 0.149823974
 Parameter: YPOS <- "0.149823974"
  
 CHARMM>      calc xpos = @Ainit * ( @xpos - 0.5 )
 Parameter: AINIT -> "70.1256016"
 Parameter: XPOS -> "0.178334081"
Evaluating: 70.1256016*(0.178334081-0.5)
 Parameter: XPOS <- "-22.5570161"
  
 CHARMM>      calc ypos = @Binit * ( @ypos - 0.5 )
 Parameter: BINIT -> "70.1256016"
 Parameter: YPOS -> "0.149823974"
Evaluating: 70.1256016*(0.149823974-0.5)
 Parameter: YPOS <- "-24.5563045"
  
 CHARMM>     
  
 CHARMM>      set iprot = 1
 Parameter: IPROT <- "1"
  
 CHARMM>      label check_prot_dn
  
 CHARMM>         define XXX sele dnpo .and. iseg @iprot end
 Parameter: IPROT -> "1"
 SELRPN>      0 atoms have been selected out of     64
  
 CHARMM>         if ?nsel .gt. 0 then
 RDCMND substituted energy or value "?NSEL" to "0"
 Comparing "0" and "0".
 IF test evaluated as false.  Skip to ELSE or ENDIF
  
 CHARMM>         incr iprot by 1
 Parameter: IPROT <- "2"
  
 CHARMM>      if iprot .le. @nprot goto check_prot_dn
 Parameter: NPROT -> "0"
 Comparing "2" and "0".
 IF test evaluated as false.  Skipping command
  
 CHARMM>     
  
 CHARMM>      calc zpos = -12.0
Evaluating: -12.0
 Parameter: ZPOS <- "-12"
  
 CHARMM>     
  
 CHARMM>      coor set xdir @xpos  ydir @ypos  zdir @zpos select segid DNPO .and. resid @i end
 Parameter: XPOS -> "-22.5570161"
 Parameter: YPOS -> "-24.5563045"
 Parameter: ZPOS -> "-12"
 Parameter: I -> "31"
 SELRPN>      1 atoms have been selected out of     64
 SELECTED COORDINATES SET IN THE MAIN SET.

  
 CHARMM>     
  
 CHARMM>      MMFP

      MISCELANEOUS MEAN FIELD POTENTIALS
  
   MMFP>      GEO plane  RCM -
   MMFP>          xref 0.0  yref 0.0  zref  @zpos  zdir 1.0 -
   MMFP>          force  100.0   select segid DNPO .and. resi @i end
 Parameter: ZPOS -> "-12"
 Parameter: I -> "31"
 Center of mass constraint
 Plane constraint
 Harmonic constraint, keep inside the maximum radius
 SELRPN>      1 atoms have been selected out of     64
 new constraints applied on    1 atoms
 the total number of constraints is   63
 the total number of atoms affected is   63
  
   MMFP>      END
  
 CHARMM>     
  
 CHARMM>    incr i by 1
 Parameter: I <- "32"
  
 CHARMM>    if i le @NLIPBOT goto do_dn
 Parameter: NLIPBOT -> "32"
 Comparing "32" and "32".
 IF test evaluated as true.  Performing command
  
 CHARMM>     
  
 CHARMM>      label rand_dn
  
 CHARMM>      calc xpos = ?random
 RDCMND substituted energy or value "?RANDOM" to "0.9573862"
Evaluating: 0.9573862
 Parameter: XPOS <- "0.9573862"
  
 CHARMM>      calc ypos = ?random
 RDCMND substituted energy or value "?RANDOM" to "0.82454853"
Evaluating: 0.82454853
 Parameter: YPOS <- "0.82454853"
  
 CHARMM>      calc xpos = @Ainit * ( @xpos - 0.5 )
 Parameter: AINIT -> "70.1256016"
 Parameter: XPOS -> "0.9573862"
Evaluating: 70.1256016*(0.9573862-0.5)
 Parameter: XPOS <- "32.0744824"
  
 CHARMM>      calc ypos = @Binit * ( @ypos - 0.5 )
 Parameter: BINIT -> "70.1256016"
 Parameter: YPOS -> "0.82454853"
Evaluating: 70.1256016*(0.82454853-0.5)
 Parameter: YPOS <- "22.7591609"
  
 CHARMM>     
  
 CHARMM>      set iprot = 1
 Parameter: IPROT <- "1"
  
 CHARMM>      label check_prot_dn
  
 CHARMM>         define XXX sele dnpo .and. iseg @iprot end
 Parameter: IPROT -> "1"
 SELRPN>      0 atoms have been selected out of     64
  
 CHARMM>         if ?nsel .gt. 0 then
 RDCMND substituted energy or value "?NSEL" to "0"
 Comparing "0" and "0".
 IF test evaluated as false.  Skip to ELSE or ENDIF
  
 CHARMM>         incr iprot by 1
 Parameter: IPROT <- "2"
  
 CHARMM>      if iprot .le. @nprot goto check_prot_dn
 Parameter: NPROT -> "0"
 Comparing "2" and "0".
 IF test evaluated as false.  Skipping command
  
 CHARMM>     
  
 CHARMM>      calc zpos = -12.0
Evaluating: -12.0
 Parameter: ZPOS <- "-12"
  
 CHARMM>     
  
 CHARMM>      coor set xdir @xpos  ydir @ypos  zdir @zpos select segid DNPO .and. resid @i end
 Parameter: XPOS -> "32.0744824"
 Parameter: YPOS -> "22.7591609"
 Parameter: ZPOS -> "-12"
 Parameter: I -> "32"
 SELRPN>      1 atoms have been selected out of     64
 SELECTED COORDINATES SET IN THE MAIN SET.

  
 CHARMM>     
  
 CHARMM>      MMFP

      MISCELANEOUS MEAN FIELD POTENTIALS
  
   MMFP>      GEO plane  RCM -
   MMFP>          xref 0.0  yref 0.0  zref  @zpos  zdir 1.0 -
   MMFP>          force  100.0   select segid DNPO .and. resi @i end
 Parameter: ZPOS -> "-12"
 Parameter: I -> "32"
 Center of mass constraint
 Plane constraint
 Harmonic constraint, keep inside the maximum radius
 SELRPN>      1 atoms have been selected out of     64
 new constraints applied on    1 atoms
 the total number of constraints is   64
 the total number of atoms affected is   64
  
   MMFP>      END
  
 CHARMM>     
  
 CHARMM>    incr i by 1
 Parameter: I <- "33"
  
 CHARMM>    if i le @NLIPBOT goto do_dn
 Parameter: NLIPBOT -> "32"
 Comparing "33" and "32".
 IF test evaluated as false.  Skipping command
  
 CHARMM>     
  
 CHARMM>    rename SEGid HEAD sele segid UPPO end
 SELRPN>     32 atoms have been selected out of     64
 SEGMENT 'UPPO    ' IS RENAMED TO 'HEAD    '
  
 CHARMM>    join HEAD DNPO renumber
 SEGMENTS "HEAD    " AND "DNPO    " HAVE BEEN JOINED.
 THE RESIDUE IDENTIFIERS HAVE BEEN RENUMBERED
 PSFSUM> PSF modified: NONBOND lists and IMAGE atoms cleared.
 PSFSUM> Summary of the structure file counters :
         Number of segments      =        1   Number of residues   =       64
         Number of atoms         =       64   Number of groups     =       64
         Number of bonds         =        0   Number of angles     =        0
         Number of dihedrals     =        0   Number of impropers  =        0
         Number of cross-terms   =        0   Number of autogens   =        0
         Number of HB acceptors  =        0   Number of HB donors  =        0
         Number of NB exclusions =        0   Total charge =    0.00000
  
 CHARMM>     
  
 CHARMM>    !------------------------------------------------------------------------------
 CHARMM>    ! Build the Periodic Boundary Conditions and
 CHARMM>    ! Carry out Minimization and Dynamics for Equilibration of Large Spheres
 CHARMM>    ! 6 cycles to reduce the Ainit and Binit back to original A and B
 CHARMM>     
  
 CHARMM>    cons fix sele .not. segid HEAD end
 SELRPN>      0 atoms have been selected out of     64
  
 CHARMM>     
  
 CHARMM>    ! LD simulation steps depend on the number of lipid spheres
 CHARMM>    calc nstep = int ( ( @NLIPTOP + @NLIPBOT ) * 4 / 1000 + 1 ) * 1000
 Parameter: NLIPTOP -> "32"
 Parameter: NLIPBOT -> "32"
Evaluating: INT((32+32)*4/1000+1)*1000
 Parameter: NSTEP <- "1000"
  
 CHARMM>     
  
 CHARMM>    set factor = 1.5
 Parameter: FACTOR <- "1.5"
  
 CHARMM>     
  
 CHARMM>    label do_packing
  
 CHARMM>     
  
 CHARMM>    calc Ainit = @A * @factor
 Parameter: A -> "46.7504011"
 Parameter: FACTOR -> "1.5"
Evaluating: 46.7504011*1.5
 Parameter: AINIT <- "70.1256016"
  
 CHARMM>    calc Binit = @B * @factor
 Parameter: B -> "46.7504011"
 Parameter: FACTOR -> "1.5"
Evaluating: 46.7504011*1.5
 Parameter: BINIT <- "70.1256016"
  
 CHARMM>     
  
 CHARMM>    if factor .ne. 1.5 crystal free
 Comparing "1.5" and "1.5".
 IF test evaluated as false.  Skipping command
  
 CHARMM>    crystal define @xtltype @Ainit @Binit 10000.0 @Alpha @beta @Gamma
 Parameter: XTLTYPE -> "TETRAGONAL"
 Parameter: AINIT -> "70.1256016"
 Parameter: BINIT -> "70.1256016"
 Parameter: ALPHA -> "90.0"
 Parameter: BETA -> "90.0"
 Parameter: GAMMA -> "90.0"
 Crystal Parameters : Crystal Type = TETR
           A     =   70.12560 B    =   70.12560 C     = **********
           Alpha =   90.00000 Beta =   90.00000 Gamma =   90.00000
  
 CHARMM>     
  
 CHARMM>    open read unit 10 card name crystal_image.str
 OPNLGU> Unit already open. The old file will be closed first.
 VCLOSE: Closing unit   10 with status "KEEP"
 VOPEN> Attempting to open::crystal_image.str::
 OPNLGU> Unit 10 opened for READONLY access to crystal_image.str
  
 CHARMM>    crystal read unit 10 card
 CRYSTAL FILE BEING READ FROM UNIT    10
 TITLE> * GENERATED BY CHARMM-GUI (HTTP://WWW.CHARMM-GUI.ORG) V3.7 ON OCT, 25. 2022. JOBID=6672914435
 TITLE> * STREAM FILE FOR CRYSTAL SYMMETRY OPERATION
 TITLE> *
 TITLE>  * GENERATED BY CHARMM-GUI (HTTP://WWW.CHARMM-GUI.ORG) V3.7 ON OCT, 25. 2022. JOB
 TITLE>  * STREAM FILE FOR CRYSTAL SYMMETRY OPERATION
 TITLE>  *
                     THERE ARE NO ROTATIONS FOR THIS TRANSFORMATION SET
    26 Transformations have been processed.

  
 CHARMM>    close unit 10
 VCLOSE: Closing unit   10 with status "KEEP"
  
 CHARMM>     
  
 CHARMM>    image byresid xcen 0.0 ycen 0.0 zcen 0.0 sele segid HEAD end
 SELRPN>     64 atoms have been selected out of     64
 IMAGE CENTERING ON FOR SOME ATOMS
  
 CHARMM>     
  
 CHARMM>    !setup nonbond option (eps=80)
 CHARMM>    nbonds atom switch cdie vdw vfswitch  -
 CHARMM>           ctonnb 20.0 ctofnb 22.0 cutnb 26.0 cutim 26.0 -
 CHARMM>           inbfrq -1 imgfrq -1 wmin 1.0 cdie eps 80.0

 SELECTED IMAGES ATOMS BEING CENTERED ABOUT  0.000000  0.000000  0.000000

 <MKIMAT2>: updating the image atom lists and remapping
 Transformation   Atoms  Groups  Residues  Min-Distance
    1  N1N1N1R1 has       0       0       0     9976.02
    2  N1Z0N1R1 has       0       0       0     9976.00
    3  N1P1N1R1 has       0       0       0     9976.01
    4  Z0N1N1R1 has       0       0       0     9976.00
    5  Z0Z0N1R1 has       0       0       0     9976.00
    6  Z0P1N1R1 has       0       0       0     9976.00
    7  N1N1Z0R1 has       2       2       2        8.88
    8  N1Z0Z0R1 has      17      17      17        3.10
    9  N1P1Z0R1 has       3       3       3       12.34
   10  Z0N1Z0R1 has      17      17      17        2.52
   12  N1N1P1R1 has       0       0       0     9976.00
   13  N1Z0P1R1 has       0       0       0     9976.00
   14  N1P1P1R1 has       0       0       0     9976.01
 Total of  103 atoms and  103 groups and  103 residues were included


 NONBOND OPTION FLAGS: 
     ELEC     VDW      ATOMs    CDIElec  SWITch   VATOm    VFSWIt  
     BYGRoup  NOEXtnd  NOEWald 
 CUTNB  = 26.000 CTEXNB =999.000 CTONNB = 20.000 CTOFNB = 22.000
 CGONNB =  0.000 CGOFNB = 10.000
 WMIN   =  1.000 WRNMXD =  0.500 E14FAC =  1.000 EPS    = 80.000
 NBXMOD =      5
 There are        0 atom  pairs and        0 atom  exclusions.
 There are        0 group pairs and        0 group exclusions.
 <MAKINB> with mode   5 found      0 exclusions and      0 interactions(1-4)
 <MAKGRP> found      0 group exclusions.
 <MAKGRP> found      0 image group exclusions.
 Generating nonbond list with Exclusion mode = 5
 == PRIMARY == SPACE FOR     1985 ATOM PAIRS AND        0 GROUP PAIRS

 General atom nonbond list generation found:
      346 ATOM PAIRS WERE FOUND FOR ATOM LIST
        0 GROUP PAIRS REQUIRED ATOM SEARCHES

 SPACE FOR      410 ATOM PAIRS AND        0 GROUP PAIRS

 Image nonbond list generation found:
      129 ATOM PAIRS WERE FOUND FOR ATOM LIST
        0 ATOM PAIRS WERE FOUND FOR ATOM SELF LIST
        0 GROUP PAIRS REQUIRED ATOM SEARCHES

 **** Warning ****  The following extraneous characters
 were found while command processing in CHARMM
 CDIE
  
 CHARMM>     
  
 CHARMM>    ENERGY

 SELECTED IMAGES ATOMS BEING CENTERED ABOUT  0.000000  0.000000  0.000000

 <MKIMAT2>: updating the image atom lists and remapping
 Transformation   Atoms  Groups  Residues  Min-Distance
    1  N1N1N1R1 has       0       0       0     9976.02
    2  N1Z0N1R1 has       0       0       0     9976.00
    3  N1P1N1R1 has       0       0       0     9976.01
    4  Z0N1N1R1 has       0       0       0     9976.00
    5  Z0Z0N1R1 has       0       0       0     9976.00
    6  Z0P1N1R1 has       0       0       0     9976.00
    7  N1N1Z0R1 has       2       2       2        8.88
    8  N1Z0Z0R1 has      17      17      17        3.10
    9  N1P1Z0R1 has       3       3       3       12.34
   10  Z0N1Z0R1 has      17      17      17        2.52
   12  N1N1P1R1 has       0       0       0     9976.00
   13  N1Z0P1R1 has       0       0       0     9976.00
   14  N1P1P1R1 has       0       0       0     9976.01
 Total of  103 atoms and  103 groups and  103 residues were included

 <MAKGRP> found      0 image group exclusions.

 NONBOND OPTION FLAGS: 
     ELEC     VDW      ATOMs    CDIElec  SWITch   VATOm    VFSWIt  
     BYGRoup  NOEXtnd  NOEWald 
 CUTNB  = 26.000 CTEXNB =999.000 CTONNB = 20.000 CTOFNB = 22.000
 CGONNB =  0.000 CGOFNB = 10.000
 WMIN   =  1.000 WRNMXD =  0.500 E14FAC =  1.000 EPS    = 80.000
 NBXMOD =      5
 There are      346 atom  pairs and        0 atom  exclusions.
 There are        0 group pairs and        0 group exclusions.
 Generating nonbond list with Exclusion mode = 5
 == PRIMARY == SPACE FOR     1985 ATOM PAIRS AND        0 GROUP PAIRS

 General atom nonbond list generation found:
      346 ATOM PAIRS WERE FOUND FOR ATOM LIST
        0 GROUP PAIRS REQUIRED ATOM SEARCHES

 SPACE FOR      410 ATOM PAIRS AND        0 GROUP PAIRS

 Image nonbond list generation found:
      129 ATOM PAIRS WERE FOUND FOR ATOM LIST
        0 ATOM PAIRS WERE FOUND FOR ATOM SELF LIST
        0 GROUP PAIRS REQUIRED ATOM SEARCHES

ENER ENR:  Eval#     ENERgy      Delta-E         GRMS
ENER EXTERN:        VDWaals         ELEC       HBONds          ASP         USER
ENER IMAGES:        IMNBvdw       IMELec       IMHBnd       RXNField    EXTElec
 ----------       ---------    ---------    ---------    ---------    ---------
ENER>        0  0.18493E+14  0.00000E+00  0.28129E+14
ENER EXTERN>    0.18493E+14  0.00000E+00  0.00000E+00  0.00000E+00  0.00000E+00
ENER IMAGES>   1252237.7460       0.0000       0.0000       0.0000       0.0000
 ----------       ---------    ---------    ---------    ---------    ---------
  
 CHARMM>     
  
 CHARMM>    mini sd   nstep 200    nprint 10

 SELECTED IMAGES ATOMS BEING CENTERED ABOUT  0.000000  0.000000  0.000000

 <MKIMAT2>: updating the image atom lists and remapping
 Transformation   Atoms  Groups  Residues  Min-Distance
    1  N1N1N1R1 has       0       0       0     9976.02
    2  N1Z0N1R1 has       0       0       0     9976.00
    3  N1P1N1R1 has       0       0       0     9976.01
    4  Z0N1N1R1 has       0       0       0     9976.00
    5  Z0Z0N1R1 has       0       0       0     9976.00
    6  Z0P1N1R1 has       0       0       0     9976.00
    7  N1N1Z0R1 has       2       2       2        8.88
    8  N1Z0Z0R1 has      17      17      17        3.10
    9  N1P1Z0R1 has       3       3       3       12.34
   10  Z0N1Z0R1 has      17      17      17        2.52
   12  N1N1P1R1 has       0       0       0     9976.00
   13  N1Z0P1R1 has       0       0       0     9976.00
   14  N1P1P1R1 has       0       0       0     9976.01
 Total of  103 atoms and  103 groups and  103 residues were included

 <MAKGRP> found      0 image group exclusions.

 NONBOND OPTION FLAGS: 
     ELEC     VDW      ATOMs    CDIElec  SWITch   VATOm    VFSWIt  
     BYGRoup  NOEXtnd  NOEWald 
 CUTNB  = 26.000 CTEXNB =999.000 CTONNB = 20.000 CTOFNB = 22.000
 CGONNB =  0.000 CGOFNB = 10.000
 WMIN   =  1.000 WRNMXD =  0.500 E14FAC =  1.000 EPS    = 80.000
 NBXMOD =      5
 There are      346 atom  pairs and        0 atom  exclusions.
 There are        0 group pairs and        0 group exclusions.
 Generating nonbond list with Exclusion mode = 5
 == PRIMARY == SPACE FOR     1985 ATOM PAIRS AND        0 GROUP PAIRS

 General atom nonbond list generation found:
      346 ATOM PAIRS WERE FOUND FOR ATOM LIST
        0 GROUP PAIRS REQUIRED ATOM SEARCHES

 SPACE FOR      410 ATOM PAIRS AND        0 GROUP PAIRS

 Image nonbond list generation found:
      129 ATOM PAIRS WERE FOUND FOR ATOM LIST
        0 ATOM PAIRS WERE FOUND FOR ATOM SELF LIST
        0 GROUP PAIRS REQUIRED ATOM SEARCHES



 STEEPD> An energy minimization has been requested.

 NSTEP  =          200   NPRINT =           10
 STEP   =    0.0200000   TOLFUN =    0.0000000
 TOLGRD =    0.0000000   TOLSTP =    0.0000000

MINI MIN: Cycle      ENERgy      Delta-E         GRMS    Step-size
MINI EXTERN:        VDWaals         ELEC       HBONds          ASP         USER
MINI IMAGES:        IMNBvdw       IMELec       IMHBnd       RXNField    EXTElec
 ----------       ---------    ---------    ---------    ---------    ---------
MINI>        0  0.18493E+14  0.00000E+00  0.28129E+14  0.20000E-01
MINI EXTERN>    0.18493E+14  0.00000E+00  0.00000E+00  0.00000E+00  0.00000E+00
MINI IMAGES>   1252237.7460       0.0000       0.0000       0.0000       0.0000
 ----------       ---------    ---------    ---------    ---------    ---------
MINI>       10  0.10045E+08  0.18493E+14  0.10389E+07  0.51598E-01
MINI EXTERN>   9237585.6029       0.0000       0.0000       0.0000       0.0000
MINI IMAGES>   807574.22858      0.00000      0.00000      0.00000      0.00000
 ----------       ---------    ---------    ---------    ---------    ---------
 UPDECI: Image update at step        13

 <MKIMAT2>: updating the image atom lists and remapping
 Transformation   Atoms  Groups  Residues  Min-Distance
    1  N1N1N1R1 has       0       0       0     9976.02
    2  N1Z0N1R1 has       0       0       0     9976.00
    3  N1P1N1R1 has       0       0       0     9976.01
    4  Z0N1N1R1 has       0       0       0     9976.00
    5  Z0Z0N1R1 has       0       0       0     9976.00
    6  Z0P1N1R1 has       0       0       0     9976.00
    7  N1N1Z0R1 has       3       3       3        9.26
    8  N1Z0Z0R1 has      16      16      16        3.32
    9  N1P1Z0R1 has       3       3       3       12.85
   10  Z0N1Z0R1 has      17      17      17        2.30
   12  N1N1P1R1 has       0       0       0     9976.00
   13  N1Z0P1R1 has       0       0       0     9976.00
   14  N1P1P1R1 has       0       0       0     9976.01
 Total of  103 atoms and  103 groups and  103 residues were included

 <MAKGRP> found      0 image group exclusions.
 UPDECI: Nonbond update at step        13
 Generating nonbond list with Exclusion mode = 5
 == PRIMARY == SPACE FOR     1985 ATOM PAIRS AND        0 GROUP PAIRS

 General atom nonbond list generation found:
      344 ATOM PAIRS WERE FOUND FOR ATOM LIST
        0 GROUP PAIRS REQUIRED ATOM SEARCHES

 SPACE FOR      410 ATOM PAIRS AND        0 GROUP PAIRS

 Image nonbond list generation found:
      131 ATOM PAIRS WERE FOUND FOR ATOM LIST
        0 ATOM PAIRS WERE FOUND FOR ATOM SELF LIST
        0 GROUP PAIRS REQUIRED ATOM SEARCHES

 UPDECI: Image update at step        18

 <MKIMAT2>: updating the image atom lists and remapping
 Transformation   Atoms  Groups  Residues  Min-Distance
    1  N1N1N1R1 has       0       0       0     9976.02
    2  N1Z0N1R1 has       0       0       0     9976.00
    3  N1P1N1R1 has       0       0       0     9976.01
    4  Z0N1N1R1 has       0       0       0     9976.00
    5  Z0Z0N1R1 has       0       0       0     9976.00
    6  Z0P1N1R1 has       0       0       0     9976.00
    7  N1N1Z0R1 has       4       4       4       10.24
    8  N1Z0Z0R1 has      16      16      16        3.60
    9  N1P1Z0R1 has       3       3       3       13.18
   10  Z0N1Z0R1 has      17      17      17        2.31
   12  N1N1P1R1 has       0       0       0     9976.01
   13  N1Z0P1R1 has       0       0       0     9976.00
   14  N1P1P1R1 has       0       0       0     9976.01
 Total of  104 atoms and  104 groups and  104 residues were included

 <MAKGRP> found      0 image group exclusions.
 UPDECI: Nonbond update at step        18
 Generating nonbond list with Exclusion mode = 5
 == PRIMARY == SPACE FOR     1985 ATOM PAIRS AND        0 GROUP PAIRS

 General atom nonbond list generation found:
      350 ATOM PAIRS WERE FOUND FOR ATOM LIST
        0 GROUP PAIRS REQUIRED ATOM SEARCHES

 SPACE FOR      410 ATOM PAIRS AND        0 GROUP PAIRS

 Image nonbond list generation found:
      132 ATOM PAIRS WERE FOUND FOR ATOM LIST
        0 ATOM PAIRS WERE FOUND FOR ATOM SELF LIST
        0 GROUP PAIRS REQUIRED ATOM SEARCHES

MINI>       20     7265.758 10037894.074      293.777        0.133
MINI EXTERN>     6458.93347      0.00000      0.00000      0.00000      0.00000
MINI IMAGES>      806.82440      0.00000      0.00000      0.00000      0.00000
 ----------       ---------    ---------    ---------    ---------    ---------
 UPDECI: Image update at step        21

 <MKIMAT2>: updating the image atom lists and remapping
 Transformation   Atoms  Groups  Residues  Min-Distance
    1  N1N1N1R1 has       0       0       0     9976.02
    2  N1Z0N1R1 has       0       0       0     9976.00
    3  N1P1N1R1 has       0       0       0     9976.01
    4  Z0N1N1R1 has       0       0       0     9976.00
    5  Z0Z0N1R1 has       0       0       0     9976.00
    6  Z0P1N1R1 has       0       0       0     9976.00
    7  N1N1Z0R1 has       4       4       4       10.55
    8  N1Z0Z0R1 has      16      16      16        3.62
    9  N1P1Z0R1 has       3       3       3       13.15
   10  Z0N1Z0R1 has      17      17      17        2.56
   12  N1N1P1R1 has       0       0       0     9976.01
   13  N1Z0P1R1 has       0       0       0     9976.00
   14  N1P1P1R1 has       0       0       0     9976.01
 Total of  104 atoms and  104 groups and  104 residues were included

 <MAKGRP> found      0 image group exclusions.
 UPDECI: Nonbond update at step        21
 Generating nonbond list with Exclusion mode = 5
 == PRIMARY == SPACE FOR     1985 ATOM PAIRS AND        0 GROUP PAIRS

 General atom nonbond list generation found:
      348 ATOM PAIRS WERE FOUND FOR ATOM LIST
        0 GROUP PAIRS REQUIRED ATOM SEARCHES

 SPACE FOR      410 ATOM PAIRS AND        0 GROUP PAIRS

 Image nonbond list generation found:
      132 ATOM PAIRS WERE FOUND FOR ATOM LIST
        0 ATOM PAIRS WERE FOUND FOR ATOM SELF LIST
        0 GROUP PAIRS REQUIRED ATOM SEARCHES

 UPDECI: Image update at step        24

 <MKIMAT2>: updating the image atom lists and remapping
 Transformation   Atoms  Groups  Residues  Min-Distance
    1  N1N1N1R1 has       0       0       0     9976.02
    2  N1Z0N1R1 has       0       0       0     9976.00
    3  N1P1N1R1 has       0       0       0     9976.01
    4  Z0N1N1R1 has       0       0       0     9976.00
    5  Z0Z0N1R1 has       0       0       0     9976.00
    6  Z0P1N1R1 has       0       0       0     9976.00
    7  N1N1Z0R1 has       5       5       5       10.20
    8  N1Z0Z0R1 has      16      16      16        2.41
    9  N1P1Z0R1 has       2       2       2       12.04
   10  Z0N1Z0R1 has      17      17      17        2.77
   12  N1N1P1R1 has       0       0       0     9976.01
   13  N1Z0P1R1 has       0       0       0     9976.00
   14  N1P1P1R1 has       0       0       0     9976.01
 Total of  104 atoms and  104 groups and  104 residues were included

 <MAKGRP> found      0 image group exclusions.
 UPDECI: Nonbond update at step        24
 Generating nonbond list with Exclusion mode = 5
 == PRIMARY == SPACE FOR     1985 ATOM PAIRS AND        0 GROUP PAIRS

 General atom nonbond list generation found:
      356 ATOM PAIRS WERE FOUND FOR ATOM LIST
        0 GROUP PAIRS REQUIRED ATOM SEARCHES

 SPACE FOR      410 ATOM PAIRS AND        0 GROUP PAIRS

 Image nonbond list generation found:
      131 ATOM PAIRS WERE FOUND FOR ATOM LIST
        0 ATOM PAIRS WERE FOUND FOR ATOM SELF LIST
        0 GROUP PAIRS REQUIRED ATOM SEARCHES

 UPDECI: Image update at step        28

 <MKIMAT2>: updating the image atom lists and remapping
 Transformation   Atoms  Groups  Residues  Min-Distance
    1  N1N1N1R1 has       0       0       0     9976.02
    2  N1Z0N1R1 has       0       0       0     9976.00
    3  N1P1N1R1 has       0       0       0     9976.01
    4  Z0N1N1R1 has       0       0       0     9976.00
    5  Z0Z0N1R1 has       0       0       0     9976.00
    6  Z0P1N1R1 has       0       0       0     9976.00
    7  N1N1Z0R1 has       5       5       5        9.53
    8  N1Z0Z0R1 has      17      17      17        0.72
    9  N1P1Z0R1 has       2       2       2       10.17
   10  Z0N1Z0R1 has      17      17      17        1.81
   12  N1N1P1R1 has       0       0       0     9976.00
   13  N1Z0P1R1 has       0       0       0     9976.00
   14  N1P1P1R1 has       0       0       0     9976.01
 Total of  105 atoms and  105 groups and  105 residues were included

 <MAKGRP> found      0 image group exclusions.
 UPDECI: Nonbond update at step        28
 Generating nonbond list with Exclusion mode = 5
 == PRIMARY == SPACE FOR     1985 ATOM PAIRS AND        0 GROUP PAIRS

 General atom nonbond list generation found:
      353 ATOM PAIRS WERE FOUND FOR ATOM LIST
        0 GROUP PAIRS REQUIRED ATOM SEARCHES

 SPACE FOR      410 ATOM PAIRS AND        0 GROUP PAIRS

 Image nonbond list generation found:
      132 ATOM PAIRS WERE FOUND FOR ATOM LIST
        0 ATOM PAIRS WERE FOUND FOR ATOM SELF LIST
        0 GROUP PAIRS REQUIRED ATOM SEARCHES

 UPDECI: Image update at step        30

 <MKIMAT2>: updating the image atom lists and remapping
 Transformation   Atoms  Groups  Residues  Min-Distance
    1  N1N1N1R1 has       0       0       0     9976.02
    2  N1Z0N1R1 has       0       0       0     9976.00
    3  N1P1N1R1 has       0       0       0     9976.01
    4  Z0N1N1R1 has       0       0       0     9976.00
    5  Z0Z0N1R1 has       0       0       0     9976.00
    6  Z0P1N1R1 has       0       0       0     9976.00
    7  N1N1Z0R1 has       5       5       5        9.49
    8  N1Z0Z0R1 has      17      17      17        0.32
    9  N1P1Z0R1 has       2       2       2       10.11
   10  Z0N1Z0R1 has      17      17      17        1.76
   12  N1N1P1R1 has       0       0       0     9976.00
   13  N1Z0P1R1 has       0       0       0     9976.00
   14  N1P1P1R1 has       0       0       0     9976.01
 Total of  105 atoms and  105 groups and  105 residues were included

 <MAKGRP> found      0 image group exclusions.
 UPDECI: Nonbond update at step        30
 Generating nonbond list with Exclusion mode = 5
 == PRIMARY == SPACE FOR     1985 ATOM PAIRS AND        0 GROUP PAIRS

 General atom nonbond list generation found:
      354 ATOM PAIRS WERE FOUND FOR ATOM LIST
        0 GROUP PAIRS REQUIRED ATOM SEARCHES

 SPACE FOR      410 ATOM PAIRS AND        0 GROUP PAIRS

 Image nonbond list generation found:
      130 ATOM PAIRS WERE FOUND FOR ATOM LIST
        0 ATOM PAIRS WERE FOUND FOR ATOM SELF LIST
        0 GROUP PAIRS REQUIRED ATOM SEARCHES

MINI>       30    144.33589   7121.42198     21.80663      0.34343
MINI EXTERN>      147.07926      0.00000      0.00000      0.00000      0.00000
MINI IMAGES>       -2.74337      0.00000      0.00000      0.00000      0.00000
 ----------       ---------    ---------    ---------    ---------    ---------
 UPDECI: Image update at step        32

 <MKIMAT2>: updating the image atom lists and remapping
 Transformation   Atoms  Groups  Residues  Min-Distance
    1  N1N1N1R1 has       0       0       0     9976.02
    2  N1Z0N1R1 has       0       0       0     9976.00
    3  N1P1N1R1 has       0       0       0     9976.01
    4  Z0N1N1R1 has       0       0       0     9976.00
    5  Z0Z0N1R1 has       0       0       0     9976.00
    6  Z0P1N1R1 has       0       0       0     9976.00
    7  N1N1Z0R1 has       5       5       5        9.51
    8  N1Z0Z0R1 has      17      17      17        0.29
    9  N1P1Z0R1 has       2       2       2       10.23
   10  Z0N1Z0R1 has      17      17      17        1.83
   12  N1N1P1R1 has       0       0       0     9976.00
   13  N1Z0P1R1 has       0       0       0     9976.00
   14  N1P1P1R1 has       0       0       0     9976.01
 Total of  105 atoms and  105 groups and  105 residues were included

 <MAKGRP> found      0 image group exclusions.
 UPDECI: Nonbond update at step        32
 Generating nonbond list with Exclusion mode = 5
 == PRIMARY == SPACE FOR     1985 ATOM PAIRS AND        0 GROUP PAIRS

 General atom nonbond list generation found:
      351 ATOM PAIRS WERE FOUND FOR ATOM LIST
        0 GROUP PAIRS REQUIRED ATOM SEARCHES

 SPACE FOR      410 ATOM PAIRS AND        0 GROUP PAIRS

 Image nonbond list generation found:
      129 ATOM PAIRS WERE FOUND FOR ATOM LIST
        0 ATOM PAIRS WERE FOUND FOR ATOM SELF LIST
        0 GROUP PAIRS REQUIRED ATOM SEARCHES

 UPDECI: Image update at step        35

 <MKIMAT2>: updating the image atom lists and remapping
 Transformation   Atoms  Groups  Residues  Min-Distance
    1  N1N1N1R1 has       0       0       0     9976.02
    2  N1Z0N1R1 has       0       0       0     9976.00
    3  N1P1N1R1 has       0       0       0     9976.01
    4  Z0N1N1R1 has       0       0       0     9976.00
    5  Z0Z0N1R1 has       0       0       0     9976.00
    6  Z0P1N1R1 has       0       0       0     9976.00
    7  N1N1Z0R1 has       5       5       5        9.56
    8  N1Z0Z0R1 has      17      17      17        0.21
    9  N1P1Z0R1 has       2       2       2       10.34
   10  Z0N1Z0R1 has      17      17      17        1.78
   12  N1N1P1R1 has       0       0       0     9976.00
   13  N1Z0P1R1 has       0       0       0     9976.00
   14  N1P1P1R1 has       0       0       0     9976.01
 Total of  105 atoms and  105 groups and  105 residues were included

 <MAKGRP> found      0 image group exclusions.
 UPDECI: Nonbond update at step        35
 Generating nonbond list with Exclusion mode = 5
 == PRIMARY == SPACE FOR     1985 ATOM PAIRS AND        0 GROUP PAIRS

 General atom nonbond list generation found:
      355 ATOM PAIRS WERE FOUND FOR ATOM LIST
        0 GROUP PAIRS REQUIRED ATOM SEARCHES

 SPACE FOR      410 ATOM PAIRS AND        0 GROUP PAIRS

 Image nonbond list generation found:
      129 ATOM PAIRS WERE FOUND FOR ATOM LIST
        0 ATOM PAIRS WERE FOUND FOR ATOM SELF LIST
        0 GROUP PAIRS REQUIRED ATOM SEARCHES

 UPDECI: Image update at step        38

 <MKIMAT2>: updating the image atom lists and remapping
 Transformation   Atoms  Groups  Residues  Min-Distance
    1  N1N1N1R1 has       0       0       0     9976.02
    2  N1Z0N1R1 has       0       0       0     9976.00
    3  N1P1N1R1 has       0       0       0     9976.01
    4  Z0N1N1R1 has       0       0       0     9976.00
    5  Z0Z0N1R1 has       0       0       0     9976.00
    6  Z0P1N1R1 has       0       0       0     9976.00
    7  N1N1Z0R1 has       5       5       5        9.72
    8  N1Z0Z0R1 has      17      17      17        0.19
    9  N1P1Z0R1 has       2       2       2       10.29
   10  Z0N1Z0R1 has      18      18      18        1.17
   12  N1N1P1R1 has       0       0       0     9976.00
   13  N1Z0P1R1 has       0       0       0     9976.00
   14  N1P1P1R1 has       0       0       0     9976.01
 Total of  106 atoms and  106 groups and  106 residues were included

 <MAKGRP> found      0 image group exclusions.
 UPDECI: Nonbond update at step        38
 Generating nonbond list with Exclusion mode = 5
 == PRIMARY == SPACE FOR     1985 ATOM PAIRS AND        0 GROUP PAIRS

 General atom nonbond list generation found:
      355 ATOM PAIRS WERE FOUND FOR ATOM LIST
        0 GROUP PAIRS REQUIRED ATOM SEARCHES

 SPACE FOR      410 ATOM PAIRS AND        0 GROUP PAIRS

 Image nonbond list generation found:
      126 ATOM PAIRS WERE FOUND FOR ATOM LIST
        0 ATOM PAIRS WERE FOUND FOR ATOM SELF LIST
        0 GROUP PAIRS REQUIRED ATOM SEARCHES

 UPDECI: Image update at step        39

 <MKIMAT2>: updating the image atom lists and remapping
 Transformation   Atoms  Groups  Residues  Min-Distance
    1  N1N1N1R1 has       0       0       0     9976.02
    2  N1Z0N1R1 has       0       0       0     9976.00
    3  N1P1N1R1 has       0       0       0     9976.01
    4  Z0N1N1R1 has       0       0       0     9976.00
    5  Z0Z0N1R1 has       0       0       0     9976.00
    6  Z0P1N1R1 has       0       0       0     9976.00
    7  N1N1Z0R1 has       5       5       5        9.80
    8  N1Z0Z0R1 has      17      17      17        0.20
    9  N1P1Z0R1 has       2       2       2       10.64
   10  Z0N1Z0R1 has      17      17      17        1.67
   12  N1N1P1R1 has       0       0       0     9976.00
   13  N1Z0P1R1 has       0       0       0     9976.00
   14  N1P1P1R1 has       0       0       0     9976.01
 Total of  105 atoms and  105 groups and  105 residues were included

 <MAKGRP> found      0 image group exclusions.
 UPDECI: Nonbond update at step        39
 Generating nonbond list with Exclusion mode = 5
 == PRIMARY == SPACE FOR     1985 ATOM PAIRS AND        0 GROUP PAIRS

 General atom nonbond list generation found:
      354 ATOM PAIRS WERE FOUND FOR ATOM LIST
        0 GROUP PAIRS REQUIRED ATOM SEARCHES

 SPACE FOR      410 ATOM PAIRS AND        0 GROUP PAIRS

 Image nonbond list generation found:
      123 ATOM PAIRS WERE FOUND FOR ATOM LIST
        0 ATOM PAIRS WERE FOUND FOR ATOM SELF LIST
        0 GROUP PAIRS REQUIRED ATOM SEARCHES

 UPDECI: Image update at step        40

 <MKIMAT2>: updating the image atom lists and remapping
 Transformation   Atoms  Groups  Residues  Min-Distance
    1  N1N1N1R1 has       0       0       0     9976.02
    2  N1Z0N1R1 has       0       0       0     9976.00
    3  N1P1N1R1 has       0       0       0     9976.00
    4  Z0N1N1R1 has       0       0       0     9976.00
    5  Z0Z0N1R1 has       0       0       0     9976.00
    6  Z0P1N1R1 has       0       0       0     9976.00
    7  N1N1Z0R1 has       5       5       5        9.90
    8  N1Z0Z0R1 has      17      17      17        0.22
    9  N1P1Z0R1 has       2       2       2        9.67
   10  Z0N1Z0R1 has      18      18      18        0.00
   12  N1N1P1R1 has       0       0       0     9976.00
   13  N1Z0P1R1 has       0       0       0     9976.00
   14  N1P1P1R1 has       0       0       0     9976.01
 Total of  106 atoms and  106 groups and  106 residues were included

 <MAKGRP> found      0 image group exclusions.
 UPDECI: Nonbond update at step        40
 Generating nonbond list with Exclusion mode = 5
 == PRIMARY == SPACE FOR     1985 ATOM PAIRS AND        0 GROUP PAIRS

 General atom nonbond list generation found:
      358 ATOM PAIRS WERE FOUND FOR ATOM LIST
        0 GROUP PAIRS REQUIRED ATOM SEARCHES

 SPACE FOR      410 ATOM PAIRS AND        0 GROUP PAIRS

 Image nonbond list generation found:
      124 ATOM PAIRS WERE FOUND FOR ATOM LIST
        0 ATOM PAIRS WERE FOUND FOR ATOM SELF LIST
        0 GROUP PAIRS REQUIRED ATOM SEARCHES

MINI>       40    -15.09749    159.43337      3.44248      0.36917
MINI EXTERN>      -21.40492      0.00000      0.00000      0.00000      0.00000
MINI IMAGES>        6.30744      0.00000      0.00000      0.00000      0.00000
 ----------       ---------    ---------    ---------    ---------    ---------
 UPDECI: Image update at step        43

 <MKIMAT2>: updating the image atom lists and remapping
 Transformation   Atoms  Groups  Residues  Min-Distance
    1  N1N1N1R1 has       0       0       0     9976.01
    2  N1Z0N1R1 has       0       0       0     9976.00
    3  N1P1N1R1 has       0       0       0     9976.01
    4  Z0N1N1R1 has       0       0       0     9976.00
    5  Z0Z0N1R1 has       0       0       0     9976.00
    6  Z0P1N1R1 has       0       0       0     9976.00
    7  N1N1Z0R1 has       5       5       5       10.20
    8  N1Z0Z0R1 has      17      17      17        0.22
    9  N1P1Z0R1 has       2       2       2       10.75
   10  Z0N1Z0R1 has      16      16      16        1.29
   12  N1N1P1R1 has       0       0       0     9976.01
   13  N1Z0P1R1 has       0       0       0     9976.00
   14  N1P1P1R1 has       0       0       0     9976.01
 Total of  104 atoms and  104 groups and  104 residues were included

 <MAKGRP> found      0 image group exclusions.
 UPDECI: Nonbond update at step        43
 Generating nonbond list with Exclusion mode = 5
 == PRIMARY == SPACE FOR     1985 ATOM PAIRS AND        0 GROUP PAIRS

 General atom nonbond list generation found:
      358 ATOM PAIRS WERE FOUND FOR ATOM LIST
        0 GROUP PAIRS REQUIRED ATOM SEARCHES

 SPACE FOR      410 ATOM PAIRS AND        0 GROUP PAIRS

 Image nonbond list generation found:
      118 ATOM PAIRS WERE FOUND FOR ATOM LIST
        0 ATOM PAIRS WERE FOUND FOR ATOM SELF LIST
        0 GROUP PAIRS REQUIRED ATOM SEARCHES

MINI>       50    -57.17830     42.08081      0.13877      0.16535
MINI EXTERN>      -47.44533      0.00000      0.00000      0.00000      0.00000
MINI IMAGES>       -9.73297      0.00000      0.00000      0.00000      0.00000
 ----------       ---------    ---------    ---------    ---------    ---------
 UPDECI: Image update at step        56

 <MKIMAT2>: updating the image atom lists and remapping
 Transformation   Atoms  Groups  Residues  Min-Distance
    1  N1N1N1R1 has       0       0       0     9976.01
    2  N1Z0N1R1 has       0       0       0     9976.00
    3  N1P1N1R1 has       0       0       0     9976.01
    4  Z0N1N1R1 has       0       0       0     9976.00
    5  Z0Z0N1R1 has       0       0       0     9976.00
    6  Z0P1N1R1 has       0       0       0     9976.00
    7  N1N1Z0R1 has       5       5       5       10.98
    8  N1Z0Z0R1 has      18      18      18        0.13
    9  N1P1Z0R1 has       2       2       2       11.24
   10  Z0N1Z0R1 has      16      16      16        1.54
   12  N1N1P1R1 has       0       0       0     9976.01
   13  N1Z0P1R1 has       0       0       0     9976.00
   14  N1P1P1R1 has       0       0       0     9976.01
 Total of  105 atoms and  105 groups and  105 residues were included

 <MAKGRP> found      0 image group exclusions.
 UPDECI: Nonbond update at step        56
 Generating nonbond list with Exclusion mode = 5
 == PRIMARY == SPACE FOR     1985 ATOM PAIRS AND        0 GROUP PAIRS

 General atom nonbond list generation found:
      348 ATOM PAIRS WERE FOUND FOR ATOM LIST
        0 GROUP PAIRS REQUIRED ATOM SEARCHES

 SPACE FOR      410 ATOM PAIRS AND        0 GROUP PAIRS

 Image nonbond list generation found:
      115 ATOM PAIRS WERE FOUND FOR ATOM LIST
        0 ATOM PAIRS WERE FOUND FOR ATOM SELF LIST
        0 GROUP PAIRS REQUIRED ATOM SEARCHES

MINI>       60    -60.41063      3.23233      0.04115      0.07406
MINI EXTERN>      -50.39290      0.00000      0.00000      0.00000      0.00000
MINI IMAGES>      -10.01773      0.00000      0.00000      0.00000      0.00000
 ----------       ---------    ---------    ---------    ---------    ---------
 UPDECI: Image update at step        65

 <MKIMAT2>: updating the image atom lists and remapping
 Transformation   Atoms  Groups  Residues  Min-Distance
    1  N1N1N1R1 has       0       0       0     9976.01
    2  N1Z0N1R1 has       0       0       0     9976.00
    3  N1P1N1R1 has       0       0       0     9976.01
    4  Z0N1N1R1 has       0       0       0     9976.00
    5  Z0Z0N1R1 has       0       0       0     9976.00
    6  Z0P1N1R1 has       0       0       0     9976.00
    7  N1N1Z0R1 has       5       5       5       11.84
    8  N1Z0Z0R1 has      18      18      18        0.36
    9  N1P1Z0R1 has       2       2       2       11.47
   10  Z0N1Z0R1 has      16      16      16        1.90
   12  N1N1P1R1 has       0       0       0     9976.01
   13  N1Z0P1R1 has       0       0       0     9976.00
   14  N1P1P1R1 has       0       0       0     9976.01
 Total of  105 atoms and  105 groups and  105 residues were included

 <MAKGRP> found      0 image group exclusions.
 UPDECI: Nonbond update at step        65
 Generating nonbond list with Exclusion mode = 5
 == PRIMARY == SPACE FOR     1985 ATOM PAIRS AND        0 GROUP PAIRS

 General atom nonbond list generation found:
      348 ATOM PAIRS WERE FOUND FOR ATOM LIST
        0 GROUP PAIRS REQUIRED ATOM SEARCHES

 SPACE FOR      410 ATOM PAIRS AND        0 GROUP PAIRS

 Image nonbond list generation found:
      117 ATOM PAIRS WERE FOUND FOR ATOM LIST
        0 ATOM PAIRS WERE FOUND FOR ATOM SELF LIST
        0 GROUP PAIRS REQUIRED ATOM SEARCHES

MINI>       70    -62.32441      1.91377      0.05912      0.07961
MINI EXTERN>      -52.05021      0.00000      0.00000      0.00000      0.00000
MINI IMAGES>      -10.27419      0.00000      0.00000      0.00000      0.00000
 ----------       ---------    ---------    ---------    ---------    ---------
 UPDECI: Image update at step        76

 <MKIMAT2>: updating the image atom lists and remapping
 Transformation   Atoms  Groups  Residues  Min-Distance
    1  N1N1N1R1 has       0       0       0     9976.01
    2  N1Z0N1R1 has       0       0       0     9976.00
    3  N1P1N1R1 has       0       0       0     9976.01
    4  Z0N1N1R1 has       0       0       0     9976.00
    5  Z0Z0N1R1 has       0       0       0     9976.00
    6  Z0P1N1R1 has       0       0       0     9976.00
    7  N1N1Z0R1 has       5       5       5       12.41
    8  N1Z0Z0R1 has      16      16      16        0.41
    9  N1P1Z0R1 has       2       2       2       11.40
   10  Z0N1Z0R1 has      16      16      16        2.40
   12  N1N1P1R1 has       0       0       0     9976.01
   13  N1Z0P1R1 has       0       0       0     9976.00
   14  N1P1P1R1 has       0       0       0     9976.01
 Total of  103 atoms and  103 groups and  103 residues were included

 <MAKGRP> found      0 image group exclusions.
 UPDECI: Nonbond update at step        76
 Generating nonbond list with Exclusion mode = 5
 == PRIMARY == SPACE FOR     1985 ATOM PAIRS AND        0 GROUP PAIRS

 General atom nonbond list generation found:
      349 ATOM PAIRS WERE FOUND FOR ATOM LIST
        0 GROUP PAIRS REQUIRED ATOM SEARCHES

 SPACE FOR      410 ATOM PAIRS AND        0 GROUP PAIRS

 Image nonbond list generation found:
      116 ATOM PAIRS WERE FOUND FOR ATOM LIST
        0 ATOM PAIRS WERE FOUND FOR ATOM SELF LIST
        0 GROUP PAIRS REQUIRED ATOM SEARCHES

MINI>       80    -63.52347      1.19907      0.07816      0.08558
MINI EXTERN>      -53.25322      0.00000      0.00000      0.00000      0.00000
MINI IMAGES>      -10.27025      0.00000      0.00000      0.00000      0.00000
 ----------       ---------    ---------    ---------    ---------    ---------
 UPDECI: Image update at step        90

 <MKIMAT2>: updating the image atom lists and remapping
 Transformation   Atoms  Groups  Residues  Min-Distance
    1  N1N1N1R1 has       0       0       0     9976.01
    2  N1Z0N1R1 has       0       0       0     9976.00
    3  N1P1N1R1 has       0       0       0     9976.01
    4  Z0N1N1R1 has       0       0       0     9976.00
    5  Z0Z0N1R1 has       0       0       0     9976.00
    6  Z0P1N1R1 has       0       0       0     9976.00
    7  N1N1Z0R1 has       5       5       5       12.47
    8  N1Z0Z0R1 has      16      16      16        0.62
    9  N1P1Z0R1 has       2       2       2       11.24
   10  Z0N1Z0R1 has      16      16      16        2.43
   12  N1N1P1R1 has       0       0       0     9976.01
   13  N1Z0P1R1 has       0       0       0     9976.00
   14  N1P1P1R1 has       0       0       0     9976.01
 Total of  103 atoms and  103 groups and  103 residues were included

 <MAKGRP> found      0 image group exclusions.
 UPDECI: Nonbond update at step        90
 Generating nonbond list with Exclusion mode = 5
 == PRIMARY == SPACE FOR     1985 ATOM PAIRS AND        0 GROUP PAIRS

 General atom nonbond list generation found:
      350 ATOM PAIRS WERE FOUND FOR ATOM LIST
        0 GROUP PAIRS REQUIRED ATOM SEARCHES

 SPACE FOR      410 ATOM PAIRS AND        0 GROUP PAIRS

 Image nonbond list generation found:
      117 ATOM PAIRS WERE FOUND FOR ATOM LIST
        0 ATOM PAIRS WERE FOUND FOR ATOM SELF LIST
        0 GROUP PAIRS REQUIRED ATOM SEARCHES

MINI>       90    -64.60696      1.08348      0.05569      0.03833
MINI EXTERN>      -54.23022      0.00000      0.00000      0.00000      0.00000
MINI IMAGES>      -10.37674      0.00000      0.00000      0.00000      0.00000
 ----------       ---------    ---------    ---------    ---------    ---------
MINI>      100    -65.12070      0.51374      0.05757      0.04120
MINI EXTERN>      -54.64245      0.00000      0.00000      0.00000      0.00000
MINI IMAGES>      -10.47824      0.00000      0.00000      0.00000      0.00000
 ----------       ---------    ---------    ---------    ---------    ---------
 UPDECI: Image update at step       108

 <MKIMAT2>: updating the image atom lists and remapping
 Transformation   Atoms  Groups  Residues  Min-Distance
    1  N1N1N1R1 has       0       0       0     9976.01
    2  N1Z0N1R1 has       0       0       0     9976.00
    3  N1P1N1R1 has       0       0       0     9976.01
    4  Z0N1N1R1 has       0       0       0     9976.00
    5  Z0Z0N1R1 has       0       0       0     9976.00
    6  Z0P1N1R1 has       0       0       0     9976.00
    7  N1N1Z0R1 has       5       5       5       12.09
    8  N1Z0Z0R1 has      15      15      15        0.86
    9  N1P1Z0R1 has       2       2       2       11.04
   10  Z0N1Z0R1 has      16      16      16        2.45
   12  N1N1P1R1 has       0       0       0     9976.01
   13  N1Z0P1R1 has       0       0       0     9976.00
   14  N1P1P1R1 has       0       0       0     9976.01
 Total of  102 atoms and  102 groups and  102 residues were included

 <MAKGRP> found      0 image group exclusions.
 UPDECI: Nonbond update at step       108
 Generating nonbond list with Exclusion mode = 5
 == PRIMARY == SPACE FOR     1985 ATOM PAIRS AND        0 GROUP PAIRS

 General atom nonbond list generation found:
      353 ATOM PAIRS WERE FOUND FOR ATOM LIST
        0 GROUP PAIRS REQUIRED ATOM SEARCHES

 SPACE FOR      410 ATOM PAIRS AND        0 GROUP PAIRS

 Image nonbond list generation found:
      119 ATOM PAIRS WERE FOUND FOR ATOM LIST
        0 ATOM PAIRS WERE FOUND FOR ATOM SELF LIST
        0 GROUP PAIRS REQUIRED ATOM SEARCHES

MINI>      110    -65.72385      0.60315      0.01778      0.01845
MINI EXTERN>      -55.12732      0.00000      0.00000      0.00000      0.00000
MINI IMAGES>      -10.59652      0.00000      0.00000      0.00000      0.00000
 ----------       ---------    ---------    ---------    ---------    ---------
MINI>      120    -66.22726      0.50341      0.01748      0.01984
MINI EXTERN>      -55.46025      0.00000      0.00000      0.00000      0.00000
MINI IMAGES>      -10.76701      0.00000      0.00000      0.00000      0.00000
 ----------       ---------    ---------    ---------    ---------    ---------
MINI>      130    -66.57956      0.35230      0.06972      0.05118
MINI EXTERN>      -55.58075      0.00000      0.00000      0.00000      0.00000
MINI IMAGES>      -10.99881      0.00000      0.00000      0.00000      0.00000
 ----------       ---------    ---------    ---------    ---------    ---------
 UPDECI: Image update at step       133

 <MKIMAT2>: updating the image atom lists and remapping
 Transformation   Atoms  Groups  Residues  Min-Distance
    1  N1N1N1R1 has       0       0       0     9976.01
    2  N1Z0N1R1 has       0       0       0     9976.00
    3  N1P1N1R1 has       0       0       0     9976.01
    4  Z0N1N1R1 has       0       0       0     9976.00
    5  Z0Z0N1R1 has       0       0       0     9976.00
    6  Z0P1N1R1 has       0       0       0     9976.00
    7  N1N1Z0R1 has       5       5       5       10.99
    8  N1Z0Z0R1 has      15      15      15        1.53
    9  N1P1Z0R1 has       2       2       2       10.59
   10  Z0N1Z0R1 has      17      17      17        2.03
   12  N1N1P1R1 has       0       0       0     9976.01
   13  N1Z0P1R1 has       0       0       0     9976.00
   14  N1P1P1R1 has       0       0       0     9976.01
 Total of  103 atoms and  103 groups and  103 residues were included

 <MAKGRP> found      0 image group exclusions.
 UPDECI: Nonbond update at step       133
 Generating nonbond list with Exclusion mode = 5
 == PRIMARY == SPACE FOR     1985 ATOM PAIRS AND        0 GROUP PAIRS

 General atom nonbond list generation found:
      350 ATOM PAIRS WERE FOUND FOR ATOM LIST
        0 GROUP PAIRS REQUIRED ATOM SEARCHES

 SPACE FOR      410 ATOM PAIRS AND        0 GROUP PAIRS

 Image nonbond list generation found:
      122 ATOM PAIRS WERE FOUND FOR ATOM LIST
        0 ATOM PAIRS WERE FOUND FOR ATOM SELF LIST
        0 GROUP PAIRS REQUIRED ATOM SEARCHES

MINI>      140    -67.14443      0.56487      0.07377      0.05502
MINI EXTERN>      -55.80804      0.00000      0.00000      0.00000      0.00000
MINI IMAGES>      -11.33640      0.00000      0.00000      0.00000      0.00000
 ----------       ---------    ---------    ---------    ---------    ---------
MINI>      150    -67.80046      0.65603      0.01766      0.02464
MINI EXTERN>      -56.13310      0.00000      0.00000      0.00000      0.00000
MINI IMAGES>      -11.66736      0.00000      0.00000      0.00000      0.00000
 ----------       ---------    ---------    ---------    ---------    ---------
 UPDECI: Image update at step       159

 <MKIMAT2>: updating the image atom lists and remapping
 Transformation   Atoms  Groups  Residues  Min-Distance
    1  N1N1N1R1 has       0       0       0     9976.01
    2  N1Z0N1R1 has       0       0       0     9976.00
    3  N1P1N1R1 has       0       0       0     9976.01
    4  Z0N1N1R1 has       0       0       0     9976.00
    5  Z0Z0N1R1 has       0       0       0     9976.00
    6  Z0P1N1R1 has       0       0       0     9976.00
    7  N1N1Z0R1 has       4       4       4        9.36
    8  N1Z0Z0R1 has      15      15      15        2.89
    9  N1P1Z0R1 has       2       2       2       10.34
   10  Z0N1Z0R1 has      17      17      17        1.22
   12  N1N1P1R1 has       0       0       0     9976.00
   13  N1Z0P1R1 has       0       0       0     9976.00
   14  N1P1P1R1 has       0       0       0     9976.01
 Total of  102 atoms and  102 groups and  102 residues were included

 <MAKGRP> found      0 image group exclusions.
 UPDECI: Nonbond update at step       159
 Generating nonbond list with Exclusion mode = 5
 == PRIMARY == SPACE FOR     1985 ATOM PAIRS AND        0 GROUP PAIRS

 General atom nonbond list generation found:
      347 ATOM PAIRS WERE FOUND FOR ATOM LIST
        0 GROUP PAIRS REQUIRED ATOM SEARCHES

 SPACE FOR      410 ATOM PAIRS AND        0 GROUP PAIRS

 Image nonbond list generation found:
      122 ATOM PAIRS WERE FOUND FOR ATOM LIST
        0 ATOM PAIRS WERE FOUND FOR ATOM SELF LIST
        0 GROUP PAIRS REQUIRED ATOM SEARCHES

MINI>      160    -68.07196      0.27150      0.03405      0.02649
MINI EXTERN>      -56.33197      0.00000      0.00000      0.00000      0.00000
MINI IMAGES>      -11.74000      0.00000      0.00000      0.00000      0.00000
 ----------       ---------    ---------    ---------    ---------    ---------
MINI>      170    -68.31224      0.24027      0.03610      0.02847
MINI EXTERN>      -56.50295      0.00000      0.00000      0.00000      0.00000
MINI IMAGES>      -11.80929      0.00000      0.00000      0.00000      0.00000
 ----------       ---------    ---------    ---------    ---------    ---------
MINI>      180    -68.58760      0.27536      0.01152      0.01275
MINI EXTERN>      -56.65445      0.00000      0.00000      0.00000      0.00000
MINI IMAGES>      -11.93315      0.00000      0.00000      0.00000      0.00000
 ----------       ---------    ---------    ---------    ---------    ---------
 UPDECI: Image update at step       186

 <MKIMAT2>: updating the image atom lists and remapping
 Transformation   Atoms  Groups  Residues  Min-Distance
    1  N1N1N1R1 has       0       0       0     9976.01
    2  N1Z0N1R1 has       0       0       0     9976.00
    3  N1P1N1R1 has       0       0       0     9976.01
    4  Z0N1N1R1 has       0       0       0     9976.00
    5  Z0Z0N1R1 has       0       0       0     9976.00
    6  Z0P1N1R1 has       0       0       0     9976.00
    7  N1N1Z0R1 has       4       4       4        8.03
    8  N1Z0Z0R1 has      15      15      15        2.73
    9  N1P1Z0R1 has       2       2       2        9.61
   10  Z0N1Z0R1 has      17      17      17        0.36
   12  N1N1P1R1 has       0       0       0     9976.00
   13  N1Z0P1R1 has       0       0       0     9976.00
   14  N1P1P1R1 has       0       0       0     9976.00
 Total of  102 atoms and  102 groups and  102 residues were included

 <MAKGRP> found      0 image group exclusions.
 UPDECI: Nonbond update at step       186
 Generating nonbond list with Exclusion mode = 5
 == PRIMARY == SPACE FOR     1985 ATOM PAIRS AND        0 GROUP PAIRS

 General atom nonbond list generation found:
      348 ATOM PAIRS WERE FOUND FOR ATOM LIST
        0 GROUP PAIRS REQUIRED ATOM SEARCHES

 SPACE FOR      410 ATOM PAIRS AND        0 GROUP PAIRS

 Image nonbond list generation found:
      125 ATOM PAIRS WERE FOUND FOR ATOM LIST
        0 ATOM PAIRS WERE FOUND FOR ATOM SELF LIST
        0 GROUP PAIRS REQUIRED ATOM SEARCHES

MINI>      190    -68.73593      0.14833      0.04190      0.03290
MINI EXTERN>      -56.66429      0.00000      0.00000      0.00000      0.00000
MINI IMAGES>      -12.07164      0.00000      0.00000      0.00000      0.00000
 ----------       ---------    ---------    ---------    ---------    ---------
MINI>      200    -68.95238      0.21646      0.04352      0.03537
MINI EXTERN>      -56.66363      0.00000      0.00000      0.00000      0.00000
MINI IMAGES>      -12.28876      0.00000      0.00000      0.00000      0.00000
 ----------       ---------    ---------    ---------    ---------    ---------

 STEEPD> Minimization exiting with number of steps limit (       200) exceeded.

STPD MIN: Cycle      ENERgy      Delta-E         GRMS    Step-size
STPD EXTERN:        VDWaals         ELEC       HBONds          ASP         USER
STPD IMAGES:        IMNBvdw       IMELec       IMHBnd       RXNField    EXTElec
 ----------       ---------    ---------    ---------    ---------    ---------
STPD>      200    -68.95238      0.21646      0.04352      0.01768
STPD EXTERN>      -56.66363      0.00000      0.00000      0.00000      0.00000
STPD IMAGES>      -12.28876      0.00000      0.00000      0.00000      0.00000
 ----------       ---------    ---------    ---------    ---------    ---------
  
 CHARMM>    mini abnr nstep 200    nprint 10

 SELECTED IMAGES ATOMS BEING CENTERED ABOUT  0.000000  0.000000  0.000000
 RESIDUE    8 OPERATED ON BY TRANSFORMATION Z0N1Z0R1

 <MKIMAT2>: updating the image atom lists and remapping
 Transformation   Atoms  Groups  Residues  Min-Distance
    1  N1N1N1R1 has       0       0       0     9976.01
    2  N1Z0N1R1 has       0       0       0     9976.00
    3  N1P1N1R1 has       0       0       0     9976.01
    4  Z0N1N1R1 has       0       0       0     9976.00
    5  Z0Z0N1R1 has       0       0       0     9976.00
    6  Z0P1N1R1 has       0       0       0     9976.00
    7  N1N1Z0R1 has       4       4       4        7.32
    8  N1Z0Z0R1 has      15      15      15        2.47
    9  N1P1Z0R1 has       1       1       1       10.10
   10  Z0N1Z0R1 has      17      17      17        1.51
   12  N1N1P1R1 has       0       0       0     9976.00
   13  N1Z0P1R1 has       0       0       0     9976.00
   14  N1P1P1R1 has       0       0       0     9976.01
 Total of  101 atoms and  101 groups and  101 residues were included

 <MAKGRP> found      0 image group exclusions.

 NONBOND OPTION FLAGS: 
     ELEC     VDW      ATOMs    CDIElec  SWITch   VATOm    VFSWIt  
     BYGRoup  NOEXtnd  NOEWald 
 CUTNB  = 26.000 CTEXNB =999.000 CTONNB = 20.000 CTOFNB = 22.000
 CGONNB =  0.000 CGOFNB = 10.000
 WMIN   =  1.000 WRNMXD =  0.500 E14FAC =  1.000 EPS    = 80.000
 NBXMOD =      5
 There are      348 atom  pairs and        0 atom  exclusions.
 There are        0 group pairs and        0 group exclusions.
 Generating nonbond list with Exclusion mode = 5
 == PRIMARY == SPACE FOR     1985 ATOM PAIRS AND        0 GROUP PAIRS

 General atom nonbond list generation found:
      348 ATOM PAIRS WERE FOUND FOR ATOM LIST
        0 GROUP PAIRS REQUIRED ATOM SEARCHES

 SPACE FOR      410 ATOM PAIRS AND        0 GROUP PAIRS

 Image nonbond list generation found:
      123 ATOM PAIRS WERE FOUND FOR ATOM LIST
        0 ATOM PAIRS WERE FOUND FOR ATOM SELF LIST
        0 GROUP PAIRS REQUIRED ATOM SEARCHES



 ABNER> An energy minimization has been requested.

 EIGRNG =    0.0005000   MINDIM =            5
 NPRINT =           10   NSTEP  =          200
 PSTRCT =    0.0000000   SDSTP  =    0.0200000
 STPLIM =    1.0000000   STRICT =    0.1000000
 TOLFUN =    0.0000000   TOLGRD =    0.0000000
 TOLITR =          100   TOLSTP =    0.0000000
 FMEM   =    0.0000000
MINI MIN: Cycle      ENERgy      Delta-E         GRMS    Step-size
MINI EXTERN:        VDWaals         ELEC       HBONds          ASP         USER
MINI IMAGES:        IMNBvdw       IMELec       IMHBnd       RXNField    EXTElec
 ----------       ---------    ---------    ---------    ---------    ---------
MINI>        0    -68.95289      0.00051      0.03659      0.00000
MINI EXTERN>      -57.16825      0.00000      0.00000      0.00000      0.00000
MINI IMAGES>      -11.78464      0.00000      0.00000      0.00000      0.00000
 ----------       ---------    ---------    ---------    ---------    ---------
 UPDECI: Image update at step        10

 <MKIMAT2>: updating the image atom lists and remapping
 Transformation   Atoms  Groups  Residues  Min-Distance
    1  N1N1N1R1 has       0       0       0     9976.01
    2  N1Z0N1R1 has       0       0       0     9976.00
    3  N1P1N1R1 has       0       0       0     9976.01
    4  Z0N1N1R1 has       0       0       0     9976.00
    5  Z0Z0N1R1 has       0       0       0     9976.00
    6  Z0P1N1R1 has       0       0       0     9976.00
    7  N1N1Z0R1 has       4       4       4        6.53
    8  N1Z0Z0R1 has      15      15      15        2.07
    9  N1P1Z0R1 has       1       1       1        8.41
   10  Z0N1Z0R1 has      18      18      18        1.32
   12  N1N1P1R1 has       0       0       0     9976.00
   13  N1Z0P1R1 has       0       0       0     9976.00
   14  N1P1P1R1 has       0       0       0     9976.00
 Total of  102 atoms and  102 groups and  102 residues were included

 <MAKGRP> found      0 image group exclusions.
 UPDECI: Nonbond update at step        10
 Generating nonbond list with Exclusion mode = 5
 == PRIMARY == SPACE FOR     1985 ATOM PAIRS AND        0 GROUP PAIRS

 General atom nonbond list generation found:
      348 ATOM PAIRS WERE FOUND FOR ATOM LIST
        0 GROUP PAIRS REQUIRED ATOM SEARCHES

 SPACE FOR      410 ATOM PAIRS AND        0 GROUP PAIRS

 Image nonbond list generation found:
      125 ATOM PAIRS WERE FOUND FOR ATOM LIST
        0 ATOM PAIRS WERE FOUND FOR ATOM SELF LIST
        0 GROUP PAIRS REQUIRED ATOM SEARCHES

MINI>       10    -69.56771      0.61481      0.02915      0.61509
MINI EXTERN>      -56.99568      0.00000      0.00000      0.00000      0.00000
MINI IMAGES>      -12.57203      0.00000      0.00000      0.00000      0.00000
 ----------       ---------    ---------    ---------    ---------    ---------
MINI>       20    -70.05498      0.48728      0.01870      0.78453
MINI EXTERN>      -56.67718      0.00000      0.00000      0.00000      0.00000
MINI IMAGES>      -13.37780      0.00000      0.00000      0.00000      0.00000
 ----------       ---------    ---------    ---------    ---------    ---------
 UPDECI: Image update at step        21

 <MKIMAT2>: updating the image atom lists and remapping
 Transformation   Atoms  Groups  Residues  Min-Distance
    1  N1N1N1R1 has       0       0       0     9976.01
    2  N1Z0N1R1 has       0       0       0     9976.00
    3  N1P1N1R1 has       0       0       0     9976.01
    4  Z0N1N1R1 has       0       0       0     9976.00
    5  Z0Z0N1R1 has       0       0       0     9976.00
    6  Z0P1N1R1 has       0       0       0     9976.00
    7  N1N1Z0R1 has       4       4       4        6.99
    8  N1Z0Z0R1 has      15      15      15        1.53
    9  N1P1Z0R1 has       2       2       2        7.45
   10  Z0N1Z0R1 has      18      18      18        0.86
   12  N1N1P1R1 has       0       0       0     9976.00
   13  N1Z0P1R1 has       0       0       0     9976.00
   14  N1P1P1R1 has       0       0       0     9976.00
 Total of  103 atoms and  103 groups and  103 residues were included

 <MAKGRP> found      0 image group exclusions.
 UPDECI: Nonbond update at step        21
 Generating nonbond list with Exclusion mode = 5
 == PRIMARY == SPACE FOR     1985 ATOM PAIRS AND        0 GROUP PAIRS

 General atom nonbond list generation found:
      352 ATOM PAIRS WERE FOUND FOR ATOM LIST
        0 GROUP PAIRS REQUIRED ATOM SEARCHES

 SPACE FOR      410 ATOM PAIRS AND        0 GROUP PAIRS

 Image nonbond list generation found:
      127 ATOM PAIRS WERE FOUND FOR ATOM LIST
        0 ATOM PAIRS WERE FOUND FOR ATOM SELF LIST
        0 GROUP PAIRS REQUIRED ATOM SEARCHES

MINI>       30    -70.32189      0.26691      0.04423      0.58565
MINI EXTERN>      -56.72433      0.00000      0.00000      0.00000      0.00000
MINI IMAGES>      -13.59756      0.00000      0.00000      0.00000      0.00000
 ----------       ---------    ---------    ---------    ---------    ---------
 UPDECI: Image update at step        38

 <MKIMAT2>: updating the image atom lists and remapping
 Transformation   Atoms  Groups  Residues  Min-Distance
    1  N1N1N1R1 has       0       0       0     9976.01
    2  N1Z0N1R1 has       0       0       0     9976.00
    3  N1P1N1R1 has       0       0       0     9976.01
    4  Z0N1N1R1 has       0       0       0     9976.00
    5  Z0Z0N1R1 has       0       0       0     9976.00
    6  Z0P1N1R1 has       0       0       0     9976.00
    7  N1N1Z0R1 has       4       4       4        6.78
    8  N1Z0Z0R1 has      15      15      15        1.70
    9  N1P1Z0R1 has       2       2       2        8.60
   10  Z0N1Z0R1 has      18      18      18        1.12
   12  N1N1P1R1 has       0       0       0     9976.00
   13  N1Z0P1R1 has       0       0       0     9976.00
   14  N1P1P1R1 has       0       0       0     9976.00
 Total of  103 atoms and  103 groups and  103 residues were included

 <MAKGRP> found      0 image group exclusions.
 UPDECI: Nonbond update at step        38
 Generating nonbond list with Exclusion mode = 5
 == PRIMARY == SPACE FOR     1985 ATOM PAIRS AND        0 GROUP PAIRS

 General atom nonbond list generation found:
      352 ATOM PAIRS WERE FOUND FOR ATOM LIST
        0 GROUP PAIRS REQUIRED ATOM SEARCHES

 SPACE FOR      410 ATOM PAIRS AND        0 GROUP PAIRS

 Image nonbond list generation found:
      129 ATOM PAIRS WERE FOUND FOR ATOM LIST
        0 ATOM PAIRS WERE FOUND FOR ATOM SELF LIST
        0 GROUP PAIRS REQUIRED ATOM SEARCHES

MINI>       40    -70.84594      0.52405      0.01899      0.94538
MINI EXTERN>      -57.03811      0.00000      0.00000      0.00000      0.00000
MINI IMAGES>      -13.80782      0.00000      0.00000      0.00000      0.00000
 ----------       ---------    ---------    ---------    ---------    ---------
 UPDECI: Image update at step        44

 <MKIMAT2>: updating the image atom lists and remapping
 Transformation   Atoms  Groups  Residues  Min-Distance
    1  N1N1N1R1 has       0       0       0     9976.01
    2  N1Z0N1R1 has       0       0       0     9976.00
    3  N1P1N1R1 has       0       0       0     9976.01
    4  Z0N1N1R1 has       0       0       0     9976.00
    5  Z0Z0N1R1 has       0       0       0     9976.00
    6  Z0P1N1R1 has       0       0       0     9976.00
    7  N1N1Z0R1 has       4       4       4        6.76
    8  N1Z0Z0R1 has      15      15      15        1.87
    9  N1P1Z0R1 has       1       1       1        9.50
   10  Z0N1Z0R1 has      18      18      18        0.91
   12  N1N1P1R1 has       0       0       0     9976.00
   13  N1Z0P1R1 has       0       0       0     9976.00
   14  N1P1P1R1 has       0       0       0     9976.00
 Total of  102 atoms and  102 groups and  102 residues were included

 <MAKGRP> found      0 image group exclusions.
 UPDECI: Nonbond update at step        44
 Generating nonbond list with Exclusion mode = 5
 == PRIMARY == SPACE FOR     1985 ATOM PAIRS AND        0 GROUP PAIRS

 General atom nonbond list generation found:
      352 ATOM PAIRS WERE FOUND FOR ATOM LIST
        0 GROUP PAIRS REQUIRED ATOM SEARCHES

 SPACE FOR      410 ATOM PAIRS AND        0 GROUP PAIRS

 Image nonbond list generation found:
      128 ATOM PAIRS WERE FOUND FOR ATOM LIST
        0 ATOM PAIRS WERE FOUND FOR ATOM SELF LIST
        0 GROUP PAIRS REQUIRED ATOM SEARCHES

MINI>       50    -71.42106      0.57512      0.04863      3.76810
MINI EXTERN>      -57.33168      0.00000      0.00000      0.00000      0.00000
MINI IMAGES>      -14.08938      0.00000      0.00000      0.00000      0.00000
 ----------       ---------    ---------    ---------    ---------    ---------
MINI>       60    -71.56808      0.14703      0.05021      0.76810
MINI EXTERN>      -57.46652      0.00000      0.00000      0.00000      0.00000
MINI IMAGES>      -14.10157      0.00000      0.00000      0.00000      0.00000
 ----------       ---------    ---------    ---------    ---------    ---------
MINI>       70    -71.84390      0.27581      0.03478      0.42275
MINI EXTERN>      -57.66171      0.00000      0.00000      0.00000      0.00000
MINI IMAGES>      -14.18219      0.00000      0.00000      0.00000      0.00000
 ----------       ---------    ---------    ---------    ---------    ---------
 UPDECI: Image update at step        71

 <MKIMAT2>: updating the image atom lists and remapping
 Transformation   Atoms  Groups  Residues  Min-Distance
    1  N1N1N1R1 has       0       0       0     9976.01
    2  N1Z0N1R1 has       0       0       0     9976.00
    3  N1P1N1R1 has       0       0       0     9976.01
    4  Z0N1N1R1 has       0       0       0     9976.00
    5  Z0Z0N1R1 has       0       0       0     9976.00
    6  Z0P1N1R1 has       0       0       0     9976.00
    7  N1N1Z0R1 has       4       4       4        6.48
    8  N1Z0Z0R1 has      15      15      15        1.70
    9  N1P1Z0R1 has       1       1       1        9.33
   10  Z0N1Z0R1 has      18      18      18        0.00
   12  N1N1P1R1 has       0       0       0     9976.00
   13  N1Z0P1R1 has       0       0       0     9976.00
   14  N1P1P1R1 has       0       0       0     9976.00
 Total of  102 atoms and  102 groups and  102 residues were included

 <MAKGRP> found      0 image group exclusions.
 UPDECI: Nonbond update at step        71
 Generating nonbond list with Exclusion mode = 5
 == PRIMARY == SPACE FOR     1985 ATOM PAIRS AND        0 GROUP PAIRS

 General atom nonbond list generation found:
      352 ATOM PAIRS WERE FOUND FOR ATOM LIST
        0 GROUP PAIRS REQUIRED ATOM SEARCHES

 SPACE FOR      410 ATOM PAIRS AND        0 GROUP PAIRS

 Image nonbond list generation found:
      125 ATOM PAIRS WERE FOUND FOR ATOM LIST
        0 ATOM PAIRS WERE FOUND FOR ATOM SELF LIST
        0 GROUP PAIRS REQUIRED ATOM SEARCHES

MINI>       80    -72.06802      0.22412      0.00949      0.14740
MINI EXTERN>      -57.84204      0.00000      0.00000      0.00000      0.00000
MINI IMAGES>      -14.22598      0.00000      0.00000      0.00000      0.00000
 ----------       ---------    ---------    ---------    ---------    ---------
 UPDECI: Image update at step        81

 <MKIMAT2>: updating the image atom lists and remapping
 Transformation   Atoms  Groups  Residues  Min-Distance
    1  N1N1N1R1 has       0       0       0     9976.01
    2  N1Z0N1R1 has       0       0       0     9976.00
    3  N1P1N1R1 has       0       0       0     9976.01
    4  Z0N1N1R1 has       0       0       0     9976.00
    5  Z0Z0N1R1 has       0       0       0     9976.00
    6  Z0P1N1R1 has       0       0       0     9976.00
    7  N1N1Z0R1 has       5       5       5        6.49
    8  N1Z0Z0R1 has      14      14      14        0.64
    9  N1P1Z0R1 has       1       1       1        8.55
   10  Z0N1Z0R1 has      18      18      18        0.00
   12  N1N1P1R1 has       0       0       0     9976.00
   13  N1Z0P1R1 has       0       0       0     9976.00
   14  N1P1P1R1 has       0       0       0     9976.00
 Total of  102 atoms and  102 groups and  102 residues were included

 <MAKGRP> found      0 image group exclusions.
 UPDECI: Nonbond update at step        81
 Generating nonbond list with Exclusion mode = 5
 == PRIMARY == SPACE FOR     1985 ATOM PAIRS AND        0 GROUP PAIRS

 General atom nonbond list generation found:
      351 ATOM PAIRS WERE FOUND FOR ATOM LIST
        0 GROUP PAIRS REQUIRED ATOM SEARCHES

 SPACE FOR      410 ATOM PAIRS AND        0 GROUP PAIRS

 Image nonbond list generation found:
      124 ATOM PAIRS WERE FOUND FOR ATOM LIST
        0 ATOM PAIRS WERE FOUND FOR ATOM SELF LIST
        0 GROUP PAIRS REQUIRED ATOM SEARCHES

 UPDECI: Image update at step        85

 <MKIMAT2>: updating the image atom lists and remapping
 Transformation   Atoms  Groups  Residues  Min-Distance
    1  N1N1N1R1 has       0       0       0     9976.01
    2  N1Z0N1R1 has       0       0       0     9976.00
    3  N1P1N1R1 has       0       0       0     9976.01
    4  Z0N1N1R1 has       0       0       0     9976.00
    5  Z0Z0N1R1 has       0       0       0     9976.00
    6  Z0P1N1R1 has       0       0       0     9976.00
    7  N1N1Z0R1 has       6       6       6        6.05
    8  N1Z0Z0R1 has      14      14      14        0.00
    9  N1P1Z0R1 has       1       1       1        8.55
   10  Z0N1Z0R1 has      18      18      18        0.00
   12  N1N1P1R1 has       0       0       0     9976.00
   13  N1Z0P1R1 has       0       0       0     9976.00
   14  N1P1P1R1 has       0       0       0     9976.00
 Total of  103 atoms and  103 groups and  103 residues were included

 <MAKGRP> found      0 image group exclusions.
 UPDECI: Nonbond update at step        85
 Generating nonbond list with Exclusion mode = 5
 == PRIMARY == SPACE FOR     1985 ATOM PAIRS AND        0 GROUP PAIRS

 General atom nonbond list generation found:
      354 ATOM PAIRS WERE FOUND FOR ATOM LIST
        0 GROUP PAIRS REQUIRED ATOM SEARCHES

 SPACE FOR      410 ATOM PAIRS AND        0 GROUP PAIRS

 Image nonbond list generation found:
      125 ATOM PAIRS WERE FOUND FOR ATOM LIST
        0 ATOM PAIRS WERE FOUND FOR ATOM SELF LIST
        0 GROUP PAIRS REQUIRED ATOM SEARCHES

 UPDECI: Image update at step        89

 <MKIMAT2>: updating the image atom lists and remapping
 Transformation   Atoms  Groups  Residues  Min-Distance
    1  N1N1N1R1 has       0       0       0     9976.00
    2  N1Z0N1R1 has       0       0       0     9976.00
    3  N1P1N1R1 has       0       0       0     9976.00
    4  Z0N1N1R1 has       0       0       0     9976.00
    5  Z0Z0N1R1 has       0       0       0     9976.00
    6  Z0P1N1R1 has       0       0       0     9976.00
    7  N1N1Z0R1 has       6       6       6        5.74
    8  N1Z0Z0R1 has      14      14      14        0.00
    9  N1P1Z0R1 has       1       1       1        8.70
   10  Z0N1Z0R1 has      18      18      18        0.00
   12  N1N1P1R1 has       0       0       0     9976.00
   13  N1Z0P1R1 has       0       0       0     9976.00
   14  N1P1P1R1 has       0       0       0     9976.00
 Total of  103 atoms and  103 groups and  103 residues were included

 <MAKGRP> found      0 image group exclusions.
 UPDECI: Nonbond update at step        89
 Generating nonbond list with Exclusion mode = 5
 == PRIMARY == SPACE FOR     1985 ATOM PAIRS AND        0 GROUP PAIRS

 General atom nonbond list generation found:
      356 ATOM PAIRS WERE FOUND FOR ATOM LIST
        0 GROUP PAIRS REQUIRED ATOM SEARCHES

 SPACE FOR      410 ATOM PAIRS AND        0 GROUP PAIRS

 Image nonbond list generation found:
      127 ATOM PAIRS WERE FOUND FOR ATOM LIST
        0 ATOM PAIRS WERE FOUND FOR ATOM SELF LIST
        0 GROUP PAIRS REQUIRED ATOM SEARCHES

MINI>       90    -72.57110      0.50308      0.05459      3.05998
MINI EXTERN>      -57.61702      0.00000      0.00000      0.00000      0.00000
MINI IMAGES>      -14.95408      0.00000      0.00000      0.00000      0.00000
 ----------       ---------    ---------    ---------    ---------    ---------
MINI>      100    -72.75734      0.18624      0.08632      1.31574
MINI EXTERN>      -57.49488      0.00000      0.00000      0.00000      0.00000
MINI IMAGES>      -15.26246      0.00000      0.00000      0.00000      0.00000
 ----------       ---------    ---------    ---------    ---------    ---------
MINI>      110    -73.17985      0.42251      0.05543      0.40779
MINI EXTERN>      -57.76997      0.00000      0.00000      0.00000      0.00000
MINI IMAGES>      -15.40987      0.00000      0.00000      0.00000      0.00000
 ----------       ---------    ---------    ---------    ---------    ---------
 UPDECI: Image update at step       118

 <MKIMAT2>: updating the image atom lists and remapping
 Transformation   Atoms  Groups  Residues  Min-Distance
    1  N1N1N1R1 has       0       0       0     9976.01
    2  N1Z0N1R1 has       0       0       0     9976.00
    3  N1P1N1R1 has       0       0       0     9976.00
    4  Z0N1N1R1 has       0       0       0     9976.00
    5  Z0Z0N1R1 has       0       0       0     9976.00
    6  Z0P1N1R1 has       0       0       0     9976.00
    7  N1N1Z0R1 has       6       6       6        6.84
    8  N1Z0Z0R1 has      14      14      14        1.23
    9  N1P1Z0R1 has       1       1       1        8.85
   10  Z0N1Z0R1 has      18      18      18        0.00
   12  N1N1P1R1 has       0       0       0     9976.00
   13  N1Z0P1R1 has       0       0       0     9976.00
   14  N1P1P1R1 has       0       0       0     9976.00
 Total of  103 atoms and  103 groups and  103 residues were included

 <MAKGRP> found      0 image group exclusions.
 UPDECI: Nonbond update at step       118
 Generating nonbond list with Exclusion mode = 5
 == PRIMARY == SPACE FOR     1985 ATOM PAIRS AND        0 GROUP PAIRS

 General atom nonbond list generation found:
      356 ATOM PAIRS WERE FOUND FOR ATOM LIST
        0 GROUP PAIRS REQUIRED ATOM SEARCHES

 SPACE FOR      410 ATOM PAIRS AND        0 GROUP PAIRS

 Image nonbond list generation found:
      129 ATOM PAIRS WERE FOUND FOR ATOM LIST
        0 ATOM PAIRS WERE FOUND FOR ATOM SELF LIST
        0 GROUP PAIRS REQUIRED ATOM SEARCHES

MINI>      120    -73.40391      0.22407      0.00909      0.14219
MINI EXTERN>      -57.84953      0.00000      0.00000      0.00000      0.00000
MINI IMAGES>      -15.55438      0.00000      0.00000      0.00000      0.00000
 ----------       ---------    ---------    ---------    ---------    ---------
 UPDECI: Image update at step       125

 <MKIMAT2>: updating the image atom lists and remapping
 Transformation   Atoms  Groups  Residues  Min-Distance
    1  N1N1N1R1 has       0       0       0     9976.01
    2  N1Z0N1R1 has       0       0       0     9976.00
    3  N1P1N1R1 has       0       0       0     9976.00
    4  Z0N1N1R1 has       0       0       0     9976.00
    5  Z0Z0N1R1 has       0       0       0     9976.00
    6  Z0P1N1R1 has       0       0       0     9976.00
    7  N1N1Z0R1 has       6       6       6        6.13
    8  N1Z0Z0R1 has      14      14      14        0.98
    9  N1P1Z0R1 has       1       1       1        8.39
   10  Z0N1Z0R1 has      18      18      18        0.00
   12  N1N1P1R1 has       0       0       0     9976.00
   13  N1Z0P1R1 has       0       0       0     9976.00
   14  N1P1P1R1 has       0       0       0     9976.00
 Total of  103 atoms and  103 groups and  103 residues were included

 <MAKGRP> found      0 image group exclusions.
 UPDECI: Nonbond update at step       125
 Generating nonbond list with Exclusion mode = 5
 == PRIMARY == SPACE FOR     1985 ATOM PAIRS AND        0 GROUP PAIRS

 General atom nonbond list generation found:
      352 ATOM PAIRS WERE FOUND FOR ATOM LIST
        0 GROUP PAIRS REQUIRED ATOM SEARCHES

 SPACE FOR      410 ATOM PAIRS AND        0 GROUP PAIRS

 Image nonbond list generation found:
      128 ATOM PAIRS WERE FOUND FOR ATOM LIST
        0 ATOM PAIRS WERE FOUND FOR ATOM SELF LIST
        0 GROUP PAIRS REQUIRED ATOM SEARCHES

 UPDECI: Image update at step       130

 <MKIMAT2>: updating the image atom lists and remapping
 Transformation   Atoms  Groups  Residues  Min-Distance
    1  N1N1N1R1 has       0       0       0     9976.01
    2  N1Z0N1R1 has       0       0       0     9976.00
    3  N1P1N1R1 has       0       0       0     9976.00
    4  Z0N1N1R1 has       0       0       0     9976.00
    5  Z0Z0N1R1 has       0       0       0     9976.00
    6  Z0P1N1R1 has       0       0       0     9976.00
    7  N1N1Z0R1 has       6       6       6        5.27
    8  N1Z0Z0R1 has      14      14      14        0.23
    9  N1P1Z0R1 has       1       1       1        7.75
   10  Z0N1Z0R1 has      18      18      18        0.00
   12  N1N1P1R1 has       0       0       0     9976.00
   13  N1Z0P1R1 has       0       0       0     9976.00
   14  N1P1P1R1 has       0       0       0     9976.00
 Total of  103 atoms and  103 groups and  103 residues were included

 <MAKGRP> found      0 image group exclusions.
 UPDECI: Nonbond update at step       130
 Generating nonbond list with Exclusion mode = 5
 == PRIMARY == SPACE FOR     1985 ATOM PAIRS AND        0 GROUP PAIRS

 General atom nonbond list generation found:
      349 ATOM PAIRS WERE FOUND FOR ATOM LIST
        0 GROUP PAIRS REQUIRED ATOM SEARCHES

 SPACE FOR      410 ATOM PAIRS AND        0 GROUP PAIRS

 Image nonbond list generation found:
      131 ATOM PAIRS WERE FOUND FOR ATOM LIST
        0 ATOM PAIRS WERE FOUND FOR ATOM SELF LIST
        0 GROUP PAIRS REQUIRED ATOM SEARCHES

MINI>      130    -73.91417      0.51026      0.01994      1.77106
MINI EXTERN>      -58.41054      0.00000      0.00000      0.00000      0.00000
MINI IMAGES>      -15.50363      0.00000      0.00000      0.00000      0.00000
 ----------       ---------    ---------    ---------    ---------    ---------
MINI>      140    -73.75532     -0.15885      0.06633      0.80226
MINI EXTERN>      -58.28672      0.00000      0.00000      0.00000      0.00000
MINI IMAGES>      -15.46860      0.00000      0.00000      0.00000      0.00000
 ----------       ---------    ---------    ---------    ---------    ---------
MINI>      150    -74.20541      0.45008      0.02004      0.27973
MINI EXTERN>      -58.54708      0.00000      0.00000      0.00000      0.00000
MINI IMAGES>      -15.65832      0.00000      0.00000      0.00000      0.00000
 ----------       ---------    ---------    ---------    ---------    ---------
 UPDECI: Image update at step       152

 <MKIMAT2>: updating the image atom lists and remapping
 Transformation   Atoms  Groups  Residues  Min-Distance
    1  N1N1N1R1 has       0       0       0     9976.01
    2  N1Z0N1R1 has       0       0       0     9976.00
    3  N1P1N1R1 has       0       0       0     9976.00
    4  Z0N1N1R1 has       0       0       0     9976.00
    5  Z0Z0N1R1 has       0       0       0     9976.00
    6  Z0P1N1R1 has       0       0       0     9976.00
    7  N1N1Z0R1 has       6       6       6        5.31
    8  N1Z0Z0R1 has      14      14      14        1.15
    9  N1P1Z0R1 has       1       1       1        9.10
   10  Z0N1Z0R1 has      18      18      18        0.00
   12  N1N1P1R1 has       0       0       0     9976.00
   13  N1Z0P1R1 has       0       0       0     9976.00
   14  N1P1P1R1 has       0       0       0     9976.01
 Total of  103 atoms and  103 groups and  103 residues were included

 <MAKGRP> found      0 image group exclusions.
 UPDECI: Nonbond update at step       152
 Generating nonbond list with Exclusion mode = 5
 == PRIMARY == SPACE FOR     1985 ATOM PAIRS AND        0 GROUP PAIRS

 General atom nonbond list generation found:
      349 ATOM PAIRS WERE FOUND FOR ATOM LIST
        0 GROUP PAIRS REQUIRED ATOM SEARCHES

 SPACE FOR      410 ATOM PAIRS AND        0 GROUP PAIRS

 Image nonbond list generation found:
      128 ATOM PAIRS WERE FOUND FOR ATOM LIST
        0 ATOM PAIRS WERE FOUND FOR ATOM SELF LIST
        0 GROUP PAIRS REQUIRED ATOM SEARCHES

MINI>      160    -74.41398      0.20857      0.01103      0.16256
MINI EXTERN>      -58.70033      0.00000      0.00000      0.00000      0.00000
MINI IMAGES>      -15.71365      0.00000      0.00000      0.00000      0.00000
 ----------       ---------    ---------    ---------    ---------    ---------
 UPDECI: Image update at step       165

 <MKIMAT2>: updating the image atom lists and remapping
 Transformation   Atoms  Groups  Residues  Min-Distance
    1  N1N1N1R1 has       0       0       0     9976.01
    2  N1Z0N1R1 has       0       0       0     9976.00
    3  N1P1N1R1 has       0       0       0     9976.00
    4  Z0N1N1R1 has       0       0       0     9976.00
    5  Z0Z0N1R1 has       0       0       0     9976.00
    6  Z0P1N1R1 has       0       0       0     9976.00
    7  N1N1Z0R1 has       6       6       6        5.30
    8  N1Z0Z0R1 has      13      13      13        1.28
    9  N1P1Z0R1 has       1       1       1        8.91
   10  Z0N1Z0R1 has      18      18      18        0.00
   12  N1N1P1R1 has       0       0       0     9976.00
   13  N1Z0P1R1 has       0       0       0     9976.00
   14  N1P1P1R1 has       0       0       0     9976.01
 Total of  102 atoms and  102 groups and  102 residues were included

 <MAKGRP> found      0 image group exclusions.
 UPDECI: Nonbond update at step       165
 Generating nonbond list with Exclusion mode = 5
 == PRIMARY == SPACE FOR     1985 ATOM PAIRS AND        0 GROUP PAIRS

 General atom nonbond list generation found:
      351 ATOM PAIRS WERE FOUND FOR ATOM LIST
        0 GROUP PAIRS REQUIRED ATOM SEARCHES

 SPACE FOR      410 ATOM PAIRS AND        0 GROUP PAIRS

 Image nonbond list generation found:
      129 ATOM PAIRS WERE FOUND FOR ATOM LIST
        0 ATOM PAIRS WERE FOUND FOR ATOM SELF LIST
        0 GROUP PAIRS REQUIRED ATOM SEARCHES

MINI>      170    -74.48489      0.07091      0.00569      0.09447
MINI EXTERN>      -58.71947      0.00000      0.00000      0.00000      0.00000
MINI IMAGES>      -15.76542      0.00000      0.00000      0.00000      0.00000
 ----------       ---------    ---------    ---------    ---------    ---------
MINI>      180    -74.52613      0.04124      0.00329      0.05490
MINI EXTERN>      -58.68465      0.00000      0.00000      0.00000      0.00000
MINI IMAGES>      -15.84148      0.00000      0.00000      0.00000      0.00000
 ----------       ---------    ---------    ---------    ---------    ---------
MINI>      190    -74.53454      0.00841      0.00265      0.03190
MINI EXTERN>      -58.65157      0.00000      0.00000      0.00000      0.00000
MINI IMAGES>      -15.88297      0.00000      0.00000      0.00000      0.00000
 ----------       ---------    ---------    ---------    ---------    ---------
MINI>      200    -74.53589      0.00136      0.00089      0.01112
MINI EXTERN>      -58.62608      0.00000      0.00000      0.00000      0.00000
MINI IMAGES>      -15.90981      0.00000      0.00000      0.00000      0.00000
 ----------       ---------    ---------    ---------    ---------    ---------

 ABNER> Minimization exiting with number of steps limit (  200) exceeded.

ABNR MIN: Cycle      ENERgy      Delta-E         GRMS    Step-size
ABNR EXTERN:        VDWaals         ELEC       HBONds          ASP         USER
ABNR IMAGES:        IMNBvdw       IMELec       IMHBnd       RXNField    EXTElec
 ----------       ---------    ---------    ---------    ---------    ---------
ABNR>      200    -74.53589      0.00136      0.00089      0.01001
ABNR EXTERN>      -58.62608      0.00000      0.00000      0.00000      0.00000
ABNR IMAGES>      -15.90981      0.00000      0.00000      0.00000      0.00000
 ----------       ---------    ---------    ---------    ---------    ---------
  
 CHARMM>     
  
 CHARMM>    scalar fbeta set  1.0 select all end
 SELRPN>     64 atoms have been selected out of     64
  
 CHARMM>     
  
 CHARMM>    DYNAMICS  start       nstep   @nstep  timestp  0.001 iprfrq   1000  nprint 100  -
 CHARMM>              iasvel    1 firstt 300.0  finalt   300.0 tstruc  300.0  -
 CHARMM>              langevin    tbath  300.0  rbuf       0.0 -
 CHARMM>              inbfrq   -1 imgfrq    -1  ihbfrq       0 ilbfrq      0  -
 CHARMM>              iunread  -1  -
 CHARMM>              iunwrite -1  -
 CHARMM>              iuncrd   -1 nsavcrd    0  -
 CHARMM>              iunvelo  -1 nsavvelo   0  -
 CHARMM>              kunit    -1
 Parameter: NSTEP -> "1000"
  IUNREA = -1         IUNWRI = -1          IUNOS = -1
  IUNCRD = -1         IUNVEL = -1          KUNIT = -1

 SELECTED IMAGES ATOMS BEING CENTERED ABOUT  0.000000  0.000000  0.000000

 NONBOND OPTION FLAGS: 
     ELEC     VDW      ATOMs    CDIElec  SWITch   VATOm    VFSWIt  
     BYGRoup  NOEXtnd  NOEWald 
 CUTNB  = 26.000 CTEXNB =999.000 CTONNB = 20.000 CTOFNB = 22.000
 CGONNB =  0.000 CGOFNB = 10.000
 WMIN   =  1.000 WRNMXD =  0.500 E14FAC =  1.000 EPS    = 80.000
 NBXMOD =      5
 There are      351 atom  pairs and        0 atom  exclusions.
 There are        0 group pairs and        0 group exclusions.
 DCNTRL> Langevin integration requested.
   NSTEP =     1000    NSAVC =        0    NSAVV =        0
  ISCALE =        0   ISCVEL =        0   IASORS =        0
  IASVEL =        1   ICHECW =        1   NTRFRQ =        0
  IHTFRQ =        0   IEQFRQ =        0   NPRINT =      100
  INBFRQ =       -1   IHBFRQ =        0   IPRFRQ =     1000
  ILBFRQ =        0   IMGFRQ =       -1
  ISVFRQ =        0   NCYCLE =     1000    NSNOS =       10
  FIRSTT =   300.000  TEMINC =     5.000  TSTRUC =   300.000
  FINALT =   300.000  TWINDH =    10.000  TWINDL =   -10.000

  TIME STEP =  2.04548E-02 AKMA       1.00000E-03 PS

  RANDOM NUM. GEN. SEED(S) = 426547633 426547633 426547633 426547633
 NUMBER OF DEGREES OF FREEDOM =    192

          GAUSSIAN OPTION                  IS            1
          VELOCITIES ASSIGNED AT TEMPERATURE =    300.0000
          SEED FOR RANDOM NUMBER GENERATOR IS:
          SEEDS> 426547633 426547633 426547633 426547633

     DETAILS ABOUT CENTRE OF MASS
     POSITION          :   0.76067503       -2.0912293      -7.45549135E-16
     VELOCITY          :  -1.58026336E-02  -6.31051037E-03   1.01006346E-02
     ANGULAR MOMENTUM  :   -1562.4473       -396.68043        509.49020    
     KINETIC ENERGY    :   0.38811026    
 LNGFIL: TBATH =   300.000000  DELTA =    0.020455
 LNGFIL: Langevin dynamics setup for      64 atoms
 LNGFIL: RBUF =    0.000000
 LNGFIL: SXREF =    0.000000 SYREF =    0.000000 SZREF =    0.000000
DYNA DYN: Step         Time      TOTEner        TOTKe       ENERgy  TEMPerature
DYNA PROP:             GRMS      HFCTote        HFCKe       EHFCor        VIRKe
DYNA EXTERN:        VDWaals         ELEC       HBONds          ASP         USER
DYNA IMAGES:        IMNBvdw       IMELec       IMHBnd       RXNField    EXTElec
DYNA PRESS:            VIRE         VIRI       PRESSE       PRESSI       VOLUme
 ----------       ---------    ---------    ---------    ---------    ---------
DYNA>        0      0.00000    -16.83875     57.69714    -74.53589    302.44293
DYNA PROP>          9.41749    -16.80994     57.69702      0.02881     -0.06553
DYNA EXTERN>      -59.60650      0.00000      0.00000      0.00000      0.00000
DYNA IMAGES>      -14.92939      0.00000      0.00000      0.00000      0.00000
DYNA PRESS>          11.979      -11.935       -0.017        0.037 49175999.998
 ----------       ---------    ---------    ---------    ---------    ---------
DYNA>      100      0.10000    -12.49647     51.60132    -64.09778    270.48921
DYNA PROP>          9.84557    -12.50529     51.60709     -0.00882   -100.02799
DYNA EXTERN>      -55.97747      0.00000      0.00000      0.00000      0.00000
DYNA IMAGES>      -14.08350      0.00000      0.00000      0.00000      0.00000
DYNA MMFP>          5.96318      0.00000      0.00000      0.00000      0.00000
DYNA PRESS>          52.408       14.278       -0.073        0.068 49175999.998
 ----------       ---------    ---------    ---------    ---------    ---------
DYNA>      200      0.20000     -7.43378     35.47540    -42.90918    185.95866
DYNA PROP>         10.59913     -7.57281     35.49409     -0.13903     77.60377
DYNA EXTERN>      -46.21200      0.00000      0.00000      0.00000      0.00000
DYNA IMAGES>      -11.69360      0.00000      0.00000      0.00000      0.00000
DYNA MMFP>         14.99642      0.00000      0.00000      0.00000      0.00000
DYNA PRESS>        -132.386       80.650        0.185        0.145 49175999.998
 ----------       ---------    ---------    ---------    ---------    ---------
 UPDECI: Image update at step       214

 SELECTED IMAGES ATOMS BEING CENTERED ABOUT  0.000000  0.000000  0.000000
 UPDECI: Nonbond update at step       214
DYNA>      300      0.30000     -0.11635     33.88899    -34.00534    177.64287
DYNA PROP>         10.45049     -0.15532     33.90739     -0.03897    124.93802
DYNA EXTERN>      -40.91225      0.00000      0.00000      0.00000      0.00000
DYNA IMAGES>      -11.43667      0.00000      0.00000      0.00000      0.00000
DYNA MMFP>         18.34357      0.00000      0.00000      0.00000      0.00000
DYNA PRESS>        -191.949      108.657        0.268        0.183 49175999.998
 ----------       ---------    ---------    ---------    ---------    ---------
DYNA>      400      0.40000      0.86495     41.99683    -41.13187    220.14338
DYNA PROP>          9.56318      0.90626     42.00541      0.04130   -297.14243
DYNA EXTERN>      -41.88533      0.00000      0.00000      0.00000      0.00000
DYNA IMAGES>      -12.31256      0.00000      0.00000      0.00000      0.00000
DYNA MMFP>         13.06602      0.00000      0.00000      0.00000      0.00000
DYNA PRESS>         106.254       91.841       -0.148        0.167 49175999.998
 ----------       ---------    ---------    ---------    ---------    ---------
 UPDECI: Image update at step       458

 SELECTED IMAGES ATOMS BEING CENTERED ABOUT  0.000000  0.000000  0.000000
 UPDECI: Nonbond update at step       458
DYNA>      500      0.50000      0.19270     45.85352    -45.66081    240.35980
DYNA PROP>          9.49255      0.25032     45.85983      0.05762    212.12523
DYNA EXTERN>      -42.66824      0.00000      0.00000      0.00000      0.00000
DYNA IMAGES>      -12.18102      0.00000      0.00000      0.00000      0.00000
DYNA MMFP>          9.18844      0.00000      0.00000      0.00000      0.00000
DYNA PRESS>        -219.747       78.330        0.306        0.152 49175999.998
 ----------       ---------    ---------    ---------    ---------    ---------
DYNA>      600      0.60000      1.45309     44.00474    -42.55165    230.66867
DYNA PROP>         10.42213      1.41519     44.01798     -0.03790   -164.18815
DYNA EXTERN>      -41.70299      0.00000      0.00000      0.00000      0.00000
DYNA IMAGES>      -10.60654      0.00000      0.00000      0.00000      0.00000
DYNA MMFP>          9.75789      0.00000      0.00000      0.00000      0.00000
DYNA PRESS>          26.908       82.550       -0.038        0.156 49175999.998
 ----------       ---------    ---------    ---------    ---------    ---------
DYNA>      700      0.70000      7.77907     45.13537    -37.35630    236.59534
DYNA PROP>         10.31164      7.60534     45.14720     -0.17373    -94.56762
DYNA EXTERN>      -43.43537      0.00000      0.00000      0.00000      0.00000
DYNA IMAGES>       -9.53391      0.00000      0.00000      0.00000      0.00000
DYNA MMFP>         15.61298      0.00000      0.00000      0.00000      0.00000
DYNA PRESS>          -9.144       72.189        0.013        0.143 49175999.998
 ----------       ---------    ---------    ---------    ---------    ---------
 UPDECI: Image update at step       727

 SELECTED IMAGES ATOMS BEING CENTERED ABOUT  0.000000  0.000000  0.000000
 UPDECI: Nonbond update at step       727
DYNA>      800      0.80000      6.89094     40.91540    -34.02446    214.47464
DYNA PROP>         10.16780      6.92938     40.92851      0.03844    223.20653
DYNA EXTERN>      -43.55723      0.00000      0.00000      0.00000      0.00000
DYNA IMAGES>      -10.52292      0.00000      0.00000      0.00000      0.00000
DYNA MMFP>         20.05569      0.00000      0.00000      0.00000      0.00000
DYNA PRESS>        -207.891       59.087        0.290        0.120 49175999.998
 ----------       ---------    ---------    ---------    ---------    ---------
DYNA>      900      0.90000     12.88945     47.41012    -34.52067    248.51936
DYNA PROP>         10.58077     13.05105     47.42285      0.16160     49.11372
DYNA EXTERN>      -44.47779      0.00000      0.00000      0.00000      0.00000
DYNA IMAGES>      -10.58198      0.00000      0.00000      0.00000      0.00000
DYNA MMFP>         20.53910      0.00000      0.00000      0.00000      0.00000
DYNA PRESS>         -83.288       50.545        0.116        0.115 49175999.998
 ----------       ---------    ---------    ---------    ---------    ---------
DYNA>     1000      1.00000     12.01894     49.90437    -37.88543    261.59399
DYNA PROP>         10.31163     11.94921     49.91369     -0.06973    146.85651
DYNA EXTERN>      -44.40036      0.00000      0.00000      0.00000      0.00000
DYNA IMAGES>       -8.59374      0.00000      0.00000      0.00000      0.00000
DYNA MMFP>         15.10867      0.00000      0.00000      0.00000      0.00000
DYNA PRESS>        -156.248       58.344        0.218        0.128 49175999.998
 ----------       ---------    ---------    ---------    ---------    ---------
 DYNAMC> Averages for the last 1000 steps:
AVER DYN: Step         Time      TOTEner        TOTKe       ENERgy  TEMPerature
AVER PROP:             GRMS      HFCTote        HFCKe       EHFCor        VIRKe
AVER EXTERN:        VDWaals         ELEC       HBONds          ASP         USER
AVER IMAGES:        IMNBvdw       IMELec       IMHBnd       RXNField    EXTElec
AVER MMFP:              GEO        MDIP           SSBP        SHEL       DROFfa
AVER PRESS:            VIRE         VIRI       PRESSE       PRESSI       VOLUme
 ----------       ---------    ---------    ---------    ---------    ---------
AVER>     1000      1.00000      1.44231     45.02099    -43.57869    235.99578
AVER PROP>         10.11200      1.43621     45.03174     -0.00610     17.30660
AVER EXTERN>      -45.26234      0.00000      0.00000      0.00000      0.00000
AVER IMAGES>      -11.50986      0.00000      0.00000      0.00000      0.00000
AVER MMFP>         13.19351      0.00000      0.00000      0.00000      0.00000
AVER PRESS>         -77.566       66.028        0.108        0.134 49175999.998
 ----------       ---------    ---------    ---------    ---------    ---------
 DYNAMC> RMS fluctuations for the last 1000 steps:
FLUC>     1000      1.00000      8.34975      5.27417      9.55771     27.64672
FLUC PROP>          0.57527      8.35425      5.27062      0.08864    147.50086
FLUC EXTERN>        5.23705      0.00000      0.00000      0.00000      0.00000
FLUC IMAGES>        1.50099      0.00000      0.00000      0.00000      0.00000
FLUC MMFP>          5.03407      0.00000      0.00000      0.00000      0.00000
FLUC PRESS>        96.24898     30.36962      0.13420      0.04001      0.00000
 ----------       ---------    ---------    ---------    ---------    ---------

     DRIFT/STEP (LAST-TOTAL):    2.74239353E-02   2.74239353E-02
     E AT STEP 0            :    -12.289470       -12.289470    
     CORR. COEFFICIENT      :    0.94761423       0.94761423    

     DETAILS ABOUT CENTRE OF MASS
     POSITION          :   0.37869307       -2.0196218       6.50684561E-03
     VELOCITY          :  -1.30603681E-02   2.30081438E-02  -5.86948448E-03
     ANGULAR MOMENTUM  :   -991.99609       -288.50715       -626.35991    
     KINETIC ENERGY    :   0.72791253    
  
 CHARMM>     
  
 CHARMM>    decrease factor by 0.1
 Parameter: FACTOR <- "1.4"
  
 CHARMM>    if factor .ge. 1 goto do_packing
 Comparing "1.4" and "1".
 IF test evaluated as true.  Performing command
  
 CHARMM>     
  
 CHARMM>    calc Ainit = @A * @factor
 Parameter: A -> "46.7504011"
 Parameter: FACTOR -> "1.4"
Evaluating: 46.7504011*1.4
 Parameter: AINIT <- "65.4505615"
  
 CHARMM>    calc Binit = @B * @factor
 Parameter: B -> "46.7504011"
 Parameter: FACTOR -> "1.4"
Evaluating: 46.7504011*1.4
 Parameter: BINIT <- "65.4505615"
  
 CHARMM>     
  
 CHARMM>    if factor .ne. 1.5 crystal free
 Comparing "1.4" and "1.5".
 IF test evaluated as true.  Performing command
  
 CHARMM>    crystal define @xtltype @Ainit @Binit 10000.0 @Alpha @beta @Gamma
 Parameter: XTLTYPE -> "TETRAGONAL"
 Parameter: AINIT -> "65.4505615"
 Parameter: BINIT -> "65.4505615"
 Parameter: ALPHA -> "90.0"
 Parameter: BETA -> "90.0"
 Parameter: GAMMA -> "90.0"
 Crystal Parameters : Crystal Type = TETR
           A     =   65.45056 B    =   65.45056 C     = **********
           Alpha =   90.00000 Beta =   90.00000 Gamma =   90.00000
  
 CHARMM>     
  
 CHARMM>    open read unit 10 card name crystal_image.str
 VOPEN> Attempting to open::crystal_image.str::
 OPNLGU> Unit 10 opened for READONLY access to crystal_image.str
  
 CHARMM>    crystal read unit 10 card
 CRYSTAL FILE BEING READ FROM UNIT    10
 TITLE> * GENERATED BY CHARMM-GUI (HTTP://WWW.CHARMM-GUI.ORG) V3.7 ON OCT, 25. 2022. JOBID=6672914435
 TITLE> * STREAM FILE FOR CRYSTAL SYMMETRY OPERATION
 TITLE> *
 TITLE>  * GENERATED BY CHARMM-GUI (HTTP://WWW.CHARMM-GUI.ORG) V3.7 ON OCT, 25. 2022. JOB
 TITLE>  * STREAM FILE FOR CRYSTAL SYMMETRY OPERATION
 TITLE>  *
                     THERE ARE NO ROTATIONS FOR THIS TRANSFORMATION SET
    26 Transformations have been processed.

  
 CHARMM>    close unit 10
 VCLOSE: Closing unit   10 with status "KEEP"
  
 CHARMM>     
  
 CHARMM>    image byresid xcen 0.0 ycen 0.0 zcen 0.0 sele segid HEAD end
 SELRPN>     64 atoms have been selected out of     64
 IMAGE CENTERING ON FOR SOME ATOMS
  
 CHARMM>     
  
 CHARMM>    !setup nonbond option (eps=80)
 CHARMM>    nbonds atom switch cdie vdw vfswitch  -
 CHARMM>           ctonnb 20.0 ctofnb 22.0 cutnb 26.0 cutim 26.0 -
 CHARMM>           inbfrq -1 imgfrq -1 wmin 1.0 cdie eps 80.0

 SELECTED IMAGES ATOMS BEING CENTERED ABOUT  0.000000  0.000000  0.000000
 RESIDUE    8 OPERATED ON BY TRANSFORMATION P1Z0Z0R1
 RESIDUE   10 OPERATED ON BY TRANSFORMATION Z0N1Z0R1
 RESIDUE   11 OPERATED ON BY TRANSFORMATION Z0P1Z0R1
 RESIDUE   31 OPERATED ON BY TRANSFORMATION N1Z0Z0R1
 RESIDUE   33 OPERATED ON BY TRANSFORMATION Z0N1Z0R1
 RESIDUE   46 OPERATED ON BY TRANSFORMATION Z0P1Z0R1
 RESIDUE   58 OPERATED ON BY TRANSFORMATION Z0P1Z0R1

 <MKIMAT2>: updating the image atom lists and remapping
 Transformation   Atoms  Groups  Residues  Min-Distance
    1  N1N1N1R1 has       0       0       0     9975.81
    2  N1Z0N1R1 has       0       0       0     9975.77
    3  N1P1N1R1 has       0       0       0     9975.83
    4  Z0N1N1R1 has       0       0       0     9975.78
    5  Z0Z0N1R1 has       0       0       0     9975.76
    6  Z0P1N1R1 has       0       0       0     9975.80
    7  N1N1Z0R1 has       6       6       6        2.61
    8  N1Z0Z0R1 has      21      21      21        0.46
    9  N1P1Z0R1 has       5       5       5        4.80
   10  Z0N1Z0R1 has      20      20      20        0.08
   12  N1N1P1R1 has       0       0       0     9975.85
   13  N1Z0P1R1 has       0       0       0     9975.80
   14  N1P1P1R1 has       0       0       0     9975.82
 Total of  116 atoms and  116 groups and  116 residues were included

 <MAKGRP> found      0 image group exclusions.

 NONBOND OPTION FLAGS: 
     ELEC     VDW      ATOMs    CDIElec  SWITch   VATOm    VFSWIt  
     BYGRoup  NOEXtnd  NOEWald 
 CUTNB  = 26.000 CTEXNB =999.000 CTONNB = 20.000 CTOFNB = 22.000
 CGONNB =  0.000 CGOFNB = 10.000
 WMIN   =  1.000 WRNMXD =  0.500 E14FAC =  1.000 EPS    = 80.000
 NBXMOD =      5
 There are      368 atom  pairs and        0 atom  exclusions.
 There are        0 group pairs and        0 group exclusions.
 Generating nonbond list with Exclusion mode = 5
 == PRIMARY == SPACE FOR     1985 ATOM PAIRS AND        0 GROUP PAIRS

 General atom nonbond list generation found:
      371 ATOM PAIRS WERE FOUND FOR ATOM LIST
        0 GROUP PAIRS REQUIRED ATOM SEARCHES

 SPACE FOR      410 ATOM PAIRS AND        0 GROUP PAIRS

 Image nonbond list generation found:
      212 ATOM PAIRS WERE FOUND FOR ATOM LIST
        0 ATOM PAIRS WERE FOUND FOR ATOM SELF LIST
        0 GROUP PAIRS REQUIRED ATOM SEARCHES

 **** Warning ****  The following extraneous characters
 were found while command processing in CHARMM
 CDIE
  
 CHARMM>     
  
 CHARMM>    ENERGY

 SELECTED IMAGES ATOMS BEING CENTERED ABOUT  0.000000  0.000000  0.000000

 <MKIMAT2>: updating the image atom lists and remapping
 Transformation   Atoms  Groups  Residues  Min-Distance
    1  N1N1N1R1 has       0       0       0     9975.81
    2  N1Z0N1R1 has       0       0       0     9975.77
    3  N1P1N1R1 has       0       0       0     9975.83
    4  Z0N1N1R1 has       0       0       0     9975.78
    5  Z0Z0N1R1 has       0       0       0     9975.76
    6  Z0P1N1R1 has       0       0       0     9975.80
    7  N1N1Z0R1 has       6       6       6        2.61
    8  N1Z0Z0R1 has      21      21      21        0.46
    9  N1P1Z0R1 has       5       5       5        4.80
   10  Z0N1Z0R1 has      20      20      20        0.08
   12  N1N1P1R1 has       0       0       0     9975.85
   13  N1Z0P1R1 has       0       0       0     9975.80
   14  N1P1P1R1 has       0       0       0     9975.82
 Total of  116 atoms and  116 groups and  116 residues were included

 <MAKGRP> found      0 image group exclusions.

 NONBOND OPTION FLAGS: 
     ELEC     VDW      ATOMs    CDIElec  SWITch   VATOm    VFSWIt  
     BYGRoup  NOEXtnd  NOEWald 
 CUTNB  = 26.000 CTEXNB =999.000 CTONNB = 20.000 CTOFNB = 22.000
 CGONNB =  0.000 CGOFNB = 10.000
 WMIN   =  1.000 WRNMXD =  0.500 E14FAC =  1.000 EPS    = 80.000
 NBXMOD =      5
 There are      371 atom  pairs and        0 atom  exclusions.
 There are        0 group pairs and        0 group exclusions.
 Generating nonbond list with Exclusion mode = 5
 == PRIMARY == SPACE FOR     1985 ATOM PAIRS AND        0 GROUP PAIRS

 General atom nonbond list generation found:
      371 ATOM PAIRS WERE FOUND FOR ATOM LIST
        0 GROUP PAIRS REQUIRED ATOM SEARCHES

 SPACE FOR      410 ATOM PAIRS AND        0 GROUP PAIRS

 Image nonbond list generation found:
      212 ATOM PAIRS WERE FOUND FOR ATOM LIST
        0 ATOM PAIRS WERE FOUND FOR ATOM SELF LIST
        0 GROUP PAIRS REQUIRED ATOM SEARCHES

ENER ENR:  Eval#     ENERgy      Delta-E         GRMS
ENER EXTERN:        VDWaals         ELEC       HBONds          ASP         USER
ENER IMAGES:        IMNBvdw       IMELec       IMHBnd       RXNField    EXTElec
ENER MMFP:              GEO        MDIP           SSBP        SHEL       DROFfa
 ----------       ---------    ---------    ---------    ---------    ---------
ENER>        0  28962.29710      0.00000   3380.52158
ENER EXTERN>    22871.95621      0.00000      0.00000      0.00000      0.00000
ENER IMAGES>     6075.23222      0.00000      0.00000      0.00000      0.00000
ENER MMFP>         15.10867      0.00000      0.00000      0.00000      0.00000
 ----------       ---------    ---------    ---------    ---------    ---------
  
 CHARMM>     
  
 CHARMM>    mini sd   nstep 200    nprint 10

 SELECTED IMAGES ATOMS BEING CENTERED ABOUT  0.000000  0.000000  0.000000

 <MKIMAT2>: updating the image atom lists and remapping
 Transformation   Atoms  Groups  Residues  Min-Distance
    1  N1N1N1R1 has       0       0       0     9975.81
    2  N1Z0N1R1 has       0       0       0     9975.77
    3  N1P1N1R1 has       0       0       0     9975.83
    4  Z0N1N1R1 has       0       0       0     9975.78
    5  Z0Z0N1R1 has       0       0       0     9975.76
    6  Z0P1N1R1 has       0       0       0     9975.80
    7  N1N1Z0R1 has       6       6       6        2.61
    8  N1Z0Z0R1 has      21      21      21        0.46
    9  N1P1Z0R1 has       5       5       5        4.80
   10  Z0N1Z0R1 has      20      20      20        0.08
   12  N1N1P1R1 has       0       0       0     9975.85
   13  N1Z0P1R1 has       0       0       0     9975.80
   14  N1P1P1R1 has       0       0       0     9975.82
 Total of  116 atoms and  116 groups and  116 residues were included

 <MAKGRP> found      0 image group exclusions.

 NONBOND OPTION FLAGS: 
     ELEC     VDW      ATOMs    CDIElec  SWITch   VATOm    VFSWIt  
     BYGRoup  NOEXtnd  NOEWald 
 CUTNB  = 26.000 CTEXNB =999.000 CTONNB = 20.000 CTOFNB = 22.000
 CGONNB =  0.000 CGOFNB = 10.000
 WMIN   =  1.000 WRNMXD =  0.500 E14FAC =  1.000 EPS    = 80.000
 NBXMOD =      5
 There are      371 atom  pairs and        0 atom  exclusions.
 There are        0 group pairs and        0 group exclusions.
 Generating nonbond list with Exclusion mode = 5
 == PRIMARY == SPACE FOR     1985 ATOM PAIRS AND        0 GROUP PAIRS

 General atom nonbond list generation found:
      371 ATOM PAIRS WERE FOUND FOR ATOM LIST
        0 GROUP PAIRS REQUIRED ATOM SEARCHES

 SPACE FOR      410 ATOM PAIRS AND        0 GROUP PAIRS

 Image nonbond list generation found:
      212 ATOM PAIRS WERE FOUND FOR ATOM LIST
        0 ATOM PAIRS WERE FOUND FOR ATOM SELF LIST
        0 GROUP PAIRS REQUIRED ATOM SEARCHES



 STEEPD> An energy minimization has been requested.

 NSTEP  =          200   NPRINT =           10
 STEP   =    0.0200000   TOLFUN =    0.0000000
 TOLGRD =    0.0000000   TOLSTP =    0.0000000

MINI MIN: Cycle      ENERgy      Delta-E         GRMS    Step-size
MINI EXTERN:        VDWaals         ELEC       HBONds          ASP         USER
MINI IMAGES:        IMNBvdw       IMELec       IMHBnd       RXNField    EXTElec
MINI MMFP:              GEO        MDIP           SSBP        SHEL       DROFfa
 ----------       ---------    ---------    ---------    ---------    ---------
MINI>        0  28962.29710      0.00000   3380.52158      0.02000
MINI EXTERN>    22871.95621      0.00000      0.00000      0.00000      0.00000
MINI IMAGES>     6075.23222      0.00000      0.00000      0.00000      0.00000
MINI MMFP>         15.10867      0.00000      0.00000      0.00000      0.00000
 ----------       ---------    ---------    ---------    ---------    ---------
MINI>       10    792.48349  28169.81361     44.29275      0.05160
MINI EXTERN>      417.93064      0.00000      0.00000      0.00000      0.00000
MINI IMAGES>      362.02015      0.00000      0.00000      0.00000      0.00000
MINI MMFP>         12.53270      0.00000      0.00000      0.00000      0.00000
 ----------       ---------    ---------    ---------    ---------    ---------
 UPDECI: Image update at step        12

 <MKIMAT2>: updating the image atom lists and remapping
 Transformation   Atoms  Groups  Residues  Min-Distance
    1  N1N1N1R1 has       0       0       0     9975.91
    2  N1Z0N1R1 has       0       0       0     9975.89
    3  N1P1N1R1 has       0       0       0     9975.91
    4  Z0N1N1R1 has       0       0       0     9975.88
    5  Z0Z0N1R1 has       0       0       0     9975.88
    6  Z0P1N1R1 has       0       0       0     9975.89
    7  N1N1Z0R1 has       5       5       5        1.40
    8  N1Z0Z0R1 has      21      21      21        1.00
    9  N1P1Z0R1 has       5       5       5        4.23
   10  Z0N1Z0R1 has      21      21      21        0.00
   12  N1N1P1R1 has       0       0       0     9975.93
   13  N1Z0P1R1 has       0       0       0     9975.91
   14  N1P1P1R1 has       0       0       0     9975.92
 Total of  116 atoms and  116 groups and  116 residues were included

 <MAKGRP> found      0 image group exclusions.
 UPDECI: Nonbond update at step        12
 Generating nonbond list with Exclusion mode = 5
 == PRIMARY == SPACE FOR     1985 ATOM PAIRS AND        0 GROUP PAIRS

 General atom nonbond list generation found:
      373 ATOM PAIRS WERE FOUND FOR ATOM LIST
        0 GROUP PAIRS REQUIRED ATOM SEARCHES

 SPACE FOR      410 ATOM PAIRS AND        0 GROUP PAIRS

 Image nonbond list generation found:
      207 ATOM PAIRS WERE FOUND FOR ATOM LIST
        0 ATOM PAIRS WERE FOUND FOR ATOM SELF LIST
        0 GROUP PAIRS REQUIRED ATOM SEARCHES

MINI>       20    -30.27142    822.75491      2.84137      0.05547
MINI EXTERN>      -31.67637      0.00000      0.00000      0.00000      0.00000
MINI IMAGES>       -6.05700      0.00000      0.00000      0.00000      0.00000
MINI MMFP>          7.46195      0.00000      0.00000      0.00000      0.00000
 ----------       ---------    ---------    ---------    ---------    ---------
 UPDECI: Image update at step        23

 <MKIMAT2>: updating the image atom lists and remapping
 Transformation   Atoms  Groups  Residues  Min-Distance
    1  N1N1N1R1 has       0       0       0     9975.84
    2  N1Z0N1R1 has       0       0       0     9975.84
    3  N1P1N1R1 has       0       0       0     9975.90
    4  Z0N1N1R1 has       0       0       0     9975.84
    5  Z0Z0N1R1 has       0       0       0     9975.84
    6  Z0P1N1R1 has       0       0       0     9975.88
    7  N1N1Z0R1 has       4       4       4        1.07
    8  N1Z0Z0R1 has      20      20      20        1.06
    9  N1P1Z0R1 has       5       5       5        5.02
   10  Z0N1Z0R1 has      22      22      22        0.00
   12  N1N1P1R1 has       0       0       0     9975.89
   13  N1Z0P1R1 has       0       0       0     9975.89
   14  N1P1P1R1 has       0       0       0     9975.90
 Total of  115 atoms and  115 groups and  115 residues were included

 <MAKGRP> found      0 image group exclusions.
 UPDECI: Nonbond update at step        23
 Generating nonbond list with Exclusion mode = 5
 == PRIMARY == SPACE FOR     1985 ATOM PAIRS AND        0 GROUP PAIRS

 General atom nonbond list generation found:
      371 ATOM PAIRS WERE FOUND FOR ATOM LIST
        0 GROUP PAIRS REQUIRED ATOM SEARCHES

 SPACE FOR      410 ATOM PAIRS AND        0 GROUP PAIRS

 Image nonbond list generation found:
      184 ATOM PAIRS WERE FOUND FOR ATOM LIST
        0 ATOM PAIRS WERE FOUND FOR ATOM SELF LIST
        0 GROUP PAIRS REQUIRED ATOM SEARCHES

MINI>       30    -51.74393     21.47251      0.38818      0.01035
MINI EXTERN>      -40.77906      0.00000      0.00000      0.00000      0.00000
MINI IMAGES>      -11.00364      0.00000      0.00000      0.00000      0.00000
MINI MMFP>          0.03877      0.00000      0.00000      0.00000      0.00000
 ----------       ---------    ---------    ---------    ---------    ---------
MINI>       40    -55.95604      4.21212      0.29085      0.01113
MINI EXTERN>      -43.62627      0.00000      0.00000      0.00000      0.00000
MINI IMAGES>      -12.34286      0.00000      0.00000      0.00000      0.00000
MINI MMFP>          0.01309      0.00000      0.00000      0.00000      0.00000
 ----------       ---------    ---------    ---------    ---------    ---------
MINI>       50    -58.71185      2.75580      0.66902      0.01196
MINI EXTERN>      -45.80669      0.00000      0.00000      0.00000      0.00000
MINI IMAGES>      -13.28908      0.00000      0.00000      0.00000      0.00000
MINI MMFP>          0.38392      0.00000      0.00000      0.00000      0.00000
 ----------       ---------    ---------    ---------    ---------    ---------
MINI>       60    -60.63818      1.92633      0.70149      0.01286
MINI EXTERN>      -47.21330      0.00000      0.00000      0.00000      0.00000
MINI IMAGES>      -13.86277      0.00000      0.00000      0.00000      0.00000
MINI MMFP>          0.43789      0.00000      0.00000      0.00000      0.00000
 ----------       ---------    ---------    ---------    ---------    ---------
MINI>       70    -62.64552      2.00734      0.21916      0.00576
MINI EXTERN>      -48.35624      0.00000      0.00000      0.00000      0.00000
MINI IMAGES>      -14.30794      0.00000      0.00000      0.00000      0.00000
MINI MMFP>          0.01866      0.00000      0.00000      0.00000      0.00000
 ----------       ---------    ---------    ---------    ---------    ---------
MINI>       80    -63.88885      1.24333      0.29860      0.00619
MINI EXTERN>      -49.29314      0.00000      0.00000      0.00000      0.00000
MINI IMAGES>      -14.65936      0.00000      0.00000      0.00000      0.00000
MINI MMFP>          0.06365      0.00000      0.00000      0.00000      0.00000
 ----------       ---------    ---------    ---------    ---------    ---------
MINI>       90    -64.93519      1.04634      0.23881      0.00665
MINI EXTERN>      -50.04048      0.00000      0.00000      0.00000      0.00000
MINI IMAGES>      -14.93131      0.00000      0.00000      0.00000      0.00000
MINI MMFP>          0.03661      0.00000      0.00000      0.00000      0.00000
 ----------       ---------    ---------    ---------    ---------    ---------
MINI>      100    -65.70039      0.76520      0.40274      0.00715
MINI EXTERN>      -50.68181      0.00000      0.00000      0.00000      0.00000
MINI IMAGES>      -15.15926      0.00000      0.00000      0.00000      0.00000
MINI MMFP>          0.14067      0.00000      0.00000      0.00000      0.00000
 ----------       ---------    ---------    ---------    ---------    ---------
 UPDECI: Image update at step       107

 <MKIMAT2>: updating the image atom lists and remapping
 Transformation   Atoms  Groups  Residues  Min-Distance
    1  N1N1N1R1 has       0       0       0     9976.00
    2  N1Z0N1R1 has       0       0       0     9976.00
    3  N1P1N1R1 has       0       0       0     9976.01
    4  Z0N1N1R1 has       0       0       0     9976.00
    5  Z0Z0N1R1 has       0       0       0     9976.00
    6  Z0P1N1R1 has       0       0       0     9976.00
    7  N1N1Z0R1 has       4       4       4        1.00
    8  N1Z0Z0R1 has      20      20      20        1.00
    9  N1P1Z0R1 has       4       4       4        4.60
   10  Z0N1Z0R1 has      22      22      22        0.00
   12  N1N1P1R1 has       0       0       0     9976.01
   13  N1Z0P1R1 has       0       0       0     9976.00
   14  N1P1P1R1 has       0       0       0     9976.00
 Total of  114 atoms and  114 groups and  114 residues were included

 <MAKGRP> found      0 image group exclusions.
 UPDECI: Nonbond update at step       107
 Generating nonbond list with Exclusion mode = 5
 == PRIMARY == SPACE FOR     1985 ATOM PAIRS AND        0 GROUP PAIRS

 General atom nonbond list generation found:
      371 ATOM PAIRS WERE FOUND FOR ATOM LIST
        0 GROUP PAIRS REQUIRED ATOM SEARCHES

 SPACE FOR      410 ATOM PAIRS AND        0 GROUP PAIRS

 Image nonbond list generation found:
      171 ATOM PAIRS WERE FOUND FOR ATOM LIST
        0 ATOM PAIRS WERE FOUND FOR ATOM SELF LIST
        0 GROUP PAIRS REQUIRED ATOM SEARCHES

MINI>      110    -66.51540      0.81501      0.12440      0.00320
MINI EXTERN>      -51.18295      0.00000      0.00000      0.00000      0.00000
MINI IMAGES>      -15.33424      0.00000      0.00000      0.00000      0.00000
MINI MMFP>          0.00179      0.00000      0.00000      0.00000      0.00000
 ----------       ---------    ---------    ---------    ---------    ---------
MINI>      120    -66.96949      0.45409      0.45211      0.00827
MINI EXTERN>      -51.65719      0.00000      0.00000      0.00000      0.00000
MINI IMAGES>      -15.49754      0.00000      0.00000      0.00000      0.00000
MINI MMFP>          0.18523      0.00000      0.00000      0.00000      0.00000
 ----------       ---------    ---------    ---------    ---------    ---------
MINI>      130    -67.65043      0.68094      0.10610      0.00370
MINI EXTERN>      -52.02782      0.00000      0.00000      0.00000      0.00000
MINI IMAGES>      -15.62357      0.00000      0.00000      0.00000      0.00000
MINI MMFP>          0.00097      0.00000      0.00000      0.00000      0.00000
 ----------       ---------    ---------    ---------    ---------    ---------
MINI>      140    -68.13324      0.48281      0.21079      0.00398
MINI EXTERN>      -52.41404      0.00000      0.00000      0.00000      0.00000
MINI IMAGES>      -15.75336      0.00000      0.00000      0.00000      0.00000
MINI MMFP>          0.03416      0.00000      0.00000      0.00000      0.00000
 ----------       ---------    ---------    ---------    ---------    ---------
MINI>      150    -68.56626      0.43302      0.14661      0.00428
MINI EXTERN>      -52.72340      0.00000      0.00000      0.00000      0.00000
MINI IMAGES>      -15.85595      0.00000      0.00000      0.00000      0.00000
MINI MMFP>          0.01309      0.00000      0.00000      0.00000      0.00000
 ----------       ---------    ---------    ---------    ---------    ---------
MINI>      160    -68.89763      0.33137      0.25402      0.00460
MINI EXTERN>      -53.00488      0.00000      0.00000      0.00000      0.00000
MINI IMAGES>      -15.94801      0.00000      0.00000      0.00000      0.00000
MINI MMFP>          0.05526      0.00000      0.00000      0.00000      0.00000
 ----------       ---------    ---------    ---------    ---------    ---------
MINI>      170    -69.20609      0.30845      0.26753      0.00494
MINI EXTERN>      -53.24379      0.00000      0.00000      0.00000      0.00000
MINI IMAGES>      -16.02496      0.00000      0.00000      0.00000      0.00000
MINI MMFP>          0.06266      0.00000      0.00000      0.00000      0.00000
 ----------       ---------    ---------    ---------    ---------    ---------
MINI>      180    -69.56493      0.35884      0.08569      0.00221
MINI EXTERN>      -53.46982      0.00000      0.00000      0.00000      0.00000
MINI IMAGES>      -16.09661      0.00000      0.00000      0.00000      0.00000
MINI MMFP>          0.00150      0.00000      0.00000      0.00000      0.00000
 ----------       ---------    ---------    ---------    ---------    ---------
MINI>      190    -69.75586      0.19093      0.31224      0.00571
MINI EXTERN>      -53.68177      0.00000      0.00000      0.00000      0.00000
MINI IMAGES>      -16.16269      0.00000      0.00000      0.00000      0.00000
MINI MMFP>          0.08860      0.00000      0.00000      0.00000      0.00000
 ----------       ---------    ---------    ---------    ---------    ---------
MINI>      200    -70.07362      0.31776      0.07302      0.00256
MINI EXTERN>      -53.85747      0.00000      0.00000      0.00000      0.00000
MINI IMAGES>      -16.21657      0.00000      0.00000      0.00000      0.00000
MINI MMFP>          0.00042      0.00000      0.00000      0.00000      0.00000
 ----------       ---------    ---------    ---------    ---------    ---------

 STEEPD> Minimization exiting with number of steps limit (       200) exceeded.

STPD MIN: Cycle      ENERgy      Delta-E         GRMS    Step-size
STPD EXTERN:        VDWaals         ELEC       HBONds          ASP         USER
STPD IMAGES:        IMNBvdw       IMELec       IMHBnd       RXNField    EXTElec
STPD MMFP:              GEO        MDIP           SSBP        SHEL       DROFfa
 ----------       ---------    ---------    ---------    ---------    ---------
STPD>      200    -70.07362      0.31776      0.07302      0.00307
STPD EXTERN>      -53.85747      0.00000      0.00000      0.00000      0.00000
STPD IMAGES>      -16.21657      0.00000      0.00000      0.00000      0.00000
STPD MMFP>          0.00042      0.00000      0.00000      0.00000      0.00000
 ----------       ---------    ---------    ---------    ---------    ---------
  
 CHARMM>    mini abnr nstep 200    nprint 10

 SELECTED IMAGES ATOMS BEING CENTERED ABOUT  0.000000  0.000000  0.000000
 RESIDUE    8 OPERATED ON BY TRANSFORMATION N1Z0Z0R1
 RESIDUE   10 OPERATED ON BY TRANSFORMATION Z0P1Z0R1
 RESIDUE   11 OPERATED ON BY TRANSFORMATION Z0N1Z0R1
 RESIDUE   33 OPERATED ON BY TRANSFORMATION Z0P1Z0R1
 RESIDUE   46 OPERATED ON BY TRANSFORMATION Z0N1Z0R1

 <MKIMAT2>: updating the image atom lists and remapping
 Transformation   Atoms  Groups  Residues  Min-Distance
    1  N1N1N1R1 has       0       0       0     9976.01
    2  N1Z0N1R1 has       0       0       0     9976.00
    3  N1P1N1R1 has       0       0       0     9976.00
    4  Z0N1N1R1 has       0       0       0     9976.00
    5  Z0Z0N1R1 has       0       0       0     9976.00
    6  Z0P1N1R1 has       0       0       0     9976.00
    7  N1N1Z0R1 has       2       2       2       13.58
    8  N1Z0Z0R1 has      18      18      18        0.49
    9  N1P1Z0R1 has       6       6       6        6.22
   10  Z0N1Z0R1 has      19      19      19        2.90
   12  N1N1P1R1 has       0       0       0     9976.01
   13  N1Z0P1R1 has       0       0       0     9976.00
   14  N1P1P1R1 has       0       0       0     9976.00
 Total of  109 atoms and  109 groups and  109 residues were included

 <MAKGRP> found      0 image group exclusions.

 NONBOND OPTION FLAGS: 
     ELEC     VDW      ATOMs    CDIElec  SWITch   VATOm    VFSWIt  
     BYGRoup  NOEXtnd  NOEWald 
 CUTNB  = 26.000 CTEXNB =999.000 CTONNB = 20.000 CTOFNB = 22.000
 CGONNB =  0.000 CGOFNB = 10.000
 WMIN   =  1.000 WRNMXD =  0.500 E14FAC =  1.000 EPS    = 80.000
 NBXMOD =      5
 There are      371 atom  pairs and        0 atom  exclusions.
 There are        0 group pairs and        0 group exclusions.
 Generating nonbond list with Exclusion mode = 5
 == PRIMARY == SPACE FOR     1985 ATOM PAIRS AND        0 GROUP PAIRS

 General atom nonbond list generation found:
      382 ATOM PAIRS WERE FOUND FOR ATOM LIST
        0 GROUP PAIRS REQUIRED ATOM SEARCHES

 SPACE FOR      410 ATOM PAIRS AND        0 GROUP PAIRS

 Image nonbond list generation found:
      157 ATOM PAIRS WERE FOUND FOR ATOM LIST
        0 ATOM PAIRS WERE FOUND FOR ATOM SELF LIST
        0 GROUP PAIRS REQUIRED ATOM SEARCHES



 ABNER> An energy minimization has been requested.

 EIGRNG =    0.0005000   MINDIM =            5
 NPRINT =           10   NSTEP  =          200
 PSTRCT =    0.0000000   SDSTP  =    0.0200000
 STPLIM =    1.0000000   STRICT =    0.1000000
 TOLFUN =    0.0000000   TOLGRD =    0.0000000
 TOLITR =          100   TOLSTP =    0.0000000
 FMEM   =    0.0000000
MINI MIN: Cycle      ENERgy      Delta-E         GRMS    Step-size
MINI EXTERN:        VDWaals         ELEC       HBONds          ASP         USER
MINI IMAGES:        IMNBvdw       IMELec       IMHBnd       RXNField    EXTElec
MINI MMFP:              GEO        MDIP           SSBP        SHEL       DROFfa
 ----------       ---------    ---------    ---------    ---------    ---------
MINI>        0    -70.07362     -0.00000      0.07302      0.00000
MINI EXTERN>      -55.66911      0.00000      0.00000      0.00000      0.00000
MINI IMAGES>      -14.40494      0.00000      0.00000      0.00000      0.00000
MINI MMFP>          0.00042      0.00000      0.00000      0.00000      0.00000
 ----------       ---------    ---------    ---------    ---------    ---------
MINI>       10    -72.80612      2.73249      0.24276      0.07972
MINI EXTERN>      -58.09247      0.00000      0.00000      0.00000      0.00000
MINI IMAGES>      -14.76771      0.00000      0.00000      0.00000      0.00000
MINI MMFP>          0.05407      0.00000      0.00000      0.00000      0.00000
 ----------       ---------    ---------    ---------    ---------    ---------
MINI>       20    -72.76531     -0.04081      0.71052      0.12397
MINI EXTERN>      -58.50986      0.00000      0.00000      0.00000      0.00000
MINI IMAGES>      -14.73943      0.00000      0.00000      0.00000      0.00000
MINI MMFP>          0.48398      0.00000      0.00000      0.00000      0.00000
 ----------       ---------    ---------    ---------    ---------    ---------
MINI>       30    -72.86697      0.10166      0.77101      0.12854
MINI EXTERN>      -58.68917      0.00000      0.00000      0.00000      0.00000
MINI IMAGES>      -14.74845      0.00000      0.00000      0.00000      0.00000
MINI MMFP>          0.57064      0.00000      0.00000      0.00000      0.00000
 ----------       ---------    ---------    ---------    ---------    ---------
 UPDECI: Image update at step        33

 <MKIMAT2>: updating the image atom lists and remapping
 Transformation   Atoms  Groups  Residues  Min-Distance
    1  N1N1N1R1 has       0       0       0     9976.01
    2  N1Z0N1R1 has       0       0       0     9976.00
    3  N1P1N1R1 has       0       0       0     9976.01
    4  Z0N1N1R1 has       0       0       0     9976.00
    5  Z0Z0N1R1 has       0       0       0     9976.00
    6  Z0P1N1R1 has       0       0       0     9976.00
    7  N1N1Z0R1 has       2       2       2       14.47
    8  N1Z0Z0R1 has      18      18      18        0.41
    9  N1P1Z0R1 has       6       6       6        5.49
   10  Z0N1Z0R1 has      19      19      19        2.81
   12  N1N1P1R1 has       0       0       0     9976.01
   13  N1Z0P1R1 has       0       0       0     9976.00
   14  N1P1P1R1 has       0       0       0     9976.00
 Total of  109 atoms and  109 groups and  109 residues were included

 <MAKGRP> found      0 image group exclusions.
 UPDECI: Nonbond update at step        33
 Generating nonbond list with Exclusion mode = 5
 == PRIMARY == SPACE FOR     1985 ATOM PAIRS AND        0 GROUP PAIRS

 General atom nonbond list generation found:
      385 ATOM PAIRS WERE FOUND FOR ATOM LIST
        0 GROUP PAIRS REQUIRED ATOM SEARCHES

 SPACE FOR      410 ATOM PAIRS AND        0 GROUP PAIRS

 Image nonbond list generation found:
      155 ATOM PAIRS WERE FOUND FOR ATOM LIST
        0 ATOM PAIRS WERE FOUND FOR ATOM SELF LIST
        0 GROUP PAIRS REQUIRED ATOM SEARCHES

MINI>       40    -73.54181      0.67484      0.45681      0.08529
MINI EXTERN>      -59.02323      0.00000      0.00000      0.00000      0.00000
MINI IMAGES>      -14.71855      0.00000      0.00000      0.00000      0.00000
MINI MMFP>          0.19997      0.00000      0.00000      0.00000      0.00000
 ----------       ---------    ---------    ---------    ---------    ---------
MINI>       50    -74.06386      0.52205      0.23384      0.04957
MINI EXTERN>      -59.46803      0.00000      0.00000      0.00000      0.00000
MINI IMAGES>      -14.64709      0.00000      0.00000      0.00000      0.00000
MINI MMFP>          0.05125      0.00000      0.00000      0.00000      0.00000
 ----------       ---------    ---------    ---------    ---------    ---------
MINI>       60    -74.44356      0.37970      0.11606      0.02880
MINI EXTERN>      -59.80900      0.00000      0.00000      0.00000      0.00000
MINI IMAGES>      -14.64595      0.00000      0.00000      0.00000      0.00000
MINI MMFP>          0.01140      0.00000      0.00000      0.00000      0.00000
 ----------       ---------    ---------    ---------    ---------    ---------
MINI>       70    -74.70663      0.26307      0.04563      0.01674
MINI EXTERN>      -59.99750      0.00000      0.00000      0.00000      0.00000
MINI IMAGES>      -14.70992      0.00000      0.00000      0.00000      0.00000
MINI MMFP>          0.00079      0.00000      0.00000      0.00000      0.00000
 ----------       ---------    ---------    ---------    ---------    ---------
 UPDECI: Image update at step        77

 <MKIMAT2>: updating the image atom lists and remapping
 Transformation   Atoms  Groups  Residues  Min-Distance
    1  N1N1N1R1 has       0       0       0     9976.01
    2  N1Z0N1R1 has       0       0       0     9975.99
    3  N1P1N1R1 has       0       0       0     9976.00
    4  Z0N1N1R1 has       0       0       0     9976.00
    5  Z0Z0N1R1 has       0       0       0     9975.99
    6  Z0P1N1R1 has       0       0       0     9975.99
    7  N1N1Z0R1 has       2       2       2       14.83
    8  N1Z0Z0R1 has      18      18      18        1.24
    9  N1P1Z0R1 has       6       6       6        3.54
   10  Z0N1Z0R1 has      20      20      20        1.32
   12  N1N1P1R1 has       0       0       0     9976.01
   13  N1Z0P1R1 has       0       0       0     9976.00
   14  N1P1P1R1 has       0       0       0     9976.00
 Total of  110 atoms and  110 groups and  110 residues were included

 <MAKGRP> found      0 image group exclusions.
 UPDECI: Nonbond update at step        77
 Generating nonbond list with Exclusion mode = 5
 == PRIMARY == SPACE FOR     1985 ATOM PAIRS AND        0 GROUP PAIRS

 General atom nonbond list generation found:
      384 ATOM PAIRS WERE FOUND FOR ATOM LIST
        0 GROUP PAIRS REQUIRED ATOM SEARCHES

 SPACE FOR      410 ATOM PAIRS AND        0 GROUP PAIRS

 Image nonbond list generation found:
      156 ATOM PAIRS WERE FOUND FOR ATOM LIST
        0 ATOM PAIRS WERE FOUND FOR ATOM SELF LIST
        0 GROUP PAIRS REQUIRED ATOM SEARCHES

MINI>       80    -75.19092      0.48430      0.04877      0.02702
MINI EXTERN>      -60.34507      0.00000      0.00000      0.00000      0.00000
MINI IMAGES>      -14.84682      0.00000      0.00000      0.00000      0.00000
MINI MMFP>          0.00097      0.00000      0.00000      0.00000      0.00000
 ----------       ---------    ---------    ---------    ---------    ---------
MINI>       90    -75.48662      0.29570      0.19394      0.04362
MINI EXTERN>      -60.46288      0.00000      0.00000      0.00000      0.00000
MINI IMAGES>      -15.05862      0.00000      0.00000      0.00000      0.00000
MINI MMFP>          0.03487      0.00000      0.00000      0.00000      0.00000
 ----------       ---------    ---------    ---------    ---------    ---------
MINI>      100    -75.74610      0.25948      0.02960      0.01521
MINI EXTERN>      -60.55924      0.00000      0.00000      0.00000      0.00000
MINI IMAGES>      -15.18715      0.00000      0.00000      0.00000      0.00000
MINI MMFP>          0.00028      0.00000      0.00000      0.00000      0.00000
 ----------       ---------    ---------    ---------    ---------    ---------
 UPDECI: Image update at step       110

 <MKIMAT2>: updating the image atom lists and remapping
 Transformation   Atoms  Groups  Residues  Min-Distance
    1  N1N1N1R1 has       0       0       0     9976.01
    2  N1Z0N1R1 has       0       0       0     9976.00
    3  N1P1N1R1 has       0       0       0     9976.00
    4  Z0N1N1R1 has       0       0       0     9976.00
    5  Z0Z0N1R1 has       0       0       0     9976.00
    6  Z0P1N1R1 has       0       0       0     9976.00
    7  N1N1Z0R1 has       2       2       2       13.17
    8  N1Z0Z0R1 has      18      18      18        0.87
    9  N1P1Z0R1 has       6       6       6        2.25
   10  Z0N1Z0R1 has      19      19      19        0.00
   12  N1N1P1R1 has       0       0       0     9976.01
   13  N1Z0P1R1 has       0       0       0     9976.00
   14  N1P1P1R1 has       0       0       0     9976.00
 Total of  109 atoms and  109 groups and  109 residues were included

 <MAKGRP> found      0 image group exclusions.
 UPDECI: Nonbond update at step       110
 Generating nonbond list with Exclusion mode = 5
 == PRIMARY == SPACE FOR     1985 ATOM PAIRS AND        0 GROUP PAIRS

 General atom nonbond list generation found:
      377 ATOM PAIRS WERE FOUND FOR ATOM LIST
        0 GROUP PAIRS REQUIRED ATOM SEARCHES

 SPACE FOR      410 ATOM PAIRS AND        0 GROUP PAIRS

 Image nonbond list generation found:
      160 ATOM PAIRS WERE FOUND FOR ATOM LIST
        0 ATOM PAIRS WERE FOUND FOR ATOM SELF LIST
        0 GROUP PAIRS REQUIRED ATOM SEARCHES

MINI>      110    -75.97523      0.22913      0.04994      0.01473
MINI EXTERN>      -60.43357      0.00000      0.00000      0.00000      0.00000
MINI IMAGES>      -15.54296      0.00000      0.00000      0.00000      0.00000
MINI MMFP>          0.00129      0.00000      0.00000      0.00000      0.00000
 ----------       ---------    ---------    ---------    ---------    ---------
MINI>      120    -76.17665      0.20141      0.04678      0.01427
MINI EXTERN>      -60.55235      0.00000      0.00000      0.00000      0.00000
MINI IMAGES>      -15.62600      0.00000      0.00000      0.00000      0.00000
MINI MMFP>          0.00171      0.00000      0.00000      0.00000      0.00000
 ----------       ---------    ---------    ---------    ---------    ---------
MINI>      130    -76.32771      0.15107      0.03494      0.01382
MINI EXTERN>      -60.53418      0.00000      0.00000      0.00000      0.00000
MINI IMAGES>      -15.79421      0.00000      0.00000      0.00000      0.00000
MINI MMFP>          0.00067      0.00000      0.00000      0.00000      0.00000
 ----------       ---------    ---------    ---------    ---------    ---------
MINI>      140    -76.44629      0.11858      0.03833      0.01338
MINI EXTERN>      -60.61508      0.00000      0.00000      0.00000      0.00000
MINI IMAGES>      -15.83204      0.00000      0.00000      0.00000      0.00000
MINI MMFP>          0.00083      0.00000      0.00000      0.00000      0.00000
 ----------       ---------    ---------    ---------    ---------    ---------
 UPDECI: Image update at step       149

 <MKIMAT2>: updating the image atom lists and remapping
 Transformation   Atoms  Groups  Residues  Min-Distance
    1  N1N1N1R1 has       0       0       0     9976.01
    2  N1Z0N1R1 has       0       0       0     9976.00
    3  N1P1N1R1 has       0       0       0     9976.00
    4  Z0N1N1R1 has       0       0       0     9976.00
    5  Z0Z0N1R1 has       0       0       0     9975.99
    6  Z0P1N1R1 has       0       0       0     9975.99
    7  N1N1Z0R1 has       1       1       1       12.17
    8  N1Z0Z0R1 has      18      18      18        0.56
    9  N1P1Z0R1 has       6       6       6        1.95
   10  Z0N1Z0R1 has      19      19      19        0.00
   12  N1N1P1R1 has       0       0       0     9976.00
   13  N1Z0P1R1 has       0       0       0     9976.00
   14  N1P1P1R1 has       0       0       0     9976.00
 Total of  108 atoms and  108 groups and  108 residues were included

 <MAKGRP> found      0 image group exclusions.
 UPDECI: Nonbond update at step       149
 Generating nonbond list with Exclusion mode = 5
 == PRIMARY == SPACE FOR     1985 ATOM PAIRS AND        0 GROUP PAIRS

 General atom nonbond list generation found:
      378 ATOM PAIRS WERE FOUND FOR ATOM LIST
        0 GROUP PAIRS REQUIRED ATOM SEARCHES

 SPACE FOR      410 ATOM PAIRS AND        0 GROUP PAIRS

 Image nonbond list generation found:
      161 ATOM PAIRS WERE FOUND FOR ATOM LIST
        0 ATOM PAIRS WERE FOUND FOR ATOM SELF LIST
        0 GROUP PAIRS REQUIRED ATOM SEARCHES

MINI>      150    -76.64578      0.19949      0.03773      0.02160
MINI EXTERN>      -60.83810      0.00000      0.00000      0.00000      0.00000
MINI IMAGES>      -15.80802      0.00000      0.00000      0.00000      0.00000
MINI MMFP>          0.00034      0.00000      0.00000      0.00000      0.00000
 ----------       ---------    ---------    ---------    ---------    ---------
MINI>      160    -76.86244      0.21667      0.05106      0.01256
MINI EXTERN>      -61.09233      0.00000      0.00000      0.00000      0.00000
MINI IMAGES>      -15.77212      0.00000      0.00000      0.00000      0.00000
MINI MMFP>          0.00200      0.00000      0.00000      0.00000      0.00000
 ----------       ---------    ---------    ---------    ---------    ---------
 UPDECI: Image update at step       164

 <MKIMAT2>: updating the image atom lists and remapping
 Transformation   Atoms  Groups  Residues  Min-Distance
    1  N1N1N1R1 has       0       0       0     9976.01
    2  N1Z0N1R1 has       0       0       0     9976.00
    3  N1P1N1R1 has       0       0       0     9976.01
    4  Z0N1N1R1 has       0       0       0     9976.00
    5  Z0Z0N1R1 has       0       0       0     9975.99
    6  Z0P1N1R1 has       0       0       0     9976.00
    7  N1N1Z0R1 has       1       1       1       11.97
    8  N1Z0Z0R1 has      19      19      19        0.96
    9  N1P1Z0R1 has       6       6       6        1.95
   10  Z0N1Z0R1 has      19      19      19        0.00
   12  N1N1P1R1 has       0       0       0     9976.00
   13  N1Z0P1R1 has       0       0       0     9976.00
   14  N1P1P1R1 has       0       0       0     9976.00
 Total of  109 atoms and  109 groups and  109 residues were included

 <MAKGRP> found      0 image group exclusions.
 UPDECI: Nonbond update at step       164
 Generating nonbond list with Exclusion mode = 5
 == PRIMARY == SPACE FOR     1985 ATOM PAIRS AND        0 GROUP PAIRS

 General atom nonbond list generation found:
      381 ATOM PAIRS WERE FOUND FOR ATOM LIST
        0 GROUP PAIRS REQUIRED ATOM SEARCHES

 SPACE FOR      410 ATOM PAIRS AND        0 GROUP PAIRS

 Image nonbond list generation found:
      164 ATOM PAIRS WERE FOUND FOR ATOM LIST
        0 ATOM PAIRS WERE FOUND FOR ATOM SELF LIST
        0 GROUP PAIRS REQUIRED ATOM SEARCHES

MINI>      170    -77.21017      0.34773      0.16295      0.03378
MINI EXTERN>      -61.38232      0.00000      0.00000      0.00000      0.00000
MINI IMAGES>      -15.85265      0.00000      0.00000      0.00000      0.00000
MINI MMFP>          0.02480      0.00000      0.00000      0.00000      0.00000
 ----------       ---------    ---------    ---------    ---------    ---------
MINI>      180    -77.40603      0.19586      0.03447      0.01178
MINI EXTERN>      -61.41784      0.00000      0.00000      0.00000      0.00000
MINI IMAGES>      -15.98886      0.00000      0.00000      0.00000      0.00000
MINI MMFP>          0.00067      0.00000      0.00000      0.00000      0.00000
 ----------       ---------    ---------    ---------    ---------    ---------
MINI>      190    -77.47314      0.06710      0.03982      0.01141
MINI EXTERN>      -61.40615      0.00000      0.00000      0.00000      0.00000
MINI IMAGES>      -16.06795      0.00000      0.00000      0.00000      0.00000
MINI MMFP>          0.00096      0.00000      0.00000      0.00000      0.00000
 ----------       ---------    ---------    ---------    ---------    ---------
MINI>      200    -77.58939      0.11625      0.04165      0.01105
MINI EXTERN>      -61.33448      0.00000      0.00000      0.00000      0.00000
MINI IMAGES>      -16.25627      0.00000      0.00000      0.00000      0.00000
MINI MMFP>          0.00137      0.00000      0.00000      0.00000      0.00000
 ----------       ---------    ---------    ---------    ---------    ---------

 ABNER> Minimization exiting with number of steps limit (  200) exceeded.

ABNR MIN: Cycle      ENERgy      Delta-E         GRMS    Step-size
ABNR EXTERN:        VDWaals         ELEC       HBONds          ASP         USER
ABNR IMAGES:        IMNBvdw       IMELec       IMHBnd       RXNField    EXTElec
ABNR MMFP:              GEO        MDIP           SSBP        SHEL       DROFfa
 ----------       ---------    ---------    ---------    ---------    ---------
ABNR>      200    -77.58939      0.11625      0.04165      0.00994
ABNR EXTERN>      -61.33448      0.00000      0.00000      0.00000      0.00000
ABNR IMAGES>      -16.25627      0.00000      0.00000      0.00000      0.00000
ABNR MMFP>          0.00137      0.00000      0.00000      0.00000      0.00000
 ----------       ---------    ---------    ---------    ---------    ---------
  
 CHARMM>     
  
 CHARMM>    scalar fbeta set  1.0 select all end
 SELRPN>     64 atoms have been selected out of     64
  
 CHARMM>     
  
 CHARMM>    DYNAMICS  start       nstep   @nstep  timestp  0.001 iprfrq   1000  nprint 100  -
 CHARMM>              iasvel    1 firstt 300.0  finalt   300.0 tstruc  300.0  -
 CHARMM>              langevin    tbath  300.0  rbuf       0.0 -
 CHARMM>              inbfrq   -1 imgfrq    -1  ihbfrq       0 ilbfrq      0  -
 CHARMM>              iunread  -1  -
 CHARMM>              iunwrite -1  -
 CHARMM>              iuncrd   -1 nsavcrd    0  -
 CHARMM>              iunvelo  -1 nsavvelo   0  -
 CHARMM>              kunit    -1
 Parameter: NSTEP -> "1000"
  IUNREA = -1         IUNWRI = -1          IUNOS = -1
  IUNCRD = -1         IUNVEL = -1          KUNIT = -1

 SELECTED IMAGES ATOMS BEING CENTERED ABOUT  0.000000  0.000000  0.000000

 NONBOND OPTION FLAGS: 
     ELEC     VDW      ATOMs    CDIElec  SWITch   VATOm    VFSWIt  
     BYGRoup  NOEXtnd  NOEWald 
 CUTNB  = 26.000 CTEXNB =999.000 CTONNB = 20.000 CTOFNB = 22.000
 CGONNB =  0.000 CGOFNB = 10.000
 WMIN   =  1.000 WRNMXD =  0.500 E14FAC =  1.000 EPS    = 80.000
 NBXMOD =      5
 There are      381 atom  pairs and        0 atom  exclusions.
 There are        0 group pairs and        0 group exclusions.
 DCNTRL> Langevin integration requested.
   NSTEP =     1000    NSAVC =        0    NSAVV =        0
  ISCALE =        0   ISCVEL =        0   IASORS =        0
  IASVEL =        1   ICHECW =        1   NTRFRQ =        0
  IHTFRQ =        0   IEQFRQ =        0   NPRINT =      100
  INBFRQ =       -1   IHBFRQ =        0   IPRFRQ =     1000
  ILBFRQ =        0   IMGFRQ =       -1
  ISVFRQ =        0   NCYCLE =     1000    NSNOS =       10
  FIRSTT =   300.000  TEMINC =     5.000  TSTRUC =   300.000
  FINALT =   300.000  TWINDH =    10.000  TWINDL =   -10.000

  TIME STEP =  2.04548E-02 AKMA       1.00000E-03 PS

  RANDOM NUM. GEN. SEED(S) = 426548190 426548190 426548190 426548190
 NUMBER OF DEGREES OF FREEDOM =    192

          GAUSSIAN OPTION                  IS            1
          VELOCITIES ASSIGNED AT TEMPERATURE =    300.0000
          SEED FOR RANDOM NUMBER GENERATOR IS:
          SEEDS> 426548190 426548190 426548190 426548190

     DETAILS ABOUT CENTRE OF MASS
     POSITION          :  -0.64397195       2.57082452E-02  -1.27149882E-05
     VELOCITY          :  -2.65980747E-02   8.05256482E-03   1.89604777E-02
     ANGULAR MOMENTUM  :    441.17892       -277.19304        191.92292    
     KINETIC ENERGY    :    1.1218050    
 LNGFIL: TBATH =   300.000000  DELTA =    0.020455
 LNGFIL: Langevin dynamics setup for      64 atoms
 LNGFIL: RBUF =    0.000000
 LNGFIL: SXREF =    0.000000 SYREF =    0.000000 SZREF =    0.000000
DYNA DYN: Step         Time      TOTEner        TOTKe       ENERgy  TEMPerature
DYNA PROP:             GRMS      HFCTote        HFCKe       EHFCor        VIRKe
DYNA EXTERN:        VDWaals         ELEC       HBONds          ASP         USER
DYNA IMAGES:        IMNBvdw       IMELec       IMHBnd       RXNField    EXTElec
DYNA MMFP:              GEO        MDIP           SSBP        SHEL       DROFfa
DYNA PRESS:            VIRE         VIRI       PRESSE       PRESSI       VOLUme
 ----------       ---------    ---------    ---------    ---------    ---------
DYNA>        0      0.00000    -18.45043     59.13896    -77.58939    310.00079
DYNA PROP>          8.61401    -18.42271     59.13335      0.02772      0.30112
DYNA EXTERN>      -62.17129      0.00000      0.00000      0.00000      0.00000
DYNA IMAGES>      -15.41946      0.00000      0.00000      0.00000      0.00000
DYNA MMFP>          0.00137      0.00000      0.00000      0.00000      0.00000
DYNA PRESS>          12.353      -12.554       -0.020        0.043 42837760.007
 ----------       ---------    ---------    ---------    ---------    ---------
DYNA>      100      0.10000    -19.91951     47.94749    -67.86700    251.33618
DYNA PROP>          9.99172    -19.86267     47.95609      0.05684     46.08055
DYNA EXTERN>      -59.10280      0.00000      0.00000      0.00000      0.00000
DYNA IMAGES>      -14.63844      0.00000      0.00000      0.00000      0.00000
DYNA MMFP>          5.87425      0.00000      0.00000      0.00000      0.00000
DYNA PRESS>         -38.856        8.135        0.062        0.064 42837760.007
 ----------       ---------    ---------    ---------    ---------    ---------
DYNA>      200      0.20000    -14.89718     32.97209    -47.86927    172.83655
DYNA PROP>         10.28101    -14.90791     32.99001     -0.01073   -144.73655
DYNA EXTERN>      -50.91930      0.00000      0.00000      0.00000      0.00000
DYNA IMAGES>      -13.37977      0.00000      0.00000      0.00000      0.00000
DYNA MMFP>         16.42980      0.00000      0.00000      0.00000      0.00000
DYNA PRESS>          37.065       59.426       -0.059        0.130 42837760.007
 ----------       ---------    ---------    ---------    ---------    ---------
DYNA>      300      0.30000     -8.91969     31.00320    -39.92290    162.51585
DYNA PROP>         10.46885     -8.85203     31.02332      0.06766    -40.43819
DYNA EXTERN>      -45.78502      0.00000      0.00000      0.00000      0.00000
DYNA IMAGES>      -12.96619      0.00000      0.00000      0.00000      0.00000
DYNA MMFP>         18.82831      0.00000      0.00000      0.00000      0.00000
DYNA PRESS>         -61.423       88.382        0.098        0.175 42837760.007
 ----------       ---------    ---------    ---------    ---------    ---------
 UPDECI: Image update at step       374

 SELECTED IMAGES ATOMS BEING CENTERED ABOUT  0.000000  0.000000  0.000000
 UPDECI: Nonbond update at step       374
DYNA>      400      0.40000     -7.11845     38.57366    -45.69212    202.19948
DYNA PROP>          9.84127     -7.06739     38.58570      0.05107   -140.99131
DYNA EXTERN>      -46.51453      0.00000      0.00000      0.00000      0.00000
DYNA IMAGES>      -14.11970      0.00000      0.00000      0.00000      0.00000
DYNA MMFP>         14.94212      0.00000      0.00000      0.00000      0.00000
DYNA PRESS>          18.018       75.976       -0.029        0.163 42837760.007
 ----------       ---------    ---------    ---------    ---------    ---------
DYNA>      500      0.50000     -1.55274     48.68849    -50.24123    255.22043
DYNA PROP>         10.46067     -1.38787     48.69975      0.16487      7.76120
DYNA EXTERN>      -48.22141      0.00000      0.00000      0.00000      0.00000
DYNA IMAGES>      -12.92436      0.00000      0.00000      0.00000      0.00000
DYNA MMFP>         10.90454      0.00000      0.00000      0.00000      0.00000
DYNA PRESS>         -72.452       67.278        0.116        0.160 42837760.007
 ----------       ---------    ---------    ---------    ---------    ---------
DYNA>      600      0.60000      4.21540     50.56131    -46.34591    265.03759
DYNA PROP>          9.92844      4.40059     50.56818      0.18519    176.10401
DYNA EXTERN>      -46.79749      0.00000      0.00000      0.00000      0.00000
DYNA IMAGES>      -11.64619      0.00000      0.00000      0.00000      0.00000
DYNA MMFP>         12.09778      0.00000      0.00000      0.00000      0.00000
DYNA PRESS>        -192.495       75.092        0.308        0.174 42837760.007
 ----------       ---------    ---------    ---------    ---------    ---------
 UPDECI: Image update at step       679

 SELECTED IMAGES ATOMS BEING CENTERED ABOUT  0.000000  0.000000  0.000000
 UPDECI: Nonbond update at step       679
DYNA>      700      0.70000      4.34949     44.56841    -40.21892    233.62339
DYNA PROP>          9.77204      4.33246     44.57707     -0.01704   -263.43404
DYNA EXTERN>      -45.42533      0.00000      0.00000      0.00000      0.00000
DYNA IMAGES>      -12.51138      0.00000      0.00000      0.00000      0.00000
DYNA MMFP>         17.71780      0.00000      0.00000      0.00000      0.00000
DYNA PRESS>         103.813       71.809       -0.166        0.163 42837760.007
 ----------       ---------    ---------    ---------    ---------    ---------
DYNA>      800      0.80000      1.29670     45.19806    -43.90136    236.92392
DYNA PROP>         10.87617      1.29780     45.21380      0.00111    350.83684
DYNA EXTERN>      -49.06715      0.00000      0.00000      0.00000      0.00000
DYNA IMAGES>      -13.05916      0.00000      0.00000      0.00000      0.00000
DYNA MMFP>         18.22495      0.00000      0.00000      0.00000      0.00000
DYNA PRESS>        -281.028       47.137        0.450        0.124 42837760.007
 ----------       ---------    ---------    ---------    ---------    ---------
DYNA>      900      0.90000      4.24149     52.27691    -48.03542    274.03061
DYNA PROP>         10.15403      4.11122     52.28409     -0.13028   -281.88048
DYNA EXTERN>      -49.47876      0.00000      0.00000      0.00000      0.00000
DYNA IMAGES>      -13.53667      0.00000      0.00000      0.00000      0.00000
DYNA MMFP>         14.98001      0.00000      0.00000      0.00000      0.00000
DYNA PRESS>         149.106       38.814       -0.239        0.118 42837760.007
 ----------       ---------    ---------    ---------    ---------    ---------
 UPDECI: Image update at step       976

 SELECTED IMAGES ATOMS BEING CENTERED ABOUT  0.000000  0.000000  0.000000
 UPDECI: Nonbond update at step       976
DYNA>     1000      1.00000      6.29628     52.60598    -46.30969    275.75553
DYNA PROP>         10.63918      6.20316     52.61621     -0.09312    174.37358
DYNA EXTERN>      -45.29103      0.00000      0.00000      0.00000      0.00000
DYNA IMAGES>      -13.79060      0.00000      0.00000      0.00000      0.00000
DYNA MMFP>         12.77193      0.00000      0.00000      0.00000      0.00000
DYNA PRESS>        -172.407       56.158        0.276        0.146 42837760.007
 ----------       ---------    ---------    ---------    ---------    ---------
 DYNAMC> Averages for the last 1000 steps:
AVER DYN: Step         Time      TOTEner        TOTKe       ENERgy  TEMPerature
AVER PROP:             GRMS      HFCTote        HFCKe       EHFCor        VIRKe
AVER EXTERN:        VDWaals         ELEC       HBONds          ASP         USER
AVER IMAGES:        IMNBvdw       IMELec       IMHBnd       RXNField    EXTElec
AVER MMFP:              GEO        MDIP           SSBP        SHEL       DROFfa
AVER PRESS:            VIRE         VIRI       PRESSE       PRESSI       VOLUme
 ----------       ---------    ---------    ---------    ---------    ---------
AVER>     1000      1.00000     -4.05699     45.27866    -49.33564    237.34642
AVER PROP>         10.13803     -4.06167     45.28945     -0.00468     -2.00496
AVER EXTERN>      -49.55123      0.00000      0.00000      0.00000      0.00000
AVER IMAGES>      -13.31193      0.00000      0.00000      0.00000      0.00000
AVER MMFP>         13.52752      0.00000      0.00000      0.00000      0.00000
AVER PRESS>         -53.964       55.301        0.086        0.137 42837760.007
 ----------       ---------    ---------    ---------    ---------    ---------
 DYNAMC> RMS fluctuations for the last 1000 steps:
FLUC>     1000      1.00000      8.84609      6.33585      8.37213     33.21193
FLUC PROP>          0.57675      8.84750      6.33182      0.09046    153.48589
FLUC EXTERN>        4.76155      0.00000      0.00000      0.00000      0.00000
FLUC IMAGES>        0.89801      0.00000      0.00000      0.00000      0.00000
FLUC MMFP>          4.73623      0.00000      0.00000      0.00000      0.00000
FLUC PRESS>       101.76516     26.81488      0.16289      0.04093      6.83740
 ----------       ---------    ---------    ---------    ---------    ---------

     DRIFT/STEP (LAST-TOTAL):    2.89872895E-02   2.89872895E-02
     E AT STEP 0            :    -18.569804       -18.569804    
     CORR. COEFFICIENT      :    0.94579328       0.94579328    

     DETAILS ABOUT CENTRE OF MASS
     POSITION          :   -1.2054556      -0.81847952      -1.07307008E-02
     VELOCITY          :  -2.24992873E-02   6.93391599E-03   1.90132456E-02
     ANGULAR MOMENTUM  :   -305.01507       -2397.0818       -519.73254    
     KINETIC ENERGY    :   0.90771228    
  
 CHARMM>     
  
 CHARMM>    decrease factor by 0.1
 Parameter: FACTOR <- "1.3"
  
 CHARMM>    if factor .ge. 1 goto do_packing
 Comparing "1.3" and "1".
 IF test evaluated as true.  Performing command
  
 CHARMM>     
  
 CHARMM>    calc Ainit = @A * @factor
 Parameter: A -> "46.7504011"
 Parameter: FACTOR -> "1.3"
Evaluating: 46.7504011*1.3
 Parameter: AINIT <- "60.7755214"
  
 CHARMM>    calc Binit = @B * @factor
 Parameter: B -> "46.7504011"
 Parameter: FACTOR -> "1.3"
Evaluating: 46.7504011*1.3
 Parameter: BINIT <- "60.7755214"
  
 CHARMM>     
  
 CHARMM>    if factor .ne. 1.5 crystal free
 Comparing "1.3" and "1.5".
 IF test evaluated as true.  Performing command
  
 CHARMM>    crystal define @xtltype @Ainit @Binit 10000.0 @Alpha @beta @Gamma
 Parameter: XTLTYPE -> "TETRAGONAL"
 Parameter: AINIT -> "60.7755214"
 Parameter: BINIT -> "60.7755214"
 Parameter: ALPHA -> "90.0"
 Parameter: BETA -> "90.0"
 Parameter: GAMMA -> "90.0"
 Crystal Parameters : Crystal Type = TETR
           A     =   60.77552 B    =   60.77552 C     = **********
           Alpha =   90.00000 Beta =   90.00000 Gamma =   90.00000
  
 CHARMM>     
  
 CHARMM>    open read unit 10 card name crystal_image.str
 VOPEN> Attempting to open::crystal_image.str::
 OPNLGU> Unit 10 opened for READONLY access to crystal_image.str
  
 CHARMM>    crystal read unit 10 card
 CRYSTAL FILE BEING READ FROM UNIT    10
 TITLE> * GENERATED BY CHARMM-GUI (HTTP://WWW.CHARMM-GUI.ORG) V3.7 ON OCT, 25. 2022. JOBID=6672914435
 TITLE> * STREAM FILE FOR CRYSTAL SYMMETRY OPERATION
 TITLE> *
 TITLE>  * GENERATED BY CHARMM-GUI (HTTP://WWW.CHARMM-GUI.ORG) V3.7 ON OCT, 25. 2022. JOB
 TITLE>  * STREAM FILE FOR CRYSTAL SYMMETRY OPERATION
 TITLE>  *
                     THERE ARE NO ROTATIONS FOR THIS TRANSFORMATION SET
    26 Transformations have been processed.

  
 CHARMM>    close unit 10
 VCLOSE: Closing unit   10 with status "KEEP"
  
 CHARMM>     
  
 CHARMM>    image byresid xcen 0.0 ycen 0.0 zcen 0.0 sele segid HEAD end
 SELRPN>     64 atoms have been selected out of     64
 IMAGE CENTERING ON FOR SOME ATOMS
  
 CHARMM>     
  
 CHARMM>    !setup nonbond option (eps=80)
 CHARMM>    nbonds atom switch cdie vdw vfswitch  -
 CHARMM>           ctonnb 20.0 ctofnb 22.0 cutnb 26.0 cutim 26.0 -
 CHARMM>           inbfrq -1 imgfrq -1 wmin 1.0 cdie eps 80.0

 SELECTED IMAGES ATOMS BEING CENTERED ABOUT  0.000000  0.000000  0.000000
 RESIDUE    8 OPERATED ON BY TRANSFORMATION P1P1Z0R1
 RESIDUE   14 OPERATED ON BY TRANSFORMATION P1Z0Z0R1
 RESIDUE   31 OPERATED ON BY TRANSFORMATION P1Z0Z0R1
 RESIDUE   33 OPERATED ON BY TRANSFORMATION Z0P1Z0R1
 RESIDUE   41 OPERATED ON BY TRANSFORMATION Z0N1Z0R1
 RESIDUE   60 OPERATED ON BY TRANSFORMATION N1Z0Z0R1
 RESIDUE   64 OPERATED ON BY TRANSFORMATION N1N1Z0R1

 <MKIMAT2>: updating the image atom lists and remapping
 Transformation   Atoms  Groups  Residues  Min-Distance
    1  N1N1N1R1 has       0       0       0     9975.76
    2  N1Z0N1R1 has       0       0       0     9975.74
    3  N1P1N1R1 has       0       0       0     9975.77
    4  Z0N1N1R1 has       0       0       0     9975.76
    5  Z0Z0N1R1 has       0       0       0     9975.73
    6  Z0P1N1R1 has       0       0       0     9975.77
    7  N1N1Z0R1 has       8       8       8        3.27
    8  N1Z0Z0R1 has      26      26      26        0.85
    9  N1P1Z0R1 has       4       4       4        9.51
   10  Z0N1Z0R1 has      23      23      23        1.22
   12  N1N1P1R1 has       0       0       0     9975.85
   13  N1Z0P1R1 has       0       0       0     9975.75
   14  N1P1P1R1 has       0       0       0     9975.75
 Total of  125 atoms and  125 groups and  125 residues were included

 <MAKGRP> found      0 image group exclusions.

 NONBOND OPTION FLAGS: 
     ELEC     VDW      ATOMs    CDIElec  SWITch   VATOm    VFSWIt  
     BYGRoup  NOEXtnd  NOEWald 
 CUTNB  = 26.000 CTEXNB =999.000 CTONNB = 20.000 CTOFNB = 22.000
 CGONNB =  0.000 CGOFNB = 10.000
 WMIN   =  1.000 WRNMXD =  0.500 E14FAC =  1.000 EPS    = 80.000
 NBXMOD =      5
 There are      387 atom  pairs and        0 atom  exclusions.
 There are        0 group pairs and        0 group exclusions.
 Generating nonbond list with Exclusion mode = 5
 == PRIMARY == SPACE FOR     1985 ATOM PAIRS AND        0 GROUP PAIRS

 General atom nonbond list generation found:
      404 ATOM PAIRS WERE FOUND FOR ATOM LIST
        0 GROUP PAIRS REQUIRED ATOM SEARCHES

 SPACE FOR      410 ATOM PAIRS AND        0 GROUP PAIRS

 Image nonbond list generation found:
      247 ATOM PAIRS WERE FOUND FOR ATOM LIST
        0 ATOM PAIRS WERE FOUND FOR ATOM SELF LIST
        0 GROUP PAIRS REQUIRED ATOM SEARCHES

 **** Warning ****  The following extraneous characters
 were found while command processing in CHARMM
 CDIE
  
 CHARMM>     
  
 CHARMM>    ENERGY

 SELECTED IMAGES ATOMS BEING CENTERED ABOUT  0.000000  0.000000  0.000000

 <MKIMAT2>: updating the image atom lists and remapping
 Transformation   Atoms  Groups  Residues  Min-Distance
    1  N1N1N1R1 has       0       0       0     9975.76
    2  N1Z0N1R1 has       0       0       0     9975.74
    3  N1P1N1R1 has       0       0       0     9975.77
    4  Z0N1N1R1 has       0       0       0     9975.76
    5  Z0Z0N1R1 has       0       0       0     9975.73
    6  Z0P1N1R1 has       0       0       0     9975.77
    7  N1N1Z0R1 has       8       8       8        3.27
    8  N1Z0Z0R1 has      26      26      26        0.85
    9  N1P1Z0R1 has       4       4       4        9.51
   10  Z0N1Z0R1 has      23      23      23        1.22
   12  N1N1P1R1 has       0       0       0     9975.85
   13  N1Z0P1R1 has       0       0       0     9975.75
   14  N1P1P1R1 has       0       0       0     9975.75
 Total of  125 atoms and  125 groups and  125 residues were included

 <MAKGRP> found      0 image group exclusions.

 NONBOND OPTION FLAGS: 
     ELEC     VDW      ATOMs    CDIElec  SWITch   VATOm    VFSWIt  
     BYGRoup  NOEXtnd  NOEWald 
 CUTNB  = 26.000 CTEXNB =999.000 CTONNB = 20.000 CTOFNB = 22.000
 CGONNB =  0.000 CGOFNB = 10.000
 WMIN   =  1.000 WRNMXD =  0.500 E14FAC =  1.000 EPS    = 80.000
 NBXMOD =      5
 There are      404 atom  pairs and        0 atom  exclusions.
 There are        0 group pairs and        0 group exclusions.
 Generating nonbond list with Exclusion mode = 5
 == PRIMARY == SPACE FOR     1985 ATOM PAIRS AND        0 GROUP PAIRS

 General atom nonbond list generation found:
      404 ATOM PAIRS WERE FOUND FOR ATOM LIST
        0 GROUP PAIRS REQUIRED ATOM SEARCHES

 SPACE FOR      410 ATOM PAIRS AND        0 GROUP PAIRS

 Image nonbond list generation found:
      247 ATOM PAIRS WERE FOUND FOR ATOM LIST
        0 ATOM PAIRS WERE FOUND FOR ATOM SELF LIST
        0 GROUP PAIRS REQUIRED ATOM SEARCHES

ENER ENR:  Eval#     ENERgy      Delta-E         GRMS
ENER EXTERN:        VDWaals         ELEC       HBONds          ASP         USER
ENER IMAGES:        IMNBvdw       IMELec       IMHBnd       RXNField    EXTElec
ENER MMFP:              GEO        MDIP           SSBP        SHEL       DROFfa
 ----------       ---------    ---------    ---------    ---------    ---------
ENER>        0 131518.02704      0.00000  39683.28203
ENER EXTERN>   125953.74890      0.00000      0.00000      0.00000      0.00000
ENER IMAGES>     5551.50621      0.00000      0.00000      0.00000      0.00000
ENER MMFP>         12.77193      0.00000      0.00000      0.00000      0.00000
 ----------       ---------    ---------    ---------    ---------    ---------
  
 CHARMM>     
  
 CHARMM>    mini sd   nstep 200    nprint 10

 SELECTED IMAGES ATOMS BEING CENTERED ABOUT  0.000000  0.000000  0.000000

 <MKIMAT2>: updating the image atom lists and remapping
 Transformation   Atoms  Groups  Residues  Min-Distance
    1  N1N1N1R1 has       0       0       0     9975.76
    2  N1Z0N1R1 has       0       0       0     9975.74
    3  N1P1N1R1 has       0       0       0     9975.77
    4  Z0N1N1R1 has       0       0       0     9975.76
    5  Z0Z0N1R1 has       0       0       0     9975.73
    6  Z0P1N1R1 has       0       0       0     9975.77
    7  N1N1Z0R1 has       8       8       8        3.27
    8  N1Z0Z0R1 has      26      26      26        0.85
    9  N1P1Z0R1 has       4       4       4        9.51
   10  Z0N1Z0R1 has      23      23      23        1.22
   12  N1N1P1R1 has       0       0       0     9975.85
   13  N1Z0P1R1 has       0       0       0     9975.75
   14  N1P1P1R1 has       0       0       0     9975.75
 Total of  125 atoms and  125 groups and  125 residues were included

 <MAKGRP> found      0 image group exclusions.

 NONBOND OPTION FLAGS: 
     ELEC     VDW      ATOMs    CDIElec  SWITch   VATOm    VFSWIt  
     BYGRoup  NOEXtnd  NOEWald 
 CUTNB  = 26.000 CTEXNB =999.000 CTONNB = 20.000 CTOFNB = 22.000
 CGONNB =  0.000 CGOFNB = 10.000
 WMIN   =  1.000 WRNMXD =  0.500 E14FAC =  1.000 EPS    = 80.000
 NBXMOD =      5
 There are      404 atom  pairs and        0 atom  exclusions.
 There are        0 group pairs and        0 group exclusions.
 Generating nonbond list with Exclusion mode = 5
 == PRIMARY == SPACE FOR     1985 ATOM PAIRS AND        0 GROUP PAIRS

 General atom nonbond list generation found:
      404 ATOM PAIRS WERE FOUND FOR ATOM LIST
        0 GROUP PAIRS REQUIRED ATOM SEARCHES

 SPACE FOR      410 ATOM PAIRS AND        0 GROUP PAIRS

 Image nonbond list generation found:
      247 ATOM PAIRS WERE FOUND FOR ATOM LIST
        0 ATOM PAIRS WERE FOUND FOR ATOM SELF LIST
        0 GROUP PAIRS REQUIRED ATOM SEARCHES



 STEEPD> An energy minimization has been requested.

 NSTEP  =          200   NPRINT =           10
 STEP   =    0.0200000   TOLFUN =    0.0000000
 TOLGRD =    0.0000000   TOLSTP =    0.0000000

MINI MIN: Cycle      ENERgy      Delta-E         GRMS    Step-size
MINI EXTERN:        VDWaals         ELEC       HBONds          ASP         USER
MINI IMAGES:        IMNBvdw       IMELec       IMHBnd       RXNField    EXTElec
MINI MMFP:              GEO        MDIP           SSBP        SHEL       DROFfa
 ----------       ---------    ---------    ---------    ---------    ---------
MINI>        0 131518.02704      0.00000  39683.28203      0.02000
MINI EXTERN>   125953.74890      0.00000      0.00000      0.00000      0.00000
MINI IMAGES>     5551.50621      0.00000      0.00000      0.00000      0.00000
MINI MMFP>         12.77193      0.00000      0.00000      0.00000      0.00000
 ----------       ---------    ---------    ---------    ---------    ---------
MINI>       10   1025.02378 130493.00325     46.71558      0.05160
MINI EXTERN>      350.63133      0.00000      0.00000      0.00000      0.00000
MINI IMAGES>      663.56975      0.00000      0.00000      0.00000      0.00000
MINI MMFP>         10.82271      0.00000      0.00000      0.00000      0.00000
 ----------       ---------    ---------    ---------    ---------    ---------
 UPDECI: Image update at step        12

 <MKIMAT2>: updating the image atom lists and remapping
 Transformation   Atoms  Groups  Residues  Min-Distance
    1  N1N1N1R1 has       0       0       0     9975.84
    2  N1Z0N1R1 has       0       0       0     9975.84
    3  N1P1N1R1 has       0       0       0     9975.88
    4  Z0N1N1R1 has       0       0       0     9975.84
    5  Z0Z0N1R1 has       0       0       0     9975.84
    6  Z0P1N1R1 has       0       0       0     9975.87
    7  N1N1Z0R1 has       8       8       8        0.50
    8  N1Z0Z0R1 has      27      27      27        0.23
    9  N1P1Z0R1 has       4       4       4        9.01
   10  Z0N1Z0R1 has      22      22      22        0.36
   12  N1N1P1R1 has       0       0       0     9975.94
   13  N1Z0P1R1 has       0       0       0     9975.86
   14  N1P1P1R1 has       0       0       0     9975.86
 Total of  125 atoms and  125 groups and  125 residues were included

 <MAKGRP> found      0 image group exclusions.
 UPDECI: Nonbond update at step        12
 Generating nonbond list with Exclusion mode = 5
 == PRIMARY == SPACE FOR     1985 ATOM PAIRS AND        0 GROUP PAIRS

 General atom nonbond list generation found:
      411 ATOM PAIRS WERE FOUND FOR ATOM LIST
        0 GROUP PAIRS REQUIRED ATOM SEARCHES

 SPACE FOR      410 ATOM PAIRS AND        0 GROUP PAIRS

 Image nonbond list generation found:
      245 ATOM PAIRS WERE FOUND FOR ATOM LIST
        0 ATOM PAIRS WERE FOUND FOR ATOM SELF LIST
        0 GROUP PAIRS REQUIRED ATOM SEARCHES

 UPDECI: Image update at step        20

 <MKIMAT2>: updating the image atom lists and remapping
 Transformation   Atoms  Groups  Residues  Min-Distance
    1  N1N1N1R1 has       0       0       0     9975.86
    2  N1Z0N1R1 has       0       0       0     9975.86
    3  N1P1N1R1 has       0       0       0     9975.88
    4  Z0N1N1R1 has       0       0       0     9975.86
    5  Z0Z0N1R1 has       0       0       0     9975.85
    6  Z0P1N1R1 has       0       0       0     9975.88
    7  N1N1Z0R1 has       5       5       5        0.00
    8  N1Z0Z0R1 has      25      25      25        0.00
    9  N1P1Z0R1 has       4       4       4        8.57
   10  Z0N1Z0R1 has      22      22      22        0.00
   12  N1N1P1R1 has       0       0       0     9975.94
   13  N1Z0P1R1 has       0       0       0     9975.87
   14  N1P1P1R1 has       0       0       0     9975.87
 Total of  120 atoms and  120 groups and  120 residues were included

 <MAKGRP> found      0 image group exclusions.
 UPDECI: Nonbond update at step        20
 Generating nonbond list with Exclusion mode = 5
 == PRIMARY == SPACE FOR     1985 ATOM PAIRS AND        0 GROUP PAIRS

 General atom nonbond list generation found:
      421 ATOM PAIRS WERE FOUND FOR ATOM LIST
        0 GROUP PAIRS REQUIRED ATOM SEARCHES

 SPACE FOR      410 ATOM PAIRS AND        0 GROUP PAIRS

 Image nonbond list generation found:
      223 ATOM PAIRS WERE FOUND FOR ATOM LIST
        0 ATOM PAIRS WERE FOUND FOR ATOM SELF LIST
        0 GROUP PAIRS REQUIRED ATOM SEARCHES

MINI>       20    -35.99728   1061.02106      2.18058      0.05547
MINI EXTERN>      -34.07532      0.00000      0.00000      0.00000      0.00000
MINI IMAGES>       -6.17344      0.00000      0.00000      0.00000      0.00000
MINI MMFP>          4.25149      0.00000      0.00000      0.00000      0.00000
 ----------       ---------    ---------    ---------    ---------    ---------
MINI>       30    -49.40322     13.40594      1.48371      0.02484
MINI EXTERN>      -41.02934      0.00000      0.00000      0.00000      0.00000
MINI IMAGES>      -10.34629      0.00000      0.00000      0.00000      0.00000
MINI MMFP>          1.97241      0.00000      0.00000      0.00000      0.00000
 ----------       ---------    ---------    ---------    ---------    ---------
MINI>       40    -56.91493      7.51172      0.44446      0.01113
MINI EXTERN>      -44.77227      0.00000      0.00000      0.00000      0.00000
MINI IMAGES>      -12.24196      0.00000      0.00000      0.00000      0.00000
MINI MMFP>          0.09929      0.00000      0.00000      0.00000      0.00000
 ----------       ---------    ---------    ---------    ---------    ---------
MINI>       50    -60.55173      3.63680      0.66208      0.01196
MINI EXTERN>      -47.42613      0.00000      0.00000      0.00000      0.00000
MINI IMAGES>      -13.48615      0.00000      0.00000      0.00000      0.00000
MINI MMFP>          0.36055      0.00000      0.00000      0.00000      0.00000
 ----------       ---------    ---------    ---------    ---------    ---------
MINI>       60    -63.18826      2.63653      0.76256      0.01286
MINI EXTERN>      -49.37422      0.00000      0.00000      0.00000      0.00000
MINI IMAGES>      -14.32883      0.00000      0.00000      0.00000      0.00000
MINI MMFP>          0.51478      0.00000      0.00000      0.00000      0.00000
 ----------       ---------    ---------    ---------    ---------    ---------
 UPDECI: Image update at step        69

 <MKIMAT2>: updating the image atom lists and remapping
 Transformation   Atoms  Groups  Residues  Min-Distance
    1  N1N1N1R1 has       0       0       0     9975.97
    2  N1Z0N1R1 has       0       0       0     9975.96
    3  N1P1N1R1 has       0       0       0     9975.96
    4  Z0N1N1R1 has       0       0       0     9975.96
    5  Z0Z0N1R1 has       0       0       0     9975.96
    6  Z0P1N1R1 has       0       0       0     9975.96
    7  N1N1Z0R1 has       5       5       5        0.00
    8  N1Z0Z0R1 has      24      24      24        0.00
    9  N1P1Z0R1 has       4       4       4        8.23
   10  Z0N1Z0R1 has      20      20      20        0.00
   12  N1N1P1R1 has       0       0       0     9975.97
   13  N1Z0P1R1 has       0       0       0     9975.97
   14  N1P1P1R1 has       0       0       0     9975.99
 Total of  117 atoms and  117 groups and  117 residues were included

 <MAKGRP> found      0 image group exclusions.
 UPDECI: Nonbond update at step        69
 Generating nonbond list with Exclusion mode = 5
 == PRIMARY == SPACE FOR     1985 ATOM PAIRS AND        0 GROUP PAIRS

 General atom nonbond list generation found:
      421 ATOM PAIRS WERE FOUND FOR ATOM LIST
        0 GROUP PAIRS REQUIRED ATOM SEARCHES

 SPACE FOR      410 ATOM PAIRS AND        0 GROUP PAIRS

 Image nonbond list generation found:
      206 ATOM PAIRS WERE FOUND FOR ATOM LIST
        0 ATOM PAIRS WERE FOUND FOR ATOM SELF LIST
        0 GROUP PAIRS REQUIRED ATOM SEARCHES

MINI>       70    -65.60210      2.41384      0.21124      0.00576
MINI EXTERN>      -50.73217      0.00000      0.00000      0.00000      0.00000
MINI IMAGES>      -14.87741      0.00000      0.00000      0.00000      0.00000
MINI MMFP>          0.00749      0.00000      0.00000      0.00000      0.00000
 ----------       ---------    ---------    ---------    ---------    ---------
MINI>       80    -67.25092      1.64882      0.24968      0.00619
MINI EXTERN>      -51.94123      0.00000      0.00000      0.00000      0.00000
MINI IMAGES>      -15.34153      0.00000      0.00000      0.00000      0.00000
MINI MMFP>          0.03184      0.00000      0.00000      0.00000      0.00000
 ----------       ---------    ---------    ---------    ---------    ---------
MINI>       90    -68.52212      1.27120      0.34632      0.00665
MINI EXTERN>      -52.91343      0.00000      0.00000      0.00000      0.00000
MINI IMAGES>      -15.70114      0.00000      0.00000      0.00000      0.00000
MINI MMFP>          0.09244      0.00000      0.00000      0.00000      0.00000
 ----------       ---------    ---------    ---------    ---------    ---------
MINI>      100    -69.55366      1.03154      0.39085      0.00715
MINI EXTERN>      -53.69710      0.00000      0.00000      0.00000      0.00000
MINI IMAGES>      -15.98436      0.00000      0.00000      0.00000      0.00000
MINI MMFP>          0.12780      0.00000      0.00000      0.00000      0.00000
 ----------       ---------    ---------    ---------    ---------    ---------
MINI>      110    -70.42105      0.86739      0.46149      0.00769
MINI EXTERN>      -54.38165      0.00000      0.00000      0.00000      0.00000
MINI IMAGES>      -16.22814      0.00000      0.00000      0.00000      0.00000
MINI MMFP>          0.18874      0.00000      0.00000      0.00000      0.00000
 ----------       ---------    ---------    ---------    ---------    ---------
MINI>      120    -71.31588      0.89482      0.12747      0.00344
MINI EXTERN>      -54.90489      0.00000      0.00000      0.00000      0.00000
MINI IMAGES>      -16.41265      0.00000      0.00000      0.00000      0.00000
MINI MMFP>          0.00167      0.00000      0.00000      0.00000      0.00000
 ----------       ---------    ---------    ---------    ---------    ---------
MINI>      130    -71.98797      0.67209      0.14036      0.00370
MINI EXTERN>      -55.40665      0.00000      0.00000      0.00000      0.00000
MINI IMAGES>      -16.58825      0.00000      0.00000      0.00000      0.00000
MINI MMFP>          0.00693      0.00000      0.00000      0.00000      0.00000
 ----------       ---------    ---------    ---------    ---------    ---------
MINI>      140    -72.53663      0.54866      0.11058      0.00398
MINI EXTERN>      -55.80969      0.00000      0.00000      0.00000      0.00000
MINI IMAGES>      -16.72817      0.00000      0.00000      0.00000      0.00000
MINI MMFP>          0.00122      0.00000      0.00000      0.00000      0.00000
 ----------       ---------    ---------    ---------    ---------    ---------
MINI>      150    -73.05943      0.52279      0.13897      0.00428
MINI EXTERN>      -56.20477      0.00000      0.00000      0.00000      0.00000
MINI IMAGES>      -16.86408      0.00000      0.00000      0.00000      0.00000
MINI MMFP>          0.00943      0.00000      0.00000      0.00000      0.00000
 ----------       ---------    ---------    ---------    ---------    ---------
MINI>      160    -73.46642      0.40700      0.24783      0.00460
MINI EXTERN>      -56.53970      0.00000      0.00000      0.00000      0.00000
MINI IMAGES>      -16.97779      0.00000      0.00000      0.00000      0.00000
MINI MMFP>          0.05106      0.00000      0.00000      0.00000      0.00000
 ----------       ---------    ---------    ---------    ---------    ---------
MINI>      170    -73.84381      0.37739      0.29184      0.00494
MINI EXTERN>      -56.84070      0.00000      0.00000      0.00000      0.00000
MINI IMAGES>      -17.07800      0.00000      0.00000      0.00000      0.00000
MINI MMFP>          0.07490      0.00000      0.00000      0.00000      0.00000
 ----------       ---------    ---------    ---------    ---------    ---------
MINI>      180    -74.17577      0.33196      0.28170      0.00531
MINI EXTERN>      -57.08777      0.00000      0.00000      0.00000      0.00000
MINI IMAGES>      -17.15810      0.00000      0.00000      0.00000      0.00000
MINI MMFP>          0.07011      0.00000      0.00000      0.00000      0.00000
 ----------       ---------    ---------    ---------    ---------    ---------
MINI>      190    -74.44762      0.27185      0.30847      0.00571
MINI EXTERN>      -57.30682      0.00000      0.00000      0.00000      0.00000
MINI IMAGES>      -17.22678      0.00000      0.00000      0.00000      0.00000
MINI MMFP>          0.08598      0.00000      0.00000      0.00000      0.00000
 ----------       ---------    ---------    ---------    ---------    ---------
 UPDECI: Image update at step       198

 <MKIMAT2>: updating the image atom lists and remapping
 Transformation   Atoms  Groups  Residues  Min-Distance
    1  N1N1N1R1 has       0       0       0     9975.98
    2  N1Z0N1R1 has       0       0       0     9975.98
    3  N1P1N1R1 has       0       0       0     9976.00
    4  Z0N1N1R1 has       0       0       0     9975.98
    5  Z0Z0N1R1 has       0       0       0     9975.98
    6  Z0P1N1R1 has       0       0       0     9975.99
    7  N1N1Z0R1 has       5       5       5        0.00
    8  N1Z0Z0R1 has      23      23      23        0.00
    9  N1P1Z0R1 has       3       3       3        7.76
   10  Z0N1Z0R1 has      19      19      19        0.00
   12  N1N1P1R1 has       0       0       0     9976.01
   13  N1Z0P1R1 has       0       0       0     9975.99
   14  N1P1P1R1 has       0       0       0     9975.99
 Total of  114 atoms and  114 groups and  114 residues were included

 <MAKGRP> found      0 image group exclusions.
 UPDECI: Nonbond update at step       198
 Generating nonbond list with Exclusion mode = 5
 == PRIMARY == SPACE FOR     1985 ATOM PAIRS AND        0 GROUP PAIRS

 General atom nonbond list generation found:
      422 ATOM PAIRS WERE FOUND FOR ATOM LIST
        0 GROUP PAIRS REQUIRED ATOM SEARCHES

 SPACE FOR      410 ATOM PAIRS AND        0 GROUP PAIRS

 Image nonbond list generation found:
      198 ATOM PAIRS WERE FOUND FOR ATOM LIST
        0 ATOM PAIRS WERE FOUND FOR ATOM SELF LIST
        0 GROUP PAIRS REQUIRED ATOM SEARCHES

MINI>      200    -74.80093      0.35331      0.11133      0.00256
MINI EXTERN>      -57.51776      0.00000      0.00000      0.00000      0.00000
MINI IMAGES>      -17.29020      0.00000      0.00000      0.00000      0.00000
MINI MMFP>          0.00703      0.00000      0.00000      0.00000      0.00000
 ----------       ---------    ---------    ---------    ---------    ---------

 STEEPD> Minimization exiting with number of steps limit (       200) exceeded.

STPD MIN: Cycle      ENERgy      Delta-E         GRMS    Step-size
STPD EXTERN:        VDWaals         ELEC       HBONds          ASP         USER
STPD IMAGES:        IMNBvdw       IMELec       IMHBnd       RXNField    EXTElec
STPD MMFP:              GEO        MDIP           SSBP        SHEL       DROFfa
 ----------       ---------    ---------    ---------    ---------    ---------
STPD>      200    -74.80093      0.35331      0.11133      0.00307
STPD EXTERN>      -57.51776      0.00000      0.00000      0.00000      0.00000
STPD IMAGES>      -17.29020      0.00000      0.00000      0.00000      0.00000
STPD MMFP>          0.00703      0.00000      0.00000      0.00000      0.00000
 ----------       ---------    ---------    ---------    ---------    ---------
  
 CHARMM>    mini abnr nstep 200    nprint 10

 SELECTED IMAGES ATOMS BEING CENTERED ABOUT  0.000000  0.000000  0.000000
 RESIDUE    8 OPERATED ON BY TRANSFORMATION N1N1Z0R1
 RESIDUE   14 OPERATED ON BY TRANSFORMATION N1Z0Z0R1
 RESIDUE   33 OPERATED ON BY TRANSFORMATION Z0N1Z0R1
 RESIDUE   41 OPERATED ON BY TRANSFORMATION Z0P1Z0R1
 RESIDUE   60 OPERATED ON BY TRANSFORMATION P1Z0Z0R1
 RESIDUE   64 OPERATED ON BY TRANSFORMATION P1P1Z0R1

 <MKIMAT2>: updating the image atom lists and remapping
 Transformation   Atoms  Groups  Residues  Min-Distance
    1  N1N1N1R1 has       0       0       0     9976.00
    2  N1Z0N1R1 has       0       0       0     9976.00
    3  N1P1N1R1 has       0       0       0     9976.00
    4  Z0N1N1R1 has       0       0       0     9976.00
    5  Z0Z0N1R1 has       0       0       0     9975.99
    6  Z0P1N1R1 has       0       0       0     9976.00
    7  N1N1Z0R1 has       8       8       8        3.41
    8  N1Z0Z0R1 has      22      22      22        0.29
    9  N1P1Z0R1 has       3       3       3        9.75
   10  Z0N1Z0R1 has      19      19      19        1.58
   12  N1N1P1R1 has       0       0       0     9976.00
   13  N1Z0P1R1 has       0       0       0     9976.00
   14  N1P1P1R1 has       0       0       0     9976.00
 Total of  116 atoms and  116 groups and  116 residues were included

 <MAKGRP> found      0 image group exclusions.

 NONBOND OPTION FLAGS: 
     ELEC     VDW      ATOMs    CDIElec  SWITch   VATOm    VFSWIt  
     BYGRoup  NOEXtnd  NOEWald 
 CUTNB  = 26.000 CTEXNB =999.000 CTONNB = 20.000 CTOFNB = 22.000
 CGONNB =  0.000 CGOFNB = 10.000
 WMIN   =  1.000 WRNMXD =  0.500 E14FAC =  1.000 EPS    = 80.000
 NBXMOD =      5
 There are      422 atom  pairs and        0 atom  exclusions.
 There are        0 group pairs and        0 group exclusions.
 Generating nonbond list with Exclusion mode = 5
 == PRIMARY == SPACE FOR     1985 ATOM PAIRS AND        0 GROUP PAIRS

 General atom nonbond list generation found:
      428 ATOM PAIRS WERE FOUND FOR ATOM LIST
        0 GROUP PAIRS REQUIRED ATOM SEARCHES

 SPACE FOR      410 ATOM PAIRS AND        0 GROUP PAIRS

 Image nonbond list generation found:
      192 ATOM PAIRS WERE FOUND FOR ATOM LIST
        0 ATOM PAIRS WERE FOUND FOR ATOM SELF LIST
        0 GROUP PAIRS REQUIRED ATOM SEARCHES



 ABNER> An energy minimization has been requested.

 EIGRNG =    0.0005000   MINDIM =            5
 NPRINT =           10   NSTEP  =          200
 PSTRCT =    0.0000000   SDSTP  =    0.0200000
 STPLIM =    1.0000000   STRICT =    0.1000000
 TOLFUN =    0.0000000   TOLGRD =    0.0000000
 TOLITR =          100   TOLSTP =    0.0000000
 FMEM   =    0.0000000
MINI MIN: Cycle      ENERgy      Delta-E         GRMS    Step-size
MINI EXTERN:        VDWaals         ELEC       HBONds          ASP         USER
MINI IMAGES:        IMNBvdw       IMELec       IMHBnd       RXNField    EXTElec
MINI MMFP:              GEO        MDIP           SSBP        SHEL       DROFfa
 ----------       ---------    ---------    ---------    ---------    ---------
MINI>        0    -74.80093      0.35331      0.11133      0.00000
MINI EXTERN>      -57.67239      0.00000      0.00000      0.00000      0.00000
MINI IMAGES>      -17.13556      0.00000      0.00000      0.00000      0.00000
MINI MMFP>          0.00703      0.00000      0.00000      0.00000      0.00000
 ----------       ---------    ---------    ---------    ---------    ---------
MINI>       10    -77.81518      3.01425      0.14669      0.13286
MINI EXTERN>      -59.93353      0.00000      0.00000      0.00000      0.00000
MINI IMAGES>      -17.89686      0.00000      0.00000      0.00000      0.00000
MINI MMFP>          0.01521      0.00000      0.00000      0.00000      0.00000
 ----------       ---------    ---------    ---------    ---------    ---------
 UPDECI: Image update at step        17

 <MKIMAT2>: updating the image atom lists and remapping
 Transformation   Atoms  Groups  Residues  Min-Distance
    1  N1N1N1R1 has       0       0       0     9975.94
    2  N1Z0N1R1 has       0       0       0     9975.94
    3  N1P1N1R1 has       0       0       0     9975.95
    4  Z0N1N1R1 has       0       0       0     9975.94
    5  Z0Z0N1R1 has       0       0       0     9975.93
    6  Z0P1N1R1 has       0       0       0     9975.94
    7  N1N1Z0R1 has       8       8       8        5.10
    8  N1Z0Z0R1 has      23      23      23        0.00
    9  N1P1Z0R1 has       3       3       3        9.06
   10  Z0N1Z0R1 has      19      19      19        2.35
   12  N1N1P1R1 has       0       0       0     9975.99
   13  N1Z0P1R1 has       0       0       0     9975.96
   14  N1P1P1R1 has       0       0       0     9975.99
 Total of  117 atoms and  117 groups and  117 residues were included

 <MAKGRP> found      0 image group exclusions.
 UPDECI: Nonbond update at step        17
 Generating nonbond list with Exclusion mode = 5
 == PRIMARY == SPACE FOR     1985 ATOM PAIRS AND        0 GROUP PAIRS

 General atom nonbond list generation found:
      420 ATOM PAIRS WERE FOUND FOR ATOM LIST
        0 GROUP PAIRS REQUIRED ATOM SEARCHES

 SPACE FOR      410 ATOM PAIRS AND        0 GROUP PAIRS

 Image nonbond list generation found:
      198 ATOM PAIRS WERE FOUND FOR ATOM LIST
        0 ATOM PAIRS WERE FOUND FOR ATOM SELF LIST
        0 GROUP PAIRS REQUIRED ATOM SEARCHES

MINI>       20    -79.12897      1.31379      0.46532      0.10042
MINI EXTERN>      -61.17929      0.00000      0.00000      0.00000      0.00000
MINI IMAGES>      -18.15386      0.00000      0.00000      0.00000      0.00000
MINI MMFP>          0.20419      0.00000      0.00000      0.00000      0.00000
 ----------       ---------    ---------    ---------    ---------    ---------
MINI>       30    -79.71668      0.58771      0.22349      0.05836
MINI EXTERN>      -61.52448      0.00000      0.00000      0.00000      0.00000
MINI IMAGES>      -18.23606      0.00000      0.00000      0.00000      0.00000
MINI MMFP>          0.04386      0.00000      0.00000      0.00000      0.00000
 ----------       ---------    ---------    ---------    ---------    ---------
MINI>       40    -80.50071      0.78404      0.12847      0.03391
MINI EXTERN>      -61.96031      0.00000      0.00000      0.00000      0.00000
MINI IMAGES>      -18.55330      0.00000      0.00000      0.00000      0.00000
MINI MMFP>          0.01290      0.00000      0.00000      0.00000      0.00000
 ----------       ---------    ---------    ---------    ---------    ---------
 UPDECI: Image update at step        46

 <MKIMAT2>: updating the image atom lists and remapping
 Transformation   Atoms  Groups  Residues  Min-Distance
    1  N1N1N1R1 has       0       0       0     9976.00
    2  N1Z0N1R1 has       0       0       0     9975.99
    3  N1P1N1R1 has       0       0       0     9976.00
    4  Z0N1N1R1 has       0       0       0     9976.00
    5  Z0Z0N1R1 has       0       0       0     9975.99
    6  Z0P1N1R1 has       0       0       0     9976.00
    7  N1N1Z0R1 has       8       8       8        6.33
    8  N1Z0Z0R1 has      22      22      22        0.00
    9  N1P1Z0R1 has       3       3       3        7.48
   10  Z0N1Z0R1 has      19      19      19        2.70
   12  N1N1P1R1 has       0       0       0     9976.00
   13  N1Z0P1R1 has       0       0       0     9976.00
   14  N1P1P1R1 has       0       0       0     9976.00
 Total of  116 atoms and  116 groups and  116 residues were included

 <MAKGRP> found      0 image group exclusions.
 UPDECI: Nonbond update at step        46
 Generating nonbond list with Exclusion mode = 5
 == PRIMARY == SPACE FOR     1985 ATOM PAIRS AND        0 GROUP PAIRS

 General atom nonbond list generation found:
      424 ATOM PAIRS WERE FOUND FOR ATOM LIST
        0 GROUP PAIRS REQUIRED ATOM SEARCHES

 SPACE FOR      410 ATOM PAIRS AND        0 GROUP PAIRS

 Image nonbond list generation found:
      195 ATOM PAIRS WERE FOUND FOR ATOM LIST
        0 ATOM PAIRS WERE FOUND FOR ATOM SELF LIST
        0 GROUP PAIRS REQUIRED ATOM SEARCHES

MINI>       50    -81.12120      0.62049      0.23516      0.05474
MINI EXTERN>      -62.41871      0.00000      0.00000      0.00000      0.00000
MINI IMAGES>      -18.75293      0.00000      0.00000      0.00000      0.00000
MINI MMFP>          0.05043      0.00000      0.00000      0.00000      0.00000
 ----------       ---------    ---------    ---------    ---------    ---------
MINI>       60    -81.78460      0.66340      0.12610      0.03181
MINI EXTERN>      -62.73076      0.00000      0.00000      0.00000      0.00000
MINI IMAGES>      -19.06688      0.00000      0.00000      0.00000      0.00000
MINI MMFP>          0.01304      0.00000      0.00000      0.00000      0.00000
 ----------       ---------    ---------    ---------    ---------    ---------
 UPDECI: Image update at step        61

 <MKIMAT2>: updating the image atom lists and remapping
 Transformation   Atoms  Groups  Residues  Min-Distance
    1  N1N1N1R1 has       0       0       0     9976.00
    2  N1Z0N1R1 has       0       0       0     9976.00
    3  N1P1N1R1 has       0       0       0     9976.01
    4  Z0N1N1R1 has       0       0       0     9976.00
    5  Z0Z0N1R1 has       0       0       0     9976.00
    6  Z0P1N1R1 has       0       0       0     9976.00
    7  N1N1Z0R1 has       8       8       8        7.14
    8  N1Z0Z0R1 has      23      23      23        0.00
    9  N1P1Z0R1 has       3       3       3        6.53
   10  Z0N1Z0R1 has      19      19      19        3.35
   12  N1N1P1R1 has       0       0       0     9976.00
   13  N1Z0P1R1 has       0       0       0     9976.00
   14  N1P1P1R1 has       0       0       0     9976.00
 Total of  117 atoms and  117 groups and  117 residues were included

 <MAKGRP> found      0 image group exclusions.
 UPDECI: Nonbond update at step        61
 Generating nonbond list with Exclusion mode = 5
 == PRIMARY == SPACE FOR     1985 ATOM PAIRS AND        0 GROUP PAIRS

 General atom nonbond list generation found:
      427 ATOM PAIRS WERE FOUND FOR ATOM LIST
        0 GROUP PAIRS REQUIRED ATOM SEARCHES

 SPACE FOR      410 ATOM PAIRS AND        0 GROUP PAIRS

 Image nonbond list generation found:
      198 ATOM PAIRS WERE FOUND FOR ATOM LIST
        0 ATOM PAIRS WERE FOUND FOR ATOM SELF LIST
        0 GROUP PAIRS REQUIRED ATOM SEARCHES

MINI>       70    -82.35123      0.56663      0.10046      0.03081
MINI EXTERN>      -62.98529      0.00000      0.00000      0.00000      0.00000
MINI IMAGES>      -19.37407      0.00000      0.00000      0.00000      0.00000
MINI MMFP>          0.00813      0.00000      0.00000      0.00000      0.00000
 ----------       ---------    ---------    ---------    ---------    ---------
MINI>       80    -82.51500      0.16377      0.13487      0.02984
MINI EXTERN>      -63.09217      0.00000      0.00000      0.00000      0.00000
MINI IMAGES>      -19.43936      0.00000      0.00000      0.00000      0.00000
MINI MMFP>          0.01654      0.00000      0.00000      0.00000      0.00000
 ----------       ---------    ---------    ---------    ---------    ---------
MINI>       90    -82.72841      0.21342      0.06351      0.01734
MINI EXTERN>      -63.20643      0.00000      0.00000      0.00000      0.00000
MINI IMAGES>      -19.52481      0.00000      0.00000      0.00000      0.00000
MINI MMFP>          0.00282      0.00000      0.00000      0.00000      0.00000
 ----------       ---------    ---------    ---------    ---------    ---------
 UPDECI: Image update at step        96

 <MKIMAT2>: updating the image atom lists and remapping
 Transformation   Atoms  Groups  Residues  Min-Distance
    1  N1N1N1R1 has       0       0       0     9976.00
    2  N1Z0N1R1 has       0       0       0     9976.00
    3  N1P1N1R1 has       0       0       0     9976.01
    4  Z0N1N1R1 has       0       0       0     9976.00
    5  Z0Z0N1R1 has       0       0       0     9976.00
    6  Z0P1N1R1 has       0       0       0     9976.00
    7  N1N1Z0R1 has       8       8       8        6.97
    8  N1Z0Z0R1 has      23      23      23        0.00
    9  N1P1Z0R1 has       3       3       3        5.29
   10  Z0N1Z0R1 has      20      20      20        2.91
   12  N1N1P1R1 has       0       0       0     9976.00
   13  N1Z0P1R1 has       0       0       0     9976.00
   14  N1P1P1R1 has       0       0       0     9976.00
 Total of  118 atoms and  118 groups and  118 residues were included

 <MAKGRP> found      0 image group exclusions.
 UPDECI: Nonbond update at step        96
 Generating nonbond list with Exclusion mode = 5
 == PRIMARY == SPACE FOR     1985 ATOM PAIRS AND        0 GROUP PAIRS

 General atom nonbond list generation found:
      424 ATOM PAIRS WERE FOUND FOR ATOM LIST
        0 GROUP PAIRS REQUIRED ATOM SEARCHES

 SPACE FOR      410 ATOM PAIRS AND        0 GROUP PAIRS

 Image nonbond list generation found:
      206 ATOM PAIRS WERE FOUND FOR ATOM LIST
        0 ATOM PAIRS WERE FOUND FOR ATOM SELF LIST
        0 GROUP PAIRS REQUIRED ATOM SEARCHES

MINI>      100    -82.99613      0.26772      0.03486      0.01680
MINI EXTERN>      -63.28390      0.00000      0.00000      0.00000      0.00000
MINI IMAGES>      -19.71281      0.00000      0.00000      0.00000      0.00000
MINI MMFP>          0.00058      0.00000      0.00000      0.00000      0.00000
 ----------       ---------    ---------    ---------    ---------    ---------
MINI>      110    -83.13140      0.13526      0.03270      0.00976
MINI EXTERN>      -63.39597      0.00000      0.00000      0.00000      0.00000
MINI IMAGES>      -19.73593      0.00000      0.00000      0.00000      0.00000
MINI MMFP>          0.00050      0.00000      0.00000      0.00000      0.00000
 ----------       ---------    ---------    ---------    ---------    ---------
MINI>      120    -83.35115      0.21975      0.11244      0.02626
MINI EXTERN>      -63.72016      0.00000      0.00000      0.00000      0.00000
MINI IMAGES>      -19.64233      0.00000      0.00000      0.00000      0.00000
MINI MMFP>          0.01134      0.00000      0.00000      0.00000      0.00000
 ----------       ---------    ---------    ---------    ---------    ---------
MINI>      130    -83.49346      0.14231      0.04735      0.01526
MINI EXTERN>      -63.78305      0.00000      0.00000      0.00000      0.00000
MINI IMAGES>      -19.71196      0.00000      0.00000      0.00000      0.00000
MINI MMFP>          0.00155      0.00000      0.00000      0.00000      0.00000
 ----------       ---------    ---------    ---------    ---------    ---------
 UPDECI: Image update at step       133

 <MKIMAT2>: updating the image atom lists and remapping
 Transformation   Atoms  Groups  Residues  Min-Distance
    1  N1N1N1R1 has       0       0       0     9976.00
    2  N1Z0N1R1 has       0       0       0     9976.00
    3  N1P1N1R1 has       0       0       0     9976.01
    4  Z0N1N1R1 has       0       0       0     9976.00
    5  Z0Z0N1R1 has       0       0       0     9976.00
    6  Z0P1N1R1 has       0       0       0     9976.00
    7  N1N1Z0R1 has       8       8       8        6.80
    8  N1Z0Z0R1 has      22      22      22        0.00
    9  N1P1Z0R1 has       3       3       3        5.19
   10  Z0N1Z0R1 has      20      20      20        2.73
   12  N1N1P1R1 has       0       0       0     9976.00
   13  N1Z0P1R1 has       0       0       0     9976.00
   14  N1P1P1R1 has       0       0       0     9976.00
 Total of  117 atoms and  117 groups and  117 residues were included

 <MAKGRP> found      0 image group exclusions.
 UPDECI: Nonbond update at step       133
 Generating nonbond list with Exclusion mode = 5
 == PRIMARY == SPACE FOR     1985 ATOM PAIRS AND        0 GROUP PAIRS

 General atom nonbond list generation found:
      429 ATOM PAIRS WERE FOUND FOR ATOM LIST
        0 GROUP PAIRS REQUIRED ATOM SEARCHES

 SPACE FOR      410 ATOM PAIRS AND        0 GROUP PAIRS

 Image nonbond list generation found:
      203 ATOM PAIRS WERE FOUND FOR ATOM LIST
        0 ATOM PAIRS WERE FOUND FOR ATOM SELF LIST
        0 GROUP PAIRS REQUIRED ATOM SEARCHES

MINI>      140    -84.15062      0.65716      0.08765      0.02464
MINI EXTERN>      -64.35300      0.00000      0.00000      0.00000      0.00000
MINI IMAGES>      -19.80359      0.00000      0.00000      0.00000      0.00000
MINI MMFP>          0.00597      0.00000      0.00000      0.00000      0.00000
 ----------       ---------    ---------    ---------    ---------    ---------
 UPDECI: Image update at step       144

 <MKIMAT2>: updating the image atom lists and remapping
 Transformation   Atoms  Groups  Residues  Min-Distance
    1  N1N1N1R1 has       0       0       0     9976.00
    2  N1Z0N1R1 has       0       0       0     9976.00
    3  N1P1N1R1 has       0       0       0     9976.00
    4  Z0N1N1R1 has       0       0       0     9975.99
    5  Z0Z0N1R1 has       0       0       0     9975.99
    6  Z0P1N1R1 has       0       0       0     9976.00
    7  N1N1Z0R1 has       8       8       8        6.67
    8  N1Z0Z0R1 has      22      22      22        0.00
    9  N1P1Z0R1 has       3       3       3        5.35
   10  Z0N1Z0R1 has      20      20      20        2.61
   12  N1N1P1R1 has       0       0       0     9976.00
   13  N1Z0P1R1 has       0       0       0     9976.00
   14  N1P1P1R1 has       0       0       0     9976.00
 Total of  117 atoms and  117 groups and  117 residues were included

 <MAKGRP> found      0 image group exclusions.
 UPDECI: Nonbond update at step       144
 Generating nonbond list with Exclusion mode = 5
 == PRIMARY == SPACE FOR     1985 ATOM PAIRS AND        0 GROUP PAIRS

 General atom nonbond list generation found:
      427 ATOM PAIRS WERE FOUND FOR ATOM LIST
        0 GROUP PAIRS REQUIRED ATOM SEARCHES

 SPACE FOR      410 ATOM PAIRS AND        0 GROUP PAIRS

 Image nonbond list generation found:
      203 ATOM PAIRS WERE FOUND FOR ATOM LIST
        0 ATOM PAIRS WERE FOUND FOR ATOM SELF LIST
        0 GROUP PAIRS REQUIRED ATOM SEARCHES

MINI>      150    -84.40924      0.25862      0.08960      0.02386
MINI EXTERN>      -64.58941      0.00000      0.00000      0.00000      0.00000
MINI IMAGES>      -19.82598      0.00000      0.00000      0.00000      0.00000
MINI MMFP>          0.00616      0.00000      0.00000      0.00000      0.00000
 ----------       ---------    ---------    ---------    ---------    ---------
MINI>      160    -84.78790      0.37866      0.09105      0.02311
MINI EXTERN>      -64.95478      0.00000      0.00000      0.00000      0.00000
MINI IMAGES>      -19.84050      0.00000      0.00000      0.00000      0.00000
MINI MMFP>          0.00738      0.00000      0.00000      0.00000      0.00000
 ----------       ---------    ---------    ---------    ---------    ---------
MINI>      170    -84.94141      0.15351      0.05109      0.01343
MINI EXTERN>      -65.09093      0.00000      0.00000      0.00000      0.00000
MINI IMAGES>      -19.85264      0.00000      0.00000      0.00000      0.00000
MINI MMFP>          0.00216      0.00000      0.00000      0.00000      0.00000
 ----------       ---------    ---------    ---------    ---------    ---------
 UPDECI: Image update at step       178

 <MKIMAT2>: updating the image atom lists and remapping
 Transformation   Atoms  Groups  Residues  Min-Distance
    1  N1N1N1R1 has       0       0       0     9976.00
    2  N1Z0N1R1 has       0       0       0     9976.00
    3  N1P1N1R1 has       0       0       0     9976.00
    4  Z0N1N1R1 has       0       0       0     9976.00
    5  Z0Z0N1R1 has       0       0       0     9975.99
    6  Z0P1N1R1 has       0       0       0     9975.99
    7  N1N1Z0R1 has       8       8       8        6.50
    8  N1Z0Z0R1 has      22      22      22        0.00
    9  N1P1Z0R1 has       3       3       3        5.47
   10  Z0N1Z0R1 has      20      20      20        2.52
   12  N1N1P1R1 has       0       0       0     9976.00
   13  N1Z0P1R1 has       0       0       0     9976.00
   14  N1P1P1R1 has       0       0       0     9976.00
 Total of  117 atoms and  117 groups and  117 residues were included

 <MAKGRP> found      0 image group exclusions.
 UPDECI: Nonbond update at step       178
 Generating nonbond list with Exclusion mode = 5
 == PRIMARY == SPACE FOR     1985 ATOM PAIRS AND        0 GROUP PAIRS

 General atom nonbond list generation found:
      431 ATOM PAIRS WERE FOUND FOR ATOM LIST
        0 GROUP PAIRS REQUIRED ATOM SEARCHES

 SPACE FOR      410 ATOM PAIRS AND        0 GROUP PAIRS

 Image nonbond list generation found:
      204 ATOM PAIRS WERE FOUND FOR ATOM LIST
        0 ATOM PAIRS WERE FOUND FOR ATOM SELF LIST
        0 GROUP PAIRS REQUIRED ATOM SEARCHES

MINI>      180    -85.11192      0.17051      0.09227      0.02168
MINI EXTERN>      -65.27475      0.00000      0.00000      0.00000      0.00000
MINI IMAGES>      -19.84476      0.00000      0.00000      0.00000      0.00000
MINI MMFP>          0.00759      0.00000      0.00000      0.00000      0.00000
 ----------       ---------    ---------    ---------    ---------    ---------
MINI>      190    -85.25940      0.14749      0.01678      0.01260
MINI EXTERN>      -65.43407      0.00000      0.00000      0.00000      0.00000
MINI IMAGES>      -19.82533      0.00000      0.00000      0.00000      0.00000
MINI MMFP>          0.00000      0.00000      0.00000      0.00000      0.00000
 ----------       ---------    ---------    ---------    ---------    ---------
MINI>      200    -85.32612      0.06672      0.06080      0.01220
MINI EXTERN>      -65.45811      0.00000      0.00000      0.00000      0.00000
MINI IMAGES>      -19.87150      0.00000      0.00000      0.00000      0.00000
MINI MMFP>          0.00349      0.00000      0.00000      0.00000      0.00000
 ----------       ---------    ---------    ---------    ---------    ---------

 ABNER> Minimization exiting with number of steps limit (  200) exceeded.

ABNR MIN: Cycle      ENERgy      Delta-E         GRMS    Step-size
ABNR EXTERN:        VDWaals         ELEC       HBONds          ASP         USER
ABNR IMAGES:        IMNBvdw       IMELec       IMHBnd       RXNField    EXTElec
ABNR MMFP:              GEO        MDIP           SSBP        SHEL       DROFfa
 ----------       ---------    ---------    ---------    ---------    ---------
ABNR>      200    -85.32612      0.06672      0.06080      0.01098
ABNR EXTERN>      -65.45811      0.00000      0.00000      0.00000      0.00000
ABNR IMAGES>      -19.87150      0.00000      0.00000      0.00000      0.00000
ABNR MMFP>          0.00349      0.00000      0.00000      0.00000      0.00000
 ----------       ---------    ---------    ---------    ---------    ---------
  
 CHARMM>     
  
 CHARMM>    scalar fbeta set  1.0 select all end
 SELRPN>     64 atoms have been selected out of     64
  
 CHARMM>     
  
 CHARMM>    DYNAMICS  start       nstep   @nstep  timestp  0.001 iprfrq   1000  nprint 100  -
 CHARMM>              iasvel    1 firstt 300.0  finalt   300.0 tstruc  300.0  -
 CHARMM>              langevin    tbath  300.0  rbuf       0.0 -
 CHARMM>              inbfrq   -1 imgfrq    -1  ihbfrq       0 ilbfrq      0  -
 CHARMM>              iunread  -1  -
 CHARMM>              iunwrite -1  -
 CHARMM>              iuncrd   -1 nsavcrd    0  -
 CHARMM>              iunvelo  -1 nsavvelo   0  -
 CHARMM>              kunit    -1
 Parameter: NSTEP -> "1000"
  IUNREA = -1         IUNWRI = -1          IUNOS = -1
  IUNCRD = -1         IUNVEL = -1          KUNIT = -1

 SELECTED IMAGES ATOMS BEING CENTERED ABOUT  0.000000  0.000000  0.000000

 NONBOND OPTION FLAGS: 
     ELEC     VDW      ATOMs    CDIElec  SWITch   VATOm    VFSWIt  
     BYGRoup  NOEXtnd  NOEWald 
 CUTNB  = 26.000 CTEXNB =999.000 CTONNB = 20.000 CTOFNB = 22.000
 CGONNB =  0.000 CGOFNB = 10.000
 WMIN   =  1.000 WRNMXD =  0.500 E14FAC =  1.000 EPS    = 80.000
 NBXMOD =      5
 There are      431 atom  pairs and        0 atom  exclusions.
 There are        0 group pairs and        0 group exclusions.
 DCNTRL> Langevin integration requested.
   NSTEP =     1000    NSAVC =        0    NSAVV =        0
  ISCALE =        0   ISCVEL =        0   IASORS =        0
  IASVEL =        1   ICHECW =        1   NTRFRQ =        0
  IHTFRQ =        0   IEQFRQ =        0   NPRINT =      100
  INBFRQ =       -1   IHBFRQ =        0   IPRFRQ =     1000
  ILBFRQ =        0   IMGFRQ =       -1
  ISVFRQ =        0   NCYCLE =     1000    NSNOS =       10
  FIRSTT =   300.000  TEMINC =     5.000  TSTRUC =   300.000
  FINALT =   300.000  TWINDH =    10.000  TWINDL =   -10.000

  TIME STEP =  2.04548E-02 AKMA       1.00000E-03 PS

  RANDOM NUM. GEN. SEED(S) = 426548748 426548748 426548748 426548748
 NUMBER OF DEGREES OF FREEDOM =    192

          GAUSSIAN OPTION                  IS            1
          VELOCITIES ASSIGNED AT TEMPERATURE =    300.0000
          SEED FOR RANDOM NUMBER GENERATOR IS:
          SEEDS> 426548748 426548748 426548748 426548748

     DETAILS ABOUT CENTRE OF MASS
     POSITION          :  -0.25583807      -0.81847952       9.56172821E-06
     VELOCITY          :  -8.26551775E-03  -3.19782482E-03   2.08329180E-02
     ANGULAR MOMENTUM  :   -1183.7906       -1706.5743       -848.13387    
     KINETIC ENERGY    :   0.50802845    
 LNGFIL: TBATH =   300.000000  DELTA =    0.020455
 LNGFIL: Langevin dynamics setup for      64 atoms
 LNGFIL: RBUF =    0.000000
 LNGFIL: SXREF =    0.000000 SYREF =    0.000000 SZREF =    0.000000
DYNA DYN: Step         Time      TOTEner        TOTKe       ENERgy  TEMPerature
DYNA PROP:             GRMS      HFCTote        HFCKe       EHFCor        VIRKe
DYNA EXTERN:        VDWaals         ELEC       HBONds          ASP         USER
DYNA IMAGES:        IMNBvdw       IMELec       IMHBnd       RXNField    EXTElec
DYNA MMFP:              GEO        MDIP           SSBP        SHEL       DROFfa
DYNA PRESS:            VIRE         VIRI       PRESSE       PRESSI       VOLUme
 ----------       ---------    ---------    ---------    ---------    ---------
DYNA>        0      0.00000    -26.78057     58.54555    -85.32612    306.89023
DYNA PROP>          8.87144    -26.75256     58.54184      0.02802     -1.80736
DYNA EXTERN>      -65.71378      0.00000      0.00000      0.00000      0.00000
DYNA IMAGES>      -19.61583      0.00000      0.00000      0.00000      0.00000
DYNA MMFP>          0.00349      0.00000      0.00000      0.00000      0.00000
DYNA PRESS>          51.502      -50.297       -0.096       -0.021 36936640.014
 ----------       ---------    ---------    ---------    ---------    ---------
DYNA>      100      0.10000    -26.22116     50.01460    -76.23576    262.17179
DYNA PROP>         10.42791    -26.19692     50.02504      0.02425     10.34018
DYNA EXTERN>      -63.13145      0.00000      0.00000      0.00000      0.00000
DYNA IMAGES>      -19.10516      0.00000      0.00000      0.00000      0.00000
DYNA MMFP>          6.00085      0.00000      0.00000      0.00000      0.00000
DYNA PRESS>          26.576      -33.470       -0.049       -0.000 36936640.014
 ----------       ---------    ---------    ---------    ---------    ---------
DYNA>      200      0.20000    -23.31260     35.94051    -59.25311    188.39674
DYNA PROP>          9.70613    -23.28363     35.95326      0.02897     59.02052
DYNA EXTERN>      -56.07670      0.00000      0.00000      0.00000      0.00000
DYNA IMAGES>      -17.38890      0.00000      0.00000      0.00000      0.00000
DYNA MMFP>         14.21249      0.00000      0.00000      0.00000      0.00000
DYNA PRESS>         -54.861       15.514        0.102        0.073 36936640.014
 ----------       ---------    ---------    ---------    ---------    ---------
DYNA>      300      0.30000    -17.51679     28.93901    -46.45580    151.69554
DYNA PROP>         10.32295    -17.53914     28.95911     -0.02235    -25.64481
DYNA EXTERN>      -50.77496      0.00000      0.00000      0.00000      0.00000
DYNA IMAGES>      -15.86096      0.00000      0.00000      0.00000      0.00000
DYNA MMFP>         20.18012      0.00000      0.00000      0.00000      0.00000
DYNA PRESS>         -36.929       54.025        0.069        0.136 36936640.014
 ----------       ---------    ---------    ---------    ---------    ---------
 UPDECI: Image update at step       316

 SELECTED IMAGES ATOMS BEING CENTERED ABOUT  0.000000  0.000000  0.000000
 UPDECI: Nonbond update at step       316
DYNA>      400      0.40000    -17.31059     33.68703    -50.99762    176.58421
DYNA PROP>         10.47996    -17.25055     33.70575      0.06005    100.62524
DYNA EXTERN>      -51.04365      0.00000      0.00000      0.00000      0.00000
DYNA IMAGES>      -16.20739      0.00000      0.00000      0.00000      0.00000
DYNA MMFP>         16.25342      0.00000      0.00000      0.00000      0.00000
DYNA PRESS>        -119.808       52.725        0.222        0.140 36936640.014
 ----------       ---------    ---------    ---------    ---------    ---------
DYNA>      500      0.50000     -8.81505     47.53407    -56.34912    249.16910
DYNA PROP>         10.40117     -9.04585     47.54506     -0.23081   -195.03750
DYNA EXTERN>      -50.18710      0.00000      0.00000      0.00000      0.00000
DYNA IMAGES>      -16.03831      0.00000      0.00000      0.00000      0.00000
DYNA MMFP>          9.87630      0.00000      0.00000      0.00000      0.00000
DYNA PRESS>          71.512       58.513       -0.133        0.167 36936640.014
 ----------       ---------    ---------    ---------    ---------    ---------
DYNA>      600      0.60000     -7.80386     49.25668    -57.06054    258.19886
DYNA PROP>          9.70971     -7.75574     49.26271      0.04812   -105.46971
DYNA EXTERN>      -49.28388      0.00000      0.00000      0.00000      0.00000
DYNA IMAGES>      -15.82076      0.00000      0.00000      0.00000      0.00000
DYNA MMFP>          8.04409      0.00000      0.00000      0.00000      0.00000
DYNA PRESS>           5.298       65.015       -0.010        0.182 36936640.014
 ----------       ---------    ---------    ---------    ---------    ---------
 UPDECI: Image update at step       607

 SELECTED IMAGES ATOMS BEING CENTERED ABOUT  0.000000  0.000000  0.000000
 UPDECI: Nonbond update at step       607
DYNA>      700      0.70000     -5.14036     47.50085    -52.64121    248.99496
DYNA PROP>          9.76870     -5.06443     47.50819      0.07593     95.78826
DYNA EXTERN>      -49.23121      0.00000      0.00000      0.00000      0.00000
DYNA IMAGES>      -14.99589      0.00000      0.00000      0.00000      0.00000
DYNA MMFP>         11.58589      0.00000      0.00000      0.00000      0.00000
DYNA PRESS>        -134.344       70.485        0.249        0.190 36936640.014
 ----------       ---------    ---------    ---------    ---------    ---------
DYNA>      800      0.80000     -4.63020     42.06811    -46.69830    220.51702
DYNA PROP>          9.86693     -4.67446     42.07869     -0.04427   -450.73961
DYNA EXTERN>      -48.78436      0.00000      0.00000      0.00000      0.00000
DYNA IMAGES>      -14.33077      0.00000      0.00000      0.00000      0.00000
DYNA MMFP>         16.41683      0.00000      0.00000      0.00000      0.00000
DYNA PRESS>         223.371       77.122       -0.415        0.195 36936640.014
 ----------       ---------    ---------    ---------    ---------    ---------
 UPDECI: Image update at step       883

 SELECTED IMAGES ATOMS BEING CENTERED ABOUT  0.000000  0.000000  0.000000
 UPDECI: Nonbond update at step       883
DYNA>      900      0.90000     -4.53792     35.32552    -39.86344    185.17303
DYNA PROP>          9.87879     -4.45141     35.33961      0.08652    482.00291
DYNA EXTERN>      -44.86201      0.00000      0.00000      0.00000      0.00000
DYNA IMAGES>      -14.47024      0.00000      0.00000      0.00000      0.00000
DYNA MMFP>         19.46881      0.00000      0.00000      0.00000      0.00000
DYNA PRESS>        -416.491       95.156        0.773        0.220 36936640.014
 ----------       ---------    ---------    ---------    ---------    ---------
DYNA>     1000      1.00000     -1.02279     42.96522    -43.98801    225.21962
DYNA PROP>         10.77512     -1.10903     42.98125     -0.08624   -568.51972
DYNA EXTERN>      -46.31309      0.00000      0.00000      0.00000      0.00000
DYNA IMAGES>      -15.23576      0.00000      0.00000      0.00000      0.00000
DYNA MMFP>         17.56084      0.00000      0.00000      0.00000      0.00000
DYNA PRESS>         298.051       80.962       -0.553        0.203 36936640.014
 ----------       ---------    ---------    ---------    ---------    ---------
 DYNAMC> Averages for the last 1000 steps:
AVER DYN: Step         Time      TOTEner        TOTKe       ENERgy  TEMPerature
AVER PROP:             GRMS      HFCTote        HFCKe       EHFCor        VIRKe
AVER EXTERN:        VDWaals         ELEC       HBONds          ASP         USER
AVER IMAGES:        IMNBvdw       IMELec       IMHBnd       RXNField    EXTElec
AVER MMFP:              GEO        MDIP           SSBP        SHEL       DROFfa
AVER PRESS:            VIRE         VIRI       PRESSE       PRESSI       VOLUme
 ----------       ---------    ---------    ---------    ---------    ---------
AVER>     1000      1.00000    -12.78890     41.72382    -54.51272    218.71230
AVER PROP>         10.11297    -12.79342     41.73622     -0.00452    -30.34317
AVER EXTERN>      -51.84187      0.00000      0.00000      0.00000      0.00000
AVER IMAGES>      -16.18812      0.00000      0.00000      0.00000      0.00000
AVER MMFP>         13.51727      0.00000      0.00000      0.00000      0.00000
AVER PRESS>         -27.178       47.407        0.050        0.140 36936640.014
 ----------       ---------    ---------    ---------    ---------    ---------
 DYNAMC> RMS fluctuations for the last 1000 steps:
FLUC>     1000      1.00000      8.37161      5.84157     10.44460     30.62095
FLUC PROP>          0.57551      8.37290      5.83733      0.07909    280.19867
FLUC EXTERN>        5.83195      0.00000      0.00000      0.00000      0.00000
FLUC IMAGES>        1.56036      0.00000      0.00000      0.00000      0.00000
FLUC MMFP>          5.09414      0.00000      0.00000      0.00000      0.00000
FLUC PRESS>       187.08161     41.63296      0.34729      0.07544      0.00000
 ----------       ---------    ---------    ---------    ---------    ---------

     DRIFT/STEP (LAST-TOTAL):    2.83385372E-02   2.83385372E-02
     E AT STEP 0            :    -26.976853       -26.976853    
     CORR. COEFFICIENT      :    0.97703645       0.97703645    

     DETAILS ABOUT CENTRE OF MASS
     POSITION          :  -0.57091432        1.1313615      -5.60299316E-03
     VELOCITY          :  -2.34658287E-02  -9.61760415E-03  -1.73914366E-02
     ANGULAR MOMENTUM  :    339.14549       -211.24662        37.415776    
     KINETIC ENERGY    :   0.93725391    
  
 CHARMM>     
  
 CHARMM>    decrease factor by 0.1
 Parameter: FACTOR <- "1.2"
  
 CHARMM>    if factor .ge. 1 goto do_packing
 Comparing "1.2" and "1".
 IF test evaluated as true.  Performing command
  
 CHARMM>     
  
 CHARMM>    calc Ainit = @A * @factor
 Parameter: A -> "46.7504011"
 Parameter: FACTOR -> "1.2"
Evaluating: 46.7504011*1.2
 Parameter: AINIT <- "56.1004813"
  
 CHARMM>    calc Binit = @B * @factor
 Parameter: B -> "46.7504011"
 Parameter: FACTOR -> "1.2"
Evaluating: 46.7504011*1.2
 Parameter: BINIT <- "56.1004813"
  
 CHARMM>     
  
 CHARMM>    if factor .ne. 1.5 crystal free
 Comparing "1.2" and "1.5".
 IF test evaluated as true.  Performing command
  
 CHARMM>    crystal define @xtltype @Ainit @Binit 10000.0 @Alpha @beta @Gamma
 Parameter: XTLTYPE -> "TETRAGONAL"
 Parameter: AINIT -> "56.1004813"
 Parameter: BINIT -> "56.1004813"
 Parameter: ALPHA -> "90.0"
 Parameter: BETA -> "90.0"
 Parameter: GAMMA -> "90.0"
 Crystal Parameters : Crystal Type = TETR
           A     =   56.10048 B    =   56.10048 C     = **********
           Alpha =   90.00000 Beta =   90.00000 Gamma =   90.00000
  
 CHARMM>     
  
 CHARMM>    open read unit 10 card name crystal_image.str
 VOPEN> Attempting to open::crystal_image.str::
 OPNLGU> Unit 10 opened for READONLY access to crystal_image.str
  
 CHARMM>    crystal read unit 10 card
 CRYSTAL FILE BEING READ FROM UNIT    10
 TITLE> * GENERATED BY CHARMM-GUI (HTTP://WWW.CHARMM-GUI.ORG) V3.7 ON OCT, 25. 2022. JOBID=6672914435
 TITLE> * STREAM FILE FOR CRYSTAL SYMMETRY OPERATION
 TITLE> *
 TITLE>  * GENERATED BY CHARMM-GUI (HTTP://WWW.CHARMM-GUI.ORG) V3.7 ON OCT, 25. 2022. JOB
 TITLE>  * STREAM FILE FOR CRYSTAL SYMMETRY OPERATION
 TITLE>  *
                     THERE ARE NO ROTATIONS FOR THIS TRANSFORMATION SET
    26 Transformations have been processed.

  
 CHARMM>    close unit 10
 VCLOSE: Closing unit   10 with status "KEEP"
  
 CHARMM>     
  
 CHARMM>    image byresid xcen 0.0 ycen 0.0 zcen 0.0 sele segid HEAD end
 SELRPN>     64 atoms have been selected out of     64
 IMAGE CENTERING ON FOR SOME ATOMS
  
 CHARMM>     
  
 CHARMM>    !setup nonbond option (eps=80)
 CHARMM>    nbonds atom switch cdie vdw vfswitch  -
 CHARMM>           ctonnb 20.0 ctofnb 22.0 cutnb 26.0 cutim 26.0 -
 CHARMM>           inbfrq -1 imgfrq -1 wmin 1.0 cdie eps 80.0

 SELECTED IMAGES ATOMS BEING CENTERED ABOUT  0.000000  0.000000  0.000000
 RESIDUE    8 OPERATED ON BY TRANSFORMATION Z0P1Z0R1
 RESIDUE   11 OPERATED ON BY TRANSFORMATION Z0N1Z0R1
 RESIDUE   14 OPERATED ON BY TRANSFORMATION P1Z0Z0R1
 RESIDUE   29 OPERATED ON BY TRANSFORMATION Z0P1Z0R1
 RESIDUE   31 OPERATED ON BY TRANSFORMATION P1Z0Z0R1
 RESIDUE   33 OPERATED ON BY TRANSFORMATION Z0N1Z0R1
 RESIDUE   37 OPERATED ON BY TRANSFORMATION N1Z0Z0R1
 RESIDUE   45 OPERATED ON BY TRANSFORMATION Z0N1Z0R1
 RESIDUE   61 OPERATED ON BY TRANSFORMATION P1Z0Z0R1

 <MKIMAT2>: updating the image atom lists and remapping
 Transformation   Atoms  Groups  Residues  Min-Distance
    1  N1N1N1R1 has       0       0       0     9975.74
    2  N1Z0N1R1 has       0       0       0     9975.74
    3  N1P1N1R1 has       0       0       0     9975.82
    4  Z0N1N1R1 has       0       0       0     9975.69
    5  Z0Z0N1R1 has       0       0       0     9975.68
    6  Z0P1N1R1 has       0       0       0     9975.76
    7  N1N1Z0R1 has       7       7       7        2.18
    8  N1Z0Z0R1 has      30      30      30        0.90
    9  N1P1Z0R1 has       9       9       9        4.51
   10  Z0N1Z0R1 has      24      24      24        0.70
   12  N1N1P1R1 has       0       0       0     9975.72
   13  N1Z0P1R1 has       0       0       0     9975.71
   14  N1P1P1R1 has       0       0       0     9975.77
 Total of  134 atoms and  134 groups and  134 residues were included

 <MAKGRP> found      0 image group exclusions.

 NONBOND OPTION FLAGS: 
     ELEC     VDW      ATOMs    CDIElec  SWITch   VATOm    VFSWIt  
     BYGRoup  NOEXtnd  NOEWald 
 CUTNB  = 26.000 CTEXNB =999.000 CTONNB = 20.000 CTOFNB = 22.000
 CGONNB =  0.000 CGOFNB = 10.000
 WMIN   =  1.000 WRNMXD =  0.500 E14FAC =  1.000 EPS    = 80.000
 NBXMOD =      5
 There are      432 atom  pairs and        0 atom  exclusions.
 There are        0 group pairs and        0 group exclusions.
 Generating nonbond list with Exclusion mode = 5
 == PRIMARY == SPACE FOR     1985 ATOM PAIRS AND        0 GROUP PAIRS

 General atom nonbond list generation found:
      450 ATOM PAIRS WERE FOUND FOR ATOM LIST
        0 GROUP PAIRS REQUIRED ATOM SEARCHES

 SPACE FOR      410 ATOM PAIRS AND        0 GROUP PAIRS

 Image nonbond list generation found:
      315 ATOM PAIRS WERE FOUND FOR ATOM LIST
        0 ATOM PAIRS WERE FOUND FOR ATOM SELF LIST
        0 GROUP PAIRS REQUIRED ATOM SEARCHES

 **** Warning ****  The following extraneous characters
 were found while command processing in CHARMM
 CDIE
  
 CHARMM>     
  
 CHARMM>    ENERGY

 SELECTED IMAGES ATOMS BEING CENTERED ABOUT  0.000000  0.000000  0.000000

 <MKIMAT2>: updating the image atom lists and remapping
 Transformation   Atoms  Groups  Residues  Min-Distance
    1  N1N1N1R1 has       0       0       0     9975.74
    2  N1Z0N1R1 has       0       0       0     9975.74
    3  N1P1N1R1 has       0       0       0     9975.82
    4  Z0N1N1R1 has       0       0       0     9975.69
    5  Z0Z0N1R1 has       0       0       0     9975.68
    6  Z0P1N1R1 has       0       0       0     9975.76
    7  N1N1Z0R1 has       7       7       7        2.18
    8  N1Z0Z0R1 has      30      30      30        0.90
    9  N1P1Z0R1 has       9       9       9        4.51
   10  Z0N1Z0R1 has      24      24      24        0.70
   12  N1N1P1R1 has       0       0       0     9975.72
   13  N1Z0P1R1 has       0       0       0     9975.71
   14  N1P1P1R1 has       0       0       0     9975.77
 Total of  134 atoms and  134 groups and  134 residues were included

 <MAKGRP> found      0 image group exclusions.

 NONBOND OPTION FLAGS: 
     ELEC     VDW      ATOMs    CDIElec  SWITch   VATOm    VFSWIt  
     BYGRoup  NOEXtnd  NOEWald 
 CUTNB  = 26.000 CTEXNB =999.000 CTONNB = 20.000 CTOFNB = 22.000
 CGONNB =  0.000 CGOFNB = 10.000
 WMIN   =  1.000 WRNMXD =  0.500 E14FAC =  1.000 EPS    = 80.000
 NBXMOD =      5
 There are      450 atom  pairs and        0 atom  exclusions.
 There are        0 group pairs and        0 group exclusions.
 Generating nonbond list with Exclusion mode = 5
 == PRIMARY == SPACE FOR     1985 ATOM PAIRS AND        0 GROUP PAIRS

 General atom nonbond list generation found:
      450 ATOM PAIRS WERE FOUND FOR ATOM LIST
        0 GROUP PAIRS REQUIRED ATOM SEARCHES

 SPACE FOR      410 ATOM PAIRS AND        0 GROUP PAIRS

 Image nonbond list generation found:
      315 ATOM PAIRS WERE FOUND FOR ATOM LIST
        0 ATOM PAIRS WERE FOUND FOR ATOM SELF LIST
        0 GROUP PAIRS REQUIRED ATOM SEARCHES

ENER ENR:  Eval#     ENERgy      Delta-E         GRMS
ENER EXTERN:        VDWaals         ELEC       HBONds          ASP         USER
ENER IMAGES:        IMNBvdw       IMELec       IMHBnd       RXNField    EXTElec
ENER MMFP:              GEO        MDIP           SSBP        SHEL       DROFfa
 ----------       ---------    ---------    ---------    ---------    ---------
ENER>        0  11217.27540      0.00000   1000.44391
ENER EXTERN>     4893.41828      0.00000      0.00000      0.00000      0.00000
ENER IMAGES>     6306.29628      0.00000      0.00000      0.00000      0.00000
ENER MMFP>         17.56084      0.00000      0.00000      0.00000      0.00000
 ----------       ---------    ---------    ---------    ---------    ---------
  
 CHARMM>     
  
 CHARMM>    mini sd   nstep 200    nprint 10

 SELECTED IMAGES ATOMS BEING CENTERED ABOUT  0.000000  0.000000  0.000000

 <MKIMAT2>: updating the image atom lists and remapping
 Transformation   Atoms  Groups  Residues  Min-Distance
    1  N1N1N1R1 has       0       0       0     9975.74
    2  N1Z0N1R1 has       0       0       0     9975.74
    3  N1P1N1R1 has       0       0       0     9975.82
    4  Z0N1N1R1 has       0       0       0     9975.69
    5  Z0Z0N1R1 has       0       0       0     9975.68
    6  Z0P1N1R1 has       0       0       0     9975.76
    7  N1N1Z0R1 has       7       7       7        2.18
    8  N1Z0Z0R1 has      30      30      30        0.90
    9  N1P1Z0R1 has       9       9       9        4.51
   10  Z0N1Z0R1 has      24      24      24        0.70
   12  N1N1P1R1 has       0       0       0     9975.72
   13  N1Z0P1R1 has       0       0       0     9975.71
   14  N1P1P1R1 has       0       0       0     9975.77
 Total of  134 atoms and  134 groups and  134 residues were included

 <MAKGRP> found      0 image group exclusions.

 NONBOND OPTION FLAGS: 
     ELEC     VDW      ATOMs    CDIElec  SWITch   VATOm    VFSWIt  
     BYGRoup  NOEXtnd  NOEWald 
 CUTNB  = 26.000 CTEXNB =999.000 CTONNB = 20.000 CTOFNB = 22.000
 CGONNB =  0.000 CGOFNB = 10.000
 WMIN   =  1.000 WRNMXD =  0.500 E14FAC =  1.000 EPS    = 80.000
 NBXMOD =      5
 There are      450 atom  pairs and        0 atom  exclusions.
 There are        0 group pairs and        0 group exclusions.
 Generating nonbond list with Exclusion mode = 5
 == PRIMARY == SPACE FOR     1985 ATOM PAIRS AND        0 GROUP PAIRS

 General atom nonbond list generation found:
      450 ATOM PAIRS WERE FOUND FOR ATOM LIST
        0 GROUP PAIRS REQUIRED ATOM SEARCHES

 SPACE FOR      410 ATOM PAIRS AND        0 GROUP PAIRS

 Image nonbond list generation found:
      315 ATOM PAIRS WERE FOUND FOR ATOM LIST
        0 ATOM PAIRS WERE FOUND FOR ATOM SELF LIST
        0 GROUP PAIRS REQUIRED ATOM SEARCHES



 STEEPD> An energy minimization has been requested.

 NSTEP  =          200   NPRINT =           10
 STEP   =    0.0200000   TOLFUN =    0.0000000
 TOLGRD =    0.0000000   TOLSTP =    0.0000000

MINI MIN: Cycle      ENERgy      Delta-E         GRMS    Step-size
MINI EXTERN:        VDWaals         ELEC       HBONds          ASP         USER
MINI IMAGES:        IMNBvdw       IMELec       IMHBnd       RXNField    EXTElec
MINI MMFP:              GEO        MDIP           SSBP        SHEL       DROFfa
 ----------       ---------    ---------    ---------    ---------    ---------
MINI>        0  11217.27540      0.00000   1000.44391      0.02000
MINI EXTERN>     4893.41828      0.00000      0.00000      0.00000      0.00000
MINI IMAGES>     6306.29628      0.00000      0.00000      0.00000      0.00000
MINI MMFP>         17.56084      0.00000      0.00000      0.00000      0.00000
 ----------       ---------    ---------    ---------    ---------    ---------
MINI>       10    881.10923  10336.16618     35.77829      0.05160
MINI EXTERN>      390.55172      0.00000      0.00000      0.00000      0.00000
MINI IMAGES>      478.55362      0.00000      0.00000      0.00000      0.00000
MINI MMFP>         12.00389      0.00000      0.00000      0.00000      0.00000
 ----------       ---------    ---------    ---------    ---------    ---------
 UPDECI: Image update at step        14

 <MKIMAT2>: updating the image atom lists and remapping
 Transformation   Atoms  Groups  Residues  Min-Distance
    1  N1N1N1R1 has       0       0       0     9975.99
    2  N1Z0N1R1 has       0       0       0     9975.98
    3  N1P1N1R1 has       0       0       0     9975.98
    4  Z0N1N1R1 has       0       0       0     9975.98
    5  Z0Z0N1R1 has       0       0       0     9975.97
    6  Z0P1N1R1 has       0       0       0     9975.98
    7  N1N1Z0R1 has       7       7       7        0.53
    8  N1Z0Z0R1 has      30      30      30        0.24
    9  N1P1Z0R1 has       8       8       8        5.92
   10  Z0N1Z0R1 has      23      23      23        0.00
   12  N1N1P1R1 has       0       0       0     9976.00
   13  N1Z0P1R1 has       0       0       0     9975.98
   14  N1P1P1R1 has       0       0       0     9975.99
 Total of  132 atoms and  132 groups and  132 residues were included

 <MAKGRP> found      0 image group exclusions.
 UPDECI: Nonbond update at step        14
 Generating nonbond list with Exclusion mode = 5
 == PRIMARY == SPACE FOR     1985 ATOM PAIRS AND        0 GROUP PAIRS

 General atom nonbond list generation found:
      452 ATOM PAIRS WERE FOUND FOR ATOM LIST
        0 GROUP PAIRS REQUIRED ATOM SEARCHES

 SPACE FOR      410 ATOM PAIRS AND        0 GROUP PAIRS

 Image nonbond list generation found:
      296 ATOM PAIRS WERE FOUND FOR ATOM LIST
        0 ATOM PAIRS WERE FOUND FOR ATOM SELF LIST
        0 GROUP PAIRS REQUIRED ATOM SEARCHES

MINI>       20    -44.45717    925.56639      1.62205      0.05547
MINI EXTERN>      -36.50766      0.00000      0.00000      0.00000      0.00000
MINI IMAGES>      -10.20005      0.00000      0.00000      0.00000      0.00000
MINI MMFP>          2.25054      0.00000      0.00000      0.00000      0.00000
 ----------       ---------    ---------    ---------    ---------    ---------
 UPDECI: Image update at step        30

 <MKIMAT2>: updating the image atom lists and remapping
 Transformation   Atoms  Groups  Residues  Min-Distance
    1  N1N1N1R1 has       0       0       0     9975.94
    2  N1Z0N1R1 has       0       0       0     9975.93
    3  N1P1N1R1 has       0       0       0     9975.93
    4  Z0N1N1R1 has       0       0       0     9975.92
    5  Z0Z0N1R1 has       0       0       0     9975.92
    6  Z0P1N1R1 has       0       0       0     9975.92
    7  N1N1Z0R1 has       7       7       7        0.00
    8  N1Z0Z0R1 has      27      27      27        0.00
    9  N1P1Z0R1 has       6       6       6        4.72
   10  Z0N1Z0R1 has      23      23      23        0.00
   12  N1N1P1R1 has       0       0       0     9975.96
   13  N1Z0P1R1 has       0       0       0     9975.95
   14  N1P1P1R1 has       0       0       0     9975.95
 Total of  127 atoms and  127 groups and  127 residues were included

 <MAKGRP> found      0 image group exclusions.
 UPDECI: Nonbond update at step        30
 Generating nonbond list with Exclusion mode = 5
 == PRIMARY == SPACE FOR     1985 ATOM PAIRS AND        0 GROUP PAIRS

 General atom nonbond list generation found:
      451 ATOM PAIRS WERE FOUND FOR ATOM LIST
        0 GROUP PAIRS REQUIRED ATOM SEARCHES

 SPACE FOR      410 ATOM PAIRS AND        0 GROUP PAIRS

 Image nonbond list generation found:
      252 ATOM PAIRS WERE FOUND FOR ATOM LIST
        0 ATOM PAIRS WERE FOUND FOR ATOM SELF LIST
        0 GROUP PAIRS REQUIRED ATOM SEARCHES

MINI>       30    -56.06007     11.60290      1.32957      0.02484
MINI EXTERN>      -43.97774      0.00000      0.00000      0.00000      0.00000
MINI IMAGES>      -13.62413      0.00000      0.00000      0.00000      0.00000
MINI MMFP>          1.54180      0.00000      0.00000      0.00000      0.00000
 ----------       ---------    ---------    ---------    ---------    ---------
MINI>       40    -62.48721      6.42714      1.46654      0.02670
MINI EXTERN>      -48.69835      0.00000      0.00000      0.00000      0.00000
MINI IMAGES>      -15.75897      0.00000      0.00000      0.00000      0.00000
MINI MMFP>          1.97011      0.00000      0.00000      0.00000      0.00000
 ----------       ---------    ---------    ---------    ---------    ---------
MINI>       50    -68.78152      6.29431      0.38984      0.01196
MINI EXTERN>      -51.71251      0.00000      0.00000      0.00000      0.00000
MINI IMAGES>      -17.14265      0.00000      0.00000      0.00000      0.00000
MINI MMFP>          0.07364      0.00000      0.00000      0.00000      0.00000
 ----------       ---------    ---------    ---------    ---------    ---------
MINI>       60    -71.70947      2.92795      0.68008      0.01286
MINI EXTERN>      -53.92523      0.00000      0.00000      0.00000      0.00000
MINI IMAGES>      -18.17794      0.00000      0.00000      0.00000      0.00000
MINI MMFP>          0.39370      0.00000      0.00000      0.00000      0.00000
 ----------       ---------    ---------    ---------    ---------    ---------
MINI>       70    -73.84345      2.13398      0.86423      0.01382
MINI EXTERN>      -55.56863      0.00000      0.00000      0.00000      0.00000
MINI IMAGES>      -18.95625      0.00000      0.00000      0.00000      0.00000
MINI MMFP>          0.68143      0.00000      0.00000      0.00000      0.00000
 ----------       ---------    ---------    ---------    ---------    ---------
MINI>       80    -76.10991      2.26646      0.24464      0.00619
MINI EXTERN>      -56.66071      0.00000      0.00000      0.00000      0.00000
MINI IMAGES>      -19.47702      0.00000      0.00000      0.00000      0.00000
MINI MMFP>          0.02783      0.00000      0.00000      0.00000      0.00000
 ----------       ---------    ---------    ---------    ---------    ---------
MINI>       90    -77.42072      1.31081      0.34369      0.00665
MINI EXTERN>      -57.58893      0.00000      0.00000      0.00000      0.00000
MINI IMAGES>      -19.92252      0.00000      0.00000      0.00000      0.00000
MINI MMFP>          0.09074      0.00000      0.00000      0.00000      0.00000
 ----------       ---------    ---------    ---------    ---------    ---------
MINI>      100    -78.42359      1.00287      0.38685      0.00715
MINI EXTERN>      -58.28909      0.00000      0.00000      0.00000      0.00000
MINI IMAGES>      -20.26045      0.00000      0.00000      0.00000      0.00000
MINI MMFP>          0.12596      0.00000      0.00000      0.00000      0.00000
 ----------       ---------    ---------    ---------    ---------    ---------
MINI>      110    -79.22256      0.79897      0.41106      0.00769
MINI EXTERN>      -58.84239      0.00000      0.00000      0.00000      0.00000
MINI IMAGES>      -20.52842      0.00000      0.00000      0.00000      0.00000
MINI MMFP>          0.14826      0.00000      0.00000      0.00000      0.00000
 ----------       ---------    ---------    ---------    ---------    ---------
 UPDECI: Image update at step       116

 <MKIMAT2>: updating the image atom lists and remapping
 Transformation   Atoms  Groups  Residues  Min-Distance
    1  N1N1N1R1 has       0       0       0     9976.00
    2  N1Z0N1R1 has       0       0       0     9976.00
    3  N1P1N1R1 has       0       0       0     9976.00
    4  Z0N1N1R1 has       0       0       0     9975.99
    5  Z0Z0N1R1 has       0       0       0     9975.99
    6  Z0P1N1R1 has       0       0       0     9975.99
    7  N1N1Z0R1 has       4       4       4        0.00
    8  N1Z0Z0R1 has      24      24      24        0.00
    9  N1P1Z0R1 has       6       6       6        3.80
   10  Z0N1Z0R1 has      24      24      24        0.00
   12  N1N1P1R1 has       0       0       0     9976.00
   13  N1Z0P1R1 has       0       0       0     9975.99
   14  N1P1P1R1 has       0       0       0     9976.00
 Total of  122 atoms and  122 groups and  122 residues were included

 <MAKGRP> found      0 image group exclusions.
 UPDECI: Nonbond update at step       116
 Generating nonbond list with Exclusion mode = 5
 == PRIMARY == SPACE FOR     1985 ATOM PAIRS AND        0 GROUP PAIRS

 General atom nonbond list generation found:
      441 ATOM PAIRS WERE FOUND FOR ATOM LIST
        0 GROUP PAIRS REQUIRED ATOM SEARCHES

 SPACE FOR      410 ATOM PAIRS AND        0 GROUP PAIRS

 Image nonbond list generation found:
      220 ATOM PAIRS WERE FOUND FOR ATOM LIST
        0 ATOM PAIRS WERE FOUND FOR ATOM SELF LIST
        0 GROUP PAIRS REQUIRED ATOM SEARCHES

MINI>      120    -79.84084      0.61828      0.45002      0.00827
MINI EXTERN>      -59.28244      0.00000      0.00000      0.00000      0.00000
MINI IMAGES>      -20.74185      0.00000      0.00000      0.00000      0.00000
MINI MMFP>          0.18345      0.00000      0.00000      0.00000      0.00000
 ----------       ---------    ---------    ---------    ---------    ---------
MINI>      130    -80.52106      0.68022      0.10389      0.00370
MINI EXTERN>      -59.61776      0.00000      0.00000      0.00000      0.00000
MINI IMAGES>      -20.90436      0.00000      0.00000      0.00000      0.00000
MINI MMFP>          0.00106      0.00000      0.00000      0.00000      0.00000
 ----------       ---------    ---------    ---------    ---------    ---------
MINI>      140    -80.96549      0.44444      0.13067      0.00398
MINI EXTERN>      -59.92279      0.00000      0.00000      0.00000      0.00000
MINI IMAGES>      -21.05180      0.00000      0.00000      0.00000      0.00000
MINI MMFP>          0.00910      0.00000      0.00000      0.00000      0.00000
 ----------       ---------    ---------    ---------    ---------    ---------
MINI>      150    -81.27199      0.30650      0.24256      0.00428
MINI EXTERN>      -60.15797      0.00000      0.00000      0.00000      0.00000
MINI IMAGES>      -21.16486      0.00000      0.00000      0.00000      0.00000
MINI MMFP>          0.05083      0.00000      0.00000      0.00000      0.00000
 ----------       ---------    ---------    ---------    ---------    ---------
MINI>      160    -81.53284      0.26085      0.23997      0.00460
MINI EXTERN>      -60.33454      0.00000      0.00000      0.00000      0.00000
MINI IMAGES>      -21.24908      0.00000      0.00000      0.00000      0.00000
MINI MMFP>          0.05078      0.00000      0.00000      0.00000      0.00000
 ----------       ---------    ---------    ---------    ---------    ---------
MINI>      170    -81.72306      0.19022      0.26622      0.00494
MINI EXTERN>      -60.47301      0.00000      0.00000      0.00000      0.00000
MINI IMAGES>      -21.31452      0.00000      0.00000      0.00000      0.00000
MINI MMFP>          0.06446      0.00000      0.00000      0.00000      0.00000
 ----------       ---------    ---------    ---------    ---------    ---------
MINI>      180    -81.95184      0.22878      0.05903      0.00221
MINI EXTERN>      -60.58521      0.00000      0.00000      0.00000      0.00000
MINI IMAGES>      -21.36695      0.00000      0.00000      0.00000      0.00000
MINI MMFP>          0.00032      0.00000      0.00000      0.00000      0.00000
 ----------       ---------    ---------    ---------    ---------    ---------
MINI>      190    -82.09798      0.14614      0.07479      0.00238
MINI EXTERN>      -60.68704      0.00000      0.00000      0.00000      0.00000
MINI IMAGES>      -21.41393      0.00000      0.00000      0.00000      0.00000
MINI MMFP>          0.00299      0.00000      0.00000      0.00000      0.00000
 ----------       ---------    ---------    ---------    ---------    ---------
MINI>      200    -82.19763      0.09965      0.14711      0.00256
MINI EXTERN>      -60.76653      0.00000      0.00000      0.00000      0.00000
MINI IMAGES>      -21.45001      0.00000      0.00000      0.00000      0.00000
MINI MMFP>          0.01891      0.00000      0.00000      0.00000      0.00000
 ----------       ---------    ---------    ---------    ---------    ---------

 STEEPD> Minimization exiting with number of steps limit (       200) exceeded.

STPD MIN: Cycle      ENERgy      Delta-E         GRMS    Step-size
STPD EXTERN:        VDWaals         ELEC       HBONds          ASP         USER
STPD IMAGES:        IMNBvdw       IMELec       IMHBnd       RXNField    EXTElec
STPD MMFP:              GEO        MDIP           SSBP        SHEL       DROFfa
 ----------       ---------    ---------    ---------    ---------    ---------
STPD>      200    -82.19763      0.09965      0.14711      0.00128
STPD EXTERN>      -60.76653      0.00000      0.00000      0.00000      0.00000
STPD IMAGES>      -21.45001      0.00000      0.00000      0.00000      0.00000
STPD MMFP>          0.01891      0.00000      0.00000      0.00000      0.00000
 ----------       ---------    ---------    ---------    ---------    ---------
  
 CHARMM>    mini abnr nstep 200    nprint 10

 SELECTED IMAGES ATOMS BEING CENTERED ABOUT  0.000000  0.000000  0.000000
 RESIDUE    8 OPERATED ON BY TRANSFORMATION Z0N1Z0R1
 RESIDUE   11 OPERATED ON BY TRANSFORMATION Z0P1Z0R1
 RESIDUE   14 OPERATED ON BY TRANSFORMATION N1Z0Z0R1
 RESIDUE   29 OPERATED ON BY TRANSFORMATION Z0N1Z0R1
 RESIDUE   37 OPERATED ON BY TRANSFORMATION P1Z0Z0R1
 RESIDUE   61 OPERATED ON BY TRANSFORMATION N1Z0Z0R1

 <MKIMAT2>: updating the image atom lists and remapping
 Transformation   Atoms  Groups  Residues  Min-Distance
    1  N1N1N1R1 has       0       0       0     9976.00
    2  N1Z0N1R1 has       0       0       0     9976.00
    3  N1P1N1R1 has       0       0       0     9976.00
    4  Z0N1N1R1 has       0       0       0     9976.00
    5  Z0Z0N1R1 has       0       0       0     9976.00
    6  Z0P1N1R1 has       0       0       0     9976.00
    7  N1N1Z0R1 has       4       4       4        9.31
    8  N1Z0Z0R1 has      23      23      23        0.82
    9  N1P1Z0R1 has       5       5       5        2.97
   10  Z0N1Z0R1 has      21      21      21        1.99
   12  N1N1P1R1 has       0       0       0     9976.01
   13  N1Z0P1R1 has       0       0       0     9976.00
   14  N1P1P1R1 has       0       0       0     9976.00
 Total of  117 atoms and  117 groups and  117 residues were included

 <MAKGRP> found      0 image group exclusions.

 NONBOND OPTION FLAGS: 
     ELEC     VDW      ATOMs    CDIElec  SWITch   VATOm    VFSWIt  
     BYGRoup  NOEXtnd  NOEWald 
 CUTNB  = 26.000 CTEXNB =999.000 CTONNB = 20.000 CTOFNB = 22.000
 CGONNB =  0.000 CGOFNB = 10.000
 WMIN   =  1.000 WRNMXD =  0.500 E14FAC =  1.000 EPS    = 80.000
 NBXMOD =      5
 There are      441 atom  pairs and        0 atom  exclusions.
 There are        0 group pairs and        0 group exclusions.
 Generating nonbond list with Exclusion mode = 5
 == PRIMARY == SPACE FOR     1985 ATOM PAIRS AND        0 GROUP PAIRS

 General atom nonbond list generation found:
      450 ATOM PAIRS WERE FOUND FOR ATOM LIST
        0 GROUP PAIRS REQUIRED ATOM SEARCHES

 SPACE FOR      410 ATOM PAIRS AND        0 GROUP PAIRS

 Image nonbond list generation found:
      208 ATOM PAIRS WERE FOUND FOR ATOM LIST
        0 ATOM PAIRS WERE FOUND FOR ATOM SELF LIST
        0 GROUP PAIRS REQUIRED ATOM SEARCHES



 ABNER> An energy minimization has been requested.

 EIGRNG =    0.0005000   MINDIM =            5
 NPRINT =           10   NSTEP  =          200
 PSTRCT =    0.0000000   SDSTP  =    0.0200000
 STPLIM =    1.0000000   STRICT =    0.1000000
 TOLFUN =    0.0000000   TOLGRD =    0.0000000
 TOLITR =          100   TOLSTP =    0.0000000
 FMEM   =    0.0000000
MINI MIN: Cycle      ENERgy      Delta-E         GRMS    Step-size
MINI EXTERN:        VDWaals         ELEC       HBONds          ASP         USER
MINI IMAGES:        IMNBvdw       IMELec       IMHBnd       RXNField    EXTElec
MINI MMFP:              GEO        MDIP           SSBP        SHEL       DROFfa
 ----------       ---------    ---------    ---------    ---------    ---------
MINI>        0    -82.19936      0.00173      0.06845      0.00000
MINI EXTERN>      -62.06656      0.00000      0.00000      0.00000      0.00000
MINI IMAGES>      -20.13533      0.00000      0.00000      0.00000      0.00000
MINI MMFP>          0.00253      0.00000      0.00000      0.00000      0.00000
 ----------       ---------    ---------    ---------    ---------    ---------
MINI>       10    -82.74143      0.54207      0.23542      0.04783
MINI EXTERN>      -62.38467      0.00000      0.00000      0.00000      0.00000
MINI IMAGES>      -20.40967      0.00000      0.00000      0.00000      0.00000
MINI MMFP>          0.05291      0.00000      0.00000      0.00000      0.00000
 ----------       ---------    ---------    ---------    ---------    ---------
MINI>       20    -82.87182      0.13039      0.08303      0.01668
MINI EXTERN>      -62.50508      0.00000      0.00000      0.00000      0.00000
MINI IMAGES>      -20.37327      0.00000      0.00000      0.00000      0.00000
MINI MMFP>          0.00652      0.00000      0.00000      0.00000      0.00000
 ----------       ---------    ---------    ---------    ---------    ---------
MINI>       30    -82.88880      0.01697      0.02230      0.00581
MINI EXTERN>      -62.48203      0.00000      0.00000      0.00000      0.00000
MINI IMAGES>      -20.40721      0.00000      0.00000      0.00000      0.00000
MINI MMFP>          0.00044      0.00000      0.00000      0.00000      0.00000
 ----------       ---------    ---------    ---------    ---------    ---------
MINI>       40    -82.89342      0.00462      0.00600      0.00203
MINI EXTERN>      -62.48733      0.00000      0.00000      0.00000      0.00000
MINI IMAGES>      -20.40610      0.00000      0.00000      0.00000      0.00000
MINI MMFP>          0.00001      0.00000      0.00000      0.00000      0.00000
 ----------       ---------    ---------    ---------    ---------    ---------
MINI>       50    -82.90859      0.01518      0.00649      0.00327
MINI EXTERN>      -62.49952      0.00000      0.00000      0.00000      0.00000
MINI IMAGES>      -20.40909      0.00000      0.00000      0.00000      0.00000
MINI MMFP>          0.00001      0.00000      0.00000      0.00000      0.00000
 ----------       ---------    ---------    ---------    ---------    ---------
MINI>       60    -82.91116      0.00257      0.00265      0.00190
MINI EXTERN>      -62.50698      0.00000      0.00000      0.00000      0.00000
MINI IMAGES>      -20.40418      0.00000      0.00000      0.00000      0.00000
MINI MMFP>          0.00000      0.00000      0.00000      0.00000      0.00000
 ----------       ---------    ---------    ---------    ---------    ---------
MINI>       70    -82.91257      0.00140      0.00387      0.00111
MINI EXTERN>      -62.50851      0.00000      0.00000      0.00000      0.00000
MINI IMAGES>      -20.40407      0.00000      0.00000      0.00000      0.00000
MINI MMFP>          0.00001      0.00000      0.00000      0.00000      0.00000
 ----------       ---------    ---------    ---------    ---------    ---------
MINI>       80    -82.91463      0.00206      0.00967      0.00297
MINI EXTERN>      -62.48943      0.00000      0.00000      0.00000      0.00000
MINI IMAGES>      -20.42526      0.00000      0.00000      0.00000      0.00000
MINI MMFP>          0.00006      0.00000      0.00000      0.00000      0.00000
 ----------       ---------    ---------    ---------    ---------    ---------
MINI>       90    -82.95021      0.03558      0.03359      0.00800
MINI EXTERN>      -62.46645      0.00000      0.00000      0.00000      0.00000
MINI IMAGES>      -20.48465      0.00000      0.00000      0.00000      0.00000
MINI MMFP>          0.00089      0.00000      0.00000      0.00000      0.00000
 ----------       ---------    ---------    ---------    ---------    ---------
MINI>      100    -82.99308      0.04288      0.02748      0.00775
MINI EXTERN>      -62.52275      0.00000      0.00000      0.00000      0.00000
MINI IMAGES>      -20.47092      0.00000      0.00000      0.00000      0.00000
MINI MMFP>          0.00059      0.00000      0.00000      0.00000      0.00000
 ----------       ---------    ---------    ---------    ---------    ---------
MINI>      110    -83.01574      0.02266      0.06066      0.01251
MINI EXTERN>      -62.53921      0.00000      0.00000      0.00000      0.00000
MINI IMAGES>      -20.48000      0.00000      0.00000      0.00000      0.00000
MINI MMFP>          0.00346      0.00000      0.00000      0.00000      0.00000
 ----------       ---------    ---------    ---------    ---------    ---------
 UPDECI: Image update at step       114

 <MKIMAT2>: updating the image atom lists and remapping
 Transformation   Atoms  Groups  Residues  Min-Distance
    1  N1N1N1R1 has       0       0       0     9976.00
    2  N1Z0N1R1 has       0       0       0     9976.00
    3  N1P1N1R1 has       0       0       0     9976.00
    4  Z0N1N1R1 has       0       0       0     9976.00
    5  Z0Z0N1R1 has       0       0       0     9976.00
    6  Z0P1N1R1 has       0       0       0     9976.00
    7  N1N1Z0R1 has       4       4       4        9.01
    8  N1Z0Z0R1 has      23      23      23        0.39
    9  N1P1Z0R1 has       5       5       5        2.43
   10  Z0N1Z0R1 has      23      23      23        1.23
   12  N1N1P1R1 has       0       0       0     9976.01
   13  N1Z0P1R1 has       0       0       0     9976.00
   14  N1P1P1R1 has       0       0       0     9976.00
 Total of  119 atoms and  119 groups and  119 residues were included

 <MAKGRP> found      0 image group exclusions.
 UPDECI: Nonbond update at step       114
 Generating nonbond list with Exclusion mode = 5
 == PRIMARY == SPACE FOR     1985 ATOM PAIRS AND        0 GROUP PAIRS

 General atom nonbond list generation found:
      448 ATOM PAIRS WERE FOUND FOR ATOM LIST
        0 GROUP PAIRS REQUIRED ATOM SEARCHES

 SPACE FOR      410 ATOM PAIRS AND        0 GROUP PAIRS

 Image nonbond list generation found:
      216 ATOM PAIRS WERE FOUND FOR ATOM LIST
        0 ATOM PAIRS WERE FOUND FOR ATOM SELF LIST
        0 GROUP PAIRS REQUIRED ATOM SEARCHES

MINI>      120    -83.05188      0.03614      0.01164      0.00727
MINI EXTERN>      -62.60011      0.00000      0.00000      0.00000      0.00000
MINI IMAGES>      -20.45178      0.00000      0.00000      0.00000      0.00000
MINI MMFP>          0.00001      0.00000      0.00000      0.00000      0.00000
 ----------       ---------    ---------    ---------    ---------    ---------
MINI>      130    -83.09664      0.04476      0.05766      0.01173
MINI EXTERN>      -62.66733      0.00000      0.00000      0.00000      0.00000
MINI IMAGES>      -20.43244      0.00000      0.00000      0.00000      0.00000
MINI MMFP>          0.00313      0.00000      0.00000      0.00000      0.00000
 ----------       ---------    ---------    ---------    ---------    ---------
MINI>      140    -83.10594      0.00931      0.00718      0.00409
MINI EXTERN>      -62.65567      0.00000      0.00000      0.00000      0.00000
MINI IMAGES>      -20.45029      0.00000      0.00000      0.00000      0.00000
MINI MMFP>          0.00002      0.00000      0.00000      0.00000      0.00000
 ----------       ---------    ---------    ---------    ---------    ---------
MINI>      150    -83.11359      0.00765      0.02856      0.00660
MINI EXTERN>      -62.67128      0.00000      0.00000      0.00000      0.00000
MINI IMAGES>      -20.44307      0.00000      0.00000      0.00000      0.00000
MINI MMFP>          0.00076      0.00000      0.00000      0.00000      0.00000
 ----------       ---------    ---------    ---------    ---------    ---------
MINI>      160    -83.11836      0.00476      0.01683      0.00384
MINI EXTERN>      -62.68412      0.00000      0.00000      0.00000      0.00000
MINI IMAGES>      -20.43449      0.00000      0.00000      0.00000      0.00000
MINI MMFP>          0.00026      0.00000      0.00000      0.00000      0.00000
 ----------       ---------    ---------    ---------    ---------    ---------
MINI>      170    -83.12245      0.00409      0.01579      0.00372
MINI EXTERN>      -62.69726      0.00000      0.00000      0.00000      0.00000
MINI IMAGES>      -20.42541      0.00000      0.00000      0.00000      0.00000
MINI MMFP>          0.00022      0.00000      0.00000      0.00000      0.00000
 ----------       ---------    ---------    ---------    ---------    ---------
MINI>      180    -83.12486      0.00241      0.01586      0.00360
MINI EXTERN>      -62.70890      0.00000      0.00000      0.00000      0.00000
MINI IMAGES>      -20.41619      0.00000      0.00000      0.00000      0.00000
MINI MMFP>          0.00023      0.00000      0.00000      0.00000      0.00000
 ----------       ---------    ---------    ---------    ---------    ---------
MINI>      190    -83.12559      0.00074      0.00640      0.00209
MINI EXTERN>      -62.70710      0.00000      0.00000      0.00000      0.00000
MINI IMAGES>      -20.41853      0.00000      0.00000      0.00000      0.00000
MINI MMFP>          0.00004      0.00000      0.00000      0.00000      0.00000
 ----------       ---------    ---------    ---------    ---------    ---------
MINI>      200    -83.12609      0.00050      0.00262      0.00073
MINI EXTERN>      -62.71113      0.00000      0.00000      0.00000      0.00000
MINI IMAGES>      -20.41496      0.00000      0.00000      0.00000      0.00000
MINI MMFP>          0.00000      0.00000      0.00000      0.00000      0.00000
 ----------       ---------    ---------    ---------    ---------    ---------

 ABNER> Minimization exiting with number of steps limit (  200) exceeded.

ABNR MIN: Cycle      ENERgy      Delta-E         GRMS    Step-size
ABNR EXTERN:        VDWaals         ELEC       HBONds          ASP         USER
ABNR IMAGES:        IMNBvdw       IMELec       IMHBnd       RXNField    EXTElec
ABNR MMFP:              GEO        MDIP           SSBP        SHEL       DROFfa
 ----------       ---------    ---------    ---------    ---------    ---------
ABNR>      200    -83.12609      0.00050      0.00262      0.00066
ABNR EXTERN>      -62.71113      0.00000      0.00000      0.00000      0.00000
ABNR IMAGES>      -20.41496      0.00000      0.00000      0.00000      0.00000
ABNR MMFP>          0.00000      0.00000      0.00000      0.00000      0.00000
 ----------       ---------    ---------    ---------    ---------    ---------
  
 CHARMM>     
  
 CHARMM>    scalar fbeta set  1.0 select all end
 SELRPN>     64 atoms have been selected out of     64
  
 CHARMM>     
  
 CHARMM>    DYNAMICS  start       nstep   @nstep  timestp  0.001 iprfrq   1000  nprint 100  -
 CHARMM>              iasvel    1 firstt 300.0  finalt   300.0 tstruc  300.0  -
 CHARMM>              langevin    tbath  300.0  rbuf       0.0 -
 CHARMM>              inbfrq   -1 imgfrq    -1  ihbfrq       0 ilbfrq      0  -
 CHARMM>              iunread  -1  -
 CHARMM>              iunwrite -1  -
 CHARMM>              iuncrd   -1 nsavcrd    0  -
 CHARMM>              iunvelo  -1 nsavvelo   0  -
 CHARMM>              kunit    -1
 Parameter: NSTEP -> "1000"
  IUNREA = -1         IUNWRI = -1          IUNOS = -1
  IUNCRD = -1         IUNVEL = -1          KUNIT = -1

 SELECTED IMAGES ATOMS BEING CENTERED ABOUT  0.000000  0.000000  0.000000

 NONBOND OPTION FLAGS: 
     ELEC     VDW      ATOMs    CDIElec  SWITch   VATOm    VFSWIt  
     BYGRoup  NOEXtnd  NOEWald 
 CUTNB  = 26.000 CTEXNB =999.000 CTONNB = 20.000 CTOFNB = 22.000
 CGONNB =  0.000 CGOFNB = 10.000
 WMIN   =  1.000 WRNMXD =  0.500 E14FAC =  1.000 EPS    = 80.000
 NBXMOD =      5
 There are      448 atom  pairs and        0 atom  exclusions.
 There are        0 group pairs and        0 group exclusions.
 DCNTRL> Langevin integration requested.
   NSTEP =     1000    NSAVC =        0    NSAVV =        0
  ISCALE =        0   ISCVEL =        0   IASORS =        0
  IASVEL =        1   ICHECW =        1   NTRFRQ =        0
  IHTFRQ =        0   IEQFRQ =        0   NPRINT =      100
  INBFRQ =       -1   IHBFRQ =        0   IPRFRQ =     1000
  ILBFRQ =        0   IMGFRQ =       -1
  ISVFRQ =        0   NCYCLE =     1000    NSNOS =       10
  FIRSTT =   300.000  TEMINC =     5.000  TSTRUC =   300.000
  FINALT =   300.000  TWINDH =    10.000  TWINDL =   -10.000

  TIME STEP =  2.04548E-02 AKMA       1.00000E-03 PS

  RANDOM NUM. GEN. SEED(S) = 426549257 426549257 426549257 426549257
 NUMBER OF DEGREES OF FREEDOM =    192

          GAUSSIAN OPTION                  IS            1
          VELOCITIES ASSIGNED AT TEMPERATURE =    300.0000
          SEED FOR RANDOM NUMBER GENERATOR IS:
          SEEDS> 426549257 426549257 426549257 426549257

     DETAILS ABOUT CENTRE OF MASS
     POSITION          :   0.30565570      -0.62177856       3.86492272E-06
     VELOCITY          :   3.97160559E-02   7.25633171E-03  -2.29074127E-02
     ANGULAR MOMENTUM  :    1111.9861       -865.09731        614.91479    
     KINETIC ENERGY    :    2.1357381    
 LNGFIL: TBATH =   300.000000  DELTA =    0.020455
 LNGFIL: Langevin dynamics setup for      64 atoms
 LNGFIL: RBUF =    0.000000
 LNGFIL: SXREF =    0.000000 SYREF =    0.000000 SZREF =    0.000000
DYNA DYN: Step         Time      TOTEner        TOTKe       ENERgy  TEMPerature
DYNA PROP:             GRMS      HFCTote        HFCKe       EHFCor        VIRKe
DYNA EXTERN:        VDWaals         ELEC       HBONds          ASP         USER
DYNA IMAGES:        IMNBvdw       IMELec       IMHBnd       RXNField    EXTElec
DYNA MMFP:              GEO        MDIP           SSBP        SHEL       DROFfa
DYNA PRESS:            VIRE         VIRI       PRESSE       PRESSI       VOLUme
 ----------       ---------    ---------    ---------    ---------    ---------
DYNA>        0      0.00000    -17.74876     65.37733    -83.12609    342.70174
DYNA PROP>          9.21761    -17.71780     65.37216      0.03096      0.42978
DYNA EXTERN>      -62.71113      0.00000      0.00000      0.00000      0.00000
DYNA IMAGES>      -20.41496      0.00000      0.00000      0.00000      0.00000
DYNA MMFP>          0.00000      0.00000      0.00000      0.00000      0.00000
DYNA PRESS>        -111.358      111.072        0.243        0.337 31472640.021
 ----------       ---------    ---------    ---------    ---------    ---------
DYNA>      100      0.10000    -23.17053     44.16444    -67.33497    231.50579
DYNA PROP>          9.29354    -23.10609     44.17062      0.06444     51.55749
DYNA EXTERN>      -55.45225      0.00000      0.00000      0.00000      0.00000
DYNA IMAGES>      -19.16311      0.00000      0.00000      0.00000      0.00000
DYNA MMFP>          7.28040      0.00000      0.00000      0.00000      0.00000
DYNA PRESS>        -191.952      157.580        0.418        0.407 31472640.021
 ----------       ---------    ---------    ---------    ---------    ---------
DYNA>      200      0.20000    -19.28527     24.08160    -43.36687    126.23348
DYNA PROP>          9.78186    -19.36573     24.10067     -0.08046     -2.61000
DYNA EXTERN>      -44.99809      0.00000      0.00000      0.00000      0.00000
DYNA IMAGES>      -16.80080      0.00000      0.00000      0.00000      0.00000
DYNA MMFP>         18.43202      0.00000      0.00000      0.00000      0.00000
DYNA PRESS>        -223.612      225.352        0.487        0.526 31472640.021
 ----------       ---------    ---------    ---------    ---------    ---------
 UPDECI: Image update at step       265

 SELECTED IMAGES ATOMS BEING CENTERED ABOUT  0.000000  0.000000  0.000000
 UPDECI: Nonbond update at step       265
DYNA>      300      0.30000    -11.18056     26.95389    -38.13445    141.28972
DYNA PROP>         11.35479    -11.33829     26.98207     -0.15772    139.25019
DYNA EXTERN>      -45.00899      0.00000      0.00000      0.00000      0.00000
DYNA IMAGES>      -14.34861      0.00000      0.00000      0.00000      0.00000
DYNA MMFP>         21.22315      0.00000      0.00000      0.00000      0.00000
DYNA PRESS>        -332.206      239.373        0.724        0.561 31472640.021
 ----------       ---------    ---------    ---------    ---------    ---------
DYNA>      400      0.40000     -8.57557     32.97398    -41.54955    172.84648
DYNA PROP>         11.08475     -8.75847     32.99707     -0.18290    152.45675
DYNA EXTERN>      -47.08410      0.00000      0.00000      0.00000      0.00000
DYNA IMAGES>      -10.98896      0.00000      0.00000      0.00000      0.00000
DYNA MMFP>         16.52351      0.00000      0.00000      0.00000      0.00000
DYNA PRESS>        -347.356      245.718        0.757        0.583 31472640.021
 ----------       ---------    ---------    ---------    ---------    ---------
DYNA>      500      0.50000     -3.86905     45.23993    -49.10899    237.14344
DYNA PROP>          9.90566     -3.85268     45.24903      0.01637    428.25954
DYNA EXTERN>      -47.29116      0.00000      0.00000      0.00000      0.00000
DYNA IMAGES>      -11.34753      0.00000      0.00000      0.00000      0.00000
DYNA MMFP>          9.52970      0.00000      0.00000      0.00000      0.00000
DYNA PRESS>        -528.707      243.201        1.152        0.596 31472640.021
 ----------       ---------    ---------    ---------    ---------    ---------
DYNA>      600      0.60000     -7.66655     43.60537    -51.27192    228.57523
DYNA PROP>         10.64320     -7.63898     43.62031      0.02757    242.31215
DYNA EXTERN>      -46.14211      0.00000      0.00000      0.00000      0.00000
DYNA IMAGES>      -12.53043      0.00000      0.00000      0.00000      0.00000
DYNA MMFP>          7.40062      0.00000      0.00000      0.00000      0.00000
DYNA PRESS>        -404.979      243.437        0.882        0.594 31472640.021
 ----------       ---------    ---------    ---------    ---------    ---------
 UPDECI: Image update at step       610

 SELECTED IMAGES ATOMS BEING CENTERED ABOUT  0.000000  0.000000  0.000000
 UPDECI: Nonbond update at step       610
DYNA>      700      0.70000     -3.08268     40.72797    -43.81066    213.49218
DYNA PROP>          8.78698     -3.16828     40.73266     -0.08560    141.10965
DYNA EXTERN>      -41.72692      0.00000      0.00000      0.00000      0.00000
DYNA IMAGES>      -13.15250      0.00000      0.00000      0.00000      0.00000
DYNA MMFP>         11.06876      0.00000      0.00000      0.00000      0.00000
DYNA PRESS>        -354.273      260.200        0.772        0.626 31472640.021
 ----------       ---------    ---------    ---------    ---------    ---------
DYNA>      800      0.80000     -0.46800     42.30989    -42.77789    221.78443
DYNA PROP>          9.91558     -0.45499     42.32073      0.01301    209.23564
DYNA EXTERN>      -42.71176      0.00000      0.00000      0.00000      0.00000
DYNA IMAGES>      -14.36731      0.00000      0.00000      0.00000      0.00000
DYNA MMFP>         14.30118      0.00000      0.00000      0.00000      0.00000
DYNA PRESS>        -386.578      247.088        0.842        0.600 31472640.021
 ----------       ---------    ---------    ---------    ---------    ---------
DYNA>      900      0.90000      0.49880     43.63798    -43.13918    228.74615
DYNA PROP>          9.88472      0.56783     43.64793      0.06903    -29.11613
DYNA EXTERN>      -43.63951      0.00000      0.00000      0.00000      0.00000
DYNA IMAGES>      -16.43178      0.00000      0.00000      0.00000      0.00000
DYNA MMFP>         16.93210      0.00000      0.00000      0.00000      0.00000
DYNA PRESS>        -211.536      230.947        0.461        0.567 31472640.021
 ----------       ---------    ---------    ---------    ---------    ---------
 UPDECI: Image update at step       936

 SELECTED IMAGES ATOMS BEING CENTERED ABOUT  0.000000  0.000000  0.000000
 UPDECI: Nonbond update at step       936
DYNA>     1000      1.00000      1.54029     42.41423    -40.87393    222.33135
DYNA PROP>         10.54083      1.51652     42.42896     -0.02378      7.76117
DYNA EXTERN>      -40.36774      0.00000      0.00000      0.00000      0.00000
DYNA IMAGES>      -14.45832      0.00000      0.00000      0.00000      0.00000
DYNA MMFP>         13.95212      0.00000      0.00000      0.00000      0.00000
DYNA PRESS>        -261.208      256.034        0.569        0.619 31472640.021
 ----------       ---------    ---------    ---------    ---------    ---------
 DYNAMC> Averages for the last 1000 steps:
AVER DYN: Step         Time      TOTEner        TOTKe       ENERgy  TEMPerature
AVER PROP:             GRMS      HFCTote        HFCKe       EHFCor        VIRKe
AVER EXTERN:        VDWaals         ELEC       HBONds          ASP         USER
AVER IMAGES:        IMNBvdw       IMELec       IMHBnd       RXNField    EXTElec
AVER MMFP:              GEO        MDIP           SSBP        SHEL       DROFfa
AVER PRESS:            VIRE         VIRI       PRESSE       PRESSI       VOLUme
 ----------       ---------    ---------    ---------    ---------    ---------
AVER>     1000      1.00000     -8.60238     40.07075    -48.67313    210.04709
AVER PROP>         10.09089     -8.60447     40.08384     -0.00209    122.69727
AVER EXTERN>      -46.60102      0.00000      0.00000      0.00000      0.00000
AVER IMAGES>      -14.68402      0.00000      0.00000      0.00000      0.00000
AVER MMFP>         12.61191      0.00000      0.00000      0.00000      0.00000
AVER PRESS>        -309.132      227.334        0.673        0.554 31472640.021
 ----------       ---------    ---------    ---------    ---------    ---------
 DYNAMC> RMS fluctuations for the last 1000 steps:
FLUC>     1000      1.00000      7.68267      7.62790      9.09707     39.98471
FLUC PROP>          0.55689      7.68178      7.62302      0.08370    142.48487
FLUC EXTERN>        5.24457      0.00000      0.00000      0.00000      0.00000
FLUC IMAGES>        2.77239      0.00000      0.00000      0.00000      0.00000
FLUC MMFP>          5.29015      0.00000      0.00000      0.00000      0.00000
FLUC PRESS>       119.13175     37.70776      0.25955      0.07993      5.54527
 ----------       ---------    ---------    ---------    ---------    ---------

     DRIFT/STEP (LAST-TOTAL):    2.57932366E-02   2.57932366E-02
     E AT STEP 0            :    -21.513989       -21.513989    
     CORR. COEFFICIENT      :    0.96928870       0.96928870    

     DETAILS ABOUT CENTRE OF MASS
     POSITION          :  -0.32447200       0.45327816       5.38737774E-04
     VELOCITY          :   1.62615434E-02  -9.18774457E-03   8.38365009E-03
     ANGULAR MOMENTUM  :   -605.07970        825.29441       -195.66023    
     KINETIC ENERGY    :   0.41543621    
  
 CHARMM>     
  
 CHARMM>    decrease factor by 0.1
 Parameter: FACTOR <- "1.1"
  
 CHARMM>    if factor .ge. 1 goto do_packing
 Comparing "1.1" and "1".
 IF test evaluated as true.  Performing command
  
 CHARMM>     
  
 CHARMM>    calc Ainit = @A * @factor
 Parameter: A -> "46.7504011"
 Parameter: FACTOR -> "1.1"
Evaluating: 46.7504011*1.1
 Parameter: AINIT <- "51.4254412"
  
 CHARMM>    calc Binit = @B * @factor
 Parameter: B -> "46.7504011"
 Parameter: FACTOR -> "1.1"
Evaluating: 46.7504011*1.1
 Parameter: BINIT <- "51.4254412"
  
 CHARMM>     
  
 CHARMM>    if factor .ne. 1.5 crystal free
 Comparing "1.1" and "1.5".
 IF test evaluated as true.  Performing command
  
 CHARMM>    crystal define @xtltype @Ainit @Binit 10000.0 @Alpha @beta @Gamma
 Parameter: XTLTYPE -> "TETRAGONAL"
 Parameter: AINIT -> "51.4254412"
 Parameter: BINIT -> "51.4254412"
 Parameter: ALPHA -> "90.0"
 Parameter: BETA -> "90.0"
 Parameter: GAMMA -> "90.0"
 Crystal Parameters : Crystal Type = TETR
           A     =   51.42544 B    =   51.42544 C     = **********
           Alpha =   90.00000 Beta =   90.00000 Gamma =   90.00000
  
 CHARMM>     
  
 CHARMM>    open read unit 10 card name crystal_image.str
 VOPEN> Attempting to open::crystal_image.str::
 OPNLGU> Unit 10 opened for READONLY access to crystal_image.str
  
 CHARMM>    crystal read unit 10 card
 CRYSTAL FILE BEING READ FROM UNIT    10
 TITLE> * GENERATED BY CHARMM-GUI (HTTP://WWW.CHARMM-GUI.ORG) V3.7 ON OCT, 25. 2022. JOBID=6672914435
 TITLE> * STREAM FILE FOR CRYSTAL SYMMETRY OPERATION
 TITLE> *
 TITLE>  * GENERATED BY CHARMM-GUI (HTTP://WWW.CHARMM-GUI.ORG) V3.7 ON OCT, 25. 2022. JOB
 TITLE>  * STREAM FILE FOR CRYSTAL SYMMETRY OPERATION
 TITLE>  *
                     THERE ARE NO ROTATIONS FOR THIS TRANSFORMATION SET
    26 Transformations have been processed.

  
 CHARMM>    close unit 10
 VCLOSE: Closing unit   10 with status "KEEP"
  
 CHARMM>     
  
 CHARMM>    image byresid xcen 0.0 ycen 0.0 zcen 0.0 sele segid HEAD end
 SELRPN>     64 atoms have been selected out of     64
 IMAGE CENTERING ON FOR SOME ATOMS
  
 CHARMM>     
  
 CHARMM>    !setup nonbond option (eps=80)
 CHARMM>    nbonds atom switch cdie vdw vfswitch  -
 CHARMM>           ctonnb 20.0 ctofnb 22.0 cutnb 26.0 cutim 26.0 -
 CHARMM>           inbfrq -1 imgfrq -1 wmin 1.0 cdie eps 80.0

 SELECTED IMAGES ATOMS BEING CENTERED ABOUT  0.000000  0.000000  0.000000
 RESIDUE    8 OPERATED ON BY TRANSFORMATION P1Z0Z0R1
 RESIDUE   11 OPERATED ON BY TRANSFORMATION Z0N1Z0R1
 RESIDUE   14 OPERATED ON BY TRANSFORMATION P1Z0Z0R1
 RESIDUE   29 OPERATED ON BY TRANSFORMATION Z0P1Z0R1
 RESIDUE   31 OPERATED ON BY TRANSFORMATION N1Z0Z0R1
 RESIDUE   33 OPERATED ON BY TRANSFORMATION Z0P1Z0R1
 RESIDUE   37 OPERATED ON BY TRANSFORMATION N1Z0Z0R1
 RESIDUE   41 OPERATED ON BY TRANSFORMATION Z0N1Z0R1
 RESIDUE   45 OPERATED ON BY TRANSFORMATION Z0N1Z0R1
 RESIDUE   58 OPERATED ON BY TRANSFORMATION Z0N1Z0R1
 RESIDUE   61 OPERATED ON BY TRANSFORMATION P1Z0Z0R1

 <MKIMAT2>: updating the image atom lists and remapping
 Transformation   Atoms  Groups  Residues  Min-Distance
    1  N1N1N1R1 has       0       0       0     9975.74
    2  N1Z0N1R1 has       0       0       0     9975.71
    3  N1P1N1R1 has       0       0       0     9975.76
    4  Z0N1N1R1 has       0       0       0     9975.72
    5  Z0Z0N1R1 has       0       0       0     9975.69
    6  Z0P1N1R1 has       0       0       0     9975.73
    7  N1N1Z0R1 has       6       6       6       12.53
    8  N1Z0Z0R1 has      31      31      31        0.96
    9  N1P1Z0R1 has      13      13      13        1.52
   10  Z0N1Z0R1 has      29      29      29        0.89
   12  N1N1P1R1 has       0       0       0     9975.81
   13  N1Z0P1R1 has       0       0       0     9975.69
   14  N1P1P1R1 has       0       0       0     9975.69
 Total of  143 atoms and  143 groups and  143 residues were included

 <MAKGRP> found      0 image group exclusions.

 NONBOND OPTION FLAGS: 
     ELEC     VDW      ATOMs    CDIElec  SWITch   VATOm    VFSWIt  
     BYGRoup  NOEXtnd  NOEWald 
 CUTNB  = 26.000 CTEXNB =999.000 CTONNB = 20.000 CTOFNB = 22.000
 CGONNB =  0.000 CGOFNB = 10.000
 WMIN   =  1.000 WRNMXD =  0.500 E14FAC =  1.000 EPS    = 80.000
 NBXMOD =      5
 There are      457 atom  pairs and        0 atom  exclusions.
 There are        0 group pairs and        0 group exclusions.
 Generating nonbond list with Exclusion mode = 5
 == PRIMARY == SPACE FOR     1985 ATOM PAIRS AND        0 GROUP PAIRS

 General atom nonbond list generation found:
      494 ATOM PAIRS WERE FOUND FOR ATOM LIST
        0 GROUP PAIRS REQUIRED ATOM SEARCHES

 SPACE FOR      918 ATOM PAIRS AND        0 GROUP PAIRS

 Image nonbond list generation found:
      412 ATOM PAIRS WERE FOUND FOR ATOM LIST
        0 ATOM PAIRS WERE FOUND FOR ATOM SELF LIST
        0 GROUP PAIRS REQUIRED ATOM SEARCHES

 **** Warning ****  The following extraneous characters
 were found while command processing in CHARMM
 CDIE
  
 CHARMM>     
  
 CHARMM>    ENERGY

 SELECTED IMAGES ATOMS BEING CENTERED ABOUT  0.000000  0.000000  0.000000

 <MKIMAT2>: updating the image atom lists and remapping
 Transformation   Atoms  Groups  Residues  Min-Distance
    1  N1N1N1R1 has       0       0       0     9975.74
    2  N1Z0N1R1 has       0       0       0     9975.71
    3  N1P1N1R1 has       0       0       0     9975.76
    4  Z0N1N1R1 has       0       0       0     9975.72
    5  Z0Z0N1R1 has       0       0       0     9975.69
    6  Z0P1N1R1 has       0       0       0     9975.73
    7  N1N1Z0R1 has       6       6       6       12.53
    8  N1Z0Z0R1 has      31      31      31        0.96
    9  N1P1Z0R1 has      13      13      13        1.52
   10  Z0N1Z0R1 has      29      29      29        0.89
   12  N1N1P1R1 has       0       0       0     9975.81
   13  N1Z0P1R1 has       0       0       0     9975.69
   14  N1P1P1R1 has       0       0       0     9975.69
 Total of  143 atoms and  143 groups and  143 residues were included

 <MAKGRP> found      0 image group exclusions.

 NONBOND OPTION FLAGS: 
     ELEC     VDW      ATOMs    CDIElec  SWITch   VATOm    VFSWIt  
     BYGRoup  NOEXtnd  NOEWald 
 CUTNB  = 26.000 CTEXNB =999.000 CTONNB = 20.000 CTOFNB = 22.000
 CGONNB =  0.000 CGOFNB = 10.000
 WMIN   =  1.000 WRNMXD =  0.500 E14FAC =  1.000 EPS    = 80.000
 NBXMOD =      5
 There are      494 atom  pairs and        0 atom  exclusions.
 There are        0 group pairs and        0 group exclusions.
 Generating nonbond list with Exclusion mode = 5
 == PRIMARY == SPACE FOR     1985 ATOM PAIRS AND        0 GROUP PAIRS

 General atom nonbond list generation found:
      494 ATOM PAIRS WERE FOUND FOR ATOM LIST
        0 GROUP PAIRS REQUIRED ATOM SEARCHES

 SPACE FOR      918 ATOM PAIRS AND        0 GROUP PAIRS

 Image nonbond list generation found:
      412 ATOM PAIRS WERE FOUND FOR ATOM LIST
        0 ATOM PAIRS WERE FOUND FOR ATOM SELF LIST
        0 GROUP PAIRS REQUIRED ATOM SEARCHES

ENER ENR:  Eval#     ENERgy      Delta-E         GRMS
ENER EXTERN:        VDWaals         ELEC       HBONds          ASP         USER
ENER IMAGES:        IMNBvdw       IMELec       IMHBnd       RXNField    EXTElec
ENER MMFP:              GEO        MDIP           SSBP        SHEL       DROFfa
 ----------       ---------    ---------    ---------    ---------    ---------
ENER>        0  21440.44888      0.00000   1455.61022
ENER EXTERN>    12862.95318      0.00000      0.00000      0.00000      0.00000
ENER IMAGES>     8563.54357      0.00000      0.00000      0.00000      0.00000
ENER MMFP>         13.95212      0.00000      0.00000      0.00000      0.00000
 ----------       ---------    ---------    ---------    ---------    ---------
  
 CHARMM>     
  
 CHARMM>    mini sd   nstep 200    nprint 10

 SELECTED IMAGES ATOMS BEING CENTERED ABOUT  0.000000  0.000000  0.000000

 <MKIMAT2>: updating the image atom lists and remapping
 Transformation   Atoms  Groups  Residues  Min-Distance
    1  N1N1N1R1 has       0       0       0     9975.74
    2  N1Z0N1R1 has       0       0       0     9975.71
    3  N1P1N1R1 has       0       0       0     9975.76
    4  Z0N1N1R1 has       0       0       0     9975.72
    5  Z0Z0N1R1 has       0       0       0     9975.69
    6  Z0P1N1R1 has       0       0       0     9975.73
    7  N1N1Z0R1 has       6       6       6       12.53
    8  N1Z0Z0R1 has      31      31      31        0.96
    9  N1P1Z0R1 has      13      13      13        1.52
   10  Z0N1Z0R1 has      29      29      29        0.89
   12  N1N1P1R1 has       0       0       0     9975.81
   13  N1Z0P1R1 has       0       0       0     9975.69
   14  N1P1P1R1 has       0       0       0     9975.69
 Total of  143 atoms and  143 groups and  143 residues were included

 <MAKGRP> found      0 image group exclusions.

 NONBOND OPTION FLAGS: 
     ELEC     VDW      ATOMs    CDIElec  SWITch   VATOm    VFSWIt  
     BYGRoup  NOEXtnd  NOEWald 
 CUTNB  = 26.000 CTEXNB =999.000 CTONNB = 20.000 CTOFNB = 22.000
 CGONNB =  0.000 CGOFNB = 10.000
 WMIN   =  1.000 WRNMXD =  0.500 E14FAC =  1.000 EPS    = 80.000
 NBXMOD =      5
 There are      494 atom  pairs and        0 atom  exclusions.
 There are        0 group pairs and        0 group exclusions.
 Generating nonbond list with Exclusion mode = 5
 == PRIMARY == SPACE FOR     1985 ATOM PAIRS AND        0 GROUP PAIRS

 General atom nonbond list generation found:
      494 ATOM PAIRS WERE FOUND FOR ATOM LIST
        0 GROUP PAIRS REQUIRED ATOM SEARCHES

 SPACE FOR      918 ATOM PAIRS AND        0 GROUP PAIRS

 Image nonbond list generation found:
      412 ATOM PAIRS WERE FOUND FOR ATOM LIST
        0 ATOM PAIRS WERE FOUND FOR ATOM SELF LIST
        0 GROUP PAIRS REQUIRED ATOM SEARCHES



 STEEPD> An energy minimization has been requested.

 NSTEP  =          200   NPRINT =           10
 STEP   =    0.0200000   TOLFUN =    0.0000000
 TOLGRD =    0.0000000   TOLSTP =    0.0000000

MINI MIN: Cycle      ENERgy      Delta-E         GRMS    Step-size
MINI EXTERN:        VDWaals         ELEC       HBONds          ASP         USER
MINI IMAGES:        IMNBvdw       IMELec       IMHBnd       RXNField    EXTElec
MINI MMFP:              GEO        MDIP           SSBP        SHEL       DROFfa
 ----------       ---------    ---------    ---------    ---------    ---------
MINI>        0  21440.44888      0.00000   1455.61022      0.02000
MINI EXTERN>    12862.95318      0.00000      0.00000      0.00000      0.00000
MINI IMAGES>     8563.54357      0.00000      0.00000      0.00000      0.00000
MINI MMFP>         13.95212      0.00000      0.00000      0.00000      0.00000
 ----------       ---------    ---------    ---------    ---------    ---------
MINI>       10   2271.04819  19169.40069     82.41968      0.05160
MINI EXTERN>     1219.42576      0.00000      0.00000      0.00000      0.00000
MINI IMAGES>     1038.77720      0.00000      0.00000      0.00000      0.00000
MINI MMFP>         12.84522      0.00000      0.00000      0.00000      0.00000
 ----------       ---------    ---------    ---------    ---------    ---------
 UPDECI: Image update at step        13

 <MKIMAT2>: updating the image atom lists and remapping
 Transformation   Atoms  Groups  Residues  Min-Distance
    1  N1N1N1R1 has       0       0       0     9975.85
    2  N1Z0N1R1 has       0       0       0     9975.81
    3  N1P1N1R1 has       0       0       0     9975.81
    4  Z0N1N1R1 has       0       0       0     9975.82
    5  Z0Z0N1R1 has       0       0       0     9975.81
    6  Z0P1N1R1 has       0       0       0     9975.81
    7  N1N1Z0R1 has       5       5       5       11.56
    8  N1Z0Z0R1 has      31      31      31        0.00
    9  N1P1Z0R1 has      13      13      13        0.87
   10  Z0N1Z0R1 has      27      27      27        0.00
   12  N1N1P1R1 has       0       0       0     9975.90
   13  N1Z0P1R1 has       0       0       0     9975.81
   14  N1P1P1R1 has       0       0       0     9975.81
 Total of  140 atoms and  140 groups and  140 residues were included

 <MAKGRP> found      0 image group exclusions.
 UPDECI: Nonbond update at step        13
 Generating nonbond list with Exclusion mode = 5
 == PRIMARY == SPACE FOR     1985 ATOM PAIRS AND        0 GROUP PAIRS

 General atom nonbond list generation found:
      514 ATOM PAIRS WERE FOUND FOR ATOM LIST
        0 GROUP PAIRS REQUIRED ATOM SEARCHES

 SPACE FOR      918 ATOM PAIRS AND        0 GROUP PAIRS

 Image nonbond list generation found:
      399 ATOM PAIRS WERE FOUND FOR ATOM LIST
        0 ATOM PAIRS WERE FOUND FOR ATOM SELF LIST
        0 GROUP PAIRS REQUIRED ATOM SEARCHES

MINI>       20     61.23441   2209.81378      0.97998      0.05547
MINI EXTERN>       44.92378      0.00000      0.00000      0.00000      0.00000
MINI IMAGES>       16.30300      0.00000      0.00000      0.00000      0.00000
MINI MMFP>          0.00763      0.00000      0.00000      0.00000      0.00000
 ----------       ---------    ---------    ---------    ---------    ---------
 UPDECI: Image update at step        21

 <MKIMAT2>: updating the image atom lists and remapping
 Transformation   Atoms  Groups  Residues  Min-Distance
    1  N1N1N1R1 has       0       0       0     9975.98
    2  N1Z0N1R1 has       0       0       0     9975.95
    3  N1P1N1R1 has       0       0       0     9975.96
    4  Z0N1N1R1 has       0       0       0     9975.96
    5  Z0Z0N1R1 has       0       0       0     9975.95
    6  Z0P1N1R1 has       0       0       0     9975.95
    7  N1N1Z0R1 has       5       5       5       11.74
    8  N1Z0Z0R1 has      31      31      31        0.00
    9  N1P1Z0R1 has      13      13      13        0.91
   10  Z0N1Z0R1 has      30      30      30        0.00
   12  N1N1P1R1 has       0       0       0     9975.98
   13  N1Z0P1R1 has       0       0       0     9975.95
   14  N1P1P1R1 has       0       0       0     9975.95
 Total of  143 atoms and  143 groups and  143 residues were included

 <MAKGRP> found      0 image group exclusions.
 UPDECI: Nonbond update at step        21
 Generating nonbond list with Exclusion mode = 5
 == PRIMARY == SPACE FOR     1985 ATOM PAIRS AND        0 GROUP PAIRS

 General atom nonbond list generation found:
      555 ATOM PAIRS WERE FOUND FOR ATOM LIST
        0 GROUP PAIRS REQUIRED ATOM SEARCHES

 SPACE FOR      918 ATOM PAIRS AND        0 GROUP PAIRS

 Image nonbond list generation found:
      391 ATOM PAIRS WERE FOUND FOR ATOM LIST
        0 ATOM PAIRS WERE FOUND FOR ATOM SELF LIST
        0 GROUP PAIRS REQUIRED ATOM SEARCHES

MINI>       30     35.00765     26.22676      1.33242      0.02484
MINI EXTERN>       27.04274      0.00000      0.00000      0.00000      0.00000
MINI IMAGES>        6.37872      0.00000      0.00000      0.00000      0.00000
MINI MMFP>          1.58619      0.00000      0.00000      0.00000      0.00000
 ----------       ---------    ---------    ---------    ---------    ---------
MINI>       40     28.08861      6.91904      0.28607      0.01113
MINI EXTERN>       23.69332      0.00000      0.00000      0.00000      0.00000
MINI IMAGES>        4.38167      0.00000      0.00000      0.00000      0.00000
MINI MMFP>          0.01362      0.00000      0.00000      0.00000      0.00000
 ----------       ---------    ---------    ---------    ---------    ---------
MINI>       50     26.05126      2.03735      0.73368      0.01196
MINI EXTERN>       22.06278      0.00000      0.00000      0.00000      0.00000
MINI IMAGES>        3.48745      0.00000      0.00000      0.00000      0.00000
MINI MMFP>          0.50103      0.00000      0.00000      0.00000      0.00000
 ----------       ---------    ---------    ---------    ---------    ---------
MINI>       60     24.57999      1.47127      0.25601      0.00536
MINI EXTERN>       21.35348      0.00000      0.00000      0.00000      0.00000
MINI IMAGES>        3.17719      0.00000      0.00000      0.00000      0.00000
MINI MMFP>          0.04932      0.00000      0.00000      0.00000      0.00000
 ----------       ---------    ---------    ---------    ---------    ---------
MINI>       70     24.04629      0.53370      0.29909      0.00576
MINI EXTERN>       20.91979      0.00000      0.00000      0.00000      0.00000
MINI IMAGES>        3.04685      0.00000      0.00000      0.00000      0.00000
MINI MMFP>          0.07966      0.00000      0.00000      0.00000      0.00000
 ----------       ---------    ---------    ---------    ---------    ---------
MINI>       80     23.65766      0.38863      0.07614      0.00258
MINI EXTERN>       20.65208      0.00000      0.00000      0.00000      0.00000
MINI IMAGES>        3.00509      0.00000      0.00000      0.00000      0.00000
MINI MMFP>          0.00049      0.00000      0.00000      0.00000      0.00000
 ----------       ---------    ---------    ---------    ---------    ---------
MINI>       90     23.44319      0.21447      0.15188      0.00277
MINI EXTERN>       20.42635      0.00000      0.00000      0.00000      0.00000
MINI IMAGES>        2.99736      0.00000      0.00000      0.00000      0.00000
MINI MMFP>          0.01948      0.00000      0.00000      0.00000      0.00000
 ----------       ---------    ---------    ---------    ---------    ---------
MINI>      100     23.31077      0.13242      0.17794      0.00298
MINI EXTERN>       20.27616      0.00000      0.00000      0.00000      0.00000
MINI IMAGES>        3.00566      0.00000      0.00000      0.00000      0.00000
MINI MMFP>          0.02895      0.00000      0.00000      0.00000      0.00000
 ----------       ---------    ---------    ---------    ---------    ---------
MINI>      110     23.21509      0.09568      0.17090      0.00320
MINI EXTERN>       20.17140      0.00000      0.00000      0.00000      0.00000
MINI IMAGES>        3.01659      0.00000      0.00000      0.00000      0.00000
MINI MMFP>          0.02709      0.00000      0.00000      0.00000      0.00000
 ----------       ---------    ---------    ---------    ---------    ---------
MINI>      120     23.11590      0.09919      0.03892      0.00144
MINI EXTERN>       20.08834      0.00000      0.00000      0.00000      0.00000
MINI IMAGES>        3.02739      0.00000      0.00000      0.00000      0.00000
MINI MMFP>          0.00017      0.00000      0.00000      0.00000      0.00000
 ----------       ---------    ---------    ---------    ---------    ---------
MINI>      130     23.05411      0.06179      0.04793      0.00154
MINI EXTERN>       20.01567      0.00000      0.00000      0.00000      0.00000
MINI IMAGES>        3.03722      0.00000      0.00000      0.00000      0.00000
MINI MMFP>          0.00122      0.00000      0.00000      0.00000      0.00000
 ----------       ---------    ---------    ---------    ---------    ---------
MINI>      140     23.01052      0.04359      0.09356      0.00166
MINI EXTERN>       19.95828      0.00000      0.00000      0.00000      0.00000
MINI IMAGES>        3.04445      0.00000      0.00000      0.00000      0.00000
MINI MMFP>          0.00779      0.00000      0.00000      0.00000      0.00000
 ----------       ---------    ---------    ---------    ---------    ---------
MINI>      150     22.97175      0.03876      0.09265      0.00178
MINI EXTERN>       19.91495      0.00000      0.00000      0.00000      0.00000
MINI IMAGES>        3.04906      0.00000      0.00000      0.00000      0.00000
MINI MMFP>          0.00775      0.00000      0.00000      0.00000      0.00000
 ----------       ---------    ---------    ---------    ---------    ---------
MINI>      160     22.94104      0.03072      0.10224      0.00192
MINI EXTERN>       19.87952      0.00000      0.00000      0.00000      0.00000
MINI IMAGES>        3.05182      0.00000      0.00000      0.00000      0.00000
MINI MMFP>          0.00969      0.00000      0.00000      0.00000      0.00000
 ----------       ---------    ---------    ---------    ---------    ---------
MINI>      170     22.90185      0.03918      0.03695      0.00086
MINI EXTERN>       19.84782      0.00000      0.00000      0.00000      0.00000
MINI IMAGES>        3.05323      0.00000      0.00000      0.00000      0.00000
MINI MMFP>          0.00080      0.00000      0.00000      0.00000      0.00000
 ----------       ---------    ---------    ---------    ---------    ---------
MINI>      180     22.87672      0.02513      0.02403      0.00092
MINI EXTERN>       19.82337      0.00000      0.00000      0.00000      0.00000
MINI IMAGES>        3.05327      0.00000      0.00000      0.00000      0.00000
MINI MMFP>          0.00008      0.00000      0.00000      0.00000      0.00000
 ----------       ---------    ---------    ---------    ---------    ---------
MINI>      190     22.85303      0.02369      0.02991      0.00099
MINI EXTERN>       19.80031      0.00000      0.00000      0.00000      0.00000
MINI IMAGES>        3.05226      0.00000      0.00000      0.00000      0.00000
MINI MMFP>          0.00045      0.00000      0.00000      0.00000      0.00000
 ----------       ---------    ---------    ---------    ---------    ---------
MINI>      200     22.83381      0.01922      0.05904      0.00107
MINI EXTERN>       19.78040      0.00000      0.00000      0.00000      0.00000
MINI IMAGES>        3.05036      0.00000      0.00000      0.00000      0.00000
MINI MMFP>          0.00306      0.00000      0.00000      0.00000      0.00000
 ----------       ---------    ---------    ---------    ---------    ---------

 STEEPD> Minimization exiting with number of steps limit (       200) exceeded.

STPD MIN: Cycle      ENERgy      Delta-E         GRMS    Step-size
STPD EXTERN:        VDWaals         ELEC       HBONds          ASP         USER
STPD IMAGES:        IMNBvdw       IMELec       IMHBnd       RXNField    EXTElec
STPD MMFP:              GEO        MDIP           SSBP        SHEL       DROFfa
 ----------       ---------    ---------    ---------    ---------    ---------
STPD>      200     22.83381      0.01922      0.05904      0.00128
STPD EXTERN>       19.78040      0.00000      0.00000      0.00000      0.00000
STPD IMAGES>        3.05036      0.00000      0.00000      0.00000      0.00000
STPD MMFP>          0.00306      0.00000      0.00000      0.00000      0.00000
 ----------       ---------    ---------    ---------    ---------    ---------
  
 CHARMM>    mini abnr nstep 200    nprint 10

 SELECTED IMAGES ATOMS BEING CENTERED ABOUT  0.000000  0.000000  0.000000
 RESIDUE    8 OPERATED ON BY TRANSFORMATION N1Z0Z0R1
 RESIDUE   11 OPERATED ON BY TRANSFORMATION Z0P1Z0R1
 RESIDUE   14 OPERATED ON BY TRANSFORMATION N1Z0Z0R1
 RESIDUE   29 OPERATED ON BY TRANSFORMATION Z0N1Z0R1
 RESIDUE   31 OPERATED ON BY TRANSFORMATION P1Z0Z0R1
 RESIDUE   33 OPERATED ON BY TRANSFORMATION Z0N1Z0R1
 RESIDUE   37 OPERATED ON BY TRANSFORMATION P1Z0Z0R1
 RESIDUE   41 OPERATED ON BY TRANSFORMATION Z0P1Z0R1
 RESIDUE   58 OPERATED ON BY TRANSFORMATION Z0P1Z0R1
 RESIDUE   61 OPERATED ON BY TRANSFORMATION N1Z0Z0R1

 <MKIMAT2>: updating the image atom lists and remapping
 Transformation   Atoms  Groups  Residues  Min-Distance
    1  N1N1N1R1 has       0       0       0     9976.00
    2  N1Z0N1R1 has       0       0       0     9976.00
    3  N1P1N1R1 has       0       0       0     9976.00
    4  Z0N1N1R1 has       0       0       0     9976.00
    5  Z0Z0N1R1 has       0       0       0     9976.00
    6  Z0P1N1R1 has       0       0       0     9976.00
    7  N1N1Z0R1 has      10      10      10        7.79
    8  N1Z0Z0R1 has      32      32      32        1.29
    9  N1P1Z0R1 has       9       9       9        4.88
   10  Z0N1Z0R1 has      29      29      29        0.64
   12  N1N1P1R1 has       0       0       0     9976.01
   13  N1Z0P1R1 has       0       0       0     9976.00
   14  N1P1P1R1 has       0       0       0     9976.00
 Total of  144 atoms and  144 groups and  144 residues were included

 <MAKGRP> found      0 image group exclusions.

 NONBOND OPTION FLAGS: 
     ELEC     VDW      ATOMs    CDIElec  SWITch   VATOm    VFSWIt  
     BYGRoup  NOEXtnd  NOEWald 
 CUTNB  = 26.000 CTEXNB =999.000 CTONNB = 20.000 CTOFNB = 22.000
 CGONNB =  0.000 CGOFNB = 10.000
 WMIN   =  1.000 WRNMXD =  0.500 E14FAC =  1.000 EPS    = 80.000
 NBXMOD =      5
 There are      555 atom  pairs and        0 atom  exclusions.
 There are        0 group pairs and        0 group exclusions.
 Generating nonbond list with Exclusion mode = 5
 == PRIMARY == SPACE FOR     1985 ATOM PAIRS AND        0 GROUP PAIRS

 General atom nonbond list generation found:
      595 ATOM PAIRS WERE FOUND FOR ATOM LIST
        0 GROUP PAIRS REQUIRED ATOM SEARCHES

 SPACE FOR      918 ATOM PAIRS AND        0 GROUP PAIRS

 Image nonbond list generation found:
      389 ATOM PAIRS WERE FOUND FOR ATOM LIST
        0 ATOM PAIRS WERE FOUND FOR ATOM SELF LIST
        0 GROUP PAIRS REQUIRED ATOM SEARCHES



 ABNER> An energy minimization has been requested.

 EIGRNG =    0.0005000   MINDIM =            5
 NPRINT =           10   NSTEP  =          200
 PSTRCT =    0.0000000   SDSTP  =    0.0200000
 STPLIM =    1.0000000   STRICT =    0.1000000
 TOLFUN =    0.0000000   TOLGRD =    0.0000000
 TOLITR =          100   TOLSTP =    0.0000000
 FMEM   =    0.0000000
MINI MIN: Cycle      ENERgy      Delta-E         GRMS    Step-size
MINI EXTERN:        VDWaals         ELEC       HBONds          ASP         USER
MINI IMAGES:        IMNBvdw       IMELec       IMHBnd       RXNField    EXTElec
MINI MMFP:              GEO        MDIP           SSBP        SHEL       DROFfa
 ----------       ---------    ---------    ---------    ---------    ---------
MINI>        0     22.83381      0.00000      0.05904      0.00000
MINI EXTERN>       20.04585      0.00000      0.00000      0.00000      0.00000
MINI IMAGES>        2.78491      0.00000      0.00000      0.00000      0.00000
MINI MMFP>          0.00306      0.00000      0.00000      0.00000      0.00000
 ----------       ---------    ---------    ---------    ---------    ---------
MINI>       10     22.37589      0.45792      0.12778      0.04783
MINI EXTERN>       18.92281      0.00000      0.00000      0.00000      0.00000
MINI IMAGES>        3.45260      0.00000      0.00000      0.00000      0.00000
MINI MMFP>          0.00048      0.00000      0.00000      0.00000      0.00000
 ----------       ---------    ---------    ---------    ---------    ---------
 UPDECI: Image update at step        12

 <MKIMAT2>: updating the image atom lists and remapping
 Transformation   Atoms  Groups  Residues  Min-Distance
    1  N1N1N1R1 has       0       0       0     9976.00
    2  N1Z0N1R1 has       0       0       0     9976.00
    3  N1P1N1R1 has       0       0       0     9976.00
    4  Z0N1N1R1 has       0       0       0     9976.00
    5  Z0Z0N1R1 has       0       0       0     9975.99
    6  Z0P1N1R1 has       0       0       0     9976.00
    7  N1N1Z0R1 has      10      10      10        6.36
    8  N1Z0Z0R1 has      32      32      32        0.49
    9  N1P1Z0R1 has       9       9       9        4.34
   10  Z0N1Z0R1 has      30      30      30        0.00
   12  N1N1P1R1 has       0       0       0     9976.01
   13  N1Z0P1R1 has       0       0       0     9976.00
   14  N1P1P1R1 has       0       0       0     9976.00
 Total of  145 atoms and  145 groups and  145 residues were included

 <MAKGRP> found      0 image group exclusions.
 UPDECI: Nonbond update at step        12
 Generating nonbond list with Exclusion mode = 5
 == PRIMARY == SPACE FOR     1985 ATOM PAIRS AND        0 GROUP PAIRS

 General atom nonbond list generation found:
      577 ATOM PAIRS WERE FOUND FOR ATOM LIST
        0 GROUP PAIRS REQUIRED ATOM SEARCHES

 SPACE FOR      918 ATOM PAIRS AND        0 GROUP PAIRS

 Image nonbond list generation found:
      378 ATOM PAIRS WERE FOUND FOR ATOM LIST
        0 ATOM PAIRS WERE FOUND FOR ATOM SELF LIST
        0 GROUP PAIRS REQUIRED ATOM SEARCHES

MINI>       20     21.48580      0.89009      1.08262      0.39717
MINI EXTERN>       16.77409      0.00000      0.00000      0.00000      0.00000
MINI IMAGES>        3.59977      0.00000      0.00000      0.00000      0.00000
MINI MMFP>          1.11194      0.00000      0.00000      0.00000      0.00000
 ----------       ---------    ---------    ---------    ---------    ---------
MINI>       30     18.63409      2.85171      0.20048      0.14824
MINI EXTERN>       16.12306      0.00000      0.00000      0.00000      0.00000
MINI IMAGES>        2.48810      0.00000      0.00000      0.00000      0.00000
MINI MMFP>          0.02294      0.00000      0.00000      0.00000      0.00000
 ----------       ---------    ---------    ---------    ---------    ---------
 UPDECI: Image update at step        31

 <MKIMAT2>: updating the image atom lists and remapping
 Transformation   Atoms  Groups  Residues  Min-Distance
    1  N1N1N1R1 has       0       0       0     9975.96
    2  N1Z0N1R1 has       0       0       0     9975.95
    3  N1P1N1R1 has       0       0       0     9975.98
    4  Z0N1N1R1 has       0       0       0     9975.95
    5  Z0Z0N1R1 has       0       0       0     9975.94
    6  Z0P1N1R1 has       0       0       0     9975.96
    7  N1N1Z0R1 has      10      10      10        5.08
    8  N1Z0Z0R1 has      31      31      31        0.64
    9  N1P1Z0R1 has       7       7       7        4.41
   10  Z0N1Z0R1 has      30      30      30        0.00
   12  N1N1P1R1 has       0       0       0     9975.97
   13  N1Z0P1R1 has       0       0       0     9975.95
   14  N1P1P1R1 has       0       0       0     9975.95
 Total of  142 atoms and  142 groups and  142 residues were included

 <MAKGRP> found      0 image group exclusions.
 UPDECI: Nonbond update at step        31
 Generating nonbond list with Exclusion mode = 5
 == PRIMARY == SPACE FOR     1985 ATOM PAIRS AND        0 GROUP PAIRS

 General atom nonbond list generation found:
      579 ATOM PAIRS WERE FOUND FOR ATOM LIST
        0 GROUP PAIRS REQUIRED ATOM SEARCHES

 SPACE FOR      918 ATOM PAIRS AND        0 GROUP PAIRS

 Image nonbond list generation found:
      376 ATOM PAIRS WERE FOUND FOR ATOM LIST
        0 ATOM PAIRS WERE FOUND FOR ATOM SELF LIST
        0 GROUP PAIRS REQUIRED ATOM SEARCHES

MINI>       40     18.22451      0.40958      1.00279      0.29510
MINI EXTERN>       15.24761      0.00000      0.00000      0.00000      0.00000
MINI IMAGES>        1.99679      0.00000      0.00000      0.00000      0.00000
MINI MMFP>          0.98012      0.00000      0.00000      0.00000      0.00000
 ----------       ---------    ---------    ---------    ---------    ---------
 UPDECI: Image update at step        49

 <MKIMAT2>: updating the image atom lists and remapping
 Transformation   Atoms  Groups  Residues  Min-Distance
    1  N1N1N1R1 has       0       0       0     9975.99
    2  N1Z0N1R1 has       0       0       0     9975.99
    3  N1P1N1R1 has       0       0       0     9976.00
    4  Z0N1N1R1 has       0       0       0     9975.98
    5  Z0Z0N1R1 has       0       0       0     9975.98
    6  Z0P1N1R1 has       0       0       0     9975.98
    7  N1N1Z0R1 has      10      10      10        5.68
    8  N1Z0Z0R1 has      32      32      32        1.07
    9  N1P1Z0R1 has       7       7       7        4.64
   10  Z0N1Z0R1 has      30      30      30        0.00
   12  N1N1P1R1 has       0       0       0     9976.00
   13  N1Z0P1R1 has       0       0       0     9975.98
   14  N1P1P1R1 has       0       0       0     9975.99
 Total of  143 atoms and  143 groups and  143 residues were included

 <MAKGRP> found      0 image group exclusions.
 UPDECI: Nonbond update at step        49
 Generating nonbond list with Exclusion mode = 5
 == PRIMARY == SPACE FOR     1985 ATOM PAIRS AND        0 GROUP PAIRS

 General atom nonbond list generation found:
      590 ATOM PAIRS WERE FOUND FOR ATOM LIST
        0 GROUP PAIRS REQUIRED ATOM SEARCHES

 SPACE FOR      918 ATOM PAIRS AND        0 GROUP PAIRS

 Image nonbond list generation found:
      383 ATOM PAIRS WERE FOUND FOR ATOM LIST
        0 ATOM PAIRS WERE FOUND FOR ATOM SELF LIST
        0 GROUP PAIRS REQUIRED ATOM SEARCHES

MINI>       50     15.86328      2.36123      0.19333      0.07057
MINI EXTERN>       14.62300      0.00000      0.00000      0.00000      0.00000
MINI IMAGES>        1.21247      0.00000      0.00000      0.00000      0.00000
MINI MMFP>          0.02781      0.00000      0.00000      0.00000      0.00000
 ----------       ---------    ---------    ---------    ---------    ---------
MINI>       60     15.06225      0.80103      0.16929      0.04101
MINI EXTERN>       13.97462      0.00000      0.00000      0.00000      0.00000
MINI IMAGES>        1.06102      0.00000      0.00000      0.00000      0.00000
MINI MMFP>          0.02662      0.00000      0.00000      0.00000      0.00000
 ----------       ---------    ---------    ---------    ---------    ---------
MINI>       70     14.81654      0.24571      0.07165      0.02383
MINI EXTERN>       13.73060      0.00000      0.00000      0.00000      0.00000
MINI IMAGES>        1.08228      0.00000      0.00000      0.00000      0.00000
MINI MMFP>          0.00366      0.00000      0.00000      0.00000      0.00000
 ----------       ---------    ---------    ---------    ---------    ---------
MINI>       80     14.70265      0.11389      0.07837      0.02308
MINI EXTERN>       13.69032      0.00000      0.00000      0.00000      0.00000
MINI IMAGES>        1.00725      0.00000      0.00000      0.00000      0.00000
MINI MMFP>          0.00508      0.00000      0.00000      0.00000      0.00000
 ----------       ---------    ---------    ---------    ---------    ---------
MINI>       90     14.61029      0.09236      0.04167      0.01341
MINI EXTERN>       13.60753      0.00000      0.00000      0.00000      0.00000
MINI IMAGES>        1.00137      0.00000      0.00000      0.00000      0.00000
MINI MMFP>          0.00139      0.00000      0.00000      0.00000      0.00000
 ----------       ---------    ---------    ---------    ---------    ---------
MINI>      100     14.58209      0.02820      0.02548      0.00780
MINI EXTERN>       13.54024      0.00000      0.00000      0.00000      0.00000
MINI IMAGES>        1.04138      0.00000      0.00000      0.00000      0.00000
MINI MMFP>          0.00047      0.00000      0.00000      0.00000      0.00000
 ----------       ---------    ---------    ---------    ---------    ---------
MINI>      110     14.55479      0.02730      0.05573      0.01258
MINI EXTERN>       13.52448      0.00000      0.00000      0.00000      0.00000
MINI IMAGES>        1.02733      0.00000      0.00000      0.00000      0.00000
MINI MMFP>          0.00298      0.00000      0.00000      0.00000      0.00000
 ----------       ---------    ---------    ---------    ---------    ---------
MINI>      120     14.54739      0.00740      0.01707      0.00439
MINI EXTERN>       13.42627      0.00000      0.00000      0.00000      0.00000
MINI IMAGES>        1.12088      0.00000      0.00000      0.00000      0.00000
MINI MMFP>          0.00024      0.00000      0.00000      0.00000      0.00000
 ----------       ---------    ---------    ---------    ---------    ---------
MINI>      130     14.53895      0.00844      0.01419      0.00425
MINI EXTERN>       13.39103      0.00000      0.00000      0.00000      0.00000
MINI IMAGES>        1.14777      0.00000      0.00000      0.00000      0.00000
MINI MMFP>          0.00015      0.00000      0.00000      0.00000      0.00000
 ----------       ---------    ---------    ---------    ---------    ---------
MINI>      140     14.53509      0.00386      0.01803      0.00412
MINI EXTERN>       13.37017      0.00000      0.00000      0.00000      0.00000
MINI IMAGES>        1.16461      0.00000      0.00000      0.00000      0.00000
MINI MMFP>          0.00031      0.00000      0.00000      0.00000      0.00000
 ----------       ---------    ---------    ---------    ---------    ---------
MINI>      150     14.53172      0.00337      0.00664      0.00239
MINI EXTERN>       13.33148      0.00000      0.00000      0.00000      0.00000
MINI IMAGES>        1.20021      0.00000      0.00000      0.00000      0.00000
MINI MMFP>          0.00003      0.00000      0.00000      0.00000      0.00000
 ----------       ---------    ---------    ---------    ---------    ---------
MINI>      160     14.53099      0.00073      0.00530      0.00139
MINI EXTERN>       13.30392      0.00000      0.00000      0.00000      0.00000
MINI IMAGES>        1.22704      0.00000      0.00000      0.00000      0.00000
MINI MMFP>          0.00002      0.00000      0.00000      0.00000      0.00000
 ----------       ---------    ---------    ---------    ---------    ---------
MINI>      170     14.53080      0.00019      0.00159      0.00048
MINI EXTERN>       13.29479      0.00000      0.00000      0.00000      0.00000
MINI IMAGES>        1.23602      0.00000      0.00000      0.00000      0.00000
MINI MMFP>          0.00000      0.00000      0.00000      0.00000      0.00000
 ----------       ---------    ---------    ---------    ---------    ---------
MINI>      180     14.53072      0.00008      0.00170      0.00047
MINI EXTERN>       13.29508      0.00000      0.00000      0.00000      0.00000
MINI IMAGES>        1.23564      0.00000      0.00000      0.00000      0.00000
MINI MMFP>          0.00000      0.00000      0.00000      0.00000      0.00000
 ----------       ---------    ---------    ---------    ---------    ---------
MINI>      190     14.53069      0.00004      0.00111      0.00027
MINI EXTERN>       13.29185      0.00000      0.00000      0.00000      0.00000
MINI IMAGES>        1.23884      0.00000      0.00000      0.00000      0.00000
MINI MMFP>          0.00000      0.00000      0.00000      0.00000      0.00000
 ----------       ---------    ---------    ---------    ---------    ---------
MINI>      200     14.53067      0.00001      0.00091      0.00026
MINI EXTERN>       13.28878      0.00000      0.00000      0.00000      0.00000
MINI IMAGES>        1.24189      0.00000      0.00000      0.00000      0.00000
MINI MMFP>          0.00000      0.00000      0.00000      0.00000      0.00000
 ----------       ---------    ---------    ---------    ---------    ---------

 ABNER> Minimization exiting with number of steps limit (  200) exceeded.

ABNR MIN: Cycle      ENERgy      Delta-E         GRMS    Step-size
ABNR EXTERN:        VDWaals         ELEC       HBONds          ASP         USER
ABNR IMAGES:        IMNBvdw       IMELec       IMHBnd       RXNField    EXTElec
ABNR MMFP:              GEO        MDIP           SSBP        SHEL       DROFfa
 ----------       ---------    ---------    ---------    ---------    ---------
ABNR>      200     14.53067      0.00001      0.00091      0.00024
ABNR EXTERN>       13.28878      0.00000      0.00000      0.00000      0.00000
ABNR IMAGES>        1.24189      0.00000      0.00000      0.00000      0.00000
ABNR MMFP>          0.00000      0.00000      0.00000      0.00000      0.00000
 ----------       ---------    ---------    ---------    ---------    ---------
  
 CHARMM>     
  
 CHARMM>    scalar fbeta set  1.0 select all end
 SELRPN>     64 atoms have been selected out of     64
  
 CHARMM>     
  
 CHARMM>    DYNAMICS  start       nstep   @nstep  timestp  0.001 iprfrq   1000  nprint 100  -
 CHARMM>              iasvel    1 firstt 300.0  finalt   300.0 tstruc  300.0  -
 CHARMM>              langevin    tbath  300.0  rbuf       0.0 -
 CHARMM>              inbfrq   -1 imgfrq    -1  ihbfrq       0 ilbfrq      0  -
 CHARMM>              iunread  -1  -
 CHARMM>              iunwrite -1  -
 CHARMM>              iuncrd   -1 nsavcrd    0  -
 CHARMM>              iunvelo  -1 nsavvelo   0  -
 CHARMM>              kunit    -1
 Parameter: NSTEP -> "1000"
  IUNREA = -1         IUNWRI = -1          IUNOS = -1
  IUNCRD = -1         IUNVEL = -1          KUNIT = -1

 SELECTED IMAGES ATOMS BEING CENTERED ABOUT  0.000000  0.000000  0.000000

 NONBOND OPTION FLAGS: 
     ELEC     VDW      ATOMs    CDIElec  SWITch   VATOm    VFSWIt  
     BYGRoup  NOEXtnd  NOEWald 
 CUTNB  = 26.000 CTEXNB =999.000 CTONNB = 20.000 CTOFNB = 22.000
 CGONNB =  0.000 CGOFNB = 10.000
 WMIN   =  1.000 WRNMXD =  0.500 E14FAC =  1.000 EPS    = 80.000
 NBXMOD =      5
 There are      590 atom  pairs and        0 atom  exclusions.
 There are        0 group pairs and        0 group exclusions.
 DCNTRL> Langevin integration requested.
   NSTEP =     1000    NSAVC =        0    NSAVV =        0
  ISCALE =        0   ISCVEL =        0   IASORS =        0
  IASVEL =        1   ICHECW =        1   NTRFRQ =        0
  IHTFRQ =        0   IEQFRQ =        0   NPRINT =      100
  INBFRQ =       -1   IHBFRQ =        0   IPRFRQ =     1000
  ILBFRQ =        0   IMGFRQ =       -1
  ISVFRQ =        0   NCYCLE =     1000    NSNOS =       10
  FIRSTT =   300.000  TEMINC =     5.000  TSTRUC =   300.000
  FINALT =   300.000  TWINDH =    10.000  TWINDL =   -10.000

  TIME STEP =  2.04548E-02 AKMA       1.00000E-03 PS

  RANDOM NUM. GEN. SEED(S) = 426549776 426549776 426549776 426549776
 NUMBER OF DEGREES OF FREEDOM =    192

          GAUSSIAN OPTION                  IS            1
          VELOCITIES ASSIGNED AT TEMPERATURE =    300.0000
          SEED FOR RANDOM NUMBER GENERATOR IS:
          SEEDS> 426549776 426549776 426549776 426549776

     DETAILS ABOUT CENTRE OF MASS
     POSITION          :   0.47905052      -0.35024436      -2.19760634E-06
     VELOCITY          :   1.68357243E-02   3.17909336E-03   1.14197156E-02
     ANGULAR MOMENTUM  :   -733.88660       -1157.3525       -415.85398    
     KINETIC ENERGY    :   0.42021375    
 LNGFIL: TBATH =   300.000000  DELTA =    0.020455
 LNGFIL: Langevin dynamics setup for      64 atoms
 LNGFIL: RBUF =    0.000000
 LNGFIL: SXREF =    0.000000 SYREF =    0.000000 SZREF =    0.000000
DYNA DYN: Step         Time      TOTEner        TOTKe       ENERgy  TEMPerature
DYNA PROP:             GRMS      HFCTote        HFCKe       EHFCor        VIRKe
DYNA EXTERN:        VDWaals         ELEC       HBONds          ASP         USER
DYNA IMAGES:        IMNBvdw       IMELec       IMHBnd       RXNField    EXTElec
DYNA MMFP:              GEO        MDIP           SSBP        SHEL       DROFfa
DYNA PRESS:            VIRE         VIRI       PRESSE       PRESSI       VOLUme
 ----------       ---------    ---------    ---------    ---------    ---------
DYNA>        0      0.00000     82.31769     67.78701     14.53067    355.33309
DYNA PROP>          9.75184     82.35055     67.78396      0.03286     -0.19459
DYNA EXTERN>       13.17566      0.00000      0.00000      0.00000      0.00000
DYNA IMAGES>        1.35501      0.00000      0.00000      0.00000      0.00000
DYNA MMFP>          0.00000      0.00000      0.00000      0.00000      0.00000
DYNA PRESS>        -806.571      806.701        2.091        2.209 26445760.026
 ----------       ---------    ---------    ---------    ---------    ---------
DYNA>      100      0.10000     83.31404     36.41297     46.90107    190.87332
DYNA PROP>         10.08798     83.39578     36.42801      0.08174   -188.93224
DYNA EXTERN>       40.67125      0.00000      0.00000      0.00000      0.00000
DYNA IMAGES>        0.75419      0.00000      0.00000      0.00000      0.00000
DYNA MMFP>          5.47563      0.00000      0.00000      0.00000      0.00000
DYNA PRESS>        -803.725      929.680        2.084        2.473 26445760.026
 ----------       ---------    ---------    ---------    ---------    ---------
DYNA>      200      0.20000     89.86419     34.22280     55.64139    179.39266
DYNA PROP>         10.24988     89.86651     34.23987      0.00232   -193.22148
DYNA EXTERN>       42.51683      0.00000      0.00000      0.00000      0.00000
DYNA IMAGES>        0.35410      0.00000      0.00000      0.00000      0.00000
DYNA MMFP>         12.77046      0.00000      0.00000      0.00000      0.00000
DYNA PRESS>        -809.458      938.273        2.099        2.492 26445760.026
 ----------       ---------    ---------    ---------    ---------    ---------
DYNA>      300      0.30000     98.14617     32.52332     65.62285    170.48416
DYNA PROP>         10.41796     98.17488     32.54231      0.02871   -191.50961
DYNA EXTERN>       44.48643      0.00000      0.00000      0.00000      0.00000
DYNA IMAGES>        3.08475      0.00000      0.00000      0.00000      0.00000
DYNA MMFP>         18.05167      0.00000      0.00000      0.00000      0.00000
DYNA PRESS>        -831.980      959.653        2.157        2.544 26445760.026
 ----------       ---------    ---------    ---------    ---------    ---------
DYNA>      400      0.40000     98.89261     38.47965     60.41296    201.70668
DYNA PROP>         10.30581     99.01419     38.49491      0.12158   -186.37268
DYNA EXTERN>       36.62729      0.00000      0.00000      0.00000      0.00000
DYNA IMAGES>        7.28296      0.00000      0.00000      0.00000      0.00000
DYNA MMFP>         16.50271      0.00000      0.00000      0.00000      0.00000
DYNA PRESS>        -818.010      942.259        2.121        2.510 26445760.026
 ----------       ---------    ---------    ---------    ---------    ---------
DYNA>      500      0.50000    103.64456     44.82420     58.82036    234.96418
DYNA PROP>         11.22273    103.63132     44.84253     -0.01324    -13.04918
DYNA EXTERN>       40.68488      0.00000      0.00000      0.00000      0.00000
DYNA IMAGES>        3.76822      0.00000      0.00000      0.00000      0.00000
DYNA MMFP>         14.36726      0.00000      0.00000      0.00000      0.00000
DYNA PRESS>        -935.790      944.489        2.426        2.526 26445760.026
 ----------       ---------    ---------    ---------    ---------    ---------
DYNA>      600      0.60000    103.46423     49.94104     53.52319    261.78622
DYNA PROP>         10.24225    103.36443     49.94993     -0.09980   -325.09674
DYNA EXTERN>       33.82197      0.00000      0.00000      0.00000      0.00000
DYNA IMAGES>        8.29134      0.00000      0.00000      0.00000      0.00000
DYNA MMFP>         11.40988      0.00000      0.00000      0.00000      0.00000
DYNA PRESS>        -716.627      933.358        1.858        2.506 26445760.026
 ----------       ---------    ---------    ---------    ---------    ---------
DYNA>      700      0.70000    101.33740     48.01097     53.32642    251.66897
DYNA PROP>          8.92222    101.35219     48.01284      0.01479    483.94355
DYNA EXTERN>       30.68911      0.00000      0.00000      0.00000      0.00000
DYNA IMAGES>       11.24422      0.00000      0.00000      0.00000      0.00000
DYNA MMFP>         11.39310      0.00000      0.00000      0.00000      0.00000
DYNA PRESS>       -1255.449      932.820        3.255        2.502 26445760.026
 ----------       ---------    ---------    ---------    ---------    ---------
DYNA>      800      0.80000    102.07314     43.45174     58.62141    227.76987
DYNA PROP>          9.99317    102.28126     43.46259      0.20812    232.40232
DYNA EXTERN>       31.31018      0.00000      0.00000      0.00000      0.00000
DYNA IMAGES>       13.15218      0.00000      0.00000      0.00000      0.00000
DYNA MMFP>         14.15905      0.00000      0.00000      0.00000      0.00000
DYNA PRESS>       -1098.610      943.676        2.848        2.522 26445760.026
 ----------       ---------    ---------    ---------    ---------    ---------
DYNA>      900      0.90000    101.66679     45.97787     55.68892    241.01163
DYNA PROP>         10.14587    101.73710     45.98832      0.07031    -39.23243
DYNA EXTERN>       30.82552      0.00000      0.00000      0.00000      0.00000
DYNA IMAGES>        9.24865      0.00000      0.00000      0.00000      0.00000
DYNA MMFP>         15.61475      0.00000      0.00000      0.00000      0.00000
DYNA PRESS>        -895.649      921.804        2.322        2.470 26445760.026
 ----------       ---------    ---------    ---------    ---------    ---------
DYNA>     1000      1.00000    100.91582     41.97932     58.93650    220.05160
DYNA PROP>          9.89319    100.99569     41.99009      0.07987     85.55844
DYNA EXTERN>       41.65295      0.00000      0.00000      0.00000      0.00000
DYNA IMAGES>        1.57888      0.00000      0.00000      0.00000      0.00000
DYNA MMFP>         15.70467      0.00000      0.00000      0.00000      0.00000
DYNA PRESS>        -991.941      934.902        2.572        2.497 26445760.026
 ----------       ---------    ---------    ---------    ---------    ---------
 DYNAMC> Averages for the last 1000 steps:
AVER DYN: Step         Time      TOTEner        TOTKe       ENERgy  TEMPerature
AVER PROP:             GRMS      HFCTote        HFCKe       EHFCor        VIRKe
AVER EXTERN:        VDWaals         ELEC       HBONds          ASP         USER
AVER IMAGES:        IMNBvdw       IMELec       IMHBnd       RXNField    EXTElec
AVER MMFP:              GEO        MDIP           SSBP        SHEL       DROFfa
AVER PRESS:            VIRE         VIRI       PRESSE       PRESSI       VOLUme
 ----------       ---------    ---------    ---------    ---------    ---------
AVER>     1000      1.00000     97.58461     43.02852     54.55608    225.55144
AVER PROP>         10.17869     97.58247     43.04070     -0.00214    -13.51283
AVER EXTERN>       35.75954      0.00000      0.00000      0.00000      0.00000
AVER IMAGES>        5.86213      0.00000      0.00000      0.00000      0.00000
AVER MMFP>         12.93441      0.00000      0.00000      0.00000      0.00000
AVER PRESS>        -922.011      931.019        2.391        2.488 26445760.026
 ----------       ---------    ---------    ---------    ---------    ---------
 DYNAMC> RMS fluctuations for the last 1000 steps:
FLUC>     1000      1.00000      7.33523      6.56047      7.93243     34.38938
FLUC PROP>          0.54504      7.34004      6.55687      0.08437    283.88920
FLUC EXTERN>        6.65492      0.00000      0.00000      0.00000      0.00000
FLUC IMAGES>        4.51140      0.00000      0.00000      0.00000      0.00000
FLUC MMFP>          3.85768      0.00000      0.00000      0.00000      0.00000
FLUC PRESS>       184.83409     28.91599      0.47924      0.07053      3.31662
 ----------       ---------    ---------    ---------    ---------    ---------

     DRIFT/STEP (LAST-TOTAL):    2.05689003E-02   2.05689003E-02
     E AT STEP 0            :     87.287735        87.287735    
     CORR. COEFFICIENT      :    0.80895071       0.80895071    

     DETAILS ABOUT CENTRE OF MASS
     POSITION          :   0.94633043      -0.52437708      -1.17142959E-02
     VELOCITY          :   1.55123002E-02  -7.31756617E-03   3.82228339E-04
     ANGULAR MOMENTUM  :   -207.86530        24.651577       -3.4957571    
     KINETIC ENERGY    :   0.29172486    
  
 CHARMM>     
  
 CHARMM>    decrease factor by 0.1
 Parameter: FACTOR <- "1"
  
 CHARMM>    if factor .ge. 1 goto do_packing
 Comparing "1" and "1".
 IF test evaluated as true.  Performing command
  
 CHARMM>     
  
 CHARMM>    calc Ainit = @A * @factor
 Parameter: A -> "46.7504011"
 Parameter: FACTOR -> "1"
Evaluating: 46.7504011*1
 Parameter: AINIT <- "46.7504011"
  
 CHARMM>    calc Binit = @B * @factor
 Parameter: B -> "46.7504011"
 Parameter: FACTOR -> "1"
Evaluating: 46.7504011*1
 Parameter: BINIT <- "46.7504011"
  
 CHARMM>     
  
 CHARMM>    if factor .ne. 1.5 crystal free
 Comparing "1" and "1.5".
 IF test evaluated as true.  Performing command
  
 CHARMM>    crystal define @xtltype @Ainit @Binit 10000.0 @Alpha @beta @Gamma
 Parameter: XTLTYPE -> "TETRAGONAL"
 Parameter: AINIT -> "46.7504011"
 Parameter: BINIT -> "46.7504011"
 Parameter: ALPHA -> "90.0"
 Parameter: BETA -> "90.0"
 Parameter: GAMMA -> "90.0"
 Crystal Parameters : Crystal Type = TETR
           A     =   46.75040 B    =   46.75040 C     = **********
           Alpha =   90.00000 Beta =   90.00000 Gamma =   90.00000
  
 CHARMM>     
  
 CHARMM>    open read unit 10 card name crystal_image.str
 VOPEN> Attempting to open::crystal_image.str::
 OPNLGU> Unit 10 opened for READONLY access to crystal_image.str
  
 CHARMM>    crystal read unit 10 card
 CRYSTAL FILE BEING READ FROM UNIT    10
 TITLE> * GENERATED BY CHARMM-GUI (HTTP://WWW.CHARMM-GUI.ORG) V3.7 ON OCT, 25. 2022. JOBID=6672914435
 TITLE> * STREAM FILE FOR CRYSTAL SYMMETRY OPERATION
 TITLE> *
 TITLE>  * GENERATED BY CHARMM-GUI (HTTP://WWW.CHARMM-GUI.ORG) V3.7 ON OCT, 25. 2022. JOB
 TITLE>  * STREAM FILE FOR CRYSTAL SYMMETRY OPERATION
 TITLE>  *
                     THERE ARE NO ROTATIONS FOR THIS TRANSFORMATION SET
    26 Transformations have been processed.

  
 CHARMM>    close unit 10
 VCLOSE: Closing unit   10 with status "KEEP"
  
 CHARMM>     
  
 CHARMM>    image byresid xcen 0.0 ycen 0.0 zcen 0.0 sele segid HEAD end
 SELRPN>     64 atoms have been selected out of     64
 IMAGE CENTERING ON FOR SOME ATOMS
  
 CHARMM>     
  
 CHARMM>    !setup nonbond option (eps=80)
 CHARMM>    nbonds atom switch cdie vdw vfswitch  -
 CHARMM>           ctonnb 20.0 ctofnb 22.0 cutnb 26.0 cutim 26.0 -
 CHARMM>           inbfrq -1 imgfrq -1 wmin 1.0 cdie eps 80.0

 SELECTED IMAGES ATOMS BEING CENTERED ABOUT  0.000000  0.000000  0.000000
 RESIDUE    5 OPERATED ON BY TRANSFORMATION N1Z0Z0R1
 RESIDUE    8 OPERATED ON BY TRANSFORMATION N1P1Z0R1
 RESIDUE   14 OPERATED ON BY TRANSFORMATION P1Z0Z0R1
 RESIDUE   29 OPERATED ON BY TRANSFORMATION Z0N1Z0R1
 RESIDUE   31 OPERATED ON BY TRANSFORMATION N1Z0Z0R1
 RESIDUE   33 OPERATED ON BY TRANSFORMATION Z0P1Z0R1
 RESIDUE   37 OPERATED ON BY TRANSFORMATION N1Z0Z0R1
 RESIDUE   41 OPERATED ON BY TRANSFORMATION Z0N1Z0R1
 RESIDUE   45 OPERATED ON BY TRANSFORMATION Z0P1Z0R1
 RESIDUE   58 OPERATED ON BY TRANSFORMATION Z0N1Z0R1
 RESIDUE   60 OPERATED ON BY TRANSFORMATION N1Z0Z0R1
 RESIDUE   61 OPERATED ON BY TRANSFORMATION P1Z0Z0R1

 <MKIMAT2>: updating the image atom lists and remapping
 Transformation   Atoms  Groups  Residues  Min-Distance
    1  N1N1N1R1 has       0       0       0     9975.75
    2  N1Z0N1R1 has       0       0       0     9975.70
    3  N1P1N1R1 has       0       0       0     9975.71
    4  Z0N1N1R1 has       0       0       0     9975.71
    5  Z0Z0N1R1 has       0       0       0     9975.69
    6  Z0P1N1R1 has       0       0       0     9975.70
    7  N1N1Z0R1 has      10      10      10        3.45
    8  N1Z0Z0R1 has      31      31      31        0.98
    9  N1P1Z0R1 has      14      14      14        7.63
   10  Z0N1Z0R1 has      32      32      32        0.24
   12  N1N1P1R1 has       0       0       0     9975.69
   13  N1Z0P1R1 has       0       0       0     9975.69
   14  N1P1P1R1 has       0       0       0     9975.70
 Total of  151 atoms and  151 groups and  151 residues were included

 <MAKGRP> found      0 image group exclusions.

 NONBOND OPTION FLAGS: 
     ELEC     VDW      ATOMs    CDIElec  SWITch   VATOm    VFSWIt  
     BYGRoup  NOEXtnd  NOEWald 
 CUTNB  = 26.000 CTEXNB =999.000 CTONNB = 20.000 CTOFNB = 22.000
 CGONNB =  0.000 CGOFNB = 10.000
 WMIN   =  1.000 WRNMXD =  0.500 E14FAC =  1.000 EPS    = 80.000
 NBXMOD =      5
 There are      603 atom  pairs and        0 atom  exclusions.
 There are        0 group pairs and        0 group exclusions.
 Generating nonbond list with Exclusion mode = 5
 == PRIMARY == SPACE FOR     1985 ATOM PAIRS AND        0 GROUP PAIRS

 General atom nonbond list generation found:
      606 ATOM PAIRS WERE FOUND FOR ATOM LIST
        0 GROUP PAIRS REQUIRED ATOM SEARCHES

 SPACE FOR      918 ATOM PAIRS AND        0 GROUP PAIRS

 Image nonbond list generation found:
      512 ATOM PAIRS WERE FOUND FOR ATOM LIST
        0 ATOM PAIRS WERE FOUND FOR ATOM SELF LIST
        0 GROUP PAIRS REQUIRED ATOM SEARCHES

 **** Warning ****  The following extraneous characters
 were found while command processing in CHARMM
 CDIE
  
 CHARMM>     
  
 CHARMM>    ENERGY

 SELECTED IMAGES ATOMS BEING CENTERED ABOUT  0.000000  0.000000  0.000000

 <MKIMAT2>: updating the image atom lists and remapping
 Transformation   Atoms  Groups  Residues  Min-Distance
    1  N1N1N1R1 has       0       0       0     9975.75
    2  N1Z0N1R1 has       0       0       0     9975.70
    3  N1P1N1R1 has       0       0       0     9975.71
    4  Z0N1N1R1 has       0       0       0     9975.71
    5  Z0Z0N1R1 has       0       0       0     9975.69
    6  Z0P1N1R1 has       0       0       0     9975.70
    7  N1N1Z0R1 has      10      10      10        3.45
    8  N1Z0Z0R1 has      31      31      31        0.98
    9  N1P1Z0R1 has      14      14      14        7.63
   10  Z0N1Z0R1 has      32      32      32        0.24
   12  N1N1P1R1 has       0       0       0     9975.69
   13  N1Z0P1R1 has       0       0       0     9975.69
   14  N1P1P1R1 has       0       0       0     9975.70
 Total of  151 atoms and  151 groups and  151 residues were included

 <MAKGRP> found      0 image group exclusions.

 NONBOND OPTION FLAGS: 
     ELEC     VDW      ATOMs    CDIElec  SWITch   VATOm    VFSWIt  
     BYGRoup  NOEXtnd  NOEWald 
 CUTNB  = 26.000 CTEXNB =999.000 CTONNB = 20.000 CTOFNB = 22.000
 CGONNB =  0.000 CGOFNB = 10.000
 WMIN   =  1.000 WRNMXD =  0.500 E14FAC =  1.000 EPS    = 80.000
 NBXMOD =      5
 There are      606 atom  pairs and        0 atom  exclusions.
 There are        0 group pairs and        0 group exclusions.
 Generating nonbond list with Exclusion mode = 5
 == PRIMARY == SPACE FOR     1985 ATOM PAIRS AND        0 GROUP PAIRS

 General atom nonbond list generation found:
      606 ATOM PAIRS WERE FOUND FOR ATOM LIST
        0 GROUP PAIRS REQUIRED ATOM SEARCHES

 SPACE FOR      918 ATOM PAIRS AND        0 GROUP PAIRS

 Image nonbond list generation found:
      512 ATOM PAIRS WERE FOUND FOR ATOM LIST
        0 ATOM PAIRS WERE FOUND FOR ATOM SELF LIST
        0 GROUP PAIRS REQUIRED ATOM SEARCHES

ENER ENR:  Eval#     ENERgy      Delta-E         GRMS
ENER EXTERN:        VDWaals         ELEC       HBONds          ASP         USER
ENER IMAGES:        IMNBvdw       IMELec       IMHBnd       RXNField    EXTElec
ENER MMFP:              GEO        MDIP           SSBP        SHEL       DROFfa
 ----------       ---------    ---------    ---------    ---------    ---------
ENER>        0 12917822.989        0.000  6017140.897
ENER EXTERN>    70011.05090      0.00000      0.00000      0.00000      0.00000
ENER IMAGES>   12847796.233        0.000        0.000        0.000        0.000
ENER MMFP>         15.70467      0.00000      0.00000      0.00000      0.00000
 ----------       ---------    ---------    ---------    ---------    ---------
  
 CHARMM>     
  
 CHARMM>    mini sd   nstep 200    nprint 10

 SELECTED IMAGES ATOMS BEING CENTERED ABOUT  0.000000  0.000000  0.000000

 <MKIMAT2>: updating the image atom lists and remapping
 Transformation   Atoms  Groups  Residues  Min-Distance
    1  N1N1N1R1 has       0       0       0     9975.75
    2  N1Z0N1R1 has       0       0       0     9975.70
    3  N1P1N1R1 has       0       0       0     9975.71
    4  Z0N1N1R1 has       0       0       0     9975.71
    5  Z0Z0N1R1 has       0       0       0     9975.69
    6  Z0P1N1R1 has       0       0       0     9975.70
    7  N1N1Z0R1 has      10      10      10        3.45
    8  N1Z0Z0R1 has      31      31      31        0.98
    9  N1P1Z0R1 has      14      14      14        7.63
   10  Z0N1Z0R1 has      32      32      32        0.24
   12  N1N1P1R1 has       0       0       0     9975.69
   13  N1Z0P1R1 has       0       0       0     9975.69
   14  N1P1P1R1 has       0       0       0     9975.70
 Total of  151 atoms and  151 groups and  151 residues were included

 <MAKGRP> found      0 image group exclusions.

 NONBOND OPTION FLAGS: 
     ELEC     VDW      ATOMs    CDIElec  SWITch   VATOm    VFSWIt  
     BYGRoup  NOEXtnd  NOEWald 
 CUTNB  = 26.000 CTEXNB =999.000 CTONNB = 20.000 CTOFNB = 22.000
 CGONNB =  0.000 CGOFNB = 10.000
 WMIN   =  1.000 WRNMXD =  0.500 E14FAC =  1.000 EPS    = 80.000
 NBXMOD =      5
 There are      606 atom  pairs and        0 atom  exclusions.
 There are        0 group pairs and        0 group exclusions.
 Generating nonbond list with Exclusion mode = 5
 == PRIMARY == SPACE FOR     1985 ATOM PAIRS AND        0 GROUP PAIRS

 General atom nonbond list generation found:
      606 ATOM PAIRS WERE FOUND FOR ATOM LIST
        0 GROUP PAIRS REQUIRED ATOM SEARCHES

 SPACE FOR      918 ATOM PAIRS AND        0 GROUP PAIRS

 Image nonbond list generation found:
      512 ATOM PAIRS WERE FOUND FOR ATOM LIST
        0 ATOM PAIRS WERE FOUND FOR ATOM SELF LIST
        0 GROUP PAIRS REQUIRED ATOM SEARCHES



 STEEPD> An energy minimization has been requested.

 NSTEP  =          200   NPRINT =           10
 STEP   =    0.0200000   TOLFUN =    0.0000000
 TOLGRD =    0.0000000   TOLSTP =    0.0000000

MINI MIN: Cycle      ENERgy      Delta-E         GRMS    Step-size
MINI EXTERN:        VDWaals         ELEC       HBONds          ASP         USER
MINI IMAGES:        IMNBvdw       IMELec       IMHBnd       RXNField    EXTElec
MINI MMFP:              GEO        MDIP           SSBP        SHEL       DROFfa
 ----------       ---------    ---------    ---------    ---------    ---------
MINI>        0 12917822.989        0.000  6017140.897        0.020
MINI EXTERN>    70011.05090      0.00000      0.00000      0.00000      0.00000
MINI IMAGES>   12847796.233        0.000        0.000        0.000        0.000
MINI MMFP>         15.70467      0.00000      0.00000      0.00000      0.00000
 ----------       ---------    ---------    ---------    ---------    ---------
MINI>       10    18405.259 12899417.730      837.323        0.052
MINI EXTERN>    11045.23042      0.00000      0.00000      0.00000      0.00000
MINI IMAGES>     7342.42641      0.00000      0.00000      0.00000      0.00000
MINI MMFP>         17.60197      0.00000      0.00000      0.00000      0.00000
 ----------       ---------    ---------    ---------    ---------    ---------
 UPDECI: Image update at step        13

 <MKIMAT2>: updating the image atom lists and remapping
 Transformation   Atoms  Groups  Residues  Min-Distance
    1  N1N1N1R1 has       0       0       0     9975.68
    2  N1Z0N1R1 has       0       0       0     9975.62
    3  N1P1N1R1 has       0       0       0     9975.63
    4  Z0N1N1R1 has       0       0       0     9975.65
    5  Z0Z0N1R1 has       0       0       0     9975.62
    6  Z0P1N1R1 has       0       0       0     9975.63
    7  N1N1Z0R1 has      10      10      10        3.59
    8  N1Z0Z0R1 has      32      32      32        0.00
    9  N1P1Z0R1 has      14      14      14        8.00
   10  Z0N1Z0R1 has      33      33      33        0.00
   12  N1N1P1R1 has       0       0       0     9975.62
   13  N1Z0P1R1 has       0       0       0     9975.62
   14  N1P1P1R1 has       0       0       0     9975.68
 Total of  153 atoms and  153 groups and  153 residues were included

 <MAKGRP> found      0 image group exclusions.
 UPDECI: Nonbond update at step        13
 Generating nonbond list with Exclusion mode = 5
 == PRIMARY == SPACE FOR     1985 ATOM PAIRS AND        0 GROUP PAIRS

 General atom nonbond list generation found:
      616 ATOM PAIRS WERE FOUND FOR ATOM LIST
        0 GROUP PAIRS REQUIRED ATOM SEARCHES

 SPACE FOR      918 ATOM PAIRS AND        0 GROUP PAIRS

 Image nonbond list generation found:
      506 ATOM PAIRS WERE FOUND FOR ATOM LIST
        0 ATOM PAIRS WERE FOUND FOR ATOM SELF LIST
        0 GROUP PAIRS REQUIRED ATOM SEARCHES

 UPDECI: Image update at step        18

 <MKIMAT2>: updating the image atom lists and remapping
 Transformation   Atoms  Groups  Residues  Min-Distance
    1  N1N1N1R1 has       0       0       0     9975.97
    2  N1Z0N1R1 has       0       0       0     9975.95
    3  N1P1N1R1 has       0       0       0     9975.96
    4  Z0N1N1R1 has       0       0       0     9975.96
    5  Z0Z0N1R1 has       0       0       0     9975.95
    6  Z0P1N1R1 has       0       0       0     9975.96
    7  N1N1Z0R1 has       9       9       9        2.98
    8  N1Z0Z0R1 has      33      33      33        0.00
    9  N1P1Z0R1 has      13      13      13        7.84
   10  Z0N1Z0R1 has      34      34      34        0.00
   12  N1N1P1R1 has       0       0       0     9975.95
   13  N1Z0P1R1 has       0       0       0     9975.95
   14  N1P1P1R1 has       0       0       0     9975.97
 Total of  153 atoms and  153 groups and  153 residues were included

 <MAKGRP> found      0 image group exclusions.
 UPDECI: Nonbond update at step        18
 Generating nonbond list with Exclusion mode = 5
 == PRIMARY == SPACE FOR     1985 ATOM PAIRS AND        0 GROUP PAIRS

 General atom nonbond list generation found:
      648 ATOM PAIRS WERE FOUND FOR ATOM LIST
        0 GROUP PAIRS REQUIRED ATOM SEARCHES

 SPACE FOR      918 ATOM PAIRS AND        0 GROUP PAIRS

 Image nonbond list generation found:
      486 ATOM PAIRS WERE FOUND FOR ATOM LIST
        0 ATOM PAIRS WERE FOUND FOR ATOM SELF LIST
        0 GROUP PAIRS REQUIRED ATOM SEARCHES

MINI>       20    648.81474  17756.44407      5.97382      0.13312
MINI EXTERN>      489.26840      0.00000      0.00000      0.00000      0.00000
MINI IMAGES>      159.28381      0.00000      0.00000      0.00000      0.00000
MINI MMFP>          0.26253      0.00000      0.00000      0.00000      0.00000
 ----------       ---------    ---------    ---------    ---------    ---------
MINI>       30    569.44688     79.36787      0.93428      0.02484
MINI EXTERN>      433.71024      0.00000      0.00000      0.00000      0.00000
MINI IMAGES>      135.73441      0.00000      0.00000      0.00000      0.00000
MINI MMFP>          0.00222      0.00000      0.00000      0.00000      0.00000
 ----------       ---------    ---------    ---------    ---------    ---------
MINI>       40    565.22600      4.22088      0.33975      0.01113
MINI EXTERN>      434.32106      0.00000      0.00000      0.00000      0.00000
MINI IMAGES>      130.90436      0.00000      0.00000      0.00000      0.00000
MINI MMFP>          0.00057      0.00000      0.00000      0.00000      0.00000
 ----------       ---------    ---------    ---------    ---------    ---------
MINI>       50    563.82770      1.39829      0.14163      0.00498
MINI EXTERN>      431.57329      0.00000      0.00000      0.00000      0.00000
MINI IMAGES>      132.25441      0.00000      0.00000      0.00000      0.00000
MINI MMFP>          0.00001      0.00000      0.00000      0.00000      0.00000
 ----------       ---------    ---------    ---------    ---------    ---------
MINI>       60    563.13956      0.68814      0.21693      0.00536
MINI EXTERN>      430.79857      0.00000      0.00000      0.00000      0.00000
MINI IMAGES>      132.33970      0.00000      0.00000      0.00000      0.00000
MINI MMFP>          0.00129      0.00000      0.00000      0.00000      0.00000
 ----------       ---------    ---------    ---------    ---------    ---------
MINI>       70    562.76435      0.37522      0.07174      0.00240
MINI EXTERN>      430.58236      0.00000      0.00000      0.00000      0.00000
MINI IMAGES>      132.18197      0.00000      0.00000      0.00000      0.00000
MINI MMFP>          0.00002      0.00000      0.00000      0.00000      0.00000
 ----------       ---------    ---------    ---------    ---------    ---------
MINI>       80    562.58299      0.18135      0.10649      0.00258
MINI EXTERN>      430.41215      0.00000      0.00000      0.00000      0.00000
MINI IMAGES>      132.16733      0.00000      0.00000      0.00000      0.00000
MINI MMFP>          0.00351      0.00000      0.00000      0.00000      0.00000
 ----------       ---------    ---------    ---------    ---------    ---------
MINI>       90    562.49367      0.08932      0.12101      0.00277
MINI EXTERN>      430.34011      0.00000      0.00000      0.00000      0.00000
MINI IMAGES>      132.15154      0.00000      0.00000      0.00000      0.00000
MINI MMFP>          0.00202      0.00000      0.00000      0.00000      0.00000
 ----------       ---------    ---------    ---------    ---------    ---------
MINI>      100    562.42671      0.06696      0.04346      0.00124
MINI EXTERN>      429.87978      0.00000      0.00000      0.00000      0.00000
MINI IMAGES>      132.54673      0.00000      0.00000      0.00000      0.00000
MINI MMFP>          0.00020      0.00000      0.00000      0.00000      0.00000
 ----------       ---------    ---------    ---------    ---------    ---------
MINI>      110    562.39374      0.03297      0.04684      0.00133
MINI EXTERN>      429.79154      0.00000      0.00000      0.00000      0.00000
MINI IMAGES>      132.60216      0.00000      0.00000      0.00000      0.00000
MINI MMFP>          0.00004      0.00000      0.00000      0.00000      0.00000
 ----------       ---------    ---------    ---------    ---------    ---------
MINI>      120    562.37271      0.02103      0.05848      0.00144
MINI EXTERN>      429.72829      0.00000      0.00000      0.00000      0.00000
MINI IMAGES>      132.64406      0.00000      0.00000      0.00000      0.00000
MINI MMFP>          0.00036      0.00000      0.00000      0.00000      0.00000
 ----------       ---------    ---------    ---------    ---------    ---------
MINI>      130    562.35854      0.01417      0.06408      0.00154
MINI EXTERN>      429.67618      0.00000      0.00000      0.00000      0.00000
MINI IMAGES>      132.68232      0.00000      0.00000      0.00000      0.00000
MINI MMFP>          0.00004      0.00000      0.00000      0.00000      0.00000
 ----------       ---------    ---------    ---------    ---------    ---------
MINI>      140    562.34237      0.01617      0.02343      0.00069
MINI EXTERN>      429.85255      0.00000      0.00000      0.00000      0.00000
MINI IMAGES>      132.48968      0.00000      0.00000      0.00000      0.00000
MINI MMFP>          0.00014      0.00000      0.00000      0.00000      0.00000
 ----------       ---------    ---------    ---------    ---------    ---------
MINI>      150    562.33529      0.00708      0.03816      0.00074
MINI EXTERN>      429.86128      0.00000      0.00000      0.00000      0.00000
MINI IMAGES>      132.47328      0.00000      0.00000      0.00000      0.00000
MINI MMFP>          0.00073      0.00000      0.00000      0.00000      0.00000
 ----------       ---------    ---------    ---------    ---------    ---------
MINI>      160    562.32829      0.00701      0.01089      0.00033
MINI EXTERN>      429.78314      0.00000      0.00000      0.00000      0.00000
MINI IMAGES>      132.54514      0.00000      0.00000      0.00000      0.00000
MINI MMFP>          0.00000      0.00000      0.00000      0.00000      0.00000
 ----------       ---------    ---------    ---------    ---------    ---------
MINI>      170    562.32351      0.00478      0.01095      0.00036
MINI EXTERN>      429.77331      0.00000      0.00000      0.00000      0.00000
MINI IMAGES>      132.55020      0.00000      0.00000      0.00000      0.00000
MINI MMFP>          0.00000      0.00000      0.00000      0.00000      0.00000
 ----------       ---------    ---------    ---------    ---------    ---------
MINI>      180    562.31989      0.00362      0.01438      0.00038
MINI EXTERN>      429.75584      0.00000      0.00000      0.00000      0.00000
MINI IMAGES>      132.56405      0.00000      0.00000      0.00000      0.00000
 ----------       ---------    ---------    ---------    ---------    ---------
 UPDECI: Image update at step       187

 <MKIMAT2>: updating the image atom lists and remapping
 Transformation   Atoms  Groups  Residues  Min-Distance
    1  N1N1N1R1 has       0       0       0     9976.00
    2  N1Z0N1R1 has       0       0       0     9976.00
    3  N1P1N1R1 has       0       0       0     9976.00
    4  Z0N1N1R1 has       0       0       0     9976.00
    5  Z0Z0N1R1 has       0       0       0     9976.00
    6  Z0P1N1R1 has       0       0       0     9976.00
    7  N1N1Z0R1 has       7       7       7        1.64
    8  N1Z0Z0R1 has      32      32      32        0.00
    9  N1P1Z0R1 has      13      13      13        6.96
   10  Z0N1Z0R1 has      34      34      34        0.00
   12  N1N1P1R1 has       0       0       0     9976.00
   13  N1Z0P1R1 has       0       0       0     9976.00
   14  N1P1P1R1 has       0       0       0     9976.00
 Total of  150 atoms and  150 groups and  150 residues were included

 <MAKGRP> found      0 image group exclusions.
 UPDECI: Nonbond update at step       187
 Generating nonbond list with Exclusion mode = 5
 == PRIMARY == SPACE FOR     1985 ATOM PAIRS AND        0 GROUP PAIRS

 General atom nonbond list generation found:
      658 ATOM PAIRS WERE FOUND FOR ATOM LIST
        0 GROUP PAIRS REQUIRED ATOM SEARCHES

 SPACE FOR      918 ATOM PAIRS AND        0 GROUP PAIRS

 Image nonbond list generation found:
      478 ATOM PAIRS WERE FOUND FOR ATOM LIST
        0 ATOM PAIRS WERE FOUND FOR ATOM SELF LIST
        0 GROUP PAIRS REQUIRED ATOM SEARCHES

MINI>      190    562.31714      0.00275      0.01816      0.00041
MINI EXTERN>      429.74731      0.00000      0.00000      0.00000      0.00000
MINI IMAGES>      132.56976      0.00000      0.00000      0.00000      0.00000
MINI MMFP>          0.00007      0.00000      0.00000      0.00000      0.00000
 ----------       ---------    ---------    ---------    ---------    ---------
MINI>      200    562.31508      0.00206      0.01911      0.00044
MINI EXTERN>      429.74151      0.00000      0.00000      0.00000      0.00000
MINI IMAGES>      132.57350      0.00000      0.00000      0.00000      0.00000
MINI MMFP>          0.00007      0.00000      0.00000      0.00000      0.00000
 ----------       ---------    ---------    ---------    ---------    ---------

 STEEPD> Minimization exiting with number of steps limit (       200) exceeded.

STPD MIN: Cycle      ENERgy      Delta-E         GRMS    Step-size
STPD EXTERN:        VDWaals         ELEC       HBONds          ASP         USER
STPD IMAGES:        IMNBvdw       IMELec       IMHBnd       RXNField    EXTElec
STPD MMFP:              GEO        MDIP           SSBP        SHEL       DROFfa
 ----------       ---------    ---------    ---------    ---------    ---------
STPD>      200    562.31508      0.00206      0.01911      0.00053
STPD EXTERN>      429.74151      0.00000      0.00000      0.00000      0.00000
STPD IMAGES>      132.57350      0.00000      0.00000      0.00000      0.00000
STPD MMFP>          0.00007      0.00000      0.00000      0.00000      0.00000
 ----------       ---------    ---------    ---------    ---------    ---------
  
 CHARMM>    mini abnr nstep 200    nprint 10

 SELECTED IMAGES ATOMS BEING CENTERED ABOUT  0.000000  0.000000  0.000000
 RESIDUE    5 OPERATED ON BY TRANSFORMATION P1Z0Z0R1
 RESIDUE    8 OPERATED ON BY TRANSFORMATION Z0N1Z0R1
 RESIDUE   14 OPERATED ON BY TRANSFORMATION N1Z0Z0R1
 RESIDUE   29 OPERATED ON BY TRANSFORMATION Z0P1Z0R1
 RESIDUE   31 OPERATED ON BY TRANSFORMATION P1Z0Z0R1
 RESIDUE   33 OPERATED ON BY TRANSFORMATION Z0N1Z0R1
 RESIDUE   37 OPERATED ON BY TRANSFORMATION P1Z0Z0R1
 RESIDUE   41 OPERATED ON BY TRANSFORMATION Z0P1Z0R1
 RESIDUE   45 OPERATED ON BY TRANSFORMATION Z0N1Z0R1
 RESIDUE   58 OPERATED ON BY TRANSFORMATION Z0P1Z0R1
 RESIDUE   60 OPERATED ON BY TRANSFORMATION P1Z0Z0R1
 RESIDUE   61 OPERATED ON BY TRANSFORMATION N1Z0Z0R1

 <MKIMAT2>: updating the image atom lists and remapping
 Transformation   Atoms  Groups  Residues  Min-Distance
    1  N1N1N1R1 has       0       0       0     9976.00
    2  N1Z0N1R1 has       0       0       0     9976.00
    3  N1P1N1R1 has       0       0       0     9976.01
    4  Z0N1N1R1 has       0       0       0     9976.00
    5  Z0Z0N1R1 has       0       0       0     9976.00
    6  Z0P1N1R1 has       0       0       0     9976.00
    7  N1N1Z0R1 has      13      13      13        7.11
    8  N1Z0Z0R1 has      32      32      32        0.83
    9  N1P1Z0R1 has       9       9       9        4.29
   10  Z0N1Z0R1 has      31      31      31        1.17
   12  N1N1P1R1 has       0       0       0     9976.01
   13  N1Z0P1R1 has       0       0       0     9976.00
   14  N1P1P1R1 has       0       0       0     9976.00
 Total of  149 atoms and  149 groups and  149 residues were included

 <MAKGRP> found      0 image group exclusions.

 NONBOND OPTION FLAGS: 
     ELEC     VDW      ATOMs    CDIElec  SWITch   VATOm    VFSWIt  
     BYGRoup  NOEXtnd  NOEWald 
 CUTNB  = 26.000 CTEXNB =999.000 CTONNB = 20.000 CTOFNB = 22.000
 CGONNB =  0.000 CGOFNB = 10.000
 WMIN   =  1.000 WRNMXD =  0.500 E14FAC =  1.000 EPS    = 80.000
 NBXMOD =      5
 There are      658 atom  pairs and        0 atom  exclusions.
 There are        0 group pairs and        0 group exclusions.
 Generating nonbond list with Exclusion mode = 5
 == PRIMARY == SPACE FOR     1985 ATOM PAIRS AND        0 GROUP PAIRS

 General atom nonbond list generation found:
      687 ATOM PAIRS WERE FOUND FOR ATOM LIST
        0 GROUP PAIRS REQUIRED ATOM SEARCHES

 SPACE FOR      918 ATOM PAIRS AND        0 GROUP PAIRS

 Image nonbond list generation found:
      450 ATOM PAIRS WERE FOUND FOR ATOM LIST
        0 ATOM PAIRS WERE FOUND FOR ATOM SELF LIST
        0 GROUP PAIRS REQUIRED ATOM SEARCHES



 ABNER> An energy minimization has been requested.

 EIGRNG =    0.0005000   MINDIM =            5
 NPRINT =           10   NSTEP  =          200
 PSTRCT =    0.0000000   SDSTP  =    0.0200000
 STPLIM =    1.0000000   STRICT =    0.1000000
 TOLFUN =    0.0000000   TOLGRD =    0.0000000
 TOLITR =          100   TOLSTP =    0.0000000
 FMEM   =    0.0000000
MINI MIN: Cycle      ENERgy      Delta-E         GRMS    Step-size
MINI EXTERN:        VDWaals         ELEC       HBONds          ASP         USER
MINI IMAGES:        IMNBvdw       IMELec       IMHBnd       RXNField    EXTElec
MINI MMFP:              GEO        MDIP           SSBP        SHEL       DROFfa
 ----------       ---------    ---------    ---------    ---------    ---------
MINI>        0    562.31508     -0.00000      0.01911      0.00000
MINI EXTERN>      446.20874      0.00000      0.00000      0.00000      0.00000
MINI IMAGES>      116.10627      0.00000      0.00000      0.00000      0.00000
MINI MMFP>          0.00007      0.00000      0.00000      0.00000      0.00000
 ----------       ---------    ---------    ---------    ---------    ---------
MINI>       10    562.31042      0.00465      0.05337      0.01033
MINI EXTERN>      446.09144      0.00000      0.00000      0.00000      0.00000
MINI IMAGES>      116.21703      0.00000      0.00000      0.00000      0.00000
MINI MMFP>          0.00195      0.00000      0.00000      0.00000      0.00000
 ----------       ---------    ---------    ---------    ---------    ---------
MINI>       20    562.30764      0.00279      0.01308      0.00360
MINI EXTERN>      446.12671      0.00000      0.00000      0.00000      0.00000
MINI IMAGES>      116.18092      0.00000      0.00000      0.00000      0.00000
MINI MMFP>          0.00001      0.00000      0.00000      0.00000      0.00000
 ----------       ---------    ---------    ---------    ---------    ---------
MINI>       30    562.30742      0.00021      0.00588      0.00126
MINI EXTERN>      446.11312      0.00000      0.00000      0.00000      0.00000
MINI IMAGES>      116.19430      0.00000      0.00000      0.00000      0.00000
MINI MMFP>          0.00001      0.00000      0.00000      0.00000      0.00000
 ----------       ---------    ---------    ---------    ---------    ---------
MINI>       40    562.30738      0.00004      0.00179      0.00044
MINI EXTERN>      446.12093      0.00000      0.00000      0.00000      0.00000
MINI IMAGES>      116.18645      0.00000      0.00000      0.00000      0.00000
 ----------       ---------    ---------    ---------    ---------    ---------
MINI>       50    562.30736      0.00002      0.00058      0.00015
MINI EXTERN>      446.11983      0.00000      0.00000      0.00000      0.00000
MINI IMAGES>      116.18753      0.00000      0.00000      0.00000      0.00000
 ----------       ---------    ---------    ---------    ---------    ---------
MINI>       60    562.30736      0.00000      0.00028      0.00005
MINI EXTERN>      446.12037      0.00000      0.00000      0.00000      0.00000
MINI IMAGES>      116.18699      0.00000      0.00000      0.00000      0.00000
 ----------       ---------    ---------    ---------    ---------    ---------
MINI>       70    562.30736      0.00000      0.00008      0.00002
MINI EXTERN>      446.12031      0.00000      0.00000      0.00000      0.00000
MINI IMAGES>      116.18705      0.00000      0.00000      0.00000      0.00000
 ----------       ---------    ---------    ---------    ---------    ---------
MINI>       80    562.30736      0.00000      0.00003      0.00001
MINI EXTERN>      446.12043      0.00000      0.00000      0.00000      0.00000
MINI IMAGES>      116.18693      0.00000      0.00000      0.00000      0.00000
 ----------       ---------    ---------    ---------    ---------    ---------
MINI>       90    562.30736      0.00000      0.00001      0.00000
MINI EXTERN>      446.12038      0.00000      0.00000      0.00000      0.00000
MINI IMAGES>      116.18698      0.00000      0.00000      0.00000      0.00000
 ----------       ---------    ---------    ---------    ---------    ---------
MINI>      100    562.30736      0.00000      0.00000      0.00000
MINI EXTERN>      446.12042      0.00000      0.00000      0.00000      0.00000
MINI IMAGES>      116.18694      0.00000      0.00000      0.00000      0.00000
 ----------       ---------    ---------    ---------    ---------    ---------
MINI>      110    562.30736      0.00000      0.00000      0.00000
MINI EXTERN>      446.12042      0.00000      0.00000      0.00000      0.00000
MINI IMAGES>      116.18694      0.00000      0.00000      0.00000      0.00000
 ----------       ---------    ---------    ---------    ---------    ---------
MINI>      120    562.30736      0.00000      0.00000      0.00000
MINI EXTERN>      446.12042      0.00000      0.00000      0.00000      0.00000
MINI IMAGES>      116.18694      0.00000      0.00000      0.00000      0.00000
 ----------       ---------    ---------    ---------    ---------    ---------
MINI>      130    562.30736      0.00000      0.00000      0.00000
MINI EXTERN>      446.12042      0.00000      0.00000      0.00000      0.00000
MINI IMAGES>      116.18695      0.00000      0.00000      0.00000      0.00000
 ----------       ---------    ---------    ---------    ---------    ---------

 ABNER> Minimization exiting with function tolerance ( 0.0000000) satisfied.

ABNR MIN: Cycle      ENERgy      Delta-E         GRMS    Step-size
ABNR EXTERN:        VDWaals         ELEC       HBONds          ASP         USER
ABNR IMAGES:        IMNBvdw       IMELec       IMHBnd       RXNField    EXTElec
 ----------       ---------    ---------    ---------    ---------    ---------
ABNR>      132    562.30736      0.00000      0.00000      0.00000
ABNR EXTERN>      446.12042      0.00000      0.00000      0.00000      0.00000
ABNR IMAGES>      116.18695      0.00000      0.00000      0.00000      0.00000
 ----------       ---------    ---------    ---------    ---------    ---------
  
 CHARMM>     
  
 CHARMM>    scalar fbeta set  1.0 select all end
 SELRPN>     64 atoms have been selected out of     64
  
 CHARMM>     
  
 CHARMM>    DYNAMICS  start       nstep   @nstep  timestp  0.001 iprfrq   1000  nprint 100  -
 CHARMM>              iasvel    1 firstt 300.0  finalt   300.0 tstruc  300.0  -
 CHARMM>              langevin    tbath  300.0  rbuf       0.0 -
 CHARMM>              inbfrq   -1 imgfrq    -1  ihbfrq       0 ilbfrq      0  -
 CHARMM>              iunread  -1  -
 CHARMM>              iunwrite -1  -
 CHARMM>              iuncrd   -1 nsavcrd    0  -
 CHARMM>              iunvelo  -1 nsavvelo   0  -
 CHARMM>              kunit    -1
 Parameter: NSTEP -> "1000"
  IUNREA = -1         IUNWRI = -1          IUNOS = -1
  IUNCRD = -1         IUNVEL = -1          KUNIT = -1

 SELECTED IMAGES ATOMS BEING CENTERED ABOUT  0.000000  0.000000  0.000000

 NONBOND OPTION FLAGS: 
     ELEC     VDW      ATOMs    CDIElec  SWITch   VATOm    VFSWIt  
     BYGRoup  NOEXtnd  NOEWald 
 CUTNB  = 26.000 CTEXNB =999.000 CTONNB = 20.000 CTOFNB = 22.000
 CGONNB =  0.000 CGOFNB = 10.000
 WMIN   =  1.000 WRNMXD =  0.500 E14FAC =  1.000 EPS    = 80.000
 NBXMOD =      5
 There are      687 atom  pairs and        0 atom  exclusions.
 There are        0 group pairs and        0 group exclusions.
 DCNTRL> Langevin integration requested.
   NSTEP =     1000    NSAVC =        0    NSAVV =        0
  ISCALE =        0   ISCVEL =        0   IASORS =        0
  IASVEL =        1   ICHECW =        1   NTRFRQ =        0
  IHTFRQ =        0   IEQFRQ =        0   NPRINT =      100
  INBFRQ =       -1   IHBFRQ =        0   IPRFRQ =     1000
  ILBFRQ =        0   IMGFRQ =       -1
  ISVFRQ =        0   NCYCLE =     1000    NSNOS =       10
  FIRSTT =   300.000  TEMINC =     5.000  TSTRUC =   300.000
  FINALT =   300.000  TWINDH =    10.000  TWINDL =   -10.000

  TIME STEP =  2.04548E-02 AKMA       1.00000E-03 PS

  RANDOM NUM. GEN. SEED(S) = 426550257 426550257 426550257 426550257
 NUMBER OF DEGREES OF FREEDOM =    192

          GAUSSIAN OPTION                  IS            1
          VELOCITIES ASSIGNED AT TEMPERATURE =    300.0000
          SEED FOR RANDOM NUMBER GENERATOR IS:
          SEEDS> 426550257 426550257 426550257 426550257

     DETAILS ABOUT CENTRE OF MASS
     POSITION          :   0.21585541      -0.52437708       1.61913323E-09
     VELOCITY          :  -1.35977479E-02   1.93869929E-02  -8.42856976E-03
     ANGULAR MOMENTUM  :    500.59242        279.21749        587.44823    
     KINETIC ENERGY    :   0.62621502    
 LNGFIL: TBATH =   300.000000  DELTA =    0.020455
 LNGFIL: Langevin dynamics setup for      64 atoms
 LNGFIL: RBUF =    0.000000
 LNGFIL: SXREF =    0.000000 SYREF =    0.000000 SZREF =    0.000000
DYNA DYN: Step         Time      TOTEner        TOTKe       ENERgy  TEMPerature
DYNA PROP:             GRMS      HFCTote        HFCKe       EHFCor        VIRKe
DYNA EXTERN:        VDWaals         ELEC       HBONds          ASP         USER
DYNA IMAGES:        IMNBvdw       IMELec       IMHBnd       RXNField    EXTElec
DYNA PRESS:            VIRE         VIRI       PRESSE       PRESSI       VOLUme
 ----------       ---------    ---------    ---------    ---------    ---------
DYNA>        0      0.00000    620.64637     58.33901    562.30736    305.80754
DYNA PROP>          9.64540    620.67586     58.34001      0.02949     -0.00004
DYNA EXTERN>      446.12042      0.00000      0.00000      0.00000      0.00000
DYNA IMAGES>      116.18695      0.00000      0.00000      0.00000      0.00000
DYNA PRESS>       -3602.168     3602.168       11.301       11.423 21856000.030
 ----------       ---------    ---------    ---------    ---------    ---------
DYNA>      100      0.10000    624.34774     36.41921    587.92853    190.90604
DYNA PROP>         10.33148    624.39045     36.43569      0.04271    665.01574
DYNA EXTERN>      450.96165      0.00000      0.00000      0.00000      0.00000
DYNA IMAGES>      131.68782      0.00000      0.00000      0.00000      0.00000
DYNA MMFP>          5.27907      0.00000      0.00000      0.00000      0.00000
DYNA PRESS>       -4133.358     3690.014       12.967       11.653 21856000.030
 ----------       ---------    ---------    ---------    ---------    ---------
DYNA>      200      0.20000    625.97311     34.51762    591.45549    180.93807
DYNA PROP>          9.43989    625.90379     34.52924     -0.06931   -859.19603
DYNA EXTERN>      468.37013      0.00000      0.00000      0.00000      0.00000
DYNA IMAGES>      110.80106      0.00000      0.00000      0.00000      0.00000
DYNA MMFP>         12.28430      0.00000      0.00000      0.00000      0.00000
DYNA PRESS>       -3101.738     3674.536        9.731       11.600 21856000.030
 ----------       ---------    ---------    ---------    ---------    ---------
DYNA>      300      0.30000    633.74484     26.58415    607.16069    139.35158
DYNA PROP>          9.99660    633.67864     26.60322     -0.06620   1118.92622
DYNA EXTERN>      454.56033      0.00000      0.00000      0.00000      0.00000
DYNA IMAGES>      133.67766      0.00000      0.00000      0.00000      0.00000
DYNA MMFP>         18.92271      0.00000      0.00000      0.00000      0.00000
DYNA PRESS>       -4459.945     3713.994       13.992       11.707 21856000.030
 ----------       ---------    ---------    ---------    ---------    ---------
DYNA>      400      0.40000    638.44601     33.88270    604.56331    177.60989
DYNA PROP>         10.97325    638.42573     33.90476     -0.02028  -1036.78224
DYNA EXTERN>      477.71976      0.00000      0.00000      0.00000      0.00000
DYNA IMAGES>      108.55162      0.00000      0.00000      0.00000      0.00000
DYNA MMFP>         18.29193      0.00000      0.00000      0.00000      0.00000
DYNA PRESS>       -3014.126     3705.315        9.456       11.695 21856000.030
 ----------       ---------    ---------    ---------    ---------    ---------
DYNA>      500      0.50000    639.22586     41.37567    597.85019    216.88735
DYNA PROP>         10.94059    639.35514     41.39381      0.12927    659.49699
DYNA EXTERN>      455.28961      0.00000      0.00000      0.00000      0.00000
DYNA IMAGES>      128.81240      0.00000      0.00000      0.00000      0.00000
DYNA MMFP>         13.74818      0.00000      0.00000      0.00000      0.00000
DYNA PRESS>       -4135.890     3696.225       12.975       11.683 21856000.030
 ----------       ---------    ---------    ---------    ---------    ---------
DYNA>      600      0.60000    642.09876     46.30960    595.78916    242.75055
DYNA PROP>         10.04433    641.88199     46.31891     -0.21677    326.47351
DYNA EXTERN>      458.04266      0.00000      0.00000      0.00000      0.00000
DYNA IMAGES>      126.01461      0.00000      0.00000      0.00000      0.00000
DYNA MMFP>         11.73189      0.00000      0.00000      0.00000      0.00000
DYNA PRESS>       -3915.529     3697.880       12.284       11.698 21856000.030
 ----------       ---------    ---------    ---------    ---------    ---------
DYNA>      700      0.70000    638.19568     42.09070    596.10499    220.63543
DYNA PROP>         10.11481    638.33616     42.10292      0.14047   -631.95366
DYNA EXTERN>      464.65167      0.00000      0.00000      0.00000      0.00000
DYNA IMAGES>      119.67036      0.00000      0.00000      0.00000      0.00000
DYNA MMFP>         11.78296      0.00000      0.00000      0.00000      0.00000
DYNA PRESS>       -3276.247     3697.549       10.278       11.688 21856000.030
 ----------       ---------    ---------    ---------    ---------    ---------
DYNA>      800      0.80000    641.97605     43.13501    598.84104    226.10960
DYNA PROP>         11.10792    642.02038     43.15353      0.04433    865.13953
DYNA EXTERN>      467.90990      0.00000      0.00000      0.00000      0.00000
DYNA IMAGES>      119.02282      0.00000      0.00000      0.00000      0.00000
DYNA MMFP>         11.90832      0.00000      0.00000      0.00000      0.00000
DYNA PRESS>       -4287.347     3710.587       13.451       11.731 21856000.030
 ----------       ---------    ---------    ---------    ---------    ---------
DYNA>      900      0.90000    644.87730     40.41660    604.46070    211.85997
DYNA PROP>         10.83438    645.07248     40.43463      0.19518   -903.68251
DYNA EXTERN>      467.52084      0.00000      0.00000      0.00000      0.00000
DYNA IMAGES>      123.60641      0.00000      0.00000      0.00000      0.00000
DYNA MMFP>         13.33345      0.00000      0.00000      0.00000      0.00000
DYNA PRESS>       -3124.093     3726.548        9.801       11.776 21856000.030
 ----------       ---------    ---------    ---------    ---------    ---------
DYNA>     1000      1.00000    655.01456     44.73534    610.27922    234.49842
DYNA PROP>         10.14348    655.03330     44.74642      0.01873    810.96361
DYNA EXTERN>      470.70697      0.00000      0.00000      0.00000      0.00000
DYNA IMAGES>      122.45755      0.00000      0.00000      0.00000      0.00000
DYNA MMFP>         17.11471      0.00000      0.00000      0.00000      0.00000
DYNA PRESS>       -4275.031     3734.389       13.412       11.809 21856000.030
 ----------       ---------    ---------    ---------    ---------    ---------
 DYNAMC> Averages for the last 1000 steps:
AVER DYN: Step         Time      TOTEner        TOTKe       ENERgy  TEMPerature
AVER PROP:             GRMS      HFCTote        HFCKe       EHFCor        VIRKe
AVER EXTERN:        VDWaals         ELEC       HBONds          ASP         USER
AVER IMAGES:        IMNBvdw       IMELec       IMHBnd       RXNField    EXTElec
AVER MMFP:              GEO        MDIP           SSBP        SHEL       DROFfa
AVER PRESS:            VIRE         VIRI       PRESSE       PRESSI       VOLUme
 ----------       ---------    ---------    ---------    ---------    ---------
AVER>     1000      1.00000    636.65616     38.26084    598.39532    200.55968
AVER PROP>         10.44342    636.65017     38.27718     -0.00599     50.22699
AVER EXTERN>      463.81330      0.00000      0.00000      0.00000      0.00000
AVER IMAGES>      122.01594      0.00000      0.00000      0.00000      0.00000
AVER MMFP>         12.56608      0.00000      0.00000      0.00000      0.00000
AVER PRESS>       -3737.404     3703.919       11.725       11.700 21856000.030
 ----------       ---------    ---------    ---------    ---------    ---------
 DYNAMC> RMS fluctuations for the last 1000 steps:
FLUC>     1000      1.00000      7.91058      6.81346      6.93597     35.71549
FLUC PROP>          0.57657      7.90841      6.80922      0.07831    650.10278
FLUC EXTERN>        6.97981      0.00000      0.00000      0.00000      0.00000
FLUC IMAGES>        6.16676      0.00000      0.00000      0.00000      0.00000
FLUC MMFP>          4.03326      0.00000      0.00000      0.00000      0.00000
FLUC PRESS>       437.72727     21.20934      1.37327      0.06737      0.00000
 ----------       ---------    ---------    ---------    ---------    ---------

     DRIFT/STEP (LAST-TOTAL):    2.56616219E-02   2.56616219E-02
     E AT STEP 0            :     623.80653        623.80653    
     CORR. COEFFICIENT      :    0.93670749       0.93670749    

     DETAILS ABOUT CENTRE OF MASS
     POSITION          :  -0.23820881      -0.43899096      -6.60773360E-03
     VELOCITY          :  -2.46414166E-02  -8.85635183E-03  -1.09530783E-02
     ANGULAR MOMENTUM  :    365.03165        73.388127        128.68287    
     KINETIC ENERGY    :   0.79848921    
  
 CHARMM>     
  
 CHARMM>    decrease factor by 0.1
 Parameter: FACTOR <- "0.9"
  
 CHARMM>    if factor .ge. 1 goto do_packing
 Comparing "0.9" and "1".
 IF test evaluated as false.  Skipping command
  
 CHARMM>     
  
 CHARMM>    !
 CHARMM>    ! For system size checking including images
 CHARMM>    !
 CHARMM>     
  
 CHARMM>    updat cutim 35.0 imall

 SELECTED IMAGES ATOMS BEING CENTERED ABOUT  0.000000  0.000000  0.000000

 <MKIMAT2>: updating the image atom lists and remapping
 Transformation   Atoms  Groups  Residues  Min-Distance
    1  N1N1N1R1 has       0       0       0     9975.70
    2  N1Z0N1R1 has       0       0       0     9975.66
    3  N1P1N1R1 has       0       0       0     9975.68
    4  Z0N1N1R1 has       0       0       0     9975.69
    5  Z0Z0N1R1 has       0       0       0     9975.65
    6  Z0P1N1R1 has       0       0       0     9975.67
    7  N1N1Z0R1 has      24      24      24        8.09
    8  N1Z0Z0R1 has      43      43      43        0.92
    9  N1P1Z0R1 has      19      19      19        4.79
   10  Z0N1Z0R1 has      43      43      43        1.15
   11  Z0P1Z0R1 has      46      46      46        1.15
   12  N1N1P1R1 has       0       0       0     9975.66
   13  N1Z0P1R1 has       0       0       0     9975.66
   14  N1P1P1R1 has       0       0       0     9975.68
   15  Z0N1P1R1 has       0       0       0     9975.66
   16  Z0Z0P1R1 has       0       0       0     9975.65
   17  Z0P1P1R1 has       0       0       0     9975.68
   18  P1P1P1R1 has       0       0       0     9975.71
   19  P1Z0P1R1 has       0       0       0     9975.69
   20  P1N1P1R1 has       0       0       0     9975.70
   21  P1P1Z0R1 has      19      19      19        1.59
   22  P1Z0Z0R1 has      43      43      43        0.92
   23  P1N1Z0R1 has      18      18      18        6.56
   24  P1P1N1R1 has       0       0       0     9975.72
   25  P1Z0N1R1 has       0       0       0     9975.71
   26  P1N1N1R1 has       0       0       0     9975.75
 Total of  319 atoms and  319 groups and  319 residues were included

 <MAKGRP> found      0 image group exclusions.

 NONBOND OPTION FLAGS: 
     ELEC     VDW      ATOMs    CDIElec  SWITch   VATOm    VFSWIt  
     BYGRoup  NOEXtnd  NOEWald 
 CUTNB  = 26.000 CTEXNB =999.000 CTONNB = 20.000 CTOFNB = 22.000
 CGONNB =  0.000 CGOFNB = 10.000
 WMIN   =  1.000 WRNMXD =  0.500 E14FAC =  1.000 EPS    = 80.000
 NBXMOD =      5
 There are      687 atom  pairs and        0 atom  exclusions.
 There are        0 group pairs and        0 group exclusions.
 Generating nonbond list with Exclusion mode = 5
 == PRIMARY == SPACE FOR     1985 ATOM PAIRS AND        0 GROUP PAIRS

 General atom nonbond list generation found:
      675 ATOM PAIRS WERE FOUND FOR ATOM LIST
        0 GROUP PAIRS REQUIRED ATOM SEARCHES

 SPACE FOR      918 ATOM PAIRS AND        0 GROUP PAIRS

 Image nonbond list generation found:
      448 ATOM PAIRS WERE FOUND FOR ATOM LIST
        0 ATOM PAIRS WERE FOUND FOR ATOM SELF LIST
        0 GROUP PAIRS REQUIRED ATOM SEARCHES

  
 CHARMM>     
  
 CHARMM>    open write card unit 1 name step3_packing.pdb
 VOPEN> Attempting to open::step3_packing.pdb::
 OPNLGU> Unit  1 opened for WRITE access to step3_packing.pdb
  
 CHARMM>    write coor pdb  unit 1 image
 RDTITL> CLOSE UNIT 1
 RDTITL> No title read.
  Write CHARMM-pdb format
  
 CHARMM>    close unit 1
 VCLOSE: Closing unit    1 with status "KEEP"
  
 CHARMM>     
  
 CHARMM>    !
 CHARMM>    ! HEAD ONLY
 CHARMM>    !
 CHARMM>     
  
 CHARMM>    crystal free
  
 CHARMM>    define junk sele .not. segid HEAD end
 SELRPN>      0 atoms have been selected out of     64
  
 CHARMM>    if ?nsel .ne. 0 delete atom sele junk end
 RDCMND substituted energy or value "?NSEL" to "0"
 Comparing "0" and "0".
 IF test evaluated as false.  Skipping command
  
 CHARMM>     
  
 CHARMM>    open write card unit 10 name step3_packing_head.crd
 VOPEN> Attempting to open::step3_packing_head.crd::
 OPNLGU> Unit 10 opened for WRITE access to step3_packing_head.crd
  
 CHARMM>    write coor card unit 10
 RDTITL>  
 RDTITL> No title read.
 VCLOSE: Closing unit   10 with status "KEEP"
  
 CHARMM>     
  
 CHARMM>    open write card unit 10 name step3_packing_head.pdb
 VOPEN> Attempting to open::step3_packing_head.pdb::
 OPNLGU> Unit 10 opened for WRITE access to step3_packing_head.pdb
  
 CHARMM>    write coor pdb  unit 10
 RDTITL>  
 RDTITL> No title read.
  Write CHARMM-pdb format
  
 CHARMM>     
  
 CHARMM>    open write unit 10 card name step3_packing_head.psf
 OPNLGU> Unit already open. The old file will be closed first.
 VCLOSE: Closing unit   10 with status "KEEP"
 VOPEN> Attempting to open::step3_packing_head.psf::
 OPNLGU> Unit 10 opened for WRITE access to step3_packing_head.psf
  
 CHARMM>    write psf  unit 10 card
 RDTITL>  
 RDTITL> No title read.
 VCLOSE: Closing unit   10 with status "KEEP"
  
 CHARMM>     
  
 CHARMM>    stop
 VCLOSE: Closing unit   20 with status "KEEP"
$$$$$$  New timer profile $$$$$
   First List                      0.04 Other:            0.00
         Save shake coords               0.01 Other:            0.00
         Heuristic check                 0.01 Other:            0.00
         Temp and virial calc            0.01 Other:            0.00
      dynamc                          0.22 Other:            0.19
   Dynamics total                  0.24 Other:            0.02
      Image Update                    0.54 Other:            0.00
      NBONDS                          0.01 Other:            0.00
   List time                       0.55 Other:            0.00
         Electrostatic & VDW             0.18 Other:            0.00
      Nonbond force                   0.22 Other:            0.04
         Bond energy                     0.01 Other:            0.00
         Angle energy                    0.01 Other:            0.00
         Dihedral energy                 0.01 Other:            0.00
         Restraints energy               0.01 Other:            0.00
      INTRNL energy                   0.10 Other:            0.06
   Energy time                     0.83 Other:            0.51
 Total time                     13.45 Other:           11.79

                    NORMAL TERMINATION BY NORMAL STOP
                    MOST SEVERE WARNING WAS AT LEVEL  1

                    $$$$$ JOB ACCOUNTING INFORMATION $$$$$
                     ELAPSED TIME:    13.45  SECONDS 
                         CPU TIME:    13.42  SECONDS 
