1
                 Chemistry at HARvard Macromolecular Mechanics
           (CHARMM) - Developmental Version 47a2   February 15, 2021            
                                Revision unknown                                
       Copyright(c) 1984-2020  President and Fellows of Harvard College
                              All Rights Reserved
      Current operating system: Linux-3.10.0-1160.45.1.el7.x86_64(x86_64)       
                 Created on 10/25/22 at 16:31:55 by user: apache      

            Maximum number of ATOMS:    360720, and RESidues:      120240
 RDTITL> * GENERATED BY CHARMM-GUI (HTTP://WWW.CHARMM-GUI.ORG) V3.7 ON OCT, 25. 2022. JOBID=6672914435
 RDTITL> * GENERATES ION CONFORMATION USING MONTE-CARLO SIMULATION
 RDTITL> *
  
 CHARMM>     
  
 CHARMM>    DIMENS CHSIZE 5000000 MAXRES 3000000
Size      Original         New
MAXA        360720     5000000
MAXB        360720     5000000
MAXT        721440    10000000
MAXP       1082160    15000000
MAXIMP      180360     2500000
MAXNB        90180     1250000
MAXPAD      360720     5000000
MAXRES      120240     3000000
MAXSEG       45090      625000
MAXATC        1400
MAXCB         3000
MAXCT        50000
MAXCP        50000
MAXCI         1200
MAXCH         6400
MAXCN       502503
MAXCRT      120240     1666666
  
 CHARMM>     
  
 CHARMM>    ! Read topology and parameter files
 CHARMM>    stream toppar.str
 VOPEN> Attempting to open::toppar.str::
 OPNLGU> Unit 99 opened for READONLY access to toppar.str

                    INPUT STREAM SWITCHING TO UNIT    99
 RDTITL> * GENERATED BY CHARMM-GUI (HTTP://WWW.CHARMM-GUI.ORG) V3.7 ON OCT, 25. 2022. JOBID=6672914435
 RDTITL> * STREAM FILE FOR TOPOLOGY AND PARAMETER READING
 RDTITL> *
 Parameter: IN1 <- "" <empty>
  
 CHARMM>     
  
 CHARMM>    ! protein topology and parameter
 CHARMM>    open read card unit 10 name toppar/top_all36_prot.rtf
 VOPEN> Attempting to open::toppar/top_all36_prot.rtf::
 OPNLGU> Unit 10 opened for READONLY access to toppar/top_all36_prot.rtf
  
 CHARMM>    read  rtf card unit 10
 MAINIO> Residue topology file being read from unit  10.
 TITLE> *>>>>>>>>CHARMM36 ALL-HYDROGEN TOPOLOGY FILE FOR PROTEINS <<<<<<
 TITLE> *>>>>> INCLUDES PHI, PSI CROSS TERM MAP (CMAP) CORRECTION <<<<<<<
 TITLE> *>>>>>>>>>>>>>>>>>>>>>>>>>> MAY 2011 <<<<<<<<<<<<<<<<<<<<<<<<<<<<
 TITLE> * ALL COMMENTS TO THE CHARMM WEB SITE: WWW.CHARMM.ORG
 TITLE> *             PARAMETER SET DISCUSSION FORUM
 TITLE> *
  
 CHARMM>     
  
 CHARMM>    open read card unit 20 name toppar/par_all36m_prot.prm
 VOPEN> Attempting to open::toppar/par_all36m_prot.prm::
 OPNLGU> Unit 20 opened for READONLY access to toppar/par_all36m_prot.prm
  
 CHARMM>    read para card unit 20 flex

          PARAMETER FILE BEING READ FROM UNIT 20
 TITLE> *>>>> CHARMM36 ALL-HYDROGEN PARAMETER FILE FOR PROTEINS <<<<<<<<<<
 TITLE> *>>>>> INCLUDES PHI, PSI CROSS TERM MAP (CMAP) CORRECTION <<<<<<<<
 TITLE> *>>>>>>>>>>>>>>>>>>>>>>>>>> JAN. 2016 <<<<<<<<<<<<<<<<<<<<<<<<<<<<
 TITLE> * ALL COMMENTS TO THE CHARMM WEB SITE: WWW.CHARMM.ORG
 TITLE> *             PARAMETER SET DISCUSSION FORUM
 TITLE> *
 PARMIO> NONBOND, HBOND lists and IMAGE atoms cleared.
  
 CHARMM>     
  
 CHARMM>    ! nucleic acids
 CHARMM>    open read card unit 10 name toppar/top_all36_na.rtf
 OPNLGU> Unit already open. The old file will be closed first.
 VCLOSE: Closing unit   10 with status "KEEP"
 VOPEN> Attempting to open::toppar/top_all36_na.rtf::
 OPNLGU> Unit 10 opened for READONLY access to toppar/top_all36_na.rtf
  
 CHARMM>    read  rtf card unit 10 append
 MAINIO> Residue topology file being read from unit  10.
 TITLE> *  \\\\ CHARMM36 ALL-HYDROGEN NUCLEIC ACID TOPOLOGY FILE ////
 TITLE> *   ALEXANDER D. MACKERELL JR. AND COWORKERS
 TITLE> *                      APRIL 2011
 TITLE> * ALL COMMENTS TO THE CHARMM WEB SITE: WWW.CHARMM.ORG
 TITLE> *           PARAMETER SET DISCUSSION FORUM
 TITLE> *
  
 CHARMM>     
  
 CHARMM>    open read card unit 20 name toppar/par_all36_na.prm
 OPNLGU> Unit already open. The old file will be closed first.
 VCLOSE: Closing unit   20 with status "KEEP"
 VOPEN> Attempting to open::toppar/par_all36_na.prm::
 OPNLGU> Unit 20 opened for READONLY access to toppar/par_all36_na.prm
  
 CHARMM>    read para card unit 20 append flex

          PARAMETER FILE BEING READ FROM UNIT 20
 TITLE> * \\\\ CHARMM36 ALL-HYDROGEN NUCLEIC ACID PARAMETER FILE ////
 TITLE> *         ALEXANDER D. MACKERELL JR. AND COWORKERS
 TITLE> *                        APRIL 2011
 TITLE> * ALL COMMENTS TO THE CHARMM WEB SITE: WWW.CHARMM.ORG PARAMETER
 TITLE> *                     SET DISCUSSION FORUM
 TITLE> *
 PARMIO> NONBOND, HBOND lists and IMAGE atoms cleared.
  
 CHARMM>     
  
 CHARMM>    ! carbohydrates
 CHARMM>    open read card unit 10 name toppar/top_all36_carb.rtf
 OPNLGU> Unit already open. The old file will be closed first.
 VCLOSE: Closing unit   10 with status "KEEP"
 VOPEN> Attempting to open::toppar/top_all36_carb.rtf::
 OPNLGU> Unit 10 opened for READONLY access to toppar/top_all36_carb.rtf
  
 CHARMM>    read  rtf card unit 10 append
 MAINIO> Residue topology file being read from unit  10.
 TITLE> * $ID: TOP_ALLXX_SUGAR.INP,V 1.106 2014/08/19 19:07:43 ALEX EXP $
 TITLE> *>>>>>>>>>>>> ALL-HYDROGEN TOPOLOGIES USED IN THE <<<<<<<<<<<<<<<<
 TITLE> *>>>>> DEVELOPMENT OF THE CHARMM CARBOHYDRATE  FORCE FIELD<<<<<<<<
 TITLE> *>>>>>>>>>>>>>>>>>>>>>>>>> JUNE 2009 <<<<<<<<<<<<<<<<<<<<<<<<<<<<<
 TITLE> *>>>>>>>> DIRECT COMMENTS TO ALEXANDER D. MACKERELL JR. <<<<<<<<<<
 TITLE> *>>>>>>>>>> VIA THE CHARMM WEB SITE: WWW.CHARMM.ORG <<<<<<<<<<<<<<
 TITLE> *>>>>>>>>>>>>>>> PARAMETER SET DISCUSSION FORUM <<<<<<<<<<<<<<<<<<
 TITLE> *
  
 CHARMM>     
  
 CHARMM>    open read card unit 20 name toppar/par_all36_carb.prm
 OPNLGU> Unit already open. The old file will be closed first.
 VCLOSE: Closing unit   20 with status "KEEP"
 VOPEN> Attempting to open::toppar/par_all36_carb.prm::
 OPNLGU> Unit 20 opened for READONLY access to toppar/par_all36_carb.prm
  
 CHARMM>    read para card unit 20 append flex

          PARAMETER FILE BEING READ FROM UNIT 20
 TITLE> * $ID: PAR_ALLXX_SUGAR.INP,V 1.132 2014/08/19 19:03:21 ALEX EXP $
 TITLE> *>>>>>>>>>>>> ALL-HYDROGEN PARAMETERS USED IN THE <<<<<<<<<<<<<<<<
 TITLE> *>>>>> DEVELOPMENT OF THE CHARMM CARBOHYDRATE  FORCE FIELD<<<<<<<<
 TITLE> *>>>>>>>>>>>>>>>>>>>>>>>>> JUNE 2009 <<<<<<<<<<<<<<<<<<<<<<<<<<<<<
 TITLE> *>>>>>>>> DIRECT COMMENTS TO ALEXANDER D. MACKERELL JR. <<<<<<<<<<
 TITLE> *>>>>>>>>>> VIA THE CHARMM WEB SITE: WWW.CHARMM.ORG <<<<<<<<<<<<<<
 TITLE> *>>>>>>>>>>>>>>> PARAMETER SET DISCUSSION FORUM <<<<<<<<<<<<<<<<<<
 TITLE> *
 PARMIO> NONBOND, HBOND lists and IMAGE atoms cleared.
  
 CHARMM>     
  
 CHARMM>    ! lipids
 CHARMM>    open read card unit 10 name toppar/top_all36_lipid.rtf
 OPNLGU> Unit already open. The old file will be closed first.
 VCLOSE: Closing unit   10 with status "KEEP"
 VOPEN> Attempting to open::toppar/top_all36_lipid.rtf::
 OPNLGU> Unit 10 opened for READONLY access to toppar/top_all36_lipid.rtf
  
 CHARMM>    read  rtf card unit 10 append
 MAINIO> Residue topology file being read from unit  10.
 TITLE> *  \\\\\\\ CHARMM36 ALL-HYDROGEN LIPID TOPOLOGY FILE ///////
 TITLE> *  ALL COMMENTS AND QUESTIONS SHOULD BE SUBMITTED TO THE
 TITLE> *  PARAMETER FORUM AT THE CHARMM WEBSITE: WWW.CHARMM.ORG
 TITLE> *
  
 CHARMM>     
  
 CHARMM>    open read card unit 20 name toppar/par_all36_lipid.prm
 OPNLGU> Unit already open. The old file will be closed first.
 VCLOSE: Closing unit   20 with status "KEEP"
 VOPEN> Attempting to open::toppar/par_all36_lipid.prm::
 OPNLGU> Unit 20 opened for READONLY access to toppar/par_all36_lipid.prm
  
 CHARMM>    read para card unit 20 append flex

          PARAMETER FILE BEING READ FROM UNIT 20
 TITLE> *  \\\\\\\ CHARMM36 ALL-HYDROGEN LIPID PARAMETER FILE ///////
 TITLE> *  ALL COMMENTS AND QUESTIONS SHOULD BE SUBMITTED TO THE
 TITLE> *  PARAMETER FORUM AT THE CHARMM WEBSITE: WWW.CHARMM.ORG
 TITLE> *
 PARMIO> NONBOND, HBOND lists and IMAGE atoms cleared.
  
 CHARMM>     
  
 CHARMM>    ! CGENFF
 CHARMM>    open read card unit 10 name toppar/top_all36_cgenff.rtf
 OPNLGU> Unit already open. The old file will be closed first.
 VCLOSE: Closing unit   10 with status "KEEP"
 VOPEN> Attempting to open::toppar/top_all36_cgenff.rtf::
 OPNLGU> Unit 10 opened for READONLY access to toppar/top_all36_cgenff.rtf
  
 CHARMM>    read  rtf card unit 10 append
 MAINIO> Residue topology file being read from unit  10.
 TITLE> *  --------------------------------------------------------------------------  *
 TITLE> *          CGENFF: TOPOLOGY FOR THE CHARMM GENERAL FORCE FIELD V. 4.6          *
 TITLE> *                    FOR SMALL MOLECULE DRUG DESIGN                            *
 TITLE> *  --------------------------------------------------------------------------  *
 TITLE> *

 DRUDES PARTICLES WILL BE GENERATED AUTOMATICALLY FOR ALL ATOMS WITH NON-ZERO ALPHA
 Thole-type dipole screening, Slater-Delta shape {S(u) = 1 - (1+u/2)*exp(-u)}, default radius =  1.300000
  
 CHARMM>     
  
 CHARMM>    open read card unit 20 name toppar/par_all36_cgenff.prm
 OPNLGU> Unit already open. The old file will be closed first.
 VCLOSE: Closing unit   20 with status "KEEP"
 VOPEN> Attempting to open::toppar/par_all36_cgenff.prm::
 OPNLGU> Unit 20 opened for READONLY access to toppar/par_all36_cgenff.prm
  
 CHARMM>    read para card unit 20 append flex

          PARAMETER FILE BEING READ FROM UNIT 20
 TITLE> *  --------------------------------------------------------------------------  *
 TITLE> *         CGENFF: PARAMETERS FOR THE CHARMM GENERAL FORCE FIELD V. 4.6         *
 TITLE> *                    FOR SMALL MOLECULE DRUG DESIGN                            *
 TITLE> *  --------------------------------------------------------------------------  *
 TITLE> *  2017/8: IF PROTEIN, NUCLEIC ACID AND CARBOHYDRATE TOPOLOGY AND PARAMETER FILES
 TITLE> *  ARE NOT READ PRIOR TO THE CGENFF FILES "WARNING: ATOMS IN NBFIX ' errors will
 TITLE> *  BE ENCOUNTERED.  THESE CAN BE PASSED BY SETTING BOMLEV ( -2) PRIOR TO READING
 TITLE> *  THIS FILE. IN ADDITION, WHEN GENERATING AROMATIC HALOGENS (CL, BR, I) WITH
 TITLE> *  PRE C41B/C42A VERSIONS OF CHARMM "MISSING PARAMETER" ERRORS WILL BE
 TITLE> *  ENCOUNTERED THAT ALSO REQUIRE SETTING BOMLEV ( -2).
 TITLE> *
 PARMIO> NONBOND, HBOND lists and IMAGE atoms cleared.
  
 CHARMM>     
  
 CHARMM>    ! Phosphates and Sulfates
 CHARMM>    stream toppar/toppar_all36_moreions.str
 VOPEN> Attempting to open::toppar/toppar_all36_moreions.str::
 OPNLGU> Unit 98 opened for READONLY access to toppar/toppar_all36_moreions.str

                    INPUT STREAM SWITCHING TO UNIT    98
 RDTITL> * ADDITIONAL IONS GENERATED USING CGENFF
 RDTITL> *
 Parameter: IN1 <- "" <empty>
  
 CHARMM>     
  
 CHARMM>    set nat ?NATC
 RDCMND substituted energy or value "?NATC" to "345"
 Parameter: NAT <- "345"
  
 CHARMM>    set app
 Parameter: APP <- "" <empty>
  
 CHARMM>     
  
 CHARMM>    if "@NAT" ne "?NATC" if @nat ne 0 set app append
 Parameter: NAT -> "345"
 Parameter: NAT -> "345"
 RDCMND: can not substitute energy "?NATC""
 Comparing ""345"" and ""?NATC"".
 IF test evaluated as true.  Performing command
 Comparing "345" and "0".
 IF test evaluated as true.  Performing command
 Parameter: APP <- "APPEND"
  
 CHARMM>     
  
 CHARMM>    read rtf card @app
 Parameter: APP -> "APPEND"
 MAINIO> Residue topology file being read from unit  98.
 RDTITL> * TOPOLOGIES GENERATED BY
 RDTITL> * CHARMM GENERAL FORCE FIELD (CGENFF) PROGRAM VERSION 2.4.0
 RDTITL> *
  
 CHARMM>     
  
 CHARMM>    read para card flex @app
 Parameter: APP -> "APPEND"

          PARAMETER FILE BEING READ FROM UNIT 98
 RDTITL> * PARAMETERS GENERATED BY ANALOGY BY
 RDTITL> * CHARMM GENERAL FORCE FIELD (CGENFF) PROGRAM VERSION 2.4.0
 RDTITL> *
 PARMIO> NONBOND, HBOND lists and IMAGE atoms cleared.
  
 CHARMM>     
  
 VCLOSE: Closing unit   98 with status "KEEP"

                    RETURNING TO INPUT STREAM    99
  
 CHARMM>     
  
 CHARMM>    ! Interface FF
 CHARMM>    open read card unit 10 name toppar/top_interface.rtf
 OPNLGU> Unit already open. The old file will be closed first.
 VCLOSE: Closing unit   10 with status "KEEP"
 VOPEN> Attempting to open::toppar/top_interface.rtf::
 OPNLGU> Unit 10 opened for READONLY access to toppar/top_interface.rtf
  
 CHARMM>    read  rtf card unit 10 append
 MAINIO> Residue topology file being read from unit  10.
 TITLE> * INTERFACE FF
 TITLE> * TOPOLOGY FOR NANOMATERIALS
 TITLE> *
*** WARNING **** residue TSHO already exists (old one deleted)

      ***** LEVEL  1 WARNING FROM <RTFRDR> *****
      ***** Residue already exists.
      ******************************************
      BOMLEV (  0) IS NOT REACHED. WRNLEV IS  5

          PRES TSHO17      -1.050
*** WARNING **** residue TSHO already exists (old one deleted)

      ***** LEVEL  1 WARNING FROM <RTFRDR> *****
      ***** Residue already exists.
      ******************************************
      BOMLEV (  0) IS NOT REACHED. WRNLEV IS  5

          PRES TSHO21      -1.050
 There were   2 warning(s) from RTFRDR.
  
 CHARMM>     
  
 CHARMM>    open read card unit 10 name toppar/par_interface.prm
 OPNLGU> Unit already open. The old file will be closed first.
 VCLOSE: Closing unit   10 with status "KEEP"
 VOPEN> Attempting to open::toppar/par_interface.prm::
 OPNLGU> Unit 10 opened for READONLY access to toppar/par_interface.prm
  
 CHARMM>    read para card unit 10 append flex

          PARAMETER FILE BEING READ FROM UNIT 10
 TITLE> * INTERFACE FF
 TITLE> * TOPOLOGY AND PARAMETER FOR CALY MINERALS, CEMENT MINERALS
 TITLE> *
 PARRDR> Error: Repeated DIHE parameter ( 10950): HGR6  ICG1  ICG1  ICGE is replaced
 PARMIO> NONBOND, HBOND lists and IMAGE atoms cleared.
  
 CHARMM>     
  
 CHARMM>    stream toppar/toppar_all36_nano_lig.str
 VOPEN> Attempting to open::toppar/toppar_all36_nano_lig.str::
 OPNLGU> Unit 98 opened for READONLY access to toppar/toppar_all36_nano_lig.str

                    INPUT STREAM SWITCHING TO UNIT    98
 RDTITL> READ RTF CARD APPEND
 RDTITL> No title read.
 Parameter: IN1 <- "" <empty>
  
 CHARMM>    read rtf card append
 MAINIO> Residue topology file being read from unit  98.
 RDTITL> * TOPOLOGY FOR NANO-LIGAND
 RDTITL> *
  
 CHARMM>     
  
 CHARMM>    read param card flex append

          PARAMETER FILE BEING READ FROM UNIT 98
 RDTITL> * SYNTHETIC POLYMER PARAMETER
 RDTITL> *
 PARMIO> NONBOND, HBOND lists and IMAGE atoms cleared.
  
 CHARMM>    RETURN
 VCLOSE: Closing unit   98 with status "KEEP"

                    RETURNING TO INPUT STREAM    99
  
 CHARMM>    stream toppar/toppar_all36_nano_lig_patch.str
 VOPEN> Attempting to open::toppar/toppar_all36_nano_lig_patch.str::
 OPNLGU> Unit 98 opened for READONLY access to toppar/toppar_all36_nano_lig_patch.str

                    INPUT STREAM SWITCHING TO UNIT    98
 RDTITL> READ RTF CARD APPEND
 RDTITL> No title read.
 Parameter: IN1 <- "" <empty>
  
 CHARMM>    read rtf card append
 MAINIO> Residue topology file being read from unit  98.
 RDTITL> * TOPOLOGY FOR SYNTHETIC_POLYMER
 RDTITL> *
  
 CHARMM>    RETURN
 VCLOSE: Closing unit   98 with status "KEEP"

                    RETURNING TO INPUT STREAM    99
  
 CHARMM>     
  
 CHARMM>    ! Additional topologies and parameters for synthetic polymer
 CHARMM>    stream toppar/toppar_all36_synthetic_polymer.str
 VOPEN> Attempting to open::toppar/toppar_all36_synthetic_polymer.str::
 OPNLGU> Unit 98 opened for READONLY access to toppar/toppar_all36_synthetic_polymer.str

                    INPUT STREAM SWITCHING TO UNIT    98
 RDTITL> READ RTF CARD APPEND
 RDTITL> No title read.
 Parameter: IN1 <- "" <empty>
  
 CHARMM>    read rtf card append
 MAINIO> Residue topology file being read from unit  98.
 RDTITL> * TOPOLOGY FOR SYNTHETIC_POLYMER
 RDTITL> *
  
 CHARMM>     
  
 CHARMM>    read param card flex append

          PARAMETER FILE BEING READ FROM UNIT 98
 RDTITL> * SYNTHETIC POLYMER PARAMETER
 RDTITL> *
 PARMIO> NONBOND, HBOND lists and IMAGE atoms cleared.
  
 CHARMM>    RETURN
 VCLOSE: Closing unit   98 with status "KEEP"

                    RETURNING TO INPUT STREAM    99
  
 CHARMM>    stream toppar/toppar_all36_synthetic_polymer_patch.str
 VOPEN> Attempting to open::toppar/toppar_all36_synthetic_polymer_patch.str::
 OPNLGU> Unit 98 opened for READONLY access to toppar/toppar_all36_synthetic_polymer_patch.str

                    INPUT STREAM SWITCHING TO UNIT    98
 RDTITL> READ RTF CARD APPEND
 RDTITL> No title read.
 Parameter: IN1 <- "" <empty>
  
 CHARMM>    read rtf card append
 MAINIO> Residue topology file being read from unit  98.
 RDTITL> * TOPOLOGY FOR SYNTHETIC_POLYMER
 RDTITL> *
  
 CHARMM>     
  
 CHARMM>    return
 VCLOSE: Closing unit   98 with status "KEEP"

                    RETURNING TO INPUT STREAM    99
  
 CHARMM>    stream toppar/toppar_all36_polymer_solvent.str
 VOPEN> Attempting to open::toppar/toppar_all36_polymer_solvent.str::
 OPNLGU> Unit 98 opened for READONLY access to toppar/toppar_all36_polymer_solvent.str

                    INPUT STREAM SWITCHING TO UNIT    98
 RDTITL> READ RTF CARD APPEND
 RDTITL> No title read.
 Parameter: IN1 <- "" <empty>
  
 CHARMM>    read rtf card append
 MAINIO> Residue topology file being read from unit  98.
 RDTITL> * TOPOLOGY FOR SYNTHETIC_POLYMER
 RDTITL> *
  
 CHARMM>    read param card flex append

          PARAMETER FILE BEING READ FROM UNIT 98
 RDTITL> * SYNTHETIC POLYMER PARAMETER
 RDTITL> *
 PARMIO> NONBOND, HBOND lists and IMAGE atoms cleared.
  
 CHARMM>     
  
 CHARMM>    RETURN
 VCLOSE: Closing unit   98 with status "KEEP"

                    RETURNING TO INPUT STREAM    99
  
 CHARMM>     
  
 CHARMM>    ! Additional topologies and parameters for water and ions
 CHARMM>    stream toppar/toppar_water_ions.str
 VOPEN> Attempting to open::toppar/toppar_water_ions.str::
 OPNLGU> Unit 98 opened for READONLY access to toppar/toppar_water_ions.str

                    INPUT STREAM SWITCHING TO UNIT    98
 RDTITL> * TOPLOGY AND PARAMETER INFORMATION FOR WATER AND IONS.
 RDTITL> *
 Parameter: IN1 <- "" <empty>
  
 CHARMM>     
  
 CHARMM>    !Testcase
 CHARMM>    !test_water_ions.inp
 CHARMM>     
  
 CHARMM>    ! IMPORTANT NOTE: this file contains NBFixes between carboxylates and sodium,
 CHARMM>    ! which will only apply if the main files containing carboxylate atom types
 CHARMM>    ! have been read in first!
 CHARMM>     
  
 CHARMM>    !references
 CHARMM>    !
 CHARMM>    !TIP3P water model
 CHARMM>    !
 CHARMM>    !W.L. Jorgensen; J.Chandrasekhar; J.D. Madura; R.W. Impey;
 CHARMM>    !M.L. Klein; "Comparison of simple potential functions for
 CHARMM>    !simulating liquid water", J. Chem. Phys. 79 926-935 (1983).
 CHARMM>    !
 CHARMM>    !IONS
 CHARMM>    !
 CHARMM>    !Ions from Roux and coworkers
 CHARMM>    !
 CHARMM>    !Beglov, D. and Roux, B., Finite Representation of an Infinite
 CHARMM>    !Bulk System: Solvent Boundary Potential for Computer Simulations,
 CHARMM>    !Journal of Chemical Physics, 1994, 100: 9050-9063
 CHARMM>    !
 CHARMM>    !ZINC
 CHARMM>    !
 CHARMM>    !Stote, R.H. and Karplus, M. Zinc Binding in Proteins and
 CHARMM>    !Solution: A Simple but Accurate Nonbonded Representation, PROTEINS:
 CHARMM>    !Structure, Function, and Genetics 23:12-31 (1995)
 CHARMM>     
  
 CHARMM>    !test "append" to determine if previous toppar files have been read and
 CHARMM>    !add append to "read rtf card" if true
 CHARMM>    set nat ?NATC
 RDCMND substituted energy or value "?NATC" to "455"
 Parameter: NAT <- "455"
  
 CHARMM>    set app
 Parameter: APP <- "" <empty>
  
 CHARMM>    !We're exploiting what is arguably a bug in the parser. On the left hand side,
 CHARMM>    !the quotes have priority, so NAT is correctly substituted. On the right hand
 CHARMM>    !side, the ? has priority and NATC" (sic) is not a valid substitution...
 CHARMM>    if "@NAT" ne "?NATC" if @nat ne 0 set app append
 Parameter: NAT -> "455"
 Parameter: NAT -> "455"
 RDCMND: can not substitute energy "?NATC""
 Comparing ""455"" and ""?NATC"".
 IF test evaluated as true.  Performing command
 Comparing "455" and "0".
 IF test evaluated as true.  Performing command
 Parameter: APP <- "APPEND"
  
 CHARMM>     
  
 CHARMM>    read rtf card @app
 Parameter: APP -> "APPEND"
 MAINIO> Residue topology file being read from unit  98.
 RDTITL> * TOPOLOGY FOR WATER AND IONS
 RDTITL> *
  
 CHARMM>     
  
 CHARMM>    read para card flex @app
 Parameter: APP -> "APPEND"

          PARAMETER FILE BEING READ FROM UNIT 98
 RDTITL> * PARAMETERS FOR WATER AND IONS
 RDTITL> *
 PARMIO> NONBOND, HBOND lists and IMAGE atoms cleared.
  
 CHARMM>     
  
 CHARMM>    ! The following section contains NBFixes for sodium interacting with
 CHARMM>    ! carboxylate oxygens of various CHARMM force fields. It will generate
 CHARMM>    ! level -1 warnings whenever any of these force fields have not been
 CHARMM>    ! read prior to the current stream file. Since we don't want to force
 CHARMM>    ! the user to always read all the force fields, we're suppressing the
 CHARMM>    ! warnings. The only side effect is that you will have "most severe
 CHARMM>    ! warning was at level 0" at the end of your output. Also note that
 CHARMM>    ! the user is responsible for reading the current file last if they
 CHARMM>    ! want the NBFixes to apply. A more elegant solution would require new
 CHARMM>    ! features to be added to CHARMM.
 CHARMM>    ! parallel fix, to avoid duplicated messages in the log
 CHARMM>    set para
 Parameter: PARA <- "" <empty>
  
 CHARMM>    if ?NUMNODE gt 1 set para node 0
 RDCMND substituted energy or value "?NUMNODE" to "1"
 Comparing "1" and "1".
 IF test evaluated as false.  Skipping command
  
 CHARMM>     
  
 CHARMM>    set wrn ?WRNLEV
 RDCMND substituted energy or value "?WRNLEV" to "5"
 Parameter: WRN <- "5"
  
 CHARMM>    ! Some versions of CHARMM don't seem to initialize wrnlev...
 CHARMM>    if "@WRN" eq "?WRNLEV" set wrn 5
 Parameter: WRN -> "5"
 RDCMND: can not substitute energy "?WRNLEV""
 Comparing ""5"" and ""?WRNLEV"".
 IF test evaluated as false.  Skipping command
  
 CHARMM>    set bom ?bomlev
 RDCMND substituted energy or value "?BOMLEV" to "0"
 Parameter: BOM <- "0"
  
 CHARMM>    WRNLEV -1 @PARA
 Parameter: PARA -> "" <empty>
  
 CHARMM>    BOMLEV -1 @PARA
 Parameter: PARA -> "" <empty>
  
 CHARMM>    read para card flex append

          PARAMETER FILE BEING READ FROM UNIT 98
 RDTITL> * NBFIX BETWEEN CARBOXYLATE AND SODIUM
 RDTITL> *
 PARMIO> NONBOND, HBOND lists and IMAGE atoms cleared.
  
 CHARMM>    BOMLEV @bom @PARA
 Parameter: BOM -> "0"
 Parameter: PARA -> "" <empty>
  
 CHARMM>    WRNLEV @wrn @PARA
 Parameter: WRN -> "5"
 Parameter: PARA -> "" <empty>
  
 CHARMM>     
  
 CHARMM>    return
 VCLOSE: Closing unit   98 with status "KEEP"

                    RETURNING TO INPUT STREAM    99
  
 CHARMM>    stream toppar/toppar_dum_noble_gases.str
 VOPEN> Attempting to open::toppar/toppar_dum_noble_gases.str::
 OPNLGU> Unit 98 opened for READONLY access to toppar/toppar_dum_noble_gases.str

                    INPUT STREAM SWITCHING TO UNIT    98
 RDTITL> * TOPLOGY AND PARAMETER INFORMATION FOR HELIUM, NEON AND A DUMMY ATOM.
 RDTITL> *
 Parameter: IN1 <- "" <empty>
  
 CHARMM>     
  
 CHARMM>    !Testcase
 CHARMM>    !test_dum_nobel_gases.inp
 CHARMM>     
  
 CHARMM>    !test "append" to determine if previous	toppar files have been read and
 CHARMM>    !add append to "read rtf card" if true
 CHARMM>    set nat ?NATC
 RDCMND substituted energy or value "?NATC" to "472"
 Parameter: NAT <- "472"
  
 CHARMM>    set app
 Parameter: APP <- "" <empty>
  
 CHARMM>    !We're exploiting what is arguably a bug in the parser. On the left hand side,
 CHARMM>    !the quotes have proirity, so NAT is correctly substituted. On the right hand
 CHARMM>    !side, the ? has priority and NATC" (sic) is not a valid substitution...
 CHARMM>    if "@NAT" ne "?NATC" if @nat ne 0 set app append
 Parameter: NAT -> "472"
 Parameter: NAT -> "472"
 RDCMND: can not substitute energy "?NATC""
 Comparing ""472"" and ""?NATC"".
 IF test evaluated as true.  Performing command
 Comparing "472" and "0".
 IF test evaluated as true.  Performing command
 Parameter: APP <- "APPEND"
  
 CHARMM>     
  
 CHARMM>    read rtf card @app
 Parameter: APP -> "APPEND"
 MAINIO> Residue topology file being read from unit  98.
 RDTITL> * TOPOLOGY FOR HELIUM, NEON AND A DUMMY ATOM.
 RDTITL> *
  
 CHARMM>     
  
 CHARMM>    read para card flex @app
 Parameter: APP -> "APPEND"

          PARAMETER FILE BEING READ FROM UNIT 98
 RDTITL> * PARAMETERS FOR HELIUM, NEON AND A DUMMY ATOM.
 RDTITL> *
 PARMIO> NONBOND, HBOND lists and IMAGE atoms cleared.
  
 CHARMM>     
  
 CHARMM>    return
 VCLOSE: Closing unit   98 with status "KEEP"

                    RETURNING TO INPUT STREAM    99
  
 CHARMM>    stream toppar/toppar_ions_won.str
 VOPEN> Attempting to open::toppar/toppar_ions_won.str::
 OPNLGU> Unit 98 opened for READONLY access to toppar/toppar_ions_won.str

                    INPUT STREAM SWITCHING TO UNIT    98
 RDTITL> * TOP_IONS_WON.STR: GENERAL MODEL FOR MONO-, DI-, AND TRIVALENT CATIONS
 RDTITL> *
 Parameter: IN1 <- "" <empty>
  
 CHARMM>     
  
 CHARMM>    !This is a comprehensive set of ions developed using stochastic boundary
 CHARMM>    !conditions. It is strongly recommended that ion parameters in
 CHARMM>    !toppar_water_ions.str be used if available, as they are more highly
 CHARMM>    !optimized.  Accordingly, those ions have been commented in this
 CHARMM>    !file.
 CHARMM>    !
 CHARMM>    !reference
 CHARMM>    !Won, Y., "Force Field for Monovalent, Divalent, and Trivalent Cations
 CHARMM>    !Developed under the Solvent Boundary Potential," Journal of Physical
 CHARMM>    !Chemistry A., 116: 11763-11767, 2012.
 CHARMM>     
  
 CHARMM>     
  
 CHARMM>    !test "append" to determine if previous toppar files have been read and
 CHARMM>    !add append to "read rtf card" if true
 CHARMM>    set nat ?NATC
 RDCMND substituted energy or value "?NATC" to "475"
 Parameter: NAT <- "475"
  
 CHARMM>    set app
 Parameter: APP <- "" <empty>
  
 CHARMM>    !We're exploiting what is arguably a bug in the parser. On the left hand side,
 CHARMM>    !the quotes have priority, so NAT is correctly substituted. On the right hand
 CHARMM>    !side, the ? has priority and NATC" (sic) is not a valid substitution...
 CHARMM>    if "@NAT" ne "?NATC" if @nat ne 0 set app append
 Parameter: NAT -> "475"
 Parameter: NAT -> "475"
 RDCMND: can not substitute energy "?NATC""
 Comparing ""475"" and ""?NATC"".
 IF test evaluated as true.  Performing command
 Comparing "475" and "0".
 IF test evaluated as true.  Performing command
 Parameter: APP <- "APPEND"
  
 CHARMM>     
  
 CHARMM>    read rtf card @app
 Parameter: APP -> "APPEND"
 MAINIO> Residue topology file being read from unit  98.
 RDTITL> * TOPOLOGY FOR WATER AND IONS
 RDTITL> *
  
 CHARMM>     
  
 CHARMM>    read para card flex @app
 Parameter: APP -> "APPEND"

          PARAMETER FILE BEING READ FROM UNIT 98
 RDTITL> * PAR_CATION.PRM FOR MONO-, DI-, AND TRIVALENT CATIONS
 RDTITL> *
 PARMIO> NONBOND, HBOND lists and IMAGE atoms cleared.
  
 VCLOSE: Closing unit   98 with status "KEEP"

                    RETURNING TO INPUT STREAM    99
  
 CHARMM>     
  
 CHARMM>    ! Additional topologies and parameters for protein
 CHARMM>    stream toppar/toppar_all36_prot_arg0.str
 VOPEN> Attempting to open::toppar/toppar_all36_prot_arg0.str::
 OPNLGU> Unit 98 opened for READONLY access to toppar/toppar_all36_prot_arg0.str

                    INPUT STREAM SWITCHING TO UNIT    98
 RDTITL> *>>>>>> ALL-HYDROGEN TOPOLOGY FOR NEUTRAL ARG <<<<<<<<<<<<<<<<<<<<
 RDTITL> *>>>>>>>>>>>>>>>>>>>>>>> 2007 <<<<<<<<<<<<<<<<<<<<<<<<<<<<<<<<<<<<
 RDTITL> *>>>>>>>> DIRECT COMMENTS TO ALEXANDER D. MACKERELL JR. <<<<<<<<<<
 RDTITL> *>>>>>>>>>>>>>>> PARAMETER FORUM, WWW.CHARMM.ORG <<<<<<<<<<<<<<<<<
 RDTITL> *
 Parameter: IN1 <- "" <empty>
  
 CHARMM>     
  
 CHARMM>    ! Atom names include "R" (for Arg) as the second letter. The
 CHARMM>    ! only other atom types in the additive FF with this second
 CHARMM>    ! letter are histidine [HN]R[123] in the protein FF and CRL[12]
 CHARMM>    ! in toppar_all36_lipid_cholesterol.str , so no more conflicts.
 CHARMM>     
  
 CHARMM>    !Parent files that have to be read prior to streaming this file
 CHARMM>    !top_all36_prot.rtf
 CHARMM>    !par_all36_prot.rtf
 CHARMM>    !
 CHARMM>    !Testcase
 CHARMM>    !test_all36_prot_arg0.inp
 CHARMM>     
  
 CHARMM>    !Li, L., Vorobyov, I.V., MacKerell, Jr., A.D., Allen, T.W., "Is
 CHARMM>    !arginine charged in a membrane?" Biophysical Journal, 94: L11-L13,
 CHARMM>    !2008, PMCID: PMC2157258
 CHARMM>     
  
 CHARMM>    read rtf card append
 MAINIO> Residue topology file being read from unit  98.
 RDTITL> * TOPOLOGY FOR PROTEIN RELATED MODEL COMPOUNDS
 RDTITL> *
*** WARNING **** residue MGU1 already exists (old one deleted)

      ***** LEVEL  1 WARNING FROM <RTFRDR> *****
      ***** Residue already exists.
      ******************************************
      BOMLEV (  0) IS NOT REACHED. WRNLEV IS  5

          RESI MGU1          0.00
*** WARNING **** residue MGU2 already exists (old one deleted)

      ***** LEVEL  1 WARNING FROM <RTFRDR> *****
      ***** Residue already exists.
      ******************************************
      BOMLEV (  0) IS NOT REACHED. WRNLEV IS  5

          RESI MGU2          0.00
 There were   2 warning(s) from RTFRDR.
  
 CHARMM>     
  
 CHARMM>    read param card flex append

          PARAMETER FILE BEING READ FROM UNIT 98
 RDTITL>  
 RDTITL> No title read.
 PARMIO> NONBOND, HBOND lists and IMAGE atoms cleared.
  
 CHARMM>     
  
 CHARMM>    return
 VCLOSE: Closing unit   98 with status "KEEP"

                    RETURNING TO INPUT STREAM    99
  
 CHARMM>    stream toppar/toppar_all36_prot_c36m_d_aminoacids.str
 VOPEN> Attempting to open::toppar/toppar_all36_prot_c36m_d_aminoacids.str::
 OPNLGU> Unit 98 opened for READONLY access to toppar/toppar_all36_prot_c36m_d_aminoacids.str

                    INPUT STREAM SWITCHING TO UNIT    98
 RDTITL> *>>>>>>CHARMM36 ALL-HYDROGEN TOPPAR FILE FOR D-PROTEINS <<<<<<<
 RDTITL> *>>>>>>>>>>>>>>>>>>>>>>>>>> JAN. 2016 <<<<<<<<<<<<<<<<<<<<<<<<<<<<
 RDTITL> * ALL COMMENTS TO THE CHARMM WEB SITE: WWW.CHARMM.ORG
 RDTITL> *             PARAMETER SET DISCUSSION FORUM
 RDTITL> *
 Parameter: IN1 <- "" <empty>
  
 CHARMM>     
  
 CHARMM>    !update 2016/2. use directly inverted CMAPs
 CHARMM>     
  
 CHARMM>    !toppar stream file for D-amino acids. Includes new residue
 CHARMM>    !names, inverted CMAP and additional parameters.
 CHARMM>     
  
 CHARMM>    !Parent files that have to be read prior to streaming this file
 CHARMM>    !top_all36_prot.rtf
 CHARMM>    !par_all36m_prot.prm
 CHARMM>    !
 CHARMM>    !Testcase
 CHARMM>    !test_all36_d_amino_acid.inp
 CHARMM>     
  
 CHARMM>    !test "append" to determine if previous toppar files have been read and
 CHARMM>    !add append to "read rtf card" if true
 CHARMM>    set nat ?NATC
 RDCMND substituted energy or value "?NATC" to "539"
 Parameter: NAT <- "539"
  
 CHARMM>    set app
 Parameter: APP <- "" <empty>
  
 CHARMM>    !We're exploiting what is arguably a bug in the parser. On the left hand side,
 CHARMM>    !the quotes have priority, so NAT is correctly substituted. On the right hand
 CHARMM>    !side, the ? has priority and NATC" (sic) is not a valid substitution...
 CHARMM>    if "@NAT" ne "?NATC" if @nat ne 0 set app append
 Parameter: NAT -> "539"
 Parameter: NAT -> "539"
 RDCMND: can not substitute energy "?NATC""
 Comparing ""539"" and ""?NATC"".
 IF test evaluated as true.  Performing command
 Comparing "539" and "0".
 IF test evaluated as true.  Performing command
 Parameter: APP <- "APPEND"
  
 CHARMM>     
  
 CHARMM>    read rtf card @app
 Parameter: APP -> "APPEND"
 MAINIO> Residue topology file being read from unit  98.
 RDTITL> * TOPOLOGY FOR D- AMINOACIDS
 RDTITL> *
  
 CHARMM>     
  
 CHARMM>    read para card flex @app
 Parameter: APP -> "APPEND"

          PARAMETER FILE BEING READ FROM UNIT 98
 RDTITL> * PARAMETERS FOR D- AMINOACIDS
 RDTITL> *
 PARMIO> NONBOND, HBOND lists and IMAGE atoms cleared.
  
 VCLOSE: Closing unit   98 with status "KEEP"

                    RETURNING TO INPUT STREAM    99
  
 CHARMM>    stream toppar/toppar_all36_prot_fluoro_alkanes.str
 VOPEN> Attempting to open::toppar/toppar_all36_prot_fluoro_alkanes.str::
 OPNLGU> Unit 98 opened for READONLY access to toppar/toppar_all36_prot_fluoro_alkanes.str

                    INPUT STREAM SWITCHING TO UNIT    98
 RDTITL> * TOPOLOGY AND PARAMETERS FOR FLUORINATED ALKANES.
 RDTITL> *
 Parameter: IN1 <- "" <empty>
  
 CHARMM>     
  
 CHARMM>    !These parameters are maintained for historic reasons.  The CGenFF
 CHARMM>    !halogen parameters are a significant improvement over these
 CHARMM>    !parameters.
 CHARMM>     
  
 CHARMM>    !Parent files that have to be read prior to streaming this file
 CHARMM>    !top_all36_prot.rtf
 CHARMM>    !par_all36_prot.prm
 CHARMM>     
  
 CHARMM>    !Testcase
 CHARMM>    !test_all36_prot_fluoro_alkanes.inp
 CHARMM>     
  
 CHARMM>    !Reference
 CHARMM>    !Chen, I.-J., Yin, D. and MacKerell, Jr., A.D., "Combined Ab
 CHARMM>    !initio/Empirical Approach for Optimization of Lennard-Jones Parameters
 CHARMM>    !for Polar-Neutral Compounds," Journal of Computational Chemistry,
 CHARMM>    !2002, 23:199-213.
 CHARMM>    !
 CHARMM>    !Note that these parameters are higly optimized to reproduce the
 CHARMM>    !corresponding condensed phase properties and have not been incorporated
 CHARMM>    !into the CHARMM22 or CHARMM27 biomolecular force fields
 CHARMM>     
  
 CHARMM>    read rtf card append
 MAINIO> Residue topology file being read from unit  98.
 RDTITL> * TOPOLOGY FOR FLUOROALKANES
 RDTITL> *
*** WARNING **** residue ETHA already exists (old one deleted)

      ***** LEVEL  1 WARNING FROM <RTFRDR> *****
      ***** Residue already exists.
      ******************************************
      BOMLEV (  0) IS NOT REACHED. WRNLEV IS  5

          RESI ETHA  0.0
*** WARNING **** residue FETH already exists (old one deleted)

      ***** LEVEL  1 WARNING FROM <RTFRDR> *****
      ***** Residue already exists.
      ******************************************
      BOMLEV (  0) IS NOT REACHED. WRNLEV IS  5

          RESI FETH  0.0
*** WARNING **** residue DFET already exists (old one deleted)

      ***** LEVEL  1 WARNING FROM <RTFRDR> *****
      ***** Residue already exists.
      ******************************************
      BOMLEV (  0) IS NOT REACHED. WRNLEV IS  5

          RESI DFET 0.0
*** WARNING **** residue TFET already exists (old one deleted)

      ***** LEVEL  1 WARNING FROM <RTFRDR> *****
      ***** Residue already exists.
      ******************************************
      BOMLEV (  0) IS NOT REACHED. WRNLEV IS  5

          RESI TFET  0.0
*** WARNING **** residue TFE  already exists (old one deleted)

      ***** LEVEL  1 WARNING FROM <RTFRDR> *****
      ***** Residue already exists.
      ******************************************
      BOMLEV (  0) IS NOT REACHED. WRNLEV IS  5

          RESI TFE   0.0
 There were   5 warning(s) from RTFRDR.
  
 CHARMM>     
  
 CHARMM>    read para card flex append

          PARAMETER FILE BEING READ FROM UNIT 98
 RDTITL> * FLUOROALKANE PARAMETERS
 RDTITL> *
 PARMIO> NONBOND, HBOND lists and IMAGE atoms cleared.
  
 CHARMM>     
  
 CHARMM>    return
 VCLOSE: Closing unit   98 with status "KEEP"

                    RETURNING TO INPUT STREAM    99
  
 CHARMM>    stream toppar/toppar_all36_prot_heme.str
 VOPEN> Attempting to open::toppar/toppar_all36_prot_heme.str::
 OPNLGU> Unit 98 opened for READONLY access to toppar/toppar_all36_prot_heme.str

                    INPUT STREAM SWITCHING TO UNIT    98
 RDTITL> * TOPOLOGY AND PARAMETER STREAM FILE FOR HEME AND RELATED
 RDTITL> * LIGANDS AND PATCHES.
 RDTITL> *
 Parameter: IN1 <- "" <empty>
  
 CHARMM>     
  
 CHARMM>    !updated 2016/2, allow for use of AUTOGENERATE ANGLE DIHEDRAl PATCH
 CHARMM>     
  
 CHARMM>    !Parent files that have to be read prior to streaming this file
 CHARMM>    !top_all36_prot.rtf
 CHARMM>    !par_all36_prot.prm
 CHARMM>     
  
 CHARMM>    !Testcase
 CHARMM>    !test_all36_prot_heme.inp
 CHARMM>     
  
 CHARMM>    read rtf card append
 MAINIO> Residue topology file being read from unit  98.
 RDTITL> * TOPOLOGY FOR HEME AND RELATED COMPOUNDS AND PATCHES
 RDTITL> *
*** WARNING **** residue CO2  already exists (old one deleted)

      ***** LEVEL  1 WARNING FROM <RTFRDR> *****
      ***** Residue already exists.
      ******************************************
      BOMLEV (  0) IS NOT REACHED. WRNLEV IS  5

          RESI CO2             0.00
 There were   1 warning(s) from RTFRDR.
  
 CHARMM>     
  
 CHARMM>    read para card flex append

          PARAMETER FILE BEING READ FROM UNIT 98
 RDTITL> * ADDITIONAL PARAMETERS FOR HEME
 RDTITL> *
 PARMIO> NONBOND, HBOND lists and IMAGE atoms cleared.
  
 CHARMM>     
  
 CHARMM>    return
 VCLOSE: Closing unit   98 with status "KEEP"

                    RETURNING TO INPUT STREAM    99
  
 CHARMM>    stream toppar/toppar_all36_prot_na_combined.str
 VOPEN> Attempting to open::toppar/toppar_all36_prot_na_combined.str::
 OPNLGU> Unit 98 opened for READONLY access to toppar/toppar_all36_prot_na_combined.str

                    INPUT STREAM SWITCHING TO UNIT    98
 RDTITL> * TOPOLOGY AND PARAMETER STREAM FILE FOR PATCHES TO CREATE
 RDTITL> * MODEL COMPOUNDS AND PATCHES THAT REQUIRE BOTH PROTEIN AND
 RDTITL> * NUCLEIC ACID TOPOLOGY AND PARAMETER INFORMATION
 RDTITL> *
 Parameter: IN1 <- "" <empty>
  
 CHARMM>     
  
 CHARMM>    !Parent files that have to be read prior to streaming this file
 CHARMM>    !top_all36_prot.rtf
 CHARMM>    !par_all36_prot.prm
 CHARMM>    !top_all36_na.rtf
 CHARMM>    !par_all36_na.prm
 CHARMM>    !stream/toppar_all36_prot_fluoro_alkanes.str ! atom types an parameters for fluorinated compounds
 CHARMM>     
  
 CHARMM>    !Testcase
 CHARMM>    !test_all36_prot_na_combined.inp
 CHARMM>     
  
 CHARMM>    !all patches must be followed by AUTOGENERATE ANGLES DIHEDRALS
 CHARMM>     
  
 CHARMM>    !PHOSPHOTYROSINE
 CHARMM>    !
 CHARMM>    !Feng, M.-H., Philippopoulos, M., MacKerell, Jr., A.D. and Lim, C.
 CHARMM>    !Structural Characterization of the Phosphotyrosine Binding Region of a
 CHARMM>    !High-Affinity aSH2 Domain-Phosphopeptide Complex by Molecular Dynamics
 CHARMM>    !Simulation and Chemical Shift Calculations. Journal of the American
 CHARMM>    !Chemical Society, 1996, 118: 11265-11277.
 CHARMM>     
  
 CHARMM>    read rtf card append
 MAINIO> Residue topology file being read from unit  98.
 RDTITL> * TOPOLOGY FOR PHOSPHORYLATED AMINO ACIDS
 RDTITL> *
*** WARNING **** residue THFI already exists (old one deleted)

      ***** LEVEL  1 WARNING FROM <RTFRDR> *****
      ***** Residue already exists.
      ******************************************
      BOMLEV (  0) IS NOT REACHED. WRNLEV IS  5

          RESI THFI       0.00
*** WARNING **** residue THMI already exists (old one deleted)

      ***** LEVEL  1 WARNING FROM <RTFRDR> *****
      ***** Residue already exists.
      ******************************************
      BOMLEV (  0) IS NOT REACHED. WRNLEV IS  5

          RESI THMI       0.00
*** WARNING **** residue THFA already exists (old one deleted)

      ***** LEVEL  1 WARNING FROM <RTFRDR> *****
      ***** Residue already exists.
      ******************************************
      BOMLEV (  0) IS NOT REACHED. WRNLEV IS  5

          RESI THFA        0.00
*** WARNING **** residue THAO already exists (old one deleted)

      ***** LEVEL  1 WARNING FROM <RTFRDR> *****
      ***** Residue already exists.
      ******************************************
      BOMLEV (  0) IS NOT REACHED. WRNLEV IS  5

          RESI THAO         0.00
*** WARNING **** residue RNUS already exists (old one deleted)

      ***** LEVEL  1 WARNING FROM <RTFRDR> *****
      ***** Residue already exists.
      ******************************************
      BOMLEV (  0) IS NOT REACHED. WRNLEV IS  5

          RESI RNUS         0.00
*** WARNING **** residue NUCL already exists (old one deleted)

      ***** LEVEL  1 WARNING FROM <RTFRDR> *****
      ***** Residue already exists.
      ******************************************
      BOMLEV (  0) IS NOT REACHED. WRNLEV IS  5

          RESI NUCL        -1.00
*** WARNING **** residue PPH1 already exists (old one deleted)

      ***** LEVEL  1 WARNING FROM <RTFRDR> *****
      ***** Residue already exists.
      ******************************************
      BOMLEV (  0) IS NOT REACHED. WRNLEV IS  5

          RESI PPH1      -1.00
*** WARNING **** residue BMPH already exists (old one deleted)

      ***** LEVEL  1 WARNING FROM <RTFRDR> *****
      ***** Residue already exists.
      ******************************************
      BOMLEV (  0) IS NOT REACHED. WRNLEV IS  5

          RESI BMPH      -1.00
*** WARNING **** residue BMPD already exists (old one deleted)

      ***** LEVEL  1 WARNING FROM <RTFRDR> *****
      ***** Residue already exists.
      ******************************************
      BOMLEV (  0) IS NOT REACHED. WRNLEV IS  5

          RESI BMPD      -2.00
*** WARNING **** residue BDFP already exists (old one deleted)

      ***** LEVEL  1 WARNING FROM <RTFRDR> *****
      ***** Residue already exists.
      ******************************************
      BOMLEV (  0) IS NOT REACHED. WRNLEV IS  5

          RESI BDFP      -1.00
*** WARNING **** residue BDFD already exists (old one deleted)

      ***** LEVEL  1 WARNING FROM <RTFRDR> *****
      ***** Residue already exists.
      ******************************************
      BOMLEV (  0) IS NOT REACHED. WRNLEV IS  5

          RESI BDFD -2.00
*** WARNING **** residue EP_2 already exists (old one deleted)

      ***** LEVEL  1 WARNING FROM <RTFRDR> *****
      ***** Residue already exists.
      ******************************************
      BOMLEV (  0) IS NOT REACHED. WRNLEV IS  5

          RESI EP_2        -2.00
*** WARNING **** residue IP_2 already exists (old one deleted)

      ***** LEVEL  1 WARNING FROM <RTFRDR> *****
      ***** Residue already exists.
      ******************************************
      BOMLEV (  0) IS NOT REACHED. WRNLEV IS  5

          RESI IP_2        -2.00
 There were  13 warning(s) from RTFRDR.
  
 CHARMM>     
  
 CHARMM>    read para card flex append

          PARAMETER FILE BEING READ FROM UNIT 98
 RDTITL> * ADDITIONAL PARAMETERS FOR PHOSPHORYLATED AMINO ACIDS
 RDTITL> *
 PARMIO> NONBOND, HBOND lists and IMAGE atoms cleared.
  
 VCLOSE: Closing unit   98 with status "KEEP"

                    RETURNING TO INPUT STREAM    99
  
 CHARMM>    stream toppar/toppar_all36_prot_retinol.str
 VOPEN> Attempting to open::toppar/toppar_all36_prot_retinol.str::
 OPNLGU> Unit 98 opened for READONLY access to toppar/toppar_all36_prot_retinol.str

                    INPUT STREAM SWITCHING TO UNIT    98
 RDTITL> * TOPPAR STREAM FILE FOR RETINOL AND RETINAL PARAMETERS
 RDTITL> * A. LOCCISANO, A.M.W., J. EVANSECK AND A.D. MACKERELL, JR.
 RDTITL> * APRIL, 2005
 RDTITL> *
 Parameter: IN1 <- "" <empty>
  
 CHARMM>     
  
 CHARMM>    !use with c36 protein force fields
 CHARMM>    !top_all36_prot.rtf
 CHARMM>    !par_all36_prot.prm
 CHARMM>     
  
 CHARMM>    read rtf card append
 MAINIO> Residue topology file being read from unit  98.
 RDTITL> * RETINAL/RETINOL AND RELATED MODEL COMPOUNDS
 RDTITL> *
*** WARNING **** residue BTE2 already exists (old one deleted)

      ***** LEVEL  1 WARNING FROM <RTFRDR> *****
      ***** Residue already exists.
      ******************************************
      BOMLEV (  0) IS NOT REACHED. WRNLEV IS  5

          RESI BTE2       0.00
*** WARNING **** residue 13DB already exists (old one deleted)

      ***** LEVEL  1 WARNING FROM <RTFRDR> *****
      ***** Residue already exists.
      ******************************************
      BOMLEV (  0) IS NOT REACHED. WRNLEV IS  5

          RESI 13DB       0.00
*** WARNING **** residue 13DP already exists (old one deleted)

      ***** LEVEL  1 WARNING FROM <RTFRDR> *****
      ***** Residue already exists.
      ******************************************
      BOMLEV (  0) IS NOT REACHED. WRNLEV IS  5

          RESI 13DP       0.00
*** WARNING **** residue DMB1 already exists (old one deleted)

      ***** LEVEL  1 WARNING FROM <RTFRDR> *****
      ***** Residue already exists.
      ******************************************
      BOMLEV (  0) IS NOT REACHED. WRNLEV IS  5

          RESI DMB1       0.00
*** WARNING **** residue DMP1 already exists (old one deleted)

      ***** LEVEL  1 WARNING FROM <RTFRDR> *****
      ***** Residue already exists.
      ******************************************
      BOMLEV (  0) IS NOT REACHED. WRNLEV IS  5

          RESI DMP1       0.00
*** WARNING **** residue DMP2 already exists (old one deleted)

      ***** LEVEL  1 WARNING FROM <RTFRDR> *****
      ***** Residue already exists.
      ******************************************
      BOMLEV (  0) IS NOT REACHED. WRNLEV IS  5

          RESI DMP2       0.00
*** WARNING **** residue CROT already exists (old one deleted)

      ***** LEVEL  1 WARNING FROM <RTFRDR> *****
      ***** Residue already exists.
      ******************************************
      BOMLEV (  0) IS NOT REACHED. WRNLEV IS  5

          RESI CROT       0.00
*** WARNING **** residue PACP already exists (old one deleted)

      ***** LEVEL  1 WARNING FROM <RTFRDR> *****
      ***** Residue already exists.
      ******************************************
      BOMLEV (  0) IS NOT REACHED. WRNLEV IS  5

          RESI PACP       0.00
*** WARNING **** residue MECH already exists (old one deleted)

      ***** LEVEL  1 WARNING FROM <RTFRDR> *****
      ***** Residue already exists.
      ******************************************
      BOMLEV (  0) IS NOT REACHED. WRNLEV IS  5

          RESI MECH       0.00
*** WARNING **** residue TMCH already exists (old one deleted)

      ***** LEVEL  1 WARNING FROM <RTFRDR> *****
      ***** Residue already exists.
      ******************************************
      BOMLEV (  0) IS NOT REACHED. WRNLEV IS  5

          RESI TMCH       0.00
*** WARNING **** residue FRET already exists (old one deleted)

      ***** LEVEL  1 WARNING FROM <RTFRDR> *****
      ***** Residue already exists.
      ******************************************
      BOMLEV (  0) IS NOT REACHED. WRNLEV IS  5

          RESI FRET       0.00
*** WARNING **** residue RTOL already exists (old one deleted)

      ***** LEVEL  1 WARNING FROM <RTFRDR> *****
      ***** Residue already exists.
      ******************************************
      BOMLEV (  0) IS NOT REACHED. WRNLEV IS  5

          RESI RTOL       0.00
*** WARNING **** residue RTAL already exists (old one deleted)

      ***** LEVEL  1 WARNING FROM <RTFRDR> *****
      ***** Residue already exists.
      ******************************************
      BOMLEV (  0) IS NOT REACHED. WRNLEV IS  5

          RESI RTAL       0.00
*** WARNING **** residue RTAC already exists (old one deleted)

      ***** LEVEL  1 WARNING FROM <RTFRDR> *****
      ***** Residue already exists.
      ******************************************
      BOMLEV (  0) IS NOT REACHED. WRNLEV IS  5

          RESI RTAC      -1.00
*** WARNING **** residue PRAC already exists (old one deleted)

      ***** LEVEL  1 WARNING FROM <RTFRDR> *****
      ***** Residue already exists.
      ******************************************
      BOMLEV (  0) IS NOT REACHED. WRNLEV IS  5

          RESI PRAC      -1.00
*** WARNING **** residue PROL already exists (old one deleted)

      ***** LEVEL  1 WARNING FROM <RTFRDR> *****
      ***** Residue already exists.
      ******************************************
      BOMLEV (  0) IS NOT REACHED. WRNLEV IS  5

          RESI PROL       0.00
*** WARNING **** residue PRAL already exists (old one deleted)

      ***** LEVEL  1 WARNING FROM <RTFRDR> *****
      ***** Residue already exists.
      ******************************************
      BOMLEV (  0) IS NOT REACHED. WRNLEV IS  5

          RESI PRAL       0.00
*** WARNING **** residue SCH1 already exists (old one deleted)

      ***** LEVEL  1 WARNING FROM <RTFRDR> *****
      ***** Residue already exists.
      ******************************************
      BOMLEV (  0) IS NOT REACHED. WRNLEV IS  5

          RESI SCH1       0.00
*** WARNING **** residue SCH2 already exists (old one deleted)

      ***** LEVEL  1 WARNING FROM <RTFRDR> *****
      ***** Residue already exists.
      ******************************************
      BOMLEV (  0) IS NOT REACHED. WRNLEV IS  5

          RESI SCH2       1.00
*** WARNING **** residue SCH3 already exists (old one deleted)

      ***** LEVEL  1 WARNING FROM <RTFRDR> *****
      ***** Residue already exists.
      ******************************************
      BOMLEV (  0) IS NOT REACHED. WRNLEV IS  5

          RESI SCH3       1.00
 There were  20 warning(s) from RTFRDR.
  
 CHARMM>     
  
 CHARMM>    read para card flex append

          PARAMETER FILE BEING READ FROM UNIT 98
 RDTITL> * RETINAL/RETINOL AND RELATED PARAMETERS
 RDTITL> *
 PARMIO> NONBOND, HBOND lists and IMAGE atoms cleared.
  
 CHARMM>     
  
 VCLOSE: Closing unit   98 with status "KEEP"

                    RETURNING TO INPUT STREAM    99
  
 CHARMM>    stream toppar/toppar_all36_prot_model.str
 VOPEN> Attempting to open::toppar/toppar_all36_prot_model.str::
 OPNLGU> Unit 98 opened for READONLY access to toppar/toppar_all36_prot_model.str

                    INPUT STREAM SWITCHING TO UNIT    98
 RDTITL> *>> ALL-HYDROGEN TOPOLOGY FOR SMALL MODEL COMPOUNDS USED IN THE <<
 RDTITL> *>> DEVELOPMENT OF THE CHARMM22 PROTEIN ALL-HYDROGEN PARAMETERS <<
 RDTITL> *>>>>>>>>>>>>>>>>>>>>>>> JULY 1997 <<<<<<<<<<<<<<<<<<<<<<<<<<<<<<<
 RDTITL> *>>>>>>>> DIRECT COMMENTS TO ALEXANDER D. MACKERELL JR. <<<<<<<<<<
 RDTITL> *>>>>>>>>>>>>>>> PARAMETER FORUM, WWW.CHARMM.ORG <<<<<<<<<<<<<<<<<
 RDTITL> *CONVERTED TO STREAM FORMAT, DECEMBER 2003
 RDTITL> *CONVERTED TO CHARMM36 PROTEIN ATOM TYPES, MAY 2011
 RDTITL> *
 Parameter: IN1 <- "" <empty>
  
 CHARMM>     
  
 CHARMM>    !Parent files that have to be read prior to streaming this file
 CHARMM>    !top_all36_prot.rtf
 CHARMM>    !par_all36_prot.prm
 CHARMM>    !
 CHARMM>    !Testcase
 CHARMM>    !test_all36_prot_model.inp
 CHARMM>     
  
 CHARMM>    !changes after 9/98
 CHARMM>    !
 CHARMM>    !change alkene HA1 and HA2 to HE1 and HE2
 CHARMM>    !
 CHARMM>    !improper atom ordering corrected
 CHARMM>    !
 CHARMM>    !version b5i to be consistent with protein toppar files
 CHARMM>    !
 CHARMM>    !Heme vinyl groups upgraded based on new butene parameters
 CHARMM>    !
 CHARMM>     
  
 CHARMM>    ! references
 CHARMM>    !
 CHARMM>    !PROTEINS
 CHARMM>    !
 CHARMM>    !MacKerell, Jr., A. D.; Bashford, D.; Bellott, M.; Dunbrack Jr., R.L.;
 CHARMM>    !Evanseck, J.D.; Field, M.J.; Fischer, S.; Gao, J.; Guo, H.; Ha, S.;
 CHARMM>    !Joseph-McCarthy, D.; Kuchnir, L.; Kuczera, K.; Lau, F.T.K.; Mattos,
 CHARMM>    !C.; Michnick, S.; Ngo, T.; Nguyen, D.T.; Prodhom, B.; Reiher, III,
 CHARMM>    !W.E.; Roux, B.; Schlenkrich, M.; Smith, J.C.; Stote, R.; Straub, J.;
 CHARMM>    !Watanabe, M.; Wiorkiewicz-Kuczera, J.; Yin, D.; Karplus, M.  All-atom
 CHARMM>    !empirical potential for molecular modeling and dynamics Studies of
 CHARMM>    !proteins.  Journal of Physical Chemistry B, 1998, 102, 3586-3616.
 CHARMM>     
  
 CHARMM>    read rtf card append
 MAINIO> Residue topology file being read from unit  98.
 RDTITL> * TOPOLOGY FOR PROTEIN RELATED MODEL COMPOUNDS
 RDTITL> *
*** WARNING **** residue ACET already exists (old one deleted)

      ***** LEVEL  1 WARNING FROM <RTFRDR> *****
      ***** Residue already exists.
      ******************************************
      BOMLEV (  0) IS NOT REACHED. WRNLEV IS  5

          RESI ACET       -1.00
*** WARNING **** residue PROA already exists (old one deleted)

      ***** LEVEL  1 WARNING FROM <RTFRDR> *****
      ***** Residue already exists.
      ******************************************
      BOMLEV (  0) IS NOT REACHED. WRNLEV IS  5

          RESI PROA       -1.00
*** WARNING **** residue GUAN already exists (old one deleted)

      ***** LEVEL  1 WARNING FROM <RTFRDR> *****
      ***** Residue already exists.
      ******************************************
      BOMLEV (  0) IS NOT REACHED. WRNLEV IS  5

          RESI GUAN        1.00
*** WARNING **** residue MGUA already exists (old one deleted)

      ***** LEVEL  1 WARNING FROM <RTFRDR> *****
      ***** Residue already exists.
      ******************************************
      BOMLEV (  0) IS NOT REACHED. WRNLEV IS  5

          RESI MGUA        1.00
*** WARNING **** residue GLYN already exists (old one deleted)

      ***** LEVEL  1 WARNING FROM <RTFRDR> *****
      ***** Residue already exists.
      ******************************************
      BOMLEV (  0) IS NOT REACHED. WRNLEV IS  5

          RESI GLYN         0.00
*** WARNING **** residue MAMM already exists (old one deleted)

      ***** LEVEL  1 WARNING FROM <RTFRDR> *****
      ***** Residue already exists.
      ******************************************
      BOMLEV (  0) IS NOT REACHED. WRNLEV IS  5

          RESI MAMM        1.00
*** WARNING **** residue EAMM already exists (old one deleted)

      ***** LEVEL  1 WARNING FROM <RTFRDR> *****
      ***** Residue already exists.
      ******************************************
      BOMLEV (  0) IS NOT REACHED. WRNLEV IS  5

          RESI EAMM        1.00
*** WARNING **** residue ACEH already exists (old one deleted)

      ***** LEVEL  1 WARNING FROM <RTFRDR> *****
      ***** Residue already exists.
      ******************************************
      BOMLEV (  0) IS NOT REACHED. WRNLEV IS  5

          RESI ACEH        0.00
*** WARNING **** residue MEOH already exists (old one deleted)

      ***** LEVEL  1 WARNING FROM <RTFRDR> *****
      ***** Residue already exists.
      ******************************************
      BOMLEV (  0) IS NOT REACHED. WRNLEV IS  5

          RESI MEOH        0.00
*** WARNING **** residue METO already exists (old one deleted)

      ***** LEVEL  1 WARNING FROM <RTFRDR> *****
      ***** Residue already exists.
      ******************************************
      BOMLEV (  0) IS NOT REACHED. WRNLEV IS  5

          RESI METO       -1.00
*** WARNING **** residue ETOH already exists (old one deleted)

      ***** LEVEL  1 WARNING FROM <RTFRDR> *****
      ***** Residue already exists.
      ******************************************
      BOMLEV (  0) IS NOT REACHED. WRNLEV IS  5

          RESI ETOH        0.00
*** WARNING **** residue ETO  already exists (old one deleted)

      ***** LEVEL  1 WARNING FROM <RTFRDR> *****
      ***** Residue already exists.
      ******************************************
      BOMLEV (  0) IS NOT REACHED. WRNLEV IS  5

          RESI ETO        -1.00
*** WARNING **** residue PRO2 already exists (old one deleted)

      ***** LEVEL  1 WARNING FROM <RTFRDR> *****
      ***** Residue already exists.
      ******************************************
      BOMLEV (  0) IS NOT REACHED. WRNLEV IS  5

          RESI PRO2        0.00
*** WARNING **** residue FORM already exists (old one deleted)

      ***** LEVEL  1 WARNING FROM <RTFRDR> *****
      ***** Residue already exists.
      ******************************************
      BOMLEV (  0) IS NOT REACHED. WRNLEV IS  5

          RESI FORM        0.00
*** WARNING **** residue ACEM already exists (old one deleted)

      ***** LEVEL  1 WARNING FROM <RTFRDR> *****
      ***** Residue already exists.
      ******************************************
      BOMLEV (  0) IS NOT REACHED. WRNLEV IS  5

          RESI ACEM        0.00
*** WARNING **** residue NMA  already exists (old one deleted)

      ***** LEVEL  1 WARNING FROM <RTFRDR> *****
      ***** Residue already exists.
      ******************************************
      BOMLEV (  0) IS NOT REACHED. WRNLEV IS  5

          RESI NMA         0.00
*** WARNING **** residue MESH already exists (old one deleted)

      ***** LEVEL  1 WARNING FROM <RTFRDR> *****
      ***** Residue already exists.
      ******************************************
      BOMLEV (  0) IS NOT REACHED. WRNLEV IS  5

          RESI MESH        0.00
*** WARNING **** residue MES1 already exists (old one deleted)

      ***** LEVEL  1 WARNING FROM <RTFRDR> *****
      ***** Residue already exists.
      ******************************************
      BOMLEV (  0) IS NOT REACHED. WRNLEV IS  5

          RESI MES1       -1.00
*** WARNING **** residue ETSH already exists (old one deleted)

      ***** LEVEL  1 WARNING FROM <RTFRDR> *****
      ***** Residue already exists.
      ******************************************
      BOMLEV (  0) IS NOT REACHED. WRNLEV IS  5

          RESI ETSH        0.00
*** WARNING **** residue ES1  already exists (old one deleted)

      ***** LEVEL  1 WARNING FROM <RTFRDR> *****
      ***** Residue already exists.
      ******************************************
      BOMLEV (  0) IS NOT REACHED. WRNLEV IS  5

          RESI ES1        -1.00
*** WARNING **** residue DMDS already exists (old one deleted)

      ***** LEVEL  1 WARNING FROM <RTFRDR> *****
      ***** Residue already exists.
      ******************************************
      BOMLEV (  0) IS NOT REACHED. WRNLEV IS  5

          RESI DMDS        0.00
*** WARNING **** residue DEDS already exists (old one deleted)

      ***** LEVEL  1 WARNING FROM <RTFRDR> *****
      ***** Residue already exists.
      ******************************************
      BOMLEV (  0) IS NOT REACHED. WRNLEV IS  5

          RESI DEDS        0.00
*** WARNING **** residue EMS  already exists (old one deleted)

      ***** LEVEL  1 WARNING FROM <RTFRDR> *****
      ***** Residue already exists.
      ******************************************
      BOMLEV (  0) IS NOT REACHED. WRNLEV IS  5

          RESI EMS         0.00
*** WARNING **** residue IMIA already exists (old one deleted)

      ***** LEVEL  1 WARNING FROM <RTFRDR> *****
      ***** Residue already exists.
      ******************************************
      BOMLEV (  0) IS NOT REACHED. WRNLEV IS  5

          RESI IMIA        0.00
*** WARNING **** residue MIMI already exists (old one deleted)

      ***** LEVEL  1 WARNING FROM <RTFRDR> *****
      ***** Residue already exists.
      ******************************************
      BOMLEV (  0) IS NOT REACHED. WRNLEV IS  5

          RESI MIMI        0.00
*** WARNING **** residue EIMI already exists (old one deleted)

      ***** LEVEL  1 WARNING FROM <RTFRDR> *****
      ***** Residue already exists.
      ******************************************
      BOMLEV (  0) IS NOT REACHED. WRNLEV IS  5

          RESI EIMI        0.00
*** WARNING **** residue IMIM already exists (old one deleted)

      ***** LEVEL  1 WARNING FROM <RTFRDR> *****
      ***** Residue already exists.
      ******************************************
      BOMLEV (  0) IS NOT REACHED. WRNLEV IS  5

          RESI IMIM        1.00
*** WARNING **** residue EIMM already exists (old one deleted)

      ***** LEVEL  1 WARNING FROM <RTFRDR> *****
      ***** Residue already exists.
      ******************************************
      BOMLEV (  0) IS NOT REACHED. WRNLEV IS  5

          RESI EIMM        1.00
*** WARNING **** residue BENZ already exists (old one deleted)

      ***** LEVEL  1 WARNING FROM <RTFRDR> *****
      ***** Residue already exists.
      ******************************************
      BOMLEV (  0) IS NOT REACHED. WRNLEV IS  5

          RESI BENZ        0.00
*** WARNING **** residue EBEN already exists (old one deleted)

      ***** LEVEL  1 WARNING FROM <RTFRDR> *****
      ***** Residue already exists.
      ******************************************
      BOMLEV (  0) IS NOT REACHED. WRNLEV IS  5

          RESI EBEN         0.00
*** WARNING **** residue PHEN already exists (old one deleted)

      ***** LEVEL  1 WARNING FROM <RTFRDR> *****
      ***** Residue already exists.
      ******************************************
      BOMLEV (  0) IS NOT REACHED. WRNLEV IS  5

          RESI PHEN        0.00
*** WARNING **** residue EPHE already exists (old one deleted)

      ***** LEVEL  1 WARNING FROM <RTFRDR> *****
      ***** Residue already exists.
      ******************************************
      BOMLEV (  0) IS NOT REACHED. WRNLEV IS  5

          RESI EPHE        0.00
*** WARNING **** residue PHEO already exists (old one deleted)

      ***** LEVEL  1 WARNING FROM <RTFRDR> *****
      ***** Residue already exists.
      ******************************************
      BOMLEV (  0) IS NOT REACHED. WRNLEV IS  5

          RESI PHEO       -1.00
*** WARNING **** residue INDO already exists (old one deleted)

      ***** LEVEL  1 WARNING FROM <RTFRDR> *****
      ***** Residue already exists.
      ******************************************
      BOMLEV (  0) IS NOT REACHED. WRNLEV IS  5

          RESI INDO        0.00
*** WARNING **** residue EIND already exists (old one deleted)

      ***** LEVEL  1 WARNING FROM <RTFRDR> *****
      ***** Residue already exists.
      ******************************************
      BOMLEV (  0) IS NOT REACHED. WRNLEV IS  5

          RESI EIND        0.00
*** WARNING **** residue PDIP already exists (old one deleted)

      ***** LEVEL  1 WARNING FROM <RTFRDR> *****
      ***** Residue already exists.
      ******************************************
      BOMLEV (  0) IS NOT REACHED. WRNLEV IS  5

          RESI PDIP        0.00
*** WARNING **** residue ETHA already exists (old one deleted)

      ***** LEVEL  1 WARNING FROM <RTFRDR> *****
      ***** Residue already exists.
      ******************************************
      BOMLEV (  0) IS NOT REACHED. WRNLEV IS  5

          RESI ETHA        0.00
*** WARNING **** residue PRPA already exists (old one deleted)

      ***** LEVEL  1 WARNING FROM <RTFRDR> *****
      ***** Residue already exists.
      ******************************************
      BOMLEV (  0) IS NOT REACHED. WRNLEV IS  5

          RESI PRPA        0.00
*** WARNING **** residue IBUT already exists (old one deleted)

      ***** LEVEL  1 WARNING FROM <RTFRDR> *****
      ***** Residue already exists.
      ******************************************
      BOMLEV (  0) IS NOT REACHED. WRNLEV IS  5

          RESI IBUT        0.00
*** WARNING **** residue OCOH already exists (old one deleted)

      ***** LEVEL  1 WARNING FROM <RTFRDR> *****
      ***** Residue already exists.
      ******************************************
      BOMLEV (  0) IS NOT REACHED. WRNLEV IS  5

          RESI OCOH    0.0
*** WARNING **** residue CO3  already exists (old one deleted)

      ***** LEVEL  1 WARNING FROM <RTFRDR> *****
      ***** Residue already exists.
      ******************************************
      BOMLEV (  0) IS NOT REACHED. WRNLEV IS  5

          RESI CO3  -2.0
*** WARNING **** residue C3   already exists (old one deleted)

      ***** LEVEL  1 WARNING FROM <RTFRDR> *****
      ***** Residue already exists.
      ******************************************
      BOMLEV (  0) IS NOT REACHED. WRNLEV IS  5

          RESI C3    0.00
 There were  42 warning(s) from RTFRDR.
  
 CHARMM>     
  
 CHARMM>    read para card flex append

          PARAMETER FILE BEING READ FROM UNIT 98
 RDTITL>  
 RDTITL> No title read.
 PARMIO> NONBOND, HBOND lists and IMAGE atoms cleared.
  
 CHARMM>     
  
 CHARMM>    return
 VCLOSE: Closing unit   98 with status "KEEP"

                    RETURNING TO INPUT STREAM    99
  
 CHARMM>    stream toppar/toppar_all36_prot_modify_res.str
 VOPEN> Attempting to open::toppar/toppar_all36_prot_modify_res.str::
 OPNLGU> Unit 98 opened for READONLY access to toppar/toppar_all36_prot_modify_res.str

                    INPUT STREAM SWITCHING TO UNIT    98
 RDTITL> * TOPPAR FILE FOR VARIOUS MODIFIED RESIDUES AND PATCHES, INCLUDING
 RDTITL> * PATCHES TO COVALENTLY LINK RESIDUES TO IONS TO WORK WITH THE
 RDTITL> * ADDITIVE C36 PROTEIN FORCE FIELD
 RDTITL> * REQUIRES CGENFF PARAMETER FILE
 RDTITL> *
 Parameter: IN1 <- "" <empty>
  
 CHARMM>     
  
 CHARMM>    !Acetyllysine (ALY)
 CHARMM>    !Norleucine (NLE) and
 CHARMM>    ! residues and patches for Zn-protein interactions modeled using
 CHARMM>    ! bond and angles between the protein and Zn.
 CHARMM>     
  
 CHARMM>    !non-standard amino acids: 2021
 CHARMM>    !Croitoru, A., Park, S.-J., Kumar, A., Lee, J., Im, Wonpil; MacKerell,
 CHARMM>    !A.D., Jr., and Aleksandrov, A. Additive CHARMM36 Force Field for
 CHARMM>    !Nonstandard Amino Acids, Journal of Chemical Theory and Computation,
 CHARMM>    !17:3554-3570, doi: 10.1021/acs.jctc.1c00254.
 CHARMM>     
  
 CHARMM>    read rtf card append
 MAINIO> Residue topology file being read from unit  98.
 RDTITL> * TOPPAR FILE PROTEIN MODIFICATIONS
 RDTITL> *
*** WARNING **** residue CGU  already exists (old one deleted)

      ***** LEVEL  1 WARNING FROM <RTFRDR> *****
      ***** Residue already exists.
      ******************************************
      BOMLEV (  0) IS NOT REACHED. WRNLEV IS  5

          RESI CGU              -2.000
*** WARNING **** residue CME  already exists (old one deleted)

      ***** LEVEL  1 WARNING FROM <RTFRDR> *****
      ***** Residue already exists.
      ******************************************
      BOMLEV (  0) IS NOT REACHED. WRNLEV IS  5

          RESI CME               0.000
*** WARNING **** residue HIC  already exists (old one deleted)

      ***** LEVEL  1 WARNING FROM <RTFRDR> *****
      ***** Residue already exists.
      ******************************************
      BOMLEV (  0) IS NOT REACHED. WRNLEV IS  5

          RESI HIC               0.000
*** WARNING **** residue HICP already exists (old one deleted)

      ***** LEVEL  1 WARNING FROM <RTFRDR> *****
      ***** Residue already exists.
      ******************************************
      BOMLEV (  0) IS NOT REACHED. WRNLEV IS  5

          RESI HICP              1.000
*** WARNING **** residue CGUP already exists (old one deleted)

      ***** LEVEL  1 WARNING FROM <RTFRDR> *****
      ***** Residue already exists.
      ******************************************
      BOMLEV (  0) IS NOT REACHED. WRNLEV IS  5

          RESI CGUP             -1.000
 There were   5 warning(s) from RTFRDR.
  
 CHARMM>     
  
 CHARMM>    read para card append flex

          PARAMETER FILE BEING READ FROM UNIT 98
 RDTITL>  
 RDTITL> No title read.
 PARMIO> NONBOND, HBOND lists and IMAGE atoms cleared.
  
 CHARMM>     
  
 CHARMM>    return
 VCLOSE: Closing unit   98 with status "KEEP"

                    RETURNING TO INPUT STREAM    99
  
 CHARMM>     
  
 CHARMM>    ! Additional topologies and parameters for nucleic acids
 CHARMM>    stream toppar/toppar_all36_na_nad_ppi.str
 VOPEN> Attempting to open::toppar/toppar_all36_na_nad_ppi.str::
 OPNLGU> Unit 98 opened for READONLY access to toppar/toppar_all36_na_nad_ppi.str

                    INPUT STREAM SWITCHING TO UNIT    98
 RDTITL> * CHARMM36 ALL-HYDROGEN NUCLEIC ACID FORCE TOPPAR STREAM FILE
 RDTITL> * NAD+, NADH, ADP, ATP, PPI AND RELATED ANALOGS
 RDTITL> * A.D. MACKERELL, JR., JULY 2001
 RDTITL> * STREAM FOLLOWING RTF AND PARAM READ OF
 RDTITL> *
 Parameter: IN1 <- "" <empty>
  
 CHARMM>     
  
 CHARMM>    !Update, 2015/1, nomenclature for NAD+ etc. consistent with PDB
 CHARMM>     
  
 CHARMM>    !Parent files that have to be read prior to streaming this file
 CHARMM>    !top_all36_na.rtf
 CHARMM>    !par_all36_na.prm
 CHARMM>     
  
 CHARMM>    !Testcase
 CHARMM>    !test_all36_na_nad_ppi.inp
 CHARMM>     
  
 CHARMM>    !Reference
 CHARMM>    !Pavelites, J.J., Bash, P.A., Gao, J., and MacKerell, Jr.,
 CHARMM>    !A.D. A Molecular Mechanics Force Field for NAD+, NADH and the
 CHARMM>    !Pyrophosphate Groups of Nucleotides, Journal of Computational
 CHARMM>    !Chemistry, 1997, 18: 221-239.
 CHARMM>     
  
 CHARMM>    read rtf card append
 MAINIO> Residue topology file being read from unit  98.
 RDTITL> * NAD, PPI TOPOLOGY
 RDTITL> *
*** WARNING **** residue NIC  already exists (old one deleted)

      ***** LEVEL  1 WARNING FROM <RTFRDR> *****
      ***** Residue already exists.
      ******************************************
      BOMLEV (  0) IS NOT REACHED. WRNLEV IS  5

          RESI NIC         1.00
*** WARNING **** residue NICH already exists (old one deleted)

      ***** LEVEL  1 WARNING FROM <RTFRDR> *****
      ***** Residue already exists.
      ******************************************
      BOMLEV (  0) IS NOT REACHED. WRNLEV IS  5

          RESI NICH         0.00
*** WARNING **** residue PPI1 already exists (old one deleted)

      ***** LEVEL  1 WARNING FROM <RTFRDR> *****
      ***** Residue already exists.
      ******************************************
      BOMLEV (  0) IS NOT REACHED. WRNLEV IS  5

          RESI PPI1        -3.00
*** WARNING **** residue PPI2 already exists (old one deleted)

      ***** LEVEL  1 WARNING FROM <RTFRDR> *****
      ***** Residue already exists.
      ******************************************
      BOMLEV (  0) IS NOT REACHED. WRNLEV IS  5

          RESI PPI2        -2.00
*** WARNING **** residue AMP  already exists (old one deleted)

      ***** LEVEL  1 WARNING FROM <RTFRDR> *****
      ***** Residue already exists.
      ******************************************
      BOMLEV (  0) IS NOT REACHED. WRNLEV IS  5

          RESI AMP         -2.00
*** WARNING **** residue ADP  already exists (old one deleted)

      ***** LEVEL  1 WARNING FROM <RTFRDR> *****
      ***** Residue already exists.
      ******************************************
      BOMLEV (  0) IS NOT REACHED. WRNLEV IS  5

          RESI ADP         -3.00
*** WARNING **** residue ATP  already exists (old one deleted)

      ***** LEVEL  1 WARNING FROM <RTFRDR> *****
      ***** Residue already exists.
      ******************************************
      BOMLEV (  0) IS NOT REACHED. WRNLEV IS  5

          RESI ATP         -4.00
*** WARNING **** residue 5DP  already exists (old one deleted)

      ***** LEVEL  1 WARNING FROM <RTFRDR> *****
      ***** Residue already exists.
      ******************************************
      BOMLEV (  0) IS NOT REACHED. WRNLEV IS  5

          PRES 5DP         -3.00
*** WARNING **** residue NAD  already exists (old one deleted)

      ***** LEVEL  1 WARNING FROM <RTFRDR> *****
      ***** Residue already exists.
      ******************************************
      BOMLEV (  0) IS NOT REACHED. WRNLEV IS  5

          RESI NAD         -1.00
*** WARNING **** residue NADH already exists (old one deleted)

      ***** LEVEL  1 WARNING FROM <RTFRDR> *****
      ***** Residue already exists.
      ******************************************
      BOMLEV (  0) IS NOT REACHED. WRNLEV IS  5

          RESI NADH        -2.00
*** WARNING **** residue NADP already exists (old one deleted)

      ***** LEVEL  1 WARNING FROM <RTFRDR> *****
      ***** Residue already exists.
      ******************************************
      BOMLEV (  0) IS NOT REACHED. WRNLEV IS  5

          RESI NADP        -2.00
*** WARNING **** residue NDPH already exists (old one deleted)

      ***** LEVEL  1 WARNING FROM <RTFRDR> *****
      ***** Residue already exists.
      ******************************************
      BOMLEV (  0) IS NOT REACHED. WRNLEV IS  5

          RESI NDPH        -3.00
 There were  12 warning(s) from RTFRDR.
  
 CHARMM>     
  
 CHARMM>    read para card flex append

          PARAMETER FILE BEING READ FROM UNIT 98
 RDTITL> * NAD, PPI PARAMETERS
 RDTITL> *
 PARMIO> NONBOND, HBOND lists and IMAGE atoms cleared.
  
 CHARMM>     
  
 CHARMM>     
  
 VCLOSE: Closing unit   98 with status "KEEP"

                    RETURNING TO INPUT STREAM    99
  
 CHARMM>    stream toppar/toppar_all36_na_rna_modified.str
 VOPEN> Attempting to open::toppar/toppar_all36_na_rna_modified.str::
 OPNLGU> Unit 98 opened for READONLY access to toppar/toppar_all36_na_rna_modified.str

                    INPUT STREAM SWITCHING TO UNIT    98
 RDTITL> * ADDITIVE CHARMM FORCE FIELD FOR MODIFIED RIBONUCLEIC ACIDS, INCLUDING
 RDTITL> * THOSE FOUNDS IN TRNA. YOU XU, KAROLINSKA INSTITUTET, 2015.
 RDTITL> * |
 RDTITL> * WARNING: PARAMETERS AND ATOM TYPE ASSIGNMENTS IN THIS FILE ARE SPECIFIC
 RDTITL> * FOR THESE COMPOUNDS AND SHOULD UNDER NO CIRCUMSTANCES BE APPLIED TO
 RDTITL> * OTHER ORGANIC MOLECULES
 RDTITL> *
 Parameter: IN1 <- "" <empty>
  
 CHARMM>     
  
 CHARMM>    ! Xu, Y., Vanommeslaeghe, K., Aleksandrov, A., MacKerell, A.D.,
 CHARMM>    ! Jr. Nilsson, L., “Additive CHARMM force field for naturally
 CHARMM>    ! occurring modified ribonucleotides,” Journal of Computational
 CHARMM>    !  Chemistry, DOI: 10.1002/jcc.24307, 2016
 CHARMM>     
  
 CHARMM>    ! Should be used with parent files CGenFF: top_all36_cgenff.inp and par_all36_cgenff.inp
 CHARMM>    !                                    NA36: top_all36_na.inp and par_all36_na.inp
 CHARMM>    !                              and Carb36: top_all36_carb.inp and par_all36_carb.inp
 CHARMM>    !
 CHARMM>     
  
 CHARMM>    read rtf card append
 MAINIO> Residue topology file being read from unit  98.
 RDTITL> * TOPOLOGIES OF MODIFIED NUCLEOTIDES
 RDTITL> *
*** WARNING **** residue BUG  already exists (old one deleted)

      ***** LEVEL  1 WARNING FROM <RTFRDR> *****
      ***** Residue already exists.
      ******************************************
      BOMLEV (  0) IS NOT REACHED. WRNLEV IS  5

          RESI BUG           -1.00
 There were   1 warning(s) from RTFRDR.
  
 CHARMM>     
  
 CHARMM>    read param card flex append

          PARAMETER FILE BEING READ FROM UNIT 98
 RDTITL> * ADDITIVE CHARMM PARAMETERS FOR MODIFIED NUCLEIC ACIDS, BETA VERSION
 RDTITL> * YOU XU, KAROLINSKA INSTITUTET, 2015.
 RDTITL> *
 PARMIO> NONBOND, HBOND lists and IMAGE atoms cleared.
  
 CHARMM>    RETURN
 VCLOSE: Closing unit   98 with status "KEEP"

                    RETURNING TO INPUT STREAM    99
  
 CHARMM>     
  
 CHARMM>    ! Additional topologies and parameters for lipids
 CHARMM>    stream toppar/toppar_all36_lipid_sphingo.str
 VOPEN> Attempting to open::toppar/toppar_all36_lipid_sphingo.str::
 OPNLGU> Unit 98 opened for READONLY access to toppar/toppar_all36_lipid_sphingo.str

                    INPUT STREAM SWITCHING TO UNIT    98
 RDTITL> * TOPPAR STREAM FOR CERAMIDES AND SPINGOMYELINS; REQUIRES FLEX FORMAT FILES
 RDTITL> * TOP_ALL36_LIPID.RTF AND PAR_ALL36_LIPID.PRM
 RDTITL> *
 Parameter: IN1 <- "" <empty>
  
 CHARMM>     
  
 CHARMM>    ! REFERENCES
 CHARMM>    !
 CHARMM>    ! PSM and SSM Lipids
 CHARMM>    !
 CHARMM>    ! Venable, R. M.; Sodt, A. J.; Rogaski, B.; Rui, H.; Hatcher, E.; MacKerell, A. D.;
 CHARMM>    ! Pastor, R. W.; Klauda, J. B., CHARMM All-Atom Additive Force Field for Sphingomyelin:
 CHARMM>    ! Elucidation of Hydrogen Bonding and of Positive Curvature. Biophys. J. 2014, 107 (1), 134-145
 CHARMM>    !
 CHARMM>    ! Ceramide
 CHARMM>    !
 CHARMM>    ! Submited by Sam Tonddast-Navaei of U. Cincinnati. Advised by Russell Devane
 CHARMM>    ! Tested by Eric Wang of U. Maryland. Advised by Jeffery Klauda
 CHARMM>    !
 CHARMM>    !
 CHARMM>    ! CerAP/Cer6, CerNP/Cer3, and CerEOS/Cer1
 CHARMM>    !
 CHARMM>    ! Wang, E.; Klauda, J. B., Structure and Permeability of Ceramide Bilayers and Multilayers.
 CHARMM>    ! J. Phys. Chem. B., 2019, 123, 11, 2525-2535
 CHARMM>    ! Wang, E.; Klauda, J. B., Molecular Structure of the Long Periodicity Phase in the Stratum Corneum.
 CHARMM>    ! J. Amer. Chem. Soc., 2019. 141, 42, 16930-16943
 CHARMM>     
  
 CHARMM>    set nat ?NATC
 RDCMND substituted energy or value "?NATC" to "570"
 Parameter: NAT <- "570"
  
 CHARMM>    set app
 Parameter: APP <- "" <empty>
  
 CHARMM>    !We're exploiting what is arguably a bug in the parser. On the left hand side,
 CHARMM>    !the quotes have proirity, so NAT is correctly substituted. On the right hand
 CHARMM>    !side, the ? has priority and NATC" (sic) is not a valid substitution...
 CHARMM>    if "@NAT" ne "?NATC" if @nat ne 0 set app append
 Parameter: NAT -> "570"
 Parameter: NAT -> "570"
 RDCMND: can not substitute energy "?NATC""
 Comparing ""570"" and ""?NATC"".
 IF test evaluated as true.  Performing command
 Comparing "570" and "0".
 IF test evaluated as true.  Performing command
 Parameter: APP <- "APPEND"
  
 CHARMM>     
  
 CHARMM>    read rtf card @app
 Parameter: APP -> "APPEND"
 MAINIO> Residue topology file being read from unit  98.
 RDTITL> * CER/SM RESIDUES
 RDTITL> *
  
 CHARMM>     
  
 CHARMM>    read para card flex @app
 Parameter: APP -> "APPEND"

          PARAMETER FILE BEING READ FROM UNIT 98
 RDTITL> * NEW PARAMETERS
 RDTITL> *
 PARRDR> Error: Repeated DIHE parameter ( 14695): NHL   C     CTO1  HAL1 is replaced
 PARRDR> Error: Repeated DIHE parameter ( 14716): O     C     CTO1  HAL1 is replaced
 PARMIO> NONBOND, HBOND lists and IMAGE atoms cleared.
  
 CHARMM>     
  
 CHARMM>    return
 VCLOSE: Closing unit   98 with status "KEEP"

                    RETURNING TO INPUT STREAM    99
  
 CHARMM>    stream toppar/toppar_all36_lipid_archaeal.str
 VOPEN> Attempting to open::toppar/toppar_all36_lipid_archaeal.str::
 OPNLGU> Unit 98 opened for READONLY access to toppar/toppar_all36_lipid_archaeal.str

                    INPUT STREAM SWITCHING TO UNIT    98
 RDTITL> * TOPPAR STREAM FILE FOR ARCHAEAL LIPIDS.
 RDTITL> *
 Parameter: IN1 <- "" <empty>
  
 CHARMM>     
  
 CHARMM>    ! This is an on-going file of archaeal lipids
 CHARMM>    ! I am adding meanquinone-7 now
 CHARMM>     
  
 CHARMM>    read rtf card append
 MAINIO> Residue topology file being read from unit  98.
 RDTITL> * ARCHAEAL LIPIDS
 RDTITL> *
  
 CHARMM>     
  
 CHARMM>    read param card flex append

          PARAMETER FILE BEING READ FROM UNIT 98
 RDTITL> * PARAMETERS GENERATED BY ANALOGY BY CGENFF
 RDTITL> *
 PARMIO> NONBOND, HBOND lists and IMAGE atoms cleared.
  
 CHARMM>     
  
 CHARMM>    RETURN
 VCLOSE: Closing unit   98 with status "KEEP"

                    RETURNING TO INPUT STREAM    99
  
 CHARMM>    stream toppar/toppar_all36_lipid_bacterial.str
 VOPEN> Attempting to open::toppar/toppar_all36_lipid_bacterial.str::
 OPNLGU> Unit 98 opened for READONLY access to toppar/toppar_all36_lipid_bacterial.str

                    INPUT STREAM SWITCHING TO UNIT    98
 RDTITL> * TOPPAR STREAM FILE FOR BRANCHED AND CYCLIC CHAINED LIPIDS.  FOLLOWING READING OF
 RDTITL> * TOP_ALL36_LIPID.RTF
 RDTITL> * AND
 RDTITL> * PAR_ALL36_LIPID.RTF
 RDTITL> *
 Parameter: IN1 <- "" <empty>
  
 CHARMM>     
  
 CHARMM>    ! REFERENCES
 CHARMM>    !
 CHARMM>    ! Branched Lipids
 CHARMM>    !
 CHARMM>    ! Lim, J.B. & Klauda, J.B. Branching at the Iso- and Anteiso- Positions in Complex Chlamydia
 CHARMM>    ! Membranes: A Molecular Dynamics Study. Biochimica et Biophysica Acta (BBA) - Biomembranes
 CHARMM>    ! 1808:323-331 (2011).
 CHARMM>    !
 CHARMM>    ! Cyclic-replacement of double bond
 CHARMM>    !
 CHARMM>    ! Pandit, K.R. & Klauda, J.B. Membrane models of E. coli containing cyclic moieties in
 CHARMM>    ! the aliphatic lipid chain. Biochimica et Biophysica Acta (BBA) - Biomembranes
 CHARMM>    ! 1818:1205-1210 (2012).
 CHARMM>    !
 CHARMM>     
  
 CHARMM>    set nat ?NATC
 RDCMND substituted energy or value "?NATC" to "575"
 Parameter: NAT <- "575"
  
 CHARMM>    set app
 Parameter: APP <- "" <empty>
  
 CHARMM>    !We're exploiting what is arguably a bug in the parser. On the left hand side,
 CHARMM>    !the quotes have proirity, so NAT is correctly substituted. On the right hand
 CHARMM>    !side, the ? has priority and NATC" (sic) is not a valid substitution...
 CHARMM>    if "@NAT" ne "?NATC" if @nat ne 0 set app append
 Parameter: NAT -> "575"
 Parameter: NAT -> "575"
 RDCMND: can not substitute energy "?NATC""
 Comparing ""575"" and ""?NATC"".
 IF test evaluated as true.  Performing command
 Comparing "575" and "0".
 IF test evaluated as true.  Performing command
 Parameter: APP <- "APPEND"
  
 CHARMM>     
  
 CHARMM>    read rtf card @app
 Parameter: APP -> "APPEND"
 MAINIO> Residue topology file being read from unit  98.
 RDTITL> * CHOLESTEROL RESIDUES
 RDTITL> *
  
 CHARMM>     
  
 CHARMM>    read para card flex @app
 Parameter: APP -> "APPEND"

          PARAMETER FILE BEING READ FROM UNIT 98
 RDTITL> * NEW PARAMETERS
 RDTITL> *
 PARMIO> NONBOND, HBOND lists and IMAGE atoms cleared.
  
 CHARMM>     
  
 CHARMM>    return
 VCLOSE: Closing unit   98 with status "KEEP"

                    RETURNING TO INPUT STREAM    99
  
 CHARMM>    stream toppar/toppar_all36_lipid_cardiolipin.str
 VOPEN> Attempting to open::toppar/toppar_all36_lipid_cardiolipin.str::
 OPNLGU> Unit 98 opened for READONLY access to toppar/toppar_all36_lipid_cardiolipin.str

                    INPUT STREAM SWITCHING TO UNIT    98
 RDTITL> READ RTF CARD APPEND FLEX
 RDTITL> No title read.
 Parameter: IN1 <- "" <empty>
  
 CHARMM>    read rtf card append flex
 MAINIO> Residue topology file being read from unit  98.
 RDTITL>  
 RDTITL> No title read.
 WARNING from DECODI -- Zero length string being converted to 0
 RTFRDR> WARNING: Version number is NOT specified.
  
 CHARMM>     
  
 CHARMM>    return
 VCLOSE: Closing unit   98 with status "KEEP"

                    RETURNING TO INPUT STREAM    99
  
 CHARMM>    stream toppar/toppar_all36_lipid_cholesterol.str
 VOPEN> Attempting to open::toppar/toppar_all36_lipid_cholesterol.str::
 OPNLGU> Unit 98 opened for READONLY access to toppar/toppar_all36_lipid_cholesterol.str

                    INPUT STREAM SWITCHING TO UNIT    98
 RDTITL> * TOPPAR STREAM FILE FOR CHOLESTEROL.  STREAM FOLLOWING READING OF
 RDTITL> * TOP_ALL36_LIPID.RTF
 RDTITL> * PAR_ALL36_LIPID.RTF
 RDTITL> * TOP_ALL36_CGENFF.RTF
 RDTITL> * AND PAR_ALL36_CGENFF.PRM
 RDTITL> *
 Parameter: IN1 <- "" <empty>
  
 CHARMM>     
  
 CHARMM>    !topology and parameters are included for two cholesterol models. the
 CHARMM>    !model may be selected by setting variable chol_model to 1 or 2, as
 CHARMM>    !specified below
 CHARMM>    !
 CHARMM>     
  
 CHARMM>    set chol_model 1 !2 for original Suits et al. model
 Parameter: CHOL_MODEL <- "1"
  
 CHARMM>     
  
 CHARMM>    !
 CHARMM>    !1) Revised model of Lim et al.  This contains a number of NBFIXes that
 CHARMM>    !makes it unsuitable for ANTON (set chol_model 1)
 CHARMM>    !
 CHARMM>    !2) Original model of Suits et al., which is used on ANTON as well as
 CHARMM>    !being suitable for other systems (set chol_model 2 (or anything but 1....))
 CHARMM>    !
 CHARMM>    !references
 CHARMM>    !
 CHARMM>    !Lim, J.B., Rogaski, B. and Klauda, J.B.. "Update of the Cholesterol Force Field
 CHARMM>    !Parameters in CHARMM" 116: 203-210 (2012).
 CHARMM>    !
 CHARMM>    !Suits, F., Pitman, M., MacKerell, A.D., Jr., Feller, S.E. "Molecular Level
 CHARMM>    !Organization of Saturated and Polyunsaturated Fatty Acids in a
 CHARMM>    !Phosphatidylcholine Bilayer Containing Cholesterol" Biochemistry,
 CHARMM>    !43(49):15318-28, 2004
 CHARMM>    !
 CHARMM>     
  
 CHARMM>    !test "append"
 CHARMM>    set nat ?NATC
 RDCMND substituted energy or value "?NATC" to "575"
 Parameter: NAT <- "575"
  
 CHARMM>    set app
 Parameter: APP <- "" <empty>
  
 CHARMM>    !We're exploiting what is arguably a bug in the parser. On the left hand side,
 CHARMM>    !the quotes have priority, so NAT is correctly substituted. On the right hand
 CHARMM>    !side, the ? has priority and NATC" (sic) is not a valid substitution...
 CHARMM>    if "@NAT" ne "?NATC" if @nat ne 0 set app append
 Parameter: NAT -> "575"
 Parameter: NAT -> "575"
 RDCMND: can not substitute energy "?NATC""
 Comparing ""575"" and ""?NATC"".
 IF test evaluated as true.  Performing command
 Comparing "575" and "0".
 IF test evaluated as true.  Performing command
 Parameter: APP <- "APPEND"
  
 CHARMM>     
  
 CHARMM>    if chol_model eq 1 then
 Comparing "1" and "1".
 IF test evaluated as true.  Performing command
  
 CHARMM>     
  
 CHARMM>    ! reference
 CHARMM>    ! Lim, J.B., Rogaski, B. and Klauda, J.B.. "Update of the Cholesterol Force Field
 CHARMM>    ! Parameters in CHARMM" 116: 203-210 (2012).
 CHARMM>    !
 CHARMM>     
  
 CHARMM>    read rtf card @app
 Parameter: APP -> "APPEND"
 MAINIO> Residue topology file being read from unit  98.
 RDTITL> * TOPOLOGY FOR CHOLESTEROL
 RDTITL> *
  
 CHARMM>     
  
 CHARMM>    read param card flex @app
 Parameter: APP -> "APPEND"

          PARAMETER FILE BEING READ FROM UNIT 98
 RDTITL> * CHOLESTEROL PARAMETERS
 RDTITL> *
 PARRDR> Error: Repeated DIHE parameter ( 15055): OG31  CG30  CG3C  CG3C is replaced
 PARRDR> Error: Repeated DIHE parameter ( 15056): OG31  CG30  CG3C  CG3R is replaced
 PARRDR> Error: Repeated DIHE parameter ( 15057): OG31  CG30  CG3C  HGA1 is replaced
 PARRDR> Error: Repeated DIHE parameter ( 15055): OG31  CG30  CG3C  CG3C is replaced
 PARRDR> Error: Repeated DIHE parameter ( 15056): OG31  CG30  CG3C  CG3R is replaced
 PARRDR> Error: Repeated DIHE parameter ( 15057): OG31  CG30  CG3C  HGA1 is replaced
 PARMIO> NONBOND, HBOND lists and IMAGE atoms cleared.
  
 CHARMM>     
  
 CHARMM>    return
 VCLOSE: Closing unit   98 with status "KEEP"

                    RETURNING TO INPUT STREAM    99
  
 CHARMM>    stream toppar/toppar_all36_lipid_dag.str
 VOPEN> Attempting to open::toppar/toppar_all36_lipid_dag.str::
 OPNLGU> Unit 98 opened for READONLY access to toppar/toppar_all36_lipid_dag.str

                    INPUT STREAM SWITCHING TO UNIT    98
 RDTITL> READ RTF CARD APPEND
 RDTITL> No title read.
 Parameter: IN1 <- "" <empty>
  
 CHARMM>    read rtf card append
 MAINIO> Residue topology file being read from unit  98.
 RDTITL> * TOPOLOGY FOR LIPIDA FROM DAG
 RDTITL> *
  
 VCLOSE: Closing unit   98 with status "KEEP"

                    RETURNING TO INPUT STREAM    99
  
 CHARMM>    stream toppar/toppar_all36_lipid_inositol.str
 VOPEN> Attempting to open::toppar/toppar_all36_lipid_inositol.str::
 OPNLGU> Unit 98 opened for READONLY access to toppar/toppar_all36_lipid_inositol.str

                    INPUT STREAM SWITCHING TO UNIT    98
 RDTITL> READ RTF CARD APPEND
 RDTITL> No title read.
 Parameter: IN1 <- "" <empty>
  
 CHARMM>    read rtf card append
 MAINIO> Residue topology file being read from unit  98.
 RDTITL> * TOPOLOGY FOR INOSITOL-BASED LIPIDS
 RDTITL> *
  
 CHARMM>     
  
 CHARMM>    RETURN
 VCLOSE: Closing unit   98 with status "KEEP"

                    RETURNING TO INPUT STREAM    99
  
 CHARMM>    stream toppar/toppar_all36_lipid_lnp.str
 VOPEN> Attempting to open::toppar/toppar_all36_lipid_lnp.str::
 OPNLGU> Unit 98 opened for READONLY access to toppar/toppar_all36_lipid_lnp.str

                    INPUT STREAM SWITCHING TO UNIT    98
 RDTITL> READ RTF CARD APPEND
 RDTITL> No title read.
 Parameter: IN1 <- "" <empty>
  
 CHARMM>    read rtf card append
 MAINIO> Residue topology file being read from unit  98.
 RDTITL> * LNP
 RDTITL> *

      ***** LEVEL  1 WARNING FROM <DECODF> *****
      ***** Zero length string
      ******************************************
      BOMLEV (  0) IS NOT REACHED. WRNLEV IS  5

 WARNING from DECODF -- Zero length string being converted to 0.
 **** WARNING from RTFRDR **** The total charge of the residue, DAGP,  -0.0100000,
 does not equal the expected charge,   0.0000000.

      ***** LEVEL  1 WARNING FROM <DECODF> *****
      ***** Zero length string
      ******************************************
      BOMLEV (  0) IS NOT REACHED. WRNLEV IS  5

 WARNING from DECODF -- Zero length string being converted to 0.
          PRES DPEPEG
 **** WARNING from RTFRDR **** The total charge of the residue, DPEP,  -0.0100000,
 does not equal the expected charge,   0.0000000.
 There were   2 warning(s) from RTFRDR.
  
 CHARMM>     
  
 CHARMM>    read param card flex append

          PARAMETER FILE BEING READ FROM UNIT 98
 RDTITL> * LNP
 RDTITL> *
 PARMIO> NONBOND, HBOND lists and IMAGE atoms cleared.
  
 CHARMM>     
  
 CHARMM>    RETURN
 VCLOSE: Closing unit   98 with status "KEEP"

                    RETURNING TO INPUT STREAM    99
  
 CHARMM>    stream toppar/toppar_all36_lipid_lps.str
 VOPEN> Attempting to open::toppar/toppar_all36_lipid_lps.str::
 OPNLGU> Unit 98 opened for READONLY access to toppar/toppar_all36_lipid_lps.str

                    INPUT STREAM SWITCHING TO UNIT    98
 RDTITL> READ RTF CARD APPEND
 RDTITL> No title read.
 Parameter: IN1 <- "" <empty>
  
 CHARMM>    read rtf card append
 MAINIO> Residue topology file being read from unit  98.
 RDTITL> * TOPOLOGY FOR LIPIDA FROM LPS
 RDTITL> *
 WARNING from DECODI -- Zero length string being converted to 0
 RTFRDR> WARNING: Version number is NOT specified.
  
 CHARMM>     
  
 CHARMM>     
  
 CHARMM>    read param card append flex

          PARAMETER FILE BEING READ FROM UNIT 98
 RDTITL> *    NEW PARAMETES
 RDTITL> *
 PARMIO> NONBOND, HBOND lists and IMAGE atoms cleared.
  
 CHARMM>     
  
 VCLOSE: Closing unit   98 with status "KEEP"

                    RETURNING TO INPUT STREAM    99
  
 CHARMM>    stream toppar/toppar_all36_lipid_mycobacterial.str
 VOPEN> Attempting to open::toppar/toppar_all36_lipid_mycobacterial.str::
 OPNLGU> Unit 98 opened for READONLY access to toppar/toppar_all36_lipid_mycobacterial.str

                    INPUT STREAM SWITCHING TO UNIT    98
 RDTITL> * TOPPAR STREAM FILE FOR BRANCHED AND CYCLIC CHAINED LIPIDS.  FOLLOWING READING OF
 RDTITL> * TOP_ALL36_LIPID.RTF, PAR_ALL36_LIPID.PRM
 RDTITL> * AND
 RDTITL> * TOPPAR_ALL36_LIPID_BACTERIAL.STR
 RDTITL> *
 Parameter: IN1 <- "" <empty>
  
 CHARMM>     
  
 CHARMM>    read rtf card append
 MAINIO> Residue topology file being read from unit  98.
 RDTITL> * CHOLESTEROL RESIDUES
 RDTITL> *
  
 CHARMM>     
  
 CHARMM>    read para card flex @app
 Parameter: APP -> "APPEND"

          PARAMETER FILE BEING READ FROM UNIT 98
 RDTITL> * NEW PARAMETERS
 RDTITL> *
 PARRDR> Error: Repeated ANGLE parameter (  4989): CEL1  CEL1  CTL1 is replaced
 PARRDR> Error: Repeated DIHE parameter ( 15289): CTL2  CG2O  CTL1  CTL3 is replaced
 PARRDR> Error: Repeated DIHE parameter ( 15290): CTL2  CG2O  CTL1  CTL3 is replaced
 PARRDR> Error: Repeated DIHE parameter ( 15289): CTL2  CG2O  CTL1  CTL3 is replaced
 PARRDR> Error: Repeated DIHE parameter ( 15290): CTL2  CG2O  CTL1  CTL3 is replaced
 PARMIO> NONBOND, HBOND lists and IMAGE atoms cleared.
  
 CHARMM>     
  
 CHARMM>    RETURN
 VCLOSE: Closing unit   98 with status "KEEP"

                    RETURNING TO INPUT STREAM    99
  
 CHARMM>    stream toppar/toppar_all36_lipid_miscellaneous.str
 VOPEN> Attempting to open::toppar/toppar_all36_lipid_miscellaneous.str::
 OPNLGU> Unit 98 opened for READONLY access to toppar/toppar_all36_lipid_miscellaneous.str

                    INPUT STREAM SWITCHING TO UNIT    98
 RDTITL> READ RTF CARD APPEND FLEX
 RDTITL> No title read.
 Parameter: IN1 <- "" <empty>
  
 CHARMM>    read rtf card append flex
 MAINIO> Residue topology file being read from unit  98.
 RDTITL> * TOPOLOGY FOR MISCELLANEOUS LIPIDS
 RDTITL> *
  
 CHARMM>     
  
 CHARMM>    read param card flex append

          PARAMETER FILE BEING READ FROM UNIT 98
 RDTITL> * PARAMETER FOR ACYL PYROPHOSPHATE: ADDED 2019_7
 RDTITL> *
 PARMIO> NONBOND, HBOND lists and IMAGE atoms cleared.
  
 CHARMM>     
  
 CHARMM>    return
 VCLOSE: Closing unit   98 with status "KEEP"

                    RETURNING TO INPUT STREAM    99
  
 CHARMM>    stream toppar/toppar_all36_lipid_model.str
 VOPEN> Attempting to open::toppar/toppar_all36_lipid_model.str::
 OPNLGU> Unit 98 opened for READONLY access to toppar/toppar_all36_lipid_model.str

                    INPUT STREAM SWITCHING TO UNIT    98
 RDTITL> * CHARMM36 ALL-HYDROGEN LIPID FORCE FIELD TOPPAR STREAM FILE
 RDTITL> * COLLECTION OF RESIDUES AND PATCHES FOR MODEL COMPOUNDS USED
 RDTITL> * IN THE OPTIMIZATION THE LIPID FORCE FIELD.
 RDTITL> *
 Parameter: IN1 <- "" <empty>
  
 CHARMM>     
  
 CHARMM>    !Parent files that have to be read prior to streaming this file
 CHARMM>    !top_all36_lipid.rtf
 CHARMM>    !par_all36_lipid.prm
 CHARMM>     
  
 CHARMM>    !Testcase
 CHARMM>    !test_all36_lipid_model.inp
 CHARMM>     
  
 CHARMM>    read rtf card append
 MAINIO> Residue topology file being read from unit  98.
 RDTITL> * C36 LIPID MODEL COMPOUNDS
 RDTITL> *
*** WARNING **** residue MAS  already exists (old one deleted)

      ***** LEVEL  1 WARNING FROM <RTFRDR> *****
      ***** Residue already exists.
      ******************************************
      BOMLEV (  0) IS NOT REACHED. WRNLEV IS  5

          RESI MAS          0.00
*** WARNING **** residue ETAC already exists (old one deleted)

      ***** LEVEL  1 WARNING FROM <RTFRDR> *****
      ***** Residue already exists.
      ******************************************
      BOMLEV (  0) IS NOT REACHED. WRNLEV IS  5

          RESI ETAC         0.00
*** WARNING **** residue MPRO already exists (old one deleted)

      ***** LEVEL  1 WARNING FROM <RTFRDR> *****
      ***** Residue already exists.
      ******************************************
      BOMLEV (  0) IS NOT REACHED. WRNLEV IS  5

          RESI MPRO         0.00
*** WARNING **** residue MP_1 already exists (old one deleted)

      ***** LEVEL  1 WARNING FROM <RTFRDR> *****
      ***** Residue already exists.
      ******************************************
      BOMLEV (  0) IS NOT REACHED. WRNLEV IS  5

          RESI MP_1        -1.00
*** WARNING **** residue MP_2 already exists (old one deleted)

      ***** LEVEL  1 WARNING FROM <RTFRDR> *****
      ***** Residue already exists.
      ******************************************
      BOMLEV (  0) IS NOT REACHED. WRNLEV IS  5

          RESI MP_2        -2.00
*** WARNING **** residue MSO4 already exists (old one deleted)

      ***** LEVEL  1 WARNING FROM <RTFRDR> *****
      ***** Residue already exists.
      ******************************************
      BOMLEV (  0) IS NOT REACHED. WRNLEV IS  5

          RESI MSO4        -1.00
*** WARNING **** residue BUTA already exists (old one deleted)

      ***** LEVEL  1 WARNING FROM <RTFRDR> *****
      ***** Residue already exists.
      ******************************************
      BOMLEV (  0) IS NOT REACHED. WRNLEV IS  5

          RESI BUTA         0.00
*** WARNING **** residue PENT already exists (old one deleted)

      ***** LEVEL  1 WARNING FROM <RTFRDR> *****
      ***** Residue already exists.
      ******************************************
      BOMLEV (  0) IS NOT REACHED. WRNLEV IS  5

          RESI PENT         0.00
*** WARNING **** residue HEXA already exists (old one deleted)

      ***** LEVEL  1 WARNING FROM <RTFRDR> *****
      ***** Residue already exists.
      ******************************************
      BOMLEV (  0) IS NOT REACHED. WRNLEV IS  5

          RESI HEXA         0.00
*** WARNING **** residue ETHE already exists (old one deleted)

      ***** LEVEL  1 WARNING FROM <RTFRDR> *****
      ***** Residue already exists.
      ******************************************
      BOMLEV (  0) IS NOT REACHED. WRNLEV IS  5

          RESI ETHE       0.00
*** WARNING **** residue PRPE already exists (old one deleted)

      ***** LEVEL  1 WARNING FROM <RTFRDR> *****
      ***** Residue already exists.
      ******************************************
      BOMLEV (  0) IS NOT REACHED. WRNLEV IS  5

          RESI PRPE       0.00
*** WARNING **** residue BTE1 already exists (old one deleted)

      ***** LEVEL  1 WARNING FROM <RTFRDR> *****
      ***** Residue already exists.
      ******************************************
      BOMLEV (  0) IS NOT REACHED. WRNLEV IS  5

          RESI BTE1       0.00
*** WARNING **** residue BTE2 already exists (old one deleted)

      ***** LEVEL  1 WARNING FROM <RTFRDR> *****
      ***** Residue already exists.
      ******************************************
      BOMLEV (  0) IS NOT REACHED. WRNLEV IS  5

          RESI BTE2       0.00
*** WARNING **** residue DIPE already exists (old one deleted)

      ***** LEVEL  1 WARNING FROM <RTFRDR> *****
      ***** Residue already exists.
      ******************************************
      BOMLEV (  0) IS NOT REACHED. WRNLEV IS  5

          RESI DIPE       0.00
*** WARNING **** residue DIHE already exists (old one deleted)

      ***** LEVEL  1 WARNING FROM <RTFRDR> *****
      ***** Residue already exists.
      ******************************************
      BOMLEV (  0) IS NOT REACHED. WRNLEV IS  5

          RESI DIHE       0.00
*** WARNING **** residue NC4  already exists (old one deleted)

      ***** LEVEL  1 WARNING FROM <RTFRDR> *****
      ***** Residue already exists.
      ******************************************
      BOMLEV (  0) IS NOT REACHED. WRNLEV IS  5

          RESI NC4          1.00
*** WARNING **** residue NC5  already exists (old one deleted)

      ***** LEVEL  1 WARNING FROM <RTFRDR> *****
      ***** Residue already exists.
      ******************************************
      BOMLEV (  0) IS NOT REACHED. WRNLEV IS  5

          RESI NC5          1.00
*** WARNING **** residue CHOL already exists (old one deleted)

      ***** LEVEL  1 WARNING FROM <RTFRDR> *****
      ***** Residue already exists.
      ******************************************
      BOMLEV (  0) IS NOT REACHED. WRNLEV IS  5

          RESI CHOL         1.00
*** WARNING **** residue ACHO already exists (old one deleted)

      ***** LEVEL  1 WARNING FROM <RTFRDR> *****
      ***** Residue already exists.
      ******************************************
      BOMLEV (  0) IS NOT REACHED. WRNLEV IS  5

          RESI ACHO         1.00
*** WARNING **** residue PC   already exists (old one deleted)

      ***** LEVEL  1 WARNING FROM <RTFRDR> *****
      ***** Residue already exists.
      ******************************************
      BOMLEV (  0) IS NOT REACHED. WRNLEV IS  5

          RESI PC           0.00
*** WARNING **** residue GPC  already exists (old one deleted)

      ***** LEVEL  1 WARNING FROM <RTFRDR> *****
      ***** Residue already exists.
      ******************************************
      BOMLEV (  0) IS NOT REACHED. WRNLEV IS  5

          RESI GPC          0.00
*** WARNING **** residue TEA  already exists (old one deleted)

      ***** LEVEL  1 WARNING FROM <RTFRDR> *****
      ***** Residue already exists.
      ******************************************
      BOMLEV (  0) IS NOT REACHED. WRNLEV IS  5

          RESI TEA          1.00
*** WARNING **** residue ETAM already exists (old one deleted)

      ***** LEVEL  1 WARNING FROM <RTFRDR> *****
      ***** Residue already exists.
      ******************************************
      BOMLEV (  0) IS NOT REACHED. WRNLEV IS  5

          RESI ETAM       1.00
*** WARNING **** residue GLYC already exists (old one deleted)

      ***** LEVEL  1 WARNING FROM <RTFRDR> *****
      ***** Residue already exists.
      ******************************************
      BOMLEV (  0) IS NOT REACHED. WRNLEV IS  5

          RESI GLYC         0.00
*** WARNING **** residue MBUT already exists (old one deleted)

      ***** LEVEL  1 WARNING FROM <RTFRDR> *****
      ***** Residue already exists.
      ******************************************
      BOMLEV (  0) IS NOT REACHED. WRNLEV IS  5

          RESI MBUT         0.00
 There were  25 warning(s) from RTFRDR.
  
 CHARMM>     
  
 CHARMM>    return
 VCLOSE: Closing unit   98 with status "KEEP"

                    RETURNING TO INPUT STREAM    99
  
 CHARMM>    stream toppar/toppar_all36_lipid_prot.str
 VOPEN> Attempting to open::toppar/toppar_all36_lipid_prot.str::
 OPNLGU> Unit 98 opened for READONLY access to toppar/toppar_all36_lipid_prot.str

                    INPUT STREAM SWITCHING TO UNIT    98
 RDTITL> * TOPOLOGY AND PARAMETERS FOR LIPID TAIL LINKERS TO CYSTEINE AND GLYCINE,
 RDTITL> * FOR EXAMPLE, PALMITOYLATION, MARISTOYLATION, FERNASYLATION, GERANYLATION
 RDTITL> *
 Parameter: IN1 <- "" <empty>
  
 CHARMM>     
  
 CHARMM>    read rtf card append
 MAINIO> Residue topology file being read from unit  98.
 RDTITL> * LIPID-MODIFIED PROTEIN RESIDUES
 RDTITL> *
  
 CHARMM>     
  
 CHARMM>    read para card append flex

          PARAMETER FILE BEING READ FROM UNIT 98
 RDTITL> * CYSTEIN-PALMITATE PARAMETERS
 RDTITL> *
 PARMIO> NONBOND, HBOND lists and IMAGE atoms cleared.
  
 CHARMM>     
  
 CHARMM>    return
 VCLOSE: Closing unit   98 with status "KEEP"

                    RETURNING TO INPUT STREAM    99
  
 CHARMM>    stream toppar/toppar_all36_lipid_tag.str
 VOPEN> Attempting to open::toppar/toppar_all36_lipid_tag.str::
 OPNLGU> Unit 98 opened for READONLY access to toppar/toppar_all36_lipid_tag.str

                    INPUT STREAM SWITCHING TO UNIT    98
 RDTITL> READ RTF CARD APPEND
 RDTITL> No title read.
 Parameter: IN1 <- "" <empty>
  
 CHARMM>    read rtf card append
 MAINIO> Residue topology file being read from unit  98.
 RDTITL> * TOPOLOGY FOR TRIACYLGLYCEROLS [STEPHEN GEE FROM LEHIGH UNIVERSITY]
 RDTITL> *
  
 VCLOSE: Closing unit   98 with status "KEEP"

                    RETURNING TO INPUT STREAM    99
  
 CHARMM>    stream toppar/toppar_all36_lipid_yeast.str
 VOPEN> Attempting to open::toppar/toppar_all36_lipid_yeast.str::
 OPNLGU> Unit 98 opened for READONLY access to toppar/toppar_all36_lipid_yeast.str

                    INPUT STREAM SWITCHING TO UNIT    98
 RDTITL> * TOPPAR STREAM FILE FOR BRANCHED AND CYCLIC CHAINED LIPIDS.  FOLLOWING READING OF
 RDTITL> * TOP_ALL36_LIPID.RTF
 RDTITL> * AND
 RDTITL> * PAR_ALL36_LIPID.RTF
 RDTITL> *
 Parameter: IN1 <- "" <empty>
  
 CHARMM>     
  
 CHARMM>    set nat ?NATC
 RDCMND substituted energy or value "?NATC" to "575"
 Parameter: NAT <- "575"
  
 CHARMM>    set app
 Parameter: APP <- "" <empty>
  
 CHARMM>    !We're exploiting what is arguably a bug in the parser. On the left hand side,
 CHARMM>    !the quotes have proirity, so NAT is correctly substituted. On the right hand
 CHARMM>    !side, the ? has priority and NATC" (sic) is not a valid substitution...
 CHARMM>    if "@NAT" ne "?NATC" if @nat ne 0 set app append
 Parameter: NAT -> "575"
 Parameter: NAT -> "575"
 RDCMND: can not substitute energy "?NATC""
 Comparing ""575"" and ""?NATC"".
 IF test evaluated as true.  Performing command
 Comparing "575" and "0".
 IF test evaluated as true.  Performing command
 Parameter: APP <- "APPEND"
  
 CHARMM>     
  
 CHARMM>    read rtf card @app
 Parameter: APP -> "APPEND"
 MAINIO> Residue topology file being read from unit  98.
 RDTITL> * CHOLESTEROL RESIDUES
 RDTITL> *
  
 CHARMM>     
  
 CHARMM>    read para card flex @app
 Parameter: APP -> "APPEND"

          PARAMETER FILE BEING READ FROM UNIT 98
 RDTITL> * NEW PARAMETERS
 RDTITL> *
 PARMIO> NONBOND, HBOND lists and IMAGE atoms cleared.
  
 CHARMM>     
  
 CHARMM>    return
 VCLOSE: Closing unit   98 with status "KEEP"

                    RETURNING TO INPUT STREAM    99
  
 CHARMM>    stream toppar/toppar_all36_lipid_hmmm.str
 VOPEN> Attempting to open::toppar/toppar_all36_lipid_hmmm.str::
 OPNLGU> Unit 98 opened for READONLY access to toppar/toppar_all36_lipid_hmmm.str

                    INPUT STREAM SWITCHING TO UNIT    98
 RDTITL> READ RTF CARD APPEND FLEX
 RDTITL> No title read.
 Parameter: IN1 <- "" <empty>
  
 CHARMM>    read rtf card append flex
 MAINIO> Residue topology file being read from unit  98.
 RDTITL> * TOPOLOGY FOR TERMINAL PATCHES FOR HMMM TRUNCATED LIPIDS
 RDTITL> *

      ***** LEVEL  1 WARNING FROM <DECODF> *****
      ***** Zero length string
      ******************************************
      BOMLEV (  0) IS NOT REACHED. WRNLEV IS  5

 WARNING from DECODF -- Zero length string being converted to 0.

      ***** LEVEL  1 WARNING FROM <DECODF> *****
      ***** Zero length string
      ******************************************
      BOMLEV (  0) IS NOT REACHED. WRNLEV IS  5

 WARNING from DECODF -- Zero length string being converted to 0.

      ***** LEVEL  1 WARNING FROM <DECODF> *****
      ***** Zero length string
      ******************************************
      BOMLEV (  0) IS NOT REACHED. WRNLEV IS  5

 WARNING from DECODF -- Zero length string being converted to 0.

      ***** LEVEL  1 WARNING FROM <DECODF> *****
      ***** Zero length string
      ******************************************
      BOMLEV (  0) IS NOT REACHED. WRNLEV IS  5

 WARNING from DECODF -- Zero length string being converted to 0.

      ***** LEVEL  1 WARNING FROM <DECODF> *****
      ***** Zero length string
      ******************************************
      BOMLEV (  0) IS NOT REACHED. WRNLEV IS  5

 WARNING from DECODF -- Zero length string being converted to 0.

      ***** LEVEL  1 WARNING FROM <DECODF> *****
      ***** Zero length string
      ******************************************
      BOMLEV (  0) IS NOT REACHED. WRNLEV IS  5

 WARNING from DECODF -- Zero length string being converted to 0.

      ***** LEVEL  1 WARNING FROM <DECODF> *****
      ***** Zero length string
      ******************************************
      BOMLEV (  0) IS NOT REACHED. WRNLEV IS  5

 WARNING from DECODF -- Zero length string being converted to 0.

      ***** LEVEL  1 WARNING FROM <DECODF> *****
      ***** Zero length string
      ******************************************
      BOMLEV (  0) IS NOT REACHED. WRNLEV IS  5

 WARNING from DECODF -- Zero length string being converted to 0.
  
 CHARMM>     
  
 CHARMM>    read para card flex @app
 Parameter: APP -> "APPEND"

          PARAMETER FILE BEING READ FROM UNIT 98
 RDTITL> * NEW PARAMETERS
 RDTITL> *
 PARMIO> NONBOND, HBOND lists and IMAGE atoms cleared.
  
 CHARMM>     
  
 CHARMM>    return
 VCLOSE: Closing unit   98 with status "KEEP"

                    RETURNING TO INPUT STREAM    99
  
 CHARMM>    stream toppar/toppar_all36_lipid_detergent.str
 VOPEN> Attempting to open::toppar/toppar_all36_lipid_detergent.str::
 OPNLGU> Unit 98 opened for READONLY access to toppar/toppar_all36_lipid_detergent.str

                    INPUT STREAM SWITCHING TO UNIT    98
 RDTITL> * TOPPAR STREAM FILE FOR DETERGENTS AND FATTY ACIDS.
 RDTITL> * STREAM FOLLOWING READING OF
 RDTITL> * TOP_ALL36_LIPID.RTF
 RDTITL> * AND
 RDTITL> * PAR_ALL36_LIPID.RTF
 RDTITL> *
 Parameter: IN1 <- "" <empty>
  
 CHARMM>     
  
 CHARMM>    !Additional residues added by Im lab, Aug. 2017
 CHARMM>     
  
 CHARMM>    !Fatty acids added Jan. 2016
 CHARMM>     
  
 CHARMM>    read rtf card append
 MAINIO> Residue topology file being read from unit  98.
 RDTITL> * DETERGENT AND FATTY ACID RESIDUES
 RDTITL> *
  
 CHARMM>     
  
 CHARMM>    read para card append flex

          PARAMETER FILE BEING READ FROM UNIT 98
 RDTITL> * SB3-12 AND SB3-14 PARAMETERS
 RDTITL> *
 PARMIO> NONBOND, HBOND lists and IMAGE atoms cleared.
  
 CHARMM>     
  
 CHARMM>    return
 VCLOSE: Closing unit   98 with status "KEEP"

                    RETURNING TO INPUT STREAM    99
  
 CHARMM>    stream toppar/toppar_all36_lipid_ether.str
 VOPEN> Attempting to open::toppar/toppar_all36_lipid_ether.str::
 OPNLGU> Unit 98 opened for READONLY access to toppar/toppar_all36_lipid_ether.str

                    INPUT STREAM SWITCHING TO UNIT    98
 RDTITL> * CHARMM36 ALL-HYDROGEN ETHER LIPID FORCE FIELD INCLUDING PLASMALOGENS ALISON
 RDTITL> * N. LEONARD (A. L.), 7/18 WITH RICHARD PASTOR AND JEFFERY KLAUDA, JPCB 122(26)
 RDTITL> * PP. 6744 - 6754.  ANA WEST, 1/20 WITH VALERIA ZONI, WALTER TEAGUE JR., ALISON
 RDTITL> * LEONARD, STEFANO VANNI, KLAUS GAWRISCH, STEPHANIE TRISTAM-NAGLE, JONATHAN
 RDTITL> * SACHS, AND JEFFERY KLAUDA, JPCB 124(5) PP. 828 - 839.
 RDTITL> *
 Parameter: IN1 <- "" <empty>
  
 CHARMM>     
  
 CHARMM>    !Parent files that have to be read prior to streaming this file
 CHARMM>    !top_all36_lipid.rtf
 CHARMM>    !par_all36_lipid.prm
 CHARMM>    !top_all36_cgenff.rtf
 CHARMM>    !par_all36_cgenff.prm
 CHARMM>     
  
 CHARMM>    read rtf card append
 MAINIO> Residue topology file being read from unit  98.
 RDTITL> * C36 ETHER MODEL COMPOUNDS
 RDTITL> *

      ***** LEVEL  1 WARNING FROM <DECODF> *****
      ***** Zero length string
      ******************************************
      BOMLEV (  0) IS NOT REACHED. WRNLEV IS  5

 WARNING from DECODF -- Zero length string being converted to 0.

      ***** LEVEL  1 WARNING FROM <DECODF> *****
      ***** Zero length string
      ******************************************
      BOMLEV (  0) IS NOT REACHED. WRNLEV IS  5

 WARNING from DECODF -- Zero length string being converted to 0.

      ***** LEVEL  1 WARNING FROM <DECODF> *****
      ***** Zero length string
      ******************************************
      BOMLEV (  0) IS NOT REACHED. WRNLEV IS  5

 WARNING from DECODF -- Zero length string being converted to 0.
  
 CHARMM>     
  
 CHARMM>    read para card flex append

          PARAMETER FILE BEING READ FROM UNIT 98
 RDTITL> * PARAMETERS
 RDTITL> *
 PARMIO> NONBOND, HBOND lists and IMAGE atoms cleared.
  
 CHARMM>     
  
 CHARMM>    return
 VCLOSE: Closing unit   98 with status "KEEP"

                    RETURNING TO INPUT STREAM    99
  
 CHARMM>     
  
 CHARMM>    ! Additional topologies and parameters for carbohydrates
 CHARMM>    stream toppar/toppar_all36_carb_glycolipid.str
 VOPEN> Attempting to open::toppar/toppar_all36_carb_glycolipid.str::
 OPNLGU> Unit 98 opened for READONLY access to toppar/toppar_all36_carb_glycolipid.str

                    INPUT STREAM SWITCHING TO UNIT    98
 RDTITL> READ RTF CARD APPEND
 RDTITL> No title read.
 Parameter: IN1 <- "" <empty>
  
 CHARMM>    read rtf card append
 MAINIO> Residue topology file being read from unit  98.
 RDTITL> * TOPOLOGY FOR GLYCOLIPIDS
 RDTITL> *
  
 CHARMM>     
  
 CHARMM>    read param card flex append

          PARAMETER FILE BEING READ FROM UNIT 98
 RDTITL> * PIP RELATED PARAMETERS
 RDTITL> *
 PARMIO> NONBOND, HBOND lists and IMAGE atoms cleared.
  
 CHARMM>     
  
 CHARMM>    RETURN
 VCLOSE: Closing unit   98 with status "KEEP"

                    RETURNING TO INPUT STREAM    99
  
 CHARMM>    stream toppar/toppar_all36_carb_glycopeptide.str
 VOPEN> Attempting to open::toppar/toppar_all36_carb_glycopeptide.str::
 OPNLGU> Unit 98 opened for READONLY access to toppar/toppar_all36_carb_glycopeptide.str

                    INPUT STREAM SWITCHING TO UNIT    98
 RDTITL> READ RTF CARD APPEND
 RDTITL> No title read.
 Parameter: IN1 <- "" <empty>
  
 CHARMM>    read rtf card append
 MAINIO> Residue topology file being read from unit  98.
 RDTITL> * TOPOLOGY FOR GLYCOPEPTIDE LINKAGES
 RDTITL> *
  
 CHARMM>     
  
 CHARMM>    read param card flex append

          PARAMETER FILE BEING READ FROM UNIT 98
 RDTITL> *    NEW PARAMETES
 RDTITL> *
 PARMIO> NONBOND, HBOND lists and IMAGE atoms cleared.
  
 CHARMM>     
  
 CHARMM>     
  
 CHARMM>    RETURN
 VCLOSE: Closing unit   98 with status "KEEP"

                    RETURNING TO INPUT STREAM    99
  
 CHARMM>    stream toppar/toppar_all36_carb_imlab.str
 VOPEN> Attempting to open::toppar/toppar_all36_carb_imlab.str::
 OPNLGU> Unit 98 opened for READONLY access to toppar/toppar_all36_carb_imlab.str

                    INPUT STREAM SWITCHING TO UNIT    98
 RDTITL> READ RTF CARD APPEND
 RDTITL> No title read.
 Parameter: IN1 <- "" <empty>
  
 CHARMM>    read rtf card append
 MAINIO> Residue topology file being read from unit  98.
 RDTITL> * GLYCAN CHEMICAL MODIFICATION PATCHES
 RDTITL> *
  
 CHARMM>     
  
 CHARMM>    read param card flex append

          PARAMETER FILE BEING READ FROM UNIT 98
 RDTITL> * GLYCAN CHEMICAL MODIFICATION PATCHES
 RDTITL> *
 PARMIO> NONBOND, HBOND lists and IMAGE atoms cleared.
  
 CHARMM>     
  
 CHARMM>    RETURN
 VCLOSE: Closing unit   98 with status "KEEP"

                    RETURNING TO INPUT STREAM    99
  
 CHARMM>     
  
 CHARMM>    ! Additional topologies and parameters for spin/fluorophore labels
 CHARMM>    stream toppar/toppar_all36_label_spin.str
 VOPEN> Attempting to open::toppar/toppar_all36_label_spin.str::
 OPNLGU> Unit 98 opened for READONLY access to toppar/toppar_all36_label_spin.str

                    INPUT STREAM SWITCHING TO UNIT    98
 RDTITL> *>>>>> TOPOLOGY FOR NITROXYDE SPIN LABELS <<<<<<<
 RDTITL> * SHAHIDUL M. ISLAM, UNIVERSITY OF CHICAGO
 RDTITL> *
 Parameter: IN1 <- "" <empty>
  
 CHARMM>     
  
 CHARMM>    ! please reference the following:
 CHARMM>    !Sezer, D., Freed J. H., and Roux, B. “Parametrization, Molecular Dynamics Simulation, and Calculation of Electron Spin
 CHARMM>    !Resonance Spectra of a Nitroxide Spin Label on a Polyalanine alpha-Helix” J. Phys. Chem. B 2008, 112, 5755-5767
 CHARMM>     
  
 CHARMM>    !Islam, S. M., and Roux, B. “Parameterization and molecular dynamics simulations of a
 CHARMM>    !conformationally constrained double linked spin label constrained by EPR/DEER data”
 CHARMM>    !(planed submission to J journal)
 CHARMM>     
  
 CHARMM>    !test "append" to determine if previous toppar files have been read and
 CHARMM>    !add append to "read rtf card" if true
 CHARMM>    set nat ?NATC
 RDCMND substituted energy or value "?NATC" to "575"
 Parameter: NAT <- "575"
  
 CHARMM>    set app
 Parameter: APP <- "" <empty>
  
 CHARMM>    !We're exploiting what is arguably a bug in the parser. On the left hand side,
 CHARMM>    !the quotes have proirity, so NAT is correctly substituted. On the right hand
 CHARMM>    !side, the ? has priority and NATC" (sic) is not a valid substitution...
 CHARMM>    if "@NAT" ne "?NATC" if @nat ne 0 set app append
 Parameter: NAT -> "575"
 Parameter: NAT -> "575"
 RDCMND: can not substitute energy "?NATC""
 Comparing ""575"" and ""?NATC"".
 IF test evaluated as true.  Performing command
 Comparing "575" and "0".
 IF test evaluated as true.  Performing command
 Parameter: APP <- "APPEND"
  
 CHARMM>     
  
 CHARMM>     
  
 CHARMM>    read rtf card @app
 Parameter: APP -> "APPEND"
 MAINIO> Residue topology file being read from unit  98.
 RDTITL> * TOPOLOGY FOR SPIN LABEL
 RDTITL> *
  
 CHARMM>     
  
 CHARMM>     
  
 CHARMM>    read para card flex @app
 Parameter: APP -> "APPEND"

          PARAMETER FILE BEING READ FROM UNIT 98
 RDTITL> * PARAMETERS FOR SPIN LABEL
 RDTITL> *
 PARMIO> NONBOND, HBOND lists and IMAGE atoms cleared.
  
 CHARMM>     
  
 CHARMM>    return
 VCLOSE: Closing unit   98 with status "KEEP"

                    RETURNING TO INPUT STREAM    99
  
 CHARMM>    stream toppar/toppar_all36_label_fluorophore.str
 VOPEN> Attempting to open::toppar/toppar_all36_label_fluorophore.str::
 OPNLGU> Unit 98 opened for READONLY access to toppar/toppar_all36_label_fluorophore.str

                    INPUT STREAM SWITCHING TO UNIT    98
 RDTITL> READ RTF CARD APPEND
 RDTITL> No title read.
 Parameter: IN1 <- "" <empty>
  
 CHARMM>    read rtf card append
 MAINIO> Residue topology file being read from unit  98.
 RDTITL> * TOPOLOGY FILES
 RDTITL> *
  
 CHARMM>     
  
 CHARMM>    read param card flex append

          PARAMETER FILE BEING READ FROM UNIT 98
 RDTITL> * MINI FORCE FIELD PARAMETER FILE.
 RDTITL> *
 PARMIO> NONBOND, HBOND lists and IMAGE atoms cleared.
  
 CHARMM>     
  
 VCLOSE: Closing unit   98 with status "KEEP"

                    RETURNING TO INPUT STREAM    99
  
 CHARMM>     
  
 CHARMM>     
  
 CHARMM>     
  
 VCLOSE: Closing unit   99 with status "KEEP"

                    RETURNING TO INPUT STREAM     5
  
 CHARMM>     
  
 CHARMM>    define PROT sele none end
 SELRPN>      0 atoms have been selected out of      0
  
 CHARMM>     
  
 CHARMM>    !Read the system information
 CHARMM>    stream step3_size.str
 VOPEN> Attempting to open::step3_size.str::
 OPNLGU> Unit 99 opened for READONLY access to step3_size.str

                    INPUT STREAM SWITCHING TO UNIT    99
 RDTITL> SET BOXTYPE  = RECT
 RDTITL> No title read.
 Parameter: IN1 <- "" <empty>
  
 CHARMM>     SET BOXTYPE  = RECT
 Parameter: BOXTYPE <- "RECT"
  
 CHARMM>     SET XTLTYPE  = TETRAGONAL
 Parameter: XTLTYPE <- "TETRAGONAL"
  
 CHARMM>     SET A        = 46.7504011
 Parameter: A <- "46.7504011"
  
 CHARMM>     SET B        = 46.7504011
 Parameter: B <- "46.7504011"
  
 CHARMM>     SET C        = 145
 Parameter: C <- "145"
  
 CHARMM>     SET ALPHA    = 90.0
 Parameter: ALPHA <- "90.0"
  
 CHARMM>     SET BETA     = 90.0
 Parameter: BETA <- "90.0"
  
 CHARMM>     SET GAMMA    = 90.0
 Parameter: GAMMA <- "90.0"
  
 CHARMM>     SET ZCEN     = 0
 Parameter: ZCEN <- "0"
  
 CHARMM>     SET NLIPTOP  = 32
 Parameter: NLIPTOP <- "32"
  
 CHARMM>     SET NLIPBOT  = 32
 Parameter: NLIPBOT <- "32"
  
 CHARMM>     SET WBOXZ    = 52.5
 Parameter: WBOXZ <- "52.5"
  
 CHARMM>     SET WATBOXZ  = 52.5
 Parameter: WATBOXZ <- "52.5"
  
 CHARMM>     SET NCHARGE  = 0
 Parameter: NCHARGE <- "0"
  
 VCLOSE: Closing unit   99 with status "KEEP"

                    RETURNING TO INPUT STREAM     5
  
 CHARMM>    stream step4_components.str
 VOPEN> Attempting to open::step4_components.str::
 OPNLGU> Unit 99 opened for READONLY access to step4_components.str

                    INPUT STREAM SWITCHING TO UNIT    99
 RDTITL> SET NWATER = 0
 RDTITL> No title read.
 Parameter: IN1 <- "" <empty>
  
 CHARMM>     SET NWATER = 0
 Parameter: NWATER <- "0"
  
 VCLOSE: Closing unit   99 with status "KEEP"

                    RETURNING TO INPUT STREAM     5
  
 CHARMM>    if islconj .eq. YES stream step3_lipid_conjugate.str
 Comparing "ISLCONJ" and "YES".
 IF test evaluated as false.  Skipping command
  
 CHARMM>     
  
 CHARMM>    ! Read Lipids
 CHARMM>    open read unit 10 card name step4_lipid_lipid.psf
 OPNLGU> Unit already open. The old file will be closed first.
 VCLOSE: Closing unit   10 with status "KEEP"
 VOPEN> Attempting to open::step4_lipid_lipid.psf::
 OPNLGU> Unit 10 opened for READONLY access to step4_lipid_lipid.psf
  
 CHARMM>    read psf  unit 10 card append
 MAINIO> Protein structure file being appended from unit  10.
 psf_read_formatted: Reading PSF in the expanded format.
 TITLE>  * GENERATED BY CHARMM-GUI (HTTP://WWW.CHARMM-GUI.ORG) V3.7 ON OCT, 25. 2022. JOB
 TITLE>  * GET A DIFFERENT CONFORMATION FOR LIPIDS PENETRATING PROTEIN / CHOL
 TITLE>  *  DATE:    10/25/22     16:31:25      CREATED BY USER: apache
 TITLE>  *
 PSFSUM> PSF modified: NONBOND lists and IMAGE atoms cleared.
 PSFSUM> Summary of the structure file counters :
         Number of segments      =        1   Number of residues   =       64
         Number of atoms         =     8576   Number of groups     =     2176
         Number of bonds         =     8512   Number of angles     =    16384
         Number of dihedrals     =    22784   Number of impropers  =      128
         Number of cross-terms   =        0   Number of autogens   =        0
         Number of HB acceptors  =        0   Number of HB donors  =        0
         Number of NB exclusions =        0   Total charge =    0.00000
  
 CHARMM>     
  
 CHARMM>    open read unit 10 card name step4_lipid_lipid.crd
 OPNLGU> Unit already open. The old file will be closed first.
 VCLOSE: Closing unit   10 with status "KEEP"
 VOPEN> Attempting to open::step4_lipid_lipid.crd::
 OPNLGU> Unit 10 opened for READONLY access to step4_lipid_lipid.crd
  
 CHARMM>    read coor unit 10 card append
          SPATIAL COORDINATES BEING READ FROM UNIT 10
 TITLE> * GENERATED BY CHARMM-GUI (HTTP://WWW.CHARMM-GUI.ORG) V3.7 ON OCT, 25. 2022. JOB
 TITLE> * GET A DIFFERENT CONFORMATION FOR LIPIDS PENETRATING PROTEIN / CHOL
 TITLE> *  DATE:    10/25/22     16:31:25      CREATED BY USER: APACHE
 TITLE> *
  
 CHARMM>     
  
 CHARMM>    ! Write coordinates
 CHARMM>    open write unit 10 card name step4.3_ion_protmemb.crd
 OPNLGU> Unit already open. The old file will be closed first.
 VCLOSE: Closing unit   10 with status "KEEP"
 VOPEN> Attempting to open::step4.3_ion_protmemb.crd::
 OPNLGU> Unit 10 opened for WRITE access to step4.3_ion_protmemb.crd
  
 CHARMM>    write coor unit 10 card
 RDTITL>  
 RDTITL> No title read.
 VCLOSE: Closing unit   10 with status "KEEP"
  
 CHARMM>     
  
 CHARMM>    define LPSION sele none end
 SELRPN>      0 atoms have been selected out of   8576
  
 CHARMM>     
  
 CHARMM>    !
 CHARMM>    ! conc    : concentration (M)
 CHARMM>    ! volumn  : ion accessible volume (Ang**3)
 CHARMM>    ! npos    : number of positive ions
 CHARMM>    ! nneg    : number of negative ions
 CHARMM>    ! nion    : number of positive and negative ions of a particular compound
 CHARMM>    ! npostot : total number of all positive ions
 CHARMM>    ! nnegtot : total number of all negative ions
 CHARMM>    ! niontot : total number of all ions
 CHARMM>    !
 CHARMM>     
  
 CHARMM>    set zmemb =  20.0           ! ion exclusion membrane region
 Parameter: ZMEMB <- "20.0"
  
 CHARMM>     
  
 CHARMM>    ! protein volume, calculation with a grid spacing of 0.5
 CHARMM>    coor stat
 STATISTICS FOR      8576 SELECTED ATOMS:
    XMIN =  -29.152611 XMAX =   29.735914 XAVE =   -0.147006
    YMIN =  -28.335591 YMAX =   29.701389 YAVE =   -0.466751
    ZMIN =  -23.043668 ZMAX =   23.203410 ZAVE =   -0.053417
    WMIN =    0.000000 WMAX =    0.000000 WAVE =    0.000000
  
 CHARMM>     
  
 CHARMM>    calc dcel = 0.5
Evaluating: 0.5
 Parameter: DCEL <- "0.5"
  
 CHARMM>    calc xdim = int ( ( ?xmax - ?xmin + 5.0 ) / @dcel ) + 1
 Parameter: DCEL -> "0.5"
 RDCMND substituted energy or value "?XMAX" to "29.7359142"
 RDCMND substituted energy or value "?XMIN" to "-29.1526107"
Evaluating: INT((29.7359142--29.1526107+5.0)/0.5)+1
 Parameter: XDIM <- "128"
  
 CHARMM>    calc ydim = int ( ( ?ymax - ?ymin + 5.0 ) / @dcel ) + 1
 Parameter: DCEL -> "0.5"
 RDCMND substituted energy or value "?YMAX" to "29.7013885"
 RDCMND substituted energy or value "?YMIN" to "-28.3355908"
Evaluating: INT((29.7013885--28.3355908+5.0)/0.5)+1
 Parameter: YDIM <- "127"
  
 CHARMM>    calc zdim = int ( ( ?zmax - ?zmin + 5.0 ) / @dcel ) + 1
 Parameter: DCEL -> "0.5"
 RDCMND substituted energy or value "?ZMAX" to "23.2034096"
 RDCMND substituted energy or value "?ZMIN" to "-23.0436685"
Evaluating: INT((23.2034096--23.0436685+5.0)/0.5)+1
 Parameter: ZDIM <- "103"
  
 CHARMM>    calc space = @xdim * @ydim * @zdim
 Parameter: XDIM -> "128"
 Parameter: YDIM -> "127"
 Parameter: ZDIM -> "103"
Evaluating: 128*127*103
 Parameter: SPACE <- "1674368"
  
 CHARMM>     
  
 CHARMM>    scalar wmain = radius
  
 CHARMM>    scalar wmain add 1.4    ! use solvent accessible surface for molecular volume
  
 CHARMM>    scalar 1 = wmain
  
 CHARMM>    scalar 2 set 6.0
  
 CHARMM>    coor volume hole space @space sele .not. resname TIP3 end
 Parameter: SPACE -> "1674368"
 SELRPN>   8576 atoms have been selected out of   8576
 COMPUTING VOLUME PER ATOM WITH:
   XMIN=    -31.8926 XMAX=     32.4759 NX= 127
   YMIN=    -31.0756 YMAX=     32.4414 NY= 126
   ZMIN=    -26.0465 ZMAX=     26.0560 NZ= 103


 A TOTAL OF     2675   VACUUM POINTS WERE FOUND
 A TOTAL OF   861137 OCCUPIED POINTS WERE FOUND
 A TOTAL OF   784394 EXTERNAL POINTS WERE FOUND
 A TOTAL OF  1645531 SELECTED POINTS WERE FOUND
 TOTAL OCCUPIED  VOLUME =  111296.979469
 TOTAL SELECTED  VOLUME =  212675.369798
 TOTAL FREE      VOLUME =     345.728287
 FRACTIONAL FREE VOLUME =       0.309674
  
 CHARMM>     
  
 CHARMM>    set sysvol = ?volume
 RDCMND substituted energy or value "?VOLUME" to "111296.979"
 Parameter: SYSVOL <- "111296.979"
  
 CHARMM>     
  
 CHARMM>    IF BOXTYPE .ne. HEXA then
 Comparing "RECT" and "HEXA".
 IF test evaluated as true.  Performing command
  
 CHARMM>       calc volumn = ( @A * @B * @C ) - @sysvol
 Parameter: A -> "46.7504011"
 Parameter: B -> "46.7504011"
 Parameter: C -> "145"
 Parameter: SYSVOL -> "111296.979"
Evaluating: (46.7504011*46.7504011*145)-111296.979
 Parameter: VOLUMN <- "205615.021"
  
 CHARMM>    ENDIF
  
 CHARMM>     
  
 CHARMM>    IF BOXTYPE .eq. HEXA THEN
 Comparing "RECT" and "HEXA".
 IF test evaluated as false.  Skip to ELSE or ENDIF
  
 CHARMM>     
  
 CHARMM>    if @?nlipaion  .eq. 0 set nlipaion  = 0
 Comparing "0" and "0".
 IF test evaluated as true.  Performing command
 Parameter: NLIPAION <- "0"
  
 CHARMM>    if @?ncoreion  .eq. 0 set ncoreion  = 0
 Comparing "0" and "0".
 IF test evaluated as true.  Performing command
 Parameter: NCOREION <- "0"
  
 CHARMM>    if @?noantiion .eq. 0 set noantiion = 0
 Comparing "0" and "0".
 IF test evaluated as true.  Performing command
 Parameter: NOANTIION <- "0"
  
 CHARMM>     
  
 CHARMM>    calc npostot = @nlipaion + @ncoreion + @noantiion
 Parameter: NLIPAION -> "0"
 Parameter: NCOREION -> "0"
 Parameter: NOANTIION -> "0"
Evaluating: 0+0+0
 Parameter: NPOSTOT <- "0"
  
 CHARMM>    calc nnegtot = 0
Evaluating: 0
 Parameter: NNEGTOT <- "0"
  
 CHARMM>    calc niontot = @npostot
 Parameter: NPOSTOT -> "0"
Evaluating: 0
 Parameter: NIONTOT <- "0"
  
 CHARMM>     
  
 CHARMM>    define ALLIONS sele none end
 SELRPN>      0 atoms have been selected out of   8576
  
 CHARMM>     
  
 CHARMM>    set ionind = 1
 Parameter: IONIND <- "1"
  
 CHARMM>    label do_ion
  
 CHARMM>        define POS sele none end
 SELRPN>      0 atoms have been selected out of   8576
  
 CHARMM>        define NEG sele none end
 SELRPN>      0 atoms have been selected out of   8576
  
 CHARMM>     
  
 CHARMM>        stream step2.2_ions_count.str @ionind
 Parameter: IONIND -> "1"
 VOPEN> Attempting to open::step2.2_ions_count.str::
 OPNLGU> Unit 99 opened for READONLY access to step2.2_ions_count.str

                    INPUT STREAM SWITCHING TO UNIT    99
 RDTITL> * NUMBER OF EACH ION STRUCTURE, AS CHOSEN BY USER;
 RDTITL> * USAGE: STREAM STEP2_IONS_COUNT.STR INDEX
 RDTITL> *
 Parameter: IN1 <- "1"
  
 CHARMM>     
  
 CHARMM>    if @?IN1 .eq. 0 stop ! ABNORMAL TERMINATION: missing index
 Comparing "1" and "0".
 IF test evaluated as false.  Skipping command
  
 CHARMM>     
  
 CHARMM>    set isusercation = 0
 Parameter: ISUSERCATION <- "0"
  
 CHARMM>    set isuseranion  = 0
 Parameter: ISUSERANION <- "0"
  
 CHARMM>    if @IN1 .eq. 1 set pos = POT
 Parameter: IN1 -> "1"
 Comparing "1" and "1".
 IF test evaluated as true.  Performing command
 Parameter: POS <- "POT"
  
 CHARMM>    if @IN1 .eq. 1 set neg = CLA
 Parameter: IN1 -> "1"
 Comparing "1" and "1".
 IF test evaluated as true.  Performing command
 Parameter: NEG <- "CLA"
  
 CHARMM>    if @IN1 .eq. 1 set poscharge = 1
 Parameter: IN1 -> "1"
 Comparing "1" and "1".
 IF test evaluated as true.  Performing command
 Parameter: POSCHARGE <- "1"
  
 CHARMM>    if @IN1 .eq. 1 set negcharge = 1
 Parameter: IN1 -> "1"
 Comparing "1" and "1".
 IF test evaluated as true.  Performing command
 Parameter: NEGCHARGE <- "1"
  
 CHARMM>    if @IN1 .eq. 1 set posval = 1
 Parameter: IN1 -> "1"
 Comparing "1" and "1".
 IF test evaluated as true.  Performing command
 Parameter: POSVAL <- "1"
  
 CHARMM>    if @IN1 .eq. 1 set negval = 1
 Parameter: IN1 -> "1"
 Comparing "1" and "1".
 IF test evaluated as true.  Performing command
 Parameter: NEGVAL <- "1"
  
 CHARMM>    if @IN1 .eq. 1 set conc = 0.15
 Parameter: IN1 -> "1"
 Comparing "1" and "1".
 IF test evaluated as true.  Performing command
 Parameter: CONC <- "0.15"
  
 CHARMM>    if @IN1 .eq. 1 set natompos = 1
 Parameter: IN1 -> "1"
 Comparing "1" and "1".
 IF test evaluated as true.  Performing command
 Parameter: NATOMPOS <- "1"
  
 CHARMM>    if @IN1 .eq. 1 set natomneg = 1
 Parameter: IN1 -> "1"
 Comparing "1" and "1".
 IF test evaluated as true.  Performing command
 Parameter: NATOMNEG <- "1"
  
 CHARMM>    if @IN1 .eq. 1 set isusercation = 0
 Parameter: IN1 -> "1"
 Comparing "1" and "1".
 IF test evaluated as true.  Performing command
 Parameter: ISUSERCATION <- "0"
  
 CHARMM>    if @IN1 .eq. 1 set isuseranion  = 0
 Parameter: IN1 -> "1"
 Comparing "1" and "1".
 IF test evaluated as true.  Performing command
 Parameter: ISUSERANION <- "0"
  
 CHARMM>     
  
 CHARMM>     
  
 CHARMM>    set neutral_index = 1
 Parameter: NEUTRAL_INDEX <- "1"
  
 CHARMM>    set niontypes = 1
 Parameter: NIONTYPES <- "1"
  
 CHARMM>     
  
 VCLOSE: Closing unit   99 with status "KEEP"

                    RETURNING TO INPUT STREAM     5
  
 CHARMM>     
  
 CHARMM>        calc ncharge = int( ?cgtot )
 RDCMND substituted energy or value "?CGTOT" to "5.273559367E-16"
Evaluating: INT(5.273559367E-16)
 Parameter: NCHARGE <- "0"
  
 CHARMM>        calc cgtot = ?cgtot
 RDCMND substituted energy or value "?CGTOT" to "5.273559367E-16"
Evaluating: 5.273559367E-16
 Parameter: CGTOT <- "5.273559367E-16"
  
 CHARMM>     
  
 CHARMM>        calc npos = 0
Evaluating: 0
 Parameter: NPOS <- "0"
  
 CHARMM>        calc nneg = 0
Evaluating: 0
 Parameter: NNEG <- "0"
  
 CHARMM>        if neutral_index .eq. @ionind then
 Parameter: IONIND -> "1"
 Comparing "1" and "1".
 IF test evaluated as true.  Performing command
  
 CHARMM>            if ncharge .lt. 0 calc npos = int( abs( @cgtot ) / @poscharge )
 Parameter: CGTOT -> "5.273559367E-16"
 Parameter: POSCHARGE -> "1"
 Comparing "0" and "0".
 IF test evaluated as false.  Skipping command
  
 CHARMM>            if ncharge .gt. 0 calc nneg = int( abs( @cgtot ) / @negcharge )
 Parameter: CGTOT -> "5.273559367E-16"
 Parameter: NEGCHARGE -> "1"
 Comparing "0" and "0".
 IF test evaluated as false.  Skipping command
  
 CHARMM>        endif
  
 CHARMM>     
  
 CHARMM>        calc diff   = int ( @cgtot + @npos*@poscharge - @nneg*@negcharge )
 Parameter: CGTOT -> "5.273559367E-16"
 Parameter: NPOS -> "0"
 Parameter: POSCHARGE -> "1"
 Parameter: NNEG -> "0"
 Parameter: NEGCHARGE -> "1"
Evaluating: INT(5.273559367E-16+0*1-0*1)
 Parameter: DIFF <- "0"
  
 CHARMM>     
  
 CHARMM>        if neutral_index .eq. @ionind then
 Parameter: IONIND -> "1"
 Comparing "1" and "1".
 IF test evaluated as true.  Performing command
  
 CHARMM>            set ntries = 0
 Parameter: NTRIES <- "0"
  
 CHARMM>            label neutral
  
 CHARMM>                if diff .gt. 0 calc nneg = @nneg + 1
 Parameter: NNEG -> "0"
 Comparing "0" and "0".
 IF test evaluated as false.  Skipping command
  
 CHARMM>                if diff .lt. 0 calc npos = @npos + 1
 Parameter: NPOS -> "0"
 Comparing "0" and "0".
 IF test evaluated as false.  Skipping command
  
 CHARMM>                calc diff   = int ( @cgtot + @npos*@poscharge - @nneg*@negcharge )
 Parameter: CGTOT -> "5.273559367E-16"
 Parameter: NPOS -> "0"
 Parameter: POSCHARGE -> "1"
 Parameter: NNEG -> "0"
 Parameter: NEGCHARGE -> "1"
Evaluating: INT(5.273559367E-16+0*1-0*1)
 Parameter: DIFF <- "0"
  
 CHARMM>                incr ntries
 Parameter: NTRIES <- "1"
  
 CHARMM>                if ntries .ge. 10 stop ! ABNORMAL TERMINATION: can't neutralize this system
 Comparing "1" and "10".
 IF test evaluated as false.  Skipping command
  
 CHARMM>                if diff .ne. 0 goto neutral
 Comparing "0" and "0".
 IF test evaluated as false.  Skipping command
  
 CHARMM>        endif
  
 CHARMM>     
  
 CHARMM>        calc npos = @npos + int ( @conc * 6.021 * 0.0001 * @volumn ) * @negval
 Parameter: NPOS -> "0"
 Parameter: CONC -> "0.15"
 Parameter: VOLUMN -> "205615.021"
 Parameter: NEGVAL -> "1"
Evaluating: 0+INT(0.15*6.021*0.0001*205615.021)*1
 Parameter: NPOS <- "18"
  
 CHARMM>        calc nneg = @nneg + int ( @conc * 6.021 * 0.0001 * @volumn ) * @posval
 Parameter: NNEG -> "0"
 Parameter: CONC -> "0.15"
 Parameter: VOLUMN -> "205615.021"
 Parameter: POSVAL -> "1"
Evaluating: 0+INT(0.15*6.021*0.0001*205615.021)*1
 Parameter: NNEG <- "18"
  
 CHARMM>     
  
 CHARMM>        if npos .lt. 0 stop ! ABNORMAL TERMINATION: something wrong
 Comparing "18" and "0".
 IF test evaluated as false.  Skipping command
  
 CHARMM>        if nneg .lt. 0 stop ! ABNORMAL TERMINATION: something wrong
 Comparing "18" and "0".
 IF test evaluated as false.  Skipping command
  
 CHARMM>     
  
 CHARMM>        !
  
 CHARMM>        ! Randomly place the ions
  
 CHARMM>        !
  
 CHARMM>     
  
 CHARMM>        ! Generate positive ion
  
 CHARMM>        if npos .gt. 0 then
 Comparing "18" and "0".
 IF test evaluated as true.  Performing command
  
 CHARMM>            if isusercation .eq. 1 then
 Comparing "0" and "1".
 IF test evaluated as false.  Skip to ELSE or ENDIF
  
 CHARMM>                read sequence @pos @npos
 Parameter: POS -> "POT"
 Parameter: NPOS -> "18"
  
 CHARMM>                generate POS warn
 NO PATCHING WILL BE DONE ON THE FIRST RESIDUE
 NO PATCHING WILL BE DONE ON THE LAST  RESIDUE
 AUTGEN: Autogenerating specified angles and dihedrals.
 GENPSF> Segment   2 has been generated. Its identifier is POS.
 PSFSUM> PSF modified: NONBOND lists and IMAGE atoms cleared.
 PSFSUM> Summary of the structure file counters :
         Number of segments      =        2   Number of residues   =       82
         Number of atoms         =     8594   Number of groups     =     2194
         Number of bonds         =     8512   Number of angles     =    16384
         Number of dihedrals     =    22784   Number of impropers  =      128
         Number of cross-terms   =        0   Number of autogens   =        0
         Number of HB acceptors  =        0   Number of HB donors  =        0
         Number of NB exclusions =        0   Total charge =   18.00000
  
 CHARMM>            endif
  
 CHARMM>     
  
 CHARMM>            define POS sele segid POS end
 SELRPN>     18 atoms have been selected out of   8594
  
 CHARMM>     
  
 CHARMM>            if natompos .gt. 1 then
 Comparing "1" and "1".
 IF test evaluated as false.  Skip to ELSE or ENDIF
  
 CHARMM>                ! move ion to origin
  
 CHARMM>                coor set sele POS end
 SELRPN>     18 atoms have been selected out of   8594
 SELECTED COORDINATES SET IN THE MAIN SET.

  
 CHARMM>            endif
  
 CHARMM>        endif
  
 CHARMM>     
  
 CHARMM>        ! Generate negative ion
  
 CHARMM>        if nneg .gt. 0 then
 Comparing "18" and "0".
 IF test evaluated as true.  Performing command
  
 CHARMM>            if isuseranion .eq. 1 then
 Comparing "0" and "1".
 IF test evaluated as false.  Skip to ELSE or ENDIF
  
 CHARMM>                read sequence @neg @nneg
 Parameter: NEG -> "CLA"
 Parameter: NNEG -> "18"
  
 CHARMM>                generate NEG warn
 NO PATCHING WILL BE DONE ON THE FIRST RESIDUE
 NO PATCHING WILL BE DONE ON THE LAST  RESIDUE
 AUTGEN: Autogenerating specified angles and dihedrals.
 GENPSF> Segment   3 has been generated. Its identifier is NEG.
 PSFSUM> PSF modified: NONBOND lists and IMAGE atoms cleared.
 PSFSUM> Summary of the structure file counters :
         Number of segments      =        3   Number of residues   =      100
         Number of atoms         =     8612   Number of groups     =     2212
         Number of bonds         =     8512   Number of angles     =    16384
         Number of dihedrals     =    22784   Number of impropers  =      128
         Number of cross-terms   =        0   Number of autogens   =        0
         Number of HB acceptors  =        0   Number of HB donors  =        0
         Number of NB exclusions =        0   Total charge =    0.00000
  
 CHARMM>            endif
  
 CHARMM>     
  
 CHARMM>            define NEG sele segid NEG end
 SELRPN>     18 atoms have been selected out of   8612
  
 CHARMM>     
  
 CHARMM>            if natomneg .gt. 1 then
 Comparing "1" and "1".
 IF test evaluated as false.  Skip to ELSE or ENDIF
  
 CHARMM>                ! move ion to origin
  
 CHARMM>                coor set sele NEG end
 SELRPN>     18 atoms have been selected out of   8612
 SELECTED COORDINATES SET IN THE MAIN SET.

  
 CHARMM>            endif
  
 CHARMM>        endif
  
 CHARMM>     
  
 CHARMM>        define IONS sele POS .or. NEG end
 SELRPN>     36 atoms have been selected out of   8612
  
 CHARMM>        define ALLIONS sele segid IONS .or. IONS end
 SELRPN>     36 atoms have been selected out of   8612
  
 CHARMM>     
  
 CHARMM>        calc nion = @npos + @nneg
 Parameter: NPOS -> "18"
 Parameter: NNEG -> "18"
Evaluating: 18+18
 Parameter: NION <- "36"
  
 CHARMM>     
  
 CHARMM>        incr npostot by @npos
 Parameter: NPOS -> "18"
 Parameter: NPOSTOT <- "18"
  
 CHARMM>        incr nnegtot by @nneg
 Parameter: NNEG -> "18"
 Parameter: NNEGTOT <- "18"
  
 CHARMM>        incr niontot by @nion
 Parameter: NION -> "36"
 Parameter: NIONTOT <- "36"
  
 CHARMM>     
  
 CHARMM>        if nion .eq. 0 goto continue
 Comparing "36" and "0".
 IF test evaluated as false.  Skipping command
  
 CHARMM>        !
  
 CHARMM>        !Images Setup [to place all atoms inside the box]
  
 CHARMM>        !
  
 CHARMM>     
  
 CHARMM>        open read unit 10 card name crystal_image.str
 VOPEN> Attempting to open::crystal_image.str::
 OPNLGU> Unit 10 opened for READONLY access to crystal_image.str
  
 CHARMM>        CRYSTAL DEFINE @XTLtype @A @B @C @alpha @beta @gamma
 Parameter: XTLTYPE -> "TETRAGONAL"
 Parameter: A -> "46.7504011"
 Parameter: B -> "46.7504011"
 Parameter: C -> "145"
 Parameter: ALPHA -> "90.0"
 Parameter: BETA -> "90.0"
 Parameter: GAMMA -> "90.0"
 Crystal Parameters : Crystal Type = TETR
           A     =   46.75040 B    =   46.75040 C     =  145.00000
           Alpha =   90.00000 Beta =   90.00000 Gamma =   90.00000
  
 CHARMM>        CRYSTAL READ UNIT 10 CARD
 CRYSTAL FILE BEING READ FROM UNIT    10
 TITLE> * GENERATED BY CHARMM-GUI (HTTP://WWW.CHARMM-GUI.ORG) V3.7 ON OCT, 25. 2022. JOBID=6672914435
 TITLE> * STREAM FILE FOR CRYSTAL SYMMETRY OPERATION
 TITLE> *
 TITLE>  * GENERATED BY CHARMM-GUI (HTTP://WWW.CHARMM-GUI.ORG) V3.7 ON OCT, 25. 2022. JOB
 TITLE>  * STREAM FILE FOR CRYSTAL SYMMETRY OPERATION
 TITLE>  *
                     THERE ARE NO ROTATIONS FOR THIS TRANSFORMATION SET
    26 Transformations have been processed.

  
 CHARMM>     
  
 CHARMM>        !Image centering by residue
  
 CHARMM>        IMAGE BYRES XCEN 0.0 YCEN 0.0 ZCEN @zcen
 Parameter: ZCEN -> "0"
 IMAGE CENTERING ON FOR SOME ATOMS
  
 CHARMM>     
  
 CHARMM>        update image inbf 0

 SELECTED IMAGES ATOMS BEING CENTERED ABOUT  0.000000  0.000000  0.000000
 RESIDUE   32 OPERATED ON BY TRANSFORMATION P1Z0Z0R1
 RESIDUE   57 OPERATED ON BY TRANSFORMATION P1Z0Z0R1
 RESIDUE   58 OPERATED ON BY TRANSFORMATION N1Z0Z0R1
 RESIDUE   60 OPERATED ON BY TRANSFORMATION Z0N1Z0R1

 <MKIMAT2>: updating the image atom lists and remapping
 Transformation   Atoms  Groups  Residues  Min-Distance
    1  N1N1N1R1 has       0       0       0       99.36
    2  N1Z0N1R1 has       0       0       0       99.36
    3  N1P1N1R1 has       0       0       0       99.42
    4  Z0N1N1R1 has       0       0       0       99.13
    5  Z0Z0N1R1 has       0       0       0       98.75
    6  Z0P1N1R1 has       0       0       0       98.97
    7  N1N1Z0R1 has     571     142       7        0.00
    8  N1Z0Z0R1 has    3157     793      29        0.00
    9  N1P1Z0R1 has     816     200      10        0.00
   10  Z0N1Z0R1 has    2895     728      27        0.00
   12  N1N1P1R1 has       0       0       0      100.74
   13  N1Z0P1R1 has       0       0       0       99.28
   14  N1P1P1R1 has       0       0       0       99.28
 Total of16051 atoms and 4075 groups and  173 residues were included

 **** Warning ****  The following extraneous characters
 were found while command processing in CHARMM
 IMAGE
  
 CHARMM>     
  
 CHARMM>        CONS FIX SELE .NOT. ( POS .OR. NEG ) END
 SELRPN>   8576 atoms have been selected out of   8612
  
 CHARMM>        SKIP ALL EXCL VDW ELEC
 SKIPE> The following energy terms will be computed :
  VDW  ELEC
  
 CHARMM>        scalar wmain = charge
  
 CHARMM>     
  
 CHARMM>        !
  
 CHARMM>        ! Initial placement of ions
  
 CHARMM>        !
  
 CHARMM>     
  
 CHARMM>        calc cntrand = 0
Evaluating: 0
 Parameter: CNTRAND <- "0"
  
 CHARMM>     
  
 CHARMM>        calc i   = 1
Evaluating: 1
 Parameter: I <- "1"
  
 CHARMM>        label doinit
  
 CHARMM>     
  
 CHARMM>            calc cntrand = @cntrand + 1
 Parameter: CNTRAND -> "0"
Evaluating: 0+1
 Parameter: CNTRAND <- "1"
  
 CHARMM>            if cntrand .gt. 100 stop ! ABNORMAL TERMINATION: ion placing may not work.. stop here
 Comparing "1" and "100".
 IF test evaluated as false.  Skipping command
  
 CHARMM>     
  
 CHARMM>            calc j = @i
 Parameter: I -> "1"
Evaluating: 1
 Parameter: J <- "1"
  
 CHARMM>            set ion = POS
 Parameter: ION <- "POS"
  
 CHARMM>     
  
 CHARMM>            if j .gt. @npos then
 Parameter: NPOS -> "18"
 Comparing "1" and "18".
 IF test evaluated as false.  Skip to ELSE or ENDIF
  
 CHARMM>     
  
 CHARMM>            define target select segid @ion .and. resid @j end
 Parameter: ION -> "POS"
 Parameter: J -> "1"
 SELRPN>      1 atoms have been selected out of   8612
  
 CHARMM>     
  
 CHARMM>            calc xpos = @A * ( ?random - 0.5 )
 Parameter: A -> "46.7504011"
 RDCMND substituted energy or value "?RANDOM" to "1.172103086E-02"
Evaluating: 46.7504011*(1.172103086E-02-0.5)
 Parameter: XPOS <- "-22.8272377"
  
 CHARMM>            calc ypos = @B * ( ?random - 0.5 )
 Parameter: B -> "46.7504011"
 RDCMND substituted energy or value "?RANDOM" to "0.735309751"
Evaluating: 46.7504011*(0.735309751-0.5)
 Parameter: YPOS <- "11.0008252"
  
 CHARMM>            calc zpos = @C * ( ?random - 0.5 ) + @zcen
 Parameter: C -> "145"
 Parameter: ZCEN -> "0"
 RDCMND substituted energy or value "?RANDOM" to "0.92193864"
Evaluating: 145*(0.92193864-0.5)+0
 Parameter: ZPOS <- "61.1811028"
  
 CHARMM>     
  
 CHARMM>            if zpos .gt. -15 if zpos .lt. 15 goto doinit
 Comparing "61.1811028" and "-15".
 IF test evaluated as true.  Performing command
 Comparing "61.1811028" and "15".
 IF test evaluated as false.  Skipping command
  
 CHARMM>     
  
 CHARMM>            ! move target to selected position
  
 CHARMM>            coor stat select target end
 SELRPN>      1 atoms have been selected out of   8612
 STATISTICS FOR         1 SELECTED ATOMS:
    XMIN =    0.000000 XMAX =    0.000000 XAVE =    0.000000
    YMIN =    0.000000 YMAX =    0.000000 YAVE =    0.000000
    ZMIN =    0.000000 ZMAX =    0.000000 ZAVE =    0.000000
    WMIN =    1.000000 WMAX =    1.000000 WAVE =    1.000000
  
 CHARMM>            calc xtran = @xpos - ?xave
 Parameter: XPOS -> "-22.8272377"
 RDCMND substituted energy or value "?XAVE" to "0"
Evaluating: -22.8272377-0
 Parameter: XTRAN <- "-22.8272377"
  
 CHARMM>            calc ytran = @ypos - ?yave
 Parameter: YPOS -> "11.0008252"
 RDCMND substituted energy or value "?YAVE" to "0"
Evaluating: 11.0008252-0
 Parameter: YTRAN <- "11.0008252"
  
 CHARMM>            calc ztran = @zpos - ?zave
 Parameter: ZPOS -> "61.1811028"
 RDCMND substituted energy or value "?ZAVE" to "0"
Evaluating: 61.1811028-0
 Parameter: ZTRAN <- "61.1811028"
  
 CHARMM>            coor trans xdir @xtran ydir @ytran zdir @ztran select target end
 Parameter: XTRAN -> "-22.8272377"
 Parameter: YTRAN -> "11.0008252"
 Parameter: ZTRAN -> "61.1811028"
 SELRPN>      1 atoms have been selected out of   8612
 TRANSLATION VECTOR   -22.827238   11.000825   61.181103
 SELECTED COORDINATES TRANSLATED IN THE MAIN SET.

  
 CHARMM>     
  
 CHARMM>            ! apply a random rotation along XYZ
  
 CHARMM>            calc xphi = ?random * 360.0
 RDCMND substituted energy or value "?RANDOM" to "7.009883092E-02"
Evaluating: 7.009883092E-02*360.0
 Parameter: XPHI <- "25.2355791"
  
 CHARMM>            calc yphi = ?random * 360.0
 RDCMND substituted energy or value "?RANDOM" to "0.422122814"
Evaluating: 0.422122814*360.0
 Parameter: YPHI <- "151.964213"
  
 CHARMM>            calc zphi = ?random * 360.0
 RDCMND substituted energy or value "?RANDOM" to "0.776223612"
Evaluating: 0.776223612*360.0
 Parameter: ZPHI <- "279.4405"
  
 CHARMM>            coor rotate xcen @xpos ycen @ypos zcen @zpos xdir 1.0 -
 CHARMM>                phi @xphi select target end
 Parameter: XPOS -> "-22.8272377"
 Parameter: YPOS -> "11.0008252"
 Parameter: ZPOS -> "61.1811028"
 Parameter: XPHI -> "25.2355791"
 SELRPN>      1 atoms have been selected out of   8612
 ROTATION MATRIX
    1.000000    0.000000    0.000000
    0.000000    0.904562    0.426341
    0.000000   -0.426341    0.904562

 AXIS OF ROTATION IS  1.000000  0.000000  0.000000  ANGLE IS   25.24

 SELECTED COORDINATES ROTATED IN THE MAIN SET.

  
 CHARMM>            coor rotate xcen @xpos ycen @ypos zcen @zpos ydir 1.0 -
 CHARMM>                phi @yphi select target end
 Parameter: XPOS -> "-22.8272377"
 Parameter: YPOS -> "11.0008252"
 Parameter: ZPOS -> "61.1811028"
 Parameter: YPHI -> "151.964213"
 SELRPN>      1 atoms have been selected out of   8612
 ROTATION MATRIX
   -0.882654    0.000000   -0.470023
    0.000000    1.000000    0.000000
    0.470023    0.000000   -0.882654

 AXIS OF ROTATION IS  0.000000  1.000000  0.000000  ANGLE IS  151.96

 SELECTED COORDINATES ROTATED IN THE MAIN SET.

  
 CHARMM>            coor rotate xcen @xpos ycen @ypos zcen @zpos zdir 1.0 -
 CHARMM>                phi @zphi select target end
 Parameter: XPOS -> "-22.8272377"
 Parameter: YPOS -> "11.0008252"
 Parameter: ZPOS -> "61.1811028"
 Parameter: ZPHI -> "279.4405"
 SELRPN>      1 atoms have been selected out of   8612
 ROTATION MATRIX
    0.164023   -0.986456    0.000000
    0.986456    0.164023    0.000000
    0.000000    0.000000    1.000000

 AXIS OF ROTATION IS  0.000000  0.000000 -1.000000  ANGLE IS   80.56

 SELECTED COORDINATES ROTATED IN THE MAIN SET.

  
 CHARMM>     
  
 CHARMM>     
  
 CHARMM>            calc dcut = 3.5
Evaluating: 3.5
 Parameter: DCUT <- "3.5"
  
 CHARMM>     
  
 CHARMM>            coor stat sele target end
 SELRPN>      1 atoms have been selected out of   8612
 STATISTICS FOR         1 SELECTED ATOMS:
    XMIN =  -22.827238 XMAX =  -22.827238 XAVE =  -22.827238
    YMIN =   11.000825 YMAX =   11.000825 YAVE =   11.000825
    ZMIN =   61.181103 ZMAX =   61.181103 ZAVE =   61.181103
    WMIN =    1.000000 WMAX =    1.000000 WAVE =    1.000000
  
 CHARMM>            calc xmax = ?xmax + @dcut
 Parameter: DCUT -> "3.5"
 RDCMND substituted energy or value "?XMAX" to "-22.8272377"
Evaluating: -22.8272377+3.5
 Parameter: XMAX <- "-19.3272377"
  
 CHARMM>            calc ymax = ?ymax + @dcut
 Parameter: DCUT -> "3.5"
 RDCMND substituted energy or value "?YMAX" to "11.0008252"
Evaluating: 11.0008252+3.5
 Parameter: YMAX <- "14.5008252"
  
 CHARMM>            calc zmax = ?zmax + @dcut
 Parameter: DCUT -> "3.5"
 RDCMND substituted energy or value "?ZMAX" to "61.1811028"
Evaluating: 61.1811028+3.5
 Parameter: ZMAX <- "64.6811028"
  
 CHARMM>            calc xmin = ?xmin - @dcut
 Parameter: DCUT -> "3.5"
 RDCMND substituted energy or value "?XMIN" to "-22.8272377"
Evaluating: -22.8272377-3.5
 Parameter: XMIN <- "-26.3272377"
  
 CHARMM>            calc ymin = ?ymin - @dcut
 Parameter: DCUT -> "3.5"
 RDCMND substituted energy or value "?YMIN" to "11.0008252"
Evaluating: 11.0008252-3.5
 Parameter: YMIN <- "7.5008252"
  
 CHARMM>            calc zmin = ?zmin - @dcut
 Parameter: DCUT -> "3.5"
 RDCMND substituted energy or value "?ZMIN" to "61.1811028"
Evaluating: 61.1811028-3.5
 Parameter: ZMIN <- "57.6811028"
  
 CHARMM>     
  
 CHARMM>            define JUNK sele .not. target .and. -
 CHARMM>                             prop X .lt. @xmax .and. prop X .gt. @xmin .and. -
 CHARMM>                             prop Y .lt. @ymax .and. prop Y .gt. @ymin .and. -
 CHARMM>                             prop Z .lt. @zmax .and. prop Z .gt. @zmin  end
 Parameter: XMAX -> "-19.3272377"
 Parameter: XMIN -> "-26.3272377"
 Parameter: YMAX -> "14.5008252"
 Parameter: YMIN -> "7.5008252"
 Parameter: ZMAX -> "64.6811028"
 Parameter: ZMIN -> "57.6811028"
 SELRPN>      0 atoms have been selected out of   8612
  
 CHARMM>     
  
 CHARMM>            ! check if the ions are too close to protein
  
 CHARMM>            define XXX sele PROT end
 SELRPN>      0 atoms have been selected out of   8612
  
 CHARMM>            if ?nsel .gt. 0 then
 RDCMND substituted energy or value "?NSEL" to "0"
 Comparing "0" and "0".
 IF test evaluated as false.  Skip to ELSE or ENDIF
  
 CHARMM>     
  
 CHARMM>            ! check if the ions are too close to solute
  
 CHARMM>            coor dist cut 4.0 sele target end sele JUNK .and. .not. hydrogen end image
 SELRPN>      1 atoms have been selected out of  16051
 SELRPN>      0 atoms have been selected out of  16051

            DISTANCES FOR SELECTED ATOMS
            ONLY ONE SELECTION SET SPECIFIED, A COMPARISON WILL BE DONE
 TOTAL EXCLUSION COUNT =         0
 TOTAL 1-4 EXCLUSIONS  =         0
 TOTAL NON-EXCLUSIONS  =         0
  
 CHARMM>            if ?npair .gt. 0 goto doinit
 RDCMND substituted energy or value "?NPAIR" to "0"
 Comparing "0" and "0".
 IF test evaluated as false.  Skipping command
  
 CHARMM>     
  
 CHARMM>            calc cntrand = 0
Evaluating: 0
 Parameter: CNTRAND <- "0"
  
 CHARMM>            increase i by 1
 Parameter: I <- "2"
  
 CHARMM>            if i .le. @nion goto doinit
 Parameter: NION -> "36"
 Comparing "2" and "36".
 IF test evaluated as true.  Performing command
  
 CHARMM>     
  
 CHARMM>            calc cntrand = @cntrand + 1
 Parameter: CNTRAND -> "0"
Evaluating: 0+1
 Parameter: CNTRAND <- "1"
  
 CHARMM>            if cntrand .gt. 100 stop ! ABNORMAL TERMINATION: ion placing may not work.. stop here
 Comparing "1" and "100".
 IF test evaluated as false.  Skipping command
  
 CHARMM>     
  
 CHARMM>            calc j = @i
 Parameter: I -> "2"
Evaluating: 2
 Parameter: J <- "2"
  
 CHARMM>            set ion = POS
 Parameter: ION <- "POS"
  
 CHARMM>     
  
 CHARMM>            if j .gt. @npos then
 Parameter: NPOS -> "18"
 Comparing "2" and "18".
 IF test evaluated as false.  Skip to ELSE or ENDIF
  
 CHARMM>     
  
 CHARMM>            define target select segid @ion .and. resid @j end
 Parameter: ION -> "POS"
 Parameter: J -> "2"
 SELRPN>      1 atoms have been selected out of   8612
  
 CHARMM>     
  
 CHARMM>            calc xpos = @A * ( ?random - 0.5 )
 Parameter: A -> "46.7504011"
 RDCMND substituted energy or value "?RANDOM" to "0.816986912"
Evaluating: 46.7504011*(0.816986912-0.5)
 Parameter: XPOS <- "14.8192653"
  
 CHARMM>            calc ypos = @B * ( ?random - 0.5 )
 Parameter: B -> "46.7504011"
 RDCMND substituted energy or value "?RANDOM" to "0.21650538"
Evaluating: 46.7504011*(0.21650538-0.5)
 Parameter: YPOS <- "-13.2534872"
  
 CHARMM>            calc zpos = @C * ( ?random - 0.5 ) + @zcen
 Parameter: C -> "145"
 Parameter: ZCEN -> "0"
 RDCMND substituted energy or value "?RANDOM" to "0.953856544"
Evaluating: 145*(0.953856544-0.5)+0
 Parameter: ZPOS <- "65.8091989"
  
 CHARMM>     
  
 CHARMM>            if zpos .gt. -15 if zpos .lt. 15 goto doinit
 Comparing "65.8091989" and "-15".
 IF test evaluated as true.  Performing command
 Comparing "65.8091989" and "15".
 IF test evaluated as false.  Skipping command
  
 CHARMM>     
  
 CHARMM>            ! move target to selected position
  
 CHARMM>            coor stat select target end
 SELRPN>      1 atoms have been selected out of   8612
 STATISTICS FOR         1 SELECTED ATOMS:
    XMIN =    0.000000 XMAX =    0.000000 XAVE =    0.000000
    YMIN =    0.000000 YMAX =    0.000000 YAVE =    0.000000
    ZMIN =    0.000000 ZMAX =    0.000000 ZAVE =    0.000000
    WMIN =    1.000000 WMAX =    1.000000 WAVE =    1.000000
  
 CHARMM>            calc xtran = @xpos - ?xave
 Parameter: XPOS -> "14.8192653"
 RDCMND substituted energy or value "?XAVE" to "0"
Evaluating: 14.8192653-0
 Parameter: XTRAN <- "14.8192653"
  
 CHARMM>            calc ytran = @ypos - ?yave
 Parameter: YPOS -> "-13.2534872"
 RDCMND substituted energy or value "?YAVE" to "0"
Evaluating: -13.2534872-0
 Parameter: YTRAN <- "-13.2534872"
  
 CHARMM>            calc ztran = @zpos - ?zave
 Parameter: ZPOS -> "65.8091989"
 RDCMND substituted energy or value "?ZAVE" to "0"
Evaluating: 65.8091989-0
 Parameter: ZTRAN <- "65.8091989"
  
 CHARMM>            coor trans xdir @xtran ydir @ytran zdir @ztran select target end
 Parameter: XTRAN -> "14.8192653"
 Parameter: YTRAN -> "-13.2534872"
 Parameter: ZTRAN -> "65.8091989"
 SELRPN>      1 atoms have been selected out of   8612
 TRANSLATION VECTOR    14.819265  -13.253487   65.809199
 SELECTED COORDINATES TRANSLATED IN THE MAIN SET.

  
 CHARMM>     
  
 CHARMM>            ! apply a random rotation along XYZ
  
 CHARMM>            calc xphi = ?random * 360.0
 RDCMND substituted energy or value "?RANDOM" to "0.47579631"
Evaluating: 0.47579631*360.0
 Parameter: XPHI <- "171.286672"
  
 CHARMM>            calc yphi = ?random * 360.0
 RDCMND substituted energy or value "?RANDOM" to "0.36386736"
Evaluating: 0.36386736*360.0
 Parameter: YPHI <- "130.99225"
  
 CHARMM>            calc zphi = ?random * 360.0
 RDCMND substituted energy or value "?RANDOM" to "1.374437887E-02"
Evaluating: 1.374437887E-02*360.0
 Parameter: ZPHI <- "4.94797639"
  
 CHARMM>            coor rotate xcen @xpos ycen @ypos zcen @zpos xdir 1.0 -
 CHARMM>                phi @xphi select target end
 Parameter: XPOS -> "14.8192653"
 Parameter: YPOS -> "-13.2534872"
 Parameter: ZPOS -> "65.8091989"
 Parameter: XPHI -> "171.286672"
 SELRPN>      1 atoms have been selected out of   8612
 ROTATION MATRIX
    1.000000    0.000000    0.000000
    0.000000   -0.988459    0.151491
    0.000000   -0.151491   -0.988459

 AXIS OF ROTATION IS  1.000000  0.000000  0.000000  ANGLE IS  171.29

 SELECTED COORDINATES ROTATED IN THE MAIN SET.

  
 CHARMM>            coor rotate xcen @xpos ycen @ypos zcen @zpos ydir 1.0 -
 CHARMM>                phi @yphi select target end
 Parameter: XPOS -> "14.8192653"
 Parameter: YPOS -> "-13.2534872"
 Parameter: ZPOS -> "65.8091989"
 Parameter: YPHI -> "130.99225"
 SELRPN>      1 atoms have been selected out of   8612
 ROTATION MATRIX
   -0.655957    0.000000   -0.754798
    0.000000    1.000000    0.000000
    0.754798    0.000000   -0.655957

 AXIS OF ROTATION IS  0.000000  1.000000  0.000000  ANGLE IS  130.99

 SELECTED COORDINATES ROTATED IN THE MAIN SET.

  
 CHARMM>            coor rotate xcen @xpos ycen @ypos zcen @zpos zdir 1.0 -
 CHARMM>                phi @zphi select target end
 Parameter: XPOS -> "14.8192653"
 Parameter: YPOS -> "-13.2534872"
 Parameter: ZPOS -> "65.8091989"
 Parameter: ZPHI -> "4.94797639"
 SELRPN>      1 atoms have been selected out of   8612
 ROTATION MATRIX
    0.996273    0.086251    0.000000
   -0.086251    0.996273    0.000000
    0.000000    0.000000    1.000000

 AXIS OF ROTATION IS  0.000000  0.000000  1.000000  ANGLE IS    4.95

 SELECTED COORDINATES ROTATED IN THE MAIN SET.

  
 CHARMM>     
  
 CHARMM>     
  
 CHARMM>            calc dcut = 3.5
Evaluating: 3.5
 Parameter: DCUT <- "3.5"
  
 CHARMM>     
  
 CHARMM>            coor stat sele target end
 SELRPN>      1 atoms have been selected out of   8612
 STATISTICS FOR         1 SELECTED ATOMS:
    XMIN =   14.819265 XMAX =   14.819265 XAVE =   14.819265
    YMIN =  -13.253487 YMAX =  -13.253487 YAVE =  -13.253487
    ZMIN =   65.809199 ZMAX =   65.809199 ZAVE =   65.809199
    WMIN =    1.000000 WMAX =    1.000000 WAVE =    1.000000
  
 CHARMM>            calc xmax = ?xmax + @dcut
 Parameter: DCUT -> "3.5"
 RDCMND substituted energy or value "?XMAX" to "14.8192653"
Evaluating: 14.8192653+3.5
 Parameter: XMAX <- "18.3192653"
  
 CHARMM>            calc ymax = ?ymax + @dcut
 Parameter: DCUT -> "3.5"
 RDCMND substituted energy or value "?YMAX" to "-13.2534872"
Evaluating: -13.2534872+3.5
 Parameter: YMAX <- "-9.7534872"
  
 CHARMM>            calc zmax = ?zmax + @dcut
 Parameter: DCUT -> "3.5"
 RDCMND substituted energy or value "?ZMAX" to "65.8091989"
Evaluating: 65.8091989+3.5
 Parameter: ZMAX <- "69.3091989"
  
 CHARMM>            calc xmin = ?xmin - @dcut
 Parameter: DCUT -> "3.5"
 RDCMND substituted energy or value "?XMIN" to "14.8192653"
Evaluating: 14.8192653-3.5
 Parameter: XMIN <- "11.3192653"
  
 CHARMM>            calc ymin = ?ymin - @dcut
 Parameter: DCUT -> "3.5"
 RDCMND substituted energy or value "?YMIN" to "-13.2534872"
Evaluating: -13.2534872-3.5
 Parameter: YMIN <- "-16.7534872"
  
 CHARMM>            calc zmin = ?zmin - @dcut
 Parameter: DCUT -> "3.5"
 RDCMND substituted energy or value "?ZMIN" to "65.8091989"
Evaluating: 65.8091989-3.5
 Parameter: ZMIN <- "62.3091989"
  
 CHARMM>     
  
 CHARMM>            define JUNK sele .not. target .and. -
 CHARMM>                             prop X .lt. @xmax .and. prop X .gt. @xmin .and. -
 CHARMM>                             prop Y .lt. @ymax .and. prop Y .gt. @ymin .and. -
 CHARMM>                             prop Z .lt. @zmax .and. prop Z .gt. @zmin  end
 Parameter: XMAX -> "18.3192653"
 Parameter: XMIN -> "11.3192653"
 Parameter: YMAX -> "-9.7534872"
 Parameter: YMIN -> "-16.7534872"
 Parameter: ZMAX -> "69.3091989"
 Parameter: ZMIN -> "62.3091989"
 SELRPN>      0 atoms have been selected out of   8612
  
 CHARMM>     
  
 CHARMM>            ! check if the ions are too close to protein
  
 CHARMM>            define XXX sele PROT end
 SELRPN>      0 atoms have been selected out of   8612
  
 CHARMM>            if ?nsel .gt. 0 then
 RDCMND substituted energy or value "?NSEL" to "0"
 Comparing "0" and "0".
 IF test evaluated as false.  Skip to ELSE or ENDIF
  
 CHARMM>     
  
 CHARMM>            ! check if the ions are too close to solute
  
 CHARMM>            coor dist cut 4.0 sele target end sele JUNK .and. .not. hydrogen end image
 SELRPN>      1 atoms have been selected out of  16051
 SELRPN>      0 atoms have been selected out of  16051

            DISTANCES FOR SELECTED ATOMS
            ONLY ONE SELECTION SET SPECIFIED, A COMPARISON WILL BE DONE
 TOTAL EXCLUSION COUNT =         0
 TOTAL 1-4 EXCLUSIONS  =         0
 TOTAL NON-EXCLUSIONS  =         0
  
 CHARMM>            if ?npair .gt. 0 goto doinit
 RDCMND substituted energy or value "?NPAIR" to "0"
 Comparing "0" and "0".
 IF test evaluated as false.  Skipping command
  
 CHARMM>     
  
 CHARMM>            calc cntrand = 0
Evaluating: 0
 Parameter: CNTRAND <- "0"
  
 CHARMM>            increase i by 1
 Parameter: I <- "3"
  
 CHARMM>            if i .le. @nion goto doinit
 Parameter: NION -> "36"
 Comparing "3" and "36".
 IF test evaluated as true.  Performing command
  
 CHARMM>     
  
 CHARMM>            calc cntrand = @cntrand + 1
 Parameter: CNTRAND -> "0"
Evaluating: 0+1
 Parameter: CNTRAND <- "1"
  
 CHARMM>            if cntrand .gt. 100 stop ! ABNORMAL TERMINATION: ion placing may not work.. stop here
 Comparing "1" and "100".
 IF test evaluated as false.  Skipping command
  
 CHARMM>     
  
 CHARMM>            calc j = @i
 Parameter: I -> "3"
Evaluating: 3
 Parameter: J <- "3"
  
 CHARMM>            set ion = POS
 Parameter: ION <- "POS"
  
 CHARMM>     
  
 CHARMM>            if j .gt. @npos then
 Parameter: NPOS -> "18"
 Comparing "3" and "18".
 IF test evaluated as false.  Skip to ELSE or ENDIF
  
 CHARMM>     
  
 CHARMM>            define target select segid @ion .and. resid @j end
 Parameter: ION -> "POS"
 Parameter: J -> "3"
 SELRPN>      1 atoms have been selected out of   8612
  
 CHARMM>     
  
 CHARMM>            calc xpos = @A * ( ?random - 0.5 )
 Parameter: A -> "46.7504011"
 RDCMND substituted energy or value "?RANDOM" to "0.542191633"
Evaluating: 46.7504011*(0.542191633-0.5)
 Parameter: XPOS <- "1.97247577"
  
 CHARMM>            calc ypos = @B * ( ?random - 0.5 )
 Parameter: B -> "46.7504011"
 RDCMND substituted energy or value "?RANDOM" to "0.247091697"
Evaluating: 46.7504011*(0.247091697-0.5)
 Parameter: YPOS <- "-11.8235646"
  
 CHARMM>            calc zpos = @C * ( ?random - 0.5 ) + @zcen
 Parameter: C -> "145"
 Parameter: ZCEN -> "0"
 RDCMND substituted energy or value "?RANDOM" to "0.454624056"
Evaluating: 145*(0.454624056-0.5)+0
 Parameter: ZPOS <- "-6.57951188"
  
 CHARMM>     
  
 CHARMM>            if zpos .gt. -15 if zpos .lt. 15 goto doinit
 Comparing "-6.57951188" and "-15".
 IF test evaluated as true.  Performing command
 Comparing "-6.57951188" and "15".
 IF test evaluated as true.  Performing command
  
 CHARMM>     
  
 CHARMM>            calc cntrand = @cntrand + 1
 Parameter: CNTRAND -> "1"
Evaluating: 1+1
 Parameter: CNTRAND <- "2"
  
 CHARMM>            if cntrand .gt. 100 stop ! ABNORMAL TERMINATION: ion placing may not work.. stop here
 Comparing "2" and "100".
 IF test evaluated as false.  Skipping command
  
 CHARMM>     
  
 CHARMM>            calc j = @i
 Parameter: I -> "3"
Evaluating: 3
 Parameter: J <- "3"
  
 CHARMM>            set ion = POS
 Parameter: ION <- "POS"
  
 CHARMM>     
  
 CHARMM>            if j .gt. @npos then
 Parameter: NPOS -> "18"
 Comparing "3" and "18".
 IF test evaluated as false.  Skip to ELSE or ENDIF
  
 CHARMM>     
  
 CHARMM>            define target select segid @ion .and. resid @j end
 Parameter: ION -> "POS"
 Parameter: J -> "3"
 SELRPN>      1 atoms have been selected out of   8612
  
 CHARMM>     
  
 CHARMM>            calc xpos = @A * ( ?random - 0.5 )
 Parameter: A -> "46.7504011"
 RDCMND substituted energy or value "?RANDOM" to "0.282328007"
Evaluating: 46.7504011*(0.282328007-0.5)
 Parameter: XPOS <- "-10.176253"
  
 CHARMM>            calc ypos = @B * ( ?random - 0.5 )
 Parameter: B -> "46.7504011"
 RDCMND substituted energy or value "?RANDOM" to "0.837319821"
Evaluating: 46.7504011*(0.837319821-0.5)
 Parameter: YPOS <- "15.7698369"
  
 CHARMM>            calc zpos = @C * ( ?random - 0.5 ) + @zcen
 Parameter: C -> "145"
 Parameter: ZCEN -> "0"
 RDCMND substituted energy or value "?RANDOM" to "9.198996205E-03"
Evaluating: 145*(9.198996205E-03-0.5)+0
 Parameter: ZPOS <- "-71.1661456"
  
 CHARMM>     
  
 CHARMM>            if zpos .gt. -15 if zpos .lt. 15 goto doinit
 Comparing "-71.1661456" and "-15".
 IF test evaluated as false.  Skipping command
  
 CHARMM>     
  
 CHARMM>            ! move target to selected position
  
 CHARMM>            coor stat select target end
 SELRPN>      1 atoms have been selected out of   8612
 STATISTICS FOR         1 SELECTED ATOMS:
    XMIN =    0.000000 XMAX =    0.000000 XAVE =    0.000000
    YMIN =    0.000000 YMAX =    0.000000 YAVE =    0.000000
    ZMIN =    0.000000 ZMAX =    0.000000 ZAVE =    0.000000
    WMIN =    1.000000 WMAX =    1.000000 WAVE =    1.000000
  
 CHARMM>            calc xtran = @xpos - ?xave
 Parameter: XPOS -> "-10.176253"
 RDCMND substituted energy or value "?XAVE" to "0"
Evaluating: -10.176253-0
 Parameter: XTRAN <- "-10.176253"
  
 CHARMM>            calc ytran = @ypos - ?yave
 Parameter: YPOS -> "15.7698369"
 RDCMND substituted energy or value "?YAVE" to "0"
Evaluating: 15.7698369-0
 Parameter: YTRAN <- "15.7698369"
  
 CHARMM>            calc ztran = @zpos - ?zave
 Parameter: ZPOS -> "-71.1661456"
 RDCMND substituted energy or value "?ZAVE" to "0"
Evaluating: -71.1661456-0
 Parameter: ZTRAN <- "-71.1661456"
  
 CHARMM>            coor trans xdir @xtran ydir @ytran zdir @ztran select target end
 Parameter: XTRAN -> "-10.176253"
 Parameter: YTRAN -> "15.7698369"
 Parameter: ZTRAN -> "-71.1661456"
 SELRPN>      1 atoms have been selected out of   8612
 TRANSLATION VECTOR   -10.176253   15.769837  -71.166146
 SELECTED COORDINATES TRANSLATED IN THE MAIN SET.

  
 CHARMM>     
  
 CHARMM>            ! apply a random rotation along XYZ
  
 CHARMM>            calc xphi = ?random * 360.0
 RDCMND substituted energy or value "?RANDOM" to "0.569722902"
Evaluating: 0.569722902*360.0
 Parameter: XPHI <- "205.100245"
  
 CHARMM>            calc yphi = ?random * 360.0
 RDCMND substituted energy or value "?RANDOM" to "0.800160903"
Evaluating: 0.800160903*360.0
 Parameter: YPHI <- "288.057925"
  
 CHARMM>            calc zphi = ?random * 360.0
 RDCMND substituted energy or value "?RANDOM" to "0.496082612"
Evaluating: 0.496082612*360.0
 Parameter: ZPHI <- "178.58974"
  
 CHARMM>            coor rotate xcen @xpos ycen @ypos zcen @zpos xdir 1.0 -
 CHARMM>                phi @xphi select target end
 Parameter: XPOS -> "-10.176253"
 Parameter: YPOS -> "15.7698369"
 Parameter: ZPOS -> "-71.1661456"
 Parameter: XPHI -> "205.100245"
 SELRPN>      1 atoms have been selected out of   8612
 ROTATION MATRIX
    1.000000    0.000000    0.000000
    0.000000   -0.905567   -0.424203
    0.000000    0.424203   -0.905567

 AXIS OF ROTATION IS -1.000000  0.000000  0.000000  ANGLE IS  154.90

 SELECTED COORDINATES ROTATED IN THE MAIN SET.

  
 CHARMM>            coor rotate xcen @xpos ycen @ypos zcen @zpos ydir 1.0 -
 CHARMM>                phi @yphi select target end
 Parameter: XPOS -> "-10.176253"
 Parameter: YPOS -> "15.7698369"
 Parameter: ZPOS -> "-71.1661456"
 Parameter: YPHI -> "288.057925"
 SELRPN>      1 atoms have been selected out of   8612
 ROTATION MATRIX
    0.309978    0.000000    0.950744
    0.000000    1.000000    0.000000
   -0.950744    0.000000    0.309978

 AXIS OF ROTATION IS  0.000000 -1.000000  0.000000  ANGLE IS   71.94

 SELECTED COORDINATES ROTATED IN THE MAIN SET.

  
 CHARMM>            coor rotate xcen @xpos ycen @ypos zcen @zpos zdir 1.0 -
 CHARMM>                phi @zphi select target end
 Parameter: XPOS -> "-10.176253"
 Parameter: YPOS -> "15.7698369"
 Parameter: ZPOS -> "-71.1661456"
 Parameter: ZPHI -> "178.58974"
 SELRPN>      1 atoms have been selected out of   8612
 ROTATION MATRIX
   -0.999697    0.024611    0.000000
   -0.024611   -0.999697    0.000000
    0.000000    0.000000    1.000000

 AXIS OF ROTATION IS  0.000000  0.000000  1.000000  ANGLE IS  178.59

 SELECTED COORDINATES ROTATED IN THE MAIN SET.

  
 CHARMM>     
  
 CHARMM>     
  
 CHARMM>            calc dcut = 3.5
Evaluating: 3.5
 Parameter: DCUT <- "3.5"
  
 CHARMM>     
  
 CHARMM>            coor stat sele target end
 SELRPN>      1 atoms have been selected out of   8612
 STATISTICS FOR         1 SELECTED ATOMS:
    XMIN =  -10.176253 XMAX =  -10.176253 XAVE =  -10.176253
    YMIN =   15.769837 YMAX =   15.769837 YAVE =   15.769837
    ZMIN =  -71.166146 ZMAX =  -71.166146 ZAVE =  -71.166146
    WMIN =    1.000000 WMAX =    1.000000 WAVE =    1.000000
  
 CHARMM>            calc xmax = ?xmax + @dcut
 Parameter: DCUT -> "3.5"
 RDCMND substituted energy or value "?XMAX" to "-10.176253"
Evaluating: -10.176253+3.5
 Parameter: XMAX <- "-6.676253"
  
 CHARMM>            calc ymax = ?ymax + @dcut
 Parameter: DCUT -> "3.5"
 RDCMND substituted energy or value "?YMAX" to "15.7698369"
Evaluating: 15.7698369+3.5
 Parameter: YMAX <- "19.2698369"
  
 CHARMM>            calc zmax = ?zmax + @dcut
 Parameter: DCUT -> "3.5"
 RDCMND substituted energy or value "?ZMAX" to "-71.1661456"
Evaluating: -71.1661456+3.5
 Parameter: ZMAX <- "-67.6661456"
  
 CHARMM>            calc xmin = ?xmin - @dcut
 Parameter: DCUT -> "3.5"
 RDCMND substituted energy or value "?XMIN" to "-10.176253"
Evaluating: -10.176253-3.5
 Parameter: XMIN <- "-13.676253"
  
 CHARMM>            calc ymin = ?ymin - @dcut
 Parameter: DCUT -> "3.5"
 RDCMND substituted energy or value "?YMIN" to "15.7698369"
Evaluating: 15.7698369-3.5
 Parameter: YMIN <- "12.2698369"
  
 CHARMM>            calc zmin = ?zmin - @dcut
 Parameter: DCUT -> "3.5"
 RDCMND substituted energy or value "?ZMIN" to "-71.1661456"
Evaluating: -71.1661456-3.5
 Parameter: ZMIN <- "-74.6661456"
  
 CHARMM>     
  
 CHARMM>            define JUNK sele .not. target .and. -
 CHARMM>                             prop X .lt. @xmax .and. prop X .gt. @xmin .and. -
 CHARMM>                             prop Y .lt. @ymax .and. prop Y .gt. @ymin .and. -
 CHARMM>                             prop Z .lt. @zmax .and. prop Z .gt. @zmin  end
 Parameter: XMAX -> "-6.676253"
 Parameter: XMIN -> "-13.676253"
 Parameter: YMAX -> "19.2698369"
 Parameter: YMIN -> "12.2698369"
 Parameter: ZMAX -> "-67.6661456"
 Parameter: ZMIN -> "-74.6661456"
 SELRPN>      0 atoms have been selected out of   8612
  
 CHARMM>     
  
 CHARMM>            ! check if the ions are too close to protein
  
 CHARMM>            define XXX sele PROT end
 SELRPN>      0 atoms have been selected out of   8612
  
 CHARMM>            if ?nsel .gt. 0 then
 RDCMND substituted energy or value "?NSEL" to "0"
 Comparing "0" and "0".
 IF test evaluated as false.  Skip to ELSE or ENDIF
  
 CHARMM>     
  
 CHARMM>            ! check if the ions are too close to solute
  
 CHARMM>            coor dist cut 4.0 sele target end sele JUNK .and. .not. hydrogen end image
 SELRPN>      1 atoms have been selected out of  16051
 SELRPN>      0 atoms have been selected out of  16051

            DISTANCES FOR SELECTED ATOMS
            ONLY ONE SELECTION SET SPECIFIED, A COMPARISON WILL BE DONE
 TOTAL EXCLUSION COUNT =         0
 TOTAL 1-4 EXCLUSIONS  =         0
 TOTAL NON-EXCLUSIONS  =         0
  
 CHARMM>            if ?npair .gt. 0 goto doinit
 RDCMND substituted energy or value "?NPAIR" to "0"
 Comparing "0" and "0".
 IF test evaluated as false.  Skipping command
  
 CHARMM>     
  
 CHARMM>            calc cntrand = 0
Evaluating: 0
 Parameter: CNTRAND <- "0"
  
 CHARMM>            increase i by 1
 Parameter: I <- "4"
  
 CHARMM>            if i .le. @nion goto doinit
 Parameter: NION -> "36"
 Comparing "4" and "36".
 IF test evaluated as true.  Performing command
  
 CHARMM>     
  
 CHARMM>            calc cntrand = @cntrand + 1
 Parameter: CNTRAND -> "0"
Evaluating: 0+1
 Parameter: CNTRAND <- "1"
  
 CHARMM>            if cntrand .gt. 100 stop ! ABNORMAL TERMINATION: ion placing may not work.. stop here
 Comparing "1" and "100".
 IF test evaluated as false.  Skipping command
  
 CHARMM>     
  
 CHARMM>            calc j = @i
 Parameter: I -> "4"
Evaluating: 4
 Parameter: J <- "4"
  
 CHARMM>            set ion = POS
 Parameter: ION <- "POS"
  
 CHARMM>     
  
 CHARMM>            if j .gt. @npos then
 Parameter: NPOS -> "18"
 Comparing "4" and "18".
 IF test evaluated as false.  Skip to ELSE or ENDIF
  
 CHARMM>     
  
 CHARMM>            define target select segid @ion .and. resid @j end
 Parameter: ION -> "POS"
 Parameter: J -> "4"
 SELRPN>      1 atoms have been selected out of   8612
  
 CHARMM>     
  
 CHARMM>            calc xpos = @A * ( ?random - 0.5 )
 Parameter: A -> "46.7504011"
 RDCMND substituted energy or value "?RANDOM" to "0.933391332"
Evaluating: 46.7504011*(0.933391332-0.5)
 Parameter: XPOS <- "20.2612186"
  
 CHARMM>            calc ypos = @B * ( ?random - 0.5 )
 Parameter: B -> "46.7504011"
 RDCMND substituted energy or value "?RANDOM" to "0.55206841"
Evaluating: 46.7504011*(0.55206841-0.5)
 Parameter: YPOS <- "2.43421905"
  
 CHARMM>            calc zpos = @C * ( ?random - 0.5 ) + @zcen
 Parameter: C -> "145"
 Parameter: ZCEN -> "0"
 RDCMND substituted energy or value "?RANDOM" to "0.163955916"
Evaluating: 145*(0.163955916-0.5)+0
 Parameter: ZPOS <- "-48.7263922"
  
 CHARMM>     
  
 CHARMM>            if zpos .gt. -15 if zpos .lt. 15 goto doinit
 Comparing "-48.7263922" and "-15".
 IF test evaluated as false.  Skipping command
  
 CHARMM>     
  
 CHARMM>            ! move target to selected position
  
 CHARMM>            coor stat select target end
 SELRPN>      1 atoms have been selected out of   8612
 STATISTICS FOR         1 SELECTED ATOMS:
    XMIN =    0.000000 XMAX =    0.000000 XAVE =    0.000000
    YMIN =    0.000000 YMAX =    0.000000 YAVE =    0.000000
    ZMIN =    0.000000 ZMAX =    0.000000 ZAVE =    0.000000
    WMIN =    1.000000 WMAX =    1.000000 WAVE =    1.000000
  
 CHARMM>            calc xtran = @xpos - ?xave
 Parameter: XPOS -> "20.2612186"
 RDCMND substituted energy or value "?XAVE" to "0"
Evaluating: 20.2612186-0
 Parameter: XTRAN <- "20.2612186"
  
 CHARMM>            calc ytran = @ypos - ?yave
 Parameter: YPOS -> "2.43421905"
 RDCMND substituted energy or value "?YAVE" to "0"
Evaluating: 2.43421905-0
 Parameter: YTRAN <- "2.43421905"
  
 CHARMM>            calc ztran = @zpos - ?zave
 Parameter: ZPOS -> "-48.7263922"
 RDCMND substituted energy or value "?ZAVE" to "0"
Evaluating: -48.7263922-0
 Parameter: ZTRAN <- "-48.7263922"
  
 CHARMM>            coor trans xdir @xtran ydir @ytran zdir @ztran select target end
 Parameter: XTRAN -> "20.2612186"
 Parameter: YTRAN -> "2.43421905"
 Parameter: ZTRAN -> "-48.7263922"
 SELRPN>      1 atoms have been selected out of   8612
 TRANSLATION VECTOR    20.261219    2.434219  -48.726392
 SELECTED COORDINATES TRANSLATED IN THE MAIN SET.

  
 CHARMM>     
  
 CHARMM>            ! apply a random rotation along XYZ
  
 CHARMM>            calc xphi = ?random * 360.0
 RDCMND substituted energy or value "?RANDOM" to "0.630206522"
Evaluating: 0.630206522*360.0
 Parameter: XPHI <- "226.874348"
  
 CHARMM>            calc yphi = ?random * 360.0
 RDCMND substituted energy or value "?RANDOM" to "0.478458649"
Evaluating: 0.478458649*360.0
 Parameter: YPHI <- "172.245114"
  
 CHARMM>            calc zphi = ?random * 360.0
 RDCMND substituted energy or value "?RANDOM" to "0.548108435"
Evaluating: 0.548108435*360.0
 Parameter: ZPHI <- "197.319037"
  
 CHARMM>            coor rotate xcen @xpos ycen @ypos zcen @zpos xdir 1.0 -
 CHARMM>                phi @xphi select target end
 Parameter: XPOS -> "20.2612186"
 Parameter: YPOS -> "2.43421905"
 Parameter: ZPOS -> "-48.7263922"
 Parameter: XPHI -> "226.874348"
 SELRPN>      1 atoms have been selected out of   8612
 ROTATION MATRIX
    1.000000    0.000000    0.000000
    0.000000   -0.683601   -0.729856
    0.000000    0.729856   -0.683601

 AXIS OF ROTATION IS -1.000000  0.000000  0.000000  ANGLE IS  133.13

 SELECTED COORDINATES ROTATED IN THE MAIN SET.

  
 CHARMM>            coor rotate xcen @xpos ycen @ypos zcen @zpos ydir 1.0 -
 CHARMM>                phi @yphi select target end
 Parameter: XPOS -> "20.2612186"
 Parameter: YPOS -> "2.43421905"
 Parameter: ZPOS -> "-48.7263922"
 Parameter: YPHI -> "172.245114"
 SELRPN>      1 atoms have been selected out of   8612
 ROTATION MATRIX
   -0.990854    0.000000   -0.134935
    0.000000    1.000000    0.000000
    0.134935    0.000000   -0.990854

 AXIS OF ROTATION IS  0.000000  1.000000  0.000000  ANGLE IS  172.25

 SELECTED COORDINATES ROTATED IN THE MAIN SET.

  
 CHARMM>            coor rotate xcen @xpos ycen @ypos zcen @zpos zdir 1.0 -
 CHARMM>                phi @zphi select target end
 Parameter: XPOS -> "20.2612186"
 Parameter: YPOS -> "2.43421905"
 Parameter: ZPOS -> "-48.7263922"
 Parameter: ZPHI -> "197.319037"
 SELRPN>      1 atoms have been selected out of   8612
 ROTATION MATRIX
   -0.954662   -0.297692    0.000000
    0.297692   -0.954662    0.000000
    0.000000    0.000000    1.000000

 AXIS OF ROTATION IS  0.000000  0.000000 -1.000000  ANGLE IS  162.68

 SELECTED COORDINATES ROTATED IN THE MAIN SET.

  
 CHARMM>     
  
 CHARMM>     
  
 CHARMM>            calc dcut = 3.5
Evaluating: 3.5
 Parameter: DCUT <- "3.5"
  
 CHARMM>     
  
 CHARMM>            coor stat sele target end
 SELRPN>      1 atoms have been selected out of   8612
 STATISTICS FOR         1 SELECTED ATOMS:
    XMIN =   20.261219 XMAX =   20.261219 XAVE =   20.261219
    YMIN =    2.434219 YMAX =    2.434219 YAVE =    2.434219
    ZMIN =  -48.726392 ZMAX =  -48.726392 ZAVE =  -48.726392
    WMIN =    1.000000 WMAX =    1.000000 WAVE =    1.000000
  
 CHARMM>            calc xmax = ?xmax + @dcut
 Parameter: DCUT -> "3.5"
 RDCMND substituted energy or value "?XMAX" to "20.2612186"
Evaluating: 20.2612186+3.5
 Parameter: XMAX <- "23.7612186"
  
 CHARMM>            calc ymax = ?ymax + @dcut
 Parameter: DCUT -> "3.5"
 RDCMND substituted energy or value "?YMAX" to "2.43421905"
Evaluating: 2.43421905+3.5
 Parameter: YMAX <- "5.93421905"
  
 CHARMM>            calc zmax = ?zmax + @dcut
 Parameter: DCUT -> "3.5"
 RDCMND substituted energy or value "?ZMAX" to "-48.7263922"
Evaluating: -48.7263922+3.5
 Parameter: ZMAX <- "-45.2263922"
  
 CHARMM>            calc xmin = ?xmin - @dcut
 Parameter: DCUT -> "3.5"
 RDCMND substituted energy or value "?XMIN" to "20.2612186"
Evaluating: 20.2612186-3.5
 Parameter: XMIN <- "16.7612186"
  
 CHARMM>            calc ymin = ?ymin - @dcut
 Parameter: DCUT -> "3.5"
 RDCMND substituted energy or value "?YMIN" to "2.43421905"
Evaluating: 2.43421905-3.5
 Parameter: YMIN <- "-1.06578095"
  
 CHARMM>            calc zmin = ?zmin - @dcut
 Parameter: DCUT -> "3.5"
 RDCMND substituted energy or value "?ZMIN" to "-48.7263922"
Evaluating: -48.7263922-3.5
 Parameter: ZMIN <- "-52.2263922"
  
 CHARMM>     
  
 CHARMM>            define JUNK sele .not. target .and. -
 CHARMM>                             prop X .lt. @xmax .and. prop X .gt. @xmin .and. -
 CHARMM>                             prop Y .lt. @ymax .and. prop Y .gt. @ymin .and. -
 CHARMM>                             prop Z .lt. @zmax .and. prop Z .gt. @zmin  end
 Parameter: XMAX -> "23.7612186"
 Parameter: XMIN -> "16.7612186"
 Parameter: YMAX -> "5.93421905"
 Parameter: YMIN -> "-1.06578095"
 Parameter: ZMAX -> "-45.2263922"
 Parameter: ZMIN -> "-52.2263922"
 SELRPN>      0 atoms have been selected out of   8612
  
 CHARMM>     
  
 CHARMM>            ! check if the ions are too close to protein
  
 CHARMM>            define XXX sele PROT end
 SELRPN>      0 atoms have been selected out of   8612
  
 CHARMM>            if ?nsel .gt. 0 then
 RDCMND substituted energy or value "?NSEL" to "0"
 Comparing "0" and "0".
 IF test evaluated as false.  Skip to ELSE or ENDIF
  
 CHARMM>     
  
 CHARMM>            ! check if the ions are too close to solute
  
 CHARMM>            coor dist cut 4.0 sele target end sele JUNK .and. .not. hydrogen end image
 SELRPN>      1 atoms have been selected out of  16051
 SELRPN>      0 atoms have been selected out of  16051

            DISTANCES FOR SELECTED ATOMS
            ONLY ONE SELECTION SET SPECIFIED, A COMPARISON WILL BE DONE
 TOTAL EXCLUSION COUNT =         0
 TOTAL 1-4 EXCLUSIONS  =         0
 TOTAL NON-EXCLUSIONS  =         0
  
 CHARMM>            if ?npair .gt. 0 goto doinit
 RDCMND substituted energy or value "?NPAIR" to "0"
 Comparing "0" and "0".
 IF test evaluated as false.  Skipping command
  
 CHARMM>     
  
 CHARMM>            calc cntrand = 0
Evaluating: 0
 Parameter: CNTRAND <- "0"
  
 CHARMM>            increase i by 1
 Parameter: I <- "5"
  
 CHARMM>            if i .le. @nion goto doinit
 Parameter: NION -> "36"
 Comparing "5" and "36".
 IF test evaluated as true.  Performing command
  
 CHARMM>     
  
 CHARMM>            calc cntrand = @cntrand + 1
 Parameter: CNTRAND -> "0"
Evaluating: 0+1
 Parameter: CNTRAND <- "1"
  
 CHARMM>            if cntrand .gt. 100 stop ! ABNORMAL TERMINATION: ion placing may not work.. stop here
 Comparing "1" and "100".
 IF test evaluated as false.  Skipping command
  
 CHARMM>     
  
 CHARMM>            calc j = @i
 Parameter: I -> "5"
Evaluating: 5
 Parameter: J <- "5"
  
 CHARMM>            set ion = POS
 Parameter: ION <- "POS"
  
 CHARMM>     
  
 CHARMM>            if j .gt. @npos then
 Parameter: NPOS -> "18"
 Comparing "5" and "18".
 IF test evaluated as false.  Skip to ELSE or ENDIF
  
 CHARMM>     
  
 CHARMM>            define target select segid @ion .and. resid @j end
 Parameter: ION -> "POS"
 Parameter: J -> "5"
 SELRPN>      1 atoms have been selected out of   8612
  
 CHARMM>     
  
 CHARMM>            calc xpos = @A * ( ?random - 0.5 )
 Parameter: A -> "46.7504011"
 RDCMND substituted energy or value "?RANDOM" to "1.981568037E-02"
Evaluating: 46.7504011*(1.981568037E-02-0.5)
 Parameter: XPOS <- "-22.4488095"
  
 CHARMM>            calc ypos = @B * ( ?random - 0.5 )
 Parameter: B -> "46.7504011"
 RDCMND substituted energy or value "?RANDOM" to "0.63722554"
Evaluating: 46.7504011*(0.63722554-0.5)
 Parameter: YPOS <- "6.41534904"
  
 CHARMM>            calc zpos = @C * ( ?random - 0.5 ) + @zcen
 Parameter: C -> "145"
 Parameter: ZCEN -> "0"
 RDCMND substituted energy or value "?RANDOM" to "0.242165653"
Evaluating: 145*(0.242165653-0.5)+0
 Parameter: ZPOS <- "-37.3859803"
  
 CHARMM>     
  
 CHARMM>            if zpos .gt. -15 if zpos .lt. 15 goto doinit
 Comparing "-37.3859803" and "-15".
 IF test evaluated as false.  Skipping command
  
 CHARMM>     
  
 CHARMM>            ! move target to selected position
  
 CHARMM>            coor stat select target end
 SELRPN>      1 atoms have been selected out of   8612
 STATISTICS FOR         1 SELECTED ATOMS:
    XMIN =    0.000000 XMAX =    0.000000 XAVE =    0.000000
    YMIN =    0.000000 YMAX =    0.000000 YAVE =    0.000000
    ZMIN =    0.000000 ZMAX =    0.000000 ZAVE =    0.000000
    WMIN =    1.000000 WMAX =    1.000000 WAVE =    1.000000
  
 CHARMM>            calc xtran = @xpos - ?xave
 Parameter: XPOS -> "-22.4488095"
 RDCMND substituted energy or value "?XAVE" to "0"
Evaluating: -22.4488095-0
 Parameter: XTRAN <- "-22.4488095"
  
 CHARMM>            calc ytran = @ypos - ?yave
 Parameter: YPOS -> "6.41534904"
 RDCMND substituted energy or value "?YAVE" to "0"
Evaluating: 6.41534904-0
 Parameter: YTRAN <- "6.41534904"
  
 CHARMM>            calc ztran = @zpos - ?zave
 Parameter: ZPOS -> "-37.3859803"
 RDCMND substituted energy or value "?ZAVE" to "0"
Evaluating: -37.3859803-0
 Parameter: ZTRAN <- "-37.3859803"
  
 CHARMM>            coor trans xdir @xtran ydir @ytran zdir @ztran select target end
 Parameter: XTRAN -> "-22.4488095"
 Parameter: YTRAN -> "6.41534904"
 Parameter: ZTRAN -> "-37.3859803"
 SELRPN>      1 atoms have been selected out of   8612
 TRANSLATION VECTOR   -22.448809    6.415349  -37.385980
 SELECTED COORDINATES TRANSLATED IN THE MAIN SET.

  
 CHARMM>     
  
 CHARMM>            ! apply a random rotation along XYZ
  
 CHARMM>            calc xphi = ?random * 360.0
 RDCMND substituted energy or value "?RANDOM" to "0.393808945"
Evaluating: 0.393808945*360.0
 Parameter: XPHI <- "141.77122"
  
 CHARMM>            calc yphi = ?random * 360.0
 RDCMND substituted energy or value "?RANDOM" to "0.697891418"
Evaluating: 0.697891418*360.0
 Parameter: YPHI <- "251.24091"
  
 CHARMM>            calc zphi = ?random * 360.0
 RDCMND substituted energy or value "?RANDOM" to "0.234645235"
Evaluating: 0.234645235*360.0
 Parameter: ZPHI <- "84.4722846"
  
 CHARMM>            coor rotate xcen @xpos ycen @ypos zcen @zpos xdir 1.0 -
 CHARMM>                phi @xphi select target end
 Parameter: XPOS -> "-22.4488095"
 Parameter: YPOS -> "6.41534904"
 Parameter: ZPOS -> "-37.3859803"
 Parameter: XPHI -> "141.77122"
 SELRPN>      1 atoms have been selected out of   8612
 ROTATION MATRIX
    1.000000    0.000000    0.000000
    0.000000   -0.785546    0.618803
    0.000000   -0.618803   -0.785546

 AXIS OF ROTATION IS  1.000000  0.000000  0.000000  ANGLE IS  141.77

 SELECTED COORDINATES ROTATED IN THE MAIN SET.

  
 CHARMM>            coor rotate xcen @xpos ycen @ypos zcen @zpos ydir 1.0 -
 CHARMM>                phi @yphi select target end
 Parameter: XPOS -> "-22.4488095"
 Parameter: YPOS -> "6.41534904"
 Parameter: ZPOS -> "-37.3859803"
 Parameter: YPHI -> "251.24091"
 SELRPN>      1 atoms have been selected out of   8612
 ROTATION MATRIX
   -0.321590    0.000000    0.946879
    0.000000    1.000000    0.000000
   -0.946879    0.000000   -0.321590

 AXIS OF ROTATION IS  0.000000 -1.000000  0.000000  ANGLE IS  108.76

 SELECTED COORDINATES ROTATED IN THE MAIN SET.

  
 CHARMM>            coor rotate xcen @xpos ycen @ypos zcen @zpos zdir 1.0 -
 CHARMM>                phi @zphi select target end
 Parameter: XPOS -> "-22.4488095"
 Parameter: YPOS -> "6.41534904"
 Parameter: ZPOS -> "-37.3859803"
 Parameter: ZPHI -> "84.4722846"
 SELRPN>      1 atoms have been selected out of   8612
 ROTATION MATRIX
    0.096327    0.995350    0.000000
   -0.995350    0.096327    0.000000
    0.000000    0.000000    1.000000

 AXIS OF ROTATION IS  0.000000  0.000000  1.000000  ANGLE IS   84.47

 SELECTED COORDINATES ROTATED IN THE MAIN SET.

  
 CHARMM>     
  
 CHARMM>     
  
 CHARMM>            calc dcut = 3.5
Evaluating: 3.5
 Parameter: DCUT <- "3.5"
  
 CHARMM>     
  
 CHARMM>            coor stat sele target end
 SELRPN>      1 atoms have been selected out of   8612
 STATISTICS FOR         1 SELECTED ATOMS:
    XMIN =  -22.448809 XMAX =  -22.448809 XAVE =  -22.448809
    YMIN =    6.415349 YMAX =    6.415349 YAVE =    6.415349
    ZMIN =  -37.385980 ZMAX =  -37.385980 ZAVE =  -37.385980
    WMIN =    1.000000 WMAX =    1.000000 WAVE =    1.000000
  
 CHARMM>            calc xmax = ?xmax + @dcut
 Parameter: DCUT -> "3.5"
 RDCMND substituted energy or value "?XMAX" to "-22.4488095"
Evaluating: -22.4488095+3.5
 Parameter: XMAX <- "-18.9488095"
  
 CHARMM>            calc ymax = ?ymax + @dcut
 Parameter: DCUT -> "3.5"
 RDCMND substituted energy or value "?YMAX" to "6.41534904"
Evaluating: 6.41534904+3.5
 Parameter: YMAX <- "9.91534904"
  
 CHARMM>            calc zmax = ?zmax + @dcut
 Parameter: DCUT -> "3.5"
 RDCMND substituted energy or value "?ZMAX" to "-37.3859803"
Evaluating: -37.3859803+3.5
 Parameter: ZMAX <- "-33.8859803"
  
 CHARMM>            calc xmin = ?xmin - @dcut
 Parameter: DCUT -> "3.5"
 RDCMND substituted energy or value "?XMIN" to "-22.4488095"
Evaluating: -22.4488095-3.5
 Parameter: XMIN <- "-25.9488095"
  
 CHARMM>            calc ymin = ?ymin - @dcut
 Parameter: DCUT -> "3.5"
 RDCMND substituted energy or value "?YMIN" to "6.41534904"
Evaluating: 6.41534904-3.5
 Parameter: YMIN <- "2.91534904"
  
 CHARMM>            calc zmin = ?zmin - @dcut
 Parameter: DCUT -> "3.5"
 RDCMND substituted energy or value "?ZMIN" to "-37.3859803"
Evaluating: -37.3859803-3.5
 Parameter: ZMIN <- "-40.8859803"
  
 CHARMM>     
  
 CHARMM>            define JUNK sele .not. target .and. -
 CHARMM>                             prop X .lt. @xmax .and. prop X .gt. @xmin .and. -
 CHARMM>                             prop Y .lt. @ymax .and. prop Y .gt. @ymin .and. -
 CHARMM>                             prop Z .lt. @zmax .and. prop Z .gt. @zmin  end
 Parameter: XMAX -> "-18.9488095"
 Parameter: XMIN -> "-25.9488095"
 Parameter: YMAX -> "9.91534904"
 Parameter: YMIN -> "2.91534904"
 Parameter: ZMAX -> "-33.8859803"
 Parameter: ZMIN -> "-40.8859803"
 SELRPN>      0 atoms have been selected out of   8612
  
 CHARMM>     
  
 CHARMM>            ! check if the ions are too close to protein
  
 CHARMM>            define XXX sele PROT end
 SELRPN>      0 atoms have been selected out of   8612
  
 CHARMM>            if ?nsel .gt. 0 then
 RDCMND substituted energy or value "?NSEL" to "0"
 Comparing "0" and "0".
 IF test evaluated as false.  Skip to ELSE or ENDIF
  
 CHARMM>     
  
 CHARMM>            ! check if the ions are too close to solute
  
 CHARMM>            coor dist cut 4.0 sele target end sele JUNK .and. .not. hydrogen end image
 SELRPN>      1 atoms have been selected out of  16051
 SELRPN>      0 atoms have been selected out of  16051

            DISTANCES FOR SELECTED ATOMS
            ONLY ONE SELECTION SET SPECIFIED, A COMPARISON WILL BE DONE
 TOTAL EXCLUSION COUNT =         0
 TOTAL 1-4 EXCLUSIONS  =         0
 TOTAL NON-EXCLUSIONS  =         0
  
 CHARMM>            if ?npair .gt. 0 goto doinit
 RDCMND substituted energy or value "?NPAIR" to "0"
 Comparing "0" and "0".
 IF test evaluated as false.  Skipping command
  
 CHARMM>     
  
 CHARMM>            calc cntrand = 0
Evaluating: 0
 Parameter: CNTRAND <- "0"
  
 CHARMM>            increase i by 1
 Parameter: I <- "6"
  
 CHARMM>            if i .le. @nion goto doinit
 Parameter: NION -> "36"
 Comparing "6" and "36".
 IF test evaluated as true.  Performing command
  
 CHARMM>     
  
 CHARMM>            calc cntrand = @cntrand + 1
 Parameter: CNTRAND -> "0"
Evaluating: 0+1
 Parameter: CNTRAND <- "1"
  
 CHARMM>            if cntrand .gt. 100 stop ! ABNORMAL TERMINATION: ion placing may not work.. stop here
 Comparing "1" and "100".
 IF test evaluated as false.  Skipping command
  
 CHARMM>     
  
 CHARMM>            calc j = @i
 Parameter: I -> "6"
Evaluating: 6
 Parameter: J <- "6"
  
 CHARMM>            set ion = POS
 Parameter: ION <- "POS"
  
 CHARMM>     
  
 CHARMM>            if j .gt. @npos then
 Parameter: NPOS -> "18"
 Comparing "6" and "18".
 IF test evaluated as false.  Skip to ELSE or ENDIF
  
 CHARMM>     
  
 CHARMM>            define target select segid @ion .and. resid @j end
 Parameter: ION -> "POS"
 Parameter: J -> "6"
 SELRPN>      1 atoms have been selected out of   8612
  
 CHARMM>     
  
 CHARMM>            calc xpos = @A * ( ?random - 0.5 )
 Parameter: A -> "46.7504011"
 RDCMND substituted energy or value "?RANDOM" to "0.476780909"
Evaluating: 46.7504011*(0.476780909-0.5)
 Parameter: XPOS <- "-1.08550182"
  
 CHARMM>            calc ypos = @B * ( ?random - 0.5 )
 Parameter: B -> "46.7504011"
 RDCMND substituted energy or value "?RANDOM" to "0.273331974"
Evaluating: 46.7504011*(0.273331974-0.5)
 Parameter: YPOS <- "-10.5968211"
  
 CHARMM>            calc zpos = @C * ( ?random - 0.5 ) + @zcen
 Parameter: C -> "145"
 Parameter: ZCEN -> "0"
 RDCMND substituted energy or value "?RANDOM" to "0.676729993"
Evaluating: 145*(0.676729993-0.5)+0
 Parameter: ZPOS <- "25.625849"
  
 CHARMM>     
  
 CHARMM>            if zpos .gt. -15 if zpos .lt. 15 goto doinit
 Comparing "25.625849" and "-15".
 IF test evaluated as true.  Performing command
 Comparing "25.625849" and "15".
 IF test evaluated as false.  Skipping command
  
 CHARMM>     
  
 CHARMM>            ! move target to selected position
  
 CHARMM>            coor stat select target end
 SELRPN>      1 atoms have been selected out of   8612
 STATISTICS FOR         1 SELECTED ATOMS:
    XMIN =    0.000000 XMAX =    0.000000 XAVE =    0.000000
    YMIN =    0.000000 YMAX =    0.000000 YAVE =    0.000000
    ZMIN =    0.000000 ZMAX =    0.000000 ZAVE =    0.000000
    WMIN =    1.000000 WMAX =    1.000000 WAVE =    1.000000
  
 CHARMM>            calc xtran = @xpos - ?xave
 Parameter: XPOS -> "-1.08550182"
 RDCMND substituted energy or value "?XAVE" to "0"
Evaluating: -1.08550182-0
 Parameter: XTRAN <- "-1.08550182"
  
 CHARMM>            calc ytran = @ypos - ?yave
 Parameter: YPOS -> "-10.5968211"
 RDCMND substituted energy or value "?YAVE" to "0"
Evaluating: -10.5968211-0
 Parameter: YTRAN <- "-10.5968211"
  
 CHARMM>            calc ztran = @zpos - ?zave
 Parameter: ZPOS -> "25.625849"
 RDCMND substituted energy or value "?ZAVE" to "0"
Evaluating: 25.625849-0
 Parameter: ZTRAN <- "25.625849"
  
 CHARMM>            coor trans xdir @xtran ydir @ytran zdir @ztran select target end
 Parameter: XTRAN -> "-1.08550182"
 Parameter: YTRAN -> "-10.5968211"
 Parameter: ZTRAN -> "25.625849"
 SELRPN>      1 atoms have been selected out of   8612
 TRANSLATION VECTOR    -1.085502  -10.596821   25.625849
 SELECTED COORDINATES TRANSLATED IN THE MAIN SET.

  
 CHARMM>     
  
 CHARMM>            ! apply a random rotation along XYZ
  
 CHARMM>            calc xphi = ?random * 360.0
 RDCMND substituted energy or value "?RANDOM" to "0.975745653"
Evaluating: 0.975745653*360.0
 Parameter: XPHI <- "351.268435"
  
 CHARMM>            calc yphi = ?random * 360.0
 RDCMND substituted energy or value "?RANDOM" to "0.255968199"
Evaluating: 0.255968199*360.0
 Parameter: YPHI <- "92.1485516"
  
 CHARMM>            calc zphi = ?random * 360.0
 RDCMND substituted energy or value "?RANDOM" to "0.600878572"
Evaluating: 0.600878572*360.0
 Parameter: ZPHI <- "216.316286"
  
 CHARMM>            coor rotate xcen @xpos ycen @ypos zcen @zpos xdir 1.0 -
 CHARMM>                phi @xphi select target end
 Parameter: XPOS -> "-1.08550182"
 Parameter: YPOS -> "-10.5968211"
 Parameter: ZPOS -> "25.625849"
 Parameter: XPHI -> "351.268435"
 SELRPN>      1 atoms have been selected out of   8612
 ROTATION MATRIX
    1.000000    0.000000    0.000000
    0.000000    0.988410   -0.151805
    0.000000    0.151805    0.988410

 AXIS OF ROTATION IS -1.000000  0.000000  0.000000  ANGLE IS    8.73

 SELECTED COORDINATES ROTATED IN THE MAIN SET.

  
 CHARMM>            coor rotate xcen @xpos ycen @ypos zcen @zpos ydir 1.0 -
 CHARMM>                phi @yphi select target end
 Parameter: XPOS -> "-1.08550182"
 Parameter: YPOS -> "-10.5968211"
 Parameter: ZPOS -> "25.625849"
 Parameter: YPHI -> "92.1485516"
 SELRPN>      1 atoms have been selected out of   8612
 ROTATION MATRIX
   -0.037491    0.000000   -0.999297
    0.000000    1.000000    0.000000
    0.999297    0.000000   -0.037491

 AXIS OF ROTATION IS  0.000000  1.000000  0.000000  ANGLE IS   92.15

 SELECTED COORDINATES ROTATED IN THE MAIN SET.

  
 CHARMM>            coor rotate xcen @xpos ycen @ypos zcen @zpos zdir 1.0 -
 CHARMM>                phi @zphi select target end
 Parameter: XPOS -> "-1.08550182"
 Parameter: YPOS -> "-10.5968211"
 Parameter: ZPOS -> "25.625849"
 Parameter: ZPHI -> "216.316286"
 SELRPN>      1 atoms have been selected out of   8612
 ROTATION MATRIX
   -0.805760   -0.592242    0.000000
    0.592242   -0.805760    0.000000
    0.000000    0.000000    1.000000

 AXIS OF ROTATION IS  0.000000  0.000000 -1.000000  ANGLE IS  143.68

 SELECTED COORDINATES ROTATED IN THE MAIN SET.

  
 CHARMM>     
  
 CHARMM>     
  
 CHARMM>            calc dcut = 3.5
Evaluating: 3.5
 Parameter: DCUT <- "3.5"
  
 CHARMM>     
  
 CHARMM>            coor stat sele target end
 SELRPN>      1 atoms have been selected out of   8612
 STATISTICS FOR         1 SELECTED ATOMS:
    XMIN =   -1.085502 XMAX =   -1.085502 XAVE =   -1.085502
    YMIN =  -10.596821 YMAX =  -10.596821 YAVE =  -10.596821
    ZMIN =   25.625849 ZMAX =   25.625849 ZAVE =   25.625849
    WMIN =    1.000000 WMAX =    1.000000 WAVE =    1.000000
  
 CHARMM>            calc xmax = ?xmax + @dcut
 Parameter: DCUT -> "3.5"
 RDCMND substituted energy or value "?XMAX" to "-1.08550182"
Evaluating: -1.08550182+3.5
 Parameter: XMAX <- "2.41449818"
  
 CHARMM>            calc ymax = ?ymax + @dcut
 Parameter: DCUT -> "3.5"
 RDCMND substituted energy or value "?YMAX" to "-10.5968211"
Evaluating: -10.5968211+3.5
 Parameter: YMAX <- "-7.0968211"
  
 CHARMM>            calc zmax = ?zmax + @dcut
 Parameter: DCUT -> "3.5"
 RDCMND substituted energy or value "?ZMAX" to "25.625849"
Evaluating: 25.625849+3.5
 Parameter: ZMAX <- "29.125849"
  
 CHARMM>            calc xmin = ?xmin - @dcut
 Parameter: DCUT -> "3.5"
 RDCMND substituted energy or value "?XMIN" to "-1.08550182"
Evaluating: -1.08550182-3.5
 Parameter: XMIN <- "-4.58550182"
  
 CHARMM>            calc ymin = ?ymin - @dcut
 Parameter: DCUT -> "3.5"
 RDCMND substituted energy or value "?YMIN" to "-10.5968211"
Evaluating: -10.5968211-3.5
 Parameter: YMIN <- "-14.0968211"
  
 CHARMM>            calc zmin = ?zmin - @dcut
 Parameter: DCUT -> "3.5"
 RDCMND substituted energy or value "?ZMIN" to "25.625849"
Evaluating: 25.625849-3.5
 Parameter: ZMIN <- "22.125849"
  
 CHARMM>     
  
 CHARMM>            define JUNK sele .not. target .and. -
 CHARMM>                             prop X .lt. @xmax .and. prop X .gt. @xmin .and. -
 CHARMM>                             prop Y .lt. @ymax .and. prop Y .gt. @ymin .and. -
 CHARMM>                             prop Z .lt. @zmax .and. prop Z .gt. @zmin  end
 Parameter: XMAX -> "2.41449818"
 Parameter: XMIN -> "-4.58550182"
 Parameter: YMAX -> "-7.0968211"
 Parameter: YMIN -> "-14.0968211"
 Parameter: ZMAX -> "29.125849"
 Parameter: ZMIN -> "22.125849"
 SELRPN>      0 atoms have been selected out of   8612
  
 CHARMM>     
  
 CHARMM>            ! check if the ions are too close to protein
  
 CHARMM>            define XXX sele PROT end
 SELRPN>      0 atoms have been selected out of   8612
  
 CHARMM>            if ?nsel .gt. 0 then
 RDCMND substituted energy or value "?NSEL" to "0"
 Comparing "0" and "0".
 IF test evaluated as false.  Skip to ELSE or ENDIF
  
 CHARMM>     
  
 CHARMM>            ! check if the ions are too close to solute
  
 CHARMM>            coor dist cut 4.0 sele target end sele JUNK .and. .not. hydrogen end image
 SELRPN>      1 atoms have been selected out of  16051
 SELRPN>      0 atoms have been selected out of  16051

            DISTANCES FOR SELECTED ATOMS
            ONLY ONE SELECTION SET SPECIFIED, A COMPARISON WILL BE DONE
 TOTAL EXCLUSION COUNT =         0
 TOTAL 1-4 EXCLUSIONS  =         0
 TOTAL NON-EXCLUSIONS  =         0
  
 CHARMM>            if ?npair .gt. 0 goto doinit
 RDCMND substituted energy or value "?NPAIR" to "0"
 Comparing "0" and "0".
 IF test evaluated as false.  Skipping command
  
 CHARMM>     
  
 CHARMM>            calc cntrand = 0
Evaluating: 0
 Parameter: CNTRAND <- "0"
  
 CHARMM>            increase i by 1
 Parameter: I <- "7"
  
 CHARMM>            if i .le. @nion goto doinit
 Parameter: NION -> "36"
 Comparing "7" and "36".
 IF test evaluated as true.  Performing command
  
 CHARMM>     
  
 CHARMM>            calc cntrand = @cntrand + 1
 Parameter: CNTRAND -> "0"
Evaluating: 0+1
 Parameter: CNTRAND <- "1"
  
 CHARMM>            if cntrand .gt. 100 stop ! ABNORMAL TERMINATION: ion placing may not work.. stop here
 Comparing "1" and "100".
 IF test evaluated as false.  Skipping command
  
 CHARMM>     
  
 CHARMM>            calc j = @i
 Parameter: I -> "7"
Evaluating: 7
 Parameter: J <- "7"
  
 CHARMM>            set ion = POS
 Parameter: ION <- "POS"
  
 CHARMM>     
  
 CHARMM>            if j .gt. @npos then
 Parameter: NPOS -> "18"
 Comparing "7" and "18".
 IF test evaluated as false.  Skip to ELSE or ENDIF
  
 CHARMM>     
  
 CHARMM>            define target select segid @ion .and. resid @j end
 Parameter: ION -> "POS"
 Parameter: J -> "7"
 SELRPN>      1 atoms have been selected out of   8612
  
 CHARMM>     
  
 CHARMM>            calc xpos = @A * ( ?random - 0.5 )
 Parameter: A -> "46.7504011"
 RDCMND substituted energy or value "?RANDOM" to "0.782657896"
Evaluating: 46.7504011*(0.782657896-0.5)
 Parameter: XPOS <- "13.21437"
  
 CHARMM>            calc ypos = @B * ( ?random - 0.5 )
 Parameter: B -> "46.7504011"
 RDCMND substituted energy or value "?RANDOM" to "0.376765993"
Evaluating: 46.7504011*(0.376765993-0.5)
 Parameter: YPOS <- "-5.76123926"
  
 CHARMM>            calc zpos = @C * ( ?random - 0.5 ) + @zcen
 Parameter: C -> "145"
 Parameter: ZCEN -> "0"
 RDCMND substituted energy or value "?RANDOM" to "0.863703438"
Evaluating: 145*(0.863703438-0.5)+0
 Parameter: ZPOS <- "52.7369985"
  
 CHARMM>     
  
 CHARMM>            if zpos .gt. -15 if zpos .lt. 15 goto doinit
 Comparing "52.7369985" and "-15".
 IF test evaluated as true.  Performing command
 Comparing "52.7369985" and "15".
 IF test evaluated as false.  Skipping command
  
 CHARMM>     
  
 CHARMM>            ! move target to selected position
  
 CHARMM>            coor stat select target end
 SELRPN>      1 atoms have been selected out of   8612
 STATISTICS FOR         1 SELECTED ATOMS:
    XMIN =    0.000000 XMAX =    0.000000 XAVE =    0.000000
    YMIN =    0.000000 YMAX =    0.000000 YAVE =    0.000000
    ZMIN =    0.000000 ZMAX =    0.000000 ZAVE =    0.000000
    WMIN =    1.000000 WMAX =    1.000000 WAVE =    1.000000
  
 CHARMM>            calc xtran = @xpos - ?xave
 Parameter: XPOS -> "13.21437"
 RDCMND substituted energy or value "?XAVE" to "0"
Evaluating: 13.21437-0
 Parameter: XTRAN <- "13.21437"
  
 CHARMM>            calc ytran = @ypos - ?yave
 Parameter: YPOS -> "-5.76123926"
 RDCMND substituted energy or value "?YAVE" to "0"
Evaluating: -5.76123926-0
 Parameter: YTRAN <- "-5.76123926"
  
 CHARMM>            calc ztran = @zpos - ?zave
 Parameter: ZPOS -> "52.7369985"
 RDCMND substituted energy or value "?ZAVE" to "0"
Evaluating: 52.7369985-0
 Parameter: ZTRAN <- "52.7369985"
  
 CHARMM>            coor trans xdir @xtran ydir @ytran zdir @ztran select target end
 Parameter: XTRAN -> "13.21437"
 Parameter: YTRAN -> "-5.76123926"
 Parameter: ZTRAN -> "52.7369985"
 SELRPN>      1 atoms have been selected out of   8612
 TRANSLATION VECTOR    13.214370   -5.761239   52.736998
 SELECTED COORDINATES TRANSLATED IN THE MAIN SET.

  
 CHARMM>     
  
 CHARMM>            ! apply a random rotation along XYZ
  
 CHARMM>            calc xphi = ?random * 360.0
 RDCMND substituted energy or value "?RANDOM" to "0.207538892"
Evaluating: 0.207538892*360.0
 Parameter: XPHI <- "74.7140011"
  
 CHARMM>            calc yphi = ?random * 360.0
 RDCMND substituted energy or value "?RANDOM" to "0.719663421"
Evaluating: 0.719663421*360.0
 Parameter: YPHI <- "259.078832"
  
 CHARMM>            calc zphi = ?random * 360.0
 RDCMND substituted energy or value "?RANDOM" to "0.579982839"
Evaluating: 0.579982839*360.0
 Parameter: ZPHI <- "208.793822"
  
 CHARMM>            coor rotate xcen @xpos ycen @ypos zcen @zpos xdir 1.0 -
 CHARMM>                phi @xphi select target end
 Parameter: XPOS -> "13.21437"
 Parameter: YPOS -> "-5.76123926"
 Parameter: ZPOS -> "52.7369985"
 Parameter: XPHI -> "74.7140011"
 SELRPN>      1 atoms have been selected out of   8612
 ROTATION MATRIX
    1.000000    0.000000    0.000000
    0.000000    0.263637    0.964622
    0.000000   -0.964622    0.263637

 AXIS OF ROTATION IS  1.000000  0.000000  0.000000  ANGLE IS   74.71

 SELECTED COORDINATES ROTATED IN THE MAIN SET.

  
 CHARMM>            coor rotate xcen @xpos ycen @ypos zcen @zpos ydir 1.0 -
 CHARMM>                phi @yphi select target end
 Parameter: XPOS -> "13.21437"
 Parameter: YPOS -> "-5.76123926"
 Parameter: ZPOS -> "52.7369985"
 Parameter: YPHI -> "259.078832"
 SELRPN>      1 atoms have been selected out of   8612
 ROTATION MATRIX
   -0.189458    0.000000    0.981889
    0.000000    1.000000    0.000000
   -0.981889    0.000000   -0.189458

 AXIS OF ROTATION IS  0.000000 -1.000000  0.000000  ANGLE IS  100.92

 SELECTED COORDINATES ROTATED IN THE MAIN SET.

  
 CHARMM>            coor rotate xcen @xpos ycen @ypos zcen @zpos zdir 1.0 -
 CHARMM>                phi @zphi select target end
 Parameter: XPOS -> "13.21437"
 Parameter: YPOS -> "-5.76123926"
 Parameter: ZPOS -> "52.7369985"
 Parameter: ZPHI -> "208.793822"
 SELRPN>      1 atoms have been selected out of   8612
 ROTATION MATRIX
   -0.876359   -0.481659    0.000000
    0.481659   -0.876359    0.000000
    0.000000    0.000000    1.000000

 AXIS OF ROTATION IS  0.000000  0.000000 -1.000000  ANGLE IS  151.21

 SELECTED COORDINATES ROTATED IN THE MAIN SET.

  
 CHARMM>     
  
 CHARMM>     
  
 CHARMM>            calc dcut = 3.5
Evaluating: 3.5
 Parameter: DCUT <- "3.5"
  
 CHARMM>     
  
 CHARMM>            coor stat sele target end
 SELRPN>      1 atoms have been selected out of   8612
 STATISTICS FOR         1 SELECTED ATOMS:
    XMIN =   13.214370 XMAX =   13.214370 XAVE =   13.214370
    YMIN =   -5.761239 YMAX =   -5.761239 YAVE =   -5.761239
    ZMIN =   52.736998 ZMAX =   52.736998 ZAVE =   52.736998
    WMIN =    1.000000 WMAX =    1.000000 WAVE =    1.000000
  
 CHARMM>            calc xmax = ?xmax + @dcut
 Parameter: DCUT -> "3.5"
 RDCMND substituted energy or value "?XMAX" to "13.21437"
Evaluating: 13.21437+3.5
 Parameter: XMAX <- "16.71437"
  
 CHARMM>            calc ymax = ?ymax + @dcut
 Parameter: DCUT -> "3.5"
 RDCMND substituted energy or value "?YMAX" to "-5.76123926"
Evaluating: -5.76123926+3.5
 Parameter: YMAX <- "-2.26123926"
  
 CHARMM>            calc zmax = ?zmax + @dcut
 Parameter: DCUT -> "3.5"
 RDCMND substituted energy or value "?ZMAX" to "52.7369985"
Evaluating: 52.7369985+3.5
 Parameter: ZMAX <- "56.2369985"
  
 CHARMM>            calc xmin = ?xmin - @dcut
 Parameter: DCUT -> "3.5"
 RDCMND substituted energy or value "?XMIN" to "13.21437"
Evaluating: 13.21437-3.5
 Parameter: XMIN <- "9.71437"
  
 CHARMM>            calc ymin = ?ymin - @dcut
 Parameter: DCUT -> "3.5"
 RDCMND substituted energy or value "?YMIN" to "-5.76123926"
Evaluating: -5.76123926-3.5
 Parameter: YMIN <- "-9.26123926"
  
 CHARMM>            calc zmin = ?zmin - @dcut
 Parameter: DCUT -> "3.5"
 RDCMND substituted energy or value "?ZMIN" to "52.7369985"
Evaluating: 52.7369985-3.5
 Parameter: ZMIN <- "49.2369985"
  
 CHARMM>     
  
 CHARMM>            define JUNK sele .not. target .and. -
 CHARMM>                             prop X .lt. @xmax .and. prop X .gt. @xmin .and. -
 CHARMM>                             prop Y .lt. @ymax .and. prop Y .gt. @ymin .and. -
 CHARMM>                             prop Z .lt. @zmax .and. prop Z .gt. @zmin  end
 Parameter: XMAX -> "16.71437"
 Parameter: XMIN -> "9.71437"
 Parameter: YMAX -> "-2.26123926"
 Parameter: YMIN -> "-9.26123926"
 Parameter: ZMAX -> "56.2369985"
 Parameter: ZMIN -> "49.2369985"
 SELRPN>      0 atoms have been selected out of   8612
  
 CHARMM>     
  
 CHARMM>            ! check if the ions are too close to protein
  
 CHARMM>            define XXX sele PROT end
 SELRPN>      0 atoms have been selected out of   8612
  
 CHARMM>            if ?nsel .gt. 0 then
 RDCMND substituted energy or value "?NSEL" to "0"
 Comparing "0" and "0".
 IF test evaluated as false.  Skip to ELSE or ENDIF
  
 CHARMM>     
  
 CHARMM>            ! check if the ions are too close to solute
  
 CHARMM>            coor dist cut 4.0 sele target end sele JUNK .and. .not. hydrogen end image
 SELRPN>      1 atoms have been selected out of  16051
 SELRPN>      0 atoms have been selected out of  16051

            DISTANCES FOR SELECTED ATOMS
            ONLY ONE SELECTION SET SPECIFIED, A COMPARISON WILL BE DONE
 TOTAL EXCLUSION COUNT =         0
 TOTAL 1-4 EXCLUSIONS  =         0
 TOTAL NON-EXCLUSIONS  =         0
  
 CHARMM>            if ?npair .gt. 0 goto doinit
 RDCMND substituted energy or value "?NPAIR" to "0"
 Comparing "0" and "0".
 IF test evaluated as false.  Skipping command
  
 CHARMM>     
  
 CHARMM>            calc cntrand = 0
Evaluating: 0
 Parameter: CNTRAND <- "0"
  
 CHARMM>            increase i by 1
 Parameter: I <- "8"
  
 CHARMM>            if i .le. @nion goto doinit
 Parameter: NION -> "36"
 Comparing "8" and "36".
 IF test evaluated as true.  Performing command
  
 CHARMM>     
  
 CHARMM>            calc cntrand = @cntrand + 1
 Parameter: CNTRAND -> "0"
Evaluating: 0+1
 Parameter: CNTRAND <- "1"
  
 CHARMM>            if cntrand .gt. 100 stop ! ABNORMAL TERMINATION: ion placing may not work.. stop here
 Comparing "1" and "100".
 IF test evaluated as false.  Skipping command
  
 CHARMM>     
  
 CHARMM>            calc j = @i
 Parameter: I -> "8"
Evaluating: 8
 Parameter: J <- "8"
  
 CHARMM>            set ion = POS
 Parameter: ION <- "POS"
  
 CHARMM>     
  
 CHARMM>            if j .gt. @npos then
 Parameter: NPOS -> "18"
 Comparing "8" and "18".
 IF test evaluated as false.  Skip to ELSE or ENDIF
  
 CHARMM>     
  
 CHARMM>            define target select segid @ion .and. resid @j end
 Parameter: ION -> "POS"
 Parameter: J -> "8"
 SELRPN>      1 atoms have been selected out of   8612
  
 CHARMM>     
  
 CHARMM>            calc xpos = @A * ( ?random - 0.5 )
 Parameter: A -> "46.7504011"
 RDCMND substituted energy or value "?RANDOM" to "0.240056951"
Evaluating: 46.7504011*(0.240056951-0.5)
 Parameter: XPOS <- "-12.1524418"
  
 CHARMM>            calc ypos = @B * ( ?random - 0.5 )
 Parameter: B -> "46.7504011"
 RDCMND substituted energy or value "?RANDOM" to "0.365555353"
Evaluating: 46.7504011*(0.365555353-0.5)
 Parameter: YPOS <- "-6.28534117"
  
 CHARMM>            calc zpos = @C * ( ?random - 0.5 ) + @zcen
 Parameter: C -> "145"
 Parameter: ZCEN -> "0"
 RDCMND substituted energy or value "?RANDOM" to "0.666197937"
Evaluating: 145*(0.666197937-0.5)+0
 Parameter: ZPOS <- "24.0987009"
  
 CHARMM>     
  
 CHARMM>            if zpos .gt. -15 if zpos .lt. 15 goto doinit
 Comparing "24.0987009" and "-15".
 IF test evaluated as true.  Performing command
 Comparing "24.0987009" and "15".
 IF test evaluated as false.  Skipping command
  
 CHARMM>     
  
 CHARMM>            ! move target to selected position
  
 CHARMM>            coor stat select target end
 SELRPN>      1 atoms have been selected out of   8612
 STATISTICS FOR         1 SELECTED ATOMS:
    XMIN =    0.000000 XMAX =    0.000000 XAVE =    0.000000
    YMIN =    0.000000 YMAX =    0.000000 YAVE =    0.000000
    ZMIN =    0.000000 ZMAX =    0.000000 ZAVE =    0.000000
    WMIN =    1.000000 WMAX =    1.000000 WAVE =    1.000000
  
 CHARMM>            calc xtran = @xpos - ?xave
 Parameter: XPOS -> "-12.1524418"
 RDCMND substituted energy or value "?XAVE" to "0"
Evaluating: -12.1524418-0
 Parameter: XTRAN <- "-12.1524418"
  
 CHARMM>            calc ytran = @ypos - ?yave
 Parameter: YPOS -> "-6.28534117"
 RDCMND substituted energy or value "?YAVE" to "0"
Evaluating: -6.28534117-0
 Parameter: YTRAN <- "-6.28534117"
  
 CHARMM>            calc ztran = @zpos - ?zave
 Parameter: ZPOS -> "24.0987009"
 RDCMND substituted energy or value "?ZAVE" to "0"
Evaluating: 24.0987009-0
 Parameter: ZTRAN <- "24.0987009"
  
 CHARMM>            coor trans xdir @xtran ydir @ytran zdir @ztran select target end
 Parameter: XTRAN -> "-12.1524418"
 Parameter: YTRAN -> "-6.28534117"
 Parameter: ZTRAN -> "24.0987009"
 SELRPN>      1 atoms have been selected out of   8612
 TRANSLATION VECTOR   -12.152442   -6.285341   24.098701
 SELECTED COORDINATES TRANSLATED IN THE MAIN SET.

  
 CHARMM>     
  
 CHARMM>            ! apply a random rotation along XYZ
  
 CHARMM>            calc xphi = ?random * 360.0
 RDCMND substituted energy or value "?RANDOM" to "0.179400293"
Evaluating: 0.179400293*360.0
 Parameter: XPHI <- "64.5841055"
  
 CHARMM>            calc yphi = ?random * 360.0
 RDCMND substituted energy or value "?RANDOM" to "0.246228214"
Evaluating: 0.246228214*360.0
 Parameter: YPHI <- "88.642157"
  
 CHARMM>            calc zphi = ?random * 360.0
 RDCMND substituted energy or value "?RANDOM" to "0.493895111"
Evaluating: 0.493895111*360.0
 Parameter: ZPHI <- "177.80224"
  
 CHARMM>            coor rotate xcen @xpos ycen @ypos zcen @zpos xdir 1.0 -
 CHARMM>                phi @xphi select target end
 Parameter: XPOS -> "-12.1524418"
 Parameter: YPOS -> "-6.28534117"
 Parameter: ZPOS -> "24.0987009"
 Parameter: XPHI -> "64.5841055"
 SELRPN>      1 atoms have been selected out of   8612
 ROTATION MATRIX
    1.000000    0.000000    0.000000
    0.000000    0.429186    0.903216
    0.000000   -0.903216    0.429186

 AXIS OF ROTATION IS  1.000000  0.000000  0.000000  ANGLE IS   64.58

 SELECTED COORDINATES ROTATED IN THE MAIN SET.

  
 CHARMM>            coor rotate xcen @xpos ycen @ypos zcen @zpos ydir 1.0 -
 CHARMM>                phi @yphi select target end
 Parameter: XPOS -> "-12.1524418"
 Parameter: YPOS -> "-6.28534117"
 Parameter: ZPOS -> "24.0987009"
 Parameter: YPHI -> "88.642157"
 SELRPN>      1 atoms have been selected out of   8612
 ROTATION MATRIX
    0.023697    0.000000   -0.999719
    0.000000    1.000000    0.000000
    0.999719    0.000000    0.023697

 AXIS OF ROTATION IS  0.000000  1.000000  0.000000  ANGLE IS   88.64

 SELECTED COORDINATES ROTATED IN THE MAIN SET.

  
 CHARMM>            coor rotate xcen @xpos ycen @ypos zcen @zpos zdir 1.0 -
 CHARMM>                phi @zphi select target end
 Parameter: XPOS -> "-12.1524418"
 Parameter: YPOS -> "-6.28534117"
 Parameter: ZPOS -> "24.0987009"
 Parameter: ZPHI -> "177.80224"
 SELRPN>      1 atoms have been selected out of   8612
 ROTATION MATRIX
   -0.999264    0.038349    0.000000
   -0.038349   -0.999264    0.000000
    0.000000    0.000000    1.000000

 AXIS OF ROTATION IS  0.000000  0.000000  1.000000  ANGLE IS  177.80

 SELECTED COORDINATES ROTATED IN THE MAIN SET.

  
 CHARMM>     
  
 CHARMM>     
  
 CHARMM>            calc dcut = 3.5
Evaluating: 3.5
 Parameter: DCUT <- "3.5"
  
 CHARMM>     
  
 CHARMM>            coor stat sele target end
 SELRPN>      1 atoms have been selected out of   8612
 STATISTICS FOR         1 SELECTED ATOMS:
    XMIN =  -12.152442 XMAX =  -12.152442 XAVE =  -12.152442
    YMIN =   -6.285341 YMAX =   -6.285341 YAVE =   -6.285341
    ZMIN =   24.098701 ZMAX =   24.098701 ZAVE =   24.098701
    WMIN =    1.000000 WMAX =    1.000000 WAVE =    1.000000
  
 CHARMM>            calc xmax = ?xmax + @dcut
 Parameter: DCUT -> "3.5"
 RDCMND substituted energy or value "?XMAX" to "-12.1524418"
Evaluating: -12.1524418+3.5
 Parameter: XMAX <- "-8.6524418"
  
 CHARMM>            calc ymax = ?ymax + @dcut
 Parameter: DCUT -> "3.5"
 RDCMND substituted energy or value "?YMAX" to "-6.28534117"
Evaluating: -6.28534117+3.5
 Parameter: YMAX <- "-2.78534117"
  
 CHARMM>            calc zmax = ?zmax + @dcut
 Parameter: DCUT -> "3.5"
 RDCMND substituted energy or value "?ZMAX" to "24.0987009"
Evaluating: 24.0987009+3.5
 Parameter: ZMAX <- "27.5987009"
  
 CHARMM>            calc xmin = ?xmin - @dcut
 Parameter: DCUT -> "3.5"
 RDCMND substituted energy or value "?XMIN" to "-12.1524418"
Evaluating: -12.1524418-3.5
 Parameter: XMIN <- "-15.6524418"
  
 CHARMM>            calc ymin = ?ymin - @dcut
 Parameter: DCUT -> "3.5"
 RDCMND substituted energy or value "?YMIN" to "-6.28534117"
Evaluating: -6.28534117-3.5
 Parameter: YMIN <- "-9.78534117"
  
 CHARMM>            calc zmin = ?zmin - @dcut
 Parameter: DCUT -> "3.5"
 RDCMND substituted energy or value "?ZMIN" to "24.0987009"
Evaluating: 24.0987009-3.5
 Parameter: ZMIN <- "20.5987009"
  
 CHARMM>     
  
 CHARMM>            define JUNK sele .not. target .and. -
 CHARMM>                             prop X .lt. @xmax .and. prop X .gt. @xmin .and. -
 CHARMM>                             prop Y .lt. @ymax .and. prop Y .gt. @ymin .and. -
 CHARMM>                             prop Z .lt. @zmax .and. prop Z .gt. @zmin  end
 Parameter: XMAX -> "-8.6524418"
 Parameter: XMIN -> "-15.6524418"
 Parameter: YMAX -> "-2.78534117"
 Parameter: YMIN -> "-9.78534117"
 Parameter: ZMAX -> "27.5987009"
 Parameter: ZMIN -> "20.5987009"
 SELRPN>     10 atoms have been selected out of   8612
  
 CHARMM>     
  
 CHARMM>            ! check if the ions are too close to protein
  
 CHARMM>            define XXX sele PROT end
 SELRPN>      0 atoms have been selected out of   8612
  
 CHARMM>            if ?nsel .gt. 0 then
 RDCMND substituted energy or value "?NSEL" to "0"
 Comparing "0" and "0".
 IF test evaluated as false.  Skip to ELSE or ENDIF
  
 CHARMM>     
  
 CHARMM>            ! check if the ions are too close to solute
  
 CHARMM>            coor dist cut 4.0 sele target end sele JUNK .and. .not. hydrogen end image
 SELRPN>      1 atoms have been selected out of  16051
 SELRPN>      4 atoms have been selected out of  16051

            DISTANCES FOR SELECTED ATOMS
 8584 POS      POT      8        POT     -1077 MEMB     POPC     9        C13           3.1792
 TOTAL EXCLUSION COUNT =         0
 TOTAL 1-4 EXCLUSIONS  =         0
 TOTAL NON-EXCLUSIONS  =         1
  
 CHARMM>            if ?npair .gt. 0 goto doinit
 RDCMND substituted energy or value "?NPAIR" to "1"
 Comparing "1" and "0".
 IF test evaluated as true.  Performing command
  
 CHARMM>     
  
 CHARMM>            calc cntrand = @cntrand + 1
 Parameter: CNTRAND -> "1"
Evaluating: 1+1
 Parameter: CNTRAND <- "2"
  
 CHARMM>            if cntrand .gt. 100 stop ! ABNORMAL TERMINATION: ion placing may not work.. stop here
 Comparing "2" and "100".
 IF test evaluated as false.  Skipping command
  
 CHARMM>     
  
 CHARMM>            calc j = @i
 Parameter: I -> "8"
Evaluating: 8
 Parameter: J <- "8"
  
 CHARMM>            set ion = POS
 Parameter: ION <- "POS"
  
 CHARMM>     
  
 CHARMM>            if j .gt. @npos then
 Parameter: NPOS -> "18"
 Comparing "8" and "18".
 IF test evaluated as false.  Skip to ELSE or ENDIF
  
 CHARMM>     
  
 CHARMM>            define target select segid @ion .and. resid @j end
 Parameter: ION -> "POS"
 Parameter: J -> "8"
 SELRPN>      1 atoms have been selected out of   8612
  
 CHARMM>     
  
 CHARMM>            calc xpos = @A * ( ?random - 0.5 )
 Parameter: A -> "46.7504011"
 RDCMND substituted energy or value "?RANDOM" to "0.627533219"
Evaluating: 46.7504011*(0.627533219-0.5)
 Parameter: XPOS <- "5.96222914"
  
 CHARMM>            calc ypos = @B * ( ?random - 0.5 )
 Parameter: B -> "46.7504011"
 RDCMND substituted energy or value "?RANDOM" to "0.449758018"
Evaluating: 46.7504011*(0.449758018-0.5)
 Parameter: YPOS <- "-2.34883281"
  
 CHARMM>            calc zpos = @C * ( ?random - 0.5 ) + @zcen
 Parameter: C -> "145"
 Parameter: ZCEN -> "0"
 RDCMND substituted energy or value "?RANDOM" to "0.582150379"
Evaluating: 145*(0.582150379-0.5)+0
 Parameter: ZPOS <- "11.911805"
  
 CHARMM>     
  
 CHARMM>            if zpos .gt. -15 if zpos .lt. 15 goto doinit
 Comparing "11.911805" and "-15".
 IF test evaluated as true.  Performing command
 Comparing "11.911805" and "15".
 IF test evaluated as true.  Performing command
  
 CHARMM>     
  
 CHARMM>            calc cntrand = @cntrand + 1
 Parameter: CNTRAND -> "2"
Evaluating: 2+1
 Parameter: CNTRAND <- "3"
  
 CHARMM>            if cntrand .gt. 100 stop ! ABNORMAL TERMINATION: ion placing may not work.. stop here
 Comparing "3" and "100".
 IF test evaluated as false.  Skipping command
  
 CHARMM>     
  
 CHARMM>            calc j = @i
 Parameter: I -> "8"
Evaluating: 8
 Parameter: J <- "8"
  
 CHARMM>            set ion = POS
 Parameter: ION <- "POS"
  
 CHARMM>     
  
 CHARMM>            if j .gt. @npos then
 Parameter: NPOS -> "18"
 Comparing "8" and "18".
 IF test evaluated as false.  Skip to ELSE or ENDIF
  
 CHARMM>     
  
 CHARMM>            define target select segid @ion .and. resid @j end
 Parameter: ION -> "POS"
 Parameter: J -> "8"
 SELRPN>      1 atoms have been selected out of   8612
  
 CHARMM>     
  
 CHARMM>            calc xpos = @A * ( ?random - 0.5 )
 Parameter: A -> "46.7504011"
 RDCMND substituted energy or value "?RANDOM" to "0.742193121"
Evaluating: 46.7504011*(0.742193121-0.5)
 Parameter: XPOS <- "11.3226256"
  
 CHARMM>            calc ypos = @B * ( ?random - 0.5 )
 Parameter: B -> "46.7504011"
 RDCMND substituted energy or value "?RANDOM" to "0.452538331"
Evaluating: 46.7504011*(0.452538331-0.5)
 Parameter: YPOS <- "-2.21885206"
  
 CHARMM>            calc zpos = @C * ( ?random - 0.5 ) + @zcen
 Parameter: C -> "145"
 Parameter: ZCEN -> "0"
 RDCMND substituted energy or value "?RANDOM" to "6.092438004E-02"
Evaluating: 145*(6.092438004E-02-0.5)+0
 Parameter: ZPOS <- "-63.6659649"
  
 CHARMM>     
  
 CHARMM>            if zpos .gt. -15 if zpos .lt. 15 goto doinit
 Comparing "-63.6659649" and "-15".
 IF test evaluated as false.  Skipping command
  
 CHARMM>     
  
 CHARMM>            ! move target to selected position
  
 CHARMM>            coor stat select target end
 SELRPN>      1 atoms have been selected out of   8612
 STATISTICS FOR         1 SELECTED ATOMS:
    XMIN =  -12.152442 XMAX =  -12.152442 XAVE =  -12.152442
    YMIN =   -6.285341 YMAX =   -6.285341 YAVE =   -6.285341
    ZMIN =   24.098701 ZMAX =   24.098701 ZAVE =   24.098701
    WMIN =    1.000000 WMAX =    1.000000 WAVE =    1.000000
  
 CHARMM>            calc xtran = @xpos - ?xave
 Parameter: XPOS -> "11.3226256"
 RDCMND substituted energy or value "?XAVE" to "-12.1524418"
Evaluating: 11.3226256--12.1524418
 Parameter: XTRAN <- "23.4750674"
  
 CHARMM>            calc ytran = @ypos - ?yave
 Parameter: YPOS -> "-2.21885206"
 RDCMND substituted energy or value "?YAVE" to "-6.28534117"
Evaluating: -2.21885206--6.28534117
 Parameter: YTRAN <- "4.06648911"
  
 CHARMM>            calc ztran = @zpos - ?zave
 Parameter: ZPOS -> "-63.6659649"
 RDCMND substituted energy or value "?ZAVE" to "24.0987009"
Evaluating: -63.6659649-24.0987009
 Parameter: ZTRAN <- "-87.7646658"
  
 CHARMM>            coor trans xdir @xtran ydir @ytran zdir @ztran select target end
 Parameter: XTRAN -> "23.4750674"
 Parameter: YTRAN -> "4.06648911"
 Parameter: ZTRAN -> "-87.7646658"
 SELRPN>      1 atoms have been selected out of   8612
 TRANSLATION VECTOR    23.475067    4.066489  -87.764666
 SELECTED COORDINATES TRANSLATED IN THE MAIN SET.

  
 CHARMM>     
  
 CHARMM>            ! apply a random rotation along XYZ
  
 CHARMM>            calc xphi = ?random * 360.0
 RDCMND substituted energy or value "?RANDOM" to "0.87549481"
Evaluating: 0.87549481*360.0
 Parameter: XPHI <- "315.178132"
  
 CHARMM>            calc yphi = ?random * 360.0
 RDCMND substituted energy or value "?RANDOM" to "0.751416978"
Evaluating: 0.751416978*360.0
 Parameter: YPHI <- "270.510112"
  
 CHARMM>            calc zphi = ?random * 360.0
 RDCMND substituted energy or value "?RANDOM" to "0.936136436"
Evaluating: 0.936136436*360.0
 Parameter: ZPHI <- "337.009117"
  
 CHARMM>            coor rotate xcen @xpos ycen @ypos zcen @zpos xdir 1.0 -
 CHARMM>                phi @xphi select target end
 Parameter: XPOS -> "11.3226256"
 Parameter: YPOS -> "-2.21885206"
 Parameter: ZPOS -> "-63.6659649"
 Parameter: XPHI -> "315.178132"
 SELRPN>      1 atoms have been selected out of   8612
 ROTATION MATRIX
    1.000000    0.000000    0.000000
    0.000000    0.709302   -0.704905
    0.000000    0.704905    0.709302

 AXIS OF ROTATION IS -1.000000  0.000000  0.000000  ANGLE IS   44.82

 SELECTED COORDINATES ROTATED IN THE MAIN SET.

  
 CHARMM>            coor rotate xcen @xpos ycen @ypos zcen @zpos ydir 1.0 -
 CHARMM>                phi @yphi select target end
 Parameter: XPOS -> "11.3226256"
 Parameter: YPOS -> "-2.21885206"
 Parameter: ZPOS -> "-63.6659649"
 Parameter: YPHI -> "270.510112"
 SELRPN>      1 atoms have been selected out of   8612
 ROTATION MATRIX
    0.008903    0.000000    0.999960
    0.000000    1.000000    0.000000
   -0.999960    0.000000    0.008903

 AXIS OF ROTATION IS  0.000000 -1.000000  0.000000  ANGLE IS   89.49

 SELECTED COORDINATES ROTATED IN THE MAIN SET.

  
 CHARMM>            coor rotate xcen @xpos ycen @ypos zcen @zpos zdir 1.0 -
 CHARMM>                phi @zphi select target end
 Parameter: XPOS -> "11.3226256"
 Parameter: YPOS -> "-2.21885206"
 Parameter: ZPOS -> "-63.6659649"
 Parameter: ZPHI -> "337.009117"
 SELRPN>      1 atoms have been selected out of   8612
 ROTATION MATRIX
    0.920567   -0.390585    0.000000
    0.390585    0.920567    0.000000
    0.000000    0.000000    1.000000

 AXIS OF ROTATION IS  0.000000  0.000000 -1.000000  ANGLE IS   22.99

 SELECTED COORDINATES ROTATED IN THE MAIN SET.

  
 CHARMM>     
  
 CHARMM>     
  
 CHARMM>            calc dcut = 3.5
Evaluating: 3.5
 Parameter: DCUT <- "3.5"
  
 CHARMM>     
  
 CHARMM>            coor stat sele target end
 SELRPN>      1 atoms have been selected out of   8612
 STATISTICS FOR         1 SELECTED ATOMS:
    XMIN =   11.322626 XMAX =   11.322626 XAVE =   11.322626
    YMIN =   -2.218852 YMAX =   -2.218852 YAVE =   -2.218852
    ZMIN =  -63.665965 ZMAX =  -63.665965 ZAVE =  -63.665965
    WMIN =    1.000000 WMAX =    1.000000 WAVE =    1.000000
  
 CHARMM>            calc xmax = ?xmax + @dcut
 Parameter: DCUT -> "3.5"
 RDCMND substituted energy or value "?XMAX" to "11.3226256"
Evaluating: 11.3226256+3.5
 Parameter: XMAX <- "14.8226256"
  
 CHARMM>            calc ymax = ?ymax + @dcut
 Parameter: DCUT -> "3.5"
 RDCMND substituted energy or value "?YMAX" to "-2.21885206"
Evaluating: -2.21885206+3.5
 Parameter: YMAX <- "1.28114794"
  
 CHARMM>            calc zmax = ?zmax + @dcut
 Parameter: DCUT -> "3.5"
 RDCMND substituted energy or value "?ZMAX" to "-63.6659649"
Evaluating: -63.6659649+3.5
 Parameter: ZMAX <- "-60.1659649"
  
 CHARMM>            calc xmin = ?xmin - @dcut
 Parameter: DCUT -> "3.5"
 RDCMND substituted energy or value "?XMIN" to "11.3226256"
Evaluating: 11.3226256-3.5
 Parameter: XMIN <- "7.8226256"
  
 CHARMM>            calc ymin = ?ymin - @dcut
 Parameter: DCUT -> "3.5"
 RDCMND substituted energy or value "?YMIN" to "-2.21885206"
Evaluating: -2.21885206-3.5
 Parameter: YMIN <- "-5.71885206"
  
 CHARMM>            calc zmin = ?zmin - @dcut
 Parameter: DCUT -> "3.5"
 RDCMND substituted energy or value "?ZMIN" to "-63.6659649"
Evaluating: -63.6659649-3.5
 Parameter: ZMIN <- "-67.1659649"
  
 CHARMM>     
  
 CHARMM>            define JUNK sele .not. target .and. -
 CHARMM>                             prop X .lt. @xmax .and. prop X .gt. @xmin .and. -
 CHARMM>                             prop Y .lt. @ymax .and. prop Y .gt. @ymin .and. -
 CHARMM>                             prop Z .lt. @zmax .and. prop Z .gt. @zmin  end
 Parameter: XMAX -> "14.8226256"
 Parameter: XMIN -> "7.8226256"
 Parameter: YMAX -> "1.28114794"
 Parameter: YMIN -> "-5.71885206"
 Parameter: ZMAX -> "-60.1659649"
 Parameter: ZMIN -> "-67.1659649"
 SELRPN>      0 atoms have been selected out of   8612
  
 CHARMM>     
  
 CHARMM>            ! check if the ions are too close to protein
  
 CHARMM>            define XXX sele PROT end
 SELRPN>      0 atoms have been selected out of   8612
  
 CHARMM>            if ?nsel .gt. 0 then
 RDCMND substituted energy or value "?NSEL" to "0"
 Comparing "0" and "0".
 IF test evaluated as false.  Skip to ELSE or ENDIF
  
 CHARMM>     
  
 CHARMM>            ! check if the ions are too close to solute
  
 CHARMM>            coor dist cut 4.0 sele target end sele JUNK .and. .not. hydrogen end image
 SELRPN>      1 atoms have been selected out of  16051
 SELRPN>      0 atoms have been selected out of  16051

            DISTANCES FOR SELECTED ATOMS
            ONLY ONE SELECTION SET SPECIFIED, A COMPARISON WILL BE DONE
 TOTAL EXCLUSION COUNT =         0
 TOTAL 1-4 EXCLUSIONS  =         0
 TOTAL NON-EXCLUSIONS  =         0
  
 CHARMM>            if ?npair .gt. 0 goto doinit
 RDCMND substituted energy or value "?NPAIR" to "0"
 Comparing "0" and "0".
 IF test evaluated as false.  Skipping command
  
 CHARMM>     
  
 CHARMM>            calc cntrand = 0
Evaluating: 0
 Parameter: CNTRAND <- "0"
  
 CHARMM>            increase i by 1
 Parameter: I <- "9"
  
 CHARMM>            if i .le. @nion goto doinit
 Parameter: NION -> "36"
 Comparing "9" and "36".
 IF test evaluated as true.  Performing command
  
 CHARMM>     
  
 CHARMM>            calc cntrand = @cntrand + 1
 Parameter: CNTRAND -> "0"
Evaluating: 0+1
 Parameter: CNTRAND <- "1"
  
 CHARMM>            if cntrand .gt. 100 stop ! ABNORMAL TERMINATION: ion placing may not work.. stop here
 Comparing "1" and "100".
 IF test evaluated as false.  Skipping command
  
 CHARMM>     
  
 CHARMM>            calc j = @i
 Parameter: I -> "9"
Evaluating: 9
 Parameter: J <- "9"
  
 CHARMM>            set ion = POS
 Parameter: ION <- "POS"
  
 CHARMM>     
  
 CHARMM>            if j .gt. @npos then
 Parameter: NPOS -> "18"
 Comparing "9" and "18".
 IF test evaluated as false.  Skip to ELSE or ENDIF
  
 CHARMM>     
  
 CHARMM>            define target select segid @ion .and. resid @j end
 Parameter: ION -> "POS"
 Parameter: J -> "9"
 SELRPN>      1 atoms have been selected out of   8612
  
 CHARMM>     
  
 CHARMM>            calc xpos = @A * ( ?random - 0.5 )
 Parameter: A -> "46.7504011"
 RDCMND substituted energy or value "?RANDOM" to "0.140182386"
Evaluating: 46.7504011*(0.140182386-0.5)
 Parameter: XPOS <- "-16.8216178"
  
 CHARMM>            calc ypos = @B * ( ?random - 0.5 )
 Parameter: B -> "46.7504011"
 RDCMND substituted energy or value "?RANDOM" to "8.750717163E-02"
Evaluating: 46.7504011*(8.750717163E-02-0.5)
 Parameter: YPOS <- "-19.2842052"
  
 CHARMM>            calc zpos = @C * ( ?random - 0.5 ) + @zcen
 Parameter: C -> "145"
 Parameter: ZCEN -> "0"
 RDCMND substituted energy or value "?RANDOM" to "0.760126886"
Evaluating: 145*(0.760126886-0.5)+0
 Parameter: ZPOS <- "37.7183985"
  
 CHARMM>     
  
 CHARMM>            if zpos .gt. -15 if zpos .lt. 15 goto doinit
 Comparing "37.7183985" and "-15".
 IF test evaluated as true.  Performing command
 Comparing "37.7183985" and "15".
 IF test evaluated as false.  Skipping command
  
 CHARMM>     
  
 CHARMM>            ! move target to selected position
  
 CHARMM>            coor stat select target end
 SELRPN>      1 atoms have been selected out of   8612
 STATISTICS FOR         1 SELECTED ATOMS:
    XMIN =    0.000000 XMAX =    0.000000 XAVE =    0.000000
    YMIN =    0.000000 YMAX =    0.000000 YAVE =    0.000000
    ZMIN =    0.000000 ZMAX =    0.000000 ZAVE =    0.000000
    WMIN =    1.000000 WMAX =    1.000000 WAVE =    1.000000
  
 CHARMM>            calc xtran = @xpos - ?xave
 Parameter: XPOS -> "-16.8216178"
 RDCMND substituted energy or value "?XAVE" to "0"
Evaluating: -16.8216178-0
 Parameter: XTRAN <- "-16.8216178"
  
 CHARMM>            calc ytran = @ypos - ?yave
 Parameter: YPOS -> "-19.2842052"
 RDCMND substituted energy or value "?YAVE" to "0"
Evaluating: -19.2842052-0
 Parameter: YTRAN <- "-19.2842052"
  
 CHARMM>            calc ztran = @zpos - ?zave
 Parameter: ZPOS -> "37.7183985"
 RDCMND substituted energy or value "?ZAVE" to "0"
Evaluating: 37.7183985-0
 Parameter: ZTRAN <- "37.7183985"
  
 CHARMM>            coor trans xdir @xtran ydir @ytran zdir @ztran select target end
 Parameter: XTRAN -> "-16.8216178"
 Parameter: YTRAN -> "-19.2842052"
 Parameter: ZTRAN -> "37.7183985"
 SELRPN>      1 atoms have been selected out of   8612
 TRANSLATION VECTOR   -16.821618  -19.284205   37.718398
 SELECTED COORDINATES TRANSLATED IN THE MAIN SET.

  
 CHARMM>     
  
 CHARMM>            ! apply a random rotation along XYZ
  
 CHARMM>            calc xphi = ?random * 360.0
 RDCMND substituted energy or value "?RANDOM" to "0.188566868"
Evaluating: 0.188566868*360.0
 Parameter: XPHI <- "67.8840725"
  
 CHARMM>            calc yphi = ?random * 360.0
 RDCMND substituted energy or value "?RANDOM" to "0.564336732"
Evaluating: 0.564336732*360.0
 Parameter: YPHI <- "203.161224"
  
 CHARMM>            calc zphi = ?random * 360.0
 RDCMND substituted energy or value "?RANDOM" to "0.899488731"
Evaluating: 0.899488731*360.0
 Parameter: ZPHI <- "323.815943"
  
 CHARMM>            coor rotate xcen @xpos ycen @ypos zcen @zpos xdir 1.0 -
 CHARMM>                phi @xphi select target end
 Parameter: XPOS -> "-16.8216178"
 Parameter: YPOS -> "-19.2842052"
 Parameter: ZPOS -> "37.7183985"
 Parameter: XPHI -> "67.8840725"
 SELRPN>      1 atoms have been selected out of   8612
 ROTATION MATRIX
    1.000000    0.000000    0.000000
    0.000000    0.376482    0.926424
    0.000000   -0.926424    0.376482

 AXIS OF ROTATION IS  1.000000  0.000000  0.000000  ANGLE IS   67.88

 SELECTED COORDINATES ROTATED IN THE MAIN SET.

  
 CHARMM>            coor rotate xcen @xpos ycen @ypos zcen @zpos ydir 1.0 -
 CHARMM>                phi @yphi select target end
 Parameter: XPOS -> "-16.8216178"
 Parameter: YPOS -> "-19.2842052"
 Parameter: ZPOS -> "37.7183985"
 Parameter: YPHI -> "203.161224"
 SELRPN>      1 atoms have been selected out of   8612
 ROTATION MATRIX
   -0.919402    0.000000    0.393320
    0.000000    1.000000    0.000000
   -0.393320    0.000000   -0.919402

 AXIS OF ROTATION IS  0.000000 -1.000000  0.000000  ANGLE IS  156.84

 SELECTED COORDINATES ROTATED IN THE MAIN SET.

  
 CHARMM>            coor rotate xcen @xpos ycen @ypos zcen @zpos zdir 1.0 -
 CHARMM>                phi @zphi select target end
 Parameter: XPOS -> "-16.8216178"
 Parameter: YPOS -> "-19.2842052"
 Parameter: ZPOS -> "37.7183985"
 Parameter: ZPHI -> "323.815943"
 SELRPN>      1 atoms have been selected out of   8612
 ROTATION MATRIX
    0.807125   -0.590381    0.000000
    0.590381    0.807125    0.000000
    0.000000    0.000000    1.000000

 AXIS OF ROTATION IS  0.000000  0.000000 -1.000000  ANGLE IS   36.18

 SELECTED COORDINATES ROTATED IN THE MAIN SET.

  
 CHARMM>     
  
 CHARMM>     
  
 CHARMM>            calc dcut = 3.5
Evaluating: 3.5
 Parameter: DCUT <- "3.5"
  
 CHARMM>     
  
 CHARMM>            coor stat sele target end
 SELRPN>      1 atoms have been selected out of   8612
 STATISTICS FOR         1 SELECTED ATOMS:
    XMIN =  -16.821618 XMAX =  -16.821618 XAVE =  -16.821618
    YMIN =  -19.284205 YMAX =  -19.284205 YAVE =  -19.284205
    ZMIN =   37.718398 ZMAX =   37.718398 ZAVE =   37.718398
    WMIN =    1.000000 WMAX =    1.000000 WAVE =    1.000000
  
 CHARMM>            calc xmax = ?xmax + @dcut
 Parameter: DCUT -> "3.5"
 RDCMND substituted energy or value "?XMAX" to "-16.8216178"
Evaluating: -16.8216178+3.5
 Parameter: XMAX <- "-13.3216178"
  
 CHARMM>            calc ymax = ?ymax + @dcut
 Parameter: DCUT -> "3.5"
 RDCMND substituted energy or value "?YMAX" to "-19.2842052"
Evaluating: -19.2842052+3.5
 Parameter: YMAX <- "-15.7842052"
  
 CHARMM>            calc zmax = ?zmax + @dcut
 Parameter: DCUT -> "3.5"
 RDCMND substituted energy or value "?ZMAX" to "37.7183985"
Evaluating: 37.7183985+3.5
 Parameter: ZMAX <- "41.2183985"
  
 CHARMM>            calc xmin = ?xmin - @dcut
 Parameter: DCUT -> "3.5"
 RDCMND substituted energy or value "?XMIN" to "-16.8216178"
Evaluating: -16.8216178-3.5
 Parameter: XMIN <- "-20.3216178"
  
 CHARMM>            calc ymin = ?ymin - @dcut
 Parameter: DCUT -> "3.5"
 RDCMND substituted energy or value "?YMIN" to "-19.2842052"
Evaluating: -19.2842052-3.5
 Parameter: YMIN <- "-22.7842052"
  
 CHARMM>            calc zmin = ?zmin - @dcut
 Parameter: DCUT -> "3.5"
 RDCMND substituted energy or value "?ZMIN" to "37.7183985"
Evaluating: 37.7183985-3.5
 Parameter: ZMIN <- "34.2183985"
  
 CHARMM>     
  
 CHARMM>            define JUNK sele .not. target .and. -
 CHARMM>                             prop X .lt. @xmax .and. prop X .gt. @xmin .and. -
 CHARMM>                             prop Y .lt. @ymax .and. prop Y .gt. @ymin .and. -
 CHARMM>                             prop Z .lt. @zmax .and. prop Z .gt. @zmin  end
 Parameter: XMAX -> "-13.3216178"
 Parameter: XMIN -> "-20.3216178"
 Parameter: YMAX -> "-15.7842052"
 Parameter: YMIN -> "-22.7842052"
 Parameter: ZMAX -> "41.2183985"
 Parameter: ZMIN -> "34.2183985"
 SELRPN>      0 atoms have been selected out of   8612
  
 CHARMM>     
  
 CHARMM>            ! check if the ions are too close to protein
  
 CHARMM>            define XXX sele PROT end
 SELRPN>      0 atoms have been selected out of   8612
  
 CHARMM>            if ?nsel .gt. 0 then
 RDCMND substituted energy or value "?NSEL" to "0"
 Comparing "0" and "0".
 IF test evaluated as false.  Skip to ELSE or ENDIF
  
 CHARMM>     
  
 CHARMM>            ! check if the ions are too close to solute
  
 CHARMM>            coor dist cut 4.0 sele target end sele JUNK .and. .not. hydrogen end image
 SELRPN>      1 atoms have been selected out of  16051
 SELRPN>      0 atoms have been selected out of  16051

            DISTANCES FOR SELECTED ATOMS
            ONLY ONE SELECTION SET SPECIFIED, A COMPARISON WILL BE DONE
 TOTAL EXCLUSION COUNT =         0
 TOTAL 1-4 EXCLUSIONS  =         0
 TOTAL NON-EXCLUSIONS  =         0
  
 CHARMM>            if ?npair .gt. 0 goto doinit
 RDCMND substituted energy or value "?NPAIR" to "0"
 Comparing "0" and "0".
 IF test evaluated as false.  Skipping command
  
 CHARMM>     
  
 CHARMM>            calc cntrand = 0
Evaluating: 0
 Parameter: CNTRAND <- "0"
  
 CHARMM>            increase i by 1
 Parameter: I <- "10"
  
 CHARMM>            if i .le. @nion goto doinit
 Parameter: NION -> "36"
 Comparing "10" and "36".
 IF test evaluated as true.  Performing command
  
 CHARMM>     
  
 CHARMM>            calc cntrand = @cntrand + 1
 Parameter: CNTRAND -> "0"
Evaluating: 0+1
 Parameter: CNTRAND <- "1"
  
 CHARMM>            if cntrand .gt. 100 stop ! ABNORMAL TERMINATION: ion placing may not work.. stop here
 Comparing "1" and "100".
 IF test evaluated as false.  Skipping command
  
 CHARMM>     
  
 CHARMM>            calc j = @i
 Parameter: I -> "10"
Evaluating: 10
 Parameter: J <- "10"
  
 CHARMM>            set ion = POS
 Parameter: ION <- "POS"
  
 CHARMM>     
  
 CHARMM>            if j .gt. @npos then
 Parameter: NPOS -> "18"
 Comparing "10" and "18".
 IF test evaluated as false.  Skip to ELSE or ENDIF
  
 CHARMM>     
  
 CHARMM>            define target select segid @ion .and. resid @j end
 Parameter: ION -> "POS"
 Parameter: J -> "10"
 SELRPN>      1 atoms have been selected out of   8612
  
 CHARMM>     
  
 CHARMM>            calc xpos = @A * ( ?random - 0.5 )
 Parameter: A -> "46.7504011"
 RDCMND substituted energy or value "?RANDOM" to "0.513793141"
Evaluating: 46.7504011*(0.513793141-0.5)
 Parameter: XPOS <- "0.644834874"
  
 CHARMM>            calc ypos = @B * ( ?random - 0.5 )
 Parameter: B -> "46.7504011"
 RDCMND substituted energy or value "?RANDOM" to "0.518334147"
Evaluating: 46.7504011*(0.518334147-0.5)
 Parameter: YPOS <- "0.857128726"
  
 CHARMM>            calc zpos = @C * ( ?random - 0.5 ) + @zcen
 Parameter: C -> "145"
 Parameter: ZCEN -> "0"
 RDCMND substituted energy or value "?RANDOM" to "0.952140845"
Evaluating: 145*(0.952140845-0.5)+0
 Parameter: ZPOS <- "65.5604225"
  
 CHARMM>     
  
 CHARMM>            if zpos .gt. -15 if zpos .lt. 15 goto doinit
 Comparing "65.5604225" and "-15".
 IF test evaluated as true.  Performing command
 Comparing "65.5604225" and "15".
 IF test evaluated as false.  Skipping command
  
 CHARMM>     
  
 CHARMM>            ! move target to selected position
  
 CHARMM>            coor stat select target end
 SELRPN>      1 atoms have been selected out of   8612
 STATISTICS FOR         1 SELECTED ATOMS:
    XMIN =    0.000000 XMAX =    0.000000 XAVE =    0.000000
    YMIN =    0.000000 YMAX =    0.000000 YAVE =    0.000000
    ZMIN =    0.000000 ZMAX =    0.000000 ZAVE =    0.000000
    WMIN =    1.000000 WMAX =    1.000000 WAVE =    1.000000
  
 CHARMM>            calc xtran = @xpos - ?xave
 Parameter: XPOS -> "0.644834874"
 RDCMND substituted energy or value "?XAVE" to "0"
Evaluating: 0.644834874-0
 Parameter: XTRAN <- "0.644834874"
  
 CHARMM>            calc ytran = @ypos - ?yave
 Parameter: YPOS -> "0.857128726"
 RDCMND substituted energy or value "?YAVE" to "0"
Evaluating: 0.857128726-0
 Parameter: YTRAN <- "0.857128726"
  
 CHARMM>            calc ztran = @zpos - ?zave
 Parameter: ZPOS -> "65.5604225"
 RDCMND substituted energy or value "?ZAVE" to "0"
Evaluating: 65.5604225-0
 Parameter: ZTRAN <- "65.5604225"
  
 CHARMM>            coor trans xdir @xtran ydir @ytran zdir @ztran select target end
 Parameter: XTRAN -> "0.644834874"
 Parameter: YTRAN -> "0.857128726"
 Parameter: ZTRAN -> "65.5604225"
 SELRPN>      1 atoms have been selected out of   8612
 TRANSLATION VECTOR     0.644835    0.857129   65.560423
 SELECTED COORDINATES TRANSLATED IN THE MAIN SET.

  
 CHARMM>     
  
 CHARMM>            ! apply a random rotation along XYZ
  
 CHARMM>            calc xphi = ?random * 360.0
 RDCMND substituted energy or value "?RANDOM" to "0.662383076"
Evaluating: 0.662383076*360.0
 Parameter: XPHI <- "238.457907"
  
 CHARMM>            calc yphi = ?random * 360.0
 RDCMND substituted energy or value "?RANDOM" to "0.399634857"
Evaluating: 0.399634857*360.0
 Parameter: YPHI <- "143.868549"
  
 CHARMM>            calc zphi = ?random * 360.0
 RDCMND substituted energy or value "?RANDOM" to "0.646136592"
Evaluating: 0.646136592*360.0
 Parameter: ZPHI <- "232.609173"
  
 CHARMM>            coor rotate xcen @xpos ycen @ypos zcen @zpos xdir 1.0 -
 CHARMM>                phi @xphi select target end
 Parameter: XPOS -> "0.644834874"
 Parameter: YPOS -> "0.857128726"
 Parameter: ZPOS -> "65.5604225"
 Parameter: XPHI -> "238.457907"
 SELRPN>      1 atoms have been selected out of   8612
 ROTATION MATRIX
    1.000000    0.000000    0.000000
    0.000000   -0.523125   -0.852256
    0.000000    0.852256   -0.523125

 AXIS OF ROTATION IS -1.000000  0.000000  0.000000  ANGLE IS  121.54

 SELECTED COORDINATES ROTATED IN THE MAIN SET.

  
 CHARMM>            coor rotate xcen @xpos ycen @ypos zcen @zpos ydir 1.0 -
 CHARMM>                phi @yphi select target end
 Parameter: XPOS -> "0.644834874"
 Parameter: YPOS -> "0.857128726"
 Parameter: ZPOS -> "65.5604225"
 Parameter: YPHI -> "143.868549"
 SELRPN>      1 atoms have been selected out of   8612
 ROTATION MATRIX
   -0.807666    0.000000   -0.589640
    0.000000    1.000000    0.000000
    0.589640    0.000000   -0.807666

 AXIS OF ROTATION IS  0.000000  1.000000  0.000000  ANGLE IS  143.87

 SELECTED COORDINATES ROTATED IN THE MAIN SET.

  
 CHARMM>            coor rotate xcen @xpos ycen @ypos zcen @zpos zdir 1.0 -
 CHARMM>                phi @zphi select target end
 Parameter: XPOS -> "0.644834874"
 Parameter: YPOS -> "0.857128726"
 Parameter: ZPOS -> "65.5604225"
 Parameter: ZPHI -> "232.609173"
 SELRPN>      1 atoms have been selected out of   8612
 ROTATION MATRIX
   -0.607249   -0.794512    0.000000
    0.794512   -0.607249    0.000000
    0.000000    0.000000    1.000000

 AXIS OF ROTATION IS  0.000000  0.000000 -1.000000  ANGLE IS  127.39

 SELECTED COORDINATES ROTATED IN THE MAIN SET.

  
 CHARMM>     
  
 CHARMM>     
  
 CHARMM>            calc dcut = 3.5
Evaluating: 3.5
 Parameter: DCUT <- "3.5"
  
 CHARMM>     
  
 CHARMM>            coor stat sele target end
 SELRPN>      1 atoms have been selected out of   8612
 STATISTICS FOR         1 SELECTED ATOMS:
    XMIN =    0.644835 XMAX =    0.644835 XAVE =    0.644835
    YMIN =    0.857129 YMAX =    0.857129 YAVE =    0.857129
    ZMIN =   65.560423 ZMAX =   65.560423 ZAVE =   65.560423
    WMIN =    1.000000 WMAX =    1.000000 WAVE =    1.000000
  
 CHARMM>            calc xmax = ?xmax + @dcut
 Parameter: DCUT -> "3.5"
 RDCMND substituted energy or value "?XMAX" to "0.644834874"
Evaluating: 0.644834874+3.5
 Parameter: XMAX <- "4.14483487"
  
 CHARMM>            calc ymax = ?ymax + @dcut
 Parameter: DCUT -> "3.5"
 RDCMND substituted energy or value "?YMAX" to "0.857128726"
Evaluating: 0.857128726+3.5
 Parameter: YMAX <- "4.35712873"
  
 CHARMM>            calc zmax = ?zmax + @dcut
 Parameter: DCUT -> "3.5"
 RDCMND substituted energy or value "?ZMAX" to "65.5604225"
Evaluating: 65.5604225+3.5
 Parameter: ZMAX <- "69.0604225"
  
 CHARMM>            calc xmin = ?xmin - @dcut
 Parameter: DCUT -> "3.5"
 RDCMND substituted energy or value "?XMIN" to "0.644834874"
Evaluating: 0.644834874-3.5
 Parameter: XMIN <- "-2.85516513"
  
 CHARMM>            calc ymin = ?ymin - @dcut
 Parameter: DCUT -> "3.5"
 RDCMND substituted energy or value "?YMIN" to "0.857128726"
Evaluating: 0.857128726-3.5
 Parameter: YMIN <- "-2.64287127"
  
 CHARMM>            calc zmin = ?zmin - @dcut
 Parameter: DCUT -> "3.5"
 RDCMND substituted energy or value "?ZMIN" to "65.5604225"
Evaluating: 65.5604225-3.5
 Parameter: ZMIN <- "62.0604225"
  
 CHARMM>     
  
 CHARMM>            define JUNK sele .not. target .and. -
 CHARMM>                             prop X .lt. @xmax .and. prop X .gt. @xmin .and. -
 CHARMM>                             prop Y .lt. @ymax .and. prop Y .gt. @ymin .and. -
 CHARMM>                             prop Z .lt. @zmax .and. prop Z .gt. @zmin  end
 Parameter: XMAX -> "4.14483487"
 Parameter: XMIN -> "-2.85516513"
 Parameter: YMAX -> "4.35712873"
 Parameter: YMIN -> "-2.64287127"
 Parameter: ZMAX -> "69.0604225"
 Parameter: ZMIN -> "62.0604225"
 SELRPN>      0 atoms have been selected out of   8612
  
 CHARMM>     
  
 CHARMM>            ! check if the ions are too close to protein
  
 CHARMM>            define XXX sele PROT end
 SELRPN>      0 atoms have been selected out of   8612
  
 CHARMM>            if ?nsel .gt. 0 then
 RDCMND substituted energy or value "?NSEL" to "0"
 Comparing "0" and "0".
 IF test evaluated as false.  Skip to ELSE or ENDIF
  
 CHARMM>     
  
 CHARMM>            ! check if the ions are too close to solute
  
 CHARMM>            coor dist cut 4.0 sele target end sele JUNK .and. .not. hydrogen end image
 SELRPN>      1 atoms have been selected out of  16051
 SELRPN>      0 atoms have been selected out of  16051

            DISTANCES FOR SELECTED ATOMS
            ONLY ONE SELECTION SET SPECIFIED, A COMPARISON WILL BE DONE
 TOTAL EXCLUSION COUNT =         0
 TOTAL 1-4 EXCLUSIONS  =         0
 TOTAL NON-EXCLUSIONS  =         0
  
 CHARMM>            if ?npair .gt. 0 goto doinit
 RDCMND substituted energy or value "?NPAIR" to "0"
 Comparing "0" and "0".
 IF test evaluated as false.  Skipping command
  
 CHARMM>     
  
 CHARMM>            calc cntrand = 0
Evaluating: 0
 Parameter: CNTRAND <- "0"
  
 CHARMM>            increase i by 1
 Parameter: I <- "11"
  
 CHARMM>            if i .le. @nion goto doinit
 Parameter: NION -> "36"
 Comparing "11" and "36".
 IF test evaluated as true.  Performing command
  
 CHARMM>     
  
 CHARMM>            calc cntrand = @cntrand + 1
 Parameter: CNTRAND -> "0"
Evaluating: 0+1
 Parameter: CNTRAND <- "1"
  
 CHARMM>            if cntrand .gt. 100 stop ! ABNORMAL TERMINATION: ion placing may not work.. stop here
 Comparing "1" and "100".
 IF test evaluated as false.  Skipping command
  
 CHARMM>     
  
 CHARMM>            calc j = @i
 Parameter: I -> "11"
Evaluating: 11
 Parameter: J <- "11"
  
 CHARMM>            set ion = POS
 Parameter: ION <- "POS"
  
 CHARMM>     
  
 CHARMM>            if j .gt. @npos then
 Parameter: NPOS -> "18"
 Comparing "11" and "18".
 IF test evaluated as false.  Skip to ELSE or ENDIF
  
 CHARMM>     
  
 CHARMM>            define target select segid @ion .and. resid @j end
 Parameter: ION -> "POS"
 Parameter: J -> "11"
 SELRPN>      1 atoms have been selected out of   8612
  
 CHARMM>     
  
 CHARMM>            calc xpos = @A * ( ?random - 0.5 )
 Parameter: A -> "46.7504011"
 RDCMND substituted energy or value "?RANDOM" to "0.774606007"
Evaluating: 46.7504011*(0.774606007-0.5)
 Parameter: XPOS <- "12.837941"
  
 CHARMM>            calc ypos = @B * ( ?random - 0.5 )
 Parameter: B -> "46.7504011"
 RDCMND substituted energy or value "?RANDOM" to "2.423176297E-02"
Evaluating: 46.7504011*(2.423176297E-02-0.5)
 Parameter: YPOS <- "-22.2423559"
  
 CHARMM>            calc zpos = @C * ( ?random - 0.5 ) + @zcen
 Parameter: C -> "145"
 Parameter: ZCEN -> "0"
 RDCMND substituted energy or value "?RANDOM" to "0.77122254"
Evaluating: 145*(0.77122254-0.5)+0
 Parameter: ZPOS <- "39.3272683"
  
 CHARMM>     
  
 CHARMM>            if zpos .gt. -15 if zpos .lt. 15 goto doinit
 Comparing "39.3272683" and "-15".
 IF test evaluated as true.  Performing command
 Comparing "39.3272683" and "15".
 IF test evaluated as false.  Skipping command
  
 CHARMM>     
  
 CHARMM>            ! move target to selected position
  
 CHARMM>            coor stat select target end
 SELRPN>      1 atoms have been selected out of   8612
 STATISTICS FOR         1 SELECTED ATOMS:
    XMIN =    0.000000 XMAX =    0.000000 XAVE =    0.000000
    YMIN =    0.000000 YMAX =    0.000000 YAVE =    0.000000
    ZMIN =    0.000000 ZMAX =    0.000000 ZAVE =    0.000000
    WMIN =    1.000000 WMAX =    1.000000 WAVE =    1.000000
  
 CHARMM>            calc xtran = @xpos - ?xave
 Parameter: XPOS -> "12.837941"
 RDCMND substituted energy or value "?XAVE" to "0"
Evaluating: 12.837941-0
 Parameter: XTRAN <- "12.837941"
  
 CHARMM>            calc ytran = @ypos - ?yave
 Parameter: YPOS -> "-22.2423559"
 RDCMND substituted energy or value "?YAVE" to "0"
Evaluating: -22.2423559-0
 Parameter: YTRAN <- "-22.2423559"
  
 CHARMM>            calc ztran = @zpos - ?zave
 Parameter: ZPOS -> "39.3272683"
 RDCMND substituted energy or value "?ZAVE" to "0"
Evaluating: 39.3272683-0
 Parameter: ZTRAN <- "39.3272683"
  
 CHARMM>            coor trans xdir @xtran ydir @ytran zdir @ztran select target end
 Parameter: XTRAN -> "12.837941"
 Parameter: YTRAN -> "-22.2423559"
 Parameter: ZTRAN -> "39.3272683"
 SELRPN>      1 atoms have been selected out of   8612
 TRANSLATION VECTOR    12.837941  -22.242356   39.327268
 SELECTED COORDINATES TRANSLATED IN THE MAIN SET.

  
 CHARMM>     
  
 CHARMM>            ! apply a random rotation along XYZ
  
 CHARMM>            calc xphi = ?random * 360.0
 RDCMND substituted energy or value "?RANDOM" to "0.401701814"
Evaluating: 0.401701814*360.0
 Parameter: XPHI <- "144.612653"
  
 CHARMM>            calc yphi = ?random * 360.0
 RDCMND substituted energy or value "?RANDOM" to "0.249216245"
Evaluating: 0.249216245*360.0
 Parameter: YPHI <- "89.7178482"
  
 CHARMM>            calc zphi = ?random * 360.0
 RDCMND substituted energy or value "?RANDOM" to "0.405007075"
Evaluating: 0.405007075*360.0
 Parameter: ZPHI <- "145.802547"
  
 CHARMM>            coor rotate xcen @xpos ycen @ypos zcen @zpos xdir 1.0 -
 CHARMM>                phi @xphi select target end
 Parameter: XPOS -> "12.837941"
 Parameter: YPOS -> "-22.2423559"
 Parameter: ZPOS -> "39.3272683"
 Parameter: XPHI -> "144.612653"
 SELRPN>      1 atoms have been selected out of   8612
 ROTATION MATRIX
    1.000000    0.000000    0.000000
    0.000000   -0.815256    0.579101
    0.000000   -0.579101   -0.815256

 AXIS OF ROTATION IS  1.000000  0.000000  0.000000  ANGLE IS  144.61

 SELECTED COORDINATES ROTATED IN THE MAIN SET.

  
 CHARMM>            coor rotate xcen @xpos ycen @ypos zcen @zpos ydir 1.0 -
 CHARMM>                phi @yphi select target end
 Parameter: XPOS -> "12.837941"
 Parameter: YPOS -> "-22.2423559"
 Parameter: ZPOS -> "39.3272683"
 Parameter: YPHI -> "89.7178482"
 SELRPN>      1 atoms have been selected out of   8612
 ROTATION MATRIX
    0.004924    0.000000   -0.999988
    0.000000    1.000000    0.000000
    0.999988    0.000000    0.004924

 AXIS OF ROTATION IS  0.000000  1.000000  0.000000  ANGLE IS   89.72

 SELECTED COORDINATES ROTATED IN THE MAIN SET.

  
 CHARMM>            coor rotate xcen @xpos ycen @ypos zcen @zpos zdir 1.0 -
 CHARMM>                phi @zphi select target end
 Parameter: XPOS -> "12.837941"
 Parameter: YPOS -> "-22.2423559"
 Parameter: ZPOS -> "39.3272683"
 Parameter: ZPHI -> "145.802547"
 SELRPN>      1 atoms have been selected out of   8612
 ROTATION MATRIX
   -0.827106    0.562047    0.000000
   -0.562047   -0.827106    0.000000
    0.000000    0.000000    1.000000

 AXIS OF ROTATION IS  0.000000  0.000000  1.000000  ANGLE IS  145.80

 SELECTED COORDINATES ROTATED IN THE MAIN SET.

  
 CHARMM>     
  
 CHARMM>     
  
 CHARMM>            calc dcut = 3.5
Evaluating: 3.5
 Parameter: DCUT <- "3.5"
  
 CHARMM>     
  
 CHARMM>            coor stat sele target end
 SELRPN>      1 atoms have been selected out of   8612
 STATISTICS FOR         1 SELECTED ATOMS:
    XMIN =   12.837941 XMAX =   12.837941 XAVE =   12.837941
    YMIN =  -22.242356 YMAX =  -22.242356 YAVE =  -22.242356
    ZMIN =   39.327268 ZMAX =   39.327268 ZAVE =   39.327268
    WMIN =    1.000000 WMAX =    1.000000 WAVE =    1.000000
  
 CHARMM>            calc xmax = ?xmax + @dcut
 Parameter: DCUT -> "3.5"
 RDCMND substituted energy or value "?XMAX" to "12.837941"
Evaluating: 12.837941+3.5
 Parameter: XMAX <- "16.337941"
  
 CHARMM>            calc ymax = ?ymax + @dcut
 Parameter: DCUT -> "3.5"
 RDCMND substituted energy or value "?YMAX" to "-22.2423559"
Evaluating: -22.2423559+3.5
 Parameter: YMAX <- "-18.7423559"
  
 CHARMM>            calc zmax = ?zmax + @dcut
 Parameter: DCUT -> "3.5"
 RDCMND substituted energy or value "?ZMAX" to "39.3272683"
Evaluating: 39.3272683+3.5
 Parameter: ZMAX <- "42.8272683"
  
 CHARMM>            calc xmin = ?xmin - @dcut
 Parameter: DCUT -> "3.5"
 RDCMND substituted energy or value "?XMIN" to "12.837941"
Evaluating: 12.837941-3.5
 Parameter: XMIN <- "9.337941"
  
 CHARMM>            calc ymin = ?ymin - @dcut
 Parameter: DCUT -> "3.5"
 RDCMND substituted energy or value "?YMIN" to "-22.2423559"
Evaluating: -22.2423559-3.5
 Parameter: YMIN <- "-25.7423559"
  
 CHARMM>            calc zmin = ?zmin - @dcut
 Parameter: DCUT -> "3.5"
 RDCMND substituted energy or value "?ZMIN" to "39.3272683"
Evaluating: 39.3272683-3.5
 Parameter: ZMIN <- "35.8272683"
  
 CHARMM>     
  
 CHARMM>            define JUNK sele .not. target .and. -
 CHARMM>                             prop X .lt. @xmax .and. prop X .gt. @xmin .and. -
 CHARMM>                             prop Y .lt. @ymax .and. prop Y .gt. @ymin .and. -
 CHARMM>                             prop Z .lt. @zmax .and. prop Z .gt. @zmin  end
 Parameter: XMAX -> "16.337941"
 Parameter: XMIN -> "9.337941"
 Parameter: YMAX -> "-18.7423559"
 Parameter: YMIN -> "-25.7423559"
 Parameter: ZMAX -> "42.8272683"
 Parameter: ZMIN -> "35.8272683"
 SELRPN>      0 atoms have been selected out of   8612
  
 CHARMM>     
  
 CHARMM>            ! check if the ions are too close to protein
  
 CHARMM>            define XXX sele PROT end
 SELRPN>      0 atoms have been selected out of   8612
  
 CHARMM>            if ?nsel .gt. 0 then
 RDCMND substituted energy or value "?NSEL" to "0"
 Comparing "0" and "0".
 IF test evaluated as false.  Skip to ELSE or ENDIF
  
 CHARMM>     
  
 CHARMM>            ! check if the ions are too close to solute
  
 CHARMM>            coor dist cut 4.0 sele target end sele JUNK .and. .not. hydrogen end image
 SELRPN>      1 atoms have been selected out of  16051
 SELRPN>      0 atoms have been selected out of  16051

            DISTANCES FOR SELECTED ATOMS
            ONLY ONE SELECTION SET SPECIFIED, A COMPARISON WILL BE DONE
 TOTAL EXCLUSION COUNT =         0
 TOTAL 1-4 EXCLUSIONS  =         0
 TOTAL NON-EXCLUSIONS  =         0
  
 CHARMM>            if ?npair .gt. 0 goto doinit
 RDCMND substituted energy or value "?NPAIR" to "0"
 Comparing "0" and "0".
 IF test evaluated as false.  Skipping command
  
 CHARMM>     
  
 CHARMM>            calc cntrand = 0
Evaluating: 0
 Parameter: CNTRAND <- "0"
  
 CHARMM>            increase i by 1
 Parameter: I <- "12"
  
 CHARMM>            if i .le. @nion goto doinit
 Parameter: NION -> "36"
 Comparing "12" and "36".
 IF test evaluated as true.  Performing command
  
 CHARMM>     
  
 CHARMM>            calc cntrand = @cntrand + 1
 Parameter: CNTRAND -> "0"
Evaluating: 0+1
 Parameter: CNTRAND <- "1"
  
 CHARMM>            if cntrand .gt. 100 stop ! ABNORMAL TERMINATION: ion placing may not work.. stop here
 Comparing "1" and "100".
 IF test evaluated as false.  Skipping command
  
 CHARMM>     
  
 CHARMM>            calc j = @i
 Parameter: I -> "12"
Evaluating: 12
 Parameter: J <- "12"
  
 CHARMM>            set ion = POS
 Parameter: ION <- "POS"
  
 CHARMM>     
  
 CHARMM>            if j .gt. @npos then
 Parameter: NPOS -> "18"
 Comparing "12" and "18".
 IF test evaluated as false.  Skip to ELSE or ENDIF
  
 CHARMM>     
  
 CHARMM>            define target select segid @ion .and. resid @j end
 Parameter: ION -> "POS"
 Parameter: J -> "12"
 SELRPN>      1 atoms have been selected out of   8612
  
 CHARMM>     
  
 CHARMM>            calc xpos = @A * ( ?random - 0.5 )
 Parameter: A -> "46.7504011"
 RDCMND substituted energy or value "?RANDOM" to "0.326328249"
Evaluating: 46.7504011*(0.326328249-0.5)
 Parameter: XPOS <- "-8.11922402"
  
 CHARMM>            calc ypos = @B * ( ?random - 0.5 )
 Parameter: B -> "46.7504011"
 RDCMND substituted energy or value "?RANDOM" to "3.635023196E-02"
Evaluating: 46.7504011*(3.635023196E-02-0.5)
 Parameter: YPOS <- "-21.6758126"
  
 CHARMM>            calc zpos = @C * ( ?random - 0.5 ) + @zcen
 Parameter: C -> "145"
 Parameter: ZCEN -> "0"
 RDCMND substituted energy or value "?RANDOM" to "0.316194787"
Evaluating: 145*(0.316194787-0.5)+0
 Parameter: ZPOS <- "-26.6517559"
  
 CHARMM>     
  
 CHARMM>            if zpos .gt. -15 if zpos .lt. 15 goto doinit
 Comparing "-26.6517559" and "-15".
 IF test evaluated as false.  Skipping command
  
 CHARMM>     
  
 CHARMM>            ! move target to selected position
  
 CHARMM>            coor stat select target end
 SELRPN>      1 atoms have been selected out of   8612
 STATISTICS FOR         1 SELECTED ATOMS:
    XMIN =    0.000000 XMAX =    0.000000 XAVE =    0.000000
    YMIN =    0.000000 YMAX =    0.000000 YAVE =    0.000000
    ZMIN =    0.000000 ZMAX =    0.000000 ZAVE =    0.000000
    WMIN =    1.000000 WMAX =    1.000000 WAVE =    1.000000
  
 CHARMM>            calc xtran = @xpos - ?xave
 Parameter: XPOS -> "-8.11922402"
 RDCMND substituted energy or value "?XAVE" to "0"
Evaluating: -8.11922402-0
 Parameter: XTRAN <- "-8.11922402"
  
 CHARMM>            calc ytran = @ypos - ?yave
 Parameter: YPOS -> "-21.6758126"
 RDCMND substituted energy or value "?YAVE" to "0"
Evaluating: -21.6758126-0
 Parameter: YTRAN <- "-21.6758126"
  
 CHARMM>            calc ztran = @zpos - ?zave
 Parameter: ZPOS -> "-26.6517559"
 RDCMND substituted energy or value "?ZAVE" to "0"
Evaluating: -26.6517559-0
 Parameter: ZTRAN <- "-26.6517559"
  
 CHARMM>            coor trans xdir @xtran ydir @ytran zdir @ztran select target end
 Parameter: XTRAN -> "-8.11922402"
 Parameter: YTRAN -> "-21.6758126"
 Parameter: ZTRAN -> "-26.6517559"
 SELRPN>      1 atoms have been selected out of   8612
 TRANSLATION VECTOR    -8.119224  -21.675813  -26.651756
 SELECTED COORDINATES TRANSLATED IN THE MAIN SET.

  
 CHARMM>     
  
 CHARMM>            ! apply a random rotation along XYZ
  
 CHARMM>            calc xphi = ?random * 360.0
 RDCMND substituted energy or value "?RANDOM" to "0.204871324"
Evaluating: 0.204871324*360.0
 Parameter: XPHI <- "73.7536766"
  
 CHARMM>            calc yphi = ?random * 360.0
 RDCMND substituted energy or value "?RANDOM" to "0.937406315"
Evaluating: 0.937406315*360.0
 Parameter: YPHI <- "337.466273"
  
 CHARMM>            calc zphi = ?random * 360.0
 RDCMND substituted energy or value "?RANDOM" to "0.544887371"
Evaluating: 0.544887371*360.0
 Parameter: ZPHI <- "196.159454"
  
 CHARMM>            coor rotate xcen @xpos ycen @ypos zcen @zpos xdir 1.0 -
 CHARMM>                phi @xphi select target end
 Parameter: XPOS -> "-8.11922402"
 Parameter: YPOS -> "-21.6758126"
 Parameter: ZPOS -> "-26.6517559"
 Parameter: XPHI -> "73.7536766"
 SELRPN>      1 atoms have been selected out of   8612
 ROTATION MATRIX
    1.000000    0.000000    0.000000
    0.000000    0.279767    0.960068
    0.000000   -0.960068    0.279767

 AXIS OF ROTATION IS  1.000000  0.000000  0.000000  ANGLE IS   73.75

 SELECTED COORDINATES ROTATED IN THE MAIN SET.

  
 CHARMM>            coor rotate xcen @xpos ycen @ypos zcen @zpos ydir 1.0 -
 CHARMM>                phi @yphi select target end
 Parameter: XPOS -> "-8.11922402"
 Parameter: YPOS -> "-21.6758126"
 Parameter: ZPOS -> "-26.6517559"
 Parameter: YPHI -> "337.466273"
 SELRPN>      1 atoms have been selected out of   8612
 ROTATION MATRIX
    0.923654    0.000000    0.383227
    0.000000    1.000000    0.000000
   -0.383227    0.000000    0.923654

 AXIS OF ROTATION IS  0.000000 -1.000000  0.000000  ANGLE IS   22.53

 SELECTED COORDINATES ROTATED IN THE MAIN SET.

  
 CHARMM>            coor rotate xcen @xpos ycen @ypos zcen @zpos zdir 1.0 -
 CHARMM>                phi @zphi select target end
 Parameter: XPOS -> "-8.11922402"
 Parameter: YPOS -> "-21.6758126"
 Parameter: ZPOS -> "-26.6517559"
 Parameter: ZPHI -> "196.159454"
 SELRPN>      1 atoms have been selected out of   8612
 ROTATION MATRIX
   -0.960491   -0.278311    0.000000
    0.278311   -0.960491    0.000000
    0.000000    0.000000    1.000000

 AXIS OF ROTATION IS  0.000000  0.000000 -1.000000  ANGLE IS  163.84

 SELECTED COORDINATES ROTATED IN THE MAIN SET.

  
 CHARMM>     
  
 CHARMM>     
  
 CHARMM>            calc dcut = 3.5
Evaluating: 3.5
 Parameter: DCUT <- "3.5"
  
 CHARMM>     
  
 CHARMM>            coor stat sele target end
 SELRPN>      1 atoms have been selected out of   8612
 STATISTICS FOR         1 SELECTED ATOMS:
    XMIN =   -8.119224 XMAX =   -8.119224 XAVE =   -8.119224
    YMIN =  -21.675813 YMAX =  -21.675813 YAVE =  -21.675813
    ZMIN =  -26.651756 ZMAX =  -26.651756 ZAVE =  -26.651756
    WMIN =    1.000000 WMAX =    1.000000 WAVE =    1.000000
  
 CHARMM>            calc xmax = ?xmax + @dcut
 Parameter: DCUT -> "3.5"
 RDCMND substituted energy or value "?XMAX" to "-8.11922402"
Evaluating: -8.11922402+3.5
 Parameter: XMAX <- "-4.61922402"
  
 CHARMM>            calc ymax = ?ymax + @dcut
 Parameter: DCUT -> "3.5"
 RDCMND substituted energy or value "?YMAX" to "-21.6758126"
Evaluating: -21.6758126+3.5
 Parameter: YMAX <- "-18.1758126"
  
 CHARMM>            calc zmax = ?zmax + @dcut
 Parameter: DCUT -> "3.5"
 RDCMND substituted energy or value "?ZMAX" to "-26.6517559"
Evaluating: -26.6517559+3.5
 Parameter: ZMAX <- "-23.1517559"
  
 CHARMM>            calc xmin = ?xmin - @dcut
 Parameter: DCUT -> "3.5"
 RDCMND substituted energy or value "?XMIN" to "-8.11922402"
Evaluating: -8.11922402-3.5
 Parameter: XMIN <- "-11.619224"
  
 CHARMM>            calc ymin = ?ymin - @dcut
 Parameter: DCUT -> "3.5"
 RDCMND substituted energy or value "?YMIN" to "-21.6758126"
Evaluating: -21.6758126-3.5
 Parameter: YMIN <- "-25.1758126"
  
 CHARMM>            calc zmin = ?zmin - @dcut
 Parameter: DCUT -> "3.5"
 RDCMND substituted energy or value "?ZMIN" to "-26.6517559"
Evaluating: -26.6517559-3.5
 Parameter: ZMIN <- "-30.1517559"
  
 CHARMM>     
  
 CHARMM>            define JUNK sele .not. target .and. -
 CHARMM>                             prop X .lt. @xmax .and. prop X .gt. @xmin .and. -
 CHARMM>                             prop Y .lt. @ymax .and. prop Y .gt. @ymin .and. -
 CHARMM>                             prop Z .lt. @zmax .and. prop Z .gt. @zmin  end
 Parameter: XMAX -> "-4.61922402"
 Parameter: XMIN -> "-11.619224"
 Parameter: YMAX -> "-18.1758126"
 Parameter: YMIN -> "-25.1758126"
 Parameter: ZMAX -> "-23.1517559"
 Parameter: ZMIN -> "-30.1517559"
 SELRPN>      0 atoms have been selected out of   8612
  
 CHARMM>     
  
 CHARMM>            ! check if the ions are too close to protein
  
 CHARMM>            define XXX sele PROT end
 SELRPN>      0 atoms have been selected out of   8612
  
 CHARMM>            if ?nsel .gt. 0 then
 RDCMND substituted energy or value "?NSEL" to "0"
 Comparing "0" and "0".
 IF test evaluated as false.  Skip to ELSE or ENDIF
  
 CHARMM>     
  
 CHARMM>            ! check if the ions are too close to solute
  
 CHARMM>            coor dist cut 4.0 sele target end sele JUNK .and. .not. hydrogen end image
 SELRPN>      1 atoms have been selected out of  16051
 SELRPN>      0 atoms have been selected out of  16051

            DISTANCES FOR SELECTED ATOMS
            ONLY ONE SELECTION SET SPECIFIED, A COMPARISON WILL BE DONE
 TOTAL EXCLUSION COUNT =         0
 TOTAL 1-4 EXCLUSIONS  =         0
 TOTAL NON-EXCLUSIONS  =         0
  
 CHARMM>            if ?npair .gt. 0 goto doinit
 RDCMND substituted energy or value "?NPAIR" to "0"
 Comparing "0" and "0".
 IF test evaluated as false.  Skipping command
  
 CHARMM>     
  
 CHARMM>            calc cntrand = 0
Evaluating: 0
 Parameter: CNTRAND <- "0"
  
 CHARMM>            increase i by 1
 Parameter: I <- "13"
  
 CHARMM>            if i .le. @nion goto doinit
 Parameter: NION -> "36"
 Comparing "13" and "36".
 IF test evaluated as true.  Performing command
  
 CHARMM>     
  
 CHARMM>            calc cntrand = @cntrand + 1
 Parameter: CNTRAND -> "0"
Evaluating: 0+1
 Parameter: CNTRAND <- "1"
  
 CHARMM>            if cntrand .gt. 100 stop ! ABNORMAL TERMINATION: ion placing may not work.. stop here
 Comparing "1" and "100".
 IF test evaluated as false.  Skipping command
  
 CHARMM>     
  
 CHARMM>            calc j = @i
 Parameter: I -> "13"
Evaluating: 13
 Parameter: J <- "13"
  
 CHARMM>            set ion = POS
 Parameter: ION <- "POS"
  
 CHARMM>     
  
 CHARMM>            if j .gt. @npos then
 Parameter: NPOS -> "18"
 Comparing "13" and "18".
 IF test evaluated as false.  Skip to ELSE or ENDIF
  
 CHARMM>     
  
 CHARMM>            define target select segid @ion .and. resid @j end
 Parameter: ION -> "POS"
 Parameter: J -> "13"
 SELRPN>      1 atoms have been selected out of   8612
  
 CHARMM>     
  
 CHARMM>            calc xpos = @A * ( ?random - 0.5 )
 Parameter: A -> "46.7504011"
 RDCMND substituted energy or value "?RANDOM" to "0.324168423"
Evaluating: 46.7504011*(0.324168423-0.5)
 Parameter: XPOS <- "-8.22019675"
  
 CHARMM>            calc ypos = @B * ( ?random - 0.5 )
 Parameter: B -> "46.7504011"
 RDCMND substituted energy or value "?RANDOM" to "0.76334165"
Evaluating: 46.7504011*(0.76334165-0.5)
 Parameter: YPOS <- "12.3113278"
  
 CHARMM>            calc zpos = @C * ( ?random - 0.5 ) + @zcen
 Parameter: C -> "145"
 Parameter: ZCEN -> "0"
 RDCMND substituted energy or value "?RANDOM" to "0.279668225"
Evaluating: 145*(0.279668225-0.5)+0
 Parameter: ZPOS <- "-31.9481074"
  
 CHARMM>     
  
 CHARMM>            if zpos .gt. -15 if zpos .lt. 15 goto doinit
 Comparing "-31.9481074" and "-15".
 IF test evaluated as false.  Skipping command
  
 CHARMM>     
  
 CHARMM>            ! move target to selected position
  
 CHARMM>            coor stat select target end
 SELRPN>      1 atoms have been selected out of   8612
 STATISTICS FOR         1 SELECTED ATOMS:
    XMIN =    0.000000 XMAX =    0.000000 XAVE =    0.000000
    YMIN =    0.000000 YMAX =    0.000000 YAVE =    0.000000
    ZMIN =    0.000000 ZMAX =    0.000000 ZAVE =    0.000000
    WMIN =    1.000000 WMAX =    1.000000 WAVE =    1.000000
  
 CHARMM>            calc xtran = @xpos - ?xave
 Parameter: XPOS -> "-8.22019675"
 RDCMND substituted energy or value "?XAVE" to "0"
Evaluating: -8.22019675-0
 Parameter: XTRAN <- "-8.22019675"
  
 CHARMM>            calc ytran = @ypos - ?yave
 Parameter: YPOS -> "12.3113278"
 RDCMND substituted energy or value "?YAVE" to "0"
Evaluating: 12.3113278-0
 Parameter: YTRAN <- "12.3113278"
  
 CHARMM>            calc ztran = @zpos - ?zave
 Parameter: ZPOS -> "-31.9481074"
 RDCMND substituted energy or value "?ZAVE" to "0"
Evaluating: -31.9481074-0
 Parameter: ZTRAN <- "-31.9481074"
  
 CHARMM>            coor trans xdir @xtran ydir @ytran zdir @ztran select target end
 Parameter: XTRAN -> "-8.22019675"
 Parameter: YTRAN -> "12.3113278"
 Parameter: ZTRAN -> "-31.9481074"
 SELRPN>      1 atoms have been selected out of   8612
 TRANSLATION VECTOR    -8.220197   12.311328  -31.948107
 SELECTED COORDINATES TRANSLATED IN THE MAIN SET.

  
 CHARMM>     
  
 CHARMM>            ! apply a random rotation along XYZ
  
 CHARMM>            calc xphi = ?random * 360.0
 RDCMND substituted energy or value "?RANDOM" to "0.784988936"
Evaluating: 0.784988936*360.0
 Parameter: XPHI <- "282.596017"
  
 CHARMM>            calc yphi = ?random * 360.0
 RDCMND substituted energy or value "?RANDOM" to "0.767035018"
Evaluating: 0.767035018*360.0
 Parameter: YPHI <- "276.132606"
  
 CHARMM>            calc zphi = ?random * 360.0
 RDCMND substituted energy or value "?RANDOM" to "7.727738659E-02"
Evaluating: 7.727738659E-02*360.0
 Parameter: ZPHI <- "27.8198592"
  
 CHARMM>            coor rotate xcen @xpos ycen @ypos zcen @zpos xdir 1.0 -
 CHARMM>                phi @xphi select target end
 Parameter: XPOS -> "-8.22019675"
 Parameter: YPOS -> "12.3113278"
 Parameter: ZPOS -> "-31.9481074"
 Parameter: XPHI -> "282.596017"
 SELRPN>      1 atoms have been selected out of   8612
 ROTATION MATRIX
    1.000000    0.000000    0.000000
    0.000000    0.218075   -0.975932
    0.000000    0.975932    0.218075

 AXIS OF ROTATION IS -1.000000  0.000000  0.000000  ANGLE IS   77.40

 SELECTED COORDINATES ROTATED IN THE MAIN SET.

  
 CHARMM>            coor rotate xcen @xpos ycen @ypos zcen @zpos ydir 1.0 -
 CHARMM>                phi @yphi select target end
 Parameter: XPOS -> "-8.22019675"
 Parameter: YPOS -> "12.3113278"
 Parameter: ZPOS -> "-31.9481074"
 Parameter: YPHI -> "276.132606"
 SELRPN>      1 atoms have been selected out of   8612
 ROTATION MATRIX
    0.106830    0.000000    0.994277
    0.000000    1.000000    0.000000
   -0.994277    0.000000    0.106830

 AXIS OF ROTATION IS  0.000000 -1.000000  0.000000  ANGLE IS   83.87

 SELECTED COORDINATES ROTATED IN THE MAIN SET.

  
 CHARMM>            coor rotate xcen @xpos ycen @ypos zcen @zpos zdir 1.0 -
 CHARMM>                phi @zphi select target end
 Parameter: XPOS -> "-8.22019675"
 Parameter: YPOS -> "12.3113278"
 Parameter: ZPOS -> "-31.9481074"
 Parameter: ZPHI -> "27.8198592"
 SELRPN>      1 atoms have been selected out of   8612
 ROTATION MATRIX
    0.884419    0.466693    0.000000
   -0.466693    0.884419    0.000000
    0.000000    0.000000    1.000000

 AXIS OF ROTATION IS  0.000000  0.000000  1.000000  ANGLE IS   27.82

 SELECTED COORDINATES ROTATED IN THE MAIN SET.

  
 CHARMM>     
  
 CHARMM>     
  
 CHARMM>            calc dcut = 3.5
Evaluating: 3.5
 Parameter: DCUT <- "3.5"
  
 CHARMM>     
  
 CHARMM>            coor stat sele target end
 SELRPN>      1 atoms have been selected out of   8612
 STATISTICS FOR         1 SELECTED ATOMS:
    XMIN =   -8.220197 XMAX =   -8.220197 XAVE =   -8.220197
    YMIN =   12.311328 YMAX =   12.311328 YAVE =   12.311328
    ZMIN =  -31.948107 ZMAX =  -31.948107 ZAVE =  -31.948107
    WMIN =    1.000000 WMAX =    1.000000 WAVE =    1.000000
  
 CHARMM>            calc xmax = ?xmax + @dcut
 Parameter: DCUT -> "3.5"
 RDCMND substituted energy or value "?XMAX" to "-8.22019675"
Evaluating: -8.22019675+3.5
 Parameter: XMAX <- "-4.72019675"
  
 CHARMM>            calc ymax = ?ymax + @dcut
 Parameter: DCUT -> "3.5"
 RDCMND substituted energy or value "?YMAX" to "12.3113278"
Evaluating: 12.3113278+3.5
 Parameter: YMAX <- "15.8113278"
  
 CHARMM>            calc zmax = ?zmax + @dcut
 Parameter: DCUT -> "3.5"
 RDCMND substituted energy or value "?ZMAX" to "-31.9481074"
Evaluating: -31.9481074+3.5
 Parameter: ZMAX <- "-28.4481074"
  
 CHARMM>            calc xmin = ?xmin - @dcut
 Parameter: DCUT -> "3.5"
 RDCMND substituted energy or value "?XMIN" to "-8.22019675"
Evaluating: -8.22019675-3.5
 Parameter: XMIN <- "-11.7201967"
  
 CHARMM>            calc ymin = ?ymin - @dcut
 Parameter: DCUT -> "3.5"
 RDCMND substituted energy or value "?YMIN" to "12.3113278"
Evaluating: 12.3113278-3.5
 Parameter: YMIN <- "8.8113278"
  
 CHARMM>            calc zmin = ?zmin - @dcut
 Parameter: DCUT -> "3.5"
 RDCMND substituted energy or value "?ZMIN" to "-31.9481074"
Evaluating: -31.9481074-3.5
 Parameter: ZMIN <- "-35.4481074"
  
 CHARMM>     
  
 CHARMM>            define JUNK sele .not. target .and. -
 CHARMM>                             prop X .lt. @xmax .and. prop X .gt. @xmin .and. -
 CHARMM>                             prop Y .lt. @ymax .and. prop Y .gt. @ymin .and. -
 CHARMM>                             prop Z .lt. @zmax .and. prop Z .gt. @zmin  end
 Parameter: XMAX -> "-4.72019675"
 Parameter: XMIN -> "-11.7201967"
 Parameter: YMAX -> "15.8113278"
 Parameter: YMIN -> "8.8113278"
 Parameter: ZMAX -> "-28.4481074"
 Parameter: ZMIN -> "-35.4481074"
 SELRPN>      0 atoms have been selected out of   8612
  
 CHARMM>     
  
 CHARMM>            ! check if the ions are too close to protein
  
 CHARMM>            define XXX sele PROT end
 SELRPN>      0 atoms have been selected out of   8612
  
 CHARMM>            if ?nsel .gt. 0 then
 RDCMND substituted energy or value "?NSEL" to "0"
 Comparing "0" and "0".
 IF test evaluated as false.  Skip to ELSE or ENDIF
  
 CHARMM>     
  
 CHARMM>            ! check if the ions are too close to solute
  
 CHARMM>            coor dist cut 4.0 sele target end sele JUNK .and. .not. hydrogen end image
 SELRPN>      1 atoms have been selected out of  16051
 SELRPN>      0 atoms have been selected out of  16051

            DISTANCES FOR SELECTED ATOMS
            ONLY ONE SELECTION SET SPECIFIED, A COMPARISON WILL BE DONE
 TOTAL EXCLUSION COUNT =         0
 TOTAL 1-4 EXCLUSIONS  =         0
 TOTAL NON-EXCLUSIONS  =         0
  
 CHARMM>            if ?npair .gt. 0 goto doinit
 RDCMND substituted energy or value "?NPAIR" to "0"
 Comparing "0" and "0".
 IF test evaluated as false.  Skipping command
  
 CHARMM>     
  
 CHARMM>            calc cntrand = 0
Evaluating: 0
 Parameter: CNTRAND <- "0"
  
 CHARMM>            increase i by 1
 Parameter: I <- "14"
  
 CHARMM>            if i .le. @nion goto doinit
 Parameter: NION -> "36"
 Comparing "14" and "36".
 IF test evaluated as true.  Performing command
  
 CHARMM>     
  
 CHARMM>            calc cntrand = @cntrand + 1
 Parameter: CNTRAND -> "0"
Evaluating: 0+1
 Parameter: CNTRAND <- "1"
  
 CHARMM>            if cntrand .gt. 100 stop ! ABNORMAL TERMINATION: ion placing may not work.. stop here
 Comparing "1" and "100".
 IF test evaluated as false.  Skipping command
  
 CHARMM>     
  
 CHARMM>            calc j = @i
 Parameter: I -> "14"
Evaluating: 14
 Parameter: J <- "14"
  
 CHARMM>            set ion = POS
 Parameter: ION <- "POS"
  
 CHARMM>     
  
 CHARMM>            if j .gt. @npos then
 Parameter: NPOS -> "18"
 Comparing "14" and "18".
 IF test evaluated as false.  Skip to ELSE or ENDIF
  
 CHARMM>     
  
 CHARMM>            define target select segid @ion .and. resid @j end
 Parameter: ION -> "POS"
 Parameter: J -> "14"
 SELRPN>      1 atoms have been selected out of   8612
  
 CHARMM>     
  
 CHARMM>            calc xpos = @A * ( ?random - 0.5 )
 Parameter: A -> "46.7504011"
 RDCMND substituted energy or value "?RANDOM" to "0.602416979"
Evaluating: 46.7504011*(0.602416979-0.5)
 Parameter: XPOS <- "4.78803485"
  
 CHARMM>            calc ypos = @B * ( ?random - 0.5 )
 Parameter: B -> "46.7504011"
 RDCMND substituted energy or value "?RANDOM" to "0.187741194"
Evaluating: 46.7504011*(0.187741194-0.5)
 Parameter: YPOS <- "-14.5982244"
  
 CHARMM>            calc zpos = @C * ( ?random - 0.5 ) + @zcen
 Parameter: C -> "145"
 Parameter: ZCEN -> "0"
 RDCMND substituted energy or value "?RANDOM" to "0.329757843"
Evaluating: 145*(0.329757843-0.5)+0
 Parameter: ZPOS <- "-24.6851128"
  
 CHARMM>     
  
 CHARMM>            if zpos .gt. -15 if zpos .lt. 15 goto doinit
 Comparing "-24.6851128" and "-15".
 IF test evaluated as false.  Skipping command
  
 CHARMM>     
  
 CHARMM>            ! move target to selected position
  
 CHARMM>            coor stat select target end
 SELRPN>      1 atoms have been selected out of   8612
 STATISTICS FOR         1 SELECTED ATOMS:
    XMIN =    0.000000 XMAX =    0.000000 XAVE =    0.000000
    YMIN =    0.000000 YMAX =    0.000000 YAVE =    0.000000
    ZMIN =    0.000000 ZMAX =    0.000000 ZAVE =    0.000000
    WMIN =    1.000000 WMAX =    1.000000 WAVE =    1.000000
  
 CHARMM>            calc xtran = @xpos - ?xave
 Parameter: XPOS -> "4.78803485"
 RDCMND substituted energy or value "?XAVE" to "0"
Evaluating: 4.78803485-0
 Parameter: XTRAN <- "4.78803485"
  
 CHARMM>            calc ytran = @ypos - ?yave
 Parameter: YPOS -> "-14.5982244"
 RDCMND substituted energy or value "?YAVE" to "0"
Evaluating: -14.5982244-0
 Parameter: YTRAN <- "-14.5982244"
  
 CHARMM>            calc ztran = @zpos - ?zave
 Parameter: ZPOS -> "-24.6851128"
 RDCMND substituted energy or value "?ZAVE" to "0"
Evaluating: -24.6851128-0
 Parameter: ZTRAN <- "-24.6851128"
  
 CHARMM>            coor trans xdir @xtran ydir @ytran zdir @ztran select target end
 Parameter: XTRAN -> "4.78803485"
 Parameter: YTRAN -> "-14.5982244"
 Parameter: ZTRAN -> "-24.6851128"
 SELRPN>      1 atoms have been selected out of   8612
 TRANSLATION VECTOR     4.788035  -14.598224  -24.685113
 SELECTED COORDINATES TRANSLATED IN THE MAIN SET.

  
 CHARMM>     
  
 CHARMM>            ! apply a random rotation along XYZ
  
 CHARMM>            calc xphi = ?random * 360.0
 RDCMND substituted energy or value "?RANDOM" to "0.865031527"
Evaluating: 0.865031527*360.0
 Parameter: XPHI <- "311.41135"
  
 CHARMM>            calc yphi = ?random * 360.0
 RDCMND substituted energy or value "?RANDOM" to "6.884935338E-02"
Evaluating: 6.884935338E-02*360.0
 Parameter: YPHI <- "24.7857672"
  
 CHARMM>            calc zphi = ?random * 360.0
 RDCMND substituted energy or value "?RANDOM" to "0.801432973"
Evaluating: 0.801432973*360.0
 Parameter: ZPHI <- "288.51587"
  
 CHARMM>            coor rotate xcen @xpos ycen @ypos zcen @zpos xdir 1.0 -
 CHARMM>                phi @xphi select target end
 Parameter: XPOS -> "4.78803485"
 Parameter: YPOS -> "-14.5982244"
 Parameter: ZPOS -> "-24.6851128"
 Parameter: XPHI -> "311.41135"
 SELRPN>      1 atoms have been selected out of   8612
 ROTATION MATRIX
    1.000000    0.000000    0.000000
    0.000000    0.661460   -0.749980
    0.000000    0.749980    0.661460

 AXIS OF ROTATION IS -1.000000  0.000000  0.000000  ANGLE IS   48.59

 SELECTED COORDINATES ROTATED IN THE MAIN SET.

  
 CHARMM>            coor rotate xcen @xpos ycen @ypos zcen @zpos ydir 1.0 -
 CHARMM>                phi @yphi select target end
 Parameter: XPOS -> "4.78803485"
 Parameter: YPOS -> "-14.5982244"
 Parameter: ZPOS -> "-24.6851128"
 Parameter: YPHI -> "24.7857672"
 SELRPN>      1 atoms have been selected out of   8612
 ROTATION MATRIX
    0.907882    0.000000   -0.419227
    0.000000    1.000000    0.000000
    0.419227    0.000000    0.907882

 AXIS OF ROTATION IS  0.000000  1.000000  0.000000  ANGLE IS   24.79

 SELECTED COORDINATES ROTATED IN THE MAIN SET.

  
 CHARMM>            coor rotate xcen @xpos ycen @ypos zcen @zpos zdir 1.0 -
 CHARMM>                phi @zphi select target end
 Parameter: XPOS -> "4.78803485"
 Parameter: YPOS -> "-14.5982244"
 Parameter: ZPOS -> "-24.6851128"
 Parameter: ZPHI -> "288.51587"
 SELRPN>      1 atoms have been selected out of   8612
 ROTATION MATRIX
    0.317567   -0.948236    0.000000
    0.948236    0.317567    0.000000
    0.000000    0.000000    1.000000

 AXIS OF ROTATION IS  0.000000  0.000000 -1.000000  ANGLE IS   71.48

 SELECTED COORDINATES ROTATED IN THE MAIN SET.

  
 CHARMM>     
  
 CHARMM>     
  
 CHARMM>            calc dcut = 3.5
Evaluating: 3.5
 Parameter: DCUT <- "3.5"
  
 CHARMM>     
  
 CHARMM>            coor stat sele target end
 SELRPN>      1 atoms have been selected out of   8612
 STATISTICS FOR         1 SELECTED ATOMS:
    XMIN =    4.788035 XMAX =    4.788035 XAVE =    4.788035
    YMIN =  -14.598224 YMAX =  -14.598224 YAVE =  -14.598224
    ZMIN =  -24.685113 ZMAX =  -24.685113 ZAVE =  -24.685113
    WMIN =    1.000000 WMAX =    1.000000 WAVE =    1.000000
  
 CHARMM>            calc xmax = ?xmax + @dcut
 Parameter: DCUT -> "3.5"
 RDCMND substituted energy or value "?XMAX" to "4.78803485"
Evaluating: 4.78803485+3.5
 Parameter: XMAX <- "8.28803485"
  
 CHARMM>            calc ymax = ?ymax + @dcut
 Parameter: DCUT -> "3.5"
 RDCMND substituted energy or value "?YMAX" to "-14.5982244"
Evaluating: -14.5982244+3.5
 Parameter: YMAX <- "-11.0982244"
  
 CHARMM>            calc zmax = ?zmax + @dcut
 Parameter: DCUT -> "3.5"
 RDCMND substituted energy or value "?ZMAX" to "-24.6851128"
Evaluating: -24.6851128+3.5
 Parameter: ZMAX <- "-21.1851128"
  
 CHARMM>            calc xmin = ?xmin - @dcut
 Parameter: DCUT -> "3.5"
 RDCMND substituted energy or value "?XMIN" to "4.78803485"
Evaluating: 4.78803485-3.5
 Parameter: XMIN <- "1.28803485"
  
 CHARMM>            calc ymin = ?ymin - @dcut
 Parameter: DCUT -> "3.5"
 RDCMND substituted energy or value "?YMIN" to "-14.5982244"
Evaluating: -14.5982244-3.5
 Parameter: YMIN <- "-18.0982244"
  
 CHARMM>            calc zmin = ?zmin - @dcut
 Parameter: DCUT -> "3.5"
 RDCMND substituted energy or value "?ZMIN" to "-24.6851128"
Evaluating: -24.6851128-3.5
 Parameter: ZMIN <- "-28.1851128"
  
 CHARMM>     
  
 CHARMM>            define JUNK sele .not. target .and. -
 CHARMM>                             prop X .lt. @xmax .and. prop X .gt. @xmin .and. -
 CHARMM>                             prop Y .lt. @ymax .and. prop Y .gt. @ymin .and. -
 CHARMM>                             prop Z .lt. @zmax .and. prop Z .gt. @zmin  end
 Parameter: XMAX -> "8.28803485"
 Parameter: XMIN -> "1.28803485"
 Parameter: YMAX -> "-11.0982244"
 Parameter: YMIN -> "-18.0982244"
 Parameter: ZMAX -> "-21.1851128"
 Parameter: ZMIN -> "-28.1851128"
 SELRPN>      3 atoms have been selected out of   8612
  
 CHARMM>     
  
 CHARMM>            ! check if the ions are too close to protein
  
 CHARMM>            define XXX sele PROT end
 SELRPN>      0 atoms have been selected out of   8612
  
 CHARMM>            if ?nsel .gt. 0 then
 RDCMND substituted energy or value "?NSEL" to "0"
 Comparing "0" and "0".
 IF test evaluated as false.  Skip to ELSE or ENDIF
  
 CHARMM>     
  
 CHARMM>            ! check if the ions are too close to solute
  
 CHARMM>            coor dist cut 4.0 sele target end sele JUNK .and. .not. hydrogen end image
 SELRPN>      1 atoms have been selected out of  16051
 SELRPN>      0 atoms have been selected out of  16051

            DISTANCES FOR SELECTED ATOMS
            ONLY ONE SELECTION SET SPECIFIED, A COMPARISON WILL BE DONE
 TOTAL EXCLUSION COUNT =         0
 TOTAL 1-4 EXCLUSIONS  =         0
 TOTAL NON-EXCLUSIONS  =         0
  
 CHARMM>            if ?npair .gt. 0 goto doinit
 RDCMND substituted energy or value "?NPAIR" to "0"
 Comparing "0" and "0".
 IF test evaluated as false.  Skipping command
  
 CHARMM>     
  
 CHARMM>            calc cntrand = 0
Evaluating: 0
 Parameter: CNTRAND <- "0"
  
 CHARMM>            increase i by 1
 Parameter: I <- "15"
  
 CHARMM>            if i .le. @nion goto doinit
 Parameter: NION -> "36"
 Comparing "15" and "36".
 IF test evaluated as true.  Performing command
  
 CHARMM>     
  
 CHARMM>            calc cntrand = @cntrand + 1
 Parameter: CNTRAND -> "0"
Evaluating: 0+1
 Parameter: CNTRAND <- "1"
  
 CHARMM>            if cntrand .gt. 100 stop ! ABNORMAL TERMINATION: ion placing may not work.. stop here
 Comparing "1" and "100".
 IF test evaluated as false.  Skipping command
  
 CHARMM>     
  
 CHARMM>            calc j = @i
 Parameter: I -> "15"
Evaluating: 15
 Parameter: J <- "15"
  
 CHARMM>            set ion = POS
 Parameter: ION <- "POS"
  
 CHARMM>     
  
 CHARMM>            if j .gt. @npos then
 Parameter: NPOS -> "18"
 Comparing "15" and "18".
 IF test evaluated as false.  Skip to ELSE or ENDIF
  
 CHARMM>     
  
 CHARMM>            define target select segid @ion .and. resid @j end
 Parameter: ION -> "POS"
 Parameter: J -> "15"
 SELRPN>      1 atoms have been selected out of   8612
  
 CHARMM>     
  
 CHARMM>            calc xpos = @A * ( ?random - 0.5 )
 Parameter: A -> "46.7504011"
 RDCMND substituted energy or value "?RANDOM" to "0.141179927"
Evaluating: 46.7504011*(0.141179927-0.5)
 Parameter: XPOS <- "-16.7749823"
  
 CHARMM>            calc ypos = @B * ( ?random - 0.5 )
 Parameter: B -> "46.7504011"
 RDCMND substituted energy or value "?RANDOM" to "0.403038313"
Evaluating: 46.7504011*(0.403038313-0.5)
 Parameter: YPOS <- "-4.53299776"
  
 CHARMM>            calc zpos = @C * ( ?random - 0.5 ) + @zcen
 Parameter: C -> "145"
 Parameter: ZCEN -> "0"
 RDCMND substituted energy or value "?RANDOM" to "0.178390077"
Evaluating: 145*(0.178390077-0.5)+0
 Parameter: ZPOS <- "-46.6334388"
  
 CHARMM>     
  
 CHARMM>            if zpos .gt. -15 if zpos .lt. 15 goto doinit
 Comparing "-46.6334388" and "-15".
 IF test evaluated as false.  Skipping command
  
 CHARMM>     
  
 CHARMM>            ! move target to selected position
  
 CHARMM>            coor stat select target end
 SELRPN>      1 atoms have been selected out of   8612
 STATISTICS FOR         1 SELECTED ATOMS:
    XMIN =    0.000000 XMAX =    0.000000 XAVE =    0.000000
    YMIN =    0.000000 YMAX =    0.000000 YAVE =    0.000000
    ZMIN =    0.000000 ZMAX =    0.000000 ZAVE =    0.000000
    WMIN =    1.000000 WMAX =    1.000000 WAVE =    1.000000
  
 CHARMM>            calc xtran = @xpos - ?xave
 Parameter: XPOS -> "-16.7749823"
 RDCMND substituted energy or value "?XAVE" to "0"
Evaluating: -16.7749823-0
 Parameter: XTRAN <- "-16.7749823"
  
 CHARMM>            calc ytran = @ypos - ?yave
 Parameter: YPOS -> "-4.53299776"
 RDCMND substituted energy or value "?YAVE" to "0"
Evaluating: -4.53299776-0
 Parameter: YTRAN <- "-4.53299776"
  
 CHARMM>            calc ztran = @zpos - ?zave
 Parameter: ZPOS -> "-46.6334388"
 RDCMND substituted energy or value "?ZAVE" to "0"
Evaluating: -46.6334388-0
 Parameter: ZTRAN <- "-46.6334388"
  
 CHARMM>            coor trans xdir @xtran ydir @ytran zdir @ztran select target end
 Parameter: XTRAN -> "-16.7749823"
 Parameter: YTRAN -> "-4.53299776"
 Parameter: ZTRAN -> "-46.6334388"
 SELRPN>      1 atoms have been selected out of   8612
 TRANSLATION VECTOR   -16.774982   -4.532998  -46.633439
 SELECTED COORDINATES TRANSLATED IN THE MAIN SET.

  
 CHARMM>     
  
 CHARMM>            ! apply a random rotation along XYZ
  
 CHARMM>            calc xphi = ?random * 360.0
 RDCMND substituted energy or value "?RANDOM" to "0.762213231"
Evaluating: 0.762213231*360.0
 Parameter: XPHI <- "274.396763"
  
 CHARMM>            calc yphi = ?random * 360.0
 RDCMND substituted energy or value "?RANDOM" to "0.242668581"
Evaluating: 0.242668581*360.0
 Parameter: YPHI <- "87.3606892"
  
 CHARMM>            calc zphi = ?random * 360.0
 RDCMND substituted energy or value "?RANDOM" to "0.492134635"
Evaluating: 0.492134635*360.0
 Parameter: ZPHI <- "177.168469"
  
 CHARMM>            coor rotate xcen @xpos ycen @ypos zcen @zpos xdir 1.0 -
 CHARMM>                phi @xphi select target end
 Parameter: XPOS -> "-16.7749823"
 Parameter: YPOS -> "-4.53299776"
 Parameter: ZPOS -> "-46.6334388"
 Parameter: XPHI -> "274.396763"
 SELRPN>      1 atoms have been selected out of   8612
 ROTATION MATRIX
    1.000000    0.000000    0.000000
    0.000000    0.076663   -0.997057
    0.000000    0.997057    0.076663

 AXIS OF ROTATION IS -1.000000  0.000000  0.000000  ANGLE IS   85.60

 SELECTED COORDINATES ROTATED IN THE MAIN SET.

  
 CHARMM>            coor rotate xcen @xpos ycen @ypos zcen @zpos ydir 1.0 -
 CHARMM>                phi @yphi select target end
 Parameter: XPOS -> "-16.7749823"
 Parameter: YPOS -> "-4.53299776"
 Parameter: ZPOS -> "-46.6334388"
 Parameter: YPHI -> "87.3606892"
 SELRPN>      1 atoms have been selected out of   8612
 ROTATION MATRIX
    0.046048    0.000000   -0.998939
    0.000000    1.000000    0.000000
    0.998939    0.000000    0.046048

 AXIS OF ROTATION IS  0.000000  1.000000  0.000000  ANGLE IS   87.36

 SELECTED COORDINATES ROTATED IN THE MAIN SET.

  
 CHARMM>            coor rotate xcen @xpos ycen @ypos zcen @zpos zdir 1.0 -
 CHARMM>                phi @zphi select target end
 Parameter: XPOS -> "-16.7749823"
 Parameter: YPOS -> "-4.53299776"
 Parameter: ZPOS -> "-46.6334388"
 Parameter: ZPHI -> "177.168469"
 SELRPN>      1 atoms have been selected out of   8612
 ROTATION MATRIX
   -0.998779    0.049399    0.000000
   -0.049399   -0.998779    0.000000
    0.000000    0.000000    1.000000

 AXIS OF ROTATION IS  0.000000  0.000000  1.000000  ANGLE IS  177.17

 SELECTED COORDINATES ROTATED IN THE MAIN SET.

  
 CHARMM>     
  
 CHARMM>     
  
 CHARMM>            calc dcut = 3.5
Evaluating: 3.5
 Parameter: DCUT <- "3.5"
  
 CHARMM>     
  
 CHARMM>            coor stat sele target end
 SELRPN>      1 atoms have been selected out of   8612
 STATISTICS FOR         1 SELECTED ATOMS:
    XMIN =  -16.774982 XMAX =  -16.774982 XAVE =  -16.774982
    YMIN =   -4.532998 YMAX =   -4.532998 YAVE =   -4.532998
    ZMIN =  -46.633439 ZMAX =  -46.633439 ZAVE =  -46.633439
    WMIN =    1.000000 WMAX =    1.000000 WAVE =    1.000000
  
 CHARMM>            calc xmax = ?xmax + @dcut
 Parameter: DCUT -> "3.5"
 RDCMND substituted energy or value "?XMAX" to "-16.7749823"
Evaluating: -16.7749823+3.5
 Parameter: XMAX <- "-13.2749823"
  
 CHARMM>            calc ymax = ?ymax + @dcut
 Parameter: DCUT -> "3.5"
 RDCMND substituted energy or value "?YMAX" to "-4.53299776"
Evaluating: -4.53299776+3.5
 Parameter: YMAX <- "-1.03299776"
  
 CHARMM>            calc zmax = ?zmax + @dcut
 Parameter: DCUT -> "3.5"
 RDCMND substituted energy or value "?ZMAX" to "-46.6334388"
Evaluating: -46.6334388+3.5
 Parameter: ZMAX <- "-43.1334388"
  
 CHARMM>            calc xmin = ?xmin - @dcut
 Parameter: DCUT -> "3.5"
 RDCMND substituted energy or value "?XMIN" to "-16.7749823"
Evaluating: -16.7749823-3.5
 Parameter: XMIN <- "-20.2749823"
  
 CHARMM>            calc ymin = ?ymin - @dcut
 Parameter: DCUT -> "3.5"
 RDCMND substituted energy or value "?YMIN" to "-4.53299776"
Evaluating: -4.53299776-3.5
 Parameter: YMIN <- "-8.03299776"
  
 CHARMM>            calc zmin = ?zmin - @dcut
 Parameter: DCUT -> "3.5"
 RDCMND substituted energy or value "?ZMIN" to "-46.6334388"
Evaluating: -46.6334388-3.5
 Parameter: ZMIN <- "-50.1334388"
  
 CHARMM>     
  
 CHARMM>            define JUNK sele .not. target .and. -
 CHARMM>                             prop X .lt. @xmax .and. prop X .gt. @xmin .and. -
 CHARMM>                             prop Y .lt. @ymax .and. prop Y .gt. @ymin .and. -
 CHARMM>                             prop Z .lt. @zmax .and. prop Z .gt. @zmin  end
 Parameter: XMAX -> "-13.2749823"
 Parameter: XMIN -> "-20.2749823"
 Parameter: YMAX -> "-1.03299776"
 Parameter: YMIN -> "-8.03299776"
 Parameter: ZMAX -> "-43.1334388"
 Parameter: ZMIN -> "-50.1334388"
 SELRPN>      0 atoms have been selected out of   8612
  
 CHARMM>     
  
 CHARMM>            ! check if the ions are too close to protein
  
 CHARMM>            define XXX sele PROT end
 SELRPN>      0 atoms have been selected out of   8612
  
 CHARMM>            if ?nsel .gt. 0 then
 RDCMND substituted energy or value "?NSEL" to "0"
 Comparing "0" and "0".
 IF test evaluated as false.  Skip to ELSE or ENDIF
  
 CHARMM>     
  
 CHARMM>            ! check if the ions are too close to solute
  
 CHARMM>            coor dist cut 4.0 sele target end sele JUNK .and. .not. hydrogen end image
 SELRPN>      1 atoms have been selected out of  16051
 SELRPN>      0 atoms have been selected out of  16051

            DISTANCES FOR SELECTED ATOMS
            ONLY ONE SELECTION SET SPECIFIED, A COMPARISON WILL BE DONE
 TOTAL EXCLUSION COUNT =         0
 TOTAL 1-4 EXCLUSIONS  =         0
 TOTAL NON-EXCLUSIONS  =         0
  
 CHARMM>            if ?npair .gt. 0 goto doinit
 RDCMND substituted energy or value "?NPAIR" to "0"
 Comparing "0" and "0".
 IF test evaluated as false.  Skipping command
  
 CHARMM>     
  
 CHARMM>            calc cntrand = 0
Evaluating: 0
 Parameter: CNTRAND <- "0"
  
 CHARMM>            increase i by 1
 Parameter: I <- "16"
  
 CHARMM>            if i .le. @nion goto doinit
 Parameter: NION -> "36"
 Comparing "16" and "36".
 IF test evaluated as true.  Performing command
  
 CHARMM>     
  
 CHARMM>            calc cntrand = @cntrand + 1
 Parameter: CNTRAND -> "0"
Evaluating: 0+1
 Parameter: CNTRAND <- "1"
  
 CHARMM>            if cntrand .gt. 100 stop ! ABNORMAL TERMINATION: ion placing may not work.. stop here
 Comparing "1" and "100".
 IF test evaluated as false.  Skipping command
  
 CHARMM>     
  
 CHARMM>            calc j = @i
 Parameter: I -> "16"
Evaluating: 16
 Parameter: J <- "16"
  
 CHARMM>            set ion = POS
 Parameter: ION <- "POS"
  
 CHARMM>     
  
 CHARMM>            if j .gt. @npos then
 Parameter: NPOS -> "18"
 Comparing "16" and "18".
 IF test evaluated as false.  Skip to ELSE or ENDIF
  
 CHARMM>     
  
 CHARMM>            define target select segid @ion .and. resid @j end
 Parameter: ION -> "POS"
 Parameter: J -> "16"
 SELRPN>      1 atoms have been selected out of   8612
  
 CHARMM>     
  
 CHARMM>            calc xpos = @A * ( ?random - 0.5 )
 Parameter: A -> "46.7504011"
 RDCMND substituted energy or value "?RANDOM" to "0.46712222"
Evaluating: 46.7504011*(0.46712222-0.5)
 Parameter: XPOS <- "-1.5370494"
  
 CHARMM>            calc ypos = @B * ( ?random - 0.5 )
 Parameter: B -> "46.7504011"
 RDCMND substituted energy or value "?RANDOM" to "0.88820652"
Evaluating: 46.7504011*(0.88820652-0.5)
 Parameter: YPOS <- "18.1488105"
  
 CHARMM>            calc zpos = @C * ( ?random - 0.5 ) + @zcen
 Parameter: C -> "145"
 Parameter: ZCEN -> "0"
 RDCMND substituted energy or value "?RANDOM" to "0.66002449"
Evaluating: 145*(0.66002449-0.5)+0
 Parameter: ZPOS <- "23.203551"
  
 CHARMM>     
  
 CHARMM>            if zpos .gt. -15 if zpos .lt. 15 goto doinit
 Comparing "23.203551" and "-15".
 IF test evaluated as true.  Performing command
 Comparing "23.203551" and "15".
 IF test evaluated as false.  Skipping command
  
 CHARMM>     
  
 CHARMM>            ! move target to selected position
  
 CHARMM>            coor stat select target end
 SELRPN>      1 atoms have been selected out of   8612
 STATISTICS FOR         1 SELECTED ATOMS:
    XMIN =    0.000000 XMAX =    0.000000 XAVE =    0.000000
    YMIN =    0.000000 YMAX =    0.000000 YAVE =    0.000000
    ZMIN =    0.000000 ZMAX =    0.000000 ZAVE =    0.000000
    WMIN =    1.000000 WMAX =    1.000000 WAVE =    1.000000
  
 CHARMM>            calc xtran = @xpos - ?xave
 Parameter: XPOS -> "-1.5370494"
 RDCMND substituted energy or value "?XAVE" to "0"
Evaluating: -1.5370494-0
 Parameter: XTRAN <- "-1.5370494"
  
 CHARMM>            calc ytran = @ypos - ?yave
 Parameter: YPOS -> "18.1488105"
 RDCMND substituted energy or value "?YAVE" to "0"
Evaluating: 18.1488105-0
 Parameter: YTRAN <- "18.1488105"
  
 CHARMM>            calc ztran = @zpos - ?zave
 Parameter: ZPOS -> "23.203551"
 RDCMND substituted energy or value "?ZAVE" to "0"
Evaluating: 23.203551-0
 Parameter: ZTRAN <- "23.203551"
  
 CHARMM>            coor trans xdir @xtran ydir @ytran zdir @ztran select target end
 Parameter: XTRAN -> "-1.5370494"
 Parameter: YTRAN -> "18.1488105"
 Parameter: ZTRAN -> "23.203551"
 SELRPN>      1 atoms have been selected out of   8612
 TRANSLATION VECTOR    -1.537049   18.148810   23.203551
 SELECTED COORDINATES TRANSLATED IN THE MAIN SET.

  
 CHARMM>     
  
 CHARMM>            ! apply a random rotation along XYZ
  
 CHARMM>            calc xphi = ?random * 360.0
 RDCMND substituted energy or value "?RANDOM" to "0.318939413"
Evaluating: 0.318939413*360.0
 Parameter: XPHI <- "114.818189"
  
 CHARMM>            calc yphi = ?random * 360.0
 RDCMND substituted energy or value "?RANDOM" to "0.219109571"
Evaluating: 0.219109571*360.0
 Parameter: YPHI <- "78.8794456"
  
 CHARMM>            calc zphi = ?random * 360.0
 RDCMND substituted energy or value "?RANDOM" to "0.550526744"
Evaluating: 0.550526744*360.0
 Parameter: ZPHI <- "198.189628"
  
 CHARMM>            coor rotate xcen @xpos ycen @ypos zcen @zpos xdir 1.0 -
 CHARMM>                phi @xphi select target end
 Parameter: XPOS -> "-1.5370494"
 Parameter: YPOS -> "18.1488105"
 Parameter: ZPOS -> "23.203551"
 Parameter: XPHI -> "114.818189"
 SELRPN>      1 atoms have been selected out of   8612
 ROTATION MATRIX
    1.000000    0.000000    0.000000
    0.000000   -0.419740    0.907644
    0.000000   -0.907644   -0.419740

 AXIS OF ROTATION IS  1.000000  0.000000  0.000000  ANGLE IS  114.82

 SELECTED COORDINATES ROTATED IN THE MAIN SET.

  
 CHARMM>            coor rotate xcen @xpos ycen @ypos zcen @zpos ydir 1.0 -
 CHARMM>                phi @yphi select target end
 Parameter: XPOS -> "-1.5370494"
 Parameter: YPOS -> "18.1488105"
 Parameter: ZPOS -> "23.203551"
 Parameter: YPHI -> "78.8794456"
 SELRPN>      1 atoms have been selected out of   8612
 ROTATION MATRIX
    0.192874    0.000000   -0.981224
    0.000000    1.000000    0.000000
    0.981224    0.000000    0.192874

 AXIS OF ROTATION IS  0.000000  1.000000  0.000000  ANGLE IS   78.88

 SELECTED COORDINATES ROTATED IN THE MAIN SET.

  
 CHARMM>            coor rotate xcen @xpos ycen @ypos zcen @zpos zdir 1.0 -
 CHARMM>                phi @zphi select target end
 Parameter: XPOS -> "-1.5370494"
 Parameter: YPOS -> "18.1488105"
 Parameter: ZPOS -> "23.203551"
 Parameter: ZPHI -> "198.189628"
 SELRPN>      1 atoms have been selected out of   8612
 ROTATION MATRIX
   -0.950029   -0.312163    0.000000
    0.312163   -0.950029    0.000000
    0.000000    0.000000    1.000000

 AXIS OF ROTATION IS  0.000000  0.000000 -1.000000  ANGLE IS  161.81

 SELECTED COORDINATES ROTATED IN THE MAIN SET.

  
 CHARMM>     
  
 CHARMM>     
  
 CHARMM>            calc dcut = 3.5
Evaluating: 3.5
 Parameter: DCUT <- "3.5"
  
 CHARMM>     
  
 CHARMM>            coor stat sele target end
 SELRPN>      1 atoms have been selected out of   8612
 STATISTICS FOR         1 SELECTED ATOMS:
    XMIN =   -1.537049 XMAX =   -1.537049 XAVE =   -1.537049
    YMIN =   18.148810 YMAX =   18.148810 YAVE =   18.148810
    ZMIN =   23.203551 ZMAX =   23.203551 ZAVE =   23.203551
    WMIN =    1.000000 WMAX =    1.000000 WAVE =    1.000000
  
 CHARMM>            calc xmax = ?xmax + @dcut
 Parameter: DCUT -> "3.5"
 RDCMND substituted energy or value "?XMAX" to "-1.5370494"
Evaluating: -1.5370494+3.5
 Parameter: XMAX <- "1.9629506"
  
 CHARMM>            calc ymax = ?ymax + @dcut
 Parameter: DCUT -> "3.5"
 RDCMND substituted energy or value "?YMAX" to "18.1488105"
Evaluating: 18.1488105+3.5
 Parameter: YMAX <- "21.6488105"
  
 CHARMM>            calc zmax = ?zmax + @dcut
 Parameter: DCUT -> "3.5"
 RDCMND substituted energy or value "?ZMAX" to "23.203551"
Evaluating: 23.203551+3.5
 Parameter: ZMAX <- "26.703551"
  
 CHARMM>            calc xmin = ?xmin - @dcut
 Parameter: DCUT -> "3.5"
 RDCMND substituted energy or value "?XMIN" to "-1.5370494"
Evaluating: -1.5370494-3.5
 Parameter: XMIN <- "-5.0370494"
  
 CHARMM>            calc ymin = ?ymin - @dcut
 Parameter: DCUT -> "3.5"
 RDCMND substituted energy or value "?YMIN" to "18.1488105"
Evaluating: 18.1488105-3.5
 Parameter: YMIN <- "14.6488105"
  
 CHARMM>            calc zmin = ?zmin - @dcut
 Parameter: DCUT -> "3.5"
 RDCMND substituted energy or value "?ZMIN" to "23.203551"
Evaluating: 23.203551-3.5
 Parameter: ZMIN <- "19.703551"
  
 CHARMM>     
  
 CHARMM>            define JUNK sele .not. target .and. -
 CHARMM>                             prop X .lt. @xmax .and. prop X .gt. @xmin .and. -
 CHARMM>                             prop Y .lt. @ymax .and. prop Y .gt. @ymin .and. -
 CHARMM>                             prop Z .lt. @zmax .and. prop Z .gt. @zmin  end
 Parameter: XMAX -> "1.9629506"
 Parameter: XMIN -> "-5.0370494"
 Parameter: YMAX -> "21.6488105"
 Parameter: YMIN -> "14.6488105"
 Parameter: ZMAX -> "26.703551"
 Parameter: ZMIN -> "19.703551"
 SELRPN>      3 atoms have been selected out of   8612
  
 CHARMM>     
  
 CHARMM>            ! check if the ions are too close to protein
  
 CHARMM>            define XXX sele PROT end
 SELRPN>      0 atoms have been selected out of   8612
  
 CHARMM>            if ?nsel .gt. 0 then
 RDCMND substituted energy or value "?NSEL" to "0"
 Comparing "0" and "0".
 IF test evaluated as false.  Skip to ELSE or ENDIF
  
 CHARMM>     
  
 CHARMM>            ! check if the ions are too close to solute
  
 CHARMM>            coor dist cut 4.0 sele target end sele JUNK .and. .not. hydrogen end image
 SELRPN>      1 atoms have been selected out of  16051
 SELRPN>      1 atoms have been selected out of  16051

            DISTANCES FOR SELECTED ATOMS
 TOTAL EXCLUSION COUNT =         0
 TOTAL 1-4 EXCLUSIONS  =         0
 TOTAL NON-EXCLUSIONS  =         0
  
 CHARMM>            if ?npair .gt. 0 goto doinit
 RDCMND substituted energy or value "?NPAIR" to "0"
 Comparing "0" and "0".
 IF test evaluated as false.  Skipping command
  
 CHARMM>     
  
 CHARMM>            calc cntrand = 0
Evaluating: 0
 Parameter: CNTRAND <- "0"
  
 CHARMM>            increase i by 1
 Parameter: I <- "17"
  
 CHARMM>            if i .le. @nion goto doinit
 Parameter: NION -> "36"
 Comparing "17" and "36".
 IF test evaluated as true.  Performing command
  
 CHARMM>     
  
 CHARMM>            calc cntrand = @cntrand + 1
 Parameter: CNTRAND -> "0"
Evaluating: 0+1
 Parameter: CNTRAND <- "1"
  
 CHARMM>            if cntrand .gt. 100 stop ! ABNORMAL TERMINATION: ion placing may not work.. stop here
 Comparing "1" and "100".
 IF test evaluated as false.  Skipping command
  
 CHARMM>     
  
 CHARMM>            calc j = @i
 Parameter: I -> "17"
Evaluating: 17
 Parameter: J <- "17"
  
 CHARMM>            set ion = POS
 Parameter: ION <- "POS"
  
 CHARMM>     
  
 CHARMM>            if j .gt. @npos then
 Parameter: NPOS -> "18"
 Comparing "17" and "18".
 IF test evaluated as false.  Skip to ELSE or ENDIF
  
 CHARMM>     
  
 CHARMM>            define target select segid @ion .and. resid @j end
 Parameter: ION -> "POS"
 Parameter: J -> "17"
 SELRPN>      1 atoms have been selected out of   8612
  
 CHARMM>     
  
 CHARMM>            calc xpos = @A * ( ?random - 0.5 )
 Parameter: A -> "46.7504011"
 RDCMND substituted energy or value "?RANDOM" to "0.997834543"
Evaluating: 46.7504011*(0.997834543-0.5)
 Parameter: XPOS <- "23.2739646"
  
 CHARMM>            calc ypos = @B * ( ?random - 0.5 )
 Parameter: B -> "46.7504011"
 RDCMND substituted energy or value "?RANDOM" to "1.044761784E-02"
Evaluating: 46.7504011*(1.044761784E-02-0.5)
 Parameter: YPOS <- "-22.8867702"
  
 CHARMM>            calc zpos = @C * ( ?random - 0.5 ) + @zcen
 Parameter: C -> "145"
 Parameter: ZCEN -> "0"
 RDCMND substituted energy or value "?RANDOM" to "0.587535322"
Evaluating: 145*(0.587535322-0.5)+0
 Parameter: ZPOS <- "12.6926217"
  
 CHARMM>     
  
 CHARMM>            if zpos .gt. -15 if zpos .lt. 15 goto doinit
 Comparing "12.6926217" and "-15".
 IF test evaluated as true.  Performing command
 Comparing "12.6926217" and "15".
 IF test evaluated as true.  Performing command
  
 CHARMM>     
  
 CHARMM>            calc cntrand = @cntrand + 1
 Parameter: CNTRAND -> "1"
Evaluating: 1+1
 Parameter: CNTRAND <- "2"
  
 CHARMM>            if cntrand .gt. 100 stop ! ABNORMAL TERMINATION: ion placing may not work.. stop here
 Comparing "2" and "100".
 IF test evaluated as false.  Skipping command
  
 CHARMM>     
  
 CHARMM>            calc j = @i
 Parameter: I -> "17"
Evaluating: 17
 Parameter: J <- "17"
  
 CHARMM>            set ion = POS
 Parameter: ION <- "POS"
  
 CHARMM>     
  
 CHARMM>            if j .gt. @npos then
 Parameter: NPOS -> "18"
 Comparing "17" and "18".
 IF test evaluated as false.  Skip to ELSE or ENDIF
  
 CHARMM>     
  
 CHARMM>            define target select segid @ion .and. resid @j end
 Parameter: ION -> "POS"
 Parameter: J -> "17"
 SELRPN>      1 atoms have been selected out of   8612
  
 CHARMM>     
  
 CHARMM>            calc xpos = @A * ( ?random - 0.5 )
 Parameter: A -> "46.7504011"
 RDCMND substituted energy or value "?RANDOM" to "0.277935117"
Evaluating: 46.7504011*(0.277935117-0.5)
 Parameter: XPOS <- "-10.3816224"
  
 CHARMM>            calc ypos = @B * ( ?random - 0.5 )
 Parameter: B -> "46.7504011"
 RDCMND substituted energy or value "?RANDOM" to "0.330989886"
Evaluating: 46.7504011*(0.330989886-0.5)
 Parameter: YPOS <- "-7.90129062"
  
 CHARMM>            calc zpos = @C * ( ?random - 0.5 ) + @zcen
 Parameter: C -> "145"
 Parameter: ZCEN -> "0"
 RDCMND substituted energy or value "?RANDOM" to "0.62758657"
Evaluating: 145*(0.62758657-0.5)+0
 Parameter: ZPOS <- "18.5000527"
  
 CHARMM>     
  
 CHARMM>            if zpos .gt. -15 if zpos .lt. 15 goto doinit
 Comparing "18.5000527" and "-15".
 IF test evaluated as true.  Performing command
 Comparing "18.5000527" and "15".
 IF test evaluated as false.  Skipping command
  
 CHARMM>     
  
 CHARMM>            ! move target to selected position
  
 CHARMM>            coor stat select target end
 SELRPN>      1 atoms have been selected out of   8612
 STATISTICS FOR         1 SELECTED ATOMS:
    XMIN =    0.000000 XMAX =    0.000000 XAVE =    0.000000
    YMIN =    0.000000 YMAX =    0.000000 YAVE =    0.000000
    ZMIN =    0.000000 ZMAX =    0.000000 ZAVE =    0.000000
    WMIN =    1.000000 WMAX =    1.000000 WAVE =    1.000000
  
 CHARMM>            calc xtran = @xpos - ?xave
 Parameter: XPOS -> "-10.3816224"
 RDCMND substituted energy or value "?XAVE" to "0"
Evaluating: -10.3816224-0
 Parameter: XTRAN <- "-10.3816224"
  
 CHARMM>            calc ytran = @ypos - ?yave
 Parameter: YPOS -> "-7.90129062"
 RDCMND substituted energy or value "?YAVE" to "0"
Evaluating: -7.90129062-0
 Parameter: YTRAN <- "-7.90129062"
  
 CHARMM>            calc ztran = @zpos - ?zave
 Parameter: ZPOS -> "18.5000527"
 RDCMND substituted energy or value "?ZAVE" to "0"
Evaluating: 18.5000527-0
 Parameter: ZTRAN <- "18.5000527"
  
 CHARMM>            coor trans xdir @xtran ydir @ytran zdir @ztran select target end
 Parameter: XTRAN -> "-10.3816224"
 Parameter: YTRAN -> "-7.90129062"
 Parameter: ZTRAN -> "18.5000527"
 SELRPN>      1 atoms have been selected out of   8612
 TRANSLATION VECTOR   -10.381622   -7.901291   18.500053
 SELECTED COORDINATES TRANSLATED IN THE MAIN SET.

  
 CHARMM>     
  
 CHARMM>            ! apply a random rotation along XYZ
  
 CHARMM>            calc xphi = ?random * 360.0
 RDCMND substituted energy or value "?RANDOM" to "0.894491598"
Evaluating: 0.894491598*360.0
 Parameter: XPHI <- "322.016975"
  
 CHARMM>            calc yphi = ?random * 360.0
 RDCMND substituted energy or value "?RANDOM" to "0.213492103"
Evaluating: 0.213492103*360.0
 Parameter: YPHI <- "76.8571571"
  
 CHARMM>            calc zphi = ?random * 360.0
 RDCMND substituted energy or value "?RANDOM" to "0.447104694"
Evaluating: 0.447104694*360.0
 Parameter: ZPHI <- "160.95769"
  
 CHARMM>            coor rotate xcen @xpos ycen @ypos zcen @zpos xdir 1.0 -
 CHARMM>                phi @xphi select target end
 Parameter: XPOS -> "-10.3816224"
 Parameter: YPOS -> "-7.90129062"
 Parameter: ZPOS -> "18.5000527"
 Parameter: XPHI -> "322.016975"
 SELRPN>      1 atoms have been selected out of   8612
 ROTATION MATRIX
    1.000000    0.000000    0.000000
    0.000000    0.788193   -0.615428
    0.000000    0.615428    0.788193

 AXIS OF ROTATION IS -1.000000  0.000000  0.000000  ANGLE IS   37.98

 SELECTED COORDINATES ROTATED IN THE MAIN SET.

  
 CHARMM>            coor rotate xcen @xpos ycen @ypos zcen @zpos ydir 1.0 -
 CHARMM>                phi @yphi select target end
 Parameter: XPOS -> "-10.3816224"
 Parameter: YPOS -> "-7.90129062"
 Parameter: ZPOS -> "18.5000527"
 Parameter: YPHI -> "76.8571571"
 SELRPN>      1 atoms have been selected out of   8612
 ROTATION MATRIX
    0.227380    0.000000   -0.973806
    0.000000    1.000000    0.000000
    0.973806    0.000000    0.227380

 AXIS OF ROTATION IS  0.000000  1.000000  0.000000  ANGLE IS   76.86

 SELECTED COORDINATES ROTATED IN THE MAIN SET.

  
 CHARMM>            coor rotate xcen @xpos ycen @ypos zcen @zpos zdir 1.0 -
 CHARMM>                phi @zphi select target end
 Parameter: XPOS -> "-10.3816224"
 Parameter: YPOS -> "-7.90129062"
 Parameter: ZPOS -> "18.5000527"
 Parameter: ZPHI -> "160.95769"
 SELRPN>      1 atoms have been selected out of   8612
 ROTATION MATRIX
   -0.945278    0.326266    0.000000
   -0.326266   -0.945278    0.000000
    0.000000    0.000000    1.000000

 AXIS OF ROTATION IS  0.000000  0.000000  1.000000  ANGLE IS  160.96

 SELECTED COORDINATES ROTATED IN THE MAIN SET.

  
 CHARMM>     
  
 CHARMM>     
  
 CHARMM>            calc dcut = 3.5
Evaluating: 3.5
 Parameter: DCUT <- "3.5"
  
 CHARMM>     
  
 CHARMM>            coor stat sele target end
 SELRPN>      1 atoms have been selected out of   8612
 STATISTICS FOR         1 SELECTED ATOMS:
    XMIN =  -10.381622 XMAX =  -10.381622 XAVE =  -10.381622
    YMIN =   -7.901291 YMAX =   -7.901291 YAVE =   -7.901291
    ZMIN =   18.500053 ZMAX =   18.500053 ZAVE =   18.500053
    WMIN =    1.000000 WMAX =    1.000000 WAVE =    1.000000
  
 CHARMM>            calc xmax = ?xmax + @dcut
 Parameter: DCUT -> "3.5"
 RDCMND substituted energy or value "?XMAX" to "-10.3816224"
Evaluating: -10.3816224+3.5
 Parameter: XMAX <- "-6.8816224"
  
 CHARMM>            calc ymax = ?ymax + @dcut
 Parameter: DCUT -> "3.5"
 RDCMND substituted energy or value "?YMAX" to "-7.90129062"
Evaluating: -7.90129062+3.5
 Parameter: YMAX <- "-4.40129062"
  
 CHARMM>            calc zmax = ?zmax + @dcut
 Parameter: DCUT -> "3.5"
 RDCMND substituted energy or value "?ZMAX" to "18.5000527"
Evaluating: 18.5000527+3.5
 Parameter: ZMAX <- "22.0000527"
  
 CHARMM>            calc xmin = ?xmin - @dcut
 Parameter: DCUT -> "3.5"
 RDCMND substituted energy or value "?XMIN" to "-10.3816224"
Evaluating: -10.3816224-3.5
 Parameter: XMIN <- "-13.8816224"
  
 CHARMM>            calc ymin = ?ymin - @dcut
 Parameter: DCUT -> "3.5"
 RDCMND substituted energy or value "?YMIN" to "-7.90129062"
Evaluating: -7.90129062-3.5
 Parameter: YMIN <- "-11.4012906"
  
 CHARMM>            calc zmin = ?zmin - @dcut
 Parameter: DCUT -> "3.5"
 RDCMND substituted energy or value "?ZMIN" to "18.5000527"
Evaluating: 18.5000527-3.5
 Parameter: ZMIN <- "15.0000527"
  
 CHARMM>     
  
 CHARMM>            define JUNK sele .not. target .and. -
 CHARMM>                             prop X .lt. @xmax .and. prop X .gt. @xmin .and. -
 CHARMM>                             prop Y .lt. @ymax .and. prop Y .gt. @ymin .and. -
 CHARMM>                             prop Z .lt. @zmax .and. prop Z .gt. @zmin  end
 Parameter: XMAX -> "-6.8816224"
 Parameter: XMIN -> "-13.8816224"
 Parameter: YMAX -> "-4.40129062"
 Parameter: YMIN -> "-11.4012906"
 Parameter: ZMAX -> "22.0000527"
 Parameter: ZMIN -> "15.0000527"
 SELRPN>     27 atoms have been selected out of   8612
  
 CHARMM>     
  
 CHARMM>            ! check if the ions are too close to protein
  
 CHARMM>            define XXX sele PROT end
 SELRPN>      0 atoms have been selected out of   8612
  
 CHARMM>            if ?nsel .gt. 0 then
 RDCMND substituted energy or value "?NSEL" to "0"
 Comparing "0" and "0".
 IF test evaluated as false.  Skip to ELSE or ENDIF
  
 CHARMM>     
  
 CHARMM>            ! check if the ions are too close to solute
  
 CHARMM>            coor dist cut 4.0 sele target end sele JUNK .and. .not. hydrogen end image
 SELRPN>      1 atoms have been selected out of  16051
 SELRPN>     11 atoms have been selected out of  16051

            DISTANCES FOR SELECTED ATOMS
 8593 POS      POT      17       POT     - 564 MEMB     POPC     5        C2            3.9613
 8593 POS      POT      17       POT     - 566 MEMB     POPC     5        O21           3.4694
 8593 POS      POT      17       POT     - 567 MEMB     POPC     5        C21           2.7885
 8593 POS      POT      17       POT     - 568 MEMB     POPC     5        O22           2.7189
 8593 POS      POT      17       POT     - 569 MEMB     POPC     5        C22           3.1093
 8593 POS      POT      17       POT     -1093 MEMB     POPC     9        O13           3.6499
 8593 POS      POT      17       POT     -1609 MEMB     POPC     13       N             3.4257
 8593 POS      POT      17       POT     -1610 MEMB     POPC     13       C12           3.0474
 8593 POS      POT      17       POT     -1617 MEMB     POPC     13       C14           2.5844
 TOTAL EXCLUSION COUNT =         0
 TOTAL 1-4 EXCLUSIONS  =         0
 TOTAL NON-EXCLUSIONS  =         9
  
 CHARMM>            if ?npair .gt. 0 goto doinit
 RDCMND substituted energy or value "?NPAIR" to "9"
 Comparing "9" and "0".
 IF test evaluated as true.  Performing command
  
 CHARMM>     
  
 CHARMM>            calc cntrand = @cntrand + 1
 Parameter: CNTRAND -> "2"
Evaluating: 2+1
 Parameter: CNTRAND <- "3"
  
 CHARMM>            if cntrand .gt. 100 stop ! ABNORMAL TERMINATION: ion placing may not work.. stop here
 Comparing "3" and "100".
 IF test evaluated as false.  Skipping command
  
 CHARMM>     
  
 CHARMM>            calc j = @i
 Parameter: I -> "17"
Evaluating: 17
 Parameter: J <- "17"
  
 CHARMM>            set ion = POS
 Parameter: ION <- "POS"
  
 CHARMM>     
  
 CHARMM>            if j .gt. @npos then
 Parameter: NPOS -> "18"
 Comparing "17" and "18".
 IF test evaluated as false.  Skip to ELSE or ENDIF
  
 CHARMM>     
  
 CHARMM>            define target select segid @ion .and. resid @j end
 Parameter: ION -> "POS"
 Parameter: J -> "17"
 SELRPN>      1 atoms have been selected out of   8612
  
 CHARMM>     
  
 CHARMM>            calc xpos = @A * ( ?random - 0.5 )
 Parameter: A -> "46.7504011"
 RDCMND substituted energy or value "?RANDOM" to "0.909965145"
Evaluating: 46.7504011*(0.909965145-0.5)
 Parameter: XPOS <- "19.166035"
  
 CHARMM>            calc ypos = @B * ( ?random - 0.5 )
 Parameter: B -> "46.7504011"
 RDCMND substituted energy or value "?RANDOM" to "1.243852701E-02"
Evaluating: 46.7504011*(1.243852701E-02-0.5)
 Parameter: YPOS <- "-22.7936944"
  
 CHARMM>            calc zpos = @C * ( ?random - 0.5 ) + @zcen
 Parameter: C -> "145"
 Parameter: ZCEN -> "0"
 RDCMND substituted energy or value "?RANDOM" to "0.343611645"
Evaluating: 145*(0.343611645-0.5)+0
 Parameter: ZPOS <- "-22.6763115"
  
 CHARMM>     
  
 CHARMM>            if zpos .gt. -15 if zpos .lt. 15 goto doinit
 Comparing "-22.6763115" and "-15".
 IF test evaluated as false.  Skipping command
  
 CHARMM>     
  
 CHARMM>            ! move target to selected position
  
 CHARMM>            coor stat select target end
 SELRPN>      1 atoms have been selected out of   8612
 STATISTICS FOR         1 SELECTED ATOMS:
    XMIN =  -10.381622 XMAX =  -10.381622 XAVE =  -10.381622
    YMIN =   -7.901291 YMAX =   -7.901291 YAVE =   -7.901291
    ZMIN =   18.500053 ZMAX =   18.500053 ZAVE =   18.500053
    WMIN =    1.000000 WMAX =    1.000000 WAVE =    1.000000
  
 CHARMM>            calc xtran = @xpos - ?xave
 Parameter: XPOS -> "19.166035"
 RDCMND substituted energy or value "?XAVE" to "-10.3816224"
Evaluating: 19.166035--10.3816224
 Parameter: XTRAN <- "29.5476574"
  
 CHARMM>            calc ytran = @ypos - ?yave
 Parameter: YPOS -> "-22.7936944"
 RDCMND substituted energy or value "?YAVE" to "-7.90129062"
Evaluating: -22.7936944--7.90129062
 Parameter: YTRAN <- "-14.8924038"
  
 CHARMM>            calc ztran = @zpos - ?zave
 Parameter: ZPOS -> "-22.6763115"
 RDCMND substituted energy or value "?ZAVE" to "18.5000527"
Evaluating: -22.6763115-18.5000527
 Parameter: ZTRAN <- "-41.1763642"
  
 CHARMM>            coor trans xdir @xtran ydir @ytran zdir @ztran select target end
 Parameter: XTRAN -> "29.5476574"
 Parameter: YTRAN -> "-14.8924038"
 Parameter: ZTRAN -> "-41.1763642"
 SELRPN>      1 atoms have been selected out of   8612
 TRANSLATION VECTOR    29.547657  -14.892404  -41.176364
 SELECTED COORDINATES TRANSLATED IN THE MAIN SET.

  
 CHARMM>     
  
 CHARMM>            ! apply a random rotation along XYZ
  
 CHARMM>            calc xphi = ?random * 360.0
 RDCMND substituted energy or value "?RANDOM" to "0.736698694"
Evaluating: 0.736698694*360.0
 Parameter: XPHI <- "265.21153"
  
 CHARMM>            calc yphi = ?random * 360.0
 RDCMND substituted energy or value "?RANDOM" to "0.752427964"
Evaluating: 0.752427964*360.0
 Parameter: YPHI <- "270.874067"
  
 CHARMM>            calc zphi = ?random * 360.0
 RDCMND substituted energy or value "?RANDOM" to "0.479631998"
Evaluating: 0.479631998*360.0
 Parameter: ZPHI <- "172.667519"
  
 CHARMM>            coor rotate xcen @xpos ycen @ypos zcen @zpos xdir 1.0 -
 CHARMM>                phi @xphi select target end
 Parameter: XPOS -> "19.166035"
 Parameter: YPOS -> "-22.7936944"
 Parameter: ZPOS -> "-22.6763115"
 Parameter: XPHI -> "265.21153"
 SELRPN>      1 atoms have been selected out of   8612
 ROTATION MATRIX
    1.000000    0.000000    0.000000
    0.000000   -0.083477   -0.996510
    0.000000    0.996510   -0.083477

 AXIS OF ROTATION IS -1.000000  0.000000  0.000000  ANGLE IS   94.79

 SELECTED COORDINATES ROTATED IN THE MAIN SET.

  
 CHARMM>            coor rotate xcen @xpos ycen @ypos zcen @zpos ydir 1.0 -
 CHARMM>                phi @yphi select target end
 Parameter: XPOS -> "19.166035"
 Parameter: YPOS -> "-22.7936944"
 Parameter: ZPOS -> "-22.6763115"
 Parameter: YPHI -> "270.874067"
 SELRPN>      1 atoms have been selected out of   8612
 ROTATION MATRIX
    0.015255    0.000000    0.999884
    0.000000    1.000000    0.000000
   -0.999884    0.000000    0.015255

 AXIS OF ROTATION IS  0.000000 -1.000000  0.000000  ANGLE IS   89.13

 SELECTED COORDINATES ROTATED IN THE MAIN SET.

  
 CHARMM>            coor rotate xcen @xpos ycen @ypos zcen @zpos zdir 1.0 -
 CHARMM>                phi @zphi select target end
 Parameter: XPOS -> "19.166035"
 Parameter: YPOS -> "-22.7936944"
 Parameter: ZPOS -> "-22.6763115"
 Parameter: ZPHI -> "172.667519"
 SELRPN>      1 atoms have been selected out of   8612
 ROTATION MATRIX
   -0.991822    0.127627    0.000000
   -0.127627   -0.991822    0.000000
    0.000000    0.000000    1.000000

 AXIS OF ROTATION IS  0.000000  0.000000  1.000000  ANGLE IS  172.67

 SELECTED COORDINATES ROTATED IN THE MAIN SET.

  
 CHARMM>     
  
 CHARMM>     
  
 CHARMM>            calc dcut = 3.5
Evaluating: 3.5
 Parameter: DCUT <- "3.5"
  
 CHARMM>     
  
 CHARMM>            coor stat sele target end
 SELRPN>      1 atoms have been selected out of   8612
 STATISTICS FOR         1 SELECTED ATOMS:
    XMIN =   19.166035 XMAX =   19.166035 XAVE =   19.166035
    YMIN =  -22.793694 YMAX =  -22.793694 YAVE =  -22.793694
    ZMIN =  -22.676312 ZMAX =  -22.676312 ZAVE =  -22.676312
    WMIN =    1.000000 WMAX =    1.000000 WAVE =    1.000000
  
 CHARMM>            calc xmax = ?xmax + @dcut
 Parameter: DCUT -> "3.5"
 RDCMND substituted energy or value "?XMAX" to "19.166035"
Evaluating: 19.166035+3.5
 Parameter: XMAX <- "22.666035"
  
 CHARMM>            calc ymax = ?ymax + @dcut
 Parameter: DCUT -> "3.5"
 RDCMND substituted energy or value "?YMAX" to "-22.7936944"
Evaluating: -22.7936944+3.5
 Parameter: YMAX <- "-19.2936944"
  
 CHARMM>            calc zmax = ?zmax + @dcut
 Parameter: DCUT -> "3.5"
 RDCMND substituted energy or value "?ZMAX" to "-22.6763115"
Evaluating: -22.6763115+3.5
 Parameter: ZMAX <- "-19.1763115"
  
 CHARMM>            calc xmin = ?xmin - @dcut
 Parameter: DCUT -> "3.5"
 RDCMND substituted energy or value "?XMIN" to "19.166035"
Evaluating: 19.166035-3.5
 Parameter: XMIN <- "15.666035"
  
 CHARMM>            calc ymin = ?ymin - @dcut
 Parameter: DCUT -> "3.5"
 RDCMND substituted energy or value "?YMIN" to "-22.7936944"
Evaluating: -22.7936944-3.5
 Parameter: YMIN <- "-26.2936944"
  
 CHARMM>            calc zmin = ?zmin - @dcut
 Parameter: DCUT -> "3.5"
 RDCMND substituted energy or value "?ZMIN" to "-22.6763115"
Evaluating: -22.6763115-3.5
 Parameter: ZMIN <- "-26.1763115"
  
 CHARMM>     
  
 CHARMM>            define JUNK sele .not. target .and. -
 CHARMM>                             prop X .lt. @xmax .and. prop X .gt. @xmin .and. -
 CHARMM>                             prop Y .lt. @ymax .and. prop Y .gt. @ymin .and. -
 CHARMM>                             prop Z .lt. @zmax .and. prop Z .gt. @zmin  end
 Parameter: XMAX -> "22.666035"
 Parameter: XMIN -> "15.666035"
 Parameter: YMAX -> "-19.2936944"
 Parameter: YMIN -> "-26.2936944"
 Parameter: ZMAX -> "-19.1763115"
 Parameter: ZMIN -> "-26.1763115"
 SELRPN>     13 atoms have been selected out of   8612
  
 CHARMM>     
  
 CHARMM>            ! check if the ions are too close to protein
  
 CHARMM>            define XXX sele PROT end
 SELRPN>      0 atoms have been selected out of   8612
  
 CHARMM>            if ?nsel .gt. 0 then
 RDCMND substituted energy or value "?NSEL" to "0"
 Comparing "0" and "0".
 IF test evaluated as false.  Skip to ELSE or ENDIF
  
 CHARMM>     
  
 CHARMM>            ! check if the ions are too close to solute
  
 CHARMM>            coor dist cut 4.0 sele target end sele JUNK .and. .not. hydrogen end image
 SELRPN>      1 atoms have been selected out of  16051
 SELRPN>      4 atoms have been selected out of  16051

            DISTANCES FOR SELECTED ATOMS
 8593 POS      POT      17       POT     -8443 MEMB     POPC     64       N             2.4197
 8593 POS      POT      17       POT     -8447 MEMB     POPC     64       C13           2.5483
 8593 POS      POT      17       POT     -8451 MEMB     POPC     64       C14           1.5122
 8593 POS      POT      17       POT     -8455 MEMB     POPC     64       C15           3.0469
 TOTAL EXCLUSION COUNT =         0
 TOTAL 1-4 EXCLUSIONS  =         0
 TOTAL NON-EXCLUSIONS  =         4
  
 CHARMM>            if ?npair .gt. 0 goto doinit
 RDCMND substituted energy or value "?NPAIR" to "4"
 Comparing "4" and "0".
 IF test evaluated as true.  Performing command
  
 CHARMM>     
  
 CHARMM>            calc cntrand = @cntrand + 1
 Parameter: CNTRAND -> "3"
Evaluating: 3+1
 Parameter: CNTRAND <- "4"
  
 CHARMM>            if cntrand .gt. 100 stop ! ABNORMAL TERMINATION: ion placing may not work.. stop here
 Comparing "4" and "100".
 IF test evaluated as false.  Skipping command
  
 CHARMM>     
  
 CHARMM>            calc j = @i
 Parameter: I -> "17"
Evaluating: 17
 Parameter: J <- "17"
  
 CHARMM>            set ion = POS
 Parameter: ION <- "POS"
  
 CHARMM>     
  
 CHARMM>            if j .gt. @npos then
 Parameter: NPOS -> "18"
 Comparing "17" and "18".
 IF test evaluated as false.  Skip to ELSE or ENDIF
  
 CHARMM>     
  
 CHARMM>            define target select segid @ion .and. resid @j end
 Parameter: ION -> "POS"
 Parameter: J -> "17"
 SELRPN>      1 atoms have been selected out of   8612
  
 CHARMM>     
  
 CHARMM>            calc xpos = @A * ( ?random - 0.5 )
 Parameter: A -> "46.7504011"
 RDCMND substituted energy or value "?RANDOM" to "7.987150332E-02"
Evaluating: 46.7504011*(7.987150332E-02-0.5)
 Parameter: XPOS <- "-19.6411757"
  
 CHARMM>            calc ypos = @B * ( ?random - 0.5 )
 Parameter: B -> "46.7504011"
 RDCMND substituted energy or value "?RANDOM" to "0.441979941"
Evaluating: 46.7504011*(0.441979941-0.5)
 Parameter: YPOS <- "-2.71246103"
  
 CHARMM>            calc zpos = @C * ( ?random - 0.5 ) + @zcen
 Parameter: C -> "145"
 Parameter: ZCEN -> "0"
 RDCMND substituted energy or value "?RANDOM" to "0.772901346"
Evaluating: 145*(0.772901346-0.5)+0
 Parameter: ZPOS <- "39.5706952"
  
 CHARMM>     
  
 CHARMM>            if zpos .gt. -15 if zpos .lt. 15 goto doinit
 Comparing "39.5706952" and "-15".
 IF test evaluated as true.  Performing command
 Comparing "39.5706952" and "15".
 IF test evaluated as false.  Skipping command
  
 CHARMM>     
  
 CHARMM>            ! move target to selected position
  
 CHARMM>            coor stat select target end
 SELRPN>      1 atoms have been selected out of   8612
 STATISTICS FOR         1 SELECTED ATOMS:
    XMIN =   19.166035 XMAX =   19.166035 XAVE =   19.166035
    YMIN =  -22.793694 YMAX =  -22.793694 YAVE =  -22.793694
    ZMIN =  -22.676312 ZMAX =  -22.676312 ZAVE =  -22.676312
    WMIN =    1.000000 WMAX =    1.000000 WAVE =    1.000000
  
 CHARMM>            calc xtran = @xpos - ?xave
 Parameter: XPOS -> "-19.6411757"
 RDCMND substituted energy or value "?XAVE" to "19.166035"
Evaluating: -19.6411757-19.166035
 Parameter: XTRAN <- "-38.8072107"
  
 CHARMM>            calc ytran = @ypos - ?yave
 Parameter: YPOS -> "-2.71246103"
 RDCMND substituted energy or value "?YAVE" to "-22.7936944"
Evaluating: -2.71246103--22.7936944
 Parameter: YTRAN <- "20.0812334"
  
 CHARMM>            calc ztran = @zpos - ?zave
 Parameter: ZPOS -> "39.5706952"
 RDCMND substituted energy or value "?ZAVE" to "-22.6763115"
Evaluating: 39.5706952--22.6763115
 Parameter: ZTRAN <- "62.2470067"
  
 CHARMM>            coor trans xdir @xtran ydir @ytran zdir @ztran select target end
 Parameter: XTRAN -> "-38.8072107"
 Parameter: YTRAN -> "20.0812334"
 Parameter: ZTRAN -> "62.2470067"
 SELRPN>      1 atoms have been selected out of   8612
 TRANSLATION VECTOR   -38.807211   20.081233   62.247007
 SELECTED COORDINATES TRANSLATED IN THE MAIN SET.

  
 CHARMM>     
  
 CHARMM>            ! apply a random rotation along XYZ
  
 CHARMM>            calc xphi = ?random * 360.0
 RDCMND substituted energy or value "?RANDOM" to "0.267185313"
Evaluating: 0.267185313*360.0
 Parameter: XPHI <- "96.1867127"
  
 CHARMM>            calc yphi = ?random * 360.0
 RDCMND substituted energy or value "?RANDOM" to "0.389457576"
Evaluating: 0.389457576*360.0
 Parameter: YPHI <- "140.204727"
  
 CHARMM>            calc zphi = ?random * 360.0
 RDCMND substituted energy or value "?RANDOM" to "0.965698017"
Evaluating: 0.965698017*360.0
 Parameter: ZPHI <- "347.651286"
  
 CHARMM>            coor rotate xcen @xpos ycen @ypos zcen @zpos xdir 1.0 -
 CHARMM>                phi @xphi select target end
 Parameter: XPOS -> "-19.6411757"
 Parameter: YPOS -> "-2.71246103"
 Parameter: ZPOS -> "39.5706952"
 Parameter: XPHI -> "96.1867127"
 SELRPN>      1 atoms have been selected out of   8612
 ROTATION MATRIX
    1.000000    0.000000    0.000000
    0.000000   -0.107769    0.994176
    0.000000   -0.994176   -0.107769

 AXIS OF ROTATION IS  1.000000  0.000000  0.000000  ANGLE IS   96.19

 SELECTED COORDINATES ROTATED IN THE MAIN SET.

  
 CHARMM>            coor rotate xcen @xpos ycen @ypos zcen @zpos ydir 1.0 -
 CHARMM>                phi @yphi select target end
 Parameter: XPOS -> "-19.6411757"
 Parameter: YPOS -> "-2.71246103"
 Parameter: ZPOS -> "39.5706952"
 Parameter: YPHI -> "140.204727"
 SELRPN>      1 atoms have been selected out of   8612
 ROTATION MATRIX
   -0.768336    0.000000   -0.640046
    0.000000    1.000000    0.000000
    0.640046    0.000000   -0.768336

 AXIS OF ROTATION IS  0.000000  1.000000  0.000000  ANGLE IS  140.20

 SELECTED COORDINATES ROTATED IN THE MAIN SET.

  
 CHARMM>            coor rotate xcen @xpos ycen @ypos zcen @zpos zdir 1.0 -
 CHARMM>                phi @zphi select target end
 Parameter: XPOS -> "-19.6411757"
 Parameter: YPOS -> "-2.71246103"
 Parameter: ZPOS -> "39.5706952"
 Parameter: ZPHI -> "347.651286"
 SELRPN>      1 atoms have been selected out of   8612
 ROTATION MATRIX
    0.976864   -0.213861    0.000000
    0.213861    0.976864    0.000000
    0.000000    0.000000    1.000000

 AXIS OF ROTATION IS  0.000000  0.000000 -1.000000  ANGLE IS   12.35

 SELECTED COORDINATES ROTATED IN THE MAIN SET.

  
 CHARMM>     
  
 CHARMM>     
  
 CHARMM>            calc dcut = 3.5
Evaluating: 3.5
 Parameter: DCUT <- "3.5"
  
 CHARMM>     
  
 CHARMM>            coor stat sele target end
 SELRPN>      1 atoms have been selected out of   8612
 STATISTICS FOR         1 SELECTED ATOMS:
    XMIN =  -19.641176 XMAX =  -19.641176 XAVE =  -19.641176
    YMIN =   -2.712461 YMAX =   -2.712461 YAVE =   -2.712461
    ZMIN =   39.570695 ZMAX =   39.570695 ZAVE =   39.570695
    WMIN =    1.000000 WMAX =    1.000000 WAVE =    1.000000
  
 CHARMM>            calc xmax = ?xmax + @dcut
 Parameter: DCUT -> "3.5"
 RDCMND substituted energy or value "?XMAX" to "-19.6411757"
Evaluating: -19.6411757+3.5
 Parameter: XMAX <- "-16.1411757"
  
 CHARMM>            calc ymax = ?ymax + @dcut
 Parameter: DCUT -> "3.5"
 RDCMND substituted energy or value "?YMAX" to "-2.71246103"
Evaluating: -2.71246103+3.5
 Parameter: YMAX <- "0.78753897"
  
 CHARMM>            calc zmax = ?zmax + @dcut
 Parameter: DCUT -> "3.5"
 RDCMND substituted energy or value "?ZMAX" to "39.5706952"
Evaluating: 39.5706952+3.5
 Parameter: ZMAX <- "43.0706952"
  
 CHARMM>            calc xmin = ?xmin - @dcut
 Parameter: DCUT -> "3.5"
 RDCMND substituted energy or value "?XMIN" to "-19.6411757"
Evaluating: -19.6411757-3.5
 Parameter: XMIN <- "-23.1411757"
  
 CHARMM>            calc ymin = ?ymin - @dcut
 Parameter: DCUT -> "3.5"
 RDCMND substituted energy or value "?YMIN" to "-2.71246103"
Evaluating: -2.71246103-3.5
 Parameter: YMIN <- "-6.21246103"
  
 CHARMM>            calc zmin = ?zmin - @dcut
 Parameter: DCUT -> "3.5"
 RDCMND substituted energy or value "?ZMIN" to "39.5706952"
Evaluating: 39.5706952-3.5
 Parameter: ZMIN <- "36.0706952"
  
 CHARMM>     
  
 CHARMM>            define JUNK sele .not. target .and. -
 CHARMM>                             prop X .lt. @xmax .and. prop X .gt. @xmin .and. -
 CHARMM>                             prop Y .lt. @ymax .and. prop Y .gt. @ymin .and. -
 CHARMM>                             prop Z .lt. @zmax .and. prop Z .gt. @zmin  end
 Parameter: XMAX -> "-16.1411757"
 Parameter: XMIN -> "-23.1411757"
 Parameter: YMAX -> "0.78753897"
 Parameter: YMIN -> "-6.21246103"
 Parameter: ZMAX -> "43.0706952"
 Parameter: ZMIN -> "36.0706952"
 SELRPN>      0 atoms have been selected out of   8612
  
 CHARMM>     
  
 CHARMM>            ! check if the ions are too close to protein
  
 CHARMM>            define XXX sele PROT end
 SELRPN>      0 atoms have been selected out of   8612
  
 CHARMM>            if ?nsel .gt. 0 then
 RDCMND substituted energy or value "?NSEL" to "0"
 Comparing "0" and "0".
 IF test evaluated as false.  Skip to ELSE or ENDIF
  
 CHARMM>     
  
 CHARMM>            ! check if the ions are too close to solute
  
 CHARMM>            coor dist cut 4.0 sele target end sele JUNK .and. .not. hydrogen end image
 SELRPN>      1 atoms have been selected out of  16051
 SELRPN>      0 atoms have been selected out of  16051

            DISTANCES FOR SELECTED ATOMS
            ONLY ONE SELECTION SET SPECIFIED, A COMPARISON WILL BE DONE
 TOTAL EXCLUSION COUNT =         0
 TOTAL 1-4 EXCLUSIONS  =         0
 TOTAL NON-EXCLUSIONS  =         0
  
 CHARMM>            if ?npair .gt. 0 goto doinit
 RDCMND substituted energy or value "?NPAIR" to "0"
 Comparing "0" and "0".
 IF test evaluated as false.  Skipping command
  
 CHARMM>     
  
 CHARMM>            calc cntrand = 0
Evaluating: 0
 Parameter: CNTRAND <- "0"
  
 CHARMM>            increase i by 1
 Parameter: I <- "18"
  
 CHARMM>            if i .le. @nion goto doinit
 Parameter: NION -> "36"
 Comparing "18" and "36".
 IF test evaluated as true.  Performing command
  
 CHARMM>     
  
 CHARMM>            calc cntrand = @cntrand + 1
 Parameter: CNTRAND -> "0"
Evaluating: 0+1
 Parameter: CNTRAND <- "1"
  
 CHARMM>            if cntrand .gt. 100 stop ! ABNORMAL TERMINATION: ion placing may not work.. stop here
 Comparing "1" and "100".
 IF test evaluated as false.  Skipping command
  
 CHARMM>     
  
 CHARMM>            calc j = @i
 Parameter: I -> "18"
Evaluating: 18
 Parameter: J <- "18"
  
 CHARMM>            set ion = POS
 Parameter: ION <- "POS"
  
 CHARMM>     
  
 CHARMM>            if j .gt. @npos then
 Parameter: NPOS -> "18"
 Comparing "18" and "18".
 IF test evaluated as false.  Skip to ELSE or ENDIF
  
 CHARMM>     
  
 CHARMM>            define target select segid @ion .and. resid @j end
 Parameter: ION -> "POS"
 Parameter: J -> "18"
 SELRPN>      1 atoms have been selected out of   8612
  
 CHARMM>     
  
 CHARMM>            calc xpos = @A * ( ?random - 0.5 )
 Parameter: A -> "46.7504011"
 RDCMND substituted energy or value "?RANDOM" to "0.18650186"
Evaluating: 46.7504011*(0.18650186-0.5)
 Parameter: XPOS <- "-14.6561638"
  
 CHARMM>            calc ypos = @B * ( ?random - 0.5 )
 Parameter: B -> "46.7504011"
 RDCMND substituted energy or value "?RANDOM" to "0.166716157"
Evaluating: 46.7504011*(0.166716157-0.5)
 Parameter: YPOS <- "-15.5811533"
  
 CHARMM>            calc zpos = @C * ( ?random - 0.5 ) + @zcen
 Parameter: C -> "145"
 Parameter: ZCEN -> "0"
 RDCMND substituted energy or value "?RANDOM" to "0.408272731"
Evaluating: 145*(0.408272731-0.5)+0
 Parameter: ZPOS <- "-13.300454"
  
 CHARMM>     
  
 CHARMM>            if zpos .gt. -15 if zpos .lt. 15 goto doinit
 Comparing "-13.300454" and "-15".
 IF test evaluated as true.  Performing command
 Comparing "-13.300454" and "15".
 IF test evaluated as true.  Performing command
  
 CHARMM>     
  
 CHARMM>            calc cntrand = @cntrand + 1
 Parameter: CNTRAND -> "1"
Evaluating: 1+1
 Parameter: CNTRAND <- "2"
  
 CHARMM>            if cntrand .gt. 100 stop ! ABNORMAL TERMINATION: ion placing may not work.. stop here
 Comparing "2" and "100".
 IF test evaluated as false.  Skipping command
  
 CHARMM>     
  
 CHARMM>            calc j = @i
 Parameter: I -> "18"
Evaluating: 18
 Parameter: J <- "18"
  
 CHARMM>            set ion = POS
 Parameter: ION <- "POS"
  
 CHARMM>     
  
 CHARMM>            if j .gt. @npos then
 Parameter: NPOS -> "18"
 Comparing "18" and "18".
 IF test evaluated as false.  Skip to ELSE or ENDIF
  
 CHARMM>     
  
 CHARMM>            define target select segid @ion .and. resid @j end
 Parameter: ION -> "POS"
 Parameter: J -> "18"
 SELRPN>      1 atoms have been selected out of   8612
  
 CHARMM>     
  
 CHARMM>            calc xpos = @A * ( ?random - 0.5 )
 Parameter: A -> "46.7504011"
 RDCMND substituted energy or value "?RANDOM" to "0.278766798"
Evaluating: 46.7504011*(0.278766798-0.5)
 Parameter: XPOS <- "-10.3427409"
  
 CHARMM>            calc ypos = @B * ( ?random - 0.5 )
 Parameter: B -> "46.7504011"
 RDCMND substituted energy or value "?RANDOM" to "0.495298591"
Evaluating: 46.7504011*(0.495298591-0.5)
 Parameter: YPOS <- "-0.219792756"
  
 CHARMM>            calc zpos = @C * ( ?random - 0.5 ) + @zcen
 Parameter: C -> "145"
 Parameter: ZCEN -> "0"
 RDCMND substituted energy or value "?RANDOM" to "8.785100336E-02"
Evaluating: 145*(8.785100336E-02-0.5)+0
 Parameter: ZPOS <- "-59.7616045"
  
 CHARMM>     
  
 CHARMM>            if zpos .gt. -15 if zpos .lt. 15 goto doinit
 Comparing "-59.7616045" and "-15".
 IF test evaluated as false.  Skipping command
  
 CHARMM>     
  
 CHARMM>            ! move target to selected position
  
 CHARMM>            coor stat select target end
 SELRPN>      1 atoms have been selected out of   8612
 STATISTICS FOR         1 SELECTED ATOMS:
    XMIN =    0.000000 XMAX =    0.000000 XAVE =    0.000000
    YMIN =    0.000000 YMAX =    0.000000 YAVE =    0.000000
    ZMIN =    0.000000 ZMAX =    0.000000 ZAVE =    0.000000
    WMIN =    1.000000 WMAX =    1.000000 WAVE =    1.000000
  
 CHARMM>            calc xtran = @xpos - ?xave
 Parameter: XPOS -> "-10.3427409"
 RDCMND substituted energy or value "?XAVE" to "0"
Evaluating: -10.3427409-0
 Parameter: XTRAN <- "-10.3427409"
  
 CHARMM>            calc ytran = @ypos - ?yave
 Parameter: YPOS -> "-0.219792756"
 RDCMND substituted energy or value "?YAVE" to "0"
Evaluating: -0.219792756-0
 Parameter: YTRAN <- "-0.219792756"
  
 CHARMM>            calc ztran = @zpos - ?zave
 Parameter: ZPOS -> "-59.7616045"
 RDCMND substituted energy or value "?ZAVE" to "0"
Evaluating: -59.7616045-0
 Parameter: ZTRAN <- "-59.7616045"
  
 CHARMM>            coor trans xdir @xtran ydir @ytran zdir @ztran select target end
 Parameter: XTRAN -> "-10.3427409"
 Parameter: YTRAN -> "-0.219792756"
 Parameter: ZTRAN -> "-59.7616045"
 SELRPN>      1 atoms have been selected out of   8612
 TRANSLATION VECTOR   -10.342741   -0.219793  -59.761604
 SELECTED COORDINATES TRANSLATED IN THE MAIN SET.

  
 CHARMM>     
  
 CHARMM>            ! apply a random rotation along XYZ
  
 CHARMM>            calc xphi = ?random * 360.0
 RDCMND substituted energy or value "?RANDOM" to "0.287498123"
Evaluating: 0.287498123*360.0
 Parameter: XPHI <- "103.499324"
  
 CHARMM>            calc yphi = ?random * 360.0
 RDCMND substituted energy or value "?RANDOM" to "0.134693827"
Evaluating: 0.134693827*360.0
 Parameter: YPHI <- "48.4897777"
  
 CHARMM>            calc zphi = ?random * 360.0
 RDCMND substituted energy or value "?RANDOM" to "0.10321896"
Evaluating: 0.10321896*360.0
 Parameter: ZPHI <- "37.1588256"
  
 CHARMM>            coor rotate xcen @xpos ycen @ypos zcen @zpos xdir 1.0 -
 CHARMM>                phi @xphi select target end
 Parameter: XPOS -> "-10.3427409"
 Parameter: YPOS -> "-0.219792756"
 Parameter: ZPOS -> "-59.7616045"
 Parameter: XPHI -> "103.499324"
 SELRPN>      1 atoms have been selected out of   8612
 ROTATION MATRIX
    1.000000    0.000000    0.000000
    0.000000   -0.233434    0.972373
    0.000000   -0.972373   -0.233434

 AXIS OF ROTATION IS  1.000000  0.000000  0.000000  ANGLE IS  103.50

 SELECTED COORDINATES ROTATED IN THE MAIN SET.

  
 CHARMM>            coor rotate xcen @xpos ycen @ypos zcen @zpos ydir 1.0 -
 CHARMM>                phi @yphi select target end
 Parameter: XPOS -> "-10.3427409"
 Parameter: YPOS -> "-0.219792756"
 Parameter: ZPOS -> "-59.7616045"
 Parameter: YPHI -> "48.4897777"
 SELRPN>      1 atoms have been selected out of   8612
 ROTATION MATRIX
    0.662754    0.000000   -0.748837
    0.000000    1.000000    0.000000
    0.748837    0.000000    0.662754

 AXIS OF ROTATION IS  0.000000  1.000000  0.000000  ANGLE IS   48.49

 SELECTED COORDINATES ROTATED IN THE MAIN SET.

  
 CHARMM>            coor rotate xcen @xpos ycen @ypos zcen @zpos zdir 1.0 -
 CHARMM>                phi @zphi select target end
 Parameter: XPOS -> "-10.3427409"
 Parameter: YPOS -> "-0.219792756"
 Parameter: ZPOS -> "-59.7616045"
 Parameter: ZPHI -> "37.1588256"
 SELRPN>      1 atoms have been selected out of   8612
 ROTATION MATRIX
    0.796964    0.604027    0.000000
   -0.604027    0.796964    0.000000
    0.000000    0.000000    1.000000

 AXIS OF ROTATION IS  0.000000  0.000000  1.000000  ANGLE IS   37.16

 SELECTED COORDINATES ROTATED IN THE MAIN SET.

  
 CHARMM>     
  
 CHARMM>     
  
 CHARMM>            calc dcut = 3.5
Evaluating: 3.5
 Parameter: DCUT <- "3.5"
  
 CHARMM>     
  
 CHARMM>            coor stat sele target end
 SELRPN>      1 atoms have been selected out of   8612
 STATISTICS FOR         1 SELECTED ATOMS:
    XMIN =  -10.342741 XMAX =  -10.342741 XAVE =  -10.342741
    YMIN =   -0.219793 YMAX =   -0.219793 YAVE =   -0.219793
    ZMIN =  -59.761604 ZMAX =  -59.761604 ZAVE =  -59.761604
    WMIN =    1.000000 WMAX =    1.000000 WAVE =    1.000000
  
 CHARMM>            calc xmax = ?xmax + @dcut
 Parameter: DCUT -> "3.5"
 RDCMND substituted energy or value "?XMAX" to "-10.3427409"
Evaluating: -10.3427409+3.5
 Parameter: XMAX <- "-6.8427409"
  
 CHARMM>            calc ymax = ?ymax + @dcut
 Parameter: DCUT -> "3.5"
 RDCMND substituted energy or value "?YMAX" to "-0.219792756"
Evaluating: -0.219792756+3.5
 Parameter: YMAX <- "3.28020724"
  
 CHARMM>            calc zmax = ?zmax + @dcut
 Parameter: DCUT -> "3.5"
 RDCMND substituted energy or value "?ZMAX" to "-59.7616045"
Evaluating: -59.7616045+3.5
 Parameter: ZMAX <- "-56.2616045"
  
 CHARMM>            calc xmin = ?xmin - @dcut
 Parameter: DCUT -> "3.5"
 RDCMND substituted energy or value "?XMIN" to "-10.3427409"
Evaluating: -10.3427409-3.5
 Parameter: XMIN <- "-13.8427409"
  
 CHARMM>            calc ymin = ?ymin - @dcut
 Parameter: DCUT -> "3.5"
 RDCMND substituted energy or value "?YMIN" to "-0.219792756"
Evaluating: -0.219792756-3.5
 Parameter: YMIN <- "-3.71979276"
  
 CHARMM>            calc zmin = ?zmin - @dcut
 Parameter: DCUT -> "3.5"
 RDCMND substituted energy or value "?ZMIN" to "-59.7616045"
Evaluating: -59.7616045-3.5
 Parameter: ZMIN <- "-63.2616045"
  
 CHARMM>     
  
 CHARMM>            define JUNK sele .not. target .and. -
 CHARMM>                             prop X .lt. @xmax .and. prop X .gt. @xmin .and. -
 CHARMM>                             prop Y .lt. @ymax .and. prop Y .gt. @ymin .and. -
 CHARMM>                             prop Z .lt. @zmax .and. prop Z .gt. @zmin  end
 Parameter: XMAX -> "-6.8427409"
 Parameter: XMIN -> "-13.8427409"
 Parameter: YMAX -> "3.28020724"
 Parameter: YMIN -> "-3.71979276"
 Parameter: ZMAX -> "-56.2616045"
 Parameter: ZMIN -> "-63.2616045"
 SELRPN>      0 atoms have been selected out of   8612
  
 CHARMM>     
  
 CHARMM>            ! check if the ions are too close to protein
  
 CHARMM>            define XXX sele PROT end
 SELRPN>      0 atoms have been selected out of   8612
  
 CHARMM>            if ?nsel .gt. 0 then
 RDCMND substituted energy or value "?NSEL" to "0"
 Comparing "0" and "0".
 IF test evaluated as false.  Skip to ELSE or ENDIF
  
 CHARMM>     
  
 CHARMM>            ! check if the ions are too close to solute
  
 CHARMM>            coor dist cut 4.0 sele target end sele JUNK .and. .not. hydrogen end image
 SELRPN>      1 atoms have been selected out of  16051
 SELRPN>      0 atoms have been selected out of  16051

            DISTANCES FOR SELECTED ATOMS
            ONLY ONE SELECTION SET SPECIFIED, A COMPARISON WILL BE DONE
 TOTAL EXCLUSION COUNT =         0
 TOTAL 1-4 EXCLUSIONS  =         0
 TOTAL NON-EXCLUSIONS  =         0
  
 CHARMM>            if ?npair .gt. 0 goto doinit
 RDCMND substituted energy or value "?NPAIR" to "0"
 Comparing "0" and "0".
 IF test evaluated as false.  Skipping command
  
 CHARMM>     
  
 CHARMM>            calc cntrand = 0
Evaluating: 0
 Parameter: CNTRAND <- "0"
  
 CHARMM>            increase i by 1
 Parameter: I <- "19"
  
 CHARMM>            if i .le. @nion goto doinit
 Parameter: NION -> "36"
 Comparing "19" and "36".
 IF test evaluated as true.  Performing command
  
 CHARMM>     
  
 CHARMM>            calc cntrand = @cntrand + 1
 Parameter: CNTRAND -> "0"
Evaluating: 0+1
 Parameter: CNTRAND <- "1"
  
 CHARMM>            if cntrand .gt. 100 stop ! ABNORMAL TERMINATION: ion placing may not work.. stop here
 Comparing "1" and "100".
 IF test evaluated as false.  Skipping command
  
 CHARMM>     
  
 CHARMM>            calc j = @i
 Parameter: I -> "19"
Evaluating: 19
 Parameter: J <- "19"
  
 CHARMM>            set ion = POS
 Parameter: ION <- "POS"
  
 CHARMM>     
  
 CHARMM>            if j .gt. @npos then
 Parameter: NPOS -> "18"
 Comparing "19" and "18".
 IF test evaluated as true.  Performing command
  
 CHARMM>               set ion = NEG
 Parameter: ION <- "NEG"
  
 CHARMM>               calc j  = @j - @npos
 Parameter: J -> "19"
 Parameter: NPOS -> "18"
Evaluating: 19-18
 Parameter: J <- "1"
  
 CHARMM>            endif
  
 CHARMM>     
  
 CHARMM>            define target select segid @ion .and. resid @j end
 Parameter: ION -> "NEG"
 Parameter: J -> "1"
 SELRPN>      1 atoms have been selected out of   8612
  
 CHARMM>     
  
 CHARMM>            calc xpos = @A * ( ?random - 0.5 )
 Parameter: A -> "46.7504011"
 RDCMND substituted energy or value "?RANDOM" to "0.723812617"
Evaluating: 46.7504011*(0.723812617-0.5)
 Parameter: XPOS <- "10.4633296"
  
 CHARMM>            calc ypos = @B * ( ?random - 0.5 )
 Parameter: B -> "46.7504011"
 RDCMND substituted energy or value "?RANDOM" to "0.436908292"
Evaluating: 46.7504011*(0.436908292-0.5)
 Parameter: YPOS <- "-2.94956266"
  
 CHARMM>            calc zpos = @C * ( ?random - 0.5 ) + @zcen
 Parameter: C -> "145"
 Parameter: ZCEN -> "0"
 RDCMND substituted energy or value "?RANDOM" to "0.718952683"
Evaluating: 145*(0.718952683-0.5)+0
 Parameter: ZPOS <- "31.748139"
  
 CHARMM>     
  
 CHARMM>            if zpos .gt. -15 if zpos .lt. 15 goto doinit
 Comparing "31.748139" and "-15".
 IF test evaluated as true.  Performing command
 Comparing "31.748139" and "15".
 IF test evaluated as false.  Skipping command
  
 CHARMM>     
  
 CHARMM>            ! move target to selected position
  
 CHARMM>            coor stat select target end
 SELRPN>      1 atoms have been selected out of   8612
 STATISTICS FOR         1 SELECTED ATOMS:
    XMIN =    0.000000 XMAX =    0.000000 XAVE =    0.000000
    YMIN =    0.000000 YMAX =    0.000000 YAVE =    0.000000
    ZMIN =    0.000000 ZMAX =    0.000000 ZAVE =    0.000000
    WMIN =   -1.000000 WMAX =   -1.000000 WAVE =   -1.000000
  
 CHARMM>            calc xtran = @xpos - ?xave
 Parameter: XPOS -> "10.4633296"
 RDCMND substituted energy or value "?XAVE" to "0"
Evaluating: 10.4633296-0
 Parameter: XTRAN <- "10.4633296"
  
 CHARMM>            calc ytran = @ypos - ?yave
 Parameter: YPOS -> "-2.94956266"
 RDCMND substituted energy or value "?YAVE" to "0"
Evaluating: -2.94956266-0
 Parameter: YTRAN <- "-2.94956266"
  
 CHARMM>            calc ztran = @zpos - ?zave
 Parameter: ZPOS -> "31.748139"
 RDCMND substituted energy or value "?ZAVE" to "0"
Evaluating: 31.748139-0
 Parameter: ZTRAN <- "31.748139"
  
 CHARMM>            coor trans xdir @xtran ydir @ytran zdir @ztran select target end
 Parameter: XTRAN -> "10.4633296"
 Parameter: YTRAN -> "-2.94956266"
 Parameter: ZTRAN -> "31.748139"
 SELRPN>      1 atoms have been selected out of   8612
 TRANSLATION VECTOR    10.463330   -2.949563   31.748139
 SELECTED COORDINATES TRANSLATED IN THE MAIN SET.

  
 CHARMM>     
  
 CHARMM>            ! apply a random rotation along XYZ
  
 CHARMM>            calc xphi = ?random * 360.0
 RDCMND substituted energy or value "?RANDOM" to "0.471455992"
Evaluating: 0.471455992*360.0
 Parameter: XPHI <- "169.724157"
  
 CHARMM>            calc yphi = ?random * 360.0
 RDCMND substituted energy or value "?RANDOM" to "0.914954112"
Evaluating: 0.914954112*360.0
 Parameter: YPHI <- "329.38348"
  
 CHARMM>            calc zphi = ?random * 360.0
 RDCMND substituted energy or value "?RANDOM" to "0.95458114"
Evaluating: 0.95458114*360.0
 Parameter: ZPHI <- "343.64921"
  
 CHARMM>            coor rotate xcen @xpos ycen @ypos zcen @zpos xdir 1.0 -
 CHARMM>                phi @xphi select target end
 Parameter: XPOS -> "10.4633296"
 Parameter: YPOS -> "-2.94956266"
 Parameter: ZPOS -> "31.748139"
 Parameter: XPHI -> "169.724157"
 SELRPN>      1 atoms have been selected out of   8612
 ROTATION MATRIX
    1.000000    0.000000    0.000000
    0.000000   -0.983960    0.178387
    0.000000   -0.178387   -0.983960

 AXIS OF ROTATION IS  1.000000  0.000000  0.000000  ANGLE IS  169.72

 SELECTED COORDINATES ROTATED IN THE MAIN SET.

  
 CHARMM>            coor rotate xcen @xpos ycen @ypos zcen @zpos ydir 1.0 -
 CHARMM>                phi @yphi select target end
 Parameter: XPOS -> "10.4633296"
 Parameter: YPOS -> "-2.94956266"
 Parameter: ZPOS -> "31.748139"
 Parameter: YPHI -> "329.38348"
 SELRPN>      1 atoms have been selected out of   8612
 ROTATION MATRIX
    0.860595    0.000000    0.509290
    0.000000    1.000000    0.000000
   -0.509290    0.000000    0.860595

 AXIS OF ROTATION IS  0.000000 -1.000000  0.000000  ANGLE IS   30.62

 SELECTED COORDINATES ROTATED IN THE MAIN SET.

  
 CHARMM>            coor rotate xcen @xpos ycen @ypos zcen @zpos zdir 1.0 -
 CHARMM>                phi @zphi select target end
 Parameter: XPOS -> "10.4633296"
 Parameter: YPOS -> "-2.94956266"
 Parameter: ZPOS -> "31.748139"
 Parameter: ZPHI -> "343.64921"
 SELRPN>      1 atoms have been selected out of   8612
 ROTATION MATRIX
    0.959556   -0.281517    0.000000
    0.281517    0.959556    0.000000
    0.000000    0.000000    1.000000

 AXIS OF ROTATION IS  0.000000  0.000000 -1.000000  ANGLE IS   16.35

 SELECTED COORDINATES ROTATED IN THE MAIN SET.

  
 CHARMM>     
  
 CHARMM>     
  
 CHARMM>            calc dcut = 3.5
Evaluating: 3.5
 Parameter: DCUT <- "3.5"
  
 CHARMM>     
  
 CHARMM>            coor stat sele target end
 SELRPN>      1 atoms have been selected out of   8612
 STATISTICS FOR         1 SELECTED ATOMS:
    XMIN =   10.463330 XMAX =   10.463330 XAVE =   10.463330
    YMIN =   -2.949563 YMAX =   -2.949563 YAVE =   -2.949563
    ZMIN =   31.748139 ZMAX =   31.748139 ZAVE =   31.748139
    WMIN =   -1.000000 WMAX =   -1.000000 WAVE =   -1.000000
  
 CHARMM>            calc xmax = ?xmax + @dcut
 Parameter: DCUT -> "3.5"
 RDCMND substituted energy or value "?XMAX" to "10.4633296"
Evaluating: 10.4633296+3.5
 Parameter: XMAX <- "13.9633296"
  
 CHARMM>            calc ymax = ?ymax + @dcut
 Parameter: DCUT -> "3.5"
 RDCMND substituted energy or value "?YMAX" to "-2.94956266"
Evaluating: -2.94956266+3.5
 Parameter: YMAX <- "0.55043734"
  
 CHARMM>            calc zmax = ?zmax + @dcut
 Parameter: DCUT -> "3.5"
 RDCMND substituted energy or value "?ZMAX" to "31.748139"
Evaluating: 31.748139+3.5
 Parameter: ZMAX <- "35.248139"
  
 CHARMM>            calc xmin = ?xmin - @dcut
 Parameter: DCUT -> "3.5"
 RDCMND substituted energy or value "?XMIN" to "10.4633296"
Evaluating: 10.4633296-3.5
 Parameter: XMIN <- "6.9633296"
  
 CHARMM>            calc ymin = ?ymin - @dcut
 Parameter: DCUT -> "3.5"
 RDCMND substituted energy or value "?YMIN" to "-2.94956266"
Evaluating: -2.94956266-3.5
 Parameter: YMIN <- "-6.44956266"
  
 CHARMM>            calc zmin = ?zmin - @dcut
 Parameter: DCUT -> "3.5"
 RDCMND substituted energy or value "?ZMIN" to "31.748139"
Evaluating: 31.748139-3.5
 Parameter: ZMIN <- "28.248139"
  
 CHARMM>     
  
 CHARMM>            define JUNK sele .not. target .and. -
 CHARMM>                             prop X .lt. @xmax .and. prop X .gt. @xmin .and. -
 CHARMM>                             prop Y .lt. @ymax .and. prop Y .gt. @ymin .and. -
 CHARMM>                             prop Z .lt. @zmax .and. prop Z .gt. @zmin  end
 Parameter: XMAX -> "13.9633296"
 Parameter: XMIN -> "6.9633296"
 Parameter: YMAX -> "0.55043734"
 Parameter: YMIN -> "-6.44956266"
 Parameter: ZMAX -> "35.248139"
 Parameter: ZMIN -> "28.248139"
 SELRPN>      0 atoms have been selected out of   8612
  
 CHARMM>     
  
 CHARMM>            ! check if the ions are too close to protein
  
 CHARMM>            define XXX sele PROT end
 SELRPN>      0 atoms have been selected out of   8612
  
 CHARMM>            if ?nsel .gt. 0 then
 RDCMND substituted energy or value "?NSEL" to "0"
 Comparing "0" and "0".
 IF test evaluated as false.  Skip to ELSE or ENDIF
  
 CHARMM>     
  
 CHARMM>            ! check if the ions are too close to solute
  
 CHARMM>            coor dist cut 4.0 sele target end sele JUNK .and. .not. hydrogen end image
 SELRPN>      1 atoms have been selected out of  16051
 SELRPN>      0 atoms have been selected out of  16051

            DISTANCES FOR SELECTED ATOMS
            ONLY ONE SELECTION SET SPECIFIED, A COMPARISON WILL BE DONE
 TOTAL EXCLUSION COUNT =         0
 TOTAL 1-4 EXCLUSIONS  =         0
 TOTAL NON-EXCLUSIONS  =         0
  
 CHARMM>            if ?npair .gt. 0 goto doinit
 RDCMND substituted energy or value "?NPAIR" to "0"
 Comparing "0" and "0".
 IF test evaluated as false.  Skipping command
  
 CHARMM>     
  
 CHARMM>            calc cntrand = 0
Evaluating: 0
 Parameter: CNTRAND <- "0"
  
 CHARMM>            increase i by 1
 Parameter: I <- "20"
  
 CHARMM>            if i .le. @nion goto doinit
 Parameter: NION -> "36"
 Comparing "20" and "36".
 IF test evaluated as true.  Performing command
  
 CHARMM>     
  
 CHARMM>            calc cntrand = @cntrand + 1
 Parameter: CNTRAND -> "0"
Evaluating: 0+1
 Parameter: CNTRAND <- "1"
  
 CHARMM>            if cntrand .gt. 100 stop ! ABNORMAL TERMINATION: ion placing may not work.. stop here
 Comparing "1" and "100".
 IF test evaluated as false.  Skipping command
  
 CHARMM>     
  
 CHARMM>            calc j = @i
 Parameter: I -> "20"
Evaluating: 20
 Parameter: J <- "20"
  
 CHARMM>            set ion = POS
 Parameter: ION <- "POS"
  
 CHARMM>     
  
 CHARMM>            if j .gt. @npos then
 Parameter: NPOS -> "18"
 Comparing "20" and "18".
 IF test evaluated as true.  Performing command
  
 CHARMM>               set ion = NEG
 Parameter: ION <- "NEG"
  
 CHARMM>               calc j  = @j - @npos
 Parameter: J -> "20"
 Parameter: NPOS -> "18"
Evaluating: 20-18
 Parameter: J <- "2"
  
 CHARMM>            endif
  
 CHARMM>     
  
 CHARMM>            define target select segid @ion .and. resid @j end
 Parameter: ION -> "NEG"
 Parameter: J -> "2"
 SELRPN>      1 atoms have been selected out of   8612
  
 CHARMM>     
  
 CHARMM>            calc xpos = @A * ( ?random - 0.5 )
 Parameter: A -> "46.7504011"
 RDCMND substituted energy or value "?RANDOM" to "0.260882909"
Evaluating: 46.7504011*(0.260882909-0.5)
 Parameter: XPOS <- "-11.1788199"
  
 CHARMM>            calc ypos = @B * ( ?random - 0.5 )
 Parameter: B -> "46.7504011"
 RDCMND substituted energy or value "?RANDOM" to "0.689562631"
Evaluating: 46.7504011*(0.689562631-0.5)
 Parameter: YPOS <- "8.86212903"
  
 CHARMM>            calc zpos = @C * ( ?random - 0.5 ) + @zcen
 Parameter: C -> "145"
 Parameter: ZCEN -> "0"
 RDCMND substituted energy or value "?RANDOM" to "0.496135802"
Evaluating: 145*(0.496135802-0.5)+0
 Parameter: ZPOS <- "-0.56030871"
  
 CHARMM>     
  
 CHARMM>            if zpos .gt. -15 if zpos .lt. 15 goto doinit
 Comparing "-0.56030871" and "-15".
 IF test evaluated as true.  Performing command
 Comparing "-0.56030871" and "15".
 IF test evaluated as true.  Performing command
  
 CHARMM>     
  
 CHARMM>            calc cntrand = @cntrand + 1
 Parameter: CNTRAND -> "1"
Evaluating: 1+1
 Parameter: CNTRAND <- "2"
  
 CHARMM>            if cntrand .gt. 100 stop ! ABNORMAL TERMINATION: ion placing may not work.. stop here
 Comparing "2" and "100".
 IF test evaluated as false.  Skipping command
  
 CHARMM>     
  
 CHARMM>            calc j = @i
 Parameter: I -> "20"
Evaluating: 20
 Parameter: J <- "20"
  
 CHARMM>            set ion = POS
 Parameter: ION <- "POS"
  
 CHARMM>     
  
 CHARMM>            if j .gt. @npos then
 Parameter: NPOS -> "18"
 Comparing "20" and "18".
 IF test evaluated as true.  Performing command
  
 CHARMM>               set ion = NEG
 Parameter: ION <- "NEG"
  
 CHARMM>               calc j  = @j - @npos
 Parameter: J -> "20"
 Parameter: NPOS -> "18"
Evaluating: 20-18
 Parameter: J <- "2"
  
 CHARMM>            endif
  
 CHARMM>     
  
 CHARMM>            define target select segid @ion .and. resid @j end
 Parameter: ION -> "NEG"
 Parameter: J -> "2"
 SELRPN>      1 atoms have been selected out of   8612
  
 CHARMM>     
  
 CHARMM>            calc xpos = @A * ( ?random - 0.5 )
 Parameter: A -> "46.7504011"
 RDCMND substituted energy or value "?RANDOM" to "2.025060122E-02"
Evaluating: 46.7504011*(2.025060122E-02-0.5)
 Parameter: XPOS <- "-22.4284768"
  
 CHARMM>            calc ypos = @B * ( ?random - 0.5 )
 Parameter: B -> "46.7504011"
 RDCMND substituted energy or value "?RANDOM" to "0.732216995"
Evaluating: 46.7504011*(0.732216995-0.5)
 Parameter: YPOS <- "10.8562377"
  
 CHARMM>            calc zpos = @C * ( ?random - 0.5 ) + @zcen
 Parameter: C -> "145"
 Parameter: ZCEN -> "0"
 RDCMND substituted energy or value "?RANDOM" to "0.350208339"
Evaluating: 145*(0.350208339-0.5)+0
 Parameter: ZPOS <- "-21.7197908"
  
 CHARMM>     
  
 CHARMM>            if zpos .gt. -15 if zpos .lt. 15 goto doinit
 Comparing "-21.7197908" and "-15".
 IF test evaluated as false.  Skipping command
  
 CHARMM>     
  
 CHARMM>            ! move target to selected position
  
 CHARMM>            coor stat select target end
 SELRPN>      1 atoms have been selected out of   8612
 STATISTICS FOR         1 SELECTED ATOMS:
    XMIN =    0.000000 XMAX =    0.000000 XAVE =    0.000000
    YMIN =    0.000000 YMAX =    0.000000 YAVE =    0.000000
    ZMIN =    0.000000 ZMAX =    0.000000 ZAVE =    0.000000
    WMIN =   -1.000000 WMAX =   -1.000000 WAVE =   -1.000000
  
 CHARMM>            calc xtran = @xpos - ?xave
 Parameter: XPOS -> "-22.4284768"
 RDCMND substituted energy or value "?XAVE" to "0"
Evaluating: -22.4284768-0
 Parameter: XTRAN <- "-22.4284768"
  
 CHARMM>            calc ytran = @ypos - ?yave
 Parameter: YPOS -> "10.8562377"
 RDCMND substituted energy or value "?YAVE" to "0"
Evaluating: 10.8562377-0
 Parameter: YTRAN <- "10.8562377"
  
 CHARMM>            calc ztran = @zpos - ?zave
 Parameter: ZPOS -> "-21.7197908"
 RDCMND substituted energy or value "?ZAVE" to "0"
Evaluating: -21.7197908-0
 Parameter: ZTRAN <- "-21.7197908"
  
 CHARMM>            coor trans xdir @xtran ydir @ytran zdir @ztran select target end
 Parameter: XTRAN -> "-22.4284768"
 Parameter: YTRAN -> "10.8562377"
 Parameter: ZTRAN -> "-21.7197908"
 SELRPN>      1 atoms have been selected out of   8612
 TRANSLATION VECTOR   -22.428477   10.856238  -21.719791
 SELECTED COORDINATES TRANSLATED IN THE MAIN SET.

  
 CHARMM>     
  
 CHARMM>            ! apply a random rotation along XYZ
  
 CHARMM>            calc xphi = ?random * 360.0
 RDCMND substituted energy or value "?RANDOM" to "0.720574182"
Evaluating: 0.720574182*360.0
 Parameter: XPHI <- "259.406706"
  
 CHARMM>            calc yphi = ?random * 360.0
 RDCMND substituted energy or value "?RANDOM" to "0.226375882"
Evaluating: 0.226375882*360.0
 Parameter: YPHI <- "81.4953175"
  
 CHARMM>            calc zphi = ?random * 360.0
 RDCMND substituted energy or value "?RANDOM" to "0.454985236"
Evaluating: 0.454985236*360.0
 Parameter: ZPHI <- "163.794685"
  
 CHARMM>            coor rotate xcen @xpos ycen @ypos zcen @zpos xdir 1.0 -
 CHARMM>                phi @xphi select target end
 Parameter: XPOS -> "-22.4284768"
 Parameter: YPOS -> "10.8562377"
 Parameter: ZPOS -> "-21.7197908"
 Parameter: XPHI -> "259.406706"
 SELRPN>      1 atoms have been selected out of   8612
 ROTATION MATRIX
    1.000000    0.000000    0.000000
    0.000000   -0.183836   -0.982957
    0.000000    0.982957   -0.183836

 AXIS OF ROTATION IS -1.000000  0.000000  0.000000  ANGLE IS  100.59

 SELECTED COORDINATES ROTATED IN THE MAIN SET.

  
 CHARMM>            coor rotate xcen @xpos ycen @ypos zcen @zpos ydir 1.0 -
 CHARMM>                phi @yphi select target end
 Parameter: XPOS -> "-22.4284768"
 Parameter: YPOS -> "10.8562377"
 Parameter: ZPOS -> "-21.7197908"
 Parameter: YPHI -> "81.4953175"
 SELRPN>      1 atoms have been selected out of   8612
 ROTATION MATRIX
    0.147890    0.000000   -0.989004
    0.000000    1.000000    0.000000
    0.989004    0.000000    0.147890

 AXIS OF ROTATION IS  0.000000  1.000000  0.000000  ANGLE IS   81.50

 SELECTED COORDINATES ROTATED IN THE MAIN SET.

  
 CHARMM>            coor rotate xcen @xpos ycen @ypos zcen @zpos zdir 1.0 -
 CHARMM>                phi @zphi select target end
 Parameter: XPOS -> "-22.4284768"
 Parameter: YPOS -> "10.8562377"
 Parameter: ZPOS -> "-21.7197908"
 Parameter: ZPHI -> "163.794685"
 SELRPN>      1 atoms have been selected out of   8612
 ROTATION MATRIX
   -0.960268    0.279080    0.000000
   -0.279080   -0.960268    0.000000
    0.000000    0.000000    1.000000

 AXIS OF ROTATION IS  0.000000  0.000000  1.000000  ANGLE IS  163.79

 SELECTED COORDINATES ROTATED IN THE MAIN SET.

  
 CHARMM>     
  
 CHARMM>     
  
 CHARMM>            calc dcut = 3.5
Evaluating: 3.5
 Parameter: DCUT <- "3.5"
  
 CHARMM>     
  
 CHARMM>            coor stat sele target end
 SELRPN>      1 atoms have been selected out of   8612
 STATISTICS FOR         1 SELECTED ATOMS:
    XMIN =  -22.428477 XMAX =  -22.428477 XAVE =  -22.428477
    YMIN =   10.856238 YMAX =   10.856238 YAVE =   10.856238
    ZMIN =  -21.719791 ZMAX =  -21.719791 ZAVE =  -21.719791
    WMIN =   -1.000000 WMAX =   -1.000000 WAVE =   -1.000000
  
 CHARMM>            calc xmax = ?xmax + @dcut
 Parameter: DCUT -> "3.5"
 RDCMND substituted energy or value "?XMAX" to "-22.4284768"
Evaluating: -22.4284768+3.5
 Parameter: XMAX <- "-18.9284768"
  
 CHARMM>            calc ymax = ?ymax + @dcut
 Parameter: DCUT -> "3.5"
 RDCMND substituted energy or value "?YMAX" to "10.8562377"
Evaluating: 10.8562377+3.5
 Parameter: YMAX <- "14.3562377"
  
 CHARMM>            calc zmax = ?zmax + @dcut
 Parameter: DCUT -> "3.5"
 RDCMND substituted energy or value "?ZMAX" to "-21.7197908"
Evaluating: -21.7197908+3.5
 Parameter: ZMAX <- "-18.2197908"
  
 CHARMM>            calc xmin = ?xmin - @dcut
 Parameter: DCUT -> "3.5"
 RDCMND substituted energy or value "?XMIN" to "-22.4284768"
Evaluating: -22.4284768-3.5
 Parameter: XMIN <- "-25.9284768"
  
 CHARMM>            calc ymin = ?ymin - @dcut
 Parameter: DCUT -> "3.5"
 RDCMND substituted energy or value "?YMIN" to "10.8562377"
Evaluating: 10.8562377-3.5
 Parameter: YMIN <- "7.3562377"
  
 CHARMM>            calc zmin = ?zmin - @dcut
 Parameter: DCUT -> "3.5"
 RDCMND substituted energy or value "?ZMIN" to "-21.7197908"
Evaluating: -21.7197908-3.5
 Parameter: ZMIN <- "-25.2197908"
  
 CHARMM>     
  
 CHARMM>            define JUNK sele .not. target .and. -
 CHARMM>                             prop X .lt. @xmax .and. prop X .gt. @xmin .and. -
 CHARMM>                             prop Y .lt. @ymax .and. prop Y .gt. @ymin .and. -
 CHARMM>                             prop Z .lt. @zmax .and. prop Z .gt. @zmin  end
 Parameter: XMAX -> "-18.9284768"
 Parameter: XMIN -> "-25.9284768"
 Parameter: YMAX -> "14.3562377"
 Parameter: YMIN -> "7.3562377"
 Parameter: ZMAX -> "-18.2197908"
 Parameter: ZMIN -> "-25.2197908"
 SELRPN>      0 atoms have been selected out of   8612
  
 CHARMM>     
  
 CHARMM>            ! check if the ions are too close to protein
  
 CHARMM>            define XXX sele PROT end
 SELRPN>      0 atoms have been selected out of   8612
  
 CHARMM>            if ?nsel .gt. 0 then
 RDCMND substituted energy or value "?NSEL" to "0"
 Comparing "0" and "0".
 IF test evaluated as false.  Skip to ELSE or ENDIF
  
 CHARMM>     
  
 CHARMM>            ! check if the ions are too close to solute
  
 CHARMM>            coor dist cut 4.0 sele target end sele JUNK .and. .not. hydrogen end image
 SELRPN>      1 atoms have been selected out of  16051
 SELRPN>      0 atoms have been selected out of  16051

            DISTANCES FOR SELECTED ATOMS
            ONLY ONE SELECTION SET SPECIFIED, A COMPARISON WILL BE DONE
 TOTAL EXCLUSION COUNT =         0
 TOTAL 1-4 EXCLUSIONS  =         0
 TOTAL NON-EXCLUSIONS  =         0
  
 CHARMM>            if ?npair .gt. 0 goto doinit
 RDCMND substituted energy or value "?NPAIR" to "0"
 Comparing "0" and "0".
 IF test evaluated as false.  Skipping command
  
 CHARMM>     
  
 CHARMM>            calc cntrand = 0
Evaluating: 0
 Parameter: CNTRAND <- "0"
  
 CHARMM>            increase i by 1
 Parameter: I <- "21"
  
 CHARMM>            if i .le. @nion goto doinit
 Parameter: NION -> "36"
 Comparing "21" and "36".
 IF test evaluated as true.  Performing command
  
 CHARMM>     
  
 CHARMM>            calc cntrand = @cntrand + 1
 Parameter: CNTRAND -> "0"
Evaluating: 0+1
 Parameter: CNTRAND <- "1"
  
 CHARMM>            if cntrand .gt. 100 stop ! ABNORMAL TERMINATION: ion placing may not work.. stop here
 Comparing "1" and "100".
 IF test evaluated as false.  Skipping command
  
 CHARMM>     
  
 CHARMM>            calc j = @i
 Parameter: I -> "21"
Evaluating: 21
 Parameter: J <- "21"
  
 CHARMM>            set ion = POS
 Parameter: ION <- "POS"
  
 CHARMM>     
  
 CHARMM>            if j .gt. @npos then
 Parameter: NPOS -> "18"
 Comparing "21" and "18".
 IF test evaluated as true.  Performing command
  
 CHARMM>               set ion = NEG
 Parameter: ION <- "NEG"
  
 CHARMM>               calc j  = @j - @npos
 Parameter: J -> "21"
 Parameter: NPOS -> "18"
Evaluating: 21-18
 Parameter: J <- "3"
  
 CHARMM>            endif
  
 CHARMM>     
  
 CHARMM>            define target select segid @ion .and. resid @j end
 Parameter: ION -> "NEG"
 Parameter: J -> "3"
 SELRPN>      1 atoms have been selected out of   8612
  
 CHARMM>     
  
 CHARMM>            calc xpos = @A * ( ?random - 0.5 )
 Parameter: A -> "46.7504011"
 RDCMND substituted energy or value "?RANDOM" to "0.241109835"
Evaluating: 46.7504011*(0.241109835-0.5)
 Parameter: XPOS <- "-12.1032191"
  
 CHARMM>            calc ypos = @B * ( ?random - 0.5 )
 Parameter: B -> "46.7504011"
 RDCMND substituted energy or value "?RANDOM" to "0.360299691"
Evaluating: 46.7504011*(0.360299691-0.5)
 Parameter: YPOS <- "-6.53104548"
  
 CHARMM>            calc zpos = @C * ( ?random - 0.5 ) + @zcen
 Parameter: C -> "145"
 Parameter: ZCEN -> "0"
 RDCMND substituted energy or value "?RANDOM" to "0.883082935"
Evaluating: 145*(0.883082935-0.5)+0
 Parameter: ZPOS <- "55.5470256"
  
 CHARMM>     
  
 CHARMM>            if zpos .gt. -15 if zpos .lt. 15 goto doinit
 Comparing "55.5470256" and "-15".
 IF test evaluated as true.  Performing command
 Comparing "55.5470256" and "15".
 IF test evaluated as false.  Skipping command
  
 CHARMM>     
  
 CHARMM>            ! move target to selected position
  
 CHARMM>            coor stat select target end
 SELRPN>      1 atoms have been selected out of   8612
 STATISTICS FOR         1 SELECTED ATOMS:
    XMIN =    0.000000 XMAX =    0.000000 XAVE =    0.000000
    YMIN =    0.000000 YMAX =    0.000000 YAVE =    0.000000
    ZMIN =    0.000000 ZMAX =    0.000000 ZAVE =    0.000000
    WMIN =   -1.000000 WMAX =   -1.000000 WAVE =   -1.000000
  
 CHARMM>            calc xtran = @xpos - ?xave
 Parameter: XPOS -> "-12.1032191"
 RDCMND substituted energy or value "?XAVE" to "0"
Evaluating: -12.1032191-0
 Parameter: XTRAN <- "-12.1032191"
  
 CHARMM>            calc ytran = @ypos - ?yave
 Parameter: YPOS -> "-6.53104548"
 RDCMND substituted energy or value "?YAVE" to "0"
Evaluating: -6.53104548-0
 Parameter: YTRAN <- "-6.53104548"
  
 CHARMM>            calc ztran = @zpos - ?zave
 Parameter: ZPOS -> "55.5470256"
 RDCMND substituted energy or value "?ZAVE" to "0"
Evaluating: 55.5470256-0
 Parameter: ZTRAN <- "55.5470256"
  
 CHARMM>            coor trans xdir @xtran ydir @ytran zdir @ztran select target end
 Parameter: XTRAN -> "-12.1032191"
 Parameter: YTRAN -> "-6.53104548"
 Parameter: ZTRAN -> "55.5470256"
 SELRPN>      1 atoms have been selected out of   8612
 TRANSLATION VECTOR   -12.103219   -6.531045   55.547026
 SELECTED COORDINATES TRANSLATED IN THE MAIN SET.

  
 CHARMM>     
  
 CHARMM>            ! apply a random rotation along XYZ
  
 CHARMM>            calc xphi = ?random * 360.0
 RDCMND substituted energy or value "?RANDOM" to "7.364179702E-03"
Evaluating: 7.364179702E-03*360.0
 Parameter: XPHI <- "2.65110469"
  
 CHARMM>            calc yphi = ?random * 360.0
 RDCMND substituted energy or value "?RANDOM" to "0.637214999"
Evaluating: 0.637214999*360.0
 Parameter: YPHI <- "229.3974"
  
 CHARMM>            calc zphi = ?random * 360.0
 RDCMND substituted energy or value "?RANDOM" to "0.195464559"
Evaluating: 0.195464559*360.0
 Parameter: ZPHI <- "70.3672412"
  
 CHARMM>            coor rotate xcen @xpos ycen @ypos zcen @zpos xdir 1.0 -
 CHARMM>                phi @xphi select target end
 Parameter: XPOS -> "-12.1032191"
 Parameter: YPOS -> "-6.53104548"
 Parameter: ZPOS -> "55.5470256"
 Parameter: XPHI -> "2.65110469"
 SELRPN>      1 atoms have been selected out of   8612
 ROTATION MATRIX
    1.000000    0.000000    0.000000
    0.000000    0.998930    0.046254
    0.000000   -0.046254    0.998930

 AXIS OF ROTATION IS  1.000000  0.000000  0.000000  ANGLE IS    2.65

 SELECTED COORDINATES ROTATED IN THE MAIN SET.

  
 CHARMM>            coor rotate xcen @xpos ycen @ypos zcen @zpos ydir 1.0 -
 CHARMM>                phi @yphi select target end
 Parameter: XPOS -> "-12.1032191"
 Parameter: YPOS -> "-6.53104548"
 Parameter: ZPOS -> "55.5470256"
 Parameter: YPHI -> "229.3974"
 SELRPN>      1 atoms have been selected out of   8612
 ROTATION MATRIX
   -0.650809    0.000000    0.759242
    0.000000    1.000000    0.000000
   -0.759242    0.000000   -0.650809

 AXIS OF ROTATION IS  0.000000 -1.000000  0.000000  ANGLE IS  130.60

 SELECTED COORDINATES ROTATED IN THE MAIN SET.

  
 CHARMM>            coor rotate xcen @xpos ycen @ypos zcen @zpos zdir 1.0 -
 CHARMM>                phi @zphi select target end
 Parameter: XPOS -> "-12.1032191"
 Parameter: YPOS -> "-6.53104548"
 Parameter: ZPOS -> "55.5470256"
 Parameter: ZPHI -> "70.3672412"
 SELRPN>      1 atoms have been selected out of   8612
 ROTATION MATRIX
    0.335990    0.941866    0.000000
   -0.941866    0.335990    0.000000
    0.000000    0.000000    1.000000

 AXIS OF ROTATION IS  0.000000  0.000000  1.000000  ANGLE IS   70.37

 SELECTED COORDINATES ROTATED IN THE MAIN SET.

  
 CHARMM>     
  
 CHARMM>     
  
 CHARMM>            calc dcut = 3.5
Evaluating: 3.5
 Parameter: DCUT <- "3.5"
  
 CHARMM>     
  
 CHARMM>            coor stat sele target end
 SELRPN>      1 atoms have been selected out of   8612
 STATISTICS FOR         1 SELECTED ATOMS:
    XMIN =  -12.103219 XMAX =  -12.103219 XAVE =  -12.103219
    YMIN =   -6.531045 YMAX =   -6.531045 YAVE =   -6.531045
    ZMIN =   55.547026 ZMAX =   55.547026 ZAVE =   55.547026
    WMIN =   -1.000000 WMAX =   -1.000000 WAVE =   -1.000000
  
 CHARMM>            calc xmax = ?xmax + @dcut
 Parameter: DCUT -> "3.5"
 RDCMND substituted energy or value "?XMAX" to "-12.1032191"
Evaluating: -12.1032191+3.5
 Parameter: XMAX <- "-8.6032191"
  
 CHARMM>            calc ymax = ?ymax + @dcut
 Parameter: DCUT -> "3.5"
 RDCMND substituted energy or value "?YMAX" to "-6.53104548"
Evaluating: -6.53104548+3.5
 Parameter: YMAX <- "-3.03104548"
  
 CHARMM>            calc zmax = ?zmax + @dcut
 Parameter: DCUT -> "3.5"
 RDCMND substituted energy or value "?ZMAX" to "55.5470256"
Evaluating: 55.5470256+3.5
 Parameter: ZMAX <- "59.0470256"
  
 CHARMM>            calc xmin = ?xmin - @dcut
 Parameter: DCUT -> "3.5"
 RDCMND substituted energy or value "?XMIN" to "-12.1032191"
Evaluating: -12.1032191-3.5
 Parameter: XMIN <- "-15.6032191"
  
 CHARMM>            calc ymin = ?ymin - @dcut
 Parameter: DCUT -> "3.5"
 RDCMND substituted energy or value "?YMIN" to "-6.53104548"
Evaluating: -6.53104548-3.5
 Parameter: YMIN <- "-10.0310455"
  
 CHARMM>            calc zmin = ?zmin - @dcut
 Parameter: DCUT -> "3.5"
 RDCMND substituted energy or value "?ZMIN" to "55.5470256"
Evaluating: 55.5470256-3.5
 Parameter: ZMIN <- "52.0470256"
  
 CHARMM>     
  
 CHARMM>            define JUNK sele .not. target .and. -
 CHARMM>                             prop X .lt. @xmax .and. prop X .gt. @xmin .and. -
 CHARMM>                             prop Y .lt. @ymax .and. prop Y .gt. @ymin .and. -
 CHARMM>                             prop Z .lt. @zmax .and. prop Z .gt. @zmin  end
 Parameter: XMAX -> "-8.6032191"
 Parameter: XMIN -> "-15.6032191"
 Parameter: YMAX -> "-3.03104548"
 Parameter: YMIN -> "-10.0310455"
 Parameter: ZMAX -> "59.0470256"
 Parameter: ZMIN -> "52.0470256"
 SELRPN>      0 atoms have been selected out of   8612
  
 CHARMM>     
  
 CHARMM>            ! check if the ions are too close to protein
  
 CHARMM>            define XXX sele PROT end
 SELRPN>      0 atoms have been selected out of   8612
  
 CHARMM>            if ?nsel .gt. 0 then
 RDCMND substituted energy or value "?NSEL" to "0"
 Comparing "0" and "0".
 IF test evaluated as false.  Skip to ELSE or ENDIF
  
 CHARMM>     
  
 CHARMM>            ! check if the ions are too close to solute
  
 CHARMM>            coor dist cut 4.0 sele target end sele JUNK .and. .not. hydrogen end image
 SELRPN>      1 atoms have been selected out of  16051
 SELRPN>      0 atoms have been selected out of  16051

            DISTANCES FOR SELECTED ATOMS
            ONLY ONE SELECTION SET SPECIFIED, A COMPARISON WILL BE DONE
 TOTAL EXCLUSION COUNT =         0
 TOTAL 1-4 EXCLUSIONS  =         0
 TOTAL NON-EXCLUSIONS  =         0
  
 CHARMM>            if ?npair .gt. 0 goto doinit
 RDCMND substituted energy or value "?NPAIR" to "0"
 Comparing "0" and "0".
 IF test evaluated as false.  Skipping command
  
 CHARMM>     
  
 CHARMM>            calc cntrand = 0
Evaluating: 0
 Parameter: CNTRAND <- "0"
  
 CHARMM>            increase i by 1
 Parameter: I <- "22"
  
 CHARMM>            if i .le. @nion goto doinit
 Parameter: NION -> "36"
 Comparing "22" and "36".
 IF test evaluated as true.  Performing command
  
 CHARMM>     
  
 CHARMM>            calc cntrand = @cntrand + 1
 Parameter: CNTRAND -> "0"
Evaluating: 0+1
 Parameter: CNTRAND <- "1"
  
 CHARMM>            if cntrand .gt. 100 stop ! ABNORMAL TERMINATION: ion placing may not work.. stop here
 Comparing "1" and "100".
 IF test evaluated as false.  Skipping command
  
 CHARMM>     
  
 CHARMM>            calc j = @i
 Parameter: I -> "22"
Evaluating: 22
 Parameter: J <- "22"
  
 CHARMM>            set ion = POS
 Parameter: ION <- "POS"
  
 CHARMM>     
  
 CHARMM>            if j .gt. @npos then
 Parameter: NPOS -> "18"
 Comparing "22" and "18".
 IF test evaluated as true.  Performing command
  
 CHARMM>               set ion = NEG
 Parameter: ION <- "NEG"
  
 CHARMM>               calc j  = @j - @npos
 Parameter: J -> "22"
 Parameter: NPOS -> "18"
Evaluating: 22-18
 Parameter: J <- "4"
  
 CHARMM>            endif
  
 CHARMM>     
  
 CHARMM>            define target select segid @ion .and. resid @j end
 Parameter: ION -> "NEG"
 Parameter: J -> "4"
 SELRPN>      1 atoms have been selected out of   8612
  
 CHARMM>     
  
 CHARMM>            calc xpos = @A * ( ?random - 0.5 )
 Parameter: A -> "46.7504011"
 RDCMND substituted energy or value "?RANDOM" to "0.505631658"
Evaluating: 46.7504011*(0.505631658-0.5)
 Parameter: XPOS <- "0.26328227"
  
 CHARMM>            calc ypos = @B * ( ?random - 0.5 )
 Parameter: B -> "46.7504011"
 RDCMND substituted energy or value "?RANDOM" to "0.819786398"
Evaluating: 46.7504011*(0.819786398-0.5)
 Parameter: YPOS <- "14.9501424"
  
 CHARMM>            calc zpos = @C * ( ?random - 0.5 ) + @zcen
 Parameter: C -> "145"
 Parameter: ZCEN -> "0"
 RDCMND substituted energy or value "?RANDOM" to "0.380417898"
Evaluating: 145*(0.380417898-0.5)+0
 Parameter: ZPOS <- "-17.3394048"
  
 CHARMM>     
  
 CHARMM>            if zpos .gt. -15 if zpos .lt. 15 goto doinit
 Comparing "-17.3394048" and "-15".
 IF test evaluated as false.  Skipping command
  
 CHARMM>     
  
 CHARMM>            ! move target to selected position
  
 CHARMM>            coor stat select target end
 SELRPN>      1 atoms have been selected out of   8612
 STATISTICS FOR         1 SELECTED ATOMS:
    XMIN =    0.000000 XMAX =    0.000000 XAVE =    0.000000
    YMIN =    0.000000 YMAX =    0.000000 YAVE =    0.000000
    ZMIN =    0.000000 ZMAX =    0.000000 ZAVE =    0.000000
    WMIN =   -1.000000 WMAX =   -1.000000 WAVE =   -1.000000
  
 CHARMM>            calc xtran = @xpos - ?xave
 Parameter: XPOS -> "0.26328227"
 RDCMND substituted energy or value "?XAVE" to "0"
Evaluating: 0.26328227-0
 Parameter: XTRAN <- "0.26328227"
  
 CHARMM>            calc ytran = @ypos - ?yave
 Parameter: YPOS -> "14.9501424"
 RDCMND substituted energy or value "?YAVE" to "0"
Evaluating: 14.9501424-0
 Parameter: YTRAN <- "14.9501424"
  
 CHARMM>            calc ztran = @zpos - ?zave
 Parameter: ZPOS -> "-17.3394048"
 RDCMND substituted energy or value "?ZAVE" to "0"
Evaluating: -17.3394048-0
 Parameter: ZTRAN <- "-17.3394048"
  
 CHARMM>            coor trans xdir @xtran ydir @ytran zdir @ztran select target end
 Parameter: XTRAN -> "0.26328227"
 Parameter: YTRAN -> "14.9501424"
 Parameter: ZTRAN -> "-17.3394048"
 SELRPN>      1 atoms have been selected out of   8612
 TRANSLATION VECTOR     0.263282   14.950142  -17.339405
 SELECTED COORDINATES TRANSLATED IN THE MAIN SET.

  
 CHARMM>     
  
 CHARMM>            ! apply a random rotation along XYZ
  
 CHARMM>            calc xphi = ?random * 360.0
 RDCMND substituted energy or value "?RANDOM" to "0.67440695"
Evaluating: 0.67440695*360.0
 Parameter: XPHI <- "242.786502"
  
 CHARMM>            calc yphi = ?random * 360.0
 RDCMND substituted energy or value "?RANDOM" to "0.343803083"
Evaluating: 0.343803083*360.0
 Parameter: YPHI <- "123.76911"
  
 CHARMM>            calc zphi = ?random * 360.0
 RDCMND substituted energy or value "?RANDOM" to "0.767282074"
Evaluating: 0.767282074*360.0
 Parameter: ZPHI <- "276.221547"
  
 CHARMM>            coor rotate xcen @xpos ycen @ypos zcen @zpos xdir 1.0 -
 CHARMM>                phi @xphi select target end
 Parameter: XPOS -> "0.26328227"
 Parameter: YPOS -> "14.9501424"
 Parameter: ZPOS -> "-17.3394048"
 Parameter: XPHI -> "242.786502"
 SELRPN>      1 atoms have been selected out of   8612
 ROTATION MATRIX
    1.000000    0.000000    0.000000
    0.000000   -0.457307   -0.889309
    0.000000    0.889309   -0.457307

 AXIS OF ROTATION IS -1.000000  0.000000  0.000000  ANGLE IS  117.21

 SELECTED COORDINATES ROTATED IN THE MAIN SET.

  
 CHARMM>            coor rotate xcen @xpos ycen @ypos zcen @zpos ydir 1.0 -
 CHARMM>                phi @yphi select target end
 Parameter: XPOS -> "0.26328227"
 Parameter: YPOS -> "14.9501424"
 Parameter: ZPOS -> "-17.3394048"
 Parameter: YPHI -> "123.76911"
 SELRPN>      1 atoms have been selected out of   8612
 ROTATION MATRIX
   -0.555848    0.000000   -0.831284
    0.000000    1.000000    0.000000
    0.831284    0.000000   -0.555848

 AXIS OF ROTATION IS  0.000000  1.000000  0.000000  ANGLE IS  123.77

 SELECTED COORDINATES ROTATED IN THE MAIN SET.

  
 CHARMM>            coor rotate xcen @xpos ycen @ypos zcen @zpos zdir 1.0 -
 CHARMM>                phi @zphi select target end
 Parameter: XPOS -> "0.26328227"
 Parameter: YPOS -> "14.9501424"
 Parameter: ZPOS -> "-17.3394048"
 Parameter: ZPHI -> "276.221547"
 SELRPN>      1 atoms have been selected out of   8612
 ROTATION MATRIX
    0.108373   -0.994110    0.000000
    0.994110    0.108373    0.000000
    0.000000    0.000000    1.000000

 AXIS OF ROTATION IS  0.000000  0.000000 -1.000000  ANGLE IS   83.78

 SELECTED COORDINATES ROTATED IN THE MAIN SET.

  
 CHARMM>     
  
 CHARMM>     
  
 CHARMM>            calc dcut = 3.5
Evaluating: 3.5
 Parameter: DCUT <- "3.5"
  
 CHARMM>     
  
 CHARMM>            coor stat sele target end
 SELRPN>      1 atoms have been selected out of   8612
 STATISTICS FOR         1 SELECTED ATOMS:
    XMIN =    0.263282 XMAX =    0.263282 XAVE =    0.263282
    YMIN =   14.950142 YMAX =   14.950142 YAVE =   14.950142
    ZMIN =  -17.339405 ZMAX =  -17.339405 ZAVE =  -17.339405
    WMIN =   -1.000000 WMAX =   -1.000000 WAVE =   -1.000000
  
 CHARMM>            calc xmax = ?xmax + @dcut
 Parameter: DCUT -> "3.5"
 RDCMND substituted energy or value "?XMAX" to "0.26328227"
Evaluating: 0.26328227+3.5
 Parameter: XMAX <- "3.76328227"
  
 CHARMM>            calc ymax = ?ymax + @dcut
 Parameter: DCUT -> "3.5"
 RDCMND substituted energy or value "?YMAX" to "14.9501424"
Evaluating: 14.9501424+3.5
 Parameter: YMAX <- "18.4501424"
  
 CHARMM>            calc zmax = ?zmax + @dcut
 Parameter: DCUT -> "3.5"
 RDCMND substituted energy or value "?ZMAX" to "-17.3394048"
Evaluating: -17.3394048+3.5
 Parameter: ZMAX <- "-13.8394048"
  
 CHARMM>            calc xmin = ?xmin - @dcut
 Parameter: DCUT -> "3.5"
 RDCMND substituted energy or value "?XMIN" to "0.26328227"
Evaluating: 0.26328227-3.5
 Parameter: XMIN <- "-3.23671773"
  
 CHARMM>            calc ymin = ?ymin - @dcut
 Parameter: DCUT -> "3.5"
 RDCMND substituted energy or value "?YMIN" to "14.9501424"
Evaluating: 14.9501424-3.5
 Parameter: YMIN <- "11.4501424"
  
 CHARMM>            calc zmin = ?zmin - @dcut
 Parameter: DCUT -> "3.5"
 RDCMND substituted energy or value "?ZMIN" to "-17.3394048"
Evaluating: -17.3394048-3.5
 Parameter: ZMIN <- "-20.8394048"
  
 CHARMM>     
  
 CHARMM>            define JUNK sele .not. target .and. -
 CHARMM>                             prop X .lt. @xmax .and. prop X .gt. @xmin .and. -
 CHARMM>                             prop Y .lt. @ymax .and. prop Y .gt. @ymin .and. -
 CHARMM>                             prop Z .lt. @zmax .and. prop Z .gt. @zmin  end
 Parameter: XMAX -> "3.76328227"
 Parameter: XMIN -> "-3.23671773"
 Parameter: YMAX -> "18.4501424"
 Parameter: YMIN -> "11.4501424"
 Parameter: ZMAX -> "-13.8394048"
 Parameter: ZMIN -> "-20.8394048"
 SELRPN>     33 atoms have been selected out of   8612
  
 CHARMM>     
  
 CHARMM>            ! check if the ions are too close to protein
  
 CHARMM>            define XXX sele PROT end
 SELRPN>      0 atoms have been selected out of   8612
  
 CHARMM>            if ?nsel .gt. 0 then
 RDCMND substituted energy or value "?NSEL" to "0"
 Comparing "0" and "0".
 IF test evaluated as false.  Skip to ELSE or ENDIF
  
 CHARMM>     
  
 CHARMM>            ! check if the ions are too close to solute
  
 CHARMM>            coor dist cut 4.0 sele target end sele JUNK .and. .not. hydrogen end image
 SELRPN>      1 atoms have been selected out of  16051
 SELRPN>     15 atoms have been selected out of  16051

            DISTANCES FOR SELECTED ATOMS
 8598 NEG      CLA      4        CLA     -5097 MEMB     POPC     39       C13           3.1854
 8598 NEG      CLA      4        CLA     -5117 MEMB     POPC     39       C1            3.3886
 8598 NEG      CLA      4        CLA     -5120 MEMB     POPC     39       C2            2.1301
 8598 NEG      CLA      4        CLA     -5122 MEMB     POPC     39       O21           1.8799
 8598 NEG      CLA      4        CLA     -5123 MEMB     POPC     39       C21           1.3448
 8598 NEG      CLA      4        CLA     -5124 MEMB     POPC     39       O22           1.0609
 8598 NEG      CLA      4        CLA     -5125 MEMB     POPC     39       C22           2.7583
 8598 NEG      CLA      4        CLA     -5128 MEMB     POPC     39       C3            3.1119
 8598 NEG      CLA      4        CLA     -5137 MEMB     POPC     39       C23           3.9779
 8598 NEG      CLA      4        CLA     -6571 MEMB     POPC     50       C13           3.1799
 TOTAL EXCLUSION COUNT =         0
 TOTAL 1-4 EXCLUSIONS  =         0
 TOTAL NON-EXCLUSIONS  =        10
  
 CHARMM>            if ?npair .gt. 0 goto doinit
 RDCMND substituted energy or value "?NPAIR" to "10"
 Comparing "10" and "0".
 IF test evaluated as true.  Performing command
  
 CHARMM>     
  
 CHARMM>            calc cntrand = @cntrand + 1
 Parameter: CNTRAND -> "1"
Evaluating: 1+1
 Parameter: CNTRAND <- "2"
  
 CHARMM>            if cntrand .gt. 100 stop ! ABNORMAL TERMINATION: ion placing may not work.. stop here
 Comparing "2" and "100".
 IF test evaluated as false.  Skipping command
  
 CHARMM>     
  
 CHARMM>            calc j = @i
 Parameter: I -> "22"
Evaluating: 22
 Parameter: J <- "22"
  
 CHARMM>            set ion = POS
 Parameter: ION <- "POS"
  
 CHARMM>     
  
 CHARMM>            if j .gt. @npos then
 Parameter: NPOS -> "18"
 Comparing "22" and "18".
 IF test evaluated as true.  Performing command
  
 CHARMM>               set ion = NEG
 Parameter: ION <- "NEG"
  
 CHARMM>               calc j  = @j - @npos
 Parameter: J -> "22"
 Parameter: NPOS -> "18"
Evaluating: 22-18
 Parameter: J <- "4"
  
 CHARMM>            endif
  
 CHARMM>     
  
 CHARMM>            define target select segid @ion .and. resid @j end
 Parameter: ION -> "NEG"
 Parameter: J -> "4"
 SELRPN>      1 atoms have been selected out of   8612
  
 CHARMM>     
  
 CHARMM>            calc xpos = @A * ( ?random - 0.5 )
 Parameter: A -> "46.7504011"
 RDCMND substituted energy or value "?RANDOM" to "0.544449726"
Evaluating: 46.7504011*(0.544449726-0.5)
 Parameter: XPOS <- "2.07804252"
  
 CHARMM>            calc ypos = @B * ( ?random - 0.5 )
 Parameter: B -> "46.7504011"
 RDCMND substituted energy or value "?RANDOM" to "0.350000038"
Evaluating: 46.7504011*(0.350000038-0.5)
 Parameter: YPOS <- "-7.01255839"
  
 CHARMM>            calc zpos = @C * ( ?random - 0.5 ) + @zcen
 Parameter: C -> "145"
 Parameter: ZCEN -> "0"
 RDCMND substituted energy or value "?RANDOM" to "4.644324983E-02"
Evaluating: 145*(4.644324983E-02-0.5)+0
 Parameter: ZPOS <- "-65.7657288"
  
 CHARMM>     
  
 CHARMM>            if zpos .gt. -15 if zpos .lt. 15 goto doinit
 Comparing "-65.7657288" and "-15".
 IF test evaluated as false.  Skipping command
  
 CHARMM>     
  
 CHARMM>            ! move target to selected position
  
 CHARMM>            coor stat select target end
 SELRPN>      1 atoms have been selected out of   8612
 STATISTICS FOR         1 SELECTED ATOMS:
    XMIN =    0.263282 XMAX =    0.263282 XAVE =    0.263282
    YMIN =   14.950142 YMAX =   14.950142 YAVE =   14.950142
    ZMIN =  -17.339405 ZMAX =  -17.339405 ZAVE =  -17.339405
    WMIN =   -1.000000 WMAX =   -1.000000 WAVE =   -1.000000
  
 CHARMM>            calc xtran = @xpos - ?xave
 Parameter: XPOS -> "2.07804252"
 RDCMND substituted energy or value "?XAVE" to "0.26328227"
Evaluating: 2.07804252-0.26328227
 Parameter: XTRAN <- "1.81476025"
  
 CHARMM>            calc ytran = @ypos - ?yave
 Parameter: YPOS -> "-7.01255839"
 RDCMND substituted energy or value "?YAVE" to "14.9501424"
Evaluating: -7.01255839-14.9501424
 Parameter: YTRAN <- "-21.9627008"
  
 CHARMM>            calc ztran = @zpos - ?zave
 Parameter: ZPOS -> "-65.7657288"
 RDCMND substituted energy or value "?ZAVE" to "-17.3394048"
Evaluating: -65.7657288--17.3394048
 Parameter: ZTRAN <- "-48.426324"
  
 CHARMM>            coor trans xdir @xtran ydir @ytran zdir @ztran select target end
 Parameter: XTRAN -> "1.81476025"
 Parameter: YTRAN -> "-21.9627008"
 Parameter: ZTRAN -> "-48.426324"
 SELRPN>      1 atoms have been selected out of   8612
 TRANSLATION VECTOR     1.814760  -21.962701  -48.426324
 SELECTED COORDINATES TRANSLATED IN THE MAIN SET.

  
 CHARMM>     
  
 CHARMM>            ! apply a random rotation along XYZ
  
 CHARMM>            calc xphi = ?random * 360.0
 RDCMND substituted energy or value "?RANDOM" to "0.662170603"
Evaluating: 0.662170603*360.0
 Parameter: XPHI <- "238.381417"
  
 CHARMM>            calc yphi = ?random * 360.0
 RDCMND substituted energy or value "?RANDOM" to "0.675002683"
Evaluating: 0.675002683*360.0
 Parameter: YPHI <- "243.000966"
  
 CHARMM>            calc zphi = ?random * 360.0
 RDCMND substituted energy or value "?RANDOM" to "0.682023958"
Evaluating: 0.682023958*360.0
 Parameter: ZPHI <- "245.528625"
  
 CHARMM>            coor rotate xcen @xpos ycen @ypos zcen @zpos xdir 1.0 -
 CHARMM>                phi @xphi select target end
 Parameter: XPOS -> "2.07804252"
 Parameter: YPOS -> "-7.01255839"
 Parameter: ZPOS -> "-65.7657288"
 Parameter: XPHI -> "238.381417"
 SELRPN>      1 atoms have been selected out of   8612
 ROTATION MATRIX
    1.000000    0.000000    0.000000
    0.000000   -0.524262   -0.851557
    0.000000    0.851557   -0.524262

 AXIS OF ROTATION IS -1.000000  0.000000  0.000000  ANGLE IS  121.62

 SELECTED COORDINATES ROTATED IN THE MAIN SET.

  
 CHARMM>            coor rotate xcen @xpos ycen @ypos zcen @zpos ydir 1.0 -
 CHARMM>                phi @yphi select target end
 Parameter: XPOS -> "2.07804252"
 Parameter: YPOS -> "-7.01255839"
 Parameter: ZPOS -> "-65.7657288"
 Parameter: YPHI -> "243.000966"
 SELRPN>      1 atoms have been selected out of   8612
 ROTATION MATRIX
   -0.453975    0.000000    0.891014
    0.000000    1.000000    0.000000
   -0.891014    0.000000   -0.453975

 AXIS OF ROTATION IS  0.000000 -1.000000  0.000000  ANGLE IS  117.00

 SELECTED COORDINATES ROTATED IN THE MAIN SET.

  
 CHARMM>            coor rotate xcen @xpos ycen @ypos zcen @zpos zdir 1.0 -
 CHARMM>                phi @zphi select target end
 Parameter: XPOS -> "2.07804252"
 Parameter: YPOS -> "-7.01255839"
 Parameter: ZPOS -> "-65.7657288"
 Parameter: ZPHI -> "245.528625"
 SELRPN>      1 atoms have been selected out of   8612
 ROTATION MATRIX
   -0.414239   -0.910168    0.000000
    0.910168   -0.414239    0.000000
    0.000000    0.000000    1.000000

 AXIS OF ROTATION IS  0.000000  0.000000 -1.000000  ANGLE IS  114.47

 SELECTED COORDINATES ROTATED IN THE MAIN SET.

  
 CHARMM>     
  
 CHARMM>     
  
 CHARMM>            calc dcut = 3.5
Evaluating: 3.5
 Parameter: DCUT <- "3.5"
  
 CHARMM>     
  
 CHARMM>            coor stat sele target end
 SELRPN>      1 atoms have been selected out of   8612
 STATISTICS FOR         1 SELECTED ATOMS:
    XMIN =    2.078043 XMAX =    2.078043 XAVE =    2.078043
    YMIN =   -7.012558 YMAX =   -7.012558 YAVE =   -7.012558
    ZMIN =  -65.765729 ZMAX =  -65.765729 ZAVE =  -65.765729
    WMIN =   -1.000000 WMAX =   -1.000000 WAVE =   -1.000000
  
 CHARMM>            calc xmax = ?xmax + @dcut
 Parameter: DCUT -> "3.5"
 RDCMND substituted energy or value "?XMAX" to "2.07804252"
Evaluating: 2.07804252+3.5
 Parameter: XMAX <- "5.57804252"
  
 CHARMM>            calc ymax = ?ymax + @dcut
 Parameter: DCUT -> "3.5"
 RDCMND substituted energy or value "?YMAX" to "-7.0125584"
Evaluating: -7.0125584+3.5
 Parameter: YMAX <- "-3.5125584"
  
 CHARMM>            calc zmax = ?zmax + @dcut
 Parameter: DCUT -> "3.5"
 RDCMND substituted energy or value "?ZMAX" to "-65.7657288"
Evaluating: -65.7657288+3.5
 Parameter: ZMAX <- "-62.2657288"
  
 CHARMM>            calc xmin = ?xmin - @dcut
 Parameter: DCUT -> "3.5"
 RDCMND substituted energy or value "?XMIN" to "2.07804252"
Evaluating: 2.07804252-3.5
 Parameter: XMIN <- "-1.42195748"
  
 CHARMM>            calc ymin = ?ymin - @dcut
 Parameter: DCUT -> "3.5"
 RDCMND substituted energy or value "?YMIN" to "-7.0125584"
Evaluating: -7.0125584-3.5
 Parameter: YMIN <- "-10.5125584"
  
 CHARMM>            calc zmin = ?zmin - @dcut
 Parameter: DCUT -> "3.5"
 RDCMND substituted energy or value "?ZMIN" to "-65.7657288"
Evaluating: -65.7657288-3.5
 Parameter: ZMIN <- "-69.2657288"
  
 CHARMM>     
  
 CHARMM>            define JUNK sele .not. target .and. -
 CHARMM>                             prop X .lt. @xmax .and. prop X .gt. @xmin .and. -
 CHARMM>                             prop Y .lt. @ymax .and. prop Y .gt. @ymin .and. -
 CHARMM>                             prop Z .lt. @zmax .and. prop Z .gt. @zmin  end
 Parameter: XMAX -> "5.57804252"
 Parameter: XMIN -> "-1.42195748"
 Parameter: YMAX -> "-3.5125584"
 Parameter: YMIN -> "-10.5125584"
 Parameter: ZMAX -> "-62.2657288"
 Parameter: ZMIN -> "-69.2657288"
 SELRPN>      0 atoms have been selected out of   8612
  
 CHARMM>     
  
 CHARMM>            ! check if the ions are too close to protein
  
 CHARMM>            define XXX sele PROT end
 SELRPN>      0 atoms have been selected out of   8612
  
 CHARMM>            if ?nsel .gt. 0 then
 RDCMND substituted energy or value "?NSEL" to "0"
 Comparing "0" and "0".
 IF test evaluated as false.  Skip to ELSE or ENDIF
  
 CHARMM>     
  
 CHARMM>            ! check if the ions are too close to solute
  
 CHARMM>            coor dist cut 4.0 sele target end sele JUNK .and. .not. hydrogen end image
 SELRPN>      1 atoms have been selected out of  16051
 SELRPN>      0 atoms have been selected out of  16051

            DISTANCES FOR SELECTED ATOMS
            ONLY ONE SELECTION SET SPECIFIED, A COMPARISON WILL BE DONE
 TOTAL EXCLUSION COUNT =         0
 TOTAL 1-4 EXCLUSIONS  =         0
 TOTAL NON-EXCLUSIONS  =         0
  
 CHARMM>            if ?npair .gt. 0 goto doinit
 RDCMND substituted energy or value "?NPAIR" to "0"
 Comparing "0" and "0".
 IF test evaluated as false.  Skipping command
  
 CHARMM>     
  
 CHARMM>            calc cntrand = 0
Evaluating: 0
 Parameter: CNTRAND <- "0"
  
 CHARMM>            increase i by 1
 Parameter: I <- "23"
  
 CHARMM>            if i .le. @nion goto doinit
 Parameter: NION -> "36"
 Comparing "23" and "36".
 IF test evaluated as true.  Performing command
  
 CHARMM>     
  
 CHARMM>            calc cntrand = @cntrand + 1
 Parameter: CNTRAND -> "0"
Evaluating: 0+1
 Parameter: CNTRAND <- "1"
  
 CHARMM>            if cntrand .gt. 100 stop ! ABNORMAL TERMINATION: ion placing may not work.. stop here
 Comparing "1" and "100".
 IF test evaluated as false.  Skipping command
  
 CHARMM>     
  
 CHARMM>            calc j = @i
 Parameter: I -> "23"
Evaluating: 23
 Parameter: J <- "23"
  
 CHARMM>            set ion = POS
 Parameter: ION <- "POS"
  
 CHARMM>     
  
 CHARMM>            if j .gt. @npos then
 Parameter: NPOS -> "18"
 Comparing "23" and "18".
 IF test evaluated as true.  Performing command
  
 CHARMM>               set ion = NEG
 Parameter: ION <- "NEG"
  
 CHARMM>               calc j  = @j - @npos
 Parameter: J -> "23"
 Parameter: NPOS -> "18"
Evaluating: 23-18
 Parameter: J <- "5"
  
 CHARMM>            endif
  
 CHARMM>     
  
 CHARMM>            define target select segid @ion .and. resid @j end
 Parameter: ION -> "NEG"
 Parameter: J -> "5"
 SELRPN>      1 atoms have been selected out of   8612
  
 CHARMM>     
  
 CHARMM>            calc xpos = @A * ( ?random - 0.5 )
 Parameter: A -> "46.7504011"
 RDCMND substituted energy or value "?RANDOM" to "0.750771146"
Evaluating: 46.7504011*(0.750771146-0.5)
 Parameter: XPOS <- "11.7236517"
  
 CHARMM>            calc ypos = @B * ( ?random - 0.5 )
 Parameter: B -> "46.7504011"
 RDCMND substituted energy or value "?RANDOM" to "0.473536463"
Evaluating: 46.7504011*(0.473536463-0.5)
 Parameter: YPOS <- "-1.23718097"
  
 CHARMM>            calc zpos = @C * ( ?random - 0.5 ) + @zcen
 Parameter: C -> "145"
 Parameter: ZCEN -> "0"
 RDCMND substituted energy or value "?RANDOM" to "0.155586272"
Evaluating: 145*(0.155586272-0.5)+0
 Parameter: ZPOS <- "-49.9399906"
  
 CHARMM>     
  
 CHARMM>            if zpos .gt. -15 if zpos .lt. 15 goto doinit
 Comparing "-49.9399906" and "-15".
 IF test evaluated as false.  Skipping command
  
 CHARMM>     
  
 CHARMM>            ! move target to selected position
  
 CHARMM>            coor stat select target end
 SELRPN>      1 atoms have been selected out of   8612
 STATISTICS FOR         1 SELECTED ATOMS:
    XMIN =    0.000000 XMAX =    0.000000 XAVE =    0.000000
    YMIN =    0.000000 YMAX =    0.000000 YAVE =    0.000000
    ZMIN =    0.000000 ZMAX =    0.000000 ZAVE =    0.000000
    WMIN =   -1.000000 WMAX =   -1.000000 WAVE =   -1.000000
  
 CHARMM>            calc xtran = @xpos - ?xave
 Parameter: XPOS -> "11.7236517"
 RDCMND substituted energy or value "?XAVE" to "0"
Evaluating: 11.7236517-0
 Parameter: XTRAN <- "11.7236517"
  
 CHARMM>            calc ytran = @ypos - ?yave
 Parameter: YPOS -> "-1.23718097"
 RDCMND substituted energy or value "?YAVE" to "0"
Evaluating: -1.23718097-0
 Parameter: YTRAN <- "-1.23718097"
  
 CHARMM>            calc ztran = @zpos - ?zave
 Parameter: ZPOS -> "-49.9399906"
 RDCMND substituted energy or value "?ZAVE" to "0"
Evaluating: -49.9399906-0
 Parameter: ZTRAN <- "-49.9399906"
  
 CHARMM>            coor trans xdir @xtran ydir @ytran zdir @ztran select target end
 Parameter: XTRAN -> "11.7236517"
 Parameter: YTRAN -> "-1.23718097"
 Parameter: ZTRAN -> "-49.9399906"
 SELRPN>      1 atoms have been selected out of   8612
 TRANSLATION VECTOR    11.723652   -1.237181  -49.939991
 SELECTED COORDINATES TRANSLATED IN THE MAIN SET.

  
 CHARMM>     
  
 CHARMM>            ! apply a random rotation along XYZ
  
 CHARMM>            calc xphi = ?random * 360.0
 RDCMND substituted energy or value "?RANDOM" to "0.526260121"
Evaluating: 0.526260121*360.0
 Parameter: XPHI <- "189.453644"
  
 CHARMM>            calc yphi = ?random * 360.0
 RDCMND substituted energy or value "?RANDOM" to "0.194282439"
Evaluating: 0.194282439*360.0
 Parameter: YPHI <- "69.941678"
  
 CHARMM>            calc zphi = ?random * 360.0
 RDCMND substituted energy or value "?RANDOM" to "4.933004693E-02"
Evaluating: 4.933004693E-02*360.0
 Parameter: ZPHI <- "17.7588169"
  
 CHARMM>            coor rotate xcen @xpos ycen @ypos zcen @zpos xdir 1.0 -
 CHARMM>                phi @xphi select target end
 Parameter: XPOS -> "11.7236517"
 Parameter: YPOS -> "-1.23718097"
 Parameter: ZPOS -> "-49.9399906"
 Parameter: XPHI -> "189.453644"
 SELRPN>      1 atoms have been selected out of   8612
 ROTATION MATRIX
    1.000000    0.000000    0.000000
    0.000000   -0.986419   -0.164250
    0.000000    0.164250   -0.986419

 AXIS OF ROTATION IS -1.000000  0.000000  0.000000  ANGLE IS  170.55

 SELECTED COORDINATES ROTATED IN THE MAIN SET.

  
 CHARMM>            coor rotate xcen @xpos ycen @ypos zcen @zpos ydir 1.0 -
 CHARMM>                phi @yphi select target end
 Parameter: XPOS -> "11.7236517"
 Parameter: YPOS -> "-1.23718097"
 Parameter: ZPOS -> "-49.9399906"
 Parameter: YPHI -> "69.941678"
 SELRPN>      1 atoms have been selected out of   8612
 ROTATION MATRIX
    0.342976    0.000000   -0.939344
    0.000000    1.000000    0.000000
    0.939344    0.000000    0.342976

 AXIS OF ROTATION IS  0.000000  1.000000  0.000000  ANGLE IS   69.94

 SELECTED COORDINATES ROTATED IN THE MAIN SET.

  
 CHARMM>            coor rotate xcen @xpos ycen @ypos zcen @zpos zdir 1.0 -
 CHARMM>                phi @zphi select target end
 Parameter: XPOS -> "11.7236517"
 Parameter: YPOS -> "-1.23718097"
 Parameter: ZPOS -> "-49.9399906"
 Parameter: ZPHI -> "17.7588169"
 SELRPN>      1 atoms have been selected out of   8612
 ROTATION MATRIX
    0.952349    0.305011    0.000000
   -0.305011    0.952349    0.000000
    0.000000    0.000000    1.000000

 AXIS OF ROTATION IS  0.000000  0.000000  1.000000  ANGLE IS   17.76

 SELECTED COORDINATES ROTATED IN THE MAIN SET.

  
 CHARMM>     
  
 CHARMM>     
  
 CHARMM>            calc dcut = 3.5
Evaluating: 3.5
 Parameter: DCUT <- "3.5"
  
 CHARMM>     
  
 CHARMM>            coor stat sele target end
 SELRPN>      1 atoms have been selected out of   8612
 STATISTICS FOR         1 SELECTED ATOMS:
    XMIN =   11.723652 XMAX =   11.723652 XAVE =   11.723652
    YMIN =   -1.237181 YMAX =   -1.237181 YAVE =   -1.237181
    ZMIN =  -49.939991 ZMAX =  -49.939991 ZAVE =  -49.939991
    WMIN =   -1.000000 WMAX =   -1.000000 WAVE =   -1.000000
  
 CHARMM>            calc xmax = ?xmax + @dcut
 Parameter: DCUT -> "3.5"
 RDCMND substituted energy or value "?XMAX" to "11.7236517"
Evaluating: 11.7236517+3.5
 Parameter: XMAX <- "15.2236517"
  
 CHARMM>            calc ymax = ?ymax + @dcut
 Parameter: DCUT -> "3.5"
 RDCMND substituted energy or value "?YMAX" to "-1.23718097"
Evaluating: -1.23718097+3.5
 Parameter: YMAX <- "2.26281903"
  
 CHARMM>            calc zmax = ?zmax + @dcut
 Parameter: DCUT -> "3.5"
 RDCMND substituted energy or value "?ZMAX" to "-49.9399906"
Evaluating: -49.9399906+3.5
 Parameter: ZMAX <- "-46.4399906"
  
 CHARMM>            calc xmin = ?xmin - @dcut
 Parameter: DCUT -> "3.5"
 RDCMND substituted energy or value "?XMIN" to "11.7236517"
Evaluating: 11.7236517-3.5
 Parameter: XMIN <- "8.2236517"
  
 CHARMM>            calc ymin = ?ymin - @dcut
 Parameter: DCUT -> "3.5"
 RDCMND substituted energy or value "?YMIN" to "-1.23718097"
Evaluating: -1.23718097-3.5
 Parameter: YMIN <- "-4.73718097"
  
 CHARMM>            calc zmin = ?zmin - @dcut
 Parameter: DCUT -> "3.5"
 RDCMND substituted energy or value "?ZMIN" to "-49.9399906"
Evaluating: -49.9399906-3.5
 Parameter: ZMIN <- "-53.4399906"
  
 CHARMM>     
  
 CHARMM>            define JUNK sele .not. target .and. -
 CHARMM>                             prop X .lt. @xmax .and. prop X .gt. @xmin .and. -
 CHARMM>                             prop Y .lt. @ymax .and. prop Y .gt. @ymin .and. -
 CHARMM>                             prop Z .lt. @zmax .and. prop Z .gt. @zmin  end
 Parameter: XMAX -> "15.2236517"
 Parameter: XMIN -> "8.2236517"
 Parameter: YMAX -> "2.26281903"
 Parameter: YMIN -> "-4.73718097"
 Parameter: ZMAX -> "-46.4399906"
 Parameter: ZMIN -> "-53.4399906"
 SELRPN>      0 atoms have been selected out of   8612
  
 CHARMM>     
  
 CHARMM>            ! check if the ions are too close to protein
  
 CHARMM>            define XXX sele PROT end
 SELRPN>      0 atoms have been selected out of   8612
  
 CHARMM>            if ?nsel .gt. 0 then
 RDCMND substituted energy or value "?NSEL" to "0"
 Comparing "0" and "0".
 IF test evaluated as false.  Skip to ELSE or ENDIF
  
 CHARMM>     
  
 CHARMM>            ! check if the ions are too close to solute
  
 CHARMM>            coor dist cut 4.0 sele target end sele JUNK .and. .not. hydrogen end image
 SELRPN>      1 atoms have been selected out of  16051
 SELRPN>      0 atoms have been selected out of  16051

            DISTANCES FOR SELECTED ATOMS
            ONLY ONE SELECTION SET SPECIFIED, A COMPARISON WILL BE DONE
 TOTAL EXCLUSION COUNT =         0
 TOTAL 1-4 EXCLUSIONS  =         0
 TOTAL NON-EXCLUSIONS  =         0
  
 CHARMM>            if ?npair .gt. 0 goto doinit
 RDCMND substituted energy or value "?NPAIR" to "0"
 Comparing "0" and "0".
 IF test evaluated as false.  Skipping command
  
 CHARMM>     
  
 CHARMM>            calc cntrand = 0
Evaluating: 0
 Parameter: CNTRAND <- "0"
  
 CHARMM>            increase i by 1
 Parameter: I <- "24"
  
 CHARMM>            if i .le. @nion goto doinit
 Parameter: NION -> "36"
 Comparing "24" and "36".
 IF test evaluated as true.  Performing command
  
 CHARMM>     
  
 CHARMM>            calc cntrand = @cntrand + 1
 Parameter: CNTRAND -> "0"
Evaluating: 0+1
 Parameter: CNTRAND <- "1"
  
 CHARMM>            if cntrand .gt. 100 stop ! ABNORMAL TERMINATION: ion placing may not work.. stop here
 Comparing "1" and "100".
 IF test evaluated as false.  Skipping command
  
 CHARMM>     
  
 CHARMM>            calc j = @i
 Parameter: I -> "24"
Evaluating: 24
 Parameter: J <- "24"
  
 CHARMM>            set ion = POS
 Parameter: ION <- "POS"
  
 CHARMM>     
  
 CHARMM>            if j .gt. @npos then
 Parameter: NPOS -> "18"
 Comparing "24" and "18".
 IF test evaluated as true.  Performing command
  
 CHARMM>               set ion = NEG
 Parameter: ION <- "NEG"
  
 CHARMM>               calc j  = @j - @npos
 Parameter: J -> "24"
 Parameter: NPOS -> "18"
Evaluating: 24-18
 Parameter: J <- "6"
  
 CHARMM>            endif
  
 CHARMM>     
  
 CHARMM>            define target select segid @ion .and. resid @j end
 Parameter: ION -> "NEG"
 Parameter: J -> "6"
 SELRPN>      1 atoms have been selected out of   8612
  
 CHARMM>     
  
 CHARMM>            calc xpos = @A * ( ?random - 0.5 )
 Parameter: A -> "46.7504011"
 RDCMND substituted energy or value "?RANDOM" to "0.303141911"
Evaluating: 46.7504011*(0.303141911-0.5)
 Parameter: XPOS <- "-9.20319462"
  
 CHARMM>            calc ypos = @B * ( ?random - 0.5 )
 Parameter: B -> "46.7504011"
 RDCMND substituted energy or value "?RANDOM" to "0.491468389"
Evaluating: 46.7504011*(0.491468389-0.5)
 Parameter: YPOS <- "-0.398856236"
  
 CHARMM>            calc zpos = @C * ( ?random - 0.5 ) + @zcen
 Parameter: C -> "145"
 Parameter: ZCEN -> "0"
 RDCMND substituted energy or value "?RANDOM" to "0.189785298"
Evaluating: 145*(0.189785298-0.5)+0
 Parameter: ZPOS <- "-44.9811318"
  
 CHARMM>     
  
 CHARMM>            if zpos .gt. -15 if zpos .lt. 15 goto doinit
 Comparing "-44.9811318" and "-15".
 IF test evaluated as false.  Skipping command
  
 CHARMM>     
  
 CHARMM>            ! move target to selected position
  
 CHARMM>            coor stat select target end
 SELRPN>      1 atoms have been selected out of   8612
 STATISTICS FOR         1 SELECTED ATOMS:
    XMIN =    0.000000 XMAX =    0.000000 XAVE =    0.000000
    YMIN =    0.000000 YMAX =    0.000000 YAVE =    0.000000
    ZMIN =    0.000000 ZMAX =    0.000000 ZAVE =    0.000000
    WMIN =   -1.000000 WMAX =   -1.000000 WAVE =   -1.000000
  
 CHARMM>            calc xtran = @xpos - ?xave
 Parameter: XPOS -> "-9.20319462"
 RDCMND substituted energy or value "?XAVE" to "0"
Evaluating: -9.20319462-0
 Parameter: XTRAN <- "-9.20319462"
  
 CHARMM>            calc ytran = @ypos - ?yave
 Parameter: YPOS -> "-0.398856236"
 RDCMND substituted energy or value "?YAVE" to "0"
Evaluating: -0.398856236-0
 Parameter: YTRAN <- "-0.398856236"
  
 CHARMM>            calc ztran = @zpos - ?zave
 Parameter: ZPOS -> "-44.9811318"
 RDCMND substituted energy or value "?ZAVE" to "0"
Evaluating: -44.9811318-0
 Parameter: ZTRAN <- "-44.9811318"
  
 CHARMM>            coor trans xdir @xtran ydir @ytran zdir @ztran select target end
 Parameter: XTRAN -> "-9.20319462"
 Parameter: YTRAN -> "-0.398856236"
 Parameter: ZTRAN -> "-44.9811318"
 SELRPN>      1 atoms have been selected out of   8612
 TRANSLATION VECTOR    -9.203195   -0.398856  -44.981132
 SELECTED COORDINATES TRANSLATED IN THE MAIN SET.

  
 CHARMM>     
  
 CHARMM>            ! apply a random rotation along XYZ
  
 CHARMM>            calc xphi = ?random * 360.0
 RDCMND substituted energy or value "?RANDOM" to "8.829730568E-02"
Evaluating: 8.829730568E-02*360.0
 Parameter: XPHI <- "31.78703"
  
 CHARMM>            calc yphi = ?random * 360.0
 RDCMND substituted energy or value "?RANDOM" to "0.830217768"
Evaluating: 0.830217768*360.0
 Parameter: YPHI <- "298.878396"
  
 CHARMM>            calc zphi = ?random * 360.0
 RDCMND substituted energy or value "?RANDOM" to "0.622674054"
Evaluating: 0.622674054*360.0
 Parameter: ZPHI <- "224.162659"
  
 CHARMM>            coor rotate xcen @xpos ycen @ypos zcen @zpos xdir 1.0 -
 CHARMM>                phi @xphi select target end
 Parameter: XPOS -> "-9.20319462"
 Parameter: YPOS -> "-0.398856236"
 Parameter: ZPOS -> "-44.9811318"
 Parameter: XPHI -> "31.78703"
 SELRPN>      1 atoms have been selected out of   8612
 ROTATION MATRIX
    1.000000    0.000000    0.000000
    0.000000    0.850012    0.526763
    0.000000   -0.526763    0.850012

 AXIS OF ROTATION IS  1.000000  0.000000  0.000000  ANGLE IS   31.79

 SELECTED COORDINATES ROTATED IN THE MAIN SET.

  
 CHARMM>            coor rotate xcen @xpos ycen @ypos zcen @zpos ydir 1.0 -
 CHARMM>                phi @yphi select target end
 Parameter: XPOS -> "-9.20319462"
 Parameter: YPOS -> "-0.398856236"
 Parameter: ZPOS -> "-44.9811318"
 Parameter: YPHI -> "298.878396"
 SELRPN>      1 atoms have been selected out of   8612
 ROTATION MATRIX
    0.482952    0.000000    0.875647
    0.000000    1.000000    0.000000
   -0.875647    0.000000    0.482952

 AXIS OF ROTATION IS  0.000000 -1.000000  0.000000  ANGLE IS   61.12

 SELECTED COORDINATES ROTATED IN THE MAIN SET.

  
 CHARMM>            coor rotate xcen @xpos ycen @ypos zcen @zpos zdir 1.0 -
 CHARMM>                phi @zphi select target end
 Parameter: XPOS -> "-9.20319462"
 Parameter: YPOS -> "-0.398856236"
 Parameter: ZPOS -> "-44.9811318"
 Parameter: ZPHI -> "224.162659"
 SELRPN>      1 atoms have been selected out of   8612
 ROTATION MATRIX
   -0.717365   -0.696698    0.000000
    0.696698   -0.717365    0.000000
    0.000000    0.000000    1.000000

 AXIS OF ROTATION IS  0.000000  0.000000 -1.000000  ANGLE IS  135.84

 SELECTED COORDINATES ROTATED IN THE MAIN SET.

  
 CHARMM>     
  
 CHARMM>     
  
 CHARMM>            calc dcut = 3.5
Evaluating: 3.5
 Parameter: DCUT <- "3.5"
  
 CHARMM>     
  
 CHARMM>            coor stat sele target end
 SELRPN>      1 atoms have been selected out of   8612
 STATISTICS FOR         1 SELECTED ATOMS:
    XMIN =   -9.203195 XMAX =   -9.203195 XAVE =   -9.203195
    YMIN =   -0.398856 YMAX =   -0.398856 YAVE =   -0.398856
    ZMIN =  -44.981132 ZMAX =  -44.981132 ZAVE =  -44.981132
    WMIN =   -1.000000 WMAX =   -1.000000 WAVE =   -1.000000
  
 CHARMM>            calc xmax = ?xmax + @dcut
 Parameter: DCUT -> "3.5"
 RDCMND substituted energy or value "?XMAX" to "-9.20319462"
Evaluating: -9.20319462+3.5
 Parameter: XMAX <- "-5.70319462"
  
 CHARMM>            calc ymax = ?ymax + @dcut
 Parameter: DCUT -> "3.5"
 RDCMND substituted energy or value "?YMAX" to "-0.398856236"
Evaluating: -0.398856236+3.5
 Parameter: YMAX <- "3.10114376"
  
 CHARMM>            calc zmax = ?zmax + @dcut
 Parameter: DCUT -> "3.5"
 RDCMND substituted energy or value "?ZMAX" to "-44.9811318"
Evaluating: -44.9811318+3.5
 Parameter: ZMAX <- "-41.4811318"
  
 CHARMM>            calc xmin = ?xmin - @dcut
 Parameter: DCUT -> "3.5"
 RDCMND substituted energy or value "?XMIN" to "-9.20319462"
Evaluating: -9.20319462-3.5
 Parameter: XMIN <- "-12.7031946"
  
 CHARMM>            calc ymin = ?ymin - @dcut
 Parameter: DCUT -> "3.5"
 RDCMND substituted energy or value "?YMIN" to "-0.398856236"
Evaluating: -0.398856236-3.5
 Parameter: YMIN <- "-3.89885624"
  
 CHARMM>            calc zmin = ?zmin - @dcut
 Parameter: DCUT -> "3.5"
 RDCMND substituted energy or value "?ZMIN" to "-44.9811318"
Evaluating: -44.9811318-3.5
 Parameter: ZMIN <- "-48.4811318"
  
 CHARMM>     
  
 CHARMM>            define JUNK sele .not. target .and. -
 CHARMM>                             prop X .lt. @xmax .and. prop X .gt. @xmin .and. -
 CHARMM>                             prop Y .lt. @ymax .and. prop Y .gt. @ymin .and. -
 CHARMM>                             prop Z .lt. @zmax .and. prop Z .gt. @zmin  end
 Parameter: XMAX -> "-5.70319462"
 Parameter: XMIN -> "-12.7031946"
 Parameter: YMAX -> "3.10114376"
 Parameter: YMIN -> "-3.89885624"
 Parameter: ZMAX -> "-41.4811318"
 Parameter: ZMIN -> "-48.4811318"
 SELRPN>      0 atoms have been selected out of   8612
  
 CHARMM>     
  
 CHARMM>            ! check if the ions are too close to protein
  
 CHARMM>            define XXX sele PROT end
 SELRPN>      0 atoms have been selected out of   8612
  
 CHARMM>            if ?nsel .gt. 0 then
 RDCMND substituted energy or value "?NSEL" to "0"
 Comparing "0" and "0".
 IF test evaluated as false.  Skip to ELSE or ENDIF
  
 CHARMM>     
  
 CHARMM>            ! check if the ions are too close to solute
  
 CHARMM>            coor dist cut 4.0 sele target end sele JUNK .and. .not. hydrogen end image
 SELRPN>      1 atoms have been selected out of  16051
 SELRPN>      0 atoms have been selected out of  16051

            DISTANCES FOR SELECTED ATOMS
            ONLY ONE SELECTION SET SPECIFIED, A COMPARISON WILL BE DONE
 TOTAL EXCLUSION COUNT =         0
 TOTAL 1-4 EXCLUSIONS  =         0
 TOTAL NON-EXCLUSIONS  =         0
  
 CHARMM>            if ?npair .gt. 0 goto doinit
 RDCMND substituted energy or value "?NPAIR" to "0"
 Comparing "0" and "0".
 IF test evaluated as false.  Skipping command
  
 CHARMM>     
  
 CHARMM>            calc cntrand = 0
Evaluating: 0
 Parameter: CNTRAND <- "0"
  
 CHARMM>            increase i by 1
 Parameter: I <- "25"
  
 CHARMM>            if i .le. @nion goto doinit
 Parameter: NION -> "36"
 Comparing "25" and "36".
 IF test evaluated as true.  Performing command
  
 CHARMM>     
  
 CHARMM>            calc cntrand = @cntrand + 1
 Parameter: CNTRAND -> "0"
Evaluating: 0+1
 Parameter: CNTRAND <- "1"
  
 CHARMM>            if cntrand .gt. 100 stop ! ABNORMAL TERMINATION: ion placing may not work.. stop here
 Comparing "1" and "100".
 IF test evaluated as false.  Skipping command
  
 CHARMM>     
  
 CHARMM>            calc j = @i
 Parameter: I -> "25"
Evaluating: 25
 Parameter: J <- "25"
  
 CHARMM>            set ion = POS
 Parameter: ION <- "POS"
  
 CHARMM>     
  
 CHARMM>            if j .gt. @npos then
 Parameter: NPOS -> "18"
 Comparing "25" and "18".
 IF test evaluated as true.  Performing command
  
 CHARMM>               set ion = NEG
 Parameter: ION <- "NEG"
  
 CHARMM>               calc j  = @j - @npos
 Parameter: J -> "25"
 Parameter: NPOS -> "18"
Evaluating: 25-18
 Parameter: J <- "7"
  
 CHARMM>            endif
  
 CHARMM>     
  
 CHARMM>            define target select segid @ion .and. resid @j end
 Parameter: ION -> "NEG"
 Parameter: J -> "7"
 SELRPN>      1 atoms have been selected out of   8612
  
 CHARMM>     
  
 CHARMM>            calc xpos = @A * ( ?random - 0.5 )
 Parameter: A -> "46.7504011"
 RDCMND substituted energy or value "?RANDOM" to "0.579967445"
Evaluating: 46.7504011*(0.579967445-0.5)
 Parameter: XPOS <- "3.73851013"
  
 CHARMM>            calc ypos = @B * ( ?random - 0.5 )
 Parameter: B -> "46.7504011"
 RDCMND substituted energy or value "?RANDOM" to "0.696368715"
Evaluating: 46.7504011*(0.696368715-0.5)
 Parameter: YPOS <- "9.18031619"
  
 CHARMM>            calc zpos = @C * ( ?random - 0.5 ) + @zcen
 Parameter: C -> "145"
 Parameter: ZCEN -> "0"
 RDCMND substituted energy or value "?RANDOM" to "0.308420922"
Evaluating: 145*(0.308420922-0.5)+0
 Parameter: ZPOS <- "-27.7789663"
  
 CHARMM>     
  
 CHARMM>            if zpos .gt. -15 if zpos .lt. 15 goto doinit
 Comparing "-27.7789663" and "-15".
 IF test evaluated as false.  Skipping command
  
 CHARMM>     
  
 CHARMM>            ! move target to selected position
  
 CHARMM>            coor stat select target end
 SELRPN>      1 atoms have been selected out of   8612
 STATISTICS FOR         1 SELECTED ATOMS:
    XMIN =    0.000000 XMAX =    0.000000 XAVE =    0.000000
    YMIN =    0.000000 YMAX =    0.000000 YAVE =    0.000000
    ZMIN =    0.000000 ZMAX =    0.000000 ZAVE =    0.000000
    WMIN =   -1.000000 WMAX =   -1.000000 WAVE =   -1.000000
  
 CHARMM>            calc xtran = @xpos - ?xave
 Parameter: XPOS -> "3.73851013"
 RDCMND substituted energy or value "?XAVE" to "0"
Evaluating: 3.73851013-0
 Parameter: XTRAN <- "3.73851013"
  
 CHARMM>            calc ytran = @ypos - ?yave
 Parameter: YPOS -> "9.18031619"
 RDCMND substituted energy or value "?YAVE" to "0"
Evaluating: 9.18031619-0
 Parameter: YTRAN <- "9.18031619"
  
 CHARMM>            calc ztran = @zpos - ?zave
 Parameter: ZPOS -> "-27.7789663"
 RDCMND substituted energy or value "?ZAVE" to "0"
Evaluating: -27.7789663-0
 Parameter: ZTRAN <- "-27.7789663"
  
 CHARMM>            coor trans xdir @xtran ydir @ytran zdir @ztran select target end
 Parameter: XTRAN -> "3.73851013"
 Parameter: YTRAN -> "9.18031619"
 Parameter: ZTRAN -> "-27.7789663"
 SELRPN>      1 atoms have been selected out of   8612
 TRANSLATION VECTOR     3.738510    9.180316  -27.778966
 SELECTED COORDINATES TRANSLATED IN THE MAIN SET.

  
 CHARMM>     
  
 CHARMM>            ! apply a random rotation along XYZ
  
 CHARMM>            calc xphi = ?random * 360.0
 RDCMND substituted energy or value "?RANDOM" to "0.928489809"
Evaluating: 0.928489809*360.0
 Parameter: XPHI <- "334.256331"
  
 CHARMM>            calc yphi = ?random * 360.0
 RDCMND substituted energy or value "?RANDOM" to "0.751721021"
Evaluating: 0.751721021*360.0
 Parameter: YPHI <- "270.619568"
  
 CHARMM>            calc zphi = ?random * 360.0
 RDCMND substituted energy or value "?RANDOM" to "0.338993139"
Evaluating: 0.338993139*360.0
 Parameter: ZPHI <- "122.03753"
  
 CHARMM>            coor rotate xcen @xpos ycen @ypos zcen @zpos xdir 1.0 -
 CHARMM>                phi @xphi select target end
 Parameter: XPOS -> "3.73851013"
 Parameter: YPOS -> "9.18031619"
 Parameter: ZPOS -> "-27.7789663"
 Parameter: XPHI -> "334.256331"
 SELRPN>      1 atoms have been selected out of   8612
 ROTATION MATRIX
    1.000000    0.000000    0.000000
    0.000000    0.900746   -0.434346
    0.000000    0.434346    0.900746

 AXIS OF ROTATION IS -1.000000  0.000000  0.000000  ANGLE IS   25.74

 SELECTED COORDINATES ROTATED IN THE MAIN SET.

  
 CHARMM>            coor rotate xcen @xpos ycen @ypos zcen @zpos ydir 1.0 -
 CHARMM>                phi @yphi select target end
 Parameter: XPOS -> "3.73851013"
 Parameter: YPOS -> "9.18031619"
 Parameter: ZPOS -> "-27.7789663"
 Parameter: YPHI -> "270.619568"
 SELRPN>      1 atoms have been selected out of   8612
 ROTATION MATRIX
    0.010813    0.000000    0.999942
    0.000000    1.000000    0.000000
   -0.999942    0.000000    0.010813

 AXIS OF ROTATION IS  0.000000 -1.000000  0.000000  ANGLE IS   89.38

 SELECTED COORDINATES ROTATED IN THE MAIN SET.

  
 CHARMM>            coor rotate xcen @xpos ycen @ypos zcen @zpos zdir 1.0 -
 CHARMM>                phi @zphi select target end
 Parameter: XPOS -> "3.73851013"
 Parameter: YPOS -> "9.18031619"
 Parameter: ZPOS -> "-27.7789663"
 Parameter: ZPHI -> "122.03753"
 SELRPN>      1 atoms have been selected out of   8612
 ROTATION MATRIX
   -0.530475    0.847701    0.000000
   -0.847701   -0.530475    0.000000
    0.000000    0.000000    1.000000

 AXIS OF ROTATION IS  0.000000  0.000000  1.000000  ANGLE IS  122.04

 SELECTED COORDINATES ROTATED IN THE MAIN SET.

  
 CHARMM>     
  
 CHARMM>     
  
 CHARMM>            calc dcut = 3.5
Evaluating: 3.5
 Parameter: DCUT <- "3.5"
  
 CHARMM>     
  
 CHARMM>            coor stat sele target end
 SELRPN>      1 atoms have been selected out of   8612
 STATISTICS FOR         1 SELECTED ATOMS:
    XMIN =    3.738510 XMAX =    3.738510 XAVE =    3.738510
    YMIN =    9.180316 YMAX =    9.180316 YAVE =    9.180316
    ZMIN =  -27.778966 ZMAX =  -27.778966 ZAVE =  -27.778966
    WMIN =   -1.000000 WMAX =   -1.000000 WAVE =   -1.000000
  
 CHARMM>            calc xmax = ?xmax + @dcut
 Parameter: DCUT -> "3.5"
 RDCMND substituted energy or value "?XMAX" to "3.73851013"
Evaluating: 3.73851013+3.5
 Parameter: XMAX <- "7.23851013"
  
 CHARMM>            calc ymax = ?ymax + @dcut
 Parameter: DCUT -> "3.5"
 RDCMND substituted energy or value "?YMAX" to "9.18031619"
Evaluating: 9.18031619+3.5
 Parameter: YMAX <- "12.6803162"
  
 CHARMM>            calc zmax = ?zmax + @dcut
 Parameter: DCUT -> "3.5"
 RDCMND substituted energy or value "?ZMAX" to "-27.7789663"
Evaluating: -27.7789663+3.5
 Parameter: ZMAX <- "-24.2789663"
  
 CHARMM>            calc xmin = ?xmin - @dcut
 Parameter: DCUT -> "3.5"
 RDCMND substituted energy or value "?XMIN" to "3.73851013"
Evaluating: 3.73851013-3.5
 Parameter: XMIN <- "0.23851013"
  
 CHARMM>            calc ymin = ?ymin - @dcut
 Parameter: DCUT -> "3.5"
 RDCMND substituted energy or value "?YMIN" to "9.18031619"
Evaluating: 9.18031619-3.5
 Parameter: YMIN <- "5.68031619"
  
 CHARMM>            calc zmin = ?zmin - @dcut
 Parameter: DCUT -> "3.5"
 RDCMND substituted energy or value "?ZMIN" to "-27.7789663"
Evaluating: -27.7789663-3.5
 Parameter: ZMIN <- "-31.2789663"
  
 CHARMM>     
  
 CHARMM>            define JUNK sele .not. target .and. -
 CHARMM>                             prop X .lt. @xmax .and. prop X .gt. @xmin .and. -
 CHARMM>                             prop Y .lt. @ymax .and. prop Y .gt. @ymin .and. -
 CHARMM>                             prop Z .lt. @zmax .and. prop Z .gt. @zmin  end
 Parameter: XMAX -> "7.23851013"
 Parameter: XMIN -> "0.23851013"
 Parameter: YMAX -> "12.6803162"
 Parameter: YMIN -> "5.68031619"
 Parameter: ZMAX -> "-24.2789663"
 Parameter: ZMIN -> "-31.2789663"
 SELRPN>      0 atoms have been selected out of   8612
  
 CHARMM>     
  
 CHARMM>            ! check if the ions are too close to protein
  
 CHARMM>            define XXX sele PROT end
 SELRPN>      0 atoms have been selected out of   8612
  
 CHARMM>            if ?nsel .gt. 0 then
 RDCMND substituted energy or value "?NSEL" to "0"
 Comparing "0" and "0".
 IF test evaluated as false.  Skip to ELSE or ENDIF
  
 CHARMM>     
  
 CHARMM>            ! check if the ions are too close to solute
  
 CHARMM>            coor dist cut 4.0 sele target end sele JUNK .and. .not. hydrogen end image
 SELRPN>      1 atoms have been selected out of  16051
 SELRPN>      0 atoms have been selected out of  16051

            DISTANCES FOR SELECTED ATOMS
            ONLY ONE SELECTION SET SPECIFIED, A COMPARISON WILL BE DONE
 TOTAL EXCLUSION COUNT =         0
 TOTAL 1-4 EXCLUSIONS  =         0
 TOTAL NON-EXCLUSIONS  =         0
  
 CHARMM>            if ?npair .gt. 0 goto doinit
 RDCMND substituted energy or value "?NPAIR" to "0"
 Comparing "0" and "0".
 IF test evaluated as false.  Skipping command
  
 CHARMM>     
  
 CHARMM>            calc cntrand = 0
Evaluating: 0
 Parameter: CNTRAND <- "0"
  
 CHARMM>            increase i by 1
 Parameter: I <- "26"
  
 CHARMM>            if i .le. @nion goto doinit
 Parameter: NION -> "36"
 Comparing "26" and "36".
 IF test evaluated as true.  Performing command
  
 CHARMM>     
  
 CHARMM>            calc cntrand = @cntrand + 1
 Parameter: CNTRAND -> "0"
Evaluating: 0+1
 Parameter: CNTRAND <- "1"
  
 CHARMM>            if cntrand .gt. 100 stop ! ABNORMAL TERMINATION: ion placing may not work.. stop here
 Comparing "1" and "100".
 IF test evaluated as false.  Skipping command
  
 CHARMM>     
  
 CHARMM>            calc j = @i
 Parameter: I -> "26"
Evaluating: 26
 Parameter: J <- "26"
  
 CHARMM>            set ion = POS
 Parameter: ION <- "POS"
  
 CHARMM>     
  
 CHARMM>            if j .gt. @npos then
 Parameter: NPOS -> "18"
 Comparing "26" and "18".
 IF test evaluated as true.  Performing command
  
 CHARMM>               set ion = NEG
 Parameter: ION <- "NEG"
  
 CHARMM>               calc j  = @j - @npos
 Parameter: J -> "26"
 Parameter: NPOS -> "18"
Evaluating: 26-18
 Parameter: J <- "8"
  
 CHARMM>            endif
  
 CHARMM>     
  
 CHARMM>            define target select segid @ion .and. resid @j end
 Parameter: ION -> "NEG"
 Parameter: J -> "8"
 SELRPN>      1 atoms have been selected out of   8612
  
 CHARMM>     
  
 CHARMM>            calc xpos = @A * ( ?random - 0.5 )
 Parameter: A -> "46.7504011"
 RDCMND substituted energy or value "?RANDOM" to "0.905219831"
Evaluating: 46.7504011*(0.905219831-0.5)
 Parameter: XPOS <- "18.9441896"
  
 CHARMM>            calc ypos = @B * ( ?random - 0.5 )
 Parameter: B -> "46.7504011"
 RDCMND substituted energy or value "?RANDOM" to "0.757482949"
Evaluating: 46.7504011*(0.757482949-0.5)
 Parameter: YPOS <- "12.0374311"
  
 CHARMM>            calc zpos = @C * ( ?random - 0.5 ) + @zcen
 Parameter: C -> "145"
 Parameter: ZCEN -> "0"
 RDCMND substituted energy or value "?RANDOM" to "0.914744542"
Evaluating: 145*(0.914744542-0.5)+0
 Parameter: ZPOS <- "60.1379586"
  
 CHARMM>     
  
 CHARMM>            if zpos .gt. -15 if zpos .lt. 15 goto doinit
 Comparing "60.1379586" and "-15".
 IF test evaluated as true.  Performing command
 Comparing "60.1379586" and "15".
 IF test evaluated as false.  Skipping command
  
 CHARMM>     
  
 CHARMM>            ! move target to selected position
  
 CHARMM>            coor stat select target end
 SELRPN>      1 atoms have been selected out of   8612
 STATISTICS FOR         1 SELECTED ATOMS:
    XMIN =    0.000000 XMAX =    0.000000 XAVE =    0.000000
    YMIN =    0.000000 YMAX =    0.000000 YAVE =    0.000000
    ZMIN =    0.000000 ZMAX =    0.000000 ZAVE =    0.000000
    WMIN =   -1.000000 WMAX =   -1.000000 WAVE =   -1.000000
  
 CHARMM>            calc xtran = @xpos - ?xave
 Parameter: XPOS -> "18.9441896"
 RDCMND substituted energy or value "?XAVE" to "0"
Evaluating: 18.9441896-0
 Parameter: XTRAN <- "18.9441896"
  
 CHARMM>            calc ytran = @ypos - ?yave
 Parameter: YPOS -> "12.0374311"
 RDCMND substituted energy or value "?YAVE" to "0"
Evaluating: 12.0374311-0
 Parameter: YTRAN <- "12.0374311"
  
 CHARMM>            calc ztran = @zpos - ?zave
 Parameter: ZPOS -> "60.1379586"
 RDCMND substituted energy or value "?ZAVE" to "0"
Evaluating: 60.1379586-0
 Parameter: ZTRAN <- "60.1379586"
  
 CHARMM>            coor trans xdir @xtran ydir @ytran zdir @ztran select target end
 Parameter: XTRAN -> "18.9441896"
 Parameter: YTRAN -> "12.0374311"
 Parameter: ZTRAN -> "60.1379586"
 SELRPN>      1 atoms have been selected out of   8612
 TRANSLATION VECTOR    18.944190   12.037431   60.137959
 SELECTED COORDINATES TRANSLATED IN THE MAIN SET.

  
 CHARMM>     
  
 CHARMM>            ! apply a random rotation along XYZ
  
 CHARMM>            calc xphi = ?random * 360.0
 RDCMND substituted energy or value "?RANDOM" to "0.937547521"
Evaluating: 0.937547521*360.0
 Parameter: XPHI <- "337.517108"
  
 CHARMM>            calc yphi = ?random * 360.0
 RDCMND substituted energy or value "?RANDOM" to "0.121910379"
Evaluating: 0.121910379*360.0
 Parameter: YPHI <- "43.8877364"
  
 CHARMM>            calc zphi = ?random * 360.0
 RDCMND substituted energy or value "?RANDOM" to "0.756043203"
Evaluating: 0.756043203*360.0
 Parameter: ZPHI <- "272.175553"
  
 CHARMM>            coor rotate xcen @xpos ycen @ypos zcen @zpos xdir 1.0 -
 CHARMM>                phi @xphi select target end
 Parameter: XPOS -> "18.9441896"
 Parameter: YPOS -> "12.0374311"
 Parameter: ZPOS -> "60.1379586"
 Parameter: XPHI -> "337.517108"
 SELRPN>      1 atoms have been selected out of   8612
 ROTATION MATRIX
    1.000000    0.000000    0.000000
    0.000000    0.923994   -0.382408
    0.000000    0.382408    0.923994

 AXIS OF ROTATION IS -1.000000  0.000000  0.000000  ANGLE IS   22.48

 SELECTED COORDINATES ROTATED IN THE MAIN SET.

  
 CHARMM>            coor rotate xcen @xpos ycen @ypos zcen @zpos ydir 1.0 -
 CHARMM>                phi @yphi select target end
 Parameter: XPOS -> "18.9441896"
 Parameter: YPOS -> "12.0374311"
 Parameter: ZPOS -> "60.1379586"
 Parameter: YPHI -> "43.8877364"
 SELRPN>      1 atoms have been selected out of   8612
 ROTATION MATRIX
    0.720700    0.000000   -0.693248
    0.000000    1.000000    0.000000
    0.693248    0.000000    0.720700

 AXIS OF ROTATION IS  0.000000  1.000000  0.000000  ANGLE IS   43.89

 SELECTED COORDINATES ROTATED IN THE MAIN SET.

  
 CHARMM>            coor rotate xcen @xpos ycen @ypos zcen @zpos zdir 1.0 -
 CHARMM>                phi @zphi select target end
 Parameter: XPOS -> "18.9441896"
 Parameter: YPOS -> "12.0374311"
 Parameter: ZPOS -> "60.1379586"
 Parameter: ZPHI -> "272.175553"
 SELRPN>      1 atoms have been selected out of   8612
 ROTATION MATRIX
    0.037961   -0.999279    0.000000
    0.999279    0.037961    0.000000
    0.000000    0.000000    1.000000

 AXIS OF ROTATION IS  0.000000  0.000000 -1.000000  ANGLE IS   87.82

 SELECTED COORDINATES ROTATED IN THE MAIN SET.

  
 CHARMM>     
  
 CHARMM>     
  
 CHARMM>            calc dcut = 3.5
Evaluating: 3.5
 Parameter: DCUT <- "3.5"
  
 CHARMM>     
  
 CHARMM>            coor stat sele target end
 SELRPN>      1 atoms have been selected out of   8612
 STATISTICS FOR         1 SELECTED ATOMS:
    XMIN =   18.944190 XMAX =   18.944190 XAVE =   18.944190
    YMIN =   12.037431 YMAX =   12.037431 YAVE =   12.037431
    ZMIN =   60.137959 ZMAX =   60.137959 ZAVE =   60.137959
    WMIN =   -1.000000 WMAX =   -1.000000 WAVE =   -1.000000
  
 CHARMM>            calc xmax = ?xmax + @dcut
 Parameter: DCUT -> "3.5"
 RDCMND substituted energy or value "?XMAX" to "18.9441896"
Evaluating: 18.9441896+3.5
 Parameter: XMAX <- "22.4441896"
  
 CHARMM>            calc ymax = ?ymax + @dcut
 Parameter: DCUT -> "3.5"
 RDCMND substituted energy or value "?YMAX" to "12.0374311"
Evaluating: 12.0374311+3.5
 Parameter: YMAX <- "15.5374311"
  
 CHARMM>            calc zmax = ?zmax + @dcut
 Parameter: DCUT -> "3.5"
 RDCMND substituted energy or value "?ZMAX" to "60.1379586"
Evaluating: 60.1379586+3.5
 Parameter: ZMAX <- "63.6379586"
  
 CHARMM>            calc xmin = ?xmin - @dcut
 Parameter: DCUT -> "3.5"
 RDCMND substituted energy or value "?XMIN" to "18.9441896"
Evaluating: 18.9441896-3.5
 Parameter: XMIN <- "15.4441896"
  
 CHARMM>            calc ymin = ?ymin - @dcut
 Parameter: DCUT -> "3.5"
 RDCMND substituted energy or value "?YMIN" to "12.0374311"
Evaluating: 12.0374311-3.5
 Parameter: YMIN <- "8.5374311"
  
 CHARMM>            calc zmin = ?zmin - @dcut
 Parameter: DCUT -> "3.5"
 RDCMND substituted energy or value "?ZMIN" to "60.1379586"
Evaluating: 60.1379586-3.5
 Parameter: ZMIN <- "56.6379586"
  
 CHARMM>     
  
 CHARMM>            define JUNK sele .not. target .and. -
 CHARMM>                             prop X .lt. @xmax .and. prop X .gt. @xmin .and. -
 CHARMM>                             prop Y .lt. @ymax .and. prop Y .gt. @ymin .and. -
 CHARMM>                             prop Z .lt. @zmax .and. prop Z .gt. @zmin  end
 Parameter: XMAX -> "22.4441896"
 Parameter: XMIN -> "15.4441896"
 Parameter: YMAX -> "15.5374311"
 Parameter: YMIN -> "8.5374311"
 Parameter: ZMAX -> "63.6379586"
 Parameter: ZMIN -> "56.6379586"
 SELRPN>      0 atoms have been selected out of   8612
  
 CHARMM>     
  
 CHARMM>            ! check if the ions are too close to protein
  
 CHARMM>            define XXX sele PROT end
 SELRPN>      0 atoms have been selected out of   8612
  
 CHARMM>            if ?nsel .gt. 0 then
 RDCMND substituted energy or value "?NSEL" to "0"
 Comparing "0" and "0".
 IF test evaluated as false.  Skip to ELSE or ENDIF
  
 CHARMM>     
  
 CHARMM>            ! check if the ions are too close to solute
  
 CHARMM>            coor dist cut 4.0 sele target end sele JUNK .and. .not. hydrogen end image
 SELRPN>      1 atoms have been selected out of  16051
 SELRPN>      0 atoms have been selected out of  16051

            DISTANCES FOR SELECTED ATOMS
            ONLY ONE SELECTION SET SPECIFIED, A COMPARISON WILL BE DONE
 TOTAL EXCLUSION COUNT =         0
 TOTAL 1-4 EXCLUSIONS  =         0
 TOTAL NON-EXCLUSIONS  =         0
  
 CHARMM>            if ?npair .gt. 0 goto doinit
 RDCMND substituted energy or value "?NPAIR" to "0"
 Comparing "0" and "0".
 IF test evaluated as false.  Skipping command
  
 CHARMM>     
  
 CHARMM>            calc cntrand = 0
Evaluating: 0
 Parameter: CNTRAND <- "0"
  
 CHARMM>            increase i by 1
 Parameter: I <- "27"
  
 CHARMM>            if i .le. @nion goto doinit
 Parameter: NION -> "36"
 Comparing "27" and "36".
 IF test evaluated as true.  Performing command
  
 CHARMM>     
  
 CHARMM>            calc cntrand = @cntrand + 1
 Parameter: CNTRAND -> "0"
Evaluating: 0+1
 Parameter: CNTRAND <- "1"
  
 CHARMM>            if cntrand .gt. 100 stop ! ABNORMAL TERMINATION: ion placing may not work.. stop here
 Comparing "1" and "100".
 IF test evaluated as false.  Skipping command
  
 CHARMM>     
  
 CHARMM>            calc j = @i
 Parameter: I -> "27"
Evaluating: 27
 Parameter: J <- "27"
  
 CHARMM>            set ion = POS
 Parameter: ION <- "POS"
  
 CHARMM>     
  
 CHARMM>            if j .gt. @npos then
 Parameter: NPOS -> "18"
 Comparing "27" and "18".
 IF test evaluated as true.  Performing command
  
 CHARMM>               set ion = NEG
 Parameter: ION <- "NEG"
  
 CHARMM>               calc j  = @j - @npos
 Parameter: J -> "27"
 Parameter: NPOS -> "18"
Evaluating: 27-18
 Parameter: J <- "9"
  
 CHARMM>            endif
  
 CHARMM>     
  
 CHARMM>            define target select segid @ion .and. resid @j end
 Parameter: ION -> "NEG"
 Parameter: J -> "9"
 SELRPN>      1 atoms have been selected out of   8612
  
 CHARMM>     
  
 CHARMM>            calc xpos = @A * ( ?random - 0.5 )
 Parameter: A -> "46.7504011"
 RDCMND substituted energy or value "?RANDOM" to "0.70380089"
Evaluating: 46.7504011*(0.70380089-0.5)
 Parameter: XPOS <- "9.52777335"
  
 CHARMM>            calc ypos = @B * ( ?random - 0.5 )
 Parameter: B -> "46.7504011"
 RDCMND substituted energy or value "?RANDOM" to "3.746516088E-02"
Evaluating: 46.7504011*(3.746516088E-02-0.5)
 Parameter: YPOS <- "-21.6236893"
  
 CHARMM>            calc zpos = @C * ( ?random - 0.5 ) + @zcen
 Parameter: C -> "145"
 Parameter: ZCEN -> "0"
 RDCMND substituted energy or value "?RANDOM" to "0.35770255"
Evaluating: 145*(0.35770255-0.5)+0
 Parameter: ZPOS <- "-20.6331302"
  
 CHARMM>     
  
 CHARMM>            if zpos .gt. -15 if zpos .lt. 15 goto doinit
 Comparing "-20.6331302" and "-15".
 IF test evaluated as false.  Skipping command
  
 CHARMM>     
  
 CHARMM>            ! move target to selected position
  
 CHARMM>            coor stat select target end
 SELRPN>      1 atoms have been selected out of   8612
 STATISTICS FOR         1 SELECTED ATOMS:
    XMIN =    0.000000 XMAX =    0.000000 XAVE =    0.000000
    YMIN =    0.000000 YMAX =    0.000000 YAVE =    0.000000
    ZMIN =    0.000000 ZMAX =    0.000000 ZAVE =    0.000000
    WMIN =   -1.000000 WMAX =   -1.000000 WAVE =   -1.000000
  
 CHARMM>            calc xtran = @xpos - ?xave
 Parameter: XPOS -> "9.52777335"
 RDCMND substituted energy or value "?XAVE" to "0"
Evaluating: 9.52777335-0
 Parameter: XTRAN <- "9.52777335"
  
 CHARMM>            calc ytran = @ypos - ?yave
 Parameter: YPOS -> "-21.6236893"
 RDCMND substituted energy or value "?YAVE" to "0"
Evaluating: -21.6236893-0
 Parameter: YTRAN <- "-21.6236893"
  
 CHARMM>            calc ztran = @zpos - ?zave
 Parameter: ZPOS -> "-20.6331302"
 RDCMND substituted energy or value "?ZAVE" to "0"
Evaluating: -20.6331302-0
 Parameter: ZTRAN <- "-20.6331302"
  
 CHARMM>            coor trans xdir @xtran ydir @ytran zdir @ztran select target end
 Parameter: XTRAN -> "9.52777335"
 Parameter: YTRAN -> "-21.6236893"
 Parameter: ZTRAN -> "-20.6331302"
 SELRPN>      1 atoms have been selected out of   8612
 TRANSLATION VECTOR     9.527773  -21.623689  -20.633130
 SELECTED COORDINATES TRANSLATED IN THE MAIN SET.

  
 CHARMM>     
  
 CHARMM>            ! apply a random rotation along XYZ
  
 CHARMM>            calc xphi = ?random * 360.0
 RDCMND substituted energy or value "?RANDOM" to "4.229379331E-02"
Evaluating: 4.229379331E-02*360.0
 Parameter: XPHI <- "15.2257656"
  
 CHARMM>            calc yphi = ?random * 360.0
 RDCMND substituted energy or value "?RANDOM" to "0.949035351"
Evaluating: 0.949035351*360.0
 Parameter: YPHI <- "341.652726"
  
 CHARMM>            calc zphi = ?random * 360.0
 RDCMND substituted energy or value "?RANDOM" to "0.24347621"
Evaluating: 0.24347621*360.0
 Parameter: ZPHI <- "87.6514356"
  
 CHARMM>            coor rotate xcen @xpos ycen @ypos zcen @zpos xdir 1.0 -
 CHARMM>                phi @xphi select target end
 Parameter: XPOS -> "9.52777335"
 Parameter: YPOS -> "-21.6236893"
 Parameter: ZPOS -> "-20.6331302"
 Parameter: XPHI -> "15.2257656"
 SELRPN>      1 atoms have been selected out of   8612
 ROTATION MATRIX
    1.000000    0.000000    0.000000
    0.000000    0.964898    0.262623
    0.000000   -0.262623    0.964898

 AXIS OF ROTATION IS  1.000000  0.000000  0.000000  ANGLE IS   15.23

 SELECTED COORDINATES ROTATED IN THE MAIN SET.

  
 CHARMM>            coor rotate xcen @xpos ycen @ypos zcen @zpos ydir 1.0 -
 CHARMM>                phi @yphi select target end
 Parameter: XPOS -> "9.52777335"
 Parameter: YPOS -> "-21.6236893"
 Parameter: ZPOS -> "-20.6331302"
 Parameter: YPHI -> "341.652726"
 SELRPN>      1 atoms have been selected out of   8612
 ROTATION MATRIX
    0.949166    0.000000    0.314776
    0.000000    1.000000    0.000000
   -0.314776    0.000000    0.949166

 AXIS OF ROTATION IS  0.000000 -1.000000  0.000000  ANGLE IS   18.35

 SELECTED COORDINATES ROTATED IN THE MAIN SET.

  
 CHARMM>            coor rotate xcen @xpos ycen @ypos zcen @zpos zdir 1.0 -
 CHARMM>                phi @zphi select target end
 Parameter: XPOS -> "9.52777335"
 Parameter: YPOS -> "-21.6236893"
 Parameter: ZPOS -> "-20.6331302"
 Parameter: ZPHI -> "87.6514356"
 SELRPN>      1 atoms have been selected out of   8612
 ROTATION MATRIX
    0.040979    0.999160    0.000000
   -0.999160    0.040979    0.000000
    0.000000    0.000000    1.000000

 AXIS OF ROTATION IS  0.000000  0.000000  1.000000  ANGLE IS   87.65

 SELECTED COORDINATES ROTATED IN THE MAIN SET.

  
 CHARMM>     
  
 CHARMM>     
  
 CHARMM>            calc dcut = 3.5
Evaluating: 3.5
 Parameter: DCUT <- "3.5"
  
 CHARMM>     
  
 CHARMM>            coor stat sele target end
 SELRPN>      1 atoms have been selected out of   8612
 STATISTICS FOR         1 SELECTED ATOMS:
    XMIN =    9.527773 XMAX =    9.527773 XAVE =    9.527773
    YMIN =  -21.623689 YMAX =  -21.623689 YAVE =  -21.623689
    ZMIN =  -20.633130 ZMAX =  -20.633130 ZAVE =  -20.633130
    WMIN =   -1.000000 WMAX =   -1.000000 WAVE =   -1.000000
  
 CHARMM>            calc xmax = ?xmax + @dcut
 Parameter: DCUT -> "3.5"
 RDCMND substituted energy or value "?XMAX" to "9.52777335"
Evaluating: 9.52777335+3.5
 Parameter: XMAX <- "13.0277734"
  
 CHARMM>            calc ymax = ?ymax + @dcut
 Parameter: DCUT -> "3.5"
 RDCMND substituted energy or value "?YMAX" to "-21.6236893"
Evaluating: -21.6236893+3.5
 Parameter: YMAX <- "-18.1236893"
  
 CHARMM>            calc zmax = ?zmax + @dcut
 Parameter: DCUT -> "3.5"
 RDCMND substituted energy or value "?ZMAX" to "-20.6331302"
Evaluating: -20.6331302+3.5
 Parameter: ZMAX <- "-17.1331302"
  
 CHARMM>            calc xmin = ?xmin - @dcut
 Parameter: DCUT -> "3.5"
 RDCMND substituted energy or value "?XMIN" to "9.52777335"
Evaluating: 9.52777335-3.5
 Parameter: XMIN <- "6.02777335"
  
 CHARMM>            calc ymin = ?ymin - @dcut
 Parameter: DCUT -> "3.5"
 RDCMND substituted energy or value "?YMIN" to "-21.6236893"
Evaluating: -21.6236893-3.5
 Parameter: YMIN <- "-25.1236893"
  
 CHARMM>            calc zmin = ?zmin - @dcut
 Parameter: DCUT -> "3.5"
 RDCMND substituted energy or value "?ZMIN" to "-20.6331302"
Evaluating: -20.6331302-3.5
 Parameter: ZMIN <- "-24.1331302"
  
 CHARMM>     
  
 CHARMM>            define JUNK sele .not. target .and. -
 CHARMM>                             prop X .lt. @xmax .and. prop X .gt. @xmin .and. -
 CHARMM>                             prop Y .lt. @ymax .and. prop Y .gt. @ymin .and. -
 CHARMM>                             prop Z .lt. @zmax .and. prop Z .gt. @zmin  end
 Parameter: XMAX -> "13.0277734"
 Parameter: XMIN -> "6.02777335"
 Parameter: YMAX -> "-18.1236893"
 Parameter: YMIN -> "-25.1236893"
 Parameter: ZMAX -> "-17.1331302"
 Parameter: ZMIN -> "-24.1331302"
 SELRPN>     23 atoms have been selected out of   8612
  
 CHARMM>     
  
 CHARMM>            ! check if the ions are too close to protein
  
 CHARMM>            define XXX sele PROT end
 SELRPN>      0 atoms have been selected out of   8612
  
 CHARMM>            if ?nsel .gt. 0 then
 RDCMND substituted energy or value "?NSEL" to "0"
 Comparing "0" and "0".
 IF test evaluated as false.  Skip to ELSE or ENDIF
  
 CHARMM>     
  
 CHARMM>            ! check if the ions are too close to solute
  
 CHARMM>            coor dist cut 4.0 sele target end sele JUNK .and. .not. hydrogen end image
 SELRPN>      1 atoms have been selected out of  16051
 SELRPN>     10 atoms have been selected out of  16051

            DISTANCES FOR SELECTED ATOMS
 8603 NEG      CLA      9        CLA     -6856 MEMB     POPC     52       O14           3.7492
 8603 NEG      CLA      9        CLA     -7907 MEMB     POPC     60       N             1.7275
 8603 NEG      CLA      9        CLA     -7908 MEMB     POPC     60       C12           1.6265
 8603 NEG      CLA      9        CLA     -7911 MEMB     POPC     60       C13           2.7512
 8603 NEG      CLA      9        CLA     -7915 MEMB     POPC     60       C14           3.0109
 8603 NEG      CLA      9        CLA     -7919 MEMB     POPC     60       C15           1.4340
 8603 NEG      CLA      9        CLA     -7923 MEMB     POPC     60       C11           2.2399
 8603 NEG      CLA      9        CLA     -7926 MEMB     POPC     60       P             3.6108
 8603 NEG      CLA      9        CLA     -7929 MEMB     POPC     60       O12           2.2286
 TOTAL EXCLUSION COUNT =         0
 TOTAL 1-4 EXCLUSIONS  =         0
 TOTAL NON-EXCLUSIONS  =         9
  
 CHARMM>            if ?npair .gt. 0 goto doinit
 RDCMND substituted energy or value "?NPAIR" to "9"
 Comparing "9" and "0".
 IF test evaluated as true.  Performing command
  
 CHARMM>     
  
 CHARMM>            calc cntrand = @cntrand + 1
 Parameter: CNTRAND -> "1"
Evaluating: 1+1
 Parameter: CNTRAND <- "2"
  
 CHARMM>            if cntrand .gt. 100 stop ! ABNORMAL TERMINATION: ion placing may not work.. stop here
 Comparing "2" and "100".
 IF test evaluated as false.  Skipping command
  
 CHARMM>     
  
 CHARMM>            calc j = @i
 Parameter: I -> "27"
Evaluating: 27
 Parameter: J <- "27"
  
 CHARMM>            set ion = POS
 Parameter: ION <- "POS"
  
 CHARMM>     
  
 CHARMM>            if j .gt. @npos then
 Parameter: NPOS -> "18"
 Comparing "27" and "18".
 IF test evaluated as true.  Performing command
  
 CHARMM>               set ion = NEG
 Parameter: ION <- "NEG"
  
 CHARMM>               calc j  = @j - @npos
 Parameter: J -> "27"
 Parameter: NPOS -> "18"
Evaluating: 27-18
 Parameter: J <- "9"
  
 CHARMM>            endif
  
 CHARMM>     
  
 CHARMM>            define target select segid @ion .and. resid @j end
 Parameter: ION -> "NEG"
 Parameter: J -> "9"
 SELRPN>      1 atoms have been selected out of   8612
  
 CHARMM>     
  
 CHARMM>            calc xpos = @A * ( ?random - 0.5 )
 Parameter: A -> "46.7504011"
 RDCMND substituted energy or value "?RANDOM" to "3.96170271E-03"
Evaluating: 46.7504011*(3.96170271E-03-0.5)
 Parameter: XPOS <- "-23.1899894"
  
 CHARMM>            calc ypos = @B * ( ?random - 0.5 )
 Parameter: B -> "46.7504011"
 RDCMND substituted energy or value "?RANDOM" to "0.523431558"
Evaluating: 46.7504011*(0.523431558-0.5)
 Parameter: YPOS <- "1.09543473"
  
 CHARMM>            calc zpos = @C * ( ?random - 0.5 ) + @zcen
 Parameter: C -> "145"
 Parameter: ZCEN -> "0"
 RDCMND substituted energy or value "?RANDOM" to "0.470689432"
Evaluating: 145*(0.470689432-0.5)+0
 Parameter: ZPOS <- "-4.25003236"
  
 CHARMM>     
  
 CHARMM>            if zpos .gt. -15 if zpos .lt. 15 goto doinit
 Comparing "-4.25003236" and "-15".
 IF test evaluated as true.  Performing command
 Comparing "-4.25003236" and "15".
 IF test evaluated as true.  Performing command
  
 CHARMM>     
  
 CHARMM>            calc cntrand = @cntrand + 1
 Parameter: CNTRAND -> "2"
Evaluating: 2+1
 Parameter: CNTRAND <- "3"
  
 CHARMM>            if cntrand .gt. 100 stop ! ABNORMAL TERMINATION: ion placing may not work.. stop here
 Comparing "3" and "100".
 IF test evaluated as false.  Skipping command
  
 CHARMM>     
  
 CHARMM>            calc j = @i
 Parameter: I -> "27"
Evaluating: 27
 Parameter: J <- "27"
  
 CHARMM>            set ion = POS
 Parameter: ION <- "POS"
  
 CHARMM>     
  
 CHARMM>            if j .gt. @npos then
 Parameter: NPOS -> "18"
 Comparing "27" and "18".
 IF test evaluated as true.  Performing command
  
 CHARMM>               set ion = NEG
 Parameter: ION <- "NEG"
  
 CHARMM>               calc j  = @j - @npos
 Parameter: J -> "27"
 Parameter: NPOS -> "18"
Evaluating: 27-18
 Parameter: J <- "9"
  
 CHARMM>            endif
  
 CHARMM>     
  
 CHARMM>            define target select segid @ion .and. resid @j end
 Parameter: ION -> "NEG"
 Parameter: J -> "9"
 SELRPN>      1 atoms have been selected out of   8612
  
 CHARMM>     
  
 CHARMM>            calc xpos = @A * ( ?random - 0.5 )
 Parameter: A -> "46.7504011"
 RDCMND substituted energy or value "?RANDOM" to "0.555325617"
Evaluating: 46.7504011*(0.555325617-0.5)
 Parameter: XPOS <- "2.58649479"
  
 CHARMM>            calc ypos = @B * ( ?random - 0.5 )
 Parameter: B -> "46.7504011"
 RDCMND substituted energy or value "?RANDOM" to "0.556740561"
Evaluating: 46.7504011*(0.556740561-0.5)
 Parameter: YPOS <- "2.65264399"
  
 CHARMM>            calc zpos = @C * ( ?random - 0.5 ) + @zcen
 Parameter: C -> "145"
 Parameter: ZCEN -> "0"
 RDCMND substituted energy or value "?RANDOM" to "0.648358427"
Evaluating: 145*(0.648358427-0.5)+0
 Parameter: ZPOS <- "21.5119719"
  
 CHARMM>     
  
 CHARMM>            if zpos .gt. -15 if zpos .lt. 15 goto doinit
 Comparing "21.5119719" and "-15".
 IF test evaluated as true.  Performing command
 Comparing "21.5119719" and "15".
 IF test evaluated as false.  Skipping command
  
 CHARMM>     
  
 CHARMM>            ! move target to selected position
  
 CHARMM>            coor stat select target end
 SELRPN>      1 atoms have been selected out of   8612
 STATISTICS FOR         1 SELECTED ATOMS:
    XMIN =    9.527773 XMAX =    9.527773 XAVE =    9.527773
    YMIN =  -21.623689 YMAX =  -21.623689 YAVE =  -21.623689
    ZMIN =  -20.633130 ZMAX =  -20.633130 ZAVE =  -20.633130
    WMIN =   -1.000000 WMAX =   -1.000000 WAVE =   -1.000000
  
 CHARMM>            calc xtran = @xpos - ?xave
 Parameter: XPOS -> "2.58649479"
 RDCMND substituted energy or value "?XAVE" to "9.52777335"
Evaluating: 2.58649479-9.52777335
 Parameter: XTRAN <- "-6.94127856"
  
 CHARMM>            calc ytran = @ypos - ?yave
 Parameter: YPOS -> "2.65264399"
 RDCMND substituted energy or value "?YAVE" to "-21.6236893"
Evaluating: 2.65264399--21.6236893
 Parameter: YTRAN <- "24.2763333"
  
 CHARMM>            calc ztran = @zpos - ?zave
 Parameter: ZPOS -> "21.5119719"
 RDCMND substituted energy or value "?ZAVE" to "-20.6331302"
Evaluating: 21.5119719--20.6331302
 Parameter: ZTRAN <- "42.1451021"
  
 CHARMM>            coor trans xdir @xtran ydir @ytran zdir @ztran select target end
 Parameter: XTRAN -> "-6.94127856"
 Parameter: YTRAN -> "24.2763333"
 Parameter: ZTRAN -> "42.1451021"
 SELRPN>      1 atoms have been selected out of   8612
 TRANSLATION VECTOR    -6.941279   24.276333   42.145102
 SELECTED COORDINATES TRANSLATED IN THE MAIN SET.

  
 CHARMM>     
  
 CHARMM>            ! apply a random rotation along XYZ
  
 CHARMM>            calc xphi = ?random * 360.0
 RDCMND substituted energy or value "?RANDOM" to "0.626005492"
Evaluating: 0.626005492*360.0
 Parameter: XPHI <- "225.361977"
  
 CHARMM>            calc yphi = ?random * 360.0
 RDCMND substituted energy or value "?RANDOM" to "0.742567822"
Evaluating: 0.742567822*360.0
 Parameter: YPHI <- "267.324416"
  
 CHARMM>            calc zphi = ?random * 360.0
 RDCMND substituted energy or value "?RANDOM" to "0.84965058"
Evaluating: 0.84965058*360.0
 Parameter: ZPHI <- "305.874209"
  
 CHARMM>            coor rotate xcen @xpos ycen @ypos zcen @zpos xdir 1.0 -
 CHARMM>                phi @xphi select target end
 Parameter: XPOS -> "2.58649479"
 Parameter: YPOS -> "2.65264399"
 Parameter: ZPOS -> "21.5119719"
 Parameter: XPHI -> "225.361977"
 SELRPN>      1 atoms have been selected out of   8612
 ROTATION MATRIX
    1.000000    0.000000    0.000000
    0.000000   -0.702625   -0.711560
    0.000000    0.711560   -0.702625

 AXIS OF ROTATION IS -1.000000  0.000000  0.000000  ANGLE IS  134.64

 SELECTED COORDINATES ROTATED IN THE MAIN SET.

  
 CHARMM>            coor rotate xcen @xpos ycen @ypos zcen @zpos ydir 1.0 -
 CHARMM>                phi @yphi select target end
 Parameter: XPOS -> "2.58649479"
 Parameter: YPOS -> "2.65264399"
 Parameter: ZPOS -> "21.5119719"
 Parameter: YPHI -> "267.324416"
 SELRPN>      1 atoms have been selected out of   8612
 ROTATION MATRIX
   -0.046681    0.000000    0.998910
    0.000000    1.000000    0.000000
   -0.998910    0.000000   -0.046681

 AXIS OF ROTATION IS  0.000000 -1.000000  0.000000  ANGLE IS   92.68

 SELECTED COORDINATES ROTATED IN THE MAIN SET.

  
 CHARMM>            coor rotate xcen @xpos ycen @ypos zcen @zpos zdir 1.0 -
 CHARMM>                phi @zphi select target end
 Parameter: XPOS -> "2.58649479"
 Parameter: YPOS -> "2.65264399"
 Parameter: ZPOS -> "21.5119719"
 Parameter: ZPHI -> "305.874209"
 SELRPN>      1 atoms have been selected out of   8612
 ROTATION MATRIX
    0.586008   -0.810306    0.000000
    0.810306    0.586008    0.000000
    0.000000    0.000000    1.000000

 AXIS OF ROTATION IS  0.000000  0.000000 -1.000000  ANGLE IS   54.13

 SELECTED COORDINATES ROTATED IN THE MAIN SET.

  
 CHARMM>     
  
 CHARMM>     
  
 CHARMM>            calc dcut = 3.5
Evaluating: 3.5
 Parameter: DCUT <- "3.5"
  
 CHARMM>     
  
 CHARMM>            coor stat sele target end
 SELRPN>      1 atoms have been selected out of   8612
 STATISTICS FOR         1 SELECTED ATOMS:
    XMIN =    2.586495 XMAX =    2.586495 XAVE =    2.586495
    YMIN =    2.652644 YMAX =    2.652644 YAVE =    2.652644
    ZMIN =   21.511972 ZMAX =   21.511972 ZAVE =   21.511972
    WMIN =   -1.000000 WMAX =   -1.000000 WAVE =   -1.000000
  
 CHARMM>            calc xmax = ?xmax + @dcut
 Parameter: DCUT -> "3.5"
 RDCMND substituted energy or value "?XMAX" to "2.5864948"
Evaluating: 2.5864948+3.5
 Parameter: XMAX <- "6.0864948"
  
 CHARMM>            calc ymax = ?ymax + @dcut
 Parameter: DCUT -> "3.5"
 RDCMND substituted energy or value "?YMAX" to "2.65264399"
Evaluating: 2.65264399+3.5
 Parameter: YMAX <- "6.15264399"
  
 CHARMM>            calc zmax = ?zmax + @dcut
 Parameter: DCUT -> "3.5"
 RDCMND substituted energy or value "?ZMAX" to "21.5119719"
Evaluating: 21.5119719+3.5
 Parameter: ZMAX <- "25.0119719"
  
 CHARMM>            calc xmin = ?xmin - @dcut
 Parameter: DCUT -> "3.5"
 RDCMND substituted energy or value "?XMIN" to "2.5864948"
Evaluating: 2.5864948-3.5
 Parameter: XMIN <- "-0.9135052"
  
 CHARMM>            calc ymin = ?ymin - @dcut
 Parameter: DCUT -> "3.5"
 RDCMND substituted energy or value "?YMIN" to "2.65264399"
Evaluating: 2.65264399-3.5
 Parameter: YMIN <- "-0.84735601"
  
 CHARMM>            calc zmin = ?zmin - @dcut
 Parameter: DCUT -> "3.5"
 RDCMND substituted energy or value "?ZMIN" to "21.5119719"
Evaluating: 21.5119719-3.5
 Parameter: ZMIN <- "18.0119719"
  
 CHARMM>     
  
 CHARMM>            define JUNK sele .not. target .and. -
 CHARMM>                             prop X .lt. @xmax .and. prop X .gt. @xmin .and. -
 CHARMM>                             prop Y .lt. @ymax .and. prop Y .gt. @ymin .and. -
 CHARMM>                             prop Z .lt. @zmax .and. prop Z .gt. @zmin  end
 Parameter: XMAX -> "6.0864948"
 Parameter: XMIN -> "-0.9135052"
 Parameter: YMAX -> "6.15264399"
 Parameter: YMIN -> "-0.84735601"
 Parameter: ZMAX -> "25.0119719"
 Parameter: ZMIN -> "18.0119719"
 SELRPN>     13 atoms have been selected out of   8612
  
 CHARMM>     
  
 CHARMM>            ! check if the ions are too close to protein
  
 CHARMM>            define XXX sele PROT end
 SELRPN>      0 atoms have been selected out of   8612
  
 CHARMM>            if ?nsel .gt. 0 then
 RDCMND substituted energy or value "?NSEL" to "0"
 Comparing "0" and "0".
 IF test evaluated as false.  Skip to ELSE or ENDIF
  
 CHARMM>     
  
 CHARMM>            ! check if the ions are too close to solute
  
 CHARMM>            coor dist cut 4.0 sele target end sele JUNK .and. .not. hydrogen end image
 SELRPN>      1 atoms have been selected out of  16051
 SELRPN>      6 atoms have been selected out of  16051

            DISTANCES FOR SELECTED ATOMS
 8603 NEG      CLA      9        CLA     - 135 MEMB     POPC     2        N             3.4195
 8603 NEG      CLA      9        CLA     - 136 MEMB     POPC     2        C12           2.8116
 8603 NEG      CLA      9        CLA     - 139 MEMB     POPC     2        C13           2.8989
 8603 NEG      CLA      9        CLA     - 151 MEMB     POPC     2        C11           3.1580
 8603 NEG      CLA      9        CLA     - 157 MEMB     POPC     2        O12           2.7850
 TOTAL EXCLUSION COUNT =         0
 TOTAL 1-4 EXCLUSIONS  =         0
 TOTAL NON-EXCLUSIONS  =         5
  
 CHARMM>            if ?npair .gt. 0 goto doinit
 RDCMND substituted energy or value "?NPAIR" to "5"
 Comparing "5" and "0".
 IF test evaluated as true.  Performing command
  
 CHARMM>     
  
 CHARMM>            calc cntrand = @cntrand + 1
 Parameter: CNTRAND -> "3"
Evaluating: 3+1
 Parameter: CNTRAND <- "4"
  
 CHARMM>            if cntrand .gt. 100 stop ! ABNORMAL TERMINATION: ion placing may not work.. stop here
 Comparing "4" and "100".
 IF test evaluated as false.  Skipping command
  
 CHARMM>     
  
 CHARMM>            calc j = @i
 Parameter: I -> "27"
Evaluating: 27
 Parameter: J <- "27"
  
 CHARMM>            set ion = POS
 Parameter: ION <- "POS"
  
 CHARMM>     
  
 CHARMM>            if j .gt. @npos then
 Parameter: NPOS -> "18"
 Comparing "27" and "18".
 IF test evaluated as true.  Performing command
  
 CHARMM>               set ion = NEG
 Parameter: ION <- "NEG"
  
 CHARMM>               calc j  = @j - @npos
 Parameter: J -> "27"
 Parameter: NPOS -> "18"
Evaluating: 27-18
 Parameter: J <- "9"
  
 CHARMM>            endif
  
 CHARMM>     
  
 CHARMM>            define target select segid @ion .and. resid @j end
 Parameter: ION -> "NEG"
 Parameter: J -> "9"
 SELRPN>      1 atoms have been selected out of   8612
  
 CHARMM>     
  
 CHARMM>            calc xpos = @A * ( ?random - 0.5 )
 Parameter: A -> "46.7504011"
 RDCMND substituted energy or value "?RANDOM" to "0.601145701"
Evaluating: 46.7504011*(0.601145701-0.5)
 Parameter: XPOS <- "4.72860209"
  
 CHARMM>            calc ypos = @B * ( ?random - 0.5 )
 Parameter: B -> "46.7504011"
 RDCMND substituted energy or value "?RANDOM" to "0.305371363"
Evaluating: 46.7504011*(0.305371363-0.5)
 Parameter: YPOS <- "-9.09896685"
  
 CHARMM>            calc zpos = @C * ( ?random - 0.5 ) + @zcen
 Parameter: C -> "145"
 Parameter: ZCEN -> "0"
 RDCMND substituted energy or value "?RANDOM" to "0.85126585"
Evaluating: 145*(0.85126585-0.5)+0
 Parameter: ZPOS <- "50.9335483"
  
 CHARMM>     
  
 CHARMM>            if zpos .gt. -15 if zpos .lt. 15 goto doinit
 Comparing "50.9335483" and "-15".
 IF test evaluated as true.  Performing command
 Comparing "50.9335483" and "15".
 IF test evaluated as false.  Skipping command
  
 CHARMM>     
  
 CHARMM>            ! move target to selected position
  
 CHARMM>            coor stat select target end
 SELRPN>      1 atoms have been selected out of   8612
 STATISTICS FOR         1 SELECTED ATOMS:
    XMIN =    2.586495 XMAX =    2.586495 XAVE =    2.586495
    YMIN =    2.652644 YMAX =    2.652644 YAVE =    2.652644
    ZMIN =   21.511972 ZMAX =   21.511972 ZAVE =   21.511972
    WMIN =   -1.000000 WMAX =   -1.000000 WAVE =   -1.000000
  
 CHARMM>            calc xtran = @xpos - ?xave
 Parameter: XPOS -> "4.72860209"
 RDCMND substituted energy or value "?XAVE" to "2.5864948"
Evaluating: 4.72860209-2.5864948
 Parameter: XTRAN <- "2.14210729"
  
 CHARMM>            calc ytran = @ypos - ?yave
 Parameter: YPOS -> "-9.09896685"
 RDCMND substituted energy or value "?YAVE" to "2.65264399"
Evaluating: -9.09896685-2.65264399
 Parameter: YTRAN <- "-11.7516108"
  
 CHARMM>            calc ztran = @zpos - ?zave
 Parameter: ZPOS -> "50.9335483"
 RDCMND substituted energy or value "?ZAVE" to "21.5119719"
Evaluating: 50.9335483-21.5119719
 Parameter: ZTRAN <- "29.4215764"
  
 CHARMM>            coor trans xdir @xtran ydir @ytran zdir @ztran select target end
 Parameter: XTRAN -> "2.14210729"
 Parameter: YTRAN -> "-11.7516108"
 Parameter: ZTRAN -> "29.4215764"
 SELRPN>      1 atoms have been selected out of   8612
 TRANSLATION VECTOR     2.142107  -11.751611   29.421576
 SELECTED COORDINATES TRANSLATED IN THE MAIN SET.

  
 CHARMM>     
  
 CHARMM>            ! apply a random rotation along XYZ
  
 CHARMM>            calc xphi = ?random * 360.0
 RDCMND substituted energy or value "?RANDOM" to "0.547553767"
Evaluating: 0.547553767*360.0
 Parameter: XPHI <- "197.119356"
  
 CHARMM>            calc yphi = ?random * 360.0
 RDCMND substituted energy or value "?RANDOM" to "0.980410292"
Evaluating: 0.980410292*360.0
 Parameter: YPHI <- "352.947705"
  
 CHARMM>            calc zphi = ?random * 360.0
 RDCMND substituted energy or value "?RANDOM" to "0.178680625"
Evaluating: 0.178680625*360.0
 Parameter: ZPHI <- "64.325025"
  
 CHARMM>            coor rotate xcen @xpos ycen @ypos zcen @zpos xdir 1.0 -
 CHARMM>                phi @xphi select target end
 Parameter: XPOS -> "4.72860209"
 Parameter: YPOS -> "-9.09896685"
 Parameter: ZPOS -> "50.9335483"
 Parameter: XPHI -> "197.119356"
 SELRPN>      1 atoms have been selected out of   8612
 ROTATION MATRIX
    1.000000    0.000000    0.000000
    0.000000   -0.955694   -0.294363
    0.000000    0.294363   -0.955694

 AXIS OF ROTATION IS -1.000000  0.000000  0.000000  ANGLE IS  162.88

 SELECTED COORDINATES ROTATED IN THE MAIN SET.

  
 CHARMM>            coor rotate xcen @xpos ycen @ypos zcen @zpos ydir 1.0 -
 CHARMM>                phi @yphi select target end
 Parameter: XPOS -> "4.72860209"
 Parameter: YPOS -> "-9.09896685"
 Parameter: ZPOS -> "50.9335483"
 Parameter: YPHI -> "352.947705"
 SELRPN>      1 atoms have been selected out of   8612
 ROTATION MATRIX
    0.992435    0.000000    0.122775
    0.000000    1.000000    0.000000
   -0.122775    0.000000    0.992435

 AXIS OF ROTATION IS  0.000000 -1.000000  0.000000  ANGLE IS    7.05

 SELECTED COORDINATES ROTATED IN THE MAIN SET.

  
 CHARMM>            coor rotate xcen @xpos ycen @ypos zcen @zpos zdir 1.0 -
 CHARMM>                phi @zphi select target end
 Parameter: XPOS -> "4.72860209"
 Parameter: YPOS -> "-9.09896685"
 Parameter: ZPOS -> "50.9335483"
 Parameter: ZPHI -> "64.325025"
 SELRPN>      1 atoms have been selected out of   8612
 ROTATION MATRIX
    0.433265    0.901266    0.000000
   -0.901266    0.433265    0.000000
    0.000000    0.000000    1.000000

 AXIS OF ROTATION IS  0.000000  0.000000  1.000000  ANGLE IS   64.33

 SELECTED COORDINATES ROTATED IN THE MAIN SET.

  
 CHARMM>     
  
 CHARMM>     
  
 CHARMM>            calc dcut = 3.5
Evaluating: 3.5
 Parameter: DCUT <- "3.5"
  
 CHARMM>     
  
 CHARMM>            coor stat sele target end
 SELRPN>      1 atoms have been selected out of   8612
 STATISTICS FOR         1 SELECTED ATOMS:
    XMIN =    4.728602 XMAX =    4.728602 XAVE =    4.728602
    YMIN =   -9.098967 YMAX =   -9.098967 YAVE =   -9.098967
    ZMIN =   50.933548 ZMAX =   50.933548 ZAVE =   50.933548
    WMIN =   -1.000000 WMAX =   -1.000000 WAVE =   -1.000000
  
 CHARMM>            calc xmax = ?xmax + @dcut
 Parameter: DCUT -> "3.5"
 RDCMND substituted energy or value "?XMAX" to "4.72860205"
Evaluating: 4.72860205+3.5
 Parameter: XMAX <- "8.22860205"
  
 CHARMM>            calc ymax = ?ymax + @dcut
 Parameter: DCUT -> "3.5"
 RDCMND substituted energy or value "?YMAX" to "-9.09896687"
Evaluating: -9.09896687+3.5
 Parameter: YMAX <- "-5.59896687"
  
 CHARMM>            calc zmax = ?zmax + @dcut
 Parameter: DCUT -> "3.5"
 RDCMND substituted energy or value "?ZMAX" to "50.9335483"
Evaluating: 50.9335483+3.5
 Parameter: ZMAX <- "54.4335483"
  
 CHARMM>            calc xmin = ?xmin - @dcut
 Parameter: DCUT -> "3.5"
 RDCMND substituted energy or value "?XMIN" to "4.72860205"
Evaluating: 4.72860205-3.5
 Parameter: XMIN <- "1.22860205"
  
 CHARMM>            calc ymin = ?ymin - @dcut
 Parameter: DCUT -> "3.5"
 RDCMND substituted energy or value "?YMIN" to "-9.09896687"
Evaluating: -9.09896687-3.5
 Parameter: YMIN <- "-12.5989669"
  
 CHARMM>            calc zmin = ?zmin - @dcut
 Parameter: DCUT -> "3.5"
 RDCMND substituted energy or value "?ZMIN" to "50.9335483"
Evaluating: 50.9335483-3.5
 Parameter: ZMIN <- "47.4335483"
  
 CHARMM>     
  
 CHARMM>            define JUNK sele .not. target .and. -
 CHARMM>                             prop X .lt. @xmax .and. prop X .gt. @xmin .and. -
 CHARMM>                             prop Y .lt. @ymax .and. prop Y .gt. @ymin .and. -
 CHARMM>                             prop Z .lt. @zmax .and. prop Z .gt. @zmin  end
 Parameter: XMAX -> "8.22860205"
 Parameter: XMIN -> "1.22860205"
 Parameter: YMAX -> "-5.59896687"
 Parameter: YMIN -> "-12.5989669"
 Parameter: ZMAX -> "54.4335483"
 Parameter: ZMIN -> "47.4335483"
 SELRPN>      0 atoms have been selected out of   8612
  
 CHARMM>     
  
 CHARMM>            ! check if the ions are too close to protein
  
 CHARMM>            define XXX sele PROT end
 SELRPN>      0 atoms have been selected out of   8612
  
 CHARMM>            if ?nsel .gt. 0 then
 RDCMND substituted energy or value "?NSEL" to "0"
 Comparing "0" and "0".
 IF test evaluated as false.  Skip to ELSE or ENDIF
  
 CHARMM>     
  
 CHARMM>            ! check if the ions are too close to solute
  
 CHARMM>            coor dist cut 4.0 sele target end sele JUNK .and. .not. hydrogen end image
 SELRPN>      1 atoms have been selected out of  16051
 SELRPN>      0 atoms have been selected out of  16051

            DISTANCES FOR SELECTED ATOMS
            ONLY ONE SELECTION SET SPECIFIED, A COMPARISON WILL BE DONE
 TOTAL EXCLUSION COUNT =         0
 TOTAL 1-4 EXCLUSIONS  =         0
 TOTAL NON-EXCLUSIONS  =         0
  
 CHARMM>            if ?npair .gt. 0 goto doinit
 RDCMND substituted energy or value "?NPAIR" to "0"
 Comparing "0" and "0".
 IF test evaluated as false.  Skipping command
  
 CHARMM>     
  
 CHARMM>            calc cntrand = 0
Evaluating: 0
 Parameter: CNTRAND <- "0"
  
 CHARMM>            increase i by 1
 Parameter: I <- "28"
  
 CHARMM>            if i .le. @nion goto doinit
 Parameter: NION -> "36"
 Comparing "28" and "36".
 IF test evaluated as true.  Performing command
  
 CHARMM>     
  
 CHARMM>            calc cntrand = @cntrand + 1
 Parameter: CNTRAND -> "0"
Evaluating: 0+1
 Parameter: CNTRAND <- "1"
  
 CHARMM>            if cntrand .gt. 100 stop ! ABNORMAL TERMINATION: ion placing may not work.. stop here
 Comparing "1" and "100".
 IF test evaluated as false.  Skipping command
  
 CHARMM>     
  
 CHARMM>            calc j = @i
 Parameter: I -> "28"
Evaluating: 28
 Parameter: J <- "28"
  
 CHARMM>            set ion = POS
 Parameter: ION <- "POS"
  
 CHARMM>     
  
 CHARMM>            if j .gt. @npos then
 Parameter: NPOS -> "18"
 Comparing "28" and "18".
 IF test evaluated as true.  Performing command
  
 CHARMM>               set ion = NEG
 Parameter: ION <- "NEG"
  
 CHARMM>               calc j  = @j - @npos
 Parameter: J -> "28"
 Parameter: NPOS -> "18"
Evaluating: 28-18
 Parameter: J <- "10"
  
 CHARMM>            endif
  
 CHARMM>     
  
 CHARMM>            define target select segid @ion .and. resid @j end
 Parameter: ION -> "NEG"
 Parameter: J -> "10"
 SELRPN>      1 atoms have been selected out of   8612
  
 CHARMM>     
  
 CHARMM>            calc xpos = @A * ( ?random - 0.5 )
 Parameter: A -> "46.7504011"
 RDCMND substituted energy or value "?RANDOM" to "0.375181238"
Evaluating: 46.7504011*(0.375181238-0.5)
 Parameter: XPOS <- "-5.83532719"
  
 CHARMM>            calc ypos = @B * ( ?random - 0.5 )
 Parameter: B -> "46.7504011"
 RDCMND substituted energy or value "?RANDOM" to "0.150015163"
Evaluating: 46.7504011*(0.150015163-0.5)
 Parameter: YPOS <- "-16.3619315"
  
 CHARMM>            calc zpos = @C * ( ?random - 0.5 ) + @zcen
 Parameter: C -> "145"
 Parameter: ZCEN -> "0"
 RDCMND substituted energy or value "?RANDOM" to "0.289624419"
Evaluating: 145*(0.289624419-0.5)+0
 Parameter: ZPOS <- "-30.5044592"
  
 CHARMM>     
  
 CHARMM>            if zpos .gt. -15 if zpos .lt. 15 goto doinit
 Comparing "-30.5044592" and "-15".
 IF test evaluated as false.  Skipping command
  
 CHARMM>     
  
 CHARMM>            ! move target to selected position
  
 CHARMM>            coor stat select target end
 SELRPN>      1 atoms have been selected out of   8612
 STATISTICS FOR         1 SELECTED ATOMS:
    XMIN =    0.000000 XMAX =    0.000000 XAVE =    0.000000
    YMIN =    0.000000 YMAX =    0.000000 YAVE =    0.000000
    ZMIN =    0.000000 ZMAX =    0.000000 ZAVE =    0.000000
    WMIN =   -1.000000 WMAX =   -1.000000 WAVE =   -1.000000
  
 CHARMM>            calc xtran = @xpos - ?xave
 Parameter: XPOS -> "-5.83532719"
 RDCMND substituted energy or value "?XAVE" to "0"
Evaluating: -5.83532719-0
 Parameter: XTRAN <- "-5.83532719"
  
 CHARMM>            calc ytran = @ypos - ?yave
 Parameter: YPOS -> "-16.3619315"
 RDCMND substituted energy or value "?YAVE" to "0"
Evaluating: -16.3619315-0
 Parameter: YTRAN <- "-16.3619315"
  
 CHARMM>            calc ztran = @zpos - ?zave
 Parameter: ZPOS -> "-30.5044592"
 RDCMND substituted energy or value "?ZAVE" to "0"
Evaluating: -30.5044592-0
 Parameter: ZTRAN <- "-30.5044592"
  
 CHARMM>            coor trans xdir @xtran ydir @ytran zdir @ztran select target end
 Parameter: XTRAN -> "-5.83532719"
 Parameter: YTRAN -> "-16.3619315"
 Parameter: ZTRAN -> "-30.5044592"
 SELRPN>      1 atoms have been selected out of   8612
 TRANSLATION VECTOR    -5.835327  -16.361932  -30.504459
 SELECTED COORDINATES TRANSLATED IN THE MAIN SET.

  
 CHARMM>     
  
 CHARMM>            ! apply a random rotation along XYZ
  
 CHARMM>            calc xphi = ?random * 360.0
 RDCMND substituted energy or value "?RANDOM" to "0.960496441"
Evaluating: 0.960496441*360.0
 Parameter: XPHI <- "345.778719"
  
 CHARMM>            calc yphi = ?random * 360.0
 RDCMND substituted energy or value "?RANDOM" to "0.144335861"
Evaluating: 0.144335861*360.0
 Parameter: YPHI <- "51.96091"
  
 CHARMM>            calc zphi = ?random * 360.0
 RDCMND substituted energy or value "?RANDOM" to "0.674804053"
Evaluating: 0.674804053*360.0
 Parameter: ZPHI <- "242.929459"
  
 CHARMM>            coor rotate xcen @xpos ycen @ypos zcen @zpos xdir 1.0 -
 CHARMM>                phi @xphi select target end
 Parameter: XPOS -> "-5.83532719"
 Parameter: YPOS -> "-16.3619315"
 Parameter: ZPOS -> "-30.5044592"
 Parameter: XPHI -> "345.778719"
 SELRPN>      1 atoms have been selected out of   8612
 ROTATION MATRIX
    1.000000    0.000000    0.000000
    0.000000    0.969354   -0.245667
    0.000000    0.245667    0.969354

 AXIS OF ROTATION IS -1.000000  0.000000  0.000000  ANGLE IS   14.22

 SELECTED COORDINATES ROTATED IN THE MAIN SET.

  
 CHARMM>            coor rotate xcen @xpos ycen @ypos zcen @zpos ydir 1.0 -
 CHARMM>                phi @yphi select target end
 Parameter: XPOS -> "-5.83532719"
 Parameter: YPOS -> "-16.3619315"
 Parameter: ZPOS -> "-30.5044592"
 Parameter: YPHI -> "51.96091"
 SELRPN>      1 atoms have been selected out of   8612
 ROTATION MATRIX
    0.616199    0.000000   -0.787591
    0.000000    1.000000    0.000000
    0.787591    0.000000    0.616199

 AXIS OF ROTATION IS  0.000000  1.000000  0.000000  ANGLE IS   51.96

 SELECTED COORDINATES ROTATED IN THE MAIN SET.

  
 CHARMM>            coor rotate xcen @xpos ycen @ypos zcen @zpos zdir 1.0 -
 CHARMM>                phi @zphi select target end
 Parameter: XPOS -> "-5.83532719"
 Parameter: YPOS -> "-16.3619315"
 Parameter: ZPOS -> "-30.5044592"
 Parameter: ZPHI -> "242.929459"
 SELRPN>      1 atoms have been selected out of   8612
 ROTATION MATRIX
   -0.455087   -0.890447    0.000000
    0.890447   -0.455087    0.000000
    0.000000    0.000000    1.000000

 AXIS OF ROTATION IS  0.000000  0.000000 -1.000000  ANGLE IS  117.07

 SELECTED COORDINATES ROTATED IN THE MAIN SET.

  
 CHARMM>     
  
 CHARMM>     
  
 CHARMM>            calc dcut = 3.5
Evaluating: 3.5
 Parameter: DCUT <- "3.5"
  
 CHARMM>     
  
 CHARMM>            coor stat sele target end
 SELRPN>      1 atoms have been selected out of   8612
 STATISTICS FOR         1 SELECTED ATOMS:
    XMIN =   -5.835327 XMAX =   -5.835327 XAVE =   -5.835327
    YMIN =  -16.361932 YMAX =  -16.361932 YAVE =  -16.361932
    ZMIN =  -30.504459 ZMAX =  -30.504459 ZAVE =  -30.504459
    WMIN =   -1.000000 WMAX =   -1.000000 WAVE =   -1.000000
  
 CHARMM>            calc xmax = ?xmax + @dcut
 Parameter: DCUT -> "3.5"
 RDCMND substituted energy or value "?XMAX" to "-5.83532719"
Evaluating: -5.83532719+3.5
 Parameter: XMAX <- "-2.33532719"
  
 CHARMM>            calc ymax = ?ymax + @dcut
 Parameter: DCUT -> "3.5"
 RDCMND substituted energy or value "?YMAX" to "-16.3619315"
Evaluating: -16.3619315+3.5
 Parameter: YMAX <- "-12.8619315"
  
 CHARMM>            calc zmax = ?zmax + @dcut
 Parameter: DCUT -> "3.5"
 RDCMND substituted energy or value "?ZMAX" to "-30.5044592"
Evaluating: -30.5044592+3.5
 Parameter: ZMAX <- "-27.0044592"
  
 CHARMM>            calc xmin = ?xmin - @dcut
 Parameter: DCUT -> "3.5"
 RDCMND substituted energy or value "?XMIN" to "-5.83532719"
Evaluating: -5.83532719-3.5
 Parameter: XMIN <- "-9.33532719"
  
 CHARMM>            calc ymin = ?ymin - @dcut
 Parameter: DCUT -> "3.5"
 RDCMND substituted energy or value "?YMIN" to "-16.3619315"
Evaluating: -16.3619315-3.5
 Parameter: YMIN <- "-19.8619315"
  
 CHARMM>            calc zmin = ?zmin - @dcut
 Parameter: DCUT -> "3.5"
 RDCMND substituted energy or value "?ZMIN" to "-30.5044592"
Evaluating: -30.5044592-3.5
 Parameter: ZMIN <- "-34.0044592"
  
 CHARMM>     
  
 CHARMM>            define JUNK sele .not. target .and. -
 CHARMM>                             prop X .lt. @xmax .and. prop X .gt. @xmin .and. -
 CHARMM>                             prop Y .lt. @ymax .and. prop Y .gt. @ymin .and. -
 CHARMM>                             prop Z .lt. @zmax .and. prop Z .gt. @zmin  end
 Parameter: XMAX -> "-2.33532719"
 Parameter: XMIN -> "-9.33532719"
 Parameter: YMAX -> "-12.8619315"
 Parameter: YMIN -> "-19.8619315"
 Parameter: ZMAX -> "-27.0044592"
 Parameter: ZMIN -> "-34.0044592"
 SELRPN>      0 atoms have been selected out of   8612
  
 CHARMM>     
  
 CHARMM>            ! check if the ions are too close to protein
  
 CHARMM>            define XXX sele PROT end
 SELRPN>      0 atoms have been selected out of   8612
  
 CHARMM>            if ?nsel .gt. 0 then
 RDCMND substituted energy or value "?NSEL" to "0"
 Comparing "0" and "0".
 IF test evaluated as false.  Skip to ELSE or ENDIF
  
 CHARMM>     
  
 CHARMM>            ! check if the ions are too close to solute
  
 CHARMM>            coor dist cut 4.0 sele target end sele JUNK .and. .not. hydrogen end image
 SELRPN>      1 atoms have been selected out of  16051
 SELRPN>      0 atoms have been selected out of  16051

            DISTANCES FOR SELECTED ATOMS
            ONLY ONE SELECTION SET SPECIFIED, A COMPARISON WILL BE DONE
 TOTAL EXCLUSION COUNT =         0
 TOTAL 1-4 EXCLUSIONS  =         0
 TOTAL NON-EXCLUSIONS  =         0
  
 CHARMM>            if ?npair .gt. 0 goto doinit
 RDCMND substituted energy or value "?NPAIR" to "0"
 Comparing "0" and "0".
 IF test evaluated as false.  Skipping command
  
 CHARMM>     
  
 CHARMM>            calc cntrand = 0
Evaluating: 0
 Parameter: CNTRAND <- "0"
  
 CHARMM>            increase i by 1
 Parameter: I <- "29"
  
 CHARMM>            if i .le. @nion goto doinit
 Parameter: NION -> "36"
 Comparing "29" and "36".
 IF test evaluated as true.  Performing command
  
 CHARMM>     
  
 CHARMM>            calc cntrand = @cntrand + 1
 Parameter: CNTRAND -> "0"
Evaluating: 0+1
 Parameter: CNTRAND <- "1"
  
 CHARMM>            if cntrand .gt. 100 stop ! ABNORMAL TERMINATION: ion placing may not work.. stop here
 Comparing "1" and "100".
 IF test evaluated as false.  Skipping command
  
 CHARMM>     
  
 CHARMM>            calc j = @i
 Parameter: I -> "29"
Evaluating: 29
 Parameter: J <- "29"
  
 CHARMM>            set ion = POS
 Parameter: ION <- "POS"
  
 CHARMM>     
  
 CHARMM>            if j .gt. @npos then
 Parameter: NPOS -> "18"
 Comparing "29" and "18".
 IF test evaluated as true.  Performing command
  
 CHARMM>               set ion = NEG
 Parameter: ION <- "NEG"
  
 CHARMM>               calc j  = @j - @npos
 Parameter: J -> "29"
 Parameter: NPOS -> "18"
Evaluating: 29-18
 Parameter: J <- "11"
  
 CHARMM>            endif
  
 CHARMM>     
  
 CHARMM>            define target select segid @ion .and. resid @j end
 Parameter: ION -> "NEG"
 Parameter: J -> "11"
 SELRPN>      1 atoms have been selected out of   8612
  
 CHARMM>     
  
 CHARMM>            calc xpos = @A * ( ?random - 0.5 )
 Parameter: A -> "46.7504011"
 RDCMND substituted energy or value "?RANDOM" to "0.382100588"
Evaluating: 46.7504011*(0.382100588-0.5)
 Parameter: XPOS <- "-5.5118448"
  
 CHARMM>            calc ypos = @B * ( ?random - 0.5 )
 Parameter: B -> "46.7504011"
 RDCMND substituted energy or value "?RANDOM" to "0.652399453"
Evaluating: 46.7504011*(0.652399453-0.5)
 Parameter: YPOS <- "7.12473556"
  
 CHARMM>            calc zpos = @C * ( ?random - 0.5 ) + @zcen
 Parameter: C -> "145"
 Parameter: ZCEN -> "0"
 RDCMND substituted energy or value "?RANDOM" to "0.398391328"
Evaluating: 145*(0.398391328-0.5)+0
 Parameter: ZPOS <- "-14.7332574"
  
 CHARMM>     
  
 CHARMM>            if zpos .gt. -15 if zpos .lt. 15 goto doinit
 Comparing "-14.7332574" and "-15".
 IF test evaluated as true.  Performing command
 Comparing "-14.7332574" and "15".
 IF test evaluated as true.  Performing command
  
 CHARMM>     
  
 CHARMM>            calc cntrand = @cntrand + 1
 Parameter: CNTRAND -> "1"
Evaluating: 1+1
 Parameter: CNTRAND <- "2"
  
 CHARMM>            if cntrand .gt. 100 stop ! ABNORMAL TERMINATION: ion placing may not work.. stop here
 Comparing "2" and "100".
 IF test evaluated as false.  Skipping command
  
 CHARMM>     
  
 CHARMM>            calc j = @i
 Parameter: I -> "29"
Evaluating: 29
 Parameter: J <- "29"
  
 CHARMM>            set ion = POS
 Parameter: ION <- "POS"
  
 CHARMM>     
  
 CHARMM>            if j .gt. @npos then
 Parameter: NPOS -> "18"
 Comparing "29" and "18".
 IF test evaluated as true.  Performing command
  
 CHARMM>               set ion = NEG
 Parameter: ION <- "NEG"
  
 CHARMM>               calc j  = @j - @npos
 Parameter: J -> "29"
 Parameter: NPOS -> "18"
Evaluating: 29-18
 Parameter: J <- "11"
  
 CHARMM>            endif
  
 CHARMM>     
  
 CHARMM>            define target select segid @ion .and. resid @j end
 Parameter: ION -> "NEG"
 Parameter: J -> "11"
 SELRPN>      1 atoms have been selected out of   8612
  
 CHARMM>     
  
 CHARMM>            calc xpos = @A * ( ?random - 0.5 )
 Parameter: A -> "46.7504011"
 RDCMND substituted energy or value "?RANDOM" to "0.797377503"
Evaluating: 46.7504011*(0.797377503-0.5)
 Parameter: XPOS <- "13.9025175"
  
 CHARMM>            calc ypos = @B * ( ?random - 0.5 )
 Parameter: B -> "46.7504011"
 RDCMND substituted energy or value "?RANDOM" to "0.202115457"
Evaluating: 46.7504011*(0.202115457-0.5)
 Parameter: YPOS <- "-13.9262219"
  
 CHARMM>            calc zpos = @C * ( ?random - 0.5 ) + @zcen
 Parameter: C -> "145"
 Parameter: ZCEN -> "0"
 RDCMND substituted energy or value "?RANDOM" to "0.836771138"
Evaluating: 145*(0.836771138-0.5)+0
 Parameter: ZPOS <- "48.831815"
  
 CHARMM>     
  
 CHARMM>            if zpos .gt. -15 if zpos .lt. 15 goto doinit
 Comparing "48.831815" and "-15".
 IF test evaluated as true.  Performing command
 Comparing "48.831815" and "15".
 IF test evaluated as false.  Skipping command
  
 CHARMM>     
  
 CHARMM>            ! move target to selected position
  
 CHARMM>            coor stat select target end
 SELRPN>      1 atoms have been selected out of   8612
 STATISTICS FOR         1 SELECTED ATOMS:
    XMIN =    0.000000 XMAX =    0.000000 XAVE =    0.000000
    YMIN =    0.000000 YMAX =    0.000000 YAVE =    0.000000
    ZMIN =    0.000000 ZMAX =    0.000000 ZAVE =    0.000000
    WMIN =   -1.000000 WMAX =   -1.000000 WAVE =   -1.000000
  
 CHARMM>            calc xtran = @xpos - ?xave
 Parameter: XPOS -> "13.9025175"
 RDCMND substituted energy or value "?XAVE" to "0"
Evaluating: 13.9025175-0
 Parameter: XTRAN <- "13.9025175"
  
 CHARMM>            calc ytran = @ypos - ?yave
 Parameter: YPOS -> "-13.9262219"
 RDCMND substituted energy or value "?YAVE" to "0"
Evaluating: -13.9262219-0
 Parameter: YTRAN <- "-13.9262219"
  
 CHARMM>            calc ztran = @zpos - ?zave
 Parameter: ZPOS -> "48.831815"
 RDCMND substituted energy or value "?ZAVE" to "0"
Evaluating: 48.831815-0
 Parameter: ZTRAN <- "48.831815"
  
 CHARMM>            coor trans xdir @xtran ydir @ytran zdir @ztran select target end
 Parameter: XTRAN -> "13.9025175"
 Parameter: YTRAN -> "-13.9262219"
 Parameter: ZTRAN -> "48.831815"
 SELRPN>      1 atoms have been selected out of   8612
 TRANSLATION VECTOR    13.902518  -13.926222   48.831815
 SELECTED COORDINATES TRANSLATED IN THE MAIN SET.

  
 CHARMM>     
  
 CHARMM>            ! apply a random rotation along XYZ
  
 CHARMM>            calc xphi = ?random * 360.0
 RDCMND substituted energy or value "?RANDOM" to "0.862507544"
Evaluating: 0.862507544*360.0
 Parameter: XPHI <- "310.502716"
  
 CHARMM>            calc yphi = ?random * 360.0
 RDCMND substituted energy or value "?RANDOM" to "0.696647412"
Evaluating: 0.696647412*360.0
 Parameter: YPHI <- "250.793068"
  
 CHARMM>            calc zphi = ?random * 360.0
 RDCMND substituted energy or value "?RANDOM" to "0.897075358"
Evaluating: 0.897075358*360.0
 Parameter: ZPHI <- "322.947129"
  
 CHARMM>            coor rotate xcen @xpos ycen @ypos zcen @zpos xdir 1.0 -
 CHARMM>                phi @xphi select target end
 Parameter: XPOS -> "13.9025175"
 Parameter: YPOS -> "-13.9262219"
 Parameter: ZPOS -> "48.831815"
 Parameter: XPHI -> "310.502716"
 SELRPN>      1 atoms have been selected out of   8612
 ROTATION MATRIX
    1.000000    0.000000    0.000000
    0.000000    0.649484   -0.760375
    0.000000    0.760375    0.649484

 AXIS OF ROTATION IS -1.000000  0.000000  0.000000  ANGLE IS   49.50

 SELECTED COORDINATES ROTATED IN THE MAIN SET.

  
 CHARMM>            coor rotate xcen @xpos ycen @ypos zcen @zpos ydir 1.0 -
 CHARMM>                phi @yphi select target end
 Parameter: XPOS -> "13.9025175"
 Parameter: YPOS -> "-13.9262219"
 Parameter: ZPOS -> "48.831815"
 Parameter: YPHI -> "250.793068"
 SELRPN>      1 atoms have been selected out of   8612
 ROTATION MATRIX
   -0.328981    0.000000    0.944337
    0.000000    1.000000    0.000000
   -0.944337    0.000000   -0.328981

 AXIS OF ROTATION IS  0.000000 -1.000000  0.000000  ANGLE IS  109.21

 SELECTED COORDINATES ROTATED IN THE MAIN SET.

  
 CHARMM>            coor rotate xcen @xpos ycen @ypos zcen @zpos zdir 1.0 -
 CHARMM>                phi @zphi select target end
 Parameter: XPOS -> "13.9025175"
 Parameter: YPOS -> "-13.9262219"
 Parameter: ZPOS -> "48.831815"
 Parameter: ZPHI -> "322.947129"
 SELRPN>      1 atoms have been selected out of   8612
 ROTATION MATRIX
    0.798080   -0.602552    0.000000
    0.602552    0.798080    0.000000
    0.000000    0.000000    1.000000

 AXIS OF ROTATION IS  0.000000  0.000000 -1.000000  ANGLE IS   37.05

 SELECTED COORDINATES ROTATED IN THE MAIN SET.

  
 CHARMM>     
  
 CHARMM>     
  
 CHARMM>            calc dcut = 3.5
Evaluating: 3.5
 Parameter: DCUT <- "3.5"
  
 CHARMM>     
  
 CHARMM>            coor stat sele target end
 SELRPN>      1 atoms have been selected out of   8612
 STATISTICS FOR         1 SELECTED ATOMS:
    XMIN =   13.902518 XMAX =   13.902518 XAVE =   13.902518
    YMIN =  -13.926222 YMAX =  -13.926222 YAVE =  -13.926222
    ZMIN =   48.831815 ZMAX =   48.831815 ZAVE =   48.831815
    WMIN =   -1.000000 WMAX =   -1.000000 WAVE =   -1.000000
  
 CHARMM>            calc xmax = ?xmax + @dcut
 Parameter: DCUT -> "3.5"
 RDCMND substituted energy or value "?XMAX" to "13.9025175"
Evaluating: 13.9025175+3.5
 Parameter: XMAX <- "17.4025175"
  
 CHARMM>            calc ymax = ?ymax + @dcut
 Parameter: DCUT -> "3.5"
 RDCMND substituted energy or value "?YMAX" to "-13.9262219"
Evaluating: -13.9262219+3.5
 Parameter: YMAX <- "-10.4262219"
  
 CHARMM>            calc zmax = ?zmax + @dcut
 Parameter: DCUT -> "3.5"
 RDCMND substituted energy or value "?ZMAX" to "48.831815"
Evaluating: 48.831815+3.5
 Parameter: ZMAX <- "52.331815"
  
 CHARMM>            calc xmin = ?xmin - @dcut
 Parameter: DCUT -> "3.5"
 RDCMND substituted energy or value "?XMIN" to "13.9025175"
Evaluating: 13.9025175-3.5
 Parameter: XMIN <- "10.4025175"
  
 CHARMM>            calc ymin = ?ymin - @dcut
 Parameter: DCUT -> "3.5"
 RDCMND substituted energy or value "?YMIN" to "-13.9262219"
Evaluating: -13.9262219-3.5
 Parameter: YMIN <- "-17.4262219"
  
 CHARMM>            calc zmin = ?zmin - @dcut
 Parameter: DCUT -> "3.5"
 RDCMND substituted energy or value "?ZMIN" to "48.831815"
Evaluating: 48.831815-3.5
 Parameter: ZMIN <- "45.331815"
  
 CHARMM>     
  
 CHARMM>            define JUNK sele .not. target .and. -
 CHARMM>                             prop X .lt. @xmax .and. prop X .gt. @xmin .and. -
 CHARMM>                             prop Y .lt. @ymax .and. prop Y .gt. @ymin .and. -
 CHARMM>                             prop Z .lt. @zmax .and. prop Z .gt. @zmin  end
 Parameter: XMAX -> "17.4025175"
 Parameter: XMIN -> "10.4025175"
 Parameter: YMAX -> "-10.4262219"
 Parameter: YMIN -> "-17.4262219"
 Parameter: ZMAX -> "52.331815"
 Parameter: ZMIN -> "45.331815"
 SELRPN>      0 atoms have been selected out of   8612
  
 CHARMM>     
  
 CHARMM>            ! check if the ions are too close to protein
  
 CHARMM>            define XXX sele PROT end
 SELRPN>      0 atoms have been selected out of   8612
  
 CHARMM>            if ?nsel .gt. 0 then
 RDCMND substituted energy or value "?NSEL" to "0"
 Comparing "0" and "0".
 IF test evaluated as false.  Skip to ELSE or ENDIF
  
 CHARMM>     
  
 CHARMM>            ! check if the ions are too close to solute
  
 CHARMM>            coor dist cut 4.0 sele target end sele JUNK .and. .not. hydrogen end image
 SELRPN>      1 atoms have been selected out of  16051
 SELRPN>      0 atoms have been selected out of  16051

            DISTANCES FOR SELECTED ATOMS
            ONLY ONE SELECTION SET SPECIFIED, A COMPARISON WILL BE DONE
 TOTAL EXCLUSION COUNT =         0
 TOTAL 1-4 EXCLUSIONS  =         0
 TOTAL NON-EXCLUSIONS  =         0
  
 CHARMM>            if ?npair .gt. 0 goto doinit
 RDCMND substituted energy or value "?NPAIR" to "0"
 Comparing "0" and "0".
 IF test evaluated as false.  Skipping command
  
 CHARMM>     
  
 CHARMM>            calc cntrand = 0
Evaluating: 0
 Parameter: CNTRAND <- "0"
  
 CHARMM>            increase i by 1
 Parameter: I <- "30"
  
 CHARMM>            if i .le. @nion goto doinit
 Parameter: NION -> "36"
 Comparing "30" and "36".
 IF test evaluated as true.  Performing command
  
 CHARMM>     
  
 CHARMM>            calc cntrand = @cntrand + 1
 Parameter: CNTRAND -> "0"
Evaluating: 0+1
 Parameter: CNTRAND <- "1"
  
 CHARMM>            if cntrand .gt. 100 stop ! ABNORMAL TERMINATION: ion placing may not work.. stop here
 Comparing "1" and "100".
 IF test evaluated as false.  Skipping command
  
 CHARMM>     
  
 CHARMM>            calc j = @i
 Parameter: I -> "30"
Evaluating: 30
 Parameter: J <- "30"
  
 CHARMM>            set ion = POS
 Parameter: ION <- "POS"
  
 CHARMM>     
  
 CHARMM>            if j .gt. @npos then
 Parameter: NPOS -> "18"
 Comparing "30" and "18".
 IF test evaluated as true.  Performing command
  
 CHARMM>               set ion = NEG
 Parameter: ION <- "NEG"
  
 CHARMM>               calc j  = @j - @npos
 Parameter: J -> "30"
 Parameter: NPOS -> "18"
Evaluating: 30-18
 Parameter: J <- "12"
  
 CHARMM>            endif
  
 CHARMM>     
  
 CHARMM>            define target select segid @ion .and. resid @j end
 Parameter: ION -> "NEG"
 Parameter: J -> "12"
 SELRPN>      1 atoms have been selected out of   8612
  
 CHARMM>     
  
 CHARMM>            calc xpos = @A * ( ?random - 0.5 )
 Parameter: A -> "46.7504011"
 RDCMND substituted energy or value "?RANDOM" to "0.861009726"
Evaluating: 46.7504011*(0.861009726-0.5)
 Parameter: XPOS <- "16.8773495"
  
 CHARMM>            calc ypos = @B * ( ?random - 0.5 )
 Parameter: B -> "46.7504011"
 RDCMND substituted energy or value "?RANDOM" to "1.104427956E-02"
Evaluating: 46.7504011*(1.104427956E-02-0.5)
 Parameter: YPOS <- "-22.8588761"
  
 CHARMM>            calc zpos = @C * ( ?random - 0.5 ) + @zcen
 Parameter: C -> "145"
 Parameter: ZCEN -> "0"
 RDCMND substituted energy or value "?RANDOM" to "0.961968489"
Evaluating: 145*(0.961968489-0.5)+0
 Parameter: ZPOS <- "66.9854309"
  
 CHARMM>     
  
 CHARMM>            if zpos .gt. -15 if zpos .lt. 15 goto doinit
 Comparing "66.9854309" and "-15".
 IF test evaluated as true.  Performing command
 Comparing "66.9854309" and "15".
 IF test evaluated as false.  Skipping command
  
 CHARMM>     
  
 CHARMM>            ! move target to selected position
  
 CHARMM>            coor stat select target end
 SELRPN>      1 atoms have been selected out of   8612
 STATISTICS FOR         1 SELECTED ATOMS:
    XMIN =    0.000000 XMAX =    0.000000 XAVE =    0.000000
    YMIN =    0.000000 YMAX =    0.000000 YAVE =    0.000000
    ZMIN =    0.000000 ZMAX =    0.000000 ZAVE =    0.000000
    WMIN =   -1.000000 WMAX =   -1.000000 WAVE =   -1.000000
  
 CHARMM>            calc xtran = @xpos - ?xave
 Parameter: XPOS -> "16.8773495"
 RDCMND substituted energy or value "?XAVE" to "0"
Evaluating: 16.8773495-0
 Parameter: XTRAN <- "16.8773495"
  
 CHARMM>            calc ytran = @ypos - ?yave
 Parameter: YPOS -> "-22.8588761"
 RDCMND substituted energy or value "?YAVE" to "0"
Evaluating: -22.8588761-0
 Parameter: YTRAN <- "-22.8588761"
  
 CHARMM>            calc ztran = @zpos - ?zave
 Parameter: ZPOS -> "66.9854309"
 RDCMND substituted energy or value "?ZAVE" to "0"
Evaluating: 66.9854309-0
 Parameter: ZTRAN <- "66.9854309"
  
 CHARMM>            coor trans xdir @xtran ydir @ytran zdir @ztran select target end
 Parameter: XTRAN -> "16.8773495"
 Parameter: YTRAN -> "-22.8588761"
 Parameter: ZTRAN -> "66.9854309"
 SELRPN>      1 atoms have been selected out of   8612
 TRANSLATION VECTOR    16.877350  -22.858876   66.985431
 SELECTED COORDINATES TRANSLATED IN THE MAIN SET.

  
 CHARMM>     
  
 CHARMM>            ! apply a random rotation along XYZ
  
 CHARMM>            calc xphi = ?random * 360.0
 RDCMND substituted energy or value "?RANDOM" to "2.743181403E-02"
Evaluating: 2.743181403E-02*360.0
 Parameter: XPHI <- "9.87545305"
  
 CHARMM>            calc yphi = ?random * 360.0
 RDCMND substituted energy or value "?RANDOM" to "0.419408828"
Evaluating: 0.419408828*360.0
 Parameter: YPHI <- "150.987178"
  
 CHARMM>            calc zphi = ?random * 360.0
 RDCMND substituted energy or value "?RANDOM" to "0.242466489"
Evaluating: 0.242466489*360.0
 Parameter: ZPHI <- "87.287936"
  
 CHARMM>            coor rotate xcen @xpos ycen @ypos zcen @zpos xdir 1.0 -
 CHARMM>                phi @xphi select target end
 Parameter: XPOS -> "16.8773495"
 Parameter: YPOS -> "-22.8588761"
 Parameter: ZPOS -> "66.9854309"
 Parameter: XPHI -> "9.87545305"
 SELRPN>      1 atoms have been selected out of   8612
 ROTATION MATRIX
    1.000000    0.000000    0.000000
    0.000000    0.985183    0.171507
    0.000000   -0.171507    0.985183

 AXIS OF ROTATION IS  1.000000  0.000000  0.000000  ANGLE IS    9.88

 SELECTED COORDINATES ROTATED IN THE MAIN SET.

  
 CHARMM>            coor rotate xcen @xpos ycen @ypos zcen @zpos ydir 1.0 -
 CHARMM>                phi @yphi select target end
 Parameter: XPOS -> "16.8773495"
 Parameter: YPOS -> "-22.8588761"
 Parameter: ZPOS -> "66.9854309"
 Parameter: YPHI -> "150.987178"
 SELRPN>      1 atoms have been selected out of   8612
 ROTATION MATRIX
   -0.874511    0.000000   -0.485005
    0.000000    1.000000    0.000000
    0.485005    0.000000   -0.874511

 AXIS OF ROTATION IS  0.000000  1.000000  0.000000  ANGLE IS  150.99

 SELECTED COORDINATES ROTATED IN THE MAIN SET.

  
 CHARMM>            coor rotate xcen @xpos ycen @ypos zcen @zpos zdir 1.0 -
 CHARMM>                phi @zphi select target end
 Parameter: XPOS -> "16.8773495"
 Parameter: YPOS -> "-22.8588761"
 Parameter: ZPOS -> "66.9854309"
 Parameter: ZPHI -> "87.287936"
 SELRPN>      1 atoms have been selected out of   8612
 ROTATION MATRIX
    0.047317    0.998880    0.000000
   -0.998880    0.047317    0.000000
    0.000000    0.000000    1.000000

 AXIS OF ROTATION IS  0.000000  0.000000  1.000000  ANGLE IS   87.29

 SELECTED COORDINATES ROTATED IN THE MAIN SET.

  
 CHARMM>     
  
 CHARMM>     
  
 CHARMM>            calc dcut = 3.5
Evaluating: 3.5
 Parameter: DCUT <- "3.5"
  
 CHARMM>     
  
 CHARMM>            coor stat sele target end
 SELRPN>      1 atoms have been selected out of   8612
 STATISTICS FOR         1 SELECTED ATOMS:
    XMIN =   16.877350 XMAX =   16.877350 XAVE =   16.877350
    YMIN =  -22.858876 YMAX =  -22.858876 YAVE =  -22.858876
    ZMIN =   66.985431 ZMAX =   66.985431 ZAVE =   66.985431
    WMIN =   -1.000000 WMAX =   -1.000000 WAVE =   -1.000000
  
 CHARMM>            calc xmax = ?xmax + @dcut
 Parameter: DCUT -> "3.5"
 RDCMND substituted energy or value "?XMAX" to "16.8773495"
Evaluating: 16.8773495+3.5
 Parameter: XMAX <- "20.3773495"
  
 CHARMM>            calc ymax = ?ymax + @dcut
 Parameter: DCUT -> "3.5"
 RDCMND substituted energy or value "?YMAX" to "-22.8588761"
Evaluating: -22.8588761+3.5
 Parameter: YMAX <- "-19.3588761"
  
 CHARMM>            calc zmax = ?zmax + @dcut
 Parameter: DCUT -> "3.5"
 RDCMND substituted energy or value "?ZMAX" to "66.9854309"
Evaluating: 66.9854309+3.5
 Parameter: ZMAX <- "70.4854309"
  
 CHARMM>            calc xmin = ?xmin - @dcut
 Parameter: DCUT -> "3.5"
 RDCMND substituted energy or value "?XMIN" to "16.8773495"
Evaluating: 16.8773495-3.5
 Parameter: XMIN <- "13.3773495"
  
 CHARMM>            calc ymin = ?ymin - @dcut
 Parameter: DCUT -> "3.5"
 RDCMND substituted energy or value "?YMIN" to "-22.8588761"
Evaluating: -22.8588761-3.5
 Parameter: YMIN <- "-26.3588761"
  
 CHARMM>            calc zmin = ?zmin - @dcut
 Parameter: DCUT -> "3.5"
 RDCMND substituted energy or value "?ZMIN" to "66.9854309"
Evaluating: 66.9854309-3.5
 Parameter: ZMIN <- "63.4854309"
  
 CHARMM>     
  
 CHARMM>            define JUNK sele .not. target .and. -
 CHARMM>                             prop X .lt. @xmax .and. prop X .gt. @xmin .and. -
 CHARMM>                             prop Y .lt. @ymax .and. prop Y .gt. @ymin .and. -
 CHARMM>                             prop Z .lt. @zmax .and. prop Z .gt. @zmin  end
 Parameter: XMAX -> "20.3773495"
 Parameter: XMIN -> "13.3773495"
 Parameter: YMAX -> "-19.3588761"
 Parameter: YMIN -> "-26.3588761"
 Parameter: ZMAX -> "70.4854309"
 Parameter: ZMIN -> "63.4854309"
 SELRPN>      0 atoms have been selected out of   8612
  
 CHARMM>     
  
 CHARMM>            ! check if the ions are too close to protein
  
 CHARMM>            define XXX sele PROT end
 SELRPN>      0 atoms have been selected out of   8612
  
 CHARMM>            if ?nsel .gt. 0 then
 RDCMND substituted energy or value "?NSEL" to "0"
 Comparing "0" and "0".
 IF test evaluated as false.  Skip to ELSE or ENDIF
  
 CHARMM>     
  
 CHARMM>            ! check if the ions are too close to solute
  
 CHARMM>            coor dist cut 4.0 sele target end sele JUNK .and. .not. hydrogen end image
 SELRPN>      1 atoms have been selected out of  16051
 SELRPN>      0 atoms have been selected out of  16051

            DISTANCES FOR SELECTED ATOMS
            ONLY ONE SELECTION SET SPECIFIED, A COMPARISON WILL BE DONE
 TOTAL EXCLUSION COUNT =         0
 TOTAL 1-4 EXCLUSIONS  =         0
 TOTAL NON-EXCLUSIONS  =         0
  
 CHARMM>            if ?npair .gt. 0 goto doinit
 RDCMND substituted energy or value "?NPAIR" to "0"
 Comparing "0" and "0".
 IF test evaluated as false.  Skipping command
  
 CHARMM>     
  
 CHARMM>            calc cntrand = 0
Evaluating: 0
 Parameter: CNTRAND <- "0"
  
 CHARMM>            increase i by 1
 Parameter: I <- "31"
  
 CHARMM>            if i .le. @nion goto doinit
 Parameter: NION -> "36"
 Comparing "31" and "36".
 IF test evaluated as true.  Performing command
  
 CHARMM>     
  
 CHARMM>            calc cntrand = @cntrand + 1
 Parameter: CNTRAND -> "0"
Evaluating: 0+1
 Parameter: CNTRAND <- "1"
  
 CHARMM>            if cntrand .gt. 100 stop ! ABNORMAL TERMINATION: ion placing may not work.. stop here
 Comparing "1" and "100".
 IF test evaluated as false.  Skipping command
  
 CHARMM>     
  
 CHARMM>            calc j = @i
 Parameter: I -> "31"
Evaluating: 31
 Parameter: J <- "31"
  
 CHARMM>            set ion = POS
 Parameter: ION <- "POS"
  
 CHARMM>     
  
 CHARMM>            if j .gt. @npos then
 Parameter: NPOS -> "18"
 Comparing "31" and "18".
 IF test evaluated as true.  Performing command
  
 CHARMM>               set ion = NEG
 Parameter: ION <- "NEG"
  
 CHARMM>               calc j  = @j - @npos
 Parameter: J -> "31"
 Parameter: NPOS -> "18"
Evaluating: 31-18
 Parameter: J <- "13"
  
 CHARMM>            endif
  
 CHARMM>     
  
 CHARMM>            define target select segid @ion .and. resid @j end
 Parameter: ION -> "NEG"
 Parameter: J -> "13"
 SELRPN>      1 atoms have been selected out of   8612
  
 CHARMM>     
  
 CHARMM>            calc xpos = @A * ( ?random - 0.5 )
 Parameter: A -> "46.7504011"
 RDCMND substituted energy or value "?RANDOM" to "0.124988232"
Evaluating: 46.7504011*(0.124988232-0.5)
 Parameter: XPOS <- "-17.5319506"
  
 CHARMM>            calc ypos = @B * ( ?random - 0.5 )
 Parameter: B -> "46.7504011"
 RDCMND substituted energy or value "?RANDOM" to "5.167188815E-02"
Evaluating: 46.7504011*(5.167188815E-02-0.5)
 Parameter: YPOS <- "-20.9595191"
  
 CHARMM>            calc zpos = @C * ( ?random - 0.5 ) + @zcen
 Parameter: C -> "145"
 Parameter: ZCEN -> "0"
 RDCMND substituted energy or value "?RANDOM" to "7.56117238E-02"
Evaluating: 145*(7.56117238E-02-0.5)+0
 Parameter: ZPOS <- "-61.5363"
  
 CHARMM>     
  
 CHARMM>            if zpos .gt. -15 if zpos .lt. 15 goto doinit
 Comparing "-61.5363" and "-15".
 IF test evaluated as false.  Skipping command
  
 CHARMM>     
  
 CHARMM>            ! move target to selected position
  
 CHARMM>            coor stat select target end
 SELRPN>      1 atoms have been selected out of   8612
 STATISTICS FOR         1 SELECTED ATOMS:
    XMIN =    0.000000 XMAX =    0.000000 XAVE =    0.000000
    YMIN =    0.000000 YMAX =    0.000000 YAVE =    0.000000
    ZMIN =    0.000000 ZMAX =    0.000000 ZAVE =    0.000000
    WMIN =   -1.000000 WMAX =   -1.000000 WAVE =   -1.000000
  
 CHARMM>            calc xtran = @xpos - ?xave
 Parameter: XPOS -> "-17.5319506"
 RDCMND substituted energy or value "?XAVE" to "0"
Evaluating: -17.5319506-0
 Parameter: XTRAN <- "-17.5319506"
  
 CHARMM>            calc ytran = @ypos - ?yave
 Parameter: YPOS -> "-20.9595191"
 RDCMND substituted energy or value "?YAVE" to "0"
Evaluating: -20.9595191-0
 Parameter: YTRAN <- "-20.9595191"
  
 CHARMM>            calc ztran = @zpos - ?zave
 Parameter: ZPOS -> "-61.5363"
 RDCMND substituted energy or value "?ZAVE" to "0"
Evaluating: -61.5363-0
 Parameter: ZTRAN <- "-61.5363"
  
 CHARMM>            coor trans xdir @xtran ydir @ytran zdir @ztran select target end
 Parameter: XTRAN -> "-17.5319506"
 Parameter: YTRAN -> "-20.9595191"
 Parameter: ZTRAN -> "-61.5363"
 SELRPN>      1 atoms have been selected out of   8612
 TRANSLATION VECTOR   -17.531951  -20.959519  -61.536300
 SELECTED COORDINATES TRANSLATED IN THE MAIN SET.

  
 CHARMM>     
  
 CHARMM>            ! apply a random rotation along XYZ
  
 CHARMM>            calc xphi = ?random * 360.0
 RDCMND substituted energy or value "?RANDOM" to "0.692470217"
Evaluating: 0.692470217*360.0
 Parameter: XPHI <- "249.289278"
  
 CHARMM>            calc yphi = ?random * 360.0
 RDCMND substituted energy or value "?RANDOM" to "0.469782295"
Evaluating: 0.469782295*360.0
 Parameter: YPHI <- "169.121626"
  
 CHARMM>            calc zphi = ?random * 360.0
 RDCMND substituted energy or value "?RANDOM" to "0.302250797"
Evaluating: 0.302250797*360.0
 Parameter: ZPHI <- "108.810287"
  
 CHARMM>            coor rotate xcen @xpos ycen @ypos zcen @zpos xdir 1.0 -
 CHARMM>                phi @xphi select target end
 Parameter: XPOS -> "-17.5319506"
 Parameter: YPOS -> "-20.9595191"
 Parameter: ZPOS -> "-61.5363"
 Parameter: XPHI -> "249.289278"
 SELRPN>      1 atoms have been selected out of   8612
 ROTATION MATRIX
    1.000000    0.000000    0.000000
    0.000000   -0.353650   -0.935378
    0.000000    0.935378   -0.353650

 AXIS OF ROTATION IS -1.000000  0.000000  0.000000  ANGLE IS  110.71

 SELECTED COORDINATES ROTATED IN THE MAIN SET.

  
 CHARMM>            coor rotate xcen @xpos ycen @ypos zcen @zpos ydir 1.0 -
 CHARMM>                phi @yphi select target end
 Parameter: XPOS -> "-17.5319506"
 Parameter: YPOS -> "-20.9595191"
 Parameter: ZPOS -> "-61.5363"
 Parameter: YPHI -> "169.121626"
 SELRPN>      1 atoms have been selected out of   8612
 ROTATION MATRIX
   -0.982030    0.000000   -0.188725
    0.000000    1.000000    0.000000
    0.188725    0.000000   -0.982030

 AXIS OF ROTATION IS  0.000000  1.000000  0.000000  ANGLE IS  169.12

 SELECTED COORDINATES ROTATED IN THE MAIN SET.

  
 CHARMM>            coor rotate xcen @xpos ycen @ypos zcen @zpos zdir 1.0 -
 CHARMM>                phi @zphi select target end
 Parameter: XPOS -> "-17.5319506"
 Parameter: YPOS -> "-20.9595191"
 Parameter: ZPOS -> "-61.5363"
 Parameter: ZPHI -> "108.810287"
 SELRPN>      1 atoms have been selected out of   8612
 ROTATION MATRIX
   -0.322436    0.946591    0.000000
   -0.946591   -0.322436    0.000000
    0.000000    0.000000    1.000000

 AXIS OF ROTATION IS  0.000000  0.000000  1.000000  ANGLE IS  108.81

 SELECTED COORDINATES ROTATED IN THE MAIN SET.

  
 CHARMM>     
  
 CHARMM>     
  
 CHARMM>            calc dcut = 3.5
Evaluating: 3.5
 Parameter: DCUT <- "3.5"
  
 CHARMM>     
  
 CHARMM>            coor stat sele target end
 SELRPN>      1 atoms have been selected out of   8612
 STATISTICS FOR         1 SELECTED ATOMS:
    XMIN =  -17.531951 XMAX =  -17.531951 XAVE =  -17.531951
    YMIN =  -20.959519 YMAX =  -20.959519 YAVE =  -20.959519
    ZMIN =  -61.536300 ZMAX =  -61.536300 ZAVE =  -61.536300
    WMIN =   -1.000000 WMAX =   -1.000000 WAVE =   -1.000000
  
 CHARMM>            calc xmax = ?xmax + @dcut
 Parameter: DCUT -> "3.5"
 RDCMND substituted energy or value "?XMAX" to "-17.5319506"
Evaluating: -17.5319506+3.5
 Parameter: XMAX <- "-14.0319506"
  
 CHARMM>            calc ymax = ?ymax + @dcut
 Parameter: DCUT -> "3.5"
 RDCMND substituted energy or value "?YMAX" to "-20.9595191"
Evaluating: -20.9595191+3.5
 Parameter: YMAX <- "-17.4595191"
  
 CHARMM>            calc zmax = ?zmax + @dcut
 Parameter: DCUT -> "3.5"
 RDCMND substituted energy or value "?ZMAX" to "-61.5363"
Evaluating: -61.5363+3.5
 Parameter: ZMAX <- "-58.0363"
  
 CHARMM>            calc xmin = ?xmin - @dcut
 Parameter: DCUT -> "3.5"
 RDCMND substituted energy or value "?XMIN" to "-17.5319506"
Evaluating: -17.5319506-3.5
 Parameter: XMIN <- "-21.0319506"
  
 CHARMM>            calc ymin = ?ymin - @dcut
 Parameter: DCUT -> "3.5"
 RDCMND substituted energy or value "?YMIN" to "-20.9595191"
Evaluating: -20.9595191-3.5
 Parameter: YMIN <- "-24.4595191"
  
 CHARMM>            calc zmin = ?zmin - @dcut
 Parameter: DCUT -> "3.5"
 RDCMND substituted energy or value "?ZMIN" to "-61.5363"
Evaluating: -61.5363-3.5
 Parameter: ZMIN <- "-65.0363"
  
 CHARMM>     
  
 CHARMM>            define JUNK sele .not. target .and. -
 CHARMM>                             prop X .lt. @xmax .and. prop X .gt. @xmin .and. -
 CHARMM>                             prop Y .lt. @ymax .and. prop Y .gt. @ymin .and. -
 CHARMM>                             prop Z .lt. @zmax .and. prop Z .gt. @zmin  end
 Parameter: XMAX -> "-14.0319506"
 Parameter: XMIN -> "-21.0319506"
 Parameter: YMAX -> "-17.4595191"
 Parameter: YMIN -> "-24.4595191"
 Parameter: ZMAX -> "-58.0363"
 Parameter: ZMIN -> "-65.0363"
 SELRPN>      0 atoms have been selected out of   8612
  
 CHARMM>     
  
 CHARMM>            ! check if the ions are too close to protein
  
 CHARMM>            define XXX sele PROT end
 SELRPN>      0 atoms have been selected out of   8612
  
 CHARMM>            if ?nsel .gt. 0 then
 RDCMND substituted energy or value "?NSEL" to "0"
 Comparing "0" and "0".
 IF test evaluated as false.  Skip to ELSE or ENDIF
  
 CHARMM>     
  
 CHARMM>            ! check if the ions are too close to solute
  
 CHARMM>            coor dist cut 4.0 sele target end sele JUNK .and. .not. hydrogen end image
 SELRPN>      1 atoms have been selected out of  16051
 SELRPN>      0 atoms have been selected out of  16051

            DISTANCES FOR SELECTED ATOMS
            ONLY ONE SELECTION SET SPECIFIED, A COMPARISON WILL BE DONE
 TOTAL EXCLUSION COUNT =         0
 TOTAL 1-4 EXCLUSIONS  =         0
 TOTAL NON-EXCLUSIONS  =         0
  
 CHARMM>            if ?npair .gt. 0 goto doinit
 RDCMND substituted energy or value "?NPAIR" to "0"
 Comparing "0" and "0".
 IF test evaluated as false.  Skipping command
  
 CHARMM>     
  
 CHARMM>            calc cntrand = 0
Evaluating: 0
 Parameter: CNTRAND <- "0"
  
 CHARMM>            increase i by 1
 Parameter: I <- "32"
  
 CHARMM>            if i .le. @nion goto doinit
 Parameter: NION -> "36"
 Comparing "32" and "36".
 IF test evaluated as true.  Performing command
  
 CHARMM>     
  
 CHARMM>            calc cntrand = @cntrand + 1
 Parameter: CNTRAND -> "0"
Evaluating: 0+1
 Parameter: CNTRAND <- "1"
  
 CHARMM>            if cntrand .gt. 100 stop ! ABNORMAL TERMINATION: ion placing may not work.. stop here
 Comparing "1" and "100".
 IF test evaluated as false.  Skipping command
  
 CHARMM>     
  
 CHARMM>            calc j = @i
 Parameter: I -> "32"
Evaluating: 32
 Parameter: J <- "32"
  
 CHARMM>            set ion = POS
 Parameter: ION <- "POS"
  
 CHARMM>     
  
 CHARMM>            if j .gt. @npos then
 Parameter: NPOS -> "18"
 Comparing "32" and "18".
 IF test evaluated as true.  Performing command
  
 CHARMM>               set ion = NEG
 Parameter: ION <- "NEG"
  
 CHARMM>               calc j  = @j - @npos
 Parameter: J -> "32"
 Parameter: NPOS -> "18"
Evaluating: 32-18
 Parameter: J <- "14"
  
 CHARMM>            endif
  
 CHARMM>     
  
 CHARMM>            define target select segid @ion .and. resid @j end
 Parameter: ION -> "NEG"
 Parameter: J -> "14"
 SELRPN>      1 atoms have been selected out of   8612
  
 CHARMM>     
  
 CHARMM>            calc xpos = @A * ( ?random - 0.5 )
 Parameter: A -> "46.7504011"
 RDCMND substituted energy or value "?RANDOM" to "2.521252251E-02"
Evaluating: 46.7504011*(2.521252251E-02-0.5)
 Parameter: XPOS <- "-22.196505"
  
 CHARMM>            calc ypos = @B * ( ?random - 0.5 )
 Parameter: B -> "46.7504011"
 RDCMND substituted energy or value "?RANDOM" to "0.122711798"
Evaluating: 46.7504011*(0.122711798-0.5)
 Parameter: YPOS <- "-17.6383748"
  
 CHARMM>            calc zpos = @C * ( ?random - 0.5 ) + @zcen
 Parameter: C -> "145"
 Parameter: ZCEN -> "0"
 RDCMND substituted energy or value "?RANDOM" to "0.941172096"
Evaluating: 145*(0.941172096-0.5)+0
 Parameter: ZPOS <- "63.9699539"
  
 CHARMM>     
  
 CHARMM>            if zpos .gt. -15 if zpos .lt. 15 goto doinit
 Comparing "63.9699539" and "-15".
 IF test evaluated as true.  Performing command
 Comparing "63.9699539" and "15".
 IF test evaluated as false.  Skipping command
  
 CHARMM>     
  
 CHARMM>            ! move target to selected position
  
 CHARMM>            coor stat select target end
 SELRPN>      1 atoms have been selected out of   8612
 STATISTICS FOR         1 SELECTED ATOMS:
    XMIN =    0.000000 XMAX =    0.000000 XAVE =    0.000000
    YMIN =    0.000000 YMAX =    0.000000 YAVE =    0.000000
    ZMIN =    0.000000 ZMAX =    0.000000 ZAVE =    0.000000
    WMIN =   -1.000000 WMAX =   -1.000000 WAVE =   -1.000000
  
 CHARMM>            calc xtran = @xpos - ?xave
 Parameter: XPOS -> "-22.196505"
 RDCMND substituted energy or value "?XAVE" to "0"
Evaluating: -22.196505-0
 Parameter: XTRAN <- "-22.196505"
  
 CHARMM>            calc ytran = @ypos - ?yave
 Parameter: YPOS -> "-17.6383748"
 RDCMND substituted energy or value "?YAVE" to "0"
Evaluating: -17.6383748-0
 Parameter: YTRAN <- "-17.6383748"
  
 CHARMM>            calc ztran = @zpos - ?zave
 Parameter: ZPOS -> "63.9699539"
 RDCMND substituted energy or value "?ZAVE" to "0"
Evaluating: 63.9699539-0
 Parameter: ZTRAN <- "63.9699539"
  
 CHARMM>            coor trans xdir @xtran ydir @ytran zdir @ztran select target end
 Parameter: XTRAN -> "-22.196505"
 Parameter: YTRAN -> "-17.6383748"
 Parameter: ZTRAN -> "63.9699539"
 SELRPN>      1 atoms have been selected out of   8612
 TRANSLATION VECTOR   -22.196505  -17.638375   63.969954
 SELECTED COORDINATES TRANSLATED IN THE MAIN SET.

  
 CHARMM>     
  
 CHARMM>            ! apply a random rotation along XYZ
  
 CHARMM>            calc xphi = ?random * 360.0
 RDCMND substituted energy or value "?RANDOM" to "0.413493283"
Evaluating: 0.413493283*360.0
 Parameter: XPHI <- "148.857582"
  
 CHARMM>            calc yphi = ?random * 360.0
 RDCMND substituted energy or value "?RANDOM" to "0.807186085"
Evaluating: 0.807186085*360.0
 Parameter: YPHI <- "290.586991"
  
 CHARMM>            calc zphi = ?random * 360.0
 RDCMND substituted energy or value "?RANDOM" to "0.533363254"
Evaluating: 0.533363254*360.0
 Parameter: ZPHI <- "192.010771"
  
 CHARMM>            coor rotate xcen @xpos ycen @ypos zcen @zpos xdir 1.0 -
 CHARMM>                phi @xphi select target end
 Parameter: XPOS -> "-22.196505"
 Parameter: YPOS -> "-17.6383748"
 Parameter: ZPOS -> "63.9699539"
 Parameter: XPHI -> "148.857582"
 SELRPN>      1 atoms have been selected out of   8612
 ROTATION MATRIX
    1.000000    0.000000    0.000000
    0.000000   -0.855884    0.517167
    0.000000   -0.517167   -0.855884

 AXIS OF ROTATION IS  1.000000  0.000000  0.000000  ANGLE IS  148.86

 SELECTED COORDINATES ROTATED IN THE MAIN SET.

  
 CHARMM>            coor rotate xcen @xpos ycen @ypos zcen @zpos ydir 1.0 -
 CHARMM>                phi @yphi select target end
 Parameter: XPOS -> "-22.196505"
 Parameter: YPOS -> "-17.6383748"
 Parameter: ZPOS -> "63.9699539"
 Parameter: YPHI -> "290.586991"
 SELRPN>      1 atoms have been selected out of   8612
 ROTATION MATRIX
    0.351629    0.000000    0.936139
    0.000000    1.000000    0.000000
   -0.936139    0.000000    0.351629

 AXIS OF ROTATION IS  0.000000 -1.000000  0.000000  ANGLE IS   69.41

 SELECTED COORDINATES ROTATED IN THE MAIN SET.

  
 CHARMM>            coor rotate xcen @xpos ycen @ypos zcen @zpos zdir 1.0 -
 CHARMM>                phi @zphi select target end
 Parameter: XPOS -> "-22.196505"
 Parameter: YPOS -> "-17.6383748"
 Parameter: ZPOS -> "63.9699539"
 Parameter: ZPHI -> "192.010771"
 SELRPN>      1 atoms have been selected out of   8612
 ROTATION MATRIX
   -0.978108   -0.208096    0.000000
    0.208096   -0.978108    0.000000
    0.000000    0.000000    1.000000

 AXIS OF ROTATION IS  0.000000  0.000000 -1.000000  ANGLE IS  167.99

 SELECTED COORDINATES ROTATED IN THE MAIN SET.

  
 CHARMM>     
  
 CHARMM>     
  
 CHARMM>            calc dcut = 3.5
Evaluating: 3.5
 Parameter: DCUT <- "3.5"
  
 CHARMM>     
  
 CHARMM>            coor stat sele target end
 SELRPN>      1 atoms have been selected out of   8612
 STATISTICS FOR         1 SELECTED ATOMS:
    XMIN =  -22.196505 XMAX =  -22.196505 XAVE =  -22.196505
    YMIN =  -17.638375 YMAX =  -17.638375 YAVE =  -17.638375
    ZMIN =   63.969954 ZMAX =   63.969954 ZAVE =   63.969954
    WMIN =   -1.000000 WMAX =   -1.000000 WAVE =   -1.000000
  
 CHARMM>            calc xmax = ?xmax + @dcut
 Parameter: DCUT -> "3.5"
 RDCMND substituted energy or value "?XMAX" to "-22.196505"
Evaluating: -22.196505+3.5
 Parameter: XMAX <- "-18.696505"
  
 CHARMM>            calc ymax = ?ymax + @dcut
 Parameter: DCUT -> "3.5"
 RDCMND substituted energy or value "?YMAX" to "-17.6383748"
Evaluating: -17.6383748+3.5
 Parameter: YMAX <- "-14.1383748"
  
 CHARMM>            calc zmax = ?zmax + @dcut
 Parameter: DCUT -> "3.5"
 RDCMND substituted energy or value "?ZMAX" to "63.9699539"
Evaluating: 63.9699539+3.5
 Parameter: ZMAX <- "67.4699539"
  
 CHARMM>            calc xmin = ?xmin - @dcut
 Parameter: DCUT -> "3.5"
 RDCMND substituted energy or value "?XMIN" to "-22.196505"
Evaluating: -22.196505-3.5
 Parameter: XMIN <- "-25.696505"
  
 CHARMM>            calc ymin = ?ymin - @dcut
 Parameter: DCUT -> "3.5"
 RDCMND substituted energy or value "?YMIN" to "-17.6383748"
Evaluating: -17.6383748-3.5
 Parameter: YMIN <- "-21.1383748"
  
 CHARMM>            calc zmin = ?zmin - @dcut
 Parameter: DCUT -> "3.5"
 RDCMND substituted energy or value "?ZMIN" to "63.9699539"
Evaluating: 63.9699539-3.5
 Parameter: ZMIN <- "60.4699539"
  
 CHARMM>     
  
 CHARMM>            define JUNK sele .not. target .and. -
 CHARMM>                             prop X .lt. @xmax .and. prop X .gt. @xmin .and. -
 CHARMM>                             prop Y .lt. @ymax .and. prop Y .gt. @ymin .and. -
 CHARMM>                             prop Z .lt. @zmax .and. prop Z .gt. @zmin  end
 Parameter: XMAX -> "-18.696505"
 Parameter: XMIN -> "-25.696505"
 Parameter: YMAX -> "-14.1383748"
 Parameter: YMIN -> "-21.1383748"
 Parameter: ZMAX -> "67.4699539"
 Parameter: ZMIN -> "60.4699539"
 SELRPN>      0 atoms have been selected out of   8612
  
 CHARMM>     
  
 CHARMM>            ! check if the ions are too close to protein
  
 CHARMM>            define XXX sele PROT end
 SELRPN>      0 atoms have been selected out of   8612
  
 CHARMM>            if ?nsel .gt. 0 then
 RDCMND substituted energy or value "?NSEL" to "0"
 Comparing "0" and "0".
 IF test evaluated as false.  Skip to ELSE or ENDIF
  
 CHARMM>     
  
 CHARMM>            ! check if the ions are too close to solute
  
 CHARMM>            coor dist cut 4.0 sele target end sele JUNK .and. .not. hydrogen end image
 SELRPN>      1 atoms have been selected out of  16051
 SELRPN>      0 atoms have been selected out of  16051

            DISTANCES FOR SELECTED ATOMS
            ONLY ONE SELECTION SET SPECIFIED, A COMPARISON WILL BE DONE
 TOTAL EXCLUSION COUNT =         0
 TOTAL 1-4 EXCLUSIONS  =         0
 TOTAL NON-EXCLUSIONS  =         0
  
 CHARMM>            if ?npair .gt. 0 goto doinit
 RDCMND substituted energy or value "?NPAIR" to "0"
 Comparing "0" and "0".
 IF test evaluated as false.  Skipping command
  
 CHARMM>     
  
 CHARMM>            calc cntrand = 0
Evaluating: 0
 Parameter: CNTRAND <- "0"
  
 CHARMM>            increase i by 1
 Parameter: I <- "33"
  
 CHARMM>            if i .le. @nion goto doinit
 Parameter: NION -> "36"
 Comparing "33" and "36".
 IF test evaluated as true.  Performing command
  
 CHARMM>     
  
 CHARMM>            calc cntrand = @cntrand + 1
 Parameter: CNTRAND -> "0"
Evaluating: 0+1
 Parameter: CNTRAND <- "1"
  
 CHARMM>            if cntrand .gt. 100 stop ! ABNORMAL TERMINATION: ion placing may not work.. stop here
 Comparing "1" and "100".
 IF test evaluated as false.  Skipping command
  
 CHARMM>     
  
 CHARMM>            calc j = @i
 Parameter: I -> "33"
Evaluating: 33
 Parameter: J <- "33"
  
 CHARMM>            set ion = POS
 Parameter: ION <- "POS"
  
 CHARMM>     
  
 CHARMM>            if j .gt. @npos then
 Parameter: NPOS -> "18"
 Comparing "33" and "18".
 IF test evaluated as true.  Performing command
  
 CHARMM>               set ion = NEG
 Parameter: ION <- "NEG"
  
 CHARMM>               calc j  = @j - @npos
 Parameter: J -> "33"
 Parameter: NPOS -> "18"
Evaluating: 33-18
 Parameter: J <- "15"
  
 CHARMM>            endif
  
 CHARMM>     
  
 CHARMM>            define target select segid @ion .and. resid @j end
 Parameter: ION -> "NEG"
 Parameter: J -> "15"
 SELRPN>      1 atoms have been selected out of   8612
  
 CHARMM>     
  
 CHARMM>            calc xpos = @A * ( ?random - 0.5 )
 Parameter: A -> "46.7504011"
 RDCMND substituted energy or value "?RANDOM" to "0.289342704"
Evaluating: 46.7504011*(0.289342704-0.5)
 Parameter: XPOS <- "-9.84831308"
  
 CHARMM>            calc ypos = @B * ( ?random - 0.5 )
 Parameter: B -> "46.7504011"
 RDCMND substituted energy or value "?RANDOM" to "0.542736201"
Evaluating: 46.7504011*(0.542736201-0.5)
 Parameter: YPOS <- "1.99793454"
  
 CHARMM>            calc zpos = @C * ( ?random - 0.5 ) + @zcen
 Parameter: C -> "145"
 Parameter: ZCEN -> "0"
 RDCMND substituted energy or value "?RANDOM" to "4.979177856E-03"
Evaluating: 145*(4.979177856E-03-0.5)+0
 Parameter: ZPOS <- "-71.7780192"
  
 CHARMM>     
  
 CHARMM>            if zpos .gt. -15 if zpos .lt. 15 goto doinit
 Comparing "-71.7780192" and "-15".
 IF test evaluated as false.  Skipping command
  
 CHARMM>     
  
 CHARMM>            ! move target to selected position
  
 CHARMM>            coor stat select target end
 SELRPN>      1 atoms have been selected out of   8612
 STATISTICS FOR         1 SELECTED ATOMS:
    XMIN =    0.000000 XMAX =    0.000000 XAVE =    0.000000
    YMIN =    0.000000 YMAX =    0.000000 YAVE =    0.000000
    ZMIN =    0.000000 ZMAX =    0.000000 ZAVE =    0.000000
    WMIN =   -1.000000 WMAX =   -1.000000 WAVE =   -1.000000
  
 CHARMM>            calc xtran = @xpos - ?xave
 Parameter: XPOS -> "-9.84831308"
 RDCMND substituted energy or value "?XAVE" to "0"
Evaluating: -9.84831308-0
 Parameter: XTRAN <- "-9.84831308"
  
 CHARMM>            calc ytran = @ypos - ?yave
 Parameter: YPOS -> "1.99793454"
 RDCMND substituted energy or value "?YAVE" to "0"
Evaluating: 1.99793454-0
 Parameter: YTRAN <- "1.99793454"
  
 CHARMM>            calc ztran = @zpos - ?zave
 Parameter: ZPOS -> "-71.7780192"
 RDCMND substituted energy or value "?ZAVE" to "0"
Evaluating: -71.7780192-0
 Parameter: ZTRAN <- "-71.7780192"
  
 CHARMM>            coor trans xdir @xtran ydir @ytran zdir @ztran select target end
 Parameter: XTRAN -> "-9.84831308"
 Parameter: YTRAN -> "1.99793454"
 Parameter: ZTRAN -> "-71.7780192"
 SELRPN>      1 atoms have been selected out of   8612
 TRANSLATION VECTOR    -9.848313    1.997935  -71.778019
 SELECTED COORDINATES TRANSLATED IN THE MAIN SET.

  
 CHARMM>     
  
 CHARMM>            ! apply a random rotation along XYZ
  
 CHARMM>            calc xphi = ?random * 360.0
 RDCMND substituted energy or value "?RANDOM" to "0.196913195"
Evaluating: 0.196913195*360.0
 Parameter: XPHI <- "70.8887502"
  
 CHARMM>            calc yphi = ?random * 360.0
 RDCMND substituted energy or value "?RANDOM" to "0.327676831"
Evaluating: 0.327676831*360.0
 Parameter: YPHI <- "117.963659"
  
 CHARMM>            calc zphi = ?random * 360.0
 RDCMND substituted energy or value "?RANDOM" to "9.634513106E-02"
Evaluating: 9.634513106E-02*360.0
 Parameter: ZPHI <- "34.6842472"
  
 CHARMM>            coor rotate xcen @xpos ycen @ypos zcen @zpos xdir 1.0 -
 CHARMM>                phi @xphi select target end
 Parameter: XPOS -> "-9.84831308"
 Parameter: YPOS -> "1.99793454"
 Parameter: ZPOS -> "-71.7780192"
 Parameter: XPHI -> "70.8887502"
 SELRPN>      1 atoms have been selected out of   8612
 ROTATION MATRIX
    1.000000    0.000000    0.000000
    0.000000    0.327403    0.944885
    0.000000   -0.944885    0.327403

 AXIS OF ROTATION IS  1.000000  0.000000  0.000000  ANGLE IS   70.89

 SELECTED COORDINATES ROTATED IN THE MAIN SET.

  
 CHARMM>            coor rotate xcen @xpos ycen @ypos zcen @zpos ydir 1.0 -
 CHARMM>                phi @yphi select target end
 Parameter: XPOS -> "-9.84831308"
 Parameter: YPOS -> "1.99793454"
 Parameter: ZPOS -> "-71.7780192"
 Parameter: YPHI -> "117.963659"
 SELRPN>      1 atoms have been selected out of   8612
 ROTATION MATRIX
   -0.468911    0.000000   -0.883245
    0.000000    1.000000    0.000000
    0.883245    0.000000   -0.468911

 AXIS OF ROTATION IS  0.000000  1.000000  0.000000  ANGLE IS  117.96

 SELECTED COORDINATES ROTATED IN THE MAIN SET.

  
 CHARMM>            coor rotate xcen @xpos ycen @ypos zcen @zpos zdir 1.0 -
 CHARMM>                phi @zphi select target end
 Parameter: XPOS -> "-9.84831308"
 Parameter: YPOS -> "1.99793454"
 Parameter: ZPOS -> "-71.7780192"
 Parameter: ZPHI -> "34.6842472"
 SELRPN>      1 atoms have been selected out of   8612
 ROTATION MATRIX
    0.822301    0.569053    0.000000
   -0.569053    0.822301    0.000000
    0.000000    0.000000    1.000000

 AXIS OF ROTATION IS  0.000000  0.000000  1.000000  ANGLE IS   34.68

 SELECTED COORDINATES ROTATED IN THE MAIN SET.

  
 CHARMM>     
  
 CHARMM>     
  
 CHARMM>            calc dcut = 3.5
Evaluating: 3.5
 Parameter: DCUT <- "3.5"
  
 CHARMM>     
  
 CHARMM>            coor stat sele target end
 SELRPN>      1 atoms have been selected out of   8612
 STATISTICS FOR         1 SELECTED ATOMS:
    XMIN =   -9.848313 XMAX =   -9.848313 XAVE =   -9.848313
    YMIN =    1.997935 YMAX =    1.997935 YAVE =    1.997935
    ZMIN =  -71.778019 ZMAX =  -71.778019 ZAVE =  -71.778019
    WMIN =   -1.000000 WMAX =   -1.000000 WAVE =   -1.000000
  
 CHARMM>            calc xmax = ?xmax + @dcut
 Parameter: DCUT -> "3.5"
 RDCMND substituted energy or value "?XMAX" to "-9.84831308"
Evaluating: -9.84831308+3.5
 Parameter: XMAX <- "-6.34831308"
  
 CHARMM>            calc ymax = ?ymax + @dcut
 Parameter: DCUT -> "3.5"
 RDCMND substituted energy or value "?YMAX" to "1.99793454"
Evaluating: 1.99793454+3.5
 Parameter: YMAX <- "5.49793454"
  
 CHARMM>            calc zmax = ?zmax + @dcut
 Parameter: DCUT -> "3.5"
 RDCMND substituted energy or value "?ZMAX" to "-71.7780192"
Evaluating: -71.7780192+3.5
 Parameter: ZMAX <- "-68.2780192"
  
 CHARMM>            calc xmin = ?xmin - @dcut
 Parameter: DCUT -> "3.5"
 RDCMND substituted energy or value "?XMIN" to "-9.84831308"
Evaluating: -9.84831308-3.5
 Parameter: XMIN <- "-13.3483131"
  
 CHARMM>            calc ymin = ?ymin - @dcut
 Parameter: DCUT -> "3.5"
 RDCMND substituted energy or value "?YMIN" to "1.99793454"
Evaluating: 1.99793454-3.5
 Parameter: YMIN <- "-1.50206546"
  
 CHARMM>            calc zmin = ?zmin - @dcut
 Parameter: DCUT -> "3.5"
 RDCMND substituted energy or value "?ZMIN" to "-71.7780192"
Evaluating: -71.7780192-3.5
 Parameter: ZMIN <- "-75.2780192"
  
 CHARMM>     
  
 CHARMM>            define JUNK sele .not. target .and. -
 CHARMM>                             prop X .lt. @xmax .and. prop X .gt. @xmin .and. -
 CHARMM>                             prop Y .lt. @ymax .and. prop Y .gt. @ymin .and. -
 CHARMM>                             prop Z .lt. @zmax .and. prop Z .gt. @zmin  end
 Parameter: XMAX -> "-6.34831308"
 Parameter: XMIN -> "-13.3483131"
 Parameter: YMAX -> "5.49793454"
 Parameter: YMIN -> "-1.50206546"
 Parameter: ZMAX -> "-68.2780192"
 Parameter: ZMIN -> "-75.2780192"
 SELRPN>      0 atoms have been selected out of   8612
  
 CHARMM>     
  
 CHARMM>            ! check if the ions are too close to protein
  
 CHARMM>            define XXX sele PROT end
 SELRPN>      0 atoms have been selected out of   8612
  
 CHARMM>            if ?nsel .gt. 0 then
 RDCMND substituted energy or value "?NSEL" to "0"
 Comparing "0" and "0".
 IF test evaluated as false.  Skip to ELSE or ENDIF
  
 CHARMM>     
  
 CHARMM>            ! check if the ions are too close to solute
  
 CHARMM>            coor dist cut 4.0 sele target end sele JUNK .and. .not. hydrogen end image
 SELRPN>      1 atoms have been selected out of  16051
 SELRPN>      0 atoms have been selected out of  16051

            DISTANCES FOR SELECTED ATOMS
            ONLY ONE SELECTION SET SPECIFIED, A COMPARISON WILL BE DONE
 TOTAL EXCLUSION COUNT =         0
 TOTAL 1-4 EXCLUSIONS  =         0
 TOTAL NON-EXCLUSIONS  =         0
  
 CHARMM>            if ?npair .gt. 0 goto doinit
 RDCMND substituted energy or value "?NPAIR" to "0"
 Comparing "0" and "0".
 IF test evaluated as false.  Skipping command
  
 CHARMM>     
  
 CHARMM>            calc cntrand = 0
Evaluating: 0
 Parameter: CNTRAND <- "0"
  
 CHARMM>            increase i by 1
 Parameter: I <- "34"
  
 CHARMM>            if i .le. @nion goto doinit
 Parameter: NION -> "36"
 Comparing "34" and "36".
 IF test evaluated as true.  Performing command
  
 CHARMM>     
  
 CHARMM>            calc cntrand = @cntrand + 1
 Parameter: CNTRAND -> "0"
Evaluating: 0+1
 Parameter: CNTRAND <- "1"
  
 CHARMM>            if cntrand .gt. 100 stop ! ABNORMAL TERMINATION: ion placing may not work.. stop here
 Comparing "1" and "100".
 IF test evaluated as false.  Skipping command
  
 CHARMM>     
  
 CHARMM>            calc j = @i
 Parameter: I -> "34"
Evaluating: 34
 Parameter: J <- "34"
  
 CHARMM>            set ion = POS
 Parameter: ION <- "POS"
  
 CHARMM>     
  
 CHARMM>            if j .gt. @npos then
 Parameter: NPOS -> "18"
 Comparing "34" and "18".
 IF test evaluated as true.  Performing command
  
 CHARMM>               set ion = NEG
 Parameter: ION <- "NEG"
  
 CHARMM>               calc j  = @j - @npos
 Parameter: J -> "34"
 Parameter: NPOS -> "18"
Evaluating: 34-18
 Parameter: J <- "16"
  
 CHARMM>            endif
  
 CHARMM>     
  
 CHARMM>            define target select segid @ion .and. resid @j end
 Parameter: ION -> "NEG"
 Parameter: J -> "16"
 SELRPN>      1 atoms have been selected out of   8612
  
 CHARMM>     
  
 CHARMM>            calc xpos = @A * ( ?random - 0.5 )
 Parameter: A -> "46.7504011"
 RDCMND substituted energy or value "?RANDOM" to "0.786352422"
Evaluating: 46.7504011*(0.786352422-0.5)
 Parameter: XPOS <- "13.3870906"
  
 CHARMM>            calc ypos = @B * ( ?random - 0.5 )
 Parameter: B -> "46.7504011"
 RDCMND substituted energy or value "?RANDOM" to "0.515490833"
Evaluating: 46.7504011*(0.515490833-0.5)
 Parameter: YPOS <- "0.724202656"
  
 CHARMM>            calc zpos = @C * ( ?random - 0.5 ) + @zcen
 Parameter: C -> "145"
 Parameter: ZCEN -> "0"
 RDCMND substituted energy or value "?RANDOM" to "0.755483307"
Evaluating: 145*(0.755483307-0.5)+0
 Parameter: ZPOS <- "37.0450795"
  
 CHARMM>     
  
 CHARMM>            if zpos .gt. -15 if zpos .lt. 15 goto doinit
 Comparing "37.0450795" and "-15".
 IF test evaluated as true.  Performing command
 Comparing "37.0450795" and "15".
 IF test evaluated as false.  Skipping command
  
 CHARMM>     
  
 CHARMM>            ! move target to selected position
  
 CHARMM>            coor stat select target end
 SELRPN>      1 atoms have been selected out of   8612
 STATISTICS FOR         1 SELECTED ATOMS:
    XMIN =    0.000000 XMAX =    0.000000 XAVE =    0.000000
    YMIN =    0.000000 YMAX =    0.000000 YAVE =    0.000000
    ZMIN =    0.000000 ZMAX =    0.000000 ZAVE =    0.000000
    WMIN =   -1.000000 WMAX =   -1.000000 WAVE =   -1.000000
  
 CHARMM>            calc xtran = @xpos - ?xave
 Parameter: XPOS -> "13.3870906"
 RDCMND substituted energy or value "?XAVE" to "0"
Evaluating: 13.3870906-0
 Parameter: XTRAN <- "13.3870906"
  
 CHARMM>            calc ytran = @ypos - ?yave
 Parameter: YPOS -> "0.724202656"
 RDCMND substituted energy or value "?YAVE" to "0"
Evaluating: 0.724202656-0
 Parameter: YTRAN <- "0.724202656"
  
 CHARMM>            calc ztran = @zpos - ?zave
 Parameter: ZPOS -> "37.0450795"
 RDCMND substituted energy or value "?ZAVE" to "0"
Evaluating: 37.0450795-0
 Parameter: ZTRAN <- "37.0450795"
  
 CHARMM>            coor trans xdir @xtran ydir @ytran zdir @ztran select target end
 Parameter: XTRAN -> "13.3870906"
 Parameter: YTRAN -> "0.724202656"
 Parameter: ZTRAN -> "37.0450795"
 SELRPN>      1 atoms have been selected out of   8612
 TRANSLATION VECTOR    13.387091    0.724203   37.045079
 SELECTED COORDINATES TRANSLATED IN THE MAIN SET.

  
 CHARMM>     
  
 CHARMM>            ! apply a random rotation along XYZ
  
 CHARMM>            calc xphi = ?random * 360.0
 RDCMND substituted energy or value "?RANDOM" to "0.282562555"
Evaluating: 0.282562555*360.0
 Parameter: XPHI <- "101.72252"
  
 CHARMM>            calc yphi = ?random * 360.0
 RDCMND substituted energy or value "?RANDOM" to "0.123923344"
Evaluating: 0.123923344*360.0
 Parameter: YPHI <- "44.6124038"
  
 CHARMM>            calc zphi = ?random * 360.0
 RDCMND substituted energy or value "?RANDOM" to "0.501088602"
Evaluating: 0.501088602*360.0
 Parameter: ZPHI <- "180.391897"
  
 CHARMM>            coor rotate xcen @xpos ycen @ypos zcen @zpos xdir 1.0 -
 CHARMM>                phi @xphi select target end
 Parameter: XPOS -> "13.3870906"
 Parameter: YPOS -> "0.724202656"
 Parameter: ZPOS -> "37.0450795"
 Parameter: XPHI -> "101.72252"
 SELRPN>      1 atoms have been selected out of   8612
 ROTATION MATRIX
    1.000000    0.000000    0.000000
    0.000000   -0.203172    0.979143
    0.000000   -0.979143   -0.203172

 AXIS OF ROTATION IS  1.000000  0.000000  0.000000  ANGLE IS  101.72

 SELECTED COORDINATES ROTATED IN THE MAIN SET.

  
 CHARMM>            coor rotate xcen @xpos ycen @ypos zcen @zpos ydir 1.0 -
 CHARMM>                phi @yphi select target end
 Parameter: XPOS -> "13.3870906"
 Parameter: YPOS -> "0.724202656"
 Parameter: ZPOS -> "37.0450795"
 Parameter: YPHI -> "44.6124038"
 SELRPN>      1 atoms have been selected out of   8612
 ROTATION MATRIX
    0.711874    0.000000   -0.702307
    0.000000    1.000000    0.000000
    0.702307    0.000000    0.711874

 AXIS OF ROTATION IS  0.000000  1.000000  0.000000  ANGLE IS   44.61

 SELECTED COORDINATES ROTATED IN THE MAIN SET.

  
 CHARMM>            coor rotate xcen @xpos ycen @ypos zcen @zpos zdir 1.0 -
 CHARMM>                phi @zphi select target end
 Parameter: XPOS -> "13.3870906"
 Parameter: YPOS -> "0.724202656"
 Parameter: ZPOS -> "37.0450795"
 Parameter: ZPHI -> "180.391897"
 SELRPN>      1 atoms have been selected out of   8612
 ROTATION MATRIX
   -0.999977   -0.006840    0.000000
    0.006840   -0.999977    0.000000
    0.000000    0.000000    1.000000

 AXIS OF ROTATION IS  0.000000  0.000000 -1.000000  ANGLE IS  179.61

 SELECTED COORDINATES ROTATED IN THE MAIN SET.

  
 CHARMM>     
  
 CHARMM>     
  
 CHARMM>            calc dcut = 3.5
Evaluating: 3.5
 Parameter: DCUT <- "3.5"
  
 CHARMM>     
  
 CHARMM>            coor stat sele target end
 SELRPN>      1 atoms have been selected out of   8612
 STATISTICS FOR         1 SELECTED ATOMS:
    XMIN =   13.387091 XMAX =   13.387091 XAVE =   13.387091
    YMIN =    0.724203 YMAX =    0.724203 YAVE =    0.724203
    ZMIN =   37.045079 ZMAX =   37.045079 ZAVE =   37.045079
    WMIN =   -1.000000 WMAX =   -1.000000 WAVE =   -1.000000
  
 CHARMM>            calc xmax = ?xmax + @dcut
 Parameter: DCUT -> "3.5"
 RDCMND substituted energy or value "?XMAX" to "13.3870906"
Evaluating: 13.3870906+3.5
 Parameter: XMAX <- "16.8870906"
  
 CHARMM>            calc ymax = ?ymax + @dcut
 Parameter: DCUT -> "3.5"
 RDCMND substituted energy or value "?YMAX" to "0.724202656"
Evaluating: 0.724202656+3.5
 Parameter: YMAX <- "4.22420266"
  
 CHARMM>            calc zmax = ?zmax + @dcut
 Parameter: DCUT -> "3.5"
 RDCMND substituted energy or value "?ZMAX" to "37.0450795"
Evaluating: 37.0450795+3.5
 Parameter: ZMAX <- "40.5450795"
  
 CHARMM>            calc xmin = ?xmin - @dcut
 Parameter: DCUT -> "3.5"
 RDCMND substituted energy or value "?XMIN" to "13.3870906"
Evaluating: 13.3870906-3.5
 Parameter: XMIN <- "9.8870906"
  
 CHARMM>            calc ymin = ?ymin - @dcut
 Parameter: DCUT -> "3.5"
 RDCMND substituted energy or value "?YMIN" to "0.724202656"
Evaluating: 0.724202656-3.5
 Parameter: YMIN <- "-2.77579734"
  
 CHARMM>            calc zmin = ?zmin - @dcut
 Parameter: DCUT -> "3.5"
 RDCMND substituted energy or value "?ZMIN" to "37.0450795"
Evaluating: 37.0450795-3.5
 Parameter: ZMIN <- "33.5450795"
  
 CHARMM>     
  
 CHARMM>            define JUNK sele .not. target .and. -
 CHARMM>                             prop X .lt. @xmax .and. prop X .gt. @xmin .and. -
 CHARMM>                             prop Y .lt. @ymax .and. prop Y .gt. @ymin .and. -
 CHARMM>                             prop Z .lt. @zmax .and. prop Z .gt. @zmin  end
 Parameter: XMAX -> "16.8870906"
 Parameter: XMIN -> "9.8870906"
 Parameter: YMAX -> "4.22420266"
 Parameter: YMIN -> "-2.77579734"
 Parameter: ZMAX -> "40.5450795"
 Parameter: ZMIN -> "33.5450795"
 SELRPN>      0 atoms have been selected out of   8612
  
 CHARMM>     
  
 CHARMM>            ! check if the ions are too close to protein
  
 CHARMM>            define XXX sele PROT end
 SELRPN>      0 atoms have been selected out of   8612
  
 CHARMM>            if ?nsel .gt. 0 then
 RDCMND substituted energy or value "?NSEL" to "0"
 Comparing "0" and "0".
 IF test evaluated as false.  Skip to ELSE or ENDIF
  
 CHARMM>     
  
 CHARMM>            ! check if the ions are too close to solute
  
 CHARMM>            coor dist cut 4.0 sele target end sele JUNK .and. .not. hydrogen end image
 SELRPN>      1 atoms have been selected out of  16051
 SELRPN>      0 atoms have been selected out of  16051

            DISTANCES FOR SELECTED ATOMS
            ONLY ONE SELECTION SET SPECIFIED, A COMPARISON WILL BE DONE
 TOTAL EXCLUSION COUNT =         0
 TOTAL 1-4 EXCLUSIONS  =         0
 TOTAL NON-EXCLUSIONS  =         0
  
 CHARMM>            if ?npair .gt. 0 goto doinit
 RDCMND substituted energy or value "?NPAIR" to "0"
 Comparing "0" and "0".
 IF test evaluated as false.  Skipping command
  
 CHARMM>     
  
 CHARMM>            calc cntrand = 0
Evaluating: 0
 Parameter: CNTRAND <- "0"
  
 CHARMM>            increase i by 1
 Parameter: I <- "35"
  
 CHARMM>            if i .le. @nion goto doinit
 Parameter: NION -> "36"
 Comparing "35" and "36".
 IF test evaluated as true.  Performing command
  
 CHARMM>     
  
 CHARMM>            calc cntrand = @cntrand + 1
 Parameter: CNTRAND -> "0"
Evaluating: 0+1
 Parameter: CNTRAND <- "1"
  
 CHARMM>            if cntrand .gt. 100 stop ! ABNORMAL TERMINATION: ion placing may not work.. stop here
 Comparing "1" and "100".
 IF test evaluated as false.  Skipping command
  
 CHARMM>     
  
 CHARMM>            calc j = @i
 Parameter: I -> "35"
Evaluating: 35
 Parameter: J <- "35"
  
 CHARMM>            set ion = POS
 Parameter: ION <- "POS"
  
 CHARMM>     
  
 CHARMM>            if j .gt. @npos then
 Parameter: NPOS -> "18"
 Comparing "35" and "18".
 IF test evaluated as true.  Performing command
  
 CHARMM>               set ion = NEG
 Parameter: ION <- "NEG"
  
 CHARMM>               calc j  = @j - @npos
 Parameter: J -> "35"
 Parameter: NPOS -> "18"
Evaluating: 35-18
 Parameter: J <- "17"
  
 CHARMM>            endif
  
 CHARMM>     
  
 CHARMM>            define target select segid @ion .and. resid @j end
 Parameter: ION -> "NEG"
 Parameter: J -> "17"
 SELRPN>      1 atoms have been selected out of   8612
  
 CHARMM>     
  
 CHARMM>            calc xpos = @A * ( ?random - 0.5 )
 Parameter: A -> "46.7504011"
 RDCMND substituted energy or value "?RANDOM" to "1.934733749E-03"
Evaluating: 46.7504011*(1.934733749E-03-0.5)
 Parameter: XPOS <- "-23.284751"
  
 CHARMM>            calc ypos = @B * ( ?random - 0.5 )
 Parameter: B -> "46.7504011"
 RDCMND substituted energy or value "?RANDOM" to "0.598402605"
Evaluating: 46.7504011*(0.598402605-0.5)
 Parameter: YPOS <- "4.60036125"
  
 CHARMM>            calc zpos = @C * ( ?random - 0.5 ) + @zcen
 Parameter: C -> "145"
 Parameter: ZCEN -> "0"
 RDCMND substituted energy or value "?RANDOM" to "0.339511487"
Evaluating: 145*(0.339511487-0.5)+0
 Parameter: ZPOS <- "-23.2708344"
  
 CHARMM>     
  
 CHARMM>            if zpos .gt. -15 if zpos .lt. 15 goto doinit
 Comparing "-23.2708344" and "-15".
 IF test evaluated as false.  Skipping command
  
 CHARMM>     
  
 CHARMM>            ! move target to selected position
  
 CHARMM>            coor stat select target end
 SELRPN>      1 atoms have been selected out of   8612
 STATISTICS FOR         1 SELECTED ATOMS:
    XMIN =    0.000000 XMAX =    0.000000 XAVE =    0.000000
    YMIN =    0.000000 YMAX =    0.000000 YAVE =    0.000000
    ZMIN =    0.000000 ZMAX =    0.000000 ZAVE =    0.000000
    WMIN =   -1.000000 WMAX =   -1.000000 WAVE =   -1.000000
  
 CHARMM>            calc xtran = @xpos - ?xave
 Parameter: XPOS -> "-23.284751"
 RDCMND substituted energy or value "?XAVE" to "0"
Evaluating: -23.284751-0
 Parameter: XTRAN <- "-23.284751"
  
 CHARMM>            calc ytran = @ypos - ?yave
 Parameter: YPOS -> "4.60036125"
 RDCMND substituted energy or value "?YAVE" to "0"
Evaluating: 4.60036125-0
 Parameter: YTRAN <- "4.60036125"
  
 CHARMM>            calc ztran = @zpos - ?zave
 Parameter: ZPOS -> "-23.2708344"
 RDCMND substituted energy or value "?ZAVE" to "0"
Evaluating: -23.2708344-0
 Parameter: ZTRAN <- "-23.2708344"
  
 CHARMM>            coor trans xdir @xtran ydir @ytran zdir @ztran select target end
 Parameter: XTRAN -> "-23.284751"
 Parameter: YTRAN -> "4.60036125"
 Parameter: ZTRAN -> "-23.2708344"
 SELRPN>      1 atoms have been selected out of   8612
 TRANSLATION VECTOR   -23.284751    4.600361  -23.270834
 SELECTED COORDINATES TRANSLATED IN THE MAIN SET.

  
 CHARMM>     
  
 CHARMM>            ! apply a random rotation along XYZ
  
 CHARMM>            calc xphi = ?random * 360.0
 RDCMND substituted energy or value "?RANDOM" to "6.159500537E-02"
Evaluating: 6.159500537E-02*360.0
 Parameter: XPHI <- "22.1742019"
  
 CHARMM>            calc yphi = ?random * 360.0
 RDCMND substituted energy or value "?RANDOM" to "0.993678005"
Evaluating: 0.993678005*360.0
 Parameter: YPHI <- "357.724082"
  
 CHARMM>            calc zphi = ?random * 360.0
 RDCMND substituted energy or value "?RANDOM" to "0.523730848"
Evaluating: 0.523730848*360.0
 Parameter: ZPHI <- "188.543105"
  
 CHARMM>            coor rotate xcen @xpos ycen @ypos zcen @zpos xdir 1.0 -
 CHARMM>                phi @xphi select target end
 Parameter: XPOS -> "-23.284751"
 Parameter: YPOS -> "4.60036125"
 Parameter: ZPOS -> "-23.2708344"
 Parameter: XPHI -> "22.1742019"
 SELRPN>      1 atoms have been selected out of   8612
 ROTATION MATRIX
    1.000000    0.000000    0.000000
    0.000000    0.926041    0.377424
    0.000000   -0.377424    0.926041

 AXIS OF ROTATION IS  1.000000  0.000000  0.000000  ANGLE IS   22.17

 SELECTED COORDINATES ROTATED IN THE MAIN SET.

  
 CHARMM>            coor rotate xcen @xpos ycen @ypos zcen @zpos ydir 1.0 -
 CHARMM>                phi @yphi select target end
 Parameter: XPOS -> "-23.284751"
 Parameter: YPOS -> "4.60036125"
 Parameter: ZPOS -> "-23.2708344"
 Parameter: YPHI -> "357.724082"
 SELRPN>      1 atoms have been selected out of   8612
 ROTATION MATRIX
    0.999211    0.000000    0.039712
    0.000000    1.000000    0.000000
   -0.039712    0.000000    0.999211

 AXIS OF ROTATION IS  0.000000 -1.000000  0.000000  ANGLE IS    2.28

 SELECTED COORDINATES ROTATED IN THE MAIN SET.

  
 CHARMM>            coor rotate xcen @xpos ycen @ypos zcen @zpos zdir 1.0 -
 CHARMM>                phi @zphi select target end
 Parameter: XPOS -> "-23.284751"
 Parameter: YPOS -> "4.60036125"
 Parameter: ZPOS -> "-23.2708344"
 Parameter: ZPHI -> "188.543105"
 SELRPN>      1 atoms have been selected out of   8612
 ROTATION MATRIX
   -0.988904   -0.148553    0.000000
    0.148553   -0.988904    0.000000
    0.000000    0.000000    1.000000

 AXIS OF ROTATION IS  0.000000  0.000000 -1.000000  ANGLE IS  171.46

 SELECTED COORDINATES ROTATED IN THE MAIN SET.

  
 CHARMM>     
  
 CHARMM>     
  
 CHARMM>            calc dcut = 3.5
Evaluating: 3.5
 Parameter: DCUT <- "3.5"
  
 CHARMM>     
  
 CHARMM>            coor stat sele target end
 SELRPN>      1 atoms have been selected out of   8612
 STATISTICS FOR         1 SELECTED ATOMS:
    XMIN =  -23.284751 XMAX =  -23.284751 XAVE =  -23.284751
    YMIN =    4.600361 YMAX =    4.600361 YAVE =    4.600361
    ZMIN =  -23.270834 ZMAX =  -23.270834 ZAVE =  -23.270834
    WMIN =   -1.000000 WMAX =   -1.000000 WAVE =   -1.000000
  
 CHARMM>            calc xmax = ?xmax + @dcut
 Parameter: DCUT -> "3.5"
 RDCMND substituted energy or value "?XMAX" to "-23.284751"
Evaluating: -23.284751+3.5
 Parameter: XMAX <- "-19.784751"
  
 CHARMM>            calc ymax = ?ymax + @dcut
 Parameter: DCUT -> "3.5"
 RDCMND substituted energy or value "?YMAX" to "4.60036125"
Evaluating: 4.60036125+3.5
 Parameter: YMAX <- "8.10036125"
  
 CHARMM>            calc zmax = ?zmax + @dcut
 Parameter: DCUT -> "3.5"
 RDCMND substituted energy or value "?ZMAX" to "-23.2708344"
Evaluating: -23.2708344+3.5
 Parameter: ZMAX <- "-19.7708344"
  
 CHARMM>            calc xmin = ?xmin - @dcut
 Parameter: DCUT -> "3.5"
 RDCMND substituted energy or value "?XMIN" to "-23.284751"
Evaluating: -23.284751-3.5
 Parameter: XMIN <- "-26.784751"
  
 CHARMM>            calc ymin = ?ymin - @dcut
 Parameter: DCUT -> "3.5"
 RDCMND substituted energy or value "?YMIN" to "4.60036125"
Evaluating: 4.60036125-3.5
 Parameter: YMIN <- "1.10036125"
  
 CHARMM>            calc zmin = ?zmin - @dcut
 Parameter: DCUT -> "3.5"
 RDCMND substituted energy or value "?ZMIN" to "-23.2708344"
Evaluating: -23.2708344-3.5
 Parameter: ZMIN <- "-26.7708344"
  
 CHARMM>     
  
 CHARMM>            define JUNK sele .not. target .and. -
 CHARMM>                             prop X .lt. @xmax .and. prop X .gt. @xmin .and. -
 CHARMM>                             prop Y .lt. @ymax .and. prop Y .gt. @ymin .and. -
 CHARMM>                             prop Z .lt. @zmax .and. prop Z .gt. @zmin  end
 Parameter: XMAX -> "-19.784751"
 Parameter: XMIN -> "-26.784751"
 Parameter: YMAX -> "8.10036125"
 Parameter: YMIN -> "1.10036125"
 Parameter: ZMAX -> "-19.7708344"
 Parameter: ZMIN -> "-26.7708344"
 SELRPN>      0 atoms have been selected out of   8612
  
 CHARMM>     
  
 CHARMM>            ! check if the ions are too close to protein
  
 CHARMM>            define XXX sele PROT end
 SELRPN>      0 atoms have been selected out of   8612
  
 CHARMM>            if ?nsel .gt. 0 then
 RDCMND substituted energy or value "?NSEL" to "0"
 Comparing "0" and "0".
 IF test evaluated as false.  Skip to ELSE or ENDIF
  
 CHARMM>     
  
 CHARMM>            ! check if the ions are too close to solute
  
 CHARMM>            coor dist cut 4.0 sele target end sele JUNK .and. .not. hydrogen end image
 SELRPN>      1 atoms have been selected out of  16051
 SELRPN>      0 atoms have been selected out of  16051

            DISTANCES FOR SELECTED ATOMS
            ONLY ONE SELECTION SET SPECIFIED, A COMPARISON WILL BE DONE
 TOTAL EXCLUSION COUNT =         0
 TOTAL 1-4 EXCLUSIONS  =         0
 TOTAL NON-EXCLUSIONS  =         0
  
 CHARMM>            if ?npair .gt. 0 goto doinit
 RDCMND substituted energy or value "?NPAIR" to "0"
 Comparing "0" and "0".
 IF test evaluated as false.  Skipping command
  
 CHARMM>     
  
 CHARMM>            calc cntrand = 0
Evaluating: 0
 Parameter: CNTRAND <- "0"
  
 CHARMM>            increase i by 1
 Parameter: I <- "36"
  
 CHARMM>            if i .le. @nion goto doinit
 Parameter: NION -> "36"
 Comparing "36" and "36".
 IF test evaluated as true.  Performing command
  
 CHARMM>     
  
 CHARMM>            calc cntrand = @cntrand + 1
 Parameter: CNTRAND -> "0"
Evaluating: 0+1
 Parameter: CNTRAND <- "1"
  
 CHARMM>            if cntrand .gt. 100 stop ! ABNORMAL TERMINATION: ion placing may not work.. stop here
 Comparing "1" and "100".
 IF test evaluated as false.  Skipping command
  
 CHARMM>     
  
 CHARMM>            calc j = @i
 Parameter: I -> "36"
Evaluating: 36
 Parameter: J <- "36"
  
 CHARMM>            set ion = POS
 Parameter: ION <- "POS"
  
 CHARMM>     
  
 CHARMM>            if j .gt. @npos then
 Parameter: NPOS -> "18"
 Comparing "36" and "18".
 IF test evaluated as true.  Performing command
  
 CHARMM>               set ion = NEG
 Parameter: ION <- "NEG"
  
 CHARMM>               calc j  = @j - @npos
 Parameter: J -> "36"
 Parameter: NPOS -> "18"
Evaluating: 36-18
 Parameter: J <- "18"
  
 CHARMM>            endif
  
 CHARMM>     
  
 CHARMM>            define target select segid @ion .and. resid @j end
 Parameter: ION -> "NEG"
 Parameter: J -> "18"
 SELRPN>      1 atoms have been selected out of   8612
  
 CHARMM>     
  
 CHARMM>            calc xpos = @A * ( ?random - 0.5 )
 Parameter: A -> "46.7504011"
 RDCMND substituted energy or value "?RANDOM" to "0.772669895"
Evaluating: 46.7504011*(0.772669895-0.5)
 Parameter: XPOS <- "12.747427"
  
 CHARMM>            calc ypos = @B * ( ?random - 0.5 )
 Parameter: B -> "46.7504011"
 RDCMND substituted energy or value "?RANDOM" to "0.374393924"
Evaluating: 46.7504011*(0.374393924-0.5)
 Parameter: YPOS <- "-5.87213443"
  
 CHARMM>            calc zpos = @C * ( ?random - 0.5 ) + @zcen
 Parameter: C -> "145"
 Parameter: ZCEN -> "0"
 RDCMND substituted energy or value "?RANDOM" to "0.994631847"
Evaluating: 145*(0.994631847-0.5)+0
 Parameter: ZPOS <- "71.7216178"
  
 CHARMM>     
  
 CHARMM>            if zpos .gt. -15 if zpos .lt. 15 goto doinit
 Comparing "71.7216178" and "-15".
 IF test evaluated as true.  Performing command
 Comparing "71.7216178" and "15".
 IF test evaluated as false.  Skipping command
  
 CHARMM>     
  
 CHARMM>            ! move target to selected position
  
 CHARMM>            coor stat select target end
 SELRPN>      1 atoms have been selected out of   8612
 STATISTICS FOR         1 SELECTED ATOMS:
    XMIN =    0.000000 XMAX =    0.000000 XAVE =    0.000000
    YMIN =    0.000000 YMAX =    0.000000 YAVE =    0.000000
    ZMIN =    0.000000 ZMAX =    0.000000 ZAVE =    0.000000
    WMIN =   -1.000000 WMAX =   -1.000000 WAVE =   -1.000000
  
 CHARMM>            calc xtran = @xpos - ?xave
 Parameter: XPOS -> "12.747427"
 RDCMND substituted energy or value "?XAVE" to "0"
Evaluating: 12.747427-0
 Parameter: XTRAN <- "12.747427"
  
 CHARMM>            calc ytran = @ypos - ?yave
 Parameter: YPOS -> "-5.87213443"
 RDCMND substituted energy or value "?YAVE" to "0"
Evaluating: -5.87213443-0
 Parameter: YTRAN <- "-5.87213443"
  
 CHARMM>            calc ztran = @zpos - ?zave
 Parameter: ZPOS -> "71.7216178"
 RDCMND substituted energy or value "?ZAVE" to "0"
Evaluating: 71.7216178-0
 Parameter: ZTRAN <- "71.7216178"
  
 CHARMM>            coor trans xdir @xtran ydir @ytran zdir @ztran select target end
 Parameter: XTRAN -> "12.747427"
 Parameter: YTRAN -> "-5.87213443"
 Parameter: ZTRAN -> "71.7216178"
 SELRPN>      1 atoms have been selected out of   8612
 TRANSLATION VECTOR    12.747427   -5.872134   71.721618
 SELECTED COORDINATES TRANSLATED IN THE MAIN SET.

  
 CHARMM>     
  
 CHARMM>            ! apply a random rotation along XYZ
  
 CHARMM>            calc xphi = ?random * 360.0
 RDCMND substituted energy or value "?RANDOM" to "0.749666192"
Evaluating: 0.749666192*360.0
 Parameter: XPHI <- "269.879829"
  
 CHARMM>            calc yphi = ?random * 360.0
 RDCMND substituted energy or value "?RANDOM" to "0.355128794"
Evaluating: 0.355128794*360.0
 Parameter: YPHI <- "127.846366"
  
 CHARMM>            calc zphi = ?random * 360.0
 RDCMND substituted energy or value "?RANDOM" to "0.996978208"
Evaluating: 0.996978208*360.0
 Parameter: ZPHI <- "358.912155"
  
 CHARMM>            coor rotate xcen @xpos ycen @ypos zcen @zpos xdir 1.0 -
 CHARMM>                phi @xphi select target end
 Parameter: XPOS -> "12.747427"
 Parameter: YPOS -> "-5.87213443"
 Parameter: ZPOS -> "71.7216178"
 Parameter: XPHI -> "269.879829"
 SELRPN>      1 atoms have been selected out of   8612
 ROTATION MATRIX
    1.000000    0.000000    0.000000
    0.000000   -0.002097   -0.999998
    0.000000    0.999998   -0.002097

 AXIS OF ROTATION IS -1.000000  0.000000  0.000000  ANGLE IS   90.12

 SELECTED COORDINATES ROTATED IN THE MAIN SET.

  
 CHARMM>            coor rotate xcen @xpos ycen @ypos zcen @zpos ydir 1.0 -
 CHARMM>                phi @yphi select target end
 Parameter: XPOS -> "12.747427"
 Parameter: YPOS -> "-5.87213443"
 Parameter: ZPOS -> "71.7216178"
 Parameter: YPHI -> "127.846366"
 SELRPN>      1 atoms have been selected out of   8612
 ROTATION MATRIX
   -0.613546    0.000000   -0.789659
    0.000000    1.000000    0.000000
    0.789659    0.000000   -0.613546

 AXIS OF ROTATION IS  0.000000  1.000000  0.000000  ANGLE IS  127.85

 SELECTED COORDINATES ROTATED IN THE MAIN SET.

  
 CHARMM>            coor rotate xcen @xpos ycen @ypos zcen @zpos zdir 1.0 -
 CHARMM>                phi @zphi select target end
 Parameter: XPOS -> "12.747427"
 Parameter: YPOS -> "-5.87213443"
 Parameter: ZPOS -> "71.7216178"
 Parameter: ZPHI -> "358.912155"
 SELRPN>      1 atoms have been selected out of   8612
 ROTATION MATRIX
    0.999820   -0.018985    0.000000
    0.018985    0.999820    0.000000
    0.000000    0.000000    1.000000

 AXIS OF ROTATION IS  0.000000  0.000000 -1.000000  ANGLE IS    1.09

 SELECTED COORDINATES ROTATED IN THE MAIN SET.

  
 CHARMM>     
  
 CHARMM>     
  
 CHARMM>            calc dcut = 3.5
Evaluating: 3.5
 Parameter: DCUT <- "3.5"
  
 CHARMM>     
  
 CHARMM>            coor stat sele target end
 SELRPN>      1 atoms have been selected out of   8612
 STATISTICS FOR         1 SELECTED ATOMS:
    XMIN =   12.747427 XMAX =   12.747427 XAVE =   12.747427
    YMIN =   -5.872134 YMAX =   -5.872134 YAVE =   -5.872134
    ZMIN =   71.721618 ZMAX =   71.721618 ZAVE =   71.721618
    WMIN =   -1.000000 WMAX =   -1.000000 WAVE =   -1.000000
  
 CHARMM>            calc xmax = ?xmax + @dcut
 Parameter: DCUT -> "3.5"
 RDCMND substituted energy or value "?XMAX" to "12.747427"
Evaluating: 12.747427+3.5
 Parameter: XMAX <- "16.247427"
  
 CHARMM>            calc ymax = ?ymax + @dcut
 Parameter: DCUT -> "3.5"
 RDCMND substituted energy or value "?YMAX" to "-5.87213443"
Evaluating: -5.87213443+3.5
 Parameter: YMAX <- "-2.37213443"
  
 CHARMM>            calc zmax = ?zmax + @dcut
 Parameter: DCUT -> "3.5"
 RDCMND substituted energy or value "?ZMAX" to "71.7216178"
Evaluating: 71.7216178+3.5
 Parameter: ZMAX <- "75.2216178"
  
 CHARMM>            calc xmin = ?xmin - @dcut
 Parameter: DCUT -> "3.5"
 RDCMND substituted energy or value "?XMIN" to "12.747427"
Evaluating: 12.747427-3.5
 Parameter: XMIN <- "9.247427"
  
 CHARMM>            calc ymin = ?ymin - @dcut
 Parameter: DCUT -> "3.5"
 RDCMND substituted energy or value "?YMIN" to "-5.87213443"
Evaluating: -5.87213443-3.5
 Parameter: YMIN <- "-9.37213443"
  
 CHARMM>            calc zmin = ?zmin - @dcut
 Parameter: DCUT -> "3.5"
 RDCMND substituted energy or value "?ZMIN" to "71.7216178"
Evaluating: 71.7216178-3.5
 Parameter: ZMIN <- "68.2216178"
  
 CHARMM>     
  
 CHARMM>            define JUNK sele .not. target .and. -
 CHARMM>                             prop X .lt. @xmax .and. prop X .gt. @xmin .and. -
 CHARMM>                             prop Y .lt. @ymax .and. prop Y .gt. @ymin .and. -
 CHARMM>                             prop Z .lt. @zmax .and. prop Z .gt. @zmin  end
 Parameter: XMAX -> "16.247427"
 Parameter: XMIN -> "9.247427"
 Parameter: YMAX -> "-2.37213443"
 Parameter: YMIN -> "-9.37213443"
 Parameter: ZMAX -> "75.2216178"
 Parameter: ZMIN -> "68.2216178"
 SELRPN>      0 atoms have been selected out of   8612
  
 CHARMM>     
  
 CHARMM>            ! check if the ions are too close to protein
  
 CHARMM>            define XXX sele PROT end
 SELRPN>      0 atoms have been selected out of   8612
  
 CHARMM>            if ?nsel .gt. 0 then
 RDCMND substituted energy or value "?NSEL" to "0"
 Comparing "0" and "0".
 IF test evaluated as false.  Skip to ELSE or ENDIF
  
 CHARMM>     
  
 CHARMM>            ! check if the ions are too close to solute
  
 CHARMM>            coor dist cut 4.0 sele target end sele JUNK .and. .not. hydrogen end image
 SELRPN>      1 atoms have been selected out of  16051
 SELRPN>      0 atoms have been selected out of  16051

            DISTANCES FOR SELECTED ATOMS
            ONLY ONE SELECTION SET SPECIFIED, A COMPARISON WILL BE DONE
 TOTAL EXCLUSION COUNT =         0
 TOTAL 1-4 EXCLUSIONS  =         0
 TOTAL NON-EXCLUSIONS  =         0
  
 CHARMM>            if ?npair .gt. 0 goto doinit
 RDCMND substituted energy or value "?NPAIR" to "0"
 Comparing "0" and "0".
 IF test evaluated as false.  Skipping command
  
 CHARMM>     
  
 CHARMM>            calc cntrand = 0
Evaluating: 0
 Parameter: CNTRAND <- "0"
  
 CHARMM>            increase i by 1
 Parameter: I <- "37"
  
 CHARMM>            if i .le. @nion goto doinit
 Parameter: NION -> "36"
 Comparing "37" and "36".
 IF test evaluated as false.  Skipping command
  
 CHARMM>     
  
 CHARMM>        label continue
  
 CHARMM>     
  
 CHARMM>        CRYSTAL FREE
  
 CHARMM>     
  
 CHARMM>        ! get the number of @pos residues to reorder
  
 CHARMM>        define JUNK sele ( segid IONS .or. LPSION ) .and. resname @pos end
 Parameter: POS -> "POT"
 SELRPN>      0 atoms have been selected out of   8612
  
 CHARMM>        set natoms = ?nsel
 RDCMND substituted energy or value "?NSEL" to "0"
 Parameter: NATOMS <- "0"
  
 CHARMM>        calc nresi = @natoms / @natompos
 Parameter: NATOMS -> "0"
 Parameter: NATOMPOS -> "1"
Evaluating: 0/1
 Parameter: NRESI <- "0"
  
 CHARMM>        incr npos by @nresi
 Parameter: NRESI -> "0"
 Parameter: NPOS <- "18"
  
 CHARMM>     
  
 CHARMM>        ! join POS to @pos via reordering
  
 CHARMM>        if nresi .gt. 0 then
 Comparing "0" and "0".
 IF test evaluated as false.  Skip to ELSE or ENDIF
  
 CHARMM>     
  
 CHARMM>        ! update LPS selection
  
 CHARMM>        define LPSION sele segid LION .or. segid CION .or. segid OION end
 SELRPN>      0 atoms have been selected out of   8612
  
 CHARMM>     
  
 CHARMM>        ! get the number of @neg residues to reorder
  
 CHARMM>        define JUNK sele ( segid IONS .or. LPSION ) .and. resname @neg end
 Parameter: NEG -> "CLA"
 SELRPN>      0 atoms have been selected out of   8612
  
 CHARMM>        set natoms = ?nsel
 RDCMND substituted energy or value "?NSEL" to "0"
 Parameter: NATOMS <- "0"
  
 CHARMM>        calc nresi = @natoms / @natomneg
 Parameter: NATOMS -> "0"
 Parameter: NATOMNEG -> "1"
Evaluating: 0/1
 Parameter: NRESI <- "0"
  
 CHARMM>        incr nneg by @nresi
 Parameter: NRESI -> "0"
 Parameter: NNEG <- "18"
  
 CHARMM>     
  
 CHARMM>        ! join NEG to @neg via reordering
  
 CHARMM>        if nresi .gt. 0 then
 Comparing "0" and "0".
 IF test evaluated as false.  Skip to ELSE or ENDIF
  
 CHARMM>            ! if POS was reordered, NEG may still need to be reordered
  
 CHARMM>            define POS sele segid POS end
 SELRPN>     18 atoms have been selected out of   8612
  
 CHARMM>            set posat = ?selatom
 RDCMND substituted energy or value "?SELATOM" to "8577"
 Parameter: POSAT <- "8577"
  
 CHARMM>     
  
 CHARMM>            define NEG sele segid NEG end
 SELRPN>     18 atoms have been selected out of   8612
  
 CHARMM>            set negat = ?selatom
 RDCMND substituted energy or value "?SELATOM" to "8595"
 Parameter: NEGAT <- "8595"
  
 CHARMM>     
  
 CHARMM>            if negat .eq. 0 goto skipreorder
 Comparing "8595" and "0".
 IF test evaluated as false.  Skipping command
  
 CHARMM>     
  
 CHARMM>            if posat .gt. @negat then
 Parameter: NEGAT -> "8595"
 Comparing "8577" and "8595".
 IF test evaluated as false.  Skip to ELSE or ENDIF
  
 CHARMM>        endif
  
 CHARMM>     
  
 CHARMM>        label skipreorder
  
 CHARMM>     
  
 CHARMM>        ! update LPS selection
  
 CHARMM>        define LPSION sele segid LION .or. segid CION .or. segid OION end
 SELRPN>      0 atoms have been selected out of   8612
  
 CHARMM>     
  
 CHARMM>        !
  
 CHARMM>        ! join everything to IONS segment
  
 CHARMM>        !
  
 CHARMM>        define IONS sele segid IONS end
 SELRPN>      0 atoms have been selected out of   8612
  
 CHARMM>        set nionatoms = ?nsel
 RDCMND substituted energy or value "?NSEL" to "0"
 Parameter: NIONATOMS <- "0"
  
 CHARMM>     
  
 CHARMM>        define POS sele segid POS end
 SELRPN>     18 atoms have been selected out of   8612
  
 CHARMM>        set nposatoms = ?nsel
 RDCMND substituted energy or value "?NSEL" to "18"
 Parameter: NPOSATOMS <- "18"
  
 CHARMM>     
  
 CHARMM>        define NEG sele segid NEG end
 SELRPN>     18 atoms have been selected out of   8612
  
 CHARMM>        set nnegatoms = ?nsel
 RDCMND substituted energy or value "?NSEL" to "18"
 Parameter: NNEGATOMS <- "18"
  
 CHARMM>     
  
 CHARMM>        if nionatoms .gt. 0 then
 Comparing "0" and "0".
 IF test evaluated as false.  Skip to ELSE or ENDIF
  
 CHARMM>            rename segid IONS sele segid POS end
 SELRPN>     18 atoms have been selected out of   8612
 SEGMENT 'POS     ' IS RENAMED TO 'IONS    '
  
 CHARMM>        endif
  
 CHARMM>     
  
 CHARMM>        define IONS sele segid IONS end
 SELRPN>     18 atoms have been selected out of   8612
  
 CHARMM>        set nionatoms = ?nsel
 RDCMND substituted energy or value "?NSEL" to "18"
 Parameter: NIONATOMS <- "18"
  
 CHARMM>     
  
 CHARMM>        if nionatoms .gt. 0 then
 Comparing "18" and "0".
 IF test evaluated as true.  Performing command
  
 CHARMM>            if nnegatoms .gt. 0 join IONS NEG renumber
 Comparing "18" and "0".
 IF test evaluated as true.  Performing command
 SEGMENTS "IONS    " AND "NEG     " HAVE BEEN JOINED.
 THE RESIDUE IDENTIFIERS HAVE BEEN RENUMBERED
 PSFSUM> PSF modified: NONBOND lists and IMAGE atoms cleared.
 PSFSUM> Summary of the structure file counters :
         Number of segments      =        2   Number of residues   =      100
         Number of atoms         =     8612   Number of groups     =     2212
         Number of bonds         =     8512   Number of angles     =    16384
         Number of dihedrals     =    22784   Number of impropers  =      128
         Number of cross-terms   =        0   Number of autogens   =        0
         Number of HB acceptors  =        0   Number of HB donors  =        0
         Number of NB exclusions =        0   Total charge =    0.00000
  
 CHARMM>        else
 Skip commands until next ENDIF
  
 CHARMM>     
  
 CHARMM>        incr ionind
 Parameter: IONIND <- "2"
  
 CHARMM>        if ionind le @niontypes goto do_ion
 Parameter: NIONTYPES -> "1"
 Comparing "2" and "1".
 IF test evaluated as false.  Skipping command
  
 CHARMM>     
  
 CHARMM>     
  
 CHARMM>    CRYSTAL FREE
  
 CHARMM>     
  
 CHARMM>    open read unit 10 card name step4.3_ion_protmemb.crd
 OPNLGU> Unit already open. The old file will be closed first.
 VCLOSE: Closing unit   10 with status "KEEP"
 VOPEN> Attempting to open::step4.3_ion_protmemb.crd::
 OPNLGU> Unit 10 opened for READONLY access to step4.3_ion_protmemb.crd
  
 CHARMM>    read coor unit 10 card
          SPATIAL COORDINATES BEING READ FROM UNIT 10
 TITLE> * GENERATED BY CHARMM-GUI (HTTP://WWW.CHARMM-GUI.ORG) V3.7 ON OCT, 25. 2022. JOB
 TITLE> * GENERATES ION CONFORMATION USING MONTE-CARLO SIMULATION
 TITLE> *  DATE:    10/25/22     16:32: 4      CREATED BY USER: APACHE
 TITLE> *

 ** WARNING ** Coordinates were overwritten for  8576 atoms.
 *** LEVEL  2 WARNING *** BOMLEV IS    0
  
 CHARMM>     
  
 CHARMM>    write coor pdb name step4.3_ion.pdb
 VOPEN> Attempting to open::step4.3_ion.pdb::
 RDTITL>  
 RDTITL> No title read.
  Write CHARMM-pdb format
 VCLOSE: Closing unit   90 with status "KEEP"
  
 CHARMM>     
  
 CHARMM>    calc cgtotinit = ?cgtot
 RDCMND substituted energy or value "?CGTOT" to "0"
Evaluating: 0
 Parameter: CGTOTINIT <- "0"
  
 CHARMM>    calc cgtot = int( ?cgtot )
 RDCMND substituted energy or value "?CGTOT" to "0"
Evaluating: INT(0)
 Parameter: CGTOT <- "0"
  
 CHARMM>    if cgtot .ne. 0 stop ! ABNORMAL TERMINATION: failure to neutralize system
 Comparing "0" and "0".
 IF test evaluated as false.  Skipping command
  
 CHARMM>    calc cgdiff = abs(@cgtot - @cgtotinit)
 Parameter: CGTOT -> "0"
 Parameter: CGTOTINIT -> "0"
Evaluating: ABS(0-0)
 Parameter: CGDIFF <- "0"
  
 CHARMM>    if cgdiff .gt. 0.0001 stop ! ABNORMAL TERMINATION: failure to neutralize system
 Comparing "0" and "0.0001".
 IF test evaluated as false.  Skipping command
  
 CHARMM>     
  
 CHARMM>    delete atom sele .not. ( segid IONS ) end
 SELRPN>   8576 atoms have been selected out of   8612

 Message from MAPIC: Atom numbers are changed.

 Message from MAPIC:         64 residues deleted.

 Message from MAPIC:          1 segments deleted.
 DELTIC:      8512 bonds deleted
 DELTIC:     16384 angles deleted
 DELTIC:     22784 dihedrals deleted
 DELTIC:       128 improper dihedrals deleted
 PSFSUM> PSF modified: NONBOND lists and IMAGE atoms cleared.
 PSFSUM> Summary of the structure file counters :
         Number of segments      =        1   Number of residues   =       36
         Number of atoms         =       36   Number of groups     =       36
         Number of bonds         =        0   Number of angles     =        0
         Number of dihedrals     =        0   Number of impropers  =        0
         Number of cross-terms   =        0   Number of autogens   =        0
         Number of HB acceptors  =        0   Number of HB donors  =        0
         Number of NB exclusions =        0   Total charge =    0.00000
  
 CHARMM>     
  
 CHARMM>    bomlev 2 ! force error if no atoms written
  
 CHARMM>     
  
 CHARMM>    write psf  card name step4.3_ion.psf
 VOPEN> Attempting to open::step4.3_ion.psf::
 RDTITL> WRITE COOR CARD NAME STEP4.3_ION.CRD
 RDTITL> No title read.
 VCLOSE: Closing unit   90 with status "KEEP"
 VCLOSE: Closing unit   90 with status "KEEP"
  
 CHARMM>    write coor card name step4.3_ion.crd
 VOPEN> Attempting to open::step4.3_ion.crd::
 RDTITL>  
 RDTITL> No title read.
 VCLOSE: Closing unit   90 with status "KEEP"
 VCLOSE: Closing unit   90 with status "KEEP"
  
 CHARMM>     
  
 CHARMM>    write title card name step4.3_ion.str
 VOPEN> Attempting to open::step4.3_ion.str::
 RDTITL> * SET NIONTYPES = 1
 RDTITL> * SET NPOSTOT = 18
 RDTITL> * SET NNEGTOT = 18
 RDTITL> * SET NIONTOT = 36
 RDTITL> *
 VCLOSE: Closing unit   90 with status "KEEP"
 **** Warning ****  The following extraneous characters
 were found while command processing in CHARMM
 CARD
  
 CHARMM>     
  
 CHARMM>    stop
 VCLOSE: Closing unit   10 with status "KEEP"
 VCLOSE: Closing unit   20 with status "KEEP"
$$$$$$  New timer profile $$$$$
 Total time                     11.60 Other:            0.00

                    NORMAL TERMINATION BY NORMAL STOP
                    MOST SEVERE WARNING WAS AT LEVEL  1

                    $$$$$ JOB ACCOUNTING INFORMATION $$$$$
                     ELAPSED TIME:    11.60  SECONDS 
                         CPU TIME:    11.57  SECONDS 
