#section	x-1	y-1	z-1	apl-1	x-2	y-2	z-2	apl-2	x-3	y-3	z-3	apl-3
1	44.691918	44.691918	142.984280	62.417735	45.858852	45.858852	135.125886	65.719823	45.303246	45.303246	139.011368	64.137004
2	45.214710	45.214710	138.980642	63.886563	45.415819	45.415819	138.598144	64.456145	45.509183	45.509183	138.283133	64.721428
3	45.052760	45.052760	140.898015	63.429724	45.107503	45.107503	140.138011	63.583963	45.913857	45.913857	135.740697	65.877571
4	44.340980	44.340980	145.165728	61.441328	45.986538	45.986538	135.277810	66.086302	45.733583	45.733583	136.457435	65.361268
5	45.143184	45.143184	139.991166	63.684595	44.635053	44.635053	143.055924	62.258999	45.191016	45.191016	140.338734	63.819622
6	46.257318	46.257318	133.720037	66.866859	45.262690	45.262690	139.612076	64.022222	45.294315	45.294315	139.208385	64.111717
7	46.155710	46.155710	134.918795	66.573424	44.699086	44.699086	143.233984	62.437759	45.984969	45.984969	134.861310	66.081792
8	45.899538	45.899538	135.454140	65.836486	45.547601	45.547601	137.475875	64.830747	45.938896	45.938896	135.259845	65.949443
9	46.088604	46.088604	134.525217	66.379981	45.299309	45.299309	138.782556	64.125856	46.189740	46.189740	134.515382	66.671629
10	47.606970	47.606970	125.945323	70.825737	46.068952	46.068952	134.913847	66.323387	46.373418	46.373418	133.237235	67.202934
11	45.628012	45.628012	137.033983	65.059859	46.248379	46.248379	133.188803	66.841017	46.292338	46.292338	133.476261	66.968144
12	46.540272	46.540272	131.559792	67.687403	46.061710	46.061710	135.061269	66.302535	45.229513	45.229513	139.456853	63.928401
13	46.548672	46.548672	131.887230	67.711840	44.989244	44.989244	141.035061	63.251003	45.695840	45.695840	136.634842	65.253432
14	45.656638	45.656638	137.210244	65.141517	45.014668	45.014668	140.460494	63.322511	45.832987	45.832987	136.340220	65.645710
15	45.689101	45.689101	137.008035	65.234185	45.725022	45.725022	136.189410	65.336803	44.991569	44.991569	140.608865	63.257541
16	45.712751	45.712751	137.042101	65.301738	45.947541	45.947541	134.526621	65.974266	45.144862	45.144862	140.222232	63.689330
17	45.971368	45.971368	135.040296	66.042708	45.188227	45.188227	139.266669	63.811746	46.020943	46.020943	134.395488	66.185226
18	46.664358	46.664358	132.124882	68.048823	45.446516	45.446516	138.309752	64.543308	46.003213	46.003213	134.641515	66.134238
19	45.743039	45.743039	136.496550	65.388301	45.270160	45.270160	138.596005	64.043356	47.115881	47.115881	129.254337	69.372070
20	46.136197	46.136197	134.490363	66.517146	45.741287	45.741287	137.491289	65.383291	45.110986	45.110986	140.014765	63.593783
21	45.471588	45.471588	138.591516	64.614540	45.132387	45.132387	140.863588	63.654137	45.136805	45.136805	140.684471	63.666600
22	45.450783	45.450783	138.848925	64.555428	45.133834	45.133834	140.784698	63.658217	45.378758	45.378758	139.029034	64.350990
23	45.422344	45.422344	138.839355	64.474667	45.393160	45.393160	138.419940	64.391842	44.026034	44.026034	147.326864	60.571614
24	45.129994	45.129994	139.696111	63.647385	45.556068	45.556068	137.456477	64.854853	45.057979	45.057979	140.488406	63.444420
25	44.214858	44.214858	146.151022	61.092302	45.164784	45.164784	140.101286	63.745554	46.243269	46.243269	133.899934	66.826247
26	44.688941	44.688941	142.744300	62.409419	45.364800	45.364800	138.973591	64.311409	46.137387	46.137387	133.964453	66.520577
27	44.085335	44.085335	147.124096	60.734899	45.503602	45.503602	138.367663	64.705556	44.904933	44.904933	142.083205	63.014156
28	44.795970	44.795970	142.735415	62.708715	45.477207	45.477207	138.932270	64.630512	46.236026	46.236026	134.138410	66.805316
29	45.235279	45.235279	139.532852	63.944703	46.236627	46.236627	134.426369	66.807052	45.043295	45.043295	140.751420	63.403076
30	45.564636	45.564636	137.818410	64.879251	44.716700	44.716700	143.474505	62.486976	45.420153	45.420153	138.827940	64.468445
31	44.842935	44.842935	142.594093	62.840276	46.060929	46.060929	134.600132	66.300288	45.596465	45.596465	136.713482	64.969925
32	45.630867	45.630867	137.536436	65.068002	45.285786	45.285786	138.774762	64.087575	45.365450	45.365450	138.717767	64.313251
33	45.565703	45.565703	137.672105	64.882289	44.980020	44.980020	141.304600	63.225069	45.530521	45.530521	137.449761	64.782137
34	45.816979	45.816979	135.998424	65.599862	44.983834	44.983834	141.677564	63.235792	45.355025	45.355025	138.962721	64.283695
35	45.178463	45.178463	140.332533	63.784171	45.765367	45.765367	136.544598	65.452150	45.018141	45.018141	141.296832	63.332283
36	45.311717	45.311717	139.305604	64.160990	45.381137	45.381137	137.942071	64.357738	44.892464	44.892464	142.100059	62.979165
37	45.784440	45.784440	136.140041	65.506716	45.320228	45.320228	139.627515	64.185096	45.607666	45.607666	136.972964	65.001850
38	46.046909	46.046909	134.299281	66.259931	45.683166	45.683166	137.409254	65.217238	44.568934	44.568934	143.338914	62.074683
39	45.432051	45.432051	138.815081	64.502228	45.862629	45.862629	136.225296	65.730649	45.518565	45.518565	137.596157	64.748116
40	45.615311	45.615311	136.845402	65.023645	45.937329	45.937329	135.295451	65.944944	45.687791	45.687791	137.360859	65.230444
41	45.859006	45.859006	135.548857	65.720265	45.297995	45.297995	139.441122	64.122135	45.414082	45.414082	139.047569	64.451213
42	46.490938	46.490938	132.565797	67.543979	44.510659	44.510659	143.577637	61.912461	45.744044	45.744044	136.337054	65.391175
43	46.679726	46.679726	131.146077	68.093652	44.159713	44.159713	145.490067	60.940009	46.693524	46.693524	130.657570	68.133912
44	45.886581	45.886581	135.590668	65.799323	44.101595	44.101595	147.510135	60.779708	47.143996	47.143996	127.939261	69.454885
45	46.380162	46.380162	132.834733	67.222481	44.566499	44.566499	143.665254	62.067901	47.061200	47.061200	129.401390	69.211143
46	46.041612	46.041612	134.043341	66.244689	45.316531	45.316531	138.919846	64.174625	45.896444	45.896444	135.461504	65.827612
47	45.751176	45.751176	136.711459	65.411566	44.670170	44.670170	142.788014	62.357002	45.835872	45.835872	136.148471	65.653975
48	45.456178	45.456178	138.413717	64.570754	44.744079	44.744079	142.430191	62.563518	46.643557	46.643557	132.045216	67.988170
49	44.426358	44.426358	144.455102	61.678166	45.129774	45.129774	139.998354	63.646767	46.274639	46.274639	133.233260	66.916945
50	44.856981	44.856981	141.426725	62.879647	46.093742	46.093742	133.970800	66.394782	46.098901	46.098901	135.126078	66.409645
51	45.283464	45.283464	139.878651	64.081004	45.656189	45.656189	137.479522	65.140238	45.895215	45.895215	135.637544	65.824087
52	46.223036	46.223036	133.674052	66.767784	46.017527	46.017527	135.594296	66.175401	45.524776	45.524776	137.588995	64.765789
53	46.688984	46.688984	131.085615	68.120665	45.028974	45.028974	140.657831	63.362765	45.820016	45.820016	136.109029	65.608557
54	46.186961	46.186961	133.704756	66.663605	46.258019	46.258019	133.934287	66.868886	45.992104	45.992104	135.374150	66.102302
55	46.999115	46.999115	130.352663	69.028650	45.697734	45.697734	136.580824	65.258841	46.565463	46.565463	131.949268	67.760699
56	46.342185	46.342185	133.384214	67.112440	46.521454	46.521454	132.097023	67.632677	45.855419	45.855419	135.410191	65.709982
57	45.918524	45.918524	135.592785	65.890965	46.063223	46.063223	134.760837	66.306892	46.389430	46.389430	132.657289	67.249351
58	46.267596	46.267596	133.704450	66.896577	45.714850	45.714850	137.583723	65.307736	45.718786	45.718786	136.585224	65.318982
59	47.176726	47.176726	128.461419	69.551358	45.332594	45.332594	139.480586	64.220127	45.437358	45.437358	137.798692	64.517296
60	46.158956	46.158956	133.944468	66.582789	45.884059	45.884059	135.140739	65.792090	45.226789	45.226789	139.626955	63.920701
61	46.256493	46.256493	133.829414	66.864472	45.808432	45.808432	136.373594	65.575389	45.045325	45.045325	140.772156	63.408791
62	46.003986	46.003986	135.586776	66.136461	44.901482	44.901482	142.037895	63.004471	46.494993	46.494993	132.420991	67.555762
63	46.063728	46.063728	135.199214	66.308344	46.350915	46.350915	133.369487	67.137730	46.562589	46.562589	132.059962	67.752335
64	45.744041	45.744041	136.576512	65.391165	46.283235	46.283235	134.087291	66.941806	46.180787	46.180787	133.640080	66.645785
65	46.570388	46.570388	132.538963	67.775032	46.452561	46.452561	132.182377	67.432514	46.838784	46.838784	130.728312	68.558490
66	46.430127	46.430127	132.825028	67.367398	46.411546	46.411546	132.276912	67.313488	45.570043	45.570043	138.200013	64.894650
67	45.526161	45.526161	138.189832	64.769729	46.253379	46.253379	133.834974	66.855470	45.564133	45.564133	137.692244	64.877819
68	45.861960	45.861960	136.453099	65.728731	45.874131	45.874131	135.477593	65.763621	45.156806	45.156806	139.692909	63.723035
69	45.703288	45.703288	136.939329	65.274704	46.824288	46.824288	131.105991	68.516060	46.078597	46.078597	135.306829	66.351160
70	45.040219	45.040219	141.126064	63.394418	46.109737	46.109737	133.867976	66.440869	45.528239	45.528239	138.133709	64.775643
71	44.841212	44.841212	141.752584	62.835446	47.327334	47.327334	127.918695	69.996142	45.050238	45.050238	140.384393	63.422624
72	45.695957	45.695957	137.210681	65.253766	46.831864	46.831864	130.343172	68.538233	45.979533	45.979533	135.318479	66.066170
73	45.400038	45.400038	138.730954	64.411359	46.656809	46.656809	131.610789	68.026807	46.623001	46.623001	131.589103	67.928256
74	45.010972	45.010972	140.945384	63.312113	45.395257	45.395257	138.665254	64.397792	46.001849	46.001849	135.433633	66.130315
75	45.619429	45.619429	137.589663	65.035384	45.475643	45.475643	138.660446	64.626066	45.081131	45.081131	140.385111	63.509635
76	45.331803	45.331803	139.729244	64.217886	44.932254	44.932254	141.811008	63.090857	45.053730	45.053730	140.496097	63.432456
77	44.815045	44.815045	141.653018	62.762132	45.143781	45.143781	140.247399	63.686280	45.565125	45.565125	137.079925	64.880643
78	45.254238	45.254238	139.815898	63.998314	45.627670	45.627670	136.892347	65.058883	46.024448	46.024448	134.417947	66.195307
79	44.650627	44.650627	143.639279	62.302452	45.167110	45.167110	140.193516	63.752119	45.199693	45.199693	139.316618	63.844133
80	45.139212	45.139212	140.479918	63.673390	45.594119	45.594119	137.710198	64.963242	45.632087	45.632087	137.608045	65.071479
81	45.917016	45.917016	135.439334	65.886636	44.695185	44.695185	142.733659	62.426863	44.619652	44.619652	143.712831	62.216043
82	46.463340	46.463340	132.805157	67.463813	45.563202	45.563202	137.595509	64.875168	43.935812	43.935812	147.981593	60.323613
83	46.010709	46.010709	135.189488	66.155791	46.103427	46.103427	135.039479	66.422687	44.673461	44.673461	143.084548	62.366192
84	45.942078	45.942078	135.074711	65.958579	44.899726	44.899726	141.440222	62.999543	45.082651	45.082651	141.054787	63.513920
85	45.260788	45.260788	139.353042	64.016841	45.229607	45.229607	140.315177	63.928669	44.968113	44.968113	141.956325	63.191599
86	45.799173	45.799173	135.805267	65.548883	45.619839	45.619839	137.586013	65.036553	44.667770	44.667770	143.047343	62.350302
87	45.502634	45.502634	138.528111	64.702803	44.893530	44.893530	142.376700	62.982157	45.106477	45.106477	140.866188	63.581070
88	45.972232	45.972232	135.263949	66.045190	44.852996	44.852996	143.152158	62.868476	45.940754	45.940754	135.395744	65.954777
89	45.420859	45.420859	138.267549	64.470451	45.296112	45.296112	139.308520	64.116806	45.528457	45.528457	137.755741	64.776262
90	45.968435	45.968435	135.248888	66.034283	45.183143	45.183143	139.671309	63.797388	45.631904	45.631904	137.458361	65.070958
91	45.316707	45.316707	138.350624	64.175122	45.274985	45.274985	139.252177	64.057008	45.963235	45.963235	135.308512	66.019342
92	45.690507	45.690507	137.040659	65.238202	45.412504	45.412504	138.746211	64.446736	46.377533	46.377533	132.824343	67.214861
93	44.930768	44.930768	141.497418	63.086685	44.996753	44.996753	140.715112	63.272118	45.049302	45.049302	141.595813	63.419989
94	45.501438	45.501438	137.550523	64.699402	45.557888	45.557888	137.377560	64.860036	45.950000	45.950000	134.627275	65.981327
95	46.741789	46.741789	130.804722	68.274839	46.593514	46.593514	131.500453	67.842361	45.557080	45.557080	137.218517	64.857735
96	46.131284	46.131284	134.458462	66.502980	45.586333	45.586333	137.548997	64.941054	44.636410	44.636410	143.613358	62.262785
97	45.122030	45.122030	140.675965	63.624926	45.582857	45.582857	137.905040	64.931152	45.543524	45.543524	136.937371	64.819142
98	46.637566	46.637566	131.290977	67.970706	45.735570	45.735570	137.348471	65.366950	44.685502	44.685502	143.494616	62.399816
99	45.783592	45.783592	136.447314	65.504290	46.282355	46.282355	134.209542	66.939263	45.440887	45.440887	138.716790	64.527320
100	46.512187	46.512187	132.152960	67.605734	46.238879	46.238879	133.323020	66.813561	45.021005	45.021005	141.319128	63.340341
101	46.602713	46.602713	131.656885	67.869151	45.765516	45.765516	136.155772	65.452577	45.387258	45.387258	138.942109	64.375098
102	46.142747	46.142747	134.557248	66.536033	45.869605	45.869605	135.717603	65.750646	45.609735	45.609735	136.876195	65.007746
103	46.197660	46.197660	133.579665	66.694494	46.307066	46.307066	133.417265	67.010761	46.506291	46.506291	131.646035	67.588597
104	44.963747	44.963747	141.188815	63.179330	46.304560	46.304560	134.049568	67.003510	45.712910	45.712910	136.708026	65.302192
105	45.560440	45.560440	137.179831	64.867302	45.635012	45.635012	136.976076	65.079822	45.592478	45.592478	138.164449	64.958564
106	45.704157	45.704157	136.698392	65.277187	45.204282	45.204282	141.155532	63.857097	46.555897	46.555897	132.266377	67.732861
107	45.363162	45.363162	138.430702	64.306766	45.505167	45.505167	138.654765	64.710008	44.998841	44.998841	140.748139	63.277989
108	46.071495	46.071495	135.500732	66.330709	46.885898	46.885898	130.157251	68.696483	45.068601	45.068601	140.609745	63.474337
109	45.650330	45.650330	136.822248	65.123518	46.192070	46.192070	133.901817	66.678353	45.653333	45.653333	137.827377	65.132088
110	44.903694	44.903694	140.966811	63.010680	46.693433	46.693433	131.408049	68.133647	45.783974	45.783974	136.530193	65.505382
111	45.284880	45.284880	139.313209	64.085012	46.398015	46.398015	131.603484	67.274243	46.170990	46.170990	134.184294	66.617510
112	45.466521	45.466521	138.265496	64.600143	46.507497	46.507497	131.777961	67.592103	46.662220	46.662220	131.830001	68.042586
113	45.510246	45.510246	138.438432	64.724452	45.943413	45.943413	136.030838	65.962411	46.719304	46.719304	130.653203	68.209167
114	45.067671	45.067671	141.765280	63.471717	45.335532	45.335532	139.203627	64.228453	45.296047	45.296047	139.269627	64.116620
115	45.352066	45.352066	139.104969	64.275308	45.227112	45.227112	140.375429	63.921615	45.713255	45.713255	136.141598	65.303177
116	44.948614	44.948614	141.726218	63.136810	45.716744	45.716744	137.113466	65.313145	45.668817	45.668817	137.402226	65.176276
117	45.337156	45.337156	139.035837	64.233054	46.518828	46.518828	132.838506	67.625044	45.928743	45.928743	135.884031	65.920294
118	45.580913	45.580913	137.641683	64.925614	45.993384	45.993384	134.612730	66.105981	45.653665	45.653665	137.437494	65.133034
119	45.697382	45.697382	137.256474	65.257836	46.098944	46.098944	135.422942	66.409770	45.565179	45.565179	137.678332	64.880799
120	44.912354	44.912354	142.231760	63.034985	45.008263	45.008263	141.351147	63.304491	45.853439	45.853439	136.750641	65.704309
121	45.370699	45.370699	138.446029	64.328136	44.170055	44.170055	147.365409	60.968554	46.030885	46.030885	135.039741	66.213824
122	45.929633	45.929633	135.780498	65.922851	45.348030	45.348030	139.134856	64.263869	45.669184	45.669184	137.545813	65.177323
123	45.693589	45.693589	137.086449	65.247003	44.540703	44.540703	143.703175	61.996070	45.749941	45.749941	137.007260	65.408036
124	45.830720	45.830720	136.166325	65.639217	45.706161	45.706161	137.406990	65.282911	45.549326	45.549326	137.677179	64.835659
125	46.972204	46.972204	129.461559	68.949623	45.735383	45.735383	136.919141	65.366414	45.935050	45.935050	134.395065	65.938402
126	46.027433	46.027433	135.264597	66.203892	47.036466	47.036466	128.979797	69.138412	45.013807	45.013807	141.163885	63.320088
127	46.040132	46.040132	136.078702	66.240430	45.603117	45.603117	137.184726	64.988884	45.523869	45.523869	137.562126	64.763208
128	45.398655	45.398655	138.774214	64.407435	46.211662	46.211662	134.179530	66.734929	44.263170	44.263170	145.910700	61.225883
129	44.906293	44.906293	142.275444	63.017975	45.734456	45.734456	136.234495	65.363766	46.247303	46.247303	133.743737	66.837906
130	45.094701	45.094701	141.157793	63.547876	44.749652	44.749652	142.268588	62.579106	45.411240	45.411240	138.959388	64.443147
131	45.500046	45.500046	137.873303	64.695444	46.020956	46.020956	135.143665	66.185263	45.807427	45.807427	135.761710	65.572512
132	46.242442	46.242442	133.874993	66.823857	46.112867	46.112867	134.588357	66.449891	46.192592	46.192592	133.999531	66.679861
133	46.709874	46.709874	131.229159	68.181635	44.844879	44.844879	142.802236	62.845724	46.538127	46.538127	131.778399	67.681166
134	45.670944	45.670944	137.309136	65.182347	45.318557	45.318557	139.388585	64.180364	45.983482	45.983482	135.148996	66.077519
135	45.237738	45.237738	139.050105	63.951653	45.336512	45.336512	139.679883	64.231230	45.381667	45.381667	138.110812	64.359239
136	45.357445	45.357445	138.631488	64.290555	45.087161	45.087161	140.311827	63.526626	46.470749	46.470749	132.456251	67.485328
137	45.325961	45.325961	138.946245	64.201337	45.266557	45.266557	139.752609	64.033162	46.047849	46.047849	134.975103	66.262637
138	45.784797	45.784797	136.520298	65.507739	46.001478	46.001478	134.800372	66.129250	45.566187	45.566187	138.456659	64.883668
139	46.303324	46.303324	133.586053	66.999933	45.474556	45.474556	138.598510	64.622977	45.864836	45.864836	135.855089	65.736975
140	45.792989	45.792989	136.377595	65.531183	45.349736	45.349736	138.920554	64.268705	46.671701	46.671701	131.041690	68.070240
141	46.460594	46.460594	132.327846	67.455836	45.850734	45.850734	135.539066	65.696555	46.470317	46.470317	132.847482	67.484075
142	45.406800	45.406800	138.796576	64.430546	46.591472	46.591472	131.563096	67.836414	45.789666	45.789666	136.783566	65.521673
143	45.932322	45.932322	135.281975	65.930569	47.283029	47.283029	128.228955	69.865150	46.272161	46.272161	133.022709	66.909777
144	45.407919	45.407919	138.547362	64.433721	45.511692	45.511692	138.006031	64.728567	45.199759	45.199759	140.118357	63.844319
145	45.573934	45.573934	138.117601	64.905735	45.228203	45.228203	140.032632	63.924698	45.039372	45.039372	140.810858	63.392032
146	44.888812	44.888812	142.565495	62.968919	46.357299	46.357299	133.332584	67.156223	44.656793	44.656793	143.281245	62.319661
147	46.355245	46.355245	132.932281	67.150273	46.869038	46.869038	130.663100	68.647085	43.461214	43.461214	150.834990	59.027410
148	45.675896	45.675896	137.396374	65.196483	47.494369	47.494369	127.448917	70.491097	44.416262	44.416262	145.205110	61.650136
149	45.500774	45.500774	138.978344	64.697512	46.996664	46.996664	129.692080	69.021449	45.012234	45.012234	141.064915	63.315663
150	46.335950	46.335950	133.153383	67.094383	47.101626	47.101626	128.831770	69.330099	45.191364	45.191364	139.196149	63.820606
151	45.576093	45.576093	137.608678	64.911883	45.629686	45.629686	137.148190	65.064632	45.701008	45.701008	136.372242	65.268190
152	44.982613	44.982613	141.302000	63.232358	46.057971	46.057971	135.540586	66.291772	45.342307	45.342307	138.972251	64.247649
153	45.941349	45.941349	135.254650	65.956485	45.696244	45.696244	137.069882	65.254585	46.275307	46.275307	133.992407	66.918875
154	45.991563	45.991563	135.662765	66.100747	46.802380	46.802380	129.748710	68.451963	46.420457	46.420457	132.405956	67.339337
155	45.232863	45.232863	139.970894	63.937872	46.512169	46.512169	132.258514	67.605684	46.255329	46.255329	133.151877	66.861109
156	46.310710	46.310710	133.443208	67.021309	46.569620	46.569620	132.226536	67.772798	45.957374	45.957374	135.583150	66.002506
157	45.569665	45.569665	138.139930	64.893574	46.242790	46.242790	133.516340	66.824864	46.379777	46.379777	133.650347	67.221366
158	46.257445	46.257445	134.167866	66.867225	46.047888	46.047888	135.070932	66.262750	45.738347	45.738347	135.618352	65.374886
159	45.411552	45.411552	138.729691	64.444032	45.558414	45.558414	138.288556	64.861533	46.391609	46.391609	132.769380	67.255667
160	45.496548	45.496548	138.139540	64.685496	46.656008	46.656008	131.465093	68.024472	46.053747	46.053747	134.651789	66.279614
161	45.434333	45.434333	138.717504	64.508708	45.691845	45.691845	136.875013	65.242023	46.378814	46.378814	132.418393	67.218574
162	45.677779	45.677779	136.689274	65.201859	46.089480	46.089480	134.136401	66.382504	45.275508	45.275508	138.806349	64.058488
163	46.438618	46.438618	132.736898	67.392039	46.580974	46.580974	131.419274	67.805848	46.346063	46.346063	132.839662	67.123672
164	45.711065	45.711065	136.399261	65.296921	46.729253	46.729253	130.933017	68.238223	46.079862	46.079862	134.575572	66.354804
165	46.456316	46.456316	133.034595	67.443416	46.670499	46.670499	131.844128	68.066734	46.468794	46.468794	132.680729	67.479650
166	45.822903	45.822903	136.444373	65.616827	46.901717	46.901717	130.667335	68.742845	45.170814	45.170814	140.245262	63.762575
167	45.320676	45.320676	138.951964	64.186364	46.755252	46.755252	131.000680	68.314176	46.367721	46.367721	132.571922	67.186422
168	45.378769	45.378769	139.624861	64.351021	45.926706	45.926706	135.704613	65.914448	46.223001	46.223001	133.875531	66.767683
169	46.267542	46.267542	133.643211	66.896420	45.273309	45.273309	139.820898	64.052266	46.077775	46.077775	134.456900	66.348792
170	45.238621	45.238621	140.124426	63.954152	45.982761	45.982761	135.750566	66.075449	45.430771	45.430771	138.154017	64.498592
171	45.679802	45.679802	136.595439	65.207636	45.695432	45.695432	136.688663	65.252267	45.961447	45.961447	135.282464	66.014206
172	46.055469	46.055469	135.193455	66.284570	45.648634	45.648634	136.942919	65.118679	46.446101	46.446101	132.579467	67.413759
173	46.308966	46.308966	134.205230	67.016261	46.731430	46.731430	131.217862	68.244580	46.075954	46.075954	134.660671	66.343549
174	45.546198	45.546198	137.842141	64.826755	45.930251	45.930251	136.199204	65.924625	45.692664	45.692664	136.664228	65.244361
175	45.804472	45.804472	136.350071	65.564053	45.393628	45.393628	138.585437	64.393171	44.768808	44.768808	143.112243	62.632692
176	46.264027	46.264027	133.410931	66.886256	44.634038	44.634038	143.744410	62.256166	45.590078	45.590078	137.874317	64.951725
177	46.133689	46.133689	133.586769	66.509916	46.002064	46.002064	135.514383	66.130935	46.185085	46.185085	133.854678	66.658190
178	46.488789	46.488789	132.002014	67.537734	46.041719	46.041719	134.422933	66.244998	46.591210	46.591210	131.499543	67.835652
179	45.623203	45.623203	137.707708	65.046146	45.398334	45.398334	138.989930	64.406524	46.533440	46.533440	132.987482	67.667534
180	45.415316	45.415316	138.903320	64.454717	45.870025	45.870025	135.902793	65.751849	46.037291	46.037291	135.164603	66.232254
181	45.444190	45.444190	138.300644	64.536701	45.381482	45.381482	138.925666	64.358716	45.770409	45.770409	136.637347	65.466573
182	44.537624	44.537624	144.025960	61.987499	45.643047	45.643047	137.416025	65.102742	45.529799	45.529799	138.011906	64.780081
183	45.102809	45.102809	139.891399	63.570731	45.952265	45.952265	135.663600	65.987832	45.783189	45.783189	136.329707	65.503136
184	45.633280	45.633280	137.354202	65.074883	46.797206	46.797206	130.342470	68.436828	45.159709	45.159709	140.444446	63.731230
185	45.353699	45.353699	139.275579	64.279939	46.511078	46.511078	132.121555	67.602511	45.318478	45.318478	139.108928	64.180139
186	45.434721	45.434721	138.774774	64.509809	46.949159	46.949159	129.948911	68.881985	45.462948	45.462948	137.909015	64.589989
187	45.084699	45.084699	140.769726	63.519689	45.824324	45.824324	136.223171	65.620897	45.286503	45.286503	139.154092	64.089604
188	45.884246	45.884246	135.619840	65.792625	46.062150	46.062150	135.279866	66.303803	45.694219	45.694219	137.254343	65.248802
189	45.381633	45.381633	138.543550	64.359144	45.290612	45.290612	138.527931	64.101236	45.559905	45.559905	138.065640	64.865780
190	45.291190	45.291190	139.982424	64.102871	46.060561	46.060561	134.282828	66.299228	45.483747	45.483747	138.263188	64.649103
191	45.743482	45.743482	137.386206	65.389567	46.958534	46.958534	129.414368	68.909497	44.996294	44.996294	141.033487	63.270827
192	45.317865	45.317865	139.205935	64.178403	45.461843	45.461843	138.552786	64.586850	45.439277	45.439277	137.957545	64.522748
193	45.919040	45.919040	135.426680	65.892446	46.202500	46.202500	135.072046	66.708469	46.373055	46.373055	133.284861	67.201882
194	45.512558	45.512558	137.616902	64.731029	45.261770	45.261770	139.200539	64.019619	45.212307	45.212307	138.934835	63.879773
195	45.880804	45.880804	135.772582	65.782754	45.102677	45.102677	140.997560	63.570357	45.097063	45.097063	140.807083	63.554533
196	46.182880	46.182880	134.696870	66.651825	45.354480	45.354480	139.055269	64.282152	45.033595	45.033595	141.425745	63.375771
197	46.909365	46.909365	129.611321	68.765267	46.302496	46.302496	133.122872	66.997535	45.134452	45.134452	139.791652	63.659962
198	46.218925	46.218925	134.038720	66.755907	45.530019	45.530019	137.327269	64.780707	46.051991	46.051991	134.865138	66.274558
199	46.586001	46.586001	131.987786	67.820485	45.532425	45.532425	137.800950	64.787554	44.792070	44.792070	143.585000	62.697798
200	46.433078	46.433078	132.572915	67.375961	45.588340	45.588340	137.631805	64.946772	45.330125	45.330125	139.536715	64.213132
201	46.138319	46.138319	133.724054	66.523265	45.724981	45.724981	136.382943	65.336683	44.934154	44.934154	141.893598	63.096195
202	45.945941	45.945941	135.409341	65.969673	45.739379	45.739379	137.090061	65.377836	45.448237	45.448237	138.218148	64.548196
203	45.311624	45.311624	139.328444	64.160728	45.571777	45.571777	137.618877	64.899589	45.471976	45.471976	138.136261	64.615643
204	45.841508	45.841508	136.554044	65.670119	45.860847	45.860847	135.974763	65.725539	45.584376	45.584376	137.281436	64.935479
205	45.080769	45.080769	141.517731	63.508616	45.302061	45.302061	139.877776	64.133649	45.898136	45.898136	136.029281	65.832466
206	44.907201	44.907201	140.676750	63.020521	45.045320	45.045320	141.265833	63.408778	45.300651	45.300651	139.007294	64.129655
207	45.472019	45.472019	138.560270	64.615765	45.832266	45.832266	136.200815	65.643645	46.013057	46.013057	134.880432	66.162545
208	45.107127	45.107127	140.996881	63.582904	45.734693	45.734693	136.686236	65.364442	45.236629	45.236629	139.028689	63.948518
209	45.675201	45.675201	137.072752	65.194501	45.713421	45.713421	136.455372	65.303652	46.202728	46.202728	134.351926	66.709128
210	45.594065	45.594065	136.729053	64.963086	46.264437	46.264437	133.767523	66.887442	45.080969	45.080969	140.531604	63.509179
211	44.432001	44.432001	144.416919	61.693834	46.381645	46.381645	133.383080	67.226782	45.299192	45.299192	139.372585	64.125526
212	45.706818	45.706818	136.941196	65.284788	45.976613	45.976613	134.969392	66.057779	45.884621	45.884621	135.695954	65.793703
213	45.402122	45.402122	138.878064	64.417271	46.117970	46.117970	133.824675	66.464600	45.593023	45.593023	137.943222	64.960117
214	46.558087	46.558087	132.182057	67.739234	46.525290	46.525290	132.095841	67.643833	45.960329	45.960329	135.410345	66.010994
215	46.474887	46.474887	131.812682	67.497348	46.302153	46.302153	133.288672	66.996543	45.442554	45.442554	138.859517	64.532055
216	46.275978	46.275978	133.867621	66.920816	45.387243	45.387243	137.835180	64.375058	44.877090	44.877090	141.391028	62.936038
217	46.984241	46.984241	129.587313	68.984967	45.750261	45.750261	136.740041	65.408949	45.726206	45.726206	136.979669	65.340184
218	45.694182	45.694182	136.329323	65.248697	46.599037	46.599037	131.831386	67.858445	46.525790	46.525790	132.145755	67.645285
219	46.393307	46.393307	133.103307	67.260591	46.011311	46.011311	135.043301	66.157522	46.473459	46.473459	132.444822	67.493201
220	46.436686	46.436686	132.817414	67.386431	46.138977	46.138977	134.401538	66.525163	45.476208	45.476208	138.699451	64.627671
221	46.227274	46.227274	134.285142	66.780027	45.204630	45.204630	139.671999	63.858080	44.999611	44.999611	141.420574	63.280157
222	46.206489	46.206489	133.333122	66.719987	44.981912	44.981912	141.334829	63.230387	46.063061	46.063061	135.417403	66.306425
223	46.934495	46.934495	128.596958	68.838963	45.141110	45.141110	139.833515	63.678744	45.596479	45.596479	137.589497	64.969967
224	46.452954	46.452954	132.463196	67.433655	46.156087	46.156087	134.327515	66.574512	45.056764	45.056764	140.848885	63.441000
225	46.975509	46.975509	129.152206	68.959326	45.573174	45.573174	137.859461	64.903569	45.122982	45.122982	139.847136	63.627610
226	46.525703	46.525703	131.662966	67.645032	45.051221	45.051221	140.675157	63.425392	45.023889	45.023889	140.987278	63.348456
227	45.831933	45.831933	136.096501	65.642690	45.994970	45.994970	134.150860	66.110539	45.225810	45.225810	139.529220	63.917933
228	47.053806	47.053806	129.426225	69.189397	46.134720	46.134720	134.802295	66.512888	46.144382	46.144382	133.941890	66.540750
229	46.531772	46.531772	131.992412	67.662680	45.719924	45.719924	137.306415	65.322232	47.342237	47.342237	127.867477	70.040232
230	46.062969	46.062969	134.648059	66.306160	45.729719	45.729719	136.393850	65.350225	46.722675	46.722675	131.081492	68.219011
231	45.542700	45.542700	137.933190	64.816796	46.294498	46.294498	133.500907	66.974391	46.009995	46.009995	136.047190	66.153737
232	46.049034	46.049034	134.563689	66.266047	46.750134	46.750134	131.192005	68.299220	45.912215	45.912215	135.984417	65.872859
233	45.182753	45.182753	140.618366	63.796286	46.676550	46.676550	131.989467	68.084384	44.730837	44.730837	142.618918	62.526492
234	46.265771	46.265771	135.076246	66.891300	46.772414	46.772414	130.409715	68.364336	45.441118	45.441118	137.981776	64.527975
235	46.252233	46.252233	133.322393	66.852158	46.336484	46.336484	132.876776	67.095928	45.640919	45.640919	137.709710	65.096671
236	45.435023	45.435023	138.066081	64.510665	45.486131	45.486131	137.731976	64.655878	46.331036	46.331036	133.766260	67.080152
237	44.796083	44.796083	142.978584	62.709033	44.726517	44.726517	142.896866	62.514416	46.156632	46.156632	134.216509	66.576085
238	45.594613	45.594613	138.005397	64.964648	45.641175	45.641175	136.740658	65.097402	45.636047	45.636047	137.488842	65.082774
239	46.119786	46.119786	134.071898	66.469833	44.894696	44.894696	141.962181	62.985429	45.147329	45.147329	140.208182	63.696291
240	45.108236	45.108236	140.625409	63.586029	46.232058	46.232058	133.987583	66.793851	45.367869	45.367869	138.823279	64.320109
241	44.806847	44.806847	142.710587	62.739174	45.818536	45.818536	135.648120	65.604319	45.585226	45.585226	136.918634	64.937901
242	45.793172	45.793172	136.446678	65.531705	45.828132	45.828132	136.130679	65.631802	45.939746	45.939746	135.357621	65.951882
243	44.907705	44.907705	142.075800	63.021935	45.762518	45.762518	136.011527	65.444000	46.100504	46.100504	134.823438	66.414264
244	45.566390	45.566390	137.867074	64.884247	45.385031	45.385031	138.863999	64.368783	46.413288	46.413288	133.457696	67.318540
245	45.561123	45.561123	137.717232	64.869247	46.362584	46.362584	133.302029	67.171538	46.083064	46.083064	135.066009	66.364025
246	46.004526	46.004526	134.901368	66.138014	46.166322	46.166322	133.891620	66.604042	46.055694	46.055694	134.937213	66.285218
247	46.044520	46.044520	134.544200	66.253058	45.247143	45.247143	139.456911	63.978250	46.365749	46.365749	133.145465	67.180708
248	45.845074	45.845074	136.580934	65.680339	45.154319	45.154319	140.583486	63.716017	45.689826	45.689826	137.136072	65.236257
249	46.639279	46.639279	131.493625	67.975697	45.791979	45.791979	136.277657	65.528291	45.424474	45.424474	138.921828	64.480713
250	46.159335	46.159335	133.494831	66.583882	45.498452	45.498452	137.435050	64.690911	44.893225	44.893225	141.051443	62.981302
251	45.260459	45.260459	139.430696	64.015912	46.137268	46.137268	134.293324	66.520236	46.117171	46.117171	134.367460	66.462294
252	45.656038	45.656038	137.174579	65.139807	47.170774	47.170774	128.158564	69.533811	45.711461	45.711461	137.153760	65.298051
253	46.313773	46.313773	134.062710	67.030173	47.180173	47.180173	127.781003	69.561522	45.393377	45.393377	138.447394	64.392459
254	46.710389	46.710389	131.370690	68.183137	47.114544	47.114544	128.385796	69.368132	45.330931	45.330931	138.669570	64.215416
255	46.759337	46.759337	130.457971	68.326113	46.407241	46.407241	132.469754	67.301000	45.598137	45.598137	137.544579	64.974691
256	46.006658	46.006658	135.328519	66.144143	46.879578	46.879578	130.215274	68.677963	45.132380	45.132380	140.271561	63.654117
257	46.779651	46.779651	130.803920	68.385491	46.559537	46.559537	131.918993	67.743454	45.340340	45.340340	139.036116	64.242077
258	45.711133	45.711133	136.625861	65.297116	46.254618	46.254618	133.505778	66.859052	45.120731	45.120731	140.642676	63.621262
259	45.899724	45.899724	135.307639	65.837020	46.325052	46.325052	133.171231	67.062825	45.048859	45.048859	141.193562	63.418740
260	46.107969	46.107969	134.261578	66.435775	45.767913	45.767913	136.108866	65.459433	45.188026	45.188026	140.625655	63.811178
261	45.984492	45.984492	135.685383	66.080421	45.777859	45.777859	136.364145	65.487887	44.765060	44.765060	142.164118	62.622205
262	46.694954	46.694954	130.887722	68.138084	45.453206	45.453206	138.350318	64.562311	45.511523	45.511523	137.906958	64.728087
263	45.694391	45.694391	136.958437	65.249292	45.635596	45.635596	136.490376	65.081489	45.564840	45.564840	137.238315	64.879834
264	46.025006	46.025006	135.659551	66.196911	45.738983	45.738983	136.885055	65.376704	45.428502	45.428502	138.163473	64.492149
265	46.000941	46.000941	135.337961	66.127704	45.375489	45.375489	139.220286	64.341719	46.038309	46.038309	134.638375	66.235183
266	45.955561	45.955561	134.728297	65.997299	45.753456	45.753456	136.251166	65.418086	45.890132	45.890132	135.483192	65.809508
267	46.633243	46.633243	131.555565	67.958104	46.935813	46.935813	129.919882	68.842828	45.993205	45.993205	135.402949	66.105465
268	46.212715	46.212715	133.970453	66.737969	46.349844	46.349844	133.396787	67.134625	46.042685	46.042685	134.687490	66.247777
269	45.890565	45.890565	135.552701	65.810749	46.364868	46.364868	132.714115	67.178155	45.524753	45.524753	137.941063	64.765723
270	46.357549	46.357549	132.579651	67.156947	46.472428	46.472428	132.741454	67.490204	46.261673	46.261673	133.456977	66.879449
271	46.720428	46.720428	130.644111	68.212451	46.308842	46.308842	133.402494	67.015903	45.267038	45.267038	139.704906	64.034522
272	45.909038	45.909038	135.558790	65.863743	46.078682	46.078682	134.773655	66.351405	45.402976	45.402976	138.727045	64.419694
273	45.427204	45.427204	138.993653	64.488464	46.871103	46.871103	130.054600	68.653136	44.373958	44.373958	145.716741	61.532756
274	46.092413	46.092413	134.397746	66.390956	46.282508	46.282508	133.214272	66.939705	44.596223	44.596223	143.735332	62.150723
275	45.766652	45.766652	135.909101	65.455827	46.713354	46.713354	131.365514	68.191796	45.080864	45.080864	140.851244	63.508883
276	44.858173	44.858173	142.350185	62.882991	46.994364	46.994364	130.101929	69.014695	45.200466	45.200466	139.874775	63.846316
277	45.414786	45.414786	138.208728	64.453212	45.682181	45.682181	137.529294	65.214426	44.853606	44.853606	141.989185	62.870186
278	44.533086	44.533086	143.750431	61.974867	45.472273	45.472273	137.969265	64.616487	44.632969	44.632969	144.339158	62.253186
279	44.557052	44.557052	144.360299	62.041591	45.234241	45.234241	139.822703	63.941769	45.261340	45.261340	139.024746	64.018403
280	44.566745	44.566745	143.129533	62.068587	45.713295	45.713295	137.009133	65.303291	44.761703	44.761703	142.817014	62.612815
281	45.609512	45.609512	138.088753	65.007113	45.738102	45.738102	136.136381	65.374188	44.424331	44.424331	144.788452	61.672537
282	45.265312	45.265312	138.962920	64.029639	45.084952	45.084952	140.545849	63.520402	45.623781	45.623781	137.057453	65.047792
283	44.263242	44.263242	145.824214	61.226081	45.832906	45.832906	135.915210	65.645478	46.096272	46.096272	134.859959	66.402072
284	45.257612	45.257612	139.027382	64.007858	45.605394	45.605394	137.355859	64.995375	45.944201	45.944201	134.966242	65.964676
285	45.175371	45.175371	140.007092	63.775442	46.103112	46.103112	133.893254	66.421779	46.412958	46.412958	133.328663	67.317583
286	45.400564	45.400564	138.939142	64.412852	46.228246	46.228246	134.135180	66.782836	46.392539	46.392539	132.239351	67.258365
287	45.732171	45.732171	137.289834	65.357233	46.421163	46.421163	132.590293	67.341387	46.471652	46.471652	132.543752	67.487951
288	45.344635	45.344635	139.301195	64.254247	44.868421	44.868421	141.733890	62.911725	45.670404	45.670404	137.644872	65.180805
289	44.729945	44.729945	141.895577	62.524001	45.304350	45.304350	139.664884	64.140128	45.720876	45.720876	137.287055	65.324953
290	45.715754	45.715754	136.882427	65.310318	45.722994	45.722994	136.115611	65.331005	45.532817	45.532817	138.214582	64.788671
291	45.599608	45.599608	137.759776	64.978881	46.525010	46.525010	131.918672	67.643018	45.337782	45.337782	139.253192	64.234828
292	44.430477	44.430477	145.246946	61.689602	44.884500	44.884500	141.729906	62.956822	46.596347	46.596347	132.000273	67.850610
293	43.781585	43.781585	148.835877	59.900851	45.638194	45.638194	136.767377	65.088899	45.734575	45.734575	137.414534	65.364104
294	45.382229	45.382229	138.845915	64.360834	45.716052	45.716052	137.795159	65.311169	46.155305	46.155305	134.062048	66.572254
295	44.930972	44.930972	140.999080	63.087258	45.649350	45.649350	136.863780	65.120723	46.021579	46.021579	134.809091	66.187054
296	45.928928	45.928928	135.388271	65.920827	46.654386	46.654386	130.911715	68.019740	45.528548	45.528548	137.093651	64.776523
297	45.666478	45.666478	137.550724	65.169600	46.370881	46.370881	132.700073	67.195580	45.312339	45.312339	139.390960	64.162752
298	46.325174	46.325174	133.565488	67.063179	47.428037	47.428037	127.866807	70.294334	46.142897	46.142897	134.556051	66.536466
299	45.522403	45.522403	137.422544	64.759037	45.738610	45.738610	136.529703	65.375638	46.108555	46.108555	134.370741	66.437465
300	46.521793	46.521793	132.716878	67.633664	45.805739	45.805739	135.997399	65.567680	46.256241	46.256241	132.885656	66.863745
301	46.416365	46.416365	133.237734	67.327467	46.173463	46.173463	134.214003	66.624647	45.378297	45.378297	138.221995	64.349684
302	46.090302	46.090302	135.035138	66.384874	46.067132	46.067132	134.938930	66.318145	45.054010	45.054010	140.544986	63.433244
303	45.909070	45.909070	136.013761	65.863836	46.838990	46.838990	129.857235	68.559094	44.964379	44.964379	141.799640	63.181105
304	46.510130	46.510130	132.301884	67.599756	45.675784	45.675784	137.256039	65.196165	44.382037	44.382037	145.067850	61.555163
305	46.488453	46.488453	131.954449	67.536757	45.121788	45.121788	139.936558	63.624243	45.732737	45.732737	136.453035	65.358851
306	46.026361	46.026361	134.583073	66.200811	45.462783	45.462783	137.487135	64.589520	46.392757	46.392757	132.945157	67.258996
307	46.333576	46.333576	133.383673	67.087508	45.919550	45.919550	135.738396	65.893910	45.966511	45.966511	135.836169	66.028754
308	45.777175	45.777175	136.779915	65.485929	45.766095	45.766095	137.231836	65.454231	45.102922	45.102922	140.142688	63.571049
309	45.129015	45.129015	140.320805	63.644626	45.918547	45.918547	135.159614	65.891029	46.475551	46.475551	132.342063	67.499277
310	46.460217	46.460217	133.391037	67.454741	46.212063	46.212063	134.105907	66.736087	45.091909	45.091909	140.774895	63.540007
311	47.056698	47.056698	129.128591	69.197900	45.146571	45.146571	140.138348	63.694151	45.140455	45.140455	139.365117	63.676896
312	46.340402	46.340402	132.925271	67.107278	46.609384	46.609384	131.243160	67.888585	45.060906	45.060906	140.863674	63.452663
313	45.729818	45.729818	137.070841	65.350507	45.860066	45.860066	136.227474	65.723302	45.793925	45.793925	136.111788	65.533862
314	45.469546	45.469546	137.638656	64.608738	45.926346	45.926346	135.704475	65.913414	46.030850	46.030850	134.353977	66.213723
315	45.584941	45.584941	138.252554	64.937088	44.887361	44.887361	141.482382	62.964849	45.540561	45.540561	137.776965	64.810711
316	45.010134	45.010134	141.546844	63.309756	45.955595	45.955595	134.463367	65.997397	46.026657	46.026657	135.237519	66.201660
317	44.994441	44.994441	141.162769	63.265615	45.833015	45.833015	136.485811	65.645790	45.438486	45.438486	139.391587	64.520501
318	45.449113	45.449113	138.220778	64.550683	45.625878	45.625878	137.286531	65.053772	44.966662	44.966662	141.888192	63.187522
319	46.096167	46.096167	134.726413	66.401769	45.419636	45.419636	138.820775	64.466978	46.123527	46.123527	134.794321	66.480617
320	46.379391	46.379391	133.385923	67.220247	45.459834	45.459834	138.873293	64.581141	46.869525	46.869525	129.968790	68.648511
321	47.086485	47.086485	128.801861	69.285532	45.673067	45.673067	137.620183	65.188408	46.678943	46.678943	131.678922	68.091366
322	45.866361	45.866361	135.693308	65.741346	45.130762	45.130762	140.217309	63.649554	45.620164	45.620164	137.762919	65.037479
323	45.737287	45.737287	136.470625	65.371856	46.271955	46.271955	134.380460	66.909182	45.669506	45.669506	137.006881	65.178243
324	45.672211	45.672211	137.164604	65.185965	44.502173	44.502173	144.616301	61.888856	45.798773	45.798773	136.034615	65.547738
325	45.522013	45.522013	138.122293	64.757927	45.060997	45.060997	141.339541	63.452921	47.108703	47.108703	128.534614	69.350934
326	45.064906	45.064906	140.778360	63.463929	45.975018	45.975018	134.947402	66.053197	46.209795	46.209795	133.372652	66.729536
327	45.585487	45.585487	137.045186	64.938646	45.883217	45.883217	135.756394	65.789675	45.699152	45.699152	136.756689	65.262892
328	44.718479	44.718479	143.339098	62.491948	45.307449	45.307449	139.559859	64.148903	46.675915	46.675915	131.886961	68.082532
329	44.186946	44.186946	145.721479	61.015193	43.976699	43.976699	148.015877	60.435938	45.507426	45.507426	137.846831	64.716433
330	44.725094	44.725094	142.451298	62.510440	44.327597	44.327597	145.265745	61.404246	45.854834	45.854834	135.218131	65.708306
331	45.908963	45.908963	135.796077	65.863528	44.841264	44.841264	141.612303	62.835593	45.960275	45.960275	135.836633	66.010840
332	45.974408	45.974408	134.780107	66.051444	44.937331	44.937331	141.707337	63.105117	45.697753	45.697753	136.661803	65.258895
333	46.194752	46.194752	134.632600	66.686096	45.457637	45.457637	138.341335	64.574898	45.604074	45.604074	137.457320	64.991612
334	46.087961	46.087961	134.347341	66.378129	46.175152	46.175152	134.584751	66.629521	44.280494	44.280494	145.368650	61.273818
335	45.612786	45.612786	138.385205	65.016444	46.166257	46.166257	134.153968	66.603853	45.051119	45.051119	141.219244	63.425104
336	45.574498	45.574498	137.549043	64.907339	47.299177	47.299177	128.106208	69.912880	44.571758	44.571758	143.370407	62.082549
337	43.908388	43.908388	147.829693	60.248330	46.841206	46.841206	130.409110	68.565582	45.320478	45.320478	138.890065	64.185803
338	45.287312	45.287312	139.706663	64.091894	46.718447	46.718447	130.914348	68.206666	45.140069	45.140069	140.570136	63.675807
339	45.336514	45.336514	138.765421	64.231236	45.922098	45.922098	135.816262	65.901221	46.190131	46.190131	134.684339	66.672757
340	46.289179	46.289179	133.499840	66.959003	46.598232	46.598232	132.046532	67.856099	45.917341	45.917341	135.637867	65.887570
341	46.042577	46.042577	134.279475	66.247465	47.063041	47.063041	129.204224	69.216556	47.360556	47.360556	127.723891	70.094447
342	46.407390	46.407390	133.151539	67.301433	45.471585	45.471585	139.021091	64.614532	45.716907	45.716907	137.126491	65.313611
343	45.616512	45.616512	137.557477	65.027069	46.457690	46.457690	132.573687	67.447405	46.069687	46.069687	135.317118	66.325501
344	46.255108	46.255108	133.303086	66.860470	46.124229	46.124229	134.392320	66.482641	45.266391	45.266391	139.976039	64.032691
345	45.925202	45.925202	136.150258	65.910130	46.406836	46.406836	133.118821	67.299827	46.316426	46.316426	133.849659	67.037854
346	46.428609	46.428609	133.381705	67.362992	46.218484	46.218484	134.211634	66.754634	45.075043	45.075043	140.563940	63.492484
347	45.044417	45.044417	140.959070	63.406235	45.547030	45.547030	138.162725	64.829124	45.735045	45.735045	137.442963	65.365447
348	44.668149	44.668149	143.621595	62.351359	45.349561	45.349561	138.858818	64.268208	45.870926	45.870926	135.842870	65.754433
349	45.215709	45.215709	140.367656	63.889385	45.932049	45.932049	135.648368	65.929785	45.287536	45.287536	139.961169	64.092529
350	46.296514	46.296514	133.862385	66.980225	45.995656	45.995656	135.064984	66.112513	45.269166	45.269166	139.174182	64.040543
351	46.516384	46.516384	131.939666	67.617936	45.569628	45.569628	137.621301	64.893467	44.413450	44.413450	145.008129	61.642330
352	45.413971	45.413971	138.293752	64.450898	45.881521	45.881521	136.238545	65.784812	45.474754	45.474754	137.442545	64.623538
353	45.242062	45.242062	139.741391	63.963879	45.564028	45.564028	137.332707	64.877520	45.308148	45.308148	139.655278	64.150884
354	45.963198	45.963198	134.882255	66.019238	46.082625	46.082625	135.547225	66.362760	45.022163	45.022163	140.854208	63.343600
355	46.013761	46.013761	134.938719	66.164570	45.527739	45.527739	137.881001	64.774220	45.291440	45.291440	139.488110	64.103580
356	46.137016	46.137016	134.719487	66.519506	45.519562	45.519562	138.106389	64.750955	45.147630	45.147630	140.725598	63.697139
357	45.388047	45.388047	138.680292	64.377339	45.411934	45.411934	138.439061	64.445118	45.508001	45.508001	138.906523	64.718068
358	44.873238	44.873238	141.909525	62.925235	46.405164	46.405164	132.547590	67.294977	45.594675	45.594675	136.969782	64.964825
359	45.132076	45.132076	140.154391	63.653259	45.616829	45.616829	137.934505	65.027971	45.325305	45.325305	139.423659	64.199477
360	45.590875	45.590875	137.333984	64.953997	44.906260	44.906260	141.509940	63.017880	45.905635	45.905635	135.140273	65.853978
361	46.300447	46.300447	133.067902	66.991606	45.451656	45.451656	137.969170	64.557906	46.011801	46.011801	134.995412	66.158934
362	45.235948	45.235948	138.671111	63.946593	46.480175	46.480175	132.239245	67.512707	46.145126	46.145126	134.649696	66.542896
363	45.486877	45.486877	137.924937	64.657999	46.717222	46.717222	131.701347	68.203089	45.953635	45.953635	135.219250	65.991768
364	45.830809	45.830809	136.106971	65.639470	45.341065	45.341065	138.700820	64.244129	46.820472	46.820472	131.091304	68.504892
365	45.208785	45.208785	139.810681	63.869820	46.359717	46.359717	133.356435	67.163231	45.752711	45.752711	136.110346	65.415955
366	45.548219	45.548219	137.927029	64.832509	46.335738	46.335738	133.236966	67.093771	47.111572	47.111572	128.677977	69.359383
367	45.067967	45.067967	140.687150	63.472552	46.049792	46.049792	134.314216	66.268230	46.305748	46.305748	132.997703	67.006947
368	46.188539	46.188539	134.061054	66.668160	46.494920	46.494920	132.280056	67.555550	45.201403	45.201403	139.073792	63.848964
369	46.779413	46.779413	131.111273	68.384798	45.273759	45.273759	138.831833	64.053540	46.368621	46.368621	132.258775	67.189033
370	47.689628	47.689628	125.803646	71.071893	45.265946	45.265946	140.287483	64.031433	45.637421	45.637421	137.069345	65.086692
371	46.311095	46.311095	133.744617	67.022422	45.181545	45.181545	139.691911	63.792874	45.926664	45.926664	135.483570	65.914328
372	45.941158	45.941158	136.377035	65.955938	45.681824	45.681824	137.284335	65.213407	44.191218	44.191218	145.843465	61.026992
373	46.318326	46.318326	133.868443	67.043355	45.973508	45.973508	135.447563	66.048857	44.083576	44.083576	146.390872	60.730051
374	46.150161	46.150161	134.452431	66.557417	44.797804	44.797804	143.073750	62.713852	44.940778	44.940778	141.224655	63.114797
375	45.563922	45.563922	137.722207	64.877219	45.942012	45.942012	135.737999	65.958390	45.840401	45.840401	136.473780	65.666948
376	45.449612	45.449612	138.259635	64.552101	46.130244	46.130244	133.883725	66.499981	46.043102	46.043102	134.711388	66.248977
377	45.189114	45.189114	139.487266	63.814250	46.009652	46.009652	135.520620	66.152753	44.822875	44.822875	142.071805	62.784067
378	45.343385	45.343385	138.638647	64.250706	45.552552	45.552552	138.254419	64.844844	45.766441	45.766441	137.306829	65.455223
379	45.470680	45.470680	137.889173	64.611959	44.881506	44.881506	141.706468	62.948426	46.187011	46.187011	134.070373	66.663749
380	45.504622	45.504622	137.777420	64.708456	45.492652	45.492652	137.322555	64.674419	45.909678	45.909678	136.284752	65.865580
381	45.595627	45.595627	138.428098	64.967539	45.815212	45.815212	135.610549	65.594803	44.708345	44.708345	143.557691	62.463628
382	45.234277	45.234277	139.913671	63.941870	46.078772	46.078772	134.762917	66.351662	45.709967	45.709967	137.077732	65.293785
383	46.613560	46.613560	132.031901	67.900749	45.580897	45.580897	137.206166	64.925569	46.296953	46.296953	133.566192	66.981496
384	46.133111	46.133111	134.546085	66.508247	46.303707	46.303707	133.114398	67.001039	46.112919	46.112919	134.507040	66.450042
385	44.777433	44.777433	142.317046	62.656828	46.383590	46.383590	132.635012	67.232421	45.349111	45.349111	139.149541	64.266933
386	45.254328	45.254328	139.949256	63.998568	45.112146	45.112146	140.679906	63.597053	45.354381	45.354381	139.670200	64.281872
387	45.449213	45.449213	138.165643	64.550968	44.971625	44.971625	140.888551	63.201470	46.091561	46.091561	134.364209	66.388500
388	46.203064	46.203064	134.218591	66.710099	45.828824	45.828824	136.209423	65.633786	45.114458	45.114458	140.290643	63.603573
389	45.759871	45.759871	136.958003	65.436431	45.681635	45.681635	136.634980	65.212867	46.099674	46.099674	134.645386	66.411873
390	45.700844	45.700844	137.102843	65.267724	45.845546	45.845546	135.933614	65.681689	44.964333	44.964333	141.880262	63.180975
391	44.882540	44.882540	142.264536	62.951324	45.949689	45.949689	135.545124	65.980434	46.038036	46.038036	135.103155	66.234400
392	46.126327	46.126327	134.337230	66.488689	46.230640	46.230640	133.849707	66.789753	46.072654	46.072654	134.360681	66.334045
393	45.944995	45.944995	135.904972	65.966954	46.093270	46.093270	134.772790	66.393422	45.159136	45.159136	139.566098	63.729612
394	45.483292	45.483292	138.342903	64.647809	45.793243	45.793243	136.309904	65.531909	46.460206	46.460206	132.791900	67.454710
395	45.512828	45.512828	138.218402	64.731796	46.078444	46.078444	134.588895	66.350719	45.732849	45.732849	135.926293	65.359172
396	44.726479	44.726479	142.530930	62.514310	46.203150	46.203150	134.015403	66.710345	47.283219	47.283219	127.762267	69.865713
397	44.581764	44.581764	143.158718	62.110428	45.318971	45.318971	139.139959	64.181536	46.541520	46.541520	132.036531	67.691033
398	44.902388	44.902388	142.036666	63.007014	46.071681	46.071681	134.550998	66.331242	45.573519	45.573519	137.658469	64.904550
399	45.976487	45.976487	134.947843	66.057417	47.029833	47.029833	128.782503	69.118914	45.839041	45.839041	135.669655	65.663053
400	46.146875	46.146875	134.320336	66.547941	46.624364	46.624364	132.037406	67.932230	45.057309	45.057309	140.402372	63.442534
401	46.427432	46.427432	132.724298	67.359577	45.182598	45.182598	139.783928	63.795849	45.945921	45.945921	136.169456	65.969614
402	45.679977	45.679977	137.467546	65.208135	45.025530	45.025530	141.062723	63.353073	45.188634	45.188634	140.594486	63.812895
403	46.517888	46.517888	132.161161	67.622309	44.827478	44.827478	142.210829	62.796961	45.008962	45.008962	140.606159	63.306459
404	45.612704	45.612704	137.850747	65.016212	44.595691	44.595691	143.260172	62.149238	45.806121	45.806121	136.153425	65.568773
405	44.860559	44.860559	142.627056	62.889680	44.909954	44.909954	141.861670	63.028250	45.605905	45.605905	137.485129	64.996830
406	45.907232	45.907232	135.579907	65.858560	45.214383	45.214383	139.565074	63.885637	45.962936	45.962936	136.098632	66.018484
407	45.298756	45.298756	139.608547	64.124290	45.576399	45.576399	137.529804	64.912756	45.693444	45.693444	137.699890	65.246588
408	45.874846	45.874846	135.784379	65.765673	44.670091	44.670091	143.380509	62.356783	45.913253	45.913253	136.209431	65.875838
409	45.622115	45.622115	137.364144	65.043044	44.075918	44.075918	146.595676	60.708956	45.671930	45.671930	137.391281	65.185161
410	46.082546	46.082546	135.217353	66.362534	46.268277	46.268277	133.603747	66.898546	46.260898	46.260898	133.436792	66.877208
411	46.651882	46.651882	130.720517	68.012440	46.642601	46.642601	131.531141	67.985381	45.686498	45.686498	136.988537	65.226752
412	47.554352	47.554352	126.771465	70.669263	45.611258	45.611258	137.106575	65.012091	46.111104	46.111104	134.971943	66.444808
413	46.953594	46.953594	129.195230	68.895001	46.260414	46.260414	133.172648	66.875809	46.023250	46.023250	134.990747	66.191862
414	46.156979	46.156979	134.471543	66.577085	45.855083	45.855083	135.814399	65.709020	46.586124	46.586124	131.232561	67.820844
415	45.799761	45.799761	135.484079	65.550567	45.591420	45.591420	137.473130	64.955550	45.414996	45.414996	137.627429	64.453809
416	46.313173	46.313173	132.936203	67.028437	46.124668	46.124668	134.109496	66.483907	46.112180	46.112180	134.443668	66.447912
417	46.092263	46.092263	134.571390	66.390522	46.259273	46.259273	133.105611	66.872511	45.918740	45.918740	135.162953	65.891583
418	45.565910	45.565910	137.279032	64.882880	46.068507	46.068507	134.433898	66.322103	46.393953	46.393953	133.496639	67.262466
419	45.363667	45.363667	139.131828	64.308197	47.027384	47.027384	129.929991	69.111715	47.152773	47.152773	129.140943	69.480750
420	44.289717	44.289717	145.655146	61.299346	46.549599	46.549599	131.790152	67.714538	46.693240	46.693240	130.991739	68.133083
421	45.622582	45.622582	138.406510	65.044373	46.057700	46.057700	135.010384	66.290992	47.156052	47.156052	128.338024	69.490415
422	46.181162	46.181162	134.738115	66.646866	46.738061	46.738061	130.419517	68.263948	47.488701	47.488701	126.555296	70.474271
423	46.413377	46.413377	131.604844	67.318800	46.300693	46.300693	132.880492	66.992318	46.668787	46.668787	131.404753	68.061740
424	46.375788	46.375788	132.565101	67.209805	45.892414	45.892414	135.458152	65.816051	47.135823	47.135823	128.300194	69.430807
425	45.734766	45.734766	136.792946	65.364651	45.695325	45.695325	136.691517	65.251961	46.297511	46.297511	133.506569	66.983110
426	45.283406	45.283406	139.899145	64.080839	46.601994	46.601994	131.920119	67.867057	45.226984	45.226984	139.694340	63.921253
427	45.145289	45.145289	139.700309	63.690535	46.235395	46.235395	134.006301	66.803491	45.339671	45.339671	139.821070	64.240181
428	45.778482	45.778482	136.450846	65.489670	46.126916	46.126916	133.552720	66.490388	46.594965	46.594965	132.066912	67.846585
429	46.478793	46.478793	132.712346	67.508693	46.460338	46.460338	132.771555	67.455094	45.806848	45.806848	136.705370	65.570853
430	45.603163	45.603163	138.129814	64.989015	44.500785	44.500785	144.274841	61.884996	45.623146	45.623146	136.932437	65.045984
431	45.426584	45.426584	138.049593	64.486703	44.089543	44.089543	146.449975	60.746494	45.246385	45.246385	139.832345	63.976106
432	45.775729	45.775729	136.437408	65.481792	45.100619	45.100619	140.870966	63.564556	44.769024	44.769024	142.107097	62.633298
433	46.364366	46.364366	133.109605	67.176701	45.431628	45.431628	138.774652	64.501026	45.505395	45.505395	137.919719	64.710656
434	45.252910	45.252910	139.028482	63.994559	45.810016	45.810016	136.291557	65.579924	46.154838	46.154838	134.654997	66.570909
435	45.841463	45.841463	136.520334	65.669990	46.029155	46.029155	135.258665	66.208848	44.383163	44.383163	145.922608	61.558286
436	44.984732	44.984732	141.280724	63.238317	45.803735	45.803735	136.311982	65.561942	45.228606	45.228606	139.929250	63.925837
437	46.108561	46.108561	134.725855	66.437482	44.917729	44.917729	141.872497	63.050074	45.189406	45.189406	139.995791	63.815076
438	44.581419	44.581419	143.232782	62.109467	45.927844	45.927844	135.377952	65.917715	45.174222	45.174222	139.333041	63.772197
439	45.855465	45.855465	136.845144	65.710115	45.842849	45.842849	136.295180	65.673962	46.342771	46.342771	133.226420	67.114138
440	45.753283	45.753283	136.546720	65.417592	46.124508	46.124508	134.346106	66.483446	46.674212	46.674212	131.481539	68.077566
441	45.189668	45.189668	139.965848	63.815814	45.605216	45.605216	137.921919	64.994865	46.116499	46.116499	134.363192	66.460358
442	45.250950	45.250950	139.193916	63.989016	46.036556	46.036556	134.635607	66.230139	45.979490	45.979490	135.224649	66.066048
443	45.940686	45.940686	135.164373	65.954581	46.416258	46.416258	132.828649	67.327155	44.623144	44.623144	143.190254	62.225782
444	46.203804	46.203804	134.510838	66.712236	45.284797	45.284797	139.237585	64.084775	45.852151	45.852151	136.383914	65.700618
445	45.612982	45.612982	137.642246	65.017003	46.550985	46.550985	132.065309	67.718570	45.525214	45.525214	138.101578	64.767036
446	46.238633	46.238633	133.747242	66.812851	45.802431	45.802431	136.030293	65.558209	45.673648	45.673648	137.473259	65.190065
447	46.689481	46.689481	130.553509	68.122114	45.418068	45.418068	138.848186	64.462529	46.024490	46.024490	135.068892	66.195428
448	46.306590	46.306590	132.981512	67.009384	45.064843	45.064843	140.650317	63.463754	45.568573	45.568573	137.739531	64.890465
449	46.669654	46.669654	130.669304	68.064270	45.062496	45.062496	141.271056	63.457141	45.973438	45.973438	135.483956	66.048656
450	45.817432	45.817432	136.536438	65.601159	44.682133	44.682133	142.722305	62.390407	45.086227	45.086227	141.000241	63.523996
451	45.824230	45.824230	135.704278	65.620627	45.985937	45.985937	135.328124	66.084574	46.022455	46.022455	134.797522	66.189575
452	44.297697	44.297697	145.279062	61.321435	46.030776	46.030776	134.950811	66.213512	45.230685	45.230685	139.827284	63.931715
453	46.277821	46.277821	133.440419	66.926147	46.697093	46.697093	131.202674	68.144327	45.416910	45.416910	138.638639	64.459241
454	45.917890	45.917890	135.702857	65.889144	46.859588	46.859588	129.740249	68.619407	45.988031	45.988031	135.225015	66.090594
455	45.771272	45.771272	136.875725	65.469041	47.016442	47.016442	129.534522	69.079555	46.051846	46.051846	134.934270	66.274141
456	46.288670	46.288670	133.142119	66.957530	46.769355	46.769355	130.596717	68.355392	45.916226	45.916226	135.855823	65.884369
457	46.159974	46.159974	134.400879	66.585726	45.686724	45.686724	137.698424	65.227400	45.155975	45.155975	140.312541	63.720691
458	45.005571	45.005571	141.688085	63.296918	45.213258	45.213258	140.556177	63.882459	45.756542	45.756542	136.580500	65.426911
459	46.050851	46.050851	134.816334	66.271276	45.873969	45.873969	135.421371	65.763158	45.761292	45.761292	136.583023	65.440495
460	45.119084	45.119084	140.234209	63.616617	45.612918	45.612918	138.134037	65.016821	46.180889	46.180889	134.328109	66.646078
461	45.035610	45.035610	141.799505	63.381443	44.900854	44.900854	141.670606	63.002709	45.840196	45.840196	136.853923	65.666361
462	44.523181	44.523181	145.368617	61.947302	44.708721	44.708721	143.746337	62.464679	45.140022	45.140022	140.362118	63.675674
463	45.184325	45.184325	140.233716	63.800726	43.885891	43.885891	147.400204	60.186608	45.040471	45.040471	140.410043	63.395126
464	44.706254	44.706254	143.020911	62.457787	44.704520	44.704520	142.511317	62.452941	46.725328	46.725328	131.145237	68.226758
465	45.312393	45.312393	139.447739	64.162905	45.614145	45.614145	137.003046	65.020320	45.342601	45.342601	139.916100	64.248482
466	44.449474	44.449474	144.220763	61.742365	45.626166	45.626166	137.867282	65.054593	46.128013	46.128013	134.087501	66.493550
467	44.956342	44.956342	141.666482	63.158522	45.666422	45.666422	136.431572	65.169440	45.772686	45.772686	136.313936	65.473088
468	45.189091	45.189091	140.231387	63.814185	45.855568	45.855568	136.929075	65.710409	46.046640	46.046640	135.141412	66.259157
469	45.195347	45.195347	139.876710	63.831855	45.542947	45.542947	137.388628	64.817501	45.580707	45.580707	137.654875	64.925026
470	45.191402	45.191402	139.774048	63.820713	45.341445	45.341445	139.370576	64.245208	45.818088	45.818088	136.380277	65.603037
471	45.435730	45.435730	139.018255	64.512673	46.166107	46.166107	133.911506	66.603419	46.054928	46.054928	134.709930	66.283011
472	45.857399	45.857399	135.921441	65.715657	45.375326	45.375326	138.142527	64.341256	47.740500	47.740500	125.179688	71.223604
473	45.311667	45.311667	139.193239	64.160849	46.271323	46.271323	133.645460	66.907355	45.774984	45.774984	136.356435	65.479660
474	44.916990	44.916990	142.053713	63.047999	46.346877	46.346877	133.446880	67.126033	46.148121	46.148121	134.776848	66.551535
475	45.067427	45.067427	140.351000	63.471031	44.890625	44.890625	141.285454	62.974008	46.757580	46.757580	130.362804	68.320977
476	44.843730	44.843730	142.489979	62.842504	46.203514	46.203514	134.073832	66.711396	46.748152	46.748152	130.106445	68.293428
477	44.583210	44.583210	143.477035	62.114456	45.076666	45.076666	140.348917	63.497057	46.993994	46.993994	129.323882	69.013609
478	45.076196	45.076196	140.144819	63.495732	45.327843	45.327843	139.478558	64.206668	46.875676	46.875676	130.415422	68.666533
479	46.294956	46.294956	133.525618	66.975718	44.569495	44.569495	144.162851	62.076247	46.721925	46.721925	131.250607	68.216823
480	45.555387	45.555387	137.832523	64.852916	46.060797	46.060797	134.086952	66.299908	46.290844	46.290844	133.248401	66.963820
481	45.326736	45.326736	139.110228	64.203532	45.604303	45.604303	136.759960	64.992264	47.039282	47.039282	128.617785	69.146689
482	45.128096	45.128096	140.886879	63.642033	45.007901	45.007901	140.813901	63.303474	45.850696	45.850696	136.267253	65.696449
483	44.749370	44.749370	143.105956	62.578315	44.967358	44.967358	141.242679	63.189478	45.012122	45.012122	141.127817	63.315348
484	44.686608	44.686608	143.362709	62.402905	44.597169	44.597169	143.826661	62.153360	45.714101	45.714101	136.980322	65.305596
485	45.689180	45.689180	137.634233	65.234412	45.059708	45.059708	140.473999	63.449290	46.264098	46.264098	133.904913	66.886462
486	45.371752	45.371752	138.853098	64.331123	44.946721	44.946721	142.365531	63.131492	46.192498	46.192498	134.621803	66.679591
487	44.423461	44.423461	145.881899	61.670122	45.947122	45.947122	135.431910	65.973064	46.660612	46.660612	131.711200	68.037896
488	44.580612	44.580612	144.192334	62.107218	45.523790	45.523790	137.317406	64.762983	46.311459	46.311459	133.417617	67.023475
489	46.446479	46.446479	133.147887	67.414857	45.222504	45.222504	139.236936	63.908591	46.157222	46.157222	134.227789	66.577787
490	46.044512	46.044512	134.632937	66.253034	45.263430	45.263430	139.706355	64.024316	46.551390	46.551390	132.201495	67.719749
491	46.524157	46.524157	132.297672	67.640537	46.169105	46.169105	134.083479	66.612070	46.301444	46.301444	134.206925	66.994490
492	46.173461	46.173461	134.120273	66.624640	45.421913	45.421913	138.576240	64.473444	46.524224	46.524224	132.067407	67.640732
493	47.301549	47.301549	127.881496	69.919893	46.538969	46.538969	131.711052	67.683613	45.812142	45.812142	136.213995	65.586012
494	46.222087	46.222087	133.490541	66.765041	46.234654	46.234654	133.657337	66.801352	46.652373	46.652373	130.969593	68.013873
495	46.870729	46.870729	130.570494	68.652038	45.677936	45.677936	136.528481	65.202308	45.778981	45.778981	136.360988	65.491098
496	45.852761	45.852761	136.542757	65.702364	46.423181	46.423181	133.194820	67.347241	45.944723	45.944723	134.888217	65.966173
497	45.368316	45.368316	138.538507	64.321377	46.717835	46.717835	130.600734	68.204878	45.646869	45.646869	137.158765	65.113646
498	45.006222	45.006222	141.087950	63.298749	45.368691	45.368691	138.521839	64.322442	45.361404	45.361404	138.461446	64.301780
499	45.321419	45.321419	139.266397	64.188470	45.311533	45.311533	139.883699	64.160469	44.969774	44.969774	141.652281	63.196269
500	45.815602	45.815602	136.750395	65.595918	45.618074	45.618074	136.792598	65.031520	44.714266	44.714266	142.265007	62.480173
501	46.146335	46.146335	134.847731	66.546383	45.427430	45.427430	138.058793	64.489107	45.256808	45.256808	139.586543	64.005584
502	46.178004	46.178004	133.728102	66.637751	46.228045	46.228045	134.369561	66.782255	45.290574	45.290574	138.934185	64.101127
503	46.323206	46.323206	133.454483	67.057482	45.765490	45.765490	136.850389	65.452503	45.483372	45.483372	137.713262	64.648034
504	45.853387	45.853387	136.236418	65.704159	45.051505	45.051505	140.823607	63.426190	46.515947	46.515947	131.697132	67.616667
505	45.487729	45.487729	137.811268	64.660423	44.958288	44.958288	141.952402	63.163990	45.127734	45.127734	139.802722	63.641011
506	45.206004	45.206004	140.025724	63.861963	45.599007	45.599007	137.090562	64.977171	45.413031	45.413031	139.260414	64.448231
507	45.832547	45.832547	135.735277	65.644448	45.217182	45.217182	139.802091	63.893548	45.586068	45.586068	137.005245	64.940301
508	45.228861	45.228861	140.063252	63.926558	45.583170	45.583170	138.048351	64.932044	45.857026	45.857026	135.998793	65.714589
509	45.643140	45.643140	136.792675	65.103006	45.597458	45.597458	137.340573	64.972754	46.802774	46.802774	130.524648	68.453115
510	45.011659	45.011659	141.051251	63.314046	45.020364	45.020364	140.887449	63.338537	45.921368	45.921368	135.326028	65.899126
511	45.419024	45.419024	137.975918	64.465242	45.926665	45.926665	135.585355	65.914331	45.236037	45.236037	139.535473	63.946846
512	45.956837	45.956837	135.355532	66.000964	45.071370	45.071370	140.943733	63.482137	45.194841	45.194841	139.877502	63.830425
513	45.178270	45.178270	140.472516	63.783628	45.275377	45.275377	140.190404	64.058119	45.100953	45.100953	140.557777	63.565498
514	45.108749	45.108749	139.546669	63.587477	45.822180	45.822180	135.747834	65.614755	45.314255	45.314255	139.389051	64.168179
515	45.239846	45.239846	139.743444	63.957616	45.758067	45.758067	136.099214	65.431271	46.521340	46.521340	132.919895	67.632345
516	44.744162	44.744162	142.891437	62.563750	45.876614	45.876614	135.348951	65.770742	46.820351	46.820351	131.173630	68.504540
517	45.323875	45.323875	139.612544	64.195428	45.686752	45.686752	137.285409	65.227479	45.852173	45.852173	135.784230	65.700681
518	44.364160	44.364160	145.188942	61.505585	46.029915	46.029915	134.690526	66.211033	45.131326	45.131326	140.248757	63.651143
519	45.939455	45.939455	135.251872	65.951047	45.586935	45.586935	137.737523	64.942769	45.704645	45.704645	136.571699	65.278580
520	46.254314	46.254314	133.501465	66.858174	46.148665	46.148665	133.870393	66.553102	45.205498	45.205498	139.489652	63.860533
521	47.329294	47.329294	127.530126	70.001939	46.054439	46.054439	135.173295	66.281604	45.717876	45.717876	136.683322	65.316381
522	46.123126	46.123126	134.724026	66.479460	46.801835	46.801835	130.275581	68.450369	46.219252	46.219252	133.670513	66.756850
523	44.931779	44.931779	140.939646	63.089525	46.711805	46.711805	131.156866	68.187273	46.844757	46.844757	130.909759	68.575977
524	45.454472	45.454472	138.177807	64.565906	46.787075	46.787075	130.453058	68.407199	45.543211	45.543211	137.366277	64.818251
525	45.447488	45.447488	138.729075	64.546069	46.488878	46.488878	133.074522	67.537993	45.561936	45.561936	137.344033	64.871564
526	45.123694	45.123694	140.375469	63.629618	46.292399	46.292399	133.975151	66.968319	46.241411	46.241411	133.649397	66.820877
527	45.532073	45.532073	137.692721	64.786551	46.195234	46.195234	133.162680	66.687490	45.791451	45.791451	136.055704	65.526781
528	45.893981	45.893981	134.721935	65.820546	45.828777	45.828777	136.250713	65.633650	45.261708	45.261708	139.050321	64.019445
529	46.209078	46.209078	134.238971	66.727464	46.724612	46.724612	131.003370	68.224668	46.043869	46.043869	135.003594	66.251185
530	45.761273	45.761273	136.942627	65.440440	45.819185	45.819185	136.100730	65.606177	46.103394	46.103394	134.621613	66.422591
531	45.832051	45.832051	135.599485	65.643027	45.658085	45.658085	135.887095	65.145647	45.590881	45.590881	137.850938	64.954015
532	45.733660	45.733660	136.609600	65.361489	46.382833	46.382833	132.941901	67.230224	45.639801	45.639801	136.206225	65.093483
533	45.975166	45.975166	135.362950	66.053620	46.771209	46.771209	130.223137	68.360813	45.555279	45.555279	137.773395	64.852607
534	46.374767	46.374767	133.058896	67.206844	45.510483	45.510483	137.249203	64.725127	45.494095	45.494095	137.276892	64.678521
535	45.698013	45.698013	136.394874	65.259638	45.678478	45.678478	136.800965	65.203855	45.376542	45.376542	138.060573	64.344704
536	46.059350	46.059350	135.131200	66.295741	45.803355	45.803355	135.785701	65.560853	44.823388	44.823388	142.468525	62.785504
537	44.740921	44.740921	141.838637	62.554689	46.261847	46.261847	133.801774	66.879953	44.912336	44.912336	142.074593	63.034935
538	45.133587	45.133587	140.091454	63.657521	46.035504	46.035504	134.783192	66.227114	44.843988	44.843988	141.841735	62.843226
539	46.059997	46.059997	135.504167	66.297605	44.943027	44.943027	141.656036	63.121116	45.941877	45.941877	135.085843	65.958001
540	46.362108	46.362108	132.892892	67.170157	45.203746	45.203746	139.122667	63.855583	45.237183	45.237183	139.611609	63.950085
541	45.576618	45.576618	137.048873	64.913377	46.309256	46.309256	134.052802	67.017099	45.188724	45.188724	140.204629	63.813148
542	46.116635	46.116635	134.678184	66.460752	45.483832	45.483832	137.599613	64.649344	45.343816	45.343816	138.754072	64.251926
543	45.693492	45.693492	137.689740	65.246727	45.229807	45.229807	139.543237	63.929232	46.346223	46.346223	132.638769	67.124137
544	45.631047	45.631047	137.289052	65.068515	45.964988	45.964988	135.815884	66.024378	46.594910	46.594910	131.795423	67.846427
545	45.312360	45.312360	138.285223	64.162812	45.221183	45.221183	140.287624	63.904855	46.740663	46.740663	130.697444	68.271550
546	45.237667	45.237667	139.142301	63.951454	44.881683	44.881683	141.024028	62.948921	46.800596	46.800596	130.522406	68.446744
547	45.056490	45.056490	140.645581	63.440227	45.752116	45.752116	136.759940	65.414254	45.976614	45.976614	134.984288	66.057782
548	45.666599	45.666599	137.222698	65.169947	45.452998	45.452998	138.358734	64.561721	46.568164	46.568164	132.019495	67.768560
549	45.144978	45.144978	140.410471	63.689657	44.863873	44.863873	142.034643	62.898972	46.163969	46.163969	134.089637	66.597252
550	45.522349	45.522349	137.897841	64.758883	45.294932	45.294932	139.172959	64.113465	45.548338	45.548338	137.525166	64.832846
551	46.220304	46.220304	133.712290	66.759889	45.628832	45.628832	136.580856	65.062196	45.190987	45.190987	139.904748	63.819540
552	46.763526	46.763526	130.845316	68.338356	45.395500	45.395500	138.763308	64.398481	45.565250	45.565250	137.628571	64.881001
553	45.768433	45.768433	136.293058	65.460922	46.066871	46.066871	135.198293	66.317393	45.698530	45.698530	136.592002	65.261115
554	46.789038	46.789038	129.784462	68.412939	44.944058	44.944058	141.018654	63.124011	46.041251	46.041251	135.378150	66.243650
555	45.638214	45.638214	136.863222	65.088954	46.071706	46.071706	134.485530	66.331315	45.571959	45.571959	137.730784	64.900108
556	47.042786	47.042786	129.637050	69.156991	45.704651	45.704651	136.894162	65.278597	45.486090	45.486090	138.553511	64.655763
557	46.591551	46.591551	131.710881	67.836644	45.969513	45.969513	134.401369	66.037380	44.975544	44.975544	141.012694	63.212486
558	45.984054	45.984054	135.395846	66.079164	45.980427	45.980427	135.026447	66.068741	45.509367	45.509367	137.265443	64.721953
559	45.802323	45.802323	136.704527	65.557901	47.772955	47.772955	125.207202	71.320476	45.731339	45.731339	136.828131	65.354854
560	46.353923	46.353923	133.634881	67.146444	46.690023	46.690023	131.291684	68.123696	46.025929	46.025929	134.578036	66.199568
561	45.515965	45.515965	137.765030	64.740721	46.796660	46.796660	130.063786	68.435231	45.298074	45.298074	138.717844	64.122359
562	46.153359	46.153359	133.795374	66.566641	45.926800	45.926800	135.479017	65.914718	45.497649	45.497649	138.336049	64.688628
563	46.299176	46.299176	133.142634	66.987928	47.121779	47.121779	129.190679	69.389440	45.526904	45.526904	138.254272	64.771843
564	47.051249	47.051249	130.149074	69.181876	45.371847	45.371847	138.472211	64.331390	45.681218	45.681218	137.140409	65.211679
565	46.716065	46.716065	130.652540	68.199712	46.014818	46.014818	135.368766	66.167608	44.334272	44.334272	145.489109	61.422741
566	46.956338	46.956338	129.806487	68.903053	46.522987	46.522987	132.312354	67.637135	44.865674	44.865674	142.440524	62.904023
567	45.620790	45.620790	137.150120	65.039264	45.752389	45.752389	136.103198	65.415034	44.428226	44.428226	144.393014	61.683353
568	46.468763	46.468763	132.510138	67.479562	44.742455	44.742455	142.645902	62.558976	44.732558	44.732558	142.654004	62.531303
569	46.387543	46.387543	133.491583	67.243879	45.011200	45.011200	141.267481	63.312755	43.952916	43.952916	147.403564	60.370587
570	46.255021	46.255021	133.416993	66.860218	44.441446	44.441446	144.893689	61.720065	44.999640	44.999640	140.674467	63.280236
571	46.484214	46.484214	132.230236	67.524442	45.396675	45.396675	138.901231	64.401816	44.909991	44.909991	142.001673	63.028352
572	45.023722	45.023722	141.229085	63.347986	45.852514	45.852514	135.921053	65.701657	45.534755	45.534755	138.031154	64.794184
573	45.188661	45.188661	139.739310	63.812970	45.973551	45.973551	133.964455	66.048981	45.238226	45.238226	139.312326	63.953034
574	45.839253	45.839253	135.360881	65.663660	46.152221	46.152221	135.128855	66.563360	45.114260	45.114260	140.606831	63.603015
575	46.476382	46.476382	132.487662	67.501689	46.217971	46.217971	133.930404	66.753152	45.441789	45.441789	138.523527	64.529882
576	45.480337	45.480337	137.896963	64.639408	45.970089	45.970089	134.739220	66.039035	44.219568	44.219568	145.861162	61.105317
577	45.321245	45.321245	139.138953	64.187976	45.982604	45.982604	135.383649	66.074995	45.113869	45.113869	139.656913	63.601912
578	45.714305	45.714305	135.813797	65.306178	45.991731	45.991731	135.279585	66.101228	44.780867	44.780867	142.898743	62.666438
579	45.998441	45.998441	135.034448	66.120518	45.422280	45.422280	138.246751	64.474484	45.062118	45.062118	140.463022	63.456078
580	45.661445	45.661445	136.292090	65.155236	45.451361	45.451361	138.061926	64.557070	44.987523	44.987523	141.322309	63.246162
581	45.307616	45.307616	139.996120	64.149378	45.822867	45.822867	136.483444	65.616724	44.490714	44.490714	144.227920	61.856989
582	45.892965	45.892965	135.767971	65.817633	46.367428	46.367428	133.207269	67.185574	45.305878	45.305878	138.972959	64.144455
583	44.191740	44.191740	146.136717	61.028434	46.029476	46.029476	135.302610	66.209771	45.691539	45.691539	136.861554	65.241148
584	45.555870	45.555870	137.900780	64.854289	46.124676	46.124676	134.208203	66.483929	45.941006	45.941006	135.575055	65.955502
585	45.664490	45.664490	137.516222	65.163925	45.856603	45.856603	136.080871	65.713378	45.735735	45.735735	136.316588	65.367421
586	45.774819	45.774819	136.506392	65.479189	45.960486	45.960486	135.281869	66.011447	45.958653	45.958653	135.616506	66.006181
587	46.383627	46.383627	133.118260	67.232527	46.489453	46.489453	132.222709	67.539665	45.629799	45.629799	137.339919	65.064955
588	47.088671	47.088671	129.216973	69.291965	46.073273	46.073273	135.231248	66.335827	45.809158	45.809158	136.694162	65.577468
589	46.273410	46.273410	133.451786	66.913390	46.263360	46.263360	134.149458	66.884327	45.072727	45.072727	140.525350	63.485961
590	46.439094	46.439094	132.720710	67.393421	46.384735	46.384735	133.157970	67.235740	45.032852	45.032852	140.804727	63.373681
591	46.044182	46.044182	134.555245	66.252085	46.203506	46.203506	135.014380	66.711374	44.475164	44.475164	145.280676	61.813757
592	44.481535	44.481535	143.964553	61.831466	46.518431	46.518431	131.317585	67.623887	45.654503	45.654503	137.474040	65.135426
593	45.791567	45.791567	136.394112	65.527112	46.198852	46.198852	133.815651	66.697935	45.669254	45.669254	136.802207	65.177525
594	44.940179	44.940179	140.919794	63.113115	45.510090	45.510090	138.369380	64.724008	45.487670	45.487670	138.142631	64.660253
595	46.252265	46.252265	133.713431	66.852252	45.338590	45.338590	138.923654	64.237117	45.350775	45.350775	139.221907	64.271650
596	46.600755	46.600755	131.508820	67.863450	45.442788	45.442788	138.151001	64.532719	45.748005	45.748005	136.857983	65.402500
597	45.739068	45.739068	137.054511	65.376950	45.491430	45.491430	138.135220	64.670943	45.241300	45.241300	139.500463	63.961725
598	46.300878	46.300878	133.211605	66.992853	45.707190	45.707190	136.815939	65.285851	45.355861	45.355861	138.925057	64.286066
599	45.862127	45.862127	136.458005	65.729210	45.446683	45.446683	137.968656	64.543780	45.350788	45.350788	139.143562	64.271688
600	46.839582	46.839582	130.704662	68.560825	45.671404	45.671404	136.972919	65.183660	45.200115	45.200115	139.788122	63.845324
601	47.131738	47.131738	129.169096	69.418773	45.339038	45.339038	138.745802	64.238385	45.533474	45.533474	137.851155	64.790540
602	46.279942	46.279942	132.891095	66.932284	45.623559	45.623559	137.646759	65.047160	45.786860	45.786860	136.706277	65.513644
603	46.261877	46.261877	133.881984	66.880041	44.914169	44.914169	141.654084	63.040080	45.506902	45.506902	137.970509	64.714941
604	45.849814	45.849814	135.734967	65.693921	45.887003	45.887003	135.709047	65.800533	45.693951	45.693951	138.058263	65.248037
605	45.558680	45.558680	138.019678	64.862292	46.362733	46.362733	133.163895	67.171970	45.990969	45.990969	135.427895	66.099039
606	45.952601	45.952601	135.851610	65.988799	47.213336	47.213336	128.273002	69.659346	45.326371	45.326371	139.113795	64.202498
607	45.796972	45.796972	136.107733	65.542583	45.340959	45.340959	140.082987	64.243831	45.600289	45.600289	137.781588	64.980824
608	45.099139	45.099139	140.388848	63.560384	45.202033	45.202033	140.023526	63.850744	44.881961	44.881961	141.549127	62.949700
609	46.156963	46.156963	134.244062	66.577037	45.588477	45.588477	137.062233	64.947162	44.500850	44.500850	144.596047	61.885176
610	47.328128	47.328128	127.766815	69.998491	45.183631	45.183631	140.322690	63.798767	45.116942	45.116942	140.658018	63.610576
611	46.857296	46.857296	130.152506	68.612693	45.439365	45.439365	138.542729	64.522996	45.077040	45.077040	140.650962	63.498111
612	46.098001	46.098001	134.506247	66.407053	45.844677	45.844677	136.635441	65.679199	46.206267	46.206267	132.888135	66.719348
613	46.801268	46.801268	130.027259	68.448708	45.170011	45.170011	140.216673	63.760310	47.141312	47.141312	129.194306	69.446978
614	46.104141	46.104141	134.396445	66.424745	45.924857	45.924857	135.684401	65.909140	47.068144	47.068144	128.701329	69.231569
615	47.292223	47.292223	128.080659	69.892324	44.684933	44.684933	143.553338	62.398226	46.368609	46.368609	132.635255	67.188996
616	47.397289	47.397289	126.969390	70.203218	45.302387	45.302387	139.830700	64.134572	45.489652	45.489652	138.838951	64.665890
617	46.824815	46.824815	130.156915	68.517602	45.344076	45.344076	138.949229	64.252663	45.872918	45.872918	135.768848	65.760144
618	47.376782	47.376782	127.025386	70.142483	45.179935	45.179935	139.483061	63.788329	45.741599	45.741599	136.101699	65.384184
619	46.818213	46.818213	130.054070	68.498283	45.612841	45.612841	137.307922	65.016602	45.260646	45.260646	139.319894	64.016439
620	46.314641	46.314641	133.392954	67.032687	44.488107	44.488107	144.468257	61.849740	45.934706	45.934706	135.510550	65.937413
621	46.172883	46.172883	134.323269	66.622973	43.819032	43.819032	149.297367	60.003360	45.817355	45.817355	135.314932	65.600938
622	46.417105	46.417105	132.792129	67.329613	45.046506	45.046506	140.248420	63.412115	45.611757	45.611757	138.292339	65.013512
623	46.244418	46.244418	133.656597	66.829568	45.139293	45.139293	140.173238	63.673617	45.421743	45.421743	138.640650	64.472960
624	46.899267	46.899267	130.795039	68.735663	45.868464	45.868464	136.245690	65.747375	45.921892	45.921892	135.900988	65.900631
625	45.658493	45.658493	136.256530	65.146812	45.028881	45.028881	140.666568	63.362505	46.235563	46.235563	133.746727	66.803978
626	46.092062	46.092062	134.577374	66.389942	44.172269	44.172269	146.675088	60.974667	46.427091	46.427091	133.180247	67.358587
627	45.803095	45.803095	136.685183	65.560109	45.412411	45.412411	139.260591	64.446471	46.074942	46.074942	134.933312	66.340634
628	45.489607	45.489607	138.879358	64.665762	45.081851	45.081851	139.597129	63.511666	45.086237	45.086237	140.616313	63.524024
629	45.519728	45.519728	137.720993	64.751426	45.412734	45.412734	138.902926	64.447387	45.846695	45.846695	135.791813	65.684982
630	45.271197	45.271197	139.412124	64.046290	46.080695	46.080695	135.348563	66.357203	46.954363	46.954363	130.072476	68.897257
631	45.326711	45.326711	138.703195	64.203461	45.660544	45.660544	137.166645	65.152664	46.261337	46.261337	133.709698	66.878479
632	45.050616	45.050616	141.034358	63.423688	45.512759	45.512759	137.643438	64.731601	46.059600	46.059600	134.661645	66.296462
633	45.544339	45.544339	138.122119	64.821462	45.274112	45.274112	138.741265	64.054539	46.218777	46.218777	133.646813	66.755481
634	45.060314	45.060314	139.756620	63.450996	46.394795	46.394795	132.887462	67.264907	45.662212	45.662212	136.674761	65.157426
635	45.017290	45.017290	141.419183	63.329888	45.476910	45.476910	138.116911	64.629667	45.082780	45.082780	141.022522	63.514284
636	45.626185	45.626185	137.511990	65.054650	46.105946	46.105946	135.073925	66.429945	44.745459	44.745459	142.554949	62.567378
637	45.403056	45.403056	138.428027	64.419922	46.501654	46.501654	131.623123	67.575120	45.513031	45.513031	138.313791	64.732374
638	46.531424	46.531424	131.207210	67.661670	46.251127	46.251127	132.948860	66.848961	45.545665	45.545665	137.333562	64.825237
639	46.442224	46.442224	132.295280	67.402505	45.437176	45.437176	138.588028	64.516780	45.404345	45.404345	139.062588	64.423580
640	46.334013	46.334013	132.716658	67.088773	46.035114	46.035114	135.106065	66.225991	45.238810	45.238810	139.389015	63.954686
641	45.636430	45.636430	137.433393	65.083867	45.960457	45.960457	135.173143	66.011362	45.805047	45.805047	137.181905	65.565699
642	45.661588	45.661588	137.085805	65.155645	47.054334	47.054334	128.723386	69.190948	45.651099	45.651099	137.951759	65.125714
643	46.140811	46.140811	134.659386	66.530451	46.399378	46.399378	133.097601	67.278197	45.603422	45.603422	136.908966	64.989754
644	46.259613	46.259613	133.585398	66.873493	46.433770	46.433770	133.371354	67.377968	45.584450	45.584450	138.120812	64.935689
645	46.041154	46.041154	135.007661	66.243370	45.456734	45.456734	138.978918	64.572332	45.839785	45.839785	136.155475	65.665184
646	44.681001	44.681001	142.999946	62.387244	45.670939	45.670939	137.390652	65.182332	45.391433	45.391433	138.583989	64.386945
647	45.850954	45.850954	136.111373	65.697187	45.812173	45.812173	135.577271	65.586099	45.657719	45.657719	137.855911	65.144602
648	46.498994	46.498994	132.339259	67.567390	45.494106	45.494106	137.942199	64.678551	46.003573	46.003573	134.771713	66.135272
649	46.290775	46.290775	132.768792	66.963620	45.546762	45.546762	137.836444	64.828361	45.863263	45.863263	136.020786	65.732465
650	45.663327	45.663327	136.666366	65.160608	45.526557	45.526557	137.749018	64.770855	46.866489	46.866489	130.515664	68.639619
651	47.726508	47.726508	125.513804	71.181863	45.917039	45.917039	135.691099	65.886703	45.821151	45.821151	136.597628	65.611808
652	46.626019	46.626019	131.594104	67.937052	45.117097	45.117097	140.085424	63.611013	46.743635	46.743635	130.110016	68.280231
653	46.583215	46.583215	131.540270	67.812373	45.785761	45.785761	136.264961	65.510498	46.125418	46.125418	133.755813	66.486068
654	46.389446	46.389446	133.126334	67.249398	46.155185	46.155185	134.583328	66.571910	44.846267	44.846267	141.930822	62.849615
655	46.602311	46.602311	131.738772	67.867980	45.410125	45.410125	138.028584	64.439981	45.769066	45.769066	135.494834	65.462732
656	46.517176	46.517176	131.691946	67.620240	45.831918	45.831918	135.954004	65.642648	45.566100	45.566100	137.558922	64.883422
657	46.801084	46.801084	130.847629	68.448171	45.232218	45.232218	140.289921	63.936048	45.641905	45.641905	136.348947	65.099485
658	45.939303	45.939303	135.607094	65.950611	45.915663	45.915663	135.416214	65.882755	45.643037	45.643037	137.385355	65.102714
659	45.522220	45.522220	137.611873	64.758517	45.206585	45.206585	140.232849	63.863605	45.647589	45.647589	137.041091	65.115701
660	45.637502	45.637502	137.052123	65.086923	45.180272	45.180272	139.607124	63.789281	45.437867	45.437867	138.991998	64.518741
661	45.205312	45.205312	139.616167	63.860008	46.059525	46.059525	134.216564	66.296246	44.081432	44.081432	146.706973	60.724144
662	46.164075	46.164075	134.548302	66.597557	46.127875	46.127875	134.713888	66.493151	45.457480	45.457480	138.456508	64.574452
663	45.860469	45.860469	135.830235	65.724458	45.993594	45.993594	135.533132	66.106583	45.608173	45.608173	137.493608	65.003296
664	45.656928	45.656928	136.601051	65.142347	44.129830	44.129830	147.019847	60.857560	44.572436	44.572436	144.358735	62.084439
665	46.825119	46.825119	129.884250	68.518492	45.053864	45.053864	140.029431	63.432835	45.037721	45.037721	141.417716	63.387384
666	46.142016	46.142016	134.367673	66.533927	45.404073	45.404073	138.439542	64.422809	45.406537	45.406537	139.345447	64.429800
667	45.633920	45.633920	137.771352	65.076709	44.593463	44.593463	143.616547	62.143030	45.851608	45.851608	136.203970	65.699061
668	44.571215	44.571215	143.447798	62.081037	45.951669	45.951669	135.651576	65.986122	45.609860	45.609860	137.790747	65.008105
669	45.414024	45.414024	138.566950	64.451048	45.230299	45.230299	139.337678	63.930624	45.833907	45.833907	136.274086	65.648343
670	45.473834	45.473834	137.962703	64.620923	44.937083	44.937083	142.130331	63.104419	45.893554	45.893554	136.146969	65.819322
671	45.783078	45.783078	136.055300	65.502821	44.780928	44.780928	142.672851	62.666610	46.001763	46.001763	135.062616	66.130068
672	45.285799	45.285799	139.418083	64.087612	45.740595	45.740595	136.507570	65.381314	46.853074	46.853074	130.470215	68.600329
673	45.664267	45.664267	136.758095	65.163290	44.972157	44.972157	141.000930	63.202966	46.635890	46.635890	130.670903	67.965819
674	45.389177	45.389177	138.179655	64.380545	45.979089	45.979089	135.866922	66.064893	46.176340	46.176340	134.457391	66.632948
675	45.075742	45.075742	140.488163	63.494455	45.025432	45.025432	140.640038	63.352798	46.324972	46.324972	133.112681	67.062593
676	45.817402	45.817402	136.038521	65.601072	45.305945	45.305945	137.892973	64.144646	46.802428	46.802428	130.181010	68.452102
677	46.262362	46.262362	133.745688	66.881443	44.960175	44.960175	140.738522	63.169292	46.841544	46.841544	130.215135	68.566569
678	46.038712	46.038712	134.289668	66.236343	44.809943	44.809943	140.872884	62.747843	46.331266	46.331266	133.470251	67.080820
679	46.271089	46.271089	133.794321	66.906677	45.981255	45.981255	135.580962	66.071119	46.796585	46.796585	129.567935	68.435013
680	46.173577	46.173577	134.119265	66.624974	45.515353	45.515353	137.245135	64.738979	45.071171	45.071171	141.019795	63.481578
681	46.254453	46.254453	134.288103	66.858577	46.498688	46.498688	132.777601	67.566499	44.685051	44.685051	142.408941	62.398557
682	46.326226	46.326226	133.057672	67.066226	45.940472	45.940472	135.527597	65.953968	46.422761	46.422761	133.451453	67.346024
683	46.302236	46.302236	133.903098	66.996784	46.129242	46.129242	134.921765	66.497094	45.828976	45.828976	136.149462	65.634221
684	45.487342	45.487342	137.769667	64.659321	46.878434	46.878434	129.873597	68.674611	45.673017	45.673017	136.960549	65.188264
685	46.112651	46.112651	134.879087	66.449268	45.316337	45.316337	139.485681	64.174076	46.109753	46.109753	134.415993	66.440917
686	45.835343	45.835343	136.303942	65.652460	45.310884	45.310884	139.524144	64.158632	45.155208	45.155208	139.775654	63.718526
687	46.588103	46.588103	132.141071	67.826605	44.659817	44.659817	143.057768	62.328101	45.068331	45.068331	140.745566	63.473577
688	45.509361	45.509361	137.643372	64.721936	45.220607	45.220607	139.709930	63.903228	45.430262	45.430262	138.189213	64.497146
689	45.254106	45.254106	139.503932	63.997942	45.250536	45.250536	140.385548	63.987843	45.166618	45.166618	139.377995	63.750731
690	44.908491	44.908491	141.933472	63.024142	45.996410	45.996410	136.001965	66.114680	45.155910	45.155910	140.378860	63.720506
691	44.598563	44.598563	144.034112	62.157244	46.235600	46.235600	133.997786	66.804084	45.473362	45.473362	138.331301	64.619582
692	44.939392	44.939392	141.203627	63.110905	45.358245	45.358245	138.609019	64.292825	46.202125	46.202125	133.660405	66.707387
693	45.291787	45.291787	139.473920	64.104562	44.992197	44.992197	141.086417	63.259305	45.642134	45.642134	136.692387	65.100138
694	46.385561	46.385561	133.079960	67.238132	45.256443	45.256443	138.972093	64.004551	47.379065	47.379065	127.038275	70.149245
695	46.861115	46.861115	129.695468	68.623877	44.787186	44.787186	141.190609	62.684127	46.186598	46.186598	133.530584	66.662559
696	46.420305	46.420305	132.626691	67.338897	45.104165	45.104165	140.499522	63.574554	46.452348	46.452348	132.655984	67.431894
697	46.213524	46.213524	134.240417	66.740306	45.701245	45.701245	137.200971	65.268869	46.322155	46.322155	133.699201	67.054440
698	45.593423	45.593423	137.269302	64.961257	46.006425	46.006425	134.367374	66.143474	46.923437	46.923437	130.079893	68.806529
699	45.570074	45.570074	137.129947	64.894738	46.533854	46.533854	132.032133	67.668737	45.563891	45.563891	138.141047	64.877129
700	45.751017	45.751017	137.066709	65.411112	45.712132	45.712132	136.518101	65.299969	45.792811	45.792811	136.794569	65.530672
701	45.530127	45.530127	137.979184	64.781014	46.646157	46.646157	131.434310	67.995749	45.108442	45.108442	140.378549	63.586610
702	44.946798	44.946798	141.267944	63.131709	46.025032	46.025032	134.919422	66.196988	45.940302	45.940302	135.332597	65.953481
703	45.685623	45.685623	137.284960	65.224254	46.416685	46.416685	132.877856	67.328394	45.975488	45.975488	135.000798	66.054547
704	46.322050	46.322050	133.130081	67.054135	46.589627	46.589627	132.175718	67.831041	45.767452	45.767452	135.954976	65.458115
705	45.768542	45.768542	136.383301	65.461233	46.797067	46.797067	130.287746	68.436421	45.904213	45.904213	135.733264	65.849900
706	45.418924	45.418924	137.938689	64.464959	45.346531	45.346531	139.347045	64.259620	46.117090	46.117090	134.924435	66.462062
707	45.202960	45.202960	140.597084	63.853363	45.591633	45.591633	137.111801	64.956157	44.528849	44.528849	144.978586	61.963075
708	45.045062	45.045062	141.248756	63.408051	45.581331	45.581331	137.306674	64.926803	45.107805	45.107805	139.553402	63.584814
709	44.669569	44.669569	142.852772	62.355324	45.228386	45.228386	139.236587	63.925214	45.379912	45.379912	139.010679	64.354264
710	45.737163	45.737163	137.158530	65.371504	45.416534	45.416534	138.759944	64.458174	46.587813	46.587813	131.992953	67.825761
711	46.084150	46.084150	134.280247	66.367152	45.668253	45.668253	137.135207	65.174667	45.745178	45.745178	136.323228	65.394416
712	46.464576	46.464576	132.363487	67.467402	46.214179	46.214179	134.425542	66.742197	45.657947	45.657947	137.374685	65.145253
713	46.114201	46.114201	134.438647	66.453734	46.462738	46.462738	132.634491	67.462064	45.190722	45.190722	139.189937	63.818792
714	46.124852	46.124852	133.941148	66.484437	46.600118	46.600118	131.329863	67.861593	45.009017	45.009017	141.375219	63.306612
715	46.218805	46.218805	134.188537	66.755560	47.102671	47.102671	129.306980	69.333175	46.165658	46.165658	133.773087	66.602124
716	44.556876	44.556876	144.054863	62.041100	46.557892	46.557892	132.135102	67.738667	45.545405	45.545405	137.881942	64.824498
717	44.986400	44.986400	140.558031	63.243006	46.580465	46.580465	132.561932	67.804366	44.399863	44.399863	144.416974	61.604620
718	44.826672	44.826672	142.343836	62.794703	47.246753	47.246753	127.686052	69.757989	45.047973	45.047973	140.758988	63.416247
719	45.314256	45.314256	138.795702	64.168182	46.447659	46.447659	132.482676	67.418282	44.900139	44.900139	141.922645	63.000704
720	44.973287	44.973287	141.423631	63.206143	46.189035	46.189035	134.034307	66.669594	45.501182	45.501182	137.454614	64.698675
721	44.950919	44.950919	141.430710	63.143285	46.443965	46.443965	132.601887	67.407560	45.274838	45.274838	139.469310	64.056592
722	44.952169	44.952169	141.240248	63.146796	46.342863	46.342863	133.502672	67.114405	45.354021	45.354021	139.184996	64.280849
723	44.555005	44.555005	144.365702	62.035889	46.222324	46.222324	134.218837	66.765727	46.140444	46.140444	134.131740	66.529394
724	44.708685	44.708685	143.306960	62.464579	47.185541	47.185541	127.939161	69.577352	46.904731	46.904731	129.889657	68.751682
725	46.078080	46.078080	135.197413	66.349671	45.838317	45.838317	136.077261	65.660979	46.438651	46.438651	132.818059	67.392134
726	46.180542	46.180542	133.540614	66.645077	46.208276	46.208276	133.617240	66.725149	46.933732	46.933732	129.361866	68.836724
727	46.529523	46.529523	132.417922	67.656141	46.129638	46.129638	133.661466	66.498234	46.677645	46.677645	131.203227	68.087578
728	44.751951	44.751951	142.739655	62.585535	45.696449	45.696449	135.862746	65.255171	45.406129	45.406129	138.527215	64.428642
729	44.617529	44.617529	143.216957	62.210121	46.364258	46.364258	133.193716	67.176388	46.062670	46.062670	134.649133	66.305299
730	46.059626	46.059626	134.949466	66.296535	45.482848	45.482848	138.088494	64.646545	45.812325	45.812325	135.980956	65.586535
731	46.322918	46.322918	133.802226	67.056649	45.547156	45.547156	137.618276	64.829483	46.319037	46.319037	133.540910	67.045413
732	45.442188	45.442188	138.170539	64.531014	46.121733	46.121733	134.558128	66.475444	46.120094	46.120094	134.344300	66.470721
733	44.736576	44.736576	142.403414	62.542539	45.690643	45.690643	137.079635	65.238589	45.550223	45.550223	137.578792	64.838214
734	45.923704	45.923704	135.773458	65.905830	46.501380	46.501380	131.955203	67.574324	45.301706	45.301706	139.336450	64.132644
735	46.326974	46.326974	134.030033	67.068391	45.507971	45.507971	137.492165	64.717983	45.218531	45.218531	139.770261	63.897360
736	46.083204	46.083204	134.089926	66.364429	45.749103	45.749103	137.346728	65.405639	45.720448	45.720448	136.768552	65.323730
737	45.617566	45.617566	137.140724	65.030071	45.305321	45.305321	139.258135	64.142880	46.199031	46.199031	134.398408	66.698453
738	45.961404	45.961404	135.751981	66.014083	44.214803	44.214803	146.234087	61.092149	46.569149	46.569149	131.592250	67.771426
739	45.658131	45.658131	137.377537	65.145778	46.549753	46.549753	131.704564	67.714983	45.607347	45.607347	136.963625	65.000940
740	45.549086	45.549086	137.992058	64.834976	47.510336	47.510336	126.714175	70.538501	46.349471	46.349471	132.681117	67.133546
741	46.385379	46.385379	133.281630	67.237607	46.062111	46.062111	134.449284	66.303689	45.590793	45.590793	137.873448	64.953762
742	47.015084	47.015084	129.269436	69.075567	46.331999	46.331999	132.690342	67.082941	45.268757	45.268757	139.180149	64.039386
743	46.397040	46.397040	133.423070	67.271415	46.498170	46.498170	132.427696	67.564993	45.300427	45.300427	139.004295	64.129022
744	46.600365	46.600365	131.741013	67.862313	46.129928	46.129928	134.551578	66.499070	46.371550	46.371550	132.555218	67.197521
745	45.268947	45.268947	138.883733	64.039924	46.411173	46.411173	132.547767	67.312404	46.598899	46.598899	131.758267	67.858044
746	45.531361	45.531361	138.341994	64.784526	45.726806	45.726806	136.551418	65.341901	45.186666	45.186666	139.392092	63.807338
747	45.790514	45.790514	136.853580	65.524098	45.502630	45.502630	138.178035	64.702791	45.705939	45.705939	136.810573	65.282278
748	45.900426	45.900426	135.931942	65.839035	45.844127	45.844127	136.094327	65.677624	44.654894	44.654894	143.230253	62.314362
749	46.430326	46.430326	132.918123	67.367976	45.496517	45.496517	138.545998	64.685408	45.115286	45.115286	140.264429	63.605908
750	46.108360	46.108360	134.208180	66.436903	44.963919	44.963919	140.990747	63.179814	45.395859	45.395859	139.298048	64.399499
751	45.414665	45.414665	138.525012	64.452869	45.376101	45.376101	137.707443	64.343455	45.258610	45.258610	140.655787	64.010680
752	44.994121	44.994121	142.009909	63.264717	45.875705	45.875705	135.972170	65.768134	44.341096	44.341096	145.160312	61.441649
753	45.701291	45.701291	136.745712	65.269000	45.512244	45.512244	137.705541	64.730136	44.682568	44.682568	142.954382	62.391623
754	44.861490	44.861490	142.485980	62.892290	46.581225	46.581225	132.044350	67.806579	45.081129	45.081129	140.325483	63.509631
755	45.462207	45.462207	138.518181	64.587884	45.656269	45.656269	137.562587	65.140466	45.975256	45.975256	135.915639	66.053879
756	45.641562	45.641562	137.761299	65.098506	46.453273	46.453273	132.341060	67.434579	45.677075	45.677075	136.830270	65.199849
757	45.190255	45.190255	139.992922	63.817474	45.837347	45.837347	135.644683	65.658198	45.856288	45.856288	136.172701	65.712474
758	45.180271	45.180271	139.854965	63.789279	45.688458	45.688458	137.011173	65.232350	45.110673	45.110673	140.005710	63.592901
759	45.067308	45.067308	140.411448	63.470695	45.838800	45.838800	135.413165	65.662363	45.941088	45.941088	135.244568	65.955737
760	45.125365	45.125365	140.202280	63.634331	46.278160	46.278160	134.248781	66.927127	45.340765	45.340765	138.879305	64.243281
761	45.962137	45.962137	135.312722	66.016190	46.270282	46.270282	134.051161	66.904344	45.946821	45.946821	135.186757	65.972198
762	46.075795	46.075795	134.428271	66.343089	45.671695	45.671695	137.182183	65.184490	46.447179	46.447179	132.863006	67.416889
763	46.433121	46.433121	132.771310	67.376084	45.002926	45.002926	140.593068	63.289480	46.831569	46.831569	130.333819	68.537371
764	45.949214	45.949214	135.217701	65.979072	45.432330	45.432330	138.818342	64.503019	45.507708	45.507708	137.592980	64.717234
765	45.859904	45.859904	135.650932	65.722837	45.251203	45.251203	139.067338	63.989730	45.293137	45.293137	138.379811	64.108383
766	46.877212	46.877212	130.161684	68.671031	45.015151	45.015151	141.497869	63.323869	45.920088	45.920088	135.863735	65.895453
767	45.801610	45.801610	135.892559	65.555857	45.798050	45.798050	136.839347	65.545670	45.229569	45.229569	139.282440	63.928561
768	44.835160	44.835160	141.524532	62.818487	45.459782	45.459782	138.489539	64.580994	45.999421	45.999421	135.418343	66.123336
769	45.024064	45.024064	141.138643	63.348948	45.650712	45.650712	137.446444	65.124610	44.867309	44.867309	141.432296	62.908606
770	45.618280	45.618280	137.686581	65.032109	45.503759	45.503759	138.142891	64.706003	45.335174	45.335174	138.275029	64.227438
771	45.302451	45.302451	139.039563	64.134752	46.554120	46.554120	132.432706	67.727690	45.637921	45.637921	136.780306	65.088120
772	46.310934	46.310934	134.306415	67.021955	45.596784	45.596784	137.103537	64.970834	45.335880	45.335880	138.509273	64.229437
773	46.561887	46.561887	132.372104	67.750291	45.945694	45.945694	135.969452	65.968963	44.738073	44.738073	142.394178	62.546724
774	45.259974	45.259974	139.161832	64.014538	45.512547	45.512547	137.799488	64.730998	45.631617	45.631617	137.935964	65.070140
775	46.173703	46.173703	134.163691	66.625339	44.893630	44.893630	141.473666	62.982439	45.372947	45.372947	139.516465	64.334510
776	46.191742	46.191742	133.952816	66.677407	45.773211	45.773211	136.470180	65.474590	45.894539	45.894539	136.081367	65.822146
777	45.982790	45.982790	135.299188	66.075531	44.882375	44.882375	141.828726	62.950862	46.016851	46.016851	135.032997	66.173456
778	45.967743	45.967743	135.010784	66.032292	45.442332	45.442332	137.984464	64.531422	44.495306	44.495306	144.520674	61.869759
779	45.857774	45.857774	135.400898	65.716733	44.916594	44.916594	141.869521	63.046888	44.796303	44.796303	142.295119	62.709648
780	44.814438	44.814438	142.556122	62.760433	45.864083	45.864083	136.030764	65.734815	45.940359	45.940359	135.013571	65.953644
781	45.795668	45.795668	136.271164	65.538849	45.615956	45.615956	137.874795	65.025483	45.934510	45.934510	135.839644	65.936851
782	45.379900	45.379900	139.160639	64.354230	45.158870	45.158870	140.802766	63.728861	45.314051	45.314051	139.171685	64.167600
783	44.653328	44.653328	144.067098	62.309992	45.055098	45.055098	140.746276	63.436307	45.751577	45.751577	136.222544	65.412713
784	45.024228	45.024228	141.132684	63.349409	45.558857	45.558857	138.444673	64.862796	46.847111	46.847111	130.173333	68.582870
785	45.020987	45.020987	141.278000	63.340290	46.653250	46.653250	131.448247	68.016429	46.040729	46.040729	135.056837	66.242147
786	44.803444	44.803444	142.174552	62.729643	46.261978	46.261978	133.907462	66.880331	46.545321	46.545321	131.799924	67.702092
787	45.994445	45.994445	134.844571	66.109030	45.608145	45.608145	138.016879	65.003217	46.918070	46.918070	130.525218	68.790789
788	45.229085	45.229085	139.480313	63.927192	45.776552	45.776552	135.797679	65.484148	46.408128	46.408128	132.367376	67.303572
789	45.277814	45.277814	139.277487	64.065014	46.263858	46.263858	133.548436	66.885768	45.261769	45.261769	139.504472	64.019617
790	45.129847	45.129847	140.034105	63.646971	46.495742	46.495742	131.851068	67.557938	45.317173	45.317173	138.759215	64.176442
791	44.924826	44.924826	142.798932	63.070000	46.144435	46.144435	134.094531	66.540903	45.354737	45.354737	138.899117	64.282880
792	46.092172	46.092172	134.809122	66.390260	45.291132	45.291132	139.058246	64.102706	45.702457	45.702457	136.469954	65.272331
793	46.208454	46.208454	133.482481	66.725663	45.628081	45.628081	136.838772	65.060055	46.556772	46.556772	131.600945	67.735406
794	47.133933	47.133933	129.075342	69.425239	45.657072	45.657072	136.823667	65.142757	45.818269	45.818269	135.970862	65.603557
795	46.144542	46.144542	134.439130	66.541211	45.050675	45.050675	141.263630	63.423853	45.813370	45.813370	136.472742	65.589528
796	46.327364	46.327364	133.574088	67.069522	46.073761	46.073761	134.345322	66.337234	45.026644	45.026644	141.338109	63.356207
797	45.475083	45.475083	138.488792	64.624474	46.117861	46.117861	134.704127	66.464285	44.765772	44.765772	142.559698	62.624199
798	45.822373	45.822373	136.043125	65.615309	45.782421	45.782421	136.360196	65.500941	45.512510	45.512510	138.287605	64.730891
799	45.951673	45.951673	135.833159	65.986132	46.372774	46.372774	133.597683	67.201066	44.979214	44.979214	140.912206	63.222802
800	45.655380	45.655380	137.012604	65.137928	45.432090	45.432090	138.469548	64.502338	46.153510	46.153510	134.364806	66.567078
801	46.000022	46.000022	134.821254	66.125064	46.477653	46.477653	132.426232	67.505381	45.739414	45.739414	136.751208	65.377938
802	45.001755	45.001755	141.652572	63.286186	46.777214	46.777214	130.347893	68.378367	46.126570	46.126570	134.293014	66.489389
803	45.256556	45.256556	139.307623	64.004872	45.886217	45.886217	135.322830	65.798279	45.411676	45.411676	139.542210	64.444384
804	45.768082	45.768082	136.867876	65.459915	46.894658	46.894658	130.247692	68.722153	45.282540	45.282540	138.845264	64.078390
805	45.539251	45.539251	137.675235	64.806980	48.236414	48.236414	123.694316	72.710990	45.530090	45.530090	138.495015	64.780909
806	45.387265	45.387265	138.878433	64.375120	47.141152	47.141152	128.686478	69.446507	45.404357	45.404357	138.623408	64.423613
807	46.145506	46.145506	133.906207	66.543991	46.568690	46.568690	131.666511	67.770089	46.370895	46.370895	133.470677	67.195622
808	46.492236	46.492236	131.700137	67.547751	45.287715	45.287715	139.547533	64.093036	44.926321	44.926321	141.931157	63.074198
809	46.197228	46.197228	133.481646	66.693246	45.957514	45.957514	134.678962	66.002908	44.619030	44.619030	143.722214	62.214306
810	46.070687	46.070687	134.867382	66.328381	46.107657	46.107657	134.241172	66.434877	45.094325	45.094325	139.240486	63.546816
811	45.625146	45.625146	137.863566	65.051685	45.446433	45.446433	138.243507	64.543072	45.836278	45.836278	135.525067	65.655138
812	45.732152	45.732152	137.096242	65.357179	46.126867	46.126867	134.437627	66.490246	46.298969	46.298969	133.766190	66.987329
813	45.928673	45.928673	135.592238	65.920094	46.027205	46.027205	135.063813	66.203237	45.815771	45.815771	136.587048	65.596404
814	45.761348	45.761348	136.077033	65.440657	45.780080	45.780080	136.080572	65.494240	45.732703	45.732703	136.297507	65.358754
815	45.348878	45.348878	139.307287	64.266272	46.655441	46.655441	131.844479	68.022817	45.268090	45.268090	140.190010	64.037500
816	45.058190	45.058190	140.019350	63.445016	46.856914	46.856914	129.987692	68.611574	45.216236	45.216236	139.965955	63.890876
817	45.372446	45.372446	138.252807	64.333089	45.380793	45.380793	138.945878	64.356761	45.168474	45.168474	139.794356	63.755969
818	45.365342	45.365342	138.242122	64.312946	45.543690	45.543690	138.076558	64.819616	45.351425	45.351425	138.883013	64.273492
819	45.455725	45.455725	138.866461	64.569466	45.278932	45.278932	138.738693	64.068178	45.593131	45.593131	137.503385	64.960426
820	44.565303	44.565303	144.181832	62.064568	44.832994	44.832994	141.780406	62.812416	46.132241	46.132241	134.308854	66.505740
821	46.027151	46.027151	135.062643	66.203082	45.306189	45.306189	140.399428	64.145337	45.957563	45.957563	134.997570	66.003048
822	44.988678	44.988678	141.649982	63.249412	44.195599	44.195599	146.052585	61.039092	46.948366	46.948366	129.772102	68.879659
823	46.694482	46.694482	131.239848	68.136708	45.548221	45.548221	137.413725	64.832513	45.997655	45.997655	134.855220	66.118258
824	45.280899	45.280899	139.569469	64.073744	45.885257	45.885257	135.528085	65.795525	46.441669	46.441669	132.823546	67.400894
825	45.969014	45.969014	135.571785	66.035946	46.245968	46.245968	134.359820	66.834048	46.683823	46.683823	131.369931	68.105603
826	45.928105	45.928105	135.601676	65.918464	46.536361	46.536361	131.671264	67.676027	46.091079	46.091079	134.818131	66.387111
827	45.262000	45.262000	139.328160	64.020269	46.794641	46.794641	130.578182	68.429326	46.107131	46.107131	134.263397	66.433360
828	46.337040	46.337040	133.447284	67.097541	46.456375	46.456375	132.264072	67.443587	46.002547	46.002547	135.420668	66.132322
829	46.403922	46.403922	132.961595	67.291373	46.091772	46.091772	134.842734	66.389107	45.617839	45.617839	138.330273	65.030852
830	45.020526	45.020526	140.584261	63.338991	45.021089	45.021089	141.258545	63.340575	45.368631	45.368631	138.914131	64.322270
831	45.219793	45.219793	139.311411	63.900927	45.568113	45.568113	137.120390	64.889154	45.188106	45.188106	139.620778	63.811403
832	45.067788	45.067788	139.372313	63.472048	44.216416	44.216416	146.222498	61.096608	45.195064	45.195064	140.107352	63.831056
833	46.088589	46.088589	134.534626	66.379939	45.460317	45.460317	138.380884	64.582513	45.887515	45.887515	136.107258	65.802001
834	46.215827	46.215827	134.080378	66.746959	45.246968	45.246968	139.188587	63.977754	45.606960	45.606960	137.269475	64.999837
835	46.417960	46.417960	132.332923	67.332093	46.351944	46.351944	134.020080	67.140711	45.429909	45.429909	138.778272	64.496145
836	47.374037	47.374037	127.851271	70.134355	46.454464	46.454464	132.315524	67.438039	46.111699	46.111699	134.621453	66.446525
837	46.123280	46.123280	134.110907	66.479906	44.854847	44.854847	141.707436	62.873666	45.675469	45.675469	136.345034	65.195264
838	45.346426	45.346426	138.252682	64.259323	45.512336	45.512336	138.835450	64.730397	45.306467	45.306467	139.628695	64.146123
839	46.067148	46.067148	134.132984	66.318192	45.841371	45.841371	136.628402	65.669729	45.496547	45.496547	137.606623	64.685493
840	46.939463	46.939463	129.927650	68.853538	46.972538	46.972538	129.702172	68.950603	44.667886	44.667886	143.464073	62.350626
841	45.639843	45.639843	137.924209	65.093602	45.651902	45.651902	136.951488	65.128005	44.929893	44.929893	141.599813	63.084227
842	45.608269	45.608269	137.190129	65.003568	45.986951	45.986951	135.579403	66.087489	45.219432	45.219432	140.376309	63.899909
843	45.645519	45.645519	137.351987	65.109794	45.275577	45.275577	140.256142	64.058683	45.396549	45.396549	138.611683	64.401459
844	45.523400	45.523400	137.863206	64.761874	45.087966	45.087966	140.194479	63.528895	45.751050	45.751050	137.163944	65.411206
845	45.365692	45.365692	138.544375	64.313938	45.599676	45.599676	137.633591	64.979078	45.425847	45.425847	137.796600	64.484612
846	45.990537	45.990537	135.184485	66.097796	46.293659	46.293659	133.012430	66.971966	45.489867	45.489867	137.963260	64.666499
847	45.400643	45.400643	138.619281	64.413073	45.860615	45.860615	135.393537	65.724874	46.765875	46.765875	130.593087	68.345221
848	46.019716	46.019716	135.249787	66.181696	46.284618	46.284618	133.067278	66.945808	45.614206	45.614206	137.100071	65.020494
849	47.296763	47.296763	128.571850	69.905744	45.756606	45.756606	136.940204	65.427094	45.533319	45.533319	138.393034	64.790098
850	46.663891	46.663891	131.854829	68.047461	45.847007	45.847007	136.052222	65.685877	45.150555	45.150555	140.284172	63.705393
851	45.858704	45.858704	134.384821	65.719398	46.202045	46.202045	134.439175	66.707156	45.636000	45.636000	137.608425	65.082640
852	44.938850	44.938850	140.812478	63.109381	46.094171	46.094171	133.966110	66.396018	45.589554	45.589554	138.585275	64.950232
853	46.246193	46.246193	132.921425	66.834699	46.106441	46.106441	134.825924	66.431373	46.221063	46.221063	134.293718	66.762084
854	46.279099	46.279099	133.094466	66.929845	44.974793	44.974793	141.228586	63.210374	46.800122	46.800122	130.833275	68.445357
855	46.193322	46.193322	134.508348	66.681969	45.582453	45.582453	137.860277	64.930001	44.986140	44.986140	141.223129	63.242275
856	46.211607	46.211607	133.506771	66.734770	45.184336	45.184336	140.569172	63.800758	45.316757	45.316757	139.007301	64.175264
857	45.421716	45.421716	138.618318	64.472885	44.877275	44.877275	142.095902	62.936557	45.627144	45.627144	137.069089	65.057382
858	45.619307	45.619307	137.198358	65.035037	45.772312	45.772312	136.830425	65.472016	45.594750	45.594750	137.816160	64.965038
859	45.371505	45.371505	138.445917	64.330420	45.581364	45.581364	137.747970	64.926898	46.563834	46.563834	131.676946	67.755959
860	45.196086	45.196086	140.245499	63.833942	46.127411	46.127411	135.023111	66.491813	46.977699	46.977699	129.624028	68.965757
861	45.390170	45.390170	138.973282	64.383361	45.809334	45.809334	136.078492	65.577973	46.500464	46.500464	131.630776	67.571662
862	44.932509	44.932509	142.237840	63.091573	45.770619	45.770619	136.703270	65.467173	45.851167	45.851167	136.176707	65.697798
863	45.893371	45.893371	135.778464	65.818796	45.722919	45.722919	136.603741	65.330792	47.200646	47.200646	128.586547	69.621905
864	45.539962	45.539962	137.964007	64.809005	45.566284	45.566284	137.381306	64.883945	46.153131	46.153131	134.196284	66.565986
865	45.453936	45.453936	138.874952	64.564385	45.341629	45.341629	138.784260	64.245728	45.404635	45.404635	137.808419	64.424403
866	45.152284	45.152284	140.048467	63.710273	45.322795	45.322795	138.847305	64.192366	44.818109	44.818109	142.812646	62.770716
867	46.693493	46.693493	131.126066	68.133822	45.737359	45.737359	136.526823	65.372062	45.796277	45.796277	136.526915	65.540594
868	45.944255	45.944255	135.787429	65.964829	45.245855	45.245855	139.767769	63.974607	45.734680	45.734680	137.098556	65.364404
869	46.104983	46.104983	134.560619	66.427172	45.838094	45.838094	136.371671	65.660340	46.196343	46.196343	134.447093	66.690692
870	45.789949	45.789949	136.106894	65.522481	45.995574	45.995574	134.610336	66.112276	46.050789	46.050789	134.461178	66.271099
871	45.117516	45.117516	141.017889	63.612196	46.182601	46.182601	134.537949	66.651020	46.514711	46.514711	132.186594	67.613074
872	45.185330	45.185330	139.902265	63.803565	46.324838	46.324838	133.503562	67.062206	45.799312	45.799312	136.473428	65.549281
873	45.150950	45.150950	139.935452	63.706509	46.540096	46.540096	133.231758	67.686890	46.183633	46.183633	133.948462	66.653999
874	45.438158	45.438158	139.320335	64.519568	46.061740	46.061740	135.211279	66.302621	46.287476	46.287476	133.829965	66.954077
875	46.003016	46.003016	135.253764	66.133672	45.930599	45.930599	134.855985	65.925622	46.482255	46.482255	132.479660	67.518750
876	45.804147	45.804147	136.061741	65.563123	46.054286	46.054286	133.987164	66.281163	46.292372	46.292372	132.658138	66.968241
877	46.681499	46.681499	131.864047	68.098823	45.442810	45.442810	138.015277	64.532782	45.744916	45.744916	136.811540	65.393668
878	45.520059	45.520059	137.741746	64.752369	46.016386	46.016386	135.189873	66.172118	45.952826	45.952826	135.375817	65.989443
879	45.214080	45.214080	140.457607	63.884783	45.646451	45.646451	137.632654	65.112453	45.731785	45.731785	136.613863	65.356131
880	45.636878	45.636878	137.216288	65.085144	44.609014	44.609014	143.240773	62.186380	45.095075	45.095075	140.819261	63.548931
881	45.726299	45.726299	136.714801	65.340451	44.826359	44.826359	141.890810	62.793827	45.488670	45.488670	137.155978	64.663098
882	46.462742	46.462742	132.272945	67.462075	44.282077	44.282077	146.456986	61.278199	45.831322	45.831322	136.789588	65.640941
883	46.168208	46.168208	134.288201	66.609481	45.077524	45.077524	140.702868	63.499475	45.927146	45.927146	136.109131	65.915709
884	45.774578	45.774578	136.688598	65.478498	46.074751	46.074751	135.391579	66.340085	45.973077	45.973077	134.998013	66.047620
885	46.884662	46.884662	130.600190	68.692861	45.846778	45.846778	136.186202	65.685221	45.867591	45.867591	135.895431	65.744873
886	46.202493	46.202493	134.425941	66.708449	45.727074	45.727074	136.568377	65.342664	46.729575	46.729575	130.951817	68.239162
887	45.972232	45.972232	135.013974	66.045190	46.176427	46.176427	134.064517	66.633199	46.128010	46.128010	134.060807	66.493542
888	46.307554	46.307554	134.053636	67.012173	45.044149	45.044149	141.202164	63.405481	46.416228	46.416228	133.390796	67.327069
889	46.063544	46.063544	135.052997	66.307815	46.131277	46.131277	134.809275	66.502959	45.370366	45.370366	138.659799	64.327190
890	45.745379	45.745379	136.760806	65.394990	45.370421	45.370421	138.636226	64.327348	46.014420	46.014420	134.973642	66.166463
891	46.263705	46.263705	133.751431	66.885325	46.195996	46.195996	133.912603	66.689690	45.302033	45.302033	139.420653	64.133568
892	46.042497	46.042497	136.104178	66.247235	46.618587	46.618587	131.436048	67.915396	45.013709	45.013709	140.888982	63.319813
893	45.470542	45.470542	138.794742	64.611567	46.293927	46.293927	133.160890	66.972739	45.989207	45.989207	135.031605	66.093973
894	45.784056	45.784056	136.188327	65.505618	46.845001	46.845001	131.204248	68.576692	45.781221	45.781221	136.199264	65.497506
895	46.994349	46.994349	129.417807	69.014650	46.006114	46.006114	135.277888	66.142580	45.047293	45.047293	141.033350	63.414332
896	46.730863	46.730863	130.927547	68.242924	45.032967	45.032967	140.625691	63.374004	44.441258	44.441258	144.140469	61.719544
897	45.341428	45.341428	139.756987	64.245158	46.480373	46.480373	132.064600	67.513284	45.547339	45.547339	137.957570	64.830003
898	45.551622	45.551622	137.654213	64.842197	46.801980	46.801980	130.763795	68.450791	45.508241	45.508241	138.482517	64.718750
899	45.803353	45.803353	136.629939	65.560849	47.007371	47.007371	129.626915	69.052903	45.911934	45.911934	136.029361	65.872053
900	45.412073	45.412073	137.699558	64.445511	46.820980	46.820980	130.655544	68.506381	46.365103	46.365103	133.483591	67.178836
901	45.160320	45.160320	140.009869	63.732953	46.231189	46.231189	133.674022	66.791340	46.184760	46.184760	134.626890	66.657251
902	45.740340	45.740340	136.395903	65.380585	46.188373	46.188373	134.482965	66.667682	45.848291	45.848291	136.258620	65.689554
903	46.055659	46.055659	135.342498	66.285118	45.437118	45.437118	138.102653	64.516615	46.329489	46.329489	132.821522	67.075675
904	45.676885	45.676885	137.747998	65.199308	44.959526	44.959526	141.732940	63.167467	46.110228	46.110228	134.079030	66.442286
905	45.167136	45.167136	140.200023	63.752193	46.212090	46.212090	133.270573	66.736166	46.020323	46.020323	135.076318	66.183443
906	44.945709	44.945709	141.960846	63.128648	45.686889	45.686889	136.925370	65.227870	47.826840	47.826840	125.068750	71.481456
907	45.275296	45.275296	139.392369	64.057888	46.649942	46.649942	130.841040	68.006783	45.918616	45.918616	135.014075	65.891227
908	45.874754	45.874754	135.625966	65.765409	45.780465	45.780465	136.036841	65.495343	46.149159	46.149159	133.876786	66.554528
909	46.287138	46.287138	133.246888	66.953098	45.383682	45.383682	138.498227	64.364957	46.691090	46.691090	131.186418	68.126808
910	46.885487	46.885487	130.919677	68.695279	46.012922	46.012922	135.183850	66.162156	46.103376	46.103376	134.771749	66.422539
911	45.861736	45.861736	135.549599	65.728087	45.192581	45.192581	139.712060	63.824042	45.276239	45.276239	138.818294	64.060557
912	45.856806	45.856806	135.419524	65.713959	44.980754	44.980754	141.839602	63.227131	45.715895	45.715895	136.779059	65.310720
913	45.543427	45.543427	137.625623	64.818868	44.831081	44.831081	142.616152	62.807057	46.146810	46.146810	134.414405	66.547752
914	46.033493	46.033493	134.400664	66.221328	46.253425	46.253425	133.614345	66.855605	45.058788	45.058788	140.791139	63.446699
915	46.553880	46.553880	131.970756	67.726992	45.642056	45.642056	137.576055	65.099915	45.181972	45.181972	140.009200	63.794081
916	46.066868	46.066868	134.531879	66.317385	45.657328	45.657328	136.872064	65.143488	45.499015	45.499015	137.941360	64.692511
917	46.461345	46.461345	133.453036	67.458018	45.935890	45.935890	135.614425	65.940812	45.266678	45.266678	139.901835	64.033504
918	46.186089	46.186089	133.646507	66.661089	45.615541	45.615541	137.105111	65.024298	44.397480	44.397480	144.873286	61.598008
919	45.776291	45.776291	136.606501	65.483402	45.291504	45.291504	138.813506	64.103761	45.718654	45.718654	136.854441	65.318604
920	45.116424	45.116424	140.912594	63.609116	45.933392	45.933392	136.031662	65.933641	45.504781	45.504781	138.087864	64.708909
921	44.686885	44.686885	143.808658	62.403679	45.773206	45.773206	136.143312	65.474575	45.307425	45.307425	139.646287	64.148838
922	45.007532	45.007532	140.756401	63.302434	46.762848	46.762848	130.347807	68.336374	45.946429	45.946429	135.176236	65.971073
923	45.825253	45.825253	136.116648	65.623556	45.590630	45.590630	137.347022	64.953299	45.663917	45.663917	137.857158	65.162291
924	45.343527	45.343527	139.415669	64.251107	45.584725	45.584725	137.731434	64.936474	45.554549	45.554549	137.653337	64.850530
925	45.558946	45.558946	137.770601	64.863048	46.442106	46.442106	132.573329	67.402163	45.206373	45.206373	140.436435	63.863004
926	45.828627	45.828627	136.386839	65.633219	46.263453	46.263453	133.400183	66.884597	45.039738	45.039738	141.103806	63.393061
927	46.327511	46.327511	133.910222	67.069946	46.543766	46.543766	131.784897	67.697566	45.311400	45.311400	139.630746	64.160094
928	46.318968	46.318968	133.273657	67.045214	47.226408	47.226408	127.804456	69.697926	45.928435	45.928435	136.062714	65.919411
929	46.475604	46.475604	132.691998	67.499431	46.626240	46.626240	132.223086	67.937694	44.997454	44.997454	140.937339	63.274090
930	45.558440	45.558440	137.912601	64.861608	46.836156	46.836156	130.012872	68.550797	45.361565	45.361565	139.345691	64.302237
931	45.019374	45.019374	140.815210	63.335751	46.435151	46.435151	132.731444	67.381977	45.136597	45.136597	140.776419	63.666013
932	45.976508	45.976508	135.086415	66.057479	46.111466	46.111466	134.148032	66.445853	45.088111	45.088111	140.978834	63.529305
933	46.923850	46.923850	129.655614	68.807742	46.226643	46.226643	134.665131	66.778205	45.446713	45.446713	138.087161	64.543866
934	45.988759	45.988759	135.058312	66.092685	45.909346	45.909346	136.102381	65.864626	45.650889	45.650889	137.182164	65.125115
935	45.875914	45.875914	136.093974	65.768735	45.143050	45.143050	139.917218	63.684218	46.265168	46.265168	133.579877	66.889556
936	45.088339	45.088339	140.494428	63.529947	45.749569	45.749569	135.965611	65.406970	45.757956	45.757956	136.872656	65.430956
937	45.306990	45.306990	139.093161	64.147604	45.799321	45.799321	136.401392	65.549307	46.139845	46.139845	133.839277	66.527664
938	44.965923	44.965923	141.414977	63.185446	45.966739	45.966739	135.345170	66.029408	44.939343	44.939343	141.245990	63.110767
939	45.659284	45.659284	137.198395	65.149068	45.434473	45.434473	137.837023	64.509104	44.449501	44.449501	144.435064	61.742443
940	45.506149	45.506149	138.172461	64.712800	46.288872	46.288872	132.790774	66.958116	46.557240	46.557240	132.295445	67.736768
941	45.776704	45.776704	136.652048	65.484583	46.253683	46.253683	134.250993	66.856350	45.761126	45.761126	136.773221	65.440022
942	45.424657	45.424657	138.320595	64.481234	45.603790	45.603790	137.178599	64.990801	45.953019	45.953019	135.830394	65.990000
943	46.267054	46.267054	133.018779	66.895008	46.011917	46.011917	134.112615	66.159267	45.741904	45.741904	137.028698	65.385056
944	45.150791	45.150791	139.560145	63.706061	45.502211	45.502211	137.782480	64.701600	45.842127	45.842127	136.010703	65.671893
945	45.383538	45.383538	139.095256	64.364546	46.295362	46.295362	133.007879	66.976893	46.211379	46.211379	134.316020	66.734111
946	46.201125	46.201125	134.110102	66.704498	45.453289	45.453289	138.733212	64.562547	45.521816	45.521816	138.405637	64.757367
947	44.486153	44.486153	144.868026	61.844306	45.845006	45.845006	136.878517	65.680142	45.495570	45.495570	138.050268	64.682714
948	44.756822	44.756822	142.660716	62.599159	45.794807	45.794807	135.942197	65.536386	46.009125	46.009125	136.252373	66.151237
949	45.539243	45.539243	138.211933	64.806957	45.960777	45.960777	135.776050	66.012283	45.766697	45.766697	136.021807	65.455955
950	45.225794	45.225794	139.454787	63.917890	46.602067	46.602067	132.078731	67.867271	45.836940	45.836940	136.119451	65.657033
951	44.553423	44.553423	144.224024	62.031485	46.945396	46.945396	129.239256	68.870944	45.961759	45.961759	134.966276	66.015102
952	45.101525	45.101525	139.960969	63.567111	46.239154	46.239154	133.940732	66.814355	45.738241	45.738241	136.834109	65.374585
953	45.618060	45.618060	137.430942	65.031482	45.992036	45.992036	134.781997	66.102105	46.008250	46.008250	135.506226	66.148722
954	45.713691	45.713691	136.556774	65.304423	47.851590	47.851590	125.266748	71.555457	45.450098	45.450098	138.699095	64.553482
955	46.022374	46.022374	135.064056	66.189340	46.561504	46.561504	132.050379	67.749176	46.460807	46.460807	132.797941	67.456455
956	46.217989	46.217989	134.170611	66.753203	47.341787	47.341787	127.256993	70.038900	46.122721	46.122721	133.532967	66.478294
957	46.666110	46.666110	131.074870	68.053932	45.384625	45.384625	138.363333	64.367632	45.644609	45.644609	136.989252	65.107197
958	46.380851	46.380851	133.871259	67.224480	45.475095	45.475095	138.415835	64.624508	45.966675	45.966675	134.812892	66.029225
959	46.567280	46.567280	131.751317	67.765986	45.453605	45.453605	138.520431	64.563443	46.139329	46.139329	134.787380	66.526177
960	45.839910	45.839910	136.388563	65.665543	45.893365	45.893365	135.305531	65.818781	46.396040	46.396040	132.597623	67.268516
961	45.757246	45.757246	136.699194	65.428923	46.059878	46.059878	135.785937	66.297260	46.898770	46.898770	130.497393	68.734206
962	46.142237	46.142237	135.082641	66.534564	46.190645	46.190645	133.887646	66.674241	46.272653	46.272653	133.286562	66.911200
963	45.587901	45.587901	137.622761	64.945523	46.332297	46.332297	133.579417	67.083805	47.136743	47.136743	128.936466	69.433517
964	46.105068	46.105068	134.006969	66.427415	46.460001	46.460001	132.756649	67.454117	45.786633	45.786633	136.228163	65.512992
965	46.017697	46.017697	135.181929	66.175889	46.046142	46.046142	134.812578	66.257724	47.161833	47.161833	128.977398	69.507453
966	45.760225	45.760225	136.182406	65.437444	46.429309	46.429309	132.618291	67.365023	46.327512	46.327512	132.987851	67.069949
967	46.193491	46.193491	133.688081	66.682456	46.711243	46.711243	131.314707	68.185632	45.341032	45.341032	138.986772	64.244037
968	46.957953	46.957953	130.048656	68.907793	46.923928	46.923928	129.972722	68.807968	44.303219	44.303219	145.420231	61.336727
969	46.993065	46.993065	129.864880	69.010879	46.471074	46.471074	132.567827	67.486273	45.494504	45.494504	137.559690	64.679684
970	45.974361	45.974361	136.007298	66.051308	46.474629	46.474629	131.774360	67.496598	45.713055	45.713055	136.694514	65.302606
971	46.419181	46.419181	133.038071	67.335636	46.861337	46.861337	131.028381	68.624529	45.624427	45.624427	137.383729	65.049635
972	46.264586	46.264586	133.672247	66.887873	46.514442	46.514442	132.675391	67.612291	46.155500	46.155500	134.400234	66.572818
973	46.125140	46.125140	134.471500	66.485267	45.685298	45.685298	136.725695	65.223328	46.860765	46.860765	130.091997	68.622853
974	45.212228	45.212228	139.435082	63.879547	45.515135	45.515135	138.197851	64.738360	46.563253	46.563253	131.852936	67.754266
975	46.141632	46.141632	134.207603	66.532820	45.627865	45.627865	137.284822	65.059440	46.661303	46.661303	132.107017	68.039913
976	45.855351	45.855351	135.873163	65.709789	46.207246	46.207246	133.903923	66.722174	46.527634	46.527634	132.085584	67.650649
977	45.949991	45.949991	135.596588	65.981302	45.483396	45.483396	138.074683	64.648103	45.397303	45.397303	138.586739	64.403599
978	45.865408	45.865408	135.929134	65.738614	45.569976	45.569976	137.539479	64.894460	45.809167	45.809167	136.189286	65.577494
979	45.466129	45.466129	138.112663	64.599029	45.447706	45.447706	138.253881	64.546686	45.723145	45.723145	136.583837	65.331437
980	45.118731	45.118731	139.747984	63.615623	46.345833	46.345833	133.434408	67.123007	44.987410	44.987410	141.283377	63.245846
981	45.692030	45.692030	137.556847	65.242549	45.610761	45.610761	138.345073	65.010672	44.765375	44.765375	142.181668	62.623088
982	45.775088	45.775088	135.698785	65.479958	45.554446	45.554446	137.858216	64.850236	44.850868	44.850868	141.747451	62.862510
983	45.336800	45.336800	139.313038	64.232044	45.740778	45.740778	137.217647	65.381835	45.278805	45.278805	139.965883	64.067818
984	45.258662	45.258662	139.488106	64.010829	45.500243	45.500243	137.310811	64.696004	46.176626	46.176626	134.681374	66.633775
985	45.174380	45.174380	140.159914	63.772643	45.785854	45.785854	136.565506	65.510763	46.212669	46.212669	134.518081	66.737836
986	45.789881	45.789881	136.726590	65.522288	45.750690	45.750690	136.435386	65.410177	45.722670	45.722670	135.946398	65.330079
987	45.220446	45.220446	140.378740	63.902772	45.042369	45.042369	140.670741	63.400469	46.396520	46.396520	132.525624	67.269908
988	45.307023	45.307023	138.691148	64.147697	45.510763	45.510763	137.839372	64.725923	44.831902	44.831902	142.785434	62.809358
989	46.103110	46.103110	134.218383	66.421774	45.576131	45.576131	138.303142	64.911992	45.130729	45.130729	139.797048	63.649459
990	45.733939	45.733939	137.190955	65.362286	45.564228	45.564228	138.279950	64.878089	44.861834	44.861834	143.105671	62.893254
991	45.910791	45.910791	135.752773	65.868774	45.487249	45.487249	138.690430	64.659058	44.943737	44.943737	142.563588	63.123110
992	46.236267	46.236267	133.054986	66.806012	44.697705	44.697705	142.111118	62.433900	46.362052	46.362052	133.088553	67.169996
993	46.286582	46.286582	133.078176	66.951491	46.220964	46.220964	133.713812	66.761798	45.467111	45.467111	138.814344	64.601818
994	46.123731	46.123731	134.022902	66.481206	46.413728	46.413728	132.648288	67.319817	45.080423	45.080423	140.984595	63.507641
995	46.167182	46.167182	134.970071	66.606523	45.656971	45.656971	137.120636	65.142470	45.023208	45.023208	140.641060	63.346540
996	46.070345	46.070345	135.083584	66.327395	47.388203	47.388203	127.902933	70.176305	46.030677	46.030677	135.638662	66.213225
997	45.347891	45.347891	139.710318	64.263475	46.471478	46.471478	131.440837	67.487446	45.732413	45.732413	135.983676	65.357925
998	45.718730	45.718730	136.350909	65.318822	46.377967	46.377967	133.301416	67.216120	45.750646	45.750646	136.618548	65.410050
999	45.974722	45.974722	135.432695	66.052347	45.397221	45.397221	138.235432	64.403363	46.129846	46.129846	134.472399	66.498834
1000	46.470956	46.470956	132.578074	67.485930	45.736710	45.736710	136.790274	65.370209	46.067382	46.067382	135.006478	66.318866
